feature_family,held_support_configuration,bond_index,atom_i,atom_j,distance_A,target_delta_minimum_norm_tension_meV_A,remaining_repair_minimum_norm_tension_meV_A,LOCO_router_score,LOCO_router_threshold,LOCO_router_active,LOCO_tension_prediction_meV_A
mace_invariants,94,0,0,36,1.3910826091423445,855.4704186252885,24.11510661061057,0.6608744250014573,0.7259589800573527,0,-38.01168877309133
mace_invariants,94,1,0,41,1.4226454570369447,1203.9847919740243,-18.15975007134992,0.5958640223806824,0.7259589800573527,0,-15.0309588753231
mace_invariants,94,2,0,71,1.4972993441168152,725.2194793780524,28.40485318353327,0.5592330106327746,0.7259589800573527,0,-16.571842444308068
mace_invariants,94,3,1,36,1.3733004800723627,587.7800713249309,2.358286941453576,0.4466173556645031,0.7259589800573527,0,-18.531011523423704
mace_invariants,94,4,1,37,1.4205248973080284,1360.6828287518695,52.19472287765439,0.3003643184898642,0.7259589800573527,0,78.78101137738423
mace_invariants,94,5,1,66,1.5862276990373492,-818.2929406113866,-52.10923866755747,0.2386317706401078,0.7259589800573527,0,-1.308578924545074
mace_invariants,94,6,2,37,1.5110807960941954,499.70633959013355,-0.05410485409540998,0.4626186495562142,0.7259589800573527,0,19.127648401054977
mace_invariants,94,7,2,38,1.4299303839246404,1058.6083563892425,-3.824184651162174,0.504133819122879,0.7259589800573527,0,48.48348264458429
mace_invariants,94,8,2,67,1.402797054080899,1319.9564595362715,13.664554304621985,0.5299039010420786,0.7259589800573527,0,31.14036014772725
mace_invariants,94,9,3,38,1.5037165072873289,523.3785951569861,-10.199698090710044,0.5264520898881859,0.7259589800573527,0,36.43066977479349
mace_invariants,94,10,3,39,1.4030662531953084,1364.4174559519056,17.853616057073193,0.5882372347984859,0.7259589800573527,0,-7.569508779302922
mace_invariants,94,11,3,68,1.4729952382035687,980.3590589448697,-10.050084985211628,0.552043033070436,0.7259589800573527,0,-36.81476704104884
mace_invariants,94,12,4,39,1.4282564842932257,930.8839274308514,16.64462286115928,0.4566305681421875,0.7259589800573527,0,-7.751752152835046
mace_invariants,94,13,4,40,1.4124189370887088,1114.4569878959664,-3.918842466620158,0.4938640894323333,0.7259589800573527,0,42.01948689276717
mace_invariants,94,14,4,69,1.4024234838904601,1258.5286738009816,10.086795946462829,0.4514773481343132,0.7259589800573527,0,17.561547754772747
mace_invariants,94,15,5,40,1.3421399896087025,439.13392383603826,15.229096592397754,0.7123314555610196,0.7259589800573527,0,-0.035242112839394935
mace_invariants,94,16,5,41,1.4684663752195157,1013.3360545925651,13.439052660242295,0.6530402543477729,0.7259589800573527,0,14.693504552506102
mace_invariants,94,17,5,70,1.4479660420284532,1130.9395917429545,-4.099576434804272,0.6291007521689236,0.7259589800573527,0,-14.593147200975679
mace_invariants,94,18,6,41,1.435087344722947,1316.2242181537185,9.738346992886026,0.6928768219647583,0.7259589800573527,0,10.331280331887314
mace_invariants,94,19,6,42,1.4150505067149806,1066.3064624718172,44.26985812366301,0.5723651988023724,0.7259589800573527,0,24.970072993818
mace_invariants,94,20,6,47,1.4793709409684563,903.3788152037041,16.784734300175714,0.8085032399793548,0.7259589800573527,1,-6.990716080957476
mace_invariants,94,21,7,36,1.3678498966135975,751.9519273749823,19.106999653479303,0.6803461412605484,0.7259589800573527,0,-45.89325809555468
mace_invariants,94,22,7,42,1.4114636346184672,1126.4498226044645,15.966383209720034,0.49482411547738747,0.7259589800573527,0,0.8080103189925318
mace_invariants,94,23,7,43,1.477816454646723,880.9667086705225,-5.006180419296714,0.6389687840514215,0.7259589800573527,0,-10.622811949211831
mace_invariants,94,24,8,37,1.3526949689094148,426.9685461969445,4.581002793455208,0.4736275369119582,0.7259589800573527,0,-17.727699059197487
mace_invariants,94,25,8,43,1.3973134258174358,938.0054290726339,58.56616767564994,0.5785032168774702,0.7259589800573527,0,75.78725212426909
mace_invariants,94,26,8,44,1.3664490064738735,637.1492661684752,23.87175251251331,0.4772760044778166,0.7259589800573527,0,19.954953881392807
mace_invariants,94,27,9,38,1.3360377772378191,498.89524354959605,-1.534540978984783,0.40627246545939955,0.7259589800573527,0,17.967544139080605
mace_invariants,94,28,9,44,1.4658604777134931,981.2258602994889,-4.5756901098689875,0.3684057634585931,0.7259589800573527,0,21.638959794565334
mace_invariants,94,29,9,45,1.4500734013598335,901.0914459867382,8.203572415384295,0.4836696700490055,0.7259589800573527,0,-26.42610170431806
mace_invariants,94,30,10,39,1.512805124826537,348.4905483354954,-8.187301657612364,0.6293545174045536,0.7259589800573527,0,-31.214783357130585
mace_invariants,94,31,10,45,1.4019351760126055,1243.6258470042176,14.285893765600896,0.6449665770838596,0.7259589800573527,0,-0.2910334728869479
mace_invariants,94,32,10,46,1.4190292190170481,1426.969638677649,0.7633921059962273,0.5733930459448074,0.7259589800573527,0,-26.57513262908033
mace_invariants,94,33,11,40,1.4494715879207785,943.5794268776751,-15.725688941243183,0.6839140932293721,0.7259589800573527,0,14.38349644147183
mace_invariants,94,34,11,46,1.450259628940738,1143.339515096652,2.6613496121876254,0.5907191004794802,0.7259589800573527,0,2.876231289486393
mace_invariants,94,35,11,47,1.4205115775485926,1252.6804291151536,4.561385941847766,0.7402493100307219,0.7259589800573527,1,17.01665617127117
mace_invariants,94,36,12,47,1.4319351561503288,1003.4367394390069,-33.15805196651742,0.7869624108866056,0.7259589800573527,1,5.1312562189582795
mace_invariants,94,37,12,48,1.3747221988294773,804.0551340373679,-18.066097237018745,0.6860200124911177,0.7259589800573527,0,-28.42916193806402
mace_invariants,94,38,12,53,1.4833054609982357,870.4305873529894,-10.261288172583242,0.6661354660700949,0.7259589800573527,0,-12.401669466373443
mace_invariants,94,39,13,42,1.400874009011166,1070.012051404186,-3.1693241951733473,0.4946438078060208,0.7259589800573527,0,37.30767473471601
mace_invariants,94,40,13,48,1.4994883272757629,593.6837686253443,-0.9046197739207164,0.6298394505875153,0.7259589800573527,0,-28.231137935996617
mace_invariants,94,41,13,49,1.43566683057242,958.2220935157133,23.215352202086578,0.6449118045370338,0.7259589800573527,0,-9.903460289883736
mace_invariants,94,42,14,43,1.44549195172947,1278.161841721242,0.8003825193774288,0.6110938775365731,0.7259589800573527,0,48.877140999330145
mace_invariants,94,43,14,49,1.4263398774721714,1046.5089252670957,19.734122604584527,0.6172172056935521,0.7259589800573527,0,24.785193730171372
mace_invariants,94,44,14,50,1.3407454143611117,347.7934041333829,32.89392171994081,0.46055475835276916,0.7259589800573527,0,57.59127257611931
mace_invariants,94,45,15,44,1.496603675661056,705.24918713762,19.30711327965133,0.44696184506093906,0.7259589800573527,0,-10.095996762582734
mace_invariants,94,46,15,50,1.5146188469618211,473.16156735259773,-15.36295888605798,0.3976499382767887,0.7259589800573527,0,35.08040806239273
mace_invariants,94,47,15,51,1.4160443200756212,971.1274407489202,-42.81224600774463,0.5548138046873079,0.7259589800573527,0,1.3185030903129658
mace_invariants,94,48,16,45,1.3707324767622397,732.3722695465802,-23.316551614659737,0.7437000463665366,0.7259589800573527,1,-12.766850049377393
mace_invariants,94,49,16,51,1.4374983791935803,1101.3968700691078,-11.607955437606313,0.7362880994024931,0.7259589800573527,1,37.263337016756566
mace_invariants,94,50,16,52,1.457527728350745,1137.8349655783318,-18.040268411334235,0.6049449530349466,0.7259589800573527,0,-0.6584206660333702
mace_invariants,94,51,17,46,1.4271945033535822,961.7687652830955,-41.532112650524695,0.4579017930974281,0.7259589800573527,0,-10.496659062745813
mace_invariants,94,52,17,52,1.4192501876847963,1025.1921481796576,-6.020010894761878,0.3907202309048902,0.7259589800573527,0,1.542829332689011
mace_invariants,94,53,17,53,1.4054774701200734,998.9401751557918,-13.060366354470874,0.4866050578321591,0.7259589800573527,0,-0.45364549902429374
mace_invariants,94,54,18,53,1.4125083655224295,1128.120698305994,-37.69403958448494,0.6510228318512776,0.7259589800573527,0,-12.460817252220208
mace_invariants,94,55,18,54,1.401360932569208,1090.2577272170065,-14.999472860318658,0.5932464395484095,0.7259589800573527,0,-4.203660478283123
mace_invariants,94,56,18,59,1.4726022443596138,876.6588599667203,-39.92399598333635,0.8340807989451617,0.7259589800573527,1,-42.98311275839754
mace_invariants,94,57,19,48,1.4154163793725598,1269.199888996727,-4.135525086503922,0.6787200193876802,0.7259589800573527,0,-15.777203246409492
mace_invariants,94,58,19,54,1.4631381105047145,1044.1267415852358,-5.593277377308647,0.6010590806637892,0.7259589800573527,0,-44.8328542165005
mace_invariants,94,59,19,55,1.373679486902283,911.9229375114276,-0.32338155427370785,0.5712971191687973,0.7259589800573527,0,66.19398923239208
mace_invariants,94,60,20,49,1.3758587684781813,780.8175927701261,31.678931556078926,0.6057934891359593,0.7259589800573527,0,69.93136455408882
mace_invariants,94,61,20,55,1.3435790312786378,437.5010333232383,36.76537467376276,0.48329823496755797,0.7259589800573527,0,34.96768280666543
mace_invariants,94,62,20,56,1.4561562442566156,977.5031844867035,15.025973766775568,0.4216410553111595,0.7259589800573527,0,23.017070964511966
mace_invariants,94,63,21,50,1.3662617455748776,671.0173180063588,19.32544892350448,0.48601689898327916,0.7259589800573527,0,43.51276217591261
mace_invariants,94,64,21,56,1.45299459756637,1083.545564516649,39.3520883435306,0.4585269124992622,0.7259589800573527,0,-65.95197234699344
mace_invariants,94,65,21,57,1.4864206457535838,773.7583916101049,-6.789903318543194,0.63945434257513,0.7259589800573527,0,-22.718317748487173
mace_invariants,94,66,22,51,1.333348821078626,241.10755562537034,-20.926043725148233,0.7014241624004628,0.7259589800573527,0,-4.013126706397724
mace_invariants,94,67,22,57,1.4392385686925124,1261.4800763814073,-6.600283216359124,0.6976977395817944,0.7259589800573527,0,0.38103782941539555
mace_invariants,94,68,22,58,1.4490732350006528,1045.3503059296752,-23.32583050107784,0.6358475990912067,0.7259589800573527,0,0.7639202518953683
mace_invariants,94,69,23,52,1.4094316986697775,1087.6916683904815,-25.30534549226623,0.512423879829709,0.7259589800573527,0,0.8707421177590091
mace_invariants,94,70,23,58,1.4044997888009438,1105.5124682648202,-36.092624647628384,0.5781904628879995,0.7259589800573527,0,15.484536525670716
mace_invariants,94,71,23,59,1.4399494329129614,1012.4759547892055,-37.77313130720163,0.791366673850862,0.7259589800573527,1,-59.850817475957406
mace_invariants,94,72,24,59,1.4500545237232507,1146.7006404116717,-13.434199641261106,0.8590428585777746,0.7259589800573527,1,-35.49929882226032
mace_invariants,94,73,24,60,1.4857509766468695,692.1983381096279,1.8790892726409085,0.6834091581204842,0.7259589800573527,0,2.9067459963995983
mace_invariants,94,74,24,65,1.4183908873987212,1020.8447269304213,-12.683692161020412,0.6804454509655782,0.7259589800573527,0,26.568101837528705
mace_invariants,94,75,25,54,1.4144132311987314,1124.747018248102,-22.78744207676742,0.5343623961335338,0.7259589800573527,0,7.624995976038501
mace_invariants,94,76,25,60,1.3550443817569098,680.8063179297761,36.44580979074419,0.5995630550729955,0.7259589800573527,0,7.655995870163528
mace_invariants,94,77,25,61,1.4641228847501944,789.86442400957,21.70182596371108,0.5766356039256166,0.7259589800573527,0,-8.240176797257021
mace_invariants,94,78,26,55,1.5011237332547276,610.051654201971,7.356787027423659,0.32601208479374266,0.7259589800573527,0,20.53219976662717
mace_invariants,94,79,26,61,1.388735250411863,1141.5152838308272,21.50356066238012,0.39804725408081754,0.7259589800573527,0,-68.36569718227122
mace_invariants,94,80,26,62,1.4763609791364147,753.6799752606303,12.95093493748282,0.3066170015128754,0.7259589800573527,0,2.2710335864370723
mace_invariants,94,81,27,56,1.4208606499921896,1139.189511141429,30.936712772917797,0.34715572426553326,0.7259589800573527,0,-14.206499900729051
mace_invariants,94,82,27,62,1.3281742144562902,-96.02090247305306,-2.4691600374294116,0.38941782064106445,0.7259589800573527,0,-23.85740930591188
mace_invariants,94,83,27,63,1.480265447680916,828.2006984895313,10.499314409337446,0.5336947500675095,0.7259589800573527,0,-20.263746725920363
mace_invariants,94,84,28,57,1.3643409548128618,670.0612345766261,11.69721384861306,0.6162320013301859,0.7259589800573527,0,17.18293697353282
mace_invariants,94,85,28,63,1.3877845747513935,969.2631002861136,20.018433865778878,0.6218435970562946,0.7259589800573527,0,-32.334326719251145
mace_invariants,94,86,28,64,1.4191047664993053,1072.1188674109007,-13.378971787819625,0.4537484624057797,0.7259589800573527,0,-42.98607239198486
mace_invariants,94,87,29,58,1.4516470406277315,987.3346340934621,-33.60518279216938,0.535981034665306,0.7259589800573527,0,1.7024969922010396
mace_invariants,94,88,29,64,1.3932753600365706,1078.490750138696,-23.77783993750648,0.4353476362314874,0.7259589800573527,0,-23.003562756629385
mace_invariants,94,89,29,65,1.4183361444606206,1052.9195919345539,-12.414562477230318,0.570559838015972,0.7259589800573527,0,-11.894545796588519
mace_invariants,94,90,30,65,1.3874304765600594,1012.0145262043909,-12.174579046570798,0.5428317697064415,0.7259589800573527,0,6.335305971955686
mace_invariants,94,91,30,66,1.4469675523428345,1102.9092051488135,25.132965151858407,0.4005965546230479,0.7259589800573527,0,20.22500494047943
mace_invariants,94,92,30,71,1.4628849171799836,962.0623237913957,28.752003287136105,0.5069407252787606,0.7259589800573527,0,-34.70115019718471
mace_invariants,94,93,31,60,1.4533968075619281,901.5250503325984,-1.5496007497118152,0.5240480079966878,0.7259589800573527,0,87.98175065131562
mace_invariants,94,94,31,66,1.3567595014175782,733.6029720616723,53.42145934407343,0.3788490857583882,0.7259589800573527,0,65.80934179716243
mace_invariants,94,95,31,67,1.3470094404985156,333.1557546456169,-30.87347243859631,0.5078668850940091,0.7259589800573527,0,46.6588763165705
mace_invariants,94,96,32,61,1.4237382996860175,1134.0243894860284,24.176755861175995,0.5556253413331226,0.7259589800573527,0,-14.444433653518756
mace_invariants,94,97,32,67,1.4742746372600655,844.179578111899,-11.870722589491601,0.5623716695778226,0.7259589800573527,0,-24.684247105025932
mace_invariants,94,98,32,68,1.3674506281921135,845.4031212483733,19.941503392964897,0.5621925308408731,0.7259589800573527,0,-17.47954485292243
mace_invariants,94,99,33,62,1.3828741504948483,1029.6383449262294,0.943466342974937,0.5127393334527541,0.7259589800573527,0,40.873649960213136
mace_invariants,94,100,33,68,1.4064363930713153,1110.4841670274313,2.3666123887438144,0.6107367755284467,0.7259589800573527,0,-27.913563627270307
mace_invariants,94,101,33,69,1.4846895419231463,801.6228963290986,-1.474676592078561,0.6417777572486223,0.7259589800573527,0,-16.546052389111225
mace_invariants,94,102,34,63,1.3771809475772032,1006.6262168806363,5.924507145515321,0.6356440087464117,0.7259589800573527,0,-32.47568327275417
mace_invariants,94,103,34,69,1.4534300053205425,922.494939894831,-7.514809578960876,0.6204055031158346,0.7259589800573527,0,-3.2791070097920967
mace_invariants,94,104,34,70,1.4745318642219176,919.4903609051387,9.07130908361704,0.5795615410217587,0.7259589800573527,0,17.21095854249033
mace_invariants,94,105,35,64,1.4602014177793732,1136.8235551373427,8.131928041955959,0.36722420668088723,0.7259589800573527,0,111.9933635147967
mace_invariants,94,106,35,70,1.341040769203884,353.2553390855539,-3.240767241502092,0.47923687360674916,0.7259589800573527,0,54.84257330206569
mace_invariants,94,107,35,71,1.3624367392858336,603.9722478899301,5.3601838467744445,0.46654536403769076,0.7259589800573527,0,106.46941531402723
mace_invariants,65,0,0,36,1.4622436022949392,1056.6072441230383,-16.11183915552572,0.4545081082026216,0.7265217473865454,0,15.677001894675936
mace_invariants,65,1,0,41,1.442485067575715,1115.8583237674889,-1.0566285942082283,0.6162178756312948,0.7265217473865454,0,-9.713699746431093
mace_invariants,65,2,0,71,1.3898080435681002,1009.3716108655952,-46.54153935078407,0.6604427298786055,0.7265217473865454,0,-3.271185427053874
mace_invariants,65,3,1,36,1.3198933492284028,-85.81062713413878,-105.24774366694007,0.45791291465482725,0.7265217473865454,0,1.6220825695521786
mace_invariants,65,4,1,37,1.4917086605498664,828.7385625310537,-2.656690979592549,0.5111810976253,0.7265217473865454,0,-2.807395143314137
mace_invariants,65,5,1,66,1.399776704928703,881.0668491114209,-4.124364955207738,0.5256927595345311,0.7265217473865454,0,31.800811517424954
mace_invariants,65,6,2,37,1.4658647049579165,1715.2990221679945,68.00250349780707,0.42559001825097487,0.7265217473865454,0,-24.343775418309505
mace_invariants,65,7,2,38,1.4979433143666026,896.9727686995093,0.8725776310056776,0.45546844778131906,0.7265217473865454,0,-7.911335246327154
mace_invariants,65,8,2,67,1.400968195847968,1033.7215145601197,-38.35157625386673,0.5295636940576076,0.7265217473865454,0,-29.995662743691142
mace_invariants,65,9,3,38,1.3118625119806846,-330.6214883911708,-66.48161781336307,0.3877162687210001,0.7265217473865454,0,-25.672939934723466
mace_invariants,65,10,3,39,1.4290786076401183,1037.2902068992528,1.4932279891884341,0.3839548085695477,0.7265217473865454,0,8.302761884621018
mace_invariants,65,11,3,68,1.457525015179946,1145.9315150413174,-53.23168665485422,0.4329414257165626,0.7265217473865454,0,11.890805837481075
mace_invariants,65,12,4,39,1.4443060089054314,1178.1604454205162,-13.931502342054037,0.5704927612150691,0.7265217473865454,0,40.859711095065265
mace_invariants,65,13,4,40,1.4574032943381332,1057.030249872798,6.053994846873996,0.6033831216517482,0.7265217473865454,0,19.98189644283027
mace_invariants,65,14,4,69,1.4366700772715324,1174.6456996675495,-5.191527800513841,0.7954946705330237,0.7265217473865454,1,8.66242911572372
mace_invariants,65,15,5,40,1.4243779819184519,1185.0431863941826,4.054858228411104,0.6379913341738896,0.7265217473865454,0,-21.375963408926395
mace_invariants,65,16,5,41,1.3959560347626712,1158.7320761124213,-28.797080649841998,0.6874255888165193,0.7265217473865454,0,-17.732330195216598
mace_invariants,65,17,5,70,1.4972169285577346,644.9821894395961,-31.977575342993365,0.729814328384378,0.7265217473865454,1,-26.94259858814322
mace_invariants,65,18,6,41,1.390050777285507,985.3629953137173,8.167916518174478,0.6401044130887048,0.7265217473865454,0,-2.8161480800733516
mace_invariants,65,19,6,42,1.447806653915352,1019.2130516811649,-20.800662991635146,0.5276648913608694,0.7265217473865454,0,8.19576081173052
mace_invariants,65,20,6,47,1.420916595401595,1197.891358850472,-9.614592263437274,0.5507313865990098,0.7265217473865454,0,13.633182060052873
mace_invariants,65,21,7,36,1.4574200621561477,1220.9022361179714,-8.43216025079125,0.3035658935972305,0.7265217473865454,0,19.274326013397378
mace_invariants,65,22,7,42,1.3391327118614944,262.52419746290644,-33.52582643959488,0.3528361392980682,0.7265217473865454,0,37.27368364531492
mace_invariants,65,23,7,43,1.5360806596388827,135.5772649470304,-9.7539788408306,0.325085325560123,0.7265217473865454,0,-19.204519290975654
mace_invariants,65,24,8,37,1.3927529576364828,814.8209766493673,-17.425381920029007,0.5089107914822899,0.7265217473865454,0,-10.632299113822052
mace_invariants,65,25,8,43,1.3575630510804555,616.9064826707951,12.320871022241507,0.4771620404747098,0.7265217473865454,0,-15.734122662951892
mace_invariants,65,26,8,44,1.4002809869949857,707.5134134072866,-7.704801813542911,0.6013902763236161,0.7265217473865454,0,21.21711655160056
mace_invariants,65,27,9,38,1.374432310514095,778.7655742382271,-19.09668525431088,0.45673883972655405,0.7265217473865454,0,-4.593113191758029
mace_invariants,65,28,9,44,1.5510591645991127,-221.2536466682144,-33.48565547872133,0.519339895037536,0.7265217473865454,0,-48.806932073542704
mace_invariants,65,29,9,45,1.391798758476647,947.3315523580671,-19.368553204275006,0.5004843816251543,0.7265217473865454,0,-36.18281176510942
mace_invariants,65,30,10,39,1.41096963657844,1057.4372752636023,-4.557585116581067,0.5555273408406904,0.7265217473865454,0,9.858152625227303
mace_invariants,65,31,10,45,1.39229491504608,873.9663856653368,10.940008326300918,0.603034342890743,0.7265217473865454,0,-1.9139400430815217
mace_invariants,65,32,10,46,1.3576217727735305,595.9480921300222,-26.653683074527056,0.5993222154618367,0.7265217473865454,0,-7.830175842287204
mace_invariants,65,33,11,40,1.403253715282966,1105.8869709417277,-33.524942685101905,0.6780288940580719,0.7265217473865454,0,-26.2982102323911
mace_invariants,65,34,11,46,1.373419000957773,877.9630072438625,-9.670355934793324,0.688933408242539,0.7265217473865454,0,0.14240082815119415
mace_invariants,65,35,11,47,1.4515167265535731,1194.6225165105354,12.665768645893811,0.6380901222110064,0.7265217473865454,0,-13.552902596986671
mace_invariants,65,36,12,47,1.4494005910787482,1094.0309049632178,-17.833289454269533,0.5837031039760131,0.7265217473865454,0,20.399655372293367
mace_invariants,65,37,12,48,1.3949103676174117,940.2677368256797,-32.998015589765835,0.6057342644647282,0.7265217473865454,0,49.625510341128994
mace_invariants,65,38,12,53,1.4382265047970735,1250.756315548534,-3.0000251752625924,0.7246761591998769,0.7265217473865454,0,-18.66681619492701
mace_invariants,65,39,13,42,1.4668780840530653,931.7819316673703,-25.761221642805886,0.4290430583083451,0.7265217473865454,0,-2.013109067169337
mace_invariants,65,40,13,48,1.348069609005279,604.3746463866893,1.0705997095410078,0.47414071403520075,0.7265217473865454,0,44.97472594071743
mace_invariants,65,41,13,49,1.4811646067349575,1023.9079746723731,-9.65721533608289,0.5006775453775274,0.7265217473865454,0,-1.1839817445566911
mace_invariants,65,42,14,43,1.4597187099506868,983.7089135519038,-12.584659120174708,0.3466424047334637,0.7265217473865454,0,6.438787859875592
mace_invariants,65,43,14,49,1.296308069719481,-838.6584585454684,-150.73978511220784,0.4460277055405911,0.7265217473865454,0,45.93587034061302
mace_invariants,65,44,14,50,1.4432589468508916,1309.3941581003069,-38.733012681256334,0.5329391418995486,0.7265217473865454,0,-2.557852640127587
mace_invariants,65,45,15,44,1.4273916589481437,1306.452358470223,-2.198328088638568,0.43013452885061054,0.7265217473865454,0,115.38674830467075
mace_invariants,65,46,15,50,1.421472838103007,1101.9295711368143,-38.73027146552512,0.4922030301677892,0.7265217473865454,0,35.09597527406974
mace_invariants,65,47,15,51,1.4319536794719476,1042.8125470491923,-64.20802520661879,0.2525979578755157,0.7265217473865454,0,27.847678179807026
mace_invariants,65,48,16,45,1.437317563771016,1043.571450046942,-33.69353799192264,0.3677901172570056,0.7265217473865454,0,55.54718988582422
mace_invariants,65,49,16,51,1.4260731281505619,1175.7157404607383,-20.661407392341193,0.20910905969429244,0.7265217473865454,0,37.40583821563965
mace_invariants,65,50,16,52,1.422784860907071,965.2459482281876,-12.117870725981797,0.5044774112769513,0.7265217473865454,0,40.21153224815452
mace_invariants,65,51,17,46,1.4596454530905298,880.3472110800567,-20.89429233646295,0.5950224414765578,0.7265217473865454,0,23.645782108336903
mace_invariants,65,52,17,52,1.3761633050430189,797.9069875684879,-12.088834181006595,0.7354218629254098,0.7265217473865454,1,-23.83329636160098
mace_invariants,65,53,17,53,1.472432601935258,1049.4032422758921,-31.561949593845757,0.685152210668889,0.7265217473865454,0,-45.24045964525838
mace_invariants,65,54,18,53,1.381249731149028,882.6531158761768,-47.794799465952494,0.6914463835250659,0.7265217473865454,0,24.984500334491237
mace_invariants,65,55,18,54,1.46211997247719,966.6886804404594,8.28099341771009,0.5955654167793959,0.7265217473865454,0,11.135876163522378
mace_invariants,65,56,18,59,1.3577838606015133,665.9609881340938,-39.73410172458226,0.6351227030574067,0.7265217473865454,0,11.900484396966293
mace_invariants,65,57,19,48,1.4250439143849456,904.0979939633474,2.554373688177702,0.5233870376360548,0.7265217473865454,0,13.978902640637425
mace_invariants,65,58,19,54,1.519834078689076,466.45610161907086,-7.546304268844155,0.5464479656255334,0.7265217473865454,0,42.610697902316964
mace_invariants,65,59,19,55,1.3251074970658214,123.38434640866602,-23.92701872241319,0.5455852342800525,0.7265217473865454,0,18.21979106694347
mace_invariants,65,60,20,49,1.4173514219691496,980.7702992343806,-11.036914607481089,0.5105876628781464,0.7265217473865454,0,25.340565530103888
mace_invariants,65,61,20,55,1.442147562724644,963.5503732416253,-26.455806454472768,0.5062490281798175,0.7265217473865454,0,29.961418549756708
mace_invariants,65,62,20,56,1.4373484107456713,1125.9502360064234,-27.77548780038562,0.585847654080052,0.7265217473865454,0,51.18205178571148
mace_invariants,65,63,21,50,1.3689541956154991,927.9067815830806,17.004447852940274,0.7803469560656757,0.7265217473865454,1,-14.580154727917806
mace_invariants,65,64,21,56,1.4602990105821476,1115.4470658349198,-31.227456881918243,0.7686955109086239,0.7265217473865454,1,-27.53746532953683
mace_invariants,65,65,21,57,1.4114368663791956,962.9604739182076,-62.00369169114509,0.7466928233626494,0.7265217473865454,1,-39.62901055460003
mace_invariants,65,66,22,51,1.4136379006954665,1092.314606436416,-9.242357305295597,0.4562085463066099,0.7265217473865454,0,31.814206070404047
mace_invariants,65,67,22,57,1.369302900501576,991.6577366183242,-25.490123098586476,0.662159485895857,0.7265217473865454,0,-17.361114375738417
mace_invariants,65,68,22,58,1.412042226843043,1026.1136914182732,-11.338991341770459,0.561773775731504,0.7265217473865454,0,2.535126898277455
mace_invariants,65,69,23,52,1.4264893886346734,1033.502718616763,-30.861627640388985,0.7744016883087557,0.7265217473865454,1,-1.1812373082206653
mace_invariants,65,70,23,58,1.4644458410832273,892.6220586665489,-23.762059362678112,0.5845985661509909,0.7265217473865454,0,26.274857994051878
mace_invariants,65,71,23,59,1.4673312561948402,932.019861278333,-21.321184944061685,0.6678083555845757,0.7265217473865454,0,-9.492275265272513
mace_invariants,65,72,24,59,1.4711923856501437,827.7973589325651,-37.417846036546806,0.4398136380084332,0.7265217473865454,0,-4.298636759754391
mace_invariants,65,73,24,60,1.4545224991795536,1057.6146657896027,-26.96022446970036,0.3910740807875609,0.7265217473865454,0,35.42132695324227
mace_invariants,65,74,24,65,1.3175206748177444,-302.10026760763685,-125.9320517493456,0.334348769447962,0.7265217473865454,0,12.183440762272502
mace_invariants,65,75,25,54,1.4214568553458007,1201.0496772187191,-0.2714396606286629,0.5688826549029252,0.7265217473865454,0,22.75123580793204
mace_invariants,65,76,25,60,1.3929200767497565,1002.4340693762597,-32.41384738093902,0.5597003839600638,0.7265217473865454,0,6.493839631614998
mace_invariants,65,77,25,61,1.3869632124476805,875.6666574393352,-1.3073647078932908,0.564557686274743,0.7265217473865454,0,-10.393359185353471
mace_invariants,65,78,26,55,1.4545589739018574,1079.326830049742,-38.357274146022846,0.6474475866860026,0.7265217473865454,0,13.679897985196478
mace_invariants,65,79,26,61,1.4405037326233319,1114.852561706314,-11.254270107936975,0.6439853494033012,0.7265217473865454,0,1.3870124193006919
mace_invariants,65,80,26,62,1.3730997061111108,1033.0650033911638,-17.749318442604988,0.730057671873619,0.7265217473865454,1,0.9289550451620023
mace_invariants,65,81,27,56,1.4460717280646853,998.8814650784017,-36.34268808874875,0.7537900057704547,0.7265217473865454,1,-20.79891949452616
mace_invariants,65,82,27,62,1.4606821127335028,855.762798319791,-35.81917168953093,0.7568014650578367,0.7265217473865454,1,-29.240478953443414
mace_invariants,65,83,27,63,1.3824479345777976,971.804395746723,-39.71356217842418,0.47196297365281387,0.7265217473865454,0,-42.48973475037686
mace_invariants,65,84,28,57,1.379283360724125,1049.9859595715534,-29.467547846376075,0.5505258948746946,0.7265217473865454,0,-28.434587788463794
mace_invariants,65,85,28,63,1.4977944743411533,1091.68020888911,-19.602935740776164,0.29070155030302824,0.7265217473865454,0,-38.43713082538782
mace_invariants,65,86,28,64,1.372963519103916,795.4618944377681,-84.40356845402526,0.5300089042306212,0.7265217473865454,0,-63.78674089479323
mace_invariants,65,87,29,58,1.4202438933528996,1148.1908573167934,-53.03601245928947,0.4676737764546638,0.7265217473865454,0,-27.06835457868921
mace_invariants,65,88,29,64,1.3789693128419653,1013.2153076191157,-30.563658074328355,0.5475424959749434,0.7265217473865454,0,-41.81668707018131
mace_invariants,65,89,29,65,1.5077180862249586,384.51812238787716,-50.762808813760024,0.4454186973277774,0.7265217473865454,0,-24.09366724650839
mace_invariants,65,90,30,65,1.398430227951114,1009.5638566031311,-37.0108467666784,0.4662587026301281,0.7265217473865454,0,30.947452090288685
mace_invariants,65,91,30,66,1.4046977137579169,1145.5201298305458,-42.94577687236609,0.48251730037512036,0.7265217473865454,0,6.595069072592165
mace_invariants,65,92,30,71,1.4611375605078698,981.5564989279633,-42.67205895821829,0.6206720771714004,0.7265217473865454,0,-1.7149286426011185
mace_invariants,65,93,31,60,1.5260215966255175,328.2284272320978,-12.786258339066311,0.7008747930212171,0.7265217473865454,0,-15.905190216518418
mace_invariants,65,94,31,66,1.4375601800557152,1004.0711461882465,-14.01581162172847,0.6604080794266105,0.7265217473865454,0,40.64928895030942
mace_invariants,65,95,31,67,1.465626230067246,954.3822457793551,-14.615795073380022,0.749870093324012,0.7265217473865454,1,28.867849589391703
mace_invariants,65,96,32,61,1.401891534443726,1191.218433745521,14.592771393732683,0.555708229630738,0.7265217473865454,0,-11.522054105351744
mace_invariants,65,97,32,67,1.4161382827834514,1071.0844155124469,14.642452149600526,0.5998462276188535,0.7265217473865454,0,-11.586473012974077
mace_invariants,65,98,32,68,1.5148292445263376,499.6450960941116,-43.81757674322364,0.5709761383381275,0.7265217473865454,0,-24.230147805862792
mace_invariants,65,99,33,62,1.4192784754096361,1067.282999501438,-67.0367643625397,0.6849696965271382,0.7265217473865454,0,12.21474447156846
mace_invariants,65,100,33,68,1.391084458487832,996.9370676650615,-27.081060898951158,0.6141652827642099,0.7265217473865454,0,47.98095201052706
mace_invariants,65,101,33,69,1.3475596008043589,217.8418574215496,-82.72180735938367,0.7901805749351496,0.7265217473865454,1,-21.37773992854582
mace_invariants,65,102,34,63,1.5602966323152094,-433.8095007508082,-62.71359511171333,0.40504104103546423,0.7265217473865454,0,-25.106345089291523
mace_invariants,65,103,34,69,1.4667022593355685,916.8818125489742,-3.35074560137643,0.7950904108484985,0.7265217473865454,1,37.66091347699766
mace_invariants,65,104,34,70,1.414855391344323,1193.1820209988334,-67.2329266778817,0.6948018561777114,0.7265217473865454,0,16.62418271421285
mace_invariants,65,105,35,64,1.4839054222554193,778.2895483471063,-36.79461915978332,0.548941047135922,0.7265217473865454,0,-46.137605118370494
mace_invariants,65,106,35,70,1.413627303541222,1432.4735714501455,-49.5703504969932,0.5993945083505763,0.7265217473865454,0,-7.340800405585988
mace_invariants,65,107,35,71,1.4319571212437552,1164.7656987203916,-44.82496104828372,0.6012306230300282,0.7265217473865454,0,-11.715295720897968
mace_invariants,87,0,0,36,1.3676056508713499,856.3514717137974,11.552243639209268,0.5649185143974966,0.7246434093671937,0,0.1660910062094425
mace_invariants,87,1,0,41,1.4257492259192899,1083.5903519777264,22.417198071530887,0.6408553159948889,0.7246434093671937,0,71.51460084200079
mace_invariants,87,2,0,71,1.3339262991076744,327.38724565996023,47.78904170188856,0.43756935150097664,0.7246434093671937,0,-22.74935807431934
mace_invariants,87,3,1,36,1.4110429873589032,1104.9177408747796,-16.60050812569104,0.6439562652343362,0.7246434093671937,0,-20.773860641595423
mace_invariants,87,4,1,37,1.477549198024956,840.5798750100524,-14.635159871708943,0.7971850279234063,0.7246434093671937,1,7.971158437524906
mace_invariants,87,5,1,66,1.4189209202942137,1419.747208833935,-27.031235081495222,0.650439948467098,0.7246434093671937,0,-2.253084729497001
mace_invariants,87,6,2,37,1.4407934995457314,1059.9103930994095,-44.06490981956712,0.9386998833044484,0.7246434093671937,1,0.6614943182810002
mace_invariants,87,7,2,38,1.4493368938337616,991.2879729468118,-31.637712840763303,0.7150431570068542,0.7246434093671937,0,-16.331273994016453
mace_invariants,87,8,2,67,1.3761539358405541,901.2565884758214,-10.542447381766474,0.7851519742624697,0.7246434093671937,1,-27.04061050597684
mace_invariants,87,9,3,38,1.4119615439412072,978.0986151586546,-15.83931081886092,0.5547353673897921,0.7246434093671937,0,5.772662038561439
mace_invariants,87,10,3,39,1.4094291914800903,1118.9839947268686,-8.352589387413554,0.5595620006708107,0.7246434093671937,0,4.961908427056305
mace_invariants,87,11,3,68,1.471197783504387,940.7647579835545,-26.050259073547195,0.5799136217916353,0.7246434093671937,0,-8.843989384158188
mace_invariants,87,12,4,39,1.4622780672995155,839.1184510572242,-28.256976815367608,0.6732446357063243,0.7246434093671937,0,-10.316507650616572
mace_invariants,87,13,4,40,1.3738097124560567,780.5540241726399,-55.21480109360925,0.7839370440329227,0.7246434093671937,1,-66.91390971445979
mace_invariants,87,14,4,69,1.4557074927983815,993.2035788011522,-37.997392802217675,0.6689352485203831,0.7246434093671937,0,3.8551490689300834
mace_invariants,87,15,5,40,1.4670615910998215,1405.9830929643765,-21.057047573203757,0.6585932069568208,0.7246434093671937,0,-42.739450772823034
mace_invariants,87,16,5,41,1.3712875950607852,883.9309899161063,-15.518045187363896,0.6894389305551201,0.7246434093671937,0,-19.41087539189302
mace_invariants,87,17,5,70,1.457947802531317,1049.802229075314,6.9414052083394475,0.6258398484867149,0.7246434093671937,0,-6.786273448073039
mace_invariants,87,18,6,41,1.4738740678976952,783.591714284627,-38.16977203253675,0.8260121859849842,0.7246434093671937,1,-18.37023151868858
mace_invariants,87,19,6,42,1.4608151004685,1008.1425534786297,-4.767571354126022,0.9386140734934821,0.7246434093671937,1,-7.848311632649978
mace_invariants,87,20,6,47,1.4626965000014402,1190.120608243619,-36.52171158852725,0.7361543058440141,0.7246434093671937,1,26.636166832187122
mace_invariants,87,21,7,36,1.3845442131715606,957.0208121832495,-3.9182529849932957,0.6400268342323479,0.7246434093671937,0,-44.79516118472917
mace_invariants,87,22,7,42,1.3775834015847999,864.7646315159075,-34.351761186133096,0.828565523338238,0.7246434093671937,1,-66.525596075616
mace_invariants,87,23,7,43,1.506900677466636,556.0292424430272,1.430376588246983,0.6549379095538256,0.7246434093671937,0,40.757284848587574
mace_invariants,87,24,8,37,1.4534420954300336,993.5052603026281,-23.206513970799683,0.8352414418306818,0.7246434093671937,1,21.557758194600613
mace_invariants,87,25,8,43,1.4212420212357686,1163.7346988999534,-9.401498641068487,0.6969237544630896,0.7246434093671937,0,25.918130176057847
mace_invariants,87,26,8,44,1.3893984479940906,916.8514667689683,-28.777002424075395,0.6869973297244012,0.7246434093671937,0,-1.598557952372361
mace_invariants,87,27,9,38,1.4011935797530486,1294.0275434952982,4.940585235253786,0.4461886101216761,0.7246434093671937,0,5.31356477069902
mace_invariants,87,28,9,44,1.4235564781130146,1038.1573884460763,-34.80601812332047,0.5216012243129897,0.7246434093671937,0,-8.136048270779991
mace_invariants,87,29,9,45,1.4649057848561882,1023.184651984953,-38.434415009235195,0.37625237935118017,0.7246434093671937,0,-9.200067458382595
mace_invariants,87,30,10,39,1.4846562309528195,555.1021519474332,-81.1725508272359,0.5620632627357716,0.7246434093671937,0,-4.653070127301459
mace_invariants,87,31,10,45,1.3124207731305897,-351.9940545310478,-144.8374394631103,0.487300398684257,0.7246434093671937,0,-94.96180459436867
mace_invariants,87,32,10,46,1.3622249107774889,614.1213597578819,-82.30474285289665,0.6340622977598847,0.7246434093671937,0,-83.30571921337156
mace_invariants,87,33,11,40,1.3865241578003549,1243.972446787178,-44.62485172393088,0.6088822928810963,0.7246434093671937,0,-16.940227205627423
mace_invariants,87,34,11,46,1.4553593526262998,1420.6054685968734,-0.008046370053017143,0.570188919578611,0.7246434093671937,0,-17.624170398826383
mace_invariants,87,35,11,47,1.4155227999913744,1227.9454007476133,-47.85628361135471,0.5498701363384255,0.7246434093671937,0,12.316018260458666
mace_invariants,87,36,12,47,1.3996420402550005,1304.8799287306206,26.463335099834225,0.5808565805492732,0.7246434093671937,0,7.342016310258914
mace_invariants,87,37,12,48,1.3657089917376073,870.3405256951024,-24.247184236799516,0.7006365266961329,0.7246434093671937,0,-43.23125891206838
mace_invariants,87,38,12,53,1.5380460693438465,1040.959656248883,0.4231143932312709,0.6229915447448169,0.7246434093671937,0,-31.4441667883323
mace_invariants,87,39,13,42,1.462357812081196,1564.2495200944504,-25.136232533242296,0.883341537570821,0.7246434093671937,1,25.985322279379485
mace_invariants,87,40,13,48,1.4461009675450496,1295.3204582963888,8.538254091598503,0.8006617160682126,0.7246434093671937,1,28.503322118994582
mace_invariants,87,41,13,49,1.430861054826249,1146.5222028299854,-13.1000793161803,0.7335830679329611,0.7246434093671937,1,39.09312523418382
mace_invariants,87,42,14,43,1.4603777555527169,1264.669938496019,-15.378986026300243,0.7004631727632679,0.7246434093671937,0,10.101802069443021
mace_invariants,87,43,14,49,1.4527701995036983,1019.5802353151504,-10.80184809237085,0.7243323169098204,0.7246434093671937,0,19.388878795109203
mace_invariants,87,44,14,50,1.3430583377270968,458.5280616971701,-14.529908517812737,0.706532285655486,0.7246434093671937,0,-14.58553288304632
mace_invariants,87,45,15,44,1.3918675649653125,1160.9898897288747,4.351279646250514,0.5430962397378432,0.7246434093671937,0,-3.5693790497098323
mace_invariants,87,46,15,50,1.467745393793857,1062.3973456920291,-31.310973029473264,0.5590917773687497,0.7246434093671937,0,1.4206862909268239
mace_invariants,87,47,15,51,1.434333310799874,1136.3452391620092,-46.50362580115463,0.3590883187174527,0.7246434093671937,0,-11.396444940983923
mace_invariants,87,48,16,45,1.4543285937440267,990.893930589527,19.72522036654595,0.4067198235035797,0.7246434093671937,0,10.62584364291326
mace_invariants,87,49,16,51,1.511589303080954,481.91809391770533,-11.513855819348052,0.36806074744499884,0.7246434093671937,0,-10.927602738803433
mace_invariants,87,50,16,52,1.3693699110016269,756.6624153004383,6.76471601528288,0.5441979887005833,0.7246434093671937,0,43.886569144779216
mace_invariants,87,51,17,46,1.492496337688496,1171.2731056556397,53.5396391781976,0.6964201011754287,0.7246434093671937,0,13.768269531974902
mace_invariants,87,52,17,52,1.4611812058094016,1264.0778901257565,-8.406239851631508,0.6871363672968047,0.7246434093671937,0,14.092938191245313
mace_invariants,87,53,17,53,1.4322073830760726,1312.3803265371093,-20.385398503053626,0.718236282130787,0.7246434093671937,0,41.060035060464614
mace_invariants,87,54,18,53,1.3742515299411462,994.6647443032338,16.49177853057324,0.6782119395305104,0.7246434093671937,0,18.563891138587557
mace_invariants,87,55,18,54,1.4435241264441347,1546.2641418800933,-50.72022548578599,0.6917833898591785,0.7246434093671937,0,-19.11252527547032
mace_invariants,87,56,18,59,1.4506459026972989,1343.5234295505454,26.948386118542697,0.6094377691660093,0.7246434093671937,0,1.2607914659003852
mace_invariants,87,57,19,48,1.4151356874045458,1108.8809551869738,-38.811998842265105,0.8469715650650225,0.7246434093671937,1,22.36107586416638
mace_invariants,87,58,19,54,1.501620507918092,797.0817727186673,16.854484967133754,0.7828980334423747,0.7246434093671937,1,32.96872251194026
mace_invariants,87,59,19,55,1.4622154539846681,1244.9181481773096,-36.630776485272314,0.7649209628423542,0.7246434093671937,1,-2.2965804751215613
mace_invariants,87,60,20,49,1.4470983083497728,1413.5782845211934,-2.314006111040396,0.7566956631370061,0.7246434093671937,1,13.735143947745883
mace_invariants,87,61,20,55,1.4348392874094296,1240.0799535940291,-10.394921581075106,0.7417237090495892,0.7246434093671937,1,-10.058574129686164
mace_invariants,87,62,20,56,1.3980298678995853,1287.017436671292,31.767945869057872,0.6588925212815085,0.7246434093671937,0,-6.379813201683485
mace_invariants,87,63,21,50,1.480038198412267,821.0255087882848,-28.92860310088323,0.6707892381330254,0.7246434093671937,0,-5.221935405351847
mace_invariants,87,64,21,56,1.406470147800349,1171.2131099808355,1.9388926533227433,0.5907861275318622,0.7246434093671937,0,16.512333443163865
mace_invariants,87,65,21,57,1.4513493970900073,1097.8044128632828,-0.16283619074126432,0.5534070782926515,0.7246434093671937,0,74.09876490370367
mace_invariants,87,66,22,51,1.304118562534494,-654.5065711186146,-172.55171670530433,0.27276064663433985,0.7246434093671937,0,12.914763893155857
mace_invariants,87,67,22,57,1.4325845952428513,899.8146179321329,-2.0145935158604673,0.3553819454452628,0.7246434093671937,0,-69.26230419296093
mace_invariants,87,68,22,58,1.351405525092858,471.4719980681541,-18.447327621178804,0.28022493259204395,0.7246434093671937,0,-45.85642008595332
mace_invariants,87,69,23,52,1.3966764378722314,1117.777795781999,-5.522373179178891,0.5058720599076706,0.7246434093671937,0,12.186384003328758
mace_invariants,87,70,23,58,1.538821244205001,168.00816071776748,-81.53140057714182,0.3371991046097902,0.7246434093671937,0,-21.740508775063507
mace_invariants,87,71,23,59,1.4943554870222482,991.182273889154,-12.188387057230084,0.46819780437715175,0.7246434093671937,0,15.41684737478668
mace_invariants,87,72,24,59,1.3511986435958705,949.0792330404724,35.17122739630297,0.6211250439287219,0.7246434093671937,0,8.157269920142905
mace_invariants,87,73,24,60,1.4450824295020779,1120.946420139528,36.01289494946461,0.6520307414716264,0.7246434093671937,0,6.97945825369141
mace_invariants,87,74,24,65,1.4546553701221627,1188.7243310787455,26.00496878010584,0.5922632936644873,0.7246434093671937,0,-7.461274051765025
mace_invariants,87,75,25,54,1.3800260859345534,999.396565700333,4.416098373195967,0.6519082748856565,0.7246434093671937,0,-4.374755070573865
mace_invariants,87,76,25,60,1.5257754507360446,141.85691982961313,-20.116227462568137,0.6004683517353917,0.7246434093671937,0,-4.8410168459498175
mace_invariants,87,77,25,61,1.4323922582098096,1065.62097103801,-3.361624672437299,0.585233266215496,0.7246434093671937,0,-16.34873837190402
mace_invariants,87,78,26,55,1.4313492214582324,987.0151571011666,-49.725316653748756,0.5398359820105872,0.7246434093671937,0,4.12748795975523
mace_invariants,87,79,26,61,1.4191169193758841,1074.4911161274379,-35.96972199701852,0.49113804394044724,0.7246434093671937,0,33.278699207117754
mace_invariants,87,80,26,62,1.4246237166926345,1150.9140532346598,-52.24963899693018,0.5566702241067893,0.7246434093671937,0,56.2309797321277
mace_invariants,87,81,27,56,1.4147547213509504,921.7020989395066,-3.960087888950102,0.5316129420424298,0.7246434093671937,0,6.179557949941525
mace_invariants,87,82,27,62,1.4156506977505219,1005.4669469259217,4.0020754622886665,0.6312783719067125,0.7246434093671937,0,14.947472874104083
mace_invariants,87,83,27,63,1.47643642237516,873.1698263476567,-22.46392918933885,0.6217882414639627,0.7246434093671937,0,0.5160149822789446
mace_invariants,87,84,28,57,1.4374450544790984,1006.3538216935885,-1.9690075328580958,0.7028867780760303,0.7246434093671937,0,32.53787447471172
mace_invariants,87,85,28,63,1.427857474851477,1168.8518292083902,19.176712533124938,0.8304411267367742,0.7246434093671937,1,-39.34105180404441
mace_invariants,87,86,28,64,1.351370440619685,491.3363220510378,-7.940523391697858,0.6301207658831436,0.7246434093671937,0,5.686028127880714
mace_invariants,87,87,29,58,1.3905887970053608,1003.2696995199395,-53.9129165351124,0.4148339437014134,0.7246434093671937,0,-68.21945741529632
mace_invariants,87,88,29,64,1.3387085669800558,246.51216174344975,-11.636675019033344,0.4172249443617456,0.7246434093671937,0,33.60108365764927
mace_invariants,87,89,29,65,1.4033558024208292,1008.9501805063463,9.671635066434302,0.5169708932045403,0.7246434093671937,0,19.660094538832865
mace_invariants,87,90,30,65,1.4643338105796446,927.7906983945603,-34.76345906614049,0.6034167942048463,0.7246434093671937,0,-27.29061914252728
mace_invariants,87,91,30,66,1.3840306447836694,877.4391977586818,-42.050727490021316,0.6793225124143781,0.7246434093671937,0,-33.87491209067614
mace_invariants,87,92,30,71,1.3887446216603396,910.6992131662689,-10.317749835150396,0.5454896662850965,0.7246434093671937,0,21.39227780701492
mace_invariants,87,93,31,60,1.3704026547479773,1137.2924453830535,-7.005946617953226,0.650321635445668,0.7246434093671937,0,12.748561733326788
mace_invariants,87,94,31,66,1.4611229673749808,938.4901463641775,-19.77920042008515,0.6664599058480607,0.7246434093671937,0,-11.333790428345196
mace_invariants,87,95,31,67,1.4261998788561028,1103.088133772173,-25.34304553220159,0.6596570762623903,0.7246434093671937,0,-10.17148382405221
mace_invariants,87,96,32,61,1.3834886069848509,844.9551455062975,-42.3623675666884,0.5854915963821326,0.7246434093671937,0,-40.191703763692665
mace_invariants,87,97,32,67,1.403887979546066,1077.4020838674896,-17.05797324315551,0.6100621227187506,0.7246434093671937,0,-30.680814901478616
mace_invariants,87,98,32,68,1.4029705444617766,1131.524289683714,-49.88974853892162,0.5651315598649782,0.7246434093671937,0,-10.52499040071223
mace_invariants,87,99,33,62,1.5182578937935352,297.5498636215731,-70.34562926248745,0.7787420728952589,0.7246434093671937,1,17.462025914895754
mace_invariants,87,100,33,68,1.411302100465413,1186.2737922052088,-13.613432153060282,0.6928498562117623,0.7246434093671937,0,9.652548043065401
mace_invariants,87,101,33,69,1.4444121611652234,1173.3873167875165,-45.20835555175102,0.6681888479049966,0.7246434093671937,0,19.54396355247686
mace_invariants,87,102,34,63,1.395341019768232,1081.3005825075873,0.7079300082895,0.7122161062060803,0.7246434093671937,0,-20.728213483232715
mace_invariants,87,103,34,69,1.4204610811438707,1056.897857511411,-7.122485937473611,0.6111530116585677,0.7246434093671937,0,-16.738004362543055
mace_invariants,87,104,34,70,1.3794986411913712,949.229607634677,-14.000388885507684,0.6934014487010016,0.7246434093671937,0,-9.946234904551048
mace_invariants,87,105,35,64,1.5126237297240805,581.7911754314575,-92.81577452467019,0.400234390518204,0.7246434093671937,0,134.04338923487208
mace_invariants,87,106,35,70,1.474783178548835,966.5723380179443,-18.942122531232876,0.5817400938667558,0.7246434093671937,0,3.334493774912678
mace_invariants,87,107,35,71,1.4561092613033069,856.2372672620869,-48.33665714872728,0.4420532114412488,0.7246434093671937,0,72.653384508617
mace_invariants,272,0,0,36,1.4766867076248007,866.5590683567859,-23.551217274194606,0.7539050737740722,0.7265068578005073,1,-96.86262479067992
mace_invariants,272,1,0,41,1.462651921041856,759.0523425860649,21.20266353490528,0.4890830184571134,0.7265068578005073,0,61.53191441774781
mace_invariants,272,2,0,71,1.4586504185074207,896.5548293633465,-6.879867942661652,0.46110524334494596,0.7265068578005073,0,135.93240956467514
mace_invariants,272,3,1,36,1.3644063362164927,316.3837198043096,9.001411285323197,0.8066207152634943,0.7265068578005073,1,-34.45192430980184
mace_invariants,272,4,1,37,1.3618611546599386,525.1065000249624,42.877474558175074,0.5135335357261175,0.7265068578005073,0,-80.85504113082298
mace_invariants,272,5,1,66,1.3603401314695862,504.0591499505851,17.802768906452002,0.6228274035784442,0.7265068578005073,0,16.758374776623768
mace_invariants,272,6,2,37,1.493951967153799,518.6805779648589,-20.23199321282207,0.3547250936137361,0.7265068578005073,0,-18.565612238134406
mace_invariants,272,7,2,38,1.5491541956850376,-318.63662123657167,-10.05889374944347,0.4321024178145056,0.7265068578005073,0,27.91422088191595
mace_invariants,272,8,2,67,1.38526827942146,830.9273839552833,23.240943656780168,0.4586055251122276,0.7265068578005073,0,-24.084207852477387
mace_invariants,272,9,3,38,1.4032111019427984,1064.6905722857523,36.47829542813005,0.4991892876006668,0.7265068578005073,0,39.14995927819619
mace_invariants,272,10,3,39,1.402975172531453,861.8275798339087,9.981083927936272,0.5649470195495574,0.7265068578005073,0,41.49068952957066
mace_invariants,272,11,3,68,1.4423791672354365,914.7124991585058,13.868720359105673,0.5564862274469151,0.7265068578005073,0,-10.354725549218255
mace_invariants,272,12,4,39,1.4408944264448333,831.9858318386695,-2.2663165133279124,0.5949452392676099,0.7265068578005073,0,32.44070871584974
mace_invariants,272,13,4,40,1.4187015004453882,899.1079513667249,-21.132552671493787,0.5008378565433824,0.7265068578005073,0,-29.60847173913489
mace_invariants,272,14,4,69,1.384312587588118,863.1157519510515,-30.040422914329167,0.5988060996288646,0.7265068578005073,0,-6.789190177634715
mace_invariants,272,15,5,40,1.49026927874541,668.7319212302292,-10.19213335693639,0.5451107341144379,0.7265068578005073,0,-90.88236540067886
mace_invariants,272,16,5,41,1.372974195950072,577.2077589362534,-15.271329129587036,0.5243481849094233,0.7265068578005073,0,38.600591480279114
mace_invariants,272,17,5,70,1.3872883397074307,1007.5230198630998,-17.1257066009297,0.5307616524715667,0.7265068578005073,0,-70.31704548774161
mace_invariants,272,18,6,41,1.3477299219224605,263.7232140844418,11.822516727754238,0.4250798185957478,0.7265068578005073,0,-38.13993934677257
mace_invariants,272,19,6,42,1.389902901005301,992.546326815114,39.69057856251161,0.5764123674050263,0.7265068578005073,0,0.8982845959547712
mace_invariants,272,20,6,47,1.551763549968447,-350.77091216632186,-97.22195908381107,0.3289023298722018,0.7265068578005073,0,-26.23830676453128
mace_invariants,272,21,7,36,1.433784347960974,963.630338750189,-18.679710630666353,0.6464454421744407,0.7265068578005073,0,-35.568720827789235
mace_invariants,272,22,7,42,1.4503332379724438,1115.2680694597939,30.965840961630963,0.5329559356667604,0.7265068578005073,0,4.625784029232055
mace_invariants,272,23,7,43,1.4239893224496025,995.4341731521419,-22.03888867016222,0.4160643271085531,0.7265068578005073,0,123.67990108335022
mace_invariants,272,24,8,37,1.457107097895644,789.1288950510882,-30.170259813157323,0.4385332724635186,0.7265068578005073,0,32.57981759699723
mace_invariants,272,25,8,43,1.338532222971929,148.0006897196916,-27.698838431748452,0.5012393369350078,0.7265068578005073,0,-24.686591618112228
mace_invariants,272,26,8,44,1.403193470375803,954.7779108556326,32.091693957773565,0.4415783936737536,0.7265068578005073,0,81.73743645032594
mace_invariants,272,27,9,38,1.4788021131006228,873.3510527098867,-6.1803623110344015,0.6818271547134203,0.7265068578005073,0,43.05752158915038
mace_invariants,272,28,9,44,1.4186879561815673,1016.537249018189,19.767709233116044,0.6074949517228858,0.7265068578005073,0,-3.654540443875389
mace_invariants,272,29,9,45,1.3756702140951726,906.186531967943,29.6302544645531,0.7473484467900187,0.7265068578005073,1,1.4291674616700547
mace_invariants,272,30,10,39,1.346076787489453,393.7925402780634,15.45313954673097,0.8136877588947722,0.7265068578005073,1,-13.865629535780258
mace_invariants,272,31,10,45,1.4390088006094772,1033.179797491034,-1.9768307727418242,0.81345131902248,0.7265068578005073,1,0.9641188710774626
mace_invariants,272,32,10,46,1.4414331395645763,916.9830727868548,-11.541708545235496,0.8240054984888963,0.7265068578005073,1,11.434114831480876
mace_invariants,272,33,11,40,1.3856876293032672,724.9571923787777,-37.27677179018291,0.6408168483999974,0.7265068578005073,0,-41.930642226935504
mace_invariants,272,34,11,46,1.4371140951821166,1071.928327634883,2.12178956496973,0.745241970718349,0.7265068578005073,1,24.92594241866983
mace_invariants,272,35,11,47,1.385972130537111,1088.171929530239,21.026411691830273,0.5238768104714367,0.7265068578005073,0,-22.614071763242045
mace_invariants,272,36,12,47,1.3243803896935384,-11.580256807252166,-38.54079303097099,0.25009038473433287,0.7265068578005073,0,-0.5395793408342877
mace_invariants,272,37,12,48,1.4148592788738539,1081.4203957521966,18.56580919613096,0.3470027950080209,0.7265068578005073,0,44.1814507406691
mace_invariants,272,38,12,53,1.534564704014107,-67.08279813610257,-59.12287554191172,0.21694223362147624,0.7265068578005073,0,9.529732610161858
mace_invariants,272,39,13,42,1.4850817981726074,714.2657508591417,-37.57409366434369,0.7459070185862768,0.7265068578005073,1,-82.37476762619715
mace_invariants,272,40,13,48,1.477774043800502,828.8481637750284,25.304049450368503,0.5953093913271403,0.7265068578005073,0,-79.65762514591285
mace_invariants,272,41,13,49,1.4849809858129632,720.8525383476655,-22.036783366238478,0.7493343884498818,0.7265068578005073,1,-77.78622743204237
mace_invariants,272,42,14,43,1.4054046136215852,891.60257676695,-8.481237625299155,0.5813426663797253,0.7265068578005073,0,-30.043313652912122
mace_invariants,272,43,14,49,1.387308218671589,983.2860486221878,-2.998154775399429,0.7016616448015374,0.7265068578005073,0,-71.322210210652
mace_invariants,272,44,14,50,1.3800698352592329,774.0302553550191,17.090012034392643,0.6419185731678323,0.7265068578005073,0,-66.19653562733336
mace_invariants,272,45,15,44,1.4509657780127374,945.4888590274957,18.54880524528107,0.36927492528326866,0.7265068578005073,0,19.773062115123757
mace_invariants,272,46,15,50,1.4103893409056214,947.932711517409,4.4512745470939,0.48951177533262985,0.7265068578005073,0,-9.55462766763234
mace_invariants,272,47,15,51,1.415163566132608,842.5328686644522,-12.372355630195162,0.46890139250350926,0.7265068578005073,0,-7.669516940407792
mace_invariants,272,48,16,45,1.4553410877107664,895.2412931211046,-8.700696584504245,0.619744321512459,0.7265068578005073,0,27.374602720453847
mace_invariants,272,49,16,51,1.478147050396681,666.2354371548261,-27.6940703605014,0.5795172936655666,0.7265068578005073,0,-20.72227038919118
mace_invariants,272,50,16,52,1.338875705760634,269.43052889976906,1.4954336599347917,0.5331629476034361,0.7265068578005073,0,-6.854532829029719
mace_invariants,272,51,17,46,1.4779844641800706,825.5540478878204,0.33863998696122277,0.7781139305835667,0.7265068578005073,1,-11.598409161477976
mace_invariants,272,52,17,52,1.4284121325737922,808.1338690171788,14.274351474159497,0.6809783772081275,0.7265068578005073,0,22.878261959890946
mace_invariants,272,53,17,53,1.5076829518003587,457.89343290885273,-0.4402783566593744,0.5236006192237979,0.7265068578005073,0,-31.93455073306354
mace_invariants,272,54,18,53,1.3915936892307803,690.1440228943022,-36.25906107394944,0.3786202365943934,0.7265068578005073,0,-104.89630906315006
mace_invariants,272,55,18,54,1.394643313107746,737.0561182386606,-4.018446983340467,0.5049913332822136,0.7265068578005073,0,-72.68826421122901
mace_invariants,272,56,18,59,1.3586227970904872,462.3374060724527,13.51018907614909,0.5379063090357048,0.7265068578005073,0,-60.571653866899055
mace_invariants,272,57,19,48,1.3976960556860405,1080.966346465887,39.77075250896082,0.41879644080747946,0.7265068578005073,0,24.846081186419244
mace_invariants,272,58,19,54,1.4239075116319166,1157.300105326585,26.247108615389333,0.4151069761087549,0.7265068578005073,0,1.6908621638981174
mace_invariants,272,59,19,55,1.4400350590993476,1027.232845298044,-4.834476165836079,0.6464588628384742,0.7265068578005073,0,-26.594437844616202
mace_invariants,272,60,20,49,1.4482786101286846,1052.1114672557367,30.653557334524898,0.6564947508615677,0.7265068578005073,0,-31.3359750060097
mace_invariants,272,61,20,55,1.442694036782343,914.118779416273,-1.0915678974863248,0.7301321757698211,0.7265068578005073,1,-26.012908746636437
mace_invariants,272,62,20,56,1.4642188229377462,992.1891356100907,20.190854939605824,0.5665920588479606,0.7265068578005073,0,32.290458573460775
mace_invariants,272,63,21,50,1.4696635184766897,683.129929349603,21.406268985440676,0.7575126867294897,0.7265068578005073,1,-46.276636543076755
mace_invariants,272,64,21,56,1.4854727850361757,617.1279597625501,4.39974076342806,0.7273530663495877,0.7265068578005073,1,23.870813212493402
mace_invariants,272,65,21,57,1.4539879598120944,1014.5080163180716,2.1015531566518946,0.8368100963114141,0.7265068578005073,1,87.69812775250661
mace_invariants,272,66,22,51,1.3729434134323442,646.2280807099254,-16.8947287500949,0.4277447827207511,0.7265068578005073,0,-10.779070362255796
mace_invariants,272,67,22,57,1.5679932541893589,-778.7612119765264,-70.1841132491858,0.5276525751317962,0.7265068578005073,0,179.74104088215987
mace_invariants,272,68,22,58,1.38302118373268,730.5825040829587,-12.56217544083009,0.3960467068764831,0.7265068578005073,0,23.47940775201181
mace_invariants,272,69,23,52,1.391189939517858,836.9499846549478,-24.720186037869542,0.4291120687855948,0.7265068578005073,0,37.652362682481815
mace_invariants,272,70,23,58,1.4192921902412998,990.7824704625614,-32.361788991291675,0.44376833900345736,0.7265068578005073,0,-38.383831934050114
mace_invariants,272,71,23,59,1.4597590797694635,921.7977681407012,-34.799507036738646,0.4310203832425765,0.7265068578005073,0,74.02729543263845
mace_invariants,272,72,24,59,1.365370790663242,544.0061538352303,-45.18183549288796,0.5506656328607424,0.7265068578005073,0,-68.92712073092295
mace_invariants,272,73,24,60,1.4179637344998497,884.8118800683078,1.0638899892905074,0.41995643932355675,0.7265068578005073,0,9.83366109744324
mace_invariants,272,74,24,65,1.36922978134322,556.1443391159602,-23.79742392611486,0.4680253885768225,0.7265068578005073,0,-69.67740763845
mace_invariants,272,75,25,54,1.3952894014603732,898.9145004397475,2.7961842031500246,0.3909383360411997,0.7265068578005073,0,-38.07694703538095
mace_invariants,272,76,25,60,1.4210088577294262,891.3570388532725,-1.7814558793076833,0.2931441182575053,0.7265068578005073,0,-19.520750378653297
mace_invariants,272,77,25,61,1.411259329516806,864.8458634128027,17.923065227686813,0.41675140727968185,0.7265068578005073,0,-29.027076008297808
mace_invariants,272,78,26,55,1.3453568607620479,358.2080391766697,-31.604307497567362,0.822399272862983,0.7265068578005073,1,-4.7229728519666425
mace_invariants,272,79,26,61,1.4699745602948722,1196.4439455656786,-12.7085913001371,0.6168604573717458,0.7265068578005073,0,-21.28595329280316
mace_invariants,272,80,26,62,1.4579003484252144,966.7377771876678,1.7873069660445817,0.5790589727567002,0.7265068578005073,0,1.0474688846930524
mace_invariants,272,81,27,56,1.3337586425438286,182.99816918658223,-23.379690458313604,0.5268104921477319,0.7265068578005073,0,-6.168682538952621
mace_invariants,272,82,27,62,1.4035874269051787,907.5516552241427,8.456021291973245,0.44701030896330957,0.7265068578005073,0,42.574642497267504
mace_invariants,272,83,27,63,1.4762188857051446,785.5028282406038,-5.217901544488238,0.5127205211433845,0.7265068578005073,0,-39.90784113793104
mace_invariants,272,84,28,57,1.4357755617954269,820.7181263633116,8.744454533811732,0.7769414684084364,0.7265068578005073,1,183.10700854084092
mace_invariants,272,85,28,63,1.3499044339325905,479.9341155354061,11.82753549983475,0.6533944674422627,0.7265068578005073,0,-19.008065590334503
mace_invariants,272,86,28,64,1.421627486482463,1091.5681932318066,11.106660552764199,0.6602410972880504,0.7265068578005073,0,-0.24965204842311994
mace_invariants,272,87,29,58,1.5045118114186533,382.3627784580263,-34.45627989074994,0.5385977751632884,0.7265068578005073,0,-55.081555949386775
mace_invariants,272,88,29,64,1.3839240027024111,1009.8514511380827,-12.742222817043139,0.5535032722982156,0.7265068578005073,0,-34.836133846935695
mace_invariants,272,89,29,65,1.4539765386392123,942.6788709668175,-36.32526627486983,0.4432095751184877,0.7265068578005073,0,-34.1954964139958
mace_invariants,272,90,30,65,1.5042504418341427,396.97527995575786,0.5820176875578551,0.40271134026957084,0.7265068578005073,0,-53.52854892009732
mace_invariants,272,91,30,66,1.4138807909858728,1327.6680152854713,-17.920026060490112,0.5364198955804909,0.7265068578005073,0,-2.119841477329425
mace_invariants,272,92,30,71,1.355870100229959,332.5390738359747,-18.0275647343843,0.42741337683641456,0.7265068578005073,0,76.79278084017737
mace_invariants,272,93,31,60,1.4000056889859762,1064.846515073289,-2.3721657623417496,0.37570617012416896,0.7265068578005073,0,-1.5903341233587271
mace_invariants,272,94,31,66,1.4742061863240825,849.8412194347964,17.668272293216067,0.5574836746883547,0.7265068578005073,0,-17.245685233968672
mace_invariants,272,95,31,67,1.4263174698451468,815.7349638010438,5.6497796340748,0.5520702383345194,0.7265068578005073,0,-0.5802160699381647
mace_invariants,272,96,32,61,1.3884939277158599,966.1568811483628,12.449748836918454,0.5899513681850622,0.7265068578005073,0,2.0835642862564097
mace_invariants,272,97,32,67,1.3642134435966382,639.9137516377323,-8.512491202512615,0.6427081473732361,0.7265068578005073,0,-78.54960457656112
mace_invariants,272,98,32,68,1.4262752838465955,998.2877017083889,-4.994658120727393,0.6735019799217625,0.7265068578005073,0,-71.7472184573367
mace_invariants,272,99,33,62,1.3957307147678037,778.1059694247999,-22.019187937308104,0.5901216523113411,0.7265068578005073,0,33.670197346305336
mace_invariants,272,100,33,68,1.355483403622705,499.5696656741202,-16.515067909155615,0.711473748663087,0.7265068578005073,0,-38.97697816785135
mace_invariants,272,101,33,69,1.4331020702380592,887.6174947679202,-46.16078932467854,0.7237954011269838,0.7265068578005073,0,19.935650668043657
mace_invariants,272,102,34,63,1.4199233841777372,990.6970781753301,-5.283614830538884,0.6395225579723013,0.7265068578005073,0,-21.270013818867834
mace_invariants,272,103,34,69,1.4929114954212035,694.4903875035587,-5.4996047707979985,0.7074860946078692,0.7265068578005073,0,-16.85525300178349
mace_invariants,272,104,34,70,1.487815870981913,562.9607113908348,-22.650094659269335,0.5951687698795158,0.7265068578005073,0,-40.398889834286145
mace_invariants,272,105,35,64,1.4795904948901761,684.4639930814047,-13.652317150585766,0.5213211058006889,0.7265068578005073,0,-42.96848151847634
mace_invariants,272,106,35,70,1.4772933388401066,674.4475373163394,-12.312195347027892,0.4701206878621156,0.7265068578005073,0,-44.17794410846328
mace_invariants,272,107,35,71,1.3555789982095914,378.6202107837196,12.267398446125698,0.4357294451878047,0.7265068578005073,0,93.91298155879234
mace_invariants,216,0,0,36,1.577275804620516,-839.8423938022403,-95.49511255015572,0.18423363710093263,0.7280104677922691,0,-79.29152439936077
mace_invariants,216,1,0,41,1.2890980976895718,-1096.3794444328107,-136.34946874243693,0.22360983582217736,0.7280104677922691,0,4.8545221794373
mace_invariants,216,2,0,71,1.4647945168876988,740.9760158163201,55.67882861297366,0.3913030805372402,0.7280104677922691,0,-94.3718758173632
mace_invariants,216,3,1,36,1.4160139612200675,1263.4890779031468,45.109681672948085,0.5652163343505082,0.7280104677922691,0,-52.33424024119114
mace_invariants,216,4,1,37,1.4728761922176914,992.734821739353,50.150553227660296,0.6200207899252431,0.7280104677922691,0,-33.268816396669024
mace_invariants,216,5,1,66,1.3605362235755984,365.1962797113102,5.6003437638131315,0.7165805705900781,0.7280104677922691,0,-37.08165968737387
mace_invariants,216,6,2,37,1.4592216142594043,1631.0129989876573,156.8481833293106,0.46969364331298585,0.7280104677922691,0,-40.06092413953262
mace_invariants,216,7,2,38,1.507203274900311,1754.587585526474,111.81643687426428,0.5135144698627512,0.7280104677922691,0,-32.53909785489016
mace_invariants,216,8,2,67,1.2975200124296349,-1130.4331838700623,82.62447394268187,0.49276139317137535,0.7280104677922691,0,-38.88621036719215
mace_invariants,216,9,3,38,1.4079689039625443,1161.1273819414641,31.52289658331092,0.5682667343484203,0.7280104677922691,0,-15.930204910483369
mace_invariants,216,10,3,39,1.3642450617389035,523.9135032422387,-27.021535707336813,0.7081365809880941,0.7280104677922691,0,12.610126671456097
mace_invariants,216,11,3,68,1.414905891413333,893.6114138989215,31.103784942510615,0.6990253746662074,0.7280104677922691,0,-17.589694433855115
mace_invariants,216,12,4,39,1.4933992160044904,438.5079680769797,6.573302084482924,0.8215433137790975,0.7280104677922691,1,2.0253826607517205
mace_invariants,216,13,4,40,1.45271493499573,787.6532256382889,24.818554823104535,0.711512023711002,0.7280104677922691,0,14.465796491991423
mace_invariants,216,14,4,69,1.4438505873422611,754.9781969105969,-36.36362768910469,0.727665153273324,0.7280104677922691,0,21.269131606246827
mace_invariants,216,15,5,40,1.3921728906281472,761.4590541770671,52.37222060044414,0.5390828873426695,0.7280104677922691,0,-22.007682664529
mace_invariants,216,16,5,41,1.5296114121029891,-100.87201677154378,-32.59245050900291,0.449995247367836,0.7280104677922691,0,-86.56520916240824
mace_invariants,216,17,5,70,1.3825808275558156,918.2937930362431,88.83138758496584,0.5293337120976854,0.7280104677922691,0,-45.39673186076891
mace_invariants,216,18,6,41,1.423132327420138,767.6298325397364,35.08020181732426,0.529656246760833,0.7280104677922691,0,-37.311638618782865
mace_invariants,216,19,6,42,1.4596861848220046,931.2181185528353,21.748875219628236,0.6372285384407969,0.7280104677922691,0,-27.843907272150986
mace_invariants,216,20,6,47,1.3632141461133056,821.3352464746823,77.8237160777768,0.5335788445059335,0.7280104677922691,0,-25.748804253962525
mace_invariants,216,21,7,36,1.4422759271323056,906.7576989670569,10.398004185925148,0.43961223796916316,0.7280104677922691,0,25.206777863282458
mace_invariants,216,22,7,42,1.4327698726872296,716.9924439340582,15.686944662696815,0.5865607283703718,0.7280104677922691,0,35.47285410883673
mace_invariants,216,23,7,43,1.4034817949738767,1027.3102435695682,12.38773912371829,0.4794443457874143,0.7280104677922691,0,7.661628904580883
mace_invariants,216,24,8,37,1.4099219172370374,968.2841053646299,-1.0223673149782933,0.4133696752626286,0.7280104677922691,0,46.12854277745613
mace_invariants,216,25,8,43,1.4131269758793508,785.6722123345352,26.36093991417639,0.3983973275061448,0.7280104677922691,0,32.28932246055834
mace_invariants,216,26,8,44,1.4175956529199045,868.7897414145358,39.490621156883215,0.4999209728825903,0.7280104677922691,0,36.3023027815822
mace_invariants,216,27,9,38,1.475048152561588,537.2474133741819,38.781388328557476,0.6395109009563278,0.7280104677922691,0,-29.462113665797236
mace_invariants,216,28,9,44,1.4165655470942453,845.9416391621771,35.857651805721765,0.6822413720265242,0.7280104677922691,0,-8.057483391883105
mace_invariants,216,29,9,45,1.38111574462722,595.264142353272,54.71807067996275,0.7645149295589821,0.7280104677922691,1,-12.821479594153029
mace_invariants,216,30,10,39,1.4355025600125257,906.9356172048332,-2.9778110654302967,0.6456022010318259,0.7280104677922691,0,-20.155675341190967
mace_invariants,216,31,10,45,1.4458382570973571,910.4894048304733,6.5126857653182855,0.6307363829948065,0.7280104677922691,0,-7.508687130452353
mace_invariants,216,32,10,46,1.4620664185905463,884.3808319071063,22.85295506802188,0.37046754896811246,0.7280104677922691,0,-52.76674611430485
mace_invariants,216,33,11,40,1.364940565329184,392.82085977732794,42.48573797528859,0.5330117440560052,0.7280104677922691,0,-0.6712883586116849
mace_invariants,216,34,11,46,1.5165839400327854,245.734543541894,55.481859156216814,0.3679083820603875,0.7280104677922691,0,-63.970888481652835
mace_invariants,216,35,11,47,1.4296695245009674,976.0301968763195,44.51912687219892,0.4478467018262721,0.7280104677922691,0,-68.49913776745214
mace_invariants,216,36,12,47,1.4904949728267243,534.9626817387867,11.118765424097507,0.5275441205148108,0.7280104677922691,0,-52.79874571335712
mace_invariants,216,37,12,48,1.4910748505732245,770.8199136520817,1.4477188046294263,0.6593999155920525,0.7280104677922691,0,78.19431117027385
mace_invariants,216,38,12,53,1.322006901781384,-312.4279502795658,-65.39208209081335,0.4475904177851231,0.7280104677922691,0,21.526861339108347
mace_invariants,216,39,13,42,1.325010579016772,-203.96961062152107,45.217983163642856,0.6309096078357816,0.7280104677922691,0,-36.34126454090092
mace_invariants,216,40,13,48,1.4368748353535499,652.6607938216999,6.690833829013653,0.6591157089781601,0.7280104677922691,0,28.359103377702997
mace_invariants,216,41,13,49,1.4510873865609957,881.3150819531253,-11.448815425260717,0.5026521609598447,0.7280104677922691,0,-74.5814597619881
mace_invariants,216,42,14,43,1.5047239444935023,281.6765945474132,-22.936779649983148,0.44276219232493574,0.7280104677922691,0,115.30161426107104
mace_invariants,216,43,14,49,1.3408025662448015,146.12416508818825,30.343443946517475,0.42162112803195617,0.7280104677922691,0,6.362336632452273
mace_invariants,216,44,14,50,1.3676291269066039,560.4063338569736,40.19010074807715,0.6543034798279739,0.7280104677922691,0,149.46522602454712
mace_invariants,216,45,15,44,1.4846075687210625,756.6891692978795,42.60432808488104,0.8016582319432942,0.7280104677922691,1,-2.9989108667050246
mace_invariants,216,46,15,50,1.443658578140514,864.629480152257,51.754655994143754,0.9116758740698869,0.7280104677922691,1,23.622638013958497
mace_invariants,216,47,15,51,1.4597757206165831,798.4426675106997,44.63906568959094,0.8902464747621608,0.7280104677922691,1,2.4523485291656293
mace_invariants,216,48,16,45,1.4401800280397026,894.1940536865804,38.82099163640472,0.796927292561719,0.7280104677922691,1,-11.398195154465924
mace_invariants,216,49,16,51,1.3515439945251781,414.5248558679591,70.96242458082246,0.8032419778481277,0.7280104677922691,1,-32.94885197045858
mace_invariants,216,50,16,52,1.432982620080033,888.302190576909,43.6723397404255,0.7099410278493181,0.7280104677922691,0,-2.3720812275532364
mace_invariants,216,51,17,46,1.3268529852264972,-314.01397328952004,-17.564479602760848,0.39268847974141163,0.7280104677922691,0,-40.18254761251916
mace_invariants,216,52,17,52,1.3823836321445238,597.7835883954739,51.47256219989711,0.5659710490557047,0.7280104677922691,0,35.49819834865775
mace_invariants,216,53,17,53,1.433471233834455,858.6816684704413,5.051127110219076,0.39267309677760853,0.7280104677922691,0,-64.20683202724514
mace_invariants,216,54,18,53,1.422064918538509,737.4944391095551,-8.96368911678086,0.35729818926378193,0.7280104677922691,0,44.48042712264467
mace_invariants,216,55,18,54,1.4122537806525826,865.9325281209959,23.36404692536475,0.45909654601375516,0.7280104677922691,0,30.356176053769563
mace_invariants,216,56,18,59,1.42534524428055,747.5765494364807,-0.24768805157584714,0.47609793658379473,0.7280104677922691,0,45.872962724506024
mace_invariants,216,57,19,48,1.435249628239922,985.3492203558236,-1.3047071547223101,0.7296675654665326,0.7280104677922691,1,77.0425200056786
mace_invariants,216,58,19,54,1.4452460901971826,700.4730483541694,0.9577639638147228,0.6196564244095762,0.7280104677922691,0,46.375446570600346
mace_invariants,216,59,19,55,1.4081554127934812,801.4502697006095,-14.895864064510716,0.5532143093388125,0.7280104677922691,0,26.610771185227872
mace_invariants,216,60,20,49,1.3839126511078235,754.4816704001782,20.444437455420566,0.37666428738285407,0.7280104677922691,0,-68.41700083565034
mace_invariants,216,61,20,55,1.328730166662616,-101.22588260790432,45.85540558399359,0.35667457927344953,0.7280104677922691,0,-57.39141784988472
mace_invariants,216,62,20,56,1.4528399698333176,832.4357997994272,30.297053659488522,0.3930100205061977,0.7280104677922691,0,-21.153349158062877
mace_invariants,216,63,21,50,1.4166709885033284,875.5235680171285,27.06151421841002,0.7229666266175585,0.7280104677922691,0,-15.457852081402205
mace_invariants,216,64,21,56,1.3690798072427395,606.0841500117492,45.30386306277731,0.5066300079448843,0.7280104677922691,0,-20.644459918161473
mace_invariants,216,65,21,57,1.4201091098930139,852.2187981687028,34.46126347053803,0.5190720334621917,0.7280104677922691,0,-2.146684433421637
mace_invariants,216,66,22,51,1.411291375937245,896.6099916839185,23.557469263038797,0.6776423086695611,0.7280104677922691,0,-4.027654354920134
mace_invariants,216,67,22,57,1.3951530858360013,1003.9372096408698,55.05403808749258,0.4951771148219204,0.7280104677922691,0,6.733759296767463
mace_invariants,216,68,22,58,1.4666477416369281,676.4756247113678,25.62140230470318,0.6012217149902966,0.7280104677922691,0,-42.73047549793938
mace_invariants,216,69,23,52,1.4802382019941545,537.0091418321821,18.119996635996,0.7198841379347416,0.7280104677922691,0,-36.326469466081335
mace_invariants,216,70,23,58,1.363137200322377,512.1729183768825,32.541717185465366,0.7367644942542866,0.7280104677922691,1,-39.30920197912421
mace_invariants,216,71,23,59,1.4783319680413913,562.4602105543887,7.319853205696912,0.6653859329766582,0.7280104677922691,0,-19.31694130414322
mace_invariants,216,72,24,59,1.4354676406810745,887.2557287997461,36.840747683321425,0.6818014933539294,0.7280104677922691,0,-25.082190015250465
mace_invariants,216,73,24,60,1.3637752439792865,339.00609133673834,75.11062658504,0.7692362740381432,0.7280104677922691,1,-42.63834212333913
mace_invariants,216,74,24,65,1.476967920978945,682.721998091309,46.687410780135245,0.7702941689309251,0.7280104677922691,1,-35.73426682150959
mace_invariants,216,75,25,54,1.4576118459241731,857.7595820021251,43.9093222563906,0.6524162817620967,0.7280104677922691,0,-31.20364188382737
mace_invariants,216,76,25,60,1.468517326280184,854.6308112724078,44.78416365506563,0.75685245301635,0.7280104677922691,1,-59.15440163345673
mace_invariants,216,77,25,61,1.366136215578689,749.2086141865067,74.18273605530939,0.7821544656325025,0.7280104677922691,1,-63.248273015644244
mace_invariants,216,78,26,55,1.5444050623650332,-38.909810163823444,17.30577260212803,0.4944346170861261,0.7280104677922691,0,-78.96244444863918
mace_invariants,216,79,26,61,1.3666804110947868,533.0538017272062,95.99150158054995,0.6906149160272956,0.7280104677922691,0,-79.11124270990159
mace_invariants,216,80,26,62,1.4482346183939956,915.4557651915233,29.867571395663084,0.45033320256200315,0.7280104677922691,0,-31.585829324975542
mace_invariants,216,81,27,56,1.5262976824047014,158.31655457152482,32.039736214959426,0.4980419223175836,0.7280104677922691,0,-59.546176745268795
mace_invariants,216,82,27,62,1.4101758611419706,802.0710327748624,-6.764805753423232,0.41760506656071245,0.7280104677922691,0,-27.998096491647345
mace_invariants,216,83,27,63,1.3941862150148667,931.8761814547815,11.043342175493798,0.49904658565556625,0.7280104677922691,0,-23.324322236972183
mace_invariants,216,84,28,57,1.497608512234469,592.9036988437955,19.087814935165277,0.34387933059334286,0.7280104677922691,0,27.005656468557145
mace_invariants,216,85,28,63,1.5050343493788296,382.5699443467173,18.684430455778156,0.3324419684140182,0.7280104677922691,0,18.425089267994533
mace_invariants,216,86,28,64,1.3079501719758195,-649.5377946959346,-81.86799047249379,0.20957482772477545,0.7280104677922691,0,-8.182359338881145
mace_invariants,216,87,29,58,1.4413644171515663,846.7334343843386,58.935996600091684,0.5152492378373603,0.7280104677922691,0,-32.626504053602346
mace_invariants,216,88,29,64,1.4081907252735553,892.8340566046674,22.72053046318238,0.27490013480041664,0.7280104677922691,0,-3.219550491543945
mace_invariants,216,89,29,65,1.4033728902466456,931.046107140993,43.301908984507925,0.5323633521367275,0.7280104677922691,0,16.811220452677357
mace_invariants,216,90,30,65,1.4511988250990195,882.6644211269025,10.151652838132659,0.6433006624267201,0.7280104677922691,0,-15.609710425034297
mace_invariants,216,91,30,66,1.4633674182113836,996.4132546142844,28.175070719948653,0.624027382032624,0.7280104677922691,0,-48.26330442867744
mace_invariants,216,92,30,71,1.4335658716690638,843.4543475843295,5.221989259690553,0.6797325892293617,0.7280104677922691,0,-38.01749134057391
mace_invariants,216,93,31,60,1.4253124355550992,1412.4546475813077,78.34500465120233,0.7167333790446595,0.7280104677922691,0,4.398296547631077
mace_invariants,216,94,31,66,1.5013226905776724,534.7915503396295,52.00911888938785,0.6985179935433452,0.7280104677922691,0,17.250085091125886
mace_invariants,216,95,31,67,1.4352041617944669,1058.3576921634144,74.80729835009174,0.6250259627368999,0.7280104677922691,0,32.525210413001204
mace_invariants,216,96,32,61,1.4262160130017016,728.5898593646915,72.69115625600018,0.6952193996215341,0.7280104677922691,0,-37.2501271150324
mace_invariants,216,97,32,67,1.467449990091574,921.7118382868221,78.11145723311327,0.5782099706976219,0.7280104677922691,0,1.7483647379198537
mace_invariants,216,98,32,68,1.47085133967112,995.1990079557532,11.70896845925038,0.7297216877067847,0.7280104677922691,1,-9.52060964063381
mace_invariants,216,99,33,62,1.4288366384297155,934.2045788861141,-15.196432337546902,0.535839522180001,0.7280104677922691,0,6.659066675287892
mace_invariants,216,100,33,68,1.3685468599273598,639.5763276555117,18.680100608505715,0.8106235237305441,0.7280104677922691,1,-33.488667432054406
mace_invariants,216,101,33,69,1.432587791101703,775.937580519536,-26.011793780852553,0.7258565695466573,0.7280104677922691,0,-7.8944622244179
mace_invariants,216,102,34,63,1.4251606112228064,947.6448034047538,32.03751709055366,0.4715065792953155,0.7280104677922691,0,-22.39879688416496
mace_invariants,216,103,34,69,1.391789022690215,772.1216503851929,23.790578820859146,0.5800821075671181,0.7280104677922691,0,18.908213272876498
mace_invariants,216,104,34,70,1.4382589714816956,867.2580173964777,2.2497112362470686,0.5541798027598119,0.7280104677922691,0,-23.193337117281214
mace_invariants,216,105,35,64,1.4410293412512245,919.4087221039296,1.907596590290217,0.4365855004065249,0.7280104677922691,0,-27.654938859277735
mace_invariants,216,106,35,70,1.486906636709671,561.5231764134552,-14.374168989620975,0.642125864560264,0.7280104677922691,0,-34.59824123358838
mace_invariants,216,107,35,71,1.3555066919424585,671.2309549833375,62.0343935736664,0.7304806445454775,0.7280104677922691,1,-18.518082629465408
mace_invariants,99,0,0,36,1.3952778937924082,1270.9118841491058,28.8922942652643,0.671130967871438,0.7342283150112594,0,10.794890317403494
mace_invariants,99,1,0,41,1.4310879081560666,1408.2836250678229,54.85510914346486,0.6201345059120712,0.7342283150112594,0,34.51311194933585
mace_invariants,99,2,0,71,1.4676574620062197,1039.800042842248,22.044958839407826,0.7281831151566232,0.7342283150112594,0,31.37488372915317
mace_invariants,99,3,1,36,1.4641297904183548,1055.7372191373734,2.4826812497880866,0.5315195842229401,0.7342283150112594,0,63.064681960919316
mace_invariants,99,4,1,37,1.4871363416473544,777.5190368847311,-32.59213708748422,0.64810445486784,0.7342283150112594,0,60.6019937759129
mace_invariants,99,5,1,66,1.3609596931199148,699.9097918928019,-61.92702682481309,0.6179375773233691,0.7342283150112594,0,64.50967553936216
mace_invariants,99,6,2,37,1.4146969108198413,1122.360857778542,3.9602624224834573,0.7090632420359968,0.7342283150112594,0,40.029054821485104
mace_invariants,99,7,2,38,1.4285716894116385,1672.3289014513068,102.48698961653368,0.7675695183083406,0.7342283150112594,1,-16.93578789461215
mace_invariants,99,8,2,67,1.4634277341083601,895.3349654356413,-32.100745952611085,0.7757764690967051,0.7342283150112594,1,-40.17722151289435
mace_invariants,99,9,3,38,1.4409808026597435,1359.360890282423,73.72819876339878,0.8979780486461676,0.7342283150112594,1,-0.9157586428819187
mace_invariants,99,10,3,39,1.4854526873123652,798.8578243253796,14.21549579174891,0.8630374128153233,0.7342283150112594,1,-16.5932211024631
mace_invariants,99,11,3,68,1.3719424198585595,897.4137116652482,-18.894050167121314,0.8163116320872985,0.7342283150112594,1,9.199207039750927
mace_invariants,99,12,4,39,1.424306556894283,1223.5401778326814,66.20895025340889,0.7846870797902785,0.7342283150112594,1,7.43957179498494
mace_invariants,99,13,4,40,1.4600560396758386,1266.499132717414,45.513442394218174,0.6524579778485664,0.7342283150112594,0,45.706429059593475
mace_invariants,99,14,4,69,1.4320139647036425,1136.9343178069266,79.06075321406402,0.7779873417595482,0.7342283150112594,1,-39.40137328638009
mace_invariants,99,15,5,40,1.421409255525466,1067.4168993907654,23.953686796560454,0.6823852526062892,0.7342283150112594,0,43.44206958902494
mace_invariants,99,16,5,41,1.4199146660146196,1179.8777147519645,33.308330341006766,0.6234673815022351,0.7342283150112594,0,68.84827960105032
mace_invariants,99,17,5,70,1.3444407768812543,615.3148531393693,-104.02604912351525,0.6207901196341556,0.7342283150112594,0,23.87456404882227
mace_invariants,99,18,6,41,1.4500041159604158,1239.7017165921134,44.254526690152005,0.6395361835269606,0.7342283150112594,0,63.05800730940551
mace_invariants,99,19,6,42,1.4041579268143196,1023.2152375672647,-27.027654317655706,0.7598422678744621,0.7342283150112594,1,-4.188817325137382
mace_invariants,99,20,6,47,1.4641720040969162,1082.0748396766212,81.30437353013006,0.7449237838430813,0.7342283150112594,1,-14.478871278385078
mace_invariants,99,21,7,36,1.3504144157683418,736.4301862221262,-48.37578553850844,0.6100967224117296,0.7342283150112594,0,-15.62670544258399
mace_invariants,99,22,7,42,1.4612646778881322,902.6144283961906,-13.363954193338461,0.6794063447998642,0.7342283150112594,0,8.464069055066485
mace_invariants,99,23,7,43,1.412120526414277,1188.5048296728776,24.960377468716974,0.4528511254504394,0.7342283150112594,0,68.91281389128592
mace_invariants,99,24,8,37,1.4754766903237728,771.2323608670815,-45.14714961020344,0.7348562305823265,0.7342283150112594,1,6.917111552962938
mace_invariants,99,25,8,43,1.4314892480523784,1201.1768432034146,53.751578044684635,0.4610257629761364,0.7342283150112594,0,1.5495943772957812
mace_invariants,99,26,8,44,1.38105814429307,939.9888343102735,1.1158247804348016,0.6319921443235831,0.7342283150112594,0,-1.8963312283284743
mace_invariants,99,27,9,38,1.5224653899941771,550.6882020560827,-6.953466095094618,0.759824035728875,0.7342283150112594,1,-17.785509662505245
mace_invariants,99,28,9,44,1.369840121017628,914.5835773339026,-4.04750109430807,0.5984536731977879,0.7342283150112594,0,29.35014921663702
mace_invariants,99,29,9,45,1.4170163676458452,1228.4303304779814,44.59527317299482,0.3897040702614582,0.7342283150112594,0,-23.232130557075703
mace_invariants,99,30,10,39,1.4336383690555357,1203.1968652970115,25.402266174556264,0.6829050748911962,0.7342283150112594,0,19.751290813434693
mace_invariants,99,31,10,45,1.4353534344742422,1131.9293851392588,23.859008242198566,0.3477257452546235,0.7342283150112594,0,28.77833833515188
mace_invariants,99,32,10,46,1.4006738712048694,1158.0544301449618,36.91943089209771,0.6091334682205959,0.7342283150112594,0,-33.695255424944776
mace_invariants,99,33,11,40,1.4413507468315678,1189.59248522702,52.60996591959294,0.6969270469569147,0.7342283150112594,0,-6.413540261309198
mace_invariants,99,34,11,46,1.3791743196122297,951.2260098995023,-7.72859210229443,0.7553845422280264,0.7342283150112594,1,-48.91194040258888
mace_invariants,99,35,11,47,1.4117443059031591,1108.8095443886518,38.63473614427161,0.7433967761689813,0.7342283150112594,1,-39.130937271198064
mace_invariants,99,36,12,47,1.4495254302786742,1455.8294820491965,98.81118442220486,0.3164350173717316,0.7342283150112594,0,-99.69659543325137
mace_invariants,99,37,12,48,1.2704604035168754,-1802.2724179385511,-974.8658687060575,0.0033374842386440506,0.7342283150112594,0,-62.61585748454776
mace_invariants,99,38,12,53,1.55333753754407,-273.7161560566097,-243.70145752527318,0.20649167129837256,0.7342283150112594,0,-120.92265115870504
mace_invariants,99,39,13,42,1.4319337157112662,1391.8957339279661,65.41845164912488,0.6459172245391953,0.7342283150112594,0,16.25997678111723
mace_invariants,99,40,13,48,1.4359386454988354,1108.7197109517142,33.19875592243779,0.3179012073747271,0.7342283150112594,0,-31.41874875330564
mace_invariants,99,41,13,49,1.4628433409085704,917.9445580635472,4.55363221755678,0.6872115868260384,0.7342283150112594,0,-17.180748500187587
mace_invariants,99,42,14,43,1.4240894280828373,1142.1225216008188,17.40801109009704,0.322172439009041,0.7342283150112594,0,49.95094492263598
mace_invariants,99,43,14,49,1.400252673546344,1064.6283779757134,25.193016343502503,0.5900220206453091,0.7342283150112594,0,-2.5503556889419094
mace_invariants,99,44,14,50,1.4503281157367895,1170.0611192483236,58.75557610823684,0.5264620424793177,0.7342283150112594,0,-18.989012644782154
mace_invariants,99,45,15,44,1.4354314862908337,998.5660068337276,19.0093897433028,0.4823719285352312,0.7342283150112594,0,-19.423337219028824
mace_invariants,99,46,15,50,1.4914856416419717,642.7506295959882,0.773148853143897,0.5156951506580612,0.7342283150112594,0,33.31191696198292
mace_invariants,99,47,15,51,1.3276406306564732,184.6743702367149,-193.7110301751688,0.2703228607802322,0.7342283150112594,0,123.61559380065921
mace_invariants,99,48,16,45,1.4280763974700144,1492.4823680387221,42.40326284549386,0.2557410612025,0.7342283150112594,0,10.561165466773176
mace_invariants,99,49,16,51,1.4799003374640132,886.2784983102609,12.033928951733941,0.2524415963838306,0.7342283150112594,0,63.526783031154224
mace_invariants,99,50,16,52,1.3498964485508096,476.55519576249816,-133.4502754686862,0.40269835927898745,0.7342283150112594,0,-14.490652373272251
mace_invariants,99,51,17,46,1.4868790981195366,738.1088199752293,-13.723642687465427,0.5704771306168099,0.7342283150112594,0,7.274393513069269
mace_invariants,99,52,17,52,1.4821012895703054,906.1191786386718,23.727010390572545,0.45602670572732507,0.7342283150112594,0,48.162710575147486
mace_invariants,99,53,17,53,1.380055403993674,1074.211108042229,51.71910293224041,0.4485460184844057,0.7342283150112594,0,-18.9189057974156
mace_invariants,99,54,18,53,1.419191841171508,1154.7067301996058,66.5637230228991,0.3564965844126824,0.7342283150112594,0,-16.41592083264609
mace_invariants,99,55,18,54,1.4201794142353472,1095.5241458204966,56.6049165804181,0.36269387967020833,0.7342283150112594,0,31.7162057228967
mace_invariants,99,56,18,59,1.4445125995750396,1260.2646472969955,60.831038039354915,0.4797999154640225,0.7342283150112594,0,28.29219934610477
mace_invariants,99,57,19,48,1.4682900394520144,895.905054638687,-10.26898710112665,0.3346897039389457,0.7342283150112594,0,0.9482598043602017
mace_invariants,99,58,19,54,1.4041646998611172,1242.8559829577525,61.74987057947068,0.5440411862562001,0.7342283150112594,0,1.3992473015926326
mace_invariants,99,59,19,55,1.3916108903505433,1152.0747628442023,15.164421416299843,0.5627716312519883,0.7342283150112594,0,-13.175561589449384
mace_invariants,99,60,20,49,1.3691116641820165,944.6191308563793,-9.294698218573538,0.5939238216419555,0.7342283150112594,0,21.815463836439818
mace_invariants,99,61,20,55,1.4583020479008901,1048.0525472553516,24.715485749268733,0.45269536950368666,0.7342283150112594,0,7.166072478602781
mace_invariants,99,62,20,56,1.489792017946348,932.8186872306044,60.49711979443194,0.43422438336555713,0.7342283150112594,0,37.220256683361136
mace_invariants,99,63,21,50,1.3925216990724605,1076.5153178957692,9.212886616666687,0.6233311508450895,0.7342283150112594,0,-4.902046652956219
mace_invariants,99,64,21,56,1.3950347390893878,1208.627269472171,30.1294676382491,0.5271916907346825,0.7342283150112594,0,44.133780696319434
mace_invariants,99,65,21,57,1.4497158138714759,1038.4706926418332,46.01254488132373,0.5891760504089949,0.7342283150112594,0,-8.171149681043737
mace_invariants,99,66,22,51,1.5100465912950438,603.2536315287333,21.597498318670834,0.17931036498233227,0.7342283150112594,0,84.00576987539324
mace_invariants,99,67,22,57,1.4423877941975165,1204.3502447208887,23.925544791296932,0.3905275544240666,0.7342283150112594,0,0.15945783219855159
mace_invariants,99,68,22,58,1.3153675920989896,-10.080947948948204,-176.60739505357452,0.15947790327275613,0.7342283150112594,0,32.93563995412927
mace_invariants,99,69,23,52,1.3992547644531308,1223.8827238367442,38.91962986092101,0.516689544789192,0.7342283150112594,0,30.524631978464516
mace_invariants,99,70,23,58,1.400031666010393,1142.4302630885065,18.84438194115129,0.346600320184459,0.7342283150112594,0,24.546059726946897
mace_invariants,99,71,23,59,1.4787104272193827,957.7931471716767,12.053555375643725,0.6325121885976128,0.7342283150112594,0,-20.25287403923218
mace_invariants,99,72,24,59,1.3988010816067669,1100.2131767849196,-11.508548201442592,0.627583005607296,0.7342283150112594,0,-6.821071194801991
mace_invariants,99,73,24,60,1.4343604846189026,1135.4183963184732,30.798168513078185,0.4335848719084462,0.7342283150112594,0,73.85189966063014
mace_invariants,99,74,24,65,1.4129397793022083,1161.2609291551742,44.93797749922555,0.6034113579407331,0.7342283150112594,0,1.606750149033667
mace_invariants,99,75,25,54,1.4282346451321806,1107.4801641535955,18.133535301178284,0.5396923324123719,0.7342283150112594,0,19.753230440112333
mace_invariants,99,76,25,60,1.419391306627033,1236.1642467707102,20.621747704684786,0.4628002345073364,0.7342283150112594,0,69.93857758280926
mace_invariants,99,77,25,61,1.4581918625480277,1035.4858646121916,30.42309589736983,0.7138775684896566,0.7342283150112594,0,16.301251922867028
mace_invariants,99,78,26,55,1.3968719546369812,1074.672279062616,23.854996412160393,0.5022128919777952,0.7342283150112594,0,12.965000927045114
mace_invariants,99,79,26,61,1.4218956578297974,1142.9195902017977,-16.80435862166444,0.6576676830592917,0.7342283150112594,0,-16.415588380256622
mace_invariants,99,80,26,62,1.4293905872616626,1058.6142865204283,20.518645704734148,0.6013737631895288,0.7342283150112594,0,0.6169562646324493
mace_invariants,99,81,27,56,1.3309348968133548,190.05341478138803,-216.16617045678368,0.43579015939855337,0.7342283150112594,0,80.37073024837794
mace_invariants,99,82,27,62,1.436825422005918,1262.9962681254626,34.316322724512155,0.5534220167484166,0.7342283150112594,0,0.285750506445547
mace_invariants,99,83,27,63,1.366135362112736,906.6360079300293,-28.538767184971935,0.4685359001764803,0.7342283150112594,0,5.528427042400995
mace_invariants,99,84,28,57,1.376512749553962,1070.8604736451455,11.91834098145611,0.5140635411497174,0.7342283150112594,0,-7.61101366023464
mace_invariants,99,85,28,63,1.438572462243123,1081.7249550651743,56.555255553276744,0.48482492225333196,0.7342283150112594,0,78.10464812213813
mace_invariants,99,86,28,64,1.487440230353101,766.3351152129272,1.3711002910180587,0.4813140922277488,0.7342283150112594,0,-6.576199436491418
mace_invariants,99,87,29,58,1.4939715799927091,593.8815621805055,-32.014065948246795,0.07923001167533417,0.7342283150112594,0,321.9987439435053
mace_invariants,99,88,29,64,1.3590505937147113,808.9994183007462,-9.28223056556627,0.2775302139046761,0.7342283150112594,0,243.73302254555014
mace_invariants,99,89,29,65,1.5172028048470592,527.9438808444186,12.180766525363005,0.3409702324219251,0.7342283150112594,0,305.8497522545028
mace_invariants,99,90,30,65,1.4592105560386663,1125.9553656643475,43.4104460060946,0.8210354498595637,0.7342283150112594,1,-34.56416485852678
mace_invariants,99,91,30,66,1.3567931264326132,512.3755090529869,-90.1288183585502,0.8638739672918203,0.7342283150112594,1,-83.89223326753265
mace_invariants,99,92,30,71,1.4383860294534674,1167.5974282207858,38.64611623471449,0.8345081214765766,0.7342283150112594,1,-26.158323298355075
mace_invariants,99,93,31,60,1.4413627598020127,1163.0230831466517,-4.922404449008454,0.5188598389019032,0.7342283150112594,0,36.48903950361848
mace_invariants,99,94,31,66,1.3947839595936422,982.6819395618862,1.9718098781469073,0.7315248423664469,0.7342283150112594,0,-26.131548077490603
mace_invariants,99,95,31,67,1.364712789600622,892.7902500828131,-40.28951247200117,0.8284049469716261,0.7342283150112594,1,-57.99222703828897
mace_invariants,99,96,32,61,1.460482444677104,1008.7490819684939,-1.1251820170987465,0.7080043298030474,0.7342283150112594,0,6.4831117950718
mace_invariants,99,97,32,67,1.435574357374838,1255.1106485137184,23.063862974849496,0.7664721038904501,0.7342283150112594,1,-52.623996994781734
mace_invariants,99,98,32,68,1.4125701275924019,1251.710025229519,7.350440682986462,0.6765987365432165,0.7342283150112594,0,-15.28044371119525
mace_invariants,99,99,33,62,1.3543602829622987,752.2208163573426,-52.99894196472182,0.7658293406891488,0.7342283150112594,1,-11.916250727923423
mace_invariants,99,100,33,68,1.4472621315201322,1011.5535726887379,12.722944881613365,0.7907176672990806,0.7342283150112594,1,-23.207863614086865
mace_invariants,99,101,33,69,1.4623369474628525,1130.411985699422,44.397007121039735,0.8307437099963753,0.7342283150112594,1,-20.479673461978017
mace_invariants,99,102,34,63,1.3609623746578443,590.4691057660689,-78.81850467986368,0.5806691630739031,0.7342283150112594,0,18.88273739052145
mace_invariants,99,103,34,69,1.3788940341399767,1060.5536370117181,19.915624129867687,0.7304696489530659,0.7342283150112594,0,-16.809543398415602
mace_invariants,99,104,34,70,1.4686334325071677,993.6854046011639,31.73431195379485,0.5433451520699505,0.7342283150112594,0,-3.3786129919164853
mace_invariants,99,105,35,64,1.3628421712751229,651.6656749163612,-37.30344072585119,0.6500623797653248,0.7342283150112594,0,-46.14631089692742
mace_invariants,99,106,35,70,1.4669723386570621,1045.810920624688,31.250217579321156,0.6162491987869554,0.7342283150112594,0,-14.94952394737907
mace_invariants,99,107,35,71,1.435501704939438,1259.7962051466852,69.64834478735142,0.7269750698995867,0.7342283150112594,0,-6.788120506291495
mace_invariants,20,0,0,36,1.4272601312761404,1125.6422778969882,-71.89391140655827,0.586347933698293,0.7234660237540422,0,4.562291072415286
mace_invariants,20,1,0,41,1.3793805609688585,1115.0126759310494,-59.12417042847884,0.5801888430948452,0.7234660237540422,0,2.5835073284069203
mace_invariants,20,2,0,71,1.4121375606033402,1225.2517436195003,-88.91565367698198,0.4522523671402328,0.7234660237540422,0,-0.3823987630400527
mace_invariants,20,3,1,36,1.4450267233765153,1039.5229841434355,-68.47764541329313,0.752051870859306,0.7234660237540422,1,-6.162495863010378
mace_invariants,20,4,1,37,1.4436903277492175,1317.0328173178575,-52.26792173136951,0.6920346188415925,0.7234660237540422,0,-9.736867072162212
mace_invariants,20,5,1,66,1.3794269971683102,1143.2875682076701,-80.45738419927717,0.8154725981103256,0.7234660237540422,1,12.494826202406813
mace_invariants,20,6,2,37,1.4317919553624605,1340.0547659496976,-83.79406739680533,0.6497164244913436,0.7234660237540422,0,-28.375811427289445
mace_invariants,20,7,2,38,1.3777284112849286,846.9539541493348,-77.30614631993643,0.7087196149623871,0.7234660237540422,0,18.20140294096715
mace_invariants,20,8,2,67,1.493337448698108,913.0185040580243,-70.68063645623313,0.767315496261344,0.7234660237540422,1,-2.2092066372055186
mace_invariants,20,9,3,38,1.4371274387055495,1322.1185196238848,-30.108013368415566,0.6684518925852639,0.7234660237540422,0,14.708621657128955
mace_invariants,20,10,3,39,1.3821886450562697,1242.6933041925595,-63.5570870354566,0.6771757451190584,0.7234660237540422,0,28.435466641206393
mace_invariants,20,11,3,68,1.4839530741782816,902.2049641279186,-20.5988658768267,0.7097209036146612,0.7234660237540422,0,-1.5270521497295135
mace_invariants,20,12,4,39,1.450338701430025,968.5272763665936,-55.91530089274332,0.5669381345616389,0.7234660237540422,0,8.096455775881688
mace_invariants,20,13,4,40,1.3915885438910476,1114.371127662055,-64.50409140955946,0.5431286150174324,0.7234660237540422,0,38.56971156377671
mace_invariants,20,14,4,69,1.4050879365332645,1145.8429777376118,-93.16336889510934,0.48153368122578366,0.7234660237540422,0,-29.370750517072228
mace_invariants,20,15,5,40,1.499869822295866,732.9355212593575,-83.07069545092993,0.4739743063996059,0.7234660237540422,0,16.270559916093667
mace_invariants,20,16,5,41,1.4525179927667715,1037.289249642583,-57.20296264843413,0.48391494435324045,0.7234660237540422,0,-34.90616863336491
mace_invariants,20,17,5,70,1.350827889230057,629.5886998187865,-98.588481751287,0.42314687413087926,0.7234660237540422,0,21.496368518162015
mace_invariants,20,18,6,41,1.3744706699585065,849.5626942689778,-77.44065273390088,0.6588952234496301,0.7234660237540422,0,-18.035972080323564
mace_invariants,20,19,6,42,1.4426090634196853,1180.9334222019913,-70.62331637524252,0.6282805479926682,0.7234660237540422,0,35.397893491682154
mace_invariants,20,20,6,47,1.4150946466580918,1237.552655924146,-62.61645930265875,0.6859406993397391,0.7234660237540422,0,8.18625265747864
mace_invariants,20,21,7,36,1.386392749253066,885.6182875295973,-89.38262393900754,0.6298192668056758,0.7234660237540422,0,20.408207928775436
mace_invariants,20,22,7,42,1.346649345535917,451.3167340813696,-140.12886361071116,0.5930455007452661,0.7234660237540422,0,-15.962342536110462
mace_invariants,20,23,7,43,1.4157202436205707,1142.429588255027,-63.11734543884538,0.6957375640942951,0.7234660237540422,0,56.92819758325311
mace_invariants,20,24,8,37,1.4538026701781,1283.2330676108354,-43.84188692352471,0.6959342186795524,0.7234660237540422,0,13.19499330218092
mace_invariants,20,25,8,43,1.3881583463257978,1044.6093815190964,-40.61642343825035,0.8218697679858853,0.7234660237540422,1,3.8511225168387284
mace_invariants,20,26,8,44,1.4401596807695005,1634.2077956911717,-41.39983342519457,0.7323924278746929,0.7234660237540422,1,6.37915790976569
mace_invariants,20,27,9,38,1.3693034469543006,816.9582891343706,-71.28914838978694,0.7426127092964093,0.7234660237540422,1,4.1586976002345075
mace_invariants,20,28,9,44,1.399562205248922,1124.6498874507336,-78.0345275300674,0.7200677280205063,0.7234660237540422,0,4.1742227599731745
mace_invariants,20,29,9,45,1.4600443538448846,941.4966501275261,-52.40513864545626,0.8074794503671675,0.7234660237540422,1,-76.67440924410063
mace_invariants,20,30,10,39,1.4100315209264727,1054.0856395191677,-27.89000256004421,0.6717143019873711,0.7234660237540422,0,-5.666142444199192
mace_invariants,20,31,10,45,1.4416388473724464,1161.6892269434657,-31.445330838456616,0.7278571905243348,0.7234660237540422,1,29.866862756233157
mace_invariants,20,32,10,46,1.439490223831727,1069.640505775265,-60.90934713020539,0.6492652505201706,0.7234660237540422,0,27.045912464352522
mace_invariants,20,33,11,40,1.3949974365362174,994.8154853050482,-90.63509971651543,0.6249417249674208,0.7234660237540422,0,32.58692418670175
mace_invariants,20,34,11,46,1.4119982886232738,1215.1960454438645,-58.45695813935596,0.6263021930444268,0.7234660237540422,0,39.795369521274445
mace_invariants,20,35,11,47,1.4605440402467758,1014.9098215435846,-69.77689909909996,0.6619278388111642,0.7234660237540422,0,15.25764488821352
mace_invariants,20,36,12,47,1.4816659691761422,881.4980058809354,-55.80627132791165,0.6744710334904276,0.7234660237540422,0,-9.879925724330445
mace_invariants,20,37,12,48,1.4011138622985861,1102.6654633178428,-59.411363574570814,0.5562573021159822,0.7234660237540422,0,8.037943289342806
mace_invariants,20,38,12,53,1.392052153757254,1041.5185140078559,-92.89002025137333,0.6398030780121939,0.7234660237540422,0,51.61544594488534
mace_invariants,20,39,13,42,1.3739360121208932,894.7374180795803,-81.76394997802896,0.6083710337672483,0.7234660237540422,0,68.28274896942725
mace_invariants,20,40,13,48,1.4047724513012476,1090.7284121582327,-76.70508561566703,0.5478174537398739,0.7234660237540422,0,11.412090202982515
mace_invariants,20,41,13,49,1.4281866018008533,1121.741825698154,-70.47746420094428,0.46394526406968656,0.7234660237540422,0,-14.732651797011588
mace_invariants,20,42,14,43,1.4844020720213884,988.9049760862005,-62.310644800214824,0.7478760095704737,0.7234660237540422,1,18.833557535910536
mace_invariants,20,43,14,49,1.4219433162773885,1065.645974397787,-58.42239666671577,0.500758176523883,0.7234660237540422,0,33.37509099609441
mace_invariants,20,44,14,50,1.445400318438671,1246.1854392058053,-80.71391726487634,0.7788393547584717,0.7234660237540422,1,14.860173566706344
mace_invariants,20,45,15,44,1.4670062928834338,1193.42317521869,-54.97376025137086,0.6960325328550578,0.7234660237540422,0,12.767015840727366
mace_invariants,20,46,15,50,1.3782690745241761,944.3496827710816,-82.84437709090486,0.8164732181542481,0.7234660237540422,1,25.90742347847584
mace_invariants,20,47,15,51,1.4153679141784008,1253.6121356298304,-58.45854560222551,0.7367770208806671,0.7234660237540422,1,15.605714755025321
mace_invariants,20,48,16,45,1.4574379752827364,1126.9740999694748,-71.86712358956443,0.8475910781634759,0.7234660237540422,1,-13.244771779816862
mace_invariants,20,49,16,51,1.4441702989367102,1232.482637676555,-48.66050118088895,0.800923843842424,0.7234660237540422,1,-16.20528193438318
mace_invariants,20,50,16,52,1.3905866176737438,1011.4048210095989,-74.69223969362623,0.8201556764198177,0.7234660237540422,1,16.624172322720913
mace_invariants,20,51,17,46,1.4743964569341839,957.9788737644143,-71.99978050094202,0.6512541523968443,0.7234660237540422,0,7.894998696932905
mace_invariants,20,52,17,52,1.4176850051998708,1228.7232843042789,-84.01405349924475,0.7024106906573504,0.7234660237540422,0,16.539603070034985
mace_invariants,20,53,17,53,1.3515001900725525,604.6042989646669,-118.33815891701246,0.6522118426853483,0.7234660237540422,0,-60.97107565926551
mace_invariants,20,54,18,53,1.389162286845082,917.9804546720493,-61.70448146966967,0.6497845231968193,0.7234660237540422,0,24.263635524125952
mace_invariants,20,55,18,54,1.399803128845673,1077.266347091706,-83.61956554354377,0.6178996715941787,0.7234660237540422,0,26.34688615513339
mace_invariants,20,56,18,59,1.4200717133915812,1149.6600236420197,-80.57673168686046,0.6719757227679968,0.7234660237540422,0,34.186633361667205
mace_invariants,20,57,19,48,1.472371820213334,923.0393942512271,-68.55416979001559,0.5789937556493253,0.7234660237540422,0,5.282079864661684
mace_invariants,20,58,19,54,1.4616454935583776,1172.8210699261756,-35.78691670753425,0.6306546799428965,0.7234660237540422,0,5.483262984774328
mace_invariants,20,59,19,55,1.3635515708083792,712.9748317638897,-67.03890284715922,0.6628825733088386,0.7234660237540422,0,-58.527426006283704
mace_invariants,20,60,20,49,1.4073228682591175,1175.5915133386127,-94.2754117766622,0.3906007991203826,0.7234660237540422,0,20.75476066960457
mace_invariants,20,61,20,55,1.3863916610802636,947.1277332134594,-92.19574563674462,0.5583618064500833,0.7234660237540422,0,-61.617228300437745
mace_invariants,20,62,20,56,1.4314904018857733,1193.7216129833198,-58.601886546460676,0.48879325729948253,0.7234660237540422,0,-8.8076361949411
mace_invariants,20,63,21,50,1.4657229135705323,1140.1870340155501,-92.30876672968843,0.714672391200868,0.7234660237540422,0,1.4203615009675623
mace_invariants,20,64,21,56,1.4059172675575764,1210.187236999355,-71.98271190965153,0.5347836711453793,0.7234660237540422,0,19.50006856101798
mace_invariants,20,65,21,57,1.3936251592727273,1037.8899281918266,-77.82360560939439,0.564041285325921,0.7234660237540422,0,45.16835698883108
mace_invariants,20,66,22,51,1.5052072761152144,932.615371387455,-81.32576685963497,0.635514080762974,0.7234660237540422,0,-8.549197114569374
mace_invariants,20,67,22,57,1.4473606967411607,1095.4800024675264,-70.70501502594517,0.564579172161608,0.7234660237540422,0,11.49932653743799
mace_invariants,20,68,22,58,1.2994879373050297,-674.7488388480184,-355.59473083787265,0.5543710787149105,0.7234660237540422,0,32.12330146115899
mace_invariants,20,69,23,52,1.4545311517318689,1147.387441153698,-82.32685017036134,0.7211549075889931,0.7234660237540422,0,-30.351034396821102
mace_invariants,20,70,23,58,1.4465094250986659,981.5559196596524,-99.075890495616,0.620780072963536,0.7234660237540422,0,-102.04281490622904
mace_invariants,20,71,23,59,1.4360431088312544,1142.142844361618,-81.81304730470991,0.6931472591881684,0.7234660237540422,0,21.567706374558746
mace_invariants,20,72,24,59,1.4763003501013354,892.9655106772015,-80.64316194362787,0.7396061655923916,0.7234660237540422,1,16.27020199846232
mace_invariants,20,73,24,60,1.3499584875616006,647.9083628676588,-93.24994299777322,0.7575154952260366,0.7234660237540422,1,27.26740863440437
mace_invariants,20,74,24,65,1.4498066235136442,1056.0527930589903,-54.29828749163741,0.6413552764771391,0.7234660237540422,0,-10.889866856158903
mace_invariants,20,75,25,54,1.4495882432617566,1159.530524605913,-52.02187551641376,0.5850884672973409,0.7234660237540422,0,40.553530799225754
mace_invariants,20,76,25,60,1.4461111321203888,1134.049011287786,-73.22143626448555,0.657073848104804,0.7234660237540422,0,10.975923427098511
mace_invariants,20,77,25,61,1.39768012510088,1127.9198843037536,-55.76043132560182,0.674649411473814,0.7234660237540422,0,12.23886990553958
mace_invariants,20,78,26,55,1.3932737239050235,950.6068725735425,-99.47464006149596,0.5376682170209652,0.7234660237540422,0,-8.40122281482775
mace_invariants,20,79,26,61,1.519936737897425,308.01303956720307,-111.86777315053756,0.5950012678314962,0.7234660237540422,0,-29.92270134596762
mace_invariants,20,80,26,62,1.3840744233908644,1081.280371591547,-72.25667032387757,0.45314398496822805,0.7234660237540422,0,-3.3710061961180333
mace_invariants,20,81,27,56,1.384727302161654,1088.0561660457263,-80.71384161395879,0.42268017159669913,0.7234660237540422,0,52.70663502307809
mace_invariants,20,82,27,62,1.4492843682772458,1355.8574095685244,-89.3173074536928,0.4077244886945627,0.7234660237540422,0,62.715174708771
mace_invariants,20,83,27,63,1.322545042012971,10.983454071398668,-161.93342754333267,0.31863606703741465,0.7234660237540422,0,-11.138686267530211
mace_invariants,20,84,28,57,1.473325347120256,1231.294147402407,-76.27034716533707,0.5785379636659314,0.7234660237540422,0,36.89007413659921
mace_invariants,20,85,28,63,1.4228230206909196,1431.9436575182935,-72.68671413291187,0.44523624492610514,0.7234660237540422,0,-26.3140237736587
mace_invariants,20,86,28,64,1.3435284330709907,518.4318100778596,-124.72028452284377,0.6628741181645935,0.7234660237540422,0,-1.353635910891029
mace_invariants,20,87,29,58,1.4428773209088557,1543.4419391837162,-68.27343460796904,0.4988332960417634,0.7234660237540422,0,-43.63611171082731
mace_invariants,20,88,29,64,1.4316263847122916,1168.6625566681885,-37.860645961675694,0.5933775439871231,0.7234660237540422,0,11.019284841121722
mace_invariants,20,89,29,65,1.3965714723442864,1194.2359527783142,-63.178211683511535,0.47294959315114327,0.7234660237540422,0,52.44366340582391
mace_invariants,20,90,30,65,1.4138828456100274,1291.9839640535056,-38.131114638569414,0.3788410560760737,0.7234660237540422,0,32.66291124989064
mace_invariants,20,91,30,66,1.4056486968432185,1122.4134201239071,-67.2253882368121,0.5321030430627407,0.7234660237540422,0,12.89921642879582
mace_invariants,20,92,30,71,1.4363363995668261,1178.0097298187936,-100.03176506756796,0.33458674925366094,0.7234660237540422,0,14.236716854643817
mace_invariants,20,93,31,60,1.4603833153671382,1001.0012826061876,-35.5822703303638,0.6485265176058042,0.7234660237540422,0,4.547635459059563
mace_invariants,20,94,31,66,1.4868916088105226,760.6319565606118,-69.82816289225964,0.6856282858435736,0.7234660237540422,0,12.994726386242391
mace_invariants,20,95,31,67,1.392660360963325,1061.3635438298559,-73.7451988770071,0.6797893783448409,0.7234660237540422,0,22.438567998672198
mace_invariants,20,96,32,61,1.4532113505353323,1236.3939870002546,-56.73946255730546,0.6755088206241591,0.7234660237540422,0,-34.91325922134685
mace_invariants,20,97,32,67,1.474130816983689,897.5751171431629,-92.08333530075643,0.6891961179941858,0.7234660237540422,0,-28.34485669389699
mace_invariants,20,98,32,68,1.426315517219004,1173.3864122948871,-44.51515175369353,0.671869247724626,0.7234660237540422,0,-8.968178992303322
mace_invariants,20,99,33,62,1.4724438091439795,1072.6428359188753,-34.996508566077544,0.5124942051204082,0.7234660237540422,0,-4.44813298234412
mace_invariants,20,100,33,68,1.3786202263966547,957.278140530214,-67.01009045131826,0.6507119150841433,0.7234660237540422,0,17.1153351876387
mace_invariants,20,101,33,69,1.4961273207989454,949.3229891382233,-74.74135028000684,0.5327623032526853,0.7234660237540422,0,-18.954883959729408
mace_invariants,20,102,34,63,1.5040978475752855,669.0533225427673,-99.69128587583963,0.3279281217592956,0.7234660237540422,0,4.777832964219787
mace_invariants,20,103,34,69,1.4891694333419965,820.758603893504,-87.63574930197332,0.43728464154872065,0.7234660237540422,0,-28.726293720558214
mace_invariants,20,104,34,70,1.3947236898514626,930.2693423136319,-89.24150518072311,0.4480521430716426,0.7234660237540422,0,-11.301899700857224
mace_invariants,20,105,35,64,1.4672970427720102,827.436167757144,-57.54261888057701,0.6382362095497176,0.7234660237540422,0,23.19490981934821
mace_invariants,20,106,35,70,1.4715779301356502,934.7971812671884,-73.03504742475316,0.5407223576235762,0.7234660237540422,0,-1.9236265800933445
mace_invariants,20,107,35,71,1.4039679464429167,1070.7118622223693,-76.78581396290465,0.47355395189132504,0.7234660237540422,0,20.86894664184328
mace_invariants,6,0,0,36,1.512807542241714,-256.2016586006744,-94.32049261798495,0.41948565670015986,0.7242909718391131,0,157.9131897326693
mace_invariants,6,1,0,41,1.3980260636793633,733.2810289553803,41.129876608583096,0.5445542350492821,0.7242909718391131,0,-11.734527409479917
mace_invariants,6,2,0,71,1.4479451898230502,484.87072084168494,26.86917923067183,0.49102718848047566,0.7242909718391131,0,-30.627963132855488
mace_invariants,6,3,1,36,1.3368541909021847,-93.7096501835284,-70.89092871725566,0.35725240883592246,0.7242909718391131,0,53.574608419547886
mace_invariants,6,4,1,37,1.4676871675821794,446.0941201576478,5.373634175064201,0.43892563829860215,0.7242909718391131,0,-2.658777412202946
mace_invariants,6,5,1,66,1.4895188235436283,407.79946652298537,-1.6678805964163295,0.6092025157581276,0.7242909718391131,0,39.21210102284692
mace_invariants,6,6,2,37,1.407602352404,824.8432569137595,52.12566260453676,0.37057093878507896,0.7242909718391131,0,30.11346633709874
mace_invariants,6,7,2,38,1.4089936063053474,804.539890156362,31.156541724239776,0.44297423979831735,0.7242909718391131,0,14.696291122459481
mace_invariants,6,8,2,67,1.409097238737353,977.7323514345313,54.89766862751351,0.30453495473590464,0.7242909718391131,0,88.49821884452614
mace_invariants,6,9,3,38,1.31106449947521,-540.2987049725875,-82.78224216422636,0.47746964067692926,0.7242909718391131,0,-14.887515842512698
mace_invariants,6,10,3,39,1.3988345383515939,836.146433223949,12.779806958757387,0.5548885895658203,0.7242909718391131,0,-7.870255203747254
mace_invariants,6,11,3,68,1.456379939488702,512.894471541544,22.957055512896474,0.5189767565179662,0.7242909718391131,0,-24.111642141221047
mace_invariants,6,12,4,39,1.4304908949047501,995.3038669162833,44.55806729149395,0.8062426670021285,0.7242909718391131,1,-39.54941214269695
mace_invariants,6,13,4,40,1.4573602841247348,824.2281057087256,25.391405866139948,0.9289254707720294,0.7242909718391131,1,115.14191073589828
mace_invariants,6,14,4,69,1.4426351545184186,714.0036044150612,16.255946997679843,1.0767978753891803,0.7242909718391131,1,87.40946008639195
mace_invariants,6,15,5,40,1.482806270524472,439.6994310120563,5.0691818497878325,0.8001298435812647,0.7242909718391131,1,31.58541209620897
mace_invariants,6,16,5,41,1.4683657022481278,573.1015191918028,54.193955274280114,0.571020138795677,0.7242909718391131,0,14.808090700542824
mace_invariants,6,17,5,70,1.3400064190985024,102.56486402668457,17.595193542860063,0.6690971132330632,0.7242909718391131,0,32.77434160048841
mace_invariants,6,18,6,41,1.408039849738852,494.15275467915,-1.7753906365365544,0.5394450795277549,0.7242909718391131,0,-4.132370701688487
mace_invariants,6,19,6,42,1.4418386972901165,722.8834662635708,35.32868642369422,0.6291521164805074,0.7242909718391131,0,-16.788284774663044
mace_invariants,6,20,6,47,1.4532042562822578,654.5872055161644,22.01810078869352,0.6863372064931068,0.7242909718391131,0,62.79657024680117
mace_invariants,6,21,7,36,1.3503225166810224,252.82215227984116,-63.00575871248162,0.38604141463267144,0.7242909718391131,0,21.788376388456776
mace_invariants,6,22,7,42,1.3891898076777023,669.8263672533776,-54.145206586173614,0.6008170299345461,0.7242909718391131,0,-23.674429062382227
mace_invariants,6,23,7,43,1.486197240791876,462.93978238735457,14.472474694493892,0.6217048257341199,0.7242909718391131,0,35.13730032288035
mace_invariants,6,24,8,37,1.4356560500869449,805.1063334746577,30.046297430553217,0.5619000018470481,0.7242909718391131,0,1.7801011074785205
mace_invariants,6,25,8,43,1.4660196517225863,660.4199166390724,-14.972679828817052,0.7158901834858169,0.7242909718391131,0,12.85083760172555
mace_invariants,6,26,8,44,1.397948557628855,721.3879349687068,9.033895308619595,0.7317612226058152,0.7242909718391131,1,13.333352018334278
mace_invariants,6,27,9,38,1.4829563837218505,478.95963106961545,34.32465502050171,0.6726615820002346,0.7242909718391131,0,13.84543655679958
mace_invariants,6,28,9,44,1.4359840414582226,792.7116590349161,18.72941824127774,0.7701195017457634,0.7242909718391131,1,13.111820413415687
mace_invariants,6,29,9,45,1.4758068530559516,801.6493179225912,-1.4750557559804651,0.7035300716667618,0.7242909718391131,0,1.9980653133690929
mace_invariants,6,30,10,39,1.4787917995816042,759.5788388734165,33.03590511458283,0.7322526214415098,0.7242909718391131,1,-53.30401510371995
mace_invariants,6,31,10,45,1.4008792418464744,809.5370280059544,-7.68469556039356,0.6857021622191461,0.7242909718391131,0,-37.938121810516435
mace_invariants,6,32,10,46,1.4882454706764272,556.0280638258057,69.58671541510014,0.7448926937366571,0.7242909718391131,1,-36.74574752884189
mace_invariants,6,33,11,40,1.4605736530922442,713.2586949668215,32.064454658832425,0.9431083297476668,0.7242909718391131,1,23.15471851568073
mace_invariants,6,34,11,46,1.3873164073563882,648.1061033396808,67.49491084711356,0.8330655982729134,0.7242909718391131,1,-36.44411930202094
mace_invariants,6,35,11,47,1.4436925964536929,783.9306589528192,0.8868796633677983,0.8608907519274311,0.7242909718391131,1,24.10803380572545
mace_invariants,6,36,12,47,1.480112320283898,599.6917391713033,13.269799521614951,0.7565829360363112,0.7242909718391131,1,64.23832581290412
mace_invariants,6,37,12,48,1.4812090871162047,784.2550592045645,38.888143065656884,0.7427402206561197,0.7242909718391131,1,84.68290214666817
mace_invariants,6,38,12,53,1.3194153794071812,-568.0670193697462,-86.86979009360493,0.6234882486324963,0.7242909718391131,0,26.67557607954727
mace_invariants,6,39,13,42,1.397917782024214,1001.5096772887764,18.14604122656378,0.6691420305993555,0.7242909718391131,0,-14.895906909875574
mace_invariants,6,40,13,48,1.4715083994397427,646.2225431165697,3.126705471498022,0.7124844052317634,0.7242909718391131,0,5.834786806610348
mace_invariants,6,41,13,49,1.4419089529102878,712.3443846482569,62.14967129086663,0.6422464927734033,0.7242909718391131,0,31.27433587037432
mace_invariants,6,42,14,43,1.4265695169861161,721.2679775881021,-1.1026975078781767,0.7474101751033186,0.7242909718391131,1,16.989556515763915
mace_invariants,6,43,14,49,1.3207089036908124,-434.71374832224194,8.190119143784196,0.6996268414777927,0.7242909718391131,0,12.699352634526566
mace_invariants,6,44,14,50,1.4578976812396982,601.8560603092266,5.908900270889104,0.7158765236775699,0.7242909718391131,0,4.893726487039852
mace_invariants,6,45,15,44,1.3602829853449783,308.2441037058085,-7.148054993690122,0.7855110624139355,0.7242909718391131,1,-15.855764820123692
mace_invariants,6,46,15,50,1.4756196545175349,727.4604572716214,31.28710909847101,0.7381063718681884,0.7242909718391131,1,-23.533836680188156
mace_invariants,6,47,15,51,1.4377228773527535,923.4222074689102,37.4501272602171,0.5441737842487775,0.7242909718391131,0,7.2548787978774705
mace_invariants,6,48,16,45,1.4223240971496969,714.5571338403616,51.7346250368247,0.5885793265426374,0.7242909718391131,0,42.76465890611493
mace_invariants,6,49,16,51,1.415942312609071,845.3572913104416,16.958809635221936,0.41383147845648083,0.7242909718391131,0,117.93616335195055
mace_invariants,6,50,16,52,1.344274885526911,69.8516221664811,55.24312439237549,0.5828167854738793,0.7242909718391131,0,40.13601283421606
mace_invariants,6,51,17,46,1.450833774634021,1006.5934268276413,39.01750793935809,0.6095674134970692,0.7242909718391131,0,-6.032570713786072
mace_invariants,6,52,17,52,1.39512949257262,856.9384118963724,41.83479766170734,0.5446143409108,0.7242909718391131,0,38.99519775214725
mace_invariants,6,53,17,53,1.4224028063041598,714.6014682247369,-6.189152037504508,0.504297879747772,0.7242909718391131,0,36.23455002620977
mace_invariants,6,54,18,53,1.435024321415325,763.0410240596507,13.763887775835652,0.4292989049939863,0.7242909718391131,0,9.15103059542575
mace_invariants,6,55,18,54,1.4238616492936855,821.0533677840813,24.240844592738565,0.5205047397054807,0.7242909718391131,0,20.996111378784335
mace_invariants,6,56,18,59,1.463673126969416,640.7662435263724,15.274023721994823,0.5262803395646672,0.7242909718391131,0,-25.961809593474438
mace_invariants,6,57,19,48,1.4336382420139828,896.8715027942134,25.023890387501265,0.7084214735876841,0.7242909718391131,0,53.88480508430048
mace_invariants,6,58,19,54,1.4065661168710433,719.8676142988949,51.16114466686331,0.6803753362755551,0.7242909718391131,0,-10.737208877405948
mace_invariants,6,59,19,55,1.3768596462504485,515.144101485967,37.568119053859164,0.6101814470057563,0.7242909718391131,0,19.106486692842836
mace_invariants,6,60,20,49,1.4270843638198272,1038.6936889279737,44.204287398864196,0.5929660151013738,0.7242909718391131,0,22.798142932021563
mace_invariants,6,61,20,55,1.3812144462363012,636.9243695876028,29.723385750373513,0.5649639009778061,0.7242909718391131,0,12.168615233671117
mace_invariants,6,62,20,56,1.3978858485772656,808.7830727393844,55.88905900053641,0.5947355927514573,0.7242909718391131,0,-5.640108414777979
mace_invariants,6,63,21,50,1.397960504732151,952.7557346577069,16.039447849484393,0.7460969202334733,0.7242909718391131,1,-23.785214325434108
mace_invariants,6,64,21,56,1.4816590616098297,530.089653620368,-13.933595962998577,0.7316168156837796,0.7242909718391131,1,-33.00017746214051
mace_invariants,6,65,21,57,1.4799537482967047,777.8627669984472,-26.617358811857475,0.8429229160211732,0.7242909718391131,1,-9.64066304396341
mace_invariants,6,66,22,51,1.4442117896862225,741.458435184774,33.623104817958996,0.619368478301756,0.7242909718391131,0,2.0513678299200295
mace_invariants,6,67,22,57,1.4664342599864268,721.4186889222385,17.729329058288947,0.9101270617088668,0.7242909718391131,1,-16.8188195494068
mace_invariants,6,68,22,58,1.3690656837708408,473.3964653502507,11.457804398073652,0.9088667657669107,0.7242909718391131,1,-27.731292387685006
mace_invariants,6,69,23,52,1.4912279101071433,423.1322782976402,36.66536412315674,0.5377992715660648,0.7242909718391131,0,17.545702127558684
mace_invariants,6,70,23,58,1.4542985560525066,821.9714147270493,24.904830959483924,0.6583122520138212,0.7242909718391131,0,-67.44254473286763
mace_invariants,6,71,23,59,1.3809159875494637,571.0115668998732,52.46647046966742,0.5944642449737176,0.7242909718391131,0,-25.618021763091633
mace_invariants,6,72,24,59,1.3861870292596297,616.2960842383762,5.210523891932876,0.6690167006102544,0.7242909718391131,0,-51.26735007156046
mace_invariants,6,73,24,60,1.4111920707668226,1006.8702191691604,58.349146562443835,0.4621283384739224,0.7242909718391131,0,-18.639484539670185
mace_invariants,6,74,24,65,1.4859828262842856,729.446105638837,10.414802429924809,0.6905192911915232,0.7242909718391131,0,-60.88718829308908
mace_invariants,6,75,25,54,1.3674406621726005,526.0956691287995,20.940525371222783,0.6009003432358884,0.7242909718391131,0,72.38036142418056
mace_invariants,6,76,25,60,1.466955238260029,465.60022736802335,7.9825146976571855,0.3997875809587428,0.7242909718391131,0,126.33837613186982
mace_invariants,6,77,25,61,1.3262199524890337,-388.5122731226965,7.931762146039134,0.44314439963041585,0.7242909718391131,0,19.428654039077003
mace_invariants,6,78,26,55,1.494487326181354,265.9965597004005,2.379971672481048,0.49440035129228255,0.7242909718391131,0,-69.37217608746306
mace_invariants,6,79,26,61,1.3934355123710542,718.4300737724626,11.5770035478783,0.4068382969566089,0.7242909718391131,0,62.761853705057504
mace_invariants,6,80,26,62,1.3651163352946603,376.7486539184506,0.7786570469723308,0.5433469237813932,0.7242909718391131,0,-30.6287708001727
mace_invariants,6,81,27,56,1.4510156660016351,986.8610406287701,-2.2437091857775426,0.6904952561405542,0.7242909718391131,0,-24.370014445488362
mace_invariants,6,82,27,62,1.388233981835233,564.1147053807243,14.924958081451146,0.7096701368560135,0.7242909718391131,0,4.601708794401707
mace_invariants,6,83,27,63,1.4763194850363341,448.1813015342894,-25.976792979994347,0.736874538553638,0.7242909718391131,1,-29.696783177512874
mace_invariants,6,84,28,57,1.4275298437884563,1080.2231874743075,25.813346186516416,0.7910351776019394,0.7242909718391131,1,78.23705178507632
mace_invariants,6,85,28,63,1.4137767677796482,753.9769011887445,27.240533000021784,0.7261083596776297,0.7242909718391131,1,10.754098543365885
mace_invariants,6,86,28,64,1.4522954268323225,647.295015769247,69.64159637248503,0.877964056358254,0.7242909718391131,1,84.86466196960954
mace_invariants,6,87,29,58,1.4491530559997359,856.7360059951894,8.331002043911434,0.6629768352379846,0.7242909718391131,0,28.020382154426994
mace_invariants,6,88,29,64,1.4323299101795677,837.1625431209036,23.112906968162623,0.7511660099362552,0.7242909718391131,1,87.17289923730257
mace_invariants,6,89,29,65,1.410226190605933,773.1216251126209,7.529133076963701,0.62063141877915,0.7242909718391131,0,9.176018618315553
mace_invariants,6,90,30,65,1.372758835880856,600.8085610000236,-19.164552080581583,0.7607469528570782,0.7242909718391131,1,-31.839054919092572
mace_invariants,6,91,30,66,1.4596316717278746,672.7943463953823,-1.3351748980403848,0.7553470167166743,0.7242909718391131,1,2.5239664644383932
mace_invariants,6,92,30,71,1.4217443437784136,684.3724004381944,12.25714540812817,0.574938441574785,0.7242909718391131,0,-24.624442950683754
mace_invariants,6,93,31,60,1.4280590410291127,847.5490145420717,39.032883846026955,0.36696872816473414,0.7242909718391131,0,76.28950680313525
mace_invariants,6,94,31,66,1.425701598520152,838.7871073445509,26.690381391746683,0.5899597447419311,0.7242909718391131,0,140.08950242977585
mace_invariants,6,95,31,67,1.4275913768320054,699.3016751575115,48.2749794540396,0.3536468832332314,0.7242909718391131,0,32.98122837651126
mace_invariants,6,96,32,61,1.4625617539369167,634.3239431863196,-1.619236971168045,0.4643366883619362,0.7242909718391131,0,-20.945798460088138
mace_invariants,6,97,32,67,1.4400982265498263,815.6276737986806,23.939734690319654,0.4076580247587604,0.7242909718391131,0,10.061841905094656
mace_invariants,6,98,32,68,1.339894564477318,-120.98292874536065,-9.329551917235653,0.5876044256622099,0.7242909718391131,0,11.77634807594166
mace_invariants,6,99,33,62,1.4327602065267253,761.1247264973082,17.600930003679785,0.7061081811421753,0.7242909718391131,0,3.9759822922454195
mace_invariants,6,100,33,68,1.4166469526286936,873.9347833196975,53.64653622324007,0.6928672916176649,0.7242909718391131,0,36.678356386556445
mace_invariants,6,101,33,69,1.4893149490167876,383.0285653070539,29.655545564076068,0.9993343330525708,0.7242909718391131,1,-69.12828935680945
mace_invariants,6,102,34,63,1.4164759061844763,870.6659204211883,30.757648122914183,0.6887186685561095,0.7242909718391131,0,25.20595937384119
mace_invariants,6,103,34,69,1.4474526207256062,749.8364272543648,10.010487847513302,0.9547404187688806,0.7242909718391131,1,42.15106300531876
mace_invariants,6,104,34,70,1.4614241382681945,710.6084503593937,10.689285389256085,0.6758352838035281,0.7242909718391131,0,10.719620124701574
mace_invariants,6,105,35,64,1.483597669879744,486.120622287984,12.326035013644681,0.9075141127552177,0.7242909718391131,1,-35.91725275571113
mace_invariants,6,106,35,70,1.4268039629928706,822.3907634313288,52.19442839278869,0.7427750313220118,0.7242909718391131,1,24.501790949690104
mace_invariants,6,107,35,71,1.3990196091017715,861.0326517353499,28.399294774121216,0.5911710103158192,0.7242909718391131,0,12.5796189097452
mace_invariants,203,0,0,36,1.4139393697617595,891.304481797352,-4.266063529888451,0.3492606180402531,0.724783483524875,0,-3.9022739199277297
mace_invariants,203,1,0,41,1.3931206645434526,948.8012164229416,-14.532383748328046,0.384041996581599,0.724783483524875,0,-4.428261042016256
mace_invariants,203,2,0,71,1.4166507112839335,1091.785032148356,-16.982416630924863,0.36274212115891824,0.724783483524875,0,64.95226013344615
mace_invariants,203,3,1,36,1.451875188827167,858.5145080953657,-4.668044306485555,0.6133627032342197,0.724783483524875,0,-25.87759587589028
mace_invariants,203,4,1,37,1.3941923625063835,876.0938621631542,-31.06956093951902,0.7377183692832009,0.724783483524875,1,-1.6559949397394504
mace_invariants,203,5,1,66,1.4784040646223675,778.0618902419172,37.73263952281487,0.7808970420311472,0.724783483524875,1,-16.996320011885995
mace_invariants,203,6,2,37,1.3754129235854633,788.0983828796593,8.201495175917353,0.5660403233247958,0.724783483524875,0,-14.222192092193914
mace_invariants,203,7,2,38,1.4637738422214768,1028.307543711085,-8.528812869970315,0.558553300634108,0.724783483524875,0,-60.89715939874854
mace_invariants,203,8,2,67,1.4182934286246207,1146.7259999845726,-15.027862702403242,0.49242754198147937,0.724783483524875,0,-26.437173995639036
mace_invariants,203,9,3,38,1.3725457553870497,800.8010127675198,-12.860933466311144,0.6428156909706548,0.724783483524875,0,-27.27357480141358
mace_invariants,203,10,3,39,1.4352767031212048,813.4392133792874,-10.305092876494694,0.61849311194754,0.724783483524875,0,-7.392760593986342
mace_invariants,203,11,3,68,1.3829347220792416,945.6599071627867,-44.138688052675064,0.6726429381561204,0.724783483524875,0,-5.876733252938395
mace_invariants,203,12,4,39,1.4350305675399686,949.0921404982051,-27.445292932382923,0.6377823293924404,0.724783483524875,0,85.27880902616558
mace_invariants,203,13,4,40,1.4624681734234721,1025.6634046099782,-23.08361639582924,0.7233213979833719,0.724783483524875,0,-61.08585681057565
mace_invariants,203,14,4,69,1.4527147089291867,1172.9642881503798,-9.490377247518603,0.7499757521169673,0.724783483524875,1,-30.679922018877228
mace_invariants,203,15,5,40,1.3890231646544415,823.7024019269128,-29.166186145151748,0.6928857203905702,0.724783483524875,0,4.221349007337938
mace_invariants,203,16,5,41,1.396600024249873,954.738250955036,-51.379404295567724,0.5495819660058061,0.724783483524875,0,-8.994326160563853
mace_invariants,203,17,5,70,1.4569002447474881,933.9235468622969,-29.019465402927338,0.6851256487046538,0.724783483524875,0,16.15002805738478
mace_invariants,203,18,6,41,1.4332414859939746,1001.3453661788305,-47.71056289199769,0.43951733224241907,0.724783483524875,0,-9.424246319259545
mace_invariants,203,19,6,42,1.391157577586656,1077.9342126876809,-28.545617869223076,0.470459376938667,0.724783483524875,0,59.09158581887081
mace_invariants,203,20,6,47,1.430196133340986,1177.6112741465383,-41.03664483679258,0.5408127083286167,0.724783483524875,0,-37.39388958155065
mace_invariants,203,21,7,36,1.4026233507270818,1095.597534037579,7.590420106646123,0.3432629326743897,0.724783483524875,0,14.545152660715637
mace_invariants,203,22,7,42,1.4382060073696628,1005.4030697283731,-13.676654431593196,0.40898635591198357,0.724783483524875,0,38.44359126992792
mace_invariants,203,23,7,43,1.4177250681488023,955.5914665661586,-0.7582895536616951,0.40707515500772834,0.724783483524875,0,-24.269859387900674
mace_invariants,203,24,8,37,1.506333426964476,396.6786036589601,-12.894362092882899,0.624987806894944,0.724783483524875,0,-1.771139029334492
mace_invariants,203,25,8,43,1.4057245601636486,1076.2825155690807,-24.171605441052485,0.5644443631793016,0.724783483524875,0,4.531370570515482
mace_invariants,203,26,8,44,1.4437413775934504,1222.0509575434237,-44.371561526344095,0.5571672916782124,0.724783483524875,0,-16.48425085618348
mace_invariants,203,27,9,38,1.3881322148271469,883.4861829828355,-24.977978415186023,0.6180020152027212,0.724783483524875,0,3.4040135661111863
mace_invariants,203,28,9,44,1.4018171800972192,890.2918223584346,-23.37884540243856,0.5576685226766774,0.724783483524875,0,-25.11047302639259
mace_invariants,203,29,9,45,1.4138695690077545,1037.1006479919822,-5.242751565740535,0.5284604430780664,0.724783483524875,0,14.831999084087464
mace_invariants,203,30,10,39,1.4300508094238935,1235.5769962853506,-9.507086272156588,0.6097801623663958,0.724783483524875,0,65.74912252717738
mace_invariants,203,31,10,45,1.4394065109802423,980.086993962913,-23.458105045856186,0.5445611692648558,0.724783483524875,0,54.79927287764094
mace_invariants,203,32,10,46,1.4406600715260156,958.3374291656983,33.94834097114942,0.6078283598798723,0.724783483524875,0,66.22454947518193
mace_invariants,203,33,11,40,1.495849199003342,564.6158055610503,-23.799102072025928,0.7493482946496401,0.724783483524875,1,-21.199745159680084
mace_invariants,203,34,11,46,1.4415030636596076,894.9899415284686,-6.035209835716933,0.6618574235721852,0.724783483524875,0,-39.39008387738775
mace_invariants,203,35,11,47,1.3815737983683152,1012.2513853094719,-21.935739833025483,0.7073399163510738,0.724783483524875,0,-20.69577055135332
mace_invariants,203,36,12,47,1.4964173427155596,514.472411894859,-10.829904372633811,0.6197508470712292,0.724783483524875,0,-32.72251373546216
mace_invariants,203,37,12,48,1.4367205516597172,893.8756324331971,-2.3914429573718237,0.40286720196080444,0.724783483524875,0,37.769008215255596
mace_invariants,203,38,12,53,1.3745727221481323,766.2033802120656,-6.170531788820731,0.5138624339480593,0.724783483524875,0,0.7186267578317267
mace_invariants,203,39,13,42,1.341561772302425,96.61471963844615,-89.60207027551704,0.4240808947929145,0.724783483524875,0,43.414353436348804
mace_invariants,203,40,13,48,1.3215882077570944,-404.3925723029669,-63.81968640144706,0.2775505810724395,0.724783483524875,0,88.97017944607263
mace_invariants,203,41,13,49,1.4201359343488975,913.8755807125967,-60.49098884748297,0.27045958414452814,0.724783483524875,0,244.1419833489274
mace_invariants,203,42,14,43,1.3883538723918916,827.9507835724868,20.525213915745397,0.5559281695357715,0.724783483524875,0,-1.8135239892054678
mace_invariants,203,43,14,49,1.4213175998603595,1075.237953673636,-19.952852079756063,0.4042180597916404,0.724783483524875,0,30.424792544773005
mace_invariants,203,44,14,50,1.4468311081428409,1261.6709052104256,-44.76519649594926,0.6797713818068554,0.724783483524875,0,10.202440312351023
mace_invariants,203,45,15,44,1.4470962679211528,1008.9056583788332,-28.74391892983378,0.6397838186521807,0.724783483524875,0,3.094165910516401
mace_invariants,203,46,15,50,1.4460314145565758,964.0076187862762,-30.58335205595381,0.7709041024243537,0.724783483524875,1,5.97940241691947
mace_invariants,203,47,15,51,1.3892162801090473,843.86088205964,-40.20388769892514,0.7639700061468294,0.724783483524875,1,-157.93770399505274
mace_invariants,203,48,16,45,1.4473483852473683,914.1003177139709,-24.990367308856097,0.648517716906684,0.724783483524875,0,19.363833862595552
mace_invariants,203,49,16,51,1.3842220842977415,800.9973178008803,-12.406308474353292,0.8019119839999438,0.724783483524875,1,-175.0751762116783
mace_invariants,203,50,16,52,1.43614012047294,947.3796142325248,-27.809430646112816,0.921921568292843,0.724783483524875,1,22.983816503959023
mace_invariants,203,51,17,46,1.4051845153026996,1063.9378134447895,27.960240608447002,0.6932484683527413,0.724783483524875,0,5.73841136053023
mace_invariants,203,52,17,52,1.4989167232624225,479.6104566591618,-24.359980788700682,0.9033851291238837,0.724783483524875,1,19.712584479616257
mace_invariants,203,53,17,53,1.4500418392100236,1232.6385352255988,-8.31971233949248,0.6328425480084601,0.724783483524875,0,12.398684091951274
mace_invariants,203,54,18,53,1.5227448556343297,188.1386102295058,4.426479708501546,0.513894124455064,0.724783483524875,0,-23.285497007701927
mace_invariants,203,55,18,54,1.3953048179524747,786.355064221237,-13.491465502824262,0.49080560013271657,0.724783483524875,0,43.96996485249972
mace_invariants,203,56,18,59,1.4812616699478427,852.8477130370686,23.501436514556854,0.5410582645212119,0.724783483524875,0,-54.65965063919524
mace_invariants,203,57,19,48,1.493298637427794,753.2050870294624,-23.24954321848662,0.2760417161478028,0.724783483524875,0,25.22334640928463
mace_invariants,203,58,19,54,1.3308750278520105,-55.20172220122055,-27.00215667179672,0.3639484238127102,0.724783483524875,0,10.986904616415595
mace_invariants,203,59,19,55,1.4189154961136752,1415.226025881176,-28.431529898017494,0.3842046789187905,0.724783483524875,0,32.61131181958846
mace_invariants,203,60,20,49,1.4104772986460055,1144.140847978655,-27.38272552323933,0.48757152683178695,0.724783483524875,0,43.919524236788966
mace_invariants,203,61,20,55,1.4387999527498743,1024.7728617374162,-15.476379511979834,0.602825486530686,0.724783483524875,0,47.71003895062245
mace_invariants,203,62,20,56,1.4751554767225539,834.659964868734,-9.886376279044162,0.8468950166430451,0.724783483524875,1,-18.01059692851004
mace_invariants,203,63,21,50,1.3805352392519168,800.7289570974627,-5.839864267206476,0.8364659768644453,0.724783483524875,1,21.3859857898768
mace_invariants,203,64,21,56,1.44755385402009,1151.030338555318,-13.573777358126609,0.9202361446604885,0.724783483524875,1,-8.433486646605846
mace_invariants,203,65,21,57,1.4614774376596267,849.650913526728,-19.94657015859101,0.7605266619114273,0.724783483524875,1,-17.802574228896454
mace_invariants,203,66,22,51,1.3998424584763134,873.843720406934,-35.46082187126065,0.5830730082564631,0.724783483524875,0,-83.94340496099048
mace_invariants,203,67,22,57,1.4093492648014458,1086.3911907903928,-45.36019587502676,0.5140677895809695,0.724783483524875,0,-10.314492861598346
mace_invariants,203,68,22,58,1.447986325861014,1030.6270943387167,-13.547218759644164,0.48723815724780606,0.724783483524875,0,10.20401451302369
mace_invariants,203,69,23,52,1.4341197718591014,1122.0876994394218,-7.480207779540386,0.7609579444692711,0.724783483524875,1,98.44615156614901
mace_invariants,203,70,23,58,1.4340266617148005,1060.1133066512655,-18.81852256937536,0.545113509167715,0.724783483524875,0,53.39459847197466
mace_invariants,203,71,23,59,1.4249831251115659,906.997709399534,-12.993873914248438,0.5175795034199955,0.724783483524875,0,79.11833359246133
mace_invariants,203,72,24,59,1.419566780433998,1037.8017152494194,12.184747990000945,0.46913522251722306,0.724783483524875,0,18.812116590814654
mace_invariants,203,73,24,60,1.4024182221373271,1343.05467077903,-11.196398236648912,0.5378915633809518,0.724783483524875,0,13.33714411391815
mace_invariants,203,74,24,65,1.4280073134381455,934.651810824001,-7.347706227217451,0.5103973808206832,0.724783483524875,0,-48.77548643828457
mace_invariants,203,75,25,54,1.395910060373722,837.9084889061794,8.405474678632087,0.4836601449999681,0.724783483524875,0,22.155962177173905
mace_invariants,203,76,25,60,1.4658882535414208,827.387932977439,-26.52602403990757,0.6026691502521923,0.724783483524875,0,11.489737991378092
mace_invariants,203,77,25,61,1.4170949802689699,951.9073184483501,-39.11112566850514,0.6307210621415791,0.724783483524875,0,-1.9057103094485246
mace_invariants,203,78,26,55,1.397981651991643,1015.2755647370535,-24.54014138256716,0.5942615951824677,0.724783483524875,0,-36.248410859655635
mace_invariants,203,79,26,61,1.362333052933221,531.5225958401528,-6.815225499321583,0.7210662572179983,0.724783483524875,0,-24.537483897001664
mace_invariants,203,80,26,62,1.4773008174540498,866.4512590616667,-20.499554783812865,0.6122014078371409,0.724783483524875,0,-32.431493608128136
mace_invariants,203,81,27,56,1.4419000516097646,1014.6643009348355,-13.101813329485699,0.8500647368460776,0.724783483524875,1,13.851333356057612
mace_invariants,203,82,27,62,1.4287353353257062,1096.3697564482443,-18.44219832193023,0.6239350193883918,0.724783483524875,0,-14.952458174602828
mace_invariants,203,83,27,63,1.3915069653896068,1350.697792665245,-15.40215906133557,0.6202525418369654,0.724783483524875,0,-29.58970908105197
mace_invariants,203,84,28,57,1.371099344718443,716.2740459306125,4.952004365403498,0.6659173268864214,0.724783483524875,0,-16.298381015890918
mace_invariants,203,85,28,63,1.401579754128577,1024.3298299712055,6.254533611915924,0.5958146146263702,0.724783483524875,0,-14.766020603374926
mace_invariants,203,86,28,64,1.4811479983025337,865.9111440792593,7.241248966330133,0.6248010135492804,0.724783483524875,0,-33.669175118863926
mace_invariants,203,87,29,58,1.3972119247625052,956.3403639768806,-16.310804591831836,0.6357297642261691,0.724783483524875,0,-20.550941280939842
mace_invariants,203,88,29,64,1.4475820424790673,1098.7238799291647,-18.637392767324645,0.6214430832221917,0.724783483524875,0,-17.514935605518463
mace_invariants,203,89,29,65,1.3765515419186003,607.4006240859928,24.138963262689987,0.6494579167819097,0.724783483524875,0,-27.595812923546745
mace_invariants,203,90,30,65,1.3856481697193015,838.6267056884444,17.245673336943433,0.6006677734273801,0.724783483524875,0,-11.929123487555024
mace_invariants,203,91,30,66,1.4554616205296569,861.6681339446159,-8.366647023154451,0.6695874723503259,0.724783483524875,0,-32.25604044634907
mace_invariants,203,92,30,71,1.5049335649674283,544.9630408961912,18.683180412192854,0.5155346366720636,0.724783483524875,0,33.28227554349903
mace_invariants,203,93,31,60,1.4772447585697428,812.0683639559601,15.041248885873507,0.6511054592022371,0.724783483524875,0,1.568974799161646
mace_invariants,203,94,31,66,1.44167576159425,1063.6477518001457,-48.291977561810306,0.692530975564914,0.724783483524875,0,-16.94023118406579
mace_invariants,203,95,31,67,1.3152688232750522,-361.2345269039866,-69.05593082919928,0.5757395214736514,0.724783483524875,0,-4.32411254519042
mace_invariants,203,96,32,61,1.4697360521495229,825.3069489274593,-35.52231753970339,0.6241402116239136,0.724783483524875,0,-26.539871167151787
mace_invariants,203,97,32,67,1.403439183598058,847.596193619341,-42.75597041619886,0.5207223620059411,0.724783483524875,0,-3.3686015342809057
mace_invariants,203,98,32,68,1.4508414199822681,1337.794565965109,-41.959403239114344,0.6166753678440353,0.724783483524875,0,-21.0700612925535
mace_invariants,203,99,33,62,1.4009633079020236,1265.2359709602172,-34.7138804865661,0.5522646739371824,0.724783483524875,0,-15.252465952381431
mace_invariants,203,100,33,68,1.4877471348224043,683.0469227446955,-20.894194078056373,0.6536646795381613,0.724783483524875,0,-23.832884109433255
mace_invariants,203,101,33,69,1.4153528564923208,1003.1716976585774,-30.360283854228825,0.7117082760541078,0.724783483524875,0,-32.487994504668336
mace_invariants,203,102,34,63,1.469027757391157,917.645963880165,-6.385902641319606,0.6299453166894785,0.724783483524875,0,6.702523630843784
mace_invariants,203,103,34,69,1.3708579558542096,728.4037784381347,-7.536995769730053,0.7930713963578304,0.724783483524875,1,-6.649421040755783
mace_invariants,203,104,34,70,1.4878793099880259,733.8068835981793,3.9437810536802793,0.7586569705383186,0.724783483524875,1,46.0208143289916
mace_invariants,203,105,35,64,1.3955445382601055,888.5975204841238,-24.933656648492796,0.5384143338802048,0.724783483524875,0,55.526750534891626
mace_invariants,203,106,35,70,1.4426688103495022,795.3003678135517,-3.891821385868602,0.6381395888061347,0.724783483524875,0,42.403782738518316
mace_invariants,203,107,35,71,1.3349269913793924,169.529416551486,11.521138389352318,0.4812960306846063,0.724783483524875,0,46.837327749674174
geometry_control,94,0,0,36,1.3910826091423445,855.4704186252885,24.11510661061057,0.4474103226989062,0.6268075191343316,0,-3.193469746797696
geometry_control,94,1,0,41,1.4226454570369447,1203.9847919740243,-18.15975007134992,0.6469146010952254,0.6268075191343316,1,-45.944429603525705
geometry_control,94,2,0,71,1.4972993441168152,725.2194793780524,28.40485318353327,0.5369868444846381,0.6268075191343316,0,-63.30140958951719
geometry_control,94,3,1,36,1.3733004800723627,587.7800713249309,2.358286941453576,0.4121615050441617,0.6268075191343316,0,150.46762498032302
geometry_control,94,4,1,37,1.4205248973080284,1360.6828287518695,52.19472287765439,0.47126700919549086,0.6268075191343316,0,-120.82352867815212
geometry_control,94,5,1,66,1.5862276990373492,-818.2929406113866,-52.10923866755747,0.39247421842757885,0.6268075191343316,0,-157.76997195195824
geometry_control,94,6,2,37,1.5110807960941954,499.70633959013355,-0.05410485409540998,0.505977920124178,0.6268075191343316,0,-82.9887405396789
geometry_control,94,7,2,38,1.4299303839246404,1058.6083563892425,-3.824184651162174,0.6240255522877551,0.6268075191343316,0,-40.34460062120961
geometry_control,94,8,2,67,1.402797054080899,1319.9564595362715,13.664554304621985,0.5221209037782636,0.6268075191343316,0,-76.22786881789855
geometry_control,94,9,3,38,1.5037165072873289,523.3785951569861,-10.199698090710044,0.6263372735995629,0.6268075191343316,0,2.346668985991336
geometry_control,94,10,3,39,1.4030662531953084,1364.4174559519056,17.853616057073193,0.5328451411475108,0.6268075191343316,0,-69.69586766515535
geometry_control,94,11,3,68,1.4729952382035687,980.3590589448697,-10.050084985211628,0.5616535705711663,0.6268075191343316,0,-28.570264518466175
geometry_control,94,12,4,39,1.4282564842932257,930.8839274308514,16.64462286115928,0.5980653502957192,0.6268075191343316,0,-7.26705115686223
geometry_control,94,13,4,40,1.4124189370887088,1114.4569878959664,-3.918842466620158,0.5373215390728996,0.6268075191343316,0,-44.89463115742269
geometry_control,94,14,4,69,1.4024234838904601,1258.5286738009816,10.086795946462829,0.560881833968679,0.6268075191343316,0,-39.762053247977974
geometry_control,94,15,5,40,1.3421399896087025,439.13392383603826,15.229096592397754,0.42221295804174064,0.6268075191343316,0,-88.25152068250344
geometry_control,94,16,5,41,1.4684663752195157,1013.3360545925651,13.439052660242295,0.5988000437980251,0.6268075191343316,0,-10.025137840653755
geometry_control,94,17,5,70,1.4479660420284532,1130.9395917429545,-4.099576434804272,0.5364304194530447,0.6268075191343316,0,-46.20681655386066
geometry_control,94,18,6,41,1.435087344722947,1316.2242181537185,9.738346992886026,0.6283193241613887,0.6268075191343316,1,-51.01469680589902
geometry_control,94,19,6,42,1.4150505067149806,1066.3064624718172,44.26985812366301,0.5772640905166924,0.6268075191343316,0,-17.44411719942243
geometry_control,94,20,6,47,1.4793709409684563,903.3788152037041,16.784734300175714,0.563847295723894,0.6268075191343316,0,-42.13724800677748
geometry_control,94,21,7,36,1.3678498966135975,751.9519273749823,19.106999653479303,0.40066012248783184,0.6268075191343316,0,-60.15701168762272
geometry_control,94,22,7,42,1.4114636346184672,1126.4498226044645,15.966383209720034,0.5491091672394548,0.6268075191343316,0,-45.46765724138398
geometry_control,94,23,7,43,1.477816454646723,880.9667086705225,-5.006180419296714,0.5306837518407498,0.6268075191343316,0,-89.02453359434469
geometry_control,94,24,8,37,1.3526949689094148,426.9685461969445,4.581002793455208,0.48191403850457615,0.6268075191343316,0,-18.071888537986784
geometry_control,94,25,8,43,1.3973134258174358,938.0054290726339,58.56616767564994,0.552832163706165,0.6268075191343316,0,-19.907624825348883
geometry_control,94,26,8,44,1.3664490064738735,637.1492661684752,23.87175251251331,0.5376189662951704,0.6268075191343316,0,13.589832451660435
geometry_control,94,27,9,38,1.3360377772378191,498.89524354959605,-1.534540978984783,0.6143725155355779,0.6268075191343316,0,-48.064184858778404
geometry_control,94,28,9,44,1.4658604777134931,981.2258602994889,-4.5756901098689875,0.552029811162595,0.6268075191343316,0,-33.226370072317565
geometry_control,94,29,9,45,1.4500734013598335,901.0914459867382,8.203572415384295,0.602913062467372,0.6268075191343316,0,-32.639493489057145
geometry_control,94,30,10,39,1.512805124826537,348.4905483354954,-8.187301657612364,0.8333704400495439,0.6268075191343316,1,-60.23332881874869
geometry_control,94,31,10,45,1.4019351760126055,1243.6258470042176,14.285893765600896,0.91540311943339,0.6268075191343316,1,-19.744352875216038
geometry_control,94,32,10,46,1.4190292190170481,1426.969638677649,0.7633921059962273,0.9656207922144934,0.6268075191343316,1,2.020950795495409
geometry_control,94,33,11,40,1.4494715879207785,943.5794268776751,-15.725688941243183,0.5901256090360918,0.6268075191343316,0,2.5845514243038323
geometry_control,94,34,11,46,1.450259628940738,1143.339515096652,2.6613496121876254,0.7831197724238608,0.6268075191343316,1,7.171930625138877
geometry_control,94,35,11,47,1.4205115775485926,1252.6804291151536,4.561385941847766,0.7022406663548817,0.6268075191343316,1,-3.7580825085961536
geometry_control,94,36,12,47,1.4319351561503288,1003.4367394390069,-33.15805196651742,0.508054993164069,0.6268075191343316,0,-46.515913067731844
geometry_control,94,37,12,48,1.3747221988294773,804.0551340373679,-18.066097237018745,0.5739110049282509,0.6268075191343316,0,-73.65316596700333
geometry_control,94,38,12,53,1.4833054609982357,870.4305873529894,-10.261288172583242,0.5493824735988285,0.6268075191343316,0,-54.55530958624542
geometry_control,94,39,13,42,1.400874009011166,1070.012051404186,-3.1693241951733473,0.635895186209056,0.6268075191343316,1,-10.46737319570078
geometry_control,94,40,13,48,1.4994883272757629,593.6837686253443,-0.9046197739207164,0.6883344031804396,0.6268075191343316,1,-56.25456387802598
geometry_control,94,41,13,49,1.43566683057242,958.2220935157133,23.215352202086578,0.5702121759197109,0.6268075191343316,0,-68.89137311292549
geometry_control,94,42,14,43,1.44549195172947,1278.161841721242,0.8003825193774288,0.5858097686021166,0.6268075191343316,0,-40.43390373202969
geometry_control,94,43,14,49,1.4263398774721714,1046.5089252670957,19.734122604584527,0.5385521737114765,0.6268075191343316,0,-63.70865219084308
geometry_control,94,44,14,50,1.3407454143611117,347.7934041333829,32.89392171994081,0.457687828050777,0.6268075191343316,0,-97.45300677860544
geometry_control,94,45,15,44,1.496603675661056,705.24918713762,19.30711327965133,0.5991616349934856,0.6268075191343316,0,-58.085292489087216
geometry_control,94,46,15,50,1.5146188469618211,473.16156735259773,-15.36295888605798,0.48625289185314063,0.6268075191343316,0,-74.27203735469776
geometry_control,94,47,15,51,1.4160443200756212,971.1274407489202,-42.81224600774463,0.5326542031488481,0.6268075191343316,0,19.489813879838408
geometry_control,94,48,16,45,1.3707324767622397,732.3722695465802,-23.316551614659737,0.6036813080673931,0.6268075191343316,0,-66.45255456164234
geometry_control,94,49,16,51,1.4374983791935803,1101.3968700691078,-11.607955437606313,0.48629062491797864,0.6268075191343316,0,-27.874815237106098
geometry_control,94,50,16,52,1.457527728350745,1137.8349655783318,-18.040268411334235,0.5349330196009934,0.6268075191343316,0,-48.19147724949258
geometry_control,94,51,17,46,1.4271945033535822,961.7687652830955,-41.532112650524695,0.6914299896597711,0.6268075191343316,1,-28.16552713989794
geometry_control,94,52,17,52,1.4192501876847963,1025.1921481796576,-6.020010894761878,0.572464028412268,0.6268075191343316,0,-52.857005701434
geometry_control,94,53,17,53,1.4054774701200734,998.9401751557918,-13.060366354470874,0.6518783640255515,0.6268075191343316,1,-66.1173574741251
geometry_control,94,54,18,53,1.4125083655224295,1128.120698305994,-37.69403958448494,0.6191098180120083,0.6268075191343316,0,-63.805437369294026
geometry_control,94,55,18,54,1.401360932569208,1090.2577272170065,-14.999472860318658,0.5245241947006078,0.6268075191343316,0,-60.22392616623256
geometry_control,94,56,18,59,1.4726022443596138,876.6588599667203,-39.92399598333635,0.5493614181482609,0.6268075191343316,0,-34.91780594794949
geometry_control,94,57,19,48,1.4154163793725598,1269.199888996727,-4.135525086503922,0.5930976077378999,0.6268075191343316,0,-64.85655256477685
geometry_control,94,58,19,54,1.4631381105047145,1044.1267415852358,-5.593277377308647,0.4739834530970771,0.6268075191343316,0,-61.71273793093515
geometry_control,94,59,19,55,1.373679486902283,911.9229375114276,-0.32338155427370785,0.36347727510694106,0.6268075191343316,0,-140.53205780590375
geometry_control,94,60,20,49,1.3758587684781813,780.8175927701261,31.678931556078926,0.4876950962693237,0.6268075191343316,0,-118.74981932609776
geometry_control,94,61,20,55,1.3435790312786378,437.5010333232383,36.76537467376276,0.37619699089909364,0.6268075191343316,0,-162.95058286927446
geometry_control,94,62,20,56,1.4561562442566156,977.5031844867035,15.025973766775568,0.46428081615902916,0.6268075191343316,0,-83.57040450846574
geometry_control,94,63,21,50,1.3662617455748776,671.0173180063588,19.32544892350448,0.40367713312577896,0.6268075191343316,0,-125.43384671246514
geometry_control,94,64,21,56,1.45299459756637,1083.545564516649,39.3520883435306,0.4611271986761838,0.6268075191343316,0,-34.977371338300465
geometry_control,94,65,21,57,1.4864206457535838,773.7583916101049,-6.789903318543194,0.481844927144926,0.6268075191343316,0,-46.15601106250941
geometry_control,94,66,22,51,1.333348821078626,241.10755562537034,-20.926043725148233,0.5424187048514915,0.6268075191343316,0,-53.92133210043875
geometry_control,94,67,22,57,1.4392385686925124,1261.4800763814073,-6.600283216359124,0.5741851875749309,0.6268075191343316,0,-38.235081638862994
geometry_control,94,68,22,58,1.4490732350006528,1045.3503059296752,-23.32583050107784,0.5643416008880286,0.6268075191343316,0,-16.965850966944927
geometry_control,94,69,23,52,1.4094316986697775,1087.6916683904815,-25.30534549226623,0.6331542145264046,0.6268075191343316,1,-21.488269237291195
geometry_control,94,70,23,58,1.4044997888009438,1105.5124682648202,-36.092624647628384,0.6064347158799273,0.6268075191343316,0,-29.58630560986745
geometry_control,94,71,23,59,1.4399494329129614,1012.4759547892055,-37.77313130720163,0.6428201502759409,0.6268075191343316,1,-8.604546672115099
geometry_control,94,72,24,59,1.4500545237232507,1146.7006404116717,-13.434199641261106,0.5122740845140138,0.6268075191343316,0,-40.79576249881458
geometry_control,94,73,24,60,1.4857509766468695,692.1983381096279,1.8790892726409085,0.4342944718012575,0.6268075191343316,0,-23.408777195251872
geometry_control,94,74,24,65,1.4183908873987212,1020.8447269304213,-12.683692161020412,0.45340433831228283,0.6268075191343316,0,-14.543821779973833
geometry_control,94,75,25,54,1.4144132311987314,1124.747018248102,-22.78744207676742,0.4141121734037342,0.6268075191343316,0,-61.77998889724275
geometry_control,94,76,25,60,1.3550443817569098,680.8063179297761,36.44580979074419,0.360969784138631,0.6268075191343316,0,-85.05392483727381
geometry_control,94,77,25,61,1.4641228847501944,789.86442400957,21.70182596371108,0.38416327312443593,0.6268075191343316,0,-48.8338676250322
geometry_control,94,78,26,55,1.5011237332547276,610.051654201971,7.356787027423659,0.4457705317768091,0.6268075191343316,0,-86.62872979104016
geometry_control,94,79,26,61,1.388735250411863,1141.5152838308272,21.50356066238012,0.5263278094876469,0.6268075191343316,0,-51.15593969830576
geometry_control,94,80,26,62,1.4763609791364147,753.6799752606303,12.95093493748282,0.5223569663551304,0.6268075191343316,0,-57.82256369715915
geometry_control,94,81,27,56,1.4208606499921896,1139.189511141429,30.936712772917797,0.4382237138027617,0.6268075191343316,0,-50.745384367545384
geometry_control,94,82,27,62,1.3281742144562902,-96.02090247305306,-2.4691600374294116,0.42672632312114755,0.6268075191343316,0,-129.79610662672982
geometry_control,94,83,27,63,1.480265447680916,828.2006984895313,10.499314409337446,0.3692275781479903,0.6268075191343316,0,-94.15591600395854
geometry_control,94,84,28,57,1.3643409548128618,670.0612345766261,11.69721384861306,0.505791929685191,0.6268075191343316,0,-34.90197213242632
geometry_control,94,85,28,63,1.3877845747513935,969.2631002861136,20.018433865778878,0.4160780655616775,0.6268075191343316,0,-81.73287741316543
geometry_control,94,86,28,64,1.4191047664993053,1072.1188674109007,-13.378971787819625,0.5719274116545446,0.6268075191343316,0,-46.428350989018874
geometry_control,94,87,29,58,1.4516470406277315,987.3346340934621,-33.60518279216938,0.45241203426679044,0.6268075191343316,0,-59.28455267497628
geometry_control,94,88,29,64,1.3932753600365706,1078.490750138696,-23.77783993750648,0.5283911029230464,0.6268075191343316,0,-75.44494378093282
geometry_control,94,89,29,65,1.4183361444606206,1052.9195919345539,-12.414562477230318,0.42992772246107314,0.6268075191343316,0,-56.53187134930965
geometry_control,94,90,30,65,1.3874304765600594,1012.0145262043909,-12.174579046570798,0.4405030953072546,0.6268075191343316,0,-51.95782868747321
geometry_control,94,91,30,66,1.4469675523428345,1102.9092051488135,25.132965151858407,0.373074224362566,0.6268075191343316,0,1.2108248536503723
geometry_control,94,92,30,71,1.4628849171799836,962.0623237913957,28.752003287136105,0.48233803276488074,0.6268075191343316,0,-15.744624317168508
geometry_control,94,93,31,60,1.4533968075619281,901.5250503325984,-1.5496007497118152,0.3920287923406338,0.6268075191343316,0,-85.79402480483043
geometry_control,94,94,31,66,1.3567595014175782,733.6029720616723,53.42145934407343,0.3437097879069705,0.6268075191343316,0,1.6714878032863467
geometry_control,94,95,31,67,1.3470094404985156,333.1557546456169,-30.87347243859631,0.4386455623289681,0.6268075191343316,0,-133.26683676438407
geometry_control,94,96,32,61,1.4237382996860175,1134.0243894860284,24.176755861175995,0.43260649030944864,0.6268075191343316,0,-73.69925649390967
geometry_control,94,97,32,67,1.4742746372600655,844.179578111899,-11.870722589491601,0.456029771311978,0.6268075191343316,0,-69.72425821344535
geometry_control,94,98,32,68,1.3674506281921135,845.4031212483733,19.941503392964897,0.493250716793073,0.6268075191343316,0,-97.21066918639605
geometry_control,94,99,33,62,1.3828741504948483,1029.6383449262294,0.943466342974937,0.4209974089679941,0.6268075191343316,0,-137.17239849974712
geometry_control,94,100,33,68,1.4064363930713153,1110.4841670274313,2.3666123887438144,0.4856124785841348,0.6268075191343316,0,-99.44846464987131
geometry_control,94,101,33,69,1.4846895419231463,801.6228963290986,-1.474676592078561,0.4196205328334392,0.6268075191343316,0,-91.35035517190366
geometry_control,94,102,34,63,1.3771809475772032,1006.6262168806363,5.924507145515321,0.4842877322470532,0.6268075191343316,0,-118.16124081428845
geometry_control,94,103,34,69,1.4534300053205425,922.494939894831,-7.514809578960876,0.5404096010856555,0.6268075191343316,0,-54.42784269527866
geometry_control,94,104,34,70,1.4745318642219176,919.4903609051387,9.07130908361704,0.6310667676011802,0.6268075191343316,1,-36.74129603537519
geometry_control,94,105,35,64,1.4602014177793732,1136.8235551373427,8.131928041955959,0.49880166523154074,0.6268075191343316,0,-88.80703381076341
geometry_control,94,106,35,70,1.341040769203884,353.2553390855539,-3.240767241502092,0.48973135449280053,0.6268075191343316,0,-127.17413883307802
geometry_control,94,107,35,71,1.3624367392858336,603.9722478899301,5.3601838467744445,0.4421732222271937,0.6268075191343316,0,-101.85042815069201
geometry_control,65,0,0,36,1.4622436022949392,1056.6072441230383,-16.11183915552572,0.531412729510346,0.6252718478227655,0,-14.863100730999118
geometry_control,65,1,0,41,1.442485067575715,1115.8583237674889,-1.0566285942082283,0.487411247672983,0.6252718478227655,0,-48.16253660921915
geometry_control,65,2,0,71,1.3898080435681002,1009.3716108655952,-46.54153935078407,0.47106950619504356,0.6252718478227655,0,-67.01938995828985
geometry_control,65,3,1,36,1.3198933492284028,-85.81062713413878,-105.24774366694007,0.4789587663647569,0.6252718478227655,0,-99.80477161886132
geometry_control,65,4,1,37,1.4917086605498664,828.7385625310537,-2.656690979592549,0.8002195113666856,0.6252718478227655,1,-40.196387826065994
geometry_control,65,5,1,66,1.399776704928703,881.0668491114209,-4.124364955207738,0.48269028522667484,0.6252718478227655,0,-61.56923632905624
geometry_control,65,6,2,37,1.4658647049579165,1715.2990221679945,68.00250349780707,1.3266258062279914,0.6252718478227655,1,36.87203800350951
geometry_control,65,7,2,38,1.4979433143666026,896.9727686995093,0.8725776310056776,0.9365628723216117,0.6252718478227655,1,-0.6913719674315502
geometry_control,65,8,2,67,1.400968195847968,1033.7215145601197,-38.35157625386673,1.0073052336487287,0.6252718478227655,1,32.879224538500345
geometry_control,65,9,3,38,1.3118625119806846,-330.6214883911708,-66.48161781336307,0.4254501620897435,0.6252718478227655,0,-136.9024845584503
geometry_control,65,10,3,39,1.4290786076401183,1037.2902068992528,1.4932279891884341,0.5166084443978276,0.6252718478227655,0,-42.063350633895176
geometry_control,65,11,3,68,1.457525015179946,1145.9315150413174,-53.23168665485422,0.5608693159171221,0.6252718478227655,0,-8.133695744735249
geometry_control,65,12,4,39,1.4443060089054314,1178.1604454205162,-13.931502342054037,0.5792452648667787,0.6252718478227655,0,-21.959015195788375
geometry_control,65,13,4,40,1.4574032943381332,1057.030249872798,6.053994846873996,0.4856625816013928,0.6252718478227655,0,-40.46396394482283
geometry_control,65,14,4,69,1.4366700772715324,1174.6456996675495,-5.191527800513841,0.6151912572722151,0.6252718478227655,0,26.141095751537726
geometry_control,65,15,5,40,1.4243779819184519,1185.0431863941826,4.054858228411104,0.4612576921084366,0.6252718478227655,0,-48.252858480019995
geometry_control,65,16,5,41,1.3959560347626712,1158.7320761124213,-28.797080649841998,0.4884828001328265,0.6252718478227655,0,-36.953363438069246
geometry_control,65,17,5,70,1.4972169285577346,644.9821894395961,-31.977575342993365,0.5260442055170245,0.6252718478227655,0,-27.901909821973526
geometry_control,65,18,6,41,1.390050777285507,985.3629953137173,8.167916518174478,0.48837095846950473,0.6252718478227655,0,-75.37613268229026
geometry_control,65,19,6,42,1.447806653915352,1019.2130516811649,-20.800662991635146,0.4279328012263649,0.6252718478227655,0,-44.162864455061246
geometry_control,65,20,6,47,1.420916595401595,1197.891358850472,-9.614592263437274,0.5356134705175551,0.6252718478227655,0,-46.94876238754813
geometry_control,65,21,7,36,1.4574200621561477,1220.9022361179714,-8.43216025079125,0.5655392022893975,0.6252718478227655,0,-1.4635307898723013
geometry_control,65,22,7,42,1.3391327118614944,262.52419746290644,-33.52582643959488,0.46109956320889456,0.6252718478227655,0,-33.60557714819455
geometry_control,65,23,7,43,1.5360806596388827,135.5772649470304,-9.7539788408306,0.502733220144952,0.6252718478227655,0,-65.91899576500404
geometry_control,65,24,8,37,1.3927529576364828,814.8209766493673,-17.425381920029007,0.7896868908787775,0.6252718478227655,1,52.76596756226484
geometry_control,65,25,8,43,1.3575630510804555,616.9064826707951,12.320871022241507,0.4056201637324035,0.6252718478227655,0,64.08634210450427
geometry_control,65,26,8,44,1.4002809869949857,707.5134134072866,-7.704801813542911,0.4989728825068565,0.6252718478227655,0,118.3875300675439
geometry_control,65,27,9,38,1.374432310514095,778.7655742382271,-19.09668525431088,0.3976296981603795,0.6252718478227655,0,-157.93855531848024
geometry_control,65,28,9,44,1.5510591645991127,-221.2536466682144,-33.48565547872133,0.4969786236948383,0.6252718478227655,0,-108.21110985900512
geometry_control,65,29,9,45,1.391798758476647,947.3315523580671,-19.368553204275006,0.41067883869891825,0.6252718478227655,0,-51.656574226982265
geometry_control,65,30,10,39,1.41096963657844,1057.4372752636023,-4.557585116581067,0.4913910175052233,0.6252718478227655,0,-103.5921889259773
geometry_control,65,31,10,45,1.39229491504608,873.9663856653368,10.940008326300918,0.4132818757356779,0.6252718478227655,0,-104.51519544345535
geometry_control,65,32,10,46,1.3576217727735305,595.9480921300222,-26.653683074527056,0.37957990307225997,0.6252718478227655,0,-122.53336406186466
geometry_control,65,33,11,40,1.403253715282966,1105.8869709417277,-33.524942685101905,0.4284914704449508,0.6252718478227655,0,-80.91297691839372
geometry_control,65,34,11,46,1.373419000957773,877.9630072438625,-9.670355934793324,0.41026303927737334,0.6252718478227655,0,-121.43116193693945
geometry_control,65,35,11,47,1.4515167265535731,1194.6225165105354,12.665768645893811,0.5029590905173911,0.6252718478227655,0,-42.12443796678218
geometry_control,65,36,12,47,1.4494005910787482,1094.0309049632178,-17.833289454269533,0.5670443677643626,0.6252718478227655,0,-17.792020139382693
geometry_control,65,37,12,48,1.3949103676174117,940.2677368256797,-32.998015589765835,0.47983438950969703,0.6252718478227655,0,-45.367807600644966
geometry_control,65,38,12,53,1.4382265047970735,1250.756315548534,-3.0000251752625924,0.5000198548466226,0.6252718478227655,0,-35.3744301093562
geometry_control,65,39,13,42,1.4668780840530653,931.7819316673703,-25.761221642805886,0.4062072548997375,0.6252718478227655,0,-48.18766313349356
geometry_control,65,40,13,48,1.348069609005279,604.3746463866893,1.0705997095410078,0.4266779459362622,0.6252718478227655,0,-85.33846182016143
geometry_control,65,41,13,49,1.4811646067349575,1023.9079746723731,-9.65721533608289,0.5726040969144918,0.6252718478227655,0,-46.157846119982075
geometry_control,65,42,14,43,1.4597187099506868,983.7089135519038,-12.584659120174708,0.4848585918420726,0.6252718478227655,0,-8.239787816724792
geometry_control,65,43,14,49,1.296308069719481,-838.6584585454684,-150.73978511220784,0.6096217769207694,0.6252718478227655,0,-70.23910765027497
geometry_control,65,44,14,50,1.4432589468508916,1309.3941581003069,-38.733012681256334,0.5153490607003335,0.6252718478227655,0,-20.001279100780774
geometry_control,65,45,15,44,1.4273916589481437,1306.452358470223,-2.198328088638568,0.5468922190498564,0.6252718478227655,0,48.14275540748917
geometry_control,65,46,15,50,1.421472838103007,1101.9295711368143,-38.73027146552512,0.48402996913366436,0.6252718478227655,0,-51.14459675814232
geometry_control,65,47,15,51,1.4319536794719476,1042.8125470491923,-64.20802520661879,0.4559154406252811,0.6252718478227655,0,-52.1610624701903
geometry_control,65,48,16,45,1.437317563771016,1043.571450046942,-33.69353799192264,0.43005559337123644,0.6252718478227655,0,-77.91384287208592
geometry_control,65,49,16,51,1.4260731281505619,1175.7157404607383,-20.661407392341193,0.4253785999425812,0.6252718478227655,0,-59.9014890488657
geometry_control,65,50,16,52,1.422784860907071,965.2459482281876,-12.117870725981797,0.4374646394953021,0.6252718478227655,0,-31.45409566385952
geometry_control,65,51,17,46,1.4596454530905298,880.3472110800567,-20.89429233646295,0.4262916336713951,0.6252718478227655,0,-90.57554503509562
geometry_control,65,52,17,52,1.3761633050430189,797.9069875684879,-12.088834181006595,0.4674026524588787,0.6252718478227655,0,-28.8191251893259
geometry_control,65,53,17,53,1.472432601935258,1049.4032422758921,-31.561949593845757,0.4519631719936729,0.6252718478227655,0,-47.898837008424884
geometry_control,65,54,18,53,1.381249731149028,882.6531158761768,-47.794799465952494,0.381250770591793,0.6252718478227655,0,-60.469280216064874
geometry_control,65,55,18,54,1.46211997247719,966.6886804404594,8.28099341771009,0.5901512975332793,0.6252718478227655,0,6.922333587255807
geometry_control,65,56,18,59,1.3577838606015133,665.9609881340938,-39.73410172458226,0.3738390461715374,0.6252718478227655,0,-66.22063788360023
geometry_control,65,57,19,48,1.4250439143849456,904.0979939633474,2.554373688177702,0.3960351709765562,0.6252718478227655,0,-44.61649585661348
geometry_control,65,58,19,54,1.519834078689076,466.45610161907086,-7.546304268844155,0.6251211632549681,0.6252718478227655,0,-37.83650997245906
geometry_control,65,59,19,55,1.3251074970658214,123.38434640866602,-23.92701872241319,0.393556754027898,0.6252718478227655,0,-61.4532539047693
geometry_control,65,60,20,49,1.4173514219691496,980.7702992343806,-11.036914607481089,0.5893294754995804,0.6252718478227655,0,-14.373094001173058
geometry_control,65,61,20,55,1.442147562724644,963.5503732416253,-26.455806454472768,0.44092490757269265,0.6252718478227655,0,-5.674285579616367
geometry_control,65,62,20,56,1.4373484107456713,1125.9502360064234,-27.77548780038562,0.5230606212685599,0.6252718478227655,0,-82.27585375296172
geometry_control,65,63,21,50,1.3689541956154991,927.9067815830806,17.004447852940274,0.4963757583585248,0.6252718478227655,0,-96.38300270657939
geometry_control,65,64,21,56,1.4602990105821476,1115.4470658349198,-31.227456881918243,0.5243796203479401,0.6252718478227655,0,-58.87549403731216
geometry_control,65,65,21,57,1.4114368663791956,962.9604739182076,-62.00369169114509,0.5267627580882956,0.6252718478227655,0,-79.89772428067738
geometry_control,65,66,22,51,1.4136379006954665,1092.314606436416,-9.242357305295597,0.44368347989001417,0.6252718478227655,0,-64.42307725941764
geometry_control,65,67,22,57,1.369302900501576,991.6577366183242,-25.490123098586476,0.5021850081281682,0.6252718478227655,0,-110.47327712221897
geometry_control,65,68,22,58,1.412042226843043,1026.1136914182732,-11.338991341770459,0.5162217623043395,0.6252718478227655,0,-66.21217609751132
geometry_control,65,69,23,52,1.4264893886346734,1033.502718616763,-30.861627640388985,0.4736537499580298,0.6252718478227655,0,-12.81943992310729
geometry_control,65,70,23,58,1.4644458410832273,892.6220586665489,-23.762059362678112,0.5341059928196341,0.6252718478227655,0,-62.18265438396156
geometry_control,65,71,23,59,1.4673312561948402,932.019861278333,-21.321184944061685,0.45080254507256845,0.6252718478227655,0,-30.787581388848487
geometry_control,65,72,24,59,1.4711923856501437,827.7973589325651,-37.417846036546806,0.45873980851251095,0.6252718478227655,0,9.701976791384524
geometry_control,65,73,24,60,1.4545224991795536,1057.6146657896027,-26.96022446970036,0.5175083349626668,0.6252718478227655,0,35.21908850103659
geometry_control,65,74,24,65,1.3175206748177444,-302.10026760763685,-125.9320517493456,0.40658871414083214,0.6252718478227655,0,-56.82322980188728
geometry_control,65,75,25,54,1.4214568553458007,1201.0496772187191,-0.2714396606286629,0.6508426943901021,0.6252718478227655,1,58.95791037305745
geometry_control,65,76,25,60,1.3929200767497565,1002.4340693762597,-32.41384738093902,0.49329896947851604,0.6252718478227655,0,34.4078060823957
geometry_control,65,77,25,61,1.3869632124476805,875.6666574393352,-1.3073647078932908,0.4435698926485634,0.6252718478227655,0,-53.254732159847904
geometry_control,65,78,26,55,1.4545589739018574,1079.326830049742,-38.357274146022846,0.4254508858041479,0.6252718478227655,0,-11.32361971972384
geometry_control,65,79,26,61,1.4405037326233319,1114.852561706314,-11.254270107936975,0.4497424932896794,0.6252718478227655,0,-60.56489507697367
geometry_control,65,80,26,62,1.3730997061111108,1033.0650033911638,-17.749318442604988,0.45374332253253247,0.6252718478227655,0,-59.684243182727045
geometry_control,65,81,27,56,1.4460717280646853,998.8814650784017,-36.34268808874875,0.49798775992311295,0.6252718478227655,0,-5.988727841998532
geometry_control,65,82,27,62,1.4606821127335028,855.762798319791,-35.81917168953093,0.44414448295563025,0.6252718478227655,0,-18.581009162480658
geometry_control,65,83,27,63,1.3824479345777976,971.804395746723,-39.71356217842418,0.5302949390737546,0.6252718478227655,0,45.74404950252693
geometry_control,65,84,28,57,1.379283360724125,1049.9859595715534,-29.467547846376075,0.577471417081362,0.6252718478227655,0,-75.79587395249646
geometry_control,65,85,28,63,1.4977944743411533,1091.68020888911,-19.602935740776164,0.607395458491648,0.6252718478227655,0,-61.27486420070878
geometry_control,65,86,28,64,1.372963519103916,795.4618944377681,-84.40356845402526,0.5345704857093496,0.6252718478227655,0,-123.49969373244514
geometry_control,65,87,29,58,1.4202438933528996,1148.1908573167934,-53.03601245928947,0.5138369171102464,0.6252718478227655,0,-71.33602598552051
geometry_control,65,88,29,64,1.3789693128419653,1013.2153076191157,-30.563658074328355,0.4568992315620628,0.6252718478227655,0,-101.49796868444542
geometry_control,65,89,29,65,1.5077180862249586,384.51812238787716,-50.762808813760024,0.37838237499150174,0.6252718478227655,0,-68.11013058900018
geometry_control,65,90,30,65,1.398430227951114,1009.5638566031311,-37.0108467666784,0.4466835763050145,0.6252718478227655,0,-41.07691931634406
geometry_control,65,91,30,66,1.4046977137579169,1145.5201298305458,-42.94577687236609,0.5737613966659194,0.6252718478227655,0,-65.23821934012341
geometry_control,65,92,30,71,1.4611375605078698,981.5564989279633,-42.67205895821829,0.5096866544886991,0.6252718478227655,0,-48.62995084833771
geometry_control,65,93,31,60,1.5260215966255175,328.2284272320978,-12.786258339066311,0.5183616275467062,0.6252718478227655,0,-42.116981534303
geometry_control,65,94,31,66,1.4375601800557152,1004.0711461882465,-14.01581162172847,0.5345198270857765,0.6252718478227655,0,-33.18699378478736
geometry_control,65,95,31,67,1.465626230067246,954.3822457793551,-14.615795073380022,0.5327284806465243,0.6252718478227655,0,9.448070166840495
geometry_control,65,96,32,61,1.401891534443726,1191.218433745521,14.592771393732683,0.4457515387061616,0.6252718478227655,0,-35.00672240426103
geometry_control,65,97,32,67,1.4161382827834514,1071.0844155124469,14.642452149600526,0.5098474686359322,0.6252718478227655,0,-17.344860979955065
geometry_control,65,98,32,68,1.5148292445263376,499.6450960941116,-43.81757674322364,0.5745242611361939,0.6252718478227655,0,-37.68861826360294
geometry_control,65,99,33,62,1.4192784754096361,1067.282999501438,-67.0367643625397,0.39524363433828913,0.6252718478227655,0,-52.511478865210165
geometry_control,65,100,33,68,1.391084458487832,996.9370676650615,-27.081060898951158,0.5200155275254684,0.6252718478227655,0,13.219435425820734
geometry_control,65,101,33,69,1.3475596008043589,217.8418574215496,-82.72180735938367,0.5117006484116103,0.6252718478227655,0,-8.928856757395273
geometry_control,65,102,34,63,1.5602966323152094,-433.8095007508082,-62.71359511171333,0.511107010940252,0.6252718478227655,0,6.045392103988682
geometry_control,65,103,34,69,1.4667022593355685,916.8818125489742,-3.35074560137643,0.5414135688954489,0.6252718478227655,0,89.88084353536587
geometry_control,65,104,34,70,1.414855391344323,1193.1820209988334,-67.2329266778817,0.4766714066332144,0.6252718478227655,0,-19.198859117462646
geometry_control,65,105,35,64,1.4839054222554193,778.2895483471063,-36.79461915978332,0.6207808955877924,0.6252718478227655,0,-23.007279679945835
geometry_control,65,106,35,70,1.413627303541222,1432.4735714501455,-49.5703504969932,0.6591702640630532,0.6252718478227655,1,-13.334932998948101
geometry_control,65,107,35,71,1.4319571212437552,1164.7656987203916,-44.82496104828372,0.6052671172009159,0.6252718478227655,0,-13.484159637344717
geometry_control,87,0,0,36,1.3676056508713499,856.3514717137974,11.552243639209268,0.4134869342449162,0.6266128167623086,0,-136.9694927461767
geometry_control,87,1,0,41,1.4257492259192899,1083.5903519777264,22.417198071530887,0.3525643392148031,0.6266128167623086,0,-101.32262718923933
geometry_control,87,2,0,71,1.3339262991076744,327.38724565996023,47.78904170188856,0.44118502634096696,0.6266128167623086,0,-164.18224464653986
geometry_control,87,3,1,36,1.4110429873589032,1104.9177408747796,-16.60050812569104,0.669125659857584,0.6266128167623086,1,-54.044179184806616
geometry_control,87,4,1,37,1.477549198024956,840.5798750100524,-14.635159871708943,0.6586600840262281,0.6266128167623086,1,-43.73398857738414
geometry_control,87,5,1,66,1.4189209202942137,1419.747208833935,-27.031235081495222,0.7773226016658943,0.6266128167623086,1,-63.33002060201169
geometry_control,87,6,2,37,1.4407934995457314,1059.9103930994095,-44.06490981956712,0.49031186889597117,0.6266128167623086,0,-22.609329248740966
geometry_control,87,7,2,38,1.4493368938337616,991.2879729468118,-31.637712840763303,0.5222953678693285,0.6266128167623086,0,-26.04973083229468
geometry_control,87,8,2,67,1.3761539358405541,901.2565884758214,-10.542447381766474,0.5897763855008586,0.6266128167623086,0,-58.606279884643484
geometry_control,87,9,3,38,1.4119615439412072,978.0986151586546,-15.83931081886092,0.5115524358318663,0.6266128167623086,0,-48.465713388726385
geometry_control,87,10,3,39,1.4094291914800903,1118.9839947268686,-8.352589387413554,0.4546187591672649,0.6266128167623086,0,-89.17750772800596
geometry_control,87,11,3,68,1.471197783504387,940.7647579835545,-26.050259073547195,0.7715516933098779,0.6266128167623086,1,-14.43586244685708
geometry_control,87,12,4,39,1.4622780672995155,839.1184510572242,-28.256976815367608,0.42832953588729616,0.6266128167623086,0,-74.74131276833265
geometry_control,87,13,4,40,1.3738097124560567,780.5540241726399,-55.21480109360925,0.44191275759678633,0.6266128167623086,0,-99.57435599468026
geometry_control,87,14,4,69,1.4557074927983815,993.2035788011522,-37.997392802217675,0.45623375821456125,0.6266128167623086,0,-59.167375968252955
geometry_control,87,15,5,40,1.4670615910998215,1405.9830929643765,-21.057047573203757,0.4698261200384494,0.6266128167623086,0,-50.431297451740974
geometry_control,87,16,5,41,1.3712875950607852,883.9309899161063,-15.518045187363896,0.4307360568214461,0.6266128167623086,0,-91.11068933553865
geometry_control,87,17,5,70,1.457947802531317,1049.802229075314,6.9414052083394475,0.5137712954422329,0.6266128167623086,0,-42.342562125114
geometry_control,87,18,6,41,1.4738740678976952,783.591714284627,-38.16977203253675,0.5227737575872878,0.6266128167623086,0,-21.125472613059074
geometry_control,87,19,6,42,1.4608151004685,1008.1425534786297,-4.767571354126022,0.6391212853796064,0.6266128167623086,1,33.72682965905517
geometry_control,87,20,6,47,1.4626965000014402,1190.120608243619,-36.52171158852725,0.6245730117801446,0.6266128167623086,0,-31.441699651307104
geometry_control,87,21,7,36,1.3845442131715606,957.0208121832495,-3.9182529849932957,0.45230805795242274,0.6266128167623086,0,-50.11937130149467
geometry_control,87,22,7,42,1.3775834015847999,864.7646315159075,-34.351761186133096,0.5077329907146282,0.6266128167623086,0,-64.7376744455305
geometry_control,87,23,7,43,1.506900677466636,556.0292424430272,1.430376588246983,0.5714377327415994,0.6266128167623086,0,-67.1256525235822
geometry_control,87,24,8,37,1.4534420954300336,993.5052603026281,-23.206513970799683,0.4707359861436374,0.6266128167623086,0,-34.85900729866283
geometry_control,87,25,8,43,1.4212420212357686,1163.7346988999534,-9.401498641068487,0.6003312367641699,0.6266128167623086,0,-41.69633098158883
geometry_control,87,26,8,44,1.3893984479940906,916.8514667689683,-28.777002424075395,0.4712625161777735,0.6266128167623086,0,-66.67945720063413
geometry_control,87,27,9,38,1.4011935797530486,1294.0275434952982,4.940585235253786,0.5539883700953971,0.6266128167623086,0,-69.98609059059658
geometry_control,87,28,9,44,1.4235564781130146,1038.1573884460763,-34.80601812332047,0.5225314011561759,0.6266128167623086,0,-68.57642114275521
geometry_control,87,29,9,45,1.4649057848561882,1023.184651984953,-38.434415009235195,0.4554244196714835,0.6266128167623086,0,-58.26917421146702
geometry_control,87,30,10,39,1.4846562309528195,555.1021519474332,-81.1725508272359,0.42420275789074546,0.6266128167623086,0,-72.84507566957127
geometry_control,87,31,10,45,1.3124207731305897,-351.9940545310478,-144.8374394631103,0.38257248413143324,0.6266128167623086,0,-144.91725825584336
geometry_control,87,32,10,46,1.3622249107774889,614.1213597578819,-82.30474285289665,0.5864775055455582,0.6266128167623086,0,-121.71861043967654
geometry_control,87,33,11,40,1.3865241578003549,1243.972446787178,-44.62485172393088,0.7678143528657067,0.6266128167623086,1,-21.942581846108215
geometry_control,87,34,11,46,1.4553593526262998,1420.6054685968734,-0.008046370053017143,0.9165058788110292,0.6266128167623086,1,8.94031978275492
geometry_control,87,35,11,47,1.4155227999913744,1227.9454007476133,-47.85628361135471,0.8305235438415599,0.6266128167623086,1,3.522311814795664
geometry_control,87,36,12,47,1.3996420402550005,1304.8799287306206,26.463335099834225,0.6951022383950478,0.6266128167623086,1,-19.617015625200338
geometry_control,87,37,12,48,1.3657089917376073,870.3405256951024,-24.247184236799516,0.6004243119017385,0.6266128167623086,0,-18.595830081345092
geometry_control,87,38,12,53,1.5380460693438465,1040.959656248883,0.4231143932312709,0.9192120908684162,0.6266128167623086,1,15.012553161888889
geometry_control,87,39,13,42,1.462357812081196,1564.2495200944504,-25.136232533242296,0.7965943706755427,0.6266128167623086,1,49.293391468950475
geometry_control,87,40,13,48,1.4461009675450496,1295.3204582963888,8.538254091598503,0.6873681705827717,0.6266128167623086,1,20.002928453333155
geometry_control,87,41,13,49,1.430861054826249,1146.5222028299854,-13.1000793161803,0.8228593578287438,0.6266128167623086,1,22.969729771129977
geometry_control,87,42,14,43,1.4603777555527169,1264.669938496019,-15.378986026300243,0.6009477686753826,0.6266128167623086,0,21.00131879618381
geometry_control,87,43,14,49,1.4527701995036983,1019.5802353151504,-10.80184809237085,0.5635080138016124,0.6266128167623086,0,37.11490233099644
geometry_control,87,44,14,50,1.3430583377270968,458.5280616971701,-14.529908517812737,0.5028136417674334,0.6266128167623086,0,-58.751137323794964
geometry_control,87,45,15,44,1.3918675649653125,1160.9898897288747,4.351279646250514,0.6363287013761326,0.6266128167623086,1,-41.41999121420081
geometry_control,87,46,15,50,1.467745393793857,1062.3973456920291,-31.310973029473264,0.6672632950545798,0.6266128167623086,1,-15.518362240560602
geometry_control,87,47,15,51,1.434333310799874,1136.3452391620092,-46.50362580115463,0.706058970262377,0.6266128167623086,1,-16.01910797991801
geometry_control,87,48,16,45,1.4543285937440267,990.893930589527,19.72522036654595,0.4036198901712474,0.6266128167623086,0,-71.99886962192541
geometry_control,87,49,16,51,1.511589303080954,481.91809391770533,-11.513855819348052,0.5404571405421842,0.6266128167623086,0,-74.60739100960986
geometry_control,87,50,16,52,1.3693699110016269,756.6624153004383,6.76471601528288,0.41250539026623334,0.6266128167623086,0,-73.94804310647223
geometry_control,87,51,17,46,1.492496337688496,1171.2731056556397,53.5396391781976,0.7694914734264782,0.6266128167623086,1,-7.364969700955022
geometry_control,87,52,17,52,1.4611812058094016,1264.0778901257565,-8.406239851631508,0.5744719521073391,0.6266128167623086,0,-8.191468491731065
geometry_control,87,53,17,53,1.4322073830760726,1312.3803265371093,-20.385398503053626,0.9076189909303773,0.6266128167623086,1,33.10643789096915
geometry_control,87,54,18,53,1.3742515299411462,994.6647443032338,16.49177853057324,1.0040878103151982,0.6266128167623086,1,89.58000666854946
geometry_control,87,55,18,54,1.4435241264441347,1546.2641418800933,-50.72022548578599,0.7409457063974031,0.6266128167623086,1,35.564173557491756
geometry_control,87,56,18,59,1.4506459026972989,1343.5234295505454,26.948386118542697,0.8446919397447332,0.6266128167623086,1,36.756413085323715
geometry_control,87,57,19,48,1.4151356874045458,1108.8809551869738,-38.811998842265105,0.5519406731743102,0.6266128167623086,0,-4.345017389725399
geometry_control,87,58,19,54,1.501620507918092,797.0817727186673,16.854484967133754,0.6075863482231927,0.6266128167623086,0,-20.389193476048526
geometry_control,87,59,19,55,1.4622154539846681,1244.9181481773096,-36.630776485272314,0.6233799435058858,0.6266128167623086,0,1.865161436586348
geometry_control,87,60,20,49,1.4470983083497728,1413.5782845211934,-2.314006111040396,0.5459744334163494,0.6266128167623086,0,-7.711109535889108
geometry_control,87,61,20,55,1.4348392874094296,1240.0799535940291,-10.394921581075106,0.481922516501953,0.6266128167623086,0,-20.8198589772864
geometry_control,87,62,20,56,1.3980298678995853,1287.017436671292,31.767945869057872,0.6425420771903121,0.6266128167623086,1,-6.859577590151517
geometry_control,87,63,21,50,1.480038198412267,821.0255087882848,-28.92860310088323,0.5320746027617345,0.6266128167623086,0,-32.42712960678092
geometry_control,87,64,21,56,1.406470147800349,1171.2131099808355,1.9388926533227433,0.6893366185698762,0.6266128167623086,1,9.10975885016849
geometry_control,87,65,21,57,1.4513493970900073,1097.8044128632828,-0.16283619074126432,0.5419547095861033,0.6266128167623086,0,-65.93505034012229
geometry_control,87,66,22,51,1.304118562534494,-654.5065711186146,-172.55171670530433,0.5190236128757775,0.6266128167623086,0,-87.34487014100642
geometry_control,87,67,22,57,1.4325845952428513,899.8146179321329,-2.0145935158604673,0.4901080444923491,0.6266128167623086,0,-17.05986774974846
geometry_control,87,68,22,58,1.351405525092858,471.4719980681541,-18.447327621178804,0.4639160107303057,0.6266128167623086,0,-70.45919262638367
geometry_control,87,69,23,52,1.3966764378722314,1117.777795781999,-5.522373179178891,0.38415663327787397,0.6266128167623086,0,-34.56846562824097
geometry_control,87,70,23,58,1.538821244205001,168.00816071776748,-81.53140057714182,0.4570007814083531,0.6266128167623086,0,-100.21524537402763
geometry_control,87,71,23,59,1.4943554870222482,991.182273889154,-12.188387057230084,0.5579078015304474,0.6266128167623086,0,-26.100232682691882
geometry_control,87,72,24,59,1.3511986435958705,949.0792330404724,35.17122739630297,0.6132973722264703,0.6266128167623086,0,-49.78756933004692
geometry_control,87,73,24,60,1.4450824295020779,1120.946420139528,36.01289494946461,0.671458823431714,0.6266128167623086,1,12.719871780515575
geometry_control,87,74,24,65,1.4546553701221627,1188.7243310787455,26.00496878010584,0.5667783503062793,0.6266128167623086,0,7.4876935786943974
geometry_control,87,75,25,54,1.3800260859345534,999.396565700333,4.416098373195967,0.4835479902476062,0.6266128167623086,0,-72.43818654535549
geometry_control,87,76,25,60,1.5257754507360446,141.85691982961313,-20.116227462568137,0.6454556748001801,0.6266128167623086,1,-36.01588331734437
geometry_control,87,77,25,61,1.4323922582098096,1065.62097103801,-3.361624672437299,0.5397000596402525,0.6266128167623086,0,-15.135398274185711
geometry_control,87,78,26,55,1.4313492214582324,987.0151571011666,-49.725316653748756,0.54640890375222,0.6266128167623086,0,-24.037690717102315
geometry_control,87,79,26,61,1.4191169193758841,1074.4911161274379,-35.96972199701852,0.5867673778621733,0.6266128167623086,0,-44.06117482079203
geometry_control,87,80,26,62,1.4246237166926345,1150.9140532346598,-52.24963899693018,0.5921884669665912,0.6266128167623086,0,-8.132772241738067
geometry_control,87,81,27,56,1.4147547213509504,921.7020989395066,-3.960087888950102,0.6991204225900753,0.6266128167623086,1,10.939640864409327
geometry_control,87,82,27,62,1.4156506977505219,1005.4669469259217,4.0020754622886665,0.5842804251160874,0.6266128167623086,0,-66.93643284970952
geometry_control,87,83,27,63,1.47643642237516,873.1698263476567,-22.46392918933885,0.4896838798260217,0.6266128167623086,0,-70.32137035694228
geometry_control,87,84,28,57,1.4374450544790984,1006.3538216935885,-1.9690075328580958,0.5947794723028231,0.6266128167623086,0,-39.75703691520587
geometry_control,87,85,28,63,1.427857474851477,1168.8518292083902,19.176712533124938,0.5327248385225424,0.6266128167623086,0,-52.74145611703052
geometry_control,87,86,28,64,1.351370440619685,491.3363220510378,-7.940523391697858,0.6611366203563054,0.6266128167623086,1,-92.27178871622453
geometry_control,87,87,29,58,1.3905887970053608,1003.2696995199395,-53.9129165351124,0.49562011674296347,0.6266128167623086,0,12.3628592609952
geometry_control,87,88,29,64,1.3387085669800558,246.51216174344975,-11.636675019033344,0.5881692985584892,0.6266128167623086,0,-49.0104550184123
geometry_control,87,89,29,65,1.4033558024208292,1008.9501805063463,9.671635066434302,0.5500081149448667,0.6266128167623086,0,3.061980782162898
geometry_control,87,90,30,65,1.4643338105796446,927.7906983945603,-34.76345906614049,0.5086558744367026,0.6266128167623086,0,-87.98582161585746
geometry_control,87,91,30,66,1.3840306447836694,877.4391977586818,-42.050727490021316,0.5577811970995569,0.6266128167623086,0,-123.21536456338255
geometry_control,87,92,30,71,1.3887446216603396,910.6992131662689,-10.317749835150396,0.47728234738729725,0.6266128167623086,0,-158.20992567894132
geometry_control,87,93,31,60,1.3704026547479773,1137.2924453830535,-7.005946617953226,0.662083139956322,0.6266128167623086,1,-32.28167481809403
geometry_control,87,94,31,66,1.4611229673749808,938.4901463641775,-19.77920042008515,0.6065279894937414,0.6266128167623086,0,-29.508000552267877
geometry_control,87,95,31,67,1.4261998788561028,1103.088133772173,-25.34304553220159,0.5873299884589626,0.6266128167623086,0,-30.572348246344028
geometry_control,87,96,32,61,1.3834886069848509,844.9551455062975,-42.3623675666884,0.7376924013002595,0.6266128167623086,1,-44.478367053652775
geometry_control,87,97,32,67,1.403887979546066,1077.4020838674896,-17.05797324315551,0.7686948649628278,0.6266128167623086,1,-31.373350568609006
geometry_control,87,98,32,68,1.4029705444617766,1131.524289683714,-49.88974853892162,0.9612131048093093,0.6266128167623086,1,27.59859632947257
geometry_control,87,99,33,62,1.5182578937935352,297.5498636215731,-70.34562926248745,0.6559917671236919,0.6266128167623086,1,-55.609369133718744
geometry_control,87,100,33,68,1.411302100465413,1186.2737922052088,-13.613432153060282,0.8740913815283238,0.6266128167623086,1,-42.47039746438566
geometry_control,87,101,33,69,1.4444121611652234,1173.3873167875165,-45.20835555175102,0.5850626697129758,0.6266128167623086,0,-49.86861802814133
geometry_control,87,102,34,63,1.395341019768232,1081.3005825075873,0.7079300082895,0.4260503336042174,0.6266128167623086,0,-60.89761522630629
geometry_control,87,103,34,69,1.4204610811438707,1056.897857511411,-7.122485937473611,0.449717781483567,0.6266128167623086,0,-45.49771943667495
geometry_control,87,104,34,70,1.3794986411913712,949.229607634677,-14.000388885507684,0.47934195626957565,0.6266128167623086,0,-43.096813195016146
geometry_control,87,105,35,64,1.5126237297240805,581.7911754314575,-92.81577452467019,0.6835162470800089,0.6266128167623086,1,-37.874301184578755
geometry_control,87,106,35,70,1.474783178548835,966.5723380179443,-18.942122531232876,0.6083960879116042,0.6266128167623086,0,-12.22000498405773
geometry_control,87,107,35,71,1.4561092613033069,856.2372672620869,-48.33665714872728,0.6139815364169812,0.6266128167623086,0,-7.562673809218758
geometry_control,272,0,0,36,1.4766867076248007,866.5590683567859,-23.551217274194606,0.5594154095989203,0.6244465523522833,0,2.176558226455235
geometry_control,272,1,0,41,1.462651921041856,759.0523425860649,21.20266353490528,0.4286244173183592,0.6244465523522833,0,-51.74193067781914
geometry_control,272,2,0,71,1.4586504185074207,896.5548293633465,-6.879867942661652,0.4508598578557611,0.6244465523522833,0,-37.4876646880044
geometry_control,272,3,1,36,1.3644063362164927,316.3837198043096,9.001411285323197,0.6179602497968548,0.6244465523522833,0,-13.992838092308368
geometry_control,272,4,1,37,1.3618611546599386,525.1065000249624,42.877474558175074,0.646976913973784,0.6244465523522833,1,35.09506748411102
geometry_control,272,5,1,66,1.3603401314695862,504.0591499505851,17.802768906452002,0.5005418757165557,0.6244465523522833,0,-27.276544642978347
geometry_control,272,6,2,37,1.493951967153799,518.6805779648589,-20.23199321282207,0.5409890423054804,0.6244465523522833,0,-26.471337981057207
geometry_control,272,7,2,38,1.5491541956850376,-318.63662123657167,-10.05889374944347,0.6203843954350614,0.6244465523522833,0,-28.44691569413694
geometry_control,272,8,2,67,1.38526827942146,830.9273839552833,23.240943656780168,0.48298886247626,0.6244465523522833,0,10.424004137685962
geometry_control,272,9,3,38,1.4032111019427984,1064.6905722857523,36.47829542813005,0.7325757414259877,0.6244465523522833,1,-20.10309786403038
geometry_control,272,10,3,39,1.402975172531453,861.8275798339087,9.981083927936272,0.5617727260544075,0.6244465523522833,0,-81.33195900039172
geometry_control,272,11,3,68,1.4423791672354365,914.7124991585058,13.868720359105673,0.5950255436605334,0.6244465523522833,0,-100.15246056677927
geometry_control,272,12,4,39,1.4408944264448333,831.9858318386695,-2.2663165133279124,0.591898331950836,0.6244465523522833,0,-29.825830072979947
geometry_control,272,13,4,40,1.4187015004453882,899.1079513667249,-21.132552671493787,0.5620012412916752,0.6244465523522833,0,-46.54273462348394
geometry_control,272,14,4,69,1.384312587588118,863.1157519510515,-30.040422914329167,0.6086288779484238,0.6244465523522833,0,-41.21377288311979
geometry_control,272,15,5,40,1.49026927874541,668.7319212302292,-10.19213335693639,0.39878702251527065,0.6244465523522833,0,-118.38719367455062
geometry_control,272,16,5,41,1.372974195950072,577.2077589362534,-15.271329129587036,0.3602841189589402,0.6244465523522833,0,-137.5795540793558
geometry_control,272,17,5,70,1.3872883397074307,1007.5230198630998,-17.1257066009297,0.3966298166330715,0.6244465523522833,0,-109.20374405099886
geometry_control,272,18,6,41,1.3477299219224605,263.7232140844418,11.822516727754238,0.31314163637317216,0.6244465523522833,0,-122.04319871024532
geometry_control,272,19,6,42,1.389902901005301,992.546326815114,39.69057856251161,0.37646774602628313,0.6244465523522833,0,-89.11452199547867
geometry_control,272,20,6,47,1.551763549968447,-350.77091216632186,-97.22195908381107,0.35362306751161304,0.6244465523522833,0,-120.14314757848481
geometry_control,272,21,7,36,1.433784347960974,963.630338750189,-18.679710630666353,0.736449444083236,0.6244465523522833,1,-51.041020466677935
geometry_control,272,22,7,42,1.4503332379724438,1115.2680694597939,30.965840961630963,0.6689845614557859,0.6244465523522833,1,-2.723272431295726
geometry_control,272,23,7,43,1.4239893224496025,995.4341731521419,-22.03888867016222,0.7052537056466238,0.6244465523522833,1,3.335039134544658
geometry_control,272,24,8,37,1.457107097895644,789.1288950510882,-30.170259813157323,0.5956955931360646,0.6244465523522833,0,-100.651821637078
geometry_control,272,25,8,43,1.338532222971929,148.0006897196916,-27.698838431748452,0.5354831905225232,0.6244465523522833,0,-114.27630485922461
geometry_control,272,26,8,44,1.403193470375803,954.7779108556326,32.091693957773565,0.5585267210203424,0.6244465523522833,0,-69.46241804126888
geometry_control,272,27,9,38,1.4788021131006228,873.3510527098867,-6.1803623110344015,0.7698315015700663,0.6244465523522833,1,10.562710038618981
geometry_control,272,28,9,44,1.4186879561815673,1016.537249018189,19.767709233116044,0.6532672763247629,0.6244465523522833,1,-20.379722423692627
geometry_control,272,29,9,45,1.3756702140951726,906.186531967943,29.6302544645531,0.6213177812803594,0.6244465523522833,0,-60.52491252672054
geometry_control,272,30,10,39,1.346076787489453,393.7925402780634,15.45313954673097,0.5158955473497955,0.6244465523522833,0,-114.9549800465654
geometry_control,272,31,10,45,1.4390088006094772,1033.179797491034,-1.9768307727418242,0.5381848424316689,0.6244465523522833,0,-70.29721080965582
geometry_control,272,32,10,46,1.4414331395645763,916.9830727868548,-11.541708545235496,0.5176872493126956,0.6244465523522833,0,-31.569953590688527
geometry_control,272,33,11,40,1.3856876293032672,724.9571923787777,-37.27677179018291,0.5880323153262942,0.6244465523522833,0,-56.32865361278523
geometry_control,272,34,11,46,1.4371140951821166,1071.928327634883,2.12178956496973,0.6197211079483551,0.6244465523522833,0,-24.987004779722966
geometry_control,272,35,11,47,1.385972130537111,1088.171929530239,21.026411691830273,0.5900108429084047,0.6244465523522833,0,13.714716493200335
geometry_control,272,36,12,47,1.3243803896935384,-11.580256807252166,-38.54079303097099,0.4268134469598439,0.6244465523522833,0,-135.68954436293893
geometry_control,272,37,12,48,1.4148592788738539,1081.4203957521966,18.56580919613096,0.4679100925025108,0.6244465523522833,0,-66.88453702484028
geometry_control,272,38,12,53,1.534564704014107,-67.08279813610257,-59.12287554191172,0.44918443982187406,0.6244465523522833,0,-50.84275915167269
geometry_control,272,39,13,42,1.4850817981726074,714.2657508591417,-37.57409366434369,0.5996720256266767,0.6244465523522833,0,21.441310990509045
geometry_control,272,40,13,48,1.477774043800502,828.8481637750284,25.304049450368503,0.6179239926546735,0.6244465523522833,0,10.366602371710847
geometry_control,272,41,13,49,1.4849809858129632,720.8525383476655,-22.036783366238478,0.8170192474045384,0.6244465523522833,1,81.60506014186214
geometry_control,272,42,14,43,1.4054046136215852,891.60257676695,-8.481237625299155,0.5348620558287907,0.6244465523522833,0,-102.00372411354556
geometry_control,272,43,14,49,1.387308218671589,983.2860486221878,-2.998154775399429,0.7159401334158144,0.6244465523522833,1,14.40096220096867
geometry_control,272,44,14,50,1.3800698352592329,774.0302553550191,17.090012034392643,0.488430403566933,0.6244465523522833,0,-83.98024459604949
geometry_control,272,45,15,44,1.4509657780127374,945.4888590274957,18.54880524528107,0.5923723868861153,0.6244465523522833,0,-39.135546634054194
geometry_control,272,46,15,50,1.4103893409056214,947.932711517409,4.4512745470939,0.5228972041264385,0.6244465523522833,0,-73.40323185943957
geometry_control,272,47,15,51,1.415163566132608,842.5328686644522,-12.372355630195162,0.47989885238156954,0.6244465523522833,0,-86.02602814370343
geometry_control,272,48,16,45,1.4553410877107664,895.2412931211046,-8.700696584504245,0.5681019228608983,0.6244465523522833,0,-55.73050108341378
geometry_control,272,49,16,51,1.478147050396681,666.2354371548261,-27.6940703605014,0.48757788340075614,0.6244465523522833,0,-86.9117968863776
geometry_control,272,50,16,52,1.338875705760634,269.43052889976906,1.4954336599347917,0.542787511361217,0.6244465523522833,0,-108.77515171837152
geometry_control,272,51,17,46,1.4779844641800706,825.5540478878204,0.33863998696122277,0.6688607162861038,0.6244465523522833,1,-22.41653207420741
geometry_control,272,52,17,52,1.4284121325737922,808.1338690171788,14.274351474159497,0.6640438979053954,0.6244465523522833,1,-3.185327464350742
geometry_control,272,53,17,53,1.5076829518003587,457.89343290885273,-0.4402783566593744,0.6615214441081834,0.6244465523522833,1,-8.944837255367396
geometry_control,272,54,18,53,1.3915936892307803,690.1440228943022,-36.25906107394944,0.4882038012022387,0.6244465523522833,0,29.170237913266938
geometry_control,272,55,18,54,1.394643313107746,737.0561182386606,-4.018446983340467,0.5190940994458618,0.6244465523522833,0,-87.02566364327433
geometry_control,272,56,18,59,1.3586227970904872,462.3374060724527,13.51018907614909,0.45788218326359975,0.6244465523522833,0,-123.29350113715853
geometry_control,272,57,19,48,1.3976960556860405,1080.966346465887,39.77075250896082,0.5314889181587057,0.6244465523522833,0,-48.301967948218746
geometry_control,272,58,19,54,1.4239075116319166,1157.300105326585,26.247108615389333,0.543653563721692,0.6244465523522833,0,-62.56023906962617
geometry_control,272,59,19,55,1.4400350590993476,1027.232845298044,-4.834476165836079,0.4740380868057437,0.6244465523522833,0,-69.852904578686
geometry_control,272,60,20,49,1.4482786101286846,1052.1114672557367,30.653557334524898,0.7579784126471354,0.6244465523522833,1,2.496128849238552
geometry_control,272,61,20,55,1.442694036782343,914.118779416273,-1.0915678974863248,0.5014323265443086,0.6244465523522833,0,-25.776719794349503
geometry_control,272,62,20,56,1.4642188229377462,992.1891356100907,20.190854939605824,0.5598796342831456,0.6244465523522833,0,7.528830865726704
geometry_control,272,63,21,50,1.4696635184766897,683.129929349603,21.406268985440676,0.6152153537699969,0.6244465523522833,0,-39.86924675680202
geometry_control,272,64,21,56,1.4854727850361757,617.1279597625501,4.39974076342806,0.6446263052548884,0.6244465523522833,1,4.0332364115922985
geometry_control,272,65,21,57,1.4539879598120944,1014.5080163180716,2.1015531566518946,0.6310088783930944,0.6244465523522833,1,-15.1896683561097
geometry_control,272,66,22,51,1.3729434134323442,646.2280807099254,-16.8947287500949,0.331565413178013,0.6244465523522833,0,-86.31282260141124
geometry_control,272,67,22,57,1.5679932541893589,-778.7612119765264,-70.1841132491858,0.39035728954597937,0.6244465523522833,0,-79.2571605935926
geometry_control,272,68,22,58,1.38302118373268,730.5825040829587,-12.56217544083009,0.3558343425014481,0.6244465523522833,0,-130.94218185837528
geometry_control,272,69,23,52,1.391189939517858,836.9499846549478,-24.720186037869542,0.48404919286414827,0.6244465523522833,0,-84.26410594735374
geometry_control,272,70,23,58,1.4192921902412998,990.7824704625614,-32.361788991291675,0.4531084942271226,0.6244465523522833,0,-115.35209136956547
geometry_control,272,71,23,59,1.4597590797694635,921.7977681407012,-34.799507036738646,0.4512051211282972,0.6244465523522833,0,-141.50116356989946
geometry_control,272,72,24,59,1.365370790663242,544.0061538352303,-45.18183549288796,0.45621532374009366,0.6244465523522833,0,-126.25639837445468
geometry_control,272,73,24,60,1.4179637344998497,884.8118800683078,1.0638899892905074,0.5023129892181816,0.6244465523522833,0,-90.21428940979175
geometry_control,272,74,24,65,1.36922978134322,556.1443391159602,-23.79742392611486,0.5453862220608431,0.6244465523522833,0,-56.003349051122726
geometry_control,272,75,25,54,1.3952894014603732,898.9145004397475,2.7961842031500246,0.5521220157038578,0.6244465523522833,0,-96.46130390681296
geometry_control,272,76,25,60,1.4210088577294262,891.3570388532725,-1.7814558793076833,0.5370077649996836,0.6244465523522833,0,-89.84223145878465
geometry_control,272,77,25,61,1.411259329516806,864.8458634128027,17.923065227686813,0.6425580957430286,0.6244465523522833,1,-80.01795906332333
geometry_control,272,78,26,55,1.3453568607620479,358.2080391766697,-31.604307497567362,0.5908910854869203,0.6244465523522833,0,-93.58281118720004
geometry_control,272,79,26,61,1.4699745602948722,1196.4439455656786,-12.7085913001371,0.7509426424420393,0.6244465523522833,1,-64.85714172071135
geometry_control,272,80,26,62,1.4579003484252144,966.7377771876678,1.7873069660445817,0.7181579992906595,0.6244465523522833,1,-56.29713064409181
geometry_control,272,81,27,56,1.3337586425438286,182.99816918658223,-23.379690458313604,0.46061231602029,0.6244465523522833,0,-111.9474846975676
geometry_control,272,82,27,62,1.4035874269051787,907.5516552241427,8.456021291973245,0.5294319220851922,0.6244465523522833,0,-78.90347584285811
geometry_control,272,83,27,63,1.4762188857051446,785.5028282406038,-5.217901544488238,0.46761483413336813,0.6244465523522833,0,-90.60681747654075
geometry_control,272,84,28,57,1.4357755617954269,820.7181263633116,8.744454533811732,0.48907658022613165,0.6244465523522833,0,84.85644102216213
geometry_control,272,85,28,63,1.3499044339325905,479.9341155354061,11.82753549983475,0.5096965252010038,0.6244465523522833,0,-71.21611422880487
geometry_control,272,86,28,64,1.421627486482463,1091.5681932318066,11.106660552764199,0.62196595619019,0.6244465523522833,0,14.484648985211258
geometry_control,272,87,29,58,1.5045118114186533,382.3627784580263,-34.45627989074994,0.4206492798785293,0.6244465523522833,0,-81.19711691379399
geometry_control,272,88,29,64,1.3839240027024111,1009.8514511380827,-12.742222817043139,0.5880616028871191,0.6244465523522833,0,-33.96606812378105
geometry_control,272,89,29,65,1.4539765386392123,942.6788709668175,-36.32526627486983,0.5079168051004535,0.6244465523522833,0,-64.18729663950897
geometry_control,272,90,30,65,1.5042504418341427,396.97527995575786,0.5820176875578551,0.5343842742699372,0.6244465523522833,0,-72.97310430621192
geometry_control,272,91,30,66,1.4138807909858728,1327.6680152854713,-17.920026060490112,0.42605518808761766,0.6244465523522833,0,-132.72582719921272
geometry_control,272,92,30,71,1.355870100229959,332.5390738359747,-18.0275647343843,0.43491801042475764,0.6244465523522833,0,-98.93256725324082
geometry_control,272,93,31,60,1.4000056889859762,1064.846515073289,-2.3721657623417496,0.4772523832246923,0.6244465523522833,0,-104.47991437299541
geometry_control,272,94,31,66,1.4742061863240825,849.8412194347964,17.668272293216067,0.4119965298850343,0.6244465523522833,0,-113.72439687903042
geometry_control,272,95,31,67,1.4263174698451468,815.7349638010438,5.6497796340748,0.5004313883130423,0.6244465523522833,0,-38.33436035934624
geometry_control,272,96,32,61,1.3884939277158599,966.1568811483628,12.449748836918454,0.6513549786405428,0.6244465523522833,1,-88.28952685573978
geometry_control,272,97,32,67,1.3642134435966382,639.9137516377323,-8.512491202512615,0.5689836529855478,0.6244465523522833,0,-96.13763340461156
geometry_control,272,98,32,68,1.4262752838465955,998.2877017083889,-4.994658120727393,0.5688289881788948,0.6244465523522833,0,-108.84191555007934
geometry_control,272,99,33,62,1.3957307147678037,778.1059694247999,-22.019187937308104,0.6540099039239772,0.6244465523522833,1,-78.7954305501544
geometry_control,272,100,33,68,1.355483403622705,499.5696656741202,-16.515067909155615,0.6042685566137092,0.6244465523522833,0,-122.69939482908632
geometry_control,272,101,33,69,1.4331020702380592,887.6174947679202,-46.16078932467854,0.5877462850051711,0.6244465523522833,0,-43.061013485528164
geometry_control,272,102,34,63,1.4199233841777372,990.6970781753301,-5.283614830538884,0.5673973939383543,0.6244465523522833,0,-50.66670374224386
geometry_control,272,103,34,69,1.4929114954212035,694.4903875035587,-5.4996047707979985,0.5629508629713724,0.6244465523522833,0,-30.03775179391906
geometry_control,272,104,34,70,1.487815870981913,562.9607113908348,-22.650094659269335,0.5141660204324248,0.6244465523522833,0,-10.679438177818234
geometry_control,272,105,35,64,1.4795904948901761,684.4639930814047,-13.652317150585766,0.5835834569157747,0.6244465523522833,0,-12.453902075352595
geometry_control,272,106,35,70,1.4772933388401066,674.4475373163394,-12.312195347027892,0.41808265242065895,0.6244465523522833,0,-40.351011128528015
geometry_control,272,107,35,71,1.3555789982095914,378.6202107837196,12.267398446125698,0.4039723952839296,0.6244465523522833,0,-111.97732925356186
geometry_control,216,0,0,36,1.577275804620516,-839.8423938022403,-95.49511255015572,0.4664006386909029,0.6308387776666594,0,4.070067223902022
geometry_control,216,1,0,41,1.2890980976895718,-1096.3794444328107,-136.34946874243693,0.41087545114726154,0.6308387776666594,0,-117.19157711069943
geometry_control,216,2,0,71,1.4647945168876988,740.9760158163201,55.67882861297366,0.4052630370403152,0.6308387776666594,0,54.865227022219244
geometry_control,216,3,1,36,1.4160139612200675,1263.4890779031468,45.109681672948085,0.5529368710695479,0.6308387776666594,0,25.870765938401846
geometry_control,216,4,1,37,1.4728761922176914,992.734821739353,50.150553227660296,0.5384996003560079,0.6308387776666594,0,-22.738703486164688
geometry_control,216,5,1,66,1.3605362235755984,365.1962797113102,5.6003437638131315,0.5724791795901673,0.6308387776666594,0,-64.9641797150876
geometry_control,216,6,2,37,1.4592216142594043,1631.0129989876573,156.8481833293106,1.0341583947653286,0.6308387776666594,1,66.49864724777532
geometry_control,216,7,2,38,1.507203274900311,1754.587585526474,111.81643687426428,1.2693909429442551,0.6308387776666594,1,89.76829517984983
geometry_control,216,8,2,67,1.2975200124296349,-1130.4331838700623,82.62447394268187,1.386088733790868,0.6308387776666594,1,17.66038504280054
geometry_control,216,9,3,38,1.4079689039625443,1161.1273819414641,31.52289658331092,0.7158453428812773,0.6308387776666594,1,24.61265642688703
geometry_control,216,10,3,39,1.3642450617389035,523.9135032422387,-27.021535707336813,0.4888723219116094,0.6308387776666594,0,-29.312599771791344
geometry_control,216,11,3,68,1.414905891413333,893.6114138989215,31.103784942510615,0.419147359918484,0.6308387776666594,0,-53.526504889735676
geometry_control,216,12,4,39,1.4933992160044904,438.5079680769797,6.573302084482924,0.5474258170566013,0.6308387776666594,0,-17.050315109982826
geometry_control,216,13,4,40,1.45271493499573,787.6532256382889,24.818554823104535,0.5308069666340143,0.6308387776666594,0,-31.809744246353286
geometry_control,216,14,4,69,1.4438505873422611,754.9781969105969,-36.36362768910469,0.5065815974811292,0.6308387776666594,0,-27.344594322973684
geometry_control,216,15,5,40,1.3921728906281472,761.4590541770671,52.37222060044414,0.4513373599213002,0.6308387776666594,0,-66.68598956974705
geometry_control,216,16,5,41,1.5296114121029891,-100.87201677154378,-32.59245050900291,0.41860876630452715,0.6308387776666594,0,-53.29018196487604
geometry_control,216,17,5,70,1.3825808275558156,918.2937930362431,88.83138758496584,0.3831125932999,0.6308387776666594,0,-106.32414739692518
geometry_control,216,18,6,41,1.423132327420138,767.6298325397364,35.08020181732426,0.5263677902711437,0.6308387776666594,0,-31.694043415428034
geometry_control,216,19,6,42,1.4596861848220046,931.2181185528353,21.748875219628236,0.5053924921059891,0.6308387776666594,0,-69.62286339442231
geometry_control,216,20,6,47,1.3632141461133056,821.3352464746823,77.8237160777768,0.5259357421626938,0.6308387776666594,0,-90.79865384434302
geometry_control,216,21,7,36,1.4422759271323056,906.7576989670569,10.398004185925148,0.5739210736072358,0.6308387776666594,0,96.55433193847982
geometry_control,216,22,7,42,1.4327698726872296,716.9924439340582,15.686944662696815,0.49742058789843985,0.6308387776666594,0,-50.88367447797705
geometry_control,216,23,7,43,1.4034817949738767,1027.3102435695682,12.38773912371829,0.5340773307366291,0.6308387776666594,0,-34.224539889025294
geometry_control,216,24,8,37,1.4099219172370374,968.2841053646299,-1.0223673149782933,0.49261178529326355,0.6308387776666594,0,-17.36005950224338
geometry_control,216,25,8,43,1.4131269758793508,785.6722123345352,26.36093991417639,0.467205313136197,0.6308387776666594,0,-2.7778262160577185
geometry_control,216,26,8,44,1.4175956529199045,868.7897414145358,39.490621156883215,0.4392471368064448,0.6308387776666594,0,-19.816289318778804
geometry_control,216,27,9,38,1.475048152561588,537.2474133741819,38.781388328557476,0.6958526205446057,0.6308387776666594,1,-20.900711368737014
geometry_control,216,28,9,44,1.4165655470942453,845.9416391621771,35.857651805721765,0.40725542387886027,0.6308387776666594,0,-84.15962565312083
geometry_control,216,29,9,45,1.38111574462722,595.264142353272,54.71807067996275,0.38633508242417336,0.6308387776666594,0,-86.53237935208895
geometry_control,216,30,10,39,1.4355025600125257,906.9356172048332,-2.9778110654302967,0.5315660809560068,0.6308387776666594,0,-24.983239084043113
geometry_control,216,31,10,45,1.4458382570973571,910.4894048304733,6.5126857653182855,0.4490215638052423,0.6308387776666594,0,-54.53843470561535
geometry_control,216,32,10,46,1.4620664185905463,884.3808319071063,22.85295506802188,0.6005881019312813,0.6308387776666594,0,-46.77823393490766
geometry_control,216,33,11,40,1.364940565329184,392.82085977732794,42.48573797528859,0.410428449290857,0.6308387776666594,0,-81.43961709429273
geometry_control,216,34,11,46,1.5165839400327854,245.734543541894,55.481859156216814,0.49606932068871845,0.6308387776666594,0,-71.92950632167721
geometry_control,216,35,11,47,1.4296695245009674,976.0301968763195,44.51912687219892,0.37726780756563405,0.6308387776666594,0,-97.432541770891
geometry_control,216,36,12,47,1.4904949728267243,534.9626817387867,11.118765424097507,0.645410387500858,0.6308387776666594,1,-45.25320135205344
geometry_control,216,37,12,48,1.4910748505732245,770.8199136520817,1.4477188046294263,0.7645574769107469,0.6308387776666594,1,-48.21086271837194
geometry_control,216,38,12,53,1.322006901781384,-312.4279502795658,-65.39208209081335,0.6453617727773133,0.6308387776666594,1,-110.95249129587117
geometry_control,216,39,13,42,1.325010579016772,-203.96961062152107,45.217983163642856,0.3862896469931614,0.6308387776666594,0,-130.20702260911628
geometry_control,216,40,13,48,1.4368748353535499,652.6607938216999,6.690833829013653,0.525979986459755,0.6308387776666594,0,-42.492604450550125
geometry_control,216,41,13,49,1.4510873865609957,881.3150819531253,-11.448815425260717,0.3906166158324766,0.6308387776666594,0,-117.5932177165286
geometry_control,216,42,14,43,1.5047239444935023,281.6765945474132,-22.936779649983148,0.41837939498043264,0.6308387776666594,0,-94.61709204230971
geometry_control,216,43,14,49,1.3408025662448015,146.12416508818825,30.343443946517475,0.3860496209815586,0.6308387776666594,0,-149.23516401819379
geometry_control,216,44,14,50,1.3676291269066039,560.4063338569736,40.19010074807715,0.41483833186391905,0.6308387776666594,0,-129.47534241088317
geometry_control,216,45,15,44,1.4846075687210625,756.6891692978795,42.60432808488104,0.4663372618801488,0.6308387776666594,0,-43.19271609134526
geometry_control,216,46,15,50,1.443658578140514,864.629480152257,51.754655994143754,0.49075437509338743,0.6308387776666594,0,-40.57909321192639
geometry_control,216,47,15,51,1.4597757206165831,798.4426675106997,44.63906568959094,0.4306392419353796,0.6308387776666594,0,-42.04144605045387
geometry_control,216,48,16,45,1.4401800280397026,894.1940536865804,38.82099163640472,0.48107266299650914,0.6308387776666594,0,-55.751896047204866
geometry_control,216,49,16,51,1.3515439945251781,414.5248558679591,70.96242458082246,0.4662949845064268,0.6308387776666594,0,-90.65800997919487
geometry_control,216,50,16,52,1.432982620080033,888.302190576909,43.6723397404255,0.5674237958521866,0.6308387776666594,0,-41.531149185593634
geometry_control,216,51,17,46,1.3268529852264972,-314.01397328952004,-17.564479602760848,0.67194791883372,0.6308387776666594,1,-89.94914669176316
geometry_control,216,52,17,52,1.3823836321445238,597.7835883954739,51.47256219989711,0.6067325135633583,0.6308387776666594,0,-69.05046327889463
geometry_control,216,53,17,53,1.433471233834455,858.6816684704413,5.051127110219076,0.5530977909870908,0.6308387776666594,0,-83.46268894261024
geometry_control,216,54,18,53,1.422064918538509,737.4944391095551,-8.96368911678086,0.5510140319125175,0.6308387776666594,0,-48.09973728365877
geometry_control,216,55,18,54,1.4122537806525826,865.9325281209959,23.36404692536475,0.6088507044587771,0.6308387776666594,0,-13.740266961570562
geometry_control,216,56,18,59,1.42534524428055,747.5765494364807,-0.24768805157584714,0.6025568025855679,0.6308387776666594,0,-17.31589787164183
geometry_control,216,57,19,48,1.435249628239922,985.3492203558236,-1.3047071547223101,0.5671969727238887,0.6308387776666594,0,-11.681378868904659
geometry_control,216,58,19,54,1.4452460901971826,700.4730483541694,0.9577639638147228,0.5058379411367145,0.6308387776666594,0,-20.301161597844068
geometry_control,216,59,19,55,1.4081554127934812,801.4502697006095,-14.895864064510716,0.5469147318042099,0.6308387776666594,0,1.7227295816728514
geometry_control,216,60,20,49,1.3839126511078235,754.4816704001782,20.444437455420566,0.4019820198689523,0.6308387776666594,0,-142.81190754106692
geometry_control,216,61,20,55,1.328730166662616,-101.22588260790432,45.85540558399359,0.5170631495765519,0.6308387776666594,0,-76.36737094451459
geometry_control,216,62,20,56,1.4528399698333176,832.4357997994272,30.297053659488522,0.4559612561712615,0.6308387776666594,0,-86.34025934560664
geometry_control,216,63,21,50,1.4166709885033284,875.5235680171285,27.06151421841002,0.5796192931180819,0.6308387776666594,0,-61.94336971782928
geometry_control,216,64,21,56,1.3690798072427395,606.0841500117492,45.30386306277731,0.6048098185380306,0.6308387776666594,0,0.5118603773184631
geometry_control,216,65,21,57,1.4201091098930139,852.2187981687028,34.46126347053803,0.5462927131286142,0.6308387776666594,0,-11.159346275455718
geometry_control,216,66,22,51,1.411291375937245,896.6099916839185,23.557469263038797,0.3511642567475152,0.6308387776666594,0,-93.23264739926755
geometry_control,216,67,22,57,1.3951530858360013,1003.9372096408698,55.05403808749258,0.3779528099160553,0.6308387776666594,0,-88.52287877957507
geometry_control,216,68,22,58,1.4666477416369281,676.4756247113678,25.62140230470318,0.36230631409291103,0.6308387776666594,0,-71.40750092471875
geometry_control,216,69,23,52,1.4802382019941545,537.0091418321821,18.119996635996,0.5725759865296627,0.6308387776666594,0,-29.467717343144557
geometry_control,216,70,23,58,1.363137200322377,512.1729183768825,32.541717185465366,0.4825892325292988,0.6308387776666594,0,-74.79561712226719
geometry_control,216,71,23,59,1.4783319680413913,562.4602105543887,7.319853205696912,0.5704840346264455,0.6308387776666594,0,-17.93437767833862
geometry_control,216,72,24,59,1.4354676406810745,887.2557287997461,36.840747683321425,0.6513927793767134,0.6308387776666594,1,-32.4183079237221
geometry_control,216,73,24,60,1.3637752439792865,339.00609133673834,75.11062658504,0.5743111111774564,0.6308387776666594,0,-72.71477910686488
geometry_control,216,74,24,65,1.476967920978945,682.721998091309,46.687410780135245,0.7125826657833166,0.6308387776666594,1,-24.442134214343596
geometry_control,216,75,25,54,1.4576118459241731,857.7595820021251,43.9093222563906,0.6119198939249275,0.6308387776666594,0,4.644652481099769
geometry_control,216,76,25,60,1.468517326280184,854.6308112724078,44.78416365506563,0.5285443238524612,0.6308387776666594,0,-32.192654103989305
geometry_control,216,77,25,61,1.366136215578689,749.2086141865067,74.18273605530939,0.7742894080605192,0.6308387776666594,1,-52.09010588835057
geometry_control,216,78,26,55,1.5444050623650332,-38.909810163823444,17.30577260212803,0.582144677984832,0.6308387776666594,0,-50.849017136514654
geometry_control,216,79,26,61,1.3666804110947868,533.0538017272062,95.99150158054995,0.7034374014529284,0.6308387776666594,1,15.03393470616075
geometry_control,216,80,26,62,1.4482346183939956,915.4557651915233,29.867571395663084,0.49060107906377737,0.6308387776666594,0,6.80243356411853
geometry_control,216,81,27,56,1.5262976824047014,158.31655457152482,32.039736214959426,0.4965970980407917,0.6308387776666594,0,-38.239113235933694
geometry_control,216,82,27,62,1.4101758611419706,802.0710327748624,-6.764805753423232,0.46615539252502736,0.6308387776666594,0,-27.162198125578055
geometry_control,216,83,27,63,1.3941862150148667,931.8761814547815,11.043342175493798,0.45971778699967975,0.6308387776666594,0,-93.7265861820835
geometry_control,216,84,28,57,1.497608512234469,592.9036988437955,19.087814935165277,0.5005085471822366,0.6308387776666594,0,-38.317803126903215
geometry_control,216,85,28,63,1.5050343493788296,382.5699443467173,18.684430455778156,0.5221463415505411,0.6308387776666594,0,-38.425862503581754
geometry_control,216,86,28,64,1.3079501719758195,-649.5377946959346,-81.86799047249379,0.48443763141600416,0.6308387776666594,0,-75.0651010328827
geometry_control,216,87,29,58,1.4413644171515663,846.7334343843386,58.935996600091684,0.48498794598419875,0.6308387776666594,0,-54.85672095639347
geometry_control,216,88,29,64,1.4081907252735553,892.8340566046674,22.72053046318238,0.4845635260411107,0.6308387776666594,0,-39.254786794121074
geometry_control,216,89,29,65,1.4033728902466456,931.046107140993,43.301908984507925,0.6340726344879488,0.6308387776666594,1,-55.13423764668953
geometry_control,216,90,30,65,1.4511988250990195,882.6644211269025,10.151652838132659,0.5854381455511605,0.6308387776666594,0,-36.00331089959401
geometry_control,216,91,30,66,1.4633674182113836,996.4132546142844,28.175070719948653,0.548253647367762,0.6308387776666594,0,14.720857344654917
geometry_control,216,92,30,71,1.4335658716690638,843.4543475843295,5.221989259690553,0.467573737196555,0.6308387776666594,0,-27.688126204422097
geometry_control,216,93,31,60,1.4253124355550992,1412.4546475813077,78.34500465120233,0.4678436567544834,0.6308387776666594,0,-48.30458337082784
geometry_control,216,94,31,66,1.5013226905776724,534.7915503396295,52.00911888938785,0.5689307131769453,0.6308387776666594,0,4.737213888623657
geometry_control,216,95,31,67,1.4352041617944669,1058.3576921634144,74.80729835009174,0.8868814729683254,0.6308387776666594,1,29.98928411106708
geometry_control,216,96,32,61,1.4262160130017016,728.5898593646915,72.69115625600018,0.6581217671137247,0.6308387776666594,1,-37.47106154837135
geometry_control,216,97,32,67,1.467449990091574,921.7118382868221,78.11145723311327,0.8314144991195089,0.6308387776666594,1,45.64765440595288
geometry_control,216,98,32,68,1.47085133967112,995.1990079557532,11.70896845925038,0.41801872531010276,0.6308387776666594,0,-63.576335931266506
geometry_control,216,99,33,62,1.4288366384297155,934.2045788861141,-15.196432337546902,0.45173560575364863,0.6308387776666594,0,-57.48455779461696
geometry_control,216,100,33,68,1.3685468599273598,639.5763276555117,18.680100608505715,0.4244688863391778,0.6308387776666594,0,-87.20429777795718
geometry_control,216,101,33,69,1.432587791101703,775.937580519536,-26.011793780852553,0.45334962875683105,0.6308387776666594,0,-61.29346536949049
geometry_control,216,102,34,63,1.4251606112228064,947.6448034047538,32.03751709055366,0.4404661879026081,0.6308387776666594,0,-45.00341820813874
geometry_control,216,103,34,69,1.391789022690215,772.1216503851929,23.790578820859146,0.4485178164311382,0.6308387776666594,0,-76.21672557858173
geometry_control,216,104,34,70,1.4382589714816956,867.2580173964777,2.2497112362470686,0.4045184189626231,0.6308387776666594,0,-44.09426736969171
geometry_control,216,105,35,64,1.4410293412512245,919.4087221039296,1.907596590290217,0.35760862118937964,0.6308387776666594,0,-50.5827024051522
geometry_control,216,106,35,70,1.486906636709671,561.5231764134552,-14.374168989620975,0.3593695623839315,0.6308387776666594,0,-56.5222492076003
geometry_control,216,107,35,71,1.3555066919424585,671.2309549833375,62.0343935736664,0.3892533212816122,0.6308387776666594,0,-70.18915912767523
geometry_control,99,0,0,36,1.3952778937924082,1270.9118841491058,28.8922942652643,0.7265538730849745,0.631887549829048,1,-23.36138640412849
geometry_control,99,1,0,41,1.4310879081560666,1408.2836250678229,54.85510914346486,0.8215782642557494,0.631887549829048,1,-12.562944606626441
geometry_control,99,2,0,71,1.4676574620062197,1039.800042842248,22.044958839407826,0.8974922625391999,0.631887549829048,1,5.504456604515049
geometry_control,99,3,1,36,1.4641297904183548,1055.7372191373734,2.4826812497880866,0.6152838300250345,0.631887549829048,0,-36.813052958318046
geometry_control,99,4,1,37,1.4871363416473544,777.5190368847311,-32.59213708748422,0.7605270176053511,0.631887549829048,1,6.288809835745184
geometry_control,99,5,1,66,1.3609596931199148,699.9097918928019,-61.92702682481309,0.7058439542112197,0.631887549829048,1,-32.34543737783751
geometry_control,99,6,2,37,1.4146969108198413,1122.360857778542,3.9602624224834573,0.7858372346326705,0.631887549829048,1,-13.448316764791734
geometry_control,99,7,2,38,1.4285716894116385,1672.3289014513068,102.48698961653368,1.1795372268627111,0.631887549829048,1,52.94934180252834
geometry_control,99,8,2,67,1.4634277341083601,895.3349654356413,-32.100745952611085,0.756183564858582,0.631887549829048,1,-5.878693444133891
geometry_control,99,9,3,38,1.4409808026597435,1359.360890282423,73.72819876339878,1.0281377393424462,0.631887549829048,1,41.210269144797735
geometry_control,99,10,3,39,1.4854526873123652,798.8578243253796,14.21549579174891,0.5184096322945961,0.631887549829048,0,-28.510528047668384
geometry_control,99,11,3,68,1.3719424198585595,897.4137116652482,-18.894050167121314,0.5635766409170321,0.631887549829048,0,-32.19699372038154
geometry_control,99,12,4,39,1.424306556894283,1223.5401778326814,66.20895025340889,0.4507861661163022,0.631887549829048,0,-47.99844156842653
geometry_control,99,13,4,40,1.4600560396758386,1266.499132717414,45.513442394218174,0.6134132606664444,0.631887549829048,0,-20.683118032923467
geometry_control,99,14,4,69,1.4320139647036425,1136.9343178069266,79.06075321406402,0.5201127962420747,0.631887549829048,0,-28.50603091715997
geometry_control,99,15,5,40,1.421409255525466,1067.4168993907654,23.953686796560454,0.6139311861276879,0.631887549829048,0,13.937319016862432
geometry_control,99,16,5,41,1.4199146660146196,1179.8777147519645,33.308330341006766,0.5171134099858139,0.631887549829048,0,-21.94749689476896
geometry_control,99,17,5,70,1.3444407768812543,615.3148531393693,-104.02604912351525,0.4473793184023882,0.631887549829048,0,-12.635837158449814
geometry_control,99,18,6,41,1.4500041159604158,1239.7017165921134,44.254526690152005,0.5595023080256573,0.631887549829048,0,-40.913084186091794
geometry_control,99,19,6,42,1.4041579268143196,1023.2152375672647,-27.027654317655706,0.5415194818294875,0.631887549829048,0,-45.988860595315856
geometry_control,99,20,6,47,1.4641720040969162,1082.0748396766212,81.30437353013006,0.6090202747111493,0.631887549829048,0,-26.398328095971273
geometry_control,99,21,7,36,1.3504144157683418,736.4301862221262,-48.37578553850844,0.36821424469662534,0.631887549829048,0,-85.86194813856457
geometry_control,99,22,7,42,1.4612646778881322,902.6144283961906,-13.363954193338461,0.44525580967123046,0.631887549829048,0,-56.66330978572603
geometry_control,99,23,7,43,1.412120526414277,1188.5048296728776,24.960377468716974,0.43340692720669605,0.631887549829048,0,-61.11735287110973
geometry_control,99,24,8,37,1.4754766903237728,771.2323608670815,-45.14714961020344,0.59670701911824,0.631887549829048,0,-34.25272609241866
geometry_control,99,25,8,43,1.4314892480523784,1201.1768432034146,53.751578044684635,0.516656514047994,0.631887549829048,0,-26.684788111920824
geometry_control,99,26,8,44,1.38105814429307,939.9888343102735,1.1158247804348016,0.5381940961801819,0.631887549829048,0,-49.623848065217864
geometry_control,99,27,9,38,1.5224653899941771,550.6882020560827,-6.953466095094618,1.0645923551392094,0.631887549829048,1,30.396608257809078
geometry_control,99,28,9,44,1.369840121017628,914.5835773339026,-4.04750109430807,0.6123794399711108,0.631887549829048,0,-8.664711853969635
geometry_control,99,29,9,45,1.4170163676458452,1228.4303304779814,44.59527317299482,0.719634860915287,0.631887549829048,1,16.90227458411742
geometry_control,99,30,10,39,1.4336383690555357,1203.1968652970115,25.402266174556264,0.5054446921299729,0.631887549829048,0,-21.96353781583903
geometry_control,99,31,10,45,1.4353534344742422,1131.9293851392588,23.859008242198566,0.6702153049539008,0.631887549829048,1,-19.111820792788073
geometry_control,99,32,10,46,1.4006738712048694,1158.0544301449618,36.91943089209771,0.48607307834561553,0.631887549829048,0,-32.34830136842808
geometry_control,99,33,11,40,1.4413507468315678,1189.59248522702,52.60996591959294,0.6083672759050537,0.631887549829048,0,2.637169603855007
geometry_control,99,34,11,46,1.3791743196122297,951.2260098995023,-7.72859210229443,0.4263685675705542,0.631887549829048,0,-40.34355375532918
geometry_control,99,35,11,47,1.4117443059031591,1108.8095443886518,38.63473614427161,0.5610674664486717,0.631887549829048,0,-32.744022410262005
geometry_control,99,36,12,47,1.4495254302786742,1455.8294820491965,98.81118442220486,0.5451705746980092,0.631887549829048,0,74.04928187360804
geometry_control,99,37,12,48,1.2704604035168754,-1802.2724179385511,-974.8658687060575,0.37280570817110825,0.631887549829048,0,-4.687386200411808
geometry_control,99,38,12,53,1.55333753754407,-273.7161560566097,-243.70145752527318,0.3922836983956737,0.631887549829048,0,-24.379603163385422
geometry_control,99,39,13,42,1.4319337157112662,1391.8957339279661,65.41845164912488,0.5663715931577034,0.631887549829048,0,-45.29514071842498
geometry_control,99,40,13,48,1.4359386454988354,1108.7197109517142,33.19875592243779,0.4615075195124642,0.631887549829048,0,10.837911765828451
geometry_control,99,41,13,49,1.4628433409085704,917.9445580635472,4.55363221755678,0.496496512498587,0.631887549829048,0,-42.49238924074356
geometry_control,99,42,14,43,1.4240894280828373,1142.1225216008188,17.40801109009704,0.5127568887740621,0.631887549829048,0,-48.07053320866899
geometry_control,99,43,14,49,1.400252673546344,1064.6283779757134,25.193016343502503,0.4547306905794802,0.631887549829048,0,-64.42632034738779
geometry_control,99,44,14,50,1.4503281157367895,1170.0611192483236,58.75557610823684,0.5145582746123651,0.631887549829048,0,-37.10624256285587
geometry_control,99,45,15,44,1.4354314862908337,998.5660068337276,19.0093897433028,0.4817810084175215,0.631887549829048,0,-33.88872476636397
geometry_control,99,46,15,50,1.4914856416419717,642.7506295959882,0.773148853143897,0.4620448121236367,0.631887549829048,0,-20.09642435128986
geometry_control,99,47,15,51,1.3276406306564732,184.6743702367149,-193.7110301751688,0.4999874575154598,0.631887549829048,0,-39.07271411938757
geometry_control,99,48,16,45,1.4280763974700144,1492.4823680387221,42.40326284549386,0.6107583164490612,0.631887549829048,0,-13.09408010716512
geometry_control,99,49,16,51,1.4799003374640132,886.2784983102609,12.033928951733941,0.5217093446028233,0.631887549829048,0,-17.343049634605002
geometry_control,99,50,16,52,1.3498964485508096,476.55519576249816,-133.4502754686862,0.4800895637542377,0.631887549829048,0,-69.06546863605708
geometry_control,99,51,17,46,1.4868790981195366,738.1088199752293,-13.723642687465427,0.39056393749958784,0.631887549829048,0,-66.56651518815325
geometry_control,99,52,17,52,1.4821012895703054,906.1191786386718,23.727010390572545,0.44403741141304964,0.631887549829048,0,-57.74357638865935
geometry_control,99,53,17,53,1.380055403993674,1074.211108042229,51.71910293224041,0.3723759600753697,0.631887549829048,0,-41.55582890670371
geometry_control,99,54,18,53,1.419191841171508,1154.7067301996058,66.5637230228991,0.48742881828384377,0.631887549829048,0,16.73980164624391
geometry_control,99,55,18,54,1.4201794142353472,1095.5241458204966,56.6049165804181,0.5718723249440976,0.631887549829048,0,-45.86527071462962
geometry_control,99,56,18,59,1.4445125995750396,1260.2646472969955,60.831038039354915,0.57699828294334,0.631887549829048,0,-29.80468148887645
geometry_control,99,57,19,48,1.4682900394520144,895.905054638687,-10.26898710112665,0.3495404920759043,0.631887549829048,0,-31.951595304529967
geometry_control,99,58,19,54,1.4041646998611172,1242.8559829577525,61.74987057947068,0.4534619889607236,0.631887549829048,0,-59.075064999592485
geometry_control,99,59,19,55,1.3916108903505433,1152.0747628442023,15.164421416299843,0.45758665371837143,0.631887549829048,0,-78.31285359103893
geometry_control,99,60,20,49,1.3691116641820165,944.6191308563793,-9.294698218573538,0.37577835098862394,0.631887549829048,0,-65.7559874235858
geometry_control,99,61,20,55,1.4583020479008901,1048.0525472553516,24.715485749268733,0.44883551964496826,0.631887549829048,0,-62.832630258046
geometry_control,99,62,20,56,1.489792017946348,932.8186872306044,60.49711979443194,0.6064471213289482,0.631887549829048,0,-50.11463871786262
geometry_control,99,63,21,50,1.3925216990724605,1076.5153178957692,9.212886616666687,0.6217489210517878,0.631887549829048,0,-50.30529602719586
geometry_control,99,64,21,56,1.3950347390893878,1208.627269472171,30.1294676382491,0.7925901073592271,0.631887549829048,1,-15.756769483789327
geometry_control,99,65,21,57,1.4497158138714759,1038.4706926418332,46.01254488132373,0.6810786687489824,0.631887549829048,1,-44.1226652274126
geometry_control,99,66,22,51,1.5100465912950438,603.2536315287333,21.597498318670834,0.517436146945019,0.631887549829048,0,-26.080651905837268
geometry_control,99,67,22,57,1.4423877941975165,1204.3502447208887,23.925544791296932,0.5388232492503906,0.631887549829048,0,3.4502646482526984
geometry_control,99,68,22,58,1.3153675920989896,-10.080947948948204,-176.60739505357452,0.4592422725042363,0.631887549829048,0,-61.33138325763588
geometry_control,99,69,23,52,1.3992547644531308,1223.8827238367442,38.91962986092101,0.5436318857102559,0.631887549829048,0,-61.12833737165058
geometry_control,99,70,23,58,1.400031666010393,1142.4302630885065,18.84438194115129,0.5270577921180587,0.631887549829048,0,-52.31273390619941
geometry_control,99,71,23,59,1.4787104272193827,957.7931471716767,12.053555375643725,0.5615398990320721,0.631887549829048,0,-60.568097337503346
geometry_control,99,72,24,59,1.3988010816067669,1100.2131767849196,-11.508548201442592,0.5185210253935673,0.631887549829048,0,-28.416564488992336
geometry_control,99,73,24,60,1.4343604846189026,1135.4183963184732,30.798168513078185,0.6462373065741618,0.631887549829048,1,-30.034434043145808
geometry_control,99,74,24,65,1.4129397793022083,1161.2609291551742,44.93797749922555,0.6065801053960618,0.631887549829048,0,-4.081598172282316
geometry_control,99,75,25,54,1.4282346451321806,1107.4801641535955,18.133535301178284,0.5189104643687248,0.631887549829048,0,-45.88476883772323
geometry_control,99,76,25,60,1.419391306627033,1236.1642467707102,20.621747704684786,0.6517527035485615,0.631887549829048,1,-36.626353991854884
geometry_control,99,77,25,61,1.4581918625480277,1035.4858646121916,30.42309589736983,0.5978104614447793,0.631887549829048,0,-42.4117929781738
geometry_control,99,78,26,55,1.3968719546369812,1074.672279062616,23.854996412160393,0.5590532791253997,0.631887549829048,0,-59.61107233393494
geometry_control,99,79,26,61,1.4218956578297974,1142.9195902017977,-16.80435862166444,0.6338286114438064,0.631887549829048,1,-29.6998010895443
geometry_control,99,80,26,62,1.4293905872616626,1058.6142865204283,20.518645704734148,0.6196006369028425,0.631887549829048,0,-36.21135410721212
geometry_control,99,81,27,56,1.3309348968133548,190.05341478138803,-216.16617045678368,0.6517737062204176,0.631887549829048,1,-65.1443192913905
geometry_control,99,82,27,62,1.436825422005918,1262.9962681254626,34.316322724512155,0.5547094623138806,0.631887549829048,0,-92.52137703699482
geometry_control,99,83,27,63,1.366135362112736,906.6360079300293,-28.538767184971935,0.4259872184310981,0.631887549829048,0,-113.41235840392446
geometry_control,99,84,28,57,1.376512749553962,1070.8604736451455,11.91834098145611,0.5268546806001801,0.631887549829048,0,-33.577859877240854
geometry_control,99,85,28,63,1.438572462243123,1081.7249550651743,56.555255553276744,0.41257963142110526,0.631887549829048,0,-91.9143636712463
geometry_control,99,86,28,64,1.487440230353101,766.3351152129272,1.3711002910180587,0.4641578816286294,0.631887549829048,0,-63.71156177560527
geometry_control,99,87,29,58,1.4939715799927091,593.8815621805055,-32.014065948246795,0.4252980638735596,0.631887549829048,0,-51.2182536560382
geometry_control,99,88,29,64,1.3590505937147113,808.9994183007462,-9.28223056556627,0.4421822416481631,0.631887549829048,0,-105.24516937866636
geometry_control,99,89,29,65,1.5172028048470592,527.9438808444186,12.180766525363005,0.5478392507900677,0.631887549829048,0,-27.379711452981205
geometry_control,99,90,30,65,1.4592105560386663,1125.9553656643475,43.4104460060946,0.6612594213668326,0.631887549829048,1,-11.728914832186256
geometry_control,99,91,30,66,1.3567931264326132,512.3755090529869,-90.1288183585502,0.5825355193370957,0.631887549829048,0,-79.50965979749117
geometry_control,99,92,30,71,1.4383860294534674,1167.5974282207858,38.64611623471449,0.6629137846051358,0.631887549829048,1,-33.42665941142257
geometry_control,99,93,31,60,1.4413627598020127,1163.0230831466517,-4.922404449008454,0.6149227149814679,0.631887549829048,0,-47.83986191179802
geometry_control,99,94,31,66,1.3947839595936422,982.6819395618862,1.9718098781469073,0.4965416117736311,0.631887549829048,0,-66.31283034534644
geometry_control,99,95,31,67,1.364712789600622,892.7902500828131,-40.28951247200117,0.5215710053936737,0.631887549829048,0,-72.34100100570086
geometry_control,99,96,32,61,1.460482444677104,1008.7490819684939,-1.1251820170987465,0.7999334160017892,0.631887549829048,1,-13.928202061756195
geometry_control,99,97,32,67,1.435574357374838,1255.1106485137184,23.063862974849496,0.7605239485177773,0.631887549829048,1,-37.63406999977333
geometry_control,99,98,32,68,1.4125701275924019,1251.710025229519,7.350440682986462,0.7193165120964922,0.631887549829048,1,-22.186376929211406
geometry_control,99,99,33,62,1.3543602829622987,752.2208163573426,-52.99894196472182,0.6183734842571246,0.631887549829048,0,-34.535259990539316
geometry_control,99,100,33,68,1.4472621315201322,1011.5535726887379,12.722944881613365,0.5519845548927915,0.631887549829048,0,-29.26805388055722
geometry_control,99,101,33,69,1.4623369474628525,1130.411985699422,44.397007121039735,0.5761441763961281,0.631887549829048,0,-15.519707269259985
geometry_control,99,102,34,63,1.3609623746578443,590.4691057660689,-78.81850467986368,0.41643260680413696,0.631887549829048,0,-65.4349606382635
geometry_control,99,103,34,69,1.3788940341399767,1060.5536370117181,19.915624129867687,0.5029255428259229,0.631887549829048,0,-66.41909373694673
geometry_control,99,104,34,70,1.4686334325071677,993.6854046011639,31.73431195379485,0.4296741395249928,0.631887549829048,0,-71.33250693821961
geometry_control,99,105,35,64,1.3628421712751229,651.6656749163612,-37.30344072585119,0.5762113061182176,0.631887549829048,0,-68.69521685542918
geometry_control,99,106,35,70,1.4669723386570621,1045.810920624688,31.250217579321156,0.5378745886315492,0.631887549829048,0,-24.72878072124484
geometry_control,99,107,35,71,1.435501704939438,1259.7962051466852,69.64834478735142,0.6835226784984254,0.631887549829048,1,-12.942697370391226
geometry_control,20,0,0,36,1.4272601312761404,1125.6422778969882,-71.89391140655827,0.6819308491535448,0.6312784211270556,1,-80.06569739051888
geometry_control,20,1,0,41,1.3793805609688585,1115.0126759310494,-59.12417042847884,0.6383318360823498,0.6312784211270556,1,-79.75269958878596
geometry_control,20,2,0,71,1.4121375606033402,1225.2517436195003,-88.91565367698198,0.7810754952143278,0.6312784211270556,1,-36.33326063494536
geometry_control,20,3,1,36,1.4450267233765153,1039.5229841434355,-68.47764541329313,0.7260536330707494,0.6312784211270556,1,-1.830783215635531
geometry_control,20,4,1,37,1.4436903277492175,1317.0328173178575,-52.26792173136951,0.7584237532892855,0.6312784211270556,1,44.24625233907656
geometry_control,20,5,1,66,1.3794269971683102,1143.2875682076701,-80.45738419927717,0.788419307233738,0.6312784211270556,1,-11.589370193491586
geometry_control,20,6,2,37,1.4317919553624605,1340.0547659496976,-83.79406739680533,0.6375881928847602,0.6312784211270556,1,40.0537854345156
geometry_control,20,7,2,38,1.3777284112849286,846.9539541493348,-77.30614631993643,0.6796239970782696,0.6312784211270556,1,10.354363836670853
geometry_control,20,8,2,67,1.493337448698108,913.0185040580243,-70.68063645623313,0.6066778488466189,0.6312784211270556,0,60.673989843773384
geometry_control,20,9,3,38,1.4371274387055495,1322.1185196238848,-30.108013368415566,0.658179951786841,0.6312784211270556,1,7.082179984654193
geometry_control,20,10,3,39,1.3821886450562697,1242.6933041925595,-63.5570870354566,0.6117888250764902,0.6312784211270556,0,-30.575557416318418
geometry_control,20,11,3,68,1.4839530741782816,902.2049641279186,-20.5988658768267,0.6441895515044265,0.6312784211270556,1,-33.24543805345757
geometry_control,20,12,4,39,1.450338701430025,968.5272763665936,-55.91530089274332,0.5735998710061317,0.6312784211270556,0,-39.608095099270514
geometry_control,20,13,4,40,1.3915885438910476,1114.371127662055,-64.50409140955946,0.5296618035741532,0.6312784211270556,0,-98.99435693810251
geometry_control,20,14,4,69,1.4050879365332645,1145.8429777376118,-93.16336889510934,0.6513800269037989,0.6312784211270556,1,21.71306554850324
geometry_control,20,15,5,40,1.499869822295866,732.9355212593575,-83.07069545092993,0.4999441550018448,0.6312784211270556,0,-75.56891466342346
geometry_control,20,16,5,41,1.4525179927667715,1037.289249642583,-57.20296264843413,0.4722684116609335,0.6312784211270556,0,-68.46528622171657
geometry_control,20,17,5,70,1.350827889230057,629.5886998187865,-98.588481751287,0.5252191057907301,0.6312784211270556,0,-25.328844084079467
geometry_control,20,18,6,41,1.3744706699585065,849.5626942689778,-77.44065273390088,0.5993348559719107,0.6312784211270556,0,-112.68738361941308
geometry_control,20,19,6,42,1.4426090634196853,1180.9334222019913,-70.62331637524252,0.5734055314038182,0.6312784211270556,0,-100.73991376563116
geometry_control,20,20,6,47,1.4150946466580918,1237.552655924146,-62.61645930265875,0.639019863259902,0.6312784211270556,1,-40.79866205351353
geometry_control,20,21,7,36,1.386392749253066,885.6182875295973,-89.38262393900754,0.5416170906330244,0.6312784211270556,0,-58.633968504172486
geometry_control,20,22,7,42,1.346649345535917,451.3167340813696,-140.12886361071116,0.47208875299373676,0.6312784211270556,0,-117.83599659559643
geometry_control,20,23,7,43,1.4157202436205707,1142.429588255027,-63.11734543884538,0.4843722068788452,0.6312784211270556,0,-64.18548932789724
geometry_control,20,24,8,37,1.4538026701781,1283.2330676108354,-43.84188692352471,0.8337106013100027,0.6312784211270556,1,60.32971864756338
geometry_control,20,25,8,43,1.3881583463257978,1044.6093815190964,-40.61642343825035,0.7440955973372875,0.6312784211270556,1,7.003306429174476
geometry_control,20,26,8,44,1.4401596807695005,1634.2077956911717,-41.39983342519457,0.9313552639522823,0.6312784211270556,1,42.70682604434312
geometry_control,20,27,9,38,1.3693034469543006,816.9582891343706,-71.28914838978694,0.6563420021459176,0.6312784211270556,1,-68.86179420551231
geometry_control,20,28,9,44,1.399562205248922,1124.6498874507336,-78.0345275300674,0.7119508605946877,0.6312784211270556,1,-52.88972654448298
geometry_control,20,29,9,45,1.4600443538448846,941.4966501275261,-52.40513864545626,0.6243228967412843,0.6312784211270556,0,-30.285379578920875
geometry_control,20,30,10,39,1.4100315209264727,1054.0856395191677,-27.89000256004421,0.5655625066714833,0.6312784211270556,0,-54.66514056929425
geometry_control,20,31,10,45,1.4416388473724464,1161.6892269434657,-31.445330838456616,0.5799345279772006,0.6312784211270556,0,-6.543056066980608
geometry_control,20,32,10,46,1.439490223831727,1069.640505775265,-60.90934713020539,0.5364417439690414,0.6312784211270556,0,-31.79855177387516
geometry_control,20,33,11,40,1.3949974365362174,994.8154853050482,-90.63509971651543,0.49744864714457476,0.6312784211270556,0,-59.21828705674304
geometry_control,20,34,11,46,1.4119982886232738,1215.1960454438645,-58.45695813935596,0.5122659518741115,0.6312784211270556,0,-27.510162127802708
geometry_control,20,35,11,47,1.4605440402467758,1014.9098215435846,-69.77689909909996,0.5094579110916546,0.6312784211270556,0,-4.2800016372619325
geometry_control,20,36,12,47,1.4816659691761422,881.4980058809354,-55.80627132791165,0.4704385359260959,0.6312784211270556,0,-58.55695435040691
geometry_control,20,37,12,48,1.4011138622985861,1102.6654633178428,-59.411363574570814,0.41395052837905283,0.6312784211270556,0,-108.43065790070388
geometry_control,20,38,12,53,1.392052153757254,1041.5185140078559,-92.89002025137333,0.4832606492210642,0.6312784211270556,0,-16.26523551359106
geometry_control,20,39,13,42,1.3739360121208932,894.7374180795803,-81.76394997802896,0.4473026250362892,0.6312784211270556,0,-127.53520958789879
geometry_control,20,40,13,48,1.4047724513012476,1090.7284121582327,-76.70508561566703,0.45642894934532985,0.6312784211270556,0,-83.03961238592481
geometry_control,20,41,13,49,1.4281866018008533,1121.741825698154,-70.47746420094428,0.48908772957811186,0.6312784211270556,0,-62.772310949305506
geometry_control,20,42,14,43,1.4844020720213884,988.9049760862005,-62.310644800214824,0.4899740412061089,0.6312784211270556,0,-22.945780082270158
geometry_control,20,43,14,49,1.4219433162773885,1065.645974397787,-58.42239666671577,0.5194756918628232,0.6312784211270556,0,-1.698090300439997
geometry_control,20,44,14,50,1.445400318438671,1246.1854392058053,-80.71391726487634,0.4704711784658638,0.6312784211270556,0,-7.015075992945768
geometry_control,20,45,15,44,1.4670062928834338,1193.42317521869,-54.97376025137086,0.6212880630242769,0.6312784211270556,0,-1.6112245681879074
geometry_control,20,46,15,50,1.3782690745241761,944.3496827710816,-82.84437709090486,0.4145255336690369,0.6312784211270556,0,-38.79750261313997
geometry_control,20,47,15,51,1.4153679141784008,1253.6121356298304,-58.45854560222551,0.5018171965074244,0.6312784211270556,0,-21.010765462376334
geometry_control,20,48,16,45,1.4574379752827364,1126.9740999694748,-71.86712358956443,0.5452767553136233,0.6312784211270556,0,11.701404179299747
geometry_control,20,49,16,51,1.4441702989367102,1232.482637676555,-48.66050118088895,0.5134338526501743,0.6312784211270556,0,8.350347275452055
geometry_control,20,50,16,52,1.3905866176737438,1011.4048210095989,-74.69223969362623,0.44410636848742135,0.6312784211270556,0,-27.52769921303991
geometry_control,20,51,17,46,1.4743964569341839,957.9788737644143,-71.99978050094202,0.5834108013249275,0.6312784211270556,0,-7.626576366847953
geometry_control,20,52,17,52,1.4176850051998708,1228.7232843042789,-84.01405349924475,0.5257331985068848,0.6312784211270556,0,7.118809218567254
geometry_control,20,53,17,53,1.3515001900725525,604.6042989646669,-118.33815891701246,0.593424873837439,0.6312784211270556,0,6.713683870814915
geometry_control,20,54,18,53,1.389162286845082,917.9804546720493,-61.70448146966967,0.6306148756596675,0.6312784211270556,0,6.009163688668426
geometry_control,20,55,18,54,1.399803128845673,1077.266347091706,-83.61956554354377,0.6663669593986713,0.6312784211270556,1,8.949441598555996
geometry_control,20,56,18,59,1.4200717133915812,1149.6600236420197,-80.57673168686046,0.6191462791064871,0.6312784211270556,0,9.741154335344742
geometry_control,20,57,19,48,1.472371820213334,923.0393942512271,-68.55416979001559,0.4788266792165572,0.6312784211270556,0,-51.23699668322507
geometry_control,20,58,19,54,1.4616454935583776,1172.8210699261756,-35.78691670753425,0.5838888837975724,0.6312784211270556,0,-18.528734007952686
geometry_control,20,59,19,55,1.3635515708083792,712.9748317638897,-67.03890284715922,0.4702757583743571,0.6312784211270556,0,-30.071794568326833
geometry_control,20,60,20,49,1.4073228682591175,1175.5915133386127,-94.2754117766622,0.43582180015659555,0.6312784211270556,0,-72.58253553212802
geometry_control,20,61,20,55,1.3863916610802636,947.1277332134594,-92.19574563674462,0.3946120990816135,0.6312784211270556,0,-88.81569237713073
geometry_control,20,62,20,56,1.4314904018857733,1193.7216129833198,-58.601886546460676,0.4252207215997045,0.6312784211270556,0,-79.32807079152434
geometry_control,20,63,21,50,1.4657229135705323,1140.1870340155501,-92.30876672968843,0.4739280602899693,0.6312784211270556,0,-31.367960828658205
geometry_control,20,64,21,56,1.4059172675575764,1210.187236999355,-71.98271190965153,0.5123314951300376,0.6312784211270556,0,-68.4897892752804
geometry_control,20,65,21,57,1.3936251592727273,1037.8899281918266,-77.82360560939439,0.5801546715065441,0.6312784211270556,0,-71.02714844324201
geometry_control,20,66,22,51,1.5052072761152144,932.615371387455,-81.32576685963497,0.477759934828943,0.6312784211270556,0,-14.964548977719149
geometry_control,20,67,22,57,1.4473606967411607,1095.4800024675264,-70.70501502594517,0.49669488320713034,0.6312784211270556,0,-34.684778947850376
geometry_control,20,68,22,58,1.2994879373050297,-674.7488388480184,-355.59473083787265,0.47396975479329506,0.6312784211270556,0,-53.78743977012025
geometry_control,20,69,23,52,1.4545311517318689,1147.387441153698,-82.32685017036134,0.4935428913142258,0.6312784211270556,0,-7.61686498418349
geometry_control,20,70,23,58,1.4465094250986659,981.5559196596524,-99.075890495616,0.5590801954413307,0.6312784211270556,0,1.030049133737073
geometry_control,20,71,23,59,1.4360431088312544,1142.142844361618,-81.81304730470991,0.5497659700915997,0.6312784211270556,0,-38.53295156754665
geometry_control,20,72,24,59,1.4763003501013354,892.9655106772015,-80.64316194362787,0.4520250748872404,0.6312784211270556,0,-32.994844865703755
geometry_control,20,73,24,60,1.3499584875616006,647.9083628676588,-93.24994299777322,0.5230783142046063,0.6312784211270556,0,-26.29340810671876
geometry_control,20,74,24,65,1.4498066235136442,1056.0527930589903,-54.29828749163741,0.39597236237826283,0.6312784211270556,0,-34.303163868377666
geometry_control,20,75,25,54,1.4495882432617566,1159.530524605913,-52.02187551641376,0.5422104798612949,0.6312784211270556,0,-9.126046772672527
geometry_control,20,76,25,60,1.4461111321203888,1134.049011287786,-73.22143626448555,0.5660430388864766,0.6312784211270556,0,8.563632417544202
geometry_control,20,77,25,61,1.39768012510088,1127.9198843037536,-55.76043132560182,0.4584685191175085,0.6312784211270556,0,7.629547355375632
geometry_control,20,78,26,55,1.3932737239050235,950.6068725735425,-99.47464006149596,0.4155330167860527,0.6312784211270556,0,-27.803540287007397
geometry_control,20,79,26,61,1.519936737897425,308.01303956720307,-111.86777315053756,0.44540418146548166,0.6312784211270556,0,-33.84398652353869
geometry_control,20,80,26,62,1.3840744233908644,1081.280371591547,-72.25667032387757,0.49826791638237605,0.6312784211270556,0,-111.45636338758054
geometry_control,20,81,27,56,1.384727302161654,1088.0561660457263,-80.71384161395879,0.41482758589708335,0.6312784211270556,0,-106.00555771426778
geometry_control,20,82,27,62,1.4492843682772458,1355.8574095685244,-89.3173074536928,0.46695386297531566,0.6312784211270556,0,-81.24435008238136
geometry_control,20,83,27,63,1.322545042012971,10.983454071398668,-161.93342754333267,0.5388232355564123,0.6312784211270556,0,-135.08930129380744
geometry_control,20,84,28,57,1.473325347120256,1231.294147402407,-76.27034716533707,0.5128767264122869,0.6312784211270556,0,-58.89044542393789
geometry_control,20,85,28,63,1.4228230206909196,1431.9436575182935,-72.68671413291187,0.5690491996951095,0.6312784211270556,0,-110.98863935733085
geometry_control,20,86,28,64,1.3435284330709907,518.4318100778596,-124.72028452284377,0.4398071784570403,0.6312784211270556,0,-75.52854466886727
geometry_control,20,87,29,58,1.4428773209088557,1543.4419391837162,-68.27343460796904,0.5957860713149964,0.6312784211270556,0,-10.412920761543724
geometry_control,20,88,29,64,1.4316263847122916,1168.6625566681885,-37.860645961675694,0.5454416517735851,0.6312784211270556,0,-28.628414622845348
geometry_control,20,89,29,65,1.3965714723442864,1194.2359527783142,-63.178211683511535,0.5304191334562878,0.6312784211270556,0,-51.24040893058839
geometry_control,20,90,30,65,1.4138828456100274,1291.9839640535056,-38.131114638569414,0.5475515413727488,0.6312784211270556,0,-44.608662321406136
geometry_control,20,91,30,66,1.4056486968432185,1122.4134201239071,-67.2253882368121,0.6685304170861308,0.6312784211270556,1,-21.489373330839577
geometry_control,20,92,30,71,1.4363363995668261,1178.0097298187936,-100.03176506756796,0.7053093889839253,0.6312784211270556,1,-23.270642400647418
geometry_control,20,93,31,60,1.4603833153671382,1001.0012826061876,-35.5822703303638,0.5310312271218464,0.6312784211270556,0,18.796477483253003
geometry_control,20,94,31,66,1.4868916088105226,760.6319565606118,-69.82816289225964,0.524904151008885,0.6312784211270556,0,-18.624651764623586
geometry_control,20,95,31,67,1.392660360963325,1061.3635438298559,-73.7451988770071,0.46399825302629116,0.6312784211270556,0,7.626241584803072
geometry_control,20,96,32,61,1.4532113505353323,1236.3939870002546,-56.73946255730546,0.6104015708574665,0.6312784211270556,0,73.41599987795364
geometry_control,20,97,32,67,1.474130816983689,897.5751171431629,-92.08333530075643,0.6509431165308793,0.6312784211270556,1,91.65415441358223
geometry_control,20,98,32,68,1.426315517219004,1173.3864122948871,-44.51515175369353,0.7098988644801157,0.6312784211270556,1,22.373763519290765
geometry_control,20,99,33,62,1.4724438091439795,1072.6428359188753,-34.996508566077544,0.7802398863072388,0.6312784211270556,1,90.4877440138663
geometry_control,20,100,33,68,1.3786202263966547,957.278140530214,-67.01009045131826,0.8268734450129936,0.6312784211270556,1,19.659499829186704
geometry_control,20,101,33,69,1.4961273207989454,949.3229891382233,-74.74135028000684,0.8722528744827245,0.6312784211270556,1,127.81690789625434
geometry_control,20,102,34,63,1.5040978475752855,669.0533225427673,-99.69128587583963,0.6043303935665431,0.6312784211270556,0,-44.03359437689686
geometry_control,20,103,34,69,1.4891694333419965,820.758603893504,-87.63574930197332,0.6244740091609322,0.6312784211270556,0,54.51250467558323
geometry_control,20,104,34,70,1.3947236898514626,930.2693423136319,-89.24150518072311,0.5280307366201716,0.6312784211270556,0,5.603350392470968
geometry_control,20,105,35,64,1.4672970427720102,827.436167757144,-57.54261888057701,0.5116268612864276,0.6312784211270556,0,-17.07296712513128
geometry_control,20,106,35,70,1.4715779301356502,934.7971812671884,-73.03504742475316,0.5645692255781253,0.6312784211270556,0,-8.898504370913027
geometry_control,20,107,35,71,1.4039679464429167,1070.7118622223693,-76.78581396290465,0.6543621905803068,0.6312784211270556,1,-38.82057135823291
geometry_control,6,0,0,36,1.512807542241714,-256.2016586006744,-94.32049261798495,0.6801797313051825,0.6247648164683716,1,-77.22631417127758
geometry_control,6,1,0,41,1.3980260636793633,733.2810289553803,41.129876608583096,0.49776975482716307,0.6247648164683716,0,-41.506499303754495
geometry_control,6,2,0,71,1.4479451898230502,484.87072084168494,26.86917923067183,0.5113778104953481,0.6247648164683716,0,-36.4628542459578
geometry_control,6,3,1,36,1.3368541909021847,-93.7096501835284,-70.89092871725566,0.7643272391094785,0.6247648164683716,1,-106.93495875061818
geometry_control,6,4,1,37,1.4676871675821794,446.0941201576478,5.373634175064201,0.7676856070221597,0.6247648164683716,1,21.758116156272663
geometry_control,6,5,1,66,1.4895188235436283,407.79946652298537,-1.6678805964163295,0.6231368274539582,0.6247648164683716,0,59.038473063264036
geometry_control,6,6,2,37,1.407602352404,824.8432569137595,52.12566260453676,0.7623770216387803,0.6247648164683716,1,4.639706436879081
geometry_control,6,7,2,38,1.4089936063053474,804.539890156362,31.156541724239776,0.6196554003712191,0.6247648164683716,0,-51.60839106800257
geometry_control,6,8,2,67,1.409097238737353,977.7323514345313,54.89766862751351,0.6692467261285203,0.6247648164683716,1,-41.56364888499052
geometry_control,6,9,3,38,1.31106449947521,-540.2987049725875,-82.78224216422636,0.44148327584507874,0.6247648164683716,0,-151.83235399446033
geometry_control,6,10,3,39,1.3988345383515939,836.146433223949,12.779806958757387,0.45651904652164016,0.6247648164683716,0,-58.31842102314826
geometry_control,6,11,3,68,1.456379939488702,512.894471541544,22.957055512896474,0.49537676139342646,0.6247648164683716,0,-93.45715250584996
geometry_control,6,12,4,39,1.4304908949047501,995.3038669162833,44.55806729149395,0.6145394774771116,0.6247648164683716,0,-2.7690664138108616
geometry_control,6,13,4,40,1.4573602841247348,824.2281057087256,25.391405866139948,0.6063024246482805,0.6247648164683716,0,26.614754459897682
geometry_control,6,14,4,69,1.4426351545184186,714.0036044150612,16.255946997679843,0.6070779023479332,0.6247648164683716,0,27.336979033708403
geometry_control,6,15,5,40,1.482806270524472,439.6994310120563,5.0691818497878325,0.4540486567287194,0.6247648164683716,0,9.636452582096915
geometry_control,6,16,5,41,1.4683657022481278,573.1015191918028,54.193955274280114,0.40420321575784957,0.6247648164683716,0,-42.42429431797219
geometry_control,6,17,5,70,1.3400064190985024,102.56486402668457,17.595193542860063,0.40674682397378603,0.6247648164683716,0,-83.21059955525071
geometry_control,6,18,6,41,1.408039849738852,494.15275467915,-1.7753906365365544,0.5461959842047777,0.6247648164683716,0,-32.83655819244993
geometry_control,6,19,6,42,1.4418386972901165,722.8834662635708,35.32868642369422,0.6314247735420229,0.6247648164683716,1,-18.849092562163946
geometry_control,6,20,6,47,1.4532042562822578,654.5872055161644,22.01810078869352,0.6217264200080567,0.6247648164683716,0,15.372493138512283
geometry_control,6,21,7,36,1.3503225166810224,252.82215227984116,-63.00575871248162,0.6758619333925536,0.6247648164683716,1,-134.4663283802945
geometry_control,6,22,7,42,1.3891898076777023,669.8263672533776,-54.145206586173614,0.5786807462517793,0.6247648164683716,0,-93.69471818502703
geometry_control,6,23,7,43,1.486197240791876,462.93978238735457,14.472474694493892,0.5820001849253946,0.6247648164683716,0,-58.04027417968988
geometry_control,6,24,8,37,1.4356560500869449,805.1063334746577,30.046297430553217,0.6422847473981249,0.6247648164683716,1,-61.397608564383575
geometry_control,6,25,8,43,1.4660196517225863,660.4199166390724,-14.972679828817052,0.5450646310182847,0.6247648164683716,0,-64.94876248150307
geometry_control,6,26,8,44,1.397948557628855,721.3879349687068,9.033895308619595,0.5249856005327453,0.6247648164683716,0,-79.13545364996908
geometry_control,6,27,9,38,1.4829563837218505,478.95963106961545,34.32465502050171,0.5636083220011315,0.6247648164683716,0,-57.288237804103055
geometry_control,6,28,9,44,1.4359840414582226,792.7116590349161,18.72941824127774,0.5890307964033132,0.6247648164683716,0,-23.239158083004583
geometry_control,6,29,9,45,1.4758068530559516,801.6493179225912,-1.4750557559804651,0.6057083443843474,0.6247648164683716,0,-50.89351355568781
geometry_control,6,30,10,39,1.4787917995816042,759.5788388734165,33.03590511458283,0.6410082350678645,0.6247648164683716,1,-15.622400705185086
geometry_control,6,31,10,45,1.4008792418464744,809.5370280059544,-7.68469556039356,0.6680724867745189,0.6247648164683716,1,-59.021616201939025
geometry_control,6,32,10,46,1.4882454706764272,556.0280638258057,69.58671541510014,0.5882095646931612,0.6247648164683716,0,-16.476021933961256
geometry_control,6,33,11,40,1.4605736530922442,713.2586949668215,32.064454658832425,0.47981556547812154,0.6247648164683716,0,9.202470731213516
geometry_control,6,34,11,46,1.3873164073563882,648.1061033396808,67.49491084711356,0.4352539479322493,0.6247648164683716,0,-4.841232874207165
geometry_control,6,35,11,47,1.4436925964536929,783.9306589528192,0.8868796633677983,0.5055005603105307,0.6247648164683716,0,7.497065349759296
geometry_control,6,36,12,47,1.480112320283898,599.6917391713033,13.269799521614951,0.622676310407795,0.6247648164683716,0,24.517802388473896
geometry_control,6,37,12,48,1.4812090871162047,784.2550592045645,38.888143065656884,0.5991694191947878,0.6247648164683716,0,-5.737681173625731
geometry_control,6,38,12,53,1.3194153794071812,-568.0670193697462,-86.86979009360493,0.5068055535656821,0.6247648164683716,0,-36.080453227078
geometry_control,6,39,13,42,1.397917782024214,1001.5096772887764,18.14604122656378,0.7140382279778801,0.6247648164683716,1,-73.0366770603278
geometry_control,6,40,13,48,1.4715083994397427,646.2225431165697,3.126705471498022,0.6808329832309066,0.6247648164683716,1,-35.15035773048548
geometry_control,6,41,13,49,1.4419089529102878,712.3443846482569,62.14967129086663,0.893496959963757,0.6247648164683716,1,-20.986027775687912
geometry_control,6,42,14,43,1.4265695169861161,721.2679775881021,-1.1026975078781767,0.49342997557531226,0.6247648164683716,0,-43.12732596872617
geometry_control,6,43,14,49,1.3207089036908124,-434.71374832224194,8.190119143784196,0.669569268887574,0.6247648164683716,1,-72.26023403422711
geometry_control,6,44,14,50,1.4578976812396982,601.8560603092266,5.908900270889104,0.7885865028251493,0.6247648164683716,1,1.1403588053077272
geometry_control,6,45,15,44,1.3602829853449783,308.2441037058085,-7.148054993690122,0.5015036959174071,0.6247648164683716,0,-46.15431410475166
geometry_control,6,46,15,50,1.4756196545175349,727.4604572716214,31.28710909847101,0.8167392536527835,0.6247648164683716,1,25.888582407870828
geometry_control,6,47,15,51,1.4377228773527535,923.4222074689102,37.4501272602171,0.4844553982336264,0.6247648164683716,0,-25.52844766940969
geometry_control,6,48,16,45,1.4223240971496969,714.5571338403616,51.7346250368247,0.47380079256490565,0.6247648164683716,0,-66.92733015074207
geometry_control,6,49,16,51,1.415942312609071,845.3572913104416,16.958809635221936,0.44007494690009075,0.6247648164683716,0,-74.71983598210402
geometry_control,6,50,16,52,1.344274885526911,69.8516221664811,55.24312439237549,0.3960306855308245,0.6247648164683716,0,-84.87685186652419
geometry_control,6,51,17,46,1.450833774634021,1006.5934268276413,39.01750793935809,0.4801267948787673,0.6247648164683716,0,-39.7031645954676
geometry_control,6,52,17,52,1.39512949257262,856.9384118963724,41.83479766170734,0.48221960992604385,0.6247648164683716,0,-87.80030166718191
geometry_control,6,53,17,53,1.4224028063041598,714.6014682247369,-6.189152037504508,0.43450265041493574,0.6247648164683716,0,-37.825874666125955
geometry_control,6,54,18,53,1.435024321415325,763.0410240596507,13.763887775835652,0.45541800126934256,0.6247648164683716,0,-1.6349235369506516
geometry_control,6,55,18,54,1.4238616492936855,821.0533677840813,24.240844592738565,0.6105366421864575,0.6247648164683716,0,-66.67472558339404
geometry_control,6,56,18,59,1.463673126969416,640.7662435263724,15.274023721994823,0.4815824167842673,0.6247648164683716,0,-56.4049957172742
geometry_control,6,57,19,48,1.4336382420139828,896.8715027942134,25.023890387501265,0.5413354615633885,0.6247648164683716,0,-50.5474395459643
geometry_control,6,58,19,54,1.4065661168710433,719.8676142988949,51.16114466686331,0.6040902368513977,0.6247648164683716,0,-104.28159543389533
geometry_control,6,59,19,55,1.3768596462504485,515.144101485967,37.568119053859164,0.4931049140354572,0.6247648164683716,0,-119.89534677295474
geometry_control,6,60,20,49,1.4270843638198272,1038.6936889279737,44.204287398864196,0.7670572198584589,0.6247648164683716,1,-58.244763450493664
geometry_control,6,61,20,55,1.3812144462363012,636.9243695876028,29.723385750373513,0.5061626955976772,0.6247648164683716,0,-103.731178025882
geometry_control,6,62,20,56,1.3978858485772656,808.7830727393844,55.88905900053641,0.5393600486105232,0.6247648164683716,0,-67.38476803827722
geometry_control,6,63,21,50,1.397960504732151,952.7557346577069,16.039447849484393,0.8474986667443458,0.6247648164683716,1,31.627068589690026
geometry_control,6,64,21,56,1.4816590616098297,530.089653620368,-13.933595962998577,0.5007842615588348,0.6247648164683716,0,38.84008451451815
geometry_control,6,65,21,57,1.4799537482967047,777.8627669984472,-26.617358811857475,0.47274402030393986,0.6247648164683716,0,10.164640978324236
geometry_control,6,66,22,51,1.4442117896862225,741.458435184774,33.623104817958996,0.4612102502837804,0.6247648164683716,0,-38.71715966596368
geometry_control,6,67,22,57,1.4664342599864268,721.4186889222385,17.729329058288947,0.4187394592625316,0.6247648164683716,0,-18.879900219903735
geometry_control,6,68,22,58,1.3690656837708408,473.3964653502507,11.457804398073652,0.4258810066534217,0.6247648164683716,0,-46.31694706224165
geometry_control,6,69,23,52,1.4912279101071433,423.1322782976402,36.66536412315674,0.4321759001785245,0.6247648164683716,0,-75.87832437812452
geometry_control,6,70,23,58,1.4542985560525066,821.9714147270493,24.904830959483924,0.44089091791743207,0.6247648164683716,0,-32.492937286366605
geometry_control,6,71,23,59,1.3809159875494637,571.0115668998732,52.46647046966742,0.4106233561823411,0.6247648164683716,0,-79.23376217825607
geometry_control,6,72,24,59,1.3861870292596297,616.2960842383762,5.210523891932876,0.3941283424974549,0.6247648164683716,0,-93.79497811564573
geometry_control,6,73,24,60,1.4111920707668226,1006.8702191691604,58.349146562443835,0.5279030119183898,0.6247648164683716,0,-63.26726412047407
geometry_control,6,74,24,65,1.4859828262842856,729.446105638837,10.414802429924809,0.5070853474769071,0.6247648164683716,0,-65.22902375161691
geometry_control,6,75,25,54,1.3674406621726005,526.0956691287995,20.940525371222783,0.5819770059468254,0.6247648164683716,0,-122.5922298747167
geometry_control,6,76,25,60,1.466955238260029,465.60022736802335,7.9825146976571855,0.5867974499655702,0.6247648164683716,0,-99.37142356469847
geometry_control,6,77,25,61,1.3262199524890337,-388.5122731226965,7.931762146039134,0.524765009822566,0.6247648164683716,0,-171.8385230135462
geometry_control,6,78,26,55,1.494487326181354,265.9965597004005,2.379971672481048,0.4015204698492972,0.6247648164683716,0,-181.1568540815191
geometry_control,6,79,26,61,1.3934355123710542,718.4300737724626,11.5770035478783,0.4552937965409783,0.6247648164683716,0,-135.7905631134978
geometry_control,6,80,26,62,1.3651163352946603,376.7486539184506,0.7786570469723308,0.46346426248002043,0.6247648164683716,0,-10.641816419648876
geometry_control,6,81,27,56,1.4510156660016351,986.8610406287701,-2.2437091857775426,0.5365804834008874,0.6247648164683716,0,-4.841337971635447
geometry_control,6,82,27,62,1.388233981835233,564.1147053807243,14.924958081451146,0.5653269230187645,0.6247648164683716,0,-64.05349275327332
geometry_control,6,83,27,63,1.4763194850363341,448.1813015342894,-25.976792979994347,0.4946415924791788,0.6247648164683716,0,-31.13166815743724
geometry_control,6,84,28,57,1.4275298437884563,1080.2231874743075,25.813346186516416,0.8581535489084355,0.6247648164683716,1,54.77501112700385
geometry_control,6,85,28,63,1.4137767677796482,753.9769011887445,27.240533000021784,0.8442548992416219,0.6247648164683716,1,25.377686481366666
geometry_control,6,86,28,64,1.4522954268323225,647.295015769247,69.64159637248503,0.8779873394502389,0.6247648164683716,1,57.6244638726001
geometry_control,6,87,29,58,1.4491530559997359,856.7360059951894,8.331002043911434,0.4686300087840308,0.6247648164683716,0,-34.41181396739176
geometry_control,6,88,29,64,1.4323299101795677,837.1625431209036,23.112906968162623,0.48132225193494405,0.6247648164683716,0,-29.669357045213797
geometry_control,6,89,29,65,1.410226190605933,773.1216251126209,7.529133076963701,0.5513194520283922,0.6247648164683716,0,-45.41341444921282
geometry_control,6,90,30,65,1.372758835880856,600.8085610000236,-19.164552080581583,0.5329537415559742,0.6247648164683716,0,-77.74452628844693
geometry_control,6,91,30,66,1.4596316717278746,672.7943463953823,-1.3351748980403848,0.4753922069229303,0.6247648164683716,0,-40.5154850214907
geometry_control,6,92,30,71,1.4217443437784136,684.3724004381944,12.25714540812817,0.4477806977686163,0.6247648164683716,0,-83.1818865319466
geometry_control,6,93,31,60,1.4280590410291127,847.5490145420717,39.032883846026955,0.5806467605004428,0.6247648164683716,0,-5.098906586014259
geometry_control,6,94,31,66,1.425701598520152,838.7871073445509,26.690381391746683,0.5022675614259162,0.6247648164683716,0,1.3030790536096077
geometry_control,6,95,31,67,1.4275913768320054,699.3016751575115,48.2749794540396,0.5536860454838577,0.6247648164683716,0,0.32709162437186023
geometry_control,6,96,32,61,1.4625617539369167,634.3239431863196,-1.619236971168045,0.5176254668161129,0.6247648164683716,0,-134.80976170143342
geometry_control,6,97,32,67,1.4400982265498263,815.6276737986806,23.939734690319654,0.5526971919425319,0.6247648164683716,0,-97.4456966757294
geometry_control,6,98,32,68,1.339894564477318,-120.98292874536065,-9.329551917235653,0.5569993517335784,0.6247648164683716,0,-140.05518032816298
geometry_control,6,99,33,62,1.4327602065267253,761.1247264973082,17.600930003679785,0.6200197625347543,0.6247648164683716,0,-52.06543262280938
geometry_control,6,100,33,68,1.4166469526286936,873.9347833196975,53.64653622324007,0.6512231815131777,0.6247648164683716,1,-99.92884542007833
geometry_control,6,101,33,69,1.4893149490167876,383.0285653070539,29.655545564076068,0.6049038915122131,0.6247648164683716,0,-29.05578190021206
geometry_control,6,102,34,63,1.4164759061844763,870.6659204211883,30.757648122914183,0.43284913572654227,0.6247648164683716,0,-57.87433768611743
geometry_control,6,103,34,69,1.4474526207256062,749.8364272543648,10.010487847513302,0.4884185952435868,0.6247648164683716,0,-7.307745788885441
geometry_control,6,104,34,70,1.4614241382681945,710.6084503593937,10.689285389256085,0.44034128478900075,0.6247648164683716,0,-44.25443320037049
geometry_control,6,105,35,64,1.483597669879744,486.120622287984,12.326035013644681,0.633801519403929,0.6247648164683716,1,-33.16266146158233
geometry_control,6,106,35,70,1.4268039629928706,822.3907634313288,52.19442839278869,0.6075612282577705,0.6247648164683716,0,-64.20806411051527
geometry_control,6,107,35,71,1.3990196091017715,861.0326517353499,28.399294774121216,0.6186256757100191,0.6247648164683716,0,-69.86390323775123
geometry_control,203,0,0,36,1.4139393697617595,891.304481797352,-4.266063529888451,0.5214412741058626,0.6240621293584411,0,-51.37998825411536
geometry_control,203,1,0,41,1.3931206645434526,948.8012164229416,-14.532383748328046,0.47221562129685035,0.6240621293584411,0,-81.44574749813812
geometry_control,203,2,0,71,1.4166507112839335,1091.785032148356,-16.982416630924863,0.4237195308587566,0.6240621293584411,0,-20.230874644509335
geometry_control,203,3,1,36,1.451875188827167,858.5145080953657,-4.668044306485555,0.48843709092998844,0.6240621293584411,0,-44.43758921178912
geometry_control,203,4,1,37,1.3941923625063835,876.0938621631542,-31.06956093951902,0.4341641200240872,0.6240621293584411,0,-84.77011847888797
geometry_control,203,5,1,66,1.4784040646223675,778.0618902419172,37.73263952281487,0.46641501276127295,0.6240621293584411,0,-20.222247001183632
geometry_control,203,6,2,37,1.3754129235854633,788.0983828796593,8.201495175917353,0.45726149340000566,0.6240621293584411,0,-103.38646673810837
geometry_control,203,7,2,38,1.4637738422214768,1028.307543711085,-8.528812869970315,0.4438913788169183,0.6240621293584411,0,-105.2042389488033
geometry_control,203,8,2,67,1.4182934286246207,1146.7259999845726,-15.027862702403242,0.5503056764473849,0.6240621293584411,0,-43.532144821231995
geometry_control,203,9,3,38,1.3725457553870497,800.8010127675198,-12.860933466311144,0.47487272238299705,0.6240621293584411,0,-95.14142450484249
geometry_control,203,10,3,39,1.4352767031212048,813.4392133792874,-10.305092876494694,0.6238528019843785,0.6240621293584411,0,-19.400021025222486
geometry_control,203,11,3,68,1.3829347220792416,945.6599071627867,-44.138688052675064,0.5185989760165022,0.6240621293584411,0,-51.901247782896505
geometry_control,203,12,4,39,1.4350305675399686,949.0921404982051,-27.445292932382923,0.6600779911432868,0.6240621293584411,1,8.479859333835854
geometry_control,203,13,4,40,1.4624681734234721,1025.6634046099782,-23.08361639582924,0.5377759792490774,0.6240621293584411,0,6.372134713756374
geometry_control,203,14,4,69,1.4527147089291867,1172.9642881503798,-9.490377247518603,0.5599980341294046,0.6240621293584411,0,2.358465496727021
geometry_control,203,15,5,40,1.3890231646544415,823.7024019269128,-29.166186145151748,0.4890586297096231,0.6240621293584411,0,-40.64616294070976
geometry_control,203,16,5,41,1.396600024249873,954.738250955036,-51.379404295567724,0.48079799468242745,0.6240621293584411,0,-47.04855794031027
geometry_control,203,17,5,70,1.4569002447474881,933.9235468622969,-29.019465402927338,0.5254203271717636,0.6240621293584411,0,-17.487795321671165
geometry_control,203,18,6,41,1.4332414859939746,1001.3453661788305,-47.71056289199769,0.6158220833769983,0.6240621293584411,0,-57.97104309350711
geometry_control,203,19,6,42,1.391157577586656,1077.9342126876809,-28.545617869223076,0.7717742745724461,0.6240621293584411,1,-50.831783256100046
geometry_control,203,20,6,47,1.430196133340986,1177.6112741465383,-41.03664483679258,0.7621372032825042,0.6240621293584411,1,1.999197310689965
geometry_control,203,21,7,36,1.4026233507270818,1095.597534037579,7.590420106646123,0.5601171240984522,0.6240621293584411,0,-73.93590679826785
geometry_control,203,22,7,42,1.4382060073696628,1005.4030697283731,-13.676654431593196,0.6668436624848878,0.6240621293584411,1,-76.77099486031568
geometry_control,203,23,7,43,1.4177250681488023,955.5914665661586,-0.7582895536616951,0.6411628198369355,0.6240621293584411,1,-50.256479082116705
geometry_control,203,24,8,37,1.506333426964476,396.6786036589601,-12.894362092882899,0.4765123172183121,0.6240621293584411,0,-71.0553838556935
geometry_control,203,25,8,43,1.4057245601636486,1076.2825155690807,-24.171605441052485,0.6118309838626965,0.6240621293584411,0,14.937378033306388
geometry_control,203,26,8,44,1.4437413775934504,1222.0509575434237,-44.371561526344095,0.524941752691018,0.6240621293584411,0,-7.213134907617899
geometry_control,203,27,9,38,1.3881322148271469,883.4861829828355,-24.977978415186023,0.39495533633731494,0.6240621293584411,0,-63.106815577353764
geometry_control,203,28,9,44,1.4018171800972192,890.2918223584346,-23.37884540243856,0.45675488639310813,0.6240621293584411,0,-40.13695035452446
geometry_control,203,29,9,45,1.4138695690077545,1037.1006479919822,-5.242751565740535,0.43579638811831795,0.6240621293584411,0,-47.66586106300713
geometry_control,203,30,10,39,1.4300508094238935,1235.5769962853506,-9.507086272156588,0.5844122296049299,0.6240621293584411,0,-11.630124451893202
geometry_control,203,31,10,45,1.4394065109802423,980.086993962913,-23.458105045856186,0.4762732017845514,0.6240621293584411,0,-32.86318373556602
geometry_control,203,32,10,46,1.4406600715260156,958.3374291656983,33.94834097114942,0.5733576740832639,0.6240621293584411,0,20.161389237705663
geometry_control,203,33,11,40,1.495849199003342,564.6158055610503,-23.799102072025928,0.5643624052969117,0.6240621293584411,0,-11.005806166001868
geometry_control,203,34,11,46,1.4415030636596076,894.9899415284686,-6.035209835716933,0.6756098616694552,0.6240621293584411,1,36.137067762821886
geometry_control,203,35,11,47,1.3815737983683152,1012.2513853094719,-21.935739833025483,0.7024168901752219,0.6240621293584411,1,-35.04308944078478
geometry_control,203,36,12,47,1.4964173427155596,514.472411894859,-10.829904372633811,0.5213643538355281,0.6240621293584411,0,-60.512340497319215
geometry_control,203,37,12,48,1.4367205516597172,893.8756324331971,-2.3914429573718237,0.5357786599061793,0.6240621293584411,0,-64.43308095684125
geometry_control,203,38,12,53,1.3745727221481323,766.2033802120656,-6.170531788820731,0.4013164532215611,0.6240621293584411,0,-67.24429784764784
geometry_control,203,39,13,42,1.341561772302425,96.61471963844615,-89.60207027551704,0.583026891762309,0.6240621293584411,0,-136.43891011541024
geometry_control,203,40,13,48,1.3215882077570944,-404.3925723029669,-63.81968640144706,0.5878041265430183,0.6240621293584411,0,-102.1432397807097
geometry_control,203,41,13,49,1.4201359343488975,913.8755807125967,-60.49098884748297,0.4487247017378697,0.6240621293584411,0,-100.96160616094778
geometry_control,203,42,14,43,1.3883538723918916,827.9507835724868,20.525213915745397,0.7447047059422495,0.6240621293584411,1,-33.42427613000642
geometry_control,203,43,14,49,1.4213175998603595,1075.237953673636,-19.952852079756063,0.6360833585657626,0.6240621293584411,1,-44.49934639310797
geometry_control,203,44,14,50,1.4468311081428409,1261.6709052104256,-44.76519649594926,0.6707002731595684,0.6240621293584411,1,-27.89986679701391
geometry_control,203,45,15,44,1.4470962679211528,1008.9056583788332,-28.74391892983378,0.5197914531579328,0.6240621293584411,0,-45.429979804426374
geometry_control,203,46,15,50,1.4460314145565758,964.0076187862762,-30.58335205595381,0.5326762515469303,0.6240621293584411,0,-58.609872085284636
geometry_control,203,47,15,51,1.3892162801090473,843.86088205964,-40.20388769892514,0.4513844895613518,0.6240621293584411,0,-50.63189403863386
geometry_control,203,48,16,45,1.4473483852473683,914.1003177139709,-24.990367308856097,0.4763161240907454,0.6240621293584411,0,-56.679967986031734
geometry_control,203,49,16,51,1.3842220842977415,800.9973178008803,-12.406308474353292,0.4288676587689546,0.6240621293584411,0,-54.53743883000054
geometry_control,203,50,16,52,1.43614012047294,947.3796142325248,-27.809430646112816,0.4786835000677401,0.6240621293584411,0,-38.5755145794786
geometry_control,203,51,17,46,1.4051845153026996,1063.9378134447895,27.960240608447002,0.8861871382475933,0.6240621293584411,1,46.952916965573166
geometry_control,203,52,17,52,1.4989167232624225,479.6104566591618,-24.359980788700682,0.7914700419258754,0.6240621293584411,1,-1.4949925816013234
geometry_control,203,53,17,53,1.4500418392100236,1232.6385352255988,-8.31971233949248,0.7929462661393931,0.6240621293584411,1,24.23017416965655
geometry_control,203,54,18,53,1.5227448556343297,188.1386102295058,4.426479708501546,0.5091914056767476,0.6240621293584411,0,-30.417939584096352
geometry_control,203,55,18,54,1.3953048179524747,786.355064221237,-13.491465502824262,0.562967875300072,0.6240621293584411,0,25.955768088721342
geometry_control,203,56,18,59,1.4812616699478427,852.8477130370686,23.501436514556854,0.6198131133725094,0.6240621293584411,0,-62.179229356646545
geometry_control,203,57,19,48,1.493298637427794,753.2050870294624,-23.24954321848662,0.7364473784421989,0.6240621293584411,1,-92.74349570355454
geometry_control,203,58,19,54,1.3308750278520105,-55.20172220122055,-27.00215667179672,0.6557616413809051,0.6240621293584411,1,-33.67208852450652
geometry_control,203,59,19,55,1.4189154961136752,1415.226025881176,-28.431529898017494,0.6751403568313775,0.6240621293584411,1,-33.75723736698987
geometry_control,203,60,20,49,1.4104772986460055,1144.140847978655,-27.38272552323933,0.5832335886700226,0.6240621293584411,0,-4.86736838168256
geometry_control,203,61,20,55,1.4387999527498743,1024.7728617374162,-15.476379511979834,0.6610059918643499,0.6240621293584411,1,-20.77577128488781
geometry_control,203,62,20,56,1.4751554767225539,834.659964868734,-9.886376279044162,0.6128687626727515,0.6240621293584411,0,-21.602485120633432
geometry_control,203,63,21,50,1.3805352392519168,800.7289570974627,-5.839864267206476,0.5754939513334443,0.6240621293584411,0,-39.24951602576355
geometry_control,203,64,21,56,1.44755385402009,1151.030338555318,-13.573777358126609,0.5705122107423671,0.6240621293584411,0,-43.04976544882358
geometry_control,203,65,21,57,1.4614774376596267,849.650913526728,-19.94657015859101,0.5339129513951633,0.6240621293584411,0,-59.357073579395326
geometry_control,203,66,22,51,1.3998424584763134,873.843720406934,-35.46082187126065,0.4302387263590344,0.6240621293584411,0,-52.364284767312036
geometry_control,203,67,22,57,1.4093492648014458,1086.3911907903928,-45.36019587502676,0.469949488406332,0.6240621293584411,0,-87.69356403744243
geometry_control,203,68,22,58,1.447986325861014,1030.6270943387167,-13.547218759644164,0.5012854807086435,0.6240621293584411,0,-73.51123228975878
geometry_control,203,69,23,52,1.4341197718591014,1122.0876994394218,-7.480207779540386,0.5123481503114412,0.6240621293584411,0,-16.616976912632786
geometry_control,203,70,23,58,1.4340266617148005,1060.1133066512655,-18.81852256937536,0.5335790633622648,0.6240621293584411,0,-30.399037951493092
geometry_control,203,71,23,59,1.4249831251115659,906.997709399534,-12.993873914248438,0.6244460822207207,0.6240621293584411,1,-7.0003594714019926
geometry_control,203,72,24,59,1.419566780433998,1037.8017152494194,12.184747990000945,0.6781835924760833,0.6240621293584411,1,-12.820924481099176
geometry_control,203,73,24,60,1.4024182221373271,1343.05467077903,-11.196398236648912,0.726655346164372,0.6240621293584411,1,-1.0738662402237793
geometry_control,203,74,24,65,1.4280073134381455,934.651810824001,-7.347706227217451,0.5152223321901496,0.6240621293584411,0,-74.14687534205382
geometry_control,203,75,25,54,1.395910060373722,837.9084889061794,8.405474678632087,0.5498667621139184,0.6240621293584411,0,-49.39632340786537
geometry_control,203,76,25,60,1.4658882535414208,827.387932977439,-26.52602403990757,0.6551837538746446,0.6240621293584411,1,-28.21667143330549
geometry_control,203,77,25,61,1.4170949802689699,951.9073184483501,-39.11112566850514,0.48904446927874967,0.6240621293584411,0,-96.16189706682681
geometry_control,203,78,26,55,1.397981651991643,1015.2755647370535,-24.54014138256716,0.5274854313790581,0.6240621293584411,0,-74.42432162380808
geometry_control,203,79,26,61,1.362333052933221,531.5225958401528,-6.815225499321583,0.447284423093417,0.6240621293584411,0,-105.82357229786733
geometry_control,203,80,26,62,1.4773008174540498,866.4512590616667,-20.499554783812865,0.618797124348367,0.6240621293584411,0,-41.71506932381198
geometry_control,203,81,27,56,1.4419000516097646,1014.6643009348355,-13.101813329485699,0.5026046251798386,0.6240621293584411,0,-36.96538841150861
geometry_control,203,82,27,62,1.4287353353257062,1096.3697564482443,-18.44219832193023,0.6420535473407459,0.6240621293584411,1,-24.42881094568466
geometry_control,203,83,27,63,1.3915069653896068,1350.697792665245,-15.40215906133557,0.6579343930628196,0.6240621293584411,1,-54.25520022200409
geometry_control,203,84,28,57,1.371099344718443,716.2740459306125,4.952004365403498,0.4289456138517061,0.6240621293584411,0,-90.95490341483588
geometry_control,203,85,28,63,1.401579754128577,1024.3298299712055,6.254533611915924,0.620874641081891,0.6240621293584411,0,-62.95036597565732
geometry_control,203,86,28,64,1.4811479983025337,865.9111440792593,7.241248966330133,0.46993439121893366,0.6240621293584411,0,-58.548896256018025
geometry_control,203,87,29,58,1.3972119247625052,956.3403639768806,-16.310804591831836,0.5239699230362473,0.6240621293584411,0,-76.74065047801479
geometry_control,203,88,29,64,1.4475820424790673,1098.7238799291647,-18.637392767324645,0.5336227081011633,0.6240621293584411,0,-56.6819167423818
geometry_control,203,89,29,65,1.3765515419186003,607.4006240859928,24.138963262689987,0.45187568160876934,0.6240621293584411,0,-106.14460976384309
geometry_control,203,90,30,65,1.3856481697193015,838.6267056884444,17.245673336943433,0.46684978950250655,0.6240621293584411,0,-64.70131086100056
geometry_control,203,91,30,66,1.4554616205296569,861.6681339446159,-8.366647023154451,0.5201256974414361,0.6240621293584411,0,-36.374442171805995
geometry_control,203,92,30,71,1.5049335649674283,544.9630408961912,18.683180412192854,0.4444260323630457,0.6240621293584411,0,-95.32786315750421
geometry_control,203,93,31,60,1.4772447585697428,812.0683639559601,15.041248885873507,0.7717251180713005,0.6240621293584411,1,-10.711217740959817
geometry_control,203,94,31,66,1.44167576159425,1063.6477518001457,-48.291977561810306,0.6135680120360076,0.6240621293584411,0,-24.360619316038374
geometry_control,203,95,31,67,1.3152688232750522,-361.2345269039866,-69.05593082919928,0.6743613023462012,0.6240621293584411,1,-64.10085842791716
geometry_control,203,96,32,61,1.4697360521495229,825.3069489274593,-35.52231753970339,0.6254831685804396,0.6240621293584411,1,-44.42793247540131
geometry_control,203,97,32,67,1.403439183598058,847.596193619341,-42.75597041619886,0.6942586374512352,0.6240621293584411,1,6.114402429818043
geometry_control,203,98,32,68,1.4508414199822681,1337.794565965109,-41.959403239114344,0.6315705934542739,0.6240621293584411,1,-36.68569840464364
geometry_control,203,99,33,62,1.4009633079020236,1265.2359709602172,-34.7138804865661,0.6151239838536837,0.6240621293584411,0,-58.71744890042597
geometry_control,203,100,33,68,1.4877471348224043,683.0469227446955,-20.894194078056373,0.4496987074725679,0.6240621293584411,0,-61.38873322732481
geometry_control,203,101,33,69,1.4153528564923208,1003.1716976585774,-30.360283854228825,0.45487257642656204,0.6240621293584411,0,-51.42234813738249
geometry_control,203,102,34,63,1.469027757391157,917.645963880165,-6.385902641319606,0.6620434460942886,0.6240621293584411,1,-35.42129276253861
geometry_control,203,103,34,69,1.3708579558542096,728.4037784381347,-7.536995769730053,0.48591119294509305,0.6240621293584411,0,-46.56002735714648
geometry_control,203,104,34,70,1.4878793099880259,733.8068835981793,3.9437810536802793,0.5000508355269062,0.6240621293584411,0,-20.010653325754607
geometry_control,203,105,35,64,1.3955445382601055,888.5975204841238,-24.933656648492796,0.4548456454748088,0.6240621293584411,0,-61.35062850861749
geometry_control,203,106,35,70,1.4426688103495022,795.3003678135517,-3.891821385868602,0.4437932847703839,0.6240621293584411,0,-24.984073091901926
geometry_control,203,107,35,71,1.3349269913793924,169.529416551486,11.521138389352318,0.35067486184295393,0.6240621293584411,0,-94.40653463374167
bond_length_control,94,0,0,36,1.3910826091423445,855.4704186252885,24.11510661061057,0.45801401667373,0.5688657504656357,0,2.371762725865038
bond_length_control,94,1,0,41,1.4226454570369447,1203.9847919740243,-18.15975007134992,0.5268048456449442,0.5688657504656357,0,-2.1091938804924633
bond_length_control,94,2,0,71,1.4972993441168152,725.2194793780524,28.40485318353327,0.5575414271771894,0.5688657504656357,0,-24.06874647784864
bond_length_control,94,3,1,36,1.3733004800723627,587.7800713249309,2.358286941453576,0.4069515164950412,0.5688657504656357,0,3.709330430051663
bond_length_control,94,4,1,37,1.4205248973080284,1360.6828287518695,52.19472287765439,0.47552060298942767,0.5688657504656357,0,-1.7218038727797245
bond_length_control,94,5,1,66,1.5862276990373492,-818.2929406113866,-52.10923866755747,0.4444778583242953,0.5688657504656357,0,-72.9633900205151
bond_length_control,94,6,2,37,1.5110807960941954,499.70633959013355,-0.05410485409540998,0.5251291948408726,0.5688657504656357,0,-29.96522236918736
bond_length_control,94,7,2,38,1.4299303839246404,1058.6083563892425,-3.824184651162174,0.5280656813673559,0.5688657504656357,0,-3.536487020105896
bond_length_control,94,8,2,67,1.402797054080899,1319.9564595362715,13.664554304621985,0.5153079122463078,0.5688657504656357,0,1.0275550052883968
bond_length_control,94,9,3,38,1.5037165072873289,523.3785951569861,-10.199698090710044,0.5558289152392428,0.5688657504656357,0,-26.740348582791455
bond_length_control,94,10,3,39,1.4030662531953084,1364.4174559519056,17.853616057073193,0.5540472485927965,0.5688657504656357,0,0.9922809933662844
bond_length_control,94,11,3,68,1.4729952382035687,980.3590589448697,-10.050084985211628,0.5488100219041783,0.5688657504656357,0,-15.100673170243825
bond_length_control,94,12,4,39,1.4282564842932257,930.8839274308514,16.64462286115928,0.5045011189705638,0.5688657504656357,0,-3.1952599699287556
bond_length_control,94,13,4,40,1.4124189370887088,1114.4569878959664,-3.918842466620158,0.49378964507128575,0.5688657504656357,0,-0.3567488369765579
bond_length_control,94,14,4,69,1.4024234838904601,1258.5286738009816,10.086795946462829,0.5250241063209836,0.5688657504656357,0,1.0761770428272843
bond_length_control,94,15,5,40,1.3421399896087025,439.13392383603826,15.229096592397754,0.5305692189556009,0.5688657504656357,0,4.067538745176355
bond_length_control,94,16,5,41,1.4684663752195157,1013.3360545925651,13.439052660242295,0.5403476154516698,0.5688657504656357,0,-13.627621115659371
bond_length_control,94,17,5,70,1.4479660420284532,1130.9395917429545,-4.099576434804272,0.558232364633451,0.5688657504656357,0,-7.721158712547195
bond_length_control,94,18,6,41,1.435087344722947,1316.2242181537185,9.738346992886026,0.5276101049786008,0.5688657504656357,0,-4.637794717972382
bond_length_control,94,19,6,42,1.4150505067149806,1066.3064624718172,44.26985812366301,0.5004716770570018,0.5688657504656357,0,-0.7798607612093802
bond_length_control,94,20,6,47,1.4793709409684563,903.3788152037041,16.784734300175714,0.5276638008452154,0.5688657504656357,0,-17.279050049563097
bond_length_control,94,21,7,36,1.3678498966135975,751.9519273749823,19.106999653479303,0.45346356379189096,0.5688657504656357,0,3.95241315780339
bond_length_control,94,22,7,42,1.4114636346184672,1126.4498226044645,15.966383209720034,0.49511596484150616,0.5688657504656357,0,-0.20790084963141275
bond_length_control,94,23,7,43,1.477816454646723,880.9667086705225,-5.006180419296714,0.5404064943359843,0.5688657504656357,0,-16.736606083000545
bond_length_control,94,24,8,37,1.3526949689094148,426.9685461969445,4.581002793455208,0.45186557086027973,0.5688657504656357,0,4.22418195544933
bond_length_control,94,25,8,43,1.3973134258174358,938.0054290726339,58.56616767564994,0.4702394149099866,0.5688657504656357,0,1.7030968668511814
bond_length_control,94,26,8,44,1.3664490064738735,637.1492661684752,23.87175251251331,0.48496913616848053,0.5688657504656357,0,4.0023865970853105
bond_length_control,94,27,9,38,1.3360377772378191,498.89524354959605,-1.534540978984783,0.5417468735560621,0.5688657504656357,0,3.8493992998117985
bond_length_control,94,28,9,44,1.4658604777134931,981.2258602994889,-4.5756901098689875,0.5719139523377796,0.5688657504656357,1,-12.8078419873956
bond_length_control,94,29,9,45,1.4500734013598335,901.0914459867382,8.203572415384295,0.5270092394488961,0.5688657504656357,0,-8.271388337214107
bond_length_control,94,30,10,39,1.512805124826537,348.4905483354954,-8.187301657612364,0.5188784890596874,0.5688657504656357,0,-30.745029728117117
bond_length_control,94,31,10,45,1.4019351760126055,1243.6258470042176,14.285893765600896,0.5059225215989677,0.5688657504656357,0,1.1391580969004291
bond_length_control,94,32,10,46,1.4190292190170481,1426.969638677649,0.7633921059962273,0.5107338666031067,0.5688657504656357,0,-1.4561454424162381
bond_length_control,94,33,11,40,1.4494715879207785,943.5794268776751,-15.725688941243183,0.5190293986174725,0.5688657504656357,0,-8.112935875522648
bond_length_control,94,34,11,46,1.450259628940738,1143.339515096652,2.6613496121876254,0.5215962500601701,0.5688657504656357,0,-8.320634450907503
bond_length_control,94,35,11,47,1.4205115775485926,1252.6804291151536,4.561385941847766,0.528861490980156,0.5688657504656357,0,-1.7194104215918635
bond_length_control,94,36,12,47,1.4319351561503288,1003.4367394390069,-33.15805196651742,0.536071326043747,0.5688657504656357,0,-3.9556268341618517
bond_length_control,94,37,12,48,1.3747221988294773,804.0551340373679,-18.066097237018745,0.5369230884869488,0.5688657504656357,0,3.633147413759856
bond_length_control,94,38,12,53,1.4833054609982357,870.4305873529894,-10.261288172583242,0.5300912937330144,0.5688657504656357,0,-18.684799387288464
bond_length_control,94,39,13,42,1.400874009011166,1070.012051404186,-3.1693241951733473,0.5051535171399073,0.5688657504656357,0,1.2737823260787398
bond_length_control,94,40,13,48,1.4994883272757629,593.6837686253443,-0.9046197739207164,0.5331974033713227,0.5688657504656357,0,-24.965643148167814
bond_length_control,94,41,13,49,1.43566683057242,958.2220935157133,23.215352202086578,0.5312615351874415,0.5688657504656357,0,-4.766287615094656
bond_length_control,94,42,14,43,1.44549195172947,1278.161841721242,0.8003825193774288,0.5386237695910918,0.5688657504656357,0,-7.0916536727575465
bond_length_control,94,43,14,49,1.4263398774721714,1046.5089252670957,19.734122604584527,0.5194412581441479,0.5688657504656357,0,-2.8142956380694777
bond_length_control,94,44,14,50,1.3407454143611117,347.7934041333829,32.89392171994081,0.47655973325493084,0.5688657504656357,0,4.0258779924564845
bond_length_control,94,45,15,44,1.496603675661056,705.24918713762,19.30711327965133,0.5903275878455736,0.5688657504656357,1,-23.78682647862528
bond_length_control,94,46,15,50,1.5146188469618211,473.16156735259773,-15.36295888605798,0.5135338302509187,0.5688657504656357,0,-31.575430483954946
bond_length_control,94,47,15,51,1.4160443200756212,971.1274407489202,-42.81224600774463,0.5422709241182857,0.5688657504656357,0,-0.9446527281355275
bond_length_control,94,48,16,45,1.3707324767622397,732.3722695465802,-23.316551614659737,0.5246018547153034,0.5688657504656357,0,3.8335195960153126
bond_length_control,94,49,16,51,1.4374983791935803,1101.3968700691078,-11.607955437606313,0.5214499038768992,0.5688657504656357,0,-5.178725554913649
bond_length_control,94,50,16,52,1.457527728350745,1137.8349655783318,-18.040268411334235,0.5307037677160327,0.5688657504656357,0,-10.321885012736546
bond_length_control,94,51,17,46,1.4271945033535822,961.7687652830955,-41.532112650524695,0.49932778367069186,0.5688657504656357,0,-2.9828869620279814
bond_length_control,94,52,17,52,1.4192501876847963,1025.1921481796576,-6.020010894761878,0.500618351667282,0.5688657504656357,0,-1.4949993729167694
bond_length_control,94,53,17,53,1.4054774701200734,998.9401751557918,-13.060366354470874,0.5006129922799453,0.5688657504656357,0,0.6674892896414324
bond_length_control,94,54,18,53,1.4125083655224295,1128.120698305994,-37.69403958448494,0.511879511562236,0.5688657504656357,0,-0.3708122182288074
bond_length_control,94,55,18,54,1.401360932569208,1090.2577272170065,-14.999472860318658,0.5128430217777229,0.5688657504656357,0,1.2123903679887604
bond_length_control,94,56,18,59,1.4726022443596138,876.6588599667203,-39.92399598333635,0.5161396598445929,0.5688657504656357,0,-14.970409889344689
bond_length_control,94,57,19,48,1.4154163793725598,1269.199888996727,-4.135525086503922,0.5242256811093777,0.5688657504656357,0,-0.8402094673211256
bond_length_control,94,58,19,54,1.4631381105047145,1044.1267415852358,-5.593277377308647,0.5183573965709303,0.5688657504656357,0,-11.973026281643756
bond_length_control,94,59,19,55,1.373679486902283,911.9229375114276,-0.32338155427370785,0.4894470071416149,0.5688657504656357,0,3.6895395683790095
bond_length_control,94,60,20,49,1.3758587684781813,780.8175927701261,31.678931556078926,0.4878863137732194,0.5688657504656357,0,3.5684269281928263
bond_length_control,94,61,20,55,1.3435790312786378,437.5010333232383,36.76537467376276,0.4550435079893378,0.5688657504656357,0,4.105420896300073
bond_length_control,94,62,20,56,1.4561562442566156,977.5031844867035,15.025973766775568,0.49860955598303247,0.5688657504656357,0,-9.93238583431218
bond_length_control,94,63,21,50,1.3662617455748776,671.0173180063588,19.32544892350448,0.5050403011789395,0.5688657504656357,0,4.008680592686629
bond_length_control,94,64,21,56,1.45299459756637,1083.545564516649,39.3520883435306,0.5586450682779696,0.5688657504656357,0,-9.055536587608282
bond_length_control,94,65,21,57,1.4864206457535838,773.7583916101049,-6.789903318543194,0.5665604949819667,0.5688657504656357,0,-19.831275072470085
bond_length_control,94,66,22,51,1.333348821078626,241.10755562537034,-20.926043725148233,0.5119680261732709,0.5688657504656357,0,3.723885824089413
bond_length_control,94,67,22,57,1.4392385686925124,1261.4800763814073,-6.600283216359124,0.5447511261089311,0.5688657504656357,0,-5.579499724189178
bond_length_control,94,68,22,58,1.4490732350006528,1045.3503059296752,-23.32583050107784,0.5406636215868105,0.5688657504656357,0,-8.00863338993051
bond_length_control,94,69,23,52,1.4094316986697775,1087.6916683904815,-25.30534549226623,0.5003686571431254,0.5688657504656357,0,0.10031026373887286
bond_length_control,94,70,23,58,1.4044997888009438,1105.5124682648202,-36.092624647628384,0.5198103887175315,0.5688657504656357,0,0.801102296680865
bond_length_control,94,71,23,59,1.4399494329129614,1012.4759547892055,-37.77313130720163,0.5046234460381456,0.5688657504656357,0,-5.7457175204730735
bond_length_control,94,72,24,59,1.4500545237232507,1146.7006404116717,-13.434199641261106,0.5335821786981695,0.5688657504656357,0,-8.266401971715014
bond_length_control,94,73,24,60,1.4857509766468695,692.1983381096279,1.8790892726409085,0.5603515207797348,0.5688657504656357,0,-19.582315540993207
bond_length_control,94,74,24,65,1.4183908873987212,1020.8447269304213,-12.683692161020412,0.5182815082376852,0.5688657504656357,0,-1.3446710731010674
bond_length_control,94,75,25,54,1.4144132311987314,1124.747018248102,-22.78744207676742,0.5163296551575781,0.5688657504656357,0,-0.6756339875458082
bond_length_control,94,76,25,60,1.3550443817569098,680.8063179297761,36.44580979074419,0.5463956353060133,0.5688657504656357,0,4.22064176127248
bond_length_control,94,77,25,61,1.4641228847501944,789.86442400957,21.70182596371108,0.5260484180038372,0.5688657504656357,0,-12.272464474303854
bond_length_control,94,78,26,55,1.5011237332547276,610.051654201971,7.356787027423659,0.525481535187224,0.5688657504656357,0,-25.645457482433024
bond_length_control,94,79,26,61,1.388735250411863,1141.5152838308272,21.50356066238012,0.5641106874627984,0.5688657504656357,0,2.5965610926922107
bond_length_control,94,80,26,62,1.4763609791364147,753.6799752606303,12.95093493748282,0.5278475354509066,0.5688657504656357,0,-16.23534217259585
bond_length_control,94,81,27,56,1.4208606499921896,1139.189511141429,30.936712772917797,0.5279281220943912,0.5688657504656357,0,-1.7823000188105427
bond_length_control,94,82,27,62,1.3281742144562902,-96.02090247305306,-2.4691600374294116,0.48672807436437926,0.5688657504656357,0,3.4321058348142426
bond_length_control,94,83,27,63,1.480265447680916,828.2006984895313,10.499314409337446,0.5009001651206608,0.5688657504656357,0,-17.594512515655033
bond_length_control,94,84,28,57,1.3643409548128618,670.0612345766261,11.69721384861306,0.5033658556597108,0.5688657504656357,0,4.067992109789584
bond_length_control,94,85,28,63,1.3877845747513935,969.2631002861136,20.018433865778878,0.4684224719819833,0.5688657504656357,0,2.683401549718843
bond_length_control,94,86,28,64,1.4191047664993053,1072.1188674109007,-13.378971787819625,0.4856780454951559,0.5688657504656357,0,-1.4694139463187756
bond_length_control,94,87,29,58,1.4516470406277315,987.3346340934621,-33.60518279216938,0.5334531175820852,0.5688657504656357,0,-8.690708269685418
bond_length_control,94,88,29,64,1.3932753600365706,1078.490750138696,-23.77783993750648,0.5198528119396509,0.5688657504656357,0,2.148392524854719
bond_length_control,94,89,29,65,1.4183361444606206,1052.9195919345539,-12.414562477230318,0.502965504442215,0.5688657504656357,0,-1.335164086928902
bond_length_control,94,90,30,65,1.3874304765600594,1012.0145262043909,-12.174579046570798,0.5253550592975437,0.5688657504656357,0,2.715128824640116
bond_length_control,94,91,30,66,1.4469675523428345,1102.9092051488135,25.132965151858407,0.5110574307778291,0.5688657504656357,0,-7.464965148709457
bond_length_control,94,92,30,71,1.4628849171799836,962.0623237913957,28.752003287136105,0.5730584994520342,0.5688657504656357,1,-11.896503625679019
bond_length_control,94,93,31,60,1.4533968075619281,901.5250503325984,-1.5496007497118152,0.49938467567634126,0.5688657504656357,0,-9.16545795706652
bond_length_control,94,94,31,66,1.3567595014175782,733.6029720616723,53.42145934407343,0.443017034614577,0.5688657504656357,0,4.209163240130591
bond_length_control,94,95,31,67,1.3470094404985156,333.1557546456169,-30.87347243859631,0.4642384966851445,0.5688657504656357,0,4.1747400935557675
bond_length_control,94,96,32,61,1.4237382996860175,1134.0243894860284,24.176755861175995,0.5350561223548806,0.5688657504656357,0,-2.313767394071837
bond_length_control,94,97,32,67,1.4742746372600655,844.179578111899,-11.870722589491601,0.52025716066586,0.5688657504656357,0,-15.527966303522428
bond_length_control,94,98,32,68,1.3674506281921135,845.4031212483733,19.941503392964897,0.5259960364518435,0.5688657504656357,0,3.967175595324397
bond_length_control,94,99,33,62,1.3828741504948483,1029.6383449262294,0.943466342974937,0.48672745003343293,0.5688657504656357,0,3.093523100028145
bond_length_control,94,100,33,68,1.4064363930713153,1110.4841670274313,2.3666123887438144,0.5139305161422876,0.5688657504656357,0,0.5338931491323429
bond_length_control,94,101,33,69,1.4846895419231463,801.6228963290986,-1.474676592078561,0.5396907301813257,0.5688657504656357,0,-19.190520675834883
bond_length_control,94,102,34,63,1.3771809475772032,1006.6262168806363,5.924507145515321,0.5316672303049793,0.5688657504656357,0,3.4888614170013366
bond_length_control,94,103,34,69,1.4534300053205425,922.494939894831,-7.514809578960876,0.5704584196965906,0.5688657504656357,1,-9.174551855627955
bond_length_control,94,104,34,70,1.4745318642219176,919.4903609051387,9.07130908361704,0.5668871041247427,0.5688657504656357,0,-15.614469917747611
bond_length_control,94,105,35,64,1.4602014177793732,1136.8235551373427,8.131928041955959,0.4785675102566999,0.5688657504656357,0,-11.097147152545952
bond_length_control,94,106,35,70,1.341040769203884,353.2553390855539,-3.240767241502092,0.4965318105632907,0.5688657504656357,0,4.035107360079953
bond_length_control,94,107,35,71,1.3624367392858336,603.9722478899301,5.3601838467744445,0.5093836429137546,0.5688657504656357,0,4.117370045919165
bond_length_control,65,0,0,36,1.4622436022949392,1056.6072441230383,-16.11183915552572,0.5466173687006144,0.567088007121824,0,-12.236701369288339
bond_length_control,65,1,0,41,1.442485067575715,1115.8583237674889,-1.0566285942082283,0.5186533353836511,0.567088007121824,0,-5.205532478903669
bond_length_control,65,2,0,71,1.3898080435681002,1009.3716108655952,-46.54153935078407,0.547598549901809,0.567088007121824,0,10.020591364202687
bond_length_control,65,3,1,36,1.3198933492284028,-85.81062713413878,-105.24774366694007,0.506941790852071,0.567088007121824,0,22.814892956560474
bond_length_control,65,4,1,37,1.4917086605498664,828.7385625310537,-2.656690979592549,0.5290663574187406,0.567088007121824,0,-24.120741450031588
bond_length_control,65,5,1,66,1.399776704928703,881.0668491114209,-4.124364955207738,0.48037514973582207,0.567088007121824,0,7.521018163008318
bond_length_control,65,6,2,37,1.4658647049579165,1715.2990221679945,68.00250349780707,0.5808523550106666,0.567088007121824,1,-13.606020571082189
bond_length_control,65,7,2,38,1.4979433143666026,896.9727686995093,0.8725776310056776,0.5029840027766781,0.567088007121824,0,-26.855181683327793
bond_length_control,65,8,2,67,1.400968195847968,1033.7215145601197,-38.35157625386673,0.5483277882697215,0.567088007121824,0,7.21055691316125
bond_length_control,65,9,3,38,1.3118625119806846,-330.6214883911708,-66.48161781336307,0.4607452921930306,0.567088007121824,0,23.77514002778592
bond_length_control,65,10,3,39,1.4290786076401183,1037.2902068992528,1.4932279891884341,0.504205272570384,0.567088007121824,0,-0.8520062855467565
bond_length_control,65,11,3,68,1.457525015179946,1145.9315150413174,-53.23168665485422,0.5306468948969216,0.567088007121824,0,-10.490140722526819
bond_length_control,65,12,4,39,1.4443060089054314,1178.1604454205162,-13.931502342054037,0.5135305515245364,0.567088007121824,0,-5.82266736914984
bond_length_control,65,13,4,40,1.4574032943381332,1057.030249872798,6.053994846873996,0.5179079208498747,0.567088007121824,0,-10.445649822499863
bond_length_control,65,14,4,69,1.4366700772715324,1174.6456996675495,-5.191527800513841,0.527906943656226,0.567088007121824,0,-3.2762517546000725
bond_length_control,65,15,5,40,1.4243779819184519,1185.0431863941826,4.054858228411104,0.5287207771365822,0.567088007121824,0,0.5959003179316791
bond_length_control,65,16,5,41,1.3959560347626712,1158.7320761124213,-28.797080649841998,0.508663179784246,0.567088007121824,0,8.499651207584765
bond_length_control,65,17,5,70,1.4972169285577346,644.9821894395961,-31.977575342993365,0.5220163114599933,0.567088007121824,0,-26.53258686463637
bond_length_control,65,18,6,41,1.390050777285507,985.3629953137173,8.167916518174478,0.501503190111993,0.567088007121824,0,9.961795032697102
bond_length_control,65,19,6,42,1.447806653915352,1019.2130516811649,-20.800662991635146,0.5349833285326648,0.567088007121824,0,-7.026557113022449
bond_length_control,65,20,6,47,1.420916595401595,1197.891358850472,-9.614592263437274,0.5268960230256393,0.567088007121824,0,1.6362694308554815
bond_length_control,65,21,7,36,1.4574200621561477,1220.9022361179714,-8.43216025079125,0.5396723125592162,0.567088007121824,0,-10.451777046718872
bond_length_control,65,22,7,42,1.3391327118614944,262.52419746290644,-33.52582643959488,0.5451884176629248,0.567088007121824,0,20.09776128925724
bond_length_control,65,23,7,43,1.5360806596388827,135.5772649470304,-9.7539788408306,0.5468626562010421,0.567088007121824,0,-45.30639002891466
bond_length_control,65,24,8,37,1.3927529576364828,814.8209766493673,-17.425381920029007,0.5049673209612888,0.567088007121824,0,9.300311048414361
bond_length_control,65,25,8,43,1.3575630510804555,616.9064826707951,12.320871022241507,0.4900330980364453,0.567088007121824,0,16.931321053879678
bond_length_control,65,26,8,44,1.4002809869949857,707.5134134072866,-7.704801813542911,0.4611930591958695,0.567088007121824,0,7.389926185616087
bond_length_control,65,27,9,38,1.374432310514095,778.7655742382271,-19.09668525431088,0.4426746873159443,0.567088007121824,0,13.537106039000756
bond_length_control,65,28,9,44,1.5510591645991127,-221.2536466682144,-33.48565547872133,0.4767687777845135,0.567088007121824,0,-53.384352399271776
bond_length_control,65,29,9,45,1.391798758476647,947.3315523580671,-19.368553204275006,0.46538367399684344,0.567088007121824,0,9.535352879105531
bond_length_control,65,30,10,39,1.41096963657844,1057.4372752636023,-4.557585116581067,0.47844421799747255,0.567088007121824,0,4.505052004152284
bond_length_control,65,31,10,45,1.39229491504608,873.9663856653368,10.940008326300918,0.4576932243010183,0.567088007121824,0,9.41333654606828
bond_length_control,65,32,10,46,1.3576217727735305,595.9480921300222,-26.653683074527056,0.4524607158548086,0.567088007121824,0,16.92033515523746
bond_length_control,65,33,11,40,1.403253715282966,1105.8869709417277,-33.524942685101905,0.5129170882550975,0.567088007121824,0,6.607992810644998
bond_length_control,65,34,11,46,1.373419000957773,877.9630072438625,-9.670355934793324,0.48255621678709526,0.567088007121824,0,13.75458905967154
bond_length_control,65,35,11,47,1.4515167265535731,1194.6225165105354,12.665768645893811,0.5182523238164078,0.567088007121824,0,-8.327681944019687
bond_length_control,65,36,12,47,1.4494005910787482,1094.0309049632178,-17.833289454269533,0.5368748207895601,0.567088007121824,0,-7.58236601576266
bond_length_control,65,37,12,48,1.3949103676174117,940.2677368256797,-32.998015589765835,0.4994703313899185,0.567088007121824,0,8.763011485007281
bond_length_control,65,38,12,53,1.4382265047970735,1250.756315548534,-3.0000251752625924,0.5472395961495164,0.567088007121824,0,-3.78646405227958
bond_length_control,65,39,13,42,1.4668780840530653,931.7819316673703,-25.761221642805886,0.5653419940057713,0.567088007121824,0,-13.993755974369828
bond_length_control,65,40,13,48,1.348069609005279,604.3746463866893,1.0705997095410078,0.5198501990991042,0.567088007121824,0,18.63214345790269
bond_length_control,65,41,13,49,1.4811646067349575,1023.9079746723731,-9.65721533608289,0.5211011067126166,0.567088007121824,0,-19.672407686241954
bond_length_control,65,42,14,43,1.4597187099506868,983.7089135519038,-12.584659120174708,0.5200786420808214,0.567088007121824,0,-11.296823177000347
bond_length_control,65,43,14,49,1.296308069719481,-838.6584585454684,-150.73978511220784,0.47416351624954917,0.567088007121824,0,25.349603281747815
bond_length_control,65,44,14,50,1.4432589468508916,1309.3941581003069,-38.733012681256334,0.5029079222391535,0.567088007121824,0,-5.467048664007404
bond_length_control,65,45,15,44,1.4273916589481437,1306.452358470223,-2.198328088638568,0.4936673194297515,0.567088007121824,0,-0.32772516997142676
bond_length_control,65,46,15,50,1.421472838103007,1101.9295711368143,-38.73027146552512,0.5053366384286594,0.567088007121824,0,1.470554709499396
bond_length_control,65,47,15,51,1.4319536794719476,1042.8125470491923,-64.20802520661879,0.49444281888833025,0.567088007121824,0,-1.7576033735291992
bond_length_control,65,48,16,45,1.437317563771016,1043.571450046942,-33.69353799192264,0.48339213561725586,0.567088007121824,0,-3.4879571988646108
bond_length_control,65,49,16,51,1.4260731281505619,1175.7157404607383,-20.661407392341193,0.4955527388635047,0.567088007121824,0,0.07842142546249842
bond_length_control,65,50,16,52,1.422784860907071,965.2459482281876,-12.117870725981797,0.49926484448283853,0.567088007121824,0,1.0774482990396708
bond_length_control,65,51,17,46,1.4596454530905298,880.3472110800567,-20.89429233646295,0.520973662401381,0.567088007121824,0,-11.269736060620257
bond_length_control,65,52,17,52,1.3761633050430189,797.9069875684879,-12.088834181006595,0.5420788797131733,0.567088007121824,0,13.161533681649267
bond_length_control,65,53,17,53,1.472432601935258,1049.4032422758921,-31.561949593845757,0.5670345447906499,0.567088007121824,0,-16.15432041440465
bond_length_control,65,54,18,53,1.381249731149028,882.6531158761768,-47.794799465952494,0.5149604945164219,0.567088007121824,0,12.028227454052304
bond_length_control,65,55,18,54,1.46211997247719,966.6886804404594,8.28099341771009,0.5113115646914639,0.567088007121824,0,-12.190396045597733
bond_length_control,65,56,18,59,1.3577838606015133,665.9609881340938,-39.73410172458226,0.5294816149750609,0.567088007121824,0,16.889981254863617
bond_length_control,65,57,19,48,1.4250439143849456,904.0979939633474,2.554373688177702,0.4808107636161483,0.567088007121824,0,0.39323723051206017
bond_length_control,65,58,19,54,1.519834078689076,466.45610161907086,-7.546304268844155,0.5249310985507881,0.567088007121824,0,-37.07937889088893
bond_length_control,65,59,19,55,1.3251074970658214,123.38434640866602,-23.92701872241319,0.5133543853021552,0.567088007121824,0,22.136959500697465
bond_length_control,65,60,20,49,1.4173514219691496,980.7702992343806,-11.036914607481089,0.4893684350372659,0.567088007121824,0,2.6850566441856127
bond_length_control,65,61,20,55,1.442147562724644,963.5503732416253,-26.455806454472768,0.5206611491097604,0.567088007121824,0,-5.091830891792949
bond_length_control,65,62,20,56,1.4373484107456713,1125.9502360064234,-27.77548780038562,0.5159449815154229,0.567088007121824,0,-3.49806252210235
bond_length_control,65,63,21,50,1.3689541956154991,927.9067815830806,17.004447852940274,0.5184877479686347,0.567088007121824,0,14.69204465814343
bond_length_control,65,64,21,56,1.4602990105821476,1115.4470658349198,-31.227456881918243,0.5163198884571873,0.567088007121824,0,-11.51175553636278
bond_length_control,65,65,21,57,1.4114368663791956,962.9604739182076,-62.00369169114509,0.4727341552995987,0.567088007121824,0,4.374291546729614
bond_length_control,65,66,22,51,1.4136379006954665,1092.314606436416,-9.242357305295597,0.4862396299661611,0.567088007121824,0,3.7530265151732625
bond_length_control,65,67,22,57,1.369302900501576,991.6577366183242,-25.490123098586476,0.4513798568374542,0.567088007121824,0,14.620046889250968
bond_length_control,65,68,22,58,1.412042226843043,1026.1136914182732,-11.338991341770459,0.49501949813908824,0.567088007121824,0,4.2042904608778215
bond_length_control,65,69,23,52,1.4264893886346734,1033.502718616763,-30.861627640388985,0.5285151323770338,0.567088007121824,0,-0.049455022082013356
bond_length_control,65,70,23,58,1.4644458410832273,892.6220586665489,-23.762059362678112,0.5335828949306272,0.567088007121824,0,-13.066469216808104
bond_length_control,65,71,23,59,1.4673312561948402,932.019861278333,-21.321184944061685,0.5679919179131493,0.567088007121824,1,-14.167788974269694
bond_length_control,65,72,24,59,1.4711923856501437,827.7973589325651,-37.417846036546806,0.5600852869612309,0.567088007121824,0,-15.666716674438689
bond_length_control,65,73,24,60,1.4545224991795536,1057.6146657896027,-26.96022446970036,0.5462269913221263,0.567088007121824,0,-9.400917626285974
bond_length_control,65,74,24,65,1.3175206748177444,-302.10026760763685,-125.9320517493456,0.5009479223023878,0.567088007121824,0,23.109144902488033
bond_length_control,65,75,25,54,1.4214568553458007,1201.0496772187191,-0.2714396606286629,0.5030319704111607,0.567088007121824,0,1.4753241158935513
bond_length_control,65,76,25,60,1.3929200767497565,1002.4340693762597,-32.41384738093902,0.5073437250556531,0.567088007121824,0,9.258981709111113
bond_length_control,65,77,25,61,1.3869632124476805,875.6666574393352,-1.3073647078932908,0.47453393444980385,0.567088007121824,0,10.70203512230012
bond_length_control,65,78,26,55,1.4545589739018574,1079.326830049742,-38.357274146022846,0.5373439809566907,0.567088007121824,0,-9.414046579472505
bond_length_control,65,79,26,61,1.4405037326233319,1114.852561706314,-11.254270107936975,0.5204226582439668,0.567088007121824,0,-4.5410876012545245
bond_length_control,65,80,26,62,1.3730997061111108,1033.0650033911638,-17.749318442604988,0.5392301431988572,0.567088007121824,0,13.822755466337968
bond_length_control,65,81,27,56,1.4460717280646853,998.8814650784017,-36.34268808874875,0.5371171413841842,0.567088007121824,0,-6.427027127044515
bond_length_control,65,82,27,62,1.4606821127335028,855.762798319791,-35.81917168953093,0.5437194712206883,0.567088007121824,0,-11.654002822987295
bond_length_control,65,83,27,63,1.3824479345777976,971.804395746723,-39.71356217842418,0.562169811369579,0.567088007121824,0,11.754780405778279
bond_length_control,65,84,28,57,1.379283360724125,1049.9859595715534,-29.467547846376075,0.4536216806815372,0.567088007121824,0,12.4716223847632
bond_length_control,65,85,28,63,1.4977944743411533,1091.68020888911,-19.602935740776164,0.5222600838245207,0.567088007121824,0,-26.78899401703273
bond_length_control,65,86,28,64,1.372963519103916,795.4618944377681,-84.40356845402526,0.4799325745171032,0.567088007121824,0,13.851777252753427
bond_length_control,65,87,29,58,1.4202438933528996,1148.1908573167934,-53.03601245928947,0.5228045664362486,0.567088007121824,0,1.8359278381668043
bond_length_control,65,88,29,64,1.3789693128419653,1013.2153076191157,-30.563658074328355,0.5054758189701805,0.567088007121824,0,12.541820993382412
bond_length_control,65,89,29,65,1.5077180862249586,384.51812238787716,-50.762808813760024,0.49807622475992763,0.567088007121824,0,-31.29985597057496
bond_length_control,65,90,30,65,1.398430227951114,1009.5638566031311,-37.0108467666784,0.48442224289509594,0.567088007121824,0,7.86884396908119
bond_length_control,65,91,30,66,1.4046977137579169,1145.5201298305458,-42.94577687236609,0.49467827102241163,0.567088007121824,0,6.222511408859807
bond_length_control,65,92,30,71,1.4611375605078698,981.5564989279633,-42.67205895821829,0.5222260933398553,0.567088007121824,0,-11.823478341133914
bond_length_control,65,93,31,60,1.5260215966255175,328.2284272320978,-12.786258339066311,0.5414031976137439,0.567088007121824,0,-40.14770004438178
bond_length_control,65,94,31,66,1.4375601800557152,1004.0711461882465,-14.01581162172847,0.5063801567213211,0.567088007121824,0,-3.5674849032739444
bond_length_control,65,95,31,67,1.465626230067246,954.3822457793551,-14.615795073380022,0.5225467976632946,0.567088007121824,0,-13.515064321127923
bond_length_control,65,96,32,61,1.401891534443726,1191.218433745521,14.592771393732683,0.5021054936969088,0.567088007121824,0,6.968238802470896
bond_length_control,65,97,32,67,1.4161382827834514,1071.0844155124469,14.642452149600526,0.5160588843523087,0.567088007121824,0,3.0366815892431385
bond_length_control,65,98,32,68,1.5148292445263376,499.6450960941116,-43.81757674322364,0.5406167015631563,0.567088007121824,0,-34.65546725682364
bond_length_control,65,99,33,62,1.4192784754096361,1067.282999501438,-67.0367643625397,0.4874448239047191,0.567088007121824,0,2.1210280452172925
bond_length_control,65,100,33,68,1.391084458487832,996.9370676650615,-27.081060898951158,0.5071485468160762,0.567088007121824,0,9.710260048723043
bond_length_control,65,101,33,69,1.3475596008043589,217.8418574215496,-82.72180735938367,0.4950833166212284,0.567088007121824,0,18.719301697984537
bond_length_control,65,102,34,63,1.5602966323152094,-433.8095007508082,-62.71359511171333,0.5409845707089193,0.567088007121824,0,-58.60594419156264
bond_length_control,65,103,34,69,1.4667022593355685,916.8818125489742,-3.35074560137643,0.5301727232765377,0.567088007121824,0,-13.92634036272338
bond_length_control,65,104,34,70,1.414855391344323,1193.1820209988334,-67.2329266778817,0.5134692347935975,0.567088007121824,0,3.405631207253794
bond_length_control,65,105,35,64,1.4839054222554193,778.2895483471063,-36.79461915978332,0.5063056614820944,0.567088007121824,0,-20.80753710726845
bond_length_control,65,106,35,70,1.413627303541222,1432.4735714501455,-49.5703504969932,0.5211178348741903,0.567088007121824,0,3.7560385526510123
bond_length_control,65,107,35,71,1.4319571212437552,1164.7656987203916,-44.82496104828372,0.536709917716601,0.567088007121824,0,-1.7586966014847656
bond_length_control,87,0,0,36,1.3676056508713499,856.3514717137974,11.552243639209268,0.4186252291175579,0.5691626288154507,0,5.348995587787044
bond_length_control,87,1,0,41,1.4257492259192899,1083.5903519777264,22.417198071530887,0.47373361548084325,0.5691626288154507,0,1.9305668934343416
bond_length_control,87,2,0,71,1.3339262991076744,327.38724565996023,47.78904170188856,0.43568245110971815,0.5691626288154507,0,5.181664766158455
bond_length_control,87,3,1,36,1.4110429873589032,1104.9177408747796,-16.60050812569104,0.47362987238164395,0.5691626288154507,0,3.255219541680527
bond_length_control,87,4,1,37,1.477549198024956,840.5798750100524,-14.635159871708943,0.5203110040817285,0.5691626288154507,0,-5.345626493309837
bond_length_control,87,5,1,66,1.4189209202942137,1419.747208833935,-27.031235081495222,0.5213169274080133,0.5691626288154507,0,2.5852944667511184
bond_length_control,87,6,2,37,1.4407934995457314,1059.9103930994095,-44.06490981956712,0.5362579471047343,0.5691626288154507,0,0.24201717998836303
bond_length_control,87,7,2,38,1.4493368938337616,991.2879729468118,-31.637712840763303,0.5253073499986118,0.5691626288154507,0,-0.8696720060187437
bond_length_control,87,8,2,67,1.3761539358405541,901.2565884758214,-10.542447381766474,0.5134470149714859,0.5691626288154507,0,5.14675377509872
bond_length_control,87,9,3,38,1.4119615439412072,978.0986151586546,-15.83931081886092,0.5046195804822575,0.5691626288154507,0,3.1817917741190613
bond_length_control,87,10,3,39,1.4094291914800903,1118.9839947268686,-8.352589387413554,0.5395207194742959,0.5691626288154507,0,3.3812418682528222
bond_length_control,87,11,3,68,1.471197783504387,940.7647579835545,-26.050259073547195,0.509005401869024,0.5691626288154507,0,-4.228705950582643
bond_length_control,87,12,4,39,1.4622780672995155,839.1184510572242,-28.256976815367608,0.5729300122591254,0.5691626288154507,1,-2.7679392862871697
bond_length_control,87,13,4,40,1.3738097124560567,780.5540241726399,-55.21480109360925,0.5290926304300806,0.5691626288154507,0,5.212265713469975
bond_length_control,87,14,4,69,1.4557074927983815,993.2035788011522,-37.997392802217675,0.5527645995827823,0.5691626288154507,0,-1.7716542543643903
bond_length_control,87,15,5,40,1.4670615910998215,1405.9830929643765,-21.057047573203757,0.5313539645805039,0.5691626288154507,0,-3.5357436430155995
bond_length_control,87,16,5,41,1.3712875950607852,883.9309899161063,-15.518045187363896,0.5596680591868335,0.5691626288154507,0,5.274252457050974
bond_length_control,87,17,5,70,1.457947802531317,1049.802229075314,6.9414052083394475,0.5793124774598716,0.5691626288154507,1,-2.10379074185824
bond_length_control,87,18,6,41,1.4738740678976952,783.591714284627,-38.16977203253675,0.5198186045996951,0.5691626288154507,0,-4.691516632236535
bond_length_control,87,19,6,42,1.4608151004685,1008.1425534786297,-4.767571354126022,0.539115879981509,0.5691626288154507,0,-2.5402831983659993
bond_length_control,87,20,6,47,1.4626965000014402,1190.120608243619,-36.52171158852725,0.5071856138324219,0.5691626288154507,0,-2.8336687237151046
bond_length_control,87,21,7,36,1.3845442131715606,957.0208121832495,-3.9182529849932957,0.45575655189750397,0.5691626288154507,0,4.849531292298641
bond_length_control,87,22,7,42,1.3775834015847999,864.7646315159075,-34.351761186133096,0.5301622136426034,0.5691626288154507,0,5.103060102712867
bond_length_control,87,23,7,43,1.506900677466636,556.0292424430272,1.430376588246983,0.5176879187267305,0.5691626288154507,0,-11.353102584739027
bond_length_control,87,24,8,37,1.4534420954300336,993.5052603026281,-23.206513970799683,0.5237084122108127,0.5691626288154507,0,-1.4437190087950795
bond_length_control,87,25,8,43,1.4212420212357686,1163.7346988999534,-9.401498641068487,0.5389586473399546,0.5691626288154507,0,2.3704893753090697
bond_length_control,87,26,8,44,1.3893984479940906,916.8514667689683,-28.777002424075395,0.48932436462153406,0.5691626288154507,0,4.632446925589365
bond_length_control,87,27,9,38,1.4011935797530486,1294.0275434952982,4.940585235253786,0.5142846166772432,0.5691626288154507,0,3.965480587990822
bond_length_control,87,28,9,44,1.4235564781130146,1038.1573884460763,-34.80601812332047,0.4908511661940871,0.5691626288154507,0,2.1483571272134188
bond_length_control,87,29,9,45,1.4649057848561882,1023.184651984953,-38.434415009235195,0.5288199960400012,0.5691626288154507,0,-3.185265068597603
bond_length_control,87,30,10,39,1.4846562309528195,555.1021519474332,-81.1725508272359,0.49016819211936713,0.5691626288154507,0,-6.67187843221344
bond_length_control,87,31,10,45,1.3124207731305897,-351.9940545310478,-144.8374394631103,0.4698024324900867,0.5691626288154507,0,4.294927333064088
bond_length_control,87,32,10,46,1.3622249107774889,614.1213597578819,-82.30474285289665,0.4927905021338658,0.5691626288154507,0,5.424790828126248
bond_length_control,87,33,11,40,1.3865241578003549,1243.972446787178,-44.62485172393088,0.5010659086682225,0.5691626288154507,0,4.765000976607581
bond_length_control,87,34,11,46,1.4553593526262998,1420.6054685968734,-0.008046370053017143,0.5475256005117659,0.5691626288154507,0,-1.7207407046312944
bond_length_control,87,35,11,47,1.4155227999913744,1227.9454007476133,-47.85628361135471,0.516747012507279,0.5691626288154507,0,2.8854385631933197
bond_length_control,87,36,12,47,1.3996420402550005,1304.8799287306206,26.463335099834225,0.4983893223257686,0.5691626288154507,0,4.064582706316621
bond_length_control,87,37,12,48,1.3657089917376073,870.3405256951024,-24.247184236799516,0.4967268699185061,0.5691626288154507,0,5.380231133543994
bond_length_control,87,38,12,53,1.5380460693438465,1040.959656248883,0.4231143932312709,0.5033310862454143,0.5691626288154507,0,-19.293857222183064
bond_length_control,87,39,13,42,1.462357812081196,1564.2495200944504,-25.136232533242296,0.5521623718913871,0.5691626288154507,0,-2.780444833761352
bond_length_control,87,40,13,48,1.4461009675450496,1295.3204582963888,8.538254091598503,0.5185696533350375,0.5691626288154507,0,-0.4354621105220331
bond_length_control,87,41,13,49,1.430861054826249,1146.5222028299854,-13.1000793161803,0.5227490712984044,0.5691626288154507,0,1.3949936307716528
bond_length_control,87,42,14,43,1.4603777555527169,1264.669938496019,-15.378986026300243,0.5568741541943454,0.5691626288154507,0,-2.4728764865772113
bond_length_control,87,43,14,49,1.4527701995036983,1019.5802353151504,-10.80184809237085,0.5399351485172357,0.5691626288154507,0,-1.347984318062808
bond_length_control,87,44,14,50,1.3430583377270968,458.5280616971701,-14.529908517812737,0.5707053990937206,0.5691626288154507,1,5.3765734057272425
bond_length_control,87,45,15,44,1.3918675649653125,1160.9898897288747,4.351279646250514,0.5007913752058348,0.5691626288154507,0,4.509240106300904
bond_length_control,87,46,15,50,1.467745393793857,1062.3973456920291,-31.310973029473264,0.5642569028236305,0.5691626288154507,0,-3.6484412932999937
bond_length_control,87,47,15,51,1.434333310799874,1136.3452391620092,-46.50362580115463,0.5196810599376435,0.5691626288154507,0,1.0088583265608984
bond_length_control,87,48,16,45,1.4543285937440267,990.893930589527,19.72522036654595,0.5514479872335121,0.5691626288154507,0,-1.5711000585247308
bond_length_control,87,49,16,51,1.511589303080954,481.91809391770533,-11.513855819348052,0.5323688421194067,0.5691626288154507,0,-12.443875534478515
bond_length_control,87,50,16,52,1.3693699110016269,756.6624153004383,6.76471601528288,0.5340588318106413,0.5691626288154507,0,5.31550888965144
bond_length_control,87,51,17,46,1.492496337688496,1171.2731056556397,53.5396391781976,0.5615230138701691,0.5691626288154507,0,-8.229483931058091
bond_length_control,87,52,17,52,1.4611812058094016,1264.0778901257565,-8.406239851631508,0.5211457888035191,0.5691626288154507,0,-2.5969397845133844
bond_length_control,87,53,17,53,1.4322073830760726,1312.3803265371093,-20.385398503053626,0.5356861897853278,0.5691626288154507,0,1.2474258299464691
bond_length_control,87,54,18,53,1.3742515299411462,994.6647443032338,16.49177853057324,0.5391599320554186,0.5691626288154507,0,5.200501326521103
bond_length_control,87,55,18,54,1.4435241264441347,1546.2641418800933,-50.72022548578599,0.557465362468814,0.5691626288154507,0,-0.10116727816098736
bond_length_control,87,56,18,59,1.4506459026972989,1343.5234295505454,26.948386118542697,0.5600303914832186,0.5691626288154507,0,-1.0498932098499316
bond_length_control,87,57,19,48,1.4151356874045458,1108.8809551869738,-38.811998842265105,0.5385427629444781,0.5691626288154507,0,2.9185532374561074
bond_length_control,87,58,19,54,1.501620507918092,797.0817727186673,16.854484967133754,0.5634524096847816,0.5691626288154507,0,-10.168414532539401
bond_length_control,87,59,19,55,1.4622154539846681,1244.9181481773096,-36.630776485272314,0.5374499979777796,0.5691626288154507,0,-2.758127267513172
bond_length_control,87,60,20,49,1.4470983083497728,1413.5782845211934,-2.314006111040396,0.5266101578749207,0.5691626288154507,0,-0.5675760282513891
bond_length_control,87,61,20,55,1.4348392874094296,1240.0799535940291,-10.394921581075106,0.5213379749448552,0.5691626288154507,0,0.9510756130110027
bond_length_control,87,62,20,56,1.3980298678995853,1287.017436671292,31.767945869057872,0.4966987215524358,0.5691626288154507,0,4.163894345923945
bond_length_control,87,63,21,50,1.480038198412267,821.0255087882848,-28.92860310088323,0.5718060595533916,0.5691626288154507,1,-5.800878435198818
bond_length_control,87,64,21,56,1.406470147800349,1171.2131099808355,1.9388926533227433,0.5111243726544217,0.5691626288154507,0,3.602468370825228
bond_length_control,87,65,21,57,1.4513493970900073,1097.8044128632828,-0.16283619074126432,0.5335183000141681,0.5691626288154507,0,-1.1478394692184533
bond_length_control,87,66,22,51,1.304118562534494,-654.5065711186146,-172.55171670530433,0.42209214394024264,0.5691626288154507,0,3.795037985602676
bond_length_control,87,67,22,57,1.4325845952428513,899.8146179321329,-2.0145935158604673,0.42838022728700625,0.5691626288154507,0,1.205592121598252
bond_length_control,87,68,22,58,1.351405525092858,471.4719980681541,-18.447327621178804,0.4067684417366677,0.5691626288154507,0,5.458173240942077
bond_length_control,87,69,23,52,1.3966764378722314,1117.777795781999,-5.522373179178891,0.5425441869662866,0.5691626288154507,0,4.244390483086871
bond_length_control,87,70,23,58,1.538821244205001,168.00816071776748,-81.53140057714182,0.5255304950714771,0.5691626288154507,0,-19.512609851690783
bond_length_control,87,71,23,59,1.4943554870222482,991.182273889154,-12.188387057230084,0.5779550473758954,0.5691626288154507,1,-8.613501398150174
bond_length_control,87,72,24,59,1.3511986435958705,949.0792330404724,35.17122739630297,0.5594966164836812,0.5691626288154507,0,5.457274803337604
bond_length_control,87,73,24,60,1.4450824295020779,1120.946420139528,36.01289494946461,0.5518576222010757,0.5691626288154507,0,-0.30211295060611887
bond_length_control,87,74,24,65,1.4546553701221627,1188.7243310787455,26.00496878010584,0.5574519645467549,0.5691626288154507,0,-1.6183616016404048
bond_length_control,87,75,25,54,1.3800260859345534,999.396565700333,4.416098373195967,0.5490283887561136,0.5691626288154507,0,5.0218087956302355
bond_length_control,87,76,25,60,1.5257754507360446,141.85691982961313,-20.116227462568137,0.543954423487913,0.5691626288154507,0,-15.968826072101024
bond_length_control,87,77,25,61,1.4323922582098096,1065.62097103801,-3.361624672437299,0.5203903386549241,0.5691626288154507,0,1.22694947720049
bond_length_control,87,78,26,55,1.4313492214582324,987.0151571011666,-49.725316653748756,0.49927261152347824,0.5691626288154507,0,1.3418013825503399
bond_length_control,87,79,26,61,1.4191169193758841,1074.4911161274379,-35.96972199701852,0.49663697312929067,0.5691626288154507,0,2.567463529500023
bond_length_control,87,80,26,62,1.4246237166926345,1150.9140532346598,-52.24963899693018,0.4996825993274516,0.5691626288154507,0,2.0432491968990893
bond_length_control,87,81,27,56,1.4147547213509504,921.7020989395066,-3.960087888950102,0.4847456699413847,0.5691626288154507,0,2.950927341352453
bond_length_control,87,82,27,62,1.4156506977505219,1005.4669469259217,4.0020754622886665,0.5097949111377775,0.5691626288154507,0,2.87444946934738
bond_length_control,87,83,27,63,1.47643642237516,873.1698263476567,-22.46392918933885,0.5236618230456549,0.5691626288154507,0,-5.145298122218936
bond_length_control,87,84,28,57,1.4374450544790984,1006.3538216935885,-1.9690075328580958,0.5113682125597785,0.5691626288154507,0,0.6473742789562142
bond_length_control,87,85,28,63,1.427857474851477,1168.8518292083902,19.176712533124938,0.5278904383043022,0.5691626288154507,0,1.7144153050087407
bond_length_control,87,86,28,64,1.351370440619685,491.3363220510378,-7.940523391697858,0.46492184526622765,0.5691626288154507,0,5.45802491647402
bond_length_control,87,87,29,58,1.3905887970053608,1003.2696995199395,-53.9129165351124,0.43869575049632104,0.5691626288154507,0,4.57412898471738
bond_length_control,87,88,29,64,1.3387085669800558,246.51216174344975,-11.636675019033344,0.4138611687531088,0.5691626288154507,0,5.297415296195354
bond_length_control,87,89,29,65,1.4033558024208292,1008.9501805063463,9.671635066434302,0.4890756508638131,0.5691626288154507,0,3.821590232953873
bond_length_control,87,90,30,65,1.4643338105796446,927.7906983945603,-34.76345906614049,0.524226938468781,0.5691626288154507,0,-3.093503446611931
bond_length_control,87,91,30,66,1.3840306447836694,877.4391977586818,-42.050727490021316,0.5056710264886185,0.5691626288154507,0,4.8705562586461255
bond_length_control,87,92,30,71,1.3887446216603396,910.6992131662689,-10.317749835150396,0.4750411934544094,0.5691626288154507,0,4.663625574372329
bond_length_control,87,93,31,60,1.3704026547479773,1137.2924453830535,-7.005946617953226,0.5444805104881194,0.5691626288154507,0,5.293920373021077
bond_length_control,87,94,31,66,1.4611229673749808,938.4901463641775,-19.77920042008515,0.531518940853636,0.5691626288154507,0,-2.5879130892965114
bond_length_control,87,95,31,67,1.4261998788561028,1103.088133772173,-25.34304553220159,0.507702085394103,0.5691626288154507,0,1.8849200662030152
bond_length_control,87,96,32,61,1.3834886069848509,844.9551455062975,-42.3623675666884,0.4754191056677536,0.5691626288154507,0,4.892344762018391
bond_length_control,87,97,32,67,1.403887979546066,1077.4020838674896,-17.05797324315551,0.46220476540672606,0.5691626288154507,0,3.785140710062404
bond_length_control,87,98,32,68,1.4029705444617766,1131.524289683714,-49.88974853892162,0.47845092182061844,0.5691626288154507,0,3.847721852922947
bond_length_control,87,99,33,62,1.5182578937935352,297.5498636215731,-70.34562926248745,0.5254612891025475,0.5691626288154507,0,-14.058609222644687
bond_length_control,87,100,33,68,1.411302100465413,1186.2737922052088,-13.613432153060282,0.5254474790572514,0.5691626288154507,0,3.234631278617145
bond_length_control,87,101,33,69,1.4444121611652234,1173.3873167875165,-45.20835555175102,0.5357973839861805,0.5691626288154507,0,-0.2152259568050794
bond_length_control,87,102,34,63,1.395341019768232,1081.3005825075873,0.7079300082895,0.4989271670077578,0.5691626288154507,0,4.321247034653284
bond_length_control,87,103,34,69,1.4204610811438707,1056.897857511411,-7.122485937473611,0.4953963499835133,0.5691626288154507,0,2.4436501581962164
bond_length_control,87,104,34,70,1.3794986411913712,949.229607634677,-14.000388885507684,0.5196828937101792,0.5691626288154507,0,5.040057901269938
bond_length_control,87,105,35,64,1.5126237297240805,581.7911754314575,-92.81577452467019,0.46445738106471457,0.5691626288154507,0,-12.689465774250511
bond_length_control,87,106,35,70,1.474783178548835,966.5723380179443,-18.942122531232876,0.5481817008052106,0.5691626288154507,0,-4.851319137469353
bond_length_control,87,107,35,71,1.4561092613033069,856.2372672620869,-48.33665714872728,0.4904861181610473,0.5691626288154507,0,-1.8306444504794164
bond_length_control,272,0,0,36,1.4766867076248007,866.5590683567859,-23.551217274194606,0.5257689262584995,0.5692391527468378,0,-12.704394952603133
bond_length_control,272,1,0,41,1.462651921041856,759.0523425860649,21.20266353490528,0.47778568509487784,0.5692391527468378,0,-9.822065957866263
bond_length_control,272,2,0,71,1.4586504185074207,896.5548293633465,-6.879867942661652,0.46486792155214735,0.5692391527468378,0,-9.075197338876492
bond_length_control,272,3,1,36,1.3644063362164927,316.3837198043096,9.001411285323197,0.4321682439903396,0.5692391527468378,0,-0.6222916733978092
bond_length_control,272,4,1,37,1.3618611546599386,525.1065000249624,42.877474558175074,0.44577594155312306,0.5692391527468378,0,-0.6259965657188342
bond_length_control,272,5,1,66,1.3603401314695862,504.0591499505851,17.802768906452002,0.4182763725843508,0.5692391527468378,0,-0.6337669050494252
bond_length_control,272,6,2,37,1.493951967153799,518.6805779648589,-20.23199321282207,0.5765884299565431,0.5692391527468378,1,-16.820033608031274
bond_length_control,272,7,2,38,1.5491541956850376,-318.63662123657167,-10.05889374944347,0.5615744609800363,0.5692391527468378,0,-34.36070926045239
bond_length_control,272,8,2,67,1.38526827942146,830.9273839552833,23.240943656780168,0.5142263627506122,0.5692391527468378,0,-1.0359189636833808
bond_length_control,272,9,3,38,1.4032111019427984,1064.6905722857523,36.47829542813005,0.5162822437677175,0.5692391527468378,0,-2.0373662253559583
bond_length_control,272,10,3,39,1.402975172531453,861.8275798339087,9.981083927936272,0.4856318164946229,0.5692391527468378,0,-2.020252936846445
bond_length_control,272,11,3,68,1.4423791672354365,914.7124991585058,13.868720359105673,0.5044531833639674,0.5692391527468378,0,-6.375418727642341
bond_length_control,272,12,4,39,1.4408944264448333,831.9858318386695,-2.2663165133279124,0.5007869307095331,0.5692391527468378,0,-6.155751950177853
bond_length_control,272,13,4,40,1.4187015004453882,899.1079513667249,-21.132552671493787,0.5213902183444703,0.5692391527468378,0,-3.3946619516982324
bond_length_control,272,14,4,69,1.384312587588118,863.1157519510515,-30.040422914329167,0.5309555423116485,0.5692391527468378,0,-0.9994863353318433
bond_length_control,272,15,5,40,1.49026927874541,668.7319212302292,-10.19213335693639,0.507304079570702,0.5692391527468378,0,-15.888772320969986
bond_length_control,272,16,5,41,1.372974195950072,577.2077589362534,-15.271329129587036,0.47077424945896124,0.5692391527468378,0,-0.695881556955948
bond_length_control,272,17,5,70,1.3872883397074307,1007.5230198630998,-17.1257066009297,0.5433924031684766,0.5692391527468378,0,-1.118512151242486
bond_length_control,272,18,6,41,1.3477299219224605,263.7232140844418,11.822516727754238,0.4458183483573632,0.5692391527468378,0,-0.8569897539262517
bond_length_control,272,19,6,42,1.389902901005301,992.546326815114,39.69057856251161,0.5023619755599761,0.5692391527468378,0,-1.2367006099100362
bond_length_control,272,20,6,47,1.551763549968447,-350.77091216632186,-97.22195908381107,0.4239947144985675,0.5692391527468378,0,-35.36048710532303
bond_length_control,272,21,7,36,1.433784347960974,963.630338750189,-18.679710630666353,0.5311241924648444,0.5692391527468378,0,-5.164983100029505
bond_length_control,272,22,7,42,1.4503332379724438,1115.2680694597939,30.965840961630963,0.5396845785038358,0.5692391527468378,0,-7.627931264399093
bond_length_control,272,23,7,43,1.4239893224496025,995.4341731521419,-22.03888867016222,0.49036526423848514,0.5692391527468378,0,-3.96442352490542
bond_length_control,272,24,8,37,1.457107097895644,789.1288950510882,-30.170259813157323,0.535931523646673,0.5692391527468378,0,-8.795946966698661
bond_length_control,272,25,8,43,1.338532222971929,148.0006897196916,-27.698838431748452,0.48156489785753026,0.5692391527468378,0,-1.1965383586832363
bond_length_control,272,26,8,44,1.403193470375803,954.7779108556326,32.091693957773565,0.5021252789679762,0.5692391527468378,0,-2.0360836429514926
bond_length_control,272,27,9,38,1.4788021131006228,873.3510527098867,-6.1803623110344015,0.5402120904386793,0.5692391527468378,0,-13.174621726873584
bond_length_control,272,28,9,44,1.4186879561815673,1016.537249018189,19.767709233116044,0.5214198147364895,0.5692391527468378,0,-3.3932726159349484
bond_length_control,272,29,9,45,1.3756702140951726,906.186531967943,29.6302544645531,0.5419070523042693,0.5692391527468378,0,-0.7466688633429985
bond_length_control,272,30,10,39,1.346076787489453,393.7925402780634,15.45313954673097,0.5120989946647767,0.5692391527468378,0,-0.9071052619285087
bond_length_control,272,31,10,45,1.4390088006094772,1033.179797491034,-1.9768307727418242,0.5444443838034612,0.5692391527468378,0,-5.883150442803925
bond_length_control,272,32,10,46,1.4414331395645763,916.9830727868548,-11.541708545235496,0.5243156248613602,0.5692391527468378,0,-6.234942461584912
bond_length_control,272,33,11,40,1.3856876293032672,724.9571923787777,-37.27677179018291,0.4960199102232911,0.5692391527468378,0,-1.05244064054658
bond_length_control,272,34,11,46,1.4371140951821166,1071.928327634883,2.12178956496973,0.48763325278493735,0.5692391527468378,0,-5.616405168881464
bond_length_control,272,35,11,47,1.385972130537111,1088.171929530239,21.026411691830273,0.43766644625275464,0.5692391527468378,0,-1.0638355622016054
bond_length_control,272,36,12,47,1.3243803896935384,-11.580256807252166,-38.54079303097099,0.44332125827216756,0.5692391527468378,0,-2.0050359950361543
bond_length_control,272,37,12,48,1.4148592788738539,1081.4203957521966,18.56580919613096,0.4965261947617057,0.5692391527468378,0,-3.0148288705239983
bond_length_control,272,38,12,53,1.534564704014107,-67.08279813610257,-59.12287554191172,0.5387932548814255,0.5692391527468378,0,-29.059491072958423
bond_length_control,272,39,13,42,1.4850817981726074,714.2657508591417,-37.57409366434369,0.5257451307426609,0.5692391527468378,0,-14.626284176823054
bond_length_control,272,40,13,48,1.477774043800502,828.8481637750284,25.304049450368503,0.5005828061707905,0.5692391527468378,0,-12.944916693837003
bond_length_control,272,41,13,49,1.4849809858129632,720.8525383476655,-22.036783366238478,0.525014804278047,0.5692391527468378,0,-14.602318189084281
bond_length_control,272,42,14,43,1.4054046136215852,891.60257676695,-8.481237625299155,0.449967063159559,0.5692391527468378,0,-2.201554380618532
bond_length_control,272,43,14,49,1.387308218671589,983.2860486221878,-2.998154775399429,0.49855605096029565,0.5692391527468378,0,-1.1193626626257451
bond_length_control,272,44,14,50,1.3800698352592329,774.0302553550191,17.090012034392643,0.47406912195317963,0.5692391527468378,0,-0.8581670902959448
bond_length_control,272,45,15,44,1.4509657780127374,945.4888590274957,18.54880524528107,0.5057837402238066,0.5692391527468378,0,-7.73303844501938
bond_length_control,272,46,15,50,1.4103893409056214,947.932711517409,4.4512745470939,0.5093254179069813,0.5692391527468378,0,-2.6089005638351868
bond_length_control,272,47,15,51,1.415163566132608,842.5328686644522,-12.372355630195162,0.513726480013842,0.5692391527468378,0,-3.0438657839123104
bond_length_control,272,48,16,45,1.4553410877107664,895.2412931211046,-8.700696584504245,0.5599145382686352,0.5692391527468378,0,-8.482397123578375
bond_length_control,272,49,16,51,1.478147050396681,666.2354371548261,-27.6940703605014,0.547370040490891,0.5692391527468378,0,-13.028001007408028
bond_length_control,272,50,16,52,1.338875705760634,269.43052889976906,1.4954336599347917,0.510986742708411,0.5692391527468378,0,-1.1812064822325699
bond_length_control,272,51,17,46,1.4779844641800706,825.5540478878204,0.33863998696122277,0.5361710294640993,0.5692391527468378,0,-12.991750108315992
bond_length_control,272,52,17,52,1.4284121325737922,808.1338690171788,14.274351474159497,0.5073719928459761,0.5692391527468378,0,-4.483071598170294
bond_length_control,272,53,17,53,1.5076829518003587,457.89343290885273,-0.4402783566593744,0.5816762195411747,0.5692391527468378,1,-20.550982586991893
bond_length_control,272,54,18,53,1.3915936892307803,690.1440228943022,-36.25906107394944,0.5107846900505133,0.5692391527468378,0,-1.319932461754906
bond_length_control,272,55,18,54,1.394643313107746,737.0561182386606,-4.018446983340467,0.439497733051745,0.5692391527468378,0,-1.4836097234807752
bond_length_control,272,56,18,59,1.3586227970904872,462.3374060724527,13.51018907614909,0.43266254216799804,0.5692391527468378,0,-0.6475223476179064
bond_length_control,272,57,19,48,1.3976960556860405,1080.966346465887,39.77075250896082,0.5163409225418526,0.5692391527468378,0,-1.6649852716243583
bond_length_control,272,58,19,54,1.4239075116319166,1157.300105326585,26.247108615389333,0.48732102566280405,0.5692391527468378,0,-3.955191884875915
bond_length_control,272,59,19,55,1.4400350590993476,1027.232845298044,-4.834476165836079,0.5264821895478349,0.5692391527468378,0,-6.0306308959863095
bond_length_control,272,60,20,49,1.4482786101286846,1052.1114672557367,30.653557334524898,0.5381044191530586,0.5692391527468378,0,-7.2921283914891255
bond_length_control,272,61,20,55,1.442694036782343,914.118779416273,-1.0915678974863248,0.5238136880517843,0.5692391527468378,0,-6.4225729946381875
bond_length_control,272,62,20,56,1.4642188229377462,992.1891356100907,20.190854939605824,0.5415660952306667,0.5692391527468378,0,-10.123530655831209
bond_length_control,272,63,21,50,1.4696635184766897,683.129929349603,21.406268985440676,0.5176684188121566,0.5692391527468378,0,-11.21066918887317
bond_length_control,272,64,21,56,1.4854727850361757,617.1279597625501,4.39974076342806,0.5456170238968807,0.5692391527468378,0,-14.719437730430114
bond_length_control,272,65,21,57,1.4539879598120944,1014.5080163180716,2.1015531566518946,0.48636290363104506,0.5692391527468378,0,-8.246473115700425
bond_length_control,272,66,22,51,1.3729434134323442,646.2280807099254,-16.8947287500949,0.46674807000396284,0.5692391527468378,0,-0.6953783656917008
bond_length_control,272,67,22,57,1.5679932541893589,-778.7612119765264,-70.1841132491858,0.43104149271599046,0.5692391527468378,0,-41.93577047529309
bond_length_control,272,68,22,58,1.38302118373268,730.5825040829587,-12.56217544083009,0.46609727799244166,0.5692391527468378,0,-0.9529464852422027
bond_length_control,272,69,23,52,1.391189939517858,836.9499846549478,-24.720186037869542,0.4889426100764519,0.5692391527468378,0,-1.299570788166811
bond_length_control,272,70,23,58,1.4192921902412998,990.7824704625614,-32.361788991291675,0.5246751158474107,0.5692391527468378,0,-3.4556008651782415
bond_length_control,272,71,23,59,1.4597590797694635,921.7977681407012,-34.799507036738646,0.485124688889135,0.5692391527468378,0,-9.278821476303628
bond_length_control,272,72,24,59,1.365370790663242,544.0061538352303,-45.18183549288796,0.43313012897032,0.5692391527468378,0,-0.623936054103476
bond_length_control,272,73,24,60,1.4179637344998497,884.8118800683078,1.0638899892905074,0.45280824171376033,0.5692391527468378,0,-3.3195036693513793
bond_length_control,272,74,24,65,1.36922978134322,556.1443391159602,-23.79742392611486,0.4959174887930102,0.5692391527468378,0,-0.6473378860898595
bond_length_control,272,75,25,54,1.3952894014603732,898.9145004397475,2.7961842031500246,0.46994363150840535,0.5692391527468378,0,-1.5205305893550527
bond_length_control,272,76,25,60,1.4210088577294262,891.3570388532725,-1.7814558793076833,0.4827865533680987,0.5692391527468378,0,-3.6365623480623652
bond_length_control,272,77,25,61,1.411259329516806,864.8458634128027,17.923065227686813,0.4982483505241933,0.5692391527468378,0,-2.684886118855351
bond_length_control,272,78,26,55,1.3453568607620479,358.2080391766697,-31.604307497567362,0.5562177029788054,0.5692391527468378,0,-0.930429982275621
bond_length_control,272,79,26,61,1.4699745602948722,1196.4439455656786,-12.7085913001371,0.5453612581095624,0.5692391527468378,0,-11.274638019069288
bond_length_control,272,80,26,62,1.4579003484252144,966.7377771876678,1.7873069660445817,0.536136469218607,0.5692391527468378,0,-8.938867753780958
bond_length_control,272,81,27,56,1.3337586425438286,182.99816918658223,-23.379690458313604,0.5347350398006873,0.5692391527468378,0,-1.430765673770546
bond_length_control,272,82,27,62,1.4035874269051787,907.5516552241427,8.456021291973245,0.4969013988616067,0.5692391527468378,0,-2.0648826648808623
bond_length_control,272,83,27,63,1.4762188857051446,785.5028282406038,-5.217901544488238,0.5120036489186819,0.5692391527468378,0,-12.601677765615444
bond_length_control,272,84,28,57,1.4357755617954269,820.7181263633116,8.744454533811732,0.48339140329273905,0.5692391527468378,0,-5.432281808883964
bond_length_control,272,85,28,63,1.3499044339325905,479.9341155354061,11.82753549983475,0.5199141326765694,0.5692391527468378,0,-0.7983916577970849
bond_length_control,272,86,28,64,1.421627486482463,1091.5681932318066,11.106660552764199,0.5225778998370533,0.5692391527468378,0,-3.70318460624555
bond_length_control,272,87,29,58,1.5045118114186533,382.3627784580263,-34.45627989074994,0.5479151435053027,0.5692391527468378,0,-19.65286904096876
bond_length_control,272,88,29,64,1.3839240027024111,1009.8514511380827,-12.742222817043139,0.5520458547731657,0.5692391527468378,0,-0.9851573608166451
bond_length_control,272,89,29,65,1.4539765386392123,942.6788709668175,-36.32526627486983,0.5711520763697173,0.5692391527468378,1,-8.244497710905073
bond_length_control,272,90,30,65,1.5042504418341427,396.97527995575786,0.5820176875578551,0.5449627014638325,0.5692391527468378,0,-19.579826501209567
bond_length_control,272,91,30,66,1.4138807909858728,1327.6680152854713,-17.920026060490112,0.5207404965308282,0.5692391527468378,0,-2.9226704595947632
bond_length_control,272,92,30,71,1.355870100229959,332.5390738359747,-18.0275647343843,0.473731363230465,0.5692391527468378,0,-0.6805621938791422
bond_length_control,272,93,31,60,1.4000056889859762,1064.846515073289,-2.3721657623417496,0.5090392067277819,0.5692391527468378,0,-1.8139110597254628
bond_length_control,272,94,31,66,1.4742061863240825,849.8412194347964,17.668272293216067,0.5279262488740275,0.5692391527468378,0,-12.165010259223864
bond_length_control,272,95,31,67,1.4263174698451468,815.7349638010438,5.6497796340748,0.4930637506368687,0.5692391527468378,0,-4.232641392039168
bond_length_control,272,96,32,61,1.3884939277158599,966.1568811483628,12.449748836918454,0.4878923339537412,0.5692391527468378,0,-1.1714246655970957
bond_length_control,272,97,32,67,1.3642134435966382,639.9137516377323,-8.512491202512615,0.4564550807067334,0.5692391527468378,0,-0.6221640666096011
bond_length_control,272,98,32,68,1.4262752838465955,998.2877017083889,-4.994658120727393,0.49197411853240747,0.5692391527468378,0,-4.227686538136476
bond_length_control,272,99,33,62,1.3957307147678037,778.1059694247999,-22.019187937308104,0.48642365484484784,0.5692391527468378,0,-1.5462015052579137
bond_length_control,272,100,33,68,1.355483403622705,499.5696656741202,-16.515067909155615,0.49973022831446945,0.5692391527468378,0,-0.6862854798974443
bond_length_control,272,101,33,69,1.4331020702380592,887.6174947679202,-46.16078932467854,0.5110774730472405,0.5692391527468378,0,-5.075208504087492
bond_length_control,272,102,34,63,1.4199233841777372,990.6970781753301,-5.283614830538884,0.5577813108399305,0.5692391527468378,0,-3.5214696870654225
bond_length_control,272,103,34,69,1.4929114954212035,694.4903875035587,-5.4996047707979985,0.5673328789852479,0.5692391527468378,0,-16.55396841019695
bond_length_control,272,104,34,70,1.487815870981913,562.9607113908348,-22.650094659269335,0.5938558786158441,0.5692391527468378,1,-15.284514056024813
bond_length_control,272,105,35,64,1.4795904948901761,684.4639930814047,-13.652317150585766,0.5679305449979913,0.5692391527468378,0,-13.352284592301443
bond_length_control,272,106,35,70,1.4772933388401066,674.4475373163394,-12.312195347027892,0.6013413456134211,0.5692391527468378,1,-12.838276144416314
bond_length_control,272,107,35,71,1.3555789982095914,378.6202107837196,12.267398446125698,0.5158054283611753,0.5692391527468378,0,-0.6848458737478911
bond_length_control,216,0,0,36,1.577275804620516,-839.8423938022403,-95.49511255015572,0.4392496377740216,0.5655274344473386,0,-68.36913055888411
bond_length_control,216,1,0,41,1.2890980976895718,-1096.3794444328107,-136.34946874243693,0.42511005413723774,0.5655274344473386,0,11.577379900140462
bond_length_control,216,2,0,71,1.4647945168876988,740.9760158163201,55.67882861297366,0.4795837640086855,0.5655274344473386,0,-9.27002786184696
bond_length_control,216,3,1,36,1.4160139612200675,1263.4890779031468,45.109681672948085,0.4939942911843465,0.5655274344473386,0,4.623683979332052
bond_length_control,216,4,1,37,1.4728761922176914,992.734821739353,50.150553227660296,0.5454676421901528,0.5655274344473386,0,-12.226177213070224
bond_length_control,216,5,1,66,1.3605362235755984,365.1962797113102,5.6003437638131315,0.5524225200734385,0.5655274344473386,0,12.59908634240188
bond_length_control,216,6,2,37,1.4592216142594043,1631.0129989876573,156.8481833293106,0.5342391024585208,0.5655274344473386,0,-7.342002746545953
bond_length_control,216,7,2,38,1.507203274900311,1754.587585526474,111.81643687426428,0.5414621709082529,0.5655274344473386,0,-26.94093262679013
bond_length_control,216,8,2,67,1.2975200124296349,-1130.4331838700623,82.62447394268187,0.4914246097873093,0.5655274344473386,0,12.32130784079384
bond_length_control,216,9,3,38,1.4079689039625443,1161.1273819414641,31.52289658331092,0.5248797396202377,0.5655274344473386,0,6.28299911293721
bond_length_control,216,10,3,39,1.3642450617389035,523.9135032422387,-27.021535707336813,0.5110686874865038,0.5655274344473386,0,12.313721590316794
bond_length_control,216,11,3,68,1.414905891413333,893.6114138989215,31.103784942510615,0.4986088566375367,0.5655274344473386,0,4.862612674727795
bond_length_control,216,12,4,39,1.4933992160044904,438.5079680769797,6.573302084482924,0.5352497977961148,0.5655274344473386,0,-20.5983040374649
bond_length_control,216,13,4,40,1.45271493499573,787.6532256382889,24.818554823104535,0.5037358471737318,0.5655274344473386,0,-5.203990650108169
bond_length_control,216,14,4,69,1.4438505873422611,754.9781969105969,-36.36362768910469,0.524797987231755,0.5655274344473386,0,-2.4854560243282595
bond_length_control,216,15,5,40,1.3921728906281472,761.4590541770671,52.37222060044414,0.4848027547454916,0.5655274344473386,0,9.037443605427734
bond_length_control,216,16,5,41,1.5296114121029891,-100.87201677154378,-32.59245050900291,0.4572917544092864,0.5655274344473386,0,-38.48555211336247
bond_length_control,216,17,5,70,1.3825808275558156,918.2937930362431,88.83138758496584,0.5187176423556432,0.5655274344473386,0,10.389505204504365
bond_length_control,216,18,6,41,1.423132327420138,767.6298325397364,35.08020181732426,0.4821112522261872,0.5655274344473386,0,3.0090986272361473
bond_length_control,216,19,6,42,1.4596861848220046,931.2181185528353,21.748875219628236,0.5223880125917775,0.5655274344473386,0,-7.499303005553214
bond_length_control,216,20,6,47,1.3632141461133056,821.3352464746823,77.8237160777768,0.5378119773197567,0.5655274344473386,0,12.396516397569718
bond_length_control,216,21,7,36,1.4422759271323056,906.7576989670569,10.398004185925148,0.49266596667636225,0.5655274344473386,0,-2.025784147865915
bond_length_control,216,22,7,42,1.4327698726872296,716.9924439340582,15.686944662696815,0.5188031434051685,0.5655274344473386,0,0.6015704266482698
bond_length_control,216,23,7,43,1.4034817949738767,1027.3102435695682,12.38773912371829,0.5192927661228326,0.5655274344473386,0,7.132895688576699
bond_length_control,216,24,8,37,1.4099219172370374,968.2841053646299,-1.0223673149782933,0.5168660669368976,0.5655274344473386,0,5.896224170500748
bond_length_control,216,25,8,43,1.4131269758793508,785.6722123345352,26.36093991417639,0.4920195153775617,0.5655274344473386,0,5.239237244333598
bond_length_control,216,26,8,44,1.4175956529199045,868.7897414145358,39.490621156883215,0.4913829295205704,0.5655274344473386,0,4.276855951245885
bond_length_control,216,27,9,38,1.475048152561588,537.2474133741819,38.781388328557476,0.5545138398825078,0.5655274344473386,0,-13.0532000174168
bond_length_control,216,28,9,44,1.4165655470942453,845.9416391621771,35.857651805721765,0.5218076340164486,0.5655274344473386,0,4.503505838609984
bond_length_control,216,29,9,45,1.38111574462722,595.264142353272,54.71807067996275,0.5366186747440056,0.5655274344473386,0,10.574961304748774
bond_length_control,216,30,10,39,1.4355025600125257,906.9356172048332,-2.9778110654302967,0.535258786232468,0.5655274344473386,0,-0.12786547725608877
bond_length_control,216,31,10,45,1.4458382570973571,910.4894048304733,6.5126857653182855,0.5311746732276996,0.5655274344473386,0,-3.0756760016971096
bond_length_control,216,32,10,46,1.4620664185905463,884.3808319071063,22.85295506802188,0.5321351139564526,0.5655274344473386,0,-8.31499231920194
bond_length_control,216,33,11,40,1.364940565329184,392.82085977732794,42.48573797528859,0.5123446979487378,0.5655274344473386,0,12.256350078762024
bond_length_control,216,34,11,46,1.5165839400327854,245.734543541894,55.481859156216814,0.5407349762951055,0.5655274344473386,0,-31.583902366622993
bond_length_control,216,35,11,47,1.4296695245009674,976.0301968763195,44.51912687219892,0.540534422706102,0.5655274344473386,0,1.4040391641585663
bond_length_control,216,36,12,47,1.4904949728267243,534.9626817387867,11.118765424097507,0.5603071506096726,0.5655274344473386,0,-19.337288919632933
bond_length_control,216,37,12,48,1.4910748505732245,770.8199136520817,1.4477188046294263,0.5451711491314988,0.5655274344473386,0,-19.587045501693375
bond_length_control,216,38,12,53,1.322006901781384,-312.4279502795658,-65.39208209081335,0.5268825261867969,0.5655274344473386,0,13.555825945834668
bond_length_control,216,39,13,42,1.325010579016772,-203.96961062152107,45.217983163642856,0.5137822439593425,0.5655274344473386,0,13.610389761908527
bond_length_control,216,40,13,48,1.4368748353535499,652.6607938216999,6.690833829013653,0.5140702072091479,0.5655274344473386,0,-0.5020130030795134
bond_length_control,216,41,13,49,1.4510873865609957,881.3150819531253,-11.448815425260717,0.48850061627023,0.5655274344473386,0,-4.688127060952528
bond_length_control,216,42,14,43,1.5047239444935023,281.6765945474132,-22.936779649983148,0.48185474902503334,0.5655274344473386,0,-25.758998594723153
bond_length_control,216,43,14,49,1.3408025662448015,146.12416508818825,30.343443946517475,0.45608349861825687,0.5655274344473386,0,13.541497649522134
bond_length_control,216,44,14,50,1.3676291269066039,560.4063338569736,40.19010074807715,0.481177585357359,0.5655274344473386,0,12.023074383714201
bond_length_control,216,45,15,44,1.4846075687210625,756.6891692978795,42.60432808488104,0.5204930860715492,0.5655274344473386,0,-16.85853304138673
bond_length_control,216,46,15,50,1.443658578140514,864.629480152257,51.754655994143754,0.5204525082608662,0.5655274344473386,0,-2.4290311216683182
bond_length_control,216,47,15,51,1.4597757206165831,798.4426675106997,44.63906568959094,0.5193824735778817,0.5655274344473386,0,-7.529690614607924
bond_length_control,216,48,16,45,1.4401800280397026,894.1940536865804,38.82099163640472,0.533559605351013,0.5655274344473386,0,-1.424772012129372
bond_length_control,216,49,16,51,1.3515439945251781,414.5248558679591,70.96242458082246,0.5176379521297885,0.5655274344473386,0,13.148037690991876
bond_length_control,216,50,16,52,1.432982620080033,888.302190576909,43.6723397404255,0.5369245186602987,0.5655274344473386,0,0.5455272019542772
bond_length_control,216,51,17,46,1.3268529852264972,-314.01397328952004,-17.564479602760848,0.4890812000635012,0.5655274344473386,0,13.633230447711389
bond_length_control,216,52,17,52,1.3823836321445238,597.7835883954739,51.47256219989711,0.49148567264403387,0.5655274344473386,0,10.41479047541589
bond_length_control,216,53,17,53,1.433471233834455,858.6816684704413,5.051127110219076,0.455456022051622,0.5655274344473386,0,0.4163375217250227
bond_length_control,216,54,18,53,1.422064918538509,737.4944391095551,-8.96368911678086,0.48282343966862773,0.5655274344473386,0,3.260025406611508
bond_length_control,216,55,18,54,1.4122537806525826,865.9325281209959,23.36404692536475,0.5147533002808843,0.5655274344473386,0,5.42097534074952
bond_length_control,216,56,18,59,1.42534524428055,747.5765494364807,-0.24768805157584714,0.5063872870223645,0.5655274344473386,0,2.4789330376578764
bond_length_control,216,57,19,48,1.435249628239922,985.3492203558236,-1.3047071547223101,0.5201099485631377,0.5655274344473386,0,-0.059477453971100935
bond_length_control,216,58,19,54,1.4452460901971826,700.4730483541694,0.9577639638147228,0.5337511862306925,0.5655274344473386,0,-2.898670906525192
bond_length_control,216,59,19,55,1.4081554127934812,801.4502697006095,-14.895864064510716,0.49371723455722966,0.5655274344473386,0,6.246505425767795
bond_length_control,216,60,20,49,1.3839126511078235,754.4816704001782,20.444437455420566,0.45822100706917834,0.5655274344473386,0,10.216094689594884
bond_length_control,216,61,20,55,1.328730166662616,-101.22588260790432,45.85540558399359,0.45739788400218806,0.5655274344473386,0,13.648163223084252
bond_length_control,216,62,20,56,1.4528399698333176,832.4357997994272,30.297053659488522,0.5046214099184589,0.5655274344473386,0,-5.243933781440981
bond_length_control,216,63,21,50,1.4166709885033284,875.5235680171285,27.06151421841002,0.5014655953882384,0.5655274344473386,0,4.480438472801572
bond_length_control,216,64,21,56,1.3690798072427395,606.0841500117492,45.30386306277731,0.5227719114984168,0.5655274344473386,0,11.88959825167962
bond_length_control,216,65,21,57,1.4201091098930139,852.2187981687028,34.46126347053803,0.5096949601277555,0.5655274344473386,0,3.711710193772113
bond_length_control,216,66,22,51,1.411291375937245,896.6099916839185,23.557469263038797,0.5142973658697098,0.5655274344473386,0,5.618896029126779
bond_length_control,216,67,22,57,1.3951530858360013,1003.9372096408698,55.05403808749258,0.5235967652922113,0.5655274344473386,0,8.568341918353829
bond_length_control,216,68,22,58,1.4666477416369281,676.4756247113678,25.62140230470318,0.5359846534729806,0.5655274344473386,0,-9.931098364799082
bond_length_control,216,69,23,52,1.4802382019941545,537.0091418321821,18.119996635996,0.5731345310623229,0.5655274344473386,1,-15.085663214370223
bond_length_control,216,70,23,58,1.363137200322377,512.1729183768825,32.541717185465366,0.5755352521350836,0.5655274344473386,1,12.402588648310362
bond_length_control,216,71,23,59,1.4783319680413913,562.4602105543887,7.319853205696912,0.5606687278236478,0.5655274344473386,0,-14.32993233039703
bond_length_control,216,72,24,59,1.4354676406810745,887.2557287997461,36.840747683321425,0.5381090638030217,0.5655274344473386,0,-0.11841333389700193
bond_length_control,216,73,24,60,1.3637752439792865,339.00609133673834,75.11062658504,0.5441901628084883,0.5655274344473386,0,12.35178582126118
bond_length_control,216,74,24,65,1.476967920978945,682.721998091309,46.687410780135245,0.5563890437116383,0.5655274344473386,0,-13.795739360776336
bond_length_control,216,75,25,54,1.4576118459241731,857.7595820021251,43.9093222563906,0.5577973274010941,0.5655274344473386,0,-6.801749855453844
bond_length_control,216,76,25,60,1.468517326280184,854.6308112724078,44.78416365506563,0.555512413148041,0.5655274344473386,0,-10.60812118945047
bond_length_control,216,77,25,61,1.366136215578689,749.2086141865067,74.18273605530939,0.5018634942976541,0.5655274344473386,0,12.154866253910098
bond_length_control,216,78,26,55,1.5444050623650332,-38.909810163823444,17.30577260212803,0.49757326533650875,0.5655274344473386,0,-46.97276939787084
bond_length_control,216,79,26,61,1.3666804110947868,533.0538017272062,95.99150158054995,0.48167338390653147,0.5655274344473386,0,12.107479152329054
bond_length_control,216,80,26,62,1.4482346183939956,915.4557651915233,29.867571395663084,0.5261999876075901,0.5655274344473386,0,-3.8021050149112217
bond_length_control,216,81,27,56,1.5262976824047014,158.31655457152482,32.039736214959426,0.5299511174025007,0.5655274344473386,0,-36.679579791538934
bond_length_control,216,82,27,62,1.4101758611419706,802.0710327748624,-6.764805753423232,0.5113543137573112,0.5655274344473386,0,5.845179605174682
bond_length_control,216,83,27,63,1.3941862150148667,931.8761814547815,11.043342175493798,0.5189689200584602,0.5655274344473386,0,8.72309449513922
bond_length_control,216,84,28,57,1.497608512234469,592.9036988437955,19.087814935165277,0.544515445234642,0.5655274344473386,0,-22.471081937679052
bond_length_control,216,85,28,63,1.5050343493788296,382.5699443467173,18.684430455778156,0.5466101992612629,0.5655274344473386,0,-25.905943228111404
bond_length_control,216,86,28,64,1.3079501719758195,-649.5377946959346,-81.86799047249379,0.5036212121630601,0.5655274344473386,0,13.017682191345918
bond_length_control,216,87,29,58,1.4413644171515663,846.7334343843386,58.935996600091684,0.5241127496200899,0.5655274344473386,0,-1.7628864681193832
bond_length_control,216,88,29,64,1.4081907252735553,892.8340566046674,22.72053046318238,0.4708306283677386,0.5655274344473386,0,6.239585413788264
bond_length_control,216,89,29,65,1.4033728902466456,931.046107140993,43.301908984507925,0.5275262052172708,0.5655274344473386,0,7.1528543579132275
bond_length_control,216,90,30,65,1.4511988250990195,882.6644211269025,10.151652838132659,0.5448483762000405,0.5655274344473386,0,-4.723207643916558
bond_length_control,216,91,30,66,1.4633674182113836,996.4132546142844,28.175070719948653,0.5532962607928691,0.5655274344473386,0,-8.767751112754896
bond_length_control,216,92,30,71,1.4335658716690638,843.4543475843295,5.221989259690553,0.535202158138441,0.5655274344473386,0,0.39123853478970716
bond_length_control,216,93,31,60,1.4253124355550992,1412.4546475813077,78.34500465120233,0.5301084903667179,0.5655274344473386,0,2.4868914890901492
bond_length_control,216,94,31,66,1.5013226905776724,534.7915503396295,52.00911888938785,0.5507552558626965,0.5655274344473386,0,-24.1681219563605
bond_length_control,216,95,31,67,1.4352041617944669,1058.3576921634144,74.80729835009174,0.5009858853081992,0.5655274344473386,0,-0.04720308118358929
bond_length_control,216,96,32,61,1.4262160130017016,728.5898593646915,72.69115625600018,0.49332313129967786,0.5655274344473386,0,2.266627762100195
bond_length_control,216,97,32,67,1.467449990091574,921.7118382868221,78.11145723311327,0.5178494450915462,0.5655274344473386,0,-10.220366309493228
bond_length_control,216,98,32,68,1.47085133967112,995.1990079557532,11.70896845925038,0.5416161232297887,0.5655274344473386,0,-11.467624214724788
bond_length_control,216,99,33,62,1.4288366384297155,934.2045788861141,-15.196432337546902,0.5185386922044657,0.5655274344473386,0,1.6150823542775665
bond_length_control,216,100,33,68,1.3685468599273598,639.5763276555117,18.680100608505715,0.5223050804335181,0.5655274344473386,0,11.939255016608326
bond_length_control,216,101,33,69,1.432587791101703,775.937580519536,-26.011793780852553,0.5243131007181254,0.5655274344473386,0,0.6494356508064696
bond_length_control,216,102,34,63,1.4251606112228064,947.6448034047538,32.03751709055366,0.5256499018679595,0.5655274344473386,0,2.5236811717660803
bond_length_control,216,103,34,69,1.391789022690215,772.1216503851929,23.790578820859146,0.5238097040804701,0.5655274344473386,0,9.096169876625124
bond_length_control,216,104,34,70,1.4382589714816956,867.2580173964777,2.2497112362470686,0.5366624516325984,0.5655274344473386,0,-0.8847217578610724
bond_length_control,216,105,35,64,1.4410293412512245,919.4087221039296,1.907596590290217,0.5016179341593516,0.5655274344473386,0,-1.6668308647330878
bond_length_control,216,106,35,70,1.486906636709671,561.5231764134552,-14.374168989620975,0.5556194710221933,0.5655274344473386,0,-17.814178867149003
bond_length_control,216,107,35,71,1.3555066919424585,671.2309549833375,62.0343935736664,0.5486672929472844,0.5655274344473386,0,12.930962391792951
bond_length_control,99,0,0,36,1.3952778937924082,1270.9118841491058,28.8922942652643,0.5165376959412796,0.566918258470516,0,6.893433138213547
bond_length_control,99,1,0,41,1.4310879081560666,1408.2836250678229,54.85510914346486,0.5284553760098722,0.566918258470516,0,1.1628835816500223
bond_length_control,99,2,0,71,1.4676574620062197,1039.800042842248,22.044958839407826,0.5278332143165059,0.566918258470516,0,-8.284011926221067
bond_length_control,99,3,1,36,1.4641297904183548,1055.7372191373734,2.4826812497880866,0.5370786666616706,0.566918258470516,0,-7.2093853000153825
bond_length_control,99,4,1,37,1.4871363416473544,777.5190368847311,-32.59213708748422,0.5820119664613181,0.566918258470516,1,-14.861761832799514
bond_length_control,99,5,1,66,1.3609596931199148,699.9097918928019,-61.92702682481309,0.4773049618887489,0.566918258470516,0,9.275058175850946
bond_length_control,99,6,2,37,1.4146969108198413,1122.360857778542,3.9602624224834573,0.5526440892599153,0.566918258470516,0,4.207678397849521
bond_length_control,99,7,2,38,1.4285716894116385,1672.3289014513068,102.48698961653368,0.5201362332711058,0.566918258470516,0,1.6772801063998468
bond_length_control,99,8,2,67,1.4634277341083601,895.3349654356413,-32.100745952611085,0.536127686267329,0.566918258470516,0,-6.999741422172255
bond_length_control,99,9,3,38,1.4409808026597435,1359.360890282423,73.72819876339878,0.5381506622047402,0.566918258470516,0,-1.0267617711520458
bond_length_control,99,10,3,39,1.4854526873123652,798.8578243253796,14.21549579174891,0.542899973598953,0.566918258470516,0,-14.249753812601524
bond_length_control,99,11,3,68,1.3719424198585595,897.4137116652482,-18.894050167121314,0.5361778634023935,0.566918258470516,0,8.834874544046402
bond_length_control,99,12,4,39,1.424306556894283,1223.5401778326814,66.20895025340889,0.5212714493888921,0.566918258470516,0,2.510114603060552
bond_length_control,99,13,4,40,1.4600560396758386,1266.499132717414,45.513442394218174,0.5241887577426896,0.566918258470516,0,-6.012368264988636
bond_length_control,99,14,4,69,1.4320139647036425,1136.9343178069266,79.06075321406402,0.5310625951733272,0.566918258470516,0,0.9692433938383509
bond_length_control,99,15,5,40,1.421409255525466,1067.4168993907654,23.953686796560454,0.5072128317809579,0.566918258470516,0,3.04793257378251
bond_length_control,99,16,5,41,1.4199146660146196,1179.8777147519645,33.308330341006766,0.4990384482907022,0.566918258470516,0,3.316570953989995
bond_length_control,99,17,5,70,1.3444407768812543,615.3148531393693,-104.02604912351525,0.5284523333742045,0.566918258470516,0,9.380181824534839
bond_length_control,99,18,6,41,1.4500041159604158,1239.7017165921134,44.254526690152005,0.5362599595259636,0.566918258470516,0,-3.2587259714160606
bond_length_control,99,19,6,42,1.4041579268143196,1023.2152375672647,-27.027654317655706,0.5466236014528749,0.566918258470516,0,5.787744034221076
bond_length_control,99,20,6,47,1.4641720040969162,1082.0748396766212,81.30437353013006,0.554567749391629,0.566918258470516,0,-7.22203549742966
bond_length_control,99,21,7,36,1.3504144157683418,736.4301862221262,-48.37578553850844,0.5013540679644239,0.566918258470516,0,9.418587880527811
bond_length_control,99,22,7,42,1.4612646778881322,902.6144283961906,-13.363954193338461,0.523635389959928,0.566918258470516,0,-6.362608492389709
bond_length_control,99,23,7,43,1.412120526414277,1188.5048296728776,24.960377468716974,0.5047058873157263,0.566918258470516,0,4.621002574218299
bond_length_control,99,24,8,37,1.4754766903237728,771.2323608670815,-45.14714961020344,0.5646703418449919,0.566918258470516,0,-10.792792594257177
bond_length_control,99,25,8,43,1.4314892480523784,1201.1768432034146,53.751578044684635,0.5230888613966466,0.566918258470516,0,1.07924869922486
bond_length_control,99,26,8,44,1.38105814429307,939.9888343102735,1.1158247804348016,0.5040711542698585,0.566918258470516,0,8.2409017743936
bond_length_control,99,27,9,38,1.5224653899941771,550.6882020560827,-6.953466095094618,0.5171529599744473,0.566918258470516,0,-29.64704706691763
bond_length_control,99,28,9,44,1.369840121017628,914.5835773339026,-4.04750109430807,0.4890616283881234,0.566918258470516,0,8.942304441758397
bond_length_control,99,29,9,45,1.4170163676458452,1228.4303304779814,44.59527317299482,0.5102288511905881,0.566918258470516,0,3.8205051725584713
bond_length_control,99,30,10,39,1.4336383690555357,1203.1968652970115,25.402266174556264,0.52325456083069,0.566918258470516,0,0.62394418430467
bond_length_control,99,31,10,45,1.4353534344742422,1131.9293851392588,23.859008242198566,0.5115811406526181,0.566918258470516,0,0.25157042667171403
bond_length_control,99,32,10,46,1.4006738712048694,1158.0544301449618,36.91943089209771,0.5160861743571645,0.566918258470516,0,6.245997981687758
bond_length_control,99,33,11,40,1.4413507468315678,1189.59248522702,52.60996591959294,0.5188367442839981,0.566918258470516,0,-1.1138453182465167
bond_length_control,99,34,11,46,1.3791743196122297,951.2260098995023,-7.72859210229443,0.508751049456675,0.566918258470516,0,8.380799290291622
bond_length_control,99,35,11,47,1.4117443059031591,1108.8095443886518,38.63473614427161,0.5289701506594077,0.566918258470516,0,4.6798885697158115
bond_length_control,99,36,12,47,1.4495254302786742,1455.8294820491965,98.81118442220486,0.47096548055289084,0.566918258470516,0,-3.134646922006983
bond_length_control,99,37,12,48,1.2704604035168754,-1802.2724179385511,-974.8658687060575,0.40321484779544603,0.566918258470516,0,2.0415704557689356
bond_length_control,99,38,12,53,1.55333753754407,-273.7161560566097,-243.70145752527318,0.440542958681465,0.566918258470516,0,-45.6951523806934
bond_length_control,99,39,13,42,1.4319337157112662,1391.8957339279661,65.41845164912488,0.5246690462266848,0.566918258470516,0,0.9861158279876516
bond_length_control,99,40,13,48,1.4359386454988354,1108.7197109517142,33.19875592243779,0.4648625614079941,0.566918258470516,0,0.12267260695763316
bond_length_control,99,41,13,49,1.4628433409085704,917.9445580635472,4.55363221755678,0.5092696332169313,0.566918258470516,0,-6.826299972324508
bond_length_control,99,42,14,43,1.4240894280828373,1142.1225216008188,17.40801109009704,0.5099970020738701,0.566918258470516,0,2.5512011271523143
bond_length_control,99,43,14,49,1.400252673546344,1064.6283779757134,25.193016343502503,0.5135270917083181,0.566918258470516,0,6.299254276886931
bond_length_control,99,44,14,50,1.4503281157367895,1170.0611192483236,58.75557610823684,0.5451640997621086,0.566918258470516,0,-3.3430715136064695
bond_length_control,99,45,15,44,1.4354314862908337,998.5660068337276,19.0093897433028,0.4922361720816435,0.566918258470516,0,0.23443290471714295
bond_length_control,99,46,15,50,1.4914856416419717,642.7506295959882,0.773148853143897,0.5464209768966701,0.566918258470516,0,-16.481196244956614
bond_length_control,99,47,15,51,1.3276406306564732,184.6743702367149,-193.7110301751688,0.5461126710947537,0.566918258470516,0,8.815534212340483
bond_length_control,99,48,16,45,1.4280763974700144,1492.4823680387221,42.40326284549386,0.5192352842080548,0.566918258470516,0,1.7765140953548189
bond_length_control,99,49,16,51,1.4799003374640132,886.2784983102609,12.033928951733941,0.5519445604187002,0.566918258470516,0,-12.2900719030303
bond_length_control,99,50,16,52,1.3498964485508096,476.55519576249816,-133.4502754686862,0.5183763212426147,0.566918258470516,0,9.418667433928812
bond_length_control,99,51,17,46,1.4868790981195366,738.1088199752293,-13.723642687465427,0.5577271393993932,0.566918258470516,0,-14.76771705154202
bond_length_control,99,52,17,52,1.4821012895703054,906.1191786386718,23.727010390572545,0.5523631427294067,0.566918258470516,0,-13.056155989205555
bond_length_control,99,53,17,53,1.380055403993674,1074.211108042229,51.71910293224041,0.5475237187306999,0.566918258470516,0,8.316484216747265
bond_length_control,99,54,18,53,1.419191841171508,1154.7067301996058,66.5637230228991,0.4944950820329369,0.566918258470516,0,3.4443486852580953
bond_length_control,99,55,18,54,1.4201794142353472,1095.5241458204966,56.6049165804181,0.49686852892728506,0.566918258470516,0,3.269420536323956
bond_length_control,99,56,18,59,1.4445125995750396,1260.2646472969955,60.831038039354915,0.5284713282441608,0.566918258470516,0,-1.8735283529613813
bond_length_control,99,57,19,48,1.4682900394520144,895.905054638687,-10.26898710112665,0.463102444485125,0.566918258470516,0,-8.480462354929669
bond_length_control,99,58,19,54,1.4041646998611172,1242.8559829577525,61.74987057947068,0.502804002265492,0.566918258470516,0,5.786822317618039
bond_length_control,99,59,19,55,1.3916108903505433,1152.0747628442023,15.164421416299843,0.5032786757542618,0.566918258470516,0,7.290467902448087
bond_length_control,99,60,20,49,1.3691116641820165,944.6191308563793,-9.294698218573538,0.5419512671714297,0.566918258470516,0,8.976960104258511
bond_length_control,99,61,20,55,1.4583020479008901,1048.0525472553516,24.715485749268733,0.5377204266316293,0.566918258470516,0,-5.511431608073069
bond_length_control,99,62,20,56,1.489792017946348,932.8186872306044,60.49711979443194,0.5285827293758314,0.566918258470516,0,-15.843980203415972
bond_length_control,99,63,21,50,1.3925216990724605,1076.5153178957692,9.212886616666687,0.5282080426115102,0.566918258470516,0,7.195084373229397
bond_length_control,99,64,21,56,1.3950347390893878,1208.627269472171,30.1294676382491,0.48320249676212157,0.566918258470516,0,6.92083309735388
bond_length_control,99,65,21,57,1.4497158138714759,1038.4706926418332,46.01254488132373,0.5191145680530336,0.566918258470516,0,-3.1839193903708214
bond_length_control,99,66,22,51,1.5100465912950438,603.2536315287333,21.597498318670834,0.5392897782055521,0.566918258470516,0,-24.022391531014023
bond_length_control,99,67,22,57,1.4423877941975165,1204.3502447208887,23.925544791296932,0.5305046094489918,0.566918258470516,0,-1.3599720866829568
bond_length_control,99,68,22,58,1.3153675920989896,-10.080947948948204,-176.60739505357452,0.4876122850006173,0.566918258470516,0,7.984505985511449
bond_length_control,99,69,23,52,1.3992547644531308,1223.8827238367442,38.91962986092101,0.5021048957250119,0.566918258470516,0,6.423589001822865
bond_length_control,99,70,23,58,1.400031666010393,1142.4302630885065,18.84438194115129,0.4839956416961627,0.566918258470516,0,6.327013916723704
bond_length_control,99,71,23,59,1.4787104272193827,957.7931471716767,12.053555375643725,0.5312417179375291,0.566918258470516,0,-11.881754582956914
bond_length_control,99,72,24,59,1.3988010816067669,1100.2131767849196,-11.508548201442592,0.5272521172321918,0.566918258470516,0,6.479260316410288
bond_length_control,99,73,24,60,1.4343604846189026,1135.4183963184732,30.798168513078185,0.5042699697416344,0.566918258470516,0,0.4681368687260612
bond_length_control,99,74,24,65,1.4129397793022083,1161.2609291551742,44.93797749922555,0.525947461883699,0.566918258470516,0,4.49147792130045
bond_length_control,99,75,25,54,1.4282346451321806,1107.4801641535955,18.133535301178284,0.5061824538549281,0.566918258470516,0,1.7448805847473583
bond_length_control,99,76,25,60,1.419391306627033,1236.1642467707102,20.621747704684786,0.5148031056812465,0.566918258470516,0,3.409227537178028
bond_length_control,99,77,25,61,1.4581918625480277,1035.4858646121916,30.42309589736983,0.5333149961060735,0.566918258470516,0,-5.480252485816424
bond_length_control,99,78,26,55,1.3968719546369812,1074.672279062616,23.854996412160393,0.4996069005198937,0.566918258470516,0,6.710021794207025
bond_length_control,99,79,26,61,1.4218956578297974,1142.9195902017977,-16.80435862166444,0.5262647692822693,0.566918258470516,0,2.95921628511713
bond_length_control,99,80,26,62,1.4293905872616626,1058.6142865204283,20.518645704734148,0.5104553147828987,0.566918258470516,0,1.5117541024996433
bond_length_control,99,81,27,56,1.3309348968133548,190.05341478138803,-216.16617045678368,0.4465334553558503,0.566918258470516,0,8.978845560237135
bond_length_control,99,82,27,62,1.436825422005918,1262.9962681254626,34.316322724512155,0.46651956687465324,0.566918258470516,0,-0.07443174658621565
bond_length_control,99,83,27,63,1.366135362112736,906.6360079300293,-28.538767184971935,0.42697814188554184,0.566918258470516,0,9.104854485373922
bond_length_control,99,84,28,57,1.376512749553962,1070.8604736451455,11.91834098145611,0.5538996412689183,0.566918258470516,0,8.563192263967393
bond_length_control,99,85,28,63,1.438572462243123,1081.7249550651743,56.555255553276744,0.4984322565076978,0.566918258470516,0,-0.4690458670371278
bond_length_control,99,86,28,64,1.487440230353101,766.3351152129272,1.3711002910180587,0.5062939949312989,0.566918258470516,0,-14.973109149467602
bond_length_control,99,87,29,58,1.4939715799927091,593.8815621805055,-32.014065948246795,0.5332982297753384,0.566918258470516,0,-17.43182232464725
bond_length_control,99,88,29,64,1.3590505937147113,808.9994183007462,-9.28223056556627,0.5285849078860934,0.566918258470516,0,9.321187171698904
bond_length_control,99,89,29,65,1.5172028048470592,527.9438808444186,12.180766525363005,0.5792396506682118,0.566918258470516,1,-27.206237047097915
bond_length_control,99,90,30,65,1.4592105560386663,1125.9553656643475,43.4104460060946,0.551038628884768,0.566918258470516,0,-5.769816290148954
bond_length_control,99,91,30,66,1.3567931264326132,512.3755090529869,-90.1288183585502,0.45879038518628296,0.566918258470516,0,9.3642056670545
bond_length_control,99,92,30,71,1.4383860294534674,1167.5974282207858,38.64611623471449,0.5298596083344309,0.566918258470516,0,-0.4265365114469031
bond_length_control,99,93,31,60,1.4413627598020127,1163.0230831466517,-4.922404449008454,0.4976295000126315,0.566918258470516,0,-1.1166794451597202
bond_length_control,99,94,31,66,1.3947839595936422,982.6819395618862,1.9718098781469073,0.4270587484562111,0.566918258470516,0,6.948932363790666
bond_length_control,99,95,31,67,1.364712789600622,892.7902500828131,-40.28951247200117,0.5152493500361941,0.566918258470516,0,9.158227674048272
bond_length_control,99,96,32,61,1.460482444677104,1008.7490819684939,-1.1251820170987465,0.5414292669434118,0.566918258470516,0,-6.1354608924053
bond_length_control,99,97,32,67,1.435574357374838,1255.1106485137184,23.063862974849496,0.5405372265421474,0.566918258470516,0,0.20302017198020383
bond_length_control,99,98,32,68,1.4125701275924019,1251.710025229519,7.350440682986462,0.5225729747435774,0.566918258470516,0,4.550140087581248
bond_length_control,99,99,33,62,1.3543602829622987,752.2208163573426,-52.99894196472182,0.5372525948150486,0.566918258470516,0,9.39662568495662
bond_length_control,99,100,33,68,1.4472621315201322,1011.5535726887379,12.722944881613365,0.5342057571145848,0.566918258470516,0,-2.5566152579433847
bond_length_control,99,101,33,69,1.4623369474628525,1130.411985699422,44.397007121039735,0.5507190130955795,0.566918258470516,0,-6.676791003514536
bond_length_control,99,102,34,63,1.3609623746578443,590.4691057660689,-78.81850467986368,0.45732578765827514,0.566918258470516,0,9.27498708679064
bond_length_control,99,103,34,69,1.3788940341399767,1060.5536370117181,19.915624129867687,0.5103336309279175,0.566918258470516,0,8.400847912141765
bond_length_control,99,104,34,70,1.4686334325071677,993.6854046011639,31.73431195379485,0.5246992950905264,0.566918258470516,0,-8.587583463864066
bond_length_control,99,105,35,64,1.3628421712751229,651.6656749163612,-37.30344072585119,0.5016352046855347,0.566918258470516,0,9.220798793481828
bond_length_control,99,106,35,70,1.4669723386570621,1045.810920624688,31.250217579321156,0.5611469736941848,0.566918258470516,0,-8.072531063365295
bond_length_control,99,107,35,71,1.435501704939438,1259.7962051466852,69.64834478735142,0.5311109269173162,0.566918258470516,0,0.21900106152170373
bond_length_control,20,0,0,36,1.4272601312761404,1125.6422778969882,-71.89391140655827,0.5074489525970446,0.5682616001596689,0,17.74499085042933
bond_length_control,20,1,0,41,1.3793805609688585,1115.0126759310494,-59.12417042847884,0.47925380493464576,0.5682616001596689,0,25.08663760739752
bond_length_control,20,2,0,71,1.4121375606033402,1225.2517436195003,-88.91565367698198,0.49013166532380253,0.5682616001596689,0,20.850940837468706
bond_length_control,20,3,1,36,1.4450267233765153,1039.5229841434355,-68.47764541329313,0.5355542894958665,0.5682616001596689,0,13.1388241696262
bond_length_control,20,4,1,37,1.4436903277492175,1317.0328173178575,-52.26792173136951,0.5314338173391662,0.5682616001596689,0,13.521789438994361
bond_length_control,20,5,1,66,1.3794269971683102,1143.2875682076701,-80.45738419927717,0.5315140094103684,0.5682616001596689,0,25.08299284619106
bond_length_control,20,6,2,37,1.4317919553624605,1340.0547659496976,-83.79406739680533,0.5335013424888392,0.5682616001596689,0,16.66920749189702
bond_length_control,20,7,2,38,1.3777284112849286,846.9539541493348,-77.30614631993643,0.5016074454491364,0.5682616001596689,0,25.21202549112177
bond_length_control,20,8,2,67,1.493337448698108,913.0185040580243,-70.68063645623313,0.5720266302135969,0.5682616001596689,1,-4.812818804803314
bond_length_control,20,9,3,38,1.4371274387055495,1322.1185196238848,-30.108013368415566,0.5045469769974358,0.5682616001596689,0,15.315942884730172
bond_length_control,20,10,3,39,1.3821886450562697,1242.6933041925595,-63.5570870354566,0.5321951718864515,0.5682616001596689,0,24.854355240612954
bond_length_control,20,11,3,68,1.4839530741782816,902.2049641279186,-20.5988658768267,0.5495751206497537,0.5682616001596689,0,-0.6887675975102141
bond_length_control,20,12,4,39,1.450338701430025,968.5272763665936,-55.91530089274332,0.5040814047038807,0.5682616001596689,0,11.55728053727336
bond_length_control,20,13,4,40,1.3915885438910476,1114.371127662055,-64.50409140955946,0.49941071638483236,0.5682616001596689,0,23.9000335386381
bond_length_control,20,14,4,69,1.4050879365332645,1145.8429777376118,-93.16336889510934,0.5509258867797828,0.5682616001596689,0,22.047478063860215
bond_length_control,20,15,5,40,1.499869822295866,732.9355212593575,-83.07069545092993,0.5326403194111626,0.5682616001596689,0,-7.869263275378792
bond_length_control,20,16,5,41,1.4525179927667715,1037.289249642583,-57.20296264843413,0.5174820343751998,0.5682616001596689,0,10.880908081751393
bond_length_control,20,17,5,70,1.350827889230057,629.5886998187865,-98.588481751287,0.5294852816176141,0.5682616001596689,0,26.09575938742858
bond_length_control,20,18,6,41,1.3744706699585065,849.5626942689778,-77.44065273390088,0.4890408538027613,0.5682616001596689,0,25.434880985608928
bond_length_control,20,19,6,42,1.4426090634196853,1180.9334222019913,-70.62331637524252,0.47647008075404057,0.5682616001596689,0,13.827267838093363
bond_length_control,20,20,6,47,1.4150946466580918,1237.552655924146,-62.61645930265875,0.5371576659030666,0.5682616001596689,0,20.30171802957923
bond_length_control,20,21,7,36,1.386392749253066,885.6182875295973,-89.38262393900754,0.4781234019926501,0.5682616001596689,0,24.46129585436617
bond_length_control,20,22,7,42,1.346649345535917,451.3167340813696,-140.12886361071116,0.4373574812815305,0.5682616001596689,0,26.040341799159044
bond_length_control,20,23,7,43,1.4157202436205707,1142.429588255027,-63.11734543884538,0.4797157579600535,0.5682616001596689,0,20.181923638555176
bond_length_control,20,24,8,37,1.4538026701781,1283.2330676108354,-43.84188692352471,0.5318649370059307,0.5682616001596689,0,10.474657457236162
bond_length_control,20,25,8,43,1.3881583463257978,1044.6093815190964,-40.61642343825035,0.5375777651300345,0.5682616001596689,0,24.279958858633357
bond_length_control,20,26,8,44,1.4401596807695005,1634.2077956911717,-41.39983342519457,0.547964067787448,0.5682616001596689,0,14.504825546713906
bond_length_control,20,27,9,38,1.3693034469543006,816.9582891343706,-71.28914838978694,0.47704743246445297,0.5682616001596689,0,25.722306995350223
bond_length_control,20,28,9,44,1.399562205248922,1124.6498874507336,-78.0345275300674,0.5250404602856731,0.5682616001596689,0,22.875058149235198
bond_length_control,20,29,9,45,1.4600443538448846,941.4966501275261,-52.40513864545626,0.5117585329102946,0.5682616001596689,0,8.42098562103228
bond_length_control,20,30,10,39,1.4100315209264727,1054.0856395191677,-27.89000256004421,0.5167023392371805,0.5682616001596689,0,21.225008502703012
bond_length_control,20,31,10,45,1.4416388473724464,1161.6892269434657,-31.445330838456616,0.5237652447940064,0.5682616001596689,0,14.098046981600081
bond_length_control,20,32,10,46,1.439490223831727,1069.640505775265,-60.90934713020539,0.5336966659799918,0.5682616001596689,0,14.686533391556079
bond_length_control,20,33,11,40,1.3949974365362174,994.8154853050482,-90.63509971651543,0.5064586261050216,0.5682616001596689,0,23.486185003277456
bond_length_control,20,34,11,46,1.4119982886232738,1215.1960454438645,-58.45695813935596,0.5281236411668813,0.5682616001596689,0,20.87611621682383
bond_length_control,20,35,11,47,1.4605440402467758,1014.9098215435846,-69.77689909909996,0.5394171531693639,0.5682616001596689,0,8.25082759619913
bond_length_control,20,36,12,47,1.4816659691761422,881.4980058809354,-55.80627132791165,0.5364477846444009,0.5682616001596689,0,0.2690187097490764
bond_length_control,20,37,12,48,1.4011138622985861,1102.6654633178428,-59.411363574570814,0.5070594957181738,0.5682616001596689,0,22.652407008549517
bond_length_control,20,38,12,53,1.392052153757254,1041.5185140078559,-92.89002025137333,0.4538028324612067,0.5682616001596689,0,23.845879054265605
bond_length_control,20,39,13,42,1.3739360121208932,894.7374180795803,-81.76394997802896,0.4624819616408895,0.5682616001596689,0,25.46837249108124
bond_length_control,20,40,13,48,1.4047724513012476,1090.7284121582327,-76.70508561566703,0.49378125786368837,0.5682616001596689,0,22.097328102986364
bond_length_control,20,41,13,49,1.4281866018008533,1121.741825698154,-70.47746420094428,0.4866353697138155,0.5682616001596689,0,17.530539976765247
bond_length_control,20,42,14,43,1.4844020720213884,988.9049760862005,-62.310644800214824,0.5351297598440782,0.5682616001596689,0,-0.8789658511365559
bond_length_control,20,43,14,49,1.4219433162773885,1065.645974397787,-58.42239666671577,0.5169248912384812,0.5682616001596689,0,18.92148030225664
bond_length_control,20,44,14,50,1.445400318438671,1246.1854392058053,-80.71391726487634,0.5514534848840684,0.5682616001596689,0,13.030694087137887
bond_length_control,20,45,15,44,1.4670062928834338,1193.42317521869,-54.97376025137086,0.537230667398761,0.5682616001596689,0,5.973005767230394
bond_length_control,20,46,15,50,1.3782690745241761,944.3496827710816,-82.84437709090486,0.5431680897813378,0.5682616001596689,0,25.171910396061143
bond_length_control,20,47,15,51,1.4153679141784008,1253.6121356298304,-58.45854560222551,0.5349098394856432,0.5682616001596689,0,20.249545489660136
bond_length_control,20,48,16,45,1.4574379752827364,1126.9740999694748,-71.86712358956443,0.5377786669490963,0.5682616001596689,0,9.294696809065474
bond_length_control,20,49,16,51,1.4441702989367102,1232.482637676555,-48.66050118088895,0.5487397664113569,0.5682616001596689,0,13.384934547280553
bond_length_control,20,50,16,52,1.3905866176737438,1011.4048210095989,-74.69223969362623,0.5360430005541266,0.5682616001596689,0,24.014784374681224
bond_length_control,20,51,17,46,1.4743964569341839,957.9788737644143,-71.99978050094202,0.5333250722103975,0.5682616001596689,0,3.1912388829848624
bond_length_control,20,52,17,52,1.4176850051998708,1228.7232843042789,-84.01405349924475,0.5216579846294425,0.5682616001596689,0,19.797495751702883
bond_length_control,20,53,17,53,1.3515001900725525,604.6042989646669,-118.33815891701246,0.461973632029686,0.5682616001596689,0,26.099898393241297
bond_length_control,20,54,18,53,1.389162286845082,917.9804546720493,-61.70448146966967,0.43125926212588617,0.5682616001596689,0,24.17254376368267
bond_length_control,20,55,18,54,1.399803128845673,1077.266347091706,-83.61956554354377,0.5100653524680012,0.5682616001596689,0,22.840984880280182
bond_length_control,20,56,18,59,1.4200717133915812,1149.6600236420197,-80.57673168686046,0.4971368389365304,0.5682616001596689,0,19.31373858478981
bond_length_control,20,57,19,48,1.472371820213334,923.0393942512271,-68.55416979001559,0.5431578424781036,0.5682616001596689,0,3.972210500427259
bond_length_control,20,58,19,54,1.4616454935583776,1172.8210699261756,-35.78691670753425,0.5687072695632516,0.5682616001596689,1,7.872729878802232
bond_length_control,20,59,19,55,1.3635515708083792,712.9748317638897,-67.03890284715922,0.49157940114147236,0.5682616001596689,0,25.947607666603595
bond_length_control,20,60,20,49,1.4073228682591175,1175.5915133386127,-94.2754117766622,0.48952915133328895,0.5682616001596689,0,21.685285073668982
bond_length_control,20,61,20,55,1.3863916610802636,947.1277332134594,-92.19574563674462,0.4450965981465306,0.5682616001596689,0,24.46140464360122
bond_length_control,20,62,20,56,1.4314904018857733,1193.7216129833198,-58.601886546460676,0.48632173278548324,0.5682616001596689,0,16.742886982711642
bond_length_control,20,63,21,50,1.4657229135705323,1140.1870340155501,-92.30876672968843,0.5350129896263272,0.5682616001596689,0,6.4368116697978515
bond_length_control,20,64,21,56,1.4059172675575764,1210.187236999355,-71.98271190965153,0.4972769774329342,0.5682616001596689,0,21.91492847882028
bond_length_control,20,65,21,57,1.3936251592727273,1037.8899281918266,-77.82360560939439,0.5357542380026434,0.5682616001596689,0,23.657143855218678
bond_length_control,20,66,22,51,1.5052072761152144,932.615371387455,-81.32576685963497,0.5222935819836141,0.5682616001596689,0,-10.480845100270678
bond_length_control,20,67,22,57,1.4473606967411607,1095.4800024675264,-70.70501502594517,0.5312930806556251,0.5682616001596689,0,12.455619393676166
bond_length_control,20,68,22,58,1.2994879373050297,-674.7488388480184,-355.59473083787265,0.4902031051542919,0.5682616001596689,0,21.957512054007196
bond_length_control,20,69,23,52,1.4545311517318689,1147.387441153698,-82.32685017036134,0.5171214480750902,0.5682616001596689,0,10.241803918298238
bond_length_control,20,70,23,58,1.4465094250986659,981.5559196596524,-99.075890495616,0.49772773710299845,0.5682616001596689,0,12.706924772744252
bond_length_control,20,71,23,59,1.4360431088312544,1142.142844361618,-81.81304730470991,0.523314672285978,0.5682616001596689,0,15.598589109591025
bond_length_control,20,72,24,59,1.4763003501013354,892.9655106772015,-80.64316194362787,0.5468610058878317,0.5682616001596689,0,2.4437970931187962
bond_length_control,20,73,24,60,1.3499584875616006,647.9083628676588,-93.24994299777322,0.5569873558942162,0.5682616001596689,0,26.08844028120378
bond_length_control,20,74,24,65,1.4498066235136442,1056.0527930589903,-54.29828749163741,0.5354009847477794,0.5682616001596689,0,11.719980187698503
bond_length_control,20,75,25,54,1.4495882432617566,1159.530524605913,-52.02187551641376,0.5521728906419652,0.5682616001596689,0,11.786480278733858
bond_length_control,20,76,25,60,1.4461111321203888,1134.049011287786,-73.22143626448555,0.5493707271168788,0.5682616001596689,0,12.823669319766747
bond_length_control,20,77,25,61,1.39768012510088,1127.9198843037536,-55.76043132560182,0.5537601928054193,0.5682616001596689,0,23.134952194281517
bond_length_control,20,78,26,55,1.3932737239050235,950.6068725735425,-99.47464006149596,0.4470367283177581,0.5682616001596689,0,23.699979861149924
bond_length_control,20,79,26,61,1.519936737897425,308.01303956720307,-111.86777315053756,0.5257518989029915,0.5682616001596689,0,-18.22702139163688
bond_length_control,20,80,26,62,1.3840744233908644,1081.280371591547,-72.25667032387757,0.5291146382708386,0.5682616001596689,0,24.684778780077952
bond_length_control,20,81,27,56,1.384727302161654,1088.0561660457263,-80.71384161395879,0.4637843485021586,0.5682616001596689,0,24.623518885217496
bond_length_control,20,82,27,62,1.4492843682772458,1355.8574095685244,-89.3173074536928,0.5046371238162864,0.5682616001596689,0,11.878747110159434
bond_length_control,20,83,27,63,1.322545042012971,10.983454071398668,-161.93342754333267,0.47350096004997866,0.5682616001596689,0,24.736077316378285
bond_length_control,20,84,28,57,1.473325347120256,1231.294147402407,-76.27034716533707,0.5438657318801411,0.5682616001596689,0,3.606181525997812
bond_length_control,20,85,28,63,1.4228230206909196,1431.9436575182935,-72.68671413291187,0.5151050828582517,0.5682616001596689,0,18.73317926345052
bond_length_control,20,86,28,64,1.3435284330709907,518.4318100778596,-124.72028452284377,0.5295108724629836,0.5682616001596689,0,25.965709468852936
bond_length_control,20,87,29,58,1.4428773209088557,1543.4419391837162,-68.27343460796904,0.5027147939392749,0.5682616001596689,0,13.751844475237913
bond_length_control,20,88,29,64,1.4316263847122916,1168.6625566681885,-37.860645961675694,0.5294499100234505,0.5682616001596689,0,16.709698937765385
bond_length_control,20,89,29,65,1.3965714723442864,1194.2359527783142,-63.178211683511535,0.5168417079822021,0.5682616001596689,0,23.282837797259685
bond_length_control,20,90,30,65,1.4138828456100274,1291.9839640535056,-38.131114638569414,0.5001689633633031,0.5682616001596689,0,20.53018276131623
bond_length_control,20,91,30,66,1.4056486968432185,1122.4134201239071,-67.2253882368121,0.5044344153525009,0.5682616001596689,0,21.958092415219518
bond_length_control,20,92,30,71,1.4363363995668261,1178.0097298187936,-100.03176506756796,0.49115740816475695,0.5682616001596689,0,15.522523081329483
bond_length_control,20,93,31,60,1.4603833153671382,1001.0012826061876,-35.5822703303638,0.5657269281607691,0.5682616001596689,0,8.30565242612061
bond_length_control,20,94,31,66,1.4868916088105226,760.6319565606118,-69.82816289225964,0.5484060090035301,0.5682616001596689,0,-1.9464914606137071
bond_length_control,20,95,31,67,1.392660360963325,1061.3635438298559,-73.7451988770071,0.5868511046570855,0.5682616001596689,1,23.77381881508265
bond_length_control,20,96,32,61,1.4532113505353323,1236.3939870002546,-56.73946255730546,0.5522831937260522,0.5682616001596689,0,10.662344122117055
bond_length_control,20,97,32,67,1.474130816983689,897.5751171431629,-92.08333530075643,0.5690179045338281,0.5682616001596689,1,3.2945194626297507
bond_length_control,20,98,32,68,1.426315517219004,1173.3864122948871,-44.51515175369353,0.5436268634216854,0.5682616001596689,0,17.960749803855624
bond_length_control,20,99,33,62,1.4724438091439795,1072.6428359188753,-34.996508566077544,0.5812176029440377,0.5682616001596689,1,3.944686655762716
bond_length_control,20,100,33,68,1.3786202263966547,957.278140530214,-67.01009045131826,0.5691985332718239,0.5682616001596689,1,25.145378148593664
bond_length_control,20,101,33,69,1.4961273207989454,949.3229891382233,-74.74135028000684,0.5986630665844237,0.5682616001596689,1,-6.099426269592087
bond_length_control,20,102,34,63,1.5040978475752855,669.0533225427673,-99.69128587583963,0.5556018737919242,0.5682616001596689,0,-9.929511576831494
bond_length_control,20,103,34,69,1.4891694333419965,820.758603893504,-87.63574930197332,0.604183501198618,0.5682616001596689,1,-2.9424898196723746
bond_length_control,20,104,34,70,1.3947236898514626,930.2693423136319,-89.24150518072311,0.549513293010119,0.5682616001596689,0,23.52075838843073
bond_length_control,20,105,35,64,1.4672970427720102,827.436167757144,-57.54261888057701,0.556145938574828,0.5682616001596689,0,5.86714035275158
bond_length_control,20,106,35,70,1.4715779301356502,934.7971812671884,-73.03504742475316,0.535651568188291,0.5682616001596689,0,4.274546621163466
bond_length_control,20,107,35,71,1.4039679464429167,1070.7118622223693,-76.78581396290465,0.5345261813350334,0.5682616001596689,0,22.223020142575955
bond_length_control,6,0,0,36,1.512807542241714,-256.2016586006744,-94.32049261798495,0.48603781867699736,0.5690596973759661,0,-33.84955600257489
bond_length_control,6,1,0,41,1.3980260636793633,733.2810289553803,41.129876608583096,0.5342916112322056,0.5690596973759661,0,7.461634869654439
bond_length_control,6,2,0,71,1.4479451898230502,484.87072084168494,26.86917923067183,0.5370932195504604,0.5690596973759661,0,-6.6916110372160755
bond_length_control,6,3,1,36,1.3368541909021847,-93.7096501835284,-70.89092871725566,0.49447010725098617,0.5690596973759661,0,17.41348057223339
bond_length_control,6,4,1,37,1.4676871675821794,446.0941201576478,5.373634175064201,0.557291804735776,0.5690596973759661,0,-13.876172490202556
bond_length_control,6,5,1,66,1.4895188235436283,407.79946652298537,-1.6678805964163295,0.5649689675017187,0.5690596973759661,0,-22.911924350534285
bond_length_control,6,6,2,37,1.407602352404,824.8432569137595,52.12566260453676,0.494065361834808,0.5690596973759661,0,5.180504558460149
bond_length_control,6,7,2,38,1.4089936063053474,804.539890156362,31.156541724239776,0.4617313702310852,0.5690596973759661,0,4.8322615855090945
bond_length_control,6,8,2,67,1.409097238737353,977.7323514345313,54.89766862751351,0.47939447475816566,0.5690596973759661,0,4.806149665861067
bond_length_control,6,9,3,38,1.31106449947521,-540.2987049725875,-82.78224216422636,0.4625673914742914,0.5690596973759661,0,19.321665115685768
bond_length_control,6,10,3,39,1.3988345383515939,836.146433223949,12.779806958757387,0.4961565701777021,0.5690596973759661,0,7.276837110665973
bond_length_control,6,11,3,68,1.456379939488702,512.894471541544,22.957055512896474,0.4789717795622685,0.5690596973759661,0,-9.648256577091168
bond_length_control,6,12,4,39,1.4304908949047501,995.3038669162833,44.55806729149395,0.5305036715951102,0.5690596973759661,0,-1.099765311544777
bond_length_control,6,13,4,40,1.4573602841247348,824.2281057087256,25.391405866139948,0.5134736663540153,0.5690596973759661,0,-10.002779985511882
bond_length_control,6,14,4,69,1.4426351545184186,714.0036044150612,16.255946997679843,0.5186391698196893,0.5690596973759661,0,-4.915763253209125
bond_length_control,6,15,5,40,1.482806270524472,439.6994310120563,5.0691818497878325,0.5430067585925015,0.5690596973759661,0,-20.009889047946356
bond_length_control,6,16,5,41,1.4683657022481278,573.1015191918028,54.193955274280114,0.544213671804327,0.5690596973759661,0,-14.139603970397204
bond_length_control,6,17,5,70,1.3400064190985024,102.56486402668457,17.595193542860063,0.5508389694435298,0.5690596973759661,0,17.08977030596531
bond_length_control,6,18,6,41,1.408039849738852,494.15275467915,-1.7753906365365544,0.5241025089342171,0.5690596973759661,0,5.071457726487408
bond_length_control,6,19,6,42,1.4418386972901165,722.8834662635708,35.32868642369422,0.5105911060171006,0.5690596973759661,0,-4.655062109626302
bond_length_control,6,20,6,47,1.4532042562822578,654.5872055161644,22.01810078869352,0.530199394661411,0.5690596973759661,0,-8.515425957056983
bond_length_control,6,21,7,36,1.3503225166810224,252.82215227984116,-63.00575871248162,0.4500353272147851,0.5690596973759661,0,15.889960918972328
bond_length_control,6,22,7,42,1.3891898076777023,669.8263672533776,-54.145206586173614,0.4847777168528768,0.5690596973759661,0,9.388572402602588
bond_length_control,6,23,7,43,1.486197240791876,462.93978238735457,14.472474694493892,0.5235224528749476,0.5690596973759661,0,-21.46205311784058
bond_length_control,6,24,8,37,1.4356560500869449,805.1063334746577,30.046297430553217,0.5416607288139764,0.5690596973759661,0,-2.6812617150610913
bond_length_control,6,25,8,43,1.4660196517225863,660.4199166390724,-14.972679828817052,0.5523261569893492,0.5690596973759661,0,-13.233477824400385
bond_length_control,6,26,8,44,1.397948557628855,721.3879349687068,9.033895308619595,0.5107222973500651,0.5690596973759661,0,7.479275788915988
bond_length_control,6,27,9,38,1.4829563837218505,478.95963106961545,34.32465502050171,0.5164333116545144,0.5690596973759661,0,-20.073577545732217
bond_length_control,6,28,9,44,1.4359840414582226,792.7116590349161,18.72941824127774,0.5178288717943259,0.5690596973759661,0,-2.783756525503959
bond_length_control,6,29,9,45,1.4758068530559516,801.6493179225912,-1.4750557559804651,0.5439646750976965,0.5690596973759661,0,-17.10134441913383
bond_length_control,6,30,10,39,1.4787917995816042,759.5788388734165,33.03590511458283,0.5689578643100792,0.5690596973759661,0,-18.327108358864315
bond_length_control,6,31,10,45,1.4008792418464744,809.5370280059544,-7.68469556039356,0.5629000490498506,0.5690596973759661,0,6.803079344595757
bond_length_control,6,32,10,46,1.4882454706764272,556.0280638258057,69.58671541510014,0.5840072109966116,0.5690596973759661,1,-22.35289044894802
bond_length_control,6,33,11,40,1.4605736530922442,713.2586949668215,32.064454658832425,0.5315166153995479,0.5690596973759661,0,-11.180811287500903
bond_length_control,6,34,11,46,1.3873164073563882,648.1061033396808,67.49491084711356,0.5635959673271751,0.5690596973759661,0,9.775372754815045
bond_length_control,6,35,11,47,1.4436925964536929,783.9306589528192,0.8868796633677983,0.5388204143385673,0.5690596973759661,0,-5.264168552552826
bond_length_control,6,36,12,47,1.480112320283898,599.6917391713033,13.269799521614951,0.5458222485369083,0.5690596973759661,0,-18.8762989946481
bond_length_control,6,37,12,48,1.4812090871162047,784.2550592045645,38.888143065656884,0.5632686215759675,0.5690596973759661,0,-19.33566755633288
bond_length_control,6,38,12,53,1.3194153794071812,-568.0670193697462,-86.86979009360493,0.522855655611149,0.5690596973759661,0,18.846765519460227
bond_length_control,6,39,13,42,1.397917782024214,1001.5096772887764,18.14604122656378,0.5184158994637382,0.5690596973759661,0,7.486276889324566
bond_length_control,6,40,13,48,1.4715083994397427,646.2225431165697,3.126705471498022,0.555470561147108,0.5690596973759661,0,-15.374157923455826
bond_length_control,6,41,13,49,1.4419089529102878,712.3443846482569,62.14967129086663,0.5221038893028335,0.5690596973759661,0,-4.677999384802487
bond_length_control,6,42,14,43,1.4265695169861161,721.2679775881021,-1.1026975078781767,0.530814291593839,0.5690596973759661,0,0.06016753274331155
bond_length_control,6,43,14,49,1.3207089036908124,-434.71374832224194,8.190119143784196,0.4957575454108633,0.5690596973759661,0,18.76105289794088
bond_length_control,6,44,14,50,1.4578976812396982,601.8560603092266,5.908900270889104,0.5375239008913228,0.5690596973759661,0,-10.198085474922069
bond_length_control,6,45,15,44,1.3602829853449783,308.2441037058085,-7.148054993690122,0.5153309987331561,0.5690596973759661,0,14.52509065996426
bond_length_control,6,46,15,50,1.4756196545175349,727.4604572716214,31.28710909847101,0.5636444676699242,0.5690596973759661,0,-17.025193042249118
bond_length_control,6,47,15,51,1.4377228773527535,923.4222074689102,37.4501272602171,0.5367701655218258,0.5690596973759661,0,-3.331269076295592
bond_length_control,6,48,16,45,1.4223240971496969,714.5571338403616,51.7346250368247,0.5035463359660985,0.5690596973759661,0,1.276549169719
bond_length_control,6,49,16,51,1.415942312609071,845.3572913104416,16.958809635221936,0.4988496994513975,0.5690596973759661,0,3.028464747033194
bond_length_control,6,50,16,52,1.344274885526911,69.8516221664811,55.24312439237549,0.48452293994192375,0.5690596973759661,0,16.619510683839444
bond_length_control,6,51,17,46,1.450833774634021,1006.5934268276413,39.01750793935809,0.5459897396398007,0.5690596973759661,0,-7.685318077569523
bond_length_control,6,52,17,52,1.39512949257262,856.9384118963724,41.83479766170734,0.5058591816688649,0.5690596973759661,0,8.112000799963353
bond_length_control,6,53,17,53,1.4224028063041598,714.6014682247369,-6.189152037504508,0.4982475937254336,0.5690596973759661,0,1.254369066379232
bond_length_control,6,54,18,53,1.435024321415325,763.0410240596507,13.763887775835652,0.4988092158478236,0.5690596973759661,0,-2.484548801905799
bond_length_control,6,55,18,54,1.4238616492936855,821.0533677840813,24.240844592738565,0.4993835331975723,0.5690596973759661,0,0.8407329511830479
bond_length_control,6,56,18,59,1.463673126969416,640.7662435263724,15.274023721994823,0.5022634971012865,0.5690596973759661,0,-12.340359575614269
bond_length_control,6,57,19,48,1.4336382420139828,896.8715027942134,25.023890387501265,0.5229481219439568,0.5690596973759661,0,-2.056154137450656
bond_length_control,6,58,19,54,1.4065661168710433,719.8676142988949,51.16114466686331,0.483109473328887,0.5690596973759661,0,5.437096698943872
bond_length_control,6,59,19,55,1.3768596462504485,515.144101485967,37.568119053859164,0.48546418758845333,0.5690596973759661,0,11.796063683439286
bond_length_control,6,60,20,49,1.4270843638198272,1038.6936889279737,44.204287398864196,0.4798459113554092,0.5690596973759661,0,-0.09012534536116323
bond_length_control,6,61,20,55,1.3812144462363012,636.9243695876028,29.723385750373513,0.47572864884418026,0.5690596973759661,0,10.98293142537824
bond_length_control,6,62,20,56,1.3978858485772656,808.7830727393844,55.88905900053641,0.5182987091662575,0.5690596973759661,0,7.4935391970117795
bond_length_control,6,63,21,50,1.397960504732151,952.7557346577069,16.039447849484393,0.5862232388864734,0.5690596973759661,1,7.476557400764166
bond_length_control,6,64,21,56,1.4816590616098297,530.089653620368,-13.933595962998577,0.5829096812168622,0.5690596973759661,1,-19.524984614541676
bond_length_control,6,65,21,57,1.4799537482967047,777.8627669984472,-26.617358811857475,0.5788215206720202,0.5690596973759661,1,-18.810125888238268
bond_length_control,6,66,22,51,1.4442117896862225,741.458435184774,33.623104817958996,0.5401417207513608,0.5690596973759661,0,-5.436183830190004
bond_length_control,6,67,22,57,1.4664342599864268,721.4186889222385,17.729329058288947,0.559614304685006,0.5690596973759661,0,-13.392653447890602
bond_length_control,6,68,22,58,1.3690656837708408,473.3964653502507,11.457804398073652,0.5599257968906919,0.5690596973759661,0,13.15101924420377
bond_length_control,6,69,23,52,1.4912279101071433,423.1322782976402,36.66536412315674,0.5340912528878411,0.5690596973759661,0,-23.668553718968802
bond_length_control,6,70,23,58,1.4542985560525066,821.9714147270493,24.904830959483924,0.5682020885366459,0.5690596973759661,0,-8.903097043451961
bond_length_control,6,71,23,59,1.3809159875494637,571.0115668998732,52.46647046966742,0.5299339461978726,0.5690596973759661,0,11.039949958200253
bond_length_control,6,72,24,59,1.3861870292596297,616.2960842383762,5.210523891932876,0.5027888470797025,0.5690596973759661,0,10.004901324739564
bond_length_control,6,73,24,60,1.4111920707668226,1006.8702191691604,58.349146562443835,0.5245247332782743,0.5690596973759661,0,4.273205597675947
bond_length_control,6,74,24,65,1.4859828262842856,729.446105638837,10.414802429924809,0.522575923264522,0.5690596973759661,0,-21.369394905320366
bond_length_control,6,75,25,54,1.3674406621726005,526.0956691287995,20.940525371222783,0.45369065146140686,0.5690596973759661,0,13.417408579703313
bond_length_control,6,76,25,60,1.466955238260029,465.60022736802335,7.9825146976571855,0.4783065015636928,0.5690596973759661,0,-13.593250701773236
bond_length_control,6,77,25,61,1.3262199524890337,-388.5122731226965,7.931762146039134,0.4481100034372626,0.5690596973759661,0,18.35907423060754
bond_length_control,6,78,26,55,1.494487326181354,265.9965597004005,2.379971672481048,0.4901685063070419,0.5690596973759661,0,-25.131590500453544
bond_length_control,6,79,26,61,1.3934355123710542,718.4300737724626,11.5770035478783,0.48223314402333134,0.5690596973759661,0,8.483878197659198
bond_length_control,6,80,26,62,1.3651163352946603,376.7486539184506,0.7786570469723308,0.47993170207013425,0.5690596973759661,0,13.788823051542284
bond_length_control,6,81,27,56,1.4510156660016351,986.8610406287701,-2.2437091857775426,0.5685629394360528,0.5690596973759661,0,-7.748545817963862
bond_length_control,6,82,27,62,1.388233981835233,564.1147053807243,14.924958081451146,0.515756074877068,0.5690596973759661,0,9.586867273552414
bond_length_control,6,83,27,63,1.4763194850363341,448.1813015342894,-25.976792979994347,0.5412808640530102,0.5690596973759661,0,-17.31031578346207
bond_length_control,6,84,28,57,1.4275298437884563,1080.2231874743075,25.813346186516416,0.5372353329194887,0.5690596973759661,0,-0.2206553793656698
bond_length_control,6,85,28,63,1.4137767677796482,753.9769011887445,27.240533000021784,0.514041418081288,0.5690596973759661,0,3.602169504133067
bond_length_control,6,86,28,64,1.4522954268323225,647.295015769247,69.64159637248503,0.5265931027237858,0.5690596973759661,0,-8.195604823379416
bond_length_control,6,87,29,58,1.4491530559997359,856.7360059951894,8.331002043911434,0.5408909079275687,0.5690596973759661,0,-7.104752330487106
bond_length_control,6,88,29,64,1.4323299101795677,837.1625431209036,23.112906968162623,0.5299371855261799,0.5690596973759661,0,-1.655834102316069
bond_length_control,6,89,29,65,1.410226190605933,773.1216251126209,7.529133076963701,0.5224098417736147,0.5690596973759661,0,4.520146232076823
bond_length_control,6,90,30,65,1.372758835880856,600.8085610000236,-19.164552080581583,0.5260956158499566,0.5690596973759661,0,12.5249621791855
bond_length_control,6,91,30,66,1.4596316717278746,672.7943463953823,-1.3351748980403848,0.5419690333057638,0.5690596973759661,0,-10.832937713984412
bond_length_control,6,92,30,71,1.4217443437784136,684.3724004381944,12.25714540812817,0.5225255739284944,0.5690596973759661,0,1.4394913571514136
bond_length_control,6,93,31,60,1.4280590410291127,847.5490145420717,39.032883846026955,0.5039139968541303,0.5690596973759661,0,-0.37630243952718256
bond_length_control,6,94,31,66,1.425701598520152,838.7871073445509,26.690381391746683,0.5178386042961852,0.5690596973759661,0,0.3121644036591502
bond_length_control,6,95,31,67,1.4275913768320054,699.3016751575115,48.2749794540396,0.49549055445360013,0.5690596973759661,0,-0.23872066896034805
bond_length_control,6,96,32,61,1.4625617539369167,634.3239431863196,-1.619236971168045,0.5030341981914742,0.5690596973759661,0,-11.921948440268181
bond_length_control,6,97,32,67,1.4400982265498263,815.6276737986806,23.939734690319654,0.5248072539173743,0.5690596973759661,0,-4.090481349169955
bond_length_control,6,98,32,68,1.339894564477318,-120.98292874536065,-9.329551917235653,0.5235485374782709,0.5690596973759661,0,17.101598928239447
bond_length_control,6,99,33,62,1.4327602065267253,761.1247264973082,17.600930003679785,0.49682854540323546,0.5690596973759661,0,-1.787061967332368
bond_length_control,6,100,33,68,1.4166469526286936,873.9347833196975,53.64653622324007,0.5196443266432293,0.5690596973759661,0,2.839524410303099
bond_length_control,6,101,33,69,1.4893149490167876,383.0285653070539,29.655545564076068,0.524964615483242,0.5690596973759661,0,-22.82214915480602
bond_length_control,6,102,34,63,1.4164759061844763,870.6659204211883,30.757648122914183,0.5276768607378484,0.5690596973759661,0,2.885490666524446
bond_length_control,6,103,34,69,1.4474526207256062,749.8364272543648,10.010487847513302,0.5302881416419127,0.5690596973759661,0,-6.524111583131713
bond_length_control,6,104,34,70,1.4614241382681945,710.6084503593937,10.689285389256085,0.5329548490272671,0.5690596973759661,0,-11.496708464141108
bond_length_control,6,105,35,64,1.483597669879744,486.120622287984,12.326035013644681,0.5375717331870136,0.5690596973759661,0,-20.34627761926818
bond_length_control,6,106,35,70,1.4268039629928706,822.3907634313288,52.19442839278869,0.5302980368339343,0.5690596973759661,0,-0.00819665069276132
bond_length_control,6,107,35,71,1.3990196091017715,861.0326517353499,28.399294774121216,0.5264743475129863,0.5690596973759661,0,7.234333244498176
bond_length_control,203,0,0,36,1.4139393697617595,891.304481797352,-4.266063529888451,0.48963575921712943,0.5700324731437376,0,7.348214971250501
bond_length_control,203,1,0,41,1.3931206645434526,948.8012164229416,-14.532383748328046,0.47189561064184615,0.5700324731437376,0,11.146131210605216
bond_length_control,203,2,0,71,1.4166507112839335,1091.785032148356,-16.982416630924863,0.4924920857044974,0.5700324731437376,0,6.767213942233209
bond_length_control,203,3,1,36,1.451875188827167,858.5145080953657,-4.668044306485555,0.53773224188741,0.5700324731437376,0,-2.6396669782516717
bond_length_control,203,4,1,37,1.3941923625063835,876.0938621631542,-31.06956093951902,0.5334392459716795,0.5700324731437376,0,10.978978220950129
bond_length_control,203,5,1,66,1.4784040646223675,778.0618902419172,37.73263952281487,0.5488485736092873,0.5700324731437376,0,-12.070819669217894
bond_length_control,203,6,2,37,1.3754129235854633,788.0983828796593,8.201495175917353,0.5120216917409158,0.5700324731437376,0,13.470428644249345
bond_length_control,203,7,2,38,1.4637738422214768,1028.307543711085,-8.528812869970315,0.5061050398366946,0.5700324731437376,0,-6.615069467478772
bond_length_control,203,8,2,67,1.4182934286246207,1146.7259999845726,-15.027862702403242,0.47684761912759843,0.5700324731437376,0,6.405406589525442
bond_length_control,203,9,3,38,1.3725457553870497,800.8010127675198,-12.860933466311144,0.4704635678882923,0.5700324731437376,0,13.769933058601012
bond_length_control,203,10,3,39,1.4352767031212048,813.4392133792874,-10.305092876494694,0.4743381054623837,0.5700324731437376,0,2.227296216116315
bond_length_control,203,11,3,68,1.3829347220792416,945.6599071627867,-44.138688052675064,0.5147460343420257,0.5700324731437376,0,12.583410229866718
bond_length_control,203,12,4,39,1.4350305675399686,949.0921404982051,-27.445292932382923,0.5105495884624398,0.5700324731437376,0,2.293595236896701
bond_length_control,203,13,4,40,1.4624681734234721,1025.6634046099782,-23.08361639582924,0.5567018107382982,0.5700324731437376,0,-6.1587511319717585
bond_length_control,203,14,4,69,1.4527147089291867,1172.9642881503798,-9.490377247518603,0.5225963425131577,0.5700324731437376,0,-2.9067293906729184
bond_length_control,203,15,5,40,1.3890231646544415,823.7024019269128,-29.166186145151748,0.5380436956984237,0.5700324731437376,0,11.75716937488443
bond_length_control,203,16,5,41,1.396600024249873,954.738250955036,-51.379404295567724,0.4804864350931424,0.5700324731437376,0,10.592321294124265
bond_length_control,203,17,5,70,1.4569002447474881,933.9235468622969,-29.019465402927338,0.5099289770709038,0.5700324731437376,0,-4.268524128783643
bond_length_control,203,18,6,41,1.4332414859939746,1001.3453661788305,-47.71056289199769,0.49308376374453355,0.5700324731437376,0,2.7703881251236755
bond_length_control,203,19,6,42,1.391157577586656,1077.9342126876809,-28.545617869223076,0.48763137705918036,0.5700324731437376,0,11.444416833331267
bond_length_control,203,20,6,47,1.430196133340986,1177.6112741465383,-41.03664483679258,0.5319651488902422,0.5700324731437376,0,3.5613503578452574
bond_length_control,203,21,7,36,1.4026233507270818,1095.597534037579,7.590420106646123,0.5022291184691257,0.5700324731437376,0,9.55721733541093
bond_length_control,203,22,7,42,1.4382060073696628,1005.4030697283731,-13.676654431593196,0.4790365832084892,0.5700324731437376,0,1.4251664877504062
bond_length_control,203,23,7,43,1.4177250681488023,955.5914665661586,-0.7582895536616951,0.48247751945138484,0.5700324731437376,0,6.531425431476137
bond_length_control,203,24,8,37,1.506333426964476,396.6786036589601,-12.894362092882899,0.5242347422233976,0.5700324731437376,0,-24.266981477783904
bond_length_control,203,25,8,43,1.4057245601636486,1076.2825155690807,-24.171605441052485,0.5087761391213873,0.5700324731437376,0,8.986298323293981
bond_length_control,203,26,8,44,1.4437413775934504,1222.0509575434237,-44.371561526344095,0.546212304549385,0.5700324731437376,0,-0.15679401385376224
bond_length_control,203,27,9,38,1.3881322148271469,883.4861829828355,-24.977978415186023,0.4700250760017274,0.5700324731437376,0,11.884162830393091
bond_length_control,203,28,9,44,1.4018171800972192,890.2918223584346,-23.37884540243856,0.4979192902319358,0.5700324731437376,0,9.701391776949707
bond_length_control,203,29,9,45,1.4138695690077545,1037.1006479919822,-5.242751565740535,0.4907848090175425,0.5700324731437376,0,7.362906899765816
bond_length_control,203,30,10,39,1.4300508094238935,1235.5769962853506,-9.507086272156588,0.4980325204723208,0.5700324731437376,0,3.5984467702139193
bond_length_control,203,31,10,45,1.4394065109802423,980.086993962913,-23.458105045856186,0.5149177159140446,0.5700324731437376,0,1.0894408411904806
bond_length_control,203,32,10,46,1.4406600715260156,958.3374291656983,33.94834097114942,0.5166822560993289,0.5700324731437376,0,0.7345282584200756
bond_length_control,203,33,11,40,1.495849199003342,564.6158055610503,-23.799102072025928,0.5734757456280553,0.5700324731437376,1,-19.410829907438238
bond_length_control,203,34,11,46,1.4415030636596076,894.9899415284686,-6.035209835716933,0.5459732589792052,0.5700324731437376,0,0.4933548055052501
bond_length_control,203,35,11,47,1.3815737983683152,1012.2513853094719,-21.935739833025483,0.5547998701684826,0.5700324731437376,0,12.754813740529965
bond_length_control,203,36,12,47,1.4964173427155596,514.472411894859,-10.829904372633811,0.5520848785651893,0.5700324731437376,0,-19.665358775743837
bond_length_control,203,37,12,48,1.4367205516597172,893.8756324331971,-2.3914429573718237,0.5410647731508338,0.5700324731437376,0,1.8349492351660306
bond_length_control,203,38,12,53,1.3745727221481323,766.2033802120656,-6.170531788820731,0.5594702913137481,0.5700324731437376,0,13.560394873712887
bond_length_control,203,39,13,42,1.341561772302425,96.61471963844615,-89.60207027551704,0.4003083090954016,0.5700324731437376,0,15.67353162956947
bond_length_control,203,40,13,48,1.3215882077570944,-404.3925723029669,-63.81968640144706,0.4336219755121079,0.5700324731437376,0,15.640302774607452
bond_length_control,203,41,13,49,1.4201359343488975,913.8755807125967,-60.49098884748297,0.4096422751322297,0.5700324731437376,0,5.990775125165815
bond_length_control,203,42,14,43,1.3883538723918916,827.9507835724868,20.525213915745397,0.492073023123578,0.5700324731437376,0,11.852763860470201
bond_length_control,203,43,14,49,1.4213175998603595,1075.237953673636,-19.952852079756063,0.49796605291751045,0.5700324731437376,0,5.719937675533936
bond_length_control,203,44,14,50,1.4468311081428409,1261.6709052104256,-44.76519649594926,0.5348546360761752,0.5700324731437376,0,-1.077668637668319
bond_length_control,203,45,15,44,1.4470962679211528,1008.9056583788332,-28.74391892983378,0.5451443617898577,0.5700324731437376,0,-1.157966603244379
bond_length_control,203,46,15,50,1.4460314145565758,964.0076187862762,-30.58335205595381,0.5504898093144572,0.5700324731437376,0,-0.836714336926887
bond_length_control,203,47,15,51,1.3892162801090473,843.86088205964,-40.20388769892514,0.48288006987543786,0.5700324731437376,0,11.729367298123812
bond_length_control,203,48,16,45,1.4473483852473683,914.1003177139709,-24.990367308856097,0.5327000119831471,0.5700324731437376,0,-1.2345012482976845
bond_length_control,203,49,16,51,1.3842220842977415,800.9973178008803,-12.406308474353292,0.47757020128312055,0.5700324731437376,0,12.416814855693147
bond_length_control,203,50,16,52,1.43614012047294,947.3796142325248,-27.809430646112816,0.5269681377422961,0.5700324731437376,0,1.993379121619598
bond_length_control,203,51,17,46,1.4051845153026996,1063.9378134447895,27.960240608447002,0.5458223136101283,0.5700324731437376,0,9.087582000079205
bond_length_control,203,52,17,52,1.4989167232624225,479.6104566591618,-24.359980788700682,0.538325899183993,0.5700324731437376,0,-20.796786771210645
bond_length_control,203,53,17,53,1.4500418392100236,1232.6385352255988,-8.31971233949248,0.5620343375479645,0.5700324731437376,0,-2.063496902357194
bond_length_control,203,54,18,53,1.5227448556343297,188.1386102295058,4.426479708501546,0.5775153630833352,0.5700324731437376,1,-32.55223069890785
bond_length_control,203,55,18,54,1.3953048179524747,786.355064221237,-13.491465502824262,0.49537209591035536,0.5700324731437376,0,10.802241022843422
bond_length_control,203,56,18,59,1.4812616699478427,852.8477130370686,23.501436514556854,0.5555046310244813,0.5700324731437376,0,-13.210502284659253
bond_length_control,203,57,19,48,1.493298637427794,753.2050870294624,-23.24954321848662,0.5191128467252948,0.5700324731437376,0,-18.280288827821135
bond_length_control,203,58,19,54,1.3308750278520105,-55.20172220122055,-27.00215667179672,0.4553750977152292,0.5700324731437376,0,15.77616508630128
bond_length_control,203,59,19,55,1.4189154961136752,1415.226025881176,-28.431529898017494,0.5082997414766097,0.5700324731437376,0,6.266462498762051
bond_length_control,203,60,20,49,1.4104772986460055,1144.140847978655,-27.38272552323933,0.510398009849167,0.5700324731437376,0,8.060916887997209
bond_length_control,203,61,20,55,1.4387999527498743,1024.7728617374162,-15.476379511979834,0.5235646049803602,0.5700324731437376,0,1.2595761979311568
bond_length_control,203,62,20,56,1.4751554767225539,834.659964868734,-9.886376279044162,0.5301293596926213,0.5700324731437376,0,-10.804746577885332
bond_length_control,203,63,21,50,1.3805352392519168,800.7289570974627,-5.839864267206476,0.5571626493825235,0.5700324731437376,0,12.882364674878758
bond_length_control,203,64,21,56,1.44755385402009,1151.030338555318,-13.573777358126609,0.5400054160673131,0.5700324731437376,0,-1.2970092630593495
bond_length_control,203,65,21,57,1.4614774376596267,849.650913526728,-19.94657015859101,0.5384019509720632,0.5700324731437376,0,-5.8158172566570165
bond_length_control,203,66,22,51,1.3998424584763134,873.843720406934,-35.46082187126065,0.4570579974875372,0.5700324731437376,0,10.047180225044398
bond_length_control,203,67,22,57,1.4093492648014458,1086.3911907903928,-45.36019587502676,0.5059070385160964,0.5700324731437376,0,8.286091074155765
bond_length_control,203,68,22,58,1.447986325861014,1030.6270943387167,-13.547218759644164,0.5149331858701781,0.5700324731437376,0,-1.428970905841016
bond_length_control,203,69,23,52,1.4341197718591014,1122.0876994394218,-7.480207779540386,0.5056573046640538,0.5700324731437376,0,2.5374464878114527
bond_length_control,203,70,23,58,1.4340266617148005,1060.1133066512655,-18.81852256937536,0.5141345565875192,0.5700324731437376,0,2.562244014678954
bond_length_control,203,71,23,59,1.4249831251115659,906.997709399534,-12.993873914248438,0.5073550109691715,0.5700324731437376,0,4.855266492620165
bond_length_control,203,72,24,59,1.419566780433998,1037.8017152494194,12.184747990000945,0.5046418378670887,0.5700324731437376,0,6.119852515695687
bond_length_control,203,73,24,60,1.4024182221373271,1343.05467077903,-11.196398236648912,0.5362530916790791,0.5700324731437376,0,9.594067869302474
bond_length_control,203,74,24,65,1.4280073134381455,934.651810824001,-7.347706227217451,0.4714923667433115,0.5700324731437376,0,4.113845916224845
bond_length_control,203,75,25,54,1.395910060373722,837.9084889061794,8.405474678632087,0.459745148423253,0.5700324731437376,0,10.704702752088426
bond_length_control,203,76,25,60,1.4658882535414208,827.387932977439,-26.52602403990757,0.5514889373493694,0.5700324731437376,0,-7.364603757610929
bond_length_control,203,77,25,61,1.4170949802689699,951.9073184483501,-39.11112566850514,0.5239635826261424,0.5700324731437376,0,6.670094353862501
bond_length_control,203,78,26,55,1.397981651991643,1015.2755647370535,-24.54014138256716,0.5031456298026512,0.5700324731437376,0,10.363465886981643
bond_length_control,203,79,26,61,1.362333052933221,531.5225958401528,-6.815225499321583,0.5144394202441601,0.5700324731437376,0,14.665291096423648
bond_length_control,203,80,26,62,1.4773008174540498,866.4512590616667,-20.499554783812865,0.5199803612055299,0.5700324731437376,0,-11.637331996360562
bond_length_control,203,81,27,56,1.4419000516097646,1014.6643009348355,-13.101813329485699,0.5199043595430028,0.5700324731437376,0,0.37908187222978995
bond_length_control,203,82,27,62,1.4287353353257062,1096.3697564482443,-18.44219832193023,0.5301743362336204,0.5700324731437376,0,3.9315630721672177
bond_length_control,203,83,27,63,1.3915069653896068,1350.697792665245,-15.40215906133557,0.5129602192725866,0.5700324731437376,0,11.392074785339496
bond_length_control,203,84,28,57,1.371099344718443,716.2740459306125,4.952004365403498,0.5117526074412712,0.5700324731437376,0,13.912983140873695
bond_length_control,203,85,28,63,1.401579754128577,1024.3298299712055,6.254533611915924,0.5064119322661047,0.5700324731437376,0,9.743519992905597
bond_length_control,203,86,28,64,1.4811479983025337,865.9111440792593,7.241248966330133,0.5372035157603703,0.5700324731437376,0,-13.164701507675769
bond_length_control,203,87,29,58,1.3972119247625052,956.3403639768806,-16.310804591831836,0.5099213533429361,0.5700324731437376,0,10.491593221081505
bond_length_control,203,88,29,64,1.4475820424790673,1098.7238799291647,-18.637392767324645,0.5263461143079535,0.5700324731437376,0,-1.3055942122002158
bond_length_control,203,89,29,65,1.3765515419186003,607.4006240859928,24.138963262689987,0.4699923366008112,0.5700324731437376,0,13.345594342110253
bond_length_control,203,90,30,65,1.3856481697193015,838.6267056884444,17.245673336943433,0.513985046833439,0.5700324731437376,0,12.227199418108267
bond_length_control,203,91,30,66,1.4554616205296569,861.6681339446159,-8.366647023154451,0.5517349324189633,0.5700324731437376,0,-3.7947511530118803
bond_length_control,203,92,30,71,1.5049335649674283,544.9630408961912,18.683180412192854,0.5434749271844539,0.5700324731437376,0,-23.59903785898209
bond_length_control,203,93,31,60,1.4772447585697428,812.0683639559601,15.041248885873507,0.5521834145199835,0.5700324731437376,0,-11.615402060153443
bond_length_control,203,94,31,66,1.44167576159425,1063.6477518001457,-48.291977561810306,0.5251725751697401,0.5700324731437376,0,0.44369865823263055
bond_length_control,203,95,31,67,1.3152688232750522,-361.2345269039866,-69.05593082919928,0.4745891749188149,0.5700324731437376,0,15.429741674785578
bond_length_control,203,96,32,61,1.4697360521495229,825.3069489274593,-35.52231753970339,0.5439504106108489,0.5700324731437376,0,-8.762239963432101
bond_length_control,203,97,32,67,1.403439183598058,847.596193619341,-42.75597041619886,0.49388152573290733,0.5700324731437376,0,9.409536460784562
bond_length_control,203,98,32,68,1.4508414199822681,1337.794565965109,-41.959403239114344,0.5674214128957369,0.5700324731437376,0,-2.3135956411326646
bond_length_control,203,99,33,62,1.4009633079020236,1265.2359709602172,-34.7138804865661,0.5294368844052147,0.5700324731437376,0,9.852194267730415
bond_length_control,203,100,33,68,1.4877471348224043,683.0469227446955,-20.894194078056373,0.5473669457287329,0.5700324731437376,0,-15.887808630927271
bond_length_control,203,101,33,69,1.4153528564923208,1003.1716976585774,-30.360283854228825,0.5190057708998088,0.5700324731437376,0,7.0478346925226
bond_length_control,203,102,34,63,1.469027757391157,917.645963880165,-6.385902641319606,0.5491999930208107,0.5700324731437376,0,-8.50169805437076
bond_length_control,203,103,34,69,1.3708579558542096,728.4037784381347,-7.536995769730053,0.5559829964764386,0.5700324731437376,0,13.936332512565667
bond_length_control,203,104,34,70,1.4878793099880259,733.8068835981793,3.9437810536802793,0.561973746074059,0.5700324731437376,0,-15.943688080379925
bond_length_control,203,105,35,64,1.3955445382601055,888.5975204841238,-24.933656648492796,0.5144183847535327,0.5700324731437376,0,10.763725334844313
bond_length_control,203,106,35,70,1.4426688103495022,795.3003678135517,-3.891821385868602,0.49640055431251545,0.5700324731437376,0,0.1565232530586016
bond_length_control,203,107,35,71,1.3349269913793924,169.529416551486,11.521138389352318,0.48755448739740537,0.5700324731437376,0,15.770082509790978
