lattice_temperature_K,smearing_degauss_Ry,direction,path_distance_d,signed_path_distance_d,q_distance_2pi_over_a,signed_q_2pi_over_a,q1,q2,thermal_short_cm-1,old_finite_q6_cm-1,MLIP_plus_full_EPC_LR_cm-1,full_EPC_response_correction_cm-2,static_E42_anchored_long_range_correction_cm-2_not_added,old_q6_projected_correction_cm-2
300,0.0019000869,KG,0.06,-0.06,0.039999999999999994,-0.039999999999999994,0.3133333333333333,0.3133333333333333,1315.5878535178463,1287.8597046605107,1307.1412964740944,-22153.031375720195,-192180.80568997373,-72392.66480826259
300,0.0019000869,KG,0.059500000000000004,-0.059500000000000004,0.03966666666666667,-0.03966666666666667,0.3135,0.3135,1315.5450902529954,1287.7682449620158,1306.9856709854985,-22447.340327347807,-192475.11464160134,-72513.6133287195
300,0.0019000869,KG,0.059000000000000004,-0.059000000000000004,0.03933333333333333,-0.03933333333333333,0.31366666666666665,0.31366666666666665,1315.5026331381594,1287.6774234118066,1306.807051346762,-22802.50834381164,-192830.28265806517,-72633.69911246639
300,0.0019000869,KG,0.0585,-0.0585,0.039,-0.039,0.31383333333333335,0.31383333333333335,1315.460483397665,1287.5872428574644,1306.6257359788972,-23165.46945842275,-193193.24377267627,-72752.91866311622
300,0.0019000869,KG,0.058,-0.058,0.03866666666666667,-0.03866666666666667,0.314,0.314,1315.4186422480218,1287.4977061324955,1306.463427237819,-23479.517663641087,-193507.2919778946,-72871.26850492405
300,0.0019000869,KG,0.0575,-0.0575,0.03833333333333333,-0.03833333333333333,0.31416666666666665,0.31416666666666665,1315.3771108978738,1287.4088160561985,1306.2717172756854,-23871.14451966877,-193898.9188339223,-72988.74518294491
300,0.0019000869,KG,0.057,-0.057,0.038,-0.038,0.3143333333333333,0.3143333333333333,1315.3358905479479,1287.3205754335306,1306.099232337401,-24213.30025121519,-194241.07456546873,-73105.34526319308
300,0.0019000869,KG,0.0565,-0.0565,0.03766666666666667,-0.03766666666666667,0.3145,0.3145,1315.294982391008,1287.2329870549734,1305.9247357557554,-24561.475244221645,-194589.2495584752,-73221.06533280526
300,0.0019000869,KG,0.056,-0.056,0.03733333333333333,-0.03733333333333333,0.31466666666666665,0.31466666666666665,1315.254387611803,1287.1460536963998,1305.7288474494972,-24966.281070305336,-194994.05538455886,-73335.90200019446
300,0.0019000869,KG,0.0555,-0.0555,0.037,-0.037,0.31483333333333335,0.31483333333333335,1315.214107387022,1287.0597781189408,1305.561497324743,-25297.324973015442,-195325.09928726897,-73449.85189521681
300,0.0019000869,KG,0.055,-0.055,0.03666666666666667,-0.03666666666666667,0.315,0.315,1315.1741428852433,1286.9741630688513,1305.372816227002,-25684.836769520178,-195712.61108377372,-73562.911669323
300,0.0019000869,KG,0.0545,-0.0545,0.03633333333333333,-0.03633333333333333,0.31516666666666665,0.31516666666666665,1315.134495266889,1286.8892112773763,1305.1822722428844,-26077.97686379668,-196105.7511780502,-73675.07799571795
300,0.0019000869,KG,0.054,-0.054,0.036,-0.036,0.3153333333333333,0.3153333333333333,1315.0951656841764,1286.8049254606196,1305.0108074636391,-26422.087208991758,-196449.8615232453,-73786.34756952034
300,0.0019000869,KG,0.0535,-0.0535,0.035666666666666666,-0.035666666666666666,0.3155,0.3155,1315.0561552810739,1286.721308319408,1304.8107242195406,-26841.66550431773,-196869.43981857126,-73896.71710791848
300,0.0019000869,KG,0.053,-0.053,0.03533333333333333,-0.03533333333333333,0.31566666666666665,0.31566666666666665,1315.0174651932512,1286.6383625391586,1304.629665237784,-27212.37034483096,-197240.1446590845,-74006.1833503272
300,0.0019000869,KG,0.0525,-0.0525,0.034999999999999996,-0.034999999999999996,0.31583333333333335,0.31583333333333335,1314.979096548036,1286.556090789747,1304.4466562906985,-27588.94525030514,-197616.71956455868,-74114.74305854092
300,0.0019000869,KG,0.052000000000000005,-0.052000000000000005,0.034666666666666665,-0.034666666666666665,0.316,0.316,1314.9410504643677,1286.4744957253713,1304.2426947485546,-28020.959391364762,-198048.7337056183,-74222.39301689605
300,0.0019000869,KG,0.051500000000000004,-0.051500000000000004,0.034333333333333334,-0.034333333333333334,0.31616666666666665,0.31616666666666665,1314.9033280527537,1286.393579984422,1304.0666086240205,-28381.042396053614,-198408.81671030715,-74329.13003241995
300,0.0019000869,KG,0.051000000000000004,-0.051000000000000004,0.034,-0.034,0.3163333333333333,0.3163333333333333,1314.8659304152213,1286.3133461893467,1303.869662837759,-28796.317298035265,-198824.0916122888,-74434.95093498648
300,0.0019000869,KG,0.0505,-0.0505,0.033666666666666664,-0.033666666666666664,0.3165,0.3165,1314.8288586452784,1286.233796946517,1303.6708476874785,-29217.24841625623,-199245.02273050975,-74539.8525774729
300,0.0019000869,KG,0.05,-0.05,0.03333333333333333,-0.03333333333333333,0.31666666666666665,0.31666666666666665,1314.7921138278646,1286.1549348460976,1303.49051718245,-29590.774199372263,-199618.5485136258,-74643.83183591245
300,0.0019000869,KG,0.0495,-0.0495,0.033,-0.033,0.31683333333333336,0.31683333333333336,1314.7556970393118,1286.0767624619114,1303.2822430453052,-30037.93786012477,-200065.7121743783,-74746.88560964313
300,0.0019000869,KG,0.049,-0.049,0.03266666666666666,-0.03266666666666666,0.317,0.317,1314.7196093473005,1285.9992823513069,1303.0922972644441,-30438.116012392948,-200465.89032664648,-74849.01082146663
300,0.0019000869,KG,0.0485,-0.0485,0.03233333333333333,-0.03233333333333333,0.31716666666666665,0.31716666666666665,1314.6838518108154,1285.922497055026,1302.9003624402087,-30844.27576529386,-200872.0500795474,-74950.20441779483
300,0.0019000869,KG,0.048,-0.048,0.032,-0.032,0.3173333333333333,0.3173333333333333,1314.6484254801037,1285.8464090970717,1302.68800740502,-31304.437980456747,-201332.21229471028,-75050.46336880335
300,0.0019000869,KG,0.0475,-0.0475,0.03166666666666666,-0.03166666666666666,0.3175,0.3175,1314.613331396637,1285.7710209845757,1302.502447679318,-31695.58487515045,-201723.35918940397,-75149.78466858214
300,0.0019000869,KG,0.047,-0.047,0.03133333333333333,-0.03133333333333333,0.31766666666666665,0.31766666666666665,1314.5785705930648,1285.6963352076618,1302.2964889510429,-32140.673128292638,-202168.44744254617,-75248.16533528456
300,0.0019000869,KG,0.0465,-0.0465,0.031,-0.031,0.31783333333333336,0.31783333333333336,1314.5441440931777,1285.6223542393209,1302.0885124163535,-32591.8126030328,-202619.58691728633,-75345.60241127692
300,0.0019000869,KG,0.046,-0.046,0.030666666666666665,-0.030666666666666665,0.318,0.318,1314.5100529118652,1285.549080535273,1301.8980077183326,-32998.25670539044,-203026.03101964397,-75442.09296328756
300,0.0019000869,KG,0.0455,-0.0455,0.03033333333333333,-0.03033333333333333,0.31816666666666665,0.31816666666666665,1314.4762980550754,1285.476516533837,1301.6802882158358,-33476.36541891399,-203504.13973316754,-75537.63408255363
300,0.0019000869,KG,0.045,-0.045,0.03,-0.03,0.3183333333333333,0.3183333333333333,1314.4428805197774,1285.4046646557993,1301.4796288535456,-33910.861828366666,-203938.6361426202,-75632.22288497034
300,0.0019000869,KG,0.0445,-0.0445,0.029666666666666664,-0.029666666666666664,0.3185,0.3185,1314.4098012939207,1285.3335273042796,1301.2762055500752,-34353.36260672562,-204381.13692097916,-75725.85651123407
300,0.0019000869,KG,0.044,-0.044,0.02933333333333333,-0.02933333333333333,0.31866666666666665,0.31866666666666665,1314.3770613563986,1285.2631068646026,1301.0519820607965,-34850.799395554466,-204878.573709808,-75818.5321269945
300,0.0019000869,KG,0.043500000000000004,-0.043500000000000004,0.029,-0.029,0.31883333333333336,0.31883333333333336,1314.344661677006,1285.1934057041626,1300.8512934891896,-35287.801906344204,-205315.57622059772,-75910.24692299256
300,0.0019000869,KG,0.043000000000000003,-0.043000000000000003,0.028666666666666667,-0.028666666666666667,0.319,0.319,1314.3126032164046,1285.124426172296,1300.6278879201184,-35784.71613793553,-205812.49045218906,-76000.99811520922
300,0.0019000869,KG,0.0425,-0.0425,0.028333333333333335,-0.028333333333333335,0.31916666666666665,0.31916666666666665,1314.2808869260882,1285.0561706001456,1300.39831903754,-36298.4615835646,-206326.23589781811,-76090.7829450077
300,0.0019000869,KG,0.042,-0.042,0.028,-0.028,0.3193333333333333,0.3193333333333333,1314.24951374834,1284.988641300534,1300.1845814410358,-36771.83857074661,-206799.61288500013,-76179.59867927789
300,0.0019000869,KG,0.0415,-0.0415,0.027666666666666666,-0.027666666666666666,0.3195,0.3195,1314.2184846161995,1284.9218405678284,1299.9567261334703,-37282.73548724914,-207310.5098015027,-76267.44261057596
300,0.0019000869,KG,0.041,-0.041,0.027333333333333334,-0.027333333333333334,0.31966666666666665,0.31966666666666665,1314.1878004534287,1284.8557706778124,1299.7597268400675,-37714.22734525372,-207742.00165950725,-76354.31205726817
300,0.0019000869,KG,0.0405,-0.0405,0.027,-0.027,0.31983333333333336,0.31983333333333336,1314.1574621744717,1284.7904338875553,1299.5623943270266,-38147.41863985262,-208175.19295410614,-76440.20436367065
300,0.0019000869,KG,0.04,-0.04,0.026666666666666665,-0.026666666666666665,0.32,0.32,1314.1274706844247,1284.7258324352806,1299.3423941469741,-38640.3519798519,-208668.12629410543,-76525.11690018934
300,0.0019000869,KG,0.0395,-0.0395,0.026333333333333334,-0.026333333333333334,0.32016666666666665,0.32016666666666665,1314.0978268789972,1284.6619685402356,1299.142493834184,-39081.879322399196,-209109.65363665274,-76609.0470634557
300,0.0019000869,KG,0.039,-0.039,0.026,-0.026,0.3203333333333333,0.3203333333333333,1314.0685316444808,1284.5988444025613,1298.921885309302,-39578.041722810565,-209605.8160370641,-76691.99227647267
300,0.0019000869,KG,0.0385,-0.0385,0.025666666666666664,-0.025666666666666664,0.3205,0.3205,1314.0395858577162,1284.5364622031648,1298.6980001527825,-40083.53760028207,-210111.3119145356,-76773.94998874463
300,0.0019000869,KG,0.038,-0.038,0.025333333333333333,-0.025333333333333333,0.32066666666666666,0.32066666666666666,1314.010990386056,1284.4748241035875,1298.488500033678,-40552.49813563114,-210580.27244988468,-76854.91767641407
300,0.0019000869,KG,0.0375,-0.0375,0.024999999999999998,-0.024999999999999998,0.32083333333333336,0.32083333333333336,1313.9827460873364,1284.4139322458748,1298.2545368124138,-41085.814661200995,-211113.58897545454,-76934.8928424026
300,0.0019000869,KG,0.037,-0.037,0.024666666666666663,-0.024666666666666663,0.321,0.321,1313.954853809844,1284.3537887524487,1298.035199814882,-41581.977891988245,-211609.75220624177,-77013.87301654187
300,0.0019000869,KG,0.0365,-0.0365,0.024333333333333332,-0.024333333333333332,0.32116666666666666,0.32116666666666666,1313.9273143922817,1284.29439572598,1297.8134444776615,-42085.25083914126,-212113.0251533948,-77091.85575570574
300,0.0019000869,KG,0.036000000000000004,-0.036000000000000004,0.024,-0.024,0.3213333333333333,0.3213333333333333,1313.9001286637406,1284.2357552492551,1297.574431448126,-42634.142954666924,-212661.91726892046,-77168.83864394698
300,0.0019000869,KG,0.035500000000000004,-0.035500000000000004,0.02366666666666667,-0.02366666666666667,0.3215,0.3215,1313.873297443667,1284.1778693850533,1297.3567647664042,-43128.46665034437,-213156.2409645979,-77244.81929262595
300,0.0019000869,KG,0.035,-0.035,0.023333333333333334,-0.023333333333333334,0.32166666666666666,0.32166666666666666,1313.8468215418343,1284.1207401760141,1297.122019774654,-43667.93629130102,-213695.71060555454,-77319.79534054379
300,0.0019000869,KG,0.0345,-0.0345,0.023,-0.023,0.32183333333333336,0.32183333333333336,1313.82070175831,1284.064369644511,1296.8852588191248,-44213.46182635169,-214241.23614060524,-77393.76445407255
300,0.0019000869,KG,0.034,-0.034,0.02266666666666667,-0.02266666666666667,0.322,0.322,1313.79493888343,1284.008759792524,1296.6619306739092,-44724.97897672476,-214752.7532909783,-77466.72432727984
300,0.0019000869,KG,0.0335,-0.0335,0.022333333333333334,-0.022333333333333334,0.32216666666666666,0.32216666666666666,1313.7695336977672,1283.9539126015127,1296.4169378522727,-45293.51092218539,-215321.2852364389,-77538.67268206384
300,0.0019000869,KG,0.033,-0.033,0.022,-0.022,0.3223333333333333,0.3223333333333333,1313.7444869721044,1283.8998300322883,1296.1849562011541,-45829.13636741167,-215856.9106816652,-77609.60726827463
300,0.0019000869,KG,0.0325,-0.0325,0.021666666666666667,-0.021666666666666667,0.3225,0.3225,1313.7197994674054,1283.8465140248868,1295.9507172565486,-46371.44995491845,-216399.22426917197,-77679.52586384221
300,0.0019000869,KG,0.032,-0.032,0.021333333333333333,-0.021333333333333333,0.32266666666666666,0.32266666666666666,1313.69547193479,1283.7939664984442,1295.7012337912784,-46954.10573372928,-216981.88004798282,-77748.4262749038
300,0.0019000869,KG,0.0315,-0.0315,0.020999999999999998,-0.020999999999999998,0.32283333333333336,0.32283333333333336,1313.671505115502,1283.742189351068,1295.4701317638403,-47489.96106020688,-217517.7353744604,-77816.30633592249
300,0.0019000869,KG,0.031,-0.031,0.020666666666666667,-0.020666666666666667,0.323,0.323,1313.647899740889,1283.6911844597153,1295.2240805284482,-48065.38571288543,-218093.16002713895,-77883.1639098162
300,0.0019000869,KG,0.0305,-0.0305,0.02033333333333333,-0.02033333333333333,0.32316666666666666,0.32316666666666666,1313.624656532373,1283.6409536800625,1294.976193664654,-48646.39609159954,-218674.17040585307,-77948.99688807462
300,0.0019000869,KG,0.03,-0.03,0.019999999999999997,-0.019999999999999997,0.3233333333333333,0.3233333333333333,1313.6017762014242,1283.5914988463846,1294.7392706649457,-49199.847437540935,-219227.62175179448,-78013.80319088309
300,0.0019000869,KG,0.029500000000000002,-0.029500000000000002,0.019666666666666666,-0.019666666666666666,0.3235,0.3235,1313.5792594495385,1283.5428217714289,1294.483880374801,-49801.954305797786,-219829.72862005132,-78077.58076724102
300,0.0019000869,KG,0.029,-0.029,0.019333333333333334,-0.019333333333333334,0.32366666666666666,0.32366666666666666,1313.5571069682123,1283.4949242462894,1294.2391666238989,-50377.252843374656,-220405.02715762818,-78140.32759508112
300,0.0019000869,KG,0.0285,-0.0285,0.019,-0.019,0.32383333333333336,0.32383333333333336,1313.5353194389165,1283.447808040287,1293.99219990467,-50959.22199936985,-220986.9963136234,-78202.04168138427
300,0.0019000869,KG,0.028,-0.028,0.018666666666666665,-0.018666666666666665,0.324,0.324,1313.5138975330763,1283.4014749008422,1293.7327017074258,-51574.45554533735,-221602.22985959088,-78262.72106230268
300,0.0019000869,KG,0.0275,-0.0275,0.018333333333333333,-0.018333333333333333,0.32416666666666666,0.32416666666666666,1313.4928419120454,1283.3559265533531,1293.487280616017,-52154.10063876386,-222181.8749530174,-78322.3638032658
300,0.0019000869,KG,0.027,-0.027,0.018,-0.018,0.3243333333333333,0.3243333333333333,1313.4721532270858,1283.3111647010744,1293.229873274454,-52765.59217353879,-222793.36648779231,-78380.96799910095
300,0.0019000869,KG,0.0265,-0.0265,0.017666666666666664,-0.017666666666666664,0.3245,0.3245,1313.451832119343,1283.267191024995,1292.970916988828,-53381.92311872863,-223409.69743298215,-78438.531774144
300,0.0019000869,KG,0.026000000000000002,-0.026000000000000002,0.017333333333333333,-0.017333333333333333,0.32466666666666666,0.32466666666666666,1313.4318792198276,1283.224007183714,1292.7195074270307,-53979.57646854204,-224007.35078279558,-78495.05328235243
300,0.0019000869,KG,0.025500000000000002,-0.025500000000000002,0.017,-0.017,0.32483333333333336,0.32483333333333336,1313.4122951493925,1283.1816148133228,1292.4544683951067,-54613.30417511751,-224641.07848937105,-78550.53070741358
300,0.0019000869,KG,0.025,-0.025,0.016666666666666666,-0.016666666666666666,0.325,0.325,1313.3930805187122,1283.140015527283,1292.196462249221,-55229.68690502959,-225257.4612192831,-78604.96226285584
300,0.0019000869,KG,0.0245,-0.0245,0.01633333333333333,-0.01633333333333333,0.32516666666666666,0.32516666666666666,1313.3742359282644,1283.0992109163058,1291.9361775824366,-55852.79665383546,-225880.57096808898,-78658.34619215495
300,0.0019000869,KG,0.024,-0.024,0.016,-0.016,0.3253333333333333,0.3253333333333333,1313.3557619683086,1283.0592025482342,1291.6673185752904,-56498.895619876064,-226526.6699341296,-78710.68076884339
300,0.0019000869,KG,0.0235,-0.0235,0.015666666666666666,-0.015666666666666666,0.3255,0.3255,1313.3376592188683,1283.0199919679217,1291.406435119262,-57125.22645505604,-227153.00076930958,-78761.96429661363
300,0.0019000869,KG,0.023,-0.023,0.015333333333333332,-0.015333333333333332,0.32566666666666666,0.32566666666666666,1313.3199282497123,1282.9815806971158,1291.1374338503063,-57773.36084827588,-227801.13516252942,-78812.19510942267
300,0.0019000869,KG,0.0225,-0.0225,0.015,-0.015,0.32583333333333336,0.32583333333333336,1313.302569620336,1282.943970234338,1290.8665764502834,-58427.121174901586,-228454.8954891551,-78861.371571597
300,0.0019000869,KG,0.022,-0.022,0.014666666666666665,-0.014666666666666665,0.326,0.326,1313.2855838799458,1282.9071620547693,1290.5979811145514,-59075.87596993349,-229103.65028418702,-78909.4920779337
300,0.0019000869,KG,0.021500000000000002,-0.021500000000000002,0.014333333333333333,-0.014333333333333333,0.32616666666666666,0.32616666666666666,1313.2689715674398,1282.8711576101311,1290.3225117616994,-59743.20732278048,-229770.981637034,-78956.55505379828
300,0.0019000869,KG,0.021,-0.021,0.014,-0.014,0.3263333333333333,0.3263333333333333,1313.2527332113914,1282.83595832857,1290.0509689181695,-60401.23888048265,-230429.01319473618,-79002.55895522598
300,0.0019000869,KG,0.0205,-0.0205,0.013666666666666667,-0.013666666666666667,0.3265,0.3265,1313.2368693300364,1282.8015656145415,1289.781974641378,-61053.532857941835,-231081.30717219537,-79047.50226902228
300,0.0019000869,KG,0.02,-0.02,0.013333333333333332,-0.013333333333333332,0.32666666666666666,0.32666666666666666,1313.2213804312535,1282.767980848697,1289.5139308691696,-61704.21611610965,-231731.9904303632,-79091.38351285436
300,0.0019000869,KG,0.0195,-0.0195,0.013,-0.013,0.32683333333333336,0.32683333333333336,1313.2062670125526,1282.7352053877664,1289.2464063311872,-62354.40348316297,-232382.17779741652,-79134.20123534942
300,0.0019000869,KG,0.019,-0.019,0.012666666666666666,-0.012666666666666666,0.327,0.327,1313.191529561057,1282.7032405644486,1288.9771546309792,-63009.888150335726,-233037.66246458926,-79175.95401618579
300,0.0019000869,KG,0.0185,-0.0185,0.012333333333333332,-0.012333333333333332,0.32716666666666666,0.32716666666666666,1313.177168553494,1282.6720876872942,1288.7071684431337,-63668.11001345317,-233695.8843277067,-79216.64046619045
300,0.0019000869,KG,0.018000000000000002,-0.018000000000000002,0.012,-0.012,0.3273333333333333,0.3273333333333333,1313.1631844561769,1282.6417480405987,1288.4340156701976,-64335.33627505625,-234363.11058930977,-79256.25922742372
300,0.0019000869,KG,0.0175,-0.0175,0.011666666666666667,-0.011666666666666667,0.3275,0.3275,1313.1495777249945,1282.6122228842855,1288.1643372375822,-64994.45374859221,-235022.22806284574,-79294.80897327552
300,0.0019000869,KG,0.017,-0.017,0.011333333333333334,-0.011333333333333334,0.32766666666666666,0.32766666666666666,1313.1363488053978,1282.5835134537992,1287.8908941853176,-65664.11522851448,-235691.889542768,-79332.28840854586
300,0.0019000869,KG,0.0165,-0.0165,0.011,-0.011,0.32783333333333337,0.32783333333333337,1313.1234981323896,1282.5556209599938,1287.6172815491338,-66335.057603461,-236362.83191771453,-79368.69626953927
300,0.0019000869,KG,0.016,-0.016,0.010666666666666666,-0.010666666666666666,0.328,0.328,1313.1110261305096,1282.5285465890242,1287.350989726098,-66987.99619675516,-237015.77051100868,-79404.03132414563
300,0.0019000869,KG,0.0155,-0.0155,0.010333333333333333,-0.010333333333333333,0.32816666666666666,0.32816666666666666,1313.0989332138286,1282.5022915022378,1287.074999481485,-67666.75411702886,-237694.52843128238,-79438.29237192486
300,0.0019000869,KG,0.015,-0.015,0.009999999999999998,-0.009999999999999998,0.3283333333333333,0.3283333333333333,1313.0872197859328,1282.4768568360673,1286.807697482674,-68323.99646448938,-238351.7707787429,-79471.4782441908
300,0.0019000869,KG,0.0145,-0.0145,0.009666666666666667,-0.009666666666666667,0.3285,0.3285,1313.075886239918,1282.4522437019236,1286.543170527232,-68974.95339448277,-239002.72770873632,-79503.58780409073
300,0.0019000869,KG,0.014,-0.014,0.009333333333333332,-0.009333333333333332,0.32866666666666666,0.32866666666666666,1313.0649329583773,1282.4284531860894,1286.269694570753,-69649.79099384947,-239677.565308103,-79534.61994668594
300,0.0019000869,KG,0.0135,-0.0135,0.009,-0.009,0.32883333333333337,0.32883333333333337,1313.0543603133942,1282.405486349615,1286.0142202801671,-70279.17837521144,-240306.95268946496,-79564.57359902929
300,0.0019000869,KG,0.013000000000000001,-0.013000000000000001,0.008666666666666666,-0.008666666666666666,0.329,0.329,1313.0441686665345,1282.3833442282166,1285.7491120972413,-70934.20961034478,-240961.98392459832,-79593.44772024108
300,0.0019000869,KG,0.0125,-0.0125,0.008333333333333333,-0.008333333333333333,0.32916666666666666,0.32916666666666666,1313.0343583688355,1282.3620278321666,1285.4870606464526,-71582.24316760237,-241610.0174818559,-79621.24130158623
300,0.0019000869,KG,0.012,-0.012,0.008,-0.008,0.3293333333333333,0.3293333333333333,1313.0249297608011,1282.341538146199,1285.2439949616091,-72182.33958847901,-242210.11390273256,-79647.95336654512
300,0.0019000869,KG,0.0115,-0.0115,0.007666666666666666,-0.007666666666666666,0.3295,0.3295,1313.0158831723954,1282.3218761294027,1284.9815798167735,-72833.04899457266,-242860.8233088262,-79673.58297088779
300,0.0019000869,KG,0.011,-0.011,0.007333333333333332,-0.007333333333333332,0.32966666666666666,0.32966666666666666,1313.007218923034,1282.303042715124,1284.7399875165763,-73431.12141990747,-243458.89573416102,-79698.12920274281
300,0.0019000869,KG,0.0105,-0.0105,0.007,-0.007,0.32983333333333337,0.32983333333333337,1312.998937321581,1282.2850388108664,1284.5049833119938,-74013.15725425519,-244040.93156850873,-79721.59118266853
300,0.0019000869,KG,0.01,-0.01,0.006666666666666666,-0.006666666666666666,0.33,0.33,1312.9910386663416,1282.2678652981929,1284.2564752254311,-74630.77345967054,-244658.54777392407,-79743.9680637164
300,0.0019000869,KG,0.0095,-0.0095,0.006333333333333333,-0.006333333333333333,0.33016666666666666,0.33016666666666666,1312.9835232450569,1282.251523032627,1284.0405217600132,-75165.67079127439,-245193.44510552794,-79765.25903150075
300,0.0019000869,KG,0.009000000000000001,-0.009000000000000001,0.006,-0.006,0.3303333333333333,0.3303333333333333,1312.9763913349013,1282.2360128435594,1283.8113875871138,-75735.32530447049,-245763.09961872402,-79785.46330426032
300,0.0019000869,KG,0.0085,-0.0085,0.005666666666666667,-0.005666666666666667,0.3305,0.3305,1312.969643202479,1282.2213355341498,1283.590224496912,-76285.41954721183,-246313.19386146538,-79804.58013292342
300,0.0019000869,KG,0.008,-0.008,0.005333333333333333,-0.005333333333333333,0.33066666666666666,0.33066666666666666,1312.9632791038175,1282.2074918812357,1283.3978382553155,-76762.5610366325,-246790.33535088605,-79822.60880116546
300,0.0019000869,KG,0.0075,-0.0075,0.004999999999999999,-0.004999999999999999,0.33083333333333337,0.33083333333333337,1312.9572992843691,1282.1944826352374,1283.1829372474322,-77298.41930115718,-247326.1936154107,-79839.54862547164
300,0.0019000869,KG,0.007,-0.007,0.004666666666666666,-0.004666666666666666,0.331,0.331,1312.9517039790046,1282.1823085200674,1282.998112850708,-77758.01940289492,-247785.79371714845,-79855.39895519262
300,0.0019000869,KG,0.006500000000000001,-0.006500000000000001,0.004333333333333333,-0.004333333333333333,0.33116666666666666,0.33116666666666666,1312.9464934120144,1282.17097023304,1282.8236776430856,-78191.9066411756,-248219.68095542915,-79870.15917260166
300,0.0019000869,KG,0.006,-0.006,0.004,-0.004,0.3313333333333333,0.3313333333333333,1312.9416677971062,1282.1604684447802,1282.6386049721932,-78654.03207283298,-248681.80638708652,-79883.82869294843
300,0.0019000869,KG,0.0055,-0.0055,0.003666666666666666,-0.003666666666666666,0.3315,0.3315,1312.9372273374029,1282.150803799139,1282.4918209317761,-79018.89217152355,-249046.66648577707,-79896.40696451098
300,0.0019000869,KG,0.005,-0.005,0.003333333333333333,-0.003333333333333333,0.33166666666666667,0.33166666666666667,1312.9331722254449,1282.141976913102,1282.3363151429305,-79407.08959562068,-249434.86390987423,-79907.89346865073
300,0.0019000869,KG,0.0045000000000000005,-0.0045000000000000005,0.003,-0.003,0.33183333333333337,0.33183333333333337,1312.9295026431887,1282.1339883767082,1282.1938730072466,-79762.75093356708,-249790.5252478206,-79918.28771985721
300,0.0019000869,KG,0.004,-0.004,0.0026666666666666666,-0.0026666666666666666,0.332,0.332,1312.926218762007,1282.1268387529612,1282.0803013931647,-80045.35669231266,-250073.1310065662,-79927.5892657976
300,0.0019000869,KG,0.0035,-0.0035,0.002333333333333333,-0.002333333333333333,0.33216666666666667,0.33216666666666667,1312.9233207426914,1282.1205285777498,1281.9552375760227,-80358.4150014189,-250386.18931567244,-79935.79768736476
300,0.0019000869,KG,0.003,-0.003,0.002,-0.002,0.3323333333333333,0.3323333333333333,1312.920808735454,1282.115058359766,1281.857932945525,-80601.28975518538,-250629.0640694389,-79942.91259871869
300,0.0019000869,KG,0.0025,-0.0025,0.0016666666666666666,-0.0016666666666666666,0.3325,0.3325,1312.9186828799288,1282.1104285804208,1281.7727442149157,-80814.10004293075,-250841.87435718428,-79948.9336473313
300,0.0019000869,KG,0.002,-0.002,0.0013333333333333333,-0.0013333333333333333,0.33266666666666667,0.33266666666666667,1312.9169433051738,1282.10663969377,1281.6896965861135,-81022.42168279689,-251050.19599705044,-79953.86051402702
300,0.0019000869,KG,0.0015,-0.0015,0.001,-0.001,0.33283333333333337,0.33283333333333337,1312.9155901296765,1282.1036921264335,1281.6320553148132,-81166.62159508442,-251194.39590933797,-79957.69291302132
300,0.0019000869,KG,0.001,-0.001,0.0006666666666666666,-0.0006666666666666666,0.333,0.333,1312.9146234613552,1282.1015862775212,1281.5788464197865,-81300.46890800197,-251328.2432222555,-79960.43059195825
300,0.0019000869,KG,0.0005,-0.0005,0.0003333333333333333,-0.0003333333333333333,0.33316666666666667,0.33316666666666667,1312.914043397564,1282.1003225185557,1281.5393885132864,-81400.08103953137,-251427.85535378492,-79962.0733319478
300,0.0019000869,K,0.0,0.0,0.0,0.0,0.3333333333333333,0.3333333333333333,1312.9138500250988,1282.0999011934014,1281.5222106840686,-81443.60111114472,-251471.37542539823,-79962.62094759822
300,0.0019000869,KM,0.0005,0.0005,0.0003333333333333333,0.0003333333333333333,0.33349999999999996,0.333,1312.914043421753,1282.1003226198952,1281.5415888261841,-81394.44152291736,-251422.2158371709,-79962.07328683544
300,0.0019000869,KM,0.001,0.001,0.0006666666666666666,0.0006666666666666666,0.3336666666666666,0.33266666666666667,1312.9146236517151,1282.1015870847375,1281.579627199717,-81298.46814515922,-251326.24245941275,-79960.43023153719
300,0.0019000869,KM,0.0015,0.0015,0.001,0.001,0.33383333333333337,0.3323333333333333,1312.9155907701368,1282.10369484839,1281.6298791995296,-81172.20123029643,-251199.97554454996,-79957.6916969969
300,0.0019000869,KM,0.002,0.002,0.0013333333333333333,0.0013333333333333333,0.334,0.332,1312.9169448216323,1282.1066461433797,1281.6964404675866,-81005.13849248784,-251032.91280674137,-79953.85763212621
300,0.0019000869,KM,0.0025,0.0025,0.0016666666666666666,0.0016666666666666666,0.33416666666666667,0.33166666666666667,1312.9186858402875,1282.1104411742306,1281.769262058131,-80823.03447154084,-250850.80878579436,-79948.92801947665
300,0.0019000869,KM,0.003,0.003,0.002,0.002,0.3343333333333333,0.3313333333333333,1312.920813849668,1282.1150801174006,1281.8602039483783,-80595.48097309514,-250623.25528734867,-79942.90287527033
300,0.0019000869,KM,0.0035,0.0035,0.002333333333333333,0.002333333333333333,0.3345,0.331,1312.923328862827,1282.1205631212194,1281.9640228510627,-80335.91158776682,-250363.68590202037,-79935.78224941455
300,0.0019000869,KM,0.004,0.004,0.0026666666666666666,0.0026666666666666666,0.33466666666666667,0.33066666666666666,1312.9262308823122,1282.1268903058271,1282.0724160175967,-80065.60782563694,-250093.38213989045,-79927.56622552774
300,0.0019000869,KM,0.0045000000000000005,0.0045000000000000005,0.003,0.003,0.3348333333333333,0.3303333333333333,1312.9295199001772,1282.1340617631174,1282.205105445553,-79733.99179466924,-249761.76610892278,-79918.25492095109
300,0.0019000869,KM,0.005,0.005,0.003333333333333333,0.003333333333333333,0.33499999999999996,0.33,1312.9331958979897,1282.142077556678,1282.3414203165717,-79394.05863138572,-249421.83294563927,-79907.84848677249
300,0.0019000869,KM,0.0055,0.0055,0.003666666666666666,0.003666666666666666,0.33516666666666667,0.32966666666666666,1312.9372588468414,1282.1509377217371,1282.4892463547637,-79025.5786526481,-249053.3529669016,-79896.34710783414
300,0.0019000869,KM,0.006,0.006,0.004,0.004,0.3353333333333333,0.3293333333333333,1312.9417087073596,1282.160642265108,1282.6588050522992,-78602.32028520817,-248630.0945994617,-79883.75100275007
300,0.0019000869,KM,0.006500000000000001,0.006500000000000001,0.004333333333333333,0.004333333333333333,0.33549999999999996,0.329,1312.9465454297178,1282.1711911651403,1282.825519718667,-78187.31711436094,-248215.09142861445,-79870.06042391268
300,0.0019000869,KM,0.007,0.007,0.004666666666666666,0.004666666666666666,0.3356666666666666,0.32866666666666666,1312.9517689536467,1282.1825843716658,1283.0133683087342,-77719.04433958749,-247746.81865384104,-79855.27565750678
300,0.0019000869,KM,0.0075,0.0075,0.004999999999999999,0.004999999999999999,0.3358333333333334,0.3283333333333333,1312.9573792084457,1282.1948218059547,1283.2105967400546,-77227.6440319429,-247255.4183461964,-79839.39702351329
300,0.0019000869,KM,0.008,0.008,0.005333333333333333,0.005333333333333333,0.336,0.328,1312.9633761129971,1282.2079033606653,1283.4062333988854,-76741.26708692597,-246769.0414011795,-79822.42487571515
300,0.0019000869,KM,0.0085,0.0085,0.005666666666666667,0.005666666666666667,0.33616666666666667,0.32766666666666666,1312.9697595757766,1282.2218288998042,1283.6264394573157,-76192.75348660654,-246220.52780086006,-79804.35960170008
300,0.0019000869,KM,0.009000000000000001,0.009000000000000001,0.006,0.006,0.3363333333333333,0.3273333333333333,1312.9765294948697,1282.2365982586782,1283.8442661132983,-75651.26737239923,-245679.04168665275,-79785.20162286688
300,0.0019000869,KM,0.0095,0.0095,0.006333333333333333,0.006333333333333333,0.3365,0.327,1312.983685757982,1282.2522112438596,1284.0691129259596,-75092.6722961557,-245120.44661040924,-79764.95139441927
300,0.0019000869,KM,0.01,0.01,0.006666666666666666,0.006666666666666666,0.33666666666666667,0.32666666666666666,1312.9912282424561,1282.2686676331434,1284.3114203445393,-74490.14101422699,-244517.91532848054,-79743.60940536579
300,0.0019000869,KM,0.0105,0.0105,0.007,0.007,0.3368333333333333,0.3263333333333333,1312.999156815286,1282.2859671755136,1284.5467907476775,-73906.32817749472,-243934.10249174826,-79721.17617851964
300,0.0019000869,KM,0.011,0.011,0.007333333333333332,0.007333333333333332,0.33699999999999997,0.326,1313.007471333131,1282.3041095911083,1284.7978938795768,-73282.99165922667,-243310.7659734802,-79697.65227048685
300,0.0019000869,KM,0.0115,0.0115,0.007666666666666666,0.007666666666666666,0.33716666666666667,0.32566666666666666,1313.0161716423324,1282.3230945711841,1285.0535456197285,-72648.85188445091,-242676.62619870444,-79673.03827166454
300,0.0019000869,KM,0.012,0.012,0.008,0.008,0.3373333333333333,0.3253333333333333,1313.025257578929,1282.342921778091,1285.3056934332044,-72024.60146840394,-242052.37578265747,-79647.33480622673
300,0.0019000869,KM,0.0125,0.0125,0.008333333333333333,0.008333333333333333,0.33749999999999997,0.325,1313.0347289686758,1282.36359084524,1285.5739487916378,-71359.82166611876,-241387.59598037228,-79620.54253211629
300,0.0019000869,KM,0.013000000000000001,0.013000000000000001,0.008666666666666666,0.008666666666666666,0.3376666666666666,0.32466666666666666,1313.0445856270574,1282.3851013770786,1285.8384050687173,-70705.67989486892,-240733.45420912246,-79592.66214103141
300,0.0019000869,KM,0.0135,0.0135,0.009,0.009,0.3378333333333334,0.3243333333333333,1313.0548273593079,1282.4074529490676,1286.1062084387747,-70043.80026682257,-240071.5745810761,-79563.69435840742
300,0.0019000869,KM,0.014,0.014,0.009333333333333332,0.009333333333333332,0.338,0.324,1313.0654539604297,1282.4306451076573,1286.3834615806668,-69358.47615604954,-239386.25047030306,-79533.63994340436
300,0.0019000869,KM,0.0145,0.0145,0.009666666666666667,0.009666666666666667,0.33816666666666667,0.32366666666666666,1313.0764652152086,1282.4546773702698,1286.6553499914514,-68687.8138404436,-238715.58815469715,-79502.499688886
300,0.0019000869,KM,0.015,0.015,0.009999999999999998,0.009999999999999998,0.3383333333333333,0.3233333333333333,1313.0878608982368,1282.47954922528,1286.9352441646893,-67997.40776507907,-238025.1820793326,-79470.27442139837
300,0.0019000869,KM,0.0155,0.0155,0.010333333333333333,0.010333333333333333,0.3385,0.323,1313.0996407739276,1282.5052601320024,1287.2164584928753,-67304.45558567808,-237332.2298999316,-79436.96500114985
300,0.0019000869,KM,0.016,0.016,0.010666666666666666,0.010666666666666666,0.33866666666666667,0.32266666666666666,1313.1118045965407,1282.5318095206758,1287.4946285700119,-66620.19277415126,-236647.9670884048,-79402.57232198486
300,0.0019000869,KM,0.0165,0.0165,0.011,0.011,0.3388333333333333,0.3223333333333333,1313.1243521101958,1282.5591967924543,1287.7795167447266,-65919.48035753935,-235947.25467179288,-79367.097311357
300,0.0019000869,KM,0.017,0.017,0.011333333333333334,0.011333333333333334,0.33899999999999997,0.322,1313.1372830488992,1282.5874213193988,1288.0618564849678,-65226.1780015419,-235253.95231579544,-79330.54093030348
300,0.0019000869,KM,0.0175,0.0175,0.011666666666666667,0.011666666666666667,0.33916666666666667,0.32166666666666666,1313.1505971365614,1282.616482444471,1288.3451348916317,-64531.30416117192,-234559.07847542546,-79292.90417341249
300,0.0019000869,KM,0.018000000000000002,0.018000000000000002,0.012,0.012,0.3393333333333333,0.3213333333333333,1313.1642940870192,1282.6463794815288,1288.6309841862424,-63830.649860256235,-233858.42417450977,-79254.18806879291
300,0.0019000869,KM,0.0185,0.0185,0.012333333333333332,0.012333333333333332,0.33949999999999997,0.321,1313.1783736040588,1282.6771117153266,1288.9146556355822,-63136.45138920973,-233164.22570346325,-79214.3936780415
300,0.0019000869,KM,0.019,0.019,0.012666666666666666,0.012666666666666666,0.3396666666666666,0.32066666666666666,1313.1928353814365,1282.7086784015148,1289.1996669392092,-62439.64166096877,-232467.4159752223,-79173.5220962045
300,0.0019000869,KM,0.0195,0.0195,0.013,0.013,0.3398333333333334,0.3203333333333333,1313.2076791029017,1282.741078766644,1289.484483456245,-61744.175380411296,-231771.94969466483,-79131.57445174108
300,0.0019000869,KM,0.02,0.02,0.013333333333333332,0.013333333333333332,0.34,0.32,1313.2229044422222,1282.7743120081725,1289.7685608131349,-61051.45628968025,-231079.2306039338,-79088.55190648642
300,0.0019000869,KM,0.0205,0.0205,0.013666666666666667,0.013666666666666667,0.3401666666666667,0.31966666666666665,1313.2385110632044,1282.8083772944706,1290.0513275014857,-60362.9593511564,-230390.73366540993,-79044.45565560738
300,0.0019000869,KM,0.021,0.021,0.014,0.014,0.3403333333333333,0.3193333333333333,1313.2544986197217,1282.8432737648366,1290.3346733561239,-59673.80887988089,-229701.5831941344,-78999.28692756189
300,0.0019000869,KM,0.021500000000000002,0.021500000000000002,0.014333333333333333,0.014333333333333333,0.3405,0.319,1313.2708667557329,1282.8790005295061,1290.6178050832782,-58986.0506713756,-229013.82498562912,-78953.04698405135
300,0.0019000869,KM,0.022,0.022,0.014666666666666665,0.014666666666666665,0.3406666666666667,0.31866666666666665,1313.2876151053138,1282.9155566696695,1290.8983152908809,-58305.899568168075,-228333.6738824216,-78905.73711997586
300,0.0019000869,KM,0.0225,0.0225,0.015,0.015,0.3408333333333333,0.3183333333333333,1313.3047432926776,1282.952941237491,1291.1805686628225,-57622.08786259615,-227649.86217684968,-78857.35866338578
300,0.0019000869,KM,0.023,0.023,0.015333333333333332,0.015333333333333332,0.34099999999999997,0.318,1313.322250932203,1282.991153256127,1291.459309633152,-56948.186355490274,-226975.9606697438,-78807.91297542972
300,0.0019000869,KM,0.0235,0.0235,0.015666666666666666,0.015666666666666666,0.3411666666666667,0.31766666666666665,1313.3401376284583,1283.0301917197523,1291.737298210086,-56277.069518844444,-226304.84383309798,-78757.40145030296
300,0.0019000869,KM,0.024,0.024,0.016,0.016,0.3413333333333333,0.3173333333333333,1313.3584029762314,1283.0700555935855,1292.0175961286004,-55600.82596234877,-225628.60027660232,-78705.82551519248
300,0.0019000869,KM,0.0245,0.0245,0.01633333333333333,0.01633333333333333,0.34149999999999997,0.317,1313.3770465605514,1283.1107438139152,1292.2913944752152,-54942.21819742126,-224969.9925116748,-78653.18663022283
300,0.0019000869,KM,0.025,0.025,0.016666666666666666,0.016666666666666666,0.3416666666666666,0.31666666666666665,1313.396067956723,1283.152255288135,1292.5674212631432,-54278.692813330395,-224306.46712758392,-78599.48628839548
300,0.0019000869,KM,0.025500000000000002,0.025500000000000002,0.017,0.017,0.3418333333333334,0.3163333333333333,1313.415466730347,1283.1945888947741,1292.842153185414,-53619.35519339794,-223647.12950765147,-78544.72601553246
300,0.0019000869,KM,0.026000000000000002,0.026000000000000002,0.017333333333333333,0.017333333333333333,0.342,0.316,1313.4352424373524,1283.2377434835355,1293.1112096055565,-52975.53566892036,-223003.3099831739,-78488.90737020952
300,0.0019000869,KM,0.0265,0.0265,0.017666666666666664,0.017666666666666664,0.3421666666666667,0.31566666666666665,1313.4553946240242,1283.281717875334,1293.3857864032118,-52318.28119709621,-222346.05551134975,-78432.03194369956
300,0.0019000869,KM,0.027,0.027,0.018,0.018,0.3423333333333333,0.3153333333333333,1313.4759228270332,1283.3265108623389,1293.6543252631334,-51677.48657431347,-221705.26088856702,-78374.10135990137
300,0.0019000869,KM,0.0275,0.0275,0.018333333333333333,0.018333333333333333,0.3425,0.315,1313.4968265734624,1283.372121208018,1293.9215619593142,-51040.9049153257,-221068.67922957923,-78315.11727527386
300,0.0019000869,KM,0.028,0.028,0.018666666666666665,0.018666666666666665,0.3426666666666667,0.31466666666666665,1313.5181053808406,1283.4185476471844,1294.193087016446,-50394.06668211454,-220421.8409963681,-78255.08137877172
300,0.0019000869,KM,0.0285,0.0285,0.019,0.019,0.3428333333333333,0.3143333333333333,1313.5397587571688,1283.4657888860463,1294.4545212557687,-49774.19023633989,-219801.96455059343,-78193.99539176728
300,0.0019000869,KM,0.029,0.029,0.019333333333333334,0.019333333333333334,0.34299999999999997,0.314,1313.561786200952,1283.5138436022592,1294.720110130165,-49144.402591969694,-219172.17690622323,-78131.86106798494
300,0.0019000869,KM,0.029500000000000002,0.029500000000000002,0.019666666666666666,0.019666666666666666,0.3431666666666667,0.31366666666666665,1313.5841872012318,1283.562710444982,1294.9848397479145,-48517.68168818981,-218545.45600244333,-78068.68019342111
300,0.0019000869,KM,0.03,0.03,0.019999999999999997,0.019999999999999997,0.3433333333333333,0.3133333333333333,1313.6069612376136,1283.6123880349344,1295.2418686665867,-47911.75026500767,-217939.5245792612,-78004.45458627102
300,0.0019000869,KM,0.0305,0.0305,0.02033333333333333,0.02033333333333333,0.34349999999999997,0.313,1313.6301077803041,1283.6628749644556,1295.5066768293714,-47286.51035741206,-217314.28467166558,-77939.18609685256
300,0.0019000869,KM,0.031,0.031,0.020666666666666667,0.020666666666666667,0.3436666666666666,0.31266666666666665,1313.6536262901354,1283.714169797572,1295.763089585661,-46683.865532645694,-216711.63984689923,-77872.8766075223
300,0.0019000869,KM,0.0315,0.0315,0.020999999999999998,0.020999999999999998,0.3438333333333334,0.31233333333333335,1313.6775162186036,1283.766271070059,1296.0181658757908,-46085.53033823063,-216113.30465248416,-77805.52803259372
300,0.0019000869,KM,0.032,0.032,0.021333333333333333,0.021333333333333333,0.34400000000000003,0.312,1313.7017770078994,1283.81917728951,1296.2791862658921,-45472.630167549665,-215500.40448180318,-77737.14231826179
300,0.0019000869,KM,0.0325,0.0325,0.021666666666666667,0.021666666666666667,0.3441666666666667,0.3116666666666667,1313.7264080909401,1283.8728869354125,1296.5280493651467,-44892.09252493111,-214919.86683918466,-77667.72144250781
300,0.0019000869,KM,0.033,0.033,0.022,0.022,0.3443333333333333,0.3113333333333333,1313.7514088914038,1283.927398459216,1296.7830182501493,-44296.56794218326,-214324.3422564368,-77597.26741501894
300,0.0019000869,KM,0.0335,0.0335,0.022333333333333334,0.022333333333333334,0.34450000000000003,0.311,1313.7767788237645,1283.9827102844133,1297.0367211528671,-43705.168557567085,-213732.94287182062,-77525.78227709663
300,0.0019000869,KM,0.034,0.034,0.02266666666666667,0.02266666666666667,0.3446666666666667,0.31066666666666665,1313.8025172933233,1284.0388208066204,1297.280721300397,-43139.78458859516,-213167.5589028487,-77453.2681015687
300,0.0019000869,KM,0.0345,0.0345,0.023,0.023,0.3448333333333333,0.31033333333333335,1313.828623696244,1284.095728393656,1297.5345372084416,-42549.77719484361,-212577.55150909716,-77379.72699269599
300,0.0019000869,KM,0.035,0.035,0.023333333333333334,0.023333333333333334,0.345,0.31,1313.8550974195896,1284.153431385629,1297.7790916885217,-41984.64619155586,-212012.4205058094,-77305.16108607729
300,0.0019000869,KM,0.035500000000000004,0.035500000000000004,0.02366666666666667,0.02366666666666667,0.3451666666666667,0.3096666666666667,1313.8819378413536,1284.2119280950271,1298.02303078436,-41421.958139135146,-211449.7324533887,-77229.57254855515
300,0.0019000869,KM,0.036000000000000004,0.036000000000000004,0.024,0.024,0.3453333333333333,0.3093333333333333,1313.9091443305,1284.2712168068047,1298.2739683558702,-40841.94264480797,-210869.7169590615,-77152.96357812177
300,0.0019000869,KM,0.0365,0.0365,0.024333333333333332,0.024333333333333332,0.3455,0.309,1313.9367162469948,1284.331295778481,1298.510362536513,-40300.53268722928,-210328.3070014828,-77075.33640381275
300,0.0019000869,KM,0.037,0.037,0.024666666666666663,0.024666666666666663,0.3456666666666666,0.3086666666666667,1313.9646529418449,1284.3921632402319,1298.7538676680158,-39741.500397953314,-209769.27471220685,-76996.69328561364
300,0.0019000869,KM,0.0375,0.0375,0.024999999999999998,0.024999999999999998,0.3458333333333334,0.30833333333333335,1313.9929537571334,1284.4538173949918,1298.9962254527486,-39186.28878290658,-209214.0630971601,-76917.03651435344
300,0.0019000869,KM,0.038,0.038,0.025333333333333333,0.025333333333333333,0.34600000000000003,0.308,1314.0216180260566,1284.5162564185543,1299.2279902622186,-38659.44195901126,-208687.21627326478,-76836.36841160263
300,0.0019000869,KM,0.0385,0.0385,0.025666666666666664,0.025666666666666664,0.3461666666666667,0.3076666666666667,1314.050645072961,1284.5794784596774,1299.4715286224396,-38102.84411632443,-208130.61843057798,-76754.69132956638
300,0.0019000869,KM,0.039,0.039,0.026,0.026,0.3463333333333333,0.30733333333333335,1314.0800342133791,1284.6434816401904,1299.704941800928,-37573.40057648249,-207601.17489073603,-76672.00765097734
300,0.0019000869,KM,0.0395,0.0395,0.026333333333333334,0.026333333333333334,0.34650000000000003,0.307,1314.1097847540714,1284.708264055104,1299.93685617497,-37048.69634432674,-207076.47065858028,-76588.31978898766
300,0.0019000869,KM,0.04,0.04,0.026666666666666665,0.026666666666666665,0.3466666666666667,0.3066666666666667,1314.1398959930586,1284.7738237727237,1300.1761942090943,-36505.53025260165,-206533.3045668552,-76503.63018705767
300,0.0019000869,KM,0.0405,0.0405,0.027,0.027,0.3468333333333333,0.30633333333333335,1314.1703672196659,1284.8401588347645,1300.3994221336538,-36005.09699273024,-206032.87130698378,-76417.94131884331
300,0.0019000869,KM,0.041,0.041,0.027333333333333334,0.027333333333333334,0.347,0.306,1314.2011977145562,1284.9072672564694,1300.6313164330318,-35482.966788052894,-205510.74110230643,-76331.25568808394
300,0.0019000869,KM,0.0415,0.0415,0.027666666666666666,0.027666666666666666,0.3471666666666667,0.3056666666666667,1314.2323867497719,1284.97514702673,1300.8637103509925,-34960.373473850035,-204988.14778810355,-76243.57582848439
300,0.0019000869,KM,0.042,0.042,0.028,0.028,0.3473333333333333,0.30533333333333335,1314.263933588775,1285.0437961082112,1301.0861355572065,-34464.554993054,-204492.32930730755,-76154.9043035992
300,0.0019000869,KM,0.0425,0.0425,0.028333333333333335,0.028333333333333335,0.3475,0.305,1314.2958374864834,1285.1132124374774,1301.322262460395,-33933.91765925555,-203961.6919735091,-76065.24370671627
300,0.0019000869,KM,0.043000000000000003,0.043000000000000003,0.028666666666666667,0.028666666666666667,0.3476666666666666,0.3046666666666667,1314.3280976893145,1285.1833939251178,1301.5477153586266,-33431.89302035118,-203459.66733460472,-75974.59666073209
300,0.0019000869,KM,0.043500000000000004,0.043500000000000004,0.029,0.029,0.3478333333333334,0.30433333333333334,1314.3607134352214,1285.2543384558846,1301.7721333881632,-32933.39775597397,-202961.1720702275,-75882.96581803374
300,0.0019000869,KM,0.044,0.044,0.02933333333333333,0.02933333333333333,0.34800000000000003,0.304,1314.3936839537362,1285.3260438888224,1302.0054279347307,-32412.62204597357,-202440.3963602271,-75790.35386037233
300,0.0019000869,KM,0.0445,0.0445,0.029666666666666664,0.029666666666666664,0.3481666666666667,0.3036666666666667,1314.4270084660109,1285.3985080574053,1302.2220702655845,-31936.040298122294,-201963.81461237583,-75696.76349874477
300,0.0019000869,KM,0.045,0.045,0.03,0.03,0.34833333333333333,0.30333333333333334,1314.4606861848551,1285.4717287696776,1302.4477222869825,-31436.82623501121,-201464.60054926475,-75602.19747325803
300,0.0019000869,KM,0.0455,0.0455,0.03033333333333333,0.03033333333333333,0.34850000000000003,0.303,1314.4947163147797,1285.545703808397,1302.6727635893023,-30940.030222083486,-200967.80453633703,-75506.65855300805
300,0.0019000869,KM,0.046,0.046,0.030666666666666665,0.030666666666666665,0.3486666666666667,0.3026666666666667,1314.5290980520388,1285.620430931177,1302.886321674227,-30473.98241970929,-200501.75673396283,-75410.14953594675
300,0.0019000869,KM,0.0465,0.0465,0.031,0.031,0.34883333333333333,0.30233333333333334,1314.563830584671,1285.6959078706354,1303.1135804171197,-29973.061213919053,-200000.83552817258,-75312.67324875566
300,0.0019000869,KM,0.047,0.047,0.03133333333333333,0.03133333333333333,0.349,0.302,1314.5989130925393,1285.7721323345418,1303.3287198180474,-29504.550401535143,-199532.32471578868,-75214.23254670948
300,0.0019000869,KM,0.0475,0.0475,0.03166666666666666,0.03166666666666666,0.3491666666666667,0.3016666666666667,1314.6343447473764,1285.849102005974,1303.5431160298488,-29038.805040556093,-199066.57935480963,-75114.8303135424
300,0.0019000869,KM,0.048,0.048,0.032,0.032,0.34933333333333333,0.30133333333333334,1314.6701247128265,1285.9268145434696,1303.7673702057061,-28548.181199335748,-198575.9555135893,-75014.469461315
300,0.0019000869,KM,0.0485,0.0485,0.03233333333333333,0.03233333333333333,0.3495,0.301,1314.706252144486,1286.005267581183,1303.9743912312613,-28103.31644086259,-198131.09075511614,-74913.15293027698
300,0.0019000869,KM,0.049,0.049,0.03266666666666666,0.03266666666666666,0.3496666666666666,0.3006666666666667,1314.74272618995,1286.0844587290474,1304.191542630748,-27632.856199813243,-197660.63051406678,-74810.88368872774
300,0.0019000869,KM,0.0495,0.0495,0.033,0.033,0.3498333333333334,0.30033333333333334,1314.7795459888528,1286.1643855729344,1304.4083429716632,-27164.129336572925,-197191.90365082645,-74707.66473287877
300,0.0019000869,KM,0.05,0.05,0.03333333333333333,0.03333333333333333,0.35000000000000003,0.3,1314.816710672912,1286.2450456748197,1304.61313656452,-26727.546568022255,-196755.3208822758,-74603.49908671148
300,0.0019000869,KM,0.0505,0.0505,0.033666666666666664,0.033666666666666664,0.3501666666666667,0.2996666666666667,1314.8542193659741,1286.3264365729508,1304.8320494968734,-26254.940790293116,-196282.71510454666,-74498.38980183403
300,0.0019000869,KM,0.051000000000000004,0.051000000000000004,0.034,0.034,0.35033333333333333,0.29933333333333334,1314.8920711840567,1286.4085557820138,1305.038066301296,-25816.80436727337,-195844.5786815269,-74392.3399573425
300,0.0019000869,KM,0.051500000000000004,0.051500000000000004,0.034333333333333334,0.034333333333333334,0.35050000000000003,0.299,1314.9302652353929,1286.4914007933073,1305.2439195078557,-25379.913019792242,-195407.68733404577,-74285.35265966818
300,0.0019000869,KM,0.052000000000000005,0.052000000000000005,0.034666666666666665,0.034666666666666665,0.3506666666666667,0.2986666666666667,1314.9688006204765,1286.5749690749149,1305.4608416207172,-24914.93760018314,-194942.71191443666,-74177.43104243751
300,0.0019000869,KM,0.0525,0.0525,0.034999999999999996,0.034999999999999996,0.35083333333333333,0.29833333333333334,1315.0076764321068,1286.659258071881,1305.6598107459113,-24497.647678320503,-194525.42199257403,-74068.57826632248
300,0.0019000869,KM,0.053,0.053,0.03533333333333333,0.03533333333333333,0.351,0.298,1315.0468917554333,1286.7442652063905,1305.869753500181,-24052.51440900088,-194080.2887232544,-73958.79751889098
300,0.0019000869,KM,0.0535,0.0535,0.035666666666666666,0.035666666666666666,0.3511666666666667,0.2976666666666667,1315.0864456679997,1286.829987877949,1306.0797376891937,-23608.0783774193,-193635.85269167283,-73848.09201445768
300,0.0019000869,KM,0.054,0.054,0.036,0.036,0.35133333333333333,0.29733333333333334,1315.126337239792,1286.9164234635632,1306.2775529788387,-23196.23748536805,-193224.01179962157,-73736.46499393115
300,0.0019000869,KM,0.0545,0.0545,0.03633333333333333,0.03633333333333333,0.3515,0.297,1315.166565533281,1287.0035693179295,1306.4911129380225,-22744.066910574285,-192771.8412248278,-73623.91972466148
300,0.0019000869,KM,0.055,0.055,0.03666666666666667,0.03666666666666667,0.3516666666666666,0.2966666666666667,1315.207129603472,1287.091422773618,1306.6919229103162,-22326.01236074496,-192353.7866749985,-73510.45950028942
300,0.0019000869,KM,0.0555,0.0555,0.037,0.037,0.3518333333333334,0.29633333333333334,1315.2480284979458,1287.1799811412627,1306.8925820980724,-21909.155324764928,-191936.92963901846,-73396.08764058501
300,0.0019000869,KM,0.056,0.056,0.03733333333333333,0.03733333333333333,0.35200000000000004,0.296,1315.28926125691,1287.2692417097517,1307.1046409207172,-21463.29846127141,-191491.07277552495,-73280.80749129619
300,0.0019000869,KM,0.0565,0.0565,0.03766666666666667,0.03766666666666667,0.3521666666666667,0.2956666666666667,1315.3308269132422,1287.3592017464225,1307.2984128279597,-21066.04404576972,-191093.81836002326,-73164.62242398874
300,0.0019000869,KM,0.057,0.057,0.038,0.038,0.35233333333333333,0.29533333333333334,1315.3727244925374,1287.4498584972546,1307.5038550796235,-20639.073290842636,-190666.84760509618,-73047.5358358882
300,0.0019000869,KM,0.0575,0.0575,0.03833333333333333,0.03833333333333333,0.35250000000000004,0.295,1315.4149530131563,1287.5412091870676,1307.7094457243036,-20212.504174038913,-190240.27848829245,-72929.55114971976
300,0.0019000869,KM,0.058,0.058,0.03866666666666667,0.03866666666666667,0.3526666666666667,0.2946666666666667,1315.4575114862696,1287.633251019719,1307.9023298589132,-19819.960075277108,-189847.73438953064,-72810.67181354668
300,0.0019000869,KM,0.0585,0.0585,0.039,0.039,0.35283333333333333,0.29433333333333334,1315.5003989159084,1287.725981178307,1308.1113943265273,-19385.879581023946,-189413.65389527747,-72690.90130060923
300,0.0019000869,KM,0.059000000000000004,0.059000000000000004,0.03933333333333333,0.03933333333333333,0.353,0.294,1315.5436142990084,1287.8193968253727,1308.3073143508614,-18986.972338934673,-189014.7466531882,-72570.24310915759
300,0.0019000869,KM,0.059500000000000004,0.059500000000000004,0.03966666666666667,0.03966666666666667,0.3531666666666667,0.2936666666666667,1315.5871566254607,1287.9134951031003,1308.5031038712223,-18589.193837240025,-188616.96815149355,-72448.70076229313
300,0.0019000869,KM,0.06,0.06,0.039999999999999994,0.039999999999999994,0.35333333333333333,0.29333333333333333,1315.6310248781574,1288.0082731335306,1308.710117323997,-18162.822435760954,-188190.5967500145,-72326.2778077983
450,0.0019000869,KG,0.06,-0.06,0.039999999999999994,-0.039999999999999994,0.3133333333333333,0.3133333333333333,1296.2567186889785,1267.9591959290678,1287.6833653389324,-22153.031375720195,-192180.80568997373,-72694.90180999694
450,0.0019000869,KG,0.059500000000000004,-0.059500000000000004,0.03966666666666667,-0.03966666666666667,0.3135,0.3135,1296.2375776363447,1267.892952607144,1287.5498115992216,-22447.340327347807,-192475.11464160134,-72811.75807086799
450,0.0019000869,KG,0.059000000000000004,-0.059000000000000004,0.03933333333333333,-0.03933333333333333,0.31366666666666665,0.31366666666666665,1296.218556750223,1267.827164453288,1287.3927289369856,-22802.50834381164,-192830.28265806517,-72927.75917698408
450,0.0019000869,KG,0.0585,-0.0585,0.039,-0.039,0.31383333333333335,0.31383333333333335,1296.1996567119982,1267.7618334940762,1287.2327220055738,-23165.46945842275,-193193.24377267627,-73042.90215280658
450,0.0019000869,KG,0.058,-0.058,0.03866666666666667,-0.03866666666666667,0.314,0.314,1296.1808782038224,1267.6969617494658,1287.0918193188818,-23479.517663641087,-193507.2919778946,-73157.18404362697
450,0.0019000869,KG,0.0575,-0.0575,0.03833333333333333,-0.03833333333333333,0.31416666666666665,0.31416666666666665,1296.162221908584,1267.6325512327094,1286.920883731136,-23871.14451966877,-193898.9188339223,-73270.60191566547
450,0.0019000869,KG,0.057,-0.057,0.038,-0.038,0.3143333333333333,0.3143333333333333,1296.1436885098717,1267.5686039502732,1286.7692726408877,-24213.30025121519,-194241.07456546873,-73383.15285615857
450,0.0019000869,KG,0.0565,-0.0565,0.03766666666666667,-0.03766666666666667,0.3145,0.3145,1296.1252786919456,1267.5051219017514,1286.6154292639471,-24561.475244221645,-194589.2495584752,-73494.83397345482
450,0.0019000869,KG,0.056,-0.056,0.03733333333333333,-0.03733333333333333,0.31466666666666665,0.31466666666666665,1296.1069931397026,1267.4421070797812,1286.4396824551611,-24966.281070305336,-194994.05538455886,-73605.64239710257
450,0.0019000869,KG,0.0555,-0.0555,0.037,-0.037,0.31483333333333335,0.31483333333333335,1296.088832538644,1267.3795614699607,1286.2927104117357,-25297.324973015442,-195325.09928726897,-73715.5752779447
450,0.0019000869,KG,0.055,-0.055,0.03666666666666667,-0.03666666666666667,0.315,0.315,1296.0707975748464,1267.3174870507617,1286.1238958812553,-25684.836769520178,-195712.61108377372,-73824.62978820637
450,0.0019000869,KG,0.0545,-0.0545,0.03633333333333333,-0.03633333333333333,0.31516666666666665,0.31516666666666665,1296.0528889349239,1267.2558857934507,1285.9529983839868,-26077.97686379668,-196105.7511780502,-73932.80312158176
450,0.0019000869,KG,0.054,-0.054,0.036,-0.036,0.3153333333333333,0.3153333333333333,1296.0351073059999,1267.1947596619982,1285.8012724214746,-26422.087208991758,-196449.8615232453,-74040.09249333027
450,0.0019000869,KG,0.0535,-0.0535,0.035666666666666666,-0.035666666666666666,0.3155,0.3155,1296.0174533756733,1267.1341106130021,1285.6203070697225,-26841.66550431773,-196869.43981857126,-74146.4951403557
450,0.0019000869,KG,0.053,-0.053,0.03533333333333333,-0.03533333333333333,0.31566666666666665,0.31566666666666665,1295.9999278319858,1267.0739405955972,1285.4584561920633,-27212.37034483096,-197240.1446590845,-74252.00832130056
450,0.0019000869,KG,0.0525,-0.0525,0.034999999999999996,-0.034999999999999996,0.31583333333333335,0.31583333333333335,1295.982531363391,1267.014251551376,1285.2944317738084,-27588.94525030514,-197616.71956455868,-74356.62931662882
450,0.0019000869,KG,0.052000000000000005,-0.052000000000000005,0.034666666666666665,-0.034666666666666665,0.316,0.316,1295.9652646587208,1266.9550454143043,1285.1089478369465,-28020.959391364762,-198048.7337056183,-74460.35542871359
450,0.0019000869,KG,0.051500000000000004,-0.051500000000000004,0.034333333333333334,-0.034333333333333334,0.31616666666666665,0.31616666666666665,1295.948128407153,1266.8963241106364,1284.9515590581425,-28381.042396053614,-198408.81671030715,-74563.18398192302
450,0.0019000869,KG,0.051000000000000004,-0.051000000000000004,0.034,-0.034,0.3163333333333333,0.3163333333333333,1295.931123298181,1266.8380895588307,1284.7728044424234,-28796.317298035265,-198824.0916122888,-74665.11232270233
450,0.0019000869,KG,0.0505,-0.0505,0.033666666666666664,-0.033666666666666664,0.3165,0.3165,1295.9142500215787,1266.7803436694708,1284.5919566121902,-29217.24841625623,-199245.02273050975,-74766.13781966158
450,0.0019000869,KG,0.05,-0.05,0.03333333333333333,-0.03333333333333333,0.31666666666666665,0.31666666666666665,1295.8975092673713,1266.723088345177,1284.4296712261068,-29590.774199372263,-199618.5485136258,-74866.25786365593
450,0.0019000869,KG,0.0495,-0.0495,0.033,-0.033,0.31683333333333336,0.31683333333333336,1295.8809017258002,1266.6663254805262,1284.2388304351912,-30037.93786012477,-200065.7121743783,-74965.46986787063
450,0.0019000869,KG,0.049,-0.049,0.03266666666666666,-0.03266666666666666,0.317,0.317,1295.8644280872934,1266.6100569619675,1284.0663923526754,-30438.116012392948,-200465.89032664648,-75063.77126790128
450,0.0019000869,KG,0.0485,-0.0485,0.03233333333333333,-0.03233333333333333,0.31716666666666665,0.31716666666666665,1295.8480890424328,1266.5542846677408,1283.8917376903835,-30844.27576529386,-200872.0500795474,-75161.15952183635
450,0.0019000869,KG,0.048,-0.048,0.032,-0.032,0.3173333333333333,0.3173333333333333,1295.8318852819202,1266.4990104677913,1283.6961622334309,-31304.437980456747,-201332.21229471028,-75257.63211033648
450,0.0019000869,KG,0.0475,-0.0475,0.03166666666666666,-0.03166666666666666,0.3175,0.3175,1295.8158174965486,1266.444236223688,1283.5275797578713,-31695.58487515045,-201723.35918940397,-75353.18653671684
450,0.0019000869,KG,0.047,-0.047,0.03133333333333333,-0.03133333333333333,0.31766666666666665,0.31766666666666665,1295.7998863771675,1266.3899637885427,1283.3380974656623,-32140.673128292638,-202168.44744254617,-75447.82032702236
450,0.0019000869,KG,0.0465,-0.0465,0.031,-0.031,0.31783333333333336,0.31783333333333336,1295.7840926146519,1266.3361950069243,1283.1463681397163,-32591.8126030328,-202619.58691728633,-75541.53103011246
450,0.0019000869,KG,0.046,-0.046,0.030666666666666665,-0.030666666666666665,0.318,0.318,1295.76843689987,1266.2829317147787,1282.9721685837699,-32998.25670539044,-203026.03101964397,-75634.31621773107
450,0.0019000869,KG,0.0455,-0.0455,0.03033333333333333,-0.03033333333333333,0.31816666666666665,0.31816666666666665,1295.7529199236521,1266.230175739344,1282.770152471501,-33476.36541891399,-203504.13973316754,-75726.17348459188
450,0.0019000869,KG,0.045,-0.045,0.03,-0.03,0.3183333333333333,0.3183333333333333,1295.7375423767594,1266.1779288990713,1282.585247418743,-33910.861828366666,-203938.6361426202,-75817.10044844929
450,0.0019000869,KG,0.0445,-0.0445,0.029666666666666664,-0.029666666666666664,0.3185,0.3185,1295.7223049498496,1266.1261930035396,1282.3973366074279,-34353.36260672562,-204381.13692097916,-75907.09475017506
450,0.0019000869,KG,0.044,-0.044,0.02933333333333333,-0.02933333333333333,0.31866666666666665,0.31866666666666665,1295.7072083334463,1266.074969853376,1282.1881181525966,-34850.799395554466,-204878.573709808,-75996.15405383437
450,0.0019000869,KG,0.043500000000000004,-0.043500000000000004,0.029,-0.029,0.31883333333333336,0.31883333333333336,1295.6922532179099,1266.024261240172,1282.0025792261727,-35287.801906344204,-205315.57622059772,-76084.2760467621
450,0.0019000869,KG,0.043000000000000003,-0.043000000000000003,0.028666666666666667,-0.028666666666666667,0.319,0.319,1295.677440293401,1265.9740689464027,1281.7937872947132,-35784.71613793553,-205812.49045218906,-76171.45843963185
450,0.0019000869,KG,0.0425,-0.0425,0.028333333333333335,-0.028333333333333335,0.31916666666666665,0.31916666666666665,1295.6627702498547,1265.9243947453451,1281.5785393911533,-36298.4615835646,-206326.23589781811,-76257.6989665345
450,0.0019000869,KG,0.042,-0.042,0.028,-0.028,0.3193333333333333,0.3193333333333333,1295.648243776942,1265.8752404009947,1281.3791527223814,-36771.83857074661,-206799.61288500013,-76342.9953850439
450,0.0019000869,KG,0.0415,-0.0415,0.027666666666666666,-0.027666666666666666,0.3195,0.3195,1295.633861564044,1265.8266076679888,1281.1652382671443,-37282.73548724914,-207310.5098015027,-76427.34547629421
450,0.0019000869,KG,0.041,-0.041,0.027333333333333334,-0.027333333333333334,0.31966666666666665,0.31966666666666665,1295.6196243002203,1265.778498291518,1280.9824290467807,-37714.22734525372,-207742.00165950725,-76510.74704504835
450,0.0019000869,KG,0.0405,-0.0405,0.027,-0.027,0.31983333333333336,0.31983333333333336,1295.6055326741719,1265.7309140072514,1280.7990777854552,-38147.41863985262,-208175.19295410614,-76593.1979197674
450,0.0019000869,KG,0.04,-0.04,0.026666666666666665,-0.026666666666666665,0.32,0.32,1295.5915873742163,1265.6838565412531,1280.592522738982,-38640.3519798519,-208668.12629410543,-76674.69595268164
450,0.0019000869,KG,0.0395,-0.0395,0.026333333333333334,-0.026333333333333334,0.32016666666666665,0.32016666666666665,1295.5777890882516,1265.6373276099,1280.4061575361166,-39081.879322399196,-209109.65363665274,-76755.23901985731
450,0.0019000869,KG,0.039,-0.039,0.026,-0.026,0.3203333333333333,0.3203333333333333,1295.5641385037295,1265.5913289198027,1280.198576492765,-39578.041722810565,-209605.8160370641,-76834.82502126766
450,0.0019000869,KG,0.0385,-0.0385,0.025666666666666664,-0.025666666666666664,0.3205,0.3205,1295.5506363076192,1265.5458621677249,1279.9874662030065,-40083.53760028207,-210111.3119145356,-76913.45188085569
450,0.0019000869,KG,0.038,-0.038,0.025333333333333333,-0.025333333333333333,0.32066666666666666,0.32066666666666666,1295.5372831863806,1265.5009290405021,1279.7907461731077,-40552.49813563114,-210580.27244988468,-76991.11754660589
450,0.0019000869,KG,0.0375,-0.0375,0.024999999999999998,-0.024999999999999998,0.32083333333333336,0.32083333333333336,1295.5240798259304,1265.456531214961,1279.56900038553,-41085.814661200995,-211113.58897545454,-77067.81999060436
450,0.0019000869,KG,0.037,-0.037,0.024666666666666663,-0.024666666666666663,0.321,0.321,1295.5110269116112,1265.4126703578413,1279.361888973402,-41581.977891988245,-211609.75220624177,-77143.5572091084
450,0.0019000869,KG,0.0365,-0.0365,0.024333333333333332,-0.024333333333333332,0.32116666666666666,0.32116666666666666,1295.4981251281627,1265.3693481257126,1279.1521181514897,-42085.25083914126,-212113.0251533948,-77218.32722260854
450,0.0019000869,KG,0.036000000000000004,-0.036000000000000004,0.024,-0.024,0.3213333333333333,0.3213333333333333,1295.485375159688,1265.326566164896,1278.9246319850013,-42634.142954666924,-212661.91726892046,-77292.12807589473
450,0.0019000869,KG,0.035500000000000004,-0.035500000000000004,0.02366666666666667,-0.02366666666666667,0.3215,0.3215,1295.4727776896252,1265.2843261113862,1278.7185973014268,-43128.46665034437,-213156.2409645979,-77364.95783811386
450,0.0019000869,KG,0.035,-0.035,0.023333333333333334,-0.023333333333333334,0.32166666666666666,0.32166666666666666,1295.4603334007131,1265.2426295907692,1278.4950289787548,-43667.93629130102,-213695.71060555454,-77436.81460283659
450,0.0019000869,KG,0.0345,-0.0345,0.023,-0.023,0.32183333333333336,0.32183333333333336,1295.4480429749658,1265.2014782181432,1278.2692088215679,-44213.46182635169,-214241.23614060524,-77507.6964881186
450,0.0019000869,KG,0.034,-0.034,0.02266666666666667,-0.02266666666666667,0.322,0.322,1295.4359070936362,1265.1608735980396,1278.0568103221335,-44724.97897672476,-214752.7532909783,-77577.60163655851
450,0.0019000869,KG,0.0335,-0.0335,0.022333333333333334,-0.022333333333333334,0.32216666666666666,0.32216666666666666,1295.4239264371888,1265.1208173243472,1277.822224827757,-45293.51092218539,-215321.2852364389,-77646.52821535937
450,0.0019000869,KG,0.033,-0.033,0.022,-0.022,0.3223333333333333,0.3223333333333333,1295.4121016852691,1265.0813109802275,1277.6006327586238,-45829.13636741167,-215856.9106816652,-77714.47441638834
450,0.0019000869,KG,0.0325,-0.0325,0.021666666666666667,-0.021666666666666667,0.3225,0.3225,1295.4004335166726,1265.042356138039,1277.3765432323648,-46371.44995491845,-216399.22426917197,-77781.43845623384
450,0.0019000869,KG,0.032,-0.032,0.021333333333333333,-0.021333333333333333,0.32266666666666666,0.32266666666666666,1295.3889226093117,1265.0039543592602,1277.1367801003873,-46954.10573372928,-216981.88004798282,-77847.41857626279
450,0.0019000869,KG,0.0315,-0.0315,0.020999999999999998,-0.020999999999999998,0.32283333333333336,0.32283333333333336,1295.3775696401906,1264.966107194408,1276.9154579950548,-47489.96106020688,-217517.7353744604,-77912.4130426799
450,0.0019000869,KG,0.031,-0.031,0.020666666666666667,-0.020666666666666667,0.323,0.323,1295.366375285371,1264.9288161829625,1276.678761673067,-48065.38571288543,-218093.16002713895,-77976.42014658284
450,0.0019000869,KG,0.0305,-0.0305,0.02033333333333333,-0.02033333333333333,0.32316666666666666,0.32316666666666666,1295.3553402199425,1264.892082853286,1276.4399951994312,-48646.39609159954,-218674.17040585307,-78039.43820401507
450,0.0019000869,KG,0.03,-0.03,0.019999999999999997,-0.019999999999999997,0.3233333333333333,0.3233333333333333,1295.3444651179939,1264.8559087225485,1276.2121437575656,-49199.847437540935,-219227.62175179448,-78101.4655560237
450,0.0019000869,KG,0.029500000000000002,-0.029500000000000002,0.019666666666666666,-0.019666666666666666,0.3235,0.3235,1295.333750652581,1264.8202952966456,1275.965348774756,-49801.954305797786,-219829.72862005132,-78162.50056871372
450,0.0019000869,KG,0.029,-0.029,0.019333333333333334,-0.019333333333333334,0.32366666666666666,0.32366666666666666,1295.3231974957,1264.7852440701267,1275.7291770305758,-50377.252843374656,-220405.02715762818,-78222.54163329746
450,0.0019000869,KG,0.0285,-0.0285,0.019,-0.019,0.32383333333333336,0.32383333333333336,1295.3128063182526,1264.7507565261142,1275.4905112201716,-50959.22199936985,-220986.9963136234,-78281.58716615006
450,0.0019000869,KG,0.028,-0.028,0.018666666666666665,-0.018666666666666665,0.324,0.324,1295.3025777900207,1264.7168341362253,1275.2389236861206,-51574.45554533735,-221602.22985959088,-78339.6356088613
450,0.0019000869,KG,0.0275,-0.0275,0.018333333333333333,-0.018333333333333333,0.32416666666666666,0.32416666666666666,1295.2925125796346,1264.6834783604993,1275.0014088251432,-52154.10063876386,-222181.8749530174,-78396.68542828389
450,0.0019000869,KG,0.027,-0.027,0.018,-0.018,0.3243333333333333,0.3243333333333333,1295.2826113545427,1264.6506906473187,1274.7515252408623,-52765.59217353879,-222793.36648779231,-78452.73511658638
450,0.0019000869,KG,0.0265,-0.0265,0.017666666666666664,-0.017666666666666664,0.3245,0.3245,1295.272874780984,1264.6184724333307,1274.4998615239886,-53381.92311872863,-223409.69743298215,-78507.78319130086
450,0.0019000869,KG,0.026000000000000002,-0.026000000000000002,0.017333333333333333,-0.017333333333333333,0.32466666666666666,0.32466666666666666,1295.263303523956,1264.5868251433758,1274.255645067837,-53979.57646854204,-224007.35078279558,-78561.8281953714
450,0.0019000869,KG,0.025500000000000002,-0.025500000000000002,0.017,-0.017,0.32483333333333336,0.32483333333333336,1295.2538982471874,1264.555750190409,1273.99739275613,-54613.30417511751,-224641.07848937105,-78614.86869720418
450,0.0019000869,KG,0.025,-0.025,0.016666666666666666,-0.016666666666666666,0.325,0.325,1295.2446596131067,1264.5252489754228,1273.7460662750814,-55229.68690502959,-225257.4612192831,-78666.90329071105
450,0.0019000869,KG,0.0245,-0.0245,0.01633333333333333,-0.01633333333333333,0.32516666666666666,0.32516666666666666,1295.2355882828156,1264.4953228873749,1273.4922192540073,-55852.79665383546,-225880.57096808898,-78717.93059535885
450,0.0019000869,KG,0.024,-0.024,0.016,-0.016,0.3253333333333333,0.3253333333333333,1295.2266849160567,1264.4659733031112,1273.2294646680002,-56498.895619876064,-226526.6699341296,-78767.94925621145
450,0.0019000869,KG,0.0235,-0.0235,0.015666666666666666,-0.015666666666666666,0.3255,0.3255,1295.2179501711862,1264.437201587291,1272.9745920443952,-57125.22645505604,-227153.00076930958,-78816.95794398086
450,0.0019000869,KG,0.023,-0.023,0.015333333333333332,-0.015333333333333332,0.32566666666666666,0.32566666666666666,1295.209384705146,1264.4090090923116,1272.7112749480957,-57773.36084827588,-227801.13516252942,-78864.95535506321
450,0.0019000869,KG,0.0225,-0.0225,0.015,-0.015,0.32583333333333336,0.32583333333333336,1295.2009891734315,1264.3813971582358,1272.445865717255,-58427.121174901586,-228454.8954891551,-78911.94021158846
450,0.0019000869,KG,0.022,-0.022,0.014666666666666665,-0.014666666666666665,0.326,0.326,1295.1927642300648,1264.3543671127154,1272.1825421471488,-59075.87596993349,-229103.65028418702,-78957.91126145814
450,0.0019000869,KG,0.021500000000000002,-0.021500000000000002,0.014333333333333333,-0.014333333333333333,0.32616666666666666,0.32616666666666666,1295.184710527566,1264.3279202709186,1271.9120358977632,-59743.20732278048,-229770.981637034,-79002.86727839067
450,0.0019000869,KG,0.021,-0.021,0.014,-0.014,0.3263333333333333,0.3263333333333333,1295.1768287169243,1264.3020579354557,1271.6453038346608,-60401.23888048265,-230429.01319473618,-79046.80706196098
450,0.0019000869,KG,0.0205,-0.0205,0.013666666666666667,-0.013666666666666667,0.3265,0.3265,1295.1691194475684,1264.2767813963055,1271.3809480689288,-61053.532857941835,-231081.30717219537,-79089.72943763914
450,0.0019000869,KG,0.02,-0.02,0.013333333333333332,-0.013333333333333332,0.32666666666666666,0.32666666666666666,1295.1615833673402,1264.2520919307426,1271.1173474209556,-61704.21611610965,-231731.9904303632,-79131.63325683188
450,0.0019000869,KG,0.0195,-0.0195,0.013,-0.013,0.32683333333333336,0.32683333333333336,1295.154221122464,1264.2279908032647,1270.854064402429,-62354.40348316297,-232382.17779741652,-79172.51739691911
450,0.0019000869,KG,0.019,-0.019,0.012666666666666666,-0.012666666666666666,0.327,0.327,1295.1470333575187,1264.204479265518,1270.588820139877,-63009.888150335726,-233037.66246458926,-79212.38076129538
450,0.0019000869,KG,0.0185,-0.0185,0.012333333333333332,-0.012333333333333332,0.32716666666666666,0.32716666666666666,1295.140020715412,1264.1815585562292,1270.322621716729,-63668.11001345317,-233695.8843277067,-79251.2222794006
450,0.0019000869,KG,0.018000000000000002,-0.018000000000000002,0.012,-0.012,0.3273333333333333,0.3273333333333333,1295.133183837348,1264.1592299011259,1270.0530018867757,-64335.33627505625,-234363.11058930977,-79289.04090676394
450,0.0019000869,KG,0.0175,-0.0175,0.011666666666666667,-0.011666666666666667,0.3275,0.3275,1295.126523362803,1264.1374945128741,1269.786697744637,-64994.45374859221,-235022.22806284574,-79325.83562503252
450,0.0019000869,KG,0.017,-0.017,0.011333333333333334,-0.011333333333333334,0.32766666666666666,0.32766666666666666,1295.1200399294953,1264.1163535909989,1269.5163656284478,-65664.11522851448,-235691.889542768,-79361.60544200995
450,0.0019000869,KG,0.0165,-0.0165,0.011,-0.011,0.32783333333333337,0.32783333333333337,1295.1137341733593,1264.0958083218186,1269.2456526776057,-66335.057603461,-236362.83191771453,-79396.34939169021
450,0.0019000869,KG,0.016,-0.016,0.010666666666666666,-0.010666666666666666,0.328,0.328,1295.1076067285148,1264.0758598783696,1268.9821577978573,-66987.99619675516,-237015.77051100868,-79430.06653428779
450,0.0019000869,KG,0.0155,-0.0155,0.010333333333333333,-0.010333333333333333,0.32816666666666666,0.32816666666666666,1295.1016582272428,1264.0565094203396,1268.708615492905,-67666.75411702886,-237694.52843128238,-79462.75595627323
450,0.0019000869,KG,0.015,-0.015,0.009999999999999998,-0.009999999999999998,0.3283333333333333,0.3283333333333333,1295.0958892999547,1264.0377580939944,1268.4436786933636,-68323.99646448938,-238351.7707787429,-79494.4167704042
450,0.0019000869,KG,0.0145,-0.0145,0.009666666666666667,-0.009666666666666667,0.3285,0.3285,1295.090300575168,1264.0196070321101,1268.1813487232,-68974.95339448277,-239002.72770873632,-79525.0481157529
450,0.0019000869,KG,0.014,-0.014,0.009333333333333332,-0.009333333333333332,0.32866666666666666,0.32866666666666666,1295.0848926794756,1264.0020573539018,1267.9097319023776,-69649.79099384947,-239677.565308103,-79554.64915774069
450,0.0019000869,KG,0.0135,-0.0135,0.009,-0.009,0.32883333333333337,0.32883333333333337,1295.0796662375228,1263.985110164956,1267.6561692851428,-70279.17837521144,-240306.95268946496,-79583.21908816544
450,0.0019000869,KG,0.013000000000000001,-0.013000000000000001,0.008666666666666666,-0.008666666666666666,0.329,0.329,1295.0746218719753,1263.9687665571603,1267.392625276988,-70934.20961034478,-240961.98392459832,-79610.7571252277
450,0.0019000869,KG,0.0125,-0.0125,0.008333333333333333,-0.008333333333333333,0.32916666666666666,0.32916666666666666,1295.0697602034968,1263.9530276086346,1267.1319744312107,-71582.24316760237,-241610.0174818559,-79637.26251356155
450,0.0019000869,KG,0.012,-0.012,0.008,-0.008,0.3293333333333333,0.3293333333333333,1295.065081850717,1263.9378943836646,1266.8903767258334,-72182.33958847901,-242210.11390273256,-79662.73452426042
450,0.0019000869,KG,0.0115,-0.0115,0.007666666666666666,-0.007666666666666666,0.3295,0.3295,1295.0605874302098,1263.923367932633,1266.6289417664939,-72833.04899457266,-242860.8233088262,-79687.17245490136
450,0.0019000869,KG,0.011,-0.011,0.007333333333333332,-0.007333333333333332,0.32966666666666666,0.32966666666666666,1295.0562775564654,1263.9094492919498,1266.3884240700008,-73431.12141990747,-243458.89573416102,-79710.57562957374
450,0.0019000869,KG,0.0105,-0.0105,0.007,-0.007,0.32983333333333337,0.32983333333333337,1295.0521528418599,1263.8961394839903,1266.1543828957358,-74013.15725425519,-244040.93156850873,-79732.94339890021
450,0.0019000869,KG,0.01,-0.01,0.006666666666666666,-0.006666666666666666,0.33,0.33,1295.048213896634,1263.8834395170225,1265.9064352696812,-74630.77345967054,-244658.54777392407,-79754.27514006205
450,0.0019000869,KG,0.0095,-0.0095,0.006333333333333333,-0.006333333333333333,0.33016666666666666,0.33016666666666666,1295.0444613288632,1263.8713503851452,1265.6913075577672,-75165.67079127439,-245193.44510552794,-79774.57025682255
450,0.0019000869,KG,0.009000000000000001,-0.009000000000000001,0.006,-0.006,0.3303333333333333,0.3303333333333333,1295.0408957444329,1263.8598730682193,1265.4626017176777,-75735.32530447049,-245763.09961872402,-79793.82817954694
450,0.0019000869,KG,0.0085,-0.0085,0.005666666666666667,-0.005666666666666667,0.3305,0.3305,1295.0375177470112,1263.8490085318033,1265.2417764305483,-76285.41954721183,-246313.19386146538,-79812.04836522529
450,0.0019000869,KG,0.008,-0.008,0.005333333333333333,-0.005333333333333333,0.33066666666666666,0.33066666666666666,1295.034327938026,1263.838757727087,1265.0499395285794,-76762.5610366325,-246790.33535088605,-79829.2302974952
450,0.0019000869,KG,0.0075,-0.0075,0.004999999999999999,-0.004999999999999999,0.33083333333333337,0.33083333333333337,1295.0313269166334,1263.8291215908293,1264.8350558054194,-77298.41930115718,-247326.1936154107,-79845.37348665527
450,0.0019000869,KG,0.007,-0.007,0.004666666666666666,-0.004666666666666666,0.331,0.331,1295.0285152796978,1263.8201010452894,1264.6504797708508,-77758.01940289492,-247785.79371714845,-79860.4774696912
450,0.0019000869,KG,0.006500000000000001,-0.006500000000000001,0.004333333333333333,-0.004333333333333333,0.33116666666666666,0.33116666666666666,1295.0258936217615,1263.8116969981681,1264.476238807858,-78191.9066411756,-248219.68095542915,-79874.54181028779
450,0.0019000869,KG,0.006,-0.006,0.004,-0.004,0.3313333333333333,0.3313333333333333,1295.0234625350226,1263.8039103425401,1264.2910014879346,-78654.03207283298,-248681.80638708652,-79887.56609884991
450,0.0019000869,KG,0.0055,-0.0055,0.003666666666666666,-0.003666666666666666,0.3315,0.3315,1295.0212226093079,1263.7967419567922,1264.1444042659775,-79018.89217152355,-249046.66648577707,-79899.54995251852
450,0.0019000869,KG,0.005,-0.005,0.003333333333333333,-0.003333333333333333,0.33166666666666667,0.33166666666666667,1295.0191744320475,1263.790192704561,1263.9887549147895,-79407.08959562068,-249434.86390987423,-79910.4930151852
450,0.0019000869,KG,0.0045000000000000005,-0.0045000000000000005,0.003,-0.003,0.33183333333333337,0.33183333333333337,1295.0173185882486,1263.7842634346696,1263.8461553962693,-79762.75093356708,-249790.5252478206,-79920.39495750779
450,0.0019000869,KG,0.004,-0.004,0.0026666666666666666,-0.0026666666666666666,0.332,0.332,1295.0156556604747,1263.7789549810668,1263.7326424973824,-80045.35669231266,-250073.1310065662,-79929.25547692525
450,0.0019000869,KG,0.0035,-0.0035,0.002333333333333333,-0.002333333333333333,0.33216666666666667,0.33216666666666667,1295.0141862288137,1263.7742681627662,1263.6072679169179,-80358.4150014189,-250386.18931567244,-79937.07429766968
450,0.0019000869,KG,0.003,-0.003,0.002,-0.002,0.3323333333333333,0.3323333333333333,1295.0129108708595,1263.7702037837837,1263.509853371564,-80601.28975518538,-250629.0640694389,-79943.85117077883
450,0.0019000869,KG,0.0025,-0.0025,0.0016666666666666666,-0.0016666666666666666,0.3325,0.3325,1295.011830161683,1263.7667626330785,1263.424528895882,-80814.10004293075,-250841.87435718428,-79949.5858741084
450,0.0019000869,KG,0.002,-0.002,0.0013333333333333333,-0.0013333333333333333,0.33266666666666667,0.33266666666666667,1295.01094467381,1263.7639454844912,1263.3411752737882,-81022.42168279689,-251050.19599705044,-79954.27821234376
450,0.0019000869,KG,0.0015,-0.0015,0.001,-0.001,0.33283333333333337,0.33283333333333337,1295.0102549771948,1263.7617530966868,1263.283396115462,-81166.62159508442,-251194.39590933797,-79957.92801700874
450,0.0019000869,KG,0.001,-0.001,0.0006666666666666666,-0.0006666666666666666,0.333,0.333,1295.0097616391981,1263.760186213095,1263.229913290851,-81300.46890800197,-251328.2432222555,-79960.53514647644
450,0.0019000869,KG,0.0005,-0.0005,0.0003333333333333333,-0.0003333333333333333,0.33316666666666667,0.33316666666666667,1295.0094652245587,1263.7592455618499,1263.1901812402061,-81400.08103953137,-251427.85535378492,-79962.09948597486
450,0.0019000869,K,0.0,0.0,0.0,0.0,0.3333333333333333,0.3333333333333333,1295.009366295374,1263.7589318557352,1263.1728534454821,-81443.60111114472,-251471.37542539823,-79962.6209475989
450,0.0019000869,KM,0.0005,0.0005,0.0003333333333333333,0.0003333333333333333,0.33349999999999996,0.333,1295.009465410364,1263.7592457915664,1263.1924136803225,-81394.44152291736,-251422.2158371709,-79962.0994699924
450,0.0019000869,KM,0.001,0.001,0.0006666666666666666,0.0006666666666666666,0.3336666666666666,0.33266666666666667,1295.009763127015,1263.760188051864,1263.230706739322,-81298.46814515922,-251326.24245941275,-79960.53501929033
450,0.0019000869,KM,0.0015,0.0015,0.001,0.001,0.33383333333333337,0.3323333333333333,1295.0102599993493,1263.7617593030116,1263.2811928756346,-81172.20123029643,-251199.97554454996,-79957.92758821756
450,0.0019000869,KM,0.002,0.002,0.0013333333333333333,0.0013333333333333333,0.334,0.332,1295.0109565786515,1263.763960195815,1263.3480277288068,-81005.13849248784,-251032.91280674137,-79954.27719638836
450,0.0019000869,KM,0.0025,0.0025,0.0016666666666666666,0.0016666666666666666,0.33416666666666667,0.33166666666666667,1295.0118534134433,1263.7667913654452,1263.4210169257835,-80823.03447154084,-250850.80878579436,-79949.58389030756
450,0.0019000869,KM,0.003,0.003,0.002,0.002,0.3343333333333333,0.3313333333333333,1295.0129510494605,1263.7702534313864,1263.5121932188617,-80595.48097309514,-250623.25528734867,-79943.847743375
450,0.0019000869,KM,0.0035,0.0035,0.002333333333333333,0.002333333333333333,0.3345,0.331,1295.014250029631,1263.7743469973784,1263.6162377051191,-80335.91158776682,-250363.68590202037,-79937.06885588689
450,0.0019000869,KM,0.004,0.004,0.0026666666666666666,0.0026666666666666666,0.33466666666666667,0.33066666666666666,1295.015750894049,1263.7790726513642,1263.7247276357461,-80065.60782563694,-250093.38213989045,-79929.24735503642
450,0.0019000869,KM,0.0045000000000000005,0.0045000000000000005,0.003,0.003,0.3348333333333333,0.3303333333333333,1295.0174541799556,1263.7844309654388,1263.8576719061625,-79733.99179466924,-249761.76610892278,-79920.3833949164
450,0.0019000869,KM,0.005,0.005,0.003333333333333333,0.003333333333333333,0.33499999999999996,0.33,1295.0193604217113,1263.7904224957938,1263.9941001585703,-79394.05863138572,-249421.83294563927,-79910.47715651759
450,0.0019000869,KM,0.0055,0.0055,0.003666666666666666,0.003666666666666666,0.33516666666666667,0.32966666666666666,1295.0214701507782,1263.797047782668,1264.1420131847672,-79025.5786526481,-249053.3529669016,-79899.52884772788
450,0.0019000869,KM,0.006,0.006,0.004,0.004,0.3353333333333333,0.3293333333333333,1295.0237838956946,1263.8043073502952,1264.3117813934634,-78602.32028520817,-248630.0945994617,-79887.53870333069
450,0.0019000869,KM,0.006500000000000001,0.006500000000000001,0.004333333333333333,0.004333333333333333,0.33549999999999996,0.329,1295.0263021820517,1263.8122017068529,1264.4784720306463,-78187.31711436094,-248215.09142861445,-79874.50698500188
450,0.0019000869,KM,0.007,0.007,0.004666666666666666,0.004666666666666666,0.3356666666666666,0.32866666666666666,1295.0290255324742,1263.8207313444136,1264.6664116010998,-77719.04433958749,-247746.81865384104,-79860.43398130707
450,0.0019000869,KM,0.0075,0.0075,0.004999999999999999,0.004999999999999999,0.3358333333333334,0.3283333333333333,1295.0319544665952,1263.8298967388953,1264.8636760764487,-77227.6440319429,-247255.4183461964,-79845.32000769672
450,0.0019000869,KM,0.008,0.008,0.005333333333333333,0.005333333333333333,0.336,0.328,1295.0350895010363,1263.8396983500115,1265.059135357724,-76741.26708692597,-246769.0414011795,-79829.16540650203
450,0.0019000869,KM,0.0085,0.0085,0.005666666666666667,0.005666666666666667,0.33616666666666667,0.32766666666666666,1295.0384311493845,1263.8501366212236,1265.2793306883873,-76192.75348660654,-246220.52780086006,-79811.97054692783
450,0.0019000869,KM,0.009000000000000001,0.009000000000000001,0.006,0.006,0.3363333333333333,0.3273333333333333,1295.04197992217,1263.8612119796949,1265.4969231050447,-75651.26737239923,-245679.04168665275,-79793.73582504717
450,0.0019000869,KM,0.0095,0.0095,0.006333333333333333,0.006333333333333333,0.3365,0.327,1295.0457363268465,1263.8729248362417,1265.7214491673071,-75092.6722961557,-245120.44661040924,-79774.46166379408
450,0.0019000869,KM,0.01,0.01,0.006666666666666666,0.006666666666666666,0.33666666666666667,0.32666666666666666,1295.049700867767,1263.8852755852897,1265.9635013314823,-74490.14101422699,-244517.91532848054,-79754.14851295321
450,0.0019000869,KM,0.0105,0.0105,0.007,0.007,0.3368333333333333,0.3263333333333333,1295.0538740461636,1263.898264604826,1266.198329056109,-73906.32817749472,-243934.10249174826,-79732.7968491539
450,0.0019000869,KM,0.011,0.011,0.007333333333333332,0.007333333333333332,0.33699999999999997,0.326,1295.0582563601288,1263.911892256356,1266.448931345954,-73282.99165922667,-243310.7659734802,-79710.40717585773
450,0.0019000869,KM,0.0115,0.0115,0.007666666666666666,0.007666666666666666,0.33716666666666667,0.32566666666666666,1295.062848304589,1263.9261588848597,1266.7039627214965,-72648.85188445091,-242676.62619870444,-79686.98002335
450,0.0019000869,KM,0.012,0.012,0.008,0.008,0.3373333333333333,0.3253333333333333,1295.067650371288,1263.941064818746,1266.9552547623,-72024.60146840394,-242052.37578265747,-79662.51594872763
450,0.0019000869,KM,0.0125,0.0125,0.008333333333333333,0.008333333333333333,0.33749999999999997,0.325,1295.0726630487645,1263.9566103698137,1267.222703754198,-71359.82166611876,-241387.59598037228,-79637.01553588691
450,0.0019000869,KM,0.013000000000000001,0.013000000000000001,0.008666666666666666,0.008666666666666666,0.3376666666666666,0.32466666666666666,1295.0778868223313,1263.9727958332064,1267.4861155221095,-70705.67989486892,-240733.45420912246,-79610.47939550912
450,0.0019000869,KM,0.0135,0.0135,0.009,0.009,0.3378333333333334,0.3243333333333333,1295.0833221740559,1263.9896214873745,1267.7527405241797,-70043.80026682257,-240071.5745810761,-79582.90816505064
450,0.0019000869,KM,0.014,0.014,0.009333333333333332,0.009333333333333332,0.338,0.324,1295.0889695827382,1264.007087594032,1268.0287705643073,-69358.47615604954,-239386.25047030306,-79554.3025087229
450,0.0019000869,KM,0.0145,0.0145,0.009666666666666667,0.009666666666666667,0.33816666666666667,0.32366666666666666,1295.0948295238913,1264.0251943981177,1268.2991774889213,-68687.8138404436,-238715.58815469715,-79524.66311748365
450,0.0019000869,KM,0.015,0.015,0.009999999999999998,0.009999999999999998,0.3383333333333333,0.3233333333333333,1295.1009024697219,1264.0439421277574,1268.5775261342171,-67997.40776507907,-238025.1820793326,-79493.9907090152
450,0.0019000869,KM,0.0155,0.0155,0.010333333333333333,0.010333333333333333,0.3385,0.323,1295.1071888891092,1264.0633309942257,1268.8570349438794,-67304.45558567808,-237332.2298999316,-79462.2860277094
450,0.0019000869,KM,0.016,0.016,0.010666666666666666,0.010666666666666666,0.33866666666666667,0.32266666666666666,1295.1136892475854,1264.0833611919072,1269.1332772023356,-66620.19277415126,-236647.9670884048,-79429.54984465151
450,0.0019000869,KM,0.0165,0.0165,0.011,0.011,0.3388333333333333,0.3223333333333333,1295.1204040073171,1264.104032898261,1269.416157341058,-65919.48035753935,-235947.25467179288,-79395.78295760034
450,0.0019000869,KM,0.017,0.017,0.011333333333333334,0.011333333333333334,0.33899999999999997,0.322,1295.1273336270833,1264.1253462737877,1269.6962756133678,-65226.1780015419,-235253.95231579544,-79360.98619096806
450,0.0019000869,KM,0.0175,0.0175,0.011666666666666667,0.011666666666666667,0.33916666666666667,0.32166666666666666,1295.1344785622591,1264.1473014619883,1269.977170424557,-64531.30416117192,-234559.07847542546,-79325.16039580139
450,0.0019000869,KM,0.018000000000000002,0.018000000000000002,0.012,0.012,0.3393333333333333,0.3213333333333333,1295.1418392647931,1264.169898589336,1270.2604984623963,-63830.649860256235,-233858.42417450977,-79288.30644976185
450,0.0019000869,KM,0.0185,0.0185,0.012333333333333332,0.012333333333333332,0.33949999999999997,0.321,1295.149416183192,1264.19313776524,1270.5414431849338,-63136.45138920973,-233164.22570346325,-79250.42525710168
450,0.0019000869,KM,0.019,0.019,0.012666666666666666,0.012666666666666666,0.3396666666666666,0.32066666666666666,1295.1572097624976,1264.2170190820148,1270.823574041184,-62439.64166096877,-232467.4159752223,-79211.51774864233
450,0.0019000869,KM,0.0195,0.0195,0.013,0.013,0.3398333333333334,0.3203333333333333,1295.1652204442712,1264.2415426148473,1271.1053350796883,-61744.175380411296,-231771.94969466483,-79171.58488175261
450,0.0019000869,KM,0.02,0.02,0.013333333333333332,0.013333333333333332,0.34,0.32,1295.1734486665728,1264.266708421766,1271.3861749449625,-61051.45628968025,-231079.2306039338,-79130.6276403226
450,0.0019000869,KM,0.0205,0.0205,0.013666666666666667,0.013666666666666667,0.3401666666666667,0.31966666666666665,1295.181894863945,1264.2925165436143,1271.6655147609392,-60362.9593511564,-230390.73366540993,-79088.6470347414
450,0.0019000869,KM,0.021,0.021,0.014,0.014,0.3403333333333333,0.3193333333333333,1295.1905594673913,1264.318967004017,1271.9452725858819,-59673.80887988089,-229701.5831941344,-79045.64410186799
450,0.0019000869,KM,0.021500000000000002,0.021500000000000002,0.014333333333333333,0.014333333333333333,0.3405,0.319,1295.199442904361,1264.346059809356,1272.224644561011,-58986.0506713756,-229013.82498562912,-79001.6199050085
450,0.0019000869,KM,0.022,0.022,0.014666666666666665,0.014666666666666665,0.3406666666666667,0.31866666666666665,1295.2085455987278,1264.373794948739,1272.5011893997603,-58305.899568168075,-228333.6738824216,-78956.57553388737
450,0.0019000869,KM,0.0225,0.0225,0.015,0.015,0.3408333333333333,0.3183333333333333,1295.2178679707765,1264.4021723939804,1272.7793358034094,-57622.08786259615,-227649.86217684968,-78910.51210461932
450,0.0019000869,KM,0.023,0.023,0.015333333333333332,0.015333333333333332,0.34099999999999997,0.318,1295.2274104371804,1264.4311920995685,1273.0537531433283,-56948.186355490274,-226975.9606697438,-78863.430759682
450,0.0019000869,KM,0.0235,0.0235,0.015666666666666666,0.015666666666666666,0.3411666666666667,0.31766666666666665,1295.237173410986,1264.4608540026454,1273.327242254259,-56277.069518844444,-226304.84383309798,-78815.33266788415
450,0.0019000869,KM,0.024,0.024,0.016,0.016,0.3413333333333333,0.3173333333333333,1295.2471573015957,1264.491158022983,1273.6029100687213,-55600.82596234877,-225628.60027660232,-78766.21902433792
450,0.0019000869,KM,0.0245,0.0245,0.01633333333333333,0.01633333333333333,0.34149999999999997,0.317,1295.2573625147502,1264.5221040629583,1273.871821240758,-54942.21819742126,-224969.9925116748,-78716.09105042767
450,0.0019000869,KM,0.025,0.025,0.016666666666666666,0.016666666666666666,0.3416666666666666,0.31666666666666665,1295.26778945251,1264.5536920075353,1274.1428309180496,-54278.692813330395,-224306.46712758392,-78664.94999377515
450,0.0019000869,KM,0.025500000000000002,0.025500000000000002,0.017,0.017,0.3418333333333334,0.3163333333333333,1295.2784385132416,1264.5859217242432,1274.4123657921343,-53619.35519339794,-223647.12950765147,-78612.79712821072
450,0.0019000869,KM,0.026000000000000002,0.026000000000000002,0.017333333333333333,0.017333333333333333,0.342,0.316,1295.2893100915953,1264.618793063154,1274.675982816276,-52975.53566892036,-223003.3099831739,-78559.63375373832
450,0.0019000869,KM,0.0265,0.0265,0.017666666666666664,0.017666666666666664,0.3421666666666667,0.31566666666666665,1295.3004045784949,1264.6523058568687,1274.9450407386648,-52318.28119709621,-222346.05551134975,-78505.46119650066
450,0.0019000869,KM,0.027,0.027,0.018,0.018,0.3423333333333333,0.3153333333333333,1295.3117223611148,1264.6864599204953,1275.2078150293007,-51677.48657431347,-221705.26088856702,-78450.28080874731
450,0.0019000869,KM,0.0275,0.0275,0.018333333333333333,0.018333333333333333,0.3425,0.315,1295.3232638228683,1264.7212550516358,1275.4691109099442,-51040.9049153257,-221068.67922957923,-78394.09396879401
450,0.0019000869,KM,0.028,0.028,0.018666666666666665,0.018666666666666665,0.3426666666666667,0.31466666666666665,1295.3350293433903,1264.7566910303688,1275.734600754376,-50394.06668211454,-220421.8409963681,-78336.90208099129
450,0.0019000869,KM,0.0285,0.0285,0.019,0.019,0.3428333333333333,0.3143333333333333,1295.347019298519,1264.7927676192332,1275.9896983005851,-49774.19023633989,-219801.96455059343,-78278.7065756856
450,0.0019000869,KM,0.029,0.029,0.019333333333333334,0.019333333333333334,0.34299999999999997,0.314,1295.359234060281,1264.8294845632192,1276.2488560908764,-49144.402591969694,-219172.17690622323,-78219.50890917942
450,0.0019000869,KM,0.029500000000000002,0.029500000000000002,0.019666666666666666,0.019666666666666666,0.3431666666666667,0.31366666666666665,1295.3716739968784,1264.8668415897512,1276.5069886629228,-48517.68168818981,-218545.45600244333,-78159.31056369384
450,0.0019000869,KM,0.03,0.03,0.019999999999999997,0.019999999999999997,0.3433333333333333,0.3133333333333333,1295.3843394726669,1264.904838408679,1276.7571565047244,-47911.75026500767,-217939.5245792612,-78098.11304733256
450,0.0019000869,KM,0.0305,0.0305,0.02033333333333333,0.02033333333333333,0.34349999999999997,0.313,1295.3972308481473,1264.9434747122664,1277.0150646455336,-47286.51035741206,-217314.28467166558,-78035.91789403599
450,0.0019000869,KM,0.031,0.031,0.020666666666666667,0.020666666666666667,0.3436666666666666,0.31266666666666665,1295.410348479945,1264.9827501751822,1277.2643052306316,-46683.865532645694,-216711.63984689923,-77972.72666354169
450,0.0019000869,KM,0.0315,0.0315,0.020999999999999998,0.020999999999999998,0.3438333333333334,0.31233333333333335,1295.4236927207974,1265.022664454491,1277.5120403832427,-46085.53033823063,-216113.30465248416,-77908.540941347
450,0.0019000869,KM,0.032,0.032,0.021333333333333333,0.021333333333333333,0.34400000000000003,0.312,1295.4372639195378,1265.0632171896482,1277.7656571467985,-45472.630167549665,-215500.40448180318,-77843.3623386608
450,0.0019000869,KM,0.0325,0.0325,0.021666666666666667,0.021666666666666667,0.3441666666666667,0.3116666666666667,1295.4510624210802,1265.1044080024903,1278.0067928626102,-44892.09252493111,-214919.86683918466,-77777.19249236309
450,0.0019000869,KM,0.033,0.033,0.022,0.022,0.3443333333333333,0.3113333333333333,1295.465088566406,1265.1462364972344,1278.2539762317126,-44296.56794218326,-214324.3422564368,-77710.03306496069
450,0.0019000869,KM,0.0335,0.0335,0.022333333333333334,0.022333333333333334,0.34450000000000003,0.311,1295.4793426925476,1265.1887022604694,1278.4997296775423,-43705.168557567085,-213732.94287182062,-77641.88574454263
450,0.0019000869,KM,0.034,0.034,0.02266666666666667,0.02266666666666667,0.3446666666666667,0.31066666666666665,1295.4938251325766,1265.2318048611567,1278.735495076304,-43139.78458859516,-213167.5589028487,-77572.75224473365
450,0.0019000869,KM,0.0345,0.0345,0.023,0.023,0.3448333333333333,0.31033333333333335,1295.5085362155858,1265.275543850627,1278.98107500174,-42549.77719484361,-212577.55150909716,-77502.63430464907
450,0.0019000869,KM,0.035,0.035,0.023333333333333334,0.023333333333333334,0.345,0.31,1295.523476266678,1265.319918762581,1279.2171165859775,-41984.64619155586,-212012.4205058094,-77431.53368884658
450,0.0019000869,KM,0.035500000000000004,0.035500000000000004,0.02366666666666667,0.02366666666666667,0.3451666666666667,0.3096666666666667,1295.5386456069514,1265.3649291130873,1279.4523922842766,-41421.958139135146,-211449.7324533887,-77359.45218727832
450,0.0019000869,KM,0.036000000000000004,0.036000000000000004,0.024,0.024,0.3453333333333333,0.3093333333333333,1295.554044553485,1265.4105744005865,1279.6946275241155,-40841.94264480797,-210869.7169590615,-77286.39161524606
450,0.0019000869,KM,0.0365,0.0365,0.024333333333333332,0.024333333333333332,0.3455,0.309,1295.5696734193257,1265.4568541058939,1279.9219687139637,-40300.53268722928,-210328.3070014828,-77212.35381334447
450,0.0019000869,KM,0.037,0.037,0.024666666666666663,0.024666666666666663,0.3456666666666666,0.3086666666666667,1295.5855325134753,1265.5037676922018,1280.1563856264868,-39741.500397953314,-209769.27471220685,-77137.3406474181
450,0.0019000869,KM,0.0375,0.0375,0.024999999999999998,0.024999999999999998,0.3458333333333334,0.30833333333333335,1295.6016221408759,1265.5513146050857,1280.3895010937729,-39186.28878290658,-209214.0630971601,-77061.35400850812
450,0.0019000869,KM,0.038,0.038,0.025333333333333333,0.025333333333333333,0.34600000000000003,0.308,1295.6179426023969,1265.5994942725113,1280.611733209662,-38659.44195901126,-208687.21627326478,-76984.3958127992
450,0.0019000869,KM,0.0385,0.0385,0.025666666666666664,0.025666666666666664,0.3461666666666667,0.3076666666666667,1295.6344941948228,1265.648306104841,1280.8457746470297,-38102.84411632443,-208130.61843057798,-76906.46800156914
450,0.0019000869,KM,0.039,0.039,0.026,0.026,0.3463333333333333,0.30733333333333335,1295.65127721084,1265.6977494948403,1281.0694093458012,-37573.40057648249,-207601.17489073603,-76827.5725411352
450,0.0019000869,KM,0.0395,0.0395,0.026333333333333334,0.026333333333333334,0.34650000000000003,0.307,1295.6682919390248,1265.7478238176946,1281.2913901185254,-37048.69634432674,-207076.47065858028,-76747.71142280032
450,0.0019000869,KM,0.04,0.04,0.026666666666666665,0.026666666666666665,0.3466666666666667,0.3066666666666667,1295.6855386638283,1265.7985284310116,1281.5207703544936,-36505.53025260165,-206533.3045668552,-76666.88666279914
450,0.0019000869,KM,0.0405,0.0405,0.027,0.027,0.3468333333333333,0.30633333333333335,1295.7030176655676,1265.8498626748392,1281.7336747526485,-36005.09699273024,-206032.87130698378,-76585.10030224072
450,0.0019000869,KM,0.041,0.041,0.027333333333333334,0.027333333333333334,0.347,0.306,1295.7207292204105,1265.901825871678,1281.9552415523017,-35482.966788052894,-205510.74110230643,-76502.35440705622
450,0.0019000869,KM,0.0415,0.0415,0.027666666666666666,0.027666666666666666,0.3471666666666667,0.3056666666666667,1295.7386736003657,1265.9544173264928,1282.1771861914349,-34960.373473850035,-204988.14778810355,-76418.65106793868
450,0.0019000869,KM,0.042,0.042,0.028,0.028,0.3473333333333333,0.30533333333333335,1295.75685107327,1266.007636326733,1282.3888887971007,-34464.554993054,-204492.32930730755,-76333.99240028675
450,0.0019000869,KM,0.0425,0.0425,0.028333333333333335,0.028333333333333335,0.3475,0.305,1295.7752619027751,1266.0614821423471,1282.614365933873,-33933.91765925555,-203961.6919735091,-76248.38054414756
450,0.0019000869,KM,0.043000000000000003,0.043000000000000003,0.028666666666666667,0.028666666666666667,0.3476666666666666,0.3046666666666667,1295.793906348339,1266.1159540257993,1282.8288875407882,-33431.89302035118,-203459.66733460472,-76161.81766415539
450,0.0019000869,KM,0.043500000000000004,0.043500000000000004,0.029,0.029,0.3478333333333334,0.30433333333333334,1295.8127846652123,1266.1710512120933,1283.0422343577936,-32933.39775597397,-202961.1720702275,-76074.30594947604
450,0.0019000869,KM,0.044,0.044,0.02933333333333333,0.02933333333333333,0.34800000000000003,0.304,1295.831897104428,1266.2267729187897,1283.264463587801,-32412.62204597357,-202440.3963602271,-75985.84761374058
450,0.0019000869,KM,0.0445,0.0445,0.029666666666666664,0.029666666666666664,0.3481666666666667,0.3036666666666667,1295.8512439127887,1266.283118346029,1283.469674769217,-31936.040298122294,-201963.81461237583,-75896.44489498994
450,0.0019000869,KM,0.045,0.045,0.03,0.03,0.34833333333333333,0.30333333333333334,1295.870825332859,1266.3400866765542,1283.6839056846723,-31436.82623501121,-201464.60054926475,-75806.10005560989
450,0.0019000869,KM,0.0455,0.0455,0.03033333333333333,0.03033333333333333,0.34850000000000003,0.303,1295.8906416029515,1266.3976770757363,1283.8973965126754,-30940.030222083486,-200967.80453633703,-75714.81538226924
450,0.0019000869,KM,0.046,0.046,0.030666666666666665,0.030666666666666665,0.3486666666666667,0.3026666666666667,1295.9106929571171,1266.4558886915984,1284.0991167744362,-30473.98241970929,-200501.75673396283,-75622.59318585733
450,0.0019000869,KM,0.0465,0.0465,0.031,0.031,0.34883333333333333,0.30233333333333334,1295.930979625136,1266.5147206548452,1284.3146198413558,-29973.061213919053,-200000.83552817258,-75529.43580141768
450,0.0019000869,KM,0.047,0.047,0.03133333333333333,0.03133333333333333,0.349,0.302,1295.9515018325046,1266.574172078888,1284.5177089866795,-29504.550401535143,-199532.32471578868,-75435.34558808593
450,0.0019000869,KM,0.0475,0.0475,0.03166666666666666,0.03166666666666666,0.3491666666666667,0.3016666666666667,1295.9722598004275,1266.634242059876,1284.7199278954429,-29038.805040556093,-199066.57935480963,-75340.32492902351
450,0.0019000869,KM,0.048,0.048,0.032,0.032,0.34933333333333333,0.30133333333333334,1295.9932537458083,1266.6949296767261,1284.932034216329,-28548.181199335748,-198575.9555135893,-75244.37623135018
450,0.0019000869,KM,0.0485,0.0485,0.03233333333333333,0.03233333333333333,0.3495,0.301,1296.0144838812362,1266.756233991157,1285.1265408468869,-28103.31644086259,-198131.09075511614,-75147.50192607957
450,0.0019000869,KM,0.049,0.049,0.03266666666666666,0.03266666666666666,0.3496666666666666,0.3006666666666667,1296.0359504149799,1266.818154047718,1285.3312135664676,-27632.856199813243,-197660.63051406678,-75049.70446805035
450,0.0019000869,KM,0.0495,0.0495,0.033,0.033,0.3498333333333334,0.30033333333333334,1296.0576535509767,1266.8806888738277,1285.5354184119124,-27164.129336572925,-197191.90365082645,-74950.98633585595
450,0.0019000869,KM,0.05,0.05,0.03333333333333333,0.03333333333333333,0.35000000000000003,0.3,1296.0795934888226,1266.9438374798083,1285.7273296038043,-26727.546568022255,-196755.3208822758,-74851.3500317795
450,0.0019000869,KM,0.0505,0.0505,0.033666666666666664,0.033666666666666664,0.3501666666666667,0.2996666666666667,1296.1017704237643,1267.007598858922,1285.9334580394598,-26254.940790293116,-196282.71510454666,-74750.7980817212
450,0.0019000869,KM,0.051000000000000004,0.051000000000000004,0.034,0.034,0.35033333333333333,0.29933333333333334,1296.1241845466898,1267.071971987408,1286.126392466754,-25816.80436727337,-195844.5786815269,-74649.33303512956
450,0.0019000869,KM,0.051500000000000004,0.051500000000000004,0.034333333333333334,0.034333333333333334,0.35050000000000003,0.299,1296.1468360441172,1267.136955824525,1286.3190535661763,-25379.913019792242,-195407.68733404577,-74546.95746492797
450,0.0019000869,KM,0.052000000000000005,0.052000000000000005,0.034666666666666665,0.034666666666666665,0.3506666666666667,0.2986666666666667,1296.169725098192,1267.2025493125907,1286.5228403184062,-24914.93760018314,-194942.71191443666,-74443.67396744664
450,0.0019000869,KM,0.0525,0.0525,0.034999999999999996,0.034999999999999996,0.35083333333333333,0.29833333333333334,1296.1928518866705,1267.268751377023,1286.7083047854244,-24497.647678320503,-194525.42199257403,-74339.48516234558
450,0.0019000869,KM,0.053,0.053,0.03533333333333333,0.03533333333333333,0.351,0.298,1296.2162165829186,1267.3355609263822,1286.904800567445,-24052.51440900088,-194080.2887232544,-74234.39369254552
450,0.0019000869,KM,0.0535,0.0535,0.035666666666666666,0.035666666666666666,0.3511666666666667,0.2976666666666667,1296.2398193558995,1267.4029768524192,1287.1012356867643,-23608.0783774193,-193635.85269167283,-74128.40222415079
450,0.0019000869,KM,0.054,0.054,0.036,0.036,0.35133333333333333,0.29733333333333334,1296.2636603701658,1267.4709980301184,1287.285220808074,-23196.23748536805,-193224.01179962157,-74021.51344637689
450,0.0019000869,KM,0.0545,0.0545,0.03633333333333333,0.03633333333333333,0.3515,0.297,1296.2877397858545,1267.5396233177448,1287.485082402333,-22744.066910574285,-192771.8412248278,-73913.73007147457
450,0.0019000869,KM,0.055,0.055,0.03666666666666667,0.03666666666666667,0.3516666666666666,0.2966666666666667,1296.3120577586747,1267.6088515568933,1287.671906476873,-22326.01236074496,-192353.7866749985,-73805.0548346528
450,0.0019000869,KM,0.0555,0.0555,0.037,0.037,0.3518333333333334,0.29633333333333334,1296.3366144399047,1267.6786815725388,1287.8584792642207,-21909.155324764928,-191936.92963901846,-73695.49049400246
450,0.0019000869,KM,0.056,0.056,0.03733333333333333,0.03733333333333333,0.35200000000000004,0.296,1296.3614099763813,1267.749112173085,1288.0565231443384,-21463.29846127141,-191491.07277552495,-73585.03983042092
450,0.0019000869,KM,0.0565,0.0565,0.03766666666666667,0.03766666666666667,0.3521666666666667,0.2956666666666667,1296.3864445104946,1267.820142150417,1288.2359137459225,-21066.04404576972,-191093.81836002326,-73473.70564753156
450,0.0019000869,KM,0.057,0.057,0.038,0.038,0.35233333333333333,0.29533333333333334,1296.4117181801792,1267.8917702799574,1288.427052550528,-20639.073290842636,-190666.84760509618,-73361.4907716056
450,0.0019000869,KM,0.0575,0.0575,0.03833333333333333,0.03833333333333333,0.35250000000000004,0.295,1296.4372311189077,1267.963995320715,1288.6182483797218,-20212.504174038913,-190240.27848829245,-73248.39805148417
450,0.0019000869,KM,0.058,0.058,0.03866666666666667,0.03866666666666667,0.3526666666666667,0.2946666666666667,1296.4629834556847,1268.0368160153469,1288.7964569300837,-19819.960075277108,-189847.73438953064,-73134.43035849488
450,0.0019000869,KM,0.0585,0.0585,0.039,0.039,0.35283333333333333,0.29433333333333334,1296.48897531504,1268.110231090211,1288.9909943566008,-19385.879581023946,-189413.65389527747,-73019.59058637578
450,0.0019000869,KM,0.059000000000000004,0.059000000000000004,0.03933333333333333,0.03933333333333333,0.353,0.294,1296.5152068170214,1268.1842392554272,1289.1721022302834,-18986.972338934673,-189014.7466531882,-72903.88165118826
450,0.0019000869,KM,0.059500000000000004,0.059500000000000004,0.03966666666666667,0.03966666666666667,0.3531666666666667,0.2936666666666667,1296.5416780771889,1268.2588392049352,1289.352988577594,-18589.193837240025,-188616.96815149355,-72787.30649124095
450,0.0019000869,KM,0.06,0.06,0.039999999999999994,0.039999999999999994,0.35333333333333333,0.29333333333333333,1296.5683892066086,1268.3340296165545,1289.5451777483634,-18162.822435760954,-188190.5967500145,-72669.86806700191
