signed_distance_d,signed_q_distance_2pi_over_a,support_tier,DFPT_N_infinity_guide_cm-1,DFPT_guide_lower_cm-1,DFPT_guide_upper_cm-1,DFPT_K_referenced_guide_cm-1,DFPT_K_referenced_lower_cm-1,DFPT_K_referenced_upper_cm-1,MLIP_full_EPC_LR_cm-1,MLIP_K_referenced_cm-1
-0.023,-0.015333333333333332,k192_model_assisted,1298.9482986382511,1298.2814019999998,1299.8245769999996,14.743493611934127,13.502244999997947,15.716969999999856,1295.328491372762,13.14551937276201
-0.022975000000000002,-0.015316666666666668,k192_model_assisted,1298.937724215525,1298.2716026746662,1299.813121424666,14.732919189207905,13.49244567466426,15.70551442466617,1295.31635637818,13.133384378179926
-0.02295,-0.015300000000000001,k192_model_assisted,1298.9271107399022,1298.2617635585764,1299.8016260585762,14.722305713585229,13.482606558574483,15.694019058576393,1295.3042213835977,13.121249383597615
-0.022925,-0.015283333333333333,k192_model_assisted,1298.9164583172285,1298.251884760347,1299.7900910103467,14.7116532909115,13.47272776034502,15.68248401034693,1295.2920863890156,13.10911438901553
-0.0229,-0.015266666666666666,k192_model_assisted,1298.9057670533493,1298.241966388595,1299.7785163885949,14.700962027032347,13.462809388593184,15.670909388595094,1295.2799513944333,13.09697939443322
-0.022875,-0.01525,k192_model_assisted,1298.8950370541106,1298.2320085519366,1299.7669023019364,14.690232027793627,13.4528515519347,15.65929530193661,1295.2678163998512,13.084844399851136
-0.022850000000000002,-0.015233333333333335,k192_model_assisted,1298.884268425357,1298.222011358989,1299.7552488589888,14.67946339904006,13.442854358987107,15.647641858989017,1295.255681405269,13.072709405268824
-0.022825,-0.015216666666666667,k192_model_assisted,1298.8734612729343,1298.2119749183682,1299.743556168368,14.668656246617275,13.432817918366357,15.635949168368267,1295.2435464106868,13.06057441068674
-0.0228,-0.0152,k192_model_assisted,1298.8626157026883,1298.2018993386914,1299.7318243386912,14.657810676371355,13.422742338689536,15.624217338691446,1295.2314114161045,13.04843941610443
-0.022775,-0.015183333333333333,k192_model_assisted,1298.8517318204642,1298.191784728575,1299.7200534785748,14.646926794147248,13.41262772857305,15.61244647857496,1295.2192764215224,13.036304421522345
-0.02275,-0.015166666666666665,k192_model_assisted,1298.8408097321073,1298.1816311966356,1299.7082436966355,14.636004705790356,13.402474196633756,15.600636696635666,1295.2071414269403,13.024169426940261
-0.022725000000000002,-0.01515,k192_model_assisted,1298.8298495434633,1298.17143885149,1299.6963951014898,14.625044517146307,13.392281851488061,15.588788101489971,1295.195006432358,13.01203443235795
-0.0227,-0.015133333333333334,k192_model_assisted,1298.8188513603777,1298.161207801755,1299.6845078017548,14.614046334060731,13.382050801753051,15.576900801754961,1295.182871437776,12.999899437775866
-0.022675,-0.015116666666666667,k192_model_assisted,1298.8078152886958,1298.1509381560472,1299.6725819060466,14.603010262378803,13.371781156045131,15.564974906047041,1295.1707364431936,12.987764443193555
-0.02265,-0.015099999999999999,k192_model_assisted,1298.7967414342634,1298.140630022983,1299.6606175229824,14.591936407946378,13.361473022980935,15.553010522982841,1295.1586014486115,12.975629448611471
-0.022625000000000003,-0.015083333333333334,k192_model_assisted,1298.7856299029254,1298.130283511179,1299.6486147611784,14.580824876608403,13.351126511176862,15.541007761178772,1295.1464664540292,12.96349445402916
-0.022600000000000002,-0.015066666666666667,k192_model_assisted,1298.7744808005277,1298.1198987292523,1299.6365737292517,14.569675774210737,13.340741729250233,15.52896672925214,1295.1343314594471,12.951359459447076
-0.022575,-0.015050000000000001,k192_model_assisted,1298.7632942329158,1298.1094757858193,1299.6244945358187,14.558489206598779,13.330318785817221,15.516887535819128,1295.1221964648648,12.939224464864765
-0.02255,-0.015033333333333333,k192_model_assisted,1298.752070305935,1298.0990147894966,1299.612377289496,14.547265279617932,13.31985778949446,15.504770289496367,1295.1100614702827,12.92708947028268
-0.022525,-0.015016666666666666,k192_model_assisted,1298.7408091254304,1298.0885158489011,1299.6002220989005,14.53600409911337,13.309358848899036,15.492615098900943,1295.0979264757004,12.91495447570037
-0.022500000000000003,-0.015000000000000001,k192_model_assisted,1298.7295107972484,1298.077979072649,1299.5880290726484,14.524705770931405,13.2988220726469,15.480422072648807,1295.0857914811183,12.902819481118286
-0.022475000000000002,-0.014983333333333335,k192_model_assisted,1298.7181754272337,1298.0674045693574,1299.5757983193569,14.513370400916756,13.288247569355365,15.468191319357272,1295.0732255426917,12.890253542691653
-0.02245,-0.014966666666666666,k192_model_assisted,1298.7068031212323,1298.0567924476425,1299.5635299476419,14.50199809491528,13.277635447640382,15.45592294764229,1295.060659604265,12.87768760426502
-0.022425,-0.01495,k192_model_assisted,1298.6953939850891,1298.0461428161218,1299.5512240661212,14.49058895877215,13.26698581611972,15.443617066121627,1295.0480936658385,12.865121665838387
-0.0224,-0.014933333333333333,k192_model_assisted,1298.68394812465,1298.0354557834112,1299.5388807834106,14.479143098332997,13.2562987834091,15.431273783411008,1295.0355277274118,12.852555727411755
-0.022375000000000003,-0.014916666666666668,k192_model_assisted,1298.6724656457602,1298.0247314581277,1299.5265002081271,14.467660619443222,13.245574458125612,15.41889320812752,1295.0229617889852,12.839989788985122
-0.022350000000000002,-0.0149,k192_model_assisted,1298.6609466542652,1298.0139699488877,1299.5140824488872,14.456141627948227,13.234812948885658,15.406475448887566,1295.0103958505586,12.827423850558489
-0.022325,-0.014883333333333333,k192_model_assisted,1298.6493912560109,1298.0031713643077,1299.5016276143072,14.444586229693869,13.224014364305644,15.394020614307552,1294.997829912132,12.814857912131856
-0.0223,-0.014866666666666667,k192_model_assisted,1298.6377995568425,1297.9923358130052,1299.4891358130046,14.432994530525548,13.213178813003111,15.38152881300502,1294.9852639737053,12.802291973705223
-0.022275,-0.014849999999999999,k192_model_assisted,1298.6261716626054,1297.981463403596,1299.4766071535955,14.42136663628844,13.20230640359401,15.369000153595918,1294.9726980352787,12.78972603527859
-0.022250000000000002,-0.014833333333333334,k192_model_assisted,1298.6145076791447,1297.9705542446975,1299.464041744697,14.409702652827718,13.191397244695427,15.356434744697335,1294.960132096852,12.777160096851958
-0.022225,-0.014816666666666667,k192_model_assisted,1298.6028077123065,1297.9596084449254,1299.4514396949248,14.398002685989468,13.180451444923312,15.34383269492522,1294.9475661584252,12.764594158425098
-0.0222,-0.0148,k192_model_assisted,1298.5910718679359,1297.9486261128973,1299.4388011128967,14.386266841618863,13.169469112895207,15.331194112897116,1294.9350002199985,12.752028219998465
-0.022175,-0.014783333333333332,k192_model_assisted,1298.5793002518787,1297.937607357229,1299.4261261072284,14.374495225561759,13.158450357226835,15.318519107228743,1294.922434281572,12.739462281571832
-0.02215,-0.014766666666666666,k192_model_assisted,1298.56749296998,1297.9265522865378,1299.4134147865373,14.362687943663104,13.147395286535737,15.305807786537645,1294.9098683431453,12.7268963431452
-0.022125000000000002,-0.014750000000000001,k192_model_assisted,1298.5556501280855,1297.9154610094404,1299.4006672594398,14.350845101768527,13.136304009438318,15.293060259440226,1294.8973024047186,12.714330404718567
-0.0221,-0.014733333333333334,k192_model_assisted,1298.5437718320406,1297.904333634553,1299.3878836345525,14.338966805723658,13.125176634550982,15.28027663455289,1294.884736466292,12.701764466291934
-0.022075,-0.014716666666666666,k192_model_assisted,1298.5318581876907,1297.8931702704924,1299.375064020492,14.32705316137367,13.114013270490362,15.267457020492271,1294.8721705278654,12.689198527865301
-0.02205,-0.0147,k192_model_assisted,1298.5199093008814,1297.8819710258756,1299.362208525875,14.315104274564419,13.102814025873545,15.254601525875454,1294.8596045894387,12.676632589438668
-0.022025,-0.014683333333333333,k192_model_assisted,1298.507925277458,1297.8707360093188,1299.3493172593182,14.303120251141081,13.091579009316709,15.241710259318618,1294.847038651012,12.664066651012035
-0.022000000000000002,-0.014666666666666668,k192_model_assisted,1298.4959062232665,1297.859465329439,1299.3363903294385,14.291101196949512,13.080308329436939,15.228783329438848,1294.8344727125855,12.651500712585403
-0.021975,-0.01465,k192_model_assisted,1298.4838522441519,1297.8481590948527,1299.3234278448522,14.279047217834886,13.06900209485064,15.21582084485255,1294.8224851788264,12.639513178826292
-0.02195,-0.014633333333333333,k192_model_assisted,1298.4717634459591,1297.8368174141767,1299.3104299141762,14.266958419642151,13.057660414174673,15.202822914176583,1294.8104976450675,12.627525645067408
-0.021925,-0.014616666666666667,k192_model_assisted,1298.4596399345346,1297.8254403960275,1299.297396646027,14.254834908217617,13.046283396025443,15.189789646027352,1294.7985101113084,12.615538111308297
-0.0219,-0.014599999999999998,k192_model_assisted,1298.4474818157237,1297.8140281490212,1299.2843281490207,14.242676789406687,13.034871149019125,15.176721149021034,1294.7865225775492,12.603550577549186
-0.021875000000000002,-0.014583333333333334,k192_model_assisted,1298.4352891953713,1297.8025807817755,1299.271224531775,14.230484169054307,13.02342378177349,15.1636175317754,1294.7745350437901,12.591563043790075
-0.02185,-0.014566666666666667,k192_model_assisted,1298.4230621793233,1297.7910984029065,1299.258085902906,14.218257153006334,13.011941402904487,15.150478902906396,1294.7625475100313,12.57957551003119
-0.021825,-0.01455,k192_model_assisted,1298.4108008734252,1297.7795811210312,1299.2449123710308,14.20599584710817,13.000424121029203,15.137305371031113,1294.7505599762721,12.56758797627208
-0.0218,-0.014533333333333332,k192_model_assisted,1298.3985053835224,1297.7680290447659,1299.2317040447654,14.193700357205444,12.988872044763816,15.124097044765726,1294.738572442513,12.555600442512969
-0.021775000000000003,-0.014516666666666667,k192_model_assisted,1298.38617581546,1297.7564422827277,1299.2184610327272,14.181370789143102,12.97728528272564,15.11085403272755,1294.726584908754,12.543612908753857
-0.021750000000000002,-0.0145,k192_model_assisted,1298.3738122750838,1297.7448209435324,1299.205183443532,14.169007248766775,12.965663943530398,15.097576443532308,1294.714597374995,12.531625374994974
-0.021725,-0.014483333333333334,k192_model_assisted,1298.3614148682395,1297.7331651357974,1299.191871385797,14.156609841922545,12.954008135795403,15.084264385797313,1294.702609841236,12.519637841235863
-0.0217,-0.014466666666666666,k192_model_assisted,1298.3489837007726,1297.7214749681393,1299.1785249681388,14.144178674455588,12.942317968137289,15.070917968139199,1294.6906223074768,12.507650307476752
-0.021675,-0.01445,k192_model_assisted,1298.3365188785278,1297.7097505491745,1299.165144299174,14.13171385221085,12.930593549172459,15.057537299174369,1294.6786347737177,12.49566277371764
-0.021650000000000003,-0.014433333333333334,k192_model_assisted,1298.3240205073512,1297.6979919875198,1299.1517294875193,14.119215481034189,12.918834987517773,15.044122487519683,1294.6666472399588,12.483675239958757
-0.021625000000000002,-0.014416666666666668,k192_model_assisted,1298.311488693088,1297.686199391792,1299.1382806417914,14.106683666771005,12.907042391789865,15.030673641791772,1294.6546597061997,12.471687706199646
-0.0216,-0.0144,k192_model_assisted,1298.2989235415841,1297.674372870607,1299.1247978706065,14.094118515267155,12.895215870604908,15.017190870606818,1294.6426721724406,12.459700172440535
-0.021575,-0.014383333333333333,k192_model_assisted,1298.2863251586846,1297.6625125325825,1299.111281282582,14.081520132367586,12.883355532580449,15.003674282582356,1294.6306846386815,12.447712638681423
-0.02155,-0.014366666666666666,k192_model_assisted,1298.273693650235,1297.6506184863345,1299.097730986334,14.068888623917928,12.871461486332434,14.990123986334341,1294.6186971049224,12.435725104922312
-0.021525000000000002,-0.014350000000000002,k192_model_assisted,1298.2610291220808,1297.6386908404802,1299.0841470904797,14.05622409576381,12.859533840478178,14.976540090480086,1294.6067095711635,12.423737571163429
-0.021500000000000002,-0.014333333333333333,k192_model_assisted,1298.2483316800676,1297.6267297036356,1299.0705297036352,14.043526653750632,12.847572703633633,14.96292270363554,1294.5947220374044,12.411750037404317
-0.021475,-0.014316666666666667,k192_model_assisted,1298.2356014300406,1297.614735184418,1299.0568789344175,14.03079640372357,12.835578184415883,14.94927193441779,1294.582306607136,12.39933460713587
-0.02145,-0.0143,k192_model_assisted,1298.2228384778455,1297.6027073914433,1299.043194891443,14.018033451528481,12.823550391441335,14.935587891443243,1294.5698911768675,12.386919176867423
-0.021425,-0.014283333333333332,k192_model_assisted,1298.210042929328,1297.590646433329,1299.0294776833287,14.005237903010993,12.811489433327075,14.921870683328983,1294.557475746599,12.374503746598975
-0.021400000000000002,-0.014266666666666667,k192_model_assisted,1298.1972148903328,1297.5785524186913,1299.0157274186909,13.992409864015826,12.799395418689281,14.908120418691189,1294.5450603163306,12.362088316330528
-0.021375,-0.01425,k192_model_assisted,1298.184354466706,1297.5664254561466,1299.0019442061462,13.979549440389064,12.787268456144584,14.894337206146492,1294.5326448860621,12.34967288606208
-0.02135,-0.014233333333333334,k192_model_assisted,1298.171461764293,1297.554265654312,1298.9881281543117,13.966656737976109,12.775108654310072,14.88052115431198,1294.5202294557937,12.337257455793633
-0.021325,-0.014216666666666666,k192_model_assisted,1298.1585368889394,1297.542073121804,1298.9742793718035,13.953731862622362,12.762916121801922,14.86667237180383,1294.5078140255252,12.324842025525186
-0.0213,-0.014199999999999999,k192_model_assisted,1298.14557994649,1297.5298479672394,1298.960397967239,13.940774920172998,12.750690967237448,14.852790967239356,1294.4953985952568,12.312426595256738
-0.021275000000000002,-0.014183333333333334,k192_model_assisted,1298.1325910427909,1297.5175902992348,1298.9464840492344,13.927786016473874,12.738433299232828,14.838877049234735,1294.4829831649884,12.300011164988291
-0.02125,-0.014166666666666668,k192_model_assisted,1298.1195702836876,1297.5053002264067,1298.9325377264063,13.914765257370618,12.726143226404693,14.8249307264066,1294.4705677347201,12.287595734720071
-0.021225,-0.01415,k192_model_assisted,1298.1065177750252,1297.492977857372,1298.9185591073715,13.901712748708178,12.713820857369903,14.810952107371811,1294.4581523044517,12.275180304451624
-0.0212,-0.014133333333333333,k192_model_assisted,1298.0934336226494,1297.4806233007473,1298.904548300747,13.88862859633241,12.701466300745318,14.796941300747227,1294.4457368741832,12.262764874183176
-0.021175,-0.014116666666666666,k192_model_assisted,1298.0803179324055,1297.4682366651487,1298.8905054151483,13.875512906088488,12.68907966514666,14.78289841514857,1294.4333214439148,12.250349443914729
-0.021150000000000002,-0.014100000000000001,k192_model_assisted,1298.0671708101388,1297.4558180591937,1298.8764305591933,13.862365783821815,12.6766610591917,14.768823559193608,1294.4209060136463,12.237934013646282
-0.021125,-0.014083333333333333,k192_model_assisted,1298.0539923616955,1297.4433675914986,1298.8623238414982,13.849187335378474,12.664210591496612,14.75471684149852,1294.408490583378,12.225518583377834
-0.0211,-0.014066666666666667,k192_model_assisted,1298.0407826929209,1297.43088537068,1298.8481853706796,13.835977666603867,12.65172837067803,14.74057837067994,1294.3960751531095,12.213103153109387
-0.021075,-0.01405,k192_model_assisted,1298.0275419096595,1297.4183715053546,1298.8340152553542,13.822736883342486,12.639214505352587,14.726408255354496,1294.383659722841,12.20068772284094
-0.021050000000000003,-0.014033333333333335,k192_model_assisted,1298.0142701177579,1297.4058261041387,1298.8198136041383,13.80946509144087,12.626669104136687,14.712206604138595,1294.3712442925726,12.188272292572492
-0.021025000000000002,-0.014016666666666667,k192_model_assisted,1298.0009674230607,1297.3932492756496,1298.8055805256492,13.796162396743739,12.614092275647643,14.697973525649552,1294.358828862304,12.175856862304045
-0.021,-0.014,k192_model_assisted,1297.9876339314144,1297.380641128504,1298.7913161285037,13.782828905097404,12.601484128502088,14.683709128503997,1294.3464134320357,12.163441432035597
-0.020975,-0.013983333333333334,k192_model_assisted,1297.9742697486631,1297.368001771318,1298.7770205213176,13.769464722346129,12.588844771315973,14.669413521317882,1294.3339174943799,12.150945494379812
-0.02095,-0.013966666666666665,k192_model_assisted,1297.9608749806534,1297.3553313127086,1298.7626938127082,13.756069954336454,12.57617431270661,14.65508681270852,1294.321421556724,12.138449556724026
-0.020925000000000003,-0.01395,k192_model_assisted,1297.9474497332308,1297.3426298612922,1298.7483361112918,13.74264470691378,12.56347286129018,14.640729111292089,1294.3089256190683,12.125953619068241
-0.020900000000000002,-0.013933333333333334,k192_model_assisted,1297.93399411224,1297.3298975256857,1298.7339475256854,13.729189085923053,12.550740525683766,14.626340525685675,1294.2964296814123,12.113457681412228
-0.020875,-0.013916666666666667,k192_model_assisted,1297.9205082235267,1297.3171344145055,1298.7195281645052,13.715703197209677,12.537977414503548,14.611921164505457,1294.2839337437565,12.100961743756443
-0.02085,-0.0139,k192_model_assisted,1297.906992172937,1297.3043406363688,1298.7050781363685,13.702187146619963,12.525183636366839,14.597471136368748,1294.2714378061007,12.088465806100658
-0.020825,-0.013883333333333333,k192_model_assisted,1297.8934460663156,1297.2915162998918,1298.6905975498914,13.688641039998629,12.512359299889816,14.582990549891726,1294.258941868445,12.075969868444872
-0.020800000000000003,-0.013866666666666668,k192_model_assisted,1297.8798700095083,1297.2786615136908,1298.6760865136905,13.675064983191305,12.499504513688885,14.568479513690795,1294.2464459307892,12.063473930789087
-0.020775000000000002,-0.013850000000000001,k192_model_assisted,1297.8662641083604,1297.2657763863833,1298.661545136383,13.661459082043393,12.48661938638136,14.55393813638327,1294.2339499931334,12.050977993133301
-0.02075,-0.013833333333333333,k192_model_assisted,1297.8526284687177,1297.2528610265854,1298.646973526585,13.64782344240075,12.473704026583418,14.539366526585328,1294.2214540554776,12.038482055477516
-0.020725,-0.013816666666666666,k192_model_assisted,1297.8389631964253,1297.239915542914,1298.6323717929138,13.634158170108321,12.460758542912146,14.524764792914056,1294.2089581178216,12.025986117821503
-0.0207,-0.0138,k192_model_assisted,1297.825268397329,1297.226940043986,1298.6177400439856,13.620463371011965,12.447783043983948,14.510133043985858,1294.1964621801658,12.013490180165718
-0.020675000000000002,-0.013783333333333335,k192_model_assisted,1297.811544177274,1297.2139346384172,1298.6030783884169,13.606739150957083,12.43477763841523,14.49547138841714,1294.18396624251,12.000994242509933
-0.02065,-0.013766666666666667,k192_model_assisted,1297.797790642106,1297.200899434825,1298.5883869348247,13.592985615789075,12.421742434823079,14.480779934824989,1294.1714703048542,11.988498304854147
-0.020625,-0.01375,k192_model_assisted,1297.78400789767,1297.1878345418259,1298.5736657918255,13.579202871353118,12.408677541823899,14.466058791825809,1294.1589743671984,11.976002367198362
-0.0206,-0.013733333333333334,k192_model_assisted,1297.7701960498123,1297.1747400680365,1298.5589150680362,13.565391023495295,12.39558306803455,14.451308068036457,1294.1464784295426,11.963506429542576
-0.020575,-0.013716666666666665,k192_model_assisted,1297.7563552043778,1297.1616161220736,1298.5441348720733,13.55155017806078,12.382459122071662,14.436527872073572,1294.1339824918866,11.951010491886564
-0.020550000000000002,-0.0137,k192_model_assisted,1297.742485467212,1297.1484628125536,1298.5293253125533,13.537680440894974,12.369305812551644,14.421718312553551,1294.1214865542308,11.938514554230778
-0.020525,-0.013683333333333334,k192_model_assisted,1297.7285869441603,1297.1352802480933,1298.514486498093,13.52378191784328,12.356123248091352,14.406879498093259,1294.108990616575,11.926018616574993
-0.0205,-0.013666666666666667,k192_model_assisted,1297.7146597410683,1297.1220685373094,1298.499618537309,13.509854714751327,12.342911537307419,14.392011537309326,1294.0964946789193,11.913522678919207
-0.020475,-0.013649999999999999,k192_model_assisted,1297.7007039637817,1297.1088277888182,1298.484721538818,13.495898937464744,12.32967078881625,14.377114538818157,1294.0835635533174,11.900591553317327
-0.02045,-0.013633333333333332,k192_model_assisted,1297.6867197181457,1297.095558111237,1298.4697956112368,13.481914691828706,12.316401111235159,14.362188611237066,1294.0706324277153,11.887660427715218
-0.020425000000000002,-0.013616666666666668,k192_model_assisted,1297.6727071100058,1297.0822596131823,1298.454840863182,13.467902083688841,12.303102613180323,14.34723386318223,1294.0577013021134,11.874729302113337
-0.0204,-0.013600000000000001,k192_model_assisted,1297.658666245207,1297.06893240327,1298.4398574032698,13.453861218890097,12.289775403268148,14.332250403270056,1294.0447701765115,11.861798176511456
-0.020375,-0.013583333333333333,k192_model_assisted,1297.644597229596,1297.0555765901179,1298.4248453401176,13.439792203279012,12.276419590115948,14.317238340117855,1294.0318390509094,11.848867050909348
-0.02035,-0.013566666666666666,k192_model_assisted,1297.6305001690173,1297.0421922823418,1298.4098047823416,13.425695142700306,12.2630352823399,14.302197782341807,1294.0189079253075,11.835935925307467
-0.020325,-0.01355,k192_model_assisted,1297.6163751693166,1297.0287795885588,1298.3947358385585,13.411570142999608,12.249622588556862,14.28712883855877,1294.0059767997056,11.823004799705586
-0.020300000000000002,-0.013533333333333335,k192_model_assisted,1297.6022223363389,1297.0153386173854,1298.3796386173851,13.397417310021865,12.236181617383469,14.272031617385377,1293.9930456741035,11.810073674103478
-0.020275,-0.013516666666666666,k192_model_assisted,1297.5880417759308,1297.001869477438,1298.3645132274378,13.383236749613843,12.222712477436124,14.256906227438032,1293.9801145485017,11.797142548501597
-0.02025,-0.0135,k192_model_assisted,1297.5738335939366,1296.9883722773338,1298.3493597773336,13.36902856761958,12.209215277331914,14.241752777333822,1293.9671834228996,11.784211422899489
-0.020225,-0.013483333333333333,k192_model_assisted,1297.5595978962026,1296.974847125689,1298.3341783756887,13.354792869885614,12.195690125687017,14.226571375688925,1293.9542522972977,11.771280297297608
-0.020200000000000003,-0.013466666666666668,k192_model_assisted,1297.5453347885739,1296.9612941311204,1298.3189691311202,13.340529762256892,12.18213713111852,14.211362131120428,1293.9413211716958,11.758349171695727
-0.020175000000000002,-0.01345,k192_model_assisted,1297.5310443768958,1296.947713402245,1298.3037321522447,13.326239350578817,12.168556402243054,14.196125152244962,1293.9283900460937,11.745418046093619
-0.02015,-0.013433333333333334,k192_model_assisted,1297.5167267670145,1296.9341050476792,1298.288467547679,13.311921740697471,12.154948047677252,14.18086054767916,1293.9154589204918,11.732486920491738
-0.020125,-0.013416666666666667,k192_model_assisted,1297.5023820647743,1296.9204691760394,1298.2731754260392,13.297577038457348,12.141312176037518,14.165568426039426,1293.90252779489,11.719555794889857
-0.0201,-0.013399999999999999,k192_model_assisted,1297.4880103760217,1296.9068058959424,1298.2578558959422,13.283205349704758,12.127648895940485,14.150248895942394,1293.8895966692878,11.706624669287748
-0.020075000000000003,-0.013383333333333334,k192_model_assisted,1297.4736118066019,1296.8931153160054,1298.2425090660051,13.268806780284876,12.113958316003467,14.134902066005376,1293.876665543686,11.693693543685868
-0.020050000000000002,-0.013366666666666667,k192_model_assisted,1297.4591864623599,1296.879397544844,1298.2271350448439,13.254381436042877,12.100240544842187,14.119528044844095,1293.863734418084,11.680762418083987
-0.020025,-0.01335,k192_model_assisted,1297.4447344491418,1296.8656526910759,1298.2117339410756,13.239929422824844,12.086495691073958,14.104126941075867,1293.850803292482,11.667831292481878
-0.02,-0.013333333333333332,k192_model_assisted,1297.4302558727927,1296.851880863317,1298.1963058633169,13.225450846475724,12.072723863315186,14.088698863317095,1293.83787216688,11.654900166879997
-0.019975,-0.013316666666666666,k192_model_assisted,1297.4157508391581,1296.8380821701844,1298.1808509201842,13.210945812841146,12.058925170182503,14.073243920184412,1293.825513099919,11.642541099918844
-0.019950000000000002,-0.013300000000000001,k192_model_assisted,1297.401219454084,1296.8242567202944,1298.1653692202942,13.196414427766967,12.04509972029254,14.05776222029445,1293.813154032958,11.630182032957919
-0.019925000000000002,-0.013283333333333334,k192_model_assisted,1297.3866618234151,1296.8104046222643,1298.149860872264,13.181856797098135,12.031247622262386,14.042253872264295,1293.8007949659968,11.617822965996766
-0.0199,-0.013266666666666666,k192_model_assisted,1297.372078052997,1296.7965259847101,1298.13432598471,13.16727302668005,12.017368984708217,14.026718984710126,1293.788435899036,11.60546389903584
-0.019875,-0.01325,k192_model_assisted,1297.3574682486756,1296.7826209162488,1298.1187646662486,13.15266322235857,12.003463916246892,14.0111576662488,1293.7760768320748,11.593104832074687
-0.01985,-0.013233333333333333,k192_model_assisted,1297.3428325162963,1296.7686895254967,1298.1031770254965,13.138027489979322,11.989532525494816,13.995570025496725,1293.7637177651136,11.580745765113534
-0.019825000000000002,-0.013216666666666668,k192_model_assisted,1297.328170961704,1296.754731921071,1298.0875631710708,13.123365935387028,11.975574921069077,13.979956171070986,1293.7513586981527,11.568386698152608
-0.0198,-0.0132,k192_model_assisted,1297.3134836907448,1296.740748211588,1298.0719232115878,13.10867866442777,11.961591211586079,13.964316211587988,1293.7389996311915,11.556027631191455
-0.019775,-0.013183333333333333,k192_model_assisted,1297.298770809264,1296.7267385056646,1298.0562572556644,13.093965782946952,11.947581505662681,13.94865025566459,1293.7266405642306,11.54366856423053
-0.01975,-0.013166666666666667,k192_model_assisted,1297.284032423107,1296.712702911917,1298.0405654119168,13.079227396789975,11.933545911915061,13.932958411916971,1293.7142814972694,11.531309497269376
-0.019725,-0.013149999999999998,k192_model_assisted,1297.2692686381192,1296.6986415389624,1298.0248477889622,13.064463611802239,11.919484538960534,13.917240788962443,1293.7019224303083,11.518950430308223
-0.019700000000000002,-0.013133333333333334,k192_model_assisted,1297.2544795601461,1296.6845544954172,1298.009104495417,13.049674533829148,11.905397495415276,13.901497495417185,1293.6895633633474,11.506591363347297
-0.019675,-0.013116666666666667,k192_model_assisted,1297.2396652950333,1296.6704418898976,1297.9933356398974,13.03486026871633,11.891284889895692,13.885728639897602,1293.6772042963862,11.494232296386144
-0.01965,-0.0131,k192_model_assisted,1297.2248259486262,1296.656303831021,1297.9775413310208,13.020020922309186,11.877146831019097,13.869934331021007,1293.6648452294253,11.481873229425219
-0.019625,-0.013083333333333332,k192_model_assisted,1297.2099616267703,1296.642140427404,1297.9617216774038,13.005156600453347,11.862983427402122,13.854114677404032,1293.6524861624641,11.469514162464066
-0.0196,-0.013066666666666666,k192_model_assisted,1297.195072435311,1296.6279517876628,1297.9458767876627,12.990267408993986,11.848794787660946,13.838269787662856,1293.640127095503,11.457155095502912
-0.019575000000000002,-0.01305,k192_model_assisted,1297.1801584800937,1296.6137380204145,1297.9300067704144,12.975353453776734,11.834581020412655,13.822399770414565,1293.627768028542,11.444796028541987
-0.01955,-0.013033333333333334,k192_model_assisted,1297.1652198669642,1296.5994992342758,1297.9141117342751,12.960414840647218,11.820342234273653,13.806504734275563,1293.615408961581,11.432436961580834
-0.019525,-0.013016666666666666,k192_model_assisted,1297.1502567017674,1296.5852355378627,1297.898191787862,12.945451675450386,11.806078537860575,13.790584787862482,1293.60304989462,11.420077894619908
-0.0195,-0.013,k192_model_assisted,1297.1352690903495,1296.5709470397924,1297.8822470397918,12.930464064032549,11.791790039790277,13.774640039792184,1293.5906908276588,11.407718827658755
-0.019475,-0.012983333333333333,k192_model_assisted,1297.1202571385554,1296.5566338486813,1297.8662775986807,12.915452112238427,11.777476848679164,13.758670598681071,1293.5779134016784,11.394941401678352
-0.019450000000000002,-0.012966666666666668,k192_model_assisted,1297.1052209522309,1296.5422960731464,1297.8502835731458,12.900415925913876,11.763139073144325,13.742676573146232,1293.565135975698,11.38216397569795
-0.019425,-0.01295,k192_model_assisted,1297.090160637221,1296.5279338218038,1297.8342650718032,12.885355610904071,11.748776821801709,13.726658071803616,1293.5523585497176,11.369386549717547
-0.0194,-0.012933333333333333,k192_model_assisted,1297.0750762993719,1296.5135472032707,1297.8182222032701,12.870271273054868,11.73439020326863,13.710615203270537,1293.5395811237372,11.356609123737144
-0.019375,-0.012916666666666667,k192_model_assisted,1297.0599680445284,1296.4991363261636,1297.802155076163,12.855163018211442,11.719979326161493,13.6945480761634,1293.526803697757,11.343831697756968
-0.019350000000000003,-0.012900000000000002,k192_model_assisted,1297.0448359785364,1296.484701299099,1297.7860637990984,12.840030952219422,11.70554429909693,13.678456799098837,1293.5140262717766,11.331054271776566
-0.019325000000000002,-0.012883333333333333,k192_model_assisted,1297.029680207241,1296.4702422306939,1297.7699484806933,12.824875180923982,11.691085230691801,13.662341480693708,1293.5012488457962,11.318276845796163
-0.0193,-0.012866666666666667,k192_model_assisted,1297.014500836488,1296.4557592295646,1297.753809229564,12.809695810170979,11.67660222956251,13.646202229564418,1293.4884714198158,11.30549941981576
-0.019275,-0.01285,k192_model_assisted,1296.9992979721228,1296.4412524043278,1297.7376461543272,12.794492945805814,11.66209540432569,13.630039154327598,1293.4756939938354,11.292721993835357
-0.01925,-0.012833333333333332,k192_model_assisted,1296.9840717199909,1296.4267218636005,1297.7214593636,12.77926669367389,11.647564863598427,13.613852363600335,1293.462916567855,11.279944567854955
-0.019225000000000003,-0.012816666666666667,k192_model_assisted,1296.9688221859374,1296.4121677159992,1297.7052489659986,12.76401715962038,11.633010715997127,13.597641965999035,1293.4501391418746,11.267167141874552
-0.019200000000000002,-0.0128,k192_model_assisted,1296.9535494758081,1296.3975900701403,1297.6890150701397,12.748744449491141,11.618433070138193,13.581408070140101,1293.4373617158942,11.254389715894149
-0.019175,-0.012783333333333334,k192_model_assisted,1296.9382536954486,1296.3829890346406,1297.67275778464,12.733448669131576,11.603832034638486,13.565150784640394,1293.4245842899138,11.241612289913746
-0.01915,-0.012766666666666666,k192_model_assisted,1296.9229349507043,1296.3683647181167,1297.6564772181162,12.718129924387313,11.589207718114638,13.548870218116546,1293.4118068639334,11.228834863933344
-0.019125,-0.01275,k192_model_assisted,1296.9075933474203,1296.3537172291851,1297.6401734791846,12.702788321103299,11.574560229183053,13.532566479184961,1293.3990294379532,11.216057437953168
-0.019100000000000002,-0.012733333333333334,k192_model_assisted,1296.8922289914426,1296.3390466764629,1297.6238466764623,12.687423965125618,11.559889676460818,13.516239676462726,1293.3862520119728,11.203280011972765
-0.019075,-0.012716666666666668,k192_model_assisted,1296.8768419886162,1296.3243531685669,1297.6074969185663,12.672036962299217,11.545196168564793,13.499889918566701,1293.3734745859924,11.190502585992363
-0.01905,-0.0127,k192_model_assisted,1296.861432444787,1296.3096368141132,1297.5911243141127,12.656627418469952,11.530479814111155,13.483517314113064,1293.360697160012,11.17772516001196
-0.019025,-0.012683333333333333,k192_model_assisted,1296.8460004657998,1296.2948977217186,1297.574728971718,12.641195439482772,11.515740721716536,13.467121971718445,1293.3479197340316,11.164947734031557
-0.019,-0.012666666666666666,k192_model_assisted,1296.830546157501,1296.280136,1297.5583109999995,12.625741131183986,11.500978999998024,13.450703999999932,1293.3351423080512,11.152170308051154
-0.018975000000000002,-0.012650000000000002,k192_model_assisted,1296.8150183262992,1296.2653007377753,1297.5418194877748,12.610213299982206,11.486143737773247,13.434212487775156,1293.3222661527202,11.13929415272014
-0.01895,-0.012633333333333333,k192_model_assisted,1296.7993667851256,1296.2503420159132,1297.5252045159127,12.594561758808595,11.47118501591119,13.4175975159131,1293.309389997389,11.126417997388899
-0.018925,-0.012616666666666667,k192_model_assisted,1296.783593149609,1296.2352614311071,1297.5084676811066,12.578788123292043,11.456104431105064,13.400860681106973,1293.296513842058,11.113541842057884
-0.0189,-0.0126,k192_model_assisted,1296.7676990353784,1296.2200605800497,1297.4916105800492,12.562894009061438,11.440903580047623,13.384003580049532,1293.2836376867267,11.100665686726643
-0.018875,-0.012583333333333332,k192_model_assisted,1296.7516860580615,1296.204741059434,1297.4746348094334,12.546881031744533,11.425584059431849,13.367027809433758,1293.2707615313955,11.087789531395401
-0.018850000000000002,-0.012566666666666667,k192_model_assisted,1296.7355558332874,1296.1893044659528,1297.4575419659523,12.530750806970445,11.410147465950724,13.349934965952633,1293.2578853760645,11.074913376064387
-0.018825,-0.01255,k192_model_assisted,1296.7193099766848,1296.173752396299,1297.4403336462985,12.514504950367836,11.394595396297003,13.332726646298912,1293.2450092207334,11.062037220733373
-0.0188,-0.012533333333333334,k192_model_assisted,1296.7029501038821,1296.158086447166,1297.4230114471654,12.498145077565141,11.378929447163896,13.315404447165806,1293.2321330654022,11.049161065402131
-0.018775,-0.012516666666666666,k192_model_assisted,1296.6864778305078,1296.1423082152462,1297.4055769652457,12.481672804190794,11.363151215244159,13.297969965246068,1293.2192569100712,11.036284910071117
-0.01875,-0.012499999999999999,k192_model_assisted,1296.669894772191,1296.1264192972328,1297.3880317972323,12.465089745873911,11.347262297230772,13.280424797232682,1293.20638075474,11.023408754739876
-0.018725000000000002,-0.012483333333333334,k192_model_assisted,1296.6532025445595,1296.1104212898192,1297.3703775398187,12.448397518242473,11.331264289817174,13.262770539819083,1293.193504599409,11.010532599408862
-0.0187,-0.012466666666666668,k192_model_assisted,1296.6364027632424,1296.0943157896975,1297.352615789697,12.431597736925369,11.315158789695436,13.245008789697346,1293.1806284440777,10.99765644407762
-0.018675,-0.01245,k192_model_assisted,1296.6194970438685,1296.0781043935613,1297.3347481435608,12.414692017551488,11.298947393559224,13.227141143561134,1293.1677522887467,10.984780288746606
-0.01865,-0.012433333333333333,k192_model_assisted,1296.6024870020658,1296.061788698103,1297.3167761981026,12.39768197574881,11.282631698101065,13.209169198102975,1293.1548761334154,10.971904133415364
-0.018625,-0.012416666666666666,k192_model_assisted,1296.5853742534637,1296.0453703000162,1297.2987015500157,12.38056922714668,11.266213300014169,13.191094550016079,1293.1419999780842,10.959027978084123
-0.018600000000000002,-0.012400000000000001,k192_model_assisted,1296.5681604136896,1296.0288507959935,1297.280525795993,12.363355387372621,11.249693795991517,13.172918795993427,1293.1291238227532,10.946151822753109
-0.018575,-0.012383333333333333,k192_model_assisted,1296.5508470983734,1296.0122317827277,1297.2622505327272,12.346042072056434,11.233074782725637,13.154643532727547,1293.1162476674222,10.933275667422095
-0.01855,-0.012366666666666666,k192_model_assisted,1296.5334359231429,1295.9955148569122,1297.2438773569118,12.32863089682587,11.216357856910195,13.136270356912105,1293.103371512091,10.920399512090853
-0.018525,-0.01235,k192_model_assisted,1296.5159285036268,1295.9787016152395,1297.225407865239,12.31112347730982,11.199544615237489,13.1178008652394,1293.09049535676,10.907523356759839
-0.018500000000000003,-0.012333333333333335,k192_model_assisted,1296.4983264554537,1295.9617936544023,1297.2068436544018,12.293521429136717,11.182636654400275,13.099236654402185,1293.0776192014287,10.894647201428597
-0.018475000000000002,-0.012316666666666667,k192_model_assisted,1296.4806313942522,1295.9447925710945,1297.188186321094,12.275826367935224,11.165635571092444,13.080579321094355,1293.0643132123023,10.881341212302232
-0.01845,-0.0123,k192_model_assisted,1296.4628449356514,1295.9276999620083,1297.1694374620079,12.258039909334457,11.1485429620063,13.061830462008206,1293.051007223176,10.868035223175866
-0.018425,-0.012283333333333334,k192_model_assisted,1296.444968695279,1295.9105174238368,1297.1505986738364,12.24016366896194,11.131360423834819,13.042991673836726,1293.0377012340496,10.8547292340495
-0.0184,-0.012266666666666665,k192_model_assisted,1296.4270042887645,1295.8932465532732,1297.1316715532728,12.222199262447475,11.114089553271214,13.02406455327312,1293.0243952449234,10.841423244923362
-0.018375000000000002,-0.01225,k192_model_assisted,1296.4089533317358,1295.8758889470103,1297.1126576970098,12.204148305418812,11.096731947008239,13.005050697010146,1293.011089255797,10.828117255796997
-0.01835,-0.012233333333333334,k192_model_assisted,1296.3908174398218,1295.8584462017407,1297.0935587017402,12.18601241350484,11.07928920173865,12.985951701740557,1292.9977832666707,10.814811266670631
-0.018325,-0.012216666666666667,k192_model_assisted,1296.3725982286508,1295.840919914158,1297.0743761641575,12.167793202333769,11.061762914155883,12.96676916415779,1292.9844772775443,10.801505277544265
-0.0183,-0.012199999999999999,k192_model_assisted,1296.354297313852,1295.8233116809545,1297.055111680954,12.14949228753494,11.044154680952467,12.947504680954374,1292.971171288418,10.7881992884179
-0.018275,-0.012183333333333332,k192_model_assisted,1296.3359163110533,1295.8056230988236,1297.0357668488232,12.131111284736335,11.02646609882161,12.928159848823517,1292.9578652992916,10.774893299291534
-0.018250000000000002,-0.012166666666666668,k192_model_assisted,1296.3174568358838,1295.787855764458,1297.0163432644576,12.112651809566842,11.008698764456067,12.908736264457975,1292.9445593101655,10.761587310165396
-0.018225,-0.012150000000000001,k192_model_assisted,1296.298920503972,1295.770011274551,1296.9968425245506,12.094115477655123,10.990854274549049,12.889235524550957,1292.931253321039,10.74828132103903
-0.0182,-0.012133333333333333,k192_model_assisted,1296.2803089309461,1295.7520912257953,1296.977266225795,12.075503904629159,10.97293422579331,12.869659225795218,1292.9179473319127,10.734975331912665
-0.018175,-0.012116666666666666,k192_model_assisted,1296.2616237324355,1295.7340972148836,1296.9576159648832,12.05681870611852,10.954940214881605,12.850008964883513,1292.9046413427864,10.7216693427863
-0.01815,-0.0121,k192_model_assisted,1296.2428665240677,1295.7160308385094,1296.937893338509,12.038061497750732,10.93687383850737,12.830286338509278,1292.89133535366,10.708363353659934
-0.018125000000000002,-0.012083333333333335,k192_model_assisted,1296.2240389214724,1295.6978936933651,1296.9180999433647,12.019233895155367,10.918736693363135,12.810492943365043,1292.8780293645336,10.695057364533568
-0.0181,-0.012066666666666667,k192_model_assisted,1296.2051425402774,1295.679687376144,1296.8982373761437,12.000337513960403,10.900530376142108,12.790630376144016,1292.8647233754073,10.681751375407202
-0.018075,-0.01205,k192_model_assisted,1296.1861789961117,1295.6614134835393,1296.8783072335389,11.981373969794731,10.88225648353727,12.770700233539179,1292.8514173862811,10.668445386281064
-0.01805,-0.012033333333333333,k192_model_assisted,1296.1671499046038,1295.6430736122434,1296.858311112243,11.962344878286785,10.863916612241379,12.750704112243287,1292.8381113971548,10.655139397154699
-0.018025,-0.012016666666666665,k192_model_assisted,1296.148056881382,1295.6246693589492,1296.8382506089488,11.943251855065,10.845512358947188,12.730643608949096,1292.8248054080284,10.641833408028333
-0.018000000000000002,-0.012,k192_model_assisted,1296.1289015420755,1295.6062023203501,1296.8181273203497,11.924096515758492,10.827045320348134,12.710520320350042,1292.811499418902,10.628527418901967
-0.017975,-0.011983333333333334,k192_model_assisted,1296.1096855023122,1295.5876740931387,1296.7979428431383,11.904880475995242,10.808517093136745,12.690335843138653,1292.7987607869272,10.615788786927169
-0.01795,-0.011966666666666667,k192_model_assisted,1296.0904103777214,1295.5690862740082,1296.7776987740078,11.885605351404365,10.78992927400623,12.670091774008139,1292.7860221549524,10.60305015495237
-0.017925,-0.011949999999999999,k192_model_assisted,1296.071077783931,1295.5504404596516,1296.7573967096512,11.86627275761407,10.771283459649572,12.64978970965148,1292.7732835229774,10.590311522977345
-0.0179,-0.011933333333333332,k192_model_assisted,1296.0516893365705,1295.5317382467617,1296.7370382467614,11.846884310253472,10.752581246759753,12.629431246761662,1292.7605448910026,10.577572891002546
-0.017875000000000002,-0.011916666666666667,k192_model_assisted,1296.0322466512673,1295.5129812320313,1296.716624982031,11.827441624950325,10.733824232029301,12.60901798203121,1292.7478062590278,10.564834259027748
-0.01785,-0.0119,k192_model_assisted,1296.012751343651,1295.4941710121536,1296.6961585121533,11.807946317333972,10.715014012151652,12.588551512153561,1292.735067627053,10.55209562705295
-0.017825,-0.011883333333333333,k192_model_assisted,1295.9932050293496,1295.4753091838215,1296.6756404338212,11.78840000303262,10.696152183819562,12.568033433821471,1292.7223289950782,10.539356995078151
-0.0178,-0.011866666666666666,k192_model_assisted,1295.973609323992,1295.456397343728,1296.6550723437276,11.768804297674933,10.677240343726012,12.547465343727922,1292.7095903631032,10.526618363103125
-0.017775,-0.01185,k192_model_assisted,1295.9539658432068,1295.4374370885655,1296.6344558385651,11.749160816889798,10.658280088563531,12.52684883856544,1292.6968517311284,10.513879731128327
-0.017750000000000002,-0.011833333333333335,k192_model_assisted,1295.9342762026226,1295.4184300150278,1296.6137925150274,11.729471176305651,10.639273015025783,12.506185515027692,1292.6841130991536,10.501141099153529
-0.017725,-0.011816666666666666,k192_model_assisted,1295.914542017868,1295.399377719807,1296.5930839698067,11.709736991550926,10.620220719805067,12.485476969806976,1292.6713744671788,10.48840246717873
-0.0177,-0.0118,k192_model_assisted,1295.8947649045708,1295.380281799597,1296.5723317995967,11.68995987825383,10.601124799595048,12.464724799596958,1292.658635835204,10.475663835203932
-0.017675,-0.011783333333333333,k192_model_assisted,1295.874946478361,1295.3611438510904,1296.55153760109,11.670141452043936,10.581986851088482,12.443930601090392,1292.645897203229,10.462925203228906
-0.017650000000000002,-0.011766666666666668,k192_model_assisted,1295.855088354866,1295.3419654709796,1296.5307029709793,11.650283328548994,10.562808470977668,12.423095970979578,1292.6331585712542,10.450186571254108
-0.017625000000000002,-0.01175,k192_model_assisted,1295.835192149715,1295.3227482559582,1296.509829505958,11.630387123398123,10.54359125595627,12.40222250595818,1292.6204199392794,10.43744793927931
-0.0176,-0.011733333333333333,k192_model_assisted,1295.8152594785367,1295.3034938027188,1296.4889188027184,11.610454452219756,10.524336802716817,12.381311802718727,1292.6076813073046,10.42470930730451
-0.017575,-0.011716666666666667,k192_model_assisted,1295.795291956959,1295.2842037079542,1296.467972457954,11.5904869306421,10.50504670795229,12.3603654579542,1292.5949426753298,10.411970675329712
-0.01755,-0.011699999999999999,k192_model_assisted,1295.7752912006117,1295.2648795683583,1296.446992068358,11.570486174294729,10.485722568356355,12.339385068358265,1292.5822040433547,10.399232043354687
-0.017525000000000002,-0.011683333333333334,k192_model_assisted,1295.7552588251222,1295.2455229806228,1296.4259792306225,11.550453798805165,10.466365980620855,12.318372230622765,1292.56946541138,10.386493411379888
-0.0175,-0.011666666666666667,k192_model_assisted,1295.7351964461197,1295.2261355414414,1296.404935541441,11.530391419802754,10.446978541439456,12.297328541441367,1292.5567267794052,10.37375477940509
-0.017475,-0.01165,k192_model_assisted,1295.7151056792322,1295.2067188475064,1296.383862597506,11.510300652915248,10.427561847504458,12.276255597506369,1292.5435704934448,10.36059849344474
-0.01745,-0.011633333333333332,k192_model_assisted,1295.6949881400894,1295.1872744955117,1296.3627619955114,11.490183113772446,10.408117495509753,12.255154995511663,1292.5304142074842,10.347442207484164
-0.017425,-0.011616666666666666,k192_model_assisted,1295.6748454443186,1295.1678040821498,1296.3416353321495,11.470040418001645,10.38864708214787,12.234028332149776,1292.5172579215239,10.334285921523815
-0.017400000000000002,-0.011600000000000001,k192_model_assisted,1295.6546792075494,1295.1483092041133,1296.320484204113,11.449874181232417,10.369152204111332,12.212877204113239,1292.5041016355635,10.321129635563466
-0.017375,-0.011583333333333334,k192_model_assisted,1295.63449104541,1295.1287914580957,1296.2993102080954,11.42968601909297,10.349634458093806,12.191703208095714,1292.4909453496032,10.307973349603117
-0.01735,-0.011566666666666666,k192_model_assisted,1295.614282573529,1295.1092524407895,1296.2781149407892,11.409477547211964,10.330095440787593,12.1705079407895,1292.4777890636426,10.29481706364254
-0.017325,-0.01155,k192_model_assisted,1295.594055407535,1295.089693748888,1296.2568999988878,11.389250381218062,10.310536748886129,12.149292998888036,1292.4646327776823,10.281660777682191
-0.0173,-0.011533333333333333,k192_model_assisted,1295.5738111630562,1295.070116979084,1296.2356669790838,11.369006136739245,10.290959979082169,12.128059979084076,1292.451476491722,10.268504491721842
-0.017275000000000002,-0.011516666666666668,k192_model_assisted,1295.553551455722,1295.0505237280706,1296.2144174780703,11.348746429405082,10.271366728068696,12.106810478070603,1292.4383202057616,10.255348205761493
-0.01725,-0.0115,k192_model_assisted,1295.5332779011605,1295.0309155925402,1296.19315309254,11.328472874843555,10.251758592538236,12.085546092540143,1292.425163919801,10.242191919800916
-0.017225,-0.011483333333333333,k192_model_assisted,1295.5129921150005,1295.0112941691866,1296.1718754191863,11.308187088683553,10.232137169184682,12.06426841918659,1292.4120076338406,10.229035633840567
-0.0172,-0.011466666666666667,k192_model_assisted,1295.4926957128705,1294.9916610547018,1296.1505860547015,11.28789068655351,10.21250405469988,12.042979054701787,1292.3988513478803,10.215879347880218
-0.017175,-0.011449999999999998,k192_model_assisted,1295.4723903103989,1294.9720178457796,1296.1292865957794,11.26758528408186,10.19286084577772,12.021679595779627,1292.38569506192,10.202723061919869
-0.017150000000000002,-0.011433333333333334,k192_model_assisted,1295.4520775232145,1294.9523661391124,1296.1079786391122,11.247272496897494,10.173209139110503,12.00037163911241,1292.3725387759596,10.18956677595952
-0.017125,-0.011416666666666667,k192_model_assisted,1295.431758966946,1294.9327075313936,1296.0866637813933,11.226953940629073,10.153550531391666,11.979056781393574,1292.359382489999,10.176410489998943
-0.0171,-0.0114,k192_model_assisted,1295.4114362572218,1294.9130436193159,1296.0653436193156,11.206631230904804,10.133886619313964,11.957736619315872,1292.3462262040387,10.163254204038594
-0.017075,-0.011383333333333332,k192_model_assisted,1295.3911110096703,1294.893375999572,1296.0440197495718,11.18630598335335,10.114218999570152,11.93641274957206,1292.3330699180783,10.150097918078245
-0.01705,-0.011366666666666666,k192_model_assisted,1295.3707848399208,1294.8737062688554,1296.022693768855,11.165979813603826,10.09454926885344,11.915086768855348,1292.3199136321177,10.136941632117669
-0.017025000000000002,-0.01135,k192_model_assisted,1295.350459363601,1294.8540360238585,1296.0013672738582,11.145654337283986,10.074879023856582,11.89376027385849,1292.3067573461574,10.12378534615732
-0.017,-0.011333333333333334,k192_model_assisted,1295.3301361963404,1294.8343668612747,1295.9800418612745,11.1253311700234,10.055209861272788,11.872434861274696,1292.293601060197,10.11062906019697
-0.016975,-0.011316666666666666,k192_model_assisted,1295.3098169537666,1294.8147003777967,1295.9587191277965,11.105011927449596,10.035543377794813,11.851112127796721,1292.280344918044,10.097372918043902
-0.01695,-0.0113,k192_model_assisted,1295.289503251509,1294.7950381701173,1295.937400670117,11.084698225191914,10.015881170115412,11.82979367011732,1292.267088775891,10.084116775890834
-0.016925000000000003,-0.011283333333333334,k192_model_assisted,1295.2691967051958,1294.7753818349297,1295.9160880849295,11.064391678878792,9.996224834927794,11.808481084929703,1292.2538326337378,10.070860633737766
-0.016900000000000002,-0.011266666666666668,k192_model_assisted,1295.2488989304557,1294.755732968927,1295.8947829689268,11.044093904138663,9.97657596892517,11.787175968927079,1292.240576491585,10.057604491584925
-0.016875,-0.01125,k192_model_assisted,1295.2286115429174,1294.7360931688017,1295.8734869188015,11.023806516600416,9.956936168799839,11.765879918801748,1292.227320349432,10.044348349431857
-0.01685,-0.011233333333333333,k192_model_assisted,1295.2083361582092,1294.7164640312474,1295.8522015312471,11.00353113189226,9.937307031245465,11.744594531247374,1292.2140642072789,10.031092207278789
-0.016825,-0.011216666666666666,k192_model_assisted,1295.1880743919603,1294.6968471529565,1295.8309284029563,10.98326936564331,9.917690152954577,11.723321402956486,1292.2008080651258,10.01783606512572
-0.016800000000000002,-0.011200000000000002,k192_model_assisted,1295.1678278597985,1294.6772441306218,1295.8096691306216,10.963022833481546,9.89808713061993,11.702062130621838,1292.1875519229727,10.004579922972653
-0.016775,-0.011183333333333333,k192_model_assisted,1295.147598177353,1294.6576565609369,1295.7884253109366,10.942793151036085,9.878499560934959,11.680818310936868,1292.1742957808196,9.991323780819584
-0.01675,-0.011166666666666667,k192_model_assisted,1295.1273869602521,1294.6380860405943,1295.767198540594,10.922581933935135,9.85892904059242,11.65959154059433,1292.1610396386666,9.978067638666516
-0.016725,-0.01115,k192_model_assisted,1295.1071958241243,1294.618534166287,1295.7459904162868,10.902390797807357,9.839377166285068,11.638383416286977,1292.1477834965137,9.964811496513676
-0.0167,-0.011133333333333332,k192_model_assisted,1295.0870263845989,1294.599002534708,1295.7248025347078,10.882221358281868,9.819845534706113,11.617195534708022,1292.1345273543607,9.951555354360607
-0.016675000000000002,-0.011116666666666667,k192_model_assisted,1295.0668802573032,1294.5794927425502,1295.70363649255,10.862075230986193,9.80033574254831,11.596029492550219,1292.1212712122076,9.93829921220754
-0.01665,-0.0111,k192_model_assisted,1295.0467590578673,1294.5600063865065,1295.6824938865063,10.841954031550358,9.78084938650464,11.57488688650655,1292.1080150700545,9.925043070054471
-0.016625,-0.011083333333333334,k192_model_assisted,1295.0266644019184,1294.54054506327,1295.6613763132698,10.821859375601434,9.761388063268086,11.553769313269996,1292.0947589279015,9.911786927901403
-0.0166,-0.011066666666666666,k192_model_assisted,1295.006597905086,1294.521110369534,1295.6402853695338,10.801792878768993,9.741953369532085,11.532678369533995,1292.0815027857484,9.898530785748335
-0.016575,-0.011049999999999999,k192_model_assisted,1294.9865611829985,1294.5017039019906,1295.6192226519904,10.781756156681467,9.72254690198871,11.51161565199062,1292.0682466435956,9.885274643595494
-0.016550000000000002,-0.011033333333333334,k192_model_assisted,1294.9665558512845,1294.4823272573335,1295.5981897573333,10.761750824967521,9.703170257331626,11.490582757333536,1292.0549905014425,9.872018501442426
-0.016525,-0.011016666666666668,k192_model_assisted,1294.9465835255724,1294.462982032255,1295.5771882822548,10.74177849925536,9.683825032253132,11.469581282255042,1292.0417343592894,9.858762359289358
-0.0165,-0.011,k192_model_assisted,1294.9266458214906,1294.4436698234488,1295.5562198234486,10.721840795173648,9.664512823446893,11.448612823448803,1292.0284782171364,9.84550621713629
-0.016475,-0.010983333333333333,k192_model_assisted,1294.9067443546685,1294.4243922276073,1295.5352859776071,10.7019393283515,9.645235227605436,11.427678977607346,1292.0147952491507,9.831823249150602
-0.01645,-0.010966666666666666,k192_model_assisted,1294.8868807407341,1294.4051508414236,1295.5143883414235,10.682075714417124,9.625993841421746,11.406781341423653,1292.001112281165,9.818140281164915
-0.016425000000000002,-0.010950000000000001,k192_model_assisted,1294.8670565953162,1294.3859472615904,1295.4935285115898,10.662251568999181,9.606790261588344,11.385921511590254,1291.9874293131793,9.804457313179228
-0.0164,-0.010933333333333333,k192_model_assisted,1294.8472735340429,1294.366783084801,1295.4727080848004,10.64246850772588,9.587626084798902,11.36510108480081,1291.9737463451938,9.790774345193768
-0.016375,-0.010916666666666667,k192_model_assisted,1294.8275331725436,1294.3476599077485,1295.4519286577479,10.622728146226564,9.568502907746398,11.344321657748305,1291.9600633772081,9.77709137720808
-0.01635,-0.0109,k192_model_assisted,1294.8078371264462,1294.3285793271255,1295.4311918271248,10.603032100129212,9.54942232712336,11.323584827125266,1291.9463804092225,9.763408409222393
-0.016325,-0.010883333333333332,k192_model_assisted,1294.7881870113795,1294.3095429396249,1295.4104991896243,10.583381985062488,9.53038593962277,11.302892189624677,1291.9326974412368,9.749725441236706
-0.016300000000000002,-0.010866666666666667,k192_model_assisted,1294.7685844429725,1294.2905523419402,1295.3898523419396,10.563779416655507,9.511395341938066,11.282245341939973,1291.919014473251,9.736042473251018
-0.016275,-0.01085,k192_model_assisted,1294.749031036853,1294.2716091307634,1295.3692528807628,10.544226010536022,9.49245213076132,11.261645880763227,1291.9053315052654,9.72235950526533
-0.01625,-0.010833333333333334,k192_model_assisted,1294.7295284086506,1294.2527149027883,1295.3487024027877,10.524723382333605,9.473557902786197,11.241095402788105,1291.8916485372797,9.708676537279644
-0.016225,-0.010816666666666665,k192_model_assisted,1294.710078173993,1294.2338712547073,1295.3282025047067,10.505273147676007,9.454714254705225,11.220595504707132,1291.8779655692942,9.694993569294184
-0.0162,-0.010799999999999999,k192_model_assisted,1294.6906819485093,1294.215079783214,1295.3077547832133,10.485876922192347,9.43592278321184,11.200147783213747,1291.8642826013086,9.681310601308496
-0.016175000000000002,-0.010783333333333334,k192_model_assisted,1294.6713413478278,1294.1963420850007,1295.287360835,10.46653632151083,9.41718508499857,11.179753835000477,1291.8505996333229,9.667627633322809
-0.01615,-0.010766666666666667,k192_model_assisted,1294.6520579875773,1294.1776597567602,1295.2670222567597,10.447252961260347,9.39850275675817,11.159415256760077,1291.8369166653372,9.653944665337121
-0.016125,-0.01075,k192_model_assisted,1294.6328334833863,1294.1590343951864,1295.2467406451858,10.428028457069331,9.379877395184304,11.139133645186211,1291.8232336973515,9.640261697351434
-0.0161,-0.010733333333333333,k192_model_assisted,1294.6136694508837,1294.1404675969713,1295.2265175969708,10.408864424566673,9.361310596969272,11.11891059697118,1291.8095507293658,9.626578729365747
-0.016075000000000002,-0.010716666666666668,k192_model_assisted,1294.5945675056976,1294.1219609588088,1295.2063547088082,10.389762479380579,9.342803958806739,11.098747708808647,1291.7958677613804,9.612895761380287
-0.016050000000000002,-0.010700000000000001,k192_model_assisted,1294.5755292634565,1294.1035160773909,1295.1862535773903,10.370724237139484,9.324359077388777,11.078646577390685,1291.7821847933947,9.5992127933946
-0.016025,-0.010683333333333333,k192_model_assisted,1294.55655633979,1294.085134549411,1295.1662157994103,10.35175131347296,9.305977549408825,11.058608799410733,1291.768501825409,9.585529825408912
-0.016,-0.010666666666666666,k192_model_assisted,1294.5376503503253,1294.0668179715622,1295.1462429715616,10.332845324008304,9.28766097156009,11.038635971561998,1291.7548188574233,9.571846857423225
-0.015975,-0.01065,k192_model_assisted,1294.5188129106923,1294.0485679405372,1295.1263366905366,10.314007884375314,9.269410940535101,11.01872969053701,1291.7416896102109,9.558717610210806
-0.015950000000000002,-0.010633333333333335,k192_model_assisted,1294.5000456365185,1294.0303860530287,1295.1064985530281,10.295240610201517,9.251229053026613,10.998891553028521,1291.7285603629987,9.545588362998615
-0.015925,-0.010616666666666667,k192_model_assisted,1294.4813501434332,1294.0122739057301,1295.0867301557296,10.276545117116257,9.233116905728062,10.97912315572997,1291.7154311157863,9.532459115786196
-0.0159,-0.0106,k192_model_assisted,1294.4627280470647,1293.994233095334,1295.0670330953335,10.25792302074774,9.215076095331977,10.959426095333885,1291.702301868574,9.519329868574005
-0.015875,-0.010583333333333333,k192_model_assisted,1294.4441809630416,1293.9762652185339,1295.0474089685333,10.239375936724628,9.197108218531794,10.939801968533702,1291.6891726213616,9.506200621361586
-0.01585,-0.010566666666666665,k192_model_assisted,1294.4257105069928,1293.958371872022,1295.0278593720216,10.22090548067581,9.17921487202004,10.920252372021949,1291.6760433741492,9.493071374149167
-0.015825000000000002,-0.01055,k192_model_assisted,1294.4073182945465,1293.940554652492,1295.0083859024915,10.202513268229495,9.161397652489926,10.900778902491835,1291.662914126937,9.479942126936976
-0.0158,-0.010533333333333334,k192_model_assisted,1294.3890059413318,1293.9228151566363,1294.9889901566357,10.184200915014799,9.143658156634206,10.881383156636115,1291.6497848797246,9.466812879724557
-0.015775,-0.010516666666666667,k192_model_assisted,1294.3707750629762,1293.9051549811484,1294.9696737311479,10.165970036659246,9.125997981146318,10.862066731148227,1291.6366556325124,9.453683632512366
-0.01575,-0.010499999999999999,k192_model_assisted,1294.3526272751099,1293.8875757227204,1294.9504382227199,10.147822248792863,9.108418722718334,10.842831222720243,1291.6235263853,9.440554385299947
-0.015725,-0.010483333333333332,k192_model_assisted,1294.33456419336,1293.870078978046,1294.9312852280455,10.129759167042948,9.090921978043918,10.823678228045827,1291.6103971380876,9.427425138087528
-0.015700000000000002,-0.010466666666666668,k192_model_assisted,1294.316587433356,1293.8526663438179,1294.9122163438174,10.111782407039072,9.073509343815825,10.804609343817734,1291.5972678908754,9.414295890875337
-0.015675,-0.010450000000000001,k192_model_assisted,1294.298698610726,1293.8353394167289,1294.8932331667284,10.093893584408988,9.056182416726811,10.78562616672872,1291.584138643663,9.401166643662918
-0.01565,-0.010433333333333333,k192_model_assisted,1294.280899341099,1293.8180997934721,1294.8743372934716,10.07609431478204,9.038942793470085,10.766730293471994,1291.5710093964508,9.388037396450727
-0.015625,-0.010416666666666666,k192_model_assisted,1294.2631912401037,1293.8009490707402,1294.8555303207397,10.058386213786662,9.021792070738174,10.747923320740083,1291.5578801492384,9.374908149238308
-0.015600000000000001,-0.0104,k192_model_assisted,1294.2455759233678,1293.783888845227,1294.8368138452265,10.040770897050834,9.00473184522497,10.72920684522688,1291.544750902026,9.36177890202589
-0.015575,-0.010383333333333333,k192_model_assisted,1294.2280550065211,1293.7669207136246,1294.818189463624,10.023249980204127,8.987763713622547,10.710582463624457,1291.5316216548138,9.348649654813698
-0.015550000000000001,-0.010366666666666666,k192_model_assisted,1294.210630105191,1293.7500462726262,1294.7996587726257,10.005825078874068,8.970889272624113,10.692051772626023,1291.5184924076013,9.33552040760128
-0.015525,-0.01035,k192_model_assisted,1294.1933028350072,1293.7332671189245,1294.781223368924,9.988497808690227,8.954110118922424,10.673616368924334,1291.5053631603892,9.322391160389088
-0.0155,-0.010333333333333333,k192_model_assisted,1294.1760748115976,1293.716584849213,1294.7628848492125,9.971269785280583,8.937427849210916,10.655277849212826,1291.4922339131767,9.30926191317667
-0.015475000000000001,-0.010316666666666667,k192_model_assisted,1294.158947650591,1293.7000010601841,1294.7446448101837,9.954142624274027,8.920844060182118,10.637037810184028,1291.4786919184478,9.29571991844773
-0.01545,-0.0103,k192_model_assisted,1294.141922967616,1293.6835173485313,1294.7265048485308,9.937117941298993,8.904360348529238,10.618897848531148,1291.4651499237189,9.282177923718791
-0.015425000000000001,-0.010283333333333334,k192_model_assisted,1294.125002378301,1293.6671353109468,1294.7084665609464,9.920197351983916,8.887978310944805,10.600859560946715,1291.4516079289897,9.268635928989625
-0.0154,-0.010266666666666667,k192_model_assisted,1294.108187498275,1293.6508565441243,1294.6905315441238,9.903382471957912,8.871699544122254,10.582924544124165,1291.4380659342607,9.255093934260685
-0.015375000000000002,-0.01025,k192_model_assisted,1294.0914799431662,1293.6346826447561,1294.6727013947557,9.886674916849188,8.855525644754117,10.565094394756024,1291.4245239395318,9.241551939531746
-0.01535,-0.010233333333333334,k192_model_assisted,1294.0748813286034,1293.618615209536,1294.6549777095356,9.870076302286407,8.839458209534053,10.54737070953596,1291.4109819448029,9.228009944802807
-0.015325,-0.010216666666666666,k192_model_assisted,1294.058393270215,1293.6026558351562,1294.6373620851557,9.853588243898002,8.823498835154137,10.529755085156044,1291.397439950074,9.214467950073868
-0.015300000000000001,-0.0102,k192_model_assisted,1294.0420173836299,1293.5868061183098,1294.6198561183094,9.837212357312865,8.807649118307806,10.512249118309713,1291.3838979553448,9.200925955344701
-0.015275,-0.010183333333333332,k192_model_assisted,1294.0257552844762,1293.57106765569,1294.6024614056896,9.8209502581592,8.791910655688042,10.49485440568995,1291.3703559606158,9.187383960615762
-0.015250000000000001,-0.010166666666666668,k192_model_assisted,1294.0096085883833,1293.5554420439894,1294.585179543989,9.804803562066354,8.776285043987373,10.47757254398928,1291.3568139658869,9.173841965886822
-0.015225,-0.01015,k192_model_assisted,1293.993578910979,1293.5399308799012,1294.5680121299008,9.788773884662078,8.760773879899237,10.460405129901144,1291.343271971158,9.160299971157883
-0.0152,-0.010133333333333333,k192_model_assisted,1293.9776678678925,1293.5245357601186,1294.5509607601182,9.772862841575488,8.745378760116614,10.443353760118521,1291.329729976429,9.146757976428944
-0.015175000000000001,-0.010116666666666666,k192_model_assisted,1293.961877074752,1293.509258281334,1294.5340270313336,9.75707204843502,8.730101281332033,10.42642003133394,1291.3161879816998,9.133215981699777
-0.01515,-0.0101,k192_model_assisted,1293.946208147186,1293.4941000402405,1294.51721254024,9.741403120869109,8.714943040238476,10.409605540240383,1291.302645986971,9.119673986970838
-0.015125000000000001,-0.010083333333333333,k192_model_assisted,1293.9306627008239,1293.479062633531,1294.5005188835305,9.72585767450687,8.699905633528925,10.392911883530832,1291.289103992242,9.106131992241899
-0.0151,-0.010066666666666666,k192_model_assisted,1293.9152423512928,1293.4641476578988,1294.4839476578984,9.710437324975828,8.684990657896817,10.376340657898725,1291.275561997513,9.09258999751296
-0.015075,-0.01005,k192_model_assisted,1293.8999487142228,1293.4493567100367,1294.4675004600363,9.695143687905784,8.67019971003468,10.359893460036588,1291.262020002784,9.07904800278402
-0.015050000000000001,-0.010033333333333333,k192_model_assisted,1293.8847834052417,1293.4346913866375,1294.451178886637,9.679978378924716,8.655534386635496,10.343571886637404,1291.248478008055,9.065506008054854
-0.015025,-0.010016666666666667,k192_model_assisted,1293.8697480399785,1293.4201532843942,1294.4349845343938,9.664943013661514,8.640996284392248,10.327377534394156,1291.234936013326,9.051964013325914
-0.015000000000000001,-0.01,k192_model_assisted,1293.8548442340611,1293.405744,1294.4189189999995,9.650039207744157,8.626586999997917,10.311311999999825,1291.221394018597,9.038422018596975
-0.014975,-0.009983333333333334,k192_model_assisted,1293.840045133445,1293.3914344128677,1294.4029571661097,9.635240107128084,8.612277412865744,10.29535016610999,1291.2077501568165,9.02477815681641
-0.014950000000000001,-0.009966666666666667,k192_model_assisted,1293.8253222336753,1293.377193848942,1294.3870722612007,9.620517207358262,8.59803684893995,10.279465261201045,1291.194106295036,9.011134295035845
-0.014925,-0.00995,k192_model_assisted,1293.8106746747685,1293.3630215747128,1294.3712634006965,9.605869648451517,8.583864574710784,10.26365640069685,1291.1804624332553,8.99749043325528
-0.0149,-0.009933333333333332,k192_model_assisted,1293.79610159674,1293.3489168566691,1294.3555297000212,9.591296570423083,8.569759856667131,10.247922700021492,1291.1668185714748,8.983846571474714
-0.014875000000000001,-0.009916666666666667,k192_model_assisted,1293.781602139605,1293.3348789613015,1294.339870274598,9.576797113287967,8.555721961299469,10.232263274598381,1291.1531747096942,8.97020270969415
-0.01485,-0.009899999999999999,k192_model_assisted,1293.7671754433798,1293.3209071550984,1294.324284239852,9.562370417062766,8.541750155096453,10.216677239852286,1291.1395308479136,8.956558847913584
-0.014825000000000001,-0.009883333333333334,k192_model_assisted,1293.75282064808,1293.3070007045505,1294.3087707112059,9.548015621762943,8.527843704548562,10.20116371120616,1291.125886986133,8.942914986133019
-0.0148,-0.009866666666666666,k192_model_assisted,1293.7385368937207,1293.2931588761473,1294.2933288040847,9.53373186740373,8.514001876145363,10.185721804085,1291.1122431243525,8.929271124352454
-0.014775,-0.00985,k192_model_assisted,1293.7243233203183,1293.2793809363782,1294.2779576339112,9.519518294001273,8.500223936376194,10.170350633911532,1291.098599262572,8.915627262571888
-0.014750000000000001,-0.009833333333333333,k192_model_assisted,1293.7101790678878,1293.2656661517328,1294.26265631611,9.505374041570803,8.486509151730852,10.155049316110299,1291.0849554007914,8.901983400791323
-0.014725,-0.009816666666666666,k192_model_assisted,1293.6961032764455,1293.252013788701,1294.2474239661049,9.491298250128466,8.47285678869913,10.139816966105162,1291.0713115390106,8.88833953901053
-0.014700000000000001,-0.0098,k192_model_assisted,1293.6820950860067,1293.2384231137728,1294.2322596993195,9.477290059689722,8.459266113770822,10.124652699319755,1291.05766767723,8.874695677229965
-0.014675,-0.009783333333333333,k192_model_assisted,1293.6681536365872,1293.224893393437,1294.2171626311783,9.463348610270259,8.445736393435041,10.109555631178623,1291.0440238154495,8.8610518154494
-0.014650000000000002,-0.009766666666666667,k192_model_assisted,1293.654278068203,1293.2114238941838,1294.2021318771049,9.449473041885994,8.43226689418181,10.09452487710517,1291.030379953669,8.847407953668835
-0.014625,-0.00975,k192_model_assisted,1293.640467520869,1293.1980138825027,1294.187166552523,9.435662494551934,8.418856882500695,10.07955955252326,1291.0167360918883,8.83376409188827
-0.0146,-0.009733333333333333,k192_model_assisted,1293.6267211346012,1293.1846626248837,1294.172265772857,9.421916108284222,8.405505624881718,10.064658772857209,1291.0030922301078,8.820120230107705
-0.014575000000000001,-0.009716666666666667,k192_model_assisted,1293.6130380494155,1293.171369387816,1294.1574286535304,9.408233023098546,8.392212387813991,10.04982165353065,1290.9894483683272,8.80647636832714
-0.01455,-0.0097,k192_model_assisted,1293.5994174053274,1293.1581334377893,1294.142654309967,9.394612379010368,8.37897643778731,10.035047309967217,1290.9758045065466,8.792832506546574
-0.014525000000000001,-0.009683333333333334,k192_model_assisted,1293.5858583423528,1293.1449540412937,1294.1279418575912,9.381053316035832,8.365797041291696,10.020334857591454,1290.962160644766,8.779188644766009
-0.0145,-0.009666666666666667,k192_model_assisted,1293.5723600005072,1293.131830464818,1294.1132904118265,9.36755497419017,8.352673464816034,10.005683411826768,1290.9485167829855,8.765544782985444
-0.014475,-0.009649999999999999,k192_model_assisted,1293.5589215198063,1293.1187619748528,1294.0986990880967,9.3541164934893,8.3396049748508,9.99109208809702,1290.934451792629,8.75147979262897
-0.014450000000000001,-0.009633333333333334,k192_model_assisted,1293.5455420402654,1293.1057478378875,1294.0841670018265,9.340737013948456,8.326590837885563,9.976560001826753,1290.9203868022728,8.737414802272724
-0.014425,-0.009616666666666666,k192_model_assisted,1293.5322207019008,1293.0927873204116,1294.069693268439,9.32741567558378,8.313630320409661,9.962086268439375,1290.9063218119163,8.72334981191625
-0.014400000000000001,-0.009600000000000001,k192_model_assisted,1293.518956644728,1293.0798796889148,1294.0552770033585,9.31415161841096,8.30072268891289,9.947670003358747,1290.8922568215598,8.709284821559777
-0.014375,-0.009583333333333333,k192_model_assisted,1293.5057490087622,1293.0670242098868,1294.0409173220087,9.300943982445233,8.287867209884816,9.933310322008957,1290.8781918312034,8.695219831203303
-0.01435,-0.009566666666666666,k192_model_assisted,1293.4925969340195,1293.0542201498172,1294.0266133398138,9.287791907702513,8.275063149815235,9.919006339814093,1290.864126840847,8.68115484084683
-0.014325000000000001,-0.00955,k192_model_assisted,1293.479499560516,1293.0414667751957,1294.0123641721973,9.274694534198943,8.262309775193712,9.904757172197565,1290.8500618504906,8.667089850490584
-0.0143,-0.009533333333333333,k192_model_assisted,1293.4664560282663,1293.0287633525118,1293.9981689345834,9.261651001949303,8.249606352509815,9.890561934583687,1290.8359968601342,8.65302486013411
-0.014275000000000001,-0.009516666666666666,k192_model_assisted,1293.453465477287,1293.0161091482555,1293.984026742396,9.248660450969965,8.236952148253566,9.87641974239632,1290.8219318697777,8.638959869777636
-0.01425,-0.0095,k192_model_assisted,1293.4405270475932,1293.0035034289162,1293.9699367110588,9.23572202127616,8.224346428914306,9.8623297110591,1290.8078668794212,8.624894879421163
-0.014225000000000002,-0.009483333333333333,k192_model_assisted,1293.427639879201,1292.9909454609835,1293.955897955996,9.222834852884034,8.2117884609816,9.848290955996342,1290.793801889065,8.610829889064917
-0.0142,-0.009466666666666667,k192_model_assisted,1293.4148031121258,1292.9784345109476,1293.9419095926312,9.20999808580882,8.199277510945699,9.834302592631452,1290.7797368987085,8.596764898708443
-0.014175,-0.00945,k192_model_assisted,1293.4020158863832,1292.9659698452974,1293.9279707363887,9.197210860066207,8.186812845295487,9.820363736388975,1290.765671908352,8.58269990835197
-0.014150000000000001,-0.009433333333333334,k192_model_assisted,1293.3892773419893,1292.953550730523,1293.914080502692,9.184472315672338,8.174393730520986,9.806473502692317,1290.7516069179958,8.568634917995723
-0.014125,-0.009416666666666667,k192_model_assisted,1293.3765866189592,1292.941176433114,1293.9002380069655,9.171781592642219,8.162019433111992,9.792631006965793,1290.7375419276393,8.55456992763925
-0.014100000000000001,-0.0094,k192_model_assisted,1293.3639428573092,1292.92884621956,1293.8864423646323,9.159137830992222,8.14968921955807,9.778835364632585,1290.7234769372828,8.540504937282776
-0.014075,-0.009383333333333334,k192_model_assisted,1293.3513451970546,1292.9165593563507,1293.8726926911174,9.14654017073758,8.137402356348789,9.765085691117688,1290.7094119469264,8.526439946926303
-0.01405,-0.009366666666666666,k192_model_assisted,1293.3387927782112,1292.9043151099759,1293.8589881018436,9.13398775189421,8.125158109973942,9.75138110184383,1290.69534695657,8.512374956569829
-0.014025000000000001,-0.00935,k192_model_assisted,1293.326284740794,1292.8921127469248,1293.8453277122355,9.121479714477118,8.11295574692287,9.73772071223578,1290.6812819662136,8.498309966213583
-0.014,-0.009333333333333332,k192_model_assisted,1293.31382022482,1292.8799515336877,1293.831710637717,9.109015198502902,8.100794533685821,9.724103637717171,1290.6672169758572,8.48424497585711
-0.013975000000000001,-0.009316666666666668,k192_model_assisted,1293.301398370304,1292.867830736754,1293.8181359937116,9.096593343987024,8.088673736752137,9.710528993711867,1290.6536896998648,8.470717699864736
-0.01395,-0.0093,k192_model_assisted,1293.2890183172615,1292.855749622613,1293.8046028956437,9.08421329094449,8.076592622611155,9.696995895643955,1290.6401624238724,8.457190423872362
-0.013925,-0.009283333333333333,k192_model_assisted,1293.2766792057087,1292.8437074577548,1293.7911104589368,9.07187417939167,8.0645504577529,9.68350345893707,1290.62663514788,8.443663147879988
-0.013900000000000001,-0.009266666666666666,k192_model_assisted,1293.2643801756612,1292.831703508669,1293.7776577990153,9.059575149344255,8.052546508667163,9.670050799015527,1290.613107871888,8.430135871887842
-0.013875,-0.00925,k192_model_assisted,1293.2521203671342,1292.8197370418452,1293.7642440313025,9.04731534081725,8.040580041843286,9.656637031302735,1290.5995805958955,8.416608595895468
-0.013850000000000001,-0.009233333333333333,k192_model_assisted,1293.239898920144,1292.8078073237732,1293.7508682712228,9.035093893827025,8.028650323771291,9.643261271223007,1290.5860533199032,8.403081319903094
-0.013825,-0.009216666666666666,k192_model_assisted,1293.2277149747063,1292.795913620942,1293.7375296341997,9.02290994838927,8.016756620940063,9.62992263419998,1290.5725260439108,8.38955404391072
-0.013800000000000002,-0.0092,k192_model_assisted,1293.215567670836,1292.784055199842,1293.7242272356575,9.01076264451899,8.004898199840078,9.616620235657741,1290.5589987679184,8.376026767918347
-0.013775,-0.009183333333333333,k192_model_assisted,1293.203456148549,1292.7722313269628,1293.7109601910197,8.998651122232104,7.993074326960903,9.603353191019925,1290.545471491926,8.362499491925973
-0.01375,-0.009166666666666667,k192_model_assisted,1293.1913795478617,1292.7604412687938,1293.6977276157106,8.986574521544753,7.981284268791878,9.590120615710848,1290.5319442159337,8.3489722159336
-0.013725000000000001,-0.00915,k192_model_assisted,1293.1793370087894,1292.7486842918245,1293.6845286251541,8.9745319824724,7.969527291822571,9.576921625154371,1290.5184169399415,8.335444939941453
-0.0137,-0.009133333333333334,k192_model_assisted,1293.1673276713473,1292.7369596625451,1293.671362334774,8.962522645030276,7.95780266254323,9.563755334774129,1290.5048896639491,8.32191766394908
-0.013675000000000001,-0.009116666666666667,k192_model_assisted,1293.1553506755515,1292.725266647445,1293.6582278599938,8.950545649234527,7.946109647443196,9.550620859993982,1290.4913623879568,8.308390387956706
-0.01365,-0.0091,k192_model_assisted,1293.1434051614176,1292.7136045130137,1293.645124316238,8.938600135100614,7.934447513011808,9.537517316238247,1290.4778351119644,8.294863111964332
-0.013625,-0.009083333333333332,k192_model_assisted,1293.1314902689614,1292.701972525741,1293.63205081893,8.926685242644453,7.922815525739088,9.524443818930331,1290.464307835972,8.281335835971959
-0.013600000000000001,-0.009066666666666667,k192_model_assisted,1293.1196051381985,1292.6903699521165,1293.6190064834946,8.914800111881505,7.911212952114603,9.511399483494777,1290.4507805599796,8.267808559979585
-0.013575,-0.009049999999999999,k192_model_assisted,1293.1077489091444,1292.67879605863,1293.6059904253545,8.902943882827458,7.899639058628148,9.498383425354765,1290.4372532839875,8.254281283987439
-0.013550000000000001,-0.009033333333333334,k192_model_assisted,1293.095920721815,1292.6672501117714,1293.5930017599346,8.891115695498002,7.888093111769518,9.485394759934838,1290.4237260079951,8.240754007995065
-0.013525,-0.009016666666666666,k192_model_assisted,1293.0841197162258,1292.6557313780297,1293.5800396026582,8.879314689908824,7.876574378027825,9.472432602658403,1290.4101987320028,8.227226732002691
-0.0135,-0.009,k192_model_assisted,1293.0723450323926,1292.6442391238947,1293.5671030689498,8.867540006075615,7.865082123892862,9.459496068950003,1290.3966714560104,8.213699456010318
-0.013475,-0.008983333333333333,k192_model_assisted,1293.0605958103313,1292.6327726158563,1293.5541912742326,8.855790784014289,7.853615615854426,9.446584274232817,1290.3827377249083,8.199765724908275
-0.01345,-0.008966666666666666,k192_model_assisted,1293.0488711900568,1292.6213311204044,1293.5413033339312,8.844066163739853,7.842174120402537,9.43369633393139,1290.3688039938063,8.185831993806232
-0.013425000000000001,-0.00895,k192_model_assisted,1293.0371703115854,1292.6099139040284,1293.528438363469,8.832365285268452,7.8307569040265355,9.420831363469128,1290.3548702627045,8.171898262704417
-0.0134,-0.008933333333333333,k192_model_assisted,1293.0254923149332,1292.5985202332176,1293.5155954782697,8.820687288616227,7.819363233215761,9.407988478269893,1290.3409365316024,8.157964531602374
-0.013375000000000001,-0.008916666666666666,k192_model_assisted,1293.0138363401145,1292.5871493744626,1293.5027737937583,8.809031313797504,7.807992374460691,9.395166793758454,1290.3270028005004,8.144030800500332
-0.01335,-0.0089,k192_model_assisted,1293.0022015271463,1292.5758005942519,1293.4899724253576,8.797396500829336,7.796643594249983,9.382365425357765,1290.3130690693984,8.130097069398289
-0.013325,-0.008883333333333333,k192_model_assisted,1292.990587016044,1292.564473159076,1293.477190488492,8.785781989726956,7.785316159074113,9.36958348849214,1290.2991353382963,8.116163338296246
-0.013300000000000001,-0.008866666666666667,k192_model_assisted,1292.9789919468226,1292.5531663354243,1293.4644270985848,8.7741869205056,7.7740093354221935,9.356820098585217,1290.2852016071945,8.102229607194431
-0.013275,-0.00885,k192_model_assisted,1292.9674154594984,1292.5418793897863,1293.451681371061,8.762610433181408,7.762722389784247,9.344074371061534,1290.2712678760925,8.088295876092388
-0.013250000000000001,-0.008833333333333334,k192_model_assisted,1292.9558566940868,1292.530611588652,1293.4389524213439,8.751051667769843,7.75145458864984,9.331345421344276,1290.2573341449904,8.074362144990346
-0.013225,-0.008816666666666667,k192_model_assisted,1292.9443147906038,1292.5193621985106,1293.4262393648573,8.739509764286822,7.74020519850854,9.318632364857756,1290.2434004138884,8.060428413888303
-0.0132,-0.008799999999999999,k192_model_assisted,1292.9327888890646,1292.5081304858522,1293.4135413170256,8.727983862747578,7.728973485850141,9.305934317026063,1290.2294666827863,8.04649468278626
-0.013175000000000001,-0.008783333333333334,k192_model_assisted,1292.9212781294852,1292.496915717166,1293.400857393272,8.716473103168255,7.717758717163984,9.293250393272377,1290.2155329516845,8.032560951684445
-0.01315,-0.008766666666666666,k192_model_assisted,1292.9097816518813,1292.485717158942,1293.3881867090208,8.704976625564314,7.706560158939863,9.280579709021241,1290.2015992205825,8.018627220582403
-0.013125000000000001,-0.00875,k192_model_assisted,1292.8982985962684,1292.4745340776701,1293.375528379696,8.693493569951443,7.695377077668026,9.267921379696517,1290.1876654894804,8.00469348948036
-0.0131,-0.008733333333333333,k192_model_assisted,1292.8868281026623,1292.4633657398397,1293.3628815207217,8.682023076345331,7.684208739837588,9.255274520722066,1290.1737317583784,7.990759758378317
-0.013075,-0.008716666666666666,k192_model_assisted,1292.8753693110787,1292.4522114119402,1293.350245247521,8.670564284761667,7.673054411938114,9.242638247521295,1290.1597980272763,7.9768260272762745
-0.01305,-0.0087,k192_model_assisted,1292.863921361533,1292.4410703604617,1293.3376186755186,8.659116335215913,7.661913360459627,9.230011675518975,1290.1458642961745,7.962892296174459
-0.013025,-0.008683333333333333,k192_model_assisted,1292.852483394041,1292.4299418518933,1293.325000920138,8.647678367723984,7.650784851891238,9.217393920138512,1290.1319305650725,7.948958565072417
-0.013000000000000001,-0.008666666666666666,k192_model_assisted,1292.8410545486188,1292.4188251527253,1293.3123910968034,8.636249522301796,7.639668152723198,9.204784096803769,1290.1179968339704,7.935024833970374
-0.012975,-0.00865,k192_model_assisted,1292.8296339652813,1292.4077195294471,1293.2997883209384,8.624828938964356,7.628562529445073,9.192181320938833,1290.103959725263,7.920987725262876
-0.012950000000000001,-0.008633333333333333,k192_model_assisted,1292.8182207840448,1292.3966242485483,1293.287191707967,8.613415757727807,7.617467248546204,9.179584707967338,1290.0899226165552,7.90695061655515
-0.012925,-0.008616666666666667,k192_model_assisted,1292.8068141449248,1292.3855385765185,1293.2746003733132,8.602009118607839,7.606381576516384,9.166993373313602,1290.0758855078477,7.892913507847652
-0.0129,-0.0086,k192_model_assisted,1292.795413187937,1292.3744617798475,1293.262013432401,8.590608161619912,7.595304779845408,9.154406432401485,1290.0618483991402,7.878876399140154
-0.012875000000000001,-0.008583333333333333,k192_model_assisted,1292.7840170530967,1292.363393125025,1293.2494300006542,8.579212026779715,7.584236125022844,9.141823000654622,1290.0478112904325,7.864839290432428
-0.01285,-0.008566666666666667,k192_model_assisted,1292.77262488042,1292.35233187854,1293.2368491934967,8.567819854102936,7.5731748785380315,9.1292421934971,1290.033774181725,7.85080218172493
-0.012825000000000001,-0.00855,k192_model_assisted,1292.7612358099227,1292.3412773068833,1293.2242701263524,8.55643078360572,7.562120306881219,9.116663126352783,1290.0197370730175,7.836765073017432
-0.0128,-0.008533333333333334,k192_model_assisted,1292.7498489816203,1292.3302286765438,1293.211691914645,8.5450439553033,7.551071676541747,9.104084914645304,1290.00569996431,7.822727964309934
-0.012775,-0.008516666666666665,k192_model_assisted,1292.738463535528,1292.3191852540117,1293.1991136737988,8.533658509210909,7.540028254009638,9.091506673799206,1289.9916628556023,7.808690855602208
-0.012750000000000001,-0.0085,k192_model_assisted,1292.727078611662,1292.308146305776,1293.1865345192375,8.52227358534492,7.528989305774003,9.078927519237896,1289.9776257468948,7.79465374689471
-0.012725,-0.008483333333333332,k192_model_assisted,1292.715693350038,1292.297111098327,1293.173953566385,8.51088832372102,7.517954098324864,9.066346566385462,1289.9635886381873,7.780616638187212
-0.012700000000000001,-0.008466666666666667,k192_model_assisted,1292.7043068906712,1292.2860788981536,1293.1613699306656,8.499501864354215,7.506921898151562,9.053762930665995,1289.9495515294795,7.766579529479486
-0.012675,-0.00845,k192_model_assisted,1292.6929183735779,1292.2750489717462,1293.1487827275023,8.488113347260878,7.495891971744118,9.041175727502672,1289.935514420772,7.752542420771988
-0.01265,-0.008433333333333333,k192_model_assisted,1292.6815269387737,1292.2640205855942,1293.1361910723201,8.476721912456696,7.4848635855921,9.028584072320493,1289.9214773120646,7.73850531206449
-0.012625,-0.008416666666666666,k192_model_assisted,1292.6701317262737,1292.252993006187,1293.123594080542,8.465326699956677,7.473836006184847,9.01598708054241,1289.9074402033568,7.724468203356764
-0.0126,-0.0084,k192_model_assisted,1292.658731876094,1292.2419655000144,1293.1109908675928,8.453926849776963,7.462808500012381,9.003383867593191,1289.8934030946493,7.710431094649266
-0.012575000000000001,-0.008383333333333333,k192_model_assisted,1292.6473265282502,1292.2309373335665,1293.0983805488954,8.442521501933243,7.451780333564496,8.990773548895792,1289.8793659859418,7.696393985941768
-0.01255,-0.008366666666666666,k192_model_assisted,1292.6359148227582,1292.2199077733324,1293.0857622398744,8.431109796441206,7.440750773330306,8.978155239874754,1289.8653288772343,7.68235687723427
-0.012525000000000001,-0.00835,k192_model_assisted,1292.624495899633,1292.208876085802,1293.0731350559533,8.419690873316085,7.429719085800059,8.965528055953712,1289.8512917685266,7.668319768526544
-0.0125,-0.008333333333333333,k192_model_assisted,1292.6130688988912,1292.1978415374647,1293.0604981125566,8.408263872574253,7.418684537462641,8.952891112556982,1289.837254659819,7.654282659819046
-0.012475,-0.008316666666666667,k192_model_assisted,1292.601632960548,1292.1868033948108,1293.0478505251076,8.396827934230942,7.407646394808755,8.94024352510797,1289.822803291776,7.639831291775863
-0.012450000000000001,-0.0083,k192_model_assisted,1292.5901872246184,1292.1757609243296,1293.0351914090304,8.385382198301386,7.396603924327514,8.927584409030766,1289.808351923733,7.625379923732908
-0.012425,-0.008283333333333334,k192_model_assisted,1292.5787308311194,1292.1647133925103,1293.0225198797493,8.373925804802411,7.385556392508257,8.914912879749686,1289.7939005556898,7.610928555689725
-0.012400000000000001,-0.008266666666666667,k192_model_assisted,1292.567262920066,1292.153660065843,1293.0098350526875,8.362457893749024,7.374503065841007,8.902228052687908,1289.7794491876468,7.596477187646769
-0.012375,-0.00825,k192_model_assisted,1292.5557826314734,1292.1426002108178,1292.9971360432696,8.350977605156459,7.3634432108157855,8.889529043269977,1289.7649978196036,7.582025819603587
-0.01235,-0.008233333333333332,k192_model_assisted,1292.5442891053583,1292.1315330939235,1292.9844219669192,8.339484079041313,7.352376093921477,8.876814966919527,1289.7505464515605,7.567574451560404
-0.012325000000000001,-0.008216666666666667,k192_model_assisted,1292.5327814817356,1292.1204579816501,1292.97169193906,8.327976455418593,7.3413009816481045,8.864084939060419,1289.7360950835175,7.553123083517448
-0.0123,-0.008199999999999999,k192_model_assisted,1292.5212589006212,1292.1093741404877,1292.958945075116,8.316453874304216,7.330217140485689,8.851338075116287,1289.7216437154743,7.5386717154742655
-0.012275000000000001,-0.008183333333333334,k192_model_assisted,1292.5097205020309,1292.0982808369251,1292.9461804905116,8.30491547571387,7.319123836923116,8.838573490511902,1289.7071923474314,7.52422034743131
-0.01225,-0.008166666666666666,k192_model_assisted,1292.4981654259802,1292.0871773374529,1292.93339730067,8.293360399663243,7.308020337450862,8.825790300670441,1289.6927409793882,7.509768979388127
-0.012225,-0.00815,k192_model_assisted,1292.4865928124848,1292.0760629085598,1292.9205946210154,8.281787786167797,7.296905908557812,8.81298762101577,1289.678289611345,7.4953176113449445
-0.0122,-0.008133333333333333,k192_model_assisted,1292.4750018015604,1292.0649368167362,1292.907771566972,8.270196775243448,7.285779816734215,8.80016456697243,1289.663838243302,7.480866243301989
-0.012175,-0.008116666666666666,k192_model_assisted,1292.4633915332229,1292.0537983284717,1292.8949272539635,8.258586506905885,7.274641328469639,8.787320253963829,1289.6493868752589,7.466414875258806
-0.012150000000000001,-0.0081,k192_model_assisted,1292.4517611474878,1292.0426467102554,1292.8820607974137,8.246956121170797,7.263489710253423,8.774453797414054,1289.634935507216,7.451963507215851
-0.012125,-0.008083333333333333,k192_model_assisted,1292.4401097843702,1292.0314812285774,1292.8691713127464,8.23530475805319,7.252324228575362,8.76156431274674,1289.6204841391727,7.437512139172668
-0.012100000000000001,-0.008066666666666666,k192_model_assisted,1292.4284365838869,1292.0203011499275,1292.856257915386,8.223631557569888,7.241144149925478,8.748650915386431,1289.6060327711295,7.423060771129485
-0.012075,-0.00805,k192_model_assisted,1292.4167406860527,1292.0091057407953,1292.843319720756,8.211935659735673,7.229948740793337,8.735712720756306,1289.5915814030866,7.40860940308653
-0.01205,-0.008033333333333333,k192_model_assisted,1292.405021230884,1291.99789426767,1292.8303558442803,8.200216204566914,7.218737267668053,8.72274884428068,1289.5771300350434,7.394158035043347
-0.012025000000000001,-0.008016666666666667,k192_model_assisted,1292.3932773583952,1291.9866659970417,1292.817365401383,8.188472332078163,7.207508997039647,8.709758401383416,1289.5626786670005,7.3797066670003915
-0.012,-0.008,k192_model_assisted,1292.3815082086035,1291.9754201954,1292.804347507488,8.176703182286474,7.196263195397915,8.696740507488375,1289.5482272989573,7.365255298957209
-0.011975000000000001,-0.007983333333333334,k192_model_assisted,1292.3697129215236,1291.9641561292344,1292.791301278019,8.164907895206625,7.184999129232422,8.683694278019418,1289.5342908032799,7.35131880327981
-0.01195,-0.007966666666666667,k192_model_assisted,1292.3578906371713,1291.9528730650347,1292.7782258284,8.153085610854305,7.173716065032735,8.670618828400407,1289.5203543076025,7.337382307602411
-0.011925,-0.007949999999999999,k192_model_assisted,1292.3460404955629,1291.9415702692907,1292.7651202740553,8.141235469245885,7.162413269288651,8.657513274055658,1289.506417811925,7.323445811925012
-0.0119,-0.007933333333333334,k192_model_assisted,1292.3341616367134,1291.9302470084915,1292.751983730408,8.129356610396371,7.151090008489508,8.64437673040835,1289.4924813162477,7.309509316247613
-0.011875,-0.007916666666666666,k192_model_assisted,1292.3222532006384,1291.9189025491276,1292.7388153128827,8.117448174321453,7.139745549125555,8.631208312883027,1289.4785448205703,7.295572820570214
-0.011850000000000001,-0.0079,k192_model_assisted,1292.3103143273543,1291.907536157688,1292.7256141369035,8.105509301037273,7.128379157685906,8.618007136903778,1289.4646083248929,7.2816363248928155
-0.011825,-0.007883333333333332,k192_model_assisted,1292.298344156876,1291.8961471006621,1292.7123793178932,8.093539130559066,7.116990100660127,8.604772317893554,1289.4506718292155,7.267699829215417
-0.0118,-0.007866666666666666,k192_model_assisted,1292.2863418292197,1291.8847346445407,1292.6991099712768,8.081536802902747,7.105577644538695,8.591502971277126,1289.436735333538,7.253763333538018
-0.011775,-0.00785,k192_model_assisted,1292.2743064844005,1291.8732980558125,1292.6858052124778,8.06950145808355,7.0941410558104945,8.57819821247813,1289.4227988378607,7.239826837860619
-0.01175,-0.007833333333333333,k192_model_assisted,1292.2622372624348,1291.8618366009675,1292.6724641569201,8.057432236117847,7.082679600965548,8.564857156920425,1289.408862342183,7.225890342182993
-0.011725000000000001,-0.007816666666666666,k192_model_assisted,1292.250133303338,1291.8503495464954,1292.6590859200276,8.045328277021099,7.071192546493423,8.551478920027874,1289.3949258465057,7.211953846505594
-0.0117,-0.0078,k192_model_assisted,1292.2379937471253,1291.8388361588857,1292.6456696172243,8.033188720808312,7.059679158883686,8.538062617224565,1289.3809893508283,7.198017350828195
-0.011675000000000001,-0.007783333333333334,k192_model_assisted,1292.2258177338133,1291.827295704628,1292.6322143639338,8.021012707496311,7.0481387046261315,8.524607363934132,1289.3670528551509,7.184080855150796
-0.01165,-0.0077666666666666665,k192_model_assisted,1292.2136044034169,1291.8157274502123,1292.6187192755806,8.008799377099876,7.036570450210327,8.511112275580892,1289.3531163594735,7.170144359473397
-0.011625,-0.00775,k192_model_assisted,1292.2013528959517,1291.804130662128,1292.6051834675882,7.996547869634696,7.024973662126067,8.497576467588479,1289.339179863796,7.1562078637959985
-0.011600000000000001,-0.007733333333333333,k192_model_assisted,1292.1890623514341,1291.792504606865,1292.5916060553807,7.984257325117142,7.013347606862919,8.48399905538098,1289.3252433681187,7.1422713681186
-0.011575,-0.007716666666666667,k192_model_assisted,1292.1767319098794,1291.7808485509127,1292.5779861543817,7.971926883562446,7.001691550910676,8.470379154382032,1289.3113068724413,7.128334872441201
-0.011550000000000001,-0.0077,k192_model_assisted,1292.1643607113033,1291.7691617607604,1292.5643228800152,7.959555684986299,6.990004760758453,8.456715880015494,1289.2973703767639,7.114398376763802
-0.011525,-0.007683333333333334,k192_model_assisted,1292.151947895721,1291.7574435028985,1292.5506153477056,7.947142869403933,6.978286502896497,8.443008347705911,1289.2834338810865,7.100461881086403
-0.0115,-0.007666666666666666,k192_model_assisted,1292.1394926031487,1291.7456930438163,1292.5368626728762,7.93468757683172,6.966536043814376,8.429255672876462,1289.269497385409,7.086525385409004
-0.011475,-0.0076500000000000005,k192_model_assisted,1292.1269939736023,1291.7339096500034,1292.5230639709512,7.922188947285349,6.95475265000143,8.415456970951462,1289.2551645730148,7.072192573014718
-0.01145,-0.007633333333333333,k192_model_assisted,1292.1144511470968,1291.7220925879499,1292.5092183573543,7.909646120779826,6.942935587947908,8.401611357354547,1289.2408317606205,7.057859760620431
-0.011425000000000001,-0.007616666666666667,k192_model_assisted,1292.1018632636483,1291.7102411241449,1292.4953249475097,7.897058237331294,6.931084124142923,8.387717947510032,1289.2264989482264,7.043526948226372
-0.0114,-0.0076,k192_model_assisted,1292.0892294632724,1291.6983545250785,1292.481382856841,7.884424436955442,6.919197525076496,8.373775856841323,1289.2121661358321,7.0291941358320855
-0.011375,-0.0075833333333333326,k192_model_assisted,1292.0765488859847,1291.6864320572402,1292.4673912007725,7.871743859667731,6.907275057238194,8.359784200772738,1289.1978333234379,7.014861323437799
-0.01135,-0.007566666666666667,k192_model_assisted,1292.0638206718013,1291.6744729871193,1292.4533490947279,7.859015645484305,6.895315987117358,8.345742094728138,1289.1835005110436,7.0005285110435125
-0.011325,-0.007549999999999999,k192_model_assisted,1292.0510439607374,1291.662476581206,1292.4392556541309,7.846238934420398,6.883319581204009,8.331648654131156,1289.1691676986493,6.986195698649226
-0.011300000000000001,-0.007533333333333334,k192_model_assisted,1292.0382178928085,1291.6504421059897,1292.4251099944058,7.8334128664914715,6.871285105987714,8.317502994406109,1289.1548348862552,6.971862886255167
-0.011275,-0.007516666666666666,k192_model_assisted,1292.0253416080304,1291.6383688279602,1292.4109112309761,7.820536581713441,6.859211827958268,8.303304230976403,1289.140502073861,6.95753007386088
-0.011250000000000001,-0.007500000000000001,k192_model_assisted,1292.0124142464194,1291.626256013607,1292.396658479266,7.807609220102449,6.847099013605011,8.289051479266355,1289.1261692614667,6.943197261466594
-0.011225,-0.007483333333333333,k192_model_assisted,1291.9994349479905,1291.6141029294197,1292.3823508546996,7.794629921673504,6.834945929417738,8.274743854699825,1289.1118364490724,6.928864449072307
-0.0112,-0.007466666666666667,k192_model_assisted,1291.9864028527595,1291.6019088418884,1292.3679874727002,7.781597826442521,6.822751841886469,8.260380472700449,1289.097503636678,6.914531636678021
-0.011175000000000001,-0.00745,k192_model_assisted,1291.9733171007424,1291.589673017502,1292.3535674486923,7.768512074425416,6.810516017500091,8.245960448692543,1289.083170824284,6.900198824283962
-0.01115,-0.0074333333333333335,k192_model_assisted,1291.9601768319544,1291.5773947227506,1292.3390898980992,7.755371805637424,6.798237722748625,8.231482898099513,1289.0688380118897,6.885866011889675
-0.011125000000000001,-0.007416666666666667,k192_model_assisted,1291.9469811864117,1291.5650732241243,1292.3245539363456,7.742176160094687,6.78591622412232,8.216946936345902,1289.0545051994955,6.8715331994953885
-0.0111,-0.0074,k192_model_assisted,1291.9337293041292,1291.552707788112,1292.3099586788546,7.728924277812212,6.773550788110062,8.20235167885489,1289.0401723871012,6.857200387101102
-0.011075,-0.007383333333333333,k192_model_assisted,1291.9204203251236,1291.540297681204,1292.295303241051,7.715615298806597,6.761140681202099,8.187696241051249,1289.0258395747069,6.8428675747068155
-0.01105,-0.007366666666666667,k192_model_assisted,1291.9070533894096,1291.5278421698895,1292.280586738358,7.702248363092622,6.748685169887545,8.172979738358157,1289.0115067623128,6.828534762312756
-0.011025,-0.00735,k192_model_assisted,1291.8936276370034,1291.5153405206584,1292.2658082861994,7.6888226106864295,6.736183520656421,8.158201286199702,1288.9971739499185,6.81420194991847
-0.011000000000000001,-0.007333333333333334,k192_model_assisted,1291.8801422079207,1291.502792,1292.2509669999997,7.675337181603709,6.723634999998066,8.143359999999975,1288.9828411375242,6.799869137524183
-0.010975,-0.007316666666666667,k192_model_assisted,1291.8666229644703,1291.4902253114303,1292.2360862022272,7.661817938153263,6.7110683114283916,8.128479202227425,1288.9684080213456,6.785436021345504
-0.01095,-0.007299999999999999,k192_model_assisted,1291.853096211773,1291.4776693900449,1292.2211897449097,7.648291185455946,6.6985123900429375,8.113582744909932,1288.9539749051671,6.771002905167052
-0.010925,-0.0072833333333333335,k192_model_assisted,1291.8395617540634,1291.4651238497054,1292.2062775378095,7.634756727746435,6.685966849703451,8.098670537809706,1288.9395417889884,6.756569788988372
-0.0109,-0.007266666666666666,k192_model_assisted,1291.8260193955743,1291.4525883042716,1292.1913494906892,7.621214369257359,6.6734313042696325,8.083742490689412,1288.9251086728098,6.742136672809693
-0.010875000000000001,-0.00725,k192_model_assisted,1291.8124689405406,1291.4400623676045,1292.176405513311,7.607663914223622,6.660905367602545,8.068798513311258,1288.910675556631,6.727703556631013
-0.01085,-0.007233333333333333,k192_model_assisted,1291.798910193196,1291.4275456535654,1292.1614455154374,7.59410516687899,6.648388653563481,8.05383851543768,1288.8962424404526,6.713270440452561
-0.010825000000000001,-0.007216666666666667,k192_model_assisted,1291.7853429577738,1291.415037776014,1292.1464694068313,7.5805379314567745,6.63588077601214,8.038862406831573,1288.881809324274,6.698837324273882
-0.0108,-0.0072,k192_model_assisted,1291.7717670385084,1291.4025383488122,1292.1314770972544,7.566962012191425,6.623381348810268,8.023870097254688,1288.8673762080953,6.684404208095202
-0.010775,-0.007183333333333333,k192_model_assisted,1291.7581822396335,1291.39004698582,1292.11646849647,7.55337721331648,6.6108899858180195,8.008861496470146,1288.8529430919166,6.669971091916523
-0.010750000000000001,-0.007166666666666667,k192_model_assisted,1291.744588365383,1291.3775633008981,1292.1014435142397,7.539783339065934,6.598406300896231,7.993836514239929,1288.8385099757381,6.655537975738071
-0.010725,-0.00715,k192_model_assisted,1291.7309852199905,1291.3650869079079,1292.0864020603265,7.526180193673554,6.585929907905967,7.9787950603267,1288.8240768595595,6.641104859559391
-0.010700000000000001,-0.0071333333333333335,k192_model_assisted,1291.7173726076905,1291.352617420709,1292.0713440444927,7.51256758137356,6.573460420707155,7.9637370444928965,1288.8096437433808,6.626671743380712
-0.010675,-0.007116666666666667,k192_model_assisted,1291.7037503327165,1291.3401544531634,1292.0562693765005,7.4989453063994915,6.560997453161541,7.948662376500728,1288.795210627202,6.612238627202032
-0.01065,-0.0070999999999999995,k192_model_assisted,1291.6901181993026,1291.3276976191307,1292.0411779661124,7.48531317298557,6.548540619128824,7.933570966112631,1288.7807775110234,6.597805511023353
-0.010625,-0.007083333333333334,k192_model_assisted,1291.6764760116823,1291.3152465324727,1292.0260697230917,7.471670985365336,6.536089532470751,7.918462723091952,1288.766344394845,6.5833723948449006
-0.0106,-0.007066666666666666,k192_model_assisted,1291.6628235740898,1291.3028008070494,1292.0109445571995,7.458018547772781,6.523643807047476,7.903337557199764,1288.7519112786663,6.568939278666221
-0.010575000000000001,-0.007050000000000001,k192_model_assisted,1291.649160690759,1291.2903600567215,1291.9958023781992,7.4443556644419004,6.511203056719609,7.888195378199413,1288.7374781624876,6.554506162487542
-0.01055,-0.007033333333333333,k192_model_assisted,1291.6354871659232,1291.27792389535,1291.980643095853,7.430682139606233,6.498766895348213,7.873036095853335,1288.723045046309,6.540073046308862
-0.010525000000000001,-0.007016666666666668,k192_model_assisted,1291.621802803817,1291.2654919367958,1291.965466619923,7.416997777500001,6.486334936793899,7.8578596199232855,1288.7086119301305,6.52563993013041
-0.0105,-0.007,k192_model_assisted,1291.608107408674,1291.2530637949196,1291.9502728601722,7.403302382356969,6.473906794917729,7.842665860172383,1288.6941788139518,6.5112068139517305
-0.010475,-0.006983333333333333,k192_model_assisted,1291.5944007847281,1291.2406390835813,1291.9350617263624,7.389595758411133,6.461482083579405,7.82745472636261,1288.679336196065,6.49636419606486
-0.010450000000000001,-0.006966666666666667,k192_model_assisted,1291.5806827362132,1291.228217416643,1291.9198331282569,7.375877709896258,6.449060416641126,7.812226128257086,1288.664493578178,6.48152157817799
-0.010425,-0.00695,k192_model_assisted,1291.566953067363,1291.2157984079645,1291.9045869756173,7.362148041046112,6.436641407962594,7.796979975617563,1288.6496509602912,6.466678960291119
-0.010400000000000001,-0.006933333333333334,k192_model_assisted,1291.553211582412,1291.2033816714068,1291.8893231782067,7.348406556094915,6.424224671404871,7.781716178206936,1288.6348083424043,6.451836342404249
-0.010375,-0.0069166666666666664,k192_model_assisted,1291.5394580855932,1291.1909668208305,1291.874041645787,7.3346530592762065,6.411809820828567,7.766434645787185,1288.6199657245174,6.436993724517379
-0.01035,-0.0069,k192_model_assisted,1291.525692381141,1291.1785534700962,1291.858742288121,7.320887354823981,6.399396470094291,7.751135288121202,1288.6051231066303,6.422151106630281
-0.010325,-0.006883333333333333,k192_model_assisted,1291.511914273289,1291.1661412330654,1291.843425014971,7.307109246972004,6.386984233063562,7.735818014971197,1288.5902804887435,6.407308488743411
-0.0103,-0.006866666666666667,k192_model_assisted,1291.4981235662717,1291.153729723598,1291.8280897360996,7.293318539954726,6.3745727235960805,7.720482736099833,1288.5754378708566,6.39246587085654
-0.010275000000000001,-0.00685,k192_model_assisted,1291.484320064322,1291.141318555555,1291.812736361269,7.279515038005002,6.362161555553137,7.705129361269093,1288.5605952529697,6.37762325296967
-0.01025,-0.006833333333333334,k192_model_assisted,1291.4705035716747,1291.1289073427974,1291.797364800242,7.265698545357736,6.349750342795569,7.689757800242096,1288.5457526350829,6.3627806350828
-0.010225,-0.006816666666666666,k192_model_assisted,1291.4566738925632,1291.1164956991852,1291.7819749627806,7.251868866246241,6.337338699183303,7.674367962780823,1288.530910017196,6.347938017195929
-0.0102,-0.0068000000000000005,k192_model_assisted,1291.4428308312215,1291.1040832385804,1291.766566758647,7.23802580490451,6.3249262385785405,7.658959758647257,1288.5160673993091,6.333095399309059
-0.010175,-0.006783333333333333,k192_model_assisted,1291.4289741918835,1291.0916695748426,1291.7511400976045,7.224169165566536,6.312512574840526,7.643533097604972,1288.5012247814223,6.3182527814221885
-0.010150000000000001,-0.006766666666666667,k192_model_assisted,1291.415103778783,1291.0792543218329,1291.7356948894153,7.2102987524660875,6.300097321830779,7.628087889415721,1288.4863821635354,6.303410163535318
-0.010125,-0.00675,k192_model_assisted,1291.401219396154,1291.066837093412,1291.7202310438417,7.19641436983693,6.287680093409908,7.61262404384217,1288.4715395456485,6.288567545648448
-0.010100000000000001,-0.006733333333333334,k192_model_assisted,1291.38732084823,1291.0544175034406,1291.704748470646,7.182515821913057,6.275260503438523,7.597141470646528,1288.4566969277614,6.27372492776135
-0.010075,-0.006716666666666667,k192_model_assisted,1291.3734079392455,1291.0419951657796,1291.689247079591,7.168602912928463,6.2628381657774606,7.581640079591458,1288.4418543098745,6.25888230987448
-0.01005,-0.006699999999999999,k192_model_assisted,1291.3594804734341,1291.0295696942894,1291.6737267804388,7.1546754471171425,6.25041269428733,7.566119780439171,1288.4270116919877,6.244039691987609
-0.010025000000000001,-0.006683333333333334,k192_model_assisted,1291.3455382550296,1291.0171407028315,1291.6581874829521,7.140733228712634,6.237983702829422,7.550580482952557,1288.4121690741008,6.229197074100739
-0.01,-0.006666666666666666,k192_model_assisted,1291.3315810882657,1291.0047078052658,1291.642629096893,7.1267760619487035,6.225550805263665,7.535022096893372,1288.397326456214,6.214354456213869
-0.009975000000000001,-0.0066500000000000005,k192_model_assisted,1291.3176087773768,1290.9922706154532,1291.6270515320243,7.112803751059801,6.213113615451122,7.5194445320247345,1288.3829708757369,6.19999887573681
-0.00995,-0.006633333333333333,k192_model_assisted,1291.3036211265965,1290.9798287472547,1291.6114546981082,7.098816100279464,6.20067174725263,7.503847698108626,1288.36861529526,6.185643295259979
-0.009925,-0.0066166666666666665,k192_model_assisted,1291.2896179401582,1290.967381814531,1291.5958385049073,7.084812913841233,6.188224814529027,7.488231504907711,1288.354259714783,6.17128771478292
-0.0099,-0.0066,k192_model_assisted,1291.2755990222968,1290.9549294311428,1291.5802028621843,7.070793995979784,6.175772431140693,7.472595862184654,1288.3399041343062,6.156932134306089
-0.009875,-0.006583333333333333,k192_model_assisted,1291.2615641772454,1290.9424712109503,1291.5645476797008,7.056759150928428,6.163314210948238,7.45694067970121,1288.325548553829,6.142576553829031
-0.009850000000000001,-0.006566666666666667,k192_model_assisted,1291.2475132092382,1290.9300067678153,1291.5488728672203,7.04270818292116,6.150849767813181,7.441265867220725,1288.3111929733523,6.1282209733521995
-0.009825,-0.00655,k192_model_assisted,1291.2334459225087,1290.9175357155978,1291.5331783345043,7.028640896191746,6.138378715595676,7.425571334504726,1288.2968373928752,6.113865392875141
-0.0098,-0.006533333333333333,k192_model_assisted,1291.2193621212914,1290.9050576681584,1291.5174639913162,7.014557094974407,6.1259006681563335,7.409856991316559,1288.2824818123984,6.09950981239831
-0.009775,-0.006516666666666667,k192_model_assisted,1291.2052616098197,1290.8925722393583,1291.5017297474174,7.000456583502682,6.1134152393562164,7.394122747417752,1288.2681262319213,6.085154231921251
-0.00975,-0.0065,k192_model_assisted,1291.1911441923278,1290.880079043058,1291.4859755125713,6.986339166010794,6.1009220430559346,7.378368512571651,1288.2537706514443,6.070798651444193
-0.009725000000000001,-0.006483333333333334,k192_model_assisted,1291.1770096730495,1290.8675776931184,1291.4702011965396,6.972204646732507,6.0884206931163245,7.362594196540011,1288.2394150709674,6.056443070967362
-0.0097,-0.006466666666666667,k192_model_assisted,1291.1628578562184,1290.8550678034,1291.4544067090853,6.958052829901362,6.075910803397996,7.346799709085722,1288.2250594904904,6.042087490490303
-0.009675000000000001,-0.006450000000000001,k192_model_assisted,1291.1486885460686,1290.8425489877636,1291.4385919599704,6.94388351975158,6.063391987761557,7.330984959970769,1288.2107039100135,6.027731910013472
-0.00965,-0.0064333333333333334,k192_model_assisted,1291.134501546834,1290.8300208600701,1291.4227568589577,6.929696520516927,6.050863860068073,7.315149858958041,1288.1963483295365,6.013376329536413
-0.009625,-0.006416666666666666,k192_model_assisted,1291.1202966627484,1290.8174830341802,1291.4069013158091,6.915491636431398,6.038326034178153,7.2992943158095205,1288.1819927490596,5.999020749059582
-0.009600000000000001,-0.0064,k192_model_assisted,1291.1060736980455,1290.8049351239542,1291.3910252402882,6.9012686717285305,6.025778123952179,7.283418240288555,1288.1676371685826,5.984665168582524
-0.009575,-0.006383333333333333,k192_model_assisted,1291.0918324569598,1290.792376743253,1291.3751285421563,6.887027430642775,6.013219743250987,7.26752154215667,1288.1532815881058,5.9703095881056925
-0.009550000000000001,-0.006366666666666667,k192_model_assisted,1291.0775727437247,1290.7798075059382,1291.359211131176,6.872767717407669,6.000650505936097,7.251604131176304,1288.1389260076287,5.955954007628634
-0.009525,-0.00635,k192_model_assisted,1291.0632943625742,1290.7672270258695,1291.3432729171102,6.8584893362572075,5.988070025867435,7.235665917110575,1288.1245704271519,5.941598427151803
-0.0095,-0.006333333333333333,k192_model_assisted,1291.048997117742,1290.7546349169081,1291.3273138097209,6.8441920914249295,5.9754779169060654,7.219706809721238,1288.1102148466748,5.927242846674744
-0.009475,-0.006316666666666667,k192_model_assisted,1291.034680813462,1290.7420307929144,1291.3113337187713,6.829875787145056,5.9628737929123705,7.203726718771639,1288.0954771136267,5.912505113626594
-0.00945,-0.0063,k192_model_assisted,1291.0203452539683,1290.7294142677497,1291.2953325540227,6.815540227651354,5.9502572677476415,7.1877255540230784,1288.0807393805783,5.897767380578216
-0.009425000000000001,-0.0062833333333333335,k192_model_assisted,1291.0059902434948,1290.716784955274,1291.2793102252385,6.801185217177817,5.937627955272033,7.171703225238902,1288.0660016475301,5.883029647530066
-0.0094,-0.006266666666666667,k192_model_assisted,1290.9916155862754,1290.7041424693487,1291.2632666421805,6.78681055995844,5.924985469346609,7.155659642180865,1288.051263914482,5.868291914481915
-0.009375,-0.0062499999999999995,k192_model_assisted,1290.9772210865435,1290.691486423834,1291.2472017146117,6.772416060226533,5.91232942383198,7.139594714612085,1288.0365261814336,5.8535541814335375
-0.00935,-0.006233333333333334,k192_model_assisted,1290.9628065485335,1290.678816432591,1291.2311153522942,6.758001522216546,5.89965943258898,7.123508352294546,1288.0217884483855,5.838816448385387
-0.009325,-0.006216666666666666,k192_model_assisted,1290.948371776479,1290.6661321094805,1291.2150074649905,6.743566750162017,5.886975109478448,7.107400464990911,1288.0070507153373,5.824078715337237
-0.009300000000000001,-0.006200000000000001,k192_model_assisted,1290.9339165746142,1290.6534330683628,1291.198877962463,6.729111548297169,5.874276068360765,7.09127096246339,1287.9923129822891,5.809340982289086
-0.009275,-0.006183333333333333,k192_model_assisted,1290.9194407471728,1290.640718923099,1291.1827267544745,6.714635720855767,5.861561923096995,7.075119754474874,1287.9775752492408,5.7946032492407085
-0.009250000000000001,-0.0061666666666666675,k192_model_assisted,1290.9049440983883,1290.6279892875496,1291.166553750787,6.700139072071352,5.848832287547521,7.058946750787345,1287.9628375161926,5.779865516192558
-0.009225,-0.00615,k192_model_assisted,1290.8904264324954,1290.6152437755754,1291.1503588611629,6.68562140617837,5.836086775573405,7.04275186116324,1287.9480997831445,5.765127783144408
-0.0092,-0.006133333333333333,k192_model_assisted,1290.8758875537271,1290.6024820010375,1291.1341419953653,6.671082527410135,5.823325001035486,7.026534995365679,1287.933362050096,5.75039005009603
-0.009175,-0.006116666666666667,k192_model_assisted,1290.861327266318,1290.589703577796,1291.1179030631558,6.656522240001095,5.810546577793917,7.010296063156187,1287.918624317048,5.7356523170478795
-0.00915,-0.0060999999999999995,k192_model_assisted,1290.8467453745013,1290.5769081197122,1291.1016419742978,6.641940348184335,5.797751119710218,6.9940349742981125,1287.9038865839998,5.720914583999729
-0.009125000000000001,-0.006083333333333334,k192_model_assisted,1290.8321416825117,1290.5640952406466,1291.0853586385524,6.627336656194757,5.784938240644542,6.977751638552754,1287.8891488509516,5.706176850951579
-0.0091,-0.006066666666666666,k192_model_assisted,1290.8175159945824,1290.5512645544597,1291.0690529656833,6.612710968265446,5.772107554457727,6.961445965683686,1287.8744111179033,5.691439117903201
-0.009075,-0.00605,k192_model_assisted,1290.8028681149476,1290.5384156750124,1291.0527248654525,6.598063088630624,5.759258675010382,6.9451178654528904,1287.8596733848551,5.6767013848550505
-0.00905,-0.006033333333333333,k192_model_assisted,1290.7881978478413,1290.5255482161656,1291.0363742476225,6.583392821524285,5.746391216163571,6.928767247622804,1287.844935651807,5.6619636518069
-0.009025,-0.006016666666666667,k192_model_assisted,1290.7735049974967,1290.5126617917801,1291.0200010219553,6.56869997117974,5.73350479177813,6.9123940219556355,1287.8301979187586,5.647225918758522
-0.009000000000000001,-0.006,k192_model_assisted,1290.7587893681484,1290.4997560157162,1291.003605098214,6.553984341831438,5.720599015714215,6.895998098214277,1287.8154601857104,5.632488185710372
-0.008975,-0.0059833333333333336,k192_model_assisted,1290.7440507640301,1290.4868305018351,1290.9871863861604,6.539245737713145,5.707673501833116,6.879579386160711,1287.800622009915,5.617650009914996
-0.00895,-0.005966666666666666,k192_model_assisted,1290.7292889893756,1290.4738848639972,1290.9707447955577,6.524483963058628,5.694727863995216,6.863137795558056,1287.78578383412,5.602811834119848
-0.008925,-0.00595,k192_model_assisted,1290.7145038484184,1290.4609187160634,1290.954280236168,6.509698822101427,5.681761716061351,6.846673236168294,1287.7709456583245,5.587973658324472
-0.0089,-0.005933333333333333,k192_model_assisted,1290.6996951453934,1290.4479316718944,1290.9377926177535,6.4948901190764445,5.6687746718923595,6.830185617753861,1287.7561074825294,5.573135482529324
-0.008875000000000001,-0.005916666666666667,k192_model_assisted,1290.6848626845335,1290.4349233453506,1290.9212818500769,6.480057658216538,5.655766345348621,6.813674850077195,1287.741269306734,5.558297306733948
-0.00885,-0.0059,k192_model_assisted,1290.6700062700731,1290.4218933502934,1290.9047478429004,6.465201243756155,5.642736350291427,6.797140842900733,1287.7264311309389,5.5434591309388
-0.008825000000000001,-0.005883333333333334,k192_model_assisted,1290.655125706246,1290.4088413005834,1290.8881905059868,6.450320679929064,5.629684300581388,6.780583505987138,1287.7115929551435,5.528620955143424
-0.0088,-0.005866666666666667,k192_model_assisted,1290.6402207972858,1290.3957668100807,1290.8716097490983,6.4354157709688025,5.616609810078659,6.764002749098621,1287.6967547793483,5.513782779348276
-0.008775,-0.005849999999999999,k192_model_assisted,1290.6252913474268,1290.3826694926468,1290.8550054819975,6.42048632110982,5.603512492644757,6.747398481997845,1287.681916603553,5.4989446035529
-0.00875,-0.005833333333333334,k192_model_assisted,1290.6103371609024,1290.3695489621416,1290.8383776144467,6.405532134585428,5.590391962139611,6.730770614447019,1287.6670784277578,5.484106427757752
-0.008725,-0.005816666666666666,k192_model_assisted,1290.595358041947,1290.356404832427,1290.8217260562085,6.390553015630076,5.577247832424966,6.7141190562088084,1287.6522402519624,5.469268251962376
-0.008700000000000001,-0.0058000000000000005,k192_model_assisted,1290.580353794794,1290.3432367173623,1290.805050717045,6.375548768477074,5.564079717360295,6.697443717045422,1287.637402076167,5.454430076167
-0.008675,-0.005783333333333333,k192_model_assisted,1290.5653242236779,1290.3300442308096,1290.7883515067192,6.360519197360873,5.550887230807572,6.680744506719524,1287.622563900372,5.439591900371852
-0.00865,-0.0057666666666666665,k192_model_assisted,1290.5502691328315,1290.316826986629,1290.771628334993,6.345464106514555,5.53766998662695,6.664021334993324,1287.6077257245765,5.424753724576476
-0.008625,-0.00575,k192_model_assisted,1290.5351883264902,1290.303584598681,1290.7548811116294,6.330383300173253,5.52442759867904,6.647274111629713,1287.5928875487814,5.409915548781328
-0.0086,-0.005733333333333333,k192_model_assisted,1290.5200816088866,1290.2903166808267,1290.7381097463904,6.315276582569595,5.511159680824678,6.630502746390674,1287.578049372986,5.395077372985952
-0.008575000000000001,-0.005716666666666667,k192_model_assisted,1290.504948784255,1290.2770228469265,1290.7213141490383,6.300143757938031,5.497865846924473,6.6137071490386425,1287.5632111971909,5.380239197190804
-0.00855,-0.0057,k192_model_assisted,1290.4897896568293,1290.2637027108417,1290.704494229336,6.2849846305123265,5.484545710839717,6.596887229336284,1287.5483730213955,5.365401021395428
-0.008525,-0.005683333333333333,k192_model_assisted,1290.4746040308435,1290.2503558864323,1290.687649897046,6.269799004526476,5.4711988864303365,6.580042897046262,1287.5335348456003,5.35056284560028
-0.0085,-0.005666666666666667,k192_model_assisted,1290.4593917105315,1290.2369819875598,1290.6707810619303,6.254586684214473,5.457824987557851,6.5631740619305585,1287.518696669805,5.335724669804904
-0.008475,-0.00565,k192_model_assisted,1290.4441525001268,1290.2235806280846,1290.6538876337513,6.2393474738098575,5.444423628082642,6.546280633751611,1287.5034630764258,5.3204910764256965
-0.008450000000000001,-0.005633333333333334,k192_model_assisted,1290.4288862038636,1290.2101514218668,1290.636969522272,6.224081177546623,5.430994421864865,6.52936252227231,1287.4882294830468,5.3052574830467165
-0.008425,-0.0056166666666666665,k192_model_assisted,1290.4135926259758,1290.1966939827687,1290.6200266372546,6.208787599658763,5.41753698276672,6.512419637254865,1287.4729958896676,5.290023889667509
-0.008400000000000001,-0.005600000000000001,k192_model_assisted,1290.3982715706973,1290.1832079246494,1290.6030588884614,6.193466544380271,5.404050924647452,6.495451888461714,1287.4577622962886,5.274790296288529
-0.008375,-0.005583333333333333,k192_model_assisted,1290.3829228422615,1290.1696928613703,1290.5860661856548,6.178117815944461,5.3905358613683525,6.4784591856550655,1287.4425287029096,5.259556702909549
-0.00835,-0.005566666666666666,k192_model_assisted,1290.367546244903,1290.1561484067922,1290.5690484385975,6.162741218586007,5.3769914067902596,6.46144143859781,1287.4272951095304,5.244323109530342
-0.008325,-0.00555,k192_model_assisted,1290.3521415828554,1290.142574174776,1290.5520055570516,6.147336556538448,5.363417174774008,6.444398557051932,1287.4120615161514,5.229089516151362
-0.0083,-0.005533333333333333,k192_model_assisted,1290.3367086603523,1290.128969779182,1290.53493745078,6.131903634035325,5.34981277917998,6.427330450780322,1287.3968279227722,5.213855922772154
-0.008275000000000001,-0.005516666666666667,k192_model_assisted,1290.321247281628,1290.115334833871,1290.5178440295451,6.116442255311085,5.336177833869013,6.410237029545416,1287.3815943293932,5.198622329393174
-0.00825,-0.0055,k192_model_assisted,1290.305757250916,1290.1016689527044,1290.5007252031087,6.100952224599041,5.322511952702398,6.39311820310897,1287.366360736014,5.183388736013967
-0.008225,-0.005483333333333333,k192_model_assisted,1290.2902383724504,1290.0879717495418,1290.483580881234,6.085433346133414,5.3088147495398355,6.375973881234329,1287.3511271426348,5.16815514263476
-0.0082,-0.0054666666666666665,k192_model_assisted,1290.274690450465,1290.0742428382448,1290.4664109736832,6.069885424147969,5.295085838242843,6.358803973683476,1287.3358935492558,5.15292154925578
-0.008175,-0.00545,k192_model_assisted,1290.259113289194,1290.0604818326738,1290.4492153902186,6.05430826287693,5.281324832671804,6.341608390218847,1287.3206599558766,5.137687955876572
-0.008150000000000001,-0.005433333333333333,k192_model_assisted,1290.2435066928706,1290.0466883466897,1290.4319940406026,6.038701666553607,5.267531346687782,6.32438704060288,1287.3054263624977,5.122454362497592
-0.008125,-0.005416666666666667,k192_model_assisted,1290.2278704657294,1290.0328619941529,1290.414746834598,6.0230654394124485,5.25370499415093,6.307139834598238,1287.2901927691187,5.107220769118612
-0.0081,-0.005399999999999999,k192_model_assisted,1290.212204412004,1290.0190023889245,1290.3974736819669,6.007399385686995,5.239845388922542,6.289866681967131,1287.2749591757395,5.091987175739405
-0.008075,-0.005383333333333334,k192_model_assisted,1290.196508335928,1290.0051091448652,1290.3801744924717,5.991703309611012,5.225952144863226,6.272567492471995,1287.2597255823605,5.076753582360425
-0.00805,-0.005366666666666666,k192_model_assisted,1290.1807820417355,1289.9911818758355,1290.3628491758752,5.9759770154184935,5.212024875833591,6.2552421758754955,1287.2444919889813,5.0615199889812175
-0.008025000000000001,-0.005350000000000001,k192_model_assisted,1290.1650253336607,1289.9772201956964,1290.3454976419398,5.960220307343661,5.198063195694474,6.237890641940068,1287.2292583956023,5.0462863956022375
-0.008,-0.005333333333333333,k192_model_assisted,1290.1492380159368,1289.9632237183084,1290.3281198004274,5.944432989619827,5.184066718306485,6.220512800427696,1287.214024802223,5.03105280222303
-0.007975000000000001,-0.0053166666666666675,k192_model_assisted,1290.1334198927982,1289.9491920575324,1290.3107155611012,5.928614866481212,5.17003505753046,6.203108561101497,1287.1992361164578,5.016264116457705
-0.00795,-0.0053,k192_model_assisted,1290.117570768479,1289.935124827229,1290.2932848337234,5.912765742162037,5.155967827227008,6.185677833723681,1287.1844474306927,5.001475430692608
-0.007925,-0.005283333333333333,k192_model_assisted,1290.1016904472124,1289.9210216412591,1290.275827528056,5.896885420895387,5.141864641257194,6.168220528056231,1287.1696587449273,4.986686744927283
-0.0079,-0.005266666666666667,k192_model_assisted,1290.085778733233,1289.9068821134833,1290.258343553862,5.880973706915938,5.127725113481399,6.150736553862264,1287.154870059162,4.971898059161958
-0.007875,-0.0052499999999999995,k192_model_assisted,1290.0698354307738,1289.8927058577624,1290.2408328209035,5.865030404456775,5.113548857760461,6.133225820903763,1287.1400813733967,4.957109373396634
-0.007850000000000001,-0.005233333333333334,k192_model_assisted,1290.0538603440693,1289.8784924879571,1290.2232952389434,5.849055317752345,5.099335487955215,6.11568823894362,1287.1252926876316,4.942320687631536
-0.007825,-0.005216666666666666,k192_model_assisted,1290.0378532773534,1289.864241617928,1290.2057307177433,5.833048251036416,5.085084617926045,6.098123717743588,1287.1105040018663,4.927532001866211
-0.0078000000000000005,-0.0052,k192_model_assisted,1290.0218140348595,1289.849952861536,1290.1881391670665,5.817009008542527,5.0707958615340125,6.080532167066789,1287.095715316101,4.912743316100887
-0.007775000000000001,-0.005183333333333333,k192_model_assisted,1290.0057424208221,1289.8356258326419,1290.170520496675,5.800937394505127,5.056468832639956,6.062913496675202,1287.0809266303356,4.897954630335562
-0.00775,-0.005166666666666667,k192_model_assisted,1289.9896382394747,1289.8212601451062,1290.1528746163312,5.784833213157754,5.042103145104257,6.045267616331493,1287.0661379445705,4.8831659445704645
-0.007725,-0.00515,k192_model_assisted,1289.9735012950516,1289.8068554127901,1290.1352014357979,5.7686962687346295,5.027698412788206,6.027594435798099,1287.0513492588052,4.86837725880514
-0.0077,-0.0051333333333333335,k192_model_assisted,1289.957331391786,1289.7924112495537,1290.1175008648374,5.752526365469066,5.013254249551732,6.009893864837682,1287.0365605730399,4.853588573039815
-0.007675,-0.005116666666666667,k192_model_assisted,1289.9411283339123,1289.7779272692583,1290.099772813212,5.736323307595285,4.998770269256353,5.992165813212226,1287.0217718872746,4.83879988727449
-0.0076500000000000005,-0.0051,k192_model_assisted,1289.9248919256643,1289.7634030857641,1290.0820171906842,5.7200868993472795,4.984246085762223,5.974410190684395,1287.0069832015095,4.824011201509393
-0.007625000000000001,-0.005083333333333334,k192_model_assisted,1289.9086219712756,1289.7488383129323,1290.0642339070166,5.703816944958589,4.9696813129304065,5.956626907016853,1286.9921945157441,4.809222515744068
-0.0076,-0.005066666666666666,k192_model_assisted,1289.8923182749804,1289.7342325646234,1290.0464228719711,5.687513248663436,4.955075564621513,5.938815871971354,1286.9774058299788,4.794433829978743
-0.007575,-0.00505,k192_model_assisted,1289.8759806410121,1289.719585454698,1290.0285839953112,5.67117561469513,4.940428454696152,5.920976995311472,1286.9626171442135,4.7796451442134185
-0.00755,-0.005033333333333333,k192_model_assisted,1289.8596088736056,1289.7048965970173,1290.0107171867983,5.654803847288576,4.9257395970153866,5.903110186798507,1286.9478284584484,4.764856458448321
-0.0075250000000000004,-0.005016666666666667,k192_model_assisted,1289.8432027769936,1289.6901656054415,1289.9928223561953,5.638397750676631,4.9110086054396,5.8852153561955785,1286.933039772683,4.750067772682996
-0.007500000000000001,-0.005,k192_model_assisted,1289.826762155411,1289.6753920938318,1289.9748994132647,5.621957129093971,4.896235093829855,5.867292413264895,1286.9182510869177,4.7352790869176715
-0.007475000000000001,-0.0049833333333333335,k192_model_assisted,1289.8102868130907,1289.6605756760484,1289.956948267769,5.60548178677368,4.881418676046534,5.849341267769121,1286.9031045989739,4.720132598973805
-0.00745,-0.004966666666666666,k192_model_assisted,1289.7937765542672,1289.6457159659524,1289.93896882947,5.588971527950207,4.866558965950475,5.831361829470239,1286.88795811103,4.704986111029939
-0.007425,-0.0049499999999999995,k192_model_assisted,1289.7772311831745,1289.6308125774049,1289.920961008131,5.572426156857546,4.851655577402967,5.813354008131141,1286.8728116230861,4.689839623086073
-0.0074,-0.004933333333333333,k192_model_assisted,1289.7606505040458,1289.6158651242656,1289.9029247135138,5.555845477728781,4.836708124263712,5.795317713514034,1286.8576651351423,4.674693135142206
-0.0073750000000000005,-0.004916666666666666,k192_model_assisted,1289.7440343211158,1289.6008732203966,1289.8848598553816,5.539229294798815,4.821716220394682,5.777252855381812,1286.8425186471984,4.65954664719834
-0.007350000000000001,-0.0049,k192_model_assisted,1289.7273824386177,1289.5858364796572,1289.8667663434958,5.522577412300734,4.806679479655351,5.759159343496002,1286.8273721592543,4.644400159254246
-0.007325000000000001,-0.004883333333333333,k192_model_assisted,1289.7106946607857,1289.5707545159091,1289.8486440876197,5.505889634468758,4.791597515907236,5.741037087619949,1286.8122256713104,4.62925367131038
-0.0073,-0.004866666666666667,k192_model_assisted,1289.6939707918536,1289.5556269430126,1289.8304929975156,5.489165765536654,4.776469943010722,5.722885997515863,1286.7970791833666,4.614107183366514
-0.007275,-0.00485,k192_model_assisted,1289.6772106360556,1289.5404533748285,1289.8123129829455,5.472405609738644,4.7612963748266415,5.704705982945726,1286.7819326954227,4.598960695422647
-0.00725,-0.004833333333333334,k192_model_assisted,1289.6604139976253,1289.525233425218,1289.7941039536724,5.455608971308266,4.746076425216061,5.686496953672658,1286.7667862074788,4.583814207478781
-0.0072250000000000005,-0.004816666666666667,k192_model_assisted,1289.6435806807965,1289.5099667080412,1289.7758658194582,5.438775654479514,4.730809708039362,5.668258819458413,1286.751639719535,4.568667719534915
-0.007200000000000001,-0.0048000000000000004,k192_model_assisted,1289.6267104898031,1289.4946528371593,1289.7575984900661,5.421905463486155,4.715495837157381,5.649991490066337,1286.736493231591,4.5535212315910485
-0.007175,-0.004783333333333333,k192_model_assisted,1289.6098032288792,1289.4792914264326,1289.7393018752578,5.404998202562183,4.700134426430728,5.631694875257957,1286.7213467436472,4.538374743647182
-0.00715,-0.0047666666666666664,k192_model_assisted,1289.5928587022586,1289.463882089722,1289.7209758847962,5.388053675941592,4.684725089720012,5.613368884796393,1286.7062002557034,4.523228255703316
-0.007125,-0.00475,k192_model_assisted,1289.5758767141747,1289.4484244408884,1289.702620428443,5.371071687857693,4.669267440886524,5.595013428443171,1286.6910537677595,4.50808176775945
-0.0071,-0.004733333333333333,k192_model_assisted,1289.5588570688622,1289.4329180937923,1289.684235415962,5.354052042545163,4.653761093790419,5.576628415962094,1286.6759072798154,4.492935279815356
-0.0070750000000000006,-0.004716666666666667,k192_model_assisted,1289.5417995705543,1289.4173626622946,1289.665820757114,5.336994544237314,4.638205662292761,5.558213757114232,1286.6607607918716,4.47778879187149
-0.007050000000000001,-0.0047,k192_model_assisted,1289.5247040234856,1289.4017577602565,1289.647376361663,5.319898997168593,4.622600760254387,5.539769361663388,1286.6456143039277,4.462642303927623
-0.007025,-0.004683333333333333,k192_model_assisted,1289.5075702318888,1289.3861030015375,1289.6289021393702,5.302765205571859,4.606946001535451,5.5212951393706335,1286.6304678159838,4.447495815983757
-0.007,-0.004666666666666666,two_grid,1289.4903979999992,1289.3703979999993,1289.6103979999991,5.285592973682242,4.591240999997244,5.502790999999543,1286.61532132804,4.432349328039891
-0.006975,-0.00465,two_grid,1289.4731571087227,1289.353415780258,1289.5930187970953,5.268352082405727,4.574378771341309,5.485306789944878,1286.6000726311845,4.417100631184439
-0.0069500000000000004,-0.004633333333333333,two_grid,1289.4558182307576,1289.336351753476,1289.5754991912233,5.251013204440596,4.557400792157108,5.467715744641015,1286.584823934329,4.401851934328988
-0.006925000000000001,-0.0046166666666666665,two_grid,1289.4383825080256,1289.3192068593457,1289.5578410566618,5.233577481708608,4.540308703419329,5.450019040640085,1286.5695752374738,4.386603237473764
-0.006900000000000001,-0.0046,two_grid,1289.420851082448,1289.3019820375591,1289.5400462676885,5.216046056131063,4.523104146101066,5.432217854494222,1286.5543265406184,4.371354540618313
-0.006875,-0.004583333333333333,two_grid,1289.4032250959467,1289.284678227809,1289.522116698581,5.198420069629719,4.505788761177009,5.414313362756238,1286.539077843763,4.356105843762862
-0.00685,-0.004566666666666667,two_grid,1289.3855056904429,1289.2672963697873,1289.5040542236175,5.1807006641258795,4.48836418962139,5.396306741978495,1286.5238291469075,4.34085714690741
-0.006825,-0.00455,two_grid,1289.367694007858,1289.2498374031868,1289.4858607170747,5.162888981541073,4.470832072407306,5.378199168713123,1286.508580450052,4.325608450051959
-0.0068000000000000005,-0.004533333333333334,two_grid,1289.3497911901134,1289.2323022676997,1289.4676114585438,5.144986163796375,4.453194050509443,5.3599918195129375,1286.4933317531968,4.310359753196735
-0.006775000000000001,-0.004516666666666667,two_grid,1289.33179837913,1289.2146087649035,1289.4492928709296,5.126993352813088,4.43545176490158,5.341685870929843,1286.4780830563413,4.295111056341284
-0.00675,-0.0045,two_grid,1289.3137167168304,1289.1967638565598,1289.4308894995163,5.108911690513423,4.417606856557723,5.323282499516654,1286.462834359486,4.279862359485833
-0.006725,-0.004483333333333333,two_grid,1289.2955473451352,1289.1788179664536,1289.4123898818252,5.090742318818229,4.399660966451649,5.304782881825502,1286.4475856626304,4.264613662630381
-0.0067,-0.0044666666666666665,two_grid,1289.2772914059663,1289.16077273556,1289.3937951944088,5.072486379649263,4.381615735558047,5.286188194408974,1286.432336965775,4.24936496577493
-0.006675,-0.00445,two_grid,1289.2589500412448,1289.142629804852,1289.3751066138188,5.054145014927826,4.363472804850013,5.267499613819203,1286.4170882689198,4.234116268919706
-0.0066500000000000005,-0.004433333333333333,two_grid,1289.2405243928924,1289.124390815304,1289.3563253166087,5.035719366575449,4.345233815302007,5.248718316609003,1286.4018395720643,4.218867572064255
-0.006625000000000001,-0.004416666666666667,two_grid,1289.2220156028304,1289.1060574078901,1289.33745247933,5.017210576513435,4.326900407888261,5.229845479330279,1286.3865908752089,4.203618875208804
-0.0066,-0.004399999999999999,two_grid,1289.2034248129805,1289.0876312235844,1289.3184892785355,4.998619786663539,4.308474223582327,5.210882278535844,1286.3713421783534,4.1883701783533525
-0.006575,-0.004383333333333333,two_grid,1289.1847531652638,1289.0691139033604,1289.2994368907775,4.979948138946838,4.289956903358438,5.191829890777831,1286.356093481498,4.173121481497901
-0.00655,-0.004366666666666666,two_grid,1289.166001801602,1289.0505070881925,1289.2802964926082,4.961196775285089,4.271350088190599,5.172689492608373,1286.3408447846427,4.157872784642677
-0.006525,-0.00435,two_grid,1289.1471718639164,1289.0318124190549,1289.2610692605801,4.942366837599366,4.2526554190528145,5.153462260580511,1286.3255960877873,4.142624087787226
-0.006500000000000001,-0.004333333333333333,two_grid,1289.1282644941286,1289.0130315369208,1289.2417563712463,4.923459467811654,4.233874536918865,5.134149371246604,1286.3103473909318,4.127375390931775
-0.006475000000000001,-0.004316666666666667,two_grid,1289.1092808341598,1288.994166082765,1289.2223590011583,4.9044758078428,4.21500908276321,5.114752001158557,1286.2947285425732,4.1117565425731755
-0.00645,-0.0043,two_grid,1289.0902220259318,1288.975217697561,1289.2028783268686,4.88541699961479,4.196060697558945,5.095271326868957,1286.2791096942146,4.096137694214576
-0.006425,-0.0042833333333333334,two_grid,1289.071089211366,1288.9561880222832,1289.1833155249299,4.866284185048926,4.177031022281213,5.075708524930164,1286.263490845856,4.080518845855977
-0.0064,-0.004266666666666667,two_grid,1289.0518835323833,1288.937078697905,1289.1636717718945,4.847078506066282,4.1579216979031095,5.056064771894764,1286.2478719974974,4.064899997497378
-0.0063750000000000005,-0.00425,two_grid,1289.0326061309058,1288.9178913654011,1289.1439482443147,4.827801104588843,4.138734365399095,5.036341244315118,1286.232253149139,4.049281149139006
-0.006350000000000001,-0.004233333333333334,two_grid,1289.0132581488547,1288.8986276657452,1289.1241461187433,4.808453122537685,4.119470665743176,5.016539118743584,1286.2166343007805,4.033662300780406
-0.006325,-0.004216666666666666,two_grid,1288.9938407281513,1288.8792892399113,1289.104266571732,4.789035701834337,4.100132239909357,4.996659571732295,1286.2010154524219,4.018043452421807
-0.0063,-0.0042,two_grid,1288.9743550107175,1288.8598777288735,1289.0843107798337,4.769549984400555,4.080720728871416,4.9767037798340645,1286.1853966040633,4.002424604063208
-0.006275,-0.004183333333333333,two_grid,1288.9548021384742,1288.840394773605,1289.064279919601,4.749997112157189,4.061237773603132,4.956672919601253,1286.1697777557047,3.9868057557046086
-0.00625,-0.004166666666666667,two_grid,1288.9351832533432,1288.8208420150813,1289.0441751675855,4.730378227026222,4.04168501507942,4.936568167585765,1286.154158907346,3.9711869073460093
-0.0062250000000000005,-0.00415,two_grid,1288.915499497246,1288.8012210942752,1289.0239977003403,4.710694470928956,4.022064094273148,4.916390700340642,1286.1385400589875,3.95556805898741
-0.006200000000000001,-0.0041333333333333335,two_grid,1288.8957520121035,1288.781533652161,1289.0037486944173,4.690946985786468,4.002376652159004,4.896141694417562,1286.1229212106289,3.9399492106288108
-0.006175,-0.004116666666666666,two_grid,1288.875941939838,1288.7617813297127,1288.9834293263696,4.671136913520968,3.9826243297107666,4.875822326369793,1286.1073023622703,3.9243303622702115
-0.00615,-0.0040999999999999995,two_grid,1288.8560704223703,1288.7419657679047,1288.9630407727484,4.651265396053304,3.9628087679026684,4.8554337727487855,1286.0916835139117,3.908711513911612
-0.006125,-0.004083333333333333,two_grid,1288.836138601622,1288.7220886077102,1288.9425842101077,4.631333575305007,3.9429316077082603,4.834977210108036,1286.0760646655533,3.8930926655532403
-0.0061,-0.004066666666666666,two_grid,1288.8161476195144,1288.702151490104,1288.9220608149985,4.611342593197378,3.9229944901020026,4.8144538149987675,1286.0604458171947,3.877473817194641
-0.0060750000000000005,-0.00405,two_grid,1288.7960986179696,1288.6821560560597,1288.9014717639739,4.591293591652629,3.9029990560576735,4.793864763974248,1286.044826968836,3.8618549688360417
-0.006050000000000001,-0.004033333333333333,two_grid,1288.7759927389084,1288.6621039465513,1288.8808182335863,4.571187712591382,3.8829469465492785,4.773211233586611,1286.0292081204775,3.8462361204774425
-0.006025,-0.004016666666666667,two_grid,1288.7558311242526,1288.641996802553,1288.860101400388,4.551026097935619,3.8628398025510506,4.7524944003882155,1286.013589272119,3.830617272118843
-0.006,-0.004,two_grid,1288.7356149159232,1288.6218362650386,1288.8393224409308,4.530809889606189,3.8426792650365407,4.731715440931193,1285.9979704237603,3.814998423760244
-0.005975,-0.0039833333333333335,two_grid,1288.715345255842,1288.601623974982,1288.8184825317678,4.510540229525077,3.8224669749799816,4.7108755317681315,1285.982730318045,3.799758318044951
-0.00595,-0.003966666666666667,two_grid,1288.6950232859306,1288.5813615733575,1288.7975828494518,4.4902182596135845,3.8022045733556062,4.689975849452072,1285.96749021233,3.7845182123298855
-0.005925000000000001,-0.00395,two_grid,1288.67465014811,1288.561050701139,1288.7766245705338,4.469845121793014,3.781893701136965,4.669017570534237,1285.9522501066147,3.7692781066145926
-0.0059,-0.003933333333333333,two_grid,1288.654226984302,1288.5406929993,1288.7556088715678,4.449421957985123,3.7615359992980646,4.648001871568123,1285.9370100008994,3.7540380008992997
-0.005875,-0.003916666666666666,two_grid,1288.6337549364282,1288.5202901088155,1288.734536929105,4.428949910111214,3.741133108813592,4.626929929105181,1285.921769895184,3.738797895184007
-0.00585,-0.0039,two_grid,1288.6132351464094,1288.4998436706587,1288.7134099196978,4.408430120092362,3.7206866706566433,4.605802919698224,1285.906529789469,3.7235577894689413
-0.005825,-0.0038833333333333333,two_grid,1288.5926687561675,1288.479355325804,1288.6922290198995,4.387863729850551,3.700198325801906,4.5846220198998395,1285.8912896837537,3.7083176837536485
-0.0058000000000000005,-0.0038666666666666667,two_grid,1288.5720569076238,1288.458826715225,1288.6709954062624,4.367251881306856,3.679669715223159,4.563388406262614,1285.8760495780384,3.6930775780383556
-0.005775000000000001,-0.00385,two_grid,1288.5514007427,1288.4382594798963,1288.6497102553378,4.346595716383035,3.65910247989418,4.542103255338226,1285.8608094723231,3.6778374723230627
-0.00575,-0.003833333333333333,two_grid,1288.5307014033174,1288.417655260791,1288.6283747436792,4.32589637700039,3.638498260788974,4.520767743679489,1285.845569366608,3.662597366607997
-0.005725,-0.0038166666666666666,two_grid,1288.5099600313977,1288.3970156988842,1288.6069900478383,4.305155005080678,3.61785869888223,4.499383047838536,1285.8303292608928,3.6473572608927043
-0.0057,-0.0038,two_grid,1288.4891777688617,1288.376342435149,1288.5855573443678,4.284372742544747,3.5971854351468155,4.477950344368179,1285.8150891551775,3.6321171551774114
-0.005675,-0.0037833333333333334,two_grid,1288.4683557576313,1288.3556371105597,1288.5640778098207,4.2635507313143535,3.5764801105576463,4.456470809821007,1285.7998490494622,3.6168770494621185
-0.0056500000000000005,-0.003766666666666667,two_grid,1288.4474951396278,1288.3349013660902,1288.5425526207484,4.2426901133108,3.555744366088273,4.434945620748697,1285.7846089437471,3.601636943747053
-0.005625000000000001,-0.0037500000000000003,two_grid,1288.426597056773,1288.314136842715,1288.5209829537034,4.221792030456072,3.534979842712928,4.413375953703835,1285.7693688380318,3.58639683803176
-0.0056,-0.0037333333333333333,two_grid,1288.4056626509882,1288.2933451814074,1288.4993699852387,4.200857624671244,3.5141881814053906,4.391762985239009,1285.7541287323165,3.5711567323164672
-0.005575,-0.0037166666666666667,two_grid,1288.3846930641944,1288.272528023142,1288.4777148919063,4.17988803787739,3.4933710231401203,4.370107891906579,1285.7388886266012,3.5559166266011744
-0.00555,-0.0037,two_grid,1288.3636894383133,1288.2516870088923,1288.4560188502585,4.158884411996269,3.472530008890213,4.348411850258903,1285.7236485208862,3.540676520886109
-0.005525,-0.0036833333333333336,two_grid,1288.3426529152666,1288.2308237796326,1288.4342830368482,4.137847888949636,3.4516667796305844,4.326676036848569,1285.7084084151709,3.525436415170816
-0.0055000000000000005,-0.003666666666666667,two_grid,1288.3215846369756,1288.209939976337,1288.4125086282274,4.116779610658568,3.4307829763350126,4.304901628227708,1285.6931683094556,3.510196309455523
-0.005475,-0.0036499999999999996,two_grid,1288.3004857453616,1288.1890372399791,1288.3906968009483,4.095680719044594,3.4098802399770483,4.283089800948681,1285.6776046544041,3.4946326544040858
-0.00545,-0.003633333333333333,two_grid,1288.2793573823462,1288.168117211533,1288.368848731564,4.074552356029244,3.3889602115309243,4.261241731564302,1285.662040999353,3.479068999352876
-0.005425,-0.0036166666666666665,two_grid,1288.258200689851,1288.147181531973,1288.3469655966262,4.053395663534047,3.368024531971101,4.239358596626475,1285.6464773443015,3.4635053443014385
-0.0054,-0.0036,two_grid,1288.2370168097968,1288.1262318422728,1288.3250485726874,4.032211783479852,3.3470748422706746,4.217441572687787,1285.63091368925,3.447941689250001
-0.0053750000000000004,-0.0035833333333333333,two_grid,1288.215806884106,1288.1052697834066,1288.3030988363005,4.011001857789097,3.32611278340456,4.195491836300826,1285.6153500341986,3.432378034198564
-0.005350000000000001,-0.0035666666666666668,two_grid,1288.1945720546994,1288.0842969963483,1288.2811175640174,3.9897670283824027,3.305139996346308,4.173510564017723,1285.5997863791474,3.416814379147354
-0.005325,-0.0035499999999999998,two_grid,1288.1733134634987,1288.0633151220718,1288.2591059323909,3.968508437181754,3.2841581220699245,4.151498932391065,1285.584222724096,3.4012507240959167
-0.0053,-0.003533333333333333,two_grid,1288.1520322524252,1288.0423258015514,1288.2370651179724,3.9472272261082253,3.2631688015494147,4.129458117972757,1285.5686590690445,3.3856870690444794
-0.005275,-0.0035166666666666666,two_grid,1288.1307295634003,1288.0213306757607,1288.2149962973156,3.925924537083347,3.2421736757587842,4.107389297315842,1285.553095413993,3.370123413993042
-0.00525,-0.0035,two_grid,1288.1094065383459,1288.000331385674,1288.1929006469725,3.9046015120288757,3.2211743856720387,4.085293646972677,1285.537531758942,3.354559758941832
-0.0052250000000000005,-0.0034833333333333335,two_grid,1288.0880643191829,1287.9793295722652,1288.1707793434948,3.883259292865887,3.2001725722631837,4.063172343495169,1285.5219681038905,3.338996103890395
-0.005200000000000001,-0.003466666666666667,two_grid,1288.0667040478331,1287.9583268765082,1288.1486335634359,3.8618990215161375,3.179169876506225,4.041026563436131,1285.506404448839,3.3234324488389575
-0.005175,-0.00345,two_grid,1288.045326866218,1287.937324939377,1288.1264644833475,3.84052183990093,3.1581679393751676,4.018857483347696,1285.4908407937876,3.30786879378752
-0.00515,-0.0034333333333333334,two_grid,1288.0239339162583,1287.9163254018458,1288.104273279782,3.8191288899413394,3.13716840184379,3.99666627978245,1285.4752771387364,3.2923051387363103
-0.005125,-0.003416666666666667,two_grid,1288.0025263398763,1287.8953299048887,1288.0820611292927,3.79772131355935,3.11617290488678,3.974454129292981,1285.459713483685,3.276741483684873
-0.0051,-0.0034000000000000002,two_grid,1287.9811052789933,1287.8743400894791,1288.0598292084308,3.776300252676265,3.0951830894772336,3.9522222084309653,1285.4441498286335,3.2611778286334356
-0.0050750000000000005,-0.0033833333333333337,two_grid,1287.9596718755304,1287.8533575965916,1288.037578693749,3.7548668492133856,3.0742005965896113,3.929971693749445,1285.428586173582,3.2456141735819983
-0.005050000000000001,-0.003366666666666667,two_grid,1287.9382272714092,1287.8323840672,1288.0153107618005,3.7334222450922425,3.053227067198146,3.90770376180078,1285.4130225185309,3.2300505185307884
-0.005025,-0.0033499999999999997,two_grid,1287.9167726085514,1287.8114211422783,1287.993026589137,3.711967582234365,3.032264142276388,3.885419589137102,1285.3974588634794,3.214486863479351
-0.005,-0.003333333333333333,two_grid,1287.895309028878,1287.7904704628004,1287.9707273523106,3.690504002561056,3.0113134627983436,3.863120352310998,1285.381895208428,3.198923208427914
-0.004975,-0.0033166666666666665,two_grid,1287.873837674311,1287.7695336697407,1287.9484142278745,3.6690326479940722,2.9903766697387,3.8408072278748278,1285.3662338141587,3.183261814158641
-0.00495,-0.0033,two_grid,1287.8523596867715,1287.7486124040722,1287.9260883923805,3.647554660454489,2.969455404070326,3.8184813923807233,1285.3505724198892,3.1676004198891405
-0.0049250000000000006,-0.0032833333333333334,two_grid,1287.830876208181,1287.7277083067702,1287.9037510223814,3.626071181864063,2.948551306768137,3.796144022381726,1285.33491102562,3.1519390256198676
-0.0049,-0.0032666666666666664,two_grid,1287.8093883804606,1287.7068230188077,1287.881403294429,3.6045833541436423,2.927666018805683,3.7737962944292867,1285.3192496313504,3.1362776313503673
-0.004875,-0.00325,two_grid,1287.7878973455327,1287.685958181159,1287.8590463850767,3.583092319215666,2.906801181157198,3.751439385076901,1285.3035882370812,3.1206162370810944
-0.00485,-0.0032333333333333333,two_grid,1287.7664042453177,1287.6651154347985,1287.8366814708756,3.5615992190007546,2.8859584347964593,3.7290744708760193,1285.2879268428117,3.104954842811594
-0.004825,-0.0032166666666666667,two_grid,1287.7449102217377,1287.6442964207,1287.8143097283792,3.540105195420665,2.8651394206979277,3.706702728379456,1285.2722654485424,3.089293448542321
-0.0048000000000000004,-0.0032,two_grid,1287.7234164167141,1287.6235027798368,1287.7919323341393,3.5186113903971545,2.8443457798349265,3.68432533413957,1285.2566040542729,3.073632054272821
-0.004775000000000001,-0.0031833333333333336,two_grid,1287.701923972168,1287.6027361531837,1287.7695504647086,3.4971189458510707,2.8235791531816883,3.6619434647089495,1285.2409426600036,3.057970660003548
-0.00475,-0.0031666666666666666,two_grid,1287.680434030021,1287.5819981817147,1287.7471652966394,3.4756290037039435,2.802841181712674,3.6395582966397253,1285.225281265734,3.0423092657340476
-0.004725,-0.00315,two_grid,1287.6589477321945,1287.561290506403,1287.724778006484,3.45414270587753,2.782133506401207,3.6171710064842575,1285.2096198714648,3.0266478714647747
-0.0047,-0.0031333333333333335,two_grid,1287.6374662206103,1287.5406147682236,1287.7023897707945,3.4326611942933596,2.7614577682215202,3.5947827707949056,1285.1939584771956,3.0109864771955017
-0.004675,-0.003116666666666667,two_grid,1287.6159906371897,1287.51997260815,1287.6800017661242,3.411185610872735,2.7408156081480737,3.572394766124484,1285.178297082926,2.9953250829260014
-0.0046500000000000005,-0.0031000000000000003,two_grid,1287.5945221238537,1287.499365667156,1287.6576151690247,3.3897170975367317,2.720208667154191,3.5500081690248972,1285.1626356886568,2.9796636886567285
-0.004625000000000001,-0.0030833333333333338,two_grid,1287.5730618225243,1287.4787955862162,1287.6352311560488,3.3682567962073335,2.699638586214105,3.527624156049187,1285.1469742943873,2.964002294387228
-0.0046,-0.0030666666666666663,two_grid,1287.5516108751226,1287.458264006304,1287.6128509037487,3.346805848805616,2.679107006302049,3.5052439037490313,1285.131312900118,2.9483409001179552
-0.004575,-0.0030499999999999998,two_grid,1287.5301704235703,1287.4377725683937,1287.590475588677,3.3253653972533357,2.6586155683918005,3.4828685886772437,1285.1156515058485,2.932679505848455
-0.00455,-0.003033333333333333,two_grid,1287.5087416097888,1287.4173229134592,1287.5681063873858,3.3039365834717955,2.6381659134571382,3.460499387386184,1285.0999901115792,2.917018111579182
-0.004525,-0.0030166666666666666,two_grid,1287.4873255756995,1287.396916682475,1287.5457444764277,3.282520549382525,2.617759682472977,3.4381374764279844,1285.0843287173097,2.9013567173096817
-0.0045000000000000005,-0.003,two_grid,1287.4659234632236,1287.3765555164139,1287.523391032355,3.2611184369065995,2.5973985164119586,3.4157840323552318,1285.0686673230405,2.8856953230404088
-0.004475,-0.002983333333333333,two_grid,1287.4445364142828,1287.356241056251,1287.50104723172,3.239731387965776,2.5770840562489976,3.3934402317202856,1285.052664098578,2.8696920985778434
-0.00445,-0.0029666666666666665,two_grid,1287.4231655707988,1287.33597494296,1287.4787142510754,3.2183605444818113,2.5568179429580997,3.371107251075733,1285.0366608741151,2.8536888741150506
-0.004425,-0.00295,two_grid,1287.4018120746925,1287.3157588175147,1287.4563932669737,3.1970070483755535,2.5366018175128158,3.3487862669739332,1285.0206576496525,2.837685649652485
-0.0044,-0.0029333333333333334,two_grid,1287.3804770678862,1287.2955943208892,1287.4340854559664,3.1756720415692143,2.5164373208871513,3.3264784559667913,1285.0046544251898,2.8216824251896924
-0.004375,-0.002916666666666667,two_grid,1287.3591616923002,1287.2754830940578,1287.411791994607,3.1543566659831868,2.496326094055794,3.3041849946073487,1284.9886512007272,2.805679200727127
-0.004350000000000001,-0.0029000000000000002,two_grid,1287.3378670898567,1287.255426777994,1287.3895140594473,3.1330620635396826,2.476269777992067,3.281907059447511,1284.9726479762646,2.7896759762645615
-0.004325,-0.0028833333333333332,two_grid,1287.3165944024772,1287.235427013672,1287.3672528270397,3.1117893761602318,2.4562700136699767,3.259645827040091,1284.9566447518018,2.7736727518017688
-0.0043,-0.0028666666666666667,two_grid,1287.2953447720827,1287.215485442066,1287.345009473937,3.090539745765682,2.436328442063983,3.237402473937222,1284.9406415273393,2.7576695273392033
-0.004275,-0.00285,two_grid,1287.274119340595,1287.1956037041496,1287.322785176691,3.0693143142780173,2.4164467041476363,3.215178176691263,1284.9246383028765,2.7416663028764106
-0.00425,-0.0028333333333333335,two_grid,1287.252919249935,1287.1757834408972,1287.3005811118544,3.048114223618086,2.39662644089517,3.192974111854801,1284.908635078414,2.725663078413845
-0.0042250000000000005,-0.002816666666666667,two_grid,1287.231745642025,1287.1560262932826,1287.2783984559799,3.0269406157080994,2.3768692932805897,3.1707914559801957,1284.8926318539513,2.7096598539512797
-0.004200000000000001,-0.0028000000000000004,two_grid,1287.2105996587861,1287.1363339022796,1287.2562383856196,3.005794632469133,2.3571769022776734,3.1486313856198067,1284.8766286294886,2.693656629488487
-0.004175,-0.002783333333333333,two_grid,1287.1894824421393,1287.1167079088627,1287.2341020773256,2.9846774158222615,2.337550908860654,3.1264950773259934,1284.860625405026,2.6776534050259215
-0.00415,-0.0027666666666666664,two_grid,1287.168395134007,1287.0971499540055,1287.2119907076508,2.9635901076899245,2.3179929540035373,3.1043837076511154,1284.8446221805632,2.6616501805631287
-0.004125,-0.00275,two_grid,1287.1473388763095,1287.0776616786818,1287.1899054531475,2.9425338499925147,2.298504678679874,3.0822984531477595,1284.8286189561006,2.6456469561005633
-0.0041,-0.0027333333333333333,two_grid,1287.1263148109692,1287.0582447238662,1287.1678474903676,2.921509784652244,2.2790877238641243,3.060240490368058,1284.812615731638,2.629643731637998
-0.0040750000000000005,-0.0027166666666666667,two_grid,1287.105324079907,1287.0389007305328,1287.1458179958645,2.90051905358996,2.2597437305307486,3.038210995864825,1284.7966125071753,2.613640507175205
-0.00405,-0.0026999999999999997,two_grid,1287.0843678250444,1287.0196313396546,1287.1238181461895,2.87956279872742,2.2404743396526157,3.0162111461897383,1284.7806092827127,2.5976372827126397
-0.004025,-0.002683333333333333,two_grid,1287.0634471883031,1287.0004381922065,1287.1018491178954,2.858642161986154,2.221281192204413,2.994242117895839,1284.76460605825,2.581634058249847
-0.004,-0.0026666666666666666,two_grid,1287.0425633116047,1286.9813229291622,1287.079912087535,2.8377582852876913,2.2021659291601465,2.97230508753526,1284.7486028337873,2.5656308337872815
-0.003975,-0.00265,two_grid,1287.02171733687,1286.9622871914955,1287.0580082316603,2.816912310553107,2.1831301914935937,2.950401231660588,1284.732891684611,2.549919684611041
-0.00395,-0.0026333333333333334,two_grid,1287.0009104060211,1286.9433326201806,1287.0361387268238,2.7961053797041586,2.1641756201785336,2.9285317268241817,1284.7171805354349,2.5342085354348
-0.0039250000000000005,-0.002616666666666667,two_grid,1286.980143660979,1286.9244608561917,1287.0143047495776,2.775338634661921,2.1453038561896536,2.9066977495779467,1284.7014693862586,2.5184973862585593
-0.0039000000000000003,-0.0026,two_grid,1286.9594182436651,1286.9056735405022,1286.9925074764747,2.754613217348151,2.126516540500277,2.8849004764749244,1284.6857582370826,2.502786237082546
-0.003875,-0.0025833333333333333,two_grid,1286.9387352960016,1286.886972314087,1286.9707480840668,2.733930269684606,2.1078153140848643,2.863141084067247,1284.6700470879064,2.4870750879063053
-0.00385,-0.0025666666666666667,two_grid,1286.918095959909,1286.8683588179194,1286.949027748907,2.7132909335919067,2.089201817917421,2.8414207489072743,1284.6543359387301,2.4713639387300645
-0.0038250000000000003,-0.00255,two_grid,1286.8975013773093,1286.8498346929734,1286.9273476475473,2.6926963509922643,2.070677692971498,2.819740647547593,1284.638624789554,2.455652789553824
-0.0038,-0.002533333333333333,two_grid,1286.8769526901237,1286.8314015802237,1286.9057089565401,2.6721476638067543,2.052244580221555,2.7981019565405623,1284.6229136403776,2.439941640377583
-0.003775,-0.0025166666666666666,two_grid,1286.856451040274,1286.8130611206434,1286.8841128524377,2.6516460139569062,2.0339041206413713,2.7765058524380875,1284.6072024912014,2.4242304912013424
-0.0037500000000000003,-0.0025,two_grid,1286.835997569681,1286.7948149552067,1286.862560511793,2.6311925433640226,2.0156579552047242,2.75495351179321,1284.5914913420254,2.408519342025329
-0.003725,-0.002483333333333333,two_grid,1286.8155934202669,1286.776664724888,1286.841053111158,2.6107883939498606,1.9975077248860744,2.7334461111582895,1284.5757801928492,2.3928081928490883
-0.0037,-0.0024666666666666665,two_grid,1286.7952397339527,1286.7586120706612,1286.8195918270847,2.5904347076357226,1.9794550706592,2.7119848270850033,1284.560069043673,2.3770970436728476
-0.0036750000000000003,-0.00245,two_grid,1286.77493765266,1286.7406586334998,1286.7981778361263,2.570132626342911,1.961501633497879,2.6905708361266205,1284.5443578944967,2.361385894496607
-0.00365,-0.0024333333333333334,two_grid,1286.7546883183102,1286.7228060543782,1286.7768123148348,2.549883291993183,1.9436490543763447,2.669205314835046,1284.5286467453204,2.345674745320366
-0.003625,-0.002416666666666667,two_grid,1286.7344928728246,1286.7050559742709,1286.7554964397625,2.5296878465076134,1.92589897426883,2.6478894397628663,1284.5129355961442,2.3299635961441254
-0.0036000000000000003,-0.0024000000000000002,two_grid,1286.7143524581254,1286.6874100341508,1286.734231387462,2.5095474318084143,1.9082530341488855,2.626624387462214,1284.497224446968,2.3142524469678847
-0.003575,-0.0023833333333333332,two_grid,1286.6942682161327,1286.6698698749926,1286.713018334486,2.4894631898157513,1.8907128749907443,2.605411334486131,1284.481513297792,2.2985412977918713
-0.00355,-0.0023666666666666667,two_grid,1286.6742412887693,1286.6524371377707,1286.6921389410272,2.469436262452291,1.8732801377686392,2.584251457385839,1284.4658021486157,2.2828301486156306
-0.0035250000000000004,-0.00235,two_grid,1286.6542728179556,1286.635113463458,1286.6716240052883,2.4494677916386536,1.8559564634561212,2.5631459327150625,1284.4500909994395,2.26711899943939
-0.0035,-0.002333333333333333,two_grid,1286.6343639456138,1286.617492243522,1286.651235049153,2.4295589192968237,1.8387434930271958,2.5420959370252514,1284.4343798502632,2.251407850263149
-0.0034750000000000002,-0.0023166666666666665,two_grid,1286.6145158136646,1286.598200244905,1286.6312791006294,2.409710787347649,1.821642867456323,2.5211026468694473,1284.4183912591375,2.235419259137416
-0.0034500000000000004,-0.0023,two_grid,1286.5947295640303,1286.5789579961802,1286.6126022016042,2.389924537713341,1.8046562277168268,2.5001672387997824,1284.4024026680117,2.2194306680116824
-0.003425,-0.0022833333333333334,two_grid,1286.575006338632,1286.5597664370396,1286.5940491727874,2.3702013123149754,1.7877852147833946,2.479290889368389,1284.386414076886,2.203442076885949
-0.0034000000000000002,-0.002266666666666667,two_grid,1286.5553472793908,1286.540626507176,1286.575621888457,2.3505422530738542,1.7710314696295772,2.4584747751278537,1284.3704254857603,2.1874534857602157
-0.003375,-0.00225,two_grid,1286.5357535282287,1286.5215391462818,1286.5573222228902,2.3309485019117346,1.7543966332296077,2.437720072630991,1284.3544368946343,2.171464894634255
-0.00335,-0.0022333333333333333,two_grid,1286.516226227067,1286.5025052940491,1286.5391520503651,2.311421200749919,1.7378823465572641,2.4170279584294785,1284.3384483035086,2.1554763035085216
-0.0033250000000000003,-0.0022166666666666667,two_grid,1286.4967665178267,1286.4835258901708,1286.52111324516,2.29196149150971,1.7214902505867795,2.39639960907613,1284.3224597123829,2.1394877123827882
-0.0033,-0.0021999999999999997,two_grid,1286.4773755424296,1286.4646018743385,1286.5032076815523,2.272570516112637,1.705221986291932,2.375836201123533,1284.3064711212571,2.123499121257055
-0.003275,-0.002183333333333333,two_grid,1286.4580544427974,1286.445734186245,1286.4854372338198,2.2532494164804575,1.6890791946469543,2.355338911123592,1284.2904825301314,2.1075105301313215
-0.0032500000000000003,-0.0021666666666666666,two_grid,1286.4388043608512,1286.426923765583,1286.4678037762408,2.2339993345342464,1.6730635166258525,2.3349089156288936,1284.2744939390057,2.091521939005588
-0.003225,-0.00215,two_grid,1286.4196264385125,1286.4081715520445,1286.4503091830927,2.2148214121955334,1.6571765932021771,2.3145473911917978,1284.25850534788,2.0755333478798548
-0.0032,-0.0021333333333333334,two_grid,1286.4005218177033,1286.3894784853217,1286.4329553286534,2.195716791386303,1.6414200653501612,2.2942555143648913,1284.2425167567542,2.0595447567541214
-0.0031750000000000003,-0.002116666666666667,two_grid,1286.381491640344,1286.3708455051076,1286.4157440872007,2.1766866140269485,1.625795574044265,2.2740344617007615,1284.2265281656285,2.043556165628388
-0.00315,-0.0021,two_grid,1286.3625370483567,1286.352273551094,1286.3986773330128,2.1577320220396814,1.6103047602578118,2.253885409751085,1284.2105395745027,2.0275675745026547
-0.003125,-0.0020833333333333333,two_grid,1286.3436591836626,1286.3337635629732,1286.3817569403673,2.138854157345577,1.5949492649650348,2.233809535068904,1284.194550983377,2.0115789833769213
-0.0031000000000000003,-0.0020666666666666667,two_grid,1286.3248591881832,1286.3153164804385,1286.364984783542,2.1200541618661646,1.579730729140394,2.2138080142061227,1284.178562392251,1.9955903922509606
-0.003075,-0.0020499999999999997,two_grid,1286.3061382038404,1286.296933243181,1286.3483627368148,2.101333177523429,1.5646507937572132,2.193882023715556,1284.1625738011253,1.9796018011252272
-0.00305,-0.002033333333333333,two_grid,1286.287497372555,1286.278614790894,1286.3318926744632,2.082692346237991,1.5497110997897252,2.1740327401495634,1284.1465852099996,1.9636132099994938
-0.0030250000000000003,-0.0020166666666666666,two_grid,1286.2689378362488,1286.2603620632694,1286.315576470766,2.0641328099318343,1.534913288212163,2.154261340060277,1284.1305966188738,1.9476246188737605
-0.003,-0.002,three_grid,1286.2504607368433,1286.242176,1286.299416,2.045655710526262,1.5202589999980773,2.1345690000002833,1284.114608027748,1.9316360277480271
-0.002975,-0.0019833333333333335,three_grid,1286.232036937498,1286.2232831758197,1286.2841024564661,2.027231911180934,1.5049454564641565,2.115676175819999,1284.098541604002,1.9155696040020302
-0.00295,-0.0019666666666666665,three_grid,1286.2136365356803,1286.2044095286658,1286.2688259112297,2.00883150936329,1.4896689112276817,2.096802528666103,1284.0824751802559,1.899503180255806
-0.002925,-0.00195,three_grid,1286.1952595247744,1286.1855550430341,1286.2535865537168,1.9904544984574386,1.4744295537147991,2.0779480430344393,1284.0664087565099,1.8834367565098091
-0.0029000000000000002,-0.0019333333333333333,three_grid,1286.1769058981638,1286.166719703421,1286.2383845733532,1.9721008718468056,1.4592275733511997,2.059112703421306,1284.0503423327639,1.8673703327638123
-0.002875,-0.0019166666666666666,three_grid,1286.1585756492318,1286.1479034943234,1286.2232201595648,1.953770622914817,1.444063159562802,2.040296494323684,1284.0342759090179,1.8513039090178154
-0.00285,-0.0019,three_grid,1286.1402687713623,1286.1291064002367,1286.2080935017777,1.9354637450453538,1.4289365017757518,2.021499400236962,1284.0182094852719,1.8352374852718185
-0.0028250000000000003,-0.0018833333333333334,three_grid,1286.121985257939,1286.1103284056578,1286.1930047894182,1.9171802316220692,1.4138477894161952,2.0027214056581215,1284.0021430615257,1.8191710615255943
-0.0028,-0.0018666666666666666,three_grid,1286.1037251023454,1286.0915694950825,1286.1779542119114,1.8989200760283893,1.3987972119093683,1.9839624950827783,1283.9860766377797,1.8031046377795974
-0.002775,-0.00185,three_grid,1286.0854882979652,1286.0728296530076,1286.1629419586839,1.880683271648195,1.383784958681872,1.9652226530079133,1283.9700102140337,1.7870382140336005
-0.0027500000000000003,-0.0018333333333333335,three_grid,1286.067274838182,1286.0541088639288,1286.1479682191614,1.8624698118649121,1.3688112191593973,1.946501863929143,1283.9539437902877,1.7709717902876037
-0.002725,-0.0018166666666666665,three_grid,1286.0490847163796,1286.035407112343,1286.1330331827699,1.844279690062649,1.3538761827678627,1.9278001123432205,1283.9378773665414,1.7549053665413794
-0.0027,-0.0018,three_grid,1286.0309179259411,1286.016724382746,1286.1181370389352,1.8261128996241496,1.3389800389331867,1.9091173827462171,1283.9218109427954,1.7388389427953825
-0.0026750000000000003,-0.0017833333333333334,three_grid,1286.0127744602512,1285.9980606596343,1286.103279977083,1.807969433934204,1.3241229770810605,1.8904536596346588,1283.9057445190494,1.7227725190493857
-0.00265,-0.0017666666666666666,three_grid,1285.9946543126923,1285.9794159275039,1286.08846218664,1.789849286375329,1.3093051866380847,1.871808927504162,1283.8896780953032,1.7067060953031614
-0.002625,-0.00175,three_grid,1285.976557476649,1285.9607901708514,1286.0736838570317,1.7717524503320874,1.294526857029723,1.8531831708517075,1283.8736116715572,1.6906396715571645
-0.0026000000000000003,-0.0017333333333333335,three_grid,1285.9584839455044,1285.942183374173,1286.058945177684,1.7536789191874504,1.2797881776821214,1.8345763741733663,1283.8575452478112,1.6745732478111677
-0.002575,-0.0017166666666666667,three_grid,1285.9404337126425,1285.923595521965,1286.0442463380227,1.7356286863255264,1.2650893380207435,1.8159885219652097,1283.8414788240652,1.6585068240651708
-0.00255,-0.0017000000000000001,three_grid,1285.9224067714467,1285.9050265987235,1286.0295875274742,1.7176017451297412,1.25043052747219,1.7974195987237636,1283.8254124003192,1.642440400319174
-0.0025250000000000003,-0.0016833333333333336,three_grid,1285.9044031153005,1285.886476588945,1286.014968935464,1.699598088983521,1.2358119354619248,1.7788695889453265,1283.809345976573,1.6263739765729497
-0.0025,-0.0016666666666666666,three_grid,1285.8864227375882,1285.8679454771257,1286.0003907514176,1.6816177112712012,1.2212337514156388,1.7603384771259698,1283.793279552827,1.6103075528269528
-0.002475,-0.00165,three_grid,1285.8684656316925,1285.8494332477617,1285.9858531647621,1.6636606053755258,1.2066961647601602,1.741826247761992,1283.7769016984626,1.5939296984624889
-0.00245,-0.0016333333333333332,three_grid,1285.8505317909976,1285.8309398853494,1285.971356364923,1.645726764680603,1.1921993649209526,1.7233328853496914,1283.7605238440983,1.5775518440982523
-0.002425,-0.0016166666666666666,three_grid,1285.8326212088873,1285.8124653743855,1285.9569005413257,1.6278161825703137,1.1777435413237072,1.7048583743858217,1283.7441459897339,1.5611739897337884
-0.0024000000000000002,-0.0016,three_grid,1285.8147338787448,1285.794009699366,1285.9424858833968,1.6099288524278563,1.1633288833947972,1.6864026993662264,1283.7277681353696,1.5447961353695518
-0.002375,-0.0015833333333333333,three_grid,1285.7968697939539,1285.7755728447864,1285.9281125805617,1.5920647676368844,1.1489555805596865,1.6679658447867496,1283.7113902810052,1.528418281005088
-0.00235,-0.0015666666666666667,three_grid,1285.7790289478985,1285.757154795144,1285.9137808222467,1.5742239215815061,1.1346238222447482,1.6495477951443718,1283.695012426641,1.5120404266408514
-0.0023250000000000002,-0.0015500000000000002,three_grid,1285.761211333962,1285.7387555349349,1285.8994907978774,1.5564063076449202,1.1203337978754462,1.6311485349351642,1283.6786345722765,1.4956625722763874
-0.0023,-0.0015333333333333332,three_grid,1285.743416945528,1285.7203750486551,1285.88524269688,1.5386119192110073,1.1060856968779262,1.6127680486554254,1283.6622567179122,1.4792847179121509
-0.002275,-0.0015166666666666666,three_grid,1285.7256457759802,1285.7020133208007,1285.8710367086805,1.5208407496631935,1.0918797086785617,1.5944063208009993,1283.6458788635478,1.462906863547687
-0.0022500000000000003,-0.0015,three_grid,1285.7078978187021,1285.6836703358686,1285.8568730227048,1.5030927923851323,1.0777160227028162,1.5760633358688665,1283.6295010091835,1.4465290091834504
-0.002225,-0.0014833333333333332,three_grid,1285.690173067078,1285.6653460783543,1285.8427518283788,1.4853680407609318,1.0635948283768357,1.5577390783546434,1283.613123154819,1.4301511548189865
-0.0022,-0.0014666666666666667,three_grid,1285.6724715144906,1285.647040532755,1285.8286733151283,1.4676664881735633,1.0495163151263114,1.5394335327553108,1283.5967453004546,1.4137733004545225
-0.0021750000000000003,-0.0014500000000000001,three_grid,1285.654793154324,1285.6287536835662,1285.8146376723794,1.4499881280069076,1.035480672377389,1.521146683566485,1283.5803674460903,1.397395446090286
-0.00215,-0.0014333333333333333,three_grid,1285.6371379799616,1285.6104855152846,1285.8006450895577,1.432332953644618,1.0214880895557599,1.5028785152849196,1283.5639895917259,1.381017591725822
-0.002125,-0.0014166666666666668,three_grid,1285.6195059847876,1285.5922360124064,1285.7866957560896,1.4147009584705756,1.0075387560875697,1.4846290124066854,1283.5476117373616,1.3646397373615855
-0.0021000000000000003,-0.0014000000000000002,three_grid,1285.6018971621852,1285.5740051594278,1285.7727898614007,1.3970921358682062,0.9936328613987371,1.4663981594280813,1283.5312338829972,1.3482618829971216
-0.002075,-0.0013833333333333332,three_grid,1285.584311505538,1285.555792940845,1285.7589275949172,1.379506479220936,0.9797705949151805,1.4481859408454056,1283.514856028633,1.331884028632885
-0.00205,-0.0013666666666666666,three_grid,1285.5667490082299,1285.5375993411546,1285.745109146065,1.361943981912873,0.9659521460630458,1.429992341154957,1283.4984781742685,1.315506174268421
-0.002025,-0.0013499999999999999,three_grid,1285.5492096636444,1285.5194243448525,1285.73133470427,1.3444046373274432,0.9521777042680242,1.4118173448528069,1283.4821003199042,1.2991283199041845
-0.002,-0.0013333333333333333,three_grid,1285.531693465165,1285.5012679364352,1285.7176044589578,1.3268884388480728,0.9384474589558067,1.3936609364354808,1283.4657224655398,1.2827504655397206
-0.001975,-0.0013166666666666667,three_grid,1285.5142004061756,1285.4831301003987,1285.7039185995548,1.3093953798586426,0.9247615995527667,1.3755231003990502,1283.449486003554,1.2665140035539935
-0.0019500000000000001,-0.0013,three_grid,1285.49673048006,1285.46501082124,1285.6902773154866,1.2919254537430334,0.9111203154845953,1.3574038212402684,1283.4332495415683,1.2502775415682663
-0.001925,-0.0012833333333333334,three_grid,1285.4792836802012,1285.4469100834544,1285.6766807961794,1.2744786538842163,0.8975237961774383,1.3393030834547517,1283.4170130795828,1.2340410795827665
-0.0019,-0.0012666666666666666,three_grid,1285.4618599999833,1285.428827871539,1285.663129231059,1.2570549736662997,0.8839722310569869,1.3212208715392535,1283.400776617597,1.2178046175970394
-0.0018750000000000001,-0.00125,three_grid,1285.4444594327902,1285.4107641699893,1285.6496228095514,1.2396544064731643,0.8704658095493869,1.3031571699896176,1283.3845401556114,1.2015681556113122
-0.00185,-0.0012333333333333332,three_grid,1285.427081972005,1285.3927189633023,1285.6361617210825,1.2222769456880087,0.8570047210805569,1.2851119633025974,1283.3683036936256,1.185331693625585
-0.001825,-0.0012166666666666667,three_grid,1285.4097276110112,1285.374692235974,1285.6227461550782,1.204922584694259,0.843589155076188,1.267085235974264,1283.35206723164,1.169095231639858
-0.0018000000000000002,-0.0012000000000000001,three_grid,1285.392396343193,1285.3566839725008,1285.6093763009644,1.1875913168760235,0.8302193009624261,1.2490769725011432,1283.3358307696544,1.1528587696543582
-0.001775,-0.0011833333333333333,three_grid,1285.375088161934,1285.3386941573785,1285.5960523481672,1.1702831356169554,0.8168953481651897,1.2310871573788518,1283.3195943076687,1.136622307668631
-0.00175,-0.0011666666666666665,three_grid,1285.3578030606175,1285.320722775104,1285.582774486112,1.1529980343004809,0.8036174861099425,1.2131157751043702,1283.303357845683,1.120385845682904
-0.0017250000000000002,-0.00115,three_grid,1285.3405410326275,1285.302769810173,1285.5695429042255,1.1357360063104807,0.7903859042235126,1.195162810173315,1283.2871213836972,1.1041493836971767
-0.0017000000000000001,-0.0011333333333333334,three_grid,1285.3233020713471,1285.2848352470824,1285.5563577919336,1.1184970450301535,0.7772007919315911,1.1772282470826667,1283.2708849217115,1.0879129217114496
-0.001675,-0.0011166666666666666,three_grid,1285.3060861701606,1285.266919070328,1285.5432193386616,1.1012811438436074,0.7640623386596417,1.1593120703282693,1283.254648459726,1.0716764597259498
-0.00165,-0.0010999999999999998,three_grid,1285.2888933224513,1285.2490212644063,1285.530127733836,1.0840882961342686,0.7509707338340377,1.1414142644066487,1283.2384119977403,1.0554399977402227
-0.0016250000000000001,-0.0010833333333333333,three_grid,1285.2717235216026,1285.2311418138133,1285.517083166882,1.066918495285563,0.7379261668800154,1.1235348138136487,1283.2221755357546,1.0392035357544955
-0.0016,-0.0010666666666666667,three_grid,1285.2545767609986,1285.213280703046,1285.5040858272268,1.049771734681599,0.7249288272248577,1.10567370304625,1283.2059390737688,1.0229670737687684
-0.001575,-0.00105,three_grid,1285.2374530340226,1285.1954379165998,1285.4911359042949,1.0326480077055749,0.7119789042928915,1.087830916600069,1283.189702611783,1.0067306117830412
-0.0015500000000000002,-0.0010333333333333334,three_grid,1285.2203523340584,1285.1776134389713,1285.478233587513,1.0155473077413717,0.6990765875109446,1.0700064389716317,1283.1734661497976,0.9904941497975415
-0.001525,-0.0010166666666666666,three_grid,1285.2032746544899,1285.1598072546572,1285.4653790663074,0.9984696281728702,0.6862220663053904,1.052200254657464,1283.1572296878119,0.9742576878118143
-0.0015,-0.001,three_grid,1285.1862199887003,1285.1420193481529,1285.4525725301032,0.9814149623832691,0.6734155301012379,1.0344123481531824,1283.1409932258262,0.9580212258260872
-0.001475,-0.0009833333333333332,three_grid,1285.1691883300734,1285.1242497039555,1285.4398141683268,0.9643833037564491,0.6606571683248603,1.0166427039557675,1283.1245111371052,0.9415391371051101
-0.0014500000000000001,-0.0009666666666666667,three_grid,1285.1521796719928,1285.1064983065605,1285.4271041704042,0.9473746456758363,0.6479471704021762,0.9988913065608358,1283.1080290483844,0.9250570483843603
-0.001425,-0.00095,three_grid,1285.1351940078423,1285.0887651404653,1285.414442725761,0.9303889815253115,0.635285725759104,0.9811581404655954,1283.0915469596634,0.9085749596633832
-0.0014,-0.0009333333333333333,three_grid,1285.1182313310055,1285.0710501901651,1285.4018300238235,0.913426304688528,0.6226730238215623,0.9634431901654352,1283.0750648709425,0.8920928709424061
-0.0013750000000000001,-0.0009166666666666668,three_grid,1285.101291634866,1285.0533534401568,1285.3892662540172,0.896486608548912,0.6101092540152422,0.9457464401571087,1283.0585827822215,0.875610782221429
-0.00135,-0.0009,three_grid,1285.0843749128073,1285.0356748749361,1285.3767516057685,0.8795698864903443,0.5975946057665169,0.9280678749364597,1283.0421006935007,0.8591286935006792
-0.001325,-0.0008833333333333333,three_grid,1285.067481158213,1285.0180144790004,1285.364286268503,0.8626761318960234,0.5851292685010776,0.9104074790006962,1283.0256186047798,0.8426466047797021
-0.0013000000000000002,-0.0008666666666666667,three_grid,1285.0506103644673,1285.0003722368444,1285.351870431647,0.845805338150285,0.5727134316450702,0.8927652368447525,1283.0091365160588,0.826164516058725
-0.001275,-0.0008500000000000001,three_grid,1285.033762524953,1284.9827481329658,1285.3395042846262,0.8289574986361004,0.5603472846241857,0.8751411329660641,1282.9926544273378,0.8096824273377479
-0.00125,-0.0008333333333333333,three_grid,1285.0169376330543,1284.96514215186,1285.3271880168663,0.8121326067373502,0.5480310168643427,0.8575351518602474,1282.9761723386168,0.7932003386167708
-0.001225,-0.0008166666666666666,three_grid,1285.0001356821547,1284.9475542780235,1285.3149218177937,0.795330655837688,0.5357648177916872,0.8399472780238284,1282.959690249896,0.776718249896021
-0.0012000000000000001,-0.0008,three_grid,1284.983356665638,1284.9299844959528,1285.302705876834,0.7785516393209946,0.5235488768319101,0.8223774959531056,1282.943208161175,0.7602361611750439
-0.001175,-0.0007833333333333334,three_grid,1284.9666005768877,1284.9124327901438,1285.2905403834131,0.7617955505706959,0.5113833834111574,0.8048257901441502,1282.9267260724541,0.7437540724540668
-0.00115,-0.0007666666666666666,three_grid,1284.9498674092872,1284.8948991450934,1285.2784255269573,0.7450623829702181,0.4992685269553476,0.7872921450937156,1282.9102439837332,0.7272719837330897
-0.0011250000000000001,-0.00075,three_grid,1284.9331571562207,1284.877383545297,1285.2663614968924,0.7283521299036693,0.48720449689039924,0.7697765452974181,1282.8937618950124,0.7107898950123399
-0.0011,-0.0007333333333333333,three_grid,1284.9164698110715,1284.8598859752517,1285.254348482644,0.7116647847544755,0.4751914826420034,0.7522789752520112,1282.8772798062914,0.6943078062913628
-0.001075,-0.0007166666666666667,three_grid,1284.8998053672228,1284.8424064194535,1285.2423866736385,0.6950003409058354,0.46322967363653333,0.7347994194537932,1282.8607977175704,0.6778257175703857
-0.0010500000000000002,-0.0007000000000000001,three_grid,1284.883163818059,1284.8249448623983,1285.2304762593017,0.6783587917420846,0.4513192592996802,0.7173378623986082,1282.8443156288497,0.6613436288496359
-0.001025,-0.0006833333333333333,three_grid,1284.8665451569636,1284.807501288583,1285.2186174290591,0.661740130646649,0.4394604290571351,0.6998942885832093,1282.8278335401287,0.6448615401286588
-0.001,-0.0006666666666666666,three_grid,1284.8499493773202,1284.790075682503,1285.206810372337,0.6451443510031822,0.42765337233504397,0.6824686825032131,1282.8113514514077,0.6283794514076817
-0.0009750000000000001,-0.00065,three_grid,1284.833376472512,1284.7726680286557,1285.1950552785613,0.6285714461951102,0.41589827855932526,0.665061028656055,1282.795095448806,0.6121234488059599
-0.00095,-0.0006333333333333333,three_grid,1284.816826435923,1284.7552783115366,1285.1833523371583,0.6120214096060863,0.40419533715635225,0.6476713115368966,1282.778839446204,0.5958674462040108
-0.000925,-0.0006166666666666666,three_grid,1284.800299260937,1284.7379065156424,1285.1717017375536,0.5954942346199914,0.3925447375515887,0.6302995156427187,1282.7625834436024,0.579611443602289
-0.0009000000000000001,-0.0006000000000000001,three_grid,1284.7837949409372,1284.7205526254688,1285.160103669173,0.5789899146202515,0.3809466691709531,0.6129456254691377,1282.7463274410004,0.5633554410003399
-0.000875,-0.0005833333333333333,three_grid,1284.7673134693077,1284.7032166255128,1285.1485583214424,0.5625084429907474,0.36940132144036397,0.5956096255131342,1282.7300714383985,0.5470994383983907
-0.0008500000000000001,-0.0005666666666666667,three_grid,1284.7508548394317,1284.68589850027,1285.1370658837882,0.5460498131146778,0.35790888378619456,0.5782915002703248,1282.7138154357967,0.5308434357966689
-0.000825,-0.0005499999999999999,three_grid,1284.7344190446934,1284.6685982342374,1285.1256265456357,0.5296140183763782,0.34646954563368126,0.5609912342376902,1282.6975594331948,0.5145874331947198
-0.0008,-0.0005333333333333334,three_grid,1284.7180060784758,1284.6513158119108,1285.1142404964114,0.51320105215882,0.3350834964094247,0.543708811911074,1282.681303430593,0.498331430592998
-0.0007750000000000001,-0.0005166666666666667,three_grid,1284.7016159341629,1284.6340512177865,1285.102907925541,0.4968109078458838,0.323750925539116,0.526444217786775,1282.6650474279913,0.48207542799127623
-0.00075,-0.0005,three_grid,1284.6852486051382,1284.6168044363608,1285.0916290224504,0.4804435788212231,0.3124720224484463,0.5091974363610916,1282.6487914253894,0.4658194253893271
-0.0007250000000000001,-0.00048333333333333334,three_grid,1284.6689040847857,1284.59957545213,1285.0804039765658,0.4640990584687188,0.30124697656378885,0.4919684521303225,1282.6325354227877,0.4495634227876053
-0.0007,-0.00046666666666666666,three_grid,1284.6525823664888,1284.5823642495905,1285.0692329773128,0.4477773401717968,0.2900759773108348,0.47475724959076615,1282.6162794201857,0.43330742018565616
-0.000675,-0.00045,three_grid,1284.6362834436309,1284.5651708132384,1285.0581162141175,0.43147841731388326,0.2789592141155026,0.4575638132387212,1282.600023417584,0.4170514175839344
-0.0006500000000000001,-0.00043333333333333337,three_grid,1284.620007309596,1284.5479951275702,1285.0470538764052,0.41520228327908626,0.2678968764032561,0.4403881275704862,1282.583767414982,0.40079541498198523
-0.000625,-0.00041666666666666664,three_grid,1284.6037539577676,1284.5308371770816,1285.0360461536031,0.3989489314506045,0.2568891536011506,0.4232301770819049,1282.56751141238,0.3845394123800361
-0.0006000000000000001,-0.0004,three_grid,1284.587523381529,1284.5136969462699,1285.0250932351362,0.3827183552120914,0.24593623513419516,0.40608994627018546,1282.5512554097784,0.3682834097783143
-0.000575,-0.0003833333333333333,three_grid,1284.5713155742646,1284.4965744196304,1285.0141953104308,0.36651054794765514,0.235038310428763,0.3889674196307169,1282.5349994071764,0.35202740717636516
-0.00055,-0.00036666666666666667,three_grid,1284.5551305293575,1284.47946958166,1285.0033525689128,0.35032550304049437,0.22419556891077264,0.37186258166025254,1282.5187434045747,0.3357714045746434
-0.0005250000000000001,-0.00035000000000000005,three_grid,1284.5389682401915,1284.4623824168546,1284.992565200008,0.3341632138744899,0.2134082000059152,0.3547754168548636,1282.502487401973,0.3195154019729216
-0.0005,-0.0003333333333333333,three_grid,1284.52282870015,1284.4453129097108,1284.9818333931423,0.31802367383306773,0.20267639314033659,0.33770590971107595,1282.486231399371,0.30325939937097246
-0.000475,-0.00031666666666666665,three_grid,1284.506711902617,1284.4282610447242,1284.9711573377417,0.3019068763001087,0.1920003377397279,0.3206540447245061,1282.4710684294025,0.28809642940245794
-0.00045000000000000004,-0.00030000000000000003,three_grid,1284.4906178409763,1284.4112268063923,1284.9605372232322,0.2858128146592662,0.18138022323023506,0.30361980639258945,1282.455905459434,0.2729334594339434
-0.00042500000000000003,-0.00028333333333333335,three_grid,1284.474546508611,1284.3942101792102,1284.9499732390398,0.26974148229396633,0.17081623903777654,0.2866031792104877,1282.4407424894655,0.2577704894654289
-0.0004,-0.0002666666666666667,three_grid,1284.4584978989046,1284.3772111476749,1284.9394655745905,0.25369287258763507,0.16030857458849823,0.2696041476751816,1282.4255795194968,0.24260751949668702
-0.000375,-0.00025,three_grid,1284.4424720052416,1284.3602296962822,1284.9290144193096,0.23766697892460797,0.14985741930763652,0.2526226962825149,1282.4104165495282,0.2274445495281725
-0.00035,-0.00023333333333333333,three_grid,1284.4264688210046,1284.3432658095287,1284.918619962624,0.22166379468762898,0.1394629626220194,0.23565880952901352,1282.3952535795597,0.21228157955965798
-0.00032500000000000004,-0.00021666666666666668,three_grid,1284.4104883395783,1284.3263194719102,1284.9082823939589,0.205683313261261,0.12912539395688327,0.21871247191052134,1282.3800906095912,0.19711860959114347
-0.00030000000000000003,-0.0002,three_grid,1284.3945305543455,1284.309390667924,1284.8980019027408,0.1897255280284753,0.11884490273882875,0.2017836679242464,1282.3649276396227,0.18195563962262895
-0.000275,-0.00018333333333333334,three_grid,1284.3785954586904,1284.2924793820653,1284.8877786783946,0.1737904323733801,0.10862167839263748,0.18487238206557777,1282.3497646696542,0.16679266965411443
-0.00025,-0.00016666666666666666,three_grid,1284.3626830459964,1284.275585598831,1284.8776129103476,0.1578780196794014,0.0984559103455922,0.16797859883126876,1282.3346016996854,0.15162969968537254
-0.00022500000000000002,-0.00015000000000000001,three_grid,1284.3467933096467,1284.258709302717,1284.867504788025,0.1419882833297379,0.08834778802292931,0.15110230271739056,1282.319438729717,0.13646672971685803
-0.0002,-0.00013333333333333334,three_grid,1284.3309262430257,1284.24185047822,1284.8574545008526,0.12612121670872511,0.0782975008505673,0.13424347822024174,1282.3042757597484,0.12130375974834351
-0.000175,-0.00011666666666666667,three_grid,1284.315081839517,1284.2250091098356,1284.8474622382566,0.11027681320001648,0.06830523825465207,0.1174021098358935,1282.28911278978,0.10614078977982899
-0.00015000000000000001,-0.0001,three_grid,1284.2992600925036,1284.208185182061,1284.837528189663,0.09445506618658328,0.05837118966110211,0.10057818206132652,1282.2739498198114,0.09097781981131448
-0.000125,-8.333333333333333e-05,three_grid,1284.2834609953695,1284.1913786793918,1284.8276525444978,0.07865596905253369,0.04849554449583593,0.08377167939215724,1282.2587868498429,0.07581484984279996
-0.0001,-6.666666666666667e-05,three_grid,1284.2676845414987,1284.1745895863246,1284.8178354921868,0.0628795151817485,0.03867849218477204,0.06698258632491161,1282.2436238798743,0.06065187987428544
-7.500000000000001e-05,-5e-05,three_grid,1284.2519307242744,1284.1578178873553,1284.8080772221554,0.04712569795742638,0.028920222153374198,0.050210887355660816,1282.2284609099056,0.04548890990554355
-5e-05,-3.3333333333333335e-05,three_grid,1284.2361995370802,1284.1410635669808,1284.7983779238302,0.03139451076322075,0.01922092382824303,0.033456566981158176,1282.213297939937,0.030325939937029034
-2.5e-05,-1.6666666666666667e-05,three_grid,1284.2204909732998,1284.1243266096965,1284.788737786637,0.015685946982785026,0.009580786635069671,0.01671960969679276,1282.1981349699686,0.015162969968514517
-0.0,-0.0,three_grid,1284.204805026317,1284.1076069999997,1284.779157000002,0.0,0.0,0.0,1282.182972,0.0
0.0,0.0,three_grid,1284.204805026317,1284.1076069999997,1284.779157000002,0.0,0.0,0.0,1282.182972,0.0
2.5e-05,1.6666666666666667e-05,three_grid,1284.2208051117047,1284.1247977100663,1284.7881256773203,0.0160000853877591,0.008968677318307527,0.017190710066643078,1282.1977728684078,0.014800868407746748
5e-05,3.3333333333333335e-05,three_grid,1284.2368270567424,1284.1420038929268,1284.7971620197384,0.03202203042542351,0.01800501973639257,0.034396892927134104,1282.2125737368158,0.02960173681572087
7.500000000000001e-05,5e-05,three_grid,1284.2528708701195,1284.1592255659655,1284.8062657777725,0.04806584380253298,0.027108777770536108,0.05161856596578218,1282.2273746052235,0.04440260522346762
0.0001,6.666666666666667e-05,three_grid,1284.268936560524,1284.1764627465652,1284.8154367019379,0.06413153420703566,0.03627970193588226,0.06885574656553217,1282.2421754736313,0.059203473631214365
0.000125,8.333333333333333e-05,three_grid,1284.2850241366452,1284.19371545211,1284.824674542751,0.08021911032824391,0.04551754274893938,0.08610845211023843,1282.2569763420393,0.07400434203918849
0.00015000000000000001,0.0001,three_grid,1284.3011336071716,1284.2109836999834,1284.833979050728,0.09632858085456064,0.05482205072598845,0.10337669998375532,1282.271777210447,0.08880521044693523
0.000175,0.00011666666666666667,three_grid,1284.317264980792,1284.2282675075699,1284.8433499763848,0.11245995447507084,0.0641929763828557,0.12066050757016455,1282.2865780788547,0.10360607885468198
0.0002,0.00013333333333333334,three_grid,1284.333418266195,1284.2455668922523,1284.8527870702371,0.12861323987795004,0.07363007023514001,0.13795989225263838,1282.3013789472625,0.11840694726242873
0.00022500000000000002,0.00015000000000000001,three_grid,1284.3495934720693,1284.2628818714145,1284.8622900828013,0.14478844575228322,0.08313308279934972,0.15527487141480378,1282.3161798156705,0.13320781567040285
0.00025,0.00016666666666666666,three_grid,1284.3657906071037,1284.2802124624407,1284.871858764593,0.16098558078670067,0.0927017645910837,0.17260546244096986,1282.3309806840782,0.1480086840781496
0.000275,0.00018333333333333334,three_grid,1284.3820096799866,1284.2975586827145,1284.8814928661284,0.17720465366960525,0.10233586612639556,0.1899516827147636,1282.345781552486,0.16280955248589635
0.00030000000000000003,0.0002,three_grid,1284.3982506994075,1284.314920549619,1284.891192137923,0.19344567309053673,0.11203513792111153,0.20731354961935722,1282.360582420894,0.17761042089387047
0.00032500000000000004,0.00021666666666666668,three_grid,1284.4145136740542,1284.3322980805385,1284.9009563304935,0.20970864773721587,0.12179933049151259,0.22469108053883247,1282.3753832893017,0.19241128930161722
0.00035,0.00023333333333333333,three_grid,1284.4307986126162,1284.3496912928565,1284.9107851943556,0.22599358629918243,0.13162819435365236,0.24208429285681632,1282.3901841577094,0.20721215770936396
0.000375,0.00025,three_grid,1284.4471055237814,1284.367100203957,1284.9206784800253,0.24230049746438453,0.14152148002335707,0.2594932039573905,1282.4049850261174,0.22201302611733809
0.0004,0.0002666666666666667,three_grid,1284.4634344162396,1284.3845248312234,1284.9306359380187,0.2586293899225893,0.15147893801668033,0.27691783122372726,1282.4197858945251,0.23681389452508483
0.00042500000000000003,0.00028333333333333335,three_grid,1284.4797852986783,1284.4019651920394,1284.9406573188514,0.2749802723612902,0.16150031884944838,0.29435819203968094,1282.434586762933,0.2516147629328316
0.00045000000000000004,0.00030000000000000003,three_grid,1284.496158179787,1284.419421303789,1284.9507423730397,0.2913531534700269,0.17158537303771482,0.3118143037893333,1282.4493876313406,0.26641563134057833
0.000475,0.00031666666666666665,three_grid,1284.5125530682544,1284.4368931838558,1284.9608908510993,0.30774804193742966,0.1817338510973059,0.3292861838560839,1282.4641884997486,0.28121649974855245
0.0005,0.0003333333333333333,three_grid,1284.5289699727691,1284.4543808496232,1284.9711025035465,0.3241649464521288,0.19194550354450257,0.3467738496235597,1282.4789893681564,0.2960173681562992
0.0005250000000000001,0.00035000000000000005,three_grid,1284.5454089020197,1284.4718843184753,1284.9813770808973,0.3406038757027545,0.20222008089535848,0.3642773184756152,1282.4958210957923,0.31284909579221676
0.00055,0.00036666666666666667,three_grid,1284.5618698646947,1284.4894036077956,1284.9917143336677,0.35706483837770975,0.21255733366569984,0.3817966077958772,1282.5126528234284,0.3296808234283617
0.000575,0.0003833333333333333,three_grid,1284.5783528694835,1284.5069387349683,1285.0021140123736,0.3735478431665342,0.22295701237158028,0.39933173496865493,1282.5294845510643,0.34651255106427925
0.0006000000000000001,0.0004,three_grid,1284.5948579250742,1284.5244897173766,1285.0125758675308,0.3900528987571761,0.233418867528826,0.4168827173768932,1282.5463162787003,0.3633442787001968
0.000625,0.00041666666666666664,three_grid,1284.611385040156,1284.5420565724041,1285.0230996496555,0.4065800138389477,0.24394264965349066,0.43444957240444637,1282.5631480063362,0.38017600633611437
0.0006500000000000001,0.00043333333333333337,three_grid,1284.627934223417,1284.5596393174349,1285.0336851092634,0.4231291971000246,0.25452810926140046,0.4520323174351688,1282.5799797339723,0.3970077339722593
0.000675,0.00045,three_grid,1284.6445054835467,1284.5772379698526,1285.0443319968708,0.4397004572297192,0.2651749968688364,0.46963096985291486,1282.5968114616082,0.41383946160817686
0.0007,0.00046666666666666666,three_grid,1284.6610988292332,1284.5948525470408,1285.0550400629936,0.4562938029162069,0.2758830629916247,0.48724554704108414,1282.6136431892442,0.4306711892440944
0.0007250000000000001,0.00048333333333333334,three_grid,1284.677714269165,1284.6124830663837,1285.065809058148,0.4729092428481181,0.28665205814604633,0.5048760663839857,1282.63047491688,0.447502916880012
0.00075,0.0005,three_grid,1284.6943518120318,1284.6301295452643,1285.0766387328495,0.48954678571476506,0.2974817328474728,0.5225225452645645,1282.6473066445162,0.4643346445161569
0.0007750000000000001,0.0005166666666666667,three_grid,1284.7110114665215,1284.6477920010668,1285.0875288376146,0.5062064402045507,0.30837183761263987,0.5401850010671296,1282.6641383721521,0.4811663721520745
0.0008,0.0005333333333333334,three_grid,1284.7276932413233,1284.6654704511748,1285.098479122959,0.5228882150063328,0.319322122956919,0.5578634511750806,1282.680970099788,0.49799809978799203
0.000825,0.0005499999999999999,three_grid,1284.7443971451253,1284.6831649129717,1285.1094893393984,0.5395921188082866,0.33033233939636375,0.5755579129720445,1282.697801827424,0.5148298274239096
0.0008500000000000001,0.0005666666666666667,three_grid,1284.761123186617,1284.7008754038416,1285.1205592374492,0.5563181602999521,0.3414022374472552,0.5932684038418756,1282.7146335550601,0.5316615550600545
0.000875,0.0005833333333333333,three_grid,1284.7778713744865,1284.7186019411681,1285.1316885676274,0.5730663481695046,0.3525315676254195,0.6109949411684283,1282.731465282696,0.5484932826959721
0.0009000000000000001,0.0006000000000000001,three_grid,1284.794641717423,1284.7363445423352,1285.1428770804491,0.5898366911060293,0.36372008044713766,0.628737542335557,1282.748297010332,0.5653250103318896
0.000925,0.0006166666666666666,three_grid,1284.8114342241147,1284.7541032247264,1285.1541245264298,0.6066291977977016,0.3749675264277812,0.6464962247266612,1282.7651287379679,0.5821567379678072
0.00095,0.0006333333333333333,three_grid,1284.8282489032506,1284.771878005725,1285.1654306560858,0.6234438769336066,0.38627365608385844,0.664271005725368,1282.7819604656038,0.5989884656037248
0.0009750000000000001,0.00065,three_grid,1284.8450857635196,1284.7896689027152,1285.1767952199334,0.6402807372026018,0.397638219931423,0.6820619027155317,1282.79879219324,0.6158201932398697
0.001,0.0006666666666666666,three_grid,1284.86194481361,1284.807475933081,1285.1882179684876,0.6571397872930902,0.409060968485619,0.699868933081234,1282.8156239208759,0.6326519208757873
0.001025,0.0006833333333333333,three_grid,1284.878826062211,1284.8252991142056,1285.1996986522654,0.6740210358939294,0.42054165226340956,0.7176921142058745,1282.8321404516296,0.6491684516295209
0.0010500000000000002,0.0007000000000000001,three_grid,1284.895729518011,1284.8431384634723,1285.2112370217822,0.690924491693977,0.43208002178016613,0.7355314634726255,1282.8486569823833,0.6656849823832545
0.001075,0.0007166666666666667,three_grid,1284.9126551896986,1284.8609939982657,1285.2228328275544,0.7078501633816359,0.4436758275523971,0.7533869982660235,1282.8651735131368,0.6822015131367607
0.0011,0.0007333333333333333,three_grid,1284.9296030859625,1284.8788657359696,1285.234485820098,0.7247980596455363,0.4553288200959287,0.7712587359699228,1282.8816900438906,0.6987180438904943
0.0011250000000000001,0.00075,three_grid,1284.946573215492,1284.8967536939667,1285.2461957499281,0.7417681891749908,0.46703874992613237,0.7891466939670408,1282.8982065746443,0.7152345746442279
0.00115,0.0007666666666666666,three_grid,1284.9635655869754,1284.9146578896416,1285.2579623675617,0.758760560658402,0.4788053675597439,0.8070508896419142,1282.914723105398,0.7317511053979615
0.001175,0.0007833333333333334,three_grid,1284.9805802091012,1284.9325783403776,1285.2697854235146,0.775775182784173,0.4906284235125895,0.8249713403779424,1282.9312396361518,0.7482676361516951
0.0012000000000000001,0.0008,three_grid,1284.9976170905586,1284.950515063559,1285.2816646683025,0.7928120642416161,0.5025076683004954,0.8429080635592072,1282.9477561669053,0.7647841669052013
0.001225,0.0008166666666666666,three_grid,1285.014676240036,1284.9684680765683,1285.293599852441,0.8098712137189068,0.5144428524390605,0.8608610765686535,1282.964272697659,0.781300697658935
0.00125,0.0008333333333333333,three_grid,1285.0317576662221,1284.9864373967905,1285.3055907264472,0.8269526399051301,0.5264337264452479,0.8788303967908178,1282.9807892284127,0.7978172284126686
0.001275,0.0008500000000000001,three_grid,1285.048861377806,1285.0044230416086,1285.3176370408362,0.8440563514889163,0.5384800408342016,0.8968160416088722,1282.9973057591665,0.8143337591664022
0.0013000000000000002,0.0008666666666666667,three_grid,1285.0659873834759,1285.0224250284066,1285.3297385461244,0.8611823571588957,0.5505815461224302,0.9148180284068985,1283.0138222899202,0.8308502899201358
0.001325,0.0008833333333333333,three_grid,1285.083135691921,1285.0404433745682,1285.3418949928277,0.8783306656039258,0.5627379928257596,0.9328363745685238,1283.0303388206737,0.847366820673642
0.00135,0.0009,three_grid,1285.1003063118296,1285.0584780974768,1285.354106131462,0.895501285512637,0.5749491314600164,0.9508710974771475,1283.0468553514274,0.8638833514273756
0.0013750000000000001,0.0009166666666666668,three_grid,1285.1174992518904,1285.0765292145165,1285.3663717125432,0.912694225573432,0.5872147125412539,0.9689222145168515,1283.0633718821812,0.8803998821811092
0.0014,0.0009333333333333333,three_grid,1285.1347145207924,1285.0945967430712,1285.3786914865875,0.9299094944753961,0.5995344865855259,0.98698974307149,1283.079888412935,0.8969164129348428
0.001425,0.00095,three_grid,1285.1519521272246,1285.112680700524,1285.3910652041106,0.947147100907614,0.6119082041086585,1.0050737005242354,1283.0964049436886,0.9134329436885764
0.0014500000000000001,0.0009666666666666667,three_grid,1285.1692120798748,1285.1307811042589,1285.403492615629,0.9644070535578066,0.6243356156269328,1.0231741042591693,1283.1129214744421,0.9299494744420826
0.001475,0.0009833333333333332,three_grid,1285.1864943874327,1285.1488979716596,1285.4159734716584,0.9816893611157411,0.6368164716564024,1.0412909716599188,1283.1294380051959,0.9464660051958163
0.0015,0.001,three_grid,1285.2037990585866,1285.16703132011,1285.4285075227144,0.9989940322695929,0.6493505227124388,1.0594243201103382,1283.1459545359496,0.9629825359495499
0.001525,0.0010166666666666666,three_grid,1285.221126102025,1285.1851811669937,1285.4410945193135,1.0163210757079923,0.6619375193115502,1.0775741669940544,1283.1622975356152,0.9793255356150894
0.0015500000000000002,0.0010333333333333334,three_grid,1285.2384755264368,1285.2033475296942,1285.4537342119716,1.033670500119797,0.674577211969563,1.0957405296944671,1283.1786405352805,0.9956685352804016
0.001575,0.00105,three_grid,1285.2558473405109,1285.2215304255956,1285.4664263512043,1.0510423141938645,0.6872693512023034,1.1139234255958854,1283.194983534946,1.012011534945941
0.0016,0.0010666666666666667,three_grid,1285.2732415529356,1285.2397298720812,1285.4791706875283,1.0684365266185978,0.7000136875262797,1.1321228720814815,1283.2113265346113,1.0283545346112533
0.0016250000000000001,0.0010833333333333333,three_grid,1285.2906581724,1285.2579458865353,1285.4919669714589,1.0858531460830818,0.7128099714568634,1.1503388865355646,1283.2276695342769,1.0446975342767928
0.00165,0.0010999999999999998,three_grid,1285.308097207593,1285.2761784863408,1285.5048149535123,1.1032921812759469,0.7256579535103356,1.1685714863410794,1283.2440125339424,1.0610405339423323
0.001675,0.0011166666666666666,three_grid,1285.3255586672026,1285.2944276888823,1285.517714384205,1.1207536408855958,0.7385573842029771,1.1868206888825625,1283.2603555336077,1.0773835336076445
0.0017000000000000001,0.0011333333333333334,three_grid,1285.343042559918,1285.3126935115429,1285.5306650140524,1.1382375336011137,0.7515080140503869,1.2050865115431861,1283.2766985332732,1.093726533273184
0.0017250000000000002,0.00115,three_grid,1285.360548894428,1285.3309759717065,1285.5436665935704,1.1557438681109033,0.7645095935683912,1.2233689717068046,1283.2930415329386,1.1100695329384962
0.00175,0.0011666666666666665,three_grid,1285.3780776794213,1285.3492750867567,1285.5567188732755,1.1732726531042772,0.7775618732734983,1.2416680867570449,1283.309384532604,1.1264125326040357
0.001775,0.0011833333333333333,three_grid,1285.3956289235862,1285.3675908740775,1285.5698216036828,1.1908238972691834,0.7906646036808525,1.2599838740777614,1283.3257275322696,1.1427555322695753
0.0018000000000000002,0.0012000000000000001,three_grid,1285.4132026356117,1285.3859233510525,1285.5829745353094,1.2083976092947069,0.8038175353074166,1.2783163510528084,1283.342070531935,1.1590985319348874
0.001825,0.0012166666666666667,three_grid,1285.430798824187,1285.4042725350655,1285.5961774186708,1.2259937978699327,0.8170204186687897,1.296665535065813,1283.3584135316005,1.175441531600427
0.00185,0.0012333333333333332,three_grid,1285.4484174979996,1285.4226384434996,1285.6094300042828,1.2436124716825816,0.830273004280798,1.3150314434999473,1283.3747565312658,1.1917845312657391
0.0018750000000000001,0.00125,three_grid,1285.4660586657392,1285.4410210937394,1285.6227320426615,1.2612536394221934,0.843575042659495,1.3334140937397478,1283.3910995309313,1.2081275309312787
0.0019,0.0012666666666666666,three_grid,1285.4837223360946,1285.459420503168,1285.6360832843231,1.2789173097776256,0.8569262843211618,1.3518135031683869,1283.4074425305969,1.2244705305968182
0.001925,0.0012833333333333334,three_grid,1285.5014085177538,1285.4778366891699,1285.6494834797834,1.2966034914368265,0.8703264797813972,1.3702296891701735,1283.4237855302622,1.2408135302621304
0.0019500000000000001,0.0013,three_grid,1285.519117219406,1285.4962696691277,1285.662932379558,1.3143121930891084,0.8837753795560275,1.3886626691280526,1283.4401285299277,1.25715652992767
0.001975,0.0013166666666666667,three_grid,1285.5368484497403,1285.5147194604258,1285.6764297341638,1.332043423423329,0.8972727341617883,1.4071124604261058,1283.456471529593,1.273499529592982
0.002,0.0013333333333333333,three_grid,1285.5546022174444,1285.5331860804479,1285.689975294116,1.3497971911274362,0.9108182941140512,1.4255790804481876,1283.4728145292586,1.2898425292585216
0.002025,0.0013499999999999999,three_grid,1285.5723785312077,1285.5516695465776,1285.703568809931,1.3675735048907427,0.9244118099290972,1.4440625465779249,1283.4890676484715,1.3060956484714552
0.00205,0.0013666666666666666,three_grid,1285.590177399719,1285.5701698761986,1285.7172100321245,1.385372373402106,0.9380530321225251,1.4625628761989447,1283.5053207676842,1.3223487676841614
0.002075,0.0013833333333333332,three_grid,1285.6079988316665,1285.5886870866946,1285.7308987112128,1.4031938053494741,0.9517417112108433,1.481080086694874,1283.5215738868972,1.338601886897095
0.0021000000000000003,0.0014000000000000002,three_grid,1285.6258428357396,1285.6072211954493,1285.7446345977116,1.4210378094226144,0.9654775977096506,1.499614195449567,1283.5378270061099,1.3548550061098013
0.002125,0.0014166666666666668,three_grid,1285.6437094206262,1285.6257722198468,1285.7584174421372,1.4389043943092474,0.979260442135228,1.5181652198471056,1283.5540801253228,1.3711081253227348
0.00215,0.0014333333333333333,three_grid,1285.661598595016,1285.6443401772701,1285.7722469950052,1.456793568698913,0.9930899950031744,1.5367331772704347,1283.5703332445357,1.3873612445356684
0.0021750000000000003,0.0014500000000000001,three_grid,1285.6795103675965,1285.6629250851036,1285.7861230068315,1.4747053412795594,1.0069660068295434,1.5553180851038633,1283.5865863637484,1.4036143637483747
0.0022,0.0014666666666666667,three_grid,1285.6974447470577,1285.6815269607305,1285.8000452281328,1.4926397207407263,1.0208882281308433,1.573919960730791,1283.6028394829614,1.4198674829613083
0.002225,0.0014833333333333332,three_grid,1285.7154017420874,1285.7001458215352,1285.8140134094247,1.5105967157703617,1.034856409422673,1.592538821535527,1283.619092602174,1.4361206021740145
0.0022500000000000003,0.0015,three_grid,1285.7333813613748,1285.7187816849005,1285.8280273012228,1.5285763350577781,1.048870301220859,1.6111746849007886,1283.635345721387,1.452373721386948
0.002275,0.0015166666666666666,three_grid,1285.7513836136084,1285.7374345682108,1285.842086654044,1.5465785872913784,1.062929654041909,1.6298275682111125,1283.6515988406,1.4686268405998817
0.0023,0.0015333333333333332,three_grid,1285.7694085074768,1285.7561044888496,1285.8561912184032,1.5646034811597929,1.0770342184011952,1.6484974888498982,1283.6678519598127,1.484879959812588
0.0023250000000000002,0.0015500000000000002,three_grid,1285.7874560516693,1285.7747914642007,1285.8703407448168,1.5826510253523338,1.0911837448147708,1.667184464201,1283.6841050790256,1.5011330790255215
0.00235,0.0015666666666666667,three_grid,1285.8055262548737,1285.7934955116475,1285.8845349838011,1.600721228556722,1.1053779837991442,1.6858885116478177,1283.7003581982383,1.5173861982382277
0.002375,0.0015833333333333333,three_grid,1285.8236191257795,1285.812216648574,1285.898773685872,1.6188140994624973,1.1196166858699144,1.7046096485742055,1283.7166113174512,1.5336393174511613
0.0024000000000000002,0.0016,three_grid,1285.841734673075,1285.830954892364,1285.9130566015451,1.6369296467580625,1.1338996015431348,1.7233478923642451,1283.7328644366642,1.549892436664095
0.002425,0.0016166666666666666,three_grid,1285.8598729054493,1285.8497102604008,1285.9273834813368,1.6550678791322753,1.1482264813348593,1.7421032604011089,1283.7491175558769,1.5661455558768012
0.00245,0.0016333333333333332,three_grid,1285.8780338315905,1285.868482770069,1285.9417540757627,1.6732288052735385,1.1625970757606865,1.7608757700693332,1283.7653706750898,1.5823986750897348
0.002475,0.00165,three_grid,1285.8962174601882,1285.887272438751,1285.9561681353393,1.6914124338711645,1.1770111353373522,1.7796654387514081,1283.7816237943025,1.598651794302441
0.0025,0.0016666666666666666,three_grid,1285.9144237999303,1285.9060792838318,1285.970625410582,1.7096187736133288,1.1914684105800006,1.7984722838320977,1283.7978769135154,1.6149049135153746
0.0025250000000000003,0.0016833333333333336,three_grid,1285.932652859506,1285.9249033226943,1285.9851256520074,1.7278478331891165,1.2059686520053674,1.817296322694574,1283.8141477091062,1.6311757091061736
0.00255,0.0017000000000000001,three_grid,1285.950904647604,1285.9437445727228,1285.999668610131,1.7460996212869304,1.2205116101290514,1.8361375727231461,1283.830418504697,1.6474465046969726
0.002575,0.0017166666666666667,three_grid,1285.9691791729122,1285.9626030513002,1286.014254035469,1.7643741465951734,1.2350970354671063,1.8549960513005317,1283.8466893002878,1.6637173002877716
0.0026000000000000003,0.0017333333333333335,three_grid,1285.9874764441206,1285.981478775811,1286.0288816785373,1.7826714178036127,1.2497246785353582,1.873871775811267,1283.8629600958786,1.6799880958785707
0.002625,0.00175,three_grid,1286.0057964699172,1286.0003717636384,1286.043551289852,1.8009914436001964,1.2643942898500882,1.892764763638752,1283.8792308914694,1.6962588914693697
0.00265,0.0017666666666666666,three_grid,1286.0241392589908,1286.0192820321668,1286.058262619929,1.819334232673782,1.2791056199271225,1.911675032167068,1283.8955016870602,1.7125296870601687
0.0026750000000000003,0.0017833333333333334,three_grid,1286.0425048200298,1286.038209598779,1286.0730154192843,1.8376997937127726,1.2938584192822873,1.9306025987793873,1283.911772482651,1.7288004826509678
0.0027,0.0018,three_grid,1286.0608931617237,1286.0571544808593,1286.0878094384336,1.8560881354067078,1.3086524384316363,1.9495474808595645,1283.9280432782418,1.7450712782417668
0.002725,0.0018166666666666665,three_grid,1286.0793042927608,1286.0761166957914,1286.1026444278937,1.8744992664437632,1.3234874278916777,1.9685096957916812,1283.9443140738326,1.7613420738325658
0.0027500000000000003,0.0018333333333333335,three_grid,1286.0977382218296,1286.0950962609588,1286.1175201381798,1.892933195512569,1.3383631381777832,1.987489260959137,1283.9605848694234,1.7776128694233648
0.002775,0.00185,three_grid,1286.116194957619,1286.1140931937455,1286.132436319808,1.9113899313019829,1.3532793198060062,2.0064861937457863,1283.976855665014,1.7938836650139365
0.0028,0.0018666666666666666,three_grid,1286.1346745088179,1286.133107511535,1286.1473927232946,1.9298694825008624,1.3682357232926279,2.025500511535256,1283.9931264606048,1.8101544606047355
0.0028250000000000003,0.0018833333333333334,three_grid,1286.1531768841148,1286.1521392317109,1286.1623890991555,1.948371857797838,1.3832320991534743,2.044532231711173,1284.0093972561956,1.8264252561955345
0.00285,0.0019,three_grid,1286.171702092198,1286.1711883716573,1286.1774251979064,1.966897065881085,1.3982681979043718,2.0635813716576195,1284.0256680517864,1.8426960517863336
0.002875,0.0019166666666666666,three_grid,1286.1902501417574,1286.1902501417574,1286.1925007700634,1.9854451154403705,1.413343770061374,2.082647948757767,1284.0419388473772,1.8589668473771326
0.0029000000000000002,0.0019333333333333333,three_grid,1286.2088210414806,1286.207615566143,1286.2093389803954,2.004016015163643,1.4284585661409892,2.101731980395698,1284.058209642968,1.8752376429679316
0.002925,0.00195,three_grid,1286.227414800057,1286.2227693366603,1286.228440483955,2.022609773739987,1.4436123366583615,2.1208334839552663,1284.0744804385588,1.8915084385587306
0.00295,0.0019666666666666665,three_grid,1286.246031426175,1286.237961832132,1286.2475594768196,2.041226399858033,1.4588048321299993,2.1399524768198717,1284.0907512341496,1.9077792341495297
0.002975,0.0019833333333333335,three_grid,1286.2646709285232,1286.253192803074,1286.266695976373,2.059865902206184,1.4740358030719563,2.1590889763733685,1284.1070220297404,1.9240500297403287
0.003,0.002,three_grid,1286.2833333157905,1286.2684620000018,1286.285849999999,2.0785282894735246,1.4893049999998311,2.1782429999993838,1284.1232928253312,1.9403208253311277
0.0030250000000000003,0.0020166666666666666,two_grid,1286.302046658833,1286.2830804862201,1286.3057991974129,2.0972416325159884,1.5039234862180528,2.1981921974132383,1284.1394518798174,1.9564798798173797
0.00305,0.002033333333333333,two_grid,1286.3208383046892,1286.297858295139,1286.325820487462,2.1160332783722424,1.5187012951369852,2.2182134874621298,1284.155610934304,1.972638934303859
0.003075,0.0020499999999999997,two_grid,1286.3397071763216,1286.312793632435,1286.3459127912274,2.1349021500045637,1.5336366324329482,2.2383057912277273,1284.1717699887902,1.988797988790111
0.0031000000000000003,0.0020666666666666667,two_grid,1286.3586521966924,1286.3278847037839,1286.3660750297915,2.1538471703754567,1.5487277037818075,2.2584680297919277,1284.1879290432764,2.004957043276363
0.003125,0.0020833333333333333,two_grid,1286.3776722887646,1286.3431297148613,1286.3863061242362,2.172867262447653,1.5639727148594285,2.2786991242364003,1284.204088097763,2.0211160977628424
0.00315,0.0021,two_grid,1286.3967663755002,1286.3585268713437,1286.4066049956427,2.1919613491832024,1.5793698713416762,2.2989979956430417,1284.2202471522492,2.0372751522490944
0.0031750000000000003,0.002116666666666667,two_grid,1286.4159333798616,1286.3740743789072,1286.4269705650934,2.211128353544609,1.5949173789050983,2.3193635650937487,1284.2364062067354,2.0534342067353464
0.0032,0.0021333333333333334,two_grid,1286.4351722248116,1286.389770443227,1286.4474017536697,2.230367198494605,1.6106134432251056,2.339794753669963,1284.2525652612217,2.0695932612215984
0.003225,0.00215,two_grid,1286.4544818333125,1286.4056132699798,1286.4678974824533,2.249676806995467,1.6264562699777907,2.3602904824535815,1284.2687243157081,2.0857523157080777
0.0032500000000000003,0.0021666666666666666,two_grid,1286.4738611283267,1286.4216010648415,1286.4884566725257,2.2690561020096993,1.6424440648394738,2.3808496725260464,1284.2848833701944,2.1019113701943297
0.003275,0.002183333333333333,two_grid,1286.4933090328166,1286.4377320334877,1286.5090782449697,2.288504006499579,1.658575033485793,2.4014712449699362,1284.3010424246806,2.1180704246805817
0.0033,0.0021999999999999997,two_grid,1286.5128244697446,1286.4540043815946,1286.529761120866,2.308019443427611,1.6748473815926137,2.4221541208662383,1284.3172014791671,2.134229479167061
0.0033250000000000003,0.0022166666666666667,two_grid,1286.5324063620737,1286.4704163148383,1286.5505042212967,2.3276013357567535,1.6912593148362558,2.4428972212970765,1284.3333605336534,2.150388533653313
0.00335,0.0022333333333333333,two_grid,1286.5520536327658,1286.486966038894,1286.571306467344,2.3472486064488294,1.70780903889213,2.4636994673441204,1284.3495195881396,2.166547588139565
0.003375,0.00225,two_grid,1286.5717652047833,1286.503651759439,1286.5921667800887,2.3669601784663428,1.7244947594370115,2.484559780089039,1284.3656786426259,2.182706642625817
0.0034000000000000002,0.002266666666666667,two_grid,1286.591540001089,1286.5204716821486,1286.6130840806134,2.3867349747720255,1.741314682146538,2.5054770806137294,1284.3818376971124,2.1988656971122964
0.003425,0.0022833333333333334,two_grid,1286.6113769446451,1286.5374240126982,1286.6340572899999,2.4065719183281544,1.7582670126963476,2.526450290000088,1284.3979967515986,2.2150247515985484
0.0034500000000000004,0.0023,two_grid,1286.6312749584142,1286.5545069567647,1286.6550853293293,2.426469932097234,1.7753499567627604,2.547478329329557,1284.4141558060849,2.2311838060848004
0.0034750000000000002,0.0023166666666666665,two_grid,1286.6512329653588,1286.571718720024,1286.6761671196837,2.4464279390417687,1.7925617200218693,2.5685601196840326,1284.4303148605713,2.2473428605712797
0.0035,0.002333333333333333,two_grid,1286.671249888441,1286.5890575081512,1286.6973015821452,2.4664448621240354,1.8099005081493125,2.589694582145412,1284.4464739150576,2.2635019150575317
0.0035250000000000004,0.00235,two_grid,1286.6913246506242,1286.606521526823,1286.718487637795,2.4865196243072205,1.8273645268209548,2.6108806377953644,1284.462500500553,2.279528500552942
0.00355,0.0023666666666666667,two_grid,1286.7114561748697,1286.6241089817152,1286.7397242077154,2.5066511485526917,1.8449519817131168,2.6321172077157864,1284.4785270860482,2.2955550860481253
0.003575,0.0023833333333333332,two_grid,1286.7316433841406,1286.641818078504,1286.761010212988,2.5268383578236353,1.8626610785021185,2.65340321298812,1284.4945536715434,2.3115816715433084
0.0036000000000000003,0.0024000000000000002,two_grid,1286.751885201399,1286.659647022865,1286.782344574694,2.547080175082101,1.8804900228631432,2.6747375746942614,1284.5105802570388,2.327608257038719
0.003625,0.002416666666666667,two_grid,1286.7721805496076,1286.6775940204743,1286.803726213916,2.5673755232905933,1.8984370204722836,2.6961192139163357,1284.5266068425342,2.3436348425341293
0.00365,0.0024333333333333334,two_grid,1286.7925283517286,1286.695657277008,1286.8251540517354,2.5877233254116163,1.9165002770060873,2.717547051735557,1284.5426334280294,2.3596614280293124
0.0036750000000000003,0.00245,two_grid,1286.8129275307251,1286.7138349981421,1286.8466270092338,2.6081225044081293,1.9346779981401923,2.739020009234049,1284.5586600135248,2.375688013524723
0.0037,0.0024666666666666665,two_grid,1286.8333770095587,1286.7321253895527,1286.8681440074931,2.628571983241727,1.9529683895506915,2.7605370074934816,1284.57468659902,2.391714599019906
0.003725,0.002483333333333333,two_grid,1286.8538757111928,1286.750526656915,1286.8897039675953,2.6490706848758236,1.9713696569132226,2.782096967595524,1284.5907131845152,2.407741184515089
0.0037500000000000003,0.0025,two_grid,1286.8744225585888,1286.7690370059058,1286.9113058106218,2.6696175322717863,1.9898800059038786,2.8036988106220724,1284.6067397700106,2.4237677700104996
0.003775,0.0025166666666666666,two_grid,1286.8950164747096,1286.7876546422012,1286.9329484576544,2.6902114483925743,2.008497642199207,2.8253414576547966,1284.622766355506,2.43979435550591
0.0038,0.002533333333333333,two_grid,1286.915656382518,1286.8063777714763,1286.9546308297754,2.7108513562009193,2.0272207714741635,2.8470238297758206,1284.6387929410012,2.455820941001093
0.0038250000000000003,0.00255,two_grid,1286.936341204976,1286.8252045994075,1286.976351848066,2.7315361786590984,2.046047599405523,2.868744848066359,1284.6548195264966,2.4718475264965036
0.00385,0.0025666666666666667,two_grid,1286.9570698650464,1286.844133331671,1286.9981104336082,2.7522648387293884,2.064976331668924,2.8905034336085356,1284.6708461119918,2.4878741119916867
0.003875,0.0025833333333333333,two_grid,1286.9778412856913,1286.8631621739428,1287.0199055074834,2.773036259374294,2.084005173940686,2.9122985074837926,1284.686872697487,2.50390069748687
0.0039000000000000003,0.0026,two_grid,1286.9986543898733,1286.8822893318982,1287.0417359907738,2.793849363556319,2.1031323318962203,2.9341289907740267,1284.7028992829823,2.5199272829822803
0.0039250000000000005,0.002616666666666667,two_grid,1287.0195081005552,1286.901513011214,1287.0636008045612,2.8147030742381958,2.122356011212074,2.9559938045615892,1284.7189258684778,2.5359538684776908
0.00395,0.0026333333333333334,two_grid,1287.0404013406992,1286.9208314175658,1287.0854988699266,2.835596314382201,2.1416744175636575,2.9778918699270127,1284.734952453973,2.551980453972874
0.003975,0.00265,two_grid,1287.0613330332676,1286.9402427566297,1287.107429107953,2.8565280069506116,2.161085756627746,2.9998221079533307,1284.7509790394683,2.5680070394682843
0.004,0.0026666666666666666,two_grid,1287.0823021012227,1286.9597452340813,1287.1293904397214,2.8774970749057047,2.180588234079296,3.0217834397217573,1284.7670056249635,2.5840336249634674
0.004025,0.002683333333333333,two_grid,1287.1033074675272,1286.979337055597,1287.1513817863133,2.898502441210212,2.200180055594854,3.0437747863137354,1284.7829335947895,2.59996159478942
0.00405,0.0026999999999999997,two_grid,1287.1243480551436,1286.9990164268524,1287.1734020688111,2.919543028826638,2.219859426850513,3.0657950688113886,1284.7988615646152,2.615889564615145
0.0040750000000000005,0.0027166666666666667,two_grid,1287.1454227870345,1287.0187815535241,1287.1954502082963,2.940617760717487,2.239624553522139,3.0878432082966136,1284.8147895344412,2.6318175344410975
0.0041,0.0027333333333333333,two_grid,1287.166530586162,1287.0386306412877,1287.2175251258507,2.9617255598450356,2.2594736412855965,3.1099181258510797,1284.830717504267,2.64774550426705
0.004125,0.00275,two_grid,1287.1876703754886,1287.0585618958187,1287.2396257425562,2.9828653491715613,2.2794048958167514,3.1320187425564563,1284.8466454740928,2.663673474092775
0.00415,0.0027666666666666664,two_grid,1287.2088410779775,1287.078573522794,1287.261750979494,3.004036051660478,2.299416522791924,3.1541439794944126,1284.8625734439188,2.6796014439187275
0.004175,0.002783333333333333,two_grid,1287.23004161659,1287.098663727889,1287.2838997577464,3.0252365902729252,2.319506727886979,3.1762927577468454,1284.8785014137447,2.69552941374468
0.004200000000000001,0.0028000000000000004,two_grid,1287.251270914289,1287.1188307167797,1287.3060709983952,3.04646588797209,2.339673716777783,3.198463998395424,1284.8944293835707,2.7114573835706324
0.0042250000000000005,0.002816666666666667,two_grid,1287.2725278940372,1287.1390726951422,1287.328263622522,3.0677228677202493,2.3599156951402,3.2206566225222724,1284.9103573533964,2.7273853533963575
0.00425,0.0028333333333333335,two_grid,1287.2938114787967,1287.1593878686524,1287.3504765512084,3.08900645247968,2.3802308686503237,3.2428695512088326,1284.9262853232224,2.74331332322231
0.004275,0.00285,two_grid,1287.3151205915303,1287.1797744429864,1287.3727087055363,3.110315565213341,2.400617442984474,3.2651017055365466,1284.9422132930483,2.7592412930482624
0.0043,0.0028666666666666667,two_grid,1287.3364541552003,1287.20023062382,1287.3949590065877,3.131649128883282,2.4210736238180615,3.287352006587993,1284.958141262874,2.7751692628739875
0.004325,0.0028833333333333332,two_grid,1287.3578110927692,1287.2207546168293,1287.4172263754442,3.1530060664522352,2.441597616827179,3.309619375444614,1284.9740692327,2.79109723269994
0.004350000000000001,0.0029000000000000002,two_grid,1287.3791903271997,1287.24134462769,1287.4395097331876,3.1743853008827045,2.4621876276881465,3.3319027331878517,1284.989997202526,2.8070252025258924
0.004375,0.002916666666666667,two_grid,1287.4005907814535,1287.2619988620786,1287.4618080008993,3.1957857551365123,2.4828418620766026,3.354201000899602,1285.0059251723517,2.8229531723516175
0.0044,0.0029333333333333334,two_grid,1287.4220113784936,1287.282715525671,1287.4841200996614,3.2172063521766177,2.5035585256688666,3.3765130996617625,1285.0218531421776,2.83888114217757
0.004425,0.00295,two_grid,1287.4434510412825,1287.3034928241425,1287.5064449505558,3.238646014965525,2.524335824140577,3.3988379505560022,1285.0377811120036,2.8548091120035224
0.00445,0.0029666666666666665,two_grid,1287.4649086927823,1287.3243289631698,1287.5287814746637,3.260103666465284,2.5451719631678262,3.4211744746639905,1285.0537090818295,2.870737081829475
0.004475,0.002983333333333333,two_grid,1287.4863832559558,1287.3452221484285,1287.5511285930675,3.2815782296388534,2.56606514842648,3.4435215930678513,1285.0696370516553,2.8866650516552
0.0045000000000000005,0.003,two_grid,1287.5078736537653,1287.3661705855948,1287.573485226849,3.3030686274482832,2.5870135855928584,3.465878226849254,1285.0855650214812,2.9025930214811524
0.004525,0.0030166666666666666,two_grid,1287.5293788091733,1287.3871724803444,1287.5958502970893,3.324573782856305,2.608015480342372,3.4882432970896406,1285.101463946709,2.918491946708855
0.00455,0.003033333333333333,two_grid,1287.5508976451424,1287.4082260383536,1287.6182227248703,3.3460926188254234,2.6290690383515685,3.5106157248706804,1285.1173628719366,2.9343908719365572
0.004575,0.0030499999999999998,two_grid,1287.5724290846347,1287.429329465298,1287.6406014312747,3.3676240583176877,2.6501724652960856,3.532994431274952,1285.1332617971646,2.950289797164487
0.0046,0.0030666666666666663,two_grid,1287.593972050613,1287.4504809668542,1287.6629853373831,3.389167024296057,2.6713239668522437,3.555378337383443,1285.1491607223923,2.9661887223921894
0.004625000000000001,0.0030833333333333338,two_grid,1287.6155254660396,1287.4716787486975,1287.6853733642777,3.4107204397225814,2.6925217486954534,3.57776636427805,1285.16505964762,2.982087647619892
0.0046500000000000005,0.0031000000000000003,two_grid,1287.6370882538768,1287.492921016504,1287.7077644330407,3.432283227559765,2.7137640165020347,3.6001574330408967,1285.1809585728479,2.9979865728478217
0.004675,0.003116666666666667,two_grid,1287.658659337087,1287.51420597595,1287.7301574647531,3.4538543107701116,2.7350489759480805,3.6225504647534255,1285.1968574980756,3.013885498075524
0.0047,0.0031333333333333335,two_grid,1287.6802376386331,1287.5355318327115,1287.7525513804972,3.4754326123161263,2.756374832709456,3.6449443804975328,1285.2127564233033,3.0297844233032265
0.004725,0.00315,two_grid,1287.7018220814773,1287.5568967924637,1287.7749451013547,3.4970170551603132,2.7777397924617997,3.667338101354888,1285.228655348531,3.045683348530929
0.00475,0.0031666666666666666,two_grid,1287.723411588582,1287.5782990608834,1287.797337548407,3.5186065622649494,2.7991420608814312,3.689730548407388,1285.2445542737587,3.0615822737586313
0.004775000000000001,0.0031833333333333336,two_grid,1287.7450050829102,1287.5997368436465,1287.8197276427363,3.5402000565932212,2.8205798436444436,3.7121206427367017,1285.2604531989866,3.077481198986561
0.0048000000000000004,0.0032,two_grid,1287.7666014874235,1287.6212083464286,1287.8421143054245,3.5617964611064963,2.8420513464267025,3.7345073054247258,1285.2763521242143,3.0933801242142636
0.004825,0.0032166666666666667,two_grid,1287.7881997250845,1287.642711774906,1287.8644964575526,3.5833946987675063,2.8635547749040726,3.756889457552903,1285.292251049442,3.109279049441966
0.00485,0.0032333333333333333,two_grid,1287.8097987188562,1287.6642453347547,1287.886873020203,3.6049936925392103,2.885088334752647,3.7792660202033566,1285.3081499746697,3.1251779746696684
0.004875,0.00325,two_grid,1287.8313973917006,1287.68580723165,1287.9092429144575,3.626592365383658,2.906650231648064,3.8016359144577563,1285.3240488998977,3.141076899897598
0.0049,0.0032666666666666664,two_grid,1287.8529946665803,1287.7073956712688,1287.9316050613975,3.648189640263354,2.9282386712668704,3.8239980613977713,1285.3399478251254,3.1569758251253006
0.0049250000000000006,0.0032833333333333334,two_grid,1287.8745894664578,1287.7290088592868,1287.9539583821045,3.669784440140802,2.949851859284705,3.8463513821048436,1285.355846750353,3.172874750353003
0.00495,0.0033,two_grid,1287.8961807142953,1287.7506450013793,1287.9763017976613,3.6913756879782795,2.9714880013774327,3.868694797661552,1285.371745675581,3.188773675580933
0.004975,0.0033166666666666665,two_grid,1287.917767333056,1287.7723023032231,1287.9986342291488,3.712962306738973,2.9931453032211466,3.891027229149111,1285.3876446008087,3.2046726008086353
0.005,0.003333333333333333,two_grid,1287.9393482457015,1287.7939789704942,1288.0209545976488,3.734543219384477,3.0148219704921666,3.91334759764919,1285.4035435260364,3.2205715260363377
0.005025,0.0033499999999999997,two_grid,1287.9609223751943,1287.8156732088678,1288.0432618242437,3.7561173488772965,3.0365162088659035,3.935654824243913,1285.4193421745942,3.2363701745941853
0.005050000000000001,0.003366666666666667,two_grid,1287.9824886444972,1287.8373832240206,1288.0655548300144,3.7776836181801627,3.0582262240186773,3.957947830014722,1285.4351408231523,3.2521688231522603
0.0050750000000000005,0.0033833333333333337,two_grid,1288.0040459765728,1287.8591072216284,1288.0878325360434,3.7992409502558075,3.0799502216263535,3.9802255360437413,1285.4509394717102,3.267967471710108
0.0051,0.0034000000000000002,two_grid,1288.025593294383,1287.880843407367,1288.1100938634122,3.820788268066053,3.1016864073650248,4.002486863412412,1285.4667381202682,3.283766120268183
0.005125,0.003416666666666667,two_grid,1288.0471295208906,1287.9025899869123,1288.1323377332023,3.8423244945736315,3.1234329869103292,4.024730733202632,1285.482536768826,3.2995647688260306
0.00515,0.0034333333333333334,two_grid,1288.0686535790583,1287.9243451659406,1288.154563066496,3.863848552741274,3.1451881659385874,4.046956066496297,1285.4983354173842,3.3153634173841056
0.005175,0.00345,two_grid,1288.0901643918485,1287.9461071501275,1288.1767687843749,3.8853593655314853,3.166950150125664,4.069161784375077,1285.514134065942,3.331162065941953
0.005200000000000001,0.003466666666666667,two_grid,1288.111660882223,1287.9678741451498,1288.1989538079201,3.9068558559060875,3.188717145147879,4.091346807920414,1285.5299327145,3.346960714500028
0.0052250000000000005,0.0034833333333333335,two_grid,1288.1331419731448,1287.9896443566822,1288.2211170582143,3.9283369468278124,3.210487356680189,4.113510058214659,1285.545731363058,3.362759363057876
0.00525,0.0035,two_grid,1288.1546065875762,1288.0114159904017,1288.243257456339,3.9498015612591644,3.2322589903998233,4.1356504563392535,1285.561530011616,3.378558011615951
0.005275,0.0035166666666666666,two_grid,1288.1760536484799,1288.0331872519837,1288.2653739233754,3.971248622162875,3.254030251981738,4.1577669233756405,1285.5773286601739,3.3943566601737984
0.0053,0.003533333333333333,two_grid,1288.197482078818,1288.0549563471047,1288.2874653804058,3.9926770525009943,3.2757993471027076,4.179858380406171,1285.5931273087317,3.410155308731646
0.005325,0.0035499999999999998,two_grid,1288.218890801553,1288.0767214814402,1288.3095307485123,4.014085775236026,3.2975644814383704,4.201923748512514,1285.6089259572898,3.425953957289721
0.005350000000000001,0.0035666666666666668,two_grid,1288.2402787396475,1288.0984808606665,1288.3315689487758,4.035473713330475,3.319323860664592,4.223961948776112,1285.6247246058476,3.4417526058475687
0.0053750000000000004,0.0035833333333333333,two_grid,1288.261644816064,1288.1202326904593,1288.3535789022787,4.056839789747073,3.341075690457237,4.245971902279089,1285.6405232544057,3.4575512544056437
0.0054,0.0036,two_grid,1288.282987953765,1288.141975176495,1288.3755595301027,4.078182927448097,3.362818176492854,4.267952530103114,1285.6563219029636,3.4733499029634913
0.005425,0.0036166666666666665,two_grid,1288.3043070757126,1288.1637065244486,1288.3975097533291,4.099502049395596,3.3845495244466255,4.289902753329401,1285.6721205515216,3.4891485515215663
0.00545,0.003633333333333333,two_grid,1288.3256011048695,1288.1854249399971,1288.41942849304,4.12079607855253,3.4062679399950992,4.311821493040303,1285.6879192000795,3.504947200079414
0.005475,0.0036499999999999996,two_grid,1288.3468689641984,1288.2071286288162,1288.4413146703173,4.142063937881403,3.4279716288141406,4.3337076703177155,1285.7037178486376,3.520745848637489
0.0055000000000000005,0.003666666666666667,two_grid,1288.3681095766613,1288.2288157965818,1288.4631672062426,4.1633045503442645,3.4496587965798424,4.355560206242854,1285.7195164971954,3.5365444971953366
0.005525,0.0036833333333333336,two_grid,1288.3893218652206,1288.2504846489699,1288.4849850218977,4.184516838903619,3.4713276489678426,4.3773780218980685,1285.7352036736545,3.5522316736544326
0.00555,0.0037,two_grid,1288.4105047528392,1288.2721333916563,1288.5067670383644,4.205699726522198,3.492976391654234,4.399160038364802,1285.7508908501134,3.5679188501133012
0.005575,0.0037166666666666667,two_grid,1288.4316571624795,1288.293760230317,1288.5285121767242,4.226852136162506,3.51460323031511,4.420905176724497,1285.7665780265725,3.5836060265723972
0.0056,0.0037333333333333333,two_grid,1288.4527780171038,1288.3153633706288,1288.5502193580592,4.2479729907868204,3.536206370626789,4.442612358059503,1285.7822652030313,3.599293203031266
0.005625000000000001,0.0037500000000000003,two_grid,1288.4738662396744,1288.3369410182663,1288.571887503451,4.269061213357418,3.5577840182642286,4.464280503451492,1285.7979523794904,3.614980379490362
0.0056500000000000005,0.003766666666666667,two_grid,1288.4949207531538,1288.3584913789061,1288.5935155339816,4.290115726836802,3.579334378904203,4.485908533981903,1285.8136395559493,3.6306675559492305
0.005675,0.0037833333333333334,two_grid,1288.5159404805045,1288.3800126582244,1288.6151023707325,4.311135454187479,3.60085565822235,4.507495370732863,1285.8293267324084,3.6463547324083265
0.0057,0.0038,two_grid,1288.5369243446892,1288.4015030618973,1288.6366469347854,4.332119318372179,3.6223460618952177,4.5290399347858115,1285.8450139088673,3.662041908867195
0.005725,0.0038166666666666666,two_grid,1288.5578712686702,1288.4229607956001,1288.6581481472226,4.353066242353179,3.6438037955982163,4.550541147222874,1285.8607010853264,3.677729085326291
0.00575,0.003833333333333333,two_grid,1288.57878017541,1288.4443840650094,1288.679604929125,4.373975149092985,3.665227065007439,4.5719979291252635,1285.8763882617852,3.69341626178516
0.005775000000000001,0.00385,two_grid,1288.5996499878706,1288.465771075801,1288.701016201575,4.394844961553645,3.686614075798978,4.593409201575334,1285.8920754382443,3.709103438244256
0.0058000000000000005,0.0038666666666666667,two_grid,1288.6204796290156,1288.4871200336504,1288.7223808856543,4.415674602698573,3.7079630336484715,4.614773885654525,1285.9077626147034,3.724790614703352
0.005825,0.0038833333333333333,two_grid,1288.6412680218061,1288.5084291442345,1288.7436979024446,4.436462995489137,3.7292721442324672,4.636090902444963,1285.9234497911623,3.7404777911622205
0.00585,0.0039,two_grid,1288.6620140892053,1288.5296966132285,1288.7649661730275,4.457209062888296,3.7505396132263757,4.65735917302786,1285.9391369676214,3.7561649676213165
0.005875,0.003916666666666666,two_grid,1288.6827167541753,1288.5509206463082,1288.7861846184849,4.477911727858327,3.77176364630629,4.678577618485114,1285.9548241440802,3.771852144080185
0.0059,0.003933333333333333,two_grid,1288.7033749396787,1288.5720994491505,1288.8073521598988,4.4985699133617345,3.7929424491485295,4.699745159899077,1285.9705113205393,3.787539320539281
0.005925000000000001,0.00395,two_grid,1288.7239875686782,1288.593231227431,1288.8284677183503,4.51918254236125,3.8140742274289603,4.720860718350735,1285.9861984969982,3.8032264969981497
0.00595,0.003966666666666667,two_grid,1288.7445535641361,1288.6143141868254,1288.849530214922,4.53974853781915,3.835157186823448,4.741923214922213,1286.0018856734573,3.8189136734572457
0.005975,0.0039833333333333335,two_grid,1288.7650718490147,1288.6353465330099,1288.870538570695,4.560266822697713,3.856189533007857,4.762931570695407,1286.0175728499162,3.8346008499161144
0.006,0.004,two_grid,1288.7855413462767,1288.6563264716601,1288.8914917067514,4.580736319959669,3.8771694716580534,4.78388470675176,1286.0332600263753,3.8502880263752104
0.006025,0.004016666666666667,two_grid,1288.8059609788843,1288.6772522084525,1288.912388544173,4.6011559525672965,3.8980952084505844,4.804781544173167,1286.048843106097,3.865871106096847
0.006050000000000001,0.004033333333333333,two_grid,1288.8263296698,1288.6981219490629,1288.9332280040414,4.621524643483099,3.918964949060861,4.8256210040417535,1286.0644261858185,3.881454185818484
0.0060750000000000005,0.00405,two_grid,1288.8466463419866,1288.718933899167,1288.9540090074383,4.641841315669581,3.9397768991649755,4.8464020074387335,1286.0800092655402,3.8970372655401206
0.0061,0.004066666666666666,two_grid,1288.8669099184058,1288.739686264441,1288.9747304754458,4.6621048920887915,3.960529264439021,4.867123475446004,1286.0955923452618,3.9126203452617574
0.006125,0.004083333333333333,two_grid,1288.887119322021,1288.7603772505613,1288.9953913291451,4.682314295703918,3.9812202505593177,4.887784329145461,1286.1111754249832,3.9282034249831668
0.00615,0.0040999999999999995,two_grid,1288.9072734757938,1288.7810050632033,1289.0159904896186,4.7024684494767826,4.001848063201276,4.908383489619002,1286.1267585047049,3.9437865047048035
0.006175,0.004116666666666666,two_grid,1288.9273713026873,1288.801567908043,1289.0365268779476,4.722566276370344,4.022410908040989,4.928919877947841,1286.1423415844265,3.9593695844264403
0.006200000000000001,0.0041333333333333335,two_grid,1288.9474117256636,1288.8220639907565,1289.0569994152145,4.742606699346652,4.042906990754549,4.949392415214785,1286.1579246641481,3.974952664148077
0.0062250000000000005,0.00415,two_grid,1288.9673936676854,1288.84249151702,1289.0774070225,4.762588641368438,4.063334517018049,4.969800022500365,1286.1735077438698,3.9905357438697138
0.00625,0.004166666666666667,two_grid,1288.9873160517152,1288.862848692509,1289.0977486208867,4.7825110253982075,4.083691692507127,4.990141620886934,1286.1890908235914,4.0061188235913505
0.006275,0.004183333333333333,two_grid,1289.0071778007148,1288.8831337229,1289.1180231314563,4.8023727743977815,4.1039767228981034,5.010416131456616,1286.204673903313,4.021701903312987
0.0063,0.0042,two_grid,1289.026977837647,1288.9033448138684,1289.1382294752902,4.82217281133012,4.1241878138663886,5.030622475290624,1286.2202569830347,4.037284983034624
0.006325,0.004216666666666666,two_grid,1289.0467150854747,1288.923480171091,1289.1583665734709,4.841910059157726,4.144323171088985,5.050759573471083,1286.2358400627563,4.052868062756261
0.006350000000000001,0.004233333333333334,two_grid,1289.0663884671599,1288.9435380002426,1289.178433347079,4.861583440842878,4.1643810002406205,5.070826347079208,1286.251423142478,4.0684511424778975
0.0063750000000000005,0.00425,two_grid,1289.0859969056653,1288.9635165070003,1289.198428717197,4.881191879348307,4.184359506998298,5.09082171719735,1286.2670062221994,4.084034222199307
0.0064,0.004266666666666667,two_grid,1289.105539323953,1288.9834138970393,1289.218351604907,4.900734297636063,4.204256897037428,5.110744604907179,1286.282589301921,4.099617301920944
0.006425,0.0042833333333333334,two_grid,1289.125014644986,1289.0032283760363,1289.2382009312898,4.920209618669105,4.224071376034331,5.130593931290136,1286.2981723816426,4.11520038164258
0.00645,0.0043,two_grid,1289.1444217917262,1289.0229581496667,1289.257975617428,4.939616765409255,4.243801149664645,5.150368617428345,1286.3137554613643,4.130783461364217
0.006475000000000001,0.004316666666666667,two_grid,1289.1637596871365,1289.0426014236061,1289.2776745844033,4.958954660819472,4.263444423604234,5.170067584403476,1286.329338541086,4.146366541085854
0.006500000000000001,0.004333333333333333,two_grid,1289.1830272541788,1289.0621564035316,1289.2972967532967,4.9782222278618065,4.282999403529647,5.189689753296971,1286.3449216208076,4.161949620807491
0.006525,0.00435,two_grid,1289.2022234158162,1289.0816212951188,1289.3168410451904,4.997418389499217,4.302464295116749,5.209234045190726,1286.3604631070634,4.177491107063361
0.00655,0.004366666666666666,two_grid,1289.2213470950105,1289.1009943040428,1289.3363063811667,5.016542068693525,4.321837304040952,5.228699381166865,1286.3760045933195,4.193032593319458
0.006575,0.004383333333333333,two_grid,1289.2403972147247,1289.1202736359808,1289.3556916823068,5.035592188407691,4.341116635978801,5.248084682307058,1286.3915460795754,4.208574079575328
0.0066,0.004399999999999999,two_grid,1289.2593726979212,1289.139457496608,1289.3749958696924,5.054567671604218,4.360300496605935,5.2673888696927476,1286.4070875658315,4.224115565831426
0.006625000000000001,0.004416666666666667,two_grid,1289.2782724675624,1289.1585440916003,1289.3942178644058,5.073467441245384,4.3793870915984465,5.2866108644060565,1286.4226290520874,4.239657052087296
0.0066500000000000005,0.004433333333333333,two_grid,1289.2970954466105,1289.1775316266344,1289.4133565875281,5.092290420293466,4.398374626632429,5.305749587528427,1286.4381705383435,4.255198538343393
0.006675,0.00445,two_grid,1289.315840558028,1289.1964183073858,1289.4324109601416,5.111035531710968,4.417261307383748,5.324803960141984,1286.4537120245993,4.270740024599263
0.0067,0.0044666666666666665,two_grid,1289.3345067247774,1289.2152023395302,1289.451379903328,5.129701698460394,4.436045339528268,5.343772903328168,1286.4692535108554,4.2862815108553605
0.006725,0.004483333333333333,two_grid,1289.3530928698212,1289.2338819287443,1289.4702623381686,5.148287843504249,4.454724928742309,5.362655338168877,1286.4847949971113,4.3018229971112305
0.00675,0.0045,two_grid,1289.371597916122,1289.2524552807033,1289.4890571857454,5.166792889805038,4.473298280701283,5.38145018574578,1286.5003364833672,4.3173644833671005
0.006775000000000001,0.004516666666666667,two_grid,1289.3900207866423,1289.2709206010836,1289.5077633671406,5.1852157603252635,4.491763601081737,5.400156367140773,1286.5158779696233,4.332905969623198
0.0068000000000000005,0.004533333333333334,two_grid,1289.4083604043444,1289.2892760955613,1289.5263798034352,5.203555378027431,4.5101190955593085,5.418772803435526,1286.5314194558791,4.348447455879068
0.006825,0.00455,two_grid,1289.4266156921906,1289.3075199698123,1289.5449054157116,5.2218106658735906,4.528362969810318,5.437298415711935,1286.5469609421352,4.363988942135165
0.00685,0.004566666666666667,two_grid,1289.4447855731435,1289.3256504295118,1289.5633391250515,5.239980546826473,4.546493429509948,5.455732125051671,1286.562502428391,4.3795304283910355
0.006875,0.004583333333333333,two_grid,1289.4628689701656,1289.3436656803372,1289.5816798525364,5.258063943848583,4.564508680335202,5.4740728525366285,1286.5780439146472,4.395071914647133
0.006900000000000001,0.0046,two_grid,1289.4808648062192,1289.3615639279635,1289.599926519248,5.276059779902198,4.5824069279614905,5.492319519248251,1286.593585400903,4.410613400903003
0.006925000000000001,0.0046166666666666665,two_grid,1289.4987720042668,1289.379343378067,1289.6180780462685,5.293966977949822,4.6001863780649055,5.510471046268889,1286.6091268871592,4.4261548871591
0.0069500000000000004,0.004633333333333333,two_grid,1289.5165894872712,1289.3970022363233,1289.6361333546793,5.311784460954186,4.617845236321313,5.5285263546795305,1286.624668373415,4.44169637341497
0.006975,0.00465,two_grid,1289.5343161781943,1289.4145387084086,1289.6540913655624,5.329511151877341,4.635381708406578,5.546484365562754,1286.6402098596711,4.457237859671068
0.007,0.004666666666666666,two_grid,1289.551950999999,1289.4319509999991,1289.671950999999,5.347145973682018,4.65279399999702,5.564343999999319,1286.655751345927,4.472779345926938
0.007025,0.004683333333333333,k192_model_assisted,1289.569520887997,1289.4481569782479,1289.6908643331626,5.364715861679997,4.669037342239451,5.583215468419323,1286.671192130379,4.488220130378977
0.007050000000000001,0.0047,k192_model_assisted,1289.587053626895,1289.4643112650679,1289.7097489378864,5.382248600578123,4.685228056033908,5.602059258289159,1286.6866329148313,4.503660914831244
0.0070750000000000006,0.004716666666666667,k192_model_assisted,1289.604549413747,1289.480414273292,1289.728604906726,5.399744387430019,4.701366563082387,5.620875452227552,1286.7020736992833,4.519101699283283
0.0071,0.004733333333333333,k192_model_assisted,1289.622008445608,1289.496466415755,1289.7474323322363,5.4172034192908995,4.717453285085296,5.639664132853684,1286.7175144837354,4.534542483735322
0.007125,0.00475,k192_model_assisted,1289.6394309195318,1289.5124681052896,1289.7662313069718,5.434625893214843,4.733488643744404,5.658425382787191,1286.7329552681877,4.549983268187589
0.00715,0.0047666666666666664,k192_model_assisted,1289.6568170325725,1289.5284197547292,1289.7850019234877,5.452012006255472,4.749473060760573,5.677159284646797,1286.7483960526397,4.565424052639628
0.007175,0.004783333333333333,k192_model_assisted,1289.6741669817848,1289.544321776908,1289.8037442743391,5.469361955467775,4.7654069578358,5.6958659210519125,1286.7638368370917,4.580864837091667
0.007200000000000001,0.0048000000000000004,k192_model_assisted,1289.6914809642228,1289.5601745846593,1289.822458452081,5.486675937905829,4.781290756670264,5.714545374621262,1286.779277621544,4.596305621543934
0.0072250000000000005,0.004816666666666667,k192_model_assisted,1289.7087591769414,1289.5759785908165,1289.8411445492684,5.503954150624395,4.797124878965962,5.733197727974255,1286.794718405996,4.611746405995973
0.00725,0.004833333333333334,k192_model_assisted,1289.726001816994,1289.5917342082132,1289.8598026584564,5.521196790677095,4.812909746423757,5.7518230637298435,1286.8101591904483,4.62718719044824
0.007275,0.00485,k192_model_assisted,1289.743209081436,1289.607441849683,1289.8784328722,5.538404055118917,4.82864578074519,5.770421464507437,1286.8255999749003,4.642627974900279
0.0073,0.004866666666666667,k192_model_assisted,1289.7603811673202,1289.6231019280597,1289.8970352830538,5.555576141003257,4.84433340363135,5.788993012926215,1286.8410407593524,4.658068759352318
0.007325000000000001,0.004883333333333333,k192_model_assisted,1289.7775182717023,1289.6387148561762,1289.9156099835732,5.57271324538533,4.859973036783552,5.807537791605133,1286.8564815438046,4.673509543804585
0.007350000000000001,0.0049,k192_model_assisted,1289.794620591636,1289.6542810468668,1289.9341570663128,5.589815565318986,4.875565101902886,5.8260558831629154,1286.8719223282567,4.688950328256624
0.0073750000000000005,0.004916666666666666,k192_model_assisted,1289.811688324176,1289.6698009129645,1289.9526766238282,5.606883297858985,4.891110020690666,5.844547370219653,1286.8873631127087,4.704391112708663
0.0074,0.004933333333333333,k192_model_assisted,1289.828721666376,1289.6852748673034,1289.9711687486738,5.623916640058951,4.9066082148479815,5.863012335393844,1286.902803897161,4.71983189716093
0.007425,0.0049499999999999995,k192_model_assisted,1289.8457208152906,1289.7007033227164,1289.9896335334047,5.640915788973643,4.922060106076602,5.881450861304442,1286.918244681613,4.735272681612969
0.00745,0.004966666666666666,k192_model_assisted,1289.8626859679744,1289.7160866920376,1290.0080710705768,5.657880941657368,4.937466116077161,5.899863030571083,1286.933685466065,4.750713466065008
0.007475000000000001,0.0049833333333333335,k192_model_assisted,1289.8796173214814,1289.7314253881004,1290.0264814527436,5.674812295164429,4.952826666551202,5.918248925812948,1286.9491262505173,4.766154250517275
0.007500000000000001,0.005,k192_model_assisted,1289.8965150728661,1289.7467198237382,1290.0448647724613,5.691710046549133,4.96814217920004,5.93660862964899,1286.9645670349694,4.781595034969314
0.0075250000000000004,0.005016666666666667,k192_model_assisted,1289.9133794191825,1289.7619704117847,1290.0632211222844,5.7085743928655575,4.9834130757245365,5.954942224697936,1286.979911240283,4.796939240282882
0.00755,0.005033333333333333,k192_model_assisted,1289.9302105574855,1289.7771775650733,1290.081550594768,5.725405531168462,4.998639777826462,5.97324979357942,1286.9952554455967,4.812283445596677
0.007575,0.00505,k192_model_assisted,1289.9470086848287,1289.792341696438,1290.0998532824667,5.7422036585116984,5.013822707206449,5.9915314189123965,1287.0105996509103,4.8276276509102445
0.0076,0.005066666666666666,k192_model_assisted,1289.9637739982668,1289.8074632187117,1290.118129277936,5.758968971949798,5.028962285566269,6.009787183316046,1287.025943856224,4.84297185622404
0.007625000000000001,0.005083333333333334,k192_model_assisted,1289.9805066948543,1289.8225425447285,1290.136378673731,5.775701668537295,5.044058934606783,6.02801716940955,1287.0412880615377,4.858316061537607
0.0076500000000000005,0.0051,k192_model_assisted,1289.9972069716448,1289.8375800873216,1290.1546015624062,5.792401945327811,5.05911307602976,6.046221459812315,1287.0566322668512,4.873660266851175
0.007675,0.005116666666666667,k192_model_assisted,1290.0138750256936,1289.8525762593247,1290.172798036517,5.809069999376561,5.074125131535835,6.064400137142615,1287.071976472165,4.88900447216497
0.0077,0.0051333333333333335,k192_model_assisted,1290.0305110540542,1289.8675314735715,1290.1909681886182,5.825706027737169,5.089095522826778,6.082553284020538,1287.0873206774786,4.904348677478538
0.007725,0.00515,k192_model_assisted,1290.0471152537814,1289.8824461428953,1290.2091121112649,5.842310227464395,5.104024671603222,6.1006809830648105,1287.1026648827924,4.919692882792333
0.00775,0.005166666666666667,k192_model_assisted,1290.0636878219293,1289.8973206801297,1290.227229897012,5.858882795612317,5.11891299956671,6.118783316894387,1287.118009088106,4.935037088105901
0.007775000000000001,0.005183333333333333,k192_model_assisted,1290.0802289555522,1289.9121554981086,1290.2453216384145,5.8754239292352395,5.133760928418786,6.136860368129129,1287.1333532934195,4.950381293419468
0.0078000000000000005,0.0052,k192_model_assisted,1290.0967388517047,1289.9269510096651,1290.2633874280273,5.891933825387696,5.14856887986031,6.154912219387082,1287.1486974987333,4.9657254987332635
0.007825,0.005216666666666666,k192_model_assisted,1290.1132177074405,1289.941707627633,1290.2814273584056,5.9084126811235365,5.163337275592598,6.172938953288336,1287.164041704047,4.981069704046831
0.007850000000000001,0.005233333333333334,k192_model_assisted,1290.1296657198145,1289.9564257648456,1290.2994415221046,5.924860693497521,5.178066537317192,6.190940652451617,1287.1793859093607,4.996413909360626
0.007875,0.0052499999999999995,k192_model_assisted,1290.1460830858807,1289.9711058341368,1290.3174300116789,5.941278059563729,5.192757086734727,6.208917399496104,1287.1947301146743,5.011758114674194
0.0079,0.005266666666666667,k192_model_assisted,1290.1624700026937,1289.98574824834,1290.3353929196835,5.957664976376691,5.207409345546973,6.22686927704098,1287.2100743199878,5.027102319987762
0.007925,0.005283333333333333,k192_model_assisted,1290.1788266673077,1290.0003534202888,1290.3533303386735,5.974021640990713,5.222023735455019,6.2447963677049705,1287.2254185253016,5.042446525301557
0.00795,0.0053,k192_model_assisted,1290.195153276777,1290.0149217628166,1290.371242361204,5.9903482504601016,5.236600678160179,6.262698754107711,1287.2407627306152,5.057790730615125
0.007975000000000001,0.0053166666666666675,k192_model_assisted,1290.2114500281555,1290.029453688757,1290.38912907983,6.0066450018384785,5.251140595363315,6.280576518868609,1287.256106935929,5.07313493592892
0.008,0.005333333333333333,k192_model_assisted,1290.227717118498,1290.043949610944,1290.4069905871063,6.022912092181059,5.265643908765969,6.298429744606165,1287.2714511412426,5.0884791412424875
0.008025000000000001,0.005350000000000001,k192_model_assisted,1290.2439547448591,1290.0584099422103,1290.4248269755883,6.0391497185421485,5.280111040069685,6.316258513939785,1287.2866731277306,5.103701127730574
0.00805,0.005366666666666666,k192_model_assisted,1290.2601631042926,1290.0728350953902,1290.4426383378304,6.0553580779755976,5.2945424109750965,6.334062909488424,1287.3018951142185,5.118923114218433
0.008075,0.005383333333333334,k192_model_assisted,1290.2763423938527,1290.0872254833173,1290.4604247663879,6.071537367535711,5.3089384431839735,6.351843013871945,1287.3171171007066,5.134145100706519
0.0081,0.005399999999999999,k192_model_assisted,1290.292492810594,1290.1015815188243,1290.478186353816,6.087687784277023,5.32329955839695,6.3695989097086185,1287.3323390871947,5.149367087194605
0.008125,0.005416666666666667,k192_model_assisted,1290.3086145515708,1290.1159036147455,1290.4959231926696,6.103809525253837,5.337626178315795,6.387330679617626,1287.3475610736828,5.164589073682691
0.008150000000000001,0.005433333333333333,k192_model_assisted,1290.3247078138372,1290.1301921839145,1290.5136353755033,6.119902787520232,5.351918724641599,6.405038406218375,1287.3627830601708,5.179811060170778
0.008175,0.00545,k192_model_assisted,1290.340772794448,1290.1444476391644,1290.5313229948724,6.135967768130968,5.366177619075676,6.422722172130274,1287.3780050466587,5.1950330466586365
0.0082,0.0054666666666666665,k192_model_assisted,1290.3568096904569,1290.158670393329,1290.5489861433323,6.152004664139895,5.380403283319114,6.4403820599722765,1287.3932270331468,5.210255033146723
0.008225,0.005483333333333333,k192_model_assisted,1290.3728186989185,1290.1728608592416,1290.5666249134374,6.168013672601546,5.39459613907323,6.458018152363109,1287.4084490196349,5.225477019634809
0.00825,0.0055,k192_model_assisted,1290.3888000168874,1290.1870194497365,1290.5842393977427,6.183994990570454,5.408756608039339,6.475630531922406,1287.4236710061227,5.240699006122668
0.008275000000000001,0.005516666666666667,k192_model_assisted,1290.4047538414175,1290.2011465776466,1290.6018296888037,6.19994881510047,5.422885111918302,6.4932192812691225,1287.4388929926108,5.255920992610754
0.0083,0.005533333333333333,k192_model_assisted,1290.4206803695633,1290.2152426558052,1290.619395879175,6.215875343246353,5.436982072411889,6.510784483022211,1287.454114979099,5.27114297909884
0.008325,0.00555,k192_model_assisted,1290.4365797983792,1290.2293080970464,1290.6369380614117,6.231774772062181,5.4510479112214165,6.528326219801307,1287.469336965587,5.286364965586927
0.00835,0.005566666666666666,k192_model_assisted,1290.452452324919,1290.243343314204,1290.6544563280688,6.247647298602033,5.46508305004729,6.5458445742251365,1287.4845589520748,5.301586952074786
0.008375,0.005583333333333333,k192_model_assisted,1290.4682981462379,1290.2573487201107,1290.6719507717014,6.263493119920895,5.479087910591506,6.5633396289133366,1287.499780938563,5.316808938562872
0.008400000000000001,0.005600000000000001,k192_model_assisted,1290.4841174593894,1290.2713247276006,1290.6894214848642,6.279312433072391,5.493062914555155,6.580811466483949,1287.515002925051,5.332030925050958
0.008425,0.0056166666666666665,k192_model_assisted,1290.499910461428,1290.2852717495073,1290.7068685601125,6.295105435111054,5.507008483639325,6.598260169557292,1287.530224911539,5.347252911539044
0.008450000000000001,0.005633333333333334,k192_model_assisted,1290.5156773494086,1290.2991901986643,1290.724292090001,6.310872323091644,5.520925039545331,6.615685820752093,1287.5454468980272,5.362474898027131
0.008475,0.00565,k192_model_assisted,1290.531418320385,1290.3130804879052,1290.741692167085,6.326613294068011,5.534813003974488,6.633088502687077,1287.560668884515,5.3776968845149895
0.0085,0.005666666666666667,k192_model_assisted,1290.5471335714112,1290.326943030063,1290.7590688839196,6.342328545094233,5.548672798627885,6.650468297981879,1287.5758908710031,5.392918871003076
0.008525,0.005683333333333333,k192_model_assisted,1290.5628232995423,1290.3407782379718,1290.7764223330594,6.358018273225298,5.562504845206838,6.667825289255454,1287.5910907260181,5.408118726018074
0.00855,0.0057,k192_model_assisted,1290.5784877018318,1290.3545865244655,1290.7937526070596,6.373682675514829,5.576309565412663,6.685159559127209,1287.6062905810331,5.423318581033072
0.008575000000000001,0.005716666666666667,k192_model_assisted,1290.5941269753346,1290.368368302377,1290.811059798475,6.389321949017585,5.590087380946674,6.702471190216098,1287.6214904360481,5.438518436048071
0.0086,0.005733333333333333,k192_model_assisted,1290.6097413171049,1290.3821239845397,1290.828343999861,6.404936290787873,5.603838713509733,6.719760265141074,1287.6366902910631,5.453718291063069
0.008625,0.00575,k192_model_assisted,1290.625330924197,1290.395853983788,1290.8456053037726,6.4205258978799975,5.6175639848033825,6.737026866521319,1287.6518901460781,5.468918146078067
0.00865,0.0057666666666666665,k192_model_assisted,1290.6408959936648,1290.4095587129548,1290.8628438027642,6.436090967347809,5.631263616528939,6.75427107697624,1287.6670900010934,5.484118001093293
0.008675,0.005783333333333333,k192_model_assisted,1290.6564367225633,1290.4232385848738,1290.8800595893913,6.451631696246295,5.644938030387262,6.771492979124563,1287.6822898561084,5.499317856108291
0.008700000000000001,0.0058000000000000005,k192_model_assisted,1290.6719533079465,1290.4368940123784,1290.8972527562087,6.467148281629534,5.658587648080124,6.788692655586379,1287.6974897111234,5.51451771112329
0.008725,0.005816666666666666,k192_model_assisted,1290.6874459468688,1290.4505254083026,1290.9144233957713,6.48264092055183,5.672212891308384,6.805870188979277,1287.7126895661384,5.529717566138288
0.00875,0.005833333333333334,k192_model_assisted,1290.7029148363843,1290.4641331854798,1290.9315716006347,6.4981098100672625,5.685814181773358,6.823025661923802,1287.7278894211533,5.544917421153286
0.008775,0.005849999999999999,k192_model_assisted,1290.7183601735471,1290.4777177567432,1290.9486974633533,6.513555147230136,5.699391941176135,6.840159157038453,1287.7430892761683,5.560117276168285
0.0088,0.005866666666666667,k192_model_assisted,1290.7337821554122,1290.491279534927,1290.9658010764822,6.52897712909521,5.7129465912184845,6.857270756942183,1287.7582891311833,5.575317131183283
0.008825000000000001,0.005883333333333334,k192_model_assisted,1290.7491809790336,1290.5048189328638,1290.9828825325765,6.544375952716564,5.726478553601268,6.874360544254401,1287.7734889861983,5.590516986198281
0.00885,0.0059,k192_model_assisted,1290.7645568414653,1290.5183363633882,1290.9999419241913,6.5597518151482745,5.739988250025574,6.891428601594287,1287.7886888412133,5.60571684121328
0.008875000000000001,0.005916666666666667,k192_model_assisted,1290.7799099397623,1290.5318322393332,1291.016979343881,6.57510491344533,5.753476102193172,6.908475011581249,1287.8038886962283,5.620916696228278
0.0089,0.005933333333333333,k192_model_assisted,1290.7952404709781,1290.5453069735322,1291.0339948842013,6.590435444661125,5.766942531804469,6.925499856834014,1287.8190885512436,5.636116551243504
0.008925,0.00595,k192_model_assisted,1290.8105486321676,1290.5587609788192,1291.0509886377074,6.605743605850648,5.780387960561462,6.9425032199715355,1287.8342884062586,5.651316406258502
0.00895,0.005966666666666666,k192_model_assisted,1290.8258346203852,1290.5721946680276,1291.0679606969534,6.6210295940682045,5.793812810165012,6.959485183613448,1287.8494882612736,5.6665162612735
0.008975,0.0059833333333333336,k192_model_assisted,1290.8410986326846,1290.5856084539907,1291.0849111544944,6.636293606367644,5.8072175023166634,6.976445830378478,1287.8646881162886,5.681716116288499
0.009000000000000001,0.006,k192_model_assisted,1290.8563408661205,1290.5990027495423,1291.1018401028864,6.6515358398035005,5.820602458717276,6.993385242886489,1287.8798879713036,5.696915971303497
0.009025,0.006016666666666667,k192_model_assisted,1290.871561517747,1290.612377967516,1291.1187476346836,6.666756491430078,5.833968101068392,7.010303503755751,1287.894974163836,5.712002163835905
0.00905,0.006033333333333333,k192_model_assisted,1290.8867607846191,1290.6257345207455,1291.135633842441,6.681955758302138,5.8473148510711015,7.027200695605901,1287.9100603563684,5.727088356368313
0.009075,0.00605,k192_model_assisted,1290.9019388637903,1290.6390728220638,1291.1524988187136,6.697133837473302,5.860643130426946,7.044076901055665,1287.925146548901,5.742174548900948
0.0091,0.006066666666666666,k192_model_assisted,1290.9170959523153,1290.6523932843047,1291.1693426560569,6.712290925998332,5.87395336083656,7.060932202724451,1287.9402327414334,5.757260741433356
0.009125000000000001,0.006083333333333334,k192_model_assisted,1290.9322322472483,1290.665696320302,1291.1861654470256,6.727427220931304,5.887245964001713,7.077766683231666,1287.9553189339658,5.772346933965764
0.00915,0.0060999999999999995,k192_model_assisted,1290.9473479456437,1290.6789823428892,1291.2029672841743,6.742542919326752,5.900521361623267,7.094580425196038,1287.9704051264982,5.787433126498172
0.009175,0.006116666666666667,k192_model_assisted,1290.9624432445555,1290.6922517648995,1291.2197482600584,6.757638218238526,5.913779975402991,7.111373511236747,1287.9854913190309,5.802519319030807
0.0092,0.006133333333333333,k192_model_assisted,1290.9775183410386,1290.705504999167,1291.236508467233,6.772713314721614,5.927022227041747,7.128146023972973,1288.0005775115633,5.817605511563215
0.009225,0.00615,k192_model_assisted,1290.9925734321469,1290.7187424585252,1291.2532479982526,6.7877684058298655,5.940248538240623,7.144898046023898,1288.0156637040957,5.832691704095623
0.009250000000000001,0.0061666666666666675,k192_model_assisted,1291.0076087149348,1290.731964555807,1291.2699669456729,6.802803688617814,5.953459330701389,7.161629660008702,1288.0307498966283,5.8477778966282585
0.009275,0.006183333333333333,k192_model_assisted,1291.0226243864565,1290.7451717038462,1291.2866654020486,6.817819360139538,5.966655026124907,7.178340948546794,1288.0458360891607,5.8628640891606665
0.009300000000000001,0.006200000000000001,k192_model_assisted,1291.0376206437668,1290.758364315477,1291.3033434599342,6.832815617449796,5.979836046212264,7.1950319942569,1288.0609222816931,5.877950281693074
0.009325,0.006216666666666666,k192_model_assisted,1291.0525976839194,1290.7715428035322,1291.3200012118855,6.84779265760244,5.9930028126650035,7.2117028797582,1288.0760084742255,5.893036474225482
0.00935,0.006233333333333334,k192_model_assisted,1291.0675557039688,1290.7847075808456,1291.3366387504568,6.862750677651775,6.006155747184441,7.228353687669876,1288.0910946667582,5.908122666758118
0.009375,0.0062499999999999995,k192_model_assisted,1291.0824949009693,1290.7978590602509,1291.3532561682039,6.877689874652333,6.019295271471438,7.244984500611108,1288.1061808592906,5.923208859290526
0.0094,0.006266666666666667,k192_model_assisted,1291.0974154719759,1290.8109976545816,1291.3698535576807,6.892610445658875,6.032421807227308,7.26159540120085,1288.121267051823,5.938295051822934
0.009425000000000001,0.0062833333333333335,k192_model_assisted,1291.1123176140418,1290.8241237766713,1291.3864310114434,6.907512587724796,6.045535776153825,7.278186472058737,1288.1363532443554,5.9533812443553416
0.00945,0.0063,k192_model_assisted,1291.1272015242216,1290.8372378393533,1291.402988622046,6.922396497904629,6.058637599951847,7.294757795803267,1288.151439436888,5.968467436887977
0.009475,0.006316666666666667,k192_model_assisted,1291.1420673995701,1290.850340255461,1291.4195264820441,6.937262373253134,6.071727700322237,7.311309455054078,1288.1665256294204,5.983553629420385
0.0095,0.006333333333333333,k192_model_assisted,1291.1569154371416,1290.8634314378287,1291.4360446839923,6.952110410824616,6.084806498966991,7.327841532429893,1288.1816118219529,5.998639821952793
0.009525,0.00635,k192_model_assisted,1291.17174583399,1290.8765117992898,1291.452543320446,6.966940807672927,6.097874417586743,7.34435411055035,1288.1965972876508,6.0136252876507115
0.009550000000000001,0.006366666666666667,k192_model_assisted,1291.1865587871698,1290.8895817526773,1291.46902248396,6.9817537608528255,6.110931877883036,7.360847272034174,1288.2115827533487,6.02861075334863
0.009575,0.006383333333333333,k192_model_assisted,1291.201354493735,1290.9026417108248,1291.4854822670893,6.996549467417935,6.123979301556959,7.377321099500774,1288.2265682190466,6.043596219046549
0.009600000000000001,0.0064,k192_model_assisted,1291.2161331507407,1290.9156920865662,1291.501922762389,7.011328124423699,6.137017110310282,7.39377567556933,1288.2415536847448,6.058581684744695
0.009625,0.006416666666666666,k192_model_assisted,1291.2308949552403,1290.9287332927354,1291.518344062414,7.026089928923284,6.150045725843183,7.410211082858568,1288.2565391504427,6.073567150442614
0.00965,0.0064333333333333334,k192_model_assisted,1291.245640104289,1290.9417657421652,1291.5347462597192,7.040835077971906,6.163065569857661,7.426627403987897,1288.2715246161406,6.088552616140532
0.009675000000000001,0.006450000000000001,k192_model_assisted,1291.2603687949402,1290.9547898476894,1291.5511294468597,7.055563768623188,6.176077064055031,7.44302472157627,1288.2865100818385,6.103538081838451
0.0097,0.006466666666666667,k192_model_assisted,1291.2750812242487,1290.9678060221415,1291.5674937163906,7.070276197931662,6.189080630136381,7.459403118243323,1288.3014955475364,6.11852354753637
0.009725000000000001,0.006483333333333334,k192_model_assisted,1291.289777589269,1290.9808146783555,1291.5838391608668,7.084972562952089,6.202076689803027,7.475762676607554,1288.3164810132344,6.133509013234288
0.00975,0.0065,k192_model_assisted,1291.3044580870553,1290.9938162291644,1291.600165872843,7.099653060738319,6.215065664755603,7.492103479288371,1288.3314664789323,6.148494478932207
0.009775,0.006516666666666667,k192_model_assisted,1291.3191229146616,1291.0068110874022,1291.6164739448748,7.114317888344658,6.228047976696105,7.508425608905183,1288.3464519446304,6.163479944630353
0.0098,0.006533333333333333,k192_model_assisted,1291.3337722691424,1291.0197996659022,1291.6327634695165,7.128967242825411,6.241024047325169,7.524729148076943,1288.3614374103283,6.178465410328272
0.009825,0.00655,k192_model_assisted,1291.348406347552,1291.0327823774978,1291.6490345393238,7.14360132123511,6.253994298344791,7.541014179422378,1288.3764228760263,6.193450876026191
0.009850000000000001,0.006566666666666667,k192_model_assisted,1291.363025346945,1291.045759635023,1291.6652872468514,7.158220320628061,6.266959151455378,7.55728078556135,1288.3914083417242,6.208436341724109
0.009875,0.006583333333333333,k192_model_assisted,1291.3776294643756,1291.058731851311,1291.6815216846544,7.172824438058569,6.279919028358927,7.573529049112585,1288.406393807422,6.223421807422028
0.0099,0.0066,k192_model_assisted,1291.3922188968975,1291.0716994391955,1291.6977379452876,7.187413870580485,6.2928743507560725,7.589759052695264,1288.42137927312,6.238407273119947
0.009925,0.0066166666666666665,k192_model_assisted,1291.4067938415656,1291.0846628115103,1291.713936121306,7.201988815248569,6.305825540348584,7.605970878928568,1288.4363647388182,6.253392738818093
0.00995,0.006633333333333333,k192_model_assisted,1291.4213544954343,1291.097622381088,1291.7301163052646,7.2165494691173535,6.318773018837095,7.622164610431679,1288.451350204516,6.2683782045160115
0.009975000000000001,0.0066500000000000005,k192_model_assisted,1291.4359010555577,1291.1105785607635,1291.746278589719,7.231096029240689,6.331717207923604,7.638340329823321,1288.466335670214,6.28336367021393
0.01,0.006666666666666666,k192_model_assisted,1291.4504337189903,1291.1235317633693,1291.7624230672227,7.2456286926733355,6.344658529308517,7.65449811972313,1288.481321135912,6.298349135911849
0.010025000000000001,0.006683333333333334,k192_model_assisted,1291.464952682786,1291.1364824017398,1291.7785498303324,7.2601476564689165,6.3575974046938315,7.6706380627500605,1288.4962132315632,6.313241231563097
0.01005,0.006699999999999999,k192_model_assisted,1291.4794581439992,1291.1494308887077,1291.794658971602,7.274653117682192,6.370534255780181,7.68676024152352,1288.5111053272146,6.328133327214573
0.010075,0.006716666666666667,k192_model_assisted,1291.493950299685,1291.1623776371068,1291.8107505835874,7.289145273367922,6.383469504269336,7.702864738662234,1288.5259974228659,6.343025422865821
0.010100000000000001,0.006733333333333334,k192_model_assisted,1291.5084293468965,1291.1753230597712,1291.8268247588426,7.303624320579502,6.3964035718619305,7.718951636785385,1288.5408895185174,6.357917518517297
0.010125,0.00675,k192_model_assisted,1291.522895482689,1291.1882675695342,1291.8428815899233,7.31809045637192,6.4093368802599615,7.73502101851238,1288.5557816141686,6.3728096141685455
0.010150000000000001,0.006766666666666667,k192_model_assisted,1291.537348904116,1291.2012115792288,1291.858921169384,7.332543877799026,6.42226985116429,7.751072966462172,1288.57067370982,6.387701709820021
0.010175,0.006783333333333333,k192_model_assisted,1291.5517898082326,1291.2141555016892,1291.8749435897803,7.34698478191558,6.435202906275777,7.767107563253943,1288.5855658054713,6.40259380547127
0.0102,0.0068000000000000005,k192_model_assisted,1291.5662183920927,1291.2270997497487,1291.890948943667,7.361413365775661,6.448136467296194,7.783124891507101,1288.6004579011228,6.417485901122745
0.010225,0.006816666666666666,k192_model_assisted,1291.5806348527508,1291.2400447362409,1291.9069373235986,7.375829826433801,6.4610709559264,7.7991250338403715,1288.615349996774,6.432377996773994
0.01025,0.006833333333333334,k192_model_assisted,1291.5950393872608,1291.2529908739994,1291.9229088221305,7.39023436094385,6.474006793868166,7.815108072872936,1288.6302420924253,6.447270092425242
0.010275000000000001,0.00685,k192_model_assisted,1291.6094321926773,1291.2659385758577,1291.9388635318176,7.404627166360342,6.486944402821899,7.831074091223974,1288.6451341880768,6.462162188076718
0.0103,0.006866666666666667,k192_model_assisted,1291.6238134660548,1291.2788882546495,1291.9548015452149,7.419008439737809,6.499884204489823,7.847023171512668,1288.660026283728,6.477054283727966
0.010325,0.006883333333333333,k192_model_assisted,1291.6381834044475,1291.2918403232081,1291.9707229548778,7.433378378130556,6.5128266205725724,7.8629553963584256,1288.6749183793795,6.491946379379442
0.01035,0.0069,k192_model_assisted,1291.6525422049097,1291.3047951943668,1291.9866278533607,7.447737178592661,6.52577207277169,7.8788708483799725,1288.6898104750308,6.5068384750306905
0.010375,0.0069166666666666664,k192_model_assisted,1291.6668900644952,1291.3177532809602,1292.002516333219,7.462085038178202,6.538720982787809,7.894769610196717,1288.7047025706822,6.521730570682166
0.010400000000000001,0.006933333333333334,k192_model_assisted,1291.6812271802592,1291.330714995821,1292.0183884870073,7.476422153942167,6.551673772323155,7.910651764427386,1288.7195946663335,6.536622666333415
0.010425,0.00695,k192_model_assisted,1291.6955537492554,1291.3436807517826,1292.034244407281,7.490748722938406,6.564630863077906,7.926517393691841,1288.734486761985,6.55151476198489
0.010450000000000001,0.006966666666666667,k192_model_assisted,1291.7098699685384,1291.3566509616792,1292.050084186595,7.505064942221452,6.57759267675406,7.942366580608583,1288.7493788576362,6.566406857636139
0.010475,0.006983333333333333,k192_model_assisted,1291.7241760351621,1291.369626038344,1292.0659079175043,7.519371008845155,6.590559635052479,7.958199407796791,1288.7642709532877,6.5812989532876145
0.0105,0.007,k192_model_assisted,1291.7384721461815,1291.3826063946108,1292.0817156925636,7.5336671198645035,6.603532159674932,7.9740159578761,1288.779163048939,6.596191048938863
0.010525000000000001,0.007016666666666668,k192_model_assisted,1291.7527584986506,1291.3955924433126,1292.097507604328,7.547953472333575,6.616510672322054,7.9898163134654645,1288.7940056269285,6.611033626928474
0.01055,0.007033333333333333,k192_model_assisted,1291.7670352896234,1291.4085845972836,1292.113283745353,7.562230263306446,6.629495594695387,8.00560055718361,1288.8088482049181,6.625876204918086
0.010575000000000001,0.007050000000000001,k192_model_assisted,1291.7813027161549,1291.421583269357,1292.1290442081931,7.576497689837879,6.642487348495791,8.021368771650174,1288.8236907829078,6.6407187829076975
0.0106,0.007066666666666666,k192_model_assisted,1291.7955609752983,1291.4345888723665,1292.1447890854035,7.590755948981268,6.655486355425266,8.03712103948388,1288.8385333608974,6.655561360897309
0.010625,0.007083333333333334,k192_model_assisted,1291.809810264109,1291.4476018191453,1292.160518469539,7.6050052377920565,6.668493037184444,8.05285744330391,1288.8533759388872,6.670403938887148
0.01065,0.0070999999999999995,k192_model_assisted,1291.824050779641,1291.4606225225275,1292.1762324531549,7.619245753324094,6.681507815474413,8.0685780657299,1288.8682185168768,6.685246516876759
0.010675,0.007116666666666667,k192_model_assisted,1291.8382827189484,1291.4736513953465,1292.191931128806,7.633477692631459,6.694531111996945,8.084282989380348,1288.8830610948664,6.700089094866371
0.010700000000000001,0.0071333333333333335,k192_model_assisted,1291.8525062790857,1291.4866888504355,1292.2076145890474,7.647701252768684,6.707563348453126,8.099972296875118,1288.897903672856,6.7149316728559825
0.010725,0.00715,k192_model_assisted,1291.866721657107,1291.4997353006286,1292.223282926434,7.661916630790074,6.720604946544274,8.11564607083248,1288.9127462508457,6.729774250845594
0.010750000000000001,0.007166666666666667,k192_model_assisted,1291.8809290500672,1291.512791158759,1292.2389362335205,7.6761240237501625,6.733656327971248,8.131304393872297,1288.9275888288353,6.7446168288352055
0.010775,0.007183333333333333,k192_model_assisted,1291.8951286550198,1291.52585683766,1292.2545746028625,7.690323628702799,6.746717914435365,8.146947348613296,1288.9424314068249,6.759459406824817
0.0108,0.0072,k192_model_assisted,1291.9093206690197,1291.538932750166,1292.2701981270145,7.704515642702745,6.759790127638167,8.162575017674657,1288.9572739848145,6.774301984814429
0.010825000000000001,0.007216666666666667,k192_model_assisted,1291.9235052891208,1291.5520193091095,1292.285806898532,7.71870026280385,6.772873389280971,8.178187483676016,1288.972116562804,6.78914456280404
0.01085,0.007233333333333333,k192_model_assisted,1291.9376827123776,1291.5651169273249,1292.3014010099694,7.732877686060647,6.785968121064636,8.193784829235645,1288.9869591407937,6.803987140793652
0.010875000000000001,0.00725,k192_model_assisted,1291.9518531358447,1291.5782260176456,1292.316980553882,7.747048109527668,6.7990747446907065,8.209367136973405,1289.0018017187836,6.8188297187834905
0.0109,0.007266666666666666,k192_model_assisted,1291.9660167565762,1291.5913469929048,1292.3325456228254,7.76121173025922,6.812193681860043,8.224934489508025,1289.0166442967732,6.833672296773102
0.010925,0.0072833333333333335,k192_model_assisted,1291.9801737716261,1291.6044802659362,1292.3480963093534,7.775368745309152,6.8253253542744154,8.24048696945891,1289.0314868747628,6.848514874762714
0.01095,0.007299999999999999,k192_model_assisted,1291.9943243780492,1291.6176262495735,1292.363632706022,7.789519351732224,6.838470183634458,8.256024659445016,1289.0463294527524,6.863357452752325
0.010975,0.007316666666666667,k192_model_assisted,1292.0084687728995,1291.6307853566504,1292.3791549053856,7.803663746582515,6.851628591642168,8.271547642085523,1289.061172030742,6.878200030741937
0.011000000000000001,0.007333333333333334,k192_model_assisted,1292.0226071532315,1291.6439579999999,1292.3946629999994,7.8178021269145574,6.864800999997951,8.28705599999961,1289.0760146087316,6.893042608731548
0.011025,0.00735,k192_model_assisted,1292.0367132358106,1291.6571148627625,1292.4101330968178,7.831908209493577,6.87795786276052,8.302526096818102,1289.0907486745366,6.907776674536535
0.01105,0.007366666666666667,k192_model_assisted,1292.050761171215,1291.6702268306535,1292.425541822838,7.845956144898082,6.891069830651582,8.317934822838373,1289.1054827403414,6.922510740341295
0.011075,0.007383333333333333,k192_model_assisted,1292.0647518072194,1291.6832946203683,1292.4408900506794,7.859946780902419,6.9041376203663765,8.333283050679661,1289.1202168061463,6.937244806146282
0.0111,0.0074,k192_model_assisted,1292.078685991597,1291.696318948602,1292.4561786529612,7.873880965280023,6.917161948600143,8.348571652961434,1289.134950871951,6.951978871951042
0.011125000000000001,0.007416666666666667,k192_model_assisted,1292.0925645721231,1291.709300532051,1292.4714085023022,7.887759545806148,6.9301435320490326,8.363801502302476,1289.149684937756,6.966712937756029
0.01115,0.0074333333333333335,k192_model_assisted,1292.106388396571,1291.7222400874105,1292.4865804713222,7.901583370254002,6.943083087408511,8.37897347132248,1289.1644190035609,6.981447003560788
0.011175000000000001,0.00745,k192_model_assisted,1292.120158312715,1291.735138331376,1292.5016954326397,7.915353286397931,6.955981331374047,8.394088432640004,1289.1791530693658,6.996181069365775
0.0112,0.007466666666666667,k192_model_assisted,1292.133875168329,1291.7479959806433,1292.516754258875,7.929070142012051,6.968838980641334,8.409147258875196,1289.1938871351706,7.010915135170535
0.011225,0.007483333333333333,k192_model_assisted,1292.1475398111875,1291.7608137519087,1292.5317578226461,7.942734784870481,6.98165675190675,8.424150822646386,1289.2086212009756,7.025649200975522
0.011250000000000001,0.007500000000000001,k192_model_assisted,1292.1611530890643,1291.7735923618663,1292.546706996573,7.956348062747338,6.994435361864398,8.439099996573269,1289.2233552667806,7.040383266780509
0.011275,0.007516666666666666,k192_model_assisted,1292.1747158497335,1291.786332527213,1292.5616026532741,7.969910823416512,7.00717552721111,8.453995653274399,1289.2380893325853,7.055117332585269
0.011300000000000001,0.007533333333333334,k192_model_assisted,1292.1882289409696,1291.7990349646439,1292.5764456653699,7.983423914652576,7.019877964641897,8.468838665370154,1289.2528233983903,7.069851398390256
0.011325,0.007549999999999999,k192_model_assisted,1292.2016932105462,1291.8117003908544,1292.5912369054784,7.996888184229192,7.032543390852456,8.483629905478635,1289.267557464195,7.0845854641950154
0.01135,0.007566666666666667,k192_model_assisted,1292.2151095062375,1291.8243295225411,1292.6059772462197,8.010304479920478,7.045172522539162,8.498370246219991,1289.28229153,7.0993195300000025
0.011375,0.0075833333333333326,k192_model_assisted,1292.2284786758178,1291.8369230763983,1292.620667560212,8.023673649500779,7.057766076396347,8.513060560212326,1289.2970255958048,7.114053595804762
0.0114,0.0076,k192_model_assisted,1292.2418015670612,1291.8494817691226,1292.6353087200755,8.036996540744212,7.070324769120615,8.527701720075786,1289.3117596616098,7.128787661609749
0.011425000000000001,0.007616666666666667,k192_model_assisted,1292.2550790277419,1291.8620063174092,1292.6499015984289,8.050274001424896,7.082849317407205,8.542294598429157,1289.3264937274146,7.143521727414509
0.01145,0.007633333333333333,k192_model_assisted,1292.2683119056337,1291.8744974379536,1292.6644470678914,8.06350687931672,7.095340437951585,8.556840067891677,1289.3412277932196,7.158255793219496
0.011475,0.0076500000000000005,k192_model_assisted,1292.2815010485108,1291.8869558474516,1292.6789460010825,8.0766960221938,7.107798847449677,8.571339001082814,1289.3559618590243,7.172989859024256
0.0115,0.007666666666666666,k192_model_assisted,1292.2946473041472,1291.8993822625994,1292.6933992706213,8.089842277830257,7.120225262597405,8.585792270621578,1289.3706959248293,7.187723924829243
0.011525,0.007683333333333334,k192_model_assisted,1292.3077515203172,1291.9117774000913,1292.707807749127,8.102946494000207,7.1326204000893245,8.60020074912721,1289.3853500963648,7.202378096364782
0.011550000000000001,0.0077,k192_model_assisted,1292.320814544795,1291.924141976624,1292.7221723092184,8.116009518477995,7.144984976622041,8.614565309218719,1289.4000042679002,7.217032267900095
0.011575,0.007716666666666667,k192_model_assisted,1292.3338372253543,1291.9364767088928,1292.7364938235155,8.129032199037283,7.157319708890794,8.628886823515801,1289.4146584394357,7.231686439435634
0.011600000000000001,0.007733333333333333,k192_model_assisted,1292.3468204097696,1291.9487823135933,1292.750773164637,8.142015383452645,7.169625313591279,8.64316616463724,1289.4293126109712,7.246340610971174
0.011625,0.00775,k192_model_assisted,1292.359764945815,1291.9610595074212,1292.7650112052022,8.15495991949797,7.18190250741919,8.657404205202502,1289.4439667825065,7.2609947825064864
0.01165,0.0077666666666666665,k192_model_assisted,1292.3726716812644,1291.973309007072,1292.77920881783,8.167866654947375,7.194152007069995,8.671601817830371,1289.458620954042,7.275648954042026
0.011675000000000001,0.007783333333333334,k192_model_assisted,1292.385541463892,1291.9855315292411,1292.7933668751405,8.180736437574978,7.206374529239161,8.68575987514077,1289.4732751255776,7.290303125577566
0.0117,0.0078,k192_model_assisted,1292.3983751414714,1291.9977277906244,1292.8074862497517,8.193570115154444,7.218570790622383,8.699879249752026,1289.4879292971132,7.304957297113106
0.011725000000000001,0.007816666666666666,k192_model_assisted,1292.4111735617778,1292.0098985079178,1292.821567814284,8.206368535460797,7.230741507915811,8.71396081428429,1289.5025834686485,7.319611468648418
0.01175,0.007833333333333333,k192_model_assisted,1292.4239375725845,1292.0220443978167,1292.8356124413556,8.219132546267474,7.242887397814684,8.72800544135589,1289.517237640184,7.334265640183958
0.011775,0.00785,k192_model_assisted,1292.4366680216654,1292.0341661770162,1292.8496210035862,8.231862995348365,7.255009177014243,8.74201400358652,1289.5318918117196,7.348919811719497
0.0118,0.007866666666666666,k192_model_assisted,1292.4493657567955,1292.0462645622124,1292.863594373595,8.244560730478497,7.267107562210409,8.75598737359542,1289.5465459832549,7.36357398325481
0.011825,0.007883333333333332,k192_model_assisted,1292.462031625748,1292.0583402701009,1292.8775334240015,8.257226599431078,7.279183270098878,8.769926424001829,1289.5612001547904,7.378228154790349
0.011850000000000001,0.0079,k192_model_assisted,1292.474666476298,1292.0703940173776,1292.8914390274242,8.269861449980908,7.291237017375572,8.78383202742453,1289.575854326326,7.392882326325889
0.011875,0.007916666666666666,k192_model_assisted,1292.4872711562182,1292.0824265207375,1292.905312056483,8.282466129901195,7.303269520735503,8.797705056483219,1289.5905084978613,7.4075364978612015
0.0119,0.007933333333333334,k192_model_assisted,1292.499846513284,1292.0944384968766,1292.9191533837966,8.295041486966966,7.315281496874594,8.811546383796905,1289.6051626693968,7.422190669396741
0.011925,0.007949999999999999,k192_model_assisted,1292.512393395269,1292.1064306624903,1292.9329638819843,8.30758836895211,7.327273662488311,8.825356881984602,1289.6198168409323,7.436844840932281
0.01195,0.007966666666666667,k192_model_assisted,1292.524912649947,1292.1184037342746,1292.946744423666,8.320107623630065,7.339246734272578,8.83913742366623,1289.6344710124679,7.451499012467821
0.011975000000000001,0.007983333333333334,k192_model_assisted,1292.5374051250926,1292.1303584289246,1292.9604958814598,8.332600098775629,7.351201428922634,8.85288888146012,1289.6491251840032,7.466153184003133
0.012,0.008,k192_model_assisted,1292.5498716684797,1292.1422954631364,1292.9742191279856,8.345066642162692,7.363138463134401,8.866612127985963,1289.6637793555387,7.480807355538673
0.012025000000000001,0.008016666666666667,k192_model_assisted,1292.5623131278826,1292.1542155536054,1292.9879150358624,8.3575081015656,7.375058553603346,8.880308035862774,1289.6783084247634,7.495336424763309
0.01205,0.008033333333333333,k192_model_assisted,1292.574730351075,1292.166119417027,1293.0015844777097,8.369925324758015,7.386962417024939,8.893977477710017,1289.692837493988,7.509865493987945
0.012075,0.00805,k192_model_assisted,1292.5871241858313,1292.1780077700973,1293.0152283261464,8.382319159514282,7.3988507700953265,8.907621326146705,1289.7073665632129,7.524394563212809
0.012100000000000001,0.008066666666666666,k192_model_assisted,1292.5994954799257,1292.1898813295115,1293.0288474537917,8.394690453608746,7.410724329509523,8.921240453792077,1289.7218956324375,7.538923632437445
0.012125,0.008083333333333333,k192_model_assisted,1292.6118450811318,1292.2017408119655,1293.0424427332646,8.407040054814843,7.42258381196345,8.934835733264917,1289.7364247016621,7.553452701662081
0.012150000000000001,0.0081,k192_model_assisted,1292.6241738372244,1292.2135869341546,1293.0560150371853,8.419368810907372,7.434429934152575,8.948408037185601,1289.7509537708868,7.567981770886718
0.012175,0.008116666666666666,k192_model_assisted,1292.6364825959768,1292.225420412775,1293.0695652381717,8.431677569659769,7.446263412773047,8.961958238172004,1289.7654828401114,7.582510840111354
0.0122,0.008133333333333333,k192_model_assisted,1292.648772205164,1292.2372419645217,1293.083094208844,8.44396717884706,7.458084964519652,8.975487208844275,1289.7800119093363,7.5970399093362175
0.012225,0.00815,k192_model_assisted,1292.6610435125597,1292.2490523060906,1293.096602821821,8.456238486242682,7.46989530608854,8.988995821821424,1289.794540978561,7.611568978560854
0.01225,0.008166666666666666,k192_model_assisted,1292.6732973659373,1292.260852154177,1293.110091949722,8.468492339620298,7.4816951541749495,9.002484949722238,1289.8090700477856,7.62609804778549
0.012275000000000001,0.008183333333333334,k192_model_assisted,1292.6855346130722,1292.272642225477,1293.123562465166,8.48072958675516,7.493485225475031,9.01595546516641,1289.8235991170102,7.640627117010126
0.0123,0.008199999999999999,k192_model_assisted,1292.6977561017375,1292.2844232366863,1293.1370152407724,8.492951075420478,7.505266236684252,9.029408240772723,1289.8381281862348,7.655156186234763
0.012325000000000001,0.008216666666666667,k192_model_assisted,1292.709962679708,1292.2961959044999,1293.1504511491605,8.505157653391052,7.517038904497853,9.04284414916087,1289.8526572554597,7.669685255459626
0.01235,0.008233333333333332,k192_model_assisted,1292.7221551947573,1292.3079609456138,1293.1638710629493,8.517350168440316,7.528803945611755,9.056264062949639,1289.8671863246843,7.6842143246842625
0.012375,0.00825,k192_model_assisted,1292.7343344946596,1292.3197190767235,1293.1772758547581,8.529529468342616,7.540562076721426,9.069668854758493,1289.881715393909,7.698743393908899
0.012400000000000001,0.008266666666666667,k192_model_assisted,1292.7465014271893,1292.3314710145248,1293.190666397206,8.541696400872297,7.552314014522788,9.083059397206446,1289.8962444631336,7.713272463133535
0.012425,0.008283333333333334,k192_model_assisted,1292.75865684012,1292.3432174757131,1293.2040435629128,8.553851813803021,7.564060475711082,9.09643656291319,1289.9107735323582,7.727801532358171
0.012450000000000001,0.0083,k192_model_assisted,1292.7708015812264,1292.3549591769843,1293.217408224497,8.565996554909361,7.575802176982228,9.109801224497284,1289.925302601583,7.742330601583035
0.012475,0.008316666666666667,k192_model_assisted,1292.782936498282,1292.3666968350337,1293.2307612545778,8.57813147196498,7.587539835031696,9.123154254578193,1289.9398316708077,7.756859670807671
0.0125,0.008333333333333333,k192_model_assisted,1292.7950624390612,1292.378431166557,1293.2441035257748,8.590257412744222,7.5992741665549515,9.136496525775156,1289.9543607400324,7.771388740032307
0.012525000000000001,0.00835,k192_model_assisted,1292.8071802513384,1292.39016288825,1293.2574359107073,8.602375225021433,7.611005888247917,9.14982891070764,1289.968851444033,7.785879444032844
0.01255,0.008366666666666666,k192_model_assisted,1292.8192907828873,1292.4018927168079,1293.2707592819938,8.614485756570275,7.622735716805833,9.163152281994202,1289.9833421480332,7.800370148033153
0.012575000000000001,0.008383333333333333,k192_model_assisted,1292.831394881482,1292.413621368927,1293.2840745122544,8.626589855165093,7.634464368924849,9.176467512254764,1289.9978328520338,7.814860852033689
0.0126,0.0084,k192_model_assisted,1292.8434933948968,1292.4253495613025,1293.2973824741077,8.638688368579778,7.646192561300433,9.189775474108108,1290.0123235560343,7.829351556034226
0.012625,0.008416666666666666,k192_model_assisted,1292.8555871709057,1292.4370780106296,1293.3106840401733,8.650782144588675,7.657921010627597,9.203077040173703,1290.0268142600346,7.843842260034535
0.01265,0.008433333333333333,k192_model_assisted,1292.8676770572827,1292.4488074336048,1293.3239800830702,8.662872030965673,7.669650433602717,9.21637308307056,1290.0413049640351,7.858332964035071
0.012675,0.00845,k192_model_assisted,1292.879763901802,1292.4605385469229,1293.3372714754173,8.674958875485117,7.681381546920807,9.229664475417689,1290.0557956680357,7.872823668035608
0.012700000000000001,0.008466666666666667,k192_model_assisted,1292.8918485522381,1292.47227206728,1293.3505590898346,8.687043525921126,7.693115067278017,9.242952089835013,1290.0702863720362,7.887314372036144
0.012725,0.008483333333333332,k192_model_assisted,1292.9039318563644,1292.484008711372,1293.3638437989405,8.699126830047362,7.70485171137004,9.256236798940861,1290.0847770760365,7.901805076036453
0.012750000000000001,0.0085,k192_model_assisted,1292.9160146619556,1292.495749195894,1293.3771264753548,8.711209635638625,7.71659219589189,9.269519475355155,1290.099267780037,7.9162957800369895
0.012775,0.008516666666666665,k192_model_assisted,1292.928097816785,1292.5074942375416,1293.390407991696,8.723292790468122,7.728337237539488,9.282800991696451,1290.1137584840376,7.930786484037526
0.0128,0.008533333333333334,k192_model_assisted,1292.9401821686279,1292.5192445530104,1293.4036892205845,8.735377142310881,7.740087553008303,9.296082220584898,1290.128249188038,7.945277188037835
0.012825000000000001,0.00855,k192_model_assisted,1292.9522685652576,1292.5310008589963,1293.4169710346384,8.747463538940565,7.751843858994256,9.309364034638826,1290.1427398920384,7.959767892038371
0.01285,0.008566666666666667,k192_model_assisted,1292.964357854448,1292.5427638721953,1293.4302543064773,8.759552828131064,7.76360687219327,9.3226473064777,1290.157230596039,7.974258596038908
0.012875000000000001,0.008583333333333333,k192_model_assisted,1292.9764508839737,1292.554534309302,1293.4435399087204,8.771645857656722,7.775377309299902,9.33593290872076,1290.1717213000393,7.988749300039217
0.0129,0.0086,k192_model_assisted,1292.9885485016089,1292.5663128870126,1293.4568287139873,8.783743475291885,7.787155887010529,9.349221713987701,1290.1862120040398,8.003240004039753
0.012925,0.008616666666666667,k192_model_assisted,1293.0006515551272,1292.578100322023,1293.4701215948965,8.795846528810216,7.798943322020847,9.362514594896851,1290.2007027080404,8.01773070804029
0.012950000000000001,0.008633333333333333,k192_model_assisted,1293.0127608923033,1292.589897331028,1293.4834194240675,8.807955865986287,7.810740331025867,9.375812424067904,1290.215193412041,8.032221412040826
0.012975,0.00865,k192_model_assisted,1293.0248773609108,1292.601704630724,1293.4967230741197,8.82007233459376,7.822547630721967,9.3891160741201,1290.2296841160412,8.046712116041135
0.013000000000000001,0.008666666666666666,k192_model_assisted,1293.0370018087237,1292.6135229378062,1293.510033417672,8.832196782406754,7.83436593780416,9.40242641767245,1290.2441748200417,8.061202820041672
0.013025,0.008683333333333333,k192_model_assisted,1293.0491350835168,1292.6253529689704,1293.5233513273438,8.84433005719984,7.846195968968367,9.415744327344193,1290.258560544581,8.075588544581024
0.01305,0.0087,k192_model_assisted,1293.0612780330634,1292.6371954409124,1293.5366776757546,8.856473006746455,7.858038440910283,9.429070675755023,1290.2729462691204,8.089974269120376
0.013075,0.008716666666666666,k192_model_assisted,1293.0734315051382,1292.649051070327,1293.5500133355229,8.86862647882117,7.869894070324921,9.44240633552327,1290.28733199366,8.104359993659955
0.0131,0.008733333333333333,k192_model_assisted,1293.0855963475153,1292.6609205739107,1293.5633591792684,8.88079132119833,7.881763573908658,9.455752179268854,1290.3017177181994,8.118745718199307
0.013125000000000001,0.00875,k192_model_assisted,1293.0977734079684,1292.672804668359,1293.5767160796104,8.892968381651372,7.893647668356961,9.469109079610789,1290.3161034427387,8.133131442738659
0.01315,0.008766666666666666,k192_model_assisted,1293.1099635342716,1292.6847040703672,1293.5900849091677,8.905158507954638,7.905547070365071,9.482477909168084,1290.330489167278,8.14751716727801
0.013175000000000001,0.008783333333333334,k192_model_assisted,1293.1221675741995,1292.696619496631,1293.60346654056,8.917362547882476,7.91746249662891,9.495859540560435,1290.3448748918177,8.16190289181759
0.0132,0.008799999999999999,k192_model_assisted,1293.1343863755258,1292.7085516638458,1293.616861846406,8.929581349208775,7.929394663843717,9.509254846406398,1290.359260616357,8.176288616356942
0.013225,0.008816666666666667,k192_model_assisted,1293.1466207860249,1292.7205012887077,1293.6302716993255,8.941815759707879,7.9413442887056425,9.522664699325894,1290.3736463408964,8.190674340896294
0.013250000000000001,0.008833333333333334,k192_model_assisted,1293.1588716534702,1292.7324690879122,1293.643696971937,8.954066627153225,7.953312087910153,9.53608997193748,1290.388032065436,8.205060065435873
0.013275,0.00885,k192_model_assisted,1293.1711398256368,1292.7444557781548,1293.6571385368602,8.966334799319839,7.965298778152717,9.549531536860624,1290.4024177899753,8.219445789975225
0.013300000000000001,0.008866666666666667,k192_model_assisted,1293.1834261502984,1292.7564620761311,1293.6705972667141,8.978621123981384,7.977305076129029,9.562990266714564,1290.4168035145146,8.233831514514577
0.013325,0.008883333333333333,k192_model_assisted,1293.1957314752285,1292.7684886985364,1293.6840740341186,8.990926448911523,7.9893316985345555,9.576467034118764,1290.431189239054,8.248217239053929
0.01335,0.0089,k192_model_assisted,1293.208056648202,1292.780536362067,1293.6975697116918,9.003251621885056,8.001379362065219,9.589962711692014,1290.4455749635936,8.262602963593508
0.013375000000000001,0.008916666666666666,k192_model_assisted,1293.2204025169929,1292.792605783418,1293.7110851720533,9.015597490675873,8.013448783416033,9.603478172053547,1290.459960688133,8.27698868813286
0.0134,0.008933333333333333,k192_model_assisted,1293.232769929375,1292.8046976792855,1293.7246212878226,9.027964903058091,8.025540679283601,9.617014287822833,1290.4743464126723,8.291374412672212
0.013425000000000001,0.00895,k192_model_assisted,1293.2451597331228,1292.8168127663648,1293.738178931619,9.040354706805829,8.037655766362937,9.63057193161911,1290.4887321372116,8.305760137211564
0.01345,0.008966666666666666,k192_model_assisted,1293.2575727760097,1292.8289517613514,1293.751758976061,9.052767749692748,8.049794761349506,9.644151976061163,1290.5031178617512,8.320145861751143
0.013475,0.008983333333333333,k192_model_assisted,1293.2700099058106,1292.8411153809411,1293.7653622937685,9.065204879493649,8.061958380939233,9.657755293768686,1290.5175035862906,8.334531586290495
0.0135,0.009,k192_model_assisted,1293.282471970299,1292.8533043418297,1293.7789897573605,9.077666943981967,8.07414734182781,9.67138275736069,1290.53188931083,8.348917310829847
0.013525,0.009016666666666666,k192_model_assisted,1293.2949598172493,1292.8655193607124,1293.7926422394557,9.090154790932274,8.08636236071048,9.685035239455958,1290.5461963363907,8.363224336390658
0.013550000000000001,0.009033333333333334,k192_model_assisted,1293.307474294436,1292.877761154285,1293.8063206126744,9.102669268118916,8.098604154283162,9.698713612674641,1290.5605033619518,8.377531361951696
0.013575,0.009049999999999999,k192_model_assisted,1293.3200162496323,1292.8900304392432,1293.8200257496349,9.115211223315328,8.110873439241326,9.712418749635068,1290.5748103875126,8.391838387512507
0.013600000000000001,0.009066666666666667,k192_model_assisted,1293.3325865306128,1292.9023279322823,1293.833758522957,9.127781504295854,8.123170932280438,9.72615152295716,1290.5891174130734,8.406145413073318
0.013625,0.009083333333333332,k192_model_assisted,1293.3451859851516,1292.9146543500985,1293.8475198052595,9.140380958834612,8.135497350096648,9.739912805259701,1290.6034244386344,8.420452438634356
0.01365,0.0091,k192_model_assisted,1293.357815461023,1292.927010409387,1293.8613104691617,9.153010434705948,8.147853409385196,9.75370346916193,1290.6177314641952,8.434759464195167
0.013675000000000001,0.009116666666666667,k192_model_assisted,1293.3704758060007,1292.9393968268437,1293.8751313872826,9.16567077968375,8.160239826841776,9.76752438728286,1290.632038489756,8.449066489755978
0.0137,0.009133333333333334,k192_model_assisted,1293.383167867859,1292.9518143191638,1293.8889834322422,9.178362841541912,8.172657319161857,9.78137643224241,1290.6463455153169,8.463373515316789
0.013725000000000001,0.00915,k192_model_assisted,1293.3958924943722,1292.964263603043,1293.9028674766587,9.19108746805523,8.185106603041133,9.795260476658912,1290.660652540878,8.477680540877827
0.01375,0.009166666666666667,k192_model_assisted,1293.4086505333137,1292.976745395177,1293.916784393152,9.203845506996686,8.197588395175071,9.809177393152286,1290.6749595664387,8.491987566438638
0.013775,0.009183333333333333,k192_model_assisted,1293.4214428324588,1292.989260412262,1293.9307350543409,9.216637806141762,8.210103412260048,9.823128054341089,1290.6892665919995,8.506294591999449
0.013800000000000002,0.0092,k192_model_assisted,1293.4342702395802,1293.0018093709928,1293.9447203328452,9.229465213263211,8.22265237099085,9.837113332845469,1290.7035736175606,8.520601617560487
0.013825,0.009216666666666666,k192_model_assisted,1293.4471336024533,1293.0143929880653,1293.9587411012833,9.242328576136288,8.2352359880634,9.85113410128353,1290.7178806431214,8.534908643121298
0.013850000000000001,0.009233333333333333,k192_model_assisted,1293.4600337688512,1293.027011980175,1293.972798232275,9.2552287425342,8.247854980173162,9.86519123227519,1290.7321876686822,8.549215668682109
0.013875,0.00925,k192_model_assisted,1293.4729715865487,1293.039667064018,1293.986892598439,9.268166560231748,8.260510064016062,9.879285598439237,1290.7464946942432,8.563522694243147
0.013900000000000001,0.009266666666666666,k192_model_assisted,1293.4859479033194,1293.0523589562893,1294.0010250723954,9.281142877002367,8.273201956287338,9.89341807239559,1290.760801719804,8.577829719803958
0.013925,0.009283333333333333,k192_model_assisted,1293.4989635669378,1293.0650883736848,1294.0151965267626,9.294158540620856,8.285931373682912,9.907589526762807,1290.7751087453648,8.592136745364769
0.01395,0.0093,k192_model_assisted,1293.5120194251779,1293.0778560329002,1294.0294078341597,9.307214398860879,8.298699032898252,9.9218008341599,1290.7894157709256,8.60644377092558
0.013975000000000001,0.009316666666666668,k192_model_assisted,1293.5251163258135,1293.090662650631,1294.0436598672068,9.320311299496552,8.311505650629053,9.936052867207016,1290.8037227964867,8.620750796486618
0.014,0.009333333333333332,k192_model_assisted,1293.538255116619,1293.103508943573,1294.0579534985222,9.333450090301994,8.32435194357101,9.950346498522485,1290.8180298220475,8.635057822047429
0.014025000000000001,0.00935,k192_model_assisted,1293.5514366453685,1293.1163956284213,1294.0722896007258,9.34663161905155,8.337238628419362,9.964682600726002,1290.8322173140023,8.6492453140022
0.01405,0.009366666666666666,k192_model_assisted,1293.5646617598359,1293.1293234218722,1294.086669046436,9.359856733518882,8.35016642187026,9.97906204643635,1290.8464048059568,8.663432805956745
0.014075,0.009383333333333334,k192_model_assisted,1293.5779313077958,1293.142293040621,1294.1010927082732,9.37312628147879,8.36313604061917,9.993485708273452,1290.8605922979116,8.677620297911517
0.014100000000000001,0.0094,k192_model_assisted,1293.5912461370215,1293.1553052013633,1294.1155614588556,9.386441110704482,8.376148201361332,10.007954458855863,1290.8747797898664,8.691807789866289
0.014125,0.009416666666666667,k192_model_assisted,1293.6046070952877,1293.1683606207944,1294.1300761708028,9.399802068970757,8.389203620792442,10.02246917080305,1290.8889672818211,8.70599528182106
0.014150000000000001,0.009433333333333334,k192_model_assisted,1293.6180150303685,1293.1814600156106,1294.144637716734,9.413210004051507,8.402303015608648,10.037030716734254,1290.9031547737757,8.720182773775605
0.014175,0.00945,k192_model_assisted,1293.6314707900376,1293.194604102507,1294.1592469692682,9.42666576372062,8.415447102504965,10.051639969268484,1290.9173422657304,8.734370265730377
0.0142,0.009466666666666667,k192_model_assisted,1293.64497522207,1293.2077935981793,1294.1739048010247,9.440170195752899,8.428636598177313,10.06629780102498,1290.9315297576852,8.748557757685148
0.014225000000000002,0.009483333333333333,k192_model_assisted,1293.6585291742385,1293.2210292193236,1294.188612084623,9.453724147921548,8.441872219321615,10.081005084623209,1290.9457172496398,8.762745249639693
0.01425,0.0095,k192_model_assisted,1293.6721334943184,1293.2343116826348,1294.203369692682,9.46732846800137,8.455154682632884,10.095762692682182,1290.9599047415945,8.776932741594464
0.014275000000000001,0.009516666666666666,k192_model_assisted,1293.6857890300828,1293.2476417048088,1294.2181784978209,9.480984003765798,8.468484704806814,10.11057149782114,1290.9740922335493,8.791120233549236
0.0143,0.009533333333333333,k192_model_assisted,1293.6994966293064,1293.2610200025415,1294.233039372659,9.494691602989406,8.481863002539555,10.125432372659319,1290.9882797255038,8.80530772550378
0.014325000000000001,0.00955,k192_model_assisted,1293.7132571397633,1293.274447292528,1294.247953189816,9.50845211344631,8.49529029252612,10.140346189816187,1291.0024672174586,8.819495217458552
0.01435,0.009566666666666666,k192_model_assisted,1293.7270714092276,1293.2879242914646,1294.26292082191,9.52226638291063,8.508767291462657,10.155313821910301,1291.0166547094134,8.833682709413324
0.014375,0.009583333333333333,k192_model_assisted,1293.740940285473,1293.3014517160464,1294.2779431415606,9.536135259156026,8.522294716044406,10.170336141560902,1291.0308422013682,8.847870201368096
0.014400000000000001,0.009600000000000001,k192_model_assisted,1293.754864616274,1293.3150302829688,1294.2930210213879,9.550059589957073,8.535873282966838,10.185414021388135,1291.0450296933227,8.86205769332264
0.014425,0.009616666666666666,k192_model_assisted,1293.7688452494046,1293.328660708928,1294.3081553340103,9.564040223087659,8.5495037089261,10.20054833401056,1291.0592171852775,8.876245185277412
0.014450000000000001,0.009633333333333334,k192_model_assisted,1293.7828830326393,1293.3423437106194,1294.3233469520474,9.578078006322357,8.563186710617432,10.21573995204764,1291.0734046772322,8.890432677232184
0.014475,0.009649999999999999,k192_model_assisted,1293.7969788137514,1293.3560800047385,1294.3385967481177,9.592173787434376,8.576923004736528,10.230989748117935,1291.0875921691868,8.904620169186728
0.0145,0.009666666666666667,k192_model_assisted,1293.8111334405155,1293.3698703079813,1294.353905594841,9.606328414198515,8.590713307979312,10.246298594841365,1291.1017796611416,8.9188076611415
0.014525000000000001,0.009683333333333334,k192_model_assisted,1293.8253477607057,1293.383715337043,1294.3692743648364,9.620542734388664,8.604558337041023,10.261667364836715,1291.115916485387,8.932944485386997
0.01455,0.0097,k192_model_assisted,1293.839622622096,1293.397615808619,1294.3847039307234,9.63481759577894,8.61845880861713,10.277096930723678,1291.1300533096328,8.947081309632722
0.014575000000000001,0.009716666666666667,k192_model_assisted,1293.8539588724605,1293.4115724394053,1294.4001951651205,9.649153846143463,8.632415439403324,10.292588165120812,1291.1441901338783,8.96121813387822
0.0146,0.009733333333333333,k192_model_assisted,1293.8683573595733,1293.425585946098,1294.4157489406477,9.663552333256348,8.646428946095986,10.308141940648037,1291.158326958124,8.975354958123944
0.014625,0.00975,k192_model_assisted,1293.8828189312085,1293.4396570453916,1294.4313661299236,9.678013904891486,8.660500045389671,10.32375912992391,1291.1724637823695,8.989491782369441
0.014650000000000002,0.009766666666666667,k192_model_assisted,1293.8973444351402,1293.4537864539827,1294.4470476055678,9.692539408823222,8.674629453980758,10.339440605568127,1291.186600606615,9.003628606614939
0.014675,0.009783333333333333,k192_model_assisted,1293.911934719143,1293.4679748885665,1294.4627942401994,9.707129692825902,8.688817888564486,10.355187240199697,1291.2007374308607,9.017765430860663
0.014700000000000001,0.0098,k192_model_assisted,1293.92659063099,1293.4822230658385,1294.4786069064373,9.72178560467296,8.70306606583655,10.370999906437634,1291.2148742551062,9.03190225510616
0.014725,0.009816666666666666,k192_model_assisted,1293.941313018456,1293.4965317024944,1294.494486476901,9.736507992138968,8.717374702492418,10.386879476901402,1291.229011079352,9.046039079351885
0.014750000000000001,0.009833333333333333,k192_model_assisted,1293.9561027293153,1293.5109015152304,1294.5104338242102,9.751297702998272,8.731744515228465,10.40282682421047,1291.2431479035974,9.060175903597383
0.014775,0.00985,k192_model_assisted,1293.970960611341,1293.5253332207412,1294.526449820983,9.76615558502408,8.746176220739251,10.418842820983393,1291.257284727843,9.07431272784288
0.0148,0.009866666666666666,k192_model_assisted,1293.9858875123084,1293.539827535723,1294.5425353398396,9.78108248599142,8.760670535720925,10.434928339839866,1291.2714215520887,9.088449552088605
0.014825000000000001,0.009883333333333334,k192_model_assisted,1294.000884279991,1293.5543851768707,1294.5586912533986,9.796079253673952,8.775228176868726,10.4510842533989,1291.2855583763342,9.102586376334102
0.01485,0.009899999999999999,k192_model_assisted,1294.0159517621628,1293.569006860881,1294.5749184342797,9.811146735845796,8.789849860879032,10.467311434279962,1291.29969520058,9.116723200579827
0.014875000000000001,0.009916666666666667,k192_model_assisted,1294.0310908065983,1293.5836933044488,1294.5912177551018,9.826285780281296,8.804536304446856,10.483610755102063,1291.3138320248254,9.130860024825324
0.0149,0.009933333333333332,k192_model_assisted,1294.046302261071,1293.59844522427,1294.6075900884837,9.841497234754115,8.819288224268119,10.499983088483988,1291.3279688490709,9.144996849070822
0.014925,0.00995,k192_model_assisted,1294.0615869733558,1293.61326333704,1294.6240363070456,9.856781947038826,8.834106337038062,10.516429307045886,1291.3421056733166,9.159133673316546
0.014950000000000001,0.009966666666666667,k192_model_assisted,1294.076945791226,1293.6281483594546,1294.6405572834058,9.87214076490909,8.848991359452606,10.532950283406086,1291.356242497562,9.173270497562044
0.014975,0.009983333333333334,k192_model_assisted,1294.0923795624565,1293.6431010082094,1294.6571538901842,9.887574536139482,8.863944008207447,10.549546890184509,1291.3703793218078,9.187407321807768
0.015000000000000001,0.01,k192_model_assisted,1294.1078891348207,1293.658122,1294.6738269999994,9.903084108503663,8.878964999998052,10.566219999999712,1291.3845161460533,9.201544146053266
0.015025,0.010016666666666667,k192_model_assisted,1294.1235013129226,1293.673240461874,1294.6906017118733,9.91869628660561,8.894083461872004,10.582994711873663,1291.3985549132901,9.215582913290064
0.015050000000000001,0.010033333333333333,k192_model_assisted,1294.1392412999564,1293.6884840193168,1294.707501519316,9.934436273639449,8.909327019314775,10.599894519316434,1291.412593680527,9.229621680526861
0.015075,0.01005,k192_model_assisted,1294.1551075415814,1293.703851136682,1294.7245248866814,9.950302515264411,8.924694136680031,10.61691788668169,1291.4266324477635,9.243660447763432
0.0151,0.010066666666666666,k192_model_assisted,1294.1710984834574,1293.7193402783225,1294.7416702783219,9.96629345714041,8.94018327832053,10.63406327832219,1291.4406712150003,9.25769921500023
0.015125000000000001,0.010083333333333333,k192_model_assisted,1294.1872125712443,1293.7349499085917,1294.758936158591,9.982407544927355,8.95579290858971,10.65132915859137,1291.454709982237,9.271737982237028
0.01515,0.0101,k192_model_assisted,1294.2034482506017,1293.7506784918426,1294.7763209918419,9.998643224284706,8.971521491840557,10.668713991842216,1291.468748749474,9.285776749473825
0.015175000000000001,0.010116666666666666,k192_model_assisted,1294.2198039671887,1293.7665244924283,1294.7938232424276,10.014998940871692,8.98736749242628,10.686216242427939,1291.4827875167105,9.299815516710396
0.0152,0.010133333333333333,k192_model_assisted,1294.2362781666654,1293.7824863747019,1294.8114413747012,10.031473140348453,9.003329374699865,10.703834374701524,1291.4968262839473,9.313854283947194
0.015225,0.01015,k192_model_assisted,1294.2528692946914,1293.7985626030168,1294.829173853016,10.048064268374446,9.01940560301475,10.721566853016409,1291.510865051184,9.327893051183992
0.015250000000000001,0.010166666666666668,k192_model_assisted,1294.2695757969266,1293.8147516417262,1294.8470191417255,10.064770770609584,9.035594641724147,10.739412141725806,1291.5249038184209,9.34193181842079
0.015275,0.010183333333333332,k192_model_assisted,1294.28639611903,1293.8310519551826,1294.864975705182,10.081591092713097,9.051894955180586,10.757368705182245,1291.5389425856574,9.35597058565736
0.015300000000000001,0.0102,k192_model_assisted,1294.3033287066617,1293.8474620077398,1294.883042007739,10.09852368034467,9.068305007737733,10.775435007739391,1291.5529813528942,9.370009352894158
0.015325,0.010216666666666666,k192_model_assisted,1294.3203720054814,1293.8639802637508,1294.9012165137501,10.115566979164441,9.084823263748799,10.793609513750457,1291.567020120131,9.384048120130956
0.01535,0.010233333333333334,k192_model_assisted,1294.3375244611489,1293.8806051875686,1294.9194976875679,10.13271943483187,9.101448187566541,10.8118906875682,1291.5810588873678,9.398086887367754
0.015375000000000002,0.01025,k192_model_assisted,1294.354784519323,1293.8973352435464,1294.9378839935457,10.149979493005958,9.1181782435444,10.830276993546057,1291.5950976546044,9.412125654604324
0.0154,0.010266666666666667,k192_model_assisted,1294.3721506256645,1293.9141688960378,1294.9563738960371,10.167345599347527,9.13501189603581,10.848766896037471,1291.6091364218412,9.426164421841122
0.015425000000000001,0.010283333333333334,k192_model_assisted,1294.3896212258317,1293.931104609395,1294.9749658593944,10.184816199514671,9.151947609393078,10.86735885939474,1291.623175189078,9.44020318907792
0.01545,0.0103,k192_model_assisted,1294.4071947654859,1293.948140847972,1294.9936583479712,10.202389739168893,9.16898384796987,10.88605134797153,1291.6372139563148,9.454241956314718
0.015475000000000001,0.010316666666666667,k192_model_assisted,1294.4248696902853,1293.9652760761212,1295.0124498261205,10.220064663968287,9.186119076119168,10.904842826120829,1291.6512527235514,9.468280723551288
0.0155,0.010333333333333333,k192_model_assisted,1294.4426444458904,1293.9825087581967,1295.031338758196,10.237839419573447,9.20335175819464,10.9237317581963,1291.6652914907881,9.482319490788086
0.015525,0.01035,k192_model_assisted,1294.4605174779606,1293.999837358551,1295.0503236085503,10.255712451643603,9.220680358549041,10.942716608550702,1291.679257059028,9.496285059027969
0.015550000000000001,0.010366666666666666,k192_model_assisted,1294.4784872321554,1294.0172603415372,1295.0694028415364,10.27368220583844,9.23810334153513,10.96179584153679,1291.6932226272681,9.510250627268078
0.015575,0.010383333333333333,k192_model_assisted,1294.4965521541349,1294.034776171509,1295.0885749215083,10.291747127817871,9.255619171507027,10.980967921508688,1291.707188195508,9.524216195507961
0.015600000000000001,0.0104,k192_model_assisted,1294.5147106895581,1294.0523833128188,1295.107838312818,10.309905663241125,9.273226312816806,11.000231312818467,1291.7211537637481,9.53818176374807
0.015625,0.010416666666666666,k192_model_assisted,1294.5329612840853,1294.0700802298202,1295.1271914798194,10.328156257768342,9.290923229818135,11.019584479819796,1291.735119331988,9.552147331987953
0.01565,0.010433333333333333,k192_model_assisted,1294.5513023833755,1294.0878653868665,1295.1466328868657,10.346497357058524,9.308708386864453,11.039025886866114,1291.749084900228,9.566112900227836
0.015675,0.010450000000000001,k192_model_assisted,1294.569732433089,1294.1057372483103,1295.1661609983096,10.36492740677204,9.326580248308288,11.058553998309948,1291.763050468468,9.580078468467946
0.015700000000000002,0.010466666666666668,k192_model_assisted,1294.588249878885,1294.1236942785054,1295.1857742785046,10.383444852568118,9.344537278503307,11.078167278504967,1291.777016036708,9.594044036707828
0.015725,0.010483333333333332,k192_model_assisted,1294.6068531664234,1294.141734941804,1295.2054711918033,10.402048140106444,9.362577941802039,11.0978641918037,1291.790981604948,9.608009604947938
0.01575,0.010499999999999999,k192_model_assisted,1294.6255407413635,1294.1598577025607,1295.22525020256,10.420735715046476,9.380700702558606,11.117643202560267,1291.8049471731879,9.62197517318782
0.015775,0.010516666666666667,k192_model_assisted,1294.6443110493653,1294.1780610251274,1295.2451097751266,10.439506023048352,9.39890402512531,11.13750277512697,1291.8189127414278,9.635940741427703
0.0158,0.010533333333333334,k192_model_assisted,1294.6631625360885,1294.1963433738576,1295.2650483738569,10.458357509771531,9.41718637385559,11.15744137385725,1291.8328783096679,9.649906309667813
0.015825000000000002,0.01055,k192_model_assisted,1294.6820936471925,1294.2147032131047,1295.285064463104,10.47728862087547,9.435546213102656,11.177457463104316,1291.8468438779078,9.663871877907695
0.01585,0.010566666666666665,k192_model_assisted,1294.701102828337,1294.2331390072213,1295.3051565072205,10.49629780202008,9.453982007219267,11.197549507220927,1291.8608094461479,9.677837446147805
0.015875,0.010583333333333333,k192_model_assisted,1294.7201885251816,1294.2516492205611,1295.3253229705604,10.515383498864594,9.472492220559088,11.217715970560748,1291.8747750143878,9.691803014387688
0.0159,0.0106,k192_model_assisted,1294.7393491833861,1294.2702323174774,1295.3455623174766,10.53454415706915,9.491075317475332,11.237955317476992,1291.8887405826276,9.70576858262757
0.015925,0.010616666666666667,k192_model_assisted,1294.7585832486104,1294.2888867623224,1295.3658730123216,10.553778222293431,9.5097297623203,11.25826601232196,1291.9027061508677,9.71973415086768
0.015950000000000002,0.010633333333333335,k192_model_assisted,1294.7778891665134,1294.3076110194502,1295.3862535194494,10.573084140196443,9.528454019448112,11.278646519449772,1291.9166717191076,9.733699719107562
0.015975,0.01065,k192_model_assisted,1294.7972653827555,1294.3264035532134,1295.4067023032126,10.59246035643855,9.5472465532113,11.29909530321296,1291.9306372873477,9.747665287347672
0.016,0.010666666666666666,k192_model_assisted,1294.8167103429957,1294.3452628279656,1295.4272178279648,10.611905316678758,9.56610582796353,11.319610827965189,1291.9446028555876,9.761630855587555
0.016025,0.010683333333333333,k192_model_assisted,1294.8362224928944,1294.3641873080596,1295.4477985580588,10.631417466577432,9.585030308057556,11.340191558059216,1291.9584264661682,9.775454466168185
0.016050000000000002,0.010700000000000001,k192_model_assisted,1294.8558002781108,1294.3831754578484,1295.4684429578476,10.650995251793802,9.604018457846365,11.360835957848025,1291.972250076749,9.789278076749042
0.016075000000000002,0.010716666666666668,k192_model_assisted,1294.8754421443043,1294.402225741686,1295.489149491685,10.670637117987326,9.62306874168385,11.38154249168551,1291.9860736873297,9.803101687329672
0.0161,0.010733333333333333,k192_model_assisted,1294.8951465371351,1294.4213366239244,1295.5099166239236,10.690341510818143,9.642179623922313,11.402309623923973,1291.9998972979106,9.81692529791053
0.016125,0.01075,k192_model_assisted,1294.9149119022625,1294.4405065689175,1295.5307428189167,10.710106875945485,9.661349568915421,11.42313581891708,1292.0137209084912,9.83074890849116
0.01615,0.010766666666666667,k192_model_assisted,1294.9347366853465,1294.4597340410182,1295.5516265410174,10.72993165902949,9.680577041016157,11.444019541017816,1292.0275445190719,9.84457251907179
0.016175000000000002,0.010783333333333334,k192_model_assisted,1294.9546193320461,1294.4790175045796,1295.5725662545788,10.74981430572916,9.699860504577506,11.464959254579165,1292.0413681296527,9.858396129652647
0.0162,0.010799999999999999,k192_model_assisted,1294.9745582880216,1294.4983554239552,1295.5935604239544,10.769753261704636,9.719198423953134,11.485953423954793,1292.0551917402333,9.872219740233277
0.016225,0.010816666666666665,k192_model_assisted,1294.9945519989324,1294.5177462634974,1295.6146075134966,10.789746972615376,9.738589263495344,11.507000513497003,1292.0690153508142,9.886043350814134
0.01625,0.010833333333333334,k192_model_assisted,1295.0145989104378,1294.5371884875601,1295.6357059875593,10.809793884120836,9.758031487558029,11.528098987559687,1292.0828389613948,9.899866961394764
0.016275,0.01085,k192_model_assisted,1295.0346974681981,1294.5566805604963,1295.6568543104954,10.829892441881157,9.777523560494172,11.549247310495831,1292.0966625719755,9.913690571975394
0.016300000000000002,0.010866666666666667,k192_model_assisted,1295.0548461178728,1294.5762209466589,1295.678050946658,10.850041091555795,9.79706394665676,11.570443946658418,1292.1104861825563,9.927514182556251
0.016325,0.010883333333333332,k192_model_assisted,1295.075043305121,1294.595808110401,1295.6992943604002,10.870238278803981,9.816651110399002,11.59168736040066,1292.124309793137,9.941337793136881
0.01635,0.0109,k192_model_assisted,1295.095287475603,1294.6154405160762,1295.7205830160754,10.890482449286083,9.836283516074111,11.61297601607577,1292.1381334037178,9.955161403717739
0.016375,0.010916666666666667,k192_model_assisted,1295.1155770749783,1294.6351166280374,1295.7419153780365,10.910772048661329,9.855959628035299,11.634308378036957,1292.1519570142984,9.968985014298369
0.0164,0.010933333333333333,k192_model_assisted,1295.1359105489064,1294.6548349106374,1295.7632899106366,10.931105522589405,9.875677910635321,11.65568291063698,1292.165780624879,9.982808624878999
0.016425000000000002,0.010950000000000001,k192_model_assisted,1295.156286343047,1294.67459382823,1295.784705078229,10.951481316729996,9.895436828227844,11.677098078229506,1292.17960423546,9.996632235459856
0.01645,0.010966666666666666,k192_model_assisted,1295.1767029030595,1294.6943918451677,1295.8061593451673,10.97189787674256,9.915234845165855,11.698552345167514,1292.1934278460405,10.010455846040486
0.016475,0.010983333333333333,k192_model_assisted,1295.197158674604,1294.714227425804,1295.8276511758036,10.992353648287008,9.935070425802106,11.720044175803768,1292.2072514566214,10.024279456621343
0.0165,0.011,k192_model_assisted,1295.21765210334,1294.7340990344924,1295.849179034492,11.012847077023025,9.954942034490495,11.741572034492156,1292.221075067202,10.038103067201973
0.016525,0.011016666666666668,k192_model_assisted,1295.238181634927,1294.7540051355852,1295.8707413855848,11.03337660861007,9.974848135583322,11.763134385584983,1292.2348823429256,10.051910342925567
0.016550000000000002,0.011033333333333334,k192_model_assisted,1295.258745715025,1294.7739441934364,1295.892336693436,11.053940688708053,9.994787193434481,11.784729693436143,1292.2486896186492,10.06571761864916
0.016575,0.011049999999999999,k192_model_assisted,1295.2793427892932,1294.7939146723984,1295.913963422398,11.074537762976206,10.014757672396502,11.806356422398164,1292.262496894373,10.07952489437298
0.0166,0.011066666666666666,k192_model_assisted,1295.2999713033917,1294.8139150368247,1295.9356200368243,11.095166277074668,10.034758036822824,11.828013036824485,1292.2763041700966,10.093332170096573
0.016625,0.011083333333333334,k192_model_assisted,1295.3206297029794,1294.833943751069,1295.9573050010686,11.115824676662442,10.054786751067113,11.849698001068774,1292.2901114458202,10.107139445820167
0.01665,0.0111,k192_model_assisted,1295.3413164337169,1294.8539992794833,1295.979016779483,11.136511407399894,10.074842279481443,11.871409779483104,1292.3039187215438,10.12094672154376
0.016675000000000002,0.011116666666666667,k192_model_assisted,1295.3620299412632,1294.8740800864216,1296.0007538364212,11.157224914946255,10.094923086419708,11.89314683642137,1292.3177259972674,10.134753997267353
0.0167,0.011133333333333332,k192_model_assisted,1295.3827686712784,1294.8941846362368,1296.0225146362363,11.177963644961437,10.115027636234894,11.914907636236554,1292.3315332729912,10.148561272991174
0.016725,0.01115,k192_model_assisted,1295.4035310694217,1294.914311393282,1296.0442976432817,11.19872604310467,10.13515439328021,11.936690643281871,1292.3453405487148,10.162368548714767
0.01675,0.011166666666666667,k192_model_assisted,1295.424315581353,1294.9344588219103,1296.0661013219099,11.219510555036095,10.155301821908415,11.958494321910075,1292.3591478244384,10.17617582443836
0.016775,0.011183333333333333,k192_model_assisted,1295.445120652732,1294.9546253864753,1296.0879241364748,11.24031562641494,10.175468386473401,11.980317136475062,1292.372955100162,10.189983100161953
0.016800000000000002,0.011200000000000002,k192_model_assisted,1295.4659447292179,1294.9748095513294,1296.109764551329,11.261139702900891,10.195652551327472,12.002157551329132,1292.3867623758856,10.203790375885546
0.016825,0.011216666666666666,k192_model_assisted,1295.4867862564713,1294.9950097808264,1296.131621030826,11.281981230154315,10.21585278082452,12.02401403082618,1292.4005696516094,10.217597651609367
0.01685,0.011233333333333333,k192_model_assisted,1295.5076436801507,1295.015224539319,1296.1534920393185,11.30283865383376,10.236067539317075,12.045885039318735,1292.414376927333,10.23140492733296
0.016875,0.01125,k192_model_assisted,1295.5285154459166,1295.0354522911607,1296.1753760411602,11.323710419599593,10.256295291158803,12.067769041160464,1292.4281842030566,10.245212203056553
0.016900000000000002,0.011266666666666668,k192_model_assisted,1295.5493999994283,1295.0556915007041,1296.1972715007037,11.34459497311127,10.276534500702235,12.089664500703895,1292.4419914787802,10.259019478780147
0.016925000000000003,0.011283333333333334,k192_model_assisted,1295.5702957863455,1295.0759406323032,1296.2191768823027,11.365490760028479,10.296783632301263,12.111569882302923,1292.4557987545038,10.27282675450374
0.01695,0.0113,k192_model_assisted,1295.591201252328,1295.0961981503106,1296.24109065031,11.386396226010902,10.317041150308645,12.133483650310305,1292.4696060302276,10.28663403022756
0.016975,0.011316666666666666,k192_model_assisted,1295.6121148430352,1295.1164625190795,1296.263011269079,11.407309816718225,10.337305519077592,12.155404269079252,1292.4834133059512,10.300441305951153
0.017,0.011333333333333334,k192_model_assisted,1295.633035004127,1295.136732202963,1296.2849372029625,11.428229977809906,10.357575202961089,12.177330202962748,1292.4972205816748,10.314248581674747
0.017025000000000002,0.01135,k192_model_assisted,1295.6539601812626,1295.1570056663143,1296.3068669163138,11.449155154945629,10.377848666312346,12.199259916314006,1292.5109099141914,10.327937914191352
0.01705,0.011366666666666666,k192_model_assisted,1295.674888820102,1295.1772813734865,1296.328798873486,11.47008379378508,10.398124373484576,12.221191873486235,1292.524599246708,10.341627246707958
0.017075,0.011383333333333332,k192_model_assisted,1295.695819366305,1295.197557788833,1296.3507315388324,11.491014339987942,10.41840078883099,12.24312453883265,1292.5382885792249,10.355316579224791
0.0171,0.0114,k192_model_assisted,1295.716750265531,1295.2178333767067,1296.3726633767062,11.511945239213901,10.4386763767048,12.26505637670646,1292.5519779117415,10.369005911741397
0.017125,0.011416666666666667,k192_model_assisted,1295.7376799634396,1295.238106601461,1296.3945928514604,11.532874937122642,10.45894960145899,12.28698585146065,1292.565667244258,10.382695244258002
0.017150000000000002,0.011433333333333334,k192_model_assisted,1295.7586069056908,1295.2583759274482,1296.4165184274477,11.55380187937385,10.479218927446317,12.308911427447976,1292.579356576775,10.396384576774835
0.017175,0.011449999999999998,k192_model_assisted,1295.779529537944,1295.2786398190228,1296.4384385690223,11.574724511626982,10.499482819020901,12.33083156902256,1292.5930459092915,10.410073909291441
0.0172,0.011466666666666667,k192_model_assisted,1295.800446305859,1295.2988967405372,1296.4603517405367,11.595641279541951,10.519739740535273,12.352744740536933,1292.606735241808,10.423763241808047
0.017225,0.011483333333333333,k192_model_assisted,1295.821355655095,1295.3191451563443,1296.4822564063438,11.616550628777986,10.539988156342417,12.374649406344076,1292.6204245743247,10.437452574324652
0.01725,0.0115,k192_model_assisted,1295.842256031312,1295.3393835307977,1296.5041510307972,11.637451004995,10.560226530795772,12.39654403079743,1292.6341139068415,10.451141906841485
0.017275000000000002,0.011516666666666668,k192_model_assisted,1295.8631458801697,1295.3596103282503,1296.5260340782497,11.658340853852678,10.580453328248321,12.41842707824998,1292.6478032393582,10.464831239358091
0.0173,0.011533333333333333,k192_model_assisted,1295.8840236473275,1295.3798240130557,1296.5479040130551,11.679218621010477,10.600667013053732,12.44029701305539,1292.6614925718748,10.478520571874697
0.017325,0.01155,k192_model_assisted,1295.9048877784455,1295.4000230495665,1296.569759299566,11.700082752128537,10.620866049564533,12.462152299566192,1292.6751819043914,10.492209904391302
0.01735,0.011566666666666666,k192_model_assisted,1295.9257367191829,1295.4202059021359,1296.5915984021353,11.720931692865861,10.641048902133937,12.483991402135596,1292.688871236908,10.505899236907908
0.017375,0.011583333333333334,k192_model_assisted,1295.9465689151998,1295.4403710351176,1296.613419785117,11.741763888882815,10.66121403511561,12.505812785117268,1292.7025605694248,10.51958856942474
0.017400000000000002,0.011600000000000001,k192_model_assisted,1295.9673828121554,1295.4605169128638,1296.6352219128632,11.762577785838403,10.681359912861852,12.52761491286351,1292.7162499019414,10.533277901941346
0.017425,0.011616666666666666,k192_model_assisted,1295.9881768557095,1295.4806419997285,1296.657003249728,11.783371829392536,10.70148499972656,12.549396249728218,1292.729939234458,10.546967234457952
0.01745,0.011633333333333332,k192_model_assisted,1296.0089494915217,1295.5007447600647,1296.678762260064,11.804144465204672,10.721587760062715,12.571155260064376,1292.7436285669746,10.560656566974558
0.017475,0.01165,k192_model_assisted,1296.0296991652517,1295.520823658225,1296.7004974082245,11.824894138934724,10.741666658223076,12.592890408224738,1292.7573178994915,10.57434589949139
0.0175,0.011666666666666667,k192_model_assisted,1296.0504243225594,1295.540877158563,1296.7222071585625,11.845619296242376,10.761720158561083,12.614600158562745,1292.771007232008,10.588035232007996
0.017525000000000002,0.011683333333333334,k192_model_assisted,1296.071123409104,1295.5609037254321,1296.7438899754316,11.866318382787085,10.781746725430173,12.636282975431834,1292.7846360913259,10.601664091325802
0.01755,0.011699999999999999,k192_model_assisted,1296.0917948705455,1295.580901823185,1296.7655443231845,11.886989844228538,10.801744823183103,12.657937323184765,1292.7982649506434,10.61529295064338
0.017575,0.011716666666666667,k192_model_assisted,1296.1124371525434,1295.600869916175,1296.7871686661745,11.907632126226417,10.821712916173086,12.679561666174747,1292.8118938099612,10.628921809961184
0.0176,0.011733333333333333,k192_model_assisted,1296.1330487007572,1295.620806468755,1296.8087614687545,11.928243674440182,10.841649468753104,12.701154468754766,1292.8255226692788,10.642550669278762
0.017625000000000002,0.01175,k192_model_assisted,1296.1536279608467,1295.6407099452788,1296.8303211952782,11.948822934529744,10.861552945276825,12.722714195278487,1292.8391515285966,10.656179528596567
0.017650000000000002,0.011766666666666668,k192_model_assisted,1296.174173378472,1295.6605788100987,1296.8518463100982,11.969368352155016,10.881421810096779,12.74423931009844,1292.8527803879142,10.669808387914145
0.017675,0.011783333333333333,k192_model_assisted,1296.1946833992922,1295.6804115275686,1296.873335277568,11.989878372975227,10.90125452756663,12.765728277568291,1292.866409247232,10.68343724723195
0.0177,0.0118,k192_model_assisted,1296.2151564689668,1295.7002065620413,1296.8947865620407,12.010351442649835,10.921049562039364,12.787179562041025,1292.8800381065496,10.697066106549528
0.017725,0.011816666666666666,k192_model_assisted,1296.235591033156,1295.7199623778697,1296.916198627869,12.03078600683898,10.940805377867738,12.808591627869399,1292.8936669658674,10.710694965867333
0.017750000000000002,0.011833333333333335,k192_model_assisted,1296.2559855375189,1295.7396774394076,1296.937569939407,12.051180511201892,10.960520439405645,12.829962939407306,1292.9072958251852,10.724323825185138
0.017775,0.01185,k192_model_assisted,1296.2763384277157,1295.7593502110074,1296.9588989610068,12.07153340139871,10.980193211005387,12.851291961007048,1292.9209246845028,10.737952684502716
0.0178,0.011866666666666666,k192_model_assisted,1296.2966481494057,1295.7789791570228,1296.9801841570222,12.091843123088665,10.999822157020859,12.87257715702252,1292.9345535438206,10.751581543820521
0.017825,0.011883333333333333,k192_model_assisted,1296.3169131482484,1295.7985627418068,1297.0014239918062,12.112108121931442,11.019405741804816,12.893816991806476,1292.9481824031382,10.765210403138099
0.01785,0.0119,k192_model_assisted,1296.337131869904,1295.8180994297124,1297.0226169297118,12.132326843586952,11.03894242971047,12.91500992971213,1292.961811262456,10.778839262455904
0.017875000000000002,0.011916666666666667,k192_model_assisted,1296.3573027600314,1295.8375876850932,1297.0437614350926,12.152497733714426,11.058430685091261,12.936154435092922,1292.9754401217735,10.792468121773481
0.0179,0.011933333333333332,k192_model_assisted,1296.377424264291,1295.8570259723017,1297.064855972301,12.172619237974004,11.077868972299719,12.957248972301379,1292.9890689810913,10.806096981091287
0.017925,0.011949999999999999,k192_model_assisted,1296.3974948283421,1295.8764127556913,1297.0858990056906,12.192689802025143,11.09725575568928,12.97829200569094,1293.002697840409,10.819725840408864
0.01795,0.011966666666666667,k192_model_assisted,1296.4175128978445,1295.8957464996154,1297.1068889996147,12.212707871527527,11.116589499613386,12.999281999615047,1293.0163266997267,10.83335469972667
0.017975,0.011983333333333334,k192_model_assisted,1296.4374769184576,1295.9150256684268,1297.1278244184261,12.232671892140615,11.135868668424793,13.020217418426453,1293.0299555590443,10.846983559044247
0.018000000000000002,0.012,k192_model_assisted,1296.4573853358413,1295.934248726479,1297.1487037264783,12.252580309524319,11.15509172647694,13.0410967264786,1293.0435844183621,10.860612418362052
0.018025,0.012016666666666665,k192_model_assisted,1296.477236595655,1295.9534141381246,1297.169525388124,12.272431569338096,11.174257138122583,13.061918388124242,1293.0570746507726,10.874102650772556
0.01805,0.012033333333333333,k192_model_assisted,1296.4970291435584,1295.9725203677174,1297.1902878677167,12.292224117241403,11.193363367715389,13.082680867717048,1293.0705648831834,10.887592883183288
0.018075,0.01205,k192_model_assisted,1296.5167614252114,1295.9915658796103,1297.2109896296097,12.311956398894381,11.212408879608342,13.103382629610001,1293.0840551155939,10.901083115593792
0.0181,0.012066666666666667,k192_model_assisted,1296.5364318862735,1296.0105491381562,1297.2316291381555,12.331626859956486,11.231392138154199,13.124022138155858,1293.0975453480046,10.914573348004524
0.018125000000000002,0.012083333333333335,k192_model_assisted,1296.5560389724044,1296.0294686077086,1297.252204857708,12.351233946087405,11.250311607706626,13.144597857708286,1293.111035580415,10.928063580415028
0.01815,0.0121,k192_model_assisted,1296.5755811292634,1296.0483227526204,1297.2727152526197,12.370776102946365,11.269165752618381,13.16510825262004,1293.1245258128256,10.941553812825532
0.018175,0.012116666666666666,k192_model_assisted,1296.5950568025105,1296.067110037245,1297.2931587872442,12.390251776193509,11.287953037242902,13.185551787244561,1293.1380160452363,10.955044045236264
0.0182,0.012133333333333333,k192_model_assisted,1296.6144644378053,1296.0858289259354,1297.3135339259347,12.409659411488292,11.3066719259334,13.20592692593506,1293.1515062776468,10.968534277646768
0.018225,0.012150000000000001,k192_model_assisted,1296.6338024808076,1296.1044778830442,1297.3338391330435,12.428997454490627,11.32532088304218,13.226232133043839,1293.1649965100576,10.9820245100575
0.018250000000000002,0.012166666666666668,k192_model_assisted,1296.653069377177,1296.1230553729256,1297.354072872925,12.448264350859972,11.343898372923586,13.246465872925246,1293.178486742468,10.995514742468004
0.018275,0.012183333333333332,k192_model_assisted,1296.6722635725728,1296.1415598599322,1297.3742336099315,12.467458546255784,11.362402859930151,13.26662660993181,1293.1919769748786,11.009004974878508
0.0183,0.012199999999999999,k192_model_assisted,1296.691383512655,1296.159989808417,1297.3943198084164,12.486578486337976,11.380832808415086,13.286712808416745,1293.2054672072893,11.02249520728924
0.018325,0.012216666666666667,k192_model_assisted,1296.710427643083,1296.1783436827336,1297.414329932733,12.505622616766004,11.399186682731601,13.30672293273326,1293.2189574396998,11.035985439699743
0.01835,0.012233333333333334,k192_model_assisted,1296.7293944095165,1296.1966199472347,1297.434262447234,12.524589383199555,11.417462947232682,13.32665544723434,1293.2324476721105,11.049475672110475
0.018375000000000002,0.01225,k192_model_assisted,1296.7482822576155,1296.2148170662736,1297.4541158162729,12.543477231298539,11.43566006627154,13.346508816273198,1293.245937904521,11.06296590452098
0.0184,0.012266666666666665,k192_model_assisted,1296.7670896330392,1296.2329335042034,1297.4738885042027,12.562284606722187,11.453776504201386,13.366281504203045,1293.2594281369315,11.076456136931483
0.018425,0.012283333333333334,k192_model_assisted,1296.7858149814476,1296.2509677253774,1297.4935789753767,12.58100995513064,11.471810725375432,13.38597197537709,1293.2729183693423,11.089946369342215
0.01845,0.0123,k192_model_assisted,1296.8044567485001,1296.2689181941487,1297.513185694148,12.599651722183125,11.489761194146663,13.405578694148321,1293.2864086017528,11.103436601752719
0.018475000000000002,0.012316666666666667,k192_model_assisted,1296.8230133798563,1296.2867833748705,1297.5327071248698,12.61820835353933,11.507626374868515,13.425100124870177,1293.2998988341635,11.11692683416345
0.018500000000000003,0.012333333333333335,k192_model_assisted,1296.8414833211764,1296.304561731896,1297.5521417318953,12.636678294859394,11.525404731893977,13.444534731895638,1293.313389066574,11.130417066573955
0.018525,0.01235,k192_model_assisted,1296.8598650181193,1296.3222517295778,1297.5714879795771,12.655059991802318,11.543094729575802,13.463880979577464,1293.3268047691106,11.143832769110531
0.01855,0.012366666666666666,k192_model_assisted,1296.878156916345,1296.33985183227,1297.5907443322692,12.673351890028016,11.560694832267886,13.483137332269548,1293.3402204716474,11.157248471647335
0.018575,0.012383333333333333,k192_model_assisted,1296.8963574615132,1296.3573605043248,1297.609909254324,12.691552435196172,11.578203504322758,13.50230225432442,1293.353636174184,11.170664174183912
0.018600000000000002,0.012400000000000001,k192_model_assisted,1296.9144650992835,1296.374776210096,1297.6289812100952,12.709660072966471,11.595619210093856,13.521374210095518,1293.3670518767206,11.184079876720489
0.018625,0.012416666666666666,k192_model_assisted,1296.9324782753156,1296.3920974139362,1297.6479586639355,12.727673248998599,11.612940413934165,13.540351663935827,1293.3804675792574,11.197495579257293
0.01865,0.012433333333333333,k192_model_assisted,1296.950395435269,1296.409322580199,1297.6668400801982,12.745590408952012,11.630165580196897,13.559233080198558,1293.393883281794,11.21091128179387
0.018675,0.01245,k192_model_assisted,1296.9682150248034,1296.4264501732375,1297.6856239232368,12.763409998486395,11.64729317323549,13.57801692323715,1293.4072989843305,11.224326984330446
0.0187,0.012466666666666668,k192_model_assisted,1296.9859354895784,1296.4434786574047,1297.704308657404,12.781130463261434,11.6643216574027,13.596701657404362,1293.4207146868673,11.23774268686725
0.018725000000000002,0.012483333333333334,k192_model_assisted,1297.003555275254,1296.460406497054,1297.7228927470533,12.79875024893704,11.681249497051969,13.61528574705363,1293.434130389404,11.251158389403827
0.01875,0.012499999999999999,k192_model_assisted,1297.0210728274897,1296.477232156538,1297.7413746565373,12.816267801172671,11.698075156536051,13.633767656537712,1293.4475460919407,11.26457409194063
0.018775,0.012516666666666666,k192_model_assisted,1297.0384865919448,1296.4939541002102,1297.7597528502095,12.833681565627785,11.714797100208159,13.65214585020982,1293.4609617944773,11.277989794477207
0.0188,0.012533333333333334,k192_model_assisted,1297.055795014279,1296.5105707924242,1297.7780257924235,12.850989987962066,11.731413792422186,13.670418792423847,1293.4743774970138,11.291405497013784
0.018825,0.01255,k192_model_assisted,1297.0729965401524,1296.527080697532,1297.7961919475313,12.868191513835427,11.74792369752998,13.688584947531641,1293.4877931995507,11.304821199550588
0.018850000000000002,0.012566666666666667,k192_model_assisted,1297.0900896152248,1296.5434822798882,1297.8142497798874,12.88528458890778,11.764325279886117,13.706642779887778,1293.5012089020872,11.318236902087165
0.018875,0.012583333333333332,k192_model_assisted,1297.1070726851547,1296.5597740038447,1297.832197753844,12.902267658837673,11.780617003842671,13.724590753844332,1293.5146246046238,11.331652604623741
0.0189,0.0126,k192_model_assisted,1297.123944195603,1296.5759543337551,1297.8500343337544,12.919139169285927,11.796797333753082,13.742427333754742,1293.5280403071606,11.345068307160545
0.018925,0.012616666666666667,k192_model_assisted,1297.1407025922285,1296.592021733973,1297.8677579839723,12.935897565911546,11.812864733971015,13.760150983972675,1293.5414560096972,11.358484009697122
0.01895,0.012633333333333333,k192_model_assisted,1297.1573463206914,1296.6079746688508,1297.88536716885,12.952541294374441,11.828817668848773,13.777760168850433,1293.5548717122338,11.371899712233699
0.018975000000000002,0.012650000000000002,k192_model_assisted,1297.1738738266513,1296.623811602742,1297.9028603527413,12.969068800334298,11.844654602740022,13.795253352741682,1293.5682874147706,11.385315414770503
0.019,0.012666666666666666,k192_model_assisted,1297.1902835557676,1296.639531,1297.9202359999992,12.985478529450575,11.860373999997973,13.812628999999633,1293.5817031173071,11.39873111730708
0.019025,0.012683333333333333,k192_model_assisted,1297.2066228284182,1296.6551799062736,1297.9375411562728,13.001817802101186,11.876022906271526,13.829934156273186,1293.5950831814173,11.412111181417231
0.01905,0.0127,k192_model_assisted,1297.2229399413618,1296.6708063293922,1297.9548238293914,13.018134915044811,11.891649329390171,13.847216829391831,1293.6084632455272,11.425491245527155
0.019075,0.012716666666666668,k192_model_assisted,1297.2392348048293,1296.6864101769784,1297.9720839269776,13.034429778512276,11.907253176976305,13.864476926977964,1293.6218433096374,11.438871309637307
0.019100000000000002,0.012733333333333334,k192_model_assisted,1297.2555073290507,1296.701991356655,1297.9893213566543,13.050702302733725,11.922834356653004,13.881714356654664,1293.6352233737473,11.452251373747231
0.019125,0.01275,k192_model_assisted,1297.2717574242574,1296.7175497760456,1298.0065360260448,13.06695239794044,11.938392776043575,13.898929026045234,1293.6486034378574,11.465631437857382
0.01915,0.012766666666666666,k192_model_assisted,1297.2879850006798,1296.7330853427725,1298.0237278427717,13.083179974362793,11.953928342770412,13.916120842772072,1293.6619835019674,11.479011501967307
0.019175,0.012783333333333334,k192_model_assisted,1297.3041899685484,1296.7485979644587,1298.0408967144579,13.099384942231382,11.969440964456595,13.933289714458255,1293.6753635660775,11.492391566077458
0.019200000000000002,0.0128,k192_model_assisted,1297.320372238094,1296.764087548727,1298.0580425487262,13.115567211777034,11.984930548724973,13.950435548726633,1293.6887436301874,11.505771630187382
0.019225000000000003,0.012816666666666667,k192_model_assisted,1297.336531719547,1296.7795540032007,1298.0751652531999,13.13172669323012,12.000397003198625,13.967558253200284,1293.7021236942976,11.519151694297534
0.01925,0.012833333333333332,k192_model_assisted,1297.3526683231387,1296.7949972355025,1298.0922647355017,13.147863296821697,12.0158402355004,13.98465773550206,1293.7155037584077,11.532531758407686
0.019275,0.01285,k192_model_assisted,1297.3687819590991,1296.8104171532548,1298.109340903254,13.163976932782134,12.031260153252695,14.001733903254355,1293.7288838225177,11.54591182251761
0.0193,0.012866666666666667,k192_model_assisted,1297.3848725376588,1296.8258136640811,1298.1263936640803,13.180067511341804,12.046656664079043,14.018786664080702,1293.7422638866278,11.559291886627761
0.019325000000000002,0.012883333333333333,k192_model_assisted,1297.4009399690492,1296.8411866756041,1298.1434229256033,13.196134942732215,12.062029675602066,14.035815925603725,1293.7556439507377,11.572671950737686
0.019350000000000003,0.012900000000000002,k192_model_assisted,1297.4169841635003,1296.8565360954467,1298.1604285954459,13.212179137183284,12.077379095444615,14.052821595446273,1293.769024014848,11.586052014847837
0.019375,0.012916666666666667,k192_model_assisted,1297.4330050312433,1296.8718618312319,1298.177410581231,13.228200004926293,12.092704831229767,14.069803581231426,1293.7824040789578,11.599432078957761
0.0194,0.012933333333333333,k192_model_assisted,1297.4490024825084,1296.8871637905822,1298.1943687905814,13.244197456191387,12.108006790580147,14.086761790581805,1293.795784143068,11.612812143067913
0.019425,0.01295,k192_model_assisted,1297.4649764275266,1296.902441881121,1298.21130313112,13.260171401209618,12.123284881118831,14.10369613112049,1293.809164207178,11.626192207177837
0.019450000000000002,0.012966666666666668,k192_model_assisted,1297.4809267765281,1296.917696010471,1298.2282135104701,13.276121750211132,12.138539010468898,14.120606510470557,1293.822544271288,11.639572271287989
0.019475,0.012983333333333333,k192_model_assisted,1297.496853439744,1296.932926086255,1298.2450998362542,13.292048413426983,12.153769086252971,14.13749283625463,1293.835924335398,11.652952335397913
0.0195,0.013,k192_model_assisted,1297.5127563274048,1296.9481320160958,1298.261962016095,13.307951301087769,12.168975016093674,14.154355016095332,1293.8493043995081,11.666332399508065
0.019525,0.013016666666666666,k192_model_assisted,1297.528635349741,1296.9633137076169,1298.278799957616,13.32383032342409,12.184156707614765,14.171192957616423,1293.8625920192806,11.679620019280492
0.01955,0.013033333333333334,k192_model_assisted,1297.5444904169835,1296.9784710684405,1298.2956135684396,13.339685390666546,12.199314068438412,14.188006568440073,1293.875879639053,11.692907639052919
0.019575000000000002,0.01305,k192_model_assisted,1297.560321439363,1296.9936040061893,1298.312402756189,13.355516413045962,12.214447006187468,14.20479575618913,1293.8891672588254,11.706195258825346
0.0196,0.013066666666666666,k192_model_assisted,1297.57612832711,1297.0087124284871,1298.3291674284867,13.371323300792938,12.229555428485238,14.2215604284869,1293.9024548785978,11.719482878597773
0.019625,0.013083333333333332,k192_model_assisted,1297.591910990455,1297.0237962429562,1298.3459074929558,13.387105964138073,12.244639242954344,14.238300492956006,1293.9157424983703,11.7327704983702
0.01965,0.0131,k192_model_assisted,1297.6076693396292,1297.03885535722,1298.3626228572195,13.402864313312193,12.259698357218092,14.255015857219753,1293.9290301181427,11.746058118142628
0.019675,0.013116666666666667,k192_model_assisted,1297.623403284863,1297.0538896789008,1298.3793134289003,13.418598258545899,12.274732678898877,14.271706428900538,1293.9423177379151,11.759345737915055
0.019700000000000002,0.013133333333333334,k192_model_assisted,1297.6391127363866,1297.0688991156214,1298.395979115621,13.434307710069561,12.28974211561955,14.288372115621211,1293.9556053576875,11.772633357687482
0.019725,0.013149999999999998,k192_model_assisted,1297.6547976044312,1297.0838835750055,1298.412619825005,13.449992578114234,12.304726575003643,14.305012825005305,1293.96889297746,11.78592097745991
0.01975,0.013166666666666667,k192_model_assisted,1297.6704577992273,1297.0988429646752,1298.4292354646748,13.465652772910289,12.319685964673326,14.321628464674987,1293.9821805972324,11.799208597232337
0.019775,0.013183333333333333,k192_model_assisted,1297.6860932310055,1297.1137771922538,1298.4458259422534,13.481288204688553,12.334620192251903,14.338218942253564,1293.9954682170046,11.812496217004536
0.0198,0.0132,k192_model_assisted,1297.7017038099968,1297.1286861653643,1298.462391165364,13.496898783679853,12.349529165362451,14.354784165364112,1294.008755836777,11.825783836776964
0.019825000000000002,0.013216666666666668,k192_model_assisted,1297.7172894464316,1297.1435697916293,1298.4789310416288,13.51248442011456,12.364412791627368,14.371324041629029,1294.0220434565495,11.83907145654939
0.01985,0.013233333333333333,k192_model_assisted,1297.7328500505403,1297.1584279786719,1298.4954454786714,13.528045024223275,12.379270978669958,14.387838478671618,1294.0353310763219,11.852359076321818
0.019875,0.01325,k192_model_assisted,1297.748385532554,1297.1732606341145,1298.511934384114,13.54358050623705,12.394103634112616,14.404327384114277,1294.0486186960943,11.865646696094245
0.0199,0.013266666666666666,k192_model_assisted,1297.763895802703,1297.1880676655805,1298.52839766558,13.559090776386029,12.408910665578649,14.42079066558031,1294.0619063158667,11.878934315866672
0.019925000000000002,0.013283333333333334,k192_model_assisted,1297.7793807712183,1297.2028489806928,1298.5448352306923,13.574575744901267,12.423691980690906,14.437228230692567,1294.0751939356392,11.8922219356391
0.019950000000000002,0.013300000000000001,k192_model_assisted,1297.7948403483304,1297.2176044870744,1298.561246987074,13.590035322013364,12.438447487072466,14.453639987074126,1294.0884815554116,11.905509555411527
0.019975,0.013316666666666666,k192_model_assisted,1297.8102744442697,1297.2323340923474,1298.577632842347,13.60546941795269,12.453177092345497,14.470025842347157,1294.101769175184,11.918797175183954
0.02,0.013333333333333332,k192_model_assisted,1297.8256829692675,1297.2470377041357,1298.5939927041352,13.620877942950528,12.467880704133758,14.486385704135419,1294.1150567949564,11.932084794956381
0.020025,0.01335,k192_model_assisted,1297.841065833554,1297.2617152300618,1298.6103264800613,13.636260807237022,12.482558230059874,14.502719480061534,1294.1281969214758,11.945224921475756
0.020050000000000002,0.013366666666666667,k192_model_assisted,1297.8564229473598,1297.2763665777481,1298.6266340777477,13.65161792104277,12.49720957774624,14.5190270777479,1294.1413370479952,11.95836504799513
0.020075000000000003,0.013383333333333334,k192_model_assisted,1297.8717542209158,1297.2909916548183,1298.6429154048178,13.666949194598828,12.511834654816388,14.535308404818048,1294.1544771745146,11.971505174514505
0.0201,0.013399999999999999,k192_model_assisted,1297.8870595644528,1297.3055903688949,1298.6591703688944,13.682254538135794,12.526433368892942,14.551563368894602,1294.167617301034,11.98464530103388
0.020125,0.013416666666666667,k192_model_assisted,1297.9023388882008,1297.3201626276007,1298.6753988776002,13.697533861883812,12.541005627598752,14.567791877600412,1294.1807574275535,11.997785427553481
0.02015,0.013433333333333334,k192_model_assisted,1297.9175921023912,1297.3347083385588,1298.6916008385583,13.712787076074164,12.555551338556896,14.583993838558555,1294.193897554073,12.010925554072855
0.020175000000000002,0.01345,k192_model_assisted,1297.9328191172542,1297.3492274093921,1298.7077761593916,13.728014090937222,12.570070409390224,14.600169159391884,1294.2070376805923,12.02406568059223
0.020200000000000003,0.013466666666666668,k192_model_assisted,1297.9480198430206,1297.363719747723,1298.7239247477225,13.743214816703585,12.584562747721133,14.616317747722793,1294.2201778071117,12.037205807111604
0.020225,0.013483333333333333,k192_model_assisted,1297.9631941899213,1297.3781852611753,1298.7400465111748,13.758389163604306,12.599028261173382,14.632439511175042,1294.233317933631,12.050345933630979
0.02025,0.0135,k192_model_assisted,1297.9783420681865,1297.3926238573713,1298.7561413573708,13.773537041869531,12.613466857369367,14.648534357371027,1294.2464580601504,12.063486060150353
0.020275,0.013516666666666666,k192_model_assisted,1297.9934633880473,1297.4070354439339,1298.7722091939333,13.788658361730313,12.62787844393194,14.664602193933598,1294.2595981866698,12.076626186669728
0.020300000000000002,0.013533333333333335,k192_model_assisted,1298.0085580597338,1297.4214199284863,1298.7882499284858,13.803753033416797,12.642262928484403,14.680642928486062,1294.2727383131892,12.089766313189102
0.020325,0.01355,k192_model_assisted,1298.0236259934773,1297.4357772186509,1298.8042634686503,13.818820967160264,12.656620218648927,14.696656468650586,1294.2858784397085,12.102906439708477
0.02035,0.013566666666666666,k192_model_assisted,1298.0386670995083,1297.450107222051,1298.8202497220504,13.833862073191312,12.670950222049044,14.712642722050703,1294.299018566228,12.116046566227851
0.020375,0.013583333333333333,k192_model_assisted,1298.053681288057,1297.4644098463095,1298.836208596309,13.848876261740088,12.685252846307604,14.728601596309263,1294.3121586927475,12.129186692747453
0.0204,0.013600000000000001,k192_model_assisted,1298.0686684693549,1297.478684999049,1298.8521399990484,13.863863443037872,12.699527999047003,14.744532999048662,1294.325298819267,12.142326819266827
0.020425000000000002,0.013616666666666668,k192_model_assisted,1298.0836285536316,1297.4929325878925,1298.868043837892,13.87882352731458,12.713775587890547,14.760436837892206,1294.3384389457863,12.155466945786202
0.02045,0.013633333333333332,k192_model_assisted,1298.0985614511187,1297.5071525204633,1298.8839200204627,13.893756424801722,12.727995520461313,14.776313020462972,1294.3515790723056,12.168607072305576
0.020475,0.013649999999999999,k192_model_assisted,1298.1134670720462,1297.5213447043836,1298.899768454383,13.908662045729216,12.742187704381697,14.792161454383356,1294.364719198825,12.18174719882495
0.0205,0.013666666666666667,k192_model_assisted,1298.128345326645,1297.5355090472767,1298.9155890472762,13.923540300328114,12.756352047274778,14.807982047276436,1294.3778593253444,12.194887325344325
0.020525,0.013683333333333334,k192_model_assisted,1298.1431961251462,1297.5496454567656,1298.931381706765,13.938391098829243,12.770488456763632,14.82377470676529,1294.390966223714,12.207994223713968
0.020550000000000002,0.0137,k192_model_assisted,1298.15801937778,1297.563753840473,1298.9471463404725,13.953214351462975,12.78459684047111,14.839539340472768,1294.4040731220837,12.22110112208361
0.020575,0.013716666666666665,k192_model_assisted,1298.1728149947771,1297.5778341060218,1298.9628828560212,13.968009968460137,12.798677106019834,14.855275856021496,1294.4171800204533,12.234208020453252
0.0206,0.013733333333333334,k192_model_assisted,1298.1875828863679,1297.591886161035,1298.9785911610345,13.982777860050874,12.812729161033115,14.870984161034773,1294.430286918823,12.247314918822894
0.020625,0.01375,k192_model_assisted,1298.2023229627837,1297.6059099131353,1298.9942711631347,13.997517936466693,12.82675291313334,14.886664163135002,1294.4433938171926,12.260421817192537
0.02065,0.013766666666666667,k192_model_assisted,1298.2170351342547,1297.619905269946,1299.0099227699454,14.01223010793774,12.840748269944049,14.90231576994571,1294.456500715562,12.273528715561952
0.020675000000000002,0.013783333333333335,k192_model_assisted,1298.2317193110116,1297.6338721390894,1299.0255458890888,14.026914284694612,12.854715139087407,14.917938889089069,1294.4696076139317,12.286635613931594
0.0207,0.0138,k192_model_assisted,1298.2463754032854,1297.647810428189,1299.0411404281883,14.041570376968366,12.868653428186947,14.933533428188609,1294.4827145123013,12.299742512301236
0.020725,0.013816666666666666,k192_model_assisted,1298.2610033213061,1297.661720044867,1299.0567062948664,14.056198294989144,12.882563044865066,14.949099294866727,1294.495821410671,12.312849410670879
0.02075,0.013833333333333333,k192_model_assisted,1298.2756029753052,1297.6756008967468,1299.0722433967462,14.070797948988229,12.89644389674484,14.964636396746501,1294.5089283090406,12.32595630904052
0.020775000000000002,0.013850000000000001,k192_model_assisted,1298.2901742755125,1297.6894528914513,1299.0877516414507,14.085369249195537,12.910295891449348,14.980144641451009,1294.5220352074102,12.339063207410163
0.020800000000000003,0.013866666666666668,k192_model_assisted,1298.3047171321593,1297.7032759366032,1299.1032309366026,14.09991210584235,12.924118936601213,14.995623936602874,1294.5351421057799,12.352170105779805
0.020825,0.013883333333333333,k192_model_assisted,1298.3192314554763,1297.7170699398257,1299.118681189825,14.114426429159266,12.93791293982374,15.0110741898254,1294.5482490041495,12.365277004149448
0.02085,0.0139,k192_model_assisted,1298.3337171556934,1297.7308348087413,1299.1341023087407,14.128912129376431,12.951677808739325,15.026495308740985,1294.5613559025192,12.37838390251909
0.020875,0.013916666666666667,k192_model_assisted,1298.3481741430421,1297.7445704509732,1299.1494942009726,14.143369116725125,12.965413450971273,15.041887200972933,1294.5744628008888,12.391490800888732
0.020900000000000002,0.013933333333333334,k192_model_assisted,1298.3626023277527,1297.7582767741442,1299.1648567741436,14.157797301435721,12.979119774142207,15.057249774143868,1294.5875696992582,12.404597699258147
0.020925000000000003,0.01395,k192_model_assisted,1298.3770016200558,1297.771953685877,1299.1801899358763,14.172196593738818,12.992796685874978,15.072582935876639,1294.6006765976279,12.41770459762779
0.02095,0.013966666666666665,k192_model_assisted,1298.3913719301822,1297.7856010937946,1299.195493593794,14.186566903865241,13.006444093792664,15.087886593794325,1294.6137834959975,12.430811495997432
0.020975,0.013983333333333334,k192_model_assisted,1298.4057131683624,1297.79921890552,1299.2107676555195,14.200908142045364,13.020061905518116,15.103160655519776,1294.6268903943671,12.443918394367074
0.021,0.014,k192_model_assisted,1298.4200252448275,1297.8128070286762,1299.2260120286755,14.215220218510467,13.033650028674183,15.118405028675843,1294.6399972927368,12.457025292736716
0.021025000000000002,0.014016666666666667,k192_model_assisted,1298.4343080698075,1297.826365370886,1299.2412266208853,14.229503043490467,13.047208370883943,15.133619620885604,1294.6529995905703,12.470027590570226
0.021050000000000003,0.014033333333333335,k192_model_assisted,1298.4485615535332,1297.8398938397718,1299.2564113397711,14.243756527216192,13.060736839769794,15.148804339771454,1294.6660018884038,12.483029888403735
0.021075,0.01405,k192_model_assisted,1298.4627856062357,1297.8533923429572,1299.2715660929566,14.257980579918694,13.074235342955266,15.163959092956926,1294.6790041862373,12.496032186237244
0.0211,0.014066666666666667,k192_model_assisted,1298.4769801381456,1297.866860788065,1299.2866907880643,14.272175111828574,13.087703788062983,15.179083788064643,1294.692006484071,12.50903448407098
0.021125,0.014083333333333333,k192_model_assisted,1298.4911450594932,1297.8802990827178,1299.3017853327171,14.286340033176202,13.101142082715796,15.194178332717456,1294.7050087819046,12.52203678190449
0.021150000000000002,0.014100000000000001,k192_model_assisted,1298.5052802805092,1297.8937071345383,1299.3168496345377,14.300475254192179,13.114550134536328,15.209242634537988,1294.718011079738,12.535039079737999
0.021175,0.014116666666666666,k192_model_assisted,1298.5193857114248,1297.90708485115,1299.3318836011495,14.314580685107785,13.127927851148112,15.224276601149771,1294.7310133775716,12.548041377571508
0.0212,0.014133333333333333,k192_model_assisted,1298.5334612624702,1297.9204321401755,1299.3468871401749,14.328656236153165,13.141275140173542,15.239280140175202,1294.744015675405,12.561043675405017
0.021225,0.01415,k192_model_assisted,1298.5475068438757,1297.9337489092377,1299.361860159237,14.342701817558691,13.154591909235698,15.254253159237358,1294.7570179732386,12.574045973238526
0.02125,0.014166666666666668,k192_model_assisted,1298.5615223658726,1297.9470350659594,1299.3768025659588,14.356717339555644,13.16787806595743,15.26919556595909,1294.7700202710723,12.587048271072263
0.021275000000000002,0.014183333333333334,k192_model_assisted,1298.5755077386914,1297.9602905179638,1299.3917142679632,14.370702712374396,13.181133517961815,15.284107267963474,1294.7830225689058,12.600050568905772
0.0213,0.014199999999999999,k192_model_assisted,1298.5894628725628,1297.9735151728732,1299.4065951728726,14.384657846245773,13.19435817287125,15.298988172872908,1294.7960248667393,12.613052866739281
0.021325,0.014216666666666666,k192_model_assisted,1298.6033876777171,1297.986708938311,1299.4214451883104,14.398582651400147,13.207551938309038,15.313838188310697,1294.8090271645729,12.62605516457279
0.02135,0.014233333333333334,k192_model_assisted,1298.6172820643856,1297.9998717219,1299.4362642218994,14.412477038068573,13.220714721898032,15.328657221899691,1294.8220294624064,12.6390574624063
0.021375,0.01425,k192_model_assisted,1298.6311459427982,1298.0130034312633,1299.4510521812626,14.426340916481195,13.233846431261309,15.343445181262968,1294.8350317602399,12.652059760239808
0.021400000000000002,0.014266666666666667,k192_model_assisted,1298.6449792231863,1298.0261039740235,1299.4658089740228,14.440174196869293,13.246946974021492,15.358201974023151,1294.8480340580734,12.665062058073318
0.021425,0.014283333333333332,k192_model_assisted,1298.65878181578,1298.0391732578032,1299.4805345078025,14.453976789463013,13.260016257801205,15.372927507802864,1294.8610363559071,12.678064355907054
0.02145,0.0143,k192_model_assisted,1298.6725536308102,1298.0522111902258,1299.495228690225,14.467748604493181,13.273054190223752,15.38762169022541,1294.8740386537406,12.691066653740563
0.021475,0.014316666666666667,k192_model_assisted,1298.6862945785076,1298.0652176789142,1299.5098914289135,14.481489552190624,13.28606067891221,15.40228442891387,1294.8870409515741,12.704068951574072
0.021500000000000002,0.014333333333333333,k192_model_assisted,1298.7000045691027,1298.078192631491,1299.5245226314903,14.495199542785713,13.299035631488978,15.416915631490637,1294.9000432494076,12.717071249407581
0.021525000000000002,0.014350000000000002,k192_model_assisted,1298.7136835128263,1298.0911359555794,1299.5391222055787,14.508878486509275,13.31197895557736,15.431515205579018,1294.912998647488,12.730026647487875
0.02155,0.014366666666666666,k192_model_assisted,1298.7273313199091,1298.104047558802,1299.5536900588013,14.522526293592136,13.324890558799977,15.446083058801635,1294.9259540455682,12.74298204556817
0.021575,0.014383333333333333,k192_model_assisted,1298.7409479005817,1298.1169273487817,1299.568226098781,14.53614287426467,13.337770348779681,15.46061909878134,1294.9389094436488,12.75593744364869
0.0216,0.0144,k192_model_assisted,1298.7545331650745,1298.1297752331418,1299.582730233141,14.549728138757473,13.350618233139777,15.475123233141439,1294.951864841729,12.768892841728984
0.021625000000000002,0.014416666666666668,k192_model_assisted,1298.7680870236186,1298.1425911195047,1299.597202369504,14.563281997301601,13.363434119502664,15.489595369504322,1294.9648202398093,12.781848239809278
0.021650000000000003,0.014433333333333334,k192_model_assisted,1298.7816093864442,1298.1553749154937,1299.611642415493,14.576804360127198,13.37621791549164,15.504035415493302,1294.9777756378896,12.794803637889572
0.021675,0.01445,k192_model_assisted,1298.7951001637825,1298.1681265287314,1299.6260502787306,14.590295137465546,13.388969528729335,15.518443278730997,1294.99073103597,12.807759035969866
0.0217,0.014466666666666666,k192_model_assisted,1298.8085592658638,1298.1808458668406,1299.64042586684,14.603754239546788,13.401688866838597,15.532818866840259,1295.0036864340505,12.820714434050387
0.021725,0.014483333333333334,k192_model_assisted,1298.8219866029187,1298.1935328374445,1299.6547690874438,14.617181576601752,13.414375837442504,15.547162087444166,1295.0166418321307,12.833669832130681
0.021750000000000002,0.0145,k192_model_assisted,1298.8353820851783,1298.206187348166,1299.6690798481652,14.630577058861263,13.427030348163907,15.561472848165568,1295.029597230211,12.846625230210975
0.021775000000000003,0.014516666666666667,k192_model_assisted,1298.8487456228727,1298.2188093066277,1299.683358056627,14.643940596555694,13.439652306625655,15.575751056627317,1295.0425526282913,12.859580628291269
0.0218,0.014533333333333332,k192_model_assisted,1298.8620771262333,1298.2313986204526,1299.697603620452,14.657272099916327,13.4522416204506,15.589996620452261,1295.0555080263716,12.872536026371563
0.021825,0.01455,k192_model_assisted,1298.8753765054896,1298.2439551972639,1299.7118164472631,14.670571479172622,13.46479819726182,15.60420944726348,1295.0684634244521,12.885491424452084
0.02185,0.014566666666666667,k192_model_assisted,1298.8886436708735,1298.2564789446842,1299.7259964446835,14.683838644556545,13.477321944682163,15.618389444683825,1295.0814188225324,12.898446822532378
0.021875000000000002,0.014583333333333334,k192_model_assisted,1298.901878532615,1298.2689697703368,1299.740143520336,14.697073506298011,13.48981277033471,15.632536520336371,1295.0943742206127,12.911402220612672
0.0219,0.014599999999999998,k192_model_assisted,1298.9150810009448,1298.2814275818437,1299.754257581843,14.710275974627848,13.502270581841628,15.64665058184329,1295.107329618693,12.924357618692966
0.021925,0.014616666666666667,k192_model_assisted,1298.9282509860934,1298.2938522868287,1299.768338536828,14.723445959776427,13.514695286826678,15.660731536828338,1295.1202850167733,12.93731301677326
0.02195,0.014633333333333333,k192_model_assisted,1298.9413883982922,1298.306243792914,1299.7823862929133,14.736583371975257,13.527086792912026,15.674779292913687,1295.1332404148538,12.950268414853781
0.021975,0.01465,k192_model_assisted,1298.9544931477708,1298.3186020077233,1299.7964007577225,14.7496881214538,13.539445007721207,15.688793757722868,1295.1461958129341,12.963223812934075
0.022000000000000002,0.014666666666666668,k192_model_assisted,1298.967565144761,1298.3309268388787,1299.810381838878,14.762760118444021,13.551769838876616,15.702774838878277,1295.1591512110144,12.976179211014369
0.022025,0.014683333333333333,k192_model_assisted,1298.9806042994924,1298.3432181940034,1299.8243294440026,14.77579927317538,13.564061194001331,15.716722444002992,1295.1719261230558,12.988954123055692
0.02205,0.0147,k192_model_assisted,1298.9936105221964,1298.3554759807205,1299.8382434807197,14.788805495879387,13.57631898071843,15.73063648072009,1295.184701035097,13.001729035097014
0.022075,0.014716666666666666,k192_model_assisted,1299.0065837231034,1298.3677001066526,1299.8521238566518,14.801778696786414,13.588543106650535,15.744516856652195,1295.1974759471384,13.014503947138337
0.0221,0.014733333333333334,k192_model_assisted,1299.019523812444,1298.3798904794228,1299.865970479422,14.81471878612706,13.600733479420725,15.758363479422385,1295.2102508591797,13.02727885917966
0.022125000000000002,0.014750000000000001,k192_model_assisted,1299.032430700449,1298.3920470066537,1299.879783256653,14.827625674131923,13.612890006651623,15.772176256653283,1295.223025771221,13.040053771220983
0.02215,0.014766666666666666,k192_model_assisted,1299.0453042973488,1298.4041695959686,1299.8935620959678,14.840499271031831,13.625012595966535,15.785955095968195,1295.2358006832624,13.052828683262305
0.022175,0.014783333333333332,k192_model_assisted,1299.0581445133744,1298.4162581549901,1299.9073069049894,14.853339487057383,13.637101154988082,15.799699904989742,1295.2485755953037,13.065603595303628
0.0222,0.0148,k192_model_assisted,1299.0709512587562,1298.4283125913412,1299.9210175913404,14.866146232439178,13.649155591339117,15.813410591340777,1295.261350507345,13.07837850734495
0.022225,0.014816666666666667,k192_model_assisted,1299.083724443725,1298.4403328126446,1299.9346940626438,14.878919417408042,13.661175812642488,15.827087062644148,1295.2741254193863,13.091153419386274
0.022250000000000002,0.014833333333333334,k192_model_assisted,1299.0964639785113,1298.4523187265238,1299.948336226523,14.891658952194348,13.67316172652173,15.84072922652339,1295.2869003314277,13.103928331427596
0.022275,0.014849999999999999,k192_model_assisted,1299.1091697733461,1298.4642702406009,1299.9619439906,14.904364747029149,13.685113240598783,15.854336990600443,1295.299675243469,13.116703243468919
0.0223,0.014866666666666667,k192_model_assisted,1299.1218417384598,1298.4761872624995,1299.9755172624987,14.917036712142817,13.697030262497407,15.867910262499066,1295.3124501555103,13.129478155510242
0.022325,0.014883333333333333,k192_model_assisted,1299.1344797840832,1298.4880696998416,1299.9890559498408,14.929674757766179,13.708912699839543,15.881448949841202,1295.3252250675516,13.142253067551565
0.022350000000000002,0.0149,k192_model_assisted,1299.1470838204466,1298.4999174602513,1300.0025599602504,14.942278794129606,13.720760460249178,15.894952960250837,1295.337999979593,13.155027979592887
0.022375000000000003,0.014916666666666668,k192_model_assisted,1299.1596537577814,1298.5117304513506,1300.0160292013497,14.95484873146438,13.73257345134848,15.90842220135014,1295.3507748916343,13.16780289163421
0.0224,0.014933333333333333,k192_model_assisted,1299.1721895063174,1298.5235085807626,1300.0294635807618,14.967384480000419,13.74435158076053,15.921856580762189,1295.3635498036756,13.180577803675533
0.022425,0.01495,k192_model_assisted,1299.1846909762858,1298.5352517561103,1300.0428630061094,14.979885949968775,13.756094756108174,15.935256006109833,1295.376324715717,13.193352715716856
0.02245,0.014966666666666666,k192_model_assisted,1299.197158077917,1298.5469598850163,1300.0562273850155,14.992353051600048,13.767802885014266,15.948620385015925,1295.3890996277582,13.206127627758178
0.022475000000000002,0.014983333333333335,k192_model_assisted,1299.209590721442,1298.558632875104,1300.0695566251031,15.004785695125065,13.779475875101882,15.961949625103541,1295.4018745397996,13.218902539799501
0.022500000000000003,0.015000000000000001,k192_model_assisted,1299.2219888170912,1298.570270633996,1300.0828506339951,15.017183790774197,13.791113633993874,15.975243633995532,1295.414649451841,13.231677451840824
0.022525,0.015016666666666666,k192_model_assisted,1299.2343522750953,1298.581873069315,1300.096109319314,15.029547248778272,13.802716069312863,15.988502319314522,1295.4274556285218,13.24448362852172
0.02255,0.015033333333333333,k192_model_assisted,1299.2466810056849,1298.5934400886842,1300.1093325886834,15.041875979367887,13.814283088682156,16.001725588683815,1295.440261805203,13.257289805202845
0.022575,0.015050000000000001,k192_model_assisted,1299.2589749190906,1298.6049715997265,1300.1225203497256,15.054169892773643,13.825814599724376,16.014913349726037,1295.4530679818838,13.270095981883742
0.022600000000000002,0.015066666666666667,k192_model_assisted,1299.2712339255434,1298.616467510065,1300.135672510064,15.066428899226366,13.837310510062828,16.028065510064486,1295.465874158565,13.282902158564866
0.022625000000000003,0.015083333333333334,k192_model_assisted,1299.2834579352736,1298.6279277273218,1300.148788977321,15.078652908956656,13.848770727319678,16.04118197732134,1295.4786803352458,13.295708335245763
0.02265,0.015099999999999999,k192_model_assisted,1299.295646858512,1298.6393521591203,1300.1618696591195,15.09084183219511,13.860195159118238,16.054262659119896,1295.491486511927,13.308514511926887
0.022675,0.015116666666666667,k192_model_assisted,1299.3078006054895,1298.6507407130835,1300.1749144630826,15.102995579172557,13.87158371308135,16.06730746308301,1295.5042926886078,13.321320688607784
0.0227,0.015133333333333334,k192_model_assisted,1299.3199190864364,1298.662093296834,1300.1879232968336,15.115114060119367,13.882936296832098,16.080316296833757,1295.517098865289,13.334126865288908
0.022725000000000002,0.01515,k192_model_assisted,1299.3320022115834,1298.6734098179952,1300.2008960679948,15.127197185266368,13.89425281799333,16.09328906799499,1295.5299050419699,13.346933041969805
0.02275,0.015166666666666665,k192_model_assisted,1299.3440498911611,1298.6846901841895,1300.2138326841891,15.139244864844159,13.90553318418767,16.10622568418933,1295.542711218651,13.35973921865093
0.022775,0.015183333333333333,k192_model_assisted,1299.3560620354008,1298.69593430304,1300.2267330530397,15.151257009083793,13.916777303038195,16.119126053039857,1295.555517395332,13.372545395331827
0.0228,0.0152,k192_model_assisted,1299.3680385545322,1298.7071420821696,1300.2395970821692,15.163233528215187,13.927985082167757,16.131990082169416,1295.5683235720128,13.385351572012723
0.022825,0.015216666666666667,k192_model_assisted,1299.3799793587866,1298.7183134292013,1300.2524246792009,15.175174332469624,13.939156429199432,16.144817679201093,1295.581129748694,13.398157748693848
0.022850000000000002,0.015233333333333335,k192_model_assisted,1299.3918843583945,1298.7294482517577,1300.2652157517573,15.187079332077474,13.950291251755845,16.157608751757504,1295.5939359253748,13.410963925374745
0.022875,0.01525,k192_model_assisted,1299.4037534635866,1298.7405464574617,1300.2779702074613,15.198948437269564,13.961389457459845,16.170363207461506,1295.606742102056,13.423770102055869
0.0229,0.015266666666666666,k192_model_assisted,1299.4155865845935,1298.7516079539366,1300.2906879539362,15.210781558276494,13.972450953934738,16.183080953936397,1295.6195482787368,13.436576278736766
0.022925,0.015283333333333333,k192_model_assisted,1299.427383631646,1298.7626326488048,1300.3033688988044,15.22257860532909,13.98347564880292,16.19576189880458,1295.632354455418,13.44938245541789
0.02295,0.015300000000000001,k192_model_assisted,1299.4391445149745,1298.7736204496896,1300.3160129496891,15.234339488657497,13.994463449687695,16.208405949689354,1295.6451606320989,13.462188632098787
0.022975000000000002,0.015316666666666668,k192_model_assisted,1299.4508691448098,1298.7845712642136,1300.3286200142131,15.246064118492768,14.005414264211687,16.221013014213348,1295.65796680878,13.474994808779911
0.023,0.015333333333333332,k192_model_assisted,1299.4625574313827,1298.7954849999999,1300.3411899999994,15.25775240506573,14.016327999997975,16.233582999999634,1295.6707729854609,13.487800985460808
