 written on  2Jul2026 at 03:14:32 
          11
         157
    3    2    1    1    2    2    1    1    1    1    1    2    2    1    1
    1    1    1    1    1    1    2    3    1    1    1    1    1    1    1
    1    1    1    1    3    1    1    1    1    1    1    1    1    1    1
    1    1    2    1    1    1    1    1    1    1    1    1    1    1    2
    1    1    1    1    1    1    1    1    1    1    1    1    2    1    1
    1    1    1    1    1    1    1    1    1    2    1    1    1    1    1
    1    1    1    1    1    1    1    2    1    1    1    1    1    1    1
    1    1    1    1    2    1    1    1    1    1    1    1    1    1    1
    1    1    3    1    1    1    1    1    1    1    1    1    1    1    3
    2    1    1    1    1    1    1    1    1    2    2    1    1    1    1
    1    2    2    1    1    2    3
   -8   -4    0    1    1   -0.030071   -0.013426
   -8   -4    0    2    1   -0.010511    0.001526
   -8   -4    0    3    1    0.000557   -0.002179
   -8   -4    0    4    1   -0.000285    0.000812
   -8   -4    0    5    1   -0.011375   -0.006749
   -8   -4    0    6    1    0.009378    0.009803
   -8   -4    0    7    1    0.007453    0.021900
   -8   -4    0    8    1    0.003464   -0.002277
   -8   -4    0    9    1   -0.003096   -0.010119
   -8   -4    0   10    1   -0.012044    0.008386
   -8   -4    0   11    1   -0.008783    0.010023
   -8   -4    0    1    2    0.000567   -0.001143
   -8   -4    0    2    2   -0.008370    0.011215
   -8   -4    0    3    2   -0.002618    0.004298
   -8   -4    0    4    2    0.001363   -0.005960
   -8   -4    0    5    2    0.004161    0.000388
   -8   -4    0    6    2   -0.004160   -0.003346
   -8   -4    0    7    2    0.004159   -0.022259
   -8   -4    0    8    2    0.006959   -0.013398
   -8   -4    0    9    2   -0.005003    0.000462
   -8   -4    0   10    2   -0.002072    0.024698
   -8   -4    0   11    2    0.001483    0.003836
   -8   -4    0    1    3    0.001894    0.008254
   -8   -4    0    2    3    0.001258    0.001168
   -8   -4    0    3    3    0.009222    0.003819
   -8   -4    0    4    3   -0.004410   -0.003235
   -8   -4    0    5    3    0.010626   -0.010346
   -8   -4    0    6    3   -0.002867   -0.011861
   -8   -4    0    7    3   -0.012235    0.010764
   -8   -4    0    8    3   -0.007067    0.002709
   -8   -4    0    9    3    0.009262   -0.000147
   -8   -4    0   10    3    0.008533   -0.004469
   -8   -4    0   11    3   -0.000192    0.010920
   -8   -4    0    1    4   -0.000180   -0.013091
   -8   -4    0    2    4   -0.002852   -0.009231
   -8   -4    0    3    4   -0.011949    0.008857
   -8   -4    0    4    4   -0.012141   -0.008458
   -8   -4    0    5    4    0.009158    0.002856
   -8   -4    0    6    4    0.007807   -0.001792
   -8   -4    0    7    4    0.003432    0.005592
   -8   -4    0    8    4    0.012401    0.001060
   -8   -4    0    9    4    0.013220   -0.008292
   -8   -4    0   10    4   -0.017482   -0.008267
   -8   -4    0   11    4   -0.018205   -0.000717
   -8   -4    0    1    5   -0.022793    0.009873
   -8   -4    0    2    5   -0.000947    0.006671
   -8   -4    0    3    5    0.006254    0.015735
   -8   -4    0    4    5    0.002651    0.011102
   -8   -4    0    5    5   -0.003534    0.008234
   -8   -4    0    6    5    0.008452    0.028558
   -8   -4    0    7    5    0.009610   -0.000098
   -8   -4    0    8    5   -0.008365   -0.005862
   -8   -4    0    9    5   -0.015373    0.008578
   -8   -4    0   10    5   -0.000625    0.040504
   -8   -4    0   11    5   -0.004619   -0.011555
   -8   -4    0    1    6    0.015492   -0.033697
   -8   -4    0    2    6    0.003858    0.008442
   -8   -4    0    3    6   -0.019499   -0.002698
   -8   -4    0    4    6   -0.015433   -0.004019
   -8   -4    0    5    6    0.005895    0.010315
   -8   -4    0    6    6    0.021794    0.001668
   -8   -4    0    7    6    0.011628   -0.011949
   -8   -4    0    8    6   -0.004297   -0.003607
   -8   -4    0    9    6   -0.002240    0.000232
   -8   -4    0   10    6   -0.003917    0.001042
   -8   -4    0   11    6    0.001025   -0.017902
   -8   -4    0    1    7    0.003033   -0.028707
   -8   -4    0    2    7    0.017282    0.004637
   -8   -4    0    3    7    0.007115    0.006157
   -8   -4    0    4    7    0.004272   -0.013182
   -8   -4    0    5    7    0.019347    0.012229
   -8   -4    0    6    7    0.002130    0.002406
   -8   -4    0    7    7   -0.007957   -0.013626
   -8   -4    0    8    7   -0.001221    0.002082
   -8   -4    0    9    7   -0.000154    0.011657
   -8   -4    0   10    7   -0.001962   -0.000378
   -8   -4    0   11    7   -0.034750    0.000775
   -8   -4    0    1    8   -0.001032   -0.008501
   -8   -4    0    2    8    0.000639   -0.013940
   -8   -4    0    3    8   -0.006844   -0.008743
   -8   -4    0    4    8    0.006460    0.012797
   -8   -4    0    5    8   -0.002852   -0.021254
   -8   -4    0    6    8    0.000307    0.006800
   -8   -4    0    7    8   -0.005703   -0.001505
   -8   -4    0    8    8   -0.000893   -0.000443
   -8   -4    0    9    8    0.005384    0.006466
   -8   -4    0   10    8    0.001571    0.000895
   -8   -4    0   11    8    0.001330   -0.014386
   -8   -4    0    1    9   -0.005477   -0.007978
   -8   -4    0    2    9    0.004074    0.001010
   -8   -4    0    3    9    0.001124    0.008937
   -8   -4    0    4    9   -0.000757    0.017787
   -8   -4    0    5    9   -0.012630   -0.002639
   -8   -4    0    6    9    0.013566   -0.012729
   -8   -4    0    7    9    0.000473    0.003067
   -8   -4    0    8    9    0.003159   -0.001095
   -8   -4    0    9    9    0.003017    0.001133
   -8   -4    0   10    9    0.003722   -0.007281
   -8   -4    0   11    9    0.002874   -0.006365
   -8   -4    0    1   10   -0.016732    0.010466
   -8   -4    0    2   10   -0.021487   -0.002538
   -8   -4    0    3   10   -0.002091    0.008631
   -8   -4    0    4   10   -0.009035    0.007533
   -8   -4    0    5   10   -0.008631   -0.001901
   -8   -4    0    6   10    0.006587    0.001324
   -8   -4    0    7   10   -0.003133    0.004586
   -8   -4    0    8   10   -0.000760    0.000249
   -8   -4    0    9   10   -0.003327   -0.001525
   -8   -4    0   10   10   -0.002133   -0.001507
   -8   -4    0   11   10    0.009306    0.002837
   -8   -4    0    1   11   -0.005375   -0.001636
   -8   -4    0    2   11   -0.013121   -0.014425
   -8   -4    0    3   11   -0.000248    0.001954
   -8   -4    0    4   11   -0.006573   -0.019617
   -8   -4    0    5   11    0.015728   -0.001986
   -8   -4    0    6   11   -0.006379   -0.001526
   -8   -4    0    7   11   -0.009474    0.010933
   -8   -4    0    8   11   -0.002450   -0.015233
   -8   -4    0    9   11   -0.005421    0.001814
   -8   -4    0   10   11   -0.000661   -0.002715
   -8   -4    0   11   11    0.033059    0.011391
   -7   -5    0    1    1    0.009771    0.021547
   -7   -5    0    2    1    0.005876    0.011560
   -7   -5    0    3    1   -0.001318    0.008199
   -7   -5    0    4    1    0.005785    0.003891
   -7   -5    0    5    1   -0.010304   -0.005209
   -7   -5    0    6    1    0.005174    0.011953
   -7   -5    0    7    1    0.002361   -0.013588
   -7   -5    0    8    1    0.002831   -0.003276
   -7   -5    0    9    1   -0.006267    0.008718
   -7   -5    0   10    1    0.007711   -0.000805
   -7   -5    0   11    1    0.010462   -0.008093
   -7   -5    0    1    2    0.002236    0.003880
   -7   -5    0    2    2   -0.000137   -0.018593
   -7   -5    0    3    2    0.005291    0.006214
   -7   -5    0    4    2   -0.006854    0.013571
   -7   -5    0    5    2   -0.005141   -0.007283
   -7   -5    0    6    2    0.011502   -0.012291
   -7   -5    0    7    2    0.012603   -0.005193
   -7   -5    0    8    2   -0.012469    0.002654
   -7   -5    0    9    2    0.001604    0.013046
   -7   -5    0   10    2   -0.002019    0.025714
   -7   -5    0   11    2   -0.002885    0.002894
   -7   -5    0    1    3    0.003878   -0.006610
   -7   -5    0    2    3    0.002525   -0.003820
   -7   -5    0    3    3   -0.003001    0.006192
   -7   -5    0    4    3    0.006539   -0.004710
   -7   -5    0    5    3    0.012430    0.005549
   -7   -5    0    6    3   -0.009706   -0.007675
   -7   -5    0    7    3    0.006544   -0.021034
   -7   -5    0    8    3    0.003305   -0.001801
   -7   -5    0    9    3   -0.008523    0.002223
   -7   -5    0   10    3   -0.007512    0.005690
   -7   -5    0   11    3   -0.002392   -0.001300
   -7   -5    0    1    4    0.009734    0.004110
   -7   -5    0    2    4    0.003635    0.019203
   -7   -5    0    3    4   -0.001545   -0.000789
   -7   -5    0    4    4   -0.008553    0.000752
   -7   -5    0    5    4   -0.007979   -0.011356
   -7   -5    0    6    4   -0.014009    0.004496
   -7   -5    0    7    4   -0.015388   -0.002734
   -7   -5    0    8    4    0.002124   -0.003260
   -7   -5    0    9    4   -0.005954   -0.009214
   -7   -5    0   10    4    0.017348   -0.000036
   -7   -5    0   11    4    0.002338    0.012525
   -7   -5    0    1    5    0.000844   -0.002845
   -7   -5    0    2    5    0.007762   -0.005677
   -7   -5    0    3    5   -0.007946   -0.009026
   -7   -5    0    4    5    0.004444    0.004008
   -7   -5    0    5    5    0.000102    0.001248
   -7   -5    0    6    5   -0.006910   -0.004346
   -7   -5    0    7    5    0.017921    0.000292
   -7   -5    0    8    5    0.007679    0.034560
   -7   -5    0    9    5    0.010305   -0.007814
   -7   -5    0   10    5   -0.014983    0.005060
   -7   -5    0   11    5    0.010506    0.019651
   -7   -5    0    1    6    0.000979    0.001078
   -7   -5    0    2    6    0.012794   -0.002263
   -7   -5    0    3    6    0.013854   -0.006861
   -7   -5    0    4    6   -0.003251    0.011379
   -7   -5    0    5    6   -0.003467   -0.013439
   -7   -5    0    6    6   -0.006210   -0.001522
   -7   -5    0    7    6   -0.010686   -0.003743
   -7   -5    0    8    6    0.001136   -0.000010
   -7   -5    0    9    6    0.001296    0.010818
   -7   -5    0   10    6    0.006560    0.001599
   -7   -5    0   11    6   -0.005805   -0.000907
   -7   -5    0    1    7   -0.008177    0.006318
   -7   -5    0    2    7    0.001371   -0.001438
   -7   -5    0    3    7   -0.004387   -0.007650
   -7   -5    0    4    7   -0.003018    0.003547
   -7   -5    0    5    7   -0.009461    0.014131
   -7   -5    0    6    7   -0.003938    0.007700
   -7   -5    0    7    7   -0.000821    0.007836
   -7   -5    0    8    7   -0.002912   -0.003051
   -7   -5    0    9    7   -0.011719   -0.009008
   -7   -5    0   10    7   -0.006599    0.004288
   -7   -5    0   11    7   -0.008899   -0.000065
   -7   -5    0    1    8   -0.006717    0.007317
   -7   -5    0    2    8    0.019073    0.009231
   -7   -5    0    3    8    0.019273    0.010630
   -7   -5    0    4    8   -0.008037   -0.001871
   -7   -5    0    5    8   -0.007825    0.025331
   -7   -5    0    6    8   -0.005051   -0.002537
   -7   -5    0    7    8    0.002831   -0.004244
   -7   -5    0    8    8   -0.000999    0.000320
   -7   -5    0    9    8   -0.010870   -0.003563
   -7   -5    0   10    8    0.001738   -0.003488
   -7   -5    0   11    8    0.009166    0.013529
   -7   -5    0    1    9    0.001262    0.005477
   -7   -5    0    2    9   -0.001068    0.012541
   -7   -5    0    3    9    0.011991    0.005313
   -7   -5    0    4    9    0.000919   -0.008929
   -7   -5    0    5    9   -0.009630   -0.002123
   -7   -5    0    6    9   -0.010308    0.002498
   -7   -5    0    7    9   -0.011705    0.002065
   -7   -5    0    8    9   -0.002473   -0.006402
   -7   -5    0    9    9   -0.000939   -0.010881
   -7   -5    0   10    9    0.004533   -0.000911
   -7   -5    0   11    9   -0.002294    0.004791
   -7   -5    0    1   10   -0.002283    0.004226
   -7   -5    0    2   10   -0.009875    0.014748
   -7   -5    0    3   10    0.008591   -0.001349
   -7   -5    0    4   10    0.003385   -0.004537
   -7   -5    0    5   10    0.012259   -0.011355
   -7   -5    0    6   10   -0.002063   -0.004342
   -7   -5    0    7   10   -0.004433    0.002632
   -7   -5    0    8   10    0.000774    0.000734
   -7   -5    0    9   10    0.003647    0.005165
   -7   -5    0   10   10    0.001553    0.000255
   -7   -5    0   11   10   -0.004452    0.009134
   -7   -5    0    1   11    0.006480    0.008235
   -7   -5    0    2   11    0.015404   -0.013802
   -7   -5    0    3   11   -0.002866    0.001771
   -7   -5    0    4   11   -0.019969    0.006348
   -7   -5    0    5   11   -0.009491    0.021905
   -7   -5    0    6   11    0.000245    0.022311
   -7   -5    0    7   11   -0.012328   -0.010496
   -7   -5    0    8   11    0.001995    0.015065
   -7   -5    0    9   11    0.022020    0.009574
   -7   -5    0   10   11   -0.007664    0.008049
   -7   -5    0   11   11    0.009530   -0.007153
   -7   -4    0    1    1    0.007420    0.002803
   -7   -4    0    2    1   -0.008911   -0.009330
   -7   -4    0    3    1    0.003859    0.006001
   -7   -4    0    4    1    0.000092   -0.006787
   -7   -4    0    5    1   -0.003399   -0.005630
   -7   -4    0    6    1   -0.004268    0.001011
   -7   -4    0    7    1    0.006715   -0.012848
   -7   -4    0    8    1   -0.006831    0.007424
   -7   -4    0    9    1   -0.000164   -0.010854
   -7   -4    0   10    1   -0.011050    0.004553
   -7   -4    0   11    1    0.006406   -0.000652
   -7   -4    0    1    2   -0.000852    0.004310
   -7   -4    0    2    2    0.004067    0.002756
   -7   -4    0    3    2   -0.000188    0.008665
   -7   -4    0    4    2   -0.019736    0.001427
   -7   -4    0    5    2    0.002065   -0.004711
   -7   -4    0    6    2   -0.007165    0.002046
   -7   -4    0    7    2   -0.000652    0.009543
   -7   -4    0    8    2   -0.007999   -0.003418
   -7   -4    0    9    2    0.006500   -0.006462
   -7   -4    0   10    2   -0.004218   -0.025084
   -7   -4    0   11    2   -0.001836    0.007340
   -7   -4    0    1    3    0.006809   -0.001191
   -7   -4    0    2    3    0.004577   -0.007150
   -7   -4    0    3    3   -0.005220   -0.010242
   -7   -4    0    4    3    0.005887    0.001851
   -7   -4    0    5    3    0.012860   -0.005322
   -7   -4    0    6    3    0.025923    0.011920
   -7   -4    0    7    3    0.005074    0.004262
   -7   -4    0    8    3    0.005835   -0.001985
   -7   -4    0    9    3   -0.001746   -0.004172
   -7   -4    0   10    3    0.004376   -0.003012
   -7   -4    0   11    3   -0.014334    0.010143
   -7   -4    0    1    4   -0.003543   -0.005060
   -7   -4    0    2    4    0.001567   -0.001400
   -7   -4    0    3    4    0.005470    0.010323
   -7   -4    0    4    4   -0.004518   -0.005081
   -7   -4    0    5    4   -0.001479    0.014688
   -7   -4    0    6    4   -0.004139   -0.000823
   -7   -4    0    7    4    0.013372   -0.000203
   -7   -4    0    8    4   -0.000892    0.001736
   -7   -4    0    9    4   -0.005888    0.013190
   -7   -4    0   10    4    0.007183   -0.005463
   -7   -4    0   11    4   -0.001910   -0.008896
   -7   -4    0    1    5   -0.005799   -0.004217
   -7   -4    0    2    5   -0.005097   -0.001112
   -7   -4    0    3    5    0.007612    0.011641
   -7   -4    0    4    5    0.003900    0.015063
   -7   -4    0    5    5   -0.015230    0.015553
   -7   -4    0    6    5    0.005356    0.015128
   -7   -4    0    7    5   -0.012375    0.011261
   -7   -4    0    8    5   -0.016502   -0.004559
   -7   -4    0    9    5   -0.009790   -0.004900
   -7   -4    0   10    5    0.016575   -0.003834
   -7   -4    0   11    5   -0.000311   -0.008483
   -7   -4    0    1    6   -0.000428   -0.007092
   -7   -4    0    2    6   -0.001668    0.008530
   -7   -4    0    3    6    0.005467    0.013209
   -7   -4    0    4    6   -0.014685    0.006719
   -7   -4    0    5    6    0.020190    0.018715
   -7   -4    0    6    6    0.015987   -0.011313
   -7   -4    0    7    6   -0.004746   -0.009761
   -7   -4    0    8    6   -0.005766    0.003228
   -7   -4    0    9    6   -0.006653    0.010670
   -7   -4    0   10    6    0.002350   -0.004021
   -7   -4    0   11    6    0.002254   -0.015296
   -7   -4    0    1    7   -0.002874    0.004307
   -7   -4    0    2    7    0.003529    0.013698
   -7   -4    0    3    7   -0.010359    0.003398
   -7   -4    0    4    7   -0.010225    0.008251
   -7   -4    0    5    7   -0.000924    0.019495
   -7   -4    0    6    7    0.006372   -0.010890
   -7   -4    0    7    7    0.016006   -0.020977
   -7   -4    0    8    7    0.002894    0.007570
   -7   -4    0    9    7    0.002768   -0.000837
   -7   -4    0   10    7   -0.003790   -0.002505
   -7   -4    0   11    7   -0.013511   -0.002333
   -7   -4    0    1    8   -0.004665    0.003923
   -7   -4    0    2    8   -0.005410    0.002553
   -7   -4    0    3    8   -0.010718   -0.002043
   -7   -4    0    4    8    0.000399    0.013614
   -7   -4    0    5    8    0.002882   -0.017109
   -7   -4    0    6    8   -0.000004    0.002093
   -7   -4    0    7    8   -0.009156   -0.001557
   -7   -4    0    8    8    0.000824    0.001903
   -7   -4    0    9    8   -0.004823    0.012036
   -7   -4    0   10    8    0.001295   -0.002184
   -7   -4    0   11    8    0.011309   -0.006270
   -7   -4    0    1    9    0.001332   -0.003380
   -7   -4    0    2    9   -0.001449   -0.010510
   -7   -4    0    3    9   -0.008450   -0.003092
   -7   -4    0    4    9   -0.010406   -0.005538
   -7   -4    0    5    9    0.010596   -0.006644
   -7   -4    0    6    9    0.001667   -0.008540
   -7   -4    0    7    9   -0.000797    0.000021
   -7   -4    0    8    9   -0.004279    0.005394
   -7   -4    0    9    9   -0.004435    0.008664
   -7   -4    0   10    9    0.005402   -0.007443
   -7   -4    0   11    9   -0.013483    0.003900
   -7   -4    0    1   10    0.008603   -0.002378
   -7   -4    0    2   10    0.000748   -0.021918
   -7   -4    0    3   10   -0.007442    0.000093
   -7   -4    0    4   10    0.002560   -0.002677
   -7   -4    0    5   10    0.013346   -0.011643
   -7   -4    0    6   10    0.009099   -0.005240
   -7   -4    0    7   10    0.001101   -0.005327
   -7   -4    0    8   10   -0.000558    0.002064
   -7   -4    0    9   10   -0.004704   -0.001098
   -7   -4    0   10   10    0.000467    0.001248
   -7   -4    0   11   10   -0.002614    0.002770
   -7   -4    0    1   11   -0.001739    0.012582
   -7   -4    0    2   11   -0.002132    0.010269
   -7   -4    0    3   11    0.007930   -0.016664
   -7   -4    0    4   11    0.010232    0.003846
   -7   -4    0    5   11    0.006591   -0.011511
   -7   -4    0    6   11    0.011066   -0.002917
   -7   -4    0    7   11    0.023256   -0.007440
   -7   -4    0    8   11    0.001423   -0.002299
   -7   -4    0    9   11    0.026798    0.007138
   -7   -4    0   10   11    0.015872   -0.009380
   -7   -4    0   11   11   -0.015718    0.014686
   -7   -3    0    1    1    0.002316   -0.023048
   -7   -3    0    2    1   -0.005033    0.001713
   -7   -3    0    3    1    0.000553   -0.003914
   -7   -3    0    4    1   -0.012196   -0.004895
   -7   -3    0    5    1    0.001971    0.001015
   -7   -3    0    6    1    0.005200   -0.015998
   -7   -3    0    7    1   -0.011622    0.008202
   -7   -3    0    8    1   -0.002371   -0.004099
   -7   -3    0    9    1    0.007148   -0.013974
   -7   -3    0   10    1   -0.005149    0.005078
   -7   -3    0   11    1   -0.008709    0.002050
   -7   -3    0    1    2   -0.001623    0.006375
   -7   -3    0    2    2   -0.001909   -0.008969
   -7   -3    0    3    2    0.003609    0.011698
   -7   -3    0    4    2   -0.000826    0.011112
   -7   -3    0    5    2    0.000046    0.003151
   -7   -3    0    6    2   -0.004092   -0.001665
   -7   -3    0    7    2   -0.015420   -0.006908
   -7   -3    0    8    2   -0.001186    0.001556
   -7   -3    0    9    2   -0.007117    0.022686
   -7   -3    0   10    2    0.010380    0.001034
   -7   -3    0   11    2    0.025996   -0.006896
   -7   -3    0    1    3    0.000536   -0.002504
   -7   -3    0    2    3    0.006778    0.006232
   -7   -3    0    3    3   -0.000787    0.000275
   -7   -3    0    4    3    0.006776   -0.005120
   -7   -3    0    5    3    0.003708   -0.004062
   -7   -3    0    6    3   -0.006247    0.009867
   -7   -3    0    7    3   -0.000268   -0.011918
   -7   -3    0    8    3    0.005248    0.009974
   -7   -3    0    9    3   -0.002215    0.000951
   -7   -3    0   10    3   -0.004686    0.011535
   -7   -3    0   11    3    0.001332    0.001757
   -7   -3    0    1    4   -0.005166   -0.009080
   -7   -3    0    2    4    0.014948   -0.007337
   -7   -3    0    3    4    0.002437   -0.014153
   -7   -3    0    4    4    0.002312    0.000409
   -7   -3    0    5    4    0.010165    0.005027
   -7   -3    0    6    4   -0.009970    0.019792
   -7   -3    0    7    4   -0.003347   -0.006891
   -7   -3    0    8    4    0.007158    0.004497
   -7   -3    0    9    4   -0.009547   -0.003634
   -7   -3    0   10    4   -0.009496    0.003266
   -7   -3    0   11    4   -0.002828   -0.032003
   -7   -3    0    1    5    0.007645   -0.005260
   -7   -3    0    2    5   -0.002790    0.001618
   -7   -3    0    3    5    0.002795    0.006568
   -7   -3    0    4    5    0.004424    0.001318
   -7   -3    0    5    5    0.007280   -0.003228
   -7   -3    0    6    5   -0.011730   -0.012527
   -7   -3    0    7    5    0.006640    0.004785
   -7   -3    0    8    5    0.010009    0.005718
   -7   -3    0    9    5    0.007787    0.002322
   -7   -3    0   10    5   -0.006429   -0.017289
   -7   -3    0   11    5    0.016119    0.010382
   -7   -3    0    1    6   -0.002313   -0.003005
   -7   -3    0    2    6    0.002256    0.007566
   -7   -3    0    3    6   -0.005453    0.002254
   -7   -3    0    4    6    0.000707    0.009359
   -7   -3    0    5    6    0.008975   -0.014315
   -7   -3    0    6    6    0.006478    0.008765
   -7   -3    0    7    6   -0.010699    0.009736
   -7   -3    0    8    6    0.004181   -0.006527
   -7   -3    0    9    6    0.003846    0.010897
   -7   -3    0   10    6    0.003036    0.007633
   -7   -3    0   11    6   -0.018049    0.004488
   -7   -3    0    1    7    0.009774    0.004793
   -7   -3    0    2    7   -0.005213   -0.021322
   -7   -3    0    3    7   -0.003199   -0.004004
   -7   -3    0    4    7    0.002688   -0.008545
   -7   -3    0    5    7    0.002082   -0.005061
   -7   -3    0    6    7    0.014328    0.002388
   -7   -3    0    7    7   -0.004887    0.010298
   -7   -3    0    8    7    0.003353   -0.006206
   -7   -3    0    9    7    0.013550   -0.002828
   -7   -3    0   10    7    0.001223    0.003187
   -7   -3    0   11    7    0.022862    0.005166
   -7   -3    0    1    8    0.010400   -0.005809
   -7   -3    0    2    8   -0.009948   -0.001108
   -7   -3    0    3    8   -0.002004    0.002674
   -7   -3    0    4    8   -0.012657    0.009182
   -7   -3    0    5    8    0.002686    0.025753
   -7   -3    0    6    8    0.000658    0.000972
   -7   -3    0    7    8    0.001339   -0.004602
   -7   -3    0    8    8    0.000030    0.000785
   -7   -3    0    9    8    0.002767    0.005612
   -7   -3    0   10    8   -0.000955    0.001357
   -7   -3    0   11    8   -0.018013   -0.012221
   -7   -3    0    1    9    0.006635   -0.007709
   -7   -3    0    2    9    0.013850   -0.002844
   -7   -3    0    3    9    0.006739   -0.001164
   -7   -3    0    4    9   -0.000673   -0.019097
   -7   -3    0    5    9   -0.011205    0.018959
   -7   -3    0    6    9    0.002781    0.007070
   -7   -3    0    7    9    0.009795   -0.006480
   -7   -3    0    8    9   -0.003473    0.000964
   -7   -3    0    9    9   -0.000949    0.005748
   -7   -3    0   10    9   -0.002410    0.003570
   -7   -3    0   11    9    0.000833    0.003101
   -7   -3    0    1   10    0.001668    0.002086
   -7   -3    0    2   10    0.011032    0.001283
   -7   -3    0    3   10    0.011814    0.012502
   -7   -3    0    4   10    0.002153    0.013649
   -7   -3    0    5   10   -0.012479   -0.012469
   -7   -3    0    6   10    0.007751    0.001922
   -7   -3    0    7   10    0.009359    0.001245
   -7   -3    0    8   10    0.002082   -0.001200
   -7   -3    0    9   10    0.001994    0.004988
   -7   -3    0   10   10   -0.001662    0.000122
   -7   -3    0   11   10   -0.001752   -0.008329
   -7   -3    0    1   11    0.002181   -0.015555
   -7   -3    0    2   11   -0.012783    0.018750
   -7   -3    0    3   11   -0.002587    0.000341
   -7   -3    0    4   11    0.026555   -0.030845
   -7   -3    0    5   11   -0.001122    0.008191
   -7   -3    0    6   11    0.000903   -0.009374
   -7   -3    0    7   11   -0.008120    0.009620
   -7   -3    0    8   11    0.004064   -0.008000
   -7   -3    0    9   11   -0.000639   -0.013465
   -7   -3    0   10   11   -0.002687   -0.004856
   -7   -3    0   11   11   -0.008572    0.008842
   -7   -2    0    1    1   -0.009914   -0.003231
   -7   -2    0    2    1    0.004959    0.005021
   -7   -2    0    3    1   -0.008028   -0.006529
   -7   -2    0    4    1    0.005473   -0.001855
   -7   -2    0    5    1    0.006484    0.010038
   -7   -2    0    6    1    0.003727    0.004983
   -7   -2    0    7    1   -0.005610    0.009060
   -7   -2    0    8    1    0.010306    0.000799
   -7   -2    0    9    1   -0.007534    0.003903
   -7   -2    0   10    1    0.005344    0.003080
   -7   -2    0   11    1   -0.002699    0.007431
   -7   -2    0    1    2    0.001546   -0.007398
   -7   -2    0    2    2    0.001032    0.011649
   -7   -2    0    3    2   -0.003499   -0.004327
   -7   -2    0    4    2    0.022040    0.000491
   -7   -2    0    5    2    0.002085   -0.001245
   -7   -2    0    6    2    0.002550    0.002362
   -7   -2    0    7    2    0.006750   -0.002532
   -7   -2    0    8    2    0.014202   -0.002176
   -7   -2    0    9    2   -0.002612    0.008015
   -7   -2    0   10    2   -0.010959    0.006869
   -7   -2    0   11    2   -0.006247   -0.023066
   -7   -2    0    1    3   -0.001160   -0.002659
   -7   -2    0    2    3    0.003472   -0.009301
   -7   -2    0    3    3    0.004678    0.002153
   -7   -2    0    4    3   -0.001787   -0.006324
   -7   -2    0    5    3   -0.005236   -0.000310
   -7   -2    0    6    3   -0.003043    0.010810
   -7   -2    0    7    3   -0.008979   -0.008344
   -7   -2    0    8    3    0.004744   -0.001729
   -7   -2    0    9    3    0.010616   -0.008606
   -7   -2    0   10    3   -0.000928    0.001400
   -7   -2    0   11    3    0.018106   -0.008584
   -7   -2    0    1    4    0.002641   -0.003438
   -7   -2    0    2    4    0.004800   -0.022262
   -7   -2    0    3    4   -0.012767   -0.007450
   -7   -2    0    4    4    0.014119   -0.011307
   -7   -2    0    5    4   -0.001371    0.002518
   -7   -2    0    6    4    0.015334   -0.007781
   -7   -2    0    7    4   -0.002338   -0.001749
   -7   -2    0    8    4    0.000974    0.014800
   -7   -2    0    9    4    0.002130   -0.007279
   -7   -2    0   10    4    0.007448   -0.017415
   -7   -2    0   11    4    0.016491    0.000224
   -7   -2    0    1    5   -0.009508   -0.001488
   -7   -2    0    2    5    0.001547    0.004742
   -7   -2    0    3    5    0.002132    0.004259
   -7   -2    0    4    5   -0.009796   -0.015503
   -7   -2    0    5    5   -0.010658   -0.007593
   -7   -2    0    6    5    0.006758    0.028554
   -7   -2    0    7    5    0.005947   -0.003562
   -7   -2    0    8    5   -0.008842   -0.029520
   -7   -2    0    9    5   -0.018726   -0.005549
   -7   -2    0   10    5   -0.009746    0.031704
   -7   -2    0   11    5   -0.004795    0.002414
   -7   -2    0    1    6   -0.002959    0.004825
   -7   -2    0    2    6    0.002667    0.004487
   -7   -2    0    3    6   -0.016100   -0.003645
   -7   -2    0    4    6    0.027167   -0.002683
   -7   -2    0    5    6   -0.016126   -0.022744
   -7   -2    0    6    6   -0.006985   -0.003747
   -7   -2    0    7    6    0.007722    0.002080
   -7   -2    0    8    6    0.008886   -0.005567
   -7   -2    0    9    6    0.007324   -0.014365
   -7   -2    0   10    6   -0.006541    0.006386
   -7   -2    0   11    6   -0.002703    0.024110
   -7   -2    0    1    7   -0.007987    0.000063
   -7   -2    0    2    7   -0.003289   -0.005375
   -7   -2    0    3    7    0.011425   -0.004455
   -7   -2    0    4    7   -0.008489   -0.001119
   -7   -2    0    5    7   -0.002497   -0.027012
   -7   -2    0    6    7   -0.003601    0.009105
   -7   -2    0    7    7   -0.027999    0.006517
   -7   -2    0    8    7    0.002679   -0.001599
   -7   -2    0    9    7    0.003357    0.001074
   -7   -2    0   10    7    0.000926   -0.002041
   -7   -2    0   11    7   -0.005719    0.010791
   -7   -2    0    1    8    0.002839   -0.001835
   -7   -2    0    2    8    0.008551   -0.007066
   -7   -2    0    3    8   -0.006064   -0.004311
   -7   -2    0    4    8   -0.003081    0.000252
   -7   -2    0    5    8    0.012165   -0.003974
   -7   -2    0    6    8   -0.003835    0.004404
   -7   -2    0    7    8    0.005395    0.002120
   -7   -2    0    8    8   -0.000032   -0.000413
   -7   -2    0    9    8    0.004425    0.004413
   -7   -2    0   10    8   -0.000960    0.002313
   -7   -2    0   11    8   -0.006295    0.009045
   -7   -2    0    1    9    0.001645   -0.003170
   -7   -2    0    2    9   -0.000315   -0.001091
   -7   -2    0    3    9    0.008302    0.003487
   -7   -2    0    4    9    0.002963    0.005075
   -7   -2    0    5    9    0.000634    0.007340
   -7   -2    0    6    9    0.016958    0.006149
   -7   -2    0    7    9    0.007493    0.004020
   -7   -2    0    8    9    0.000721    0.004265
   -7   -2    0    9    9    0.004297    0.008365
   -7   -2    0   10    9   -0.002222    0.003242
   -7   -2    0   11    9    0.009699    0.004664
   -7   -2    0    1   10   -0.006041    0.002590
   -7   -2    0    2   10   -0.004692    0.007185
   -7   -2    0    3   10   -0.014607    0.011116
   -7   -2    0    4   10    0.007274    0.004511
   -7   -2    0    5   10    0.000223   -0.002368
   -7   -2    0    6   10   -0.006754    0.007888
   -7   -2    0    7   10    0.003988    0.004348
   -7   -2    0    8   10    0.002587   -0.003672
   -7   -2    0    9   10    0.004563   -0.007458
   -7   -2    0   10   10   -0.001624   -0.000550
   -7   -2    0   11   10    0.008931    0.013803
   -7   -2    0    1   11    0.003193   -0.005689
   -7   -2    0    2   11    0.008722   -0.003360
   -7   -2    0    3   11    0.008295    0.007227
   -7   -2    0    4   11    0.002109   -0.010933
   -7   -2    0    5   11    0.009924   -0.001990
   -7   -2    0    6   11   -0.006802   -0.001810
   -7   -2    0    7   11   -0.021322   -0.009464
   -7   -2    0    8   11    0.001676    0.003062
   -7   -2    0    9   11   -0.009210   -0.008909
   -7   -2    0   10   11   -0.001766    0.002473
   -7   -2    0   11   11    0.033385   -0.001841
   -6   -6    0    1    1    0.005931   -0.000000
   -6   -6    0    2    1   -0.007141    0.000299
   -6   -6    0    3    1    0.000608    0.007744
   -6   -6    0    4    1    0.002776   -0.008703
   -6   -6    0    5    1   -0.007909    0.000903
   -6   -6    0    6    1    0.010159    0.012379
   -6   -6    0    7    1    0.003265   -0.007107
   -6   -6    0    8    1    0.000512   -0.009136
   -6   -6    0    9    1    0.004623    0.000284
   -6   -6    0   10    1   -0.002425   -0.002602
   -6   -6    0   11    1   -0.002272    0.009698
   -6   -6    0    1    2   -0.007141   -0.000299
   -6   -6    0    2    2   -0.000756    0.000000
   -6   -6    0    3    2   -0.002394   -0.018971
   -6   -6    0    4    2   -0.001147    0.003718
   -6   -6    0    5    2    0.015196    0.001787
   -6   -6    0    6    2    0.001412    0.018194
   -6   -6    0    7    2   -0.010511    0.006032
   -6   -6    0    8    2   -0.006755   -0.022393
   -6   -6    0    9    2   -0.008497   -0.018150
   -6   -6    0   10    2    0.000369    0.008802
   -6   -6    0   11    2   -0.003645    0.014382
   -6   -6    0    1    3    0.000608   -0.007744
   -6   -6    0    2    3   -0.002394    0.018971
   -6   -6    0    3    3   -0.028220    0.000000
   -6   -6    0    4    3    0.046670    0.012685
   -6   -6    0    5    3    0.006725   -0.009158
   -6   -6    0    6    3    0.009380   -0.005626
   -6   -6    0    7    3    0.009361    0.005827
   -6   -6    0    8    3    0.030467   -0.000335
   -6   -6    0    9    3   -0.009598    0.001069
   -6   -6    0   10    3   -0.008122   -0.003375
   -6   -6    0   11    3    0.011135   -0.002938
   -6   -6    0    1    4    0.002776    0.008703
   -6   -6    0    2    4   -0.001147   -0.003718
   -6   -6    0    3    4    0.046670   -0.012685
   -6   -6    0    4    4    0.026934   -0.000000
   -6   -6    0    5    4   -0.007584    0.014885
   -6   -6    0    6    4   -0.020332    0.026137
   -6   -6    0    7    4   -0.018688    0.006771
   -6   -6    0    8    4   -0.073439    0.021519
   -6   -6    0    9    4    0.007261    0.008441
   -6   -6    0   10    4    0.048207   -0.005271
   -6   -6    0   11    4    0.067684   -0.014167
   -6   -6    0    1    5   -0.007909   -0.000903
   -6   -6    0    2    5    0.015196   -0.001787
   -6   -6    0    3    5    0.006725    0.009158
   -6   -6    0    4    5   -0.007584   -0.014885
   -6   -6    0    5    5   -0.011054    0.000000
   -6   -6    0    6    5   -0.016981   -0.030351
   -6   -6    0    7    5    0.013598    0.015981
   -6   -6    0    8    5   -0.016753   -0.011760
   -6   -6    0    9    5   -0.008220   -0.000581
   -6   -6    0   10    5   -0.014819   -0.027846
   -6   -6    0   11    5    0.020080    0.015801
   -6   -6    0    1    6    0.010159   -0.012379
   -6   -6    0    2    6    0.001412   -0.018194
   -6   -6    0    3    6    0.009380    0.005626
   -6   -6    0    4    6   -0.020332   -0.026137
   -6   -6    0    5    6   -0.016981    0.030351
   -6   -6    0    6    6    0.006654    0.000000
   -6   -6    0    7    6    0.003279   -0.014772
   -6   -6    0    8    6    0.000928   -0.000620
   -6   -6    0    9    6    0.001368    0.001896
   -6   -6    0   10    6    0.002676   -0.001132
   -6   -6    0   11    6   -0.014831    0.002147
   -6   -6    0    1    7    0.003265    0.007107
   -6   -6    0    2    7   -0.010511   -0.006032
   -6   -6    0    3    7    0.009361   -0.005827
   -6   -6    0    4    7   -0.018688   -0.006771
   -6   -6    0    5    7    0.013598   -0.015981
   -6   -6    0    6    7    0.003279    0.014772
   -6   -6    0    7    7    0.003513   -0.000000
   -6   -6    0    8    7    0.002512    0.003874
   -6   -6    0    9    7    0.000923    0.004941
   -6   -6    0   10    7   -0.004359   -0.007407
   -6   -6    0   11    7   -0.007264    0.011719
   -6   -6    0    1    8    0.000512    0.009136
   -6   -6    0    2    8   -0.006755    0.022393
   -6   -6    0    3    8    0.030467    0.000335
   -6   -6    0    4    8   -0.073439   -0.021519
   -6   -6    0    5    8   -0.016753    0.011760
   -6   -6    0    6    8    0.000928    0.000620
   -6   -6    0    7    8    0.002512   -0.003874
   -6   -6    0    8    8   -0.002062   -0.000000
   -6   -6    0    9    8    0.005834    0.001224
   -6   -6    0   10    8   -0.000149    0.001575
   -6   -6    0   11    8    0.001017   -0.019949
   -6   -6    0    1    9    0.004623   -0.000284
   -6   -6    0    2    9   -0.008497    0.018150
   -6   -6    0    3    9   -0.009598   -0.001069
   -6   -6    0    4    9    0.007261   -0.008441
   -6   -6    0    5    9   -0.008220    0.000581
   -6   -6    0    6    9    0.001368   -0.001896
   -6   -6    0    7    9    0.000923   -0.004941
   -6   -6    0    8    9    0.005834   -0.001224
   -6   -6    0    9    9    0.006547    0.000000
   -6   -6    0   10    9    0.002976   -0.001874
   -6   -6    0   11    9   -0.006052    0.008887
   -6   -6    0    1   10   -0.002425    0.002602
   -6   -6    0    2   10    0.000369   -0.008802
   -6   -6    0    3   10   -0.008122    0.003375
   -6   -6    0    4   10    0.048207    0.005271
   -6   -6    0    5   10   -0.014819    0.027846
   -6   -6    0    6   10    0.002676    0.001132
   -6   -6    0    7   10   -0.004359    0.007407
   -6   -6    0    8   10   -0.000149   -0.001575
   -6   -6    0    9   10    0.002976    0.001874
   -6   -6    0   10   10   -0.002405    0.000000
   -6   -6    0   11   10   -0.003856    0.005795
   -6   -6    0    1   11   -0.002272   -0.009698
   -6   -6    0    2   11   -0.003645   -0.014382
   -6   -6    0    3   11    0.011135    0.002938
   -6   -6    0    4   11    0.067684    0.014167
   -6   -6    0    5   11    0.020080   -0.015801
   -6   -6    0    6   11   -0.014831   -0.002147
   -6   -6    0    7   11   -0.007264   -0.011719
   -6   -6    0    8   11    0.001017    0.019949
   -6   -6    0    9   11   -0.006052   -0.008887
   -6   -6    0   10   11   -0.003856   -0.005795
   -6   -6    0   11   11   -0.004839    0.000000
   -6   -5    0    1    1   -0.003398   -0.008474
   -6   -5    0    2    1    0.004791    0.010085
   -6   -5    0    3    1   -0.003008   -0.012242
   -6   -5    0    4    1   -0.003436    0.008447
   -6   -5    0    5    1    0.010412   -0.008083
   -6   -5    0    6    1   -0.000362    0.012498
   -6   -5    0    7    1    0.002932    0.002582
   -6   -5    0    8    1   -0.010681    0.012115
   -6   -5    0    9    1    0.006157   -0.000758
   -6   -5    0   10    1   -0.009894   -0.009514
   -6   -5    0   11    1   -0.007274    0.002834
   -6   -5    0    1    2    0.007388    0.000894
   -6   -5    0    2    2   -0.005118   -0.011279
   -6   -5    0    3    2   -0.000852    0.002413
   -6   -5    0    4    2   -0.000219   -0.002533
   -6   -5    0    5    2   -0.006030    0.002133
   -6   -5    0    6    2   -0.008222   -0.019214
   -6   -5    0    7    2    0.019484   -0.019738
   -6   -5    0    8    2   -0.000617    0.021496
   -6   -5    0    9    2   -0.000991    0.014328
   -6   -5    0   10    2   -0.000832   -0.001937
   -6   -5    0   11    2   -0.007862    0.020307
   -6   -5    0    1    3   -0.001784   -0.004962
   -6   -5    0    2    3   -0.014744   -0.000921
   -6   -5    0    3    3    0.007939    0.010764
   -6   -5    0    4    3   -0.012775   -0.003218
   -6   -5    0    5    3    0.001236   -0.009203
   -6   -5    0    6    3    0.034386   -0.002316
   -6   -5    0    7    3    0.007168    0.002319
   -6   -5    0    8    3    0.006781   -0.005034
   -6   -5    0    9    3   -0.016236    0.011801
   -6   -5    0   10    3   -0.022420    0.011708
   -6   -5    0   11    3   -0.011863    0.011751
   -6   -5    0    1    4   -0.011688    0.002306
   -6   -5    0    2    4   -0.011155    0.010056
   -6   -5    0    3    4   -0.019239   -0.008243
   -6   -5    0    4    4    0.012513    0.003981
   -6   -5    0    5    4   -0.000282   -0.011428
   -6   -5    0    6    4   -0.051528    0.002184
   -6   -5    0    7    4    0.051840   -0.002043
   -6   -5    0    8    4   -0.013375    0.012207
   -6   -5    0    9    4   -0.017471    0.005711
   -6   -5    0   10    4   -0.032740    0.017305
   -6   -5    0   11    4    0.014501   -0.009691
   -6   -5    0    1    5   -0.000344   -0.004205
   -6   -5    0    2    5    0.001635   -0.003271
   -6   -5    0    3    5   -0.002936   -0.004402
   -6   -5    0    4    5   -0.002987   -0.002063
   -6   -5    0    5    5   -0.003717    0.007215
   -6   -5    0    6    5   -0.004299    0.009837
   -6   -5    0    7    5    0.002128   -0.009203
   -6   -5    0    8    5    0.004745    0.016778
   -6   -5    0    9    5    0.004362    0.003074
   -6   -5    0   10    5   -0.007752    0.022863
   -6   -5    0   11    5    0.016904   -0.002524
   -6   -5    0    1    6   -0.013947    0.009072
   -6   -5    0    2    6   -0.001965    0.015523
   -6   -5    0    3    6   -0.008601   -0.018790
   -6   -5    0    4    6    0.005536    0.020255
   -6   -5    0    5    6    0.018181   -0.005300
   -6   -5    0    6    6   -0.009313    0.004995
   -6   -5    0    7    6   -0.007489    0.001927
   -6   -5    0    8    6    0.002811   -0.001921
   -6   -5    0    9    6    0.010248   -0.003866
   -6   -5    0   10    6    0.003308   -0.005611
   -6   -5    0   11    6    0.020279   -0.010780
   -6   -5    0    1    7   -0.005020   -0.008481
   -6   -5    0    2    7   -0.002855   -0.008701
   -6   -5    0    3    7    0.001078   -0.008975
   -6   -5    0    4    7   -0.002441   -0.006697
   -6   -5    0    5    7   -0.021150    0.002563
   -6   -5    0    6    7   -0.011210    0.011609
   -6   -5    0    7    7   -0.001987   -0.026213
   -6   -5    0    8    7    0.003295    0.004274
   -6   -5    0    9    7    0.003044    0.009784
   -6   -5    0   10    7   -0.000696   -0.004693
   -6   -5    0   11    7   -0.009132   -0.029159
   -6   -5    0    1    8   -0.000090    0.012781
   -6   -5    0    2    8    0.019305   -0.012144
   -6   -5    0    3    8   -0.030966   -0.024591
   -6   -5    0    4    8    0.048102    0.012607
   -6   -5    0    5    8    0.015055    0.014579
   -6   -5    0    6    8    0.002085    0.002160
   -6   -5    0    7    8   -0.002415    0.006267
   -6   -5    0    8    8    0.000124    0.000557
   -6   -5    0    9    8    0.004845   -0.007135
   -6   -5    0   10    8    0.001379    0.001541
   -6   -5    0   11    8   -0.001213    0.006623
   -6   -5    0    1    9   -0.003650   -0.001990
   -6   -5    0    2    9    0.008856    0.002965
   -6   -5    0    3    9   -0.013181    0.005242
   -6   -5    0    4    9    0.011274    0.004430
   -6   -5    0    5    9    0.007837   -0.011235
   -6   -5    0    6    9   -0.003733    0.005970
   -6   -5    0    7    9   -0.011383    0.009088
   -6   -5    0    8    9    0.003767   -0.008425
   -6   -5    0    9    9    0.004514   -0.007097
   -6   -5    0   10    9   -0.001606    0.001805
   -6   -5    0   11    9    0.008009   -0.014789
   -6   -5    0    1   10    0.009704    0.001004
   -6   -5    0    2   10   -0.005062    0.022292
   -6   -5    0    3   10    0.014626   -0.007559
   -6   -5    0    4   10    0.000552    0.006023
   -6   -5    0    5   10    0.031170   -0.009978
   -6   -5    0    6   10   -0.009304   -0.000096
   -6   -5    0    7   10   -0.007756   -0.002809
   -6   -5    0    8   10    0.002785   -0.001533
   -6   -5    0    9   10    0.013630   -0.004069
   -6   -5    0   10   10    0.000208   -0.003288
   -6   -5    0   11   10    0.004205    0.022436
   -6   -5    0    1   11   -0.001740    0.002904
   -6   -5    0    2   11    0.008708   -0.002156
   -6   -5    0    3   11   -0.001185    0.012390
   -6   -5    0    4   11    0.010732    0.018516
   -6   -5    0    5   11   -0.020455   -0.005257
   -6   -5    0    6   11   -0.007957   -0.001686
   -6   -5    0    7   11    0.018215   -0.015157
   -6   -5    0    8   11    0.005806   -0.010381
   -6   -5    0    9   11   -0.026947    0.009491
   -6   -5    0   10   11    0.006513    0.025282
   -6   -5    0   11   11   -0.000838    0.028840
   -6   -4    0    1    1   -0.004854    0.002315
   -6   -4    0    2    1   -0.005136   -0.001359
   -6   -4    0    3    1    0.004891   -0.000071
   -6   -4    0    4    1    0.010373    0.005931
   -6   -4    0    5    1    0.000527   -0.002816
   -6   -4    0    6    1    0.001471   -0.014570
   -6   -4    0    7    1    0.001232    0.006771
   -6   -4    0    8    1   -0.004960    0.001519
   -6   -4    0    9    1    0.005099    0.001254
   -6   -4    0   10    1    0.002255    0.002278
   -6   -4    0   11    1    0.007411   -0.001115
   -6   -4    0    1    2    0.003728   -0.006317
   -6   -4    0    2    2    0.007401    0.000558
   -6   -4    0    3    2    0.005626   -0.005804
   -6   -4    0    4    2    0.003547    0.003951
   -6   -4    0    5    2    0.005607   -0.001101
   -6   -4    0    6    2    0.006404    0.020535
   -6   -4    0    7    2   -0.017480    0.016382
   -6   -4    0    8    2   -0.002006   -0.003038
   -6   -4    0    9    2    0.001738   -0.009380
   -6   -4    0   10    2    0.012652   -0.016251
   -6   -4    0   11    2   -0.000816   -0.012392
   -6   -4    0    1    3   -0.001497    0.011116
   -6   -4    0    2    3    0.002613    0.003251
   -6   -4    0    3    3    0.008578    0.001501
   -6   -4    0    4    3   -0.002002   -0.003973
   -6   -4    0    5    3   -0.010172   -0.007865
   -6   -4    0    6    3   -0.040621   -0.009660
   -6   -4    0    7    3    0.003109   -0.005871
   -6   -4    0    8    3   -0.014581    0.003528
   -6   -4    0    9    3    0.031213    0.011459
   -6   -4    0   10    3    0.019183    0.000628
   -6   -4    0   11    3    0.005213    0.002732
   -6   -4    0    1    4    0.005266   -0.001663
   -6   -4    0    2    4    0.002537    0.004377
   -6   -4    0    3    4    0.002222    0.004374
   -6   -4    0    4    4   -0.013932   -0.001388
   -6   -4    0    5    4   -0.008484    0.008760
   -6   -4    0    6    4    0.038465    0.004217
   -6   -4    0    7    4   -0.026441    0.000979
   -6   -4    0    8    4    0.011945   -0.003418
   -6   -4    0    9    4    0.016505   -0.004137
   -6   -4    0   10    4    0.012751    0.002018
   -6   -4    0   11    4   -0.041646    0.004745
   -6   -4    0    1    5    0.006036   -0.014201
   -6   -4    0    2    5   -0.007484   -0.008495
   -6   -4    0    3    5    0.005144    0.002678
   -6   -4    0    4    5   -0.009158    0.003183
   -6   -4    0    5    5   -0.009890    0.022000
   -6   -4    0    6    5   -0.005277   -0.011994
   -6   -4    0    7    5   -0.016341    0.025425
   -6   -4    0    8    5   -0.012263   -0.011980
   -6   -4    0    9    5    0.000096   -0.019081
   -6   -4    0   10    5    0.016856   -0.043213
   -6   -4    0   11    5   -0.013409   -0.016561
   -6   -4    0    1    6   -0.014510    0.001712
   -6   -4    0    2    6   -0.010530   -0.012572
   -6   -4    0    3    6   -0.011943    0.001121
   -6   -4    0    4    6    0.000994    0.016016
   -6   -4    0    5    6    0.016349    0.025466
   -6   -4    0    6    6    0.000020   -0.005038
   -6   -4    0    7    6    0.008881    0.006003
   -6   -4    0    8    6   -0.004630    0.008984
   -6   -4    0    9    6   -0.003775   -0.004073
   -6   -4    0   10    6   -0.000518   -0.008656
   -6   -4    0   11    6    0.002504    0.000842
   -6   -4    0    1    7   -0.003282   -0.011394
   -6   -4    0    2    7    0.003597    0.011178
   -6   -4    0    3    7    0.013854    0.000886
   -6   -4    0    4    7   -0.002404    0.003842
   -6   -4    0    5    7    0.001253    0.026902
   -6   -4    0    6    7   -0.008574   -0.010288
   -6   -4    0    7    7   -0.005995    0.004594
   -6   -4    0    8    7   -0.003128    0.004872
   -6   -4    0    9    7   -0.002699    0.017331
   -6   -4    0   10    7    0.006616    0.007568
   -6   -4    0   11    7    0.000819    0.017391
   -6   -4    0    1    8    0.004194   -0.007314
   -6   -4    0    2    8   -0.009471   -0.002680
   -6   -4    0    3    8   -0.003949   -0.000474
   -6   -4    0    4    8   -0.006306    0.004068
   -6   -4    0    5    8    0.005544   -0.006967
   -6   -4    0    6    8   -0.002307   -0.000479
   -6   -4    0    7    8    0.000470    0.006893
   -6   -4    0    8    8    0.001642    0.000402
   -6   -4    0    9    8   -0.005231   -0.006001
   -6   -4    0   10    8   -0.002173    0.001237
   -6   -4    0   11    8   -0.004784    0.000802
   -6   -4    0    1    9    0.000294    0.004242
   -6   -4    0    2    9   -0.012711   -0.000450
   -6   -4    0    3    9   -0.001010    0.008661
   -6   -4    0    4    9    0.000454    0.007209
   -6   -4    0    5    9    0.007949   -0.013942
   -6   -4    0    6    9   -0.007617   -0.003803
   -6   -4    0    7    9   -0.002028    0.006140
   -6   -4    0    8    9   -0.002076   -0.001973
   -6   -4    0    9    9    0.004254   -0.005439
   -6   -4    0   10    9   -0.003801   -0.002796
   -6   -4    0   11    9   -0.011274    0.005832
   -6   -4    0    1   10    0.001494    0.001958
   -6   -4    0    2   10   -0.006697   -0.015702
   -6   -4    0    3   10   -0.033260    0.002479
   -6   -4    0    4   10   -0.024745   -0.017065
   -6   -4    0    5   10   -0.009547    0.004131
   -6   -4    0    6   10   -0.002250   -0.008419
   -6   -4    0    7   10    0.002399   -0.002469
   -6   -4    0    8   10    0.000291   -0.000371
   -6   -4    0    9   10    0.002648   -0.010416
   -6   -4    0   10   10    0.002989   -0.003305
   -6   -4    0   11   10    0.010207   -0.012545
   -6   -4    0    1   11   -0.002357    0.003378
   -6   -4    0    2   11    0.001387    0.019466
   -6   -4    0    3   11   -0.002384    0.007215
   -6   -4    0    4   11   -0.012051   -0.007973
   -6   -4    0    5   11   -0.026995   -0.011586
   -6   -4    0    6   11    0.019907   -0.001698
   -6   -4    0    7   11   -0.005941    0.022761
   -6   -4    0    8   11   -0.002913   -0.018160
   -6   -4    0    9   11    0.006335    0.013360
   -6   -4    0   10   11    0.000565   -0.008402
   -6   -4    0   11   11    0.010925   -0.016200
   -6   -3    0    1    1    0.008296    0.013215
   -6   -3    0    2    1   -0.002066   -0.001776
   -6   -3    0    3    1   -0.008601    0.008498
   -6   -3    0    4    1   -0.003675    0.010530
   -6   -3    0    5    1   -0.001026   -0.010382
   -6   -3    0    6    1    0.009537   -0.003255
   -6   -3    0    7    1    0.007267   -0.010116
   -6   -3    0    8    1    0.015203   -0.002827
   -6   -3    0    9    1   -0.003317   -0.003145
   -6   -3    0   10    1    0.000142    0.009724
   -6   -3    0   11    1    0.014313   -0.001539
   -6   -3    0    1    2   -0.005762    0.016481
   -6   -3    0    2    2   -0.001364   -0.022312
   -6   -3    0    3    2   -0.001597    0.010251
   -6   -3    0    4    2   -0.011462    0.014817
   -6   -3    0    5    2    0.001544   -0.003814
   -6   -3    0    6    2    0.007917   -0.014094
   -6   -3    0    7    2    0.005449    0.002214
   -6   -3    0    8    2   -0.007100    0.000041
   -6   -3    0    9    2   -0.008985    0.015313
   -6   -3    0   10    2   -0.003680    0.020173
   -6   -3    0   11    2    0.006403    0.000664
   -6   -3    0    1    3   -0.004171   -0.000573
   -6   -3    0    2    3    0.011426    0.001022
   -6   -3    0    3    3   -0.001882    0.007591
   -6   -3    0    4    3   -0.002872   -0.015058
   -6   -3    0    5    3    0.000258    0.011690
   -6   -3    0    6    3    0.000496   -0.010195
   -6   -3    0    7    3   -0.003236   -0.014803
   -6   -3    0    8    3    0.000239    0.000439
   -6   -3    0    9    3   -0.012600    0.012192
   -6   -3    0   10    3    0.005380    0.006014
   -6   -3    0   11    3   -0.005546    0.006139
   -6   -3    0    1    4   -0.011559    0.007214
   -6   -3    0    2    4    0.000767    0.001926
   -6   -3    0    3    4   -0.009883   -0.011809
   -6   -3    0    4    4   -0.010253   -0.000520
   -6   -3    0    5    4    0.016901   -0.006384
   -6   -3    0    6    4    0.002120    0.023641
   -6   -3    0    7    4    0.005968   -0.004688
   -6   -3    0    8    4    0.020101   -0.001014
   -6   -3    0    9    4   -0.007945   -0.002063
   -6   -3    0   10    4   -0.005022    0.002687
   -6   -3    0   11    4   -0.025690   -0.012460
   -6   -3    0    1    5    0.016407   -0.002826
   -6   -3    0    2    5    0.002431   -0.005012
   -6   -3    0    3    5    0.004087   -0.012060
   -6   -3    0    4    5    0.007842    0.016455
   -6   -3    0    5    5    0.013141    0.008317
   -6   -3    0    6    5   -0.008364   -0.005384
   -6   -3    0    7    5    0.012842    0.018540
   -6   -3    0    8    5    0.004510    0.031979
   -6   -3    0    9    5    0.016429    0.001750
   -6   -3    0   10    5   -0.013309   -0.007374
   -6   -3    0   11    5    0.009607    0.026216
   -6   -3    0    1    6    0.013100    0.004836
   -6   -3    0    2    6    0.012179    0.018384
   -6   -3    0    3    6    0.003342    0.002736
   -6   -3    0    4    6   -0.006167    0.015898
   -6   -3    0    5    6    0.015554   -0.032266
   -6   -3    0    6    6   -0.003739    0.003054
   -6   -3    0    7    6    0.018428    0.007345
   -6   -3    0    8    6   -0.001089   -0.000982
   -6   -3    0    9    6   -0.005623    0.009094
   -6   -3    0   10    6    0.003444    0.004785
   -6   -3    0   11    6   -0.021648    0.002079
   -6   -3    0    1    7   -0.006224    0.005411
   -6   -3    0    2    7    0.008635   -0.004891
   -6   -3    0    3    7   -0.005369   -0.008811
   -6   -3    0    4    7    0.002697   -0.009512
   -6   -3    0    5    7    0.000350    0.014076
   -6   -3    0    6    7    0.007099   -0.008394
   -6   -3    0    7    7   -0.006522    0.011561
   -6   -3    0    8    7   -0.005580   -0.001866
   -6   -3    0    9    7   -0.000709   -0.004937
   -6   -3    0   10    7    0.000575    0.000043
   -6   -3    0   11    7    0.003428    0.015192
   -6   -3    0    1    8    0.006364   -0.004826
   -6   -3    0    2    8    0.004435    0.016043
   -6   -3    0    3    8    0.005634    0.012272
   -6   -3    0    4    8    0.003748    0.017344
   -6   -3    0    5    8   -0.015047    0.029581
   -6   -3    0    6    8    0.001311    0.000491
   -6   -3    0    7    8    0.009678    0.001855
   -6   -3    0    8    8   -0.000205    0.000342
   -6   -3    0    9    8   -0.005170   -0.004135
   -6   -3    0   10    8   -0.001648   -0.001522
   -6   -3    0   11    8    0.005272   -0.001182
   -6   -3    0    1    9    0.003215   -0.001112
   -6   -3    0    2    9   -0.005254    0.001287
   -6   -3    0    3    9   -0.001910    0.012162
   -6   -3    0    4    9   -0.013514   -0.014369
   -6   -3    0    5    9   -0.012236   -0.003652
   -6   -3    0    6    9   -0.018006    0.003265
   -6   -3    0    7    9   -0.004995   -0.004610
   -6   -3    0    8    9   -0.000545    0.000334
   -6   -3    0    9    9    0.001360   -0.004355
   -6   -3    0   10    9   -0.002826    0.001176
   -6   -3    0   11    9   -0.000419    0.014119
   -6   -3    0    1   10   -0.005245   -0.000818
   -6   -3    0    2   10    0.001127   -0.008782
   -6   -3    0    3   10    0.013431    0.007141
   -6   -3    0    4   10   -0.013280    0.004922
   -6   -3    0    5   10   -0.000615   -0.030907
   -6   -3    0    6   10    0.001644   -0.008293
   -6   -3    0    7   10    0.001181   -0.001124
   -6   -3    0    8   10    0.000477   -0.001574
   -6   -3    0    9   10   -0.001546    0.004485
   -6   -3    0   10   10    0.002611   -0.000019
   -6   -3    0   11   10   -0.015584   -0.009839
   -6   -3    0    1   11   -0.002115    0.002063
   -6   -3    0    2   11    0.007305    0.004185
   -6   -3    0    3   11   -0.014771   -0.001071
   -6   -3    0    4   11   -0.009618   -0.029446
   -6   -3    0    5   11   -0.005243    0.020700
   -6   -3    0    6   11   -0.007146    0.006454
   -6   -3    0    7   11   -0.009308   -0.007472
   -6   -3    0    8   11   -0.009248    0.020451
   -6   -3    0    9   11    0.014791   -0.000651
   -6   -3    0   10   11   -0.011234   -0.009209
   -6   -3    0   11   11   -0.003273   -0.016874
   -6   -2    0    1    1    0.008742   -0.005377
   -6   -2    0    2    1    0.001394   -0.007063
   -6   -2    0    3    1   -0.004813    0.012582
   -6   -2    0    4    1    0.008630   -0.007476
   -6   -2    0    5    1    0.010460    0.006610
   -6   -2    0    6    1   -0.006929    0.009220
   -6   -2    0    7    1   -0.007637   -0.003820
   -6   -2    0    8    1   -0.002410    0.007012
   -6   -2    0    9    1   -0.002454   -0.002658
   -6   -2    0   10    1    0.004365   -0.000960
   -6   -2    0   11    1   -0.006136   -0.001767
   -6   -2    0    1    2   -0.001766    0.002877
   -6   -2    0    2    2    0.010921    0.013037
   -6   -2    0    3    2   -0.003564    0.006251
   -6   -2    0    4    2   -0.000554    0.001109
   -6   -2    0    5    2    0.001382   -0.003458
   -6   -2    0    6    2    0.003390    0.002048
   -6   -2    0    7    2    0.008882    0.009856
   -6   -2    0    8    2   -0.002302   -0.005172
   -6   -2    0    9    2    0.000269    0.009846
   -6   -2    0   10    2   -0.000894   -0.022544
   -6   -2    0   11    2   -0.008272   -0.022714
   -6   -2    0    1    3    0.001052   -0.006670
   -6   -2    0    2    3    0.005027   -0.006465
   -6   -2    0    3    3   -0.001818   -0.003650
   -6   -2    0    4    3    0.001436   -0.008876
   -6   -2    0    5    3    0.001034    0.007796
   -6   -2    0    6    3    0.007720    0.018620
   -6   -2    0    7    3   -0.002967   -0.010062
   -6   -2    0    8    3    0.004794   -0.010605
   -6   -2    0    9    3   -0.007319   -0.007407
   -6   -2    0   10    3   -0.000016    0.008531
   -6   -2    0   11    3   -0.007796   -0.006223
   -6   -2    0    1    4    0.007085   -0.011010
   -6   -2    0    2    4    0.004371   -0.010541
   -6   -2    0    3    4   -0.012985    0.003220
   -6   -2    0    4    4    0.008122   -0.019916
   -6   -2    0    5    4   -0.003882    0.010030
   -6   -2    0    6    4    0.015095    0.000243
   -6   -2    0    7    4   -0.002164   -0.002559
   -6   -2    0    8    4    0.013079    0.013610
   -6   -2    0    9    4   -0.006145    0.002837
   -6   -2    0   10    4    0.012491   -0.013307
   -6   -2    0   11    4    0.005349   -0.012784
   -6   -2    0    1    5   -0.004490   -0.011970
   -6   -2    0    2    5    0.003259    0.003366
   -6   -2    0    3    5    0.001669    0.004712
   -6   -2    0    4    5   -0.010140   -0.004470
   -6   -2    0    5    5   -0.024795   -0.011742
   -6   -2    0    6    5    0.009966    0.026729
   -6   -2    0    7    5   -0.003251   -0.005005
   -6   -2    0    8    5   -0.013548   -0.029164
   -6   -2    0    9    5   -0.006269   -0.015404
   -6   -2    0   10    5    0.004791    0.016038
   -6   -2    0   11    5    0.009129    0.007440
   -6   -2    0    1    6    0.005987    0.010898
   -6   -2    0    2    6   -0.005531    0.015477
   -6   -2    0    3    6   -0.003489    0.011000
   -6   -2    0    4    6    0.019078   -0.016240
   -6   -2    0    5    6   -0.004361   -0.017306
   -6   -2    0    6    6   -0.001694    0.004194
   -6   -2    0    7    6    0.002595   -0.000811
   -6   -2    0    8    6   -0.000849   -0.008188
   -6   -2    0    9    6   -0.008486   -0.001586
   -6   -2    0   10    6   -0.001933    0.009859
   -6   -2    0   11    6    0.011271    0.000021
   -6   -2    0    1    7    0.004825    0.014747
   -6   -2    0    2    7   -0.006103   -0.006356
   -6   -2    0    3    7   -0.006620   -0.006860
   -6   -2    0    4    7   -0.011858    0.008643
   -6   -2    0    5    7   -0.013625   -0.021223
   -6   -2    0    6    7    0.015542   -0.007119
   -6   -2    0    7    7    0.027744   -0.000706
   -6   -2    0    8    7   -0.000848    0.002762
   -6   -2    0    9    7   -0.006904   -0.012728
   -6   -2    0   10    7   -0.004264   -0.007577
   -6   -2    0   11    7    0.006820   -0.021177
   -6   -2    0    1    8   -0.012290    0.000134
   -6   -2    0    2    8   -0.008104    0.007166
   -6   -2    0    3    8   -0.000993    0.007599
   -6   -2    0    4    8   -0.011468    0.015589
   -6   -2    0    5    8    0.006006   -0.002276
   -6   -2    0    6    8   -0.005356    0.004888
   -6   -2    0    7    8   -0.005401   -0.004807
   -6   -2    0    8    8    0.000161   -0.000320
   -6   -2    0    9    8   -0.005234    0.003900
   -6   -2    0   10    8    0.000204   -0.002000
   -6   -2    0   11    8    0.007540    0.006677
   -6   -2    0    1    9    0.000707   -0.004025
   -6   -2    0    2    9    0.000806   -0.010826
   -6   -2    0    3    9    0.006379   -0.001456
   -6   -2    0    4    9   -0.008720   -0.008039
   -6   -2    0    5    9    0.011889    0.011684
   -6   -2    0    6    9    0.008088    0.006366
   -6   -2    0    7    9   -0.001071   -0.003438
   -6   -2    0    8    9   -0.000177    0.005192
   -6   -2    0    9    9   -0.000788    0.008846
   -6   -2    0   10    9    0.007835    0.003825
   -6   -2    0   11    9   -0.005566   -0.002141
   -6   -2    0    1   10    0.003586   -0.005900
   -6   -2    0    2   10    0.014710    0.005969
   -6   -2    0    3   10   -0.007953    0.009748
   -6   -2    0    4   10    0.009887   -0.007558
   -6   -2    0    5   10    0.036710   -0.001619
   -6   -2    0    6   10    0.000531    0.003417
   -6   -2    0    7   10    0.001567   -0.006177
   -6   -2    0    8   10   -0.001270   -0.000593
   -6   -2    0    9   10   -0.004621   -0.001215
   -6   -2    0   10   10    0.001646    0.001976
   -6   -2    0   11   10   -0.002160    0.011426
   -6   -2    0    1   11    0.004132    0.005705
   -6   -2    0    2   11   -0.000340    0.015020
   -6   -2    0    3   11    0.009885   -0.008847
   -6   -2    0    4   11   -0.007195   -0.010018
   -6   -2    0    5   11    0.020020   -0.009160
   -6   -2    0    6   11    0.002175    0.003587
   -6   -2    0    7   11    0.005787   -0.010843
   -6   -2    0    8   11    0.009489    0.004907
   -6   -2    0    9   11    0.007731    0.010105
   -6   -2    0   10   11    0.004102    0.011891
   -6   -2    0   11   11   -0.027104    0.013660
   -6   -1    0    1    1   -0.005089   -0.014730
   -6   -1    0    2    1    0.004641   -0.005076
   -6   -1    0    3    1    0.008750    0.001813
   -6   -1    0    4    1   -0.003415   -0.009271
   -6   -1    0    5    1   -0.002547    0.015139
   -6   -1    0    6    1   -0.007031   -0.003121
   -6   -1    0    7    1   -0.011326    0.015052
   -6   -1    0    8    1   -0.007195   -0.008564
   -6   -1    0    9    1    0.006905   -0.001985
   -6   -1    0   10    1    0.004056   -0.003247
   -6   -1    0   11    1   -0.010201    0.002772
   -6   -1    0    1    2   -0.001124   -0.011024
   -6   -1    0    2    2   -0.008964    0.031177
   -6   -1    0    3    2   -0.018955    0.004220
   -6   -1    0    4    2    0.014593   -0.002359
   -6   -1    0    5    2    0.001226    0.004968
   -6   -1    0    6    2   -0.016662   -0.021230
   -6   -1    0    7    2    0.000676   -0.012727
   -6   -1    0    8    2    0.005462   -0.015744
   -6   -1    0    9    2    0.001943    0.002662
   -6   -1    0   10    2    0.003528    0.009930
   -6   -1    0   11    2    0.018333   -0.006431
   -6   -1    0    1    3    0.004147    0.007584
   -6   -1    0    2    3    0.010391   -0.001908
   -6   -1    0    3    3   -0.000515   -0.012275
   -6   -1    0    4    3   -0.002160    0.013663
   -6   -1    0    5    3   -0.007368   -0.005557
   -6   -1    0    6    3   -0.001937    0.001011
   -6   -1    0    7    3    0.012758    0.009009
   -6   -1    0    8    3    0.003432    0.000061
   -6   -1    0    9    3    0.009899   -0.010779
   -6   -1    0   10    3    0.002836   -0.015013
   -6   -1    0   11    3    0.009795    0.003559
   -6   -1    0    1    4    0.005709   -0.003693
   -6   -1    0    2    4   -0.007204    0.001368
   -6   -1    0    3    4    0.007119    0.015623
   -6   -1    0    4    4   -0.005366   -0.014437
   -6   -1    0    5    4    0.000104    0.000763
   -6   -1    0    6    4   -0.007856   -0.011277
   -6   -1    0    7    4   -0.000371   -0.007977
   -6   -1    0    8    4   -0.001873    0.001469
   -6   -1    0    9    4    0.010183    0.011592
   -6   -1    0   10    4   -0.002341   -0.005655
   -6   -1    0   11    4   -0.012592   -0.012000
   -6   -1    0    1    5   -0.010810    0.012445
   -6   -1    0    2    5   -0.007815   -0.000996
   -6   -1    0    3    5    0.006157   -0.004060
   -6   -1    0    4    5   -0.004486    0.007694
   -6   -1    0    5    5    0.002709   -0.030394
   -6   -1    0    6    5    0.017967   -0.001036
   -6   -1    0    7    5   -0.000617   -0.021130
   -6   -1    0    8    5    0.005054   -0.014551
   -6   -1    0    9    5   -0.006025    0.019090
   -6   -1    0   10    5    0.020835    0.019177
   -6   -1    0   11    5   -0.007423   -0.014646
   -6   -1    0    1    6   -0.002948   -0.004927
   -6   -1    0    2    6    0.002347   -0.024412
   -6   -1    0    3    6    0.009426    0.006585
   -6   -1    0    4    6    0.009940   -0.003082
   -6   -1    0    5    6   -0.028913    0.018074
   -6   -1    0    6    6    0.010569    0.021153
   -6   -1    0    7    6   -0.016964   -0.010359
   -6   -1    0    8    6    0.000493   -0.003240
   -6   -1    0    9    6   -0.007060    0.005281
   -6   -1    0   10    6   -0.004045    0.008952
   -6   -1    0   11    6    0.007327   -0.004454
   -6   -1    0    1    7    0.010275   -0.000020
   -6   -1    0    2    7   -0.004396   -0.007946
   -6   -1    0    3    7   -0.015163    0.007638
   -6   -1    0    4    7   -0.001273    0.000990
   -6   -1    0    5    7    0.010905   -0.025821
   -6   -1    0    6    7    0.005314   -0.004851
   -6   -1    0    7    7    0.001961   -0.001011
   -6   -1    0    8    7    0.006111   -0.005043
   -6   -1    0    9    7   -0.000910   -0.005035
   -6   -1    0   10    7   -0.001376   -0.006260
   -6   -1    0   11    7    0.007928    0.000502
   -6   -1    0    1    8   -0.004719   -0.004186
   -6   -1    0    2    8   -0.004929   -0.017798
   -6   -1    0    3    8   -0.010325    0.003188
   -6   -1    0    4    8    0.010416   -0.004713
   -6   -1    0    5    8    0.001648   -0.020490
   -6   -1    0    6    8    0.002943   -0.004558
   -6   -1    0    7    8   -0.005927   -0.007486
   -6   -1    0    8    8   -0.001060    0.000826
   -6   -1    0    9    8    0.001191    0.004682
   -6   -1    0   10    8    0.000817   -0.001973
   -6   -1    0   11    8   -0.006626   -0.011688
   -6   -1    0    1    9   -0.002674   -0.003702
   -6   -1    0    2    9    0.012370    0.011859
   -6   -1    0    3    9    0.000768   -0.001358
   -6   -1    0    4    9    0.005047    0.018326
   -6   -1    0    5    9   -0.010404    0.009543
   -6   -1    0    6    9    0.018358    0.002157
   -6   -1    0    7    9    0.006088   -0.008042
   -6   -1    0    8    9    0.001581    0.002400
   -6   -1    0    9    9    0.005232    0.001709
   -6   -1    0   10    9    0.004741   -0.000844
   -6   -1    0   11    9   -0.001885   -0.002620
   -6   -1    0    1   10    0.000399    0.003665
   -6   -1    0    2   10    0.001436    0.015241
   -6   -1    0    3   10   -0.004687    0.005175
   -6   -1    0    4   10   -0.000185    0.005444
   -6   -1    0    5   10   -0.023135    0.034108
   -6   -1    0    6   10    0.003933    0.012706
   -6   -1    0    7   10    0.005252    0.000700
   -6   -1    0    8   10   -0.000830    0.000652
   -6   -1    0    9   10   -0.006723    0.002937
   -6   -1    0   10   10    0.000983    0.002553
   -6   -1    0   11   10    0.009906   -0.005127
   -6   -1    0    1   11    0.008015   -0.002753
   -6   -1    0    2   11   -0.030114   -0.011788
   -6   -1    0    3   11    0.000794    0.003225
   -6   -1    0    4   11    0.014900   -0.017254
   -6   -1    0    5   11    0.011097   -0.007555
   -6   -1    0    6   11    0.007373   -0.014566
   -6   -1    0    7   11   -0.006696    0.013272
   -6   -1    0    8   11    0.007944   -0.019268
   -6   -1    0    9   11    0.005668   -0.008472
   -6   -1    0   10   11    0.002923   -0.003635
   -6   -1    0   11   11    0.000469    0.015428
   -6    0    0    1    1   -0.009944    0.000000
   -6    0    0    2    1   -0.000822    0.009134
   -6    0    0    3    1    0.005083   -0.010146
   -6    0    0    4    1   -0.005465   -0.007386
   -6    0    0    5    1   -0.012905   -0.005663
   -6    0    0    6    1    0.005532   -0.000540
   -6    0    0    7    1    0.004363    0.008075
   -6    0    0    8    1    0.012381   -0.006595
   -6    0    0    9    1   -0.000252   -0.004436
   -6    0    0   10    1   -0.008361   -0.004342
   -6    0    0   11    1    0.004030    0.006663
   -6    0    0    1    2   -0.000822   -0.009134
   -6    0    0    2    2   -0.006659   -0.000000
   -6    0    0    3    2    0.005308   -0.004678
   -6    0    0    4    2    0.006005   -0.004551
   -6    0    0    5    2   -0.002102   -0.000759
   -6    0    0    6    2    0.004624    0.007548
   -6    0    0    7    2    0.003364   -0.015074
   -6    0    0    8    2    0.009423    0.011404
   -6    0    0    9    2    0.004932   -0.011815
   -6    0    0   10    2   -0.022268    0.011971
   -6    0    0   11    2    0.013536    0.025412
   -6    0    0    1    3    0.005083    0.010146
   -6    0    0    2    3    0.005308    0.004678
   -6    0    0    3    3    0.005795    0.000000
   -6    0    0    4    3    0.002689    0.010338
   -6    0    0    5    3   -0.002878    0.004921
   -6    0    0    6    3    0.000474    0.006038
   -6    0    0    7    3   -0.010650    0.001005
   -6    0    0    8    3    0.005124    0.010314
   -6    0    0    9    3    0.008212    0.010088
   -6    0    0   10    3    0.015461    0.002329
   -6    0    0   11    3    0.007681   -0.005418
   -6    0    0    1    4   -0.005465    0.007386
   -6    0    0    2    4    0.006005    0.004551
   -6    0    0    3    4    0.002689   -0.010338
   -6    0    0    4    4   -0.012276    0.000000
   -6    0    0    5    4    0.014269   -0.012240
   -6    0    0    6    4   -0.007217   -0.005439
   -6    0    0    7    4    0.002376    0.001967
   -6    0    0    8    4    0.002544   -0.000234
   -6    0    0    9    4    0.004170   -0.001765
   -6    0    0   10    4   -0.005258    0.002290
   -6    0    0   11    4   -0.010935    0.010419
   -6    0    0    1    5   -0.012905    0.005663
   -6    0    0    2    5   -0.002102    0.000759
   -6    0    0    3    5   -0.002878   -0.004921
   -6    0    0    4    5    0.014269    0.012240
   -6    0    0    5    5    0.006905   -0.000000
   -6    0    0    6    5   -0.002270   -0.019424
   -6    0    0    7    5    0.015945   -0.016164
   -6    0    0    8    5    0.014323    0.018840
   -6    0    0    9    5   -0.008170    0.003560
   -6    0    0   10    5   -0.029806    0.001832
   -6    0    0   11    5   -0.011794   -0.014369
   -6    0    0    1    6    0.005532    0.000540
   -6    0    0    2    6    0.004624   -0.007548
   -6    0    0    3    6    0.000474   -0.006038
   -6    0    0    4    6   -0.007217    0.005439
   -6    0    0    5    6   -0.002270    0.019424
   -6    0    0    6    6    0.019678   -0.000000
   -6    0    0    7    6   -0.015899   -0.005144
   -6    0    0    8    6    0.003972    0.004779
   -6    0    0    9    6    0.009223   -0.002230
   -6    0    0   10    6    0.003518   -0.002517
   -6    0    0   11    6   -0.019317    0.002876
   -6    0    0    1    7    0.004363   -0.008075
   -6    0    0    2    7    0.003364    0.015074
   -6    0    0    3    7   -0.010650   -0.001005
   -6    0    0    4    7    0.002376   -0.001967
   -6    0    0    5    7    0.015945    0.016164
   -6    0    0    6    7   -0.015899    0.005144
   -6    0    0    7    7   -0.036050   -0.000000
   -6    0    0    8    7    0.005543   -0.002368
   -6    0    0    9    7    0.001572    0.000638
   -6    0    0   10    7   -0.003920   -0.005305
   -6    0    0   11    7   -0.013050    0.008452
   -6    0    0    1    8    0.012381    0.006595
   -6    0    0    2    8    0.009423   -0.011404
   -6    0    0    3    8    0.005124   -0.010314
   -6    0    0    4    8    0.002544    0.000234
   -6    0    0    5    8    0.014323   -0.018840
   -6    0    0    6    8    0.003972   -0.004779
   -6    0    0    7    8    0.005543    0.002368
   -6    0    0    8    8   -0.001191    0.000000
   -6    0    0    9    8   -0.000208    0.002732
   -6    0    0   10    8    0.000481    0.000081
   -6    0    0   11    8   -0.011364   -0.005918
   -6    0    0    1    9   -0.000252    0.004436
   -6    0    0    2    9    0.004932    0.011815
   -6    0    0    3    9    0.008212   -0.010088
   -6    0    0    4    9    0.004170    0.001765
   -6    0    0    5    9   -0.008170   -0.003560
   -6    0    0    6    9    0.009223    0.002230
   -6    0    0    7    9    0.001572   -0.000638
   -6    0    0    8    9   -0.000208   -0.002732
   -6    0    0    9    9   -0.002275    0.000000
   -6    0    0   10    9    0.003393   -0.002516
   -6    0    0   11    9   -0.001734    0.007775
   -6    0    0    1   10   -0.008361    0.004342
   -6    0    0    2   10   -0.022268   -0.011971
   -6    0    0    3   10    0.015461   -0.002329
   -6    0    0    4   10   -0.005258   -0.002290
   -6    0    0    5   10   -0.029806   -0.001832
   -6    0    0    6   10    0.003518    0.002517
   -6    0    0    7   10   -0.003920    0.005305
   -6    0    0    8   10    0.000481   -0.000081
   -6    0    0    9   10    0.003393    0.002516
   -6    0    0   10   10    0.001127    0.000000
   -6    0    0   11   10   -0.003747   -0.000891
   -6    0    0    1   11    0.004030   -0.006663
   -6    0    0    2   11    0.013536   -0.025412
   -6    0    0    3   11    0.007681    0.005418
   -6    0    0    4   11   -0.010935   -0.010419
   -6    0    0    5   11   -0.011794    0.014369
   -6    0    0    6   11   -0.019317   -0.002876
   -6    0    0    7   11   -0.013050   -0.008452
   -6    0    0    8   11   -0.011364    0.005918
   -6    0    0    9   11   -0.001734   -0.007775
   -6    0    0   10   11   -0.003747    0.000891
   -6    0    0   11   11    0.035133    0.000000
   -5   -7    0    1    1    0.009771   -0.021547
   -5   -7    0    2    1    0.002236   -0.003880
   -5   -7    0    3    1    0.003878    0.006610
   -5   -7    0    4    1    0.009734   -0.004110
   -5   -7    0    5    1    0.000844    0.002845
   -5   -7    0    6    1    0.000979   -0.001078
   -5   -7    0    7    1   -0.008177   -0.006318
   -5   -7    0    8    1   -0.006717   -0.007317
   -5   -7    0    9    1    0.001262   -0.005477
   -5   -7    0   10    1   -0.002283   -0.004226
   -5   -7    0   11    1    0.006480   -0.008235
   -5   -7    0    1    2    0.005876   -0.011560
   -5   -7    0    2    2   -0.000137    0.018593
   -5   -7    0    3    2    0.002525    0.003820
   -5   -7    0    4    2    0.003635   -0.019203
   -5   -7    0    5    2    0.007762    0.005677
   -5   -7    0    6    2    0.012794    0.002263
   -5   -7    0    7    2    0.001371    0.001438
   -5   -7    0    8    2    0.019073   -0.009231
   -5   -7    0    9    2   -0.001068   -0.012541
   -5   -7    0   10    2   -0.009875   -0.014748
   -5   -7    0   11    2    0.015404    0.013802
   -5   -7    0    1    3   -0.001318   -0.008199
   -5   -7    0    2    3    0.005291   -0.006214
   -5   -7    0    3    3   -0.003001   -0.006192
   -5   -7    0    4    3   -0.001545    0.000789
   -5   -7    0    5    3   -0.007946    0.009026
   -5   -7    0    6    3    0.013854    0.006861
   -5   -7    0    7    3   -0.004387    0.007650
   -5   -7    0    8    3    0.019273   -0.010630
   -5   -7    0    9    3    0.011991   -0.005313
   -5   -7    0   10    3    0.008591    0.001349
   -5   -7    0   11    3   -0.002866   -0.001771
   -5   -7    0    1    4    0.005785   -0.003891
   -5   -7    0    2    4   -0.006854   -0.013571
   -5   -7    0    3    4    0.006539    0.004710
   -5   -7    0    4    4   -0.008553   -0.000752
   -5   -7    0    5    4    0.004444   -0.004008
   -5   -7    0    6    4   -0.003251   -0.011379
   -5   -7    0    7    4   -0.003018   -0.003547
   -5   -7    0    8    4   -0.008037    0.001871
   -5   -7    0    9    4    0.000919    0.008929
   -5   -7    0   10    4    0.003385    0.004537
   -5   -7    0   11    4   -0.019969   -0.006348
   -5   -7    0    1    5   -0.010304    0.005209
   -5   -7    0    2    5   -0.005141    0.007283
   -5   -7    0    3    5    0.012430   -0.005549
   -5   -7    0    4    5   -0.007979    0.011356
   -5   -7    0    5    5    0.000102   -0.001248
   -5   -7    0    6    5   -0.003467    0.013439
   -5   -7    0    7    5   -0.009461   -0.014131
   -5   -7    0    8    5   -0.007825   -0.025331
   -5   -7    0    9    5   -0.009630    0.002123
   -5   -7    0   10    5    0.012259    0.011355
   -5   -7    0   11    5   -0.009491   -0.021905
   -5   -7    0    1    6    0.005174   -0.011953
   -5   -7    0    2    6    0.011502    0.012291
   -5   -7    0    3    6   -0.009706    0.007675
   -5   -7    0    4    6   -0.014009   -0.004496
   -5   -7    0    5    6   -0.006910    0.004346
   -5   -7    0    6    6   -0.006210    0.001522
   -5   -7    0    7    6   -0.003938   -0.007700
   -5   -7    0    8    6   -0.005051    0.002537
   -5   -7    0    9    6   -0.010308   -0.002498
   -5   -7    0   10    6   -0.002063    0.004342
   -5   -7    0   11    6    0.000245   -0.022311
   -5   -7    0    1    7    0.002361    0.013588
   -5   -7    0    2    7    0.012603    0.005193
   -5   -7    0    3    7    0.006544    0.021034
   -5   -7    0    4    7   -0.015388    0.002734
   -5   -7    0    5    7    0.017921   -0.000292
   -5   -7    0    6    7   -0.010686    0.003743
   -5   -7    0    7    7   -0.000821   -0.007836
   -5   -7    0    8    7    0.002831    0.004244
   -5   -7    0    9    7   -0.011705   -0.002065
   -5   -7    0   10    7   -0.004433   -0.002632
   -5   -7    0   11    7   -0.012328    0.010496
   -5   -7    0    1    8    0.002831    0.003276
   -5   -7    0    2    8   -0.012469   -0.002654
   -5   -7    0    3    8    0.003305    0.001801
   -5   -7    0    4    8    0.002124    0.003260
   -5   -7    0    5    8    0.007679   -0.034560
   -5   -7    0    6    8    0.001136    0.000010
   -5   -7    0    7    8   -0.002912    0.003051
   -5   -7    0    8    8   -0.000999   -0.000320
   -5   -7    0    9    8   -0.002473    0.006402
   -5   -7    0   10    8    0.000774   -0.000734
   -5   -7    0   11    8    0.001995   -0.015065
   -5   -7    0    1    9   -0.006267   -0.008718
   -5   -7    0    2    9    0.001604   -0.013046
   -5   -7    0    3    9   -0.008523   -0.002223
   -5   -7    0    4    9   -0.005954    0.009214
   -5   -7    0    5    9    0.010305    0.007814
   -5   -7    0    6    9    0.001296   -0.010818
   -5   -7    0    7    9   -0.011719    0.009008
   -5   -7    0    8    9   -0.010870    0.003563
   -5   -7    0    9    9   -0.000939    0.010881
   -5   -7    0   10    9    0.003647   -0.005165
   -5   -7    0   11    9    0.022020   -0.009574
   -5   -7    0    1   10    0.007711    0.000805
   -5   -7    0    2   10   -0.002019   -0.025714
   -5   -7    0    3   10   -0.007512   -0.005690
   -5   -7    0    4   10    0.017348    0.000036
   -5   -7    0    5   10   -0.014983   -0.005060
   -5   -7    0    6   10    0.006560   -0.001599
   -5   -7    0    7   10   -0.006599   -0.004288
   -5   -7    0    8   10    0.001738    0.003488
   -5   -7    0    9   10    0.004533    0.000911
   -5   -7    0   10   10    0.001553   -0.000255
   -5   -7    0   11   10   -0.007664   -0.008049
   -5   -7    0    1   11    0.010462    0.008093
   -5   -7    0    2   11   -0.002885   -0.002894
   -5   -7    0    3   11   -0.002392    0.001300
   -5   -7    0    4   11    0.002338   -0.012525
   -5   -7    0    5   11    0.010506   -0.019651
   -5   -7    0    6   11   -0.005805    0.000907
   -5   -7    0    7   11   -0.008899    0.000065
   -5   -7    0    8   11    0.009166   -0.013529
   -5   -7    0    9   11   -0.002294   -0.004791
   -5   -7    0   10   11   -0.004452   -0.009134
   -5   -7    0   11   11    0.009530    0.007153
   -5   -6    0    1    1   -0.005892    0.009539
   -5   -6    0    2    1   -0.004082    0.008740
   -5   -6    0    3    1   -0.000955   -0.016910
   -5   -6    0    4    1    0.007811   -0.004618
   -5   -6    0    5    1   -0.001028    0.013621
   -5   -6    0    6    1    0.005686   -0.005927
   -5   -6    0    7    1    0.012519    0.010288
   -5   -6    0    8    1    0.000710    0.006438
   -5   -6    0    9    1    0.006501   -0.002860
   -5   -6    0   10    1   -0.006100   -0.000741
   -5   -6    0   11    1   -0.001327    0.015175
   -5   -6    0    1    2   -0.003141    0.004287
   -5   -6    0    2    2   -0.001563    0.000787
   -5   -6    0    3    2    0.007721   -0.004461
   -5   -6    0    4    2   -0.003253    0.003239
   -5   -6    0    5    2   -0.013020    0.004046
   -5   -6    0    6    2   -0.007059    0.009591
   -5   -6    0    7    2    0.001973   -0.009454
   -5   -6    0    8    2   -0.016449   -0.008150
   -5   -6    0    9    2   -0.002718   -0.010850
   -5   -6    0   10    2    0.001703    0.021101
   -5   -6    0   11    2   -0.005474   -0.008197
   -5   -6    0    1    3    0.006045   -0.003094
   -5   -6    0    2    3   -0.018568    0.006114
   -5   -6    0    3    3    0.001298   -0.003562
   -5   -6    0    4    3   -0.005620   -0.001144
   -5   -6    0    5    3    0.004402   -0.004524
   -5   -6    0    6    3    0.001109    0.006363
   -5   -6    0    7    3    0.013027   -0.010619
   -5   -6    0    8    3   -0.013162   -0.004177
   -5   -6    0    9    3   -0.021303   -0.015338
   -5   -6    0   10    3   -0.036656   -0.000212
   -5   -6    0   11    3   -0.017409   -0.006090
   -5   -6    0    1    4    0.000296   -0.007773
   -5   -6    0    2    4    0.006412    0.003205
   -5   -6    0    3    4   -0.011912   -0.001891
   -5   -6    0    4    4   -0.010161    0.002364
   -5   -6    0    5    4   -0.003980    0.001812
   -5   -6    0    6    4   -0.012237   -0.000952
   -5   -6    0    7    4    0.029424    0.009803
   -5   -6    0    8    4   -0.003069    0.004913
   -5   -6    0    9    4   -0.017200   -0.014700
   -5   -6    0   10    4   -0.052193    0.006356
   -5   -6    0   11    4   -0.017272    0.023003
   -5   -6    0    1    5    0.000656    0.012132
   -5   -6    0    2    5    0.010414   -0.000734
   -5   -6    0    3    5   -0.010077   -0.005300
   -5   -6    0    4    5    0.008551    0.006723
   -5   -6    0    5    5    0.011648   -0.004708
   -5   -6    0    6    5   -0.008023   -0.017557
   -5   -6    0    7    5    0.020769   -0.006175
   -5   -6    0    8    5   -0.000614    0.011588
   -5   -6    0    9    5   -0.009204    0.017959
   -5   -6    0   10    5   -0.022309   -0.017424
   -5   -6    0   11    5   -0.015088    0.004790
   -5   -6    0    1    6    0.003394    0.000670
   -5   -6    0    2    6    0.012847   -0.013722
   -5   -6    0    3    6   -0.039791    0.010839
   -5   -6    0    4    6    0.045942   -0.004654
   -5   -6    0    5    6   -0.018295    0.023037
   -5   -6    0    6    6   -0.005573   -0.008080
   -5   -6    0    7    6    0.003014    0.012164
   -5   -6    0    8    6   -0.006453    0.002318
   -5   -6    0    9    6   -0.007672    0.000056
   -5   -6    0   10    6    0.000114    0.002484
   -5   -6    0   11    6   -0.007560    0.008134
   -5   -6    0    1    7   -0.001722   -0.020826
   -5   -6    0    2    7   -0.002546   -0.023625
   -5   -6    0    3    7    0.003147    0.004234
   -5   -6    0    4    7   -0.006763   -0.009349
   -5   -6    0    5    7    0.006372   -0.021818
   -5   -6    0    6    7    0.015315   -0.011576
   -5   -6    0    7    7    0.007935   -0.026142
   -5   -6    0    8    7    0.003251   -0.004075
   -5   -6    0    9    7   -0.005072    0.003108
   -5   -6    0   10    7    0.004956    0.003871
   -5   -6    0   11    7   -0.021710   -0.028229
   -5   -6    0    1    8   -0.002002    0.007835
   -5   -6    0    2    8    0.008101    0.008933
   -5   -6    0    3    8   -0.031222   -0.007386
   -5   -6    0    4    8    0.033918    0.010216
   -5   -6    0    5    8   -0.004792    0.011901
   -5   -6    0    6    8    0.001441   -0.003092
   -5   -6    0    7    8   -0.011953    0.000714
   -5   -6    0    8    8    0.001151    0.001039
   -5   -6    0    9    8    0.003363    0.007552
   -5   -6    0   10    8    0.000703   -0.002590
   -5   -6    0   11    8    0.002528    0.004686
   -5   -6    0    1    9    0.015085   -0.004987
   -5   -6    0    2    9   -0.010695    0.015390
   -5   -6    0    3    9    0.029264   -0.009578
   -5   -6    0    4    9    0.036202    0.002619
   -5   -6    0    5    9   -0.000898    0.014540
   -5   -6    0    6    9   -0.012992   -0.006793
   -5   -6    0    7    9   -0.001704   -0.009466
   -5   -6    0    8    9   -0.005419    0.009071
   -5   -6    0    9    9    0.005730    0.011067
   -5   -6    0   10    9   -0.005916   -0.002271
   -5   -6    0   11    9   -0.006831   -0.009141
   -5   -6    0    1   10    0.004794    0.013265
   -5   -6    0    2   10   -0.004191    0.018143
   -5   -6    0    3   10    0.028234    0.017865
   -5   -6    0    4   10   -0.000429    0.003802
   -5   -6    0    5   10   -0.016694    0.048362
   -5   -6    0    6   10    0.007359    0.003075
   -5   -6    0    7   10    0.011792    0.002916
   -5   -6    0    8   10    0.001295   -0.003169
   -5   -6    0    9   10   -0.003853    0.004303
   -5   -6    0   10   10    0.000194    0.004251
   -5   -6    0   11   10   -0.029228   -0.004808
   -5   -6    0    1   11   -0.004439    0.004263
   -5   -6    0    2   11    0.003376    0.000033
   -5   -6    0    3   11   -0.001640    0.005370
   -5   -6    0    4   11   -0.039625   -0.009048
   -5   -6    0    5   11   -0.007951    0.004606
   -5   -6    0    6   11    0.003599   -0.020680
   -5   -6    0    7   11    0.031456    0.000625
   -5   -6    0    8   11   -0.014600    0.003530
   -5   -6    0    9   11    0.012869   -0.010874
   -5   -6    0   10   11   -0.004205    0.017723
   -5   -6    0   11   11   -0.003837    0.013445
   -5   -5    0    1    1   -0.010588    0.010569
   -5   -5    0    2    1    0.004642   -0.001745
   -5   -5    0    3    1   -0.007609   -0.003576
   -5   -5    0    4    1   -0.012960    0.002689
   -5   -5    0    5    1   -0.000245   -0.000354
   -5   -5    0    6    1   -0.001757   -0.001599
   -5   -5    0    7    1   -0.007358    0.007310
   -5   -5    0    8    1    0.002774    0.005085
   -5   -5    0    9    1   -0.007137    0.005061
   -5   -5    0   10    1   -0.002629    0.005575
   -5   -5    0   11    1   -0.002073   -0.008840
   -5   -5    0    1    2    0.005824   -0.001026
   -5   -5    0    2    2   -0.004067   -0.006385
   -5   -5    0    3    2   -0.015208   -0.004147
   -5   -5    0    4    2   -0.003633   -0.017018
   -5   -5    0    5    2   -0.000701    0.004238
   -5   -5    0    6    2    0.000096   -0.012535
   -5   -5    0    7    2    0.002412    0.007353
   -5   -5    0    8    2    0.008374    0.026133
   -5   -5    0    9    2    0.001367    0.005545
   -5   -5    0   10    2    0.000771   -0.025049
   -5   -5    0   11    2    0.005183    0.011726
   -5   -5    0    1    3   -0.009523    0.002024
   -5   -5    0    2    3    0.005961   -0.001702
   -5   -5    0    3    3    0.018042    0.000644
   -5   -5    0    4    3   -0.011814    0.004979
   -5   -5    0    5    3   -0.012954    0.007196
   -5   -5    0    6    3   -0.050943    0.009585
   -5   -5    0    7    3   -0.004595   -0.002301
   -5   -5    0    8    3   -0.027872    0.022219
   -5   -5    0    9    3    0.010523   -0.004867
   -5   -5    0   10    3    0.022412    0.000686
   -5   -5    0   11    3    0.003669   -0.005486
   -5   -5    0    1    4    0.009860   -0.009000
   -5   -5    0    2    4   -0.003960    0.003606
   -5   -5    0    3    4   -0.013062    0.008032
   -5   -5    0    4    4    0.006219   -0.001092
   -5   -5    0    5    4   -0.002323   -0.021704
   -5   -5    0    6    4    0.041891   -0.003467
   -5   -5    0    7    4   -0.013644   -0.005635
   -5   -5    0    8    4    0.045543   -0.015839
   -5   -5    0    9    4    0.027666   -0.001315
   -5   -5    0   10    4    0.019723    0.003346
   -5   -5    0   11    4    0.022711    0.001711
   -5   -5    0    1    5    0.013213    0.009991
   -5   -5    0    2    5   -0.003721   -0.005220
   -5   -5    0    3    5   -0.003754    0.003531
   -5   -5    0    4    5   -0.010616   -0.009175
   -5   -5    0    5    5    0.004362   -0.020352
   -5   -5    0    6    5    0.016109    0.018141
   -5   -5    0    7    5   -0.020692   -0.010938
   -5   -5    0    8    5    0.023272    0.003021
   -5   -5    0    9    5    0.007919    0.014852
   -5   -5    0   10    5    0.023201    0.020642
   -5   -5    0   11    5   -0.013795   -0.003113
   -5   -5    0    1    6   -0.007519    0.003015
   -5   -5    0    2    6   -0.015625    0.010296
   -5   -5    0    3    6    0.019134   -0.006978
   -5   -5    0    4    6   -0.044309   -0.001405
   -5   -5    0    5    6    0.004086   -0.005254
   -5   -5    0    6    6   -0.006730    0.000624
   -5   -5    0    7    6   -0.012620    0.016259
   -5   -5    0    8    6    0.004605   -0.006175
   -5   -5    0    9    6    0.012698   -0.009766
   -5   -5    0   10    6   -0.005692    0.000242
   -5   -5    0   11    6    0.013940    0.000262
   -5   -5    0    1    7    0.009436   -0.002580
   -5   -5    0    2    7   -0.005060    0.028713
   -5   -5    0    3    7    0.007804    0.003801
   -5   -5    0    4    7    0.029688   -0.007538
   -5   -5    0    5    7   -0.008182    0.004118
   -5   -5    0    6    7    0.013194   -0.000667
   -5   -5    0    7    7   -0.003088    0.015990
   -5   -5    0    8    7   -0.001626   -0.010041
   -5   -5    0    9    7   -0.004574   -0.004389
   -5   -5    0   10    7    0.000712    0.004828
   -5   -5    0   11    7    0.023572    0.004597
   -5   -5    0    1    8    0.000507   -0.008554
   -5   -5    0    2    8    0.004798   -0.019466
   -5   -5    0    3    8    0.015556    0.014873
   -5   -5    0    4    8   -0.023871   -0.020100
   -5   -5    0    5    8    0.005159   -0.006491
   -5   -5    0    6    8   -0.003445    0.000669
   -5   -5    0    7    8    0.000112    0.001859
   -5   -5    0    8    8    0.000307    0.000250
   -5   -5    0    9    8    0.011149    0.004817
   -5   -5    0   10    8    0.001233    0.000837
   -5   -5    0   11    8   -0.011126    0.019892
   -5   -5    0    1    9    0.001976    0.010930
   -5   -5    0    2    9    0.006520   -0.003842
   -5   -5    0    3    9   -0.017273   -0.004491
   -5   -5    0    4    9   -0.015604    0.004792
   -5   -5    0    5    9    0.002966   -0.004469
   -5   -5    0    6    9   -0.003213    0.013677
   -5   -5    0    7    9   -0.002844   -0.012171
   -5   -5    0    8    9    0.003870    0.006984
   -5   -5    0    9    9    0.002809    0.010775
   -5   -5    0   10    9    0.002011    0.014052
   -5   -5    0   11    9   -0.024747   -0.014880
   -5   -5    0    1   10   -0.014781   -0.007737
   -5   -5    0    2   10    0.016022    0.003560
   -5   -5    0    3   10   -0.035509   -0.023149
   -5   -5    0    4   10   -0.038488   -0.004519
   -5   -5    0    5   10    0.011387   -0.024815
   -5   -5    0    6   10   -0.004258    0.008786
   -5   -5    0    7   10    0.001377    0.006912
   -5   -5    0    8   10   -0.004262    0.000892
   -5   -5    0    9   10    0.008321    0.003405
   -5   -5    0   10   10    0.000212    0.001927
   -5   -5    0   11   10    0.023079    0.003169
   -5   -5    0    1   11   -0.004795   -0.015404
   -5   -5    0    2   11   -0.010524   -0.019158
   -5   -5    0    3   11    0.001750   -0.009819
   -5   -5    0    4   11   -0.006451    0.008764
   -5   -5    0    5   11    0.001028    0.010066
   -5   -5    0    6   11    0.014067    0.013579
   -5   -5    0    7   11   -0.010716    0.002083
   -5   -5    0    8   11    0.011615    0.007118
   -5   -5    0    9   11   -0.013270    0.000168
   -5   -5    0   10   11    0.008700   -0.004865
   -5   -5    0   11   11   -0.006594   -0.012950
   -5   -4    0    1    1    0.009068   -0.012815
   -5   -4    0    2    1   -0.002888   -0.000177
   -5   -4    0    3    1   -0.003186    0.012375
   -5   -4    0    4    1   -0.009000   -0.010165
   -5   -4    0    5    1   -0.011282   -0.006017
   -5   -4    0    6    1   -0.005589    0.000457
   -5   -4    0    7    1   -0.009909   -0.015809
   -5   -4    0    8    1    0.002910   -0.007045
   -5   -4    0    9    1   -0.006736    0.000797
   -5   -4    0   10    1    0.002905    0.003460
   -5   -4    0   11    1   -0.004843   -0.005521
   -5   -4    0    1    2   -0.000298   -0.004591
   -5   -4    0    2    2    0.010194    0.001486
   -5   -4    0    3    2    0.009376   -0.016440
   -5   -4    0    4    2   -0.003264    0.005150
   -5   -4    0    5    2    0.012397    0.006086
   -5   -4    0    6    2   -0.008763    0.029363
   -5   -4    0    7    2   -0.019030    0.008697
   -5   -4    0    8    2   -0.002859   -0.025059
   -5   -4    0    9    2   -0.002257   -0.014089
   -5   -4    0   10    2    0.003360    0.007426
   -5   -4    0   11    2   -0.005880   -0.000827
   -5   -4    0    1    3   -0.005436   -0.004010
   -5   -4    0    2    3   -0.017178    0.010548
   -5   -4    0    3    3   -0.018085   -0.017144
   -5   -4    0    4    3    0.034247    0.014665
   -5   -4    0    5    3    0.021465   -0.007175
   -5   -4    0    6    3    0.030292    0.000366
   -5   -4    0    7    3    0.008544    0.007907
   -5   -4    0    8    3    0.026890    0.003383
   -5   -4    0    9    3   -0.029629   -0.000437
   -5   -4    0   10    3   -0.014138    0.008137
   -5   -4    0   11    3    0.013362    0.003234
   -5   -4    0    1    4   -0.002609    0.003865
   -5   -4    0    2    4    0.005807    0.008513
   -5   -4    0    3    4    0.041472   -0.002512
   -5   -4    0    4    4    0.017519    0.010382
   -5   -4    0    5    4   -0.024174    0.026299
   -5   -4    0    6    4   -0.043196    0.014772
   -5   -4    0    7    4   -0.024442    0.010569
   -5   -4    0    8    4   -0.056668    0.017512
   -5   -4    0    9    4   -0.012828   -0.001078
   -5   -4    0   10    4    0.029574   -0.003264
   -5   -4    0   11    4    0.052406   -0.020806
   -5   -4    0    1    5   -0.001124   -0.015363
   -5   -4    0    2    5    0.017512    0.009138
   -5   -4    0    3    5   -0.003561    0.010296
   -5   -4    0    4    5   -0.008288   -0.007567
   -5   -4    0    5    5   -0.028623    0.006451
   -5   -4    0    6    5    0.000792   -0.020626
   -5   -4    0    7    5   -0.012888    0.029548
   -5   -4    0    8    5   -0.017802   -0.018110
   -5   -4    0    9    5   -0.005156   -0.010852
   -5   -4    0   10    5    0.008500   -0.026698
   -5   -4    0   11    5   -0.007030    0.021566
   -5   -4    0    1    6    0.001138    0.001406
   -5   -4    0    2    6   -0.003097   -0.028341
   -5   -4    0    3    6    0.007174    0.010438
   -5   -4    0    4    6    0.007043   -0.002174
   -5   -4    0    5    6   -0.001766    0.034790
   -5   -4    0    6    6    0.010257   -0.001402
   -5   -4    0    7    6    0.003102   -0.004070
   -5   -4    0    8    6    0.003269    0.006076
   -5   -4    0    9    6    0.001956   -0.015843
   -5   -4    0   10    6   -0.008135   -0.004063
   -5   -4    0   11    6   -0.010804   -0.011246
   -5   -4    0    1    7   -0.003605    0.024995
   -5   -4    0    2    7   -0.001787    0.006015
   -5   -4    0    3    7    0.008871   -0.017205
   -5   -4    0    4    7   -0.014313    0.012490
   -5   -4    0    5    7   -0.000473    0.008279
   -5   -4    0    6    7    0.002273    0.014175
   -5   -4    0    7    7   -0.015082    0.017747
   -5   -4    0    8    7    0.006972    0.001632
   -5   -4    0    9    7    0.000636   -0.005172
   -5   -4    0   10    7   -0.004578   -0.006078
   -5   -4    0   11    7    0.005233    0.029345
   -5   -4    0    1    8    0.004156    0.001382
   -5   -4    0    2    8   -0.012037    0.008447
   -5   -4    0    3    8    0.018981   -0.001141
   -5   -4    0    4    8   -0.037507   -0.013167
   -5   -4    0    5    8   -0.022438    0.003542
   -5   -4    0    6    8   -0.002736   -0.002014
   -5   -4    0    7    8    0.008587   -0.006520
   -5   -4    0    8    8   -0.001774   -0.002410
   -5   -4    0    9    8    0.005785   -0.004631
   -5   -4    0   10    8   -0.000923    0.001390
   -5   -4    0   11    8    0.012080   -0.010282
   -5   -4    0    1    9   -0.008073    0.000044
   -5   -4    0    2    9   -0.015022   -0.003504
   -5   -4    0    3    9    0.003767   -0.012237
   -5   -4    0    4    9    0.022017   -0.011961
   -5   -4    0    5    9    0.003611   -0.005167
   -5   -4    0    6    9    0.004686    0.001519
   -5   -4    0    7    9    0.005102   -0.000933
   -5   -4    0    8    9    0.008526    0.001844
   -5   -4    0    9    9    0.011505    0.007678
   -5   -4    0   10    9    0.004454    0.003346
   -5   -4    0   11    9   -0.013833    0.007898
   -5   -4    0    1   10    0.010271   -0.006556
   -5   -4    0    2   10   -0.009806   -0.011663
   -5   -4    0    3   10    0.011859    0.005703
   -5   -4    0    4   10    0.048949   -0.009164
   -5   -4    0    5   10    0.000449    0.014049
   -5   -4    0    6   10   -0.005324   -0.001733
   -5   -4    0    7   10   -0.001810    0.012150
   -5   -4    0    8   10   -0.006055    0.001977
   -5   -4    0    9   10    0.000916   -0.013312
   -5   -4    0   10   10   -0.003968   -0.002337
   -5   -4    0   11   10    0.015109   -0.010734
   -5   -4    0    1   11    0.006976   -0.005091
   -5   -4    0    2   11    0.006714   -0.002082
   -5   -4    0    3   11    0.003023   -0.006065
   -5   -4    0    4   11    0.048712    0.018538
   -5   -4    0    5   11    0.016082   -0.004096
   -5   -4    0    6   11   -0.011931    0.017900
   -5   -4    0    7   11   -0.022091   -0.012521
   -5   -4    0    8   11   -0.002976   -0.002348
   -5   -4    0    9   11   -0.019225    0.004229
   -5   -4    0   10   11    0.008440   -0.023655
   -5   -4    0   11   11    0.008077   -0.007635
   -5   -3    0    1    1   -0.000193   -0.002969
   -5   -3    0    2    1    0.002493    0.003751
   -5   -3    0    3    1   -0.001217   -0.002715
   -5   -3    0    4    1   -0.000731    0.005093
   -5   -3    0    5    1    0.016678   -0.005025
   -5   -3    0    6    1   -0.002319   -0.000500
   -5   -3    0    7    1    0.015954    0.003754
   -5   -3    0    8    1   -0.000696   -0.001761
   -5   -3    0    9    1    0.010242    0.006644
   -5   -3    0   10    1    0.008223   -0.006801
   -5   -3    0   11    1   -0.006456    0.012918
   -5   -3    0    1    2    0.005890    0.011001
   -5   -3    0    2    2   -0.011894   -0.024197
   -5   -3    0    3    2   -0.002002    0.000043
   -5   -3    0    4    2   -0.008288    0.006594
   -5   -3    0    5    2   -0.001431    0.005471
   -5   -3    0    6    2    0.000089   -0.035376
   -5   -3    0    7    2    0.020822    0.002662
   -5   -3    0    8    2   -0.000004    0.014076
   -5   -3    0    9    2   -0.002755    0.009354
   -5   -3    0   10    2   -0.003285    0.003475
   -5   -3    0   11    2   -0.016925    0.021290
   -5   -3    0    1    3    0.000756    0.001991
   -5   -3    0    2    3    0.004916   -0.002960
   -5   -3    0    3    3   -0.006919    0.013665
   -5   -3    0    4    3   -0.009187   -0.009561
   -5   -3    0    5    3    0.000404   -0.003252
   -5   -3    0    6    3    0.029297    0.000353
   -5   -3    0    7    3   -0.001313    0.009618
   -5   -3    0    8    3    0.013697    0.008030
   -5   -3    0    9    3   -0.003254    0.020178
   -5   -3    0   10    3   -0.005719    0.003176
   -5   -3    0   11    3    0.000608    0.005652
   -5   -3    0    1    4   -0.021770    0.010804
   -5   -3    0    2    4   -0.001890   -0.009426
   -5   -3    0    3    4   -0.013656   -0.018278
   -5   -3    0    4    4    0.017841    0.009148
   -5   -3    0    5    4    0.026745    0.000131
   -5   -3    0    6    4   -0.009772    0.007907
   -5   -3    0    7    4    0.036745    0.002661
   -5   -3    0    8    4   -0.007763    0.003446
   -5   -3    0    9    4   -0.012851    0.018314
   -5   -3    0   10    4   -0.011002    0.015699
   -5   -3    0   11    4    0.000082   -0.019141
   -5   -3    0    1    5    0.014979   -0.010720
   -5   -3    0    2    5   -0.001720   -0.005842
   -5   -3    0    3    5    0.005247   -0.004241
   -5   -3    0    4    5   -0.000137    0.008327
   -5   -3    0    5    5    0.005293    0.013314
   -5   -3    0    6    5   -0.010818    0.009412
   -5   -3    0    7    5    0.012026    0.009167
   -5   -3    0    8    5    0.008410    0.017058
   -5   -3    0    9    5    0.011324    0.002681
   -5   -3    0   10    5   -0.021573    0.008617
   -5   -3    0   11    5    0.027069    0.013946
   -5   -3    0    1    6   -0.004828    0.003239
   -5   -3    0    2    6   -0.002271    0.019272
   -5   -3    0    3    6    0.008273   -0.006314
   -5   -3    0    4    6   -0.011431    0.023514
   -5   -3    0    5    6    0.026020   -0.019495
   -5   -3    0    6    6   -0.005495   -0.002284
   -5   -3    0    7    6    0.004040   -0.022059
   -5   -3    0    8    6    0.004035    0.005947
   -5   -3    0    9    6    0.002818    0.002981
   -5   -3    0   10    6    0.001023   -0.001087
   -5   -3    0   11    6   -0.018295    0.017565
   -5   -3    0    1    7   -0.011693   -0.017661
   -5   -3    0    2    7    0.017483   -0.009908
   -5   -3    0    3    7   -0.003320   -0.007821
   -5   -3    0    4    7    0.007583   -0.009616
   -5   -3    0    5    7   -0.010589    0.003623
   -5   -3    0    6    7   -0.004950    0.003411
   -5   -3    0    7    7    0.007338   -0.009226
   -5   -3    0    8    7    0.001421    0.002722
   -5   -3    0    9    7    0.005964   -0.002899
   -5   -3    0   10    7    0.005016   -0.010499
   -5   -3    0   11    7   -0.005491   -0.026744
   -5   -3    0    1    8   -0.006405    0.006663
   -5   -3    0    2    8    0.015361   -0.002428
   -5   -3    0    3    8   -0.013267   -0.013210
   -5   -3    0    4    8    0.020979    0.013521
   -5   -3    0    5    8    0.000138    0.032081
   -5   -3    0    6    8    0.006920   -0.000306
   -5   -3    0    7    8    0.002811    0.000645
   -5   -3    0    8    8   -0.001997   -0.000277
   -5   -3    0    9    8   -0.002016   -0.009220
   -5   -3    0   10    8    0.002118    0.002966
   -5   -3    0   11    8   -0.003640   -0.012805
   -5   -3    0    1    9    0.002010   -0.010169
   -5   -3    0    2    9    0.005107   -0.010686
   -5   -3    0    3    9   -0.020609    0.011250
   -5   -3    0    4    9   -0.017781   -0.005929
   -5   -3    0    5    9    0.001587   -0.015424
   -5   -3    0    6    9   -0.014787    0.005674
   -5   -3    0    7    9   -0.004609   -0.004208
   -5   -3    0    8    9    0.008111   -0.005150
   -5   -3    0    9    9    0.009586   -0.013190
   -5   -3    0   10    9   -0.003303    0.003073
   -5   -3    0   11    9    0.019927    0.004404
   -5   -3    0    1   10    0.009928    0.016793
   -5   -3    0    2   10   -0.000256   -0.006333
   -5   -3    0    3   10    0.008144   -0.010200
   -5   -3    0    4   10   -0.003882    0.012177
   -5   -3    0    5   10    0.014121   -0.016685
   -5   -3    0    6   10   -0.011044   -0.008157
   -5   -3    0    7   10   -0.002246   -0.007484
   -5   -3    0    8   10   -0.004786   -0.000987
   -5   -3    0    9   10    0.001648    0.000845
   -5   -3    0   10   10   -0.002758   -0.001467
   -5   -3    0   11   10   -0.021377    0.002401
   -5   -3    0    1   11   -0.001233    0.007712
   -5   -3    0    2   11   -0.006615    0.015562
   -5   -3    0    3   11   -0.006914    0.017193
   -5   -3    0    4   11    0.026284   -0.000225
   -5   -3    0    5   11    0.004612   -0.008978
   -5   -3    0    6   11   -0.002448   -0.021777
   -5   -3    0    7   11    0.024614    0.004682
   -5   -3    0    8   11   -0.009919    0.002415
   -5   -3    0    9   11   -0.007521    0.002674
   -5   -3    0   10   11   -0.014043    0.019362
   -5   -3    0   11   11   -0.009726    0.017483
   -5   -2    0    1    1   -0.008861    0.011309
   -5   -2    0    2    1   -0.001933    0.001966
   -5   -2    0    3    1    0.011066    0.002402
   -5   -2    0    4    1    0.012124    0.013311
   -5   -2    0    5    1    0.011801    0.014060
   -5   -2    0    6    1    0.007484    0.004194
   -5   -2    0    7    1    0.004737    0.021954
   -5   -2    0    8    1   -0.003485    0.007697
   -5   -2    0    9    1    0.007508    0.007432
   -5   -2    0   10    1   -0.000991   -0.006449
   -5   -2    0   11    1   -0.001224   -0.002183
   -5   -2    0    1    2   -0.004891   -0.005289
   -5   -2    0    2    2    0.012948    0.007447
   -5   -2    0    3    2    0.008976    0.001048
   -5   -2    0    4    2    0.014200    0.016043
   -5   -2    0    5    2   -0.002299   -0.006911
   -5   -2    0    6    2    0.011231    0.019766
   -5   -2    0    7    2   -0.011775    0.005435
   -5   -2    0    8    2   -0.005699    0.007197
   -5   -2    0    9    2   -0.004534    0.004891
   -5   -2    0   10    2    0.014071   -0.011547
   -5   -2    0   11    2    0.004177   -0.028592
   -5   -2    0    1    3   -0.003961    0.009490
   -5   -2    0    2    3    0.002042    0.010990
   -5   -2    0    3    3    0.012839    0.010538
   -5   -2    0    4    3   -0.012113   -0.007788
   -5   -2    0    5    3   -0.018765   -0.014640
   -5   -2    0    6    3   -0.006195   -0.003640
   -5   -2    0    7    3   -0.013016   -0.008365
   -5   -2    0    8    3   -0.007719   -0.004276
   -5   -2    0    9    3    0.005556    0.025536
   -5   -2    0   10    3    0.010087    0.020515
   -5   -2    0   11    3   -0.005957   -0.006800
   -5   -2    0    1    4    0.003582   -0.006357
   -5   -2    0    2    4    0.004398    0.004376
   -5   -2    0    3    4   -0.015963    0.010921
   -5   -2    0    4    4    0.004654   -0.019449
   -5   -2    0    5    4    0.001006    0.004837
   -5   -2    0    6    4    0.018007    0.003201
   -5   -2    0    7    4   -0.017827   -0.002442
   -5   -2    0    8    4    0.010671    0.008096
   -5   -2    0    9    4   -0.003279    0.005866
   -5   -2    0   10    4    0.001158   -0.004175
   -5   -2    0   11    4   -0.014981   -0.016333
   -5   -2    0    1    5    0.004220   -0.012568
   -5   -2    0    2    5    0.006219   -0.008822
   -5   -2    0    3    5    0.007613   -0.001110
   -5   -2    0    4    5   -0.010333   -0.017733
   -5   -2    0    5    5   -0.027120    0.002035
   -5   -2    0    6    5    0.012500   -0.001926
   -5   -2    0    7    5   -0.011230    0.005648
   -5   -2    0    8    5   -0.009891   -0.026404
   -5   -2    0    9    5    0.007356   -0.023318
   -5   -2    0   10    5    0.025123   -0.019709
   -5   -2    0   11    5    0.011797   -0.012533
   -5   -2    0    1    6   -0.004809   -0.003514
   -5   -2    0    2    6   -0.011861    0.006053
   -5   -2    0    3    6   -0.011930   -0.001914
   -5   -2    0    4    6    0.005479   -0.014111
   -5   -2    0    5    6    0.004673   -0.015365
   -5   -2    0    6    6   -0.005114    0.007487
   -5   -2    0    7    6    0.004498   -0.011430
   -5   -2    0    8    6   -0.005605   -0.000202
   -5   -2    0    9    6   -0.003789   -0.000256
   -5   -2    0   10    6    0.007052    0.002129
   -5   -2    0   11    6    0.017821    0.009033
   -5   -2    0    1    7    0.003197   -0.014858
   -5   -2    0    2    7    0.003364   -0.010606
   -5   -2    0    3    7    0.010214   -0.005043
   -5   -2    0    4    7   -0.004441   -0.005388
   -5   -2    0    5    7   -0.008723   -0.014923
   -5   -2    0    6    7   -0.007504   -0.011409
   -5   -2    0    7    7    0.001214   -0.005047
   -5   -2    0    8    7   -0.004209    0.004039
   -5   -2    0    9    7   -0.004174    0.014198
   -5   -2    0   10    7   -0.000020    0.001159
   -5   -2    0   11    7   -0.007014   -0.012027
   -5   -2    0    1    8   -0.003875   -0.005954
   -5   -2    0    2    8   -0.006330   -0.001975
   -5   -2    0    3    8    0.004491   -0.013282
   -5   -2    0    4    8   -0.006633    0.018577
   -5   -2    0    5    8    0.005244    0.016737
   -5   -2    0    6    8   -0.001144    0.006026
   -5   -2    0    7    8    0.002245    0.001005
   -5   -2    0    8    8    0.001473    0.000637
   -5   -2    0    9    8   -0.009031   -0.002577
   -5   -2    0   10    8    0.000320    0.001186
   -5   -2    0   11    8   -0.011931    0.015896
   -5   -2    0    1    9   -0.005644    0.007369
   -5   -2    0    2    9   -0.014922   -0.011863
   -5   -2    0    3    9    0.011544    0.001286
   -5   -2    0    4    9   -0.007942   -0.004687
   -5   -2    0    5    9    0.005570    0.009521
   -5   -2    0    6    9   -0.001241    0.002800
   -5   -2    0    7    9   -0.008144    0.006383
   -5   -2    0    8    9    0.004039   -0.002753
   -5   -2    0    9    9   -0.007300   -0.007621
   -5   -2    0   10    9    0.001528    0.001026
   -5   -2    0   11    9   -0.003111   -0.014008
   -5   -2    0    1   10   -0.011262   -0.003304
   -5   -2    0    2   10   -0.008635    0.017425
   -5   -2    0    3   10   -0.013092    0.007693
   -5   -2    0    4   10    0.004428   -0.014123
   -5   -2    0    5   10    0.019987    0.006123
   -5   -2    0    6   10   -0.003555   -0.004493
   -5   -2    0    7   10    0.000278   -0.002146
   -5   -2    0    8   10   -0.006739    0.000961
   -5   -2    0    9   10    0.002283   -0.006940
   -5   -2    0   10   10    0.003887   -0.001105
   -5   -2    0   11   10    0.008410    0.015782
   -5   -2    0    1   11   -0.010046    0.001409
   -5   -2    0    2   11   -0.005626    0.036014
   -5   -2    0    3   11    0.003256    0.006731
   -5   -2    0    4   11   -0.013223    0.000473
   -5   -2    0    5   11   -0.018558   -0.032234
   -5   -2    0    6   11    0.006405    0.007000
   -5   -2    0    7   11   -0.012421    0.018238
   -5   -2    0    8   11    0.010175   -0.006191
   -5   -2    0    9   11   -0.002908    0.019351
   -5   -2    0   10   11   -0.000282    0.012093
   -5   -2    0   11   11    0.012455   -0.006230
   -5   -1    0    1    1    0.013449    0.001279
   -5   -1    0    2    1    0.008657   -0.005763
   -5   -1    0    3    1    0.008360    0.004576
   -5   -1    0    4    1    0.001986    0.005065
   -5   -1    0    5    1   -0.010494    0.004707
   -5   -1    0    6    1    0.005365    0.012890
   -5   -1    0    7    1   -0.008647   -0.008283
   -5   -1    0    8    1    0.004577   -0.003928
   -5   -1    0    9    1    0.000124   -0.004205
   -5   -1    0   10    1   -0.008459    0.001037
   -5   -1    0   11    1    0.012931    0.000508
   -5   -1    0    1    2   -0.013805   -0.008307
   -5   -1    0    2    2   -0.008946    0.018468
   -5   -1    0    3    2   -0.022814    0.005710
   -5   -1    0    4    2   -0.001996   -0.008185
   -5   -1    0    5    2    0.009789    0.001479
   -5   -1    0    6    2    0.006255   -0.019994
   -5   -1    0    7    2    0.004732   -0.004100
   -5   -1    0    8    2    0.003391   -0.020464
   -5   -1    0    9    2   -0.002987    0.011075
   -5   -1    0   10    2   -0.010834    0.019478
   -5   -1    0   11    2    0.022184   -0.012489
   -5   -1    0    1    3   -0.000438    0.002039
   -5   -1    0    2    3    0.013073   -0.003507
   -5   -1    0    3    3   -0.004017   -0.003296
   -5   -1    0    4    3    0.002739    0.001334
   -5   -1    0    5    3   -0.020727   -0.002414
   -5   -1    0    6    3   -0.008099   -0.013790
   -5   -1    0    7    3    0.014072   -0.013496
   -5   -1    0    8    3   -0.004729   -0.006710
   -5   -1    0    9    3    0.008641   -0.000367
   -5   -1    0   10    3    0.004456   -0.007786
   -5   -1    0   11    3   -0.003118    0.009603
   -5   -1    0    1    4    0.004592    0.003228
   -5   -1    0    2    4   -0.020851    0.018148
   -5   -1    0    3    4    0.014845    0.009116
   -5   -1    0    4    4   -0.020697   -0.018816
   -5   -1    0    5    4    0.001673   -0.007778
   -5   -1    0    6    4   -0.005764   -0.005628
   -5   -1    0    7    4    0.004039   -0.004055
   -5   -1    0    8    4    0.004525    0.006306
   -5   -1    0    9    4    0.020914   -0.000621
   -5   -1    0   10    4   -0.000216   -0.008850
   -5   -1    0   11    4   -0.022982   -0.008090
   -5   -1    0    1    5   -0.010923    0.024308
   -5   -1    0    2    5   -0.002889   -0.009262
   -5   -1    0    3    5    0.013657   -0.017840
   -5   -1    0    4    5   -0.009069    0.027899
   -5   -1    0    5    5    0.016666   -0.014169
   -5   -1    0    6    5    0.015447    0.003145
   -5   -1    0    7    5    0.000076   -0.005838
   -5   -1    0    8    5   -0.007220   -0.002170
   -5   -1    0    9    5   -0.001788    0.014155
   -5   -1    0   10    5    0.013703    0.021589
   -5   -1    0   11    5   -0.016090   -0.008904
   -5   -1    0    1    6    0.015556    0.002601
   -5   -1    0    2    6    0.021190   -0.014200
   -5   -1    0    3    6   -0.003731   -0.000538
   -5   -1    0    4    6   -0.003179   -0.007303
   -5   -1    0    5    6   -0.017660    0.009288
   -5   -1    0    6    6    0.003453    0.021000
   -5   -1    0    7    6    0.004790    0.003060
   -5   -1    0    8    6   -0.005742   -0.000826
   -5   -1    0    9    6   -0.021481    0.017245
   -5   -1    0   10    6    0.005094    0.005633
   -5   -1    0   11    6   -0.000127   -0.023343
   -5   -1    0    1    7    0.006110    0.015980
   -5   -1    0    2    7   -0.006553    0.003778
   -5   -1    0    3    7    0.008810    0.002149
   -5   -1    0    4    7   -0.010823    0.004629
   -5   -1    0    5    7    0.013908   -0.013429
   -5   -1    0    6    7   -0.016678   -0.002820
   -5   -1    0    7    7   -0.015490    0.003311
   -5   -1    0    8    7   -0.002420   -0.002374
   -5   -1    0    9    7   -0.007545    0.004350
   -5   -1    0   10    7   -0.001811    0.004042
   -5   -1    0   11    7   -0.010540    0.022616
   -5   -1    0    1    8    0.008417    0.002334
   -5   -1    0    2    8   -0.005274    0.001308
   -5   -1    0    3    8   -0.011128    0.010650
   -5   -1    0    4    8    0.016123   -0.002926
   -5   -1    0    5    8   -0.004659   -0.024905
   -5   -1    0    6    8   -0.001423   -0.000332
   -5   -1    0    7    8    0.004760    0.003893
   -5   -1    0    8    8    0.001533    0.000434
   -5   -1    0    9    8   -0.000399    0.000078
   -5   -1    0   10    8   -0.000321   -0.000858
   -5   -1    0   11    8    0.015291   -0.001332
   -5   -1    0    1    9    0.001532    0.010055
   -5   -1    0    2    9   -0.016618    0.007244
   -5   -1    0    3    9   -0.009503    0.005354
   -5   -1    0    4    9    0.012736    0.010861
   -5   -1    0    5    9   -0.007183   -0.007286
   -5   -1    0    6    9    0.002880   -0.006015
   -5   -1    0    7    9   -0.005583   -0.000040
   -5   -1    0    8    9    0.001691   -0.001666
   -5   -1    0    9    9    0.002880    0.005785
   -5   -1    0   10    9    0.002572   -0.003124
   -5   -1    0   11    9   -0.019105    0.010619
   -5   -1    0    1   10    0.002315   -0.011716
   -5   -1    0    2   10   -0.003116    0.004881
   -5   -1    0    3   10   -0.025078    0.013802
   -5   -1    0    4   10   -0.013765   -0.005939
   -5   -1    0    5   10   -0.018792    0.020088
   -5   -1    0    6   10    0.017062    0.004432
   -5   -1    0    7   10   -0.001165    0.007482
   -5   -1    0    8   10   -0.004898    0.002193
   -5   -1    0    9   10   -0.005673    0.003801
   -5   -1    0   10   10    0.002890    0.000201
   -5   -1    0   11   10    0.007932   -0.004576
   -5   -1    0    1   11    0.005422   -0.000465
   -5   -1    0    2   11    0.006218   -0.022263
   -5   -1    0    3   11   -0.001964    0.002209
   -5   -1    0    4   11   -0.004827   -0.009221
   -5   -1    0    5   11   -0.004975    0.002197
   -5   -1    0    6   11   -0.012854    0.001136
   -5   -1    0    7   11   -0.003015   -0.013873
   -5   -1    0    8   11   -0.005639   -0.000432
   -5   -1    0    9   11    0.017294   -0.000416
   -5   -1    0   10   11    0.010727   -0.020693
   -5   -1    0   11   11    0.007367   -0.014197
   -5    0    0    1    1    0.007567   -0.009074
   -5    0    0    2    1   -0.002232    0.004321
   -5    0    0    3    1   -0.006221   -0.002465
   -5    0    0    4    1   -0.001784   -0.006571
   -5    0    0    5    1    0.002706   -0.007500
   -5    0    0    6    1   -0.002052   -0.000248
   -5    0    0    7    1    0.009363   -0.005983
   -5    0    0    8    1    0.000553   -0.003158
   -5    0    0    9    1   -0.006436   -0.008196
   -5    0    0   10    1   -0.000614    0.005194
   -5    0    0   11    1    0.001235    0.001757
   -5    0    0    1    2    0.001897    0.003560
   -5    0    0    2    2   -0.001569    0.001250
   -5    0    0    3    2   -0.010896   -0.002623
   -5    0    0    4    2   -0.011238   -0.022429
   -5    0    0    5    2    0.000179    0.001403
   -5    0    0    6    2    0.004127    0.012230
   -5    0    0    7    2    0.007183   -0.008144
   -5    0    0    8    2    0.000954    0.006154
   -5    0    0    9    2    0.007697   -0.001980
   -5    0    0   10    2   -0.011920   -0.003071
   -5    0    0   11    2   -0.003131    0.017070
   -5    0    0    1    3    0.010862   -0.007908
   -5    0    0    2    3    0.011379   -0.005650
   -5    0    0    3    3   -0.000498   -0.006994
   -5    0    0    4    3    0.004381    0.002193
   -5    0    0    5    3    0.002905    0.020960
   -5    0    0    6    3    0.002038    0.006133
   -5    0    0    7    3   -0.007088    0.000371
   -5    0    0    8    3    0.016449   -0.006155
   -5    0    0    9    3    0.005667    0.003307
   -5    0    0   10    3    0.017736   -0.003098
   -5    0    0   11    3   -0.000973    0.006079
   -5    0    0    1    4   -0.001268    0.007355
   -5    0    0    2    4   -0.004802    0.009557
   -5    0    0    3    4   -0.000913   -0.005329
   -5    0    0    4    4   -0.018082   -0.000343
   -5    0    0    5    4    0.010215   -0.024828
   -5    0    0    6    4   -0.013850    0.019522
   -5    0    0    7    4    0.008667   -0.005954
   -5    0    0    8    4    0.008613   -0.001979
   -5    0    0    9    4   -0.002981   -0.001107
   -5    0    0   10    4   -0.004620    0.015039
   -5    0    0   11    4   -0.028382    0.001297
   -5    0    0    1    5   -0.010225   -0.002266
   -5    0    0    2    5   -0.006654    0.006583
   -5    0    0    3    5   -0.006703   -0.001882
   -5    0    0    4    5    0.017189    0.009110
   -5    0    0    5    5    0.004275   -0.012051
   -5    0    0    6    5   -0.001609   -0.026191
   -5    0    0    7    5    0.015023   -0.030246
   -5    0    0    8    5   -0.000768    0.016032
   -5    0    0    9    5   -0.005097    0.000336
   -5    0    0   10    5   -0.032113   -0.007870
   -5    0    0   11    5   -0.009653   -0.000083
   -5    0    0    1    6    0.001663    0.013975
   -5    0    0    2    6    0.002791   -0.003870
   -5    0    0    3    6    0.006109    0.001873
   -5    0    0    4    6    0.000541    0.012295
   -5    0    0    5    6    0.004156    0.018775
   -5    0    0    6    6    0.010535    0.000079
   -5    0    0    7    6   -0.011472    0.018828
   -5    0    0    8    6    0.007064   -0.003456
   -5    0    0    9    6   -0.002137    0.007295
   -5    0    0   10    6    0.002224    0.002729
   -5    0    0   11    6   -0.012139   -0.005765
   -5    0    0    1    7    0.002436    0.008805
   -5    0    0    2    7   -0.003599    0.007519
   -5    0    0    3    7   -0.016629   -0.003328
   -5    0    0    4    7   -0.003274   -0.003129
   -5    0    0    5    7   -0.001272    0.017631
   -5    0    0    6    7   -0.001846    0.005527
   -5    0    0    7    7    0.028250    0.005684
   -5    0    0    8    7   -0.004089    0.000334
   -5    0    0    9    7   -0.008944   -0.008326
   -5    0    0   10    7   -0.001689    0.000551
   -5    0    0   11    7    0.013004   -0.017220
   -5    0    0    1    8   -0.003264    0.004632
   -5    0    0    2    8   -0.006866   -0.005011
   -5    0    0    3    8   -0.001728    0.002997
   -5    0    0    4    8    0.006853    0.007601
   -5    0    0    5    8    0.017140   -0.024713
   -5    0    0    6    8   -0.005591   -0.008906
   -5    0    0    7    8   -0.002264   -0.004915
   -5    0    0    8    8    0.001454   -0.000341
   -5    0    0    9    8   -0.003539    0.004193
   -5    0    0   10    8    0.000753   -0.000308
   -5    0    0   11    8   -0.000768   -0.005112
   -5    0    0    1    9    0.009292   -0.005029
   -5    0    0    2    9    0.014326    0.014216
   -5    0    0    3    9   -0.006411   -0.005911
   -5    0    0    4    9   -0.003597   -0.002164
   -5    0    0    5    9    0.003939   -0.000008
   -5    0    0    6    9    0.003424    0.001481
   -5    0    0    7    9   -0.012545   -0.003990
   -5    0    0    8    9   -0.004903    0.001786
   -5    0    0    9    9    0.002511    0.007131
   -5    0    0   10    9    0.007250   -0.000078
   -5    0    0   11    9   -0.000797    0.008460
   -5    0    0    1   10    0.005542    0.005079
   -5    0    0    2   10    0.005813   -0.009334
   -5    0    0    3   10    0.010395   -0.009443
   -5    0    0    4   10   -0.010667    0.001149
   -5    0    0    5   10    0.010579    0.010743
   -5    0    0    6   10    0.010120    0.007127
   -5    0    0    7   10   -0.004238    0.004226
   -5    0    0    8   10    0.000010    0.001381
   -5    0    0    9   10    0.001885    0.002015
   -5    0    0   10   10   -0.001688    0.000371
   -5    0    0   11   10   -0.009290   -0.009078
   -5    0    0    1   11    0.009070    0.002975
   -5    0    0    2   11    0.007833   -0.026055
   -5    0    0    3   11   -0.007236   -0.000247
   -5    0    0    4   11   -0.020885   -0.019539
   -5    0    0    5   11   -0.002390    0.024335
   -5    0    0    6   11   -0.003215    0.004710
   -5    0    0    7   11    0.013433   -0.009781
   -5    0    0    8   11   -0.002302    0.011653
   -5    0    0    9   11    0.000972   -0.008408
   -5    0    0   10   11   -0.007214    0.007573
   -5    0    0   11   11   -0.031870    0.014288
   -5    1    0    1    1   -0.014059   -0.013484
   -5    1    0    2    1   -0.002844    0.005383
   -5    1    0    3    1   -0.004057   -0.005689
   -5    1    0    4    1    0.000945   -0.017102
   -5    1    0    5    1   -0.003332   -0.006587
   -5    1    0    6    1   -0.002894   -0.008161
   -5    1    0    7    1   -0.001442    0.013350
   -5    1    0    8    1   -0.009029   -0.000591
   -5    1    0    9    1   -0.007304   -0.000236
   -5    1    0   10    1    0.001900    0.002117
   -5    1    0   11    1   -0.009494   -0.011849
   -5    1    0    1    2    0.010693    0.006056
   -5    1    0    2    2   -0.006522   -0.021268
   -5    1    0    3    2    0.002565    0.002100
   -5    1    0    4    2   -0.012769    0.000938
   -5    1    0    5    2   -0.006591   -0.000068
   -5    1    0    6    2   -0.005410    0.014893
   -5    1    0    7    2   -0.008618   -0.007721
   -5    1    0    8    2    0.003142    0.004388
   -5    1    0    9    2    0.001783   -0.004706
   -5    1    0   10    2    0.009697   -0.007433
   -5    1    0   11    2   -0.012493    0.015972
   -5    1    0    1    3    0.006257   -0.002902
   -5    1    0    2    3   -0.007280    0.002723
   -5    1    0    3    3    0.002701    0.001195
   -5    1    0    4    3    0.000478   -0.015575
   -5    1    0    5    3    0.014099    0.017570
   -5    1    0    6    3    0.011661    0.002005
   -5    1    0    7    3   -0.004641    0.000303
   -5    1    0    8    3   -0.000822   -0.000091
   -5    1    0    9    3    0.001871   -0.009120
   -5    1    0   10    3    0.003582    0.000718
   -5    1    0   11    3   -0.003581   -0.009974
   -5    1    0    1    4    0.008561   -0.012515
   -5    1    0    2    4    0.030832    0.002166
   -5    1    0    3    4   -0.013318   -0.005938
   -5    1    0    4    4   -0.002977    0.004021
   -5    1    0    5    4   -0.011009    0.003899
   -5    1    0    6    4    0.010493   -0.001836
   -5    1    0    7    4   -0.013348   -0.004933
   -5    1    0    8    4    0.025996    0.006672
   -5    1    0    9    4   -0.005542   -0.019396
   -5    1    0   10    4    0.000717   -0.004347
   -5    1    0   11    4   -0.015746    0.001415
   -5    1    0    1    5   -0.000427   -0.012672
   -5    1    0    2    5   -0.002612   -0.001838
   -5    1    0    3    5   -0.022508    0.010303
   -5    1    0    4    5    0.000926    0.000449
   -5    1    0    5    5   -0.002617    0.019120
   -5    1    0    6    5   -0.022375   -0.006171
   -5    1    0    7    5    0.004369    0.013318
   -5    1    0    8    5   -0.001614    0.018433
   -5    1    0    9    5   -0.008910    0.004791
   -5    1    0   10    5   -0.000421   -0.025932
   -5    1    0   11    5    0.006941    0.006882
   -5    1    0    1    6   -0.013449   -0.009166
   -5    1    0    2    6   -0.014409   -0.000822
   -5    1    0    3    6    0.002723    0.016035
   -5    1    0    4    6    0.010605    0.005406
   -5    1    0    5    6    0.006832    0.001015
   -5    1    0    6    6    0.003412   -0.013809
   -5    1    0    7    6   -0.017860   -0.000267
   -5    1    0    8    6    0.006408    0.001139
   -5    1    0    9    6    0.009786   -0.001671
   -5    1    0   10    6   -0.010581   -0.009472
   -5    1    0   11    6    0.003581    0.020201
   -5    1    0    1    7    0.007107   -0.003856
   -5    1    0    2    7    0.011466    0.002346
   -5    1    0    3    7   -0.014925   -0.012481
   -5    1    0    4    7    0.010971    0.001416
   -5    1    0    5    7    0.000078    0.011975
   -5    1    0    6    7    0.017670    0.011814
   -5    1    0    7    7    0.008765    0.009473
   -5    1    0    8    7    0.003200   -0.000512
   -5    1    0    9    7    0.004060   -0.005372
   -5    1    0   10    7   -0.002149    0.002330
   -5    1    0   11    7    0.019360   -0.004030
   -5    1    0    1    8   -0.003854   -0.004665
   -5    1    0    2    8    0.007365   -0.003565
   -5    1    0    3    8   -0.000960    0.003936
   -5    1    0    4    8   -0.010162    0.009170
   -5    1    0    5    8    0.001998    0.008663
   -5    1    0    6    8   -0.000404   -0.001355
   -5    1    0    7    8   -0.004283   -0.004574
   -5    1    0    8    8   -0.000147   -0.000132
   -5    1    0    9    8    0.005250    0.005318
   -5    1    0   10    8    0.003463    0.001580
   -5    1    0   11    8   -0.009963    0.001494
   -5    1    0    1    9   -0.002355   -0.010802
   -5    1    0    2    9    0.018526    0.013199
   -5    1    0    3    9    0.008498   -0.003669
   -5    1    0    4    9    0.001997   -0.011240
   -5    1    0    5    9   -0.007997   -0.008158
   -5    1    0    6    9    0.006698    0.004198
   -5    1    0    7    9   -0.002086    0.001394
   -5    1    0    8    9    0.004267    0.007471
   -5    1    0    9    9    0.010032    0.006015
   -5    1    0   10    9    0.000139    0.001112
   -5    1    0   11    9    0.003651   -0.000947
   -5    1    0    1   10    0.002785    0.008088
   -5    1    0    2   10   -0.001190   -0.007575
   -5    1    0    3   10    0.010992    0.011325
   -5    1    0    4   10   -0.004468   -0.000383
   -5    1    0    5   10    0.003727   -0.015792
   -5    1    0    6   10   -0.007746    0.002834
   -5    1    0    7   10    0.005971    0.001158
   -5    1    0    8   10   -0.000237    0.001394
   -5    1    0    9   10   -0.005419   -0.006595
   -5    1    0   10   10   -0.002723   -0.000369
   -5    1    0   11   10    0.002682    0.000160
   -5    1    0    1   11    0.000718    0.000454
   -5    1    0    2   11   -0.025991    0.002083
   -5    1    0    3   11    0.008660   -0.013333
   -5    1    0    4   11   -0.006735   -0.013983
   -5    1    0    5   11   -0.003526    0.013541
   -5    1    0    6   11    0.027718    0.010880
   -5    1    0    7   11   -0.019133    0.019920
   -5    1    0    8   11    0.017171   -0.011772
   -5    1    0    9   11    0.001649    0.009137
   -5    1    0   10   11   -0.001958    0.004915
   -5    1    0   11   11    0.005064    0.009239
   -5    2    0    1    1   -0.009914    0.003231
   -5    2    0    2    1    0.001546    0.007398
   -5    2    0    3    1   -0.001160    0.002659
   -5    2    0    4    1    0.002641    0.003438
   -5    2    0    5    1   -0.009508    0.001488
   -5    2    0    6    1   -0.002959   -0.004825
   -5    2    0    7    1   -0.007987   -0.000063
   -5    2    0    8    1    0.002839    0.001835
   -5    2    0    9    1    0.001645    0.003170
   -5    2    0   10    1   -0.006041   -0.002590
   -5    2    0   11    1    0.003193    0.005689
   -5    2    0    1    2    0.004959   -0.005021
   -5    2    0    2    2    0.001032   -0.011649
   -5    2    0    3    2    0.003472    0.009301
   -5    2    0    4    2    0.004800    0.022262
   -5    2    0    5    2    0.001547   -0.004742
   -5    2    0    6    2    0.002667   -0.004487
   -5    2    0    7    2   -0.003289    0.005375
   -5    2    0    8    2    0.008551    0.007066
   -5    2    0    9    2   -0.000315    0.001091
   -5    2    0   10    2   -0.004692   -0.007185
   -5    2    0   11    2    0.008722    0.003360
   -5    2    0    1    3   -0.008028    0.006529
   -5    2    0    2    3   -0.003499    0.004327
   -5    2    0    3    3    0.004678   -0.002153
   -5    2    0    4    3   -0.012767    0.007450
   -5    2    0    5    3    0.002132   -0.004259
   -5    2    0    6    3   -0.016100    0.003645
   -5    2    0    7    3    0.011425    0.004455
   -5    2    0    8    3   -0.006064    0.004311
   -5    2    0    9    3    0.008302   -0.003487
   -5    2    0   10    3   -0.014607   -0.011116
   -5    2    0   11    3    0.008295   -0.007227
   -5    2    0    1    4    0.005473    0.001855
   -5    2    0    2    4    0.022040   -0.000491
   -5    2    0    3    4   -0.001787    0.006324
   -5    2    0    4    4    0.014119    0.011307
   -5    2    0    5    4   -0.009796    0.015503
   -5    2    0    6    4    0.027167    0.002683
   -5    2    0    7    4   -0.008489    0.001119
   -5    2    0    8    4   -0.003081   -0.000252
   -5    2    0    9    4    0.002963   -0.005075
   -5    2    0   10    4    0.007274   -0.004511
   -5    2    0   11    4    0.002109    0.010933
   -5    2    0    1    5    0.006484   -0.010038
   -5    2    0    2    5    0.002085    0.001245
   -5    2    0    3    5   -0.005236    0.000310
   -5    2    0    4    5   -0.001371   -0.002518
   -5    2    0    5    5   -0.010658    0.007593
   -5    2    0    6    5   -0.016126    0.022744
   -5    2    0    7    5   -0.002497    0.027012
   -5    2    0    8    5    0.012165    0.003974
   -5    2    0    9    5    0.000634   -0.007340
   -5    2    0   10    5    0.000223    0.002368
   -5    2    0   11    5    0.009924    0.001990
   -5    2    0    1    6    0.003727   -0.004983
   -5    2    0    2    6    0.002550   -0.002362
   -5    2    0    3    6   -0.003043   -0.010810
   -5    2    0    4    6    0.015334    0.007781
   -5    2    0    5    6    0.006758   -0.028554
   -5    2    0    6    6   -0.006985    0.003747
   -5    2    0    7    6   -0.003601   -0.009105
   -5    2    0    8    6   -0.003835   -0.004404
   -5    2    0    9    6    0.016958   -0.006149
   -5    2    0   10    6   -0.006754   -0.007888
   -5    2    0   11    6   -0.006802    0.001810
   -5    2    0    1    7   -0.005610   -0.009060
   -5    2    0    2    7    0.006750    0.002532
   -5    2    0    3    7   -0.008979    0.008344
   -5    2    0    4    7   -0.002338    0.001749
   -5    2    0    5    7    0.005947    0.003562
   -5    2    0    6    7    0.007722   -0.002080
   -5    2    0    7    7   -0.027999   -0.006517
   -5    2    0    8    7    0.005395   -0.002120
   -5    2    0    9    7    0.007493   -0.004020
   -5    2    0   10    7    0.003988   -0.004348
   -5    2    0   11    7   -0.021322    0.009464
   -5    2    0    1    8    0.010306   -0.000799
   -5    2    0    2    8    0.014202    0.002176
   -5    2    0    3    8    0.004744    0.001729
   -5    2    0    4    8    0.000974   -0.014800
   -5    2    0    5    8   -0.008842    0.029520
   -5    2    0    6    8    0.008886    0.005567
   -5    2    0    7    8    0.002679    0.001599
   -5    2    0    8    8   -0.000032    0.000413
   -5    2    0    9    8    0.000721   -0.004265
   -5    2    0   10    8    0.002587    0.003672
   -5    2    0   11    8    0.001676   -0.003062
   -5    2    0    1    9   -0.007534   -0.003903
   -5    2    0    2    9   -0.002612   -0.008015
   -5    2    0    3    9    0.010616    0.008606
   -5    2    0    4    9    0.002130    0.007279
   -5    2    0    5    9   -0.018726    0.005549
   -5    2    0    6    9    0.007324    0.014365
   -5    2    0    7    9    0.003357   -0.001074
   -5    2    0    8    9    0.004425   -0.004413
   -5    2    0    9    9    0.004297   -0.008365
   -5    2    0   10    9    0.004563    0.007458
   -5    2    0   11    9   -0.009210    0.008909
   -5    2    0    1   10    0.005344   -0.003080
   -5    2    0    2   10   -0.010959   -0.006869
   -5    2    0    3   10   -0.000928   -0.001400
   -5    2    0    4   10    0.007448    0.017415
   -5    2    0    5   10   -0.009746   -0.031704
   -5    2    0    6   10   -0.006541   -0.006386
   -5    2    0    7   10    0.000926    0.002041
   -5    2    0    8   10   -0.000960   -0.002313
   -5    2    0    9   10   -0.002222   -0.003242
   -5    2    0   10   10   -0.001624    0.000550
   -5    2    0   11   10   -0.001766   -0.002473
   -5    2    0    1   11   -0.002699   -0.007431
   -5    2    0    2   11   -0.006247    0.023066
   -5    2    0    3   11    0.018106    0.008584
   -5    2    0    4   11    0.016491   -0.000224
   -5    2    0    5   11   -0.004795   -0.002414
   -5    2    0    6   11   -0.002703   -0.024110
   -5    2    0    7   11   -0.005719   -0.010791
   -5    2    0    8   11   -0.006295   -0.009045
   -5    2    0    9   11    0.009699   -0.004664
   -5    2    0   10   11    0.008931   -0.013803
   -5    2    0   11   11    0.033385    0.001841
   -4   -8    0    1    1   -0.030071    0.013426
   -4   -8    0    2    1    0.000567    0.001143
   -4   -8    0    3    1    0.001894   -0.008254
   -4   -8    0    4    1   -0.000180    0.013091
   -4   -8    0    5    1   -0.022793   -0.009873
   -4   -8    0    6    1    0.015492    0.033697
   -4   -8    0    7    1    0.003033    0.028707
   -4   -8    0    8    1   -0.001032    0.008501
   -4   -8    0    9    1   -0.005477    0.007978
   -4   -8    0   10    1   -0.016732   -0.010466
   -4   -8    0   11    1   -0.005375    0.001636
   -4   -8    0    1    2   -0.010511   -0.001526
   -4   -8    0    2    2   -0.008370   -0.011215
   -4   -8    0    3    2    0.001258   -0.001168
   -4   -8    0    4    2   -0.002852    0.009231
   -4   -8    0    5    2   -0.000947   -0.006671
   -4   -8    0    6    2    0.003858   -0.008442
   -4   -8    0    7    2    0.017282   -0.004637
   -4   -8    0    8    2    0.000639    0.013940
   -4   -8    0    9    2    0.004074   -0.001010
   -4   -8    0   10    2   -0.021487    0.002538
   -4   -8    0   11    2   -0.013121    0.014425
   -4   -8    0    1    3    0.000557    0.002179
   -4   -8    0    2    3   -0.002618   -0.004298
   -4   -8    0    3    3    0.009222   -0.003819
   -4   -8    0    4    3   -0.011949   -0.008857
   -4   -8    0    5    3    0.006254   -0.015735
   -4   -8    0    6    3   -0.019499    0.002698
   -4   -8    0    7    3    0.007115   -0.006157
   -4   -8    0    8    3   -0.006844    0.008743
   -4   -8    0    9    3    0.001124   -0.008937
   -4   -8    0   10    3   -0.002091   -0.008631
   -4   -8    0   11    3   -0.000248   -0.001954
   -4   -8    0    1    4   -0.000285   -0.000812
   -4   -8    0    2    4    0.001363    0.005960
   -4   -8    0    3    4   -0.004410    0.003235
   -4   -8    0    4    4   -0.012141    0.008458
   -4   -8    0    5    4    0.002651   -0.011102
   -4   -8    0    6    4   -0.015433    0.004019
   -4   -8    0    7    4    0.004272    0.013182
   -4   -8    0    8    4    0.006460   -0.012797
   -4   -8    0    9    4   -0.000757   -0.017787
   -4   -8    0   10    4   -0.009035   -0.007533
   -4   -8    0   11    4   -0.006573    0.019617
   -4   -8    0    1    5   -0.011375    0.006749
   -4   -8    0    2    5    0.004161   -0.000388
   -4   -8    0    3    5    0.010626    0.010346
   -4   -8    0    4    5    0.009158   -0.002856
   -4   -8    0    5    5   -0.003534   -0.008234
   -4   -8    0    6    5    0.005895   -0.010315
   -4   -8    0    7    5    0.019347   -0.012229
   -4   -8    0    8    5   -0.002852    0.021254
   -4   -8    0    9    5   -0.012630    0.002639
   -4   -8    0   10    5   -0.008631    0.001901
   -4   -8    0   11    5    0.015728    0.001986
   -4   -8    0    1    6    0.009378   -0.009803
   -4   -8    0    2    6   -0.004160    0.003346
   -4   -8    0    3    6   -0.002867    0.011861
   -4   -8    0    4    6    0.007807    0.001792
   -4   -8    0    5    6    0.008452   -0.028558
   -4   -8    0    6    6    0.021794   -0.001668
   -4   -8    0    7    6    0.002130   -0.002406
   -4   -8    0    8    6    0.000307   -0.006800
   -4   -8    0    9    6    0.013566    0.012729
   -4   -8    0   10    6    0.006587   -0.001324
   -4   -8    0   11    6   -0.006379    0.001526
   -4   -8    0    1    7    0.007453   -0.021900
   -4   -8    0    2    7    0.004159    0.022259
   -4   -8    0    3    7   -0.012235   -0.010764
   -4   -8    0    4    7    0.003432   -0.005592
   -4   -8    0    5    7    0.009610    0.000098
   -4   -8    0    6    7    0.011628    0.011949
   -4   -8    0    7    7   -0.007957    0.013626
   -4   -8    0    8    7   -0.005703    0.001505
   -4   -8    0    9    7    0.000473   -0.003067
   -4   -8    0   10    7   -0.003133   -0.004586
   -4   -8    0   11    7   -0.009474   -0.010933
   -4   -8    0    1    8    0.003464    0.002277
   -4   -8    0    2    8    0.006959    0.013398
   -4   -8    0    3    8   -0.007067   -0.002709
   -4   -8    0    4    8    0.012401   -0.001060
   -4   -8    0    5    8   -0.008365    0.005862
   -4   -8    0    6    8   -0.004297    0.003607
   -4   -8    0    7    8   -0.001221   -0.002082
   -4   -8    0    8    8   -0.000893    0.000443
   -4   -8    0    9    8    0.003159    0.001095
   -4   -8    0   10    8   -0.000760   -0.000249
   -4   -8    0   11    8   -0.002450    0.015233
   -4   -8    0    1    9   -0.003096    0.010119
   -4   -8    0    2    9   -0.005003   -0.000462
   -4   -8    0    3    9    0.009262    0.000147
   -4   -8    0    4    9    0.013220    0.008292
   -4   -8    0    5    9   -0.015373   -0.008578
   -4   -8    0    6    9   -0.002240   -0.000232
   -4   -8    0    7    9   -0.000154   -0.011657
   -4   -8    0    8    9    0.005384   -0.006466
   -4   -8    0    9    9    0.003017   -0.001133
   -4   -8    0   10    9   -0.003327    0.001525
   -4   -8    0   11    9   -0.005421   -0.001814
   -4   -8    0    1   10   -0.012044   -0.008386
   -4   -8    0    2   10   -0.002072   -0.024698
   -4   -8    0    3   10    0.008533    0.004469
   -4   -8    0    4   10   -0.017482    0.008267
   -4   -8    0    5   10   -0.000625   -0.040504
   -4   -8    0    6   10   -0.003917   -0.001042
   -4   -8    0    7   10   -0.001962    0.000378
   -4   -8    0    8   10    0.001571   -0.000895
   -4   -8    0    9   10    0.003722    0.007281
   -4   -8    0   10   10   -0.002133    0.001507
   -4   -8    0   11   10   -0.000661    0.002715
   -4   -8    0    1   11   -0.008783   -0.010023
   -4   -8    0    2   11    0.001483   -0.003836
   -4   -8    0    3   11   -0.000192   -0.010920
   -4   -8    0    4   11   -0.018205    0.000717
   -4   -8    0    5   11   -0.004619    0.011555
   -4   -8    0    6   11    0.001025    0.017902
   -4   -8    0    7   11   -0.034750   -0.000775
   -4   -8    0    8   11    0.001330    0.014386
   -4   -8    0    9   11    0.002874    0.006365
   -4   -8    0   10   11    0.009306   -0.002837
   -4   -8    0   11   11    0.033059   -0.011391
   -4   -7    0    1    1    0.012601    0.002441
   -4   -7    0    2    1    0.010533   -0.008124
   -4   -7    0    3    1    0.007281    0.008349
   -4   -7    0    4    1    0.000170   -0.003193
   -4   -7    0    5    1   -0.007619    0.003660
   -4   -7    0    6    1   -0.007178    0.004885
   -4   -7    0    7    1   -0.001329   -0.020411
   -4   -7    0    8    1   -0.012473    0.012870
   -4   -7    0    9    1    0.006676   -0.002369
   -4   -7    0   10    1   -0.006064   -0.011239
   -4   -7    0   11    1    0.011089   -0.003936
   -4   -7    0    1    2   -0.009095   -0.012031
   -4   -7    0    2    2    0.006696    0.009147
   -4   -7    0    3    2    0.010021    0.005974
   -4   -7    0    4    2    0.011672   -0.003462
   -4   -7    0    5    2    0.004967   -0.006128
   -4   -7    0    6    2   -0.011524    0.012186
   -4   -7    0    7    2   -0.012779   -0.001780
   -4   -7    0    8    2   -0.008883   -0.008218
   -4   -7    0    9    2    0.012465   -0.001575
   -4   -7    0   10    2    0.007414   -0.008768
   -4   -7    0   11    2   -0.000281    0.004240
   -4   -7    0    1    3   -0.001749   -0.001441
   -4   -7    0    2    3    0.021235   -0.009010
   -4   -7    0    3    3    0.003732    0.000344
   -4   -7    0    4    3   -0.006529    0.012437
   -4   -7    0    5    3   -0.003180   -0.014684
   -4   -7    0    6    3   -0.001109    0.003136
   -4   -7    0    7    3    0.007896   -0.003618
   -4   -7    0    8    3   -0.003454    0.002643
   -4   -7    0    9    3    0.005510    0.006541
   -4   -7    0   10    3   -0.002670    0.000022
   -4   -7    0   11    3   -0.002390   -0.004514
   -4   -7    0    1    4    0.005534    0.011237
   -4   -7    0    2    4    0.000937   -0.000573
   -4   -7    0    3    4    0.004382    0.005004
   -4   -7    0    4    4   -0.006272    0.003114
   -4   -7    0    5    4   -0.009954    0.006966
   -4   -7    0    6    4   -0.010204   -0.013850
   -4   -7    0    7    4    0.000742   -0.009924
   -4   -7    0    8    4   -0.001869   -0.008575
   -4   -7    0    9    4   -0.006855   -0.004994
   -4   -7    0   10    4   -0.001749   -0.004435
   -4   -7    0   11    4    0.004994    0.008562
   -4   -7    0    1    5    0.001217    0.001205
   -4   -7    0    2    5    0.003149    0.001169
   -4   -7    0    3    5    0.008666    0.008664
   -4   -7    0    4    5   -0.003609    0.000653
   -4   -7    0    5    5   -0.014492    0.008997
   -4   -7    0    6    5    0.001608   -0.003679
   -4   -7    0    7    5   -0.016596   -0.003694
   -4   -7    0    8    5   -0.002223   -0.011990
   -4   -7    0    9    5   -0.007035   -0.019047
   -4   -7    0   10    5    0.006761   -0.006041
   -4   -7    0   11    5    0.002909   -0.011440
   -4   -7    0    1    6   -0.008358    0.022456
   -4   -7    0    2    6   -0.008100   -0.002370
   -4   -7    0    3    6   -0.021372   -0.004732
   -4   -7    0    4    6    0.006796    0.003298
   -4   -7    0    5    6   -0.014837    0.026604
   -4   -7    0    6    6    0.007017   -0.000752
   -4   -7    0    7    6   -0.009659   -0.002288
   -4   -7    0    8    6    0.001138    0.002120
   -4   -7    0    9    6    0.007990    0.004103
   -4   -7    0   10    6    0.002604   -0.001137
   -4   -7    0   11    6    0.016901   -0.016136
   -4   -7    0    1    7   -0.014185    0.018373
   -4   -7    0    2    7   -0.015830   -0.008457
   -4   -7    0    3    7    0.000798    0.008567
   -4   -7    0    4    7   -0.022868    0.010359
   -4   -7    0    5    7    0.009307    0.004497
   -4   -7    0    6    7   -0.014304    0.006145
   -4   -7    0    7    7   -0.003774   -0.017016
   -4   -7    0    8    7    0.005589    0.009591
   -4   -7    0    9    7    0.008076    0.004612
   -4   -7    0   10    7    0.006541   -0.000827
   -4   -7    0   11    7   -0.007882   -0.004665
   -4   -7    0    1    8    0.004618    0.014819
   -4   -7    0    2    8   -0.015129   -0.000679
   -4   -7    0    3    8    0.005891   -0.002055
   -4   -7    0    4    8    0.004595    0.007544
   -4   -7    0    5    8   -0.002085   -0.005774
   -4   -7    0    6    8   -0.003051    0.005019
   -4   -7    0    7    8    0.000112    0.003812
   -4   -7    0    8    8   -0.000740    0.001579
   -4   -7    0    9    8   -0.000477   -0.000742
   -4   -7    0   10    8   -0.001365    0.001307
   -4   -7    0   11    8    0.005076    0.002889
   -4   -7    0    1    9   -0.015214    0.008906
   -4   -7    0    2    9    0.004499   -0.024556
   -4   -7    0    3    9    0.024863    0.004727
   -4   -7    0    4    9   -0.001947   -0.002159
   -4   -7    0    5    9    0.008715   -0.000072
   -4   -7    0    6    9    0.012476   -0.004036
   -4   -7    0    7    9    0.007534    0.005954
   -4   -7    0    8    9   -0.003221   -0.011822
   -4   -7    0    9    9   -0.004164    0.002166
   -4   -7    0   10    9    0.001323    0.003211
   -4   -7    0   11    9   -0.005831    0.006139
   -4   -7    0    1   10    0.031130   -0.017154
   -4   -7    0    2   10    0.002656    0.000383
   -4   -7    0    3   10    0.000831   -0.002554
   -4   -7    0    4   10   -0.001380   -0.010031
   -4   -7    0    5   10   -0.015104    0.022766
   -4   -7    0    6   10    0.005699   -0.008517
   -4   -7    0    7   10    0.003464    0.005701
   -4   -7    0    8   10   -0.003023   -0.000229
   -4   -7    0    9   10    0.004578   -0.002331
   -4   -7    0   10   10    0.000294    0.000222
   -4   -7    0   11   10    0.000597    0.006172
   -4   -7    0    1   11   -0.000206   -0.006490
   -4   -7    0    2   11    0.024107    0.026518
   -4   -7    0    3   11    0.007863    0.003366
   -4   -7    0    4   11   -0.021195    0.008009
   -4   -7    0    5   11    0.007897   -0.005558
   -4   -7    0    6   11   -0.030201   -0.012021
   -4   -7    0    7   11    0.033269   -0.012232
   -4   -7    0    8   11   -0.015234   -0.001561
   -4   -7    0    9   11   -0.003561   -0.006264
   -4   -7    0   10   11    0.013058   -0.002746
   -4   -7    0   11   11   -0.001250   -0.010244
   -4   -6    0    1    1    0.026626    0.001167
   -4   -6    0    2    1   -0.001197    0.000810
   -4   -6    0    3    1   -0.000058    0.003757
   -4   -6    0    4    1   -0.008468   -0.022169
   -4   -6    0    5    1   -0.000391    0.004559
   -4   -6    0    6    1    0.017085   -0.029034
   -4   -6    0    7    1    0.013262   -0.026405
   -4   -6    0    8    1    0.008930   -0.007962
   -4   -6    0    9    1    0.006729   -0.004740
   -4   -6    0   10    1    0.012209    0.022199
   -4   -6    0   11    1    0.012880    0.002789
   -4   -6    0    1    2    0.001000    0.016848
   -4   -6    0    2    2   -0.000968    0.001772
   -4   -6    0    3    2   -0.005954    0.008927
   -4   -6    0    4    2   -0.002626    0.003053
   -4   -6    0    5    2   -0.011582    0.002124
   -4   -6    0    6    2   -0.003895   -0.007490
   -4   -6    0    7    2   -0.007325   -0.016430
   -4   -6    0    8    2   -0.007776   -0.011516
   -4   -6    0    9    2   -0.001426    0.009390
   -4   -6    0   10    2    0.002921    0.026695
   -4   -6    0   11    2    0.000935   -0.011085
   -4   -6    0    1    3    0.005375   -0.003642
   -4   -6    0    2    3   -0.001767   -0.013636
   -4   -6    0    3    3   -0.013451    0.018537
   -4   -6    0    4    3    0.012169   -0.001113
   -4   -6    0    5    3    0.009712    0.003278
   -4   -6    0    6    3    0.022385   -0.003927
   -4   -6    0    7    3   -0.011426   -0.007174
   -4   -6    0    8    3   -0.026010    0.009447
   -4   -6    0    9    3   -0.022685    0.004621
   -4   -6    0   10    3    0.008098   -0.002969
   -4   -6    0   11    3    0.000278    0.018442
   -4   -6    0    1    4   -0.021872   -0.001322
   -4   -6    0    2    4   -0.010127   -0.015876
   -4   -6    0    3    4    0.003737   -0.016009
   -4   -6    0    4    4    0.002808   -0.001935
   -4   -6    0    5    4    0.019056   -0.000685
   -4   -6    0    6    4   -0.009929   -0.001415
   -4   -6    0    7    4   -0.008142   -0.010239
   -4   -6    0    8    4    0.021412   -0.004187
   -4   -6    0    9    4   -0.017268    0.008993
   -4   -6    0   10    4    0.001821   -0.012502
   -4   -6    0   11    4    0.025165   -0.014219
   -4   -6    0    1    5    0.002536    0.009019
   -4   -6    0    2    5   -0.000003    0.001904
   -4   -6    0    3    5    0.006713    0.000243
   -4   -6    0    4    5    0.005229   -0.007369
   -4   -6    0    5    5    0.005178   -0.008914
   -4   -6    0    6    5    0.011887   -0.007084
   -4   -6    0    7    5    0.000013   -0.002815
   -4   -6    0    8    5    0.003839    0.023459
   -4   -6    0    9    5    0.000675    0.023542
   -4   -6    0   10    5   -0.000163    0.012248
   -4   -6    0   11    5   -0.005548    0.011608
   -4   -6    0    1    6   -0.015348   -0.000558
   -4   -6    0    2    6   -0.012321   -0.012670
   -4   -6    0    3    6    0.059199    0.000853
   -4   -6    0    4    6   -0.045568    0.001462
   -4   -6    0    5    6   -0.005792    0.002121
   -4   -6    0    6    6    0.004803   -0.007086
   -4   -6    0    7    6    0.003117    0.006096
   -4   -6    0    8    6   -0.000932    0.004816
   -4   -6    0    9    6   -0.001553   -0.003697
   -4   -6    0   10    6    0.006469   -0.002193
   -4   -6    0   11    6   -0.009033    0.021821
   -4   -6    0    1    7   -0.011888    0.014543
   -4   -6    0    2    7    0.003850   -0.020457
   -4   -6    0    3    7    0.015511   -0.001993
   -4   -6    0    4    7    0.040160   -0.000315
   -4   -6    0    5    7   -0.008625   -0.017694
   -4   -6    0    6    7   -0.007327   -0.002171
   -4   -6    0    7    7   -0.001390   -0.001431
   -4   -6    0    8    7    0.000523    0.001414
   -4   -6    0    9    7    0.008446   -0.002493
   -4   -6    0   10    7    0.004930    0.005386
   -4   -6    0   11    7    0.009020    0.029599
   -4   -6    0    1    8   -0.003707   -0.002861
   -4   -6    0    2    8   -0.001257   -0.006054
   -4   -6    0    3    8    0.009746    0.008899
   -4   -6    0    4    8   -0.020633   -0.002471
   -4   -6    0    5    8   -0.005056   -0.002253
   -4   -6    0    6    8    0.000698   -0.002072
   -4   -6    0    7    8    0.006568   -0.002881
   -4   -6    0    8    8    0.000726   -0.001327
   -4   -6    0    9    8   -0.003894   -0.000962
   -4   -6    0   10    8   -0.002693   -0.000147
   -4   -6    0   11    8    0.003004   -0.019110
   -4   -6    0    1    9    0.008824   -0.000957
   -4   -6    0    2    9    0.008262    0.010395
   -4   -6    0    3    9   -0.008463    0.002522
   -4   -6    0    4    9   -0.021534   -0.026080
   -4   -6    0    5    9    0.004690    0.000256
   -4   -6    0    6    9   -0.005642   -0.019978
   -4   -6    0    7    9    0.015411    0.013596
   -4   -6    0    8    9   -0.012508   -0.005509
   -4   -6    0    9    9    0.002163   -0.000500
   -4   -6    0   10    9   -0.013185   -0.008208
   -4   -6    0   11    9    0.033251    0.006102
   -4   -6    0    1   10   -0.004033    0.013615
   -4   -6    0    2   10   -0.035619    0.038845
   -4   -6    0    3   10   -0.003969    0.010775
   -4   -6    0    4   10   -0.010888    0.004296
   -4   -6    0    5   10    0.000547    0.022689
   -4   -6    0    6   10    0.007472   -0.000435
   -4   -6    0    7   10   -0.002547    0.000356
   -4   -6    0    8   10   -0.001507    0.000307
   -4   -6    0    9   10    0.000549    0.002819
   -4   -6    0   10   10    0.001950   -0.002377
   -4   -6    0   11   10    0.017672    0.010692
   -4   -6    0    1   11    0.008147    0.014137
   -4   -6    0    2   11    0.015225   -0.006210
   -4   -6    0    3   11   -0.018795   -0.006212
   -4   -6    0    4   11    0.022372    0.002106
   -4   -6    0    5   11    0.007394    0.006143
   -4   -6    0    6   11    0.003206   -0.015647
   -4   -6    0    7   11    0.016773    0.004047
   -4   -6    0    8   11    0.006084    0.002393
   -4   -6    0    9   11    0.000680   -0.017468
   -4   -6    0   10   11   -0.013341    0.003089
   -4   -6    0   11   11   -0.027305    0.002095
   -4   -5    0    1    1   -0.012618   -0.013743
   -4   -5    0    2    1   -0.008994   -0.007185
   -4   -5    0    3    1   -0.001857   -0.001584
   -4   -5    0    4    1    0.020767    0.011715
   -4   -5    0    5    1    0.003475   -0.001700
   -4   -5    0    6    1    0.011503   -0.000699
   -4   -5    0    7    1   -0.005048    0.017848
   -4   -5    0    8    1    0.014420    0.000988
   -4   -5    0    9    1   -0.009025   -0.001136
   -4   -5    0   10    1   -0.003256    0.010014
   -4   -5    0   11    1   -0.003116   -0.013928
   -4   -5    0    1    2    0.010683    0.004526
   -4   -5    0    2    2   -0.000999    0.003288
   -4   -5    0    3    2    0.009154    0.002447
   -4   -5    0    4    2    0.014940   -0.013677
   -4   -5    0    5    2    0.002621    0.013213
   -4   -5    0    6    2    0.007240    0.001964
   -4   -5    0    7    2   -0.000324    0.008718
   -4   -5    0    8    2    0.023582    0.008018
   -4   -5    0    9    2    0.000106   -0.011551
   -4   -5    0   10    2   -0.008775   -0.029895
   -4   -5    0   11    2    0.007640    0.017519
   -4   -5    0    1    3   -0.002252   -0.006924
   -4   -5    0    2    3   -0.000022    0.001926
   -4   -5    0    3    3   -0.006196   -0.005926
   -4   -5    0    4    3    0.022397   -0.006854
   -4   -5    0    5    3   -0.014465    0.011535
   -4   -5    0    6    3    0.009209    0.003844
   -4   -5    0    7    3   -0.024437   -0.004482
   -4   -5    0    8    3    0.049480   -0.016454
   -4   -5    0    9    3    0.007371   -0.005333
   -4   -5    0   10    3   -0.010415    0.002704
   -4   -5    0   11    3    0.028697    0.005345
   -4   -5    0    1    4    0.013177   -0.009042
   -4   -5    0    2    4   -0.004617   -0.013097
   -4   -5    0    3    4    0.017091   -0.003101
   -4   -5    0    4    4    0.002464   -0.001798
   -4   -5    0    5    4   -0.000428   -0.011579
   -4   -5    0    6    4   -0.001206    0.021397
   -4   -5    0    7    4   -0.016724   -0.020444
   -4   -5    0    8    4   -0.055386    0.028987
   -4   -5    0    9    4   -0.008709    0.028449
   -4   -5    0   10    4    0.021253    0.004926
   -4   -5    0   11    4    0.017441   -0.021246
   -4   -5    0    1    5   -0.004147   -0.009487
   -4   -5    0    2    5   -0.009888    0.008912
   -4   -5    0    3    5    0.005648   -0.006278
   -4   -5    0    4    5   -0.014671   -0.013022
   -4   -5    0    5    5    0.007091   -0.018341
   -4   -5    0    6    5   -0.002501    0.014158
   -4   -5    0    7    5   -0.011984   -0.008051
   -4   -5    0    8    5    0.008078   -0.024470
   -4   -5    0    9    5    0.004627    0.004154
   -4   -5    0   10    5    0.011576    0.008461
   -4   -5    0   11    5    0.006007   -0.022898
   -4   -5    0    1    6    0.010085   -0.012842
   -4   -5    0    2    6    0.012625    0.017787
   -4   -5    0    3    6   -0.037018   -0.005545
   -4   -5    0    4    6    0.007686   -0.002697
   -4   -5    0    5    6   -0.004907   -0.002933
   -4   -5    0    6    6    0.005641    0.008380
   -4   -5    0    7    6    0.005666   -0.007912
   -4   -5    0    8    6    0.001257   -0.003342
   -4   -5    0    9    6   -0.000101    0.000326
   -4   -5    0   10    6   -0.000929    0.005050
   -4   -5    0   11    6    0.023892   -0.009774
   -4   -5    0    1    7    0.015123   -0.012358
   -4   -5    0    2    7   -0.005976    0.025714
   -4   -5    0    3    7   -0.003379    0.024971
   -4   -5    0    4    7   -0.052241   -0.000044
   -4   -5    0    5    7    0.004201    0.003139
   -4   -5    0    6    7   -0.001603    0.005504
   -4   -5    0    7    7   -0.004504    0.007549
   -4   -5    0    8    7   -0.000740   -0.002287
   -4   -5    0    9    7   -0.008979   -0.010525
   -4   -5    0   10    7   -0.005531    0.001828
   -4   -5    0   11    7   -0.011308   -0.007924
   -4   -5    0    1    8    0.003755   -0.016587
   -4   -5    0    2    8   -0.013653   -0.004045
   -4   -5    0    3    8    0.008559    0.005432
   -4   -5    0    4    8   -0.026597    0.004926
   -4   -5    0    5    8    0.017433   -0.031778
   -4   -5    0    6    8    0.000741    0.002082
   -4   -5    0    7    8    0.005012    0.003638
   -4   -5    0    8    8   -0.001563   -0.003215
   -4   -5    0    9    8   -0.003025    0.001285
   -4   -5    0   10    8   -0.003641   -0.000726
   -4   -5    0   11    8   -0.008057   -0.004947
   -4   -5    0    1    9    0.003329   -0.006830
   -4   -5    0    2    9    0.005870   -0.000764
   -4   -5    0    3    9   -0.002857    0.004561
   -4   -5    0    4    9    0.000482   -0.004907
   -4   -5    0    5    9    0.002351   -0.000272
   -4   -5    0    6    9   -0.008175    0.000933
   -4   -5    0    7    9    0.000241   -0.001052
   -4   -5    0    8    9   -0.010581    0.009983
   -4   -5    0    9    9   -0.008084    0.001623
   -4   -5    0   10    9   -0.004170    0.011397
   -4   -5    0   11    9    0.023045   -0.026330
   -4   -5    0    1   10   -0.021433   -0.008906
   -4   -5    0    2   10    0.030176   -0.038573
   -4   -5    0    3   10   -0.002961   -0.009706
   -4   -5    0    4   10    0.075180    0.024276
   -4   -5    0    5   10   -0.007798   -0.022313
   -4   -5    0    6   10    0.006196    0.004286
   -4   -5    0    7   10   -0.010609   -0.019320
   -4   -5    0    8   10    0.002421    0.005678
   -4   -5    0    9   10    0.009072    0.011072
   -4   -5    0   10   10    0.000895    0.001604
   -4   -5    0   11   10   -0.000976    0.004648
   -4   -5    0    1   11    0.004705    0.007148
   -4   -5    0    2   11   -0.020777   -0.015004
   -4   -5    0    3   11    0.013235    0.002413
   -4   -5    0    4   11    0.029991   -0.019947
   -4   -5    0    5   11    0.013876   -0.014516
   -4   -5    0    6   11    0.012840    0.015590
   -4   -5    0    7   11   -0.041691   -0.003953
   -4   -5    0    8   11    0.013332    0.002727
   -4   -5    0    9   11    0.002060   -0.000401
   -4   -5    0   10   11   -0.000204   -0.006909
   -4   -5    0   11   11    0.016960    0.020578
   -4   -4    0    1    1   -0.013068   -0.001541
   -4   -4    0    2    1   -0.004366    0.004814
   -4   -4    0    3    1    0.008547   -0.008351
   -4   -4    0    4    1   -0.007367    0.010219
   -4   -4    0    5    1   -0.008998    0.010569
   -4   -4    0    6    1   -0.026147    0.003229
   -4   -4    0    7    1   -0.020554    0.013314
   -4   -4    0    8    1   -0.012927    0.002632
   -4   -4    0    9    1    0.001338    0.011034
   -4   -4    0   10    1    0.003753   -0.019870
   -4   -4    0   11    1   -0.016969   -0.006602
   -4   -4    0    1    2   -0.007288   -0.010593
   -4   -4    0    2    2    0.009530    0.004949
   -4   -4    0    3    2    0.006113   -0.001974
   -4   -4    0    4    2   -0.007961   -0.001397
   -4   -4    0    5    2   -0.013851   -0.007587
   -4   -4    0    6    2    0.000187    0.011398
   -4   -4    0    7    2    0.007697   -0.003245
   -4   -4    0    8    2   -0.013860   -0.017330
   -4   -4    0    9    2    0.000602   -0.006849
   -4   -4    0   10    2    0.001752    0.022847
   -4   -4    0   11    2   -0.001354   -0.013395
   -4   -4    0    1    3   -0.002967    0.002578
   -4   -4    0    2    3   -0.038509   -0.004374
   -4   -4    0    3    3   -0.005518   -0.015945
   -4   -4    0    4    3   -0.025316   -0.000503
   -4   -4    0    5    3    0.009094   -0.004528
   -4   -4    0    6    3    0.027497    0.012171
   -4   -4    0    7    3    0.003685   -0.000244
   -4   -4    0    8    3   -0.025646   -0.007198
   -4   -4    0    9    3   -0.022807   -0.013790
   -4   -4    0   10    3   -0.011054   -0.006468
   -4   -4    0   11    3   -0.027269   -0.006545
   -4   -4    0    1    4    0.005573   -0.004718
   -4   -4    0    2    4    0.007030    0.017286
   -4   -4    0    3    4   -0.020695    0.001969
   -4   -4    0    4    4   -0.007783    0.004504
   -4   -4    0    5    4   -0.012168    0.012595
   -4   -4    0    6    4   -0.022354   -0.010990
   -4   -4    0    7    4    0.051842    0.015453
   -4   -4    0    8    4    0.027773   -0.003537
   -4   -4    0    9    4   -0.012091   -0.007054
   -4   -4    0   10    4   -0.062585    0.008105
   -4   -4    0   11    4   -0.043695    0.013788
   -4   -4    0    1    5   -0.009373    0.003230
   -4   -4    0    2    5    0.016418    0.009544
   -4   -4    0    3    5    0.004677   -0.003580
   -4   -4    0    4    5   -0.000002    0.011434
   -4   -4    0    5    5   -0.007882    0.011462
   -4   -4    0    6    5   -0.009909   -0.009791
   -4   -4    0    7    5    0.011663    0.013559
   -4   -4    0    8    5   -0.019596    0.011292
   -4   -4    0    9    5   -0.015115    0.003266
   -4   -4    0   10    5   -0.006831   -0.019921
   -4   -4    0   11    5   -0.026261    0.003971
   -4   -4    0    1    6    0.011738    0.012291
   -4   -4    0    2    6    0.011753    0.000176
   -4   -4    0    3    6   -0.023375    0.012211
   -4   -4    0    4    6    0.054309    0.014085
   -4   -4    0    5    6    0.002216    0.023851
   -4   -4    0    6    6   -0.006195    0.000905
   -4   -4    0    7    6    0.005303    0.001926
   -4   -4    0    8    6    0.007689    0.002669
   -4   -4    0    9    6   -0.006699   -0.003370
   -4   -4    0   10    6   -0.008820    0.006571
   -4   -4    0   11    6   -0.009817   -0.015076
   -4   -4    0    1    7    0.016255   -0.009671
   -4   -4    0    2    7    0.020423   -0.008905
   -4   -4    0    3    7    0.002957   -0.007964
   -4   -4    0    4    7    0.017683    0.005363
   -4   -4    0    5    7   -0.006274    0.005763
   -4   -4    0    6    7    0.007027   -0.003263
   -4   -4    0    7    7    0.014327   -0.013208
   -4   -4    0    8    7   -0.000226    0.000876
   -4   -4    0    9    7   -0.005386    0.005871
   -4   -4    0   10    7    0.002797   -0.004191
   -4   -4    0   11    7   -0.003605   -0.028413
   -4   -4    0    1    8    0.000219    0.005848
   -4   -4    0    2    8    0.015362    0.012771
   -4   -4    0    3    8   -0.052343   -0.016010
   -4   -4    0    4    8    0.074888    0.009227
   -4   -4    0    5    8   -0.017833    0.013690
   -4   -4    0    6    8   -0.003993    0.003016
   -4   -4    0    7    8   -0.012622    0.001482
   -4   -4    0    8    8    0.001999   -0.001323
   -4   -4    0    9    8    0.001366    0.006577
   -4   -4    0   10    8    0.002416   -0.002147
   -4   -4    0   11    8    0.010192    0.026363
   -4   -4    0    1    9    0.002238    0.004155
   -4   -4    0    2    9   -0.018325    0.001752
   -4   -4    0    3    9    0.002349   -0.012238
   -4   -4    0    4    9    0.029886    0.015079
   -4   -4    0    5    9   -0.011336    0.016264
   -4   -4    0    6    9    0.011939    0.000601
   -4   -4    0    7    9   -0.004116   -0.001325
   -4   -4    0    8    9    0.008615    0.012163
   -4   -4    0    9    9   -0.003220    0.021623
   -4   -4    0   10    9    0.007497   -0.003102
   -4   -4    0   11    9   -0.016996   -0.002884
   -4   -4    0    1   10    0.002932   -0.002810
   -4   -4    0    2   10   -0.029581    0.014702
   -4   -4    0    3   10    0.009637    0.021125
   -4   -4    0    4   10   -0.032298   -0.000506
   -4   -4    0    5   10   -0.012416    0.029740
   -4   -4    0    6   10    0.003695    0.001916
   -4   -4    0    7   10    0.018442    0.003274
   -4   -4    0    8   10    0.012694   -0.002106
   -4   -4    0    9   10   -0.006291   -0.007373
   -4   -4    0   10   10    0.001514    0.007923
   -4   -4    0   11   10   -0.046144   -0.022302
   -4   -4    0    1   11   -0.008745   -0.009262
   -4   -4    0    2   11    0.011490    0.001876
   -4   -4    0    3   11   -0.014067   -0.004626
   -4   -4    0    4   11   -0.053446    0.002629
   -4   -4    0    5   11   -0.022423    0.008996
   -4   -4    0    6   11   -0.013050   -0.001784
   -4   -4    0    7   11    0.017519    0.002625
   -4   -4    0    8   11   -0.013830   -0.016232
   -4   -4    0    9   11   -0.000633   -0.009677
   -4   -4    0   10   11    0.002695    0.002565
   -4   -4    0   11   11    0.016980   -0.019349
   -4   -3    0    1    1    0.005191    0.017956
   -4   -3    0    2    1    0.000013   -0.011289
   -4   -3    0    3    1    0.002593    0.001714
   -4   -3    0    4    1    0.000252   -0.012931
   -4   -3    0    5    1    0.003140   -0.000083
   -4   -3    0    6    1   -0.019550   -0.005343
   -4   -3    0    7    1    0.003555   -0.018508
   -4   -3    0    8    1   -0.000541   -0.013170
   -4   -3    0    9    1   -0.009203    0.010169
   -4   -3    0   10    1    0.008808   -0.001315
   -4   -3    0   11    1    0.001570    0.013005
   -4   -3    0    1    2    0.008556    0.003380
   -4   -3    0    2    2   -0.008764   -0.020057
   -4   -3    0    3    2   -0.001353   -0.008513
   -4   -3    0    4    2   -0.008353   -0.005189
   -4   -3    0    5    2    0.002018    0.010098
   -4   -3    0    6    2    0.011351   -0.015566
   -4   -3    0    7    2   -0.004350    0.016255
   -4   -3    0    8    2    0.000869    0.022397
   -4   -3    0    9    2    0.000860    0.003107
   -4   -3    0   10    2    0.020327   -0.014128
   -4   -3    0   11    2   -0.000420    0.024060
   -4   -3    0    1    3   -0.002574   -0.003487
   -4   -3    0    2    3    0.016533   -0.008620
   -4   -3    0    3    3    0.018931    0.015374
   -4   -3    0    4    3   -0.006958   -0.006048
   -4   -3    0    5    3   -0.008827    0.001557
   -4   -3    0    6    3   -0.081196   -0.014713
   -4   -3    0    7    3    0.003355   -0.012986
   -4   -3    0    8    3   -0.009335    0.015424
   -4   -3    0    9    3    0.043938    0.005725
   -4   -3    0   10    3    0.017198   -0.002813
   -4   -3    0   11    3    0.001619   -0.005990
   -4   -3    0    1    4    0.006275    0.012124
   -4   -3    0    2    4   -0.008569   -0.018319
   -4   -3    0    3    4   -0.014584   -0.001502
   -4   -3    0    4    4    0.003309    0.012627
   -4   -3    0    5    4    0.013658   -0.015619
   -4   -3    0    6    4    0.075573   -0.003381
   -4   -3    0    7    4   -0.028356    0.010784
   -4   -3    0    8    4    0.023795   -0.019706
   -4   -3    0    9    4    0.035399   -0.012491
   -4   -3    0   10    4    0.027744    0.007596
   -4   -3    0   11    4   -0.000983    0.039484
   -4   -3    0    1    5    0.014287    0.020017
   -4   -3    0    2    5   -0.006086   -0.015375
   -4   -3    0    3    5   -0.007354   -0.011770
   -4   -3    0    4    5   -0.002886    0.007005
   -4   -3    0    5    5    0.030089   -0.001681
   -4   -3    0    6    5   -0.004202    0.027594
   -4   -3    0    7    5   -0.010178   -0.007648
   -4   -3    0    8    5    0.036582    0.009703
   -4   -3    0    9    5    0.010719    0.012355
   -4   -3    0   10    5    0.008192    0.022260
   -4   -3    0   11    5    0.001995   -0.004069
   -4   -3    0    1    6   -0.009508   -0.000966
   -4   -3    0    2    6   -0.000929    0.017594
   -4   -3    0    3    6    0.016791   -0.002878
   -4   -3    0    4    6    0.003516    0.004810
   -4   -3    0    5    6    0.017710   -0.019657
   -4   -3    0    6    6   -0.042418   -0.014505
   -4   -3    0    7    6   -0.010975   -0.000835
   -4   -3    0    8    6    0.012860    0.004742
   -4   -3    0    9    6   -0.001795   -0.000310
   -4   -3    0   10    6   -0.007505    0.002306
   -4   -3    0   11    6   -0.016950    0.024785
   -4   -3    0    1    7   -0.006565    0.007065
   -4   -3    0    2    7    0.007599    0.011438
   -4   -3    0    3    7    0.005406    0.009555
   -4   -3    0    4    7    0.021506   -0.025630
   -4   -3    0    5    7    0.004952    0.008720
   -4   -3    0    6    7    0.005923   -0.010313
   -4   -3    0    7    7    0.003484   -0.000491
   -4   -3    0    8    7   -0.002839   -0.011432
   -4   -3    0    9    7   -0.004905   -0.015902
   -4   -3    0   10    7   -0.003709   -0.003067
   -4   -3    0   11    7    0.006557    0.001439
   -4   -3    0    1    8   -0.006796    0.008069
   -4   -3    0    2    8    0.011235   -0.003314
   -4   -3    0    3    8    0.027703    0.023942
   -4   -3    0    4    8   -0.026820   -0.023521
   -4   -3    0    5    8   -0.004132    0.010897
   -4   -3    0    6    8    0.002960   -0.002234
   -4   -3    0    7    8   -0.012403   -0.002638
   -4   -3    0    8    8    0.002475    0.001707
   -4   -3    0    9    8    0.016459    0.004897
   -4   -3    0   10    8    0.002762   -0.000832
   -4   -3    0   11    8   -0.003355   -0.004510
   -4   -3    0    1    9   -0.007912    0.007698
   -4   -3    0    2    9    0.015964   -0.005691
   -4   -3    0    3    9    0.007055    0.015300
   -4   -3    0    4    9   -0.008123    0.015663
   -4   -3    0    5    9   -0.004825   -0.007095
   -4   -3    0    6    9   -0.012955    0.004437
   -4   -3    0    7    9   -0.010763   -0.011958
   -4   -3    0    8    9    0.015344   -0.003466
   -4   -3    0    9    9    0.012909    0.009411
   -4   -3    0   10    9   -0.005951    0.004355
   -4   -3    0   11    9   -0.015158   -0.000742
   -4   -3    0    1   10   -0.002528    0.009484
   -4   -3    0    2   10    0.050893   -0.012630
   -4   -3    0    3   10   -0.030590   -0.026809
   -4   -3    0    4   10   -0.045232    0.002497
   -4   -3    0    5   10    0.004611   -0.039813
   -4   -3    0    6   10   -0.007801    0.006284
   -4   -3    0    7   10    0.017978    0.012219
   -4   -3    0    8   10    0.011440    0.006450
   -4   -3    0    9   10   -0.006169    0.023642
   -4   -3    0   10   10   -0.000561    0.004781
   -4   -3    0   11   10    0.015861    0.018404
   -4   -3    0    1   11    0.007289   -0.003481
   -4   -3    0    2   11   -0.022274   -0.016308
   -4   -3    0    3   11   -0.006508    0.008980
   -4   -3    0    4   11   -0.023764   -0.001404
   -4   -3    0    5   11    0.015451    0.006632
   -4   -3    0    6   11    0.022903   -0.015347
   -4   -3    0    7   11    0.035045   -0.003812
   -4   -3    0    8   11   -0.005484    0.023678
   -4   -3    0    9   11   -0.012190   -0.006414
   -4   -3    0   10   11   -0.004246    0.005012
   -4   -3    0   11   11   -0.027851   -0.025123
   -4   -2    0    1    1   -0.003138   -0.013225
   -4   -2    0    2    1   -0.013655    0.010769
   -4   -2    0    3    1   -0.000603    0.000916
   -4   -2    0    4    1   -0.010095   -0.001834
   -4   -2    0    5    1   -0.005638   -0.002519
   -4   -2    0    6    1    0.007480    0.012925
   -4   -2    0    7    1    0.017744   -0.001415
   -4   -2    0    8    1    0.007767    0.008441
   -4   -2    0    9    1   -0.008821   -0.001362
   -4   -2    0   10    1   -0.011082    0.010375
   -4   -2    0   11    1   -0.001925    0.000650
   -4   -2    0    1    2   -0.004285    0.004627
   -4   -2    0    2    2    0.026573    0.001777
   -4   -2    0    3    2    0.012348   -0.014437
   -4   -2    0    4    2    0.014921    0.006186
   -4   -2    0    5    2    0.003121    0.005495
   -4   -2    0    6    2   -0.015219    0.029710
   -4   -2    0    7    2   -0.012146   -0.007870
   -4   -2    0    8    2   -0.000240    0.000839
   -4   -2    0    9    2   -0.011099   -0.003454
   -4   -2    0   10    2   -0.002166    0.003536
   -4   -2    0   11    2   -0.002048   -0.021402
   -4   -2    0    1    3   -0.001142    0.006396
   -4   -2    0    2    3   -0.006500    0.019424
   -4   -2    0    3    3    0.013616   -0.011631
   -4   -2    0    4    3    0.000595    0.017879
   -4   -2    0    5    3    0.010882   -0.009375
   -4   -2    0    6    3    0.036859   -0.002441
   -4   -2    0    7    3   -0.022975    0.010924
   -4   -2    0    8    3    0.004732    0.003210
   -4   -2    0    9    3   -0.039519    0.017945
   -4   -2    0   10    3   -0.003874    0.017906
   -4   -2    0   11    3   -0.001296    0.009040
   -4   -2    0    1    4   -0.016644   -0.008648
   -4   -2    0    2    4   -0.009740   -0.008090
   -4   -2    0    3    4    0.005958    0.025166
   -4   -2    0    4    4    0.025152   -0.008180
   -4   -2    0    5    4    0.001463    0.005656
   -4   -2    0    6    4   -0.028692   -0.005451
   -4   -2    0    7    4    0.009983    0.004844
   -4   -2    0    8    4   -0.014570   -0.000542
   -4   -2    0    9    4   -0.021783   -0.004273
   -4   -2    0   10    4   -0.003888   -0.001709
   -4   -2    0   11    4    0.042670   -0.029527
   -4   -2    0    1    5    0.002942   -0.013027
   -4   -2    0    2    5    0.022439    0.023122
   -4   -2    0    3    5   -0.012749    0.009317
   -4   -2    0    4    5   -0.008853   -0.025656
   -4   -2    0    5    5   -0.030173   -0.020122
   -4   -2    0    6    5    0.032539   -0.011369
   -4   -2    0    7    5   -0.005165    0.003951
   -4   -2    0    8    5   -0.002235   -0.032509
   -4   -2    0    9    5   -0.003652   -0.023718
   -4   -2    0   10    5    0.009601   -0.010246
   -4   -2    0   11    5   -0.013721    0.011595
   -4   -2    0    1    6   -0.007002   -0.013443
   -4   -2    0    2    6   -0.001301    0.016865
   -4   -2    0    3    6    0.012684    0.013737
   -4   -2    0    4    6   -0.006221   -0.021827
   -4   -2    0    5    6   -0.009417   -0.017047
   -4   -2    0    6    6   -0.019079    0.005047
   -4   -2    0    7    6   -0.008553    0.010447
   -4   -2    0    8    6    0.000644    0.001653
   -4   -2    0    9    6    0.009044   -0.011075
   -4   -2    0   10    6   -0.001725   -0.000665
   -4   -2    0   11    6    0.031733   -0.017631
   -4   -2    0    1    7   -0.007685    0.009441
   -4   -2    0    2    7    0.001370   -0.008296
   -4   -2    0    3    7    0.011313   -0.013148
   -4   -2    0    4    7   -0.018075   -0.005877
   -4   -2    0    5    7   -0.000334   -0.030874
   -4   -2    0    6    7    0.004029    0.011174
   -4   -2    0    7    7   -0.008525    0.009887
   -4   -2    0    8    7   -0.003818   -0.007741
   -4   -2    0    9    7   -0.012031   -0.008204
   -4   -2    0   10    7   -0.006551    0.000990
   -4   -2    0   11    7   -0.012289    0.020498
   -4   -2    0    1    8    0.001299   -0.004184
   -4   -2    0    2    8   -0.017301    0.011349
   -4   -2    0    3    8    0.018928   -0.009258
   -4   -2    0    4    8   -0.004906    0.010519
   -4   -2    0    5    8   -0.036129    0.012270
   -4   -2    0    6    8    0.008564    0.002239
   -4   -2    0    7    8    0.001252   -0.005174
   -4   -2    0    8    8    0.003527   -0.001165
   -4   -2    0    9    8    0.003767   -0.005645
   -4   -2    0   10    8    0.003569   -0.000196
   -4   -2    0   11    8   -0.003338   -0.008970
   -4   -2    0    1    9   -0.012659    0.005043
   -4   -2    0    2    9   -0.001362   -0.013325
   -4   -2    0    3    9    0.026204   -0.017245
   -4   -2    0    4    9   -0.004892    0.004621
   -4   -2    0    5    9   -0.005504    0.018079
   -4   -2    0    6    9    0.000079    0.006601
   -4   -2    0    7    9   -0.006682    0.006020
   -4   -2    0    8    9    0.005910   -0.003567
   -4   -2    0    9    9    0.002347   -0.001865
   -4   -2    0   10    9    0.005183    0.006708
   -4   -2    0   11    9   -0.006693   -0.020918
   -4   -2    0    1   10    0.001224   -0.013635
   -4   -2    0    2   10   -0.004246    0.020346
   -4   -2    0    3   10    0.028602    0.003539
   -4   -2    0    4   10    0.047244   -0.016964
   -4   -2    0    5   10    0.035505    0.006481
   -4   -2    0    6   10   -0.015740    0.007863
   -4   -2    0    7   10   -0.014036    0.009172
   -4   -2    0    8   10    0.003616    0.003804
   -4   -2    0    9   10    0.025547   -0.010423
   -4   -2    0   10   10   -0.001859   -0.001429
   -4   -2    0   11   10    0.049810    0.024680
   -4   -2    0    1   11    0.008644   -0.003175
   -4   -2    0    2   11   -0.007418    0.014768
   -4   -2    0    3   11    0.003354   -0.012136
   -4   -2    0    4   11    0.011814    0.003071
   -4   -2    0    5   11    0.007889   -0.018519
   -4   -2    0    6   11   -0.012620    0.012448
   -4   -2    0    7   11   -0.034996   -0.029154
   -4   -2    0    8   11    0.020804   -0.003645
   -4   -2    0    9   11   -0.019818    0.015852
   -4   -2    0   10   11    0.011274   -0.007084
   -4   -2    0   11   11   -0.002020    0.040907
   -4   -1    0    1    1   -0.003581   -0.017621
   -4   -1    0    2    1    0.023633   -0.000155
   -4   -1    0    3    1    0.006377   -0.017363
   -4   -1    0    4    1    0.007215    0.010013
   -4   -1    0    5    1   -0.007260    0.014112
   -4   -1    0    6    1    0.008058    0.005507
   -4   -1    0    7    1    0.012180    0.007995
   -4   -1    0    8    1   -0.015855    0.001607
   -4   -1    0    9    1    0.014325    0.007591
   -4   -1    0   10    1    0.001200   -0.011424
   -4   -1    0   11    1   -0.003106    0.008794
   -4   -1    0    1    2   -0.002855   -0.010095
   -4   -1    0    2    2   -0.020654    0.013707
   -4   -1    0    3    2   -0.018692   -0.004919
   -4   -1    0    4    2   -0.001636   -0.002618
   -4   -1    0    5    2    0.009836    0.014145
   -4   -1    0    6    2   -0.000549   -0.046453
   -4   -1    0    7    2    0.018388    0.005835
   -4   -1    0    8    2    0.012268   -0.013688
   -4   -1    0    9    2   -0.004000    0.012888
   -4   -1    0   10    2   -0.009725    0.000048
   -4   -1    0   11    2   -0.012763   -0.020042
   -4   -1    0    1    3    0.008615    0.003774
   -4   -1    0    2    3    0.002657    0.002719
   -4   -1    0    3    3   -0.017197   -0.005575
   -4   -1    0    4    3    0.018552    0.011811
   -4   -1    0    5    3   -0.018079   -0.014880
   -4   -1    0    6    3   -0.007555    0.008893
   -4   -1    0    7    3    0.007011   -0.006630
   -4   -1    0    8    3    0.002034    0.018949
   -4   -1    0    9    3   -0.009215   -0.008301
   -4   -1    0   10    3   -0.020856   -0.002457
   -4   -1    0   11    3    0.012853   -0.016237
   -4   -1    0    1    4    0.000886   -0.007347
   -4   -1    0    2    4   -0.010803    0.008898
   -4   -1    0    3    4    0.036030   -0.012366
   -4   -1    0    4    4   -0.005535   -0.006285
   -4   -1    0    5    4   -0.001606    0.001851
   -4   -1    0    6    4   -0.017296   -0.012945
   -4   -1    0    7    4    0.003756    0.001449
   -4   -1    0    8    4   -0.024230    0.007793
   -4   -1    0    9    4    0.000994    0.001837
   -4   -1    0   10    4   -0.000903   -0.003831
   -4   -1    0   11    4    0.005331   -0.020753
   -4   -1    0    1    5   -0.001008    0.014090
   -4   -1    0    2    5   -0.001694   -0.010291
   -4   -1    0    3    5    0.010732   -0.015756
   -4   -1    0    4    5   -0.002330    0.032704
   -4   -1    0    5    5    0.023819   -0.013058
   -4   -1    0    6    5    0.001913    0.024589
   -4   -1    0    7    5    0.000481   -0.005358
   -4   -1    0    8    5    0.014947   -0.019129
   -4   -1    0    9    5   -0.008659    0.009871
   -4   -1    0   10    5   -0.002515    0.029755
   -4   -1    0   11    5   -0.008341    0.003158
   -4   -1    0    1    6   -0.000691    0.001574
   -4   -1    0    2    6    0.030307   -0.007615
   -4   -1    0    3    6    0.010210    0.012036
   -4   -1    0    4    6   -0.026737   -0.011811
   -4   -1    0    5    6   -0.026528    0.024194
   -4   -1    0    6    6    0.009921    0.010888
   -4   -1    0    7    6    0.012851    0.004669
   -4   -1    0    8    6   -0.012987    0.005819
   -4   -1    0    9    6   -0.014342    0.003718
   -4   -1    0   10    6    0.011844   -0.002791
   -4   -1    0   11    6    0.007956   -0.013431
   -4   -1    0    1    7   -0.005125   -0.013136
   -4   -1    0    2    7   -0.004389    0.012275
   -4   -1    0    3    7    0.011298   -0.016724
   -4   -1    0    4    7   -0.013393    0.009369
   -4   -1    0    5    7    0.020879   -0.026139
   -4   -1    0    6    7    0.008352    0.023713
   -4   -1    0    7    7    0.015019    0.000657
   -4   -1    0    8    7   -0.004751    0.006968
   -4   -1    0    9    7    0.005480    0.006782
   -4   -1    0   10    7    0.012034    0.001789
   -4   -1    0   11    7    0.001447   -0.015398
   -4   -1    0    1    8    0.001637    0.005805
   -4   -1    0    2    8    0.007095    0.000070
   -4   -1    0    3    8   -0.009285    0.008810
   -4   -1    0    4    8   -0.000837   -0.015579
   -4   -1    0    5    8    0.016883   -0.016389
   -4   -1    0    6    8    0.001328   -0.003230
   -4   -1    0    7    8   -0.006802   -0.002570
   -4   -1    0    8    8   -0.000706    0.001060
   -4   -1    0    9    8    0.002629    0.000001
   -4   -1    0   10    8    0.001350    0.001246
   -4   -1    0   11    8    0.011417   -0.005817
   -4   -1    0    1    9    0.015392   -0.015076
   -4   -1    0    2    9   -0.006046   -0.009931
   -4   -1    0    3    9   -0.008097   -0.015055
   -4   -1    0    4    9    0.027482   -0.006479
   -4   -1    0    5    9    0.016944   -0.007140
   -4   -1    0    6    9   -0.004614   -0.017298
   -4   -1    0    7    9    0.000195   -0.013473
   -4   -1    0    8    9    0.000769    0.007024
   -4   -1    0    9    9   -0.005568   -0.004730
   -4   -1    0   10    9   -0.006152   -0.006537
   -4   -1    0   11    9    0.004326   -0.007470
   -4   -1    0    1   10    0.012495    0.008315
   -4   -1    0    2   10   -0.003331    0.004662
   -4   -1    0    3   10    0.001920    0.023230
   -4   -1    0    4   10    0.009224   -0.012969
   -4   -1    0    5   10   -0.042338    0.034365
   -4   -1    0    6   10   -0.000578   -0.005257
   -4   -1    0    7   10   -0.015302    0.016042
   -4   -1    0    8   10    0.005010   -0.001602
   -4   -1    0    9   10    0.009983   -0.003648
   -4   -1    0   10   10   -0.006007    0.002549
   -4   -1    0   11   10   -0.031397   -0.030462
   -4   -1    0    1   11   -0.013225   -0.008449
   -4   -1    0    2   11    0.014066   -0.008139
   -4   -1    0    3   11    0.010114    0.011709
   -4   -1    0    4   11    0.033954    0.004409
   -4   -1    0    5   11    0.019173   -0.006876
   -4   -1    0    6   11   -0.005156   -0.002088
   -4   -1    0    7   11   -0.017471    0.028221
   -4   -1    0    8   11   -0.005737   -0.029351
   -4   -1    0    9   11   -0.000378    0.011190
   -4   -1    0   10   11   -0.003093   -0.001705
   -4   -1    0   11   11    0.007284    0.018406
   -4    0    0    1    1    0.000191    0.025273
   -4    0    0    2    1   -0.016653   -0.006679
   -4    0    0    3    1   -0.010310   -0.010781
   -4    0    0    4    1    0.000013    0.015364
   -4    0    0    5    1    0.012773    0.001392
   -4    0    0    6    1    0.027766   -0.016016
   -4    0    0    7    1    0.014854   -0.014385
   -4    0    0    8    1    0.007369   -0.005985
   -4    0    0    9    1   -0.000719    0.022587
   -4    0    0   10    1    0.004674    0.001612
   -4    0    0   11    1   -0.000673    0.003724
   -4    0    0    1    2    0.004955    0.000263
   -4    0    0    2    2    0.009489   -0.006635
   -4    0    0    3    2   -0.007293   -0.000021
   -4    0    0    4    2   -0.007208   -0.004917
   -4    0    0    5    2    0.001488   -0.008181
   -4    0    0    6    2   -0.003391    0.000688
   -4    0    0    7    2    0.004115   -0.019175
   -4    0    0    8    2   -0.021649    0.010405
   -4    0    0    9    2    0.011051    0.004275
   -4    0    0   10    2   -0.005647    0.001924
   -4    0    0   11    2   -0.005157    0.015841
   -4    0    0    1    3    0.000142   -0.004985
   -4    0    0    2    3    0.008632   -0.005081
   -4    0    0    3    3   -0.006122    0.007519
   -4    0    0    4    3    0.000347    0.006369
   -4    0    0    5    3    0.002818    0.000736
   -4    0    0    6    3    0.004670   -0.004322
   -4    0    0    7    3   -0.005137    0.010310
   -4    0    0    8    3    0.012347   -0.002182
   -4    0    0    9    3   -0.003956    0.023073
   -4    0    0   10    3    0.009103   -0.007032
   -4    0    0   11    3    0.009389   -0.010262
   -4    0    0    1    4   -0.000726    0.021066
   -4    0    0    2    4   -0.015646    0.014210
   -4    0    0    3    4   -0.006229   -0.017065
   -4    0    0    4    4   -0.009118    0.010203
   -4    0    0    5    4    0.008788   -0.040294
   -4    0    0    6    4   -0.023280    0.046233
   -4    0    0    7    4    0.006366   -0.021870
   -4    0    0    8    4   -0.012226   -0.002384
   -4    0    0    9    4   -0.006794    0.015667
   -4    0    0   10    4   -0.001275    0.025742
   -4    0    0   11    4   -0.014494    0.005416
   -4    0    0    1    5    0.002602    0.001414
   -4    0    0    2    5    0.008071   -0.005113
   -4    0    0    3    5    0.002482    0.000537
   -4    0    0    4    5    0.028022   -0.014603
   -4    0    0    5    5   -0.005661   -0.001904
   -4    0    0    6    5    0.000846   -0.056440
   -4    0    0    7    5    0.008960   -0.025463
   -4    0    0    8    5   -0.016655    0.026709
   -4    0    0    9    5    0.017045   -0.000147
   -4    0    0   10    5    0.003264   -0.030732
   -4    0    0   11    5    0.026799   -0.001531
   -4    0    0    1    6    0.000575    0.007191
   -4    0    0    2    6    0.001290   -0.007277
   -4    0    0    3    6    0.011783   -0.010575
   -4    0    0    4    6   -0.008470    0.015473
   -4    0    0    5    6    0.013492    0.019425
   -4    0    0    6    6    0.011719   -0.006285
   -4    0    0    7    6    0.004383    0.004093
   -4    0    0    8    6    0.003138   -0.007694
   -4    0    0    9    6   -0.001553    0.005757
   -4    0    0   10    6    0.016090    0.004211
   -4    0    0   11    6   -0.024139    0.016393
   -4    0    0    1    7    0.000682   -0.006562
   -4    0    0    2    7    0.000313    0.007573
   -4    0    0    3    7   -0.009721   -0.003074
   -4    0    0    4    7   -0.002811   -0.015555
   -4    0    0    5    7   -0.020023    0.017862
   -4    0    0    6    7    0.031258    0.015665
   -4    0    0    7    7    0.014486    0.007654
   -4    0    0    8    7   -0.004739    0.003396
   -4    0    0    9    7    0.013784    0.005937
   -4    0    0   10    7    0.014600    0.010600
   -4    0    0   11    7    0.005873   -0.004690
   -4    0    0    1    8    0.001574    0.000605
   -4    0    0    2    8    0.004232   -0.002375
   -4    0    0    3    8   -0.000243   -0.006785
   -4    0    0    4    8    0.004655   -0.009290
   -4    0    0    5    8    0.018910   -0.001798
   -4    0    0    6    8   -0.010651   -0.005431
   -4    0    0    7    8    0.001496   -0.003528
   -4    0    0    8    8   -0.000384    0.001971
   -4    0    0    9    8   -0.004297   -0.011194
   -4    0    0   10    8   -0.001288   -0.001363
   -4    0    0   11    8   -0.006182    0.011850
   -4    0    0    1    9    0.009291    0.007280
   -4    0    0    2    9   -0.000777    0.013665
   -4    0    0    3    9   -0.021275    0.001986
   -4    0    0    4    9   -0.004094   -0.015674
   -4    0    0    5    9    0.015414   -0.011083
   -4    0    0    6    9   -0.011443   -0.009905
   -4    0    0    7    9   -0.006216    0.004155
   -4    0    0    8    9    0.001261   -0.000140
   -4    0    0    9    9   -0.011689    0.000856
   -4    0    0   10    9   -0.003343    0.002955
   -4    0    0   11    9   -0.005702    0.002410
   -4    0    0    1   10   -0.008753    0.006015
   -4    0    0    2   10   -0.003423   -0.014666
   -4    0    0    3   10    0.012427   -0.015472
   -4    0    0    4   10   -0.005251    0.005596
   -4    0    0    5   10   -0.015744   -0.005048
   -4    0    0    6   10   -0.004865    0.006046
   -4    0    0    7   10    0.000602    0.005592
   -4    0    0    8   10    0.006010   -0.004106
   -4    0    0    9   10    0.010145    0.006809
   -4    0    0   10   10   -0.001638    0.001179
   -4    0    0   11   10   -0.028614    0.001080
   -4    0    0    1   11   -0.007492    0.002823
   -4    0    0    2   11    0.016992   -0.018926
   -4    0    0    3   11   -0.005066    0.021557
   -4    0    0    4   11   -0.012416    0.017084
   -4    0    0    5   11   -0.021446   -0.011605
   -4    0    0    6   11    0.004720    0.018376
   -4    0    0    7   11    0.000936    0.013447
   -4    0    0    8   11   -0.000230    0.026402
   -4    0    0    9   11    0.010428    0.005424
   -4    0    0   10   11   -0.018330    0.018830
   -4    0    0   11   11   -0.000589   -0.039831
   -4    1    0    1    1   -0.005340    0.002028
   -4    1    0    2    1   -0.016500   -0.018543
   -4    1    0    3    1   -0.005862    0.004441
   -4    1    0    4    1   -0.004168   -0.009122
   -4    1    0    5    1    0.001877   -0.016170
   -4    1    0    6    1   -0.004685    0.004842
   -4    1    0    7    1   -0.014735   -0.019849
   -4    1    0    8    1    0.010163    0.015582
   -4    1    0    9    1   -0.019223    0.001254
   -4    1    0   10    1   -0.012786    0.008975
   -4    1    0   11    1   -0.000089   -0.018163
   -4    1    0    1    2   -0.000486    0.010727
   -4    1    0    2    2    0.022314   -0.021209
   -4    1    0    3    2    0.013636    0.006938
   -4    1    0    4    2   -0.014225    0.000232
   -4    1    0    5    2    0.003225   -0.004188
   -4    1    0    6    2   -0.015188    0.022199
   -4    1    0    7    2   -0.013061   -0.012653
   -4    1    0    8    2   -0.007976   -0.006653
   -4    1    0    9    2   -0.011020   -0.008079
   -4    1    0   10    2   -0.001569    0.000781
   -4    1    0   11    2    0.009205    0.019038
   -4    1    0    1    3   -0.005756   -0.004633
   -4    1    0    2    3    0.007854    0.004293
   -4    1    0    3    3    0.001277    0.015853
   -4    1    0    4    3   -0.001320   -0.020392
   -4    1    0    5    3    0.005194    0.009461
   -4    1    0    6    3    0.018727   -0.030339
   -4    1    0    7    3   -0.001431    0.011667
   -4    1    0    8    3   -0.002353   -0.008247
   -4    1    0    9    3    0.001126    0.017451
   -4    1    0   10    3    0.016002    0.008334
   -4    1    0   11    3   -0.015408    0.011005
   -4    1    0    1    4    0.005257   -0.004257
   -4    1    0    2    4    0.014758   -0.001218
   -4    1    0    3    4   -0.017146   -0.004340
   -4    1    0    4    4    0.000370   -0.005066
   -4    1    0    5    4   -0.012111    0.009282
   -4    1    0    6    4    0.018316    0.005231
   -4    1    0    7    4    0.000045   -0.008737
   -4    1    0    8    4    0.015750    0.007506
   -4    1    0    9    4   -0.013136    0.003159
   -4    1    0   10    4    0.014908    0.000820
   -4    1    0   11    4   -0.004084   -0.006532
   -4    1    0    1    5   -0.002934   -0.005993
   -4    1    0    2    5    0.012308   -0.002619
   -4    1    0    3    5   -0.011960    0.008955
   -4    1    0    4    5   -0.014192   -0.006442
   -4    1    0    5    5   -0.018534    0.033405
   -4    1    0    6    5   -0.020945   -0.005812
   -4    1    0    7    5   -0.019339    0.017820
   -4    1    0    8    5   -0.033869    0.020068
   -4    1    0    9    5   -0.000589    0.008124
   -4    1    0   10    5    0.016331   -0.023236
   -4    1    0   11    5    0.004999   -0.002137
   -4    1    0    1    6    0.012103    0.006373
   -4    1    0    2    6   -0.012938    0.015045
   -4    1    0    3    6    0.004386   -0.007681
   -4    1    0    4    6    0.009843    0.001575
   -4    1    0    5    6    0.032748    0.007461
   -4    1    0    6    6    0.002188   -0.007788
   -4    1    0    7    6    0.004811    0.006468
   -4    1    0    8    6    0.006874   -0.000174
   -4    1    0    9    6   -0.011283   -0.003323
   -4    1    0   10    6   -0.007960    0.000490
   -4    1    0   11    6    0.007392   -0.015445
   -4    1    0    1    7    0.006168    0.013067
   -4    1    0    2    7   -0.008437   -0.005146
   -4    1    0    3    7   -0.012022   -0.009333
   -4    1    0    4    7   -0.001085    0.006946
   -4    1    0    5    7   -0.024489    0.020685
   -4    1    0    6    7    0.022426   -0.001495
   -4    1    0    7    7   -0.015403   -0.008009
   -4    1    0    8    7    0.006971    0.004583
   -4    1    0    9    7    0.006192    0.008708
   -4    1    0   10    7    0.005352    0.007644
   -4    1    0   11    7   -0.022554    0.018469
   -4    1    0    1    8    0.008872   -0.004882
   -4    1    0    2    8   -0.011231    0.011542
   -4    1    0    3    8    0.001881   -0.004698
   -4    1    0    4    8   -0.011335    0.019784
   -4    1    0    5    8   -0.020797   -0.001610
   -4    1    0    6    8   -0.008234   -0.002733
   -4    1    0    7    8    0.002400    0.002815
   -4    1    0    8    8   -0.000087   -0.000138
   -4    1    0    9    8   -0.004821    0.000310
   -4    1    0   10    8   -0.001715   -0.001119
   -4    1    0   11    8    0.003343    0.004143
   -4    1    0    1    9   -0.015469    0.012220
   -4    1    0    2    9   -0.000506    0.005261
   -4    1    0    3    9   -0.008943    0.001435
   -4    1    0    4    9   -0.019307   -0.019128
   -4    1    0    5    9   -0.007387   -0.027771
   -4    1    0    6    9    0.010989   -0.010328
   -4    1    0    7    9    0.006050    0.012974
   -4    1    0    8    9    0.001400    0.004735
   -4    1    0    9    9    0.007508    0.007050
   -4    1    0   10    9    0.002325    0.000007
   -4    1    0   11    9   -0.002655   -0.000794
   -4    1    0    1   10   -0.003696   -0.036163
   -4    1    0    2   10    0.002989   -0.017316
   -4    1    0    3   10    0.009030   -0.003973
   -4    1    0    4   10   -0.002139   -0.014898
   -4    1    0    5   10    0.032983   -0.017761
   -4    1    0    6   10   -0.007680    0.018415
   -4    1    0    7   10    0.001106    0.005717
   -4    1    0    8   10    0.000317   -0.000077
   -4    1    0    9   10   -0.005745   -0.008188
   -4    1    0   10   10   -0.001265   -0.001707
   -4    1    0   11   10    0.018586    0.025634
   -4    1    0    1   11    0.000510    0.004027
   -4    1    0    2   11   -0.003885    0.004500
   -4    1    0    3   11    0.008912   -0.012630
   -4    1    0    4   11   -0.020332    0.019106
   -4    1    0    5   11   -0.020775    0.001609
   -4    1    0    6   11   -0.006970    0.016109
   -4    1    0    7   11   -0.014093   -0.031097
   -4    1    0    8   11    0.009810    0.016182
   -4    1    0    9   11   -0.008525    0.017305
   -4    1    0   10   11    0.012081   -0.010240
   -4    1    0   11   11    0.006059   -0.014420
   -4    2    0    1    1    0.014188   -0.023561
   -4    2    0    2    1    0.004405    0.005417
   -4    2    0    3    1   -0.003394    0.013211
   -4    2    0    4    1    0.002439   -0.007373
   -4    2    0    5    1    0.012842   -0.001738
   -4    2    0    6    1   -0.037651   -0.004383
   -4    2    0    7    1   -0.014080   -0.011569
   -4    2    0    8    1   -0.006663   -0.004203
   -4    2    0    9    1    0.006372   -0.013526
   -4    2    0   10    1    0.006302    0.000136
   -4    2    0   11    1    0.002793   -0.001909
   -4    2    0    1    2    0.005871   -0.000387
   -4    2    0    2    2    0.006589   -0.003514
   -4    2    0    3    2   -0.005736    0.013798
   -4    2    0    4    2    0.000870    0.008954
   -4    2    0    5    2    0.001807    0.003747
   -4    2    0    6    2   -0.000904    0.002545
   -4    2    0    7    2    0.001838    0.007055
   -4    2    0    8    2    0.010670    0.003875
   -4    2    0    9    2   -0.013719    0.006606
   -4    2    0   10    2    0.007373   -0.012363
   -4    2    0   11    2    0.015707   -0.013131
   -4    2    0    1    3   -0.000907    0.002841
   -4    2    0    2    3   -0.001176    0.007172
   -4    2    0    3    3    0.001648    0.002337
   -4    2    0    4    3   -0.004733   -0.002975
   -4    2    0    5    3   -0.002818    0.008435
   -4    2    0    6    3   -0.010919    0.000661
   -4    2    0    7    3    0.013944   -0.004624
   -4    2    0    8    3   -0.001805   -0.010500
   -4    2    0    9    3    0.004734   -0.009507
   -4    2    0   10    3   -0.006821    0.004530
   -4    2    0   11    3   -0.010549    0.008036
   -4    2    0    1    4    0.005168   -0.004143
   -4    2    0    2    4    0.012851   -0.003457
   -4    2    0    3    4   -0.002799    0.003804
   -4    2    0    4    4    0.013680   -0.006643
   -4    2    0    5    4   -0.000367    0.020286
   -4    2    0    6    4    0.027760   -0.005950
   -4    2    0    7    4   -0.005695    0.012468
   -4    2    0    8    4    0.006995    0.006391
   -4    2    0    9    4    0.008836   -0.011666
   -4    2    0   10    4    0.010970   -0.005397
   -4    2    0   11    4   -0.008943   -0.014935
   -4    2    0    1    5    0.007575   -0.016732
   -4    2    0    2    5   -0.009296    0.005768
   -4    2    0    3    5   -0.007515    0.000814
   -4    2    0    4    5   -0.011178    0.010853
   -4    2    0    5    5   -0.000765   -0.005381
   -4    2    0    6    5   -0.021955    0.022653
   -4    2    0    7    5   -0.005046    0.018122
   -4    2    0    8    5    0.015904   -0.010190
   -4    2    0    9    5    0.010810   -0.006179
   -4    2    0   10    5   -0.013403   -0.005292
   -4    2    0   11    5   -0.010290    0.008835
   -4    2    0    1    6   -0.000817    0.006242
   -4    2    0    2    6   -0.001230    0.008360
   -4    2    0    3    6   -0.007280   -0.009176
   -4    2    0    4    6    0.010651    0.012722
   -4    2    0    5    6    0.011041   -0.015053
   -4    2    0    6    6   -0.026687    0.015983
   -4    2    0    7    6   -0.003734    0.002737
   -4    2    0    8    6   -0.000883    0.001588
   -4    2    0    9    6   -0.010219   -0.000327
   -4    2    0   10    6   -0.012560   -0.002026
   -4    2    0   11    6    0.013074   -0.016888
   -4    2    0    1    7   -0.001835    0.020964
   -4    2    0    2    7   -0.002157   -0.017913
   -4    2    0    3    7   -0.000196    0.005610
   -4    2    0    4    7    0.003975    0.003526
   -4    2    0    5    7    0.002394    0.004024
   -4    2    0    6    7   -0.015167   -0.010757
   -4    2    0    7    7    0.005498   -0.011783
   -4    2    0    8    7   -0.000847   -0.006757
   -4    2    0    9    7   -0.001697   -0.009323
   -4    2    0   10    7    0.000298   -0.001552
   -4    2    0   11    7    0.005464    0.001720
   -4    2    0    1    8   -0.003838   -0.002922
   -4    2    0    2    8   -0.004074   -0.004470
   -4    2    0    3    8    0.005310    0.007069
   -4    2    0    4    8   -0.009064   -0.000050
   -4    2    0    5    8   -0.005252    0.015994
   -4    2    0    6    8    0.008423   -0.007669
   -4    2    0    7    8    0.003601   -0.004095
   -4    2    0    8    8    0.001714    0.001489
   -4    2    0    9    8   -0.003743    0.003036
   -4    2    0   10    8   -0.001817    0.001238
   -4    2    0   11    8    0.004101   -0.016023
   -4    2    0    1    9   -0.008034   -0.016468
   -4    2    0    2    9    0.006992   -0.000052
   -4    2    0    3    9   -0.001506    0.015229
   -4    2    0    4    9   -0.004170    0.008024
   -4    2    0    5    9   -0.016852    0.012642
   -4    2    0    6    9    0.004202    0.014049
   -4    2    0    7    9   -0.004865   -0.002589
   -4    2    0    8    9    0.004843   -0.000654
   -4    2    0    9    9    0.004393   -0.005747
   -4    2    0   10    9    0.002629    0.005747
   -4    2    0   11    9   -0.002017    0.004518
   -4    2    0    1   10    0.013035   -0.001629
   -4    2    0    2   10    0.010094    0.016726
   -4    2    0    3   10   -0.012154    0.004679
   -4    2    0    4   10    0.000626    0.007974
   -4    2    0    5   10    0.027760    0.010158
   -4    2    0    6   10   -0.011540    0.009787
   -4    2    0    7   10   -0.007695   -0.008272
   -4    2    0    8   10   -0.000113   -0.000321
   -4    2    0    9   10   -0.011126    0.000611
   -4    2    0   10   10    0.000441    0.000664
   -4    2    0   11   10    0.000659   -0.006789
   -4    2    0    1   11    0.009482    0.007161
   -4    2    0    2   11   -0.015806    0.015240
   -4    2    0    3   11    0.012998   -0.000653
   -4    2    0    4   11    0.025015   -0.027374
   -4    2    0    5   11   -0.004281    0.007919
   -4    2    0    6   11    0.000708   -0.034480
   -4    2    0    7   11    0.030189   -0.007977
   -4    2    0    8   11   -0.006211   -0.019564
   -4    2    0    9   11    0.007129    0.003884
   -4    2    0   10   11    0.003309   -0.011024
   -4    2    0   11   11   -0.019559    0.036157
   -4    3    0    1    1   -0.001754    0.003297
   -4    3    0    2    1    0.001647    0.015596
   -4    3    0    3    1   -0.004616    0.003415
   -4    3    0    4    1    0.009127    0.006042
   -4    3    0    5    1    0.001200    0.006677
   -4    3    0    6    1    0.003401   -0.006105
   -4    3    0    7    1    0.003255    0.018944
   -4    3    0    8    1    0.002890   -0.022717
   -4    3    0    9    1    0.006330    0.002979
   -4    3    0   10    1    0.013334    0.000639
   -4    3    0   11    1   -0.005453    0.019556
   -4    3    0    1    2    0.011034   -0.004923
   -4    3    0    2    2   -0.017096    0.010245
   -4    3    0    3    2   -0.008620   -0.010285
   -4    3    0    4    2    0.011742    0.010356
   -4    3    0    5    2   -0.006050   -0.000036
   -4    3    0    6    2    0.007036   -0.016064
   -4    3    0    7    2    0.000958    0.012155
   -4    3    0    8    2    0.007569    0.002352
   -4    3    0    9    2    0.001432    0.004698
   -4    3    0   10    2    0.010678    0.001713
   -4    3    0   11    2   -0.002514   -0.025612
   -4    3    0    1    3    0.007697    0.005877
   -4    3    0    2    3   -0.002232   -0.000342
   -4    3    0    3    3    0.000637   -0.013139
   -4    3    0    4    3    0.005986    0.010221
   -4    3    0    5    3   -0.000377    0.011336
   -4    3    0    6    3   -0.019654    0.016981
   -4    3    0    7    3    0.011198   -0.000633
   -4    3    0    8    3    0.004451   -0.007252
   -4    3    0    9    3    0.017506   -0.013612
   -4    3    0   10    3    0.006341   -0.009971
   -4    3    0   11    3    0.003088   -0.006746
   -4    3    0    1    4   -0.000691   -0.008063
   -4    3    0    2    4    0.010884   -0.000465
   -4    3    0    3    4    0.005190    0.007965
   -4    3    0    4    4    0.001625   -0.007509
   -4    3    0    5    4   -0.002088   -0.004045
   -4    3    0    6    4    0.012615   -0.004582
   -4    3    0    7    4   -0.003278    0.018074
   -4    3    0    8    4   -0.002778    0.004879
   -4    3    0    9    4    0.017821   -0.002635
   -4    3    0   10    4   -0.000326   -0.008238
   -4    3    0   11    4   -0.009934    0.016078
   -4    3    0    1    5   -0.003091   -0.001814
   -4    3    0    2    5   -0.008173   -0.006740
   -4    3    0    3    5   -0.006573   -0.002604
   -4    3    0    4    5    0.011338    0.001207
   -4    3    0    5    5    0.022051   -0.005476
   -4    3    0    6    5    0.004476    0.021924
   -4    3    0    7    5    0.025705   -0.004369
   -4    3    0    8    5    0.021235   -0.023648
   -4    3    0    9    5   -0.015106   -0.015334
   -4    3    0   10    5   -0.010715    0.016167
   -4    3    0   11    5   -0.008607   -0.006829
   -4    3    0    1    6   -0.004226   -0.017273
   -4    3    0    2    6    0.015958   -0.011809
   -4    3    0    3    6   -0.015593    0.003426
   -4    3    0    4    6   -0.002066   -0.012828
   -4    3    0    5    6   -0.027259   -0.011199
   -4    3    0    6    6   -0.008965   -0.018312
   -4    3    0    7    6   -0.000477   -0.011398
   -4    3    0    8    6   -0.001712    0.001089
   -4    3    0    9    6    0.001936   -0.005100
   -4    3    0   10    6    0.002025   -0.005678
   -4    3    0   11    6   -0.019062    0.037872
   -4    3    0    1    7    0.006836   -0.016386
   -4    3    0    2    7    0.014982    0.007825
   -4    3    0    3    7   -0.005284    0.012054
   -4    3    0    4    7    0.007682   -0.007379
   -4    3    0    5    7    0.020303   -0.003829
   -4    3    0    6    7   -0.004247   -0.017305
   -4    3    0    7    7    0.013376    0.020669
   -4    3    0    8    7   -0.004986   -0.007109
   -4    3    0    9    7   -0.007355   -0.011441
   -4    3    0   10    7   -0.006786   -0.001456
   -4    3    0   11    7    0.029366   -0.010376
   -4    3    0    1    8   -0.013586   -0.006956
   -4    3    0    2    8    0.017592   -0.013644
   -4    3    0    3    8   -0.009269   -0.004204
   -4    3    0    4    8    0.005064   -0.004762
   -4    3    0    5    8    0.023030   -0.002773
   -4    3    0    6    8    0.006900    0.002654
   -4    3    0    7    8   -0.003248   -0.003376
   -4    3    0    8    8   -0.000126    0.000918
   -4    3    0    9    8   -0.005467    0.010789
   -4    3    0   10    8   -0.000201    0.000894
   -4    3    0   11    8   -0.009674   -0.000759
   -4    3    0    1    9    0.018568   -0.007806
   -4    3    0    2    9    0.003351    0.009569
   -4    3    0    3    9   -0.007063    0.007872
   -4    3    0    4    9    0.004399    0.025819
   -4    3    0    5    9   -0.008854    0.012669
   -4    3    0    6    9    0.002077    0.006437
   -4    3    0    7    9   -0.005718   -0.010759
   -4    3    0    8    9    0.002545    0.003744
   -4    3    0    9    9   -0.001879    0.005298
   -4    3    0   10    9    0.006314   -0.006027
   -4    3    0   11    9   -0.002780    0.020376
   -4    3    0    1   10   -0.018171    0.037756
   -4    3    0    2   10   -0.002409    0.009837
   -4    3    0    3   10   -0.016349   -0.010771
   -4    3    0    4   10   -0.010773    0.000479
   -4    3    0    5   10   -0.029965    0.002632
   -4    3    0    6   10   -0.005831   -0.003960
   -4    3    0    7   10   -0.003823   -0.009384
   -4    3    0    8   10    0.001072   -0.001396
   -4    3    0    9   10   -0.000658    0.003303
   -4    3    0   10   10   -0.000598    0.001637
   -4    3    0   11   10   -0.004043   -0.010904
   -4    3    0    1   11    0.000944    0.001683
   -4    3    0    2   11   -0.017038   -0.013734
   -4    3    0    3   11   -0.001344    0.001441
   -4    3    0    4   11    0.021143   -0.014499
   -4    3    0    5   11    0.010562    0.001323
   -4    3    0    6   11    0.022239    0.006090
   -4    3    0    7   11   -0.018466    0.029276
   -4    3    0    8   11    0.006000   -0.009183
   -4    3    0    9   11    0.018679   -0.009180
   -4    3    0   10   11   -0.015266    0.016313
   -4    3    0   11   11   -0.007621    0.002373
   -4    4    0    1    1   -0.030071    0.013426
   -4    4    0    2    1    0.000567    0.001143
   -4    4    0    3    1    0.001894   -0.008254
   -4    4    0    4    1   -0.000180    0.013091
   -4    4    0    5    1   -0.022793   -0.009873
   -4    4    0    6    1    0.015492    0.033697
   -4    4    0    7    1    0.003033    0.028707
   -4    4    0    8    1   -0.001032    0.008501
   -4    4    0    9    1   -0.005477    0.007978
   -4    4    0   10    1   -0.016732   -0.010466
   -4    4    0   11    1   -0.005375    0.001636
   -4    4    0    1    2   -0.010511   -0.001526
   -4    4    0    2    2   -0.008370   -0.011215
   -4    4    0    3    2    0.001258   -0.001168
   -4    4    0    4    2   -0.002852    0.009231
   -4    4    0    5    2   -0.000947   -0.006671
   -4    4    0    6    2    0.003858   -0.008442
   -4    4    0    7    2    0.017282   -0.004637
   -4    4    0    8    2    0.000639    0.013940
   -4    4    0    9    2    0.004074   -0.001010
   -4    4    0   10    2   -0.021487    0.002538
   -4    4    0   11    2   -0.013121    0.014425
   -4    4    0    1    3    0.000557    0.002179
   -4    4    0    2    3   -0.002618   -0.004298
   -4    4    0    3    3    0.009222   -0.003819
   -4    4    0    4    3   -0.011949   -0.008857
   -4    4    0    5    3    0.006254   -0.015735
   -4    4    0    6    3   -0.019499    0.002698
   -4    4    0    7    3    0.007115   -0.006157
   -4    4    0    8    3   -0.006844    0.008743
   -4    4    0    9    3    0.001124   -0.008937
   -4    4    0   10    3   -0.002091   -0.008631
   -4    4    0   11    3   -0.000248   -0.001954
   -4    4    0    1    4   -0.000285   -0.000812
   -4    4    0    2    4    0.001363    0.005960
   -4    4    0    3    4   -0.004410    0.003235
   -4    4    0    4    4   -0.012141    0.008458
   -4    4    0    5    4    0.002651   -0.011102
   -4    4    0    6    4   -0.015433    0.004019
   -4    4    0    7    4    0.004272    0.013182
   -4    4    0    8    4    0.006460   -0.012797
   -4    4    0    9    4   -0.000757   -0.017787
   -4    4    0   10    4   -0.009035   -0.007533
   -4    4    0   11    4   -0.006573    0.019617
   -4    4    0    1    5   -0.011375    0.006749
   -4    4    0    2    5    0.004161   -0.000388
   -4    4    0    3    5    0.010626    0.010346
   -4    4    0    4    5    0.009158   -0.002856
   -4    4    0    5    5   -0.003534   -0.008234
   -4    4    0    6    5    0.005895   -0.010315
   -4    4    0    7    5    0.019347   -0.012229
   -4    4    0    8    5   -0.002852    0.021254
   -4    4    0    9    5   -0.012630    0.002639
   -4    4    0   10    5   -0.008631    0.001901
   -4    4    0   11    5    0.015728    0.001986
   -4    4    0    1    6    0.009378   -0.009803
   -4    4    0    2    6   -0.004160    0.003346
   -4    4    0    3    6   -0.002867    0.011861
   -4    4    0    4    6    0.007807    0.001792
   -4    4    0    5    6    0.008452   -0.028558
   -4    4    0    6    6    0.021794   -0.001668
   -4    4    0    7    6    0.002130   -0.002406
   -4    4    0    8    6    0.000307   -0.006800
   -4    4    0    9    6    0.013566    0.012729
   -4    4    0   10    6    0.006587   -0.001324
   -4    4    0   11    6   -0.006379    0.001526
   -4    4    0    1    7    0.007453   -0.021900
   -4    4    0    2    7    0.004159    0.022259
   -4    4    0    3    7   -0.012235   -0.010764
   -4    4    0    4    7    0.003432   -0.005592
   -4    4    0    5    7    0.009610    0.000098
   -4    4    0    6    7    0.011628    0.011949
   -4    4    0    7    7   -0.007957    0.013626
   -4    4    0    8    7   -0.005703    0.001505
   -4    4    0    9    7    0.000473   -0.003067
   -4    4    0   10    7   -0.003133   -0.004586
   -4    4    0   11    7   -0.009474   -0.010933
   -4    4    0    1    8    0.003464    0.002277
   -4    4    0    2    8    0.006959    0.013398
   -4    4    0    3    8   -0.007067   -0.002709
   -4    4    0    4    8    0.012401   -0.001060
   -4    4    0    5    8   -0.008365    0.005862
   -4    4    0    6    8   -0.004297    0.003607
   -4    4    0    7    8   -0.001221   -0.002082
   -4    4    0    8    8   -0.000893    0.000443
   -4    4    0    9    8    0.003159    0.001095
   -4    4    0   10    8   -0.000760   -0.000249
   -4    4    0   11    8   -0.002450    0.015233
   -4    4    0    1    9   -0.003096    0.010119
   -4    4    0    2    9   -0.005003   -0.000462
   -4    4    0    3    9    0.009262    0.000147
   -4    4    0    4    9    0.013220    0.008292
   -4    4    0    5    9   -0.015373   -0.008578
   -4    4    0    6    9   -0.002240   -0.000232
   -4    4    0    7    9   -0.000154   -0.011657
   -4    4    0    8    9    0.005384   -0.006466
   -4    4    0    9    9    0.003017   -0.001133
   -4    4    0   10    9   -0.003327    0.001525
   -4    4    0   11    9   -0.005421   -0.001814
   -4    4    0    1   10   -0.012044   -0.008386
   -4    4    0    2   10   -0.002072   -0.024698
   -4    4    0    3   10    0.008533    0.004469
   -4    4    0    4   10   -0.017482    0.008267
   -4    4    0    5   10   -0.000625   -0.040504
   -4    4    0    6   10   -0.003917   -0.001042
   -4    4    0    7   10   -0.001962    0.000378
   -4    4    0    8   10    0.001571   -0.000895
   -4    4    0    9   10    0.003722    0.007281
   -4    4    0   10   10   -0.002133    0.001507
   -4    4    0   11   10   -0.000661    0.002715
   -4    4    0    1   11   -0.008783   -0.010023
   -4    4    0    2   11    0.001483   -0.003836
   -4    4    0    3   11   -0.000192   -0.010920
   -4    4    0    4   11   -0.018205    0.000717
   -4    4    0    5   11   -0.004619    0.011555
   -4    4    0    6   11    0.001025    0.017902
   -4    4    0    7   11   -0.034750   -0.000775
   -4    4    0    8   11    0.001330    0.014386
   -4    4    0    9   11    0.002874    0.006365
   -4    4    0   10   11    0.009306   -0.002837
   -4    4    0   11   11    0.033059   -0.011391
   -3   -7    0    1    1   -0.015488   -0.024719
   -3   -7    0    2    1    0.010713    0.010066
   -3   -7    0    3    1   -0.003979    0.002739
   -3   -7    0    4    1   -0.010759    0.022694
   -3   -7    0    5    1   -0.006872    0.003927
   -3   -7    0    6    1   -0.010041   -0.003688
   -3   -7    0    7    1   -0.034123    0.027310
   -3   -7    0    8    1   -0.002827   -0.001355
   -3   -7    0    9    1   -0.002480    0.003898
   -3   -7    0   10    1   -0.000010   -0.006920
   -3   -7    0   11    1   -0.007532   -0.014539
   -3   -7    0    1    2    0.001240   -0.010322
   -3   -7    0    2    2   -0.008308   -0.002186
   -3   -7    0    3    2    0.007794   -0.005808
   -3   -7    0    4    2    0.009226    0.015790
   -3   -7    0    5    2   -0.004341   -0.011848
   -3   -7    0    6    2    0.003089   -0.001579
   -3   -7    0    7    2    0.000819   -0.012732
   -3   -7    0    8    2   -0.000045    0.012887
   -3   -7    0    9    2    0.008970   -0.001261
   -3   -7    0   10    2    0.013006    0.000211
   -3   -7    0   11    2    0.001725   -0.023196
   -3   -7    0    1    3   -0.009845    0.011450
   -3   -7    0    2    3   -0.001783   -0.008906
   -3   -7    0    3    3    0.004694   -0.007590
   -3   -7    0    4    3   -0.002200    0.010442
   -3   -7    0    5    3   -0.024776    0.007649
   -3   -7    0    6    3   -0.015791   -0.002064
   -3   -7    0    7    3    0.010095   -0.021389
   -3   -7    0    8    3    0.010639   -0.007220
   -3   -7    0    9    3    0.017445   -0.001134
   -3   -7    0   10    3    0.010130    0.007317
   -3   -7    0   11    3    0.002382    0.001590
   -3   -7    0    1    4    0.013851    0.006217
   -3   -7    0    2    4    0.007271    0.021181
   -3   -7    0    3    4    0.001148    0.002410
   -3   -7    0    4    4   -0.003926   -0.002359
   -3   -7    0    5    4   -0.004633   -0.005673
   -3   -7    0    6    4   -0.008937    0.016018
   -3   -7    0    7    4   -0.009354    0.003239
   -3   -7    0    8    4   -0.002616    0.003731
   -3   -7    0    9    4    0.003041   -0.008247
   -3   -7    0   10    4    0.002656    0.008144
   -3   -7    0   11    4   -0.038198    0.013069
   -3   -7    0    1    5    0.009267    0.001240
   -3   -7    0    2    5   -0.005759   -0.010982
   -3   -7    0    3    5    0.003730   -0.015033
   -3   -7    0    4    5    0.003465    0.006783
   -3   -7    0    5    5    0.007627    0.012858
   -3   -7    0    6    5   -0.004668   -0.003714
   -3   -7    0    7    5    0.005204    0.012040
   -3   -7    0    8    5    0.015848    0.013576
   -3   -7    0    9    5   -0.002802   -0.016945
   -3   -7    0   10    5    0.010584   -0.008758
   -3   -7    0   11    5   -0.017043   -0.007595
   -3   -7    0    1    6    0.000957    0.007954
   -3   -7    0    2    6    0.024225   -0.010101
   -3   -7    0    3    6   -0.009858    0.000377
   -3   -7    0    4    6    0.008412    0.011826
   -3   -7    0    5    6   -0.011497   -0.014553
   -3   -7    0    6    6   -0.004263   -0.000496
   -3   -7    0    7    6   -0.004735    0.007373
   -3   -7    0    8    6    0.004589    0.000935
   -3   -7    0    9    6    0.009836    0.001534
   -3   -7    0   10    6   -0.001293   -0.005024
   -3   -7    0   11    6    0.000680    0.018374
   -3   -7    0    1    7    0.040472   -0.005247
   -3   -7    0    2    7   -0.007142    0.012556
   -3   -7    0    3    7   -0.003912    0.002464
   -3   -7    0    4    7   -0.008004   -0.003689
   -3   -7    0    5    7    0.013717    0.013713
   -3   -7    0    6    7    0.001878   -0.011204
   -3   -7    0    7    7   -0.014258    0.019049
   -3   -7    0    8    7    0.004802   -0.010894
   -3   -7    0    9    7   -0.004152    0.000188
   -3   -7    0   10    7   -0.009786    0.004724
   -3   -7    0   11    7    0.043635   -0.024483
   -3   -7    0    1    8    0.012510   -0.008772
   -3   -7    0    2    8    0.020590   -0.003934
   -3   -7    0    3    8   -0.007857   -0.000381
   -3   -7    0    4    8    0.008226    0.008420
   -3   -7    0    5    8    0.015934    0.010896
   -3   -7    0    6    8   -0.002994    0.005285
   -3   -7    0    7    8   -0.006134    0.006639
   -3   -7    0    8    8    0.000868    0.000424
   -3   -7    0    9    8    0.004364    0.000056
   -3   -7    0   10    8    0.001068    0.001306
   -3   -7    0   11    8   -0.019436    0.010321
   -3   -7    0    1    9    0.001020    0.005990
   -3   -7    0    2    9   -0.005502    0.019245
   -3   -7    0    3    9   -0.013322    0.014524
   -3   -7    0    4    9    0.007833    0.026384
   -3   -7    0    5    9   -0.012401    0.006100
   -3   -7    0    6    9    0.004056    0.015706
   -3   -7    0    7    9   -0.006842   -0.002792
   -3   -7    0    8    9    0.008537    0.003327
   -3   -7    0    9    9    0.003533    0.007612
   -3   -7    0   10    9    0.003788    0.002498
   -3   -7    0   11    9   -0.012674    0.009091
   -3   -7    0    1   10   -0.018290    0.006115
   -3   -7    0    2   10   -0.017599    0.021872
   -3   -7    0    3   10   -0.008672   -0.004723
   -3   -7    0    4   10   -0.008914    0.002533
   -3   -7    0    5   10   -0.018352   -0.010578
   -3   -7    0    6   10   -0.006542   -0.004912
   -3   -7    0    7   10   -0.001441   -0.010105
   -3   -7    0    8   10   -0.001405    0.000531
   -3   -7    0    9   10   -0.000320   -0.003541
   -3   -7    0   10   10   -0.000991   -0.001773
   -3   -7    0   11   10   -0.008882   -0.015249
   -3   -7    0    1   11   -0.000354   -0.023685
   -3   -7    0    2   11   -0.017270   -0.022148
   -3   -7    0    3   11    0.015731    0.012229
   -3   -7    0    4   11    0.016083   -0.017825
   -3   -7    0    5   11   -0.016836    0.010863
   -3   -7    0    6   11    0.002565    0.009499
   -3   -7    0    7   11   -0.031001    0.014569
   -3   -7    0    8   11    0.002926   -0.024460
   -3   -7    0    9   11   -0.008320   -0.003415
   -3   -7    0   10   11   -0.009084   -0.006395
   -3   -7    0   11   11    0.030162   -0.000820
   -3   -6    0    1    1   -0.007477    0.023026
   -3   -6    0    2    1    0.018325    0.003480
   -3   -6    0    3    1   -0.009838    0.013708
   -3   -6    0    4    1   -0.002596   -0.003896
   -3   -6    0    5    1   -0.018139   -0.028735
   -3   -6    0    6    1   -0.002522   -0.003925
   -3   -6    0    7    1    0.012924   -0.011982
   -3   -6    0    8    1    0.015855   -0.014218
   -3   -6    0    9    1   -0.017101    0.015130
   -3   -6    0   10    1    0.018876   -0.005232
   -3   -6    0   11    1    0.013426    0.015770
   -3   -6    0    1    2    0.006446   -0.003264
   -3   -6    0    2    2   -0.007497   -0.013449
   -3   -6    0    3    2   -0.009798    0.006369
   -3   -6    0    4    2   -0.013190    0.002935
   -3   -6    0    5    2    0.003083   -0.006369
   -3   -6    0    6    2    0.009161    0.005719
   -3   -6    0    7    2   -0.004784    0.013010
   -3   -6    0    8    2   -0.004693    0.001042
   -3   -6    0    9    2    0.011909    0.003399
   -3   -6    0   10    2   -0.008254   -0.007544
   -3   -6    0   11    2   -0.022472    0.003481
   -3   -6    0    1    3    0.001604   -0.004690
   -3   -6    0    2    3   -0.005723   -0.012013
   -3   -6    0    3    3    0.013455    0.001721
   -3   -6    0    4    3   -0.004743   -0.015500
   -3   -6    0    5    3    0.013877    0.005115
   -3   -6    0    6    3   -0.014557   -0.005332
   -3   -6    0    7    3    0.005206   -0.014542
   -3   -6    0    8    3   -0.002854    0.000574
   -3   -6    0    9    3    0.012533    0.003586
   -3   -6    0   10    3    0.012932   -0.010466
   -3   -6    0   11    3   -0.008190   -0.006400
   -3   -6    0    1    4   -0.014271    0.018477
   -3   -6    0    2    4    0.002173    0.000477
   -3   -6    0    3    4   -0.011974   -0.002469
   -3   -6    0    4    4   -0.027883   -0.005141
   -3   -6    0    5    4    0.017724   -0.008448
   -3   -6    0    6    4    0.001372    0.007474
   -3   -6    0    7    4   -0.005286    0.019191
   -3   -6    0    8    4    0.021168    0.000914
   -3   -6    0    9    4    0.008689   -0.021427
   -3   -6    0   10    4   -0.015764   -0.006778
   -3   -6    0   11    4   -0.047180    0.025724
   -3   -6    0    1    5   -0.008553   -0.000390
   -3   -6    0    2    5    0.004712    0.001144
   -3   -6    0    3    5    0.004873    0.009415
   -3   -6    0    4    5    0.006225    0.016841
   -3   -6    0    5    5    0.006726    0.006799
   -3   -6    0    6    5   -0.011911   -0.011930
   -3   -6    0    7    5    0.013314    0.012343
   -3   -6    0    8    5   -0.012899    0.026679
   -3   -6    0    9    5   -0.014752   -0.001065
   -3   -6    0   10    5   -0.010485   -0.001770
   -3   -6    0   11    5    0.008310    0.023143
   -3   -6    0    1    6    0.001493    0.005694
   -3   -6    0    2    6    0.006890   -0.018921
   -3   -6    0    3    6   -0.010613    0.021041
   -3   -6    0    4    6    0.002811    0.019975
   -3   -6    0    5    6    0.009814   -0.021506
   -3   -6    0    6    6   -0.000121   -0.013094
   -3   -6    0    7    6    0.000085    0.001237
   -3   -6    0    8    6    0.000882    0.004225
   -3   -6    0    9    6    0.006954    0.002540
   -3   -6    0   10    6    0.002646   -0.007856
   -3   -6    0   11    6   -0.034530    0.026809
   -3   -6    0    1    7   -0.010111   -0.004110
   -3   -6    0    2    7   -0.008182    0.034398
   -3   -6    0    3    7    0.002012   -0.016026
   -3   -6    0    4    7   -0.004523   -0.008339
   -3   -6    0    5    7    0.002226    0.019391
   -3   -6    0    6    7    0.004264    0.000644
   -3   -6    0    7    7   -0.012356    0.033229
   -3   -6    0    8    7   -0.010911    0.001403
   -3   -6    0    9    7    0.002276   -0.007353
   -3   -6    0   10    7    0.004870   -0.005604
   -3   -6    0   11    7   -0.012536    0.013383
   -3   -6    0    1    8   -0.005258    0.012478
   -3   -6    0    2    8    0.003463    0.015036
   -3   -6    0    3    8   -0.012834    0.002524
   -3   -6    0    4    8    0.019361    0.018564
   -3   -6    0    5    8    0.001282   -0.002170
   -3   -6    0    6    8   -0.004663   -0.001326
   -3   -6    0    7    8    0.004389   -0.003272
   -3   -6    0    8    8    0.001154   -0.000418
   -3   -6    0    9    8    0.002715   -0.003711
   -3   -6    0   10    8    0.000869    0.001564
   -3   -6    0   11    8    0.004441    0.015980
   -3   -6    0    1    9   -0.012690    0.012057
   -3   -6    0    2    9   -0.008269   -0.004073
   -3   -6    0    3    9    0.011340    0.012108
   -3   -6    0    4    9    0.012283    0.022761
   -3   -6    0    5    9    0.004945   -0.026790
   -3   -6    0    6    9   -0.001553   -0.008338
   -3   -6    0    7    9   -0.004711   -0.018351
   -3   -6    0    8    9    0.012664   -0.010804
   -3   -6    0    9    9    0.010750    0.004349
   -3   -6    0   10    9   -0.000892   -0.001375
   -3   -6    0   11    9   -0.020100    0.036326
   -3   -6    0    1   10    0.007694    0.000316
   -3   -6    0    2   10    0.012331   -0.028316
   -3   -6    0    3   10    0.008717    0.005963
   -3   -6    0    4   10   -0.036200   -0.000048
   -3   -6    0    5   10    0.013837   -0.068154
   -3   -6    0    6   10    0.000078   -0.008602
   -3   -6    0    7   10    0.004463   -0.007955
   -3   -6    0    8   10   -0.001544   -0.001376
   -3   -6    0    9   10   -0.004904    0.007079
   -3   -6    0   10   10   -0.002422    0.000718
   -3   -6    0   11   10   -0.004077   -0.010648
   -3   -6    0    1   11    0.014210   -0.008241
   -3   -6    0    2   11    0.013385    0.005714
   -3   -6    0    3   11    0.006422   -0.014781
   -3   -6    0    4   11   -0.031923   -0.031961
   -3   -6    0    5   11   -0.002848    0.015500
   -3   -6    0    6   11   -0.004020   -0.009317
   -3   -6    0    7   11   -0.010100   -0.015674
   -3   -6    0    8   11   -0.026892    0.021548
   -3   -6    0    9   11    0.016220   -0.000549
   -3   -6    0   10   11    0.007604    0.004491
   -3   -6    0   11   11    0.023842   -0.037741
   -3   -5    0    1    1    0.003020    0.020544
   -3   -5    0    2    1   -0.011659   -0.017149
   -3   -5    0    3    1    0.001873    0.017357
   -3   -5    0    4    1    0.026287   -0.002885
   -3   -5    0    5    1   -0.003545   -0.014994
   -3   -5    0    6    1    0.009111    0.004946
   -3   -5    0    7    1    0.038143   -0.010957
   -3   -5    0    8    1    0.003804    0.010478
   -3   -5    0    9    1    0.000565   -0.007599
   -3   -5    0   10    1   -0.002306    0.003006
   -3   -5    0   11    1    0.002722   -0.002768
   -3   -5    0    1    2   -0.008540    0.007970
   -3   -5    0    2    2    0.016704   -0.000606
   -3   -5    0    3    2    0.008734    0.019392
   -3   -5    0    4    2    0.008188   -0.002807
   -3   -5    0    5    2    0.008120   -0.000556
   -3   -5    0    6    2   -0.024234   -0.003055
   -3   -5    0    7    2   -0.011642    0.006113
   -3   -5    0    8    2   -0.002244   -0.022438
   -3   -5    0    9    2    0.012521   -0.007492
   -3   -5    0   10    2   -0.001191   -0.013525
   -3   -5    0   11    2   -0.012199    0.023629
   -3   -5    0    1    3    0.009774    0.000336
   -3   -5    0    2    3    0.022823    0.006965
   -3   -5    0    3    3    0.015035    0.000868
   -3   -5    0    4    3   -0.017493   -0.009152
   -3   -5    0    5    3    0.012265   -0.020886
   -3   -5    0    6    3   -0.021124    0.013978
   -3   -5    0    7    3    0.000175   -0.003170
   -3   -5    0    8    3   -0.013725    0.009702
   -3   -5    0    9    3   -0.014365    0.006325
   -3   -5    0   10    3   -0.022219    0.003861
   -3   -5    0   11    3    0.009937   -0.004960
   -3   -5    0    1    4    0.004994   -0.002409
   -3   -5    0    2    4   -0.007043    0.008584
   -3   -5    0    3    4   -0.016634    0.012335
   -3   -5    0    4    4   -0.015005   -0.003608
   -3   -5    0    5    4   -0.019983   -0.003578
   -3   -5    0    6    4    0.013991    0.000826
   -3   -5    0    7    4    0.008927   -0.009518
   -3   -5    0    8    4    0.019123   -0.001758
   -3   -5    0    9    4   -0.020048   -0.017762
   -3   -5    0   10    4   -0.023733   -0.012086
   -3   -5    0   11    4   -0.004702   -0.013270
   -3   -5    0    1    5   -0.001677   -0.015716
   -3   -5    0    2    5   -0.002070    0.016839
   -3   -5    0    3    5    0.002786    0.018093
   -3   -5    0    4    5   -0.003367   -0.008791
   -3   -5    0    5    5   -0.018806   -0.010624
   -3   -5    0    6    5    0.009150   -0.000484
   -3   -5    0    7    5   -0.009043   -0.006595
   -3   -5    0    8    5   -0.005891   -0.015156
   -3   -5    0    9    5    0.007299   -0.021606
   -3   -5    0   10    5    0.004611   -0.007882
   -3   -5    0   11    5    0.025301   -0.014223
   -3   -5    0    1    6   -0.005828    0.003727
   -3   -5    0    2    6    0.002831   -0.007694
   -3   -5    0    3    6   -0.027045   -0.000932
   -3   -5    0    4    6    0.026779    0.018741
   -3   -5    0    5    6   -0.037495    0.024088
   -3   -5    0    6    6    0.013692   -0.001603
   -3   -5    0    7    6   -0.002830   -0.012545
   -3   -5    0    8    6   -0.004523   -0.004289
   -3   -5    0    9    6    0.009844    0.006839
   -3   -5    0   10    6    0.001339   -0.000205
   -3   -5    0   11    6    0.024360   -0.033007
   -3   -5    0    1    7   -0.034910   -0.000515
   -3   -5    0    2    7   -0.016384   -0.008308
   -3   -5    0    3    7   -0.012928   -0.003213
   -3   -5    0    4    7   -0.021083    0.001262
   -3   -5    0    5    7    0.008675    0.006218
   -3   -5    0    6    7   -0.005056    0.012143
   -3   -5    0    7    7    0.022306   -0.009257
   -3   -5    0    8    7   -0.004508    0.018521
   -3   -5    0    9    7    0.005321   -0.014328
   -3   -5    0   10    7    0.008371   -0.003514
   -3   -5    0   11    7    0.002398    0.005280
   -3   -5    0    1    8   -0.015884    0.000802
   -3   -5    0    2    8   -0.028673   -0.006721
   -3   -5    0    3    8   -0.002089    0.005942
   -3   -5    0    4    8    0.008694    0.032894
   -3   -5    0    5    8   -0.012423   -0.016956
   -3   -5    0    6    8    0.002390    0.003753
   -3   -5    0    7    8    0.002478   -0.008578
   -3   -5    0    8    8    0.001325    0.001341
   -3   -5    0    9    8   -0.004894   -0.003251
   -3   -5    0   10    8    0.000062    0.001103
   -3   -5    0   11    8    0.003199   -0.002238
   -3   -5    0    1    9   -0.017467   -0.006618
   -3   -5    0    2    9    0.026446   -0.030653
   -3   -5    0    3    9    0.049994    0.017702
   -3   -5    0    4    9    0.002956   -0.009769
   -3   -5    0    5    9    0.004817   -0.014258
   -3   -5    0    6    9    0.009547   -0.012457
   -3   -5    0    7    9    0.011789   -0.006948
   -3   -5    0    8    9    0.001508   -0.011241
   -3   -5    0    9    9   -0.005072   -0.006691
   -3   -5    0   10    9   -0.002320    0.014729
   -3   -5    0   11    9    0.011659   -0.000439
   -3   -5    0    1   10    0.031577   -0.005212
   -3   -5    0    2   10    0.040615   -0.017964
   -3   -5    0    3   10    0.016323    0.014274
   -3   -5    0    4   10   -0.002592   -0.003762
   -3   -5    0    5   10   -0.056571    0.023560
   -3   -5    0    6   10    0.005555   -0.010302
   -3   -5    0    7   10   -0.001770    0.003537
   -3   -5    0    8   10   -0.003894    0.004258
   -3   -5    0    9   10    0.005735    0.004445
   -3   -5    0   10   10   -0.002845   -0.000950
   -3   -5    0   11   10    0.011774    0.006179
   -3   -5    0    1   11   -0.006867    0.011325
   -3   -5    0    2   11    0.001920    0.046198
   -3   -5    0    3   11   -0.005372   -0.012405
   -3   -5    0    4   11   -0.039454   -0.029981
   -3   -5    0    5   11    0.035200    0.003609
   -3   -5    0    6   11   -0.018371    0.000522
   -3   -5    0    7   11    0.027776    0.009922
   -3   -5    0    8   11   -0.001684    0.013883
   -3   -5    0    9   11    0.002745    0.001799
   -3   -5    0   10   11    0.008485   -0.001343
   -3   -5    0   11   11   -0.029279    0.010586
   -3   -4    0    1    1    0.029878   -0.029744
   -3   -4    0    2    1   -0.020838   -0.006209
   -3   -4    0    3    1    0.023742    0.017380
   -3   -4    0    4    1   -0.005688   -0.018885
   -3   -4    0    5    1    0.001729    0.005550
   -3   -4    0    6    1    0.008920   -0.013106
   -3   -4    0    7    1   -0.015851   -0.006179
   -3   -4    0    8    1   -0.019693   -0.011358
   -3   -4    0    9    1    0.020258    0.002612
   -3   -4    0   10    1   -0.012046    0.001702
   -3   -4    0   11    1   -0.008297   -0.018640
   -3   -4    0    1    2   -0.011144    0.007334
   -3   -4    0    2    2    0.006138    0.013092
   -3   -4    0    3    2   -0.011863    0.006462
   -3   -4    0    4    2    0.003497   -0.011876
   -3   -4    0    5    2   -0.020832   -0.013997
   -3   -4    0    6    2    0.011700   -0.005470
   -3   -4    0    7    2    0.004531   -0.030922
   -3   -4    0    8    2   -0.011767   -0.009967
   -3   -4    0    9    2   -0.017882    0.013588
   -3   -4    0   10    2   -0.002715    0.039824
   -3   -4    0   11    2    0.013071   -0.008617
   -3   -4    0    1    3    0.003110    0.009155
   -3   -4    0    2    3    0.016077   -0.013882
   -3   -4    0    3    3   -0.024701    0.022555
   -3   -4    0    4    3    0.019152    0.010083
   -3   -4    0    5    3    0.018807    0.022409
   -3   -4    0    6    3    0.013865    0.014160
   -3   -4    0    7    3   -0.006815    0.007067
   -3   -4    0    8    3   -0.035710    0.004844
   -3   -4    0    9    3   -0.003587    0.000505
   -3   -4    0   10    3    0.027905   -0.014349
   -3   -4    0   11    3   -0.012239   -0.004781
   -3   -4    0    1    4    0.008718   -0.030282
   -3   -4    0    2    4   -0.001274   -0.011115
   -3   -4    0    3    4    0.009799   -0.006822
   -3   -4    0    4    4    0.008383   -0.001572
   -3   -4    0    5    4    0.008195    0.025762
   -3   -4    0    6    4    0.012902    0.001541
   -3   -4    0    7    4   -0.022146   -0.016291
   -3   -4    0    8    4    0.039451   -0.007763
   -3   -4    0    9    4    0.005009    0.018525
   -3   -4    0   10    4    0.028213   -0.022855
   -3   -4    0   11    4    0.036455   -0.037020
   -3   -4    0    1    5   -0.005631    0.010867
   -3   -4    0    2    5    0.000258    0.004349
   -3   -4    0    3    5    0.007677    0.000363
   -3   -4    0    4    5   -0.014800   -0.010018
   -3   -4    0    5    5   -0.002586   -0.001995
   -3   -4    0    6    5    0.014017    0.028817
   -3   -4    0    7    5   -0.006375   -0.000464
   -3   -4    0    8    5   -0.013154    0.037487
   -3   -4    0    9    5   -0.012091    0.019312
   -3   -4    0   10    5   -0.003175    0.025321
   -3   -4    0   11    5   -0.022915   -0.008835
   -3   -4    0    1    6    0.012726    0.004113
   -3   -4    0    2    6   -0.054456   -0.006137
   -3   -4    0    3    6    0.085733    0.018602
   -3   -4    0    4    6   -0.053407   -0.012539
   -3   -4    0    5    6    0.019255    0.009496
   -3   -4    0    6    6   -0.000893   -0.000581
   -3   -4    0    7    6   -0.007201    0.008711
   -3   -4    0    8    6   -0.014100   -0.007038
   -3   -4    0    9    6   -0.012949   -0.005415
   -3   -4    0   10    6   -0.001256   -0.000747
   -3   -4    0   11    6    0.001357   -0.027506
   -3   -4    0    1    7    0.005995    0.020628
   -3   -4    0    2    7    0.041298   -0.012526
   -3   -4    0    3    7    0.013812    0.006890
   -3   -4    0    4    7    0.049711    0.021539
   -3   -4    0    5    7   -0.026845    0.001723
   -3   -4    0    6    7    0.011599    0.013107
   -3   -4    0    7    7    0.000068   -0.001143
   -3   -4    0    8    7    0.018072    0.004112
   -3   -4    0    9    7   -0.002907   -0.001585
   -3   -4    0   10    7   -0.000787    0.007303
   -3   -4    0   11    7    0.008064   -0.011529
   -3   -4    0    1    8    0.008534   -0.008358
   -3   -4    0    2    8    0.027357   -0.017614
   -3   -4    0    3    8    0.031108    0.018593
   -3   -4    0    4    8   -0.042479   -0.015538
   -3   -4    0    5    8   -0.018688   -0.004643
   -3   -4    0    6    8   -0.001594    0.004955
   -3   -4    0    7    8    0.001200   -0.004076
   -3   -4    0    8    8    0.001290    0.002076
   -3   -4    0    9    8   -0.015434    0.002561
   -3   -4    0   10    8    0.001142    0.002861
   -3   -4    0   11    8    0.000315   -0.015587
   -3   -4    0    1    9    0.004372   -0.001692
   -3   -4    0    2    9    0.022982    0.008753
   -3   -4    0    3    9    0.005716    0.008351
   -3   -4    0    4    9   -0.052003   -0.019704
   -3   -4    0    5    9   -0.012172    0.013295
   -3   -4    0    6    9    0.014928   -0.023326
   -3   -4    0    7    9    0.027269    0.019394
   -3   -4    0    8    9   -0.008444   -0.008480
   -3   -4    0    9    9   -0.020285   -0.000594
   -3   -4    0   10    9    0.007105   -0.012383
   -3   -4    0   11    9    0.028978   -0.012947
   -3   -4    0    1   10   -0.000380    0.002943
   -3   -4    0    2   10   -0.147569    0.038519
   -3   -4    0    3   10   -0.046173    0.022863
   -3   -4    0    4   10   -0.021720   -0.010039
   -3   -4    0    5   10    0.004521    0.040557
   -3   -4    0    6   10    0.002471   -0.003061
   -3   -4    0    7   10   -0.014538    0.014608
   -3   -4    0    8   10    0.003125   -0.010693
   -3   -4    0    9   10    0.001871   -0.011112
   -3   -4    0   10   10    0.001350   -0.003342
   -3   -4    0   11   10    0.017096    0.023323
   -3   -4    0    1   11   -0.010739    0.004895
   -3   -4    0    2   11    0.032641    0.016175
   -3   -4    0    3   11   -0.012969    0.003549
   -3   -4    0    4   11    0.026710    0.006746
   -3   -4    0    5   11   -0.017262    0.008179
   -3   -4    0    6   11   -0.011538    0.002006
   -3   -4    0    7   11   -0.005432    0.022166
   -3   -4    0    8   11    0.032272   -0.032578
   -3   -4    0    9   11   -0.001896   -0.016194
   -3   -4    0   10   11   -0.012851    0.000933
   -3   -4    0   11   11   -0.001848    0.001248
   -3   -3    0    1    1   -0.004386   -0.009558
   -3   -3    0    2    1   -0.009939   -0.015684
   -3   -3    0    3    1    0.004925   -0.020490
   -3   -3    0    4    1   -0.005388   -0.010186
   -3   -3    0    5    1    0.003733    0.012571
   -3   -3    0    6    1   -0.012337    0.003945
   -3   -3    0    7    1   -0.017211   -0.000402
   -3   -3    0    8    1    0.012387   -0.018727
   -3   -3    0    9    1   -0.011089   -0.000048
   -3   -3    0   10    1    0.004127   -0.003066
   -3   -3    0   11    1    0.008529    0.015983
   -3   -3    0    1    2    0.022271    0.001587
   -3   -3    0    2    2   -0.009213    0.001430
   -3   -3    0    3    2    0.026852   -0.000249
   -3   -3    0    4    2    0.021669    0.007805
   -3   -3    0    5    2   -0.001660    0.026879
   -3   -3    0    6    2   -0.005097    0.023880
   -3   -3    0    7    2   -0.023839    0.017764
   -3   -3    0    8    2    0.025553    0.015826
   -3   -3    0    9    2    0.002493   -0.014790
   -3   -3    0   10    2    0.014655   -0.028565
   -3   -3    0   11    2    0.006115    0.002092
   -3   -3    0    1    3    0.005365   -0.005449
   -3   -3    0    2    3   -0.011588   -0.003215
   -3   -3    0    3    3    0.002226    0.011568
   -3   -3    0    4    3    0.029463   -0.008517
   -3   -3    0    5    3    0.001332   -0.011067
   -3   -3    0    6    3    0.022671   -0.003787
   -3   -3    0    7    3   -0.028299   -0.023729
   -3   -3    0    8    3    0.050581   -0.009159
   -3   -3    0    9    3   -0.019918   -0.018846
   -3   -3    0   10    3   -0.044115    0.005404
   -3   -3    0   11    3    0.030222    0.003981
   -3   -3    0    1    4   -0.011193    0.009449
   -3   -3    0    2    4    0.019575   -0.043230
   -3   -3    0    3    4    0.009963   -0.020355
   -3   -3    0    4    4    0.020830    0.013480
   -3   -3    0    5    4    0.016227    0.020135
   -3   -3    0    6    4   -0.050440    0.024764
   -3   -3    0    7    4   -0.032767   -0.016208
   -3   -3    0    8    4   -0.095310    0.048332
   -3   -3    0    9    4   -0.036163    0.023628
   -3   -3    0   10    4    0.017345    0.001727
   -3   -3    0   11    4    0.059919    0.013180
   -3   -3    0    1    5    0.006405    0.003995
   -3   -3    0    2    5   -0.012319   -0.009443
   -3   -3    0    3    5    0.000325   -0.018702
   -3   -3    0    4    5    0.004275   -0.000765
   -3   -3    0    5    5    0.043127   -0.003009
   -3   -3    0    6    5   -0.021875    0.010828
   -3   -3    0    7    5   -0.028143   -0.006209
   -3   -3    0    8    5    0.054679   -0.037020
   -3   -3    0    9    5    0.010977    0.006315
   -3   -3    0   10    5    0.013180    0.003641
   -3   -3    0   11    5    0.017539   -0.003784
   -3   -3    0    1    6    0.013895   -0.011857
   -3   -3    0    2    6   -0.040089    0.017979
   -3   -3    0    3    6   -0.016480   -0.020924
   -3   -3    0    4    6    0.063687   -0.014471
   -3   -3    0    5    6    0.004525   -0.028560
   -3   -3    0    6    6   -0.034072    0.003370
   -3   -3    0    7    6    0.014411    0.024846
   -3   -3    0    8    6   -0.004627   -0.008599
   -3   -3    0    9    6   -0.005344   -0.016737
   -3   -3    0   10    6   -0.005842    0.004330
   -3   -3    0   11    6   -0.024063    0.051131
   -3   -3    0    1    7    0.013221   -0.019325
   -3   -3    0    2    7   -0.006298    0.021950
   -3   -3    0    3    7   -0.021522    0.027801
   -3   -3    0    4    7   -0.043057   -0.012659
   -3   -3    0    5    7    0.018206    0.027552
   -3   -3    0    6    7   -0.003414   -0.005399
   -3   -3    0    7    7   -0.017282   -0.010805
   -3   -3    0    8    7   -0.001263   -0.023402
   -3   -3    0    9    7   -0.000399   -0.019745
   -3   -3    0   10    7   -0.007210    0.004983
   -3   -3    0   11    7   -0.032505    0.007372
   -3   -3    0    1    8    0.015915   -0.003411
   -3   -3    0    2    8   -0.024972   -0.001961
   -3   -3    0    3    8    0.008503    0.004177
   -3   -3    0    4    8   -0.027646   -0.001748
   -3   -3    0    5    8    0.031847   -0.013460
   -3   -3    0    6    8    0.007133   -0.001462
   -3   -3    0    7    8    0.010057    0.007563
   -3   -3    0    8    8   -0.005928    0.000816
   -3   -3    0    9    8   -0.007874    0.018211
   -3   -3    0   10    8   -0.010914   -0.001834
   -3   -3    0   11    8   -0.001577   -0.020241
   -3   -3    0    1    9    0.027078    0.001651
   -3   -3    0    2    9    0.011940    0.000118
   -3   -3    0    3    9    0.031680   -0.006585
   -3   -3    0    4    9    0.020020   -0.012838
   -3   -3    0    5    9   -0.013801    0.022085
   -3   -3    0    6    9   -0.020829    0.000111
   -3   -3    0    7    9    0.030926    0.014492
   -3   -3    0    8    9   -0.033120    0.017571
   -3   -3    0    9    9   -0.024088   -0.004795
   -3   -3    0   10    9   -0.029140   -0.009095
   -3   -3    0   11    9    0.029004   -0.018412
   -3   -3    0    1   10   -0.021716   -0.008270
   -3   -3    0    2   10    0.065902   -0.048146
   -3   -3    0    3   10    0.041411   -0.009316
   -3   -3    0    4   10    0.111438    0.045219
   -3   -3    0    5   10    0.010289   -0.081806
   -3   -3    0    6   10    0.010065    0.015074
   -3   -3    0    7   10   -0.033778   -0.046690
   -3   -3    0    8   10   -0.002462   -0.012066
   -3   -3    0    9   10   -0.012999    0.053216
   -3   -3    0   10   10    0.007901   -0.000768
   -3   -3    0   11   10    0.004975    0.020514
   -3   -3    0    1   11    0.018013    0.008610
   -3   -3    0    2   11   -0.029461   -0.024042
   -3   -3    0    3   11    0.010269    0.021019
   -3   -3    0    4   11    0.061273    0.007623
   -3   -3    0    5   11    0.043312   -0.006705
   -3   -3    0    6   11    0.020467   -0.030416
   -3   -3    0    7   11   -0.028481   -0.014575
   -3   -3    0    8   11   -0.025583    0.022148
   -3   -3    0    9   11    0.028395   -0.024101
   -3   -3    0   10   11    0.002510   -0.006525
   -3   -3    0   11   11    0.020181   -0.001730
   -3   -2    0    1    1   -0.047295    0.025518
   -3   -2    0    2    1   -0.000097    0.026664
   -3   -2    0    3    1    0.001598   -0.022783
   -3   -2    0    4    1   -0.007861    0.027637
   -3   -2    0    5    1   -0.027154    0.016882
   -3   -2    0    6    1   -0.011042    0.027890
   -3   -2    0    7    1   -0.021730    0.013336
   -3   -2    0    8    1   -0.004991    0.036772
   -3   -2    0    9    1   -0.035578    0.015849
   -3   -2    0   10    1    0.004562   -0.001177
   -3   -2    0   11    1    0.002113   -0.004426
   -3   -2    0    1    2   -0.010770    0.000457
   -3   -2    0    2    2    0.027799    0.017044
   -3   -2    0    3    2    0.018703   -0.006554
   -3   -2    0    4    2    0.011357   -0.007719
   -3   -2    0    5    2   -0.016924   -0.018679
   -3   -2    0    6    2   -0.005600    0.005188
   -3   -2    0    7    2    0.026110   -0.000690
   -3   -2    0    8    2   -0.020031    0.011196
   -3   -2    0    9    2   -0.018825    0.010763
   -3   -2    0   10    2   -0.017210    0.011399
   -3   -2    0   11    2    0.004248   -0.029531
   -3   -2    0    1    3    0.005598   -0.000956
   -3   -2    0    2    3   -0.003101    0.004499
   -3   -2    0    3    3    0.020441   -0.034138
   -3   -2    0    4    3   -0.060240    0.002999
   -3   -2    0    5    3   -0.038497   -0.030949
   -3   -2    0    6    3    0.011603    0.039620
   -3   -2    0    7    3   -0.033104    0.041606
   -3   -2    0    8    3   -0.040130   -0.003917
   -3   -2    0    9    3    0.007585   -0.011323
   -3   -2    0   10    3    0.033118   -0.012665
   -3   -2    0   11    3   -0.008597    0.015115
   -3   -2    0    1    4   -0.006293    0.010196
   -3   -2    0    2    4    0.014819    0.003545
   -3   -2    0    3    4   -0.029753    0.031099
   -3   -2    0    4    4    0.013768   -0.033194
   -3   -2    0    5    4    0.018471   -0.012610
   -3   -2    0    6    4    0.037790   -0.049487
   -3   -2    0    7    4    0.061839    0.002061
   -3   -2    0    8    4    0.077207   -0.039573
   -3   -2    0    9    4    0.012567    0.019115
   -3   -2    0   10    4   -0.042910    0.015187
   -3   -2    0   11    4   -0.084063    0.011251
   -3   -2    0    1    5   -0.017535    0.011134
   -3   -2    0    2    5    0.032563    0.043485
   -3   -2    0    3    5    0.016326    0.009878
   -3   -2    0    4    5   -0.003582   -0.020949
   -3   -2    0    5    5   -0.012416   -0.014077
   -3   -2    0    6    5    0.024080   -0.018610
   -3   -2    0    7    5    0.026821    0.015859
   -3   -2    0    8    5   -0.022492   -0.007861
   -3   -2    0    9    5   -0.010531   -0.012135
   -3   -2    0   10    5   -0.010142   -0.016694
   -3   -2    0   11    5   -0.030931   -0.001197
   -3   -2    0    1    6   -0.015061    0.004060
   -3   -2    0    2    6   -0.061842    0.036067
   -3   -2    0    3    6   -0.047311   -0.004034
   -3   -2    0    4    6    0.003261   -0.005017
   -3   -2    0    5    6    0.003836   -0.038757
   -3   -2    0    6    6    0.035302    0.045734
   -3   -2    0    7    6    0.021953    0.027218
   -3   -2    0    8    6    0.008770   -0.004264
   -3   -2    0    9    6    0.020824   -0.009563
   -3   -2    0   10    6    0.000173    0.004837
   -3   -2    0   11    6    0.016940   -0.002511
   -3   -2    0    1    7    0.005607   -0.013258
   -3   -2    0    2    7    0.018125   -0.004649
   -3   -2    0    3    7    0.005128    0.006239
   -3   -2    0    4    7   -0.018003    0.000754
   -3   -2    0    5    7    0.010300   -0.036765
   -3   -2    0    6    7   -0.016955   -0.019084
   -3   -2    0    7    7    0.009732   -0.018493
   -3   -2    0    8    7   -0.023947    0.003572
   -3   -2    0    9    7   -0.007948    0.007126
   -3   -2    0   10    7    0.005528    0.009165
   -3   -2    0   11    7    0.018785   -0.021051
   -3   -2    0    1    8   -0.006295   -0.004044
   -3   -2    0    2    8   -0.006101    0.017552
   -3   -2    0    3    8   -0.040592   -0.030649
   -3   -2    0    4    8    0.092777    0.032650
   -3   -2    0    5    8   -0.047895    0.027152
   -3   -2    0    6    8    0.002117   -0.002739
   -3   -2    0    7    8    0.001785    0.026429
   -3   -2    0    8    8   -0.013065   -0.008618
   -3   -2    0    9    8    0.013162   -0.004748
   -3   -2    0   10    8   -0.004322   -0.002040
   -3   -2    0   11    8   -0.020864    0.027143
   -3   -2    0    1    9   -0.018194    0.003462
   -3   -2    0    2    9   -0.025773   -0.005654
   -3   -2    0    3    9    0.000194   -0.030988
   -3   -2    0    4    9   -0.010559    0.047928
   -3   -2    0    5    9   -0.022336    0.034296
   -3   -2    0    6    9    0.022702    0.042253
   -3   -2    0    7    9    0.011526    0.015028
   -3   -2    0    8    9    0.003478    0.015128
   -3   -2    0    9    9   -0.054157    0.014640
   -3   -2    0   10    9   -0.008362    0.019178
   -3   -2    0   11    9   -0.024610   -0.023176
   -3   -2    0    1   10   -0.007471   -0.010645
   -3   -2    0    2   10   -0.049196    0.021862
   -3   -2    0    3   10   -0.021924   -0.013457
   -3   -2    0    4   10   -0.015033    0.009449
   -3   -2    0    5   10    0.005249    0.003757
   -3   -2    0    6   10   -0.041131    0.019927
   -3   -2    0    7   10    0.012157    0.049172
   -3   -2    0    8   10    0.041546   -0.027508
   -3   -2    0    9   10    0.068555    0.002375
   -3   -2    0   10   10    0.019271    0.003727
   -3   -2    0   11   10   -0.077272   -0.017207
   -3   -2    0    1   11    0.003703   -0.006106
   -3   -2    0    2   11    0.005554   -0.000418
   -3   -2    0    3   11    0.001796   -0.033033
   -3   -2    0    4   11   -0.073188   -0.023856
   -3   -2    0    5   11   -0.028128   -0.031272
   -3   -2    0    6   11   -0.026474   -0.014687
   -3   -2    0    7   11    0.013145   -0.036953
   -3   -2    0    8   11   -0.009844    0.003512
   -3   -2    0    9   11    0.005183    0.002699
   -3   -2    0   10   11    0.001888   -0.001116
   -3   -2    0   11   11    0.009254    0.001855
   -3   -1    0    1    1    0.014842   -0.016376
   -3   -1    0    2    1    0.053655   -0.003973
   -3   -1    0    3    1    0.000684    0.008772
   -3   -1    0    4    1    0.016572   -0.007235
   -3   -1    0    5    1   -0.032374    0.005399
   -3   -1    0    6    1    0.000359   -0.023771
   -3   -1    0    7    1   -0.034245   -0.052099
   -3   -1    0    8    1   -0.006984   -0.010008
   -3   -1    0    9    1    0.006896    0.000044
   -3   -1    0   10    1    0.004932   -0.004290
   -3   -1    0   11    1    0.001624   -0.011721
   -3   -1    0    1    2    0.003863   -0.013863
   -3   -1    0    2    2   -0.052887    0.040317
   -3   -1    0    3    2   -0.019743   -0.004444
   -3   -1    0    4    2   -0.004751   -0.000174
   -3   -1    0    5    2    0.003799    0.017135
   -3   -1    0    6    2    0.009919   -0.036276
   -3   -1    0    7    2   -0.003383    0.012235
   -3   -1    0    8    2    0.030265   -0.010902
   -3   -1    0    9    2    0.004211    0.001195
   -3   -1    0   10    2    0.021351   -0.004651
   -3   -1    0   11    2    0.034529   -0.007750
   -3   -1    0    1    3   -0.005983   -0.009863
   -3   -1    0    2    3    0.012738    0.008333
   -3   -1    0    3    3   -0.009106   -0.000624
   -3   -1    0    4    3    0.000573   -0.008649
   -3   -1    0    5    3   -0.036171   -0.019737
   -3   -1    0    6    3   -0.053050    0.008271
   -3   -1    0    7    3    0.002644   -0.017696
   -3   -1    0    8    3   -0.007147    0.016510
   -3   -1    0    9    3    0.038275   -0.012902
   -3   -1    0   10    3    0.002576    0.003148
   -3   -1    0   11    3   -0.001548   -0.010194
   -3   -1    0    1    4    0.013932    0.000500
   -3   -1    0    2    4    0.020231    0.024021
   -3   -1    0    3    4    0.036101   -0.018082
   -3   -1    0    4    4   -0.054434    0.012383
   -3   -1    0    5    4   -0.036605   -0.018367
   -3   -1    0    6    4    0.040988   -0.014430
   -3   -1    0    7    4   -0.061790   -0.011045
   -3   -1    0    8    4    0.002812   -0.007363
   -3   -1    0    9    4    0.028267   -0.028089
   -3   -1    0   10    4   -0.006701   -0.005390
   -3   -1    0   11    4   -0.018416    0.037195
   -3   -1    0    1    5   -0.008775    0.035709
   -3   -1    0    2    5    0.006226   -0.016560
   -3   -1    0    3    5    0.008762   -0.036992
   -3   -1    0    4    5    0.020448    0.040866
   -3   -1    0    5    5    0.071445   -0.014238
   -3   -1    0    6    5   -0.023615    0.071738
   -3   -1    0    7    5   -0.016620   -0.030189
   -3   -1    0    8    5    0.060885   -0.021867
   -3   -1    0    9    5   -0.019884    0.009658
   -3   -1    0   10    5    0.013947    0.069622
   -3   -1    0   11    5   -0.022224   -0.063503
   -3   -1    0    1    6   -0.013272    0.003896
   -3   -1    0    2    6    0.038840   -0.036544
   -3   -1    0    3    6   -0.004717    0.007454
   -3   -1    0    4    6   -0.022630   -0.017222
   -3   -1    0    5    6   -0.056416    0.021295
   -3   -1    0    6    6    0.064400    0.030593
   -3   -1    0    7    6    0.019199    0.012224
   -3   -1    0    8    6   -0.009193    0.013387
   -3   -1    0    9    6    0.021532   -0.005527
   -3   -1    0   10    6    0.013038   -0.007993
   -3   -1    0   11    6   -0.014093   -0.000533
   -3   -1    0    1    7   -0.006939    0.032927
   -3   -1    0    2    7   -0.049664    0.013233
   -3   -1    0    3    7   -0.001300   -0.013034
   -3   -1    0    4    7    0.000977    0.015801
   -3   -1    0    5    7    0.053124   -0.013886
   -3   -1    0    6    7    0.027321   -0.035409
   -3   -1    0    7    7    0.014785   -0.019996
   -3   -1    0    8    7   -0.011672   -0.000663
   -3   -1    0    9    7    0.021724    0.000600
   -3   -1    0   10    7    0.014835    0.002934
   -3   -1    0   11    7    0.030131    0.042469
   -3   -1    0    1    8    0.001333    0.012261
   -3   -1    0    2    8    0.010136   -0.002375
   -3   -1    0    3    8    0.018292    0.031571
   -3   -1    0    4    8   -0.010593   -0.035927
   -3   -1    0    5    8    0.038268   -0.028475
   -3   -1    0    6    8    0.003126    0.004117
   -3   -1    0    7    8   -0.011942    0.019736
   -3   -1    0    8    8   -0.016553   -0.004209
   -3   -1    0    9    8    0.010648   -0.017617
   -3   -1    0   10    8   -0.007757   -0.006844
   -3   -1    0   11    8    0.030436    0.001116
   -3   -1    0    1    9   -0.026207   -0.015511
   -3   -1    0    2    9   -0.006670   -0.014711
   -3   -1    0    3    9   -0.014101   -0.027032
   -3   -1    0    4    9    0.043055    0.020171
   -3   -1    0    5    9    0.014594   -0.011817
   -3   -1    0    6    9    0.046681   -0.002367
   -3   -1    0    7    9    0.039907    0.003011
   -3   -1    0    8    9    0.002344    0.008894
   -3   -1    0    9    9    0.020359    0.030455
   -3   -1    0   10    9    0.008726   -0.012628
   -3   -1    0   11    9    0.014065    0.034077
   -3   -1    0    1   10    0.028913   -0.006410
   -3   -1    0    2   10    0.047033    0.006493
   -3   -1    0    3   10    0.036930    0.024353
   -3   -1    0    4   10   -0.035628   -0.019407
   -3   -1    0    5   10   -0.116034    0.008821
   -3   -1    0    6   10   -0.044348    0.002772
   -3   -1    0    7   10    0.045510   -0.010807
   -3   -1    0    8   10    0.041191   -0.000215
   -3   -1    0    9   10   -0.020152   -0.018024
   -3   -1    0   10   10   -0.013610    0.003647
   -3   -1    0   11   10   -0.000791   -0.041303
   -3   -1    0    1   11   -0.000356   -0.011884
   -3   -1    0    2   11    0.031759   -0.060025
   -3   -1    0    3   11   -0.012152   -0.009830
   -3   -1    0    4   11   -0.028174   -0.004247
   -3   -1    0    5   11    0.014331    0.035557
   -3   -1    0    6   11   -0.027386    0.048799
   -3   -1    0    7   11    0.034372    0.001656
   -3   -1    0    8   11   -0.010600   -0.002203
   -3   -1    0    9   11   -0.055648   -0.007959
   -3   -1    0   10   11   -0.007805    0.000633
   -3   -1    0   11   11   -0.030607   -0.061950
   -3    0    0    1    1    0.012491    0.001169
   -3    0    0    2    1   -0.035367    0.012291
   -3    0    0    3    1   -0.025588    0.014222
   -3    0    0    4    1   -0.003872   -0.002311
   -3    0    0    5    1    0.028513   -0.030327
   -3    0    0    6    1    0.017293   -0.042392
   -3    0    0    7    1   -0.020967   -0.057988
   -3    0    0    8    1    0.033529   -0.018287
   -3    0    0    9    1    0.012470    0.020677
   -3    0    0   10    1    0.003278    0.009425
   -3    0    0   11    1   -0.020016    0.006145
   -3    0    0    1    2    0.008845    0.006110
   -3    0    0    2    2    0.023371   -0.002413
   -3    0    0    3    2   -0.006024   -0.011472
   -3    0    0    4    2   -0.021515   -0.026932
   -3    0    0    5    2   -0.009711   -0.001844
   -3    0    0    6    2    0.014140   -0.008354
   -3    0    0    7    2    0.027268   -0.020591
   -3    0    0    8    2   -0.013977    0.003346
   -3    0    0    9    2    0.021402   -0.025008
   -3    0    0   10    2   -0.025653    0.000658
   -3    0    0   11    2   -0.009765    0.043519
   -3    0    0    1    3   -0.009796    0.000249
   -3    0    0    2    3   -0.013440   -0.025820
   -3    0    0    3    3   -0.005556    0.006620
   -3    0    0    4    3   -0.002358    0.005003
   -3    0    0    5    3    0.041122    0.024944
   -3    0    0    6    3    0.054743    0.010270
   -3    0    0    7    3   -0.005011    0.030518
   -3    0    0    8    3    0.015208   -0.019436
   -3    0    0    9    3   -0.018116   -0.020085
   -3    0    0   10    3   -0.009527   -0.010638
   -3    0    0   11    3   -0.006319   -0.017837
   -3    0    0    1    4   -0.015117    0.007711
   -3    0    0    2    4   -0.024919    0.011904
   -3    0    0    3    4   -0.004262   -0.004834
   -3    0    0    4    4   -0.002418    0.044351
   -3    0    0    5    4   -0.001941   -0.045532
   -3    0    0    6    4   -0.010513    0.031695
   -3    0    0    7    4    0.005472   -0.036081
   -3    0    0    8    4   -0.023303   -0.010144
   -3    0    0    9    4   -0.002449    0.006335
   -3    0    0   10    4    0.008721    0.031717
   -3    0    0   11    4    0.043554    0.010739
   -3    0    0    1    5    0.005313   -0.004669
   -3    0    0    2    5    0.006386    0.032827
   -3    0    0    3    5   -0.036495    0.001533
   -3    0    0    4    5    0.027385   -0.049009
   -3    0    0    5    5    0.013598   -0.030962
   -3    0    0    6    5    0.018968   -0.057627
   -3    0    0    7    5    0.019649   -0.030186
   -3    0    0    8    5   -0.024519    0.034669
   -3    0    0    9    5    0.017737   -0.001676
   -3    0    0   10    5   -0.016066   -0.029299
   -3    0    0   11    5    0.008361   -0.000672
   -3    0    0    1    6    0.009483   -0.004343
   -3    0    0    2    6    0.013311   -0.016157
   -3    0    0    3    6    0.020102   -0.011522
   -3    0    0    4    6   -0.010312    0.004584
   -3    0    0    5    6   -0.011822    0.008022
   -3    0    0    6    6    0.029229   -0.007092
   -3    0    0    7    6   -0.021142    0.021901
   -3    0    0    8    6    0.002364   -0.008396
   -3    0    0    9    6    0.014338   -0.005840
   -3    0    0   10    6    0.019365    0.001164
   -3    0    0   11    6   -0.022016    0.003397
   -3    0    0    1    7   -0.023254   -0.006818
   -3    0    0    2    7   -0.022020    0.008555
   -3    0    0    3    7   -0.006162    0.022936
   -3    0    0    4    7   -0.006402    0.004984
   -3    0    0    5    7   -0.030326    0.039780
   -3    0    0    6    7    0.021454   -0.050633
   -3    0    0    7    7   -0.027520    0.013198
   -3    0    0    8    7    0.011304   -0.016247
   -3    0    0    9    7    0.021685   -0.021458
   -3    0    0   10    7    0.007071   -0.001773
   -3    0    0   11    7   -0.050442    0.014331
   -3    0    0    1    8    0.003569    0.000725
   -3    0    0    2    8    0.000897    0.000023
   -3    0    0    3    8    0.013621    0.014881
   -3    0    0    4    8    0.015449   -0.036720
   -3    0    0    5    8   -0.003897   -0.011296
   -3    0    0    6    8   -0.003842    0.005561
   -3    0    0    7    8    0.007188    0.021759
   -3    0    0    8    8   -0.006127   -0.001446
   -3    0    0    9    8   -0.009391   -0.031536
   -3    0    0   10    8   -0.002539   -0.004142
   -3    0    0   11    8    0.011833   -0.016438
   -3    0    0    1    9    0.006028   -0.018652
   -3    0    0    2    9    0.000078    0.011290
   -3    0    0    3    9   -0.018885    0.010289
   -3    0    0    4    9   -0.006307    0.003739
   -3    0    0    5    9    0.021174   -0.016034
   -3    0    0    6    9   -0.007454   -0.031006
   -3    0    0    7    9    0.018518   -0.008148
   -3    0    0    8    9    0.010665    0.001732
   -3    0    0    9    9    0.011273   -0.051651
   -3    0    0   10    9    0.001081   -0.012686
   -3    0    0   11    9    0.015435   -0.023870
   -3    0    0    1   10   -0.008208    0.004496
   -3    0    0    2   10    0.013075   -0.023026
   -3    0    0    3   10    0.033923   -0.051844
   -3    0    0    4   10    0.026335    0.006353
   -3    0    0    5   10   -0.015955   -0.011613
   -3    0    0    6   10    0.024551   -0.003151
   -3    0    0    7   10    0.023080   -0.002127
   -3    0    0    8   10   -0.001883   -0.001803
   -3    0    0    9   10   -0.061082    0.003171
   -3    0    0   10   10   -0.016621    0.006993
   -3    0    0   11   10    0.040798   -0.014792
   -3    0    0    1   11   -0.002284    0.004765
   -3    0    0    2   11    0.049555   -0.043241
   -3    0    0    3   11   -0.007049    0.025871
   -3    0    0    4   11   -0.009847    0.027267
   -3    0    0    5   11   -0.004133    0.002413
   -3    0    0    6   11   -0.007021    0.014910
   -3    0    0    7   11    0.014777   -0.058012
   -3    0    0    8   11    0.008766    0.017647
   -3    0    0    9   11   -0.051346    0.027324
   -3    0    0   10   11   -0.012048    0.017401
   -3    0    0   11   11   -0.032424    0.021234
   -3    1    0    1    1   -0.029068    0.017160
   -3    1    0    2    1   -0.024946   -0.015683
   -3    1    0    3    1    0.001751   -0.006101
   -3    1    0    4    1   -0.013432    0.016902
   -3    1    0    5    1    0.020666   -0.020744
   -3    1    0    6    1   -0.035023    0.013101
   -3    1    0    7    1   -0.002291    0.008706
   -3    1    0    8    1    0.005400    0.015209
   -3    1    0    9    1    0.000139    0.025730
   -3    1    0   10    1   -0.006788   -0.008953
   -3    1    0   11    1   -0.037156   -0.003532
   -3    1    0    1    2   -0.000772    0.014001
   -3    1    0    2    2    0.043968   -0.014666
   -3    1    0    3    2    0.027767   -0.009964
   -3    1    0    4    2   -0.025728   -0.001011
   -3    1    0    5    2   -0.009438   -0.000103
   -3    1    0    6    2    0.004507    0.024670
   -3    1    0    7    2   -0.005925    0.022819
   -3    1    0    8    2   -0.015660   -0.002618
   -3    1    0    9    2   -0.002328   -0.032092
   -3    1    0   10    2    0.014158   -0.016459
   -3    1    0   11    2   -0.024870   -0.001917
   -3    1    0    1    3    0.005026    0.006799
   -3    1    0    2    3   -0.001118   -0.006700
   -3    1    0    3    3    0.005005    0.000381
   -3    1    0    4    3   -0.004374    0.000469
   -3    1    0    5    3    0.024135    0.015884
   -3    1    0    6    3    0.013595   -0.039996
   -3    1    0    7    3    0.004172    0.037625
   -3    1    0    8    3   -0.005099    0.008036
   -3    1    0    9    3   -0.006389    0.019175
   -3    1    0   10    3    0.007065   -0.003555
   -3    1    0   11    3   -0.007686   -0.006613
   -3    1    0    1    4    0.011285   -0.014156
   -3    1    0    2    4    0.016943   -0.012215
   -3    1    0    3    4   -0.010114    0.015188
   -3    1    0    4    4    0.003455    0.004365
   -3    1    0    5    4   -0.014533    0.026180
   -3    1    0    6    4    0.013710   -0.020095
   -3    1    0    7    4   -0.021408   -0.010487
   -3    1    0    8    4   -0.003179   -0.005631
   -3    1    0    9    4   -0.016245    0.029357
   -3    1    0   10    4    0.020983    0.005218
   -3    1    0   11    4    0.014301    0.005085
   -3    1    0    1    5    0.019772   -0.004924
   -3    1    0    2    5    0.018306    0.012777
   -3    1    0    3    5   -0.015040    0.022322
   -3    1    0    4    5   -0.023976   -0.017115
   -3    1    0    5    5   -0.045242    0.019677
   -3    1    0    6    5   -0.030630    0.018708
   -3    1    0    7    5   -0.032791    0.045907
   -3    1    0    8    5   -0.029360    0.015054
   -3    1    0    9    5    0.011050   -0.010519
   -3    1    0   10    5    0.029913   -0.027996
   -3    1    0   11    5   -0.004165    0.030614
   -3    1    0    1    6    0.019589    0.006644
   -3    1    0    2    6   -0.029482    0.017659
   -3    1    0    3    6    0.014540   -0.008281
   -3    1    0    4    6    0.005473   -0.030853
   -3    1    0    5    6    0.032252    0.010725
   -3    1    0    6    6    0.023341   -0.013405
   -3    1    0    7    6    0.010229    0.015712
   -3    1    0    8    6    0.003889   -0.005873
   -3    1    0    9    6   -0.002732   -0.005934
   -3    1    0   10    6   -0.002340    0.005384
   -3    1    0   11    6    0.009292   -0.007726
   -3    1    0    1    7    0.013606   -0.020801
   -3    1    0    2    7   -0.015308    0.027706
   -3    1    0    3    7   -0.015166    0.007752
   -3    1    0    4    7    0.008290    0.005984
   -3    1    0    5    7   -0.030939    0.006545
   -3    1    0    6    7   -0.004603   -0.007376
   -3    1    0    7    7   -0.027346   -0.006208
   -3    1    0    8    7    0.011855   -0.005850
   -3    1    0    9    7    0.014996    0.002622
   -3    1    0   10    7    0.001523   -0.002070
   -3    1    0   11    7   -0.005373   -0.014604
   -3    1    0    1    8   -0.003427   -0.009572
   -3    1    0    2    8   -0.012209    0.006045
   -3    1    0    3    8    0.009308   -0.014341
   -3    1    0    4    8   -0.016048    0.020101
   -3    1    0    5    8   -0.023317    0.008660
   -3    1    0    6    8   -0.023224    0.011653
   -3    1    0    7    8   -0.004524    0.002855
   -3    1    0    8    8   -0.001025   -0.000239
   -3    1    0    9    8   -0.006903   -0.002476
   -3    1    0   10    8   -0.002783   -0.002592
   -3    1    0   11    8   -0.008500    0.020694
   -3    1    0    1    9    0.008710    0.019967
   -3    1    0    2    9   -0.000253   -0.005253
   -3    1    0    3    9   -0.009033   -0.025519
   -3    1    0    4    9   -0.021969   -0.015380
   -3    1    0    5    9    0.019050   -0.009101
   -3    1    0    6    9   -0.005677   -0.037278
   -3    1    0    7    9    0.028103   -0.005648
   -3    1    0    8    9    0.009633   -0.000491
   -3    1    0    9    9   -0.026566   -0.021389
   -3    1    0   10    9   -0.000286   -0.006370
   -3    1    0   11    9   -0.024671   -0.015061
   -3    1    0    1   10   -0.036852   -0.005110
   -3    1    0    2   10    0.004309   -0.021125
   -3    1    0    3   10    0.025635   -0.042056
   -3    1    0    4   10    0.018512   -0.024448
   -3    1    0    5   10    0.035943   -0.000640
   -3    1    0    6   10    0.026388    0.005373
   -3    1    0    7   10   -0.002512   -0.019098
   -3    1    0    8   10   -0.006092   -0.000590
   -3    1    0    9   10   -0.014871    0.031080
   -3    1    0   10   10    0.006642    0.000988
   -3    1    0   11   10    0.019631    0.014732
   -3    1    0    1   11   -0.012632   -0.005844
   -3    1    0    2   11   -0.012859    0.030137
   -3    1    0    3   11   -0.003548   -0.013964
   -3    1    0    4   11   -0.003948    0.059712
   -3    1    0    5   11    0.006714   -0.007496
   -3    1    0    6   11    0.042118   -0.007537
   -3    1    0    7   11   -0.005136    0.002462
   -3    1    0    8   11    0.003849   -0.005374
   -3    1    0    9   11    0.002367    0.029929
   -3    1    0   10   11    0.007292   -0.012915
   -3    1    0   11   11    0.043629    0.013335
   -3    2    0    1    1    0.002769   -0.004603
   -3    2    0    2    1    0.014479   -0.015594
   -3    2    0    3    1    0.017908    0.004180
   -3    2    0    4    1   -0.018688   -0.001571
   -3    2    0    5    1   -0.000711    0.010728
   -3    2    0    6    1   -0.038738    0.026135
   -3    2    0    7    1   -0.032886   -0.008003
   -3    2    0    8    1   -0.030072   -0.017679
   -3    2    0    9    1   -0.010552    0.008305
   -3    2    0   10    1    0.008597   -0.017898
   -3    2    0   11    1    0.010166   -0.007708
   -3    2    0    1    2   -0.003764   -0.007297
   -3    2    0    2    2    0.016644   -0.002245
   -3    2    0    3    2   -0.001821    0.014435
   -3    2    0    4    2   -0.014679    0.021988
   -3    2    0    5    2    0.011270   -0.003300
   -3    2    0    6    2    0.029460    0.008578
   -3    2    0    7    2   -0.003358    0.017640
   -3    2    0    8    2   -0.005904   -0.009205
   -3    2    0    9    2   -0.023722    0.008806
   -3    2    0   10    2    0.024785   -0.000965
   -3    2    0   11    2    0.018531   -0.009267
   -3    2    0    1    3   -0.000112    0.003188
   -3    2    0    2    3    0.004654    0.022061
   -3    2    0    3    3   -0.001206    0.007652
   -3    2    0    4    3   -0.002326   -0.002085
   -3    2    0    5    3    0.008028   -0.015882
   -3    2    0    6    3   -0.006280    0.001587
   -3    2    0    7    3    0.004453   -0.008312
   -3    2    0    8    3   -0.008196    0.011236
   -3    2    0    9    3   -0.012029    0.010391
   -3    2    0   10    3   -0.010631    0.014034
   -3    2    0   11    3    0.000899   -0.015573
   -3    2    0    1    4    0.013553    0.000945
   -3    2    0    2    4    0.004720   -0.007188
   -3    2    0    3    4    0.000332   -0.002748
   -3    2    0    4    4    0.012780   -0.012952
   -3    2    0    5    4    0.012346    0.028373
   -3    2    0    6    4   -0.009166   -0.042376
   -3    2    0    7    4   -0.015330    0.017233
   -3    2    0    8    4    0.003262   -0.000110
   -3    2    0    9    4    0.004012   -0.005218
   -3    2    0   10    4    0.011587   -0.013969
   -3    2    0   11    4   -0.004062   -0.027579
   -3    2    0    1    5    0.019778    0.004682
   -3    2    0    2    5    0.008077   -0.000939
   -3    2    0    3    5    0.006950    0.015387
   -3    2    0    4    5   -0.002213    0.028879
   -3    2    0    5    5   -0.021758   -0.004792
   -3    2    0    6    5   -0.016066    0.012245
   -3    2    0    7    5   -0.019413    0.019403
   -3    2    0    8    5    0.013714   -0.011864
   -3    2    0    9    5    0.023415    0.004169
   -3    2    0   10    5    0.029468    0.003799
   -3    2    0   11    5    0.014264    0.046211
   -3    2    0    1    6   -0.000947    0.004918
   -3    2    0    2    6   -0.019543    0.005031
   -3    2    0    3    6   -0.008833   -0.009862
   -3    2    0    4    6   -0.002710    0.000469
   -3    2    0    5    6    0.022352    0.002171
   -3    2    0    6    6   -0.009579    0.040705
   -3    2    0    7    6    0.002738    0.005419
   -3    2    0    8    6    0.001409    0.002142
   -3    2    0    9    6   -0.017246    0.002629
   -3    2    0   10    6   -0.008987    0.009684
   -3    2    0   11    6    0.010650    0.002335
   -3    2    0    1    7    0.017305    0.015798
   -3    2    0    2    7    0.006226    0.000569
   -3    2    0    3    7    0.016569   -0.007760
   -3    2    0    4    7    0.020052   -0.008563
   -3    2    0    5    7   -0.007262   -0.001525
   -3    2    0    6    7   -0.015604    0.028230
   -3    2    0    7    7   -0.007214    0.039298
   -3    2    0    8    7   -0.013850   -0.000641
   -3    2    0    9    7   -0.005823    0.004748
   -3    2    0   10    7   -0.000380   -0.000630
   -3    2    0   11    7    0.042805   -0.005954
   -3    2    0    1    8    0.005887    0.000677
   -3    2    0    2    8    0.000574    0.000848
   -3    2    0    3    8    0.014917   -0.007687
   -3    2    0    4    8   -0.030954    0.003715
   -3    2    0    5    8   -0.018970    0.037287
   -3    2    0    6    8    0.001573   -0.010537
   -3    2    0    7    8    0.008896   -0.010736
   -3    2    0    8    8   -0.002498   -0.000496
   -3    2    0    9    8   -0.001312   -0.004789
   -3    2    0   10    8   -0.001773   -0.001152
   -3    2    0   11    8   -0.010718    0.003145
   -3    2    0    1    9   -0.011056    0.014282
   -3    2    0    2    9    0.004837   -0.005890
   -3    2    0    3    9   -0.003466    0.001059
   -3    2    0    4    9   -0.000917   -0.019046
   -3    2    0    5    9   -0.009303    0.013725
   -3    2    0    6    9   -0.001752   -0.004156
   -3    2    0    7    9    0.006755   -0.009811
   -3    2    0    8    9    0.002009   -0.012281
   -3    2    0    9    9   -0.010194   -0.007824
   -3    2    0   10    9   -0.005589   -0.000941
   -3    2    0   11    9    0.011514    0.007520
   -3    2    0    1   10    0.007033   -0.007534
   -3    2    0    2   10    0.003019    0.004371
   -3    2    0    3   10   -0.002102    0.012859
   -3    2    0    4   10    0.014082   -0.002011
   -3    2    0    5   10    0.010729   -0.009101
   -3    2    0    6   10    0.001205    0.010101
   -3    2    0    7   10   -0.014103   -0.001210
   -3    2    0    8   10    0.001377   -0.000332
   -3    2    0    9   10    0.008432    0.014604
   -3    2    0   10   10    0.004752   -0.002163
   -3    2    0   11   10   -0.019258   -0.017696
   -3    2    0    1   11    0.002620   -0.018972
   -3    2    0    2   11   -0.023902    0.026184
   -3    2    0    3   11    0.013282   -0.014315
   -3    2    0    4   11    0.023564   -0.010490
   -3    2    0    5   11    0.003532   -0.010148
   -3    2    0    6   11   -0.010764   -0.028560
   -3    2    0    7   11    0.007172    0.015008
   -3    2    0    8   11   -0.027809    0.001695
   -3    2    0    9   11   -0.008962   -0.012542
   -3    2    0   10   11   -0.011644   -0.019804
   -3    2    0   11   11    0.016580   -0.052581
   -3    3    0    1    1    0.029592    0.010837
   -3    3    0    2    1    0.008841    0.004857
   -3    3    0    3    1   -0.005392    0.004066
   -3    3    0    4    1    0.017053   -0.017480
   -3    3    0    5    1   -0.006494    0.009057
   -3    3    0    6    1    0.022316    0.002682
   -3    3    0    7    1    0.015288   -0.032326
   -3    3    0    8    1   -0.003650   -0.009340
   -3    3    0    9    1   -0.000339   -0.004590
   -3    3    0   10    1    0.002562    0.011198
   -3    3    0   11    1    0.021147    0.018922
   -3    3    0    1    2    0.006689   -0.009215
   -3    3    0    2    2   -0.010073    0.019639
   -3    3    0    3    2   -0.016508    0.003203
   -3    3    0    4    2    0.004380    0.006933
   -3    3    0    5    2    0.008055    0.004180
   -3    3    0    6    2    0.016800   -0.002744
   -3    3    0    7    2    0.006100    0.006032
   -3    3    0    8    2    0.011868   -0.014700
   -3    3    0    9    2   -0.017314    0.006684
   -3    3    0   10    2   -0.010332    0.008671
   -3    3    0   11    2    0.032751    0.007121
   -3    3    0    1    3    0.003787   -0.010301
   -3    3    0    2    3    0.011090    0.019218
   -3    3    0    3    3   -0.013456    0.002391
   -3    3    0    4    3    0.016534    0.008771
   -3    3    0    5    3   -0.007242   -0.013286
   -3    3    0    6    3    0.009927    0.010423
   -3    3    0    7    3    0.016363    0.006472
   -3    3    0    8    3   -0.000443   -0.007228
   -3    3    0    9    3   -0.001454    0.002015
   -3    3    0   10    3   -0.004214    0.004788
   -3    3    0   11    3   -0.004606    0.001793
   -3    3    0    1    4   -0.011873    0.001893
   -3    3    0    2    4   -0.005970   -0.009442
   -3    3    0    3    4    0.012833   -0.006448
   -3    3    0    4    4    0.021555   -0.022200
   -3    3    0    5    4   -0.001728   -0.003358
   -3    3    0    6    4    0.004451   -0.013618
   -3    3    0    7    4    0.037168    0.000101
   -3    3    0    8    4   -0.022779    0.024920
   -3    3    0    9    4    0.010790    0.005174
   -3    3    0   10    4    0.009142   -0.003086
   -3    3    0   11    4    0.028635   -0.021475
   -3    3    0    1    5   -0.018552   -0.000950
   -3    3    0    2    5    0.004788   -0.001683
   -3    3    0    3    5    0.009518    0.005750
   -3    3    0    4    5    0.002848   -0.012591
   -3    3    0    5    5    0.009638    0.001430
   -3    3    0    6    5    0.007656    0.019122
   -3    3    0    7    5    0.011705   -0.032761
   -3    3    0    8    5    0.000518   -0.038326
   -3    3    0    9    5   -0.014292    0.000853
   -3    3    0   10    5   -0.015359    0.027021
   -3    3    0   11    5    0.014359   -0.015294
   -3    3    0    1    6   -0.008383   -0.009805
   -3    3    0    2    6    0.010918    0.005999
   -3    3    0    3    6   -0.010321   -0.013488
   -3    3    0    4    6   -0.019230   -0.000176
   -3    3    0    5    6   -0.009387    0.010209
   -3    3    0    6    6   -0.014677    0.008213
   -3    3    0    7    6    0.001790   -0.019163
   -3    3    0    8    6   -0.004330    0.005104
   -3    3    0    9    6   -0.012087   -0.008167
   -3    3    0   10    6   -0.000202    0.000343
   -3    3    0   11    6   -0.006144    0.004725
   -3    3    0    1    7   -0.031424    0.020872
   -3    3    0    2    7    0.016039   -0.021593
   -3    3    0    3    7    0.012341    0.001233
   -3    3    0    4    7   -0.005825   -0.008086
   -3    3    0    5    7    0.009224   -0.009963
   -3    3    0    6    7   -0.015990    0.003961
   -3    3    0    7    7    0.015207   -0.013848
   -3    3    0    8    7   -0.004429    0.014411
   -3    3    0    9    7    0.001672    0.009099
   -3    3    0   10    7   -0.004011   -0.001094
   -3    3    0   11    7   -0.030113    0.030954
   -3    3    0    1    8   -0.006620    0.011332
   -3    3    0    2    8   -0.002291   -0.003874
   -3    3    0    3    8   -0.010462   -0.014695
   -3    3    0    4    8   -0.021839   -0.006285
   -3    3    0    5    8    0.010259   -0.013011
   -3    3    0    6    8    0.005319   -0.011343
   -3    3    0    7    8    0.006131    0.002538
   -3    3    0    8    8   -0.001921   -0.000891
   -3    3    0    9    8   -0.007830    0.007086
   -3    3    0   10    8   -0.000255   -0.003151
   -3    3    0   11    8    0.013610   -0.013001
   -3    3    0    1    9   -0.002477   -0.010805
   -3    3    0    2    9   -0.001950   -0.004644
   -3    3    0    3    9   -0.014495    0.014036
   -3    3    0    4    9    0.002218   -0.000814
   -3    3    0    5    9   -0.002106   -0.008175
   -3    3    0    6    9   -0.002431    0.008476
   -3    3    0    7    9   -0.007148    0.014798
   -3    3    0    8    9   -0.007038    0.000774
   -3    3    0    9    9   -0.009764    0.005385
   -3    3    0   10    9   -0.002305   -0.006313
   -3    3    0   11    9    0.005873    0.002360
   -3    3    0    1   10    0.020283    0.005391
   -3    3    0    2   10   -0.000850   -0.001860
   -3    3    0    3   10   -0.028183   -0.002722
   -3    3    0    4   10    0.012966   -0.004156
   -3    3    0    5   10   -0.004583    0.006920
   -3    3    0    6   10   -0.007097    0.006326
   -3    3    0    7   10   -0.004376    0.016878
   -3    3    0    8   10    0.000135   -0.001668
   -3    3    0    9   10    0.004766   -0.005973
   -3    3    0   10   10    0.000350   -0.000198
   -3    3    0   11   10   -0.005498    0.010368
   -3    3    0    1   11    0.009721    0.025540
   -3    3    0    2   11    0.015140   -0.009936
   -3    3    0    3   11   -0.007877    0.008743
   -3    3    0    4   11    0.032517    0.000791
   -3    3    0    5   11    0.004709   -0.024437
   -3    3    0    6   11   -0.013307    0.008677
   -3    3    0    7   11    0.024903   -0.011623
   -3    3    0    8   11    0.001941    0.016684
   -3    3    0    9   11    0.007535    0.005733
   -3    3    0   10   11    0.001964    0.021786
   -3    3    0   11   11   -0.028281   -0.010760
   -3    4    0    1    1   -0.005543   -0.007328
   -3    4    0    2    1   -0.011878    0.009973
   -3    4    0    3    1   -0.013665   -0.012472
   -3    4    0    4    1    0.015126    0.006136
   -3    4    0    5    1    0.005532    0.001671
   -3    4    0    6    1    0.023751    0.011094
   -3    4    0    7    1    0.012071    0.020898
   -3    4    0    8    1    0.003503    0.026730
   -3    4    0    9    1    0.012185   -0.016172
   -3    4    0   10    1   -0.019044    0.014915
   -3    4    0   11    1   -0.013358    0.001012
   -3    4    0    1    2   -0.004584    0.009390
   -3    4    0    2    2   -0.011150   -0.002776
   -3    4    0    3    2   -0.009680   -0.014655
   -3    4    0    4    2    0.010281    0.001280
   -3    4    0    5    2   -0.006942    0.006416
   -3    4    0    6    2   -0.003987   -0.020724
   -3    4    0    7    2    0.025411   -0.010571
   -3    4    0    8    2    0.004379    0.020543
   -3    4    0    9    2    0.000635   -0.001879
   -3    4    0   10    2   -0.015528   -0.004403
   -3    4    0   11    2    0.001567    0.003344
   -3    4    0    1    3   -0.001774    0.000713
   -3    4    0    2    3    0.002162   -0.004171
   -3    4    0    3    3   -0.007054    0.001730
   -3    4    0    4    3    0.002317   -0.007903
   -3    4    0    5    3   -0.014283   -0.005591
   -3    4    0    6    3   -0.006172   -0.005671
   -3    4    0    7    3    0.013564   -0.004513
   -3    4    0    8    3    0.006604   -0.005240
   -3    4    0    9    3   -0.000571   -0.009990
   -3    4    0   10    3    0.008233    0.002994
   -3    4    0   11    3   -0.012091    0.027564
   -3    4    0    1    4   -0.010344   -0.020012
   -3    4    0    2    4    0.001127   -0.004871
   -3    4    0    3    4    0.004740   -0.008936
   -3    4    0    4    4    0.012141   -0.003178
   -3    4    0    5    4    0.003911   -0.003091
   -3    4    0    6    4   -0.012209    0.030806
   -3    4    0    7    4    0.023755    0.005197
   -3    4    0    8    4   -0.019209    0.006674
   -3    4    0    9    4   -0.003540    0.000039
   -3    4    0   10    4    0.009150    0.003803
   -3    4    0   11    4    0.021253   -0.016819
   -3    4    0    1    5   -0.008344   -0.005573
   -3    4    0    2    5   -0.013594   -0.002261
   -3    4    0    3    5    0.005960    0.003991
   -3    4    0    4    5   -0.004638   -0.017186
   -3    4    0    5    5    0.013904   -0.012709
   -3    4    0    6    5    0.004722   -0.010533
   -3    4    0    7    5    0.020654   -0.016841
   -3    4    0    8    5    0.003737    0.005122
   -3    4    0    9    5   -0.007106    0.008199
   -3    4    0   10    5   -0.026508   -0.015429
   -3    4    0   11    5    0.000709   -0.032274
   -3    4    0    1    6   -0.003742   -0.005882
   -3    4    0    2    6   -0.000161    0.017358
   -3    4    0    3    6    0.001803    0.000414
   -3    4    0    4    6   -0.017601    0.008918
   -3    4    0    5    6    0.004225   -0.011857
   -3    4    0    6    6    0.006562    0.007209
   -3    4    0    7    6    0.000053    0.003971
   -3    4    0    8    6   -0.002205   -0.005593
   -3    4    0    9    6    0.005709    0.004231
   -3    4    0   10    6    0.002558   -0.001380
   -3    4    0   11    6    0.015443   -0.019632
   -3    4    0    1    7    0.003474   -0.016066
   -3    4    0    2    7    0.000367   -0.020943
   -3    4    0    3    7   -0.011021   -0.000649
   -3    4    0    4    7    0.002769   -0.000972
   -3    4    0    5    7    0.009546   -0.010674
   -3    4    0    6    7    0.010030   -0.010564
   -3    4    0    7    7    0.015989   -0.039448
   -3    4    0    8    7    0.006746   -0.001775
   -3    4    0    9    7    0.006031   -0.002810
   -3    4    0   10    7    0.001688    0.006846
   -3    4    0   11    7   -0.023209   -0.011141
   -3    4    0    1    8   -0.003948   -0.007265
   -3    4    0    2    8   -0.000402   -0.000882
   -3    4    0    3    8   -0.014507   -0.003008
   -3    4    0    4    8   -0.006932   -0.003503
   -3    4    0    5    8    0.013462   -0.005440
   -3    4    0    6    8    0.002053   -0.001114
   -3    4    0    7    8   -0.007415    0.003359
   -3    4    0    8    8    0.001942   -0.000111
   -3    4    0    9    8    0.002167    0.004415
   -3    4    0   10    8   -0.001094   -0.002365
   -3    4    0   11    8    0.007442   -0.010435
   -3    4    0    1    9    0.014207   -0.016401
   -3    4    0    2    9    0.006276    0.013754
   -3    4    0    3    9   -0.024554    0.006901
   -3    4    0    4    9   -0.005130    0.001044
   -3    4    0    5    9   -0.015184   -0.001920
   -3    4    0    6    9   -0.006333    0.015580
   -3    4    0    7    9   -0.004757    0.007410
   -3    4    0    8    9   -0.002774    0.006301
   -3    4    0    9    9    0.000713    0.005815
   -3    4    0   10    9   -0.002487   -0.000899
   -3    4    0   11    9   -0.003245   -0.011659
   -3    4    0    1   10   -0.009327    0.003980
   -3    4    0    2   10    0.005815    0.012271
   -3    4    0    3   10   -0.020737    0.000159
   -3    4    0    4   10   -0.013096    0.007794
   -3    4    0    5   10    0.016699    0.030577
   -3    4    0    6   10   -0.012113    0.009141
   -3    4    0    7   10    0.002676    0.007438
   -3    4    0    8   10   -0.001460    0.001189
   -3    4    0    9   10   -0.000824   -0.003490
   -3    4    0   10   10   -0.000233   -0.002109
   -3    4    0   11   10    0.016134    0.011974
   -3    4    0    1   11   -0.009268    0.017709
   -3    4    0    2   11    0.002955   -0.025136
   -3    4    0    3   11   -0.008729    0.008781
   -3    4    0    4   11    0.041448    0.007537
   -3    4    0    5   11   -0.010710    0.011624
   -3    4    0    6   11    0.027322    0.004720
   -3    4    0    7   11    0.015342    0.001524
   -3    4    0    8   11    0.020533   -0.010227
   -3    4    0    9   11    0.007229    0.002882
   -3    4    0   10   11    0.004268    0.000705
   -3    4    0   11   11   -0.027620    0.052905
   -2   -7    0    1    1    0.015355   -0.026401
   -2   -7    0    2    1   -0.002226   -0.002536
   -2   -7    0    3    1   -0.012174    0.013906
   -2   -7    0    4    1    0.008169   -0.000145
   -2   -7    0    5    1   -0.016751    0.003823
   -2   -7    0    6    1    0.011376   -0.010080
   -2   -7    0    7    1   -0.005410    0.004922
   -2   -7    0    8    1    0.003338   -0.015017
   -2   -7    0    9    1    0.019127   -0.008329
   -2   -7    0   10    1   -0.014186   -0.001878
   -2   -7    0   11    1    0.012221    0.007229
   -2   -7    0    1    2   -0.000268   -0.010761
   -2   -7    0    2    2   -0.009864    0.009006
   -2   -7    0    3    2   -0.008706   -0.008639
   -2   -7    0    4    2    0.003874    0.008965
   -2   -7    0    5    2    0.007844    0.001488
   -2   -7    0    6    2    0.007948   -0.008836
   -2   -7    0    7    2    0.021154   -0.019824
   -2   -7    0    8    2    0.016713    0.006574
   -2   -7    0    9    2    0.000853   -0.004802
   -2   -7    0   10    2   -0.010390   -0.002372
   -2   -7    0   11    2    0.017659    0.035873
   -2   -7    0    1    3   -0.003462    0.010062
   -2   -7    0    2    3    0.005250    0.014394
   -2   -7    0    3    3   -0.011560    0.004297
   -2   -7    0    4    3    0.014151    0.015197
   -2   -7    0    5    3   -0.007610   -0.018609
   -2   -7    0    6    3   -0.007158    0.007490
   -2   -7    0    7    3   -0.005469    0.000443
   -2   -7    0    8    3    0.010378    0.003507
   -2   -7    0    9    3   -0.011313    0.006056
   -2   -7    0   10    3   -0.005905    0.011698
   -2   -7    0   11    3   -0.009735    0.008775
   -2   -7    0    1    4    0.007532    0.004137
   -2   -7    0    2    4   -0.006129    0.000210
   -2   -7    0    3    4    0.001979   -0.011090
   -2   -7    0    4    4    0.025738   -0.007592
   -2   -7    0    5    4   -0.003520   -0.001937
   -2   -7    0    6    4   -0.018166    0.014557
   -2   -7    0    7    4    0.016337   -0.000782
   -2   -7    0    8    4   -0.029580    0.018653
   -2   -7    0    9    4   -0.007955    0.015755
   -2   -7    0   10    4    0.021123    0.003309
   -2   -7    0   11    4    0.037810   -0.039821
   -2   -7    0    1    5   -0.007205   -0.027540
   -2   -7    0    2    5   -0.000364   -0.000068
   -2   -7    0    3    5    0.009678    0.014203
   -2   -7    0    4    5    0.002638   -0.011252
   -2   -7    0    5    5   -0.011570    0.016129
   -2   -7    0    6    5    0.007635   -0.014076
   -2   -7    0    7    5    0.007740   -0.012010
   -2   -7    0    8    5    0.005961   -0.018132
   -2   -7    0    9    5   -0.013177   -0.009473
   -2   -7    0   10    5    0.000083    0.007783
   -2   -7    0   11    5    0.033863   -0.008391
   -2   -7    0    1    6    0.027853   -0.001145
   -2   -7    0    2    6    0.014975    0.011170
   -2   -7    0    3    6   -0.001024   -0.016807
   -2   -7    0    4    6   -0.019816    0.009596
   -2   -7    0    5    6   -0.007937    0.009997
   -2   -7    0    6    6    0.004464    0.006359
   -2   -7    0    7    6    0.017337   -0.009329
   -2   -7    0    8    6   -0.000886    0.000510
   -2   -7    0    9    6   -0.004437   -0.005801
   -2   -7    0   10    6    0.002799   -0.001171
   -2   -7    0   11    6    0.030716   -0.004145
   -2   -7    0    1    7   -0.001760    0.018288
   -2   -7    0    2    7    0.022358   -0.015256
   -2   -7    0    3    7    0.004055   -0.008161
   -2   -7    0    4    7   -0.000684   -0.000785
   -2   -7    0    5    7    0.005582    0.009764
   -2   -7    0    6    7   -0.009296   -0.000126
   -2   -7    0    7    7    0.034622    0.006530
   -2   -7    0    8    7   -0.005465    0.003838
   -2   -7    0    9    7   -0.005713    0.007450
   -2   -7    0   10    7    0.005619   -0.005403
   -2   -7    0   11    7   -0.018335    0.012275
   -2   -7    0    1    8    0.006399   -0.012120
   -2   -7    0    2    8   -0.004311   -0.007562
   -2   -7    0    3    8    0.002394   -0.011996
   -2   -7    0    4    8   -0.029498   -0.007169
   -2   -7    0    5    8    0.011075   -0.007100
   -2   -7    0    6    8   -0.002459    0.003800
   -2   -7    0    7    8    0.014161   -0.001396
   -2   -7    0    8    8   -0.001950   -0.001249
   -2   -7    0    9    8   -0.009892   -0.003929
   -2   -7    0   10    8    0.000327    0.000745
   -2   -7    0   11    8    0.014777   -0.020126
   -2   -7    0    1    9    0.007791   -0.022575
   -2   -7    0    2    9   -0.003705    0.004519
   -2   -7    0    3    9   -0.015525    0.003814
   -2   -7    0    4    9   -0.005949   -0.011645
   -2   -7    0    5    9   -0.000188   -0.026316
   -2   -7    0    6    9    0.010026    0.017186
   -2   -7    0    7    9    0.007153    0.002249
   -2   -7    0    8    9   -0.005460    0.004297
   -2   -7    0    9    9   -0.008034   -0.002866
   -2   -7    0   10    9    0.004632    0.005261
   -2   -7    0   11    9    0.003043    0.000194
   -2   -7    0    1   10    0.011430    0.001882
   -2   -7    0    2   10   -0.011744    0.003343
   -2   -7    0    3   10   -0.020611   -0.004671
   -2   -7    0    4   10    0.012239    0.002933
   -2   -7    0    5   10   -0.005008   -0.003448
   -2   -7    0    6   10    0.002992    0.010292
   -2   -7    0    7   10    0.001883    0.002364
   -2   -7    0    8   10    0.003866   -0.002675
   -2   -7    0    9   10    0.002201   -0.003807
   -2   -7    0   10   10   -0.000986    0.000748
   -2   -7    0   11   10   -0.007476    0.001268
   -2   -7    0    1   11   -0.014938    0.002328
   -2   -7    0    2   11    0.015591   -0.015473
   -2   -7    0    3   11    0.001729    0.017085
   -2   -7    0    4   11    0.051996    0.011644
   -2   -7    0    5   11    0.007099   -0.014757
   -2   -7    0    6   11   -0.011598    0.009247
   -2   -7    0    7   11   -0.000688    0.021237
   -2   -7    0    8   11    0.006556    0.001962
   -2   -7    0    9   11   -0.002054   -0.003720
   -2   -7    0   10   11   -0.000453   -0.011644
   -2   -7    0   11   11   -0.035918   -0.004960
   -2   -6    0    1    1    0.013665   -0.005751
   -2   -6    0    2    1   -0.018126    0.020740
   -2   -6    0    3    1   -0.004069    0.002305
   -2   -6    0    4    1    0.003077   -0.006329
   -2   -6    0    5    1    0.011075    0.004472
   -2   -6    0    6    1    0.000970    0.000863
   -2   -6    0    7    1   -0.014609    0.001955
   -2   -6    0    8    1    0.012689   -0.004350
   -2   -6    0    9    1    0.021005    0.012168
   -2   -6    0   10    1    0.014333   -0.024869
   -2   -6    0   11    1   -0.017818    0.000027
   -2   -6    0    1    2    0.013588   -0.005472
   -2   -6    0    2    2   -0.020809   -0.004499
   -2   -6    0    3    2   -0.010848   -0.010002
   -2   -6    0    4    2    0.017332    0.008499
   -2   -6    0    5    2   -0.008000    0.003235
   -2   -6    0    6    2    0.004145   -0.010172
   -2   -6    0    7    2    0.018382    0.010136
   -2   -6    0    8    2   -0.000353    0.019295
   -2   -6    0    9    2    0.010707   -0.000136
   -2   -6    0   10    2   -0.001025   -0.014811
   -2   -6    0   11    2    0.001806    0.005054
   -2   -6    0    1    3   -0.004704   -0.000175
   -2   -6    0    2    3    0.010678   -0.015425
   -2   -6    0    3    3   -0.011871    0.009187
   -2   -6    0    4    3    0.014097   -0.006324
   -2   -6    0    5    3   -0.011340   -0.003656
   -2   -6    0    6    3    0.004685   -0.013162
   -2   -6    0    7    3    0.003092    0.002434
   -2   -6    0    8    3    0.010225    0.001033
   -2   -6    0    9    3    0.012563    0.008587
   -2   -6    0   10    3    0.012725    0.006892
   -2   -6    0   11    3   -0.003875    0.010988
   -2   -6    0    1    4   -0.002965   -0.012044
   -2   -6    0    2    4    0.010948   -0.015224
   -2   -6    0    3    4    0.006359   -0.013821
   -2   -6    0    4    4    0.015067   -0.007201
   -2   -6    0    5    4    0.008617   -0.001801
   -2   -6    0    6    4   -0.015481    0.031322
   -2   -6    0    7    4    0.008533    0.012220
   -2   -6    0    8    4   -0.021123    0.013550
   -2   -6    0    9    4    0.009174    0.014104
   -2   -6    0   10    4    0.024257    0.008350
   -2   -6    0   11    4    0.025910   -0.012547
   -2   -6    0    1    5   -0.019088   -0.023694
   -2   -6    0    2    5   -0.016157   -0.012111
   -2   -6    0    3    5    0.013541    0.005617
   -2   -6    0    4    5   -0.000134   -0.017691
   -2   -6    0    5    5    0.027974    0.016912
   -2   -6    0    6    5   -0.022058   -0.025491
   -2   -6    0    7    5    0.019737    0.014131
   -2   -6    0    8    5    0.000961    0.004780
   -2   -6    0    9    5   -0.013286   -0.004270
   -2   -6    0   10    5   -0.023614   -0.046383
   -2   -6    0   11    5    0.020934   -0.036329
   -2   -6    0    1    6   -0.005117    0.000708
   -2   -6    0    2    6   -0.003915    0.020649
   -2   -6    0    3    6    0.008771   -0.014253
   -2   -6    0    4    6   -0.018919    0.032452
   -2   -6    0    5    6   -0.007057   -0.009625
   -2   -6    0    6    6   -0.000182   -0.001704
   -2   -6    0    7    6   -0.009881   -0.003380
   -2   -6    0    8    6    0.006194    0.005182
   -2   -6    0    9    6   -0.002958   -0.005958
   -2   -6    0   10    6    0.002641   -0.004710
   -2   -6    0   11    6   -0.011245    0.020273
   -2   -6    0    1    7    0.018114   -0.012266
   -2   -6    0    2    7    0.012446   -0.024162
   -2   -6    0    3    7   -0.006566   -0.015470
   -2   -6    0    4    7    0.012457   -0.004072
   -2   -6    0    5    7    0.015996    0.009662
   -2   -6    0    6    7   -0.001476    0.000566
   -2   -6    0    7    7    0.020346   -0.033254
   -2   -6    0    8    7    0.008284   -0.000652
   -2   -6    0    9    7    0.009266    0.001195
   -2   -6    0   10    7   -0.002063   -0.002177
   -2   -6    0   11    7   -0.002113   -0.009357
   -2   -6    0    1    8   -0.010008    0.014243
   -2   -6    0    2    8    0.010575    0.004893
   -2   -6    0    3    8   -0.003517   -0.010150
   -2   -6    0    4    8   -0.014538    0.000439
   -2   -6    0    5    8    0.035270   -0.002970
   -2   -6    0    6    8   -0.006382    0.002442
   -2   -6    0    7    8   -0.005092   -0.002778
   -2   -6    0    8    8   -0.000401    0.000076
   -2   -6    0    9    8   -0.004268    0.004159
   -2   -6    0   10    8   -0.001687   -0.000468
   -2   -6    0   11    8    0.015528   -0.000694
   -2   -6    0    1    9    0.030534   -0.018992
   -2   -6    0    2    9   -0.006292    0.011938
   -2   -6    0    3    9   -0.029344    0.012719
   -2   -6    0    4    9   -0.014226    0.000741
   -2   -6    0    5    9   -0.006352   -0.025950
   -2   -6    0    6    9   -0.004946    0.007955
   -2   -6    0    7    9   -0.000532    0.008948
   -2   -6    0    8    9    0.005928    0.007064
   -2   -6    0    9    9   -0.000997    0.005821
   -2   -6    0   10    9    0.000127   -0.004544
   -2   -6    0   11    9    0.001128    0.001472
   -2   -6    0    1   10   -0.004998    0.026508
   -2   -6    0    2   10   -0.014003    0.003345
   -2   -6    0    3   10   -0.029544   -0.014651
   -2   -6    0    4   10   -0.010469   -0.003293
   -2   -6    0    5   10   -0.022359    0.028712
   -2   -6    0    6   10   -0.009789    0.002895
   -2   -6    0    7   10   -0.004533    0.007176
   -2   -6    0    8   10    0.005799   -0.001846
   -2   -6    0    9   10   -0.001790   -0.002988
   -2   -6    0   10   10   -0.000071   -0.001057
   -2   -6    0   11   10    0.025726    0.003922
   -2   -6    0    1   11    0.011020    0.009001
   -2   -6    0    2   11    0.038348   -0.036192
   -2   -6    0    3   11   -0.020007    0.015811
   -2   -6    0    4   11    0.056918    0.014952
   -2   -6    0    5   11   -0.011429   -0.002656
   -2   -6    0    6   11    0.019607   -0.012415
   -2   -6    0    7   11    0.001819   -0.007163
   -2   -6    0    8   11    0.027702   -0.002986
   -2   -6    0    9   11    0.012000    0.003450
   -2   -6    0   10   11   -0.009516    0.019964
   -2   -6    0   11   11   -0.041581    0.021470
   -2   -5    0    1    1   -0.049375    0.005560
   -2   -5    0    2    1   -0.012804    0.020543
   -2   -5    0    3    1    0.004016    0.003767
   -2   -5    0    4    1   -0.015300    0.026940
   -2   -5    0    5    1    0.003720   -0.009473
   -2   -5    0    6    1   -0.019116    0.002961
   -2   -5    0    7    1    0.001255    0.028211
   -2   -5    0    8    1    0.003314    0.006498
   -2   -5    0    9    1   -0.024304    0.006289
   -2   -5    0   10    1    0.001673    0.005270
   -2   -5    0   11    1   -0.022087   -0.016374
   -2   -5    0    1    2   -0.003199    0.008887
   -2   -5    0    2    2    0.016644   -0.022847
   -2   -5    0    3    2    0.013880    0.011341
   -2   -5    0    4    2    0.001613    0.028937
   -2   -5    0    5    2    0.000968   -0.020568
   -2   -5    0    6    2   -0.013245   -0.011836
   -2   -5    0    7    2   -0.005995   -0.004908
   -2   -5    0    8    2   -0.017041    0.003276
   -2   -5    0    9    2    0.019904    0.000455
   -2   -5    0   10    2    0.006292    0.010565
   -2   -5    0   11    2   -0.005331   -0.022454
   -2   -5    0    1    3   -0.009589    0.012537
   -2   -5    0    2    3   -0.004497   -0.022699
   -2   -5    0    3    3    0.002968    0.001319
   -2   -5    0    4    3   -0.010728   -0.008458
   -2   -5    0    5    3   -0.022216   -0.009823
   -2   -5    0    6    3   -0.004827    0.000103
   -2   -5    0    7    3    0.007182   -0.015407
   -2   -5    0    8    3    0.014302   -0.001988
   -2   -5    0    9    3    0.006629    0.016861
   -2   -5    0   10    3    0.017943    0.021098
   -2   -5    0   11    3    0.009279    0.012948
   -2   -5    0    1    4   -0.007303    0.001228
   -2   -5    0    2    4   -0.006501    0.019282
   -2   -5    0    3    4   -0.001452    0.001475
   -2   -5    0    4    4    0.002591   -0.008625
   -2   -5    0    5    4    0.012618   -0.014011
   -2   -5    0    6    4    0.001805    0.031087
   -2   -5    0    7    4    0.010366    0.002256
   -2   -5    0    8    4    0.006290    0.009288
   -2   -5    0    9    4    0.002961   -0.010721
   -2   -5    0   10    4    0.007653    0.004097
   -2   -5    0   11    4   -0.043497    0.001326
   -2   -5    0    1    5   -0.003278    0.002266
   -2   -5    0    2    5   -0.002356   -0.010038
   -2   -5    0    3    5    0.026241   -0.015056
   -2   -5    0    4    5    0.000047   -0.000550
   -2   -5    0    5    5    0.003816    0.014522
   -2   -5    0    6    5   -0.006473   -0.011201
   -2   -5    0    7    5    0.000897    0.020756
   -2   -5    0    8    5   -0.005742    0.037013
   -2   -5    0    9    5    0.015698   -0.023931
   -2   -5    0   10    5    0.018846   -0.016713
   -2   -5    0   11    5   -0.017571   -0.022062
   -2   -5    0    1    6   -0.009587   -0.019440
   -2   -5    0    2    6    0.042734   -0.006092
   -2   -5    0    3    6    0.021598   -0.002390
   -2   -5    0    4    6   -0.010107    0.045375
   -2   -5    0    5    6    0.001776   -0.026116
   -2   -5    0    6    6   -0.001689   -0.000403
   -2   -5    0    7    6   -0.007980   -0.008550
   -2   -5    0    8    6    0.004309    0.009030
   -2   -5    0    9    6    0.017594    0.015722
   -2   -5    0   10    6   -0.003376   -0.003895
   -2   -5    0   11    6   -0.031614   -0.009716
   -2   -5    0    1    7    0.033684   -0.038879
   -2   -5    0    2    7   -0.046479    0.007183
   -2   -5    0    3    7    0.001192   -0.011300
   -2   -5    0    4    7    0.004767   -0.015675
   -2   -5    0    5    7   -0.010627    0.021684
   -2   -5    0    6    7   -0.000127   -0.010850
   -2   -5    0    7    7   -0.028462   -0.001620
   -2   -5    0    8    7   -0.002628   -0.003570
   -2   -5    0    9    7   -0.010896   -0.003653
   -2   -5    0   10    7   -0.015880    0.006589
   -2   -5    0   11    7    0.044113   -0.018097
   -2   -5    0    1    8   -0.003187   -0.001494
   -2   -5    0    2    8    0.024084    0.017130
   -2   -5    0    3    8   -0.004181    0.000309
   -2   -5    0    4    8   -0.002457    0.024610
   -2   -5    0    5    8   -0.002024    0.021412
   -2   -5    0    6    8   -0.000462    0.007230
   -2   -5    0    7    8   -0.015020    0.008086
   -2   -5    0    8    8    0.001121    0.001515
   -2   -5    0    9    8    0.004120   -0.002818
   -2   -5    0   10    8    0.000557   -0.003275
   -2   -5    0   11    8   -0.036576    0.009901
   -2   -5    0    1    9   -0.031154    0.018501
   -2   -5    0    2    9   -0.028672    0.023962
   -2   -5    0    3    9   -0.039522    0.031470
   -2   -5    0    4    9   -0.009471    0.021593
   -2   -5    0    5    9   -0.032245   -0.001243
   -2   -5    0    6    9   -0.000557    0.017008
   -2   -5    0    7    9   -0.017374    0.003214
   -2   -5    0    8    9    0.021052    0.000657
   -2   -5    0    9    9   -0.001735    0.000509
   -2   -5    0   10    9    0.000693    0.000587
   -2   -5    0   11    9   -0.020333    0.012921
   -2   -5    0    1   10   -0.036243    0.001250
   -2   -5    0    2   10   -0.035906    0.019302
   -2   -5    0    3   10   -0.003444    0.001902
   -2   -5    0    4   10    0.004603    0.010910
   -2   -5    0    5   10   -0.005834   -0.012727
   -2   -5    0    6   10   -0.014887   -0.012146
   -2   -5    0    7   10   -0.005773   -0.002803
   -2   -5    0    8   10    0.001715   -0.001008
   -2   -5    0    9   10    0.007459    0.002157
   -2   -5    0   10   10    0.001194    0.000800
   -2   -5    0   11   10   -0.021133   -0.009904
   -2   -5    0    1   11    0.008823   -0.014246
   -2   -5    0    2   11   -0.005381   -0.036603
   -2   -5    0    3   11    0.012701    0.002742
   -2   -5    0    4   11    0.016495   -0.026049
   -2   -5    0    5   11   -0.030802    0.017498
   -2   -5    0    6   11    0.019369    0.004687
   -2   -5    0    7   11   -0.017772   -0.010983
   -2   -5    0    8   11   -0.007051   -0.007260
   -2   -5    0    9   11    0.009545    0.006659
   -2   -5    0   10   11   -0.009474   -0.005011
   -2   -5    0   11   11    0.054003    0.009272
   -2   -4    0    1    1   -0.001529   -0.000793
   -2   -4    0    2    1    0.036790   -0.002525
   -2   -4    0    3    1   -0.002382    0.031675
   -2   -4    0    4    1    0.017354    0.023072
   -2   -4    0    5    1    0.012482   -0.061271
   -2   -4    0    6    1   -0.017527   -0.005413
   -2   -4    0    7    1    0.016498   -0.007007
   -2   -4    0    8    1   -0.020780   -0.013424
   -2   -4    0    9    1   -0.018495   -0.007847
   -2   -4    0   10    1   -0.018065   -0.003858
   -2   -4    0   11    1    0.027766    0.023453
   -2   -4    0    1    2   -0.008289   -0.000181
   -2   -4    0    2    2    0.019925   -0.015083
   -2   -4    0    3    2   -0.005416    0.013290
   -2   -4    0    4    2    0.001596   -0.014595
   -2   -4    0    5    2    0.005722   -0.017565
   -2   -4    0    6    2    0.007607    0.024192
   -2   -4    0    7    2   -0.011499   -0.005886
   -2   -4    0    8    2   -0.017417    0.003408
   -2   -4    0    9    2   -0.005027    0.008349
   -2   -4    0   10    2    0.007697    0.001856
   -2   -4    0   11    2   -0.021174   -0.014914
   -2   -4    0    1    3    0.001924   -0.006602
   -2   -4    0    2    3   -0.004266   -0.020911
   -2   -4    0    3    3    0.017615    0.005406
   -2   -4    0    4    3    0.013052   -0.020886
   -2   -4    0    5    3    0.020171    0.020495
   -2   -4    0    6    3   -0.013209    0.002074
   -2   -4    0    7    3    0.025507   -0.021263
   -2   -4    0    8    3    0.024808   -0.044632
   -2   -4    0    9    3    0.032817    0.010662
   -2   -4    0   10    3    0.019056    0.001137
   -2   -4    0   11    3   -0.053939   -0.010950
   -2   -4    0    1    4   -0.001269    0.015798
   -2   -4    0    2    4   -0.002193    0.012953
   -2   -4    0    3    4   -0.001531    0.001522
   -2   -4    0    4    4   -0.033812   -0.012486
   -2   -4    0    5    4    0.002523    0.007004
   -2   -4    0    6    4    0.028961    0.024028
   -2   -4    0    7    4   -0.000215    0.007998
   -2   -4    0    8    4   -0.012652    0.035499
   -2   -4    0    9    4    0.022494   -0.022332
   -2   -4    0   10    4   -0.011901   -0.006645
   -2   -4    0   11    4   -0.083584    0.001899
   -2   -4    0    1    5   -0.005702    0.009271
   -2   -4    0    2    5    0.001077    0.007553
   -2   -4    0    3    5   -0.000378   -0.007314
   -2   -4    0    4    5   -0.027822    0.031419
   -2   -4    0    5    5   -0.016118    0.022549
   -2   -4    0    6    5   -0.016317    0.010235
   -2   -4    0    7    5   -0.016175    0.010737
   -2   -4    0    8    5   -0.047726    0.042595
   -2   -4    0    9    5   -0.017420   -0.012363
   -2   -4    0   10    5    0.000772    0.017430
   -2   -4    0   11    5   -0.014382    0.027259
   -2   -4    0    1    6    0.025386    0.009552
   -2   -4    0    2    6    0.000430   -0.040252
   -2   -4    0    3    6   -0.081245    0.014351
   -2   -4    0    4    6    0.054825    0.018018
   -2   -4    0    5    6    0.045798   -0.008598
   -2   -4    0    6    6   -0.019532   -0.005442
   -2   -4    0    7    6    0.024107    0.014176
   -2   -4    0    8    6   -0.017905    0.007367
   -2   -4    0    9    6   -0.007255   -0.003635
   -2   -4    0   10    6    0.001348   -0.011288
   -2   -4    0   11    6    0.017264   -0.001169
   -2   -4    0    1    7   -0.025021    0.015908
   -2   -4    0    2    7   -0.052086    0.069961
   -2   -4    0    3    7   -0.005008   -0.009008
   -2   -4    0    4    7   -0.062738    0.005113
   -2   -4    0    5    7   -0.051680    0.052557
   -2   -4    0    6    7    0.007032   -0.019108
   -2   -4    0    7    7   -0.012708    0.023462
   -2   -4    0    8    7   -0.004898    0.003508
   -2   -4    0    9    7   -0.000704    0.017500
   -2   -4    0   10    7    0.001477   -0.007576
   -2   -4    0   11    7   -0.022836   -0.032883
   -2   -4    0    1    8    0.006093    0.007422
   -2   -4    0    2    8   -0.004410    0.001439
   -2   -4    0    3    8   -0.023925   -0.001513
   -2   -4    0    4    8    0.027618    0.036984
   -2   -4    0    5    8   -0.011098   -0.008068
   -2   -4    0    6    8   -0.003746    0.008649
   -2   -4    0    7    8    0.001801    0.008882
   -2   -4    0    8    8    0.004983   -0.000247
   -2   -4    0    9    8   -0.000160   -0.003182
   -2   -4    0   10    8    0.002964    0.000642
   -2   -4    0   11    8   -0.004815    0.024808
   -2   -4    0    1    9   -0.052833    0.009011
   -2   -4    0    2    9   -0.016417   -0.011809
   -2   -4    0    3    9    0.016925    0.038079
   -2   -4    0    4    9    0.038256    0.050597
   -2   -4    0    5    9    0.035869   -0.015713
   -2   -4    0    6    9    0.013459   -0.016148
   -2   -4    0    7    9   -0.014039   -0.014687
   -2   -4    0    8    9    0.043443   -0.037153
   -2   -4    0    9    9    0.005205    0.011223
   -2   -4    0   10    9    0.009154   -0.014039
   -2   -4    0   11    9   -0.030275    0.034562
   -2   -4    0    1   10    0.067164   -0.027547
   -2   -4    0    2   10    0.010373   -0.032933
   -2   -4    0    3   10    0.021479    0.009155
   -2   -4    0    4   10   -0.022479   -0.007710
   -2   -4    0    5   10    0.161909   -0.115264
   -2   -4    0    6   10   -0.016980   -0.017117
   -2   -4    0    7   10    0.027910   -0.002849
   -2   -4    0    8   10   -0.030067    0.004379
   -2   -4    0    9   10   -0.019318   -0.001268
   -2   -4    0   10   10   -0.000635    0.000832
   -2   -4    0   11   10   -0.053520    0.013808
   -2   -4    0    1   11   -0.011589   -0.017338
   -2   -4    0    2   11   -0.024785    0.034701
   -2   -4    0    3   11    0.050142   -0.002425
   -2   -4    0    4   11   -0.031727   -0.068371
   -2   -4    0    5   11   -0.037947    0.007678
   -2   -4    0    6   11   -0.025791    0.017300
   -2   -4    0    7   11    0.018003   -0.003459
   -2   -4    0    8   11   -0.037802   -0.002847
   -2   -4    0    9   11   -0.016646    0.008184
   -2   -4    0   10   11    0.020844    0.001294
   -2   -4    0   11   11    0.043027   -0.029422
   -2   -3    0    1    1    0.061964    0.020360
   -2   -3    0    2    1    0.015738   -0.057714
   -2   -3    0    3    1   -0.018460    0.013767
   -2   -3    0    4    1    0.020829   -0.014999
   -2   -3    0    5    1    0.007098   -0.022854
   -2   -3    0    6    1    0.032300   -0.000849
   -2   -3    0    7    1    0.040819   -0.038058
   -2   -3    0    8    1    0.020303   -0.013136
   -2   -3    0    9    1    0.027175   -0.012011
   -2   -3    0   10    1    0.006892    0.006172
   -2   -3    0   11    1    0.023903    0.034945
   -2   -3    0    1    2   -0.007027    0.007737
   -2   -3    0    2    2    0.016193    0.007870
   -2   -3    0    3    2   -0.004550    0.033430
   -2   -3    0    4    2   -0.007891    0.001702
   -2   -3    0    5    2    0.009220    0.025163
   -2   -3    0    6    2   -0.039845    0.001770
   -2   -3    0    7    2   -0.031093    0.012545
   -2   -3    0    8    2    0.040535   -0.064277
   -2   -3    0    9    2    0.009355   -0.010308
   -2   -3    0   10    2    0.008637   -0.013250
   -2   -3    0   11    2   -0.003912   -0.009118
   -2   -3    0    1    3    0.024827   -0.004624
   -2   -3    0    2    3   -0.023055    0.033893
   -2   -3    0    3    3    0.064776    0.004457
   -2   -3    0    4    3   -0.058522   -0.027400
   -2   -3    0    5    3    0.020639   -0.041046
   -2   -3    0    6    3   -0.052945    0.008112
   -2   -3    0    7    3    0.021319   -0.019282
   -2   -3    0    8    3   -0.063178    0.037254
   -2   -3    0    9    3   -0.037187   -0.019631
   -2   -3    0   10    3   -0.002540   -0.007249
   -2   -3    0   11    3   -0.008234    0.010777
   -2   -3    0    1    4   -0.027092    0.002114
   -2   -3    0    2    4    0.021545    0.001201
   -2   -3    0    3    4   -0.046467    0.018140
   -2   -3    0    4    4   -0.025683   -0.013336
   -2   -3    0    5    4   -0.030356    0.025773
   -2   -3    0    6    4    0.027254   -0.011807
   -2   -3    0    7    4    0.030897    0.028821
   -2   -3    0    8    4    0.106621   -0.017356
   -2   -3    0    9    4   -0.027326   -0.070123
   -2   -3    0   10    4   -0.058074   -0.024871
   -2   -3    0   11    4   -0.049569   -0.005164
   -2   -3    0    1    5    0.021357   -0.005995
   -2   -3    0    2    5   -0.003798    0.025556
   -2   -3    0    3    5    0.001636    0.012942
   -2   -3    0    4    5    0.015969    0.017747
   -2   -3    0    5    5   -0.010664   -0.003057
   -2   -3    0    6    5   -0.004366   -0.001249
   -2   -3    0    7    5   -0.025483   -0.006602
   -2   -3    0    8    5    0.032032   -0.047070
   -2   -3    0    9    5    0.029830   -0.027073
   -2   -3    0   10    5    0.002407   -0.016321
   -2   -3    0   11    5    0.046525    0.018502
   -2   -3    0    1    6   -0.014636   -0.008981
   -2   -3    0    2    6    0.012405   -0.053349
   -2   -3    0    3    6   -0.035995   -0.003715
   -2   -3    0    4    6    0.054707    0.008543
   -2   -3    0    5    6   -0.111025   -0.003631
   -2   -3    0    6    6    0.012738   -0.011386
   -2   -3    0    7    6    0.007413    0.020059
   -2   -3    0    8    6    0.032047   -0.009298
   -2   -3    0    9    6   -0.001181    0.021179
   -2   -3    0   10    6   -0.011072    0.011305
   -2   -3    0   11    6    0.035501    0.073101
   -2   -3    0    1    7   -0.073079    0.012158
   -2   -3    0    2    7    0.003441   -0.036937
   -2   -3    0    3    7   -0.024128   -0.012519
   -2   -3    0    4    7    0.044805   -0.007327
   -2   -3    0    5    7    0.060611    0.036603
   -2   -3    0    6    7    0.003177   -0.029497
   -2   -3    0    7    7    0.056067    0.021597
   -2   -3    0    8    7   -0.012372    0.010749
   -2   -3    0    9    7    0.036950   -0.039035
   -2   -3    0   10    7    0.028424   -0.000043
   -2   -3    0   11    7   -0.070522    0.083492
   -2   -3    0    1    8   -0.014270    0.004502
   -2   -3    0    2    8   -0.064963   -0.044820
   -2   -3    0    3    8   -0.041439    0.002696
   -2   -3    0    4    8    0.053863    0.046894
   -2   -3    0    5    8   -0.011974   -0.023094
   -2   -3    0    6    8    0.002168    0.004842
   -2   -3    0    7    8    0.010126   -0.018726
   -2   -3    0    8    8   -0.008027   -0.002955
   -2   -3    0    9    8   -0.014208    0.004631
   -2   -3    0   10    8   -0.001616    0.000501
   -2   -3    0   11    8    0.045010   -0.008763
   -2   -3    0    1    9    0.009548   -0.032066
   -2   -3    0    2    9    0.113716   -0.053861
   -2   -3    0    3    9    0.098764    0.001967
   -2   -3    0    4    9    0.011762   -0.007918
   -2   -3    0    5    9    0.043625   -0.016663
   -2   -3    0    6    9   -0.019935   -0.024141
   -2   -3    0    7    9    0.030080   -0.035143
   -2   -3    0    8    9   -0.053303   -0.032742
   -2   -3    0    9    9   -0.026318   -0.017605
   -2   -3    0   10    9   -0.023334    0.003403
   -2   -3    0   11    9   -0.027065    0.053917
   -2   -3    0    1   10    0.115256    0.008964
   -2   -3    0    2   10    0.219150   -0.003880
   -2   -3    0    3   10    0.031900    0.020881
   -2   -3    0    4   10   -0.165020    0.005662
   -2   -3    0    5   10   -0.346236   -0.051518
   -2   -3    0    6   10    0.013447   -0.003179
   -2   -3    0    7   10    0.066413   -0.024245
   -2   -3    0    8   10   -0.092190    0.051476
   -2   -3    0    9   10   -0.042585    0.022680
   -2   -3    0   10   10   -0.016204   -0.013308
   -2   -3    0   11   10    0.113015   -0.001740
   -2   -3    0    1   11   -0.006267    0.024709
   -2   -3    0    2   11   -0.077221    0.091442
   -2   -3    0    3   11   -0.026518   -0.012611
   -2   -3    0    4   11   -0.044739   -0.041533
   -2   -3    0    5   11    0.095301    0.047887
   -2   -3    0    6   11   -0.006187   -0.025030
   -2   -3    0    7   11    0.026007    0.039873
   -2   -3    0    8   11   -0.011995    0.022022
   -2   -3    0    9   11    0.044580   -0.010964
   -2   -3    0   10   11    0.013570    0.009704
   -2   -3    0   11   11   -0.116206    0.007363
   -2   -2    0    1    1   -0.024681   -0.020678
   -2   -2    0    2    1   -0.018315   -0.006653
   -2   -2    0    3    1    0.068697    0.022633
   -2   -2    0    4    1    0.064360   -0.004790
   -2   -2    0    5    1    0.006750    0.025912
   -2   -2    0    6    1    0.045094    0.020977
   -2   -2    0    7    1   -0.048220    0.004506
   -2   -2    0    8    1   -0.040205    0.036580
   -2   -2    0    9    1   -0.032041    0.012464
   -2   -2    0   10    1   -0.016023    0.018318
   -2   -2    0   11    1   -0.031679   -0.115236
   -2   -2    0    1    2   -0.018998    0.023645
   -2   -2    0    2    2    0.012373    0.014263
   -2   -2    0    3    2    0.005466    0.006301
   -2   -2    0    4    2    0.008492   -0.024223
   -2   -2    0    5    2   -0.039713   -0.048703
   -2   -2    0    6    2    0.055654   -0.023712
   -2   -2    0    7    2    0.052303   -0.001247
   -2   -2    0    8    2   -0.050103    0.022624
   -2   -2    0    9    2   -0.063011    0.009772
   -2   -2    0   10    2   -0.036364    0.031381
   -2   -2    0   11    2    0.006325    0.011594
   -2   -2    0    1    3    0.011854    0.010370
   -2   -2    0    2    3    0.261328    0.058738
   -2   -2    0    3    3    0.032928   -0.019759
   -2   -2    0    4    3    0.002178    0.028453
   -2   -2    0    5    3   -0.088120    0.014803
   -2   -2    0    6    3   -0.015959    0.051113
   -2   -2    0    7    3    0.044081    0.070388
   -2   -2    0    8    3   -0.012826    0.017503
   -2   -2    0    9    3    0.069364   -0.045470
   -2   -2    0   10    3    0.061429   -0.037513
   -2   -2    0   11    3    0.072007   -0.080473
   -2   -2    0    1    4    0.049254   -0.029403
   -2   -2    0    2    4   -0.017965    0.029087
   -2   -2    0    3    4    0.055833    0.035839
   -2   -2    0    4    4    0.039898   -0.039248
   -2   -2    0    5    4    0.098748   -0.002292
   -2   -2    0    6    4    0.092286   -0.008764
   -2   -2    0    7    4   -0.072170   -0.028221
   -2   -2    0    8    4    0.035240   -0.015497
   -2   -2    0    9    4   -0.007562    0.039083
   -2   -2    0   10    4    0.058108   -0.036043
   -2   -2    0   11    4   -0.011792   -0.050774
   -2   -2    0    1    5   -0.020677    0.033710
   -2   -2    0    2    5    0.005481    0.026868
   -2   -2    0    3    5    0.005881   -0.009514
   -2   -2    0    4    5    0.023775   -0.040756
   -2   -2    0    5    5    0.065433   -0.034640
   -2   -2    0    6    5    0.038738    0.083014
   -2   -2    0    7    5    0.023149   -0.008731
   -2   -2    0    8    5   -0.031778    0.076968
   -2   -2    0    9    5   -0.041415    0.037829
   -2   -2    0   10    5   -0.057152    0.040682
   -2   -2    0   11    5   -0.032656   -0.048987
   -2   -2    0    1    6   -0.035805   -0.007837
   -2   -2    0    2    6   -0.086894    0.045880
   -2   -2    0    3    6    0.029072    0.087020
   -2   -2    0    4    6   -0.071022   -0.056433
   -2   -2    0    5    6    0.049477   -0.059515
   -2   -2    0    6    6    0.118481    0.019536
   -2   -2    0    7    6   -0.095770   -0.117261
   -2   -2    0    8    6    0.054886   -0.048055
   -2   -2    0    9    6   -0.015510    0.052589
   -2   -2    0   10    6   -0.009151    0.019057
   -2   -2    0   11    6    0.074475    0.000808
   -2   -2    0    1    7    0.044624    0.009701
   -2   -2    0    2    7    0.053800    0.029077
   -2   -2    0    3    7   -0.002134    0.040011
   -2   -2    0    4    7   -0.002225    0.024753
   -2   -2    0    5    7    0.032509   -0.102463
   -2   -2    0    6    7   -0.016367    0.077345
   -2   -2    0    7    7   -0.049714    0.029856
   -2   -2    0    8    7    0.038536    0.051630
   -2   -2    0    9    7   -0.035040   -0.031120
   -2   -2    0   10    7   -0.010186    0.032809
   -2   -2    0   11    7    0.200872    0.036233
   -2   -2    0    1    8    0.012535   -0.034094
   -2   -2    0    2    8    0.071870   -0.046524
   -2   -2    0    3    8    0.057747    0.004334
   -2   -2    0    4    8   -0.052531    0.026268
   -2   -2    0    5    8   -0.050310    0.002126
   -2   -2    0    6    8    0.011458   -0.017955
   -2   -2    0    7    8    0.027465   -0.029804
   -2   -2    0    8    8    0.089673   -0.000054
   -2   -2    0    9    8   -0.021639    0.023890
   -2   -2    0   10    8   -0.001770    0.010063
   -2   -2    0   11    8   -0.048055   -0.003286
   -2   -2    0    1    9    0.002812    0.013440
   -2   -2    0    2    9    0.146471   -0.057520
   -2   -2    0    3    9    0.073544   -0.023767
   -2   -2    0    4    9   -0.152748    0.056495
   -2   -2    0    5    9   -0.118781    0.092582
   -2   -2    0    6    9    0.032140    0.003248
   -2   -2    0    7    9    0.091633    0.031506
   -2   -2    0    8    9   -0.007764    0.134123
   -2   -2    0    9    9   -0.094707   -0.033188
   -2   -2    0   10    9    0.027200    0.023055
   -2   -2    0   11    9    0.079241   -0.049746
   -2   -2    0    1   10   -0.122622   -0.085927
   -2   -2    0    2   10   -0.248756    0.092149
   -2   -2    0    3   10   -0.115509    0.038390
   -2   -2    0    4   10    0.107178    0.027102
   -2   -2    0    5   10    0.115192    0.154506
   -2   -2    0    6   10   -0.019814    0.017895
   -2   -2    0    7   10   -0.266949    0.019075
   -2   -2    0    8   10    0.139824    0.045792
   -2   -2    0    9   10    0.159280    0.034941
   -2   -2    0   10   10   -0.031760   -0.002493
   -2   -2    0   11   10    0.102965   -0.081460
   -2   -2    0    1   11    0.018785    0.023573
   -2   -2    0    2   11    0.050763    0.073227
   -2   -2    0    3   11   -0.002275   -0.034436
   -2   -2    0    4   11   -0.012488   -0.062444
   -2   -2    0    5   11   -0.003999   -0.052805
   -2   -2    0    6   11    0.000870    0.028246
   -2   -2    0    7   11   -0.030441    0.008424
   -2   -2    0    8   11    0.087207    0.000164
   -2   -2    0    9   11    0.017791   -0.016282
   -2   -2    0   10   11   -0.032630   -0.004458
   -2   -2    0   11   11    0.018756    0.086404
   -2   -1    0    1    1   -0.028268   -0.011171
   -2   -1    0    2    1    0.085196   -0.010658
   -2   -1    0    3    1    0.048196   -0.029614
   -2   -1    0    4    1   -0.062620   -0.010424
   -2   -1    0    5    1   -0.129123    0.041611
   -2   -1    0    6    1   -0.106972   -0.007250
   -2   -1    0    7    1   -0.124786    0.087008
   -2   -1    0    8    1    0.009521    0.013878
   -2   -1    0    9    1   -0.029704   -0.035633
   -2   -1    0   10    1   -0.006904   -0.024522
   -2   -1    0   11    1   -0.061456   -0.127751
   -2   -1    0    1    2    0.045722   -0.035074
   -2   -1    0    2    2   -0.073564    0.025564
   -2   -1    0    3    2    0.028090    0.008680
   -2   -1    0    4    2    0.012608    0.020648
   -2   -1    0    5    2   -0.034312    0.022468
   -2   -1    0    6    2   -0.015351    0.052498
   -2   -1    0    7    2   -0.085812    0.025774
   -2   -1    0    8    2    0.069491    0.023707
   -2   -1    0    9    2    0.020896   -0.033774
   -2   -1    0   10    2    0.041727   -0.009993
   -2   -1    0   11    2    0.060875   -0.005493
   -2   -1    0    1    3    0.011849    0.005000
   -2   -1    0    2    3    0.031772    0.044039
   -2   -1    0    3    3   -0.112874    0.028964
   -2   -1    0    4    3    0.035018    0.001798
   -2   -1    0    5    3   -0.040105   -0.003588
   -2   -1    0    6    3    0.257119    0.041508
   -2   -1    0    7    3   -0.065898   -0.074344
   -2   -1    0    8    3    0.063633   -0.017892
   -2   -1    0    9    3   -0.200287   -0.017183
   -2   -1    0   10    3   -0.079215    0.015248
   -2   -1    0   11    3    0.049145    0.018446
   -2   -1    0    1    4   -0.023391    0.001168
   -2   -1    0    2    4    0.066280    0.048579
   -2   -1    0    3    4    0.050012   -0.060434
   -2   -1    0    4    4   -0.020847    0.040867
   -2   -1    0    5    4   -0.016008    0.018764
   -2   -1    0    6    4   -0.275176    0.025211
   -2   -1    0    7    4   -0.011374   -0.001412
   -2   -1    0    8    4   -0.254877    0.109295
   -2   -1    0    9    4   -0.097239    0.020062
   -2   -1    0   10    4   -0.075427   -0.001864
   -2   -1    0   11    4    0.121810   -0.026954
   -2   -1    0    1    5   -0.000012    0.001433
   -2   -1    0    2    5   -0.030315   -0.044340
   -2   -1    0    3    5   -0.007956   -0.039158
   -2   -1    0    4    5    0.062214    0.034711
   -2   -1    0    5    5    0.136514   -0.038119
   -2   -1    0    6    5   -0.062894    0.050524
   -2   -1    0    7    5   -0.036838   -0.044028
   -2   -1    0    8    5    0.163901   -0.050331
   -2   -1    0    9    5   -0.037978    0.012601
   -2   -1    0   10    5    0.020471    0.074677
   -2   -1    0   11    5    0.021362   -0.099930
   -2   -1    0    1    6    0.008634    0.023505
   -2   -1    0    2    6    0.078768   -0.050703
   -2   -1    0    3    6    0.057359    0.050270
   -2   -1    0    4    6    0.008081    0.017720
   -2   -1    0    5    6   -0.084725    0.026828
   -2   -1    0    6    6    0.011045   -0.023611
   -2   -1    0    7    6   -0.134265   -0.082252
   -2   -1    0    8    6   -0.012181    0.024452
   -2   -1    0    9    6    0.037266    0.079875
   -2   -1    0   10    6   -0.008373   -0.003493
   -2   -1    0   11    6   -0.085068   -0.022518
   -2   -1    0    1    7    0.006216   -0.012359
   -2   -1    0    2    7   -0.150687   -0.017299
   -2   -1    0    3    7   -0.065041   -0.042161
   -2   -1    0    4    7    0.049080    0.044076
   -2   -1    0    5    7    0.078928    0.030050
   -2   -1    0    6    7    0.044711    0.004984
   -2   -1    0    7    7    0.013143   -0.023918
   -2   -1    0    8    7    0.114349   -0.024882
   -2   -1    0    9    7    0.065796    0.041665
   -2   -1    0   10    7    0.037055    0.006579
   -2   -1    0   11    7   -0.024862    0.026247
   -2   -1    0    1    8   -0.012116   -0.014974
   -2   -1    0    2    8    0.023966    0.004457
   -2   -1    0    3    8   -0.001292    0.001682
   -2   -1    0    4    8   -0.024214   -0.054272
   -2   -1    0    5    8    0.098765   -0.030816
   -2   -1    0    6    8    0.058393    0.011142
   -2   -1    0    7    8    0.049957    0.010251
   -2   -1    0    8    8   -0.033449   -0.009373
   -2   -1    0    9    8   -0.046979    0.047199
   -2   -1    0   10    8    0.000549    0.011985
   -2   -1    0   11    8   -0.018336   -0.005238
   -2   -1    0    1    9   -0.050514   -0.016930
   -2   -1    0    2    9   -0.000279    0.025543
   -2   -1    0    3    9   -0.024910   -0.009873
   -2   -1    0    4    9    0.085303   -0.053769
   -2   -1    0    5    9    0.041068   -0.016867
   -2   -1    0    6    9    0.132982    0.000293
   -2   -1    0    7    9    0.077365   -0.031386
   -2   -1    0    8    9    0.092565    0.004102
   -2   -1    0    9    9   -0.018018    0.062266
   -2   -1    0   10    9    0.020108   -0.019304
   -2   -1    0   11    9   -0.051923    0.001304
   -2   -1    0    1   10   -0.001167   -0.069216
   -2   -1    0    2   10   -0.067100   -0.029988
   -2   -1    0    3   10    0.191054    0.070996
   -2   -1    0    4   10    0.031075    0.074738
   -2   -1    0    5   10   -0.205481   -0.042165
   -2   -1    0    6   10    0.107572   -0.011691
   -2   -1    0    7   10   -0.150069   -0.052308
   -2   -1    0    8   10   -0.246049    0.120552
   -2   -1    0    9   10   -0.466877   -0.025062
   -2   -1    0   10   10   -0.073399    0.001788
   -2   -1    0   11   10    0.010035    0.098187
   -2   -1    0    1   11    0.009982    0.002293
   -2   -1    0    2   11    0.150845   -0.073376
   -2   -1    0    3   11    0.029621   -0.021686
   -2   -1    0    4   11    0.001186    0.044600
   -2   -1    0    5   11   -0.049466    0.046016
   -2   -1    0    6   11   -0.009792    0.048785
   -2   -1    0    7   11    0.039248    0.012363
   -2   -1    0    8   11   -0.061739   -0.005658
   -2   -1    0    9   11   -0.011284   -0.053298
   -2   -1    0   10   11    0.028824   -0.001111
   -2   -1    0   11   11    0.162401   -0.053257
   -2    0    0    1    1    0.026440    0.045285
   -2    0    0    2    1   -0.020711    0.054891
   -2    0    0    3    1   -0.034782    0.010284
   -2    0    0    4    1    0.055916    0.008803
   -2    0    0    5    1    0.074218   -0.068502
   -2    0    0    6    1   -0.138061    0.048827
   -2    0    0    7    1    0.011823   -0.094520
   -2    0    0    8    1    0.035225   -0.063961
   -2    0    0    9    1   -0.078764   -0.039005
   -2    0    0   10    1    0.002890    0.001484
   -2    0    0   11    1    0.026487   -0.001610
   -2    0    0    1    2    0.007721   -0.014797
   -2    0    0    2    2    0.067219   -0.025197
   -2    0    0    3    2    0.035024    0.005080
   -2    0    0    4    2   -0.014909   -0.032955
   -2    0    0    5    2    0.000040   -0.022680
   -2    0    0    6    2    0.033737    0.012582
   -2    0    0    7    2    0.013993    0.022229
   -2    0    0    8    2   -0.053728    0.004654
   -2    0    0    9    2    0.065457    0.014544
   -2    0    0   10    2   -0.040710   -0.005461
   -2    0    0   11    2   -0.104731    0.065666
   -2    0    0    1    3    0.018185   -0.011098
   -2    0    0    2    3   -0.077182   -0.030830
   -2    0    0    3    3   -0.024353    0.011614
   -2    0    0    4    3   -0.012514   -0.031773
   -2    0    0    5    3    0.041873    0.004614
   -2    0    0    6    3   -0.030756    0.021741
   -2    0    0    7    3    0.018655    0.006180
   -2    0    0    8    3    0.025502   -0.081137
   -2    0    0    9    3    0.050874   -0.041840
   -2    0    0   10    3    0.018132   -0.018688
   -2    0    0   11    3    0.015926   -0.009829
   -2    0    0    1    4    0.031571    0.048322
   -2    0    0    2    4   -0.017288    0.060761
   -2    0    0    3    4   -0.067826   -0.011423
   -2    0    0    4    4    0.042930    0.046678
   -2    0    0    5    4    0.020171   -0.056097
   -2    0    0    6    4    0.014925   -0.048503
   -2    0    0    7    4    0.016413    0.023131
   -2    0    0    8    4   -0.007239   -0.023498
   -2    0    0    9    4    0.090108   -0.024278
   -2    0    0   10    4    0.037576    0.034530
   -2    0    0   11    4    0.016237    0.051628
   -2    0    0    1    5   -0.044042   -0.005822
   -2    0    0    2    5   -0.017346    0.048818
   -2    0    0    3    5   -0.043614    0.024518
   -2    0    0    4    5    0.012830   -0.094107
   -2    0    0    5    5    0.054669   -0.026757
   -2    0    0    6    5    0.106104   -0.091964
   -2    0    0    7    5    0.078773   -0.000846
   -2    0    0    8    5   -0.121412    0.030714
   -2    0    0    9    5   -0.022340   -0.028172
   -2    0    0   10    5   -0.036309   -0.065344
   -2    0    0   11    5    0.009263    0.048822
   -2    0    0    1    6    0.002017   -0.007736
   -2    0    0    2    6   -0.024645   -0.048348
   -2    0    0    3    6   -0.025091   -0.018498
   -2    0    0    4    6    0.010377    0.043310
   -2    0    0    5    6    0.000935   -0.004838
   -2    0    0    6    6   -0.138009   -0.070303
   -2    0    0    7    6   -0.084458   -0.075983
   -2    0    0    8    6    0.015977    0.008068
   -2    0    0    9    6    0.055371    0.044173
   -2    0    0   10    6    0.009818   -0.012586
   -2    0    0   11    6   -0.059501    0.016296
   -2    0    0    1    7   -0.040457    0.017127
   -2    0    0    2    7   -0.019038   -0.022488
   -2    0    0    3    7    0.010061    0.026403
   -2    0    0    4    7    0.034858    0.032094
   -2    0    0    5    7   -0.055553    0.059447
   -2    0    0    6    7   -0.195233    0.003832
   -2    0    0    7    7   -0.149468   -0.031771
   -2    0    0    8    7    0.035183   -0.006243
   -2    0    0    9    7    0.055252   -0.052539
   -2    0    0   10    7   -0.025030   -0.015152
   -2    0    0   11    7    0.024915    0.008804
   -2    0    0    1    8   -0.011336    0.030291
   -2    0    0    2    8    0.038699    0.046644
   -2    0    0    3    8   -0.015848    0.009711
   -2    0    0    4    8    0.022794   -0.095836
   -2    0    0    5    8    0.011848   -0.014853
   -2    0    0    6    8    0.052916    0.015676
   -2    0    0    7    8    0.069747    0.055896
   -2    0    0    8    8    0.048241    0.004242
   -2    0    0    9    8    0.050519    0.009133
   -2    0    0   10    8    0.014600    0.023356
   -2    0    0   11    8   -0.008531   -0.003284
   -2    0    0    1    9   -0.040780   -0.023032
   -2    0    0    2    9   -0.049095    0.126863
   -2    0    0    3    9   -0.035110    0.090306
   -2    0    0    4    9   -0.033495    0.023092
   -2    0    0    5    9    0.043324   -0.033065
   -2    0    0    6    9   -0.005812   -0.011397
   -2    0    0    7    9   -0.046120    0.008875
   -2    0    0    8    9    0.062743   -0.084928
   -2    0    0    9    9    0.030968    0.018981
   -2    0    0   10    9    0.004535   -0.019305
   -2    0    0   11    9   -0.001297    0.097154
   -2    0    0    1   10    0.081945    0.034655
   -2    0    0    2   10    0.054470   -0.073244
   -2    0    0    3   10   -0.111539   -0.084215
   -2    0    0    4   10   -0.116455    0.060181
   -2    0    0    5   10   -0.050046   -0.037228
   -2    0    0    6   10    0.064937   -0.218860
   -2    0    0    7   10    0.122951   -0.153510
   -2    0    0    8   10   -0.144345    0.075588
   -2    0    0    9   10    0.247151    0.110320
   -2    0    0   10   10    0.200314    0.004857
   -2    0    0   11   10   -0.002544    0.026379
   -2    0    0    1   11    0.034838    0.003006
   -2    0    0    2   11    0.136547   -0.041096
   -2    0    0    3   11    0.058452    0.019677
   -2    0    0    4   11   -0.057598    0.090658
   -2    0    0    5   11   -0.035345    0.039740
   -2    0    0    6   11    0.050453   -0.175034
   -2    0    0    7   11    0.155508   -0.040917
   -2    0    0    8   11   -0.041547    0.049237
   -2    0    0    9   11   -0.029767   -0.085775
   -2    0    0   10   11    0.037186   -0.036202
   -2    0    0   11   11    0.017720    0.022371
   -2    1    0    1    1    0.001500    0.008211
   -2    1    0    2    1   -0.007154    0.039614
   -2    1    0    3    1    0.016168    0.005854
   -2    1    0    4    1    0.007390    0.020436
   -2    1    0    5    1    0.012804   -0.041117
   -2    1    0    6    1   -0.049007    0.034203
   -2    1    0    7    1    0.029740    0.027469
   -2    1    0    8    1   -0.030122   -0.048392
   -2    1    0    9    1   -0.035748   -0.012780
   -2    1    0   10    1   -0.031862    0.013340
   -2    1    0   11    1   -0.015974    0.015549
   -2    1    0    1    2   -0.014160    0.041741
   -2    1    0    2    2    0.050740    0.015627
   -2    1    0    3    2    0.039338    0.007940
   -2    1    0    4    2   -0.026471   -0.022710
   -2    1    0    5    2   -0.002794   -0.018355
   -2    1    0    6    2   -0.076474    0.106126
   -2    1    0    7    2   -0.081192    0.021773
   -2    1    0    8    2   -0.039368   -0.027781
   -2    1    0    9    2    0.056382   -0.022902
   -2    1    0   10    2    0.045625    0.015845
   -2    1    0   11    2   -0.028769    0.028036
   -2    1    0    1    3    0.007947    0.001595
   -2    1    0    2    3   -0.014653   -0.023188
   -2    1    0    3    3    0.033891   -0.018918
   -2    1    0    4    3   -0.019747    0.001834
   -2    1    0    5    3    0.021026    0.006149
   -2    1    0    6    3   -0.096408   -0.060080
   -2    1    0    7    3    0.001813    0.087781
   -2    1    0    8    3   -0.011738   -0.014101
   -2    1    0    9    3    0.050103   -0.002031
   -2    1    0   10    3    0.018745   -0.021321
   -2    1    0   11    3   -0.019258   -0.001866
   -2    1    0    1    4    0.027357   -0.011580
   -2    1    0    2    4    0.008193    0.009903
   -2    1    0    3    4   -0.005754    0.044675
   -2    1    0    4    4   -0.018487    0.034692
   -2    1    0    5    4   -0.039334    0.009651
   -2    1    0    6    4    0.057104   -0.025645
   -2    1    0    7    4   -0.081181    0.055213
   -2    1    0    8    4    0.027112   -0.046571
   -2    1    0    9    4    0.003048   -0.053224
   -2    1    0   10    4   -0.008598    0.001586
   -2    1    0   11    4   -0.062621    0.051774
   -2    1    0    1    5    0.016564    0.035460
   -2    1    0    2    5    0.017123    0.022021
   -2    1    0    3    5    0.000794    0.013105
   -2    1    0    4    5   -0.037156   -0.030676
   -2    1    0    5    5   -0.049916    0.039806
   -2    1    0    6    5   -0.008232    0.070678
   -2    1    0    7    5   -0.071046    0.045903
   -2    1    0    8    5   -0.065440    0.016538
   -2    1    0    9    5   -0.000750    0.010626
   -2    1    0   10    5    0.054854    0.015666
   -2    1    0   11    5    0.010507    0.008275
   -2    1    0    1    6    0.002304   -0.049097
   -2    1    0    2    6   -0.023037   -0.014820
   -2    1    0    3    6    0.002339   -0.013764
   -2    1    0    4    6    0.005386   -0.043304
   -2    1    0    5    6    0.013443    0.006672
   -2    1    0    6    6   -0.047981   -0.073914
   -2    1    0    7    6    0.031192   -0.002155
   -2    1    0    8    6   -0.011986   -0.009223
   -2    1    0    9    6    0.027670   -0.001232
   -2    1    0   10    6    0.000898    0.000724
   -2    1    0   11    6   -0.007363   -0.007333
   -2    1    0    1    7   -0.008271   -0.032514
   -2    1    0    2    7    0.000307    0.005192
   -2    1    0    3    7    0.012872    0.011790
   -2    1    0    4    7    0.028088   -0.015556
   -2    1    0    5    7   -0.039871    0.012131
   -2    1    0    6    7   -0.056722   -0.027662
   -2    1    0    7    7    0.050786    0.033915
   -2    1    0    8    7   -0.028597    0.008964
   -2    1    0    9    7   -0.080528    0.018187
   -2    1    0   10    7   -0.033700    0.019943
   -2    1    0   11    7    0.006932   -0.044135
   -2    1    0    1    8   -0.009769   -0.011240
   -2    1    0    2    8   -0.028003   -0.001835
   -2    1    0    3    8    0.018864   -0.030446
   -2    1    0    4    8    0.036741    0.016554
   -2    1    0    5    8   -0.053377   -0.006021
   -2    1    0    6    8    0.024289    0.077774
   -2    1    0    7    8   -0.006826    0.021952
   -2    1    0    8    8    0.009693   -0.001337
   -2    1    0    9    8   -0.031924    0.006160
   -2    1    0   10    8   -0.006943    0.006322
   -2    1    0   11    8    0.020055    0.016981
   -2    1    0    1    9   -0.013405    0.012576
   -2    1    0    2    9   -0.003468    0.000217
   -2    1    0    3    9    0.018453   -0.008182
   -2    1    0    4    9   -0.015711    0.065413
   -2    1    0    5    9    0.007743    0.005634
   -2    1    0    6    9   -0.050702   -0.044180
   -2    1    0    7    9    0.042491    0.023189
   -2    1    0    8    9   -0.007351   -0.001939
   -2    1    0    9    9    0.013932   -0.081315
   -2    1    0   10    9    0.003467   -0.023828
   -2    1    0   11    9    0.004120   -0.006600
   -2    1    0    1   10   -0.002121    0.029118
   -2    1    0    2   10    0.036217   -0.028194
   -2    1    0    3   10   -0.006348   -0.073735
   -2    1    0    4   10   -0.049603   -0.035617
   -2    1    0    5   10    0.052794   -0.003211
   -2    1    0    6   10    0.106278   -0.076276
   -2    1    0    7   10   -0.105219   -0.036276
   -2    1    0    8   10    0.000587    0.012300
   -2    1    0    9   10   -0.002214   -0.007440
   -2    1    0   10   10    0.010238   -0.000609
   -2    1    0   11   10   -0.018275   -0.054645
   -2    1    0    1   11   -0.022291    0.003467
   -2    1    0    2   11   -0.076343    0.071306
   -2    1    0    3   11   -0.049234    0.004561
   -2    1    0    4   11   -0.046900    0.046794
   -2    1    0    5   11    0.039079   -0.038732
   -2    1    0    6   11    0.115628    0.035682
   -2    1    0    7   11   -0.011969    0.062415
   -2    1    0    8   11    0.026461   -0.038669
   -2    1    0    9   11   -0.027130    0.005712
   -2    1    0   10   11    0.025690   -0.015741
   -2    1    0   11   11   -0.045762    0.043842
   -2    2    0    1    1   -0.008345   -0.013693
   -2    2    0    2    1    0.017002   -0.014354
   -2    2    0    3    1    0.007462   -0.022436
   -2    2    0    4    1   -0.025742    0.000187
   -2    2    0    5    1    0.023441    0.010589
   -2    2    0    6    1    0.009038    0.070436
   -2    2    0    7    1   -0.012921    0.026842
   -2    2    0    8    1   -0.036424    0.021564
   -2    2    0    9    1    0.030795    0.015805
   -2    2    0   10    1   -0.015698   -0.027712
   -2    2    0   11    1   -0.009509    0.002775
   -2    2    0    1    2   -0.013151    0.010518
   -2    2    0    2    2    0.015996    0.004720
   -2    2    0    3    2    0.024759    0.006211
   -2    2    0    4    2   -0.020317    0.007166
   -2    2    0    5    2    0.000207    0.012566
   -2    2    0    6    2    0.034471    0.026773
   -2    2    0    7    2    0.002289    0.028085
   -2    2    0    8    2    0.004492   -0.013576
   -2    2    0    9    2   -0.015350   -0.000804
   -2    2    0   10    2    0.021284    0.016328
   -2    2    0   11    2    0.019946   -0.001844
   -2    2    0    1    3   -0.021116   -0.009997
   -2    2    0    2    3    0.004165    0.006515
   -2    2    0    3    3    0.010374   -0.002757
   -2    2    0    4    3   -0.003884   -0.006316
   -2    2    0    5    3    0.014993    0.007533
   -2    2    0    6    3   -0.046498   -0.004888
   -2    2    0    7    3    0.017064   -0.011677
   -2    2    0    8    3   -0.005489    0.015602
   -2    2    0    9    3   -0.015330   -0.010693
   -2    2    0   10    3   -0.012080    0.011878
   -2    2    0   11    3   -0.023250   -0.016676
   -2    2    0    1    4   -0.002847   -0.040768
   -2    2    0    2    4   -0.002401   -0.011333
   -2    2    0    3    4    0.004164    0.009741
   -2    2    0    4    4   -0.013903    0.017661
   -2    2    0    5    4    0.010286    0.026598
   -2    2    0    6    4   -0.070205   -0.062708
   -2    2    0    7    4   -0.012094    0.020831
   -2    2    0    8    4    0.029289   -0.041540
   -2    2    0    9    4   -0.016642   -0.036722
   -2    2    0   10    4   -0.023265   -0.020920
   -2    2    0   11    4   -0.002592    0.021286
   -2    2    0    1    5    0.044643    0.042958
   -2    2    0    2    5   -0.003882    0.011999
   -2    2    0    3    5   -0.012769   -0.012182
   -2    2    0    4    5    0.002204    0.036330
   -2    2    0    5    5    0.006181   -0.022754
   -2    2    0    6    5    0.013723    0.062784
   -2    2    0    7    5   -0.050481    0.000086
   -2    2    0    8    5    0.017657    0.003227
   -2    2    0    9    5    0.030918    0.023267
   -2    2    0   10    5   -0.000871    0.019577
   -2    2    0   11    5   -0.002412    0.007002
   -2    2    0    1    6   -0.004189    0.000345
   -2    2    0    2    6   -0.003662    0.015645
   -2    2    0    3    6   -0.005895    0.007856
   -2    2    0    4    6   -0.001383   -0.031628
   -2    2    0    5    6    0.010007   -0.016209
   -2    2    0    6    6   -0.010304    0.022821
   -2    2    0    7    6    0.008794    0.030033
   -2    2    0    8    6   -0.000276   -0.004783
   -2    2    0    9    6    0.003791    0.025136
   -2    2    0   10    6   -0.003435    0.022057
   -2    2    0   11    6   -0.006369   -0.003515
   -2    2    0    1    7    0.008454   -0.007433
   -2    2    0    2    7    0.003113    0.002226
   -2    2    0    3    7   -0.002099   -0.006740
   -2    2    0    4    7    0.010036   -0.008759
   -2    2    0    5    7    0.008238    0.008137
   -2    2    0    6    7    0.015208    0.031900
   -2    2    0    7    7    0.051206    0.009871
   -2    2    0    8    7   -0.006319   -0.001597
   -2    2    0    9    7   -0.011908    0.030539
   -2    2    0   10    7   -0.014543    0.005378
   -2    2    0   11    7   -0.007461   -0.009588
   -2    2    0    1    8    0.018870    0.004322
   -2    2    0    2    8   -0.003264    0.001023
   -2    2    0    3    8    0.021251   -0.002336
   -2    2    0    4    8    0.011486    0.010899
   -2    2    0    5    8   -0.034240    0.018626
   -2    2    0    6    8    0.002155    0.012964
   -2    2    0    7    8    0.001829    0.005685
   -2    2    0    8    8    0.001956    0.000271
   -2    2    0    9    8    0.019145    0.004564
   -2    2    0   10    8    0.006479    0.002894
   -2    2    0   11    8    0.000998   -0.009975
   -2    2    0    1    9    0.003427    0.014704
   -2    2    0    2    9   -0.001158   -0.020677
   -2    2    0    3    9    0.004035   -0.029911
   -2    2    0    4    9    0.012097   -0.007396
   -2    2    0    5    9   -0.007483    0.012076
   -2    2    0    6    9   -0.047565   -0.008504
   -2    2    0    7    9    0.021088   -0.018455
   -2    2    0    8    9    0.004173   -0.003376
   -2    2    0    9    9   -0.023665   -0.020749
   -2    2    0   10    9   -0.000776    0.001912
   -2    2    0   11    9   -0.001028   -0.008953
   -2    2    0    1   10    0.004652   -0.036821
   -2    2    0    2   10    0.011501    0.005556
   -2    2    0    3   10    0.019148   -0.005749
   -2    2    0    4   10   -0.011230   -0.026333
   -2    2    0    5   10    0.025845   -0.002053
   -2    2    0    6   10    0.043417   -0.022329
   -2    2    0    7   10    0.012203    0.014139
   -2    2    0    8   10    0.000967    0.003337
   -2    2    0    9   10   -0.013531    0.017043
   -2    2    0   10   10   -0.005217   -0.002297
   -2    2    0   11   10   -0.002205   -0.006985
   -2    2    0    1   11    0.002148   -0.026507
   -2    2    0    2   11   -0.042310    0.013131
   -2    2    0    3   11   -0.034640   -0.018467
   -2    2    0    4   11   -0.029834    0.005037
   -2    2    0    5   11    0.005418    0.008913
   -2    2    0    6   11    0.012784   -0.040956
   -2    2    0    7   11   -0.000232    0.036986
   -2    2    0    8   11    0.008080   -0.021852
   -2    2    0    9   11    0.038612   -0.023979
   -2    2    0   10   11    0.010033   -0.019292
   -2    2    0   11   11   -0.017858    0.006906
   -2    3    0    1    1    0.018113    0.017348
   -2    3    0    2    1    0.023946   -0.013650
   -2    3    0    3    1   -0.009913   -0.013419
   -2    3    0    4    1   -0.009601   -0.007832
   -2    3    0    5    1    0.007505    0.012342
   -2    3    0    6    1    0.005637    0.011367
   -2    3    0    7    1   -0.015372   -0.042811
   -2    3    0    8    1    0.004415    0.032585
   -2    3    0    9    1   -0.006045   -0.000476
   -2    3    0   10    1    0.025680   -0.006349
   -2    3    0   11    1    0.005166   -0.009618
   -2    3    0    1    2    0.009607   -0.014382
   -2    3    0    2    2   -0.013418    0.021377
   -2    3    0    3    2   -0.004653   -0.002157
   -2    3    0    4    2   -0.006930   -0.000109
   -2    3    0    5    2   -0.001496    0.004805
   -2    3    0    6    2    0.026378    0.039967
   -2    3    0    7    2   -0.002092    0.023350
   -2    3    0    8    2    0.006239    0.000646
   -2    3    0    9    2   -0.013209    0.002934
   -2    3    0   10    2   -0.001482   -0.003678
   -2    3    0   11    2    0.005082   -0.019375
   -2    3    0    1    3   -0.007968   -0.010687
   -2    3    0    2    3    0.007553    0.022339
   -2    3    0    3    3   -0.013998   -0.004694
   -2    3    0    4    3    0.010653    0.011156
   -2    3    0    5    3   -0.001010    0.000030
   -2    3    0    6    3    0.020607    0.021392
   -2    3    0    7    3    0.022135   -0.008212
   -2    3    0    8    3   -0.012942    0.007887
   -2    3    0    9    3   -0.026128    0.001323
   -2    3    0   10    3   -0.024759    0.008383
   -2    3    0   11    3    0.007691   -0.023432
   -2    3    0    1    4   -0.006764   -0.002858
   -2    3    0    2    4    0.003931   -0.003873
   -2    3    0    3    4    0.012460    0.004528
   -2    3    0    4    4    0.009686   -0.015474
   -2    3    0    5    4   -0.002251    0.010374
   -2    3    0    6    4   -0.029983   -0.053932
   -2    3    0    7    4    0.025832   -0.023463
   -2    3    0    8    4   -0.013755    0.010990
   -2    3    0    9    4   -0.004947   -0.006345
   -2    3    0   10    4   -0.012765   -0.003605
   -2    3    0   11    4    0.044205   -0.007042
   -2    3    0    1    5    0.015189    0.014908
   -2    3    0    2    5    0.007788    0.001620
   -2    3    0    3    5   -0.008616    0.008462
   -2    3    0    4    5    0.003102   -0.009917
   -2    3    0    5    5    0.009877   -0.026563
   -2    3    0    6    5    0.011581    0.044404
   -2    3    0    7    5   -0.003156   -0.009918
   -2    3    0    8    5    0.013440   -0.026488
   -2    3    0    9    5    0.009986   -0.002782
   -2    3    0   10    5   -0.019277    0.015657
   -2    3    0   11    5   -0.033102    0.011197
   -2    3    0    1    6   -0.023414    0.032764
   -2    3    0    2    6   -0.015644    0.008112
   -2    3    0    3    6   -0.002650    0.011944
   -2    3    0    4    6   -0.015947   -0.024374
   -2    3    0    5    6    0.001052    0.006490
   -2    3    0    6    6    0.001746    0.022473
   -2    3    0    7    6   -0.023216    0.009183
   -2    3    0    8    6   -0.001564    0.005343
   -2    3    0    9    6   -0.003871   -0.003983
   -2    3    0   10    6   -0.000148    0.008889
   -2    3    0   11    6   -0.016292    0.016918
   -2    3    0    1    7   -0.005784    0.017557
   -2    3    0    2    7   -0.003411   -0.000725
   -2    3    0    3    7    0.019771    0.010768
   -2    3    0    4    7   -0.006370   -0.001117
   -2    3    0    5    7    0.015454   -0.024428
   -2    3    0    6    7   -0.006437    0.005102
   -2    3    0    7    7   -0.044270   -0.022198
   -2    3    0    8    7    0.013148    0.001081
   -2    3    0    9    7    0.017646   -0.004249
   -2    3    0   10    7   -0.005603   -0.007596
   -2    3    0   11    7    0.007950   -0.000197
   -2    3    0    1    8    0.003875    0.018063
   -2    3    0    2    8    0.002272   -0.004370
   -2    3    0    3    8   -0.000899   -0.000381
   -2    3    0    4    8   -0.027411   -0.006149
   -2    3    0    5    8    0.008954   -0.005050
   -2    3    0    6    8   -0.013522   -0.013561
   -2    3    0    7    8   -0.017111    0.007167
   -2    3    0    8    8    0.002787    0.001237
   -2    3    0    9    8    0.006782   -0.002184
   -2    3    0   10    8    0.004870    0.000102
   -2    3    0   11    8   -0.016340    0.016247
   -2    3    0    1    9    0.006387    0.011740
   -2    3    0    2    9    0.007404   -0.009641
   -2    3    0    3    9   -0.000210   -0.005312
   -2    3    0    4    9    0.006770   -0.017303
   -2    3    0    5    9    0.007249    0.016699
   -2    3    0    6    9    0.018478    0.006840
   -2    3    0    7    9   -0.009666    0.006639
   -2    3    0    8    9   -0.006466    0.003948
   -2    3    0    9    9   -0.003287    0.007415
   -2    3    0   10    9    0.002008    0.001094
   -2    3    0   11    9    0.006127    0.003259
   -2    3    0    1   10    0.000059   -0.014860
   -2    3    0    2   10    0.007493   -0.003793
   -2    3    0    3   10    0.003564    0.001927
   -2    3    0    4   10    0.030655   -0.017048
   -2    3    0    5   10   -0.000490    0.019907
   -2    3    0    6   10    0.026816   -0.002382
   -2    3    0    7   10    0.015584    0.000271
   -2    3    0    8   10   -0.002632    0.000604
   -2    3    0    9   10   -0.002146   -0.000083
   -2    3    0   10   10   -0.004650   -0.000351
   -2    3    0   11   10    0.004872    0.011427
   -2    3    0    1   11    0.018258   -0.002271
   -2    3    0    2   11    0.003937    0.007598
   -2    3    0    3   11   -0.004980   -0.012340
   -2    3    0    4   11    0.008533    0.007827
   -2    3    0    5   11    0.000859   -0.005569
   -2    3    0    6   11   -0.026538   -0.037504
   -2    3    0    7   11    0.021465   -0.075976
   -2    3    0    8   11    0.001935    0.010925
   -2    3    0    9   11   -0.020406   -0.030134
   -2    3    0   10   11    0.003097    0.022186
   -2    3    0   11   11    0.038490   -0.000572
   -2    4    0    1    1   -0.006812    0.013598
   -2    4    0    2    1    0.007749   -0.010552
   -2    4    0    3    1   -0.016721   -0.001062
   -2    4    0    4    1    0.005472    0.000185
   -2    4    0    5    1   -0.028708    0.006673
   -2    4    0    6    1    0.012444   -0.024409
   -2    4    0    7    1    0.012536   -0.001544
   -2    4    0    8    1    0.012058    0.004789
   -2    4    0    9    1   -0.032112   -0.001589
   -2    4    0   10    1    0.005811    0.036858
   -2    4    0   11    1    0.004897   -0.002299
   -2    4    0    1    2    0.003371    0.003350
   -2    4    0    2    2   -0.006313    0.003690
   -2    4    0    3    2   -0.017977   -0.021676
   -2    4    0    4    2   -0.013991   -0.004964
   -2    4    0    5    2    0.005919    0.000038
   -2    4    0    6    2    0.006702   -0.003892
   -2    4    0    7    2   -0.005946   -0.000812
   -2    4    0    8    2   -0.004293    0.000628
   -2    4    0    9    2   -0.003606    0.009120
   -2    4    0   10    2   -0.001532    0.003813
   -2    4    0   11    2   -0.005101    0.009433
   -2    4    0    1    3    0.005758    0.004915
   -2    4    0    2    3    0.007405    0.012633
   -2    4    0    3    3   -0.013521    0.003744
   -2    4    0    4    3    0.011397    0.002122
   -2    4    0    5    3    0.004382   -0.011275
   -2    4    0    6    3    0.001110    0.008480
   -2    4    0    7    3    0.011167   -0.003698
   -2    4    0    8    3   -0.004337    0.012688
   -2    4    0    9    3   -0.026625    0.000030
   -2    4    0   10    3   -0.008472    0.003777
   -2    4    0   11    3    0.003479   -0.001637
   -2    4    0    1    4   -0.006983    0.003587
   -2    4    0    2    4   -0.000071   -0.007043
   -2    4    0    3    4    0.005253   -0.012446
   -2    4    0    4    4    0.021550   -0.007025
   -2    4    0    5    4    0.002866    0.014935
   -2    4    0    6    4   -0.019954   -0.002275
   -2    4    0    7    4    0.004272   -0.013873
   -2    4    0    8    4   -0.021862    0.015733
   -2    4    0    9    4   -0.008058    0.013145
   -2    4    0   10    4    0.012688   -0.001216
   -2    4    0   11    4    0.032035   -0.045529
   -2    4    0    1    5    0.008847   -0.001774
   -2    4    0    2    5    0.008749   -0.003924
   -2    4    0    3    5   -0.008815    0.033126
   -2    4    0    4    5   -0.012311   -0.005359
   -2    4    0    5    5   -0.009076   -0.028137
   -2    4    0    6    5    0.021465   -0.020926
   -2    4    0    7    5    0.011268   -0.012763
   -2    4    0    8    5    0.006908   -0.003910
   -2    4    0    9    5    0.011750    0.018158
   -2    4    0   10    5    0.015520    0.017237
   -2    4    0   11    5    0.000009    0.032720
   -2    4    0    1    6   -0.001970   -0.000710
   -2    4    0    2    6   -0.012805   -0.011540
   -2    4    0    3    6    0.001549    0.005231
   -2    4    0    4    6   -0.035649   -0.007697
   -2    4    0    5    6    0.007629    0.010611
   -2    4    0    6    6    0.012330    0.014841
   -2    4    0    7    6    0.007145   -0.008820
   -2    4    0    8    6   -0.007140    0.000844
   -2    4    0    9    6   -0.013770   -0.002507
   -2    4    0   10    6    0.003067    0.000910
   -2    4    0   11    6    0.004664   -0.018630
   -2    4    0    1    7   -0.010623    0.007471
   -2    4    0    2    7    0.003252    0.002196
   -2    4    0    3    7    0.014628    0.002730
   -2    4    0    4    7    0.015265    0.000223
   -2    4    0    5    7   -0.009216   -0.028538
   -2    4    0    6    7   -0.010830    0.008641
   -2    4    0    7    7   -0.036578    0.019370
   -2    4    0    8    7   -0.002791   -0.004800
   -2    4    0    9    7    0.007902   -0.006088
   -2    4    0   10    7    0.010564    0.005837
   -2    4    0   11    7    0.002467    0.018271
   -2    4    0    1    8   -0.004098   -0.021295
   -2    4    0    2    8   -0.006984   -0.000283
   -2    4    0    3    8   -0.008050   -0.000593
   -2    4    0    4    8   -0.036467   -0.014717
   -2    4    0    5    8   -0.005763    0.012911
   -2    4    0    6    8   -0.004402   -0.009935
   -2    4    0    7    8    0.009980   -0.000971
   -2    4    0    8    8    0.000922    0.001247
   -2    4    0    9    8    0.003446   -0.003752
   -2    4    0   10    8    0.001443   -0.001187
   -2    4    0   11    8   -0.004918    0.003444
   -2    4    0    1    9   -0.004068    0.007450
   -2    4    0    2    9    0.006282    0.005219
   -2    4    0    3    9   -0.014236   -0.005244
   -2    4    0    4    9   -0.001389   -0.027628
   -2    4    0    5    9   -0.005981    0.002360
   -2    4    0    6    9    0.011759    0.000948
   -2    4    0    7    9    0.012106    0.004734
   -2    4    0    8    9   -0.000042    0.002670
   -2    4    0    9    9    0.005332   -0.005235
   -2    4    0   10    9   -0.003958    0.002758
   -2    4    0   11    9   -0.012823   -0.013093
   -2    4    0    1   10   -0.017134    0.005157
   -2    4    0    2   10    0.009339    0.000091
   -2    4    0    3   10   -0.014040    0.003073
   -2    4    0    4   10    0.011322   -0.002284
   -2    4    0    5   10    0.010318    0.001514
   -2    4    0    6   10    0.013154    0.015914
   -2    4    0    7   10    0.001052    0.001425
   -2    4    0    8   10    0.002695   -0.001584
   -2    4    0    9   10   -0.006861   -0.002243
   -2    4    0   10   10   -0.001687    0.002183
   -2    4    0   11   10   -0.008242    0.000523
   -2    4    0    1   11   -0.009797    0.014863
   -2    4    0    2   11    0.001753    0.013488
   -2    4    0    3   11    0.006434   -0.004000
   -2    4    0    4   11    0.029879    0.005355
   -2    4    0    5   11   -0.000391    0.003412
   -2    4    0    6   11    0.041715    0.001472
   -2    4    0    7   11    0.012458    0.012026
   -2    4    0    8   11   -0.021477    0.003465
   -2    4    0    9   11   -0.011074    0.025634
   -2    4    0   10   11    0.005039   -0.015036
   -2    4    0   11   11    0.034992   -0.018276
   -2    5    0    1    1    0.015355   -0.026401
   -2    5    0    2    1   -0.002226   -0.002536
   -2    5    0    3    1   -0.012174    0.013906
   -2    5    0    4    1    0.008169   -0.000145
   -2    5    0    5    1   -0.016751    0.003823
   -2    5    0    6    1    0.011376   -0.010080
   -2    5    0    7    1   -0.005410    0.004922
   -2    5    0    8    1    0.003338   -0.015017
   -2    5    0    9    1    0.019127   -0.008329
   -2    5    0   10    1   -0.014186   -0.001878
   -2    5    0   11    1    0.012221    0.007229
   -2    5    0    1    2   -0.000268   -0.010761
   -2    5    0    2    2   -0.009864    0.009006
   -2    5    0    3    2   -0.008706   -0.008639
   -2    5    0    4    2    0.003874    0.008965
   -2    5    0    5    2    0.007844    0.001488
   -2    5    0    6    2    0.007948   -0.008836
   -2    5    0    7    2    0.021154   -0.019824
   -2    5    0    8    2    0.016713    0.006574
   -2    5    0    9    2    0.000853   -0.004802
   -2    5    0   10    2   -0.010390   -0.002372
   -2    5    0   11    2    0.017659    0.035873
   -2    5    0    1    3   -0.003462    0.010062
   -2    5    0    2    3    0.005250    0.014394
   -2    5    0    3    3   -0.011560    0.004297
   -2    5    0    4    3    0.014151    0.015197
   -2    5    0    5    3   -0.007610   -0.018609
   -2    5    0    6    3   -0.007158    0.007490
   -2    5    0    7    3   -0.005469    0.000443
   -2    5    0    8    3    0.010378    0.003507
   -2    5    0    9    3   -0.011313    0.006056
   -2    5    0   10    3   -0.005905    0.011698
   -2    5    0   11    3   -0.009735    0.008775
   -2    5    0    1    4    0.007532    0.004137
   -2    5    0    2    4   -0.006129    0.000210
   -2    5    0    3    4    0.001979   -0.011090
   -2    5    0    4    4    0.025738   -0.007592
   -2    5    0    5    4   -0.003520   -0.001937
   -2    5    0    6    4   -0.018166    0.014557
   -2    5    0    7    4    0.016337   -0.000782
   -2    5    0    8    4   -0.029580    0.018653
   -2    5    0    9    4   -0.007955    0.015755
   -2    5    0   10    4    0.021123    0.003309
   -2    5    0   11    4    0.037810   -0.039821
   -2    5    0    1    5   -0.007205   -0.027540
   -2    5    0    2    5   -0.000364   -0.000068
   -2    5    0    3    5    0.009678    0.014203
   -2    5    0    4    5    0.002638   -0.011252
   -2    5    0    5    5   -0.011570    0.016129
   -2    5    0    6    5    0.007635   -0.014076
   -2    5    0    7    5    0.007740   -0.012010
   -2    5    0    8    5    0.005961   -0.018132
   -2    5    0    9    5   -0.013177   -0.009473
   -2    5    0   10    5    0.000083    0.007783
   -2    5    0   11    5    0.033863   -0.008391
   -2    5    0    1    6    0.027853   -0.001145
   -2    5    0    2    6    0.014975    0.011170
   -2    5    0    3    6   -0.001024   -0.016807
   -2    5    0    4    6   -0.019816    0.009596
   -2    5    0    5    6   -0.007937    0.009997
   -2    5    0    6    6    0.004464    0.006359
   -2    5    0    7    6    0.017337   -0.009329
   -2    5    0    8    6   -0.000886    0.000510
   -2    5    0    9    6   -0.004437   -0.005801
   -2    5    0   10    6    0.002799   -0.001171
   -2    5    0   11    6    0.030716   -0.004145
   -2    5    0    1    7   -0.001760    0.018288
   -2    5    0    2    7    0.022358   -0.015256
   -2    5    0    3    7    0.004055   -0.008161
   -2    5    0    4    7   -0.000684   -0.000785
   -2    5    0    5    7    0.005582    0.009764
   -2    5    0    6    7   -0.009296   -0.000126
   -2    5    0    7    7    0.034622    0.006530
   -2    5    0    8    7   -0.005465    0.003838
   -2    5    0    9    7   -0.005713    0.007450
   -2    5    0   10    7    0.005619   -0.005403
   -2    5    0   11    7   -0.018335    0.012275
   -2    5    0    1    8    0.006399   -0.012120
   -2    5    0    2    8   -0.004311   -0.007562
   -2    5    0    3    8    0.002394   -0.011996
   -2    5    0    4    8   -0.029498   -0.007169
   -2    5    0    5    8    0.011075   -0.007100
   -2    5    0    6    8   -0.002459    0.003800
   -2    5    0    7    8    0.014161   -0.001396
   -2    5    0    8    8   -0.001950   -0.001249
   -2    5    0    9    8   -0.009892   -0.003929
   -2    5    0   10    8    0.000327    0.000745
   -2    5    0   11    8    0.014777   -0.020126
   -2    5    0    1    9    0.007791   -0.022575
   -2    5    0    2    9   -0.003705    0.004519
   -2    5    0    3    9   -0.015525    0.003814
   -2    5    0    4    9   -0.005949   -0.011645
   -2    5    0    5    9   -0.000188   -0.026316
   -2    5    0    6    9    0.010026    0.017186
   -2    5    0    7    9    0.007153    0.002249
   -2    5    0    8    9   -0.005460    0.004297
   -2    5    0    9    9   -0.008034   -0.002866
   -2    5    0   10    9    0.004632    0.005261
   -2    5    0   11    9    0.003043    0.000194
   -2    5    0    1   10    0.011430    0.001882
   -2    5    0    2   10   -0.011744    0.003343
   -2    5    0    3   10   -0.020611   -0.004671
   -2    5    0    4   10    0.012239    0.002933
   -2    5    0    5   10   -0.005008   -0.003448
   -2    5    0    6   10    0.002992    0.010292
   -2    5    0    7   10    0.001883    0.002364
   -2    5    0    8   10    0.003866   -0.002675
   -2    5    0    9   10    0.002201   -0.003807
   -2    5    0   10   10   -0.000986    0.000748
   -2    5    0   11   10   -0.007476    0.001268
   -2    5    0    1   11   -0.014938    0.002328
   -2    5    0    2   11    0.015591   -0.015473
   -2    5    0    3   11    0.001729    0.017085
   -2    5    0    4   11    0.051996    0.011644
   -2    5    0    5   11    0.007099   -0.014757
   -2    5    0    6   11   -0.011598    0.009247
   -2    5    0    7   11   -0.000688    0.021237
   -2    5    0    8   11    0.006556    0.001962
   -2    5    0    9   11   -0.002054   -0.003720
   -2    5    0   10   11   -0.000453   -0.011644
   -2    5    0   11   11   -0.035918   -0.004960
   -1   -6    0    1    1    0.013184    0.018056
   -1   -6    0    2    1   -0.004535   -0.000590
   -1   -6    0    3    1   -0.016696    0.002922
   -1   -6    0    4    1    0.006344   -0.015884
   -1   -6    0    5    1   -0.028935    0.006875
   -1   -6    0    6    1    0.006088   -0.007289
   -1   -6    0    7    1   -0.002465   -0.006485
   -1   -6    0    8    1    0.022152   -0.009948
   -1   -6    0    9    1   -0.007608   -0.003527
   -1   -6    0   10    1   -0.020398    0.006575
   -1   -6    0   11    1   -0.009825    0.019604
   -1   -6    0    1    2    0.012702    0.012359
   -1   -6    0    2    2   -0.024798    0.010576
   -1   -6    0    3    2   -0.011564   -0.030175
   -1   -6    0    4    2   -0.009298   -0.007847
   -1   -6    0    5    2    0.008181    0.002446
   -1   -6    0    6    2    0.003406    0.007047
   -1   -6    0    7    2   -0.005058   -0.010665
   -1   -6    0    8    2   -0.000884   -0.002654
   -1   -6    0    9    2   -0.001925   -0.001713
   -1   -6    0   10    2    0.013926    0.002270
   -1   -6    0   11    2   -0.023489    0.016306
   -1   -6    0    1    3    0.006933   -0.002940
   -1   -6    0    2    3    0.010397    0.003923
   -1   -6    0    3    3   -0.007951   -0.000778
   -1   -6    0    4    3    0.016965    0.004243
   -1   -6    0    5    3    0.007971   -0.004838
   -1   -6    0    6    3   -0.014076    0.018634
   -1   -6    0    7    3    0.011597    0.009262
   -1   -6    0    8    3   -0.000106    0.010778
   -1   -6    0    9    3   -0.011312   -0.007263
   -1   -6    0   10    3   -0.013926    0.004648
   -1   -6    0   11    3   -0.003168   -0.022161
   -1   -6    0    1    4    0.001746   -0.011515
   -1   -6    0    2    4    0.007393   -0.008479
   -1   -6    0    3    4    0.002447   -0.001072
   -1   -6    0    4    4    0.014024    0.000635
   -1   -6    0    5    4    0.000714    0.008465
   -1   -6    0    6    4   -0.028366    0.003032
   -1   -6    0    7    4    0.007665   -0.011234
   -1   -6    0    8    4   -0.018213    0.010954
   -1   -6    0    9    4   -0.008613    0.007538
   -1   -6    0   10    4    0.011014    0.003325
   -1   -6    0   11    4    0.038214   -0.029549
   -1   -6    0    1    5   -0.019200   -0.006894
   -1   -6    0    2    5    0.006653   -0.010257
   -1   -6    0    3    5   -0.009741    0.030573
   -1   -6    0    4    5   -0.010009   -0.009279
   -1   -6    0    5    5    0.010061   -0.009447
   -1   -6    0    6    5    0.009704   -0.020619
   -1   -6    0    7    5    0.029580    0.000102
   -1   -6    0    8    5    0.013645   -0.006007
   -1   -6    0    9    5   -0.019887    0.002601
   -1   -6    0   10    5   -0.000628    0.010709
   -1   -6    0   11    5   -0.012014    0.034474
   -1   -6    0    1    6    0.017678    0.004723
   -1   -6    0    2    6    0.001677   -0.022666
   -1   -6    0    3    6   -0.008382    0.009086
   -1   -6    0    4    6   -0.023968    0.001146
   -1   -6    0    5    6   -0.017297    0.010964
   -1   -6    0    6    6    0.015382   -0.000271
   -1   -6    0    7    6   -0.007149    0.004985
   -1   -6    0    8    6   -0.006655    0.004054
   -1   -6    0    9    6   -0.009524   -0.010358
   -1   -6    0   10    6    0.003610    0.000200
   -1   -6    0   11    6   -0.011896   -0.008429
   -1   -6    0    1    7   -0.041868    0.025244
   -1   -6    0    2    7    0.006294   -0.004714
   -1   -6    0    3    7    0.007746   -0.000438
   -1   -6    0    4    7    0.008403   -0.000739
   -1   -6    0    5    7    0.022047   -0.023540
   -1   -6    0    6    7   -0.004162    0.018502
   -1   -6    0    7    7   -0.046419    0.015612
   -1   -6    0    8    7    0.000750   -0.002067
   -1   -6    0    9    7    0.001525    0.004483
   -1   -6    0   10    7    0.002048    0.000467
   -1   -6    0   11    7   -0.021021    0.020984
   -1   -6    0    1    8    0.006537    0.006168
   -1   -6    0    2    8    0.003443    0.000950
   -1   -6    0    3    8   -0.004061   -0.006704
   -1   -6    0    4    8   -0.028817   -0.019330
   -1   -6    0    5    8    0.008657    0.013104
   -1   -6    0    6    8   -0.009381   -0.001098
   -1   -6    0    7    8    0.003192   -0.000701
   -1   -6    0    8    8   -0.000858    0.000261
   -1   -6    0    9    8   -0.012242    0.000834
   -1   -6    0   10    8   -0.001331   -0.001119
   -1   -6    0   11    8    0.012541    0.002587
   -1   -6    0    1    9    0.008169   -0.000008
   -1   -6    0    2    9   -0.012718    0.012743
   -1   -6    0    3    9    0.002297   -0.007866
   -1   -6    0    4    9    0.009053   -0.014999
   -1   -6    0    5    9   -0.005783   -0.002964
   -1   -6    0    6    9    0.019566   -0.014012
   -1   -6    0    7    9    0.003428    0.004616
   -1   -6    0    8    9   -0.001996    0.005976
   -1   -6    0    9    9   -0.000373   -0.006337
   -1   -6    0   10    9    0.002488   -0.005800
   -1   -6    0   11    9   -0.001200    0.004722
   -1   -6    0    1   10   -0.003405    0.035906
   -1   -6    0    2   10    0.001044    0.002943
   -1   -6    0    3   10   -0.008358   -0.011817
   -1   -6    0    4   10    0.005435   -0.007178
   -1   -6    0    5   10   -0.005766   -0.000131
   -1   -6    0    6   10    0.019764    0.007342
   -1   -6    0    7   10    0.003780    0.009534
   -1   -6    0    8   10   -0.005795    0.002465
   -1   -6    0    9   10   -0.003159   -0.000263
   -1   -6    0   10   10   -0.000077    0.002546
   -1   -6    0   11   10   -0.002814    0.001560
   -1   -6    0    1   11   -0.014531   -0.002549
   -1   -6    0    2   11    0.034139    0.004235
   -1   -6    0    3   11    0.005760    0.002321
   -1   -6    0    4   11    0.015907    0.020970
   -1   -6    0    5   11    0.003088    0.006228
   -1   -6    0    6   11   -0.013176   -0.012937
   -1   -6    0    7   11    0.002641   -0.023515
   -1   -6    0    8   11   -0.014221    0.005426
   -1   -6    0    9   11   -0.015533    0.007153
   -1   -6    0   10   11    0.002103    0.002529
   -1   -6    0   11   11    0.028753   -0.030854
   -1   -5    0    1    1    0.009840   -0.022960
   -1   -5    0    2    1   -0.029590   -0.000822
   -1   -5    0    3    1    0.000493    0.004156
   -1   -5    0    4    1    0.000556   -0.002241
   -1   -5    0    5    1    0.000603   -0.009358
   -1   -5    0    6    1   -0.014121   -0.023835
   -1   -5    0    7    1   -0.001919   -0.001625
   -1   -5    0    8    1   -0.010858   -0.005055
   -1   -5    0    9    1    0.026909   -0.013162
   -1   -5    0   10    1   -0.037096    0.008844
   -1   -5    0   11    1    0.000256    0.001187
   -1   -5    0    1    2    0.004534    0.013415
   -1   -5    0    2    2    0.005460   -0.006898
   -1   -5    0    3    2   -0.012954   -0.007764
   -1   -5    0    4    2   -0.004460    0.013310
   -1   -5    0    5    2   -0.001156    0.000724
   -1   -5    0    6    2    0.000025   -0.019149
   -1   -5    0    7    2    0.023393   -0.016715
   -1   -5    0    8    2    0.013133    0.017336
   -1   -5    0    9    2    0.005468    0.000188
   -1   -5    0   10    2   -0.020666   -0.004582
   -1   -5    0   11    2   -0.025698    0.056595
   -1   -5    0    1    3   -0.002813    0.027950
   -1   -5    0    2    3   -0.000995   -0.002112
   -1   -5    0    3    3   -0.002311    0.009297
   -1   -5    0    4    3   -0.003914    0.012185
   -1   -5    0    5    3    0.010743   -0.027350
   -1   -5    0    6    3   -0.001718    0.011422
   -1   -5    0    7    3    0.000617    0.013423
   -1   -5    0    8    3    0.007840    0.021478
   -1   -5    0    9    3   -0.018256    0.005064
   -1   -5    0   10    3   -0.005090    0.019624
   -1   -5    0   11    3   -0.022887    0.015808
   -1   -5    0    1    4    0.005602   -0.017783
   -1   -5    0    2    4   -0.005942   -0.018956
   -1   -5    0    3    4   -0.002224   -0.009485
   -1   -5    0    4    4    0.032346   -0.000009
   -1   -5    0    5    4    0.015077   -0.006017
   -1   -5    0    6    4   -0.024547    0.019352
   -1   -5    0    7    4    0.013134   -0.004462
   -1   -5    0    8    4   -0.017091    0.009276
   -1   -5    0    9    4   -0.007868    0.010658
   -1   -5    0   10    4    0.014295    0.003528
   -1   -5    0   11    4    0.050954   -0.041350
   -1   -5    0    1    5    0.003353   -0.042306
   -1   -5    0    2    5   -0.010048   -0.001638
   -1   -5    0    3    5    0.014603    0.024469
   -1   -5    0    4    5    0.002423   -0.013156
   -1   -5    0    5    5   -0.019092    0.019120
   -1   -5    0    6    5    0.003714   -0.021088
   -1   -5    0    7    5    0.007844   -0.015055
   -1   -5    0    8    5    0.002510   -0.003714
   -1   -5    0    9    5   -0.011423   -0.014653
   -1   -5    0   10    5   -0.003811    0.000229
   -1   -5    0   11    5    0.044917    0.008071
   -1   -5    0    1    6    0.025470   -0.033256
   -1   -5    0    2    6    0.038567    0.002542
   -1   -5    0    3    6   -0.000515   -0.004919
   -1   -5    0    4    6   -0.008007    0.033196
   -1   -5    0    5    6   -0.017808    0.003061
   -1   -5    0    6    6    0.007274    0.000541
   -1   -5    0    7    6   -0.007806   -0.007272
   -1   -5    0    8    6    0.008060    0.007825
   -1   -5    0    9    6   -0.001829    0.006463
   -1   -5    0   10    6   -0.012648   -0.008004
   -1   -5    0   11    6    0.072049   -0.036022
   -1   -5    0    1    7   -0.016808   -0.000434
   -1   -5    0    2    7    0.011795   -0.014687
   -1   -5    0    3    7   -0.000877   -0.012702
   -1   -5    0    4    7    0.007574   -0.009314
   -1   -5    0    5    7   -0.024173    0.011457
   -1   -5    0    6    7   -0.002630    0.018016
   -1   -5    0    7    7    0.042274    0.006714
   -1   -5    0    8    7    0.003525   -0.000006
   -1   -5    0    9    7   -0.000927   -0.001998
   -1   -5    0   10    7    0.005667   -0.003609
   -1   -5    0   11    7   -0.026602    0.000989
   -1   -5    0    1    8    0.002487   -0.022751
   -1   -5    0    2    8    0.002645   -0.003033
   -1   -5    0    3    8    0.011918   -0.015012
   -1   -5    0    4    8   -0.032910   -0.000653
   -1   -5    0    5    8    0.014859    0.002811
   -1   -5    0    6    8   -0.002389    0.006221
   -1   -5    0    7    8    0.009850    0.000141
   -1   -5    0    8    8   -0.000785   -0.001273
   -1   -5    0    9    8   -0.004182    0.000671
   -1   -5    0   10    8   -0.001933    0.000076
   -1   -5    0   11    8    0.012868   -0.025435
   -1   -5    0    1    9   -0.002649   -0.024584
   -1   -5    0    2    9   -0.024939    0.025515
   -1   -5    0    3    9   -0.000869    0.003735
   -1   -5    0    4    9   -0.026256   -0.017577
   -1   -5    0    5    9    0.019698   -0.036754
   -1   -5    0    6    9   -0.004621    0.001216
   -1   -5    0    7    9    0.024664    0.008152
   -1   -5    0    8    9   -0.009770   -0.000303
   -1   -5    0    9    9   -0.015782   -0.014083
   -1   -5    0   10    9   -0.006399    0.003024
   -1   -5    0   11    9   -0.010967   -0.022614
   -1   -5    0    1   10    0.025009    0.000228
   -1   -5    0    2   10    0.001869   -0.004415
   -1   -5    0    3   10   -0.014217   -0.013410
   -1   -5    0    4   10    0.007760   -0.002119
   -1   -5    0    5   10    0.008757   -0.016503
   -1   -5    0    6   10    0.010437    0.007078
   -1   -5    0    7   10    0.007305    0.007445
   -1   -5    0    8   10    0.002404   -0.000782
   -1   -5    0    9   10   -0.003992    0.000702
   -1   -5    0   10   10   -0.000413   -0.000641
   -1   -5    0   11   10   -0.028126    0.011584
   -1   -5    0    1   11   -0.031320    0.024235
   -1   -5    0    2   11    0.039462   -0.005203
   -1   -5    0    3   11   -0.011766    0.016714
   -1   -5    0    4   11    0.041244    0.009599
   -1   -5    0    5   11   -0.006123   -0.000109
   -1   -5    0    6   11   -0.000754   -0.006283
   -1   -5    0    7   11    0.015514    0.019686
   -1   -5    0    8   11    0.006242    0.007091
   -1   -5    0    9   11    0.010607   -0.000725
   -1   -5    0   10   11   -0.003349   -0.020769
   -1   -5    0   11   11   -0.059724    0.010193
   -1   -4    0    1    1    0.002680   -0.042583
   -1   -4    0    2    1   -0.037547    0.028922
   -1   -4    0    3    1    0.017944    0.012653
   -1   -4    0    4    1   -0.024195    0.008539
   -1   -4    0    5    1    0.042254   -0.008692
   -1   -4    0    6    1   -0.022273   -0.014742
   -1   -4    0    7    1   -0.036107    0.009816
   -1   -4    0    8    1   -0.014816   -0.022179
   -1   -4    0    9    1    0.022114   -0.002068
   -1   -4    0   10    1    0.015210   -0.023872
   -1   -4    0   11    1    0.002503   -0.005308
   -1   -4    0    1    2    0.022583   -0.017672
   -1   -4    0    2    2    0.007164   -0.016304
   -1   -4    0    3    2   -0.004071    0.007347
   -1   -4    0    4    2    0.035349    0.026232
   -1   -4    0    5    2   -0.005588   -0.011495
   -1   -4    0    6    2    0.001926   -0.007769
   -1   -4    0    7    2   -0.006280    0.009675
   -1   -4    0    8    2   -0.017620    0.032813
   -1   -4    0    9    2    0.012187    0.002366
   -1   -4    0   10    2    0.012774   -0.016537
   -1   -4    0   11    2    0.007627    0.003815
   -1   -4    0    1    3   -0.016989    0.018422
   -1   -4    0    2    3    0.021148   -0.021336
   -1   -4    0    3    3   -0.019506    0.012984
   -1   -4    0    4    3    0.022378   -0.000064
   -1   -4    0    5    3   -0.010317   -0.023977
   -1   -4    0    6    3    0.024005    0.005974
   -1   -4    0    7    3    0.006248   -0.004918
   -1   -4    0    8    3   -0.003956    0.001552
   -1   -4    0    9    3   -0.007512    0.024749
   -1   -4    0   10    3   -0.000003    0.024243
   -1   -4    0   11    3    0.005265    0.025617
   -1   -4    0    1    4   -0.000432   -0.007573
   -1   -4    0    2    4    0.013390    0.002235
   -1   -4    0    3    4    0.017501   -0.022714
   -1   -4    0    4    4    0.044377   -0.009301
   -1   -4    0    5    4   -0.019560    0.012081
   -1   -4    0    6    4   -0.007673    0.034748
   -1   -4    0    7    4   -0.007902   -0.012432
   -1   -4    0    8    4   -0.027260    0.033446
   -1   -4    0    9    4    0.005142    0.017618
   -1   -4    0   10    4    0.034831    0.008679
   -1   -4    0   11    4    0.053978   -0.048522
   -1   -4    0    1    5    0.002616   -0.023171
   -1   -4    0    2    5   -0.022981   -0.018390
   -1   -4    0    3    5    0.018841   -0.003866
   -1   -4    0    4    5   -0.011016   -0.016717
   -1   -4    0    5    5    0.008115    0.054336
   -1   -4    0    6    5   -0.022730   -0.030259
   -1   -4    0    7    5   -0.034157    0.027749
   -1   -4    0    8    5   -0.025817    0.006208
   -1   -4    0    9    5   -0.011382   -0.022794
   -1   -4    0   10    5    0.021890   -0.065405
   -1   -4    0   11    5    0.054480   -0.057457
   -1   -4    0    1    6   -0.016575   -0.019143
   -1   -4    0    2    6   -0.060743    0.031019
   -1   -4    0    3    6   -0.006381   -0.023373
   -1   -4    0    4    6    0.016716    0.045192
   -1   -4    0    5    6    0.026789    0.006421
   -1   -4    0    6    6   -0.021000   -0.003124
   -1   -4    0    7    6   -0.033000    0.003210
   -1   -4    0    8    6    0.056586    0.001757
   -1   -4    0    9    6    0.023156   -0.017671
   -1   -4    0   10    6   -0.001634   -0.016319
   -1   -4    0   11    6    0.045171    0.047130
   -1   -4    0    1    7    0.082575   -0.001864
   -1   -4    0    2    7   -0.001693   -0.002016
   -1   -4    0    3    7    0.007148   -0.022184
   -1   -4    0    4    7    0.031402    0.001226
   -1   -4    0    5    7   -0.026930    0.045472
   -1   -4    0    6    7   -0.002188   -0.019206
   -1   -4    0    7    7    0.022526   -0.049513
   -1   -4    0    8    7    0.017976   -0.018715
   -1   -4    0    9    7    0.007671    0.019804
   -1   -4    0   10    7   -0.001006   -0.006051
   -1   -4    0   11    7    0.054044   -0.025933
   -1   -4    0    1    8    0.010636   -0.000365
   -1   -4    0    2    8    0.012562    0.010182
   -1   -4    0    3    8    0.016202   -0.013339
   -1   -4    0    4    8   -0.050363    0.006731
   -1   -4    0    5    8    0.040012    0.004394
   -1   -4    0    6    8    0.000913    0.013088
   -1   -4    0    7    8   -0.000684    0.005814
   -1   -4    0    8    8   -0.003599    0.000110
   -1   -4    0    9    8   -0.006548    0.002331
   -1   -4    0   10    8   -0.003064    0.000600
   -1   -4    0   11    8   -0.024950    0.001182
   -1   -4    0    1    9    0.021949   -0.023323
   -1   -4    0    2    9    0.010028    0.007334
   -1   -4    0    3    9   -0.021575    0.017290
   -1   -4    0    4    9   -0.027971   -0.001760
   -1   -4    0    5    9    0.025499   -0.023902
   -1   -4    0    6    9   -0.010427    0.020631
   -1   -4    0    7    9    0.005981    0.013167
   -1   -4    0    8    9    0.017599    0.023676
   -1   -4    0    9    9   -0.036127    0.015051
   -1   -4    0   10    9   -0.004719   -0.015607
   -1   -4    0   11    9    0.010004   -0.026275
   -1   -4    0    1   10    0.020205   -0.000871
   -1   -4    0    2   10   -0.011393   -0.020636
   -1   -4    0    3   10   -0.049795   -0.018193
   -1   -4    0    4   10    0.024679   -0.028324
   -1   -4    0    5   10   -0.028941    0.002101
   -1   -4    0    6   10   -0.003651   -0.008285
   -1   -4    0    7   10   -0.013075   -0.009587
   -1   -4    0    8   10    0.013802   -0.001341
   -1   -4    0    9   10    0.001132   -0.001680
   -1   -4    0   10   10    0.006108   -0.000667
   -1   -4    0   11   10    0.064268    0.022851
   -1   -4    0    1   11   -0.002405    0.008900
   -1   -4    0    2   11    0.033012   -0.022011
   -1   -4    0    3   11   -0.001398    0.021243
   -1   -4    0    4   11    0.108246    0.017122
   -1   -4    0    5   11   -0.039911   -0.039376
   -1   -4    0    6   11    0.007207    0.008798
   -1   -4    0    7   11   -0.017731    0.001588
   -1   -4    0    8   11    0.038986   -0.003975
   -1   -4    0    9   11   -0.000213   -0.004126
   -1   -4    0   10   11   -0.003250    0.016668
   -1   -4    0   11   11   -0.013944    0.039011
   -1   -3    0    1    1   -0.059618    0.034098
   -1   -3    0    2    1   -0.002629    0.040203
   -1   -3    0    3    1   -0.013991    0.009489
   -1   -3    0    4    1   -0.031883    0.028496
   -1   -3    0    5    1    0.000031   -0.009512
   -1   -3    0    6    1   -0.025287    0.028265
   -1   -3    0    7    1    0.028607    0.028061
   -1   -3    0    8    1    0.052089    0.003963
   -1   -3    0    9    1   -0.060144    0.012263
   -1   -3    0   10    1    0.033760    0.028770
   -1   -3    0   11    1   -0.030138    0.017760
   -1   -3    0    1    2   -0.009825   -0.005684
   -1   -3    0    2    2    0.048496   -0.026563
   -1   -3    0    3    2   -0.005462    0.039484
   -1   -3    0    4    2   -0.023679    0.039445
   -1   -3    0    5    2    0.019992   -0.023516
   -1   -3    0    6    2   -0.022860   -0.023184
   -1   -3    0    7    2   -0.035571    0.002734
   -1   -3    0    8    2    0.010958   -0.059451
   -1   -3    0    9    2    0.014436    0.010304
   -1   -3    0   10    2    0.003152    0.032671
   -1   -3    0   11    2    0.046418   -0.059085
   -1   -3    0    1    3   -0.006507   -0.012052
   -1   -3    0    2    3    0.004750   -0.032655
   -1   -3    0    3    3   -0.019824   -0.002108
   -1   -3    0    4    3   -0.022023   -0.025749
   -1   -3    0    5    3   -0.048820   -0.026329
   -1   -3    0    6    3    0.017214   -0.008021
   -1   -3    0    7    3   -0.004290   -0.038645
   -1   -3    0    8    3    0.038156   -0.005333
   -1   -3    0    9    3    0.000801    0.039520
   -1   -3    0   10    3    0.055664    0.010208
   -1   -3    0   11    3    0.037280    0.063252
   -1   -3    0    1    4   -0.065167    0.019484
   -1   -3    0    2    4   -0.012089   -0.005483
   -1   -3    0    3    4    0.018128   -0.015867
   -1   -3    0    4    4    0.036392   -0.023768
   -1   -3    0    5    4    0.048323    0.023384
   -1   -3    0    6    4    0.009734    0.049419
   -1   -3    0    7    4    0.023090    0.023445
   -1   -3    0    8    4    0.027694    0.017920
   -1   -3    0    9    4    0.028209    0.001373
   -1   -3    0   10    4    0.049880   -0.008483
   -1   -3    0   11    4   -0.044637   -0.014216
   -1   -3    0    1    5   -0.007608    0.033634
   -1   -3    0    2    5    0.006438   -0.002160
   -1   -3    0    3    5    0.057604   -0.023350
   -1   -3    0    4    5   -0.001131    0.006685
   -1   -3    0    5    5    0.012061    0.032182
   -1   -3    0    6    5   -0.024663   -0.011199
   -1   -3    0    7    5   -0.049547    0.053055
   -1   -3    0    8    5   -0.018612    0.041562
   -1   -3    0    9    5    0.067379   -0.012198
   -1   -3    0   10    5    0.030328   -0.024118
   -1   -3    0   11    5   -0.022536   -0.021743
   -1   -3    0    1    6   -0.056005   -0.042434
   -1   -3    0    2    6    0.106037    0.019002
   -1   -3    0    3    6    0.110681    0.004598
   -1   -3    0    4    6   -0.095324    0.044424
   -1   -3    0    5    6    0.024210   -0.052881
   -1   -3    0    6    6   -0.008290    0.009232
   -1   -3    0    7    6    0.010708   -0.022768
   -1   -3    0    8    6   -0.005875    0.044150
   -1   -3    0    9    6    0.003534    0.042969
   -1   -3    0   10    6    0.007497    0.004767
   -1   -3    0   11    6   -0.178986    0.019361
   -1   -3    0    1    7    0.048637   -0.077782
   -1   -3    0    2    7   -0.131718   -0.022556
   -1   -3    0    3    7    0.001542   -0.013645
   -1   -3    0    4    7    0.071056   -0.068782
   -1   -3    0    5    7   -0.052556   -0.006732
   -1   -3    0    6    7    0.009503   -0.014828
   -1   -3    0    7    7   -0.110522    0.016793
   -1   -3    0    8    7   -0.010911    0.002230
   -1   -3    0    9    7    0.039730   -0.008524
   -1   -3    0   10    7   -0.024531    0.001481
   -1   -3    0   11    7    0.028648   -0.003151
   -1   -3    0    1    8   -0.014627    0.029149
   -1   -3    0    2    8    0.019486    0.059547
   -1   -3    0    3    8   -0.001030    0.001556
   -1   -3    0    4    8   -0.072230    0.004788
   -1   -3    0    5    8   -0.034378    0.029135
   -1   -3    0    6    8    0.005199    0.018081
   -1   -3    0    7    8   -0.008689    0.003865
   -1   -3    0    8    8   -0.031099   -0.003591
   -1   -3    0    9    8    0.010669   -0.003591
   -1   -3    0   10    8    0.001061   -0.006389
   -1   -3    0   11    8    0.003820    0.041506
   -1   -3    0    1    9   -0.041364   -0.003644
   -1   -3    0    2    9   -0.045565    0.025796
   -1   -3    0    3    9   -0.163130    0.055874
   -1   -3    0    4    9    0.000868   -0.013971
   -1   -3    0    5    9   -0.096430   -0.001749
   -1   -3    0    6    9   -0.035614    0.018690
   -1   -3    0    7    9   -0.042859    0.016298
   -1   -3    0    8    9    0.058785   -0.043446
   -1   -3    0    9    9    0.006127   -0.005554
   -1   -3    0   10    9   -0.033038   -0.011314
   -1   -3    0   11    9    0.008882    0.032280
   -1   -3    0    1   10   -0.113058    0.036441
   -1   -3    0    2   10   -0.053909    0.040246
   -1   -3    0    3   10   -0.071557   -0.006673
   -1   -3    0    4   10    0.025441    0.041436
   -1   -3    0    5   10   -0.093477   -0.023276
   -1   -3    0    6   10   -0.001539   -0.029761
   -1   -3    0    7   10   -0.054971    0.003491
   -1   -3    0    8   10    0.165403   -0.042011
   -1   -3    0    9   10    0.063125    0.029298
   -1   -3    0   10   10    0.014169   -0.000715
   -1   -3    0   11   10    0.084708   -0.011398
   -1   -3    0    1   11    0.064315    0.000594
   -1   -3    0    2   11    0.015514   -0.060934
   -1   -3    0    3   11    0.018489   -0.006522
   -1   -3    0    4   11    0.086462   -0.001849
   -1   -3    0    5   11   -0.023014    0.035170
   -1   -3    0    6   11    0.039712   -0.016114
   -1   -3    0    7   11   -0.024509   -0.049168
   -1   -3    0    8   11   -0.024793   -0.023132
   -1   -3    0    9   11    0.032638    0.043626
   -1   -3    0   10   11   -0.011868    0.002459
   -1   -3    0   11   11    0.120741   -0.030006
   -1   -2    0    1    1   -0.002099    0.021907
   -1   -2    0    2    1    0.067273    0.009809
   -1   -2    0    3    1    0.027994    0.027715
   -1   -2    0    4    1    0.223409    0.110870
   -1   -2    0    5    1    0.120229   -0.167380
   -1   -2    0    6    1   -0.030529    0.045353
   -1   -2    0    7    1    0.092461    0.016549
   -1   -2    0    8    1   -0.091550    0.059152
   -1   -2    0    9    1   -0.116575   -0.052736
   -1   -2    0   10    1   -0.058100    0.032371
   -1   -2    0   11    1    0.068430   -0.014613
   -1   -2    0    1    2   -0.050651    0.022056
   -1   -2    0    2    2    0.075765   -0.026788
   -1   -2    0    3    2    0.020356    0.035340
   -1   -2    0    4    2    0.036650   -0.021382
   -1   -2    0    5    2    0.006789   -0.036020
   -1   -2    0    6    2    0.029902    0.025130
   -1   -2    0    7    2    0.008361    0.013889
   -1   -2    0    8    2   -0.057446    0.024826
   -1   -2    0    9    2   -0.046900    0.003690
   -1   -2    0   10    2    0.012960    0.000063
   -1   -2    0   11    2   -0.020067   -0.006132
   -1   -2    0    1    3    0.049755   -0.032522
   -1   -2    0    2    3   -0.046578   -0.034533
   -1   -2    0    3    3   -0.039704   -0.025771
   -1   -2    0    4    3    0.057404    0.004387
   -1   -2    0    5    3    0.027375    0.061076
   -1   -2    0    6    3    0.026539    0.017737
   -1   -2    0    7    3    0.053123   -0.044633
   -1   -2    0    8    3    0.206288   -0.129340
   -1   -2    0    9    3    0.046313    0.025707
   -1   -2    0   10    3    0.003846    0.023111
   -1   -2    0   11    3   -0.000709   -0.020197
   -1   -2    0    1    4    0.074502    0.015545
   -1   -2    0    2    4   -0.162634   -0.011779
   -1   -2    0    3    4    0.030919    0.009650
   -1   -2    0    4    4   -0.003478   -0.061441
   -1   -2    0    5    4   -0.018938   -0.039403
   -1   -2    0    6    4    0.037881    0.054544
   -1   -2    0    7    4    0.087404   -0.024722
   -1   -2    0    8    4   -0.286140    0.151493
   -1   -2    0    9    4   -0.061835   -0.029259
   -1   -2    0   10    4   -0.008175   -0.006753
   -1   -2    0   11    4   -0.152820    0.050828
   -1   -2    0    1    5   -0.008747    0.026210
   -1   -2    0    2    5   -0.048203    0.030127
   -1   -2    0    3    5   -0.002264   -0.056428
   -1   -2    0    4    5    0.001184    0.022239
   -1   -2    0    5    5   -0.047170   -0.007508
   -1   -2    0    6    5   -0.030595    0.078964
   -1   -2    0    7    5    0.010892   -0.016626
   -1   -2    0    8    5   -0.181847    0.116694
   -1   -2    0    9    5   -0.031542   -0.014544
   -1   -2    0   10    5   -0.051272    0.070733
   -1   -2    0   11    5   -0.058347    0.038252
   -1   -2    0    1    6    0.057648    0.025009
   -1   -2    0    2    6   -0.077726    0.059538
   -1   -2    0    3    6   -0.198923    0.031903
   -1   -2    0    4    6    0.175776   -0.034129
   -1   -2    0    5    6    0.280356   -0.073466
   -1   -2    0    6    6   -0.072537    0.010663
   -1   -2    0    7    6    0.094489   -0.067039
   -1   -2    0    8    6   -0.249494   -0.101016
   -1   -2    0    9    6    0.057908   -0.018804
   -1   -2    0   10    6    0.002570    0.038836
   -1   -2    0   11    6    0.093746   -0.143844
   -1   -2    0    1    7   -0.193198    0.028557
   -1   -2    0    2    7   -0.022457    0.083925
   -1   -2    0    3    7   -0.022211   -0.081001
   -1   -2    0    4    7   -0.305605   -0.032916
   -1   -2    0    5    7   -0.105527    0.090487
   -1   -2    0    6    7   -0.033766    0.084152
   -1   -2    0    7    7   -0.060310    0.052610
   -1   -2    0    8    7   -0.265102    0.136635
   -1   -2    0    9    7   -0.054855   -0.027718
   -1   -2    0   10    7   -0.001264   -0.001463
   -1   -2    0   11    7   -0.036155    0.021533
   -1   -2    0    1    8   -0.074949   -0.026635
   -1   -2    0    2    8    0.072478    0.044923
   -1   -2    0    3    8   -0.098034   -0.045967
   -1   -2    0    4    8    0.016361    0.089948
   -1   -2    0    5    8   -0.096668   -0.029839
   -1   -2    0    6    8    0.019492   -0.009839
   -1   -2    0    7    8   -0.029476    0.002986
   -1   -2    0    8    8    0.082564    0.012929
   -1   -2    0    9    8    0.021638   -0.008967
   -1   -2    0   10    8    0.020286   -0.006953
   -1   -2    0   11    8   -0.014481    0.026121
   -1   -2    0    1    9   -0.252364    0.018909
   -1   -2    0    2    9   -0.076314    0.045529
   -1   -2    0    3    9   -0.089575    0.056557
   -1   -2    0    4    9    0.161948    0.079370
   -1   -2    0    5    9    0.342908    0.003661
   -1   -2    0    6    9    0.059936    0.009615
   -1   -2    0    7    9   -0.230326   -0.011106
   -1   -2    0    8    9    0.258508   -0.024830
   -1   -2    0    9    9    0.005470    0.005385
   -1   -2    0   10    9    0.046846    0.020715
   -1   -2    0   11    9    0.241377    0.139458
   -1   -2    0    1   10    0.201242   -0.130757
   -1   -2    0    2   10   -0.268866   -0.034351
   -1   -2    0    3   10    0.128949    0.060444
   -1   -2    0    4   10    0.106993    0.107866
   -1   -2    0    5   10    0.515543   -0.123439
   -1   -2    0    6   10   -0.085934   -0.034893
   -1   -2    0    7   10    0.130431   -0.018259
   -1   -2    0    8   10    0.091571   -0.085039
   -1   -2    0    9   10   -0.016732   -0.064337
   -1   -2    0   10   10    0.016499    0.001274
   -1   -2    0   11   10   -0.293310   -0.165895
   -1   -2    0    1   11    0.008954    0.008115
   -1   -2    0    2   11   -0.066895    0.015548
   -1   -2    0    3   11    0.117216    0.009229
   -1   -2    0    4   11   -0.085705   -0.148565
   -1   -2    0    5   11   -0.036535    0.030394
   -1   -2    0    6   11   -0.020003    0.033863
   -1   -2    0    7   11    0.046597   -0.002853
   -1   -2    0    8   11   -0.129089   -0.012082
   -1   -2    0    9   11   -0.023263    0.014848
   -1   -2    0   10   11    0.007951   -0.013182
   -1   -2    0   11   11    0.007682    0.016741
   -1   -1    0    1    1    0.240152   -0.040788
   -1   -1    0    2    1    0.191717   -0.035281
   -1   -1    0    3    1    0.005894   -0.030750
   -1   -1    0    4    1    0.145600    0.094005
   -1   -1    0    5    1    0.210032    0.031961
   -1   -1    0    6    1    0.017318   -0.049701
   -1   -1    0    7    1   -0.089073   -0.124482
   -1   -1    0    8    1   -0.242092    0.123999
   -1   -1    0    9    1    0.112807    0.020835
   -1   -1    0   10    1   -0.026548   -0.008054
   -1   -1    0   11    1    0.285566   -0.144952
   -1   -1    0    1    2    0.001256   -0.043614
   -1   -1    0    2    2    0.156157    0.024872
   -1   -1    0    3    2    0.061608    0.016652
   -1   -1    0    4    2    0.030215   -0.021868
   -1   -1    0    5    2   -0.018252    0.026385
   -1   -1    0    6    2   -0.091910    0.057482
   -1   -1    0    7    2   -0.020961   -0.029261
   -1   -1    0    8    2    0.176724   -0.097832
   -1   -1    0    9    2    0.018505   -0.034346
   -1   -1    0   10    2    0.044442    0.012883
   -1   -1    0   11    2    0.103701   -0.090860
   -1   -1    0    1    3    0.002407    0.009241
   -1   -1    0    2    3    0.115161    0.042291
   -1   -1    0    3    3    0.366991    0.085485
   -1   -1    0    4    3   -0.246619    0.004109
   -1   -1    0    5    3   -0.026890    0.102839
   -1   -1    0    6    3   -0.196884   -0.026567
   -1   -1    0    7    3   -0.065278   -0.041862
   -1   -1    0    8    3   -0.385456    0.214397
   -1   -1    0    9    3   -0.073677   -0.031462
   -1   -1    0   10    3    0.194819    0.023412
   -1   -1    0   11    3   -0.257938   -0.087241
   -1   -1    0    1    4    0.109106   -0.071997
   -1   -1    0    2    4    0.063793   -0.003554
   -1   -1    0    3    4   -0.152527    0.020971
   -1   -1    0    4    4    0.076377   -0.016462
   -1   -1    0    5    4    0.148846   -0.028222
   -1   -1    0    6    4    0.094723   -0.093705
   -1   -1    0    7    4    0.046131    0.097871
   -1   -1    0    8    4    0.354061   -0.040538
   -1   -1    0    9    4    0.152907   -0.129182
   -1   -1    0   10    4   -0.164298    0.002345
   -1   -1    0   11    4   -0.133846   -0.056593
   -1   -1    0    1    5    0.099013   -0.017365
   -1   -1    0    2    5   -0.167516   -0.013737
   -1   -1    0    3    5   -0.068158   -0.019287
   -1   -1    0    4    5    0.213332    0.105432
   -1   -1    0    5    5    0.304583   -0.055214
   -1   -1    0    6    5   -0.024744   -0.021985
   -1   -1    0    7    5   -0.010005   -0.103109
   -1   -1    0    8    5    0.230058   -0.136962
   -1   -1    0    9    5    0.064733    0.038403
   -1   -1    0   10    5   -0.013478    0.039618
   -1   -1    0   11    5    0.093709    0.058673
   -1   -1    0    1    6    0.229078    0.079636
   -1   -1    0    2    6    0.442321    0.044770
   -1   -1    0    3    6    0.153585   -0.032847
   -1   -1    0    4    6    0.052426    0.139520
   -1   -1    0    5    6   -0.211658    0.039947
   -1   -1    0    6    6   -0.602180   -0.059874
   -1   -1    0    7    6    0.229222    0.045103
   -1   -1    0    8    6   -0.093956    0.108355
   -1   -1    0    9    6    0.001162   -0.040034
   -1   -1    0   10    6   -0.064789    0.012795
   -1   -1    0   11    6    0.010887   -0.165713
   -1   -1    0    1    7    0.185920    0.160293
   -1   -1    0    2    7   -0.381297   -0.089755
   -1   -1    0    3    7   -0.230676   -0.076238
   -1   -1    0    4    7    0.353357    0.009468
   -1   -1    0    5    7    0.465295   -0.050688
   -1   -1    0    6    7    0.144140   -0.182232
   -1   -1    0    7    7    0.371905    0.027647
   -1   -1    0    8    7    0.733362   -0.085456
   -1   -1    0    9    7    0.296524    0.197899
   -1   -1    0   10    7    0.060460    0.022010
   -1   -1    0   11    7   -0.185699   -0.046217
   -1   -1    0    1    8    0.074199   -0.031417
   -1   -1    0    2    8   -0.450550   -0.197186
   -1   -1    0    3    8   -0.258434   -0.038618
   -1   -1    0    4    8    0.222263    0.045819
   -1   -1    0    5    8    0.327761   -0.032758
   -1   -1    0    6    8    0.010083   -0.008420
   -1   -1    0    7    8    0.056204   -0.086936
   -1   -1    0    8    8    0.365457    0.023692
   -1   -1    0    9    8   -0.117595    0.073385
   -1   -1    0   10    8    0.030156   -0.013607
   -1   -1    0   11    8   -0.110846    0.094135
   -1   -1    0    1    9    0.104408    0.051028
   -1   -1    0    2    9   -0.076531   -0.061009
   -1   -1    0    3    9    0.019907   -0.110319
   -1   -1    0    4    9    0.070158    0.073272
   -1   -1    0    5    9   -0.197572    0.191185
   -1   -1    0    6    9    0.090552   -0.130868
   -1   -1    0    7    9    0.054485    0.037989
   -1   -1    0    8    9    0.184202    0.008022
   -1   -1    0    9    9    0.049143    0.128383
   -1   -1    0   10    9    0.083562   -0.136198
   -1   -1    0   11    9    0.247610   -0.211286
   -1   -1    0    1   10   -0.441458   -0.077208
   -1   -1    0    2   10    0.757385   -0.005027
   -1   -1    0    3   10    0.222597    0.190998
   -1   -1    0    4   10   -0.398444   -0.031475
   -1   -1    0    5   10   -0.335098    0.030777
   -1   -1    0    6   10   -0.435031    0.063678
   -1   -1    0    7   10    0.166597    0.116598
   -1   -1    0    8   10   -0.930462    0.192538
   -1   -1    0    9   10   -0.410776   -0.264229
   -1   -1    0   10   10   -0.145269   -0.066505
   -1   -1    0   11   10   -0.255495   -0.201159
   -1   -1    0    1   11   -0.055079    0.012526
   -1   -1    0    2   11   -0.324241   -0.046188
   -1   -1    0    3   11   -0.014710    0.104542
   -1   -1    0    4   11   -0.221174   -0.145347
   -1   -1    0    5   11    0.147835    0.059984
   -1   -1    0    6   11   -0.072432    0.028874
   -1   -1    0    7   11    0.035661    0.181073
   -1   -1    0    8   11    0.091967   -0.158130
   -1   -1    0    9   11    0.171947    0.036391
   -1   -1    0   10   11    0.087238    0.080601
   -1   -1    0   11   11   -0.335692   -0.051236
   -1    0    0    1    1    0.279455   -0.057297
   -1    0    0    2    1    0.109283    0.117675
   -1    0    0    3    1    0.143854    0.019700
   -1    0    0    4    1   -0.065704   -0.101025
   -1    0    0    5    1    0.069655   -0.013114
   -1    0    0    6    1    0.308895    0.037685
   -1    0    0    7    1    0.296281    0.084179
   -1    0    0    8    1   -0.490046   -0.099227
   -1    0    0    9    1   -0.420437    0.026367
   -1    0    0   10    1    0.019408    0.071361
   -1    0    0   11    1    0.166150   -0.086402
   -1    0    0    1    2   -0.004039   -0.003012
   -1    0    0    2    2    0.289954   -0.072669
   -1    0    0    3    2   -0.060855   -0.010966
   -1    0    0    4    2    0.022864    0.008639
   -1    0    0    5    2    0.024745   -0.030419
   -1    0    0    6    2    0.172674    0.011093
   -1    0    0    7    2    0.125802   -0.035611
   -1    0    0    8    2   -0.269248   -0.035352
   -1    0    0    9    2   -0.010058    0.148725
   -1    0    0   10    2   -0.116103   -0.002511
   -1    0    0   11    2   -0.085387    0.003361
   -1    0    0    1    3    0.070590   -0.062452
   -1    0    0    2    3   -0.093582   -0.036309
   -1    0    0    3    3   -0.047922    0.061724
   -1    0    0    4    3    0.129120    0.013183
   -1    0    0    5    3    0.097474    0.011424
   -1    0    0    6    3   -0.059085   -0.126923
   -1    0    0    7    3   -0.096823    0.012824
   -1    0    0    8    3    0.166160   -0.003841
   -1    0    0    9    3    0.228797   -0.206259
   -1    0    0   10    3    0.101981   -0.004391
   -1    0    0   11    3   -0.179830    0.058075
   -1    0    0    1    4    0.123402   -0.007668
   -1    0    0    2    4   -0.113112    0.028492
   -1    0    0    3    4   -0.061197    0.087331
   -1    0    0    4    4    0.017960   -0.011058
   -1    0    0    5    4    0.040968   -0.003237
   -1    0    0    6    4    0.573438   -0.069393
   -1    0    0    7    4   -0.409403    0.147267
   -1    0    0    8    4    0.315306   -0.169643
   -1    0    0    9    4   -0.047248   -0.123835
   -1    0    0   10    4    0.138430   -0.004317
   -1    0    0   11    4   -0.101912    0.085945
   -1    0    0    1    5   -0.107483    0.028100
   -1    0    0    2    5   -0.059645    0.048345
   -1    0    0    3    5   -0.044822    0.001105
   -1    0    0    4    5   -0.014619   -0.211077
   -1    0    0    5    5    0.296586   -0.005241
   -1    0    0    6    5    0.155947    0.049147
   -1    0    0    7    5    0.259117    0.001903
   -1    0    0    8    5   -0.492344    0.051943
   -1    0    0    9    5   -0.090941    0.004948
   -1    0    0   10    5   -0.162358   -0.044037
   -1    0    0   11    5   -0.090603    0.034296
   -1    0    0    1    6   -0.054037   -0.088948
   -1    0    0    2    6    0.056047   -0.034723
   -1    0    0    3    6    0.010016   -0.022264
   -1    0    0    4    6    0.157783    0.094934
   -1    0    0    5    6   -0.010311    0.051862
   -1    0    0    6    6    0.007379   -0.067832
   -1    0    0    7    6   -0.132567   -0.069732
   -1    0    0    8    6    0.070459    0.006095
   -1    0    0    9    6   -0.313557   -0.055582
   -1    0    0   10    6   -0.140771   -0.063367
   -1    0    0   11    6    0.234121   -0.048589
   -1    0    0    1    7   -0.082908   -0.052571
   -1    0    0    2    7    0.018300   -0.121803
   -1    0    0    3    7    0.103983    0.021054
   -1    0    0    4    7   -0.006851    0.045659
   -1    0    0    5    7   -0.330585    0.032407
   -1    0    0    6    7   -0.057219    0.308124
   -1    0    0    7    7   -0.006599    0.008666
   -1    0    0    8    7   -0.002436    0.022832
   -1    0    0    9    7   -0.214437   -0.045238
   -1    0    0   10    7   -0.154687    0.017760
   -1    0    0   11    7    0.111416   -0.119460
   -1    0    0    1    8   -0.069264   -0.024887
   -1    0    0    2    8    0.120803    0.030748
   -1    0    0    3    8    0.302169    0.153569
   -1    0    0    4    8   -0.238867   -0.204851
   -1    0    0    5    8    0.007869   -0.059046
   -1    0    0    6    8   -0.350889   -0.120665
   -1    0    0    7    8   -0.122495   -0.327637
   -1    0    0    8    8    0.043106    0.035666
   -1    0    0    9    8   -0.040627    0.011377
   -1    0    0   10    8    0.018018    0.024656
   -1    0    0   11    8    0.052102   -0.064747
   -1    0    0    1    9   -0.294623   -0.008143
   -1    0    0    2    9   -0.329673    0.139222
   -1    0    0    3    9    0.171532    0.109740
   -1    0    0    4    9    0.247689   -0.183364
   -1    0    0    5    9    0.236519   -0.119459
   -1    0    0    6    9   -0.772187    0.208801
   -1    0    0    7    9   -0.156899   -0.408385
   -1    0    0    8    9    0.138449   -0.106606
   -1    0    0    9    9   -0.119666    0.101548
   -1    0    0   10    9   -0.222399    0.024728
   -1    0    0   11    9    0.134225   -0.099771
   -1    0    0    1   10    0.569782    0.004016
   -1    0    0    2   10    0.141771    0.090487
   -1    0    0    3   10   -0.500842    0.074766
   -1    0    0    4   10    0.314552    0.158645
   -1    0    0    5   10    0.301144    0.062718
   -1    0    0    6   10    0.236671   -0.047088
   -1    0    0    7   10   -0.320724    0.087739
   -1    0    0    8   10    0.099076   -0.098713
   -1    0    0    9   10   -0.336933   -0.042265
   -1    0    0   10   10    0.016448   -0.069473
   -1    0    0   11   10   -0.443262    0.182957
   -1    0    0    1   11    0.091783    0.013183
   -1    0    0    2   11   -0.026015    0.048169
   -1    0    0    3   11    0.142796    0.183794
   -1    0    0    4   11   -0.148101   -0.016641
   -1    0    0    5   11   -0.093239   -0.075074
   -1    0    0    6   11    0.134834   -0.204764
   -1    0    0    7   11   -0.379444    0.340803
   -1    0    0    8   11   -0.391592   -0.134146
   -1    0    0    9   11    0.420893   -0.217133
   -1    0    0   10   11    0.119475   -0.052248
   -1    0    0   11   11    0.071031    0.075966
   -1    1    0    1    1    0.089514    0.087660
   -1    1    0    2    1   -0.005144    0.076041
   -1    1    0    3    1   -0.050157   -0.059782
   -1    1    0    4    1    0.005463   -0.052379
   -1    1    0    5    1    0.132695   -0.025436
   -1    1    0    6    1    0.150545    0.026525
   -1    1    0    7    1    0.346387    0.016019
   -1    1    0    8    1   -0.063257   -0.014869
   -1    1    0    9    1    0.224952   -0.024920
   -1    1    0   10    1    0.061797    0.106260
   -1    1    0   11    1    0.021944    0.056040
   -1    1    0    1    2   -0.008062    0.029382
   -1    1    0    2    2    0.068908   -0.027394
   -1    1    0    3    2    0.002501    0.002787
   -1    1    0    4    2    0.088991   -0.017244
   -1    1    0    5    2    0.044566    0.023092
   -1    1    0    6    2   -0.460797    0.163383
   -1    1    0    7    2   -0.103342   -0.160329
   -1    1    0    8    2    0.020809   -0.040665
   -1    1    0    9    2   -0.025912    0.104322
   -1    1    0   10    2    0.023583    0.041140
   -1    1    0   11    2   -0.009392   -0.066132
   -1    1    0    1    3   -0.018960   -0.006603
   -1    1    0    2    3   -0.022539   -0.005544
   -1    1    0    3    3    0.012910   -0.032885
   -1    1    0    4    3   -0.030351    0.055649
   -1    1    0    5    3   -0.016476   -0.023510
   -1    1    0    6    3   -0.130486    0.023686
   -1    1    0    7    3    0.143799    0.180157
   -1    1    0    8    3   -0.017903   -0.000259
   -1    1    0    9    3    0.120288   -0.090721
   -1    1    0   10    3   -0.019677   -0.012455
   -1    1    0   11    3   -0.014812    0.058604
   -1    1    0    1    4   -0.055530    0.019981
   -1    1    0    2    4   -0.043065    0.000886
   -1    1    0    3    4    0.007557    0.064174
   -1    1    0    4    4    0.023017    0.020881
   -1    1    0    5    4   -0.111850    0.002285
   -1    1    0    6    4    0.078787    0.049099
   -1    1    0    7    4    0.025826    0.090013
   -1    1    0    8    4   -0.036200   -0.023780
   -1    1    0    9    4    0.071070   -0.038136
   -1    1    0   10    4    0.009580    0.041198
   -1    1    0   11    4    0.104161    0.096123
   -1    1    0    1    5    0.090858    0.103137
   -1    1    0    2    5    0.027772    0.002097
   -1    1    0    3    5    0.023748   -0.011949
   -1    1    0    4    5   -0.081289   -0.110755
   -1    1    0    5    5   -0.117252    0.037505
   -1    1    0    6    5   -0.153784    0.117225
   -1    1    0    7    5   -0.272630   -0.096947
   -1    1    0    8    5   -0.168481    0.059474
   -1    1    0    9    5    0.166905    0.113007
   -1    1    0   10    5    0.144603    0.044122
   -1    1    0   11    5   -0.074822    0.003162
   -1    1    0    1    6   -0.044743   -0.093375
   -1    1    0    2    6    0.001372   -0.017756
   -1    1    0    3    6   -0.002237   -0.013868
   -1    1    0    4    6    0.050718   -0.014151
   -1    1    0    5    6    0.022449    0.036363
   -1    1    0    6    6   -0.200439   -0.140885
   -1    1    0    7    6    0.098813   -0.025188
   -1    1    0    8    6   -0.014961   -0.020246
   -1    1    0    9    6   -0.016227   -0.039576
   -1    1    0   10    6   -0.038324   -0.044121
   -1    1    0   11    6    0.029038    0.006812
   -1    1    0    1    7   -0.077987   -0.073501
   -1    1    0    2    7    0.088048   -0.019309
   -1    1    0    3    7    0.000851    0.034376
   -1    1    0    4    7    0.001039    0.035935
   -1    1    0    5    7   -0.037574    0.029755
   -1    1    0    6    7    0.038067   -0.234670
   -1    1    0    7    7    0.355975   -0.069729
   -1    1    0    8    7   -0.066831    0.057478
   -1    1    0    9    7    0.065654   -0.011728
   -1    1    0   10    7    0.032088   -0.043044
   -1    1    0   11    7    0.034289    0.054960
   -1    1    0    1    8   -0.012985   -0.006445
   -1    1    0    2    8   -0.036639   -0.065671
   -1    1    0    3    8   -0.058182   -0.081762
   -1    1    0    4    8    0.046999   -0.011089
   -1    1    0    5    8   -0.046448   -0.004516
   -1    1    0    6    8    0.131170   -0.152531
   -1    1    0    7    8    0.148867    0.005145
   -1    1    0    8    8   -0.108135   -0.000436
   -1    1    0    9    8    0.022147    0.169381
   -1    1    0   10    8    0.054290    0.048751
   -1    1    0   11    8    0.052872   -0.035817
   -1    1    0    1    9   -0.008702   -0.006890
   -1    1    0    2    9   -0.048027    0.112493
   -1    1    0    3    9    0.035900   -0.009134
   -1    1    0    4    9    0.030144    0.043829
   -1    1    0    5    9    0.025533    0.038037
   -1    1    0    6    9   -0.156508    0.113913
   -1    1    0    7    9    0.010116    0.048378
   -1    1    0    8    9   -0.115810   -0.022868
   -1    1    0    9    9    0.089043    0.124484
   -1    1    0   10    9    0.001826    0.048865
   -1    1    0   11    9    0.011781    0.043065
   -1    1    0    1   10    0.049997   -0.019248
   -1    1    0    2   10   -0.088935   -0.047048
   -1    1    0    3   10   -0.233660   -0.030142
   -1    1    0    4   10   -0.107731    0.021482
   -1    1    0    5   10    0.002302   -0.020515
   -1    1    0    6   10   -0.122115    0.047397
   -1    1    0    7   10   -0.070274    0.045008
   -1    1    0    8   10    0.150414   -0.074132
   -1    1    0    9   10    0.103820   -0.049334
   -1    1    0   10   10   -0.079695   -0.055424
   -1    1    0   11   10   -0.004256    0.038863
   -1    1    0    1   11    0.000145    0.034928
   -1    1    0    2   11   -0.334780    0.079650
   -1    1    0    3   11   -0.006701   -0.031544
   -1    1    0    4   11    0.279798    0.077901
   -1    1    0    5   11    0.131465   -0.071313
   -1    1    0    6   11   -0.161568    0.132145
   -1    1    0    7   11    0.125180    0.177479
   -1    1    0    8   11    0.100212   -0.004173
   -1    1    0    9   11    0.278541   -0.100714
   -1    1    0   10   11    0.040477    0.018934
   -1    1    0   11   11   -0.171140    0.056223
   -1    2    0    1    1    0.005173    0.021772
   -1    2    0    2    1   -0.027525   -0.016863
   -1    2    0    3    1   -0.017518   -0.063282
   -1    2    0    4    1    0.004160    0.029449
   -1    2    0    5    1    0.041655   -0.022363
   -1    2    0    6    1    0.199839    0.162589
   -1    2    0    7    1   -0.057367    0.043280
   -1    2    0    8    1    0.070322    0.046268
   -1    2    0    9    1   -0.086453   -0.054428
   -1    2    0   10    1   -0.031295    0.072091
   -1    2    0   11    1   -0.017627    0.024030
   -1    2    0    1    2   -0.010587    0.048438
   -1    2    0    2    2    0.040754   -0.034126
   -1    2    0    3    2    0.038782    0.004444
   -1    2    0    4    2    0.005985    0.011945
   -1    2    0    5    2    0.008554    0.027176
   -1    2    0    6    2    0.050059    0.040073
   -1    2    0    7    2   -0.132723   -0.024859
   -1    2    0    8    2    0.029497   -0.010439
   -1    2    0    9    2   -0.046279    0.080187
   -1    2    0   10    2    0.035747    0.029965
   -1    2    0   11    2    0.032205   -0.040609
   -1    2    0    1    3   -0.022232   -0.009251
   -1    2    0    2    3    0.001195    0.003617
   -1    2    0    3    3    0.026610   -0.015556
   -1    2    0    4    3   -0.011252    0.009319
   -1    2    0    5    3   -0.010473   -0.006223
   -1    2    0    6    3   -0.087758   -0.044850
   -1    2    0    7    3    0.091887    0.007174
   -1    2    0    8    3   -0.004018    0.016871
   -1    2    0    9    3    0.025697   -0.040882
   -1    2    0   10    3    0.019917    0.009599
   -1    2    0   11    3    0.018701    0.014952
   -1    2    0    1    4   -0.045233   -0.018428
   -1    2    0    2    4   -0.013489    0.005514
   -1    2    0    3    4    0.021072   -0.035118
   -1    2    0    4    4    0.029870    0.046130
   -1    2    0    5    4   -0.011643    0.011672
   -1    2    0    6    4   -0.067666    0.026363
   -1    2    0    7    4    0.039569    0.069357
   -1    2    0    8    4   -0.023944   -0.048771
   -1    2    0    9    4    0.002025   -0.050584
   -1    2    0   10    4   -0.005380    0.020634
   -1    2    0   11    4    0.029629    0.055511
   -1    2    0    1    5    0.075672    0.072657
   -1    2    0    2    5    0.005070    0.011960
   -1    2    0    3    5   -0.013695   -0.018438
   -1    2    0    4    5    0.019022    0.019511
   -1    2    0    5    5    0.036875   -0.008272
   -1    2    0    6    5    0.054679    0.026106
   -1    2    0    7    5   -0.094991    0.066444
   -1    2    0    8    5    0.011984   -0.009496
   -1    2    0    9    5   -0.005414    0.082525
   -1    2    0   10    5   -0.014761    0.001036
   -1    2    0   11    5   -0.011220    0.046647
   -1    2    0    1    6   -0.005796    0.009785
   -1    2    0    2    6   -0.005856    0.002649
   -1    2    0    3    6   -0.018321   -0.006041
   -1    2    0    4    6   -0.013534   -0.023522
   -1    2    0    5    6    0.023470   -0.015951
   -1    2    0    6    6   -0.058704   -0.009186
   -1    2    0    7    6    0.028512    0.004269
   -1    2    0    8    6    0.005058   -0.016119
   -1    2    0    9    6    0.002648    0.000470
   -1    2    0   10    6    0.001170    0.017746
   -1    2    0   11    6   -0.059984   -0.023071
   -1    2    0    1    7    0.010291    0.009415
   -1    2    0    2    7   -0.023756    0.010886
   -1    2    0    3    7   -0.005377   -0.012109
   -1    2    0    4    7   -0.011113    0.003317
   -1    2    0    5    7   -0.010209   -0.020023
   -1    2    0    6    7    0.103152    0.031068
   -1    2    0    7    7   -0.113675   -0.012280
   -1    2    0    8    7    0.027707   -0.015905
   -1    2    0    9    7   -0.011947   -0.030916
   -1    2    0   10    7   -0.006222    0.011927
   -1    2    0   11    7   -0.035472   -0.012532
   -1    2    0    1    8    0.036669    0.006450
   -1    2    0    2    8   -0.014913    0.010448
   -1    2    0    3    8   -0.011484   -0.033080
   -1    2    0    4    8    0.043122    0.001204
   -1    2    0    5    8   -0.027788    0.012972
   -1    2    0    6    8    0.071015   -0.026718
   -1    2    0    7    8   -0.068360    0.004015
   -1    2    0    8    8    0.000353    0.000089
   -1    2    0    9    8    0.049787    0.025761
   -1    2    0   10    8    0.013915    0.002825
   -1    2    0   11    8   -0.022252   -0.035164
   -1    2    0    1    9    0.006313    0.033961
   -1    2    0    2    9    0.003037    0.007041
   -1    2    0    3    9   -0.008182   -0.029873
   -1    2    0    4    9    0.016739    0.021015
   -1    2    0    5    9    0.015508    0.034856
   -1    2    0    6    9   -0.124360   -0.019797
   -1    2    0    7    9   -0.011552    0.013205
   -1    2    0    8    9   -0.020706    0.026278
   -1    2    0    9    9    0.026699   -0.007504
   -1    2    0   10    9   -0.006880    0.006536
   -1    2    0   11    9   -0.001305   -0.024300
   -1    2    0    1   10   -0.052922   -0.047702
   -1    2    0    2   10    0.014834   -0.018757
   -1    2    0    3   10   -0.016645   -0.037771
   -1    2    0    4   10   -0.076254   -0.002554
   -1    2    0    5   10   -0.011790   -0.044085
   -1    2    0    6   10   -0.120042   -0.032849
   -1    2    0    7   10    0.020412    0.018410
   -1    2    0    8   10    0.018343   -0.014394
   -1    2    0    9   10    0.064251   -0.051584
   -1    2    0   10   10    0.021208   -0.012131
   -1    2    0   11   10    0.028711    0.018103
   -1    2    0    1   11   -0.027586    0.014195
   -1    2    0    2   11   -0.103797    0.035516
   -1    2    0    3   11   -0.045548   -0.013684
   -1    2    0    4   11    0.038990    0.046427
   -1    2    0    5   11   -0.015724    0.010621
   -1    2    0    6   11   -0.055427    0.274978
   -1    2    0    7   11   -0.217998   -0.051719
   -1    2    0    8   11    0.028189    0.013334
   -1    2    0    9   11    0.006895    0.038359
   -1    2    0   10   11   -0.037051    0.025147
   -1    2    0   11   11   -0.006527    0.031067
   -1    3    0    1    1   -0.002735   -0.037253
   -1    3    0    2    1    0.030766   -0.015332
   -1    3    0    3    1   -0.006043   -0.008708
   -1    3    0    4    1   -0.004968    0.026469
   -1    3    0    5    1   -0.015761    0.002113
   -1    3    0    6    1   -0.038049    0.021890
   -1    3    0    7    1   -0.039068   -0.016910
   -1    3    0    8    1   -0.002743    0.022165
   -1    3    0    9    1   -0.015501    0.014581
   -1    3    0   10    1    0.027862    0.001976
   -1    3    0   11    1    0.010417   -0.014315
   -1    3    0    1    2   -0.013091   -0.008654
   -1    3    0    2    2   -0.017938    0.008403
   -1    3    0    3    2    0.013433    0.023197
   -1    3    0    4    2    0.011845    0.002918
   -1    3    0    5    2    0.003798   -0.002052
   -1    3    0    6    2   -0.004540    0.023621
   -1    3    0    7    2   -0.016870    0.013342
   -1    3    0    8    2   -0.003917   -0.016768
   -1    3    0    9    2   -0.012467    0.028404
   -1    3    0   10    2   -0.002362    0.022029
   -1    3    0   11    2    0.014969   -0.034694
   -1    3    0    1    3   -0.012509    0.002639
   -1    3    0    2    3   -0.007495    0.021414
   -1    3    0    3    3    0.005402    0.003262
   -1    3    0    4    3   -0.003961   -0.007877
   -1    3    0    5    3    0.007657   -0.008178
   -1    3    0    6    3   -0.002732   -0.039206
   -1    3    0    7    3   -0.010616   -0.028965
   -1    3    0    8    3   -0.011757    0.001159
   -1    3    0    9    3   -0.006425    0.009213
   -1    3    0   10    3    0.006893    0.014765
   -1    3    0   11    3   -0.000268   -0.008108
   -1    3    0    1    4    0.002550    0.008254
   -1    3    0    2    4   -0.019433    0.022974
   -1    3    0    3    4    0.001115   -0.002925
   -1    3    0    4    4   -0.008468    0.001671
   -1    3    0    5    4    0.002170   -0.002069
   -1    3    0    6    4   -0.043042   -0.031094
   -1    3    0    7    4   -0.014012    0.020921
   -1    3    0    8    4    0.002275   -0.012890
   -1    3    0    9    4    0.014810   -0.032928
   -1    3    0   10    4   -0.018528    0.004700
   -1    3    0   11    4   -0.033525    0.038272
   -1    3    0    1    5    0.029787    0.005725
   -1    3    0    2    5    0.007797    0.009587
   -1    3    0    3    5   -0.015877    0.008385
   -1    3    0    4    5    0.022563   -0.007591
   -1    3    0    5    5    0.025247   -0.016285
   -1    3    0    6    5    0.026329    0.099593
   -1    3    0    7    5    0.000732    0.003688
   -1    3    0    8    5    0.022259   -0.029335
   -1    3    0    9    5    0.010710   -0.016952
   -1    3    0   10    5   -0.048096    0.024117
   -1    3    0   11    5   -0.004776   -0.000078
   -1    3    0    1    6   -0.029876    0.026515
   -1    3    0    2    6   -0.016663   -0.004378
   -1    3    0    3    6   -0.015849   -0.000297
   -1    3    0    4    6   -0.010725   -0.027227
   -1    3    0    5    6   -0.003040   -0.001629
   -1    3    0    6    6   -0.020546    0.018877
   -1    3    0    7    6    0.014340    0.005509
   -1    3    0    8    6    0.005110   -0.006511
   -1    3    0    9    6    0.004106    0.019638
   -1    3    0   10    6    0.003543    0.020046
   -1    3    0   11    6   -0.016925    0.000093
   -1    3    0    1    7   -0.010009    0.017267
   -1    3    0    2    7   -0.004429   -0.001315
   -1    3    0    3    7    0.024135   -0.012524
   -1    3    0    4    7   -0.011933   -0.000998
   -1    3    0    5    7   -0.010690   -0.013372
   -1    3    0    6    7    0.022675   -0.021946
   -1    3    0    7    7    0.001582    0.039307
   -1    3    0    8    7   -0.012174   -0.005889
   -1    3    0    9    7   -0.023777    0.027928
   -1    3    0   10    7    0.003499    0.007758
   -1    3    0   11    7    0.012690   -0.003839
   -1    3    0    1    8    0.001072   -0.011182
   -1    3    0    2    8   -0.009568   -0.011384
   -1    3    0    3    8    0.011356    0.007164
   -1    3    0    4    8    0.005616    0.007440
   -1    3    0    5    8   -0.013413   -0.019767
   -1    3    0    6    8   -0.019954   -0.023486
   -1    3    0    7    8   -0.019375    0.003701
   -1    3    0    8    8   -0.000849    0.000240
   -1    3    0    9    8    0.001992   -0.020761
   -1    3    0   10    8   -0.003506    0.000768
   -1    3    0   11    8   -0.001921    0.013033
   -1    3    0    1    9   -0.009563    0.034963
   -1    3    0    2    9    0.007890   -0.007038
   -1    3    0    3    9    0.001483    0.005564
   -1    3    0    4    9   -0.009287    0.013853
   -1    3    0    5    9   -0.002249   -0.004424
   -1    3    0    6    9   -0.037103    0.039846
   -1    3    0    7    9   -0.009608    0.003979
   -1    3    0    8    9   -0.002748    0.006898
   -1    3    0    9    9   -0.003187   -0.003014
   -1    3    0   10    9    0.005704    0.011819
   -1    3    0   11    9   -0.021641    0.012990
   -1    3    0    1   10   -0.021236   -0.018395
   -1    3    0    2   10    0.019160    0.015726
   -1    3    0    3   10    0.011895    0.000106
   -1    3    0    4   10   -0.026028   -0.020727
   -1    3    0    5   10   -0.001573    0.010142
   -1    3    0    6   10   -0.015277   -0.020370
   -1    3    0    7   10   -0.009928   -0.013611
   -1    3    0    8   10    0.004330   -0.002652
   -1    3    0    9   10    0.012511   -0.011137
   -1    3    0   10   10    0.007006   -0.005756
   -1    3    0   11   10   -0.008394    0.006919
   -1    3    0    1   11    0.011996   -0.010098
   -1    3    0    2   11    0.009991    0.016784
   -1    3    0    3   11   -0.006301    0.013970
   -1    3    0    4   11   -0.052958    0.014828
   -1    3    0    5   11   -0.004199    0.021476
   -1    3    0    6   11   -0.091641   -0.029763
   -1    3    0    7   11    0.010115   -0.038805
   -1    3    0    8   11   -0.026205    0.009798
   -1    3    0    9   11    0.008660   -0.014907
   -1    3    0   10   11   -0.003965    0.003956
   -1    3    0   11   11    0.011280   -0.009452
   -1    4    0    1    1   -0.004670   -0.001656
   -1    4    0    2    1    0.031694   -0.011271
   -1    4    0    3    1   -0.011656    0.013389
   -1    4    0    4    1    0.006361   -0.000676
   -1    4    0    5    1   -0.016088    0.008653
   -1    4    0    6    1    0.004846   -0.031653
   -1    4    0    7    1    0.024436   -0.024910
   -1    4    0    8    1   -0.012487    0.004933
   -1    4    0    9    1    0.011915    0.017162
   -1    4    0   10    1    0.041148   -0.019204
   -1    4    0   11    1    0.003833   -0.028463
   -1    4    0    1    2   -0.008031   -0.012319
   -1    4    0    2    2   -0.021328    0.008282
   -1    4    0    3    2   -0.003144   -0.009157
   -1    4    0    4    2   -0.011528   -0.018809
   -1    4    0    5    2   -0.003746    0.004713
   -1    4    0    6    2   -0.014364   -0.002578
   -1    4    0    7    2    0.018835    0.020987
   -1    4    0    8    2    0.000599   -0.006982
   -1    4    0    9    2   -0.002216    0.003489
   -1    4    0   10    2   -0.024776    0.001615
   -1    4    0   11    2    0.001933   -0.001107
   -1    4    0    1    3   -0.007939   -0.001550
   -1    4    0    2    3    0.011841    0.012714
   -1    4    0    3    3   -0.005919    0.009234
   -1    4    0    4    3    0.003647   -0.010277
   -1    4    0    5    3    0.001233    0.010943
   -1    4    0    6    3   -0.005187   -0.017561
   -1    4    0    7    3    0.008409    0.000254
   -1    4    0    8    3   -0.013276    0.001824
   -1    4    0    9    3   -0.020069    0.000068
   -1    4    0   10    3   -0.008023   -0.000318
   -1    4    0   11    3   -0.005802   -0.010853
   -1    4    0    1    4    0.013866    0.000711
   -1    4    0    2    4    0.000661   -0.005420
   -1    4    0    3    4    0.008357    0.003569
   -1    4    0    4    4   -0.016197   -0.002443
   -1    4    0    5    4   -0.002291    0.015508
   -1    4    0    6    4   -0.027235   -0.026353
   -1    4    0    7    4   -0.030400   -0.007793
   -1    4    0    8    4    0.012360    0.002672
   -1    4    0    9    4    0.015870   -0.019761
   -1    4    0   10    4   -0.010812    0.001318
   -1    4    0   11    4   -0.013070   -0.007221
   -1    4    0    1    5    0.012932   -0.003087
   -1    4    0    2    5    0.003577    0.001192
   -1    4    0    3    5   -0.021671    0.007672
   -1    4    0    4    5   -0.014887    0.000386
   -1    4    0    5    5    0.007806   -0.032014
   -1    4    0    6    5    0.018082    0.027877
   -1    4    0    7    5    0.014829   -0.022216
   -1    4    0    8    5    0.012182    0.006295
   -1    4    0    9    5    0.012773    0.024318
   -1    4    0   10    5   -0.014017    0.016023
   -1    4    0   11    5   -0.000830   -0.013493
   -1    4    0    1    6   -0.007023    0.007980
   -1    4    0    2    6   -0.005388    0.006564
   -1    4    0    3    6   -0.004212    0.006695
   -1    4    0    4    6   -0.030886   -0.014304
   -1    4    0    5    6    0.001837   -0.009000
   -1    4    0    6    6   -0.008665    0.016566
   -1    4    0    7    6    0.001600   -0.002416
   -1    4    0    8    6   -0.010085   -0.000583
   -1    4    0    9    6   -0.012701    0.007065
   -1    4    0   10    6    0.005654    0.007856
   -1    4    0   11    6    0.011116    0.003391
   -1    4    0    1    7    0.003217   -0.019804
   -1    4    0    2    7    0.023605   -0.001148
   -1    4    0    3    7    0.013709    0.002063
   -1    4    0    4    7    0.011524   -0.004414
   -1    4    0    5    7    0.011808    0.001655
   -1    4    0    6    7   -0.001408   -0.005111
   -1    4    0    7    7    0.062076   -0.006829
   -1    4    0    8    7   -0.009031    0.001437
   -1    4    0    9    7   -0.011818    0.003008
   -1    4    0   10    7    0.001971    0.004779
   -1    4    0   11    7    0.015735   -0.012885
   -1    4    0    1    8   -0.024760   -0.010333
   -1    4    0    2    8   -0.008572   -0.003895
   -1    4    0    3    8    0.003057    0.024412
   -1    4    0    4    8    0.000621    0.003113
   -1    4    0    5    8   -0.012104   -0.005337
   -1    4    0    6    8   -0.016150   -0.014247
   -1    4    0    7    8    0.007313   -0.008613
   -1    4    0    8    8   -0.002390    0.000640
   -1    4    0    9    8    0.000520    0.003770
   -1    4    0   10    8   -0.002337    0.000666
   -1    4    0   11    8    0.001892    0.008710
   -1    4    0    1    9    0.011850    0.002089
   -1    4    0    2    9    0.018324   -0.013887
   -1    4    0    3    9   -0.005524    0.004279
   -1    4    0    4    9   -0.000679    0.010639
   -1    4    0    5    9   -0.015675    0.000048
   -1    4    0    6    9    0.015205   -0.008309
   -1    4    0    7    9    0.001817   -0.006089
   -1    4    0    8    9    0.006138    0.006401
   -1    4    0    9    9    0.017187    0.000430
   -1    4    0   10    9    0.007339   -0.000543
   -1    4    0   11    9   -0.000470    0.001583
   -1    4    0    1   10   -0.014124   -0.005701
   -1    4    0    2   10    0.007598    0.005670
   -1    4    0    3   10    0.015099   -0.000539
   -1    4    0    4   10   -0.013986   -0.017583
   -1    4    0    5   10    0.010053    0.021617
   -1    4    0    6   10    0.005601   -0.003364
   -1    4    0    7   10   -0.008304   -0.009267
   -1    4    0    8   10   -0.002893    0.003686
   -1    4    0    9   10   -0.003988   -0.000816
   -1    4    0   10   10    0.001511    0.000301
   -1    4    0   11   10   -0.006678   -0.008278
   -1    4    0    1   11    0.012620    0.001559
   -1    4    0    2   11   -0.023417    0.011629
   -1    4    0    3   11   -0.020296   -0.004961
   -1    4    0    4   11   -0.021334   -0.033611
   -1    4    0    5   11    0.012136    0.002736
   -1    4    0    6   11    0.033864   -0.027629
   -1    4    0    7   11    0.000188    0.028997
   -1    4    0    8   11    0.006908   -0.005783
   -1    4    0    9   11   -0.000812   -0.019786
   -1    4    0   10   11    0.008057   -0.013106
   -1    4    0   11   11   -0.030324    0.007491
   -1    5    0    1    1   -0.001161    0.014336
   -1    5    0    2    1    0.005233   -0.011432
   -1    5    0    3    1   -0.017351    0.007672
   -1    5    0    4    1   -0.001964   -0.005954
   -1    5    0    5    1   -0.006797    0.013062
   -1    5    0    6    1    0.037033    0.002182
   -1    5    0    7    1   -0.000319    0.011648
   -1    5    0    8    1    0.015734    0.000385
   -1    5    0    9    1    0.000812    0.008505
   -1    5    0   10    1    0.006310   -0.025723
   -1    5    0   11    1   -0.014534    0.000631
   -1    5    0    1    2    0.007158   -0.007730
   -1    5    0    2    2   -0.013458    0.013101
   -1    5    0    3    2   -0.001598   -0.016239
   -1    5    0    4    2   -0.015843   -0.000585
   -1    5    0    5    2    0.003045    0.000139
   -1    5    0    6    2   -0.000933    0.007836
   -1    5    0    7    2    0.022749    0.000637
   -1    5    0    8    2   -0.005562    0.013172
   -1    5    0    9    2    0.013270   -0.005494
   -1    5    0   10    2    0.003619   -0.020715
   -1    5    0   11    2    0.001832   -0.006605
   -1    5    0    1    3   -0.009228   -0.011265
   -1    5    0    2    3    0.002249    0.016894
   -1    5    0    3    3   -0.004647   -0.005169
   -1    5    0    4    3    0.010671    0.004704
   -1    5    0    5    3   -0.005141   -0.004249
   -1    5    0    6    3   -0.023082    0.023520
   -1    5    0    7    3    0.012614   -0.003666
   -1    5    0    8    3   -0.004362    0.000082
   -1    5    0    9    3   -0.031102   -0.007037
   -1    5    0   10    3   -0.022829    0.000687
   -1    5    0   11    3   -0.001093   -0.021117
   -1    5    0    1    4    0.005920   -0.001993
   -1    5    0    2    4   -0.000754    0.006766
   -1    5    0    3    4   -0.003567    0.006302
   -1    5    0    4    4    0.003565   -0.004974
   -1    5    0    5    4   -0.006671    0.007862
   -1    5    0    6    4   -0.030543   -0.020587
   -1    5    0    7    4    0.009565   -0.003916
   -1    5    0    8    4   -0.010829    0.007244
   -1    5    0    9    4   -0.008194   -0.009725
   -1    5    0   10    4   -0.009907   -0.005341
   -1    5    0   11    4    0.022405   -0.011452
   -1    5    0    1    5   -0.007000    0.003160
   -1    5    0    2    5    0.008064   -0.001768
   -1    5    0    3    5   -0.005574    0.014860
   -1    5    0    4    5    0.001578   -0.006137
   -1    5    0    5    5   -0.006464   -0.011483
   -1    5    0    6    5    0.017527    0.004281
   -1    5    0    7    5    0.020864    0.000531
   -1    5    0    8    5    0.013090   -0.004935
   -1    5    0    9    5    0.010642   -0.004684
   -1    5    0   10    5    0.007796   -0.000494
   -1    5    0   11    5   -0.016318   -0.006290
   -1    5    0    1    6    0.018991    0.030697
   -1    5    0    2    6   -0.012011    0.012143
   -1    5    0    3    6   -0.007924    0.014659
   -1    5    0    4    6   -0.029222   -0.010493
   -1    5    0    5    6    0.006814    0.002210
   -1    5    0    6    6    0.008694    0.002384
   -1    5    0    7    6   -0.014606   -0.002640
   -1    5    0    8    6   -0.011749    0.002827
   -1    5    0    9    6   -0.004954    0.013929
   -1    5    0   10    6    0.008343    0.001148
   -1    5    0   11    6   -0.011995    0.016831
   -1    5    0    1    7    0.022098    0.006961
   -1    5    0    2    7    0.009818   -0.003563
   -1    5    0    3    7    0.007853    0.009877
   -1    5    0    4    7    0.003826   -0.007698
   -1    5    0    5    7    0.033378   -0.000452
   -1    5    0    6    7    0.005936    0.002863
   -1    5    0    7    7   -0.017408   -0.011950
   -1    5    0    8    7    0.001785   -0.001735
   -1    5    0    9    7   -0.002737   -0.007687
   -1    5    0   10    7   -0.006024   -0.007344
   -1    5    0   11    7    0.015121   -0.004593
   -1    5    0    1    8    0.002976    0.013097
   -1    5    0    2    8   -0.000431   -0.000215
   -1    5    0    3    8    0.003854    0.011337
   -1    5    0    4    8   -0.020277   -0.003034
   -1    5    0    5    8    0.010413    0.002415
   -1    5    0    6    8   -0.008616   -0.001822
   -1    5    0    7    8   -0.005572   -0.004458
   -1    5    0    8    8   -0.000837   -0.000224
   -1    5    0    9    8    0.001928   -0.006704
   -1    5    0   10    8    0.001260   -0.001515
   -1    5    0   11    8   -0.016851    0.000275
   -1    5    0    1    9    0.015806   -0.009972
   -1    5    0    2    9    0.001668   -0.013492
   -1    5    0    3    9   -0.002883   -0.003936
   -1    5    0    4    9    0.011141   -0.007896
   -1    5    0    5    9   -0.009065    0.006993
   -1    5    0    6    9    0.012105    0.001459
   -1    5    0    7    9   -0.005855   -0.013619
   -1    5    0    8    9   -0.001760   -0.001141
   -1    5    0    9    9    0.006669   -0.008935
   -1    5    0   10    9    0.005698    0.003537
   -1    5    0   11    9    0.000057   -0.003279
   -1    5    0    1   10   -0.007822    0.010531
   -1    5    0    2   10   -0.005717    0.003709
   -1    5    0    3   10    0.014675    0.003157
   -1    5    0    4   10    0.006878   -0.001512
   -1    5    0    5   10   -0.004891    0.014923
   -1    5    0    6   10    0.017394    0.003755
   -1    5    0    7   10    0.004450   -0.005936
   -1    5    0    8   10   -0.007923    0.002853
   -1    5    0    9   10   -0.005079    0.009035
   -1    5    0   10   10    0.000637    0.003418
   -1    5    0   11   10    0.007216   -0.004291
   -1    5    0    1   11    0.003016   -0.016872
   -1    5    0    2   11   -0.011509   -0.007889
   -1    5    0    3   11   -0.002221   -0.008506
   -1    5    0    4   11    0.004897    0.007712
   -1    5    0    5   11    0.006725   -0.011655
   -1    5    0    6   11    0.010417   -0.008422
   -1    5    0    7   11   -0.006022    0.002259
   -1    5    0    8   11    0.002477    0.000535
   -1    5    0    9   11    0.007620    0.009580
   -1    5    0   10   11    0.002587    0.009021
   -1    5    0   11   11    0.025339    0.009495
    0   -6    0    1    1   -0.003778   -0.000000
    0   -6    0    2    1    0.011221   -0.007412
    0   -6    0    3    1   -0.011151    0.007618
    0   -6    0    4    1    0.018415    0.006489
    0   -6    0    5    1   -0.024532    0.020408
    0   -6    0    6    1    0.003831   -0.018804
    0   -6    0    7    1    0.001037   -0.000479
    0   -6    0    8    1   -0.015778    0.003881
    0   -6    0    9    1    0.019422    0.008035
    0   -6    0   10    1    0.003172   -0.012728
    0   -6    0   11    1   -0.012797   -0.005023
    0   -6    0    1    2    0.011221    0.007412
    0   -6    0    2    2   -0.047766   -0.000000
    0   -6    0    3    2    0.004985   -0.019565
    0   -6    0    4    2   -0.001282   -0.010775
    0   -6    0    5    2    0.000431    0.005109
    0   -6    0    6    2   -0.004054   -0.003909
    0   -6    0    7    2    0.017984    0.005216
    0   -6    0    8    2    0.003449   -0.001111
    0   -6    0    9    2    0.009594    0.009149
    0   -6    0   10    2   -0.006412   -0.008949
    0   -6    0   11    2    0.001162   -0.015782
    0   -6    0    1    3   -0.011151   -0.007618
    0   -6    0    2    3    0.004985    0.019565
    0   -6    0    3    3   -0.006141    0.000000
    0   -6    0    4    3    0.005356   -0.014295
    0   -6    0    5    3   -0.004460   -0.000795
    0   -6    0    6    3   -0.017625    0.000723
    0   -6    0    7    3    0.007841   -0.003308
    0   -6    0    8    3   -0.006323   -0.014386
    0   -6    0    9    3   -0.006715   -0.010350
    0   -6    0   10    3   -0.002042    0.002225
    0   -6    0   11    3   -0.011732   -0.003088
    0   -6    0    1    4    0.018415   -0.006489
    0   -6    0    2    4   -0.001282    0.010775
    0   -6    0    3    4    0.005356    0.014295
    0   -6    0    4    4   -0.018364   -0.000000
    0   -6    0    5    4   -0.005365    0.008358
    0   -6    0    6    4   -0.025957    0.002788
    0   -6    0    7    4   -0.007624   -0.007515
    0   -6    0    8    4    0.002408    0.006577
    0   -6    0    9    4    0.012033   -0.016191
    0   -6    0   10    4   -0.005394    0.006385
    0   -6    0   11    4   -0.010319    0.017624
    0   -6    0    1    5   -0.024532   -0.020408
    0   -6    0    2    5    0.000431   -0.005109
    0   -6    0    3    5   -0.004460    0.000795
    0   -6    0    4    5   -0.005365   -0.008358
    0   -6    0    5    5    0.024598    0.000000
    0   -6    0    6    5   -0.004043    0.021184
    0   -6    0    7    5    0.030013   -0.009935
    0   -6    0    8    5    0.012454    0.006099
    0   -6    0    9    5   -0.020864    0.008178
    0   -6    0   10    5   -0.025854   -0.013382
    0   -6    0   11    5    0.016954   -0.016844
    0   -6    0    1    6    0.003831    0.018804
    0   -6    0    2    6   -0.004054    0.003909
    0   -6    0    3    6   -0.017625   -0.000723
    0   -6    0    4    6   -0.025957   -0.002788
    0   -6    0    5    6   -0.004043   -0.021184
    0   -6    0    6    6    0.008702    0.000000
    0   -6    0    7    6    0.006940    0.013062
    0   -6    0    8    6   -0.014855    0.005101
    0   -6    0    9    6    0.010553    0.010064
    0   -6    0   10    6    0.010292    0.002529
    0   -6    0   11    6    0.011416    0.018586
    0   -6    0    1    7    0.001037    0.000479
    0   -6    0    2    7    0.017984   -0.005216
    0   -6    0    3    7    0.007841    0.003308
    0   -6    0    4    7   -0.007624    0.007515
    0   -6    0    5    7    0.030013    0.009935
    0   -6    0    6    7    0.006940   -0.013062
    0   -6    0    7    7    0.062897   -0.000000
    0   -6    0    8    7   -0.006015    0.002121
    0   -6    0    9    7   -0.011214    0.008828
    0   -6    0   10    7   -0.002853    0.007706
    0   -6    0   11    7    0.017341   -0.019669
    0   -6    0    1    8   -0.015778   -0.003881
    0   -6    0    2    8    0.003449    0.001111
    0   -6    0    3    8   -0.006323    0.014386
    0   -6    0    4    8    0.002408   -0.006577
    0   -6    0    5    8    0.012454   -0.006099
    0   -6    0    6    8   -0.014855   -0.005101
    0   -6    0    7    8   -0.006015   -0.002121
    0   -6    0    8    8    0.000162    0.000000
    0   -6    0    9    8    0.000340   -0.003622
    0   -6    0   10    8    0.002125    0.001568
    0   -6    0   11    8    0.008083    0.012200
    0   -6    0    1    9    0.019422   -0.008035
    0   -6    0    2    9    0.009594   -0.009149
    0   -6    0    3    9   -0.006715    0.010350
    0   -6    0    4    9    0.012033    0.016191
    0   -6    0    5    9   -0.020864   -0.008178
    0   -6    0    6    9    0.010553   -0.010064
    0   -6    0    7    9   -0.011214   -0.008828
    0   -6    0    8    9    0.000340    0.003622
    0   -6    0    9    9    0.011429   -0.000000
    0   -6    0   10    9    0.011214   -0.006632
    0   -6    0   11    9    0.000986    0.013184
    0   -6    0    1   10    0.003172    0.012728
    0   -6    0    2   10   -0.006412    0.008949
    0   -6    0    3   10   -0.002042   -0.002225
    0   -6    0    4   10   -0.005394   -0.006385
    0   -6    0    5   10   -0.025854    0.013382
    0   -6    0    6   10    0.010292   -0.002529
    0   -6    0    7   10   -0.002853   -0.007706
    0   -6    0    8   10    0.002125   -0.001568
    0   -6    0    9   10    0.011214    0.006632
    0   -6    0   10   10   -0.000867   -0.000000
    0   -6    0   11   10   -0.012224    0.004493
    0   -6    0    1   11   -0.012797    0.005023
    0   -6    0    2   11    0.001162    0.015782
    0   -6    0    3   11   -0.011732    0.003088
    0   -6    0    4   11   -0.010319   -0.017624
    0   -6    0    5   11    0.016954    0.016844
    0   -6    0    6   11    0.011416   -0.018586
    0   -6    0    7   11    0.017341    0.019669
    0   -6    0    8   11    0.008083   -0.012200
    0   -6    0    9   11    0.000986   -0.013184
    0   -6    0   10   11   -0.012224   -0.004493
    0   -6    0   11   11   -0.030628    0.000000
    0   -5    0    1    1   -0.005669    0.004082
    0   -5    0    2    1   -0.005442   -0.009314
    0   -5    0    3    1   -0.015947    0.013348
    0   -5    0    4    1   -0.009057   -0.000914
    0   -5    0    5    1   -0.004198    0.005873
    0   -5    0    6    1    0.006512   -0.026503
    0   -5    0    7    1   -0.016402    0.004783
    0   -5    0    8    1    0.003322   -0.013300
    0   -5    0    9    1    0.003759   -0.008382
    0   -5    0   10    1   -0.012680   -0.013814
    0   -5    0   11    1   -0.009093    0.006578
    0   -5    0    1    2    0.013981    0.005713
    0   -5    0    2    2   -0.013430    0.001852
    0   -5    0    3    2   -0.006875   -0.024233
    0   -5    0    4    2   -0.018961   -0.017794
    0   -5    0    5    2    0.001884   -0.006942
    0   -5    0    6    2   -0.006205   -0.000286
    0   -5    0    7    2    0.009116    0.010009
    0   -5    0    8    2   -0.013805    0.013162
    0   -5    0    9    2    0.023337    0.012371
    0   -5    0   10    2    0.003361   -0.026518
    0   -5    0   11    2   -0.006487   -0.011143
    0   -5    0    1    3   -0.007952    0.001516
    0   -5    0    2    3    0.004498   -0.000436
    0   -5    0    3    3    0.007250   -0.008755
    0   -5    0    4    3   -0.005124    0.002430
    0   -5    0    5    3   -0.007194   -0.017236
    0   -5    0    6    3   -0.020989    0.017224
    0   -5    0    7    3    0.021839    0.003636
    0   -5    0    8    3    0.004479   -0.003144
    0   -5    0    9    3   -0.017286   -0.016217
    0   -5    0   10    3   -0.001414   -0.003157
    0   -5    0   11    3   -0.013676   -0.002515
    0   -5    0    1    4    0.010294   -0.006798
    0   -5    0    2    4   -0.001801   -0.006522
    0   -5    0    3    4   -0.003098    0.012775
    0   -5    0    4    4   -0.005506    0.006359
    0   -5    0    5    4    0.008778   -0.002283
    0   -5    0    6    4   -0.036739    0.001431
    0   -5    0    7    4   -0.008308    0.004251
    0   -5    0    8    4   -0.003105   -0.006510
    0   -5    0    9    4   -0.006529   -0.013115
    0   -5    0   10    4   -0.012573    0.004555
    0   -5    0   11    4   -0.004747   -0.004925
    0   -5    0    1    5   -0.019887   -0.003701
    0   -5    0    2    5    0.008457   -0.004644
    0   -5    0    3    5    0.006584    0.012132
    0   -5    0    4    5   -0.000947   -0.007209
    0   -5    0    5    5   -0.001603   -0.000760
    0   -5    0    6    5    0.002091   -0.002320
    0   -5    0    7    5    0.014235    0.004177
    0   -5    0    8    5   -0.001647    0.008603
    0   -5    0    9    5   -0.006775    0.006504
    0   -5    0   10    5   -0.001586   -0.001445
    0   -5    0   11    5   -0.009144   -0.022208
    0   -5    0    1    6    0.026156    0.001178
    0   -5    0    2    6   -0.006811   -0.001527
    0   -5    0    3    6   -0.021455    0.021684
    0   -5    0    4    6   -0.023289    0.015353
    0   -5    0    5    6    0.025784   -0.013007
    0   -5    0    6    6    0.003285   -0.008429
    0   -5    0    7    6   -0.008044    0.013608
    0   -5    0    8    6   -0.015073    0.010153
    0   -5    0    9    6   -0.010460    0.005181
    0   -5    0   10    6   -0.006541   -0.001985
    0   -5    0   11    6   -0.006433    0.006190
    0   -5    0    1    7    0.024159    0.011139
    0   -5    0    2    7    0.006666   -0.001159
    0   -5    0    3    7    0.003686    0.017602
    0   -5    0    4    7    0.006230   -0.007668
    0   -5    0    5    7    0.025026    0.008372
    0   -5    0    6    7    0.006002    0.004869
    0   -5    0    7    7   -0.019997   -0.013644
    0   -5    0    8    7   -0.007908   -0.007783
    0   -5    0    9    7    0.003020   -0.005693
    0   -5    0   10    7   -0.004609   -0.002263
    0   -5    0   11    7    0.036915    0.009576
    0   -5    0    1    8    0.012829   -0.011358
    0   -5    0    2    8   -0.001979    0.007720
    0   -5    0    3    8   -0.003794    0.006488
    0   -5    0    4    8    0.000270   -0.000468
    0   -5    0    5    8    0.017404    0.009360
    0   -5    0    6    8   -0.009841    0.001440
    0   -5    0    7    8   -0.002865   -0.001172
    0   -5    0    8    8    0.001991    0.000892
    0   -5    0    9    8    0.004185    0.002599
    0   -5    0   10    8    0.006822    0.003922
    0   -5    0   11    8   -0.032770    0.002789
    0   -5    0    1    9    0.003805   -0.017071
    0   -5    0    2    9   -0.016244   -0.009979
    0   -5    0    3    9   -0.001805   -0.008524
    0   -5    0    4    9    0.018301    0.012827
    0   -5    0    5    9   -0.003981    0.009411
    0   -5    0    6    9    0.001566   -0.028233
    0   -5    0    7    9   -0.006628   -0.015087
    0   -5    0    8    9    0.005774   -0.007190
    0   -5    0    9    9    0.014267   -0.000941
    0   -5    0   10    9   -0.000687   -0.001074
    0   -5    0   11    9   -0.000231   -0.019980
    0   -5    0    1   10    0.002991    0.004837
    0   -5    0    2   10    0.000487   -0.008916
    0   -5    0    3   10    0.007759   -0.007681
    0   -5    0    4   10   -0.014600    0.001363
    0   -5    0    5   10   -0.005380    0.008731
    0   -5    0    6   10    0.016589    0.000089
    0   -5    0    7   10    0.001109   -0.007617
    0   -5    0    8   10   -0.001461    0.000366
    0   -5    0    9   10    0.006260    0.007723
    0   -5    0   10   10    0.000422    0.003882
    0   -5    0   11   10   -0.003609   -0.011702
    0   -5    0    1   11   -0.007534   -0.005182
    0   -5    0    2   11    0.005890   -0.002380
    0   -5    0    3   11    0.002381    0.002472
    0   -5    0    4   11   -0.020879   -0.011285
    0   -5    0    5   11   -0.001604   -0.012217
    0   -5    0    6   11   -0.008530    0.003814
    0   -5    0    7   11   -0.026276    0.008461
    0   -5    0    8   11    0.000504    0.004636
    0   -5    0    9   11    0.002490   -0.003056
    0   -5    0   10   11    0.005209   -0.010605
    0   -5    0   11   11    0.019875    0.015461
    0   -4    0    1    1    0.033352   -0.006528
    0   -4    0    2    1   -0.030401    0.017202
    0   -4    0    3    1   -0.015550    0.011466
    0   -4    0    4    1   -0.000887   -0.017849
    0   -4    0    5    1    0.007757   -0.015306
    0   -4    0    6    1   -0.002221   -0.018243
    0   -4    0    7    1    0.000917   -0.000848
    0   -4    0    8    1    0.017879   -0.032064
    0   -4    0    9    1    0.009223   -0.029148
    0   -4    0   10    1   -0.045332    0.010153
    0   -4    0   11    1    0.029760    0.038157
    0   -4    0    1    2    0.019585    0.008706
    0   -4    0    2    2   -0.002924    0.011419
    0   -4    0    3    2    0.000793   -0.021480
    0   -4    0    4    2   -0.000089   -0.004122
    0   -4    0    5    2    0.013955   -0.002814
    0   -4    0    6    2   -0.010742    0.011125
    0   -4    0    7    2   -0.005156   -0.016628
    0   -4    0    8    2   -0.011452    0.002845
    0   -4    0    9    2    0.010190   -0.011557
    0   -4    0   10    2    0.021039    0.015722
    0   -4    0   11    2   -0.057155    0.016051
    0   -4    0    1    3    0.002381    0.003099
    0   -4    0    2    3    0.007441   -0.011254
    0   -4    0    3    3    0.005486   -0.007474
    0   -4    0    4    3    0.011570    0.012719
    0   -4    0    5    3   -0.001308   -0.012090
    0   -4    0    6    3   -0.009522    0.029753
    0   -4    0    7    3    0.006664    0.008917
    0   -4    0    8    3   -0.004862    0.017074
    0   -4    0    9    3   -0.015934   -0.002389
    0   -4    0   10    3   -0.017462    0.016144
    0   -4    0   11    3   -0.009729   -0.031261
    0   -4    0    1    4   -0.000578   -0.010009
    0   -4    0    2    4    0.005778    0.006936
    0   -4    0    3    4   -0.003283    0.002281
    0   -4    0    4    4    0.004354    0.003199
    0   -4    0    5    4   -0.014762    0.005764
    0   -4    0    6    4   -0.023380   -0.001106
    0   -4    0    7    4   -0.000219   -0.007530
    0   -4    0    8    4    0.004804    0.004294
    0   -4    0    9    4   -0.013299   -0.016395
    0   -4    0   10    4   -0.014198    0.010075
    0   -4    0   11    4    0.038935   -0.046426
    0   -4    0    1    5   -0.006874    0.018393
    0   -4    0    2    5    0.006459   -0.009744
    0   -4    0    3    5   -0.012485    0.012111
    0   -4    0    4    5   -0.020233   -0.004784
    0   -4    0    5    5    0.001123    0.018496
    0   -4    0    6    5    0.020004   -0.016867
    0   -4    0    7    5    0.010797    0.014743
    0   -4    0    8    5   -0.008750   -0.002851
    0   -4    0    9    5   -0.022867   -0.016333
    0   -4    0   10    5    0.007462    0.017237
    0   -4    0   11    5   -0.022257    0.019266
    0   -4    0    1    6    0.057232   -0.026141
    0   -4    0    2    6    0.022604   -0.032435
    0   -4    0    3    6   -0.023103    0.046639
    0   -4    0    4    6   -0.017816   -0.001169
    0   -4    0    5    6   -0.004717    0.014007
    0   -4    0    6    6   -0.015594   -0.020654
    0   -4    0    7    6   -0.001670    0.013747
    0   -4    0    8    6   -0.000542    0.003477
    0   -4    0    9    6    0.004447   -0.027567
    0   -4    0   10    6   -0.018577   -0.009395
    0   -4    0   11    6   -0.009997   -0.030357
    0   -4    0    1    7   -0.049975    0.051912
    0   -4    0    2    7   -0.000733   -0.002364
    0   -4    0    3    7    0.017336   -0.011252
    0   -4    0    4    7   -0.001447   -0.007606
    0   -4    0    5    7    0.009040    0.006185
    0   -4    0    6    7   -0.008089    0.012136
    0   -4    0    7    7   -0.062347    0.027701
    0   -4    0    8    7   -0.008151   -0.005048
    0   -4    0    9    7   -0.008870   -0.008682
    0   -4    0   10    7    0.000832   -0.006463
    0   -4    0   11    7   -0.041986    0.037422
    0   -4    0    1    8    0.036051   -0.001903
    0   -4    0    2    8    0.008857    0.005657
    0   -4    0    3    8    0.003800   -0.014899
    0   -4    0    4    8   -0.015210   -0.000460
    0   -4    0    5    8   -0.005178    0.006320
    0   -4    0    6    8   -0.003458    0.008127
    0   -4    0    7    8    0.013176   -0.006023
    0   -4    0    8    8    0.001846    0.001439
    0   -4    0    9    8   -0.009764   -0.004997
    0   -4    0   10    8    0.005400    0.003044
    0   -4    0   11    8    0.019766   -0.000539
    0   -4    0    1    9   -0.009579   -0.023091
    0   -4    0    2    9   -0.058126    0.021064
    0   -4    0    3    9    0.038469   -0.012089
    0   -4    0    4    9    0.019369    0.000510
    0   -4    0    5    9    0.015680    0.008096
    0   -4    0    6    9   -0.006033   -0.007252
    0   -4    0    7    9   -0.000448   -0.007206
    0   -4    0    8    9   -0.029264    0.011056
    0   -4    0    9    9   -0.006391   -0.011982
    0   -4    0   10    9   -0.002833    0.005404
    0   -4    0   11    9    0.016728   -0.004331
    0   -4    0    1   10    0.028956    0.049606
    0   -4    0    2   10   -0.022366   -0.009925
    0   -4    0    3   10    0.010150   -0.005182
    0   -4    0    4   10   -0.009385   -0.022742
    0   -4    0    5   10    0.020719   -0.012324
    0   -4    0    6   10    0.009754   -0.007384
    0   -4    0    7   10    0.002187    0.009191
    0   -4    0    8   10   -0.010266    0.001414
    0   -4    0    9   10    0.012117   -0.005711
    0   -4    0   10   10   -0.002355    0.001917
    0   -4    0   11   10    0.026036    0.003745
    0   -4    0    1   11   -0.021788    0.005829
    0   -4    0    2   11    0.040844    0.001648
    0   -4    0    3   11    0.008519    0.004813
    0   -4    0    4   11    0.003877    0.006165
    0   -4    0    5   11   -0.010687   -0.014829
    0   -4    0    6   11   -0.043430   -0.004043
    0   -4    0    7   11   -0.007699   -0.023730
    0   -4    0    8   11   -0.007996    0.010013
    0   -4    0    9   11   -0.016114   -0.001548
    0   -4    0   10   11    0.021085    0.011096
    0   -4    0   11   11    0.044134   -0.017533
    0   -3    0    1    1    0.003400   -0.000069
    0   -3    0    2    1   -0.063207    0.030716
    0   -3    0    3    1    0.015651   -0.005440
    0   -3    0    4    1    0.004103   -0.017389
    0   -3    0    5    1    0.047465   -0.012835
    0   -3    0    6    1   -0.028461   -0.003943
    0   -3    0    7    1    0.008808   -0.009315
    0   -3    0    8    1   -0.020344    0.021962
    0   -3    0    9    1    0.014097    0.000173
    0   -3    0   10    1   -0.034834    0.024603
    0   -3    0   11    1   -0.013679    0.003167
    0   -3    0    1    2    0.009824    0.023630
    0   -3    0    2    2    0.026975   -0.006336
    0   -3    0    3    2   -0.027868   -0.005633
    0   -3    0    4    2   -0.029107    0.007001
    0   -3    0    5    2   -0.003691   -0.008438
    0   -3    0    6    2   -0.003434   -0.007859
    0   -3    0    7    2    0.029427   -0.006687
    0   -3    0    8    2    0.034448    0.020976
    0   -3    0    9    2   -0.017013   -0.009463
    0   -3    0   10    2   -0.023220    0.008197
    0   -3    0   11    2   -0.069774    0.057167
    0   -3    0    1    3   -0.010178    0.031278
    0   -3    0    2    3   -0.016365   -0.041713
    0   -3    0    3    3   -0.002207    0.017773
    0   -3    0    4    3   -0.031635    0.015111
    0   -3    0    5    3    0.017674   -0.011815
    0   -3    0    6    3    0.006811    0.011377
    0   -3    0    7    3   -0.013267    0.029924
    0   -3    0    8    3   -0.017655    0.032240
    0   -3    0    9    3   -0.018092    0.009539
    0   -3    0   10    3   -0.033271    0.015687
    0   -3    0   11    3   -0.019395   -0.024740
    0   -3    0    1    4   -0.012346   -0.033475
    0   -3    0    2    4    0.017957   -0.041531
    0   -3    0    3    4   -0.007009   -0.015256
    0   -3    0    4    4    0.047441   -0.001542
    0   -3    0    5    4    0.027392    0.035846
    0   -3    0    6    4    0.005135    0.026459
    0   -3    0    7    4   -0.002923   -0.001536
    0   -3    0    8    4   -0.001617    0.019478
    0   -3    0    9    4    0.005813    0.014353
    0   -3    0   10    4    0.008140   -0.005527
    0   -3    0   11    4    0.050739   -0.057314
    0   -3    0    1    5    0.045860   -0.024275
    0   -3    0    2    5   -0.011449   -0.003140
    0   -3    0    3    5    0.008923    0.022700
    0   -3    0    4    5   -0.002733    0.003698
    0   -3    0    5    5   -0.007346    0.031484
    0   -3    0    6    5    0.004747   -0.017965
    0   -3    0    7    5   -0.009173   -0.003675
    0   -3    0    8    5    0.007277    0.015675
    0   -3    0    9    5    0.006565   -0.009271
    0   -3    0   10    5   -0.008705   -0.008190
    0   -3    0   11    5    0.040510    0.043346
    0   -3    0    1    6    0.031560   -0.097795
    0   -3    0    2    6    0.139464    0.043329
    0   -3    0    3    6   -0.018790    0.047252
    0   -3    0    4    6    0.028595   -0.017733
    0   -3    0    5    6   -0.102390   -0.054752
    0   -3    0    6    6    0.009961   -0.003035
    0   -3    0    7    6    0.044215    0.023170
    0   -3    0    8    6   -0.041003    0.042968
    0   -3    0    9    6   -0.091201   -0.051375
    0   -3    0   10    6   -0.038447   -0.002531
    0   -3    0   11    6    0.056814   -0.168891
    0   -3    0    1    7   -0.044114   -0.031038
    0   -3    0    2    7    0.042641   -0.010324
    0   -3    0    3    7   -0.016508   -0.005670
    0   -3    0    4    7    0.038546   -0.059346
    0   -3    0    5    7   -0.026457   -0.024851
    0   -3    0    6    7    0.019521    0.035739
    0   -3    0    7    7    0.073006    0.022049
    0   -3    0    8    7    0.098857   -0.002687
    0   -3    0    9    7    0.014175    0.015436
    0   -3    0   10    7    0.021128   -0.003780
    0   -3    0   11    7   -0.158270   -0.051570
    0   -3    0    1    8   -0.026249   -0.018364
    0   -3    0    2    8    0.013010    0.003076
    0   -3    0    3    8    0.024079   -0.015919
    0   -3    0    4    8   -0.056515    0.015827
    0   -3    0    5    8   -0.001509    0.021946
    0   -3    0    6    8    0.003345    0.013651
    0   -3    0    7    8    0.003367   -0.011173
    0   -3    0    8    8   -0.009539    0.001200
    0   -3    0    9    8   -0.007521    0.006486
    0   -3    0   10    8   -0.002124    0.000412
    0   -3    0   11    8    0.090092    0.002370
    0   -3    0    1    9    0.006389   -0.015775
    0   -3    0    2    9   -0.084294    0.026192
    0   -3    0    3    9    0.028344    0.008611
    0   -3    0    4    9   -0.049188   -0.034975
    0   -3    0    5    9    0.152207   -0.042850
    0   -3    0    6    9   -0.041161    0.014905
    0   -3    0    7    9    0.028671    0.053389
    0   -3    0    8    9   -0.004871    0.022218
    0   -3    0    9    9   -0.020480   -0.021104
    0   -3    0   10    9   -0.028119    0.002308
    0   -3    0   11    9   -0.133908   -0.087661
    0   -3    0    1   10    0.045450    0.019287
    0   -3    0    2   10   -0.039020    0.011222
    0   -3    0    3   10    0.011940   -0.010701
    0   -3    0    4   10   -0.035531   -0.022090
    0   -3    0    5   10    0.035664   -0.042341
    0   -3    0    6   10   -0.000096   -0.016997
    0   -3    0    7   10    0.028545    0.010571
    0   -3    0    8   10   -0.018238    0.005753
    0   -3    0    9   10   -0.030423   -0.026079
    0   -3    0   10   10   -0.020885   -0.005583
    0   -3    0   11   10   -0.067521   -0.022615
    0   -3    0    1   11   -0.026962    0.066186
    0   -3    0    2   11    0.087275    0.014696
    0   -3    0    3   11   -0.043750    0.000225
    0   -3    0    4   11    0.048593    0.009614
    0   -3    0    5   11   -0.004751    0.005260
    0   -3    0    6   11    0.022806   -0.021825
    0   -3    0    7   11    0.023471    0.029187
    0   -3    0    8   11    0.050654   -0.005081
    0   -3    0    9   11    0.025633    0.023067
    0   -3    0   10   11   -0.021552   -0.011159
    0   -3    0   11   11   -0.101030   -0.034836
    0   -2    0    1    1   -0.154538   -0.039227
    0   -2    0    2    1   -0.034508   -0.012058
    0   -2    0    3    1    0.069872   -0.007802
    0   -2    0    4    1   -0.084703    0.027748
    0   -2    0    5    1    0.156023   -0.047748
    0   -2    0    6    1   -0.067935    0.021618
    0   -2    0    7    1   -0.016678    0.070741
    0   -2    0    8    1   -0.059539    0.062905
    0   -2    0    9    1   -0.040181   -0.011104
    0   -2    0   10    1    0.057484    0.009486
    0   -2    0   11    1   -0.100425   -0.097238
    0   -2    0    1    2    0.010548   -0.022030
    0   -2    0    2    2    0.092943   -0.004507
    0   -2    0    3    2   -0.006929    0.031993
    0   -2    0    4    2    0.043243    0.048011
    0   -2    0    5    2   -0.047470   -0.030719
    0   -2    0    6    2    0.032595   -0.011608
    0   -2    0    7    2   -0.027397    0.008984
    0   -2    0    8    2   -0.057022    0.057946
    0   -2    0    9    2   -0.000808    0.014492
    0   -2    0   10    2    0.042892   -0.037078
    0   -2    0   11    2   -0.013444    0.017346
    0   -2    0    1    3   -0.046256    0.066335
    0   -2    0    2    3   -0.076246   -0.026504
    0   -2    0    3    3   -0.002189    0.033177
    0   -2    0    4    3    0.027985    0.056433
    0   -2    0    5    3    0.010403    0.013177
    0   -2    0    6    3    0.053210    0.002861
    0   -2    0    7    3    0.011587   -0.034663
    0   -2    0    8    3   -0.167965    0.031065
    0   -2    0    9    3   -0.098096    0.033523
    0   -2    0   10    3   -0.044880    0.038959
    0   -2    0   11    3    0.002692    0.128296
    0   -2    0    1    4   -0.004018    0.012449
    0   -2    0    2    4   -0.049141   -0.038157
    0   -2    0    3    4    0.012967   -0.035717
    0   -2    0    4    4    0.212816   -0.043448
    0   -2    0    5    4   -0.042418   -0.000810
    0   -2    0    6    4   -0.014857    0.047157
    0   -2    0    7    4   -0.010090   -0.041203
    0   -2    0    8    4   -0.024230    0.034350
    0   -2    0    9    4    0.009646    0.027778
    0   -2    0   10    4    0.091921   -0.016804
    0   -2    0   11    4    0.174444    0.034763
    0   -2    0    1    5    0.063565   -0.045940
    0   -2    0    2    5   -0.071051   -0.041528
    0   -2    0    3    5    0.011076   -0.009600
    0   -2    0    4    5    0.024039   -0.049146
    0   -2    0    5    5    0.034466    0.051034
    0   -2    0    6    5   -0.020315   -0.005456
    0   -2    0    7    5   -0.089599    0.016609
    0   -2    0    8    5   -0.084867    0.001772
    0   -2    0    9    5    0.042615   -0.046505
    0   -2    0   10    5    0.083350   -0.057714
    0   -2    0   11    5    0.121291   -0.049868
    0   -2    0    1    6   -0.202715    0.049850
    0   -2    0    2    6   -0.201624    0.141549
    0   -2    0    3    6    0.168603   -0.082141
    0   -2    0    4    6    0.104193    0.027499
    0   -2    0    5    6    0.132507    0.135068
    0   -2    0    6    6   -0.063461    0.046128
    0   -2    0    7    6   -0.190046    0.092300
    0   -2    0    8    6    0.327508    0.030336
    0   -2    0    9    6    0.085773   -0.005990
    0   -2    0   10    6   -0.004551    0.006862
    0   -2    0   11    6   -0.126922   -0.285929
    0   -2    0    1    7    0.406915   -0.131033
    0   -2    0    2    7   -0.330729   -0.073542
    0   -2    0    3    7    0.087303   -0.024266
    0   -2    0    4    7    0.212288   -0.084522
    0   -2    0    5    7   -0.322385   -0.072227
    0   -2    0    6    7    0.070062    0.043888
    0   -2    0    7    7    0.168698   -0.051235
    0   -2    0    8    7   -0.300355    0.016145
    0   -2    0    9    7   -0.052910   -0.060254
    0   -2    0   10    7   -0.055433    0.038356
    0   -2    0   11    7    0.357672   -0.129877
    0   -2    0    1    8   -0.053287   -0.051257
    0   -2    0    2    8    0.089112    0.035634
    0   -2    0    3    8    0.032393    0.009975
    0   -2    0    4    8   -0.191940    0.015478
    0   -2    0    5    8    0.147029    0.056029
    0   -2    0    6    8   -0.001742    0.001850
    0   -2    0    7    8   -0.025148    0.020089
    0   -2    0    8    8    0.120745    0.015981
    0   -2    0    9    8    0.022971   -0.012226
    0   -2    0   10    8   -0.023471   -0.011343
    0   -2    0   11    8   -0.228203   -0.113231
    0   -2    0    1    9   -0.024377   -0.029321
    0   -2    0    2    9   -0.022550    0.067557
    0   -2    0    3    9   -0.023529    0.066415
    0   -2    0    4    9   -0.197214   -0.187624
    0   -2    0    5    9    0.051779   -0.135754
    0   -2    0    6    9   -0.017925    0.119402
    0   -2    0    7    9    0.185765    0.054099
    0   -2    0    8    9   -0.168685    0.119587
    0   -2    0    9    9   -0.161630   -0.118501
    0   -2    0   10    9   -0.030336    0.019577
    0   -2    0   11    9   -0.262231   -0.175014
    0   -2    0    1   10    0.051021   -0.202166
    0   -2    0    2   10    0.003964   -0.013980
    0   -2    0    3   10   -0.002218   -0.016402
    0   -2    0    4   10   -0.020659   -0.042144
    0   -2    0    5   10    0.048878   -0.006288
    0   -2    0    6   10   -0.016622    0.000446
    0   -2    0    7   10    0.010579    0.015547
    0   -2    0    8   10   -0.151758    0.113055
    0   -2    0    9   10   -0.114776   -0.019338
    0   -2    0   10   10    0.000977   -0.003709
    0   -2    0   11   10   -0.263516   -0.103796
    0   -2    0    1   11    0.090565    0.001855
    0   -2    0    2   11   -0.054076   -0.012051
    0   -2    0    3   11    0.042374    0.009172
    0   -2    0    4   11    0.219907    0.042857
    0   -2    0    5   11   -0.111981   -0.083321
    0   -2    0    6   11    0.034985    0.036560
    0   -2    0    7   11   -0.007108   -0.002379
    0   -2    0    8   11    0.010246    0.017589
    0   -2    0    9   11    0.055332   -0.002750
    0   -2    0   10   11   -0.052947   -0.002183
    0   -2    0   11   11   -0.072155    0.114307
    0   -1    0    1    1    0.286565    0.011631
    0   -1    0    2    1    0.122678   -0.007051
    0   -1    0    3    1   -0.160432    0.029414
    0   -1    0    4    1   -0.081688   -0.047506
    0   -1    0    5    1    0.015434   -0.078110
    0   -1    0    6    1   -0.080779    0.090002
    0   -1    0    7    1    0.066466    0.025821
    0   -1    0    8    1    0.349612   -0.010874
    0   -1    0    9    1   -0.195489   -0.093643
    0   -1    0   10    1    0.146564    0.048219
    0   -1    0   11    1    0.124520   -0.131459
    0   -1    0    1    2   -0.012103   -0.148474
    0   -1    0    2    2    0.121685    0.048782
    0   -1    0    3    2   -0.051717    0.041215
    0   -1    0    4    2    0.063965    0.058025
    0   -1    0    5    2    0.216377   -0.063248
    0   -1    0    6    2   -0.057108    0.000542
    0   -1    0    7    2   -0.081523   -0.063079
    0   -1    0    8    2    0.224503   -0.200307
    0   -1    0    9    2   -0.003473   -0.031456
    0   -1    0   10    2   -0.049038    0.097807
    0   -1    0   11    2    0.372231   -0.144049
    0   -1    0    1    3   -0.029722   -0.036926
    0   -1    0    2    3   -0.263262    0.007636
    0   -1    0    3    3    0.234841    0.056462
    0   -1    0    4    3    0.204015   -0.008057
    0   -1    0    5    3    0.221532   -0.033431
    0   -1    0    6    3    0.007248   -0.035737
    0   -1    0    7    3    0.162846   -0.218390
    0   -1    0    8    3    0.283091   -0.120189
    0   -1    0    9    3   -0.140049    0.093760
    0   -1    0   10    3    0.157015    0.020516
    0   -1    0   11    3    0.188082    0.141487
    0   -1    0    1    4   -0.211790    0.063640
    0   -1    0    2    4    0.031768   -0.026748
    0   -1    0    3    4    0.086376   -0.075189
    0   -1    0    4    4    0.414601   -0.077381
    0   -1    0    5    4   -0.244881    0.147644
    0   -1    0    6    4    0.030925    0.024993
    0   -1    0    7    4   -0.036422   -0.075097
    0   -1    0    8    4    0.131765   -0.211990
    0   -1    0    9    4    0.256667    0.109325
    0   -1    0   10    4    0.279680   -0.030911
    0   -1    0   11    4    0.488914   -0.151892
    0   -1    0    1    5   -0.065999    0.080669
    0   -1    0    2    5    0.136397   -0.002624
    0   -1    0    3    5    0.041321   -0.028297
    0   -1    0    4    5   -0.167413   -0.068921
    0   -1    0    5    5   -0.125031    0.006015
    0   -1    0    6    5   -0.040412   -0.038758
    0   -1    0    7    5   -0.202984    0.021245
    0   -1    0    8    5   -0.022445   -0.083304
    0   -1    0    9    5    0.219097    0.042164
    0   -1    0   10    5    0.123349   -0.017636
    0   -1    0   11    5    0.003876   -0.060564
    0   -1    0    1    6   -0.206769    0.038355
    0   -1    0    2    6    0.476575    0.241448
    0   -1    0    3    6   -0.466201   -0.042353
    0   -1    0    4    6   -0.782844   -0.136002
    0   -1    0    5    6   -0.383285   -0.222165
    0   -1    0    6    6    0.041121    0.127191
    0   -1    0    7    6    0.412790    0.205477
    0   -1    0    8    6    0.422248   -0.029364
    0   -1    0    9    6   -0.336950   -0.413567
    0   -1    0   10    6    0.184885    0.032725
    0   -1    0   11    6    0.600730   -0.001712
    0   -1    0    1    7   -0.187710    0.098637
    0   -1    0    2    7    0.007611    0.227780
    0   -1    0    3    7    0.482027   -0.171669
    0   -1    0    4    7   -0.151463    0.185746
    0   -1    0    5    7   -0.410172    0.271681
    0   -1    0    6    7   -0.172321   -0.241195
    0   -1    0    7    7   -0.877508   -0.227606
    0   -1    0    8    7    0.104894    0.048151
    0   -1    0    9    7    0.170863    0.308727
    0   -1    0   10    7   -0.101910   -0.168893
    0   -1    0   11    7    0.936545    0.334747
    0   -1    0    1    8   -0.003203    0.155051
    0   -1    0    2    8    0.071867    0.076569
    0   -1    0    3    8   -0.163573    0.045818
    0   -1    0    4    8   -0.519134   -0.261619
    0   -1    0    5    8   -0.261947   -0.060397
    0   -1    0    6    8    0.037128    0.031939
    0   -1    0    7    8    0.057695    0.194002
    0   -1    0    8    8   -0.400951   -0.037051
    0   -1    0    9    8   -0.064389   -0.110669
    0   -1    0   10    8   -0.026671   -0.045322
    0   -1    0   11    8   -0.413569   -0.037957
    0   -1    0    1    9   -0.089400    0.079343
    0   -1    0    2    9    0.115047    0.122270
    0   -1    0    3    9   -0.391751   -0.180049
    0   -1    0    4    9    0.014568   -0.316330
    0   -1    0    5    9    0.389569    0.178733
    0   -1    0    6    9    0.021495    0.154732
    0   -1    0    7    9   -0.137623    0.233170
    0   -1    0    8    9    0.327497    0.293654
    0   -1    0    9    9    0.071057   -0.036714
    0   -1    0   10    9   -0.194752   -0.154532
    0   -1    0   11    9   -0.377382   -0.162005
    0   -1    0    1   10    0.222758   -0.265737
    0   -1    0    2   10    0.313484   -0.017630
    0   -1    0    3   10   -0.496086   -0.046031
    0   -1    0    4   10   -0.150214   -0.037830
    0   -1    0    5   10    0.470882   -0.072051
    0   -1    0    6   10   -0.028401    0.061656
    0   -1    0    7   10   -0.025885    0.172784
    0   -1    0    8   10   -0.085995    0.192763
    0   -1    0    9   10   -0.286103   -0.200536
    0   -1    0   10   10    0.019543   -0.001264
    0   -1    0   11   10    0.084187   -0.134960
    0   -1    0    1   11    0.212289   -0.180712
    0   -1    0    2   11   -0.214542   -0.117498
    0   -1    0    3   11    0.348544    0.047283
    0   -1    0    4   11    0.441765    0.075930
    0   -1    0    5   11   -0.299484   -0.053794
    0   -1    0    6   11   -0.015787    0.010223
    0   -1    0    7   11   -0.159032   -0.288752
    0   -1    0    8   11   -0.227904    0.025195
    0   -1    0    9   11   -0.195203    0.182652
    0   -1    0   10   11    0.037713    0.066444
    0   -1    0   11   11    1.061809    0.129936
    0    0    0    1    1   -5.617107   -0.000000
    0    0    0    2    1   -0.241204   -0.069226
    0    0    0    3    1   -0.052761    0.174517
    0    0    0    4    1   -0.001461   -0.140451
    0    0    0    5    1    0.211620   -0.094758
    0    0    0    6    1    0.255811    0.140763
    0    0    0    7    1   -0.071360   -0.093466
    0    0    0    8    1    0.521351   -0.105740
    0    0    0    9    1    0.044018    0.020555
    0    0    0   10    1    0.212653   -0.037388
    0    0    0   11    1   -0.276515    0.011616
    0    0    0    1    2   -0.241204    0.069226
    0    0    0    2    2   -5.002387   -0.000000
    0    0    0    3    2    0.123142   -0.019819
    0    0    0    4    2   -0.080804    0.080379
    0    0    0    5    2   -0.124884    0.112424
    0    0    0    6    2   -0.083653    0.038849
    0    0    0    7    2   -0.086674    0.090090
    0    0    0    8    2   -0.562388    0.174665
    0    0    0    9    2   -0.103507    0.006337
    0    0    0   10    2   -0.008789   -0.026085
    0    0    0   11    2    0.204247   -0.018802
    0    0    0    1    3   -0.052761   -0.174517
    0    0    0    2    3    0.123142    0.019819
    0    0    0    3    3   -4.760462   -0.000000
    0    0    0    4    3    0.019583    0.105980
    0    0    0    5    3   -0.081116    0.112789
    0    0    0    6    3   -0.425994    0.129449
    0    0    0    7    3   -0.178531   -0.075311
    0    0    0    8    3   -0.796455    0.037678
    0    0    0    9    3    0.177514    0.132938
    0    0    0   10    3    0.209164    0.013470
    0    0    0   11    3    0.582383   -0.034791
    0    0    0    1    4   -0.001461    0.140451
    0    0    0    2    4   -0.080804   -0.080379
    0    0    0    3    4    0.019583   -0.105980
    0    0    0    4    4   -4.864231    0.000000
    0    0    0    5    4    0.172079    0.167876
    0    0    0    6    4   -0.123221    0.050429
    0    0    0    7    4    0.013815    0.022672
    0    0    0    8    4   -0.018473   -0.010522
    0    0    0    9    4    0.049102    0.219017
    0    0    0   10    4    0.211711   -0.058354
    0    0    0   11    4    0.048214   -0.107042
    0    0    0    1    5    0.211620    0.094758
    0    0    0    2    5   -0.124884   -0.112424
    0    0    0    3    5   -0.081116   -0.112789
    0    0    0    4    5    0.172079   -0.167876
    0    0    0    5    5   -5.050505    0.000000
    0    0    0    6    5   -0.064823    0.170164
    0    0    0    7    5    0.146018    0.102497
    0    0    0    8    5    0.306969    0.146206
    0    0    0    9    5    0.017310    0.080616
    0    0    0   10    5   -0.295980    0.002054
    0    0    0   11    5   -0.410776    0.071377
    0    0    0    1    6    0.255811   -0.140763
    0    0    0    2    6   -0.083653   -0.038849
    0    0    0    3    6   -0.425994   -0.129449
    0    0    0    4    6   -0.123221   -0.050429
    0    0    0    5    6   -0.064823   -0.170164
    0    0    0    6    6   -3.351288    0.000000
    0    0    0    7    6    0.232090    0.312125
    0    0    0    8    6    0.214484    0.057446
    0    0    0    9    6    0.442628   -0.203483
    0    0    0   10    6    0.400091    0.035127
    0    0    0   11    6   -0.016477    0.281663
    0    0    0    1    7   -0.071360    0.093466
    0    0    0    2    7   -0.086674   -0.090090
    0    0    0    3    7   -0.178531    0.075311
    0    0    0    4    7    0.013815   -0.022672
    0    0    0    5    7    0.146018   -0.102497
    0    0    0    6    7    0.232090   -0.312125
    0    0    0    7    7   -3.358973    0.000000
    0    0    0    8    7   -0.216222    0.021061
    0    0    0    9    7    0.107087    0.318982
    0    0    0   10    7   -0.620044   -0.140369
    0    0    0   11    7   -0.087135   -0.037210
    0    0    0    1    8    0.521351    0.105740
    0    0    0    2    8   -0.562388   -0.174665
    0    0    0    3    8   -0.796455   -0.037678
    0    0    0    4    8   -0.018473    0.010522
    0    0    0    5    8    0.306969   -0.146206
    0    0    0    6    8    0.214484   -0.057446
    0    0    0    7    8   -0.216222   -0.021061
    0    0    0    8    8   -2.554883    0.000000
    0    0    0    9    8   -0.333237   -0.406054
    0    0    0   10    8   -0.184485   -0.143583
    0    0    0   11    8   -0.705161   -0.113073
    0    0    0    1    9    0.044018   -0.020555
    0    0    0    2    9   -0.103507   -0.006337
    0    0    0    3    9    0.177514   -0.132938
    0    0    0    4    9    0.049102   -0.219017
    0    0    0    5    9    0.017310   -0.080616
    0    0    0    6    9    0.442628    0.203483
    0    0    0    7    9    0.107087   -0.318982
    0    0    0    8    9   -0.333237    0.406054
    0    0    0    9    9   -3.620935   -0.000000
    0    0    0   10    9    0.164894   -0.037338
    0    0    0   11    9   -0.175735   -0.410671
    0    0    0    1   10    0.212653    0.037388
    0    0    0    2   10   -0.008789    0.026085
    0    0    0    3   10    0.209164   -0.013470
    0    0    0    4   10    0.211711    0.058354
    0    0    0    5   10   -0.295980   -0.002054
    0    0    0    6   10    0.400091   -0.035127
    0    0    0    7   10   -0.620044    0.140369
    0    0    0    8   10   -0.184485    0.143583
    0    0    0    9   10    0.164894    0.037338
    0    0    0   10   10   -2.242207   -0.000000
    0    0    0   11   10    0.244319    0.060767
    0    0    0    1   11   -0.276515   -0.011616
    0    0    0    2   11    0.204247    0.018802
    0    0    0    3   11    0.582383    0.034791
    0    0    0    4   11    0.048214    0.107042
    0    0    0    5   11   -0.410776   -0.071377
    0    0    0    6   11   -0.016477   -0.281663
    0    0    0    7   11   -0.087135    0.037210
    0    0    0    8   11   -0.705161    0.113073
    0    0    0    9   11   -0.175735    0.410671
    0    0    0   10   11    0.244319   -0.060767
    0    0    0   11   11   -4.199086    0.000000
    0    1    0    1    1    0.286565   -0.011631
    0    1    0    2    1   -0.012103    0.148474
    0    1    0    3    1   -0.029722    0.036926
    0    1    0    4    1   -0.211790   -0.063640
    0    1    0    5    1   -0.065999   -0.080669
    0    1    0    6    1   -0.206769   -0.038355
    0    1    0    7    1   -0.187710   -0.098637
    0    1    0    8    1   -0.003203   -0.155051
    0    1    0    9    1   -0.089400   -0.079343
    0    1    0   10    1    0.222758    0.265737
    0    1    0   11    1    0.212289    0.180712
    0    1    0    1    2    0.122678    0.007051
    0    1    0    2    2    0.121685   -0.048782
    0    1    0    3    2   -0.263262   -0.007636
    0    1    0    4    2    0.031768    0.026748
    0    1    0    5    2    0.136397    0.002624
    0    1    0    6    2    0.476575   -0.241448
    0    1    0    7    2    0.007611   -0.227780
    0    1    0    8    2    0.071867   -0.076569
    0    1    0    9    2    0.115047   -0.122270
    0    1    0   10    2    0.313484    0.017630
    0    1    0   11    2   -0.214542    0.117498
    0    1    0    1    3   -0.160432   -0.029414
    0    1    0    2    3   -0.051717   -0.041215
    0    1    0    3    3    0.234841   -0.056462
    0    1    0    4    3    0.086376    0.075189
    0    1    0    5    3    0.041321    0.028297
    0    1    0    6    3   -0.466201    0.042353
    0    1    0    7    3    0.482027    0.171669
    0    1    0    8    3   -0.163573   -0.045818
    0    1    0    9    3   -0.391751    0.180049
    0    1    0   10    3   -0.496086    0.046031
    0    1    0   11    3    0.348544   -0.047283
    0    1    0    1    4   -0.081688    0.047506
    0    1    0    2    4    0.063965   -0.058025
    0    1    0    3    4    0.204015    0.008057
    0    1    0    4    4    0.414601    0.077381
    0    1    0    5    4   -0.167413    0.068921
    0    1    0    6    4   -0.782844    0.136002
    0    1    0    7    4   -0.151463   -0.185746
    0    1    0    8    4   -0.519134    0.261619
    0    1    0    9    4    0.014568    0.316330
    0    1    0   10    4   -0.150214    0.037830
    0    1    0   11    4    0.441765   -0.075930
    0    1    0    1    5    0.015434    0.078110
    0    1    0    2    5    0.216377    0.063248
    0    1    0    3    5    0.221532    0.033431
    0    1    0    4    5   -0.244881   -0.147644
    0    1    0    5    5   -0.125031   -0.006015
    0    1    0    6    5   -0.383285    0.222165
    0    1    0    7    5   -0.410172   -0.271681
    0    1    0    8    5   -0.261947    0.060397
    0    1    0    9    5    0.389569   -0.178733
    0    1    0   10    5    0.470882    0.072051
    0    1    0   11    5   -0.299484    0.053794
    0    1    0    1    6   -0.080779   -0.090002
    0    1    0    2    6   -0.057108   -0.000542
    0    1    0    3    6    0.007248    0.035737
    0    1    0    4    6    0.030925   -0.024993
    0    1    0    5    6   -0.040412    0.038758
    0    1    0    6    6    0.041121   -0.127191
    0    1    0    7    6   -0.172321    0.241195
    0    1    0    8    6    0.037128   -0.031939
    0    1    0    9    6    0.021495   -0.154732
    0    1    0   10    6   -0.028401   -0.061656
    0    1    0   11    6   -0.015787   -0.010223
    0    1    0    1    7    0.066466   -0.025821
    0    1    0    2    7   -0.081523    0.063079
    0    1    0    3    7    0.162846    0.218390
    0    1    0    4    7   -0.036422    0.075097
    0    1    0    5    7   -0.202984   -0.021245
    0    1    0    6    7    0.412790   -0.205477
    0    1    0    7    7   -0.877508    0.227606
    0    1    0    8    7    0.057695   -0.194002
    0    1    0    9    7   -0.137623   -0.233170
    0    1    0   10    7   -0.025885   -0.172784
    0    1    0   11    7   -0.159032    0.288752
    0    1    0    1    8    0.349612    0.010874
    0    1    0    2    8    0.224503    0.200307
    0    1    0    3    8    0.283091    0.120189
    0    1    0    4    8    0.131765    0.211990
    0    1    0    5    8   -0.022445    0.083304
    0    1    0    6    8    0.422248    0.029364
    0    1    0    7    8    0.104894   -0.048151
    0    1    0    8    8   -0.400951    0.037051
    0    1    0    9    8    0.327497   -0.293654
    0    1    0   10    8   -0.085995   -0.192763
    0    1    0   11    8   -0.227904   -0.025195
    0    1    0    1    9   -0.195489    0.093643
    0    1    0    2    9   -0.003473    0.031456
    0    1    0    3    9   -0.140049   -0.093760
    0    1    0    4    9    0.256667   -0.109325
    0    1    0    5    9    0.219097   -0.042164
    0    1    0    6    9   -0.336950    0.413567
    0    1    0    7    9    0.170863   -0.308727
    0    1    0    8    9   -0.064389    0.110669
    0    1    0    9    9    0.071057    0.036714
    0    1    0   10    9   -0.286103    0.200536
    0    1    0   11    9   -0.195203   -0.182652
    0    1    0    1   10    0.146564   -0.048219
    0    1    0    2   10   -0.049038   -0.097807
    0    1    0    3   10    0.157015   -0.020516
    0    1    0    4   10    0.279680    0.030911
    0    1    0    5   10    0.123349    0.017636
    0    1    0    6   10    0.184885   -0.032725
    0    1    0    7   10   -0.101910    0.168893
    0    1    0    8   10   -0.026671    0.045322
    0    1    0    9   10   -0.194752    0.154532
    0    1    0   10   10    0.019543    0.001264
    0    1    0   11   10    0.037713   -0.066444
    0    1    0    1   11    0.124520    0.131459
    0    1    0    2   11    0.372231    0.144049
    0    1    0    3   11    0.188082   -0.141487
    0    1    0    4   11    0.488914    0.151892
    0    1    0    5   11    0.003876    0.060564
    0    1    0    6   11    0.600730    0.001712
    0    1    0    7   11    0.936545   -0.334747
    0    1    0    8   11   -0.413569    0.037957
    0    1    0    9   11   -0.377382    0.162005
    0    1    0   10   11    0.084187    0.134960
    0    1    0   11   11    1.061809   -0.129936
    0    2    0    1    1   -0.154538    0.039227
    0    2    0    2    1    0.010548    0.022030
    0    2    0    3    1   -0.046256   -0.066335
    0    2    0    4    1   -0.004018   -0.012449
    0    2    0    5    1    0.063565    0.045940
    0    2    0    6    1   -0.202715   -0.049850
    0    2    0    7    1    0.406915    0.131033
    0    2    0    8    1   -0.053287    0.051257
    0    2    0    9    1   -0.024377    0.029321
    0    2    0   10    1    0.051021    0.202166
    0    2    0   11    1    0.090565   -0.001855
    0    2    0    1    2   -0.034508    0.012058
    0    2    0    2    2    0.092943    0.004507
    0    2    0    3    2   -0.076246    0.026504
    0    2    0    4    2   -0.049141    0.038157
    0    2    0    5    2   -0.071051    0.041528
    0    2    0    6    2   -0.201624   -0.141549
    0    2    0    7    2   -0.330729    0.073542
    0    2    0    8    2    0.089112   -0.035634
    0    2    0    9    2   -0.022550   -0.067557
    0    2    0   10    2    0.003964    0.013980
    0    2    0   11    2   -0.054076    0.012051
    0    2    0    1    3    0.069872    0.007802
    0    2    0    2    3   -0.006929   -0.031993
    0    2    0    3    3   -0.002189   -0.033177
    0    2    0    4    3    0.012967    0.035717
    0    2    0    5    3    0.011076    0.009600
    0    2    0    6    3    0.168603    0.082141
    0    2    0    7    3    0.087303    0.024266
    0    2    0    8    3    0.032393   -0.009975
    0    2    0    9    3   -0.023529   -0.066415
    0    2    0   10    3   -0.002218    0.016402
    0    2    0   11    3    0.042374   -0.009172
    0    2    0    1    4   -0.084703   -0.027748
    0    2    0    2    4    0.043243   -0.048011
    0    2    0    3    4    0.027985   -0.056433
    0    2    0    4    4    0.212816    0.043448
    0    2    0    5    4    0.024039    0.049146
    0    2    0    6    4    0.104193   -0.027499
    0    2    0    7    4    0.212288    0.084522
    0    2    0    8    4   -0.191940   -0.015478
    0    2    0    9    4   -0.197214    0.187624
    0    2    0   10    4   -0.020659    0.042144
    0    2    0   11    4    0.219907   -0.042857
    0    2    0    1    5    0.156023    0.047748
    0    2    0    2    5   -0.047470    0.030719
    0    2    0    3    5    0.010403   -0.013177
    0    2    0    4    5   -0.042418    0.000810
    0    2    0    5    5    0.034466   -0.051034
    0    2    0    6    5    0.132507   -0.135068
    0    2    0    7    5   -0.322385    0.072227
    0    2    0    8    5    0.147029   -0.056029
    0    2    0    9    5    0.051779    0.135754
    0    2    0   10    5    0.048878    0.006288
    0    2    0   11    5   -0.111981    0.083321
    0    2    0    1    6   -0.067935   -0.021618
    0    2    0    2    6    0.032595    0.011608
    0    2    0    3    6    0.053210   -0.002861
    0    2    0    4    6   -0.014857   -0.047157
    0    2    0    5    6   -0.020315    0.005456
    0    2    0    6    6   -0.063461   -0.046128
    0    2    0    7    6    0.070062   -0.043888
    0    2    0    8    6   -0.001742   -0.001850
    0    2    0    9    6   -0.017925   -0.119402
    0    2    0   10    6   -0.016622   -0.000446
    0    2    0   11    6    0.034985   -0.036560
    0    2    0    1    7   -0.016678   -0.070741
    0    2    0    2    7   -0.027397   -0.008984
    0    2    0    3    7    0.011587    0.034663
    0    2    0    4    7   -0.010090    0.041203
    0    2    0    5    7   -0.089599   -0.016609
    0    2    0    6    7   -0.190046   -0.092300
    0    2    0    7    7    0.168698    0.051235
    0    2    0    8    7   -0.025148   -0.020089
    0    2    0    9    7    0.185765   -0.054099
    0    2    0   10    7    0.010579   -0.015547
    0    2    0   11    7   -0.007108    0.002379
    0    2    0    1    8   -0.059539   -0.062905
    0    2    0    2    8   -0.057022   -0.057946
    0    2    0    3    8   -0.167965   -0.031065
    0    2    0    4    8   -0.024230   -0.034350
    0    2    0    5    8   -0.084867   -0.001772
    0    2    0    6    8    0.327508   -0.030336
    0    2    0    7    8   -0.300355   -0.016145
    0    2    0    8    8    0.120745   -0.015981
    0    2    0    9    8   -0.168685   -0.119587
    0    2    0   10    8   -0.151758   -0.113055
    0    2    0   11    8    0.010246   -0.017589
    0    2    0    1    9   -0.040181    0.011104
    0    2    0    2    9   -0.000808   -0.014492
    0    2    0    3    9   -0.098096   -0.033523
    0    2    0    4    9    0.009646   -0.027778
    0    2    0    5    9    0.042615    0.046505
    0    2    0    6    9    0.085773    0.005990
    0    2    0    7    9   -0.052910    0.060254
    0    2    0    8    9    0.022971    0.012226
    0    2    0    9    9   -0.161630    0.118501
    0    2    0   10    9   -0.114776    0.019338
    0    2    0   11    9    0.055332    0.002750
    0    2    0    1   10    0.057484   -0.009486
    0    2    0    2   10    0.042892    0.037078
    0    2    0    3   10   -0.044880   -0.038959
    0    2    0    4   10    0.091921    0.016804
    0    2    0    5   10    0.083350    0.057714
    0    2    0    6   10   -0.004551   -0.006862
    0    2    0    7   10   -0.055433   -0.038356
    0    2    0    8   10   -0.023471    0.011343
    0    2    0    9   10   -0.030336   -0.019577
    0    2    0   10   10    0.000977    0.003709
    0    2    0   11   10   -0.052947    0.002183
    0    2    0    1   11   -0.100425    0.097238
    0    2    0    2   11   -0.013444   -0.017346
    0    2    0    3   11    0.002692   -0.128296
    0    2    0    4   11    0.174444   -0.034763
    0    2    0    5   11    0.121291    0.049868
    0    2    0    6   11   -0.126922    0.285929
    0    2    0    7   11    0.357672    0.129877
    0    2    0    8   11   -0.228203    0.113231
    0    2    0    9   11   -0.262231    0.175014
    0    2    0   10   11   -0.263516    0.103796
    0    2    0   11   11   -0.072155   -0.114307
    0    3    0    1    1    0.003400    0.000069
    0    3    0    2    1    0.009824   -0.023630
    0    3    0    3    1   -0.010178   -0.031278
    0    3    0    4    1   -0.012346    0.033475
    0    3    0    5    1    0.045860    0.024275
    0    3    0    6    1    0.031560    0.097795
    0    3    0    7    1   -0.044114    0.031038
    0    3    0    8    1   -0.026249    0.018364
    0    3    0    9    1    0.006389    0.015775
    0    3    0   10    1    0.045450   -0.019287
    0    3    0   11    1   -0.026962   -0.066186
    0    3    0    1    2   -0.063207   -0.030716
    0    3    0    2    2    0.026975    0.006336
    0    3    0    3    2   -0.016365    0.041713
    0    3    0    4    2    0.017957    0.041531
    0    3    0    5    2   -0.011449    0.003140
    0    3    0    6    2    0.139464   -0.043329
    0    3    0    7    2    0.042641    0.010324
    0    3    0    8    2    0.013010   -0.003076
    0    3    0    9    2   -0.084294   -0.026192
    0    3    0   10    2   -0.039020   -0.011222
    0    3    0   11    2    0.087275   -0.014696
    0    3    0    1    3    0.015651    0.005440
    0    3    0    2    3   -0.027868    0.005633
    0    3    0    3    3   -0.002207   -0.017773
    0    3    0    4    3   -0.007009    0.015256
    0    3    0    5    3    0.008923   -0.022700
    0    3    0    6    3   -0.018790   -0.047252
    0    3    0    7    3   -0.016508    0.005670
    0    3    0    8    3    0.024079    0.015919
    0    3    0    9    3    0.028344   -0.008611
    0    3    0   10    3    0.011940    0.010701
    0    3    0   11    3   -0.043750   -0.000225
    0    3    0    1    4    0.004103    0.017389
    0    3    0    2    4   -0.029107   -0.007001
    0    3    0    3    4   -0.031635   -0.015111
    0    3    0    4    4    0.047441    0.001542
    0    3    0    5    4   -0.002733   -0.003698
    0    3    0    6    4    0.028595    0.017733
    0    3    0    7    4    0.038546    0.059346
    0    3    0    8    4   -0.056515   -0.015827
    0    3    0    9    4   -0.049188    0.034975
    0    3    0   10    4   -0.035531    0.022090
    0    3    0   11    4    0.048593   -0.009614
    0    3    0    1    5    0.047465    0.012835
    0    3    0    2    5   -0.003691    0.008438
    0    3    0    3    5    0.017674    0.011815
    0    3    0    4    5    0.027392   -0.035846
    0    3    0    5    5   -0.007346   -0.031484
    0    3    0    6    5   -0.102390    0.054752
    0    3    0    7    5   -0.026457    0.024851
    0    3    0    8    5   -0.001509   -0.021946
    0    3    0    9    5    0.152207    0.042850
    0    3    0   10    5    0.035664    0.042341
    0    3    0   11    5   -0.004751   -0.005260
    0    3    0    1    6   -0.028461    0.003943
    0    3    0    2    6   -0.003434    0.007859
    0    3    0    3    6    0.006811   -0.011377
    0    3    0    4    6    0.005135   -0.026459
    0    3    0    5    6    0.004747    0.017965
    0    3    0    6    6    0.009961    0.003035
    0    3    0    7    6    0.019521   -0.035739
    0    3    0    8    6    0.003345   -0.013651
    0    3    0    9    6   -0.041161   -0.014905
    0    3    0   10    6   -0.000096    0.016997
    0    3    0   11    6    0.022806    0.021825
    0    3    0    1    7    0.008808    0.009315
    0    3    0    2    7    0.029427    0.006687
    0    3    0    3    7   -0.013267   -0.029924
    0    3    0    4    7   -0.002923    0.001536
    0    3    0    5    7   -0.009173    0.003675
    0    3    0    6    7    0.044215   -0.023170
    0    3    0    7    7    0.073006   -0.022049
    0    3    0    8    7    0.003367    0.011173
    0    3    0    9    7    0.028671   -0.053389
    0    3    0   10    7    0.028545   -0.010571
    0    3    0   11    7    0.023471   -0.029187
    0    3    0    1    8   -0.020344   -0.021962
    0    3    0    2    8    0.034448   -0.020976
    0    3    0    3    8   -0.017655   -0.032240
    0    3    0    4    8   -0.001617   -0.019478
    0    3    0    5    8    0.007277   -0.015675
    0    3    0    6    8   -0.041003   -0.042968
    0    3    0    7    8    0.098857    0.002687
    0    3    0    8    8   -0.009539   -0.001200
    0    3    0    9    8   -0.004871   -0.022218
    0    3    0   10    8   -0.018238   -0.005753
    0    3    0   11    8    0.050654    0.005081
    0    3    0    1    9    0.014097   -0.000173
    0    3    0    2    9   -0.017013    0.009463
    0    3    0    3    9   -0.018092   -0.009539
    0    3    0    4    9    0.005813   -0.014353
    0    3    0    5    9    0.006565    0.009271
    0    3    0    6    9   -0.091201    0.051375
    0    3    0    7    9    0.014175   -0.015436
    0    3    0    8    9   -0.007521   -0.006486
    0    3    0    9    9   -0.020480    0.021104
    0    3    0   10    9   -0.030423    0.026079
    0    3    0   11    9    0.025633   -0.023067
    0    3    0    1   10   -0.034834   -0.024603
    0    3    0    2   10   -0.023220   -0.008197
    0    3    0    3   10   -0.033271   -0.015687
    0    3    0    4   10    0.008140    0.005527
    0    3    0    5   10   -0.008705    0.008190
    0    3    0    6   10   -0.038447    0.002531
    0    3    0    7   10    0.021128    0.003780
    0    3    0    8   10   -0.002124   -0.000412
    0    3    0    9   10   -0.028119   -0.002308
    0    3    0   10   10   -0.020885    0.005583
    0    3    0   11   10   -0.021552    0.011159
    0    3    0    1   11   -0.013679   -0.003167
    0    3    0    2   11   -0.069774   -0.057167
    0    3    0    3   11   -0.019395    0.024740
    0    3    0    4   11    0.050739    0.057314
    0    3    0    5   11    0.040510   -0.043346
    0    3    0    6   11    0.056814    0.168891
    0    3    0    7   11   -0.158270    0.051570
    0    3    0    8   11    0.090092   -0.002370
    0    3    0    9   11   -0.133908    0.087661
    0    3    0   10   11   -0.067521    0.022615
    0    3    0   11   11   -0.101030    0.034836
    0    4    0    1    1    0.033352    0.006528
    0    4    0    2    1    0.019585   -0.008706
    0    4    0    3    1    0.002381   -0.003099
    0    4    0    4    1   -0.000578    0.010009
    0    4    0    5    1   -0.006874   -0.018393
    0    4    0    6    1    0.057232    0.026141
    0    4    0    7    1   -0.049975   -0.051912
    0    4    0    8    1    0.036051    0.001903
    0    4    0    9    1   -0.009579    0.023091
    0    4    0   10    1    0.028956   -0.049606
    0    4    0   11    1   -0.021788   -0.005829
    0    4    0    1    2   -0.030401   -0.017202
    0    4    0    2    2   -0.002924   -0.011419
    0    4    0    3    2    0.007441    0.011254
    0    4    0    4    2    0.005778   -0.006936
    0    4    0    5    2    0.006459    0.009744
    0    4    0    6    2    0.022604    0.032435
    0    4    0    7    2   -0.000733    0.002364
    0    4    0    8    2    0.008857   -0.005657
    0    4    0    9    2   -0.058126   -0.021064
    0    4    0   10    2   -0.022366    0.009925
    0    4    0   11    2    0.040844   -0.001648
    0    4    0    1    3   -0.015550   -0.011466
    0    4    0    2    3    0.000793    0.021480
    0    4    0    3    3    0.005486    0.007474
    0    4    0    4    3   -0.003283   -0.002281
    0    4    0    5    3   -0.012485   -0.012111
    0    4    0    6    3   -0.023103   -0.046639
    0    4    0    7    3    0.017336    0.011252
    0    4    0    8    3    0.003800    0.014899
    0    4    0    9    3    0.038469    0.012089
    0    4    0   10    3    0.010150    0.005182
    0    4    0   11    3    0.008519   -0.004813
    0    4    0    1    4   -0.000887    0.017849
    0    4    0    2    4   -0.000089    0.004122
    0    4    0    3    4    0.011570   -0.012719
    0    4    0    4    4    0.004354   -0.003199
    0    4    0    5    4   -0.020233    0.004784
    0    4    0    6    4   -0.017816    0.001169
    0    4    0    7    4   -0.001447    0.007606
    0    4    0    8    4   -0.015210    0.000460
    0    4    0    9    4    0.019369   -0.000510
    0    4    0   10    4   -0.009385    0.022742
    0    4    0   11    4    0.003877   -0.006165
    0    4    0    1    5    0.007757    0.015306
    0    4    0    2    5    0.013955    0.002814
    0    4    0    3    5   -0.001308    0.012090
    0    4    0    4    5   -0.014762   -0.005764
    0    4    0    5    5    0.001123   -0.018496
    0    4    0    6    5   -0.004717   -0.014007
    0    4    0    7    5    0.009040   -0.006185
    0    4    0    8    5   -0.005178   -0.006320
    0    4    0    9    5    0.015680   -0.008096
    0    4    0   10    5    0.020719    0.012324
    0    4    0   11    5   -0.010687    0.014829
    0    4    0    1    6   -0.002221    0.018243
    0    4    0    2    6   -0.010742   -0.011125
    0    4    0    3    6   -0.009522   -0.029753
    0    4    0    4    6   -0.023380    0.001106
    0    4    0    5    6    0.020004    0.016867
    0    4    0    6    6   -0.015594    0.020654
    0    4    0    7    6   -0.008089   -0.012136
    0    4    0    8    6   -0.003458   -0.008127
    0    4    0    9    6   -0.006033    0.007252
    0    4    0   10    6    0.009754    0.007384
    0    4    0   11    6   -0.043430    0.004043
    0    4    0    1    7    0.000917    0.000848
    0    4    0    2    7   -0.005156    0.016628
    0    4    0    3    7    0.006664   -0.008917
    0    4    0    4    7   -0.000219    0.007530
    0    4    0    5    7    0.010797   -0.014743
    0    4    0    6    7   -0.001670   -0.013747
    0    4    0    7    7   -0.062347   -0.027701
    0    4    0    8    7    0.013176    0.006023
    0    4    0    9    7   -0.000448    0.007206
    0    4    0   10    7    0.002187   -0.009191
    0    4    0   11    7   -0.007699    0.023730
    0    4    0    1    8    0.017879    0.032064
    0    4    0    2    8   -0.011452   -0.002845
    0    4    0    3    8   -0.004862   -0.017074
    0    4    0    4    8    0.004804   -0.004294
    0    4    0    5    8   -0.008750    0.002851
    0    4    0    6    8   -0.000542   -0.003477
    0    4    0    7    8   -0.008151    0.005048
    0    4    0    8    8    0.001846   -0.001439
    0    4    0    9    8   -0.029264   -0.011056
    0    4    0   10    8   -0.010266   -0.001414
    0    4    0   11    8   -0.007996   -0.010013
    0    4    0    1    9    0.009223    0.029148
    0    4    0    2    9    0.010190    0.011557
    0    4    0    3    9   -0.015934    0.002389
    0    4    0    4    9   -0.013299    0.016395
    0    4    0    5    9   -0.022867    0.016333
    0    4    0    6    9    0.004447    0.027567
    0    4    0    7    9   -0.008870    0.008682
    0    4    0    8    9   -0.009764    0.004997
    0    4    0    9    9   -0.006391    0.011982
    0    4    0   10    9    0.012117    0.005711
    0    4    0   11    9   -0.016114    0.001548
    0    4    0    1   10   -0.045332   -0.010153
    0    4    0    2   10    0.021039   -0.015722
    0    4    0    3   10   -0.017462   -0.016144
    0    4    0    4   10   -0.014198   -0.010075
    0    4    0    5   10    0.007462   -0.017237
    0    4    0    6   10   -0.018577    0.009395
    0    4    0    7   10    0.000832    0.006463
    0    4    0    8   10    0.005400   -0.003044
    0    4    0    9   10   -0.002833   -0.005404
    0    4    0   10   10   -0.002355   -0.001917
    0    4    0   11   10    0.021085   -0.011096
    0    4    0    1   11    0.029760   -0.038157
    0    4    0    2   11   -0.057155   -0.016051
    0    4    0    3   11   -0.009729    0.031261
    0    4    0    4   11    0.038935    0.046426
    0    4    0    5   11   -0.022257   -0.019266
    0    4    0    6   11   -0.009997    0.030357
    0    4    0    7   11   -0.041986   -0.037422
    0    4    0    8   11    0.019766    0.000539
    0    4    0    9   11    0.016728    0.004331
    0    4    0   10   11    0.026036   -0.003745
    0    4    0   11   11    0.044134    0.017533
    0    5    0    1    1   -0.005669   -0.004082
    0    5    0    2    1    0.013981   -0.005713
    0    5    0    3    1   -0.007952   -0.001516
    0    5    0    4    1    0.010294    0.006798
    0    5    0    5    1   -0.019887    0.003701
    0    5    0    6    1    0.026156   -0.001178
    0    5    0    7    1    0.024159   -0.011139
    0    5    0    8    1    0.012829    0.011358
    0    5    0    9    1    0.003805    0.017071
    0    5    0   10    1    0.002991   -0.004837
    0    5    0   11    1   -0.007534    0.005182
    0    5    0    1    2   -0.005442    0.009314
    0    5    0    2    2   -0.013430   -0.001852
    0    5    0    3    2    0.004498    0.000436
    0    5    0    4    2   -0.001801    0.006522
    0    5    0    5    2    0.008457    0.004644
    0    5    0    6    2   -0.006811    0.001527
    0    5    0    7    2    0.006666    0.001159
    0    5    0    8    2   -0.001979   -0.007720
    0    5    0    9    2   -0.016244    0.009979
    0    5    0   10    2    0.000487    0.008916
    0    5    0   11    2    0.005890    0.002380
    0    5    0    1    3   -0.015947   -0.013348
    0    5    0    2    3   -0.006875    0.024233
    0    5    0    3    3    0.007250    0.008755
    0    5    0    4    3   -0.003098   -0.012775
    0    5    0    5    3    0.006584   -0.012132
    0    5    0    6    3   -0.021455   -0.021684
    0    5    0    7    3    0.003686   -0.017602
    0    5    0    8    3   -0.003794   -0.006488
    0    5    0    9    3   -0.001805    0.008524
    0    5    0   10    3    0.007759    0.007681
    0    5    0   11    3    0.002381   -0.002472
    0    5    0    1    4   -0.009057    0.000914
    0    5    0    2    4   -0.018961    0.017794
    0    5    0    3    4   -0.005124   -0.002430
    0    5    0    4    4   -0.005506   -0.006359
    0    5    0    5    4   -0.000947    0.007209
    0    5    0    6    4   -0.023289   -0.015353
    0    5    0    7    4    0.006230    0.007668
    0    5    0    8    4    0.000270    0.000468
    0    5    0    9    4    0.018301   -0.012827
    0    5    0   10    4   -0.014600   -0.001363
    0    5    0   11    4   -0.020879    0.011285
    0    5    0    1    5   -0.004198   -0.005873
    0    5    0    2    5    0.001884    0.006942
    0    5    0    3    5   -0.007194    0.017236
    0    5    0    4    5    0.008778    0.002283
    0    5    0    5    5   -0.001603    0.000760
    0    5    0    6    5    0.025784    0.013007
    0    5    0    7    5    0.025026   -0.008372
    0    5    0    8    5    0.017404   -0.009360
    0    5    0    9    5   -0.003981   -0.009411
    0    5    0   10    5   -0.005380   -0.008731
    0    5    0   11    5   -0.001604    0.012217
    0    5    0    1    6    0.006512    0.026503
    0    5    0    2    6   -0.006205    0.000286
    0    5    0    3    6   -0.020989   -0.017224
    0    5    0    4    6   -0.036739   -0.001431
    0    5    0    5    6    0.002091    0.002320
    0    5    0    6    6    0.003285    0.008429
    0    5    0    7    6    0.006002   -0.004869
    0    5    0    8    6   -0.009841   -0.001440
    0    5    0    9    6    0.001566    0.028233
    0    5    0   10    6    0.016589   -0.000089
    0    5    0   11    6   -0.008530   -0.003814
    0    5    0    1    7   -0.016402   -0.004783
    0    5    0    2    7    0.009116   -0.010009
    0    5    0    3    7    0.021839   -0.003636
    0    5    0    4    7   -0.008308   -0.004251
    0    5    0    5    7    0.014235   -0.004177
    0    5    0    6    7   -0.008044   -0.013608
    0    5    0    7    7   -0.019997    0.013644
    0    5    0    8    7   -0.002865    0.001172
    0    5    0    9    7   -0.006628    0.015087
    0    5    0   10    7    0.001109    0.007617
    0    5    0   11    7   -0.026276   -0.008461
    0    5    0    1    8    0.003322    0.013300
    0    5    0    2    8   -0.013805   -0.013162
    0    5    0    3    8    0.004479    0.003144
    0    5    0    4    8   -0.003105    0.006510
    0    5    0    5    8   -0.001647   -0.008603
    0    5    0    6    8   -0.015073   -0.010153
    0    5    0    7    8   -0.007908    0.007783
    0    5    0    8    8    0.001991   -0.000892
    0    5    0    9    8    0.005774    0.007190
    0    5    0   10    8   -0.001461   -0.000366
    0    5    0   11    8    0.000504   -0.004636
    0    5    0    1    9    0.003759    0.008382
    0    5    0    2    9    0.023337   -0.012371
    0    5    0    3    9   -0.017286    0.016217
    0    5    0    4    9   -0.006529    0.013115
    0    5    0    5    9   -0.006775   -0.006504
    0    5    0    6    9   -0.010460   -0.005181
    0    5    0    7    9    0.003020    0.005693
    0    5    0    8    9    0.004185   -0.002599
    0    5    0    9    9    0.014267    0.000941
    0    5    0   10    9    0.006260   -0.007723
    0    5    0   11    9    0.002490    0.003056
    0    5    0    1   10   -0.012680    0.013814
    0    5    0    2   10    0.003361    0.026518
    0    5    0    3   10   -0.001414    0.003157
    0    5    0    4   10   -0.012573   -0.004555
    0    5    0    5   10   -0.001586    0.001445
    0    5    0    6   10   -0.006541    0.001985
    0    5    0    7   10   -0.004609    0.002263
    0    5    0    8   10    0.006822   -0.003922
    0    5    0    9   10   -0.000687    0.001074
    0    5    0   10   10    0.000422   -0.003882
    0    5    0   11   10    0.005209    0.010605
    0    5    0    1   11   -0.009093   -0.006578
    0    5    0    2   11   -0.006487    0.011143
    0    5    0    3   11   -0.013676    0.002515
    0    5    0    4   11   -0.004747    0.004925
    0    5    0    5   11   -0.009144    0.022208
    0    5    0    6   11   -0.006433   -0.006190
    0    5    0    7   11    0.036915   -0.009576
    0    5    0    8   11   -0.032770   -0.002789
    0    5    0    9   11   -0.000231    0.019980
    0    5    0   10   11   -0.003609    0.011702
    0    5    0   11   11    0.019875   -0.015461
    0    6    0    1    1   -0.003778    0.000000
    0    6    0    2    1    0.011221   -0.007412
    0    6    0    3    1   -0.011151    0.007618
    0    6    0    4    1    0.018415    0.006489
    0    6    0    5    1   -0.024532    0.020408
    0    6    0    6    1    0.003831   -0.018804
    0    6    0    7    1    0.001037   -0.000479
    0    6    0    8    1   -0.015778    0.003881
    0    6    0    9    1    0.019422    0.008035
    0    6    0   10    1    0.003172   -0.012728
    0    6    0   11    1   -0.012797   -0.005023
    0    6    0    1    2    0.011221    0.007412
    0    6    0    2    2   -0.047766    0.000000
    0    6    0    3    2    0.004985   -0.019565
    0    6    0    4    2   -0.001282   -0.010775
    0    6    0    5    2    0.000431    0.005109
    0    6    0    6    2   -0.004054   -0.003909
    0    6    0    7    2    0.017984    0.005216
    0    6    0    8    2    0.003449   -0.001111
    0    6    0    9    2    0.009594    0.009149
    0    6    0   10    2   -0.006412   -0.008949
    0    6    0   11    2    0.001162   -0.015782
    0    6    0    1    3   -0.011151   -0.007618
    0    6    0    2    3    0.004985    0.019565
    0    6    0    3    3   -0.006141   -0.000000
    0    6    0    4    3    0.005356   -0.014295
    0    6    0    5    3   -0.004460   -0.000795
    0    6    0    6    3   -0.017625    0.000723
    0    6    0    7    3    0.007841   -0.003308
    0    6    0    8    3   -0.006323   -0.014386
    0    6    0    9    3   -0.006715   -0.010350
    0    6    0   10    3   -0.002042    0.002225
    0    6    0   11    3   -0.011732   -0.003088
    0    6    0    1    4    0.018415   -0.006489
    0    6    0    2    4   -0.001282    0.010775
    0    6    0    3    4    0.005356    0.014295
    0    6    0    4    4   -0.018364    0.000000
    0    6    0    5    4   -0.005365    0.008358
    0    6    0    6    4   -0.025957    0.002788
    0    6    0    7    4   -0.007624   -0.007515
    0    6    0    8    4    0.002408    0.006577
    0    6    0    9    4    0.012033   -0.016191
    0    6    0   10    4   -0.005394    0.006385
    0    6    0   11    4   -0.010319    0.017624
    0    6    0    1    5   -0.024532   -0.020408
    0    6    0    2    5    0.000431   -0.005109
    0    6    0    3    5   -0.004460    0.000795
    0    6    0    4    5   -0.005365   -0.008358
    0    6    0    5    5    0.024598   -0.000000
    0    6    0    6    5   -0.004043    0.021184
    0    6    0    7    5    0.030013   -0.009935
    0    6    0    8    5    0.012454    0.006099
    0    6    0    9    5   -0.020864    0.008178
    0    6    0   10    5   -0.025854   -0.013382
    0    6    0   11    5    0.016954   -0.016844
    0    6    0    1    6    0.003831    0.018804
    0    6    0    2    6   -0.004054    0.003909
    0    6    0    3    6   -0.017625   -0.000723
    0    6    0    4    6   -0.025957   -0.002788
    0    6    0    5    6   -0.004043   -0.021184
    0    6    0    6    6    0.008702   -0.000000
    0    6    0    7    6    0.006940    0.013062
    0    6    0    8    6   -0.014855    0.005101
    0    6    0    9    6    0.010553    0.010064
    0    6    0   10    6    0.010292    0.002529
    0    6    0   11    6    0.011416    0.018586
    0    6    0    1    7    0.001037    0.000479
    0    6    0    2    7    0.017984   -0.005216
    0    6    0    3    7    0.007841    0.003308
    0    6    0    4    7   -0.007624    0.007515
    0    6    0    5    7    0.030013    0.009935
    0    6    0    6    7    0.006940   -0.013062
    0    6    0    7    7    0.062897    0.000000
    0    6    0    8    7   -0.006015    0.002121
    0    6    0    9    7   -0.011214    0.008828
    0    6    0   10    7   -0.002853    0.007706
    0    6    0   11    7    0.017341   -0.019669
    0    6    0    1    8   -0.015778   -0.003881
    0    6    0    2    8    0.003449    0.001111
    0    6    0    3    8   -0.006323    0.014386
    0    6    0    4    8    0.002408   -0.006577
    0    6    0    5    8    0.012454   -0.006099
    0    6    0    6    8   -0.014855   -0.005101
    0    6    0    7    8   -0.006015   -0.002121
    0    6    0    8    8    0.000162   -0.000000
    0    6    0    9    8    0.000340   -0.003622
    0    6    0   10    8    0.002125    0.001568
    0    6    0   11    8    0.008083    0.012200
    0    6    0    1    9    0.019422   -0.008035
    0    6    0    2    9    0.009594   -0.009149
    0    6    0    3    9   -0.006715    0.010350
    0    6    0    4    9    0.012033    0.016191
    0    6    0    5    9   -0.020864   -0.008178
    0    6    0    6    9    0.010553   -0.010064
    0    6    0    7    9   -0.011214   -0.008828
    0    6    0    8    9    0.000340    0.003622
    0    6    0    9    9    0.011429    0.000000
    0    6    0   10    9    0.011214   -0.006632
    0    6    0   11    9    0.000986    0.013184
    0    6    0    1   10    0.003172    0.012728
    0    6    0    2   10   -0.006412    0.008949
    0    6    0    3   10   -0.002042   -0.002225
    0    6    0    4   10   -0.005394   -0.006385
    0    6    0    5   10   -0.025854    0.013382
    0    6    0    6   10    0.010292   -0.002529
    0    6    0    7   10   -0.002853   -0.007706
    0    6    0    8   10    0.002125   -0.001568
    0    6    0    9   10    0.011214    0.006632
    0    6    0   10   10   -0.000867    0.000000
    0    6    0   11   10   -0.012224    0.004493
    0    6    0    1   11   -0.012797    0.005023
    0    6    0    2   11    0.001162    0.015782
    0    6    0    3   11   -0.011732    0.003088
    0    6    0    4   11   -0.010319   -0.017624
    0    6    0    5   11    0.016954    0.016844
    0    6    0    6   11    0.011416   -0.018586
    0    6    0    7   11    0.017341    0.019669
    0    6    0    8   11    0.008083   -0.012200
    0    6    0    9   11    0.000986   -0.013184
    0    6    0   10   11   -0.012224   -0.004493
    0    6    0   11   11   -0.030628   -0.000000
    1   -5    0    1    1   -0.001161   -0.014336
    1   -5    0    2    1    0.007158    0.007730
    1   -5    0    3    1   -0.009228    0.011265
    1   -5    0    4    1    0.005920    0.001993
    1   -5    0    5    1   -0.007000   -0.003160
    1   -5    0    6    1    0.018991   -0.030697
    1   -5    0    7    1    0.022098   -0.006961
    1   -5    0    8    1    0.002976   -0.013097
    1   -5    0    9    1    0.015806    0.009972
    1   -5    0   10    1   -0.007822   -0.010531
    1   -5    0   11    1    0.003016    0.016872
    1   -5    0    1    2    0.005233    0.011432
    1   -5    0    2    2   -0.013458   -0.013101
    1   -5    0    3    2    0.002249   -0.016894
    1   -5    0    4    2   -0.000754   -0.006766
    1   -5    0    5    2    0.008064    0.001768
    1   -5    0    6    2   -0.012011   -0.012143
    1   -5    0    7    2    0.009818    0.003563
    1   -5    0    8    2   -0.000431    0.000215
    1   -5    0    9    2    0.001668    0.013492
    1   -5    0   10    2   -0.005717   -0.003709
    1   -5    0   11    2   -0.011509    0.007889
    1   -5    0    1    3   -0.017351   -0.007672
    1   -5    0    2    3   -0.001598    0.016239
    1   -5    0    3    3   -0.004647    0.005169
    1   -5    0    4    3   -0.003567   -0.006302
    1   -5    0    5    3   -0.005574   -0.014860
    1   -5    0    6    3   -0.007924   -0.014659
    1   -5    0    7    3    0.007853   -0.009877
    1   -5    0    8    3    0.003854   -0.011337
    1   -5    0    9    3   -0.002883    0.003936
    1   -5    0   10    3    0.014675   -0.003157
    1   -5    0   11    3   -0.002221    0.008506
    1   -5    0    1    4   -0.001964    0.005954
    1   -5    0    2    4   -0.015843    0.000585
    1   -5    0    3    4    0.010671   -0.004704
    1   -5    0    4    4    0.003565    0.004974
    1   -5    0    5    4    0.001578    0.006137
    1   -5    0    6    4   -0.029222    0.010493
    1   -5    0    7    4    0.003826    0.007698
    1   -5    0    8    4   -0.020277    0.003034
    1   -5    0    9    4    0.011141    0.007896
    1   -5    0   10    4    0.006878    0.001512
    1   -5    0   11    4    0.004897   -0.007712
    1   -5    0    1    5   -0.006797   -0.013062
    1   -5    0    2    5    0.003045   -0.000139
    1   -5    0    3    5   -0.005141    0.004249
    1   -5    0    4    5   -0.006671   -0.007862
    1   -5    0    5    5   -0.006464    0.011483
    1   -5    0    6    5    0.006814   -0.002210
    1   -5    0    7    5    0.033378    0.000452
    1   -5    0    8    5    0.010413   -0.002415
    1   -5    0    9    5   -0.009065   -0.006993
    1   -5    0   10    5   -0.004891   -0.014923
    1   -5    0   11    5    0.006725    0.011655
    1   -5    0    1    6    0.037033   -0.002182
    1   -5    0    2    6   -0.000933   -0.007836
    1   -5    0    3    6   -0.023082   -0.023520
    1   -5    0    4    6   -0.030543    0.020587
    1   -5    0    5    6    0.017527   -0.004281
    1   -5    0    6    6    0.008694   -0.002384
    1   -5    0    7    6    0.005936   -0.002863
    1   -5    0    8    6   -0.008616    0.001822
    1   -5    0    9    6    0.012105   -0.001459
    1   -5    0   10    6    0.017394   -0.003755
    1   -5    0   11    6    0.010417    0.008422
    1   -5    0    1    7   -0.000319   -0.011648
    1   -5    0    2    7    0.022749   -0.000637
    1   -5    0    3    7    0.012614    0.003666
    1   -5    0    4    7    0.009565    0.003916
    1   -5    0    5    7    0.020864   -0.000531
    1   -5    0    6    7   -0.014606    0.002640
    1   -5    0    7    7   -0.017408    0.011950
    1   -5    0    8    7   -0.005572    0.004458
    1   -5    0    9    7   -0.005855    0.013619
    1   -5    0   10    7    0.004450    0.005936
    1   -5    0   11    7   -0.006022   -0.002259
    1   -5    0    1    8    0.015734   -0.000385
    1   -5    0    2    8   -0.005562   -0.013172
    1   -5    0    3    8   -0.004362   -0.000082
    1   -5    0    4    8   -0.010829   -0.007244
    1   -5    0    5    8    0.013090    0.004935
    1   -5    0    6    8   -0.011749   -0.002827
    1   -5    0    7    8    0.001785    0.001735
    1   -5    0    8    8   -0.000837    0.000224
    1   -5    0    9    8   -0.001760    0.001141
    1   -5    0   10    8   -0.007923   -0.002853
    1   -5    0   11    8    0.002477   -0.000535
    1   -5    0    1    9    0.000812   -0.008505
    1   -5    0    2    9    0.013270    0.005494
    1   -5    0    3    9   -0.031102    0.007037
    1   -5    0    4    9   -0.008194    0.009725
    1   -5    0    5    9    0.010642    0.004684
    1   -5    0    6    9   -0.004954   -0.013929
    1   -5    0    7    9   -0.002737    0.007687
    1   -5    0    8    9    0.001928    0.006704
    1   -5    0    9    9    0.006669    0.008935
    1   -5    0   10    9   -0.005079   -0.009035
    1   -5    0   11    9    0.007620   -0.009580
    1   -5    0    1   10    0.006310    0.025723
    1   -5    0    2   10    0.003619    0.020715
    1   -5    0    3   10   -0.022829   -0.000687
    1   -5    0    4   10   -0.009907    0.005341
    1   -5    0    5   10    0.007796    0.000494
    1   -5    0    6   10    0.008343   -0.001148
    1   -5    0    7   10   -0.006024    0.007344
    1   -5    0    8   10    0.001260    0.001515
    1   -5    0    9   10    0.005698   -0.003537
    1   -5    0   10   10    0.000637   -0.003418
    1   -5    0   11   10    0.002587   -0.009021
    1   -5    0    1   11   -0.014534   -0.000631
    1   -5    0    2   11    0.001832    0.006605
    1   -5    0    3   11   -0.001093    0.021117
    1   -5    0    4   11    0.022405    0.011452
    1   -5    0    5   11   -0.016318    0.006290
    1   -5    0    6   11   -0.011995   -0.016831
    1   -5    0    7   11    0.015121    0.004593
    1   -5    0    8   11   -0.016851   -0.000275
    1   -5    0    9   11    0.000057    0.003279
    1   -5    0   10   11    0.007216    0.004291
    1   -5    0   11   11    0.025339   -0.009495
    1   -4    0    1    1   -0.004670    0.001656
    1   -4    0    2    1   -0.008031    0.012319
    1   -4    0    3    1   -0.007939    0.001550
    1   -4    0    4    1    0.013866   -0.000711
    1   -4    0    5    1    0.012932    0.003087
    1   -4    0    6    1   -0.007023   -0.007980
    1   -4    0    7    1    0.003217    0.019804
    1   -4    0    8    1   -0.024760    0.010333
    1   -4    0    9    1    0.011850   -0.002089
    1   -4    0   10    1   -0.014124    0.005701
    1   -4    0   11    1    0.012620   -0.001559
    1   -4    0    1    2    0.031694    0.011271
    1   -4    0    2    2   -0.021328   -0.008282
    1   -4    0    3    2    0.011841   -0.012714
    1   -4    0    4    2    0.000661    0.005420
    1   -4    0    5    2    0.003577   -0.001192
    1   -4    0    6    2   -0.005388   -0.006564
    1   -4    0    7    2    0.023605    0.001148
    1   -4    0    8    2   -0.008572    0.003895
    1   -4    0    9    2    0.018324    0.013887
    1   -4    0   10    2    0.007598   -0.005670
    1   -4    0   11    2   -0.023417   -0.011629
    1   -4    0    1    3   -0.011656   -0.013389
    1   -4    0    2    3   -0.003144    0.009157
    1   -4    0    3    3   -0.005919   -0.009234
    1   -4    0    4    3    0.008357   -0.003569
    1   -4    0    5    3   -0.021671   -0.007672
    1   -4    0    6    3   -0.004212   -0.006695
    1   -4    0    7    3    0.013709   -0.002063
    1   -4    0    8    3    0.003057   -0.024412
    1   -4    0    9    3   -0.005524   -0.004279
    1   -4    0   10    3    0.015099    0.000539
    1   -4    0   11    3   -0.020296    0.004961
    1   -4    0    1    4    0.006361    0.000676
    1   -4    0    2    4   -0.011528    0.018809
    1   -4    0    3    4    0.003647    0.010277
    1   -4    0    4    4   -0.016197    0.002443
    1   -4    0    5    4   -0.014887   -0.000386
    1   -4    0    6    4   -0.030886    0.014304
    1   -4    0    7    4    0.011524    0.004414
    1   -4    0    8    4    0.000621   -0.003113
    1   -4    0    9    4   -0.000679   -0.010639
    1   -4    0   10    4   -0.013986    0.017583
    1   -4    0   11    4   -0.021334    0.033611
    1   -4    0    1    5   -0.016088   -0.008653
    1   -4    0    2    5   -0.003746   -0.004713
    1   -4    0    3    5    0.001233   -0.010943
    1   -4    0    4    5   -0.002291   -0.015508
    1   -4    0    5    5    0.007806    0.032014
    1   -4    0    6    5    0.001837    0.009000
    1   -4    0    7    5    0.011808   -0.001655
    1   -4    0    8    5   -0.012104    0.005337
    1   -4    0    9    5   -0.015675   -0.000048
    1   -4    0   10    5    0.010053   -0.021617
    1   -4    0   11    5    0.012136   -0.002736
    1   -4    0    1    6    0.004846    0.031653
    1   -4    0    2    6   -0.014364    0.002578
    1   -4    0    3    6   -0.005187    0.017561
    1   -4    0    4    6   -0.027235    0.026353
    1   -4    0    5    6    0.018082   -0.027877
    1   -4    0    6    6   -0.008665   -0.016566
    1   -4    0    7    6   -0.001408    0.005111
    1   -4    0    8    6   -0.016150    0.014247
    1   -4    0    9    6    0.015205    0.008309
    1   -4    0   10    6    0.005601    0.003364
    1   -4    0   11    6    0.033864    0.027629
    1   -4    0    1    7    0.024436    0.024910
    1   -4    0    2    7    0.018835   -0.020987
    1   -4    0    3    7    0.008409   -0.000254
    1   -4    0    4    7   -0.030400    0.007793
    1   -4    0    5    7    0.014829    0.022216
    1   -4    0    6    7    0.001600    0.002416
    1   -4    0    7    7    0.062076    0.006829
    1   -4    0    8    7    0.007313    0.008613
    1   -4    0    9    7    0.001817    0.006089
    1   -4    0   10    7   -0.008304    0.009267
    1   -4    0   11    7    0.000188   -0.028997
    1   -4    0    1    8   -0.012487   -0.004933
    1   -4    0    2    8    0.000599    0.006982
    1   -4    0    3    8   -0.013276   -0.001824
    1   -4    0    4    8    0.012360   -0.002672
    1   -4    0    5    8    0.012182   -0.006295
    1   -4    0    6    8   -0.010085    0.000583
    1   -4    0    7    8   -0.009031   -0.001437
    1   -4    0    8    8   -0.002390   -0.000640
    1   -4    0    9    8    0.006138   -0.006401
    1   -4    0   10    8   -0.002893   -0.003686
    1   -4    0   11    8    0.006908    0.005783
    1   -4    0    1    9    0.011915   -0.017162
    1   -4    0    2    9   -0.002216   -0.003489
    1   -4    0    3    9   -0.020069   -0.000068
    1   -4    0    4    9    0.015870    0.019761
    1   -4    0    5    9    0.012773   -0.024318
    1   -4    0    6    9   -0.012701   -0.007065
    1   -4    0    7    9   -0.011818   -0.003008
    1   -4    0    8    9    0.000520   -0.003770
    1   -4    0    9    9    0.017187   -0.000430
    1   -4    0   10    9   -0.003988    0.000816
    1   -4    0   11    9   -0.000812    0.019786
    1   -4    0    1   10    0.041148    0.019204
    1   -4    0    2   10   -0.024776   -0.001615
    1   -4    0    3   10   -0.008023    0.000318
    1   -4    0    4   10   -0.010812   -0.001318
    1   -4    0    5   10   -0.014017   -0.016023
    1   -4    0    6   10    0.005654   -0.007856
    1   -4    0    7   10    0.001971   -0.004779
    1   -4    0    8   10   -0.002337   -0.000666
    1   -4    0    9   10    0.007339    0.000543
    1   -4    0   10   10    0.001511   -0.000301
    1   -4    0   11   10    0.008057    0.013106
    1   -4    0    1   11    0.003833    0.028463
    1   -4    0    2   11    0.001933    0.001107
    1   -4    0    3   11   -0.005802    0.010853
    1   -4    0    4   11   -0.013070    0.007221
    1   -4    0    5   11   -0.000830    0.013493
    1   -4    0    6   11    0.011116   -0.003391
    1   -4    0    7   11    0.015735    0.012885
    1   -4    0    8   11    0.001892   -0.008710
    1   -4    0    9   11   -0.000470   -0.001583
    1   -4    0   10   11   -0.006678    0.008278
    1   -4    0   11   11   -0.030324   -0.007491
    1   -3    0    1    1   -0.002735    0.037253
    1   -3    0    2    1   -0.013091    0.008654
    1   -3    0    3    1   -0.012509   -0.002639
    1   -3    0    4    1    0.002550   -0.008254
    1   -3    0    5    1    0.029787   -0.005725
    1   -3    0    6    1   -0.029876   -0.026515
    1   -3    0    7    1   -0.010009   -0.017267
    1   -3    0    8    1    0.001072    0.011182
    1   -3    0    9    1   -0.009563   -0.034963
    1   -3    0   10    1   -0.021236    0.018395
    1   -3    0   11    1    0.011996    0.010098
    1   -3    0    1    2    0.030766    0.015332
    1   -3    0    2    2   -0.017938   -0.008403
    1   -3    0    3    2   -0.007495   -0.021414
    1   -3    0    4    2   -0.019433   -0.022974
    1   -3    0    5    2    0.007797   -0.009587
    1   -3    0    6    2   -0.016663    0.004378
    1   -3    0    7    2   -0.004429    0.001315
    1   -3    0    8    2   -0.009568    0.011384
    1   -3    0    9    2    0.007890    0.007038
    1   -3    0   10    2    0.019160   -0.015726
    1   -3    0   11    2    0.009991   -0.016784
    1   -3    0    1    3   -0.006043    0.008708
    1   -3    0    2    3    0.013433   -0.023197
    1   -3    0    3    3    0.005402   -0.003262
    1   -3    0    4    3    0.001115    0.002925
    1   -3    0    5    3   -0.015877   -0.008385
    1   -3    0    6    3   -0.015849    0.000297
    1   -3    0    7    3    0.024135    0.012524
    1   -3    0    8    3    0.011356   -0.007164
    1   -3    0    9    3    0.001483   -0.005564
    1   -3    0   10    3    0.011895   -0.000106
    1   -3    0   11    3   -0.006301   -0.013970
    1   -3    0    1    4   -0.004968   -0.026469
    1   -3    0    2    4    0.011845   -0.002918
    1   -3    0    3    4   -0.003961    0.007877
    1   -3    0    4    4   -0.008468   -0.001671
    1   -3    0    5    4    0.022563    0.007591
    1   -3    0    6    4   -0.010725    0.027227
    1   -3    0    7    4   -0.011933    0.000998
    1   -3    0    8    4    0.005616   -0.007440
    1   -3    0    9    4   -0.009287   -0.013853
    1   -3    0   10    4   -0.026028    0.020727
    1   -3    0   11    4   -0.052958   -0.014828
    1   -3    0    1    5   -0.015761   -0.002113
    1   -3    0    2    5    0.003798    0.002052
    1   -3    0    3    5    0.007657    0.008178
    1   -3    0    4    5    0.002170    0.002069
    1   -3    0    5    5    0.025247    0.016285
    1   -3    0    6    5   -0.003040    0.001629
    1   -3    0    7    5   -0.010690    0.013372
    1   -3    0    8    5   -0.013413    0.019767
    1   -3    0    9    5   -0.002249    0.004424
    1   -3    0   10    5   -0.001573   -0.010142
    1   -3    0   11    5   -0.004199   -0.021476
    1   -3    0    1    6   -0.038049   -0.021890
    1   -3    0    2    6   -0.004540   -0.023621
    1   -3    0    3    6   -0.002732    0.039206
    1   -3    0    4    6   -0.043042    0.031094
    1   -3    0    5    6    0.026329   -0.099593
    1   -3    0    6    6   -0.020546   -0.018877
    1   -3    0    7    6    0.022675    0.021946
    1   -3    0    8    6   -0.019954    0.023486
    1   -3    0    9    6   -0.037103   -0.039846
    1   -3    0   10    6   -0.015277    0.020370
    1   -3    0   11    6   -0.091641    0.029763
    1   -3    0    1    7   -0.039068    0.016910
    1   -3    0    2    7   -0.016870   -0.013342
    1   -3    0    3    7   -0.010616    0.028965
    1   -3    0    4    7   -0.014012   -0.020921
    1   -3    0    5    7    0.000732   -0.003688
    1   -3    0    6    7    0.014340   -0.005509
    1   -3    0    7    7    0.001582   -0.039307
    1   -3    0    8    7   -0.019375   -0.003701
    1   -3    0    9    7   -0.009608   -0.003979
    1   -3    0   10    7   -0.009928    0.013611
    1   -3    0   11    7    0.010115    0.038805
    1   -3    0    1    8   -0.002743   -0.022165
    1   -3    0    2    8   -0.003917    0.016768
    1   -3    0    3    8   -0.011757   -0.001159
    1   -3    0    4    8    0.002275    0.012890
    1   -3    0    5    8    0.022259    0.029335
    1   -3    0    6    8    0.005110    0.006511
    1   -3    0    7    8   -0.012174    0.005889
    1   -3    0    8    8   -0.000849   -0.000240
    1   -3    0    9    8   -0.002748   -0.006898
    1   -3    0   10    8    0.004330    0.002652
    1   -3    0   11    8   -0.026205   -0.009798
    1   -3    0    1    9   -0.015501   -0.014581
    1   -3    0    2    9   -0.012467   -0.028404
    1   -3    0    3    9   -0.006425   -0.009213
    1   -3    0    4    9    0.014810    0.032928
    1   -3    0    5    9    0.010710    0.016952
    1   -3    0    6    9    0.004106   -0.019638
    1   -3    0    7    9   -0.023777   -0.027928
    1   -3    0    8    9    0.001992    0.020761
    1   -3    0    9    9   -0.003187    0.003014
    1   -3    0   10    9    0.012511    0.011137
    1   -3    0   11    9    0.008660    0.014907
    1   -3    0    1   10    0.027862   -0.001976
    1   -3    0    2   10   -0.002362   -0.022029
    1   -3    0    3   10    0.006893   -0.014765
    1   -3    0    4   10   -0.018528   -0.004700
    1   -3    0    5   10   -0.048096   -0.024117
    1   -3    0    6   10    0.003543   -0.020046
    1   -3    0    7   10    0.003499   -0.007758
    1   -3    0    8   10   -0.003506   -0.000768
    1   -3    0    9   10    0.005704   -0.011819
    1   -3    0   10   10    0.007006    0.005756
    1   -3    0   11   10   -0.003965   -0.003956
    1   -3    0    1   11    0.010417    0.014315
    1   -3    0    2   11    0.014969    0.034694
    1   -3    0    3   11   -0.000268    0.008108
    1   -3    0    4   11   -0.033525   -0.038272
    1   -3    0    5   11   -0.004776    0.000078
    1   -3    0    6   11   -0.016925   -0.000093
    1   -3    0    7   11    0.012690    0.003839
    1   -3    0    8   11   -0.001921   -0.013033
    1   -3    0    9   11   -0.021641   -0.012990
    1   -3    0   10   11   -0.008394   -0.006919
    1   -3    0   11   11    0.011280    0.009452
    1   -2    0    1    1    0.005173   -0.021772
    1   -2    0    2    1   -0.010587   -0.048438
    1   -2    0    3    1   -0.022232    0.009251
    1   -2    0    4    1   -0.045233    0.018428
    1   -2    0    5    1    0.075672   -0.072657
    1   -2    0    6    1   -0.005796   -0.009785
    1   -2    0    7    1    0.010291   -0.009415
    1   -2    0    8    1    0.036669   -0.006450
    1   -2    0    9    1    0.006313   -0.033961
    1   -2    0   10    1   -0.052922    0.047702
    1   -2    0   11    1   -0.027586   -0.014195
    1   -2    0    1    2   -0.027525    0.016863
    1   -2    0    2    2    0.040754    0.034126
    1   -2    0    3    2    0.001195   -0.003617
    1   -2    0    4    2   -0.013489   -0.005514
    1   -2    0    5    2    0.005070   -0.011960
    1   -2    0    6    2   -0.005856   -0.002649
    1   -2    0    7    2   -0.023756   -0.010886
    1   -2    0    8    2   -0.014913   -0.010448
    1   -2    0    9    2    0.003037   -0.007041
    1   -2    0   10    2    0.014834    0.018757
    1   -2    0   11    2   -0.103797   -0.035516
    1   -2    0    1    3   -0.017518    0.063282
    1   -2    0    2    3    0.038782   -0.004444
    1   -2    0    3    3    0.026610    0.015556
    1   -2    0    4    3    0.021072    0.035118
    1   -2    0    5    3   -0.013695    0.018438
    1   -2    0    6    3   -0.018321    0.006041
    1   -2    0    7    3   -0.005377    0.012109
    1   -2    0    8    3   -0.011484    0.033080
    1   -2    0    9    3   -0.008182    0.029873
    1   -2    0   10    3   -0.016645    0.037771
    1   -2    0   11    3   -0.045548    0.013684
    1   -2    0    1    4    0.004160   -0.029449
    1   -2    0    2    4    0.005985   -0.011945
    1   -2    0    3    4   -0.011252   -0.009319
    1   -2    0    4    4    0.029870   -0.046130
    1   -2    0    5    4    0.019022   -0.019511
    1   -2    0    6    4   -0.013534    0.023522
    1   -2    0    7    4   -0.011113   -0.003317
    1   -2    0    8    4    0.043122   -0.001204
    1   -2    0    9    4    0.016739   -0.021015
    1   -2    0   10    4   -0.076254    0.002554
    1   -2    0   11    4    0.038990   -0.046427
    1   -2    0    1    5    0.041655    0.022363
    1   -2    0    2    5    0.008554   -0.027176
    1   -2    0    3    5   -0.010473    0.006223
    1   -2    0    4    5   -0.011643   -0.011672
    1   -2    0    5    5    0.036875    0.008272
    1   -2    0    6    5    0.023470    0.015951
    1   -2    0    7    5   -0.010209    0.020023
    1   -2    0    8    5   -0.027788   -0.012972
    1   -2    0    9    5    0.015508   -0.034856
    1   -2    0   10    5   -0.011790    0.044085
    1   -2    0   11    5   -0.015724   -0.010621
    1   -2    0    1    6    0.199839   -0.162589
    1   -2    0    2    6    0.050059   -0.040073
    1   -2    0    3    6   -0.087758    0.044850
    1   -2    0    4    6   -0.067666   -0.026363
    1   -2    0    5    6    0.054679   -0.026106
    1   -2    0    6    6   -0.058704    0.009186
    1   -2    0    7    6    0.103152   -0.031068
    1   -2    0    8    6    0.071015    0.026718
    1   -2    0    9    6   -0.124360    0.019797
    1   -2    0   10    6   -0.120042    0.032849
    1   -2    0   11    6   -0.055427   -0.274978
    1   -2    0    1    7   -0.057367   -0.043280
    1   -2    0    2    7   -0.132723    0.024859
    1   -2    0    3    7    0.091887   -0.007174
    1   -2    0    4    7    0.039569   -0.069357
    1   -2    0    5    7   -0.094991   -0.066444
    1   -2    0    6    7    0.028512   -0.004269
    1   -2    0    7    7   -0.113675    0.012280
    1   -2    0    8    7   -0.068360   -0.004015
    1   -2    0    9    7   -0.011552   -0.013205
    1   -2    0   10    7    0.020412   -0.018410
    1   -2    0   11    7   -0.217998    0.051719
    1   -2    0    1    8    0.070322   -0.046268
    1   -2    0    2    8    0.029497    0.010439
    1   -2    0    3    8   -0.004018   -0.016871
    1   -2    0    4    8   -0.023944    0.048771
    1   -2    0    5    8    0.011984    0.009496
    1   -2    0    6    8    0.005058    0.016119
    1   -2    0    7    8    0.027707    0.015905
    1   -2    0    8    8    0.000353   -0.000089
    1   -2    0    9    8   -0.020706   -0.026278
    1   -2    0   10    8    0.018343    0.014394
    1   -2    0   11    8    0.028189   -0.013334
    1   -2    0    1    9   -0.086453    0.054428
    1   -2    0    2    9   -0.046279   -0.080187
    1   -2    0    3    9    0.025697    0.040882
    1   -2    0    4    9    0.002025    0.050584
    1   -2    0    5    9   -0.005414   -0.082525
    1   -2    0    6    9    0.002648   -0.000470
    1   -2    0    7    9   -0.011947    0.030916
    1   -2    0    8    9    0.049787   -0.025761
    1   -2    0    9    9    0.026699    0.007504
    1   -2    0   10    9    0.064251    0.051584
    1   -2    0   11    9    0.006895   -0.038359
    1   -2    0    1   10   -0.031295   -0.072091
    1   -2    0    2   10    0.035747   -0.029965
    1   -2    0    3   10    0.019917   -0.009599
    1   -2    0    4   10   -0.005380   -0.020634
    1   -2    0    5   10   -0.014761   -0.001036
    1   -2    0    6   10    0.001170   -0.017746
    1   -2    0    7   10   -0.006222   -0.011927
    1   -2    0    8   10    0.013915   -0.002825
    1   -2    0    9   10   -0.006880   -0.006536
    1   -2    0   10   10    0.021208    0.012131
    1   -2    0   11   10   -0.037051   -0.025147
    1   -2    0    1   11   -0.017627   -0.024030
    1   -2    0    2   11    0.032205    0.040609
    1   -2    0    3   11    0.018701   -0.014952
    1   -2    0    4   11    0.029629   -0.055511
    1   -2    0    5   11   -0.011220   -0.046647
    1   -2    0    6   11   -0.059984    0.023071
    1   -2    0    7   11   -0.035472    0.012532
    1   -2    0    8   11   -0.022252    0.035164
    1   -2    0    9   11   -0.001305    0.024300
    1   -2    0   10   11    0.028711   -0.018103
    1   -2    0   11   11   -0.006527   -0.031067
    1   -1    0    1    1    0.089514   -0.087660
    1   -1    0    2    1   -0.008062   -0.029382
    1   -1    0    3    1   -0.018960    0.006603
    1   -1    0    4    1   -0.055530   -0.019981
    1   -1    0    5    1    0.090858   -0.103137
    1   -1    0    6    1   -0.044743    0.093375
    1   -1    0    7    1   -0.077987    0.073501
    1   -1    0    8    1   -0.012985    0.006445
    1   -1    0    9    1   -0.008702    0.006890
    1   -1    0   10    1    0.049997    0.019248
    1   -1    0   11    1    0.000145   -0.034928
    1   -1    0    1    2   -0.005144   -0.076041
    1   -1    0    2    2    0.068908    0.027394
    1   -1    0    3    2   -0.022539    0.005544
    1   -1    0    4    2   -0.043065   -0.000886
    1   -1    0    5    2    0.027772   -0.002097
    1   -1    0    6    2    0.001372    0.017756
    1   -1    0    7    2    0.088048    0.019309
    1   -1    0    8    2   -0.036639    0.065671
    1   -1    0    9    2   -0.048027   -0.112493
    1   -1    0   10    2   -0.088935    0.047048
    1   -1    0   11    2   -0.334780   -0.079650
    1   -1    0    1    3   -0.050157    0.059782
    1   -1    0    2    3    0.002501   -0.002787
    1   -1    0    3    3    0.012910    0.032885
    1   -1    0    4    3    0.007557   -0.064174
    1   -1    0    5    3    0.023748    0.011949
    1   -1    0    6    3   -0.002237    0.013868
    1   -1    0    7    3    0.000851   -0.034376
    1   -1    0    8    3   -0.058182    0.081762
    1   -1    0    9    3    0.035900    0.009134
    1   -1    0   10    3   -0.233660    0.030142
    1   -1    0   11    3   -0.006701    0.031544
    1   -1    0    1    4    0.005463    0.052379
    1   -1    0    2    4    0.088991    0.017244
    1   -1    0    3    4   -0.030351   -0.055649
    1   -1    0    4    4    0.023017   -0.020881
    1   -1    0    5    4   -0.081289    0.110755
    1   -1    0    6    4    0.050718    0.014151
    1   -1    0    7    4    0.001039   -0.035935
    1   -1    0    8    4    0.046999    0.011089
    1   -1    0    9    4    0.030144   -0.043829
    1   -1    0   10    4   -0.107731   -0.021482
    1   -1    0   11    4    0.279798   -0.077901
    1   -1    0    1    5    0.132695    0.025436
    1   -1    0    2    5    0.044566   -0.023092
    1   -1    0    3    5   -0.016476    0.023510
    1   -1    0    4    5   -0.111850   -0.002285
    1   -1    0    5    5   -0.117252   -0.037505
    1   -1    0    6    5    0.022449   -0.036363
    1   -1    0    7    5   -0.037574   -0.029755
    1   -1    0    8    5   -0.046448    0.004516
    1   -1    0    9    5    0.025533   -0.038037
    1   -1    0   10    5    0.002302    0.020515
    1   -1    0   11    5    0.131465    0.071313
    1   -1    0    1    6    0.150545   -0.026525
    1   -1    0    2    6   -0.460797   -0.163383
    1   -1    0    3    6   -0.130486   -0.023686
    1   -1    0    4    6    0.078787   -0.049099
    1   -1    0    5    6   -0.153784   -0.117225
    1   -1    0    6    6   -0.200439    0.140885
    1   -1    0    7    6    0.038067    0.234670
    1   -1    0    8    6    0.131170    0.152531
    1   -1    0    9    6   -0.156508   -0.113913
    1   -1    0   10    6   -0.122115   -0.047397
    1   -1    0   11    6   -0.161568   -0.132145
    1   -1    0    1    7    0.346387   -0.016019
    1   -1    0    2    7   -0.103342    0.160329
    1   -1    0    3    7    0.143799   -0.180157
    1   -1    0    4    7    0.025826   -0.090013
    1   -1    0    5    7   -0.272630    0.096947
    1   -1    0    6    7    0.098813    0.025188
    1   -1    0    7    7    0.355975    0.069729
    1   -1    0    8    7    0.148867   -0.005145
    1   -1    0    9    7    0.010116   -0.048378
    1   -1    0   10    7   -0.070274   -0.045008
    1   -1    0   11    7    0.125180   -0.177479
    1   -1    0    1    8   -0.063257    0.014869
    1   -1    0    2    8    0.020809    0.040665
    1   -1    0    3    8   -0.017903    0.000259
    1   -1    0    4    8   -0.036200    0.023780
    1   -1    0    5    8   -0.168481   -0.059474
    1   -1    0    6    8   -0.014961    0.020246
    1   -1    0    7    8   -0.066831   -0.057478
    1   -1    0    8    8   -0.108135    0.000436
    1   -1    0    9    8   -0.115810    0.022868
    1   -1    0   10    8    0.150414    0.074132
    1   -1    0   11    8    0.100212    0.004173
    1   -1    0    1    9    0.224952    0.024920
    1   -1    0    2    9   -0.025912   -0.104322
    1   -1    0    3    9    0.120288    0.090721
    1   -1    0    4    9    0.071070    0.038136
    1   -1    0    5    9    0.166905   -0.113007
    1   -1    0    6    9   -0.016227    0.039576
    1   -1    0    7    9    0.065654    0.011728
    1   -1    0    8    9    0.022147   -0.169381
    1   -1    0    9    9    0.089043   -0.124484
    1   -1    0   10    9    0.103820    0.049334
    1   -1    0   11    9    0.278541    0.100714
    1   -1    0    1   10    0.061797   -0.106260
    1   -1    0    2   10    0.023583   -0.041140
    1   -1    0    3   10   -0.019677    0.012455
    1   -1    0    4   10    0.009580   -0.041198
    1   -1    0    5   10    0.144603   -0.044122
    1   -1    0    6   10   -0.038324    0.044121
    1   -1    0    7   10    0.032088    0.043044
    1   -1    0    8   10    0.054290   -0.048751
    1   -1    0    9   10    0.001826   -0.048865
    1   -1    0   10   10   -0.079695    0.055424
    1   -1    0   11   10    0.040477   -0.018934
    1   -1    0    1   11    0.021944   -0.056040
    1   -1    0    2   11   -0.009392    0.066132
    1   -1    0    3   11   -0.014812   -0.058604
    1   -1    0    4   11    0.104161   -0.096123
    1   -1    0    5   11   -0.074822   -0.003162
    1   -1    0    6   11    0.029038   -0.006812
    1   -1    0    7   11    0.034289   -0.054960
    1   -1    0    8   11    0.052872    0.035817
    1   -1    0    9   11    0.011781   -0.043065
    1   -1    0   10   11   -0.004256   -0.038863
    1   -1    0   11   11   -0.171140   -0.056223
    1    0    0    1    1    0.279455    0.057297
    1    0    0    2    1   -0.004039    0.003012
    1    0    0    3    1    0.070590    0.062452
    1    0    0    4    1    0.123402    0.007668
    1    0    0    5    1   -0.107483   -0.028100
    1    0    0    6    1   -0.054037    0.088948
    1    0    0    7    1   -0.082908    0.052571
    1    0    0    8    1   -0.069264    0.024887
    1    0    0    9    1   -0.294623    0.008143
    1    0    0   10    1    0.569782   -0.004016
    1    0    0   11    1    0.091783   -0.013183
    1    0    0    1    2    0.109283   -0.117675
    1    0    0    2    2    0.289954    0.072669
    1    0    0    3    2   -0.093582    0.036309
    1    0    0    4    2   -0.113112   -0.028492
    1    0    0    5    2   -0.059645   -0.048345
    1    0    0    6    2    0.056047    0.034723
    1    0    0    7    2    0.018300    0.121803
    1    0    0    8    2    0.120803   -0.030748
    1    0    0    9    2   -0.329673   -0.139222
    1    0    0   10    2    0.141771   -0.090487
    1    0    0   11    2   -0.026015   -0.048169
    1    0    0    1    3    0.143854   -0.019700
    1    0    0    2    3   -0.060855    0.010966
    1    0    0    3    3   -0.047922   -0.061724
    1    0    0    4    3   -0.061197   -0.087331
    1    0    0    5    3   -0.044822   -0.001105
    1    0    0    6    3    0.010016    0.022264
    1    0    0    7    3    0.103983   -0.021054
    1    0    0    8    3    0.302169   -0.153569
    1    0    0    9    3    0.171532   -0.109740
    1    0    0   10    3   -0.500842   -0.074766
    1    0    0   11    3    0.142796   -0.183794
    1    0    0    1    4   -0.065704    0.101025
    1    0    0    2    4    0.022864   -0.008639
    1    0    0    3    4    0.129120   -0.013183
    1    0    0    4    4    0.017960    0.011058
    1    0    0    5    4   -0.014619    0.211077
    1    0    0    6    4    0.157783   -0.094934
    1    0    0    7    4   -0.006851   -0.045659
    1    0    0    8    4   -0.238867    0.204851
    1    0    0    9    4    0.247689    0.183364
    1    0    0   10    4    0.314552   -0.158645
    1    0    0   11    4   -0.148101    0.016641
    1    0    0    1    5    0.069655    0.013114
    1    0    0    2    5    0.024745    0.030419
    1    0    0    3    5    0.097474   -0.011424
    1    0    0    4    5    0.040968    0.003237
    1    0    0    5    5    0.296586    0.005241
    1    0    0    6    5   -0.010311   -0.051862
    1    0    0    7    5   -0.330585   -0.032407
    1    0    0    8    5    0.007869    0.059046
    1    0    0    9    5    0.236519    0.119459
    1    0    0   10    5    0.301144   -0.062718
    1    0    0   11    5   -0.093239    0.075074
    1    0    0    1    6    0.308895   -0.037685
    1    0    0    2    6    0.172674   -0.011093
    1    0    0    3    6   -0.059085    0.126923
    1    0    0    4    6    0.573438    0.069393
    1    0    0    5    6    0.155947   -0.049147
    1    0    0    6    6    0.007379    0.067832
    1    0    0    7    6   -0.057219   -0.308124
    1    0    0    8    6   -0.350889    0.120665
    1    0    0    9    6   -0.772187   -0.208801
    1    0    0   10    6    0.236671    0.047088
    1    0    0   11    6    0.134834    0.204764
    1    0    0    1    7    0.296281   -0.084179
    1    0    0    2    7    0.125802    0.035611
    1    0    0    3    7   -0.096823   -0.012824
    1    0    0    4    7   -0.409403   -0.147267
    1    0    0    5    7    0.259117   -0.001903
    1    0    0    6    7   -0.132567    0.069732
    1    0    0    7    7   -0.006599   -0.008666
    1    0    0    8    7   -0.122495    0.327637
    1    0    0    9    7   -0.156899    0.408385
    1    0    0   10    7   -0.320724   -0.087739
    1    0    0   11    7   -0.379444   -0.340803
    1    0    0    1    8   -0.490046    0.099227
    1    0    0    2    8   -0.269248    0.035352
    1    0    0    3    8    0.166160    0.003841
    1    0    0    4    8    0.315306    0.169643
    1    0    0    5    8   -0.492344   -0.051943
    1    0    0    6    8    0.070459   -0.006095
    1    0    0    7    8   -0.002436   -0.022832
    1    0    0    8    8    0.043106   -0.035666
    1    0    0    9    8    0.138449    0.106606
    1    0    0   10    8    0.099076    0.098713
    1    0    0   11    8   -0.391592    0.134146
    1    0    0    1    9   -0.420437   -0.026367
    1    0    0    2    9   -0.010058   -0.148725
    1    0    0    3    9    0.228797    0.206259
    1    0    0    4    9   -0.047248    0.123835
    1    0    0    5    9   -0.090941   -0.004948
    1    0    0    6    9   -0.313557    0.055582
    1    0    0    7    9   -0.214437    0.045238
    1    0    0    8    9   -0.040627   -0.011377
    1    0    0    9    9   -0.119666   -0.101548
    1    0    0   10    9   -0.336933    0.042265
    1    0    0   11    9    0.420893    0.217133
    1    0    0    1   10    0.019408   -0.071361
    1    0    0    2   10   -0.116103    0.002511
    1    0    0    3   10    0.101981    0.004391
    1    0    0    4   10    0.138430    0.004317
    1    0    0    5   10   -0.162358    0.044037
    1    0    0    6   10   -0.140771    0.063367
    1    0    0    7   10   -0.154687   -0.017760
    1    0    0    8   10    0.018018   -0.024656
    1    0    0    9   10   -0.222399   -0.024728
    1    0    0   10   10    0.016448    0.069473
    1    0    0   11   10    0.119475    0.052248
    1    0    0    1   11    0.166150    0.086402
    1    0    0    2   11   -0.085387   -0.003361
    1    0    0    3   11   -0.179830   -0.058075
    1    0    0    4   11   -0.101912   -0.085945
    1    0    0    5   11   -0.090603   -0.034296
    1    0    0    6   11    0.234121    0.048589
    1    0    0    7   11    0.111416    0.119460
    1    0    0    8   11    0.052102    0.064747
    1    0    0    9   11    0.134225    0.099771
    1    0    0   10   11   -0.443262   -0.182957
    1    0    0   11   11    0.071031   -0.075966
    1    1    0    1    1    0.240152    0.040788
    1    1    0    2    1    0.001256    0.043614
    1    1    0    3    1    0.002407   -0.009241
    1    1    0    4    1    0.109106    0.071997
    1    1    0    5    1    0.099013    0.017365
    1    1    0    6    1    0.229078   -0.079636
    1    1    0    7    1    0.185920   -0.160293
    1    1    0    8    1    0.074199    0.031417
    1    1    0    9    1    0.104408   -0.051028
    1    1    0   10    1   -0.441458    0.077208
    1    1    0   11    1   -0.055079   -0.012526
    1    1    0    1    2    0.191717    0.035281
    1    1    0    2    2    0.156157   -0.024872
    1    1    0    3    2    0.115161   -0.042291
    1    1    0    4    2    0.063793    0.003554
    1    1    0    5    2   -0.167516    0.013737
    1    1    0    6    2    0.442321   -0.044770
    1    1    0    7    2   -0.381297    0.089755
    1    1    0    8    2   -0.450550    0.197186
    1    1    0    9    2   -0.076531    0.061009
    1    1    0   10    2    0.757385    0.005027
    1    1    0   11    2   -0.324241    0.046188
    1    1    0    1    3    0.005894    0.030750
    1    1    0    2    3    0.061608   -0.016652
    1    1    0    3    3    0.366991   -0.085485
    1    1    0    4    3   -0.152527   -0.020971
    1    1    0    5    3   -0.068158    0.019287
    1    1    0    6    3    0.153585    0.032847
    1    1    0    7    3   -0.230676    0.076238
    1    1    0    8    3   -0.258434    0.038618
    1    1    0    9    3    0.019907    0.110319
    1    1    0   10    3    0.222597   -0.190998
    1    1    0   11    3   -0.014710   -0.104542
    1    1    0    1    4    0.145600   -0.094005
    1    1    0    2    4    0.030215    0.021868
    1    1    0    3    4   -0.246619   -0.004109
    1    1    0    4    4    0.076377    0.016462
    1    1    0    5    4    0.213332   -0.105432
    1    1    0    6    4    0.052426   -0.139520
    1    1    0    7    4    0.353357   -0.009468
    1    1    0    8    4    0.222263   -0.045819
    1    1    0    9    4    0.070158   -0.073272
    1    1    0   10    4   -0.398444    0.031475
    1    1    0   11    4   -0.221174    0.145347
    1    1    0    1    5    0.210032   -0.031961
    1    1    0    2    5   -0.018252   -0.026385
    1    1    0    3    5   -0.026890   -0.102839
    1    1    0    4    5    0.148846    0.028222
    1    1    0    5    5    0.304583    0.055214
    1    1    0    6    5   -0.211658   -0.039947
    1    1    0    7    5    0.465295    0.050688
    1    1    0    8    5    0.327761    0.032758
    1    1    0    9    5   -0.197572   -0.191185
    1    1    0   10    5   -0.335098   -0.030777
    1    1    0   11    5    0.147835   -0.059984
    1    1    0    1    6    0.017318    0.049701
    1    1    0    2    6   -0.091910   -0.057482
    1    1    0    3    6   -0.196884    0.026567
    1    1    0    4    6    0.094723    0.093705
    1    1    0    5    6   -0.024744    0.021985
    1    1    0    6    6   -0.602180    0.059874
    1    1    0    7    6    0.144140    0.182232
    1    1    0    8    6    0.010083    0.008420
    1    1    0    9    6    0.090552    0.130868
    1    1    0   10    6   -0.435031   -0.063678
    1    1    0   11    6   -0.072432   -0.028874
    1    1    0    1    7   -0.089073    0.124482
    1    1    0    2    7   -0.020961    0.029261
    1    1    0    3    7   -0.065278    0.041862
    1    1    0    4    7    0.046131   -0.097871
    1    1    0    5    7   -0.010005    0.103109
    1    1    0    6    7    0.229222   -0.045103
    1    1    0    7    7    0.371905   -0.027647
    1    1    0    8    7    0.056204    0.086936
    1    1    0    9    7    0.054485   -0.037989
    1    1    0   10    7    0.166597   -0.116598
    1    1    0   11    7    0.035661   -0.181073
    1    1    0    1    8   -0.242092   -0.123999
    1    1    0    2    8    0.176724    0.097832
    1    1    0    3    8   -0.385456   -0.214397
    1    1    0    4    8    0.354061    0.040538
    1    1    0    5    8    0.230058    0.136962
    1    1    0    6    8   -0.093956   -0.108355
    1    1    0    7    8    0.733362    0.085456
    1    1    0    8    8    0.365457   -0.023692
    1    1    0    9    8    0.184202   -0.008022
    1    1    0   10    8   -0.930462   -0.192538
    1    1    0   11    8    0.091967    0.158130
    1    1    0    1    9    0.112807   -0.020835
    1    1    0    2    9    0.018505    0.034346
    1    1    0    3    9   -0.073677    0.031462
    1    1    0    4    9    0.152907    0.129182
    1    1    0    5    9    0.064733   -0.038403
    1    1    0    6    9    0.001162    0.040034
    1    1    0    7    9    0.296524   -0.197899
    1    1    0    8    9   -0.117595   -0.073385
    1    1    0    9    9    0.049143   -0.128383
    1    1    0   10    9   -0.410776    0.264229
    1    1    0   11    9    0.171947   -0.036391
    1    1    0    1   10   -0.026548    0.008054
    1    1    0    2   10    0.044442   -0.012883
    1    1    0    3   10    0.194819   -0.023412
    1    1    0    4   10   -0.164298   -0.002345
    1    1    0    5   10   -0.013478   -0.039618
    1    1    0    6   10   -0.064789   -0.012795
    1    1    0    7   10    0.060460   -0.022010
    1    1    0    8   10    0.030156    0.013607
    1    1    0    9   10    0.083562    0.136198
    1    1    0   10   10   -0.145269    0.066505
    1    1    0   11   10    0.087238   -0.080601
    1    1    0    1   11    0.285566    0.144952
    1    1    0    2   11    0.103701    0.090860
    1    1    0    3   11   -0.257938    0.087241
    1    1    0    4   11   -0.133846    0.056593
    1    1    0    5   11    0.093709   -0.058673
    1    1    0    6   11    0.010887    0.165713
    1    1    0    7   11   -0.185699    0.046217
    1    1    0    8   11   -0.110846   -0.094135
    1    1    0    9   11    0.247610    0.211286
    1    1    0   10   11   -0.255495    0.201159
    1    1    0   11   11   -0.335692    0.051236
    1    2    0    1    1   -0.002099   -0.021907
    1    2    0    2    1   -0.050651   -0.022056
    1    2    0    3    1    0.049755    0.032522
    1    2    0    4    1    0.074502   -0.015545
    1    2    0    5    1   -0.008747   -0.026210
    1    2    0    6    1    0.057648   -0.025009
    1    2    0    7    1   -0.193198   -0.028557
    1    2    0    8    1   -0.074949    0.026635
    1    2    0    9    1   -0.252364   -0.018909
    1    2    0   10    1    0.201242    0.130757
    1    2    0   11    1    0.008954   -0.008115
    1    2    0    1    2    0.067273   -0.009809
    1    2    0    2    2    0.075765    0.026788
    1    2    0    3    2   -0.046578    0.034533
    1    2    0    4    2   -0.162634    0.011779
    1    2    0    5    2   -0.048203   -0.030127
    1    2    0    6    2   -0.077726   -0.059538
    1    2    0    7    2   -0.022457   -0.083925
    1    2    0    8    2    0.072478   -0.044923
    1    2    0    9    2   -0.076314   -0.045529
    1    2    0   10    2   -0.268866    0.034351
    1    2    0   11    2   -0.066895   -0.015548
    1    2    0    1    3    0.027994   -0.027715
    1    2    0    2    3    0.020356   -0.035340
    1    2    0    3    3   -0.039704    0.025771
    1    2    0    4    3    0.030919   -0.009650
    1    2    0    5    3   -0.002264    0.056428
    1    2    0    6    3   -0.198923   -0.031903
    1    2    0    7    3   -0.022211    0.081001
    1    2    0    8    3   -0.098034    0.045967
    1    2    0    9    3   -0.089575   -0.056557
    1    2    0   10    3    0.128949   -0.060444
    1    2    0   11    3    0.117216   -0.009229
    1    2    0    1    4    0.223409   -0.110870
    1    2    0    2    4    0.036650    0.021382
    1    2    0    3    4    0.057404   -0.004387
    1    2    0    4    4   -0.003478    0.061441
    1    2    0    5    4    0.001184   -0.022239
    1    2    0    6    4    0.175776    0.034129
    1    2    0    7    4   -0.305605    0.032916
    1    2    0    8    4    0.016361   -0.089948
    1    2    0    9    4    0.161948   -0.079370
    1    2    0   10    4    0.106993   -0.107866
    1    2    0   11    4   -0.085705    0.148565
    1    2    0    1    5    0.120229    0.167380
    1    2    0    2    5    0.006789    0.036020
    1    2    0    3    5    0.027375   -0.061076
    1    2    0    4    5   -0.018938    0.039403
    1    2    0    5    5   -0.047170    0.007508
    1    2    0    6    5    0.280356    0.073466
    1    2    0    7    5   -0.105527   -0.090487
    1    2    0    8    5   -0.096668    0.029839
    1    2    0    9    5    0.342908   -0.003661
    1    2    0   10    5    0.515543    0.123439
    1    2    0   11    5   -0.036535   -0.030394
    1    2    0    1    6   -0.030529   -0.045353
    1    2    0    2    6    0.029902   -0.025130
    1    2    0    3    6    0.026539   -0.017737
    1    2    0    4    6    0.037881   -0.054544
    1    2    0    5    6   -0.030595   -0.078964
    1    2    0    6    6   -0.072537   -0.010663
    1    2    0    7    6   -0.033766   -0.084152
    1    2    0    8    6    0.019492    0.009839
    1    2    0    9    6    0.059936   -0.009615
    1    2    0   10    6   -0.085934    0.034893
    1    2    0   11    6   -0.020003   -0.033863
    1    2    0    1    7    0.092461   -0.016549
    1    2    0    2    7    0.008361   -0.013889
    1    2    0    3    7    0.053123    0.044633
    1    2    0    4    7    0.087404    0.024722
    1    2    0    5    7    0.010892    0.016626
    1    2    0    6    7    0.094489    0.067039
    1    2    0    7    7   -0.060310   -0.052610
    1    2    0    8    7   -0.029476   -0.002986
    1    2    0    9    7   -0.230326    0.011106
    1    2    0   10    7    0.130431    0.018259
    1    2    0   11    7    0.046597    0.002853
    1    2    0    1    8   -0.091550   -0.059152
    1    2    0    2    8   -0.057446   -0.024826
    1    2    0    3    8    0.206288    0.129340
    1    2    0    4    8   -0.286140   -0.151493
    1    2    0    5    8   -0.181847   -0.116694
    1    2    0    6    8   -0.249494    0.101016
    1    2    0    7    8   -0.265102   -0.136635
    1    2    0    8    8    0.082564   -0.012929
    1    2    0    9    8    0.258508    0.024830
    1    2    0   10    8    0.091571    0.085039
    1    2    0   11    8   -0.129089    0.012082
    1    2    0    1    9   -0.116575    0.052736
    1    2    0    2    9   -0.046900   -0.003690
    1    2    0    3    9    0.046313   -0.025707
    1    2    0    4    9   -0.061835    0.029259
    1    2    0    5    9   -0.031542    0.014544
    1    2    0    6    9    0.057908    0.018804
    1    2    0    7    9   -0.054855    0.027718
    1    2    0    8    9    0.021638    0.008967
    1    2    0    9    9    0.005470   -0.005385
    1    2    0   10    9   -0.016732    0.064337
    1    2    0   11    9   -0.023263   -0.014848
    1    2    0    1   10   -0.058100   -0.032371
    1    2    0    2   10    0.012960   -0.000063
    1    2    0    3   10    0.003846   -0.023111
    1    2    0    4   10   -0.008175    0.006753
    1    2    0    5   10   -0.051272   -0.070733
    1    2    0    6   10    0.002570   -0.038836
    1    2    0    7   10   -0.001264    0.001463
    1    2    0    8   10    0.020286    0.006953
    1    2    0    9   10    0.046846   -0.020715
    1    2    0   10   10    0.016499   -0.001274
    1    2    0   11   10    0.007951    0.013182
    1    2    0    1   11    0.068430    0.014613
    1    2    0    2   11   -0.020067    0.006132
    1    2    0    3   11   -0.000709    0.020197
    1    2    0    4   11   -0.152820   -0.050828
    1    2    0    5   11   -0.058347   -0.038252
    1    2    0    6   11    0.093746    0.143844
    1    2    0    7   11   -0.036155   -0.021533
    1    2    0    8   11   -0.014481   -0.026121
    1    2    0    9   11    0.241377   -0.139458
    1    2    0   10   11   -0.293310    0.165895
    1    2    0   11   11    0.007682   -0.016741
    1    3    0    1    1   -0.059618   -0.034098
    1    3    0    2    1   -0.009825    0.005684
    1    3    0    3    1   -0.006507    0.012052
    1    3    0    4    1   -0.065167   -0.019484
    1    3    0    5    1   -0.007608   -0.033634
    1    3    0    6    1   -0.056005    0.042434
    1    3    0    7    1    0.048637    0.077782
    1    3    0    8    1   -0.014627   -0.029149
    1    3    0    9    1   -0.041364    0.003644
    1    3    0   10    1   -0.113058   -0.036441
    1    3    0   11    1    0.064315   -0.000594
    1    3    0    1    2   -0.002629   -0.040203
    1    3    0    2    2    0.048496    0.026563
    1    3    0    3    2    0.004750    0.032655
    1    3    0    4    2   -0.012089    0.005483
    1    3    0    5    2    0.006438    0.002160
    1    3    0    6    2    0.106037   -0.019002
    1    3    0    7    2   -0.131718    0.022556
    1    3    0    8    2    0.019486   -0.059547
    1    3    0    9    2   -0.045565   -0.025796
    1    3    0   10    2   -0.053909   -0.040246
    1    3    0   11    2    0.015514    0.060934
    1    3    0    1    3   -0.013991   -0.009489
    1    3    0    2    3   -0.005462   -0.039484
    1    3    0    3    3   -0.019824    0.002108
    1    3    0    4    3    0.018128    0.015867
    1    3    0    5    3    0.057604    0.023350
    1    3    0    6    3    0.110681   -0.004598
    1    3    0    7    3    0.001542    0.013645
    1    3    0    8    3   -0.001030   -0.001556
    1    3    0    9    3   -0.163130   -0.055874
    1    3    0   10    3   -0.071557    0.006673
    1    3    0   11    3    0.018489    0.006522
    1    3    0    1    4   -0.031883   -0.028496
    1    3    0    2    4   -0.023679   -0.039445
    1    3    0    3    4   -0.022023    0.025749
    1    3    0    4    4    0.036392    0.023768
    1    3    0    5    4   -0.001131   -0.006685
    1    3    0    6    4   -0.095324   -0.044424
    1    3    0    7    4    0.071056    0.068782
    1    3    0    8    4   -0.072230   -0.004788
    1    3    0    9    4    0.000868    0.013971
    1    3    0   10    4    0.025441   -0.041436
    1    3    0   11    4    0.086462    0.001849
    1    3    0    1    5    0.000031    0.009512
    1    3    0    2    5    0.019992    0.023516
    1    3    0    3    5   -0.048820    0.026329
    1    3    0    4    5    0.048323   -0.023384
    1    3    0    5    5    0.012061   -0.032182
    1    3    0    6    5    0.024210    0.052881
    1    3    0    7    5   -0.052556    0.006732
    1    3    0    8    5   -0.034378   -0.029135
    1    3    0    9    5   -0.096430    0.001749
    1    3    0   10    5   -0.093477    0.023276
    1    3    0   11    5   -0.023014   -0.035170
    1    3    0    1    6   -0.025287   -0.028265
    1    3    0    2    6   -0.022860    0.023184
    1    3    0    3    6    0.017214    0.008021
    1    3    0    4    6    0.009734   -0.049419
    1    3    0    5    6   -0.024663    0.011199
    1    3    0    6    6   -0.008290   -0.009232
    1    3    0    7    6    0.009503    0.014828
    1    3    0    8    6    0.005199   -0.018081
    1    3    0    9    6   -0.035614   -0.018690
    1    3    0   10    6   -0.001539    0.029761
    1    3    0   11    6    0.039712    0.016114
    1    3    0    1    7    0.028607   -0.028061
    1    3    0    2    7   -0.035571   -0.002734
    1    3    0    3    7   -0.004290    0.038645
    1    3    0    4    7    0.023090   -0.023445
    1    3    0    5    7   -0.049547   -0.053055
    1    3    0    6    7    0.010708    0.022768
    1    3    0    7    7   -0.110522   -0.016793
    1    3    0    8    7   -0.008689   -0.003865
    1    3    0    9    7   -0.042859   -0.016298
    1    3    0   10    7   -0.054971   -0.003491
    1    3    0   11    7   -0.024509    0.049168
    1    3    0    1    8    0.052089   -0.003963
    1    3    0    2    8    0.010958    0.059451
    1    3    0    3    8    0.038156    0.005333
    1    3    0    4    8    0.027694   -0.017920
    1    3    0    5    8   -0.018612   -0.041562
    1    3    0    6    8   -0.005875   -0.044150
    1    3    0    7    8   -0.010911   -0.002230
    1    3    0    8    8   -0.031099    0.003591
    1    3    0    9    8    0.058785    0.043446
    1    3    0   10    8    0.165403    0.042011
    1    3    0   11    8   -0.024793    0.023132
    1    3    0    1    9   -0.060144   -0.012263
    1    3    0    2    9    0.014436   -0.010304
    1    3    0    3    9    0.000801   -0.039520
    1    3    0    4    9    0.028209   -0.001373
    1    3    0    5    9    0.067379    0.012198
    1    3    0    6    9    0.003534   -0.042969
    1    3    0    7    9    0.039730    0.008524
    1    3    0    8    9    0.010669    0.003591
    1    3    0    9    9    0.006127    0.005554
    1    3    0   10    9    0.063125   -0.029298
    1    3    0   11    9    0.032638   -0.043626
    1    3    0    1   10    0.033760   -0.028770
    1    3    0    2   10    0.003152   -0.032671
    1    3    0    3   10    0.055664   -0.010208
    1    3    0    4   10    0.049880    0.008483
    1    3    0    5   10    0.030328    0.024118
    1    3    0    6   10    0.007497   -0.004767
    1    3    0    7   10   -0.024531   -0.001481
    1    3    0    8   10    0.001061    0.006389
    1    3    0    9   10   -0.033038    0.011314
    1    3    0   10   10    0.014169    0.000715
    1    3    0   11   10   -0.011868   -0.002459
    1    3    0    1   11   -0.030138   -0.017760
    1    3    0    2   11    0.046418    0.059085
    1    3    0    3   11    0.037280   -0.063252
    1    3    0    4   11   -0.044637    0.014216
    1    3    0    5   11   -0.022536    0.021743
    1    3    0    6   11   -0.178986   -0.019361
    1    3    0    7   11    0.028648    0.003151
    1    3    0    8   11    0.003820   -0.041506
    1    3    0    9   11    0.008882   -0.032280
    1    3    0   10   11    0.084708    0.011398
    1    3    0   11   11    0.120741    0.030006
    1    4    0    1    1    0.002680    0.042583
    1    4    0    2    1    0.022583    0.017672
    1    4    0    3    1   -0.016989   -0.018422
    1    4    0    4    1   -0.000432    0.007573
    1    4    0    5    1    0.002616    0.023171
    1    4    0    6    1   -0.016575    0.019143
    1    4    0    7    1    0.082575    0.001864
    1    4    0    8    1    0.010636    0.000365
    1    4    0    9    1    0.021949    0.023323
    1    4    0   10    1    0.020205    0.000871
    1    4    0   11    1   -0.002405   -0.008900
    1    4    0    1    2   -0.037547   -0.028922
    1    4    0    2    2    0.007164    0.016304
    1    4    0    3    2    0.021148    0.021336
    1    4    0    4    2    0.013390   -0.002235
    1    4    0    5    2   -0.022981    0.018390
    1    4    0    6    2   -0.060743   -0.031019
    1    4    0    7    2   -0.001693    0.002016
    1    4    0    8    2    0.012562   -0.010182
    1    4    0    9    2    0.010028   -0.007334
    1    4    0   10    2   -0.011393    0.020636
    1    4    0   11    2    0.033012    0.022011
    1    4    0    1    3    0.017944   -0.012653
    1    4    0    2    3   -0.004071   -0.007347
    1    4    0    3    3   -0.019506   -0.012984
    1    4    0    4    3    0.017501    0.022714
    1    4    0    5    3    0.018841    0.003866
    1    4    0    6    3   -0.006381    0.023373
    1    4    0    7    3    0.007148    0.022184
    1    4    0    8    3    0.016202    0.013339
    1    4    0    9    3   -0.021575   -0.017290
    1    4    0   10    3   -0.049795    0.018193
    1    4    0   11    3   -0.001398   -0.021243
    1    4    0    1    4   -0.024195   -0.008539
    1    4    0    2    4    0.035349   -0.026232
    1    4    0    3    4    0.022378    0.000064
    1    4    0    4    4    0.044377    0.009301
    1    4    0    5    4   -0.011016    0.016717
    1    4    0    6    4    0.016716   -0.045192
    1    4    0    7    4    0.031402   -0.001226
    1    4    0    8    4   -0.050363   -0.006731
    1    4    0    9    4   -0.027971    0.001760
    1    4    0   10    4    0.024679    0.028324
    1    4    0   11    4    0.108246   -0.017122
    1    4    0    1    5    0.042254    0.008692
    1    4    0    2    5   -0.005588    0.011495
    1    4    0    3    5   -0.010317    0.023977
    1    4    0    4    5   -0.019560   -0.012081
    1    4    0    5    5    0.008115   -0.054336
    1    4    0    6    5    0.026789   -0.006421
    1    4    0    7    5   -0.026930   -0.045472
    1    4    0    8    5    0.040012   -0.004394
    1    4    0    9    5    0.025499    0.023902
    1    4    0   10    5   -0.028941   -0.002101
    1    4    0   11    5   -0.039911    0.039376
    1    4    0    1    6   -0.022273    0.014742
    1    4    0    2    6    0.001926    0.007769
    1    4    0    3    6    0.024005   -0.005974
    1    4    0    4    6   -0.007673   -0.034748
    1    4    0    5    6   -0.022730    0.030259
    1    4    0    6    6   -0.021000    0.003124
    1    4    0    7    6   -0.002188    0.019206
    1    4    0    8    6    0.000913   -0.013088
    1    4    0    9    6   -0.010427   -0.020631
    1    4    0   10    6   -0.003651    0.008285
    1    4    0   11    6    0.007207   -0.008798
    1    4    0    1    7   -0.036107   -0.009816
    1    4    0    2    7   -0.006280   -0.009675
    1    4    0    3    7    0.006248    0.004918
    1    4    0    4    7   -0.007902    0.012432
    1    4    0    5    7   -0.034157   -0.027749
    1    4    0    6    7   -0.033000   -0.003210
    1    4    0    7    7    0.022526    0.049513
    1    4    0    8    7   -0.000684   -0.005814
    1    4    0    9    7    0.005981   -0.013167
    1    4    0   10    7   -0.013075    0.009587
    1    4    0   11    7   -0.017731   -0.001588
    1    4    0    1    8   -0.014816    0.022179
    1    4    0    2    8   -0.017620   -0.032813
    1    4    0    3    8   -0.003956   -0.001552
    1    4    0    4    8   -0.027260   -0.033446
    1    4    0    5    8   -0.025817   -0.006208
    1    4    0    6    8    0.056586   -0.001757
    1    4    0    7    8    0.017976    0.018715
    1    4    0    8    8   -0.003599   -0.000110
    1    4    0    9    8    0.017599   -0.023676
    1    4    0   10    8    0.013802    0.001341
    1    4    0   11    8    0.038986    0.003975
    1    4    0    1    9    0.022114    0.002068
    1    4    0    2    9    0.012187   -0.002366
    1    4    0    3    9   -0.007512   -0.024749
    1    4    0    4    9    0.005142   -0.017618
    1    4    0    5    9   -0.011382    0.022794
    1    4    0    6    9    0.023156    0.017671
    1    4    0    7    9    0.007671   -0.019804
    1    4    0    8    9   -0.006548   -0.002331
    1    4    0    9    9   -0.036127   -0.015051
    1    4    0   10    9    0.001132    0.001680
    1    4    0   11    9   -0.000213    0.004126
    1    4    0    1   10    0.015210    0.023872
    1    4    0    2   10    0.012774    0.016537
    1    4    0    3   10   -0.000003   -0.024243
    1    4    0    4   10    0.034831   -0.008679
    1    4    0    5   10    0.021890    0.065405
    1    4    0    6   10   -0.001634    0.016319
    1    4    0    7   10   -0.001006    0.006051
    1    4    0    8   10   -0.003064   -0.000600
    1    4    0    9   10   -0.004719    0.015607
    1    4    0   10   10    0.006108    0.000667
    1    4    0   11   10   -0.003250   -0.016668
    1    4    0    1   11    0.002503    0.005308
    1    4    0    2   11    0.007627   -0.003815
    1    4    0    3   11    0.005265   -0.025617
    1    4    0    4   11    0.053978    0.048522
    1    4    0    5   11    0.054480    0.057457
    1    4    0    6   11    0.045171   -0.047130
    1    4    0    7   11    0.054044    0.025933
    1    4    0    8   11   -0.024950   -0.001182
    1    4    0    9   11    0.010004    0.026275
    1    4    0   10   11    0.064268   -0.022851
    1    4    0   11   11   -0.013944   -0.039011
    1    5    0    1    1    0.009840    0.022960
    1    5    0    2    1    0.004534   -0.013415
    1    5    0    3    1   -0.002813   -0.027950
    1    5    0    4    1    0.005602    0.017783
    1    5    0    5    1    0.003353    0.042306
    1    5    0    6    1    0.025470    0.033256
    1    5    0    7    1   -0.016808    0.000434
    1    5    0    8    1    0.002487    0.022751
    1    5    0    9    1   -0.002649    0.024584
    1    5    0   10    1    0.025009   -0.000228
    1    5    0   11    1   -0.031320   -0.024235
    1    5    0    1    2   -0.029590    0.000822
    1    5    0    2    2    0.005460    0.006898
    1    5    0    3    2   -0.000995    0.002112
    1    5    0    4    2   -0.005942    0.018956
    1    5    0    5    2   -0.010048    0.001638
    1    5    0    6    2    0.038567   -0.002542
    1    5    0    7    2    0.011795    0.014687
    1    5    0    8    2    0.002645    0.003033
    1    5    0    9    2   -0.024939   -0.025515
    1    5    0   10    2    0.001869    0.004415
    1    5    0   11    2    0.039462    0.005203
    1    5    0    1    3    0.000493   -0.004156
    1    5    0    2    3   -0.012954    0.007764
    1    5    0    3    3   -0.002311   -0.009297
    1    5    0    4    3   -0.002224    0.009485
    1    5    0    5    3    0.014603   -0.024469
    1    5    0    6    3   -0.000515    0.004919
    1    5    0    7    3   -0.000877    0.012702
    1    5    0    8    3    0.011918    0.015012
    1    5    0    9    3   -0.000869   -0.003735
    1    5    0   10    3   -0.014217    0.013410
    1    5    0   11    3   -0.011766   -0.016714
    1    5    0    1    4    0.000556    0.002241
    1    5    0    2    4   -0.004460   -0.013310
    1    5    0    3    4   -0.003914   -0.012185
    1    5    0    4    4    0.032346    0.000009
    1    5    0    5    4    0.002423    0.013156
    1    5    0    6    4   -0.008007   -0.033196
    1    5    0    7    4    0.007574    0.009314
    1    5    0    8    4   -0.032910    0.000653
    1    5    0    9    4   -0.026256    0.017577
    1    5    0   10    4    0.007760    0.002119
    1    5    0   11    4    0.041244   -0.009599
    1    5    0    1    5    0.000603    0.009358
    1    5    0    2    5   -0.001156   -0.000724
    1    5    0    3    5    0.010743    0.027350
    1    5    0    4    5    0.015077    0.006017
    1    5    0    5    5   -0.019092   -0.019120
    1    5    0    6    5   -0.017808   -0.003061
    1    5    0    7    5   -0.024173   -0.011457
    1    5    0    8    5    0.014859   -0.002811
    1    5    0    9    5    0.019698    0.036754
    1    5    0   10    5    0.008757    0.016503
    1    5    0   11    5   -0.006123    0.000109
    1    5    0    1    6   -0.014121    0.023835
    1    5    0    2    6    0.000025    0.019149
    1    5    0    3    6   -0.001718   -0.011422
    1    5    0    4    6   -0.024547   -0.019352
    1    5    0    5    6    0.003714    0.021088
    1    5    0    6    6    0.007274   -0.000541
    1    5    0    7    6   -0.002630   -0.018016
    1    5    0    8    6   -0.002389   -0.006221
    1    5    0    9    6   -0.004621   -0.001216
    1    5    0   10    6    0.010437   -0.007078
    1    5    0   11    6   -0.000754    0.006283
    1    5    0    1    7   -0.001919    0.001625
    1    5    0    2    7    0.023393    0.016715
    1    5    0    3    7    0.000617   -0.013423
    1    5    0    4    7    0.013134    0.004462
    1    5    0    5    7    0.007844    0.015055
    1    5    0    6    7   -0.007806    0.007272
    1    5    0    7    7    0.042274   -0.006714
    1    5    0    8    7    0.009850   -0.000141
    1    5    0    9    7    0.024664   -0.008152
    1    5    0   10    7    0.007305   -0.007445
    1    5    0   11    7    0.015514   -0.019686
    1    5    0    1    8   -0.010858    0.005055
    1    5    0    2    8    0.013133   -0.017336
    1    5    0    3    8    0.007840   -0.021478
    1    5    0    4    8   -0.017091   -0.009276
    1    5    0    5    8    0.002510    0.003714
    1    5    0    6    8    0.008060   -0.007825
    1    5    0    7    8    0.003525    0.000006
    1    5    0    8    8   -0.000785    0.001273
    1    5    0    9    8   -0.009770    0.000303
    1    5    0   10    8    0.002404    0.000782
    1    5    0   11    8    0.006242   -0.007091
    1    5    0    1    9    0.026909    0.013162
    1    5    0    2    9    0.005468   -0.000188
    1    5    0    3    9   -0.018256   -0.005064
    1    5    0    4    9   -0.007868   -0.010658
    1    5    0    5    9   -0.011423    0.014653
    1    5    0    6    9   -0.001829   -0.006463
    1    5    0    7    9   -0.000927    0.001998
    1    5    0    8    9   -0.004182   -0.000671
    1    5    0    9    9   -0.015782    0.014083
    1    5    0   10    9   -0.003992   -0.000702
    1    5    0   11    9    0.010607    0.000725
    1    5    0    1   10   -0.037096   -0.008844
    1    5    0    2   10   -0.020666    0.004582
    1    5    0    3   10   -0.005090   -0.019624
    1    5    0    4   10    0.014295   -0.003528
    1    5    0    5   10   -0.003811   -0.000229
    1    5    0    6   10   -0.012648    0.008004
    1    5    0    7   10    0.005667    0.003609
    1    5    0    8   10   -0.001933   -0.000076
    1    5    0    9   10   -0.006399   -0.003024
    1    5    0   10   10   -0.000413    0.000641
    1    5    0   11   10   -0.003349    0.020769
    1    5    0    1   11    0.000256   -0.001187
    1    5    0    2   11   -0.025698   -0.056595
    1    5    0    3   11   -0.022887   -0.015808
    1    5    0    4   11    0.050954    0.041350
    1    5    0    5   11    0.044917   -0.008071
    1    5    0    6   11    0.072049    0.036022
    1    5    0    7   11   -0.026602   -0.000989
    1    5    0    8   11    0.012868    0.025435
    1    5    0    9   11   -0.010967    0.022614
    1    5    0   10   11   -0.028126   -0.011584
    1    5    0   11   11   -0.059724   -0.010193
    1    6    0    1    1    0.013184   -0.018056
    1    6    0    2    1    0.012702   -0.012359
    1    6    0    3    1    0.006933    0.002940
    1    6    0    4    1    0.001746    0.011515
    1    6    0    5    1   -0.019200    0.006894
    1    6    0    6    1    0.017678   -0.004723
    1    6    0    7    1   -0.041868   -0.025244
    1    6    0    8    1    0.006537   -0.006168
    1    6    0    9    1    0.008169    0.000008
    1    6    0   10    1   -0.003405   -0.035906
    1    6    0   11    1   -0.014531    0.002549
    1    6    0    1    2   -0.004535    0.000590
    1    6    0    2    2   -0.024798   -0.010576
    1    6    0    3    2    0.010397   -0.003923
    1    6    0    4    2    0.007393    0.008479
    1    6    0    5    2    0.006653    0.010257
    1    6    0    6    2    0.001677    0.022666
    1    6    0    7    2    0.006294    0.004714
    1    6    0    8    2    0.003443   -0.000950
    1    6    0    9    2   -0.012718   -0.012743
    1    6    0   10    2    0.001044   -0.002943
    1    6    0   11    2    0.034139   -0.004235
    1    6    0    1    3   -0.016696   -0.002922
    1    6    0    2    3   -0.011564    0.030175
    1    6    0    3    3   -0.007951    0.000778
    1    6    0    4    3    0.002447    0.001072
    1    6    0    5    3   -0.009741   -0.030573
    1    6    0    6    3   -0.008382   -0.009086
    1    6    0    7    3    0.007746    0.000438
    1    6    0    8    3   -0.004061    0.006704
    1    6    0    9    3    0.002297    0.007866
    1    6    0   10    3   -0.008358    0.011817
    1    6    0   11    3    0.005760   -0.002321
    1    6    0    1    4    0.006344    0.015884
    1    6    0    2    4   -0.009298    0.007847
    1    6    0    3    4    0.016965   -0.004243
    1    6    0    4    4    0.014024   -0.000635
    1    6    0    5    4   -0.010009    0.009279
    1    6    0    6    4   -0.023968   -0.001146
    1    6    0    7    4    0.008403    0.000739
    1    6    0    8    4   -0.028817    0.019330
    1    6    0    9    4    0.009053    0.014999
    1    6    0   10    4    0.005435    0.007178
    1    6    0   11    4    0.015907   -0.020970
    1    6    0    1    5   -0.028935   -0.006875
    1    6    0    2    5    0.008181   -0.002446
    1    6    0    3    5    0.007971    0.004838
    1    6    0    4    5    0.000714   -0.008465
    1    6    0    5    5    0.010061    0.009447
    1    6    0    6    5   -0.017297   -0.010964
    1    6    0    7    5    0.022047    0.023540
    1    6    0    8    5    0.008657   -0.013104
    1    6    0    9    5   -0.005783    0.002964
    1    6    0   10    5   -0.005766    0.000131
    1    6    0   11    5    0.003088   -0.006228
    1    6    0    1    6    0.006088    0.007289
    1    6    0    2    6    0.003406   -0.007047
    1    6    0    3    6   -0.014076   -0.018634
    1    6    0    4    6   -0.028366   -0.003032
    1    6    0    5    6    0.009704    0.020619
    1    6    0    6    6    0.015382    0.000271
    1    6    0    7    6   -0.004162   -0.018502
    1    6    0    8    6   -0.009381    0.001098
    1    6    0    9    6    0.019566    0.014012
    1    6    0   10    6    0.019764   -0.007342
    1    6    0   11    6   -0.013176    0.012937
    1    6    0    1    7   -0.002465    0.006485
    1    6    0    2    7   -0.005058    0.010665
    1    6    0    3    7    0.011597   -0.009262
    1    6    0    4    7    0.007665    0.011234
    1    6    0    5    7    0.029580   -0.000102
    1    6    0    6    7   -0.007149   -0.004985
    1    6    0    7    7   -0.046419   -0.015612
    1    6    0    8    7    0.003192    0.000701
    1    6    0    9    7    0.003428   -0.004616
    1    6    0   10    7    0.003780   -0.009534
    1    6    0   11    7    0.002641    0.023515
    1    6    0    1    8    0.022152    0.009948
    1    6    0    2    8   -0.000884    0.002654
    1    6    0    3    8   -0.000106   -0.010778
    1    6    0    4    8   -0.018213   -0.010954
    1    6    0    5    8    0.013645    0.006007
    1    6    0    6    8   -0.006655   -0.004054
    1    6    0    7    8    0.000750    0.002067
    1    6    0    8    8   -0.000858   -0.000261
    1    6    0    9    8   -0.001996   -0.005976
    1    6    0   10    8   -0.005795   -0.002465
    1    6    0   11    8   -0.014221   -0.005426
    1    6    0    1    9   -0.007608    0.003527
    1    6    0    2    9   -0.001925    0.001713
    1    6    0    3    9   -0.011312    0.007263
    1    6    0    4    9   -0.008613   -0.007538
    1    6    0    5    9   -0.019887   -0.002601
    1    6    0    6    9   -0.009524    0.010358
    1    6    0    7    9    0.001525   -0.004483
    1    6    0    8    9   -0.012242   -0.000834
    1    6    0    9    9   -0.000373    0.006337
    1    6    0   10    9   -0.003159    0.000263
    1    6    0   11    9   -0.015533   -0.007153
    1    6    0    1   10   -0.020398   -0.006575
    1    6    0    2   10    0.013926   -0.002270
    1    6    0    3   10   -0.013926   -0.004648
    1    6    0    4   10    0.011014   -0.003325
    1    6    0    5   10   -0.000628   -0.010709
    1    6    0    6   10    0.003610   -0.000200
    1    6    0    7   10    0.002048   -0.000467
    1    6    0    8   10   -0.001331    0.001119
    1    6    0    9   10    0.002488    0.005800
    1    6    0   10   10   -0.000077   -0.002546
    1    6    0   11   10    0.002103   -0.002529
    1    6    0    1   11   -0.009825   -0.019604
    1    6    0    2   11   -0.023489   -0.016306
    1    6    0    3   11   -0.003168    0.022161
    1    6    0    4   11    0.038214    0.029549
    1    6    0    5   11   -0.012014   -0.034474
    1    6    0    6   11   -0.011896    0.008429
    1    6    0    7   11   -0.021021   -0.020984
    1    6    0    8   11    0.012541   -0.002587
    1    6    0    9   11   -0.001200   -0.004722
    1    6    0   10   11   -0.002814   -0.001560
    1    6    0   11   11    0.028753    0.030854
    2   -5    0    1    1    0.015355    0.026401
    2   -5    0    2    1   -0.000268    0.010761
    2   -5    0    3    1   -0.003462   -0.010062
    2   -5    0    4    1    0.007532   -0.004137
    2   -5    0    5    1   -0.007205    0.027540
    2   -5    0    6    1    0.027853    0.001145
    2   -5    0    7    1   -0.001760   -0.018288
    2   -5    0    8    1    0.006399    0.012120
    2   -5    0    9    1    0.007791    0.022575
    2   -5    0   10    1    0.011430   -0.001882
    2   -5    0   11    1   -0.014938   -0.002328
    2   -5    0    1    2   -0.002226    0.002536
    2   -5    0    2    2   -0.009864   -0.009006
    2   -5    0    3    2    0.005250   -0.014394
    2   -5    0    4    2   -0.006129   -0.000210
    2   -5    0    5    2   -0.000364    0.000068
    2   -5    0    6    2    0.014975   -0.011170
    2   -5    0    7    2    0.022358    0.015256
    2   -5    0    8    2   -0.004311    0.007562
    2   -5    0    9    2   -0.003705   -0.004519
    2   -5    0   10    2   -0.011744   -0.003343
    2   -5    0   11    2    0.015591    0.015473
    2   -5    0    1    3   -0.012174   -0.013906
    2   -5    0    2    3   -0.008706    0.008639
    2   -5    0    3    3   -0.011560   -0.004297
    2   -5    0    4    3    0.001979    0.011090
    2   -5    0    5    3    0.009678   -0.014203
    2   -5    0    6    3   -0.001024    0.016807
    2   -5    0    7    3    0.004055    0.008161
    2   -5    0    8    3    0.002394    0.011996
    2   -5    0    9    3   -0.015525   -0.003814
    2   -5    0   10    3   -0.020611    0.004671
    2   -5    0   11    3    0.001729   -0.017085
    2   -5    0    1    4    0.008169    0.000145
    2   -5    0    2    4    0.003874   -0.008965
    2   -5    0    3    4    0.014151   -0.015197
    2   -5    0    4    4    0.025738    0.007592
    2   -5    0    5    4    0.002638    0.011252
    2   -5    0    6    4   -0.019816   -0.009596
    2   -5    0    7    4   -0.000684    0.000785
    2   -5    0    8    4   -0.029498    0.007169
    2   -5    0    9    4   -0.005949    0.011645
    2   -5    0   10    4    0.012239   -0.002933
    2   -5    0   11    4    0.051996   -0.011644
    2   -5    0    1    5   -0.016751   -0.003823
    2   -5    0    2    5    0.007844   -0.001488
    2   -5    0    3    5   -0.007610    0.018609
    2   -5    0    4    5   -0.003520    0.001937
    2   -5    0    5    5   -0.011570   -0.016129
    2   -5    0    6    5   -0.007937   -0.009997
    2   -5    0    7    5    0.005582   -0.009764
    2   -5    0    8    5    0.011075    0.007100
    2   -5    0    9    5   -0.000188    0.026316
    2   -5    0   10    5   -0.005008    0.003448
    2   -5    0   11    5    0.007099    0.014757
    2   -5    0    1    6    0.011376    0.010080
    2   -5    0    2    6    0.007948    0.008836
    2   -5    0    3    6   -0.007158   -0.007490
    2   -5    0    4    6   -0.018166   -0.014557
    2   -5    0    5    6    0.007635    0.014076
    2   -5    0    6    6    0.004464   -0.006359
    2   -5    0    7    6   -0.009296    0.000126
    2   -5    0    8    6   -0.002459   -0.003800
    2   -5    0    9    6    0.010026   -0.017186
    2   -5    0   10    6    0.002992   -0.010292
    2   -5    0   11    6   -0.011598   -0.009247
    2   -5    0    1    7   -0.005410   -0.004922
    2   -5    0    2    7    0.021154    0.019824
    2   -5    0    3    7   -0.005469   -0.000443
    2   -5    0    4    7    0.016337    0.000782
    2   -5    0    5    7    0.007740    0.012010
    2   -5    0    6    7    0.017337    0.009329
    2   -5    0    7    7    0.034622   -0.006530
    2   -5    0    8    7    0.014161    0.001396
    2   -5    0    9    7    0.007153   -0.002249
    2   -5    0   10    7    0.001883   -0.002364
    2   -5    0   11    7   -0.000688   -0.021237
    2   -5    0    1    8    0.003338    0.015017
    2   -5    0    2    8    0.016713   -0.006574
    2   -5    0    3    8    0.010378   -0.003507
    2   -5    0    4    8   -0.029580   -0.018653
    2   -5    0    5    8    0.005961    0.018132
    2   -5    0    6    8   -0.000886   -0.000510
    2   -5    0    7    8   -0.005465   -0.003838
    2   -5    0    8    8   -0.001950    0.001249
    2   -5    0    9    8   -0.005460   -0.004297
    2   -5    0   10    8    0.003866    0.002675
    2   -5    0   11    8    0.006556   -0.001962
    2   -5    0    1    9    0.019127    0.008329
    2   -5    0    2    9    0.000853    0.004802
    2   -5    0    3    9   -0.011313   -0.006056
    2   -5    0    4    9   -0.007955   -0.015755
    2   -5    0    5    9   -0.013177    0.009473
    2   -5    0    6    9   -0.004437    0.005801
    2   -5    0    7    9   -0.005713   -0.007450
    2   -5    0    8    9   -0.009892    0.003929
    2   -5    0    9    9   -0.008034    0.002866
    2   -5    0   10    9    0.002201    0.003807
    2   -5    0   11    9   -0.002054    0.003720
    2   -5    0    1   10   -0.014186    0.001878
    2   -5    0    2   10   -0.010390    0.002372
    2   -5    0    3   10   -0.005905   -0.011698
    2   -5    0    4   10    0.021123   -0.003309
    2   -5    0    5   10    0.000083   -0.007783
    2   -5    0    6   10    0.002799    0.001171
    2   -5    0    7   10    0.005619    0.005403
    2   -5    0    8   10    0.000327   -0.000745
    2   -5    0    9   10    0.004632   -0.005261
    2   -5    0   10   10   -0.000986   -0.000748
    2   -5    0   11   10   -0.000453    0.011644
    2   -5    0    1   11    0.012221   -0.007229
    2   -5    0    2   11    0.017659   -0.035873
    2   -5    0    3   11   -0.009735   -0.008775
    2   -5    0    4   11    0.037810    0.039821
    2   -5    0    5   11    0.033863    0.008391
    2   -5    0    6   11    0.030716    0.004145
    2   -5    0    7   11   -0.018335   -0.012275
    2   -5    0    8   11    0.014777    0.020126
    2   -5    0    9   11    0.003043   -0.000194
    2   -5    0   10   11   -0.007476   -0.001268
    2   -5    0   11   11   -0.035918    0.004960
    2   -4    0    1    1   -0.006812   -0.013598
    2   -4    0    2    1    0.003371   -0.003350
    2   -4    0    3    1    0.005758   -0.004915
    2   -4    0    4    1   -0.006983   -0.003587
    2   -4    0    5    1    0.008847    0.001774
    2   -4    0    6    1   -0.001970    0.000710
    2   -4    0    7    1   -0.010623   -0.007471
    2   -4    0    8    1   -0.004098    0.021295
    2   -4    0    9    1   -0.004068   -0.007450
    2   -4    0   10    1   -0.017134   -0.005157
    2   -4    0   11    1   -0.009797   -0.014863
    2   -4    0    1    2    0.007749    0.010552
    2   -4    0    2    2   -0.006313   -0.003690
    2   -4    0    3    2    0.007405   -0.012633
    2   -4    0    4    2   -0.000071    0.007043
    2   -4    0    5    2    0.008749    0.003924
    2   -4    0    6    2   -0.012805    0.011540
    2   -4    0    7    2    0.003252   -0.002196
    2   -4    0    8    2   -0.006984    0.000283
    2   -4    0    9    2    0.006282   -0.005219
    2   -4    0   10    2    0.009339   -0.000091
    2   -4    0   11    2    0.001753   -0.013488
    2   -4    0    1    3   -0.016721    0.001062
    2   -4    0    2    3   -0.017977    0.021676
    2   -4    0    3    3   -0.013521   -0.003744
    2   -4    0    4    3    0.005253    0.012446
    2   -4    0    5    3   -0.008815   -0.033126
    2   -4    0    6    3    0.001549   -0.005231
    2   -4    0    7    3    0.014628   -0.002730
    2   -4    0    8    3   -0.008050    0.000593
    2   -4    0    9    3   -0.014236    0.005244
    2   -4    0   10    3   -0.014040   -0.003073
    2   -4    0   11    3    0.006434    0.004000
    2   -4    0    1    4    0.005472   -0.000185
    2   -4    0    2    4   -0.013991    0.004964
    2   -4    0    3    4    0.011397   -0.002122
    2   -4    0    4    4    0.021550    0.007025
    2   -4    0    5    4   -0.012311    0.005359
    2   -4    0    6    4   -0.035649    0.007697
    2   -4    0    7    4    0.015265   -0.000223
    2   -4    0    8    4   -0.036467    0.014717
    2   -4    0    9    4   -0.001389    0.027628
    2   -4    0   10    4    0.011322    0.002284
    2   -4    0   11    4    0.029879   -0.005355
    2   -4    0    1    5   -0.028708   -0.006673
    2   -4    0    2    5    0.005919   -0.000038
    2   -4    0    3    5    0.004382    0.011275
    2   -4    0    4    5    0.002866   -0.014935
    2   -4    0    5    5   -0.009076    0.028137
    2   -4    0    6    5    0.007629   -0.010611
    2   -4    0    7    5   -0.009216    0.028538
    2   -4    0    8    5   -0.005763   -0.012911
    2   -4    0    9    5   -0.005981   -0.002360
    2   -4    0   10    5    0.010318   -0.001514
    2   -4    0   11    5   -0.000391   -0.003412
    2   -4    0    1    6    0.012444    0.024409
    2   -4    0    2    6    0.006702    0.003892
    2   -4    0    3    6    0.001110   -0.008480
    2   -4    0    4    6   -0.019954    0.002275
    2   -4    0    5    6    0.021465    0.020926
    2   -4    0    6    6    0.012330   -0.014841
    2   -4    0    7    6   -0.010830   -0.008641
    2   -4    0    8    6   -0.004402    0.009935
    2   -4    0    9    6    0.011759   -0.000948
    2   -4    0   10    6    0.013154   -0.015914
    2   -4    0   11    6    0.041715   -0.001472
    2   -4    0    1    7    0.012536    0.001544
    2   -4    0    2    7   -0.005946    0.000812
    2   -4    0    3    7    0.011167    0.003698
    2   -4    0    4    7    0.004272    0.013873
    2   -4    0    5    7    0.011268    0.012763
    2   -4    0    6    7    0.007145    0.008820
    2   -4    0    7    7   -0.036578   -0.019370
    2   -4    0    8    7    0.009980    0.000971
    2   -4    0    9    7    0.012106   -0.004734
    2   -4    0   10    7    0.001052   -0.001425
    2   -4    0   11    7    0.012458   -0.012026
    2   -4    0    1    8    0.012058   -0.004789
    2   -4    0    2    8   -0.004293   -0.000628
    2   -4    0    3    8   -0.004337   -0.012688
    2   -4    0    4    8   -0.021862   -0.015733
    2   -4    0    5    8    0.006908    0.003910
    2   -4    0    6    8   -0.007140   -0.000844
    2   -4    0    7    8   -0.002791    0.004800
    2   -4    0    8    8    0.000922   -0.001247
    2   -4    0    9    8   -0.000042   -0.002670
    2   -4    0   10    8    0.002695    0.001584
    2   -4    0   11    8   -0.021477   -0.003465
    2   -4    0    1    9   -0.032112    0.001589
    2   -4    0    2    9   -0.003606   -0.009120
    2   -4    0    3    9   -0.026625   -0.000030
    2   -4    0    4    9   -0.008058   -0.013145
    2   -4    0    5    9    0.011750   -0.018158
    2   -4    0    6    9   -0.013770    0.002507
    2   -4    0    7    9    0.007902    0.006088
    2   -4    0    8    9    0.003446    0.003752
    2   -4    0    9    9    0.005332    0.005235
    2   -4    0   10    9   -0.006861    0.002243
    2   -4    0   11    9   -0.011074   -0.025634
    2   -4    0    1   10    0.005811   -0.036858
    2   -4    0    2   10   -0.001532   -0.003813
    2   -4    0    3   10   -0.008472   -0.003777
    2   -4    0    4   10    0.012688    0.001216
    2   -4    0    5   10    0.015520   -0.017237
    2   -4    0    6   10    0.003067   -0.000910
    2   -4    0    7   10    0.010564   -0.005837
    2   -4    0    8   10    0.001443    0.001187
    2   -4    0    9   10   -0.003958   -0.002758
    2   -4    0   10   10   -0.001687   -0.002183
    2   -4    0   11   10    0.005039    0.015036
    2   -4    0    1   11    0.004897    0.002299
    2   -4    0    2   11   -0.005101   -0.009433
    2   -4    0    3   11    0.003479    0.001637
    2   -4    0    4   11    0.032035    0.045529
    2   -4    0    5   11    0.000009   -0.032720
    2   -4    0    6   11    0.004664    0.018630
    2   -4    0    7   11    0.002467   -0.018271
    2   -4    0    8   11   -0.004918   -0.003444
    2   -4    0    9   11   -0.012823    0.013093
    2   -4    0   10   11   -0.008242   -0.000523
    2   -4    0   11   11    0.034992    0.018276
    2   -3    0    1    1    0.018113   -0.017348
    2   -3    0    2    1    0.009607    0.014382
    2   -3    0    3    1   -0.007968    0.010687
    2   -3    0    4    1   -0.006764    0.002858
    2   -3    0    5    1    0.015189   -0.014908
    2   -3    0    6    1   -0.023414   -0.032764
    2   -3    0    7    1   -0.005784   -0.017557
    2   -3    0    8    1    0.003875   -0.018063
    2   -3    0    9    1    0.006387   -0.011740
    2   -3    0   10    1    0.000059    0.014860
    2   -3    0   11    1    0.018258    0.002271
    2   -3    0    1    2    0.023946    0.013650
    2   -3    0    2    2   -0.013418   -0.021377
    2   -3    0    3    2    0.007553   -0.022339
    2   -3    0    4    2    0.003931    0.003873
    2   -3    0    5    2    0.007788   -0.001620
    2   -3    0    6    2   -0.015644   -0.008112
    2   -3    0    7    2   -0.003411    0.000725
    2   -3    0    8    2    0.002272    0.004370
    2   -3    0    9    2    0.007404    0.009641
    2   -3    0   10    2    0.007493    0.003793
    2   -3    0   11    2    0.003937   -0.007598
    2   -3    0    1    3   -0.009913    0.013419
    2   -3    0    2    3   -0.004653    0.002157
    2   -3    0    3    3   -0.013998    0.004694
    2   -3    0    4    3    0.012460   -0.004528
    2   -3    0    5    3   -0.008616   -0.008462
    2   -3    0    6    3   -0.002650   -0.011944
    2   -3    0    7    3    0.019771   -0.010768
    2   -3    0    8    3   -0.000899    0.000381
    2   -3    0    9    3   -0.000210    0.005312
    2   -3    0   10    3    0.003564   -0.001927
    2   -3    0   11    3   -0.004980    0.012340
    2   -3    0    1    4   -0.009601    0.007832
    2   -3    0    2    4   -0.006930    0.000109
    2   -3    0    3    4    0.010653   -0.011156
    2   -3    0    4    4    0.009686    0.015474
    2   -3    0    5    4    0.003102    0.009917
    2   -3    0    6    4   -0.015947    0.024374
    2   -3    0    7    4   -0.006370    0.001117
    2   -3    0    8    4   -0.027411    0.006149
    2   -3    0    9    4    0.006770    0.017303
    2   -3    0   10    4    0.030655    0.017048
    2   -3    0   11    4    0.008533   -0.007827
    2   -3    0    1    5    0.007505   -0.012342
    2   -3    0    2    5   -0.001496   -0.004805
    2   -3    0    3    5   -0.001010   -0.000030
    2   -3    0    4    5   -0.002251   -0.010374
    2   -3    0    5    5    0.009877    0.026563
    2   -3    0    6    5    0.001052   -0.006490
    2   -3    0    7    5    0.015454    0.024428
    2   -3    0    8    5    0.008954    0.005050
    2   -3    0    9    5    0.007249   -0.016699
    2   -3    0   10    5   -0.000490   -0.019907
    2   -3    0   11    5    0.000859    0.005569
    2   -3    0    1    6    0.005637   -0.011367
    2   -3    0    2    6    0.026378   -0.039967
    2   -3    0    3    6    0.020607   -0.021392
    2   -3    0    4    6   -0.029983    0.053932
    2   -3    0    5    6    0.011581   -0.044404
    2   -3    0    6    6    0.001746   -0.022473
    2   -3    0    7    6   -0.006437   -0.005102
    2   -3    0    8    6   -0.013522    0.013561
    2   -3    0    9    6    0.018478   -0.006840
    2   -3    0   10    6    0.026816    0.002382
    2   -3    0   11    6   -0.026538    0.037504
    2   -3    0    1    7   -0.015372    0.042811
    2   -3    0    2    7   -0.002092   -0.023350
    2   -3    0    3    7    0.022135    0.008212
    2   -3    0    4    7    0.025832    0.023463
    2   -3    0    5    7   -0.003156    0.009918
    2   -3    0    6    7   -0.023216   -0.009183
    2   -3    0    7    7   -0.044270    0.022198
    2   -3    0    8    7   -0.017111   -0.007167
    2   -3    0    9    7   -0.009666   -0.006639
    2   -3    0   10    7    0.015584   -0.000271
    2   -3    0   11    7    0.021465    0.075976
    2   -3    0    1    8    0.004415   -0.032585
    2   -3    0    2    8    0.006239   -0.000646
    2   -3    0    3    8   -0.012942   -0.007887
    2   -3    0    4    8   -0.013755   -0.010990
    2   -3    0    5    8    0.013440    0.026488
    2   -3    0    6    8   -0.001564   -0.005343
    2   -3    0    7    8    0.013148   -0.001081
    2   -3    0    8    8    0.002787   -0.001237
    2   -3    0    9    8   -0.006466   -0.003948
    2   -3    0   10    8   -0.002632   -0.000604
    2   -3    0   11    8    0.001935   -0.010925
    2   -3    0    1    9   -0.006045    0.000476
    2   -3    0    2    9   -0.013209   -0.002934
    2   -3    0    3    9   -0.026128   -0.001323
    2   -3    0    4    9   -0.004947    0.006345
    2   -3    0    5    9    0.009986    0.002782
    2   -3    0    6    9   -0.003871    0.003983
    2   -3    0    7    9    0.017646    0.004249
    2   -3    0    8    9    0.006782    0.002184
    2   -3    0    9    9   -0.003287   -0.007415
    2   -3    0   10    9   -0.002146    0.000083
    2   -3    0   11    9   -0.020406    0.030134
    2   -3    0    1   10    0.025680    0.006349
    2   -3    0    2   10   -0.001482    0.003678
    2   -3    0    3   10   -0.024759   -0.008383
    2   -3    0    4   10   -0.012765    0.003605
    2   -3    0    5   10   -0.019277   -0.015657
    2   -3    0    6   10   -0.000148   -0.008889
    2   -3    0    7   10   -0.005603    0.007596
    2   -3    0    8   10    0.004870   -0.000102
    2   -3    0    9   10    0.002008   -0.001094
    2   -3    0   10   10   -0.004650    0.000351
    2   -3    0   11   10    0.003097   -0.022186
    2   -3    0    1   11    0.005166    0.009618
    2   -3    0    2   11    0.005082    0.019375
    2   -3    0    3   11    0.007691    0.023432
    2   -3    0    4   11    0.044205    0.007042
    2   -3    0    5   11   -0.033102   -0.011197
    2   -3    0    6   11   -0.016292   -0.016918
    2   -3    0    7   11    0.007950    0.000197
    2   -3    0    8   11   -0.016340   -0.016247
    2   -3    0    9   11    0.006127   -0.003259
    2   -3    0   10   11    0.004872   -0.011427
    2   -3    0   11   11    0.038490    0.000572
    2   -2    0    1    1   -0.008345    0.013693
    2   -2    0    2    1   -0.013151   -0.010518
    2   -2    0    3    1   -0.021116    0.009997
    2   -2    0    4    1   -0.002847    0.040768
    2   -2    0    5    1    0.044643   -0.042958
    2   -2    0    6    1   -0.004189   -0.000345
    2   -2    0    7    1    0.008454    0.007433
    2   -2    0    8    1    0.018870   -0.004322
    2   -2    0    9    1    0.003427   -0.014704
    2   -2    0   10    1    0.004652    0.036821
    2   -2    0   11    1    0.002148    0.026507
    2   -2    0    1    2    0.017002    0.014354
    2   -2    0    2    2    0.015996   -0.004720
    2   -2    0    3    2    0.004165   -0.006515
    2   -2    0    4    2   -0.002401    0.011333
    2   -2    0    5    2   -0.003882   -0.011999
    2   -2    0    6    2   -0.003662   -0.015645
    2   -2    0    7    2    0.003113   -0.002226
    2   -2    0    8    2   -0.003264   -0.001023
    2   -2    0    9    2   -0.001158    0.020677
    2   -2    0   10    2    0.011501   -0.005556
    2   -2    0   11    2   -0.042310   -0.013131
    2   -2    0    1    3    0.007462    0.022436
    2   -2    0    2    3    0.024759   -0.006211
    2   -2    0    3    3    0.010374    0.002757
    2   -2    0    4    3    0.004164   -0.009741
    2   -2    0    5    3   -0.012769    0.012182
    2   -2    0    6    3   -0.005895   -0.007856
    2   -2    0    7    3   -0.002099    0.006740
    2   -2    0    8    3    0.021251    0.002336
    2   -2    0    9    3    0.004035    0.029911
    2   -2    0   10    3    0.019148    0.005749
    2   -2    0   11    3   -0.034640    0.018467
    2   -2    0    1    4   -0.025742   -0.000187
    2   -2    0    2    4   -0.020317   -0.007166
    2   -2    0    3    4   -0.003884    0.006316
    2   -2    0    4    4   -0.013903   -0.017661
    2   -2    0    5    4    0.002204   -0.036330
    2   -2    0    6    4   -0.001383    0.031628
    2   -2    0    7    4    0.010036    0.008759
    2   -2    0    8    4    0.011486   -0.010899
    2   -2    0    9    4    0.012097    0.007396
    2   -2    0   10    4   -0.011230    0.026333
    2   -2    0   11    4   -0.029834   -0.005037
    2   -2    0    1    5    0.023441   -0.010589
    2   -2    0    2    5    0.000207   -0.012566
    2   -2    0    3    5    0.014993   -0.007533
    2   -2    0    4    5    0.010286   -0.026598
    2   -2    0    5    5    0.006181    0.022754
    2   -2    0    6    5    0.010007    0.016209
    2   -2    0    7    5    0.008238   -0.008137
    2   -2    0    8    5   -0.034240   -0.018626
    2   -2    0    9    5   -0.007483   -0.012076
    2   -2    0   10    5    0.025845    0.002053
    2   -2    0   11    5    0.005418   -0.008913
    2   -2    0    1    6    0.009038   -0.070436
    2   -2    0    2    6    0.034471   -0.026773
    2   -2    0    3    6   -0.046498    0.004888
    2   -2    0    4    6   -0.070205    0.062708
    2   -2    0    5    6    0.013723   -0.062784
    2   -2    0    6    6   -0.010304   -0.022821
    2   -2    0    7    6    0.015208   -0.031900
    2   -2    0    8    6    0.002155   -0.012964
    2   -2    0    9    6   -0.047565    0.008504
    2   -2    0   10    6    0.043417    0.022329
    2   -2    0   11    6    0.012784    0.040956
    2   -2    0    1    7   -0.012921   -0.026842
    2   -2    0    2    7    0.002289   -0.028085
    2   -2    0    3    7    0.017064    0.011677
    2   -2    0    4    7   -0.012094   -0.020831
    2   -2    0    5    7   -0.050481   -0.000086
    2   -2    0    6    7    0.008794   -0.030033
    2   -2    0    7    7    0.051206   -0.009871
    2   -2    0    8    7    0.001829   -0.005685
    2   -2    0    9    7    0.021088    0.018455
    2   -2    0   10    7    0.012203   -0.014139
    2   -2    0   11    7   -0.000232   -0.036986
    2   -2    0    1    8   -0.036424   -0.021564
    2   -2    0    2    8    0.004492    0.013576
    2   -2    0    3    8   -0.005489   -0.015602
    2   -2    0    4    8    0.029289    0.041540
    2   -2    0    5    8    0.017657   -0.003227
    2   -2    0    6    8   -0.000276    0.004783
    2   -2    0    7    8   -0.006319    0.001597
    2   -2    0    8    8    0.001956   -0.000271
    2   -2    0    9    8    0.004173    0.003376
    2   -2    0   10    8    0.000967   -0.003337
    2   -2    0   11    8    0.008080    0.021852
    2   -2    0    1    9    0.030795   -0.015805
    2   -2    0    2    9   -0.015350    0.000804
    2   -2    0    3    9   -0.015330    0.010693
    2   -2    0    4    9   -0.016642    0.036722
    2   -2    0    5    9    0.030918   -0.023267
    2   -2    0    6    9    0.003791   -0.025136
    2   -2    0    7    9   -0.011908   -0.030539
    2   -2    0    8    9    0.019145   -0.004564
    2   -2    0    9    9   -0.023665    0.020749
    2   -2    0   10    9   -0.013531   -0.017043
    2   -2    0   11    9    0.038612    0.023979
    2   -2    0    1   10   -0.015698    0.027712
    2   -2    0    2   10    0.021284   -0.016328
    2   -2    0    3   10   -0.012080   -0.011878
    2   -2    0    4   10   -0.023265    0.020920
    2   -2    0    5   10   -0.000871   -0.019577
    2   -2    0    6   10   -0.003435   -0.022057
    2   -2    0    7   10   -0.014543   -0.005378
    2   -2    0    8   10    0.006479   -0.002894
    2   -2    0    9   10   -0.000776   -0.001912
    2   -2    0   10   10   -0.005217    0.002297
    2   -2    0   11   10    0.010033    0.019292
    2   -2    0    1   11   -0.009509   -0.002775
    2   -2    0    2   11    0.019946    0.001844
    2   -2    0    3   11   -0.023250    0.016676
    2   -2    0    4   11   -0.002592   -0.021286
    2   -2    0    5   11   -0.002412   -0.007002
    2   -2    0    6   11   -0.006369    0.003515
    2   -2    0    7   11   -0.007461    0.009588
    2   -2    0    8   11    0.000998    0.009975
    2   -2    0    9   11   -0.001028    0.008953
    2   -2    0   10   11   -0.002205    0.006985
    2   -2    0   11   11   -0.017858   -0.006906
    2   -1    0    1    1    0.001500   -0.008211
    2   -1    0    2    1   -0.014160   -0.041741
    2   -1    0    3    1    0.007947   -0.001595
    2   -1    0    4    1    0.027357    0.011580
    2   -1    0    5    1    0.016564   -0.035460
    2   -1    0    6    1    0.002304    0.049097
    2   -1    0    7    1   -0.008271    0.032514
    2   -1    0    8    1   -0.009769    0.011240
    2   -1    0    9    1   -0.013405   -0.012576
    2   -1    0   10    1   -0.002121   -0.029118
    2   -1    0   11    1   -0.022291   -0.003467
    2   -1    0    1    2   -0.007154   -0.039614
    2   -1    0    2    2    0.050740   -0.015627
    2   -1    0    3    2   -0.014653    0.023188
    2   -1    0    4    2    0.008193   -0.009903
    2   -1    0    5    2    0.017123   -0.022021
    2   -1    0    6    2   -0.023037    0.014820
    2   -1    0    7    2    0.000307   -0.005192
    2   -1    0    8    2   -0.028003    0.001835
    2   -1    0    9    2   -0.003468   -0.000217
    2   -1    0   10    2    0.036217    0.028194
    2   -1    0   11    2   -0.076343   -0.071306
    2   -1    0    1    3    0.016168   -0.005854
    2   -1    0    2    3    0.039338   -0.007940
    2   -1    0    3    3    0.033891    0.018918
    2   -1    0    4    3   -0.005754   -0.044675
    2   -1    0    5    3    0.000794   -0.013105
    2   -1    0    6    3    0.002339    0.013764
    2   -1    0    7    3    0.012872   -0.011790
    2   -1    0    8    3    0.018864    0.030446
    2   -1    0    9    3    0.018453    0.008182
    2   -1    0   10    3   -0.006348    0.073735
    2   -1    0   11    3   -0.049234   -0.004561
    2   -1    0    1    4    0.007390   -0.020436
    2   -1    0    2    4   -0.026471    0.022710
    2   -1    0    3    4   -0.019747   -0.001834
    2   -1    0    4    4   -0.018487   -0.034692
    2   -1    0    5    4   -0.037156    0.030676
    2   -1    0    6    4    0.005386    0.043304
    2   -1    0    7    4    0.028088    0.015556
    2   -1    0    8    4    0.036741   -0.016554
    2   -1    0    9    4   -0.015711   -0.065413
    2   -1    0   10    4   -0.049603    0.035617
    2   -1    0   11    4   -0.046900   -0.046794
    2   -1    0    1    5    0.012804    0.041117
    2   -1    0    2    5   -0.002794    0.018355
    2   -1    0    3    5    0.021026   -0.006149
    2   -1    0    4    5   -0.039334   -0.009651
    2   -1    0    5    5   -0.049916   -0.039806
    2   -1    0    6    5    0.013443   -0.006672
    2   -1    0    7    5   -0.039871   -0.012131
    2   -1    0    8    5   -0.053377    0.006021
    2   -1    0    9    5    0.007743   -0.005634
    2   -1    0   10    5    0.052794    0.003211
    2   -1    0   11    5    0.039079    0.038732
    2   -1    0    1    6   -0.049007   -0.034203
    2   -1    0    2    6   -0.076474   -0.106126
    2   -1    0    3    6   -0.096408    0.060080
    2   -1    0    4    6    0.057104    0.025645
    2   -1    0    5    6   -0.008232   -0.070678
    2   -1    0    6    6   -0.047981    0.073914
    2   -1    0    7    6   -0.056722    0.027662
    2   -1    0    8    6    0.024289   -0.077774
    2   -1    0    9    6   -0.050702    0.044180
    2   -1    0   10    6    0.106278    0.076276
    2   -1    0   11    6    0.115628   -0.035682
    2   -1    0    1    7    0.029740   -0.027469
    2   -1    0    2    7   -0.081192   -0.021773
    2   -1    0    3    7    0.001813   -0.087781
    2   -1    0    4    7   -0.081181   -0.055213
    2   -1    0    5    7   -0.071046   -0.045903
    2   -1    0    6    7    0.031192    0.002155
    2   -1    0    7    7    0.050786   -0.033915
    2   -1    0    8    7   -0.006826   -0.021952
    2   -1    0    9    7    0.042491   -0.023189
    2   -1    0   10    7   -0.105219    0.036276
    2   -1    0   11    7   -0.011969   -0.062415
    2   -1    0    1    8   -0.030122    0.048392
    2   -1    0    2    8   -0.039368    0.027781
    2   -1    0    3    8   -0.011738    0.014101
    2   -1    0    4    8    0.027112    0.046571
    2   -1    0    5    8   -0.065440   -0.016538
    2   -1    0    6    8   -0.011986    0.009223
    2   -1    0    7    8   -0.028597   -0.008964
    2   -1    0    8    8    0.009693    0.001337
    2   -1    0    9    8   -0.007351    0.001939
    2   -1    0   10    8    0.000587   -0.012300
    2   -1    0   11    8    0.026461    0.038669
    2   -1    0    1    9   -0.035748    0.012780
    2   -1    0    2    9    0.056382    0.022902
    2   -1    0    3    9    0.050103    0.002031
    2   -1    0    4    9    0.003048    0.053224
    2   -1    0    5    9   -0.000750   -0.010626
    2   -1    0    6    9    0.027670    0.001232
    2   -1    0    7    9   -0.080528   -0.018187
    2   -1    0    8    9   -0.031924   -0.006160
    2   -1    0    9    9    0.013932    0.081315
    2   -1    0   10    9   -0.002214    0.007440
    2   -1    0   11    9   -0.027130   -0.005712
    2   -1    0    1   10   -0.031862   -0.013340
    2   -1    0    2   10    0.045625   -0.015845
    2   -1    0    3   10    0.018745    0.021321
    2   -1    0    4   10   -0.008598   -0.001586
    2   -1    0    5   10    0.054854   -0.015666
    2   -1    0    6   10    0.000898   -0.000724
    2   -1    0    7   10   -0.033700   -0.019943
    2   -1    0    8   10   -0.006943   -0.006322
    2   -1    0    9   10    0.003467    0.023828
    2   -1    0   10   10    0.010238    0.000609
    2   -1    0   11   10    0.025690    0.015741
    2   -1    0    1   11   -0.015974   -0.015549
    2   -1    0    2   11   -0.028769   -0.028036
    2   -1    0    3   11   -0.019258    0.001866
    2   -1    0    4   11   -0.062621   -0.051774
    2   -1    0    5   11    0.010507   -0.008275
    2   -1    0    6   11   -0.007363    0.007333
    2   -1    0    7   11    0.006932    0.044135
    2   -1    0    8   11    0.020055   -0.016981
    2   -1    0    9   11    0.004120    0.006600
    2   -1    0   10   11   -0.018275    0.054645
    2   -1    0   11   11   -0.045762   -0.043842
    2    0    0    1    1    0.026440   -0.045285
    2    0    0    2    1    0.007721    0.014797
    2    0    0    3    1    0.018185    0.011098
    2    0    0    4    1    0.031571   -0.048322
    2    0    0    5    1   -0.044042    0.005822
    2    0    0    6    1    0.002017    0.007736
    2    0    0    7    1   -0.040457   -0.017127
    2    0    0    8    1   -0.011336   -0.030291
    2    0    0    9    1   -0.040780    0.023032
    2    0    0   10    1    0.081945   -0.034655
    2    0    0   11    1    0.034838   -0.003006
    2    0    0    1    2   -0.020711   -0.054891
    2    0    0    2    2    0.067219    0.025197
    2    0    0    3    2   -0.077182    0.030830
    2    0    0    4    2   -0.017288   -0.060761
    2    0    0    5    2   -0.017346   -0.048818
    2    0    0    6    2   -0.024645    0.048348
    2    0    0    7    2   -0.019038    0.022488
    2    0    0    8    2    0.038699   -0.046644
    2    0    0    9    2   -0.049095   -0.126863
    2    0    0   10    2    0.054470    0.073244
    2    0    0   11    2    0.136547    0.041096
    2    0    0    1    3   -0.034782   -0.010284
    2    0    0    2    3    0.035024   -0.005080
    2    0    0    3    3   -0.024353   -0.011614
    2    0    0    4    3   -0.067826    0.011423
    2    0    0    5    3   -0.043614   -0.024518
    2    0    0    6    3   -0.025091    0.018498
    2    0    0    7    3    0.010061   -0.026403
    2    0    0    8    3   -0.015848   -0.009711
    2    0    0    9    3   -0.035110   -0.090306
    2    0    0   10    3   -0.111539    0.084215
    2    0    0   11    3    0.058452   -0.019677
    2    0    0    1    4    0.055916   -0.008803
    2    0    0    2    4   -0.014909    0.032955
    2    0    0    3    4   -0.012514    0.031773
    2    0    0    4    4    0.042930   -0.046678
    2    0    0    5    4    0.012830    0.094107
    2    0    0    6    4    0.010377   -0.043310
    2    0    0    7    4    0.034858   -0.032094
    2    0    0    8    4    0.022794    0.095836
    2    0    0    9    4   -0.033495   -0.023092
    2    0    0   10    4   -0.116455   -0.060181
    2    0    0   11    4   -0.057598   -0.090658
    2    0    0    1    5    0.074218    0.068502
    2    0    0    2    5    0.000040    0.022680
    2    0    0    3    5    0.041873   -0.004614
    2    0    0    4    5    0.020171    0.056097
    2    0    0    5    5    0.054669    0.026757
    2    0    0    6    5    0.000935    0.004838
    2    0    0    7    5   -0.055553   -0.059447
    2    0    0    8    5    0.011848    0.014853
    2    0    0    9    5    0.043324    0.033065
    2    0    0   10    5   -0.050046    0.037228
    2    0    0   11    5   -0.035345   -0.039740
    2    0    0    1    6   -0.138061   -0.048827
    2    0    0    2    6    0.033737   -0.012582
    2    0    0    3    6   -0.030756   -0.021741
    2    0    0    4    6    0.014925    0.048503
    2    0    0    5    6    0.106104    0.091964
    2    0    0    6    6   -0.138009    0.070303
    2    0    0    7    6   -0.195233   -0.003832
    2    0    0    8    6    0.052916   -0.015676
    2    0    0    9    6   -0.005812    0.011397
    2    0    0   10    6    0.064937    0.218860
    2    0    0   11    6    0.050453    0.175034
    2    0    0    1    7    0.011823    0.094520
    2    0    0    2    7    0.013993   -0.022229
    2    0    0    3    7    0.018655   -0.006180
    2    0    0    4    7    0.016413   -0.023131
    2    0    0    5    7    0.078773    0.000846
    2    0    0    6    7   -0.084458    0.075983
    2    0    0    7    7   -0.149468    0.031771
    2    0    0    8    7    0.069747   -0.055896
    2    0    0    9    7   -0.046120   -0.008875
    2    0    0   10    7    0.122951    0.153510
    2    0    0   11    7    0.155508    0.040917
    2    0    0    1    8    0.035225    0.063961
    2    0    0    2    8   -0.053728   -0.004654
    2    0    0    3    8    0.025502    0.081137
    2    0    0    4    8   -0.007239    0.023498
    2    0    0    5    8   -0.121412   -0.030714
    2    0    0    6    8    0.015977   -0.008068
    2    0    0    7    8    0.035183    0.006243
    2    0    0    8    8    0.048241   -0.004242
    2    0    0    9    8    0.062743    0.084928
    2    0    0   10    8   -0.144345   -0.075588
    2    0    0   11    8   -0.041547   -0.049237
    2    0    0    1    9   -0.078764    0.039005
    2    0    0    2    9    0.065457   -0.014544
    2    0    0    3    9    0.050874    0.041840
    2    0    0    4    9    0.090108    0.024278
    2    0    0    5    9   -0.022340    0.028172
    2    0    0    6    9    0.055371   -0.044173
    2    0    0    7    9    0.055252    0.052539
    2    0    0    8    9    0.050519   -0.009133
    2    0    0    9    9    0.030968   -0.018981
    2    0    0   10    9    0.247151   -0.110320
    2    0    0   11    9   -0.029767    0.085775
    2    0    0    1   10    0.002890   -0.001484
    2    0    0    2   10   -0.040710    0.005461
    2    0    0    3   10    0.018132    0.018688
    2    0    0    4   10    0.037576   -0.034530
    2    0    0    5   10   -0.036309    0.065344
    2    0    0    6   10    0.009818    0.012586
    2    0    0    7   10   -0.025030    0.015152
    2    0    0    8   10    0.014600   -0.023356
    2    0    0    9   10    0.004535    0.019305
    2    0    0   10   10    0.200314   -0.004857
    2    0    0   11   10    0.037186    0.036202
    2    0    0    1   11    0.026487    0.001610
    2    0    0    2   11   -0.104731   -0.065666
    2    0    0    3   11    0.015926    0.009829
    2    0    0    4   11    0.016237   -0.051628
    2    0    0    5   11    0.009263   -0.048822
    2    0    0    6   11   -0.059501   -0.016296
    2    0    0    7   11    0.024915   -0.008804
    2    0    0    8   11   -0.008531    0.003284
    2    0    0    9   11   -0.001297   -0.097154
    2    0    0   10   11   -0.002544   -0.026379
    2    0    0   11   11    0.017720   -0.022371
    2    1    0    1    1   -0.028268    0.011171
    2    1    0    2    1    0.045722    0.035074
    2    1    0    3    1    0.011849   -0.005000
    2    1    0    4    1   -0.023391   -0.001168
    2    1    0    5    1   -0.000012   -0.001433
    2    1    0    6    1    0.008634   -0.023505
    2    1    0    7    1    0.006216    0.012359
    2    1    0    8    1   -0.012116    0.014974
    2    1    0    9    1   -0.050514    0.016930
    2    1    0   10    1   -0.001167    0.069216
    2    1    0   11    1    0.009982   -0.002293
    2    1    0    1    2    0.085196    0.010658
    2    1    0    2    2   -0.073564   -0.025564
    2    1    0    3    2    0.031772   -0.044039
    2    1    0    4    2    0.066280   -0.048579
    2    1    0    5    2   -0.030315    0.044340
    2    1    0    6    2    0.078768    0.050703
    2    1    0    7    2   -0.150687    0.017299
    2    1    0    8    2    0.023966   -0.004457
    2    1    0    9    2   -0.000279   -0.025543
    2    1    0   10    2   -0.067100    0.029988
    2    1    0   11    2    0.150845    0.073376
    2    1    0    1    3    0.048196    0.029614
    2    1    0    2    3    0.028090   -0.008680
    2    1    0    3    3   -0.112874   -0.028964
    2    1    0    4    3    0.050012    0.060434
    2    1    0    5    3   -0.007956    0.039158
    2    1    0    6    3    0.057359   -0.050270
    2    1    0    7    3   -0.065041    0.042161
    2    1    0    8    3   -0.001292   -0.001682
    2    1    0    9    3   -0.024910    0.009873
    2    1    0   10    3    0.191054   -0.070996
    2    1    0   11    3    0.029621    0.021686
    2    1    0    1    4   -0.062620    0.010424
    2    1    0    2    4    0.012608   -0.020648
    2    1    0    3    4    0.035018   -0.001798
    2    1    0    4    4   -0.020847   -0.040867
    2    1    0    5    4    0.062214   -0.034711
    2    1    0    6    4    0.008081   -0.017720
    2    1    0    7    4    0.049080   -0.044076
    2    1    0    8    4   -0.024214    0.054272
    2    1    0    9    4    0.085303    0.053769
    2    1    0   10    4    0.031075   -0.074738
    2    1    0   11    4    0.001186   -0.044600
    2    1    0    1    5   -0.129123   -0.041611
    2    1    0    2    5   -0.034312   -0.022468
    2    1    0    3    5   -0.040105    0.003588
    2    1    0    4    5   -0.016008   -0.018764
    2    1    0    5    5    0.136514    0.038119
    2    1    0    6    5   -0.084725   -0.026828
    2    1    0    7    5    0.078928   -0.030050
    2    1    0    8    5    0.098765    0.030816
    2    1    0    9    5    0.041068    0.016867
    2    1    0   10    5   -0.205481    0.042165
    2    1    0   11    5   -0.049466   -0.046016
    2    1    0    1    6   -0.106972    0.007250
    2    1    0    2    6   -0.015351   -0.052498
    2    1    0    3    6    0.257119   -0.041508
    2    1    0    4    6   -0.275176   -0.025211
    2    1    0    5    6   -0.062894   -0.050524
    2    1    0    6    6    0.011045    0.023611
    2    1    0    7    6    0.044711   -0.004984
    2    1    0    8    6    0.058393   -0.011142
    2    1    0    9    6    0.132982   -0.000293
    2    1    0   10    6    0.107572    0.011691
    2    1    0   11    6   -0.009792   -0.048785
    2    1    0    1    7   -0.124786   -0.087008
    2    1    0    2    7   -0.085812   -0.025774
    2    1    0    3    7   -0.065898    0.074344
    2    1    0    4    7   -0.011374    0.001412
    2    1    0    5    7   -0.036838    0.044028
    2    1    0    6    7   -0.134265    0.082252
    2    1    0    7    7    0.013143    0.023918
    2    1    0    8    7    0.049957   -0.010251
    2    1    0    9    7    0.077365    0.031386
    2    1    0   10    7   -0.150069    0.052308
    2    1    0   11    7    0.039248   -0.012363
    2    1    0    1    8    0.009521   -0.013878
    2    1    0    2    8    0.069491   -0.023707
    2    1    0    3    8    0.063633    0.017892
    2    1    0    4    8   -0.254877   -0.109295
    2    1    0    5    8    0.163901    0.050331
    2    1    0    6    8   -0.012181   -0.024452
    2    1    0    7    8    0.114349    0.024882
    2    1    0    8    8   -0.033449    0.009373
    2    1    0    9    8    0.092565   -0.004102
    2    1    0   10    8   -0.246049   -0.120552
    2    1    0   11    8   -0.061739    0.005658
    2    1    0    1    9   -0.029704    0.035633
    2    1    0    2    9    0.020896    0.033774
    2    1    0    3    9   -0.200287    0.017183
    2    1    0    4    9   -0.097239   -0.020062
    2    1    0    5    9   -0.037978   -0.012601
    2    1    0    6    9    0.037266   -0.079875
    2    1    0    7    9    0.065796   -0.041665
    2    1    0    8    9   -0.046979   -0.047199
    2    1    0    9    9   -0.018018   -0.062266
    2    1    0   10    9   -0.466877    0.025062
    2    1    0   11    9   -0.011284    0.053298
    2    1    0    1   10   -0.006904    0.024522
    2    1    0    2   10    0.041727    0.009993
    2    1    0    3   10   -0.079215   -0.015248
    2    1    0    4   10   -0.075427    0.001864
    2    1    0    5   10    0.020471   -0.074677
    2    1    0    6   10   -0.008373    0.003493
    2    1    0    7   10    0.037055   -0.006579
    2    1    0    8   10    0.000549   -0.011985
    2    1    0    9   10    0.020108    0.019304
    2    1    0   10   10   -0.073399   -0.001788
    2    1    0   11   10    0.028824    0.001111
    2    1    0    1   11   -0.061456    0.127751
    2    1    0    2   11    0.060875    0.005493
    2    1    0    3   11    0.049145   -0.018446
    2    1    0    4   11    0.121810    0.026954
    2    1    0    5   11    0.021362    0.099930
    2    1    0    6   11   -0.085068    0.022518
    2    1    0    7   11   -0.024862   -0.026247
    2    1    0    8   11   -0.018336    0.005238
    2    1    0    9   11   -0.051923   -0.001304
    2    1    0   10   11    0.010035   -0.098187
    2    1    0   11   11    0.162401    0.053257
    2    2    0    1    1   -0.024681    0.020678
    2    2    0    2    1   -0.018998   -0.023645
    2    2    0    3    1    0.011854   -0.010370
    2    2    0    4    1    0.049254    0.029403
    2    2    0    5    1   -0.020677   -0.033710
    2    2    0    6    1   -0.035805    0.007837
    2    2    0    7    1    0.044624   -0.009701
    2    2    0    8    1    0.012535    0.034094
    2    2    0    9    1    0.002812   -0.013440
    2    2    0   10    1   -0.122622    0.085927
    2    2    0   11    1    0.018785   -0.023573
    2    2    0    1    2   -0.018315    0.006653
    2    2    0    2    2    0.012373   -0.014263
    2    2    0    3    2    0.261328   -0.058738
    2    2    0    4    2   -0.017965   -0.029087
    2    2    0    5    2    0.005481   -0.026868
    2    2    0    6    2   -0.086894   -0.045880
    2    2    0    7    2    0.053800   -0.029077
    2    2    0    8    2    0.071870    0.046524
    2    2    0    9    2    0.146471    0.057520
    2    2    0   10    2   -0.248756   -0.092149
    2    2    0   11    2    0.050763   -0.073227
    2    2    0    1    3    0.068697   -0.022633
    2    2    0    2    3    0.005466   -0.006301
    2    2    0    3    3    0.032928    0.019759
    2    2    0    4    3    0.055833   -0.035839
    2    2    0    5    3    0.005881    0.009514
    2    2    0    6    3    0.029072   -0.087020
    2    2    0    7    3   -0.002134   -0.040011
    2    2    0    8    3    0.057747   -0.004334
    2    2    0    9    3    0.073544    0.023767
    2    2    0   10    3   -0.115509   -0.038390
    2    2    0   11    3   -0.002275    0.034436
    2    2    0    1    4    0.064360    0.004790
    2    2    0    2    4    0.008492    0.024223
    2    2    0    3    4    0.002178   -0.028453
    2    2    0    4    4    0.039898    0.039248
    2    2    0    5    4    0.023775    0.040756
    2    2    0    6    4   -0.071022    0.056433
    2    2    0    7    4   -0.002225   -0.024753
    2    2    0    8    4   -0.052531   -0.026268
    2    2    0    9    4   -0.152748   -0.056495
    2    2    0   10    4    0.107178   -0.027102
    2    2    0   11    4   -0.012488    0.062444
    2    2    0    1    5    0.006750   -0.025912
    2    2    0    2    5   -0.039713    0.048703
    2    2    0    3    5   -0.088120   -0.014803
    2    2    0    4    5    0.098748    0.002292
    2    2    0    5    5    0.065433    0.034640
    2    2    0    6    5    0.049477    0.059515
    2    2    0    7    5    0.032509    0.102463
    2    2    0    8    5   -0.050310   -0.002126
    2    2    0    9    5   -0.118781   -0.092582
    2    2    0   10    5    0.115192   -0.154506
    2    2    0   11    5   -0.003999    0.052805
    2    2    0    1    6    0.045094   -0.020977
    2    2    0    2    6    0.055654    0.023712
    2    2    0    3    6   -0.015959   -0.051113
    2    2    0    4    6    0.092286    0.008764
    2    2    0    5    6    0.038738   -0.083014
    2    2    0    6    6    0.118481   -0.019536
    2    2    0    7    6   -0.016367   -0.077345
    2    2    0    8    6    0.011458    0.017955
    2    2    0    9    6    0.032140   -0.003248
    2    2    0   10    6   -0.019814   -0.017895
    2    2    0   11    6    0.000870   -0.028246
    2    2    0    1    7   -0.048220   -0.004506
    2    2    0    2    7    0.052303    0.001247
    2    2    0    3    7    0.044081   -0.070388
    2    2    0    4    7   -0.072170    0.028221
    2    2    0    5    7    0.023149    0.008731
    2    2    0    6    7   -0.095770    0.117261
    2    2    0    7    7   -0.049714   -0.029856
    2    2    0    8    7    0.027465    0.029804
    2    2    0    9    7    0.091633   -0.031506
    2    2    0   10    7   -0.266949   -0.019075
    2    2    0   11    7   -0.030441   -0.008424
    2    2    0    1    8   -0.040205   -0.036580
    2    2    0    2    8   -0.050103   -0.022624
    2    2    0    3    8   -0.012826   -0.017503
    2    2    0    4    8    0.035240    0.015497
    2    2    0    5    8   -0.031778   -0.076968
    2    2    0    6    8    0.054886    0.048055
    2    2    0    7    8    0.038536   -0.051630
    2    2    0    8    8    0.089673    0.000054
    2    2    0    9    8   -0.007764   -0.134123
    2    2    0   10    8    0.139824   -0.045792
    2    2    0   11    8    0.087207   -0.000164
    2    2    0    1    9   -0.032041   -0.012464
    2    2    0    2    9   -0.063011   -0.009772
    2    2    0    3    9    0.069364    0.045470
    2    2    0    4    9   -0.007562   -0.039083
    2    2    0    5    9   -0.041415   -0.037829
    2    2    0    6    9   -0.015510   -0.052589
    2    2    0    7    9   -0.035040    0.031120
    2    2    0    8    9   -0.021639   -0.023890
    2    2    0    9    9   -0.094707    0.033188
    2    2    0   10    9    0.159280   -0.034941
    2    2    0   11    9    0.017791    0.016282
    2    2    0    1   10   -0.016023   -0.018318
    2    2    0    2   10   -0.036364   -0.031381
    2    2    0    3   10    0.061429    0.037513
    2    2    0    4   10    0.058108    0.036043
    2    2    0    5   10   -0.057152   -0.040682
    2    2    0    6   10   -0.009151   -0.019057
    2    2    0    7   10   -0.010186   -0.032809
    2    2    0    8   10   -0.001770   -0.010063
    2    2    0    9   10    0.027200   -0.023055
    2    2    0   10   10   -0.031760    0.002493
    2    2    0   11   10   -0.032630    0.004458
    2    2    0    1   11   -0.031679    0.115236
    2    2    0    2   11    0.006325   -0.011594
    2    2    0    3   11    0.072007    0.080473
    2    2    0    4   11   -0.011792    0.050774
    2    2    0    5   11   -0.032656    0.048987
    2    2    0    6   11    0.074475   -0.000808
    2    2    0    7   11    0.200872   -0.036233
    2    2    0    8   11   -0.048055    0.003286
    2    2    0    9   11    0.079241    0.049746
    2    2    0   10   11    0.102965    0.081460
    2    2    0   11   11    0.018756   -0.086404
    2    3    0    1    1    0.061964   -0.020360
    2    3    0    2    1   -0.007027   -0.007737
    2    3    0    3    1    0.024827    0.004624
    2    3    0    4    1   -0.027092   -0.002114
    2    3    0    5    1    0.021357    0.005995
    2    3    0    6    1   -0.014636    0.008981
    2    3    0    7    1   -0.073079   -0.012158
    2    3    0    8    1   -0.014270   -0.004502
    2    3    0    9    1    0.009548    0.032066
    2    3    0   10    1    0.115256   -0.008964
    2    3    0   11    1   -0.006267   -0.024709
    2    3    0    1    2    0.015738    0.057714
    2    3    0    2    2    0.016193   -0.007870
    2    3    0    3    2   -0.023055   -0.033893
    2    3    0    4    2    0.021545   -0.001201
    2    3    0    5    2   -0.003798   -0.025556
    2    3    0    6    2    0.012405    0.053349
    2    3    0    7    2    0.003441    0.036937
    2    3    0    8    2   -0.064963    0.044820
    2    3    0    9    2    0.113716    0.053861
    2    3    0   10    2    0.219150    0.003880
    2    3    0   11    2   -0.077221   -0.091442
    2    3    0    1    3   -0.018460   -0.013767
    2    3    0    2    3   -0.004550   -0.033430
    2    3    0    3    3    0.064776   -0.004457
    2    3    0    4    3   -0.046467   -0.018140
    2    3    0    5    3    0.001636   -0.012942
    2    3    0    6    3   -0.035995    0.003715
    2    3    0    7    3   -0.024128    0.012519
    2    3    0    8    3   -0.041439   -0.002696
    2    3    0    9    3    0.098764   -0.001967
    2    3    0   10    3    0.031900   -0.020881
    2    3    0   11    3   -0.026518    0.012611
    2    3    0    1    4    0.020829    0.014999
    2    3    0    2    4   -0.007891   -0.001702
    2    3    0    3    4   -0.058522    0.027400
    2    3    0    4    4   -0.025683    0.013336
    2    3    0    5    4    0.015969   -0.017747
    2    3    0    6    4    0.054707   -0.008543
    2    3    0    7    4    0.044805    0.007327
    2    3    0    8    4    0.053863   -0.046894
    2    3    0    9    4    0.011762    0.007918
    2    3    0   10    4   -0.165020   -0.005662
    2    3    0   11    4   -0.044739    0.041533
    2    3    0    1    5    0.007098    0.022854
    2    3    0    2    5    0.009220   -0.025163
    2    3    0    3    5    0.020639    0.041046
    2    3    0    4    5   -0.030356   -0.025773
    2    3    0    5    5   -0.010664    0.003057
    2    3    0    6    5   -0.111025    0.003631
    2    3    0    7    5    0.060611   -0.036603
    2    3    0    8    5   -0.011974    0.023094
    2    3    0    9    5    0.043625    0.016663
    2    3    0   10    5   -0.346236    0.051518
    2    3    0   11    5    0.095301   -0.047887
    2    3    0    1    6    0.032300    0.000849
    2    3    0    2    6   -0.039845   -0.001770
    2    3    0    3    6   -0.052945   -0.008112
    2    3    0    4    6    0.027254    0.011807
    2    3    0    5    6   -0.004366    0.001249
    2    3    0    6    6    0.012738    0.011386
    2    3    0    7    6    0.003177    0.029497
    2    3    0    8    6    0.002168   -0.004842
    2    3    0    9    6   -0.019935    0.024141
    2    3    0   10    6    0.013447    0.003179
    2    3    0   11    6   -0.006187    0.025030
    2    3    0    1    7    0.040819    0.038058
    2    3    0    2    7   -0.031093   -0.012545
    2    3    0    3    7    0.021319    0.019282
    2    3    0    4    7    0.030897   -0.028821
    2    3    0    5    7   -0.025483    0.006602
    2    3    0    6    7    0.007413   -0.020059
    2    3    0    7    7    0.056067   -0.021597
    2    3    0    8    7    0.010126    0.018726
    2    3    0    9    7    0.030080    0.035143
    2    3    0   10    7    0.066413    0.024245
    2    3    0   11    7    0.026007   -0.039873
    2    3    0    1    8    0.020303    0.013136
    2    3    0    2    8    0.040535    0.064277
    2    3    0    3    8   -0.063178   -0.037254
    2    3    0    4    8    0.106621    0.017356
    2    3    0    5    8    0.032032    0.047070
    2    3    0    6    8    0.032047    0.009298
    2    3    0    7    8   -0.012372   -0.010749
    2    3    0    8    8   -0.008027    0.002955
    2    3    0    9    8   -0.053303    0.032742
    2    3    0   10    8   -0.092190   -0.051476
    2    3    0   11    8   -0.011995   -0.022022
    2    3    0    1    9    0.027175    0.012011
    2    3    0    2    9    0.009355    0.010308
    2    3    0    3    9   -0.037187    0.019631
    2    3    0    4    9   -0.027326    0.070123
    2    3    0    5    9    0.029830    0.027073
    2    3    0    6    9   -0.001181   -0.021179
    2    3    0    7    9    0.036950    0.039035
    2    3    0    8    9   -0.014208   -0.004631
    2    3    0    9    9   -0.026318    0.017605
    2    3    0   10    9   -0.042585   -0.022680
    2    3    0   11    9    0.044580    0.010964
    2    3    0    1   10    0.006892   -0.006172
    2    3    0    2   10    0.008637    0.013250
    2    3    0    3   10   -0.002540    0.007249
    2    3    0    4   10   -0.058074    0.024871
    2    3    0    5   10    0.002407    0.016321
    2    3    0    6   10   -0.011072   -0.011305
    2    3    0    7   10    0.028424    0.000043
    2    3    0    8   10   -0.001616   -0.000501
    2    3    0    9   10   -0.023334   -0.003403
    2    3    0   10   10   -0.016204    0.013308
    2    3    0   11   10    0.013570   -0.009704
    2    3    0    1   11    0.023903   -0.034945
    2    3    0    2   11   -0.003912    0.009118
    2    3    0    3   11   -0.008234   -0.010777
    2    3    0    4   11   -0.049569    0.005164
    2    3    0    5   11    0.046525   -0.018502
    2    3    0    6   11    0.035501   -0.073101
    2    3    0    7   11   -0.070522   -0.083492
    2    3    0    8   11    0.045010    0.008763
    2    3    0    9   11   -0.027065   -0.053917
    2    3    0   10   11    0.113015    0.001740
    2    3    0   11   11   -0.116206   -0.007363
    2    4    0    1    1   -0.001529    0.000793
    2    4    0    2    1   -0.008289    0.000181
    2    4    0    3    1    0.001924    0.006602
    2    4    0    4    1   -0.001269   -0.015798
    2    4    0    5    1   -0.005702   -0.009271
    2    4    0    6    1    0.025386   -0.009552
    2    4    0    7    1   -0.025021   -0.015908
    2    4    0    8    1    0.006093   -0.007422
    2    4    0    9    1   -0.052833   -0.009011
    2    4    0   10    1    0.067164    0.027547
    2    4    0   11    1   -0.011589    0.017338
    2    4    0    1    2    0.036790    0.002525
    2    4    0    2    2    0.019925    0.015083
    2    4    0    3    2   -0.004266    0.020911
    2    4    0    4    2   -0.002193   -0.012953
    2    4    0    5    2    0.001077   -0.007553
    2    4    0    6    2    0.000430    0.040252
    2    4    0    7    2   -0.052086   -0.069961
    2    4    0    8    2   -0.004410   -0.001439
    2    4    0    9    2   -0.016417    0.011809
    2    4    0   10    2    0.010373    0.032933
    2    4    0   11    2   -0.024785   -0.034701
    2    4    0    1    3   -0.002382   -0.031675
    2    4    0    2    3   -0.005416   -0.013290
    2    4    0    3    3    0.017615   -0.005406
    2    4    0    4    3   -0.001531   -0.001522
    2    4    0    5    3   -0.000378    0.007314
    2    4    0    6    3   -0.081245   -0.014351
    2    4    0    7    3   -0.005008    0.009008
    2    4    0    8    3   -0.023925    0.001513
    2    4    0    9    3    0.016925   -0.038079
    2    4    0   10    3    0.021479   -0.009155
    2    4    0   11    3    0.050142    0.002425
    2    4    0    1    4    0.017354   -0.023072
    2    4    0    2    4    0.001596    0.014595
    2    4    0    3    4    0.013052    0.020886
    2    4    0    4    4   -0.033812    0.012486
    2    4    0    5    4   -0.027822   -0.031419
    2    4    0    6    4    0.054825   -0.018018
    2    4    0    7    4   -0.062738   -0.005113
    2    4    0    8    4    0.027618   -0.036984
    2    4    0    9    4    0.038256   -0.050597
    2    4    0   10    4   -0.022479    0.007710
    2    4    0   11    4   -0.031727    0.068371
    2    4    0    1    5    0.012482    0.061271
    2    4    0    2    5    0.005722    0.017565
    2    4    0    3    5    0.020171   -0.020495
    2    4    0    4    5    0.002523   -0.007004
    2    4    0    5    5   -0.016118   -0.022549
    2    4    0    6    5    0.045798    0.008598
    2    4    0    7    5   -0.051680   -0.052557
    2    4    0    8    5   -0.011098    0.008068
    2    4    0    9    5    0.035869    0.015713
    2    4    0   10    5    0.161909    0.115264
    2    4    0   11    5   -0.037947   -0.007678
    2    4    0    1    6   -0.017527    0.005413
    2    4    0    2    6    0.007607   -0.024192
    2    4    0    3    6   -0.013209   -0.002074
    2    4    0    4    6    0.028961   -0.024028
    2    4    0    5    6   -0.016317   -0.010235
    2    4    0    6    6   -0.019532    0.005442
    2    4    0    7    6    0.007032    0.019108
    2    4    0    8    6   -0.003746   -0.008649
    2    4    0    9    6    0.013459    0.016148
    2    4    0   10    6   -0.016980    0.017117
    2    4    0   11    6   -0.025791   -0.017300
    2    4    0    1    7    0.016498    0.007007
    2    4    0    2    7   -0.011499    0.005886
    2    4    0    3    7    0.025507    0.021263
    2    4    0    4    7   -0.000215   -0.007998
    2    4    0    5    7   -0.016175   -0.010737
    2    4    0    6    7    0.024107   -0.014176
    2    4    0    7    7   -0.012708   -0.023462
    2    4    0    8    7    0.001801   -0.008882
    2    4    0    9    7   -0.014039    0.014687
    2    4    0   10    7    0.027910    0.002849
    2    4    0   11    7    0.018003    0.003459
    2    4    0    1    8   -0.020780    0.013424
    2    4    0    2    8   -0.017417   -0.003408
    2    4    0    3    8    0.024808    0.044632
    2    4    0    4    8   -0.012652   -0.035499
    2    4    0    5    8   -0.047726   -0.042595
    2    4    0    6    8   -0.017905   -0.007367
    2    4    0    7    8   -0.004898   -0.003508
    2    4    0    8    8    0.004983    0.000247
    2    4    0    9    8    0.043443    0.037153
    2    4    0   10    8   -0.030067   -0.004379
    2    4    0   11    8   -0.037802    0.002847
    2    4    0    1    9   -0.018495    0.007847
    2    4    0    2    9   -0.005027   -0.008349
    2    4    0    3    9    0.032817   -0.010662
    2    4    0    4    9    0.022494    0.022332
    2    4    0    5    9   -0.017420    0.012363
    2    4    0    6    9   -0.007255    0.003635
    2    4    0    7    9   -0.000704   -0.017500
    2    4    0    8    9   -0.000160    0.003182
    2    4    0    9    9    0.005205   -0.011223
    2    4    0   10    9   -0.019318    0.001268
    2    4    0   11    9   -0.016646   -0.008184
    2    4    0    1   10   -0.018065    0.003858
    2    4    0    2   10    0.007697   -0.001856
    2    4    0    3   10    0.019056   -0.001137
    2    4    0    4   10   -0.011901    0.006645
    2    4    0    5   10    0.000772   -0.017430
    2    4    0    6   10    0.001348    0.011288
    2    4    0    7   10    0.001477    0.007576
    2    4    0    8   10    0.002964   -0.000642
    2    4    0    9   10    0.009154    0.014039
    2    4    0   10   10   -0.000635   -0.000832
    2    4    0   11   10    0.020844   -0.001294
    2    4    0    1   11    0.027766   -0.023453
    2    4    0    2   11   -0.021174    0.014914
    2    4    0    3   11   -0.053939    0.010950
    2    4    0    4   11   -0.083584   -0.001899
    2    4    0    5   11   -0.014382   -0.027259
    2    4    0    6   11    0.017264    0.001169
    2    4    0    7   11   -0.022836    0.032883
    2    4    0    8   11   -0.004815   -0.024808
    2    4    0    9   11   -0.030275   -0.034562
    2    4    0   10   11   -0.053520   -0.013808
    2    4    0   11   11    0.043027    0.029422
    2    5    0    1    1   -0.049375   -0.005560
    2    5    0    2    1   -0.003199   -0.008887
    2    5    0    3    1   -0.009589   -0.012537
    2    5    0    4    1   -0.007303   -0.001228
    2    5    0    5    1   -0.003278   -0.002266
    2    5    0    6    1   -0.009587    0.019440
    2    5    0    7    1    0.033684    0.038879
    2    5    0    8    1   -0.003187    0.001494
    2    5    0    9    1   -0.031154   -0.018501
    2    5    0   10    1   -0.036243   -0.001250
    2    5    0   11    1    0.008823    0.014246
    2    5    0    1    2   -0.012804   -0.020543
    2    5    0    2    2    0.016644    0.022847
    2    5    0    3    2   -0.004497    0.022699
    2    5    0    4    2   -0.006501   -0.019282
    2    5    0    5    2   -0.002356    0.010038
    2    5    0    6    2    0.042734    0.006092
    2    5    0    7    2   -0.046479   -0.007183
    2    5    0    8    2    0.024084   -0.017130
    2    5    0    9    2   -0.028672   -0.023962
    2    5    0   10    2   -0.035906   -0.019302
    2    5    0   11    2   -0.005381    0.036603
    2    5    0    1    3    0.004016   -0.003767
    2    5    0    2    3    0.013880   -0.011341
    2    5    0    3    3    0.002968   -0.001319
    2    5    0    4    3   -0.001452   -0.001475
    2    5    0    5    3    0.026241    0.015056
    2    5    0    6    3    0.021598    0.002390
    2    5    0    7    3    0.001192    0.011300
    2    5    0    8    3   -0.004181   -0.000309
    2    5    0    9    3   -0.039522   -0.031470
    2    5    0   10    3   -0.003444   -0.001902
    2    5    0   11    3    0.012701   -0.002742
    2    5    0    1    4   -0.015300   -0.026940
    2    5    0    2    4    0.001613   -0.028937
    2    5    0    3    4   -0.010728    0.008458
    2    5    0    4    4    0.002591    0.008625
    2    5    0    5    4    0.000047    0.000550
    2    5    0    6    4   -0.010107   -0.045375
    2    5    0    7    4    0.004767    0.015675
    2    5    0    8    4   -0.002457   -0.024610
    2    5    0    9    4   -0.009471   -0.021593
    2    5    0   10    4    0.004603   -0.010910
    2    5    0   11    4    0.016495    0.026049
    2    5    0    1    5    0.003720    0.009473
    2    5    0    2    5    0.000968    0.020568
    2    5    0    3    5   -0.022216    0.009823
    2    5    0    4    5    0.012618    0.014011
    2    5    0    5    5    0.003816   -0.014522
    2    5    0    6    5    0.001776    0.026116
    2    5    0    7    5   -0.010627   -0.021684
    2    5    0    8    5   -0.002024   -0.021412
    2    5    0    9    5   -0.032245    0.001243
    2    5    0   10    5   -0.005834    0.012727
    2    5    0   11    5   -0.030802   -0.017498
    2    5    0    1    6   -0.019116   -0.002961
    2    5    0    2    6   -0.013245    0.011836
    2    5    0    3    6   -0.004827   -0.000103
    2    5    0    4    6    0.001805   -0.031087
    2    5    0    5    6   -0.006473    0.011201
    2    5    0    6    6   -0.001689    0.000403
    2    5    0    7    6   -0.000127    0.010850
    2    5    0    8    6   -0.000462   -0.007230
    2    5    0    9    6   -0.000557   -0.017008
    2    5    0   10    6   -0.014887    0.012146
    2    5    0   11    6    0.019369   -0.004687
    2    5    0    1    7    0.001255   -0.028211
    2    5    0    2    7   -0.005995    0.004908
    2    5    0    3    7    0.007182    0.015407
    2    5    0    4    7    0.010366   -0.002256
    2    5    0    5    7    0.000897   -0.020756
    2    5    0    6    7   -0.007980    0.008550
    2    5    0    7    7   -0.028462    0.001620
    2    5    0    8    7   -0.015020   -0.008086
    2    5    0    9    7   -0.017374   -0.003214
    2    5    0   10    7   -0.005773    0.002803
    2    5    0   11    7   -0.017772    0.010983
    2    5    0    1    8    0.003314   -0.006498
    2    5    0    2    8   -0.017041   -0.003276
    2    5    0    3    8    0.014302    0.001988
    2    5    0    4    8    0.006290   -0.009288
    2    5    0    5    8   -0.005742   -0.037013
    2    5    0    6    8    0.004309   -0.009030
    2    5    0    7    8   -0.002628    0.003570
    2    5    0    8    8    0.001121   -0.001515
    2    5    0    9    8    0.021052   -0.000657
    2    5    0   10    8    0.001715    0.001008
    2    5    0   11    8   -0.007051    0.007260
    2    5    0    1    9   -0.024304   -0.006289
    2    5    0    2    9    0.019904   -0.000455
    2    5    0    3    9    0.006629   -0.016861
    2    5    0    4    9    0.002961    0.010721
    2    5    0    5    9    0.015698    0.023931
    2    5    0    6    9    0.017594   -0.015722
    2    5    0    7    9   -0.010896    0.003653
    2    5    0    8    9    0.004120    0.002818
    2    5    0    9    9   -0.001735   -0.000509
    2    5    0   10    9    0.007459   -0.002157
    2    5    0   11    9    0.009545   -0.006659
    2    5    0    1   10    0.001673   -0.005270
    2    5    0    2   10    0.006292   -0.010565
    2    5    0    3   10    0.017943   -0.021098
    2    5    0    4   10    0.007653   -0.004097
    2    5    0    5   10    0.018846    0.016713
    2    5    0    6   10   -0.003376    0.003895
    2    5    0    7   10   -0.015880   -0.006589
    2    5    0    8   10    0.000557    0.003275
    2    5    0    9   10    0.000693   -0.000587
    2    5    0   10   10    0.001194   -0.000800
    2    5    0   11   10   -0.009474    0.005011
    2    5    0    1   11   -0.022087    0.016374
    2    5    0    2   11   -0.005331    0.022454
    2    5    0    3   11    0.009279   -0.012948
    2    5    0    4   11   -0.043497   -0.001326
    2    5    0    5   11   -0.017571    0.022062
    2    5    0    6   11   -0.031614    0.009716
    2    5    0    7   11    0.044113    0.018097
    2    5    0    8   11   -0.036576   -0.009901
    2    5    0    9   11   -0.020333   -0.012921
    2    5    0   10   11   -0.021133    0.009904
    2    5    0   11   11    0.054003   -0.009272
    2    6    0    1    1    0.013665    0.005751
    2    6    0    2    1    0.013588    0.005472
    2    6    0    3    1   -0.004704    0.000175
    2    6    0    4    1   -0.002965    0.012044
    2    6    0    5    1   -0.019088    0.023694
    2    6    0    6    1   -0.005117   -0.000708
    2    6    0    7    1    0.018114    0.012266
    2    6    0    8    1   -0.010008   -0.014243
    2    6    0    9    1    0.030534    0.018992
    2    6    0   10    1   -0.004998   -0.026508
    2    6    0   11    1    0.011020   -0.009001
    2    6    0    1    2   -0.018126   -0.020740
    2    6    0    2    2   -0.020809    0.004499
    2    6    0    3    2    0.010678    0.015425
    2    6    0    4    2    0.010948    0.015224
    2    6    0    5    2   -0.016157    0.012111
    2    6    0    6    2   -0.003915   -0.020649
    2    6    0    7    2    0.012446    0.024162
    2    6    0    8    2    0.010575   -0.004893
    2    6    0    9    2   -0.006292   -0.011938
    2    6    0   10    2   -0.014003   -0.003345
    2    6    0   11    2    0.038348    0.036192
    2    6    0    1    3   -0.004069   -0.002305
    2    6    0    2    3   -0.010848    0.010002
    2    6    0    3    3   -0.011871   -0.009187
    2    6    0    4    3    0.006359    0.013821
    2    6    0    5    3    0.013541   -0.005617
    2    6    0    6    3    0.008771    0.014253
    2    6    0    7    3   -0.006566    0.015470
    2    6    0    8    3   -0.003517    0.010150
    2    6    0    9    3   -0.029344   -0.012719
    2    6    0   10    3   -0.029544    0.014651
    2    6    0   11    3   -0.020007   -0.015811
    2    6    0    1    4    0.003077    0.006329
    2    6    0    2    4    0.017332   -0.008499
    2    6    0    3    4    0.014097    0.006324
    2    6    0    4    4    0.015067    0.007201
    2    6    0    5    4   -0.000134    0.017691
    2    6    0    6    4   -0.018919   -0.032452
    2    6    0    7    4    0.012457    0.004072
    2    6    0    8    4   -0.014538   -0.000439
    2    6    0    9    4   -0.014226   -0.000741
    2    6    0   10    4   -0.010469    0.003293
    2    6    0   11    4    0.056918   -0.014952
    2    6    0    1    5    0.011075   -0.004472
    2    6    0    2    5   -0.008000   -0.003235
    2    6    0    3    5   -0.011340    0.003656
    2    6    0    4    5    0.008617    0.001801
    2    6    0    5    5    0.027974   -0.016912
    2    6    0    6    5   -0.007057    0.009625
    2    6    0    7    5    0.015996   -0.009662
    2    6    0    8    5    0.035270    0.002970
    2    6    0    9    5   -0.006352    0.025950
    2    6    0   10    5   -0.022359   -0.028712
    2    6    0   11    5   -0.011429    0.002656
    2    6    0    1    6    0.000970   -0.000863
    2    6    0    2    6    0.004145    0.010172
    2    6    0    3    6    0.004685    0.013162
    2    6    0    4    6   -0.015481   -0.031322
    2    6    0    5    6   -0.022058    0.025491
    2    6    0    6    6   -0.000182    0.001704
    2    6    0    7    6   -0.001476   -0.000566
    2    6    0    8    6   -0.006382   -0.002442
    2    6    0    9    6   -0.004946   -0.007955
    2    6    0   10    6   -0.009789   -0.002895
    2    6    0   11    6    0.019607    0.012415
    2    6    0    1    7   -0.014609   -0.001955
    2    6    0    2    7    0.018382   -0.010136
    2    6    0    3    7    0.003092   -0.002434
    2    6    0    4    7    0.008533   -0.012220
    2    6    0    5    7    0.019737   -0.014131
    2    6    0    6    7   -0.009881    0.003380
    2    6    0    7    7    0.020346    0.033254
    2    6    0    8    7   -0.005092    0.002778
    2    6    0    9    7   -0.000532   -0.008948
    2    6    0   10    7   -0.004533   -0.007176
    2    6    0   11    7    0.001819    0.007163
    2    6    0    1    8    0.012689    0.004350
    2    6    0    2    8   -0.000353   -0.019295
    2    6    0    3    8    0.010225   -0.001033
    2    6    0    4    8   -0.021123   -0.013550
    2    6    0    5    8    0.000961   -0.004780
    2    6    0    6    8    0.006194   -0.005182
    2    6    0    7    8    0.008284    0.000652
    2    6    0    8    8   -0.000401   -0.000076
    2    6    0    9    8    0.005928   -0.007064
    2    6    0   10    8    0.005799    0.001846
    2    6    0   11    8    0.027702    0.002986
    2    6    0    1    9    0.021005   -0.012168
    2    6    0    2    9    0.010707    0.000136
    2    6    0    3    9    0.012563   -0.008587
    2    6    0    4    9    0.009174   -0.014104
    2    6    0    5    9   -0.013286    0.004270
    2    6    0    6    9   -0.002958    0.005958
    2    6    0    7    9    0.009266   -0.001195
    2    6    0    8    9   -0.004268   -0.004159
    2    6    0    9    9   -0.000997   -0.005821
    2    6    0   10    9   -0.001790    0.002988
    2    6    0   11    9    0.012000   -0.003450
    2    6    0    1   10    0.014333    0.024869
    2    6    0    2   10   -0.001025    0.014811
    2    6    0    3   10    0.012725   -0.006892
    2    6    0    4   10    0.024257   -0.008350
    2    6    0    5   10   -0.023614    0.046383
    2    6    0    6   10    0.002641    0.004710
    2    6    0    7   10   -0.002063    0.002177
    2    6    0    8   10   -0.001687    0.000468
    2    6    0    9   10    0.000127    0.004544
    2    6    0   10   10   -0.000071    0.001057
    2    6    0   11   10   -0.009516   -0.019964
    2    6    0    1   11   -0.017818   -0.000027
    2    6    0    2   11    0.001806   -0.005054
    2    6    0    3   11   -0.003875   -0.010988
    2    6    0    4   11    0.025910    0.012547
    2    6    0    5   11    0.020934    0.036329
    2    6    0    6   11   -0.011245   -0.020273
    2    6    0    7   11   -0.002113    0.009357
    2    6    0    8   11    0.015528    0.000694
    2    6    0    9   11    0.001128   -0.001472
    2    6    0   10   11    0.025726   -0.003922
    2    6    0   11   11   -0.041581   -0.021470
    2    7    0    1    1    0.015355    0.026401
    2    7    0    2    1   -0.000268    0.010761
    2    7    0    3    1   -0.003462   -0.010062
    2    7    0    4    1    0.007532   -0.004137
    2    7    0    5    1   -0.007205    0.027540
    2    7    0    6    1    0.027853    0.001145
    2    7    0    7    1   -0.001760   -0.018288
    2    7    0    8    1    0.006399    0.012120
    2    7    0    9    1    0.007791    0.022575
    2    7    0   10    1    0.011430   -0.001882
    2    7    0   11    1   -0.014938   -0.002328
    2    7    0    1    2   -0.002226    0.002536
    2    7    0    2    2   -0.009864   -0.009006
    2    7    0    3    2    0.005250   -0.014394
    2    7    0    4    2   -0.006129   -0.000210
    2    7    0    5    2   -0.000364    0.000068
    2    7    0    6    2    0.014975   -0.011170
    2    7    0    7    2    0.022358    0.015256
    2    7    0    8    2   -0.004311    0.007562
    2    7    0    9    2   -0.003705   -0.004519
    2    7    0   10    2   -0.011744   -0.003343
    2    7    0   11    2    0.015591    0.015473
    2    7    0    1    3   -0.012174   -0.013906
    2    7    0    2    3   -0.008706    0.008639
    2    7    0    3    3   -0.011560   -0.004297
    2    7    0    4    3    0.001979    0.011090
    2    7    0    5    3    0.009678   -0.014203
    2    7    0    6    3   -0.001024    0.016807
    2    7    0    7    3    0.004055    0.008161
    2    7    0    8    3    0.002394    0.011996
    2    7    0    9    3   -0.015525   -0.003814
    2    7    0   10    3   -0.020611    0.004671
    2    7    0   11    3    0.001729   -0.017085
    2    7    0    1    4    0.008169    0.000145
    2    7    0    2    4    0.003874   -0.008965
    2    7    0    3    4    0.014151   -0.015197
    2    7    0    4    4    0.025738    0.007592
    2    7    0    5    4    0.002638    0.011252
    2    7    0    6    4   -0.019816   -0.009596
    2    7    0    7    4   -0.000684    0.000785
    2    7    0    8    4   -0.029498    0.007169
    2    7    0    9    4   -0.005949    0.011645
    2    7    0   10    4    0.012239   -0.002933
    2    7    0   11    4    0.051996   -0.011644
    2    7    0    1    5   -0.016751   -0.003823
    2    7    0    2    5    0.007844   -0.001488
    2    7    0    3    5   -0.007610    0.018609
    2    7    0    4    5   -0.003520    0.001937
    2    7    0    5    5   -0.011570   -0.016129
    2    7    0    6    5   -0.007937   -0.009997
    2    7    0    7    5    0.005582   -0.009764
    2    7    0    8    5    0.011075    0.007100
    2    7    0    9    5   -0.000188    0.026316
    2    7    0   10    5   -0.005008    0.003448
    2    7    0   11    5    0.007099    0.014757
    2    7    0    1    6    0.011376    0.010080
    2    7    0    2    6    0.007948    0.008836
    2    7    0    3    6   -0.007158   -0.007490
    2    7    0    4    6   -0.018166   -0.014557
    2    7    0    5    6    0.007635    0.014076
    2    7    0    6    6    0.004464   -0.006359
    2    7    0    7    6   -0.009296    0.000126
    2    7    0    8    6   -0.002459   -0.003800
    2    7    0    9    6    0.010026   -0.017186
    2    7    0   10    6    0.002992   -0.010292
    2    7    0   11    6   -0.011598   -0.009247
    2    7    0    1    7   -0.005410   -0.004922
    2    7    0    2    7    0.021154    0.019824
    2    7    0    3    7   -0.005469   -0.000443
    2    7    0    4    7    0.016337    0.000782
    2    7    0    5    7    0.007740    0.012010
    2    7    0    6    7    0.017337    0.009329
    2    7    0    7    7    0.034622   -0.006530
    2    7    0    8    7    0.014161    0.001396
    2    7    0    9    7    0.007153   -0.002249
    2    7    0   10    7    0.001883   -0.002364
    2    7    0   11    7   -0.000688   -0.021237
    2    7    0    1    8    0.003338    0.015017
    2    7    0    2    8    0.016713   -0.006574
    2    7    0    3    8    0.010378   -0.003507
    2    7    0    4    8   -0.029580   -0.018653
    2    7    0    5    8    0.005961    0.018132
    2    7    0    6    8   -0.000886   -0.000510
    2    7    0    7    8   -0.005465   -0.003838
    2    7    0    8    8   -0.001950    0.001249
    2    7    0    9    8   -0.005460   -0.004297
    2    7    0   10    8    0.003866    0.002675
    2    7    0   11    8    0.006556   -0.001962
    2    7    0    1    9    0.019127    0.008329
    2    7    0    2    9    0.000853    0.004802
    2    7    0    3    9   -0.011313   -0.006056
    2    7    0    4    9   -0.007955   -0.015755
    2    7    0    5    9   -0.013177    0.009473
    2    7    0    6    9   -0.004437    0.005801
    2    7    0    7    9   -0.005713   -0.007450
    2    7    0    8    9   -0.009892    0.003929
    2    7    0    9    9   -0.008034    0.002866
    2    7    0   10    9    0.002201    0.003807
    2    7    0   11    9   -0.002054    0.003720
    2    7    0    1   10   -0.014186    0.001878
    2    7    0    2   10   -0.010390    0.002372
    2    7    0    3   10   -0.005905   -0.011698
    2    7    0    4   10    0.021123   -0.003309
    2    7    0    5   10    0.000083   -0.007783
    2    7    0    6   10    0.002799    0.001171
    2    7    0    7   10    0.005619    0.005403
    2    7    0    8   10    0.000327   -0.000745
    2    7    0    9   10    0.004632   -0.005261
    2    7    0   10   10   -0.000986   -0.000748
    2    7    0   11   10   -0.000453    0.011644
    2    7    0    1   11    0.012221   -0.007229
    2    7    0    2   11    0.017659   -0.035873
    2    7    0    3   11   -0.009735   -0.008775
    2    7    0    4   11    0.037810    0.039821
    2    7    0    5   11    0.033863    0.008391
    2    7    0    6   11    0.030716    0.004145
    2    7    0    7   11   -0.018335   -0.012275
    2    7    0    8   11    0.014777    0.020126
    2    7    0    9   11    0.003043   -0.000194
    2    7    0   10   11   -0.007476   -0.001268
    2    7    0   11   11   -0.035918    0.004960
    3   -4    0    1    1   -0.005543    0.007328
    3   -4    0    2    1   -0.004584   -0.009390
    3   -4    0    3    1   -0.001774   -0.000713
    3   -4    0    4    1   -0.010344    0.020012
    3   -4    0    5    1   -0.008344    0.005573
    3   -4    0    6    1   -0.003742    0.005882
    3   -4    0    7    1    0.003474    0.016066
    3   -4    0    8    1   -0.003948    0.007265
    3   -4    0    9    1    0.014207    0.016401
    3   -4    0   10    1   -0.009327   -0.003980
    3   -4    0   11    1   -0.009268   -0.017709
    3   -4    0    1    2   -0.011878   -0.009973
    3   -4    0    2    2   -0.011150    0.002776
    3   -4    0    3    2    0.002162    0.004171
    3   -4    0    4    2    0.001127    0.004871
    3   -4    0    5    2   -0.013594    0.002261
    3   -4    0    6    2   -0.000161   -0.017358
    3   -4    0    7    2    0.000367    0.020943
    3   -4    0    8    2   -0.000402    0.000882
    3   -4    0    9    2    0.006276   -0.013754
    3   -4    0   10    2    0.005815   -0.012271
    3   -4    0   11    2    0.002955    0.025136
    3   -4    0    1    3   -0.013665    0.012472
    3   -4    0    2    3   -0.009680    0.014655
    3   -4    0    3    3   -0.007054   -0.001730
    3   -4    0    4    3    0.004740    0.008936
    3   -4    0    5    3    0.005960   -0.003991
    3   -4    0    6    3    0.001803   -0.000414
    3   -4    0    7    3   -0.011021    0.000649
    3   -4    0    8    3   -0.014507    0.003008
    3   -4    0    9    3   -0.024554   -0.006901
    3   -4    0   10    3   -0.020737   -0.000159
    3   -4    0   11    3   -0.008729   -0.008781
    3   -4    0    1    4    0.015126   -0.006136
    3   -4    0    2    4    0.010281   -0.001280
    3   -4    0    3    4    0.002317    0.007903
    3   -4    0    4    4    0.012141    0.003178
    3   -4    0    5    4   -0.004638    0.017186
    3   -4    0    6    4   -0.017601   -0.008918
    3   -4    0    7    4    0.002769    0.000972
    3   -4    0    8    4   -0.006932    0.003503
    3   -4    0    9    4   -0.005130   -0.001044
    3   -4    0   10    4   -0.013096   -0.007794
    3   -4    0   11    4    0.041448   -0.007537
    3   -4    0    1    5    0.005532   -0.001671
    3   -4    0    2    5   -0.006942   -0.006416
    3   -4    0    3    5   -0.014283    0.005591
    3   -4    0    4    5    0.003911    0.003091
    3   -4    0    5    5    0.013904    0.012709
    3   -4    0    6    5    0.004225    0.011857
    3   -4    0    7    5    0.009546    0.010674
    3   -4    0    8    5    0.013462    0.005440
    3   -4    0    9    5   -0.015184    0.001920
    3   -4    0   10    5    0.016699   -0.030577
    3   -4    0   11    5   -0.010710   -0.011624
    3   -4    0    1    6    0.023751   -0.011094
    3   -4    0    2    6   -0.003987    0.020724
    3   -4    0    3    6   -0.006172    0.005671
    3   -4    0    4    6   -0.012209   -0.030806
    3   -4    0    5    6    0.004722    0.010533
    3   -4    0    6    6    0.006562   -0.007209
    3   -4    0    7    6    0.010030    0.010564
    3   -4    0    8    6    0.002053    0.001114
    3   -4    0    9    6   -0.006333   -0.015580
    3   -4    0   10    6   -0.012113   -0.009141
    3   -4    0   11    6    0.027322   -0.004720
    3   -4    0    1    7    0.012071   -0.020898
    3   -4    0    2    7    0.025411    0.010571
    3   -4    0    3    7    0.013564    0.004513
    3   -4    0    4    7    0.023755   -0.005197
    3   -4    0    5    7    0.020654    0.016841
    3   -4    0    6    7    0.000053   -0.003971
    3   -4    0    7    7    0.015989    0.039448
    3   -4    0    8    7   -0.007415   -0.003359
    3   -4    0    9    7   -0.004757   -0.007410
    3   -4    0   10    7    0.002676   -0.007438
    3   -4    0   11    7    0.015342   -0.001524
    3   -4    0    1    8    0.003503   -0.026730
    3   -4    0    2    8    0.004379   -0.020543
    3   -4    0    3    8    0.006604    0.005240
    3   -4    0    4    8   -0.019209   -0.006674
    3   -4    0    5    8    0.003737   -0.005122
    3   -4    0    6    8   -0.002205    0.005593
    3   -4    0    7    8    0.006746    0.001775
    3   -4    0    8    8    0.001942    0.000111
    3   -4    0    9    8   -0.002774   -0.006301
    3   -4    0   10    8   -0.001460   -0.001189
    3   -4    0   11    8    0.020533    0.010227
    3   -4    0    1    9    0.012185    0.016172
    3   -4    0    2    9    0.000635    0.001879
    3   -4    0    3    9   -0.000571    0.009990
    3   -4    0    4    9   -0.003540   -0.000039
    3   -4    0    5    9   -0.007106   -0.008199
    3   -4    0    6    9    0.005709   -0.004231
    3   -4    0    7    9    0.006031    0.002810
    3   -4    0    8    9    0.002167   -0.004415
    3   -4    0    9    9    0.000713   -0.005815
    3   -4    0   10    9   -0.000824    0.003490
    3   -4    0   11    9    0.007229   -0.002882
    3   -4    0    1   10   -0.019044   -0.014915
    3   -4    0    2   10   -0.015528    0.004403
    3   -4    0    3   10    0.008233   -0.002994
    3   -4    0    4   10    0.009150   -0.003803
    3   -4    0    5   10   -0.026508    0.015429
    3   -4    0    6   10    0.002558    0.001380
    3   -4    0    7   10    0.001688   -0.006846
    3   -4    0    8   10   -0.001094    0.002365
    3   -4    0    9   10   -0.002487    0.000899
    3   -4    0   10   10   -0.000233    0.002109
    3   -4    0   11   10    0.004268   -0.000705
    3   -4    0    1   11   -0.013358   -0.001012
    3   -4    0    2   11    0.001567   -0.003344
    3   -4    0    3   11   -0.012091   -0.027564
    3   -4    0    4   11    0.021253    0.016819
    3   -4    0    5   11    0.000709    0.032274
    3   -4    0    6   11    0.015443    0.019632
    3   -4    0    7   11   -0.023209    0.011141
    3   -4    0    8   11    0.007442    0.010435
    3   -4    0    9   11   -0.003245    0.011659
    3   -4    0   10   11    0.016134   -0.011974
    3   -4    0   11   11   -0.027620   -0.052905
    3   -3    0    1    1    0.029592   -0.010837
    3   -3    0    2    1    0.006689    0.009215
    3   -3    0    3    1    0.003787    0.010301
    3   -3    0    4    1   -0.011873   -0.001893
    3   -3    0    5    1   -0.018552    0.000950
    3   -3    0    6    1   -0.008383    0.009805
    3   -3    0    7    1   -0.031424   -0.020872
    3   -3    0    8    1   -0.006620   -0.011332
    3   -3    0    9    1   -0.002477    0.010805
    3   -3    0   10    1    0.020283   -0.005391
    3   -3    0   11    1    0.009721   -0.025540
    3   -3    0    1    2    0.008841   -0.004857
    3   -3    0    2    2   -0.010073   -0.019639
    3   -3    0    3    2    0.011090   -0.019218
    3   -3    0    4    2   -0.005970    0.009442
    3   -3    0    5    2    0.004788    0.001683
    3   -3    0    6    2    0.010918   -0.005999
    3   -3    0    7    2    0.016039    0.021593
    3   -3    0    8    2   -0.002291    0.003874
    3   -3    0    9    2   -0.001950    0.004644
    3   -3    0   10    2   -0.000850    0.001860
    3   -3    0   11    2    0.015140    0.009936
    3   -3    0    1    3   -0.005392   -0.004066
    3   -3    0    2    3   -0.016508   -0.003203
    3   -3    0    3    3   -0.013456   -0.002391
    3   -3    0    4    3    0.012833    0.006448
    3   -3    0    5    3    0.009518   -0.005750
    3   -3    0    6    3   -0.010321    0.013488
    3   -3    0    7    3    0.012341   -0.001233
    3   -3    0    8    3   -0.010462    0.014695
    3   -3    0    9    3   -0.014495   -0.014036
    3   -3    0   10    3   -0.028183    0.002722
    3   -3    0   11    3   -0.007877   -0.008743
    3   -3    0    1    4    0.017053    0.017480
    3   -3    0    2    4    0.004380   -0.006933
    3   -3    0    3    4    0.016534   -0.008771
    3   -3    0    4    4    0.021555    0.022200
    3   -3    0    5    4    0.002848    0.012591
    3   -3    0    6    4   -0.019230    0.000176
    3   -3    0    7    4   -0.005825    0.008086
    3   -3    0    8    4   -0.021839    0.006285
    3   -3    0    9    4    0.002218    0.000814
    3   -3    0   10    4    0.012966    0.004156
    3   -3    0   11    4    0.032517   -0.000791
    3   -3    0    1    5   -0.006494   -0.009057
    3   -3    0    2    5    0.008055   -0.004180
    3   -3    0    3    5   -0.007242    0.013286
    3   -3    0    4    5   -0.001728    0.003358
    3   -3    0    5    5    0.009638   -0.001430
    3   -3    0    6    5   -0.009387   -0.010209
    3   -3    0    7    5    0.009224    0.009963
    3   -3    0    8    5    0.010259    0.013011
    3   -3    0    9    5   -0.002106    0.008175
    3   -3    0   10    5   -0.004583   -0.006920
    3   -3    0   11    5    0.004709    0.024437
    3   -3    0    1    6    0.022316   -0.002682
    3   -3    0    2    6    0.016800    0.002744
    3   -3    0    3    6    0.009927   -0.010423
    3   -3    0    4    6    0.004451    0.013618
    3   -3    0    5    6    0.007656   -0.019122
    3   -3    0    6    6   -0.014677   -0.008213
    3   -3    0    7    6   -0.015990   -0.003961
    3   -3    0    8    6    0.005319    0.011343
    3   -3    0    9    6   -0.002431   -0.008476
    3   -3    0   10    6   -0.007097   -0.006326
    3   -3    0   11    6   -0.013307   -0.008677
    3   -3    0    1    7    0.015288    0.032326
    3   -3    0    2    7    0.006100   -0.006032
    3   -3    0    3    7    0.016363   -0.006472
    3   -3    0    4    7    0.037168   -0.000101
    3   -3    0    5    7    0.011705    0.032761
    3   -3    0    6    7    0.001790    0.019163
    3   -3    0    7    7    0.015207    0.013848
    3   -3    0    8    7    0.006131   -0.002538
    3   -3    0    9    7   -0.007148   -0.014798
    3   -3    0   10    7   -0.004376   -0.016878
    3   -3    0   11    7    0.024903    0.011623
    3   -3    0    1    8   -0.003650    0.009340
    3   -3    0    2    8    0.011868    0.014700
    3   -3    0    3    8   -0.000443    0.007228
    3   -3    0    4    8   -0.022779   -0.024920
    3   -3    0    5    8    0.000518    0.038326
    3   -3    0    6    8   -0.004330   -0.005104
    3   -3    0    7    8   -0.004429   -0.014411
    3   -3    0    8    8   -0.001921    0.000891
    3   -3    0    9    8   -0.007038   -0.000774
    3   -3    0   10    8    0.000135    0.001668
    3   -3    0   11    8    0.001941   -0.016684
    3   -3    0    1    9   -0.000339    0.004590
    3   -3    0    2    9   -0.017314   -0.006684
    3   -3    0    3    9   -0.001454   -0.002015
    3   -3    0    4    9    0.010790   -0.005174
    3   -3    0    5    9   -0.014292   -0.000853
    3   -3    0    6    9   -0.012087    0.008167
    3   -3    0    7    9    0.001672   -0.009099
    3   -3    0    8    9   -0.007830   -0.007086
    3   -3    0    9    9   -0.009764   -0.005385
    3   -3    0   10    9    0.004766    0.005973
    3   -3    0   11    9    0.007535   -0.005733
    3   -3    0    1   10    0.002562   -0.011198
    3   -3    0    2   10   -0.010332   -0.008671
    3   -3    0    3   10   -0.004214   -0.004788
    3   -3    0    4   10    0.009142    0.003086
    3   -3    0    5   10   -0.015359   -0.027021
    3   -3    0    6   10   -0.000202   -0.000343
    3   -3    0    7   10   -0.004011    0.001094
    3   -3    0    8   10   -0.000255    0.003151
    3   -3    0    9   10   -0.002305    0.006313
    3   -3    0   10   10    0.000350    0.000198
    3   -3    0   11   10    0.001964   -0.021786
    3   -3    0    1   11    0.021147   -0.018922
    3   -3    0    2   11    0.032751   -0.007121
    3   -3    0    3   11   -0.004606   -0.001793
    3   -3    0    4   11    0.028635    0.021475
    3   -3    0    5   11    0.014359    0.015294
    3   -3    0    6   11   -0.006144   -0.004725
    3   -3    0    7   11   -0.030113   -0.030954
    3   -3    0    8   11    0.013610    0.013001
    3   -3    0    9   11    0.005873   -0.002360
    3   -3    0   10   11   -0.005498   -0.010368
    3   -3    0   11   11   -0.028281    0.010760
    3   -2    0    1    1    0.002769    0.004603
    3   -2    0    2    1   -0.003764    0.007297
    3   -2    0    3    1   -0.000112   -0.003188
    3   -2    0    4    1    0.013553   -0.000945
    3   -2    0    5    1    0.019778   -0.004682
    3   -2    0    6    1   -0.000947   -0.004918
    3   -2    0    7    1    0.017305   -0.015798
    3   -2    0    8    1    0.005887   -0.000677
    3   -2    0    9    1   -0.011056   -0.014282
    3   -2    0   10    1    0.007033    0.007534
    3   -2    0   11    1    0.002620    0.018972
    3   -2    0    1    2    0.014479    0.015594
    3   -2    0    2    2    0.016644    0.002245
    3   -2    0    3    2    0.004654   -0.022061
    3   -2    0    4    2    0.004720    0.007188
    3   -2    0    5    2    0.008077    0.000939
    3   -2    0    6    2   -0.019543   -0.005031
    3   -2    0    7    2    0.006226   -0.000569
    3   -2    0    8    2    0.000574   -0.000848
    3   -2    0    9    2    0.004837    0.005890
    3   -2    0   10    2    0.003019   -0.004371
    3   -2    0   11    2   -0.023902   -0.026184
    3   -2    0    1    3    0.017908   -0.004180
    3   -2    0    2    3   -0.001821   -0.014435
    3   -2    0    3    3   -0.001206   -0.007652
    3   -2    0    4    3    0.000332    0.002748
    3   -2    0    5    3    0.006950   -0.015387
    3   -2    0    6    3   -0.008833    0.009862
    3   -2    0    7    3    0.016569    0.007760
    3   -2    0    8    3    0.014917    0.007687
    3   -2    0    9    3   -0.003466   -0.001059
    3   -2    0   10    3   -0.002102   -0.012859
    3   -2    0   11    3    0.013282    0.014315
    3   -2    0    1    4   -0.018688    0.001571
    3   -2    0    2    4   -0.014679   -0.021988
    3   -2    0    3    4   -0.002326    0.002085
    3   -2    0    4    4    0.012780    0.012952
    3   -2    0    5    4   -0.002213   -0.028879
    3   -2    0    6    4   -0.002710   -0.000469
    3   -2    0    7    4    0.020052    0.008563
    3   -2    0    8    4   -0.030954   -0.003715
    3   -2    0    9    4   -0.000917    0.019046
    3   -2    0   10    4    0.014082    0.002011
    3   -2    0   11    4    0.023564    0.010490
    3   -2    0    1    5   -0.000711   -0.010728
    3   -2    0    2    5    0.011270    0.003300
    3   -2    0    3    5    0.008028    0.015882
    3   -2    0    4    5    0.012346   -0.028373
    3   -2    0    5    5   -0.021758    0.004792
    3   -2    0    6    5    0.022352   -0.002171
    3   -2    0    7    5   -0.007262    0.001525
    3   -2    0    8    5   -0.018970   -0.037287
    3   -2    0    9    5   -0.009303   -0.013725
    3   -2    0   10    5    0.010729    0.009101
    3   -2    0   11    5    0.003532    0.010148
    3   -2    0    1    6   -0.038738   -0.026135
    3   -2    0    2    6    0.029460   -0.008578
    3   -2    0    3    6   -0.006280   -0.001587
    3   -2    0    4    6   -0.009166    0.042376
    3   -2    0    5    6   -0.016066   -0.012245
    3   -2    0    6    6   -0.009579   -0.040705
    3   -2    0    7    6   -0.015604   -0.028230
    3   -2    0    8    6    0.001573    0.010537
    3   -2    0    9    6   -0.001752    0.004156
    3   -2    0   10    6    0.001205   -0.010101
    3   -2    0   11    6   -0.010764    0.028560
    3   -2    0    1    7   -0.032886    0.008003
    3   -2    0    2    7   -0.003358   -0.017640
    3   -2    0    3    7    0.004453    0.008312
    3   -2    0    4    7   -0.015330   -0.017233
    3   -2    0    5    7   -0.019413   -0.019403
    3   -2    0    6    7    0.002738   -0.005419
    3   -2    0    7    7   -0.007214   -0.039298
    3   -2    0    8    7    0.008896    0.010736
    3   -2    0    9    7    0.006755    0.009811
    3   -2    0   10    7   -0.014103    0.001210
    3   -2    0   11    7    0.007172   -0.015008
    3   -2    0    1    8   -0.030072    0.017679
    3   -2    0    2    8   -0.005904    0.009205
    3   -2    0    3    8   -0.008196   -0.011236
    3   -2    0    4    8    0.003262    0.000110
    3   -2    0    5    8    0.013714    0.011864
    3   -2    0    6    8    0.001409   -0.002142
    3   -2    0    7    8   -0.013850    0.000641
    3   -2    0    8    8   -0.002498    0.000496
    3   -2    0    9    8    0.002009    0.012281
    3   -2    0   10    8    0.001377    0.000332
    3   -2    0   11    8   -0.027809   -0.001695
    3   -2    0    1    9   -0.010552   -0.008305
    3   -2    0    2    9   -0.023722   -0.008806
    3   -2    0    3    9   -0.012029   -0.010391
    3   -2    0    4    9    0.004012    0.005218
    3   -2    0    5    9    0.023415   -0.004169
    3   -2    0    6    9   -0.017246   -0.002629
    3   -2    0    7    9   -0.005823   -0.004748
    3   -2    0    8    9   -0.001312    0.004789
    3   -2    0    9    9   -0.010194    0.007824
    3   -2    0   10    9    0.008432   -0.014604
    3   -2    0   11    9   -0.008962    0.012542
    3   -2    0    1   10    0.008597    0.017898
    3   -2    0    2   10    0.024785    0.000965
    3   -2    0    3   10   -0.010631   -0.014034
    3   -2    0    4   10    0.011587    0.013969
    3   -2    0    5   10    0.029468   -0.003799
    3   -2    0    6   10   -0.008987   -0.009684
    3   -2    0    7   10   -0.000380    0.000630
    3   -2    0    8   10   -0.001773    0.001152
    3   -2    0    9   10   -0.005589    0.000941
    3   -2    0   10   10    0.004752    0.002163
    3   -2    0   11   10   -0.011644    0.019804
    3   -2    0    1   11    0.010166    0.007708
    3   -2    0    2   11    0.018531    0.009267
    3   -2    0    3   11    0.000899    0.015573
    3   -2    0    4   11   -0.004062    0.027579
    3   -2    0    5   11    0.014264   -0.046211
    3   -2    0    6   11    0.010650   -0.002335
    3   -2    0    7   11    0.042805    0.005954
    3   -2    0    8   11   -0.010718   -0.003145
    3   -2    0    9   11    0.011514   -0.007520
    3   -2    0   10   11   -0.019258    0.017696
    3   -2    0   11   11    0.016580    0.052581
    3   -1    0    1    1   -0.029068   -0.017160
    3   -1    0    2    1   -0.000772   -0.014001
    3   -1    0    3    1    0.005026   -0.006799
    3   -1    0    4    1    0.011285    0.014156
    3   -1    0    5    1    0.019772    0.004924
    3   -1    0    6    1    0.019589   -0.006644
    3   -1    0    7    1    0.013606    0.020801
    3   -1    0    8    1   -0.003427    0.009572
    3   -1    0    9    1    0.008710   -0.019967
    3   -1    0   10    1   -0.036852    0.005110
    3   -1    0   11    1   -0.012632    0.005844
    3   -1    0    1    2   -0.024946    0.015683
    3   -1    0    2    2    0.043968    0.014666
    3   -1    0    3    2   -0.001118    0.006700
    3   -1    0    4    2    0.016943    0.012215
    3   -1    0    5    2    0.018306   -0.012777
    3   -1    0    6    2   -0.029482   -0.017659
    3   -1    0    7    2   -0.015308   -0.027706
    3   -1    0    8    2   -0.012209   -0.006045
    3   -1    0    9    2   -0.000253    0.005253
    3   -1    0   10    2    0.004309    0.021125
    3   -1    0   11    2   -0.012859   -0.030137
    3   -1    0    1    3    0.001751    0.006101
    3   -1    0    2    3    0.027767    0.009964
    3   -1    0    3    3    0.005005   -0.000381
    3   -1    0    4    3   -0.010114   -0.015188
    3   -1    0    5    3   -0.015040   -0.022322
    3   -1    0    6    3    0.014540    0.008281
    3   -1    0    7    3   -0.015166   -0.007752
    3   -1    0    8    3    0.009308    0.014341
    3   -1    0    9    3   -0.009033    0.025519
    3   -1    0   10    3    0.025635    0.042056
    3   -1    0   11    3   -0.003548    0.013964
    3   -1    0    1    4   -0.013432   -0.016902
    3   -1    0    2    4   -0.025728    0.001011
    3   -1    0    3    4   -0.004374   -0.000469
    3   -1    0    4    4    0.003455   -0.004365
    3   -1    0    5    4   -0.023976    0.017115
    3   -1    0    6    4    0.005473    0.030853
    3   -1    0    7    4    0.008290   -0.005984
    3   -1    0    8    4   -0.016048   -0.020101
    3   -1    0    9    4   -0.021969    0.015380
    3   -1    0   10    4    0.018512    0.024448
    3   -1    0   11    4   -0.003948   -0.059712
    3   -1    0    1    5    0.020666    0.020744
    3   -1    0    2    5   -0.009438    0.000103
    3   -1    0    3    5    0.024135   -0.015884
    3   -1    0    4    5   -0.014533   -0.026180
    3   -1    0    5    5   -0.045242   -0.019677
    3   -1    0    6    5    0.032252   -0.010725
    3   -1    0    7    5   -0.030939   -0.006545
    3   -1    0    8    5   -0.023317   -0.008660
    3   -1    0    9    5    0.019050    0.009101
    3   -1    0   10    5    0.035943    0.000640
    3   -1    0   11    5    0.006714    0.007496
    3   -1    0    1    6   -0.035023   -0.013101
    3   -1    0    2    6    0.004507   -0.024670
    3   -1    0    3    6    0.013595    0.039996
    3   -1    0    4    6    0.013710    0.020095
    3   -1    0    5    6   -0.030630   -0.018708
    3   -1    0    6    6    0.023341    0.013405
    3   -1    0    7    6   -0.004603    0.007376
    3   -1    0    8    6   -0.023224   -0.011653
    3   -1    0    9    6   -0.005677    0.037278
    3   -1    0   10    6    0.026388   -0.005373
    3   -1    0   11    6    0.042118    0.007537
    3   -1    0    1    7   -0.002291   -0.008706
    3   -1    0    2    7   -0.005925   -0.022819
    3   -1    0    3    7    0.004172   -0.037625
    3   -1    0    4    7   -0.021408    0.010487
    3   -1    0    5    7   -0.032791   -0.045907
    3   -1    0    6    7    0.010229   -0.015712
    3   -1    0    7    7   -0.027346    0.006208
    3   -1    0    8    7   -0.004524   -0.002855
    3   -1    0    9    7    0.028103    0.005648
    3   -1    0   10    7   -0.002512    0.019098
    3   -1    0   11    7   -0.005136   -0.002462
    3   -1    0    1    8    0.005400   -0.015209
    3   -1    0    2    8   -0.015660    0.002618
    3   -1    0    3    8   -0.005099   -0.008036
    3   -1    0    4    8   -0.003179    0.005631
    3   -1    0    5    8   -0.029360   -0.015054
    3   -1    0    6    8    0.003889    0.005873
    3   -1    0    7    8    0.011855    0.005850
    3   -1    0    8    8   -0.001025    0.000239
    3   -1    0    9    8    0.009633    0.000491
    3   -1    0   10    8   -0.006092    0.000590
    3   -1    0   11    8    0.003849    0.005374
    3   -1    0    1    9    0.000139   -0.025730
    3   -1    0    2    9   -0.002328    0.032092
    3   -1    0    3    9   -0.006389   -0.019175
    3   -1    0    4    9   -0.016245   -0.029357
    3   -1    0    5    9    0.011050    0.010519
    3   -1    0    6    9   -0.002732    0.005934
    3   -1    0    7    9    0.014996   -0.002622
    3   -1    0    8    9   -0.006903    0.002476
    3   -1    0    9    9   -0.026566    0.021389
    3   -1    0   10    9   -0.014871   -0.031080
    3   -1    0   11    9    0.002367   -0.029929
    3   -1    0    1   10   -0.006788    0.008953
    3   -1    0    2   10    0.014158    0.016459
    3   -1    0    3   10    0.007065    0.003555
    3   -1    0    4   10    0.020983   -0.005218
    3   -1    0    5   10    0.029913    0.027996
    3   -1    0    6   10   -0.002340   -0.005384
    3   -1    0    7   10    0.001523    0.002070
    3   -1    0    8   10   -0.002783    0.002592
    3   -1    0    9   10   -0.000286    0.006370
    3   -1    0   10   10    0.006642   -0.000988
    3   -1    0   11   10    0.007292    0.012915
    3   -1    0    1   11   -0.037156    0.003532
    3   -1    0    2   11   -0.024870    0.001917
    3   -1    0    3   11   -0.007686    0.006613
    3   -1    0    4   11    0.014301   -0.005085
    3   -1    0    5   11   -0.004165   -0.030614
    3   -1    0    6   11    0.009292    0.007726
    3   -1    0    7   11   -0.005373    0.014604
    3   -1    0    8   11   -0.008500   -0.020694
    3   -1    0    9   11   -0.024671    0.015061
    3   -1    0   10   11    0.019631   -0.014732
    3   -1    0   11   11    0.043629   -0.013335
    3    0    0    1    1    0.012491   -0.001169
    3    0    0    2    1    0.008845   -0.006110
    3    0    0    3    1   -0.009796   -0.000249
    3    0    0    4    1   -0.015117   -0.007711
    3    0    0    5    1    0.005313    0.004669
    3    0    0    6    1    0.009483    0.004343
    3    0    0    7    1   -0.023254    0.006818
    3    0    0    8    1    0.003569   -0.000725
    3    0    0    9    1    0.006028    0.018652
    3    0    0   10    1   -0.008208   -0.004496
    3    0    0   11    1   -0.002284   -0.004765
    3    0    0    1    2   -0.035367   -0.012291
    3    0    0    2    2    0.023371    0.002413
    3    0    0    3    2   -0.013440    0.025820
    3    0    0    4    2   -0.024919   -0.011904
    3    0    0    5    2    0.006386   -0.032827
    3    0    0    6    2    0.013311    0.016157
    3    0    0    7    2   -0.022020   -0.008555
    3    0    0    8    2    0.000897   -0.000023
    3    0    0    9    2    0.000078   -0.011290
    3    0    0   10    2    0.013075    0.023026
    3    0    0   11    2    0.049555    0.043241
    3    0    0    1    3   -0.025588   -0.014222
    3    0    0    2    3   -0.006024    0.011472
    3    0    0    3    3   -0.005556   -0.006620
    3    0    0    4    3   -0.004262    0.004834
    3    0    0    5    3   -0.036495   -0.001533
    3    0    0    6    3    0.020102    0.011522
    3    0    0    7    3   -0.006162   -0.022936
    3    0    0    8    3    0.013621   -0.014881
    3    0    0    9    3   -0.018885   -0.010289
    3    0    0   10    3    0.033923    0.051844
    3    0    0   11    3   -0.007049   -0.025871
    3    0    0    1    4   -0.003872    0.002311
    3    0    0    2    4   -0.021515    0.026932
    3    0    0    3    4   -0.002358   -0.005003
    3    0    0    4    4   -0.002418   -0.044351
    3    0    0    5    4    0.027385    0.049009
    3    0    0    6    4   -0.010312   -0.004584
    3    0    0    7    4   -0.006402   -0.004984
    3    0    0    8    4    0.015449    0.036720
    3    0    0    9    4   -0.006307   -0.003739
    3    0    0   10    4    0.026335   -0.006353
    3    0    0   11    4   -0.009847   -0.027267
    3    0    0    1    5    0.028513    0.030327
    3    0    0    2    5   -0.009711    0.001844
    3    0    0    3    5    0.041122   -0.024944
    3    0    0    4    5   -0.001941    0.045532
    3    0    0    5    5    0.013598    0.030962
    3    0    0    6    5   -0.011822   -0.008022
    3    0    0    7    5   -0.030326   -0.039780
    3    0    0    8    5   -0.003897    0.011296
    3    0    0    9    5    0.021174    0.016034
    3    0    0   10    5   -0.015955    0.011613
    3    0    0   11    5   -0.004133   -0.002413
    3    0    0    1    6    0.017293    0.042392
    3    0    0    2    6    0.014140    0.008354
    3    0    0    3    6    0.054743   -0.010270
    3    0    0    4    6   -0.010513   -0.031695
    3    0    0    5    6    0.018968    0.057627
    3    0    0    6    6    0.029229    0.007092
    3    0    0    7    6    0.021454    0.050633
    3    0    0    8    6   -0.003842   -0.005561
    3    0    0    9    6   -0.007454    0.031006
    3    0    0   10    6    0.024551    0.003151
    3    0    0   11    6   -0.007021   -0.014910
    3    0    0    1    7   -0.020967    0.057988
    3    0    0    2    7    0.027268    0.020591
    3    0    0    3    7   -0.005011   -0.030518
    3    0    0    4    7    0.005472    0.036081
    3    0    0    5    7    0.019649    0.030186
    3    0    0    6    7   -0.021142   -0.021901
    3    0    0    7    7   -0.027520   -0.013198
    3    0    0    8    7    0.007188   -0.021759
    3    0    0    9    7    0.018518    0.008148
    3    0    0   10    7    0.023080    0.002127
    3    0    0   11    7    0.014777    0.058012
    3    0    0    1    8    0.033529    0.018287
    3    0    0    2    8   -0.013977   -0.003346
    3    0    0    3    8    0.015208    0.019436
    3    0    0    4    8   -0.023303    0.010144
    3    0    0    5    8   -0.024519   -0.034669
    3    0    0    6    8    0.002364    0.008396
    3    0    0    7    8    0.011304    0.016247
    3    0    0    8    8   -0.006127    0.001446
    3    0    0    9    8    0.010665   -0.001732
    3    0    0   10    8   -0.001883    0.001803
    3    0    0   11    8    0.008766   -0.017647
    3    0    0    1    9    0.012470   -0.020677
    3    0    0    2    9    0.021402    0.025008
    3    0    0    3    9   -0.018116    0.020085
    3    0    0    4    9   -0.002449   -0.006335
    3    0    0    5    9    0.017737    0.001676
    3    0    0    6    9    0.014338    0.005840
    3    0    0    7    9    0.021685    0.021458
    3    0    0    8    9   -0.009391    0.031536
    3    0    0    9    9    0.011273    0.051651
    3    0    0   10    9   -0.061082   -0.003171
    3    0    0   11    9   -0.051346   -0.027324
    3    0    0    1   10    0.003278   -0.009425
    3    0    0    2   10   -0.025653   -0.000658
    3    0    0    3   10   -0.009527    0.010638
    3    0    0    4   10    0.008721   -0.031717
    3    0    0    5   10   -0.016066    0.029299
    3    0    0    6   10    0.019365   -0.001164
    3    0    0    7   10    0.007071    0.001773
    3    0    0    8   10   -0.002539    0.004142
    3    0    0    9   10    0.001081    0.012686
    3    0    0   10   10   -0.016621   -0.006993
    3    0    0   11   10   -0.012048   -0.017401
    3    0    0    1   11   -0.020016   -0.006145
    3    0    0    2   11   -0.009765   -0.043519
    3    0    0    3   11   -0.006319    0.017837
    3    0    0    4   11    0.043554   -0.010739
    3    0    0    5   11    0.008361    0.000672
    3    0    0    6   11   -0.022016   -0.003397
    3    0    0    7   11   -0.050442   -0.014331
    3    0    0    8   11    0.011833    0.016438
    3    0    0    9   11    0.015435    0.023870
    3    0    0   10   11    0.040798    0.014792
    3    0    0   11   11   -0.032424   -0.021234
    3    1    0    1    1    0.014842    0.016376
    3    1    0    2    1    0.003863    0.013863
    3    1    0    3    1   -0.005983    0.009863
    3    1    0    4    1    0.013932   -0.000500
    3    1    0    5    1   -0.008775   -0.035709
    3    1    0    6    1   -0.013272   -0.003896
    3    1    0    7    1   -0.006939   -0.032927
    3    1    0    8    1    0.001333   -0.012261
    3    1    0    9    1   -0.026207    0.015511
    3    1    0   10    1    0.028913    0.006410
    3    1    0   11    1   -0.000356    0.011884
    3    1    0    1    2    0.053655    0.003973
    3    1    0    2    2   -0.052887   -0.040317
    3    1    0    3    2    0.012738   -0.008333
    3    1    0    4    2    0.020231   -0.024021
    3    1    0    5    2    0.006226    0.016560
    3    1    0    6    2    0.038840    0.036544
    3    1    0    7    2   -0.049664   -0.013233
    3    1    0    8    2    0.010136    0.002375
    3    1    0    9    2   -0.006670    0.014711
    3    1    0   10    2    0.047033   -0.006493
    3    1    0   11    2    0.031759    0.060025
    3    1    0    1    3    0.000684   -0.008772
    3    1    0    2    3   -0.019743    0.004444
    3    1    0    3    3   -0.009106    0.000624
    3    1    0    4    3    0.036101    0.018082
    3    1    0    5    3    0.008762    0.036992
    3    1    0    6    3   -0.004717   -0.007454
    3    1    0    7    3   -0.001300    0.013034
    3    1    0    8    3    0.018292   -0.031571
    3    1    0    9    3   -0.014101    0.027032
    3    1    0   10    3    0.036930   -0.024353
    3    1    0   11    3   -0.012152    0.009830
    3    1    0    1    4    0.016572    0.007235
    3    1    0    2    4   -0.004751    0.000174
    3    1    0    3    4    0.000573    0.008649
    3    1    0    4    4   -0.054434   -0.012383
    3    1    0    5    4    0.020448   -0.040866
    3    1    0    6    4   -0.022630    0.017222
    3    1    0    7    4    0.000977   -0.015801
    3    1    0    8    4   -0.010593    0.035927
    3    1    0    9    4    0.043055   -0.020171
    3    1    0   10    4   -0.035628    0.019407
    3    1    0   11    4   -0.028174    0.004247
    3    1    0    1    5   -0.032374   -0.005399
    3    1    0    2    5    0.003799   -0.017135
    3    1    0    3    5   -0.036171    0.019737
    3    1    0    4    5   -0.036605    0.018367
    3    1    0    5    5    0.071445    0.014238
    3    1    0    6    5   -0.056416   -0.021295
    3    1    0    7    5    0.053124    0.013886
    3    1    0    8    5    0.038268    0.028475
    3    1    0    9    5    0.014594    0.011817
    3    1    0   10    5   -0.116034   -0.008821
    3    1    0   11    5    0.014331   -0.035557
    3    1    0    1    6    0.000359    0.023771
    3    1    0    2    6    0.009919    0.036276
    3    1    0    3    6   -0.053050   -0.008271
    3    1    0    4    6    0.040988    0.014430
    3    1    0    5    6   -0.023615   -0.071738
    3    1    0    6    6    0.064400   -0.030593
    3    1    0    7    6    0.027321    0.035409
    3    1    0    8    6    0.003126   -0.004117
    3    1    0    9    6    0.046681    0.002367
    3    1    0   10    6   -0.044348   -0.002772
    3    1    0   11    6   -0.027386   -0.048799
    3    1    0    1    7   -0.034245    0.052099
    3    1    0    2    7   -0.003383   -0.012235
    3    1    0    3    7    0.002644    0.017696
    3    1    0    4    7   -0.061790    0.011045
    3    1    0    5    7   -0.016620    0.030189
    3    1    0    6    7    0.019199   -0.012224
    3    1    0    7    7    0.014785    0.019996
    3    1    0    8    7   -0.011942   -0.019736
    3    1    0    9    7    0.039907   -0.003011
    3    1    0   10    7    0.045510    0.010807
    3    1    0   11    7    0.034372   -0.001656
    3    1    0    1    8   -0.006984    0.010008
    3    1    0    2    8    0.030265    0.010902
    3    1    0    3    8   -0.007147   -0.016510
    3    1    0    4    8    0.002812    0.007363
    3    1    0    5    8    0.060885    0.021867
    3    1    0    6    8   -0.009193   -0.013387
    3    1    0    7    8   -0.011672    0.000663
    3    1    0    8    8   -0.016553    0.004209
    3    1    0    9    8    0.002344   -0.008894
    3    1    0   10    8    0.041191    0.000215
    3    1    0   11    8   -0.010600    0.002203
    3    1    0    1    9    0.006896   -0.000044
    3    1    0    2    9    0.004211   -0.001195
    3    1    0    3    9    0.038275    0.012902
    3    1    0    4    9    0.028267    0.028089
    3    1    0    5    9   -0.019884   -0.009658
    3    1    0    6    9    0.021532    0.005527
    3    1    0    7    9    0.021724   -0.000600
    3    1    0    8    9    0.010648    0.017617
    3    1    0    9    9    0.020359   -0.030455
    3    1    0   10    9   -0.020152    0.018024
    3    1    0   11    9   -0.055648    0.007959
    3    1    0    1   10    0.004932    0.004290
    3    1    0    2   10    0.021351    0.004651
    3    1    0    3   10    0.002576   -0.003148
    3    1    0    4   10   -0.006701    0.005390
    3    1    0    5   10    0.013947   -0.069622
    3    1    0    6   10    0.013038    0.007993
    3    1    0    7   10    0.014835   -0.002934
    3    1    0    8   10   -0.007757    0.006844
    3    1    0    9   10    0.008726    0.012628
    3    1    0   10   10   -0.013610   -0.003647
    3    1    0   11   10   -0.007805   -0.000633
    3    1    0    1   11    0.001624    0.011721
    3    1    0    2   11    0.034529    0.007750
    3    1    0    3   11   -0.001548    0.010194
    3    1    0    4   11   -0.018416   -0.037195
    3    1    0    5   11   -0.022224    0.063503
    3    1    0    6   11   -0.014093    0.000533
    3    1    0    7   11    0.030131   -0.042469
    3    1    0    8   11    0.030436   -0.001116
    3    1    0    9   11    0.014065   -0.034077
    3    1    0   10   11   -0.000791    0.041303
    3    1    0   11   11   -0.030607    0.061950
    3    2    0    1    1   -0.047295   -0.025518
    3    2    0    2    1   -0.010770   -0.000457
    3    2    0    3    1    0.005598    0.000956
    3    2    0    4    1   -0.006293   -0.010196
    3    2    0    5    1   -0.017535   -0.011134
    3    2    0    6    1   -0.015061   -0.004060
    3    2    0    7    1    0.005607    0.013258
    3    2    0    8    1   -0.006295    0.004044
    3    2    0    9    1   -0.018194   -0.003462
    3    2    0   10    1   -0.007471    0.010645
    3    2    0   11    1    0.003703    0.006106
    3    2    0    1    2   -0.000097   -0.026664
    3    2    0    2    2    0.027799   -0.017044
    3    2    0    3    2   -0.003101   -0.004499
    3    2    0    4    2    0.014819   -0.003545
    3    2    0    5    2    0.032563   -0.043485
    3    2    0    6    2   -0.061842   -0.036067
    3    2    0    7    2    0.018125    0.004649
    3    2    0    8    2   -0.006101   -0.017552
    3    2    0    9    2   -0.025773    0.005654
    3    2    0   10    2   -0.049196   -0.021862
    3    2    0   11    2    0.005554    0.000418
    3    2    0    1    3    0.001598    0.022783
    3    2    0    2    3    0.018703    0.006554
    3    2    0    3    3    0.020441    0.034138
    3    2    0    4    3   -0.029753   -0.031099
    3    2    0    5    3    0.016326   -0.009878
    3    2    0    6    3   -0.047311    0.004034
    3    2    0    7    3    0.005128   -0.006239
    3    2    0    8    3   -0.040592    0.030649
    3    2    0    9    3    0.000194    0.030988
    3    2    0   10    3   -0.021924    0.013457
    3    2    0   11    3    0.001796    0.033033
    3    2    0    1    4   -0.007861   -0.027637
    3    2    0    2    4    0.011357    0.007719
    3    2    0    3    4   -0.060240   -0.002999
    3    2    0    4    4    0.013768    0.033194
    3    2    0    5    4   -0.003582    0.020949
    3    2    0    6    4    0.003261    0.005017
    3    2    0    7    4   -0.018003   -0.000754
    3    2    0    8    4    0.092777   -0.032650
    3    2    0    9    4   -0.010559   -0.047928
    3    2    0   10    4   -0.015033   -0.009449
    3    2    0   11    4   -0.073188    0.023856
    3    2    0    1    5   -0.027154   -0.016882
    3    2    0    2    5   -0.016924    0.018679
    3    2    0    3    5   -0.038497    0.030949
    3    2    0    4    5    0.018471    0.012610
    3    2    0    5    5   -0.012416    0.014077
    3    2    0    6    5    0.003836    0.038757
    3    2    0    7    5    0.010300    0.036765
    3    2    0    8    5   -0.047895   -0.027152
    3    2    0    9    5   -0.022336   -0.034296
    3    2    0   10    5    0.005249   -0.003757
    3    2    0   11    5   -0.028128    0.031272
    3    2    0    1    6   -0.011042   -0.027890
    3    2    0    2    6   -0.005600   -0.005188
    3    2    0    3    6    0.011603   -0.039620
    3    2    0    4    6    0.037790    0.049487
    3    2    0    5    6    0.024080    0.018610
    3    2    0    6    6    0.035302   -0.045734
    3    2    0    7    6   -0.016955    0.019084
    3    2    0    8    6    0.002117    0.002739
    3    2    0    9    6    0.022702   -0.042253
    3    2    0   10    6   -0.041131   -0.019927
    3    2    0   11    6   -0.026474    0.014687
    3    2    0    1    7   -0.021730   -0.013336
    3    2    0    2    7    0.026110    0.000690
    3    2    0    3    7   -0.033104   -0.041606
    3    2    0    4    7    0.061839   -0.002061
    3    2    0    5    7    0.026821   -0.015859
    3    2    0    6    7    0.021953   -0.027218
    3    2    0    7    7    0.009732    0.018493
    3    2    0    8    7    0.001785   -0.026429
    3    2    0    9    7    0.011526   -0.015028
    3    2    0   10    7    0.012157   -0.049172
    3    2    0   11    7    0.013145    0.036953
    3    2    0    1    8   -0.004991   -0.036772
    3    2    0    2    8   -0.020031   -0.011196
    3    2    0    3    8   -0.040130    0.003917
    3    2    0    4    8    0.077207    0.039573
    3    2    0    5    8   -0.022492    0.007861
    3    2    0    6    8    0.008770    0.004264
    3    2    0    7    8   -0.023947   -0.003572
    3    2    0    8    8   -0.013065    0.008618
    3    2    0    9    8    0.003478   -0.015128
    3    2    0   10    8    0.041546    0.027508
    3    2    0   11    8   -0.009844   -0.003512
    3    2    0    1    9   -0.035578   -0.015849
    3    2    0    2    9   -0.018825   -0.010763
    3    2    0    3    9    0.007585    0.011323
    3    2    0    4    9    0.012567   -0.019115
    3    2    0    5    9   -0.010531    0.012135
    3    2    0    6    9    0.020824    0.009563
    3    2    0    7    9   -0.007948   -0.007126
    3    2    0    8    9    0.013162    0.004748
    3    2    0    9    9   -0.054157   -0.014640
    3    2    0   10    9    0.068555   -0.002375
    3    2    0   11    9    0.005183   -0.002699
    3    2    0    1   10    0.004562    0.001177
    3    2    0    2   10   -0.017210   -0.011399
    3    2    0    3   10    0.033118    0.012665
    3    2    0    4   10   -0.042910   -0.015187
    3    2    0    5   10   -0.010142    0.016694
    3    2    0    6   10    0.000173   -0.004837
    3    2    0    7   10    0.005528   -0.009165
    3    2    0    8   10   -0.004322    0.002040
    3    2    0    9   10   -0.008362   -0.019178
    3    2    0   10   10    0.019271   -0.003727
    3    2    0   11   10    0.001888    0.001116
    3    2    0    1   11    0.002113    0.004426
    3    2    0    2   11    0.004248    0.029531
    3    2    0    3   11   -0.008597   -0.015115
    3    2    0    4   11   -0.084063   -0.011251
    3    2    0    5   11   -0.030931    0.001197
    3    2    0    6   11    0.016940    0.002511
    3    2    0    7   11    0.018785    0.021051
    3    2    0    8   11   -0.020864   -0.027143
    3    2    0    9   11   -0.024610    0.023176
    3    2    0   10   11   -0.077272    0.017207
    3    2    0   11   11    0.009254   -0.001855
    3    3    0    1    1   -0.004386    0.009558
    3    3    0    2    1    0.022271   -0.001587
    3    3    0    3    1    0.005365    0.005449
    3    3    0    4    1   -0.011193   -0.009449
    3    3    0    5    1    0.006405   -0.003995
    3    3    0    6    1    0.013895    0.011857
    3    3    0    7    1    0.013221    0.019325
    3    3    0    8    1    0.015915    0.003411
    3    3    0    9    1    0.027078   -0.001651
    3    3    0   10    1   -0.021716    0.008270
    3    3    0   11    1    0.018013   -0.008610
    3    3    0    1    2   -0.009939    0.015684
    3    3    0    2    2   -0.009213   -0.001430
    3    3    0    3    2   -0.011588    0.003215
    3    3    0    4    2    0.019575    0.043230
    3    3    0    5    2   -0.012319    0.009443
    3    3    0    6    2   -0.040089   -0.017979
    3    3    0    7    2   -0.006298   -0.021950
    3    3    0    8    2   -0.024972    0.001961
    3    3    0    9    2    0.011940   -0.000118
    3    3    0   10    2    0.065902    0.048146
    3    3    0   11    2   -0.029461    0.024042
    3    3    0    1    3    0.004925    0.020490
    3    3    0    2    3    0.026852    0.000249
    3    3    0    3    3    0.002226   -0.011568
    3    3    0    4    3    0.009963    0.020355
    3    3    0    5    3    0.000325    0.018702
    3    3    0    6    3   -0.016480    0.020924
    3    3    0    7    3   -0.021522   -0.027801
    3    3    0    8    3    0.008503   -0.004177
    3    3    0    9    3    0.031680    0.006585
    3    3    0   10    3    0.041411    0.009316
    3    3    0   11    3    0.010269   -0.021019
    3    3    0    1    4   -0.005388    0.010186
    3    3    0    2    4    0.021669   -0.007805
    3    3    0    3    4    0.029463    0.008517
    3    3    0    4    4    0.020830   -0.013480
    3    3    0    5    4    0.004275    0.000765
    3    3    0    6    4    0.063687    0.014471
    3    3    0    7    4   -0.043057    0.012659
    3    3    0    8    4   -0.027646    0.001748
    3    3    0    9    4    0.020020    0.012838
    3    3    0   10    4    0.111438   -0.045219
    3    3    0   11    4    0.061273   -0.007623
    3    3    0    1    5    0.003733   -0.012571
    3    3    0    2    5   -0.001660   -0.026879
    3    3    0    3    5    0.001332    0.011067
    3    3    0    4    5    0.016227   -0.020135
    3    3    0    5    5    0.043127    0.003009
    3    3    0    6    5    0.004525    0.028560
    3    3    0    7    5    0.018206   -0.027552
    3    3    0    8    5    0.031847    0.013460
    3    3    0    9    5   -0.013801   -0.022085
    3    3    0   10    5    0.010289    0.081806
    3    3    0   11    5    0.043312    0.006705
    3    3    0    1    6   -0.012337   -0.003945
    3    3    0    2    6   -0.005097   -0.023880
    3    3    0    3    6    0.022671    0.003787
    3    3    0    4    6   -0.050440   -0.024764
    3    3    0    5    6   -0.021875   -0.010828
    3    3    0    6    6   -0.034072   -0.003370
    3    3    0    7    6   -0.003414    0.005399
    3    3    0    8    6    0.007133    0.001462
    3    3    0    9    6   -0.020829   -0.000111
    3    3    0   10    6    0.010065   -0.015074
    3    3    0   11    6    0.020467    0.030416
    3    3    0    1    7   -0.017211    0.000402
    3    3    0    2    7   -0.023839   -0.017764
    3    3    0    3    7   -0.028299    0.023729
    3    3    0    4    7   -0.032767    0.016208
    3    3    0    5    7   -0.028143    0.006209
    3    3    0    6    7    0.014411   -0.024846
    3    3    0    7    7   -0.017282    0.010805
    3    3    0    8    7    0.010057   -0.007563
    3    3    0    9    7    0.030926   -0.014492
    3    3    0   10    7   -0.033778    0.046690
    3    3    0   11    7   -0.028481    0.014575
    3    3    0    1    8    0.012387    0.018727
    3    3    0    2    8    0.025553   -0.015826
    3    3    0    3    8    0.050581    0.009159
    3    3    0    4    8   -0.095310   -0.048332
    3    3    0    5    8    0.054679    0.037020
    3    3    0    6    8   -0.004627    0.008599
    3    3    0    7    8   -0.001263    0.023402
    3    3    0    8    8   -0.005928   -0.000816
    3    3    0    9    8   -0.033120   -0.017571
    3    3    0   10    8   -0.002462    0.012066
    3    3    0   11    8   -0.025583   -0.022148
    3    3    0    1    9   -0.011089    0.000048
    3    3    0    2    9    0.002493    0.014790
    3    3    0    3    9   -0.019918    0.018846
    3    3    0    4    9   -0.036163   -0.023628
    3    3    0    5    9    0.010977   -0.006315
    3    3    0    6    9   -0.005344    0.016737
    3    3    0    7    9   -0.000399    0.019745
    3    3    0    8    9   -0.007874   -0.018211
    3    3    0    9    9   -0.024088    0.004795
    3    3    0   10    9   -0.012999   -0.053216
    3    3    0   11    9    0.028395    0.024101
    3    3    0    1   10    0.004127    0.003066
    3    3    0    2   10    0.014655    0.028565
    3    3    0    3   10   -0.044115   -0.005404
    3    3    0    4   10    0.017345   -0.001727
    3    3    0    5   10    0.013180   -0.003641
    3    3    0    6   10   -0.005842   -0.004330
    3    3    0    7   10   -0.007210   -0.004983
    3    3    0    8   10   -0.010914    0.001834
    3    3    0    9   10   -0.029140    0.009095
    3    3    0   10   10    0.007901    0.000768
    3    3    0   11   10    0.002510    0.006525
    3    3    0    1   11    0.008529   -0.015983
    3    3    0    2   11    0.006115   -0.002092
    3    3    0    3   11    0.030222   -0.003981
    3    3    0    4   11    0.059919   -0.013180
    3    3    0    5   11    0.017539    0.003784
    3    3    0    6   11   -0.024063   -0.051131
    3    3    0    7   11   -0.032505   -0.007372
    3    3    0    8   11   -0.001577    0.020241
    3    3    0    9   11    0.029004    0.018412
    3    3    0   10   11    0.004975   -0.020514
    3    3    0   11   11    0.020181    0.001730
    3    4    0    1    1    0.029878    0.029744
    3    4    0    2    1   -0.011144   -0.007334
    3    4    0    3    1    0.003110   -0.009155
    3    4    0    4    1    0.008718    0.030282
    3    4    0    5    1   -0.005631   -0.010867
    3    4    0    6    1    0.012726   -0.004113
    3    4    0    7    1    0.005995   -0.020628
    3    4    0    8    1    0.008534    0.008358
    3    4    0    9    1    0.004372    0.001692
    3    4    0   10    1   -0.000380   -0.002943
    3    4    0   11    1   -0.010739   -0.004895
    3    4    0    1    2   -0.020838    0.006209
    3    4    0    2    2    0.006138   -0.013092
    3    4    0    3    2    0.016077    0.013882
    3    4    0    4    2   -0.001274    0.011115
    3    4    0    5    2    0.000258   -0.004349
    3    4    0    6    2   -0.054456    0.006137
    3    4    0    7    2    0.041298    0.012526
    3    4    0    8    2    0.027357    0.017614
    3    4    0    9    2    0.022982   -0.008753
    3    4    0   10    2   -0.147569   -0.038519
    3    4    0   11    2    0.032641   -0.016175
    3    4    0    1    3    0.023742   -0.017380
    3    4    0    2    3   -0.011863   -0.006462
    3    4    0    3    3   -0.024701   -0.022555
    3    4    0    4    3    0.009799    0.006822
    3    4    0    5    3    0.007677   -0.000363
    3    4    0    6    3    0.085733   -0.018602
    3    4    0    7    3    0.013812   -0.006890
    3    4    0    8    3    0.031108   -0.018593
    3    4    0    9    3    0.005716   -0.008351
    3    4    0   10    3   -0.046173   -0.022863
    3    4    0   11    3   -0.012969   -0.003549
    3    4    0    1    4   -0.005688    0.018885
    3    4    0    2    4    0.003497    0.011876
    3    4    0    3    4    0.019152   -0.010083
    3    4    0    4    4    0.008383    0.001572
    3    4    0    5    4   -0.014800    0.010018
    3    4    0    6    4   -0.053407    0.012539
    3    4    0    7    4    0.049711   -0.021539
    3    4    0    8    4   -0.042479    0.015538
    3    4    0    9    4   -0.052003    0.019704
    3    4    0   10    4   -0.021720    0.010039
    3    4    0   11    4    0.026710   -0.006746
    3    4    0    1    5    0.001729   -0.005550
    3    4    0    2    5   -0.020832    0.013997
    3    4    0    3    5    0.018807   -0.022409
    3    4    0    4    5    0.008195   -0.025762
    3    4    0    5    5   -0.002586    0.001995
    3    4    0    6    5    0.019255   -0.009496
    3    4    0    7    5   -0.026845   -0.001723
    3    4    0    8    5   -0.018688    0.004643
    3    4    0    9    5   -0.012172   -0.013295
    3    4    0   10    5    0.004521   -0.040557
    3    4    0   11    5   -0.017262   -0.008179
    3    4    0    1    6    0.008920    0.013106
    3    4    0    2    6    0.011700    0.005470
    3    4    0    3    6    0.013865   -0.014160
    3    4    0    4    6    0.012902   -0.001541
    3    4    0    5    6    0.014017   -0.028817
    3    4    0    6    6   -0.000893    0.000581
    3    4    0    7    6    0.011599   -0.013107
    3    4    0    8    6   -0.001594   -0.004955
    3    4    0    9    6    0.014928    0.023326
    3    4    0   10    6    0.002471    0.003061
    3    4    0   11    6   -0.011538   -0.002006
    3    4    0    1    7   -0.015851    0.006179
    3    4    0    2    7    0.004531    0.030922
    3    4    0    3    7   -0.006815   -0.007067
    3    4    0    4    7   -0.022146    0.016291
    3    4    0    5    7   -0.006375    0.000464
    3    4    0    6    7   -0.007201   -0.008711
    3    4    0    7    7    0.000068    0.001143
    3    4    0    8    7    0.001200    0.004076
    3    4    0    9    7    0.027269   -0.019394
    3    4    0   10    7   -0.014538   -0.014608
    3    4    0   11    7   -0.005432   -0.022166
    3    4    0    1    8   -0.019693    0.011358
    3    4    0    2    8   -0.011767    0.009967
    3    4    0    3    8   -0.035710   -0.004844
    3    4    0    4    8    0.039451    0.007763
    3    4    0    5    8   -0.013154   -0.037487
    3    4    0    6    8   -0.014100    0.007038
    3    4    0    7    8    0.018072   -0.004112
    3    4    0    8    8    0.001290   -0.002076
    3    4    0    9    8   -0.008444    0.008480
    3    4    0   10    8    0.003125    0.010693
    3    4    0   11    8    0.032272    0.032578
    3    4    0    1    9    0.020258   -0.002612
    3    4    0    2    9   -0.017882   -0.013588
    3    4    0    3    9   -0.003587   -0.000505
    3    4    0    4    9    0.005009   -0.018525
    3    4    0    5    9   -0.012091   -0.019312
    3    4    0    6    9   -0.012949    0.005415
    3    4    0    7    9   -0.002907    0.001585
    3    4    0    8    9   -0.015434   -0.002561
    3    4    0    9    9   -0.020285    0.000594
    3    4    0   10    9    0.001871    0.011112
    3    4    0   11    9   -0.001896    0.016194
    3    4    0    1   10   -0.012046   -0.001702
    3    4    0    2   10   -0.002715   -0.039824
    3    4    0    3   10    0.027905    0.014349
    3    4    0    4   10    0.028213    0.022855
    3    4    0    5   10   -0.003175   -0.025321
    3    4    0    6   10   -0.001256    0.000747
    3    4    0    7   10   -0.000787   -0.007303
    3    4    0    8   10    0.001142   -0.002861
    3    4    0    9   10    0.007105    0.012383
    3    4    0   10   10    0.001350    0.003342
    3    4    0   11   10   -0.012851   -0.000933
    3    4    0    1   11   -0.008297    0.018640
    3    4    0    2   11    0.013071    0.008617
    3    4    0    3   11   -0.012239    0.004781
    3    4    0    4   11    0.036455    0.037020
    3    4    0    5   11   -0.022915    0.008835
    3    4    0    6   11    0.001357    0.027506
    3    4    0    7   11    0.008064    0.011529
    3    4    0    8   11    0.000315    0.015587
    3    4    0    9   11    0.028978    0.012947
    3    4    0   10   11    0.017096   -0.023323
    3    4    0   11   11   -0.001848   -0.001248
    3    5    0    1    1    0.003020   -0.020544
    3    5    0    2    1   -0.008540   -0.007970
    3    5    0    3    1    0.009774   -0.000336
    3    5    0    4    1    0.004994    0.002409
    3    5    0    5    1   -0.001677    0.015716
    3    5    0    6    1   -0.005828   -0.003727
    3    5    0    7    1   -0.034910    0.000515
    3    5    0    8    1   -0.015884   -0.000802
    3    5    0    9    1   -0.017467    0.006618
    3    5    0   10    1    0.031577    0.005212
    3    5    0   11    1   -0.006867   -0.011325
    3    5    0    1    2   -0.011659    0.017149
    3    5    0    2    2    0.016704    0.000606
    3    5    0    3    2    0.022823   -0.006965
    3    5    0    4    2   -0.007043   -0.008584
    3    5    0    5    2   -0.002070   -0.016839
    3    5    0    6    2    0.002831    0.007694
    3    5    0    7    2   -0.016384    0.008308
    3    5    0    8    2   -0.028673    0.006721
    3    5    0    9    2    0.026446    0.030653
    3    5    0   10    2    0.040615    0.017964
    3    5    0   11    2    0.001920   -0.046198
    3    5    0    1    3    0.001873   -0.017357
    3    5    0    2    3    0.008734   -0.019392
    3    5    0    3    3    0.015035   -0.000868
    3    5    0    4    3   -0.016634   -0.012335
    3    5    0    5    3    0.002786   -0.018093
    3    5    0    6    3   -0.027045    0.000932
    3    5    0    7    3   -0.012928    0.003213
    3    5    0    8    3   -0.002089   -0.005942
    3    5    0    9    3    0.049994   -0.017702
    3    5    0   10    3    0.016323   -0.014274
    3    5    0   11    3   -0.005372    0.012405
    3    5    0    1    4    0.026287    0.002885
    3    5    0    2    4    0.008188    0.002807
    3    5    0    3    4   -0.017493    0.009152
    3    5    0    4    4   -0.015005    0.003608
    3    5    0    5    4   -0.003367    0.008791
    3    5    0    6    4    0.026779   -0.018741
    3    5    0    7    4   -0.021083   -0.001262
    3    5    0    8    4    0.008694   -0.032894
    3    5    0    9    4    0.002956    0.009769
    3    5    0   10    4   -0.002592    0.003762
    3    5    0   11    4   -0.039454    0.029981
    3    5    0    1    5   -0.003545    0.014994
    3    5    0    2    5    0.008120    0.000556
    3    5    0    3    5    0.012265    0.020886
    3    5    0    4    5   -0.019983    0.003578
    3    5    0    5    5   -0.018806    0.010624
    3    5    0    6    5   -0.037495   -0.024088
    3    5    0    7    5    0.008675   -0.006218
    3    5    0    8    5   -0.012423    0.016956
    3    5    0    9    5    0.004817    0.014258
    3    5    0   10    5   -0.056571   -0.023560
    3    5    0   11    5    0.035200   -0.003609
    3    5    0    1    6    0.009111   -0.004946
    3    5    0    2    6   -0.024234    0.003055
    3    5    0    3    6   -0.021124   -0.013978
    3    5    0    4    6    0.013991   -0.000826
    3    5    0    5    6    0.009150    0.000484
    3    5    0    6    6    0.013692    0.001603
    3    5    0    7    6   -0.005056   -0.012143
    3    5    0    8    6    0.002390   -0.003753
    3    5    0    9    6    0.009547    0.012457
    3    5    0   10    6    0.005555    0.010302
    3    5    0   11    6   -0.018371   -0.000522
    3    5    0    1    7    0.038143    0.010957
    3    5    0    2    7   -0.011642   -0.006113
    3    5    0    3    7    0.000175    0.003170
    3    5    0    4    7    0.008927    0.009518
    3    5    0    5    7   -0.009043    0.006595
    3    5    0    6    7   -0.002830    0.012545
    3    5    0    7    7    0.022306    0.009257
    3    5    0    8    7    0.002478    0.008578
    3    5    0    9    7    0.011789    0.006948
    3    5    0   10    7   -0.001770   -0.003537
    3    5    0   11    7    0.027776   -0.009922
    3    5    0    1    8    0.003804   -0.010478
    3    5    0    2    8   -0.002244    0.022438
    3    5    0    3    8   -0.013725   -0.009702
    3    5    0    4    8    0.019123    0.001758
    3    5    0    5    8   -0.005891    0.015156
    3    5    0    6    8   -0.004523    0.004289
    3    5    0    7    8   -0.004508   -0.018521
    3    5    0    8    8    0.001325   -0.001341
    3    5    0    9    8    0.001508    0.011241
    3    5    0   10    8   -0.003894   -0.004258
    3    5    0   11    8   -0.001684   -0.013883
    3    5    0    1    9    0.000565    0.007599
    3    5    0    2    9    0.012521    0.007492
    3    5    0    3    9   -0.014365   -0.006325
    3    5    0    4    9   -0.020048    0.017762
    3    5    0    5    9    0.007299    0.021606
    3    5    0    6    9    0.009844   -0.006839
    3    5    0    7    9    0.005321    0.014328
    3    5    0    8    9   -0.004894    0.003251
    3    5    0    9    9   -0.005072    0.006691
    3    5    0   10    9    0.005735   -0.004445
    3    5    0   11    9    0.002745   -0.001799
    3    5    0    1   10   -0.002306   -0.003006
    3    5    0    2   10   -0.001191    0.013525
    3    5    0    3   10   -0.022219   -0.003861
    3    5    0    4   10   -0.023733    0.012086
    3    5    0    5   10    0.004611    0.007882
    3    5    0    6   10    0.001339    0.000205
    3    5    0    7   10    0.008371    0.003514
    3    5    0    8   10    0.000062   -0.001103
    3    5    0    9   10   -0.002320   -0.014729
    3    5    0   10   10   -0.002845    0.000950
    3    5    0   11   10    0.008485    0.001343
    3    5    0    1   11    0.002722    0.002768
    3    5    0    2   11   -0.012199   -0.023629
    3    5    0    3   11    0.009937    0.004960
    3    5    0    4   11   -0.004702    0.013270
    3    5    0    5   11    0.025301    0.014223
    3    5    0    6   11    0.024360    0.033007
    3    5    0    7   11    0.002398   -0.005280
    3    5    0    8   11    0.003199    0.002238
    3    5    0    9   11    0.011659    0.000439
    3    5    0   10   11    0.011774   -0.006179
    3    5    0   11   11   -0.029279   -0.010586
    3    6    0    1    1   -0.007477   -0.023026
    3    6    0    2    1    0.006446    0.003264
    3    6    0    3    1    0.001604    0.004690
    3    6    0    4    1   -0.014271   -0.018477
    3    6    0    5    1   -0.008553    0.000390
    3    6    0    6    1    0.001493   -0.005694
    3    6    0    7    1   -0.010111    0.004110
    3    6    0    8    1   -0.005258   -0.012478
    3    6    0    9    1   -0.012690   -0.012057
    3    6    0   10    1    0.007694   -0.000316
    3    6    0   11    1    0.014210    0.008241
    3    6    0    1    2    0.018325   -0.003480
    3    6    0    2    2   -0.007497    0.013449
    3    6    0    3    2   -0.005723    0.012013
    3    6    0    4    2    0.002173   -0.000477
    3    6    0    5    2    0.004712   -0.001144
    3    6    0    6    2    0.006890    0.018921
    3    6    0    7    2   -0.008182   -0.034398
    3    6    0    8    2    0.003463   -0.015036
    3    6    0    9    2   -0.008269    0.004073
    3    6    0   10    2    0.012331    0.028316
    3    6    0   11    2    0.013385   -0.005714
    3    6    0    1    3   -0.009838   -0.013708
    3    6    0    2    3   -0.009798   -0.006369
    3    6    0    3    3    0.013455   -0.001721
    3    6    0    4    3   -0.011974    0.002469
    3    6    0    5    3    0.004873   -0.009415
    3    6    0    6    3   -0.010613   -0.021041
    3    6    0    7    3    0.002012    0.016026
    3    6    0    8    3   -0.012834   -0.002524
    3    6    0    9    3    0.011340   -0.012108
    3    6    0   10    3    0.008717   -0.005963
    3    6    0   11    3    0.006422    0.014781
    3    6    0    1    4   -0.002596    0.003896
    3    6    0    2    4   -0.013190   -0.002935
    3    6    0    3    4   -0.004743    0.015500
    3    6    0    4    4   -0.027883    0.005141
    3    6    0    5    4    0.006225   -0.016841
    3    6    0    6    4    0.002811   -0.019975
    3    6    0    7    4   -0.004523    0.008339
    3    6    0    8    4    0.019361   -0.018564
    3    6    0    9    4    0.012283   -0.022761
    3    6    0   10    4   -0.036200    0.000048
    3    6    0   11    4   -0.031923    0.031961
    3    6    0    1    5   -0.018139    0.028735
    3    6    0    2    5    0.003083    0.006369
    3    6    0    3    5    0.013877   -0.005115
    3    6    0    4    5    0.017724    0.008448
    3    6    0    5    5    0.006726   -0.006799
    3    6    0    6    5    0.009814    0.021506
    3    6    0    7    5    0.002226   -0.019391
    3    6    0    8    5    0.001282    0.002170
    3    6    0    9    5    0.004945    0.026790
    3    6    0   10    5    0.013837    0.068154
    3    6    0   11    5   -0.002848   -0.015500
    3    6    0    1    6   -0.002522    0.003925
    3    6    0    2    6    0.009161   -0.005719
    3    6    0    3    6   -0.014557    0.005332
    3    6    0    4    6    0.001372   -0.007474
    3    6    0    5    6   -0.011911    0.011930
    3    6    0    6    6   -0.000121    0.013094
    3    6    0    7    6    0.004264   -0.000644
    3    6    0    8    6   -0.004663    0.001326
    3    6    0    9    6   -0.001553    0.008338
    3    6    0   10    6    0.000078    0.008602
    3    6    0   11    6   -0.004020    0.009317
    3    6    0    1    7    0.012924    0.011982
    3    6    0    2    7   -0.004784   -0.013010
    3    6    0    3    7    0.005206    0.014542
    3    6    0    4    7   -0.005286   -0.019191
    3    6    0    5    7    0.013314   -0.012343
    3    6    0    6    7    0.000085   -0.001237
    3    6    0    7    7   -0.012356   -0.033229
    3    6    0    8    7    0.004389    0.003272
    3    6    0    9    7   -0.004711    0.018351
    3    6    0   10    7    0.004463    0.007955
    3    6    0   11    7   -0.010100    0.015674
    3    6    0    1    8    0.015855    0.014218
    3    6    0    2    8   -0.004693   -0.001042
    3    6    0    3    8   -0.002854   -0.000574
    3    6    0    4    8    0.021168   -0.000914
    3    6    0    5    8   -0.012899   -0.026679
    3    6    0    6    8    0.000882   -0.004225
    3    6    0    7    8   -0.010911   -0.001403
    3    6    0    8    8    0.001154    0.000418
    3    6    0    9    8    0.012664    0.010804
    3    6    0   10    8   -0.001544    0.001376
    3    6    0   11    8   -0.026892   -0.021548
    3    6    0    1    9   -0.017101   -0.015130
    3    6    0    2    9    0.011909   -0.003399
    3    6    0    3    9    0.012533   -0.003586
    3    6    0    4    9    0.008689    0.021427
    3    6    0    5    9   -0.014752    0.001065
    3    6    0    6    9    0.006954   -0.002540
    3    6    0    7    9    0.002276    0.007353
    3    6    0    8    9    0.002715    0.003711
    3    6    0    9    9    0.010750   -0.004349
    3    6    0   10    9   -0.004904   -0.007079
    3    6    0   11    9    0.016220    0.000549
    3    6    0    1   10    0.018876    0.005232
    3    6    0    2   10   -0.008254    0.007544
    3    6    0    3   10    0.012932    0.010466
    3    6    0    4   10   -0.015764    0.006778
    3    6    0    5   10   -0.010485    0.001770
    3    6    0    6   10    0.002646    0.007856
    3    6    0    7   10    0.004870    0.005604
    3    6    0    8   10    0.000869   -0.001564
    3    6    0    9   10   -0.000892    0.001375
    3    6    0   10   10   -0.002422   -0.000718
    3    6    0   11   10    0.007604   -0.004491
    3    6    0    1   11    0.013426   -0.015770
    3    6    0    2   11   -0.022472   -0.003481
    3    6    0    3   11   -0.008190    0.006400
    3    6    0    4   11   -0.047180   -0.025724
    3    6    0    5   11    0.008310   -0.023143
    3    6    0    6   11   -0.034530   -0.026809
    3    6    0    7   11   -0.012536   -0.013383
    3    6    0    8   11    0.004441   -0.015980
    3    6    0    9   11   -0.020100   -0.036326
    3    6    0   10   11   -0.004077    0.010648
    3    6    0   11   11    0.023842    0.037741
    3    7    0    1    1   -0.015488    0.024719
    3    7    0    2    1    0.001240    0.010322
    3    7    0    3    1   -0.009845   -0.011450
    3    7    0    4    1    0.013851   -0.006217
    3    7    0    5    1    0.009267   -0.001240
    3    7    0    6    1    0.000957   -0.007954
    3    7    0    7    1    0.040472    0.005247
    3    7    0    8    1    0.012510    0.008772
    3    7    0    9    1    0.001020   -0.005990
    3    7    0   10    1   -0.018290   -0.006115
    3    7    0   11    1   -0.000354    0.023685
    3    7    0    1    2    0.010713   -0.010066
    3    7    0    2    2   -0.008308    0.002186
    3    7    0    3    2   -0.001783    0.008906
    3    7    0    4    2    0.007271   -0.021181
    3    7    0    5    2   -0.005759    0.010982
    3    7    0    6    2    0.024225    0.010101
    3    7    0    7    2   -0.007142   -0.012556
    3    7    0    8    2    0.020590    0.003934
    3    7    0    9    2   -0.005502   -0.019245
    3    7    0   10    2   -0.017599   -0.021872
    3    7    0   11    2   -0.017270    0.022148
    3    7    0    1    3   -0.003979   -0.002739
    3    7    0    2    3    0.007794    0.005808
    3    7    0    3    3    0.004694    0.007590
    3    7    0    4    3    0.001148   -0.002410
    3    7    0    5    3    0.003730    0.015033
    3    7    0    6    3   -0.009858   -0.000377
    3    7    0    7    3   -0.003912   -0.002464
    3    7    0    8    3   -0.007857    0.000381
    3    7    0    9    3   -0.013322   -0.014524
    3    7    0   10    3   -0.008672    0.004723
    3    7    0   11    3    0.015731   -0.012229
    3    7    0    1    4   -0.010759   -0.022694
    3    7    0    2    4    0.009226   -0.015790
    3    7    0    3    4   -0.002200   -0.010442
    3    7    0    4    4   -0.003926    0.002359
    3    7    0    5    4    0.003465   -0.006783
    3    7    0    6    4    0.008412   -0.011826
    3    7    0    7    4   -0.008004    0.003689
    3    7    0    8    4    0.008226   -0.008420
    3    7    0    9    4    0.007833   -0.026384
    3    7    0   10    4   -0.008914   -0.002533
    3    7    0   11    4    0.016083    0.017825
    3    7    0    1    5   -0.006872   -0.003927
    3    7    0    2    5   -0.004341    0.011848
    3    7    0    3    5   -0.024776   -0.007649
    3    7    0    4    5   -0.004633    0.005673
    3    7    0    5    5    0.007627   -0.012858
    3    7    0    6    5   -0.011497    0.014553
    3    7    0    7    5    0.013717   -0.013713
    3    7    0    8    5    0.015934   -0.010896
    3    7    0    9    5   -0.012401   -0.006100
    3    7    0   10    5   -0.018352    0.010578
    3    7    0   11    5   -0.016836   -0.010863
    3    7    0    1    6   -0.010041    0.003688
    3    7    0    2    6    0.003089    0.001579
    3    7    0    3    6   -0.015791    0.002064
    3    7    0    4    6   -0.008937   -0.016018
    3    7    0    5    6   -0.004668    0.003714
    3    7    0    6    6   -0.004263    0.000496
    3    7    0    7    6    0.001878    0.011204
    3    7    0    8    6   -0.002994   -0.005285
    3    7    0    9    6    0.004056   -0.015706
    3    7    0   10    6   -0.006542    0.004912
    3    7    0   11    6    0.002565   -0.009499
    3    7    0    1    7   -0.034123   -0.027310
    3    7    0    2    7    0.000819    0.012732
    3    7    0    3    7    0.010095    0.021389
    3    7    0    4    7   -0.009354   -0.003239
    3    7    0    5    7    0.005204   -0.012040
    3    7    0    6    7   -0.004735   -0.007373
    3    7    0    7    7   -0.014258   -0.019049
    3    7    0    8    7   -0.006134   -0.006639
    3    7    0    9    7   -0.006842    0.002792
    3    7    0   10    7   -0.001441    0.010105
    3    7    0   11    7   -0.031001   -0.014569
    3    7    0    1    8   -0.002827    0.001355
    3    7    0    2    8   -0.000045   -0.012887
    3    7    0    3    8    0.010639    0.007220
    3    7    0    4    8   -0.002616   -0.003731
    3    7    0    5    8    0.015848   -0.013576
    3    7    0    6    8    0.004589   -0.000935
    3    7    0    7    8    0.004802    0.010894
    3    7    0    8    8    0.000868   -0.000424
    3    7    0    9    8    0.008537   -0.003327
    3    7    0   10    8   -0.001405   -0.000531
    3    7    0   11    8    0.002926    0.024460
    3    7    0    1    9   -0.002480   -0.003898
    3    7    0    2    9    0.008970    0.001261
    3    7    0    3    9    0.017445    0.001134
    3    7    0    4    9    0.003041    0.008247
    3    7    0    5    9   -0.002802    0.016945
    3    7    0    6    9    0.009836   -0.001534
    3    7    0    7    9   -0.004152   -0.000188
    3    7    0    8    9    0.004364   -0.000056
    3    7    0    9    9    0.003533   -0.007612
    3    7    0   10    9   -0.000320    0.003541
    3    7    0   11    9   -0.008320    0.003415
    3    7    0    1   10   -0.000010    0.006920
    3    7    0    2   10    0.013006   -0.000211
    3    7    0    3   10    0.010130   -0.007317
    3    7    0    4   10    0.002656   -0.008144
    3    7    0    5   10    0.010584    0.008758
    3    7    0    6   10   -0.001293    0.005024
    3    7    0    7   10   -0.009786   -0.004724
    3    7    0    8   10    0.001068   -0.001306
    3    7    0    9   10    0.003788   -0.002498
    3    7    0   10   10   -0.000991    0.001773
    3    7    0   11   10   -0.009084    0.006395
    3    7    0    1   11   -0.007532    0.014539
    3    7    0    2   11    0.001725    0.023196
    3    7    0    3   11    0.002382   -0.001590
    3    7    0    4   11   -0.038198   -0.013069
    3    7    0    5   11   -0.017043    0.007595
    3    7    0    6   11    0.000680   -0.018374
    3    7    0    7   11    0.043635    0.024483
    3    7    0    8   11   -0.019436   -0.010321
    3    7    0    9   11   -0.012674   -0.009091
    3    7    0   10   11   -0.008882    0.015249
    3    7    0   11   11    0.030162    0.000820
    4   -4    0    1    1   -0.030071   -0.013426
    4   -4    0    2    1   -0.010511    0.001526
    4   -4    0    3    1    0.000557   -0.002179
    4   -4    0    4    1   -0.000285    0.000812
    4   -4    0    5    1   -0.011375   -0.006749
    4   -4    0    6    1    0.009378    0.009803
    4   -4    0    7    1    0.007453    0.021900
    4   -4    0    8    1    0.003464   -0.002277
    4   -4    0    9    1   -0.003096   -0.010119
    4   -4    0   10    1   -0.012044    0.008386
    4   -4    0   11    1   -0.008783    0.010023
    4   -4    0    1    2    0.000567   -0.001143
    4   -4    0    2    2   -0.008370    0.011215
    4   -4    0    3    2   -0.002618    0.004298
    4   -4    0    4    2    0.001363   -0.005960
    4   -4    0    5    2    0.004161    0.000388
    4   -4    0    6    2   -0.004160   -0.003346
    4   -4    0    7    2    0.004159   -0.022259
    4   -4    0    8    2    0.006959   -0.013398
    4   -4    0    9    2   -0.005003    0.000462
    4   -4    0   10    2   -0.002072    0.024698
    4   -4    0   11    2    0.001483    0.003836
    4   -4    0    1    3    0.001894    0.008254
    4   -4    0    2    3    0.001258    0.001168
    4   -4    0    3    3    0.009222    0.003819
    4   -4    0    4    3   -0.004410   -0.003235
    4   -4    0    5    3    0.010626   -0.010346
    4   -4    0    6    3   -0.002867   -0.011861
    4   -4    0    7    3   -0.012235    0.010764
    4   -4    0    8    3   -0.007067    0.002709
    4   -4    0    9    3    0.009262   -0.000147
    4   -4    0   10    3    0.008533   -0.004469
    4   -4    0   11    3   -0.000192    0.010920
    4   -4    0    1    4   -0.000180   -0.013091
    4   -4    0    2    4   -0.002852   -0.009231
    4   -4    0    3    4   -0.011949    0.008857
    4   -4    0    4    4   -0.012141   -0.008458
    4   -4    0    5    4    0.009158    0.002856
    4   -4    0    6    4    0.007807   -0.001792
    4   -4    0    7    4    0.003432    0.005592
    4   -4    0    8    4    0.012401    0.001060
    4   -4    0    9    4    0.013220   -0.008292
    4   -4    0   10    4   -0.017482   -0.008267
    4   -4    0   11    4   -0.018205   -0.000717
    4   -4    0    1    5   -0.022793    0.009873
    4   -4    0    2    5   -0.000947    0.006671
    4   -4    0    3    5    0.006254    0.015735
    4   -4    0    4    5    0.002651    0.011102
    4   -4    0    5    5   -0.003534    0.008234
    4   -4    0    6    5    0.008452    0.028558
    4   -4    0    7    5    0.009610   -0.000098
    4   -4    0    8    5   -0.008365   -0.005862
    4   -4    0    9    5   -0.015373    0.008578
    4   -4    0   10    5   -0.000625    0.040504
    4   -4    0   11    5   -0.004619   -0.011555
    4   -4    0    1    6    0.015492   -0.033697
    4   -4    0    2    6    0.003858    0.008442
    4   -4    0    3    6   -0.019499   -0.002698
    4   -4    0    4    6   -0.015433   -0.004019
    4   -4    0    5    6    0.005895    0.010315
    4   -4    0    6    6    0.021794    0.001668
    4   -4    0    7    6    0.011628   -0.011949
    4   -4    0    8    6   -0.004297   -0.003607
    4   -4    0    9    6   -0.002240    0.000232
    4   -4    0   10    6   -0.003917    0.001042
    4   -4    0   11    6    0.001025   -0.017902
    4   -4    0    1    7    0.003033   -0.028707
    4   -4    0    2    7    0.017282    0.004637
    4   -4    0    3    7    0.007115    0.006157
    4   -4    0    4    7    0.004272   -0.013182
    4   -4    0    5    7    0.019347    0.012229
    4   -4    0    6    7    0.002130    0.002406
    4   -4    0    7    7   -0.007957   -0.013626
    4   -4    0    8    7   -0.001221    0.002082
    4   -4    0    9    7   -0.000154    0.011657
    4   -4    0   10    7   -0.001962   -0.000378
    4   -4    0   11    7   -0.034750    0.000775
    4   -4    0    1    8   -0.001032   -0.008501
    4   -4    0    2    8    0.000639   -0.013940
    4   -4    0    3    8   -0.006844   -0.008743
    4   -4    0    4    8    0.006460    0.012797
    4   -4    0    5    8   -0.002852   -0.021254
    4   -4    0    6    8    0.000307    0.006800
    4   -4    0    7    8   -0.005703   -0.001505
    4   -4    0    8    8   -0.000893   -0.000443
    4   -4    0    9    8    0.005384    0.006466
    4   -4    0   10    8    0.001571    0.000895
    4   -4    0   11    8    0.001330   -0.014386
    4   -4    0    1    9   -0.005477   -0.007978
    4   -4    0    2    9    0.004074    0.001010
    4   -4    0    3    9    0.001124    0.008937
    4   -4    0    4    9   -0.000757    0.017787
    4   -4    0    5    9   -0.012630   -0.002639
    4   -4    0    6    9    0.013566   -0.012729
    4   -4    0    7    9    0.000473    0.003067
    4   -4    0    8    9    0.003159   -0.001095
    4   -4    0    9    9    0.003017    0.001133
    4   -4    0   10    9    0.003722   -0.007281
    4   -4    0   11    9    0.002874   -0.006365
    4   -4    0    1   10   -0.016732    0.010466
    4   -4    0    2   10   -0.021487   -0.002538
    4   -4    0    3   10   -0.002091    0.008631
    4   -4    0    4   10   -0.009035    0.007533
    4   -4    0    5   10   -0.008631   -0.001901
    4   -4    0    6   10    0.006587    0.001324
    4   -4    0    7   10   -0.003133    0.004586
    4   -4    0    8   10   -0.000760    0.000249
    4   -4    0    9   10   -0.003327   -0.001525
    4   -4    0   10   10   -0.002133   -0.001507
    4   -4    0   11   10    0.009306    0.002837
    4   -4    0    1   11   -0.005375   -0.001636
    4   -4    0    2   11   -0.013121   -0.014425
    4   -4    0    3   11   -0.000248    0.001954
    4   -4    0    4   11   -0.006573   -0.019617
    4   -4    0    5   11    0.015728   -0.001986
    4   -4    0    6   11   -0.006379   -0.001526
    4   -4    0    7   11   -0.009474    0.010933
    4   -4    0    8   11   -0.002450   -0.015233
    4   -4    0    9   11   -0.005421    0.001814
    4   -4    0   10   11   -0.000661   -0.002715
    4   -4    0   11   11    0.033059    0.011391
    4   -3    0    1    1   -0.001754   -0.003297
    4   -3    0    2    1    0.011034    0.004923
    4   -3    0    3    1    0.007697   -0.005877
    4   -3    0    4    1   -0.000691    0.008063
    4   -3    0    5    1   -0.003091    0.001814
    4   -3    0    6    1   -0.004226    0.017273
    4   -3    0    7    1    0.006836    0.016386
    4   -3    0    8    1   -0.013586    0.006956
    4   -3    0    9    1    0.018568    0.007806
    4   -3    0   10    1   -0.018171   -0.037756
    4   -3    0   11    1    0.000944   -0.001683
    4   -3    0    1    2    0.001647   -0.015596
    4   -3    0    2    2   -0.017096   -0.010245
    4   -3    0    3    2   -0.002232    0.000342
    4   -3    0    4    2    0.010884    0.000465
    4   -3    0    5    2   -0.008173    0.006740
    4   -3    0    6    2    0.015958    0.011809
    4   -3    0    7    2    0.014982   -0.007825
    4   -3    0    8    2    0.017592    0.013644
    4   -3    0    9    2    0.003351   -0.009569
    4   -3    0   10    2   -0.002409   -0.009837
    4   -3    0   11    2   -0.017038    0.013734
    4   -3    0    1    3   -0.004616   -0.003415
    4   -3    0    2    3   -0.008620    0.010285
    4   -3    0    3    3    0.000637    0.013139
    4   -3    0    4    3    0.005190   -0.007965
    4   -3    0    5    3   -0.006573    0.002604
    4   -3    0    6    3   -0.015593   -0.003426
    4   -3    0    7    3   -0.005284   -0.012054
    4   -3    0    8    3   -0.009269    0.004204
    4   -3    0    9    3   -0.007063   -0.007872
    4   -3    0   10    3   -0.016349    0.010771
    4   -3    0   11    3   -0.001344   -0.001441
    4   -3    0    1    4    0.009127   -0.006042
    4   -3    0    2    4    0.011742   -0.010356
    4   -3    0    3    4    0.005986   -0.010221
    4   -3    0    4    4    0.001625    0.007509
    4   -3    0    5    4    0.011338   -0.001207
    4   -3    0    6    4   -0.002066    0.012828
    4   -3    0    7    4    0.007682    0.007379
    4   -3    0    8    4    0.005064    0.004762
    4   -3    0    9    4    0.004399   -0.025819
    4   -3    0   10    4   -0.010773   -0.000479
    4   -3    0   11    4    0.021143    0.014499
    4   -3    0    1    5    0.001200   -0.006677
    4   -3    0    2    5   -0.006050    0.000036
    4   -3    0    3    5   -0.000377   -0.011336
    4   -3    0    4    5   -0.002088    0.004045
    4   -3    0    5    5    0.022051    0.005476
    4   -3    0    6    5   -0.027259    0.011199
    4   -3    0    7    5    0.020303    0.003829
    4   -3    0    8    5    0.023030    0.002773
    4   -3    0    9    5   -0.008854   -0.012669
    4   -3    0   10    5   -0.029965   -0.002632
    4   -3    0   11    5    0.010562   -0.001323
    4   -3    0    1    6    0.003401    0.006105
    4   -3    0    2    6    0.007036    0.016064
    4   -3    0    3    6   -0.019654   -0.016981
    4   -3    0    4    6    0.012615    0.004582
    4   -3    0    5    6    0.004476   -0.021924
    4   -3    0    6    6   -0.008965    0.018312
    4   -3    0    7    6   -0.004247    0.017305
    4   -3    0    8    6    0.006900   -0.002654
    4   -3    0    9    6    0.002077   -0.006437
    4   -3    0   10    6   -0.005831    0.003960
    4   -3    0   11    6    0.022239   -0.006090
    4   -3    0    1    7    0.003255   -0.018944
    4   -3    0    2    7    0.000958   -0.012155
    4   -3    0    3    7    0.011198    0.000633
    4   -3    0    4    7   -0.003278   -0.018074
    4   -3    0    5    7    0.025705    0.004369
    4   -3    0    6    7   -0.000477    0.011398
    4   -3    0    7    7    0.013376   -0.020669
    4   -3    0    8    7   -0.003248    0.003376
    4   -3    0    9    7   -0.005718    0.010759
    4   -3    0   10    7   -0.003823    0.009384
    4   -3    0   11    7   -0.018466   -0.029276
    4   -3    0    1    8    0.002890    0.022717
    4   -3    0    2    8    0.007569   -0.002352
    4   -3    0    3    8    0.004451    0.007252
    4   -3    0    4    8   -0.002778   -0.004879
    4   -3    0    5    8    0.021235    0.023648
    4   -3    0    6    8   -0.001712   -0.001089
    4   -3    0    7    8   -0.004986    0.007109
    4   -3    0    8    8   -0.000126   -0.000918
    4   -3    0    9    8    0.002545   -0.003744
    4   -3    0   10    8    0.001072    0.001396
    4   -3    0   11    8    0.006000    0.009183
    4   -3    0    1    9    0.006330   -0.002979
    4   -3    0    2    9    0.001432   -0.004698
    4   -3    0    3    9    0.017506    0.013612
    4   -3    0    4    9    0.017821    0.002635
    4   -3    0    5    9   -0.015106    0.015334
    4   -3    0    6    9    0.001936    0.005100
    4   -3    0    7    9   -0.007355    0.011441
    4   -3    0    8    9   -0.005467   -0.010789
    4   -3    0    9    9   -0.001879   -0.005298
    4   -3    0   10    9   -0.000658   -0.003303
    4   -3    0   11    9    0.018679    0.009180
    4   -3    0    1   10    0.013334   -0.000639
    4   -3    0    2   10    0.010678   -0.001713
    4   -3    0    3   10    0.006341    0.009971
    4   -3    0    4   10   -0.000326    0.008238
    4   -3    0    5   10   -0.010715   -0.016167
    4   -3    0    6   10    0.002025    0.005678
    4   -3    0    7   10   -0.006786    0.001456
    4   -3    0    8   10   -0.000201   -0.000894
    4   -3    0    9   10    0.006314    0.006027
    4   -3    0   10   10   -0.000598   -0.001637
    4   -3    0   11   10   -0.015266   -0.016313
    4   -3    0    1   11   -0.005453   -0.019556
    4   -3    0    2   11   -0.002514    0.025612
    4   -3    0    3   11    0.003088    0.006746
    4   -3    0    4   11   -0.009934   -0.016078
    4   -3    0    5   11   -0.008607    0.006829
    4   -3    0    6   11   -0.019062   -0.037872
    4   -3    0    7   11    0.029366    0.010376
    4   -3    0    8   11   -0.009674    0.000759
    4   -3    0    9   11   -0.002780   -0.020376
    4   -3    0   10   11   -0.004043    0.010904
    4   -3    0   11   11   -0.007621   -0.002373
    4   -2    0    1    1    0.014188    0.023561
    4   -2    0    2    1    0.005871    0.000387
    4   -2    0    3    1   -0.000907   -0.002841
    4   -2    0    4    1    0.005168    0.004143
    4   -2    0    5    1    0.007575    0.016732
    4   -2    0    6    1   -0.000817   -0.006242
    4   -2    0    7    1   -0.001835   -0.020964
    4   -2    0    8    1   -0.003838    0.002922
    4   -2    0    9    1   -0.008034    0.016468
    4   -2    0   10    1    0.013035    0.001629
    4   -2    0   11    1    0.009482   -0.007161
    4   -2    0    1    2    0.004405   -0.005417
    4   -2    0    2    2    0.006589    0.003514
    4   -2    0    3    2   -0.001176   -0.007172
    4   -2    0    4    2    0.012851    0.003457
    4   -2    0    5    2   -0.009296   -0.005768
    4   -2    0    6    2   -0.001230   -0.008360
    4   -2    0    7    2   -0.002157    0.017913
    4   -2    0    8    2   -0.004074    0.004470
    4   -2    0    9    2    0.006992    0.000052
    4   -2    0   10    2    0.010094   -0.016726
    4   -2    0   11    2   -0.015806   -0.015240
    4   -2    0    1    3   -0.003394   -0.013211
    4   -2    0    2    3   -0.005736   -0.013798
    4   -2    0    3    3    0.001648   -0.002337
    4   -2    0    4    3   -0.002799   -0.003804
    4   -2    0    5    3   -0.007515   -0.000814
    4   -2    0    6    3   -0.007280    0.009176
    4   -2    0    7    3   -0.000196   -0.005610
    4   -2    0    8    3    0.005310   -0.007069
    4   -2    0    9    3   -0.001506   -0.015229
    4   -2    0   10    3   -0.012154   -0.004679
    4   -2    0   11    3    0.012998    0.000653
    4   -2    0    1    4    0.002439    0.007373
    4   -2    0    2    4    0.000870   -0.008954
    4   -2    0    3    4   -0.004733    0.002975
    4   -2    0    4    4    0.013680    0.006643
    4   -2    0    5    4   -0.011178   -0.010853
    4   -2    0    6    4    0.010651   -0.012722
    4   -2    0    7    4    0.003975   -0.003526
    4   -2    0    8    4   -0.009064    0.000050
    4   -2    0    9    4   -0.004170   -0.008024
    4   -2    0   10    4    0.000626   -0.007974
    4   -2    0   11    4    0.025015    0.027374
    4   -2    0    1    5    0.012842    0.001738
    4   -2    0    2    5    0.001807   -0.003747
    4   -2    0    3    5   -0.002818   -0.008435
    4   -2    0    4    5   -0.000367   -0.020286
    4   -2    0    5    5   -0.000765    0.005381
    4   -2    0    6    5    0.011041    0.015053
    4   -2    0    7    5    0.002394   -0.004024
    4   -2    0    8    5   -0.005252   -0.015994
    4   -2    0    9    5   -0.016852   -0.012642
    4   -2    0   10    5    0.027760   -0.010158
    4   -2    0   11    5   -0.004281   -0.007919
    4   -2    0    1    6   -0.037651    0.004383
    4   -2    0    2    6   -0.000904   -0.002545
    4   -2    0    3    6   -0.010919   -0.000661
    4   -2    0    4    6    0.027760    0.005950
    4   -2    0    5    6   -0.021955   -0.022653
    4   -2    0    6    6   -0.026687   -0.015983
    4   -2    0    7    6   -0.015167    0.010757
    4   -2    0    8    6    0.008423    0.007669
    4   -2    0    9    6    0.004202   -0.014049
    4   -2    0   10    6   -0.011540   -0.009787
    4   -2    0   11    6    0.000708    0.034480
    4   -2    0    1    7   -0.014080    0.011569
    4   -2    0    2    7    0.001838   -0.007055
    4   -2    0    3    7    0.013944    0.004624
    4   -2    0    4    7   -0.005695   -0.012468
    4   -2    0    5    7   -0.005046   -0.018122
    4   -2    0    6    7   -0.003734   -0.002737
    4   -2    0    7    7    0.005498    0.011783
    4   -2    0    8    7    0.003601    0.004095
    4   -2    0    9    7   -0.004865    0.002589
    4   -2    0   10    7   -0.007695    0.008272
    4   -2    0   11    7    0.030189    0.007977
    4   -2    0    1    8   -0.006663    0.004203
    4   -2    0    2    8    0.010670   -0.003875
    4   -2    0    3    8   -0.001805    0.010500
    4   -2    0    4    8    0.006995   -0.006391
    4   -2    0    5    8    0.015904    0.010190
    4   -2    0    6    8   -0.000883   -0.001588
    4   -2    0    7    8   -0.000847    0.006757
    4   -2    0    8    8    0.001714   -0.001489
    4   -2    0    9    8    0.004843    0.000654
    4   -2    0   10    8   -0.000113    0.000321
    4   -2    0   11    8   -0.006211    0.019564
    4   -2    0    1    9    0.006372    0.013526
    4   -2    0    2    9   -0.013719   -0.006606
    4   -2    0    3    9    0.004734    0.009507
    4   -2    0    4    9    0.008836    0.011666
    4   -2    0    5    9    0.010810    0.006179
    4   -2    0    6    9   -0.010219    0.000327
    4   -2    0    7    9   -0.001697    0.009323
    4   -2    0    8    9   -0.003743   -0.003036
    4   -2    0    9    9    0.004393    0.005747
    4   -2    0   10    9   -0.011126   -0.000611
    4   -2    0   11    9    0.007129   -0.003884
    4   -2    0    1   10    0.006302   -0.000136
    4   -2    0    2   10    0.007373    0.012363
    4   -2    0    3   10   -0.006821   -0.004530
    4   -2    0    4   10    0.010970    0.005397
    4   -2    0    5   10   -0.013403    0.005292
    4   -2    0    6   10   -0.012560    0.002026
    4   -2    0    7   10    0.000298    0.001552
    4   -2    0    8   10   -0.001817   -0.001238
    4   -2    0    9   10    0.002629   -0.005747
    4   -2    0   10   10    0.000441   -0.000664
    4   -2    0   11   10    0.003309    0.011024
    4   -2    0    1   11    0.002793    0.001909
    4   -2    0    2   11    0.015707    0.013131
    4   -2    0    3   11   -0.010549   -0.008036
    4   -2    0    4   11   -0.008943    0.014935
    4   -2    0    5   11   -0.010290   -0.008835
    4   -2    0    6   11    0.013074    0.016888
    4   -2    0    7   11    0.005464   -0.001720
    4   -2    0    8   11    0.004101    0.016023
    4   -2    0    9   11   -0.002017   -0.004518
    4   -2    0   10   11    0.000659    0.006789
    4   -2    0   11   11   -0.019559   -0.036157
    4   -1    0    1    1   -0.005340   -0.002028
    4   -1    0    2    1   -0.000486   -0.010727
    4   -1    0    3    1   -0.005756    0.004633
    4   -1    0    4    1    0.005257    0.004257
    4   -1    0    5    1   -0.002934    0.005993
    4   -1    0    6    1    0.012103   -0.006373
    4   -1    0    7    1    0.006168   -0.013067
    4   -1    0    8    1    0.008872    0.004882
    4   -1    0    9    1   -0.015469   -0.012220
    4   -1    0   10    1   -0.003696    0.036163
    4   -1    0   11    1    0.000510   -0.004027
    4   -1    0    1    2   -0.016500    0.018543
    4   -1    0    2    2    0.022314    0.021209
    4   -1    0    3    2    0.007854   -0.004293
    4   -1    0    4    2    0.014758    0.001218
    4   -1    0    5    2    0.012308    0.002619
    4   -1    0    6    2   -0.012938   -0.015045
    4   -1    0    7    2   -0.008437    0.005146
    4   -1    0    8    2   -0.011231   -0.011542
    4   -1    0    9    2   -0.000506   -0.005261
    4   -1    0   10    2    0.002989    0.017316
    4   -1    0   11    2   -0.003885   -0.004500
    4   -1    0    1    3   -0.005862   -0.004441
    4   -1    0    2    3    0.013636   -0.006938
    4   -1    0    3    3    0.001277   -0.015853
    4   -1    0    4    3   -0.017146    0.004340
    4   -1    0    5    3   -0.011960   -0.008955
    4   -1    0    6    3    0.004386    0.007681
    4   -1    0    7    3   -0.012022    0.009333
    4   -1    0    8    3    0.001881    0.004698
    4   -1    0    9    3   -0.008943   -0.001435
    4   -1    0   10    3    0.009030    0.003973
    4   -1    0   11    3    0.008912    0.012630
    4   -1    0    1    4   -0.004168    0.009122
    4   -1    0    2    4   -0.014225   -0.000232
    4   -1    0    3    4   -0.001320    0.020392
    4   -1    0    4    4    0.000370    0.005066
    4   -1    0    5    4   -0.014192    0.006442
    4   -1    0    6    4    0.009843   -0.001575
    4   -1    0    7    4   -0.001085   -0.006946
    4   -1    0    8    4   -0.011335   -0.019784
    4   -1    0    9    4   -0.019307    0.019128
    4   -1    0   10    4   -0.002139    0.014898
    4   -1    0   11    4   -0.020332   -0.019106
    4   -1    0    1    5    0.001877    0.016170
    4   -1    0    2    5    0.003225    0.004188
    4   -1    0    3    5    0.005194   -0.009461
    4   -1    0    4    5   -0.012111   -0.009282
    4   -1    0    5    5   -0.018534   -0.033405
    4   -1    0    6    5    0.032748   -0.007461
    4   -1    0    7    5   -0.024489   -0.020685
    4   -1    0    8    5   -0.020797    0.001610
    4   -1    0    9    5   -0.007387    0.027771
    4   -1    0   10    5    0.032983    0.017761
    4   -1    0   11    5   -0.020775   -0.001609
    4   -1    0    1    6   -0.004685   -0.004842
    4   -1    0    2    6   -0.015188   -0.022199
    4   -1    0    3    6    0.018727    0.030339
    4   -1    0    4    6    0.018316   -0.005231
    4   -1    0    5    6   -0.020945    0.005812
    4   -1    0    6    6    0.002188    0.007788
    4   -1    0    7    6    0.022426    0.001495
    4   -1    0    8    6   -0.008234    0.002733
    4   -1    0    9    6    0.010989    0.010328
    4   -1    0   10    6   -0.007680   -0.018415
    4   -1    0   11    6   -0.006970   -0.016109
    4   -1    0    1    7   -0.014735    0.019849
    4   -1    0    2    7   -0.013061    0.012653
    4   -1    0    3    7   -0.001431   -0.011667
    4   -1    0    4    7    0.000045    0.008737
    4   -1    0    5    7   -0.019339   -0.017820
    4   -1    0    6    7    0.004811   -0.006468
    4   -1    0    7    7   -0.015403    0.008009
    4   -1    0    8    7    0.002400   -0.002815
    4   -1    0    9    7    0.006050   -0.012974
    4   -1    0   10    7    0.001106   -0.005717
    4   -1    0   11    7   -0.014093    0.031097
    4   -1    0    1    8    0.010163   -0.015582
    4   -1    0    2    8   -0.007976    0.006653
    4   -1    0    3    8   -0.002353    0.008247
    4   -1    0    4    8    0.015750   -0.007506
    4   -1    0    5    8   -0.033869   -0.020068
    4   -1    0    6    8    0.006874    0.000174
    4   -1    0    7    8    0.006971   -0.004583
    4   -1    0    8    8   -0.000087    0.000138
    4   -1    0    9    8    0.001400   -0.004735
    4   -1    0   10    8    0.000317    0.000077
    4   -1    0   11    8    0.009810   -0.016182
    4   -1    0    1    9   -0.019223   -0.001254
    4   -1    0    2    9   -0.011020    0.008079
    4   -1    0    3    9    0.001126   -0.017451
    4   -1    0    4    9   -0.013136   -0.003159
    4   -1    0    5    9   -0.000589   -0.008124
    4   -1    0    6    9   -0.011283    0.003323
    4   -1    0    7    9    0.006192   -0.008708
    4   -1    0    8    9   -0.004821   -0.000310
    4   -1    0    9    9    0.007508   -0.007050
    4   -1    0   10    9   -0.005745    0.008188
    4   -1    0   11    9   -0.008525   -0.017305
    4   -1    0    1   10   -0.012786   -0.008975
    4   -1    0    2   10   -0.001569   -0.000781
    4   -1    0    3   10    0.016002   -0.008334
    4   -1    0    4   10    0.014908   -0.000820
    4   -1    0    5   10    0.016331    0.023236
    4   -1    0    6   10   -0.007960   -0.000490
    4   -1    0    7   10    0.005352   -0.007644
    4   -1    0    8   10   -0.001715    0.001119
    4   -1    0    9   10    0.002325   -0.000007
    4   -1    0   10   10   -0.001265    0.001707
    4   -1    0   11   10    0.012081    0.010240
    4   -1    0    1   11   -0.000089    0.018163
    4   -1    0    2   11    0.009205   -0.019038
    4   -1    0    3   11   -0.015408   -0.011005
    4   -1    0    4   11   -0.004084    0.006532
    4   -1    0    5   11    0.004999    0.002137
    4   -1    0    6   11    0.007392    0.015445
    4   -1    0    7   11   -0.022554   -0.018469
    4   -1    0    8   11    0.003343   -0.004143
    4   -1    0    9   11   -0.002655    0.000794
    4   -1    0   10   11    0.018586   -0.025634
    4   -1    0   11   11    0.006059    0.014420
    4    0    0    1    1    0.000191   -0.025273
    4    0    0    2    1    0.004955   -0.000263
    4    0    0    3    1    0.000142    0.004985
    4    0    0    4    1   -0.000726   -0.021066
    4    0    0    5    1    0.002602   -0.001414
    4    0    0    6    1    0.000575   -0.007191
    4    0    0    7    1    0.000682    0.006562
    4    0    0    8    1    0.001574   -0.000605
    4    0    0    9    1    0.009291   -0.007280
    4    0    0   10    1   -0.008753   -0.006015
    4    0    0   11    1   -0.007492   -0.002823
    4    0    0    1    2   -0.016653    0.006679
    4    0    0    2    2    0.009489    0.006635
    4    0    0    3    2    0.008632    0.005081
    4    0    0    4    2   -0.015646   -0.014210
    4    0    0    5    2    0.008071    0.005113
    4    0    0    6    2    0.001290    0.007277
    4    0    0    7    2    0.000313   -0.007573
    4    0    0    8    2    0.004232    0.002375
    4    0    0    9    2   -0.000777   -0.013665
    4    0    0   10    2   -0.003423    0.014666
    4    0    0   11    2    0.016992    0.018926
    4    0    0    1    3   -0.010310    0.010781
    4    0    0    2    3   -0.007293    0.000021
    4    0    0    3    3   -0.006122   -0.007519
    4    0    0    4    3   -0.006229    0.017065
    4    0    0    5    3    0.002482   -0.000537
    4    0    0    6    3    0.011783    0.010575
    4    0    0    7    3   -0.009721    0.003074
    4    0    0    8    3   -0.000243    0.006785
    4    0    0    9    3   -0.021275   -0.001986
    4    0    0   10    3    0.012427    0.015472
    4    0    0   11    3   -0.005066   -0.021557
    4    0    0    1    4    0.000013   -0.015364
    4    0    0    2    4   -0.007208    0.004917
    4    0    0    3    4    0.000347   -0.006369
    4    0    0    4    4   -0.009118   -0.010203
    4    0    0    5    4    0.028022    0.014603
    4    0    0    6    4   -0.008470   -0.015473
    4    0    0    7    4   -0.002811    0.015555
    4    0    0    8    4    0.004655    0.009290
    4    0    0    9    4   -0.004094    0.015674
    4    0    0   10    4   -0.005251   -0.005596
    4    0    0   11    4   -0.012416   -0.017084
    4    0    0    1    5    0.012773   -0.001392
    4    0    0    2    5    0.001488    0.008181
    4    0    0    3    5    0.002818   -0.000736
    4    0    0    4    5    0.008788    0.040294
    4    0    0    5    5   -0.005661    0.001904
    4    0    0    6    5    0.013492   -0.019425
    4    0    0    7    5   -0.020023   -0.017862
    4    0    0    8    5    0.018910    0.001798
    4    0    0    9    5    0.015414    0.011083
    4    0    0   10    5   -0.015744    0.005048
    4    0    0   11    5   -0.021446    0.011605
    4    0    0    1    6    0.027766    0.016016
    4    0    0    2    6   -0.003391   -0.000688
    4    0    0    3    6    0.004670    0.004322
    4    0    0    4    6   -0.023280   -0.046233
    4    0    0    5    6    0.000846    0.056440
    4    0    0    6    6    0.011719    0.006285
    4    0    0    7    6    0.031258   -0.015665
    4    0    0    8    6   -0.010651    0.005431
    4    0    0    9    6   -0.011443    0.009905
    4    0    0   10    6   -0.004865   -0.006046
    4    0    0   11    6    0.004720   -0.018376
    4    0    0    1    7    0.014854    0.014385
    4    0    0    2    7    0.004115    0.019175
    4    0    0    3    7   -0.005137   -0.010310
    4    0    0    4    7    0.006366    0.021870
    4    0    0    5    7    0.008960    0.025463
    4    0    0    6    7    0.004383   -0.004093
    4    0    0    7    7    0.014486   -0.007654
    4    0    0    8    7    0.001496    0.003528
    4    0    0    9    7   -0.006216   -0.004155
    4    0    0   10    7    0.000602   -0.005592
    4    0    0   11    7    0.000936   -0.013447
    4    0    0    1    8    0.007369    0.005985
    4    0    0    2    8   -0.021649   -0.010405
    4    0    0    3    8    0.012347    0.002182
    4    0    0    4    8   -0.012226    0.002384
    4    0    0    5    8   -0.016655   -0.026709
    4    0    0    6    8    0.003138    0.007694
    4    0    0    7    8   -0.004739   -0.003396
    4    0    0    8    8   -0.000384   -0.001971
    4    0    0    9    8    0.001261    0.000140
    4    0    0   10    8    0.006010    0.004106
    4    0    0   11    8   -0.000230   -0.026402
    4    0    0    1    9   -0.000719   -0.022587
    4    0    0    2    9    0.011051   -0.004275
    4    0    0    3    9   -0.003956   -0.023073
    4    0    0    4    9   -0.006794   -0.015667
    4    0    0    5    9    0.017045    0.000147
    4    0    0    6    9   -0.001553   -0.005757
    4    0    0    7    9    0.013784   -0.005937
    4    0    0    8    9   -0.004297    0.011194
    4    0    0    9    9   -0.011689   -0.000856
    4    0    0   10    9    0.010145   -0.006809
    4    0    0   11    9    0.010428   -0.005424
    4    0    0    1   10    0.004674   -0.001612
    4    0    0    2   10   -0.005647   -0.001924
    4    0    0    3   10    0.009103    0.007032
    4    0    0    4   10   -0.001275   -0.025742
    4    0    0    5   10    0.003264    0.030732
    4    0    0    6   10    0.016090   -0.004211
    4    0    0    7   10    0.014600   -0.010600
    4    0    0    8   10   -0.001288    0.001363
    4    0    0    9   10   -0.003343   -0.002955
    4    0    0   10   10   -0.001638   -0.001179
    4    0    0   11   10   -0.018330   -0.018830
    4    0    0    1   11   -0.000673   -0.003724
    4    0    0    2   11   -0.005157   -0.015841
    4    0    0    3   11    0.009389    0.010262
    4    0    0    4   11   -0.014494   -0.005416
    4    0    0    5   11    0.026799    0.001531
    4    0    0    6   11   -0.024139   -0.016393
    4    0    0    7   11    0.005873    0.004690
    4    0    0    8   11   -0.006182   -0.011850
    4    0    0    9   11   -0.005702   -0.002410
    4    0    0   10   11   -0.028614   -0.001080
    4    0    0   11   11   -0.000589    0.039831
    4    1    0    1    1   -0.003581    0.017621
    4    1    0    2    1   -0.002855    0.010095
    4    1    0    3    1    0.008615   -0.003774
    4    1    0    4    1    0.000886    0.007347
    4    1    0    5    1   -0.001008   -0.014090
    4    1    0    6    1   -0.000691   -0.001574
    4    1    0    7    1   -0.005125    0.013136
    4    1    0    8    1    0.001637   -0.005805
    4    1    0    9    1    0.015392    0.015076
    4    1    0   10    1    0.012495   -0.008315
    4    1    0   11    1   -0.013225    0.008449
    4    1    0    1    2    0.023633    0.000155
    4    1    0    2    2   -0.020654   -0.013707
    4    1    0    3    2    0.002657   -0.002719
    4    1    0    4    2   -0.010803   -0.008898
    4    1    0    5    2   -0.001694    0.010291
    4    1    0    6    2    0.030307    0.007615
    4    1    0    7    2   -0.004389   -0.012275
    4    1    0    8    2    0.007095   -0.000070
    4    1    0    9    2   -0.006046    0.009931
    4    1    0   10    2   -0.003331   -0.004662
    4    1    0   11    2    0.014066    0.008139
    4    1    0    1    3    0.006377    0.017363
    4    1    0    2    3   -0.018692    0.004919
    4    1    0    3    3   -0.017197    0.005575
    4    1    0    4    3    0.036030    0.012366
    4    1    0    5    3    0.010732    0.015756
    4    1    0    6    3    0.010210   -0.012036
    4    1    0    7    3    0.011298    0.016724
    4    1    0    8    3   -0.009285   -0.008810
    4    1    0    9    3   -0.008097    0.015055
    4    1    0   10    3    0.001920   -0.023230
    4    1    0   11    3    0.010114   -0.011709
    4    1    0    1    4    0.007215   -0.010013
    4    1    0    2    4   -0.001636    0.002618
    4    1    0    3    4    0.018552   -0.011811
    4    1    0    4    4   -0.005535    0.006285
    4    1    0    5    4   -0.002330   -0.032704
    4    1    0    6    4   -0.026737    0.011811
    4    1    0    7    4   -0.013393   -0.009369
    4    1    0    8    4   -0.000837    0.015579
    4    1    0    9    4    0.027482    0.006479
    4    1    0   10    4    0.009224    0.012969
    4    1    0   11    4    0.033954   -0.004409
    4    1    0    1    5   -0.007260   -0.014112
    4    1    0    2    5    0.009836   -0.014145
    4    1    0    3    5   -0.018079    0.014880
    4    1    0    4    5   -0.001606   -0.001851
    4    1    0    5    5    0.023819    0.013058
    4    1    0    6    5   -0.026528   -0.024194
    4    1    0    7    5    0.020879    0.026139
    4    1    0    8    5    0.016883    0.016389
    4    1    0    9    5    0.016944    0.007140
    4    1    0   10    5   -0.042338   -0.034365
    4    1    0   11    5    0.019173    0.006876
    4    1    0    1    6    0.008058   -0.005507
    4    1    0    2    6   -0.000549    0.046453
    4    1    0    3    6   -0.007555   -0.008893
    4    1    0    4    6   -0.017296    0.012945
    4    1    0    5    6    0.001913   -0.024589
    4    1    0    6    6    0.009921   -0.010888
    4    1    0    7    6    0.008352   -0.023713
    4    1    0    8    6    0.001328    0.003230
    4    1    0    9    6   -0.004614    0.017298
    4    1    0   10    6   -0.000578    0.005257
    4    1    0   11    6   -0.005156    0.002088
    4    1    0    1    7    0.012180   -0.007995
    4    1    0    2    7    0.018388   -0.005835
    4    1    0    3    7    0.007011    0.006630
    4    1    0    4    7    0.003756   -0.001449
    4    1    0    5    7    0.000481    0.005358
    4    1    0    6    7    0.012851   -0.004669
    4    1    0    7    7    0.015019   -0.000657
    4    1    0    8    7   -0.006802    0.002570
    4    1    0    9    7    0.000195    0.013473
    4    1    0   10    7   -0.015302   -0.016042
    4    1    0   11    7   -0.017471   -0.028221
    4    1    0    1    8   -0.015855   -0.001607
    4    1    0    2    8    0.012268    0.013688
    4    1    0    3    8    0.002034   -0.018949
    4    1    0    4    8   -0.024230   -0.007793
    4    1    0    5    8    0.014947    0.019129
    4    1    0    6    8   -0.012987   -0.005819
    4    1    0    7    8   -0.004751   -0.006968
    4    1    0    8    8   -0.000706   -0.001060
    4    1    0    9    8    0.000769   -0.007024
    4    1    0   10    8    0.005010    0.001602
    4    1    0   11    8   -0.005737    0.029351
    4    1    0    1    9    0.014325   -0.007591
    4    1    0    2    9   -0.004000   -0.012888
    4    1    0    3    9   -0.009215    0.008301
    4    1    0    4    9    0.000994   -0.001837
    4    1    0    5    9   -0.008659   -0.009871
    4    1    0    6    9   -0.014342   -0.003718
    4    1    0    7    9    0.005480   -0.006782
    4    1    0    8    9    0.002629   -0.000001
    4    1    0    9    9   -0.005568    0.004730
    4    1    0   10    9    0.009983    0.003648
    4    1    0   11    9   -0.000378   -0.011190
    4    1    0    1   10    0.001200    0.011424
    4    1    0    2   10   -0.009725   -0.000048
    4    1    0    3   10   -0.020856    0.002457
    4    1    0    4   10   -0.000903    0.003831
    4    1    0    5   10   -0.002515   -0.029755
    4    1    0    6   10    0.011844    0.002791
    4    1    0    7   10    0.012034   -0.001789
    4    1    0    8   10    0.001350   -0.001246
    4    1    0    9   10   -0.006152    0.006537
    4    1    0   10   10   -0.006007   -0.002549
    4    1    0   11   10   -0.003093    0.001705
    4    1    0    1   11   -0.003106   -0.008794
    4    1    0    2   11   -0.012763    0.020042
    4    1    0    3   11    0.012853    0.016237
    4    1    0    4   11    0.005331    0.020753
    4    1    0    5   11   -0.008341   -0.003158
    4    1    0    6   11    0.007956    0.013431
    4    1    0    7   11    0.001447    0.015398
    4    1    0    8   11    0.011417    0.005817
    4    1    0    9   11    0.004326    0.007470
    4    1    0   10   11   -0.031397    0.030462
    4    1    0   11   11    0.007284   -0.018406
    4    2    0    1    1   -0.003138    0.013225
    4    2    0    2    1   -0.004285   -0.004627
    4    2    0    3    1   -0.001142   -0.006396
    4    2    0    4    1   -0.016644    0.008648
    4    2    0    5    1    0.002942    0.013027
    4    2    0    6    1   -0.007002    0.013443
    4    2    0    7    1   -0.007685   -0.009441
    4    2    0    8    1    0.001299    0.004184
    4    2    0    9    1   -0.012659   -0.005043
    4    2    0   10    1    0.001224    0.013635
    4    2    0   11    1    0.008644    0.003175
    4    2    0    1    2   -0.013655   -0.010769
    4    2    0    2    2    0.026573   -0.001777
    4    2    0    3    2   -0.006500   -0.019424
    4    2    0    4    2   -0.009740    0.008090
    4    2    0    5    2    0.022439   -0.023122
    4    2    0    6    2   -0.001301   -0.016865
    4    2    0    7    2    0.001370    0.008296
    4    2    0    8    2   -0.017301   -0.011349
    4    2    0    9    2   -0.001362    0.013325
    4    2    0   10    2   -0.004246   -0.020346
    4    2    0   11    2   -0.007418   -0.014768
    4    2    0    1    3   -0.000603   -0.000916
    4    2    0    2    3    0.012348    0.014437
    4    2    0    3    3    0.013616    0.011631
    4    2    0    4    3    0.005958   -0.025166
    4    2    0    5    3   -0.012749   -0.009317
    4    2    0    6    3    0.012684   -0.013737
    4    2    0    7    3    0.011313    0.013148
    4    2    0    8    3    0.018928    0.009258
    4    2    0    9    3    0.026204    0.017245
    4    2    0   10    3    0.028602   -0.003539
    4    2    0   11    3    0.003354    0.012136
    4    2    0    1    4   -0.010095    0.001834
    4    2    0    2    4    0.014921   -0.006186
    4    2    0    3    4    0.000595   -0.017879
    4    2    0    4    4    0.025152    0.008180
    4    2    0    5    4   -0.008853    0.025656
    4    2    0    6    4   -0.006221    0.021827
    4    2    0    7    4   -0.018075    0.005877
    4    2    0    8    4   -0.004906   -0.010519
    4    2    0    9    4   -0.004892   -0.004621
    4    2    0   10    4    0.047244    0.016964
    4    2    0   11    4    0.011814   -0.003071
    4    2    0    1    5   -0.005638    0.002519
    4    2    0    2    5    0.003121   -0.005495
    4    2    0    3    5    0.010882    0.009375
    4    2    0    4    5    0.001463   -0.005656
    4    2    0    5    5   -0.030173    0.020122
    4    2    0    6    5   -0.009417    0.017047
    4    2    0    7    5   -0.000334    0.030874
    4    2    0    8    5   -0.036129   -0.012270
    4    2    0    9    5   -0.005504   -0.018079
    4    2    0   10    5    0.035505   -0.006481
    4    2    0   11    5    0.007889    0.018519
    4    2    0    1    6    0.007480   -0.012925
    4    2    0    2    6   -0.015219   -0.029710
    4    2    0    3    6    0.036859    0.002441
    4    2    0    4    6   -0.028692    0.005451
    4    2    0    5    6    0.032539    0.011369
    4    2    0    6    6   -0.019079   -0.005047
    4    2    0    7    6    0.004029   -0.011174
    4    2    0    8    6    0.008564   -0.002239
    4    2    0    9    6    0.000079   -0.006601
    4    2    0   10    6   -0.015740   -0.007863
    4    2    0   11    6   -0.012620   -0.012448
    4    2    0    1    7    0.017744    0.001415
    4    2    0    2    7   -0.012146    0.007870
    4    2    0    3    7   -0.022975   -0.010924
    4    2    0    4    7    0.009983   -0.004844
    4    2    0    5    7   -0.005165   -0.003951
    4    2    0    6    7   -0.008553   -0.010447
    4    2    0    7    7   -0.008525   -0.009887
    4    2    0    8    7    0.001252    0.005174
    4    2    0    9    7   -0.006682   -0.006020
    4    2    0   10    7   -0.014036   -0.009172
    4    2    0   11    7   -0.034996    0.029154
    4    2    0    1    8    0.007767   -0.008441
    4    2    0    2    8   -0.000240   -0.000839
    4    2    0    3    8    0.004732   -0.003210
    4    2    0    4    8   -0.014570    0.000542
    4    2    0    5    8   -0.002235    0.032509
    4    2    0    6    8    0.000644   -0.001653
    4    2    0    7    8   -0.003818    0.007741
    4    2    0    8    8    0.003527    0.001165
    4    2    0    9    8    0.005910    0.003567
    4    2    0   10    8    0.003616   -0.003804
    4    2    0   11    8    0.020804    0.003645
    4    2    0    1    9   -0.008821    0.001362
    4    2    0    2    9   -0.011099    0.003454
    4    2    0    3    9   -0.039519   -0.017945
    4    2    0    4    9   -0.021783    0.004273
    4    2    0    5    9   -0.003652    0.023718
    4    2    0    6    9    0.009044    0.011075
    4    2    0    7    9   -0.012031    0.008204
    4    2    0    8    9    0.003767    0.005645
    4    2    0    9    9    0.002347    0.001865
    4    2    0   10    9    0.025547    0.010423
    4    2    0   11    9   -0.019818   -0.015852
    4    2    0    1   10   -0.011082   -0.010375
    4    2    0    2   10   -0.002166   -0.003536
    4    2    0    3   10   -0.003874   -0.017906
    4    2    0    4   10   -0.003888    0.001709
    4    2    0    5   10    0.009601    0.010246
    4    2    0    6   10   -0.001725    0.000665
    4    2    0    7   10   -0.006551   -0.000990
    4    2    0    8   10    0.003569    0.000196
    4    2    0    9   10    0.005183   -0.006708
    4    2    0   10   10   -0.001859    0.001429
    4    2    0   11   10    0.011274    0.007084
    4    2    0    1   11   -0.001925   -0.000650
    4    2    0    2   11   -0.002048    0.021402
    4    2    0    3   11   -0.001296   -0.009040
    4    2    0    4   11    0.042670    0.029527
    4    2    0    5   11   -0.013721   -0.011595
    4    2    0    6   11    0.031733    0.017631
    4    2    0    7   11   -0.012289   -0.020498
    4    2    0    8   11   -0.003338    0.008970
    4    2    0    9   11   -0.006693    0.020918
    4    2    0   10   11    0.049810   -0.024680
    4    2    0   11   11   -0.002020   -0.040907
    4    3    0    1    1    0.005191   -0.017956
    4    3    0    2    1    0.008556   -0.003380
    4    3    0    3    1   -0.002574    0.003487
    4    3    0    4    1    0.006275   -0.012124
    4    3    0    5    1    0.014287   -0.020017
    4    3    0    6    1   -0.009508    0.000966
    4    3    0    7    1   -0.006565   -0.007065
    4    3    0    8    1   -0.006796   -0.008069
    4    3    0    9    1   -0.007912   -0.007698
    4    3    0   10    1   -0.002528   -0.009484
    4    3    0   11    1    0.007289    0.003481
    4    3    0    1    2    0.000013    0.011289
    4    3    0    2    2   -0.008764    0.020057
    4    3    0    3    2    0.016533    0.008620
    4    3    0    4    2   -0.008569    0.018319
    4    3    0    5    2   -0.006086    0.015375
    4    3    0    6    2   -0.000929   -0.017594
    4    3    0    7    2    0.007599   -0.011438
    4    3    0    8    2    0.011235    0.003314
    4    3    0    9    2    0.015964    0.005691
    4    3    0   10    2    0.050893    0.012630
    4    3    0   11    2   -0.022274    0.016308
    4    3    0    1    3    0.002593   -0.001714
    4    3    0    2    3   -0.001353    0.008513
    4    3    0    3    3    0.018931   -0.015374
    4    3    0    4    3   -0.014584    0.001502
    4    3    0    5    3   -0.007354    0.011770
    4    3    0    6    3    0.016791    0.002878
    4    3    0    7    3    0.005406   -0.009555
    4    3    0    8    3    0.027703   -0.023942
    4    3    0    9    3    0.007055   -0.015300
    4    3    0   10    3   -0.030590    0.026809
    4    3    0   11    3   -0.006508   -0.008980
    4    3    0    1    4    0.000252    0.012931
    4    3    0    2    4   -0.008353    0.005189
    4    3    0    3    4   -0.006958    0.006048
    4    3    0    4    4    0.003309   -0.012627
    4    3    0    5    4   -0.002886   -0.007005
    4    3    0    6    4    0.003516   -0.004810
    4    3    0    7    4    0.021506    0.025630
    4    3    0    8    4   -0.026820    0.023521
    4    3    0    9    4   -0.008123   -0.015663
    4    3    0   10    4   -0.045232   -0.002497
    4    3    0   11    4   -0.023764    0.001404
    4    3    0    1    5    0.003140    0.000083
    4    3    0    2    5    0.002018   -0.010098
    4    3    0    3    5   -0.008827   -0.001557
    4    3    0    4    5    0.013658    0.015619
    4    3    0    5    5    0.030089    0.001681
    4    3    0    6    5    0.017710    0.019657
    4    3    0    7    5    0.004952   -0.008720
    4    3    0    8    5   -0.004132   -0.010897
    4    3    0    9    5   -0.004825    0.007095
    4    3    0   10    5    0.004611    0.039813
    4    3    0   11    5    0.015451   -0.006632
    4    3    0    1    6   -0.019550    0.005343
    4    3    0    2    6    0.011351    0.015566
    4    3    0    3    6   -0.081196    0.014713
    4    3    0    4    6    0.075573    0.003381
    4    3    0    5    6   -0.004202   -0.027594
    4    3    0    6    6   -0.042418    0.014505
    4    3    0    7    6    0.005923    0.010313
    4    3    0    8    6    0.002960    0.002234
    4    3    0    9    6   -0.012955   -0.004437
    4    3    0   10    6   -0.007801   -0.006284
    4    3    0   11    6    0.022903    0.015347
    4    3    0    1    7    0.003555    0.018508
    4    3    0    2    7   -0.004350   -0.016255
    4    3    0    3    7    0.003355    0.012986
    4    3    0    4    7   -0.028356   -0.010784
    4    3    0    5    7   -0.010178    0.007648
    4    3    0    6    7   -0.010975    0.000835
    4    3    0    7    7    0.003484    0.000491
    4    3    0    8    7   -0.012403    0.002638
    4    3    0    9    7   -0.010763    0.011958
    4    3    0   10    7    0.017978   -0.012219
    4    3    0   11    7    0.035045    0.003812
    4    3    0    1    8   -0.000541    0.013170
    4    3    0    2    8    0.000869   -0.022397
    4    3    0    3    8   -0.009335   -0.015424
    4    3    0    4    8    0.023795    0.019706
    4    3    0    5    8    0.036582   -0.009703
    4    3    0    6    8    0.012860   -0.004742
    4    3    0    7    8   -0.002839    0.011432
    4    3    0    8    8    0.002475   -0.001707
    4    3    0    9    8    0.015344    0.003466
    4    3    0   10    8    0.011440   -0.006450
    4    3    0   11    8   -0.005484   -0.023678
    4    3    0    1    9   -0.009203   -0.010169
    4    3    0    2    9    0.000860   -0.003107
    4    3    0    3    9    0.043938   -0.005725
    4    3    0    4    9    0.035399    0.012491
    4    3    0    5    9    0.010719   -0.012355
    4    3    0    6    9   -0.001795    0.000310
    4    3    0    7    9   -0.004905    0.015902
    4    3    0    8    9    0.016459   -0.004897
    4    3    0    9    9    0.012909   -0.009411
    4    3    0   10    9   -0.006169   -0.023642
    4    3    0   11    9   -0.012190    0.006414
    4    3    0    1   10    0.008808    0.001315
    4    3    0    2   10    0.020327    0.014128
    4    3    0    3   10    0.017198    0.002813
    4    3    0    4   10    0.027744   -0.007596
    4    3    0    5   10    0.008192   -0.022260
    4    3    0    6   10   -0.007505   -0.002306
    4    3    0    7   10   -0.003709    0.003067
    4    3    0    8   10    0.002762    0.000832
    4    3    0    9   10   -0.005951   -0.004355
    4    3    0   10   10   -0.000561   -0.004781
    4    3    0   11   10   -0.004246   -0.005012
    4    3    0    1   11    0.001570   -0.013005
    4    3    0    2   11   -0.000420   -0.024060
    4    3    0    3   11    0.001619    0.005990
    4    3    0    4   11   -0.000983   -0.039484
    4    3    0    5   11    0.001995    0.004069
    4    3    0    6   11   -0.016950   -0.024785
    4    3    0    7   11    0.006557   -0.001439
    4    3    0    8   11   -0.003355    0.004510
    4    3    0    9   11   -0.015158    0.000742
    4    3    0   10   11    0.015861   -0.018404
    4    3    0   11   11   -0.027851    0.025123
    4    4    0    1    1   -0.013068    0.001541
    4    4    0    2    1   -0.007288    0.010593
    4    4    0    3    1   -0.002967   -0.002578
    4    4    0    4    1    0.005573    0.004718
    4    4    0    5    1   -0.009373   -0.003230
    4    4    0    6    1    0.011738   -0.012291
    4    4    0    7    1    0.016255    0.009671
    4    4    0    8    1    0.000219   -0.005848
    4    4    0    9    1    0.002238   -0.004155
    4    4    0   10    1    0.002932    0.002810
    4    4    0   11    1   -0.008745    0.009262
    4    4    0    1    2   -0.004366   -0.004814
    4    4    0    2    2    0.009530   -0.004949
    4    4    0    3    2   -0.038509    0.004374
    4    4    0    4    2    0.007030   -0.017286
    4    4    0    5    2    0.016418   -0.009544
    4    4    0    6    2    0.011753   -0.000176
    4    4    0    7    2    0.020423    0.008905
    4    4    0    8    2    0.015362   -0.012771
    4    4    0    9    2   -0.018325   -0.001752
    4    4    0   10    2   -0.029581   -0.014702
    4    4    0   11    2    0.011490   -0.001876
    4    4    0    1    3    0.008547    0.008351
    4    4    0    2    3    0.006113    0.001974
    4    4    0    3    3   -0.005518    0.015945
    4    4    0    4    3   -0.020695   -0.001969
    4    4    0    5    3    0.004677    0.003580
    4    4    0    6    3   -0.023375   -0.012211
    4    4    0    7    3    0.002957    0.007964
    4    4    0    8    3   -0.052343    0.016010
    4    4    0    9    3    0.002349    0.012238
    4    4    0   10    3    0.009637   -0.021125
    4    4    0   11    3   -0.014067    0.004626
    4    4    0    1    4   -0.007367   -0.010219
    4    4    0    2    4   -0.007961    0.001397
    4    4    0    3    4   -0.025316    0.000503
    4    4    0    4    4   -0.007783   -0.004504
    4    4    0    5    4   -0.000002   -0.011434
    4    4    0    6    4    0.054309   -0.014085
    4    4    0    7    4    0.017683   -0.005363
    4    4    0    8    4    0.074888   -0.009227
    4    4    0    9    4    0.029886   -0.015079
    4    4    0   10    4   -0.032298    0.000506
    4    4    0   11    4   -0.053446   -0.002629
    4    4    0    1    5   -0.008998   -0.010569
    4    4    0    2    5   -0.013851    0.007587
    4    4    0    3    5    0.009094    0.004528
    4    4    0    4    5   -0.012168   -0.012595
    4    4    0    5    5   -0.007882   -0.011462
    4    4    0    6    5    0.002216   -0.023851
    4    4    0    7    5   -0.006274   -0.005763
    4    4    0    8    5   -0.017833   -0.013690
    4    4    0    9    5   -0.011336   -0.016264
    4    4    0   10    5   -0.012416   -0.029740
    4    4    0   11    5   -0.022423   -0.008996
    4    4    0    1    6   -0.026147   -0.003229
    4    4    0    2    6    0.000187   -0.011398
    4    4    0    3    6    0.027497   -0.012171
    4    4    0    4    6   -0.022354    0.010990
    4    4    0    5    6   -0.009909    0.009791
    4    4    0    6    6   -0.006195   -0.000905
    4    4    0    7    6    0.007027    0.003263
    4    4    0    8    6   -0.003993   -0.003016
    4    4    0    9    6    0.011939   -0.000601
    4    4    0   10    6    0.003695   -0.001916
    4    4    0   11    6   -0.013050    0.001784
    4    4    0    1    7   -0.020554   -0.013314
    4    4    0    2    7    0.007697    0.003245
    4    4    0    3    7    0.003685    0.000244
    4    4    0    4    7    0.051842   -0.015453
    4    4    0    5    7    0.011663   -0.013559
    4    4    0    6    7    0.005303   -0.001926
    4    4    0    7    7    0.014327    0.013208
    4    4    0    8    7   -0.012622   -0.001482
    4    4    0    9    7   -0.004116    0.001325
    4    4    0   10    7    0.018442   -0.003274
    4    4    0   11    7    0.017519   -0.002625
    4    4    0    1    8   -0.012927   -0.002632
    4    4    0    2    8   -0.013860    0.017330
    4    4    0    3    8   -0.025646    0.007198
    4    4    0    4    8    0.027773    0.003537
    4    4    0    5    8   -0.019596   -0.011292
    4    4    0    6    8    0.007689   -0.002669
    4    4    0    7    8   -0.000226   -0.000876
    4    4    0    8    8    0.001999    0.001323
    4    4    0    9    8    0.008615   -0.012163
    4    4    0   10    8    0.012694    0.002106
    4    4    0   11    8   -0.013830    0.016232
    4    4    0    1    9    0.001338   -0.011034
    4    4    0    2    9    0.000602    0.006849
    4    4    0    3    9   -0.022807    0.013790
    4    4    0    4    9   -0.012091    0.007054
    4    4    0    5    9   -0.015115   -0.003266
    4    4    0    6    9   -0.006699    0.003370
    4    4    0    7    9   -0.005386   -0.005871
    4    4    0    8    9    0.001366   -0.006577
    4    4    0    9    9   -0.003220   -0.021623
    4    4    0   10    9   -0.006291    0.007373
    4    4    0   11    9   -0.000633    0.009677
    4    4    0    1   10    0.003753    0.019870
    4    4    0    2   10    0.001752   -0.022847
    4    4    0    3   10   -0.011054    0.006468
    4    4    0    4   10   -0.062585   -0.008105
    4    4    0    5   10   -0.006831    0.019921
    4    4    0    6   10   -0.008820   -0.006571
    4    4    0    7   10    0.002797    0.004191
    4    4    0    8   10    0.002416    0.002147
    4    4    0    9   10    0.007497    0.003102
    4    4    0   10   10    0.001514   -0.007923
    4    4    0   11   10    0.002695   -0.002565
    4    4    0    1   11   -0.016969    0.006602
    4    4    0    2   11   -0.001354    0.013395
    4    4    0    3   11   -0.027269    0.006545
    4    4    0    4   11   -0.043695   -0.013788
    4    4    0    5   11   -0.026261   -0.003971
    4    4    0    6   11   -0.009817    0.015076
    4    4    0    7   11   -0.003605    0.028413
    4    4    0    8   11    0.010192   -0.026363
    4    4    0    9   11   -0.016996    0.002884
    4    4    0   10   11   -0.046144    0.022302
    4    4    0   11   11    0.016980    0.019349
    4    5    0    1    1   -0.012618    0.013743
    4    5    0    2    1    0.010683   -0.004526
    4    5    0    3    1   -0.002252    0.006924
    4    5    0    4    1    0.013177    0.009042
    4    5    0    5    1   -0.004147    0.009487
    4    5    0    6    1    0.010085    0.012842
    4    5    0    7    1    0.015123    0.012358
    4    5    0    8    1    0.003755    0.016587
    4    5    0    9    1    0.003329    0.006830
    4    5    0   10    1   -0.021433    0.008906
    4    5    0   11    1    0.004705   -0.007148
    4    5    0    1    2   -0.008994    0.007185
    4    5    0    2    2   -0.000999   -0.003288
    4    5    0    3    2   -0.000022   -0.001926
    4    5    0    4    2   -0.004617    0.013097
    4    5    0    5    2   -0.009888   -0.008912
    4    5    0    6    2    0.012625   -0.017787
    4    5    0    7    2   -0.005976   -0.025714
    4    5    0    8    2   -0.013653    0.004045
    4    5    0    9    2    0.005870    0.000764
    4    5    0   10    2    0.030176    0.038573
    4    5    0   11    2   -0.020777    0.015004
    4    5    0    1    3   -0.001857    0.001584
    4    5    0    2    3    0.009154   -0.002447
    4    5    0    3    3   -0.006196    0.005926
    4    5    0    4    3    0.017091    0.003101
    4    5    0    5    3    0.005648    0.006278
    4    5    0    6    3   -0.037018    0.005545
    4    5    0    7    3   -0.003379   -0.024971
    4    5    0    8    3    0.008559   -0.005432
    4    5    0    9    3   -0.002857   -0.004561
    4    5    0   10    3   -0.002961    0.009706
    4    5    0   11    3    0.013235   -0.002413
    4    5    0    1    4    0.020767   -0.011715
    4    5    0    2    4    0.014940    0.013677
    4    5    0    3    4    0.022397    0.006854
    4    5    0    4    4    0.002464    0.001798
    4    5    0    5    4   -0.014671    0.013022
    4    5    0    6    4    0.007686    0.002697
    4    5    0    7    4   -0.052241    0.000044
    4    5    0    8    4   -0.026597   -0.004926
    4    5    0    9    4    0.000482    0.004907
    4    5    0   10    4    0.075180   -0.024276
    4    5    0   11    4    0.029991    0.019947
    4    5    0    1    5    0.003475    0.001700
    4    5    0    2    5    0.002621   -0.013213
    4    5    0    3    5   -0.014465   -0.011535
    4    5    0    4    5   -0.000428    0.011579
    4    5    0    5    5    0.007091    0.018341
    4    5    0    6    5   -0.004907    0.002933
    4    5    0    7    5    0.004201   -0.003139
    4    5    0    8    5    0.017433    0.031778
    4    5    0    9    5    0.002351    0.000272
    4    5    0   10    5   -0.007798    0.022313
    4    5    0   11    5    0.013876    0.014516
    4    5    0    1    6    0.011503    0.000699
    4    5    0    2    6    0.007240   -0.001964
    4    5    0    3    6    0.009209   -0.003844
    4    5    0    4    6   -0.001206   -0.021397
    4    5    0    5    6   -0.002501   -0.014158
    4    5    0    6    6    0.005641   -0.008380
    4    5    0    7    6   -0.001603   -0.005504
    4    5    0    8    6    0.000741   -0.002082
    4    5    0    9    6   -0.008175   -0.000933
    4    5    0   10    6    0.006196   -0.004286
    4    5    0   11    6    0.012840   -0.015590
    4    5    0    1    7   -0.005048   -0.017848
    4    5    0    2    7   -0.000324   -0.008718
    4    5    0    3    7   -0.024437    0.004482
    4    5    0    4    7   -0.016724    0.020444
    4    5    0    5    7   -0.011984    0.008051
    4    5    0    6    7    0.005666    0.007912
    4    5    0    7    7   -0.004504   -0.007549
    4    5    0    8    7    0.005012   -0.003638
    4    5    0    9    7    0.000241    0.001052
    4    5    0   10    7   -0.010609    0.019320
    4    5    0   11    7   -0.041691    0.003953
    4    5    0    1    8    0.014420   -0.000988
    4    5    0    2    8    0.023582   -0.008018
    4    5    0    3    8    0.049480    0.016454
    4    5    0    4    8   -0.055386   -0.028987
    4    5    0    5    8    0.008078    0.024470
    4    5    0    6    8    0.001257    0.003342
    4    5    0    7    8   -0.000740    0.002287
    4    5    0    8    8   -0.001563    0.003215
    4    5    0    9    8   -0.010581   -0.009983
    4    5    0   10    8    0.002421   -0.005678
    4    5    0   11    8    0.013332   -0.002727
    4    5    0    1    9   -0.009025    0.001136
    4    5    0    2    9    0.000106    0.011551
    4    5    0    3    9    0.007371    0.005333
    4    5    0    4    9   -0.008709   -0.028449
    4    5    0    5    9    0.004627   -0.004154
    4    5    0    6    9   -0.000101   -0.000326
    4    5    0    7    9   -0.008979    0.010525
    4    5    0    8    9   -0.003025   -0.001285
    4    5    0    9    9   -0.008084   -0.001623
    4    5    0   10    9    0.009072   -0.011072
    4    5    0   11    9    0.002060    0.000401
    4    5    0    1   10   -0.003256   -0.010014
    4    5    0    2   10   -0.008775    0.029895
    4    5    0    3   10   -0.010415   -0.002704
    4    5    0    4   10    0.021253   -0.004926
    4    5    0    5   10    0.011576   -0.008461
    4    5    0    6   10   -0.000929   -0.005050
    4    5    0    7   10   -0.005531   -0.001828
    4    5    0    8   10   -0.003641    0.000726
    4    5    0    9   10   -0.004170   -0.011397
    4    5    0   10   10    0.000895   -0.001604
    4    5    0   11   10   -0.000204    0.006909
    4    5    0    1   11   -0.003116    0.013928
    4    5    0    2   11    0.007640   -0.017519
    4    5    0    3   11    0.028697   -0.005345
    4    5    0    4   11    0.017441    0.021246
    4    5    0    5   11    0.006007    0.022898
    4    5    0    6   11    0.023892    0.009774
    4    5    0    7   11   -0.011308    0.007924
    4    5    0    8   11   -0.008057    0.004947
    4    5    0    9   11    0.023045    0.026330
    4    5    0   10   11   -0.000976   -0.004648
    4    5    0   11   11    0.016960   -0.020578
    4    6    0    1    1    0.026626   -0.001167
    4    6    0    2    1    0.001000   -0.016848
    4    6    0    3    1    0.005375    0.003642
    4    6    0    4    1   -0.021872    0.001322
    4    6    0    5    1    0.002536   -0.009019
    4    6    0    6    1   -0.015348    0.000558
    4    6    0    7    1   -0.011888   -0.014543
    4    6    0    8    1   -0.003707    0.002861
    4    6    0    9    1    0.008824    0.000957
    4    6    0   10    1   -0.004033   -0.013615
    4    6    0   11    1    0.008147   -0.014137
    4    6    0    1    2   -0.001197   -0.000810
    4    6    0    2    2   -0.000968   -0.001772
    4    6    0    3    2   -0.001767    0.013636
    4    6    0    4    2   -0.010127    0.015876
    4    6    0    5    2   -0.000003   -0.001904
    4    6    0    6    2   -0.012321    0.012670
    4    6    0    7    2    0.003850    0.020457
    4    6    0    8    2   -0.001257    0.006054
    4    6    0    9    2    0.008262   -0.010395
    4    6    0   10    2   -0.035619   -0.038845
    4    6    0   11    2    0.015225    0.006210
    4    6    0    1    3   -0.000058   -0.003757
    4    6    0    2    3   -0.005954   -0.008927
    4    6    0    3    3   -0.013451   -0.018537
    4    6    0    4    3    0.003737    0.016009
    4    6    0    5    3    0.006713   -0.000243
    4    6    0    6    3    0.059199   -0.000853
    4    6    0    7    3    0.015511    0.001993
    4    6    0    8    3    0.009746   -0.008899
    4    6    0    9    3   -0.008463   -0.002522
    4    6    0   10    3   -0.003969   -0.010775
    4    6    0   11    3   -0.018795    0.006212
    4    6    0    1    4   -0.008468    0.022169
    4    6    0    2    4   -0.002626   -0.003053
    4    6    0    3    4    0.012169    0.001113
    4    6    0    4    4    0.002808    0.001935
    4    6    0    5    4    0.005229    0.007369
    4    6    0    6    4   -0.045568   -0.001462
    4    6    0    7    4    0.040160    0.000315
    4    6    0    8    4   -0.020633    0.002471
    4    6    0    9    4   -0.021534    0.026080
    4    6    0   10    4   -0.010888   -0.004296
    4    6    0   11    4    0.022372   -0.002106
    4    6    0    1    5   -0.000391   -0.004559
    4    6    0    2    5   -0.011582   -0.002124
    4    6    0    3    5    0.009712   -0.003278
    4    6    0    4    5    0.019056    0.000685
    4    6    0    5    5    0.005178    0.008914
    4    6    0    6    5   -0.005792   -0.002121
    4    6    0    7    5   -0.008625    0.017694
    4    6    0    8    5   -0.005056    0.002253
    4    6    0    9    5    0.004690   -0.000256
    4    6    0   10    5    0.000547   -0.022689
    4    6    0   11    5    0.007394   -0.006143
    4    6    0    1    6    0.017085    0.029034
    4    6    0    2    6   -0.003895    0.007490
    4    6    0    3    6    0.022385    0.003927
    4    6    0    4    6   -0.009929    0.001415
    4    6    0    5    6    0.011887    0.007084
    4    6    0    6    6    0.004803    0.007086
    4    6    0    7    6   -0.007327    0.002171
    4    6    0    8    6    0.000698    0.002072
    4    6    0    9    6   -0.005642    0.019978
    4    6    0   10    6    0.007472    0.000435
    4    6    0   11    6    0.003206    0.015647
    4    6    0    1    7    0.013262    0.026405
    4    6    0    2    7   -0.007325    0.016430
    4    6    0    3    7   -0.011426    0.007174
    4    6    0    4    7   -0.008142    0.010239
    4    6    0    5    7    0.000013    0.002815
    4    6    0    6    7    0.003117   -0.006096
    4    6    0    7    7   -0.001390    0.001431
    4    6    0    8    7    0.006568    0.002881
    4    6    0    9    7    0.015411   -0.013596
    4    6    0   10    7   -0.002547   -0.000356
    4    6    0   11    7    0.016773   -0.004047
    4    6    0    1    8    0.008930    0.007962
    4    6    0    2    8   -0.007776    0.011516
    4    6    0    3    8   -0.026010   -0.009447
    4    6    0    4    8    0.021412    0.004187
    4    6    0    5    8    0.003839   -0.023459
    4    6    0    6    8   -0.000932   -0.004816
    4    6    0    7    8    0.000523   -0.001414
    4    6    0    8    8    0.000726    0.001327
    4    6    0    9    8   -0.012508    0.005509
    4    6    0   10    8   -0.001507   -0.000307
    4    6    0   11    8    0.006084   -0.002393
    4    6    0    1    9    0.006729    0.004740
    4    6    0    2    9   -0.001426   -0.009390
    4    6    0    3    9   -0.022685   -0.004621
    4    6    0    4    9   -0.017268   -0.008993
    4    6    0    5    9    0.000675   -0.023542
    4    6    0    6    9   -0.001553    0.003697
    4    6    0    7    9    0.008446    0.002493
    4    6    0    8    9   -0.003894    0.000962
    4    6    0    9    9    0.002163    0.000500
    4    6    0   10    9    0.000549   -0.002819
    4    6    0   11    9    0.000680    0.017468
    4    6    0    1   10    0.012209   -0.022199
    4    6    0    2   10    0.002921   -0.026695
    4    6    0    3   10    0.008098    0.002969
    4    6    0    4   10    0.001821    0.012502
    4    6    0    5   10   -0.000163   -0.012248
    4    6    0    6   10    0.006469    0.002193
    4    6    0    7   10    0.004930   -0.005386
    4    6    0    8   10   -0.002693    0.000147
    4    6    0    9   10   -0.013185    0.008208
    4    6    0   10   10    0.001950    0.002377
    4    6    0   11   10   -0.013341   -0.003089
    4    6    0    1   11    0.012880   -0.002789
    4    6    0    2   11    0.000935    0.011085
    4    6    0    3   11    0.000278   -0.018442
    4    6    0    4   11    0.025165    0.014219
    4    6    0    5   11   -0.005548   -0.011608
    4    6    0    6   11   -0.009033   -0.021821
    4    6    0    7   11    0.009020   -0.029599
    4    6    0    8   11    0.003004    0.019110
    4    6    0    9   11    0.033251   -0.006102
    4    6    0   10   11    0.017672   -0.010692
    4    6    0   11   11   -0.027305   -0.002095
    4    7    0    1    1    0.012601   -0.002441
    4    7    0    2    1   -0.009095    0.012031
    4    7    0    3    1   -0.001749    0.001441
    4    7    0    4    1    0.005534   -0.011237
    4    7    0    5    1    0.001217   -0.001205
    4    7    0    6    1   -0.008358   -0.022456
    4    7    0    7    1   -0.014185   -0.018373
    4    7    0    8    1    0.004618   -0.014819
    4    7    0    9    1   -0.015214   -0.008906
    4    7    0   10    1    0.031130    0.017154
    4    7    0   11    1   -0.000206    0.006490
    4    7    0    1    2    0.010533    0.008124
    4    7    0    2    2    0.006696   -0.009147
    4    7    0    3    2    0.021235    0.009010
    4    7    0    4    2    0.000937    0.000573
    4    7    0    5    2    0.003149   -0.001169
    4    7    0    6    2   -0.008100    0.002370
    4    7    0    7    2   -0.015830    0.008457
    4    7    0    8    2   -0.015129    0.000679
    4    7    0    9    2    0.004499    0.024556
    4    7    0   10    2    0.002656   -0.000383
    4    7    0   11    2    0.024107   -0.026518
    4    7    0    1    3    0.007281   -0.008349
    4    7    0    2    3    0.010021   -0.005974
    4    7    0    3    3    0.003732   -0.000344
    4    7    0    4    3    0.004382   -0.005004
    4    7    0    5    3    0.008666   -0.008664
    4    7    0    6    3   -0.021372    0.004732
    4    7    0    7    3    0.000798   -0.008567
    4    7    0    8    3    0.005891    0.002055
    4    7    0    9    3    0.024863   -0.004727
    4    7    0   10    3    0.000831    0.002554
    4    7    0   11    3    0.007863   -0.003366
    4    7    0    1    4    0.000170    0.003193
    4    7    0    2    4    0.011672    0.003462
    4    7    0    3    4   -0.006529   -0.012437
    4    7    0    4    4   -0.006272   -0.003114
    4    7    0    5    4   -0.003609   -0.000653
    4    7    0    6    4    0.006796   -0.003298
    4    7    0    7    4   -0.022868   -0.010359
    4    7    0    8    4    0.004595   -0.007544
    4    7    0    9    4   -0.001947    0.002159
    4    7    0   10    4   -0.001380    0.010031
    4    7    0   11    4   -0.021195   -0.008009
    4    7    0    1    5   -0.007619   -0.003660
    4    7    0    2    5    0.004967    0.006128
    4    7    0    3    5   -0.003180    0.014684
    4    7    0    4    5   -0.009954   -0.006966
    4    7    0    5    5   -0.014492   -0.008997
    4    7    0    6    5   -0.014837   -0.026604
    4    7    0    7    5    0.009307   -0.004497
    4    7    0    8    5   -0.002085    0.005774
    4    7    0    9    5    0.008715    0.000072
    4    7    0   10    5   -0.015104   -0.022766
    4    7    0   11    5    0.007897    0.005558
    4    7    0    1    6   -0.007178   -0.004885
    4    7    0    2    6   -0.011524   -0.012186
    4    7    0    3    6   -0.001109   -0.003136
    4    7    0    4    6   -0.010204    0.013850
    4    7    0    5    6    0.001608    0.003679
    4    7    0    6    6    0.007017    0.000752
    4    7    0    7    6   -0.014304   -0.006145
    4    7    0    8    6   -0.003051   -0.005019
    4    7    0    9    6    0.012476    0.004036
    4    7    0   10    6    0.005699    0.008517
    4    7    0   11    6   -0.030201    0.012021
    4    7    0    1    7   -0.001329    0.020411
    4    7    0    2    7   -0.012779    0.001780
    4    7    0    3    7    0.007896    0.003618
    4    7    0    4    7    0.000742    0.009924
    4    7    0    5    7   -0.016596    0.003694
    4    7    0    6    7   -0.009659    0.002288
    4    7    0    7    7   -0.003774    0.017016
    4    7    0    8    7    0.000112   -0.003812
    4    7    0    9    7    0.007534   -0.005954
    4    7    0   10    7    0.003464   -0.005701
    4    7    0   11    7    0.033269    0.012232
    4    7    0    1    8   -0.012473   -0.012870
    4    7    0    2    8   -0.008883    0.008218
    4    7    0    3    8   -0.003454   -0.002643
    4    7    0    4    8   -0.001869    0.008575
    4    7    0    5    8   -0.002223    0.011990
    4    7    0    6    8    0.001138   -0.002120
    4    7    0    7    8    0.005589   -0.009591
    4    7    0    8    8   -0.000740   -0.001579
    4    7    0    9    8   -0.003221    0.011822
    4    7    0   10    8   -0.003023    0.000229
    4    7    0   11    8   -0.015234    0.001561
    4    7    0    1    9    0.006676    0.002369
    4    7    0    2    9    0.012465    0.001575
    4    7    0    3    9    0.005510   -0.006541
    4    7    0    4    9   -0.006855    0.004994
    4    7    0    5    9   -0.007035    0.019047
    4    7    0    6    9    0.007990   -0.004103
    4    7    0    7    9    0.008076   -0.004612
    4    7    0    8    9   -0.000477    0.000742
    4    7    0    9    9   -0.004164   -0.002166
    4    7    0   10    9    0.004578    0.002331
    4    7    0   11    9   -0.003561    0.006264
    4    7    0    1   10   -0.006064    0.011239
    4    7    0    2   10    0.007414    0.008768
    4    7    0    3   10   -0.002670   -0.000022
    4    7    0    4   10   -0.001749    0.004435
    4    7    0    5   10    0.006761    0.006041
    4    7    0    6   10    0.002604    0.001137
    4    7    0    7   10    0.006541    0.000827
    4    7    0    8   10   -0.001365   -0.001307
    4    7    0    9   10    0.001323   -0.003211
    4    7    0   10   10    0.000294   -0.000222
    4    7    0   11   10    0.013058    0.002746
    4    7    0    1   11    0.011089    0.003936
    4    7    0    2   11   -0.000281   -0.004240
    4    7    0    3   11   -0.002390    0.004514
    4    7    0    4   11    0.004994   -0.008562
    4    7    0    5   11    0.002909    0.011440
    4    7    0    6   11    0.016901    0.016136
    4    7    0    7   11   -0.007882    0.004665
    4    7    0    8   11    0.005076   -0.002889
    4    7    0    9   11   -0.005831   -0.006139
    4    7    0   10   11    0.000597   -0.006172
    4    7    0   11   11   -0.001250    0.010244
    4    8    0    1    1   -0.030071   -0.013426
    4    8    0    2    1   -0.010511    0.001526
    4    8    0    3    1    0.000557   -0.002179
    4    8    0    4    1   -0.000285    0.000812
    4    8    0    5    1   -0.011375   -0.006749
    4    8    0    6    1    0.009378    0.009803
    4    8    0    7    1    0.007453    0.021900
    4    8    0    8    1    0.003464   -0.002277
    4    8    0    9    1   -0.003096   -0.010119
    4    8    0   10    1   -0.012044    0.008386
    4    8    0   11    1   -0.008783    0.010023
    4    8    0    1    2    0.000567   -0.001143
    4    8    0    2    2   -0.008370    0.011215
    4    8    0    3    2   -0.002618    0.004298
    4    8    0    4    2    0.001363   -0.005960
    4    8    0    5    2    0.004161    0.000388
    4    8    0    6    2   -0.004160   -0.003346
    4    8    0    7    2    0.004159   -0.022259
    4    8    0    8    2    0.006959   -0.013398
    4    8    0    9    2   -0.005003    0.000462
    4    8    0   10    2   -0.002072    0.024698
    4    8    0   11    2    0.001483    0.003836
    4    8    0    1    3    0.001894    0.008254
    4    8    0    2    3    0.001258    0.001168
    4    8    0    3    3    0.009222    0.003819
    4    8    0    4    3   -0.004410   -0.003235
    4    8    0    5    3    0.010626   -0.010346
    4    8    0    6    3   -0.002867   -0.011861
    4    8    0    7    3   -0.012235    0.010764
    4    8    0    8    3   -0.007067    0.002709
    4    8    0    9    3    0.009262   -0.000147
    4    8    0   10    3    0.008533   -0.004469
    4    8    0   11    3   -0.000192    0.010920
    4    8    0    1    4   -0.000180   -0.013091
    4    8    0    2    4   -0.002852   -0.009231
    4    8    0    3    4   -0.011949    0.008857
    4    8    0    4    4   -0.012141   -0.008458
    4    8    0    5    4    0.009158    0.002856
    4    8    0    6    4    0.007807   -0.001792
    4    8    0    7    4    0.003432    0.005592
    4    8    0    8    4    0.012401    0.001060
    4    8    0    9    4    0.013220   -0.008292
    4    8    0   10    4   -0.017482   -0.008267
    4    8    0   11    4   -0.018205   -0.000717
    4    8    0    1    5   -0.022793    0.009873
    4    8    0    2    5   -0.000947    0.006671
    4    8    0    3    5    0.006254    0.015735
    4    8    0    4    5    0.002651    0.011102
    4    8    0    5    5   -0.003534    0.008234
    4    8    0    6    5    0.008452    0.028558
    4    8    0    7    5    0.009610   -0.000098
    4    8    0    8    5   -0.008365   -0.005862
    4    8    0    9    5   -0.015373    0.008578
    4    8    0   10    5   -0.000625    0.040504
    4    8    0   11    5   -0.004619   -0.011555
    4    8    0    1    6    0.015492   -0.033697
    4    8    0    2    6    0.003858    0.008442
    4    8    0    3    6   -0.019499   -0.002698
    4    8    0    4    6   -0.015433   -0.004019
    4    8    0    5    6    0.005895    0.010315
    4    8    0    6    6    0.021794    0.001668
    4    8    0    7    6    0.011628   -0.011949
    4    8    0    8    6   -0.004297   -0.003607
    4    8    0    9    6   -0.002240    0.000232
    4    8    0   10    6   -0.003917    0.001042
    4    8    0   11    6    0.001025   -0.017902
    4    8    0    1    7    0.003033   -0.028707
    4    8    0    2    7    0.017282    0.004637
    4    8    0    3    7    0.007115    0.006157
    4    8    0    4    7    0.004272   -0.013182
    4    8    0    5    7    0.019347    0.012229
    4    8    0    6    7    0.002130    0.002406
    4    8    0    7    7   -0.007957   -0.013626
    4    8    0    8    7   -0.001221    0.002082
    4    8    0    9    7   -0.000154    0.011657
    4    8    0   10    7   -0.001962   -0.000378
    4    8    0   11    7   -0.034750    0.000775
    4    8    0    1    8   -0.001032   -0.008501
    4    8    0    2    8    0.000639   -0.013940
    4    8    0    3    8   -0.006844   -0.008743
    4    8    0    4    8    0.006460    0.012797
    4    8    0    5    8   -0.002852   -0.021254
    4    8    0    6    8    0.000307    0.006800
    4    8    0    7    8   -0.005703   -0.001505
    4    8    0    8    8   -0.000893   -0.000443
    4    8    0    9    8    0.005384    0.006466
    4    8    0   10    8    0.001571    0.000895
    4    8    0   11    8    0.001330   -0.014386
    4    8    0    1    9   -0.005477   -0.007978
    4    8    0    2    9    0.004074    0.001010
    4    8    0    3    9    0.001124    0.008937
    4    8    0    4    9   -0.000757    0.017787
    4    8    0    5    9   -0.012630   -0.002639
    4    8    0    6    9    0.013566   -0.012729
    4    8    0    7    9    0.000473    0.003067
    4    8    0    8    9    0.003159   -0.001095
    4    8    0    9    9    0.003017    0.001133
    4    8    0   10    9    0.003722   -0.007281
    4    8    0   11    9    0.002874   -0.006365
    4    8    0    1   10   -0.016732    0.010466
    4    8    0    2   10   -0.021487   -0.002538
    4    8    0    3   10   -0.002091    0.008631
    4    8    0    4   10   -0.009035    0.007533
    4    8    0    5   10   -0.008631   -0.001901
    4    8    0    6   10    0.006587    0.001324
    4    8    0    7   10   -0.003133    0.004586
    4    8    0    8   10   -0.000760    0.000249
    4    8    0    9   10   -0.003327   -0.001525
    4    8    0   10   10   -0.002133   -0.001507
    4    8    0   11   10    0.009306    0.002837
    4    8    0    1   11   -0.005375   -0.001636
    4    8    0    2   11   -0.013121   -0.014425
    4    8    0    3   11   -0.000248    0.001954
    4    8    0    4   11   -0.006573   -0.019617
    4    8    0    5   11    0.015728   -0.001986
    4    8    0    6   11   -0.006379   -0.001526
    4    8    0    7   11   -0.009474    0.010933
    4    8    0    8   11   -0.002450   -0.015233
    4    8    0    9   11   -0.005421    0.001814
    4    8    0   10   11   -0.000661   -0.002715
    4    8    0   11   11    0.033059    0.011391
    5   -2    0    1    1   -0.009914   -0.003231
    5   -2    0    2    1    0.004959    0.005021
    5   -2    0    3    1   -0.008028   -0.006529
    5   -2    0    4    1    0.005473   -0.001855
    5   -2    0    5    1    0.006484    0.010038
    5   -2    0    6    1    0.003727    0.004983
    5   -2    0    7    1   -0.005610    0.009060
    5   -2    0    8    1    0.010306    0.000799
    5   -2    0    9    1   -0.007534    0.003903
    5   -2    0   10    1    0.005344    0.003080
    5   -2    0   11    1   -0.002699    0.007431
    5   -2    0    1    2    0.001546   -0.007398
    5   -2    0    2    2    0.001032    0.011649
    5   -2    0    3    2   -0.003499   -0.004327
    5   -2    0    4    2    0.022040    0.000491
    5   -2    0    5    2    0.002085   -0.001245
    5   -2    0    6    2    0.002550    0.002362
    5   -2    0    7    2    0.006750   -0.002532
    5   -2    0    8    2    0.014202   -0.002176
    5   -2    0    9    2   -0.002612    0.008015
    5   -2    0   10    2   -0.010959    0.006869
    5   -2    0   11    2   -0.006247   -0.023066
    5   -2    0    1    3   -0.001160   -0.002659
    5   -2    0    2    3    0.003472   -0.009301
    5   -2    0    3    3    0.004678    0.002153
    5   -2    0    4    3   -0.001787   -0.006324
    5   -2    0    5    3   -0.005236   -0.000310
    5   -2    0    6    3   -0.003043    0.010810
    5   -2    0    7    3   -0.008979   -0.008344
    5   -2    0    8    3    0.004744   -0.001729
    5   -2    0    9    3    0.010616   -0.008606
    5   -2    0   10    3   -0.000928    0.001400
    5   -2    0   11    3    0.018106   -0.008584
    5   -2    0    1    4    0.002641   -0.003438
    5   -2    0    2    4    0.004800   -0.022262
    5   -2    0    3    4   -0.012767   -0.007450
    5   -2    0    4    4    0.014119   -0.011307
    5   -2    0    5    4   -0.001371    0.002518
    5   -2    0    6    4    0.015334   -0.007781
    5   -2    0    7    4   -0.002338   -0.001749
    5   -2    0    8    4    0.000974    0.014800
    5   -2    0    9    4    0.002130   -0.007279
    5   -2    0   10    4    0.007448   -0.017415
    5   -2    0   11    4    0.016491    0.000224
    5   -2    0    1    5   -0.009508   -0.001488
    5   -2    0    2    5    0.001547    0.004742
    5   -2    0    3    5    0.002132    0.004259
    5   -2    0    4    5   -0.009796   -0.015503
    5   -2    0    5    5   -0.010658   -0.007593
    5   -2    0    6    5    0.006758    0.028554
    5   -2    0    7    5    0.005947   -0.003562
    5   -2    0    8    5   -0.008842   -0.029520
    5   -2    0    9    5   -0.018726   -0.005549
    5   -2    0   10    5   -0.009746    0.031704
    5   -2    0   11    5   -0.004795    0.002414
    5   -2    0    1    6   -0.002959    0.004825
    5   -2    0    2    6    0.002667    0.004487
    5   -2    0    3    6   -0.016100   -0.003645
    5   -2    0    4    6    0.027167   -0.002683
    5   -2    0    5    6   -0.016126   -0.022744
    5   -2    0    6    6   -0.006985   -0.003747
    5   -2    0    7    6    0.007722    0.002080
    5   -2    0    8    6    0.008886   -0.005567
    5   -2    0    9    6    0.007324   -0.014365
    5   -2    0   10    6   -0.006541    0.006386
    5   -2    0   11    6   -0.002703    0.024110
    5   -2    0    1    7   -0.007987    0.000063
    5   -2    0    2    7   -0.003289   -0.005375
    5   -2    0    3    7    0.011425   -0.004455
    5   -2    0    4    7   -0.008489   -0.001119
    5   -2    0    5    7   -0.002497   -0.027012
    5   -2    0    6    7   -0.003601    0.009105
    5   -2    0    7    7   -0.027999    0.006517
    5   -2    0    8    7    0.002679   -0.001599
    5   -2    0    9    7    0.003357    0.001074
    5   -2    0   10    7    0.000926   -0.002041
    5   -2    0   11    7   -0.005719    0.010791
    5   -2    0    1    8    0.002839   -0.001835
    5   -2    0    2    8    0.008551   -0.007066
    5   -2    0    3    8   -0.006064   -0.004311
    5   -2    0    4    8   -0.003081    0.000252
    5   -2    0    5    8    0.012165   -0.003974
    5   -2    0    6    8   -0.003835    0.004404
    5   -2    0    7    8    0.005395    0.002120
    5   -2    0    8    8   -0.000032   -0.000413
    5   -2    0    9    8    0.004425    0.004413
    5   -2    0   10    8   -0.000960    0.002313
    5   -2    0   11    8   -0.006295    0.009045
    5   -2    0    1    9    0.001645   -0.003170
    5   -2    0    2    9   -0.000315   -0.001091
    5   -2    0    3    9    0.008302    0.003487
    5   -2    0    4    9    0.002963    0.005075
    5   -2    0    5    9    0.000634    0.007340
    5   -2    0    6    9    0.016958    0.006149
    5   -2    0    7    9    0.007493    0.004020
    5   -2    0    8    9    0.000721    0.004265
    5   -2    0    9    9    0.004297    0.008365
    5   -2    0   10    9   -0.002222    0.003242
    5   -2    0   11    9    0.009699    0.004664
    5   -2    0    1   10   -0.006041    0.002590
    5   -2    0    2   10   -0.004692    0.007185
    5   -2    0    3   10   -0.014607    0.011116
    5   -2    0    4   10    0.007274    0.004511
    5   -2    0    5   10    0.000223   -0.002368
    5   -2    0    6   10   -0.006754    0.007888
    5   -2    0    7   10    0.003988    0.004348
    5   -2    0    8   10    0.002587   -0.003672
    5   -2    0    9   10    0.004563   -0.007458
    5   -2    0   10   10   -0.001624   -0.000550
    5   -2    0   11   10    0.008931    0.013803
    5   -2    0    1   11    0.003193   -0.005689
    5   -2    0    2   11    0.008722   -0.003360
    5   -2    0    3   11    0.008295    0.007227
    5   -2    0    4   11    0.002109   -0.010933
    5   -2    0    5   11    0.009924   -0.001990
    5   -2    0    6   11   -0.006802   -0.001810
    5   -2    0    7   11   -0.021322   -0.009464
    5   -2    0    8   11    0.001676    0.003062
    5   -2    0    9   11   -0.009210   -0.008909
    5   -2    0   10   11   -0.001766    0.002473
    5   -2    0   11   11    0.033385   -0.001841
    5   -1    0    1    1   -0.014059    0.013484
    5   -1    0    2    1    0.010693   -0.006056
    5   -1    0    3    1    0.006257    0.002902
    5   -1    0    4    1    0.008561    0.012515
    5   -1    0    5    1   -0.000427    0.012672
    5   -1    0    6    1   -0.013449    0.009166
    5   -1    0    7    1    0.007107    0.003856
    5   -1    0    8    1   -0.003854    0.004665
    5   -1    0    9    1   -0.002355    0.010802
    5   -1    0   10    1    0.002785   -0.008088
    5   -1    0   11    1    0.000718   -0.000454
    5   -1    0    1    2   -0.002844   -0.005383
    5   -1    0    2    2   -0.006522    0.021268
    5   -1    0    3    2   -0.007280   -0.002723
    5   -1    0    4    2    0.030832   -0.002166
    5   -1    0    5    2   -0.002612    0.001838
    5   -1    0    6    2   -0.014409    0.000822
    5   -1    0    7    2    0.011466   -0.002346
    5   -1    0    8    2    0.007365    0.003565
    5   -1    0    9    2    0.018526   -0.013199
    5   -1    0   10    2   -0.001190    0.007575
    5   -1    0   11    2   -0.025991   -0.002083
    5   -1    0    1    3   -0.004057    0.005689
    5   -1    0    2    3    0.002565   -0.002100
    5   -1    0    3    3    0.002701   -0.001195
    5   -1    0    4    3   -0.013318    0.005938
    5   -1    0    5    3   -0.022508   -0.010303
    5   -1    0    6    3    0.002723   -0.016035
    5   -1    0    7    3   -0.014925    0.012481
    5   -1    0    8    3   -0.000960   -0.003936
    5   -1    0    9    3    0.008498    0.003669
    5   -1    0   10    3    0.010992   -0.011325
    5   -1    0   11    3    0.008660    0.013333
    5   -1    0    1    4    0.000945    0.017102
    5   -1    0    2    4   -0.012769   -0.000938
    5   -1    0    3    4    0.000478    0.015575
    5   -1    0    4    4   -0.002977   -0.004021
    5   -1    0    5    4    0.000926   -0.000449
    5   -1    0    6    4    0.010605   -0.005406
    5   -1    0    7    4    0.010971   -0.001416
    5   -1    0    8    4   -0.010162   -0.009170
    5   -1    0    9    4    0.001997    0.011240
    5   -1    0   10    4   -0.004468    0.000383
    5   -1    0   11    4   -0.006735    0.013983
    5   -1    0    1    5   -0.003332    0.006587
    5   -1    0    2    5   -0.006591    0.000068
    5   -1    0    3    5    0.014099   -0.017570
    5   -1    0    4    5   -0.011009   -0.003899
    5   -1    0    5    5   -0.002617   -0.019120
    5   -1    0    6    5    0.006832   -0.001015
    5   -1    0    7    5    0.000078   -0.011975
    5   -1    0    8    5    0.001998   -0.008663
    5   -1    0    9    5   -0.007997    0.008158
    5   -1    0   10    5    0.003727    0.015792
    5   -1    0   11    5   -0.003526   -0.013541
    5   -1    0    1    6   -0.002894    0.008161
    5   -1    0    2    6   -0.005410   -0.014893
    5   -1    0    3    6    0.011661   -0.002005
    5   -1    0    4    6    0.010493    0.001836
    5   -1    0    5    6   -0.022375    0.006171
    5   -1    0    6    6    0.003412    0.013809
    5   -1    0    7    6    0.017670   -0.011814
    5   -1    0    8    6   -0.000404    0.001355
    5   -1    0    9    6    0.006698   -0.004198
    5   -1    0   10    6   -0.007746   -0.002834
    5   -1    0   11    6    0.027718   -0.010880
    5   -1    0    1    7   -0.001442   -0.013350
    5   -1    0    2    7   -0.008618    0.007721
    5   -1    0    3    7   -0.004641   -0.000303
    5   -1    0    4    7   -0.013348    0.004933
    5   -1    0    5    7    0.004369   -0.013318
    5   -1    0    6    7   -0.017860    0.000267
    5   -1    0    7    7    0.008765   -0.009473
    5   -1    0    8    7   -0.004283    0.004574
    5   -1    0    9    7   -0.002086   -0.001394
    5   -1    0   10    7    0.005971   -0.001158
    5   -1    0   11    7   -0.019133   -0.019920
    5   -1    0    1    8   -0.009029    0.000591
    5   -1    0    2    8    0.003142   -0.004388
    5   -1    0    3    8   -0.000822    0.000091
    5   -1    0    4    8    0.025996   -0.006672
    5   -1    0    5    8   -0.001614   -0.018433
    5   -1    0    6    8    0.006408   -0.001139
    5   -1    0    7    8    0.003200    0.000512
    5   -1    0    8    8   -0.000147    0.000132
    5   -1    0    9    8    0.004267   -0.007471
    5   -1    0   10    8   -0.000237   -0.001394
    5   -1    0   11    8    0.017171    0.011772
    5   -1    0    1    9   -0.007304    0.000236
    5   -1    0    2    9    0.001783    0.004706
    5   -1    0    3    9    0.001871    0.009120
    5   -1    0    4    9   -0.005542    0.019396
    5   -1    0    5    9   -0.008910   -0.004791
    5   -1    0    6    9    0.009786    0.001671
    5   -1    0    7    9    0.004060    0.005372
    5   -1    0    8    9    0.005250   -0.005318
    5   -1    0    9    9    0.010032   -0.006015
    5   -1    0   10    9   -0.005419    0.006595
    5   -1    0   11    9    0.001649   -0.009137
    5   -1    0    1   10    0.001900   -0.002117
    5   -1    0    2   10    0.009697    0.007433
    5   -1    0    3   10    0.003582   -0.000718
    5   -1    0    4   10    0.000717    0.004347
    5   -1    0    5   10   -0.000421    0.025932
    5   -1    0    6   10   -0.010581    0.009472
    5   -1    0    7   10   -0.002149   -0.002330
    5   -1    0    8   10    0.003463   -0.001580
    5   -1    0    9   10    0.000139   -0.001112
    5   -1    0   10   10   -0.002723    0.000369
    5   -1    0   11   10   -0.001958   -0.004915
    5   -1    0    1   11   -0.009494    0.011849
    5   -1    0    2   11   -0.012493   -0.015972
    5   -1    0    3   11   -0.003581    0.009974
    5   -1    0    4   11   -0.015746   -0.001415
    5   -1    0    5   11    0.006941   -0.006882
    5   -1    0    6   11    0.003581   -0.020201
    5   -1    0    7   11    0.019360    0.004030
    5   -1    0    8   11   -0.009963   -0.001494
    5   -1    0    9   11    0.003651    0.000947
    5   -1    0   10   11    0.002682   -0.000160
    5   -1    0   11   11    0.005064   -0.009239
    5    0    0    1    1    0.007567    0.009074
    5    0    0    2    1    0.001897   -0.003560
    5    0    0    3    1    0.010862    0.007908
    5    0    0    4    1   -0.001268   -0.007355
    5    0    0    5    1   -0.010225    0.002266
    5    0    0    6    1    0.001663   -0.013975
    5    0    0    7    1    0.002436   -0.008805
    5    0    0    8    1   -0.003264   -0.004632
    5    0    0    9    1    0.009292    0.005029
    5    0    0   10    1    0.005542   -0.005079
    5    0    0   11    1    0.009070   -0.002975
    5    0    0    1    2   -0.002232   -0.004321
    5    0    0    2    2   -0.001569   -0.001250
    5    0    0    3    2    0.011379    0.005650
    5    0    0    4    2   -0.004802   -0.009557
    5    0    0    5    2   -0.006654   -0.006583
    5    0    0    6    2    0.002791    0.003870
    5    0    0    7    2   -0.003599   -0.007519
    5    0    0    8    2   -0.006866    0.005011
    5    0    0    9    2    0.014326   -0.014216
    5    0    0   10    2    0.005813    0.009334
    5    0    0   11    2    0.007833    0.026055
    5    0    0    1    3   -0.006221    0.002465
    5    0    0    2    3   -0.010896    0.002623
    5    0    0    3    3   -0.000498    0.006994
    5    0    0    4    3   -0.000913    0.005329
    5    0    0    5    3   -0.006703    0.001882
    5    0    0    6    3    0.006109   -0.001873
    5    0    0    7    3   -0.016629    0.003328
    5    0    0    8    3   -0.001728   -0.002997
    5    0    0    9    3   -0.006411    0.005911
    5    0    0   10    3    0.010395    0.009443
    5    0    0   11    3   -0.007236    0.000247
    5    0    0    1    4   -0.001784    0.006571
    5    0    0    2    4   -0.011238    0.022429
    5    0    0    3    4    0.004381   -0.002193
    5    0    0    4    4   -0.018082    0.000343
    5    0    0    5    4    0.017189   -0.009110
    5    0    0    6    4    0.000541   -0.012295
    5    0    0    7    4   -0.003274    0.003129
    5    0    0    8    4    0.006853   -0.007601
    5    0    0    9    4   -0.003597    0.002164
    5    0    0   10    4   -0.010667   -0.001149
    5    0    0   11    4   -0.020885    0.019539
    5    0    0    1    5    0.002706    0.007500
    5    0    0    2    5    0.000179   -0.001403
    5    0    0    3    5    0.002905   -0.020960
    5    0    0    4    5    0.010215    0.024828
    5    0    0    5    5    0.004275    0.012051
    5    0    0    6    5    0.004156   -0.018775
    5    0    0    7    5   -0.001272   -0.017631
    5    0    0    8    5    0.017140    0.024713
    5    0    0    9    5    0.003939    0.000008
    5    0    0   10    5    0.010579   -0.010743
    5    0    0   11    5   -0.002390   -0.024335
    5    0    0    1    6   -0.002052    0.000248
    5    0    0    2    6    0.004127   -0.012230
    5    0    0    3    6    0.002038   -0.006133
    5    0    0    4    6   -0.013850   -0.019522
    5    0    0    5    6   -0.001609    0.026191
    5    0    0    6    6    0.010535   -0.000079
    5    0    0    7    6   -0.001846   -0.005527
    5    0    0    8    6   -0.005591    0.008906
    5    0    0    9    6    0.003424   -0.001481
    5    0    0   10    6    0.010120   -0.007127
    5    0    0   11    6   -0.003215   -0.004710
    5    0    0    1    7    0.009363    0.005983
    5    0    0    2    7    0.007183    0.008144
    5    0    0    3    7   -0.007088   -0.000371
    5    0    0    4    7    0.008667    0.005954
    5    0    0    5    7    0.015023    0.030246
    5    0    0    6    7   -0.011472   -0.018828
    5    0    0    7    7    0.028250   -0.005684
    5    0    0    8    7   -0.002264    0.004915
    5    0    0    9    7   -0.012545    0.003990
    5    0    0   10    7   -0.004238   -0.004226
    5    0    0   11    7    0.013433    0.009781
    5    0    0    1    8    0.000553    0.003158
    5    0    0    2    8    0.000954   -0.006154
    5    0    0    3    8    0.016449    0.006155
    5    0    0    4    8    0.008613    0.001979
    5    0    0    5    8   -0.000768   -0.016032
    5    0    0    6    8    0.007064    0.003456
    5    0    0    7    8   -0.004089   -0.000334
    5    0    0    8    8    0.001454    0.000341
    5    0    0    9    8   -0.004903   -0.001786
    5    0    0   10    8    0.000010   -0.001381
    5    0    0   11    8   -0.002302   -0.011653
    5    0    0    1    9   -0.006436    0.008196
    5    0    0    2    9    0.007697    0.001980
    5    0    0    3    9    0.005667   -0.003307
    5    0    0    4    9   -0.002981    0.001107
    5    0    0    5    9   -0.005097   -0.000336
    5    0    0    6    9   -0.002137   -0.007295
    5    0    0    7    9   -0.008944    0.008326
    5    0    0    8    9   -0.003539   -0.004193
    5    0    0    9    9    0.002511   -0.007131
    5    0    0   10    9    0.001885   -0.002015
    5    0    0   11    9    0.000972    0.008408
    5    0    0    1   10   -0.000614   -0.005194
    5    0    0    2   10   -0.011920    0.003071
    5    0    0    3   10    0.017736    0.003098
    5    0    0    4   10   -0.004620   -0.015039
    5    0    0    5   10   -0.032113    0.007870
    5    0    0    6   10    0.002224   -0.002729
    5    0    0    7   10   -0.001689   -0.000551
    5    0    0    8   10    0.000753    0.000308
    5    0    0    9   10    0.007250    0.000078
    5    0    0   10   10   -0.001688   -0.000371
    5    0    0   11   10   -0.007214   -0.007573
    5    0    0    1   11    0.001235   -0.001757
    5    0    0    2   11   -0.003131   -0.017070
    5    0    0    3   11   -0.000973   -0.006079
    5    0    0    4   11   -0.028382   -0.001297
    5    0    0    5   11   -0.009653    0.000083
    5    0    0    6   11   -0.012139    0.005765
    5    0    0    7   11    0.013004    0.017220
    5    0    0    8   11   -0.000768    0.005112
    5    0    0    9   11   -0.000797   -0.008460
    5    0    0   10   11   -0.009290    0.009078
    5    0    0   11   11   -0.031870   -0.014288
    5    1    0    1    1    0.013449   -0.001279
    5    1    0    2    1   -0.013805    0.008307
    5    1    0    3    1   -0.000438   -0.002039
    5    1    0    4    1    0.004592   -0.003228
    5    1    0    5    1   -0.010923   -0.024308
    5    1    0    6    1    0.015556   -0.002601
    5    1    0    7    1    0.006110   -0.015980
    5    1    0    8    1    0.008417   -0.002334
    5    1    0    9    1    0.001532   -0.010055
    5    1    0   10    1    0.002315    0.011716
    5    1    0   11    1    0.005422    0.000465
    5    1    0    1    2    0.008657    0.005763
    5    1    0    2    2   -0.008946   -0.018468
    5    1    0    3    2    0.013073    0.003507
    5    1    0    4    2   -0.020851   -0.018148
    5    1    0    5    2   -0.002889    0.009262
    5    1    0    6    2    0.021190    0.014200
    5    1    0    7    2   -0.006553   -0.003778
    5    1    0    8    2   -0.005274   -0.001308
    5    1    0    9    2   -0.016618   -0.007244
    5    1    0   10    2   -0.003116   -0.004881
    5    1    0   11    2    0.006218    0.022263
    5    1    0    1    3    0.008360   -0.004576
    5    1    0    2    3   -0.022814   -0.005710
    5    1    0    3    3   -0.004017    0.003296
    5    1    0    4    3    0.014845   -0.009116
    5    1    0    5    3    0.013657    0.017840
    5    1    0    6    3   -0.003731    0.000538
    5    1    0    7    3    0.008810   -0.002149
    5    1    0    8    3   -0.011128   -0.010650
    5    1    0    9    3   -0.009503   -0.005354
    5    1    0   10    3   -0.025078   -0.013802
    5    1    0   11    3   -0.001964   -0.002209
    5    1    0    1    4    0.001986   -0.005065
    5    1    0    2    4   -0.001996    0.008185
    5    1    0    3    4    0.002739   -0.001334
    5    1    0    4    4   -0.020697    0.018816
    5    1    0    5    4   -0.009069   -0.027899
    5    1    0    6    4   -0.003179    0.007303
    5    1    0    7    4   -0.010823   -0.004629
    5    1    0    8    4    0.016123    0.002926
    5    1    0    9    4    0.012736   -0.010861
    5    1    0   10    4   -0.013765    0.005939
    5    1    0   11    4   -0.004827    0.009221
    5    1    0    1    5   -0.010494   -0.004707
    5    1    0    2    5    0.009789   -0.001479
    5    1    0    3    5   -0.020727    0.002414
    5    1    0    4    5    0.001673    0.007778
    5    1    0    5    5    0.016666    0.014169
    5    1    0    6    5   -0.017660   -0.009288
    5    1    0    7    5    0.013908    0.013429
    5    1    0    8    5   -0.004659    0.024905
    5    1    0    9    5   -0.007183    0.007286
    5    1    0   10    5   -0.018792   -0.020088
    5    1    0   11    5   -0.004975   -0.002197
    5    1    0    1    6    0.005365   -0.012890
    5    1    0    2    6    0.006255    0.019994
    5    1    0    3    6   -0.008099    0.013790
    5    1    0    4    6   -0.005764    0.005628
    5    1    0    5    6    0.015447   -0.003145
    5    1    0    6    6    0.003453   -0.021000
    5    1    0    7    6   -0.016678    0.002820
    5    1    0    8    6   -0.001423    0.000332
    5    1    0    9    6    0.002880    0.006015
    5    1    0   10    6    0.017062   -0.004432
    5    1    0   11    6   -0.012854   -0.001136
    5    1    0    1    7   -0.008647    0.008283
    5    1    0    2    7    0.004732    0.004100
    5    1    0    3    7    0.014072    0.013496
    5    1    0    4    7    0.004039    0.004055
    5    1    0    5    7    0.000076    0.005838
    5    1    0    6    7    0.004790   -0.003060
    5    1    0    7    7   -0.015490   -0.003311
    5    1    0    8    7    0.004760   -0.003893
    5    1    0    9    7   -0.005583    0.000040
    5    1    0   10    7   -0.001165   -0.007482
    5    1    0   11    7   -0.003015    0.013873
    5    1    0    1    8    0.004577    0.003928
    5    1    0    2    8    0.003391    0.020464
    5    1    0    3    8   -0.004729    0.006710
    5    1    0    4    8    0.004525   -0.006306
    5    1    0    5    8   -0.007220    0.002170
    5    1    0    6    8   -0.005742    0.000826
    5    1    0    7    8   -0.002420    0.002374
    5    1    0    8    8    0.001533   -0.000434
    5    1    0    9    8    0.001691    0.001666
    5    1    0   10    8   -0.004898   -0.002193
    5    1    0   11    8   -0.005639    0.000432
    5    1    0    1    9    0.000124    0.004205
    5    1    0    2    9   -0.002987   -0.011075
    5    1    0    3    9    0.008641    0.000367
    5    1    0    4    9    0.020914    0.000621
    5    1    0    5    9   -0.001788   -0.014155
    5    1    0    6    9   -0.021481   -0.017245
    5    1    0    7    9   -0.007545   -0.004350
    5    1    0    8    9   -0.000399   -0.000078
    5    1    0    9    9    0.002880   -0.005785
    5    1    0   10    9   -0.005673   -0.003801
    5    1    0   11    9    0.017294    0.000416
    5    1    0    1   10   -0.008459   -0.001037
    5    1    0    2   10   -0.010834   -0.019478
    5    1    0    3   10    0.004456    0.007786
    5    1    0    4   10   -0.000216    0.008850
    5    1    0    5   10    0.013703   -0.021589
    5    1    0    6   10    0.005094   -0.005633
    5    1    0    7   10   -0.001811   -0.004042
    5    1    0    8   10   -0.000321    0.000858
    5    1    0    9   10    0.002572    0.003124
    5    1    0   10   10    0.002890   -0.000201
    5    1    0   11   10    0.010727    0.020693
    5    1    0    1   11    0.012931   -0.000508
    5    1    0    2   11    0.022184    0.012489
    5    1    0    3   11   -0.003118   -0.009603
    5    1    0    4   11   -0.022982    0.008090
    5    1    0    5   11   -0.016090    0.008904
    5    1    0    6   11   -0.000127    0.023343
    5    1    0    7   11   -0.010540   -0.022616
    5    1    0    8   11    0.015291    0.001332
    5    1    0    9   11   -0.019105   -0.010619
    5    1    0   10   11    0.007932    0.004576
    5    1    0   11   11    0.007367    0.014197
    5    2    0    1    1   -0.008861   -0.011309
    5    2    0    2    1   -0.004891    0.005289
    5    2    0    3    1   -0.003961   -0.009490
    5    2    0    4    1    0.003582    0.006357
    5    2    0    5    1    0.004220    0.012568
    5    2    0    6    1   -0.004809    0.003514
    5    2    0    7    1    0.003197    0.014858
    5    2    0    8    1   -0.003875    0.005954
    5    2    0    9    1   -0.005644   -0.007369
    5    2    0   10    1   -0.011262    0.003304
    5    2    0   11    1   -0.010046   -0.001409
    5    2    0    1    2   -0.001933   -0.001966
    5    2    0    2    2    0.012948   -0.007447
    5    2    0    3    2    0.002042   -0.010990
    5    2    0    4    2    0.004398   -0.004376
    5    2    0    5    2    0.006219    0.008822
    5    2    0    6    2   -0.011861   -0.006053
    5    2    0    7    2    0.003364    0.010606
    5    2    0    8    2   -0.006330    0.001975
    5    2    0    9    2   -0.014922    0.011863
    5    2    0   10    2   -0.008635   -0.017425
    5    2    0   11    2   -0.005626   -0.036014
    5    2    0    1    3    0.011066   -0.002402
    5    2    0    2    3    0.008976   -0.001048
    5    2    0    3    3    0.012839   -0.010538
    5    2    0    4    3   -0.015963   -0.010921
    5    2    0    5    3    0.007613    0.001110
    5    2    0    6    3   -0.011930    0.001914
    5    2    0    7    3    0.010214    0.005043
    5    2    0    8    3    0.004491    0.013282
    5    2    0    9    3    0.011544   -0.001286
    5    2    0   10    3   -0.013092   -0.007693
    5    2    0   11    3    0.003256   -0.006731
    5    2    0    1    4    0.012124   -0.013311
    5    2    0    2    4    0.014200   -0.016043
    5    2    0    3    4   -0.012113    0.007788
    5    2    0    4    4    0.004654    0.019449
    5    2    0    5    4   -0.010333    0.017733
    5    2    0    6    4    0.005479    0.014111
    5    2    0    7    4   -0.004441    0.005388
    5    2    0    8    4   -0.006633   -0.018577
    5    2    0    9    4   -0.007942    0.004687
    5    2    0   10    4    0.004428    0.014123
    5    2    0   11    4   -0.013223   -0.000473
    5    2    0    1    5    0.011801   -0.014060
    5    2    0    2    5   -0.002299    0.006911
    5    2    0    3    5   -0.018765    0.014640
    5    2    0    4    5    0.001006   -0.004837
    5    2    0    5    5   -0.027120   -0.002035
    5    2    0    6    5    0.004673    0.015365
    5    2    0    7    5   -0.008723    0.014923
    5    2    0    8    5    0.005244   -0.016737
    5    2    0    9    5    0.005570   -0.009521
    5    2    0   10    5    0.019987   -0.006123
    5    2    0   11    5   -0.018558    0.032234
    5    2    0    1    6    0.007484   -0.004194
    5    2    0    2    6    0.011231   -0.019766
    5    2    0    3    6   -0.006195    0.003640
    5    2    0    4    6    0.018007   -0.003201
    5    2    0    5    6    0.012500    0.001926
    5    2    0    6    6   -0.005114   -0.007487
    5    2    0    7    6   -0.007504    0.011409
    5    2    0    8    6   -0.001144   -0.006026
    5    2    0    9    6   -0.001241   -0.002800
    5    2    0   10    6   -0.003555    0.004493
    5    2    0   11    6    0.006405   -0.007000
    5    2    0    1    7    0.004737   -0.021954
    5    2    0    2    7   -0.011775   -0.005435
    5    2    0    3    7   -0.013016    0.008365
    5    2    0    4    7   -0.017827    0.002442
    5    2    0    5    7   -0.011230   -0.005648
    5    2    0    6    7    0.004498    0.011430
    5    2    0    7    7    0.001214    0.005047
    5    2    0    8    7    0.002245   -0.001005
    5    2    0    9    7   -0.008144   -0.006383
    5    2    0   10    7    0.000278    0.002146
    5    2    0   11    7   -0.012421   -0.018238
    5    2    0    1    8   -0.003485   -0.007697
    5    2    0    2    8   -0.005699   -0.007197
    5    2    0    3    8   -0.007719    0.004276
    5    2    0    4    8    0.010671   -0.008096
    5    2    0    5    8   -0.009891    0.026404
    5    2    0    6    8   -0.005605    0.000202
    5    2    0    7    8   -0.004209   -0.004039
    5    2    0    8    8    0.001473   -0.000637
    5    2    0    9    8    0.004039    0.002753
    5    2    0   10    8   -0.006739   -0.000961
    5    2    0   11    8    0.010175    0.006191
    5    2    0    1    9    0.007508   -0.007432
    5    2    0    2    9   -0.004534   -0.004891
    5    2    0    3    9    0.005556   -0.025536
    5    2    0    4    9   -0.003279   -0.005866
    5    2    0    5    9    0.007356    0.023318
    5    2    0    6    9   -0.003789    0.000256
    5    2    0    7    9   -0.004174   -0.014198
    5    2    0    8    9   -0.009031    0.002577
    5    2    0    9    9   -0.007300    0.007621
    5    2    0   10    9    0.002283    0.006940
    5    2    0   11    9   -0.002908   -0.019351
    5    2    0    1   10   -0.000991    0.006449
    5    2    0    2   10    0.014071    0.011547
    5    2    0    3   10    0.010087   -0.020515
    5    2    0    4   10    0.001158    0.004175
    5    2    0    5   10    0.025123    0.019709
    5    2    0    6   10    0.007052   -0.002129
    5    2    0    7   10   -0.000020   -0.001159
    5    2    0    8   10    0.000320   -0.001186
    5    2    0    9   10    0.001528   -0.001026
    5    2    0   10   10    0.003887    0.001105
    5    2    0   11   10   -0.000282   -0.012093
    5    2    0    1   11   -0.001224    0.002183
    5    2    0    2   11    0.004177    0.028592
    5    2    0    3   11   -0.005957    0.006800
    5    2    0    4   11   -0.014981    0.016333
    5    2    0    5   11    0.011797    0.012533
    5    2    0    6   11    0.017821   -0.009033
    5    2    0    7   11   -0.007014    0.012027
    5    2    0    8   11   -0.011931   -0.015896
    5    2    0    9   11   -0.003111    0.014008
    5    2    0   10   11    0.008410   -0.015782
    5    2    0   11   11    0.012455    0.006230
    5    3    0    1    1   -0.000193    0.002969
    5    3    0    2    1    0.005890   -0.011001
    5    3    0    3    1    0.000756   -0.001991
    5    3    0    4    1   -0.021770   -0.010804
    5    3    0    5    1    0.014979    0.010720
    5    3    0    6    1   -0.004828   -0.003239
    5    3    0    7    1   -0.011693    0.017661
    5    3    0    8    1   -0.006405   -0.006663
    5    3    0    9    1    0.002010    0.010169
    5    3    0   10    1    0.009928   -0.016793
    5    3    0   11    1   -0.001233   -0.007712
    5    3    0    1    2    0.002493   -0.003751
    5    3    0    2    2   -0.011894    0.024197
    5    3    0    3    2    0.004916    0.002960
    5    3    0    4    2   -0.001890    0.009426
    5    3    0    5    2   -0.001720    0.005842
    5    3    0    6    2   -0.002271   -0.019272
    5    3    0    7    2    0.017483    0.009908
    5    3    0    8    2    0.015361    0.002428
    5    3    0    9    2    0.005107    0.010686
    5    3    0   10    2   -0.000256    0.006333
    5    3    0   11    2   -0.006615   -0.015562
    5    3    0    1    3   -0.001217    0.002715
    5    3    0    2    3   -0.002002   -0.000043
    5    3    0    3    3   -0.006919   -0.013665
    5    3    0    4    3   -0.013656    0.018278
    5    3    0    5    3    0.005247    0.004241
    5    3    0    6    3    0.008273    0.006314
    5    3    0    7    3   -0.003320    0.007821
    5    3    0    8    3   -0.013267    0.013210
    5    3    0    9    3   -0.020609   -0.011250
    5    3    0   10    3    0.008144    0.010200
    5    3    0   11    3   -0.006914   -0.017193
    5    3    0    1    4   -0.000731   -0.005093
    5    3    0    2    4   -0.008288   -0.006594
    5    3    0    3    4   -0.009187    0.009561
    5    3    0    4    4    0.017841   -0.009148
    5    3    0    5    4   -0.000137   -0.008327
    5    3    0    6    4   -0.011431   -0.023514
    5    3    0    7    4    0.007583    0.009616
    5    3    0    8    4    0.020979   -0.013521
    5    3    0    9    4   -0.017781    0.005929
    5    3    0   10    4   -0.003882   -0.012177
    5    3    0   11    4    0.026284    0.000225
    5    3    0    1    5    0.016678    0.005025
    5    3    0    2    5   -0.001431   -0.005471
    5    3    0    3    5    0.000404    0.003252
    5    3    0    4    5    0.026745   -0.000131
    5    3    0    5    5    0.005293   -0.013314
    5    3    0    6    5    0.026020    0.019495
    5    3    0    7    5   -0.010589   -0.003623
    5    3    0    8    5    0.000138   -0.032081
    5    3    0    9    5    0.001587    0.015424
    5    3    0   10    5    0.014121    0.016685
    5    3    0   11    5    0.004612    0.008978
    5    3    0    1    6   -0.002319    0.000500
    5    3    0    2    6    0.000089    0.035376
    5    3    0    3    6    0.029297   -0.000353
    5    3    0    4    6   -0.009772   -0.007907
    5    3    0    5    6   -0.010818   -0.009412
    5    3    0    6    6   -0.005495    0.002284
    5    3    0    7    6   -0.004950   -0.003411
    5    3    0    8    6    0.006920    0.000306
    5    3    0    9    6   -0.014787   -0.005674
    5    3    0   10    6   -0.011044    0.008157
    5    3    0   11    6   -0.002448    0.021777
    5    3    0    1    7    0.015954   -0.003754
    5    3    0    2    7    0.020822   -0.002662
    5    3    0    3    7   -0.001313   -0.009618
    5    3    0    4    7    0.036745   -0.002661
    5    3    0    5    7    0.012026   -0.009167
    5    3    0    6    7    0.004040    0.022059
    5    3    0    7    7    0.007338    0.009226
    5    3    0    8    7    0.002811   -0.000645
    5    3    0    9    7   -0.004609    0.004208
    5    3    0   10    7   -0.002246    0.007484
    5    3    0   11    7    0.024614   -0.004682
    5    3    0    1    8   -0.000696    0.001761
    5    3    0    2    8   -0.000004   -0.014076
    5    3    0    3    8    0.013697   -0.008030
    5    3    0    4    8   -0.007763   -0.003446
    5    3    0    5    8    0.008410   -0.017058
    5    3    0    6    8    0.004035   -0.005947
    5    3    0    7    8    0.001421   -0.002722
    5    3    0    8    8   -0.001997    0.000277
    5    3    0    9    8    0.008111    0.005150
    5    3    0   10    8   -0.004786    0.000987
    5    3    0   11    8   -0.009919   -0.002415
    5    3    0    1    9    0.010242   -0.006644
    5    3    0    2    9   -0.002755   -0.009354
    5    3    0    3    9   -0.003254   -0.020178
    5    3    0    4    9   -0.012851   -0.018314
    5    3    0    5    9    0.011324   -0.002681
    5    3    0    6    9    0.002818   -0.002981
    5    3    0    7    9    0.005964    0.002899
    5    3    0    8    9   -0.002016    0.009220
    5    3    0    9    9    0.009586    0.013190
    5    3    0   10    9    0.001648   -0.000845
    5    3    0   11    9   -0.007521   -0.002674
    5    3    0    1   10    0.008223    0.006801
    5    3    0    2   10   -0.003285   -0.003475
    5    3    0    3   10   -0.005719   -0.003176
    5    3    0    4   10   -0.011002   -0.015699
    5    3    0    5   10   -0.021573   -0.008617
    5    3    0    6   10    0.001023    0.001087
    5    3    0    7   10    0.005016    0.010499
    5    3    0    8   10    0.002118   -0.002966
    5    3    0    9   10   -0.003303   -0.003073
    5    3    0   10   10   -0.002758    0.001467
    5    3    0   11   10   -0.014043   -0.019362
    5    3    0    1   11   -0.006456   -0.012918
    5    3    0    2   11   -0.016925   -0.021290
    5    3    0    3   11    0.000608   -0.005652
    5    3    0    4   11    0.000082    0.019141
    5    3    0    5   11    0.027069   -0.013946
    5    3    0    6   11   -0.018295   -0.017565
    5    3    0    7   11   -0.005491    0.026744
    5    3    0    8   11   -0.003640    0.012805
    5    3    0    9   11    0.019927   -0.004404
    5    3    0   10   11   -0.021377   -0.002401
    5    3    0   11   11   -0.009726   -0.017483
    5    4    0    1    1    0.009068    0.012815
    5    4    0    2    1   -0.000298    0.004591
    5    4    0    3    1   -0.005436    0.004010
    5    4    0    4    1   -0.002609   -0.003865
    5    4    0    5    1   -0.001124    0.015363
    5    4    0    6    1    0.001138   -0.001406
    5    4    0    7    1   -0.003605   -0.024995
    5    4    0    8    1    0.004156   -0.001382
    5    4    0    9    1   -0.008073   -0.000044
    5    4    0   10    1    0.010271    0.006556
    5    4    0   11    1    0.006976    0.005091
    5    4    0    1    2   -0.002888    0.000177
    5    4    0    2    2    0.010194   -0.001486
    5    4    0    3    2   -0.017178   -0.010548
    5    4    0    4    2    0.005807   -0.008513
    5    4    0    5    2    0.017512   -0.009138
    5    4    0    6    2   -0.003097    0.028341
    5    4    0    7    2   -0.001787   -0.006015
    5    4    0    8    2   -0.012037   -0.008447
    5    4    0    9    2   -0.015022    0.003504
    5    4    0   10    2   -0.009806    0.011663
    5    4    0   11    2    0.006714    0.002082
    5    4    0    1    3   -0.003186   -0.012375
    5    4    0    2    3    0.009376    0.016440
    5    4    0    3    3   -0.018085    0.017144
    5    4    0    4    3    0.041472    0.002512
    5    4    0    5    3   -0.003561   -0.010296
    5    4    0    6    3    0.007174   -0.010438
    5    4    0    7    3    0.008871    0.017205
    5    4    0    8    3    0.018981    0.001141
    5    4    0    9    3    0.003767    0.012237
    5    4    0   10    3    0.011859   -0.005703
    5    4    0   11    3    0.003023    0.006065
    5    4    0    1    4   -0.009000    0.010165
    5    4    0    2    4   -0.003264   -0.005150
    5    4    0    3    4    0.034247   -0.014665
    5    4    0    4    4    0.017519   -0.010382
    5    4    0    5    4   -0.008288    0.007567
    5    4    0    6    4    0.007043    0.002174
    5    4    0    7    4   -0.014313   -0.012490
    5    4    0    8    4   -0.037507    0.013167
    5    4    0    9    4    0.022017    0.011961
    5    4    0   10    4    0.048949    0.009164
    5    4    0   11    4    0.048712   -0.018538
    5    4    0    1    5   -0.011282    0.006017
    5    4    0    2    5    0.012397   -0.006086
    5    4    0    3    5    0.021465    0.007175
    5    4    0    4    5   -0.024174   -0.026299
    5    4    0    5    5   -0.028623   -0.006451
    5    4    0    6    5   -0.001766   -0.034790
    5    4    0    7    5   -0.000473   -0.008279
    5    4    0    8    5   -0.022438   -0.003542
    5    4    0    9    5    0.003611    0.005167
    5    4    0   10    5    0.000449   -0.014049
    5    4    0   11    5    0.016082    0.004096
    5    4    0    1    6   -0.005589   -0.000457
    5    4    0    2    6   -0.008763   -0.029363
    5    4    0    3    6    0.030292   -0.000366
    5    4    0    4    6   -0.043196   -0.014772
    5    4    0    5    6    0.000792    0.020626
    5    4    0    6    6    0.010257    0.001402
    5    4    0    7    6    0.002273   -0.014175
    5    4    0    8    6   -0.002736    0.002014
    5    4    0    9    6    0.004686   -0.001519
    5    4    0   10    6   -0.005324    0.001733
    5    4    0   11    6   -0.011931   -0.017900
    5    4    0    1    7   -0.009909    0.015809
    5    4    0    2    7   -0.019030   -0.008697
    5    4    0    3    7    0.008544   -0.007907
    5    4    0    4    7   -0.024442   -0.010569
    5    4    0    5    7   -0.012888   -0.029548
    5    4    0    6    7    0.003102    0.004070
    5    4    0    7    7   -0.015082   -0.017747
    5    4    0    8    7    0.008587    0.006520
    5    4    0    9    7    0.005102    0.000933
    5    4    0   10    7   -0.001810   -0.012150
    5    4    0   11    7   -0.022091    0.012521
    5    4    0    1    8    0.002910    0.007045
    5    4    0    2    8   -0.002859    0.025059
    5    4    0    3    8    0.026890   -0.003383
    5    4    0    4    8   -0.056668   -0.017512
    5    4    0    5    8   -0.017802    0.018110
    5    4    0    6    8    0.003269   -0.006076
    5    4    0    7    8    0.006972   -0.001632
    5    4    0    8    8   -0.001774    0.002410
    5    4    0    9    8    0.008526   -0.001844
    5    4    0   10    8   -0.006055   -0.001977
    5    4    0   11    8   -0.002976    0.002348
    5    4    0    1    9   -0.006736   -0.000797
    5    4    0    2    9   -0.002257    0.014089
    5    4    0    3    9   -0.029629    0.000437
    5    4    0    4    9   -0.012828    0.001078
    5    4    0    5    9   -0.005156    0.010852
    5    4    0    6    9    0.001956    0.015843
    5    4    0    7    9    0.000636    0.005172
    5    4    0    8    9    0.005785    0.004631
    5    4    0    9    9    0.011505   -0.007678
    5    4    0   10    9    0.000916    0.013312
    5    4    0   11    9   -0.019225   -0.004229
    5    4    0    1   10    0.002905   -0.003460
    5    4    0    2   10    0.003360   -0.007426
    5    4    0    3   10   -0.014138   -0.008137
    5    4    0    4   10    0.029574    0.003264
    5    4    0    5   10    0.008500    0.026698
    5    4    0    6   10   -0.008135    0.004063
    5    4    0    7   10   -0.004578    0.006078
    5    4    0    8   10   -0.000923   -0.001390
    5    4    0    9   10    0.004454   -0.003346
    5    4    0   10   10   -0.003968    0.002337
    5    4    0   11   10    0.008440    0.023655
    5    4    0    1   11   -0.004843    0.005521
    5    4    0    2   11   -0.005880    0.000827
    5    4    0    3   11    0.013362   -0.003234
    5    4    0    4   11    0.052406    0.020806
    5    4    0    5   11   -0.007030   -0.021566
    5    4    0    6   11   -0.010804    0.011246
    5    4    0    7   11    0.005233   -0.029345
    5    4    0    8   11    0.012080    0.010282
    5    4    0    9   11   -0.013833   -0.007898
    5    4    0   10   11    0.015109    0.010734
    5    4    0   11   11    0.008077    0.007635
    5    5    0    1    1   -0.010588   -0.010569
    5    5    0    2    1    0.005824    0.001026
    5    5    0    3    1   -0.009523   -0.002024
    5    5    0    4    1    0.009860    0.009000
    5    5    0    5    1    0.013213   -0.009991
    5    5    0    6    1   -0.007519   -0.003015
    5    5    0    7    1    0.009436    0.002580
    5    5    0    8    1    0.000507    0.008554
    5    5    0    9    1    0.001976   -0.010930
    5    5    0   10    1   -0.014781    0.007737
    5    5    0   11    1   -0.004795    0.015404
    5    5    0    1    2    0.004642    0.001745
    5    5    0    2    2   -0.004067    0.006385
    5    5    0    3    2    0.005961    0.001702
    5    5    0    4    2   -0.003960   -0.003606
    5    5    0    5    2   -0.003721    0.005220
    5    5    0    6    2   -0.015625   -0.010296
    5    5    0    7    2   -0.005060   -0.028713
    5    5    0    8    2    0.004798    0.019466
    5    5    0    9    2    0.006520    0.003842
    5    5    0   10    2    0.016022   -0.003560
    5    5    0   11    2   -0.010524    0.019158
    5    5    0    1    3   -0.007609    0.003576
    5    5    0    2    3   -0.015208    0.004147
    5    5    0    3    3    0.018042   -0.000644
    5    5    0    4    3   -0.013062   -0.008032
    5    5    0    5    3   -0.003754   -0.003531
    5    5    0    6    3    0.019134    0.006978
    5    5    0    7    3    0.007804   -0.003801
    5    5    0    8    3    0.015556   -0.014873
    5    5    0    9    3   -0.017273    0.004491
    5    5    0   10    3   -0.035509    0.023149
    5    5    0   11    3    0.001750    0.009819
    5    5    0    1    4   -0.012960   -0.002689
    5    5    0    2    4   -0.003633    0.017018
    5    5    0    3    4   -0.011814   -0.004979
    5    5    0    4    4    0.006219    0.001092
    5    5    0    5    4   -0.010616    0.009175
    5    5    0    6    4   -0.044309    0.001405
    5    5    0    7    4    0.029688    0.007538
    5    5    0    8    4   -0.023871    0.020100
    5    5    0    9    4   -0.015604   -0.004792
    5    5    0   10    4   -0.038488    0.004519
    5    5    0   11    4   -0.006451   -0.008764
    5    5    0    1    5   -0.000245    0.000354
    5    5    0    2    5   -0.000701   -0.004238
    5    5    0    3    5   -0.012954   -0.007196
    5    5    0    4    5   -0.002323    0.021704
    5    5    0    5    5    0.004362    0.020352
    5    5    0    6    5    0.004086    0.005254
    5    5    0    7    5   -0.008182   -0.004118
    5    5    0    8    5    0.005159    0.006491
    5    5    0    9    5    0.002966    0.004469
    5    5    0   10    5    0.011387    0.024815
    5    5    0   11    5    0.001028   -0.010066
    5    5    0    1    6   -0.001757    0.001599
    5    5    0    2    6    0.000096    0.012535
    5    5    0    3    6   -0.050943   -0.009585
    5    5    0    4    6    0.041891    0.003467
    5    5    0    5    6    0.016109   -0.018141
    5    5    0    6    6   -0.006730   -0.000624
    5    5    0    7    6    0.013194    0.000667
    5    5    0    8    6   -0.003445   -0.000669
    5    5    0    9    6   -0.003213   -0.013677
    5    5    0   10    6   -0.004258   -0.008786
    5    5    0   11    6    0.014067   -0.013579
    5    5    0    1    7   -0.007358   -0.007310
    5    5    0    2    7    0.002412   -0.007353
    5    5    0    3    7   -0.004595    0.002301
    5    5    0    4    7   -0.013644    0.005635
    5    5    0    5    7   -0.020692    0.010938
    5    5    0    6    7   -0.012620   -0.016259
    5    5    0    7    7   -0.003088   -0.015990
    5    5    0    8    7    0.000112   -0.001859
    5    5    0    9    7   -0.002844    0.012171
    5    5    0   10    7    0.001377   -0.006912
    5    5    0   11    7   -0.010716   -0.002083
    5    5    0    1    8    0.002774   -0.005085
    5    5    0    2    8    0.008374   -0.026133
    5    5    0    3    8   -0.027872   -0.022219
    5    5    0    4    8    0.045543    0.015839
    5    5    0    5    8    0.023272   -0.003021
    5    5    0    6    8    0.004605    0.006175
    5    5    0    7    8   -0.001626    0.010041
    5    5    0    8    8    0.000307   -0.000250
    5    5    0    9    8    0.003870   -0.006984
    5    5    0   10    8   -0.004262   -0.000892
    5    5    0   11    8    0.011615   -0.007118
    5    5    0    1    9   -0.007137   -0.005061
    5    5    0    2    9    0.001367   -0.005545
    5    5    0    3    9    0.010523    0.004867
    5    5    0    4    9    0.027666    0.001315
    5    5    0    5    9    0.007919   -0.014852
    5    5    0    6    9    0.012698    0.009766
    5    5    0    7    9   -0.004574    0.004389
    5    5    0    8    9    0.011149   -0.004817
    5    5    0    9    9    0.002809   -0.010775
    5    5    0   10    9    0.008321   -0.003405
    5    5    0   11    9   -0.013270   -0.000168
    5    5    0    1   10   -0.002629   -0.005575
    5    5    0    2   10    0.000771    0.025049
    5    5    0    3   10    0.022412   -0.000686
    5    5    0    4   10    0.019723   -0.003346
    5    5    0    5   10    0.023201   -0.020642
    5    5    0    6   10   -0.005692   -0.000242
    5    5    0    7   10    0.000712   -0.004828
    5    5    0    8   10    0.001233   -0.000837
    5    5    0    9   10    0.002011   -0.014052
    5    5    0   10   10    0.000212   -0.001927
    5    5    0   11   10    0.008700    0.004865
    5    5    0    1   11   -0.002073    0.008840
    5    5    0    2   11    0.005183   -0.011726
    5    5    0    3   11    0.003669    0.005486
    5    5    0    4   11    0.022711   -0.001711
    5    5    0    5   11   -0.013795    0.003113
    5    5    0    6   11    0.013940   -0.000262
    5    5    0    7   11    0.023572   -0.004597
    5    5    0    8   11   -0.011126   -0.019892
    5    5    0    9   11   -0.024747    0.014880
    5    5    0   10   11    0.023079   -0.003169
    5    5    0   11   11   -0.006594    0.012950
    5    6    0    1    1   -0.005892   -0.009539
    5    6    0    2    1   -0.003141   -0.004287
    5    6    0    3    1    0.006045    0.003094
    5    6    0    4    1    0.000296    0.007773
    5    6    0    5    1    0.000656   -0.012132
    5    6    0    6    1    0.003394   -0.000670
    5    6    0    7    1   -0.001722    0.020826
    5    6    0    8    1   -0.002002   -0.007835
    5    6    0    9    1    0.015085    0.004987
    5    6    0   10    1    0.004794   -0.013265
    5    6    0   11    1   -0.004439   -0.004263
    5    6    0    1    2   -0.004082   -0.008740
    5    6    0    2    2   -0.001563   -0.000787
    5    6    0    3    2   -0.018568   -0.006114
    5    6    0    4    2    0.006412   -0.003205
    5    6    0    5    2    0.010414    0.000734
    5    6    0    6    2    0.012847    0.013722
    5    6    0    7    2   -0.002546    0.023625
    5    6    0    8    2    0.008101   -0.008933
    5    6    0    9    2   -0.010695   -0.015390
    5    6    0   10    2   -0.004191   -0.018143
    5    6    0   11    2    0.003376   -0.000033
    5    6    0    1    3   -0.000955    0.016910
    5    6    0    2    3    0.007721    0.004461
    5    6    0    3    3    0.001298    0.003562
    5    6    0    4    3   -0.011912    0.001891
    5    6    0    5    3   -0.010077    0.005300
    5    6    0    6    3   -0.039791   -0.010839
    5    6    0    7    3    0.003147   -0.004234
    5    6    0    8    3   -0.031222    0.007386
    5    6    0    9    3    0.029264    0.009578
    5    6    0   10    3    0.028234   -0.017865
    5    6    0   11    3   -0.001640   -0.005370
    5    6    0    1    4    0.007811    0.004618
    5    6    0    2    4   -0.003253   -0.003239
    5    6    0    3    4   -0.005620    0.001144
    5    6    0    4    4   -0.010161   -0.002364
    5    6    0    5    4    0.008551   -0.006723
    5    6    0    6    4    0.045942    0.004654
    5    6    0    7    4   -0.006763    0.009349
    5    6    0    8    4    0.033918   -0.010216
    5    6    0    9    4    0.036202   -0.002619
    5    6    0   10    4   -0.000429   -0.003802
    5    6    0   11    4   -0.039625    0.009048
    5    6    0    1    5   -0.001028   -0.013621
    5    6    0    2    5   -0.013020   -0.004046
    5    6    0    3    5    0.004402    0.004524
    5    6    0    4    5   -0.003980   -0.001812
    5    6    0    5    5    0.011648    0.004708
    5    6    0    6    5   -0.018295   -0.023037
    5    6    0    7    5    0.006372    0.021818
    5    6    0    8    5   -0.004792   -0.011901
    5    6    0    9    5   -0.000898   -0.014540
    5    6    0   10    5   -0.016694   -0.048362
    5    6    0   11    5   -0.007951   -0.004606
    5    6    0    1    6    0.005686    0.005927
    5    6    0    2    6   -0.007059   -0.009591
    5    6    0    3    6    0.001109   -0.006363
    5    6    0    4    6   -0.012237    0.000952
    5    6    0    5    6   -0.008023    0.017557
    5    6    0    6    6   -0.005573    0.008080
    5    6    0    7    6    0.015315    0.011576
    5    6    0    8    6    0.001441    0.003092
    5    6    0    9    6   -0.012992    0.006793
    5    6    0   10    6    0.007359   -0.003075
    5    6    0   11    6    0.003599    0.020680
    5    6    0    1    7    0.012519   -0.010288
    5    6    0    2    7    0.001973    0.009454
    5    6    0    3    7    0.013027    0.010619
    5    6    0    4    7    0.029424   -0.009803
    5    6    0    5    7    0.020769    0.006175
    5    6    0    6    7    0.003014   -0.012164
    5    6    0    7    7    0.007935    0.026142
    5    6    0    8    7   -0.011953   -0.000714
    5    6    0    9    7   -0.001704    0.009466
    5    6    0   10    7    0.011792   -0.002916
    5    6    0   11    7    0.031456   -0.000625
    5    6    0    1    8    0.000710   -0.006438
    5    6    0    2    8   -0.016449    0.008150
    5    6    0    3    8   -0.013162    0.004177
    5    6    0    4    8   -0.003069   -0.004913
    5    6    0    5    8   -0.000614   -0.011588
    5    6    0    6    8   -0.006453   -0.002318
    5    6    0    7    8    0.003251    0.004075
    5    6    0    8    8    0.001151   -0.001039
    5    6    0    9    8   -0.005419   -0.009071
    5    6    0   10    8    0.001295    0.003169
    5    6    0   11    8   -0.014600   -0.003530
    5    6    0    1    9    0.006501    0.002860
    5    6    0    2    9   -0.002718    0.010850
    5    6    0    3    9   -0.021303    0.015338
    5    6    0    4    9   -0.017200    0.014700
    5    6    0    5    9   -0.009204   -0.017959
    5    6    0    6    9   -0.007672   -0.000056
    5    6    0    7    9   -0.005072   -0.003108
    5    6    0    8    9    0.003363   -0.007552
    5    6    0    9    9    0.005730   -0.011067
    5    6    0   10    9   -0.003853   -0.004303
    5    6    0   11    9    0.012869    0.010874
    5    6    0    1   10   -0.006100    0.000741
    5    6    0    2   10    0.001703   -0.021101
    5    6    0    3   10   -0.036656    0.000212
    5    6    0    4   10   -0.052193   -0.006356
    5    6    0    5   10   -0.022309    0.017424
    5    6    0    6   10    0.000114   -0.002484
    5    6    0    7   10    0.004956   -0.003871
    5    6    0    8   10    0.000703    0.002590
    5    6    0    9   10   -0.005916    0.002271
    5    6    0   10   10    0.000194   -0.004251
    5    6    0   11   10   -0.004205   -0.017723
    5    6    0    1   11   -0.001327   -0.015175
    5    6    0    2   11   -0.005474    0.008197
    5    6    0    3   11   -0.017409    0.006090
    5    6    0    4   11   -0.017272   -0.023003
    5    6    0    5   11   -0.015088   -0.004790
    5    6    0    6   11   -0.007560   -0.008134
    5    6    0    7   11   -0.021710    0.028229
    5    6    0    8   11    0.002528   -0.004686
    5    6    0    9   11   -0.006831    0.009141
    5    6    0   10   11   -0.029228    0.004808
    5    6    0   11   11   -0.003837   -0.013445
    5    7    0    1    1    0.009771    0.021547
    5    7    0    2    1    0.005876    0.011560
    5    7    0    3    1   -0.001318    0.008199
    5    7    0    4    1    0.005785    0.003891
    5    7    0    5    1   -0.010304   -0.005209
    5    7    0    6    1    0.005174    0.011953
    5    7    0    7    1    0.002361   -0.013588
    5    7    0    8    1    0.002831   -0.003276
    5    7    0    9    1   -0.006267    0.008718
    5    7    0   10    1    0.007711   -0.000805
    5    7    0   11    1    0.010462   -0.008093
    5    7    0    1    2    0.002236    0.003880
    5    7    0    2    2   -0.000137   -0.018593
    5    7    0    3    2    0.005291    0.006214
    5    7    0    4    2   -0.006854    0.013571
    5    7    0    5    2   -0.005141   -0.007283
    5    7    0    6    2    0.011502   -0.012291
    5    7    0    7    2    0.012603   -0.005193
    5    7    0    8    2   -0.012469    0.002654
    5    7    0    9    2    0.001604    0.013046
    5    7    0   10    2   -0.002019    0.025714
    5    7    0   11    2   -0.002885    0.002894
    5    7    0    1    3    0.003878   -0.006610
    5    7    0    2    3    0.002525   -0.003820
    5    7    0    3    3   -0.003001    0.006192
    5    7    0    4    3    0.006539   -0.004710
    5    7    0    5    3    0.012430    0.005549
    5    7    0    6    3   -0.009706   -0.007675
    5    7    0    7    3    0.006544   -0.021034
    5    7    0    8    3    0.003305   -0.001801
    5    7    0    9    3   -0.008523    0.002223
    5    7    0   10    3   -0.007512    0.005690
    5    7    0   11    3   -0.002392   -0.001300
    5    7    0    1    4    0.009734    0.004110
    5    7    0    2    4    0.003635    0.019203
    5    7    0    3    4   -0.001545   -0.000789
    5    7    0    4    4   -0.008553    0.000752
    5    7    0    5    4   -0.007979   -0.011356
    5    7    0    6    4   -0.014009    0.004496
    5    7    0    7    4   -0.015388   -0.002734
    5    7    0    8    4    0.002124   -0.003260
    5    7    0    9    4   -0.005954   -0.009214
    5    7    0   10    4    0.017348   -0.000036
    5    7    0   11    4    0.002338    0.012525
    5    7    0    1    5    0.000844   -0.002845
    5    7    0    2    5    0.007762   -0.005677
    5    7    0    3    5   -0.007946   -0.009026
    5    7    0    4    5    0.004444    0.004008
    5    7    0    5    5    0.000102    0.001248
    5    7    0    6    5   -0.006910   -0.004346
    5    7    0    7    5    0.017921    0.000292
    5    7    0    8    5    0.007679    0.034560
    5    7    0    9    5    0.010305   -0.007814
    5    7    0   10    5   -0.014983    0.005060
    5    7    0   11    5    0.010506    0.019651
    5    7    0    1    6    0.000979    0.001078
    5    7    0    2    6    0.012794   -0.002263
    5    7    0    3    6    0.013854   -0.006861
    5    7    0    4    6   -0.003251    0.011379
    5    7    0    5    6   -0.003467   -0.013439
    5    7    0    6    6   -0.006210   -0.001522
    5    7    0    7    6   -0.010686   -0.003743
    5    7    0    8    6    0.001136   -0.000010
    5    7    0    9    6    0.001296    0.010818
    5    7    0   10    6    0.006560    0.001599
    5    7    0   11    6   -0.005805   -0.000907
    5    7    0    1    7   -0.008177    0.006318
    5    7    0    2    7    0.001371   -0.001438
    5    7    0    3    7   -0.004387   -0.007650
    5    7    0    4    7   -0.003018    0.003547
    5    7    0    5    7   -0.009461    0.014131
    5    7    0    6    7   -0.003938    0.007700
    5    7    0    7    7   -0.000821    0.007836
    5    7    0    8    7   -0.002912   -0.003051
    5    7    0    9    7   -0.011719   -0.009008
    5    7    0   10    7   -0.006599    0.004288
    5    7    0   11    7   -0.008899   -0.000065
    5    7    0    1    8   -0.006717    0.007317
    5    7    0    2    8    0.019073    0.009231
    5    7    0    3    8    0.019273    0.010630
    5    7    0    4    8   -0.008037   -0.001871
    5    7    0    5    8   -0.007825    0.025331
    5    7    0    6    8   -0.005051   -0.002537
    5    7    0    7    8    0.002831   -0.004244
    5    7    0    8    8   -0.000999    0.000320
    5    7    0    9    8   -0.010870   -0.003563
    5    7    0   10    8    0.001738   -0.003488
    5    7    0   11    8    0.009166    0.013529
    5    7    0    1    9    0.001262    0.005477
    5    7    0    2    9   -0.001068    0.012541
    5    7    0    3    9    0.011991    0.005313
    5    7    0    4    9    0.000919   -0.008929
    5    7    0    5    9   -0.009630   -0.002123
    5    7    0    6    9   -0.010308    0.002498
    5    7    0    7    9   -0.011705    0.002065
    5    7    0    8    9   -0.002473   -0.006402
    5    7    0    9    9   -0.000939   -0.010881
    5    7    0   10    9    0.004533   -0.000911
    5    7    0   11    9   -0.002294    0.004791
    5    7    0    1   10   -0.002283    0.004226
    5    7    0    2   10   -0.009875    0.014748
    5    7    0    3   10    0.008591   -0.001349
    5    7    0    4   10    0.003385   -0.004537
    5    7    0    5   10    0.012259   -0.011355
    5    7    0    6   10   -0.002063   -0.004342
    5    7    0    7   10   -0.004433    0.002632
    5    7    0    8   10    0.000774    0.000734
    5    7    0    9   10    0.003647    0.005165
    5    7    0   10   10    0.001553    0.000255
    5    7    0   11   10   -0.004452    0.009134
    5    7    0    1   11    0.006480    0.008235
    5    7    0    2   11    0.015404   -0.013802
    5    7    0    3   11   -0.002866    0.001771
    5    7    0    4   11   -0.019969    0.006348
    5    7    0    5   11   -0.009491    0.021905
    5    7    0    6   11    0.000245    0.022311
    5    7    0    7   11   -0.012328   -0.010496
    5    7    0    8   11    0.001995    0.015065
    5    7    0    9   11    0.022020    0.009574
    5    7    0   10   11   -0.007664    0.008049
    5    7    0   11   11    0.009530   -0.007153
    6    0    0    1    1   -0.009944   -0.000000
    6    0    0    2    1   -0.000822    0.009134
    6    0    0    3    1    0.005083   -0.010146
    6    0    0    4    1   -0.005465   -0.007386
    6    0    0    5    1   -0.012905   -0.005663
    6    0    0    6    1    0.005532   -0.000540
    6    0    0    7    1    0.004363    0.008075
    6    0    0    8    1    0.012381   -0.006595
    6    0    0    9    1   -0.000252   -0.004436
    6    0    0   10    1   -0.008361   -0.004342
    6    0    0   11    1    0.004030    0.006663
    6    0    0    1    2   -0.000822   -0.009134
    6    0    0    2    2   -0.006659    0.000000
    6    0    0    3    2    0.005308   -0.004678
    6    0    0    4    2    0.006005   -0.004551
    6    0    0    5    2   -0.002102   -0.000759
    6    0    0    6    2    0.004624    0.007548
    6    0    0    7    2    0.003364   -0.015074
    6    0    0    8    2    0.009423    0.011404
    6    0    0    9    2    0.004932   -0.011815
    6    0    0   10    2   -0.022268    0.011971
    6    0    0   11    2    0.013536    0.025412
    6    0    0    1    3    0.005083    0.010146
    6    0    0    2    3    0.005308    0.004678
    6    0    0    3    3    0.005795   -0.000000
    6    0    0    4    3    0.002689    0.010338
    6    0    0    5    3   -0.002878    0.004921
    6    0    0    6    3    0.000474    0.006038
    6    0    0    7    3   -0.010650    0.001005
    6    0    0    8    3    0.005124    0.010314
    6    0    0    9    3    0.008212    0.010088
    6    0    0   10    3    0.015461    0.002329
    6    0    0   11    3    0.007681   -0.005418
    6    0    0    1    4   -0.005465    0.007386
    6    0    0    2    4    0.006005    0.004551
    6    0    0    3    4    0.002689   -0.010338
    6    0    0    4    4   -0.012276   -0.000000
    6    0    0    5    4    0.014269   -0.012240
    6    0    0    6    4   -0.007217   -0.005439
    6    0    0    7    4    0.002376    0.001967
    6    0    0    8    4    0.002544   -0.000234
    6    0    0    9    4    0.004170   -0.001765
    6    0    0   10    4   -0.005258    0.002290
    6    0    0   11    4   -0.010935    0.010419
    6    0    0    1    5   -0.012905    0.005663
    6    0    0    2    5   -0.002102    0.000759
    6    0    0    3    5   -0.002878   -0.004921
    6    0    0    4    5    0.014269    0.012240
    6    0    0    5    5    0.006905    0.000000
    6    0    0    6    5   -0.002270   -0.019424
    6    0    0    7    5    0.015945   -0.016164
    6    0    0    8    5    0.014323    0.018840
    6    0    0    9    5   -0.008170    0.003560
    6    0    0   10    5   -0.029806    0.001832
    6    0    0   11    5   -0.011794   -0.014369
    6    0    0    1    6    0.005532    0.000540
    6    0    0    2    6    0.004624   -0.007548
    6    0    0    3    6    0.000474   -0.006038
    6    0    0    4    6   -0.007217    0.005439
    6    0    0    5    6   -0.002270    0.019424
    6    0    0    6    6    0.019678    0.000000
    6    0    0    7    6   -0.015899   -0.005144
    6    0    0    8    6    0.003972    0.004779
    6    0    0    9    6    0.009223   -0.002230
    6    0    0   10    6    0.003518   -0.002517
    6    0    0   11    6   -0.019317    0.002876
    6    0    0    1    7    0.004363   -0.008075
    6    0    0    2    7    0.003364    0.015074
    6    0    0    3    7   -0.010650   -0.001005
    6    0    0    4    7    0.002376   -0.001967
    6    0    0    5    7    0.015945    0.016164
    6    0    0    6    7   -0.015899    0.005144
    6    0    0    7    7   -0.036050    0.000000
    6    0    0    8    7    0.005543   -0.002368
    6    0    0    9    7    0.001572    0.000638
    6    0    0   10    7   -0.003920   -0.005305
    6    0    0   11    7   -0.013050    0.008452
    6    0    0    1    8    0.012381    0.006595
    6    0    0    2    8    0.009423   -0.011404
    6    0    0    3    8    0.005124   -0.010314
    6    0    0    4    8    0.002544    0.000234
    6    0    0    5    8    0.014323   -0.018840
    6    0    0    6    8    0.003972   -0.004779
    6    0    0    7    8    0.005543    0.002368
    6    0    0    8    8   -0.001191   -0.000000
    6    0    0    9    8   -0.000208    0.002732
    6    0    0   10    8    0.000481    0.000081
    6    0    0   11    8   -0.011364   -0.005918
    6    0    0    1    9   -0.000252    0.004436
    6    0    0    2    9    0.004932    0.011815
    6    0    0    3    9    0.008212   -0.010088
    6    0    0    4    9    0.004170    0.001765
    6    0    0    5    9   -0.008170   -0.003560
    6    0    0    6    9    0.009223    0.002230
    6    0    0    7    9    0.001572   -0.000638
    6    0    0    8    9   -0.000208   -0.002732
    6    0    0    9    9   -0.002275   -0.000000
    6    0    0   10    9    0.003393   -0.002516
    6    0    0   11    9   -0.001734    0.007775
    6    0    0    1   10   -0.008361    0.004342
    6    0    0    2   10   -0.022268   -0.011971
    6    0    0    3   10    0.015461   -0.002329
    6    0    0    4   10   -0.005258   -0.002290
    6    0    0    5   10   -0.029806   -0.001832
    6    0    0    6   10    0.003518    0.002517
    6    0    0    7   10   -0.003920    0.005305
    6    0    0    8   10    0.000481   -0.000081
    6    0    0    9   10    0.003393    0.002516
    6    0    0   10   10    0.001127   -0.000000
    6    0    0   11   10   -0.003747   -0.000891
    6    0    0    1   11    0.004030   -0.006663
    6    0    0    2   11    0.013536   -0.025412
    6    0    0    3   11    0.007681    0.005418
    6    0    0    4   11   -0.010935   -0.010419
    6    0    0    5   11   -0.011794    0.014369
    6    0    0    6   11   -0.019317   -0.002876
    6    0    0    7   11   -0.013050   -0.008452
    6    0    0    8   11   -0.011364    0.005918
    6    0    0    9   11   -0.001734   -0.007775
    6    0    0   10   11   -0.003747    0.000891
    6    0    0   11   11    0.035133   -0.000000
    6    1    0    1    1   -0.005089    0.014730
    6    1    0    2    1   -0.001124    0.011024
    6    1    0    3    1    0.004147   -0.007584
    6    1    0    4    1    0.005709    0.003693
    6    1    0    5    1   -0.010810   -0.012445
    6    1    0    6    1   -0.002948    0.004927
    6    1    0    7    1    0.010275    0.000020
    6    1    0    8    1   -0.004719    0.004186
    6    1    0    9    1   -0.002674    0.003702
    6    1    0   10    1    0.000399   -0.003665
    6    1    0   11    1    0.008015    0.002753
    6    1    0    1    2    0.004641    0.005076
    6    1    0    2    2   -0.008964   -0.031177
    6    1    0    3    2    0.010391    0.001908
    6    1    0    4    2   -0.007204   -0.001368
    6    1    0    5    2   -0.007815    0.000996
    6    1    0    6    2    0.002347    0.024412
    6    1    0    7    2   -0.004396    0.007946
    6    1    0    8    2   -0.004929    0.017798
    6    1    0    9    2    0.012370   -0.011859
    6    1    0   10    2    0.001436   -0.015241
    6    1    0   11    2   -0.030114    0.011788
    6    1    0    1    3    0.008750   -0.001813
    6    1    0    2    3   -0.018955   -0.004220
    6    1    0    3    3   -0.000515    0.012275
    6    1    0    4    3    0.007119   -0.015623
    6    1    0    5    3    0.006157    0.004060
    6    1    0    6    3    0.009426   -0.006585
    6    1    0    7    3   -0.015163   -0.007638
    6    1    0    8    3   -0.010325   -0.003188
    6    1    0    9    3    0.000768    0.001358
    6    1    0   10    3   -0.004687   -0.005175
    6    1    0   11    3    0.000794   -0.003225
    6    1    0    1    4   -0.003415    0.009271
    6    1    0    2    4    0.014593    0.002359
    6    1    0    3    4   -0.002160   -0.013663
    6    1    0    4    4   -0.005366    0.014437
    6    1    0    5    4   -0.004486   -0.007694
    6    1    0    6    4    0.009940    0.003082
    6    1    0    7    4   -0.001273   -0.000990
    6    1    0    8    4    0.010416    0.004713
    6    1    0    9    4    0.005047   -0.018326
    6    1    0   10    4   -0.000185   -0.005444
    6    1    0   11    4    0.014900    0.017254
    6    1    0    1    5   -0.002547   -0.015139
    6    1    0    2    5    0.001226   -0.004968
    6    1    0    3    5   -0.007368    0.005557
    6    1    0    4    5    0.000104   -0.000763
    6    1    0    5    5    0.002709    0.030394
    6    1    0    6    5   -0.028913   -0.018074
    6    1    0    7    5    0.010905    0.025821
    6    1    0    8    5    0.001648    0.020490
    6    1    0    9    5   -0.010404   -0.009543
    6    1    0   10    5   -0.023135   -0.034108
    6    1    0   11    5    0.011097    0.007555
    6    1    0    1    6   -0.007031    0.003121
    6    1    0    2    6   -0.016662    0.021230
    6    1    0    3    6   -0.001937   -0.001011
    6    1    0    4    6   -0.007856    0.011277
    6    1    0    5    6    0.017967    0.001036
    6    1    0    6    6    0.010569   -0.021153
    6    1    0    7    6    0.005314    0.004851
    6    1    0    8    6    0.002943    0.004558
    6    1    0    9    6    0.018358   -0.002157
    6    1    0   10    6    0.003933   -0.012706
    6    1    0   11    6    0.007373    0.014566
    6    1    0    1    7   -0.011326   -0.015052
    6    1    0    2    7    0.000676    0.012727
    6    1    0    3    7    0.012758   -0.009009
    6    1    0    4    7   -0.000371    0.007977
    6    1    0    5    7   -0.000617    0.021130
    6    1    0    6    7   -0.016964    0.010359
    6    1    0    7    7    0.001961    0.001011
    6    1    0    8    7   -0.005927    0.007486
    6    1    0    9    7    0.006088    0.008042
    6    1    0   10    7    0.005252   -0.000700
    6    1    0   11    7   -0.006696   -0.013272
    6    1    0    1    8   -0.007195    0.008564
    6    1    0    2    8    0.005462    0.015744
    6    1    0    3    8    0.003432   -0.000061
    6    1    0    4    8   -0.001873   -0.001469
    6    1    0    5    8    0.005054    0.014551
    6    1    0    6    8    0.000493    0.003240
    6    1    0    7    8    0.006111    0.005043
    6    1    0    8    8   -0.001060   -0.000826
    6    1    0    9    8    0.001581   -0.002400
    6    1    0   10    8   -0.000830   -0.000652
    6    1    0   11    8    0.007944    0.019268
    6    1    0    1    9    0.006905    0.001985
    6    1    0    2    9    0.001943   -0.002662
    6    1    0    3    9    0.009899    0.010779
    6    1    0    4    9    0.010183   -0.011592
    6    1    0    5    9   -0.006025   -0.019090
    6    1    0    6    9   -0.007060   -0.005281
    6    1    0    7    9   -0.000910    0.005035
    6    1    0    8    9    0.001191   -0.004682
    6    1    0    9    9    0.005232   -0.001709
    6    1    0   10    9   -0.006723   -0.002937
    6    1    0   11    9    0.005668    0.008472
    6    1    0    1   10    0.004056    0.003247
    6    1    0    2   10    0.003528   -0.009930
    6    1    0    3   10    0.002836    0.015013
    6    1    0    4   10   -0.002341    0.005655
    6    1    0    5   10    0.020835   -0.019177
    6    1    0    6   10   -0.004045   -0.008952
    6    1    0    7   10   -0.001376    0.006260
    6    1    0    8   10    0.000817    0.001973
    6    1    0    9   10    0.004741    0.000844
    6    1    0   10   10    0.000983   -0.002553
    6    1    0   11   10    0.002923    0.003635
    6    1    0    1   11   -0.010201   -0.002772
    6    1    0    2   11    0.018333    0.006431
    6    1    0    3   11    0.009795   -0.003559
    6    1    0    4   11   -0.012592    0.012000
    6    1    0    5   11   -0.007423    0.014646
    6    1    0    6   11    0.007327    0.004454
    6    1    0    7   11    0.007928   -0.000502
    6    1    0    8   11   -0.006626    0.011688
    6    1    0    9   11   -0.001885    0.002620
    6    1    0   10   11    0.009906    0.005127
    6    1    0   11   11    0.000469   -0.015428
    6    2    0    1    1    0.008742    0.005377
    6    2    0    2    1   -0.001766   -0.002877
    6    2    0    3    1    0.001052    0.006670
    6    2    0    4    1    0.007085    0.011010
    6    2    0    5    1   -0.004490    0.011970
    6    2    0    6    1    0.005987   -0.010898
    6    2    0    7    1    0.004825   -0.014747
    6    2    0    8    1   -0.012290   -0.000134
    6    2    0    9    1    0.000707    0.004025
    6    2    0   10    1    0.003586    0.005900
    6    2    0   11    1    0.004132   -0.005705
    6    2    0    1    2    0.001394    0.007063
    6    2    0    2    2    0.010921   -0.013037
    6    2    0    3    2    0.005027    0.006465
    6    2    0    4    2    0.004371    0.010541
    6    2    0    5    2    0.003259   -0.003366
    6    2    0    6    2   -0.005531   -0.015477
    6    2    0    7    2   -0.006103    0.006356
    6    2    0    8    2   -0.008104   -0.007166
    6    2    0    9    2    0.000806    0.010826
    6    2    0   10    2    0.014710   -0.005969
    6    2    0   11    2   -0.000340   -0.015020
    6    2    0    1    3   -0.004813   -0.012582
    6    2    0    2    3   -0.003564   -0.006251
    6    2    0    3    3   -0.001818    0.003650
    6    2    0    4    3   -0.012985   -0.003220
    6    2    0    5    3    0.001669   -0.004712
    6    2    0    6    3   -0.003489   -0.011000
    6    2    0    7    3   -0.006620    0.006860
    6    2    0    8    3   -0.000993   -0.007599
    6    2    0    9    3    0.006379    0.001456
    6    2    0   10    3   -0.007953   -0.009748
    6    2    0   11    3    0.009885    0.008847
    6    2    0    1    4    0.008630    0.007476
    6    2    0    2    4   -0.000554   -0.001109
    6    2    0    3    4    0.001436    0.008876
    6    2    0    4    4    0.008122    0.019916
    6    2    0    5    4   -0.010140    0.004470
    6    2    0    6    4    0.019078    0.016240
    6    2    0    7    4   -0.011858   -0.008643
    6    2    0    8    4   -0.011468   -0.015589
    6    2    0    9    4   -0.008720    0.008039
    6    2    0   10    4    0.009887    0.007558
    6    2    0   11    4   -0.007195    0.010018
    6    2    0    1    5    0.010460   -0.006610
    6    2    0    2    5    0.001382    0.003458
    6    2    0    3    5    0.001034   -0.007796
    6    2    0    4    5   -0.003882   -0.010030
    6    2    0    5    5   -0.024795    0.011742
    6    2    0    6    5   -0.004361    0.017306
    6    2    0    7    5   -0.013625    0.021223
    6    2    0    8    5    0.006006    0.002276
    6    2    0    9    5    0.011889   -0.011684
    6    2    0   10    5    0.036710    0.001619
    6    2    0   11    5    0.020020    0.009160
    6    2    0    1    6   -0.006929   -0.009220
    6    2    0    2    6    0.003390   -0.002048
    6    2    0    3    6    0.007720   -0.018620
    6    2    0    4    6    0.015095   -0.000243
    6    2    0    5    6    0.009966   -0.026729
    6    2    0    6    6   -0.001694   -0.004194
    6    2    0    7    6    0.015542    0.007119
    6    2    0    8    6   -0.005356   -0.004888
    6    2    0    9    6    0.008088   -0.006366
    6    2    0   10    6    0.000531   -0.003417
    6    2    0   11    6    0.002175   -0.003587
    6    2    0    1    7   -0.007637    0.003820
    6    2    0    2    7    0.008882   -0.009856
    6    2    0    3    7   -0.002967    0.010062
    6    2    0    4    7   -0.002164    0.002559
    6    2    0    5    7   -0.003251    0.005005
    6    2    0    6    7    0.002595    0.000811
    6    2    0    7    7    0.027744    0.000706
    6    2    0    8    7   -0.005401    0.004807
    6    2    0    9    7   -0.001071    0.003438
    6    2    0   10    7    0.001567    0.006177
    6    2    0   11    7    0.005787    0.010843
    6    2    0    1    8   -0.002410   -0.007012
    6    2    0    2    8   -0.002302    0.005172
    6    2    0    3    8    0.004794    0.010605
    6    2    0    4    8    0.013079   -0.013610
    6    2    0    5    8   -0.013548    0.029164
    6    2    0    6    8   -0.000849    0.008188
    6    2    0    7    8   -0.000848   -0.002762
    6    2    0    8    8    0.000161    0.000320
    6    2    0    9    8   -0.000177   -0.005192
    6    2    0   10    8   -0.001270    0.000593
    6    2    0   11    8    0.009489   -0.004907
    6    2    0    1    9   -0.002454    0.002658
    6    2    0    2    9    0.000269   -0.009846
    6    2    0    3    9   -0.007319    0.007407
    6    2    0    4    9   -0.006145   -0.002837
    6    2    0    5    9   -0.006269    0.015404
    6    2    0    6    9   -0.008486    0.001586
    6    2    0    7    9   -0.006904    0.012728
    6    2    0    8    9   -0.005234   -0.003900
    6    2    0    9    9   -0.000788   -0.008846
    6    2    0   10    9   -0.004621    0.001215
    6    2    0   11    9    0.007731   -0.010105
    6    2    0    1   10    0.004365    0.000960
    6    2    0    2   10   -0.000894    0.022544
    6    2    0    3   10   -0.000016   -0.008531
    6    2    0    4   10    0.012491    0.013307
    6    2    0    5   10    0.004791   -0.016038
    6    2    0    6   10   -0.001933   -0.009859
    6    2    0    7   10   -0.004264    0.007577
    6    2    0    8   10    0.000204    0.002000
    6    2    0    9   10    0.007835   -0.003825
    6    2    0   10   10    0.001646   -0.001976
    6    2    0   11   10    0.004102   -0.011891
    6    2    0    1   11   -0.006136    0.001767
    6    2    0    2   11   -0.008272    0.022714
    6    2    0    3   11   -0.007796    0.006223
    6    2    0    4   11    0.005349    0.012784
    6    2    0    5   11    0.009129   -0.007440
    6    2    0    6   11    0.011271   -0.000021
    6    2    0    7   11    0.006820    0.021177
    6    2    0    8   11    0.007540   -0.006677
    6    2    0    9   11   -0.005566    0.002141
    6    2    0   10   11   -0.002160   -0.011426
    6    2    0   11   11   -0.027104   -0.013660
    6    3    0    1    1    0.008296   -0.013215
    6    3    0    2    1   -0.005762   -0.016481
    6    3    0    3    1   -0.004171    0.000573
    6    3    0    4    1   -0.011559   -0.007214
    6    3    0    5    1    0.016407    0.002826
    6    3    0    6    1    0.013100   -0.004836
    6    3    0    7    1   -0.006224   -0.005411
    6    3    0    8    1    0.006364    0.004826
    6    3    0    9    1    0.003215    0.001112
    6    3    0   10    1   -0.005245    0.000818
    6    3    0   11    1   -0.002115   -0.002063
    6    3    0    1    2   -0.002066    0.001776
    6    3    0    2    2   -0.001364    0.022312
    6    3    0    3    2    0.011426   -0.001022
    6    3    0    4    2    0.000767   -0.001926
    6    3    0    5    2    0.002431    0.005012
    6    3    0    6    2    0.012179   -0.018384
    6    3    0    7    2    0.008635    0.004891
    6    3    0    8    2    0.004435   -0.016043
    6    3    0    9    2   -0.005254   -0.001287
    6    3    0   10    2    0.001127    0.008782
    6    3    0   11    2    0.007305   -0.004185
    6    3    0    1    3   -0.008601   -0.008498
    6    3    0    2    3   -0.001597   -0.010251
    6    3    0    3    3   -0.001882   -0.007591
    6    3    0    4    3   -0.009883    0.011809
    6    3    0    5    3    0.004087    0.012060
    6    3    0    6    3    0.003342   -0.002736
    6    3    0    7    3   -0.005369    0.008811
    6    3    0    8    3    0.005634   -0.012272
    6    3    0    9    3   -0.001910   -0.012162
    6    3    0   10    3    0.013431   -0.007141
    6    3    0   11    3   -0.014771    0.001071
    6    3    0    1    4   -0.003675   -0.010530
    6    3    0    2    4   -0.011462   -0.014817
    6    3    0    3    4   -0.002872    0.015058
    6    3    0    4    4   -0.010253    0.000520
    6    3    0    5    4    0.007842   -0.016455
    6    3    0    6    4   -0.006167   -0.015898
    6    3    0    7    4    0.002697    0.009512
    6    3    0    8    4    0.003748   -0.017344
    6    3    0    9    4   -0.013514    0.014369
    6    3    0   10    4   -0.013280   -0.004922
    6    3    0   11    4   -0.009618    0.029446
    6    3    0    1    5   -0.001026    0.010382
    6    3    0    2    5    0.001544    0.003814
    6    3    0    3    5    0.000258   -0.011690
    6    3    0    4    5    0.016901    0.006384
    6    3    0    5    5    0.013141   -0.008317
    6    3    0    6    5    0.015554    0.032266
    6    3    0    7    5    0.000350   -0.014076
    6    3    0    8    5   -0.015047   -0.029581
    6    3    0    9    5   -0.012236    0.003652
    6    3    0   10    5   -0.000615    0.030907
    6    3    0   11    5   -0.005243   -0.020700
    6    3    0    1    6    0.009537    0.003255
    6    3    0    2    6    0.007917    0.014094
    6    3    0    3    6    0.000496    0.010195
    6    3    0    4    6    0.002120   -0.023641
    6    3    0    5    6   -0.008364    0.005384
    6    3    0    6    6   -0.003739   -0.003054
    6    3    0    7    6    0.007099    0.008394
    6    3    0    8    6    0.001311   -0.000491
    6    3    0    9    6   -0.018006   -0.003265
    6    3    0   10    6    0.001644    0.008293
    6    3    0   11    6   -0.007146   -0.006454
    6    3    0    1    7    0.007267    0.010116
    6    3    0    2    7    0.005449   -0.002214
    6    3    0    3    7   -0.003236    0.014803
    6    3    0    4    7    0.005968    0.004688
    6    3    0    5    7    0.012842   -0.018540
    6    3    0    6    7    0.018428   -0.007345
    6    3    0    7    7   -0.006522   -0.011561
    6    3    0    8    7    0.009678   -0.001855
    6    3    0    9    7   -0.004995    0.004610
    6    3    0   10    7    0.001181    0.001124
    6    3    0   11    7   -0.009308    0.007472
    6    3    0    1    8    0.015203    0.002827
    6    3    0    2    8   -0.007100   -0.000041
    6    3    0    3    8    0.000239   -0.000439
    6    3    0    4    8    0.020101    0.001014
    6    3    0    5    8    0.004510   -0.031979
    6    3    0    6    8   -0.001089    0.000982
    6    3    0    7    8   -0.005580    0.001866
    6    3    0    8    8   -0.000205   -0.000342
    6    3    0    9    8   -0.000545   -0.000334
    6    3    0   10    8    0.000477    0.001574
    6    3    0   11    8   -0.009248   -0.020451
    6    3    0    1    9   -0.003317    0.003145
    6    3    0    2    9   -0.008985   -0.015313
    6    3    0    3    9   -0.012600   -0.012192
    6    3    0    4    9   -0.007945    0.002063
    6    3    0    5    9    0.016429   -0.001750
    6    3    0    6    9   -0.005623   -0.009094
    6    3    0    7    9   -0.000709    0.004937
    6    3    0    8    9   -0.005170    0.004135
    6    3    0    9    9    0.001360    0.004355
    6    3    0   10    9   -0.001546   -0.004485
    6    3    0   11    9    0.014791    0.000651
    6    3    0    1   10    0.000142   -0.009724
    6    3    0    2   10   -0.003680   -0.020173
    6    3    0    3   10    0.005380   -0.006014
    6    3    0    4   10   -0.005022   -0.002687
    6    3    0    5   10   -0.013309    0.007374
    6    3    0    6   10    0.003444   -0.004785
    6    3    0    7   10    0.000575   -0.000043
    6    3    0    8   10   -0.001648    0.001522
    6    3    0    9   10   -0.002826   -0.001176
    6    3    0   10   10    0.002611    0.000019
    6    3    0   11   10   -0.011234    0.009209
    6    3    0    1   11    0.014313    0.001539
    6    3    0    2   11    0.006403   -0.000664
    6    3    0    3   11   -0.005546   -0.006139
    6    3    0    4   11   -0.025690    0.012460
    6    3    0    5   11    0.009607   -0.026216
    6    3    0    6   11   -0.021648   -0.002079
    6    3    0    7   11    0.003428   -0.015192
    6    3    0    8   11    0.005272    0.001182
    6    3    0    9   11   -0.000419   -0.014119
    6    3    0   10   11   -0.015584    0.009839
    6    3    0   11   11   -0.003273    0.016874
    6    4    0    1    1   -0.004854   -0.002315
    6    4    0    2    1    0.003728    0.006317
    6    4    0    3    1   -0.001497   -0.011116
    6    4    0    4    1    0.005266    0.001663
    6    4    0    5    1    0.006036    0.014201
    6    4    0    6    1   -0.014510   -0.001712
    6    4    0    7    1   -0.003282    0.011394
    6    4    0    8    1    0.004194    0.007314
    6    4    0    9    1    0.000294   -0.004242
    6    4    0   10    1    0.001494   -0.001958
    6    4    0   11    1   -0.002357   -0.003378
    6    4    0    1    2   -0.005136    0.001359
    6    4    0    2    2    0.007401   -0.000558
    6    4    0    3    2    0.002613   -0.003251
    6    4    0    4    2    0.002537   -0.004377
    6    4    0    5    2   -0.007484    0.008495
    6    4    0    6    2   -0.010530    0.012572
    6    4    0    7    2    0.003597   -0.011178
    6    4    0    8    2   -0.009471    0.002680
    6    4    0    9    2   -0.012711    0.000450
    6    4    0   10    2   -0.006697    0.015702
    6    4    0   11    2    0.001387   -0.019466
    6    4    0    1    3    0.004891    0.000071
    6    4    0    2    3    0.005626    0.005804
    6    4    0    3    3    0.008578   -0.001501
    6    4    0    4    3    0.002222   -0.004374
    6    4    0    5    3    0.005144   -0.002678
    6    4    0    6    3   -0.011943   -0.001121
    6    4    0    7    3    0.013854   -0.000886
    6    4    0    8    3   -0.003949    0.000474
    6    4    0    9    3   -0.001010   -0.008661
    6    4    0   10    3   -0.033260   -0.002479
    6    4    0   11    3   -0.002384   -0.007215
    6    4    0    1    4    0.010373   -0.005931
    6    4    0    2    4    0.003547   -0.003951
    6    4    0    3    4   -0.002002    0.003973
    6    4    0    4    4   -0.013932    0.001388
    6    4    0    5    4   -0.009158   -0.003183
    6    4    0    6    4    0.000994   -0.016016
    6    4    0    7    4   -0.002404   -0.003842
    6    4    0    8    4   -0.006306   -0.004068
    6    4    0    9    4    0.000454   -0.007209
    6    4    0   10    4   -0.024745    0.017065
    6    4    0   11    4   -0.012051    0.007973
    6    4    0    1    5    0.000527    0.002816
    6    4    0    2    5    0.005607    0.001101
    6    4    0    3    5   -0.010172    0.007865
    6    4    0    4    5   -0.008484   -0.008760
    6    4    0    5    5   -0.009890   -0.022000
    6    4    0    6    5    0.016349   -0.025466
    6    4    0    7    5    0.001253   -0.026902
    6    4    0    8    5    0.005544    0.006967
    6    4    0    9    5    0.007949    0.013942
    6    4    0   10    5   -0.009547   -0.004131
    6    4    0   11    5   -0.026995    0.011586
    6    4    0    1    6    0.001471    0.014570
    6    4    0    2    6    0.006404   -0.020535
    6    4    0    3    6   -0.040621    0.009660
    6    4    0    4    6    0.038465   -0.004217
    6    4    0    5    6   -0.005277    0.011994
    6    4    0    6    6    0.000020    0.005038
    6    4    0    7    6   -0.008574    0.010288
    6    4    0    8    6   -0.002307    0.000479
    6    4    0    9    6   -0.007617    0.003803
    6    4    0   10    6   -0.002250    0.008419
    6    4    0   11    6    0.019907    0.001698
    6    4    0    1    7    0.001232   -0.006771
    6    4    0    2    7   -0.017480   -0.016382
    6    4    0    3    7    0.003109    0.005871
    6    4    0    4    7   -0.026441   -0.000979
    6    4    0    5    7   -0.016341   -0.025425
    6    4    0    6    7    0.008881   -0.006003
    6    4    0    7    7   -0.005995   -0.004594
    6    4    0    8    7    0.000470   -0.006893
    6    4    0    9    7   -0.002028   -0.006140
    6    4    0   10    7    0.002399    0.002469
    6    4    0   11    7   -0.005941   -0.022761
    6    4    0    1    8   -0.004960   -0.001519
    6    4    0    2    8   -0.002006    0.003038
    6    4    0    3    8   -0.014581   -0.003528
    6    4    0    4    8    0.011945    0.003418
    6    4    0    5    8   -0.012263    0.011980
    6    4    0    6    8   -0.004630   -0.008984
    6    4    0    7    8   -0.003128   -0.004872
    6    4    0    8    8    0.001642   -0.000402
    6    4    0    9    8   -0.002076    0.001973
    6    4    0   10    8    0.000291    0.000371
    6    4    0   11    8   -0.002913    0.018160
    6    4    0    1    9    0.005099   -0.001254
    6    4    0    2    9    0.001738    0.009380
    6    4    0    3    9    0.031213   -0.011459
    6    4    0    4    9    0.016505    0.004137
    6    4    0    5    9    0.000096    0.019081
    6    4    0    6    9   -0.003775    0.004073
    6    4    0    7    9   -0.002699   -0.017331
    6    4    0    8    9   -0.005231    0.006001
    6    4    0    9    9    0.004254    0.005439
    6    4    0   10    9    0.002648    0.010416
    6    4    0   11    9    0.006335   -0.013360
    6    4    0    1   10    0.002255   -0.002278
    6    4    0    2   10    0.012652    0.016251
    6    4    0    3   10    0.019183   -0.000628
    6    4    0    4   10    0.012751   -0.002018
    6    4    0    5   10    0.016856    0.043213
    6    4    0    6   10   -0.000518    0.008656
    6    4    0    7   10    0.006616   -0.007568
    6    4    0    8   10   -0.002173   -0.001237
    6    4    0    9   10   -0.003801    0.002796
    6    4    0   10   10    0.002989    0.003305
    6    4    0   11   10    0.000565    0.008402
    6    4    0    1   11    0.007411    0.001115
    6    4    0    2   11   -0.000816    0.012392
    6    4    0    3   11    0.005213   -0.002732
    6    4    0    4   11   -0.041646   -0.004745
    6    4    0    5   11   -0.013409    0.016561
    6    4    0    6   11    0.002504   -0.000842
    6    4    0    7   11    0.000819   -0.017391
    6    4    0    8   11   -0.004784   -0.000802
    6    4    0    9   11   -0.011274   -0.005832
    6    4    0   10   11    0.010207    0.012545
    6    4    0   11   11    0.010925    0.016200
    6    5    0    1    1   -0.003398    0.008474
    6    5    0    2    1    0.007388   -0.000894
    6    5    0    3    1   -0.001784    0.004962
    6    5    0    4    1   -0.011688   -0.002306
    6    5    0    5    1   -0.000344    0.004205
    6    5    0    6    1   -0.013947   -0.009072
    6    5    0    7    1   -0.005020    0.008481
    6    5    0    8    1   -0.000090   -0.012781
    6    5    0    9    1   -0.003650    0.001990
    6    5    0   10    1    0.009704   -0.001004
    6    5    0   11    1   -0.001740   -0.002904
    6    5    0    1    2    0.004791   -0.010085
    6    5    0    2    2   -0.005118    0.011279
    6    5    0    3    2   -0.014744    0.000921
    6    5    0    4    2   -0.011155   -0.010056
    6    5    0    5    2    0.001635    0.003271
    6    5    0    6    2   -0.001965   -0.015523
    6    5    0    7    2   -0.002855    0.008701
    6    5    0    8    2    0.019305    0.012144
    6    5    0    9    2    0.008856   -0.002965
    6    5    0   10    2   -0.005062   -0.022292
    6    5    0   11    2    0.008708    0.002156
    6    5    0    1    3   -0.003008    0.012242
    6    5    0    2    3   -0.000852   -0.002413
    6    5    0    3    3    0.007939   -0.010764
    6    5    0    4    3   -0.019239    0.008243
    6    5    0    5    3   -0.002936    0.004402
    6    5    0    6    3   -0.008601    0.018790
    6    5    0    7    3    0.001078    0.008975
    6    5    0    8    3   -0.030966    0.024591
    6    5    0    9    3   -0.013181   -0.005242
    6    5    0   10    3    0.014626    0.007559
    6    5    0   11    3   -0.001185   -0.012390
    6    5    0    1    4   -0.003436   -0.008447
    6    5    0    2    4   -0.000219    0.002533
    6    5    0    3    4   -0.012775    0.003218
    6    5    0    4    4    0.012513   -0.003981
    6    5    0    5    4   -0.002987    0.002063
    6    5    0    6    4    0.005536   -0.020255
    6    5    0    7    4   -0.002441    0.006697
    6    5    0    8    4    0.048102   -0.012607
    6    5    0    9    4    0.011274   -0.004430
    6    5    0   10    4    0.000552   -0.006023
    6    5    0   11    4    0.010732   -0.018516
    6    5    0    1    5    0.010412    0.008083
    6    5    0    2    5   -0.006030   -0.002133
    6    5    0    3    5    0.001236    0.009203
    6    5    0    4    5   -0.000282    0.011428
    6    5    0    5    5   -0.003717   -0.007215
    6    5    0    6    5    0.018181    0.005300
    6    5    0    7    5   -0.021150   -0.002563
    6    5    0    8    5    0.015055   -0.014579
    6    5    0    9    5    0.007837    0.011235
    6    5    0   10    5    0.031170    0.009978
    6    5    0   11    5   -0.020455    0.005257
    6    5    0    1    6   -0.000362   -0.012498
    6    5    0    2    6   -0.008222    0.019214
    6    5    0    3    6    0.034386    0.002316
    6    5    0    4    6   -0.051528   -0.002184
    6    5    0    5    6   -0.004299   -0.009837
    6    5    0    6    6   -0.009313   -0.004995
    6    5    0    7    6   -0.011210   -0.011609
    6    5    0    8    6    0.002085   -0.002160
    6    5    0    9    6   -0.003733   -0.005970
    6    5    0   10    6   -0.009304    0.000096
    6    5    0   11    6   -0.007957    0.001686
    6    5    0    1    7    0.002932   -0.002582
    6    5    0    2    7    0.019484    0.019738
    6    5    0    3    7    0.007168   -0.002319
    6    5    0    4    7    0.051840    0.002043
    6    5    0    5    7    0.002128    0.009203
    6    5    0    6    7   -0.007489   -0.001927
    6    5    0    7    7   -0.001987    0.026213
    6    5    0    8    7   -0.002415   -0.006267
    6    5    0    9    7   -0.011383   -0.009088
    6    5    0   10    7   -0.007756    0.002809
    6    5    0   11    7    0.018215    0.015157
    6    5    0    1    8   -0.010681   -0.012115
    6    5    0    2    8   -0.000617   -0.021496
    6    5    0    3    8    0.006781    0.005034
    6    5    0    4    8   -0.013375   -0.012207
    6    5    0    5    8    0.004745   -0.016778
    6    5    0    6    8    0.002811    0.001921
    6    5    0    7    8    0.003295   -0.004274
    6    5    0    8    8    0.000124   -0.000557
    6    5    0    9    8    0.003767    0.008425
    6    5    0   10    8    0.002785    0.001533
    6    5    0   11    8    0.005806    0.010381
    6    5    0    1    9    0.006157    0.000758
    6    5    0    2    9   -0.000991   -0.014328
    6    5    0    3    9   -0.016236   -0.011801
    6    5    0    4    9   -0.017471   -0.005711
    6    5    0    5    9    0.004362   -0.003074
    6    5    0    6    9    0.010248    0.003866
    6    5    0    7    9    0.003044   -0.009784
    6    5    0    8    9    0.004845    0.007135
    6    5    0    9    9    0.004514    0.007097
    6    5    0   10    9    0.013630    0.004069
    6    5    0   11    9   -0.026947   -0.009491
    6    5    0    1   10   -0.009894    0.009514
    6    5    0    2   10   -0.000832    0.001937
    6    5    0    3   10   -0.022420   -0.011708
    6    5    0    4   10   -0.032740   -0.017305
    6    5    0    5   10   -0.007752   -0.022863
    6    5    0    6   10    0.003308    0.005611
    6    5    0    7   10   -0.000696    0.004693
    6    5    0    8   10    0.001379   -0.001541
    6    5    0    9   10   -0.001606   -0.001805
    6    5    0   10   10    0.000208    0.003288
    6    5    0   11   10    0.006513   -0.025282
    6    5    0    1   11   -0.007274   -0.002834
    6    5    0    2   11   -0.007862   -0.020307
    6    5    0    3   11   -0.011863   -0.011751
    6    5    0    4   11    0.014501    0.009691
    6    5    0    5   11    0.016904    0.002524
    6    5    0    6   11    0.020279    0.010780
    6    5    0    7   11   -0.009132    0.029159
    6    5    0    8   11   -0.001213   -0.006623
    6    5    0    9   11    0.008009    0.014789
    6    5    0   10   11    0.004205   -0.022436
    6    5    0   11   11   -0.000838   -0.028840
    6    6    0    1    1    0.005931    0.000000
    6    6    0    2    1   -0.007141    0.000299
    6    6    0    3    1    0.000608    0.007744
    6    6    0    4    1    0.002776   -0.008703
    6    6    0    5    1   -0.007909    0.000903
    6    6    0    6    1    0.010159    0.012379
    6    6    0    7    1    0.003265   -0.007107
    6    6    0    8    1    0.000512   -0.009136
    6    6    0    9    1    0.004623    0.000284
    6    6    0   10    1   -0.002425   -0.002602
    6    6    0   11    1   -0.002272    0.009698
    6    6    0    1    2   -0.007141   -0.000299
    6    6    0    2    2   -0.000756   -0.000000
    6    6    0    3    2   -0.002394   -0.018971
    6    6    0    4    2   -0.001147    0.003718
    6    6    0    5    2    0.015196    0.001787
    6    6    0    6    2    0.001412    0.018194
    6    6    0    7    2   -0.010511    0.006032
    6    6    0    8    2   -0.006755   -0.022393
    6    6    0    9    2   -0.008497   -0.018150
    6    6    0   10    2    0.000369    0.008802
    6    6    0   11    2   -0.003645    0.014382
    6    6    0    1    3    0.000608   -0.007744
    6    6    0    2    3   -0.002394    0.018971
    6    6    0    3    3   -0.028220   -0.000000
    6    6    0    4    3    0.046670    0.012685
    6    6    0    5    3    0.006725   -0.009158
    6    6    0    6    3    0.009380   -0.005626
    6    6    0    7    3    0.009361    0.005827
    6    6    0    8    3    0.030467   -0.000335
    6    6    0    9    3   -0.009598    0.001069
    6    6    0   10    3   -0.008122   -0.003375
    6    6    0   11    3    0.011135   -0.002938
    6    6    0    1    4    0.002776    0.008703
    6    6    0    2    4   -0.001147   -0.003718
    6    6    0    3    4    0.046670   -0.012685
    6    6    0    4    4    0.026934    0.000000
    6    6    0    5    4   -0.007584    0.014885
    6    6    0    6    4   -0.020332    0.026137
    6    6    0    7    4   -0.018688    0.006771
    6    6    0    8    4   -0.073439    0.021519
    6    6    0    9    4    0.007261    0.008441
    6    6    0   10    4    0.048207   -0.005271
    6    6    0   11    4    0.067684   -0.014167
    6    6    0    1    5   -0.007909   -0.000903
    6    6    0    2    5    0.015196   -0.001787
    6    6    0    3    5    0.006725    0.009158
    6    6    0    4    5   -0.007584   -0.014885
    6    6    0    5    5   -0.011054   -0.000000
    6    6    0    6    5   -0.016981   -0.030351
    6    6    0    7    5    0.013598    0.015981
    6    6    0    8    5   -0.016753   -0.011760
    6    6    0    9    5   -0.008220   -0.000581
    6    6    0   10    5   -0.014819   -0.027846
    6    6    0   11    5    0.020080    0.015801
    6    6    0    1    6    0.010159   -0.012379
    6    6    0    2    6    0.001412   -0.018194
    6    6    0    3    6    0.009380    0.005626
    6    6    0    4    6   -0.020332   -0.026137
    6    6    0    5    6   -0.016981    0.030351
    6    6    0    6    6    0.006654   -0.000000
    6    6    0    7    6    0.003279   -0.014772
    6    6    0    8    6    0.000928   -0.000620
    6    6    0    9    6    0.001368    0.001896
    6    6    0   10    6    0.002676   -0.001132
    6    6    0   11    6   -0.014831    0.002147
    6    6    0    1    7    0.003265    0.007107
    6    6    0    2    7   -0.010511   -0.006032
    6    6    0    3    7    0.009361   -0.005827
    6    6    0    4    7   -0.018688   -0.006771
    6    6    0    5    7    0.013598   -0.015981
    6    6    0    6    7    0.003279    0.014772
    6    6    0    7    7    0.003513    0.000000
    6    6    0    8    7    0.002512    0.003874
    6    6    0    9    7    0.000923    0.004941
    6    6    0   10    7   -0.004359   -0.007407
    6    6    0   11    7   -0.007264    0.011719
    6    6    0    1    8    0.000512    0.009136
    6    6    0    2    8   -0.006755    0.022393
    6    6    0    3    8    0.030467    0.000335
    6    6    0    4    8   -0.073439   -0.021519
    6    6    0    5    8   -0.016753    0.011760
    6    6    0    6    8    0.000928    0.000620
    6    6    0    7    8    0.002512   -0.003874
    6    6    0    8    8   -0.002062    0.000000
    6    6    0    9    8    0.005834    0.001224
    6    6    0   10    8   -0.000149    0.001575
    6    6    0   11    8    0.001017   -0.019949
    6    6    0    1    9    0.004623   -0.000284
    6    6    0    2    9   -0.008497    0.018150
    6    6    0    3    9   -0.009598   -0.001069
    6    6    0    4    9    0.007261   -0.008441
    6    6    0    5    9   -0.008220    0.000581
    6    6    0    6    9    0.001368   -0.001896
    6    6    0    7    9    0.000923   -0.004941
    6    6    0    8    9    0.005834   -0.001224
    6    6    0    9    9    0.006547   -0.000000
    6    6    0   10    9    0.002976   -0.001874
    6    6    0   11    9   -0.006052    0.008887
    6    6    0    1   10   -0.002425    0.002602
    6    6    0    2   10    0.000369   -0.008802
    6    6    0    3   10   -0.008122    0.003375
    6    6    0    4   10    0.048207    0.005271
    6    6    0    5   10   -0.014819    0.027846
    6    6    0    6   10    0.002676    0.001132
    6    6    0    7   10   -0.004359    0.007407
    6    6    0    8   10   -0.000149   -0.001575
    6    6    0    9   10    0.002976    0.001874
    6    6    0   10   10   -0.002405   -0.000000
    6    6    0   11   10   -0.003856    0.005795
    6    6    0    1   11   -0.002272   -0.009698
    6    6    0    2   11   -0.003645   -0.014382
    6    6    0    3   11    0.011135    0.002938
    6    6    0    4   11    0.067684    0.014167
    6    6    0    5   11    0.020080   -0.015801
    6    6    0    6   11   -0.014831   -0.002147
    6    6    0    7   11   -0.007264   -0.011719
    6    6    0    8   11    0.001017    0.019949
    6    6    0    9   11   -0.006052   -0.008887
    6    6    0   10   11   -0.003856   -0.005795
    6    6    0   11   11   -0.004839   -0.000000
    7    2    0    1    1   -0.009914    0.003231
    7    2    0    2    1    0.001546    0.007398
    7    2    0    3    1   -0.001160    0.002659
    7    2    0    4    1    0.002641    0.003438
    7    2    0    5    1   -0.009508    0.001488
    7    2    0    6    1   -0.002959   -0.004825
    7    2    0    7    1   -0.007987   -0.000063
    7    2    0    8    1    0.002839    0.001835
    7    2    0    9    1    0.001645    0.003170
    7    2    0   10    1   -0.006041   -0.002590
    7    2    0   11    1    0.003193    0.005689
    7    2    0    1    2    0.004959   -0.005021
    7    2    0    2    2    0.001032   -0.011649
    7    2    0    3    2    0.003472    0.009301
    7    2    0    4    2    0.004800    0.022262
    7    2    0    5    2    0.001547   -0.004742
    7    2    0    6    2    0.002667   -0.004487
    7    2    0    7    2   -0.003289    0.005375
    7    2    0    8    2    0.008551    0.007066
    7    2    0    9    2   -0.000315    0.001091
    7    2    0   10    2   -0.004692   -0.007185
    7    2    0   11    2    0.008722    0.003360
    7    2    0    1    3   -0.008028    0.006529
    7    2    0    2    3   -0.003499    0.004327
    7    2    0    3    3    0.004678   -0.002153
    7    2    0    4    3   -0.012767    0.007450
    7    2    0    5    3    0.002132   -0.004259
    7    2    0    6    3   -0.016100    0.003645
    7    2    0    7    3    0.011425    0.004455
    7    2    0    8    3   -0.006064    0.004311
    7    2    0    9    3    0.008302   -0.003487
    7    2    0   10    3   -0.014607   -0.011116
    7    2    0   11    3    0.008295   -0.007227
    7    2    0    1    4    0.005473    0.001855
    7    2    0    2    4    0.022040   -0.000491
    7    2    0    3    4   -0.001787    0.006324
    7    2    0    4    4    0.014119    0.011307
    7    2    0    5    4   -0.009796    0.015503
    7    2    0    6    4    0.027167    0.002683
    7    2    0    7    4   -0.008489    0.001119
    7    2    0    8    4   -0.003081   -0.000252
    7    2    0    9    4    0.002963   -0.005075
    7    2    0   10    4    0.007274   -0.004511
    7    2    0   11    4    0.002109    0.010933
    7    2    0    1    5    0.006484   -0.010038
    7    2    0    2    5    0.002085    0.001245
    7    2    0    3    5   -0.005236    0.000310
    7    2    0    4    5   -0.001371   -0.002518
    7    2    0    5    5   -0.010658    0.007593
    7    2    0    6    5   -0.016126    0.022744
    7    2    0    7    5   -0.002497    0.027012
    7    2    0    8    5    0.012165    0.003974
    7    2    0    9    5    0.000634   -0.007340
    7    2    0   10    5    0.000223    0.002368
    7    2    0   11    5    0.009924    0.001990
    7    2    0    1    6    0.003727   -0.004983
    7    2    0    2    6    0.002550   -0.002362
    7    2    0    3    6   -0.003043   -0.010810
    7    2    0    4    6    0.015334    0.007781
    7    2    0    5    6    0.006758   -0.028554
    7    2    0    6    6   -0.006985    0.003747
    7    2    0    7    6   -0.003601   -0.009105
    7    2    0    8    6   -0.003835   -0.004404
    7    2    0    9    6    0.016958   -0.006149
    7    2    0   10    6   -0.006754   -0.007888
    7    2    0   11    6   -0.006802    0.001810
    7    2    0    1    7   -0.005610   -0.009060
    7    2    0    2    7    0.006750    0.002532
    7    2    0    3    7   -0.008979    0.008344
    7    2    0    4    7   -0.002338    0.001749
    7    2    0    5    7    0.005947    0.003562
    7    2    0    6    7    0.007722   -0.002080
    7    2    0    7    7   -0.027999   -0.006517
    7    2    0    8    7    0.005395   -0.002120
    7    2    0    9    7    0.007493   -0.004020
    7    2    0   10    7    0.003988   -0.004348
    7    2    0   11    7   -0.021322    0.009464
    7    2    0    1    8    0.010306   -0.000799
    7    2    0    2    8    0.014202    0.002176
    7    2    0    3    8    0.004744    0.001729
    7    2    0    4    8    0.000974   -0.014800
    7    2    0    5    8   -0.008842    0.029520
    7    2    0    6    8    0.008886    0.005567
    7    2    0    7    8    0.002679    0.001599
    7    2    0    8    8   -0.000032    0.000413
    7    2    0    9    8    0.000721   -0.004265
    7    2    0   10    8    0.002587    0.003672
    7    2    0   11    8    0.001676   -0.003062
    7    2    0    1    9   -0.007534   -0.003903
    7    2    0    2    9   -0.002612   -0.008015
    7    2    0    3    9    0.010616    0.008606
    7    2    0    4    9    0.002130    0.007279
    7    2    0    5    9   -0.018726    0.005549
    7    2    0    6    9    0.007324    0.014365
    7    2    0    7    9    0.003357   -0.001074
    7    2    0    8    9    0.004425   -0.004413
    7    2    0    9    9    0.004297   -0.008365
    7    2    0   10    9    0.004563    0.007458
    7    2    0   11    9   -0.009210    0.008909
    7    2    0    1   10    0.005344   -0.003080
    7    2    0    2   10   -0.010959   -0.006869
    7    2    0    3   10   -0.000928   -0.001400
    7    2    0    4   10    0.007448    0.017415
    7    2    0    5   10   -0.009746   -0.031704
    7    2    0    6   10   -0.006541   -0.006386
    7    2    0    7   10    0.000926    0.002041
    7    2    0    8   10   -0.000960   -0.002313
    7    2    0    9   10   -0.002222   -0.003242
    7    2    0   10   10   -0.001624    0.000550
    7    2    0   11   10   -0.001766   -0.002473
    7    2    0    1   11   -0.002699   -0.007431
    7    2    0    2   11   -0.006247    0.023066
    7    2    0    3   11    0.018106    0.008584
    7    2    0    4   11    0.016491   -0.000224
    7    2    0    5   11   -0.004795   -0.002414
    7    2    0    6   11   -0.002703   -0.024110
    7    2    0    7   11   -0.005719   -0.010791
    7    2    0    8   11   -0.006295   -0.009045
    7    2    0    9   11    0.009699   -0.004664
    7    2    0   10   11    0.008931   -0.013803
    7    2    0   11   11    0.033385    0.001841
    7    3    0    1    1    0.002316    0.023048
    7    3    0    2    1   -0.001623   -0.006375
    7    3    0    3    1    0.000536    0.002504
    7    3    0    4    1   -0.005166    0.009080
    7    3    0    5    1    0.007645    0.005260
    7    3    0    6    1   -0.002313    0.003005
    7    3    0    7    1    0.009774   -0.004793
    7    3    0    8    1    0.010400    0.005809
    7    3    0    9    1    0.006635    0.007709
    7    3    0   10    1    0.001668   -0.002086
    7    3    0   11    1    0.002181    0.015555
    7    3    0    1    2   -0.005033   -0.001713
    7    3    0    2    2   -0.001909    0.008969
    7    3    0    3    2    0.006778   -0.006232
    7    3    0    4    2    0.014948    0.007337
    7    3    0    5    2   -0.002790   -0.001618
    7    3    0    6    2    0.002256   -0.007566
    7    3    0    7    2   -0.005213    0.021322
    7    3    0    8    2   -0.009948    0.001108
    7    3    0    9    2    0.013850    0.002844
    7    3    0   10    2    0.011032   -0.001283
    7    3    0   11    2   -0.012783   -0.018750
    7    3    0    1    3    0.000553    0.003914
    7    3    0    2    3    0.003609   -0.011698
    7    3    0    3    3   -0.000787   -0.000275
    7    3    0    4    3    0.002437    0.014153
    7    3    0    5    3    0.002795   -0.006568
    7    3    0    6    3   -0.005453   -0.002254
    7    3    0    7    3   -0.003199    0.004004
    7    3    0    8    3   -0.002004   -0.002674
    7    3    0    9    3    0.006739    0.001164
    7    3    0   10    3    0.011814   -0.012502
    7    3    0   11    3   -0.002587   -0.000341
    7    3    0    1    4   -0.012196    0.004895
    7    3    0    2    4   -0.000826   -0.011112
    7    3    0    3    4    0.006776    0.005120
    7    3    0    4    4    0.002312   -0.000409
    7    3    0    5    4    0.004424   -0.001318
    7    3    0    6    4    0.000707   -0.009359
    7    3    0    7    4    0.002688    0.008545
    7    3    0    8    4   -0.012657   -0.009182
    7    3    0    9    4   -0.000673    0.019097
    7    3    0   10    4    0.002153   -0.013649
    7    3    0   11    4    0.026555    0.030845
    7    3    0    1    5    0.001971   -0.001015
    7    3    0    2    5    0.000046   -0.003151
    7    3    0    3    5    0.003708    0.004062
    7    3    0    4    5    0.010165   -0.005027
    7    3    0    5    5    0.007280    0.003228
    7    3    0    6    5    0.008975    0.014315
    7    3    0    7    5    0.002082    0.005061
    7    3    0    8    5    0.002686   -0.025753
    7    3    0    9    5   -0.011205   -0.018959
    7    3    0   10    5   -0.012479    0.012469
    7    3    0   11    5   -0.001122   -0.008191
    7    3    0    1    6    0.005200    0.015998
    7    3    0    2    6   -0.004092    0.001665
    7    3    0    3    6   -0.006247   -0.009867
    7    3    0    4    6   -0.009970   -0.019792
    7    3    0    5    6   -0.011730    0.012527
    7    3    0    6    6    0.006478   -0.008765
    7    3    0    7    6    0.014328   -0.002388
    7    3    0    8    6    0.000658   -0.000972
    7    3    0    9    6    0.002781   -0.007070
    7    3    0   10    6    0.007751   -0.001922
    7    3    0   11    6    0.000903    0.009374
    7    3    0    1    7   -0.011622   -0.008202
    7    3    0    2    7   -0.015420    0.006908
    7    3    0    3    7   -0.000268    0.011918
    7    3    0    4    7   -0.003347    0.006891
    7    3    0    5    7    0.006640   -0.004785
    7    3    0    6    7   -0.010699   -0.009736
    7    3    0    7    7   -0.004887   -0.010298
    7    3    0    8    7    0.001339    0.004602
    7    3    0    9    7    0.009795    0.006480
    7    3    0   10    7    0.009359   -0.001245
    7    3    0   11    7   -0.008120   -0.009620
    7    3    0    1    8   -0.002371    0.004099
    7    3    0    2    8   -0.001186   -0.001556
    7    3    0    3    8    0.005248   -0.009974
    7    3    0    4    8    0.007158   -0.004497
    7    3    0    5    8    0.010009   -0.005718
    7    3    0    6    8    0.004181    0.006527
    7    3    0    7    8    0.003353    0.006206
    7    3    0    8    8    0.000030   -0.000785
    7    3    0    9    8   -0.003473   -0.000964
    7    3    0   10    8    0.002082    0.001200
    7    3    0   11    8    0.004064    0.008000
    7    3    0    1    9    0.007148    0.013974
    7    3    0    2    9   -0.007117   -0.022686
    7    3    0    3    9   -0.002215   -0.000951
    7    3    0    4    9   -0.009547    0.003634
    7    3    0    5    9    0.007787   -0.002322
    7    3    0    6    9    0.003846   -0.010897
    7    3    0    7    9    0.013550    0.002828
    7    3    0    8    9    0.002767   -0.005612
    7    3    0    9    9   -0.000949   -0.005748
    7    3    0   10    9    0.001994   -0.004988
    7    3    0   11    9   -0.000639    0.013465
    7    3    0    1   10   -0.005149   -0.005078
    7    3    0    2   10    0.010380   -0.001034
    7    3    0    3   10   -0.004686   -0.011535
    7    3    0    4   10   -0.009496   -0.003266
    7    3    0    5   10   -0.006429    0.017289
    7    3    0    6   10    0.003036   -0.007633
    7    3    0    7   10    0.001223   -0.003187
    7    3    0    8   10   -0.000955   -0.001357
    7    3    0    9   10   -0.002410   -0.003570
    7    3    0   10   10   -0.001662   -0.000122
    7    3    0   11   10   -0.002687    0.004856
    7    3    0    1   11   -0.008709   -0.002050
    7    3    0    2   11    0.025996    0.006896
    7    3    0    3   11    0.001332   -0.001757
    7    3    0    4   11   -0.002828    0.032003
    7    3    0    5   11    0.016119   -0.010382
    7    3    0    6   11   -0.018049   -0.004488
    7    3    0    7   11    0.022862   -0.005166
    7    3    0    8   11   -0.018013    0.012221
    7    3    0    9   11    0.000833   -0.003101
    7    3    0   10   11   -0.001752    0.008329
    7    3    0   11   11   -0.008572   -0.008842
    7    4    0    1    1    0.007420   -0.002803
    7    4    0    2    1   -0.000852   -0.004310
    7    4    0    3    1    0.006809    0.001191
    7    4    0    4    1   -0.003543    0.005060
    7    4    0    5    1   -0.005799    0.004217
    7    4    0    6    1   -0.000428    0.007092
    7    4    0    7    1   -0.002874   -0.004307
    7    4    0    8    1   -0.004665   -0.003923
    7    4    0    9    1    0.001332    0.003380
    7    4    0   10    1    0.008603    0.002378
    7    4    0   11    1   -0.001739   -0.012582
    7    4    0    1    2   -0.008911    0.009330
    7    4    0    2    2    0.004067   -0.002756
    7    4    0    3    2    0.004577    0.007150
    7    4    0    4    2    0.001567    0.001400
    7    4    0    5    2   -0.005097    0.001112
    7    4    0    6    2   -0.001668   -0.008530
    7    4    0    7    2    0.003529   -0.013698
    7    4    0    8    2   -0.005410   -0.002553
    7    4    0    9    2   -0.001449    0.010510
    7    4    0   10    2    0.000748    0.021918
    7    4    0   11    2   -0.002132   -0.010269
    7    4    0    1    3    0.003859   -0.006001
    7    4    0    2    3   -0.000188   -0.008665
    7    4    0    3    3   -0.005220    0.010242
    7    4    0    4    3    0.005470   -0.010323
    7    4    0    5    3    0.007612   -0.011641
    7    4    0    6    3    0.005467   -0.013209
    7    4    0    7    3   -0.010359   -0.003398
    7    4    0    8    3   -0.010718    0.002043
    7    4    0    9    3   -0.008450    0.003092
    7    4    0   10    3   -0.007442   -0.000093
    7    4    0   11    3    0.007930    0.016664
    7    4    0    1    4    0.000092    0.006787
    7    4    0    2    4   -0.019736   -0.001427
    7    4    0    3    4    0.005887   -0.001851
    7    4    0    4    4   -0.004518    0.005081
    7    4    0    5    4    0.003900   -0.015063
    7    4    0    6    4   -0.014685   -0.006719
    7    4    0    7    4   -0.010225   -0.008251
    7    4    0    8    4    0.000399   -0.013614
    7    4    0    9    4   -0.010406    0.005538
    7    4    0   10    4    0.002560    0.002677
    7    4    0   11    4    0.010232   -0.003846
    7    4    0    1    5   -0.003399    0.005630
    7    4    0    2    5    0.002065    0.004711
    7    4    0    3    5    0.012860    0.005322
    7    4    0    4    5   -0.001479   -0.014688
    7    4    0    5    5   -0.015230   -0.015553
    7    4    0    6    5    0.020190   -0.018715
    7    4    0    7    5   -0.000924   -0.019495
    7    4    0    8    5    0.002882    0.017109
    7    4    0    9    5    0.010596    0.006644
    7    4    0   10    5    0.013346    0.011643
    7    4    0   11    5    0.006591    0.011511
    7    4    0    1    6   -0.004268   -0.001011
    7    4    0    2    6   -0.007165   -0.002046
    7    4    0    3    6    0.025923   -0.011920
    7    4    0    4    6   -0.004139    0.000823
    7    4    0    5    6    0.005356   -0.015128
    7    4    0    6    6    0.015987    0.011313
    7    4    0    7    6    0.006372    0.010890
    7    4    0    8    6   -0.000004   -0.002093
    7    4    0    9    6    0.001667    0.008540
    7    4    0   10    6    0.009099    0.005240
    7    4    0   11    6    0.011066    0.002917
    7    4    0    1    7    0.006715    0.012848
    7    4    0    2    7   -0.000652   -0.009543
    7    4    0    3    7    0.005074   -0.004262
    7    4    0    4    7    0.013372    0.000203
    7    4    0    5    7   -0.012375   -0.011261
    7    4    0    6    7   -0.004746    0.009761
    7    4    0    7    7    0.016006    0.020977
    7    4    0    8    7   -0.009156    0.001557
    7    4    0    9    7   -0.000797   -0.000021
    7    4    0   10    7    0.001101    0.005327
    7    4    0   11    7    0.023256    0.007440
    7    4    0    1    8   -0.006831   -0.007424
    7    4    0    2    8   -0.007999    0.003418
    7    4    0    3    8    0.005835    0.001985
    7    4    0    4    8   -0.000892   -0.001736
    7    4    0    5    8   -0.016502    0.004559
    7    4    0    6    8   -0.005766   -0.003228
    7    4    0    7    8    0.002894   -0.007570
    7    4    0    8    8    0.000824   -0.001903
    7    4    0    9    8   -0.004279   -0.005394
    7    4    0   10    8   -0.000558   -0.002064
    7    4    0   11    8    0.001423    0.002299
    7    4    0    1    9   -0.000164    0.010854
    7    4    0    2    9    0.006500    0.006462
    7    4    0    3    9   -0.001746    0.004172
    7    4    0    4    9   -0.005888   -0.013190
    7    4    0    5    9   -0.009790    0.004900
    7    4    0    6    9   -0.006653   -0.010670
    7    4    0    7    9    0.002768    0.000837
    7    4    0    8    9   -0.004823   -0.012036
    7    4    0    9    9   -0.004435   -0.008664
    7    4    0   10    9   -0.004704    0.001098
    7    4    0   11    9    0.026798   -0.007138
    7    4    0    1   10   -0.011050   -0.004553
    7    4    0    2   10   -0.004218    0.025084
    7    4    0    3   10    0.004376    0.003012
    7    4    0    4   10    0.007183    0.005463
    7    4    0    5   10    0.016575    0.003834
    7    4    0    6   10    0.002350    0.004021
    7    4    0    7   10   -0.003790    0.002505
    7    4    0    8   10    0.001295    0.002184
    7    4    0    9   10    0.005402    0.007443
    7    4    0   10   10    0.000467   -0.001248
    7    4    0   11   10    0.015872    0.009380
    7    4    0    1   11    0.006406    0.000652
    7    4    0    2   11   -0.001836   -0.007340
    7    4    0    3   11   -0.014334   -0.010143
    7    4    0    4   11   -0.001910    0.008896
    7    4    0    5   11   -0.000311    0.008483
    7    4    0    6   11    0.002254    0.015296
    7    4    0    7   11   -0.013511    0.002333
    7    4    0    8   11    0.011309    0.006270
    7    4    0    9   11   -0.013483   -0.003900
    7    4    0   10   11   -0.002614   -0.002770
    7    4    0   11   11   -0.015718   -0.014686
    7    5    0    1    1    0.009771   -0.021547
    7    5    0    2    1    0.002236   -0.003880
    7    5    0    3    1    0.003878    0.006610
    7    5    0    4    1    0.009734   -0.004110
    7    5    0    5    1    0.000844    0.002845
    7    5    0    6    1    0.000979   -0.001078
    7    5    0    7    1   -0.008177   -0.006318
    7    5    0    8    1   -0.006717   -0.007317
    7    5    0    9    1    0.001262   -0.005477
    7    5    0   10    1   -0.002283   -0.004226
    7    5    0   11    1    0.006480   -0.008235
    7    5    0    1    2    0.005876   -0.011560
    7    5    0    2    2   -0.000137    0.018593
    7    5    0    3    2    0.002525    0.003820
    7    5    0    4    2    0.003635   -0.019203
    7    5    0    5    2    0.007762    0.005677
    7    5    0    6    2    0.012794    0.002263
    7    5    0    7    2    0.001371    0.001438
    7    5    0    8    2    0.019073   -0.009231
    7    5    0    9    2   -0.001068   -0.012541
    7    5    0   10    2   -0.009875   -0.014748
    7    5    0   11    2    0.015404    0.013802
    7    5    0    1    3   -0.001318   -0.008199
    7    5    0    2    3    0.005291   -0.006214
    7    5    0    3    3   -0.003001   -0.006192
    7    5    0    4    3   -0.001545    0.000789
    7    5    0    5    3   -0.007946    0.009026
    7    5    0    6    3    0.013854    0.006861
    7    5    0    7    3   -0.004387    0.007650
    7    5    0    8    3    0.019273   -0.010630
    7    5    0    9    3    0.011991   -0.005313
    7    5    0   10    3    0.008591    0.001349
    7    5    0   11    3   -0.002866   -0.001771
    7    5    0    1    4    0.005785   -0.003891
    7    5    0    2    4   -0.006854   -0.013571
    7    5    0    3    4    0.006539    0.004710
    7    5    0    4    4   -0.008553   -0.000752
    7    5    0    5    4    0.004444   -0.004008
    7    5    0    6    4   -0.003251   -0.011379
    7    5    0    7    4   -0.003018   -0.003547
    7    5    0    8    4   -0.008037    0.001871
    7    5    0    9    4    0.000919    0.008929
    7    5    0   10    4    0.003385    0.004537
    7    5    0   11    4   -0.019969   -0.006348
    7    5    0    1    5   -0.010304    0.005209
    7    5    0    2    5   -0.005141    0.007283
    7    5    0    3    5    0.012430   -0.005549
    7    5    0    4    5   -0.007979    0.011356
    7    5    0    5    5    0.000102   -0.001248
    7    5    0    6    5   -0.003467    0.013439
    7    5    0    7    5   -0.009461   -0.014131
    7    5    0    8    5   -0.007825   -0.025331
    7    5    0    9    5   -0.009630    0.002123
    7    5    0   10    5    0.012259    0.011355
    7    5    0   11    5   -0.009491   -0.021905
    7    5    0    1    6    0.005174   -0.011953
    7    5    0    2    6    0.011502    0.012291
    7    5    0    3    6   -0.009706    0.007675
    7    5    0    4    6   -0.014009   -0.004496
    7    5    0    5    6   -0.006910    0.004346
    7    5    0    6    6   -0.006210    0.001522
    7    5    0    7    6   -0.003938   -0.007700
    7    5    0    8    6   -0.005051    0.002537
    7    5    0    9    6   -0.010308   -0.002498
    7    5    0   10    6   -0.002063    0.004342
    7    5    0   11    6    0.000245   -0.022311
    7    5    0    1    7    0.002361    0.013588
    7    5    0    2    7    0.012603    0.005193
    7    5    0    3    7    0.006544    0.021034
    7    5    0    4    7   -0.015388    0.002734
    7    5    0    5    7    0.017921   -0.000292
    7    5    0    6    7   -0.010686    0.003743
    7    5    0    7    7   -0.000821   -0.007836
    7    5    0    8    7    0.002831    0.004244
    7    5    0    9    7   -0.011705   -0.002065
    7    5    0   10    7   -0.004433   -0.002632
    7    5    0   11    7   -0.012328    0.010496
    7    5    0    1    8    0.002831    0.003276
    7    5    0    2    8   -0.012469   -0.002654
    7    5    0    3    8    0.003305    0.001801
    7    5    0    4    8    0.002124    0.003260
    7    5    0    5    8    0.007679   -0.034560
    7    5    0    6    8    0.001136    0.000010
    7    5    0    7    8   -0.002912    0.003051
    7    5    0    8    8   -0.000999   -0.000320
    7    5    0    9    8   -0.002473    0.006402
    7    5    0   10    8    0.000774   -0.000734
    7    5    0   11    8    0.001995   -0.015065
    7    5    0    1    9   -0.006267   -0.008718
    7    5    0    2    9    0.001604   -0.013046
    7    5    0    3    9   -0.008523   -0.002223
    7    5    0    4    9   -0.005954    0.009214
    7    5    0    5    9    0.010305    0.007814
    7    5    0    6    9    0.001296   -0.010818
    7    5    0    7    9   -0.011719    0.009008
    7    5    0    8    9   -0.010870    0.003563
    7    5    0    9    9   -0.000939    0.010881
    7    5    0   10    9    0.003647   -0.005165
    7    5    0   11    9    0.022020   -0.009574
    7    5    0    1   10    0.007711    0.000805
    7    5    0    2   10   -0.002019   -0.025714
    7    5    0    3   10   -0.007512   -0.005690
    7    5    0    4   10    0.017348    0.000036
    7    5    0    5   10   -0.014983   -0.005060
    7    5    0    6   10    0.006560   -0.001599
    7    5    0    7   10   -0.006599   -0.004288
    7    5    0    8   10    0.001738    0.003488
    7    5    0    9   10    0.004533    0.000911
    7    5    0   10   10    0.001553   -0.000255
    7    5    0   11   10   -0.007664   -0.008049
    7    5    0    1   11    0.010462    0.008093
    7    5    0    2   11   -0.002885   -0.002894
    7    5    0    3   11   -0.002392    0.001300
    7    5    0    4   11    0.002338   -0.012525
    7    5    0    5   11    0.010506   -0.019651
    7    5    0    6   11   -0.005805    0.000907
    7    5    0    7   11   -0.008899    0.000065
    7    5    0    8   11    0.009166   -0.013529
    7    5    0    9   11   -0.002294   -0.004791
    7    5    0   10   11   -0.004452   -0.009134
    7    5    0   11   11    0.009530    0.007153
    8    4    0    1    1   -0.030071    0.013426
    8    4    0    2    1    0.000567    0.001143
    8    4    0    3    1    0.001894   -0.008254
    8    4    0    4    1   -0.000180    0.013091
    8    4    0    5    1   -0.022793   -0.009873
    8    4    0    6    1    0.015492    0.033697
    8    4    0    7    1    0.003033    0.028707
    8    4    0    8    1   -0.001032    0.008501
    8    4    0    9    1   -0.005477    0.007978
    8    4    0   10    1   -0.016732   -0.010466
    8    4    0   11    1   -0.005375    0.001636
    8    4    0    1    2   -0.010511   -0.001526
    8    4    0    2    2   -0.008370   -0.011215
    8    4    0    3    2    0.001258   -0.001168
    8    4    0    4    2   -0.002852    0.009231
    8    4    0    5    2   -0.000947   -0.006671
    8    4    0    6    2    0.003858   -0.008442
    8    4    0    7    2    0.017282   -0.004637
    8    4    0    8    2    0.000639    0.013940
    8    4    0    9    2    0.004074   -0.001010
    8    4    0   10    2   -0.021487    0.002538
    8    4    0   11    2   -0.013121    0.014425
    8    4    0    1    3    0.000557    0.002179
    8    4    0    2    3   -0.002618   -0.004298
    8    4    0    3    3    0.009222   -0.003819
    8    4    0    4    3   -0.011949   -0.008857
    8    4    0    5    3    0.006254   -0.015735
    8    4    0    6    3   -0.019499    0.002698
    8    4    0    7    3    0.007115   -0.006157
    8    4    0    8    3   -0.006844    0.008743
    8    4    0    9    3    0.001124   -0.008937
    8    4    0   10    3   -0.002091   -0.008631
    8    4    0   11    3   -0.000248   -0.001954
    8    4    0    1    4   -0.000285   -0.000812
    8    4    0    2    4    0.001363    0.005960
    8    4    0    3    4   -0.004410    0.003235
    8    4    0    4    4   -0.012141    0.008458
    8    4    0    5    4    0.002651   -0.011102
    8    4    0    6    4   -0.015433    0.004019
    8    4    0    7    4    0.004272    0.013182
    8    4    0    8    4    0.006460   -0.012797
    8    4    0    9    4   -0.000757   -0.017787
    8    4    0   10    4   -0.009035   -0.007533
    8    4    0   11    4   -0.006573    0.019617
    8    4    0    1    5   -0.011375    0.006749
    8    4    0    2    5    0.004161   -0.000388
    8    4    0    3    5    0.010626    0.010346
    8    4    0    4    5    0.009158   -0.002856
    8    4    0    5    5   -0.003534   -0.008234
    8    4    0    6    5    0.005895   -0.010315
    8    4    0    7    5    0.019347   -0.012229
    8    4    0    8    5   -0.002852    0.021254
    8    4    0    9    5   -0.012630    0.002639
    8    4    0   10    5   -0.008631    0.001901
    8    4    0   11    5    0.015728    0.001986
    8    4    0    1    6    0.009378   -0.009803
    8    4    0    2    6   -0.004160    0.003346
    8    4    0    3    6   -0.002867    0.011861
    8    4    0    4    6    0.007807    0.001792
    8    4    0    5    6    0.008452   -0.028558
    8    4    0    6    6    0.021794   -0.001668
    8    4    0    7    6    0.002130   -0.002406
    8    4    0    8    6    0.000307   -0.006800
    8    4    0    9    6    0.013566    0.012729
    8    4    0   10    6    0.006587   -0.001324
    8    4    0   11    6   -0.006379    0.001526
    8    4    0    1    7    0.007453   -0.021900
    8    4    0    2    7    0.004159    0.022259
    8    4    0    3    7   -0.012235   -0.010764
    8    4    0    4    7    0.003432   -0.005592
    8    4    0    5    7    0.009610    0.000098
    8    4    0    6    7    0.011628    0.011949
    8    4    0    7    7   -0.007957    0.013626
    8    4    0    8    7   -0.005703    0.001505
    8    4    0    9    7    0.000473   -0.003067
    8    4    0   10    7   -0.003133   -0.004586
    8    4    0   11    7   -0.009474   -0.010933
    8    4    0    1    8    0.003464    0.002277
    8    4    0    2    8    0.006959    0.013398
    8    4    0    3    8   -0.007067   -0.002709
    8    4    0    4    8    0.012401   -0.001060
    8    4    0    5    8   -0.008365    0.005862
    8    4    0    6    8   -0.004297    0.003607
    8    4    0    7    8   -0.001221   -0.002082
    8    4    0    8    8   -0.000893    0.000443
    8    4    0    9    8    0.003159    0.001095
    8    4    0   10    8   -0.000760   -0.000249
    8    4    0   11    8   -0.002450    0.015233
    8    4    0    1    9   -0.003096    0.010119
    8    4    0    2    9   -0.005003   -0.000462
    8    4    0    3    9    0.009262    0.000147
    8    4    0    4    9    0.013220    0.008292
    8    4    0    5    9   -0.015373   -0.008578
    8    4    0    6    9   -0.002240   -0.000232
    8    4    0    7    9   -0.000154   -0.011657
    8    4    0    8    9    0.005384   -0.006466
    8    4    0    9    9    0.003017   -0.001133
    8    4    0   10    9   -0.003327    0.001525
    8    4    0   11    9   -0.005421   -0.001814
    8    4    0    1   10   -0.012044   -0.008386
    8    4    0    2   10   -0.002072   -0.024698
    8    4    0    3   10    0.008533    0.004469
    8    4    0    4   10   -0.017482    0.008267
    8    4    0    5   10   -0.000625   -0.040504
    8    4    0    6   10   -0.003917   -0.001042
    8    4    0    7   10   -0.001962    0.000378
    8    4    0    8   10    0.001571   -0.000895
    8    4    0    9   10    0.003722    0.007281
    8    4    0   10   10   -0.002133    0.001507
    8    4    0   11   10   -0.000661    0.002715
    8    4    0    1   11   -0.008783   -0.010023
    8    4    0    2   11    0.001483   -0.003836
    8    4    0    3   11   -0.000192   -0.010920
    8    4    0    4   11   -0.018205    0.000717
    8    4    0    5   11   -0.004619    0.011555
    8    4    0    6   11    0.001025    0.017902
    8    4    0    7   11   -0.034750   -0.000775
    8    4    0    8   11    0.001330    0.014386
    8    4    0    9   11    0.002874    0.006365
    8    4    0   10   11    0.009306   -0.002837
    8    4    0   11   11    0.033059   -0.011391
