                                                                                      
                                       ``:oss/                                        
                           `.+s+.     .+ys--yh+     `./ss+.                           
                          -sh//yy+`   +yy   +yy    -+h+-oyy                           
                          -yh- .oyy/.-sh.   .syo-.:sy-  /yh                           
                 `.-.`    `yh+   -oyyyo.     `/syys:    oys      `.`                  
               `/+ssys+-` `sh+      `                   oys`   .:osyo`                
               -yh- ./syyooyo`                          .sys+/oyo--yh/                
               `yy+    .-:-.                             `-/+/:`  -sh-                
                /yh.                                              oys                 
          ``..---hho---------`   .---------..`      `.-----.`    -hd+---.             
       `./osmNMMMMMMMMMMMMMMMs. +NNMMMMMMMMNNmh+.   yNMMMMMNm-  oNMMMMMNmo++:`        
       +sy--/sdMMMhyyyyyyyNMMh- .oyNMMmyyyyyhNMMm+` -yMMMdyyo:` .oyyNMMNhs+syy`       
       -yy/   /MMM+.`-+/``mMMy-   `mMMh:`````.dMMN:` `MMMy-`-dhhy```mMMy:``+hs        
        -yy+` /MMMo:-mMM+`-oo/.    mMMh:     `dMMN/`  dMMm:`dMMMMy..MMMo-.+yo`        
         .sys`/MMMMNNMMMs-         mMMmyooooymMMNo:   oMMM/sMMMMMM++MMN//oh:          
          `sh+/MMMhyyMMMs- `-`     mMMMMMMMMMNmy+-`   -MMMhMMMsmMMmdMMd/yy+           
    `-/+++oyy-/MMM+.`/hh/.`mNm:`   mMMd+/////:-.`      NMMMMMd/:NMMMMMy:/yyo/:.`      
   +os+//:-..-oMMMo:--:::-/MMMo. .-mMMd+---`           hMMMMN+. oMMMMMo. `-+osyso:`   
   syo     `mNMMMMMNNNNNNNNMMMo.oNNMMMMMNNNN:`         +MMMMs:`  dMMMN/`     ``:syo   
   /yh`     :syyyyyyyyyyyyyyyy+.`+syyyyyyyyo:`         .oyys:`   .oyys:`        +yh   
   -yh-        ````````````````    `````````              ``        ``          oys   
   -+h/------------------------::::::::://////++++++++++++++++++++++///////::::/yd:   
   shdddddddddddddddddddddddddddddhhhhhhhhyyyyyssssssssssssssssyyyyyyyhhhhhhhddddh`   
                                                                                      
 Lee, H., Poncé, S., Bushick, K., Hajinazar, S., Lafuente-Bartolome, J.,Leveillee, J.,
    Lian, C., Lihm, J., Macheda, F., Mori, H., Paudyal, H., Sio, W., Tiwari, S.,      
 Zacharias, M., Zhang, X., Bonini, N., Kioupakis, E., Margine, E.R., and Giustino F., 
                                                     npj Comput Mater 9, 156 (2023)   
                                                                                      

     Program EPW v.6.0 starts on  6Aug2026 at 15:42:18 

     This program is part of the open-source Quantum ESPRESSO suite
     for quantum simulation of materials; please cite
         "P. Giannozzi et al., J. Phys.:Condens. Matter 21 395502 (2009);
         "P. Giannozzi et al., J. Phys.:Condens. Matter 29 465901 (2017);
         "P. Giannozzi et al., J. Chem. Phys. 152 154105 (2020);
          URL http://www.quantum-espresso.org", 
     in publications or presentations arising from this work. More details at
     http://www.quantum-espresso.org/quote

     Parallel version (MPI & OpenMP), running on       2 processor cores
     Number of MPI processes:                 1
     Threads/MPI process:                     2

     MPI processes distributed on     1 nodes
     16491 MiB available memory on the printing compute node when the environment starts

     Reading input from epw_seed.in

     No temperature supplied. Setting temps(:) to 300 K.

     Reading xml data from directory:

     ./tmp/graphene.save/

     IMPORTANT: XC functional enforced from input :
     Exchange-correlation= PBE
                           (   1   4   3   4   0   0   0)
     Any further DFT definition will be discarded
     Please, verify this is what you really want


     G-vector sticks info
     --------------------
     sticks:   dense  smooth     PW     G-vecs:    dense   smooth      PW
     Sum         361     361    151                33427    33427    9567

     Using Slab Decomposition

     Reading collected, re-writing distributed wavefunctions

     --                                                                         

     bravais-lattice index     =            4
     lattice parameter (a_0)   =       4.6487  a.u.
     unit-cell volume          =     530.5041 (a.u.)^3
     number of atoms/cell      =            2
     number of atomic types    =            1
     kinetic-energy cut-off    =      60.0000  Ry
     charge density cut-off    =     240.0000  Ry
     Exchange-correlation= PBE
                           (   1   4   3   4   0   0   0)


     celldm(1)=    4.64873  celldm(2)=    0.00000  celldm(3)=    6.09756
     celldm(4)=    0.00000  celldm(5)=    0.00000  celldm(6)=    0.00000

     crystal axes: (cart. coord. in units of a_0)
               a(1) = (  1.0000  0.0000  0.0000 )  
               a(2) = ( -0.5000  0.8660  0.0000 )  
               a(3) = (  0.0000  0.0000  6.0976 )  

     reciprocal axes: (cart. coord. in units 2 pi/a_0)
               b(1) = (  1.0000  0.5774 -0.0000 )  
               b(2) = (  0.0000  1.1547  0.0000 )  
               b(3) = (  0.0000 -0.0000  0.1640 )  


     Atoms inside the unit cell: 

   Cartesian axes

     site n.  atom      mass           positions (a_0 units)
        1     C      12.0110   tau( 1) = (    0.00000    0.00000    0.00000  )
        2     C      12.0110   tau( 2) = (   -0.00000    0.57735    0.00000  )

     25 Sym.Ops. (with q -> -q+G )


     G cutoff =  131.3770  (  33427 G-vectors)     FFT grid: ( 24, 24,144)
     number of k points=  144  gaussian broad. (Ry)=  0.0200     ngauss = -99
                       cart. coord. in units 2pi/a_0
        k(    1) = (   0.0000000   0.0000000   0.0000000), wk =   0.0138889
        k(    2) = (   0.0000000   0.0962250   0.0000000), wk =   0.0138889
        k(    3) = (   0.0000000   0.1924501   0.0000000), wk =   0.0138889
        k(    4) = (   0.0000000   0.2886751   0.0000000), wk =   0.0138889
        k(    5) = (   0.0000000   0.3849002   0.0000000), wk =   0.0138889
        k(    6) = (   0.0000000   0.4811252   0.0000000), wk =   0.0138889
        k(    7) = (   0.0000000   0.5773503   0.0000000), wk =   0.0138889
        k(    8) = (   0.0000000   0.6735753   0.0000000), wk =   0.0138889
        k(    9) = (   0.0000000   0.7698004   0.0000000), wk =   0.0138889
        k(   10) = (   0.0000000   0.8660254   0.0000000), wk =   0.0138889
        k(   11) = (   0.0000000   0.9622504   0.0000000), wk =   0.0138889
        k(   12) = (   0.0000000   1.0584755   0.0000000), wk =   0.0138889
        k(   13) = (   0.0833333   0.0481125   0.0000000), wk =   0.0138889
        k(   14) = (   0.0833333   0.1443376   0.0000000), wk =   0.0138889
        k(   15) = (   0.0833333   0.2405626   0.0000000), wk =   0.0138889
        k(   16) = (   0.0833333   0.3367877   0.0000000), wk =   0.0138889
        k(   17) = (   0.0833333   0.4330127   0.0000000), wk =   0.0138889
        k(   18) = (   0.0833333   0.5292377   0.0000000), wk =   0.0138889
        k(   19) = (   0.0833333   0.6254628   0.0000000), wk =   0.0138889
        k(   20) = (   0.0833333   0.7216878   0.0000000), wk =   0.0138889
        k(   21) = (   0.0833333   0.8179129   0.0000000), wk =   0.0138889
        k(   22) = (   0.0833333   0.9141379   0.0000000), wk =   0.0138889
        k(   23) = (   0.0833333   1.0103630   0.0000000), wk =   0.0138889
        k(   24) = (   0.0833333   1.1065880   0.0000000), wk =   0.0138889
        k(   25) = (   0.1666667   0.0962250   0.0000000), wk =   0.0138889
        k(   26) = (   0.1666667   0.1924501   0.0000000), wk =   0.0138889
        k(   27) = (   0.1666667   0.2886751   0.0000000), wk =   0.0138889
        k(   28) = (   0.1666667   0.3849002   0.0000000), wk =   0.0138889
        k(   29) = (   0.1666667   0.4811252   0.0000000), wk =   0.0138889
        k(   30) = (   0.1666667   0.5773503   0.0000000), wk =   0.0138889
        k(   31) = (   0.1666667   0.6735753   0.0000000), wk =   0.0138889
        k(   32) = (   0.1666667   0.7698004   0.0000000), wk =   0.0138889
        k(   33) = (   0.1666667   0.8660254   0.0000000), wk =   0.0138889
        k(   34) = (   0.1666667   0.9622504   0.0000000), wk =   0.0138889
        k(   35) = (   0.1666667   1.0584755   0.0000000), wk =   0.0138889
        k(   36) = (   0.1666667   1.1547005   0.0000000), wk =   0.0138889
        k(   37) = (   0.2500000   0.1443376   0.0000000), wk =   0.0138889
        k(   38) = (   0.2500000   0.2405626   0.0000000), wk =   0.0138889
        k(   39) = (   0.2500000   0.3367877   0.0000000), wk =   0.0138889
        k(   40) = (   0.2500000   0.4330127   0.0000000), wk =   0.0138889
        k(   41) = (   0.2500000   0.5292377   0.0000000), wk =   0.0138889
        k(   42) = (   0.2500000   0.6254628   0.0000000), wk =   0.0138889
        k(   43) = (   0.2500000   0.7216878   0.0000000), wk =   0.0138889
        k(   44) = (   0.2500000   0.8179129   0.0000000), wk =   0.0138889
        k(   45) = (   0.2500000   0.9141379   0.0000000), wk =   0.0138889
        k(   46) = (   0.2500000   1.0103630   0.0000000), wk =   0.0138889
        k(   47) = (   0.2500000   1.1065880   0.0000000), wk =   0.0138889
        k(   48) = (   0.2500000   1.2028131   0.0000000), wk =   0.0138889
        k(   49) = (   0.3333333   0.1924501   0.0000000), wk =   0.0138889
        k(   50) = (   0.3333333   0.2886751   0.0000000), wk =   0.0138889
        k(   51) = (   0.3333333   0.3849002   0.0000000), wk =   0.0138889
        k(   52) = (   0.3333333   0.4811252   0.0000000), wk =   0.0138889
        k(   53) = (   0.3333333   0.5773503   0.0000000), wk =   0.0138889
        k(   54) = (   0.3333333   0.6735753   0.0000000), wk =   0.0138889
        k(   55) = (   0.3333333   0.7698004   0.0000000), wk =   0.0138889
        k(   56) = (   0.3333333   0.8660254   0.0000000), wk =   0.0138889
        k(   57) = (   0.3333333   0.9622504   0.0000000), wk =   0.0138889
        k(   58) = (   0.3333333   1.0584755   0.0000000), wk =   0.0138889
        k(   59) = (   0.3333333   1.1547005   0.0000000), wk =   0.0138889
        k(   60) = (   0.3333333   1.2509256   0.0000000), wk =   0.0138889
        k(   61) = (   0.4166667   0.2405626   0.0000000), wk =   0.0138889
        k(   62) = (   0.4166667   0.3367877   0.0000000), wk =   0.0138889
        k(   63) = (   0.4166667   0.4330127   0.0000000), wk =   0.0138889
        k(   64) = (   0.4166667   0.5292377   0.0000000), wk =   0.0138889
        k(   65) = (   0.4166667   0.6254628   0.0000000), wk =   0.0138889
        k(   66) = (   0.4166667   0.7216878   0.0000000), wk =   0.0138889
        k(   67) = (   0.4166667   0.8179129   0.0000000), wk =   0.0138889
        k(   68) = (   0.4166667   0.9141379   0.0000000), wk =   0.0138889
        k(   69) = (   0.4166667   1.0103630   0.0000000), wk =   0.0138889
        k(   70) = (   0.4166667   1.1065880   0.0000000), wk =   0.0138889
        k(   71) = (   0.4166667   1.2028131   0.0000000), wk =   0.0138889
        k(   72) = (   0.4166667   1.2990381   0.0000000), wk =   0.0138889
        k(   73) = (   0.5000000   0.2886751   0.0000000), wk =   0.0138889
        k(   74) = (   0.5000000   0.3849002   0.0000000), wk =   0.0138889
        k(   75) = (   0.5000000   0.4811252   0.0000000), wk =   0.0138889
        k(   76) = (   0.5000000   0.5773503   0.0000000), wk =   0.0138889
        k(   77) = (   0.5000000   0.6735753   0.0000000), wk =   0.0138889
        k(   78) = (   0.5000000   0.7698004   0.0000000), wk =   0.0138889
        k(   79) = (   0.5000000   0.8660254   0.0000000), wk =   0.0138889
        k(   80) = (   0.5000000   0.9622504   0.0000000), wk =   0.0138889
        k(   81) = (   0.5000000   1.0584755   0.0000000), wk =   0.0138889
        k(   82) = (   0.5000000   1.1547005   0.0000000), wk =   0.0138889
        k(   83) = (   0.5000000   1.2509256   0.0000000), wk =   0.0138889
        k(   84) = (   0.5000000   1.3471506   0.0000000), wk =   0.0138889
        k(   85) = (   0.5833333   0.3367877   0.0000000), wk =   0.0138889
        k(   86) = (   0.5833333   0.4330127   0.0000000), wk =   0.0138889
        k(   87) = (   0.5833333   0.5292377   0.0000000), wk =   0.0138889
        k(   88) = (   0.5833333   0.6254628   0.0000000), wk =   0.0138889
        k(   89) = (   0.5833333   0.7216878   0.0000000), wk =   0.0138889
        k(   90) = (   0.5833333   0.8179129   0.0000000), wk =   0.0138889
        k(   91) = (   0.5833333   0.9141379   0.0000000), wk =   0.0138889
        k(   92) = (   0.5833333   1.0103630   0.0000000), wk =   0.0138889
        k(   93) = (   0.5833333   1.1065880   0.0000000), wk =   0.0138889
        k(   94) = (   0.5833333   1.2028131   0.0000000), wk =   0.0138889
        k(   95) = (   0.5833333   1.2990381   0.0000000), wk =   0.0138889
        k(   96) = (   0.5833333   1.3952632   0.0000000), wk =   0.0138889
        k(   97) = (   0.6666667   0.3849002   0.0000000), wk =   0.0138889
        k(   98) = (   0.6666667   0.4811252   0.0000000), wk =   0.0138889
        k(   99) = (   0.6666667   0.5773503   0.0000000), wk =   0.0138889
        k(  100) = (   0.6666667   0.6735753   0.0000000), wk =   0.0138889
        k(  101) = (   0.6666667   0.7698004   0.0000000), wk =   0.0138889
        k(  102) = (   0.6666667   0.8660254   0.0000000), wk =   0.0138889
        k(  103) = (   0.6666667   0.9622504   0.0000000), wk =   0.0138889
        k(  104) = (   0.6666667   1.0584755   0.0000000), wk =   0.0138889
        k(  105) = (   0.6666667   1.1547005   0.0000000), wk =   0.0138889
        k(  106) = (   0.6666667   1.2509256   0.0000000), wk =   0.0138889
        k(  107) = (   0.6666667   1.3471506   0.0000000), wk =   0.0138889
        k(  108) = (   0.6666667   1.4433757   0.0000000), wk =   0.0138889
        k(  109) = (   0.7500000   0.4330127   0.0000000), wk =   0.0138889
        k(  110) = (   0.7500000   0.5292377   0.0000000), wk =   0.0138889
        k(  111) = (   0.7500000   0.6254628   0.0000000), wk =   0.0138889
        k(  112) = (   0.7500000   0.7216878   0.0000000), wk =   0.0138889
        k(  113) = (   0.7500000   0.8179129   0.0000000), wk =   0.0138889
        k(  114) = (   0.7500000   0.9141379   0.0000000), wk =   0.0138889
        k(  115) = (   0.7500000   1.0103630   0.0000000), wk =   0.0138889
        k(  116) = (   0.7500000   1.1065880   0.0000000), wk =   0.0138889
        k(  117) = (   0.7500000   1.2028131   0.0000000), wk =   0.0138889
        k(  118) = (   0.7500000   1.2990381   0.0000000), wk =   0.0138889
        k(  119) = (   0.7500000   1.3952632   0.0000000), wk =   0.0138889
        k(  120) = (   0.7500000   1.4914882   0.0000000), wk =   0.0138889
        k(  121) = (   0.8333333   0.4811252   0.0000000), wk =   0.0138889
        k(  122) = (   0.8333333   0.5773503   0.0000000), wk =   0.0138889
        k(  123) = (   0.8333333   0.6735753   0.0000000), wk =   0.0138889
        k(  124) = (   0.8333333   0.7698004   0.0000000), wk =   0.0138889
        k(  125) = (   0.8333333   0.8660254   0.0000000), wk =   0.0138889
        k(  126) = (   0.8333333   0.9622504   0.0000000), wk =   0.0138889
        k(  127) = (   0.8333333   1.0584755   0.0000000), wk =   0.0138889
        k(  128) = (   0.8333333   1.1547005   0.0000000), wk =   0.0138889
        k(  129) = (   0.8333333   1.2509256   0.0000000), wk =   0.0138889
        k(  130) = (   0.8333333   1.3471506   0.0000000), wk =   0.0138889
        k(  131) = (   0.8333333   1.4433757   0.0000000), wk =   0.0138889
        k(  132) = (   0.8333333   1.5396007   0.0000000), wk =   0.0138889
        k(  133) = (   0.9166667   0.5292377   0.0000000), wk =   0.0138889
        k(  134) = (   0.9166667   0.6254628   0.0000000), wk =   0.0138889
        k(  135) = (   0.9166667   0.7216878   0.0000000), wk =   0.0138889
        k(  136) = (   0.9166667   0.8179129   0.0000000), wk =   0.0138889
        k(  137) = (   0.9166667   0.9141379   0.0000000), wk =   0.0138889
        k(  138) = (   0.9166667   1.0103630   0.0000000), wk =   0.0138889
        k(  139) = (   0.9166667   1.1065880   0.0000000), wk =   0.0138889
        k(  140) = (   0.9166667   1.2028131   0.0000000), wk =   0.0138889
        k(  141) = (   0.9166667   1.2990381   0.0000000), wk =   0.0138889
        k(  142) = (   0.9166667   1.3952632   0.0000000), wk =   0.0138889
        k(  143) = (   0.9166667   1.4914882   0.0000000), wk =   0.0138889
        k(  144) = (   0.9166667   1.5877132   0.0000000), wk =   0.0138889

     PseudoPot. # 1 for C  read from file:
     /root/phonon/pseudo/C_ONCV_PBE-1.2.upf
     MD5 check sum: 1a5f83a7b1f58d24996abe00ed223ac6
     Pseudo is Norm-conserving, Zval =  4.0
     Generated using ONCVPSP code by D. R. Hamann
     Using radial grid of  602 points,  4 beta functions with: 
                l(1) =   0
                l(2) =   0
                l(3) =   1
                l(4) =   1
     EPW          :      1.17s CPU      1.03s WALL

     EPW          :      1.17s CPU      1.04s WALL

     -------------------------------------------------------------------
     Wannierization on 12 x 12 x  1 electronic grid
     -------------------------------------------------------------------

     Spin CASE ( default = unpolarized )

     Initializing Wannier90


     Initial Wannier projections

     (   0.00000   0.00000   0.00000) :  l =   1 mr =   1
     (   0.33333   0.66667   0.00000) :  l =   1 mr =   1

      - Number of bands is ( 14)
      - Number of total bands is ( 14)
      - Number of excluded bands is (  0)
      - Number of wannier functions is (  2)
      - All guiding functions are given 

  Reading data about k-point neighbours 

      - All neighbours are found 

     AMN
      k points =   144 in    1 pools
            1 of  144 on ionode
            2 of  144 on ionode
            3 of  144 on ionode
            4 of  144 on ionode
            5 of  144 on ionode
            6 of  144 on ionode
            7 of  144 on ionode
            8 of  144 on ionode
            9 of  144 on ionode
           10 of  144 on ionode
           11 of  144 on ionode
           12 of  144 on ionode
           13 of  144 on ionode
           14 of  144 on ionode
           15 of  144 on ionode
           16 of  144 on ionode
           17 of  144 on ionode
           18 of  144 on ionode
           19 of  144 on ionode
           20 of  144 on ionode
           21 of  144 on ionode
           22 of  144 on ionode
           23 of  144 on ionode
           24 of  144 on ionode
           25 of  144 on ionode
           26 of  144 on ionode
           27 of  144 on ionode
           28 of  144 on ionode
           29 of  144 on ionode
           30 of  144 on ionode
           31 of  144 on ionode
           32 of  144 on ionode
           33 of  144 on ionode
           34 of  144 on ionode
           35 of  144 on ionode
           36 of  144 on ionode
           37 of  144 on ionode
           38 of  144 on ionode
           39 of  144 on ionode
           40 of  144 on ionode
           41 of  144 on ionode
           42 of  144 on ionode
           43 of  144 on ionode
           44 of  144 on ionode
           45 of  144 on ionode
           46 of  144 on ionode
           47 of  144 on ionode
           48 of  144 on ionode
           49 of  144 on ionode
           50 of  144 on ionode
           51 of  144 on ionode
           52 of  144 on ionode
           53 of  144 on ionode
           54 of  144 on ionode
           55 of  144 on ionode
           56 of  144 on ionode
           57 of  144 on ionode
           58 of  144 on ionode
           59 of  144 on ionode
           60 of  144 on ionode
           61 of  144 on ionode
           62 of  144 on ionode
           63 of  144 on ionode
           64 of  144 on ionode
           65 of  144 on ionode
           66 of  144 on ionode
           67 of  144 on ionode
           68 of  144 on ionode
           69 of  144 on ionode
           70 of  144 on ionode
           71 of  144 on ionode
           72 of  144 on ionode
           73 of  144 on ionode
           74 of  144 on ionode
           75 of  144 on ionode
           76 of  144 on ionode
           77 of  144 on ionode
           78 of  144 on ionode
           79 of  144 on ionode
           80 of  144 on ionode
           81 of  144 on ionode
           82 of  144 on ionode
           83 of  144 on ionode
           84 of  144 on ionode
           85 of  144 on ionode
           86 of  144 on ionode
           87 of  144 on ionode
           88 of  144 on ionode
           89 of  144 on ionode
           90 of  144 on ionode
           91 of  144 on ionode
           92 of  144 on ionode
           93 of  144 on ionode
           94 of  144 on ionode
           95 of  144 on ionode
           96 of  144 on ionode
           97 of  144 on ionode
           98 of  144 on ionode
           99 of  144 on ionode
          100 of  144 on ionode
          101 of  144 on ionode
          102 of  144 on ionode
          103 of  144 on ionode
          104 of  144 on ionode
          105 of  144 on ionode
          106 of  144 on ionode
          107 of  144 on ionode
          108 of  144 on ionode
          109 of  144 on ionode
          110 of  144 on ionode
          111 of  144 on ionode
          112 of  144 on ionode
          113 of  144 on ionode
          114 of  144 on ionode
          115 of  144 on ionode
          116 of  144 on ionode
          117 of  144 on ionode
          118 of  144 on ionode
          119 of  144 on ionode
          120 of  144 on ionode
          121 of  144 on ionode
          122 of  144 on ionode
          123 of  144 on ionode
          124 of  144 on ionode
          125 of  144 on ionode
          126 of  144 on ionode
          127 of  144 on ionode
          128 of  144 on ionode
          129 of  144 on ionode
          130 of  144 on ionode
          131 of  144 on ionode
          132 of  144 on ionode
          133 of  144 on ionode
          134 of  144 on ionode
          135 of  144 on ionode
          136 of  144 on ionode
          137 of  144 on ionode
          138 of  144 on ionode
          139 of  144 on ionode
          140 of  144 on ionode
          141 of  144 on ionode
          142 of  144 on ionode
          143 of  144 on ionode
          144 of  144 on ionode

     AMN calculated

     MMN
      k points =   144 in    1 pools
            1 of  144 on ionode
            2 of  144 on ionode
            3 of  144 on ionode
            4 of  144 on ionode
            5 of  144 on ionode
            6 of  144 on ionode
            7 of  144 on ionode
            8 of  144 on ionode
            9 of  144 on ionode
           10 of  144 on ionode
           11 of  144 on ionode
           12 of  144 on ionode
           13 of  144 on ionode
           14 of  144 on ionode
           15 of  144 on ionode
           16 of  144 on ionode
           17 of  144 on ionode
           18 of  144 on ionode
           19 of  144 on ionode
           20 of  144 on ionode
           21 of  144 on ionode
           22 of  144 on ionode
           23 of  144 on ionode
           24 of  144 on ionode
           25 of  144 on ionode
           26 of  144 on ionode
           27 of  144 on ionode
           28 of  144 on ionode
           29 of  144 on ionode
           30 of  144 on ionode
           31 of  144 on ionode
           32 of  144 on ionode
           33 of  144 on ionode
           34 of  144 on ionode
           35 of  144 on ionode
           36 of  144 on ionode
           37 of  144 on ionode
           38 of  144 on ionode
           39 of  144 on ionode
           40 of  144 on ionode
           41 of  144 on ionode
           42 of  144 on ionode
           43 of  144 on ionode
           44 of  144 on ionode
           45 of  144 on ionode
           46 of  144 on ionode
           47 of  144 on ionode
           48 of  144 on ionode
           49 of  144 on ionode
           50 of  144 on ionode
           51 of  144 on ionode
           52 of  144 on ionode
           53 of  144 on ionode
           54 of  144 on ionode
           55 of  144 on ionode
           56 of  144 on ionode
           57 of  144 on ionode
           58 of  144 on ionode
           59 of  144 on ionode
           60 of  144 on ionode
           61 of  144 on ionode
           62 of  144 on ionode
           63 of  144 on ionode
           64 of  144 on ionode
           65 of  144 on ionode
           66 of  144 on ionode
           67 of  144 on ionode
           68 of  144 on ionode
           69 of  144 on ionode
           70 of  144 on ionode
           71 of  144 on ionode
           72 of  144 on ionode
           73 of  144 on ionode
           74 of  144 on ionode
           75 of  144 on ionode
           76 of  144 on ionode
           77 of  144 on ionode
           78 of  144 on ionode
           79 of  144 on ionode
           80 of  144 on ionode
           81 of  144 on ionode
           82 of  144 on ionode
           83 of  144 on ionode
           84 of  144 on ionode
           85 of  144 on ionode
           86 of  144 on ionode
           87 of  144 on ionode
           88 of  144 on ionode
           89 of  144 on ionode
           90 of  144 on ionode
           91 of  144 on ionode
           92 of  144 on ionode
           93 of  144 on ionode
           94 of  144 on ionode
           95 of  144 on ionode
           96 of  144 on ionode
           97 of  144 on ionode
           98 of  144 on ionode
           99 of  144 on ionode
          100 of  144 on ionode
          101 of  144 on ionode
          102 of  144 on ionode
          103 of  144 on ionode
          104 of  144 on ionode
          105 of  144 on ionode
          106 of  144 on ionode
          107 of  144 on ionode
          108 of  144 on ionode
          109 of  144 on ionode
          110 of  144 on ionode
          111 of  144 on ionode
          112 of  144 on ionode
          113 of  144 on ionode
          114 of  144 on ionode
          115 of  144 on ionode
          116 of  144 on ionode
          117 of  144 on ionode
          118 of  144 on ionode
          119 of  144 on ionode
          120 of  144 on ionode
          121 of  144 on ionode
          122 of  144 on ionode
          123 of  144 on ionode
          124 of  144 on ionode
          125 of  144 on ionode
          126 of  144 on ionode
          127 of  144 on ionode
          128 of  144 on ionode
          129 of  144 on ionode
          130 of  144 on ionode
          131 of  144 on ionode
          132 of  144 on ionode
          133 of  144 on ionode
          134 of  144 on ionode
          135 of  144 on ionode
          136 of  144 on ionode
          137 of  144 on ionode
          138 of  144 on ionode
          139 of  144 on ionode
          140 of  144 on ionode
          141 of  144 on ionode
          142 of  144 on ionode
          143 of  144 on ionode
          144 of  144 on ionode
     MMN calculated

     Running Wannier90

     Wannier Function centers (cartesian, alat) and spreads (ang):

     (  -0.01782   0.03572   0.00179) :   6.79323
     (  -0.04437   0.46812  -0.03374) :   1.16424

     -------------------------------------------------------------------
     WANNIER      :     63.22s CPU     52.25s WALL (       1 calls)
     -------------------------------------------------------------------
     HDF5 is used in the current build. Exciton-phonon coupling calculations are enabled.

     Dipole matrix elements calculated


     Calculating kgmap

     Progress kgmap: ########################################
     kmaps        :      0.09s CPU      0.11s WALL (       1 calls)
     Symmetries of Bravais lattice:  24
     Symmetries of crystal:          24


     ===================================================================
     irreducible q point #    1
     ===================================================================

     Symmetries of small group of q: 24
          in addition sym. q -> -q+G:

     Number of q in the star =    1
     List of q in the star:
          1   0.000000000   0.000000000   0.000000000
     Imposing acoustic sum rule on the dynamical matrix

        q(    1 ) = (   0.0000000   0.0000000   0.0000000 )


     ===================================================================
     irreducible q point #    2
     ===================================================================

     Symmetries of small group of q:  4

     Number of q in the star =    6
     List of q in the star:
          1   0.000000000   0.192450090   0.000000000
          2   0.000000000  -0.192450090   0.000000000
          3  -0.166666667   0.096225045   0.000000000
          4  -0.166666667  -0.096225045   0.000000000
          5   0.166666667  -0.096225045   0.000000000
          6   0.166666667   0.096225045   0.000000000
     Message from routine init_vloc:
     Interpolation table for Vloc re-allocated

        q(    2 ) = (   0.0000000   0.1924501   0.0000000 )
        q(    3 ) = (   0.0000000  -0.1924501   0.0000000 )
        q(    4 ) = (  -0.1666667   0.0962250   0.0000000 )
        q(    5 ) = (  -0.1666667  -0.0962250   0.0000000 )
        q(    6 ) = (   0.1666667  -0.0962250   0.0000000 )
        q(    7 ) = (   0.1666667   0.0962250   0.0000000 )


     ===================================================================
     irreducible q point #    3
     ===================================================================

     Symmetries of small group of q:  4

     Number of q in the star =    6
     List of q in the star:
          1   0.000000000   0.384900179   0.000000000
          2   0.000000000  -0.384900179   0.000000000
          3  -0.333333333   0.192450090   0.000000000
          4  -0.333333333  -0.192450090   0.000000000
          5   0.333333333  -0.192450090   0.000000000
          6   0.333333333   0.192450090   0.000000000

        q(    8 ) = (   0.0000000   0.3849002   0.0000000 )
        q(    9 ) = (   0.0000000  -0.3849002   0.0000000 )
        q(   10 ) = (  -0.3333333   0.1924501   0.0000000 )
        q(   11 ) = (  -0.3333333  -0.1924501   0.0000000 )
        q(   12 ) = (   0.3333333  -0.1924501   0.0000000 )
        q(   13 ) = (   0.3333333   0.1924501   0.0000000 )


     ===================================================================
     irreducible q point #    4
     ===================================================================

     Symmetries of small group of q:  8
          in addition sym. q -> -q+G:

     Number of q in the star =    3
     List of q in the star:
          1   0.000000000  -0.577350269   0.000000000
          2  -0.500000000   0.288675135   0.000000000
          3   0.500000000   0.288675135   0.000000000

        q(   14 ) = (   0.0000000  -0.5773503   0.0000000 )
        q(   15 ) = (  -0.5000000   0.2886751   0.0000000 )
        q(   16 ) = (   0.5000000   0.2886751   0.0000000 )


     ===================================================================
     irreducible q point #    5
     ===================================================================

     Symmetries of small group of q:  4

     Number of q in the star =    6
     List of q in the star:
          1   0.166666667   0.288675135   0.000000000
          2   0.166666667  -0.288675135   0.000000000
          3  -0.166666667  -0.288675135   0.000000000
          4  -0.333333333  -0.000000000   0.000000000
          5  -0.166666667   0.288675135   0.000000000
          6   0.333333333   0.000000000   0.000000000

        q(   17 ) = (   0.1666667   0.2886751   0.0000000 )
        q(   18 ) = (   0.1666667  -0.2886751   0.0000000 )
        q(   19 ) = (  -0.1666667  -0.2886751   0.0000000 )
        q(   20 ) = (  -0.3333333  -0.0000000   0.0000000 )
        q(   21 ) = (  -0.1666667   0.2886751   0.0000000 )
        q(   22 ) = (   0.3333333   0.0000000   0.0000000 )


     ===================================================================
     irreducible q point #    6
     ===================================================================

     Symmetries of small group of q:  2

     Number of q in the star =   12
     List of q in the star:
          1   0.166666667   0.481125224   0.000000000
          2   0.333333333   0.384900179   0.000000000
          3   0.166666667  -0.481125224   0.000000000
          4  -0.166666667  -0.481125224   0.000000000
          5   0.333333333  -0.384900179   0.000000000
          6  -0.500000000  -0.096225045   0.000000000
          7  -0.500000000   0.096225045   0.000000000
          8  -0.333333333   0.384900179   0.000000000
          9   0.500000000   0.096225045   0.000000000
         10  -0.333333333  -0.384900179   0.000000000
         11   0.500000000  -0.096225045   0.000000000
         12  -0.166666667   0.481125224   0.000000000

        q(   23 ) = (   0.1666667   0.4811252   0.0000000 )
        q(   24 ) = (   0.3333333   0.3849002   0.0000000 )
        q(   25 ) = (   0.1666667  -0.4811252   0.0000000 )
        q(   26 ) = (  -0.1666667  -0.4811252   0.0000000 )
        q(   27 ) = (   0.3333333  -0.3849002   0.0000000 )
        q(   28 ) = (  -0.5000000  -0.0962250   0.0000000 )
        q(   29 ) = (  -0.5000000   0.0962250   0.0000000 )
        q(   30 ) = (  -0.3333333   0.3849002   0.0000000 )
        q(   31 ) = (   0.5000000   0.0962250   0.0000000 )
        q(   32 ) = (  -0.3333333  -0.3849002   0.0000000 )
        q(   33 ) = (   0.5000000  -0.0962250   0.0000000 )
        q(   34 ) = (  -0.1666667   0.4811252   0.0000000 )


     ===================================================================
     irreducible q point #    7
     ===================================================================

     Symmetries of small group of q: 12

     Number of q in the star =    2
     List of q in the star:
          1   0.333333333   0.577350269   0.000000000
          2  -0.333333333   0.577350269   0.000000000

        q(   35 ) = (   0.3333333   0.5773503   0.0000000 )
        q(   36 ) = (  -0.3333333   0.5773503   0.0000000 )

     Writing epmatq on .epb files


     The .epb files have been correctly written


     Band disentanglement is used: nbndsub =    2
     Use zone-centred Wigner-Seitz cells 
     Number of WS vectors for electrons      157
     Number of WS vectors for phonons       43
     Number of WS vectors for electron-phonon       43
     Maximum number of cores for efficient parallelization      258
     Results may improve by using use_ws == .TRUE. 

     Inside velocity step 1
 

     Velocity matrix elements calculated
 
 
     Bloch2wane:          1 /         36
     Bloch2wane:          2 /         36
     Bloch2wane:          3 /         36
     Bloch2wane:          4 /         36
     Bloch2wane:          5 /         36
     Bloch2wane:          6 /         36
     Bloch2wane:          7 /         36
     Bloch2wane:          8 /         36
     Bloch2wane:          9 /         36
     Bloch2wane:         10 /         36
     Bloch2wane:         11 /         36
     Bloch2wane:         12 /         36
     Bloch2wane:         13 /         36
     Bloch2wane:         14 /         36
     Bloch2wane:         15 /         36
     Bloch2wane:         16 /         36
     Bloch2wane:         17 /         36
     Bloch2wane:         18 /         36
     Bloch2wane:         19 /         36
     Bloch2wane:         20 /         36
     Bloch2wane:         21 /         36
     Bloch2wane:         22 /         36
     Bloch2wane:         23 /         36
     Bloch2wane:         24 /         36
     Bloch2wane:         25 /         36
     Bloch2wane:         26 /         36
     Bloch2wane:         27 /         36
     Bloch2wane:         28 /         36
     Bloch2wane:         29 /         36
     Bloch2wane:         30 /         36
     Bloch2wane:         31 /         36
     Bloch2wane:         32 /         36
     Bloch2wane:         33 /         36
     Bloch2wane:         34 /         36
     Bloch2wane:         35 /         36
     Bloch2wane:         36 /         36
     Bloch2wanp:          1 /         43
     Bloch2wanp:          2 /         43
     Bloch2wanp:          3 /         43
     Bloch2wanp:          4 /         43
     Bloch2wanp:          5 /         43
     Bloch2wanp:          6 /         43
     Bloch2wanp:          7 /         43
     Bloch2wanp:          8 /         43
     Bloch2wanp:          9 /         43
     Bloch2wanp:         10 /         43
     Bloch2wanp:         11 /         43
     Bloch2wanp:         12 /         43
     Bloch2wanp:         13 /         43
     Bloch2wanp:         14 /         43
     Bloch2wanp:         15 /         43
     Bloch2wanp:         16 /         43
     Bloch2wanp:         17 /         43
     Bloch2wanp:         18 /         43
     Bloch2wanp:         19 /         43
     Bloch2wanp:         20 /         43
     Bloch2wanp:         21 /         43
     Bloch2wanp:         22 /         43
     Bloch2wanp:         23 /         43
     Bloch2wanp:         24 /         43
     Bloch2wanp:         25 /         43
     Bloch2wanp:         26 /         43
     Bloch2wanp:         27 /         43
     Bloch2wanp:         28 /         43
     Bloch2wanp:         29 /         43
     Bloch2wanp:         30 /         43
     Bloch2wanp:         31 /         43
     Bloch2wanp:         32 /         43
     Bloch2wanp:         33 /         43
     Bloch2wanp:         34 /         43
     Bloch2wanp:         35 /         43
     Bloch2wanp:         36 /         43
     Bloch2wanp:         37 /         43
     Bloch2wanp:         38 /         43
     Bloch2wanp:         39 /         43
     Bloch2wanp:         40 /         43
     Bloch2wanp:         41 /         43
     Bloch2wanp:         42 /         43
     Bloch2wanp:         43 /         43

     Writing Hamiltonian, Dynamical matrix and EP vertex in Wann rep to file

     ===================================================================
     Memory usage:  VmHWM =       216Mb
                   VmPeak =      5307Mb
     ===================================================================
     
     Using uniform q-mesh:    18   18    1
     Size of q point mesh for interpolation:        324
     Using uniform k-mesh:    18   18    1
     Size of k point mesh for interpolation:        324
     Max number of k points per pool:              324

     Fermi energy coarse grid =  -1.711762 eV

     ===================================================================

     Fermi energy is read from the input file: Ef =  -1.711800 eV

     ===================================================================

              ibndmin =     2  ebndmin =    -7.701 eV
              ibndmax =     2  ebndmax =    -5.057 eV


     Number of ep-matrix elements per pool :         1944 ~=   15.19 Kb (@ 8 bytes/ DP)
     Number selected, total            100            100
     Number selected, total            200            200
     Number selected, total            300            300
     We only need to compute      324 q-points
      

     ===================================================================
     Phonon (Imaginary) Self-Energy in the Migdal Approximation
     ===================================================================


     Fermi Surface thickness =   6.000000 eV

     Golden Rule strictly enforced with T =   0.025852 eV

     On- and Off-shell dynamical frequency renormalization will be performed using:

      Omega^2 = omega^2 + 2omega(Re[Pi(Omega,T_low)]- Pi[0,T_high]).
     Smearing type for the static self-energy: Fermi-Dirac
     smearing value for the static self-energy: T_high =   0.020000 Ry.
     Gaussian Broadening:   0.050000 eV, ngauss=   1
     DOS = -0.000000 states/spin/eV/Unit Cell at Ef= -1.711800 eV

     ismear =     1 iq =       1 coord.:   0.00000  0.00000  0.00000 wt:   0.00309 Temp:  300.000K
     -------------------------------------------------------------------
     lambda___(   1 )=       0.000000   gamma___=       0.000000 meV  omega=     -0.0000 meV   on_shell_Omega=      0.0000 meV  off_shell_Omega=      0.0000 meV
     lambda_tr(   1 )=       0.000000   gamma_tr=       0.000000 meV  omega=     -0.0000 meV   on_shell_Omega=      0.0000 meV  off_shell_Omega=      0.0000 meV
     lambda___(   2 )=       0.000000   gamma___=       0.000000 meV  omega=      0.0000 meV   on_shell_Omega=      0.0000 meV  off_shell_Omega=      0.0000 meV
     lambda_tr(   2 )=       0.000000   gamma_tr=       0.000000 meV  omega=      0.0000 meV   on_shell_Omega=      0.0000 meV  off_shell_Omega=      0.0000 meV
     lambda___(   3 )=       0.000000   gamma___=       0.000000 meV  omega=      0.0000 meV   on_shell_Omega=      0.0000 meV  off_shell_Omega=      0.0000 meV
     lambda_tr(   3 )=       0.000000   gamma_tr=       0.000000 meV  omega=      0.0000 meV   on_shell_Omega=      0.0000 meV  off_shell_Omega=      0.0000 meV
     lambda___(   4 )=       0.000000   gamma___=       0.000000 meV  omega=    108.6074 meV   on_shell_Omega=    108.6074 meV  off_shell_Omega=    108.6074 meV
     lambda_tr(   4 )=       0.000000   gamma_tr=       0.000000 meV  omega=    108.6074 meV   on_shell_Omega=    108.6074 meV  off_shell_Omega=    108.6074 meV
     lambda___(   5 )=       0.000000   gamma___=       0.000000 meV  omega=    193.3597 meV   on_shell_Omega=    193.3597 meV  off_shell_Omega=    193.3597 meV
     lambda_tr(   5 )=       0.000000   gamma_tr=       0.000000 meV  omega=    193.3597 meV   on_shell_Omega=    193.3597 meV  off_shell_Omega=    193.3597 meV
     lambda___(   6 )=       0.000000   gamma___=       0.000000 meV  omega=    193.3597 meV   on_shell_Omega=    193.3597 meV  off_shell_Omega=    193.3597 meV
     lambda_tr(   6 )=       0.000000   gamma_tr=       0.000000 meV  omega=    193.3597 meV   on_shell_Omega=    193.3597 meV  off_shell_Omega=    193.3597 meV
     lambda___( tot )=       0.000000
     lambda_tr( tot )=       0.000000
     -------------------------------------------------------------------


     Number of (k,k+q) pairs on the Fermi surface:      235 out of      324


     ismear =     1 iq =       2 coord.:   0.00000  0.05556  0.00000 wt:   0.00309 Temp:  300.000K
     -------------------------------------------------------------------
     lambda___(   1 )=       0.000000   gamma___=       0.000000 meV  omega=     -0.7872 meV   on_shell_Omega=      0.7872 meV  off_shell_Omega=     -1.3777 meV
     lambda_tr(   1 )=       0.000000   gamma_tr=       0.000000 meV  omega=     -0.7872 meV   on_shell_Omega=      0.7872 meV  off_shell_Omega=     -1.3777 meV
     lambda___(   2 )=       0.000000   gamma___=       0.000000 meV  omega=     14.1340 meV   on_shell_Omega=     14.1340 meV  off_shell_Omega=     14.1340 meV
     lambda_tr(   2 )=       0.000000   gamma_tr=       0.000000 meV  omega=     14.1340 meV   on_shell_Omega=     14.1340 meV  off_shell_Omega=     14.1340 meV
     lambda___(   3 )=       0.000000   gamma___=       0.000000 meV  omega=     22.9414 meV   on_shell_Omega=     22.9414 meV  off_shell_Omega=     22.9414 meV
     lambda_tr(   3 )=       0.000000   gamma_tr=       0.000000 meV  omega=     22.9414 meV   on_shell_Omega=     22.9414 meV  off_shell_Omega=     22.9414 meV
     lambda___(   4 )=       0.000000   gamma___=       0.000000 meV  omega=    108.3175 meV   on_shell_Omega=    108.3175 meV  off_shell_Omega=    108.3175 meV
     lambda_tr(   4 )=       0.000000   gamma_tr=       0.000000 meV  omega=    108.3175 meV   on_shell_Omega=    108.3175 meV  off_shell_Omega=    108.3175 meV
     lambda___(   5 )=       0.000000   gamma___=       0.000000 meV  omega=    192.9565 meV   on_shell_Omega=    192.9565 meV  off_shell_Omega=    192.9565 meV
     lambda_tr(   5 )=       0.000000   gamma_tr=       0.000000 meV  omega=    192.9565 meV   on_shell_Omega=    192.9565 meV  off_shell_Omega=    192.9565 meV
     lambda___(   6 )=       0.000000   gamma___=       0.000000 meV  omega=    194.7361 meV   on_shell_Omega=    194.7362 meV  off_shell_Omega=    194.7362 meV
     lambda_tr(   6 )=       0.000000   gamma_tr=       0.000000 meV  omega=    194.7361 meV   on_shell_Omega=    194.7362 meV  off_shell_Omega=    194.7362 meV
     lambda___( tot )=       0.000000
     lambda_tr( tot )=       0.000000
     -------------------------------------------------------------------


     Number of (k,k+q) pairs on the Fermi surface:      211 out of      324


     ismear =     1 iq =       3 coord.:   0.00000  0.11111  0.00000 wt:   0.00309 Temp:  300.000K
     -------------------------------------------------------------------
     lambda___(   1 )=       0.000000   gamma___=       0.000000 meV  omega=      3.2969 meV   on_shell_Omega=      3.2972 meV  off_shell_Omega=      3.2972 meV
     lambda_tr(   1 )=       0.000000   gamma_tr=       0.000000 meV  omega=      3.2969 meV   on_shell_Omega=      3.2972 meV  off_shell_Omega=      3.2972 meV
     lambda___(   2 )=       0.000000   gamma___=       0.000000 meV  omega=     28.2640 meV   on_shell_Omega=     28.2640 meV  off_shell_Omega=     28.2640 meV
     lambda_tr(   2 )=       0.000000   gamma_tr=       0.000000 meV  omega=     28.2640 meV   on_shell_Omega=     28.2640 meV  off_shell_Omega=     28.2640 meV
     lambda___(   3 )=       0.000000   gamma___=       0.000000 meV  omega=     45.7486 meV   on_shell_Omega=     45.7486 meV  off_shell_Omega=     45.7486 meV
     lambda_tr(   3 )=       0.000000   gamma_tr=       0.000000 meV  omega=     45.7486 meV   on_shell_Omega=     45.7486 meV  off_shell_Omega=     45.7486 meV
     lambda___(   4 )=       0.000000   gamma___=       0.000000 meV  omega=    107.4151 meV   on_shell_Omega=    107.4151 meV  off_shell_Omega=    107.4151 meV
     lambda_tr(   4 )=       0.000000   gamma_tr=       0.000000 meV  omega=    107.4151 meV   on_shell_Omega=    107.4151 meV  off_shell_Omega=    107.4151 meV
     lambda___(   5 )=       0.000000   gamma___=       0.000000 meV  omega=    191.4174 meV   on_shell_Omega=    191.4175 meV  off_shell_Omega=    191.4175 meV
     lambda_tr(   5 )=       0.000000   gamma_tr=       0.000000 meV  omega=    191.4174 meV   on_shell_Omega=    191.4175 meV  off_shell_Omega=    191.4175 meV
     lambda___(   6 )=       0.000000   gamma___=       0.000000 meV  omega=    197.5784 meV   on_shell_Omega=    197.5785 meV  off_shell_Omega=    197.5785 meV
     lambda_tr(   6 )=       0.000000   gamma_tr=       0.000000 meV  omega=    197.5784 meV   on_shell_Omega=    197.5785 meV  off_shell_Omega=    197.5785 meV
     lambda___( tot )=       0.000000
     lambda_tr( tot )=       0.000000
     -------------------------------------------------------------------


     Number of (k,k+q) pairs on the Fermi surface:      191 out of      324


     ismear =     1 iq =       4 coord.:   0.00000  0.16667  0.00000 wt:   0.00309 Temp:  300.000K
     -------------------------------------------------------------------
     lambda___(   1 )=       0.000000   gamma___=       0.000000 meV  omega=      8.3280 meV   on_shell_Omega=      8.3281 meV  off_shell_Omega=      8.3281 meV
     lambda_tr(   1 )=       0.000000   gamma_tr=       0.000000 meV  omega=      8.3280 meV   on_shell_Omega=      8.3281 meV  off_shell_Omega=      8.3281 meV
     lambda___(   2 )=       0.000000   gamma___=       0.000000 meV  omega=     41.7169 meV   on_shell_Omega=     41.7169 meV  off_shell_Omega=     41.7169 meV
     lambda_tr(   2 )=       0.000000   gamma_tr=       0.000000 meV  omega=     41.7169 meV   on_shell_Omega=     41.7169 meV  off_shell_Omega=     41.7169 meV
     lambda___(   3 )=       0.000000   gamma___=       0.000000 meV  omega=     67.8271 meV   on_shell_Omega=     67.8271 meV  off_shell_Omega=     67.8271 meV
     lambda_tr(   3 )=       0.000000   gamma_tr=       0.000000 meV  omega=     67.8271 meV   on_shell_Omega=     67.8271 meV  off_shell_Omega=     67.8271 meV
     lambda___(   4 )=       0.000000   gamma___=       0.000000 meV  omega=    105.8192 meV   on_shell_Omega=    105.8192 meV  off_shell_Omega=    105.8192 meV
     lambda_tr(   4 )=       0.000000   gamma_tr=       0.000000 meV  omega=    105.8192 meV   on_shell_Omega=    105.8192 meV  off_shell_Omega=    105.8192 meV
     lambda___(   5 )=       0.000000   gamma___=       0.000000 meV  omega=    188.4072 meV   on_shell_Omega=    188.4072 meV  off_shell_Omega=    188.4072 meV
     lambda_tr(   5 )=       0.000000   gamma_tr=       0.000000 meV  omega=    188.4072 meV   on_shell_Omega=    188.4072 meV  off_shell_Omega=    188.4072 meV
     lambda___(   6 )=       0.000000   gamma___=       0.000000 meV  omega=    199.4475 meV   on_shell_Omega=    199.4475 meV  off_shell_Omega=    199.4475 meV
     lambda_tr(   6 )=       0.000000   gamma_tr=       0.000000 meV  omega=    199.4475 meV   on_shell_Omega=    199.4475 meV  off_shell_Omega=    199.4475 meV
     lambda___( tot )=       0.000000
     lambda_tr( tot )=       0.000000
     -------------------------------------------------------------------


     Number of (k,k+q) pairs on the Fermi surface:      174 out of      324


     ismear =     1 iq =       5 coord.:   0.00000  0.22222  0.00000 wt:   0.00309 Temp:  300.000K
     -------------------------------------------------------------------
     lambda___(   1 )=       0.000000   gamma___=       0.000000 meV  omega=     15.0400 meV   on_shell_Omega=     15.0400 meV  off_shell_Omega=     15.0400 meV
     lambda_tr(   1 )=       0.000000   gamma_tr=       0.000000 meV  omega=     15.0400 meV   on_shell_Omega=     15.0400 meV  off_shell_Omega=     15.0400 meV
     lambda___(   2 )=       0.000000   gamma___=       0.000000 meV  omega=     53.3822 meV   on_shell_Omega=     53.3822 meV  off_shell_Omega=     53.3822 meV
     lambda_tr(   2 )=       0.000000   gamma_tr=       0.000000 meV  omega=     53.3822 meV   on_shell_Omega=     53.3822 meV  off_shell_Omega=     53.3822 meV
     lambda___(   3 )=       0.000000   gamma___=       0.000000 meV  omega=     88.5085 meV   on_shell_Omega=     88.5086 meV  off_shell_Omega=     88.5086 meV
     lambda_tr(   3 )=       0.000000   gamma_tr=       0.000000 meV  omega=     88.5085 meV   on_shell_Omega=     88.5086 meV  off_shell_Omega=     88.5086 meV
     lambda___(   4 )=       0.000000   gamma___=       0.000000 meV  omega=    103.3964 meV   on_shell_Omega=    103.3964 meV  off_shell_Omega=    103.3964 meV
     lambda_tr(   4 )=       0.000000   gamma_tr=       0.000000 meV  omega=    103.3964 meV   on_shell_Omega=    103.3964 meV  off_shell_Omega=    103.3964 meV
     lambda___(   5 )=       0.000000   gamma___=       0.000000 meV  omega=    184.4981 meV   on_shell_Omega=    184.4981 meV  off_shell_Omega=    184.4981 meV
     lambda_tr(   5 )=       0.000000   gamma_tr=       0.000000 meV  omega=    184.4981 meV   on_shell_Omega=    184.4981 meV  off_shell_Omega=    184.4981 meV
     lambda___(   6 )=       0.000000   gamma___=       0.000000 meV  omega=    198.9286 meV   on_shell_Omega=    198.9286 meV  off_shell_Omega=    198.9286 meV
     lambda_tr(   6 )=       0.000000   gamma_tr=       0.000000 meV  omega=    198.9286 meV   on_shell_Omega=    198.9286 meV  off_shell_Omega=    198.9286 meV
     lambda___( tot )=       0.000000
     lambda_tr( tot )=       0.000000
     -------------------------------------------------------------------


     Number of (k,k+q) pairs on the Fermi surface:      165 out of      324


     ismear =     1 iq =       6 coord.:   0.00000  0.27778  0.00000 wt:   0.00309 Temp:  300.000K
     -------------------------------------------------------------------
     lambda___(   1 )=       0.000000   gamma___=       0.000000 meV  omega=     23.4135 meV   on_shell_Omega=     23.4135 meV  off_shell_Omega=     23.4135 meV
     lambda_tr(   1 )=       0.000000   gamma_tr=       0.000000 meV  omega=     23.4135 meV   on_shell_Omega=     23.4135 meV  off_shell_Omega=     23.4135 meV
     lambda___(   2 )=       0.000000   gamma___=       0.000000 meV  omega=     62.4291 meV   on_shell_Omega=     62.4291 meV  off_shell_Omega=     62.4291 meV
     lambda_tr(   2 )=       0.000000   gamma_tr=       0.000000 meV  omega=     62.4291 meV   on_shell_Omega=     62.4291 meV  off_shell_Omega=     62.4291 meV
     lambda___(   3 )=       0.000000   gamma___=       0.000000 meV  omega=     99.9218 meV   on_shell_Omega=     99.9218 meV  off_shell_Omega=     99.9218 meV
     lambda_tr(   3 )=       0.000000   gamma_tr=       0.000000 meV  omega=     99.9218 meV   on_shell_Omega=     99.9218 meV  off_shell_Omega=     99.9218 meV
     lambda___(   4 )=       0.000000   gamma___=       0.000000 meV  omega=    107.5297 meV   on_shell_Omega=    107.5297 meV  off_shell_Omega=    107.5297 meV
     lambda_tr(   4 )=       0.000000   gamma_tr=       0.000000 meV  omega=    107.5297 meV   on_shell_Omega=    107.5297 meV  off_shell_Omega=    107.5297 meV
     lambda___(   5 )=       0.000000   gamma___=       0.000000 meV  omega=    180.8877 meV   on_shell_Omega=    180.8877 meV  off_shell_Omega=    180.8877 meV
     lambda_tr(   5 )=       0.000000   gamma_tr=       0.000000 meV  omega=    180.8877 meV   on_shell_Omega=    180.8877 meV  off_shell_Omega=    180.8877 meV
     lambda___(   6 )=       0.000000   gamma___=       0.000000 meV  omega=    196.0425 meV   on_shell_Omega=    196.0425 meV  off_shell_Omega=    196.0425 meV
     lambda_tr(   6 )=       0.000000   gamma_tr=       0.000000 meV  omega=    196.0425 meV   on_shell_Omega=    196.0425 meV  off_shell_Omega=    196.0425 meV
     lambda___( tot )=       0.000000
     lambda_tr( tot )=       0.000000
     -------------------------------------------------------------------


     Number of (k,k+q) pairs on the Fermi surface:      158 out of      324


     ismear =     1 iq =       7 coord.:   0.00000  0.33333  0.00000 wt:   0.00309 Temp:  300.000K
     -------------------------------------------------------------------
     lambda___(   1 )=       0.000000   gamma___=       0.000000 meV  omega=     33.1569 meV   on_shell_Omega=     33.1569 meV  off_shell_Omega=     33.1569 meV
     lambda_tr(   1 )=       0.000000   gamma_tr=       0.000000 meV  omega=     33.1569 meV   on_shell_Omega=     33.1569 meV  off_shell_Omega=     33.1569 meV
     lambda___(   2 )=       0.000000   gamma___=       0.000000 meV  omega=     68.9140 meV   on_shell_Omega=     68.9140 meV  off_shell_Omega=     68.9140 meV
     lambda_tr(   2 )=       0.000000   gamma_tr=       0.000000 meV  omega=     68.9140 meV   on_shell_Omega=     68.9140 meV  off_shell_Omega=     68.9140 meV
     lambda___(   3 )=       0.000000   gamma___=       0.000000 meV  omega=     95.1326 meV   on_shell_Omega=     95.1326 meV  off_shell_Omega=     95.1326 meV
     lambda_tr(   3 )=       0.000000   gamma_tr=       0.000000 meV  omega=     95.1326 meV   on_shell_Omega=     95.1326 meV  off_shell_Omega=     95.1326 meV
     lambda___(   4 )=       0.000000   gamma___=       0.000000 meV  omega=    124.9307 meV   on_shell_Omega=    124.9307 meV  off_shell_Omega=    124.9307 meV
     lambda_tr(   4 )=       0.000000   gamma_tr=       0.000000 meV  omega=    124.9307 meV   on_shell_Omega=    124.9307 meV  off_shell_Omega=    124.9307 meV
     lambda___(   5 )=       0.000000   gamma___=       0.000000 meV  omega=    178.1962 meV   on_shell_Omega=    178.1962 meV  off_shell_Omega=    178.1962 meV
     lambda_tr(   5 )=       0.000000   gamma_tr=       0.000000 meV  omega=    178.1962 meV   on_shell_Omega=    178.1962 meV  off_shell_Omega=    178.1962 meV
     lambda___(   6 )=       0.000000   gamma___=       0.000000 meV  omega=    191.2648 meV   on_shell_Omega=    191.2648 meV  off_shell_Omega=    191.2648 meV
     lambda_tr(   6 )=       0.000000   gamma_tr=       0.000000 meV  omega=    191.2648 meV   on_shell_Omega=    191.2648 meV  off_shell_Omega=    191.2648 meV
     lambda___( tot )=       0.000000
     lambda_tr( tot )=       0.000000
     -------------------------------------------------------------------


     Number of (k,k+q) pairs on the Fermi surface:      155 out of      324


     ismear =     1 iq =       8 coord.:   0.00000  0.38889  0.00000 wt:   0.00309 Temp:  300.000K
     -------------------------------------------------------------------
     lambda___(   1 )=       0.000000   gamma___=       0.000000 meV  omega=     43.5387 meV   on_shell_Omega=     43.5387 meV  off_shell_Omega=     43.5387 meV
     lambda_tr(   1 )=       0.000000   gamma_tr=       0.000000 meV  omega=     43.5387 meV   on_shell_Omega=     43.5387 meV  off_shell_Omega=     43.5387 meV
     lambda___(   2 )=       0.000000   gamma___=       0.000000 meV  omega=     73.5256 meV   on_shell_Omega=     73.5256 meV  off_shell_Omega=     73.5256 meV
     lambda_tr(   2 )=       0.000000   gamma_tr=       0.000000 meV  omega=     73.5256 meV   on_shell_Omega=     73.5256 meV  off_shell_Omega=     73.5256 meV
     lambda___(   3 )=       0.000000   gamma___=       0.000000 meV  omega=     88.9760 meV   on_shell_Omega=     88.9760 meV  off_shell_Omega=     88.9760 meV
     lambda_tr(   3 )=       0.000000   gamma_tr=       0.000000 meV  omega=     88.9760 meV   on_shell_Omega=     88.9760 meV  off_shell_Omega=     88.9760 meV
     lambda___(   4 )=       0.000000   gamma___=       0.000000 meV  omega=    140.6629 meV   on_shell_Omega=    140.6629 meV  off_shell_Omega=    140.6629 meV
     lambda_tr(   4 )=       0.000000   gamma_tr=       0.000000 meV  omega=    140.6629 meV   on_shell_Omega=    140.6629 meV  off_shell_Omega=    140.6629 meV
     lambda___(   5 )=       0.000000   gamma___=       0.000000 meV  omega=    176.1208 meV   on_shell_Omega=    176.1208 meV  off_shell_Omega=    176.1208 meV
     lambda_tr(   5 )=       0.000000   gamma_tr=       0.000000 meV  omega=    176.1208 meV   on_shell_Omega=    176.1208 meV  off_shell_Omega=    176.1208 meV
     lambda___(   6 )=       0.000000   gamma___=       0.000000 meV  omega=    184.7820 meV   on_shell_Omega=    184.7820 meV  off_shell_Omega=    184.7820 meV
     lambda_tr(   6 )=       0.000000   gamma_tr=       0.000000 meV  omega=    184.7820 meV   on_shell_Omega=    184.7820 meV  off_shell_Omega=    184.7820 meV
     lambda___( tot )=       0.000000
     lambda_tr( tot )=       0.000000
     -------------------------------------------------------------------


     Number of (k,k+q) pairs on the Fermi surface:      154 out of      324


     ismear =     1 iq =       9 coord.:   0.00000  0.44444  0.00000 wt:   0.00309 Temp:  300.000K
     -------------------------------------------------------------------
     lambda___(   1 )=       0.000000   gamma___=       0.000000 meV  omega=     53.1565 meV   on_shell_Omega=     53.1565 meV  off_shell_Omega=     53.1565 meV
     lambda_tr(   1 )=       0.000000   gamma_tr=       0.000000 meV  omega=     53.1565 meV   on_shell_Omega=     53.1565 meV  off_shell_Omega=     53.1565 meV
     lambda___(   2 )=       0.000000   gamma___=       0.000000 meV  omega=     76.5797 meV   on_shell_Omega=     76.5797 meV  off_shell_Omega=     76.5797 meV
     lambda_tr(   2 )=       0.000000   gamma_tr=       0.000000 meV  omega=     76.5797 meV   on_shell_Omega=     76.5797 meV  off_shell_Omega=     76.5797 meV
     lambda___(   3 )=       0.000000   gamma___=       0.000000 meV  omega=     82.1575 meV   on_shell_Omega=     82.1575 meV  off_shell_Omega=     82.1575 meV
     lambda_tr(   3 )=       0.000000   gamma_tr=       0.000000 meV  omega=     82.1575 meV   on_shell_Omega=     82.1575 meV  off_shell_Omega=     82.1575 meV
     lambda___(   4 )=       0.000000   gamma___=       0.000000 meV  omega=    154.5259 meV   on_shell_Omega=    154.5259 meV  off_shell_Omega=    154.5259 meV
     lambda_tr(   4 )=       0.000000   gamma_tr=       0.000000 meV  omega=    154.5259 meV   on_shell_Omega=    154.5259 meV  off_shell_Omega=    154.5259 meV
     lambda___(   5 )=       0.000000   gamma___=       0.000000 meV  omega=    174.4755 meV   on_shell_Omega=    174.4755 meV  off_shell_Omega=    174.4755 meV
     lambda_tr(   5 )=       0.000000   gamma_tr=       0.000000 meV  omega=    174.4755 meV   on_shell_Omega=    174.4755 meV  off_shell_Omega=    174.4755 meV
     lambda___(   6 )=       0.000000   gamma___=       0.000000 meV  omega=    176.5570 meV   on_shell_Omega=    176.5570 meV  off_shell_Omega=    176.5570 meV
     lambda_tr(   6 )=       0.000000   gamma_tr=       0.000000 meV  omega=    176.5570 meV   on_shell_Omega=    176.5570 meV  off_shell_Omega=    176.5570 meV
     lambda___( tot )=       0.000000
     lambda_tr( tot )=       0.000000
     -------------------------------------------------------------------


     Number of (k,k+q) pairs on the Fermi surface:      158 out of      324


     ismear =     1 iq =      10 coord.:   0.00000  0.50000  0.00000 wt:   0.00309 Temp:  300.000K
     -------------------------------------------------------------------
     lambda___(   1 )=       0.000000   gamma___=       0.000000 meV  omega=     58.0812 meV   on_shell_Omega=     58.0812 meV  off_shell_Omega=     58.0812 meV
     lambda_tr(   1 )=       0.000000   gamma_tr=       0.000000 meV  omega=     58.0812 meV   on_shell_Omega=     58.0812 meV  off_shell_Omega=     58.0812 meV
     lambda___(   2 )=       0.000000   gamma___=       0.000000 meV  omega=     77.7020 meV   on_shell_Omega=     77.7020 meV  off_shell_Omega=     77.7020 meV
     lambda_tr(   2 )=       0.000000   gamma_tr=       0.000000 meV  omega=     77.7020 meV   on_shell_Omega=     77.7020 meV  off_shell_Omega=     77.7020 meV
     lambda___(   3 )=       0.000000   gamma___=       0.000000 meV  omega=     78.2051 meV   on_shell_Omega=     78.2051 meV  off_shell_Omega=     78.2051 meV
     lambda_tr(   3 )=       0.000000   gamma_tr=       0.000000 meV  omega=     78.2051 meV   on_shell_Omega=     78.2051 meV  off_shell_Omega=     78.2051 meV
     lambda___(   4 )=       0.000000   gamma___=       0.000000 meV  omega=    165.6754 meV   on_shell_Omega=    165.6754 meV  off_shell_Omega=    165.6754 meV
     lambda_tr(   4 )=       0.000000   gamma_tr=       0.000000 meV  omega=    165.6754 meV   on_shell_Omega=    165.6754 meV  off_shell_Omega=    165.6754 meV
     lambda___(   5 )=       0.000000   gamma___=       0.000000 meV  omega=    167.2891 meV   on_shell_Omega=    167.2891 meV  off_shell_Omega=    167.2891 meV
     lambda_tr(   5 )=       0.000000   gamma_tr=       0.000000 meV  omega=    167.2891 meV   on_shell_Omega=    167.2891 meV  off_shell_Omega=    167.2891 meV
     lambda___(   6 )=       0.000000   gamma___=       0.000000 meV  omega=    173.7883 meV   on_shell_Omega=    173.7883 meV  off_shell_Omega=    173.7883 meV
     lambda_tr(   6 )=       0.000000   gamma_tr=       0.000000 meV  omega=    173.7883 meV   on_shell_Omega=    173.7883 meV  off_shell_Omega=    173.7883 meV
     lambda___( tot )=       0.000000
     lambda_tr( tot )=       0.000000
     -------------------------------------------------------------------


     Number of (k,k+q) pairs on the Fermi surface:      162 out of      324


     ismear =     1 iq =      11 coord.:   0.00000  0.55556  0.00000 wt:   0.00309 Temp:  300.000K
     -------------------------------------------------------------------
     lambda___(   1 )=       0.000000   gamma___=       0.000000 meV  omega=     53.1565 meV   on_shell_Omega=     53.1565 meV  off_shell_Omega=     53.1565 meV
     lambda_tr(   1 )=       0.000000   gamma_tr=       0.000000 meV  omega=     53.1565 meV   on_shell_Omega=     53.1565 meV  off_shell_Omega=     53.1565 meV
     lambda___(   2 )=       0.000000   gamma___=       0.000000 meV  omega=     76.5797 meV   on_shell_Omega=     76.5797 meV  off_shell_Omega=     76.5797 meV
     lambda_tr(   2 )=       0.000000   gamma_tr=       0.000000 meV  omega=     76.5797 meV   on_shell_Omega=     76.5797 meV  off_shell_Omega=     76.5797 meV
     lambda___(   3 )=       0.000000   gamma___=       0.000000 meV  omega=     82.1575 meV   on_shell_Omega=     82.1575 meV  off_shell_Omega=     82.1575 meV
     lambda_tr(   3 )=       0.000000   gamma_tr=       0.000000 meV  omega=     82.1575 meV   on_shell_Omega=     82.1575 meV  off_shell_Omega=     82.1575 meV
     lambda___(   4 )=       0.000000   gamma___=       0.000000 meV  omega=    154.5259 meV   on_shell_Omega=    154.5259 meV  off_shell_Omega=    154.5259 meV
     lambda_tr(   4 )=       0.000000   gamma_tr=       0.000000 meV  omega=    154.5259 meV   on_shell_Omega=    154.5259 meV  off_shell_Omega=    154.5259 meV
     lambda___(   5 )=       0.000000   gamma___=       0.000000 meV  omega=    174.4755 meV   on_shell_Omega=    174.4755 meV  off_shell_Omega=    174.4755 meV
     lambda_tr(   5 )=       0.000000   gamma_tr=       0.000000 meV  omega=    174.4755 meV   on_shell_Omega=    174.4755 meV  off_shell_Omega=    174.4755 meV
     lambda___(   6 )=       0.000000   gamma___=       0.000000 meV  omega=    176.5570 meV   on_shell_Omega=    176.5570 meV  off_shell_Omega=    176.5570 meV
     lambda_tr(   6 )=       0.000000   gamma_tr=       0.000000 meV  omega=    176.5570 meV   on_shell_Omega=    176.5570 meV  off_shell_Omega=    176.5570 meV
     lambda___( tot )=       0.000000
     lambda_tr( tot )=       0.000000
     -------------------------------------------------------------------


     Number of (k,k+q) pairs on the Fermi surface:      158 out of      324


     ismear =     1 iq =      12 coord.:   0.00000  0.61111  0.00000 wt:   0.00309 Temp:  300.000K
     -------------------------------------------------------------------
     lambda___(   1 )=       0.000000   gamma___=       0.000000 meV  omega=     43.5387 meV   on_shell_Omega=     43.5387 meV  off_shell_Omega=     43.5387 meV
     lambda_tr(   1 )=       0.000000   gamma_tr=       0.000000 meV  omega=     43.5387 meV   on_shell_Omega=     43.5387 meV  off_shell_Omega=     43.5387 meV
     lambda___(   2 )=       0.000000   gamma___=       0.000000 meV  omega=     73.5256 meV   on_shell_Omega=     73.5256 meV  off_shell_Omega=     73.5256 meV
     lambda_tr(   2 )=       0.000000   gamma_tr=       0.000000 meV  omega=     73.5256 meV   on_shell_Omega=     73.5256 meV  off_shell_Omega=     73.5256 meV
     lambda___(   3 )=       0.000000   gamma___=       0.000000 meV  omega=     88.9760 meV   on_shell_Omega=     88.9760 meV  off_shell_Omega=     88.9760 meV
     lambda_tr(   3 )=       0.000000   gamma_tr=       0.000000 meV  omega=     88.9760 meV   on_shell_Omega=     88.9760 meV  off_shell_Omega=     88.9760 meV
     lambda___(   4 )=       0.000000   gamma___=       0.000000 meV  omega=    140.6629 meV   on_shell_Omega=    140.6629 meV  off_shell_Omega=    140.6629 meV
     lambda_tr(   4 )=       0.000000   gamma_tr=       0.000000 meV  omega=    140.6629 meV   on_shell_Omega=    140.6629 meV  off_shell_Omega=    140.6629 meV
     lambda___(   5 )=       0.000000   gamma___=       0.000000 meV  omega=    176.1208 meV   on_shell_Omega=    176.1208 meV  off_shell_Omega=    176.1208 meV
     lambda_tr(   5 )=       0.000000   gamma_tr=       0.000000 meV  omega=    176.1208 meV   on_shell_Omega=    176.1208 meV  off_shell_Omega=    176.1208 meV
     lambda___(   6 )=       0.000000   gamma___=       0.000000 meV  omega=    184.7820 meV   on_shell_Omega=    184.7820 meV  off_shell_Omega=    184.7820 meV
     lambda_tr(   6 )=       0.000000   gamma_tr=       0.000000 meV  omega=    184.7820 meV   on_shell_Omega=    184.7820 meV  off_shell_Omega=    184.7820 meV
     lambda___( tot )=       0.000000
     lambda_tr( tot )=       0.000000
     -------------------------------------------------------------------


     Number of (k,k+q) pairs on the Fermi surface:      154 out of      324


     ismear =     1 iq =      13 coord.:   0.00000  0.66667  0.00000 wt:   0.00309 Temp:  300.000K
     -------------------------------------------------------------------
     lambda___(   1 )=       0.000000   gamma___=       0.000000 meV  omega=     33.1569 meV   on_shell_Omega=     33.1569 meV  off_shell_Omega=     33.1569 meV
     lambda_tr(   1 )=       0.000000   gamma_tr=       0.000000 meV  omega=     33.1569 meV   on_shell_Omega=     33.1569 meV  off_shell_Omega=     33.1569 meV
     lambda___(   2 )=       0.000000   gamma___=       0.000000 meV  omega=     68.9140 meV   on_shell_Omega=     68.9140 meV  off_shell_Omega=     68.9140 meV
     lambda_tr(   2 )=       0.000000   gamma_tr=       0.000000 meV  omega=     68.9140 meV   on_shell_Omega=     68.9140 meV  off_shell_Omega=     68.9140 meV
     lambda___(   3 )=       0.000000   gamma___=       0.000000 meV  omega=     95.1326 meV   on_shell_Omega=     95.1326 meV  off_shell_Omega=     95.1326 meV
     lambda_tr(   3 )=       0.000000   gamma_tr=       0.000000 meV  omega=     95.1326 meV   on_shell_Omega=     95.1326 meV  off_shell_Omega=     95.1326 meV
     lambda___(   4 )=       0.000000   gamma___=       0.000000 meV  omega=    124.9307 meV   on_shell_Omega=    124.9307 meV  off_shell_Omega=    124.9307 meV
     lambda_tr(   4 )=       0.000000   gamma_tr=       0.000000 meV  omega=    124.9307 meV   on_shell_Omega=    124.9307 meV  off_shell_Omega=    124.9307 meV
     lambda___(   5 )=       0.000000   gamma___=       0.000000 meV  omega=    178.1962 meV   on_shell_Omega=    178.1962 meV  off_shell_Omega=    178.1962 meV
     lambda_tr(   5 )=       0.000000   gamma_tr=       0.000000 meV  omega=    178.1962 meV   on_shell_Omega=    178.1962 meV  off_shell_Omega=    178.1962 meV
     lambda___(   6 )=       0.000000   gamma___=       0.000000 meV  omega=    191.2648 meV   on_shell_Omega=    191.2648 meV  off_shell_Omega=    191.2648 meV
     lambda_tr(   6 )=       0.000000   gamma_tr=       0.000000 meV  omega=    191.2648 meV   on_shell_Omega=    191.2648 meV  off_shell_Omega=    191.2648 meV
     lambda___( tot )=       0.000000
     lambda_tr( tot )=       0.000000
     -------------------------------------------------------------------


     Number of (k,k+q) pairs on the Fermi surface:      155 out of      324


     ismear =     1 iq =      14 coord.:   0.00000  0.72222  0.00000 wt:   0.00309 Temp:  300.000K
     -------------------------------------------------------------------
     lambda___(   1 )=       0.000000   gamma___=       0.000000 meV  omega=     23.4135 meV   on_shell_Omega=     23.4135 meV  off_shell_Omega=     23.4135 meV
     lambda_tr(   1 )=       0.000000   gamma_tr=       0.000000 meV  omega=     23.4135 meV   on_shell_Omega=     23.4135 meV  off_shell_Omega=     23.4135 meV
     lambda___(   2 )=       0.000000   gamma___=       0.000000 meV  omega=     62.4291 meV   on_shell_Omega=     62.4291 meV  off_shell_Omega=     62.4291 meV
     lambda_tr(   2 )=       0.000000   gamma_tr=       0.000000 meV  omega=     62.4291 meV   on_shell_Omega=     62.4291 meV  off_shell_Omega=     62.4291 meV
     lambda___(   3 )=       0.000000   gamma___=       0.000000 meV  omega=     99.9218 meV   on_shell_Omega=     99.9218 meV  off_shell_Omega=     99.9218 meV
     lambda_tr(   3 )=       0.000000   gamma_tr=       0.000000 meV  omega=     99.9218 meV   on_shell_Omega=     99.9218 meV  off_shell_Omega=     99.9218 meV
     lambda___(   4 )=       0.000000   gamma___=       0.000000 meV  omega=    107.5297 meV   on_shell_Omega=    107.5297 meV  off_shell_Omega=    107.5297 meV
     lambda_tr(   4 )=       0.000000   gamma_tr=       0.000000 meV  omega=    107.5297 meV   on_shell_Omega=    107.5297 meV  off_shell_Omega=    107.5297 meV
     lambda___(   5 )=       0.000000   gamma___=       0.000000 meV  omega=    180.8877 meV   on_shell_Omega=    180.8877 meV  off_shell_Omega=    180.8877 meV
     lambda_tr(   5 )=       0.000000   gamma_tr=       0.000000 meV  omega=    180.8877 meV   on_shell_Omega=    180.8877 meV  off_shell_Omega=    180.8877 meV
     lambda___(   6 )=       0.000000   gamma___=       0.000000 meV  omega=    196.0425 meV   on_shell_Omega=    196.0425 meV  off_shell_Omega=    196.0425 meV
     lambda_tr(   6 )=       0.000000   gamma_tr=       0.000000 meV  omega=    196.0425 meV   on_shell_Omega=    196.0425 meV  off_shell_Omega=    196.0425 meV
     lambda___( tot )=       0.000000
     lambda_tr( tot )=       0.000000
     -------------------------------------------------------------------


     Number of (k,k+q) pairs on the Fermi surface:      158 out of      324


     ismear =     1 iq =      15 coord.:   0.00000  0.77778  0.00000 wt:   0.00309 Temp:  300.000K
     -------------------------------------------------------------------
     lambda___(   1 )=       0.000000   gamma___=       0.000000 meV  omega=     15.0400 meV   on_shell_Omega=     15.0400 meV  off_shell_Omega=     15.0400 meV
     lambda_tr(   1 )=       0.000000   gamma_tr=       0.000000 meV  omega=     15.0400 meV   on_shell_Omega=     15.0400 meV  off_shell_Omega=     15.0400 meV
     lambda___(   2 )=       0.000000   gamma___=       0.000000 meV  omega=     53.3822 meV   on_shell_Omega=     53.3822 meV  off_shell_Omega=     53.3822 meV
     lambda_tr(   2 )=       0.000000   gamma_tr=       0.000000 meV  omega=     53.3822 meV   on_shell_Omega=     53.3822 meV  off_shell_Omega=     53.3822 meV
     lambda___(   3 )=       0.000000   gamma___=       0.000000 meV  omega=     88.5085 meV   on_shell_Omega=     88.5086 meV  off_shell_Omega=     88.5086 meV
     lambda_tr(   3 )=       0.000000   gamma_tr=       0.000000 meV  omega=     88.5085 meV   on_shell_Omega=     88.5086 meV  off_shell_Omega=     88.5086 meV
     lambda___(   4 )=       0.000000   gamma___=       0.000000 meV  omega=    103.3964 meV   on_shell_Omega=    103.3964 meV  off_shell_Omega=    103.3964 meV
     lambda_tr(   4 )=       0.000000   gamma_tr=       0.000000 meV  omega=    103.3964 meV   on_shell_Omega=    103.3964 meV  off_shell_Omega=    103.3964 meV
     lambda___(   5 )=       0.000000   gamma___=       0.000000 meV  omega=    184.4981 meV   on_shell_Omega=    184.4981 meV  off_shell_Omega=    184.4981 meV
     lambda_tr(   5 )=       0.000000   gamma_tr=       0.000000 meV  omega=    184.4981 meV   on_shell_Omega=    184.4981 meV  off_shell_Omega=    184.4981 meV
     lambda___(   6 )=       0.000000   gamma___=       0.000000 meV  omega=    198.9286 meV   on_shell_Omega=    198.9286 meV  off_shell_Omega=    198.9286 meV
     lambda_tr(   6 )=       0.000000   gamma_tr=       0.000000 meV  omega=    198.9286 meV   on_shell_Omega=    198.9286 meV  off_shell_Omega=    198.9286 meV
     lambda___( tot )=       0.000000
     lambda_tr( tot )=       0.000000
     -------------------------------------------------------------------


     Number of (k,k+q) pairs on the Fermi surface:      165 out of      324


     ismear =     1 iq =      16 coord.:   0.00000  0.83333  0.00000 wt:   0.00309 Temp:  300.000K
     -------------------------------------------------------------------
     lambda___(   1 )=       0.000000   gamma___=       0.000000 meV  omega=      8.3280 meV   on_shell_Omega=      8.3281 meV  off_shell_Omega=      8.3281 meV
     lambda_tr(   1 )=       0.000000   gamma_tr=       0.000000 meV  omega=      8.3280 meV   on_shell_Omega=      8.3281 meV  off_shell_Omega=      8.3281 meV
     lambda___(   2 )=       0.000000   gamma___=       0.000000 meV  omega=     41.7169 meV   on_shell_Omega=     41.7169 meV  off_shell_Omega=     41.7169 meV
     lambda_tr(   2 )=       0.000000   gamma_tr=       0.000000 meV  omega=     41.7169 meV   on_shell_Omega=     41.7169 meV  off_shell_Omega=     41.7169 meV
     lambda___(   3 )=       0.000000   gamma___=       0.000000 meV  omega=     67.8271 meV   on_shell_Omega=     67.8271 meV  off_shell_Omega=     67.8271 meV
     lambda_tr(   3 )=       0.000000   gamma_tr=       0.000000 meV  omega=     67.8271 meV   on_shell_Omega=     67.8271 meV  off_shell_Omega=     67.8271 meV
     lambda___(   4 )=       0.000000   gamma___=       0.000000 meV  omega=    105.8192 meV   on_shell_Omega=    105.8192 meV  off_shell_Omega=    105.8192 meV
     lambda_tr(   4 )=       0.000000   gamma_tr=       0.000000 meV  omega=    105.8192 meV   on_shell_Omega=    105.8192 meV  off_shell_Omega=    105.8192 meV
     lambda___(   5 )=       0.000000   gamma___=       0.000000 meV  omega=    188.4072 meV   on_shell_Omega=    188.4072 meV  off_shell_Omega=    188.4072 meV
     lambda_tr(   5 )=       0.000000   gamma_tr=       0.000000 meV  omega=    188.4072 meV   on_shell_Omega=    188.4072 meV  off_shell_Omega=    188.4072 meV
     lambda___(   6 )=       0.000000   gamma___=       0.000000 meV  omega=    199.4475 meV   on_shell_Omega=    199.4475 meV  off_shell_Omega=    199.4475 meV
     lambda_tr(   6 )=       0.000000   gamma_tr=       0.000000 meV  omega=    199.4475 meV   on_shell_Omega=    199.4475 meV  off_shell_Omega=    199.4475 meV
     lambda___( tot )=       0.000000
     lambda_tr( tot )=       0.000000
     -------------------------------------------------------------------


     Number of (k,k+q) pairs on the Fermi surface:      174 out of      324


     ismear =     1 iq =      17 coord.:   0.00000  0.88889  0.00000 wt:   0.00309 Temp:  300.000K
     -------------------------------------------------------------------
     lambda___(   1 )=       0.000000   gamma___=       0.000000 meV  omega=      3.2969 meV   on_shell_Omega=      3.2972 meV  off_shell_Omega=      3.2972 meV
     lambda_tr(   1 )=       0.000000   gamma_tr=       0.000000 meV  omega=      3.2969 meV   on_shell_Omega=      3.2972 meV  off_shell_Omega=      3.2972 meV
     lambda___(   2 )=       0.000000   gamma___=       0.000000 meV  omega=     28.2640 meV   on_shell_Omega=     28.2640 meV  off_shell_Omega=     28.2640 meV
     lambda_tr(   2 )=       0.000000   gamma_tr=       0.000000 meV  omega=     28.2640 meV   on_shell_Omega=     28.2640 meV  off_shell_Omega=     28.2640 meV
     lambda___(   3 )=       0.000000   gamma___=       0.000000 meV  omega=     45.7486 meV   on_shell_Omega=     45.7486 meV  off_shell_Omega=     45.7486 meV
     lambda_tr(   3 )=       0.000000   gamma_tr=       0.000000 meV  omega=     45.7486 meV   on_shell_Omega=     45.7486 meV  off_shell_Omega=     45.7486 meV
     lambda___(   4 )=       0.000000   gamma___=       0.000000 meV  omega=    107.4151 meV   on_shell_Omega=    107.4151 meV  off_shell_Omega=    107.4151 meV
     lambda_tr(   4 )=       0.000000   gamma_tr=       0.000000 meV  omega=    107.4151 meV   on_shell_Omega=    107.4151 meV  off_shell_Omega=    107.4151 meV
     lambda___(   5 )=       0.000000   gamma___=       0.000000 meV  omega=    191.4174 meV   on_shell_Omega=    191.4175 meV  off_shell_Omega=    191.4175 meV
     lambda_tr(   5 )=       0.000000   gamma_tr=       0.000000 meV  omega=    191.4174 meV   on_shell_Omega=    191.4175 meV  off_shell_Omega=    191.4175 meV
     lambda___(   6 )=       0.000000   gamma___=       0.000000 meV  omega=    197.5784 meV   on_shell_Omega=    197.5785 meV  off_shell_Omega=    197.5785 meV
     lambda_tr(   6 )=       0.000000   gamma_tr=       0.000000 meV  omega=    197.5784 meV   on_shell_Omega=    197.5785 meV  off_shell_Omega=    197.5785 meV
     lambda___( tot )=       0.000000
     lambda_tr( tot )=       0.000000
     -------------------------------------------------------------------


     Number of (k,k+q) pairs on the Fermi surface:      191 out of      324


     ismear =     1 iq =      18 coord.:   0.00000  0.94444  0.00000 wt:   0.00309 Temp:  300.000K
     -------------------------------------------------------------------
     lambda___(   1 )=       0.000000   gamma___=       0.000000 meV  omega=     -0.7872 meV   on_shell_Omega=      0.7872 meV  off_shell_Omega=     -1.3777 meV
     lambda_tr(   1 )=       0.000000   gamma_tr=       0.000000 meV  omega=     -0.7872 meV   on_shell_Omega=      0.7872 meV  off_shell_Omega=     -1.3777 meV
     lambda___(   2 )=       0.000000   gamma___=       0.000000 meV  omega=     14.1340 meV   on_shell_Omega=     14.1340 meV  off_shell_Omega=     14.1340 meV
     lambda_tr(   2 )=       0.000000   gamma_tr=       0.000000 meV  omega=     14.1340 meV   on_shell_Omega=     14.1340 meV  off_shell_Omega=     14.1340 meV
     lambda___(   3 )=       0.000000   gamma___=       0.000000 meV  omega=     22.9414 meV   on_shell_Omega=     22.9414 meV  off_shell_Omega=     22.9414 meV
     lambda_tr(   3 )=       0.000000   gamma_tr=       0.000000 meV  omega=     22.9414 meV   on_shell_Omega=     22.9414 meV  off_shell_Omega=     22.9414 meV
     lambda___(   4 )=       0.000000   gamma___=       0.000000 meV  omega=    108.3175 meV   on_shell_Omega=    108.3175 meV  off_shell_Omega=    108.3175 meV
     lambda_tr(   4 )=       0.000000   gamma_tr=       0.000000 meV  omega=    108.3175 meV   on_shell_Omega=    108.3175 meV  off_shell_Omega=    108.3175 meV
     lambda___(   5 )=       0.000000   gamma___=       0.000000 meV  omega=    192.9565 meV   on_shell_Omega=    192.9565 meV  off_shell_Omega=    192.9565 meV
     lambda_tr(   5 )=       0.000000   gamma_tr=       0.000000 meV  omega=    192.9565 meV   on_shell_Omega=    192.9565 meV  off_shell_Omega=    192.9565 meV
     lambda___(   6 )=       0.000000   gamma___=       0.000000 meV  omega=    194.7361 meV   on_shell_Omega=    194.7362 meV  off_shell_Omega=    194.7362 meV
     lambda_tr(   6 )=       0.000000   gamma_tr=       0.000000 meV  omega=    194.7361 meV   on_shell_Omega=    194.7362 meV  off_shell_Omega=    194.7362 meV
     lambda___( tot )=       0.000000
     lambda_tr( tot )=       0.000000
     -------------------------------------------------------------------


     Number of (k,k+q) pairs on the Fermi surface:      211 out of      324


     ismear =     1 iq =      19 coord.:   0.05556  0.00000  0.00000 wt:   0.00309 Temp:  300.000K
     -------------------------------------------------------------------
     lambda___(   1 )=       0.000000   gamma___=       0.000000 meV  omega=      0.9780 meV   on_shell_Omega=      0.9792 meV  off_shell_Omega=      0.9792 meV
     lambda_tr(   1 )=       0.000000   gamma_tr=       0.000000 meV  omega=      0.9780 meV   on_shell_Omega=      0.9792 meV  off_shell_Omega=      0.9792 meV
     lambda___(   2 )=       0.000000   gamma___=       0.000000 meV  omega=     15.0453 meV   on_shell_Omega=     15.0453 meV  off_shell_Omega=     15.0453 meV
     lambda_tr(   2 )=       0.000000   gamma_tr=       0.000000 meV  omega=     15.0453 meV   on_shell_Omega=     15.0453 meV  off_shell_Omega=     15.0453 meV
     lambda___(   3 )=       0.000000   gamma___=       0.000000 meV  omega=     23.6129 meV   on_shell_Omega=     23.6129 meV  off_shell_Omega=     23.6129 meV
     lambda_tr(   3 )=       0.000000   gamma_tr=       0.000000 meV  omega=     23.6129 meV   on_shell_Omega=     23.6129 meV  off_shell_Omega=     23.6129 meV
     lambda___(   4 )=       0.000000   gamma___=       0.000000 meV  omega=    108.3102 meV   on_shell_Omega=    108.3102 meV  off_shell_Omega=    108.3102 meV
     lambda_tr(   4 )=       0.000000   gamma_tr=       0.000000 meV  omega=    108.3102 meV   on_shell_Omega=    108.3102 meV  off_shell_Omega=    108.3102 meV
     lambda___(   5 )=       0.000000   gamma___=       0.000000 meV  omega=    192.8850 meV   on_shell_Omega=    192.8850 meV  off_shell_Omega=    192.8850 meV
     lambda_tr(   5 )=       0.000000   gamma_tr=       0.000000 meV  omega=    192.8850 meV   on_shell_Omega=    192.8850 meV  off_shell_Omega=    192.8850 meV
     lambda___(   6 )=       0.000000   gamma___=       0.000000 meV  omega=    194.6584 meV   on_shell_Omega=    194.6585 meV  off_shell_Omega=    194.6585 meV
     lambda_tr(   6 )=       0.000000   gamma_tr=       0.000000 meV  omega=    194.6584 meV   on_shell_Omega=    194.6585 meV  off_shell_Omega=    194.6585 meV
     lambda___( tot )=       0.000000
     lambda_tr( tot )=       0.000000
     -------------------------------------------------------------------


     Number of (k,k+q) pairs on the Fermi surface:      218 out of      324


     ismear =     1 iq =      20 coord.:   0.05556  0.05556  0.00000 wt:   0.00309 Temp:  300.000K
     -------------------------------------------------------------------
     lambda___(   1 )=       0.000000   gamma___=       0.000000 meV  omega=      2.2256 meV   on_shell_Omega=      2.2261 meV  off_shell_Omega=      2.2261 meV
     lambda_tr(   1 )=       0.000000   gamma_tr=       0.000000 meV  omega=      2.2256 meV   on_shell_Omega=      2.2261 meV  off_shell_Omega=      2.2261 meV
     lambda___(   2 )=       0.000000   gamma___=       0.000000 meV  omega=     25.5120 meV   on_shell_Omega=     25.5120 meV  off_shell_Omega=     25.5120 meV
     lambda_tr(   2 )=       0.000000   gamma_tr=       0.000000 meV  omega=     25.5120 meV   on_shell_Omega=     25.5120 meV  off_shell_Omega=     25.5120 meV
     lambda___(   3 )=       0.000000   gamma___=       0.000000 meV  omega=     39.3028 meV   on_shell_Omega=     39.3028 meV  off_shell_Omega=     39.3028 meV
     lambda_tr(   3 )=       0.000000   gamma_tr=       0.000000 meV  omega=     39.3028 meV   on_shell_Omega=     39.3028 meV  off_shell_Omega=     39.3028 meV
     lambda___(   4 )=       0.000000   gamma___=       0.000000 meV  omega=    107.7204 meV   on_shell_Omega=    107.7204 meV  off_shell_Omega=    107.7204 meV
     lambda_tr(   4 )=       0.000000   gamma_tr=       0.000000 meV  omega=    107.7204 meV   on_shell_Omega=    107.7204 meV  off_shell_Omega=    107.7204 meV
     lambda___(   5 )=       0.000000   gamma___=       0.000000 meV  omega=    191.8831 meV   on_shell_Omega=    191.8831 meV  off_shell_Omega=    191.8831 meV
     lambda_tr(   5 )=       0.000000   gamma_tr=       0.000000 meV  omega=    191.8831 meV   on_shell_Omega=    191.8831 meV  off_shell_Omega=    191.8831 meV
     lambda___(   6 )=       0.000000   gamma___=       0.000000 meV  omega=    196.8342 meV   on_shell_Omega=    196.8342 meV  off_shell_Omega=    196.8342 meV
     lambda_tr(   6 )=       0.000000   gamma_tr=       0.000000 meV  omega=    196.8342 meV   on_shell_Omega=    196.8342 meV  off_shell_Omega=    196.8342 meV
     lambda___( tot )=       0.000000
     lambda_tr( tot )=       0.000000
     -------------------------------------------------------------------


     Number of (k,k+q) pairs on the Fermi surface:      200 out of      324


     ismear =     1 iq =      21 coord.:   0.05556  0.11111  0.00000 wt:   0.00309 Temp:  300.000K
     -------------------------------------------------------------------
     lambda___(   1 )=       0.000000   gamma___=       0.000000 meV  omega=      6.2622 meV   on_shell_Omega=      6.2623 meV  off_shell_Omega=      6.2623 meV
     lambda_tr(   1 )=       0.000000   gamma_tr=       0.000000 meV  omega=      6.2622 meV   on_shell_Omega=      6.2623 meV  off_shell_Omega=      6.2623 meV
     lambda___(   2 )=       0.000000   gamma___=       0.000000 meV  omega=     38.1809 meV   on_shell_Omega=     38.1809 meV  off_shell_Omega=     38.1809 meV
     lambda_tr(   2 )=       0.000000   gamma_tr=       0.000000 meV  omega=     38.1809 meV   on_shell_Omega=     38.1809 meV  off_shell_Omega=     38.1809 meV
     lambda___(   3 )=       0.000000   gamma___=       0.000000 meV  omega=     59.3051 meV   on_shell_Omega=     59.3051 meV  off_shell_Omega=     59.3051 meV
     lambda_tr(   3 )=       0.000000   gamma_tr=       0.000000 meV  omega=     59.3051 meV   on_shell_Omega=     59.3051 meV  off_shell_Omega=     59.3051 meV
     lambda___(   4 )=       0.000000   gamma___=       0.000000 meV  omega=    106.4727 meV   on_shell_Omega=    106.4727 meV  off_shell_Omega=    106.4727 meV
     lambda_tr(   4 )=       0.000000   gamma_tr=       0.000000 meV  omega=    106.4727 meV   on_shell_Omega=    106.4727 meV  off_shell_Omega=    106.4727 meV
     lambda___(   5 )=       0.000000   gamma___=       0.000000 meV  omega=    189.5435 meV   on_shell_Omega=    189.5435 meV  off_shell_Omega=    189.5435 meV
     lambda_tr(   5 )=       0.000000   gamma_tr=       0.000000 meV  omega=    189.5435 meV   on_shell_Omega=    189.5435 meV  off_shell_Omega=    189.5435 meV
     lambda___(   6 )=       0.000000   gamma___=       0.000000 meV  omega=    199.0392 meV   on_shell_Omega=    199.0392 meV  off_shell_Omega=    199.0392 meV
     lambda_tr(   6 )=       0.000000   gamma_tr=       0.000000 meV  omega=    199.0392 meV   on_shell_Omega=    199.0392 meV  off_shell_Omega=    199.0392 meV
     lambda___( tot )=       0.000000
     lambda_tr( tot )=       0.000000
     -------------------------------------------------------------------


     Number of (k,k+q) pairs on the Fermi surface:      182 out of      324


     ismear =     1 iq =      22 coord.:   0.05556  0.16667  0.00000 wt:   0.00309 Temp:  300.000K
     -------------------------------------------------------------------
     lambda___(   1 )=       0.000000   gamma___=       0.000000 meV  omega=     12.1023 meV   on_shell_Omega=     12.1023 meV  off_shell_Omega=     12.1023 meV
     lambda_tr(   1 )=       0.000000   gamma_tr=       0.000000 meV  omega=     12.1023 meV   on_shell_Omega=     12.1023 meV  off_shell_Omega=     12.1023 meV
     lambda___(   2 )=       0.000000   gamma___=       0.000000 meV  omega=     50.5166 meV   on_shell_Omega=     50.5166 meV  off_shell_Omega=     50.5166 meV
     lambda_tr(   2 )=       0.000000   gamma_tr=       0.000000 meV  omega=     50.5166 meV   on_shell_Omega=     50.5166 meV  off_shell_Omega=     50.5166 meV
     lambda___(   3 )=       0.000000   gamma___=       0.000000 meV  omega=     79.4672 meV   on_shell_Omega=     79.4672 meV  off_shell_Omega=     79.4672 meV
     lambda_tr(   3 )=       0.000000   gamma_tr=       0.000000 meV  omega=     79.4672 meV   on_shell_Omega=     79.4672 meV  off_shell_Omega=     79.4672 meV
     lambda___(   4 )=       0.000000   gamma___=       0.000000 meV  omega=    104.4602 meV   on_shell_Omega=    104.4602 meV  off_shell_Omega=    104.4602 meV
     lambda_tr(   4 )=       0.000000   gamma_tr=       0.000000 meV  omega=    104.4602 meV   on_shell_Omega=    104.4602 meV  off_shell_Omega=    104.4602 meV
     lambda___(   5 )=       0.000000   gamma___=       0.000000 meV  omega=    185.9117 meV   on_shell_Omega=    185.9117 meV  off_shell_Omega=    185.9117 meV
     lambda_tr(   5 )=       0.000000   gamma_tr=       0.000000 meV  omega=    185.9117 meV   on_shell_Omega=    185.9117 meV  off_shell_Omega=    185.9117 meV
     lambda___(   6 )=       0.000000   gamma___=       0.000000 meV  omega=    199.3693 meV   on_shell_Omega=    199.3694 meV  off_shell_Omega=    199.3694 meV
     lambda_tr(   6 )=       0.000000   gamma_tr=       0.000000 meV  omega=    199.3693 meV   on_shell_Omega=    199.3694 meV  off_shell_Omega=    199.3694 meV
     lambda___( tot )=       0.000000
     lambda_tr( tot )=       0.000000
     -------------------------------------------------------------------


     Number of (k,k+q) pairs on the Fermi surface:      169 out of      324


     ismear =     1 iq =      23 coord.:   0.05556  0.22222  0.00000 wt:   0.00309 Temp:  300.000K
     -------------------------------------------------------------------
     lambda___(   1 )=       0.000000   gamma___=       0.000000 meV  omega=     19.5669 meV   on_shell_Omega=     19.5669 meV  off_shell_Omega=     19.5669 meV
     lambda_tr(   1 )=       0.000000   gamma_tr=       0.000000 meV  omega=     19.5669 meV   on_shell_Omega=     19.5669 meV  off_shell_Omega=     19.5669 meV
     lambda___(   2 )=       0.000000   gamma___=       0.000000 meV  omega=     60.9428 meV   on_shell_Omega=     60.9428 meV  off_shell_Omega=     60.9428 meV
     lambda_tr(   2 )=       0.000000   gamma_tr=       0.000000 meV  omega=     60.9428 meV   on_shell_Omega=     60.9428 meV  off_shell_Omega=     60.9428 meV
     lambda___(   3 )=       0.000000   gamma___=       0.000000 meV  omega=     98.5603 meV   on_shell_Omega=     98.5603 meV  off_shell_Omega=     98.5603 meV
     lambda_tr(   3 )=       0.000000   gamma_tr=       0.000000 meV  omega=     98.5603 meV   on_shell_Omega=     98.5603 meV  off_shell_Omega=     98.5603 meV
     lambda___(   4 )=       0.000000   gamma___=       0.000000 meV  omega=    101.5155 meV   on_shell_Omega=    101.5155 meV  off_shell_Omega=    101.5155 meV
     lambda_tr(   4 )=       0.000000   gamma_tr=       0.000000 meV  omega=    101.5155 meV   on_shell_Omega=    101.5155 meV  off_shell_Omega=    101.5155 meV
     lambda___(   5 )=       0.000000   gamma___=       0.000000 meV  omega=    182.0157 meV   on_shell_Omega=    182.0157 meV  off_shell_Omega=    182.0157 meV
     lambda_tr(   5 )=       0.000000   gamma_tr=       0.000000 meV  omega=    182.0157 meV   on_shell_Omega=    182.0157 meV  off_shell_Omega=    182.0157 meV
     lambda___(   6 )=       0.000000   gamma___=       0.000000 meV  omega=    197.3095 meV   on_shell_Omega=    197.3095 meV  off_shell_Omega=    197.3095 meV
     lambda_tr(   6 )=       0.000000   gamma_tr=       0.000000 meV  omega=    197.3095 meV   on_shell_Omega=    197.3095 meV  off_shell_Omega=    197.3095 meV
     lambda___( tot )=       0.000000
     lambda_tr( tot )=       0.000000
     -------------------------------------------------------------------


     Number of (k,k+q) pairs on the Fermi surface:      161 out of      324


     ismear =     1 iq =      24 coord.:   0.05556  0.27778  0.00000 wt:   0.00309 Temp:  300.000K
     -------------------------------------------------------------------
     lambda___(   1 )=       0.000000   gamma___=       0.000000 meV  omega=     28.5261 meV   on_shell_Omega=     28.5261 meV  off_shell_Omega=     28.5261 meV
     lambda_tr(   1 )=       0.000000   gamma_tr=       0.000000 meV  omega=     28.5261 meV   on_shell_Omega=     28.5261 meV  off_shell_Omega=     28.5261 meV
     lambda___(   2 )=       0.000000   gamma___=       0.000000 meV  omega=     68.7646 meV   on_shell_Omega=     68.7646 meV  off_shell_Omega=     68.7646 meV
     lambda_tr(   2 )=       0.000000   gamma_tr=       0.000000 meV  omega=     68.7646 meV   on_shell_Omega=     68.7646 meV  off_shell_Omega=     68.7646 meV
     lambda___(   3 )=       0.000000   gamma___=       0.000000 meV  omega=     97.3907 meV   on_shell_Omega=     97.3907 meV  off_shell_Omega=     97.3907 meV
     lambda_tr(   3 )=       0.000000   gamma_tr=       0.000000 meV  omega=     97.3907 meV   on_shell_Omega=     97.3907 meV  off_shell_Omega=     97.3907 meV
     lambda___(   4 )=       0.000000   gamma___=       0.000000 meV  omega=    116.2886 meV   on_shell_Omega=    116.2886 meV  off_shell_Omega=    116.2886 meV
     lambda_tr(   4 )=       0.000000   gamma_tr=       0.000000 meV  omega=    116.2886 meV   on_shell_Omega=    116.2886 meV  off_shell_Omega=    116.2886 meV
     lambda___(   5 )=       0.000000   gamma___=       0.000000 meV  omega=    178.9162 meV   on_shell_Omega=    178.9162 meV  off_shell_Omega=    178.9162 meV
     lambda_tr(   5 )=       0.000000   gamma_tr=       0.000000 meV  omega=    178.9162 meV   on_shell_Omega=    178.9162 meV  off_shell_Omega=    178.9162 meV
     lambda___(   6 )=       0.000000   gamma___=       0.000000 meV  omega=    193.2638 meV   on_shell_Omega=    193.2638 meV  off_shell_Omega=    193.2638 meV
     lambda_tr(   6 )=       0.000000   gamma_tr=       0.000000 meV  omega=    193.2638 meV   on_shell_Omega=    193.2638 meV  off_shell_Omega=    193.2638 meV
     lambda___( tot )=       0.000000
     lambda_tr( tot )=       0.000000
     -------------------------------------------------------------------


     Number of (k,k+q) pairs on the Fermi surface:      158 out of      324


     ismear =     1 iq =      25 coord.:   0.05556  0.33333  0.00000 wt:   0.00309 Temp:  300.000K
     -------------------------------------------------------------------
     lambda___(   1 )=       0.000000   gamma___=       0.000000 meV  omega=     38.5323 meV   on_shell_Omega=     38.5323 meV  off_shell_Omega=     38.5323 meV
     lambda_tr(   1 )=       0.000000   gamma_tr=       0.000000 meV  omega=     38.5323 meV   on_shell_Omega=     38.5323 meV  off_shell_Omega=     38.5323 meV
     lambda___(   2 )=       0.000000   gamma___=       0.000000 meV  omega=     74.3221 meV   on_shell_Omega=     74.3221 meV  off_shell_Omega=     74.3221 meV
     lambda_tr(   2 )=       0.000000   gamma_tr=       0.000000 meV  omega=     74.3221 meV   on_shell_Omega=     74.3221 meV  off_shell_Omega=     74.3221 meV
     lambda___(   3 )=       0.000000   gamma___=       0.000000 meV  omega=     91.8930 meV   on_shell_Omega=     91.8930 meV  off_shell_Omega=     91.8930 meV
     lambda_tr(   3 )=       0.000000   gamma_tr=       0.000000 meV  omega=     91.8930 meV   on_shell_Omega=     91.8930 meV  off_shell_Omega=     91.8930 meV
     lambda___(   4 )=       0.000000   gamma___=       0.000000 meV  omega=    132.5813 meV   on_shell_Omega=    132.5813 meV  off_shell_Omega=    132.5813 meV
     lambda_tr(   4 )=       0.000000   gamma_tr=       0.000000 meV  omega=    132.5813 meV   on_shell_Omega=    132.5813 meV  off_shell_Omega=    132.5813 meV
     lambda___(   5 )=       0.000000   gamma___=       0.000000 meV  omega=    176.6776 meV   on_shell_Omega=    176.6776 meV  off_shell_Omega=    176.6776 meV
     lambda_tr(   5 )=       0.000000   gamma_tr=       0.000000 meV  omega=    176.6776 meV   on_shell_Omega=    176.6776 meV  off_shell_Omega=    176.6776 meV
     lambda___(   6 )=       0.000000   gamma___=       0.000000 meV  omega=    187.5628 meV   on_shell_Omega=    187.5628 meV  off_shell_Omega=    187.5628 meV
     lambda_tr(   6 )=       0.000000   gamma_tr=       0.000000 meV  omega=    187.5628 meV   on_shell_Omega=    187.5628 meV  off_shell_Omega=    187.5628 meV
     lambda___( tot )=       0.000000
     lambda_tr( tot )=       0.000000
     -------------------------------------------------------------------


     Number of (k,k+q) pairs on the Fermi surface:      156 out of      324


     ismear =     1 iq =      26 coord.:   0.05556  0.38889  0.00000 wt:   0.00309 Temp:  300.000K
     -------------------------------------------------------------------
     lambda___(   1 )=       0.000000   gamma___=       0.000000 meV  omega=     48.6374 meV   on_shell_Omega=     48.6374 meV  off_shell_Omega=     48.6374 meV
     lambda_tr(   1 )=       0.000000   gamma_tr=       0.000000 meV  omega=     48.6374 meV   on_shell_Omega=     48.6374 meV  off_shell_Omega=     48.6374 meV
     lambda___(   2 )=       0.000000   gamma___=       0.000000 meV  omega=     78.2053 meV   on_shell_Omega=     78.2053 meV  off_shell_Omega=     78.2053 meV
     lambda_tr(   2 )=       0.000000   gamma_tr=       0.000000 meV  omega=     78.2053 meV   on_shell_Omega=     78.2053 meV  off_shell_Omega=     78.2053 meV
     lambda___(   3 )=       0.000000   gamma___=       0.000000 meV  omega=     85.2364 meV   on_shell_Omega=     85.2364 meV  off_shell_Omega=     85.2364 meV
     lambda_tr(   3 )=       0.000000   gamma_tr=       0.000000 meV  omega=     85.2364 meV   on_shell_Omega=     85.2364 meV  off_shell_Omega=     85.2364 meV
     lambda___(   4 )=       0.000000   gamma___=       0.000000 meV  omega=    147.2246 meV   on_shell_Omega=    147.2246 meV  off_shell_Omega=    147.2246 meV
     lambda_tr(   4 )=       0.000000   gamma_tr=       0.000000 meV  omega=    147.2246 meV   on_shell_Omega=    147.2246 meV  off_shell_Omega=    147.2246 meV
     lambda___(   5 )=       0.000000   gamma___=       0.000000 meV  omega=    174.8369 meV   on_shell_Omega=    174.8369 meV  off_shell_Omega=    174.8369 meV
     lambda_tr(   5 )=       0.000000   gamma_tr=       0.000000 meV  omega=    174.8369 meV   on_shell_Omega=    174.8369 meV  off_shell_Omega=    174.8369 meV
     lambda___(   6 )=       0.000000   gamma___=       0.000000 meV  omega=    180.2221 meV   on_shell_Omega=    180.2221 meV  off_shell_Omega=    180.2221 meV
     lambda_tr(   6 )=       0.000000   gamma_tr=       0.000000 meV  omega=    180.2221 meV   on_shell_Omega=    180.2221 meV  off_shell_Omega=    180.2221 meV
     lambda___( tot )=       0.000000
     lambda_tr( tot )=       0.000000
     -------------------------------------------------------------------


     Number of (k,k+q) pairs on the Fermi surface:      157 out of      324


     ismear =     1 iq =      27 coord.:   0.05556  0.44444  0.00000 wt:   0.00309 Temp:  300.000K
     -------------------------------------------------------------------
     lambda___(   1 )=       0.000000   gamma___=       0.000000 meV  omega=     56.6494 meV   on_shell_Omega=     56.6494 meV  off_shell_Omega=     56.6494 meV
     lambda_tr(   1 )=       0.000000   gamma_tr=       0.000000 meV  omega=     56.6494 meV   on_shell_Omega=     56.6494 meV  off_shell_Omega=     56.6494 meV
     lambda___(   2 )=       0.000000   gamma___=       0.000000 meV  omega=     79.0725 meV   on_shell_Omega=     79.0725 meV  off_shell_Omega=     79.0725 meV
     lambda_tr(   2 )=       0.000000   gamma_tr=       0.000000 meV  omega=     79.0725 meV   on_shell_Omega=     79.0725 meV  off_shell_Omega=     79.0725 meV
     lambda___(   3 )=       0.000000   gamma___=       0.000000 meV  omega=     80.3676 meV   on_shell_Omega=     80.3676 meV  off_shell_Omega=     80.3676 meV
     lambda_tr(   3 )=       0.000000   gamma_tr=       0.000000 meV  omega=     80.3676 meV   on_shell_Omega=     80.3676 meV  off_shell_Omega=     80.3676 meV
     lambda___(   4 )=       0.000000   gamma___=       0.000000 meV  omega=    159.9619 meV   on_shell_Omega=    159.9619 meV  off_shell_Omega=    159.9619 meV
     lambda_tr(   4 )=       0.000000   gamma_tr=       0.000000 meV  omega=    159.9619 meV   on_shell_Omega=    159.9619 meV  off_shell_Omega=    159.9619 meV
     lambda___(   5 )=       0.000000   gamma___=       0.000000 meV  omega=    170.9641 meV   on_shell_Omega=    170.9641 meV  off_shell_Omega=    170.9641 meV
     lambda_tr(   5 )=       0.000000   gamma_tr=       0.000000 meV  omega=    170.9641 meV   on_shell_Omega=    170.9641 meV  off_shell_Omega=    170.9641 meV
     lambda___(   6 )=       0.000000   gamma___=       0.000000 meV  omega=    173.8117 meV   on_shell_Omega=    173.8117 meV  off_shell_Omega=    173.8117 meV
     lambda_tr(   6 )=       0.000000   gamma_tr=       0.000000 meV  omega=    173.8117 meV   on_shell_Omega=    173.8117 meV  off_shell_Omega=    173.8117 meV
     lambda___( tot )=       0.000000
     lambda_tr( tot )=       0.000000
     -------------------------------------------------------------------


     Number of (k,k+q) pairs on the Fermi surface:      161 out of      324


     ismear =     1 iq =      28 coord.:   0.05556  0.50000  0.00000 wt:   0.00309 Temp:  300.000K
     -------------------------------------------------------------------
     lambda___(   1 )=       0.000000   gamma___=       0.000000 meV  omega=     56.6494 meV   on_shell_Omega=     56.6494 meV  off_shell_Omega=     56.6494 meV
     lambda_tr(   1 )=       0.000000   gamma_tr=       0.000000 meV  omega=     56.6494 meV   on_shell_Omega=     56.6494 meV  off_shell_Omega=     56.6494 meV
     lambda___(   2 )=       0.000000   gamma___=       0.000000 meV  omega=     79.0725 meV   on_shell_Omega=     79.0725 meV  off_shell_Omega=     79.0725 meV
     lambda_tr(   2 )=       0.000000   gamma_tr=       0.000000 meV  omega=     79.0725 meV   on_shell_Omega=     79.0725 meV  off_shell_Omega=     79.0725 meV
     lambda___(   3 )=       0.000000   gamma___=       0.000000 meV  omega=     80.3676 meV   on_shell_Omega=     80.3676 meV  off_shell_Omega=     80.3676 meV
     lambda_tr(   3 )=       0.000000   gamma_tr=       0.000000 meV  omega=     80.3676 meV   on_shell_Omega=     80.3676 meV  off_shell_Omega=     80.3676 meV
     lambda___(   4 )=       0.000000   gamma___=       0.000000 meV  omega=    159.9619 meV   on_shell_Omega=    159.9619 meV  off_shell_Omega=    159.9619 meV
     lambda_tr(   4 )=       0.000000   gamma_tr=       0.000000 meV  omega=    159.9619 meV   on_shell_Omega=    159.9619 meV  off_shell_Omega=    159.9619 meV
     lambda___(   5 )=       0.000000   gamma___=       0.000000 meV  omega=    170.9641 meV   on_shell_Omega=    170.9641 meV  off_shell_Omega=    170.9641 meV
     lambda_tr(   5 )=       0.000000   gamma_tr=       0.000000 meV  omega=    170.9641 meV   on_shell_Omega=    170.9641 meV  off_shell_Omega=    170.9641 meV
     lambda___(   6 )=       0.000000   gamma___=       0.000000 meV  omega=    173.8117 meV   on_shell_Omega=    173.8117 meV  off_shell_Omega=    173.8117 meV
     lambda_tr(   6 )=       0.000000   gamma_tr=       0.000000 meV  omega=    173.8117 meV   on_shell_Omega=    173.8117 meV  off_shell_Omega=    173.8117 meV
     lambda___( tot )=       0.000000
     lambda_tr( tot )=       0.000000
     -------------------------------------------------------------------


     Number of (k,k+q) pairs on the Fermi surface:      162 out of      324


     ismear =     1 iq =      29 coord.:   0.05556  0.55556  0.00000 wt:   0.00309 Temp:  300.000K
     -------------------------------------------------------------------
     lambda___(   1 )=       0.000000   gamma___=       0.000000 meV  omega=     48.6374 meV   on_shell_Omega=     48.6374 meV  off_shell_Omega=     48.6374 meV
     lambda_tr(   1 )=       0.000000   gamma_tr=       0.000000 meV  omega=     48.6374 meV   on_shell_Omega=     48.6374 meV  off_shell_Omega=     48.6374 meV
     lambda___(   2 )=       0.000000   gamma___=       0.000000 meV  omega=     78.2053 meV   on_shell_Omega=     78.2053 meV  off_shell_Omega=     78.2053 meV
     lambda_tr(   2 )=       0.000000   gamma_tr=       0.000000 meV  omega=     78.2053 meV   on_shell_Omega=     78.2053 meV  off_shell_Omega=     78.2053 meV
     lambda___(   3 )=       0.000000   gamma___=       0.000000 meV  omega=     85.2364 meV   on_shell_Omega=     85.2364 meV  off_shell_Omega=     85.2364 meV
     lambda_tr(   3 )=       0.000000   gamma_tr=       0.000000 meV  omega=     85.2364 meV   on_shell_Omega=     85.2364 meV  off_shell_Omega=     85.2364 meV
     lambda___(   4 )=       0.000000   gamma___=       0.000000 meV  omega=    147.2246 meV   on_shell_Omega=    147.2246 meV  off_shell_Omega=    147.2246 meV
     lambda_tr(   4 )=       0.000000   gamma_tr=       0.000000 meV  omega=    147.2246 meV   on_shell_Omega=    147.2246 meV  off_shell_Omega=    147.2246 meV
     lambda___(   5 )=       0.000000   gamma___=       0.000000 meV  omega=    174.8369 meV   on_shell_Omega=    174.8369 meV  off_shell_Omega=    174.8369 meV
     lambda_tr(   5 )=       0.000000   gamma_tr=       0.000000 meV  omega=    174.8369 meV   on_shell_Omega=    174.8369 meV  off_shell_Omega=    174.8369 meV
     lambda___(   6 )=       0.000000   gamma___=       0.000000 meV  omega=    180.2221 meV   on_shell_Omega=    180.2221 meV  off_shell_Omega=    180.2221 meV
     lambda_tr(   6 )=       0.000000   gamma_tr=       0.000000 meV  omega=    180.2221 meV   on_shell_Omega=    180.2221 meV  off_shell_Omega=    180.2221 meV
     lambda___( tot )=       0.000000
     lambda_tr( tot )=       0.000000
     -------------------------------------------------------------------


     Number of (k,k+q) pairs on the Fermi surface:      156 out of      324


     ismear =     1 iq =      30 coord.:   0.05556  0.61111  0.00000 wt:   0.00309 Temp:  300.000K
     -------------------------------------------------------------------
     lambda___(   1 )=       0.000000   gamma___=       0.000000 meV  omega=     38.5323 meV   on_shell_Omega=     38.5323 meV  off_shell_Omega=     38.5323 meV
     lambda_tr(   1 )=       0.000000   gamma_tr=       0.000000 meV  omega=     38.5323 meV   on_shell_Omega=     38.5323 meV  off_shell_Omega=     38.5323 meV
     lambda___(   2 )=       0.000000   gamma___=       0.000000 meV  omega=     74.3221 meV   on_shell_Omega=     74.3221 meV  off_shell_Omega=     74.3221 meV
     lambda_tr(   2 )=       0.000000   gamma_tr=       0.000000 meV  omega=     74.3221 meV   on_shell_Omega=     74.3221 meV  off_shell_Omega=     74.3221 meV
     lambda___(   3 )=       0.000000   gamma___=       0.000000 meV  omega=     91.8930 meV   on_shell_Omega=     91.8930 meV  off_shell_Omega=     91.8930 meV
     lambda_tr(   3 )=       0.000000   gamma_tr=       0.000000 meV  omega=     91.8930 meV   on_shell_Omega=     91.8930 meV  off_shell_Omega=     91.8930 meV
     lambda___(   4 )=       0.000000   gamma___=       0.000000 meV  omega=    132.5813 meV   on_shell_Omega=    132.5813 meV  off_shell_Omega=    132.5813 meV
     lambda_tr(   4 )=       0.000000   gamma_tr=       0.000000 meV  omega=    132.5813 meV   on_shell_Omega=    132.5813 meV  off_shell_Omega=    132.5813 meV
     lambda___(   5 )=       0.000000   gamma___=       0.000000 meV  omega=    176.6776 meV   on_shell_Omega=    176.6776 meV  off_shell_Omega=    176.6776 meV
     lambda_tr(   5 )=       0.000000   gamma_tr=       0.000000 meV  omega=    176.6776 meV   on_shell_Omega=    176.6776 meV  off_shell_Omega=    176.6776 meV
     lambda___(   6 )=       0.000000   gamma___=       0.000000 meV  omega=    187.5628 meV   on_shell_Omega=    187.5628 meV  off_shell_Omega=    187.5628 meV
     lambda_tr(   6 )=       0.000000   gamma_tr=       0.000000 meV  omega=    187.5628 meV   on_shell_Omega=    187.5628 meV  off_shell_Omega=    187.5628 meV
     lambda___( tot )=       0.000000
     lambda_tr( tot )=       0.000000
     -------------------------------------------------------------------


     Number of (k,k+q) pairs on the Fermi surface:      153 out of      324


     ismear =     1 iq =      31 coord.:   0.05556  0.66667  0.00000 wt:   0.00309 Temp:  300.000K
     -------------------------------------------------------------------
     lambda___(   1 )=       0.000000   gamma___=       0.000000 meV  omega=     28.5261 meV   on_shell_Omega=     28.5261 meV  off_shell_Omega=     28.5261 meV
     lambda_tr(   1 )=       0.000000   gamma_tr=       0.000000 meV  omega=     28.5261 meV   on_shell_Omega=     28.5261 meV  off_shell_Omega=     28.5261 meV
     lambda___(   2 )=       0.000000   gamma___=       0.000000 meV  omega=     68.7646 meV   on_shell_Omega=     68.7646 meV  off_shell_Omega=     68.7646 meV
     lambda_tr(   2 )=       0.000000   gamma_tr=       0.000000 meV  omega=     68.7646 meV   on_shell_Omega=     68.7646 meV  off_shell_Omega=     68.7646 meV
     lambda___(   3 )=       0.000000   gamma___=       0.000000 meV  omega=     97.3907 meV   on_shell_Omega=     97.3907 meV  off_shell_Omega=     97.3907 meV
     lambda_tr(   3 )=       0.000000   gamma_tr=       0.000000 meV  omega=     97.3907 meV   on_shell_Omega=     97.3907 meV  off_shell_Omega=     97.3907 meV
     lambda___(   4 )=       0.000000   gamma___=       0.000000 meV  omega=    116.2886 meV   on_shell_Omega=    116.2886 meV  off_shell_Omega=    116.2886 meV
     lambda_tr(   4 )=       0.000000   gamma_tr=       0.000000 meV  omega=    116.2886 meV   on_shell_Omega=    116.2886 meV  off_shell_Omega=    116.2886 meV
     lambda___(   5 )=       0.000000   gamma___=       0.000000 meV  omega=    178.9162 meV   on_shell_Omega=    178.9162 meV  off_shell_Omega=    178.9162 meV
     lambda_tr(   5 )=       0.000000   gamma_tr=       0.000000 meV  omega=    178.9162 meV   on_shell_Omega=    178.9162 meV  off_shell_Omega=    178.9162 meV
     lambda___(   6 )=       0.000000   gamma___=       0.000000 meV  omega=    193.2638 meV   on_shell_Omega=    193.2638 meV  off_shell_Omega=    193.2638 meV
     lambda_tr(   6 )=       0.000000   gamma_tr=       0.000000 meV  omega=    193.2638 meV   on_shell_Omega=    193.2638 meV  off_shell_Omega=    193.2638 meV
     lambda___( tot )=       0.000000
     lambda_tr( tot )=       0.000000
     -------------------------------------------------------------------


     Number of (k,k+q) pairs on the Fermi surface:      154 out of      324


     ismear =     1 iq =      32 coord.:   0.05556  0.72222  0.00000 wt:   0.00309 Temp:  300.000K
     -------------------------------------------------------------------
     lambda___(   1 )=       0.000000   gamma___=       0.000000 meV  omega=     19.5669 meV   on_shell_Omega=     19.5670 meV  off_shell_Omega=     19.5670 meV
     lambda_tr(   1 )=       0.000000   gamma_tr=       0.000000 meV  omega=     19.5669 meV   on_shell_Omega=     19.5670 meV  off_shell_Omega=     19.5670 meV
     lambda___(   2 )=       0.000000   gamma___=       0.000000 meV  omega=     60.9428 meV   on_shell_Omega=     60.9428 meV  off_shell_Omega=     60.9428 meV
     lambda_tr(   2 )=       0.000000   gamma_tr=       0.000000 meV  omega=     60.9428 meV   on_shell_Omega=     60.9428 meV  off_shell_Omega=     60.9428 meV
     lambda___(   3 )=       0.000000   gamma___=       0.000000 meV  omega=     98.5603 meV   on_shell_Omega=     98.5603 meV  off_shell_Omega=     98.5603 meV
     lambda_tr(   3 )=       0.000000   gamma_tr=       0.000000 meV  omega=     98.5603 meV   on_shell_Omega=     98.5603 meV  off_shell_Omega=     98.5603 meV
     lambda___(   4 )=       0.000000   gamma___=       0.000000 meV  omega=    101.5155 meV   on_shell_Omega=    101.5155 meV  off_shell_Omega=    101.5155 meV
     lambda_tr(   4 )=       0.000000   gamma_tr=       0.000000 meV  omega=    101.5155 meV   on_shell_Omega=    101.5155 meV  off_shell_Omega=    101.5155 meV
     lambda___(   5 )=       0.000000   gamma___=       0.000000 meV  omega=    182.0157 meV   on_shell_Omega=    182.0157 meV  off_shell_Omega=    182.0157 meV
     lambda_tr(   5 )=       0.000000   gamma_tr=       0.000000 meV  omega=    182.0157 meV   on_shell_Omega=    182.0157 meV  off_shell_Omega=    182.0157 meV
     lambda___(   6 )=       0.000000   gamma___=       0.000000 meV  omega=    197.3095 meV   on_shell_Omega=    197.3095 meV  off_shell_Omega=    197.3095 meV
     lambda_tr(   6 )=       0.000000   gamma_tr=       0.000000 meV  omega=    197.3095 meV   on_shell_Omega=    197.3095 meV  off_shell_Omega=    197.3095 meV
     lambda___( tot )=       0.000000
     lambda_tr( tot )=       0.000000
     -------------------------------------------------------------------


     Number of (k,k+q) pairs on the Fermi surface:      160 out of      324


     ismear =     1 iq =      33 coord.:   0.05556  0.77778  0.00000 wt:   0.00309 Temp:  300.000K
     -------------------------------------------------------------------
     lambda___(   1 )=       0.000000   gamma___=       0.000000 meV  omega=     12.1023 meV   on_shell_Omega=     12.1023 meV  off_shell_Omega=     12.1023 meV
     lambda_tr(   1 )=       0.000000   gamma_tr=       0.000000 meV  omega=     12.1023 meV   on_shell_Omega=     12.1023 meV  off_shell_Omega=     12.1023 meV
     lambda___(   2 )=       0.000000   gamma___=       0.000000 meV  omega=     50.5166 meV   on_shell_Omega=     50.5166 meV  off_shell_Omega=     50.5166 meV
     lambda_tr(   2 )=       0.000000   gamma_tr=       0.000000 meV  omega=     50.5166 meV   on_shell_Omega=     50.5166 meV  off_shell_Omega=     50.5166 meV
     lambda___(   3 )=       0.000000   gamma___=       0.000000 meV  omega=     79.4672 meV   on_shell_Omega=     79.4672 meV  off_shell_Omega=     79.4672 meV
     lambda_tr(   3 )=       0.000000   gamma_tr=       0.000000 meV  omega=     79.4672 meV   on_shell_Omega=     79.4672 meV  off_shell_Omega=     79.4672 meV
     lambda___(   4 )=       0.000000   gamma___=       0.000000 meV  omega=    104.4602 meV   on_shell_Omega=    104.4602 meV  off_shell_Omega=    104.4602 meV
     lambda_tr(   4 )=       0.000000   gamma_tr=       0.000000 meV  omega=    104.4602 meV   on_shell_Omega=    104.4602 meV  off_shell_Omega=    104.4602 meV
     lambda___(   5 )=       0.000000   gamma___=       0.000000 meV  omega=    185.9117 meV   on_shell_Omega=    185.9117 meV  off_shell_Omega=    185.9117 meV
     lambda_tr(   5 )=       0.000000   gamma_tr=       0.000000 meV  omega=    185.9117 meV   on_shell_Omega=    185.9117 meV  off_shell_Omega=    185.9117 meV
     lambda___(   6 )=       0.000000   gamma___=       0.000000 meV  omega=    199.3693 meV   on_shell_Omega=    199.3694 meV  off_shell_Omega=    199.3694 meV
     lambda_tr(   6 )=       0.000000   gamma_tr=       0.000000 meV  omega=    199.3693 meV   on_shell_Omega=    199.3694 meV  off_shell_Omega=    199.3694 meV
     lambda___( tot )=       0.000000
     lambda_tr( tot )=       0.000000
     -------------------------------------------------------------------


     Number of (k,k+q) pairs on the Fermi surface:      168 out of      324


     ismear =     1 iq =      34 coord.:   0.05556  0.83333  0.00000 wt:   0.00309 Temp:  300.000K
     -------------------------------------------------------------------
     lambda___(   1 )=       0.000000   gamma___=       0.000000 meV  omega=      6.2622 meV   on_shell_Omega=      6.2624 meV  off_shell_Omega=      6.2624 meV
     lambda_tr(   1 )=       0.000000   gamma_tr=       0.000000 meV  omega=      6.2622 meV   on_shell_Omega=      6.2624 meV  off_shell_Omega=      6.2624 meV
     lambda___(   2 )=       0.000000   gamma___=       0.000000 meV  omega=     38.1809 meV   on_shell_Omega=     38.1809 meV  off_shell_Omega=     38.1809 meV
     lambda_tr(   2 )=       0.000000   gamma_tr=       0.000000 meV  omega=     38.1809 meV   on_shell_Omega=     38.1809 meV  off_shell_Omega=     38.1809 meV
     lambda___(   3 )=       0.000000   gamma___=       0.000000 meV  omega=     59.3051 meV   on_shell_Omega=     59.3051 meV  off_shell_Omega=     59.3051 meV
     lambda_tr(   3 )=       0.000000   gamma_tr=       0.000000 meV  omega=     59.3051 meV   on_shell_Omega=     59.3051 meV  off_shell_Omega=     59.3051 meV
     lambda___(   4 )=       0.000000   gamma___=       0.000000 meV  omega=    106.4727 meV   on_shell_Omega=    106.4727 meV  off_shell_Omega=    106.4727 meV
     lambda_tr(   4 )=       0.000000   gamma_tr=       0.000000 meV  omega=    106.4727 meV   on_shell_Omega=    106.4727 meV  off_shell_Omega=    106.4727 meV
     lambda___(   5 )=       0.000000   gamma___=       0.000000 meV  omega=    189.5435 meV   on_shell_Omega=    189.5435 meV  off_shell_Omega=    189.5435 meV
     lambda_tr(   5 )=       0.000000   gamma_tr=       0.000000 meV  omega=    189.5435 meV   on_shell_Omega=    189.5435 meV  off_shell_Omega=    189.5435 meV
     lambda___(   6 )=       0.000000   gamma___=       0.000000 meV  omega=    199.0392 meV   on_shell_Omega=    199.0392 meV  off_shell_Omega=    199.0392 meV
     lambda_tr(   6 )=       0.000000   gamma_tr=       0.000000 meV  omega=    199.0392 meV   on_shell_Omega=    199.0392 meV  off_shell_Omega=    199.0392 meV
     lambda___( tot )=       0.000000
     lambda_tr( tot )=       0.000000
     -------------------------------------------------------------------


     Number of (k,k+q) pairs on the Fermi surface:      183 out of      324


     ismear =     1 iq =      35 coord.:   0.05556  0.88889  0.00000 wt:   0.00309 Temp:  300.000K
     -------------------------------------------------------------------
     lambda___(   1 )=       0.000000   gamma___=       0.000000 meV  omega=      2.2256 meV   on_shell_Omega=      2.2262 meV  off_shell_Omega=      2.2262 meV
     lambda_tr(   1 )=       0.000000   gamma_tr=       0.000000 meV  omega=      2.2256 meV   on_shell_Omega=      2.2262 meV  off_shell_Omega=      2.2262 meV
     lambda___(   2 )=       0.000000   gamma___=       0.000000 meV  omega=     25.5120 meV   on_shell_Omega=     25.5120 meV  off_shell_Omega=     25.5120 meV
     lambda_tr(   2 )=       0.000000   gamma_tr=       0.000000 meV  omega=     25.5120 meV   on_shell_Omega=     25.5120 meV  off_shell_Omega=     25.5120 meV
     lambda___(   3 )=       0.000000   gamma___=       0.000000 meV  omega=     39.3028 meV   on_shell_Omega=     39.3028 meV  off_shell_Omega=     39.3028 meV
     lambda_tr(   3 )=       0.000000   gamma_tr=       0.000000 meV  omega=     39.3028 meV   on_shell_Omega=     39.3028 meV  off_shell_Omega=     39.3028 meV
     lambda___(   4 )=       0.000000   gamma___=       0.000000 meV  omega=    107.7204 meV   on_shell_Omega=    107.7204 meV  off_shell_Omega=    107.7204 meV
     lambda_tr(   4 )=       0.000000   gamma_tr=       0.000000 meV  omega=    107.7204 meV   on_shell_Omega=    107.7204 meV  off_shell_Omega=    107.7204 meV
     lambda___(   5 )=       0.000000   gamma___=       0.000000 meV  omega=    191.8831 meV   on_shell_Omega=    191.8832 meV  off_shell_Omega=    191.8832 meV
     lambda_tr(   5 )=       0.000000   gamma_tr=       0.000000 meV  omega=    191.8831 meV   on_shell_Omega=    191.8832 meV  off_shell_Omega=    191.8832 meV
     lambda___(   6 )=       0.000000   gamma___=       0.000000 meV  omega=    196.8342 meV   on_shell_Omega=    196.8342 meV  off_shell_Omega=    196.8342 meV
     lambda_tr(   6 )=       0.000000   gamma_tr=       0.000000 meV  omega=    196.8342 meV   on_shell_Omega=    196.8342 meV  off_shell_Omega=    196.8342 meV
     lambda___( tot )=       0.000000
     lambda_tr( tot )=       0.000000
     -------------------------------------------------------------------


     Number of (k,k+q) pairs on the Fermi surface:      198 out of      324


     ismear =     1 iq =      36 coord.:   0.05556  0.94444  0.00000 wt:   0.00309 Temp:  300.000K
     -------------------------------------------------------------------
     lambda___(   1 )=       0.000000   gamma___=       0.000000 meV  omega=      0.9780 meV   on_shell_Omega=      0.9792 meV  off_shell_Omega=      0.9792 meV
     lambda_tr(   1 )=       0.000000   gamma_tr=       0.000000 meV  omega=      0.9780 meV   on_shell_Omega=      0.9792 meV  off_shell_Omega=      0.9792 meV
     lambda___(   2 )=       0.000000   gamma___=       0.000000 meV  omega=     15.0453 meV   on_shell_Omega=     15.0453 meV  off_shell_Omega=     15.0453 meV
     lambda_tr(   2 )=       0.000000   gamma_tr=       0.000000 meV  omega=     15.0453 meV   on_shell_Omega=     15.0453 meV  off_shell_Omega=     15.0453 meV
     lambda___(   3 )=       0.000000   gamma___=       0.000000 meV  omega=     23.6129 meV   on_shell_Omega=     23.6129 meV  off_shell_Omega=     23.6129 meV
     lambda_tr(   3 )=       0.000000   gamma_tr=       0.000000 meV  omega=     23.6129 meV   on_shell_Omega=     23.6129 meV  off_shell_Omega=     23.6129 meV
     lambda___(   4 )=       0.000000   gamma___=       0.000000 meV  omega=    108.3102 meV   on_shell_Omega=    108.3102 meV  off_shell_Omega=    108.3102 meV
     lambda_tr(   4 )=       0.000000   gamma_tr=       0.000000 meV  omega=    108.3102 meV   on_shell_Omega=    108.3102 meV  off_shell_Omega=    108.3102 meV
     lambda___(   5 )=       0.000000   gamma___=       0.000000 meV  omega=    192.8850 meV   on_shell_Omega=    192.8850 meV  off_shell_Omega=    192.8850 meV
     lambda_tr(   5 )=       0.000000   gamma_tr=       0.000000 meV  omega=    192.8850 meV   on_shell_Omega=    192.8850 meV  off_shell_Omega=    192.8850 meV
     lambda___(   6 )=       0.000000   gamma___=       0.000000 meV  omega=    194.6584 meV   on_shell_Omega=    194.6584 meV  off_shell_Omega=    194.6584 meV
     lambda_tr(   6 )=       0.000000   gamma_tr=       0.000000 meV  omega=    194.6584 meV   on_shell_Omega=    194.6584 meV  off_shell_Omega=    194.6584 meV
     lambda___( tot )=       0.000000
     lambda_tr( tot )=       0.000000
     -------------------------------------------------------------------


     Number of (k,k+q) pairs on the Fermi surface:      219 out of      324


     ismear =     1 iq =      37 coord.:   0.11111  0.00000  0.00000 wt:   0.00309 Temp:  300.000K
     -------------------------------------------------------------------
     lambda___(   1 )=       0.000000   gamma___=       0.000000 meV  omega=      3.6749 meV   on_shell_Omega=      3.6751 meV  off_shell_Omega=      3.6751 meV
     lambda_tr(   1 )=       0.000000   gamma_tr=       0.000000 meV  omega=      3.6749 meV   on_shell_Omega=      3.6751 meV  off_shell_Omega=      3.6751 meV
     lambda___(   2 )=       0.000000   gamma___=       0.000000 meV  omega=     29.1538 meV   on_shell_Omega=     29.1538 meV  off_shell_Omega=     29.1538 meV
     lambda_tr(   2 )=       0.000000   gamma_tr=       0.000000 meV  omega=     29.1538 meV   on_shell_Omega=     29.1538 meV  off_shell_Omega=     29.1538 meV
     lambda___(   3 )=       0.000000   gamma___=       0.000000 meV  omega=     46.3288 meV   on_shell_Omega=     46.3289 meV  off_shell_Omega=     46.3289 meV
     lambda_tr(   3 )=       0.000000   gamma_tr=       0.000000 meV  omega=     46.3288 meV   on_shell_Omega=     46.3289 meV  off_shell_Omega=     46.3289 meV
     lambda___(   4 )=       0.000000   gamma___=       0.000000 meV  omega=    107.4029 meV   on_shell_Omega=    107.4029 meV  off_shell_Omega=    107.4029 meV
     lambda_tr(   4 )=       0.000000   gamma_tr=       0.000000 meV  omega=    107.4029 meV   on_shell_Omega=    107.4029 meV  off_shell_Omega=    107.4029 meV
     lambda___(   5 )=       0.000000   gamma___=       0.000000 meV  omega=    191.2816 meV   on_shell_Omega=    191.2816 meV  off_shell_Omega=    191.2816 meV
     lambda_tr(   5 )=       0.000000   gamma_tr=       0.000000 meV  omega=    191.2816 meV   on_shell_Omega=    191.2816 meV  off_shell_Omega=    191.2816 meV
     lambda___(   6 )=       0.000000   gamma___=       0.000000 meV  omega=    197.4454 meV   on_shell_Omega=    197.4455 meV  off_shell_Omega=    197.4455 meV
     lambda_tr(   6 )=       0.000000   gamma_tr=       0.000000 meV  omega=    197.4454 meV   on_shell_Omega=    197.4455 meV  off_shell_Omega=    197.4455 meV
     lambda___( tot )=       0.000000
     lambda_tr( tot )=       0.000000
     -------------------------------------------------------------------


     Number of (k,k+q) pairs on the Fermi surface:      203 out of      324


     ismear =     1 iq =      38 coord.:   0.11111  0.05556  0.00000 wt:   0.00309 Temp:  300.000K
     -------------------------------------------------------------------
     lambda___(   1 )=       0.000000   gamma___=       0.000000 meV  omega=      6.1788 meV   on_shell_Omega=      6.1789 meV  off_shell_Omega=      6.1789 meV
     lambda_tr(   1 )=       0.000000   gamma_tr=       0.000000 meV  omega=      6.1788 meV   on_shell_Omega=      6.1789 meV  off_shell_Omega=      6.1789 meV
     lambda___(   2 )=       0.000000   gamma___=       0.000000 meV  omega=     38.3588 meV   on_shell_Omega=     38.3588 meV  off_shell_Omega=     38.3588 meV
     lambda_tr(   2 )=       0.000000   gamma_tr=       0.000000 meV  omega=     38.3588 meV   on_shell_Omega=     38.3588 meV  off_shell_Omega=     38.3588 meV
     lambda___(   3 )=       0.000000   gamma___=       0.000000 meV  omega=     59.1623 meV   on_shell_Omega=     59.1623 meV  off_shell_Omega=     59.1623 meV
     lambda_tr(   3 )=       0.000000   gamma_tr=       0.000000 meV  omega=     59.1623 meV   on_shell_Omega=     59.1623 meV  off_shell_Omega=     59.1623 meV
     lambda___(   4 )=       0.000000   gamma___=       0.000000 meV  omega=    106.4776 meV   on_shell_Omega=    106.4776 meV  off_shell_Omega=    106.4776 meV
     lambda_tr(   4 )=       0.000000   gamma_tr=       0.000000 meV  omega=    106.4776 meV   on_shell_Omega=    106.4776 meV  off_shell_Omega=    106.4776 meV
     lambda___(   5 )=       0.000000   gamma___=       0.000000 meV  omega=    189.5139 meV   on_shell_Omega=    189.5139 meV  off_shell_Omega=    189.5139 meV
     lambda_tr(   5 )=       0.000000   gamma_tr=       0.000000 meV  omega=    189.5139 meV   on_shell_Omega=    189.5139 meV  off_shell_Omega=    189.5139 meV
     lambda___(   6 )=       0.000000   gamma___=       0.000000 meV  omega=    199.0756 meV   on_shell_Omega=    199.0757 meV  off_shell_Omega=    199.0757 meV
     lambda_tr(   6 )=       0.000000   gamma_tr=       0.000000 meV  omega=    199.0756 meV   on_shell_Omega=    199.0757 meV  off_shell_Omega=    199.0757 meV
     lambda___( tot )=       0.000000
     lambda_tr( tot )=       0.000000
     -------------------------------------------------------------------


     Number of (k,k+q) pairs on the Fermi surface:      189 out of      324


     ismear =     1 iq =      39 coord.:   0.11111  0.11111  0.00000 wt:   0.00309 Temp:  300.000K
     -------------------------------------------------------------------
     lambda___(   1 )=       0.000000   gamma___=       0.000000 meV  omega=     11.0254 meV   on_shell_Omega=     11.0255 meV  off_shell_Omega=     11.0255 meV
     lambda_tr(   1 )=       0.000000   gamma_tr=       0.000000 meV  omega=     11.0254 meV   on_shell_Omega=     11.0255 meV  off_shell_Omega=     11.0255 meV
     lambda___(   2 )=       0.000000   gamma___=       0.000000 meV  omega=     50.4084 meV   on_shell_Omega=     50.4084 meV  off_shell_Omega=     50.4084 meV
     lambda_tr(   2 )=       0.000000   gamma_tr=       0.000000 meV  omega=     50.4084 meV   on_shell_Omega=     50.4084 meV  off_shell_Omega=     50.4084 meV
     lambda___(   3 )=       0.000000   gamma___=       0.000000 meV  omega=     75.1338 meV   on_shell_Omega=     75.1338 meV  off_shell_Omega=     75.1338 meV
     lambda_tr(   3 )=       0.000000   gamma_tr=       0.000000 meV  omega=     75.1338 meV   on_shell_Omega=     75.1338 meV  off_shell_Omega=     75.1338 meV
     lambda___(   4 )=       0.000000   gamma___=       0.000000 meV  omega=    104.8076 meV   on_shell_Omega=    104.8076 meV  off_shell_Omega=    104.8076 meV
     lambda_tr(   4 )=       0.000000   gamma_tr=       0.000000 meV  omega=    104.8076 meV   on_shell_Omega=    104.8076 meV  off_shell_Omega=    104.8076 meV
     lambda___(   5 )=       0.000000   gamma___=       0.000000 meV  omega=    186.3581 meV   on_shell_Omega=    186.3581 meV  off_shell_Omega=    186.3581 meV
     lambda_tr(   5 )=       0.000000   gamma_tr=       0.000000 meV  omega=    186.3581 meV   on_shell_Omega=    186.3581 meV  off_shell_Omega=    186.3581 meV
     lambda___(   6 )=       0.000000   gamma___=       0.000000 meV  omega=    199.4562 meV   on_shell_Omega=    199.4563 meV  off_shell_Omega=    199.4563 meV
     lambda_tr(   6 )=       0.000000   gamma_tr=       0.000000 meV  omega=    199.4562 meV   on_shell_Omega=    199.4563 meV  off_shell_Omega=    199.4563 meV
     lambda___( tot )=       0.000000
     lambda_tr( tot )=       0.000000
     -------------------------------------------------------------------


     Number of (k,k+q) pairs on the Fermi surface:      175 out of      324


     ismear =     1 iq =      40 coord.:   0.11111  0.16667  0.00000 wt:   0.00309 Temp:  300.000K
     -------------------------------------------------------------------
     lambda___(   1 )=       0.000000   gamma___=       0.000000 meV  omega=     17.5109 meV   on_shell_Omega=     17.5109 meV  off_shell_Omega=     17.5109 meV
     lambda_tr(   1 )=       0.000000   gamma_tr=       0.000000 meV  omega=     17.5109 meV   on_shell_Omega=     17.5109 meV  off_shell_Omega=     17.5109 meV
     lambda___(   2 )=       0.000000   gamma___=       0.000000 meV  omega=     62.2976 meV   on_shell_Omega=     62.2976 meV  off_shell_Omega=     62.2976 meV
     lambda_tr(   2 )=       0.000000   gamma_tr=       0.000000 meV  omega=     62.2976 meV   on_shell_Omega=     62.2976 meV  off_shell_Omega=     62.2976 meV
     lambda___(   3 )=       0.000000   gamma___=       0.000000 meV  omega=     91.8297 meV   on_shell_Omega=     91.8297 meV  off_shell_Omega=     91.8297 meV
     lambda_tr(   3 )=       0.000000   gamma_tr=       0.000000 meV  omega=     91.8297 meV   on_shell_Omega=     91.8297 meV  off_shell_Omega=     91.8297 meV
     lambda___(   4 )=       0.000000   gamma___=       0.000000 meV  omega=    102.2690 meV   on_shell_Omega=    102.2690 meV  off_shell_Omega=    102.2690 meV
     lambda_tr(   4 )=       0.000000   gamma_tr=       0.000000 meV  omega=    102.2690 meV   on_shell_Omega=    102.2690 meV  off_shell_Omega=    102.2690 meV
     lambda___(   5 )=       0.000000   gamma___=       0.000000 meV  omega=    182.4229 meV   on_shell_Omega=    182.4229 meV  off_shell_Omega=    182.4229 meV
     lambda_tr(   5 )=       0.000000   gamma_tr=       0.000000 meV  omega=    182.4229 meV   on_shell_Omega=    182.4229 meV  off_shell_Omega=    182.4229 meV
     lambda___(   6 )=       0.000000   gamma___=       0.000000 meV  omega=    197.6906 meV   on_shell_Omega=    197.6906 meV  off_shell_Omega=    197.6906 meV
     lambda_tr(   6 )=       0.000000   gamma_tr=       0.000000 meV  omega=    197.6906 meV   on_shell_Omega=    197.6906 meV  off_shell_Omega=    197.6906 meV
     lambda___( tot )=       0.000000
     lambda_tr( tot )=       0.000000
     -------------------------------------------------------------------


     Number of (k,k+q) pairs on the Fermi surface:      164 out of      324


     ismear =     1 iq =      41 coord.:   0.11111  0.22222  0.00000 wt:   0.00309 Temp:  300.000K
     -------------------------------------------------------------------
     lambda___(   1 )=       0.000000   gamma___=       0.000000 meV  omega=     25.3647 meV   on_shell_Omega=     25.3647 meV  off_shell_Omega=     25.3647 meV
     lambda_tr(   1 )=       0.000000   gamma_tr=       0.000000 meV  omega=     25.3647 meV   on_shell_Omega=     25.3647 meV  off_shell_Omega=     25.3647 meV
     lambda___(   2 )=       0.000000   gamma___=       0.000000 meV  omega=     72.0906 meV   on_shell_Omega=     72.0906 meV  off_shell_Omega=     72.0906 meV
     lambda_tr(   2 )=       0.000000   gamma_tr=       0.000000 meV  omega=     72.0906 meV   on_shell_Omega=     72.0906 meV  off_shell_Omega=     72.0906 meV
     lambda___(   3 )=       0.000000   gamma___=       0.000000 meV  omega=     98.6878 meV   on_shell_Omega=     98.6878 meV  off_shell_Omega=     98.6878 meV
     lambda_tr(   3 )=       0.000000   gamma_tr=       0.000000 meV  omega=     98.6878 meV   on_shell_Omega=     98.6878 meV  off_shell_Omega=     98.6878 meV
     lambda___(   4 )=       0.000000   gamma___=       0.000000 meV  omega=    108.2117 meV   on_shell_Omega=    108.2117 meV  off_shell_Omega=    108.2117 meV
     lambda_tr(   4 )=       0.000000   gamma_tr=       0.000000 meV  omega=    108.2117 meV   on_shell_Omega=    108.2117 meV  off_shell_Omega=    108.2117 meV
     lambda___(   5 )=       0.000000   gamma___=       0.000000 meV  omega=    178.9327 meV   on_shell_Omega=    178.9327 meV  off_shell_Omega=    178.9327 meV
     lambda_tr(   5 )=       0.000000   gamma_tr=       0.000000 meV  omega=    178.9327 meV   on_shell_Omega=    178.9327 meV  off_shell_Omega=    178.9327 meV
     lambda___(   6 )=       0.000000   gamma___=       0.000000 meV  omega=    194.0041 meV   on_shell_Omega=    194.0041 meV  off_shell_Omega=    194.0041 meV
     lambda_tr(   6 )=       0.000000   gamma_tr=       0.000000 meV  omega=    194.0041 meV   on_shell_Omega=    194.0041 meV  off_shell_Omega=    194.0041 meV
     lambda___( tot )=       0.000000
     lambda_tr( tot )=       0.000000
     -------------------------------------------------------------------


     Number of (k,k+q) pairs on the Fermi surface:      159 out of      324


     ismear =     1 iq =      42 coord.:   0.11111  0.27778  0.00000 wt:   0.00309 Temp:  300.000K
     -------------------------------------------------------------------
     lambda___(   1 )=       0.000000   gamma___=       0.000000 meV  omega=     34.4046 meV   on_shell_Omega=     34.4046 meV  off_shell_Omega=     34.4046 meV
     lambda_tr(   1 )=       0.000000   gamma_tr=       0.000000 meV  omega=     34.4046 meV   on_shell_Omega=     34.4046 meV  off_shell_Omega=     34.4046 meV
     lambda___(   2 )=       0.000000   gamma___=       0.000000 meV  omega=     79.2119 meV   on_shell_Omega=     79.2119 meV  off_shell_Omega=     79.2119 meV
     lambda_tr(   2 )=       0.000000   gamma_tr=       0.000000 meV  omega=     79.2119 meV   on_shell_Omega=     79.2119 meV  off_shell_Omega=     79.2119 meV
     lambda___(   3 )=       0.000000   gamma___=       0.000000 meV  omega=     93.8507 meV   on_shell_Omega=     93.8507 meV  off_shell_Omega=     93.8507 meV
     lambda_tr(   3 )=       0.000000   gamma_tr=       0.000000 meV  omega=     93.8507 meV   on_shell_Omega=     93.8507 meV  off_shell_Omega=     93.8507 meV
     lambda___(   4 )=       0.000000   gamma___=       0.000000 meV  omega=    123.9277 meV   on_shell_Omega=    123.9277 meV  off_shell_Omega=    123.9277 meV
     lambda_tr(   4 )=       0.000000   gamma_tr=       0.000000 meV  omega=    123.9277 meV   on_shell_Omega=    123.9277 meV  off_shell_Omega=    123.9277 meV
     lambda___(   5 )=       0.000000   gamma___=       0.000000 meV  omega=    176.4596 meV   on_shell_Omega=    176.4596 meV  off_shell_Omega=    176.4596 meV
     lambda_tr(   5 )=       0.000000   gamma_tr=       0.000000 meV  omega=    176.4596 meV   on_shell_Omega=    176.4596 meV  off_shell_Omega=    176.4596 meV
     lambda___(   6 )=       0.000000   gamma___=       0.000000 meV  omega=    188.8066 meV   on_shell_Omega=    188.8066 meV  off_shell_Omega=    188.8066 meV
     lambda_tr(   6 )=       0.000000   gamma_tr=       0.000000 meV  omega=    188.8066 meV   on_shell_Omega=    188.8066 meV  off_shell_Omega=    188.8066 meV
     lambda___( tot )=       0.000000
     lambda_tr( tot )=       0.000000
     -------------------------------------------------------------------


     Number of (k,k+q) pairs on the Fermi surface:      158 out of      324


     ismear =     1 iq =      43 coord.:   0.11111  0.33333  0.00000 wt:   0.00309 Temp:  300.000K
     -------------------------------------------------------------------
     lambda___(   1 )=       0.000000   gamma___=       0.000000 meV  omega=     44.1153 meV   on_shell_Omega=     44.1153 meV  off_shell_Omega=     44.1153 meV
     lambda_tr(   1 )=       0.000000   gamma_tr=       0.000000 meV  omega=     44.1153 meV   on_shell_Omega=     44.1153 meV  off_shell_Omega=     44.1153 meV
     lambda___(   2 )=       0.000000   gamma___=       0.000000 meV  omega=     84.1622 meV   on_shell_Omega=     84.1622 meV  off_shell_Omega=     84.1622 meV
     lambda_tr(   2 )=       0.000000   gamma_tr=       0.000000 meV  omega=     84.1622 meV   on_shell_Omega=     84.1622 meV  off_shell_Omega=     84.1622 meV
     lambda___(   3 )=       0.000000   gamma___=       0.000000 meV  omega=     87.7144 meV   on_shell_Omega=     87.7144 meV  off_shell_Omega=     87.7144 meV
     lambda_tr(   3 )=       0.000000   gamma_tr=       0.000000 meV  omega=     87.7144 meV   on_shell_Omega=     87.7144 meV  off_shell_Omega=     87.7144 meV
     lambda___(   4 )=       0.000000   gamma___=       0.000000 meV  omega=    138.6368 meV   on_shell_Omega=    138.6368 meV  off_shell_Omega=    138.6368 meV
     lambda_tr(   4 )=       0.000000   gamma_tr=       0.000000 meV  omega=    138.6368 meV   on_shell_Omega=    138.6368 meV  off_shell_Omega=    138.6368 meV
     lambda___(   5 )=       0.000000   gamma___=       0.000000 meV  omega=    174.5519 meV   on_shell_Omega=    174.5519 meV  off_shell_Omega=    174.5519 meV
     lambda_tr(   5 )=       0.000000   gamma_tr=       0.000000 meV  omega=    174.5519 meV   on_shell_Omega=    174.5519 meV  off_shell_Omega=    174.5519 meV
     lambda___(   6 )=       0.000000   gamma___=       0.000000 meV  omega=    182.1456 meV   on_shell_Omega=    182.1456 meV  off_shell_Omega=    182.1456 meV
     lambda_tr(   6 )=       0.000000   gamma_tr=       0.000000 meV  omega=    182.1456 meV   on_shell_Omega=    182.1456 meV  off_shell_Omega=    182.1456 meV
     lambda___( tot )=       0.000000
     lambda_tr( tot )=       0.000000
     -------------------------------------------------------------------


     Number of (k,k+q) pairs on the Fermi surface:      158 out of      324


     ismear =     1 iq =      44 coord.:   0.11111  0.38889  0.00000 wt:   0.00309 Temp:  300.000K
     -------------------------------------------------------------------
     lambda___(   1 )=       0.000000   gamma___=       0.000000 meV  omega=     53.2693 meV   on_shell_Omega=     53.2693 meV  off_shell_Omega=     53.2693 meV
     lambda_tr(   1 )=       0.000000   gamma_tr=       0.000000 meV  omega=     53.2693 meV   on_shell_Omega=     53.2693 meV  off_shell_Omega=     53.2693 meV
     lambda___(   2 )=       0.000000   gamma___=       0.000000 meV  omega=     80.9436 meV   on_shell_Omega=     80.9436 meV  off_shell_Omega=     80.9436 meV
     lambda_tr(   2 )=       0.000000   gamma_tr=       0.000000 meV  omega=     80.9436 meV   on_shell_Omega=     80.9436 meV  off_shell_Omega=     80.9436 meV
     lambda___(   3 )=       0.000000   gamma___=       0.000000 meV  omega=     87.3444 meV   on_shell_Omega=     87.3444 meV  off_shell_Omega=     87.3444 meV
     lambda_tr(   3 )=       0.000000   gamma_tr=       0.000000 meV  omega=     87.3444 meV   on_shell_Omega=     87.3444 meV  off_shell_Omega=     87.3444 meV
     lambda___(   4 )=       0.000000   gamma___=       0.000000 meV  omega=    151.8909 meV   on_shell_Omega=    151.8909 meV  off_shell_Omega=    151.8909 meV
     lambda_tr(   4 )=       0.000000   gamma_tr=       0.000000 meV  omega=    151.8909 meV   on_shell_Omega=    151.8909 meV  off_shell_Omega=    151.8909 meV
     lambda___(   5 )=       0.000000   gamma___=       0.000000 meV  omega=    172.5647 meV   on_shell_Omega=    172.5647 meV  off_shell_Omega=    172.5647 meV
     lambda_tr(   5 )=       0.000000   gamma_tr=       0.000000 meV  omega=    172.5647 meV   on_shell_Omega=    172.5647 meV  off_shell_Omega=    172.5647 meV
     lambda___(   6 )=       0.000000   gamma___=       0.000000 meV  omega=    174.2946 meV   on_shell_Omega=    174.2946 meV  off_shell_Omega=    174.2946 meV
     lambda_tr(   6 )=       0.000000   gamma_tr=       0.000000 meV  omega=    174.2946 meV   on_shell_Omega=    174.2946 meV  off_shell_Omega=    174.2946 meV
     lambda___( tot )=       0.000000
     lambda_tr( tot )=       0.000000
     -------------------------------------------------------------------


     Number of (k,k+q) pairs on the Fermi surface:      159 out of      324


     ismear =     1 iq =      45 coord.:   0.11111  0.44444  0.00000 wt:   0.00309 Temp:  300.000K
     -------------------------------------------------------------------
     lambda___(   1 )=       0.000000   gamma___=       0.000000 meV  omega=     58.0532 meV   on_shell_Omega=     58.0532 meV  off_shell_Omega=     58.0532 meV
     lambda_tr(   1 )=       0.000000   gamma_tr=       0.000000 meV  omega=     58.0532 meV   on_shell_Omega=     58.0532 meV  off_shell_Omega=     58.0532 meV
     lambda___(   2 )=       0.000000   gamma___=       0.000000 meV  omega=     76.9920 meV   on_shell_Omega=     76.9920 meV  off_shell_Omega=     76.9920 meV
     lambda_tr(   2 )=       0.000000   gamma_tr=       0.000000 meV  omega=     76.9920 meV   on_shell_Omega=     76.9920 meV  off_shell_Omega=     76.9920 meV
     lambda___(   3 )=       0.000000   gamma___=       0.000000 meV  omega=     88.4970 meV   on_shell_Omega=     88.4970 meV  off_shell_Omega=     88.4970 meV
     lambda_tr(   3 )=       0.000000   gamma_tr=       0.000000 meV  omega=     88.4970 meV   on_shell_Omega=     88.4970 meV  off_shell_Omega=     88.4970 meV
     lambda___(   4 )=       0.000000   gamma___=       0.000000 meV  omega=    162.1541 meV   on_shell_Omega=    162.1541 meV  off_shell_Omega=    162.1541 meV
     lambda_tr(   4 )=       0.000000   gamma_tr=       0.000000 meV  omega=    162.1541 meV   on_shell_Omega=    162.1541 meV  off_shell_Omega=    162.1541 meV
     lambda___(   5 )=       0.000000   gamma___=       0.000000 meV  omega=    165.0703 meV   on_shell_Omega=    165.0703 meV  off_shell_Omega=    165.0703 meV
     lambda_tr(   5 )=       0.000000   gamma_tr=       0.000000 meV  omega=    165.0703 meV   on_shell_Omega=    165.0703 meV  off_shell_Omega=    165.0703 meV
     lambda___(   6 )=       0.000000   gamma___=       0.000000 meV  omega=    172.5188 meV   on_shell_Omega=    172.5189 meV  off_shell_Omega=    172.5189 meV
     lambda_tr(   6 )=       0.000000   gamma_tr=       0.000000 meV  omega=    172.5188 meV   on_shell_Omega=    172.5189 meV  off_shell_Omega=    172.5189 meV
     lambda___( tot )=       0.000000
     lambda_tr( tot )=       0.000000
     -------------------------------------------------------------------


     Number of (k,k+q) pairs on the Fermi surface:      163 out of      324


     ismear =     1 iq =      46 coord.:   0.11111  0.50000  0.00000 wt:   0.00309 Temp:  300.000K
     -------------------------------------------------------------------
     lambda___(   1 )=       0.000000   gamma___=       0.000000 meV  omega=     53.2693 meV   on_shell_Omega=     53.2693 meV  off_shell_Omega=     53.2693 meV
     lambda_tr(   1 )=       0.000000   gamma_tr=       0.000000 meV  omega=     53.2693 meV   on_shell_Omega=     53.2693 meV  off_shell_Omega=     53.2693 meV
     lambda___(   2 )=       0.000000   gamma___=       0.000000 meV  omega=     80.9436 meV   on_shell_Omega=     80.9436 meV  off_shell_Omega=     80.9436 meV
     lambda_tr(   2 )=       0.000000   gamma_tr=       0.000000 meV  omega=     80.9436 meV   on_shell_Omega=     80.9436 meV  off_shell_Omega=     80.9436 meV
     lambda___(   3 )=       0.000000   gamma___=       0.000000 meV  omega=     87.3444 meV   on_shell_Omega=     87.3444 meV  off_shell_Omega=     87.3444 meV
     lambda_tr(   3 )=       0.000000   gamma_tr=       0.000000 meV  omega=     87.3444 meV   on_shell_Omega=     87.3444 meV  off_shell_Omega=     87.3444 meV
     lambda___(   4 )=       0.000000   gamma___=       0.000000 meV  omega=    151.8909 meV   on_shell_Omega=    151.8909 meV  off_shell_Omega=    151.8909 meV
     lambda_tr(   4 )=       0.000000   gamma_tr=       0.000000 meV  omega=    151.8909 meV   on_shell_Omega=    151.8909 meV  off_shell_Omega=    151.8909 meV
     lambda___(   5 )=       0.000000   gamma___=       0.000000 meV  omega=    172.5647 meV   on_shell_Omega=    172.5647 meV  off_shell_Omega=    172.5647 meV
     lambda_tr(   5 )=       0.000000   gamma_tr=       0.000000 meV  omega=    172.5647 meV   on_shell_Omega=    172.5647 meV  off_shell_Omega=    172.5647 meV
     lambda___(   6 )=       0.000000   gamma___=       0.000000 meV  omega=    174.2946 meV   on_shell_Omega=    174.2946 meV  off_shell_Omega=    174.2946 meV
     lambda_tr(   6 )=       0.000000   gamma_tr=       0.000000 meV  omega=    174.2946 meV   on_shell_Omega=    174.2946 meV  off_shell_Omega=    174.2946 meV
     lambda___( tot )=       0.000000
     lambda_tr( tot )=       0.000000
     -------------------------------------------------------------------


     Number of (k,k+q) pairs on the Fermi surface:      161 out of      324


     ismear =     1 iq =      47 coord.:   0.11111  0.55556  0.00000 wt:   0.00309 Temp:  300.000K
     -------------------------------------------------------------------
     lambda___(   1 )=       0.000000   gamma___=       0.000000 meV  omega=     44.1153 meV   on_shell_Omega=     44.1153 meV  off_shell_Omega=     44.1153 meV
     lambda_tr(   1 )=       0.000000   gamma_tr=       0.000000 meV  omega=     44.1153 meV   on_shell_Omega=     44.1153 meV  off_shell_Omega=     44.1153 meV
     lambda___(   2 )=       0.000000   gamma___=       0.000000 meV  omega=     84.1622 meV   on_shell_Omega=     84.1622 meV  off_shell_Omega=     84.1622 meV
     lambda_tr(   2 )=       0.000000   gamma_tr=       0.000000 meV  omega=     84.1622 meV   on_shell_Omega=     84.1622 meV  off_shell_Omega=     84.1622 meV
     lambda___(   3 )=       0.000000   gamma___=       0.000000 meV  omega=     87.7144 meV   on_shell_Omega=     87.7144 meV  off_shell_Omega=     87.7144 meV
     lambda_tr(   3 )=       0.000000   gamma_tr=       0.000000 meV  omega=     87.7144 meV   on_shell_Omega=     87.7144 meV  off_shell_Omega=     87.7144 meV
     lambda___(   4 )=       0.000000   gamma___=       0.000000 meV  omega=    138.6368 meV   on_shell_Omega=    138.6368 meV  off_shell_Omega=    138.6368 meV
     lambda_tr(   4 )=       0.000000   gamma_tr=       0.000000 meV  omega=    138.6368 meV   on_shell_Omega=    138.6368 meV  off_shell_Omega=    138.6368 meV
     lambda___(   5 )=       0.000000   gamma___=       0.000000 meV  omega=    174.5519 meV   on_shell_Omega=    174.5519 meV  off_shell_Omega=    174.5519 meV
     lambda_tr(   5 )=       0.000000   gamma_tr=       0.000000 meV  omega=    174.5519 meV   on_shell_Omega=    174.5519 meV  off_shell_Omega=    174.5519 meV
     lambda___(   6 )=       0.000000   gamma___=       0.000000 meV  omega=    182.1456 meV   on_shell_Omega=    182.1456 meV  off_shell_Omega=    182.1456 meV
     lambda_tr(   6 )=       0.000000   gamma_tr=       0.000000 meV  omega=    182.1456 meV   on_shell_Omega=    182.1456 meV  off_shell_Omega=    182.1456 meV
     lambda___( tot )=       0.000000
     lambda_tr( tot )=       0.000000
     -------------------------------------------------------------------


     Number of (k,k+q) pairs on the Fermi surface:      156 out of      324


     ismear =     1 iq =      48 coord.:   0.11111  0.61111  0.00000 wt:   0.00309 Temp:  300.000K
     -------------------------------------------------------------------
     lambda___(   1 )=       0.000000   gamma___=       0.000000 meV  omega=     34.4046 meV   on_shell_Omega=     34.4046 meV  off_shell_Omega=     34.4046 meV
     lambda_tr(   1 )=       0.000000   gamma_tr=       0.000000 meV  omega=     34.4046 meV   on_shell_Omega=     34.4046 meV  off_shell_Omega=     34.4046 meV
     lambda___(   2 )=       0.000000   gamma___=       0.000000 meV  omega=     79.2119 meV   on_shell_Omega=     79.2119 meV  off_shell_Omega=     79.2119 meV
     lambda_tr(   2 )=       0.000000   gamma_tr=       0.000000 meV  omega=     79.2119 meV   on_shell_Omega=     79.2119 meV  off_shell_Omega=     79.2119 meV
     lambda___(   3 )=       0.000000   gamma___=       0.000000 meV  omega=     93.8507 meV   on_shell_Omega=     93.8507 meV  off_shell_Omega=     93.8507 meV
     lambda_tr(   3 )=       0.000000   gamma_tr=       0.000000 meV  omega=     93.8507 meV   on_shell_Omega=     93.8507 meV  off_shell_Omega=     93.8507 meV
     lambda___(   4 )=       0.000000   gamma___=       0.000000 meV  omega=    123.9277 meV   on_shell_Omega=    123.9277 meV  off_shell_Omega=    123.9277 meV
     lambda_tr(   4 )=       0.000000   gamma_tr=       0.000000 meV  omega=    123.9277 meV   on_shell_Omega=    123.9277 meV  off_shell_Omega=    123.9277 meV
     lambda___(   5 )=       0.000000   gamma___=       0.000000 meV  omega=    176.4596 meV   on_shell_Omega=    176.4596 meV  off_shell_Omega=    176.4596 meV
     lambda_tr(   5 )=       0.000000   gamma_tr=       0.000000 meV  omega=    176.4596 meV   on_shell_Omega=    176.4596 meV  off_shell_Omega=    176.4596 meV
     lambda___(   6 )=       0.000000   gamma___=       0.000000 meV  omega=    188.8066 meV   on_shell_Omega=    188.8066 meV  off_shell_Omega=    188.8066 meV
     lambda_tr(   6 )=       0.000000   gamma_tr=       0.000000 meV  omega=    188.8066 meV   on_shell_Omega=    188.8066 meV  off_shell_Omega=    188.8066 meV
     lambda___( tot )=       0.000000
     lambda_tr( tot )=       0.000000
     -------------------------------------------------------------------


     Number of (k,k+q) pairs on the Fermi surface:      154 out of      324


     ismear =     1 iq =      49 coord.:   0.11111  0.66667  0.00000 wt:   0.00309 Temp:  300.000K
     -------------------------------------------------------------------
     lambda___(   1 )=       0.000000   gamma___=       0.000000 meV  omega=     25.3647 meV   on_shell_Omega=     25.3647 meV  off_shell_Omega=     25.3647 meV
     lambda_tr(   1 )=       0.000000   gamma_tr=       0.000000 meV  omega=     25.3647 meV   on_shell_Omega=     25.3647 meV  off_shell_Omega=     25.3647 meV
     lambda___(   2 )=       0.000000   gamma___=       0.000000 meV  omega=     72.0906 meV   on_shell_Omega=     72.0906 meV  off_shell_Omega=     72.0906 meV
     lambda_tr(   2 )=       0.000000   gamma_tr=       0.000000 meV  omega=     72.0906 meV   on_shell_Omega=     72.0906 meV  off_shell_Omega=     72.0906 meV
     lambda___(   3 )=       0.000000   gamma___=       0.000000 meV  omega=     98.6878 meV   on_shell_Omega=     98.6878 meV  off_shell_Omega=     98.6878 meV
     lambda_tr(   3 )=       0.000000   gamma_tr=       0.000000 meV  omega=     98.6878 meV   on_shell_Omega=     98.6878 meV  off_shell_Omega=     98.6878 meV
     lambda___(   4 )=       0.000000   gamma___=       0.000000 meV  omega=    108.2117 meV   on_shell_Omega=    108.2117 meV  off_shell_Omega=    108.2117 meV
     lambda_tr(   4 )=       0.000000   gamma_tr=       0.000000 meV  omega=    108.2117 meV   on_shell_Omega=    108.2117 meV  off_shell_Omega=    108.2117 meV
     lambda___(   5 )=       0.000000   gamma___=       0.000000 meV  omega=    178.9327 meV   on_shell_Omega=    178.9327 meV  off_shell_Omega=    178.9327 meV
     lambda_tr(   5 )=       0.000000   gamma_tr=       0.000000 meV  omega=    178.9327 meV   on_shell_Omega=    178.9327 meV  off_shell_Omega=    178.9327 meV
     lambda___(   6 )=       0.000000   gamma___=       0.000000 meV  omega=    194.0041 meV   on_shell_Omega=    194.0041 meV  off_shell_Omega=    194.0041 meV
     lambda_tr(   6 )=       0.000000   gamma_tr=       0.000000 meV  omega=    194.0041 meV   on_shell_Omega=    194.0041 meV  off_shell_Omega=    194.0041 meV
     lambda___( tot )=       0.000000
     lambda_tr( tot )=       0.000000
     -------------------------------------------------------------------


     Number of (k,k+q) pairs on the Fermi surface:      157 out of      324


     ismear =     1 iq =      50 coord.:   0.11111  0.72222  0.00000 wt:   0.00309 Temp:  300.000K
     -------------------------------------------------------------------
     lambda___(   1 )=       0.000000   gamma___=       0.000000 meV  omega=     17.5109 meV   on_shell_Omega=     17.5109 meV  off_shell_Omega=     17.5109 meV
     lambda_tr(   1 )=       0.000000   gamma_tr=       0.000000 meV  omega=     17.5109 meV   on_shell_Omega=     17.5109 meV  off_shell_Omega=     17.5109 meV
     lambda___(   2 )=       0.000000   gamma___=       0.000000 meV  omega=     62.2976 meV   on_shell_Omega=     62.2976 meV  off_shell_Omega=     62.2976 meV
     lambda_tr(   2 )=       0.000000   gamma_tr=       0.000000 meV  omega=     62.2976 meV   on_shell_Omega=     62.2976 meV  off_shell_Omega=     62.2976 meV
     lambda___(   3 )=       0.000000   gamma___=       0.000000 meV  omega=     91.8297 meV   on_shell_Omega=     91.8297 meV  off_shell_Omega=     91.8297 meV
     lambda_tr(   3 )=       0.000000   gamma_tr=       0.000000 meV  omega=     91.8297 meV   on_shell_Omega=     91.8297 meV  off_shell_Omega=     91.8297 meV
     lambda___(   4 )=       0.000000   gamma___=       0.000000 meV  omega=    102.2690 meV   on_shell_Omega=    102.2690 meV  off_shell_Omega=    102.2690 meV
     lambda_tr(   4 )=       0.000000   gamma_tr=       0.000000 meV  omega=    102.2690 meV   on_shell_Omega=    102.2690 meV  off_shell_Omega=    102.2690 meV
     lambda___(   5 )=       0.000000   gamma___=       0.000000 meV  omega=    182.4229 meV   on_shell_Omega=    182.4229 meV  off_shell_Omega=    182.4229 meV
     lambda_tr(   5 )=       0.000000   gamma_tr=       0.000000 meV  omega=    182.4229 meV   on_shell_Omega=    182.4229 meV  off_shell_Omega=    182.4229 meV
     lambda___(   6 )=       0.000000   gamma___=       0.000000 meV  omega=    197.6906 meV   on_shell_Omega=    197.6906 meV  off_shell_Omega=    197.6906 meV
     lambda_tr(   6 )=       0.000000   gamma_tr=       0.000000 meV  omega=    197.6906 meV   on_shell_Omega=    197.6906 meV  off_shell_Omega=    197.6906 meV
     lambda___( tot )=       0.000000
     lambda_tr( tot )=       0.000000
     -------------------------------------------------------------------


     Number of (k,k+q) pairs on the Fermi surface:      163 out of      324


     ismear =     1 iq =      51 coord.:   0.11111  0.77778  0.00000 wt:   0.00309 Temp:  300.000K
     -------------------------------------------------------------------
     lambda___(   1 )=       0.000000   gamma___=       0.000000 meV  omega=     11.0254 meV   on_shell_Omega=     11.0255 meV  off_shell_Omega=     11.0255 meV
     lambda_tr(   1 )=       0.000000   gamma_tr=       0.000000 meV  omega=     11.0254 meV   on_shell_Omega=     11.0255 meV  off_shell_Omega=     11.0255 meV
     lambda___(   2 )=       0.000000   gamma___=       0.000000 meV  omega=     50.4084 meV   on_shell_Omega=     50.4084 meV  off_shell_Omega=     50.4084 meV
     lambda_tr(   2 )=       0.000000   gamma_tr=       0.000000 meV  omega=     50.4084 meV   on_shell_Omega=     50.4084 meV  off_shell_Omega=     50.4084 meV
     lambda___(   3 )=       0.000000   gamma___=       0.000000 meV  omega=     75.1338 meV   on_shell_Omega=     75.1339 meV  off_shell_Omega=     75.1339 meV
     lambda_tr(   3 )=       0.000000   gamma_tr=       0.000000 meV  omega=     75.1338 meV   on_shell_Omega=     75.1339 meV  off_shell_Omega=     75.1339 meV
     lambda___(   4 )=       0.000000   gamma___=       0.000000 meV  omega=    104.8076 meV   on_shell_Omega=    104.8076 meV  off_shell_Omega=    104.8076 meV
     lambda_tr(   4 )=       0.000000   gamma_tr=       0.000000 meV  omega=    104.8076 meV   on_shell_Omega=    104.8076 meV  off_shell_Omega=    104.8076 meV
     lambda___(   5 )=       0.000000   gamma___=       0.000000 meV  omega=    186.3581 meV   on_shell_Omega=    186.3581 meV  off_shell_Omega=    186.3581 meV
     lambda_tr(   5 )=       0.000000   gamma_tr=       0.000000 meV  omega=    186.3581 meV   on_shell_Omega=    186.3581 meV  off_shell_Omega=    186.3581 meV
     lambda___(   6 )=       0.000000   gamma___=       0.000000 meV  omega=    199.4562 meV   on_shell_Omega=    199.4563 meV  off_shell_Omega=    199.4563 meV
     lambda_tr(   6 )=       0.000000   gamma_tr=       0.000000 meV  omega=    199.4562 meV   on_shell_Omega=    199.4563 meV  off_shell_Omega=    199.4563 meV
     lambda___( tot )=       0.000000
     lambda_tr( tot )=       0.000000
     -------------------------------------------------------------------


     Number of (k,k+q) pairs on the Fermi surface:      175 out of      324


     ismear =     1 iq =      52 coord.:   0.11111  0.83333  0.00000 wt:   0.00309 Temp:  300.000K
     -------------------------------------------------------------------
     lambda___(   1 )=       0.000000   gamma___=       0.000000 meV  omega=      6.1788 meV   on_shell_Omega=      6.1790 meV  off_shell_Omega=      6.1790 meV
     lambda_tr(   1 )=       0.000000   gamma_tr=       0.000000 meV  omega=      6.1788 meV   on_shell_Omega=      6.1790 meV  off_shell_Omega=      6.1790 meV
     lambda___(   2 )=       0.000000   gamma___=       0.000000 meV  omega=     38.3588 meV   on_shell_Omega=     38.3588 meV  off_shell_Omega=     38.3588 meV
     lambda_tr(   2 )=       0.000000   gamma_tr=       0.000000 meV  omega=     38.3588 meV   on_shell_Omega=     38.3588 meV  off_shell_Omega=     38.3588 meV
     lambda___(   3 )=       0.000000   gamma___=       0.000000 meV  omega=     59.1623 meV   on_shell_Omega=     59.1624 meV  off_shell_Omega=     59.1624 meV
     lambda_tr(   3 )=       0.000000   gamma_tr=       0.000000 meV  omega=     59.1623 meV   on_shell_Omega=     59.1624 meV  off_shell_Omega=     59.1624 meV
     lambda___(   4 )=       0.000000   gamma___=       0.000000 meV  omega=    106.4776 meV   on_shell_Omega=    106.4776 meV  off_shell_Omega=    106.4776 meV
     lambda_tr(   4 )=       0.000000   gamma_tr=       0.000000 meV  omega=    106.4776 meV   on_shell_Omega=    106.4776 meV  off_shell_Omega=    106.4776 meV
     lambda___(   5 )=       0.000000   gamma___=       0.000000 meV  omega=    189.5139 meV   on_shell_Omega=    189.5140 meV  off_shell_Omega=    189.5140 meV
     lambda_tr(   5 )=       0.000000   gamma_tr=       0.000000 meV  omega=    189.5139 meV   on_shell_Omega=    189.5140 meV  off_shell_Omega=    189.5140 meV
     lambda___(   6 )=       0.000000   gamma___=       0.000000 meV  omega=    199.0756 meV   on_shell_Omega=    199.0757 meV  off_shell_Omega=    199.0757 meV
     lambda_tr(   6 )=       0.000000   gamma_tr=       0.000000 meV  omega=    199.0756 meV   on_shell_Omega=    199.0757 meV  off_shell_Omega=    199.0757 meV
     lambda___( tot )=       0.000000
     lambda_tr( tot )=       0.000000
     -------------------------------------------------------------------


     Number of (k,k+q) pairs on the Fermi surface:      188 out of      324


     ismear =     1 iq =      53 coord.:   0.11111  0.88889  0.00000 wt:   0.00309 Temp:  300.000K
     -------------------------------------------------------------------
     lambda___(   1 )=       0.000000   gamma___=       0.000000 meV  omega=      3.6749 meV   on_shell_Omega=      3.6752 meV  off_shell_Omega=      3.6752 meV
     lambda_tr(   1 )=       0.000000   gamma_tr=       0.000000 meV  omega=      3.6749 meV   on_shell_Omega=      3.6752 meV  off_shell_Omega=      3.6752 meV
     lambda___(   2 )=       0.000000   gamma___=       0.000000 meV  omega=     29.1538 meV   on_shell_Omega=     29.1538 meV  off_shell_Omega=     29.1538 meV
     lambda_tr(   2 )=       0.000000   gamma_tr=       0.000000 meV  omega=     29.1538 meV   on_shell_Omega=     29.1538 meV  off_shell_Omega=     29.1538 meV
     lambda___(   3 )=       0.000000   gamma___=       0.000000 meV  omega=     46.3288 meV   on_shell_Omega=     46.3289 meV  off_shell_Omega=     46.3289 meV
     lambda_tr(   3 )=       0.000000   gamma_tr=       0.000000 meV  omega=     46.3288 meV   on_shell_Omega=     46.3289 meV  off_shell_Omega=     46.3289 meV
     lambda___(   4 )=       0.000000   gamma___=       0.000000 meV  omega=    107.4029 meV   on_shell_Omega=    107.4029 meV  off_shell_Omega=    107.4029 meV
     lambda_tr(   4 )=       0.000000   gamma_tr=       0.000000 meV  omega=    107.4029 meV   on_shell_Omega=    107.4029 meV  off_shell_Omega=    107.4029 meV
     lambda___(   5 )=       0.000000   gamma___=       0.000000 meV  omega=    191.2816 meV   on_shell_Omega=    191.2816 meV  off_shell_Omega=    191.2816 meV
     lambda_tr(   5 )=       0.000000   gamma_tr=       0.000000 meV  omega=    191.2816 meV   on_shell_Omega=    191.2816 meV  off_shell_Omega=    191.2816 meV
     lambda___(   6 )=       0.000000   gamma___=       0.000000 meV  omega=    197.4454 meV   on_shell_Omega=    197.4455 meV  off_shell_Omega=    197.4455 meV
     lambda_tr(   6 )=       0.000000   gamma_tr=       0.000000 meV  omega=    197.4454 meV   on_shell_Omega=    197.4455 meV  off_shell_Omega=    197.4455 meV
     lambda___( tot )=       0.000000
     lambda_tr( tot )=       0.000000
     -------------------------------------------------------------------


     Number of (k,k+q) pairs on the Fermi surface:      203 out of      324


     ismear =     1 iq =      54 coord.:   0.11111  0.94444  0.00000 wt:   0.00309 Temp:  300.000K
     -------------------------------------------------------------------
     lambda___(   1 )=       0.000000   gamma___=       0.000000 meV  omega=      3.2649 meV   on_shell_Omega=      3.2652 meV  off_shell_Omega=      3.2652 meV
     lambda_tr(   1 )=       0.000000   gamma_tr=       0.000000 meV  omega=      3.2649 meV   on_shell_Omega=      3.2652 meV  off_shell_Omega=      3.2652 meV
     lambda___(   2 )=       0.000000   gamma___=       0.000000 meV  omega=     25.8170 meV   on_shell_Omega=     25.8170 meV  off_shell_Omega=     25.8170 meV
     lambda_tr(   2 )=       0.000000   gamma_tr=       0.000000 meV  omega=     25.8170 meV   on_shell_Omega=     25.8170 meV  off_shell_Omega=     25.8170 meV
     lambda___(   3 )=       0.000000   gamma___=       0.000000 meV  omega=     40.9540 meV   on_shell_Omega=     40.9540 meV  off_shell_Omega=     40.9540 meV
     lambda_tr(   3 )=       0.000000   gamma_tr=       0.000000 meV  omega=     40.9540 meV   on_shell_Omega=     40.9540 meV  off_shell_Omega=     40.9540 meV
     lambda___(   4 )=       0.000000   gamma___=       0.000000 meV  omega=    107.6939 meV   on_shell_Omega=    107.6939 meV  off_shell_Omega=    107.6939 meV
     lambda_tr(   4 )=       0.000000   gamma_tr=       0.000000 meV  omega=    107.6939 meV   on_shell_Omega=    107.6939 meV  off_shell_Omega=    107.6939 meV
     lambda___(   5 )=       0.000000   gamma___=       0.000000 meV  omega=    191.8424 meV   on_shell_Omega=    191.8424 meV  off_shell_Omega=    191.8424 meV
     lambda_tr(   5 )=       0.000000   gamma_tr=       0.000000 meV  omega=    191.8424 meV   on_shell_Omega=    191.8424 meV  off_shell_Omega=    191.8424 meV
     lambda___(   6 )=       0.000000   gamma___=       0.000000 meV  omega=    196.4972 meV   on_shell_Omega=    196.4972 meV  off_shell_Omega=    196.4972 meV
     lambda_tr(   6 )=       0.000000   gamma_tr=       0.000000 meV  omega=    196.4972 meV   on_shell_Omega=    196.4972 meV  off_shell_Omega=    196.4972 meV
     lambda___( tot )=       0.000000
     lambda_tr( tot )=       0.000000
     -------------------------------------------------------------------


     Number of (k,k+q) pairs on the Fermi surface:      212 out of      324


     ismear =     1 iq =      55 coord.:   0.16667  0.00000  0.00000 wt:   0.00309 Temp:  300.000K
     -------------------------------------------------------------------
     lambda___(   1 )=       0.000000   gamma___=       0.000000 meV  omega=      8.3280 meV   on_shell_Omega=      8.3280 meV  off_shell_Omega=      8.3280 meV
     lambda_tr(   1 )=       0.000000   gamma_tr=       0.000000 meV  omega=      8.3280 meV   on_shell_Omega=      8.3280 meV  off_shell_Omega=      8.3280 meV
     lambda___(   2 )=       0.000000   gamma___=       0.000000 meV  omega=     41.7169 meV   on_shell_Omega=     41.7169 meV  off_shell_Omega=     41.7169 meV
     lambda_tr(   2 )=       0.000000   gamma_tr=       0.000000 meV  omega=     41.7169 meV   on_shell_Omega=     41.7169 meV  off_shell_Omega=     41.7169 meV
     lambda___(   3 )=       0.000000   gamma___=       0.000000 meV  omega=     67.8271 meV   on_shell_Omega=     67.8271 meV  off_shell_Omega=     67.8271 meV
     lambda_tr(   3 )=       0.000000   gamma_tr=       0.000000 meV  omega=     67.8271 meV   on_shell_Omega=     67.8271 meV  off_shell_Omega=     67.8271 meV
     lambda___(   4 )=       0.000000   gamma___=       0.000000 meV  omega=    105.8192 meV   on_shell_Omega=    105.8192 meV  off_shell_Omega=    105.8192 meV
     lambda_tr(   4 )=       0.000000   gamma_tr=       0.000000 meV  omega=    105.8192 meV   on_shell_Omega=    105.8192 meV  off_shell_Omega=    105.8192 meV
     lambda___(   5 )=       0.000000   gamma___=       0.000000 meV  omega=    188.4072 meV   on_shell_Omega=    188.4072 meV  off_shell_Omega=    188.4072 meV
     lambda_tr(   5 )=       0.000000   gamma_tr=       0.000000 meV  omega=    188.4072 meV   on_shell_Omega=    188.4072 meV  off_shell_Omega=    188.4072 meV
     lambda___(   6 )=       0.000000   gamma___=       0.000000 meV  omega=    199.4475 meV   on_shell_Omega=    199.4475 meV  off_shell_Omega=    199.4475 meV
     lambda_tr(   6 )=       0.000000   gamma_tr=       0.000000 meV  omega=    199.4475 meV   on_shell_Omega=    199.4475 meV  off_shell_Omega=    199.4475 meV
     lambda___( tot )=       0.000000
     lambda_tr( tot )=       0.000000
     -------------------------------------------------------------------


     Number of (k,k+q) pairs on the Fermi surface:      191 out of      324


     ismear =     1 iq =      56 coord.:   0.16667  0.05556  0.00000 wt:   0.00309 Temp:  300.000K
     -------------------------------------------------------------------
     lambda___(   1 )=       0.000000   gamma___=       0.000000 meV  omega=     12.0105 meV   on_shell_Omega=     12.0105 meV  off_shell_Omega=     12.0105 meV
     lambda_tr(   1 )=       0.000000   gamma_tr=       0.000000 meV  omega=     12.0105 meV   on_shell_Omega=     12.0105 meV  off_shell_Omega=     12.0105 meV
     lambda___(   2 )=       0.000000   gamma___=       0.000000 meV  omega=     50.0813 meV   on_shell_Omega=     50.0813 meV  off_shell_Omega=     50.0813 meV
     lambda_tr(   2 )=       0.000000   gamma_tr=       0.000000 meV  omega=     50.0813 meV   on_shell_Omega=     50.0813 meV  off_shell_Omega=     50.0813 meV
     lambda___(   3 )=       0.000000   gamma___=       0.000000 meV  omega=     79.1106 meV   on_shell_Omega=     79.1106 meV  off_shell_Omega=     79.1106 meV
     lambda_tr(   3 )=       0.000000   gamma_tr=       0.000000 meV  omega=     79.1106 meV   on_shell_Omega=     79.1106 meV  off_shell_Omega=     79.1106 meV
     lambda___(   4 )=       0.000000   gamma___=       0.000000 meV  omega=    104.4708 meV   on_shell_Omega=    104.4708 meV  off_shell_Omega=    104.4708 meV
     lambda_tr(   4 )=       0.000000   gamma_tr=       0.000000 meV  omega=    104.4708 meV   on_shell_Omega=    104.4708 meV  off_shell_Omega=    104.4708 meV
     lambda___(   5 )=       0.000000   gamma___=       0.000000 meV  omega=    186.0446 meV   on_shell_Omega=    186.0446 meV  off_shell_Omega=    186.0446 meV
     lambda_tr(   5 )=       0.000000   gamma_tr=       0.000000 meV  omega=    186.0446 meV   on_shell_Omega=    186.0446 meV  off_shell_Omega=    186.0446 meV
     lambda___(   6 )=       0.000000   gamma___=       0.000000 meV  omega=    199.4970 meV   on_shell_Omega=    199.4970 meV  off_shell_Omega=    199.4970 meV
     lambda_tr(   6 )=       0.000000   gamma_tr=       0.000000 meV  omega=    199.4970 meV   on_shell_Omega=    199.4970 meV  off_shell_Omega=    199.4970 meV
     lambda___( tot )=       0.000000
     lambda_tr( tot )=       0.000000
     -------------------------------------------------------------------


     Number of (k,k+q) pairs on the Fermi surface:      179 out of      324


     ismear =     1 iq =      57 coord.:   0.16667  0.11111  0.00000 wt:   0.00309 Temp:  300.000K
     -------------------------------------------------------------------
     lambda___(   1 )=       0.000000   gamma___=       0.000000 meV  omega=     17.5670 meV   on_shell_Omega=     17.5670 meV  off_shell_Omega=     17.5670 meV
     lambda_tr(   1 )=       0.000000   gamma_tr=       0.000000 meV  omega=     17.5670 meV   on_shell_Omega=     17.5670 meV  off_shell_Omega=     17.5670 meV
     lambda___(   2 )=       0.000000   gamma___=       0.000000 meV  omega=     62.0825 meV   on_shell_Omega=     62.0825 meV  off_shell_Omega=     62.0825 meV
     lambda_tr(   2 )=       0.000000   gamma_tr=       0.000000 meV  omega=     62.0825 meV   on_shell_Omega=     62.0825 meV  off_shell_Omega=     62.0825 meV
     lambda___(   3 )=       0.000000   gamma___=       0.000000 meV  omega=     91.7091 meV   on_shell_Omega=     91.7091 meV  off_shell_Omega=     91.7091 meV
     lambda_tr(   3 )=       0.000000   gamma_tr=       0.000000 meV  omega=     91.7091 meV   on_shell_Omega=     91.7091 meV  off_shell_Omega=     91.7091 meV
     lambda___(   4 )=       0.000000   gamma___=       0.000000 meV  omega=    102.2594 meV   on_shell_Omega=    102.2594 meV  off_shell_Omega=    102.2594 meV
     lambda_tr(   4 )=       0.000000   gamma_tr=       0.000000 meV  omega=    102.2594 meV   on_shell_Omega=    102.2594 meV  off_shell_Omega=    102.2594 meV
     lambda___(   5 )=       0.000000   gamma___=       0.000000 meV  omega=    182.5104 meV   on_shell_Omega=    182.5104 meV  off_shell_Omega=    182.5104 meV
     lambda_tr(   5 )=       0.000000   gamma_tr=       0.000000 meV  omega=    182.5104 meV   on_shell_Omega=    182.5104 meV  off_shell_Omega=    182.5104 meV
     lambda___(   6 )=       0.000000   gamma___=       0.000000 meV  omega=    197.7334 meV   on_shell_Omega=    197.7334 meV  off_shell_Omega=    197.7334 meV
     lambda_tr(   6 )=       0.000000   gamma_tr=       0.000000 meV  omega=    197.7334 meV   on_shell_Omega=    197.7334 meV  off_shell_Omega=    197.7334 meV
     lambda___( tot )=       0.000000
     lambda_tr( tot )=       0.000000
     -------------------------------------------------------------------


     Number of (k,k+q) pairs on the Fermi surface:      168 out of      324


     ismear =     1 iq =      58 coord.:   0.16667  0.16667  0.00000 wt:   0.00309 Temp:  300.000K
     -------------------------------------------------------------------
     lambda___(   1 )=       0.000000   gamma___=       0.000000 meV  omega=     24.3343 meV   on_shell_Omega=     24.3343 meV  off_shell_Omega=     24.3343 meV
     lambda_tr(   1 )=       0.000000   gamma_tr=       0.000000 meV  omega=     24.3343 meV   on_shell_Omega=     24.3343 meV  off_shell_Omega=     24.3343 meV
     lambda___(   2 )=       0.000000   gamma___=       0.000000 meV  omega=     74.3972 meV   on_shell_Omega=     74.3972 meV  off_shell_Omega=     74.3972 meV
     lambda_tr(   2 )=       0.000000   gamma_tr=       0.000000 meV  omega=     74.3972 meV   on_shell_Omega=     74.3972 meV  off_shell_Omega=     74.3972 meV
     lambda___(   3 )=       0.000000   gamma___=       0.000000 meV  omega=     99.0822 meV   on_shell_Omega=     99.0822 meV  off_shell_Omega=     99.0822 meV
     lambda_tr(   3 )=       0.000000   gamma_tr=       0.000000 meV  omega=     99.0822 meV   on_shell_Omega=     99.0822 meV  off_shell_Omega=     99.0822 meV
     lambda___(   4 )=       0.000000   gamma___=       0.000000 meV  omega=    104.4304 meV   on_shell_Omega=    104.4304 meV  off_shell_Omega=    104.4304 meV
     lambda_tr(   4 )=       0.000000   gamma_tr=       0.000000 meV  omega=    104.4304 meV   on_shell_Omega=    104.4304 meV  off_shell_Omega=    104.4304 meV
     lambda___(   5 )=       0.000000   gamma___=       0.000000 meV  omega=    178.8251 meV   on_shell_Omega=    178.8251 meV  off_shell_Omega=    178.8251 meV
     lambda_tr(   5 )=       0.000000   gamma_tr=       0.000000 meV  omega=    178.8251 meV   on_shell_Omega=    178.8251 meV  off_shell_Omega=    178.8251 meV
     lambda___(   6 )=       0.000000   gamma___=       0.000000 meV  omega=    194.1346 meV   on_shell_Omega=    194.1346 meV  off_shell_Omega=    194.1346 meV
     lambda_tr(   6 )=       0.000000   gamma_tr=       0.000000 meV  omega=    194.1346 meV   on_shell_Omega=    194.1346 meV  off_shell_Omega=    194.1346 meV
     lambda___( tot )=       0.000000
     lambda_tr( tot )=       0.000000
     -------------------------------------------------------------------


     Number of (k,k+q) pairs on the Fermi surface:      161 out of      324


     ismear =     1 iq =      59 coord.:   0.16667  0.22222  0.00000 wt:   0.00309 Temp:  300.000K
     -------------------------------------------------------------------
     lambda___(   1 )=       0.000000   gamma___=       0.000000 meV  omega=     32.0897 meV   on_shell_Omega=     32.0898 meV  off_shell_Omega=     32.0898 meV
     lambda_tr(   1 )=       0.000000   gamma_tr=       0.000000 meV  omega=     32.0897 meV   on_shell_Omega=     32.0898 meV  off_shell_Omega=     32.0898 meV
     lambda___(   2 )=       0.000000   gamma___=       0.000000 meV  omega=     84.5086 meV   on_shell_Omega=     84.5086 meV  off_shell_Omega=     84.5086 meV
     lambda_tr(   2 )=       0.000000   gamma_tr=       0.000000 meV  omega=     84.5086 meV   on_shell_Omega=     84.5086 meV  off_shell_Omega=     84.5086 meV
     lambda___(   3 )=       0.000000   gamma___=       0.000000 meV  omega=     94.7996 meV   on_shell_Omega=     94.7996 meV  off_shell_Omega=     94.7996 meV
     lambda_tr(   3 )=       0.000000   gamma_tr=       0.000000 meV  omega=     94.7996 meV   on_shell_Omega=     94.7996 meV  off_shell_Omega=     94.7996 meV
     lambda___(   4 )=       0.000000   gamma___=       0.000000 meV  omega=    117.2112 meV   on_shell_Omega=    117.2112 meV  off_shell_Omega=    117.2112 meV
     lambda_tr(   4 )=       0.000000   gamma_tr=       0.000000 meV  omega=    117.2112 meV   on_shell_Omega=    117.2112 meV  off_shell_Omega=    117.2112 meV
     lambda___(   5 )=       0.000000   gamma___=       0.000000 meV  omega=    175.9528 meV   on_shell_Omega=    175.9528 meV  off_shell_Omega=    175.9528 meV
     lambda_tr(   5 )=       0.000000   gamma_tr=       0.000000 meV  omega=    175.9528 meV   on_shell_Omega=    175.9528 meV  off_shell_Omega=    175.9528 meV
     lambda___(   6 )=       0.000000   gamma___=       0.000000 meV  omega=    189.1410 meV   on_shell_Omega=    189.1410 meV  off_shell_Omega=    189.1410 meV
     lambda_tr(   6 )=       0.000000   gamma_tr=       0.000000 meV  omega=    189.1410 meV   on_shell_Omega=    189.1410 meV  off_shell_Omega=    189.1410 meV
     lambda___( tot )=       0.000000
     lambda_tr( tot )=       0.000000
     -------------------------------------------------------------------


     Number of (k,k+q) pairs on the Fermi surface:      158 out of      324


     ismear =     1 iq =      60 coord.:   0.16667  0.27778  0.00000 wt:   0.00309 Temp:  300.000K
     -------------------------------------------------------------------
     lambda___(   1 )=       0.000000   gamma___=       0.000000 meV  omega=     40.7001 meV   on_shell_Omega=     40.7001 meV  off_shell_Omega=     40.7001 meV
     lambda_tr(   1 )=       0.000000   gamma_tr=       0.000000 meV  omega=     40.7001 meV   on_shell_Omega=     40.7001 meV  off_shell_Omega=     40.7001 meV
     lambda___(   2 )=       0.000000   gamma___=       0.000000 meV  omega=     89.2832 meV   on_shell_Omega=     89.2832 meV  off_shell_Omega=     89.2832 meV
     lambda_tr(   2 )=       0.000000   gamma_tr=       0.000000 meV  omega=     89.2832 meV   on_shell_Omega=     89.2832 meV  off_shell_Omega=     89.2832 meV
     lambda___(   3 )=       0.000000   gamma___=       0.000000 meV  omega=     91.6228 meV   on_shell_Omega=     91.6228 meV  off_shell_Omega=     91.6228 meV
     lambda_tr(   3 )=       0.000000   gamma_tr=       0.000000 meV  omega=     91.6228 meV   on_shell_Omega=     91.6228 meV  off_shell_Omega=     91.6228 meV
     lambda___(   4 )=       0.000000   gamma___=       0.000000 meV  omega=    130.2195 meV   on_shell_Omega=    130.2195 meV  off_shell_Omega=    130.2195 meV
     lambda_tr(   4 )=       0.000000   gamma_tr=       0.000000 meV  omega=    130.2195 meV   on_shell_Omega=    130.2195 meV  off_shell_Omega=    130.2195 meV
     lambda___(   5 )=       0.000000   gamma___=       0.000000 meV  omega=    173.7687 meV   on_shell_Omega=    173.7687 meV  off_shell_Omega=    173.7687 meV
     lambda_tr(   5 )=       0.000000   gamma_tr=       0.000000 meV  omega=    173.7687 meV   on_shell_Omega=    173.7687 meV  off_shell_Omega=    173.7687 meV
     lambda___(   6 )=       0.000000   gamma___=       0.000000 meV  omega=    182.8642 meV   on_shell_Omega=    182.8642 meV  off_shell_Omega=    182.8642 meV
     lambda_tr(   6 )=       0.000000   gamma_tr=       0.000000 meV  omega=    182.8642 meV   on_shell_Omega=    182.8642 meV  off_shell_Omega=    182.8642 meV
     lambda___( tot )=       0.000000
     lambda_tr( tot )=       0.000000
     -------------------------------------------------------------------


     Number of (k,k+q) pairs on the Fermi surface:      159 out of      324


     ismear =     1 iq =      61 coord.:   0.16667  0.33333  0.00000 wt:   0.00309 Temp:  300.000K
     -------------------------------------------------------------------
     lambda___(   1 )=       0.000000   gamma___=       0.000000 meV  omega=     49.6179 meV   on_shell_Omega=     49.6179 meV  off_shell_Omega=     49.6179 meV
     lambda_tr(   1 )=       0.000000   gamma_tr=       0.000000 meV  omega=     49.6179 meV   on_shell_Omega=     49.6179 meV  off_shell_Omega=     49.6179 meV
     lambda___(   2 )=       0.000000   gamma___=       0.000000 meV  omega=     82.7207 meV   on_shell_Omega=     82.7207 meV  off_shell_Omega=     82.7207 meV
     lambda_tr(   2 )=       0.000000   gamma_tr=       0.000000 meV  omega=     82.7207 meV   on_shell_Omega=     82.7207 meV  off_shell_Omega=     82.7207 meV
     lambda___(   3 )=       0.000000   gamma___=       0.000000 meV  omega=     96.2760 meV   on_shell_Omega=     96.2760 meV  off_shell_Omega=     96.2760 meV
     lambda_tr(   3 )=       0.000000   gamma_tr=       0.000000 meV  omega=     96.2760 meV   on_shell_Omega=     96.2760 meV  off_shell_Omega=     96.2760 meV
     lambda___(   4 )=       0.000000   gamma___=       0.000000 meV  omega=    142.9427 meV   on_shell_Omega=    142.9427 meV  off_shell_Omega=    142.9427 meV
     lambda_tr(   4 )=       0.000000   gamma_tr=       0.000000 meV  omega=    142.9427 meV   on_shell_Omega=    142.9427 meV  off_shell_Omega=    142.9427 meV
     lambda___(   5 )=       0.000000   gamma___=       0.000000 meV  omega=    171.6981 meV   on_shell_Omega=    171.6981 meV  off_shell_Omega=    171.6981 meV
     lambda_tr(   5 )=       0.000000   gamma_tr=       0.000000 meV  omega=    171.6981 meV   on_shell_Omega=    171.6981 meV  off_shell_Omega=    171.6981 meV
     lambda___(   6 )=       0.000000   gamma___=       0.000000 meV  omega=    175.1952 meV   on_shell_Omega=    175.1952 meV  off_shell_Omega=    175.1952 meV
     lambda_tr(   6 )=       0.000000   gamma_tr=       0.000000 meV  omega=    175.1952 meV   on_shell_Omega=    175.1952 meV  off_shell_Omega=    175.1952 meV
     lambda___( tot )=       0.000000
     lambda_tr( tot )=       0.000000
     -------------------------------------------------------------------


     Number of (k,k+q) pairs on the Fermi surface:      159 out of      324


     ismear =     1 iq =      62 coord.:   0.16667  0.38889  0.00000 wt:   0.00309 Temp:  300.000K
     -------------------------------------------------------------------
     lambda___(   1 )=       0.000000   gamma___=       0.000000 meV  omega=     57.0053 meV   on_shell_Omega=     57.0053 meV  off_shell_Omega=     57.0053 meV
     lambda_tr(   1 )=       0.000000   gamma_tr=       0.000000 meV  omega=     57.0053 meV   on_shell_Omega=     57.0053 meV  off_shell_Omega=     57.0053 meV
     lambda___(   2 )=       0.000000   gamma___=       0.000000 meV  omega=     76.6052 meV   on_shell_Omega=     76.6052 meV  off_shell_Omega=     76.6052 meV
     lambda_tr(   2 )=       0.000000   gamma_tr=       0.000000 meV  omega=     76.6052 meV   on_shell_Omega=     76.6052 meV  off_shell_Omega=     76.6052 meV
     lambda___(   3 )=       0.000000   gamma___=       0.000000 meV  omega=     98.7492 meV   on_shell_Omega=     98.7492 meV  off_shell_Omega=     98.7492 meV
     lambda_tr(   3 )=       0.000000   gamma_tr=       0.000000 meV  omega=     98.7492 meV   on_shell_Omega=     98.7492 meV  off_shell_Omega=     98.7492 meV
     lambda___(   4 )=       0.000000   gamma___=       0.000000 meV  omega=    154.5345 meV   on_shell_Omega=    154.5345 meV  off_shell_Omega=    154.5345 meV
     lambda_tr(   4 )=       0.000000   gamma_tr=       0.000000 meV  omega=    154.5345 meV   on_shell_Omega=    154.5345 meV  off_shell_Omega=    154.5345 meV
     lambda___(   5 )=       0.000000   gamma___=       0.000000 meV  omega=    166.0175 meV   on_shell_Omega=    166.0175 meV  off_shell_Omega=    166.0175 meV
     lambda_tr(   5 )=       0.000000   gamma_tr=       0.000000 meV  omega=    166.0175 meV   on_shell_Omega=    166.0175 meV  off_shell_Omega=    166.0175 meV
     lambda___(   6 )=       0.000000   gamma___=       0.000000 meV  omega=    170.3978 meV   on_shell_Omega=    170.3978 meV  off_shell_Omega=    170.3978 meV
     lambda_tr(   6 )=       0.000000   gamma_tr=       0.000000 meV  omega=    170.3978 meV   on_shell_Omega=    170.3978 meV  off_shell_Omega=    170.3978 meV
     lambda___( tot )=       0.000000
     lambda_tr( tot )=       0.000000
     -------------------------------------------------------------------


     Number of (k,k+q) pairs on the Fermi surface:      162 out of      324


     ismear =     1 iq =      63 coord.:   0.16667  0.44444  0.00000 wt:   0.00309 Temp:  300.000K
     -------------------------------------------------------------------
     lambda___(   1 )=       0.000000   gamma___=       0.000000 meV  omega=     57.0053 meV   on_shell_Omega=     57.0053 meV  off_shell_Omega=     57.0053 meV
     lambda_tr(   1 )=       0.000000   gamma_tr=       0.000000 meV  omega=     57.0053 meV   on_shell_Omega=     57.0053 meV  off_shell_Omega=     57.0053 meV
     lambda___(   2 )=       0.000000   gamma___=       0.000000 meV  omega=     76.6052 meV   on_shell_Omega=     76.6052 meV  off_shell_Omega=     76.6052 meV
     lambda_tr(   2 )=       0.000000   gamma_tr=       0.000000 meV  omega=     76.6052 meV   on_shell_Omega=     76.6052 meV  off_shell_Omega=     76.6052 meV
     lambda___(   3 )=       0.000000   gamma___=       0.000000 meV  omega=     98.7492 meV   on_shell_Omega=     98.7492 meV  off_shell_Omega=     98.7492 meV
     lambda_tr(   3 )=       0.000000   gamma_tr=       0.000000 meV  omega=     98.7492 meV   on_shell_Omega=     98.7492 meV  off_shell_Omega=     98.7492 meV
     lambda___(   4 )=       0.000000   gamma___=       0.000000 meV  omega=    154.5345 meV   on_shell_Omega=    154.5345 meV  off_shell_Omega=    154.5345 meV
     lambda_tr(   4 )=       0.000000   gamma_tr=       0.000000 meV  omega=    154.5345 meV   on_shell_Omega=    154.5345 meV  off_shell_Omega=    154.5345 meV
     lambda___(   5 )=       0.000000   gamma___=       0.000000 meV  omega=    166.0175 meV   on_shell_Omega=    166.0175 meV  off_shell_Omega=    166.0175 meV
     lambda_tr(   5 )=       0.000000   gamma_tr=       0.000000 meV  omega=    166.0175 meV   on_shell_Omega=    166.0175 meV  off_shell_Omega=    166.0175 meV
     lambda___(   6 )=       0.000000   gamma___=       0.000000 meV  omega=    170.3978 meV   on_shell_Omega=    170.3978 meV  off_shell_Omega=    170.3978 meV
     lambda_tr(   6 )=       0.000000   gamma_tr=       0.000000 meV  omega=    170.3978 meV   on_shell_Omega=    170.3978 meV  off_shell_Omega=    170.3978 meV
     lambda___( tot )=       0.000000
     lambda_tr( tot )=       0.000000
     -------------------------------------------------------------------


     Number of (k,k+q) pairs on the Fermi surface:      164 out of      324


     ismear =     1 iq =      64 coord.:   0.16667  0.50000  0.00000 wt:   0.00309 Temp:  300.000K
     -------------------------------------------------------------------
     lambda___(   1 )=       0.000000   gamma___=       0.000000 meV  omega=     49.6179 meV   on_shell_Omega=     49.6179 meV  off_shell_Omega=     49.6179 meV
     lambda_tr(   1 )=       0.000000   gamma_tr=       0.000000 meV  omega=     49.6179 meV   on_shell_Omega=     49.6179 meV  off_shell_Omega=     49.6179 meV
     lambda___(   2 )=       0.000000   gamma___=       0.000000 meV  omega=     82.7207 meV   on_shell_Omega=     82.7207 meV  off_shell_Omega=     82.7207 meV
     lambda_tr(   2 )=       0.000000   gamma_tr=       0.000000 meV  omega=     82.7207 meV   on_shell_Omega=     82.7207 meV  off_shell_Omega=     82.7207 meV
     lambda___(   3 )=       0.000000   gamma___=       0.000000 meV  omega=     96.2760 meV   on_shell_Omega=     96.2760 meV  off_shell_Omega=     96.2760 meV
     lambda_tr(   3 )=       0.000000   gamma_tr=       0.000000 meV  omega=     96.2760 meV   on_shell_Omega=     96.2760 meV  off_shell_Omega=     96.2760 meV
     lambda___(   4 )=       0.000000   gamma___=       0.000000 meV  omega=    142.9427 meV   on_shell_Omega=    142.9427 meV  off_shell_Omega=    142.9427 meV
     lambda_tr(   4 )=       0.000000   gamma_tr=       0.000000 meV  omega=    142.9427 meV   on_shell_Omega=    142.9427 meV  off_shell_Omega=    142.9427 meV
     lambda___(   5 )=       0.000000   gamma___=       0.000000 meV  omega=    171.6981 meV   on_shell_Omega=    171.6981 meV  off_shell_Omega=    171.6981 meV
     lambda_tr(   5 )=       0.000000   gamma_tr=       0.000000 meV  omega=    171.6981 meV   on_shell_Omega=    171.6981 meV  off_shell_Omega=    171.6981 meV
     lambda___(   6 )=       0.000000   gamma___=       0.000000 meV  omega=    175.1952 meV   on_shell_Omega=    175.1952 meV  off_shell_Omega=    175.1952 meV
     lambda_tr(   6 )=       0.000000   gamma_tr=       0.000000 meV  omega=    175.1952 meV   on_shell_Omega=    175.1952 meV  off_shell_Omega=    175.1952 meV
     lambda___( tot )=       0.000000
     lambda_tr( tot )=       0.000000
     -------------------------------------------------------------------


     Number of (k,k+q) pairs on the Fermi surface:      159 out of      324


     ismear =     1 iq =      65 coord.:   0.16667  0.55556  0.00000 wt:   0.00309 Temp:  300.000K
     -------------------------------------------------------------------
     lambda___(   1 )=       0.000000   gamma___=       0.000000 meV  omega=     40.7001 meV   on_shell_Omega=     40.7001 meV  off_shell_Omega=     40.7001 meV
     lambda_tr(   1 )=       0.000000   gamma_tr=       0.000000 meV  omega=     40.7001 meV   on_shell_Omega=     40.7001 meV  off_shell_Omega=     40.7001 meV
     lambda___(   2 )=       0.000000   gamma___=       0.000000 meV  omega=     89.2832 meV   on_shell_Omega=     89.2832 meV  off_shell_Omega=     89.2832 meV
     lambda_tr(   2 )=       0.000000   gamma_tr=       0.000000 meV  omega=     89.2832 meV   on_shell_Omega=     89.2832 meV  off_shell_Omega=     89.2832 meV
     lambda___(   3 )=       0.000000   gamma___=       0.000000 meV  omega=     91.6228 meV   on_shell_Omega=     91.6228 meV  off_shell_Omega=     91.6228 meV
     lambda_tr(   3 )=       0.000000   gamma_tr=       0.000000 meV  omega=     91.6228 meV   on_shell_Omega=     91.6228 meV  off_shell_Omega=     91.6228 meV
     lambda___(   4 )=       0.000000   gamma___=       0.000000 meV  omega=    130.2195 meV   on_shell_Omega=    130.2195 meV  off_shell_Omega=    130.2195 meV
     lambda_tr(   4 )=       0.000000   gamma_tr=       0.000000 meV  omega=    130.2195 meV   on_shell_Omega=    130.2195 meV  off_shell_Omega=    130.2195 meV
     lambda___(   5 )=       0.000000   gamma___=       0.000000 meV  omega=    173.7687 meV   on_shell_Omega=    173.7687 meV  off_shell_Omega=    173.7687 meV
     lambda_tr(   5 )=       0.000000   gamma_tr=       0.000000 meV  omega=    173.7687 meV   on_shell_Omega=    173.7687 meV  off_shell_Omega=    173.7687 meV
     lambda___(   6 )=       0.000000   gamma___=       0.000000 meV  omega=    182.8642 meV   on_shell_Omega=    182.8642 meV  off_shell_Omega=    182.8642 meV
     lambda_tr(   6 )=       0.000000   gamma_tr=       0.000000 meV  omega=    182.8642 meV   on_shell_Omega=    182.8642 meV  off_shell_Omega=    182.8642 meV
     lambda___( tot )=       0.000000
     lambda_tr( tot )=       0.000000
     -------------------------------------------------------------------


     Number of (k,k+q) pairs on the Fermi surface:      157 out of      324


     ismear =     1 iq =      66 coord.:   0.16667  0.61111  0.00000 wt:   0.00309 Temp:  300.000K
     -------------------------------------------------------------------
     lambda___(   1 )=       0.000000   gamma___=       0.000000 meV  omega=     32.0897 meV   on_shell_Omega=     32.0898 meV  off_shell_Omega=     32.0898 meV
     lambda_tr(   1 )=       0.000000   gamma_tr=       0.000000 meV  omega=     32.0897 meV   on_shell_Omega=     32.0898 meV  off_shell_Omega=     32.0898 meV
     lambda___(   2 )=       0.000000   gamma___=       0.000000 meV  omega=     84.5086 meV   on_shell_Omega=     84.5086 meV  off_shell_Omega=     84.5086 meV
     lambda_tr(   2 )=       0.000000   gamma_tr=       0.000000 meV  omega=     84.5086 meV   on_shell_Omega=     84.5086 meV  off_shell_Omega=     84.5086 meV
     lambda___(   3 )=       0.000000   gamma___=       0.000000 meV  omega=     94.7996 meV   on_shell_Omega=     94.7996 meV  off_shell_Omega=     94.7996 meV
     lambda_tr(   3 )=       0.000000   gamma_tr=       0.000000 meV  omega=     94.7996 meV   on_shell_Omega=     94.7996 meV  off_shell_Omega=     94.7996 meV
     lambda___(   4 )=       0.000000   gamma___=       0.000000 meV  omega=    117.2112 meV   on_shell_Omega=    117.2112 meV  off_shell_Omega=    117.2112 meV
     lambda_tr(   4 )=       0.000000   gamma_tr=       0.000000 meV  omega=    117.2112 meV   on_shell_Omega=    117.2112 meV  off_shell_Omega=    117.2112 meV
     lambda___(   5 )=       0.000000   gamma___=       0.000000 meV  omega=    175.9528 meV   on_shell_Omega=    175.9528 meV  off_shell_Omega=    175.9528 meV
     lambda_tr(   5 )=       0.000000   gamma_tr=       0.000000 meV  omega=    175.9528 meV   on_shell_Omega=    175.9528 meV  off_shell_Omega=    175.9528 meV
     lambda___(   6 )=       0.000000   gamma___=       0.000000 meV  omega=    189.1410 meV   on_shell_Omega=    189.1410 meV  off_shell_Omega=    189.1410 meV
     lambda_tr(   6 )=       0.000000   gamma_tr=       0.000000 meV  omega=    189.1410 meV   on_shell_Omega=    189.1410 meV  off_shell_Omega=    189.1410 meV
     lambda___( tot )=       0.000000
     lambda_tr( tot )=       0.000000
     -------------------------------------------------------------------


     Number of (k,k+q) pairs on the Fermi surface:      159 out of      324


     ismear =     1 iq =      67 coord.:   0.16667  0.66667  0.00000 wt:   0.00309 Temp:  300.000K
     -------------------------------------------------------------------
     lambda___(   1 )=       0.000000   gamma___=       0.000000 meV  omega=     24.3343 meV   on_shell_Omega=     24.3343 meV  off_shell_Omega=     24.3343 meV
     lambda_tr(   1 )=       0.000000   gamma_tr=       0.000000 meV  omega=     24.3343 meV   on_shell_Omega=     24.3343 meV  off_shell_Omega=     24.3343 meV
     lambda___(   2 )=       0.000000   gamma___=       0.000000 meV  omega=     74.3972 meV   on_shell_Omega=     74.3972 meV  off_shell_Omega=     74.3972 meV
     lambda_tr(   2 )=       0.000000   gamma_tr=       0.000000 meV  omega=     74.3972 meV   on_shell_Omega=     74.3972 meV  off_shell_Omega=     74.3972 meV
     lambda___(   3 )=       0.000000   gamma___=       0.000000 meV  omega=     99.0822 meV   on_shell_Omega=     99.0822 meV  off_shell_Omega=     99.0822 meV
     lambda_tr(   3 )=       0.000000   gamma_tr=       0.000000 meV  omega=     99.0822 meV   on_shell_Omega=     99.0822 meV  off_shell_Omega=     99.0822 meV
     lambda___(   4 )=       0.000000   gamma___=       0.000000 meV  omega=    104.4304 meV   on_shell_Omega=    104.4304 meV  off_shell_Omega=    104.4304 meV
     lambda_tr(   4 )=       0.000000   gamma_tr=       0.000000 meV  omega=    104.4304 meV   on_shell_Omega=    104.4304 meV  off_shell_Omega=    104.4304 meV
     lambda___(   5 )=       0.000000   gamma___=       0.000000 meV  omega=    178.8251 meV   on_shell_Omega=    178.8251 meV  off_shell_Omega=    178.8251 meV
     lambda_tr(   5 )=       0.000000   gamma_tr=       0.000000 meV  omega=    178.8251 meV   on_shell_Omega=    178.8251 meV  off_shell_Omega=    178.8251 meV
     lambda___(   6 )=       0.000000   gamma___=       0.000000 meV  omega=    194.1346 meV   on_shell_Omega=    194.1346 meV  off_shell_Omega=    194.1346 meV
     lambda_tr(   6 )=       0.000000   gamma_tr=       0.000000 meV  omega=    194.1346 meV   on_shell_Omega=    194.1346 meV  off_shell_Omega=    194.1346 meV
     lambda___( tot )=       0.000000
     lambda_tr( tot )=       0.000000
     -------------------------------------------------------------------


     Number of (k,k+q) pairs on the Fermi surface:      161 out of      324


     ismear =     1 iq =      68 coord.:   0.16667  0.72222  0.00000 wt:   0.00309 Temp:  300.000K
     -------------------------------------------------------------------
     lambda___(   1 )=       0.000000   gamma___=       0.000000 meV  omega=     17.5670 meV   on_shell_Omega=     17.5671 meV  off_shell_Omega=     17.5671 meV
     lambda_tr(   1 )=       0.000000   gamma_tr=       0.000000 meV  omega=     17.5670 meV   on_shell_Omega=     17.5671 meV  off_shell_Omega=     17.5671 meV
     lambda___(   2 )=       0.000000   gamma___=       0.000000 meV  omega=     62.0825 meV   on_shell_Omega=     62.0825 meV  off_shell_Omega=     62.0825 meV
     lambda_tr(   2 )=       0.000000   gamma_tr=       0.000000 meV  omega=     62.0825 meV   on_shell_Omega=     62.0825 meV  off_shell_Omega=     62.0825 meV
     lambda___(   3 )=       0.000000   gamma___=       0.000000 meV  omega=     91.7091 meV   on_shell_Omega=     91.7091 meV  off_shell_Omega=     91.7091 meV
     lambda_tr(   3 )=       0.000000   gamma_tr=       0.000000 meV  omega=     91.7091 meV   on_shell_Omega=     91.7091 meV  off_shell_Omega=     91.7091 meV
     lambda___(   4 )=       0.000000   gamma___=       0.000000 meV  omega=    102.2594 meV   on_shell_Omega=    102.2594 meV  off_shell_Omega=    102.2594 meV
     lambda_tr(   4 )=       0.000000   gamma_tr=       0.000000 meV  omega=    102.2594 meV   on_shell_Omega=    102.2594 meV  off_shell_Omega=    102.2594 meV
     lambda___(   5 )=       0.000000   gamma___=       0.000000 meV  omega=    182.5104 meV   on_shell_Omega=    182.5104 meV  off_shell_Omega=    182.5104 meV
     lambda_tr(   5 )=       0.000000   gamma_tr=       0.000000 meV  omega=    182.5104 meV   on_shell_Omega=    182.5104 meV  off_shell_Omega=    182.5104 meV
     lambda___(   6 )=       0.000000   gamma___=       0.000000 meV  omega=    197.7334 meV   on_shell_Omega=    197.7334 meV  off_shell_Omega=    197.7334 meV
     lambda_tr(   6 )=       0.000000   gamma_tr=       0.000000 meV  omega=    197.7334 meV   on_shell_Omega=    197.7334 meV  off_shell_Omega=    197.7334 meV
     lambda___( tot )=       0.000000
     lambda_tr( tot )=       0.000000
     -------------------------------------------------------------------


     Number of (k,k+q) pairs on the Fermi surface:      169 out of      324


     ismear =     1 iq =      69 coord.:   0.16667  0.77778  0.00000 wt:   0.00309 Temp:  300.000K
     -------------------------------------------------------------------
     lambda___(   1 )=       0.000000   gamma___=       0.000000 meV  omega=     12.0105 meV   on_shell_Omega=     12.0105 meV  off_shell_Omega=     12.0105 meV
     lambda_tr(   1 )=       0.000000   gamma_tr=       0.000000 meV  omega=     12.0105 meV   on_shell_Omega=     12.0105 meV  off_shell_Omega=     12.0105 meV
     lambda___(   2 )=       0.000000   gamma___=       0.000000 meV  omega=     50.0813 meV   on_shell_Omega=     50.0813 meV  off_shell_Omega=     50.0813 meV
     lambda_tr(   2 )=       0.000000   gamma_tr=       0.000000 meV  omega=     50.0813 meV   on_shell_Omega=     50.0813 meV  off_shell_Omega=     50.0813 meV
     lambda___(   3 )=       0.000000   gamma___=       0.000000 meV  omega=     79.1106 meV   on_shell_Omega=     79.1106 meV  off_shell_Omega=     79.1106 meV
     lambda_tr(   3 )=       0.000000   gamma_tr=       0.000000 meV  omega=     79.1106 meV   on_shell_Omega=     79.1106 meV  off_shell_Omega=     79.1106 meV
     lambda___(   4 )=       0.000000   gamma___=       0.000000 meV  omega=    104.4708 meV   on_shell_Omega=    104.4708 meV  off_shell_Omega=    104.4708 meV
     lambda_tr(   4 )=       0.000000   gamma_tr=       0.000000 meV  omega=    104.4708 meV   on_shell_Omega=    104.4708 meV  off_shell_Omega=    104.4708 meV
     lambda___(   5 )=       0.000000   gamma___=       0.000000 meV  omega=    186.0446 meV   on_shell_Omega=    186.0446 meV  off_shell_Omega=    186.0446 meV
     lambda_tr(   5 )=       0.000000   gamma_tr=       0.000000 meV  omega=    186.0446 meV   on_shell_Omega=    186.0446 meV  off_shell_Omega=    186.0446 meV
     lambda___(   6 )=       0.000000   gamma___=       0.000000 meV  omega=    199.4970 meV   on_shell_Omega=    199.4970 meV  off_shell_Omega=    199.4970 meV
     lambda_tr(   6 )=       0.000000   gamma_tr=       0.000000 meV  omega=    199.4970 meV   on_shell_Omega=    199.4970 meV  off_shell_Omega=    199.4970 meV
     lambda___( tot )=       0.000000
     lambda_tr( tot )=       0.000000
     -------------------------------------------------------------------


     Number of (k,k+q) pairs on the Fermi surface:      178 out of      324


     ismear =     1 iq =      70 coord.:   0.16667  0.83333  0.00000 wt:   0.00309 Temp:  300.000K
     -------------------------------------------------------------------
     lambda___(   1 )=       0.000000   gamma___=       0.000000 meV  omega=      8.3280 meV   on_shell_Omega=      8.3280 meV  off_shell_Omega=      8.3280 meV
     lambda_tr(   1 )=       0.000000   gamma_tr=       0.000000 meV  omega=      8.3280 meV   on_shell_Omega=      8.3280 meV  off_shell_Omega=      8.3280 meV
     lambda___(   2 )=       0.000000   gamma___=       0.000000 meV  omega=     41.7169 meV   on_shell_Omega=     41.7169 meV  off_shell_Omega=     41.7169 meV
     lambda_tr(   2 )=       0.000000   gamma_tr=       0.000000 meV  omega=     41.7169 meV   on_shell_Omega=     41.7169 meV  off_shell_Omega=     41.7169 meV
     lambda___(   3 )=       0.000000   gamma___=       0.000000 meV  omega=     67.8271 meV   on_shell_Omega=     67.8272 meV  off_shell_Omega=     67.8272 meV
     lambda_tr(   3 )=       0.000000   gamma_tr=       0.000000 meV  omega=     67.8271 meV   on_shell_Omega=     67.8272 meV  off_shell_Omega=     67.8272 meV
     lambda___(   4 )=       0.000000   gamma___=       0.000000 meV  omega=    105.8192 meV   on_shell_Omega=    105.8192 meV  off_shell_Omega=    105.8192 meV
     lambda_tr(   4 )=       0.000000   gamma_tr=       0.000000 meV  omega=    105.8192 meV   on_shell_Omega=    105.8192 meV  off_shell_Omega=    105.8192 meV
     lambda___(   5 )=       0.000000   gamma___=       0.000000 meV  omega=    188.4072 meV   on_shell_Omega=    188.4072 meV  off_shell_Omega=    188.4072 meV
     lambda_tr(   5 )=       0.000000   gamma_tr=       0.000000 meV  omega=    188.4072 meV   on_shell_Omega=    188.4072 meV  off_shell_Omega=    188.4072 meV
     lambda___(   6 )=       0.000000   gamma___=       0.000000 meV  omega=    199.4475 meV   on_shell_Omega=    199.4475 meV  off_shell_Omega=    199.4475 meV
     lambda_tr(   6 )=       0.000000   gamma_tr=       0.000000 meV  omega=    199.4475 meV   on_shell_Omega=    199.4475 meV  off_shell_Omega=    199.4475 meV
     lambda___( tot )=       0.000000
     lambda_tr( tot )=       0.000000
     -------------------------------------------------------------------


     Number of (k,k+q) pairs on the Fermi surface:      190 out of      324


     ismear =     1 iq =      71 coord.:   0.16667  0.88889  0.00000 wt:   0.00309 Temp:  300.000K
     -------------------------------------------------------------------
     lambda___(   1 )=       0.000000   gamma___=       0.000000 meV  omega=      6.9065 meV   on_shell_Omega=      6.9066 meV  off_shell_Omega=      6.9066 meV
     lambda_tr(   1 )=       0.000000   gamma_tr=       0.000000 meV  omega=      6.9065 meV   on_shell_Omega=      6.9066 meV  off_shell_Omega=      6.9066 meV
     lambda___(   2 )=       0.000000   gamma___=       0.000000 meV  omega=     38.7189 meV   on_shell_Omega=     38.7189 meV  off_shell_Omega=     38.7189 meV
     lambda_tr(   2 )=       0.000000   gamma_tr=       0.000000 meV  omega=     38.7189 meV   on_shell_Omega=     38.7189 meV  off_shell_Omega=     38.7189 meV
     lambda___(   3 )=       0.000000   gamma___=       0.000000 meV  omega=     60.3672 meV   on_shell_Omega=     60.3672 meV  off_shell_Omega=     60.3672 meV
     lambda_tr(   3 )=       0.000000   gamma_tr=       0.000000 meV  omega=     60.3672 meV   on_shell_Omega=     60.3672 meV  off_shell_Omega=     60.3672 meV
     lambda___(   4 )=       0.000000   gamma___=       0.000000 meV  omega=    106.4328 meV   on_shell_Omega=    106.4328 meV  off_shell_Omega=    106.4328 meV
     lambda_tr(   4 )=       0.000000   gamma_tr=       0.000000 meV  omega=    106.4328 meV   on_shell_Omega=    106.4328 meV  off_shell_Omega=    106.4328 meV
     lambda___(   5 )=       0.000000   gamma___=       0.000000 meV  omega=    189.4408 meV   on_shell_Omega=    189.4408 meV  off_shell_Omega=    189.4408 meV
     lambda_tr(   5 )=       0.000000   gamma_tr=       0.000000 meV  omega=    189.4408 meV   on_shell_Omega=    189.4408 meV  off_shell_Omega=    189.4408 meV
     lambda___(   6 )=       0.000000   gamma___=       0.000000 meV  omega=    198.7135 meV   on_shell_Omega=    198.7135 meV  off_shell_Omega=    198.7135 meV
     lambda_tr(   6 )=       0.000000   gamma_tr=       0.000000 meV  omega=    198.7135 meV   on_shell_Omega=    198.7135 meV  off_shell_Omega=    198.7135 meV
     lambda___( tot )=       0.000000
     lambda_tr( tot )=       0.000000
     -------------------------------------------------------------------


     Number of (k,k+q) pairs on the Fermi surface:      200 out of      324


     ismear =     1 iq =      72 coord.:   0.16667  0.94444  0.00000 wt:   0.00309 Temp:  300.000K
     -------------------------------------------------------------------
     lambda___(   1 )=       0.000000   gamma___=       0.000000 meV  omega=      6.9065 meV   on_shell_Omega=      6.9066 meV  off_shell_Omega=      6.9066 meV
     lambda_tr(   1 )=       0.000000   gamma_tr=       0.000000 meV  omega=      6.9065 meV   on_shell_Omega=      6.9066 meV  off_shell_Omega=      6.9066 meV
     lambda___(   2 )=       0.000000   gamma___=       0.000000 meV  omega=     38.7189 meV   on_shell_Omega=     38.7189 meV  off_shell_Omega=     38.7189 meV
     lambda_tr(   2 )=       0.000000   gamma_tr=       0.000000 meV  omega=     38.7189 meV   on_shell_Omega=     38.7189 meV  off_shell_Omega=     38.7189 meV
     lambda___(   3 )=       0.000000   gamma___=       0.000000 meV  omega=     60.3672 meV   on_shell_Omega=     60.3672 meV  off_shell_Omega=     60.3672 meV
     lambda_tr(   3 )=       0.000000   gamma_tr=       0.000000 meV  omega=     60.3672 meV   on_shell_Omega=     60.3672 meV  off_shell_Omega=     60.3672 meV
     lambda___(   4 )=       0.000000   gamma___=       0.000000 meV  omega=    106.4328 meV   on_shell_Omega=    106.4328 meV  off_shell_Omega=    106.4328 meV
     lambda_tr(   4 )=       0.000000   gamma_tr=       0.000000 meV  omega=    106.4328 meV   on_shell_Omega=    106.4328 meV  off_shell_Omega=    106.4328 meV
     lambda___(   5 )=       0.000000   gamma___=       0.000000 meV  omega=    189.4408 meV   on_shell_Omega=    189.4408 meV  off_shell_Omega=    189.4408 meV
     lambda_tr(   5 )=       0.000000   gamma_tr=       0.000000 meV  omega=    189.4408 meV   on_shell_Omega=    189.4408 meV  off_shell_Omega=    189.4408 meV
     lambda___(   6 )=       0.000000   gamma___=       0.000000 meV  omega=    198.7135 meV   on_shell_Omega=    198.7135 meV  off_shell_Omega=    198.7135 meV
     lambda_tr(   6 )=       0.000000   gamma_tr=       0.000000 meV  omega=    198.7135 meV   on_shell_Omega=    198.7135 meV  off_shell_Omega=    198.7135 meV
     lambda___( tot )=       0.000000
     lambda_tr( tot )=       0.000000
     -------------------------------------------------------------------


     Number of (k,k+q) pairs on the Fermi surface:      204 out of      324


     ismear =     1 iq =      73 coord.:   0.22222  0.00000  0.00000 wt:   0.00309 Temp:  300.000K
     -------------------------------------------------------------------
     lambda___(   1 )=       0.000000   gamma___=       0.000000 meV  omega=     14.9695 meV   on_shell_Omega=     14.9695 meV  off_shell_Omega=     14.9695 meV
     lambda_tr(   1 )=       0.000000   gamma_tr=       0.000000 meV  omega=     14.9695 meV   on_shell_Omega=     14.9695 meV  off_shell_Omega=     14.9695 meV
     lambda___(   2 )=       0.000000   gamma___=       0.000000 meV  omega=     52.5871 meV   on_shell_Omega=     52.5871 meV  off_shell_Omega=     52.5871 meV
     lambda_tr(   2 )=       0.000000   gamma_tr=       0.000000 meV  omega=     52.5871 meV   on_shell_Omega=     52.5871 meV  off_shell_Omega=     52.5871 meV
     lambda___(   3 )=       0.000000   gamma___=       0.000000 meV  omega=     88.1874 meV   on_shell_Omega=     88.1874 meV  off_shell_Omega=     88.1874 meV
     lambda_tr(   3 )=       0.000000   gamma_tr=       0.000000 meV  omega=     88.1874 meV   on_shell_Omega=     88.1874 meV  off_shell_Omega=     88.1874 meV
     lambda___(   4 )=       0.000000   gamma___=       0.000000 meV  omega=    103.4066 meV   on_shell_Omega=    103.4066 meV  off_shell_Omega=    103.4066 meV
     lambda_tr(   4 )=       0.000000   gamma_tr=       0.000000 meV  omega=    103.4066 meV   on_shell_Omega=    103.4066 meV  off_shell_Omega=    103.4066 meV
     lambda___(   5 )=       0.000000   gamma___=       0.000000 meV  omega=    184.7248 meV   on_shell_Omega=    184.7248 meV  off_shell_Omega=    184.7248 meV
     lambda_tr(   5 )=       0.000000   gamma_tr=       0.000000 meV  omega=    184.7248 meV   on_shell_Omega=    184.7248 meV  off_shell_Omega=    184.7248 meV
     lambda___(   6 )=       0.000000   gamma___=       0.000000 meV  omega=    199.0725 meV   on_shell_Omega=    199.0726 meV  off_shell_Omega=    199.0726 meV
     lambda_tr(   6 )=       0.000000   gamma_tr=       0.000000 meV  omega=    199.0725 meV   on_shell_Omega=    199.0726 meV  off_shell_Omega=    199.0726 meV
     lambda___( tot )=       0.000000
     lambda_tr( tot )=       0.000000
     -------------------------------------------------------------------


     Number of (k,k+q) pairs on the Fermi surface:      182 out of      324


     ismear =     1 iq =      74 coord.:   0.22222  0.05556  0.00000 wt:   0.00309 Temp:  300.000K
     -------------------------------------------------------------------
     lambda___(   1 )=       0.000000   gamma___=       0.000000 meV  omega=     19.6520 meV   on_shell_Omega=     19.6520 meV  off_shell_Omega=     19.6520 meV
     lambda_tr(   1 )=       0.000000   gamma_tr=       0.000000 meV  omega=     19.6520 meV   on_shell_Omega=     19.6520 meV  off_shell_Omega=     19.6520 meV
     lambda___(   2 )=       0.000000   gamma___=       0.000000 meV  omega=     60.2879 meV   on_shell_Omega=     60.2879 meV  off_shell_Omega=     60.2879 meV
     lambda_tr(   2 )=       0.000000   gamma_tr=       0.000000 meV  omega=     60.2879 meV   on_shell_Omega=     60.2879 meV  off_shell_Omega=     60.2879 meV
     lambda___(   3 )=       0.000000   gamma___=       0.000000 meV  omega=     98.3670 meV   on_shell_Omega=     98.3670 meV  off_shell_Omega=     98.3670 meV
     lambda_tr(   3 )=       0.000000   gamma_tr=       0.000000 meV  omega=     98.3670 meV   on_shell_Omega=     98.3670 meV  off_shell_Omega=     98.3670 meV
     lambda___(   4 )=       0.000000   gamma___=       0.000000 meV  omega=    101.4990 meV   on_shell_Omega=    101.4990 meV  off_shell_Omega=    101.4990 meV
     lambda_tr(   4 )=       0.000000   gamma_tr=       0.000000 meV  omega=    101.4990 meV   on_shell_Omega=    101.4990 meV  off_shell_Omega=    101.4990 meV
     lambda___(   5 )=       0.000000   gamma___=       0.000000 meV  omega=    182.2466 meV   on_shell_Omega=    182.2466 meV  off_shell_Omega=    182.2466 meV
     lambda_tr(   5 )=       0.000000   gamma_tr=       0.000000 meV  omega=    182.2466 meV   on_shell_Omega=    182.2466 meV  off_shell_Omega=    182.2466 meV
     lambda___(   6 )=       0.000000   gamma___=       0.000000 meV  omega=    197.3939 meV   on_shell_Omega=    197.3939 meV  off_shell_Omega=    197.3939 meV
     lambda_tr(   6 )=       0.000000   gamma_tr=       0.000000 meV  omega=    197.3939 meV   on_shell_Omega=    197.3939 meV  off_shell_Omega=    197.3939 meV
     lambda___( tot )=       0.000000
     lambda_tr( tot )=       0.000000
     -------------------------------------------------------------------


     Number of (k,k+q) pairs on the Fermi surface:      170 out of      324


     ismear =     1 iq =      75 coord.:   0.22222  0.11111  0.00000 wt:   0.00309 Temp:  300.000K
     -------------------------------------------------------------------
     lambda___(   1 )=       0.000000   gamma___=       0.000000 meV  omega=     25.6008 meV   on_shell_Omega=     25.6008 meV  off_shell_Omega=     25.6008 meV
     lambda_tr(   1 )=       0.000000   gamma_tr=       0.000000 meV  omega=     25.6008 meV   on_shell_Omega=     25.6008 meV  off_shell_Omega=     25.6008 meV
     lambda___(   2 )=       0.000000   gamma___=       0.000000 meV  omega=     71.9880 meV   on_shell_Omega=     71.9880 meV  off_shell_Omega=     71.9880 meV
     lambda_tr(   2 )=       0.000000   gamma_tr=       0.000000 meV  omega=     71.9880 meV   on_shell_Omega=     71.9880 meV  off_shell_Omega=     71.9880 meV
     lambda___(   3 )=       0.000000   gamma___=       0.000000 meV  omega=     98.6268 meV   on_shell_Omega=     98.6268 meV  off_shell_Omega=     98.6268 meV
     lambda_tr(   3 )=       0.000000   gamma_tr=       0.000000 meV  omega=     98.6268 meV   on_shell_Omega=     98.6268 meV  off_shell_Omega=     98.6268 meV
     lambda___(   4 )=       0.000000   gamma___=       0.000000 meV  omega=    108.3211 meV   on_shell_Omega=    108.3211 meV  off_shell_Omega=    108.3211 meV
     lambda_tr(   4 )=       0.000000   gamma_tr=       0.000000 meV  omega=    108.3211 meV   on_shell_Omega=    108.3211 meV  off_shell_Omega=    108.3211 meV
     lambda___(   5 )=       0.000000   gamma___=       0.000000 meV  omega=    178.9700 meV   on_shell_Omega=    178.9700 meV  off_shell_Omega=    178.9700 meV
     lambda_tr(   5 )=       0.000000   gamma_tr=       0.000000 meV  omega=    178.9700 meV   on_shell_Omega=    178.9700 meV  off_shell_Omega=    178.9700 meV
     lambda___(   6 )=       0.000000   gamma___=       0.000000 meV  omega=    193.9468 meV   on_shell_Omega=    193.9468 meV  off_shell_Omega=    193.9468 meV
     lambda_tr(   6 )=       0.000000   gamma_tr=       0.000000 meV  omega=    193.9468 meV   on_shell_Omega=    193.9468 meV  off_shell_Omega=    193.9468 meV
     lambda___( tot )=       0.000000
     lambda_tr( tot )=       0.000000
     -------------------------------------------------------------------


     Number of (k,k+q) pairs on the Fermi surface:      163 out of      324


     ismear =     1 iq =      76 coord.:   0.22222  0.16667  0.00000 wt:   0.00309 Temp:  300.000K
     -------------------------------------------------------------------
     lambda___(   1 )=       0.000000   gamma___=       0.000000 meV  omega=     32.2346 meV   on_shell_Omega=     32.2346 meV  off_shell_Omega=     32.2346 meV
     lambda_tr(   1 )=       0.000000   gamma_tr=       0.000000 meV  omega=     32.2346 meV   on_shell_Omega=     32.2346 meV  off_shell_Omega=     32.2346 meV
     lambda___(   2 )=       0.000000   gamma___=       0.000000 meV  omega=     84.6431 meV   on_shell_Omega=     84.6431 meV  off_shell_Omega=     84.6431 meV
     lambda_tr(   2 )=       0.000000   gamma_tr=       0.000000 meV  omega=     84.6431 meV   on_shell_Omega=     84.6431 meV  off_shell_Omega=     84.6431 meV
     lambda___(   3 )=       0.000000   gamma___=       0.000000 meV  omega=     94.7504 meV   on_shell_Omega=     94.7504 meV  off_shell_Omega=     94.7504 meV
     lambda_tr(   3 )=       0.000000   gamma_tr=       0.000000 meV  omega=     94.7504 meV   on_shell_Omega=     94.7504 meV  off_shell_Omega=     94.7504 meV
     lambda___(   4 )=       0.000000   gamma___=       0.000000 meV  omega=    117.3104 meV   on_shell_Omega=    117.3104 meV  off_shell_Omega=    117.3104 meV
     lambda_tr(   4 )=       0.000000   gamma_tr=       0.000000 meV  omega=    117.3104 meV   on_shell_Omega=    117.3104 meV  off_shell_Omega=    117.3104 meV
     lambda___(   5 )=       0.000000   gamma___=       0.000000 meV  omega=    175.8863 meV   on_shell_Omega=    175.8864 meV  off_shell_Omega=    175.8864 meV
     lambda_tr(   5 )=       0.000000   gamma_tr=       0.000000 meV  omega=    175.8863 meV   on_shell_Omega=    175.8864 meV  off_shell_Omega=    175.8864 meV
     lambda___(   6 )=       0.000000   gamma___=       0.000000 meV  omega=    189.0811 meV   on_shell_Omega=    189.0811 meV  off_shell_Omega=    189.0811 meV
     lambda_tr(   6 )=       0.000000   gamma_tr=       0.000000 meV  omega=    189.0811 meV   on_shell_Omega=    189.0811 meV  off_shell_Omega=    189.0811 meV
     lambda___( tot )=       0.000000
     lambda_tr( tot )=       0.000000
     -------------------------------------------------------------------


     Number of (k,k+q) pairs on the Fermi surface:      157 out of      324


     ismear =     1 iq =      77 coord.:   0.22222  0.22222  0.00000 wt:   0.00309 Temp:  300.000K
     -------------------------------------------------------------------
     lambda___(   1 )=       0.000000   gamma___=       0.000000 meV  omega=     39.4642 meV   on_shell_Omega=     39.4643 meV  off_shell_Omega=     39.4643 meV
     lambda_tr(   1 )=       0.000000   gamma_tr=       0.000000 meV  omega=     39.4642 meV   on_shell_Omega=     39.4643 meV  off_shell_Omega=     39.4643 meV
     lambda___(   2 )=       0.000000   gamma___=       0.000000 meV  omega=     89.7940 meV   on_shell_Omega=     89.7940 meV  off_shell_Omega=     89.7940 meV
     lambda_tr(   2 )=       0.000000   gamma_tr=       0.000000 meV  omega=     89.7940 meV   on_shell_Omega=     89.7940 meV  off_shell_Omega=     89.7940 meV
     lambda___(   3 )=       0.000000   gamma___=       0.000000 meV  omega=     95.7184 meV   on_shell_Omega=     95.7184 meV  off_shell_Omega=     95.7184 meV
     lambda_tr(   3 )=       0.000000   gamma_tr=       0.000000 meV  omega=     95.7184 meV   on_shell_Omega=     95.7184 meV  off_shell_Omega=     95.7184 meV
     lambda___(   4 )=       0.000000   gamma___=       0.000000 meV  omega=    125.9998 meV   on_shell_Omega=    125.9998 meV  off_shell_Omega=    125.9998 meV
     lambda_tr(   4 )=       0.000000   gamma_tr=       0.000000 meV  omega=    125.9998 meV   on_shell_Omega=    125.9998 meV  off_shell_Omega=    125.9998 meV
     lambda___(   5 )=       0.000000   gamma___=       0.000000 meV  omega=    173.2748 meV   on_shell_Omega=    173.2748 meV  off_shell_Omega=    173.2748 meV
     lambda_tr(   5 )=       0.000000   gamma_tr=       0.000000 meV  omega=    173.2748 meV   on_shell_Omega=    173.2748 meV  off_shell_Omega=    173.2748 meV
     lambda___(   6 )=       0.000000   gamma___=       0.000000 meV  omega=    183.0142 meV   on_shell_Omega=    183.0142 meV  off_shell_Omega=    183.0142 meV
     lambda_tr(   6 )=       0.000000   gamma_tr=       0.000000 meV  omega=    183.0142 meV   on_shell_Omega=    183.0142 meV  off_shell_Omega=    183.0142 meV
     lambda___( tot )=       0.000000
     lambda_tr( tot )=       0.000000
     -------------------------------------------------------------------


     Number of (k,k+q) pairs on the Fermi surface:      159 out of      324


     ismear =     1 iq =      78 coord.:   0.22222  0.27778  0.00000 wt:   0.00309 Temp:  300.000K
     -------------------------------------------------------------------
     lambda___(   1 )=       0.000000   gamma___=       0.000000 meV  omega=     47.2514 meV   on_shell_Omega=     47.2514 meV  off_shell_Omega=     47.2514 meV
     lambda_tr(   1 )=       0.000000   gamma_tr=       0.000000 meV  omega=     47.2514 meV   on_shell_Omega=     47.2514 meV  off_shell_Omega=     47.2514 meV
     lambda___(   2 )=       0.000000   gamma___=       0.000000 meV  omega=     83.7554 meV   on_shell_Omega=     83.7554 meV  off_shell_Omega=     83.7554 meV
     lambda_tr(   2 )=       0.000000   gamma_tr=       0.000000 meV  omega=     83.7554 meV   on_shell_Omega=     83.7554 meV  off_shell_Omega=     83.7554 meV
     lambda___(   3 )=       0.000000   gamma___=       0.000000 meV  omega=    103.7539 meV   on_shell_Omega=    103.7539 meV  off_shell_Omega=    103.7539 meV
     lambda_tr(   3 )=       0.000000   gamma_tr=       0.000000 meV  omega=    103.7539 meV   on_shell_Omega=    103.7539 meV  off_shell_Omega=    103.7539 meV
     lambda___(   4 )=       0.000000   gamma___=       0.000000 meV  omega=    135.5385 meV   on_shell_Omega=    135.5385 meV  off_shell_Omega=    135.5385 meV
     lambda_tr(   4 )=       0.000000   gamma_tr=       0.000000 meV  omega=    135.5385 meV   on_shell_Omega=    135.5385 meV  off_shell_Omega=    135.5385 meV
     lambda___(   5 )=       0.000000   gamma___=       0.000000 meV  omega=    170.6035 meV   on_shell_Omega=    170.6036 meV  off_shell_Omega=    170.6036 meV
     lambda_tr(   5 )=       0.000000   gamma_tr=       0.000000 meV  omega=    170.6035 meV   on_shell_Omega=    170.6036 meV  off_shell_Omega=    170.6036 meV
     lambda___(   6 )=       0.000000   gamma___=       0.000000 meV  omega=    175.6140 meV   on_shell_Omega=    175.6140 meV  off_shell_Omega=    175.6140 meV
     lambda_tr(   6 )=       0.000000   gamma_tr=       0.000000 meV  omega=    175.6140 meV   on_shell_Omega=    175.6140 meV  off_shell_Omega=    175.6140 meV
     lambda___( tot )=       0.000000
     lambda_tr( tot )=       0.000000
     -------------------------------------------------------------------


     Number of (k,k+q) pairs on the Fermi surface:      158 out of      324


     ismear =     1 iq =      79 coord.:   0.22222  0.33333  0.00000 wt:   0.00309 Temp:  300.000K
     -------------------------------------------------------------------
     lambda___(   1 )=       0.000000   gamma___=       0.000000 meV  omega=     54.9798 meV   on_shell_Omega=     54.9798 meV  off_shell_Omega=     54.9798 meV
     lambda_tr(   1 )=       0.000000   gamma_tr=       0.000000 meV  omega=     54.9798 meV   on_shell_Omega=     54.9798 meV  off_shell_Omega=     54.9798 meV
     lambda___(   2 )=       0.000000   gamma___=       0.000000 meV  omega=     77.1488 meV   on_shell_Omega=     77.1488 meV  off_shell_Omega=     77.1488 meV
     lambda_tr(   2 )=       0.000000   gamma_tr=       0.000000 meV  omega=     77.1488 meV   on_shell_Omega=     77.1488 meV  off_shell_Omega=     77.1488 meV
     lambda___(   3 )=       0.000000   gamma___=       0.000000 meV  omega=    108.6012 meV   on_shell_Omega=    108.6012 meV  off_shell_Omega=    108.6012 meV
     lambda_tr(   3 )=       0.000000   gamma_tr=       0.000000 meV  omega=    108.6012 meV   on_shell_Omega=    108.6012 meV  off_shell_Omega=    108.6012 meV
     lambda___(   4 )=       0.000000   gamma___=       0.000000 meV  omega=    145.7799 meV   on_shell_Omega=    145.7799 meV  off_shell_Omega=    145.7799 meV
     lambda_tr(   4 )=       0.000000   gamma_tr=       0.000000 meV  omega=    145.7799 meV   on_shell_Omega=    145.7799 meV  off_shell_Omega=    145.7799 meV
     lambda___(   5 )=       0.000000   gamma___=       0.000000 meV  omega=    166.9099 meV   on_shell_Omega=    166.9099 meV  off_shell_Omega=    166.9099 meV
     lambda_tr(   5 )=       0.000000   gamma_tr=       0.000000 meV  omega=    166.9099 meV   on_shell_Omega=    166.9099 meV  off_shell_Omega=    166.9099 meV
     lambda___(   6 )=       0.000000   gamma___=       0.000000 meV  omega=    168.0393 meV   on_shell_Omega=    168.0393 meV  off_shell_Omega=    168.0393 meV
     lambda_tr(   6 )=       0.000000   gamma_tr=       0.000000 meV  omega=    168.0393 meV   on_shell_Omega=    168.0393 meV  off_shell_Omega=    168.0393 meV
     lambda___( tot )=       0.000000
     lambda_tr( tot )=       0.000000
     -------------------------------------------------------------------


     Number of (k,k+q) pairs on the Fermi surface:      160 out of      324


     ismear =     1 iq =      80 coord.:   0.22222  0.38889  0.00000 wt:   0.00309 Temp:  300.000K
     -------------------------------------------------------------------
     lambda___(   1 )=       0.000000   gamma___=       0.000000 meV  omega=     59.4233 meV   on_shell_Omega=     59.4233 meV  off_shell_Omega=     59.4233 meV
     lambda_tr(   1 )=       0.000000   gamma_tr=       0.000000 meV  omega=     59.4233 meV   on_shell_Omega=     59.4233 meV  off_shell_Omega=     59.4233 meV
     lambda___(   2 )=       0.000000   gamma___=       0.000000 meV  omega=     73.0929 meV   on_shell_Omega=     73.0929 meV  off_shell_Omega=     73.0929 meV
     lambda_tr(   2 )=       0.000000   gamma_tr=       0.000000 meV  omega=     73.0929 meV   on_shell_Omega=     73.0929 meV  off_shell_Omega=     73.0929 meV
     lambda___(   3 )=       0.000000   gamma___=       0.000000 meV  omega=    110.2761 meV   on_shell_Omega=    110.2761 meV  off_shell_Omega=    110.2761 meV
     lambda_tr(   3 )=       0.000000   gamma_tr=       0.000000 meV  omega=    110.2761 meV   on_shell_Omega=    110.2761 meV  off_shell_Omega=    110.2761 meV
     lambda___(   4 )=       0.000000   gamma___=       0.000000 meV  omega=    153.8144 meV   on_shell_Omega=    153.8144 meV  off_shell_Omega=    153.8144 meV
     lambda_tr(   4 )=       0.000000   gamma_tr=       0.000000 meV  omega=    153.8144 meV   on_shell_Omega=    153.8144 meV  off_shell_Omega=    153.8144 meV
     lambda___(   5 )=       0.000000   gamma___=       0.000000 meV  omega=    159.4471 meV   on_shell_Omega=    159.4472 meV  off_shell_Omega=    159.4472 meV
     lambda_tr(   5 )=       0.000000   gamma_tr=       0.000000 meV  omega=    159.4471 meV   on_shell_Omega=    159.4472 meV  off_shell_Omega=    159.4472 meV
     lambda___(   6 )=       0.000000   gamma___=       0.000000 meV  omega=    166.8558 meV   on_shell_Omega=    166.8558 meV  off_shell_Omega=    166.8558 meV
     lambda_tr(   6 )=       0.000000   gamma_tr=       0.000000 meV  omega=    166.8558 meV   on_shell_Omega=    166.8558 meV  off_shell_Omega=    166.8558 meV
     lambda___( tot )=       0.000000
     lambda_tr( tot )=       0.000000
     -------------------------------------------------------------------


     Number of (k,k+q) pairs on the Fermi surface:      165 out of      324


     ismear =     1 iq =      81 coord.:   0.22222  0.44444  0.00000 wt:   0.00309 Temp:  300.000K
     -------------------------------------------------------------------
     lambda___(   1 )=       0.000000   gamma___=       0.000000 meV  omega=     54.9798 meV   on_shell_Omega=     54.9798 meV  off_shell_Omega=     54.9798 meV
     lambda_tr(   1 )=       0.000000   gamma_tr=       0.000000 meV  omega=     54.9798 meV   on_shell_Omega=     54.9798 meV  off_shell_Omega=     54.9798 meV
     lambda___(   2 )=       0.000000   gamma___=       0.000000 meV  omega=     77.1488 meV   on_shell_Omega=     77.1488 meV  off_shell_Omega=     77.1488 meV
     lambda_tr(   2 )=       0.000000   gamma_tr=       0.000000 meV  omega=     77.1488 meV   on_shell_Omega=     77.1488 meV  off_shell_Omega=     77.1488 meV
     lambda___(   3 )=       0.000000   gamma___=       0.000000 meV  omega=    108.6012 meV   on_shell_Omega=    108.6012 meV  off_shell_Omega=    108.6012 meV
     lambda_tr(   3 )=       0.000000   gamma_tr=       0.000000 meV  omega=    108.6012 meV   on_shell_Omega=    108.6012 meV  off_shell_Omega=    108.6012 meV
     lambda___(   4 )=       0.000000   gamma___=       0.000000 meV  omega=    145.7799 meV   on_shell_Omega=    145.7799 meV  off_shell_Omega=    145.7799 meV
     lambda_tr(   4 )=       0.000000   gamma_tr=       0.000000 meV  omega=    145.7799 meV   on_shell_Omega=    145.7799 meV  off_shell_Omega=    145.7799 meV
     lambda___(   5 )=       0.000000   gamma___=       0.000000 meV  omega=    166.9099 meV   on_shell_Omega=    166.9099 meV  off_shell_Omega=    166.9099 meV
     lambda_tr(   5 )=       0.000000   gamma_tr=       0.000000 meV  omega=    166.9099 meV   on_shell_Omega=    166.9099 meV  off_shell_Omega=    166.9099 meV
     lambda___(   6 )=       0.000000   gamma___=       0.000000 meV  omega=    168.0393 meV   on_shell_Omega=    168.0393 meV  off_shell_Omega=    168.0393 meV
     lambda_tr(   6 )=       0.000000   gamma_tr=       0.000000 meV  omega=    168.0393 meV   on_shell_Omega=    168.0393 meV  off_shell_Omega=    168.0393 meV
     lambda___( tot )=       0.000000
     lambda_tr( tot )=       0.000000
     -------------------------------------------------------------------


     Number of (k,k+q) pairs on the Fermi surface:      165 out of      324


     ismear =     1 iq =      82 coord.:   0.22222  0.50000  0.00000 wt:   0.00309 Temp:  300.000K
     -------------------------------------------------------------------
     lambda___(   1 )=       0.000000   gamma___=       0.000000 meV  omega=     47.2514 meV   on_shell_Omega=     47.2514 meV  off_shell_Omega=     47.2514 meV
     lambda_tr(   1 )=       0.000000   gamma_tr=       0.000000 meV  omega=     47.2514 meV   on_shell_Omega=     47.2514 meV  off_shell_Omega=     47.2514 meV
     lambda___(   2 )=       0.000000   gamma___=       0.000000 meV  omega=     83.7554 meV   on_shell_Omega=     83.7554 meV  off_shell_Omega=     83.7554 meV
     lambda_tr(   2 )=       0.000000   gamma_tr=       0.000000 meV  omega=     83.7554 meV   on_shell_Omega=     83.7554 meV  off_shell_Omega=     83.7554 meV
     lambda___(   3 )=       0.000000   gamma___=       0.000000 meV  omega=    103.7539 meV   on_shell_Omega=    103.7539 meV  off_shell_Omega=    103.7539 meV
     lambda_tr(   3 )=       0.000000   gamma_tr=       0.000000 meV  omega=    103.7539 meV   on_shell_Omega=    103.7539 meV  off_shell_Omega=    103.7539 meV
     lambda___(   4 )=       0.000000   gamma___=       0.000000 meV  omega=    135.5385 meV   on_shell_Omega=    135.5385 meV  off_shell_Omega=    135.5385 meV
     lambda_tr(   4 )=       0.000000   gamma_tr=       0.000000 meV  omega=    135.5385 meV   on_shell_Omega=    135.5385 meV  off_shell_Omega=    135.5385 meV
     lambda___(   5 )=       0.000000   gamma___=       0.000000 meV  omega=    170.6035 meV   on_shell_Omega=    170.6036 meV  off_shell_Omega=    170.6036 meV
     lambda_tr(   5 )=       0.000000   gamma_tr=       0.000000 meV  omega=    170.6035 meV   on_shell_Omega=    170.6036 meV  off_shell_Omega=    170.6036 meV
     lambda___(   6 )=       0.000000   gamma___=       0.000000 meV  omega=    175.6140 meV   on_shell_Omega=    175.6140 meV  off_shell_Omega=    175.6140 meV
     lambda_tr(   6 )=       0.000000   gamma_tr=       0.000000 meV  omega=    175.6140 meV   on_shell_Omega=    175.6140 meV  off_shell_Omega=    175.6140 meV
     lambda___( tot )=       0.000000
     lambda_tr( tot )=       0.000000
     -------------------------------------------------------------------


     Number of (k,k+q) pairs on the Fermi surface:      161 out of      324


     ismear =     1 iq =      83 coord.:   0.22222  0.55556  0.00000 wt:   0.00309 Temp:  300.000K
     -------------------------------------------------------------------
     lambda___(   1 )=       0.000000   gamma___=       0.000000 meV  omega=     39.4642 meV   on_shell_Omega=     39.4643 meV  off_shell_Omega=     39.4643 meV
     lambda_tr(   1 )=       0.000000   gamma_tr=       0.000000 meV  omega=     39.4642 meV   on_shell_Omega=     39.4643 meV  off_shell_Omega=     39.4643 meV
     lambda___(   2 )=       0.000000   gamma___=       0.000000 meV  omega=     89.7940 meV   on_shell_Omega=     89.7940 meV  off_shell_Omega=     89.7940 meV
     lambda_tr(   2 )=       0.000000   gamma_tr=       0.000000 meV  omega=     89.7940 meV   on_shell_Omega=     89.7940 meV  off_shell_Omega=     89.7940 meV
     lambda___(   3 )=       0.000000   gamma___=       0.000000 meV  omega=     95.7184 meV   on_shell_Omega=     95.7184 meV  off_shell_Omega=     95.7184 meV
     lambda_tr(   3 )=       0.000000   gamma_tr=       0.000000 meV  omega=     95.7184 meV   on_shell_Omega=     95.7184 meV  off_shell_Omega=     95.7184 meV
     lambda___(   4 )=       0.000000   gamma___=       0.000000 meV  omega=    125.9998 meV   on_shell_Omega=    125.9998 meV  off_shell_Omega=    125.9998 meV
     lambda_tr(   4 )=       0.000000   gamma_tr=       0.000000 meV  omega=    125.9998 meV   on_shell_Omega=    125.9998 meV  off_shell_Omega=    125.9998 meV
     lambda___(   5 )=       0.000000   gamma___=       0.000000 meV  omega=    173.2748 meV   on_shell_Omega=    173.2748 meV  off_shell_Omega=    173.2748 meV
     lambda_tr(   5 )=       0.000000   gamma_tr=       0.000000 meV  omega=    173.2748 meV   on_shell_Omega=    173.2748 meV  off_shell_Omega=    173.2748 meV
     lambda___(   6 )=       0.000000   gamma___=       0.000000 meV  omega=    183.0142 meV   on_shell_Omega=    183.0142 meV  off_shell_Omega=    183.0142 meV
     lambda_tr(   6 )=       0.000000   gamma_tr=       0.000000 meV  omega=    183.0142 meV   on_shell_Omega=    183.0142 meV  off_shell_Omega=    183.0142 meV
     lambda___( tot )=       0.000000
     lambda_tr( tot )=       0.000000
     -------------------------------------------------------------------


     Number of (k,k+q) pairs on the Fermi surface:      162 out of      324


     ismear =     1 iq =      84 coord.:   0.22222  0.61111  0.00000 wt:   0.00309 Temp:  300.000K
     -------------------------------------------------------------------
     lambda___(   1 )=       0.000000   gamma___=       0.000000 meV  omega=     32.2346 meV   on_shell_Omega=     32.2346 meV  off_shell_Omega=     32.2346 meV
     lambda_tr(   1 )=       0.000000   gamma_tr=       0.000000 meV  omega=     32.2346 meV   on_shell_Omega=     32.2346 meV  off_shell_Omega=     32.2346 meV
     lambda___(   2 )=       0.000000   gamma___=       0.000000 meV  omega=     84.6431 meV   on_shell_Omega=     84.6431 meV  off_shell_Omega=     84.6431 meV
     lambda_tr(   2 )=       0.000000   gamma_tr=       0.000000 meV  omega=     84.6431 meV   on_shell_Omega=     84.6431 meV  off_shell_Omega=     84.6431 meV
     lambda___(   3 )=       0.000000   gamma___=       0.000000 meV  omega=     94.7504 meV   on_shell_Omega=     94.7504 meV  off_shell_Omega=     94.7504 meV
     lambda_tr(   3 )=       0.000000   gamma_tr=       0.000000 meV  omega=     94.7504 meV   on_shell_Omega=     94.7504 meV  off_shell_Omega=     94.7504 meV
     lambda___(   4 )=       0.000000   gamma___=       0.000000 meV  omega=    117.3104 meV   on_shell_Omega=    117.3104 meV  off_shell_Omega=    117.3104 meV
     lambda_tr(   4 )=       0.000000   gamma_tr=       0.000000 meV  omega=    117.3104 meV   on_shell_Omega=    117.3104 meV  off_shell_Omega=    117.3104 meV
     lambda___(   5 )=       0.000000   gamma___=       0.000000 meV  omega=    175.8863 meV   on_shell_Omega=    175.8864 meV  off_shell_Omega=    175.8864 meV
     lambda_tr(   5 )=       0.000000   gamma_tr=       0.000000 meV  omega=    175.8863 meV   on_shell_Omega=    175.8864 meV  off_shell_Omega=    175.8864 meV
     lambda___(   6 )=       0.000000   gamma___=       0.000000 meV  omega=    189.0811 meV   on_shell_Omega=    189.0811 meV  off_shell_Omega=    189.0811 meV
     lambda_tr(   6 )=       0.000000   gamma_tr=       0.000000 meV  omega=    189.0811 meV   on_shell_Omega=    189.0811 meV  off_shell_Omega=    189.0811 meV
     lambda___( tot )=       0.000000
     lambda_tr( tot )=       0.000000
     -------------------------------------------------------------------


     Number of (k,k+q) pairs on the Fermi surface:      163 out of      324


     ismear =     1 iq =      85 coord.:   0.22222  0.66667  0.00000 wt:   0.00309 Temp:  300.000K
     -------------------------------------------------------------------
     lambda___(   1 )=       0.000000   gamma___=       0.000000 meV  omega=     25.6008 meV   on_shell_Omega=     25.6008 meV  off_shell_Omega=     25.6008 meV
     lambda_tr(   1 )=       0.000000   gamma_tr=       0.000000 meV  omega=     25.6008 meV   on_shell_Omega=     25.6008 meV  off_shell_Omega=     25.6008 meV
     lambda___(   2 )=       0.000000   gamma___=       0.000000 meV  omega=     71.9880 meV   on_shell_Omega=     71.9880 meV  off_shell_Omega=     71.9880 meV
     lambda_tr(   2 )=       0.000000   gamma_tr=       0.000000 meV  omega=     71.9880 meV   on_shell_Omega=     71.9880 meV  off_shell_Omega=     71.9880 meV
     lambda___(   3 )=       0.000000   gamma___=       0.000000 meV  omega=     98.6268 meV   on_shell_Omega=     98.6268 meV  off_shell_Omega=     98.6268 meV
     lambda_tr(   3 )=       0.000000   gamma_tr=       0.000000 meV  omega=     98.6268 meV   on_shell_Omega=     98.6268 meV  off_shell_Omega=     98.6268 meV
     lambda___(   4 )=       0.000000   gamma___=       0.000000 meV  omega=    108.3211 meV   on_shell_Omega=    108.3211 meV  off_shell_Omega=    108.3211 meV
     lambda_tr(   4 )=       0.000000   gamma_tr=       0.000000 meV  omega=    108.3211 meV   on_shell_Omega=    108.3211 meV  off_shell_Omega=    108.3211 meV
     lambda___(   5 )=       0.000000   gamma___=       0.000000 meV  omega=    178.9700 meV   on_shell_Omega=    178.9700 meV  off_shell_Omega=    178.9700 meV
     lambda_tr(   5 )=       0.000000   gamma_tr=       0.000000 meV  omega=    178.9700 meV   on_shell_Omega=    178.9700 meV  off_shell_Omega=    178.9700 meV
     lambda___(   6 )=       0.000000   gamma___=       0.000000 meV  omega=    193.9468 meV   on_shell_Omega=    193.9468 meV  off_shell_Omega=    193.9468 meV
     lambda_tr(   6 )=       0.000000   gamma_tr=       0.000000 meV  omega=    193.9468 meV   on_shell_Omega=    193.9468 meV  off_shell_Omega=    193.9468 meV
     lambda___( tot )=       0.000000
     lambda_tr( tot )=       0.000000
     -------------------------------------------------------------------


     Number of (k,k+q) pairs on the Fermi surface:      166 out of      324


     ismear =     1 iq =      86 coord.:   0.22222  0.72222  0.00000 wt:   0.00309 Temp:  300.000K
     -------------------------------------------------------------------
     lambda___(   1 )=       0.000000   gamma___=       0.000000 meV  omega=     19.6520 meV   on_shell_Omega=     19.6520 meV  off_shell_Omega=     19.6520 meV
     lambda_tr(   1 )=       0.000000   gamma_tr=       0.000000 meV  omega=     19.6520 meV   on_shell_Omega=     19.6520 meV  off_shell_Omega=     19.6520 meV
     lambda___(   2 )=       0.000000   gamma___=       0.000000 meV  omega=     60.2879 meV   on_shell_Omega=     60.2879 meV  off_shell_Omega=     60.2879 meV
     lambda_tr(   2 )=       0.000000   gamma_tr=       0.000000 meV  omega=     60.2879 meV   on_shell_Omega=     60.2879 meV  off_shell_Omega=     60.2879 meV
     lambda___(   3 )=       0.000000   gamma___=       0.000000 meV  omega=     98.3670 meV   on_shell_Omega=     98.3670 meV  off_shell_Omega=     98.3670 meV
     lambda_tr(   3 )=       0.000000   gamma_tr=       0.000000 meV  omega=     98.3670 meV   on_shell_Omega=     98.3670 meV  off_shell_Omega=     98.3670 meV
     lambda___(   4 )=       0.000000   gamma___=       0.000000 meV  omega=    101.4990 meV   on_shell_Omega=    101.4990 meV  off_shell_Omega=    101.4990 meV
     lambda_tr(   4 )=       0.000000   gamma_tr=       0.000000 meV  omega=    101.4990 meV   on_shell_Omega=    101.4990 meV  off_shell_Omega=    101.4990 meV
     lambda___(   5 )=       0.000000   gamma___=       0.000000 meV  omega=    182.2466 meV   on_shell_Omega=    182.2466 meV  off_shell_Omega=    182.2466 meV
     lambda_tr(   5 )=       0.000000   gamma_tr=       0.000000 meV  omega=    182.2466 meV   on_shell_Omega=    182.2466 meV  off_shell_Omega=    182.2466 meV
     lambda___(   6 )=       0.000000   gamma___=       0.000000 meV  omega=    197.3939 meV   on_shell_Omega=    197.3939 meV  off_shell_Omega=    197.3939 meV
     lambda_tr(   6 )=       0.000000   gamma_tr=       0.000000 meV  omega=    197.3939 meV   on_shell_Omega=    197.3939 meV  off_shell_Omega=    197.3939 meV
     lambda___( tot )=       0.000000
     lambda_tr( tot )=       0.000000
     -------------------------------------------------------------------


     Number of (k,k+q) pairs on the Fermi surface:      172 out of      324


     ismear =     1 iq =      87 coord.:   0.22222  0.77778  0.00000 wt:   0.00309 Temp:  300.000K
     -------------------------------------------------------------------
     lambda___(   1 )=       0.000000   gamma___=       0.000000 meV  omega=     14.9695 meV   on_shell_Omega=     14.9695 meV  off_shell_Omega=     14.9695 meV
     lambda_tr(   1 )=       0.000000   gamma_tr=       0.000000 meV  omega=     14.9695 meV   on_shell_Omega=     14.9695 meV  off_shell_Omega=     14.9695 meV
     lambda___(   2 )=       0.000000   gamma___=       0.000000 meV  omega=     52.5871 meV   on_shell_Omega=     52.5871 meV  off_shell_Omega=     52.5871 meV
     lambda_tr(   2 )=       0.000000   gamma_tr=       0.000000 meV  omega=     52.5871 meV   on_shell_Omega=     52.5871 meV  off_shell_Omega=     52.5871 meV
     lambda___(   3 )=       0.000000   gamma___=       0.000000 meV  omega=     88.1874 meV   on_shell_Omega=     88.1875 meV  off_shell_Omega=     88.1875 meV
     lambda_tr(   3 )=       0.000000   gamma_tr=       0.000000 meV  omega=     88.1874 meV   on_shell_Omega=     88.1875 meV  off_shell_Omega=     88.1875 meV
     lambda___(   4 )=       0.000000   gamma___=       0.000000 meV  omega=    103.4066 meV   on_shell_Omega=    103.4066 meV  off_shell_Omega=    103.4066 meV
     lambda_tr(   4 )=       0.000000   gamma_tr=       0.000000 meV  omega=    103.4066 meV   on_shell_Omega=    103.4066 meV  off_shell_Omega=    103.4066 meV
     lambda___(   5 )=       0.000000   gamma___=       0.000000 meV  omega=    184.7248 meV   on_shell_Omega=    184.7248 meV  off_shell_Omega=    184.7248 meV
     lambda_tr(   5 )=       0.000000   gamma_tr=       0.000000 meV  omega=    184.7248 meV   on_shell_Omega=    184.7248 meV  off_shell_Omega=    184.7248 meV
     lambda___(   6 )=       0.000000   gamma___=       0.000000 meV  omega=    199.0725 meV   on_shell_Omega=    199.0725 meV  off_shell_Omega=    199.0725 meV
     lambda_tr(   6 )=       0.000000   gamma_tr=       0.000000 meV  omega=    199.0725 meV   on_shell_Omega=    199.0725 meV  off_shell_Omega=    199.0725 meV
     lambda___( tot )=       0.000000
     lambda_tr( tot )=       0.000000
     -------------------------------------------------------------------


     Number of (k,k+q) pairs on the Fermi surface:      181 out of      324


     ismear =     1 iq =      88 coord.:   0.22222  0.83333  0.00000 wt:   0.00309 Temp:  300.000K
     -------------------------------------------------------------------
     lambda___(   1 )=       0.000000   gamma___=       0.000000 meV  omega=     12.3071 meV   on_shell_Omega=     12.3072 meV  off_shell_Omega=     12.3072 meV
     lambda_tr(   1 )=       0.000000   gamma_tr=       0.000000 meV  omega=     12.3071 meV   on_shell_Omega=     12.3072 meV  off_shell_Omega=     12.3072 meV
     lambda___(   2 )=       0.000000   gamma___=       0.000000 meV  omega=     50.4599 meV   on_shell_Omega=     50.4599 meV  off_shell_Omega=     50.4599 meV
     lambda_tr(   2 )=       0.000000   gamma_tr=       0.000000 meV  omega=     50.4599 meV   on_shell_Omega=     50.4599 meV  off_shell_Omega=     50.4599 meV
     lambda___(   3 )=       0.000000   gamma___=       0.000000 meV  omega=     79.5938 meV   on_shell_Omega=     79.5938 meV  off_shell_Omega=     79.5938 meV
     lambda_tr(   3 )=       0.000000   gamma_tr=       0.000000 meV  omega=     79.5938 meV   on_shell_Omega=     79.5938 meV  off_shell_Omega=     79.5938 meV
     lambda___(   4 )=       0.000000   gamma___=       0.000000 meV  omega=    104.4363 meV   on_shell_Omega=    104.4363 meV  off_shell_Omega=    104.4363 meV
     lambda_tr(   4 )=       0.000000   gamma_tr=       0.000000 meV  omega=    104.4363 meV   on_shell_Omega=    104.4363 meV  off_shell_Omega=    104.4363 meV
     lambda___(   5 )=       0.000000   gamma___=       0.000000 meV  omega=    185.9293 meV   on_shell_Omega=    185.9293 meV  off_shell_Omega=    185.9293 meV
     lambda_tr(   5 )=       0.000000   gamma_tr=       0.000000 meV  omega=    185.9293 meV   on_shell_Omega=    185.9293 meV  off_shell_Omega=    185.9293 meV
     lambda___(   6 )=       0.000000   gamma___=       0.000000 meV  omega=    199.3167 meV   on_shell_Omega=    199.3168 meV  off_shell_Omega=    199.3168 meV
     lambda_tr(   6 )=       0.000000   gamma_tr=       0.000000 meV  omega=    199.3167 meV   on_shell_Omega=    199.3168 meV  off_shell_Omega=    199.3168 meV
     lambda___( tot )=       0.000000
     lambda_tr( tot )=       0.000000
     -------------------------------------------------------------------


     Number of (k,k+q) pairs on the Fermi surface:      188 out of      324


     ismear =     1 iq =      89 coord.:   0.22222  0.88889  0.00000 wt:   0.00309 Temp:  300.000K
     -------------------------------------------------------------------
     lambda___(   1 )=       0.000000   gamma___=       0.000000 meV  omega=     11.5650 meV   on_shell_Omega=     11.5650 meV  off_shell_Omega=     11.5650 meV
     lambda_tr(   1 )=       0.000000   gamma_tr=       0.000000 meV  omega=     11.5650 meV   on_shell_Omega=     11.5650 meV  off_shell_Omega=     11.5650 meV
     lambda___(   2 )=       0.000000   gamma___=       0.000000 meV  omega=     50.9160 meV   on_shell_Omega=     50.9160 meV  off_shell_Omega=     50.9160 meV
     lambda_tr(   2 )=       0.000000   gamma_tr=       0.000000 meV  omega=     50.9160 meV   on_shell_Omega=     50.9160 meV  off_shell_Omega=     50.9160 meV
     lambda___(   3 )=       0.000000   gamma___=       0.000000 meV  omega=     75.8326 meV   on_shell_Omega=     75.8326 meV  off_shell_Omega=     75.8326 meV
     lambda_tr(   3 )=       0.000000   gamma_tr=       0.000000 meV  omega=     75.8326 meV   on_shell_Omega=     75.8326 meV  off_shell_Omega=     75.8326 meV
     lambda___(   4 )=       0.000000   gamma___=       0.000000 meV  omega=    104.7494 meV   on_shell_Omega=    104.7494 meV  off_shell_Omega=    104.7494 meV
     lambda_tr(   4 )=       0.000000   gamma_tr=       0.000000 meV  omega=    104.7494 meV   on_shell_Omega=    104.7494 meV  off_shell_Omega=    104.7494 meV
     lambda___(   5 )=       0.000000   gamma___=       0.000000 meV  omega=    186.2216 meV   on_shell_Omega=    186.2216 meV  off_shell_Omega=    186.2216 meV
     lambda_tr(   5 )=       0.000000   gamma_tr=       0.000000 meV  omega=    186.2216 meV   on_shell_Omega=    186.2216 meV  off_shell_Omega=    186.2216 meV
     lambda___(   6 )=       0.000000   gamma___=       0.000000 meV  omega=    199.1902 meV   on_shell_Omega=    199.1902 meV  off_shell_Omega=    199.1902 meV
     lambda_tr(   6 )=       0.000000   gamma_tr=       0.000000 meV  omega=    199.1902 meV   on_shell_Omega=    199.1902 meV  off_shell_Omega=    199.1902 meV
     lambda___( tot )=       0.000000
     lambda_tr( tot )=       0.000000
     -------------------------------------------------------------------


     Number of (k,k+q) pairs on the Fermi surface:      198 out of      324


     ismear =     1 iq =      90 coord.:   0.22222  0.94444  0.00000 wt:   0.00309 Temp:  300.000K
     -------------------------------------------------------------------
     lambda___(   1 )=       0.000000   gamma___=       0.000000 meV  omega=     12.3071 meV   on_shell_Omega=     12.3072 meV  off_shell_Omega=     12.3072 meV
     lambda_tr(   1 )=       0.000000   gamma_tr=       0.000000 meV  omega=     12.3071 meV   on_shell_Omega=     12.3072 meV  off_shell_Omega=     12.3072 meV
     lambda___(   2 )=       0.000000   gamma___=       0.000000 meV  omega=     50.4599 meV   on_shell_Omega=     50.4599 meV  off_shell_Omega=     50.4599 meV
     lambda_tr(   2 )=       0.000000   gamma_tr=       0.000000 meV  omega=     50.4599 meV   on_shell_Omega=     50.4599 meV  off_shell_Omega=     50.4599 meV
     lambda___(   3 )=       0.000000   gamma___=       0.000000 meV  omega=     79.5938 meV   on_shell_Omega=     79.5938 meV  off_shell_Omega=     79.5938 meV
     lambda_tr(   3 )=       0.000000   gamma_tr=       0.000000 meV  omega=     79.5938 meV   on_shell_Omega=     79.5938 meV  off_shell_Omega=     79.5938 meV
     lambda___(   4 )=       0.000000   gamma___=       0.000000 meV  omega=    104.4363 meV   on_shell_Omega=    104.4363 meV  off_shell_Omega=    104.4363 meV
     lambda_tr(   4 )=       0.000000   gamma_tr=       0.000000 meV  omega=    104.4363 meV   on_shell_Omega=    104.4363 meV  off_shell_Omega=    104.4363 meV
     lambda___(   5 )=       0.000000   gamma___=       0.000000 meV  omega=    185.9293 meV   on_shell_Omega=    185.9293 meV  off_shell_Omega=    185.9293 meV
     lambda_tr(   5 )=       0.000000   gamma_tr=       0.000000 meV  omega=    185.9293 meV   on_shell_Omega=    185.9293 meV  off_shell_Omega=    185.9293 meV
     lambda___(   6 )=       0.000000   gamma___=       0.000000 meV  omega=    199.3167 meV   on_shell_Omega=    199.3168 meV  off_shell_Omega=    199.3168 meV
     lambda_tr(   6 )=       0.000000   gamma_tr=       0.000000 meV  omega=    199.3167 meV   on_shell_Omega=    199.3168 meV  off_shell_Omega=    199.3168 meV
     lambda___( tot )=       0.000000
     lambda_tr( tot )=       0.000000
     -------------------------------------------------------------------


     Number of (k,k+q) pairs on the Fermi surface:      193 out of      324


     ismear =     1 iq =      91 coord.:   0.27778  0.00000  0.00000 wt:   0.00309 Temp:  300.000K
     -------------------------------------------------------------------
     lambda___(   1 )=       0.000000   gamma___=       0.000000 meV  omega=     23.3984 meV   on_shell_Omega=     23.3984 meV  off_shell_Omega=     23.3984 meV
     lambda_tr(   1 )=       0.000000   gamma_tr=       0.000000 meV  omega=     23.3984 meV   on_shell_Omega=     23.3984 meV  off_shell_Omega=     23.3984 meV
     lambda___(   2 )=       0.000000   gamma___=       0.000000 meV  omega=     61.7277 meV   on_shell_Omega=     61.7277 meV  off_shell_Omega=     61.7277 meV
     lambda_tr(   2 )=       0.000000   gamma_tr=       0.000000 meV  omega=     61.7277 meV   on_shell_Omega=     61.7277 meV  off_shell_Omega=     61.7277 meV
     lambda___(   3 )=       0.000000   gamma___=       0.000000 meV  omega=     99.9253 meV   on_shell_Omega=     99.9253 meV  off_shell_Omega=     99.9253 meV
     lambda_tr(   3 )=       0.000000   gamma_tr=       0.000000 meV  omega=     99.9253 meV   on_shell_Omega=     99.9253 meV  off_shell_Omega=     99.9253 meV
     lambda___(   4 )=       0.000000   gamma___=       0.000000 meV  omega=    107.3435 meV   on_shell_Omega=    107.3435 meV  off_shell_Omega=    107.3435 meV
     lambda_tr(   4 )=       0.000000   gamma_tr=       0.000000 meV  omega=    107.3435 meV   on_shell_Omega=    107.3435 meV  off_shell_Omega=    107.3435 meV
     lambda___(   5 )=       0.000000   gamma___=       0.000000 meV  omega=    181.1272 meV   on_shell_Omega=    181.1272 meV  off_shell_Omega=    181.1272 meV
     lambda_tr(   5 )=       0.000000   gamma_tr=       0.000000 meV  omega=    181.1272 meV   on_shell_Omega=    181.1272 meV  off_shell_Omega=    181.1272 meV
     lambda___(   6 )=       0.000000   gamma___=       0.000000 meV  omega=    196.1455 meV   on_shell_Omega=    196.1455 meV  off_shell_Omega=    196.1455 meV
     lambda_tr(   6 )=       0.000000   gamma_tr=       0.000000 meV  omega=    196.1455 meV   on_shell_Omega=    196.1455 meV  off_shell_Omega=    196.1455 meV
     lambda___( tot )=       0.000000
     lambda_tr( tot )=       0.000000
     -------------------------------------------------------------------


     Number of (k,k+q) pairs on the Fermi surface:      175 out of      324


     ismear =     1 iq =      92 coord.:   0.27778  0.05556  0.00000 wt:   0.00309 Temp:  300.000K
     -------------------------------------------------------------------
     lambda___(   1 )=       0.000000   gamma___=       0.000000 meV  omega=     28.7398 meV   on_shell_Omega=     28.7398 meV  off_shell_Omega=     28.7398 meV
     lambda_tr(   1 )=       0.000000   gamma_tr=       0.000000 meV  omega=     28.7398 meV   on_shell_Omega=     28.7398 meV  off_shell_Omega=     28.7398 meV
     lambda___(   2 )=       0.000000   gamma___=       0.000000 meV  omega=     68.6092 meV   on_shell_Omega=     68.6092 meV  off_shell_Omega=     68.6092 meV
     lambda_tr(   2 )=       0.000000   gamma_tr=       0.000000 meV  omega=     68.6092 meV   on_shell_Omega=     68.6092 meV  off_shell_Omega=     68.6092 meV
     lambda___(   3 )=       0.000000   gamma___=       0.000000 meV  omega=     97.3279 meV   on_shell_Omega=     97.3279 meV  off_shell_Omega=     97.3279 meV
     lambda_tr(   3 )=       0.000000   gamma_tr=       0.000000 meV  omega=     97.3279 meV   on_shell_Omega=     97.3279 meV  off_shell_Omega=     97.3279 meV
     lambda___(   4 )=       0.000000   gamma___=       0.000000 meV  omega=    116.4460 meV   on_shell_Omega=    116.4460 meV  off_shell_Omega=    116.4460 meV
     lambda_tr(   4 )=       0.000000   gamma_tr=       0.000000 meV  omega=    116.4460 meV   on_shell_Omega=    116.4460 meV  off_shell_Omega=    116.4460 meV
     lambda___(   5 )=       0.000000   gamma___=       0.000000 meV  omega=    178.9712 meV   on_shell_Omega=    178.9712 meV  off_shell_Omega=    178.9712 meV
     lambda_tr(   5 )=       0.000000   gamma_tr=       0.000000 meV  omega=    178.9712 meV   on_shell_Omega=    178.9712 meV  off_shell_Omega=    178.9712 meV
     lambda___(   6 )=       0.000000   gamma___=       0.000000 meV  omega=    193.1732 meV   on_shell_Omega=    193.1732 meV  off_shell_Omega=    193.1732 meV
     lambda_tr(   6 )=       0.000000   gamma_tr=       0.000000 meV  omega=    193.1732 meV   on_shell_Omega=    193.1732 meV  off_shell_Omega=    193.1732 meV
     lambda___( tot )=       0.000000
     lambda_tr( tot )=       0.000000
     -------------------------------------------------------------------


     Number of (k,k+q) pairs on the Fermi surface:      165 out of      324


     ismear =     1 iq =      93 coord.:   0.27778  0.11111  0.00000 wt:   0.00309 Temp:  300.000K
     -------------------------------------------------------------------
     lambda___(   1 )=       0.000000   gamma___=       0.000000 meV  omega=     34.6959 meV   on_shell_Omega=     34.6959 meV  off_shell_Omega=     34.6959 meV
     lambda_tr(   1 )=       0.000000   gamma_tr=       0.000000 meV  omega=     34.6959 meV   on_shell_Omega=     34.6959 meV  off_shell_Omega=     34.6959 meV
     lambda___(   2 )=       0.000000   gamma___=       0.000000 meV  omega=     79.5020 meV   on_shell_Omega=     79.5021 meV  off_shell_Omega=     79.5021 meV
     lambda_tr(   2 )=       0.000000   gamma_tr=       0.000000 meV  omega=     79.5020 meV   on_shell_Omega=     79.5021 meV  off_shell_Omega=     79.5021 meV
     lambda___(   3 )=       0.000000   gamma___=       0.000000 meV  omega=     93.7434 meV   on_shell_Omega=     93.7434 meV  off_shell_Omega=     93.7434 meV
     lambda_tr(   3 )=       0.000000   gamma_tr=       0.000000 meV  omega=     93.7434 meV   on_shell_Omega=     93.7434 meV  off_shell_Omega=     93.7434 meV
     lambda___(   4 )=       0.000000   gamma___=       0.000000 meV  omega=    124.2255 meV   on_shell_Omega=    124.2255 meV  off_shell_Omega=    124.2255 meV
     lambda_tr(   4 )=       0.000000   gamma_tr=       0.000000 meV  omega=    124.2255 meV   on_shell_Omega=    124.2255 meV  off_shell_Omega=    124.2255 meV
     lambda___(   5 )=       0.000000   gamma___=       0.000000 meV  omega=    176.3094 meV   on_shell_Omega=    176.3094 meV  off_shell_Omega=    176.3094 meV
     lambda_tr(   5 )=       0.000000   gamma_tr=       0.000000 meV  omega=    176.3094 meV   on_shell_Omega=    176.3094 meV  off_shell_Omega=    176.3094 meV
     lambda___(   6 )=       0.000000   gamma___=       0.000000 meV  omega=    188.6292 meV   on_shell_Omega=    188.6292 meV  off_shell_Omega=    188.6292 meV
     lambda_tr(   6 )=       0.000000   gamma_tr=       0.000000 meV  omega=    188.6292 meV   on_shell_Omega=    188.6292 meV  off_shell_Omega=    188.6292 meV
     lambda___( tot )=       0.000000
     lambda_tr( tot )=       0.000000
     -------------------------------------------------------------------


     Number of (k,k+q) pairs on the Fermi surface:      157 out of      324


     ismear =     1 iq =      94 coord.:   0.27778  0.16667  0.00000 wt:   0.00309 Temp:  300.000K
     -------------------------------------------------------------------
     lambda___(   1 )=       0.000000   gamma___=       0.000000 meV  omega=     40.8462 meV   on_shell_Omega=     40.8462 meV  off_shell_Omega=     40.8462 meV
     lambda_tr(   1 )=       0.000000   gamma_tr=       0.000000 meV  omega=     40.8462 meV   on_shell_Omega=     40.8462 meV  off_shell_Omega=     40.8462 meV
     lambda___(   2 )=       0.000000   gamma___=       0.000000 meV  omega=     89.2165 meV   on_shell_Omega=     89.2165 meV  off_shell_Omega=     89.2165 meV
     lambda_tr(   2 )=       0.000000   gamma_tr=       0.000000 meV  omega=     89.2165 meV   on_shell_Omega=     89.2165 meV  off_shell_Omega=     89.2165 meV
     lambda___(   3 )=       0.000000   gamma___=       0.000000 meV  omega=     91.9181 meV   on_shell_Omega=     91.9181 meV  off_shell_Omega=     91.9181 meV
     lambda_tr(   3 )=       0.000000   gamma_tr=       0.000000 meV  omega=     91.9181 meV   on_shell_Omega=     91.9181 meV  off_shell_Omega=     91.9181 meV
     lambda___(   4 )=       0.000000   gamma___=       0.000000 meV  omega=    130.2771 meV   on_shell_Omega=    130.2771 meV  off_shell_Omega=    130.2771 meV
     lambda_tr(   4 )=       0.000000   gamma_tr=       0.000000 meV  omega=    130.2771 meV   on_shell_Omega=    130.2771 meV  off_shell_Omega=    130.2771 meV
     lambda___(   5 )=       0.000000   gamma___=       0.000000 meV  omega=    173.6348 meV   on_shell_Omega=    173.6348 meV  off_shell_Omega=    173.6348 meV
     lambda_tr(   5 )=       0.000000   gamma_tr=       0.000000 meV  omega=    173.6348 meV   on_shell_Omega=    173.6348 meV  off_shell_Omega=    173.6348 meV
     lambda___(   6 )=       0.000000   gamma___=       0.000000 meV  omega=    182.8022 meV   on_shell_Omega=    182.8022 meV  off_shell_Omega=    182.8022 meV
     lambda_tr(   6 )=       0.000000   gamma_tr=       0.000000 meV  omega=    182.8022 meV   on_shell_Omega=    182.8022 meV  off_shell_Omega=    182.8022 meV
     lambda___( tot )=       0.000000
     lambda_tr( tot )=       0.000000
     -------------------------------------------------------------------


     Number of (k,k+q) pairs on the Fermi surface:      156 out of      324


     ismear =     1 iq =      95 coord.:   0.27778  0.22222  0.00000 wt:   0.00309 Temp:  300.000K
     -------------------------------------------------------------------
     lambda___(   1 )=       0.000000   gamma___=       0.000000 meV  omega=     47.2450 meV   on_shell_Omega=     47.2450 meV  off_shell_Omega=     47.2450 meV
     lambda_tr(   1 )=       0.000000   gamma_tr=       0.000000 meV  omega=     47.2450 meV   on_shell_Omega=     47.2450 meV  off_shell_Omega=     47.2450 meV
     lambda___(   2 )=       0.000000   gamma___=       0.000000 meV  omega=     83.7590 meV   on_shell_Omega=     83.7590 meV  off_shell_Omega=     83.7590 meV
     lambda_tr(   2 )=       0.000000   gamma_tr=       0.000000 meV  omega=     83.7590 meV   on_shell_Omega=     83.7590 meV  off_shell_Omega=     83.7590 meV
     lambda___(   3 )=       0.000000   gamma___=       0.000000 meV  omega=    103.8340 meV   on_shell_Omega=    103.8340 meV  off_shell_Omega=    103.8340 meV
     lambda_tr(   3 )=       0.000000   gamma_tr=       0.000000 meV  omega=    103.8340 meV   on_shell_Omega=    103.8340 meV  off_shell_Omega=    103.8340 meV
     lambda___(   4 )=       0.000000   gamma___=       0.000000 meV  omega=    135.4369 meV   on_shell_Omega=    135.4369 meV  off_shell_Omega=    135.4369 meV
     lambda_tr(   4 )=       0.000000   gamma_tr=       0.000000 meV  omega=    135.4369 meV   on_shell_Omega=    135.4369 meV  off_shell_Omega=    135.4369 meV
     lambda___(   5 )=       0.000000   gamma___=       0.000000 meV  omega=    170.5843 meV   on_shell_Omega=    170.5843 meV  off_shell_Omega=    170.5843 meV
     lambda_tr(   5 )=       0.000000   gamma_tr=       0.000000 meV  omega=    170.5843 meV   on_shell_Omega=    170.5843 meV  off_shell_Omega=    170.5843 meV
     lambda___(   6 )=       0.000000   gamma___=       0.000000 meV  omega=    175.6638 meV   on_shell_Omega=    175.6638 meV  off_shell_Omega=    175.6638 meV
     lambda_tr(   6 )=       0.000000   gamma_tr=       0.000000 meV  omega=    175.6638 meV   on_shell_Omega=    175.6638 meV  off_shell_Omega=    175.6638 meV
     lambda___( tot )=       0.000000
     lambda_tr( tot )=       0.000000
     -------------------------------------------------------------------


     Number of (k,k+q) pairs on the Fermi surface:      158 out of      324


     ismear =     1 iq =      96 coord.:   0.27778  0.27778  0.00000 wt:   0.00309 Temp:  300.000K
     -------------------------------------------------------------------
     lambda___(   1 )=       0.000000   gamma___=       0.000000 meV  omega=     53.9564 meV   on_shell_Omega=     53.9564 meV  off_shell_Omega=     53.9564 meV
     lambda_tr(   1 )=       0.000000   gamma_tr=       0.000000 meV  omega=     53.9564 meV   on_shell_Omega=     53.9564 meV  off_shell_Omega=     53.9564 meV
     lambda___(   2 )=       0.000000   gamma___=       0.000000 meV  omega=     77.5143 meV   on_shell_Omega=     77.5143 meV  off_shell_Omega=     77.5143 meV
     lambda_tr(   2 )=       0.000000   gamma_tr=       0.000000 meV  omega=     77.5143 meV   on_shell_Omega=     77.5143 meV  off_shell_Omega=     77.5143 meV
     lambda___(   3 )=       0.000000   gamma___=       0.000000 meV  omega=    113.4961 meV   on_shell_Omega=    113.4961 meV  off_shell_Omega=    113.4961 meV
     lambda_tr(   3 )=       0.000000   gamma_tr=       0.000000 meV  omega=    113.4961 meV   on_shell_Omega=    113.4961 meV  off_shell_Omega=    113.4961 meV
     lambda___(   4 )=       0.000000   gamma___=       0.000000 meV  omega=    141.0916 meV   on_shell_Omega=    141.0916 meV  off_shell_Omega=    141.0916 meV
     lambda_tr(   4 )=       0.000000   gamma_tr=       0.000000 meV  omega=    141.0916 meV   on_shell_Omega=    141.0916 meV  off_shell_Omega=    141.0916 meV
     lambda___(   5 )=       0.000000   gamma___=       0.000000 meV  omega=    166.9412 meV   on_shell_Omega=    166.9412 meV  off_shell_Omega=    166.9412 meV
     lambda_tr(   5 )=       0.000000   gamma_tr=       0.000000 meV  omega=    166.9412 meV   on_shell_Omega=    166.9412 meV  off_shell_Omega=    166.9412 meV
     lambda___(   6 )=       0.000000   gamma___=       0.000000 meV  omega=    167.2862 meV   on_shell_Omega=    167.2863 meV  off_shell_Omega=    167.2863 meV
     lambda_tr(   6 )=       0.000000   gamma_tr=       0.000000 meV  omega=    167.2862 meV   on_shell_Omega=    167.2863 meV  off_shell_Omega=    167.2863 meV
     lambda___( tot )=       0.000000
     lambda_tr( tot )=       0.000000
     -------------------------------------------------------------------


     Number of (k,k+q) pairs on the Fermi surface:      159 out of      324


     ismear =     1 iq =      97 coord.:   0.27778  0.33333  0.00000 wt:   0.00309 Temp:  300.000K
     -------------------------------------------------------------------
     lambda___(   1 )=       0.000000   gamma___=       0.000000 meV  omega=     60.2921 meV   on_shell_Omega=     60.2921 meV  off_shell_Omega=     60.2921 meV
     lambda_tr(   1 )=       0.000000   gamma_tr=       0.000000 meV  omega=     60.2921 meV   on_shell_Omega=     60.2921 meV  off_shell_Omega=     60.2921 meV
     lambda___(   2 )=       0.000000   gamma___=       0.000000 meV  omega=     71.3558 meV   on_shell_Omega=     71.3558 meV  off_shell_Omega=     71.3558 meV
     lambda_tr(   2 )=       0.000000   gamma_tr=       0.000000 meV  omega=     71.3558 meV   on_shell_Omega=     71.3558 meV  off_shell_Omega=     71.3558 meV
     lambda___(   3 )=       0.000000   gamma___=       0.000000 meV  omega=    119.0652 meV   on_shell_Omega=    119.0652 meV  off_shell_Omega=    119.0652 meV
     lambda_tr(   3 )=       0.000000   gamma_tr=       0.000000 meV  omega=    119.0652 meV   on_shell_Omega=    119.0652 meV  off_shell_Omega=    119.0652 meV
     lambda___(   4 )=       0.000000   gamma___=       0.000000 meV  omega=    147.9992 meV   on_shell_Omega=    147.9992 meV  off_shell_Omega=    147.9992 meV
     lambda_tr(   4 )=       0.000000   gamma_tr=       0.000000 meV  omega=    147.9992 meV   on_shell_Omega=    147.9992 meV  off_shell_Omega=    147.9992 meV
     lambda___(   5 )=       0.000000   gamma___=       0.000000 meV  omega=    158.3383 meV   on_shell_Omega=    158.3383 meV  off_shell_Omega=    158.3383 meV
     lambda_tr(   5 )=       0.000000   gamma_tr=       0.000000 meV  omega=    158.3383 meV   on_shell_Omega=    158.3383 meV  off_shell_Omega=    158.3383 meV
     lambda___(   6 )=       0.000000   gamma___=       0.000000 meV  omega=    164.2559 meV   on_shell_Omega=    164.2559 meV  off_shell_Omega=    164.2559 meV
     lambda_tr(   6 )=       0.000000   gamma_tr=       0.000000 meV  omega=    164.2559 meV   on_shell_Omega=    164.2559 meV  off_shell_Omega=    164.2559 meV
     lambda___( tot )=       0.000000
     lambda_tr( tot )=       0.000000
     -------------------------------------------------------------------


     Number of (k,k+q) pairs on the Fermi surface:      163 out of      324


     ismear =     1 iq =      98 coord.:   0.27778  0.38889  0.00000 wt:   0.00309 Temp:  300.000K
     -------------------------------------------------------------------
     lambda___(   1 )=       0.000000   gamma___=       0.000000 meV  omega=     60.2921 meV   on_shell_Omega=     60.2921 meV  off_shell_Omega=     60.2921 meV
     lambda_tr(   1 )=       0.000000   gamma_tr=       0.000000 meV  omega=     60.2921 meV   on_shell_Omega=     60.2921 meV  off_shell_Omega=     60.2921 meV
     lambda___(   2 )=       0.000000   gamma___=       0.000000 meV  omega=     71.3558 meV   on_shell_Omega=     71.3558 meV  off_shell_Omega=     71.3558 meV
     lambda_tr(   2 )=       0.000000   gamma_tr=       0.000000 meV  omega=     71.3558 meV   on_shell_Omega=     71.3558 meV  off_shell_Omega=     71.3558 meV
     lambda___(   3 )=       0.000000   gamma___=       0.000000 meV  omega=    119.0652 meV   on_shell_Omega=    119.0652 meV  off_shell_Omega=    119.0652 meV
     lambda_tr(   3 )=       0.000000   gamma_tr=       0.000000 meV  omega=    119.0652 meV   on_shell_Omega=    119.0652 meV  off_shell_Omega=    119.0652 meV
     lambda___(   4 )=       0.000000   gamma___=       0.000000 meV  omega=    147.9992 meV   on_shell_Omega=    147.9992 meV  off_shell_Omega=    147.9992 meV
     lambda_tr(   4 )=       0.000000   gamma_tr=       0.000000 meV  omega=    147.9992 meV   on_shell_Omega=    147.9992 meV  off_shell_Omega=    147.9992 meV
     lambda___(   5 )=       0.000000   gamma___=       0.000000 meV  omega=    158.3383 meV   on_shell_Omega=    158.3383 meV  off_shell_Omega=    158.3383 meV
     lambda_tr(   5 )=       0.000000   gamma_tr=       0.000000 meV  omega=    158.3383 meV   on_shell_Omega=    158.3383 meV  off_shell_Omega=    158.3383 meV
     lambda___(   6 )=       0.000000   gamma___=       0.000000 meV  omega=    164.2559 meV   on_shell_Omega=    164.2559 meV  off_shell_Omega=    164.2559 meV
     lambda_tr(   6 )=       0.000000   gamma_tr=       0.000000 meV  omega=    164.2559 meV   on_shell_Omega=    164.2559 meV  off_shell_Omega=    164.2559 meV
     lambda___( tot )=       0.000000
     lambda_tr( tot )=       0.000000
     -------------------------------------------------------------------


     Number of (k,k+q) pairs on the Fermi surface:      168 out of      324


     ismear =     1 iq =      99 coord.:   0.27778  0.44444  0.00000 wt:   0.00309 Temp:  300.000K
     -------------------------------------------------------------------
     lambda___(   1 )=       0.000000   gamma___=       0.000000 meV  omega=     53.9564 meV   on_shell_Omega=     53.9564 meV  off_shell_Omega=     53.9564 meV
     lambda_tr(   1 )=       0.000000   gamma_tr=       0.000000 meV  omega=     53.9564 meV   on_shell_Omega=     53.9564 meV  off_shell_Omega=     53.9564 meV
     lambda___(   2 )=       0.000000   gamma___=       0.000000 meV  omega=     77.5143 meV   on_shell_Omega=     77.5143 meV  off_shell_Omega=     77.5143 meV
     lambda_tr(   2 )=       0.000000   gamma_tr=       0.000000 meV  omega=     77.5143 meV   on_shell_Omega=     77.5143 meV  off_shell_Omega=     77.5143 meV
     lambda___(   3 )=       0.000000   gamma___=       0.000000 meV  omega=    113.4961 meV   on_shell_Omega=    113.4961 meV  off_shell_Omega=    113.4961 meV
     lambda_tr(   3 )=       0.000000   gamma_tr=       0.000000 meV  omega=    113.4961 meV   on_shell_Omega=    113.4961 meV  off_shell_Omega=    113.4961 meV
     lambda___(   4 )=       0.000000   gamma___=       0.000000 meV  omega=    141.0916 meV   on_shell_Omega=    141.0916 meV  off_shell_Omega=    141.0916 meV
     lambda_tr(   4 )=       0.000000   gamma_tr=       0.000000 meV  omega=    141.0916 meV   on_shell_Omega=    141.0916 meV  off_shell_Omega=    141.0916 meV
     lambda___(   5 )=       0.000000   gamma___=       0.000000 meV  omega=    166.9412 meV   on_shell_Omega=    166.9412 meV  off_shell_Omega=    166.9412 meV
     lambda_tr(   5 )=       0.000000   gamma_tr=       0.000000 meV  omega=    166.9412 meV   on_shell_Omega=    166.9412 meV  off_shell_Omega=    166.9412 meV
     lambda___(   6 )=       0.000000   gamma___=       0.000000 meV  omega=    167.2862 meV   on_shell_Omega=    167.2863 meV  off_shell_Omega=    167.2863 meV
     lambda_tr(   6 )=       0.000000   gamma_tr=       0.000000 meV  omega=    167.2862 meV   on_shell_Omega=    167.2863 meV  off_shell_Omega=    167.2863 meV
     lambda___( tot )=       0.000000
     lambda_tr( tot )=       0.000000
     -------------------------------------------------------------------


     Number of (k,k+q) pairs on the Fermi surface:      167 out of      324


     ismear =     1 iq =     100 coord.:   0.27778  0.50000  0.00000 wt:   0.00309 Temp:  300.000K
     -------------------------------------------------------------------
     lambda___(   1 )=       0.000000   gamma___=       0.000000 meV  omega=     47.2450 meV   on_shell_Omega=     47.2450 meV  off_shell_Omega=     47.2450 meV
     lambda_tr(   1 )=       0.000000   gamma_tr=       0.000000 meV  omega=     47.2450 meV   on_shell_Omega=     47.2450 meV  off_shell_Omega=     47.2450 meV
     lambda___(   2 )=       0.000000   gamma___=       0.000000 meV  omega=     83.7590 meV   on_shell_Omega=     83.7590 meV  off_shell_Omega=     83.7590 meV
     lambda_tr(   2 )=       0.000000   gamma_tr=       0.000000 meV  omega=     83.7590 meV   on_shell_Omega=     83.7590 meV  off_shell_Omega=     83.7590 meV
     lambda___(   3 )=       0.000000   gamma___=       0.000000 meV  omega=    103.8340 meV   on_shell_Omega=    103.8340 meV  off_shell_Omega=    103.8340 meV
     lambda_tr(   3 )=       0.000000   gamma_tr=       0.000000 meV  omega=    103.8340 meV   on_shell_Omega=    103.8340 meV  off_shell_Omega=    103.8340 meV
     lambda___(   4 )=       0.000000   gamma___=       0.000000 meV  omega=    135.4369 meV   on_shell_Omega=    135.4369 meV  off_shell_Omega=    135.4369 meV
     lambda_tr(   4 )=       0.000000   gamma_tr=       0.000000 meV  omega=    135.4369 meV   on_shell_Omega=    135.4369 meV  off_shell_Omega=    135.4369 meV
     lambda___(   5 )=       0.000000   gamma___=       0.000000 meV  omega=    170.5843 meV   on_shell_Omega=    170.5843 meV  off_shell_Omega=    170.5843 meV
     lambda_tr(   5 )=       0.000000   gamma_tr=       0.000000 meV  omega=    170.5843 meV   on_shell_Omega=    170.5843 meV  off_shell_Omega=    170.5843 meV
     lambda___(   6 )=       0.000000   gamma___=       0.000000 meV  omega=    175.6638 meV   on_shell_Omega=    175.6638 meV  off_shell_Omega=    175.6638 meV
     lambda_tr(   6 )=       0.000000   gamma_tr=       0.000000 meV  omega=    175.6638 meV   on_shell_Omega=    175.6638 meV  off_shell_Omega=    175.6638 meV
     lambda___( tot )=       0.000000
     lambda_tr( tot )=       0.000000
     -------------------------------------------------------------------


     Number of (k,k+q) pairs on the Fermi surface:      168 out of      324


     ismear =     1 iq =     101 coord.:   0.27778  0.55556  0.00000 wt:   0.00309 Temp:  300.000K
     -------------------------------------------------------------------
     lambda___(   1 )=       0.000000   gamma___=       0.000000 meV  omega=     40.8462 meV   on_shell_Omega=     40.8462 meV  off_shell_Omega=     40.8462 meV
     lambda_tr(   1 )=       0.000000   gamma_tr=       0.000000 meV  omega=     40.8462 meV   on_shell_Omega=     40.8462 meV  off_shell_Omega=     40.8462 meV
     lambda___(   2 )=       0.000000   gamma___=       0.000000 meV  omega=     89.2165 meV   on_shell_Omega=     89.2165 meV  off_shell_Omega=     89.2165 meV
     lambda_tr(   2 )=       0.000000   gamma_tr=       0.000000 meV  omega=     89.2165 meV   on_shell_Omega=     89.2165 meV  off_shell_Omega=     89.2165 meV
     lambda___(   3 )=       0.000000   gamma___=       0.000000 meV  omega=     91.9181 meV   on_shell_Omega=     91.9181 meV  off_shell_Omega=     91.9181 meV
     lambda_tr(   3 )=       0.000000   gamma_tr=       0.000000 meV  omega=     91.9181 meV   on_shell_Omega=     91.9181 meV  off_shell_Omega=     91.9181 meV
     lambda___(   4 )=       0.000000   gamma___=       0.000000 meV  omega=    130.2771 meV   on_shell_Omega=    130.2771 meV  off_shell_Omega=    130.2771 meV
     lambda_tr(   4 )=       0.000000   gamma_tr=       0.000000 meV  omega=    130.2771 meV   on_shell_Omega=    130.2771 meV  off_shell_Omega=    130.2771 meV
     lambda___(   5 )=       0.000000   gamma___=       0.000000 meV  omega=    173.6348 meV   on_shell_Omega=    173.6348 meV  off_shell_Omega=    173.6348 meV
     lambda_tr(   5 )=       0.000000   gamma_tr=       0.000000 meV  omega=    173.6348 meV   on_shell_Omega=    173.6348 meV  off_shell_Omega=    173.6348 meV
     lambda___(   6 )=       0.000000   gamma___=       0.000000 meV  omega=    182.8022 meV   on_shell_Omega=    182.8022 meV  off_shell_Omega=    182.8022 meV
     lambda_tr(   6 )=       0.000000   gamma_tr=       0.000000 meV  omega=    182.8022 meV   on_shell_Omega=    182.8022 meV  off_shell_Omega=    182.8022 meV
     lambda___( tot )=       0.000000
     lambda_tr( tot )=       0.000000
     -------------------------------------------------------------------


     Number of (k,k+q) pairs on the Fermi surface:      165 out of      324


     ismear =     1 iq =     102 coord.:   0.27778  0.61111  0.00000 wt:   0.00309 Temp:  300.000K
     -------------------------------------------------------------------
     lambda___(   1 )=       0.000000   gamma___=       0.000000 meV  omega=     34.6959 meV   on_shell_Omega=     34.6959 meV  off_shell_Omega=     34.6959 meV
     lambda_tr(   1 )=       0.000000   gamma_tr=       0.000000 meV  omega=     34.6959 meV   on_shell_Omega=     34.6959 meV  off_shell_Omega=     34.6959 meV
     lambda___(   2 )=       0.000000   gamma___=       0.000000 meV  omega=     79.5020 meV   on_shell_Omega=     79.5021 meV  off_shell_Omega=     79.5021 meV
     lambda_tr(   2 )=       0.000000   gamma_tr=       0.000000 meV  omega=     79.5020 meV   on_shell_Omega=     79.5021 meV  off_shell_Omega=     79.5021 meV
     lambda___(   3 )=       0.000000   gamma___=       0.000000 meV  omega=     93.7434 meV   on_shell_Omega=     93.7434 meV  off_shell_Omega=     93.7434 meV
     lambda_tr(   3 )=       0.000000   gamma_tr=       0.000000 meV  omega=     93.7434 meV   on_shell_Omega=     93.7434 meV  off_shell_Omega=     93.7434 meV
     lambda___(   4 )=       0.000000   gamma___=       0.000000 meV  omega=    124.2255 meV   on_shell_Omega=    124.2255 meV  off_shell_Omega=    124.2255 meV
     lambda_tr(   4 )=       0.000000   gamma_tr=       0.000000 meV  omega=    124.2255 meV   on_shell_Omega=    124.2255 meV  off_shell_Omega=    124.2255 meV
     lambda___(   5 )=       0.000000   gamma___=       0.000000 meV  omega=    176.3094 meV   on_shell_Omega=    176.3094 meV  off_shell_Omega=    176.3094 meV
     lambda_tr(   5 )=       0.000000   gamma_tr=       0.000000 meV  omega=    176.3094 meV   on_shell_Omega=    176.3094 meV  off_shell_Omega=    176.3094 meV
     lambda___(   6 )=       0.000000   gamma___=       0.000000 meV  omega=    188.6292 meV   on_shell_Omega=    188.6292 meV  off_shell_Omega=    188.6292 meV
     lambda_tr(   6 )=       0.000000   gamma_tr=       0.000000 meV  omega=    188.6292 meV   on_shell_Omega=    188.6292 meV  off_shell_Omega=    188.6292 meV
     lambda___( tot )=       0.000000
     lambda_tr( tot )=       0.000000
     -------------------------------------------------------------------


     Number of (k,k+q) pairs on the Fermi surface:      166 out of      324


     ismear =     1 iq =     103 coord.:   0.27778  0.66667  0.00000 wt:   0.00309 Temp:  300.000K
     -------------------------------------------------------------------
     lambda___(   1 )=       0.000000   gamma___=       0.000000 meV  omega=     28.7398 meV   on_shell_Omega=     28.7398 meV  off_shell_Omega=     28.7398 meV
     lambda_tr(   1 )=       0.000000   gamma_tr=       0.000000 meV  omega=     28.7398 meV   on_shell_Omega=     28.7398 meV  off_shell_Omega=     28.7398 meV
     lambda___(   2 )=       0.000000   gamma___=       0.000000 meV  omega=     68.6092 meV   on_shell_Omega=     68.6092 meV  off_shell_Omega=     68.6092 meV
     lambda_tr(   2 )=       0.000000   gamma_tr=       0.000000 meV  omega=     68.6092 meV   on_shell_Omega=     68.6092 meV  off_shell_Omega=     68.6092 meV
     lambda___(   3 )=       0.000000   gamma___=       0.000000 meV  omega=     97.3279 meV   on_shell_Omega=     97.3279 meV  off_shell_Omega=     97.3279 meV
     lambda_tr(   3 )=       0.000000   gamma_tr=       0.000000 meV  omega=     97.3279 meV   on_shell_Omega=     97.3279 meV  off_shell_Omega=     97.3279 meV
     lambda___(   4 )=       0.000000   gamma___=       0.000000 meV  omega=    116.4460 meV   on_shell_Omega=    116.4460 meV  off_shell_Omega=    116.4460 meV
     lambda_tr(   4 )=       0.000000   gamma_tr=       0.000000 meV  omega=    116.4460 meV   on_shell_Omega=    116.4460 meV  off_shell_Omega=    116.4460 meV
     lambda___(   5 )=       0.000000   gamma___=       0.000000 meV  omega=    178.9712 meV   on_shell_Omega=    178.9713 meV  off_shell_Omega=    178.9713 meV
     lambda_tr(   5 )=       0.000000   gamma_tr=       0.000000 meV  omega=    178.9712 meV   on_shell_Omega=    178.9713 meV  off_shell_Omega=    178.9713 meV
     lambda___(   6 )=       0.000000   gamma___=       0.000000 meV  omega=    193.1732 meV   on_shell_Omega=    193.1732 meV  off_shell_Omega=    193.1732 meV
     lambda_tr(   6 )=       0.000000   gamma_tr=       0.000000 meV  omega=    193.1732 meV   on_shell_Omega=    193.1732 meV  off_shell_Omega=    193.1732 meV
     lambda___( tot )=       0.000000
     lambda_tr( tot )=       0.000000
     -------------------------------------------------------------------


     Number of (k,k+q) pairs on the Fermi surface:      167 out of      324


     ismear =     1 iq =     104 coord.:   0.27778  0.72222  0.00000 wt:   0.00309 Temp:  300.000K
     -------------------------------------------------------------------
     lambda___(   1 )=       0.000000   gamma___=       0.000000 meV  omega=     23.3984 meV   on_shell_Omega=     23.3984 meV  off_shell_Omega=     23.3984 meV
     lambda_tr(   1 )=       0.000000   gamma_tr=       0.000000 meV  omega=     23.3984 meV   on_shell_Omega=     23.3984 meV  off_shell_Omega=     23.3984 meV
     lambda___(   2 )=       0.000000   gamma___=       0.000000 meV  omega=     61.7277 meV   on_shell_Omega=     61.7277 meV  off_shell_Omega=     61.7277 meV
     lambda_tr(   2 )=       0.000000   gamma_tr=       0.000000 meV  omega=     61.7277 meV   on_shell_Omega=     61.7277 meV  off_shell_Omega=     61.7277 meV
     lambda___(   3 )=       0.000000   gamma___=       0.000000 meV  omega=     99.9253 meV   on_shell_Omega=     99.9253 meV  off_shell_Omega=     99.9253 meV
     lambda_tr(   3 )=       0.000000   gamma_tr=       0.000000 meV  omega=     99.9253 meV   on_shell_Omega=     99.9253 meV  off_shell_Omega=     99.9253 meV
     lambda___(   4 )=       0.000000   gamma___=       0.000000 meV  omega=    107.3435 meV   on_shell_Omega=    107.3435 meV  off_shell_Omega=    107.3435 meV
     lambda_tr(   4 )=       0.000000   gamma_tr=       0.000000 meV  omega=    107.3435 meV   on_shell_Omega=    107.3435 meV  off_shell_Omega=    107.3435 meV
     lambda___(   5 )=       0.000000   gamma___=       0.000000 meV  omega=    181.1272 meV   on_shell_Omega=    181.1272 meV  off_shell_Omega=    181.1272 meV
     lambda_tr(   5 )=       0.000000   gamma_tr=       0.000000 meV  omega=    181.1272 meV   on_shell_Omega=    181.1272 meV  off_shell_Omega=    181.1272 meV
     lambda___(   6 )=       0.000000   gamma___=       0.000000 meV  omega=    196.1455 meV   on_shell_Omega=    196.1455 meV  off_shell_Omega=    196.1455 meV
     lambda_tr(   6 )=       0.000000   gamma_tr=       0.000000 meV  omega=    196.1455 meV   on_shell_Omega=    196.1455 meV  off_shell_Omega=    196.1455 meV
     lambda___( tot )=       0.000000
     lambda_tr( tot )=       0.000000
     -------------------------------------------------------------------


     Number of (k,k+q) pairs on the Fermi surface:      176 out of      324


     ismear =     1 iq =     105 coord.:   0.27778  0.77778  0.00000 wt:   0.00309 Temp:  300.000K
     -------------------------------------------------------------------
     lambda___(   1 )=       0.000000   gamma___=       0.000000 meV  omega=     19.5400 meV   on_shell_Omega=     19.5400 meV  off_shell_Omega=     19.5400 meV
     lambda_tr(   1 )=       0.000000   gamma_tr=       0.000000 meV  omega=     19.5400 meV   on_shell_Omega=     19.5400 meV  off_shell_Omega=     19.5400 meV
     lambda___(   2 )=       0.000000   gamma___=       0.000000 meV  omega=     60.3940 meV   on_shell_Omega=     60.3940 meV  off_shell_Omega=     60.3940 meV
     lambda_tr(   2 )=       0.000000   gamma_tr=       0.000000 meV  omega=     60.3940 meV   on_shell_Omega=     60.3940 meV  off_shell_Omega=     60.3940 meV
     lambda___(   3 )=       0.000000   gamma___=       0.000000 meV  omega=     98.3190 meV   on_shell_Omega=     98.3190 meV  off_shell_Omega=     98.3190 meV
     lambda_tr(   3 )=       0.000000   gamma_tr=       0.000000 meV  omega=     98.3190 meV   on_shell_Omega=     98.3190 meV  off_shell_Omega=     98.3190 meV
     lambda___(   4 )=       0.000000   gamma___=       0.000000 meV  omega=    101.5207 meV   on_shell_Omega=    101.5207 meV  off_shell_Omega=    101.5207 meV
     lambda_tr(   4 )=       0.000000   gamma_tr=       0.000000 meV  omega=    101.5207 meV   on_shell_Omega=    101.5207 meV  off_shell_Omega=    101.5207 meV
     lambda___(   5 )=       0.000000   gamma___=       0.000000 meV  omega=    182.1843 meV   on_shell_Omega=    182.1843 meV  off_shell_Omega=    182.1843 meV
     lambda_tr(   5 )=       0.000000   gamma_tr=       0.000000 meV  omega=    182.1843 meV   on_shell_Omega=    182.1843 meV  off_shell_Omega=    182.1843 meV
     lambda___(   6 )=       0.000000   gamma___=       0.000000 meV  omega=    197.4430 meV   on_shell_Omega=    197.4430 meV  off_shell_Omega=    197.4430 meV
     lambda_tr(   6 )=       0.000000   gamma_tr=       0.000000 meV  omega=    197.4430 meV   on_shell_Omega=    197.4430 meV  off_shell_Omega=    197.4430 meV
     lambda___( tot )=       0.000000
     lambda_tr( tot )=       0.000000
     -------------------------------------------------------------------


     Number of (k,k+q) pairs on the Fermi surface:      182 out of      324


     ismear =     1 iq =     106 coord.:   0.27778  0.83333  0.00000 wt:   0.00309 Temp:  300.000K
     -------------------------------------------------------------------
     lambda___(   1 )=       0.000000   gamma___=       0.000000 meV  omega=     17.7028 meV   on_shell_Omega=     17.7028 meV  off_shell_Omega=     17.7028 meV
     lambda_tr(   1 )=       0.000000   gamma_tr=       0.000000 meV  omega=     17.7028 meV   on_shell_Omega=     17.7028 meV  off_shell_Omega=     17.7028 meV
     lambda___(   2 )=       0.000000   gamma___=       0.000000 meV  omega=     62.4083 meV   on_shell_Omega=     62.4083 meV  off_shell_Omega=     62.4083 meV
     lambda_tr(   2 )=       0.000000   gamma_tr=       0.000000 meV  omega=     62.4083 meV   on_shell_Omega=     62.4083 meV  off_shell_Omega=     62.4083 meV
     lambda___(   3 )=       0.000000   gamma___=       0.000000 meV  omega=     91.8465 meV   on_shell_Omega=     91.8465 meV  off_shell_Omega=     91.8465 meV
     lambda_tr(   3 )=       0.000000   gamma_tr=       0.000000 meV  omega=     91.8465 meV   on_shell_Omega=     91.8465 meV  off_shell_Omega=     91.8465 meV
     lambda___(   4 )=       0.000000   gamma___=       0.000000 meV  omega=    102.2360 meV   on_shell_Omega=    102.2360 meV  off_shell_Omega=    102.2360 meV
     lambda_tr(   4 )=       0.000000   gamma_tr=       0.000000 meV  omega=    102.2360 meV   on_shell_Omega=    102.2360 meV  off_shell_Omega=    102.2360 meV
     lambda___(   5 )=       0.000000   gamma___=       0.000000 meV  omega=    182.3859 meV   on_shell_Omega=    182.3859 meV  off_shell_Omega=    182.3859 meV
     lambda_tr(   5 )=       0.000000   gamma_tr=       0.000000 meV  omega=    182.3859 meV   on_shell_Omega=    182.3859 meV  off_shell_Omega=    182.3859 meV
     lambda___(   6 )=       0.000000   gamma___=       0.000000 meV  omega=    197.6820 meV   on_shell_Omega=    197.6820 meV  off_shell_Omega=    197.6820 meV
     lambda_tr(   6 )=       0.000000   gamma_tr=       0.000000 meV  omega=    197.6820 meV   on_shell_Omega=    197.6820 meV  off_shell_Omega=    197.6820 meV
     lambda___( tot )=       0.000000
     lambda_tr( tot )=       0.000000
     -------------------------------------------------------------------


     Number of (k,k+q) pairs on the Fermi surface:      189 out of      324


     ismear =     1 iq =     107 coord.:   0.27778  0.88889  0.00000 wt:   0.00309 Temp:  300.000K
     -------------------------------------------------------------------
     lambda___(   1 )=       0.000000   gamma___=       0.000000 meV  omega=     17.7028 meV   on_shell_Omega=     17.7028 meV  off_shell_Omega=     17.7028 meV
     lambda_tr(   1 )=       0.000000   gamma_tr=       0.000000 meV  omega=     17.7028 meV   on_shell_Omega=     17.7028 meV  off_shell_Omega=     17.7028 meV
     lambda___(   2 )=       0.000000   gamma___=       0.000000 meV  omega=     62.4083 meV   on_shell_Omega=     62.4083 meV  off_shell_Omega=     62.4083 meV
     lambda_tr(   2 )=       0.000000   gamma_tr=       0.000000 meV  omega=     62.4083 meV   on_shell_Omega=     62.4083 meV  off_shell_Omega=     62.4083 meV
     lambda___(   3 )=       0.000000   gamma___=       0.000000 meV  omega=     91.8465 meV   on_shell_Omega=     91.8465 meV  off_shell_Omega=     91.8465 meV
     lambda_tr(   3 )=       0.000000   gamma_tr=       0.000000 meV  omega=     91.8465 meV   on_shell_Omega=     91.8465 meV  off_shell_Omega=     91.8465 meV
     lambda___(   4 )=       0.000000   gamma___=       0.000000 meV  omega=    102.2360 meV   on_shell_Omega=    102.2360 meV  off_shell_Omega=    102.2360 meV
     lambda_tr(   4 )=       0.000000   gamma_tr=       0.000000 meV  omega=    102.2360 meV   on_shell_Omega=    102.2360 meV  off_shell_Omega=    102.2360 meV
     lambda___(   5 )=       0.000000   gamma___=       0.000000 meV  omega=    182.3859 meV   on_shell_Omega=    182.3859 meV  off_shell_Omega=    182.3859 meV
     lambda_tr(   5 )=       0.000000   gamma_tr=       0.000000 meV  omega=    182.3859 meV   on_shell_Omega=    182.3859 meV  off_shell_Omega=    182.3859 meV
     lambda___(   6 )=       0.000000   gamma___=       0.000000 meV  omega=    197.6820 meV   on_shell_Omega=    197.6820 meV  off_shell_Omega=    197.6820 meV
     lambda_tr(   6 )=       0.000000   gamma_tr=       0.000000 meV  omega=    197.6820 meV   on_shell_Omega=    197.6820 meV  off_shell_Omega=    197.6820 meV
     lambda___( tot )=       0.000000
     lambda_tr( tot )=       0.000000
     -------------------------------------------------------------------


     Number of (k,k+q) pairs on the Fermi surface:      192 out of      324


     ismear =     1 iq =     108 coord.:   0.27778  0.94444  0.00000 wt:   0.00309 Temp:  300.000K
     -------------------------------------------------------------------
     lambda___(   1 )=       0.000000   gamma___=       0.000000 meV  omega=     19.5400 meV   on_shell_Omega=     19.5400 meV  off_shell_Omega=     19.5400 meV
     lambda_tr(   1 )=       0.000000   gamma_tr=       0.000000 meV  omega=     19.5400 meV   on_shell_Omega=     19.5400 meV  off_shell_Omega=     19.5400 meV
     lambda___(   2 )=       0.000000   gamma___=       0.000000 meV  omega=     60.3940 meV   on_shell_Omega=     60.3940 meV  off_shell_Omega=     60.3940 meV
     lambda_tr(   2 )=       0.000000   gamma_tr=       0.000000 meV  omega=     60.3940 meV   on_shell_Omega=     60.3940 meV  off_shell_Omega=     60.3940 meV
     lambda___(   3 )=       0.000000   gamma___=       0.000000 meV  omega=     98.3190 meV   on_shell_Omega=     98.3190 meV  off_shell_Omega=     98.3190 meV
     lambda_tr(   3 )=       0.000000   gamma_tr=       0.000000 meV  omega=     98.3190 meV   on_shell_Omega=     98.3190 meV  off_shell_Omega=     98.3190 meV
     lambda___(   4 )=       0.000000   gamma___=       0.000000 meV  omega=    101.5207 meV   on_shell_Omega=    101.5207 meV  off_shell_Omega=    101.5207 meV
     lambda_tr(   4 )=       0.000000   gamma_tr=       0.000000 meV  omega=    101.5207 meV   on_shell_Omega=    101.5207 meV  off_shell_Omega=    101.5207 meV
     lambda___(   5 )=       0.000000   gamma___=       0.000000 meV  omega=    182.1843 meV   on_shell_Omega=    182.1843 meV  off_shell_Omega=    182.1843 meV
     lambda_tr(   5 )=       0.000000   gamma_tr=       0.000000 meV  omega=    182.1843 meV   on_shell_Omega=    182.1843 meV  off_shell_Omega=    182.1843 meV
     lambda___(   6 )=       0.000000   gamma___=       0.000000 meV  omega=    197.4430 meV   on_shell_Omega=    197.4430 meV  off_shell_Omega=    197.4430 meV
     lambda_tr(   6 )=       0.000000   gamma_tr=       0.000000 meV  omega=    197.4430 meV   on_shell_Omega=    197.4430 meV  off_shell_Omega=    197.4430 meV
     lambda___( tot )=       0.000000
     lambda_tr( tot )=       0.000000
     -------------------------------------------------------------------


     Number of (k,k+q) pairs on the Fermi surface:      186 out of      324


     ismear =     1 iq =     109 coord.:   0.33333  0.00000  0.00000 wt:   0.00309 Temp:  300.000K
     -------------------------------------------------------------------
     lambda___(   1 )=       0.000000   gamma___=       0.000000 meV  omega=     33.1569 meV   on_shell_Omega=     33.1569 meV  off_shell_Omega=     33.1569 meV
     lambda_tr(   1 )=       0.000000   gamma_tr=       0.000000 meV  omega=     33.1569 meV   on_shell_Omega=     33.1569 meV  off_shell_Omega=     33.1569 meV
     lambda___(   2 )=       0.000000   gamma___=       0.000000 meV  omega=     68.9140 meV   on_shell_Omega=     68.9140 meV  off_shell_Omega=     68.9140 meV
     lambda_tr(   2 )=       0.000000   gamma_tr=       0.000000 meV  omega=     68.9140 meV   on_shell_Omega=     68.9140 meV  off_shell_Omega=     68.9140 meV
     lambda___(   3 )=       0.000000   gamma___=       0.000000 meV  omega=     95.1326 meV   on_shell_Omega=     95.1326 meV  off_shell_Omega=     95.1326 meV
     lambda_tr(   3 )=       0.000000   gamma_tr=       0.000000 meV  omega=     95.1326 meV   on_shell_Omega=     95.1326 meV  off_shell_Omega=     95.1326 meV
     lambda___(   4 )=       0.000000   gamma___=       0.000000 meV  omega=    124.9307 meV   on_shell_Omega=    124.9307 meV  off_shell_Omega=    124.9307 meV
     lambda_tr(   4 )=       0.000000   gamma_tr=       0.000000 meV  omega=    124.9307 meV   on_shell_Omega=    124.9307 meV  off_shell_Omega=    124.9307 meV
     lambda___(   5 )=       0.000000   gamma___=       0.000000 meV  omega=    178.1962 meV   on_shell_Omega=    178.1962 meV  off_shell_Omega=    178.1962 meV
     lambda_tr(   5 )=       0.000000   gamma_tr=       0.000000 meV  omega=    178.1962 meV   on_shell_Omega=    178.1962 meV  off_shell_Omega=    178.1962 meV
     lambda___(   6 )=       0.000000   gamma___=       0.000000 meV  omega=    191.2648 meV   on_shell_Omega=    191.2648 meV  off_shell_Omega=    191.2648 meV
     lambda_tr(   6 )=       0.000000   gamma_tr=       0.000000 meV  omega=    191.2648 meV   on_shell_Omega=    191.2648 meV  off_shell_Omega=    191.2648 meV
     lambda___( tot )=       0.000000
     lambda_tr( tot )=       0.000000
     -------------------------------------------------------------------


     Number of (k,k+q) pairs on the Fermi surface:      168 out of      324


     ismear =     1 iq =     110 coord.:   0.33333  0.05556  0.00000 wt:   0.00309 Temp:  300.000K
     -------------------------------------------------------------------
     lambda___(   1 )=       0.000000   gamma___=       0.000000 meV  omega=     38.7155 meV   on_shell_Omega=     38.7155 meV  off_shell_Omega=     38.7155 meV
     lambda_tr(   1 )=       0.000000   gamma_tr=       0.000000 meV  omega=     38.7155 meV   on_shell_Omega=     38.7155 meV  off_shell_Omega=     38.7155 meV
     lambda___(   2 )=       0.000000   gamma___=       0.000000 meV  omega=     74.7040 meV   on_shell_Omega=     74.7040 meV  off_shell_Omega=     74.7040 meV
     lambda_tr(   2 )=       0.000000   gamma_tr=       0.000000 meV  omega=     74.7040 meV   on_shell_Omega=     74.7040 meV  off_shell_Omega=     74.7040 meV
     lambda___(   3 )=       0.000000   gamma___=       0.000000 meV  omega=     91.8159 meV   on_shell_Omega=     91.8159 meV  off_shell_Omega=     91.8159 meV
     lambda_tr(   3 )=       0.000000   gamma_tr=       0.000000 meV  omega=     91.8159 meV   on_shell_Omega=     91.8159 meV  off_shell_Omega=     91.8159 meV
     lambda___(   4 )=       0.000000   gamma___=       0.000000 meV  omega=    132.8626 meV   on_shell_Omega=    132.8626 meV  off_shell_Omega=    132.8626 meV
     lambda_tr(   4 )=       0.000000   gamma_tr=       0.000000 meV  omega=    132.8626 meV   on_shell_Omega=    132.8626 meV  off_shell_Omega=    132.8626 meV
     lambda___(   5 )=       0.000000   gamma___=       0.000000 meV  omega=    176.5052 meV   on_shell_Omega=    176.5052 meV  off_shell_Omega=    176.5052 meV
     lambda_tr(   5 )=       0.000000   gamma_tr=       0.000000 meV  omega=    176.5052 meV   on_shell_Omega=    176.5052 meV  off_shell_Omega=    176.5052 meV
     lambda___(   6 )=       0.000000   gamma___=       0.000000 meV  omega=    187.3742 meV   on_shell_Omega=    187.3742 meV  off_shell_Omega=    187.3742 meV
     lambda_tr(   6 )=       0.000000   gamma_tr=       0.000000 meV  omega=    187.3742 meV   on_shell_Omega=    187.3742 meV  off_shell_Omega=    187.3742 meV
     lambda___( tot )=       0.000000
     lambda_tr( tot )=       0.000000
     -------------------------------------------------------------------


     Number of (k,k+q) pairs on the Fermi surface:      158 out of      324


     ismear =     1 iq =     111 coord.:   0.33333  0.11111  0.00000 wt:   0.00309 Temp:  300.000K
     -------------------------------------------------------------------
     lambda___(   1 )=       0.000000   gamma___=       0.000000 meV  omega=     44.2899 meV   on_shell_Omega=     44.2899 meV  off_shell_Omega=     44.2899 meV
     lambda_tr(   1 )=       0.000000   gamma_tr=       0.000000 meV  omega=     44.2899 meV   on_shell_Omega=     44.2899 meV  off_shell_Omega=     44.2899 meV
     lambda___(   2 )=       0.000000   gamma___=       0.000000 meV  omega=     84.4905 meV   on_shell_Omega=     84.4905 meV  off_shell_Omega=     84.4905 meV
     lambda_tr(   2 )=       0.000000   gamma_tr=       0.000000 meV  omega=     84.4905 meV   on_shell_Omega=     84.4905 meV  off_shell_Omega=     84.4905 meV
     lambda___(   3 )=       0.000000   gamma___=       0.000000 meV  omega=     87.6263 meV   on_shell_Omega=     87.6263 meV  off_shell_Omega=     87.6263 meV
     lambda_tr(   3 )=       0.000000   gamma_tr=       0.000000 meV  omega=     87.6263 meV   on_shell_Omega=     87.6263 meV  off_shell_Omega=     87.6263 meV
     lambda___(   4 )=       0.000000   gamma___=       0.000000 meV  omega=    138.8833 meV   on_shell_Omega=    138.8833 meV  off_shell_Omega=    138.8833 meV
     lambda_tr(   4 )=       0.000000   gamma_tr=       0.000000 meV  omega=    138.8833 meV   on_shell_Omega=    138.8833 meV  off_shell_Omega=    138.8833 meV
     lambda___(   5 )=       0.000000   gamma___=       0.000000 meV  omega=    174.3908 meV   on_shell_Omega=    174.3908 meV  off_shell_Omega=    174.3908 meV
     lambda_tr(   5 )=       0.000000   gamma_tr=       0.000000 meV  omega=    174.3908 meV   on_shell_Omega=    174.3908 meV  off_shell_Omega=    174.3908 meV
     lambda___(   6 )=       0.000000   gamma___=       0.000000 meV  omega=    181.9601 meV   on_shell_Omega=    181.9601 meV  off_shell_Omega=    181.9601 meV
     lambda_tr(   6 )=       0.000000   gamma_tr=       0.000000 meV  omega=    181.9601 meV   on_shell_Omega=    181.9601 meV  off_shell_Omega=    181.9601 meV
     lambda___( tot )=       0.000000
     lambda_tr( tot )=       0.000000
     -------------------------------------------------------------------


     Number of (k,k+q) pairs on the Fermi surface:      153 out of      324


     ismear =     1 iq =     112 coord.:   0.33333  0.16667  0.00000 wt:   0.00309 Temp:  300.000K
     -------------------------------------------------------------------
     lambda___(   1 )=       0.000000   gamma___=       0.000000 meV  omega=     49.6179 meV   on_shell_Omega=     49.6179 meV  off_shell_Omega=     49.6179 meV
     lambda_tr(   1 )=       0.000000   gamma_tr=       0.000000 meV  omega=     49.6179 meV   on_shell_Omega=     49.6179 meV  off_shell_Omega=     49.6179 meV
     lambda___(   2 )=       0.000000   gamma___=       0.000000 meV  omega=     82.7207 meV   on_shell_Omega=     82.7207 meV  off_shell_Omega=     82.7207 meV
     lambda_tr(   2 )=       0.000000   gamma_tr=       0.000000 meV  omega=     82.7207 meV   on_shell_Omega=     82.7207 meV  off_shell_Omega=     82.7207 meV
     lambda___(   3 )=       0.000000   gamma___=       0.000000 meV  omega=     96.2760 meV   on_shell_Omega=     96.2760 meV  off_shell_Omega=     96.2760 meV
     lambda_tr(   3 )=       0.000000   gamma_tr=       0.000000 meV  omega=     96.2760 meV   on_shell_Omega=     96.2760 meV  off_shell_Omega=     96.2760 meV
     lambda___(   4 )=       0.000000   gamma___=       0.000000 meV  omega=    142.9427 meV   on_shell_Omega=    142.9427 meV  off_shell_Omega=    142.9427 meV
     lambda_tr(   4 )=       0.000000   gamma_tr=       0.000000 meV  omega=    142.9427 meV   on_shell_Omega=    142.9427 meV  off_shell_Omega=    142.9427 meV
     lambda___(   5 )=       0.000000   gamma___=       0.000000 meV  omega=    171.6981 meV   on_shell_Omega=    171.6981 meV  off_shell_Omega=    171.6981 meV
     lambda_tr(   5 )=       0.000000   gamma_tr=       0.000000 meV  omega=    171.6981 meV   on_shell_Omega=    171.6981 meV  off_shell_Omega=    171.6981 meV
     lambda___(   6 )=       0.000000   gamma___=       0.000000 meV  omega=    175.1952 meV   on_shell_Omega=    175.1952 meV  off_shell_Omega=    175.1952 meV
     lambda_tr(   6 )=       0.000000   gamma_tr=       0.000000 meV  omega=    175.1952 meV   on_shell_Omega=    175.1952 meV  off_shell_Omega=    175.1952 meV
     lambda___( tot )=       0.000000
     lambda_tr( tot )=       0.000000
     -------------------------------------------------------------------


     Number of (k,k+q) pairs on the Fermi surface:      155 out of      324


     ismear =     1 iq =     113 coord.:   0.33333  0.22222  0.00000 wt:   0.00309 Temp:  300.000K
     -------------------------------------------------------------------
     lambda___(   1 )=       0.000000   gamma___=       0.000000 meV  omega=     54.8290 meV   on_shell_Omega=     54.8290 meV  off_shell_Omega=     54.8290 meV
     lambda_tr(   1 )=       0.000000   gamma_tr=       0.000000 meV  omega=     54.8290 meV   on_shell_Omega=     54.8290 meV  off_shell_Omega=     54.8290 meV
     lambda___(   2 )=       0.000000   gamma___=       0.000000 meV  omega=     77.2561 meV   on_shell_Omega=     77.2561 meV  off_shell_Omega=     77.2561 meV
     lambda_tr(   2 )=       0.000000   gamma_tr=       0.000000 meV  omega=     77.2561 meV   on_shell_Omega=     77.2561 meV  off_shell_Omega=     77.2561 meV
     lambda___(   3 )=       0.000000   gamma___=       0.000000 meV  omega=    108.3679 meV   on_shell_Omega=    108.3679 meV  off_shell_Omega=    108.3679 meV
     lambda_tr(   3 )=       0.000000   gamma_tr=       0.000000 meV  omega=    108.3679 meV   on_shell_Omega=    108.3679 meV  off_shell_Omega=    108.3679 meV
     lambda___(   4 )=       0.000000   gamma___=       0.000000 meV  omega=    145.7388 meV   on_shell_Omega=    145.7388 meV  off_shell_Omega=    145.7388 meV
     lambda_tr(   4 )=       0.000000   gamma_tr=       0.000000 meV  omega=    145.7388 meV   on_shell_Omega=    145.7388 meV  off_shell_Omega=    145.7388 meV
     lambda___(   5 )=       0.000000   gamma___=       0.000000 meV  omega=    166.9095 meV   on_shell_Omega=    166.9095 meV  off_shell_Omega=    166.9095 meV
     lambda_tr(   5 )=       0.000000   gamma_tr=       0.000000 meV  omega=    166.9095 meV   on_shell_Omega=    166.9095 meV  off_shell_Omega=    166.9095 meV
     lambda___(   6 )=       0.000000   gamma___=       0.000000 meV  omega=    168.2258 meV   on_shell_Omega=    168.2258 meV  off_shell_Omega=    168.2258 meV
     lambda_tr(   6 )=       0.000000   gamma_tr=       0.000000 meV  omega=    168.2258 meV   on_shell_Omega=    168.2258 meV  off_shell_Omega=    168.2258 meV
     lambda___( tot )=       0.000000
     lambda_tr( tot )=       0.000000
     -------------------------------------------------------------------


     Number of (k,k+q) pairs on the Fermi surface:      159 out of      324


     ismear =     1 iq =     114 coord.:   0.33333  0.27778  0.00000 wt:   0.00309 Temp:  300.000K
     -------------------------------------------------------------------
     lambda___(   1 )=       0.000000   gamma___=       0.000000 meV  omega=     60.1446 meV   on_shell_Omega=     60.1446 meV  off_shell_Omega=     60.1446 meV
     lambda_tr(   1 )=       0.000000   gamma_tr=       0.000000 meV  omega=     60.1446 meV   on_shell_Omega=     60.1446 meV  off_shell_Omega=     60.1446 meV
     lambda___(   2 )=       0.000000   gamma___=       0.000000 meV  omega=     71.4801 meV   on_shell_Omega=     71.4802 meV  off_shell_Omega=     71.4802 meV
     lambda_tr(   2 )=       0.000000   gamma_tr=       0.000000 meV  omega=     71.4801 meV   on_shell_Omega=     71.4802 meV  off_shell_Omega=     71.4802 meV
     lambda___(   3 )=       0.000000   gamma___=       0.000000 meV  omega=    118.8951 meV   on_shell_Omega=    118.8951 meV  off_shell_Omega=    118.8951 meV
     lambda_tr(   3 )=       0.000000   gamma_tr=       0.000000 meV  omega=    118.8951 meV   on_shell_Omega=    118.8951 meV  off_shell_Omega=    118.8951 meV
     lambda___(   4 )=       0.000000   gamma___=       0.000000 meV  omega=    148.0962 meV   on_shell_Omega=    148.0962 meV  off_shell_Omega=    148.0962 meV
     lambda_tr(   4 )=       0.000000   gamma_tr=       0.000000 meV  omega=    148.0962 meV   on_shell_Omega=    148.0962 meV  off_shell_Omega=    148.0962 meV
     lambda___(   5 )=       0.000000   gamma___=       0.000000 meV  omega=    158.3023 meV   on_shell_Omega=    158.3023 meV  off_shell_Omega=    158.3023 meV
     lambda_tr(   5 )=       0.000000   gamma_tr=       0.000000 meV  omega=    158.3023 meV   on_shell_Omega=    158.3023 meV  off_shell_Omega=    158.3023 meV
     lambda___(   6 )=       0.000000   gamma___=       0.000000 meV  omega=    164.3264 meV   on_shell_Omega=    164.3264 meV  off_shell_Omega=    164.3264 meV
     lambda_tr(   6 )=       0.000000   gamma_tr=       0.000000 meV  omega=    164.3264 meV   on_shell_Omega=    164.3264 meV  off_shell_Omega=    164.3264 meV
     lambda___( tot )=       0.000000
     lambda_tr( tot )=       0.000000
     -------------------------------------------------------------------


     Number of (k,k+q) pairs on the Fermi surface:      163 out of      324


     ismear =     1 iq =     115 coord.:   0.33333  0.33333  0.00000 wt:   0.00309 Temp:  300.000K
     -------------------------------------------------------------------
     lambda___(   1 )=       0.000000   gamma___=       0.000000 meV  omega=     65.7037 meV   on_shell_Omega=     65.7037 meV  off_shell_Omega=     65.7037 meV
     lambda_tr(   1 )=       0.000000   gamma_tr=       0.000000 meV  omega=     65.7037 meV   on_shell_Omega=     65.7037 meV  off_shell_Omega=     65.7037 meV
     lambda___(   2 )=       0.000000   gamma___=       0.000000 meV  omega=     65.7037 meV   on_shell_Omega=     65.7037 meV  off_shell_Omega=     65.7037 meV
     lambda_tr(   2 )=       0.000000   gamma_tr=       0.000000 meV  omega=     65.7037 meV   on_shell_Omega=     65.7037 meV  off_shell_Omega=     65.7037 meV
     lambda___(   3 )=       0.000000   gamma___=       0.000000 meV  omega=    123.7953 meV   on_shell_Omega=    123.7953 meV  off_shell_Omega=    123.7953 meV
     lambda_tr(   3 )=       0.000000   gamma_tr=       0.000000 meV  omega=    123.7953 meV   on_shell_Omega=    123.7953 meV  off_shell_Omega=    123.7953 meV
     lambda___(   4 )=       0.000000   gamma___=       0.000000 meV  omega=    151.4825 meV   on_shell_Omega=    151.4825 meV  off_shell_Omega=    151.4825 meV
     lambda_tr(   4 )=       0.000000   gamma_tr=       0.000000 meV  omega=    151.4825 meV   on_shell_Omega=    151.4825 meV  off_shell_Omega=    151.4825 meV
     lambda___(   5 )=       0.000000   gamma___=       0.000000 meV  omega=    151.4825 meV   on_shell_Omega=    151.4825 meV  off_shell_Omega=    151.4825 meV
     lambda_tr(   5 )=       0.000000   gamma_tr=       0.000000 meV  omega=    151.4825 meV   on_shell_Omega=    151.4825 meV  off_shell_Omega=    151.4825 meV
     lambda___(   6 )=       0.000000   gamma___=       0.000000 meV  omega=    162.5749 meV   on_shell_Omega=    162.5749 meV  off_shell_Omega=    162.5749 meV
     lambda_tr(   6 )=       0.000000   gamma_tr=       0.000000 meV  omega=    162.5749 meV   on_shell_Omega=    162.5749 meV  off_shell_Omega=    162.5749 meV
     lambda___( tot )=       0.000000
     lambda_tr( tot )=       0.000000
     -------------------------------------------------------------------


     Number of (k,k+q) pairs on the Fermi surface:      168 out of      324


     ismear =     1 iq =     116 coord.:   0.33333  0.38889  0.00000 wt:   0.00309 Temp:  300.000K
     -------------------------------------------------------------------
     lambda___(   1 )=       0.000000   gamma___=       0.000000 meV  omega=     60.1446 meV   on_shell_Omega=     60.1446 meV  off_shell_Omega=     60.1446 meV
     lambda_tr(   1 )=       0.000000   gamma_tr=       0.000000 meV  omega=     60.1446 meV   on_shell_Omega=     60.1446 meV  off_shell_Omega=     60.1446 meV
     lambda___(   2 )=       0.000000   gamma___=       0.000000 meV  omega=     71.4801 meV   on_shell_Omega=     71.4802 meV  off_shell_Omega=     71.4802 meV
     lambda_tr(   2 )=       0.000000   gamma_tr=       0.000000 meV  omega=     71.4801 meV   on_shell_Omega=     71.4802 meV  off_shell_Omega=     71.4802 meV
     lambda___(   3 )=       0.000000   gamma___=       0.000000 meV  omega=    118.8951 meV   on_shell_Omega=    118.8951 meV  off_shell_Omega=    118.8951 meV
     lambda_tr(   3 )=       0.000000   gamma_tr=       0.000000 meV  omega=    118.8951 meV   on_shell_Omega=    118.8951 meV  off_shell_Omega=    118.8951 meV
     lambda___(   4 )=       0.000000   gamma___=       0.000000 meV  omega=    148.0962 meV   on_shell_Omega=    148.0962 meV  off_shell_Omega=    148.0962 meV
     lambda_tr(   4 )=       0.000000   gamma_tr=       0.000000 meV  omega=    148.0962 meV   on_shell_Omega=    148.0962 meV  off_shell_Omega=    148.0962 meV
     lambda___(   5 )=       0.000000   gamma___=       0.000000 meV  omega=    158.3023 meV   on_shell_Omega=    158.3023 meV  off_shell_Omega=    158.3023 meV
     lambda_tr(   5 )=       0.000000   gamma_tr=       0.000000 meV  omega=    158.3023 meV   on_shell_Omega=    158.3023 meV  off_shell_Omega=    158.3023 meV
     lambda___(   6 )=       0.000000   gamma___=       0.000000 meV  omega=    164.3264 meV   on_shell_Omega=    164.3264 meV  off_shell_Omega=    164.3264 meV
     lambda_tr(   6 )=       0.000000   gamma_tr=       0.000000 meV  omega=    164.3264 meV   on_shell_Omega=    164.3264 meV  off_shell_Omega=    164.3264 meV
     lambda___( tot )=       0.000000
     lambda_tr( tot )=       0.000000
     -------------------------------------------------------------------


     Number of (k,k+q) pairs on the Fermi surface:      171 out of      324


     ismear =     1 iq =     117 coord.:   0.33333  0.44444  0.00000 wt:   0.00309 Temp:  300.000K
     -------------------------------------------------------------------
     lambda___(   1 )=       0.000000   gamma___=       0.000000 meV  omega=     54.8290 meV   on_shell_Omega=     54.8290 meV  off_shell_Omega=     54.8290 meV
     lambda_tr(   1 )=       0.000000   gamma_tr=       0.000000 meV  omega=     54.8290 meV   on_shell_Omega=     54.8290 meV  off_shell_Omega=     54.8290 meV
     lambda___(   2 )=       0.000000   gamma___=       0.000000 meV  omega=     77.2561 meV   on_shell_Omega=     77.2561 meV  off_shell_Omega=     77.2561 meV
     lambda_tr(   2 )=       0.000000   gamma_tr=       0.000000 meV  omega=     77.2561 meV   on_shell_Omega=     77.2561 meV  off_shell_Omega=     77.2561 meV
     lambda___(   3 )=       0.000000   gamma___=       0.000000 meV  omega=    108.3679 meV   on_shell_Omega=    108.3679 meV  off_shell_Omega=    108.3679 meV
     lambda_tr(   3 )=       0.000000   gamma_tr=       0.000000 meV  omega=    108.3679 meV   on_shell_Omega=    108.3679 meV  off_shell_Omega=    108.3679 meV
     lambda___(   4 )=       0.000000   gamma___=       0.000000 meV  omega=    145.7388 meV   on_shell_Omega=    145.7388 meV  off_shell_Omega=    145.7388 meV
     lambda_tr(   4 )=       0.000000   gamma_tr=       0.000000 meV  omega=    145.7388 meV   on_shell_Omega=    145.7388 meV  off_shell_Omega=    145.7388 meV
     lambda___(   5 )=       0.000000   gamma___=       0.000000 meV  omega=    166.9095 meV   on_shell_Omega=    166.9095 meV  off_shell_Omega=    166.9095 meV
     lambda_tr(   5 )=       0.000000   gamma_tr=       0.000000 meV  omega=    166.9095 meV   on_shell_Omega=    166.9095 meV  off_shell_Omega=    166.9095 meV
     lambda___(   6 )=       0.000000   gamma___=       0.000000 meV  omega=    168.2258 meV   on_shell_Omega=    168.2258 meV  off_shell_Omega=    168.2258 meV
     lambda_tr(   6 )=       0.000000   gamma_tr=       0.000000 meV  omega=    168.2258 meV   on_shell_Omega=    168.2258 meV  off_shell_Omega=    168.2258 meV
     lambda___( tot )=       0.000000
     lambda_tr( tot )=       0.000000
     -------------------------------------------------------------------


     Number of (k,k+q) pairs on the Fermi surface:      173 out of      324


     ismear =     1 iq =     118 coord.:   0.33333  0.50000  0.00000 wt:   0.00309 Temp:  300.000K
     -------------------------------------------------------------------
     lambda___(   1 )=       0.000000   gamma___=       0.000000 meV  omega=     49.6179 meV   on_shell_Omega=     49.6179 meV  off_shell_Omega=     49.6179 meV
     lambda_tr(   1 )=       0.000000   gamma_tr=       0.000000 meV  omega=     49.6179 meV   on_shell_Omega=     49.6179 meV  off_shell_Omega=     49.6179 meV
     lambda___(   2 )=       0.000000   gamma___=       0.000000 meV  omega=     82.7207 meV   on_shell_Omega=     82.7207 meV  off_shell_Omega=     82.7207 meV
     lambda_tr(   2 )=       0.000000   gamma_tr=       0.000000 meV  omega=     82.7207 meV   on_shell_Omega=     82.7207 meV  off_shell_Omega=     82.7207 meV
     lambda___(   3 )=       0.000000   gamma___=       0.000000 meV  omega=     96.2760 meV   on_shell_Omega=     96.2760 meV  off_shell_Omega=     96.2760 meV
     lambda_tr(   3 )=       0.000000   gamma_tr=       0.000000 meV  omega=     96.2760 meV   on_shell_Omega=     96.2760 meV  off_shell_Omega=     96.2760 meV
     lambda___(   4 )=       0.000000   gamma___=       0.000000 meV  omega=    142.9427 meV   on_shell_Omega=    142.9427 meV  off_shell_Omega=    142.9427 meV
     lambda_tr(   4 )=       0.000000   gamma_tr=       0.000000 meV  omega=    142.9427 meV   on_shell_Omega=    142.9427 meV  off_shell_Omega=    142.9427 meV
     lambda___(   5 )=       0.000000   gamma___=       0.000000 meV  omega=    171.6981 meV   on_shell_Omega=    171.6981 meV  off_shell_Omega=    171.6981 meV
     lambda_tr(   5 )=       0.000000   gamma_tr=       0.000000 meV  omega=    171.6981 meV   on_shell_Omega=    171.6981 meV  off_shell_Omega=    171.6981 meV
     lambda___(   6 )=       0.000000   gamma___=       0.000000 meV  omega=    175.1952 meV   on_shell_Omega=    175.1952 meV  off_shell_Omega=    175.1952 meV
     lambda_tr(   6 )=       0.000000   gamma_tr=       0.000000 meV  omega=    175.1952 meV   on_shell_Omega=    175.1952 meV  off_shell_Omega=    175.1952 meV
     lambda___( tot )=       0.000000
     lambda_tr( tot )=       0.000000
     -------------------------------------------------------------------


     Number of (k,k+q) pairs on the Fermi surface:      168 out of      324


     ismear =     1 iq =     119 coord.:   0.33333  0.55556  0.00000 wt:   0.00309 Temp:  300.000K
     -------------------------------------------------------------------
     lambda___(   1 )=       0.000000   gamma___=       0.000000 meV  omega=     44.2899 meV   on_shell_Omega=     44.2899 meV  off_shell_Omega=     44.2899 meV
     lambda_tr(   1 )=       0.000000   gamma_tr=       0.000000 meV  omega=     44.2899 meV   on_shell_Omega=     44.2899 meV  off_shell_Omega=     44.2899 meV
     lambda___(   2 )=       0.000000   gamma___=       0.000000 meV  omega=     84.4905 meV   on_shell_Omega=     84.4905 meV  off_shell_Omega=     84.4905 meV
     lambda_tr(   2 )=       0.000000   gamma_tr=       0.000000 meV  omega=     84.4905 meV   on_shell_Omega=     84.4905 meV  off_shell_Omega=     84.4905 meV
     lambda___(   3 )=       0.000000   gamma___=       0.000000 meV  omega=     87.6263 meV   on_shell_Omega=     87.6263 meV  off_shell_Omega=     87.6263 meV
     lambda_tr(   3 )=       0.000000   gamma_tr=       0.000000 meV  omega=     87.6263 meV   on_shell_Omega=     87.6263 meV  off_shell_Omega=     87.6263 meV
     lambda___(   4 )=       0.000000   gamma___=       0.000000 meV  omega=    138.8833 meV   on_shell_Omega=    138.8833 meV  off_shell_Omega=    138.8833 meV
     lambda_tr(   4 )=       0.000000   gamma_tr=       0.000000 meV  omega=    138.8833 meV   on_shell_Omega=    138.8833 meV  off_shell_Omega=    138.8833 meV
     lambda___(   5 )=       0.000000   gamma___=       0.000000 meV  omega=    174.3908 meV   on_shell_Omega=    174.3908 meV  off_shell_Omega=    174.3908 meV
     lambda_tr(   5 )=       0.000000   gamma_tr=       0.000000 meV  omega=    174.3908 meV   on_shell_Omega=    174.3908 meV  off_shell_Omega=    174.3908 meV
     lambda___(   6 )=       0.000000   gamma___=       0.000000 meV  omega=    181.9601 meV   on_shell_Omega=    181.9601 meV  off_shell_Omega=    181.9601 meV
     lambda_tr(   6 )=       0.000000   gamma_tr=       0.000000 meV  omega=    181.9601 meV   on_shell_Omega=    181.9601 meV  off_shell_Omega=    181.9601 meV
     lambda___( tot )=       0.000000
     lambda_tr( tot )=       0.000000
     -------------------------------------------------------------------


     Number of (k,k+q) pairs on the Fermi surface:      166 out of      324


     ismear =     1 iq =     120 coord.:   0.33333  0.61111  0.00000 wt:   0.00309 Temp:  300.000K
     -------------------------------------------------------------------
     lambda___(   1 )=       0.000000   gamma___=       0.000000 meV  omega=     38.7155 meV   on_shell_Omega=     38.7155 meV  off_shell_Omega=     38.7155 meV
     lambda_tr(   1 )=       0.000000   gamma_tr=       0.000000 meV  omega=     38.7155 meV   on_shell_Omega=     38.7155 meV  off_shell_Omega=     38.7155 meV
     lambda___(   2 )=       0.000000   gamma___=       0.000000 meV  omega=     74.7040 meV   on_shell_Omega=     74.7040 meV  off_shell_Omega=     74.7040 meV
     lambda_tr(   2 )=       0.000000   gamma_tr=       0.000000 meV  omega=     74.7040 meV   on_shell_Omega=     74.7040 meV  off_shell_Omega=     74.7040 meV
     lambda___(   3 )=       0.000000   gamma___=       0.000000 meV  omega=     91.8159 meV   on_shell_Omega=     91.8159 meV  off_shell_Omega=     91.8159 meV
     lambda_tr(   3 )=       0.000000   gamma_tr=       0.000000 meV  omega=     91.8159 meV   on_shell_Omega=     91.8159 meV  off_shell_Omega=     91.8159 meV
     lambda___(   4 )=       0.000000   gamma___=       0.000000 meV  omega=    132.8626 meV   on_shell_Omega=    132.8626 meV  off_shell_Omega=    132.8626 meV
     lambda_tr(   4 )=       0.000000   gamma_tr=       0.000000 meV  omega=    132.8626 meV   on_shell_Omega=    132.8626 meV  off_shell_Omega=    132.8626 meV
     lambda___(   5 )=       0.000000   gamma___=       0.000000 meV  omega=    176.5052 meV   on_shell_Omega=    176.5052 meV  off_shell_Omega=    176.5052 meV
     lambda_tr(   5 )=       0.000000   gamma_tr=       0.000000 meV  omega=    176.5052 meV   on_shell_Omega=    176.5052 meV  off_shell_Omega=    176.5052 meV
     lambda___(   6 )=       0.000000   gamma___=       0.000000 meV  omega=    187.3742 meV   on_shell_Omega=    187.3742 meV  off_shell_Omega=    187.3742 meV
     lambda_tr(   6 )=       0.000000   gamma_tr=       0.000000 meV  omega=    187.3742 meV   on_shell_Omega=    187.3742 meV  off_shell_Omega=    187.3742 meV
     lambda___( tot )=       0.000000
     lambda_tr( tot )=       0.000000
     -------------------------------------------------------------------


     Number of (k,k+q) pairs on the Fermi surface:      164 out of      324


     ismear =     1 iq =     121 coord.:   0.33333  0.66667  0.00000 wt:   0.00309 Temp:  300.000K
     -------------------------------------------------------------------
     lambda___(   1 )=       0.000000   gamma___=       0.000000 meV  omega=     33.1569 meV   on_shell_Omega=     33.1569 meV  off_shell_Omega=     33.1569 meV
     lambda_tr(   1 )=       0.000000   gamma_tr=       0.000000 meV  omega=     33.1569 meV   on_shell_Omega=     33.1569 meV  off_shell_Omega=     33.1569 meV
     lambda___(   2 )=       0.000000   gamma___=       0.000000 meV  omega=     68.9140 meV   on_shell_Omega=     68.9140 meV  off_shell_Omega=     68.9140 meV
     lambda_tr(   2 )=       0.000000   gamma_tr=       0.000000 meV  omega=     68.9140 meV   on_shell_Omega=     68.9140 meV  off_shell_Omega=     68.9140 meV
     lambda___(   3 )=       0.000000   gamma___=       0.000000 meV  omega=     95.1326 meV   on_shell_Omega=     95.1326 meV  off_shell_Omega=     95.1326 meV
     lambda_tr(   3 )=       0.000000   gamma_tr=       0.000000 meV  omega=     95.1326 meV   on_shell_Omega=     95.1326 meV  off_shell_Omega=     95.1326 meV
     lambda___(   4 )=       0.000000   gamma___=       0.000000 meV  omega=    124.9307 meV   on_shell_Omega=    124.9307 meV  off_shell_Omega=    124.9307 meV
     lambda_tr(   4 )=       0.000000   gamma_tr=       0.000000 meV  omega=    124.9307 meV   on_shell_Omega=    124.9307 meV  off_shell_Omega=    124.9307 meV
     lambda___(   5 )=       0.000000   gamma___=       0.000000 meV  omega=    178.1962 meV   on_shell_Omega=    178.1962 meV  off_shell_Omega=    178.1962 meV
     lambda_tr(   5 )=       0.000000   gamma_tr=       0.000000 meV  omega=    178.1962 meV   on_shell_Omega=    178.1962 meV  off_shell_Omega=    178.1962 meV
     lambda___(   6 )=       0.000000   gamma___=       0.000000 meV  omega=    191.2648 meV   on_shell_Omega=    191.2648 meV  off_shell_Omega=    191.2648 meV
     lambda_tr(   6 )=       0.000000   gamma_tr=       0.000000 meV  omega=    191.2648 meV   on_shell_Omega=    191.2648 meV  off_shell_Omega=    191.2648 meV
     lambda___( tot )=       0.000000
     lambda_tr( tot )=       0.000000
     -------------------------------------------------------------------


     Number of (k,k+q) pairs on the Fermi surface:      171 out of      324


     ismear =     1 iq =     122 coord.:   0.33333  0.72222  0.00000 wt:   0.00309 Temp:  300.000K
     -------------------------------------------------------------------
     lambda___(   1 )=       0.000000   gamma___=       0.000000 meV  omega=     28.4016 meV   on_shell_Omega=     28.4016 meV  off_shell_Omega=     28.4016 meV
     lambda_tr(   1 )=       0.000000   gamma_tr=       0.000000 meV  omega=     28.4016 meV   on_shell_Omega=     28.4016 meV  off_shell_Omega=     28.4016 meV
     lambda___(   2 )=       0.000000   gamma___=       0.000000 meV  omega=     68.4499 meV   on_shell_Omega=     68.4499 meV  off_shell_Omega=     68.4499 meV
     lambda_tr(   2 )=       0.000000   gamma_tr=       0.000000 meV  omega=     68.4499 meV   on_shell_Omega=     68.4499 meV  off_shell_Omega=     68.4499 meV
     lambda___(   3 )=       0.000000   gamma___=       0.000000 meV  omega=     97.4271 meV   on_shell_Omega=     97.4271 meV  off_shell_Omega=     97.4271 meV
     lambda_tr(   3 )=       0.000000   gamma_tr=       0.000000 meV  omega=     97.4271 meV   on_shell_Omega=     97.4271 meV  off_shell_Omega=     97.4271 meV
     lambda___(   4 )=       0.000000   gamma___=       0.000000 meV  omega=    116.0823 meV   on_shell_Omega=    116.0824 meV  off_shell_Omega=    116.0824 meV
     lambda_tr(   4 )=       0.000000   gamma_tr=       0.000000 meV  omega=    116.0823 meV   on_shell_Omega=    116.0824 meV  off_shell_Omega=    116.0824 meV
     lambda___(   5 )=       0.000000   gamma___=       0.000000 meV  omega=    179.0260 meV   on_shell_Omega=    179.0260 meV  off_shell_Omega=    179.0260 meV
     lambda_tr(   5 )=       0.000000   gamma_tr=       0.000000 meV  omega=    179.0260 meV   on_shell_Omega=    179.0260 meV  off_shell_Omega=    179.0260 meV
     lambda___(   6 )=       0.000000   gamma___=       0.000000 meV  omega=    193.3977 meV   on_shell_Omega=    193.3978 meV  off_shell_Omega=    193.3978 meV
     lambda_tr(   6 )=       0.000000   gamma_tr=       0.000000 meV  omega=    193.3977 meV   on_shell_Omega=    193.3978 meV  off_shell_Omega=    193.3978 meV
     lambda___( tot )=       0.000000
     lambda_tr( tot )=       0.000000
     -------------------------------------------------------------------


     Number of (k,k+q) pairs on the Fermi surface:      177 out of      324


     ismear =     1 iq =     123 coord.:   0.33333  0.77778  0.00000 wt:   0.00309 Temp:  300.000K
     -------------------------------------------------------------------
     lambda___(   1 )=       0.000000   gamma___=       0.000000 meV  omega=     25.3433 meV   on_shell_Omega=     25.3433 meV  off_shell_Omega=     25.3433 meV
     lambda_tr(   1 )=       0.000000   gamma_tr=       0.000000 meV  omega=     25.3433 meV   on_shell_Omega=     25.3433 meV  off_shell_Omega=     25.3433 meV
     lambda___(   2 )=       0.000000   gamma___=       0.000000 meV  omega=     71.9168 meV   on_shell_Omega=     71.9168 meV  off_shell_Omega=     71.9168 meV
     lambda_tr(   2 )=       0.000000   gamma_tr=       0.000000 meV  omega=     71.9168 meV   on_shell_Omega=     71.9168 meV  off_shell_Omega=     71.9168 meV
     lambda___(   3 )=       0.000000   gamma___=       0.000000 meV  omega=     98.6933 meV   on_shell_Omega=     98.6933 meV  off_shell_Omega=     98.6933 meV
     lambda_tr(   3 )=       0.000000   gamma_tr=       0.000000 meV  omega=     98.6933 meV   on_shell_Omega=     98.6933 meV  off_shell_Omega=     98.6933 meV
     lambda___(   4 )=       0.000000   gamma___=       0.000000 meV  omega=    108.1034 meV   on_shell_Omega=    108.1034 meV  off_shell_Omega=    108.1034 meV
     lambda_tr(   4 )=       0.000000   gamma_tr=       0.000000 meV  omega=    108.1034 meV   on_shell_Omega=    108.1034 meV  off_shell_Omega=    108.1034 meV
     lambda___(   5 )=       0.000000   gamma___=       0.000000 meV  omega=    178.9943 meV   on_shell_Omega=    178.9943 meV  off_shell_Omega=    178.9943 meV
     lambda_tr(   5 )=       0.000000   gamma_tr=       0.000000 meV  omega=    178.9943 meV   on_shell_Omega=    178.9943 meV  off_shell_Omega=    178.9943 meV
     lambda___(   6 )=       0.000000   gamma___=       0.000000 meV  omega=    194.0722 meV   on_shell_Omega=    194.0722 meV  off_shell_Omega=    194.0722 meV
     lambda_tr(   6 )=       0.000000   gamma_tr=       0.000000 meV  omega=    194.0722 meV   on_shell_Omega=    194.0722 meV  off_shell_Omega=    194.0722 meV
     lambda___( tot )=       0.000000
     lambda_tr( tot )=       0.000000
     -------------------------------------------------------------------


     Number of (k,k+q) pairs on the Fermi surface:      182 out of      324


     ismear =     1 iq =     124 coord.:   0.33333  0.83333  0.00000 wt:   0.00309 Temp:  300.000K
     -------------------------------------------------------------------
     lambda___(   1 )=       0.000000   gamma___=       0.000000 meV  omega=     24.3343 meV   on_shell_Omega=     24.3343 meV  off_shell_Omega=     24.3343 meV
     lambda_tr(   1 )=       0.000000   gamma_tr=       0.000000 meV  omega=     24.3343 meV   on_shell_Omega=     24.3343 meV  off_shell_Omega=     24.3343 meV
     lambda___(   2 )=       0.000000   gamma___=       0.000000 meV  omega=     74.3972 meV   on_shell_Omega=     74.3972 meV  off_shell_Omega=     74.3972 meV
     lambda_tr(   2 )=       0.000000   gamma_tr=       0.000000 meV  omega=     74.3972 meV   on_shell_Omega=     74.3972 meV  off_shell_Omega=     74.3972 meV
     lambda___(   3 )=       0.000000   gamma___=       0.000000 meV  omega=     99.0822 meV   on_shell_Omega=     99.0822 meV  off_shell_Omega=     99.0822 meV
     lambda_tr(   3 )=       0.000000   gamma_tr=       0.000000 meV  omega=     99.0822 meV   on_shell_Omega=     99.0822 meV  off_shell_Omega=     99.0822 meV
     lambda___(   4 )=       0.000000   gamma___=       0.000000 meV  omega=    104.4304 meV   on_shell_Omega=    104.4304 meV  off_shell_Omega=    104.4304 meV
     lambda_tr(   4 )=       0.000000   gamma_tr=       0.000000 meV  omega=    104.4304 meV   on_shell_Omega=    104.4304 meV  off_shell_Omega=    104.4304 meV
     lambda___(   5 )=       0.000000   gamma___=       0.000000 meV  omega=    178.8251 meV   on_shell_Omega=    178.8251 meV  off_shell_Omega=    178.8251 meV
     lambda_tr(   5 )=       0.000000   gamma_tr=       0.000000 meV  omega=    178.8251 meV   on_shell_Omega=    178.8251 meV  off_shell_Omega=    178.8251 meV
     lambda___(   6 )=       0.000000   gamma___=       0.000000 meV  omega=    194.1346 meV   on_shell_Omega=    194.1346 meV  off_shell_Omega=    194.1346 meV
     lambda_tr(   6 )=       0.000000   gamma_tr=       0.000000 meV  omega=    194.1346 meV   on_shell_Omega=    194.1346 meV  off_shell_Omega=    194.1346 meV
     lambda___( tot )=       0.000000
     lambda_tr( tot )=       0.000000
     -------------------------------------------------------------------


     Number of (k,k+q) pairs on the Fermi surface:      187 out of      324


     ismear =     1 iq =     125 coord.:   0.33333  0.88889  0.00000 wt:   0.00309 Temp:  300.000K
     -------------------------------------------------------------------
     lambda___(   1 )=       0.000000   gamma___=       0.000000 meV  omega=     25.3433 meV   on_shell_Omega=     25.3433 meV  off_shell_Omega=     25.3433 meV
     lambda_tr(   1 )=       0.000000   gamma_tr=       0.000000 meV  omega=     25.3433 meV   on_shell_Omega=     25.3433 meV  off_shell_Omega=     25.3433 meV
     lambda___(   2 )=       0.000000   gamma___=       0.000000 meV  omega=     71.9168 meV   on_shell_Omega=     71.9168 meV  off_shell_Omega=     71.9168 meV
     lambda_tr(   2 )=       0.000000   gamma_tr=       0.000000 meV  omega=     71.9168 meV   on_shell_Omega=     71.9168 meV  off_shell_Omega=     71.9168 meV
     lambda___(   3 )=       0.000000   gamma___=       0.000000 meV  omega=     98.6933 meV   on_shell_Omega=     98.6933 meV  off_shell_Omega=     98.6933 meV
     lambda_tr(   3 )=       0.000000   gamma_tr=       0.000000 meV  omega=     98.6933 meV   on_shell_Omega=     98.6933 meV  off_shell_Omega=     98.6933 meV
     lambda___(   4 )=       0.000000   gamma___=       0.000000 meV  omega=    108.1034 meV   on_shell_Omega=    108.1034 meV  off_shell_Omega=    108.1034 meV
     lambda_tr(   4 )=       0.000000   gamma_tr=       0.000000 meV  omega=    108.1034 meV   on_shell_Omega=    108.1034 meV  off_shell_Omega=    108.1034 meV
     lambda___(   5 )=       0.000000   gamma___=       0.000000 meV  omega=    178.9943 meV   on_shell_Omega=    178.9943 meV  off_shell_Omega=    178.9943 meV
     lambda_tr(   5 )=       0.000000   gamma_tr=       0.000000 meV  omega=    178.9943 meV   on_shell_Omega=    178.9943 meV  off_shell_Omega=    178.9943 meV
     lambda___(   6 )=       0.000000   gamma___=       0.000000 meV  omega=    194.0722 meV   on_shell_Omega=    194.0722 meV  off_shell_Omega=    194.0722 meV
     lambda_tr(   6 )=       0.000000   gamma_tr=       0.000000 meV  omega=    194.0722 meV   on_shell_Omega=    194.0722 meV  off_shell_Omega=    194.0722 meV
     lambda___( tot )=       0.000000
     lambda_tr( tot )=       0.000000
     -------------------------------------------------------------------


     Number of (k,k+q) pairs on the Fermi surface:      186 out of      324


     ismear =     1 iq =     126 coord.:   0.33333  0.94444  0.00000 wt:   0.00309 Temp:  300.000K
     -------------------------------------------------------------------
     lambda___(   1 )=       0.000000   gamma___=       0.000000 meV  omega=     28.4016 meV   on_shell_Omega=     28.4016 meV  off_shell_Omega=     28.4016 meV
     lambda_tr(   1 )=       0.000000   gamma_tr=       0.000000 meV  omega=     28.4016 meV   on_shell_Omega=     28.4016 meV  off_shell_Omega=     28.4016 meV
     lambda___(   2 )=       0.000000   gamma___=       0.000000 meV  omega=     68.4499 meV   on_shell_Omega=     68.4499 meV  off_shell_Omega=     68.4499 meV
     lambda_tr(   2 )=       0.000000   gamma_tr=       0.000000 meV  omega=     68.4499 meV   on_shell_Omega=     68.4499 meV  off_shell_Omega=     68.4499 meV
     lambda___(   3 )=       0.000000   gamma___=       0.000000 meV  omega=     97.4271 meV   on_shell_Omega=     97.4271 meV  off_shell_Omega=     97.4271 meV
     lambda_tr(   3 )=       0.000000   gamma_tr=       0.000000 meV  omega=     97.4271 meV   on_shell_Omega=     97.4271 meV  off_shell_Omega=     97.4271 meV
     lambda___(   4 )=       0.000000   gamma___=       0.000000 meV  omega=    116.0823 meV   on_shell_Omega=    116.0823 meV  off_shell_Omega=    116.0823 meV
     lambda_tr(   4 )=       0.000000   gamma_tr=       0.000000 meV  omega=    116.0823 meV   on_shell_Omega=    116.0823 meV  off_shell_Omega=    116.0823 meV
     lambda___(   5 )=       0.000000   gamma___=       0.000000 meV  omega=    179.0260 meV   on_shell_Omega=    179.0260 meV  off_shell_Omega=    179.0260 meV
     lambda_tr(   5 )=       0.000000   gamma_tr=       0.000000 meV  omega=    179.0260 meV   on_shell_Omega=    179.0260 meV  off_shell_Omega=    179.0260 meV
     lambda___(   6 )=       0.000000   gamma___=       0.000000 meV  omega=    193.3977 meV   on_shell_Omega=    193.3978 meV  off_shell_Omega=    193.3978 meV
     lambda_tr(   6 )=       0.000000   gamma_tr=       0.000000 meV  omega=    193.3977 meV   on_shell_Omega=    193.3978 meV  off_shell_Omega=    193.3978 meV
     lambda___( tot )=       0.000000
     lambda_tr( tot )=       0.000000
     -------------------------------------------------------------------


     Number of (k,k+q) pairs on the Fermi surface:      179 out of      324


     ismear =     1 iq =     127 coord.:   0.38889  0.00000  0.00000 wt:   0.00309 Temp:  300.000K
     -------------------------------------------------------------------
     lambda___(   1 )=       0.000000   gamma___=       0.000000 meV  omega=     43.5112 meV   on_shell_Omega=     43.5112 meV  off_shell_Omega=     43.5112 meV
     lambda_tr(   1 )=       0.000000   gamma_tr=       0.000000 meV  omega=     43.5112 meV   on_shell_Omega=     43.5112 meV  off_shell_Omega=     43.5112 meV
     lambda___(   2 )=       0.000000   gamma___=       0.000000 meV  omega=     73.9240 meV   on_shell_Omega=     73.9240 meV  off_shell_Omega=     73.9240 meV
     lambda_tr(   2 )=       0.000000   gamma_tr=       0.000000 meV  omega=     73.9240 meV   on_shell_Omega=     73.9240 meV  off_shell_Omega=     73.9240 meV
     lambda___(   3 )=       0.000000   gamma___=       0.000000 meV  omega=     88.9894 meV   on_shell_Omega=     88.9894 meV  off_shell_Omega=     88.9894 meV
     lambda_tr(   3 )=       0.000000   gamma_tr=       0.000000 meV  omega=     88.9894 meV   on_shell_Omega=     88.9894 meV  off_shell_Omega=     88.9894 meV
     lambda___(   4 )=       0.000000   gamma___=       0.000000 meV  omega=    140.6385 meV   on_shell_Omega=    140.6385 meV  off_shell_Omega=    140.6385 meV
     lambda_tr(   4 )=       0.000000   gamma_tr=       0.000000 meV  omega=    140.6385 meV   on_shell_Omega=    140.6385 meV  off_shell_Omega=    140.6385 meV
     lambda___(   5 )=       0.000000   gamma___=       0.000000 meV  omega=    175.9536 meV   on_shell_Omega=    175.9536 meV  off_shell_Omega=    175.9536 meV
     lambda_tr(   5 )=       0.000000   gamma_tr=       0.000000 meV  omega=    175.9536 meV   on_shell_Omega=    175.9536 meV  off_shell_Omega=    175.9536 meV
     lambda___(   6 )=       0.000000   gamma___=       0.000000 meV  omega=    184.8010 meV   on_shell_Omega=    184.8010 meV  off_shell_Omega=    184.8010 meV
     lambda_tr(   6 )=       0.000000   gamma_tr=       0.000000 meV  omega=    184.8010 meV   on_shell_Omega=    184.8010 meV  off_shell_Omega=    184.8010 meV
     lambda___( tot )=       0.000000
     lambda_tr( tot )=       0.000000
     -------------------------------------------------------------------


     Number of (k,k+q) pairs on the Fermi surface:      159 out of      324


     ismear =     1 iq =     128 coord.:   0.38889  0.05556  0.00000 wt:   0.00309 Temp:  300.000K
     -------------------------------------------------------------------
     lambda___(   1 )=       0.000000   gamma___=       0.000000 meV  omega=     48.7209 meV   on_shell_Omega=     48.7210 meV  off_shell_Omega=     48.7210 meV
     lambda_tr(   1 )=       0.000000   gamma_tr=       0.000000 meV  omega=     48.7209 meV   on_shell_Omega=     48.7210 meV  off_shell_Omega=     48.7210 meV
     lambda___(   2 )=       0.000000   gamma___=       0.000000 meV  omega=     78.5229 meV   on_shell_Omega=     78.5229 meV  off_shell_Omega=     78.5229 meV
     lambda_tr(   2 )=       0.000000   gamma_tr=       0.000000 meV  omega=     78.5229 meV   on_shell_Omega=     78.5229 meV  off_shell_Omega=     78.5229 meV
     lambda___(   3 )=       0.000000   gamma___=       0.000000 meV  omega=     85.1887 meV   on_shell_Omega=     85.1887 meV  off_shell_Omega=     85.1887 meV
     lambda_tr(   3 )=       0.000000   gamma_tr=       0.000000 meV  omega=     85.1887 meV   on_shell_Omega=     85.1887 meV  off_shell_Omega=     85.1887 meV
     lambda___(   4 )=       0.000000   gamma___=       0.000000 meV  omega=    147.4393 meV   on_shell_Omega=    147.4393 meV  off_shell_Omega=    147.4393 meV
     lambda_tr(   4 )=       0.000000   gamma_tr=       0.000000 meV  omega=    147.4393 meV   on_shell_Omega=    147.4393 meV  off_shell_Omega=    147.4393 meV
     lambda___(   5 )=       0.000000   gamma___=       0.000000 meV  omega=    174.7024 meV   on_shell_Omega=    174.7024 meV  off_shell_Omega=    174.7024 meV
     lambda_tr(   5 )=       0.000000   gamma_tr=       0.000000 meV  omega=    174.7024 meV   on_shell_Omega=    174.7024 meV  off_shell_Omega=    174.7024 meV
     lambda___(   6 )=       0.000000   gamma___=       0.000000 meV  omega=    180.0388 meV   on_shell_Omega=    180.0388 meV  off_shell_Omega=    180.0388 meV
     lambda_tr(   6 )=       0.000000   gamma_tr=       0.000000 meV  omega=    180.0388 meV   on_shell_Omega=    180.0388 meV  off_shell_Omega=    180.0388 meV
     lambda___( tot )=       0.000000
     lambda_tr( tot )=       0.000000
     -------------------------------------------------------------------


     Number of (k,k+q) pairs on the Fermi surface:      153 out of      324


     ismear =     1 iq =     129 coord.:   0.38889  0.11111  0.00000 wt:   0.00309 Temp:  300.000K
     -------------------------------------------------------------------
     lambda___(   1 )=       0.000000   gamma___=       0.000000 meV  omega=     53.2899 meV   on_shell_Omega=     53.2899 meV  off_shell_Omega=     53.2899 meV
     lambda_tr(   1 )=       0.000000   gamma_tr=       0.000000 meV  omega=     53.2899 meV   on_shell_Omega=     53.2899 meV  off_shell_Omega=     53.2899 meV
     lambda___(   2 )=       0.000000   gamma___=       0.000000 meV  omega=     80.9301 meV   on_shell_Omega=     80.9301 meV  off_shell_Omega=     80.9301 meV
     lambda_tr(   2 )=       0.000000   gamma_tr=       0.000000 meV  omega=     80.9301 meV   on_shell_Omega=     80.9301 meV  off_shell_Omega=     80.9301 meV
     lambda___(   3 )=       0.000000   gamma___=       0.000000 meV  omega=     87.2212 meV   on_shell_Omega=     87.2212 meV  off_shell_Omega=     87.2212 meV
     lambda_tr(   3 )=       0.000000   gamma_tr=       0.000000 meV  omega=     87.2212 meV   on_shell_Omega=     87.2212 meV  off_shell_Omega=     87.2212 meV
     lambda___(   4 )=       0.000000   gamma___=       0.000000 meV  omega=    152.1278 meV   on_shell_Omega=    152.1278 meV  off_shell_Omega=    152.1278 meV
     lambda_tr(   4 )=       0.000000   gamma_tr=       0.000000 meV  omega=    152.1278 meV   on_shell_Omega=    152.1278 meV  off_shell_Omega=    152.1278 meV
     lambda___(   5 )=       0.000000   gamma___=       0.000000 meV  omega=    172.6987 meV   on_shell_Omega=    172.6987 meV  off_shell_Omega=    172.6987 meV
     lambda_tr(   5 )=       0.000000   gamma_tr=       0.000000 meV  omega=    172.6987 meV   on_shell_Omega=    172.6987 meV  off_shell_Omega=    172.6987 meV
     lambda___(   6 )=       0.000000   gamma___=       0.000000 meV  omega=    174.0168 meV   on_shell_Omega=    174.0168 meV  off_shell_Omega=    174.0168 meV
     lambda_tr(   6 )=       0.000000   gamma_tr=       0.000000 meV  omega=    174.0168 meV   on_shell_Omega=    174.0168 meV  off_shell_Omega=    174.0168 meV
     lambda___( tot )=       0.000000
     lambda_tr( tot )=       0.000000
     -------------------------------------------------------------------


     Number of (k,k+q) pairs on the Fermi surface:      151 out of      324


     ismear =     1 iq =     130 coord.:   0.38889  0.16667  0.00000 wt:   0.00309 Temp:  300.000K
     -------------------------------------------------------------------
     lambda___(   1 )=       0.000000   gamma___=       0.000000 meV  omega=     56.8551 meV   on_shell_Omega=     56.8551 meV  off_shell_Omega=     56.8551 meV
     lambda_tr(   1 )=       0.000000   gamma_tr=       0.000000 meV  omega=     56.8551 meV   on_shell_Omega=     56.8551 meV  off_shell_Omega=     56.8551 meV
     lambda___(   2 )=       0.000000   gamma___=       0.000000 meV  omega=     76.7167 meV   on_shell_Omega=     76.7167 meV  off_shell_Omega=     76.7167 meV
     lambda_tr(   2 )=       0.000000   gamma_tr=       0.000000 meV  omega=     76.7167 meV   on_shell_Omega=     76.7167 meV  off_shell_Omega=     76.7167 meV
     lambda___(   3 )=       0.000000   gamma___=       0.000000 meV  omega=     98.2847 meV   on_shell_Omega=     98.2847 meV  off_shell_Omega=     98.2847 meV
     lambda_tr(   3 )=       0.000000   gamma_tr=       0.000000 meV  omega=     98.2847 meV   on_shell_Omega=     98.2847 meV  off_shell_Omega=     98.2847 meV
     lambda___(   4 )=       0.000000   gamma___=       0.000000 meV  omega=    154.7530 meV   on_shell_Omega=    154.7530 meV  off_shell_Omega=    154.7530 meV
     lambda_tr(   4 )=       0.000000   gamma_tr=       0.000000 meV  omega=    154.7530 meV   on_shell_Omega=    154.7530 meV  off_shell_Omega=    154.7530 meV
     lambda___(   5 )=       0.000000   gamma___=       0.000000 meV  omega=    165.9419 meV   on_shell_Omega=    165.9419 meV  off_shell_Omega=    165.9419 meV
     lambda_tr(   5 )=       0.000000   gamma_tr=       0.000000 meV  omega=    165.9419 meV   on_shell_Omega=    165.9419 meV  off_shell_Omega=    165.9419 meV
     lambda___(   6 )=       0.000000   gamma___=       0.000000 meV  omega=    170.5417 meV   on_shell_Omega=    170.5417 meV  off_shell_Omega=    170.5417 meV
     lambda_tr(   6 )=       0.000000   gamma_tr=       0.000000 meV  omega=    170.5417 meV   on_shell_Omega=    170.5417 meV  off_shell_Omega=    170.5417 meV
     lambda___( tot )=       0.000000
     lambda_tr( tot )=       0.000000
     -------------------------------------------------------------------


     Number of (k,k+q) pairs on the Fermi surface:      158 out of      324


     ismear =     1 iq =     131 coord.:   0.38889  0.22222  0.00000 wt:   0.00309 Temp:  300.000K
     -------------------------------------------------------------------
     lambda___(   1 )=       0.000000   gamma___=       0.000000 meV  omega=     59.2217 meV   on_shell_Omega=     59.2217 meV  off_shell_Omega=     59.2217 meV
     lambda_tr(   1 )=       0.000000   gamma_tr=       0.000000 meV  omega=     59.2217 meV   on_shell_Omega=     59.2217 meV  off_shell_Omega=     59.2217 meV
     lambda___(   2 )=       0.000000   gamma___=       0.000000 meV  omega=     73.2563 meV   on_shell_Omega=     73.2563 meV  off_shell_Omega=     73.2563 meV
     lambda_tr(   2 )=       0.000000   gamma_tr=       0.000000 meV  omega=     73.2563 meV   on_shell_Omega=     73.2563 meV  off_shell_Omega=     73.2563 meV
     lambda___(   3 )=       0.000000   gamma___=       0.000000 meV  omega=    109.8774 meV   on_shell_Omega=    109.8774 meV  off_shell_Omega=    109.8774 meV
     lambda_tr(   3 )=       0.000000   gamma_tr=       0.000000 meV  omega=    109.8774 meV   on_shell_Omega=    109.8774 meV  off_shell_Omega=    109.8774 meV
     lambda___(   4 )=       0.000000   gamma___=       0.000000 meV  omega=    154.3190 meV   on_shell_Omega=    154.3190 meV  off_shell_Omega=    154.3190 meV
     lambda_tr(   4 )=       0.000000   gamma_tr=       0.000000 meV  omega=    154.3190 meV   on_shell_Omega=    154.3190 meV  off_shell_Omega=    154.3190 meV
     lambda___(   5 )=       0.000000   gamma___=       0.000000 meV  omega=    159.0782 meV   on_shell_Omega=    159.0782 meV  off_shell_Omega=    159.0782 meV
     lambda_tr(   5 )=       0.000000   gamma_tr=       0.000000 meV  omega=    159.0782 meV   on_shell_Omega=    159.0782 meV  off_shell_Omega=    159.0782 meV
     lambda___(   6 )=       0.000000   gamma___=       0.000000 meV  omega=    167.0051 meV   on_shell_Omega=    167.0051 meV  off_shell_Omega=    167.0051 meV
     lambda_tr(   6 )=       0.000000   gamma_tr=       0.000000 meV  omega=    167.0051 meV   on_shell_Omega=    167.0051 meV  off_shell_Omega=    167.0051 meV
     lambda___( tot )=       0.000000
     lambda_tr( tot )=       0.000000
     -------------------------------------------------------------------


     Number of (k,k+q) pairs on the Fermi surface:      163 out of      324


     ismear =     1 iq =     132 coord.:   0.38889  0.27778  0.00000 wt:   0.00309 Temp:  300.000K
     -------------------------------------------------------------------
     lambda___(   1 )=       0.000000   gamma___=       0.000000 meV  omega=     60.3294 meV   on_shell_Omega=     60.3294 meV  off_shell_Omega=     60.3294 meV
     lambda_tr(   1 )=       0.000000   gamma_tr=       0.000000 meV  omega=     60.3294 meV   on_shell_Omega=     60.3294 meV  off_shell_Omega=     60.3294 meV
     lambda___(   2 )=       0.000000   gamma___=       0.000000 meV  omega=     71.3242 meV   on_shell_Omega=     71.3242 meV  off_shell_Omega=     71.3242 meV
     lambda_tr(   2 )=       0.000000   gamma_tr=       0.000000 meV  omega=     71.3242 meV   on_shell_Omega=     71.3242 meV  off_shell_Omega=     71.3242 meV
     lambda___(   3 )=       0.000000   gamma___=       0.000000 meV  omega=    119.0819 meV   on_shell_Omega=    119.0819 meV  off_shell_Omega=    119.0819 meV
     lambda_tr(   3 )=       0.000000   gamma_tr=       0.000000 meV  omega=    119.0819 meV   on_shell_Omega=    119.0819 meV  off_shell_Omega=    119.0819 meV
     lambda___(   4 )=       0.000000   gamma___=       0.000000 meV  omega=    148.1571 meV   on_shell_Omega=    148.1571 meV  off_shell_Omega=    148.1571 meV
     lambda_tr(   4 )=       0.000000   gamma_tr=       0.000000 meV  omega=    148.1571 meV   on_shell_Omega=    148.1571 meV  off_shell_Omega=    148.1571 meV
     lambda___(   5 )=       0.000000   gamma___=       0.000000 meV  omega=    158.2074 meV   on_shell_Omega=    158.2074 meV  off_shell_Omega=    158.2074 meV
     lambda_tr(   5 )=       0.000000   gamma_tr=       0.000000 meV  omega=    158.2074 meV   on_shell_Omega=    158.2074 meV  off_shell_Omega=    158.2074 meV
     lambda___(   6 )=       0.000000   gamma___=       0.000000 meV  omega=    164.2275 meV   on_shell_Omega=    164.2275 meV  off_shell_Omega=    164.2275 meV
     lambda_tr(   6 )=       0.000000   gamma_tr=       0.000000 meV  omega=    164.2275 meV   on_shell_Omega=    164.2275 meV  off_shell_Omega=    164.2275 meV
     lambda___( tot )=       0.000000
     lambda_tr( tot )=       0.000000
     -------------------------------------------------------------------


     Number of (k,k+q) pairs on the Fermi surface:      169 out of      324


     ismear =     1 iq =     133 coord.:   0.38889  0.33333  0.00000 wt:   0.00309 Temp:  300.000K
     -------------------------------------------------------------------
     lambda___(   1 )=       0.000000   gamma___=       0.000000 meV  omega=     60.3294 meV   on_shell_Omega=     60.3294 meV  off_shell_Omega=     60.3294 meV
     lambda_tr(   1 )=       0.000000   gamma_tr=       0.000000 meV  omega=     60.3294 meV   on_shell_Omega=     60.3294 meV  off_shell_Omega=     60.3294 meV
     lambda___(   2 )=       0.000000   gamma___=       0.000000 meV  omega=     71.3242 meV   on_shell_Omega=     71.3242 meV  off_shell_Omega=     71.3242 meV
     lambda_tr(   2 )=       0.000000   gamma_tr=       0.000000 meV  omega=     71.3242 meV   on_shell_Omega=     71.3242 meV  off_shell_Omega=     71.3242 meV
     lambda___(   3 )=       0.000000   gamma___=       0.000000 meV  omega=    119.0819 meV   on_shell_Omega=    119.0819 meV  off_shell_Omega=    119.0819 meV
     lambda_tr(   3 )=       0.000000   gamma_tr=       0.000000 meV  omega=    119.0819 meV   on_shell_Omega=    119.0819 meV  off_shell_Omega=    119.0819 meV
     lambda___(   4 )=       0.000000   gamma___=       0.000000 meV  omega=    148.1571 meV   on_shell_Omega=    148.1571 meV  off_shell_Omega=    148.1571 meV
     lambda_tr(   4 )=       0.000000   gamma_tr=       0.000000 meV  omega=    148.1571 meV   on_shell_Omega=    148.1571 meV  off_shell_Omega=    148.1571 meV
     lambda___(   5 )=       0.000000   gamma___=       0.000000 meV  omega=    158.2074 meV   on_shell_Omega=    158.2074 meV  off_shell_Omega=    158.2074 meV
     lambda_tr(   5 )=       0.000000   gamma_tr=       0.000000 meV  omega=    158.2074 meV   on_shell_Omega=    158.2074 meV  off_shell_Omega=    158.2074 meV
     lambda___(   6 )=       0.000000   gamma___=       0.000000 meV  omega=    164.2275 meV   on_shell_Omega=    164.2275 meV  off_shell_Omega=    164.2275 meV
     lambda_tr(   6 )=       0.000000   gamma_tr=       0.000000 meV  omega=    164.2275 meV   on_shell_Omega=    164.2275 meV  off_shell_Omega=    164.2275 meV
     lambda___( tot )=       0.000000
     lambda_tr( tot )=       0.000000
     -------------------------------------------------------------------


     Number of (k,k+q) pairs on the Fermi surface:      172 out of      324


     ismear =     1 iq =     134 coord.:   0.38889  0.38889  0.00000 wt:   0.00309 Temp:  300.000K
     -------------------------------------------------------------------
     lambda___(   1 )=       0.000000   gamma___=       0.000000 meV  omega=     59.2217 meV   on_shell_Omega=     59.2217 meV  off_shell_Omega=     59.2217 meV
     lambda_tr(   1 )=       0.000000   gamma_tr=       0.000000 meV  omega=     59.2217 meV   on_shell_Omega=     59.2217 meV  off_shell_Omega=     59.2217 meV
     lambda___(   2 )=       0.000000   gamma___=       0.000000 meV  omega=     73.2563 meV   on_shell_Omega=     73.2563 meV  off_shell_Omega=     73.2563 meV
     lambda_tr(   2 )=       0.000000   gamma_tr=       0.000000 meV  omega=     73.2563 meV   on_shell_Omega=     73.2563 meV  off_shell_Omega=     73.2563 meV
     lambda___(   3 )=       0.000000   gamma___=       0.000000 meV  omega=    109.8774 meV   on_shell_Omega=    109.8774 meV  off_shell_Omega=    109.8774 meV
     lambda_tr(   3 )=       0.000000   gamma_tr=       0.000000 meV  omega=    109.8774 meV   on_shell_Omega=    109.8774 meV  off_shell_Omega=    109.8774 meV
     lambda___(   4 )=       0.000000   gamma___=       0.000000 meV  omega=    154.3190 meV   on_shell_Omega=    154.3190 meV  off_shell_Omega=    154.3190 meV
     lambda_tr(   4 )=       0.000000   gamma_tr=       0.000000 meV  omega=    154.3190 meV   on_shell_Omega=    154.3190 meV  off_shell_Omega=    154.3190 meV
     lambda___(   5 )=       0.000000   gamma___=       0.000000 meV  omega=    159.0782 meV   on_shell_Omega=    159.0782 meV  off_shell_Omega=    159.0782 meV
     lambda_tr(   5 )=       0.000000   gamma_tr=       0.000000 meV  omega=    159.0782 meV   on_shell_Omega=    159.0782 meV  off_shell_Omega=    159.0782 meV
     lambda___(   6 )=       0.000000   gamma___=       0.000000 meV  omega=    167.0051 meV   on_shell_Omega=    167.0051 meV  off_shell_Omega=    167.0051 meV
     lambda_tr(   6 )=       0.000000   gamma_tr=       0.000000 meV  omega=    167.0051 meV   on_shell_Omega=    167.0051 meV  off_shell_Omega=    167.0051 meV
     lambda___( tot )=       0.000000
     lambda_tr( tot )=       0.000000
     -------------------------------------------------------------------


     Number of (k,k+q) pairs on the Fermi surface:      175 out of      324


     ismear =     1 iq =     135 coord.:   0.38889  0.44444  0.00000 wt:   0.00309 Temp:  300.000K
     -------------------------------------------------------------------
     lambda___(   1 )=       0.000000   gamma___=       0.000000 meV  omega=     56.8551 meV   on_shell_Omega=     56.8551 meV  off_shell_Omega=     56.8551 meV
     lambda_tr(   1 )=       0.000000   gamma_tr=       0.000000 meV  omega=     56.8551 meV   on_shell_Omega=     56.8551 meV  off_shell_Omega=     56.8551 meV
     lambda___(   2 )=       0.000000   gamma___=       0.000000 meV  omega=     76.7167 meV   on_shell_Omega=     76.7167 meV  off_shell_Omega=     76.7167 meV
     lambda_tr(   2 )=       0.000000   gamma_tr=       0.000000 meV  omega=     76.7167 meV   on_shell_Omega=     76.7167 meV  off_shell_Omega=     76.7167 meV
     lambda___(   3 )=       0.000000   gamma___=       0.000000 meV  omega=     98.2847 meV   on_shell_Omega=     98.2847 meV  off_shell_Omega=     98.2847 meV
     lambda_tr(   3 )=       0.000000   gamma_tr=       0.000000 meV  omega=     98.2847 meV   on_shell_Omega=     98.2847 meV  off_shell_Omega=     98.2847 meV
     lambda___(   4 )=       0.000000   gamma___=       0.000000 meV  omega=    154.7530 meV   on_shell_Omega=    154.7530 meV  off_shell_Omega=    154.7530 meV
     lambda_tr(   4 )=       0.000000   gamma_tr=       0.000000 meV  omega=    154.7530 meV   on_shell_Omega=    154.7530 meV  off_shell_Omega=    154.7530 meV
     lambda___(   5 )=       0.000000   gamma___=       0.000000 meV  omega=    165.9419 meV   on_shell_Omega=    165.9419 meV  off_shell_Omega=    165.9419 meV
     lambda_tr(   5 )=       0.000000   gamma_tr=       0.000000 meV  omega=    165.9419 meV   on_shell_Omega=    165.9419 meV  off_shell_Omega=    165.9419 meV
     lambda___(   6 )=       0.000000   gamma___=       0.000000 meV  omega=    170.5417 meV   on_shell_Omega=    170.5417 meV  off_shell_Omega=    170.5417 meV
     lambda_tr(   6 )=       0.000000   gamma_tr=       0.000000 meV  omega=    170.5417 meV   on_shell_Omega=    170.5417 meV  off_shell_Omega=    170.5417 meV
     lambda___( tot )=       0.000000
     lambda_tr( tot )=       0.000000
     -------------------------------------------------------------------


     Number of (k,k+q) pairs on the Fermi surface:      172 out of      324


     ismear =     1 iq =     136 coord.:   0.38889  0.50000  0.00000 wt:   0.00309 Temp:  300.000K
     -------------------------------------------------------------------
     lambda___(   1 )=       0.000000   gamma___=       0.000000 meV  omega=     53.2899 meV   on_shell_Omega=     53.2899 meV  off_shell_Omega=     53.2899 meV
     lambda_tr(   1 )=       0.000000   gamma_tr=       0.000000 meV  omega=     53.2899 meV   on_shell_Omega=     53.2899 meV  off_shell_Omega=     53.2899 meV
     lambda___(   2 )=       0.000000   gamma___=       0.000000 meV  omega=     80.9301 meV   on_shell_Omega=     80.9301 meV  off_shell_Omega=     80.9301 meV
     lambda_tr(   2 )=       0.000000   gamma_tr=       0.000000 meV  omega=     80.9301 meV   on_shell_Omega=     80.9301 meV  off_shell_Omega=     80.9301 meV
     lambda___(   3 )=       0.000000   gamma___=       0.000000 meV  omega=     87.2212 meV   on_shell_Omega=     87.2212 meV  off_shell_Omega=     87.2212 meV
     lambda_tr(   3 )=       0.000000   gamma_tr=       0.000000 meV  omega=     87.2212 meV   on_shell_Omega=     87.2212 meV  off_shell_Omega=     87.2212 meV
     lambda___(   4 )=       0.000000   gamma___=       0.000000 meV  omega=    152.1278 meV   on_shell_Omega=    152.1278 meV  off_shell_Omega=    152.1278 meV
     lambda_tr(   4 )=       0.000000   gamma_tr=       0.000000 meV  omega=    152.1278 meV   on_shell_Omega=    152.1278 meV  off_shell_Omega=    152.1278 meV
     lambda___(   5 )=       0.000000   gamma___=       0.000000 meV  omega=    172.6987 meV   on_shell_Omega=    172.6987 meV  off_shell_Omega=    172.6987 meV
     lambda_tr(   5 )=       0.000000   gamma_tr=       0.000000 meV  omega=    172.6987 meV   on_shell_Omega=    172.6987 meV  off_shell_Omega=    172.6987 meV
     lambda___(   6 )=       0.000000   gamma___=       0.000000 meV  omega=    174.0168 meV   on_shell_Omega=    174.0168 meV  off_shell_Omega=    174.0168 meV
     lambda_tr(   6 )=       0.000000   gamma_tr=       0.000000 meV  omega=    174.0168 meV   on_shell_Omega=    174.0168 meV  off_shell_Omega=    174.0168 meV
     lambda___( tot )=       0.000000
     lambda_tr( tot )=       0.000000
     -------------------------------------------------------------------


     Number of (k,k+q) pairs on the Fermi surface:      169 out of      324


     ismear =     1 iq =     137 coord.:   0.38889  0.55556  0.00000 wt:   0.00309 Temp:  300.000K
     -------------------------------------------------------------------
     lambda___(   1 )=       0.000000   gamma___=       0.000000 meV  omega=     48.7209 meV   on_shell_Omega=     48.7210 meV  off_shell_Omega=     48.7210 meV
     lambda_tr(   1 )=       0.000000   gamma_tr=       0.000000 meV  omega=     48.7209 meV   on_shell_Omega=     48.7210 meV  off_shell_Omega=     48.7210 meV
     lambda___(   2 )=       0.000000   gamma___=       0.000000 meV  omega=     78.5229 meV   on_shell_Omega=     78.5229 meV  off_shell_Omega=     78.5229 meV
     lambda_tr(   2 )=       0.000000   gamma_tr=       0.000000 meV  omega=     78.5229 meV   on_shell_Omega=     78.5229 meV  off_shell_Omega=     78.5229 meV
     lambda___(   3 )=       0.000000   gamma___=       0.000000 meV  omega=     85.1887 meV   on_shell_Omega=     85.1887 meV  off_shell_Omega=     85.1887 meV
     lambda_tr(   3 )=       0.000000   gamma_tr=       0.000000 meV  omega=     85.1887 meV   on_shell_Omega=     85.1887 meV  off_shell_Omega=     85.1887 meV
     lambda___(   4 )=       0.000000   gamma___=       0.000000 meV  omega=    147.4393 meV   on_shell_Omega=    147.4393 meV  off_shell_Omega=    147.4393 meV
     lambda_tr(   4 )=       0.000000   gamma_tr=       0.000000 meV  omega=    147.4393 meV   on_shell_Omega=    147.4393 meV  off_shell_Omega=    147.4393 meV
     lambda___(   5 )=       0.000000   gamma___=       0.000000 meV  omega=    174.7024 meV   on_shell_Omega=    174.7024 meV  off_shell_Omega=    174.7024 meV
     lambda_tr(   5 )=       0.000000   gamma_tr=       0.000000 meV  omega=    174.7024 meV   on_shell_Omega=    174.7024 meV  off_shell_Omega=    174.7024 meV
     lambda___(   6 )=       0.000000   gamma___=       0.000000 meV  omega=    180.0388 meV   on_shell_Omega=    180.0388 meV  off_shell_Omega=    180.0388 meV
     lambda_tr(   6 )=       0.000000   gamma_tr=       0.000000 meV  omega=    180.0388 meV   on_shell_Omega=    180.0388 meV  off_shell_Omega=    180.0388 meV
     lambda___( tot )=       0.000000
     lambda_tr( tot )=       0.000000
     -------------------------------------------------------------------


     Number of (k,k+q) pairs on the Fermi surface:      166 out of      324


     ismear =     1 iq =     138 coord.:   0.38889  0.61111  0.00000 wt:   0.00309 Temp:  300.000K
     -------------------------------------------------------------------
     lambda___(   1 )=       0.000000   gamma___=       0.000000 meV  omega=     43.5112 meV   on_shell_Omega=     43.5112 meV  off_shell_Omega=     43.5112 meV
     lambda_tr(   1 )=       0.000000   gamma_tr=       0.000000 meV  omega=     43.5112 meV   on_shell_Omega=     43.5112 meV  off_shell_Omega=     43.5112 meV
     lambda___(   2 )=       0.000000   gamma___=       0.000000 meV  omega=     73.9240 meV   on_shell_Omega=     73.9240 meV  off_shell_Omega=     73.9240 meV
     lambda_tr(   2 )=       0.000000   gamma_tr=       0.000000 meV  omega=     73.9240 meV   on_shell_Omega=     73.9240 meV  off_shell_Omega=     73.9240 meV
     lambda___(   3 )=       0.000000   gamma___=       0.000000 meV  omega=     88.9894 meV   on_shell_Omega=     88.9894 meV  off_shell_Omega=     88.9894 meV
     lambda_tr(   3 )=       0.000000   gamma_tr=       0.000000 meV  omega=     88.9894 meV   on_shell_Omega=     88.9894 meV  off_shell_Omega=     88.9894 meV
     lambda___(   4 )=       0.000000   gamma___=       0.000000 meV  omega=    140.6385 meV   on_shell_Omega=    140.6385 meV  off_shell_Omega=    140.6385 meV
     lambda_tr(   4 )=       0.000000   gamma_tr=       0.000000 meV  omega=    140.6385 meV   on_shell_Omega=    140.6385 meV  off_shell_Omega=    140.6385 meV
     lambda___(   5 )=       0.000000   gamma___=       0.000000 meV  omega=    175.9536 meV   on_shell_Omega=    175.9536 meV  off_shell_Omega=    175.9536 meV
     lambda_tr(   5 )=       0.000000   gamma_tr=       0.000000 meV  omega=    175.9536 meV   on_shell_Omega=    175.9536 meV  off_shell_Omega=    175.9536 meV
     lambda___(   6 )=       0.000000   gamma___=       0.000000 meV  omega=    184.8010 meV   on_shell_Omega=    184.8010 meV  off_shell_Omega=    184.8010 meV
     lambda_tr(   6 )=       0.000000   gamma_tr=       0.000000 meV  omega=    184.8010 meV   on_shell_Omega=    184.8010 meV  off_shell_Omega=    184.8010 meV
     lambda___( tot )=       0.000000
     lambda_tr( tot )=       0.000000
     -------------------------------------------------------------------


     Number of (k,k+q) pairs on the Fermi surface:      166 out of      324


     ismear =     1 iq =     139 coord.:   0.38889  0.66667  0.00000 wt:   0.00309 Temp:  300.000K
     -------------------------------------------------------------------
     lambda___(   1 )=       0.000000   gamma___=       0.000000 meV  omega=     38.3702 meV   on_shell_Omega=     38.3702 meV  off_shell_Omega=     38.3702 meV
     lambda_tr(   1 )=       0.000000   gamma_tr=       0.000000 meV  omega=     38.3702 meV   on_shell_Omega=     38.3702 meV  off_shell_Omega=     38.3702 meV
     lambda___(   2 )=       0.000000   gamma___=       0.000000 meV  omega=     74.4774 meV   on_shell_Omega=     74.4774 meV  off_shell_Omega=     74.4774 meV
     lambda_tr(   2 )=       0.000000   gamma_tr=       0.000000 meV  omega=     74.4774 meV   on_shell_Omega=     74.4774 meV  off_shell_Omega=     74.4774 meV
     lambda___(   3 )=       0.000000   gamma___=       0.000000 meV  omega=     91.9608 meV   on_shell_Omega=     91.9608 meV  off_shell_Omega=     91.9608 meV
     lambda_tr(   3 )=       0.000000   gamma_tr=       0.000000 meV  omega=     91.9608 meV   on_shell_Omega=     91.9608 meV  off_shell_Omega=     91.9608 meV
     lambda___(   4 )=       0.000000   gamma___=       0.000000 meV  omega=    132.3524 meV   on_shell_Omega=    132.3524 meV  off_shell_Omega=    132.3524 meV
     lambda_tr(   4 )=       0.000000   gamma_tr=       0.000000 meV  omega=    132.3524 meV   on_shell_Omega=    132.3524 meV  off_shell_Omega=    132.3524 meV
     lambda___(   5 )=       0.000000   gamma___=       0.000000 meV  omega=    176.6114 meV   on_shell_Omega=    176.6114 meV  off_shell_Omega=    176.6114 meV
     lambda_tr(   5 )=       0.000000   gamma_tr=       0.000000 meV  omega=    176.6114 meV   on_shell_Omega=    176.6114 meV  off_shell_Omega=    176.6114 meV
     lambda___(   6 )=       0.000000   gamma___=       0.000000 meV  omega=    187.7251 meV   on_shell_Omega=    187.7251 meV  off_shell_Omega=    187.7251 meV
     lambda_tr(   6 )=       0.000000   gamma_tr=       0.000000 meV  omega=    187.7251 meV   on_shell_Omega=    187.7251 meV  off_shell_Omega=    187.7251 meV
     lambda___( tot )=       0.000000
     lambda_tr( tot )=       0.000000
     -------------------------------------------------------------------


     Number of (k,k+q) pairs on the Fermi surface:      173 out of      324


     ismear =     1 iq =     140 coord.:   0.38889  0.72222  0.00000 wt:   0.00309 Temp:  300.000K
     -------------------------------------------------------------------
     lambda___(   1 )=       0.000000   gamma___=       0.000000 meV  omega=     34.2889 meV   on_shell_Omega=     34.2889 meV  off_shell_Omega=     34.2889 meV
     lambda_tr(   1 )=       0.000000   gamma_tr=       0.000000 meV  omega=     34.2889 meV   on_shell_Omega=     34.2889 meV  off_shell_Omega=     34.2889 meV
     lambda___(   2 )=       0.000000   gamma___=       0.000000 meV  omega=     79.2217 meV   on_shell_Omega=     79.2217 meV  off_shell_Omega=     79.2217 meV
     lambda_tr(   2 )=       0.000000   gamma_tr=       0.000000 meV  omega=     79.2217 meV   on_shell_Omega=     79.2217 meV  off_shell_Omega=     79.2217 meV
     lambda___(   3 )=       0.000000   gamma___=       0.000000 meV  omega=     93.8930 meV   on_shell_Omega=     93.8930 meV  off_shell_Omega=     93.8930 meV
     lambda_tr(   3 )=       0.000000   gamma_tr=       0.000000 meV  omega=     93.8930 meV   on_shell_Omega=     93.8930 meV  off_shell_Omega=     93.8930 meV
     lambda___(   4 )=       0.000000   gamma___=       0.000000 meV  omega=    123.8240 meV   on_shell_Omega=    123.8240 meV  off_shell_Omega=    123.8240 meV
     lambda_tr(   4 )=       0.000000   gamma_tr=       0.000000 meV  omega=    123.8240 meV   on_shell_Omega=    123.8240 meV  off_shell_Omega=    123.8240 meV
     lambda___(   5 )=       0.000000   gamma___=       0.000000 meV  omega=    176.4628 meV   on_shell_Omega=    176.4628 meV  off_shell_Omega=    176.4628 meV
     lambda_tr(   5 )=       0.000000   gamma_tr=       0.000000 meV  omega=    176.4628 meV   on_shell_Omega=    176.4628 meV  off_shell_Omega=    176.4628 meV
     lambda___(   6 )=       0.000000   gamma___=       0.000000 meV  omega=    188.8675 meV   on_shell_Omega=    188.8675 meV  off_shell_Omega=    188.8675 meV
     lambda_tr(   6 )=       0.000000   gamma_tr=       0.000000 meV  omega=    188.8675 meV   on_shell_Omega=    188.8675 meV  off_shell_Omega=    188.8675 meV
     lambda___( tot )=       0.000000
     lambda_tr( tot )=       0.000000
     -------------------------------------------------------------------


     Number of (k,k+q) pairs on the Fermi surface:      178 out of      324


     ismear =     1 iq =     141 coord.:   0.38889  0.77778  0.00000 wt:   0.00309 Temp:  300.000K
     -------------------------------------------------------------------
     lambda___(   1 )=       0.000000   gamma___=       0.000000 meV  omega=     32.0867 meV   on_shell_Omega=     32.0867 meV  off_shell_Omega=     32.0867 meV
     lambda_tr(   1 )=       0.000000   gamma_tr=       0.000000 meV  omega=     32.0867 meV   on_shell_Omega=     32.0867 meV  off_shell_Omega=     32.0867 meV
     lambda___(   2 )=       0.000000   gamma___=       0.000000 meV  omega=     84.4293 meV   on_shell_Omega=     84.4293 meV  off_shell_Omega=     84.4293 meV
     lambda_tr(   2 )=       0.000000   gamma_tr=       0.000000 meV  omega=     84.4293 meV   on_shell_Omega=     84.4293 meV  off_shell_Omega=     84.4293 meV
     lambda___(   3 )=       0.000000   gamma___=       0.000000 meV  omega=     94.8006 meV   on_shell_Omega=     94.8006 meV  off_shell_Omega=     94.8006 meV
     lambda_tr(   3 )=       0.000000   gamma_tr=       0.000000 meV  omega=     94.8006 meV   on_shell_Omega=     94.8006 meV  off_shell_Omega=     94.8006 meV
     lambda___(   4 )=       0.000000   gamma___=       0.000000 meV  omega=    117.4248 meV   on_shell_Omega=    117.4248 meV  off_shell_Omega=    117.4248 meV
     lambda_tr(   4 )=       0.000000   gamma_tr=       0.000000 meV  omega=    117.4248 meV   on_shell_Omega=    117.4248 meV  off_shell_Omega=    117.4248 meV
     lambda___(   5 )=       0.000000   gamma___=       0.000000 meV  omega=    175.9984 meV   on_shell_Omega=    175.9984 meV  off_shell_Omega=    175.9984 meV
     lambda_tr(   5 )=       0.000000   gamma_tr=       0.000000 meV  omega=    175.9984 meV   on_shell_Omega=    175.9984 meV  off_shell_Omega=    175.9984 meV
     lambda___(   6 )=       0.000000   gamma___=       0.000000 meV  omega=    189.0014 meV   on_shell_Omega=    189.0014 meV  off_shell_Omega=    189.0014 meV
     lambda_tr(   6 )=       0.000000   gamma_tr=       0.000000 meV  omega=    189.0014 meV   on_shell_Omega=    189.0014 meV  off_shell_Omega=    189.0014 meV
     lambda___( tot )=       0.000000
     lambda_tr( tot )=       0.000000
     -------------------------------------------------------------------


     Number of (k,k+q) pairs on the Fermi surface:      181 out of      324


     ismear =     1 iq =     142 coord.:   0.38889  0.83333  0.00000 wt:   0.00309 Temp:  300.000K
     -------------------------------------------------------------------
     lambda___(   1 )=       0.000000   gamma___=       0.000000 meV  omega=     32.0867 meV   on_shell_Omega=     32.0867 meV  off_shell_Omega=     32.0867 meV
     lambda_tr(   1 )=       0.000000   gamma_tr=       0.000000 meV  omega=     32.0867 meV   on_shell_Omega=     32.0867 meV  off_shell_Omega=     32.0867 meV
     lambda___(   2 )=       0.000000   gamma___=       0.000000 meV  omega=     84.4293 meV   on_shell_Omega=     84.4293 meV  off_shell_Omega=     84.4293 meV
     lambda_tr(   2 )=       0.000000   gamma_tr=       0.000000 meV  omega=     84.4293 meV   on_shell_Omega=     84.4293 meV  off_shell_Omega=     84.4293 meV
     lambda___(   3 )=       0.000000   gamma___=       0.000000 meV  omega=     94.8006 meV   on_shell_Omega=     94.8006 meV  off_shell_Omega=     94.8006 meV
     lambda_tr(   3 )=       0.000000   gamma_tr=       0.000000 meV  omega=     94.8006 meV   on_shell_Omega=     94.8006 meV  off_shell_Omega=     94.8006 meV
     lambda___(   4 )=       0.000000   gamma___=       0.000000 meV  omega=    117.4248 meV   on_shell_Omega=    117.4248 meV  off_shell_Omega=    117.4248 meV
     lambda_tr(   4 )=       0.000000   gamma_tr=       0.000000 meV  omega=    117.4248 meV   on_shell_Omega=    117.4248 meV  off_shell_Omega=    117.4248 meV
     lambda___(   5 )=       0.000000   gamma___=       0.000000 meV  omega=    175.9984 meV   on_shell_Omega=    175.9984 meV  off_shell_Omega=    175.9984 meV
     lambda_tr(   5 )=       0.000000   gamma_tr=       0.000000 meV  omega=    175.9984 meV   on_shell_Omega=    175.9984 meV  off_shell_Omega=    175.9984 meV
     lambda___(   6 )=       0.000000   gamma___=       0.000000 meV  omega=    189.0014 meV   on_shell_Omega=    189.0014 meV  off_shell_Omega=    189.0014 meV
     lambda_tr(   6 )=       0.000000   gamma_tr=       0.000000 meV  omega=    189.0014 meV   on_shell_Omega=    189.0014 meV  off_shell_Omega=    189.0014 meV
     lambda___( tot )=       0.000000
     lambda_tr( tot )=       0.000000
     -------------------------------------------------------------------


     Number of (k,k+q) pairs on the Fermi surface:      185 out of      324


     ismear =     1 iq =     143 coord.:   0.38889  0.88889  0.00000 wt:   0.00309 Temp:  300.000K
     -------------------------------------------------------------------
     lambda___(   1 )=       0.000000   gamma___=       0.000000 meV  omega=     34.2889 meV   on_shell_Omega=     34.2889 meV  off_shell_Omega=     34.2889 meV
     lambda_tr(   1 )=       0.000000   gamma_tr=       0.000000 meV  omega=     34.2889 meV   on_shell_Omega=     34.2889 meV  off_shell_Omega=     34.2889 meV
     lambda___(   2 )=       0.000000   gamma___=       0.000000 meV  omega=     79.2217 meV   on_shell_Omega=     79.2217 meV  off_shell_Omega=     79.2217 meV
     lambda_tr(   2 )=       0.000000   gamma_tr=       0.000000 meV  omega=     79.2217 meV   on_shell_Omega=     79.2217 meV  off_shell_Omega=     79.2217 meV
     lambda___(   3 )=       0.000000   gamma___=       0.000000 meV  omega=     93.8930 meV   on_shell_Omega=     93.8930 meV  off_shell_Omega=     93.8930 meV
     lambda_tr(   3 )=       0.000000   gamma_tr=       0.000000 meV  omega=     93.8930 meV   on_shell_Omega=     93.8930 meV  off_shell_Omega=     93.8930 meV
     lambda___(   4 )=       0.000000   gamma___=       0.000000 meV  omega=    123.8240 meV   on_shell_Omega=    123.8240 meV  off_shell_Omega=    123.8240 meV
     lambda_tr(   4 )=       0.000000   gamma_tr=       0.000000 meV  omega=    123.8240 meV   on_shell_Omega=    123.8240 meV  off_shell_Omega=    123.8240 meV
     lambda___(   5 )=       0.000000   gamma___=       0.000000 meV  omega=    176.4628 meV   on_shell_Omega=    176.4628 meV  off_shell_Omega=    176.4628 meV
     lambda_tr(   5 )=       0.000000   gamma_tr=       0.000000 meV  omega=    176.4628 meV   on_shell_Omega=    176.4628 meV  off_shell_Omega=    176.4628 meV
     lambda___(   6 )=       0.000000   gamma___=       0.000000 meV  omega=    188.8675 meV   on_shell_Omega=    188.8675 meV  off_shell_Omega=    188.8675 meV
     lambda_tr(   6 )=       0.000000   gamma_tr=       0.000000 meV  omega=    188.8675 meV   on_shell_Omega=    188.8675 meV  off_shell_Omega=    188.8675 meV
     lambda___( tot )=       0.000000
     lambda_tr( tot )=       0.000000
     -------------------------------------------------------------------


     Number of (k,k+q) pairs on the Fermi surface:      179 out of      324


     ismear =     1 iq =     144 coord.:   0.38889  0.94444  0.00000 wt:   0.00309 Temp:  300.000K
     -------------------------------------------------------------------
     lambda___(   1 )=       0.000000   gamma___=       0.000000 meV  omega=     38.3702 meV   on_shell_Omega=     38.3702 meV  off_shell_Omega=     38.3702 meV
     lambda_tr(   1 )=       0.000000   gamma_tr=       0.000000 meV  omega=     38.3702 meV   on_shell_Omega=     38.3702 meV  off_shell_Omega=     38.3702 meV
     lambda___(   2 )=       0.000000   gamma___=       0.000000 meV  omega=     74.4774 meV   on_shell_Omega=     74.4774 meV  off_shell_Omega=     74.4774 meV
     lambda_tr(   2 )=       0.000000   gamma_tr=       0.000000 meV  omega=     74.4774 meV   on_shell_Omega=     74.4774 meV  off_shell_Omega=     74.4774 meV
     lambda___(   3 )=       0.000000   gamma___=       0.000000 meV  omega=     91.9608 meV   on_shell_Omega=     91.9608 meV  off_shell_Omega=     91.9608 meV
     lambda_tr(   3 )=       0.000000   gamma_tr=       0.000000 meV  omega=     91.9608 meV   on_shell_Omega=     91.9608 meV  off_shell_Omega=     91.9608 meV
     lambda___(   4 )=       0.000000   gamma___=       0.000000 meV  omega=    132.3524 meV   on_shell_Omega=    132.3524 meV  off_shell_Omega=    132.3524 meV
     lambda_tr(   4 )=       0.000000   gamma_tr=       0.000000 meV  omega=    132.3524 meV   on_shell_Omega=    132.3524 meV  off_shell_Omega=    132.3524 meV
     lambda___(   5 )=       0.000000   gamma___=       0.000000 meV  omega=    176.6114 meV   on_shell_Omega=    176.6114 meV  off_shell_Omega=    176.6114 meV
     lambda_tr(   5 )=       0.000000   gamma_tr=       0.000000 meV  omega=    176.6114 meV   on_shell_Omega=    176.6114 meV  off_shell_Omega=    176.6114 meV
     lambda___(   6 )=       0.000000   gamma___=       0.000000 meV  omega=    187.7251 meV   on_shell_Omega=    187.7251 meV  off_shell_Omega=    187.7251 meV
     lambda_tr(   6 )=       0.000000   gamma_tr=       0.000000 meV  omega=    187.7251 meV   on_shell_Omega=    187.7251 meV  off_shell_Omega=    187.7251 meV
     lambda___( tot )=       0.000000
     lambda_tr( tot )=       0.000000
     -------------------------------------------------------------------


     Number of (k,k+q) pairs on the Fermi surface:      171 out of      324


     ismear =     1 iq =     145 coord.:   0.44444  0.00000  0.00000 wt:   0.00309 Temp:  300.000K
     -------------------------------------------------------------------
     lambda___(   1 )=       0.000000   gamma___=       0.000000 meV  omega=     53.1306 meV   on_shell_Omega=     53.1306 meV  off_shell_Omega=     53.1306 meV
     lambda_tr(   1 )=       0.000000   gamma_tr=       0.000000 meV  omega=     53.1306 meV   on_shell_Omega=     53.1306 meV  off_shell_Omega=     53.1306 meV
     lambda___(   2 )=       0.000000   gamma___=       0.000000 meV  omega=     76.7858 meV   on_shell_Omega=     76.7858 meV  off_shell_Omega=     76.7858 meV
     lambda_tr(   2 )=       0.000000   gamma_tr=       0.000000 meV  omega=     76.7858 meV   on_shell_Omega=     76.7858 meV  off_shell_Omega=     76.7858 meV
     lambda___(   3 )=       0.000000   gamma___=       0.000000 meV  omega=     82.1742 meV   on_shell_Omega=     82.1742 meV  off_shell_Omega=     82.1742 meV
     lambda_tr(   3 )=       0.000000   gamma_tr=       0.000000 meV  omega=     82.1742 meV   on_shell_Omega=     82.1742 meV  off_shell_Omega=     82.1742 meV
     lambda___(   4 )=       0.000000   gamma___=       0.000000 meV  omega=    154.4491 meV   on_shell_Omega=    154.4491 meV  off_shell_Omega=    154.4491 meV
     lambda_tr(   4 )=       0.000000   gamma_tr=       0.000000 meV  omega=    154.4491 meV   on_shell_Omega=    154.4491 meV  off_shell_Omega=    154.4491 meV
     lambda___(   5 )=       0.000000   gamma___=       0.000000 meV  omega=    174.3846 meV   on_shell_Omega=    174.3846 meV  off_shell_Omega=    174.3846 meV
     lambda_tr(   5 )=       0.000000   gamma_tr=       0.000000 meV  omega=    174.3846 meV   on_shell_Omega=    174.3846 meV  off_shell_Omega=    174.3846 meV
     lambda___(   6 )=       0.000000   gamma___=       0.000000 meV  omega=    176.6245 meV   on_shell_Omega=    176.6245 meV  off_shell_Omega=    176.6245 meV
     lambda_tr(   6 )=       0.000000   gamma_tr=       0.000000 meV  omega=    176.6245 meV   on_shell_Omega=    176.6245 meV  off_shell_Omega=    176.6245 meV
     lambda___( tot )=       0.000000
     lambda_tr( tot )=       0.000000
     -------------------------------------------------------------------


     Number of (k,k+q) pairs on the Fermi surface:      152 out of      324


     ismear =     1 iq =     146 coord.:   0.44444  0.05556  0.00000 wt:   0.00309 Temp:  300.000K
     -------------------------------------------------------------------
     lambda___(   1 )=       0.000000   gamma___=       0.000000 meV  omega=     56.6646 meV   on_shell_Omega=     56.6647 meV  off_shell_Omega=     56.6647 meV
     lambda_tr(   1 )=       0.000000   gamma_tr=       0.000000 meV  omega=     56.6646 meV   on_shell_Omega=     56.6647 meV  off_shell_Omega=     56.6647 meV
     lambda___(   2 )=       0.000000   gamma___=       0.000000 meV  omega=     79.0616 meV   on_shell_Omega=     79.0616 meV  off_shell_Omega=     79.0616 meV
     lambda_tr(   2 )=       0.000000   gamma_tr=       0.000000 meV  omega=     79.0616 meV   on_shell_Omega=     79.0616 meV  off_shell_Omega=     79.0616 meV
     lambda___(   3 )=       0.000000   gamma___=       0.000000 meV  omega=     80.2962 meV   on_shell_Omega=     80.2962 meV  off_shell_Omega=     80.2962 meV
     lambda_tr(   3 )=       0.000000   gamma_tr=       0.000000 meV  omega=     80.2962 meV   on_shell_Omega=     80.2962 meV  off_shell_Omega=     80.2962 meV
     lambda___(   4 )=       0.000000   gamma___=       0.000000 meV  omega=    160.2045 meV   on_shell_Omega=    160.2045 meV  off_shell_Omega=    160.2045 meV
     lambda_tr(   4 )=       0.000000   gamma_tr=       0.000000 meV  omega=    160.2045 meV   on_shell_Omega=    160.2045 meV  off_shell_Omega=    160.2045 meV
     lambda___(   5 )=       0.000000   gamma___=       0.000000 meV  omega=    170.8221 meV   on_shell_Omega=    170.8221 meV  off_shell_Omega=    170.8221 meV
     lambda_tr(   5 )=       0.000000   gamma_tr=       0.000000 meV  omega=    170.8221 meV   on_shell_Omega=    170.8221 meV  off_shell_Omega=    170.8221 meV
     lambda___(   6 )=       0.000000   gamma___=       0.000000 meV  omega=    173.7610 meV   on_shell_Omega=    173.7610 meV  off_shell_Omega=    173.7610 meV
     lambda_tr(   6 )=       0.000000   gamma_tr=       0.000000 meV  omega=    173.7610 meV   on_shell_Omega=    173.7610 meV  off_shell_Omega=    173.7610 meV
     lambda___( tot )=       0.000000
     lambda_tr( tot )=       0.000000
     -------------------------------------------------------------------


     Number of (k,k+q) pairs on the Fermi surface:      148 out of      324


     ismear =     1 iq =     147 coord.:   0.44444  0.11111  0.00000 wt:   0.00309 Temp:  300.000K
     -------------------------------------------------------------------
     lambda___(   1 )=       0.000000   gamma___=       0.000000 meV  omega=     57.9753 meV   on_shell_Omega=     57.9753 meV  off_shell_Omega=     57.9753 meV
     lambda_tr(   1 )=       0.000000   gamma_tr=       0.000000 meV  omega=     57.9753 meV   on_shell_Omega=     57.9753 meV  off_shell_Omega=     57.9753 meV
     lambda___(   2 )=       0.000000   gamma___=       0.000000 meV  omega=     77.0507 meV   on_shell_Omega=     77.0507 meV  off_shell_Omega=     77.0507 meV
     lambda_tr(   2 )=       0.000000   gamma_tr=       0.000000 meV  omega=     77.0507 meV   on_shell_Omega=     77.0507 meV  off_shell_Omega=     77.0507 meV
     lambda___(   3 )=       0.000000   gamma___=       0.000000 meV  omega=     88.0632 meV   on_shell_Omega=     88.0632 meV  off_shell_Omega=     88.0632 meV
     lambda_tr(   3 )=       0.000000   gamma_tr=       0.000000 meV  omega=     88.0632 meV   on_shell_Omega=     88.0632 meV  off_shell_Omega=     88.0632 meV
     lambda___(   4 )=       0.000000   gamma___=       0.000000 meV  omega=    162.4187 meV   on_shell_Omega=    162.4188 meV  off_shell_Omega=    162.4188 meV
     lambda_tr(   4 )=       0.000000   gamma_tr=       0.000000 meV  omega=    162.4187 meV   on_shell_Omega=    162.4188 meV  off_shell_Omega=    162.4188 meV
     lambda___(   5 )=       0.000000   gamma___=       0.000000 meV  omega=    164.9502 meV   on_shell_Omega=    164.9502 meV  off_shell_Omega=    164.9502 meV
     lambda_tr(   5 )=       0.000000   gamma_tr=       0.000000 meV  omega=    164.9502 meV   on_shell_Omega=    164.9502 meV  off_shell_Omega=    164.9502 meV
     lambda___(   6 )=       0.000000   gamma___=       0.000000 meV  omega=    172.6068 meV   on_shell_Omega=    172.6068 meV  off_shell_Omega=    172.6068 meV
     lambda_tr(   6 )=       0.000000   gamma_tr=       0.000000 meV  omega=    172.6068 meV   on_shell_Omega=    172.6068 meV  off_shell_Omega=    172.6068 meV
     lambda___( tot )=       0.000000
     lambda_tr( tot )=       0.000000
     -------------------------------------------------------------------


     Number of (k,k+q) pairs on the Fermi surface:      155 out of      324


     ismear =     1 iq =     148 coord.:   0.44444  0.16667  0.00000 wt:   0.00309 Temp:  300.000K
     -------------------------------------------------------------------
     lambda___(   1 )=       0.000000   gamma___=       0.000000 meV  omega=     56.9068 meV   on_shell_Omega=     56.9068 meV  off_shell_Omega=     56.9068 meV
     lambda_tr(   1 )=       0.000000   gamma_tr=       0.000000 meV  omega=     56.9068 meV   on_shell_Omega=     56.9068 meV  off_shell_Omega=     56.9068 meV
     lambda___(   2 )=       0.000000   gamma___=       0.000000 meV  omega=     76.6784 meV   on_shell_Omega=     76.6784 meV  off_shell_Omega=     76.6784 meV
     lambda_tr(   2 )=       0.000000   gamma_tr=       0.000000 meV  omega=     76.6784 meV   on_shell_Omega=     76.6784 meV  off_shell_Omega=     76.6784 meV
     lambda___(   3 )=       0.000000   gamma___=       0.000000 meV  omega=     98.3213 meV   on_shell_Omega=     98.3213 meV  off_shell_Omega=     98.3213 meV
     lambda_tr(   3 )=       0.000000   gamma_tr=       0.000000 meV  omega=     98.3213 meV   on_shell_Omega=     98.3213 meV  off_shell_Omega=     98.3213 meV
     lambda___(   4 )=       0.000000   gamma___=       0.000000 meV  omega=    154.6166 meV   on_shell_Omega=    154.6166 meV  off_shell_Omega=    154.6166 meV
     lambda_tr(   4 )=       0.000000   gamma_tr=       0.000000 meV  omega=    154.6166 meV   on_shell_Omega=    154.6166 meV  off_shell_Omega=    154.6166 meV
     lambda___(   5 )=       0.000000   gamma___=       0.000000 meV  omega=    166.0992 meV   on_shell_Omega=    166.0992 meV  off_shell_Omega=    166.0992 meV
     lambda_tr(   5 )=       0.000000   gamma_tr=       0.000000 meV  omega=    166.0992 meV   on_shell_Omega=    166.0992 meV  off_shell_Omega=    166.0992 meV
     lambda___(   6 )=       0.000000   gamma___=       0.000000 meV  omega=    170.4912 meV   on_shell_Omega=    170.4912 meV  off_shell_Omega=    170.4912 meV
     lambda_tr(   6 )=       0.000000   gamma_tr=       0.000000 meV  omega=    170.4912 meV   on_shell_Omega=    170.4912 meV  off_shell_Omega=    170.4912 meV
     lambda___( tot )=       0.000000
     lambda_tr( tot )=       0.000000
     -------------------------------------------------------------------


     Number of (k,k+q) pairs on the Fermi surface:      163 out of      324


     ismear =     1 iq =     149 coord.:   0.44444  0.22222  0.00000 wt:   0.00309 Temp:  300.000K
     -------------------------------------------------------------------
     lambda___(   1 )=       0.000000   gamma___=       0.000000 meV  omega=     55.0543 meV   on_shell_Omega=     55.0544 meV  off_shell_Omega=     55.0544 meV
     lambda_tr(   1 )=       0.000000   gamma_tr=       0.000000 meV  omega=     55.0543 meV   on_shell_Omega=     55.0544 meV  off_shell_Omega=     55.0544 meV
     lambda___(   2 )=       0.000000   gamma___=       0.000000 meV  omega=     77.0956 meV   on_shell_Omega=     77.0957 meV  off_shell_Omega=     77.0957 meV
     lambda_tr(   2 )=       0.000000   gamma_tr=       0.000000 meV  omega=     77.0956 meV   on_shell_Omega=     77.0957 meV  off_shell_Omega=     77.0957 meV
     lambda___(   3 )=       0.000000   gamma___=       0.000000 meV  omega=    108.5739 meV   on_shell_Omega=    108.5739 meV  off_shell_Omega=    108.5739 meV
     lambda_tr(   3 )=       0.000000   gamma_tr=       0.000000 meV  omega=    108.5739 meV   on_shell_Omega=    108.5739 meV  off_shell_Omega=    108.5739 meV
     lambda___(   4 )=       0.000000   gamma___=       0.000000 meV  omega=    146.0069 meV   on_shell_Omega=    146.0069 meV  off_shell_Omega=    146.0069 meV
     lambda_tr(   4 )=       0.000000   gamma_tr=       0.000000 meV  omega=    146.0069 meV   on_shell_Omega=    146.0069 meV  off_shell_Omega=    146.0069 meV
     lambda___(   5 )=       0.000000   gamma___=       0.000000 meV  omega=    166.7632 meV   on_shell_Omega=    166.7632 meV  off_shell_Omega=    166.7632 meV
     lambda_tr(   5 )=       0.000000   gamma_tr=       0.000000 meV  omega=    166.7632 meV   on_shell_Omega=    166.7632 meV  off_shell_Omega=    166.7632 meV
     lambda___(   6 )=       0.000000   gamma___=       0.000000 meV  omega=    168.0055 meV   on_shell_Omega=    168.0055 meV  off_shell_Omega=    168.0055 meV
     lambda_tr(   6 )=       0.000000   gamma_tr=       0.000000 meV  omega=    168.0055 meV   on_shell_Omega=    168.0055 meV  off_shell_Omega=    168.0055 meV
     lambda___( tot )=       0.000000
     lambda_tr( tot )=       0.000000
     -------------------------------------------------------------------


     Number of (k,k+q) pairs on the Fermi surface:      170 out of      324


     ismear =     1 iq =     150 coord.:   0.44444  0.27778  0.00000 wt:   0.00309 Temp:  300.000K
     -------------------------------------------------------------------
     lambda___(   1 )=       0.000000   gamma___=       0.000000 meV  omega=     54.2078 meV   on_shell_Omega=     54.2078 meV  off_shell_Omega=     54.2078 meV
     lambda_tr(   1 )=       0.000000   gamma_tr=       0.000000 meV  omega=     54.2078 meV   on_shell_Omega=     54.2078 meV  off_shell_Omega=     54.2078 meV
     lambda___(   2 )=       0.000000   gamma___=       0.000000 meV  omega=     77.3386 meV   on_shell_Omega=     77.3387 meV  off_shell_Omega=     77.3387 meV
     lambda_tr(   2 )=       0.000000   gamma_tr=       0.000000 meV  omega=     77.3386 meV   on_shell_Omega=     77.3387 meV  off_shell_Omega=     77.3387 meV
     lambda___(   3 )=       0.000000   gamma___=       0.000000 meV  omega=    113.8042 meV   on_shell_Omega=    113.8042 meV  off_shell_Omega=    113.8042 meV
     lambda_tr(   3 )=       0.000000   gamma_tr=       0.000000 meV  omega=    113.8042 meV   on_shell_Omega=    113.8042 meV  off_shell_Omega=    113.8042 meV
     lambda___(   4 )=       0.000000   gamma___=       0.000000 meV  omega=    141.4016 meV   on_shell_Omega=    141.4016 meV  off_shell_Omega=    141.4016 meV
     lambda_tr(   4 )=       0.000000   gamma_tr=       0.000000 meV  omega=    141.4016 meV   on_shell_Omega=    141.4016 meV  off_shell_Omega=    141.4016 meV
     lambda___(   5 )=       0.000000   gamma___=       0.000000 meV  omega=    166.8557 meV   on_shell_Omega=    166.8557 meV  off_shell_Omega=    166.8557 meV
     lambda_tr(   5 )=       0.000000   gamma_tr=       0.000000 meV  omega=    166.8557 meV   on_shell_Omega=    166.8557 meV  off_shell_Omega=    166.8557 meV
     lambda___(   6 )=       0.000000   gamma___=       0.000000 meV  omega=    166.9000 meV   on_shell_Omega=    166.9000 meV  off_shell_Omega=    166.9000 meV
     lambda_tr(   6 )=       0.000000   gamma_tr=       0.000000 meV  omega=    166.9000 meV   on_shell_Omega=    166.9000 meV  off_shell_Omega=    166.9000 meV
     lambda___( tot )=       0.000000
     lambda_tr( tot )=       0.000000
     -------------------------------------------------------------------


     Number of (k,k+q) pairs on the Fermi surface:      173 out of      324


     ismear =     1 iq =     151 coord.:   0.44444  0.33333  0.00000 wt:   0.00309 Temp:  300.000K
     -------------------------------------------------------------------
     lambda___(   1 )=       0.000000   gamma___=       0.000000 meV  omega=     55.0543 meV   on_shell_Omega=     55.0544 meV  off_shell_Omega=     55.0544 meV
     lambda_tr(   1 )=       0.000000   gamma_tr=       0.000000 meV  omega=     55.0543 meV   on_shell_Omega=     55.0544 meV  off_shell_Omega=     55.0544 meV
     lambda___(   2 )=       0.000000   gamma___=       0.000000 meV  omega=     77.0956 meV   on_shell_Omega=     77.0956 meV  off_shell_Omega=     77.0956 meV
     lambda_tr(   2 )=       0.000000   gamma_tr=       0.000000 meV  omega=     77.0956 meV   on_shell_Omega=     77.0956 meV  off_shell_Omega=     77.0956 meV
     lambda___(   3 )=       0.000000   gamma___=       0.000000 meV  omega=    108.5739 meV   on_shell_Omega=    108.5739 meV  off_shell_Omega=    108.5739 meV
     lambda_tr(   3 )=       0.000000   gamma_tr=       0.000000 meV  omega=    108.5739 meV   on_shell_Omega=    108.5739 meV  off_shell_Omega=    108.5739 meV
     lambda___(   4 )=       0.000000   gamma___=       0.000000 meV  omega=    146.0069 meV   on_shell_Omega=    146.0069 meV  off_shell_Omega=    146.0069 meV
     lambda_tr(   4 )=       0.000000   gamma_tr=       0.000000 meV  omega=    146.0069 meV   on_shell_Omega=    146.0069 meV  off_shell_Omega=    146.0069 meV
     lambda___(   5 )=       0.000000   gamma___=       0.000000 meV  omega=    166.7632 meV   on_shell_Omega=    166.7632 meV  off_shell_Omega=    166.7632 meV
     lambda_tr(   5 )=       0.000000   gamma_tr=       0.000000 meV  omega=    166.7632 meV   on_shell_Omega=    166.7632 meV  off_shell_Omega=    166.7632 meV
     lambda___(   6 )=       0.000000   gamma___=       0.000000 meV  omega=    168.0055 meV   on_shell_Omega=    168.0055 meV  off_shell_Omega=    168.0055 meV
     lambda_tr(   6 )=       0.000000   gamma_tr=       0.000000 meV  omega=    168.0055 meV   on_shell_Omega=    168.0055 meV  off_shell_Omega=    168.0055 meV
     lambda___( tot )=       0.000000
     lambda_tr( tot )=       0.000000
     -------------------------------------------------------------------


     Number of (k,k+q) pairs on the Fermi surface:      177 out of      324


     ismear =     1 iq =     152 coord.:   0.44444  0.38889  0.00000 wt:   0.00309 Temp:  300.000K
     -------------------------------------------------------------------
     lambda___(   1 )=       0.000000   gamma___=       0.000000 meV  omega=     56.9068 meV   on_shell_Omega=     56.9068 meV  off_shell_Omega=     56.9068 meV
     lambda_tr(   1 )=       0.000000   gamma_tr=       0.000000 meV  omega=     56.9068 meV   on_shell_Omega=     56.9068 meV  off_shell_Omega=     56.9068 meV
     lambda___(   2 )=       0.000000   gamma___=       0.000000 meV  omega=     76.6784 meV   on_shell_Omega=     76.6784 meV  off_shell_Omega=     76.6784 meV
     lambda_tr(   2 )=       0.000000   gamma_tr=       0.000000 meV  omega=     76.6784 meV   on_shell_Omega=     76.6784 meV  off_shell_Omega=     76.6784 meV
     lambda___(   3 )=       0.000000   gamma___=       0.000000 meV  omega=     98.3213 meV   on_shell_Omega=     98.3213 meV  off_shell_Omega=     98.3213 meV
     lambda_tr(   3 )=       0.000000   gamma_tr=       0.000000 meV  omega=     98.3213 meV   on_shell_Omega=     98.3213 meV  off_shell_Omega=     98.3213 meV
     lambda___(   4 )=       0.000000   gamma___=       0.000000 meV  omega=    154.6166 meV   on_shell_Omega=    154.6166 meV  off_shell_Omega=    154.6166 meV
     lambda_tr(   4 )=       0.000000   gamma_tr=       0.000000 meV  omega=    154.6166 meV   on_shell_Omega=    154.6166 meV  off_shell_Omega=    154.6166 meV
     lambda___(   5 )=       0.000000   gamma___=       0.000000 meV  omega=    166.0992 meV   on_shell_Omega=    166.0992 meV  off_shell_Omega=    166.0992 meV
     lambda_tr(   5 )=       0.000000   gamma_tr=       0.000000 meV  omega=    166.0992 meV   on_shell_Omega=    166.0992 meV  off_shell_Omega=    166.0992 meV
     lambda___(   6 )=       0.000000   gamma___=       0.000000 meV  omega=    170.4912 meV   on_shell_Omega=    170.4912 meV  off_shell_Omega=    170.4912 meV
     lambda_tr(   6 )=       0.000000   gamma_tr=       0.000000 meV  omega=    170.4912 meV   on_shell_Omega=    170.4912 meV  off_shell_Omega=    170.4912 meV
     lambda___( tot )=       0.000000
     lambda_tr( tot )=       0.000000
     -------------------------------------------------------------------


     Number of (k,k+q) pairs on the Fermi surface:      174 out of      324


     ismear =     1 iq =     153 coord.:   0.44444  0.44444  0.00000 wt:   0.00309 Temp:  300.000K
     -------------------------------------------------------------------
     lambda___(   1 )=       0.000000   gamma___=       0.000000 meV  omega=     57.9753 meV   on_shell_Omega=     57.9753 meV  off_shell_Omega=     57.9753 meV
     lambda_tr(   1 )=       0.000000   gamma_tr=       0.000000 meV  omega=     57.9753 meV   on_shell_Omega=     57.9753 meV  off_shell_Omega=     57.9753 meV
     lambda___(   2 )=       0.000000   gamma___=       0.000000 meV  omega=     77.0507 meV   on_shell_Omega=     77.0507 meV  off_shell_Omega=     77.0507 meV
     lambda_tr(   2 )=       0.000000   gamma_tr=       0.000000 meV  omega=     77.0507 meV   on_shell_Omega=     77.0507 meV  off_shell_Omega=     77.0507 meV
     lambda___(   3 )=       0.000000   gamma___=       0.000000 meV  omega=     88.0632 meV   on_shell_Omega=     88.0632 meV  off_shell_Omega=     88.0632 meV
     lambda_tr(   3 )=       0.000000   gamma_tr=       0.000000 meV  omega=     88.0632 meV   on_shell_Omega=     88.0632 meV  off_shell_Omega=     88.0632 meV
     lambda___(   4 )=       0.000000   gamma___=       0.000000 meV  omega=    162.4187 meV   on_shell_Omega=    162.4188 meV  off_shell_Omega=    162.4188 meV
     lambda_tr(   4 )=       0.000000   gamma_tr=       0.000000 meV  omega=    162.4187 meV   on_shell_Omega=    162.4188 meV  off_shell_Omega=    162.4188 meV
     lambda___(   5 )=       0.000000   gamma___=       0.000000 meV  omega=    164.9502 meV   on_shell_Omega=    164.9502 meV  off_shell_Omega=    164.9502 meV
     lambda_tr(   5 )=       0.000000   gamma_tr=       0.000000 meV  omega=    164.9502 meV   on_shell_Omega=    164.9502 meV  off_shell_Omega=    164.9502 meV
     lambda___(   6 )=       0.000000   gamma___=       0.000000 meV  omega=    172.6068 meV   on_shell_Omega=    172.6068 meV  off_shell_Omega=    172.6068 meV
     lambda_tr(   6 )=       0.000000   gamma_tr=       0.000000 meV  omega=    172.6068 meV   on_shell_Omega=    172.6068 meV  off_shell_Omega=    172.6068 meV
     lambda___( tot )=       0.000000
     lambda_tr( tot )=       0.000000
     -------------------------------------------------------------------


     Number of (k,k+q) pairs on the Fermi surface:      171 out of      324


     ismear =     1 iq =     154 coord.:   0.44444  0.50000  0.00000 wt:   0.00309 Temp:  300.000K
     -------------------------------------------------------------------
     lambda___(   1 )=       0.000000   gamma___=       0.000000 meV  omega=     56.6646 meV   on_shell_Omega=     56.6646 meV  off_shell_Omega=     56.6646 meV
     lambda_tr(   1 )=       0.000000   gamma_tr=       0.000000 meV  omega=     56.6646 meV   on_shell_Omega=     56.6646 meV  off_shell_Omega=     56.6646 meV
     lambda___(   2 )=       0.000000   gamma___=       0.000000 meV  omega=     79.0616 meV   on_shell_Omega=     79.0616 meV  off_shell_Omega=     79.0616 meV
     lambda_tr(   2 )=       0.000000   gamma_tr=       0.000000 meV  omega=     79.0616 meV   on_shell_Omega=     79.0616 meV  off_shell_Omega=     79.0616 meV
     lambda___(   3 )=       0.000000   gamma___=       0.000000 meV  omega=     80.2962 meV   on_shell_Omega=     80.2962 meV  off_shell_Omega=     80.2962 meV
     lambda_tr(   3 )=       0.000000   gamma_tr=       0.000000 meV  omega=     80.2962 meV   on_shell_Omega=     80.2962 meV  off_shell_Omega=     80.2962 meV
     lambda___(   4 )=       0.000000   gamma___=       0.000000 meV  omega=    160.2045 meV   on_shell_Omega=    160.2045 meV  off_shell_Omega=    160.2045 meV
     lambda_tr(   4 )=       0.000000   gamma_tr=       0.000000 meV  omega=    160.2045 meV   on_shell_Omega=    160.2045 meV  off_shell_Omega=    160.2045 meV
     lambda___(   5 )=       0.000000   gamma___=       0.000000 meV  omega=    170.8221 meV   on_shell_Omega=    170.8221 meV  off_shell_Omega=    170.8221 meV
     lambda_tr(   5 )=       0.000000   gamma_tr=       0.000000 meV  omega=    170.8221 meV   on_shell_Omega=    170.8221 meV  off_shell_Omega=    170.8221 meV
     lambda___(   6 )=       0.000000   gamma___=       0.000000 meV  omega=    173.7610 meV   on_shell_Omega=    173.7610 meV  off_shell_Omega=    173.7610 meV
     lambda_tr(   6 )=       0.000000   gamma_tr=       0.000000 meV  omega=    173.7610 meV   on_shell_Omega=    173.7610 meV  off_shell_Omega=    173.7610 meV
     lambda___( tot )=       0.000000
     lambda_tr( tot )=       0.000000
     -------------------------------------------------------------------


     Number of (k,k+q) pairs on the Fermi surface:      168 out of      324


     ismear =     1 iq =     155 coord.:   0.44444  0.55556  0.00000 wt:   0.00309 Temp:  300.000K
     -------------------------------------------------------------------
     lambda___(   1 )=       0.000000   gamma___=       0.000000 meV  omega=     53.1306 meV   on_shell_Omega=     53.1306 meV  off_shell_Omega=     53.1306 meV
     lambda_tr(   1 )=       0.000000   gamma_tr=       0.000000 meV  omega=     53.1306 meV   on_shell_Omega=     53.1306 meV  off_shell_Omega=     53.1306 meV
     lambda___(   2 )=       0.000000   gamma___=       0.000000 meV  omega=     76.7858 meV   on_shell_Omega=     76.7858 meV  off_shell_Omega=     76.7858 meV
     lambda_tr(   2 )=       0.000000   gamma_tr=       0.000000 meV  omega=     76.7858 meV   on_shell_Omega=     76.7858 meV  off_shell_Omega=     76.7858 meV
     lambda___(   3 )=       0.000000   gamma___=       0.000000 meV  omega=     82.1742 meV   on_shell_Omega=     82.1742 meV  off_shell_Omega=     82.1742 meV
     lambda_tr(   3 )=       0.000000   gamma_tr=       0.000000 meV  omega=     82.1742 meV   on_shell_Omega=     82.1742 meV  off_shell_Omega=     82.1742 meV
     lambda___(   4 )=       0.000000   gamma___=       0.000000 meV  omega=    154.4491 meV   on_shell_Omega=    154.4491 meV  off_shell_Omega=    154.4491 meV
     lambda_tr(   4 )=       0.000000   gamma_tr=       0.000000 meV  omega=    154.4491 meV   on_shell_Omega=    154.4491 meV  off_shell_Omega=    154.4491 meV
     lambda___(   5 )=       0.000000   gamma___=       0.000000 meV  omega=    174.3846 meV   on_shell_Omega=    174.3846 meV  off_shell_Omega=    174.3846 meV
     lambda_tr(   5 )=       0.000000   gamma_tr=       0.000000 meV  omega=    174.3846 meV   on_shell_Omega=    174.3846 meV  off_shell_Omega=    174.3846 meV
     lambda___(   6 )=       0.000000   gamma___=       0.000000 meV  omega=    176.6245 meV   on_shell_Omega=    176.6245 meV  off_shell_Omega=    176.6245 meV
     lambda_tr(   6 )=       0.000000   gamma_tr=       0.000000 meV  omega=    176.6245 meV   on_shell_Omega=    176.6245 meV  off_shell_Omega=    176.6245 meV
     lambda___( tot )=       0.000000
     lambda_tr( tot )=       0.000000
     -------------------------------------------------------------------


     Number of (k,k+q) pairs on the Fermi surface:      167 out of      324


     ismear =     1 iq =     156 coord.:   0.44444  0.61111  0.00000 wt:   0.00309 Temp:  300.000K
     -------------------------------------------------------------------
     lambda___(   1 )=       0.000000   gamma___=       0.000000 meV  omega=     48.4979 meV   on_shell_Omega=     48.4979 meV  off_shell_Omega=     48.4979 meV
     lambda_tr(   1 )=       0.000000   gamma_tr=       0.000000 meV  omega=     48.4979 meV   on_shell_Omega=     48.4979 meV  off_shell_Omega=     48.4979 meV
     lambda___(   2 )=       0.000000   gamma___=       0.000000 meV  omega=     78.3731 meV   on_shell_Omega=     78.3731 meV  off_shell_Omega=     78.3731 meV
     lambda_tr(   2 )=       0.000000   gamma_tr=       0.000000 meV  omega=     78.3731 meV   on_shell_Omega=     78.3731 meV  off_shell_Omega=     78.3731 meV
     lambda___(   3 )=       0.000000   gamma___=       0.000000 meV  omega=     85.3159 meV   on_shell_Omega=     85.3159 meV  off_shell_Omega=     85.3159 meV
     lambda_tr(   3 )=       0.000000   gamma_tr=       0.000000 meV  omega=     85.3159 meV   on_shell_Omega=     85.3159 meV  off_shell_Omega=     85.3159 meV
     lambda___(   4 )=       0.000000   gamma___=       0.000000 meV  omega=    146.8895 meV   on_shell_Omega=    146.8895 meV  off_shell_Omega=    146.8895 meV
     lambda_tr(   4 )=       0.000000   gamma_tr=       0.000000 meV  omega=    146.8895 meV   on_shell_Omega=    146.8895 meV  off_shell_Omega=    146.8895 meV
     lambda___(   5 )=       0.000000   gamma___=       0.000000 meV  omega=    174.7597 meV   on_shell_Omega=    174.7597 meV  off_shell_Omega=    174.7597 meV
     lambda_tr(   5 )=       0.000000   gamma_tr=       0.000000 meV  omega=    174.7597 meV   on_shell_Omega=    174.7597 meV  off_shell_Omega=    174.7597 meV
     lambda___(   6 )=       0.000000   gamma___=       0.000000 meV  omega=    180.4973 meV   on_shell_Omega=    180.4973 meV  off_shell_Omega=    180.4973 meV
     lambda_tr(   6 )=       0.000000   gamma_tr=       0.000000 meV  omega=    180.4973 meV   on_shell_Omega=    180.4973 meV  off_shell_Omega=    180.4973 meV
     lambda___( tot )=       0.000000
     lambda_tr( tot )=       0.000000
     -------------------------------------------------------------------


     Number of (k,k+q) pairs on the Fermi surface:      169 out of      324


     ismear =     1 iq =     157 coord.:   0.44444  0.66667  0.00000 wt:   0.00309 Temp:  300.000K
     -------------------------------------------------------------------
     lambda___(   1 )=       0.000000   gamma___=       0.000000 meV  omega=     43.9791 meV   on_shell_Omega=     43.9791 meV  off_shell_Omega=     43.9791 meV
     lambda_tr(   1 )=       0.000000   gamma_tr=       0.000000 meV  omega=     43.9791 meV   on_shell_Omega=     43.9791 meV  off_shell_Omega=     43.9791 meV
     lambda___(   2 )=       0.000000   gamma___=       0.000000 meV  omega=     84.2729 meV   on_shell_Omega=     84.2729 meV  off_shell_Omega=     84.2729 meV
     lambda_tr(   2 )=       0.000000   gamma_tr=       0.000000 meV  omega=     84.2729 meV   on_shell_Omega=     84.2729 meV  off_shell_Omega=     84.2729 meV
     lambda___(   3 )=       0.000000   gamma___=       0.000000 meV  omega=     87.7828 meV   on_shell_Omega=     87.7828 meV  off_shell_Omega=     87.7828 meV
     lambda_tr(   3 )=       0.000000   gamma_tr=       0.000000 meV  omega=     87.7828 meV   on_shell_Omega=     87.7828 meV  off_shell_Omega=     87.7828 meV
     lambda___(   4 )=       0.000000   gamma___=       0.000000 meV  omega=    138.3899 meV   on_shell_Omega=    138.3899 meV  off_shell_Omega=    138.3899 meV
     lambda_tr(   4 )=       0.000000   gamma_tr=       0.000000 meV  omega=    138.3899 meV   on_shell_Omega=    138.3899 meV  off_shell_Omega=    138.3899 meV
     lambda___(   5 )=       0.000000   gamma___=       0.000000 meV  omega=    174.5013 meV   on_shell_Omega=    174.5013 meV  off_shell_Omega=    174.5013 meV
     lambda_tr(   5 )=       0.000000   gamma_tr=       0.000000 meV  omega=    174.5013 meV   on_shell_Omega=    174.5013 meV  off_shell_Omega=    174.5013 meV
     lambda___(   6 )=       0.000000   gamma___=       0.000000 meV  omega=    182.3305 meV   on_shell_Omega=    182.3306 meV  off_shell_Omega=    182.3306 meV
     lambda_tr(   6 )=       0.000000   gamma_tr=       0.000000 meV  omega=    182.3305 meV   on_shell_Omega=    182.3306 meV  off_shell_Omega=    182.3306 meV
     lambda___( tot )=       0.000000
     lambda_tr( tot )=       0.000000
     -------------------------------------------------------------------


     Number of (k,k+q) pairs on the Fermi surface:      175 out of      324


     ismear =     1 iq =     158 coord.:   0.44444  0.72222  0.00000 wt:   0.00309 Temp:  300.000K
     -------------------------------------------------------------------
     lambda___(   1 )=       0.000000   gamma___=       0.000000 meV  omega=     40.7202 meV   on_shell_Omega=     40.7202 meV  off_shell_Omega=     40.7202 meV
     lambda_tr(   1 )=       0.000000   gamma_tr=       0.000000 meV  omega=     40.7202 meV   on_shell_Omega=     40.7202 meV  off_shell_Omega=     40.7202 meV
     lambda___(   2 )=       0.000000   gamma___=       0.000000 meV  omega=     89.2740 meV   on_shell_Omega=     89.2740 meV  off_shell_Omega=     89.2740 meV
     lambda_tr(   2 )=       0.000000   gamma_tr=       0.000000 meV  omega=     89.2740 meV   on_shell_Omega=     89.2740 meV  off_shell_Omega=     89.2740 meV
     lambda___(   3 )=       0.000000   gamma___=       0.000000 meV  omega=     91.7457 meV   on_shell_Omega=     91.7457 meV  off_shell_Omega=     91.7457 meV
     lambda_tr(   3 )=       0.000000   gamma_tr=       0.000000 meV  omega=     91.7457 meV   on_shell_Omega=     91.7457 meV  off_shell_Omega=     91.7457 meV
     lambda___(   4 )=       0.000000   gamma___=       0.000000 meV  omega=    130.4081 meV   on_shell_Omega=    130.4081 meV  off_shell_Omega=    130.4081 meV
     lambda_tr(   4 )=       0.000000   gamma_tr=       0.000000 meV  omega=    130.4081 meV   on_shell_Omega=    130.4081 meV  off_shell_Omega=    130.4081 meV
     lambda___(   5 )=       0.000000   gamma___=       0.000000 meV  omega=    173.7374 meV   on_shell_Omega=    173.7374 meV  off_shell_Omega=    173.7374 meV
     lambda_tr(   5 )=       0.000000   gamma_tr=       0.000000 meV  omega=    173.7374 meV   on_shell_Omega=    173.7374 meV  off_shell_Omega=    173.7374 meV
     lambda___(   6 )=       0.000000   gamma___=       0.000000 meV  omega=    182.6978 meV   on_shell_Omega=    182.6978 meV  off_shell_Omega=    182.6978 meV
     lambda_tr(   6 )=       0.000000   gamma_tr=       0.000000 meV  omega=    182.6978 meV   on_shell_Omega=    182.6978 meV  off_shell_Omega=    182.6978 meV
     lambda___( tot )=       0.000000
     lambda_tr( tot )=       0.000000
     -------------------------------------------------------------------


     Number of (k,k+q) pairs on the Fermi surface:      178 out of      324


     ismear =     1 iq =     159 coord.:   0.44444  0.77778  0.00000 wt:   0.00309 Temp:  300.000K
     -------------------------------------------------------------------
     lambda___(   1 )=       0.000000   gamma___=       0.000000 meV  omega=     39.5398 meV   on_shell_Omega=     39.5398 meV  off_shell_Omega=     39.5398 meV
     lambda_tr(   1 )=       0.000000   gamma_tr=       0.000000 meV  omega=     39.5398 meV   on_shell_Omega=     39.5398 meV  off_shell_Omega=     39.5398 meV
     lambda___(   2 )=       0.000000   gamma___=       0.000000 meV  omega=     89.7607 meV   on_shell_Omega=     89.7607 meV  off_shell_Omega=     89.7607 meV
     lambda_tr(   2 )=       0.000000   gamma_tr=       0.000000 meV  omega=     89.7607 meV   on_shell_Omega=     89.7607 meV  off_shell_Omega=     89.7607 meV
     lambda___(   3 )=       0.000000   gamma___=       0.000000 meV  omega=     95.6620 meV   on_shell_Omega=     95.6620 meV  off_shell_Omega=     95.6620 meV
     lambda_tr(   3 )=       0.000000   gamma_tr=       0.000000 meV  omega=     95.6620 meV   on_shell_Omega=     95.6620 meV  off_shell_Omega=     95.6620 meV
     lambda___(   4 )=       0.000000   gamma___=       0.000000 meV  omega=    126.5404 meV   on_shell_Omega=    126.5404 meV  off_shell_Omega=    126.5404 meV
     lambda_tr(   4 )=       0.000000   gamma_tr=       0.000000 meV  omega=    126.5404 meV   on_shell_Omega=    126.5404 meV  off_shell_Omega=    126.5404 meV
     lambda___(   5 )=       0.000000   gamma___=       0.000000 meV  omega=    173.3042 meV   on_shell_Omega=    173.3042 meV  off_shell_Omega=    173.3042 meV
     lambda_tr(   5 )=       0.000000   gamma_tr=       0.000000 meV  omega=    173.3042 meV   on_shell_Omega=    173.3042 meV  off_shell_Omega=    173.3042 meV
     lambda___(   6 )=       0.000000   gamma___=       0.000000 meV  omega=    182.6424 meV   on_shell_Omega=    182.6424 meV  off_shell_Omega=    182.6424 meV
     lambda_tr(   6 )=       0.000000   gamma_tr=       0.000000 meV  omega=    182.6424 meV   on_shell_Omega=    182.6424 meV  off_shell_Omega=    182.6424 meV
     lambda___( tot )=       0.000000
     lambda_tr( tot )=       0.000000
     -------------------------------------------------------------------


     Number of (k,k+q) pairs on the Fermi surface:      182 out of      324


     ismear =     1 iq =     160 coord.:   0.44444  0.83333  0.00000 wt:   0.00309 Temp:  300.000K
     -------------------------------------------------------------------
     lambda___(   1 )=       0.000000   gamma___=       0.000000 meV  omega=     40.7202 meV   on_shell_Omega=     40.7202 meV  off_shell_Omega=     40.7202 meV
     lambda_tr(   1 )=       0.000000   gamma_tr=       0.000000 meV  omega=     40.7202 meV   on_shell_Omega=     40.7202 meV  off_shell_Omega=     40.7202 meV
     lambda___(   2 )=       0.000000   gamma___=       0.000000 meV  omega=     89.2740 meV   on_shell_Omega=     89.2741 meV  off_shell_Omega=     89.2741 meV
     lambda_tr(   2 )=       0.000000   gamma_tr=       0.000000 meV  omega=     89.2740 meV   on_shell_Omega=     89.2741 meV  off_shell_Omega=     89.2741 meV
     lambda___(   3 )=       0.000000   gamma___=       0.000000 meV  omega=     91.7457 meV   on_shell_Omega=     91.7457 meV  off_shell_Omega=     91.7457 meV
     lambda_tr(   3 )=       0.000000   gamma_tr=       0.000000 meV  omega=     91.7457 meV   on_shell_Omega=     91.7457 meV  off_shell_Omega=     91.7457 meV
     lambda___(   4 )=       0.000000   gamma___=       0.000000 meV  omega=    130.4081 meV   on_shell_Omega=    130.4081 meV  off_shell_Omega=    130.4081 meV
     lambda_tr(   4 )=       0.000000   gamma_tr=       0.000000 meV  omega=    130.4081 meV   on_shell_Omega=    130.4081 meV  off_shell_Omega=    130.4081 meV
     lambda___(   5 )=       0.000000   gamma___=       0.000000 meV  omega=    173.7374 meV   on_shell_Omega=    173.7374 meV  off_shell_Omega=    173.7374 meV
     lambda_tr(   5 )=       0.000000   gamma_tr=       0.000000 meV  omega=    173.7374 meV   on_shell_Omega=    173.7374 meV  off_shell_Omega=    173.7374 meV
     lambda___(   6 )=       0.000000   gamma___=       0.000000 meV  omega=    182.6978 meV   on_shell_Omega=    182.6978 meV  off_shell_Omega=    182.6978 meV
     lambda_tr(   6 )=       0.000000   gamma_tr=       0.000000 meV  omega=    182.6978 meV   on_shell_Omega=    182.6978 meV  off_shell_Omega=    182.6978 meV
     lambda___( tot )=       0.000000
     lambda_tr( tot )=       0.000000
     -------------------------------------------------------------------


     Number of (k,k+q) pairs on the Fermi surface:      179 out of      324


     ismear =     1 iq =     161 coord.:   0.44444  0.88889  0.00000 wt:   0.00309 Temp:  300.000K
     -------------------------------------------------------------------
     lambda___(   1 )=       0.000000   gamma___=       0.000000 meV  omega=     43.9791 meV   on_shell_Omega=     43.9791 meV  off_shell_Omega=     43.9791 meV
     lambda_tr(   1 )=       0.000000   gamma_tr=       0.000000 meV  omega=     43.9791 meV   on_shell_Omega=     43.9791 meV  off_shell_Omega=     43.9791 meV
     lambda___(   2 )=       0.000000   gamma___=       0.000000 meV  omega=     84.2729 meV   on_shell_Omega=     84.2729 meV  off_shell_Omega=     84.2729 meV
     lambda_tr(   2 )=       0.000000   gamma_tr=       0.000000 meV  omega=     84.2729 meV   on_shell_Omega=     84.2729 meV  off_shell_Omega=     84.2729 meV
     lambda___(   3 )=       0.000000   gamma___=       0.000000 meV  omega=     87.7828 meV   on_shell_Omega=     87.7828 meV  off_shell_Omega=     87.7828 meV
     lambda_tr(   3 )=       0.000000   gamma_tr=       0.000000 meV  omega=     87.7828 meV   on_shell_Omega=     87.7828 meV  off_shell_Omega=     87.7828 meV
     lambda___(   4 )=       0.000000   gamma___=       0.000000 meV  omega=    138.3899 meV   on_shell_Omega=    138.3899 meV  off_shell_Omega=    138.3899 meV
     lambda_tr(   4 )=       0.000000   gamma_tr=       0.000000 meV  omega=    138.3899 meV   on_shell_Omega=    138.3899 meV  off_shell_Omega=    138.3899 meV
     lambda___(   5 )=       0.000000   gamma___=       0.000000 meV  omega=    174.5013 meV   on_shell_Omega=    174.5013 meV  off_shell_Omega=    174.5013 meV
     lambda_tr(   5 )=       0.000000   gamma_tr=       0.000000 meV  omega=    174.5013 meV   on_shell_Omega=    174.5013 meV  off_shell_Omega=    174.5013 meV
     lambda___(   6 )=       0.000000   gamma___=       0.000000 meV  omega=    182.3305 meV   on_shell_Omega=    182.3306 meV  off_shell_Omega=    182.3306 meV
     lambda_tr(   6 )=       0.000000   gamma_tr=       0.000000 meV  omega=    182.3305 meV   on_shell_Omega=    182.3306 meV  off_shell_Omega=    182.3306 meV
     lambda___( tot )=       0.000000
     lambda_tr( tot )=       0.000000
     -------------------------------------------------------------------


     Number of (k,k+q) pairs on the Fermi surface:      172 out of      324


     ismear =     1 iq =     162 coord.:   0.44444  0.94444  0.00000 wt:   0.00309 Temp:  300.000K
     -------------------------------------------------------------------
     lambda___(   1 )=       0.000000   gamma___=       0.000000 meV  omega=     48.4979 meV   on_shell_Omega=     48.4979 meV  off_shell_Omega=     48.4979 meV
     lambda_tr(   1 )=       0.000000   gamma_tr=       0.000000 meV  omega=     48.4979 meV   on_shell_Omega=     48.4979 meV  off_shell_Omega=     48.4979 meV
     lambda___(   2 )=       0.000000   gamma___=       0.000000 meV  omega=     78.3731 meV   on_shell_Omega=     78.3731 meV  off_shell_Omega=     78.3731 meV
     lambda_tr(   2 )=       0.000000   gamma_tr=       0.000000 meV  omega=     78.3731 meV   on_shell_Omega=     78.3731 meV  off_shell_Omega=     78.3731 meV
     lambda___(   3 )=       0.000000   gamma___=       0.000000 meV  omega=     85.3159 meV   on_shell_Omega=     85.3159 meV  off_shell_Omega=     85.3159 meV
     lambda_tr(   3 )=       0.000000   gamma_tr=       0.000000 meV  omega=     85.3159 meV   on_shell_Omega=     85.3159 meV  off_shell_Omega=     85.3159 meV
     lambda___(   4 )=       0.000000   gamma___=       0.000000 meV  omega=    146.8895 meV   on_shell_Omega=    146.8895 meV  off_shell_Omega=    146.8895 meV
     lambda_tr(   4 )=       0.000000   gamma_tr=       0.000000 meV  omega=    146.8895 meV   on_shell_Omega=    146.8895 meV  off_shell_Omega=    146.8895 meV
     lambda___(   5 )=       0.000000   gamma___=       0.000000 meV  omega=    174.7597 meV   on_shell_Omega=    174.7597 meV  off_shell_Omega=    174.7597 meV
     lambda_tr(   5 )=       0.000000   gamma_tr=       0.000000 meV  omega=    174.7597 meV   on_shell_Omega=    174.7597 meV  off_shell_Omega=    174.7597 meV
     lambda___(   6 )=       0.000000   gamma___=       0.000000 meV  omega=    180.4973 meV   on_shell_Omega=    180.4973 meV  off_shell_Omega=    180.4973 meV
     lambda_tr(   6 )=       0.000000   gamma_tr=       0.000000 meV  omega=    180.4973 meV   on_shell_Omega=    180.4973 meV  off_shell_Omega=    180.4973 meV
     lambda___( tot )=       0.000000
     lambda_tr( tot )=       0.000000
     -------------------------------------------------------------------


     Number of (k,k+q) pairs on the Fermi surface:      161 out of      324


     ismear =     1 iq =     163 coord.:   0.50000  0.00000  0.00000 wt:   0.00309 Temp:  300.000K
     -------------------------------------------------------------------
     lambda___(   1 )=       0.000000   gamma___=       0.000000 meV  omega=     58.0812 meV   on_shell_Omega=     58.0812 meV  off_shell_Omega=     58.0812 meV
     lambda_tr(   1 )=       0.000000   gamma_tr=       0.000000 meV  omega=     58.0812 meV   on_shell_Omega=     58.0812 meV  off_shell_Omega=     58.0812 meV
     lambda___(   2 )=       0.000000   gamma___=       0.000000 meV  omega=     77.7020 meV   on_shell_Omega=     77.7020 meV  off_shell_Omega=     77.7020 meV
     lambda_tr(   2 )=       0.000000   gamma_tr=       0.000000 meV  omega=     77.7020 meV   on_shell_Omega=     77.7020 meV  off_shell_Omega=     77.7020 meV
     lambda___(   3 )=       0.000000   gamma___=       0.000000 meV  omega=     78.2051 meV   on_shell_Omega=     78.2051 meV  off_shell_Omega=     78.2051 meV
     lambda_tr(   3 )=       0.000000   gamma_tr=       0.000000 meV  omega=     78.2051 meV   on_shell_Omega=     78.2051 meV  off_shell_Omega=     78.2051 meV
     lambda___(   4 )=       0.000000   gamma___=       0.000000 meV  omega=    165.6754 meV   on_shell_Omega=    165.6754 meV  off_shell_Omega=    165.6754 meV
     lambda_tr(   4 )=       0.000000   gamma_tr=       0.000000 meV  omega=    165.6754 meV   on_shell_Omega=    165.6754 meV  off_shell_Omega=    165.6754 meV
     lambda___(   5 )=       0.000000   gamma___=       0.000000 meV  omega=    167.2891 meV   on_shell_Omega=    167.2891 meV  off_shell_Omega=    167.2891 meV
     lambda_tr(   5 )=       0.000000   gamma_tr=       0.000000 meV  omega=    167.2891 meV   on_shell_Omega=    167.2891 meV  off_shell_Omega=    167.2891 meV
     lambda___(   6 )=       0.000000   gamma___=       0.000000 meV  omega=    173.7883 meV   on_shell_Omega=    173.7883 meV  off_shell_Omega=    173.7883 meV
     lambda_tr(   6 )=       0.000000   gamma_tr=       0.000000 meV  omega=    173.7883 meV   on_shell_Omega=    173.7883 meV  off_shell_Omega=    173.7883 meV
     lambda___( tot )=       0.000000
     lambda_tr( tot )=       0.000000
     -------------------------------------------------------------------


     Number of (k,k+q) pairs on the Fermi surface:      148 out of      324


     ismear =     1 iq =     164 coord.:   0.50000  0.05556  0.00000 wt:   0.00309 Temp:  300.000K
     -------------------------------------------------------------------
     lambda___(   1 )=       0.000000   gamma___=       0.000000 meV  omega=     56.5857 meV   on_shell_Omega=     56.5857 meV  off_shell_Omega=     56.5857 meV
     lambda_tr(   1 )=       0.000000   gamma_tr=       0.000000 meV  omega=     56.5857 meV   on_shell_Omega=     56.5857 meV  off_shell_Omega=     56.5857 meV
     lambda___(   2 )=       0.000000   gamma___=       0.000000 meV  omega=     79.1181 meV   on_shell_Omega=     79.1181 meV  off_shell_Omega=     79.1181 meV
     lambda_tr(   2 )=       0.000000   gamma_tr=       0.000000 meV  omega=     79.1181 meV   on_shell_Omega=     79.1181 meV  off_shell_Omega=     79.1181 meV
     lambda___(   3 )=       0.000000   gamma___=       0.000000 meV  omega=     80.2498 meV   on_shell_Omega=     80.2498 meV  off_shell_Omega=     80.2498 meV
     lambda_tr(   3 )=       0.000000   gamma_tr=       0.000000 meV  omega=     80.2498 meV   on_shell_Omega=     80.2498 meV  off_shell_Omega=     80.2498 meV
     lambda___(   4 )=       0.000000   gamma___=       0.000000 meV  omega=    159.6660 meV   on_shell_Omega=    159.6660 meV  off_shell_Omega=    159.6660 meV
     lambda_tr(   4 )=       0.000000   gamma_tr=       0.000000 meV  omega=    159.6660 meV   on_shell_Omega=    159.6660 meV  off_shell_Omega=    159.6660 meV
     lambda___(   5 )=       0.000000   gamma___=       0.000000 meV  omega=    171.2957 meV   on_shell_Omega=    171.2957 meV  off_shell_Omega=    171.2957 meV
     lambda_tr(   5 )=       0.000000   gamma_tr=       0.000000 meV  omega=    171.2957 meV   on_shell_Omega=    171.2957 meV  off_shell_Omega=    171.2957 meV
     lambda___(   6 )=       0.000000   gamma___=       0.000000 meV  omega=    173.8118 meV   on_shell_Omega=    173.8118 meV  off_shell_Omega=    173.8118 meV
     lambda_tr(   6 )=       0.000000   gamma_tr=       0.000000 meV  omega=    173.8118 meV   on_shell_Omega=    173.8118 meV  off_shell_Omega=    173.8118 meV
     lambda___( tot )=       0.000000
     lambda_tr( tot )=       0.000000
     -------------------------------------------------------------------


     Number of (k,k+q) pairs on the Fermi surface:      152 out of      324


     ismear =     1 iq =     165 coord.:   0.50000  0.11111  0.00000 wt:   0.00309 Temp:  300.000K
     -------------------------------------------------------------------
     lambda___(   1 )=       0.000000   gamma___=       0.000000 meV  omega=     53.1568 meV   on_shell_Omega=     53.1568 meV  off_shell_Omega=     53.1568 meV
     lambda_tr(   1 )=       0.000000   gamma_tr=       0.000000 meV  omega=     53.1568 meV   on_shell_Omega=     53.1568 meV  off_shell_Omega=     53.1568 meV
     lambda___(   2 )=       0.000000   gamma___=       0.000000 meV  omega=     81.0176 meV   on_shell_Omega=     81.0176 meV  off_shell_Omega=     81.0176 meV
     lambda_tr(   2 )=       0.000000   gamma_tr=       0.000000 meV  omega=     81.0176 meV   on_shell_Omega=     81.0176 meV  off_shell_Omega=     81.0176 meV
     lambda___(   3 )=       0.000000   gamma___=       0.000000 meV  omega=     87.1405 meV   on_shell_Omega=     87.1405 meV  off_shell_Omega=     87.1405 meV
     lambda_tr(   3 )=       0.000000   gamma_tr=       0.000000 meV  omega=     87.1405 meV   on_shell_Omega=     87.1405 meV  off_shell_Omega=     87.1405 meV
     lambda___(   4 )=       0.000000   gamma___=       0.000000 meV  omega=    151.5827 meV   on_shell_Omega=    151.5827 meV  off_shell_Omega=    151.5827 meV
     lambda_tr(   4 )=       0.000000   gamma_tr=       0.000000 meV  omega=    151.5827 meV   on_shell_Omega=    151.5827 meV  off_shell_Omega=    151.5827 meV
     lambda___(   5 )=       0.000000   gamma___=       0.000000 meV  omega=    172.7642 meV   on_shell_Omega=    172.7642 meV  off_shell_Omega=    172.7642 meV
     lambda_tr(   5 )=       0.000000   gamma_tr=       0.000000 meV  omega=    172.7642 meV   on_shell_Omega=    172.7642 meV  off_shell_Omega=    172.7642 meV
     lambda___(   6 )=       0.000000   gamma___=       0.000000 meV  omega=    174.4673 meV   on_shell_Omega=    174.4673 meV  off_shell_Omega=    174.4673 meV
     lambda_tr(   6 )=       0.000000   gamma_tr=       0.000000 meV  omega=    174.4673 meV   on_shell_Omega=    174.4673 meV  off_shell_Omega=    174.4673 meV
     lambda___( tot )=       0.000000
     lambda_tr( tot )=       0.000000
     -------------------------------------------------------------------


     Number of (k,k+q) pairs on the Fermi surface:      162 out of      324


     ismear =     1 iq =     166 coord.:   0.50000  0.16667  0.00000 wt:   0.00309 Temp:  300.000K
     -------------------------------------------------------------------
     lambda___(   1 )=       0.000000   gamma___=       0.000000 meV  omega=     49.6179 meV   on_shell_Omega=     49.6179 meV  off_shell_Omega=     49.6179 meV
     lambda_tr(   1 )=       0.000000   gamma_tr=       0.000000 meV  omega=     49.6179 meV   on_shell_Omega=     49.6179 meV  off_shell_Omega=     49.6179 meV
     lambda___(   2 )=       0.000000   gamma___=       0.000000 meV  omega=     82.7207 meV   on_shell_Omega=     82.7207 meV  off_shell_Omega=     82.7207 meV
     lambda_tr(   2 )=       0.000000   gamma_tr=       0.000000 meV  omega=     82.7207 meV   on_shell_Omega=     82.7207 meV  off_shell_Omega=     82.7207 meV
     lambda___(   3 )=       0.000000   gamma___=       0.000000 meV  omega=     96.2760 meV   on_shell_Omega=     96.2760 meV  off_shell_Omega=     96.2760 meV
     lambda_tr(   3 )=       0.000000   gamma_tr=       0.000000 meV  omega=     96.2760 meV   on_shell_Omega=     96.2760 meV  off_shell_Omega=     96.2760 meV
     lambda___(   4 )=       0.000000   gamma___=       0.000000 meV  omega=    142.9427 meV   on_shell_Omega=    142.9427 meV  off_shell_Omega=    142.9427 meV
     lambda_tr(   4 )=       0.000000   gamma_tr=       0.000000 meV  omega=    142.9427 meV   on_shell_Omega=    142.9427 meV  off_shell_Omega=    142.9427 meV
     lambda___(   5 )=       0.000000   gamma___=       0.000000 meV  omega=    171.6981 meV   on_shell_Omega=    171.6981 meV  off_shell_Omega=    171.6981 meV
     lambda_tr(   5 )=       0.000000   gamma_tr=       0.000000 meV  omega=    171.6981 meV   on_shell_Omega=    171.6981 meV  off_shell_Omega=    171.6981 meV
     lambda___(   6 )=       0.000000   gamma___=       0.000000 meV  omega=    175.1952 meV   on_shell_Omega=    175.1952 meV  off_shell_Omega=    175.1952 meV
     lambda_tr(   6 )=       0.000000   gamma_tr=       0.000000 meV  omega=    175.1952 meV   on_shell_Omega=    175.1952 meV  off_shell_Omega=    175.1952 meV
     lambda___( tot )=       0.000000
     lambda_tr( tot )=       0.000000
     -------------------------------------------------------------------


     Number of (k,k+q) pairs on the Fermi surface:      171 out of      324


     ismear =     1 iq =     167 coord.:   0.50000  0.22222  0.00000 wt:   0.00309 Temp:  300.000K
     -------------------------------------------------------------------
     lambda___(   1 )=       0.000000   gamma___=       0.000000 meV  omega=     47.4287 meV   on_shell_Omega=     47.4287 meV  off_shell_Omega=     47.4287 meV
     lambda_tr(   1 )=       0.000000   gamma_tr=       0.000000 meV  omega=     47.4287 meV   on_shell_Omega=     47.4287 meV  off_shell_Omega=     47.4287 meV
     lambda___(   2 )=       0.000000   gamma___=       0.000000 meV  omega=     83.6551 meV   on_shell_Omega=     83.6551 meV  off_shell_Omega=     83.6551 meV
     lambda_tr(   2 )=       0.000000   gamma_tr=       0.000000 meV  omega=     83.6551 meV   on_shell_Omega=     83.6551 meV  off_shell_Omega=     83.6551 meV
     lambda___(   3 )=       0.000000   gamma___=       0.000000 meV  omega=    103.9550 meV   on_shell_Omega=    103.9550 meV  off_shell_Omega=    103.9550 meV
     lambda_tr(   3 )=       0.000000   gamma_tr=       0.000000 meV  omega=    103.9550 meV   on_shell_Omega=    103.9550 meV  off_shell_Omega=    103.9550 meV
     lambda___(   4 )=       0.000000   gamma___=       0.000000 meV  omega=    135.9642 meV   on_shell_Omega=    135.9642 meV  off_shell_Omega=    135.9642 meV
     lambda_tr(   4 )=       0.000000   gamma_tr=       0.000000 meV  omega=    135.9642 meV   on_shell_Omega=    135.9642 meV  off_shell_Omega=    135.9642 meV
     lambda___(   5 )=       0.000000   gamma___=       0.000000 meV  omega=    170.5131 meV   on_shell_Omega=    170.5131 meV  off_shell_Omega=    170.5131 meV
     lambda_tr(   5 )=       0.000000   gamma_tr=       0.000000 meV  omega=    170.5131 meV   on_shell_Omega=    170.5131 meV  off_shell_Omega=    170.5131 meV
     lambda___(   6 )=       0.000000   gamma___=       0.000000 meV  omega=    175.2535 meV   on_shell_Omega=    175.2535 meV  off_shell_Omega=    175.2535 meV
     lambda_tr(   6 )=       0.000000   gamma_tr=       0.000000 meV  omega=    175.2535 meV   on_shell_Omega=    175.2535 meV  off_shell_Omega=    175.2535 meV
     lambda___( tot )=       0.000000
     lambda_tr( tot )=       0.000000
     -------------------------------------------------------------------


     Number of (k,k+q) pairs on the Fermi surface:      177 out of      324


     ismear =     1 iq =     168 coord.:   0.50000  0.27778  0.00000 wt:   0.00309 Temp:  300.000K
     -------------------------------------------------------------------
     lambda___(   1 )=       0.000000   gamma___=       0.000000 meV  omega=     47.4287 meV   on_shell_Omega=     47.4287 meV  off_shell_Omega=     47.4287 meV
     lambda_tr(   1 )=       0.000000   gamma_tr=       0.000000 meV  omega=     47.4287 meV   on_shell_Omega=     47.4287 meV  off_shell_Omega=     47.4287 meV
     lambda___(   2 )=       0.000000   gamma___=       0.000000 meV  omega=     83.6551 meV   on_shell_Omega=     83.6551 meV  off_shell_Omega=     83.6551 meV
     lambda_tr(   2 )=       0.000000   gamma_tr=       0.000000 meV  omega=     83.6551 meV   on_shell_Omega=     83.6551 meV  off_shell_Omega=     83.6551 meV
     lambda___(   3 )=       0.000000   gamma___=       0.000000 meV  omega=    103.9550 meV   on_shell_Omega=    103.9550 meV  off_shell_Omega=    103.9550 meV
     lambda_tr(   3 )=       0.000000   gamma_tr=       0.000000 meV  omega=    103.9550 meV   on_shell_Omega=    103.9550 meV  off_shell_Omega=    103.9550 meV
     lambda___(   4 )=       0.000000   gamma___=       0.000000 meV  omega=    135.9642 meV   on_shell_Omega=    135.9642 meV  off_shell_Omega=    135.9642 meV
     lambda_tr(   4 )=       0.000000   gamma_tr=       0.000000 meV  omega=    135.9642 meV   on_shell_Omega=    135.9642 meV  off_shell_Omega=    135.9642 meV
     lambda___(   5 )=       0.000000   gamma___=       0.000000 meV  omega=    170.5131 meV   on_shell_Omega=    170.5131 meV  off_shell_Omega=    170.5131 meV
     lambda_tr(   5 )=       0.000000   gamma_tr=       0.000000 meV  omega=    170.5131 meV   on_shell_Omega=    170.5131 meV  off_shell_Omega=    170.5131 meV
     lambda___(   6 )=       0.000000   gamma___=       0.000000 meV  omega=    175.2535 meV   on_shell_Omega=    175.2535 meV  off_shell_Omega=    175.2535 meV
     lambda_tr(   6 )=       0.000000   gamma_tr=       0.000000 meV  omega=    175.2535 meV   on_shell_Omega=    175.2535 meV  off_shell_Omega=    175.2535 meV
     lambda___( tot )=       0.000000
     lambda_tr( tot )=       0.000000
     -------------------------------------------------------------------


     Number of (k,k+q) pairs on the Fermi surface:      178 out of      324


     ismear =     1 iq =     169 coord.:   0.50000  0.33333  0.00000 wt:   0.00309 Temp:  300.000K
     -------------------------------------------------------------------
     lambda___(   1 )=       0.000000   gamma___=       0.000000 meV  omega=     49.6179 meV   on_shell_Omega=     49.6179 meV  off_shell_Omega=     49.6179 meV
     lambda_tr(   1 )=       0.000000   gamma_tr=       0.000000 meV  omega=     49.6179 meV   on_shell_Omega=     49.6179 meV  off_shell_Omega=     49.6179 meV
     lambda___(   2 )=       0.000000   gamma___=       0.000000 meV  omega=     82.7207 meV   on_shell_Omega=     82.7207 meV  off_shell_Omega=     82.7207 meV
     lambda_tr(   2 )=       0.000000   gamma_tr=       0.000000 meV  omega=     82.7207 meV   on_shell_Omega=     82.7207 meV  off_shell_Omega=     82.7207 meV
     lambda___(   3 )=       0.000000   gamma___=       0.000000 meV  omega=     96.2760 meV   on_shell_Omega=     96.2760 meV  off_shell_Omega=     96.2760 meV
     lambda_tr(   3 )=       0.000000   gamma_tr=       0.000000 meV  omega=     96.2760 meV   on_shell_Omega=     96.2760 meV  off_shell_Omega=     96.2760 meV
     lambda___(   4 )=       0.000000   gamma___=       0.000000 meV  omega=    142.9427 meV   on_shell_Omega=    142.9427 meV  off_shell_Omega=    142.9427 meV
     lambda_tr(   4 )=       0.000000   gamma_tr=       0.000000 meV  omega=    142.9427 meV   on_shell_Omega=    142.9427 meV  off_shell_Omega=    142.9427 meV
     lambda___(   5 )=       0.000000   gamma___=       0.000000 meV  omega=    171.6981 meV   on_shell_Omega=    171.6981 meV  off_shell_Omega=    171.6981 meV
     lambda_tr(   5 )=       0.000000   gamma_tr=       0.000000 meV  omega=    171.6981 meV   on_shell_Omega=    171.6981 meV  off_shell_Omega=    171.6981 meV
     lambda___(   6 )=       0.000000   gamma___=       0.000000 meV  omega=    175.1952 meV   on_shell_Omega=    175.1952 meV  off_shell_Omega=    175.1952 meV
     lambda_tr(   6 )=       0.000000   gamma_tr=       0.000000 meV  omega=    175.1952 meV   on_shell_Omega=    175.1952 meV  off_shell_Omega=    175.1952 meV
     lambda___( tot )=       0.000000
     lambda_tr( tot )=       0.000000
     -------------------------------------------------------------------


     Number of (k,k+q) pairs on the Fermi surface:      175 out of      324


     ismear =     1 iq =     170 coord.:   0.50000  0.38889  0.00000 wt:   0.00309 Temp:  300.000K
     -------------------------------------------------------------------
     lambda___(   1 )=       0.000000   gamma___=       0.000000 meV  omega=     53.1568 meV   on_shell_Omega=     53.1568 meV  off_shell_Omega=     53.1568 meV
     lambda_tr(   1 )=       0.000000   gamma_tr=       0.000000 meV  omega=     53.1568 meV   on_shell_Omega=     53.1568 meV  off_shell_Omega=     53.1568 meV
     lambda___(   2 )=       0.000000   gamma___=       0.000000 meV  omega=     81.0176 meV   on_shell_Omega=     81.0176 meV  off_shell_Omega=     81.0176 meV
     lambda_tr(   2 )=       0.000000   gamma_tr=       0.000000 meV  omega=     81.0176 meV   on_shell_Omega=     81.0176 meV  off_shell_Omega=     81.0176 meV
     lambda___(   3 )=       0.000000   gamma___=       0.000000 meV  omega=     87.1405 meV   on_shell_Omega=     87.1405 meV  off_shell_Omega=     87.1405 meV
     lambda_tr(   3 )=       0.000000   gamma_tr=       0.000000 meV  omega=     87.1405 meV   on_shell_Omega=     87.1405 meV  off_shell_Omega=     87.1405 meV
     lambda___(   4 )=       0.000000   gamma___=       0.000000 meV  omega=    151.5827 meV   on_shell_Omega=    151.5827 meV  off_shell_Omega=    151.5827 meV
     lambda_tr(   4 )=       0.000000   gamma_tr=       0.000000 meV  omega=    151.5827 meV   on_shell_Omega=    151.5827 meV  off_shell_Omega=    151.5827 meV
     lambda___(   5 )=       0.000000   gamma___=       0.000000 meV  omega=    172.7642 meV   on_shell_Omega=    172.7642 meV  off_shell_Omega=    172.7642 meV
     lambda_tr(   5 )=       0.000000   gamma_tr=       0.000000 meV  omega=    172.7642 meV   on_shell_Omega=    172.7642 meV  off_shell_Omega=    172.7642 meV
     lambda___(   6 )=       0.000000   gamma___=       0.000000 meV  omega=    174.4673 meV   on_shell_Omega=    174.4673 meV  off_shell_Omega=    174.4673 meV
     lambda_tr(   6 )=       0.000000   gamma_tr=       0.000000 meV  omega=    174.4673 meV   on_shell_Omega=    174.4673 meV  off_shell_Omega=    174.4673 meV
     lambda___( tot )=       0.000000
     lambda_tr( tot )=       0.000000
     -------------------------------------------------------------------


     Number of (k,k+q) pairs on the Fermi surface:      173 out of      324


     ismear =     1 iq =     171 coord.:   0.50000  0.44444  0.00000 wt:   0.00309 Temp:  300.000K
     -------------------------------------------------------------------
     lambda___(   1 )=       0.000000   gamma___=       0.000000 meV  omega=     56.5857 meV   on_shell_Omega=     56.5857 meV  off_shell_Omega=     56.5857 meV
     lambda_tr(   1 )=       0.000000   gamma_tr=       0.000000 meV  omega=     56.5857 meV   on_shell_Omega=     56.5857 meV  off_shell_Omega=     56.5857 meV
     lambda___(   2 )=       0.000000   gamma___=       0.000000 meV  omega=     79.1181 meV   on_shell_Omega=     79.1181 meV  off_shell_Omega=     79.1181 meV
     lambda_tr(   2 )=       0.000000   gamma_tr=       0.000000 meV  omega=     79.1181 meV   on_shell_Omega=     79.1181 meV  off_shell_Omega=     79.1181 meV
     lambda___(   3 )=       0.000000   gamma___=       0.000000 meV  omega=     80.2498 meV   on_shell_Omega=     80.2498 meV  off_shell_Omega=     80.2498 meV
     lambda_tr(   3 )=       0.000000   gamma_tr=       0.000000 meV  omega=     80.2498 meV   on_shell_Omega=     80.2498 meV  off_shell_Omega=     80.2498 meV
     lambda___(   4 )=       0.000000   gamma___=       0.000000 meV  omega=    159.6660 meV   on_shell_Omega=    159.6660 meV  off_shell_Omega=    159.6660 meV
     lambda_tr(   4 )=       0.000000   gamma_tr=       0.000000 meV  omega=    159.6660 meV   on_shell_Omega=    159.6660 meV  off_shell_Omega=    159.6660 meV
     lambda___(   5 )=       0.000000   gamma___=       0.000000 meV  omega=    171.2957 meV   on_shell_Omega=    171.2957 meV  off_shell_Omega=    171.2957 meV
     lambda_tr(   5 )=       0.000000   gamma_tr=       0.000000 meV  omega=    171.2957 meV   on_shell_Omega=    171.2957 meV  off_shell_Omega=    171.2957 meV
     lambda___(   6 )=       0.000000   gamma___=       0.000000 meV  omega=    173.8118 meV   on_shell_Omega=    173.8118 meV  off_shell_Omega=    173.8118 meV
     lambda_tr(   6 )=       0.000000   gamma_tr=       0.000000 meV  omega=    173.8118 meV   on_shell_Omega=    173.8118 meV  off_shell_Omega=    173.8118 meV
     lambda___( tot )=       0.000000
     lambda_tr( tot )=       0.000000
     -------------------------------------------------------------------


     Number of (k,k+q) pairs on the Fermi surface:      168 out of      324


     ismear =     1 iq =     172 coord.:   0.50000  0.50000  0.00000 wt:   0.00309 Temp:  300.000K
     -------------------------------------------------------------------
     lambda___(   1 )=       0.000000   gamma___=       0.000000 meV  omega=     58.0812 meV   on_shell_Omega=     58.0812 meV  off_shell_Omega=     58.0812 meV
     lambda_tr(   1 )=       0.000000   gamma_tr=       0.000000 meV  omega=     58.0812 meV   on_shell_Omega=     58.0812 meV  off_shell_Omega=     58.0812 meV
     lambda___(   2 )=       0.000000   gamma___=       0.000000 meV  omega=     77.7020 meV   on_shell_Omega=     77.7020 meV  off_shell_Omega=     77.7020 meV
     lambda_tr(   2 )=       0.000000   gamma_tr=       0.000000 meV  omega=     77.7020 meV   on_shell_Omega=     77.7020 meV  off_shell_Omega=     77.7020 meV
     lambda___(   3 )=       0.000000   gamma___=       0.000000 meV  omega=     78.2051 meV   on_shell_Omega=     78.2051 meV  off_shell_Omega=     78.2051 meV
     lambda_tr(   3 )=       0.000000   gamma_tr=       0.000000 meV  omega=     78.2051 meV   on_shell_Omega=     78.2051 meV  off_shell_Omega=     78.2051 meV
     lambda___(   4 )=       0.000000   gamma___=       0.000000 meV  omega=    165.6754 meV   on_shell_Omega=    165.6754 meV  off_shell_Omega=    165.6754 meV
     lambda_tr(   4 )=       0.000000   gamma_tr=       0.000000 meV  omega=    165.6754 meV   on_shell_Omega=    165.6754 meV  off_shell_Omega=    165.6754 meV
     lambda___(   5 )=       0.000000   gamma___=       0.000000 meV  omega=    167.2891 meV   on_shell_Omega=    167.2891 meV  off_shell_Omega=    167.2891 meV
     lambda_tr(   5 )=       0.000000   gamma_tr=       0.000000 meV  omega=    167.2891 meV   on_shell_Omega=    167.2891 meV  off_shell_Omega=    167.2891 meV
     lambda___(   6 )=       0.000000   gamma___=       0.000000 meV  omega=    173.7883 meV   on_shell_Omega=    173.7883 meV  off_shell_Omega=    173.7883 meV
     lambda_tr(   6 )=       0.000000   gamma_tr=       0.000000 meV  omega=    173.7883 meV   on_shell_Omega=    173.7883 meV  off_shell_Omega=    173.7883 meV
     lambda___( tot )=       0.000000
     lambda_tr( tot )=       0.000000
     -------------------------------------------------------------------


     Number of (k,k+q) pairs on the Fermi surface:      168 out of      324


     ismear =     1 iq =     173 coord.:   0.50000  0.55556  0.00000 wt:   0.00309 Temp:  300.000K
     -------------------------------------------------------------------
     lambda___(   1 )=       0.000000   gamma___=       0.000000 meV  omega=     56.5857 meV   on_shell_Omega=     56.5857 meV  off_shell_Omega=     56.5857 meV
     lambda_tr(   1 )=       0.000000   gamma_tr=       0.000000 meV  omega=     56.5857 meV   on_shell_Omega=     56.5857 meV  off_shell_Omega=     56.5857 meV
     lambda___(   2 )=       0.000000   gamma___=       0.000000 meV  omega=     79.1181 meV   on_shell_Omega=     79.1181 meV  off_shell_Omega=     79.1181 meV
     lambda_tr(   2 )=       0.000000   gamma_tr=       0.000000 meV  omega=     79.1181 meV   on_shell_Omega=     79.1181 meV  off_shell_Omega=     79.1181 meV
     lambda___(   3 )=       0.000000   gamma___=       0.000000 meV  omega=     80.2498 meV   on_shell_Omega=     80.2498 meV  off_shell_Omega=     80.2498 meV
     lambda_tr(   3 )=       0.000000   gamma_tr=       0.000000 meV  omega=     80.2498 meV   on_shell_Omega=     80.2498 meV  off_shell_Omega=     80.2498 meV
     lambda___(   4 )=       0.000000   gamma___=       0.000000 meV  omega=    159.6660 meV   on_shell_Omega=    159.6660 meV  off_shell_Omega=    159.6660 meV
     lambda_tr(   4 )=       0.000000   gamma_tr=       0.000000 meV  omega=    159.6660 meV   on_shell_Omega=    159.6660 meV  off_shell_Omega=    159.6660 meV
     lambda___(   5 )=       0.000000   gamma___=       0.000000 meV  omega=    171.2957 meV   on_shell_Omega=    171.2957 meV  off_shell_Omega=    171.2957 meV
     lambda_tr(   5 )=       0.000000   gamma_tr=       0.000000 meV  omega=    171.2957 meV   on_shell_Omega=    171.2957 meV  off_shell_Omega=    171.2957 meV
     lambda___(   6 )=       0.000000   gamma___=       0.000000 meV  omega=    173.8118 meV   on_shell_Omega=    173.8118 meV  off_shell_Omega=    173.8118 meV
     lambda_tr(   6 )=       0.000000   gamma_tr=       0.000000 meV  omega=    173.8118 meV   on_shell_Omega=    173.8118 meV  off_shell_Omega=    173.8118 meV
     lambda___( tot )=       0.000000
     lambda_tr( tot )=       0.000000
     -------------------------------------------------------------------


     Number of (k,k+q) pairs on the Fermi surface:      168 out of      324


     ismear =     1 iq =     174 coord.:   0.50000  0.61111  0.00000 wt:   0.00309 Temp:  300.000K
     -------------------------------------------------------------------
     lambda___(   1 )=       0.000000   gamma___=       0.000000 meV  omega=     53.1568 meV   on_shell_Omega=     53.1568 meV  off_shell_Omega=     53.1568 meV
     lambda_tr(   1 )=       0.000000   gamma_tr=       0.000000 meV  omega=     53.1568 meV   on_shell_Omega=     53.1568 meV  off_shell_Omega=     53.1568 meV
     lambda___(   2 )=       0.000000   gamma___=       0.000000 meV  omega=     81.0176 meV   on_shell_Omega=     81.0176 meV  off_shell_Omega=     81.0176 meV
     lambda_tr(   2 )=       0.000000   gamma_tr=       0.000000 meV  omega=     81.0176 meV   on_shell_Omega=     81.0176 meV  off_shell_Omega=     81.0176 meV
     lambda___(   3 )=       0.000000   gamma___=       0.000000 meV  omega=     87.1405 meV   on_shell_Omega=     87.1405 meV  off_shell_Omega=     87.1405 meV
     lambda_tr(   3 )=       0.000000   gamma_tr=       0.000000 meV  omega=     87.1405 meV   on_shell_Omega=     87.1405 meV  off_shell_Omega=     87.1405 meV
     lambda___(   4 )=       0.000000   gamma___=       0.000000 meV  omega=    151.5827 meV   on_shell_Omega=    151.5827 meV  off_shell_Omega=    151.5827 meV
     lambda_tr(   4 )=       0.000000   gamma_tr=       0.000000 meV  omega=    151.5827 meV   on_shell_Omega=    151.5827 meV  off_shell_Omega=    151.5827 meV
     lambda___(   5 )=       0.000000   gamma___=       0.000000 meV  omega=    172.7642 meV   on_shell_Omega=    172.7642 meV  off_shell_Omega=    172.7642 meV
     lambda_tr(   5 )=       0.000000   gamma_tr=       0.000000 meV  omega=    172.7642 meV   on_shell_Omega=    172.7642 meV  off_shell_Omega=    172.7642 meV
     lambda___(   6 )=       0.000000   gamma___=       0.000000 meV  omega=    174.4673 meV   on_shell_Omega=    174.4673 meV  off_shell_Omega=    174.4673 meV
     lambda_tr(   6 )=       0.000000   gamma_tr=       0.000000 meV  omega=    174.4673 meV   on_shell_Omega=    174.4673 meV  off_shell_Omega=    174.4673 meV
     lambda___( tot )=       0.000000
     lambda_tr( tot )=       0.000000
     -------------------------------------------------------------------


     Number of (k,k+q) pairs on the Fermi surface:      173 out of      324


     ismear =     1 iq =     175 coord.:   0.50000  0.66667  0.00000 wt:   0.00309 Temp:  300.000K
     -------------------------------------------------------------------
     lambda___(   1 )=       0.000000   gamma___=       0.000000 meV  omega=     49.6179 meV   on_shell_Omega=     49.6179 meV  off_shell_Omega=     49.6179 meV
     lambda_tr(   1 )=       0.000000   gamma_tr=       0.000000 meV  omega=     49.6179 meV   on_shell_Omega=     49.6179 meV  off_shell_Omega=     49.6179 meV
     lambda___(   2 )=       0.000000   gamma___=       0.000000 meV  omega=     82.7207 meV   on_shell_Omega=     82.7207 meV  off_shell_Omega=     82.7207 meV
     lambda_tr(   2 )=       0.000000   gamma_tr=       0.000000 meV  omega=     82.7207 meV   on_shell_Omega=     82.7207 meV  off_shell_Omega=     82.7207 meV
     lambda___(   3 )=       0.000000   gamma___=       0.000000 meV  omega=     96.2760 meV   on_shell_Omega=     96.2760 meV  off_shell_Omega=     96.2760 meV
     lambda_tr(   3 )=       0.000000   gamma_tr=       0.000000 meV  omega=     96.2760 meV   on_shell_Omega=     96.2760 meV  off_shell_Omega=     96.2760 meV
     lambda___(   4 )=       0.000000   gamma___=       0.000000 meV  omega=    142.9427 meV   on_shell_Omega=    142.9427 meV  off_shell_Omega=    142.9427 meV
     lambda_tr(   4 )=       0.000000   gamma_tr=       0.000000 meV  omega=    142.9427 meV   on_shell_Omega=    142.9427 meV  off_shell_Omega=    142.9427 meV
     lambda___(   5 )=       0.000000   gamma___=       0.000000 meV  omega=    171.6981 meV   on_shell_Omega=    171.6981 meV  off_shell_Omega=    171.6981 meV
     lambda_tr(   5 )=       0.000000   gamma_tr=       0.000000 meV  omega=    171.6981 meV   on_shell_Omega=    171.6981 meV  off_shell_Omega=    171.6981 meV
     lambda___(   6 )=       0.000000   gamma___=       0.000000 meV  omega=    175.1952 meV   on_shell_Omega=    175.1952 meV  off_shell_Omega=    175.1952 meV
     lambda_tr(   6 )=       0.000000   gamma_tr=       0.000000 meV  omega=    175.1952 meV   on_shell_Omega=    175.1952 meV  off_shell_Omega=    175.1952 meV
     lambda___( tot )=       0.000000
     lambda_tr( tot )=       0.000000
     -------------------------------------------------------------------


     Number of (k,k+q) pairs on the Fermi surface:      175 out of      324


     ismear =     1 iq =     176 coord.:   0.50000  0.72222  0.00000 wt:   0.00309 Temp:  300.000K
     -------------------------------------------------------------------
     lambda___(   1 )=       0.000000   gamma___=       0.000000 meV  omega=     47.4287 meV   on_shell_Omega=     47.4287 meV  off_shell_Omega=     47.4287 meV
     lambda_tr(   1 )=       0.000000   gamma_tr=       0.000000 meV  omega=     47.4287 meV   on_shell_Omega=     47.4287 meV  off_shell_Omega=     47.4287 meV
     lambda___(   2 )=       0.000000   gamma___=       0.000000 meV  omega=     83.6551 meV   on_shell_Omega=     83.6551 meV  off_shell_Omega=     83.6551 meV
     lambda_tr(   2 )=       0.000000   gamma_tr=       0.000000 meV  omega=     83.6551 meV   on_shell_Omega=     83.6551 meV  off_shell_Omega=     83.6551 meV
     lambda___(   3 )=       0.000000   gamma___=       0.000000 meV  omega=    103.9550 meV   on_shell_Omega=    103.9550 meV  off_shell_Omega=    103.9550 meV
     lambda_tr(   3 )=       0.000000   gamma_tr=       0.000000 meV  omega=    103.9550 meV   on_shell_Omega=    103.9550 meV  off_shell_Omega=    103.9550 meV
     lambda___(   4 )=       0.000000   gamma___=       0.000000 meV  omega=    135.9642 meV   on_shell_Omega=    135.9642 meV  off_shell_Omega=    135.9642 meV
     lambda_tr(   4 )=       0.000000   gamma_tr=       0.000000 meV  omega=    135.9642 meV   on_shell_Omega=    135.9642 meV  off_shell_Omega=    135.9642 meV
     lambda___(   5 )=       0.000000   gamma___=       0.000000 meV  omega=    170.5131 meV   on_shell_Omega=    170.5131 meV  off_shell_Omega=    170.5131 meV
     lambda_tr(   5 )=       0.000000   gamma_tr=       0.000000 meV  omega=    170.5131 meV   on_shell_Omega=    170.5131 meV  off_shell_Omega=    170.5131 meV
     lambda___(   6 )=       0.000000   gamma___=       0.000000 meV  omega=    175.2535 meV   on_shell_Omega=    175.2535 meV  off_shell_Omega=    175.2535 meV
     lambda_tr(   6 )=       0.000000   gamma_tr=       0.000000 meV  omega=    175.2535 meV   on_shell_Omega=    175.2535 meV  off_shell_Omega=    175.2535 meV
     lambda___( tot )=       0.000000
     lambda_tr( tot )=       0.000000
     -------------------------------------------------------------------


     Number of (k,k+q) pairs on the Fermi surface:      178 out of      324


     ismear =     1 iq =     177 coord.:   0.50000  0.77778  0.00000 wt:   0.00309 Temp:  300.000K
     -------------------------------------------------------------------
     lambda___(   1 )=       0.000000   gamma___=       0.000000 meV  omega=     47.4287 meV   on_shell_Omega=     47.4287 meV  off_shell_Omega=     47.4287 meV
     lambda_tr(   1 )=       0.000000   gamma_tr=       0.000000 meV  omega=     47.4287 meV   on_shell_Omega=     47.4287 meV  off_shell_Omega=     47.4287 meV
     lambda___(   2 )=       0.000000   gamma___=       0.000000 meV  omega=     83.6551 meV   on_shell_Omega=     83.6551 meV  off_shell_Omega=     83.6551 meV
     lambda_tr(   2 )=       0.000000   gamma_tr=       0.000000 meV  omega=     83.6551 meV   on_shell_Omega=     83.6551 meV  off_shell_Omega=     83.6551 meV
     lambda___(   3 )=       0.000000   gamma___=       0.000000 meV  omega=    103.9550 meV   on_shell_Omega=    103.9550 meV  off_shell_Omega=    103.9550 meV
     lambda_tr(   3 )=       0.000000   gamma_tr=       0.000000 meV  omega=    103.9550 meV   on_shell_Omega=    103.9550 meV  off_shell_Omega=    103.9550 meV
     lambda___(   4 )=       0.000000   gamma___=       0.000000 meV  omega=    135.9642 meV   on_shell_Omega=    135.9642 meV  off_shell_Omega=    135.9642 meV
     lambda_tr(   4 )=       0.000000   gamma_tr=       0.000000 meV  omega=    135.9642 meV   on_shell_Omega=    135.9642 meV  off_shell_Omega=    135.9642 meV
     lambda___(   5 )=       0.000000   gamma___=       0.000000 meV  omega=    170.5131 meV   on_shell_Omega=    170.5131 meV  off_shell_Omega=    170.5131 meV
     lambda_tr(   5 )=       0.000000   gamma_tr=       0.000000 meV  omega=    170.5131 meV   on_shell_Omega=    170.5131 meV  off_shell_Omega=    170.5131 meV
     lambda___(   6 )=       0.000000   gamma___=       0.000000 meV  omega=    175.2535 meV   on_shell_Omega=    175.2535 meV  off_shell_Omega=    175.2535 meV
     lambda_tr(   6 )=       0.000000   gamma_tr=       0.000000 meV  omega=    175.2535 meV   on_shell_Omega=    175.2535 meV  off_shell_Omega=    175.2535 meV
     lambda___( tot )=       0.000000
     lambda_tr( tot )=       0.000000
     -------------------------------------------------------------------


     Number of (k,k+q) pairs on the Fermi surface:      177 out of      324


     ismear =     1 iq =     178 coord.:   0.50000  0.83333  0.00000 wt:   0.00309 Temp:  300.000K
     -------------------------------------------------------------------
     lambda___(   1 )=       0.000000   gamma___=       0.000000 meV  omega=     49.6179 meV   on_shell_Omega=     49.6179 meV  off_shell_Omega=     49.6179 meV
     lambda_tr(   1 )=       0.000000   gamma_tr=       0.000000 meV  omega=     49.6179 meV   on_shell_Omega=     49.6179 meV  off_shell_Omega=     49.6179 meV
     lambda___(   2 )=       0.000000   gamma___=       0.000000 meV  omega=     82.7207 meV   on_shell_Omega=     82.7207 meV  off_shell_Omega=     82.7207 meV
     lambda_tr(   2 )=       0.000000   gamma_tr=       0.000000 meV  omega=     82.7207 meV   on_shell_Omega=     82.7207 meV  off_shell_Omega=     82.7207 meV
     lambda___(   3 )=       0.000000   gamma___=       0.000000 meV  omega=     96.2760 meV   on_shell_Omega=     96.2760 meV  off_shell_Omega=     96.2760 meV
     lambda_tr(   3 )=       0.000000   gamma_tr=       0.000000 meV  omega=     96.2760 meV   on_shell_Omega=     96.2760 meV  off_shell_Omega=     96.2760 meV
     lambda___(   4 )=       0.000000   gamma___=       0.000000 meV  omega=    142.9427 meV   on_shell_Omega=    142.9427 meV  off_shell_Omega=    142.9427 meV
     lambda_tr(   4 )=       0.000000   gamma_tr=       0.000000 meV  omega=    142.9427 meV   on_shell_Omega=    142.9427 meV  off_shell_Omega=    142.9427 meV
     lambda___(   5 )=       0.000000   gamma___=       0.000000 meV  omega=    171.6981 meV   on_shell_Omega=    171.6981 meV  off_shell_Omega=    171.6981 meV
     lambda_tr(   5 )=       0.000000   gamma_tr=       0.000000 meV  omega=    171.6981 meV   on_shell_Omega=    171.6981 meV  off_shell_Omega=    171.6981 meV
     lambda___(   6 )=       0.000000   gamma___=       0.000000 meV  omega=    175.1952 meV   on_shell_Omega=    175.1952 meV  off_shell_Omega=    175.1952 meV
     lambda_tr(   6 )=       0.000000   gamma_tr=       0.000000 meV  omega=    175.1952 meV   on_shell_Omega=    175.1952 meV  off_shell_Omega=    175.1952 meV
     lambda___( tot )=       0.000000
     lambda_tr( tot )=       0.000000
     -------------------------------------------------------------------


     Number of (k,k+q) pairs on the Fermi surface:      171 out of      324


     ismear =     1 iq =     179 coord.:   0.50000  0.88889  0.00000 wt:   0.00309 Temp:  300.000K
     -------------------------------------------------------------------
     lambda___(   1 )=       0.000000   gamma___=       0.000000 meV  omega=     53.1568 meV   on_shell_Omega=     53.1568 meV  off_shell_Omega=     53.1568 meV
     lambda_tr(   1 )=       0.000000   gamma_tr=       0.000000 meV  omega=     53.1568 meV   on_shell_Omega=     53.1568 meV  off_shell_Omega=     53.1568 meV
     lambda___(   2 )=       0.000000   gamma___=       0.000000 meV  omega=     81.0176 meV   on_shell_Omega=     81.0176 meV  off_shell_Omega=     81.0176 meV
     lambda_tr(   2 )=       0.000000   gamma_tr=       0.000000 meV  omega=     81.0176 meV   on_shell_Omega=     81.0176 meV  off_shell_Omega=     81.0176 meV
     lambda___(   3 )=       0.000000   gamma___=       0.000000 meV  omega=     87.1405 meV   on_shell_Omega=     87.1405 meV  off_shell_Omega=     87.1405 meV
     lambda_tr(   3 )=       0.000000   gamma_tr=       0.000000 meV  omega=     87.1405 meV   on_shell_Omega=     87.1405 meV  off_shell_Omega=     87.1405 meV
     lambda___(   4 )=       0.000000   gamma___=       0.000000 meV  omega=    151.5827 meV   on_shell_Omega=    151.5827 meV  off_shell_Omega=    151.5827 meV
     lambda_tr(   4 )=       0.000000   gamma_tr=       0.000000 meV  omega=    151.5827 meV   on_shell_Omega=    151.5827 meV  off_shell_Omega=    151.5827 meV
     lambda___(   5 )=       0.000000   gamma___=       0.000000 meV  omega=    172.7642 meV   on_shell_Omega=    172.7642 meV  off_shell_Omega=    172.7642 meV
     lambda_tr(   5 )=       0.000000   gamma_tr=       0.000000 meV  omega=    172.7642 meV   on_shell_Omega=    172.7642 meV  off_shell_Omega=    172.7642 meV
     lambda___(   6 )=       0.000000   gamma___=       0.000000 meV  omega=    174.4673 meV   on_shell_Omega=    174.4673 meV  off_shell_Omega=    174.4673 meV
     lambda_tr(   6 )=       0.000000   gamma_tr=       0.000000 meV  omega=    174.4673 meV   on_shell_Omega=    174.4673 meV  off_shell_Omega=    174.4673 meV
     lambda___( tot )=       0.000000
     lambda_tr( tot )=       0.000000
     -------------------------------------------------------------------


     Number of (k,k+q) pairs on the Fermi surface:      162 out of      324


     ismear =     1 iq =     180 coord.:   0.50000  0.94444  0.00000 wt:   0.00309 Temp:  300.000K
     -------------------------------------------------------------------
     lambda___(   1 )=       0.000000   gamma___=       0.000000 meV  omega=     56.5857 meV   on_shell_Omega=     56.5857 meV  off_shell_Omega=     56.5857 meV
     lambda_tr(   1 )=       0.000000   gamma_tr=       0.000000 meV  omega=     56.5857 meV   on_shell_Omega=     56.5857 meV  off_shell_Omega=     56.5857 meV
     lambda___(   2 )=       0.000000   gamma___=       0.000000 meV  omega=     79.1181 meV   on_shell_Omega=     79.1181 meV  off_shell_Omega=     79.1181 meV
     lambda_tr(   2 )=       0.000000   gamma_tr=       0.000000 meV  omega=     79.1181 meV   on_shell_Omega=     79.1181 meV  off_shell_Omega=     79.1181 meV
     lambda___(   3 )=       0.000000   gamma___=       0.000000 meV  omega=     80.2498 meV   on_shell_Omega=     80.2498 meV  off_shell_Omega=     80.2498 meV
     lambda_tr(   3 )=       0.000000   gamma_tr=       0.000000 meV  omega=     80.2498 meV   on_shell_Omega=     80.2498 meV  off_shell_Omega=     80.2498 meV
     lambda___(   4 )=       0.000000   gamma___=       0.000000 meV  omega=    159.6660 meV   on_shell_Omega=    159.6660 meV  off_shell_Omega=    159.6660 meV
     lambda_tr(   4 )=       0.000000   gamma_tr=       0.000000 meV  omega=    159.6660 meV   on_shell_Omega=    159.6660 meV  off_shell_Omega=    159.6660 meV
     lambda___(   5 )=       0.000000   gamma___=       0.000000 meV  omega=    171.2957 meV   on_shell_Omega=    171.2957 meV  off_shell_Omega=    171.2957 meV
     lambda_tr(   5 )=       0.000000   gamma_tr=       0.000000 meV  omega=    171.2957 meV   on_shell_Omega=    171.2957 meV  off_shell_Omega=    171.2957 meV
     lambda___(   6 )=       0.000000   gamma___=       0.000000 meV  omega=    173.8118 meV   on_shell_Omega=    173.8118 meV  off_shell_Omega=    173.8118 meV
     lambda_tr(   6 )=       0.000000   gamma_tr=       0.000000 meV  omega=    173.8118 meV   on_shell_Omega=    173.8118 meV  off_shell_Omega=    173.8118 meV
     lambda___( tot )=       0.000000
     lambda_tr( tot )=       0.000000
     -------------------------------------------------------------------


     Number of (k,k+q) pairs on the Fermi surface:      152 out of      324


     ismear =     1 iq =     181 coord.:   0.55556  0.00000  0.00000 wt:   0.00309 Temp:  300.000K
     -------------------------------------------------------------------
     lambda___(   1 )=       0.000000   gamma___=       0.000000 meV  omega=     53.1306 meV   on_shell_Omega=     53.1306 meV  off_shell_Omega=     53.1306 meV
     lambda_tr(   1 )=       0.000000   gamma_tr=       0.000000 meV  omega=     53.1306 meV   on_shell_Omega=     53.1306 meV  off_shell_Omega=     53.1306 meV
     lambda___(   2 )=       0.000000   gamma___=       0.000000 meV  omega=     76.7858 meV   on_shell_Omega=     76.7858 meV  off_shell_Omega=     76.7858 meV
     lambda_tr(   2 )=       0.000000   gamma_tr=       0.000000 meV  omega=     76.7858 meV   on_shell_Omega=     76.7858 meV  off_shell_Omega=     76.7858 meV
     lambda___(   3 )=       0.000000   gamma___=       0.000000 meV  omega=     82.1742 meV   on_shell_Omega=     82.1742 meV  off_shell_Omega=     82.1742 meV
     lambda_tr(   3 )=       0.000000   gamma_tr=       0.000000 meV  omega=     82.1742 meV   on_shell_Omega=     82.1742 meV  off_shell_Omega=     82.1742 meV
     lambda___(   4 )=       0.000000   gamma___=       0.000000 meV  omega=    154.4491 meV   on_shell_Omega=    154.4491 meV  off_shell_Omega=    154.4491 meV
     lambda_tr(   4 )=       0.000000   gamma_tr=       0.000000 meV  omega=    154.4491 meV   on_shell_Omega=    154.4491 meV  off_shell_Omega=    154.4491 meV
     lambda___(   5 )=       0.000000   gamma___=       0.000000 meV  omega=    174.3846 meV   on_shell_Omega=    174.3846 meV  off_shell_Omega=    174.3846 meV
     lambda_tr(   5 )=       0.000000   gamma_tr=       0.000000 meV  omega=    174.3846 meV   on_shell_Omega=    174.3846 meV  off_shell_Omega=    174.3846 meV
     lambda___(   6 )=       0.000000   gamma___=       0.000000 meV  omega=    176.6245 meV   on_shell_Omega=    176.6245 meV  off_shell_Omega=    176.6245 meV
     lambda_tr(   6 )=       0.000000   gamma_tr=       0.000000 meV  omega=    176.6245 meV   on_shell_Omega=    176.6245 meV  off_shell_Omega=    176.6245 meV
     lambda___( tot )=       0.000000
     lambda_tr( tot )=       0.000000
     -------------------------------------------------------------------


     Number of (k,k+q) pairs on the Fermi surface:      152 out of      324


     ismear =     1 iq =     182 coord.:   0.55556  0.05556  0.00000 wt:   0.00309 Temp:  300.000K
     -------------------------------------------------------------------
     lambda___(   1 )=       0.000000   gamma___=       0.000000 meV  omega=     48.4979 meV   on_shell_Omega=     48.4979 meV  off_shell_Omega=     48.4979 meV
     lambda_tr(   1 )=       0.000000   gamma_tr=       0.000000 meV  omega=     48.4979 meV   on_shell_Omega=     48.4979 meV  off_shell_Omega=     48.4979 meV
     lambda___(   2 )=       0.000000   gamma___=       0.000000 meV  omega=     78.3731 meV   on_shell_Omega=     78.3731 meV  off_shell_Omega=     78.3731 meV
     lambda_tr(   2 )=       0.000000   gamma_tr=       0.000000 meV  omega=     78.3731 meV   on_shell_Omega=     78.3731 meV  off_shell_Omega=     78.3731 meV
     lambda___(   3 )=       0.000000   gamma___=       0.000000 meV  omega=     85.3159 meV   on_shell_Omega=     85.3159 meV  off_shell_Omega=     85.3159 meV
     lambda_tr(   3 )=       0.000000   gamma_tr=       0.000000 meV  omega=     85.3159 meV   on_shell_Omega=     85.3159 meV  off_shell_Omega=     85.3159 meV
     lambda___(   4 )=       0.000000   gamma___=       0.000000 meV  omega=    146.8895 meV   on_shell_Omega=    146.8895 meV  off_shell_Omega=    146.8895 meV
     lambda_tr(   4 )=       0.000000   gamma_tr=       0.000000 meV  omega=    146.8895 meV   on_shell_Omega=    146.8895 meV  off_shell_Omega=    146.8895 meV
     lambda___(   5 )=       0.000000   gamma___=       0.000000 meV  omega=    174.7597 meV   on_shell_Omega=    174.7597 meV  off_shell_Omega=    174.7597 meV
     lambda_tr(   5 )=       0.000000   gamma_tr=       0.000000 meV  omega=    174.7597 meV   on_shell_Omega=    174.7597 meV  off_shell_Omega=    174.7597 meV
     lambda___(   6 )=       0.000000   gamma___=       0.000000 meV  omega=    180.4973 meV   on_shell_Omega=    180.4973 meV  off_shell_Omega=    180.4973 meV
     lambda_tr(   6 )=       0.000000   gamma_tr=       0.000000 meV  omega=    180.4973 meV   on_shell_Omega=    180.4973 meV  off_shell_Omega=    180.4973 meV
     lambda___( tot )=       0.000000
     lambda_tr( tot )=       0.000000
     -------------------------------------------------------------------


     Number of (k,k+q) pairs on the Fermi surface:      161 out of      324


     ismear =     1 iq =     183 coord.:   0.55556  0.11111  0.00000 wt:   0.00309 Temp:  300.000K
     -------------------------------------------------------------------
     lambda___(   1 )=       0.000000   gamma___=       0.000000 meV  omega=     43.9791 meV   on_shell_Omega=     43.9791 meV  off_shell_Omega=     43.9791 meV
     lambda_tr(   1 )=       0.000000   gamma_tr=       0.000000 meV  omega=     43.9791 meV   on_shell_Omega=     43.9791 meV  off_shell_Omega=     43.9791 meV
     lambda___(   2 )=       0.000000   gamma___=       0.000000 meV  omega=     84.2729 meV   on_shell_Omega=     84.2729 meV  off_shell_Omega=     84.2729 meV
     lambda_tr(   2 )=       0.000000   gamma_tr=       0.000000 meV  omega=     84.2729 meV   on_shell_Omega=     84.2729 meV  off_shell_Omega=     84.2729 meV
     lambda___(   3 )=       0.000000   gamma___=       0.000000 meV  omega=     87.7828 meV   on_shell_Omega=     87.7828 meV  off_shell_Omega=     87.7828 meV
     lambda_tr(   3 )=       0.000000   gamma_tr=       0.000000 meV  omega=     87.7828 meV   on_shell_Omega=     87.7828 meV  off_shell_Omega=     87.7828 meV
     lambda___(   4 )=       0.000000   gamma___=       0.000000 meV  omega=    138.3899 meV   on_shell_Omega=    138.3899 meV  off_shell_Omega=    138.3899 meV
     lambda_tr(   4 )=       0.000000   gamma_tr=       0.000000 meV  omega=    138.3899 meV   on_shell_Omega=    138.3899 meV  off_shell_Omega=    138.3899 meV
     lambda___(   5 )=       0.000000   gamma___=       0.000000 meV  omega=    174.5013 meV   on_shell_Omega=    174.5013 meV  off_shell_Omega=    174.5013 meV
     lambda_tr(   5 )=       0.000000   gamma_tr=       0.000000 meV  omega=    174.5013 meV   on_shell_Omega=    174.5013 meV  off_shell_Omega=    174.5013 meV
     lambda___(   6 )=       0.000000   gamma___=       0.000000 meV  omega=    182.3305 meV   on_shell_Omega=    182.3306 meV  off_shell_Omega=    182.3306 meV
     lambda_tr(   6 )=       0.000000   gamma_tr=       0.000000 meV  omega=    182.3305 meV   on_shell_Omega=    182.3306 meV  off_shell_Omega=    182.3306 meV
     lambda___( tot )=       0.000000
     lambda_tr( tot )=       0.000000
     -------------------------------------------------------------------


     Number of (k,k+q) pairs on the Fermi surface:      172 out of      324


     ismear =     1 iq =     184 coord.:   0.55556  0.16667  0.00000 wt:   0.00309 Temp:  300.000K
     -------------------------------------------------------------------
     lambda___(   1 )=       0.000000   gamma___=       0.000000 meV  omega=     40.7202 meV   on_shell_Omega=     40.7202 meV  off_shell_Omega=     40.7202 meV
     lambda_tr(   1 )=       0.000000   gamma_tr=       0.000000 meV  omega=     40.7202 meV   on_shell_Omega=     40.7202 meV  off_shell_Omega=     40.7202 meV
     lambda___(   2 )=       0.000000   gamma___=       0.000000 meV  omega=     89.2740 meV   on_shell_Omega=     89.2741 meV  off_shell_Omega=     89.2741 meV
     lambda_tr(   2 )=       0.000000   gamma_tr=       0.000000 meV  omega=     89.2740 meV   on_shell_Omega=     89.2741 meV  off_shell_Omega=     89.2741 meV
     lambda___(   3 )=       0.000000   gamma___=       0.000000 meV  omega=     91.7457 meV   on_shell_Omega=     91.7457 meV  off_shell_Omega=     91.7457 meV
     lambda_tr(   3 )=       0.000000   gamma_tr=       0.000000 meV  omega=     91.7457 meV   on_shell_Omega=     91.7457 meV  off_shell_Omega=     91.7457 meV
     lambda___(   4 )=       0.000000   gamma___=       0.000000 meV  omega=    130.4081 meV   on_shell_Omega=    130.4081 meV  off_shell_Omega=    130.4081 meV
     lambda_tr(   4 )=       0.000000   gamma_tr=       0.000000 meV  omega=    130.4081 meV   on_shell_Omega=    130.4081 meV  off_shell_Omega=    130.4081 meV
     lambda___(   5 )=       0.000000   gamma___=       0.000000 meV  omega=    173.7374 meV   on_shell_Omega=    173.7374 meV  off_shell_Omega=    173.7374 meV
     lambda_tr(   5 )=       0.000000   gamma_tr=       0.000000 meV  omega=    173.7374 meV   on_shell_Omega=    173.7374 meV  off_shell_Omega=    173.7374 meV
     lambda___(   6 )=       0.000000   gamma___=       0.000000 meV  omega=    182.6978 meV   on_shell_Omega=    182.6978 meV  off_shell_Omega=    182.6978 meV
     lambda_tr(   6 )=       0.000000   gamma_tr=       0.000000 meV  omega=    182.6978 meV   on_shell_Omega=    182.6978 meV  off_shell_Omega=    182.6978 meV
     lambda___( tot )=       0.000000
     lambda_tr( tot )=       0.000000
     -------------------------------------------------------------------


     Number of (k,k+q) pairs on the Fermi surface:      179 out of      324


     ismear =     1 iq =     185 coord.:   0.55556  0.22222  0.00000 wt:   0.00309 Temp:  300.000K
     -------------------------------------------------------------------
     lambda___(   1 )=       0.000000   gamma___=       0.000000 meV  omega=     39.5398 meV   on_shell_Omega=     39.5398 meV  off_shell_Omega=     39.5398 meV
     lambda_tr(   1 )=       0.000000   gamma_tr=       0.000000 meV  omega=     39.5398 meV   on_shell_Omega=     39.5398 meV  off_shell_Omega=     39.5398 meV
     lambda___(   2 )=       0.000000   gamma___=       0.000000 meV  omega=     89.7607 meV   on_shell_Omega=     89.7607 meV  off_shell_Omega=     89.7607 meV
     lambda_tr(   2 )=       0.000000   gamma_tr=       0.000000 meV  omega=     89.7607 meV   on_shell_Omega=     89.7607 meV  off_shell_Omega=     89.7607 meV
     lambda___(   3 )=       0.000000   gamma___=       0.000000 meV  omega=     95.6620 meV   on_shell_Omega=     95.6620 meV  off_shell_Omega=     95.6620 meV
     lambda_tr(   3 )=       0.000000   gamma_tr=       0.000000 meV  omega=     95.6620 meV   on_shell_Omega=     95.6620 meV  off_shell_Omega=     95.6620 meV
     lambda___(   4 )=       0.000000   gamma___=       0.000000 meV  omega=    126.5404 meV   on_shell_Omega=    126.5404 meV  off_shell_Omega=    126.5404 meV
     lambda_tr(   4 )=       0.000000   gamma_tr=       0.000000 meV  omega=    126.5404 meV   on_shell_Omega=    126.5404 meV  off_shell_Omega=    126.5404 meV
     lambda___(   5 )=       0.000000   gamma___=       0.000000 meV  omega=    173.3042 meV   on_shell_Omega=    173.3042 meV  off_shell_Omega=    173.3042 meV
     lambda_tr(   5 )=       0.000000   gamma_tr=       0.000000 meV  omega=    173.3042 meV   on_shell_Omega=    173.3042 meV  off_shell_Omega=    173.3042 meV
     lambda___(   6 )=       0.000000   gamma___=       0.000000 meV  omega=    182.6424 meV   on_shell_Omega=    182.6424 meV  off_shell_Omega=    182.6424 meV
     lambda_tr(   6 )=       0.000000   gamma_tr=       0.000000 meV  omega=    182.6424 meV   on_shell_Omega=    182.6424 meV  off_shell_Omega=    182.6424 meV
     lambda___( tot )=       0.000000
     lambda_tr( tot )=       0.000000
     -------------------------------------------------------------------


     Number of (k,k+q) pairs on the Fermi surface:      182 out of      324


     ismear =     1 iq =     186 coord.:   0.55556  0.27778  0.00000 wt:   0.00309 Temp:  300.000K
     -------------------------------------------------------------------
     lambda___(   1 )=       0.000000   gamma___=       0.000000 meV  omega=     40.7202 meV   on_shell_Omega=     40.7202 meV  off_shell_Omega=     40.7202 meV
     lambda_tr(   1 )=       0.000000   gamma_tr=       0.000000 meV  omega=     40.7202 meV   on_shell_Omega=     40.7202 meV  off_shell_Omega=     40.7202 meV
     lambda___(   2 )=       0.000000   gamma___=       0.000000 meV  omega=     89.2740 meV   on_shell_Omega=     89.2740 meV  off_shell_Omega=     89.2740 meV
     lambda_tr(   2 )=       0.000000   gamma_tr=       0.000000 meV  omega=     89.2740 meV   on_shell_Omega=     89.2740 meV  off_shell_Omega=     89.2740 meV
     lambda___(   3 )=       0.000000   gamma___=       0.000000 meV  omega=     91.7457 meV   on_shell_Omega=     91.7457 meV  off_shell_Omega=     91.7457 meV
     lambda_tr(   3 )=       0.000000   gamma_tr=       0.000000 meV  omega=     91.7457 meV   on_shell_Omega=     91.7457 meV  off_shell_Omega=     91.7457 meV
     lambda___(   4 )=       0.000000   gamma___=       0.000000 meV  omega=    130.4081 meV   on_shell_Omega=    130.4081 meV  off_shell_Omega=    130.4081 meV
     lambda_tr(   4 )=       0.000000   gamma_tr=       0.000000 meV  omega=    130.4081 meV   on_shell_Omega=    130.4081 meV  off_shell_Omega=    130.4081 meV
     lambda___(   5 )=       0.000000   gamma___=       0.000000 meV  omega=    173.7374 meV   on_shell_Omega=    173.7374 meV  off_shell_Omega=    173.7374 meV
     lambda_tr(   5 )=       0.000000   gamma_tr=       0.000000 meV  omega=    173.7374 meV   on_shell_Omega=    173.7374 meV  off_shell_Omega=    173.7374 meV
     lambda___(   6 )=       0.000000   gamma___=       0.000000 meV  omega=    182.6978 meV   on_shell_Omega=    182.6978 meV  off_shell_Omega=    182.6978 meV
     lambda_tr(   6 )=       0.000000   gamma_tr=       0.000000 meV  omega=    182.6978 meV   on_shell_Omega=    182.6978 meV  off_shell_Omega=    182.6978 meV
     lambda___( tot )=       0.000000
     lambda_tr( tot )=       0.000000
     -------------------------------------------------------------------


     Number of (k,k+q) pairs on the Fermi surface:      178 out of      324


     ismear =     1 iq =     187 coord.:   0.55556  0.33333  0.00000 wt:   0.00309 Temp:  300.000K
     -------------------------------------------------------------------
     lambda___(   1 )=       0.000000   gamma___=       0.000000 meV  omega=     43.9791 meV   on_shell_Omega=     43.9791 meV  off_shell_Omega=     43.9791 meV
     lambda_tr(   1 )=       0.000000   gamma_tr=       0.000000 meV  omega=     43.9791 meV   on_shell_Omega=     43.9791 meV  off_shell_Omega=     43.9791 meV
     lambda___(   2 )=       0.000000   gamma___=       0.000000 meV  omega=     84.2729 meV   on_shell_Omega=     84.2729 meV  off_shell_Omega=     84.2729 meV
     lambda_tr(   2 )=       0.000000   gamma_tr=       0.000000 meV  omega=     84.2729 meV   on_shell_Omega=     84.2729 meV  off_shell_Omega=     84.2729 meV
     lambda___(   3 )=       0.000000   gamma___=       0.000000 meV  omega=     87.7828 meV   on_shell_Omega=     87.7828 meV  off_shell_Omega=     87.7828 meV
     lambda_tr(   3 )=       0.000000   gamma_tr=       0.000000 meV  omega=     87.7828 meV   on_shell_Omega=     87.7828 meV  off_shell_Omega=     87.7828 meV
     lambda___(   4 )=       0.000000   gamma___=       0.000000 meV  omega=    138.3899 meV   on_shell_Omega=    138.3899 meV  off_shell_Omega=    138.3899 meV
     lambda_tr(   4 )=       0.000000   gamma_tr=       0.000000 meV  omega=    138.3899 meV   on_shell_Omega=    138.3899 meV  off_shell_Omega=    138.3899 meV
     lambda___(   5 )=       0.000000   gamma___=       0.000000 meV  omega=    174.5013 meV   on_shell_Omega=    174.5013 meV  off_shell_Omega=    174.5013 meV
     lambda_tr(   5 )=       0.000000   gamma_tr=       0.000000 meV  omega=    174.5013 meV   on_shell_Omega=    174.5013 meV  off_shell_Omega=    174.5013 meV
     lambda___(   6 )=       0.000000   gamma___=       0.000000 meV  omega=    182.3305 meV   on_shell_Omega=    182.3306 meV  off_shell_Omega=    182.3306 meV
     lambda_tr(   6 )=       0.000000   gamma_tr=       0.000000 meV  omega=    182.3305 meV   on_shell_Omega=    182.3306 meV  off_shell_Omega=    182.3306 meV
     lambda___( tot )=       0.000000
     lambda_tr( tot )=       0.000000
     -------------------------------------------------------------------


     Number of (k,k+q) pairs on the Fermi surface:      175 out of      324


     ismear =     1 iq =     188 coord.:   0.55556  0.38889  0.00000 wt:   0.00309 Temp:  300.000K
     -------------------------------------------------------------------
     lambda___(   1 )=       0.000000   gamma___=       0.000000 meV  omega=     48.4979 meV   on_shell_Omega=     48.4979 meV  off_shell_Omega=     48.4979 meV
     lambda_tr(   1 )=       0.000000   gamma_tr=       0.000000 meV  omega=     48.4979 meV   on_shell_Omega=     48.4979 meV  off_shell_Omega=     48.4979 meV
     lambda___(   2 )=       0.000000   gamma___=       0.000000 meV  omega=     78.3731 meV   on_shell_Omega=     78.3731 meV  off_shell_Omega=     78.3731 meV
     lambda_tr(   2 )=       0.000000   gamma_tr=       0.000000 meV  omega=     78.3731 meV   on_shell_Omega=     78.3731 meV  off_shell_Omega=     78.3731 meV
     lambda___(   3 )=       0.000000   gamma___=       0.000000 meV  omega=     85.3159 meV   on_shell_Omega=     85.3159 meV  off_shell_Omega=     85.3159 meV
     lambda_tr(   3 )=       0.000000   gamma_tr=       0.000000 meV  omega=     85.3159 meV   on_shell_Omega=     85.3159 meV  off_shell_Omega=     85.3159 meV
     lambda___(   4 )=       0.000000   gamma___=       0.000000 meV  omega=    146.8895 meV   on_shell_Omega=    146.8895 meV  off_shell_Omega=    146.8895 meV
     lambda_tr(   4 )=       0.000000   gamma_tr=       0.000000 meV  omega=    146.8895 meV   on_shell_Omega=    146.8895 meV  off_shell_Omega=    146.8895 meV
     lambda___(   5 )=       0.000000   gamma___=       0.000000 meV  omega=    174.7597 meV   on_shell_Omega=    174.7597 meV  off_shell_Omega=    174.7597 meV
     lambda_tr(   5 )=       0.000000   gamma_tr=       0.000000 meV  omega=    174.7597 meV   on_shell_Omega=    174.7597 meV  off_shell_Omega=    174.7597 meV
     lambda___(   6 )=       0.000000   gamma___=       0.000000 meV  omega=    180.4973 meV   on_shell_Omega=    180.4973 meV  off_shell_Omega=    180.4973 meV
     lambda_tr(   6 )=       0.000000   gamma_tr=       0.000000 meV  omega=    180.4973 meV   on_shell_Omega=    180.4973 meV  off_shell_Omega=    180.4973 meV
     lambda___( tot )=       0.000000
     lambda_tr( tot )=       0.000000
     -------------------------------------------------------------------


     Number of (k,k+q) pairs on the Fermi surface:      169 out of      324


     ismear =     1 iq =     189 coord.:   0.55556  0.44444  0.00000 wt:   0.00309 Temp:  300.000K
     -------------------------------------------------------------------
     lambda___(   1 )=       0.000000   gamma___=       0.000000 meV  omega=     53.1306 meV   on_shell_Omega=     53.1306 meV  off_shell_Omega=     53.1306 meV
     lambda_tr(   1 )=       0.000000   gamma_tr=       0.000000 meV  omega=     53.1306 meV   on_shell_Omega=     53.1306 meV  off_shell_Omega=     53.1306 meV
     lambda___(   2 )=       0.000000   gamma___=       0.000000 meV  omega=     76.7858 meV   on_shell_Omega=     76.7858 meV  off_shell_Omega=     76.7858 meV
     lambda_tr(   2 )=       0.000000   gamma_tr=       0.000000 meV  omega=     76.7858 meV   on_shell_Omega=     76.7858 meV  off_shell_Omega=     76.7858 meV
     lambda___(   3 )=       0.000000   gamma___=       0.000000 meV  omega=     82.1742 meV   on_shell_Omega=     82.1742 meV  off_shell_Omega=     82.1742 meV
     lambda_tr(   3 )=       0.000000   gamma_tr=       0.000000 meV  omega=     82.1742 meV   on_shell_Omega=     82.1742 meV  off_shell_Omega=     82.1742 meV
     lambda___(   4 )=       0.000000   gamma___=       0.000000 meV  omega=    154.4491 meV   on_shell_Omega=    154.4491 meV  off_shell_Omega=    154.4491 meV
     lambda_tr(   4 )=       0.000000   gamma_tr=       0.000000 meV  omega=    154.4491 meV   on_shell_Omega=    154.4491 meV  off_shell_Omega=    154.4491 meV
     lambda___(   5 )=       0.000000   gamma___=       0.000000 meV  omega=    174.3846 meV   on_shell_Omega=    174.3846 meV  off_shell_Omega=    174.3846 meV
     lambda_tr(   5 )=       0.000000   gamma_tr=       0.000000 meV  omega=    174.3846 meV   on_shell_Omega=    174.3846 meV  off_shell_Omega=    174.3846 meV
     lambda___(   6 )=       0.000000   gamma___=       0.000000 meV  omega=    176.6245 meV   on_shell_Omega=    176.6245 meV  off_shell_Omega=    176.6245 meV
     lambda_tr(   6 )=       0.000000   gamma_tr=       0.000000 meV  omega=    176.6245 meV   on_shell_Omega=    176.6245 meV  off_shell_Omega=    176.6245 meV
     lambda___( tot )=       0.000000
     lambda_tr( tot )=       0.000000
     -------------------------------------------------------------------


     Number of (k,k+q) pairs on the Fermi surface:      167 out of      324


     ismear =     1 iq =     190 coord.:   0.55556  0.50000  0.00000 wt:   0.00309 Temp:  300.000K
     -------------------------------------------------------------------
     lambda___(   1 )=       0.000000   gamma___=       0.000000 meV  omega=     56.6646 meV   on_shell_Omega=     56.6646 meV  off_shell_Omega=     56.6646 meV
     lambda_tr(   1 )=       0.000000   gamma_tr=       0.000000 meV  omega=     56.6646 meV   on_shell_Omega=     56.6646 meV  off_shell_Omega=     56.6646 meV
     lambda___(   2 )=       0.000000   gamma___=       0.000000 meV  omega=     79.0616 meV   on_shell_Omega=     79.0616 meV  off_shell_Omega=     79.0616 meV
     lambda_tr(   2 )=       0.000000   gamma_tr=       0.000000 meV  omega=     79.0616 meV   on_shell_Omega=     79.0616 meV  off_shell_Omega=     79.0616 meV
     lambda___(   3 )=       0.000000   gamma___=       0.000000 meV  omega=     80.2962 meV   on_shell_Omega=     80.2962 meV  off_shell_Omega=     80.2962 meV
     lambda_tr(   3 )=       0.000000   gamma_tr=       0.000000 meV  omega=     80.2962 meV   on_shell_Omega=     80.2962 meV  off_shell_Omega=     80.2962 meV
     lambda___(   4 )=       0.000000   gamma___=       0.000000 meV  omega=    160.2045 meV   on_shell_Omega=    160.2045 meV  off_shell_Omega=    160.2045 meV
     lambda_tr(   4 )=       0.000000   gamma_tr=       0.000000 meV  omega=    160.2045 meV   on_shell_Omega=    160.2045 meV  off_shell_Omega=    160.2045 meV
     lambda___(   5 )=       0.000000   gamma___=       0.000000 meV  omega=    170.8221 meV   on_shell_Omega=    170.8221 meV  off_shell_Omega=    170.8221 meV
     lambda_tr(   5 )=       0.000000   gamma_tr=       0.000000 meV  omega=    170.8221 meV   on_shell_Omega=    170.8221 meV  off_shell_Omega=    170.8221 meV
     lambda___(   6 )=       0.000000   gamma___=       0.000000 meV  omega=    173.7610 meV   on_shell_Omega=    173.7610 meV  off_shell_Omega=    173.7610 meV
     lambda_tr(   6 )=       0.000000   gamma_tr=       0.000000 meV  omega=    173.7610 meV   on_shell_Omega=    173.7610 meV  off_shell_Omega=    173.7610 meV
     lambda___( tot )=       0.000000
     lambda_tr( tot )=       0.000000
     -------------------------------------------------------------------


     Number of (k,k+q) pairs on the Fermi surface:      168 out of      324


     ismear =     1 iq =     191 coord.:   0.55556  0.55556  0.00000 wt:   0.00309 Temp:  300.000K
     -------------------------------------------------------------------
     lambda___(   1 )=       0.000000   gamma___=       0.000000 meV  omega=     57.9753 meV   on_shell_Omega=     57.9753 meV  off_shell_Omega=     57.9753 meV
     lambda_tr(   1 )=       0.000000   gamma_tr=       0.000000 meV  omega=     57.9753 meV   on_shell_Omega=     57.9753 meV  off_shell_Omega=     57.9753 meV
     lambda___(   2 )=       0.000000   gamma___=       0.000000 meV  omega=     77.0507 meV   on_shell_Omega=     77.0507 meV  off_shell_Omega=     77.0507 meV
     lambda_tr(   2 )=       0.000000   gamma_tr=       0.000000 meV  omega=     77.0507 meV   on_shell_Omega=     77.0507 meV  off_shell_Omega=     77.0507 meV
     lambda___(   3 )=       0.000000   gamma___=       0.000000 meV  omega=     88.0632 meV   on_shell_Omega=     88.0632 meV  off_shell_Omega=     88.0632 meV
     lambda_tr(   3 )=       0.000000   gamma_tr=       0.000000 meV  omega=     88.0632 meV   on_shell_Omega=     88.0632 meV  off_shell_Omega=     88.0632 meV
     lambda___(   4 )=       0.000000   gamma___=       0.000000 meV  omega=    162.4187 meV   on_shell_Omega=    162.4188 meV  off_shell_Omega=    162.4188 meV
     lambda_tr(   4 )=       0.000000   gamma_tr=       0.000000 meV  omega=    162.4187 meV   on_shell_Omega=    162.4188 meV  off_shell_Omega=    162.4188 meV
     lambda___(   5 )=       0.000000   gamma___=       0.000000 meV  omega=    164.9502 meV   on_shell_Omega=    164.9502 meV  off_shell_Omega=    164.9502 meV
     lambda_tr(   5 )=       0.000000   gamma_tr=       0.000000 meV  omega=    164.9502 meV   on_shell_Omega=    164.9502 meV  off_shell_Omega=    164.9502 meV
     lambda___(   6 )=       0.000000   gamma___=       0.000000 meV  omega=    172.6068 meV   on_shell_Omega=    172.6068 meV  off_shell_Omega=    172.6068 meV
     lambda_tr(   6 )=       0.000000   gamma_tr=       0.000000 meV  omega=    172.6068 meV   on_shell_Omega=    172.6068 meV  off_shell_Omega=    172.6068 meV
     lambda___( tot )=       0.000000
     lambda_tr( tot )=       0.000000
     -------------------------------------------------------------------


     Number of (k,k+q) pairs on the Fermi surface:      171 out of      324


     ismear =     1 iq =     192 coord.:   0.55556  0.61111  0.00000 wt:   0.00309 Temp:  300.000K
     -------------------------------------------------------------------
     lambda___(   1 )=       0.000000   gamma___=       0.000000 meV  omega=     56.9068 meV   on_shell_Omega=     56.9068 meV  off_shell_Omega=     56.9068 meV
     lambda_tr(   1 )=       0.000000   gamma_tr=       0.000000 meV  omega=     56.9068 meV   on_shell_Omega=     56.9068 meV  off_shell_Omega=     56.9068 meV
     lambda___(   2 )=       0.000000   gamma___=       0.000000 meV  omega=     76.6784 meV   on_shell_Omega=     76.6784 meV  off_shell_Omega=     76.6784 meV
     lambda_tr(   2 )=       0.000000   gamma_tr=       0.000000 meV  omega=     76.6784 meV   on_shell_Omega=     76.6784 meV  off_shell_Omega=     76.6784 meV
     lambda___(   3 )=       0.000000   gamma___=       0.000000 meV  omega=     98.3213 meV   on_shell_Omega=     98.3213 meV  off_shell_Omega=     98.3213 meV
     lambda_tr(   3 )=       0.000000   gamma_tr=       0.000000 meV  omega=     98.3213 meV   on_shell_Omega=     98.3213 meV  off_shell_Omega=     98.3213 meV
     lambda___(   4 )=       0.000000   gamma___=       0.000000 meV  omega=    154.6166 meV   on_shell_Omega=    154.6166 meV  off_shell_Omega=    154.6166 meV
     lambda_tr(   4 )=       0.000000   gamma_tr=       0.000000 meV  omega=    154.6166 meV   on_shell_Omega=    154.6166 meV  off_shell_Omega=    154.6166 meV
     lambda___(   5 )=       0.000000   gamma___=       0.000000 meV  omega=    166.0992 meV   on_shell_Omega=    166.0992 meV  off_shell_Omega=    166.0992 meV
     lambda_tr(   5 )=       0.000000   gamma_tr=       0.000000 meV  omega=    166.0992 meV   on_shell_Omega=    166.0992 meV  off_shell_Omega=    166.0992 meV
     lambda___(   6 )=       0.000000   gamma___=       0.000000 meV  omega=    170.4912 meV   on_shell_Omega=    170.4912 meV  off_shell_Omega=    170.4912 meV
     lambda_tr(   6 )=       0.000000   gamma_tr=       0.000000 meV  omega=    170.4912 meV   on_shell_Omega=    170.4912 meV  off_shell_Omega=    170.4912 meV
     lambda___( tot )=       0.000000
     lambda_tr( tot )=       0.000000
     -------------------------------------------------------------------


     Number of (k,k+q) pairs on the Fermi surface:      174 out of      324


     ismear =     1 iq =     193 coord.:   0.55556  0.66667  0.00000 wt:   0.00309 Temp:  300.000K
     -------------------------------------------------------------------
     lambda___(   1 )=       0.000000   gamma___=       0.000000 meV  omega=     55.0543 meV   on_shell_Omega=     55.0544 meV  off_shell_Omega=     55.0544 meV
     lambda_tr(   1 )=       0.000000   gamma_tr=       0.000000 meV  omega=     55.0543 meV   on_shell_Omega=     55.0544 meV  off_shell_Omega=     55.0544 meV
     lambda___(   2 )=       0.000000   gamma___=       0.000000 meV  omega=     77.0956 meV   on_shell_Omega=     77.0956 meV  off_shell_Omega=     77.0956 meV
     lambda_tr(   2 )=       0.000000   gamma_tr=       0.000000 meV  omega=     77.0956 meV   on_shell_Omega=     77.0956 meV  off_shell_Omega=     77.0956 meV
     lambda___(   3 )=       0.000000   gamma___=       0.000000 meV  omega=    108.5739 meV   on_shell_Omega=    108.5739 meV  off_shell_Omega=    108.5739 meV
     lambda_tr(   3 )=       0.000000   gamma_tr=       0.000000 meV  omega=    108.5739 meV   on_shell_Omega=    108.5739 meV  off_shell_Omega=    108.5739 meV
     lambda___(   4 )=       0.000000   gamma___=       0.000000 meV  omega=    146.0069 meV   on_shell_Omega=    146.0069 meV  off_shell_Omega=    146.0069 meV
     lambda_tr(   4 )=       0.000000   gamma_tr=       0.000000 meV  omega=    146.0069 meV   on_shell_Omega=    146.0069 meV  off_shell_Omega=    146.0069 meV
     lambda___(   5 )=       0.000000   gamma___=       0.000000 meV  omega=    166.7632 meV   on_shell_Omega=    166.7632 meV  off_shell_Omega=    166.7632 meV
     lambda_tr(   5 )=       0.000000   gamma_tr=       0.000000 meV  omega=    166.7632 meV   on_shell_Omega=    166.7632 meV  off_shell_Omega=    166.7632 meV
     lambda___(   6 )=       0.000000   gamma___=       0.000000 meV  omega=    168.0055 meV   on_shell_Omega=    168.0055 meV  off_shell_Omega=    168.0055 meV
     lambda_tr(   6 )=       0.000000   gamma_tr=       0.000000 meV  omega=    168.0055 meV   on_shell_Omega=    168.0055 meV  off_shell_Omega=    168.0055 meV
     lambda___( tot )=       0.000000
     lambda_tr( tot )=       0.000000
     -------------------------------------------------------------------


     Number of (k,k+q) pairs on the Fermi surface:      177 out of      324


     ismear =     1 iq =     194 coord.:   0.55556  0.72222  0.00000 wt:   0.00309 Temp:  300.000K
     -------------------------------------------------------------------
     lambda___(   1 )=       0.000000   gamma___=       0.000000 meV  omega=     54.2078 meV   on_shell_Omega=     54.2078 meV  off_shell_Omega=     54.2078 meV
     lambda_tr(   1 )=       0.000000   gamma_tr=       0.000000 meV  omega=     54.2078 meV   on_shell_Omega=     54.2078 meV  off_shell_Omega=     54.2078 meV
     lambda___(   2 )=       0.000000   gamma___=       0.000000 meV  omega=     77.3386 meV   on_shell_Omega=     77.3387 meV  off_shell_Omega=     77.3387 meV
     lambda_tr(   2 )=       0.000000   gamma_tr=       0.000000 meV  omega=     77.3386 meV   on_shell_Omega=     77.3387 meV  off_shell_Omega=     77.3387 meV
     lambda___(   3 )=       0.000000   gamma___=       0.000000 meV  omega=    113.8042 meV   on_shell_Omega=    113.8042 meV  off_shell_Omega=    113.8042 meV
     lambda_tr(   3 )=       0.000000   gamma_tr=       0.000000 meV  omega=    113.8042 meV   on_shell_Omega=    113.8042 meV  off_shell_Omega=    113.8042 meV
     lambda___(   4 )=       0.000000   gamma___=       0.000000 meV  omega=    141.4016 meV   on_shell_Omega=    141.4016 meV  off_shell_Omega=    141.4016 meV
     lambda_tr(   4 )=       0.000000   gamma_tr=       0.000000 meV  omega=    141.4016 meV   on_shell_Omega=    141.4016 meV  off_shell_Omega=    141.4016 meV
     lambda___(   5 )=       0.000000   gamma___=       0.000000 meV  omega=    166.8557 meV   on_shell_Omega=    166.8557 meV  off_shell_Omega=    166.8557 meV
     lambda_tr(   5 )=       0.000000   gamma_tr=       0.000000 meV  omega=    166.8557 meV   on_shell_Omega=    166.8557 meV  off_shell_Omega=    166.8557 meV
     lambda___(   6 )=       0.000000   gamma___=       0.000000 meV  omega=    166.9000 meV   on_shell_Omega=    166.9000 meV  off_shell_Omega=    166.9000 meV
     lambda_tr(   6 )=       0.000000   gamma_tr=       0.000000 meV  omega=    166.9000 meV   on_shell_Omega=    166.9000 meV  off_shell_Omega=    166.9000 meV
     lambda___( tot )=       0.000000
     lambda_tr( tot )=       0.000000
     -------------------------------------------------------------------


     Number of (k,k+q) pairs on the Fermi surface:      173 out of      324


     ismear =     1 iq =     195 coord.:   0.55556  0.77778  0.00000 wt:   0.00309 Temp:  300.000K
     -------------------------------------------------------------------
     lambda___(   1 )=       0.000000   gamma___=       0.000000 meV  omega=     55.0543 meV   on_shell_Omega=     55.0544 meV  off_shell_Omega=     55.0544 meV
     lambda_tr(   1 )=       0.000000   gamma_tr=       0.000000 meV  omega=     55.0543 meV   on_shell_Omega=     55.0544 meV  off_shell_Omega=     55.0544 meV
     lambda___(   2 )=       0.000000   gamma___=       0.000000 meV  omega=     77.0956 meV   on_shell_Omega=     77.0957 meV  off_shell_Omega=     77.0957 meV
     lambda_tr(   2 )=       0.000000   gamma_tr=       0.000000 meV  omega=     77.0956 meV   on_shell_Omega=     77.0957 meV  off_shell_Omega=     77.0957 meV
     lambda___(   3 )=       0.000000   gamma___=       0.000000 meV  omega=    108.5739 meV   on_shell_Omega=    108.5739 meV  off_shell_Omega=    108.5739 meV
     lambda_tr(   3 )=       0.000000   gamma_tr=       0.000000 meV  omega=    108.5739 meV   on_shell_Omega=    108.5739 meV  off_shell_Omega=    108.5739 meV
     lambda___(   4 )=       0.000000   gamma___=       0.000000 meV  omega=    146.0069 meV   on_shell_Omega=    146.0069 meV  off_shell_Omega=    146.0069 meV
     lambda_tr(   4 )=       0.000000   gamma_tr=       0.000000 meV  omega=    146.0069 meV   on_shell_Omega=    146.0069 meV  off_shell_Omega=    146.0069 meV
     lambda___(   5 )=       0.000000   gamma___=       0.000000 meV  omega=    166.7632 meV   on_shell_Omega=    166.7632 meV  off_shell_Omega=    166.7632 meV
     lambda_tr(   5 )=       0.000000   gamma_tr=       0.000000 meV  omega=    166.7632 meV   on_shell_Omega=    166.7632 meV  off_shell_Omega=    166.7632 meV
     lambda___(   6 )=       0.000000   gamma___=       0.000000 meV  omega=    168.0055 meV   on_shell_Omega=    168.0055 meV  off_shell_Omega=    168.0055 meV
     lambda_tr(   6 )=       0.000000   gamma_tr=       0.000000 meV  omega=    168.0055 meV   on_shell_Omega=    168.0055 meV  off_shell_Omega=    168.0055 meV
     lambda___( tot )=       0.000000
     lambda_tr( tot )=       0.000000
     -------------------------------------------------------------------


     Number of (k,k+q) pairs on the Fermi surface:      170 out of      324


     ismear =     1 iq =     196 coord.:   0.55556  0.83333  0.00000 wt:   0.00309 Temp:  300.000K
     -------------------------------------------------------------------
     lambda___(   1 )=       0.000000   gamma___=       0.000000 meV  omega=     56.9068 meV   on_shell_Omega=     56.9068 meV  off_shell_Omega=     56.9068 meV
     lambda_tr(   1 )=       0.000000   gamma_tr=       0.000000 meV  omega=     56.9068 meV   on_shell_Omega=     56.9068 meV  off_shell_Omega=     56.9068 meV
     lambda___(   2 )=       0.000000   gamma___=       0.000000 meV  omega=     76.6784 meV   on_shell_Omega=     76.6784 meV  off_shell_Omega=     76.6784 meV
     lambda_tr(   2 )=       0.000000   gamma_tr=       0.000000 meV  omega=     76.6784 meV   on_shell_Omega=     76.6784 meV  off_shell_Omega=     76.6784 meV
     lambda___(   3 )=       0.000000   gamma___=       0.000000 meV  omega=     98.3213 meV   on_shell_Omega=     98.3213 meV  off_shell_Omega=     98.3213 meV
     lambda_tr(   3 )=       0.000000   gamma_tr=       0.000000 meV  omega=     98.3213 meV   on_shell_Omega=     98.3213 meV  off_shell_Omega=     98.3213 meV
     lambda___(   4 )=       0.000000   gamma___=       0.000000 meV  omega=    154.6166 meV   on_shell_Omega=    154.6166 meV  off_shell_Omega=    154.6166 meV
     lambda_tr(   4 )=       0.000000   gamma_tr=       0.000000 meV  omega=    154.6166 meV   on_shell_Omega=    154.6166 meV  off_shell_Omega=    154.6166 meV
     lambda___(   5 )=       0.000000   gamma___=       0.000000 meV  omega=    166.0992 meV   on_shell_Omega=    166.0992 meV  off_shell_Omega=    166.0992 meV
     lambda_tr(   5 )=       0.000000   gamma_tr=       0.000000 meV  omega=    166.0992 meV   on_shell_Omega=    166.0992 meV  off_shell_Omega=    166.0992 meV
     lambda___(   6 )=       0.000000   gamma___=       0.000000 meV  omega=    170.4912 meV   on_shell_Omega=    170.4912 meV  off_shell_Omega=    170.4912 meV
     lambda_tr(   6 )=       0.000000   gamma_tr=       0.000000 meV  omega=    170.4912 meV   on_shell_Omega=    170.4912 meV  off_shell_Omega=    170.4912 meV
     lambda___( tot )=       0.000000
     lambda_tr( tot )=       0.000000
     -------------------------------------------------------------------


     Number of (k,k+q) pairs on the Fermi surface:      163 out of      324


     ismear =     1 iq =     197 coord.:   0.55556  0.88889  0.00000 wt:   0.00309 Temp:  300.000K
     -------------------------------------------------------------------
     lambda___(   1 )=       0.000000   gamma___=       0.000000 meV  omega=     57.9753 meV   on_shell_Omega=     57.9753 meV  off_shell_Omega=     57.9753 meV
     lambda_tr(   1 )=       0.000000   gamma_tr=       0.000000 meV  omega=     57.9753 meV   on_shell_Omega=     57.9753 meV  off_shell_Omega=     57.9753 meV
     lambda___(   2 )=       0.000000   gamma___=       0.000000 meV  omega=     77.0507 meV   on_shell_Omega=     77.0507 meV  off_shell_Omega=     77.0507 meV
     lambda_tr(   2 )=       0.000000   gamma_tr=       0.000000 meV  omega=     77.0507 meV   on_shell_Omega=     77.0507 meV  off_shell_Omega=     77.0507 meV
     lambda___(   3 )=       0.000000   gamma___=       0.000000 meV  omega=     88.0632 meV   on_shell_Omega=     88.0632 meV  off_shell_Omega=     88.0632 meV
     lambda_tr(   3 )=       0.000000   gamma_tr=       0.000000 meV  omega=     88.0632 meV   on_shell_Omega=     88.0632 meV  off_shell_Omega=     88.0632 meV
     lambda___(   4 )=       0.000000   gamma___=       0.000000 meV  omega=    162.4187 meV   on_shell_Omega=    162.4188 meV  off_shell_Omega=    162.4188 meV
     lambda_tr(   4 )=       0.000000   gamma_tr=       0.000000 meV  omega=    162.4187 meV   on_shell_Omega=    162.4188 meV  off_shell_Omega=    162.4188 meV
     lambda___(   5 )=       0.000000   gamma___=       0.000000 meV  omega=    164.9502 meV   on_shell_Omega=    164.9502 meV  off_shell_Omega=    164.9502 meV
     lambda_tr(   5 )=       0.000000   gamma_tr=       0.000000 meV  omega=    164.9502 meV   on_shell_Omega=    164.9502 meV  off_shell_Omega=    164.9502 meV
     lambda___(   6 )=       0.000000   gamma___=       0.000000 meV  omega=    172.6068 meV   on_shell_Omega=    172.6068 meV  off_shell_Omega=    172.6068 meV
     lambda_tr(   6 )=       0.000000   gamma_tr=       0.000000 meV  omega=    172.6068 meV   on_shell_Omega=    172.6068 meV  off_shell_Omega=    172.6068 meV
     lambda___( tot )=       0.000000
     lambda_tr( tot )=       0.000000
     -------------------------------------------------------------------


     Number of (k,k+q) pairs on the Fermi surface:      155 out of      324


     ismear =     1 iq =     198 coord.:   0.55556  0.94444  0.00000 wt:   0.00309 Temp:  300.000K
     -------------------------------------------------------------------
     lambda___(   1 )=       0.000000   gamma___=       0.000000 meV  omega=     56.6646 meV   on_shell_Omega=     56.6647 meV  off_shell_Omega=     56.6647 meV
     lambda_tr(   1 )=       0.000000   gamma_tr=       0.000000 meV  omega=     56.6646 meV   on_shell_Omega=     56.6647 meV  off_shell_Omega=     56.6647 meV
     lambda___(   2 )=       0.000000   gamma___=       0.000000 meV  omega=     79.0616 meV   on_shell_Omega=     79.0616 meV  off_shell_Omega=     79.0616 meV
     lambda_tr(   2 )=       0.000000   gamma_tr=       0.000000 meV  omega=     79.0616 meV   on_shell_Omega=     79.0616 meV  off_shell_Omega=     79.0616 meV
     lambda___(   3 )=       0.000000   gamma___=       0.000000 meV  omega=     80.2962 meV   on_shell_Omega=     80.2962 meV  off_shell_Omega=     80.2962 meV
     lambda_tr(   3 )=       0.000000   gamma_tr=       0.000000 meV  omega=     80.2962 meV   on_shell_Omega=     80.2962 meV  off_shell_Omega=     80.2962 meV
     lambda___(   4 )=       0.000000   gamma___=       0.000000 meV  omega=    160.2045 meV   on_shell_Omega=    160.2045 meV  off_shell_Omega=    160.2045 meV
     lambda_tr(   4 )=       0.000000   gamma_tr=       0.000000 meV  omega=    160.2045 meV   on_shell_Omega=    160.2045 meV  off_shell_Omega=    160.2045 meV
     lambda___(   5 )=       0.000000   gamma___=       0.000000 meV  omega=    170.8221 meV   on_shell_Omega=    170.8221 meV  off_shell_Omega=    170.8221 meV
     lambda_tr(   5 )=       0.000000   gamma_tr=       0.000000 meV  omega=    170.8221 meV   on_shell_Omega=    170.8221 meV  off_shell_Omega=    170.8221 meV
     lambda___(   6 )=       0.000000   gamma___=       0.000000 meV  omega=    173.7610 meV   on_shell_Omega=    173.7610 meV  off_shell_Omega=    173.7610 meV
     lambda_tr(   6 )=       0.000000   gamma_tr=       0.000000 meV  omega=    173.7610 meV   on_shell_Omega=    173.7610 meV  off_shell_Omega=    173.7610 meV
     lambda___( tot )=       0.000000
     lambda_tr( tot )=       0.000000
     -------------------------------------------------------------------


     Number of (k,k+q) pairs on the Fermi surface:      148 out of      324


     ismear =     1 iq =     199 coord.:   0.61111  0.00000  0.00000 wt:   0.00309 Temp:  300.000K
     -------------------------------------------------------------------
     lambda___(   1 )=       0.000000   gamma___=       0.000000 meV  omega=     43.5112 meV   on_shell_Omega=     43.5112 meV  off_shell_Omega=     43.5112 meV
     lambda_tr(   1 )=       0.000000   gamma_tr=       0.000000 meV  omega=     43.5112 meV   on_shell_Omega=     43.5112 meV  off_shell_Omega=     43.5112 meV
     lambda___(   2 )=       0.000000   gamma___=       0.000000 meV  omega=     73.9240 meV   on_shell_Omega=     73.9240 meV  off_shell_Omega=     73.9240 meV
     lambda_tr(   2 )=       0.000000   gamma_tr=       0.000000 meV  omega=     73.9240 meV   on_shell_Omega=     73.9240 meV  off_shell_Omega=     73.9240 meV
     lambda___(   3 )=       0.000000   gamma___=       0.000000 meV  omega=     88.9894 meV   on_shell_Omega=     88.9894 meV  off_shell_Omega=     88.9894 meV
     lambda_tr(   3 )=       0.000000   gamma_tr=       0.000000 meV  omega=     88.9894 meV   on_shell_Omega=     88.9894 meV  off_shell_Omega=     88.9894 meV
     lambda___(   4 )=       0.000000   gamma___=       0.000000 meV  omega=    140.6385 meV   on_shell_Omega=    140.6385 meV  off_shell_Omega=    140.6385 meV
     lambda_tr(   4 )=       0.000000   gamma_tr=       0.000000 meV  omega=    140.6385 meV   on_shell_Omega=    140.6385 meV  off_shell_Omega=    140.6385 meV
     lambda___(   5 )=       0.000000   gamma___=       0.000000 meV  omega=    175.9536 meV   on_shell_Omega=    175.9536 meV  off_shell_Omega=    175.9536 meV
     lambda_tr(   5 )=       0.000000   gamma_tr=       0.000000 meV  omega=    175.9536 meV   on_shell_Omega=    175.9536 meV  off_shell_Omega=    175.9536 meV
     lambda___(   6 )=       0.000000   gamma___=       0.000000 meV  omega=    184.8010 meV   on_shell_Omega=    184.8010 meV  off_shell_Omega=    184.8010 meV
     lambda_tr(   6 )=       0.000000   gamma_tr=       0.000000 meV  omega=    184.8010 meV   on_shell_Omega=    184.8010 meV  off_shell_Omega=    184.8010 meV
     lambda___( tot )=       0.000000
     lambda_tr( tot )=       0.000000
     -------------------------------------------------------------------


     Number of (k,k+q) pairs on the Fermi surface:      159 out of      324


     ismear =     1 iq =     200 coord.:   0.61111  0.05556  0.00000 wt:   0.00309 Temp:  300.000K
     -------------------------------------------------------------------
     lambda___(   1 )=       0.000000   gamma___=       0.000000 meV  omega=     38.3702 meV   on_shell_Omega=     38.3702 meV  off_shell_Omega=     38.3702 meV
     lambda_tr(   1 )=       0.000000   gamma_tr=       0.000000 meV  omega=     38.3702 meV   on_shell_Omega=     38.3702 meV  off_shell_Omega=     38.3702 meV
     lambda___(   2 )=       0.000000   gamma___=       0.000000 meV  omega=     74.4774 meV   on_shell_Omega=     74.4774 meV  off_shell_Omega=     74.4774 meV
     lambda_tr(   2 )=       0.000000   gamma_tr=       0.000000 meV  omega=     74.4774 meV   on_shell_Omega=     74.4774 meV  off_shell_Omega=     74.4774 meV
     lambda___(   3 )=       0.000000   gamma___=       0.000000 meV  omega=     91.9608 meV   on_shell_Omega=     91.9608 meV  off_shell_Omega=     91.9608 meV
     lambda_tr(   3 )=       0.000000   gamma_tr=       0.000000 meV  omega=     91.9608 meV   on_shell_Omega=     91.9608 meV  off_shell_Omega=     91.9608 meV
     lambda___(   4 )=       0.000000   gamma___=       0.000000 meV  omega=    132.3524 meV   on_shell_Omega=    132.3524 meV  off_shell_Omega=    132.3524 meV
     lambda_tr(   4 )=       0.000000   gamma_tr=       0.000000 meV  omega=    132.3524 meV   on_shell_Omega=    132.3524 meV  off_shell_Omega=    132.3524 meV
     lambda___(   5 )=       0.000000   gamma___=       0.000000 meV  omega=    176.6114 meV   on_shell_Omega=    176.6114 meV  off_shell_Omega=    176.6114 meV
     lambda_tr(   5 )=       0.000000   gamma_tr=       0.000000 meV  omega=    176.6114 meV   on_shell_Omega=    176.6114 meV  off_shell_Omega=    176.6114 meV
     lambda___(   6 )=       0.000000   gamma___=       0.000000 meV  omega=    187.7251 meV   on_shell_Omega=    187.7251 meV  off_shell_Omega=    187.7251 meV
     lambda_tr(   6 )=       0.000000   gamma_tr=       0.000000 meV  omega=    187.7251 meV   on_shell_Omega=    187.7251 meV  off_shell_Omega=    187.7251 meV
     lambda___( tot )=       0.000000
     lambda_tr( tot )=       0.000000
     -------------------------------------------------------------------


     Number of (k,k+q) pairs on the Fermi surface:      171 out of      324


     ismear =     1 iq =     201 coord.:   0.61111  0.11111  0.00000 wt:   0.00309 Temp:  300.000K
     -------------------------------------------------------------------
     lambda___(   1 )=       0.000000   gamma___=       0.000000 meV  omega=     34.2889 meV   on_shell_Omega=     34.2889 meV  off_shell_Omega=     34.2889 meV
     lambda_tr(   1 )=       0.000000   gamma_tr=       0.000000 meV  omega=     34.2889 meV   on_shell_Omega=     34.2889 meV  off_shell_Omega=     34.2889 meV
     lambda___(   2 )=       0.000000   gamma___=       0.000000 meV  omega=     79.2217 meV   on_shell_Omega=     79.2217 meV  off_shell_Omega=     79.2217 meV
     lambda_tr(   2 )=       0.000000   gamma_tr=       0.000000 meV  omega=     79.2217 meV   on_shell_Omega=     79.2217 meV  off_shell_Omega=     79.2217 meV
     lambda___(   3 )=       0.000000   gamma___=       0.000000 meV  omega=     93.8930 meV   on_shell_Omega=     93.8930 meV  off_shell_Omega=     93.8930 meV
     lambda_tr(   3 )=       0.000000   gamma_tr=       0.000000 meV  omega=     93.8930 meV   on_shell_Omega=     93.8930 meV  off_shell_Omega=     93.8930 meV
     lambda___(   4 )=       0.000000   gamma___=       0.000000 meV  omega=    123.8240 meV   on_shell_Omega=    123.8240 meV  off_shell_Omega=    123.8240 meV
     lambda_tr(   4 )=       0.000000   gamma_tr=       0.000000 meV  omega=    123.8240 meV   on_shell_Omega=    123.8240 meV  off_shell_Omega=    123.8240 meV
     lambda___(   5 )=       0.000000   gamma___=       0.000000 meV  omega=    176.4628 meV   on_shell_Omega=    176.4628 meV  off_shell_Omega=    176.4628 meV
     lambda_tr(   5 )=       0.000000   gamma_tr=       0.000000 meV  omega=    176.4628 meV   on_shell_Omega=    176.4628 meV  off_shell_Omega=    176.4628 meV
     lambda___(   6 )=       0.000000   gamma___=       0.000000 meV  omega=    188.8675 meV   on_shell_Omega=    188.8675 meV  off_shell_Omega=    188.8675 meV
     lambda_tr(   6 )=       0.000000   gamma_tr=       0.000000 meV  omega=    188.8675 meV   on_shell_Omega=    188.8675 meV  off_shell_Omega=    188.8675 meV
     lambda___( tot )=       0.000000
     lambda_tr( tot )=       0.000000
     -------------------------------------------------------------------


     Number of (k,k+q) pairs on the Fermi surface:      179 out of      324


     ismear =     1 iq =     202 coord.:   0.61111  0.16667  0.00000 wt:   0.00309 Temp:  300.000K
     -------------------------------------------------------------------
     lambda___(   1 )=       0.000000   gamma___=       0.000000 meV  omega=     32.0867 meV   on_shell_Omega=     32.0867 meV  off_shell_Omega=     32.0867 meV
     lambda_tr(   1 )=       0.000000   gamma_tr=       0.000000 meV  omega=     32.0867 meV   on_shell_Omega=     32.0867 meV  off_shell_Omega=     32.0867 meV
     lambda___(   2 )=       0.000000   gamma___=       0.000000 meV  omega=     84.4293 meV   on_shell_Omega=     84.4293 meV  off_shell_Omega=     84.4293 meV
     lambda_tr(   2 )=       0.000000   gamma_tr=       0.000000 meV  omega=     84.4293 meV   on_shell_Omega=     84.4293 meV  off_shell_Omega=     84.4293 meV
     lambda___(   3 )=       0.000000   gamma___=       0.000000 meV  omega=     94.8006 meV   on_shell_Omega=     94.8006 meV  off_shell_Omega=     94.8006 meV
     lambda_tr(   3 )=       0.000000   gamma_tr=       0.000000 meV  omega=     94.8006 meV   on_shell_Omega=     94.8006 meV  off_shell_Omega=     94.8006 meV
     lambda___(   4 )=       0.000000   gamma___=       0.000000 meV  omega=    117.4248 meV   on_shell_Omega=    117.4248 meV  off_shell_Omega=    117.4248 meV
     lambda_tr(   4 )=       0.000000   gamma_tr=       0.000000 meV  omega=    117.4248 meV   on_shell_Omega=    117.4248 meV  off_shell_Omega=    117.4248 meV
     lambda___(   5 )=       0.000000   gamma___=       0.000000 meV  omega=    175.9984 meV   on_shell_Omega=    175.9984 meV  off_shell_Omega=    175.9984 meV
     lambda_tr(   5 )=       0.000000   gamma_tr=       0.000000 meV  omega=    175.9984 meV   on_shell_Omega=    175.9984 meV  off_shell_Omega=    175.9984 meV
     lambda___(   6 )=       0.000000   gamma___=       0.000000 meV  omega=    189.0014 meV   on_shell_Omega=    189.0014 meV  off_shell_Omega=    189.0014 meV
     lambda_tr(   6 )=       0.000000   gamma_tr=       0.000000 meV  omega=    189.0014 meV   on_shell_Omega=    189.0014 meV  off_shell_Omega=    189.0014 meV
     lambda___( tot )=       0.000000
     lambda_tr( tot )=       0.000000
     -------------------------------------------------------------------


     Number of (k,k+q) pairs on the Fermi surface:      185 out of      324


     ismear =     1 iq =     203 coord.:   0.61111  0.22222  0.00000 wt:   0.00309 Temp:  300.000K
     -------------------------------------------------------------------
     lambda___(   1 )=       0.000000   gamma___=       0.000000 meV  omega=     32.0867 meV   on_shell_Omega=     32.0867 meV  off_shell_Omega=     32.0867 meV
     lambda_tr(   1 )=       0.000000   gamma_tr=       0.000000 meV  omega=     32.0867 meV   on_shell_Omega=     32.0867 meV  off_shell_Omega=     32.0867 meV
     lambda___(   2 )=       0.000000   gamma___=       0.000000 meV  omega=     84.4293 meV   on_shell_Omega=     84.4293 meV  off_shell_Omega=     84.4293 meV
     lambda_tr(   2 )=       0.000000   gamma_tr=       0.000000 meV  omega=     84.4293 meV   on_shell_Omega=     84.4293 meV  off_shell_Omega=     84.4293 meV
     lambda___(   3 )=       0.000000   gamma___=       0.000000 meV  omega=     94.8006 meV   on_shell_Omega=     94.8006 meV  off_shell_Omega=     94.8006 meV
     lambda_tr(   3 )=       0.000000   gamma_tr=       0.000000 meV  omega=     94.8006 meV   on_shell_Omega=     94.8006 meV  off_shell_Omega=     94.8006 meV
     lambda___(   4 )=       0.000000   gamma___=       0.000000 meV  omega=    117.4248 meV   on_shell_Omega=    117.4248 meV  off_shell_Omega=    117.4248 meV
     lambda_tr(   4 )=       0.000000   gamma_tr=       0.000000 meV  omega=    117.4248 meV   on_shell_Omega=    117.4248 meV  off_shell_Omega=    117.4248 meV
     lambda___(   5 )=       0.000000   gamma___=       0.000000 meV  omega=    175.9984 meV   on_shell_Omega=    175.9984 meV  off_shell_Omega=    175.9984 meV
     lambda_tr(   5 )=       0.000000   gamma_tr=       0.000000 meV  omega=    175.9984 meV   on_shell_Omega=    175.9984 meV  off_shell_Omega=    175.9984 meV
     lambda___(   6 )=       0.000000   gamma___=       0.000000 meV  omega=    189.0014 meV   on_shell_Omega=    189.0014 meV  off_shell_Omega=    189.0014 meV
     lambda_tr(   6 )=       0.000000   gamma_tr=       0.000000 meV  omega=    189.0014 meV   on_shell_Omega=    189.0014 meV  off_shell_Omega=    189.0014 meV
     lambda___( tot )=       0.000000
     lambda_tr( tot )=       0.000000
     -------------------------------------------------------------------


     Number of (k,k+q) pairs on the Fermi surface:      181 out of      324


     ismear =     1 iq =     204 coord.:   0.61111  0.27778  0.00000 wt:   0.00309 Temp:  300.000K
     -------------------------------------------------------------------
     lambda___(   1 )=       0.000000   gamma___=       0.000000 meV  omega=     34.2889 meV   on_shell_Omega=     34.2889 meV  off_shell_Omega=     34.2889 meV
     lambda_tr(   1 )=       0.000000   gamma_tr=       0.000000 meV  omega=     34.2889 meV   on_shell_Omega=     34.2889 meV  off_shell_Omega=     34.2889 meV
     lambda___(   2 )=       0.000000   gamma___=       0.000000 meV  omega=     79.2217 meV   on_shell_Omega=     79.2217 meV  off_shell_Omega=     79.2217 meV
     lambda_tr(   2 )=       0.000000   gamma_tr=       0.000000 meV  omega=     79.2217 meV   on_shell_Omega=     79.2217 meV  off_shell_Omega=     79.2217 meV
     lambda___(   3 )=       0.000000   gamma___=       0.000000 meV  omega=     93.8930 meV   on_shell_Omega=     93.8930 meV  off_shell_Omega=     93.8930 meV
     lambda_tr(   3 )=       0.000000   gamma_tr=       0.000000 meV  omega=     93.8930 meV   on_shell_Omega=     93.8930 meV  off_shell_Omega=     93.8930 meV
     lambda___(   4 )=       0.000000   gamma___=       0.000000 meV  omega=    123.8240 meV   on_shell_Omega=    123.8240 meV  off_shell_Omega=    123.8240 meV
     lambda_tr(   4 )=       0.000000   gamma_tr=       0.000000 meV  omega=    123.8240 meV   on_shell_Omega=    123.8240 meV  off_shell_Omega=    123.8240 meV
     lambda___(   5 )=       0.000000   gamma___=       0.000000 meV  omega=    176.4628 meV   on_shell_Omega=    176.4628 meV  off_shell_Omega=    176.4628 meV
     lambda_tr(   5 )=       0.000000   gamma_tr=       0.000000 meV  omega=    176.4628 meV   on_shell_Omega=    176.4628 meV  off_shell_Omega=    176.4628 meV
     lambda___(   6 )=       0.000000   gamma___=       0.000000 meV  omega=    188.8675 meV   on_shell_Omega=    188.8675 meV  off_shell_Omega=    188.8675 meV
     lambda_tr(   6 )=       0.000000   gamma_tr=       0.000000 meV  omega=    188.8675 meV   on_shell_Omega=    188.8675 meV  off_shell_Omega=    188.8675 meV
     lambda___( tot )=       0.000000
     lambda_tr( tot )=       0.000000
     -------------------------------------------------------------------


     Number of (k,k+q) pairs on the Fermi surface:      178 out of      324


     ismear =     1 iq =     205 coord.:   0.61111  0.33333  0.00000 wt:   0.00309 Temp:  300.000K
     -------------------------------------------------------------------
     lambda___(   1 )=       0.000000   gamma___=       0.000000 meV  omega=     38.3702 meV   on_shell_Omega=     38.3702 meV  off_shell_Omega=     38.3702 meV
     lambda_tr(   1 )=       0.000000   gamma_tr=       0.000000 meV  omega=     38.3702 meV   on_shell_Omega=     38.3702 meV  off_shell_Omega=     38.3702 meV
     lambda___(   2 )=       0.000000   gamma___=       0.000000 meV  omega=     74.4774 meV   on_shell_Omega=     74.4774 meV  off_shell_Omega=     74.4774 meV
     lambda_tr(   2 )=       0.000000   gamma_tr=       0.000000 meV  omega=     74.4774 meV   on_shell_Omega=     74.4774 meV  off_shell_Omega=     74.4774 meV
     lambda___(   3 )=       0.000000   gamma___=       0.000000 meV  omega=     91.9608 meV   on_shell_Omega=     91.9608 meV  off_shell_Omega=     91.9608 meV
     lambda_tr(   3 )=       0.000000   gamma_tr=       0.000000 meV  omega=     91.9608 meV   on_shell_Omega=     91.9608 meV  off_shell_Omega=     91.9608 meV
     lambda___(   4 )=       0.000000   gamma___=       0.000000 meV  omega=    132.3524 meV   on_shell_Omega=    132.3524 meV  off_shell_Omega=    132.3524 meV
     lambda_tr(   4 )=       0.000000   gamma_tr=       0.000000 meV  omega=    132.3524 meV   on_shell_Omega=    132.3524 meV  off_shell_Omega=    132.3524 meV
     lambda___(   5 )=       0.000000   gamma___=       0.000000 meV  omega=    176.6114 meV   on_shell_Omega=    176.6114 meV  off_shell_Omega=    176.6114 meV
     lambda_tr(   5 )=       0.000000   gamma_tr=       0.000000 meV  omega=    176.6114 meV   on_shell_Omega=    176.6114 meV  off_shell_Omega=    176.6114 meV
     lambda___(   6 )=       0.000000   gamma___=       0.000000 meV  omega=    187.7251 meV   on_shell_Omega=    187.7251 meV  off_shell_Omega=    187.7251 meV
     lambda_tr(   6 )=       0.000000   gamma_tr=       0.000000 meV  omega=    187.7251 meV   on_shell_Omega=    187.7251 meV  off_shell_Omega=    187.7251 meV
     lambda___( tot )=       0.000000
     lambda_tr( tot )=       0.000000
     -------------------------------------------------------------------


     Number of (k,k+q) pairs on the Fermi surface:      173 out of      324


     ismear =     1 iq =     206 coord.:   0.61111  0.38889  0.00000 wt:   0.00309 Temp:  300.000K
     -------------------------------------------------------------------
     lambda___(   1 )=       0.000000   gamma___=       0.000000 meV  omega=     43.5112 meV   on_shell_Omega=     43.5112 meV  off_shell_Omega=     43.5112 meV
     lambda_tr(   1 )=       0.000000   gamma_tr=       0.000000 meV  omega=     43.5112 meV   on_shell_Omega=     43.5112 meV  off_shell_Omega=     43.5112 meV
     lambda___(   2 )=       0.000000   gamma___=       0.000000 meV  omega=     73.9240 meV   on_shell_Omega=     73.9240 meV  off_shell_Omega=     73.9240 meV
     lambda_tr(   2 )=       0.000000   gamma_tr=       0.000000 meV  omega=     73.9240 meV   on_shell_Omega=     73.9240 meV  off_shell_Omega=     73.9240 meV
     lambda___(   3 )=       0.000000   gamma___=       0.000000 meV  omega=     88.9894 meV   on_shell_Omega=     88.9894 meV  off_shell_Omega=     88.9894 meV
     lambda_tr(   3 )=       0.000000   gamma_tr=       0.000000 meV  omega=     88.9894 meV   on_shell_Omega=     88.9894 meV  off_shell_Omega=     88.9894 meV
     lambda___(   4 )=       0.000000   gamma___=       0.000000 meV  omega=    140.6385 meV   on_shell_Omega=    140.6385 meV  off_shell_Omega=    140.6385 meV
     lambda_tr(   4 )=       0.000000   gamma_tr=       0.000000 meV  omega=    140.6385 meV   on_shell_Omega=    140.6385 meV  off_shell_Omega=    140.6385 meV
     lambda___(   5 )=       0.000000   gamma___=       0.000000 meV  omega=    175.9536 meV   on_shell_Omega=    175.9536 meV  off_shell_Omega=    175.9536 meV
     lambda_tr(   5 )=       0.000000   gamma_tr=       0.000000 meV  omega=    175.9536 meV   on_shell_Omega=    175.9536 meV  off_shell_Omega=    175.9536 meV
     lambda___(   6 )=       0.000000   gamma___=       0.000000 meV  omega=    184.8010 meV   on_shell_Omega=    184.8010 meV  off_shell_Omega=    184.8010 meV
     lambda_tr(   6 )=       0.000000   gamma_tr=       0.000000 meV  omega=    184.8010 meV   on_shell_Omega=    184.8010 meV  off_shell_Omega=    184.8010 meV
     lambda___( tot )=       0.000000
     lambda_tr( tot )=       0.000000
     -------------------------------------------------------------------


     Number of (k,k+q) pairs on the Fermi surface:      166 out of      324


     ismear =     1 iq =     207 coord.:   0.61111  0.44444  0.00000 wt:   0.00309 Temp:  300.000K
     -------------------------------------------------------------------
     lambda___(   1 )=       0.000000   gamma___=       0.000000 meV  omega=     48.7209 meV   on_shell_Omega=     48.7210 meV  off_shell_Omega=     48.7210 meV
     lambda_tr(   1 )=       0.000000   gamma_tr=       0.000000 meV  omega=     48.7209 meV   on_shell_Omega=     48.7210 meV  off_shell_Omega=     48.7210 meV
     lambda___(   2 )=       0.000000   gamma___=       0.000000 meV  omega=     78.5229 meV   on_shell_Omega=     78.5229 meV  off_shell_Omega=     78.5229 meV
     lambda_tr(   2 )=       0.000000   gamma_tr=       0.000000 meV  omega=     78.5229 meV   on_shell_Omega=     78.5229 meV  off_shell_Omega=     78.5229 meV
     lambda___(   3 )=       0.000000   gamma___=       0.000000 meV  omega=     85.1887 meV   on_shell_Omega=     85.1887 meV  off_shell_Omega=     85.1887 meV
     lambda_tr(   3 )=       0.000000   gamma_tr=       0.000000 meV  omega=     85.1887 meV   on_shell_Omega=     85.1887 meV  off_shell_Omega=     85.1887 meV
     lambda___(   4 )=       0.000000   gamma___=       0.000000 meV  omega=    147.4393 meV   on_shell_Omega=    147.4393 meV  off_shell_Omega=    147.4393 meV
     lambda_tr(   4 )=       0.000000   gamma_tr=       0.000000 meV  omega=    147.4393 meV   on_shell_Omega=    147.4393 meV  off_shell_Omega=    147.4393 meV
     lambda___(   5 )=       0.000000   gamma___=       0.000000 meV  omega=    174.7024 meV   on_shell_Omega=    174.7024 meV  off_shell_Omega=    174.7024 meV
     lambda_tr(   5 )=       0.000000   gamma_tr=       0.000000 meV  omega=    174.7024 meV   on_shell_Omega=    174.7024 meV  off_shell_Omega=    174.7024 meV
     lambda___(   6 )=       0.000000   gamma___=       0.000000 meV  omega=    180.0388 meV   on_shell_Omega=    180.0388 meV  off_shell_Omega=    180.0388 meV
     lambda_tr(   6 )=       0.000000   gamma_tr=       0.000000 meV  omega=    180.0388 meV   on_shell_Omega=    180.0388 meV  off_shell_Omega=    180.0388 meV
     lambda___( tot )=       0.000000
     lambda_tr( tot )=       0.000000
     -------------------------------------------------------------------


     Number of (k,k+q) pairs on the Fermi surface:      166 out of      324


     ismear =     1 iq =     208 coord.:   0.61111  0.50000  0.00000 wt:   0.00309 Temp:  300.000K
     -------------------------------------------------------------------
     lambda___(   1 )=       0.000000   gamma___=       0.000000 meV  omega=     53.2899 meV   on_shell_Omega=     53.2899 meV  off_shell_Omega=     53.2899 meV
     lambda_tr(   1 )=       0.000000   gamma_tr=       0.000000 meV  omega=     53.2899 meV   on_shell_Omega=     53.2899 meV  off_shell_Omega=     53.2899 meV
     lambda___(   2 )=       0.000000   gamma___=       0.000000 meV  omega=     80.9301 meV   on_shell_Omega=     80.9301 meV  off_shell_Omega=     80.9301 meV
     lambda_tr(   2 )=       0.000000   gamma_tr=       0.000000 meV  omega=     80.9301 meV   on_shell_Omega=     80.9301 meV  off_shell_Omega=     80.9301 meV
     lambda___(   3 )=       0.000000   gamma___=       0.000000 meV  omega=     87.2212 meV   on_shell_Omega=     87.2212 meV  off_shell_Omega=     87.2212 meV
     lambda_tr(   3 )=       0.000000   gamma_tr=       0.000000 meV  omega=     87.2212 meV   on_shell_Omega=     87.2212 meV  off_shell_Omega=     87.2212 meV
     lambda___(   4 )=       0.000000   gamma___=       0.000000 meV  omega=    152.1278 meV   on_shell_Omega=    152.1278 meV  off_shell_Omega=    152.1278 meV
     lambda_tr(   4 )=       0.000000   gamma_tr=       0.000000 meV  omega=    152.1278 meV   on_shell_Omega=    152.1278 meV  off_shell_Omega=    152.1278 meV
     lambda___(   5 )=       0.000000   gamma___=       0.000000 meV  omega=    172.6987 meV   on_shell_Omega=    172.6987 meV  off_shell_Omega=    172.6987 meV
     lambda_tr(   5 )=       0.000000   gamma_tr=       0.000000 meV  omega=    172.6987 meV   on_shell_Omega=    172.6987 meV  off_shell_Omega=    172.6987 meV
     lambda___(   6 )=       0.000000   gamma___=       0.000000 meV  omega=    174.0168 meV   on_shell_Omega=    174.0168 meV  off_shell_Omega=    174.0168 meV
     lambda_tr(   6 )=       0.000000   gamma_tr=       0.000000 meV  omega=    174.0168 meV   on_shell_Omega=    174.0168 meV  off_shell_Omega=    174.0168 meV
     lambda___( tot )=       0.000000
     lambda_tr( tot )=       0.000000
     -------------------------------------------------------------------


     Number of (k,k+q) pairs on the Fermi surface:      169 out of      324


     ismear =     1 iq =     209 coord.:   0.61111  0.55556  0.00000 wt:   0.00309 Temp:  300.000K
     -------------------------------------------------------------------
     lambda___(   1 )=       0.000000   gamma___=       0.000000 meV  omega=     56.8551 meV   on_shell_Omega=     56.8551 meV  off_shell_Omega=     56.8551 meV
     lambda_tr(   1 )=       0.000000   gamma_tr=       0.000000 meV  omega=     56.8551 meV   on_shell_Omega=     56.8551 meV  off_shell_Omega=     56.8551 meV
     lambda___(   2 )=       0.000000   gamma___=       0.000000 meV  omega=     76.7167 meV   on_shell_Omega=     76.7167 meV  off_shell_Omega=     76.7167 meV
     lambda_tr(   2 )=       0.000000   gamma_tr=       0.000000 meV  omega=     76.7167 meV   on_shell_Omega=     76.7167 meV  off_shell_Omega=     76.7167 meV
     lambda___(   3 )=       0.000000   gamma___=       0.000000 meV  omega=     98.2847 meV   on_shell_Omega=     98.2847 meV  off_shell_Omega=     98.2847 meV
     lambda_tr(   3 )=       0.000000   gamma_tr=       0.000000 meV  omega=     98.2847 meV   on_shell_Omega=     98.2847 meV  off_shell_Omega=     98.2847 meV
     lambda___(   4 )=       0.000000   gamma___=       0.000000 meV  omega=    154.7530 meV   on_shell_Omega=    154.7530 meV  off_shell_Omega=    154.7530 meV
     lambda_tr(   4 )=       0.000000   gamma_tr=       0.000000 meV  omega=    154.7530 meV   on_shell_Omega=    154.7530 meV  off_shell_Omega=    154.7530 meV
     lambda___(   5 )=       0.000000   gamma___=       0.000000 meV  omega=    165.9419 meV   on_shell_Omega=    165.9419 meV  off_shell_Omega=    165.9419 meV
     lambda_tr(   5 )=       0.000000   gamma_tr=       0.000000 meV  omega=    165.9419 meV   on_shell_Omega=    165.9419 meV  off_shell_Omega=    165.9419 meV
     lambda___(   6 )=       0.000000   gamma___=       0.000000 meV  omega=    170.5417 meV   on_shell_Omega=    170.5417 meV  off_shell_Omega=    170.5417 meV
     lambda_tr(   6 )=       0.000000   gamma_tr=       0.000000 meV  omega=    170.5417 meV   on_shell_Omega=    170.5417 meV  off_shell_Omega=    170.5417 meV
     lambda___( tot )=       0.000000
     lambda_tr( tot )=       0.000000
     -------------------------------------------------------------------


     Number of (k,k+q) pairs on the Fermi surface:      172 out of      324


     ismear =     1 iq =     210 coord.:   0.61111  0.61111  0.00000 wt:   0.00309 Temp:  300.000K
     -------------------------------------------------------------------
     lambda___(   1 )=       0.000000   gamma___=       0.000000 meV  omega=     59.2217 meV   on_shell_Omega=     59.2217 meV  off_shell_Omega=     59.2217 meV
     lambda_tr(   1 )=       0.000000   gamma_tr=       0.000000 meV  omega=     59.2217 meV   on_shell_Omega=     59.2217 meV  off_shell_Omega=     59.2217 meV
     lambda___(   2 )=       0.000000   gamma___=       0.000000 meV  omega=     73.2563 meV   on_shell_Omega=     73.2563 meV  off_shell_Omega=     73.2563 meV
     lambda_tr(   2 )=       0.000000   gamma_tr=       0.000000 meV  omega=     73.2563 meV   on_shell_Omega=     73.2563 meV  off_shell_Omega=     73.2563 meV
     lambda___(   3 )=       0.000000   gamma___=       0.000000 meV  omega=    109.8774 meV   on_shell_Omega=    109.8774 meV  off_shell_Omega=    109.8774 meV
     lambda_tr(   3 )=       0.000000   gamma_tr=       0.000000 meV  omega=    109.8774 meV   on_shell_Omega=    109.8774 meV  off_shell_Omega=    109.8774 meV
     lambda___(   4 )=       0.000000   gamma___=       0.000000 meV  omega=    154.3190 meV   on_shell_Omega=    154.3190 meV  off_shell_Omega=    154.3190 meV
     lambda_tr(   4 )=       0.000000   gamma_tr=       0.000000 meV  omega=    154.3190 meV   on_shell_Omega=    154.3190 meV  off_shell_Omega=    154.3190 meV
     lambda___(   5 )=       0.000000   gamma___=       0.000000 meV  omega=    159.0782 meV   on_shell_Omega=    159.0782 meV  off_shell_Omega=    159.0782 meV
     lambda_tr(   5 )=       0.000000   gamma_tr=       0.000000 meV  omega=    159.0782 meV   on_shell_Omega=    159.0782 meV  off_shell_Omega=    159.0782 meV
     lambda___(   6 )=       0.000000   gamma___=       0.000000 meV  omega=    167.0051 meV   on_shell_Omega=    167.0051 meV  off_shell_Omega=    167.0051 meV
     lambda_tr(   6 )=       0.000000   gamma_tr=       0.000000 meV  omega=    167.0051 meV   on_shell_Omega=    167.0051 meV  off_shell_Omega=    167.0051 meV
     lambda___( tot )=       0.000000
     lambda_tr( tot )=       0.000000
     -------------------------------------------------------------------


     Number of (k,k+q) pairs on the Fermi surface:      175 out of      324


     ismear =     1 iq =     211 coord.:   0.61111  0.66667  0.00000 wt:   0.00309 Temp:  300.000K
     -------------------------------------------------------------------
     lambda___(   1 )=       0.000000   gamma___=       0.000000 meV  omega=     60.3294 meV   on_shell_Omega=     60.3294 meV  off_shell_Omega=     60.3294 meV
     lambda_tr(   1 )=       0.000000   gamma_tr=       0.000000 meV  omega=     60.3294 meV   on_shell_Omega=     60.3294 meV  off_shell_Omega=     60.3294 meV
     lambda___(   2 )=       0.000000   gamma___=       0.000000 meV  omega=     71.3242 meV   on_shell_Omega=     71.3242 meV  off_shell_Omega=     71.3242 meV
     lambda_tr(   2 )=       0.000000   gamma_tr=       0.000000 meV  omega=     71.3242 meV   on_shell_Omega=     71.3242 meV  off_shell_Omega=     71.3242 meV
     lambda___(   3 )=       0.000000   gamma___=       0.000000 meV  omega=    119.0819 meV   on_shell_Omega=    119.0819 meV  off_shell_Omega=    119.0819 meV
     lambda_tr(   3 )=       0.000000   gamma_tr=       0.000000 meV  omega=    119.0819 meV   on_shell_Omega=    119.0819 meV  off_shell_Omega=    119.0819 meV
     lambda___(   4 )=       0.000000   gamma___=       0.000000 meV  omega=    148.1571 meV   on_shell_Omega=    148.1571 meV  off_shell_Omega=    148.1571 meV
     lambda_tr(   4 )=       0.000000   gamma_tr=       0.000000 meV  omega=    148.1571 meV   on_shell_Omega=    148.1571 meV  off_shell_Omega=    148.1571 meV
     lambda___(   5 )=       0.000000   gamma___=       0.000000 meV  omega=    158.2074 meV   on_shell_Omega=    158.2074 meV  off_shell_Omega=    158.2074 meV
     lambda_tr(   5 )=       0.000000   gamma_tr=       0.000000 meV  omega=    158.2074 meV   on_shell_Omega=    158.2074 meV  off_shell_Omega=    158.2074 meV
     lambda___(   6 )=       0.000000   gamma___=       0.000000 meV  omega=    164.2275 meV   on_shell_Omega=    164.2275 meV  off_shell_Omega=    164.2275 meV
     lambda_tr(   6 )=       0.000000   gamma_tr=       0.000000 meV  omega=    164.2275 meV   on_shell_Omega=    164.2275 meV  off_shell_Omega=    164.2275 meV
     lambda___( tot )=       0.000000
     lambda_tr( tot )=       0.000000
     -------------------------------------------------------------------


     Number of (k,k+q) pairs on the Fermi surface:      172 out of      324


     ismear =     1 iq =     212 coord.:   0.61111  0.72222  0.00000 wt:   0.00309 Temp:  300.000K
     -------------------------------------------------------------------
     lambda___(   1 )=       0.000000   gamma___=       0.000000 meV  omega=     60.3294 meV   on_shell_Omega=     60.3294 meV  off_shell_Omega=     60.3294 meV
     lambda_tr(   1 )=       0.000000   gamma_tr=       0.000000 meV  omega=     60.3294 meV   on_shell_Omega=     60.3294 meV  off_shell_Omega=     60.3294 meV
     lambda___(   2 )=       0.000000   gamma___=       0.000000 meV  omega=     71.3242 meV   on_shell_Omega=     71.3242 meV  off_shell_Omega=     71.3242 meV
     lambda_tr(   2 )=       0.000000   gamma_tr=       0.000000 meV  omega=     71.3242 meV   on_shell_Omega=     71.3242 meV  off_shell_Omega=     71.3242 meV
     lambda___(   3 )=       0.000000   gamma___=       0.000000 meV  omega=    119.0819 meV   on_shell_Omega=    119.0819 meV  off_shell_Omega=    119.0819 meV
     lambda_tr(   3 )=       0.000000   gamma_tr=       0.000000 meV  omega=    119.0819 meV   on_shell_Omega=    119.0819 meV  off_shell_Omega=    119.0819 meV
     lambda___(   4 )=       0.000000   gamma___=       0.000000 meV  omega=    148.1571 meV   on_shell_Omega=    148.1571 meV  off_shell_Omega=    148.1571 meV
     lambda_tr(   4 )=       0.000000   gamma_tr=       0.000000 meV  omega=    148.1571 meV   on_shell_Omega=    148.1571 meV  off_shell_Omega=    148.1571 meV
     lambda___(   5 )=       0.000000   gamma___=       0.000000 meV  omega=    158.2074 meV   on_shell_Omega=    158.2074 meV  off_shell_Omega=    158.2074 meV
     lambda_tr(   5 )=       0.000000   gamma_tr=       0.000000 meV  omega=    158.2074 meV   on_shell_Omega=    158.2074 meV  off_shell_Omega=    158.2074 meV
     lambda___(   6 )=       0.000000   gamma___=       0.000000 meV  omega=    164.2275 meV   on_shell_Omega=    164.2275 meV  off_shell_Omega=    164.2275 meV
     lambda_tr(   6 )=       0.000000   gamma_tr=       0.000000 meV  omega=    164.2275 meV   on_shell_Omega=    164.2275 meV  off_shell_Omega=    164.2275 meV
     lambda___( tot )=       0.000000
     lambda_tr( tot )=       0.000000
     -------------------------------------------------------------------


     Number of (k,k+q) pairs on the Fermi surface:      169 out of      324


     ismear =     1 iq =     213 coord.:   0.61111  0.77778  0.00000 wt:   0.00309 Temp:  300.000K
     -------------------------------------------------------------------
     lambda___(   1 )=       0.000000   gamma___=       0.000000 meV  omega=     59.2217 meV   on_shell_Omega=     59.2217 meV  off_shell_Omega=     59.2217 meV
     lambda_tr(   1 )=       0.000000   gamma_tr=       0.000000 meV  omega=     59.2217 meV   on_shell_Omega=     59.2217 meV  off_shell_Omega=     59.2217 meV
     lambda___(   2 )=       0.000000   gamma___=       0.000000 meV  omega=     73.2563 meV   on_shell_Omega=     73.2563 meV  off_shell_Omega=     73.2563 meV
     lambda_tr(   2 )=       0.000000   gamma_tr=       0.000000 meV  omega=     73.2563 meV   on_shell_Omega=     73.2563 meV  off_shell_Omega=     73.2563 meV
     lambda___(   3 )=       0.000000   gamma___=       0.000000 meV  omega=    109.8774 meV   on_shell_Omega=    109.8774 meV  off_shell_Omega=    109.8774 meV
     lambda_tr(   3 )=       0.000000   gamma_tr=       0.000000 meV  omega=    109.8774 meV   on_shell_Omega=    109.8774 meV  off_shell_Omega=    109.8774 meV
     lambda___(   4 )=       0.000000   gamma___=       0.000000 meV  omega=    154.3190 meV   on_shell_Omega=    154.3190 meV  off_shell_Omega=    154.3190 meV
     lambda_tr(   4 )=       0.000000   gamma_tr=       0.000000 meV  omega=    154.3190 meV   on_shell_Omega=    154.3190 meV  off_shell_Omega=    154.3190 meV
     lambda___(   5 )=       0.000000   gamma___=       0.000000 meV  omega=    159.0782 meV   on_shell_Omega=    159.0782 meV  off_shell_Omega=    159.0782 meV
     lambda_tr(   5 )=       0.000000   gamma_tr=       0.000000 meV  omega=    159.0782 meV   on_shell_Omega=    159.0782 meV  off_shell_Omega=    159.0782 meV
     lambda___(   6 )=       0.000000   gamma___=       0.000000 meV  omega=    167.0051 meV   on_shell_Omega=    167.0051 meV  off_shell_Omega=    167.0051 meV
     lambda_tr(   6 )=       0.000000   gamma_tr=       0.000000 meV  omega=    167.0051 meV   on_shell_Omega=    167.0051 meV  off_shell_Omega=    167.0051 meV
     lambda___( tot )=       0.000000
     lambda_tr( tot )=       0.000000
     -------------------------------------------------------------------


     Number of (k,k+q) pairs on the Fermi surface:      163 out of      324


     ismear =     1 iq =     214 coord.:   0.61111  0.83333  0.00000 wt:   0.00309 Temp:  300.000K
     -------------------------------------------------------------------
     lambda___(   1 )=       0.000000   gamma___=       0.000000 meV  omega=     56.8551 meV   on_shell_Omega=     56.8551 meV  off_shell_Omega=     56.8551 meV
     lambda_tr(   1 )=       0.000000   gamma_tr=       0.000000 meV  omega=     56.8551 meV   on_shell_Omega=     56.8551 meV  off_shell_Omega=     56.8551 meV
     lambda___(   2 )=       0.000000   gamma___=       0.000000 meV  omega=     76.7167 meV   on_shell_Omega=     76.7167 meV  off_shell_Omega=     76.7167 meV
     lambda_tr(   2 )=       0.000000   gamma_tr=       0.000000 meV  omega=     76.7167 meV   on_shell_Omega=     76.7167 meV  off_shell_Omega=     76.7167 meV
     lambda___(   3 )=       0.000000   gamma___=       0.000000 meV  omega=     98.2847 meV   on_shell_Omega=     98.2847 meV  off_shell_Omega=     98.2847 meV
     lambda_tr(   3 )=       0.000000   gamma_tr=       0.000000 meV  omega=     98.2847 meV   on_shell_Omega=     98.2847 meV  off_shell_Omega=     98.2847 meV
     lambda___(   4 )=       0.000000   gamma___=       0.000000 meV  omega=    154.7530 meV   on_shell_Omega=    154.7530 meV  off_shell_Omega=    154.7530 meV
     lambda_tr(   4 )=       0.000000   gamma_tr=       0.000000 meV  omega=    154.7530 meV   on_shell_Omega=    154.7530 meV  off_shell_Omega=    154.7530 meV
     lambda___(   5 )=       0.000000   gamma___=       0.000000 meV  omega=    165.9419 meV   on_shell_Omega=    165.9419 meV  off_shell_Omega=    165.9419 meV
     lambda_tr(   5 )=       0.000000   gamma_tr=       0.000000 meV  omega=    165.9419 meV   on_shell_Omega=    165.9419 meV  off_shell_Omega=    165.9419 meV
     lambda___(   6 )=       0.000000   gamma___=       0.000000 meV  omega=    170.5417 meV   on_shell_Omega=    170.5417 meV  off_shell_Omega=    170.5417 meV
     lambda_tr(   6 )=       0.000000   gamma_tr=       0.000000 meV  omega=    170.5417 meV   on_shell_Omega=    170.5417 meV  off_shell_Omega=    170.5417 meV
     lambda___( tot )=       0.000000
     lambda_tr( tot )=       0.000000
     -------------------------------------------------------------------


     Number of (k,k+q) pairs on the Fermi surface:      158 out of      324


     ismear =     1 iq =     215 coord.:   0.61111  0.88889  0.00000 wt:   0.00309 Temp:  300.000K
     -------------------------------------------------------------------
     lambda___(   1 )=       0.000000   gamma___=       0.000000 meV  omega=     53.2899 meV   on_shell_Omega=     53.2899 meV  off_shell_Omega=     53.2899 meV
     lambda_tr(   1 )=       0.000000   gamma_tr=       0.000000 meV  omega=     53.2899 meV   on_shell_Omega=     53.2899 meV  off_shell_Omega=     53.2899 meV
     lambda___(   2 )=       0.000000   gamma___=       0.000000 meV  omega=     80.9301 meV   on_shell_Omega=     80.9301 meV  off_shell_Omega=     80.9301 meV
     lambda_tr(   2 )=       0.000000   gamma_tr=       0.000000 meV  omega=     80.9301 meV   on_shell_Omega=     80.9301 meV  off_shell_Omega=     80.9301 meV
     lambda___(   3 )=       0.000000   gamma___=       0.000000 meV  omega=     87.2212 meV   on_shell_Omega=     87.2212 meV  off_shell_Omega=     87.2212 meV
     lambda_tr(   3 )=       0.000000   gamma_tr=       0.000000 meV  omega=     87.2212 meV   on_shell_Omega=     87.2212 meV  off_shell_Omega=     87.2212 meV
     lambda___(   4 )=       0.000000   gamma___=       0.000000 meV  omega=    152.1278 meV   on_shell_Omega=    152.1278 meV  off_shell_Omega=    152.1278 meV
     lambda_tr(   4 )=       0.000000   gamma_tr=       0.000000 meV  omega=    152.1278 meV   on_shell_Omega=    152.1278 meV  off_shell_Omega=    152.1278 meV
     lambda___(   5 )=       0.000000   gamma___=       0.000000 meV  omega=    172.6987 meV   on_shell_Omega=    172.6987 meV  off_shell_Omega=    172.6987 meV
     lambda_tr(   5 )=       0.000000   gamma_tr=       0.000000 meV  omega=    172.6987 meV   on_shell_Omega=    172.6987 meV  off_shell_Omega=    172.6987 meV
     lambda___(   6 )=       0.000000   gamma___=       0.000000 meV  omega=    174.0168 meV   on_shell_Omega=    174.0168 meV  off_shell_Omega=    174.0168 meV
     lambda_tr(   6 )=       0.000000   gamma_tr=       0.000000 meV  omega=    174.0168 meV   on_shell_Omega=    174.0168 meV  off_shell_Omega=    174.0168 meV
     lambda___( tot )=       0.000000
     lambda_tr( tot )=       0.000000
     -------------------------------------------------------------------


     Number of (k,k+q) pairs on the Fermi surface:      151 out of      324


     ismear =     1 iq =     216 coord.:   0.61111  0.94444  0.00000 wt:   0.00309 Temp:  300.000K
     -------------------------------------------------------------------
     lambda___(   1 )=       0.000000   gamma___=       0.000000 meV  omega=     48.7209 meV   on_shell_Omega=     48.7210 meV  off_shell_Omega=     48.7210 meV
     lambda_tr(   1 )=       0.000000   gamma_tr=       0.000000 meV  omega=     48.7209 meV   on_shell_Omega=     48.7210 meV  off_shell_Omega=     48.7210 meV
     lambda___(   2 )=       0.000000   gamma___=       0.000000 meV  omega=     78.5229 meV   on_shell_Omega=     78.5229 meV  off_shell_Omega=     78.5229 meV
     lambda_tr(   2 )=       0.000000   gamma_tr=       0.000000 meV  omega=     78.5229 meV   on_shell_Omega=     78.5229 meV  off_shell_Omega=     78.5229 meV
     lambda___(   3 )=       0.000000   gamma___=       0.000000 meV  omega=     85.1887 meV   on_shell_Omega=     85.1887 meV  off_shell_Omega=     85.1887 meV
     lambda_tr(   3 )=       0.000000   gamma_tr=       0.000000 meV  omega=     85.1887 meV   on_shell_Omega=     85.1887 meV  off_shell_Omega=     85.1887 meV
     lambda___(   4 )=       0.000000   gamma___=       0.000000 meV  omega=    147.4393 meV   on_shell_Omega=    147.4393 meV  off_shell_Omega=    147.4393 meV
     lambda_tr(   4 )=       0.000000   gamma_tr=       0.000000 meV  omega=    147.4393 meV   on_shell_Omega=    147.4393 meV  off_shell_Omega=    147.4393 meV
     lambda___(   5 )=       0.000000   gamma___=       0.000000 meV  omega=    174.7024 meV   on_shell_Omega=    174.7024 meV  off_shell_Omega=    174.7024 meV
     lambda_tr(   5 )=       0.000000   gamma_tr=       0.000000 meV  omega=    174.7024 meV   on_shell_Omega=    174.7024 meV  off_shell_Omega=    174.7024 meV
     lambda___(   6 )=       0.000000   gamma___=       0.000000 meV  omega=    180.0388 meV   on_shell_Omega=    180.0388 meV  off_shell_Omega=    180.0388 meV
     lambda_tr(   6 )=       0.000000   gamma_tr=       0.000000 meV  omega=    180.0388 meV   on_shell_Omega=    180.0388 meV  off_shell_Omega=    180.0388 meV
     lambda___( tot )=       0.000000
     lambda_tr( tot )=       0.000000
     -------------------------------------------------------------------


     Number of (k,k+q) pairs on the Fermi surface:      153 out of      324


     ismear =     1 iq =     217 coord.:   0.66667  0.00000  0.00000 wt:   0.00309 Temp:  300.000K
     -------------------------------------------------------------------
     lambda___(   1 )=       0.000000   gamma___=       0.000000 meV  omega=     33.1569 meV   on_shell_Omega=     33.1569 meV  off_shell_Omega=     33.1569 meV
     lambda_tr(   1 )=       0.000000   gamma_tr=       0.000000 meV  omega=     33.1569 meV   on_shell_Omega=     33.1569 meV  off_shell_Omega=     33.1569 meV
     lambda___(   2 )=       0.000000   gamma___=       0.000000 meV  omega=     68.9140 meV   on_shell_Omega=     68.9140 meV  off_shell_Omega=     68.9140 meV
     lambda_tr(   2 )=       0.000000   gamma_tr=       0.000000 meV  omega=     68.9140 meV   on_shell_Omega=     68.9140 meV  off_shell_Omega=     68.9140 meV
     lambda___(   3 )=       0.000000   gamma___=       0.000000 meV  omega=     95.1326 meV   on_shell_Omega=     95.1326 meV  off_shell_Omega=     95.1326 meV
     lambda_tr(   3 )=       0.000000   gamma_tr=       0.000000 meV  omega=     95.1326 meV   on_shell_Omega=     95.1326 meV  off_shell_Omega=     95.1326 meV
     lambda___(   4 )=       0.000000   gamma___=       0.000000 meV  omega=    124.9307 meV   on_shell_Omega=    124.9307 meV  off_shell_Omega=    124.9307 meV
     lambda_tr(   4 )=       0.000000   gamma_tr=       0.000000 meV  omega=    124.9307 meV   on_shell_Omega=    124.9307 meV  off_shell_Omega=    124.9307 meV
     lambda___(   5 )=       0.000000   gamma___=       0.000000 meV  omega=    178.1962 meV   on_shell_Omega=    178.1962 meV  off_shell_Omega=    178.1962 meV
     lambda_tr(   5 )=       0.000000   gamma_tr=       0.000000 meV  omega=    178.1962 meV   on_shell_Omega=    178.1962 meV  off_shell_Omega=    178.1962 meV
     lambda___(   6 )=       0.000000   gamma___=       0.000000 meV  omega=    191.2648 meV   on_shell_Omega=    191.2648 meV  off_shell_Omega=    191.2648 meV
     lambda_tr(   6 )=       0.000000   gamma_tr=       0.000000 meV  omega=    191.2648 meV   on_shell_Omega=    191.2648 meV  off_shell_Omega=    191.2648 meV
     lambda___( tot )=       0.000000
     lambda_tr( tot )=       0.000000
     -------------------------------------------------------------------


     Number of (k,k+q) pairs on the Fermi surface:      168 out of      324


     ismear =     1 iq =     218 coord.:   0.66667  0.05556  0.00000 wt:   0.00309 Temp:  300.000K
     -------------------------------------------------------------------
     lambda___(   1 )=       0.000000   gamma___=       0.000000 meV  omega=     28.4016 meV   on_shell_Omega=     28.4016 meV  off_shell_Omega=     28.4016 meV
     lambda_tr(   1 )=       0.000000   gamma_tr=       0.000000 meV  omega=     28.4016 meV   on_shell_Omega=     28.4016 meV  off_shell_Omega=     28.4016 meV
     lambda___(   2 )=       0.000000   gamma___=       0.000000 meV  omega=     68.4499 meV   on_shell_Omega=     68.4499 meV  off_shell_Omega=     68.4499 meV
     lambda_tr(   2 )=       0.000000   gamma_tr=       0.000000 meV  omega=     68.4499 meV   on_shell_Omega=     68.4499 meV  off_shell_Omega=     68.4499 meV
     lambda___(   3 )=       0.000000   gamma___=       0.000000 meV  omega=     97.4271 meV   on_shell_Omega=     97.4271 meV  off_shell_Omega=     97.4271 meV
     lambda_tr(   3 )=       0.000000   gamma_tr=       0.000000 meV  omega=     97.4271 meV   on_shell_Omega=     97.4271 meV  off_shell_Omega=     97.4271 meV
     lambda___(   4 )=       0.000000   gamma___=       0.000000 meV  omega=    116.0823 meV   on_shell_Omega=    116.0823 meV  off_shell_Omega=    116.0823 meV
     lambda_tr(   4 )=       0.000000   gamma_tr=       0.000000 meV  omega=    116.0823 meV   on_shell_Omega=    116.0823 meV  off_shell_Omega=    116.0823 meV
     lambda___(   5 )=       0.000000   gamma___=       0.000000 meV  omega=    179.0260 meV   on_shell_Omega=    179.0260 meV  off_shell_Omega=    179.0260 meV
     lambda_tr(   5 )=       0.000000   gamma_tr=       0.000000 meV  omega=    179.0260 meV   on_shell_Omega=    179.0260 meV  off_shell_Omega=    179.0260 meV
     lambda___(   6 )=       0.000000   gamma___=       0.000000 meV  omega=    193.3977 meV   on_shell_Omega=    193.3978 meV  off_shell_Omega=    193.3978 meV
     lambda_tr(   6 )=       0.000000   gamma_tr=       0.000000 meV  omega=    193.3977 meV   on_shell_Omega=    193.3978 meV  off_shell_Omega=    193.3978 meV
     lambda___( tot )=       0.000000
     lambda_tr( tot )=       0.000000
     -------------------------------------------------------------------


     Number of (k,k+q) pairs on the Fermi surface:      179 out of      324


     ismear =     1 iq =     219 coord.:   0.66667  0.11111  0.00000 wt:   0.00309 Temp:  300.000K
     -------------------------------------------------------------------
     lambda___(   1 )=       0.000000   gamma___=       0.000000 meV  omega=     25.3433 meV   on_shell_Omega=     25.3433 meV  off_shell_Omega=     25.3433 meV
     lambda_tr(   1 )=       0.000000   gamma_tr=       0.000000 meV  omega=     25.3433 meV   on_shell_Omega=     25.3433 meV  off_shell_Omega=     25.3433 meV
     lambda___(   2 )=       0.000000   gamma___=       0.000000 meV  omega=     71.9168 meV   on_shell_Omega=     71.9168 meV  off_shell_Omega=     71.9168 meV
     lambda_tr(   2 )=       0.000000   gamma_tr=       0.000000 meV  omega=     71.9168 meV   on_shell_Omega=     71.9168 meV  off_shell_Omega=     71.9168 meV
     lambda___(   3 )=       0.000000   gamma___=       0.000000 meV  omega=     98.6933 meV   on_shell_Omega=     98.6933 meV  off_shell_Omega=     98.6933 meV
     lambda_tr(   3 )=       0.000000   gamma_tr=       0.000000 meV  omega=     98.6933 meV   on_shell_Omega=     98.6933 meV  off_shell_Omega=     98.6933 meV
     lambda___(   4 )=       0.000000   gamma___=       0.000000 meV  omega=    108.1034 meV   on_shell_Omega=    108.1034 meV  off_shell_Omega=    108.1034 meV
     lambda_tr(   4 )=       0.000000   gamma_tr=       0.000000 meV  omega=    108.1034 meV   on_shell_Omega=    108.1034 meV  off_shell_Omega=    108.1034 meV
     lambda___(   5 )=       0.000000   gamma___=       0.000000 meV  omega=    178.9943 meV   on_shell_Omega=    178.9943 meV  off_shell_Omega=    178.9943 meV
     lambda_tr(   5 )=       0.000000   gamma_tr=       0.000000 meV  omega=    178.9943 meV   on_shell_Omega=    178.9943 meV  off_shell_Omega=    178.9943 meV
     lambda___(   6 )=       0.000000   gamma___=       0.000000 meV  omega=    194.0722 meV   on_shell_Omega=    194.0722 meV  off_shell_Omega=    194.0722 meV
     lambda_tr(   6 )=       0.000000   gamma_tr=       0.000000 meV  omega=    194.0722 meV   on_shell_Omega=    194.0722 meV  off_shell_Omega=    194.0722 meV
     lambda___( tot )=       0.000000
     lambda_tr( tot )=       0.000000
     -------------------------------------------------------------------


     Number of (k,k+q) pairs on the Fermi surface:      186 out of      324


     ismear =     1 iq =     220 coord.:   0.66667  0.16667  0.00000 wt:   0.00309 Temp:  300.000K
     -------------------------------------------------------------------
     lambda___(   1 )=       0.000000   gamma___=       0.000000 meV  omega=     24.3343 meV   on_shell_Omega=     24.3343 meV  off_shell_Omega=     24.3343 meV
     lambda_tr(   1 )=       0.000000   gamma_tr=       0.000000 meV  omega=     24.3343 meV   on_shell_Omega=     24.3343 meV  off_shell_Omega=     24.3343 meV
     lambda___(   2 )=       0.000000   gamma___=       0.000000 meV  omega=     74.3972 meV   on_shell_Omega=     74.3972 meV  off_shell_Omega=     74.3972 meV
     lambda_tr(   2 )=       0.000000   gamma_tr=       0.000000 meV  omega=     74.3972 meV   on_shell_Omega=     74.3972 meV  off_shell_Omega=     74.3972 meV
     lambda___(   3 )=       0.000000   gamma___=       0.000000 meV  omega=     99.0822 meV   on_shell_Omega=     99.0822 meV  off_shell_Omega=     99.0822 meV
     lambda_tr(   3 )=       0.000000   gamma_tr=       0.000000 meV  omega=     99.0822 meV   on_shell_Omega=     99.0822 meV  off_shell_Omega=     99.0822 meV
     lambda___(   4 )=       0.000000   gamma___=       0.000000 meV  omega=    104.4304 meV   on_shell_Omega=    104.4304 meV  off_shell_Omega=    104.4304 meV
     lambda_tr(   4 )=       0.000000   gamma_tr=       0.000000 meV  omega=    104.4304 meV   on_shell_Omega=    104.4304 meV  off_shell_Omega=    104.4304 meV
     lambda___(   5 )=       0.000000   gamma___=       0.000000 meV  omega=    178.8251 meV   on_shell_Omega=    178.8251 meV  off_shell_Omega=    178.8251 meV
     lambda_tr(   5 )=       0.000000   gamma_tr=       0.000000 meV  omega=    178.8251 meV   on_shell_Omega=    178.8251 meV  off_shell_Omega=    178.8251 meV
     lambda___(   6 )=       0.000000   gamma___=       0.000000 meV  omega=    194.1346 meV   on_shell_Omega=    194.1346 meV  off_shell_Omega=    194.1346 meV
     lambda_tr(   6 )=       0.000000   gamma_tr=       0.000000 meV  omega=    194.1346 meV   on_shell_Omega=    194.1346 meV  off_shell_Omega=    194.1346 meV
     lambda___( tot )=       0.000000
     lambda_tr( tot )=       0.000000
     -------------------------------------------------------------------


     Number of (k,k+q) pairs on the Fermi surface:      187 out of      324


     ismear =     1 iq =     221 coord.:   0.66667  0.22222  0.00000 wt:   0.00309 Temp:  300.000K
     -------------------------------------------------------------------
     lambda___(   1 )=       0.000000   gamma___=       0.000000 meV  omega=     25.3433 meV   on_shell_Omega=     25.3433 meV  off_shell_Omega=     25.3433 meV
     lambda_tr(   1 )=       0.000000   gamma_tr=       0.000000 meV  omega=     25.3433 meV   on_shell_Omega=     25.3433 meV  off_shell_Omega=     25.3433 meV
     lambda___(   2 )=       0.000000   gamma___=       0.000000 meV  omega=     71.9168 meV   on_shell_Omega=     71.9168 meV  off_shell_Omega=     71.9168 meV
     lambda_tr(   2 )=       0.000000   gamma_tr=       0.000000 meV  omega=     71.9168 meV   on_shell_Omega=     71.9168 meV  off_shell_Omega=     71.9168 meV
     lambda___(   3 )=       0.000000   gamma___=       0.000000 meV  omega=     98.6933 meV   on_shell_Omega=     98.6933 meV  off_shell_Omega=     98.6933 meV
     lambda_tr(   3 )=       0.000000   gamma_tr=       0.000000 meV  omega=     98.6933 meV   on_shell_Omega=     98.6933 meV  off_shell_Omega=     98.6933 meV
     lambda___(   4 )=       0.000000   gamma___=       0.000000 meV  omega=    108.1034 meV   on_shell_Omega=    108.1034 meV  off_shell_Omega=    108.1034 meV
     lambda_tr(   4 )=       0.000000   gamma_tr=       0.000000 meV  omega=    108.1034 meV   on_shell_Omega=    108.1034 meV  off_shell_Omega=    108.1034 meV
     lambda___(   5 )=       0.000000   gamma___=       0.000000 meV  omega=    178.9943 meV   on_shell_Omega=    178.9943 meV  off_shell_Omega=    178.9943 meV
     lambda_tr(   5 )=       0.000000   gamma_tr=       0.000000 meV  omega=    178.9943 meV   on_shell_Omega=    178.9943 meV  off_shell_Omega=    178.9943 meV
     lambda___(   6 )=       0.000000   gamma___=       0.000000 meV  omega=    194.0722 meV   on_shell_Omega=    194.0722 meV  off_shell_Omega=    194.0722 meV
     lambda_tr(   6 )=       0.000000   gamma_tr=       0.000000 meV  omega=    194.0722 meV   on_shell_Omega=    194.0722 meV  off_shell_Omega=    194.0722 meV
     lambda___( tot )=       0.000000
     lambda_tr( tot )=       0.000000
     -------------------------------------------------------------------


     Number of (k,k+q) pairs on the Fermi surface:      182 out of      324


     ismear =     1 iq =     222 coord.:   0.66667  0.27778  0.00000 wt:   0.00309 Temp:  300.000K
     -------------------------------------------------------------------
     lambda___(   1 )=       0.000000   gamma___=       0.000000 meV  omega=     28.4016 meV   on_shell_Omega=     28.4016 meV  off_shell_Omega=     28.4016 meV
     lambda_tr(   1 )=       0.000000   gamma_tr=       0.000000 meV  omega=     28.4016 meV   on_shell_Omega=     28.4016 meV  off_shell_Omega=     28.4016 meV
     lambda___(   2 )=       0.000000   gamma___=       0.000000 meV  omega=     68.4499 meV   on_shell_Omega=     68.4499 meV  off_shell_Omega=     68.4499 meV
     lambda_tr(   2 )=       0.000000   gamma_tr=       0.000000 meV  omega=     68.4499 meV   on_shell_Omega=     68.4499 meV  off_shell_Omega=     68.4499 meV
     lambda___(   3 )=       0.000000   gamma___=       0.000000 meV  omega=     97.4271 meV   on_shell_Omega=     97.4271 meV  off_shell_Omega=     97.4271 meV
     lambda_tr(   3 )=       0.000000   gamma_tr=       0.000000 meV  omega=     97.4271 meV   on_shell_Omega=     97.4271 meV  off_shell_Omega=     97.4271 meV
     lambda___(   4 )=       0.000000   gamma___=       0.000000 meV  omega=    116.0823 meV   on_shell_Omega=    116.0824 meV  off_shell_Omega=    116.0824 meV
     lambda_tr(   4 )=       0.000000   gamma_tr=       0.000000 meV  omega=    116.0823 meV   on_shell_Omega=    116.0824 meV  off_shell_Omega=    116.0824 meV
     lambda___(   5 )=       0.000000   gamma___=       0.000000 meV  omega=    179.0260 meV   on_shell_Omega=    179.0260 meV  off_shell_Omega=    179.0260 meV
     lambda_tr(   5 )=       0.000000   gamma_tr=       0.000000 meV  omega=    179.0260 meV   on_shell_Omega=    179.0260 meV  off_shell_Omega=    179.0260 meV
     lambda___(   6 )=       0.000000   gamma___=       0.000000 meV  omega=    193.3977 meV   on_shell_Omega=    193.3977 meV  off_shell_Omega=    193.3977 meV
     lambda_tr(   6 )=       0.000000   gamma_tr=       0.000000 meV  omega=    193.3977 meV   on_shell_Omega=    193.3977 meV  off_shell_Omega=    193.3977 meV
     lambda___( tot )=       0.000000
     lambda_tr( tot )=       0.000000
     -------------------------------------------------------------------


     Number of (k,k+q) pairs on the Fermi surface:      177 out of      324


     ismear =     1 iq =     223 coord.:   0.66667  0.33333  0.00000 wt:   0.00309 Temp:  300.000K
     -------------------------------------------------------------------
     lambda___(   1 )=       0.000000   gamma___=       0.000000 meV  omega=     33.1569 meV   on_shell_Omega=     33.1569 meV  off_shell_Omega=     33.1569 meV
     lambda_tr(   1 )=       0.000000   gamma_tr=       0.000000 meV  omega=     33.1569 meV   on_shell_Omega=     33.1569 meV  off_shell_Omega=     33.1569 meV
     lambda___(   2 )=       0.000000   gamma___=       0.000000 meV  omega=     68.9140 meV   on_shell_Omega=     68.9140 meV  off_shell_Omega=     68.9140 meV
     lambda_tr(   2 )=       0.000000   gamma_tr=       0.000000 meV  omega=     68.9140 meV   on_shell_Omega=     68.9140 meV  off_shell_Omega=     68.9140 meV
     lambda___(   3 )=       0.000000   gamma___=       0.000000 meV  omega=     95.1326 meV   on_shell_Omega=     95.1326 meV  off_shell_Omega=     95.1326 meV
     lambda_tr(   3 )=       0.000000   gamma_tr=       0.000000 meV  omega=     95.1326 meV   on_shell_Omega=     95.1326 meV  off_shell_Omega=     95.1326 meV
     lambda___(   4 )=       0.000000   gamma___=       0.000000 meV  omega=    124.9307 meV   on_shell_Omega=    124.9307 meV  off_shell_Omega=    124.9307 meV
     lambda_tr(   4 )=       0.000000   gamma_tr=       0.000000 meV  omega=    124.9307 meV   on_shell_Omega=    124.9307 meV  off_shell_Omega=    124.9307 meV
     lambda___(   5 )=       0.000000   gamma___=       0.000000 meV  omega=    178.1962 meV   on_shell_Omega=    178.1962 meV  off_shell_Omega=    178.1962 meV
     lambda_tr(   5 )=       0.000000   gamma_tr=       0.000000 meV  omega=    178.1962 meV   on_shell_Omega=    178.1962 meV  off_shell_Omega=    178.1962 meV
     lambda___(   6 )=       0.000000   gamma___=       0.000000 meV  omega=    191.2648 meV   on_shell_Omega=    191.2648 meV  off_shell_Omega=    191.2648 meV
     lambda_tr(   6 )=       0.000000   gamma_tr=       0.000000 meV  omega=    191.2648 meV   on_shell_Omega=    191.2648 meV  off_shell_Omega=    191.2648 meV
     lambda___( tot )=       0.000000
     lambda_tr( tot )=       0.000000
     -------------------------------------------------------------------


     Number of (k,k+q) pairs on the Fermi surface:      171 out of      324


     ismear =     1 iq =     224 coord.:   0.66667  0.38889  0.00000 wt:   0.00309 Temp:  300.000K
     -------------------------------------------------------------------
     lambda___(   1 )=       0.000000   gamma___=       0.000000 meV  omega=     38.7155 meV   on_shell_Omega=     38.7155 meV  off_shell_Omega=     38.7155 meV
     lambda_tr(   1 )=       0.000000   gamma_tr=       0.000000 meV  omega=     38.7155 meV   on_shell_Omega=     38.7155 meV  off_shell_Omega=     38.7155 meV
     lambda___(   2 )=       0.000000   gamma___=       0.000000 meV  omega=     74.7040 meV   on_shell_Omega=     74.7040 meV  off_shell_Omega=     74.7040 meV
     lambda_tr(   2 )=       0.000000   gamma_tr=       0.000000 meV  omega=     74.7040 meV   on_shell_Omega=     74.7040 meV  off_shell_Omega=     74.7040 meV
     lambda___(   3 )=       0.000000   gamma___=       0.000000 meV  omega=     91.8159 meV   on_shell_Omega=     91.8159 meV  off_shell_Omega=     91.8159 meV
     lambda_tr(   3 )=       0.000000   gamma_tr=       0.000000 meV  omega=     91.8159 meV   on_shell_Omega=     91.8159 meV  off_shell_Omega=     91.8159 meV
     lambda___(   4 )=       0.000000   gamma___=       0.000000 meV  omega=    132.8626 meV   on_shell_Omega=    132.8626 meV  off_shell_Omega=    132.8626 meV
     lambda_tr(   4 )=       0.000000   gamma_tr=       0.000000 meV  omega=    132.8626 meV   on_shell_Omega=    132.8626 meV  off_shell_Omega=    132.8626 meV
     lambda___(   5 )=       0.000000   gamma___=       0.000000 meV  omega=    176.5052 meV   on_shell_Omega=    176.5052 meV  off_shell_Omega=    176.5052 meV
     lambda_tr(   5 )=       0.000000   gamma_tr=       0.000000 meV  omega=    176.5052 meV   on_shell_Omega=    176.5052 meV  off_shell_Omega=    176.5052 meV
     lambda___(   6 )=       0.000000   gamma___=       0.000000 meV  omega=    187.3742 meV   on_shell_Omega=    187.3742 meV  off_shell_Omega=    187.3742 meV
     lambda_tr(   6 )=       0.000000   gamma_tr=       0.000000 meV  omega=    187.3742 meV   on_shell_Omega=    187.3742 meV  off_shell_Omega=    187.3742 meV
     lambda___( tot )=       0.000000
     lambda_tr( tot )=       0.000000
     -------------------------------------------------------------------


     Number of (k,k+q) pairs on the Fermi surface:      164 out of      324


     ismear =     1 iq =     225 coord.:   0.66667  0.44444  0.00000 wt:   0.00309 Temp:  300.000K
     -------------------------------------------------------------------
     lambda___(   1 )=       0.000000   gamma___=       0.000000 meV  omega=     44.2899 meV   on_shell_Omega=     44.2899 meV  off_shell_Omega=     44.2899 meV
     lambda_tr(   1 )=       0.000000   gamma_tr=       0.000000 meV  omega=     44.2899 meV   on_shell_Omega=     44.2899 meV  off_shell_Omega=     44.2899 meV
     lambda___(   2 )=       0.000000   gamma___=       0.000000 meV  omega=     84.4905 meV   on_shell_Omega=     84.4905 meV  off_shell_Omega=     84.4905 meV
     lambda_tr(   2 )=       0.000000   gamma_tr=       0.000000 meV  omega=     84.4905 meV   on_shell_Omega=     84.4905 meV  off_shell_Omega=     84.4905 meV
     lambda___(   3 )=       0.000000   gamma___=       0.000000 meV  omega=     87.6263 meV   on_shell_Omega=     87.6263 meV  off_shell_Omega=     87.6263 meV
     lambda_tr(   3 )=       0.000000   gamma_tr=       0.000000 meV  omega=     87.6263 meV   on_shell_Omega=     87.6263 meV  off_shell_Omega=     87.6263 meV
     lambda___(   4 )=       0.000000   gamma___=       0.000000 meV  omega=    138.8833 meV   on_shell_Omega=    138.8833 meV  off_shell_Omega=    138.8833 meV
     lambda_tr(   4 )=       0.000000   gamma_tr=       0.000000 meV  omega=    138.8833 meV   on_shell_Omega=    138.8833 meV  off_shell_Omega=    138.8833 meV
     lambda___(   5 )=       0.000000   gamma___=       0.000000 meV  omega=    174.3908 meV   on_shell_Omega=    174.3908 meV  off_shell_Omega=    174.3908 meV
     lambda_tr(   5 )=       0.000000   gamma_tr=       0.000000 meV  omega=    174.3908 meV   on_shell_Omega=    174.3908 meV  off_shell_Omega=    174.3908 meV
     lambda___(   6 )=       0.000000   gamma___=       0.000000 meV  omega=    181.9601 meV   on_shell_Omega=    181.9601 meV  off_shell_Omega=    181.9601 meV
     lambda_tr(   6 )=       0.000000   gamma_tr=       0.000000 meV  omega=    181.9601 meV   on_shell_Omega=    181.9601 meV  off_shell_Omega=    181.9601 meV
     lambda___( tot )=       0.000000
     lambda_tr( tot )=       0.000000
     -------------------------------------------------------------------


     Number of (k,k+q) pairs on the Fermi surface:      166 out of      324


     ismear =     1 iq =     226 coord.:   0.66667  0.50000  0.00000 wt:   0.00309 Temp:  300.000K
     -------------------------------------------------------------------
     lambda___(   1 )=       0.000000   gamma___=       0.000000 meV  omega=     49.6179 meV   on_shell_Omega=     49.6179 meV  off_shell_Omega=     49.6179 meV
     lambda_tr(   1 )=       0.000000   gamma_tr=       0.000000 meV  omega=     49.6179 meV   on_shell_Omega=     49.6179 meV  off_shell_Omega=     49.6179 meV
     lambda___(   2 )=       0.000000   gamma___=       0.000000 meV  omega=     82.7207 meV   on_shell_Omega=     82.7207 meV  off_shell_Omega=     82.7207 meV
     lambda_tr(   2 )=       0.000000   gamma_tr=       0.000000 meV  omega=     82.7207 meV   on_shell_Omega=     82.7207 meV  off_shell_Omega=     82.7207 meV
     lambda___(   3 )=       0.000000   gamma___=       0.000000 meV  omega=     96.2760 meV   on_shell_Omega=     96.2760 meV  off_shell_Omega=     96.2760 meV
     lambda_tr(   3 )=       0.000000   gamma_tr=       0.000000 meV  omega=     96.2760 meV   on_shell_Omega=     96.2760 meV  off_shell_Omega=     96.2760 meV
     lambda___(   4 )=       0.000000   gamma___=       0.000000 meV  omega=    142.9427 meV   on_shell_Omega=    142.9427 meV  off_shell_Omega=    142.9427 meV
     lambda_tr(   4 )=       0.000000   gamma_tr=       0.000000 meV  omega=    142.9427 meV   on_shell_Omega=    142.9427 meV  off_shell_Omega=    142.9427 meV
     lambda___(   5 )=       0.000000   gamma___=       0.000000 meV  omega=    171.6981 meV   on_shell_Omega=    171.6981 meV  off_shell_Omega=    171.6981 meV
     lambda_tr(   5 )=       0.000000   gamma_tr=       0.000000 meV  omega=    171.6981 meV   on_shell_Omega=    171.6981 meV  off_shell_Omega=    171.6981 meV
     lambda___(   6 )=       0.000000   gamma___=       0.000000 meV  omega=    175.1952 meV   on_shell_Omega=    175.1952 meV  off_shell_Omega=    175.1952 meV
     lambda_tr(   6 )=       0.000000   gamma_tr=       0.000000 meV  omega=    175.1952 meV   on_shell_Omega=    175.1952 meV  off_shell_Omega=    175.1952 meV
     lambda___( tot )=       0.000000
     lambda_tr( tot )=       0.000000
     -------------------------------------------------------------------


     Number of (k,k+q) pairs on the Fermi surface:      168 out of      324


     ismear =     1 iq =     227 coord.:   0.66667  0.55556  0.00000 wt:   0.00309 Temp:  300.000K
     -------------------------------------------------------------------
     lambda___(   1 )=       0.000000   gamma___=       0.000000 meV  omega=     54.8290 meV   on_shell_Omega=     54.8290 meV  off_shell_Omega=     54.8290 meV
     lambda_tr(   1 )=       0.000000   gamma_tr=       0.000000 meV  omega=     54.8290 meV   on_shell_Omega=     54.8290 meV  off_shell_Omega=     54.8290 meV
     lambda___(   2 )=       0.000000   gamma___=       0.000000 meV  omega=     77.2561 meV   on_shell_Omega=     77.2561 meV  off_shell_Omega=     77.2561 meV
     lambda_tr(   2 )=       0.000000   gamma_tr=       0.000000 meV  omega=     77.2561 meV   on_shell_Omega=     77.2561 meV  off_shell_Omega=     77.2561 meV
     lambda___(   3 )=       0.000000   gamma___=       0.000000 meV  omega=    108.3679 meV   on_shell_Omega=    108.3679 meV  off_shell_Omega=    108.3679 meV
     lambda_tr(   3 )=       0.000000   gamma_tr=       0.000000 meV  omega=    108.3679 meV   on_shell_Omega=    108.3679 meV  off_shell_Omega=    108.3679 meV
     lambda___(   4 )=       0.000000   gamma___=       0.000000 meV  omega=    145.7388 meV   on_shell_Omega=    145.7388 meV  off_shell_Omega=    145.7388 meV
     lambda_tr(   4 )=       0.000000   gamma_tr=       0.000000 meV  omega=    145.7388 meV   on_shell_Omega=    145.7388 meV  off_shell_Omega=    145.7388 meV
     lambda___(   5 )=       0.000000   gamma___=       0.000000 meV  omega=    166.9095 meV   on_shell_Omega=    166.9095 meV  off_shell_Omega=    166.9095 meV
     lambda_tr(   5 )=       0.000000   gamma_tr=       0.000000 meV  omega=    166.9095 meV   on_shell_Omega=    166.9095 meV  off_shell_Omega=    166.9095 meV
     lambda___(   6 )=       0.000000   gamma___=       0.000000 meV  omega=    168.2258 meV   on_shell_Omega=    168.2258 meV  off_shell_Omega=    168.2258 meV
     lambda_tr(   6 )=       0.000000   gamma_tr=       0.000000 meV  omega=    168.2258 meV   on_shell_Omega=    168.2258 meV  off_shell_Omega=    168.2258 meV
     lambda___( tot )=       0.000000
     lambda_tr( tot )=       0.000000
     -------------------------------------------------------------------


     Number of (k,k+q) pairs on the Fermi surface:      173 out of      324


     ismear =     1 iq =     228 coord.:   0.66667  0.61111  0.00000 wt:   0.00309 Temp:  300.000K
     -------------------------------------------------------------------
     lambda___(   1 )=       0.000000   gamma___=       0.000000 meV  omega=     60.1446 meV   on_shell_Omega=     60.1446 meV  off_shell_Omega=     60.1446 meV
     lambda_tr(   1 )=       0.000000   gamma_tr=       0.000000 meV  omega=     60.1446 meV   on_shell_Omega=     60.1446 meV  off_shell_Omega=     60.1446 meV
     lambda___(   2 )=       0.000000   gamma___=       0.000000 meV  omega=     71.4801 meV   on_shell_Omega=     71.4802 meV  off_shell_Omega=     71.4802 meV
     lambda_tr(   2 )=       0.000000   gamma_tr=       0.000000 meV  omega=     71.4801 meV   on_shell_Omega=     71.4802 meV  off_shell_Omega=     71.4802 meV
     lambda___(   3 )=       0.000000   gamma___=       0.000000 meV  omega=    118.8951 meV   on_shell_Omega=    118.8951 meV  off_shell_Omega=    118.8951 meV
     lambda_tr(   3 )=       0.000000   gamma_tr=       0.000000 meV  omega=    118.8951 meV   on_shell_Omega=    118.8951 meV  off_shell_Omega=    118.8951 meV
     lambda___(   4 )=       0.000000   gamma___=       0.000000 meV  omega=    148.0962 meV   on_shell_Omega=    148.0962 meV  off_shell_Omega=    148.0962 meV
     lambda_tr(   4 )=       0.000000   gamma_tr=       0.000000 meV  omega=    148.0962 meV   on_shell_Omega=    148.0962 meV  off_shell_Omega=    148.0962 meV
     lambda___(   5 )=       0.000000   gamma___=       0.000000 meV  omega=    158.3023 meV   on_shell_Omega=    158.3023 meV  off_shell_Omega=    158.3023 meV
     lambda_tr(   5 )=       0.000000   gamma_tr=       0.000000 meV  omega=    158.3023 meV   on_shell_Omega=    158.3023 meV  off_shell_Omega=    158.3023 meV
     lambda___(   6 )=       0.000000   gamma___=       0.000000 meV  omega=    164.3264 meV   on_shell_Omega=    164.3264 meV  off_shell_Omega=    164.3264 meV
     lambda_tr(   6 )=       0.000000   gamma_tr=       0.000000 meV  omega=    164.3264 meV   on_shell_Omega=    164.3264 meV  off_shell_Omega=    164.3264 meV
     lambda___( tot )=       0.000000
     lambda_tr( tot )=       0.000000
     -------------------------------------------------------------------


     Number of (k,k+q) pairs on the Fermi surface:      171 out of      324


     ismear =     1 iq =     229 coord.:   0.66667  0.66667  0.00000 wt:   0.00309 Temp:  300.000K
     -------------------------------------------------------------------
     lambda___(   1 )=       0.000000   gamma___=       0.000000 meV  omega=     65.7037 meV   on_shell_Omega=     65.7037 meV  off_shell_Omega=     65.7037 meV
     lambda_tr(   1 )=       0.000000   gamma_tr=       0.000000 meV  omega=     65.7037 meV   on_shell_Omega=     65.7037 meV  off_shell_Omega=     65.7037 meV
     lambda___(   2 )=       0.000000   gamma___=       0.000000 meV  omega=     65.7037 meV   on_shell_Omega=     65.7037 meV  off_shell_Omega=     65.7037 meV
     lambda_tr(   2 )=       0.000000   gamma_tr=       0.000000 meV  omega=     65.7037 meV   on_shell_Omega=     65.7037 meV  off_shell_Omega=     65.7037 meV
     lambda___(   3 )=       0.000000   gamma___=       0.000000 meV  omega=    123.7953 meV   on_shell_Omega=    123.7953 meV  off_shell_Omega=    123.7953 meV
     lambda_tr(   3 )=       0.000000   gamma_tr=       0.000000 meV  omega=    123.7953 meV   on_shell_Omega=    123.7953 meV  off_shell_Omega=    123.7953 meV
     lambda___(   4 )=       0.000000   gamma___=       0.000000 meV  omega=    151.4825 meV   on_shell_Omega=    151.4825 meV  off_shell_Omega=    151.4825 meV
     lambda_tr(   4 )=       0.000000   gamma_tr=       0.000000 meV  omega=    151.4825 meV   on_shell_Omega=    151.4825 meV  off_shell_Omega=    151.4825 meV
     lambda___(   5 )=       0.000000   gamma___=       0.000000 meV  omega=    151.4825 meV   on_shell_Omega=    151.4825 meV  off_shell_Omega=    151.4825 meV
     lambda_tr(   5 )=       0.000000   gamma_tr=       0.000000 meV  omega=    151.4825 meV   on_shell_Omega=    151.4825 meV  off_shell_Omega=    151.4825 meV
     lambda___(   6 )=       0.000000   gamma___=       0.000000 meV  omega=    162.5749 meV   on_shell_Omega=    162.5749 meV  off_shell_Omega=    162.5749 meV
     lambda_tr(   6 )=       0.000000   gamma_tr=       0.000000 meV  omega=    162.5749 meV   on_shell_Omega=    162.5749 meV  off_shell_Omega=    162.5749 meV
     lambda___( tot )=       0.000000
     lambda_tr( tot )=       0.000000
     -------------------------------------------------------------------


     Number of (k,k+q) pairs on the Fermi surface:      168 out of      324


     ismear =     1 iq =     230 coord.:   0.66667  0.72222  0.00000 wt:   0.00309 Temp:  300.000K
     -------------------------------------------------------------------
     lambda___(   1 )=       0.000000   gamma___=       0.000000 meV  omega=     60.1446 meV   on_shell_Omega=     60.1446 meV  off_shell_Omega=     60.1446 meV
     lambda_tr(   1 )=       0.000000   gamma_tr=       0.000000 meV  omega=     60.1446 meV   on_shell_Omega=     60.1446 meV  off_shell_Omega=     60.1446 meV
     lambda___(   2 )=       0.000000   gamma___=       0.000000 meV  omega=     71.4801 meV   on_shell_Omega=     71.4802 meV  off_shell_Omega=     71.4802 meV
     lambda_tr(   2 )=       0.000000   gamma_tr=       0.000000 meV  omega=     71.4801 meV   on_shell_Omega=     71.4802 meV  off_shell_Omega=     71.4802 meV
     lambda___(   3 )=       0.000000   gamma___=       0.000000 meV  omega=    118.8951 meV   on_shell_Omega=    118.8951 meV  off_shell_Omega=    118.8951 meV
     lambda_tr(   3 )=       0.000000   gamma_tr=       0.000000 meV  omega=    118.8951 meV   on_shell_Omega=    118.8951 meV  off_shell_Omega=    118.8951 meV
     lambda___(   4 )=       0.000000   gamma___=       0.000000 meV  omega=    148.0962 meV   on_shell_Omega=    148.0962 meV  off_shell_Omega=    148.0962 meV
     lambda_tr(   4 )=       0.000000   gamma_tr=       0.000000 meV  omega=    148.0962 meV   on_shell_Omega=    148.0962 meV  off_shell_Omega=    148.0962 meV
     lambda___(   5 )=       0.000000   gamma___=       0.000000 meV  omega=    158.3023 meV   on_shell_Omega=    158.3023 meV  off_shell_Omega=    158.3023 meV
     lambda_tr(   5 )=       0.000000   gamma_tr=       0.000000 meV  omega=    158.3023 meV   on_shell_Omega=    158.3023 meV  off_shell_Omega=    158.3023 meV
     lambda___(   6 )=       0.000000   gamma___=       0.000000 meV  omega=    164.3264 meV   on_shell_Omega=    164.3264 meV  off_shell_Omega=    164.3264 meV
     lambda_tr(   6 )=       0.000000   gamma_tr=       0.000000 meV  omega=    164.3264 meV   on_shell_Omega=    164.3264 meV  off_shell_Omega=    164.3264 meV
     lambda___( tot )=       0.000000
     lambda_tr( tot )=       0.000000
     -------------------------------------------------------------------


     Number of (k,k+q) pairs on the Fermi surface:      163 out of      324


     ismear =     1 iq =     231 coord.:   0.66667  0.77778  0.00000 wt:   0.00309 Temp:  300.000K
     -------------------------------------------------------------------
     lambda___(   1 )=       0.000000   gamma___=       0.000000 meV  omega=     54.8290 meV   on_shell_Omega=     54.8290 meV  off_shell_Omega=     54.8290 meV
     lambda_tr(   1 )=       0.000000   gamma_tr=       0.000000 meV  omega=     54.8290 meV   on_shell_Omega=     54.8290 meV  off_shell_Omega=     54.8290 meV
     lambda___(   2 )=       0.000000   gamma___=       0.000000 meV  omega=     77.2561 meV   on_shell_Omega=     77.2561 meV  off_shell_Omega=     77.2561 meV
     lambda_tr(   2 )=       0.000000   gamma_tr=       0.000000 meV  omega=     77.2561 meV   on_shell_Omega=     77.2561 meV  off_shell_Omega=     77.2561 meV
     lambda___(   3 )=       0.000000   gamma___=       0.000000 meV  omega=    108.3679 meV   on_shell_Omega=    108.3679 meV  off_shell_Omega=    108.3679 meV
     lambda_tr(   3 )=       0.000000   gamma_tr=       0.000000 meV  omega=    108.3679 meV   on_shell_Omega=    108.3679 meV  off_shell_Omega=    108.3679 meV
     lambda___(   4 )=       0.000000   gamma___=       0.000000 meV  omega=    145.7388 meV   on_shell_Omega=    145.7388 meV  off_shell_Omega=    145.7388 meV
     lambda_tr(   4 )=       0.000000   gamma_tr=       0.000000 meV  omega=    145.7388 meV   on_shell_Omega=    145.7388 meV  off_shell_Omega=    145.7388 meV
     lambda___(   5 )=       0.000000   gamma___=       0.000000 meV  omega=    166.9095 meV   on_shell_Omega=    166.9095 meV  off_shell_Omega=    166.9095 meV
     lambda_tr(   5 )=       0.000000   gamma_tr=       0.000000 meV  omega=    166.9095 meV   on_shell_Omega=    166.9095 meV  off_shell_Omega=    166.9095 meV
     lambda___(   6 )=       0.000000   gamma___=       0.000000 meV  omega=    168.2258 meV   on_shell_Omega=    168.2258 meV  off_shell_Omega=    168.2258 meV
     lambda_tr(   6 )=       0.000000   gamma_tr=       0.000000 meV  omega=    168.2258 meV   on_shell_Omega=    168.2258 meV  off_shell_Omega=    168.2258 meV
     lambda___( tot )=       0.000000
     lambda_tr( tot )=       0.000000
     -------------------------------------------------------------------


     Number of (k,k+q) pairs on the Fermi surface:      159 out of      324


     ismear =     1 iq =     232 coord.:   0.66667  0.83333  0.00000 wt:   0.00309 Temp:  300.000K
     -------------------------------------------------------------------
     lambda___(   1 )=       0.000000   gamma___=       0.000000 meV  omega=     49.6179 meV   on_shell_Omega=     49.6179 meV  off_shell_Omega=     49.6179 meV
     lambda_tr(   1 )=       0.000000   gamma_tr=       0.000000 meV  omega=     49.6179 meV   on_shell_Omega=     49.6179 meV  off_shell_Omega=     49.6179 meV
     lambda___(   2 )=       0.000000   gamma___=       0.000000 meV  omega=     82.7207 meV   on_shell_Omega=     82.7207 meV  off_shell_Omega=     82.7207 meV
     lambda_tr(   2 )=       0.000000   gamma_tr=       0.000000 meV  omega=     82.7207 meV   on_shell_Omega=     82.7207 meV  off_shell_Omega=     82.7207 meV
     lambda___(   3 )=       0.000000   gamma___=       0.000000 meV  omega=     96.2760 meV   on_shell_Omega=     96.2760 meV  off_shell_Omega=     96.2760 meV
     lambda_tr(   3 )=       0.000000   gamma_tr=       0.000000 meV  omega=     96.2760 meV   on_shell_Omega=     96.2760 meV  off_shell_Omega=     96.2760 meV
     lambda___(   4 )=       0.000000   gamma___=       0.000000 meV  omega=    142.9427 meV   on_shell_Omega=    142.9427 meV  off_shell_Omega=    142.9427 meV
     lambda_tr(   4 )=       0.000000   gamma_tr=       0.000000 meV  omega=    142.9427 meV   on_shell_Omega=    142.9427 meV  off_shell_Omega=    142.9427 meV
     lambda___(   5 )=       0.000000   gamma___=       0.000000 meV  omega=    171.6981 meV   on_shell_Omega=    171.6981 meV  off_shell_Omega=    171.6981 meV
     lambda_tr(   5 )=       0.000000   gamma_tr=       0.000000 meV  omega=    171.6981 meV   on_shell_Omega=    171.6981 meV  off_shell_Omega=    171.6981 meV
     lambda___(   6 )=       0.000000   gamma___=       0.000000 meV  omega=    175.1952 meV   on_shell_Omega=    175.1952 meV  off_shell_Omega=    175.1952 meV
     lambda_tr(   6 )=       0.000000   gamma_tr=       0.000000 meV  omega=    175.1952 meV   on_shell_Omega=    175.1952 meV  off_shell_Omega=    175.1952 meV
     lambda___( tot )=       0.000000
     lambda_tr( tot )=       0.000000
     -------------------------------------------------------------------


     Number of (k,k+q) pairs on the Fermi surface:      155 out of      324


     ismear =     1 iq =     233 coord.:   0.66667  0.88889  0.00000 wt:   0.00309 Temp:  300.000K
     -------------------------------------------------------------------
     lambda___(   1 )=       0.000000   gamma___=       0.000000 meV  omega=     44.2899 meV   on_shell_Omega=     44.2899 meV  off_shell_Omega=     44.2899 meV
     lambda_tr(   1 )=       0.000000   gamma_tr=       0.000000 meV  omega=     44.2899 meV   on_shell_Omega=     44.2899 meV  off_shell_Omega=     44.2899 meV
     lambda___(   2 )=       0.000000   gamma___=       0.000000 meV  omega=     84.4905 meV   on_shell_Omega=     84.4905 meV  off_shell_Omega=     84.4905 meV
     lambda_tr(   2 )=       0.000000   gamma_tr=       0.000000 meV  omega=     84.4905 meV   on_shell_Omega=     84.4905 meV  off_shell_Omega=     84.4905 meV
     lambda___(   3 )=       0.000000   gamma___=       0.000000 meV  omega=     87.6263 meV   on_shell_Omega=     87.6263 meV  off_shell_Omega=     87.6263 meV
     lambda_tr(   3 )=       0.000000   gamma_tr=       0.000000 meV  omega=     87.6263 meV   on_shell_Omega=     87.6263 meV  off_shell_Omega=     87.6263 meV
     lambda___(   4 )=       0.000000   gamma___=       0.000000 meV  omega=    138.8833 meV   on_shell_Omega=    138.8833 meV  off_shell_Omega=    138.8833 meV
     lambda_tr(   4 )=       0.000000   gamma_tr=       0.000000 meV  omega=    138.8833 meV   on_shell_Omega=    138.8833 meV  off_shell_Omega=    138.8833 meV
     lambda___(   5 )=       0.000000   gamma___=       0.000000 meV  omega=    174.3908 meV   on_shell_Omega=    174.3908 meV  off_shell_Omega=    174.3908 meV
     lambda_tr(   5 )=       0.000000   gamma_tr=       0.000000 meV  omega=    174.3908 meV   on_shell_Omega=    174.3908 meV  off_shell_Omega=    174.3908 meV
     lambda___(   6 )=       0.000000   gamma___=       0.000000 meV  omega=    181.9601 meV   on_shell_Omega=    181.9601 meV  off_shell_Omega=    181.9601 meV
     lambda_tr(   6 )=       0.000000   gamma_tr=       0.000000 meV  omega=    181.9601 meV   on_shell_Omega=    181.9601 meV  off_shell_Omega=    181.9601 meV
     lambda___( tot )=       0.000000
     lambda_tr( tot )=       0.000000
     -------------------------------------------------------------------


     Number of (k,k+q) pairs on the Fermi surface:      153 out of      324


     ismear =     1 iq =     234 coord.:   0.66667  0.94444  0.00000 wt:   0.00309 Temp:  300.000K
     -------------------------------------------------------------------
     lambda___(   1 )=       0.000000   gamma___=       0.000000 meV  omega=     38.7155 meV   on_shell_Omega=     38.7155 meV  off_shell_Omega=     38.7155 meV
     lambda_tr(   1 )=       0.000000   gamma_tr=       0.000000 meV  omega=     38.7155 meV   on_shell_Omega=     38.7155 meV  off_shell_Omega=     38.7155 meV
     lambda___(   2 )=       0.000000   gamma___=       0.000000 meV  omega=     74.7040 meV   on_shell_Omega=     74.7040 meV  off_shell_Omega=     74.7040 meV
     lambda_tr(   2 )=       0.000000   gamma_tr=       0.000000 meV  omega=     74.7040 meV   on_shell_Omega=     74.7040 meV  off_shell_Omega=     74.7040 meV
     lambda___(   3 )=       0.000000   gamma___=       0.000000 meV  omega=     91.8159 meV   on_shell_Omega=     91.8159 meV  off_shell_Omega=     91.8159 meV
     lambda_tr(   3 )=       0.000000   gamma_tr=       0.000000 meV  omega=     91.8159 meV   on_shell_Omega=     91.8159 meV  off_shell_Omega=     91.8159 meV
     lambda___(   4 )=       0.000000   gamma___=       0.000000 meV  omega=    132.8626 meV   on_shell_Omega=    132.8626 meV  off_shell_Omega=    132.8626 meV
     lambda_tr(   4 )=       0.000000   gamma_tr=       0.000000 meV  omega=    132.8626 meV   on_shell_Omega=    132.8626 meV  off_shell_Omega=    132.8626 meV
     lambda___(   5 )=       0.000000   gamma___=       0.000000 meV  omega=    176.5052 meV   on_shell_Omega=    176.5052 meV  off_shell_Omega=    176.5052 meV
     lambda_tr(   5 )=       0.000000   gamma_tr=       0.000000 meV  omega=    176.5052 meV   on_shell_Omega=    176.5052 meV  off_shell_Omega=    176.5052 meV
     lambda___(   6 )=       0.000000   gamma___=       0.000000 meV  omega=    187.3742 meV   on_shell_Omega=    187.3742 meV  off_shell_Omega=    187.3742 meV
     lambda_tr(   6 )=       0.000000   gamma_tr=       0.000000 meV  omega=    187.3742 meV   on_shell_Omega=    187.3742 meV  off_shell_Omega=    187.3742 meV
     lambda___( tot )=       0.000000
     lambda_tr( tot )=       0.000000
     -------------------------------------------------------------------


     Number of (k,k+q) pairs on the Fermi surface:      158 out of      324


     ismear =     1 iq =     235 coord.:   0.72222  0.00000  0.00000 wt:   0.00309 Temp:  300.000K
     -------------------------------------------------------------------
     lambda___(   1 )=       0.000000   gamma___=       0.000000 meV  omega=     23.3984 meV   on_shell_Omega=     23.3984 meV  off_shell_Omega=     23.3984 meV
     lambda_tr(   1 )=       0.000000   gamma_tr=       0.000000 meV  omega=     23.3984 meV   on_shell_Omega=     23.3984 meV  off_shell_Omega=     23.3984 meV
     lambda___(   2 )=       0.000000   gamma___=       0.000000 meV  omega=     61.7277 meV   on_shell_Omega=     61.7277 meV  off_shell_Omega=     61.7277 meV
     lambda_tr(   2 )=       0.000000   gamma_tr=       0.000000 meV  omega=     61.7277 meV   on_shell_Omega=     61.7277 meV  off_shell_Omega=     61.7277 meV
     lambda___(   3 )=       0.000000   gamma___=       0.000000 meV  omega=     99.9253 meV   on_shell_Omega=     99.9253 meV  off_shell_Omega=     99.9253 meV
     lambda_tr(   3 )=       0.000000   gamma_tr=       0.000000 meV  omega=     99.9253 meV   on_shell_Omega=     99.9253 meV  off_shell_Omega=     99.9253 meV
     lambda___(   4 )=       0.000000   gamma___=       0.000000 meV  omega=    107.3435 meV   on_shell_Omega=    107.3435 meV  off_shell_Omega=    107.3435 meV
     lambda_tr(   4 )=       0.000000   gamma_tr=       0.000000 meV  omega=    107.3435 meV   on_shell_Omega=    107.3435 meV  off_shell_Omega=    107.3435 meV
     lambda___(   5 )=       0.000000   gamma___=       0.000000 meV  omega=    181.1272 meV   on_shell_Omega=    181.1272 meV  off_shell_Omega=    181.1272 meV
     lambda_tr(   5 )=       0.000000   gamma_tr=       0.000000 meV  omega=    181.1272 meV   on_shell_Omega=    181.1272 meV  off_shell_Omega=    181.1272 meV
     lambda___(   6 )=       0.000000   gamma___=       0.000000 meV  omega=    196.1455 meV   on_shell_Omega=    196.1455 meV  off_shell_Omega=    196.1455 meV
     lambda_tr(   6 )=       0.000000   gamma_tr=       0.000000 meV  omega=    196.1455 meV   on_shell_Omega=    196.1455 meV  off_shell_Omega=    196.1455 meV
     lambda___( tot )=       0.000000
     lambda_tr( tot )=       0.000000
     -------------------------------------------------------------------


     Number of (k,k+q) pairs on the Fermi surface:      175 out of      324


     ismear =     1 iq =     236 coord.:   0.72222  0.05556  0.00000 wt:   0.00309 Temp:  300.000K
     -------------------------------------------------------------------
     lambda___(   1 )=       0.000000   gamma___=       0.000000 meV  omega=     19.5400 meV   on_shell_Omega=     19.5400 meV  off_shell_Omega=     19.5400 meV
     lambda_tr(   1 )=       0.000000   gamma_tr=       0.000000 meV  omega=     19.5400 meV   on_shell_Omega=     19.5400 meV  off_shell_Omega=     19.5400 meV
     lambda___(   2 )=       0.000000   gamma___=       0.000000 meV  omega=     60.3940 meV   on_shell_Omega=     60.3940 meV  off_shell_Omega=     60.3940 meV
     lambda_tr(   2 )=       0.000000   gamma_tr=       0.000000 meV  omega=     60.3940 meV   on_shell_Omega=     60.3940 meV  off_shell_Omega=     60.3940 meV
     lambda___(   3 )=       0.000000   gamma___=       0.000000 meV  omega=     98.3190 meV   on_shell_Omega=     98.3190 meV  off_shell_Omega=     98.3190 meV
     lambda_tr(   3 )=       0.000000   gamma_tr=       0.000000 meV  omega=     98.3190 meV   on_shell_Omega=     98.3190 meV  off_shell_Omega=     98.3190 meV
     lambda___(   4 )=       0.000000   gamma___=       0.000000 meV  omega=    101.5207 meV   on_shell_Omega=    101.5207 meV  off_shell_Omega=    101.5207 meV
     lambda_tr(   4 )=       0.000000   gamma_tr=       0.000000 meV  omega=    101.5207 meV   on_shell_Omega=    101.5207 meV  off_shell_Omega=    101.5207 meV
     lambda___(   5 )=       0.000000   gamma___=       0.000000 meV  omega=    182.1843 meV   on_shell_Omega=    182.1843 meV  off_shell_Omega=    182.1843 meV
     lambda_tr(   5 )=       0.000000   gamma_tr=       0.000000 meV  omega=    182.1843 meV   on_shell_Omega=    182.1843 meV  off_shell_Omega=    182.1843 meV
     lambda___(   6 )=       0.000000   gamma___=       0.000000 meV  omega=    197.4430 meV   on_shell_Omega=    197.4430 meV  off_shell_Omega=    197.4430 meV
     lambda_tr(   6 )=       0.000000   gamma_tr=       0.000000 meV  omega=    197.4430 meV   on_shell_Omega=    197.4430 meV  off_shell_Omega=    197.4430 meV
     lambda___( tot )=       0.000000
     lambda_tr( tot )=       0.000000
     -------------------------------------------------------------------


     Number of (k,k+q) pairs on the Fermi surface:      186 out of      324


     ismear =     1 iq =     237 coord.:   0.72222  0.11111  0.00000 wt:   0.00309 Temp:  300.000K
     -------------------------------------------------------------------
     lambda___(   1 )=       0.000000   gamma___=       0.000000 meV  omega=     17.7028 meV   on_shell_Omega=     17.7028 meV  off_shell_Omega=     17.7028 meV
     lambda_tr(   1 )=       0.000000   gamma_tr=       0.000000 meV  omega=     17.7028 meV   on_shell_Omega=     17.7028 meV  off_shell_Omega=     17.7028 meV
     lambda___(   2 )=       0.000000   gamma___=       0.000000 meV  omega=     62.4083 meV   on_shell_Omega=     62.4083 meV  off_shell_Omega=     62.4083 meV
     lambda_tr(   2 )=       0.000000   gamma_tr=       0.000000 meV  omega=     62.4083 meV   on_shell_Omega=     62.4083 meV  off_shell_Omega=     62.4083 meV
     lambda___(   3 )=       0.000000   gamma___=       0.000000 meV  omega=     91.8465 meV   on_shell_Omega=     91.8465 meV  off_shell_Omega=     91.8465 meV
     lambda_tr(   3 )=       0.000000   gamma_tr=       0.000000 meV  omega=     91.8465 meV   on_shell_Omega=     91.8465 meV  off_shell_Omega=     91.8465 meV
     lambda___(   4 )=       0.000000   gamma___=       0.000000 meV  omega=    102.2360 meV   on_shell_Omega=    102.2360 meV  off_shell_Omega=    102.2360 meV
     lambda_tr(   4 )=       0.000000   gamma_tr=       0.000000 meV  omega=    102.2360 meV   on_shell_Omega=    102.2360 meV  off_shell_Omega=    102.2360 meV
     lambda___(   5 )=       0.000000   gamma___=       0.000000 meV  omega=    182.3859 meV   on_shell_Omega=    182.3859 meV  off_shell_Omega=    182.3859 meV
     lambda_tr(   5 )=       0.000000   gamma_tr=       0.000000 meV  omega=    182.3859 meV   on_shell_Omega=    182.3859 meV  off_shell_Omega=    182.3859 meV
     lambda___(   6 )=       0.000000   gamma___=       0.000000 meV  omega=    197.6820 meV   on_shell_Omega=    197.6820 meV  off_shell_Omega=    197.6820 meV
     lambda_tr(   6 )=       0.000000   gamma_tr=       0.000000 meV  omega=    197.6820 meV   on_shell_Omega=    197.6820 meV  off_shell_Omega=    197.6820 meV
     lambda___( tot )=       0.000000
     lambda_tr( tot )=       0.000000
     -------------------------------------------------------------------


     Number of (k,k+q) pairs on the Fermi surface:      192 out of      324


     ismear =     1 iq =     238 coord.:   0.72222  0.16667  0.00000 wt:   0.00309 Temp:  300.000K
     -------------------------------------------------------------------
     lambda___(   1 )=       0.000000   gamma___=       0.000000 meV  omega=     17.7028 meV   on_shell_Omega=     17.7028 meV  off_shell_Omega=     17.7028 meV
     lambda_tr(   1 )=       0.000000   gamma_tr=       0.000000 meV  omega=     17.7028 meV   on_shell_Omega=     17.7028 meV  off_shell_Omega=     17.7028 meV
     lambda___(   2 )=       0.000000   gamma___=       0.000000 meV  omega=     62.4083 meV   on_shell_Omega=     62.4083 meV  off_shell_Omega=     62.4083 meV
     lambda_tr(   2 )=       0.000000   gamma_tr=       0.000000 meV  omega=     62.4083 meV   on_shell_Omega=     62.4083 meV  off_shell_Omega=     62.4083 meV
     lambda___(   3 )=       0.000000   gamma___=       0.000000 meV  omega=     91.8465 meV   on_shell_Omega=     91.8465 meV  off_shell_Omega=     91.8465 meV
     lambda_tr(   3 )=       0.000000   gamma_tr=       0.000000 meV  omega=     91.8465 meV   on_shell_Omega=     91.8465 meV  off_shell_Omega=     91.8465 meV
     lambda___(   4 )=       0.000000   gamma___=       0.000000 meV  omega=    102.2360 meV   on_shell_Omega=    102.2360 meV  off_shell_Omega=    102.2360 meV
     lambda_tr(   4 )=       0.000000   gamma_tr=       0.000000 meV  omega=    102.2360 meV   on_shell_Omega=    102.2360 meV  off_shell_Omega=    102.2360 meV
     lambda___(   5 )=       0.000000   gamma___=       0.000000 meV  omega=    182.3859 meV   on_shell_Omega=    182.3859 meV  off_shell_Omega=    182.3859 meV
     lambda_tr(   5 )=       0.000000   gamma_tr=       0.000000 meV  omega=    182.3859 meV   on_shell_Omega=    182.3859 meV  off_shell_Omega=    182.3859 meV
     lambda___(   6 )=       0.000000   gamma___=       0.000000 meV  omega=    197.6820 meV   on_shell_Omega=    197.6820 meV  off_shell_Omega=    197.6820 meV
     lambda_tr(   6 )=       0.000000   gamma_tr=       0.000000 meV  omega=    197.6820 meV   on_shell_Omega=    197.6820 meV  off_shell_Omega=    197.6820 meV
     lambda___( tot )=       0.000000
     lambda_tr( tot )=       0.000000
     -------------------------------------------------------------------


     Number of (k,k+q) pairs on the Fermi surface:      189 out of      324


     ismear =     1 iq =     239 coord.:   0.72222  0.22222  0.00000 wt:   0.00309 Temp:  300.000K
     -------------------------------------------------------------------
     lambda___(   1 )=       0.000000   gamma___=       0.000000 meV  omega=     19.5400 meV   on_shell_Omega=     19.5400 meV  off_shell_Omega=     19.5400 meV
     lambda_tr(   1 )=       0.000000   gamma_tr=       0.000000 meV  omega=     19.5400 meV   on_shell_Omega=     19.5400 meV  off_shell_Omega=     19.5400 meV
     lambda___(   2 )=       0.000000   gamma___=       0.000000 meV  omega=     60.3940 meV   on_shell_Omega=     60.3940 meV  off_shell_Omega=     60.3940 meV
     lambda_tr(   2 )=       0.000000   gamma_tr=       0.000000 meV  omega=     60.3940 meV   on_shell_Omega=     60.3940 meV  off_shell_Omega=     60.3940 meV
     lambda___(   3 )=       0.000000   gamma___=       0.000000 meV  omega=     98.3190 meV   on_shell_Omega=     98.3190 meV  off_shell_Omega=     98.3190 meV
     lambda_tr(   3 )=       0.000000   gamma_tr=       0.000000 meV  omega=     98.3190 meV   on_shell_Omega=     98.3190 meV  off_shell_Omega=     98.3190 meV
     lambda___(   4 )=       0.000000   gamma___=       0.000000 meV  omega=    101.5207 meV   on_shell_Omega=    101.5207 meV  off_shell_Omega=    101.5207 meV
     lambda_tr(   4 )=       0.000000   gamma_tr=       0.000000 meV  omega=    101.5207 meV   on_shell_Omega=    101.5207 meV  off_shell_Omega=    101.5207 meV
     lambda___(   5 )=       0.000000   gamma___=       0.000000 meV  omega=    182.1843 meV   on_shell_Omega=    182.1843 meV  off_shell_Omega=    182.1843 meV
     lambda_tr(   5 )=       0.000000   gamma_tr=       0.000000 meV  omega=    182.1843 meV   on_shell_Omega=    182.1843 meV  off_shell_Omega=    182.1843 meV
     lambda___(   6 )=       0.000000   gamma___=       0.000000 meV  omega=    197.4430 meV   on_shell_Omega=    197.4430 meV  off_shell_Omega=    197.4430 meV
     lambda_tr(   6 )=       0.000000   gamma_tr=       0.000000 meV  omega=    197.4430 meV   on_shell_Omega=    197.4430 meV  off_shell_Omega=    197.4430 meV
     lambda___( tot )=       0.000000
     lambda_tr( tot )=       0.000000
     -------------------------------------------------------------------


     Number of (k,k+q) pairs on the Fermi surface:      182 out of      324


     ismear =     1 iq =     240 coord.:   0.72222  0.27778  0.00000 wt:   0.00309 Temp:  300.000K
     -------------------------------------------------------------------
     lambda___(   1 )=       0.000000   gamma___=       0.000000 meV  omega=     23.3984 meV   on_shell_Omega=     23.3984 meV  off_shell_Omega=     23.3984 meV
     lambda_tr(   1 )=       0.000000   gamma_tr=       0.000000 meV  omega=     23.3984 meV   on_shell_Omega=     23.3984 meV  off_shell_Omega=     23.3984 meV
     lambda___(   2 )=       0.000000   gamma___=       0.000000 meV  omega=     61.7277 meV   on_shell_Omega=     61.7277 meV  off_shell_Omega=     61.7277 meV
     lambda_tr(   2 )=       0.000000   gamma_tr=       0.000000 meV  omega=     61.7277 meV   on_shell_Omega=     61.7277 meV  off_shell_Omega=     61.7277 meV
     lambda___(   3 )=       0.000000   gamma___=       0.000000 meV  omega=     99.9253 meV   on_shell_Omega=     99.9253 meV  off_shell_Omega=     99.9253 meV
     lambda_tr(   3 )=       0.000000   gamma_tr=       0.000000 meV  omega=     99.9253 meV   on_shell_Omega=     99.9253 meV  off_shell_Omega=     99.9253 meV
     lambda___(   4 )=       0.000000   gamma___=       0.000000 meV  omega=    107.3435 meV   on_shell_Omega=    107.3435 meV  off_shell_Omega=    107.3435 meV
     lambda_tr(   4 )=       0.000000   gamma_tr=       0.000000 meV  omega=    107.3435 meV   on_shell_Omega=    107.3435 meV  off_shell_Omega=    107.3435 meV
     lambda___(   5 )=       0.000000   gamma___=       0.000000 meV  omega=    181.1272 meV   on_shell_Omega=    181.1272 meV  off_shell_Omega=    181.1272 meV
     lambda_tr(   5 )=       0.000000   gamma_tr=       0.000000 meV  omega=    181.1272 meV   on_shell_Omega=    181.1272 meV  off_shell_Omega=    181.1272 meV
     lambda___(   6 )=       0.000000   gamma___=       0.000000 meV  omega=    196.1455 meV   on_shell_Omega=    196.1455 meV  off_shell_Omega=    196.1455 meV
     lambda_tr(   6 )=       0.000000   gamma_tr=       0.000000 meV  omega=    196.1455 meV   on_shell_Omega=    196.1455 meV  off_shell_Omega=    196.1455 meV
     lambda___( tot )=       0.000000
     lambda_tr( tot )=       0.000000
     -------------------------------------------------------------------


     Number of (k,k+q) pairs on the Fermi surface:      176 out of      324


     ismear =     1 iq =     241 coord.:   0.72222  0.33333  0.00000 wt:   0.00309 Temp:  300.000K
     -------------------------------------------------------------------
     lambda___(   1 )=       0.000000   gamma___=       0.000000 meV  omega=     28.7398 meV   on_shell_Omega=     28.7398 meV  off_shell_Omega=     28.7398 meV
     lambda_tr(   1 )=       0.000000   gamma_tr=       0.000000 meV  omega=     28.7398 meV   on_shell_Omega=     28.7398 meV  off_shell_Omega=     28.7398 meV
     lambda___(   2 )=       0.000000   gamma___=       0.000000 meV  omega=     68.6092 meV   on_shell_Omega=     68.6092 meV  off_shell_Omega=     68.6092 meV
     lambda_tr(   2 )=       0.000000   gamma_tr=       0.000000 meV  omega=     68.6092 meV   on_shell_Omega=     68.6092 meV  off_shell_Omega=     68.6092 meV
     lambda___(   3 )=       0.000000   gamma___=       0.000000 meV  omega=     97.3279 meV   on_shell_Omega=     97.3279 meV  off_shell_Omega=     97.3279 meV
     lambda_tr(   3 )=       0.000000   gamma_tr=       0.000000 meV  omega=     97.3279 meV   on_shell_Omega=     97.3279 meV  off_shell_Omega=     97.3279 meV
     lambda___(   4 )=       0.000000   gamma___=       0.000000 meV  omega=    116.4460 meV   on_shell_Omega=    116.4460 meV  off_shell_Omega=    116.4460 meV
     lambda_tr(   4 )=       0.000000   gamma_tr=       0.000000 meV  omega=    116.4460 meV   on_shell_Omega=    116.4460 meV  off_shell_Omega=    116.4460 meV
     lambda___(   5 )=       0.000000   gamma___=       0.000000 meV  omega=    178.9712 meV   on_shell_Omega=    178.9713 meV  off_shell_Omega=    178.9713 meV
     lambda_tr(   5 )=       0.000000   gamma_tr=       0.000000 meV  omega=    178.9712 meV   on_shell_Omega=    178.9713 meV  off_shell_Omega=    178.9713 meV
     lambda___(   6 )=       0.000000   gamma___=       0.000000 meV  omega=    193.1732 meV   on_shell_Omega=    193.1732 meV  off_shell_Omega=    193.1732 meV
     lambda_tr(   6 )=       0.000000   gamma_tr=       0.000000 meV  omega=    193.1732 meV   on_shell_Omega=    193.1732 meV  off_shell_Omega=    193.1732 meV
     lambda___( tot )=       0.000000
     lambda_tr( tot )=       0.000000
     -------------------------------------------------------------------


     Number of (k,k+q) pairs on the Fermi surface:      167 out of      324


     ismear =     1 iq =     242 coord.:   0.72222  0.38889  0.00000 wt:   0.00309 Temp:  300.000K
     -------------------------------------------------------------------
     lambda___(   1 )=       0.000000   gamma___=       0.000000 meV  omega=     34.6959 meV   on_shell_Omega=     34.6959 meV  off_shell_Omega=     34.6959 meV
     lambda_tr(   1 )=       0.000000   gamma_tr=       0.000000 meV  omega=     34.6959 meV   on_shell_Omega=     34.6959 meV  off_shell_Omega=     34.6959 meV
     lambda___(   2 )=       0.000000   gamma___=       0.000000 meV  omega=     79.5020 meV   on_shell_Omega=     79.5021 meV  off_shell_Omega=     79.5021 meV
     lambda_tr(   2 )=       0.000000   gamma_tr=       0.000000 meV  omega=     79.5020 meV   on_shell_Omega=     79.5021 meV  off_shell_Omega=     79.5021 meV
     lambda___(   3 )=       0.000000   gamma___=       0.000000 meV  omega=     93.7434 meV   on_shell_Omega=     93.7434 meV  off_shell_Omega=     93.7434 meV
     lambda_tr(   3 )=       0.000000   gamma_tr=       0.000000 meV  omega=     93.7434 meV   on_shell_Omega=     93.7434 meV  off_shell_Omega=     93.7434 meV
     lambda___(   4 )=       0.000000   gamma___=       0.000000 meV  omega=    124.2255 meV   on_shell_Omega=    124.2255 meV  off_shell_Omega=    124.2255 meV
     lambda_tr(   4 )=       0.000000   gamma_tr=       0.000000 meV  omega=    124.2255 meV   on_shell_Omega=    124.2255 meV  off_shell_Omega=    124.2255 meV
     lambda___(   5 )=       0.000000   gamma___=       0.000000 meV  omega=    176.3094 meV   on_shell_Omega=    176.3094 meV  off_shell_Omega=    176.3094 meV
     lambda_tr(   5 )=       0.000000   gamma_tr=       0.000000 meV  omega=    176.3094 meV   on_shell_Omega=    176.3094 meV  off_shell_Omega=    176.3094 meV
     lambda___(   6 )=       0.000000   gamma___=       0.000000 meV  omega=    188.6292 meV   on_shell_Omega=    188.6292 meV  off_shell_Omega=    188.6292 meV
     lambda_tr(   6 )=       0.000000   gamma_tr=       0.000000 meV  omega=    188.6292 meV   on_shell_Omega=    188.6292 meV  off_shell_Omega=    188.6292 meV
     lambda___( tot )=       0.000000
     lambda_tr( tot )=       0.000000
     -------------------------------------------------------------------


     Number of (k,k+q) pairs on the Fermi surface:      166 out of      324


     ismear =     1 iq =     243 coord.:   0.72222  0.44444  0.00000 wt:   0.00309 Temp:  300.000K
     -------------------------------------------------------------------
     lambda___(   1 )=       0.000000   gamma___=       0.000000 meV  omega=     40.8462 meV   on_shell_Omega=     40.8462 meV  off_shell_Omega=     40.8462 meV
     lambda_tr(   1 )=       0.000000   gamma_tr=       0.000000 meV  omega=     40.8462 meV   on_shell_Omega=     40.8462 meV  off_shell_Omega=     40.8462 meV
     lambda___(   2 )=       0.000000   gamma___=       0.000000 meV  omega=     89.2165 meV   on_shell_Omega=     89.2165 meV  off_shell_Omega=     89.2165 meV
     lambda_tr(   2 )=       0.000000   gamma_tr=       0.000000 meV  omega=     89.2165 meV   on_shell_Omega=     89.2165 meV  off_shell_Omega=     89.2165 meV
     lambda___(   3 )=       0.000000   gamma___=       0.000000 meV  omega=     91.9181 meV   on_shell_Omega=     91.9181 meV  off_shell_Omega=     91.9181 meV
     lambda_tr(   3 )=       0.000000   gamma_tr=       0.000000 meV  omega=     91.9181 meV   on_shell_Omega=     91.9181 meV  off_shell_Omega=     91.9181 meV
     lambda___(   4 )=       0.000000   gamma___=       0.000000 meV  omega=    130.2771 meV   on_shell_Omega=    130.2771 meV  off_shell_Omega=    130.2771 meV
     lambda_tr(   4 )=       0.000000   gamma_tr=       0.000000 meV  omega=    130.2771 meV   on_shell_Omega=    130.2771 meV  off_shell_Omega=    130.2771 meV
     lambda___(   5 )=       0.000000   gamma___=       0.000000 meV  omega=    173.6348 meV   on_shell_Omega=    173.6348 meV  off_shell_Omega=    173.6348 meV
     lambda_tr(   5 )=       0.000000   gamma_tr=       0.000000 meV  omega=    173.6348 meV   on_shell_Omega=    173.6348 meV  off_shell_Omega=    173.6348 meV
     lambda___(   6 )=       0.000000   gamma___=       0.000000 meV  omega=    182.8022 meV   on_shell_Omega=    182.8022 meV  off_shell_Omega=    182.8022 meV
     lambda_tr(   6 )=       0.000000   gamma_tr=       0.000000 meV  omega=    182.8022 meV   on_shell_Omega=    182.8022 meV  off_shell_Omega=    182.8022 meV
     lambda___( tot )=       0.000000
     lambda_tr( tot )=       0.000000
     -------------------------------------------------------------------


     Number of (k,k+q) pairs on the Fermi surface:      165 out of      324


     ismear =     1 iq =     244 coord.:   0.72222  0.50000  0.00000 wt:   0.00309 Temp:  300.000K
     -------------------------------------------------------------------
     lambda___(   1 )=       0.000000   gamma___=       0.000000 meV  omega=     47.2450 meV   on_shell_Omega=     47.2450 meV  off_shell_Omega=     47.2450 meV
     lambda_tr(   1 )=       0.000000   gamma_tr=       0.000000 meV  omega=     47.2450 meV   on_shell_Omega=     47.2450 meV  off_shell_Omega=     47.2450 meV
     lambda___(   2 )=       0.000000   gamma___=       0.000000 meV  omega=     83.7590 meV   on_shell_Omega=     83.7590 meV  off_shell_Omega=     83.7590 meV
     lambda_tr(   2 )=       0.000000   gamma_tr=       0.000000 meV  omega=     83.7590 meV   on_shell_Omega=     83.7590 meV  off_shell_Omega=     83.7590 meV
     lambda___(   3 )=       0.000000   gamma___=       0.000000 meV  omega=    103.8340 meV   on_shell_Omega=    103.8340 meV  off_shell_Omega=    103.8340 meV
     lambda_tr(   3 )=       0.000000   gamma_tr=       0.000000 meV  omega=    103.8340 meV   on_shell_Omega=    103.8340 meV  off_shell_Omega=    103.8340 meV
     lambda___(   4 )=       0.000000   gamma___=       0.000000 meV  omega=    135.4369 meV   on_shell_Omega=    135.4369 meV  off_shell_Omega=    135.4369 meV
     lambda_tr(   4 )=       0.000000   gamma_tr=       0.000000 meV  omega=    135.4369 meV   on_shell_Omega=    135.4369 meV  off_shell_Omega=    135.4369 meV
     lambda___(   5 )=       0.000000   gamma___=       0.000000 meV  omega=    170.5843 meV   on_shell_Omega=    170.5843 meV  off_shell_Omega=    170.5843 meV
     lambda_tr(   5 )=       0.000000   gamma_tr=       0.000000 meV  omega=    170.5843 meV   on_shell_Omega=    170.5843 meV  off_shell_Omega=    170.5843 meV
     lambda___(   6 )=       0.000000   gamma___=       0.000000 meV  omega=    175.6638 meV   on_shell_Omega=    175.6638 meV  off_shell_Omega=    175.6638 meV
     lambda_tr(   6 )=       0.000000   gamma_tr=       0.000000 meV  omega=    175.6638 meV   on_shell_Omega=    175.6638 meV  off_shell_Omega=    175.6638 meV
     lambda___( tot )=       0.000000
     lambda_tr( tot )=       0.000000
     -------------------------------------------------------------------


     Number of (k,k+q) pairs on the Fermi surface:      168 out of      324


     ismear =     1 iq =     245 coord.:   0.72222  0.55556  0.00000 wt:   0.00309 Temp:  300.000K
     -------------------------------------------------------------------
     lambda___(   1 )=       0.000000   gamma___=       0.000000 meV  omega=     53.9564 meV   on_shell_Omega=     53.9564 meV  off_shell_Omega=     53.9564 meV
     lambda_tr(   1 )=       0.000000   gamma_tr=       0.000000 meV  omega=     53.9564 meV   on_shell_Omega=     53.9564 meV  off_shell_Omega=     53.9564 meV
     lambda___(   2 )=       0.000000   gamma___=       0.000000 meV  omega=     77.5143 meV   on_shell_Omega=     77.5143 meV  off_shell_Omega=     77.5143 meV
     lambda_tr(   2 )=       0.000000   gamma_tr=       0.000000 meV  omega=     77.5143 meV   on_shell_Omega=     77.5143 meV  off_shell_Omega=     77.5143 meV
     lambda___(   3 )=       0.000000   gamma___=       0.000000 meV  omega=    113.4961 meV   on_shell_Omega=    113.4961 meV  off_shell_Omega=    113.4961 meV
     lambda_tr(   3 )=       0.000000   gamma_tr=       0.000000 meV  omega=    113.4961 meV   on_shell_Omega=    113.4961 meV  off_shell_Omega=    113.4961 meV
     lambda___(   4 )=       0.000000   gamma___=       0.000000 meV  omega=    141.0916 meV   on_shell_Omega=    141.0916 meV  off_shell_Omega=    141.0916 meV
     lambda_tr(   4 )=       0.000000   gamma_tr=       0.000000 meV  omega=    141.0916 meV   on_shell_Omega=    141.0916 meV  off_shell_Omega=    141.0916 meV
     lambda___(   5 )=       0.000000   gamma___=       0.000000 meV  omega=    166.9412 meV   on_shell_Omega=    166.9412 meV  off_shell_Omega=    166.9412 meV
     lambda_tr(   5 )=       0.000000   gamma_tr=       0.000000 meV  omega=    166.9412 meV   on_shell_Omega=    166.9412 meV  off_shell_Omega=    166.9412 meV
     lambda___(   6 )=       0.000000   gamma___=       0.000000 meV  omega=    167.2862 meV   on_shell_Omega=    167.2863 meV  off_shell_Omega=    167.2863 meV
     lambda_tr(   6 )=       0.000000   gamma_tr=       0.000000 meV  omega=    167.2862 meV   on_shell_Omega=    167.2863 meV  off_shell_Omega=    167.2863 meV
     lambda___( tot )=       0.000000
     lambda_tr( tot )=       0.000000
     -------------------------------------------------------------------


     Number of (k,k+q) pairs on the Fermi surface:      167 out of      324


     ismear =     1 iq =     246 coord.:   0.72222  0.61111  0.00000 wt:   0.00309 Temp:  300.000K
     -------------------------------------------------------------------
     lambda___(   1 )=       0.000000   gamma___=       0.000000 meV  omega=     60.2921 meV   on_shell_Omega=     60.2921 meV  off_shell_Omega=     60.2921 meV
     lambda_tr(   1 )=       0.000000   gamma_tr=       0.000000 meV  omega=     60.2921 meV   on_shell_Omega=     60.2921 meV  off_shell_Omega=     60.2921 meV
     lambda___(   2 )=       0.000000   gamma___=       0.000000 meV  omega=     71.3558 meV   on_shell_Omega=     71.3558 meV  off_shell_Omega=     71.3558 meV
     lambda_tr(   2 )=       0.000000   gamma_tr=       0.000000 meV  omega=     71.3558 meV   on_shell_Omega=     71.3558 meV  off_shell_Omega=     71.3558 meV
     lambda___(   3 )=       0.000000   gamma___=       0.000000 meV  omega=    119.0652 meV   on_shell_Omega=    119.0652 meV  off_shell_Omega=    119.0652 meV
     lambda_tr(   3 )=       0.000000   gamma_tr=       0.000000 meV  omega=    119.0652 meV   on_shell_Omega=    119.0652 meV  off_shell_Omega=    119.0652 meV
     lambda___(   4 )=       0.000000   gamma___=       0.000000 meV  omega=    147.9992 meV   on_shell_Omega=    147.9992 meV  off_shell_Omega=    147.9992 meV
     lambda_tr(   4 )=       0.000000   gamma_tr=       0.000000 meV  omega=    147.9992 meV   on_shell_Omega=    147.9992 meV  off_shell_Omega=    147.9992 meV
     lambda___(   5 )=       0.000000   gamma___=       0.000000 meV  omega=    158.3383 meV   on_shell_Omega=    158.3383 meV  off_shell_Omega=    158.3383 meV
     lambda_tr(   5 )=       0.000000   gamma_tr=       0.000000 meV  omega=    158.3383 meV   on_shell_Omega=    158.3383 meV  off_shell_Omega=    158.3383 meV
     lambda___(   6 )=       0.000000   gamma___=       0.000000 meV  omega=    164.2559 meV   on_shell_Omega=    164.2559 meV  off_shell_Omega=    164.2559 meV
     lambda_tr(   6 )=       0.000000   gamma_tr=       0.000000 meV  omega=    164.2559 meV   on_shell_Omega=    164.2559 meV  off_shell_Omega=    164.2559 meV
     lambda___( tot )=       0.000000
     lambda_tr( tot )=       0.000000
     -------------------------------------------------------------------


     Number of (k,k+q) pairs on the Fermi surface:      168 out of      324


     ismear =     1 iq =     247 coord.:   0.72222  0.66667  0.00000 wt:   0.00309 Temp:  300.000K
     -------------------------------------------------------------------
     lambda___(   1 )=       0.000000   gamma___=       0.000000 meV  omega=     60.2921 meV   on_shell_Omega=     60.2921 meV  off_shell_Omega=     60.2921 meV
     lambda_tr(   1 )=       0.000000   gamma_tr=       0.000000 meV  omega=     60.2921 meV   on_shell_Omega=     60.2921 meV  off_shell_Omega=     60.2921 meV
     lambda___(   2 )=       0.000000   gamma___=       0.000000 meV  omega=     71.3558 meV   on_shell_Omega=     71.3558 meV  off_shell_Omega=     71.3558 meV
     lambda_tr(   2 )=       0.000000   gamma_tr=       0.000000 meV  omega=     71.3558 meV   on_shell_Omega=     71.3558 meV  off_shell_Omega=     71.3558 meV
     lambda___(   3 )=       0.000000   gamma___=       0.000000 meV  omega=    119.0652 meV   on_shell_Omega=    119.0652 meV  off_shell_Omega=    119.0652 meV
     lambda_tr(   3 )=       0.000000   gamma_tr=       0.000000 meV  omega=    119.0652 meV   on_shell_Omega=    119.0652 meV  off_shell_Omega=    119.0652 meV
     lambda___(   4 )=       0.000000   gamma___=       0.000000 meV  omega=    147.9992 meV   on_shell_Omega=    147.9992 meV  off_shell_Omega=    147.9992 meV
     lambda_tr(   4 )=       0.000000   gamma_tr=       0.000000 meV  omega=    147.9992 meV   on_shell_Omega=    147.9992 meV  off_shell_Omega=    147.9992 meV
     lambda___(   5 )=       0.000000   gamma___=       0.000000 meV  omega=    158.3383 meV   on_shell_Omega=    158.3383 meV  off_shell_Omega=    158.3383 meV
     lambda_tr(   5 )=       0.000000   gamma_tr=       0.000000 meV  omega=    158.3383 meV   on_shell_Omega=    158.3383 meV  off_shell_Omega=    158.3383 meV
     lambda___(   6 )=       0.000000   gamma___=       0.000000 meV  omega=    164.2559 meV   on_shell_Omega=    164.2559 meV  off_shell_Omega=    164.2559 meV
     lambda_tr(   6 )=       0.000000   gamma_tr=       0.000000 meV  omega=    164.2559 meV   on_shell_Omega=    164.2559 meV  off_shell_Omega=    164.2559 meV
     lambda___( tot )=       0.000000
     lambda_tr( tot )=       0.000000
     -------------------------------------------------------------------


     Number of (k,k+q) pairs on the Fermi surface:      163 out of      324


     ismear =     1 iq =     248 coord.:   0.72222  0.72222  0.00000 wt:   0.00309 Temp:  300.000K
     -------------------------------------------------------------------
     lambda___(   1 )=       0.000000   gamma___=       0.000000 meV  omega=     53.9564 meV   on_shell_Omega=     53.9564 meV  off_shell_Omega=     53.9564 meV
     lambda_tr(   1 )=       0.000000   gamma_tr=       0.000000 meV  omega=     53.9564 meV   on_shell_Omega=     53.9564 meV  off_shell_Omega=     53.9564 meV
     lambda___(   2 )=       0.000000   gamma___=       0.000000 meV  omega=     77.5143 meV   on_shell_Omega=     77.5143 meV  off_shell_Omega=     77.5143 meV
     lambda_tr(   2 )=       0.000000   gamma_tr=       0.000000 meV  omega=     77.5143 meV   on_shell_Omega=     77.5143 meV  off_shell_Omega=     77.5143 meV
     lambda___(   3 )=       0.000000   gamma___=       0.000000 meV  omega=    113.4961 meV   on_shell_Omega=    113.4961 meV  off_shell_Omega=    113.4961 meV
     lambda_tr(   3 )=       0.000000   gamma_tr=       0.000000 meV  omega=    113.4961 meV   on_shell_Omega=    113.4961 meV  off_shell_Omega=    113.4961 meV
     lambda___(   4 )=       0.000000   gamma___=       0.000000 meV  omega=    141.0916 meV   on_shell_Omega=    141.0916 meV  off_shell_Omega=    141.0916 meV
     lambda_tr(   4 )=       0.000000   gamma_tr=       0.000000 meV  omega=    141.0916 meV   on_shell_Omega=    141.0916 meV  off_shell_Omega=    141.0916 meV
     lambda___(   5 )=       0.000000   gamma___=       0.000000 meV  omega=    166.9412 meV   on_shell_Omega=    166.9412 meV  off_shell_Omega=    166.9412 meV
     lambda_tr(   5 )=       0.000000   gamma_tr=       0.000000 meV  omega=    166.9412 meV   on_shell_Omega=    166.9412 meV  off_shell_Omega=    166.9412 meV
     lambda___(   6 )=       0.000000   gamma___=       0.000000 meV  omega=    167.2862 meV   on_shell_Omega=    167.2863 meV  off_shell_Omega=    167.2863 meV
     lambda_tr(   6 )=       0.000000   gamma_tr=       0.000000 meV  omega=    167.2862 meV   on_shell_Omega=    167.2863 meV  off_shell_Omega=    167.2863 meV
     lambda___( tot )=       0.000000
     lambda_tr( tot )=       0.000000
     -------------------------------------------------------------------


     Number of (k,k+q) pairs on the Fermi surface:      159 out of      324


     ismear =     1 iq =     249 coord.:   0.72222  0.77778  0.00000 wt:   0.00309 Temp:  300.000K
     -------------------------------------------------------------------
     lambda___(   1 )=       0.000000   gamma___=       0.000000 meV  omega=     47.2450 meV   on_shell_Omega=     47.2450 meV  off_shell_Omega=     47.2450 meV
     lambda_tr(   1 )=       0.000000   gamma_tr=       0.000000 meV  omega=     47.2450 meV   on_shell_Omega=     47.2450 meV  off_shell_Omega=     47.2450 meV
     lambda___(   2 )=       0.000000   gamma___=       0.000000 meV  omega=     83.7590 meV   on_shell_Omega=     83.7590 meV  off_shell_Omega=     83.7590 meV
     lambda_tr(   2 )=       0.000000   gamma_tr=       0.000000 meV  omega=     83.7590 meV   on_shell_Omega=     83.7590 meV  off_shell_Omega=     83.7590 meV
     lambda___(   3 )=       0.000000   gamma___=       0.000000 meV  omega=    103.8340 meV   on_shell_Omega=    103.8340 meV  off_shell_Omega=    103.8340 meV
     lambda_tr(   3 )=       0.000000   gamma_tr=       0.000000 meV  omega=    103.8340 meV   on_shell_Omega=    103.8340 meV  off_shell_Omega=    103.8340 meV
     lambda___(   4 )=       0.000000   gamma___=       0.000000 meV  omega=    135.4369 meV   on_shell_Omega=    135.4369 meV  off_shell_Omega=    135.4369 meV
     lambda_tr(   4 )=       0.000000   gamma_tr=       0.000000 meV  omega=    135.4369 meV   on_shell_Omega=    135.4369 meV  off_shell_Omega=    135.4369 meV
     lambda___(   5 )=       0.000000   gamma___=       0.000000 meV  omega=    170.5843 meV   on_shell_Omega=    170.5843 meV  off_shell_Omega=    170.5843 meV
     lambda_tr(   5 )=       0.000000   gamma_tr=       0.000000 meV  omega=    170.5843 meV   on_shell_Omega=    170.5843 meV  off_shell_Omega=    170.5843 meV
     lambda___(   6 )=       0.000000   gamma___=       0.000000 meV  omega=    175.6638 meV   on_shell_Omega=    175.6638 meV  off_shell_Omega=    175.6638 meV
     lambda_tr(   6 )=       0.000000   gamma_tr=       0.000000 meV  omega=    175.6638 meV   on_shell_Omega=    175.6638 meV  off_shell_Omega=    175.6638 meV
     lambda___( tot )=       0.000000
     lambda_tr( tot )=       0.000000
     -------------------------------------------------------------------


     Number of (k,k+q) pairs on the Fermi surface:      158 out of      324


     ismear =     1 iq =     250 coord.:   0.72222  0.83333  0.00000 wt:   0.00309 Temp:  300.000K
     -------------------------------------------------------------------
     lambda___(   1 )=       0.000000   gamma___=       0.000000 meV  omega=     40.8462 meV   on_shell_Omega=     40.8462 meV  off_shell_Omega=     40.8462 meV
     lambda_tr(   1 )=       0.000000   gamma_tr=       0.000000 meV  omega=     40.8462 meV   on_shell_Omega=     40.8462 meV  off_shell_Omega=     40.8462 meV
     lambda___(   2 )=       0.000000   gamma___=       0.000000 meV  omega=     89.2165 meV   on_shell_Omega=     89.2165 meV  off_shell_Omega=     89.2165 meV
     lambda_tr(   2 )=       0.000000   gamma_tr=       0.000000 meV  omega=     89.2165 meV   on_shell_Omega=     89.2165 meV  off_shell_Omega=     89.2165 meV
     lambda___(   3 )=       0.000000   gamma___=       0.000000 meV  omega=     91.9181 meV   on_shell_Omega=     91.9181 meV  off_shell_Omega=     91.9181 meV
     lambda_tr(   3 )=       0.000000   gamma_tr=       0.000000 meV  omega=     91.9181 meV   on_shell_Omega=     91.9181 meV  off_shell_Omega=     91.9181 meV
     lambda___(   4 )=       0.000000   gamma___=       0.000000 meV  omega=    130.2771 meV   on_shell_Omega=    130.2771 meV  off_shell_Omega=    130.2771 meV
     lambda_tr(   4 )=       0.000000   gamma_tr=       0.000000 meV  omega=    130.2771 meV   on_shell_Omega=    130.2771 meV  off_shell_Omega=    130.2771 meV
     lambda___(   5 )=       0.000000   gamma___=       0.000000 meV  omega=    173.6348 meV   on_shell_Omega=    173.6348 meV  off_shell_Omega=    173.6348 meV
     lambda_tr(   5 )=       0.000000   gamma_tr=       0.000000 meV  omega=    173.6348 meV   on_shell_Omega=    173.6348 meV  off_shell_Omega=    173.6348 meV
     lambda___(   6 )=       0.000000   gamma___=       0.000000 meV  omega=    182.8022 meV   on_shell_Omega=    182.8022 meV  off_shell_Omega=    182.8022 meV
     lambda_tr(   6 )=       0.000000   gamma_tr=       0.000000 meV  omega=    182.8022 meV   on_shell_Omega=    182.8022 meV  off_shell_Omega=    182.8022 meV
     lambda___( tot )=       0.000000
     lambda_tr( tot )=       0.000000
     -------------------------------------------------------------------


     Number of (k,k+q) pairs on the Fermi surface:      156 out of      324


     ismear =     1 iq =     251 coord.:   0.72222  0.88889  0.00000 wt:   0.00309 Temp:  300.000K
     -------------------------------------------------------------------
     lambda___(   1 )=       0.000000   gamma___=       0.000000 meV  omega=     34.6959 meV   on_shell_Omega=     34.6959 meV  off_shell_Omega=     34.6959 meV
     lambda_tr(   1 )=       0.000000   gamma_tr=       0.000000 meV  omega=     34.6959 meV   on_shell_Omega=     34.6959 meV  off_shell_Omega=     34.6959 meV
     lambda___(   2 )=       0.000000   gamma___=       0.000000 meV  omega=     79.5020 meV   on_shell_Omega=     79.5021 meV  off_shell_Omega=     79.5021 meV
     lambda_tr(   2 )=       0.000000   gamma_tr=       0.000000 meV  omega=     79.5020 meV   on_shell_Omega=     79.5021 meV  off_shell_Omega=     79.5021 meV
     lambda___(   3 )=       0.000000   gamma___=       0.000000 meV  omega=     93.7434 meV   on_shell_Omega=     93.7434 meV  off_shell_Omega=     93.7434 meV
     lambda_tr(   3 )=       0.000000   gamma_tr=       0.000000 meV  omega=     93.7434 meV   on_shell_Omega=     93.7434 meV  off_shell_Omega=     93.7434 meV
     lambda___(   4 )=       0.000000   gamma___=       0.000000 meV  omega=    124.2255 meV   on_shell_Omega=    124.2255 meV  off_shell_Omega=    124.2255 meV
     lambda_tr(   4 )=       0.000000   gamma_tr=       0.000000 meV  omega=    124.2255 meV   on_shell_Omega=    124.2255 meV  off_shell_Omega=    124.2255 meV
     lambda___(   5 )=       0.000000   gamma___=       0.000000 meV  omega=    176.3094 meV   on_shell_Omega=    176.3094 meV  off_shell_Omega=    176.3094 meV
     lambda_tr(   5 )=       0.000000   gamma_tr=       0.000000 meV  omega=    176.3094 meV   on_shell_Omega=    176.3094 meV  off_shell_Omega=    176.3094 meV
     lambda___(   6 )=       0.000000   gamma___=       0.000000 meV  omega=    188.6292 meV   on_shell_Omega=    188.6292 meV  off_shell_Omega=    188.6292 meV
     lambda_tr(   6 )=       0.000000   gamma_tr=       0.000000 meV  omega=    188.6292 meV   on_shell_Omega=    188.6292 meV  off_shell_Omega=    188.6292 meV
     lambda___( tot )=       0.000000
     lambda_tr( tot )=       0.000000
     -------------------------------------------------------------------


     Number of (k,k+q) pairs on the Fermi surface:      157 out of      324


     ismear =     1 iq =     252 coord.:   0.72222  0.94444  0.00000 wt:   0.00309 Temp:  300.000K
     -------------------------------------------------------------------
     lambda___(   1 )=       0.000000   gamma___=       0.000000 meV  omega=     28.7398 meV   on_shell_Omega=     28.7398 meV  off_shell_Omega=     28.7398 meV
     lambda_tr(   1 )=       0.000000   gamma_tr=       0.000000 meV  omega=     28.7398 meV   on_shell_Omega=     28.7398 meV  off_shell_Omega=     28.7398 meV
     lambda___(   2 )=       0.000000   gamma___=       0.000000 meV  omega=     68.6092 meV   on_shell_Omega=     68.6092 meV  off_shell_Omega=     68.6092 meV
     lambda_tr(   2 )=       0.000000   gamma_tr=       0.000000 meV  omega=     68.6092 meV   on_shell_Omega=     68.6092 meV  off_shell_Omega=     68.6092 meV
     lambda___(   3 )=       0.000000   gamma___=       0.000000 meV  omega=     97.3279 meV   on_shell_Omega=     97.3279 meV  off_shell_Omega=     97.3279 meV
     lambda_tr(   3 )=       0.000000   gamma_tr=       0.000000 meV  omega=     97.3279 meV   on_shell_Omega=     97.3279 meV  off_shell_Omega=     97.3279 meV
     lambda___(   4 )=       0.000000   gamma___=       0.000000 meV  omega=    116.4460 meV   on_shell_Omega=    116.4460 meV  off_shell_Omega=    116.4460 meV
     lambda_tr(   4 )=       0.000000   gamma_tr=       0.000000 meV  omega=    116.4460 meV   on_shell_Omega=    116.4460 meV  off_shell_Omega=    116.4460 meV
     lambda___(   5 )=       0.000000   gamma___=       0.000000 meV  omega=    178.9712 meV   on_shell_Omega=    178.9712 meV  off_shell_Omega=    178.9712 meV
     lambda_tr(   5 )=       0.000000   gamma_tr=       0.000000 meV  omega=    178.9712 meV   on_shell_Omega=    178.9712 meV  off_shell_Omega=    178.9712 meV
     lambda___(   6 )=       0.000000   gamma___=       0.000000 meV  omega=    193.1732 meV   on_shell_Omega=    193.1732 meV  off_shell_Omega=    193.1732 meV
     lambda_tr(   6 )=       0.000000   gamma_tr=       0.000000 meV  omega=    193.1732 meV   on_shell_Omega=    193.1732 meV  off_shell_Omega=    193.1732 meV
     lambda___( tot )=       0.000000
     lambda_tr( tot )=       0.000000
     -------------------------------------------------------------------


     Number of (k,k+q) pairs on the Fermi surface:      165 out of      324


     ismear =     1 iq =     253 coord.:   0.77778  0.00000  0.00000 wt:   0.00309 Temp:  300.000K
     -------------------------------------------------------------------
     lambda___(   1 )=       0.000000   gamma___=       0.000000 meV  omega=     14.9695 meV   on_shell_Omega=     14.9695 meV  off_shell_Omega=     14.9695 meV
     lambda_tr(   1 )=       0.000000   gamma_tr=       0.000000 meV  omega=     14.9695 meV   on_shell_Omega=     14.9695 meV  off_shell_Omega=     14.9695 meV
     lambda___(   2 )=       0.000000   gamma___=       0.000000 meV  omega=     52.5871 meV   on_shell_Omega=     52.5871 meV  off_shell_Omega=     52.5871 meV
     lambda_tr(   2 )=       0.000000   gamma_tr=       0.000000 meV  omega=     52.5871 meV   on_shell_Omega=     52.5871 meV  off_shell_Omega=     52.5871 meV
     lambda___(   3 )=       0.000000   gamma___=       0.000000 meV  omega=     88.1874 meV   on_shell_Omega=     88.1874 meV  off_shell_Omega=     88.1874 meV
     lambda_tr(   3 )=       0.000000   gamma_tr=       0.000000 meV  omega=     88.1874 meV   on_shell_Omega=     88.1874 meV  off_shell_Omega=     88.1874 meV
     lambda___(   4 )=       0.000000   gamma___=       0.000000 meV  omega=    103.4066 meV   on_shell_Omega=    103.4066 meV  off_shell_Omega=    103.4066 meV
     lambda_tr(   4 )=       0.000000   gamma_tr=       0.000000 meV  omega=    103.4066 meV   on_shell_Omega=    103.4066 meV  off_shell_Omega=    103.4066 meV
     lambda___(   5 )=       0.000000   gamma___=       0.000000 meV  omega=    184.7248 meV   on_shell_Omega=    184.7248 meV  off_shell_Omega=    184.7248 meV
     lambda_tr(   5 )=       0.000000   gamma_tr=       0.000000 meV  omega=    184.7248 meV   on_shell_Omega=    184.7248 meV  off_shell_Omega=    184.7248 meV
     lambda___(   6 )=       0.000000   gamma___=       0.000000 meV  omega=    199.0725 meV   on_shell_Omega=    199.0726 meV  off_shell_Omega=    199.0726 meV
     lambda_tr(   6 )=       0.000000   gamma_tr=       0.000000 meV  omega=    199.0725 meV   on_shell_Omega=    199.0726 meV  off_shell_Omega=    199.0726 meV
     lambda___( tot )=       0.000000
     lambda_tr( tot )=       0.000000
     -------------------------------------------------------------------


     Number of (k,k+q) pairs on the Fermi surface:      182 out of      324


     ismear =     1 iq =     254 coord.:   0.77778  0.05556  0.00000 wt:   0.00309 Temp:  300.000K
     -------------------------------------------------------------------
     lambda___(   1 )=       0.000000   gamma___=       0.000000 meV  omega=     12.3071 meV   on_shell_Omega=     12.3072 meV  off_shell_Omega=     12.3072 meV
     lambda_tr(   1 )=       0.000000   gamma_tr=       0.000000 meV  omega=     12.3071 meV   on_shell_Omega=     12.3072 meV  off_shell_Omega=     12.3072 meV
     lambda___(   2 )=       0.000000   gamma___=       0.000000 meV  omega=     50.4599 meV   on_shell_Omega=     50.4599 meV  off_shell_Omega=     50.4599 meV
     lambda_tr(   2 )=       0.000000   gamma_tr=       0.000000 meV  omega=     50.4599 meV   on_shell_Omega=     50.4599 meV  off_shell_Omega=     50.4599 meV
     lambda___(   3 )=       0.000000   gamma___=       0.000000 meV  omega=     79.5938 meV   on_shell_Omega=     79.5938 meV  off_shell_Omega=     79.5938 meV
     lambda_tr(   3 )=       0.000000   gamma_tr=       0.000000 meV  omega=     79.5938 meV   on_shell_Omega=     79.5938 meV  off_shell_Omega=     79.5938 meV
     lambda___(   4 )=       0.000000   gamma___=       0.000000 meV  omega=    104.4363 meV   on_shell_Omega=    104.4363 meV  off_shell_Omega=    104.4363 meV
     lambda_tr(   4 )=       0.000000   gamma_tr=       0.000000 meV  omega=    104.4363 meV   on_shell_Omega=    104.4363 meV  off_shell_Omega=    104.4363 meV
     lambda___(   5 )=       0.000000   gamma___=       0.000000 meV  omega=    185.9293 meV   on_shell_Omega=    185.9293 meV  off_shell_Omega=    185.9293 meV
     lambda_tr(   5 )=       0.000000   gamma_tr=       0.000000 meV  omega=    185.9293 meV   on_shell_Omega=    185.9293 meV  off_shell_Omega=    185.9293 meV
     lambda___(   6 )=       0.000000   gamma___=       0.000000 meV  omega=    199.3167 meV   on_shell_Omega=    199.3168 meV  off_shell_Omega=    199.3168 meV
     lambda_tr(   6 )=       0.000000   gamma_tr=       0.000000 meV  omega=    199.3167 meV   on_shell_Omega=    199.3168 meV  off_shell_Omega=    199.3168 meV
     lambda___( tot )=       0.000000
     lambda_tr( tot )=       0.000000
     -------------------------------------------------------------------


     Number of (k,k+q) pairs on the Fermi surface:      193 out of      324


     ismear =     1 iq =     255 coord.:   0.77778  0.11111  0.00000 wt:   0.00309 Temp:  300.000K
     -------------------------------------------------------------------
     lambda___(   1 )=       0.000000   gamma___=       0.000000 meV  omega=     11.5650 meV   on_shell_Omega=     11.5650 meV  off_shell_Omega=     11.5650 meV
     lambda_tr(   1 )=       0.000000   gamma_tr=       0.000000 meV  omega=     11.5650 meV   on_shell_Omega=     11.5650 meV  off_shell_Omega=     11.5650 meV
     lambda___(   2 )=       0.000000   gamma___=       0.000000 meV  omega=     50.9160 meV   on_shell_Omega=     50.9160 meV  off_shell_Omega=     50.9160 meV
     lambda_tr(   2 )=       0.000000   gamma_tr=       0.000000 meV  omega=     50.9160 meV   on_shell_Omega=     50.9160 meV  off_shell_Omega=     50.9160 meV
     lambda___(   3 )=       0.000000   gamma___=       0.000000 meV  omega=     75.8326 meV   on_shell_Omega=     75.8326 meV  off_shell_Omega=     75.8326 meV
     lambda_tr(   3 )=       0.000000   gamma_tr=       0.000000 meV  omega=     75.8326 meV   on_shell_Omega=     75.8326 meV  off_shell_Omega=     75.8326 meV
     lambda___(   4 )=       0.000000   gamma___=       0.000000 meV  omega=    104.7494 meV   on_shell_Omega=    104.7494 meV  off_shell_Omega=    104.7494 meV
     lambda_tr(   4 )=       0.000000   gamma_tr=       0.000000 meV  omega=    104.7494 meV   on_shell_Omega=    104.7494 meV  off_shell_Omega=    104.7494 meV
     lambda___(   5 )=       0.000000   gamma___=       0.000000 meV  omega=    186.2216 meV   on_shell_Omega=    186.2216 meV  off_shell_Omega=    186.2216 meV
     lambda_tr(   5 )=       0.000000   gamma_tr=       0.000000 meV  omega=    186.2216 meV   on_shell_Omega=    186.2216 meV  off_shell_Omega=    186.2216 meV
     lambda___(   6 )=       0.000000   gamma___=       0.000000 meV  omega=    199.1902 meV   on_shell_Omega=    199.1902 meV  off_shell_Omega=    199.1902 meV
     lambda_tr(   6 )=       0.000000   gamma_tr=       0.000000 meV  omega=    199.1902 meV   on_shell_Omega=    199.1902 meV  off_shell_Omega=    199.1902 meV
     lambda___( tot )=       0.000000
     lambda_tr( tot )=       0.000000
     -------------------------------------------------------------------


     Number of (k,k+q) pairs on the Fermi surface:      198 out of      324


     ismear =     1 iq =     256 coord.:   0.77778  0.16667  0.00000 wt:   0.00309 Temp:  300.000K
     -------------------------------------------------------------------
     lambda___(   1 )=       0.000000   gamma___=       0.000000 meV  omega=     12.3071 meV   on_shell_Omega=     12.3072 meV  off_shell_Omega=     12.3072 meV
     lambda_tr(   1 )=       0.000000   gamma_tr=       0.000000 meV  omega=     12.3071 meV   on_shell_Omega=     12.3072 meV  off_shell_Omega=     12.3072 meV
     lambda___(   2 )=       0.000000   gamma___=       0.000000 meV  omega=     50.4599 meV   on_shell_Omega=     50.4599 meV  off_shell_Omega=     50.4599 meV
     lambda_tr(   2 )=       0.000000   gamma_tr=       0.000000 meV  omega=     50.4599 meV   on_shell_Omega=     50.4599 meV  off_shell_Omega=     50.4599 meV
     lambda___(   3 )=       0.000000   gamma___=       0.000000 meV  omega=     79.5938 meV   on_shell_Omega=     79.5938 meV  off_shell_Omega=     79.5938 meV
     lambda_tr(   3 )=       0.000000   gamma_tr=       0.000000 meV  omega=     79.5938 meV   on_shell_Omega=     79.5938 meV  off_shell_Omega=     79.5938 meV
     lambda___(   4 )=       0.000000   gamma___=       0.000000 meV  omega=    104.4363 meV   on_shell_Omega=    104.4363 meV  off_shell_Omega=    104.4363 meV
     lambda_tr(   4 )=       0.000000   gamma_tr=       0.000000 meV  omega=    104.4363 meV   on_shell_Omega=    104.4363 meV  off_shell_Omega=    104.4363 meV
     lambda___(   5 )=       0.000000   gamma___=       0.000000 meV  omega=    185.9293 meV   on_shell_Omega=    185.9293 meV  off_shell_Omega=    185.9293 meV
     lambda_tr(   5 )=       0.000000   gamma_tr=       0.000000 meV  omega=    185.9293 meV   on_shell_Omega=    185.9293 meV  off_shell_Omega=    185.9293 meV
     lambda___(   6 )=       0.000000   gamma___=       0.000000 meV  omega=    199.3167 meV   on_shell_Omega=    199.3168 meV  off_shell_Omega=    199.3168 meV
     lambda_tr(   6 )=       0.000000   gamma_tr=       0.000000 meV  omega=    199.3167 meV   on_shell_Omega=    199.3168 meV  off_shell_Omega=    199.3168 meV
     lambda___( tot )=       0.000000
     lambda_tr( tot )=       0.000000
     -------------------------------------------------------------------


     Number of (k,k+q) pairs on the Fermi surface:      188 out of      324


     ismear =     1 iq =     257 coord.:   0.77778  0.22222  0.00000 wt:   0.00309 Temp:  300.000K
     -------------------------------------------------------------------
     lambda___(   1 )=       0.000000   gamma___=       0.000000 meV  omega=     14.9695 meV   on_shell_Omega=     14.9695 meV  off_shell_Omega=     14.9695 meV
     lambda_tr(   1 )=       0.000000   gamma_tr=       0.000000 meV  omega=     14.9695 meV   on_shell_Omega=     14.9695 meV  off_shell_Omega=     14.9695 meV
     lambda___(   2 )=       0.000000   gamma___=       0.000000 meV  omega=     52.5871 meV   on_shell_Omega=     52.5871 meV  off_shell_Omega=     52.5871 meV
     lambda_tr(   2 )=       0.000000   gamma_tr=       0.000000 meV  omega=     52.5871 meV   on_shell_Omega=     52.5871 meV  off_shell_Omega=     52.5871 meV
     lambda___(   3 )=       0.000000   gamma___=       0.000000 meV  omega=     88.1874 meV   on_shell_Omega=     88.1875 meV  off_shell_Omega=     88.1875 meV
     lambda_tr(   3 )=       0.000000   gamma_tr=       0.000000 meV  omega=     88.1874 meV   on_shell_Omega=     88.1875 meV  off_shell_Omega=     88.1875 meV
     lambda___(   4 )=       0.000000   gamma___=       0.000000 meV  omega=    103.4066 meV   on_shell_Omega=    103.4066 meV  off_shell_Omega=    103.4066 meV
     lambda_tr(   4 )=       0.000000   gamma_tr=       0.000000 meV  omega=    103.4066 meV   on_shell_Omega=    103.4066 meV  off_shell_Omega=    103.4066 meV
     lambda___(   5 )=       0.000000   gamma___=       0.000000 meV  omega=    184.7248 meV   on_shell_Omega=    184.7248 meV  off_shell_Omega=    184.7248 meV
     lambda_tr(   5 )=       0.000000   gamma_tr=       0.000000 meV  omega=    184.7248 meV   on_shell_Omega=    184.7248 meV  off_shell_Omega=    184.7248 meV
     lambda___(   6 )=       0.000000   gamma___=       0.000000 meV  omega=    199.0725 meV   on_shell_Omega=    199.0725 meV  off_shell_Omega=    199.0725 meV
     lambda_tr(   6 )=       0.000000   gamma_tr=       0.000000 meV  omega=    199.0725 meV   on_shell_Omega=    199.0725 meV  off_shell_Omega=    199.0725 meV
     lambda___( tot )=       0.000000
     lambda_tr( tot )=       0.000000
     -------------------------------------------------------------------


     Number of (k,k+q) pairs on the Fermi surface:      181 out of      324


     ismear =     1 iq =     258 coord.:   0.77778  0.27778  0.00000 wt:   0.00309 Temp:  300.000K
     -------------------------------------------------------------------
     lambda___(   1 )=       0.000000   gamma___=       0.000000 meV  omega=     19.6520 meV   on_shell_Omega=     19.6520 meV  off_shell_Omega=     19.6520 meV
     lambda_tr(   1 )=       0.000000   gamma_tr=       0.000000 meV  omega=     19.6520 meV   on_shell_Omega=     19.6520 meV  off_shell_Omega=     19.6520 meV
     lambda___(   2 )=       0.000000   gamma___=       0.000000 meV  omega=     60.2879 meV   on_shell_Omega=     60.2879 meV  off_shell_Omega=     60.2879 meV
     lambda_tr(   2 )=       0.000000   gamma_tr=       0.000000 meV  omega=     60.2879 meV   on_shell_Omega=     60.2879 meV  off_shell_Omega=     60.2879 meV
     lambda___(   3 )=       0.000000   gamma___=       0.000000 meV  omega=     98.3670 meV   on_shell_Omega=     98.3670 meV  off_shell_Omega=     98.3670 meV
     lambda_tr(   3 )=       0.000000   gamma_tr=       0.000000 meV  omega=     98.3670 meV   on_shell_Omega=     98.3670 meV  off_shell_Omega=     98.3670 meV
     lambda___(   4 )=       0.000000   gamma___=       0.000000 meV  omega=    101.4990 meV   on_shell_Omega=    101.4990 meV  off_shell_Omega=    101.4990 meV
     lambda_tr(   4 )=       0.000000   gamma_tr=       0.000000 meV  omega=    101.4990 meV   on_shell_Omega=    101.4990 meV  off_shell_Omega=    101.4990 meV
     lambda___(   5 )=       0.000000   gamma___=       0.000000 meV  omega=    182.2466 meV   on_shell_Omega=    182.2466 meV  off_shell_Omega=    182.2466 meV
     lambda_tr(   5 )=       0.000000   gamma_tr=       0.000000 meV  omega=    182.2466 meV   on_shell_Omega=    182.2466 meV  off_shell_Omega=    182.2466 meV
     lambda___(   6 )=       0.000000   gamma___=       0.000000 meV  omega=    197.3939 meV   on_shell_Omega=    197.3939 meV  off_shell_Omega=    197.3939 meV
     lambda_tr(   6 )=       0.000000   gamma_tr=       0.000000 meV  omega=    197.3939 meV   on_shell_Omega=    197.3939 meV  off_shell_Omega=    197.3939 meV
     lambda___( tot )=       0.000000
     lambda_tr( tot )=       0.000000
     -------------------------------------------------------------------


     Number of (k,k+q) pairs on the Fermi surface:      172 out of      324


     ismear =     1 iq =     259 coord.:   0.77778  0.33333  0.00000 wt:   0.00309 Temp:  300.000K
     -------------------------------------------------------------------
     lambda___(   1 )=       0.000000   gamma___=       0.000000 meV  omega=     25.6008 meV   on_shell_Omega=     25.6008 meV  off_shell_Omega=     25.6008 meV
     lambda_tr(   1 )=       0.000000   gamma_tr=       0.000000 meV  omega=     25.6008 meV   on_shell_Omega=     25.6008 meV  off_shell_Omega=     25.6008 meV
     lambda___(   2 )=       0.000000   gamma___=       0.000000 meV  omega=     71.9880 meV   on_shell_Omega=     71.9880 meV  off_shell_Omega=     71.9880 meV
     lambda_tr(   2 )=       0.000000   gamma_tr=       0.000000 meV  omega=     71.9880 meV   on_shell_Omega=     71.9880 meV  off_shell_Omega=     71.9880 meV
     lambda___(   3 )=       0.000000   gamma___=       0.000000 meV  omega=     98.6268 meV   on_shell_Omega=     98.6268 meV  off_shell_Omega=     98.6268 meV
     lambda_tr(   3 )=       0.000000   gamma_tr=       0.000000 meV  omega=     98.6268 meV   on_shell_Omega=     98.6268 meV  off_shell_Omega=     98.6268 meV
     lambda___(   4 )=       0.000000   gamma___=       0.000000 meV  omega=    108.3211 meV   on_shell_Omega=    108.3211 meV  off_shell_Omega=    108.3211 meV
     lambda_tr(   4 )=       0.000000   gamma_tr=       0.000000 meV  omega=    108.3211 meV   on_shell_Omega=    108.3211 meV  off_shell_Omega=    108.3211 meV
     lambda___(   5 )=       0.000000   gamma___=       0.000000 meV  omega=    178.9700 meV   on_shell_Omega=    178.9700 meV  off_shell_Omega=    178.9700 meV
     lambda_tr(   5 )=       0.000000   gamma_tr=       0.000000 meV  omega=    178.9700 meV   on_shell_Omega=    178.9700 meV  off_shell_Omega=    178.9700 meV
     lambda___(   6 )=       0.000000   gamma___=       0.000000 meV  omega=    193.9468 meV   on_shell_Omega=    193.9468 meV  off_shell_Omega=    193.9468 meV
     lambda_tr(   6 )=       0.000000   gamma_tr=       0.000000 meV  omega=    193.9468 meV   on_shell_Omega=    193.9468 meV  off_shell_Omega=    193.9468 meV
     lambda___( tot )=       0.000000
     lambda_tr( tot )=       0.000000
     -------------------------------------------------------------------


     Number of (k,k+q) pairs on the Fermi surface:      166 out of      324


     ismear =     1 iq =     260 coord.:   0.77778  0.38889  0.00000 wt:   0.00309 Temp:  300.000K
     -------------------------------------------------------------------
     lambda___(   1 )=       0.000000   gamma___=       0.000000 meV  omega=     32.2346 meV   on_shell_Omega=     32.2346 meV  off_shell_Omega=     32.2346 meV
     lambda_tr(   1 )=       0.000000   gamma_tr=       0.000000 meV  omega=     32.2346 meV   on_shell_Omega=     32.2346 meV  off_shell_Omega=     32.2346 meV
     lambda___(   2 )=       0.000000   gamma___=       0.000000 meV  omega=     84.6431 meV   on_shell_Omega=     84.6431 meV  off_shell_Omega=     84.6431 meV
     lambda_tr(   2 )=       0.000000   gamma_tr=       0.000000 meV  omega=     84.6431 meV   on_shell_Omega=     84.6431 meV  off_shell_Omega=     84.6431 meV
     lambda___(   3 )=       0.000000   gamma___=       0.000000 meV  omega=     94.7504 meV   on_shell_Omega=     94.7504 meV  off_shell_Omega=     94.7504 meV
     lambda_tr(   3 )=       0.000000   gamma_tr=       0.000000 meV  omega=     94.7504 meV   on_shell_Omega=     94.7504 meV  off_shell_Omega=     94.7504 meV
     lambda___(   4 )=       0.000000   gamma___=       0.000000 meV  omega=    117.3104 meV   on_shell_Omega=    117.3104 meV  off_shell_Omega=    117.3104 meV
     lambda_tr(   4 )=       0.000000   gamma_tr=       0.000000 meV  omega=    117.3104 meV   on_shell_Omega=    117.3104 meV  off_shell_Omega=    117.3104 meV
     lambda___(   5 )=       0.000000   gamma___=       0.000000 meV  omega=    175.8863 meV   on_shell_Omega=    175.8864 meV  off_shell_Omega=    175.8864 meV
     lambda_tr(   5 )=       0.000000   gamma_tr=       0.000000 meV  omega=    175.8863 meV   on_shell_Omega=    175.8864 meV  off_shell_Omega=    175.8864 meV
     lambda___(   6 )=       0.000000   gamma___=       0.000000 meV  omega=    189.0811 meV   on_shell_Omega=    189.0811 meV  off_shell_Omega=    189.0811 meV
     lambda_tr(   6 )=       0.000000   gamma_tr=       0.000000 meV  omega=    189.0811 meV   on_shell_Omega=    189.0811 meV  off_shell_Omega=    189.0811 meV
     lambda___( tot )=       0.000000
     lambda_tr( tot )=       0.000000
     -------------------------------------------------------------------


     Number of (k,k+q) pairs on the Fermi surface:      163 out of      324


     ismear =     1 iq =     261 coord.:   0.77778  0.44444  0.00000 wt:   0.00309 Temp:  300.000K
     -------------------------------------------------------------------
     lambda___(   1 )=       0.000000   gamma___=       0.000000 meV  omega=     39.4642 meV   on_shell_Omega=     39.4643 meV  off_shell_Omega=     39.4643 meV
     lambda_tr(   1 )=       0.000000   gamma_tr=       0.000000 meV  omega=     39.4642 meV   on_shell_Omega=     39.4643 meV  off_shell_Omega=     39.4643 meV
     lambda___(   2 )=       0.000000   gamma___=       0.000000 meV  omega=     89.7940 meV   on_shell_Omega=     89.7940 meV  off_shell_Omega=     89.7940 meV
     lambda_tr(   2 )=       0.000000   gamma_tr=       0.000000 meV  omega=     89.7940 meV   on_shell_Omega=     89.7940 meV  off_shell_Omega=     89.7940 meV
     lambda___(   3 )=       0.000000   gamma___=       0.000000 meV  omega=     95.7184 meV   on_shell_Omega=     95.7184 meV  off_shell_Omega=     95.7184 meV
     lambda_tr(   3 )=       0.000000   gamma_tr=       0.000000 meV  omega=     95.7184 meV   on_shell_Omega=     95.7184 meV  off_shell_Omega=     95.7184 meV
     lambda___(   4 )=       0.000000   gamma___=       0.000000 meV  omega=    125.9998 meV   on_shell_Omega=    125.9998 meV  off_shell_Omega=    125.9998 meV
     lambda_tr(   4 )=       0.000000   gamma_tr=       0.000000 meV  omega=    125.9998 meV   on_shell_Omega=    125.9998 meV  off_shell_Omega=    125.9998 meV
     lambda___(   5 )=       0.000000   gamma___=       0.000000 meV  omega=    173.2748 meV   on_shell_Omega=    173.2748 meV  off_shell_Omega=    173.2748 meV
     lambda_tr(   5 )=       0.000000   gamma_tr=       0.000000 meV  omega=    173.2748 meV   on_shell_Omega=    173.2748 meV  off_shell_Omega=    173.2748 meV
     lambda___(   6 )=       0.000000   gamma___=       0.000000 meV  omega=    183.0142 meV   on_shell_Omega=    183.0142 meV  off_shell_Omega=    183.0142 meV
     lambda_tr(   6 )=       0.000000   gamma_tr=       0.000000 meV  omega=    183.0142 meV   on_shell_Omega=    183.0142 meV  off_shell_Omega=    183.0142 meV
     lambda___( tot )=       0.000000
     lambda_tr( tot )=       0.000000
     -------------------------------------------------------------------


     Number of (k,k+q) pairs on the Fermi surface:      162 out of      324


     ismear =     1 iq =     262 coord.:   0.77778  0.50000  0.00000 wt:   0.00309 Temp:  300.000K
     -------------------------------------------------------------------
     lambda___(   1 )=       0.000000   gamma___=       0.000000 meV  omega=     47.2514 meV   on_shell_Omega=     47.2514 meV  off_shell_Omega=     47.2514 meV
     lambda_tr(   1 )=       0.000000   gamma_tr=       0.000000 meV  omega=     47.2514 meV   on_shell_Omega=     47.2514 meV  off_shell_Omega=     47.2514 meV
     lambda___(   2 )=       0.000000   gamma___=       0.000000 meV  omega=     83.7554 meV   on_shell_Omega=     83.7554 meV  off_shell_Omega=     83.7554 meV
     lambda_tr(   2 )=       0.000000   gamma_tr=       0.000000 meV  omega=     83.7554 meV   on_shell_Omega=     83.7554 meV  off_shell_Omega=     83.7554 meV
     lambda___(   3 )=       0.000000   gamma___=       0.000000 meV  omega=    103.7539 meV   on_shell_Omega=    103.7539 meV  off_shell_Omega=    103.7539 meV
     lambda_tr(   3 )=       0.000000   gamma_tr=       0.000000 meV  omega=    103.7539 meV   on_shell_Omega=    103.7539 meV  off_shell_Omega=    103.7539 meV
     lambda___(   4 )=       0.000000   gamma___=       0.000000 meV  omega=    135.5385 meV   on_shell_Omega=    135.5385 meV  off_shell_Omega=    135.5385 meV
     lambda_tr(   4 )=       0.000000   gamma_tr=       0.000000 meV  omega=    135.5385 meV   on_shell_Omega=    135.5385 meV  off_shell_Omega=    135.5385 meV
     lambda___(   5 )=       0.000000   gamma___=       0.000000 meV  omega=    170.6035 meV   on_shell_Omega=    170.6036 meV  off_shell_Omega=    170.6036 meV
     lambda_tr(   5 )=       0.000000   gamma_tr=       0.000000 meV  omega=    170.6035 meV   on_shell_Omega=    170.6036 meV  off_shell_Omega=    170.6036 meV
     lambda___(   6 )=       0.000000   gamma___=       0.000000 meV  omega=    175.6140 meV   on_shell_Omega=    175.6140 meV  off_shell_Omega=    175.6140 meV
     lambda_tr(   6 )=       0.000000   gamma_tr=       0.000000 meV  omega=    175.6140 meV   on_shell_Omega=    175.6140 meV  off_shell_Omega=    175.6140 meV
     lambda___( tot )=       0.000000
     lambda_tr( tot )=       0.000000
     -------------------------------------------------------------------


     Number of (k,k+q) pairs on the Fermi surface:      161 out of      324


     ismear =     1 iq =     263 coord.:   0.77778  0.55556  0.00000 wt:   0.00309 Temp:  300.000K
     -------------------------------------------------------------------
     lambda___(   1 )=       0.000000   gamma___=       0.000000 meV  omega=     54.9798 meV   on_shell_Omega=     54.9798 meV  off_shell_Omega=     54.9798 meV
     lambda_tr(   1 )=       0.000000   gamma_tr=       0.000000 meV  omega=     54.9798 meV   on_shell_Omega=     54.9798 meV  off_shell_Omega=     54.9798 meV
     lambda___(   2 )=       0.000000   gamma___=       0.000000 meV  omega=     77.1488 meV   on_shell_Omega=     77.1488 meV  off_shell_Omega=     77.1488 meV
     lambda_tr(   2 )=       0.000000   gamma_tr=       0.000000 meV  omega=     77.1488 meV   on_shell_Omega=     77.1488 meV  off_shell_Omega=     77.1488 meV
     lambda___(   3 )=       0.000000   gamma___=       0.000000 meV  omega=    108.6012 meV   on_shell_Omega=    108.6012 meV  off_shell_Omega=    108.6012 meV
     lambda_tr(   3 )=       0.000000   gamma_tr=       0.000000 meV  omega=    108.6012 meV   on_shell_Omega=    108.6012 meV  off_shell_Omega=    108.6012 meV
     lambda___(   4 )=       0.000000   gamma___=       0.000000 meV  omega=    145.7799 meV   on_shell_Omega=    145.7799 meV  off_shell_Omega=    145.7799 meV
     lambda_tr(   4 )=       0.000000   gamma_tr=       0.000000 meV  omega=    145.7799 meV   on_shell_Omega=    145.7799 meV  off_shell_Omega=    145.7799 meV
     lambda___(   5 )=       0.000000   gamma___=       0.000000 meV  omega=    166.9099 meV   on_shell_Omega=    166.9099 meV  off_shell_Omega=    166.9099 meV
     lambda_tr(   5 )=       0.000000   gamma_tr=       0.000000 meV  omega=    166.9099 meV   on_shell_Omega=    166.9099 meV  off_shell_Omega=    166.9099 meV
     lambda___(   6 )=       0.000000   gamma___=       0.000000 meV  omega=    168.0393 meV   on_shell_Omega=    168.0393 meV  off_shell_Omega=    168.0393 meV
     lambda_tr(   6 )=       0.000000   gamma_tr=       0.000000 meV  omega=    168.0393 meV   on_shell_Omega=    168.0393 meV  off_shell_Omega=    168.0393 meV
     lambda___( tot )=       0.000000
     lambda_tr( tot )=       0.000000
     -------------------------------------------------------------------


     Number of (k,k+q) pairs on the Fermi surface:      165 out of      324


     ismear =     1 iq =     264 coord.:   0.77778  0.61111  0.00000 wt:   0.00309 Temp:  300.000K
     -------------------------------------------------------------------
     lambda___(   1 )=       0.000000   gamma___=       0.000000 meV  omega=     59.4233 meV   on_shell_Omega=     59.4233 meV  off_shell_Omega=     59.4233 meV
     lambda_tr(   1 )=       0.000000   gamma_tr=       0.000000 meV  omega=     59.4233 meV   on_shell_Omega=     59.4233 meV  off_shell_Omega=     59.4233 meV
     lambda___(   2 )=       0.000000   gamma___=       0.000000 meV  omega=     73.0929 meV   on_shell_Omega=     73.0929 meV  off_shell_Omega=     73.0929 meV
     lambda_tr(   2 )=       0.000000   gamma_tr=       0.000000 meV  omega=     73.0929 meV   on_shell_Omega=     73.0929 meV  off_shell_Omega=     73.0929 meV
     lambda___(   3 )=       0.000000   gamma___=       0.000000 meV  omega=    110.2761 meV   on_shell_Omega=    110.2761 meV  off_shell_Omega=    110.2761 meV
     lambda_tr(   3 )=       0.000000   gamma_tr=       0.000000 meV  omega=    110.2761 meV   on_shell_Omega=    110.2761 meV  off_shell_Omega=    110.2761 meV
     lambda___(   4 )=       0.000000   gamma___=       0.000000 meV  omega=    153.8144 meV   on_shell_Omega=    153.8144 meV  off_shell_Omega=    153.8144 meV
     lambda_tr(   4 )=       0.000000   gamma_tr=       0.000000 meV  omega=    153.8144 meV   on_shell_Omega=    153.8144 meV  off_shell_Omega=    153.8144 meV
     lambda___(   5 )=       0.000000   gamma___=       0.000000 meV  omega=    159.4471 meV   on_shell_Omega=    159.4472 meV  off_shell_Omega=    159.4472 meV
     lambda_tr(   5 )=       0.000000   gamma_tr=       0.000000 meV  omega=    159.4471 meV   on_shell_Omega=    159.4472 meV  off_shell_Omega=    159.4472 meV
     lambda___(   6 )=       0.000000   gamma___=       0.000000 meV  omega=    166.8558 meV   on_shell_Omega=    166.8558 meV  off_shell_Omega=    166.8558 meV
     lambda_tr(   6 )=       0.000000   gamma_tr=       0.000000 meV  omega=    166.8558 meV   on_shell_Omega=    166.8558 meV  off_shell_Omega=    166.8558 meV
     lambda___( tot )=       0.000000
     lambda_tr( tot )=       0.000000
     -------------------------------------------------------------------


     Number of (k,k+q) pairs on the Fermi surface:      165 out of      324


     ismear =     1 iq =     265 coord.:   0.77778  0.66667  0.00000 wt:   0.00309 Temp:  300.000K
     -------------------------------------------------------------------
     lambda___(   1 )=       0.000000   gamma___=       0.000000 meV  omega=     54.9798 meV   on_shell_Omega=     54.9798 meV  off_shell_Omega=     54.9798 meV
     lambda_tr(   1 )=       0.000000   gamma_tr=       0.000000 meV  omega=     54.9798 meV   on_shell_Omega=     54.9798 meV  off_shell_Omega=     54.9798 meV
     lambda___(   2 )=       0.000000   gamma___=       0.000000 meV  omega=     77.1488 meV   on_shell_Omega=     77.1488 meV  off_shell_Omega=     77.1488 meV
     lambda_tr(   2 )=       0.000000   gamma_tr=       0.000000 meV  omega=     77.1488 meV   on_shell_Omega=     77.1488 meV  off_shell_Omega=     77.1488 meV
     lambda___(   3 )=       0.000000   gamma___=       0.000000 meV  omega=    108.6012 meV   on_shell_Omega=    108.6012 meV  off_shell_Omega=    108.6012 meV
     lambda_tr(   3 )=       0.000000   gamma_tr=       0.000000 meV  omega=    108.6012 meV   on_shell_Omega=    108.6012 meV  off_shell_Omega=    108.6012 meV
     lambda___(   4 )=       0.000000   gamma___=       0.000000 meV  omega=    145.7799 meV   on_shell_Omega=    145.7799 meV  off_shell_Omega=    145.7799 meV
     lambda_tr(   4 )=       0.000000   gamma_tr=       0.000000 meV  omega=    145.7799 meV   on_shell_Omega=    145.7799 meV  off_shell_Omega=    145.7799 meV
     lambda___(   5 )=       0.000000   gamma___=       0.000000 meV  omega=    166.9099 meV   on_shell_Omega=    166.9099 meV  off_shell_Omega=    166.9099 meV
     lambda_tr(   5 )=       0.000000   gamma_tr=       0.000000 meV  omega=    166.9099 meV   on_shell_Omega=    166.9099 meV  off_shell_Omega=    166.9099 meV
     lambda___(   6 )=       0.000000   gamma___=       0.000000 meV  omega=    168.0393 meV   on_shell_Omega=    168.0393 meV  off_shell_Omega=    168.0393 meV
     lambda_tr(   6 )=       0.000000   gamma_tr=       0.000000 meV  omega=    168.0393 meV   on_shell_Omega=    168.0393 meV  off_shell_Omega=    168.0393 meV
     lambda___( tot )=       0.000000
     lambda_tr( tot )=       0.000000
     -------------------------------------------------------------------


     Number of (k,k+q) pairs on the Fermi surface:      160 out of      324


     ismear =     1 iq =     266 coord.:   0.77778  0.72222  0.00000 wt:   0.00309 Temp:  300.000K
     -------------------------------------------------------------------
     lambda___(   1 )=       0.000000   gamma___=       0.000000 meV  omega=     47.2514 meV   on_shell_Omega=     47.2514 meV  off_shell_Omega=     47.2514 meV
     lambda_tr(   1 )=       0.000000   gamma_tr=       0.000000 meV  omega=     47.2514 meV   on_shell_Omega=     47.2514 meV  off_shell_Omega=     47.2514 meV
     lambda___(   2 )=       0.000000   gamma___=       0.000000 meV  omega=     83.7554 meV   on_shell_Omega=     83.7554 meV  off_shell_Omega=     83.7554 meV
     lambda_tr(   2 )=       0.000000   gamma_tr=       0.000000 meV  omega=     83.7554 meV   on_shell_Omega=     83.7554 meV  off_shell_Omega=     83.7554 meV
     lambda___(   3 )=       0.000000   gamma___=       0.000000 meV  omega=    103.7539 meV   on_shell_Omega=    103.7539 meV  off_shell_Omega=    103.7539 meV
     lambda_tr(   3 )=       0.000000   gamma_tr=       0.000000 meV  omega=    103.7539 meV   on_shell_Omega=    103.7539 meV  off_shell_Omega=    103.7539 meV
     lambda___(   4 )=       0.000000   gamma___=       0.000000 meV  omega=    135.5385 meV   on_shell_Omega=    135.5385 meV  off_shell_Omega=    135.5385 meV
     lambda_tr(   4 )=       0.000000   gamma_tr=       0.000000 meV  omega=    135.5385 meV   on_shell_Omega=    135.5385 meV  off_shell_Omega=    135.5385 meV
     lambda___(   5 )=       0.000000   gamma___=       0.000000 meV  omega=    170.6035 meV   on_shell_Omega=    170.6036 meV  off_shell_Omega=    170.6036 meV
     lambda_tr(   5 )=       0.000000   gamma_tr=       0.000000 meV  omega=    170.6035 meV   on_shell_Omega=    170.6036 meV  off_shell_Omega=    170.6036 meV
     lambda___(   6 )=       0.000000   gamma___=       0.000000 meV  omega=    175.6140 meV   on_shell_Omega=    175.6140 meV  off_shell_Omega=    175.6140 meV
     lambda_tr(   6 )=       0.000000   gamma_tr=       0.000000 meV  omega=    175.6140 meV   on_shell_Omega=    175.6140 meV  off_shell_Omega=    175.6140 meV
     lambda___( tot )=       0.000000
     lambda_tr( tot )=       0.000000
     -------------------------------------------------------------------


     Number of (k,k+q) pairs on the Fermi surface:      158 out of      324


     ismear =     1 iq =     267 coord.:   0.77778  0.77778  0.00000 wt:   0.00309 Temp:  300.000K
     -------------------------------------------------------------------
     lambda___(   1 )=       0.000000   gamma___=       0.000000 meV  omega=     39.4642 meV   on_shell_Omega=     39.4643 meV  off_shell_Omega=     39.4643 meV
     lambda_tr(   1 )=       0.000000   gamma_tr=       0.000000 meV  omega=     39.4642 meV   on_shell_Omega=     39.4643 meV  off_shell_Omega=     39.4643 meV
     lambda___(   2 )=       0.000000   gamma___=       0.000000 meV  omega=     89.7940 meV   on_shell_Omega=     89.7940 meV  off_shell_Omega=     89.7940 meV
     lambda_tr(   2 )=       0.000000   gamma_tr=       0.000000 meV  omega=     89.7940 meV   on_shell_Omega=     89.7940 meV  off_shell_Omega=     89.7940 meV
     lambda___(   3 )=       0.000000   gamma___=       0.000000 meV  omega=     95.7184 meV   on_shell_Omega=     95.7184 meV  off_shell_Omega=     95.7184 meV
     lambda_tr(   3 )=       0.000000   gamma_tr=       0.000000 meV  omega=     95.7184 meV   on_shell_Omega=     95.7184 meV  off_shell_Omega=     95.7184 meV
     lambda___(   4 )=       0.000000   gamma___=       0.000000 meV  omega=    125.9998 meV   on_shell_Omega=    125.9998 meV  off_shell_Omega=    125.9998 meV
     lambda_tr(   4 )=       0.000000   gamma_tr=       0.000000 meV  omega=    125.9998 meV   on_shell_Omega=    125.9998 meV  off_shell_Omega=    125.9998 meV
     lambda___(   5 )=       0.000000   gamma___=       0.000000 meV  omega=    173.2748 meV   on_shell_Omega=    173.2748 meV  off_shell_Omega=    173.2748 meV
     lambda_tr(   5 )=       0.000000   gamma_tr=       0.000000 meV  omega=    173.2748 meV   on_shell_Omega=    173.2748 meV  off_shell_Omega=    173.2748 meV
     lambda___(   6 )=       0.000000   gamma___=       0.000000 meV  omega=    183.0142 meV   on_shell_Omega=    183.0142 meV  off_shell_Omega=    183.0142 meV
     lambda_tr(   6 )=       0.000000   gamma_tr=       0.000000 meV  omega=    183.0142 meV   on_shell_Omega=    183.0142 meV  off_shell_Omega=    183.0142 meV
     lambda___( tot )=       0.000000
     lambda_tr( tot )=       0.000000
     -------------------------------------------------------------------


     Number of (k,k+q) pairs on the Fermi surface:      159 out of      324


     ismear =     1 iq =     268 coord.:   0.77778  0.83333  0.00000 wt:   0.00309 Temp:  300.000K
     -------------------------------------------------------------------
     lambda___(   1 )=       0.000000   gamma___=       0.000000 meV  omega=     32.2346 meV   on_shell_Omega=     32.2346 meV  off_shell_Omega=     32.2346 meV
     lambda_tr(   1 )=       0.000000   gamma_tr=       0.000000 meV  omega=     32.2346 meV   on_shell_Omega=     32.2346 meV  off_shell_Omega=     32.2346 meV
     lambda___(   2 )=       0.000000   gamma___=       0.000000 meV  omega=     84.6431 meV   on_shell_Omega=     84.6431 meV  off_shell_Omega=     84.6431 meV
     lambda_tr(   2 )=       0.000000   gamma_tr=       0.000000 meV  omega=     84.6431 meV   on_shell_Omega=     84.6431 meV  off_shell_Omega=     84.6431 meV
     lambda___(   3 )=       0.000000   gamma___=       0.000000 meV  omega=     94.7504 meV   on_shell_Omega=     94.7504 meV  off_shell_Omega=     94.7504 meV
     lambda_tr(   3 )=       0.000000   gamma_tr=       0.000000 meV  omega=     94.7504 meV   on_shell_Omega=     94.7504 meV  off_shell_Omega=     94.7504 meV
     lambda___(   4 )=       0.000000   gamma___=       0.000000 meV  omega=    117.3104 meV   on_shell_Omega=    117.3104 meV  off_shell_Omega=    117.3104 meV
     lambda_tr(   4 )=       0.000000   gamma_tr=       0.000000 meV  omega=    117.3104 meV   on_shell_Omega=    117.3104 meV  off_shell_Omega=    117.3104 meV
     lambda___(   5 )=       0.000000   gamma___=       0.000000 meV  omega=    175.8863 meV   on_shell_Omega=    175.8864 meV  off_shell_Omega=    175.8864 meV
     lambda_tr(   5 )=       0.000000   gamma_tr=       0.000000 meV  omega=    175.8863 meV   on_shell_Omega=    175.8864 meV  off_shell_Omega=    175.8864 meV
     lambda___(   6 )=       0.000000   gamma___=       0.000000 meV  omega=    189.0811 meV   on_shell_Omega=    189.0811 meV  off_shell_Omega=    189.0811 meV
     lambda_tr(   6 )=       0.000000   gamma_tr=       0.000000 meV  omega=    189.0811 meV   on_shell_Omega=    189.0811 meV  off_shell_Omega=    189.0811 meV
     lambda___( tot )=       0.000000
     lambda_tr( tot )=       0.000000
     -------------------------------------------------------------------


     Number of (k,k+q) pairs on the Fermi surface:      157 out of      324


     ismear =     1 iq =     269 coord.:   0.77778  0.88889  0.00000 wt:   0.00309 Temp:  300.000K
     -------------------------------------------------------------------
     lambda___(   1 )=       0.000000   gamma___=       0.000000 meV  omega=     25.6008 meV   on_shell_Omega=     25.6008 meV  off_shell_Omega=     25.6008 meV
     lambda_tr(   1 )=       0.000000   gamma_tr=       0.000000 meV  omega=     25.6008 meV   on_shell_Omega=     25.6008 meV  off_shell_Omega=     25.6008 meV
     lambda___(   2 )=       0.000000   gamma___=       0.000000 meV  omega=     71.9880 meV   on_shell_Omega=     71.9880 meV  off_shell_Omega=     71.9880 meV
     lambda_tr(   2 )=       0.000000   gamma_tr=       0.000000 meV  omega=     71.9880 meV   on_shell_Omega=     71.9880 meV  off_shell_Omega=     71.9880 meV
     lambda___(   3 )=       0.000000   gamma___=       0.000000 meV  omega=     98.6268 meV   on_shell_Omega=     98.6268 meV  off_shell_Omega=     98.6268 meV
     lambda_tr(   3 )=       0.000000   gamma_tr=       0.000000 meV  omega=     98.6268 meV   on_shell_Omega=     98.6268 meV  off_shell_Omega=     98.6268 meV
     lambda___(   4 )=       0.000000   gamma___=       0.000000 meV  omega=    108.3211 meV   on_shell_Omega=    108.3211 meV  off_shell_Omega=    108.3211 meV
     lambda_tr(   4 )=       0.000000   gamma_tr=       0.000000 meV  omega=    108.3211 meV   on_shell_Omega=    108.3211 meV  off_shell_Omega=    108.3211 meV
     lambda___(   5 )=       0.000000   gamma___=       0.000000 meV  omega=    178.9700 meV   on_shell_Omega=    178.9700 meV  off_shell_Omega=    178.9700 meV
     lambda_tr(   5 )=       0.000000   gamma_tr=       0.000000 meV  omega=    178.9700 meV   on_shell_Omega=    178.9700 meV  off_shell_Omega=    178.9700 meV
     lambda___(   6 )=       0.000000   gamma___=       0.000000 meV  omega=    193.9468 meV   on_shell_Omega=    193.9468 meV  off_shell_Omega=    193.9468 meV
     lambda_tr(   6 )=       0.000000   gamma_tr=       0.000000 meV  omega=    193.9468 meV   on_shell_Omega=    193.9468 meV  off_shell_Omega=    193.9468 meV
     lambda___( tot )=       0.000000
     lambda_tr( tot )=       0.000000
     -------------------------------------------------------------------


     Number of (k,k+q) pairs on the Fermi surface:      163 out of      324


     ismear =     1 iq =     270 coord.:   0.77778  0.94444  0.00000 wt:   0.00309 Temp:  300.000K
     -------------------------------------------------------------------
     lambda___(   1 )=       0.000000   gamma___=       0.000000 meV  omega=     19.6520 meV   on_shell_Omega=     19.6520 meV  off_shell_Omega=     19.6520 meV
     lambda_tr(   1 )=       0.000000   gamma_tr=       0.000000 meV  omega=     19.6520 meV   on_shell_Omega=     19.6520 meV  off_shell_Omega=     19.6520 meV
     lambda___(   2 )=       0.000000   gamma___=       0.000000 meV  omega=     60.2879 meV   on_shell_Omega=     60.2879 meV  off_shell_Omega=     60.2879 meV
     lambda_tr(   2 )=       0.000000   gamma_tr=       0.000000 meV  omega=     60.2879 meV   on_shell_Omega=     60.2879 meV  off_shell_Omega=     60.2879 meV
     lambda___(   3 )=       0.000000   gamma___=       0.000000 meV  omega=     98.3670 meV   on_shell_Omega=     98.3670 meV  off_shell_Omega=     98.3670 meV
     lambda_tr(   3 )=       0.000000   gamma_tr=       0.000000 meV  omega=     98.3670 meV   on_shell_Omega=     98.3670 meV  off_shell_Omega=     98.3670 meV
     lambda___(   4 )=       0.000000   gamma___=       0.000000 meV  omega=    101.4990 meV   on_shell_Omega=    101.4990 meV  off_shell_Omega=    101.4990 meV
     lambda_tr(   4 )=       0.000000   gamma_tr=       0.000000 meV  omega=    101.4990 meV   on_shell_Omega=    101.4990 meV  off_shell_Omega=    101.4990 meV
     lambda___(   5 )=       0.000000   gamma___=       0.000000 meV  omega=    182.2466 meV   on_shell_Omega=    182.2466 meV  off_shell_Omega=    182.2466 meV
     lambda_tr(   5 )=       0.000000   gamma_tr=       0.000000 meV  omega=    182.2466 meV   on_shell_Omega=    182.2466 meV  off_shell_Omega=    182.2466 meV
     lambda___(   6 )=       0.000000   gamma___=       0.000000 meV  omega=    197.3939 meV   on_shell_Omega=    197.3939 meV  off_shell_Omega=    197.3939 meV
     lambda_tr(   6 )=       0.000000   gamma_tr=       0.000000 meV  omega=    197.3939 meV   on_shell_Omega=    197.3939 meV  off_shell_Omega=    197.3939 meV
     lambda___( tot )=       0.000000
     lambda_tr( tot )=       0.000000
     -------------------------------------------------------------------


     Number of (k,k+q) pairs on the Fermi surface:      170 out of      324


     ismear =     1 iq =     271 coord.:   0.83333  0.00000  0.00000 wt:   0.00309 Temp:  300.000K
     -------------------------------------------------------------------
     lambda___(   1 )=       0.000000   gamma___=       0.000000 meV  omega=      8.3280 meV   on_shell_Omega=      8.3280 meV  off_shell_Omega=      8.3280 meV
     lambda_tr(   1 )=       0.000000   gamma_tr=       0.000000 meV  omega=      8.3280 meV   on_shell_Omega=      8.3280 meV  off_shell_Omega=      8.3280 meV
     lambda___(   2 )=       0.000000   gamma___=       0.000000 meV  omega=     41.7169 meV   on_shell_Omega=     41.7169 meV  off_shell_Omega=     41.7169 meV
     lambda_tr(   2 )=       0.000000   gamma_tr=       0.000000 meV  omega=     41.7169 meV   on_shell_Omega=     41.7169 meV  off_shell_Omega=     41.7169 meV
     lambda___(   3 )=       0.000000   gamma___=       0.000000 meV  omega=     67.8271 meV   on_shell_Omega=     67.8271 meV  off_shell_Omega=     67.8271 meV
     lambda_tr(   3 )=       0.000000   gamma_tr=       0.000000 meV  omega=     67.8271 meV   on_shell_Omega=     67.8271 meV  off_shell_Omega=     67.8271 meV
     lambda___(   4 )=       0.000000   gamma___=       0.000000 meV  omega=    105.8192 meV   on_shell_Omega=    105.8192 meV  off_shell_Omega=    105.8192 meV
     lambda_tr(   4 )=       0.000000   gamma_tr=       0.000000 meV  omega=    105.8192 meV   on_shell_Omega=    105.8192 meV  off_shell_Omega=    105.8192 meV
     lambda___(   5 )=       0.000000   gamma___=       0.000000 meV  omega=    188.4072 meV   on_shell_Omega=    188.4072 meV  off_shell_Omega=    188.4072 meV
     lambda_tr(   5 )=       0.000000   gamma_tr=       0.000000 meV  omega=    188.4072 meV   on_shell_Omega=    188.4072 meV  off_shell_Omega=    188.4072 meV
     lambda___(   6 )=       0.000000   gamma___=       0.000000 meV  omega=    199.4475 meV   on_shell_Omega=    199.4475 meV  off_shell_Omega=    199.4475 meV
     lambda_tr(   6 )=       0.000000   gamma_tr=       0.000000 meV  omega=    199.4475 meV   on_shell_Omega=    199.4475 meV  off_shell_Omega=    199.4475 meV
     lambda___( tot )=       0.000000
     lambda_tr( tot )=       0.000000
     -------------------------------------------------------------------


     Number of (k,k+q) pairs on the Fermi surface:      191 out of      324


     ismear =     1 iq =     272 coord.:   0.83333  0.05556  0.00000 wt:   0.00309 Temp:  300.000K
     -------------------------------------------------------------------
     lambda___(   1 )=       0.000000   gamma___=       0.000000 meV  omega=      6.9065 meV   on_shell_Omega=      6.9066 meV  off_shell_Omega=      6.9066 meV
     lambda_tr(   1 )=       0.000000   gamma_tr=       0.000000 meV  omega=      6.9065 meV   on_shell_Omega=      6.9066 meV  off_shell_Omega=      6.9066 meV
     lambda___(   2 )=       0.000000   gamma___=       0.000000 meV  omega=     38.7189 meV   on_shell_Omega=     38.7189 meV  off_shell_Omega=     38.7189 meV
     lambda_tr(   2 )=       0.000000   gamma_tr=       0.000000 meV  omega=     38.7189 meV   on_shell_Omega=     38.7189 meV  off_shell_Omega=     38.7189 meV
     lambda___(   3 )=       0.000000   gamma___=       0.000000 meV  omega=     60.3672 meV   on_shell_Omega=     60.3672 meV  off_shell_Omega=     60.3672 meV
     lambda_tr(   3 )=       0.000000   gamma_tr=       0.000000 meV  omega=     60.3672 meV   on_shell_Omega=     60.3672 meV  off_shell_Omega=     60.3672 meV
     lambda___(   4 )=       0.000000   gamma___=       0.000000 meV  omega=    106.4328 meV   on_shell_Omega=    106.4328 meV  off_shell_Omega=    106.4328 meV
     lambda_tr(   4 )=       0.000000   gamma_tr=       0.000000 meV  omega=    106.4328 meV   on_shell_Omega=    106.4328 meV  off_shell_Omega=    106.4328 meV
     lambda___(   5 )=       0.000000   gamma___=       0.000000 meV  omega=    189.4408 meV   on_shell_Omega=    189.4408 meV  off_shell_Omega=    189.4408 meV
     lambda_tr(   5 )=       0.000000   gamma_tr=       0.000000 meV  omega=    189.4408 meV   on_shell_Omega=    189.4408 meV  off_shell_Omega=    189.4408 meV
     lambda___(   6 )=       0.000000   gamma___=       0.000000 meV  omega=    198.7135 meV   on_shell_Omega=    198.7135 meV  off_shell_Omega=    198.7135 meV
     lambda_tr(   6 )=       0.000000   gamma_tr=       0.000000 meV  omega=    198.7135 meV   on_shell_Omega=    198.7135 meV  off_shell_Omega=    198.7135 meV
     lambda___( tot )=       0.000000
     lambda_tr( tot )=       0.000000
     -------------------------------------------------------------------


     Number of (k,k+q) pairs on the Fermi surface:      204 out of      324


     ismear =     1 iq =     273 coord.:   0.83333  0.11111  0.00000 wt:   0.00309 Temp:  300.000K
     -------------------------------------------------------------------
     lambda___(   1 )=       0.000000   gamma___=       0.000000 meV  omega=      6.9065 meV   on_shell_Omega=      6.9066 meV  off_shell_Omega=      6.9066 meV
     lambda_tr(   1 )=       0.000000   gamma_tr=       0.000000 meV  omega=      6.9065 meV   on_shell_Omega=      6.9066 meV  off_shell_Omega=      6.9066 meV
     lambda___(   2 )=       0.000000   gamma___=       0.000000 meV  omega=     38.7189 meV   on_shell_Omega=     38.7189 meV  off_shell_Omega=     38.7189 meV
     lambda_tr(   2 )=       0.000000   gamma_tr=       0.000000 meV  omega=     38.7189 meV   on_shell_Omega=     38.7189 meV  off_shell_Omega=     38.7189 meV
     lambda___(   3 )=       0.000000   gamma___=       0.000000 meV  omega=     60.3672 meV   on_shell_Omega=     60.3672 meV  off_shell_Omega=     60.3672 meV
     lambda_tr(   3 )=       0.000000   gamma_tr=       0.000000 meV  omega=     60.3672 meV   on_shell_Omega=     60.3672 meV  off_shell_Omega=     60.3672 meV
     lambda___(   4 )=       0.000000   gamma___=       0.000000 meV  omega=    106.4328 meV   on_shell_Omega=    106.4328 meV  off_shell_Omega=    106.4328 meV
     lambda_tr(   4 )=       0.000000   gamma_tr=       0.000000 meV  omega=    106.4328 meV   on_shell_Omega=    106.4328 meV  off_shell_Omega=    106.4328 meV
     lambda___(   5 )=       0.000000   gamma___=       0.000000 meV  omega=    189.4408 meV   on_shell_Omega=    189.4408 meV  off_shell_Omega=    189.4408 meV
     lambda_tr(   5 )=       0.000000   gamma_tr=       0.000000 meV  omega=    189.4408 meV   on_shell_Omega=    189.4408 meV  off_shell_Omega=    189.4408 meV
     lambda___(   6 )=       0.000000   gamma___=       0.000000 meV  omega=    198.7135 meV   on_shell_Omega=    198.7135 meV  off_shell_Omega=    198.7135 meV
     lambda_tr(   6 )=       0.000000   gamma_tr=       0.000000 meV  omega=    198.7135 meV   on_shell_Omega=    198.7135 meV  off_shell_Omega=    198.7135 meV
     lambda___( tot )=       0.000000
     lambda_tr( tot )=       0.000000
     -------------------------------------------------------------------


     Number of (k,k+q) pairs on the Fermi surface:      200 out of      324


     ismear =     1 iq =     274 coord.:   0.83333  0.16667  0.00000 wt:   0.00309 Temp:  300.000K
     -------------------------------------------------------------------
     lambda___(   1 )=       0.000000   gamma___=       0.000000 meV  omega=      8.3280 meV   on_shell_Omega=      8.3280 meV  off_shell_Omega=      8.3280 meV
     lambda_tr(   1 )=       0.000000   gamma_tr=       0.000000 meV  omega=      8.3280 meV   on_shell_Omega=      8.3280 meV  off_shell_Omega=      8.3280 meV
     lambda___(   2 )=       0.000000   gamma___=       0.000000 meV  omega=     41.7169 meV   on_shell_Omega=     41.7169 meV  off_shell_Omega=     41.7169 meV
     lambda_tr(   2 )=       0.000000   gamma_tr=       0.000000 meV  omega=     41.7169 meV   on_shell_Omega=     41.7169 meV  off_shell_Omega=     41.7169 meV
     lambda___(   3 )=       0.000000   gamma___=       0.000000 meV  omega=     67.8271 meV   on_shell_Omega=     67.8272 meV  off_shell_Omega=     67.8272 meV
     lambda_tr(   3 )=       0.000000   gamma_tr=       0.000000 meV  omega=     67.8271 meV   on_shell_Omega=     67.8272 meV  off_shell_Omega=     67.8272 meV
     lambda___(   4 )=       0.000000   gamma___=       0.000000 meV  omega=    105.8192 meV   on_shell_Omega=    105.8192 meV  off_shell_Omega=    105.8192 meV
     lambda_tr(   4 )=       0.000000   gamma_tr=       0.000000 meV  omega=    105.8192 meV   on_shell_Omega=    105.8192 meV  off_shell_Omega=    105.8192 meV
     lambda___(   5 )=       0.000000   gamma___=       0.000000 meV  omega=    188.4072 meV   on_shell_Omega=    188.4072 meV  off_shell_Omega=    188.4072 meV
     lambda_tr(   5 )=       0.000000   gamma_tr=       0.000000 meV  omega=    188.4072 meV   on_shell_Omega=    188.4072 meV  off_shell_Omega=    188.4072 meV
     lambda___(   6 )=       0.000000   gamma___=       0.000000 meV  omega=    199.4475 meV   on_shell_Omega=    199.4475 meV  off_shell_Omega=    199.4475 meV
     lambda_tr(   6 )=       0.000000   gamma_tr=       0.000000 meV  omega=    199.4475 meV   on_shell_Omega=    199.4475 meV  off_shell_Omega=    199.4475 meV
     lambda___( tot )=       0.000000
     lambda_tr( tot )=       0.000000
     -------------------------------------------------------------------


     Number of (k,k+q) pairs on the Fermi surface:      190 out of      324


     ismear =     1 iq =     275 coord.:   0.83333  0.22222  0.00000 wt:   0.00309 Temp:  300.000K
     -------------------------------------------------------------------
     lambda___(   1 )=       0.000000   gamma___=       0.000000 meV  omega=     12.0105 meV   on_shell_Omega=     12.0105 meV  off_shell_Omega=     12.0105 meV
     lambda_tr(   1 )=       0.000000   gamma_tr=       0.000000 meV  omega=     12.0105 meV   on_shell_Omega=     12.0105 meV  off_shell_Omega=     12.0105 meV
     lambda___(   2 )=       0.000000   gamma___=       0.000000 meV  omega=     50.0813 meV   on_shell_Omega=     50.0813 meV  off_shell_Omega=     50.0813 meV
     lambda_tr(   2 )=       0.000000   gamma_tr=       0.000000 meV  omega=     50.0813 meV   on_shell_Omega=     50.0813 meV  off_shell_Omega=     50.0813 meV
     lambda___(   3 )=       0.000000   gamma___=       0.000000 meV  omega=     79.1106 meV   on_shell_Omega=     79.1106 meV  off_shell_Omega=     79.1106 meV
     lambda_tr(   3 )=       0.000000   gamma_tr=       0.000000 meV  omega=     79.1106 meV   on_shell_Omega=     79.1106 meV  off_shell_Omega=     79.1106 meV
     lambda___(   4 )=       0.000000   gamma___=       0.000000 meV  omega=    104.4708 meV   on_shell_Omega=    104.4708 meV  off_shell_Omega=    104.4708 meV
     lambda_tr(   4 )=       0.000000   gamma_tr=       0.000000 meV  omega=    104.4708 meV   on_shell_Omega=    104.4708 meV  off_shell_Omega=    104.4708 meV
     lambda___(   5 )=       0.000000   gamma___=       0.000000 meV  omega=    186.0446 meV   on_shell_Omega=    186.0446 meV  off_shell_Omega=    186.0446 meV
     lambda_tr(   5 )=       0.000000   gamma_tr=       0.000000 meV  omega=    186.0446 meV   on_shell_Omega=    186.0446 meV  off_shell_Omega=    186.0446 meV
     lambda___(   6 )=       0.000000   gamma___=       0.000000 meV  omega=    199.4970 meV   on_shell_Omega=    199.4970 meV  off_shell_Omega=    199.4970 meV
     lambda_tr(   6 )=       0.000000   gamma_tr=       0.000000 meV  omega=    199.4970 meV   on_shell_Omega=    199.4970 meV  off_shell_Omega=    199.4970 meV
     lambda___( tot )=       0.000000
     lambda_tr( tot )=       0.000000
     -------------------------------------------------------------------


     Number of (k,k+q) pairs on the Fermi surface:      178 out of      324


     ismear =     1 iq =     276 coord.:   0.83333  0.27778  0.00000 wt:   0.00309 Temp:  300.000K
     -------------------------------------------------------------------
     lambda___(   1 )=       0.000000   gamma___=       0.000000 meV  omega=     17.5670 meV   on_shell_Omega=     17.5671 meV  off_shell_Omega=     17.5671 meV
     lambda_tr(   1 )=       0.000000   gamma_tr=       0.000000 meV  omega=     17.5670 meV   on_shell_Omega=     17.5671 meV  off_shell_Omega=     17.5671 meV
     lambda___(   2 )=       0.000000   gamma___=       0.000000 meV  omega=     62.0825 meV   on_shell_Omega=     62.0825 meV  off_shell_Omega=     62.0825 meV
     lambda_tr(   2 )=       0.000000   gamma_tr=       0.000000 meV  omega=     62.0825 meV   on_shell_Omega=     62.0825 meV  off_shell_Omega=     62.0825 meV
     lambda___(   3 )=       0.000000   gamma___=       0.000000 meV  omega=     91.7091 meV   on_shell_Omega=     91.7091 meV  off_shell_Omega=     91.7091 meV
     lambda_tr(   3 )=       0.000000   gamma_tr=       0.000000 meV  omega=     91.7091 meV   on_shell_Omega=     91.7091 meV  off_shell_Omega=     91.7091 meV
     lambda___(   4 )=       0.000000   gamma___=       0.000000 meV  omega=    102.2594 meV   on_shell_Omega=    102.2594 meV  off_shell_Omega=    102.2594 meV
     lambda_tr(   4 )=       0.000000   gamma_tr=       0.000000 meV  omega=    102.2594 meV   on_shell_Omega=    102.2594 meV  off_shell_Omega=    102.2594 meV
     lambda___(   5 )=       0.000000   gamma___=       0.000000 meV  omega=    182.5104 meV   on_shell_Omega=    182.5104 meV  off_shell_Omega=    182.5104 meV
     lambda_tr(   5 )=       0.000000   gamma_tr=       0.000000 meV  omega=    182.5104 meV   on_shell_Omega=    182.5104 meV  off_shell_Omega=    182.5104 meV
     lambda___(   6 )=       0.000000   gamma___=       0.000000 meV  omega=    197.7334 meV   on_shell_Omega=    197.7334 meV  off_shell_Omega=    197.7334 meV
     lambda_tr(   6 )=       0.000000   gamma_tr=       0.000000 meV  omega=    197.7334 meV   on_shell_Omega=    197.7334 meV  off_shell_Omega=    197.7334 meV
     lambda___( tot )=       0.000000
     lambda_tr( tot )=       0.000000
     -------------------------------------------------------------------


     Number of (k,k+q) pairs on the Fermi surface:      169 out of      324


     ismear =     1 iq =     277 coord.:   0.83333  0.33333  0.00000 wt:   0.00309 Temp:  300.000K
     -------------------------------------------------------------------
     lambda___(   1 )=       0.000000   gamma___=       0.000000 meV  omega=     24.3343 meV   on_shell_Omega=     24.3343 meV  off_shell_Omega=     24.3343 meV
     lambda_tr(   1 )=       0.000000   gamma_tr=       0.000000 meV  omega=     24.3343 meV   on_shell_Omega=     24.3343 meV  off_shell_Omega=     24.3343 meV
     lambda___(   2 )=       0.000000   gamma___=       0.000000 meV  omega=     74.3972 meV   on_shell_Omega=     74.3972 meV  off_shell_Omega=     74.3972 meV
     lambda_tr(   2 )=       0.000000   gamma_tr=       0.000000 meV  omega=     74.3972 meV   on_shell_Omega=     74.3972 meV  off_shell_Omega=     74.3972 meV
     lambda___(   3 )=       0.000000   gamma___=       0.000000 meV  omega=     99.0822 meV   on_shell_Omega=     99.0822 meV  off_shell_Omega=     99.0822 meV
     lambda_tr(   3 )=       0.000000   gamma_tr=       0.000000 meV  omega=     99.0822 meV   on_shell_Omega=     99.0822 meV  off_shell_Omega=     99.0822 meV
     lambda___(   4 )=       0.000000   gamma___=       0.000000 meV  omega=    104.4304 meV   on_shell_Omega=    104.4304 meV  off_shell_Omega=    104.4304 meV
     lambda_tr(   4 )=       0.000000   gamma_tr=       0.000000 meV  omega=    104.4304 meV   on_shell_Omega=    104.4304 meV  off_shell_Omega=    104.4304 meV
     lambda___(   5 )=       0.000000   gamma___=       0.000000 meV  omega=    178.8251 meV   on_shell_Omega=    178.8251 meV  off_shell_Omega=    178.8251 meV
     lambda_tr(   5 )=       0.000000   gamma_tr=       0.000000 meV  omega=    178.8251 meV   on_shell_Omega=    178.8251 meV  off_shell_Omega=    178.8251 meV
     lambda___(   6 )=       0.000000   gamma___=       0.000000 meV  omega=    194.1346 meV   on_shell_Omega=    194.1346 meV  off_shell_Omega=    194.1346 meV
     lambda_tr(   6 )=       0.000000   gamma_tr=       0.000000 meV  omega=    194.1346 meV   on_shell_Omega=    194.1346 meV  off_shell_Omega=    194.1346 meV
     lambda___( tot )=       0.000000
     lambda_tr( tot )=       0.000000
     -------------------------------------------------------------------


     Number of (k,k+q) pairs on the Fermi surface:      161 out of      324


     ismear =     1 iq =     278 coord.:   0.83333  0.38889  0.00000 wt:   0.00309 Temp:  300.000K
     -------------------------------------------------------------------
     lambda___(   1 )=       0.000000   gamma___=       0.000000 meV  omega=     32.0897 meV   on_shell_Omega=     32.0898 meV  off_shell_Omega=     32.0898 meV
     lambda_tr(   1 )=       0.000000   gamma_tr=       0.000000 meV  omega=     32.0897 meV   on_shell_Omega=     32.0898 meV  off_shell_Omega=     32.0898 meV
     lambda___(   2 )=       0.000000   gamma___=       0.000000 meV  omega=     84.5086 meV   on_shell_Omega=     84.5086 meV  off_shell_Omega=     84.5086 meV
     lambda_tr(   2 )=       0.000000   gamma_tr=       0.000000 meV  omega=     84.5086 meV   on_shell_Omega=     84.5086 meV  off_shell_Omega=     84.5086 meV
     lambda___(   3 )=       0.000000   gamma___=       0.000000 meV  omega=     94.7996 meV   on_shell_Omega=     94.7996 meV  off_shell_Omega=     94.7996 meV
     lambda_tr(   3 )=       0.000000   gamma_tr=       0.000000 meV  omega=     94.7996 meV   on_shell_Omega=     94.7996 meV  off_shell_Omega=     94.7996 meV
     lambda___(   4 )=       0.000000   gamma___=       0.000000 meV  omega=    117.2112 meV   on_shell_Omega=    117.2112 meV  off_shell_Omega=    117.2112 meV
     lambda_tr(   4 )=       0.000000   gamma_tr=       0.000000 meV  omega=    117.2112 meV   on_shell_Omega=    117.2112 meV  off_shell_Omega=    117.2112 meV
     lambda___(   5 )=       0.000000   gamma___=       0.000000 meV  omega=    175.9528 meV   on_shell_Omega=    175.9528 meV  off_shell_Omega=    175.9528 meV
     lambda_tr(   5 )=       0.000000   gamma_tr=       0.000000 meV  omega=    175.9528 meV   on_shell_Omega=    175.9528 meV  off_shell_Omega=    175.9528 meV
     lambda___(   6 )=       0.000000   gamma___=       0.000000 meV  omega=    189.1410 meV   on_shell_Omega=    189.1410 meV  off_shell_Omega=    189.1410 meV
     lambda_tr(   6 )=       0.000000   gamma_tr=       0.000000 meV  omega=    189.1410 meV   on_shell_Omega=    189.1410 meV  off_shell_Omega=    189.1410 meV
     lambda___( tot )=       0.000000
     lambda_tr( tot )=       0.000000
     -------------------------------------------------------------------


     Number of (k,k+q) pairs on the Fermi surface:      159 out of      324


     ismear =     1 iq =     279 coord.:   0.83333  0.44444  0.00000 wt:   0.00309 Temp:  300.000K
     -------------------------------------------------------------------
     lambda___(   1 )=       0.000000   gamma___=       0.000000 meV  omega=     40.7001 meV   on_shell_Omega=     40.7001 meV  off_shell_Omega=     40.7001 meV
     lambda_tr(   1 )=       0.000000   gamma_tr=       0.000000 meV  omega=     40.7001 meV   on_shell_Omega=     40.7001 meV  off_shell_Omega=     40.7001 meV
     lambda___(   2 )=       0.000000   gamma___=       0.000000 meV  omega=     89.2832 meV   on_shell_Omega=     89.2832 meV  off_shell_Omega=     89.2832 meV
     lambda_tr(   2 )=       0.000000   gamma_tr=       0.000000 meV  omega=     89.2832 meV   on_shell_Omega=     89.2832 meV  off_shell_Omega=     89.2832 meV
     lambda___(   3 )=       0.000000   gamma___=       0.000000 meV  omega=     91.6228 meV   on_shell_Omega=     91.6228 meV  off_shell_Omega=     91.6228 meV
     lambda_tr(   3 )=       0.000000   gamma_tr=       0.000000 meV  omega=     91.6228 meV   on_shell_Omega=     91.6228 meV  off_shell_Omega=     91.6228 meV
     lambda___(   4 )=       0.000000   gamma___=       0.000000 meV  omega=    130.2195 meV   on_shell_Omega=    130.2195 meV  off_shell_Omega=    130.2195 meV
     lambda_tr(   4 )=       0.000000   gamma_tr=       0.000000 meV  omega=    130.2195 meV   on_shell_Omega=    130.2195 meV  off_shell_Omega=    130.2195 meV
     lambda___(   5 )=       0.000000   gamma___=       0.000000 meV  omega=    173.7687 meV   on_shell_Omega=    173.7687 meV  off_shell_Omega=    173.7687 meV
     lambda_tr(   5 )=       0.000000   gamma_tr=       0.000000 meV  omega=    173.7687 meV   on_shell_Omega=    173.7687 meV  off_shell_Omega=    173.7687 meV
     lambda___(   6 )=       0.000000   gamma___=       0.000000 meV  omega=    182.8642 meV   on_shell_Omega=    182.8642 meV  off_shell_Omega=    182.8642 meV
     lambda_tr(   6 )=       0.000000   gamma_tr=       0.000000 meV  omega=    182.8642 meV   on_shell_Omega=    182.8642 meV  off_shell_Omega=    182.8642 meV
     lambda___( tot )=       0.000000
     lambda_tr( tot )=       0.000000
     -------------------------------------------------------------------


     Number of (k,k+q) pairs on the Fermi surface:      157 out of      324


     ismear =     1 iq =     280 coord.:   0.83333  0.50000  0.00000 wt:   0.00309 Temp:  300.000K
     -------------------------------------------------------------------
     lambda___(   1 )=       0.000000   gamma___=       0.000000 meV  omega=     49.6179 meV   on_shell_Omega=     49.6179 meV  off_shell_Omega=     49.6179 meV
     lambda_tr(   1 )=       0.000000   gamma_tr=       0.000000 meV  omega=     49.6179 meV   on_shell_Omega=     49.6179 meV  off_shell_Omega=     49.6179 meV
     lambda___(   2 )=       0.000000   gamma___=       0.000000 meV  omega=     82.7207 meV   on_shell_Omega=     82.7207 meV  off_shell_Omega=     82.7207 meV
     lambda_tr(   2 )=       0.000000   gamma_tr=       0.000000 meV  omega=     82.7207 meV   on_shell_Omega=     82.7207 meV  off_shell_Omega=     82.7207 meV
     lambda___(   3 )=       0.000000   gamma___=       0.000000 meV  omega=     96.2760 meV   on_shell_Omega=     96.2760 meV  off_shell_Omega=     96.2760 meV
     lambda_tr(   3 )=       0.000000   gamma_tr=       0.000000 meV  omega=     96.2760 meV   on_shell_Omega=     96.2760 meV  off_shell_Omega=     96.2760 meV
     lambda___(   4 )=       0.000000   gamma___=       0.000000 meV  omega=    142.9427 meV   on_shell_Omega=    142.9427 meV  off_shell_Omega=    142.9427 meV
     lambda_tr(   4 )=       0.000000   gamma_tr=       0.000000 meV  omega=    142.9427 meV   on_shell_Omega=    142.9427 meV  off_shell_Omega=    142.9427 meV
     lambda___(   5 )=       0.000000   gamma___=       0.000000 meV  omega=    171.6981 meV   on_shell_Omega=    171.6981 meV  off_shell_Omega=    171.6981 meV
     lambda_tr(   5 )=       0.000000   gamma_tr=       0.000000 meV  omega=    171.6981 meV   on_shell_Omega=    171.6981 meV  off_shell_Omega=    171.6981 meV
     lambda___(   6 )=       0.000000   gamma___=       0.000000 meV  omega=    175.1952 meV   on_shell_Omega=    175.1952 meV  off_shell_Omega=    175.1952 meV
     lambda_tr(   6 )=       0.000000   gamma_tr=       0.000000 meV  omega=    175.1952 meV   on_shell_Omega=    175.1952 meV  off_shell_Omega=    175.1952 meV
     lambda___( tot )=       0.000000
     lambda_tr( tot )=       0.000000
     -------------------------------------------------------------------


     Number of (k,k+q) pairs on the Fermi surface:      159 out of      324


     ismear =     1 iq =     281 coord.:   0.83333  0.55556  0.00000 wt:   0.00309 Temp:  300.000K
     -------------------------------------------------------------------
     lambda___(   1 )=       0.000000   gamma___=       0.000000 meV  omega=     57.0053 meV   on_shell_Omega=     57.0053 meV  off_shell_Omega=     57.0053 meV
     lambda_tr(   1 )=       0.000000   gamma_tr=       0.000000 meV  omega=     57.0053 meV   on_shell_Omega=     57.0053 meV  off_shell_Omega=     57.0053 meV
     lambda___(   2 )=       0.000000   gamma___=       0.000000 meV  omega=     76.6052 meV   on_shell_Omega=     76.6052 meV  off_shell_Omega=     76.6052 meV
     lambda_tr(   2 )=       0.000000   gamma_tr=       0.000000 meV  omega=     76.6052 meV   on_shell_Omega=     76.6052 meV  off_shell_Omega=     76.6052 meV
     lambda___(   3 )=       0.000000   gamma___=       0.000000 meV  omega=     98.7492 meV   on_shell_Omega=     98.7492 meV  off_shell_Omega=     98.7492 meV
     lambda_tr(   3 )=       0.000000   gamma_tr=       0.000000 meV  omega=     98.7492 meV   on_shell_Omega=     98.7492 meV  off_shell_Omega=     98.7492 meV
     lambda___(   4 )=       0.000000   gamma___=       0.000000 meV  omega=    154.5345 meV   on_shell_Omega=    154.5345 meV  off_shell_Omega=    154.5345 meV
     lambda_tr(   4 )=       0.000000   gamma_tr=       0.000000 meV  omega=    154.5345 meV   on_shell_Omega=    154.5345 meV  off_shell_Omega=    154.5345 meV
     lambda___(   5 )=       0.000000   gamma___=       0.000000 meV  omega=    166.0175 meV   on_shell_Omega=    166.0175 meV  off_shell_Omega=    166.0175 meV
     lambda_tr(   5 )=       0.000000   gamma_tr=       0.000000 meV  omega=    166.0175 meV   on_shell_Omega=    166.0175 meV  off_shell_Omega=    166.0175 meV
     lambda___(   6 )=       0.000000   gamma___=       0.000000 meV  omega=    170.3978 meV   on_shell_Omega=    170.3978 meV  off_shell_Omega=    170.3978 meV
     lambda_tr(   6 )=       0.000000   gamma_tr=       0.000000 meV  omega=    170.3978 meV   on_shell_Omega=    170.3978 meV  off_shell_Omega=    170.3978 meV
     lambda___( tot )=       0.000000
     lambda_tr( tot )=       0.000000
     -------------------------------------------------------------------


     Number of (k,k+q) pairs on the Fermi surface:      164 out of      324


     ismear =     1 iq =     282 coord.:   0.83333  0.61111  0.00000 wt:   0.00309 Temp:  300.000K
     -------------------------------------------------------------------
     lambda___(   1 )=       0.000000   gamma___=       0.000000 meV  omega=     57.0053 meV   on_shell_Omega=     57.0053 meV  off_shell_Omega=     57.0053 meV
     lambda_tr(   1 )=       0.000000   gamma_tr=       0.000000 meV  omega=     57.0053 meV   on_shell_Omega=     57.0053 meV  off_shell_Omega=     57.0053 meV
     lambda___(   2 )=       0.000000   gamma___=       0.000000 meV  omega=     76.6052 meV   on_shell_Omega=     76.6052 meV  off_shell_Omega=     76.6052 meV
     lambda_tr(   2 )=       0.000000   gamma_tr=       0.000000 meV  omega=     76.6052 meV   on_shell_Omega=     76.6052 meV  off_shell_Omega=     76.6052 meV
     lambda___(   3 )=       0.000000   gamma___=       0.000000 meV  omega=     98.7492 meV   on_shell_Omega=     98.7492 meV  off_shell_Omega=     98.7492 meV
     lambda_tr(   3 )=       0.000000   gamma_tr=       0.000000 meV  omega=     98.7492 meV   on_shell_Omega=     98.7492 meV  off_shell_Omega=     98.7492 meV
     lambda___(   4 )=       0.000000   gamma___=       0.000000 meV  omega=    154.5345 meV   on_shell_Omega=    154.5345 meV  off_shell_Omega=    154.5345 meV
     lambda_tr(   4 )=       0.000000   gamma_tr=       0.000000 meV  omega=    154.5345 meV   on_shell_Omega=    154.5345 meV  off_shell_Omega=    154.5345 meV
     lambda___(   5 )=       0.000000   gamma___=       0.000000 meV  omega=    166.0175 meV   on_shell_Omega=    166.0175 meV  off_shell_Omega=    166.0175 meV
     lambda_tr(   5 )=       0.000000   gamma_tr=       0.000000 meV  omega=    166.0175 meV   on_shell_Omega=    166.0175 meV  off_shell_Omega=    166.0175 meV
     lambda___(   6 )=       0.000000   gamma___=       0.000000 meV  omega=    170.3978 meV   on_shell_Omega=    170.3978 meV  off_shell_Omega=    170.3978 meV
     lambda_tr(   6 )=       0.000000   gamma_tr=       0.000000 meV  omega=    170.3978 meV   on_shell_Omega=    170.3978 meV  off_shell_Omega=    170.3978 meV
     lambda___( tot )=       0.000000
     lambda_tr( tot )=       0.000000
     -------------------------------------------------------------------


     Number of (k,k+q) pairs on the Fermi surface:      162 out of      324


     ismear =     1 iq =     283 coord.:   0.83333  0.66667  0.00000 wt:   0.00309 Temp:  300.000K
     -------------------------------------------------------------------
     lambda___(   1 )=       0.000000   gamma___=       0.000000 meV  omega=     49.6179 meV   on_shell_Omega=     49.6179 meV  off_shell_Omega=     49.6179 meV
     lambda_tr(   1 )=       0.000000   gamma_tr=       0.000000 meV  omega=     49.6179 meV   on_shell_Omega=     49.6179 meV  off_shell_Omega=     49.6179 meV
     lambda___(   2 )=       0.000000   gamma___=       0.000000 meV  omega=     82.7207 meV   on_shell_Omega=     82.7207 meV  off_shell_Omega=     82.7207 meV
     lambda_tr(   2 )=       0.000000   gamma_tr=       0.000000 meV  omega=     82.7207 meV   on_shell_Omega=     82.7207 meV  off_shell_Omega=     82.7207 meV
     lambda___(   3 )=       0.000000   gamma___=       0.000000 meV  omega=     96.2760 meV   on_shell_Omega=     96.2760 meV  off_shell_Omega=     96.2760 meV
     lambda_tr(   3 )=       0.000000   gamma_tr=       0.000000 meV  omega=     96.2760 meV   on_shell_Omega=     96.2760 meV  off_shell_Omega=     96.2760 meV
     lambda___(   4 )=       0.000000   gamma___=       0.000000 meV  omega=    142.9427 meV   on_shell_Omega=    142.9427 meV  off_shell_Omega=    142.9427 meV
     lambda_tr(   4 )=       0.000000   gamma_tr=       0.000000 meV  omega=    142.9427 meV   on_shell_Omega=    142.9427 meV  off_shell_Omega=    142.9427 meV
     lambda___(   5 )=       0.000000   gamma___=       0.000000 meV  omega=    171.6981 meV   on_shell_Omega=    171.6981 meV  off_shell_Omega=    171.6981 meV
     lambda_tr(   5 )=       0.000000   gamma_tr=       0.000000 meV  omega=    171.6981 meV   on_shell_Omega=    171.6981 meV  off_shell_Omega=    171.6981 meV
     lambda___(   6 )=       0.000000   gamma___=       0.000000 meV  omega=    175.1952 meV   on_shell_Omega=    175.1952 meV  off_shell_Omega=    175.1952 meV
     lambda_tr(   6 )=       0.000000   gamma_tr=       0.000000 meV  omega=    175.1952 meV   on_shell_Omega=    175.1952 meV  off_shell_Omega=    175.1952 meV
     lambda___( tot )=       0.000000
     lambda_tr( tot )=       0.000000
     -------------------------------------------------------------------


     Number of (k,k+q) pairs on the Fermi surface:      159 out of      324


     ismear =     1 iq =     284 coord.:   0.83333  0.72222  0.00000 wt:   0.00309 Temp:  300.000K
     -------------------------------------------------------------------
     lambda___(   1 )=       0.000000   gamma___=       0.000000 meV  omega=     40.7001 meV   on_shell_Omega=     40.7001 meV  off_shell_Omega=     40.7001 meV
     lambda_tr(   1 )=       0.000000   gamma_tr=       0.000000 meV  omega=     40.7001 meV   on_shell_Omega=     40.7001 meV  off_shell_Omega=     40.7001 meV
     lambda___(   2 )=       0.000000   gamma___=       0.000000 meV  omega=     89.2832 meV   on_shell_Omega=     89.2832 meV  off_shell_Omega=     89.2832 meV
     lambda_tr(   2 )=       0.000000   gamma_tr=       0.000000 meV  omega=     89.2832 meV   on_shell_Omega=     89.2832 meV  off_shell_Omega=     89.2832 meV
     lambda___(   3 )=       0.000000   gamma___=       0.000000 meV  omega=     91.6228 meV   on_shell_Omega=     91.6228 meV  off_shell_Omega=     91.6228 meV
     lambda_tr(   3 )=       0.000000   gamma_tr=       0.000000 meV  omega=     91.6228 meV   on_shell_Omega=     91.6228 meV  off_shell_Omega=     91.6228 meV
     lambda___(   4 )=       0.000000   gamma___=       0.000000 meV  omega=    130.2195 meV   on_shell_Omega=    130.2195 meV  off_shell_Omega=    130.2195 meV
     lambda_tr(   4 )=       0.000000   gamma_tr=       0.000000 meV  omega=    130.2195 meV   on_shell_Omega=    130.2195 meV  off_shell_Omega=    130.2195 meV
     lambda___(   5 )=       0.000000   gamma___=       0.000000 meV  omega=    173.7687 meV   on_shell_Omega=    173.7687 meV  off_shell_Omega=    173.7687 meV
     lambda_tr(   5 )=       0.000000   gamma_tr=       0.000000 meV  omega=    173.7687 meV   on_shell_Omega=    173.7687 meV  off_shell_Omega=    173.7687 meV
     lambda___(   6 )=       0.000000   gamma___=       0.000000 meV  omega=    182.8642 meV   on_shell_Omega=    182.8642 meV  off_shell_Omega=    182.8642 meV
     lambda_tr(   6 )=       0.000000   gamma_tr=       0.000000 meV  omega=    182.8642 meV   on_shell_Omega=    182.8642 meV  off_shell_Omega=    182.8642 meV
     lambda___( tot )=       0.000000
     lambda_tr( tot )=       0.000000
     -------------------------------------------------------------------


     Number of (k,k+q) pairs on the Fermi surface:      159 out of      324


     ismear =     1 iq =     285 coord.:   0.83333  0.77778  0.00000 wt:   0.00309 Temp:  300.000K
     -------------------------------------------------------------------
     lambda___(   1 )=       0.000000   gamma___=       0.000000 meV  omega=     32.0897 meV   on_shell_Omega=     32.0898 meV  off_shell_Omega=     32.0898 meV
     lambda_tr(   1 )=       0.000000   gamma_tr=       0.000000 meV  omega=     32.0897 meV   on_shell_Omega=     32.0898 meV  off_shell_Omega=     32.0898 meV
     lambda___(   2 )=       0.000000   gamma___=       0.000000 meV  omega=     84.5086 meV   on_shell_Omega=     84.5086 meV  off_shell_Omega=     84.5086 meV
     lambda_tr(   2 )=       0.000000   gamma_tr=       0.000000 meV  omega=     84.5086 meV   on_shell_Omega=     84.5086 meV  off_shell_Omega=     84.5086 meV
     lambda___(   3 )=       0.000000   gamma___=       0.000000 meV  omega=     94.7996 meV   on_shell_Omega=     94.7996 meV  off_shell_Omega=     94.7996 meV
     lambda_tr(   3 )=       0.000000   gamma_tr=       0.000000 meV  omega=     94.7996 meV   on_shell_Omega=     94.7996 meV  off_shell_Omega=     94.7996 meV
     lambda___(   4 )=       0.000000   gamma___=       0.000000 meV  omega=    117.2112 meV   on_shell_Omega=    117.2112 meV  off_shell_Omega=    117.2112 meV
     lambda_tr(   4 )=       0.000000   gamma_tr=       0.000000 meV  omega=    117.2112 meV   on_shell_Omega=    117.2112 meV  off_shell_Omega=    117.2112 meV
     lambda___(   5 )=       0.000000   gamma___=       0.000000 meV  omega=    175.9528 meV   on_shell_Omega=    175.9528 meV  off_shell_Omega=    175.9528 meV
     lambda_tr(   5 )=       0.000000   gamma_tr=       0.000000 meV  omega=    175.9528 meV   on_shell_Omega=    175.9528 meV  off_shell_Omega=    175.9528 meV
     lambda___(   6 )=       0.000000   gamma___=       0.000000 meV  omega=    189.1410 meV   on_shell_Omega=    189.1410 meV  off_shell_Omega=    189.1410 meV
     lambda_tr(   6 )=       0.000000   gamma_tr=       0.000000 meV  omega=    189.1410 meV   on_shell_Omega=    189.1410 meV  off_shell_Omega=    189.1410 meV
     lambda___( tot )=       0.000000
     lambda_tr( tot )=       0.000000
     -------------------------------------------------------------------


     Number of (k,k+q) pairs on the Fermi surface:      158 out of      324


     ismear =     1 iq =     286 coord.:   0.83333  0.83333  0.00000 wt:   0.00309 Temp:  300.000K
     -------------------------------------------------------------------
     lambda___(   1 )=       0.000000   gamma___=       0.000000 meV  omega=     24.3343 meV   on_shell_Omega=     24.3343 meV  off_shell_Omega=     24.3343 meV
     lambda_tr(   1 )=       0.000000   gamma_tr=       0.000000 meV  omega=     24.3343 meV   on_shell_Omega=     24.3343 meV  off_shell_Omega=     24.3343 meV
     lambda___(   2 )=       0.000000   gamma___=       0.000000 meV  omega=     74.3972 meV   on_shell_Omega=     74.3972 meV  off_shell_Omega=     74.3972 meV
     lambda_tr(   2 )=       0.000000   gamma_tr=       0.000000 meV  omega=     74.3972 meV   on_shell_Omega=     74.3972 meV  off_shell_Omega=     74.3972 meV
     lambda___(   3 )=       0.000000   gamma___=       0.000000 meV  omega=     99.0822 meV   on_shell_Omega=     99.0822 meV  off_shell_Omega=     99.0822 meV
     lambda_tr(   3 )=       0.000000   gamma_tr=       0.000000 meV  omega=     99.0822 meV   on_shell_Omega=     99.0822 meV  off_shell_Omega=     99.0822 meV
     lambda___(   4 )=       0.000000   gamma___=       0.000000 meV  omega=    104.4304 meV   on_shell_Omega=    104.4304 meV  off_shell_Omega=    104.4304 meV
     lambda_tr(   4 )=       0.000000   gamma_tr=       0.000000 meV  omega=    104.4304 meV   on_shell_Omega=    104.4304 meV  off_shell_Omega=    104.4304 meV
     lambda___(   5 )=       0.000000   gamma___=       0.000000 meV  omega=    178.8251 meV   on_shell_Omega=    178.8251 meV  off_shell_Omega=    178.8251 meV
     lambda_tr(   5 )=       0.000000   gamma_tr=       0.000000 meV  omega=    178.8251 meV   on_shell_Omega=    178.8251 meV  off_shell_Omega=    178.8251 meV
     lambda___(   6 )=       0.000000   gamma___=       0.000000 meV  omega=    194.1346 meV   on_shell_Omega=    194.1346 meV  off_shell_Omega=    194.1346 meV
     lambda_tr(   6 )=       0.000000   gamma_tr=       0.000000 meV  omega=    194.1346 meV   on_shell_Omega=    194.1346 meV  off_shell_Omega=    194.1346 meV
     lambda___( tot )=       0.000000
     lambda_tr( tot )=       0.000000
     -------------------------------------------------------------------


     Number of (k,k+q) pairs on the Fermi surface:      161 out of      324


     ismear =     1 iq =     287 coord.:   0.83333  0.88889  0.00000 wt:   0.00309 Temp:  300.000K
     -------------------------------------------------------------------
     lambda___(   1 )=       0.000000   gamma___=       0.000000 meV  omega=     17.5670 meV   on_shell_Omega=     17.5670 meV  off_shell_Omega=     17.5670 meV
     lambda_tr(   1 )=       0.000000   gamma_tr=       0.000000 meV  omega=     17.5670 meV   on_shell_Omega=     17.5670 meV  off_shell_Omega=     17.5670 meV
     lambda___(   2 )=       0.000000   gamma___=       0.000000 meV  omega=     62.0825 meV   on_shell_Omega=     62.0825 meV  off_shell_Omega=     62.0825 meV
     lambda_tr(   2 )=       0.000000   gamma_tr=       0.000000 meV  omega=     62.0825 meV   on_shell_Omega=     62.0825 meV  off_shell_Omega=     62.0825 meV
     lambda___(   3 )=       0.000000   gamma___=       0.000000 meV  omega=     91.7091 meV   on_shell_Omega=     91.7091 meV  off_shell_Omega=     91.7091 meV
     lambda_tr(   3 )=       0.000000   gamma_tr=       0.000000 meV  omega=     91.7091 meV   on_shell_Omega=     91.7091 meV  off_shell_Omega=     91.7091 meV
     lambda___(   4 )=       0.000000   gamma___=       0.000000 meV  omega=    102.2594 meV   on_shell_Omega=    102.2594 meV  off_shell_Omega=    102.2594 meV
     lambda_tr(   4 )=       0.000000   gamma_tr=       0.000000 meV  omega=    102.2594 meV   on_shell_Omega=    102.2594 meV  off_shell_Omega=    102.2594 meV
     lambda___(   5 )=       0.000000   gamma___=       0.000000 meV  omega=    182.5104 meV   on_shell_Omega=    182.5104 meV  off_shell_Omega=    182.5104 meV
     lambda_tr(   5 )=       0.000000   gamma_tr=       0.000000 meV  omega=    182.5104 meV   on_shell_Omega=    182.5104 meV  off_shell_Omega=    182.5104 meV
     lambda___(   6 )=       0.000000   gamma___=       0.000000 meV  omega=    197.7334 meV   on_shell_Omega=    197.7334 meV  off_shell_Omega=    197.7334 meV
     lambda_tr(   6 )=       0.000000   gamma_tr=       0.000000 meV  omega=    197.7334 meV   on_shell_Omega=    197.7334 meV  off_shell_Omega=    197.7334 meV
     lambda___( tot )=       0.000000
     lambda_tr( tot )=       0.000000
     -------------------------------------------------------------------


     Number of (k,k+q) pairs on the Fermi surface:      168 out of      324


     ismear =     1 iq =     288 coord.:   0.83333  0.94444  0.00000 wt:   0.00309 Temp:  300.000K
     -------------------------------------------------------------------
     lambda___(   1 )=       0.000000   gamma___=       0.000000 meV  omega=     12.0105 meV   on_shell_Omega=     12.0105 meV  off_shell_Omega=     12.0105 meV
     lambda_tr(   1 )=       0.000000   gamma_tr=       0.000000 meV  omega=     12.0105 meV   on_shell_Omega=     12.0105 meV  off_shell_Omega=     12.0105 meV
     lambda___(   2 )=       0.000000   gamma___=       0.000000 meV  omega=     50.0813 meV   on_shell_Omega=     50.0813 meV  off_shell_Omega=     50.0813 meV
     lambda_tr(   2 )=       0.000000   gamma_tr=       0.000000 meV  omega=     50.0813 meV   on_shell_Omega=     50.0813 meV  off_shell_Omega=     50.0813 meV
     lambda___(   3 )=       0.000000   gamma___=       0.000000 meV  omega=     79.1106 meV   on_shell_Omega=     79.1106 meV  off_shell_Omega=     79.1106 meV
     lambda_tr(   3 )=       0.000000   gamma_tr=       0.000000 meV  omega=     79.1106 meV   on_shell_Omega=     79.1106 meV  off_shell_Omega=     79.1106 meV
     lambda___(   4 )=       0.000000   gamma___=       0.000000 meV  omega=    104.4708 meV   on_shell_Omega=    104.4708 meV  off_shell_Omega=    104.4708 meV
     lambda_tr(   4 )=       0.000000   gamma_tr=       0.000000 meV  omega=    104.4708 meV   on_shell_Omega=    104.4708 meV  off_shell_Omega=    104.4708 meV
     lambda___(   5 )=       0.000000   gamma___=       0.000000 meV  omega=    186.0446 meV   on_shell_Omega=    186.0446 meV  off_shell_Omega=    186.0446 meV
     lambda_tr(   5 )=       0.000000   gamma_tr=       0.000000 meV  omega=    186.0446 meV   on_shell_Omega=    186.0446 meV  off_shell_Omega=    186.0446 meV
     lambda___(   6 )=       0.000000   gamma___=       0.000000 meV  omega=    199.4970 meV   on_shell_Omega=    199.4970 meV  off_shell_Omega=    199.4970 meV
     lambda_tr(   6 )=       0.000000   gamma_tr=       0.000000 meV  omega=    199.4970 meV   on_shell_Omega=    199.4970 meV  off_shell_Omega=    199.4970 meV
     lambda___( tot )=       0.000000
     lambda_tr( tot )=       0.000000
     -------------------------------------------------------------------


     Number of (k,k+q) pairs on the Fermi surface:      179 out of      324


     ismear =     1 iq =     289 coord.:   0.88889  0.00000  0.00000 wt:   0.00309 Temp:  300.000K
     -------------------------------------------------------------------
     lambda___(   1 )=       0.000000   gamma___=       0.000000 meV  omega=      3.6749 meV   on_shell_Omega=      3.6751 meV  off_shell_Omega=      3.6751 meV
     lambda_tr(   1 )=       0.000000   gamma_tr=       0.000000 meV  omega=      3.6749 meV   on_shell_Omega=      3.6751 meV  off_shell_Omega=      3.6751 meV
     lambda___(   2 )=       0.000000   gamma___=       0.000000 meV  omega=     29.1538 meV   on_shell_Omega=     29.1538 meV  off_shell_Omega=     29.1538 meV
     lambda_tr(   2 )=       0.000000   gamma_tr=       0.000000 meV  omega=     29.1538 meV   on_shell_Omega=     29.1538 meV  off_shell_Omega=     29.1538 meV
     lambda___(   3 )=       0.000000   gamma___=       0.000000 meV  omega=     46.3288 meV   on_shell_Omega=     46.3289 meV  off_shell_Omega=     46.3289 meV
     lambda_tr(   3 )=       0.000000   gamma_tr=       0.000000 meV  omega=     46.3288 meV   on_shell_Omega=     46.3289 meV  off_shell_Omega=     46.3289 meV
     lambda___(   4 )=       0.000000   gamma___=       0.000000 meV  omega=    107.4029 meV   on_shell_Omega=    107.4029 meV  off_shell_Omega=    107.4029 meV
     lambda_tr(   4 )=       0.000000   gamma_tr=       0.000000 meV  omega=    107.4029 meV   on_shell_Omega=    107.4029 meV  off_shell_Omega=    107.4029 meV
     lambda___(   5 )=       0.000000   gamma___=       0.000000 meV  omega=    191.2816 meV   on_shell_Omega=    191.2816 meV  off_shell_Omega=    191.2816 meV
     lambda_tr(   5 )=       0.000000   gamma_tr=       0.000000 meV  omega=    191.2816 meV   on_shell_Omega=    191.2816 meV  off_shell_Omega=    191.2816 meV
     lambda___(   6 )=       0.000000   gamma___=       0.000000 meV  omega=    197.4454 meV   on_shell_Omega=    197.4455 meV  off_shell_Omega=    197.4455 meV
     lambda_tr(   6 )=       0.000000   gamma_tr=       0.000000 meV  omega=    197.4454 meV   on_shell_Omega=    197.4455 meV  off_shell_Omega=    197.4455 meV
     lambda___( tot )=       0.000000
     lambda_tr( tot )=       0.000000
     -------------------------------------------------------------------


     Number of (k,k+q) pairs on the Fermi surface:      203 out of      324


     ismear =     1 iq =     290 coord.:   0.88889  0.05556  0.00000 wt:   0.00309 Temp:  300.000K
     -------------------------------------------------------------------
     lambda___(   1 )=       0.000000   gamma___=       0.000000 meV  omega=      3.2649 meV   on_shell_Omega=      3.2652 meV  off_shell_Omega=      3.2652 meV
     lambda_tr(   1 )=       0.000000   gamma_tr=       0.000000 meV  omega=      3.2649 meV   on_shell_Omega=      3.2652 meV  off_shell_Omega=      3.2652 meV
     lambda___(   2 )=       0.000000   gamma___=       0.000000 meV  omega=     25.8170 meV   on_shell_Omega=     25.8170 meV  off_shell_Omega=     25.8170 meV
     lambda_tr(   2 )=       0.000000   gamma_tr=       0.000000 meV  omega=     25.8170 meV   on_shell_Omega=     25.8170 meV  off_shell_Omega=     25.8170 meV
     lambda___(   3 )=       0.000000   gamma___=       0.000000 meV  omega=     40.9540 meV   on_shell_Omega=     40.9540 meV  off_shell_Omega=     40.9540 meV
     lambda_tr(   3 )=       0.000000   gamma_tr=       0.000000 meV  omega=     40.9540 meV   on_shell_Omega=     40.9540 meV  off_shell_Omega=     40.9540 meV
     lambda___(   4 )=       0.000000   gamma___=       0.000000 meV  omega=    107.6939 meV   on_shell_Omega=    107.6939 meV  off_shell_Omega=    107.6939 meV
     lambda_tr(   4 )=       0.000000   gamma_tr=       0.000000 meV  omega=    107.6939 meV   on_shell_Omega=    107.6939 meV  off_shell_Omega=    107.6939 meV
     lambda___(   5 )=       0.000000   gamma___=       0.000000 meV  omega=    191.8424 meV   on_shell_Omega=    191.8424 meV  off_shell_Omega=    191.8424 meV
     lambda_tr(   5 )=       0.000000   gamma_tr=       0.000000 meV  omega=    191.8424 meV   on_shell_Omega=    191.8424 meV  off_shell_Omega=    191.8424 meV
     lambda___(   6 )=       0.000000   gamma___=       0.000000 meV  omega=    196.4972 meV   on_shell_Omega=    196.4972 meV  off_shell_Omega=    196.4972 meV
     lambda_tr(   6 )=       0.000000   gamma_tr=       0.000000 meV  omega=    196.4972 meV   on_shell_Omega=    196.4972 meV  off_shell_Omega=    196.4972 meV
     lambda___( tot )=       0.000000
     lambda_tr( tot )=       0.000000
     -------------------------------------------------------------------


     Number of (k,k+q) pairs on the Fermi surface:      212 out of      324


     ismear =     1 iq =     291 coord.:   0.88889  0.11111  0.00000 wt:   0.00309 Temp:  300.000K
     -------------------------------------------------------------------
     lambda___(   1 )=       0.000000   gamma___=       0.000000 meV  omega=      3.6749 meV   on_shell_Omega=      3.6752 meV  off_shell_Omega=      3.6752 meV
     lambda_tr(   1 )=       0.000000   gamma_tr=       0.000000 meV  omega=      3.6749 meV   on_shell_Omega=      3.6752 meV  off_shell_Omega=      3.6752 meV
     lambda___(   2 )=       0.000000   gamma___=       0.000000 meV  omega=     29.1538 meV   on_shell_Omega=     29.1538 meV  off_shell_Omega=     29.1538 meV
     lambda_tr(   2 )=       0.000000   gamma_tr=       0.000000 meV  omega=     29.1538 meV   on_shell_Omega=     29.1538 meV  off_shell_Omega=     29.1538 meV
     lambda___(   3 )=       0.000000   gamma___=       0.000000 meV  omega=     46.3288 meV   on_shell_Omega=     46.3289 meV  off_shell_Omega=     46.3289 meV
     lambda_tr(   3 )=       0.000000   gamma_tr=       0.000000 meV  omega=     46.3288 meV   on_shell_Omega=     46.3289 meV  off_shell_Omega=     46.3289 meV
     lambda___(   4 )=       0.000000   gamma___=       0.000000 meV  omega=    107.4029 meV   on_shell_Omega=    107.4029 meV  off_shell_Omega=    107.4029 meV
     lambda_tr(   4 )=       0.000000   gamma_tr=       0.000000 meV  omega=    107.4029 meV   on_shell_Omega=    107.4029 meV  off_shell_Omega=    107.4029 meV
     lambda___(   5 )=       0.000000   gamma___=       0.000000 meV  omega=    191.2816 meV   on_shell_Omega=    191.2816 meV  off_shell_Omega=    191.2816 meV
     lambda_tr(   5 )=       0.000000   gamma_tr=       0.000000 meV  omega=    191.2816 meV   on_shell_Omega=    191.2816 meV  off_shell_Omega=    191.2816 meV
     lambda___(   6 )=       0.000000   gamma___=       0.000000 meV  omega=    197.4454 meV   on_shell_Omega=    197.4455 meV  off_shell_Omega=    197.4455 meV
     lambda_tr(   6 )=       0.000000   gamma_tr=       0.000000 meV  omega=    197.4454 meV   on_shell_Omega=    197.4455 meV  off_shell_Omega=    197.4455 meV
     lambda___( tot )=       0.000000
     lambda_tr( tot )=       0.000000
     -------------------------------------------------------------------


     Number of (k,k+q) pairs on the Fermi surface:      203 out of      324


     ismear =     1 iq =     292 coord.:   0.88889  0.16667  0.00000 wt:   0.00309 Temp:  300.000K
     -------------------------------------------------------------------
     lambda___(   1 )=       0.000000   gamma___=       0.000000 meV  omega=      6.1788 meV   on_shell_Omega=      6.1790 meV  off_shell_Omega=      6.1790 meV
     lambda_tr(   1 )=       0.000000   gamma_tr=       0.000000 meV  omega=      6.1788 meV   on_shell_Omega=      6.1790 meV  off_shell_Omega=      6.1790 meV
     lambda___(   2 )=       0.000000   gamma___=       0.000000 meV  omega=     38.3588 meV   on_shell_Omega=     38.3588 meV  off_shell_Omega=     38.3588 meV
     lambda_tr(   2 )=       0.000000   gamma_tr=       0.000000 meV  omega=     38.3588 meV   on_shell_Omega=     38.3588 meV  off_shell_Omega=     38.3588 meV
     lambda___(   3 )=       0.000000   gamma___=       0.000000 meV  omega=     59.1623 meV   on_shell_Omega=     59.1624 meV  off_shell_Omega=     59.1624 meV
     lambda_tr(   3 )=       0.000000   gamma_tr=       0.000000 meV  omega=     59.1623 meV   on_shell_Omega=     59.1624 meV  off_shell_Omega=     59.1624 meV
     lambda___(   4 )=       0.000000   gamma___=       0.000000 meV  omega=    106.4776 meV   on_shell_Omega=    106.4776 meV  off_shell_Omega=    106.4776 meV
     lambda_tr(   4 )=       0.000000   gamma_tr=       0.000000 meV  omega=    106.4776 meV   on_shell_Omega=    106.4776 meV  off_shell_Omega=    106.4776 meV
     lambda___(   5 )=       0.000000   gamma___=       0.000000 meV  omega=    189.5139 meV   on_shell_Omega=    189.5140 meV  off_shell_Omega=    189.5140 meV
     lambda_tr(   5 )=       0.000000   gamma_tr=       0.000000 meV  omega=    189.5139 meV   on_shell_Omega=    189.5140 meV  off_shell_Omega=    189.5140 meV
     lambda___(   6 )=       0.000000   gamma___=       0.000000 meV  omega=    199.0756 meV   on_shell_Omega=    199.0757 meV  off_shell_Omega=    199.0757 meV
     lambda_tr(   6 )=       0.000000   gamma_tr=       0.000000 meV  omega=    199.0756 meV   on_shell_Omega=    199.0757 meV  off_shell_Omega=    199.0757 meV
     lambda___( tot )=       0.000000
     lambda_tr( tot )=       0.000000
     -------------------------------------------------------------------


     Number of (k,k+q) pairs on the Fermi surface:      188 out of      324


     ismear =     1 iq =     293 coord.:   0.88889  0.22222  0.00000 wt:   0.00309 Temp:  300.000K
     -------------------------------------------------------------------
     lambda___(   1 )=       0.000000   gamma___=       0.000000 meV  omega=     11.0254 meV   on_shell_Omega=     11.0255 meV  off_shell_Omega=     11.0255 meV
     lambda_tr(   1 )=       0.000000   gamma_tr=       0.000000 meV  omega=     11.0254 meV   on_shell_Omega=     11.0255 meV  off_shell_Omega=     11.0255 meV
     lambda___(   2 )=       0.000000   gamma___=       0.000000 meV  omega=     50.4084 meV   on_shell_Omega=     50.4084 meV  off_shell_Omega=     50.4084 meV
     lambda_tr(   2 )=       0.000000   gamma_tr=       0.000000 meV  omega=     50.4084 meV   on_shell_Omega=     50.4084 meV  off_shell_Omega=     50.4084 meV
     lambda___(   3 )=       0.000000   gamma___=       0.000000 meV  omega=     75.1338 meV   on_shell_Omega=     75.1339 meV  off_shell_Omega=     75.1339 meV
     lambda_tr(   3 )=       0.000000   gamma_tr=       0.000000 meV  omega=     75.1338 meV   on_shell_Omega=     75.1339 meV  off_shell_Omega=     75.1339 meV
     lambda___(   4 )=       0.000000   gamma___=       0.000000 meV  omega=    104.8076 meV   on_shell_Omega=    104.8076 meV  off_shell_Omega=    104.8076 meV
     lambda_tr(   4 )=       0.000000   gamma_tr=       0.000000 meV  omega=    104.8076 meV   on_shell_Omega=    104.8076 meV  off_shell_Omega=    104.8076 meV
     lambda___(   5 )=       0.000000   gamma___=       0.000000 meV  omega=    186.3581 meV   on_shell_Omega=    186.3581 meV  off_shell_Omega=    186.3581 meV
     lambda_tr(   5 )=       0.000000   gamma_tr=       0.000000 meV  omega=    186.3581 meV   on_shell_Omega=    186.3581 meV  off_shell_Omega=    186.3581 meV
     lambda___(   6 )=       0.000000   gamma___=       0.000000 meV  omega=    199.4562 meV   on_shell_Omega=    199.4563 meV  off_shell_Omega=    199.4563 meV
     lambda_tr(   6 )=       0.000000   gamma_tr=       0.000000 meV  omega=    199.4562 meV   on_shell_Omega=    199.4563 meV  off_shell_Omega=    199.4563 meV
     lambda___( tot )=       0.000000
     lambda_tr( tot )=       0.000000
     -------------------------------------------------------------------


     Number of (k,k+q) pairs on the Fermi surface:      175 out of      324


     ismear =     1 iq =     294 coord.:   0.88889  0.27778  0.00000 wt:   0.00309 Temp:  300.000K
     -------------------------------------------------------------------
     lambda___(   1 )=       0.000000   gamma___=       0.000000 meV  omega=     17.5109 meV   on_shell_Omega=     17.5109 meV  off_shell_Omega=     17.5109 meV
     lambda_tr(   1 )=       0.000000   gamma_tr=       0.000000 meV  omega=     17.5109 meV   on_shell_Omega=     17.5109 meV  off_shell_Omega=     17.5109 meV
     lambda___(   2 )=       0.000000   gamma___=       0.000000 meV  omega=     62.2976 meV   on_shell_Omega=     62.2976 meV  off_shell_Omega=     62.2976 meV
     lambda_tr(   2 )=       0.000000   gamma_tr=       0.000000 meV  omega=     62.2976 meV   on_shell_Omega=     62.2976 meV  off_shell_Omega=     62.2976 meV
     lambda___(   3 )=       0.000000   gamma___=       0.000000 meV  omega=     91.8297 meV   on_shell_Omega=     91.8297 meV  off_shell_Omega=     91.8297 meV
     lambda_tr(   3 )=       0.000000   gamma_tr=       0.000000 meV  omega=     91.8297 meV   on_shell_Omega=     91.8297 meV  off_shell_Omega=     91.8297 meV
     lambda___(   4 )=       0.000000   gamma___=       0.000000 meV  omega=    102.2690 meV   on_shell_Omega=    102.2690 meV  off_shell_Omega=    102.2690 meV
     lambda_tr(   4 )=       0.000000   gamma_tr=       0.000000 meV  omega=    102.2690 meV   on_shell_Omega=    102.2690 meV  off_shell_Omega=    102.2690 meV
     lambda___(   5 )=       0.000000   gamma___=       0.000000 meV  omega=    182.4229 meV   on_shell_Omega=    182.4229 meV  off_shell_Omega=    182.4229 meV
     lambda_tr(   5 )=       0.000000   gamma_tr=       0.000000 meV  omega=    182.4229 meV   on_shell_Omega=    182.4229 meV  off_shell_Omega=    182.4229 meV
     lambda___(   6 )=       0.000000   gamma___=       0.000000 meV  omega=    197.6906 meV   on_shell_Omega=    197.6906 meV  off_shell_Omega=    197.6906 meV
     lambda_tr(   6 )=       0.000000   gamma_tr=       0.000000 meV  omega=    197.6906 meV   on_shell_Omega=    197.6906 meV  off_shell_Omega=    197.6906 meV
     lambda___( tot )=       0.000000
     lambda_tr( tot )=       0.000000
     -------------------------------------------------------------------


     Number of (k,k+q) pairs on the Fermi surface:      163 out of      324


     ismear =     1 iq =     295 coord.:   0.88889  0.33333  0.00000 wt:   0.00309 Temp:  300.000K
     -------------------------------------------------------------------
     lambda___(   1 )=       0.000000   gamma___=       0.000000 meV  omega=     25.3647 meV   on_shell_Omega=     25.3647 meV  off_shell_Omega=     25.3647 meV
     lambda_tr(   1 )=       0.000000   gamma_tr=       0.000000 meV  omega=     25.3647 meV   on_shell_Omega=     25.3647 meV  off_shell_Omega=     25.3647 meV
     lambda___(   2 )=       0.000000   gamma___=       0.000000 meV  omega=     72.0906 meV   on_shell_Omega=     72.0906 meV  off_shell_Omega=     72.0906 meV
     lambda_tr(   2 )=       0.000000   gamma_tr=       0.000000 meV  omega=     72.0906 meV   on_shell_Omega=     72.0906 meV  off_shell_Omega=     72.0906 meV
     lambda___(   3 )=       0.000000   gamma___=       0.000000 meV  omega=     98.6878 meV   on_shell_Omega=     98.6878 meV  off_shell_Omega=     98.6878 meV
     lambda_tr(   3 )=       0.000000   gamma_tr=       0.000000 meV  omega=     98.6878 meV   on_shell_Omega=     98.6878 meV  off_shell_Omega=     98.6878 meV
     lambda___(   4 )=       0.000000   gamma___=       0.000000 meV  omega=    108.2117 meV   on_shell_Omega=    108.2117 meV  off_shell_Omega=    108.2117 meV
     lambda_tr(   4 )=       0.000000   gamma_tr=       0.000000 meV  omega=    108.2117 meV   on_shell_Omega=    108.2117 meV  off_shell_Omega=    108.2117 meV
     lambda___(   5 )=       0.000000   gamma___=       0.000000 meV  omega=    178.9327 meV   on_shell_Omega=    178.9327 meV  off_shell_Omega=    178.9327 meV
     lambda_tr(   5 )=       0.000000   gamma_tr=       0.000000 meV  omega=    178.9327 meV   on_shell_Omega=    178.9327 meV  off_shell_Omega=    178.9327 meV
     lambda___(   6 )=       0.000000   gamma___=       0.000000 meV  omega=    194.0041 meV   on_shell_Omega=    194.0041 meV  off_shell_Omega=    194.0041 meV
     lambda_tr(   6 )=       0.000000   gamma_tr=       0.000000 meV  omega=    194.0041 meV   on_shell_Omega=    194.0041 meV  off_shell_Omega=    194.0041 meV
     lambda___( tot )=       0.000000
     lambda_tr( tot )=       0.000000
     -------------------------------------------------------------------


     Number of (k,k+q) pairs on the Fermi surface:      157 out of      324


     ismear =     1 iq =     296 coord.:   0.88889  0.38889  0.00000 wt:   0.00309 Temp:  300.000K
     -------------------------------------------------------------------
     lambda___(   1 )=       0.000000   gamma___=       0.000000 meV  omega=     34.4046 meV   on_shell_Omega=     34.4046 meV  off_shell_Omega=     34.4046 meV
     lambda_tr(   1 )=       0.000000   gamma_tr=       0.000000 meV  omega=     34.4046 meV   on_shell_Omega=     34.4046 meV  off_shell_Omega=     34.4046 meV
     lambda___(   2 )=       0.000000   gamma___=       0.000000 meV  omega=     79.2119 meV   on_shell_Omega=     79.2119 meV  off_shell_Omega=     79.2119 meV
     lambda_tr(   2 )=       0.000000   gamma_tr=       0.000000 meV  omega=     79.2119 meV   on_shell_Omega=     79.2119 meV  off_shell_Omega=     79.2119 meV
     lambda___(   3 )=       0.000000   gamma___=       0.000000 meV  omega=     93.8507 meV   on_shell_Omega=     93.8507 meV  off_shell_Omega=     93.8507 meV
     lambda_tr(   3 )=       0.000000   gamma_tr=       0.000000 meV  omega=     93.8507 meV   on_shell_Omega=     93.8507 meV  off_shell_Omega=     93.8507 meV
     lambda___(   4 )=       0.000000   gamma___=       0.000000 meV  omega=    123.9277 meV   on_shell_Omega=    123.9277 meV  off_shell_Omega=    123.9277 meV
     lambda_tr(   4 )=       0.000000   gamma_tr=       0.000000 meV  omega=    123.9277 meV   on_shell_Omega=    123.9277 meV  off_shell_Omega=    123.9277 meV
     lambda___(   5 )=       0.000000   gamma___=       0.000000 meV  omega=    176.4596 meV   on_shell_Omega=    176.4596 meV  off_shell_Omega=    176.4596 meV
     lambda_tr(   5 )=       0.000000   gamma_tr=       0.000000 meV  omega=    176.4596 meV   on_shell_Omega=    176.4596 meV  off_shell_Omega=    176.4596 meV
     lambda___(   6 )=       0.000000   gamma___=       0.000000 meV  omega=    188.8066 meV   on_shell_Omega=    188.8066 meV  off_shell_Omega=    188.8066 meV
     lambda_tr(   6 )=       0.000000   gamma_tr=       0.000000 meV  omega=    188.8066 meV   on_shell_Omega=    188.8066 meV  off_shell_Omega=    188.8066 meV
     lambda___( tot )=       0.000000
     lambda_tr( tot )=       0.000000
     -------------------------------------------------------------------


     Number of (k,k+q) pairs on the Fermi surface:      154 out of      324


     ismear =     1 iq =     297 coord.:   0.88889  0.44444  0.00000 wt:   0.00309 Temp:  300.000K
     -------------------------------------------------------------------
     lambda___(   1 )=       0.000000   gamma___=       0.000000 meV  omega=     44.1153 meV   on_shell_Omega=     44.1153 meV  off_shell_Omega=     44.1153 meV
     lambda_tr(   1 )=       0.000000   gamma_tr=       0.000000 meV  omega=     44.1153 meV   on_shell_Omega=     44.1153 meV  off_shell_Omega=     44.1153 meV
     lambda___(   2 )=       0.000000   gamma___=       0.000000 meV  omega=     84.1622 meV   on_shell_Omega=     84.1622 meV  off_shell_Omega=     84.1622 meV
     lambda_tr(   2 )=       0.000000   gamma_tr=       0.000000 meV  omega=     84.1622 meV   on_shell_Omega=     84.1622 meV  off_shell_Omega=     84.1622 meV
     lambda___(   3 )=       0.000000   gamma___=       0.000000 meV  omega=     87.7144 meV   on_shell_Omega=     87.7144 meV  off_shell_Omega=     87.7144 meV
     lambda_tr(   3 )=       0.000000   gamma_tr=       0.000000 meV  omega=     87.7144 meV   on_shell_Omega=     87.7144 meV  off_shell_Omega=     87.7144 meV
     lambda___(   4 )=       0.000000   gamma___=       0.000000 meV  omega=    138.6368 meV   on_shell_Omega=    138.6368 meV  off_shell_Omega=    138.6368 meV
     lambda_tr(   4 )=       0.000000   gamma_tr=       0.000000 meV  omega=    138.6368 meV   on_shell_Omega=    138.6368 meV  off_shell_Omega=    138.6368 meV
     lambda___(   5 )=       0.000000   gamma___=       0.000000 meV  omega=    174.5519 meV   on_shell_Omega=    174.5519 meV  off_shell_Omega=    174.5519 meV
     lambda_tr(   5 )=       0.000000   gamma_tr=       0.000000 meV  omega=    174.5519 meV   on_shell_Omega=    174.5519 meV  off_shell_Omega=    174.5519 meV
     lambda___(   6 )=       0.000000   gamma___=       0.000000 meV  omega=    182.1456 meV   on_shell_Omega=    182.1456 meV  off_shell_Omega=    182.1456 meV
     lambda_tr(   6 )=       0.000000   gamma_tr=       0.000000 meV  omega=    182.1456 meV   on_shell_Omega=    182.1456 meV  off_shell_Omega=    182.1456 meV
     lambda___( tot )=       0.000000
     lambda_tr( tot )=       0.000000
     -------------------------------------------------------------------


     Number of (k,k+q) pairs on the Fermi surface:      156 out of      324


     ismear =     1 iq =     298 coord.:   0.88889  0.50000  0.00000 wt:   0.00309 Temp:  300.000K
     -------------------------------------------------------------------
     lambda___(   1 )=       0.000000   gamma___=       0.000000 meV  omega=     53.2693 meV   on_shell_Omega=     53.2693 meV  off_shell_Omega=     53.2693 meV
     lambda_tr(   1 )=       0.000000   gamma_tr=       0.000000 meV  omega=     53.2693 meV   on_shell_Omega=     53.2693 meV  off_shell_Omega=     53.2693 meV
     lambda___(   2 )=       0.000000   gamma___=       0.000000 meV  omega=     80.9436 meV   on_shell_Omega=     80.9436 meV  off_shell_Omega=     80.9436 meV
     lambda_tr(   2 )=       0.000000   gamma_tr=       0.000000 meV  omega=     80.9436 meV   on_shell_Omega=     80.9436 meV  off_shell_Omega=     80.9436 meV
     lambda___(   3 )=       0.000000   gamma___=       0.000000 meV  omega=     87.3444 meV   on_shell_Omega=     87.3444 meV  off_shell_Omega=     87.3444 meV
     lambda_tr(   3 )=       0.000000   gamma_tr=       0.000000 meV  omega=     87.3444 meV   on_shell_Omega=     87.3444 meV  off_shell_Omega=     87.3444 meV
     lambda___(   4 )=       0.000000   gamma___=       0.000000 meV  omega=    151.8909 meV   on_shell_Omega=    151.8909 meV  off_shell_Omega=    151.8909 meV
     lambda_tr(   4 )=       0.000000   gamma_tr=       0.000000 meV  omega=    151.8909 meV   on_shell_Omega=    151.8909 meV  off_shell_Omega=    151.8909 meV
     lambda___(   5 )=       0.000000   gamma___=       0.000000 meV  omega=    172.5647 meV   on_shell_Omega=    172.5647 meV  off_shell_Omega=    172.5647 meV
     lambda_tr(   5 )=       0.000000   gamma_tr=       0.000000 meV  omega=    172.5647 meV   on_shell_Omega=    172.5647 meV  off_shell_Omega=    172.5647 meV
     lambda___(   6 )=       0.000000   gamma___=       0.000000 meV  omega=    174.2946 meV   on_shell_Omega=    174.2946 meV  off_shell_Omega=    174.2946 meV
     lambda_tr(   6 )=       0.000000   gamma_tr=       0.000000 meV  omega=    174.2946 meV   on_shell_Omega=    174.2946 meV  off_shell_Omega=    174.2946 meV
     lambda___( tot )=       0.000000
     lambda_tr( tot )=       0.000000
     -------------------------------------------------------------------


     Number of (k,k+q) pairs on the Fermi surface:      161 out of      324


     ismear =     1 iq =     299 coord.:   0.88889  0.55556  0.00000 wt:   0.00309 Temp:  300.000K
     -------------------------------------------------------------------
     lambda___(   1 )=       0.000000   gamma___=       0.000000 meV  omega=     58.0532 meV   on_shell_Omega=     58.0532 meV  off_shell_Omega=     58.0532 meV
     lambda_tr(   1 )=       0.000000   gamma_tr=       0.000000 meV  omega=     58.0532 meV   on_shell_Omega=     58.0532 meV  off_shell_Omega=     58.0532 meV
     lambda___(   2 )=       0.000000   gamma___=       0.000000 meV  omega=     76.9920 meV   on_shell_Omega=     76.9920 meV  off_shell_Omega=     76.9920 meV
     lambda_tr(   2 )=       0.000000   gamma_tr=       0.000000 meV  omega=     76.9920 meV   on_shell_Omega=     76.9920 meV  off_shell_Omega=     76.9920 meV
     lambda___(   3 )=       0.000000   gamma___=       0.000000 meV  omega=     88.4970 meV   on_shell_Omega=     88.4970 meV  off_shell_Omega=     88.4970 meV
     lambda_tr(   3 )=       0.000000   gamma_tr=       0.000000 meV  omega=     88.4970 meV   on_shell_Omega=     88.4970 meV  off_shell_Omega=     88.4970 meV
     lambda___(   4 )=       0.000000   gamma___=       0.000000 meV  omega=    162.1541 meV   on_shell_Omega=    162.1541 meV  off_shell_Omega=    162.1541 meV
     lambda_tr(   4 )=       0.000000   gamma_tr=       0.000000 meV  omega=    162.1541 meV   on_shell_Omega=    162.1541 meV  off_shell_Omega=    162.1541 meV
     lambda___(   5 )=       0.000000   gamma___=       0.000000 meV  omega=    165.0703 meV   on_shell_Omega=    165.0703 meV  off_shell_Omega=    165.0703 meV
     lambda_tr(   5 )=       0.000000   gamma_tr=       0.000000 meV  omega=    165.0703 meV   on_shell_Omega=    165.0703 meV  off_shell_Omega=    165.0703 meV
     lambda___(   6 )=       0.000000   gamma___=       0.000000 meV  omega=    172.5188 meV   on_shell_Omega=    172.5189 meV  off_shell_Omega=    172.5189 meV
     lambda_tr(   6 )=       0.000000   gamma_tr=       0.000000 meV  omega=    172.5188 meV   on_shell_Omega=    172.5189 meV  off_shell_Omega=    172.5189 meV
     lambda___( tot )=       0.000000
     lambda_tr( tot )=       0.000000
     -------------------------------------------------------------------


     Number of (k,k+q) pairs on the Fermi surface:      163 out of      324


     ismear =     1 iq =     300 coord.:   0.88889  0.61111  0.00000 wt:   0.00309 Temp:  300.000K
     -------------------------------------------------------------------
     lambda___(   1 )=       0.000000   gamma___=       0.000000 meV  omega=     53.2693 meV   on_shell_Omega=     53.2693 meV  off_shell_Omega=     53.2693 meV
     lambda_tr(   1 )=       0.000000   gamma_tr=       0.000000 meV  omega=     53.2693 meV   on_shell_Omega=     53.2693 meV  off_shell_Omega=     53.2693 meV
     lambda___(   2 )=       0.000000   gamma___=       0.000000 meV  omega=     80.9436 meV   on_shell_Omega=     80.9436 meV  off_shell_Omega=     80.9436 meV
     lambda_tr(   2 )=       0.000000   gamma_tr=       0.000000 meV  omega=     80.9436 meV   on_shell_Omega=     80.9436 meV  off_shell_Omega=     80.9436 meV
     lambda___(   3 )=       0.000000   gamma___=       0.000000 meV  omega=     87.3444 meV   on_shell_Omega=     87.3444 meV  off_shell_Omega=     87.3444 meV
     lambda_tr(   3 )=       0.000000   gamma_tr=       0.000000 meV  omega=     87.3444 meV   on_shell_Omega=     87.3444 meV  off_shell_Omega=     87.3444 meV
     lambda___(   4 )=       0.000000   gamma___=       0.000000 meV  omega=    151.8909 meV   on_shell_Omega=    151.8909 meV  off_shell_Omega=    151.8909 meV
     lambda_tr(   4 )=       0.000000   gamma_tr=       0.000000 meV  omega=    151.8909 meV   on_shell_Omega=    151.8909 meV  off_shell_Omega=    151.8909 meV
     lambda___(   5 )=       0.000000   gamma___=       0.000000 meV  omega=    172.5647 meV   on_shell_Omega=    172.5647 meV  off_shell_Omega=    172.5647 meV
     lambda_tr(   5 )=       0.000000   gamma_tr=       0.000000 meV  omega=    172.5647 meV   on_shell_Omega=    172.5647 meV  off_shell_Omega=    172.5647 meV
     lambda___(   6 )=       0.000000   gamma___=       0.000000 meV  omega=    174.2946 meV   on_shell_Omega=    174.2946 meV  off_shell_Omega=    174.2946 meV
     lambda_tr(   6 )=       0.000000   gamma_tr=       0.000000 meV  omega=    174.2946 meV   on_shell_Omega=    174.2946 meV  off_shell_Omega=    174.2946 meV
     lambda___( tot )=       0.000000
     lambda_tr( tot )=       0.000000
     -------------------------------------------------------------------


     Number of (k,k+q) pairs on the Fermi surface:      159 out of      324


     ismear =     1 iq =     301 coord.:   0.88889  0.66667  0.00000 wt:   0.00309 Temp:  300.000K
     -------------------------------------------------------------------
     lambda___(   1 )=       0.000000   gamma___=       0.000000 meV  omega=     44.1153 meV   on_shell_Omega=     44.1153 meV  off_shell_Omega=     44.1153 meV
     lambda_tr(   1 )=       0.000000   gamma_tr=       0.000000 meV  omega=     44.1153 meV   on_shell_Omega=     44.1153 meV  off_shell_Omega=     44.1153 meV
     lambda___(   2 )=       0.000000   gamma___=       0.000000 meV  omega=     84.1622 meV   on_shell_Omega=     84.1622 meV  off_shell_Omega=     84.1622 meV
     lambda_tr(   2 )=       0.000000   gamma_tr=       0.000000 meV  omega=     84.1622 meV   on_shell_Omega=     84.1622 meV  off_shell_Omega=     84.1622 meV
     lambda___(   3 )=       0.000000   gamma___=       0.000000 meV  omega=     87.7144 meV   on_shell_Omega=     87.7144 meV  off_shell_Omega=     87.7144 meV
     lambda_tr(   3 )=       0.000000   gamma_tr=       0.000000 meV  omega=     87.7144 meV   on_shell_Omega=     87.7144 meV  off_shell_Omega=     87.7144 meV
     lambda___(   4 )=       0.000000   gamma___=       0.000000 meV  omega=    138.6368 meV   on_shell_Omega=    138.6368 meV  off_shell_Omega=    138.6368 meV
     lambda_tr(   4 )=       0.000000   gamma_tr=       0.000000 meV  omega=    138.6368 meV   on_shell_Omega=    138.6368 meV  off_shell_Omega=    138.6368 meV
     lambda___(   5 )=       0.000000   gamma___=       0.000000 meV  omega=    174.5519 meV   on_shell_Omega=    174.5519 meV  off_shell_Omega=    174.5519 meV
     lambda_tr(   5 )=       0.000000   gamma_tr=       0.000000 meV  omega=    174.5519 meV   on_shell_Omega=    174.5519 meV  off_shell_Omega=    174.5519 meV
     lambda___(   6 )=       0.000000   gamma___=       0.000000 meV  omega=    182.1456 meV   on_shell_Omega=    182.1456 meV  off_shell_Omega=    182.1456 meV
     lambda_tr(   6 )=       0.000000   gamma_tr=       0.000000 meV  omega=    182.1456 meV   on_shell_Omega=    182.1456 meV  off_shell_Omega=    182.1456 meV
     lambda___( tot )=       0.000000
     lambda_tr( tot )=       0.000000
     -------------------------------------------------------------------


     Number of (k,k+q) pairs on the Fermi surface:      158 out of      324


     ismear =     1 iq =     302 coord.:   0.88889  0.72222  0.00000 wt:   0.00309 Temp:  300.000K
     -------------------------------------------------------------------
     lambda___(   1 )=       0.000000   gamma___=       0.000000 meV  omega=     34.4046 meV   on_shell_Omega=     34.4046 meV  off_shell_Omega=     34.4046 meV
     lambda_tr(   1 )=       0.000000   gamma_tr=       0.000000 meV  omega=     34.4046 meV   on_shell_Omega=     34.4046 meV  off_shell_Omega=     34.4046 meV
     lambda___(   2 )=       0.000000   gamma___=       0.000000 meV  omega=     79.2119 meV   on_shell_Omega=     79.2119 meV  off_shell_Omega=     79.2119 meV
     lambda_tr(   2 )=       0.000000   gamma_tr=       0.000000 meV  omega=     79.2119 meV   on_shell_Omega=     79.2119 meV  off_shell_Omega=     79.2119 meV
     lambda___(   3 )=       0.000000   gamma___=       0.000000 meV  omega=     93.8507 meV   on_shell_Omega=     93.8507 meV  off_shell_Omega=     93.8507 meV
     lambda_tr(   3 )=       0.000000   gamma_tr=       0.000000 meV  omega=     93.8507 meV   on_shell_Omega=     93.8507 meV  off_shell_Omega=     93.8507 meV
     lambda___(   4 )=       0.000000   gamma___=       0.000000 meV  omega=    123.9277 meV   on_shell_Omega=    123.9277 meV  off_shell_Omega=    123.9277 meV
     lambda_tr(   4 )=       0.000000   gamma_tr=       0.000000 meV  omega=    123.9277 meV   on_shell_Omega=    123.9277 meV  off_shell_Omega=    123.9277 meV
     lambda___(   5 )=       0.000000   gamma___=       0.000000 meV  omega=    176.4596 meV   on_shell_Omega=    176.4596 meV  off_shell_Omega=    176.4596 meV
     lambda_tr(   5 )=       0.000000   gamma_tr=       0.000000 meV  omega=    176.4596 meV   on_shell_Omega=    176.4596 meV  off_shell_Omega=    176.4596 meV
     lambda___(   6 )=       0.000000   gamma___=       0.000000 meV  omega=    188.8066 meV   on_shell_Omega=    188.8066 meV  off_shell_Omega=    188.8066 meV
     lambda_tr(   6 )=       0.000000   gamma_tr=       0.000000 meV  omega=    188.8066 meV   on_shell_Omega=    188.8066 meV  off_shell_Omega=    188.8066 meV
     lambda___( tot )=       0.000000
     lambda_tr( tot )=       0.000000
     -------------------------------------------------------------------


     Number of (k,k+q) pairs on the Fermi surface:      158 out of      324


     ismear =     1 iq =     303 coord.:   0.88889  0.77778  0.00000 wt:   0.00309 Temp:  300.000K
     -------------------------------------------------------------------
     lambda___(   1 )=       0.000000   gamma___=       0.000000 meV  omega=     25.3647 meV   on_shell_Omega=     25.3647 meV  off_shell_Omega=     25.3647 meV
     lambda_tr(   1 )=       0.000000   gamma_tr=       0.000000 meV  omega=     25.3647 meV   on_shell_Omega=     25.3647 meV  off_shell_Omega=     25.3647 meV
     lambda___(   2 )=       0.000000   gamma___=       0.000000 meV  omega=     72.0906 meV   on_shell_Omega=     72.0906 meV  off_shell_Omega=     72.0906 meV
     lambda_tr(   2 )=       0.000000   gamma_tr=       0.000000 meV  omega=     72.0906 meV   on_shell_Omega=     72.0906 meV  off_shell_Omega=     72.0906 meV
     lambda___(   3 )=       0.000000   gamma___=       0.000000 meV  omega=     98.6878 meV   on_shell_Omega=     98.6878 meV  off_shell_Omega=     98.6878 meV
     lambda_tr(   3 )=       0.000000   gamma_tr=       0.000000 meV  omega=     98.6878 meV   on_shell_Omega=     98.6878 meV  off_shell_Omega=     98.6878 meV
     lambda___(   4 )=       0.000000   gamma___=       0.000000 meV  omega=    108.2117 meV   on_shell_Omega=    108.2117 meV  off_shell_Omega=    108.2117 meV
     lambda_tr(   4 )=       0.000000   gamma_tr=       0.000000 meV  omega=    108.2117 meV   on_shell_Omega=    108.2117 meV  off_shell_Omega=    108.2117 meV
     lambda___(   5 )=       0.000000   gamma___=       0.000000 meV  omega=    178.9327 meV   on_shell_Omega=    178.9327 meV  off_shell_Omega=    178.9327 meV
     lambda_tr(   5 )=       0.000000   gamma_tr=       0.000000 meV  omega=    178.9327 meV   on_shell_Omega=    178.9327 meV  off_shell_Omega=    178.9327 meV
     lambda___(   6 )=       0.000000   gamma___=       0.000000 meV  omega=    194.0041 meV   on_shell_Omega=    194.0041 meV  off_shell_Omega=    194.0041 meV
     lambda_tr(   6 )=       0.000000   gamma_tr=       0.000000 meV  omega=    194.0041 meV   on_shell_Omega=    194.0041 meV  off_shell_Omega=    194.0041 meV
     lambda___( tot )=       0.000000
     lambda_tr( tot )=       0.000000
     -------------------------------------------------------------------


     Number of (k,k+q) pairs on the Fermi surface:      159 out of      324


     ismear =     1 iq =     304 coord.:   0.88889  0.83333  0.00000 wt:   0.00309 Temp:  300.000K
     -------------------------------------------------------------------
     lambda___(   1 )=       0.000000   gamma___=       0.000000 meV  omega=     17.5109 meV   on_shell_Omega=     17.5109 meV  off_shell_Omega=     17.5109 meV
     lambda_tr(   1 )=       0.000000   gamma_tr=       0.000000 meV  omega=     17.5109 meV   on_shell_Omega=     17.5109 meV  off_shell_Omega=     17.5109 meV
     lambda___(   2 )=       0.000000   gamma___=       0.000000 meV  omega=     62.2976 meV   on_shell_Omega=     62.2976 meV  off_shell_Omega=     62.2976 meV
     lambda_tr(   2 )=       0.000000   gamma_tr=       0.000000 meV  omega=     62.2976 meV   on_shell_Omega=     62.2976 meV  off_shell_Omega=     62.2976 meV
     lambda___(   3 )=       0.000000   gamma___=       0.000000 meV  omega=     91.8297 meV   on_shell_Omega=     91.8297 meV  off_shell_Omega=     91.8297 meV
     lambda_tr(   3 )=       0.000000   gamma_tr=       0.000000 meV  omega=     91.8297 meV   on_shell_Omega=     91.8297 meV  off_shell_Omega=     91.8297 meV
     lambda___(   4 )=       0.000000   gamma___=       0.000000 meV  omega=    102.2690 meV   on_shell_Omega=    102.2690 meV  off_shell_Omega=    102.2690 meV
     lambda_tr(   4 )=       0.000000   gamma_tr=       0.000000 meV  omega=    102.2690 meV   on_shell_Omega=    102.2690 meV  off_shell_Omega=    102.2690 meV
     lambda___(   5 )=       0.000000   gamma___=       0.000000 meV  omega=    182.4229 meV   on_shell_Omega=    182.4229 meV  off_shell_Omega=    182.4229 meV
     lambda_tr(   5 )=       0.000000   gamma_tr=       0.000000 meV  omega=    182.4229 meV   on_shell_Omega=    182.4229 meV  off_shell_Omega=    182.4229 meV
     lambda___(   6 )=       0.000000   gamma___=       0.000000 meV  omega=    197.6906 meV   on_shell_Omega=    197.6906 meV  off_shell_Omega=    197.6906 meV
     lambda_tr(   6 )=       0.000000   gamma_tr=       0.000000 meV  omega=    197.6906 meV   on_shell_Omega=    197.6906 meV  off_shell_Omega=    197.6906 meV
     lambda___( tot )=       0.000000
     lambda_tr( tot )=       0.000000
     -------------------------------------------------------------------


     Number of (k,k+q) pairs on the Fermi surface:      164 out of      324


     ismear =     1 iq =     305 coord.:   0.88889  0.88889  0.00000 wt:   0.00309 Temp:  300.000K
     -------------------------------------------------------------------
     lambda___(   1 )=       0.000000   gamma___=       0.000000 meV  omega=     11.0254 meV   on_shell_Omega=     11.0255 meV  off_shell_Omega=     11.0255 meV
     lambda_tr(   1 )=       0.000000   gamma_tr=       0.000000 meV  omega=     11.0254 meV   on_shell_Omega=     11.0255 meV  off_shell_Omega=     11.0255 meV
     lambda___(   2 )=       0.000000   gamma___=       0.000000 meV  omega=     50.4084 meV   on_shell_Omega=     50.4084 meV  off_shell_Omega=     50.4084 meV
     lambda_tr(   2 )=       0.000000   gamma_tr=       0.000000 meV  omega=     50.4084 meV   on_shell_Omega=     50.4084 meV  off_shell_Omega=     50.4084 meV
     lambda___(   3 )=       0.000000   gamma___=       0.000000 meV  omega=     75.1338 meV   on_shell_Omega=     75.1338 meV  off_shell_Omega=     75.1338 meV
     lambda_tr(   3 )=       0.000000   gamma_tr=       0.000000 meV  omega=     75.1338 meV   on_shell_Omega=     75.1338 meV  off_shell_Omega=     75.1338 meV
     lambda___(   4 )=       0.000000   gamma___=       0.000000 meV  omega=    104.8076 meV   on_shell_Omega=    104.8076 meV  off_shell_Omega=    104.8076 meV
     lambda_tr(   4 )=       0.000000   gamma_tr=       0.000000 meV  omega=    104.8076 meV   on_shell_Omega=    104.8076 meV  off_shell_Omega=    104.8076 meV
     lambda___(   5 )=       0.000000   gamma___=       0.000000 meV  omega=    186.3581 meV   on_shell_Omega=    186.3581 meV  off_shell_Omega=    186.3581 meV
     lambda_tr(   5 )=       0.000000   gamma_tr=       0.000000 meV  omega=    186.3581 meV   on_shell_Omega=    186.3581 meV  off_shell_Omega=    186.3581 meV
     lambda___(   6 )=       0.000000   gamma___=       0.000000 meV  omega=    199.4562 meV   on_shell_Omega=    199.4563 meV  off_shell_Omega=    199.4563 meV
     lambda_tr(   6 )=       0.000000   gamma_tr=       0.000000 meV  omega=    199.4562 meV   on_shell_Omega=    199.4563 meV  off_shell_Omega=    199.4563 meV
     lambda___( tot )=       0.000000
     lambda_tr( tot )=       0.000000
     -------------------------------------------------------------------


     Number of (k,k+q) pairs on the Fermi surface:      175 out of      324


     ismear =     1 iq =     306 coord.:   0.88889  0.94444  0.00000 wt:   0.00309 Temp:  300.000K
     -------------------------------------------------------------------
     lambda___(   1 )=       0.000000   gamma___=       0.000000 meV  omega=      6.1788 meV   on_shell_Omega=      6.1789 meV  off_shell_Omega=      6.1789 meV
     lambda_tr(   1 )=       0.000000   gamma_tr=       0.000000 meV  omega=      6.1788 meV   on_shell_Omega=      6.1789 meV  off_shell_Omega=      6.1789 meV
     lambda___(   2 )=       0.000000   gamma___=       0.000000 meV  omega=     38.3588 meV   on_shell_Omega=     38.3588 meV  off_shell_Omega=     38.3588 meV
     lambda_tr(   2 )=       0.000000   gamma_tr=       0.000000 meV  omega=     38.3588 meV   on_shell_Omega=     38.3588 meV  off_shell_Omega=     38.3588 meV
     lambda___(   3 )=       0.000000   gamma___=       0.000000 meV  omega=     59.1623 meV   on_shell_Omega=     59.1624 meV  off_shell_Omega=     59.1624 meV
     lambda_tr(   3 )=       0.000000   gamma_tr=       0.000000 meV  omega=     59.1623 meV   on_shell_Omega=     59.1624 meV  off_shell_Omega=     59.1624 meV
     lambda___(   4 )=       0.000000   gamma___=       0.000000 meV  omega=    106.4776 meV   on_shell_Omega=    106.4776 meV  off_shell_Omega=    106.4776 meV
     lambda_tr(   4 )=       0.000000   gamma_tr=       0.000000 meV  omega=    106.4776 meV   on_shell_Omega=    106.4776 meV  off_shell_Omega=    106.4776 meV
     lambda___(   5 )=       0.000000   gamma___=       0.000000 meV  omega=    189.5139 meV   on_shell_Omega=    189.5139 meV  off_shell_Omega=    189.5139 meV
     lambda_tr(   5 )=       0.000000   gamma_tr=       0.000000 meV  omega=    189.5139 meV   on_shell_Omega=    189.5139 meV  off_shell_Omega=    189.5139 meV
     lambda___(   6 )=       0.000000   gamma___=       0.000000 meV  omega=    199.0756 meV   on_shell_Omega=    199.0757 meV  off_shell_Omega=    199.0757 meV
     lambda_tr(   6 )=       0.000000   gamma_tr=       0.000000 meV  omega=    199.0756 meV   on_shell_Omega=    199.0757 meV  off_shell_Omega=    199.0757 meV
     lambda___( tot )=       0.000000
     lambda_tr( tot )=       0.000000
     -------------------------------------------------------------------


     Number of (k,k+q) pairs on the Fermi surface:      189 out of      324


     ismear =     1 iq =     307 coord.:   0.94444  0.00000  0.00000 wt:   0.00309 Temp:  300.000K
     -------------------------------------------------------------------
     lambda___(   1 )=       0.000000   gamma___=       0.000000 meV  omega=      0.9780 meV   on_shell_Omega=      0.9791 meV  off_shell_Omega=      0.9791 meV
     lambda_tr(   1 )=       0.000000   gamma_tr=       0.000000 meV  omega=      0.9780 meV   on_shell_Omega=      0.9791 meV  off_shell_Omega=      0.9791 meV
     lambda___(   2 )=       0.000000   gamma___=       0.000000 meV  omega=     15.0453 meV   on_shell_Omega=     15.0453 meV  off_shell_Omega=     15.0453 meV
     lambda_tr(   2 )=       0.000000   gamma_tr=       0.000000 meV  omega=     15.0453 meV   on_shell_Omega=     15.0453 meV  off_shell_Omega=     15.0453 meV
     lambda___(   3 )=       0.000000   gamma___=       0.000000 meV  omega=     23.6129 meV   on_shell_Omega=     23.6129 meV  off_shell_Omega=     23.6129 meV
     lambda_tr(   3 )=       0.000000   gamma_tr=       0.000000 meV  omega=     23.6129 meV   on_shell_Omega=     23.6129 meV  off_shell_Omega=     23.6129 meV
     lambda___(   4 )=       0.000000   gamma___=       0.000000 meV  omega=    108.3102 meV   on_shell_Omega=    108.3102 meV  off_shell_Omega=    108.3102 meV
     lambda_tr(   4 )=       0.000000   gamma_tr=       0.000000 meV  omega=    108.3102 meV   on_shell_Omega=    108.3102 meV  off_shell_Omega=    108.3102 meV
     lambda___(   5 )=       0.000000   gamma___=       0.000000 meV  omega=    192.8850 meV   on_shell_Omega=    192.8850 meV  off_shell_Omega=    192.8850 meV
     lambda_tr(   5 )=       0.000000   gamma_tr=       0.000000 meV  omega=    192.8850 meV   on_shell_Omega=    192.8850 meV  off_shell_Omega=    192.8850 meV
     lambda___(   6 )=       0.000000   gamma___=       0.000000 meV  omega=    194.6584 meV   on_shell_Omega=    194.6585 meV  off_shell_Omega=    194.6585 meV
     lambda_tr(   6 )=       0.000000   gamma_tr=       0.000000 meV  omega=    194.6584 meV   on_shell_Omega=    194.6585 meV  off_shell_Omega=    194.6585 meV
     lambda___( tot )=       0.000000
     lambda_tr( tot )=       0.000000
     -------------------------------------------------------------------


     Number of (k,k+q) pairs on the Fermi surface:      218 out of      324


     ismear =     1 iq =     308 coord.:   0.94444  0.05556  0.00000 wt:   0.00309 Temp:  300.000K
     -------------------------------------------------------------------
     lambda___(   1 )=       0.000000   gamma___=       0.000000 meV  omega=      0.9779 meV   on_shell_Omega=      0.9792 meV  off_shell_Omega=      0.9792 meV
     lambda_tr(   1 )=       0.000000   gamma_tr=       0.000000 meV  omega=      0.9779 meV   on_shell_Omega=      0.9792 meV  off_shell_Omega=      0.9792 meV
     lambda___(   2 )=       0.000000   gamma___=       0.000000 meV  omega=     15.0453 meV   on_shell_Omega=     15.0453 meV  off_shell_Omega=     15.0453 meV
     lambda_tr(   2 )=       0.000000   gamma_tr=       0.000000 meV  omega=     15.0453 meV   on_shell_Omega=     15.0453 meV  off_shell_Omega=     15.0453 meV
     lambda___(   3 )=       0.000000   gamma___=       0.000000 meV  omega=     23.6129 meV   on_shell_Omega=     23.6129 meV  off_shell_Omega=     23.6129 meV
     lambda_tr(   3 )=       0.000000   gamma_tr=       0.000000 meV  omega=     23.6129 meV   on_shell_Omega=     23.6129 meV  off_shell_Omega=     23.6129 meV
     lambda___(   4 )=       0.000000   gamma___=       0.000000 meV  omega=    108.3102 meV   on_shell_Omega=    108.3102 meV  off_shell_Omega=    108.3102 meV
     lambda_tr(   4 )=       0.000000   gamma_tr=       0.000000 meV  omega=    108.3102 meV   on_shell_Omega=    108.3102 meV  off_shell_Omega=    108.3102 meV
     lambda___(   5 )=       0.000000   gamma___=       0.000000 meV  omega=    192.8850 meV   on_shell_Omega=    192.8850 meV  off_shell_Omega=    192.8850 meV
     lambda_tr(   5 )=       0.000000   gamma_tr=       0.000000 meV  omega=    192.8850 meV   on_shell_Omega=    192.8850 meV  off_shell_Omega=    192.8850 meV
     lambda___(   6 )=       0.000000   gamma___=       0.000000 meV  omega=    194.6584 meV   on_shell_Omega=    194.6584 meV  off_shell_Omega=    194.6584 meV
     lambda_tr(   6 )=       0.000000   gamma_tr=       0.000000 meV  omega=    194.6584 meV   on_shell_Omega=    194.6584 meV  off_shell_Omega=    194.6584 meV
     lambda___( tot )=       0.000000
     lambda_tr( tot )=       0.000000
     -------------------------------------------------------------------


     Number of (k,k+q) pairs on the Fermi surface:      219 out of      324


     ismear =     1 iq =     309 coord.:   0.94444  0.11111  0.00000 wt:   0.00309 Temp:  300.000K
     -------------------------------------------------------------------
     lambda___(   1 )=       0.000000   gamma___=       0.000000 meV  omega=      2.2256 meV   on_shell_Omega=      2.2262 meV  off_shell_Omega=      2.2262 meV
     lambda_tr(   1 )=       0.000000   gamma_tr=       0.000000 meV  omega=      2.2256 meV   on_shell_Omega=      2.2262 meV  off_shell_Omega=      2.2262 meV
     lambda___(   2 )=       0.000000   gamma___=       0.000000 meV  omega=     25.5120 meV   on_shell_Omega=     25.5120 meV  off_shell_Omega=     25.5120 meV
     lambda_tr(   2 )=       0.000000   gamma_tr=       0.000000 meV  omega=     25.5120 meV   on_shell_Omega=     25.5120 meV  off_shell_Omega=     25.5120 meV
     lambda___(   3 )=       0.000000   gamma___=       0.000000 meV  omega=     39.3028 meV   on_shell_Omega=     39.3028 meV  off_shell_Omega=     39.3028 meV
     lambda_tr(   3 )=       0.000000   gamma_tr=       0.000000 meV  omega=     39.3028 meV   on_shell_Omega=     39.3028 meV  off_shell_Omega=     39.3028 meV
     lambda___(   4 )=       0.000000   gamma___=       0.000000 meV  omega=    107.7204 meV   on_shell_Omega=    107.7204 meV  off_shell_Omega=    107.7204 meV
     lambda_tr(   4 )=       0.000000   gamma_tr=       0.000000 meV  omega=    107.7204 meV   on_shell_Omega=    107.7204 meV  off_shell_Omega=    107.7204 meV
     lambda___(   5 )=       0.000000   gamma___=       0.000000 meV  omega=    191.8831 meV   on_shell_Omega=    191.8832 meV  off_shell_Omega=    191.8832 meV
     lambda_tr(   5 )=       0.000000   gamma_tr=       0.000000 meV  omega=    191.8831 meV   on_shell_Omega=    191.8832 meV  off_shell_Omega=    191.8832 meV
     lambda___(   6 )=       0.000000   gamma___=       0.000000 meV  omega=    196.8342 meV   on_shell_Omega=    196.8342 meV  off_shell_Omega=    196.8342 meV
     lambda_tr(   6 )=       0.000000   gamma_tr=       0.000000 meV  omega=    196.8342 meV   on_shell_Omega=    196.8342 meV  off_shell_Omega=    196.8342 meV
     lambda___( tot )=       0.000000
     lambda_tr( tot )=       0.000000
     -------------------------------------------------------------------


     Number of (k,k+q) pairs on the Fermi surface:      198 out of      324


     ismear =     1 iq =     310 coord.:   0.94444  0.16667  0.00000 wt:   0.00309 Temp:  300.000K
     -------------------------------------------------------------------
     lambda___(   1 )=       0.000000   gamma___=       0.000000 meV  omega=      6.2622 meV   on_shell_Omega=      6.2624 meV  off_shell_Omega=      6.2624 meV
     lambda_tr(   1 )=       0.000000   gamma_tr=       0.000000 meV  omega=      6.2622 meV   on_shell_Omega=      6.2624 meV  off_shell_Omega=      6.2624 meV
     lambda___(   2 )=       0.000000   gamma___=       0.000000 meV  omega=     38.1809 meV   on_shell_Omega=     38.1809 meV  off_shell_Omega=     38.1809 meV
     lambda_tr(   2 )=       0.000000   gamma_tr=       0.000000 meV  omega=     38.1809 meV   on_shell_Omega=     38.1809 meV  off_shell_Omega=     38.1809 meV
     lambda___(   3 )=       0.000000   gamma___=       0.000000 meV  omega=     59.3051 meV   on_shell_Omega=     59.3051 meV  off_shell_Omega=     59.3051 meV
     lambda_tr(   3 )=       0.000000   gamma_tr=       0.000000 meV  omega=     59.3051 meV   on_shell_Omega=     59.3051 meV  off_shell_Omega=     59.3051 meV
     lambda___(   4 )=       0.000000   gamma___=       0.000000 meV  omega=    106.4727 meV   on_shell_Omega=    106.4727 meV  off_shell_Omega=    106.4727 meV
     lambda_tr(   4 )=       0.000000   gamma_tr=       0.000000 meV  omega=    106.4727 meV   on_shell_Omega=    106.4727 meV  off_shell_Omega=    106.4727 meV
     lambda___(   5 )=       0.000000   gamma___=       0.000000 meV  omega=    189.5435 meV   on_shell_Omega=    189.5435 meV  off_shell_Omega=    189.5435 meV
     lambda_tr(   5 )=       0.000000   gamma_tr=       0.000000 meV  omega=    189.5435 meV   on_shell_Omega=    189.5435 meV  off_shell_Omega=    189.5435 meV
     lambda___(   6 )=       0.000000   gamma___=       0.000000 meV  omega=    199.0392 meV   on_shell_Omega=    199.0392 meV  off_shell_Omega=    199.0392 meV
     lambda_tr(   6 )=       0.000000   gamma_tr=       0.000000 meV  omega=    199.0392 meV   on_shell_Omega=    199.0392 meV  off_shell_Omega=    199.0392 meV
     lambda___( tot )=       0.000000
     lambda_tr( tot )=       0.000000
     -------------------------------------------------------------------


     Number of (k,k+q) pairs on the Fermi surface:      183 out of      324


     ismear =     1 iq =     311 coord.:   0.94444  0.22222  0.00000 wt:   0.00309 Temp:  300.000K
     -------------------------------------------------------------------
     lambda___(   1 )=       0.000000   gamma___=       0.000000 meV  omega=     12.1023 meV   on_shell_Omega=     12.1023 meV  off_shell_Omega=     12.1023 meV
     lambda_tr(   1 )=       0.000000   gamma_tr=       0.000000 meV  omega=     12.1023 meV   on_shell_Omega=     12.1023 meV  off_shell_Omega=     12.1023 meV
     lambda___(   2 )=       0.000000   gamma___=       0.000000 meV  omega=     50.5166 meV   on_shell_Omega=     50.5166 meV  off_shell_Omega=     50.5166 meV
     lambda_tr(   2 )=       0.000000   gamma_tr=       0.000000 meV  omega=     50.5166 meV   on_shell_Omega=     50.5166 meV  off_shell_Omega=     50.5166 meV
     lambda___(   3 )=       0.000000   gamma___=       0.000000 meV  omega=     79.4672 meV   on_shell_Omega=     79.4672 meV  off_shell_Omega=     79.4672 meV
     lambda_tr(   3 )=       0.000000   gamma_tr=       0.000000 meV  omega=     79.4672 meV   on_shell_Omega=     79.4672 meV  off_shell_Omega=     79.4672 meV
     lambda___(   4 )=       0.000000   gamma___=       0.000000 meV  omega=    104.4602 meV   on_shell_Omega=    104.4602 meV  off_shell_Omega=    104.4602 meV
     lambda_tr(   4 )=       0.000000   gamma_tr=       0.000000 meV  omega=    104.4602 meV   on_shell_Omega=    104.4602 meV  off_shell_Omega=    104.4602 meV
     lambda___(   5 )=       0.000000   gamma___=       0.000000 meV  omega=    185.9117 meV   on_shell_Omega=    185.9117 meV  off_shell_Omega=    185.9117 meV
     lambda_tr(   5 )=       0.000000   gamma_tr=       0.000000 meV  omega=    185.9117 meV   on_shell_Omega=    185.9117 meV  off_shell_Omega=    185.9117 meV
     lambda___(   6 )=       0.000000   gamma___=       0.000000 meV  omega=    199.3693 meV   on_shell_Omega=    199.3694 meV  off_shell_Omega=    199.3694 meV
     lambda_tr(   6 )=       0.000000   gamma_tr=       0.000000 meV  omega=    199.3693 meV   on_shell_Omega=    199.3694 meV  off_shell_Omega=    199.3694 meV
     lambda___( tot )=       0.000000
     lambda_tr( tot )=       0.000000
     -------------------------------------------------------------------


     Number of (k,k+q) pairs on the Fermi surface:      168 out of      324


     ismear =     1 iq =     312 coord.:   0.94444  0.27778  0.00000 wt:   0.00309 Temp:  300.000K
     -------------------------------------------------------------------
     lambda___(   1 )=       0.000000   gamma___=       0.000000 meV  omega=     19.5669 meV   on_shell_Omega=     19.5670 meV  off_shell_Omega=     19.5670 meV
     lambda_tr(   1 )=       0.000000   gamma_tr=       0.000000 meV  omega=     19.5669 meV   on_shell_Omega=     19.5670 meV  off_shell_Omega=     19.5670 meV
     lambda___(   2 )=       0.000000   gamma___=       0.000000 meV  omega=     60.9428 meV   on_shell_Omega=     60.9428 meV  off_shell_Omega=     60.9428 meV
     lambda_tr(   2 )=       0.000000   gamma_tr=       0.000000 meV  omega=     60.9428 meV   on_shell_Omega=     60.9428 meV  off_shell_Omega=     60.9428 meV
     lambda___(   3 )=       0.000000   gamma___=       0.000000 meV  omega=     98.5603 meV   on_shell_Omega=     98.5603 meV  off_shell_Omega=     98.5603 meV
     lambda_tr(   3 )=       0.000000   gamma_tr=       0.000000 meV  omega=     98.5603 meV   on_shell_Omega=     98.5603 meV  off_shell_Omega=     98.5603 meV
     lambda___(   4 )=       0.000000   gamma___=       0.000000 meV  omega=    101.5155 meV   on_shell_Omega=    101.5155 meV  off_shell_Omega=    101.5155 meV
     lambda_tr(   4 )=       0.000000   gamma_tr=       0.000000 meV  omega=    101.5155 meV   on_shell_Omega=    101.5155 meV  off_shell_Omega=    101.5155 meV
     lambda___(   5 )=       0.000000   gamma___=       0.000000 meV  omega=    182.0157 meV   on_shell_Omega=    182.0157 meV  off_shell_Omega=    182.0157 meV
     lambda_tr(   5 )=       0.000000   gamma_tr=       0.000000 meV  omega=    182.0157 meV   on_shell_Omega=    182.0157 meV  off_shell_Omega=    182.0157 meV
     lambda___(   6 )=       0.000000   gamma___=       0.000000 meV  omega=    197.3095 meV   on_shell_Omega=    197.3095 meV  off_shell_Omega=    197.3095 meV
     lambda_tr(   6 )=       0.000000   gamma_tr=       0.000000 meV  omega=    197.3095 meV   on_shell_Omega=    197.3095 meV  off_shell_Omega=    197.3095 meV
     lambda___( tot )=       0.000000
     lambda_tr( tot )=       0.000000
     -------------------------------------------------------------------


     Number of (k,k+q) pairs on the Fermi surface:      160 out of      324


     ismear =     1 iq =     313 coord.:   0.94444  0.33333  0.00000 wt:   0.00309 Temp:  300.000K
     -------------------------------------------------------------------
     lambda___(   1 )=       0.000000   gamma___=       0.000000 meV  omega=     28.5261 meV   on_shell_Omega=     28.5261 meV  off_shell_Omega=     28.5261 meV
     lambda_tr(   1 )=       0.000000   gamma_tr=       0.000000 meV  omega=     28.5261 meV   on_shell_Omega=     28.5261 meV  off_shell_Omega=     28.5261 meV
     lambda___(   2 )=       0.000000   gamma___=       0.000000 meV  omega=     68.7646 meV   on_shell_Omega=     68.7646 meV  off_shell_Omega=     68.7646 meV
     lambda_tr(   2 )=       0.000000   gamma_tr=       0.000000 meV  omega=     68.7646 meV   on_shell_Omega=     68.7646 meV  off_shell_Omega=     68.7646 meV
     lambda___(   3 )=       0.000000   gamma___=       0.000000 meV  omega=     97.3907 meV   on_shell_Omega=     97.3907 meV  off_shell_Omega=     97.3907 meV
     lambda_tr(   3 )=       0.000000   gamma_tr=       0.000000 meV  omega=     97.3907 meV   on_shell_Omega=     97.3907 meV  off_shell_Omega=     97.3907 meV
     lambda___(   4 )=       0.000000   gamma___=       0.000000 meV  omega=    116.2886 meV   on_shell_Omega=    116.2886 meV  off_shell_Omega=    116.2886 meV
     lambda_tr(   4 )=       0.000000   gamma_tr=       0.000000 meV  omega=    116.2886 meV   on_shell_Omega=    116.2886 meV  off_shell_Omega=    116.2886 meV
     lambda___(   5 )=       0.000000   gamma___=       0.000000 meV  omega=    178.9162 meV   on_shell_Omega=    178.9162 meV  off_shell_Omega=    178.9162 meV
     lambda_tr(   5 )=       0.000000   gamma_tr=       0.000000 meV  omega=    178.9162 meV   on_shell_Omega=    178.9162 meV  off_shell_Omega=    178.9162 meV
     lambda___(   6 )=       0.000000   gamma___=       0.000000 meV  omega=    193.2638 meV   on_shell_Omega=    193.2638 meV  off_shell_Omega=    193.2638 meV
     lambda_tr(   6 )=       0.000000   gamma_tr=       0.000000 meV  omega=    193.2638 meV   on_shell_Omega=    193.2638 meV  off_shell_Omega=    193.2638 meV
     lambda___( tot )=       0.000000
     lambda_tr( tot )=       0.000000
     -------------------------------------------------------------------


     Number of (k,k+q) pairs on the Fermi surface:      154 out of      324


     ismear =     1 iq =     314 coord.:   0.94444  0.38889  0.00000 wt:   0.00309 Temp:  300.000K
     -------------------------------------------------------------------
     lambda___(   1 )=       0.000000   gamma___=       0.000000 meV  omega=     38.5323 meV   on_shell_Omega=     38.5323 meV  off_shell_Omega=     38.5323 meV
     lambda_tr(   1 )=       0.000000   gamma_tr=       0.000000 meV  omega=     38.5323 meV   on_shell_Omega=     38.5323 meV  off_shell_Omega=     38.5323 meV
     lambda___(   2 )=       0.000000   gamma___=       0.000000 meV  omega=     74.3221 meV   on_shell_Omega=     74.3221 meV  off_shell_Omega=     74.3221 meV
     lambda_tr(   2 )=       0.000000   gamma_tr=       0.000000 meV  omega=     74.3221 meV   on_shell_Omega=     74.3221 meV  off_shell_Omega=     74.3221 meV
     lambda___(   3 )=       0.000000   gamma___=       0.000000 meV  omega=     91.8930 meV   on_shell_Omega=     91.8930 meV  off_shell_Omega=     91.8930 meV
     lambda_tr(   3 )=       0.000000   gamma_tr=       0.000000 meV  omega=     91.8930 meV   on_shell_Omega=     91.8930 meV  off_shell_Omega=     91.8930 meV
     lambda___(   4 )=       0.000000   gamma___=       0.000000 meV  omega=    132.5813 meV   on_shell_Omega=    132.5813 meV  off_shell_Omega=    132.5813 meV
     lambda_tr(   4 )=       0.000000   gamma_tr=       0.000000 meV  omega=    132.5813 meV   on_shell_Omega=    132.5813 meV  off_shell_Omega=    132.5813 meV
     lambda___(   5 )=       0.000000   gamma___=       0.000000 meV  omega=    176.6776 meV   on_shell_Omega=    176.6776 meV  off_shell_Omega=    176.6776 meV
     lambda_tr(   5 )=       0.000000   gamma_tr=       0.000000 meV  omega=    176.6776 meV   on_shell_Omega=    176.6776 meV  off_shell_Omega=    176.6776 meV
     lambda___(   6 )=       0.000000   gamma___=       0.000000 meV  omega=    187.5628 meV   on_shell_Omega=    187.5628 meV  off_shell_Omega=    187.5628 meV
     lambda_tr(   6 )=       0.000000   gamma_tr=       0.000000 meV  omega=    187.5628 meV   on_shell_Omega=    187.5628 meV  off_shell_Omega=    187.5628 meV
     lambda___( tot )=       0.000000
     lambda_tr( tot )=       0.000000
     -------------------------------------------------------------------


     Number of (k,k+q) pairs on the Fermi surface:      153 out of      324


     ismear =     1 iq =     315 coord.:   0.94444  0.44444  0.00000 wt:   0.00309 Temp:  300.000K
     -------------------------------------------------------------------
     lambda___(   1 )=       0.000000   gamma___=       0.000000 meV  omega=     48.6374 meV   on_shell_Omega=     48.6374 meV  off_shell_Omega=     48.6374 meV
     lambda_tr(   1 )=       0.000000   gamma_tr=       0.000000 meV  omega=     48.6374 meV   on_shell_Omega=     48.6374 meV  off_shell_Omega=     48.6374 meV
     lambda___(   2 )=       0.000000   gamma___=       0.000000 meV  omega=     78.2053 meV   on_shell_Omega=     78.2053 meV  off_shell_Omega=     78.2053 meV
     lambda_tr(   2 )=       0.000000   gamma_tr=       0.000000 meV  omega=     78.2053 meV   on_shell_Omega=     78.2053 meV  off_shell_Omega=     78.2053 meV
     lambda___(   3 )=       0.000000   gamma___=       0.000000 meV  omega=     85.2364 meV   on_shell_Omega=     85.2364 meV  off_shell_Omega=     85.2364 meV
     lambda_tr(   3 )=       0.000000   gamma_tr=       0.000000 meV  omega=     85.2364 meV   on_shell_Omega=     85.2364 meV  off_shell_Omega=     85.2364 meV
     lambda___(   4 )=       0.000000   gamma___=       0.000000 meV  omega=    147.2246 meV   on_shell_Omega=    147.2246 meV  off_shell_Omega=    147.2246 meV
     lambda_tr(   4 )=       0.000000   gamma_tr=       0.000000 meV  omega=    147.2246 meV   on_shell_Omega=    147.2246 meV  off_shell_Omega=    147.2246 meV
     lambda___(   5 )=       0.000000   gamma___=       0.000000 meV  omega=    174.8369 meV   on_shell_Omega=    174.8369 meV  off_shell_Omega=    174.8369 meV
     lambda_tr(   5 )=       0.000000   gamma_tr=       0.000000 meV  omega=    174.8369 meV   on_shell_Omega=    174.8369 meV  off_shell_Omega=    174.8369 meV
     lambda___(   6 )=       0.000000   gamma___=       0.000000 meV  omega=    180.2221 meV   on_shell_Omega=    180.2221 meV  off_shell_Omega=    180.2221 meV
     lambda_tr(   6 )=       0.000000   gamma_tr=       0.000000 meV  omega=    180.2221 meV   on_shell_Omega=    180.2221 meV  off_shell_Omega=    180.2221 meV
     lambda___( tot )=       0.000000
     lambda_tr( tot )=       0.000000
     -------------------------------------------------------------------


     Number of (k,k+q) pairs on the Fermi surface:      156 out of      324


     ismear =     1 iq =     316 coord.:   0.94444  0.50000  0.00000 wt:   0.00309 Temp:  300.000K
     -------------------------------------------------------------------
     lambda___(   1 )=       0.000000   gamma___=       0.000000 meV  omega=     56.6494 meV   on_shell_Omega=     56.6494 meV  off_shell_Omega=     56.6494 meV
     lambda_tr(   1 )=       0.000000   gamma_tr=       0.000000 meV  omega=     56.6494 meV   on_shell_Omega=     56.6494 meV  off_shell_Omega=     56.6494 meV
     lambda___(   2 )=       0.000000   gamma___=       0.000000 meV  omega=     79.0725 meV   on_shell_Omega=     79.0725 meV  off_shell_Omega=     79.0725 meV
     lambda_tr(   2 )=       0.000000   gamma_tr=       0.000000 meV  omega=     79.0725 meV   on_shell_Omega=     79.0725 meV  off_shell_Omega=     79.0725 meV
     lambda___(   3 )=       0.000000   gamma___=       0.000000 meV  omega=     80.3676 meV   on_shell_Omega=     80.3676 meV  off_shell_Omega=     80.3676 meV
     lambda_tr(   3 )=       0.000000   gamma_tr=       0.000000 meV  omega=     80.3676 meV   on_shell_Omega=     80.3676 meV  off_shell_Omega=     80.3676 meV
     lambda___(   4 )=       0.000000   gamma___=       0.000000 meV  omega=    159.9619 meV   on_shell_Omega=    159.9619 meV  off_shell_Omega=    159.9619 meV
     lambda_tr(   4 )=       0.000000   gamma_tr=       0.000000 meV  omega=    159.9619 meV   on_shell_Omega=    159.9619 meV  off_shell_Omega=    159.9619 meV
     lambda___(   5 )=       0.000000   gamma___=       0.000000 meV  omega=    170.9641 meV   on_shell_Omega=    170.9641 meV  off_shell_Omega=    170.9641 meV
     lambda_tr(   5 )=       0.000000   gamma_tr=       0.000000 meV  omega=    170.9641 meV   on_shell_Omega=    170.9641 meV  off_shell_Omega=    170.9641 meV
     lambda___(   6 )=       0.000000   gamma___=       0.000000 meV  omega=    173.8117 meV   on_shell_Omega=    173.8117 meV  off_shell_Omega=    173.8117 meV
     lambda_tr(   6 )=       0.000000   gamma_tr=       0.000000 meV  omega=    173.8117 meV   on_shell_Omega=    173.8117 meV  off_shell_Omega=    173.8117 meV
     lambda___( tot )=       0.000000
     lambda_tr( tot )=       0.000000
     -------------------------------------------------------------------


     Number of (k,k+q) pairs on the Fermi surface:      162 out of      324


     ismear =     1 iq =     317 coord.:   0.94444  0.55556  0.00000 wt:   0.00309 Temp:  300.000K
     -------------------------------------------------------------------
     lambda___(   1 )=       0.000000   gamma___=       0.000000 meV  omega=     56.6494 meV   on_shell_Omega=     56.6494 meV  off_shell_Omega=     56.6494 meV
     lambda_tr(   1 )=       0.000000   gamma_tr=       0.000000 meV  omega=     56.6494 meV   on_shell_Omega=     56.6494 meV  off_shell_Omega=     56.6494 meV
     lambda___(   2 )=       0.000000   gamma___=       0.000000 meV  omega=     79.0725 meV   on_shell_Omega=     79.0725 meV  off_shell_Omega=     79.0725 meV
     lambda_tr(   2 )=       0.000000   gamma_tr=       0.000000 meV  omega=     79.0725 meV   on_shell_Omega=     79.0725 meV  off_shell_Omega=     79.0725 meV
     lambda___(   3 )=       0.000000   gamma___=       0.000000 meV  omega=     80.3676 meV   on_shell_Omega=     80.3676 meV  off_shell_Omega=     80.3676 meV
     lambda_tr(   3 )=       0.000000   gamma_tr=       0.000000 meV  omega=     80.3676 meV   on_shell_Omega=     80.3676 meV  off_shell_Omega=     80.3676 meV
     lambda___(   4 )=       0.000000   gamma___=       0.000000 meV  omega=    159.9619 meV   on_shell_Omega=    159.9619 meV  off_shell_Omega=    159.9619 meV
     lambda_tr(   4 )=       0.000000   gamma_tr=       0.000000 meV  omega=    159.9619 meV   on_shell_Omega=    159.9619 meV  off_shell_Omega=    159.9619 meV
     lambda___(   5 )=       0.000000   gamma___=       0.000000 meV  omega=    170.9641 meV   on_shell_Omega=    170.9641 meV  off_shell_Omega=    170.9641 meV
     lambda_tr(   5 )=       0.000000   gamma_tr=       0.000000 meV  omega=    170.9641 meV   on_shell_Omega=    170.9641 meV  off_shell_Omega=    170.9641 meV
     lambda___(   6 )=       0.000000   gamma___=       0.000000 meV  omega=    173.8117 meV   on_shell_Omega=    173.8117 meV  off_shell_Omega=    173.8117 meV
     lambda_tr(   6 )=       0.000000   gamma_tr=       0.000000 meV  omega=    173.8117 meV   on_shell_Omega=    173.8117 meV  off_shell_Omega=    173.8117 meV
     lambda___( tot )=       0.000000
     lambda_tr( tot )=       0.000000
     -------------------------------------------------------------------


     Number of (k,k+q) pairs on the Fermi surface:      161 out of      324


     ismear =     1 iq =     318 coord.:   0.94444  0.61111  0.00000 wt:   0.00309 Temp:  300.000K
     -------------------------------------------------------------------
     lambda___(   1 )=       0.000000   gamma___=       0.000000 meV  omega=     48.6374 meV   on_shell_Omega=     48.6374 meV  off_shell_Omega=     48.6374 meV
     lambda_tr(   1 )=       0.000000   gamma_tr=       0.000000 meV  omega=     48.6374 meV   on_shell_Omega=     48.6374 meV  off_shell_Omega=     48.6374 meV
     lambda___(   2 )=       0.000000   gamma___=       0.000000 meV  omega=     78.2053 meV   on_shell_Omega=     78.2053 meV  off_shell_Omega=     78.2053 meV
     lambda_tr(   2 )=       0.000000   gamma_tr=       0.000000 meV  omega=     78.2053 meV   on_shell_Omega=     78.2053 meV  off_shell_Omega=     78.2053 meV
     lambda___(   3 )=       0.000000   gamma___=       0.000000 meV  omega=     85.2364 meV   on_shell_Omega=     85.2364 meV  off_shell_Omega=     85.2364 meV
     lambda_tr(   3 )=       0.000000   gamma_tr=       0.000000 meV  omega=     85.2364 meV   on_shell_Omega=     85.2364 meV  off_shell_Omega=     85.2364 meV
     lambda___(   4 )=       0.000000   gamma___=       0.000000 meV  omega=    147.2246 meV   on_shell_Omega=    147.2246 meV  off_shell_Omega=    147.2246 meV
     lambda_tr(   4 )=       0.000000   gamma_tr=       0.000000 meV  omega=    147.2246 meV   on_shell_Omega=    147.2246 meV  off_shell_Omega=    147.2246 meV
     lambda___(   5 )=       0.000000   gamma___=       0.000000 meV  omega=    174.8369 meV   on_shell_Omega=    174.8369 meV  off_shell_Omega=    174.8369 meV
     lambda_tr(   5 )=       0.000000   gamma_tr=       0.000000 meV  omega=    174.8369 meV   on_shell_Omega=    174.8369 meV  off_shell_Omega=    174.8369 meV
     lambda___(   6 )=       0.000000   gamma___=       0.000000 meV  omega=    180.2221 meV   on_shell_Omega=    180.2221 meV  off_shell_Omega=    180.2221 meV
     lambda_tr(   6 )=       0.000000   gamma_tr=       0.000000 meV  omega=    180.2221 meV   on_shell_Omega=    180.2221 meV  off_shell_Omega=    180.2221 meV
     lambda___( tot )=       0.000000
     lambda_tr( tot )=       0.000000
     -------------------------------------------------------------------


     Number of (k,k+q) pairs on the Fermi surface:      157 out of      324


     ismear =     1 iq =     319 coord.:   0.94444  0.66667  0.00000 wt:   0.00309 Temp:  300.000K
     -------------------------------------------------------------------
     lambda___(   1 )=       0.000000   gamma___=       0.000000 meV  omega=     38.5323 meV   on_shell_Omega=     38.5323 meV  off_shell_Omega=     38.5323 meV
     lambda_tr(   1 )=       0.000000   gamma_tr=       0.000000 meV  omega=     38.5323 meV   on_shell_Omega=     38.5323 meV  off_shell_Omega=     38.5323 meV
     lambda___(   2 )=       0.000000   gamma___=       0.000000 meV  omega=     74.3221 meV   on_shell_Omega=     74.3221 meV  off_shell_Omega=     74.3221 meV
     lambda_tr(   2 )=       0.000000   gamma_tr=       0.000000 meV  omega=     74.3221 meV   on_shell_Omega=     74.3221 meV  off_shell_Omega=     74.3221 meV
     lambda___(   3 )=       0.000000   gamma___=       0.000000 meV  omega=     91.8930 meV   on_shell_Omega=     91.8930 meV  off_shell_Omega=     91.8930 meV
     lambda_tr(   3 )=       0.000000   gamma_tr=       0.000000 meV  omega=     91.8930 meV   on_shell_Omega=     91.8930 meV  off_shell_Omega=     91.8930 meV
     lambda___(   4 )=       0.000000   gamma___=       0.000000 meV  omega=    132.5813 meV   on_shell_Omega=    132.5813 meV  off_shell_Omega=    132.5813 meV
     lambda_tr(   4 )=       0.000000   gamma_tr=       0.000000 meV  omega=    132.5813 meV   on_shell_Omega=    132.5813 meV  off_shell_Omega=    132.5813 meV
     lambda___(   5 )=       0.000000   gamma___=       0.000000 meV  omega=    176.6776 meV   on_shell_Omega=    176.6776 meV  off_shell_Omega=    176.6776 meV
     lambda_tr(   5 )=       0.000000   gamma_tr=       0.000000 meV  omega=    176.6776 meV   on_shell_Omega=    176.6776 meV  off_shell_Omega=    176.6776 meV
     lambda___(   6 )=       0.000000   gamma___=       0.000000 meV  omega=    187.5628 meV   on_shell_Omega=    187.5628 meV  off_shell_Omega=    187.5628 meV
     lambda_tr(   6 )=       0.000000   gamma_tr=       0.000000 meV  omega=    187.5628 meV   on_shell_Omega=    187.5628 meV  off_shell_Omega=    187.5628 meV
     lambda___( tot )=       0.000000
     lambda_tr( tot )=       0.000000
     -------------------------------------------------------------------


     Number of (k,k+q) pairs on the Fermi surface:      156 out of      324


     ismear =     1 iq =     320 coord.:   0.94444  0.72222  0.00000 wt:   0.00309 Temp:  300.000K
     -------------------------------------------------------------------
     lambda___(   1 )=       0.000000   gamma___=       0.000000 meV  omega=     28.5261 meV   on_shell_Omega=     28.5261 meV  off_shell_Omega=     28.5261 meV
     lambda_tr(   1 )=       0.000000   gamma_tr=       0.000000 meV  omega=     28.5261 meV   on_shell_Omega=     28.5261 meV  off_shell_Omega=     28.5261 meV
     lambda___(   2 )=       0.000000   gamma___=       0.000000 meV  omega=     68.7646 meV   on_shell_Omega=     68.7646 meV  off_shell_Omega=     68.7646 meV
     lambda_tr(   2 )=       0.000000   gamma_tr=       0.000000 meV  omega=     68.7646 meV   on_shell_Omega=     68.7646 meV  off_shell_Omega=     68.7646 meV
     lambda___(   3 )=       0.000000   gamma___=       0.000000 meV  omega=     97.3907 meV   on_shell_Omega=     97.3907 meV  off_shell_Omega=     97.3907 meV
     lambda_tr(   3 )=       0.000000   gamma_tr=       0.000000 meV  omega=     97.3907 meV   on_shell_Omega=     97.3907 meV  off_shell_Omega=     97.3907 meV
     lambda___(   4 )=       0.000000   gamma___=       0.000000 meV  omega=    116.2886 meV   on_shell_Omega=    116.2886 meV  off_shell_Omega=    116.2886 meV
     lambda_tr(   4 )=       0.000000   gamma_tr=       0.000000 meV  omega=    116.2886 meV   on_shell_Omega=    116.2886 meV  off_shell_Omega=    116.2886 meV
     lambda___(   5 )=       0.000000   gamma___=       0.000000 meV  omega=    178.9162 meV   on_shell_Omega=    178.9162 meV  off_shell_Omega=    178.9162 meV
     lambda_tr(   5 )=       0.000000   gamma_tr=       0.000000 meV  omega=    178.9162 meV   on_shell_Omega=    178.9162 meV  off_shell_Omega=    178.9162 meV
     lambda___(   6 )=       0.000000   gamma___=       0.000000 meV  omega=    193.2638 meV   on_shell_Omega=    193.2638 meV  off_shell_Omega=    193.2638 meV
     lambda_tr(   6 )=       0.000000   gamma_tr=       0.000000 meV  omega=    193.2638 meV   on_shell_Omega=    193.2638 meV  off_shell_Omega=    193.2638 meV
     lambda___( tot )=       0.000000
     lambda_tr( tot )=       0.000000
     -------------------------------------------------------------------


     Number of (k,k+q) pairs on the Fermi surface:      158 out of      324


     ismear =     1 iq =     321 coord.:   0.94444  0.77778  0.00000 wt:   0.00309 Temp:  300.000K
     -------------------------------------------------------------------
     lambda___(   1 )=       0.000000   gamma___=       0.000000 meV  omega=     19.5669 meV   on_shell_Omega=     19.5669 meV  off_shell_Omega=     19.5669 meV
     lambda_tr(   1 )=       0.000000   gamma_tr=       0.000000 meV  omega=     19.5669 meV   on_shell_Omega=     19.5669 meV  off_shell_Omega=     19.5669 meV
     lambda___(   2 )=       0.000000   gamma___=       0.000000 meV  omega=     60.9428 meV   on_shell_Omega=     60.9428 meV  off_shell_Omega=     60.9428 meV
     lambda_tr(   2 )=       0.000000   gamma_tr=       0.000000 meV  omega=     60.9428 meV   on_shell_Omega=     60.9428 meV  off_shell_Omega=     60.9428 meV
     lambda___(   3 )=       0.000000   gamma___=       0.000000 meV  omega=     98.5603 meV   on_shell_Omega=     98.5603 meV  off_shell_Omega=     98.5603 meV
     lambda_tr(   3 )=       0.000000   gamma_tr=       0.000000 meV  omega=     98.5603 meV   on_shell_Omega=     98.5603 meV  off_shell_Omega=     98.5603 meV
     lambda___(   4 )=       0.000000   gamma___=       0.000000 meV  omega=    101.5155 meV   on_shell_Omega=    101.5155 meV  off_shell_Omega=    101.5155 meV
     lambda_tr(   4 )=       0.000000   gamma_tr=       0.000000 meV  omega=    101.5155 meV   on_shell_Omega=    101.5155 meV  off_shell_Omega=    101.5155 meV
     lambda___(   5 )=       0.000000   gamma___=       0.000000 meV  omega=    182.0157 meV   on_shell_Omega=    182.0157 meV  off_shell_Omega=    182.0157 meV
     lambda_tr(   5 )=       0.000000   gamma_tr=       0.000000 meV  omega=    182.0157 meV   on_shell_Omega=    182.0157 meV  off_shell_Omega=    182.0157 meV
     lambda___(   6 )=       0.000000   gamma___=       0.000000 meV  omega=    197.3095 meV   on_shell_Omega=    197.3095 meV  off_shell_Omega=    197.3095 meV
     lambda_tr(   6 )=       0.000000   gamma_tr=       0.000000 meV  omega=    197.3095 meV   on_shell_Omega=    197.3095 meV  off_shell_Omega=    197.3095 meV
     lambda___( tot )=       0.000000
     lambda_tr( tot )=       0.000000
     -------------------------------------------------------------------


     Number of (k,k+q) pairs on the Fermi surface:      161 out of      324


     ismear =     1 iq =     322 coord.:   0.94444  0.83333  0.00000 wt:   0.00309 Temp:  300.000K
     -------------------------------------------------------------------
     lambda___(   1 )=       0.000000   gamma___=       0.000000 meV  omega=     12.1023 meV   on_shell_Omega=     12.1023 meV  off_shell_Omega=     12.1023 meV
     lambda_tr(   1 )=       0.000000   gamma_tr=       0.000000 meV  omega=     12.1023 meV   on_shell_Omega=     12.1023 meV  off_shell_Omega=     12.1023 meV
     lambda___(   2 )=       0.000000   gamma___=       0.000000 meV  omega=     50.5166 meV   on_shell_Omega=     50.5166 meV  off_shell_Omega=     50.5166 meV
     lambda_tr(   2 )=       0.000000   gamma_tr=       0.000000 meV  omega=     50.5166 meV   on_shell_Omega=     50.5166 meV  off_shell_Omega=     50.5166 meV
     lambda___(   3 )=       0.000000   gamma___=       0.000000 meV  omega=     79.4672 meV   on_shell_Omega=     79.4672 meV  off_shell_Omega=     79.4672 meV
     lambda_tr(   3 )=       0.000000   gamma_tr=       0.000000 meV  omega=     79.4672 meV   on_shell_Omega=     79.4672 meV  off_shell_Omega=     79.4672 meV
     lambda___(   4 )=       0.000000   gamma___=       0.000000 meV  omega=    104.4602 meV   on_shell_Omega=    104.4602 meV  off_shell_Omega=    104.4602 meV
     lambda_tr(   4 )=       0.000000   gamma_tr=       0.000000 meV  omega=    104.4602 meV   on_shell_Omega=    104.4602 meV  off_shell_Omega=    104.4602 meV
     lambda___(   5 )=       0.000000   gamma___=       0.000000 meV  omega=    185.9117 meV   on_shell_Omega=    185.9117 meV  off_shell_Omega=    185.9117 meV
     lambda_tr(   5 )=       0.000000   gamma_tr=       0.000000 meV  omega=    185.9117 meV   on_shell_Omega=    185.9117 meV  off_shell_Omega=    185.9117 meV
     lambda___(   6 )=       0.000000   gamma___=       0.000000 meV  omega=    199.3693 meV   on_shell_Omega=    199.3694 meV  off_shell_Omega=    199.3694 meV
     lambda_tr(   6 )=       0.000000   gamma_tr=       0.000000 meV  omega=    199.3693 meV   on_shell_Omega=    199.3694 meV  off_shell_Omega=    199.3694 meV
     lambda___( tot )=       0.000000
     lambda_tr( tot )=       0.000000
     -------------------------------------------------------------------


     Number of (k,k+q) pairs on the Fermi surface:      169 out of      324


     ismear =     1 iq =     323 coord.:   0.94444  0.88889  0.00000 wt:   0.00309 Temp:  300.000K
     -------------------------------------------------------------------
     lambda___(   1 )=       0.000000   gamma___=       0.000000 meV  omega=      6.2622 meV   on_shell_Omega=      6.2623 meV  off_shell_Omega=      6.2623 meV
     lambda_tr(   1 )=       0.000000   gamma_tr=       0.000000 meV  omega=      6.2622 meV   on_shell_Omega=      6.2623 meV  off_shell_Omega=      6.2623 meV
     lambda___(   2 )=       0.000000   gamma___=       0.000000 meV  omega=     38.1809 meV   on_shell_Omega=     38.1809 meV  off_shell_Omega=     38.1809 meV
     lambda_tr(   2 )=       0.000000   gamma_tr=       0.000000 meV  omega=     38.1809 meV   on_shell_Omega=     38.1809 meV  off_shell_Omega=     38.1809 meV
     lambda___(   3 )=       0.000000   gamma___=       0.000000 meV  omega=     59.3051 meV   on_shell_Omega=     59.3051 meV  off_shell_Omega=     59.3051 meV
     lambda_tr(   3 )=       0.000000   gamma_tr=       0.000000 meV  omega=     59.3051 meV   on_shell_Omega=     59.3051 meV  off_shell_Omega=     59.3051 meV
     lambda___(   4 )=       0.000000   gamma___=       0.000000 meV  omega=    106.4727 meV   on_shell_Omega=    106.4727 meV  off_shell_Omega=    106.4727 meV
     lambda_tr(   4 )=       0.000000   gamma_tr=       0.000000 meV  omega=    106.4727 meV   on_shell_Omega=    106.4727 meV  off_shell_Omega=    106.4727 meV
     lambda___(   5 )=       0.000000   gamma___=       0.000000 meV  omega=    189.5435 meV   on_shell_Omega=    189.5435 meV  off_shell_Omega=    189.5435 meV
     lambda_tr(   5 )=       0.000000   gamma_tr=       0.000000 meV  omega=    189.5435 meV   on_shell_Omega=    189.5435 meV  off_shell_Omega=    189.5435 meV
     lambda___(   6 )=       0.000000   gamma___=       0.000000 meV  omega=    199.0392 meV   on_shell_Omega=    199.0392 meV  off_shell_Omega=    199.0392 meV
     lambda_tr(   6 )=       0.000000   gamma_tr=       0.000000 meV  omega=    199.0392 meV   on_shell_Omega=    199.0392 meV  off_shell_Omega=    199.0392 meV
     lambda___( tot )=       0.000000
     lambda_tr( tot )=       0.000000
     -------------------------------------------------------------------


     Number of (k,k+q) pairs on the Fermi surface:      182 out of      324


     ismear =     1 iq =     324 coord.:   0.94444  0.94444  0.00000 wt:   0.00309 Temp:  300.000K
     -------------------------------------------------------------------
     lambda___(   1 )=       0.000000   gamma___=       0.000000 meV  omega=      2.2256 meV   on_shell_Omega=      2.2261 meV  off_shell_Omega=      2.2261 meV
     lambda_tr(   1 )=       0.000000   gamma_tr=       0.000000 meV  omega=      2.2256 meV   on_shell_Omega=      2.2261 meV  off_shell_Omega=      2.2261 meV
     lambda___(   2 )=       0.000000   gamma___=       0.000000 meV  omega=     25.5120 meV   on_shell_Omega=     25.5120 meV  off_shell_Omega=     25.5120 meV
     lambda_tr(   2 )=       0.000000   gamma_tr=       0.000000 meV  omega=     25.5120 meV   on_shell_Omega=     25.5120 meV  off_shell_Omega=     25.5120 meV
     lambda___(   3 )=       0.000000   gamma___=       0.000000 meV  omega=     39.3028 meV   on_shell_Omega=     39.3028 meV  off_shell_Omega=     39.3028 meV
     lambda_tr(   3 )=       0.000000   gamma_tr=       0.000000 meV  omega=     39.3028 meV   on_shell_Omega=     39.3028 meV  off_shell_Omega=     39.3028 meV
     lambda___(   4 )=       0.000000   gamma___=       0.000000 meV  omega=    107.7204 meV   on_shell_Omega=    107.7204 meV  off_shell_Omega=    107.7204 meV
     lambda_tr(   4 )=       0.000000   gamma_tr=       0.000000 meV  omega=    107.7204 meV   on_shell_Omega=    107.7204 meV  off_shell_Omega=    107.7204 meV
     lambda___(   5 )=       0.000000   gamma___=       0.000000 meV  omega=    191.8831 meV   on_shell_Omega=    191.8831 meV  off_shell_Omega=    191.8831 meV
     lambda_tr(   5 )=       0.000000   gamma_tr=       0.000000 meV  omega=    191.8831 meV   on_shell_Omega=    191.8831 meV  off_shell_Omega=    191.8831 meV
     lambda___(   6 )=       0.000000   gamma___=       0.000000 meV  omega=    196.8342 meV   on_shell_Omega=    196.8342 meV  off_shell_Omega=    196.8342 meV
     lambda_tr(   6 )=       0.000000   gamma_tr=       0.000000 meV  omega=    196.8342 meV   on_shell_Omega=    196.8342 meV  off_shell_Omega=    196.8342 meV
     lambda___( tot )=       0.000000
     lambda_tr( tot )=       0.000000
     -------------------------------------------------------------------


     Number of (k,k+q) pairs on the Fermi surface:      200 out of      324

     ===================================================================
     Memory usage:  VmHWM =       216Mb
                   VmPeak =      5307Mb
     ===================================================================


     Unfolding on the coarse grid
     elphon_wrap  :   2604.79s CPU   1448.84s WALL (       1 calls)
     dvqpsi_us3   :   2375.61s CPU   1251.64s WALL (   31104 calls)
     com_dvloc    :     59.36s CPU     57.59s WALL (   31104 calls)
                                        0.00s GPU  (   31104 calls)
     dvqpsi_us_on :    112.18s CPU     50.62s WALL (   31104 calls)
     calbec       :     48.16s CPU     49.47s WALL (  121536 calls)
     fft          :      0.61s CPU      0.55s WALL (      13 calls)
     ffts         :     25.30s CPU     23.38s WALL (   31104 calls)
     fftw         :   1659.02s CPU    860.82s WALL (  881990 calls)

     INITIALIZATION: 

     init_vloc    :      0.04s CPU      0.04s WALL (       1 calls)
     init_us_1    :      0.00s CPU      0.00s WALL (       1 calls)



     Electron-Phonon interpolation
     ep-interp    :      4.96s CPU      5.65s WALL (     324 calls)
     PH SELF-ENER :      0.06s CPU      0.06s WALL (     324 calls)

     Ham: step 1  :      0.00s CPU      0.00s WALL (       1 calls)
     Ham: step 2  :      0.00s CPU      0.00s WALL (       1 calls)
     ep: step 1   :      0.04s CPU      0.04s WALL (      36 calls)
     ep: step 2   :      0.25s CPU      0.25s WALL (      36 calls)
     wigner_seitz :      0.00s CPU      0.00s WALL (       1 calls)
     DynW2B       :      0.01s CPU      0.01s WALL (     324 calls)
     HamW2B       :      0.58s CPU      0.66s WALL (  210924 calls)
     ephW2Bp      :      0.27s CPU      0.34s WALL (     324 calls)
     ephW2B       :      0.34s CPU      0.38s WALL (   55225 calls)
     vmeW2B       :      1.49s CPU      1.70s WALL (  110450 calls)



     Total program execution
     EPW          :  44m35.00s CPU  25m 8.68s WALL

     % Copyright (C) 2016-2023 EPW-Collaboration                                    
                                                                                    
     ===============================================================================
     Please consider citing the following papers.                                   
                                                                                                 
     % Paper describing the method on which EPW relies                                           
       F. Giustino and M. L. Cohen and S. G. Louie, Phys. Rev. B 76, 165108 (2007)               
                                                                                                 
     % Papers describing the EPW software                                                        
       H. Lee et al., npj Comput. Mater. 9, 156 (2023)                                           
       S. Ponc\'e, E.R. Margine, C. Verdi and F. Giustino, Comput. Phys. Commun. 209, 116 (2016) 
       J. Noffsinger et al., Comput. Phys. Commun. 181, 2140 (2010)                              
                                                                                                 
                                                                                    
     For your convenience, this information is also reported in the                 
     functionality-dependent EPW.bib file.                                          
     ===============================================================================
                                                                                    
