feature_family,held_support_configuration,bond_index,atom_i,atom_j,distance_A,target_delta_minimum_norm_tension_meV_A,remaining_repair_minimum_norm_tension_meV_A,LOCO_router_score,LOCO_router_threshold,LOCO_router_active,LOCO_tension_prediction_meV_A
mace_invariants,94,0,0,36,1.3910826091423445,855.4704186252885,24.11537748017498,0.5763756227190948,0.6931618961383135,0,-17.83238642926331
mace_invariants,94,1,0,41,1.4226454570369447,1203.9847919740243,-18.1594763962702,0.606465355012834,0.6931618961383135,0,37.0491908102744
mace_invariants,94,2,0,71,1.4972993441168152,725.2194793780524,28.405004945362855,0.7336858502449322,0.6931618961383135,1,6.913617271566636
mace_invariants,94,3,1,36,1.3733004800723627,587.7800713249309,2.3585403711318746,0.47204832292941645,0.6931618961383135,0,-76.03591436553107
mace_invariants,94,4,1,37,1.4205248973080284,1360.6828287518695,52.19495259640308,0.5083622163739426,0.6931618961383135,0,-67.87019575904911
mace_invariants,94,5,1,66,1.5862276990373492,-818.2929406113866,-52.10898743590037,0.4991102644135335,0.6931618961383135,0,-151.2558304086401
mace_invariants,94,6,2,37,1.5110807960941954,499.70633959013355,-0.053911393165710725,0.5603869106132076,0.6931618961383135,0,-51.70425678199226
mace_invariants,94,7,2,38,1.4299303839246404,1058.6083563892425,-3.8238518584793098,0.646045796100535,0.6931618961383135,0,72.18498525390068
mace_invariants,94,8,2,67,1.402797054080899,1319.9564595362715,13.664956235442316,0.6368407418443174,0.6931618961383135,0,-46.65897959685799
mace_invariants,94,9,3,38,1.5037165072873289,523.3785951569861,-10.19950205748251,0.7153173683861456,0.6931618961383135,1,-12.937159855632139
mace_invariants,94,10,3,39,1.4030662531953084,1364.4174559519056,17.85370197466904,0.6982224640473342,0.6931618961383135,1,17.826350484989774
mace_invariants,94,11,3,68,1.4729952382035687,980.3590589448697,-10.049894110874176,0.7369391112324502,0.6931618961383135,1,-27.412314090531154
mace_invariants,94,12,4,39,1.4282564842932257,930.8839274308514,16.644844044669007,0.6536813947383808,0.6931618961383135,0,2.0865980091680068
mace_invariants,94,13,4,40,1.4124189370887088,1114.4569878959664,-3.918702899400805,0.6415561314132211,0.6931618961383135,0,-20.632695204802054
mace_invariants,94,14,4,69,1.4024234838904601,1258.5286738009816,10.086875122131305,0.6820973598958192,0.6931618961383135,0,8.921634781897126
mace_invariants,94,15,5,40,1.3421399896087025,439.13392383603826,15.2293342988683,0.673200618019872,0.6931618961383135,0,-29.67306872378542
mace_invariants,94,16,5,41,1.4684663752195157,1013.3360545925651,13.439296306962326,0.6105377390457285,0.6931618961383135,0,59.28108576802153
mace_invariants,94,17,5,70,1.4479660420284532,1130.9395917429545,-4.099397851908375,0.7380229924327353,0.6931618961383135,1,-5.331395304114508
mace_invariants,94,18,6,41,1.435087344722947,1316.2242181537185,9.738611424153204,0.47376656339899237,0.6931618961383135,0,39.942263876275106
mace_invariants,94,19,6,42,1.4150505067149806,1066.3064624718172,44.27015058453713,0.47063486356806816,0.6931618961383135,0,-10.628951158642606
mace_invariants,94,20,6,47,1.4793709409684563,903.3788152037041,16.785110525063406,0.5125738893228867,0.6931618961383135,0,3.543736733271377
mace_invariants,94,21,7,36,1.3678498966135975,751.9519273749823,19.107371981137184,0.48862101995890167,0.6931618961383135,0,-26.09141584904937
mace_invariants,94,22,7,42,1.4114636346184672,1126.4498226044645,15.966636521613088,0.5155790524217168,0.6931618961383135,0,12.547536360620654
mace_invariants,94,23,7,43,1.477816454646723,880.9667086705225,-5.005977557730558,0.48594958675969424,0.6931618961383135,0,3.4187635720424687
mace_invariants,94,24,8,37,1.3526949689094148,426.9685461969445,4.581400296364438,0.48845575357315935,0.6931618961383135,0,-50.8782234130241
mace_invariants,94,25,8,43,1.3973134258174358,938.0054290726339,58.56649053130032,0.44947042692942574,0.6931618961383135,0,2.0191283184491304
mace_invariants,94,26,8,44,1.3664490064738735,637.1492661684752,23.87203612813982,0.6360124975758064,0.6931618961383135,0,-12.602055444319411
mace_invariants,94,27,9,38,1.3360377772378191,498.89524354959605,-1.5343024191647667,0.5409212476690988,0.6931618961383135,0,-16.101947842911798
mace_invariants,94,28,9,44,1.4658604777134931,981.2258602994889,-4.575496599782082,0.6028191061844184,0.6931618961383135,0,53.59290277971766
mace_invariants,94,29,9,45,1.4500734013598335,901.0914459867382,8.203863107003048,0.5103962434792036,0.6931618961383135,0,-21.83805389725803
mace_invariants,94,30,10,39,1.512805124826537,348.4905483354954,-8.186872320322253,0.7197606842623849,0.6931618961383135,1,-53.38290789266737
mace_invariants,94,31,10,45,1.4019351760126055,1243.6258470042176,14.286227182300436,0.706330584411301,0.6931618961383135,1,-25.26450046051254
mace_invariants,94,32,10,46,1.4190292190170481,1426.969638677649,0.7637544236468001,0.6789760374975292,0.6931618961383135,0,29.97472977918129
mace_invariants,94,33,11,40,1.4494715879207785,943.5794268776751,-15.725456920530702,0.6262208350890148,0.6931618961383135,0,-30.185175771553247
mace_invariants,94,34,11,46,1.450259628940738,1143.339515096652,2.661664666824841,0.5975614516493188,0.6931618961383135,0,26.249219050219466
mace_invariants,94,35,11,47,1.4205115775485926,1252.6804291151536,4.56164767310798,0.6023652820387657,0.6931618961383135,0,24.597316049063586
mace_invariants,94,36,12,47,1.4319351561503288,1003.4367394390069,-33.15789440869636,0.6414210048442286,0.6931618961383135,0,0.7928152745675607
mace_invariants,94,37,12,48,1.3747221988294773,804.0551340373679,-18.065857521948907,0.7300609672469185,0.6931618961383135,1,-34.68652391260986
mace_invariants,94,38,12,53,1.4833054609982357,870.4305873529894,-10.26106386785821,0.4870801500996712,0.6931618961383135,0,-25.144536893085025
mace_invariants,94,39,13,42,1.400874009011166,1070.012051404186,-3.1690258665432873,0.6888827435264495,0.6931618961383135,0,27.7614994096908
mace_invariants,94,40,13,48,1.4994883272757629,593.6837686253443,-0.9045170027246335,0.8194617316839579,0.6931618961383135,1,-40.316816629383084
mace_invariants,94,41,13,49,1.43566683057242,958.2220935157133,23.215689866020636,0.7435959079962116,0.6931618961383135,1,18.965056926015126
mace_invariants,94,42,14,43,1.44549195172947,1278.161841721242,0.8007037128451369,0.5387420979152984,0.6931618961383135,0,27.798247292902513
mace_invariants,94,43,14,49,1.4263398774721714,1046.5089252670957,19.73439500695607,0.6230847280470829,0.6931618961383135,0,-3.192242222156599
mace_invariants,94,44,14,50,1.3407454143611117,347.7934041333829,32.89446925017107,0.5435475398647792,0.6931618961383135,0,-43.70537209340247
mace_invariants,94,45,15,44,1.496603675661056,705.24918713762,19.307410614390346,0.7116441420563087,0.6931618961383135,1,67.17150543076698
mace_invariants,94,46,15,50,1.5146188469618211,473.16156735259773,-15.362737437697117,0.5299075133594089,0.6931618961383135,0,-59.458786807606884
mace_invariants,94,47,15,51,1.4160443200756212,971.1274407489202,-42.812047580654074,0.6161386638204778,0.6931618961383135,0,31.861749598762106
mace_invariants,94,48,16,45,1.3707324767622397,732.3722695465802,-23.316470254314694,0.614620842716026,0.6931618961383135,0,3.8934005409813324
mace_invariants,94,49,16,51,1.4374983791935803,1101.3968700691078,-11.607619378169222,0.6115382271854097,0.6931618961383135,0,-26.48716411928187
mace_invariants,94,50,16,52,1.457527728350745,1137.8349655783318,-18.039863785899627,0.46869837838734973,0.6931618961383135,0,28.13966570832863
mace_invariants,94,51,17,46,1.4271945033535822,961.7687652830955,-41.531833688267746,0.5507715278637932,0.6931618961383135,0,2.353482998204191
mace_invariants,94,52,17,52,1.4192501876847963,1025.1921481796576,-6.01963100931098,0.4322036104488888,0.6931618961383135,0,37.23235828897437
mace_invariants,94,53,17,53,1.4054774701200734,998.9401751557918,-13.060138643396483,0.4012345035086828,0.6931618961383135,0,44.785515552785164
mace_invariants,94,54,18,53,1.4125083655224295,1128.120698305994,-37.69378521182624,0.4123846879621496,0.6931618961383135,0,34.38591596589291
mace_invariants,94,55,18,54,1.401360932569208,1090.2577272170065,-14.999208790218422,0.5666799620603031,0.6931618961383135,0,-8.026050478297492
mace_invariants,94,56,18,59,1.4726022443596138,876.6588599667203,-39.92357835658929,0.5376418561676444,0.6931618961383135,0,-5.984492277788068
mace_invariants,94,57,19,48,1.4154163793725598,1269.199888996727,-4.135260675560774,0.6516643979000242,0.6931618961383135,0,-22.203875381647293
mace_invariants,94,58,19,54,1.4631381105047145,1044.1267415852358,-5.593036279978851,0.5629788548509305,0.6931618961383135,0,-28.196420387692367
mace_invariants,94,59,19,55,1.373679486902283,911.9229375114276,-0.3230169251445293,0.5476898578948214,0.6931618961383135,0,-44.78802128115143
mace_invariants,94,60,20,49,1.3758587684781813,780.8175927701261,31.679188366142412,0.5888584227769023,0.6931618961383135,0,-1.898675818041152
mace_invariants,94,61,20,55,1.3435790312786378,437.5010333232383,36.765508149201565,0.5607497064594458,0.6931618961383135,0,-70.01072183158243
mace_invariants,94,62,20,56,1.4561562442566156,977.5031844867035,15.026083829203621,0.5538222848711368,0.6931618961383135,0,-24.85396719843049
mace_invariants,94,63,21,50,1.3662617455748776,671.0173180063588,19.325786883106357,0.4981132683133752,0.6931618961383135,0,-83.32133725583279
mace_invariants,94,64,21,56,1.45299459756637,1083.545564516649,39.35243585278041,0.5426143185899135,0.6931618961383135,0,38.50877524523097
mace_invariants,94,65,21,57,1.4864206457535838,773.7583916101049,-6.7892825897892255,0.5356632915794117,0.6931618961383135,0,-34.048303265119756
mace_invariants,94,66,22,51,1.333348821078626,241.10755562537034,-20.925805579329882,0.6032336328909496,0.6931618961383135,0,-33.559927245467364
mace_invariants,94,67,22,57,1.4392385686925124,1261.4800763814073,-6.599900467024224,0.5545525056959173,0.6931618961383135,0,-19.48740938696484
mace_invariants,94,68,22,58,1.4490732350006528,1045.3503059296752,-23.32554666035344,0.5578248927552334,0.6931618961383135,0,31.269300890552774
mace_invariants,94,69,23,52,1.4094316986697775,1087.6916683904815,-25.305082339930077,0.483079783024396,0.6931618961383135,0,76.63645946748017
mace_invariants,94,70,23,58,1.4044997888009438,1105.5124682648202,-36.0923994012843,0.5805108916867396,0.6931618961383135,0,22.118269171509013
mace_invariants,94,71,23,59,1.4399494329129614,1012.4759547892055,-37.77278019324079,0.5773678442896848,0.6931618961383135,0,8.937459642760981
mace_invariants,94,72,24,59,1.4500545237232507,1146.7006404116717,-13.43379633012338,0.5596931170175008,0.6931618961383135,0,49.37807691988468
mace_invariants,94,73,24,60,1.4857509766468695,692.1983381096279,1.8792129747216835,0.6442711098224398,0.6931618961383135,0,87.99686699174595
mace_invariants,94,74,24,65,1.4183908873987212,1020.8447269304213,-12.683327273269391,0.5585299004474579,0.6931618961383135,0,13.813601533138488
mace_invariants,94,75,25,54,1.4144132311987314,1124.747018248102,-22.787136422967606,0.6133607631384725,0.6931618961383135,0,-31.935760025000448
mace_invariants,94,76,25,60,1.3550443817569098,680.8063179297761,36.44617379660655,0.6689006500507529,0.6931618961383135,0,-9.545240574712007
mace_invariants,94,77,25,61,1.4641228847501944,789.86442400957,21.70210281267004,0.6296204575099271,0.6931618961383135,0,-59.11638539123642
mace_invariants,94,78,26,55,1.5011237332547276,610.051654201971,7.3569522537606336,0.5202276913066275,0.6931618961383135,0,-56.964418682871305
mace_invariants,94,79,26,61,1.388735250411863,1141.5152838308272,21.50389039355308,0.551776382634191,0.6931618961383135,0,82.32531697786568
mace_invariants,94,80,26,62,1.4763609791364147,753.6799752606303,12.951264898247015,0.4970046873150272,0.6931618961383135,0,-30.816883553335906
mace_invariants,94,81,27,56,1.4208606499921896,1139.189511141429,30.936968018775193,0.5708242062409434,0.6931618961383135,0,39.839129903201275
mace_invariants,94,82,27,62,1.3281742144562902,-96.02090247305306,-2.468727831276354,0.5545286238376522,0.6931618961383135,0,-65.16454286673503
mace_invariants,94,83,27,63,1.480265447680916,828.2006984895313,10.499528989906755,0.6815441405289768,0.6931618961383135,0,-42.964937613774936
mace_invariants,94,84,28,57,1.3643409548128618,670.0612345766261,11.697549482601747,0.6120671275703324,0.6931618961383135,0,-15.059673875046311
mace_invariants,94,85,28,63,1.3877845747513935,969.2631002861136,20.018787428982204,0.7297380888688676,0.6931618961383135,1,-38.59299800919251
mace_invariants,94,86,28,64,1.4191047664993053,1072.1188674109007,-13.378673031313806,0.6086826068876803,0.6931618961383135,0,61.744595497869625
mace_invariants,94,87,29,58,1.4516470406277315,987.3346340934621,-33.60471481295688,0.5439134798783268,0.6931618961383135,0,2.9335158899540517
mace_invariants,94,88,29,64,1.3932753600365706,1078.490750138696,-23.777729539271554,0.5372565721363587,0.6931618961383135,0,94.37963325558896
mace_invariants,94,89,29,65,1.4183361444606206,1052.9195919345539,-12.414293015002759,0.5396072159112291,0.6931618961383135,0,-4.776547631016857
mace_invariants,94,90,30,65,1.3874304765600594,1012.0145262043909,-12.174331993898308,0.541177701253365,0.6931618961383135,0,0.06823165891990612
mace_invariants,94,91,30,66,1.4469675523428345,1102.9092051488135,25.133216722506866,0.5295894876289537,0.6931618961383135,0,-39.89418547191975
mace_invariants,94,92,30,71,1.4628849171799836,962.0623237913957,28.75231353712456,0.6598377736706741,0.6931618961383135,0,-24.133592203882394
mace_invariants,94,93,31,60,1.4533968075619281,901.5250503325984,-1.5492641883799052,0.6786289839156715,0.6931618961383135,0,-141.64884083714244
mace_invariants,94,94,31,66,1.3567595014175782,733.6029720616723,53.421813834589486,0.5812995609162783,0.6931618961383135,0,-156.63164149770904
mace_invariants,94,95,31,67,1.3470094404985156,333.1557546456169,-30.873083578770153,0.6670053441077974,0.6931618961383135,0,-78.99536797669056
mace_invariants,94,96,32,61,1.4237382996860175,1134.0243894860284,24.177017352294488,0.5890654098385788,0.6931618961383135,0,-29.668690072025477
mace_invariants,94,97,32,67,1.4742746372600655,844.179578111899,-11.87031438321385,0.6167219625715306,0.6931618961383135,0,-95.86168061924687
mace_invariants,94,98,32,68,1.3674506281921135,845.4031212483733,19.941806832449686,0.6475487596740528,0.6931618961383135,0,1.8903955244967854
mace_invariants,94,99,33,62,1.3828741504948483,1029.6383449262294,0.9438237453769476,0.5390111125242106,0.6931618961383135,0,-40.368833490234685
mace_invariants,94,100,33,68,1.4064363930713153,1110.4841670274313,2.36684535565319,0.6522661576788484,0.6931618961383135,0,-11.96123621128882
mace_invariants,94,101,33,69,1.4846895419231463,801.6228963290986,-1.4744537526387227,0.641965475651171,0.6931618961383135,0,-26.25414952875712
mace_invariants,94,102,34,63,1.3771809475772032,1006.6262168806363,5.924793464800811,0.7731913964182365,0.6931618961383135,1,-19.521726887447755
mace_invariants,94,103,34,69,1.4534300053205425,922.494939894831,-7.51465444108743,0.7491302428538723,0.6931618961383135,1,5.651350704727756
mace_invariants,94,104,34,70,1.4745318642219176,919.4903609051387,9.07157113749301,0.7734113887841374,0.6931618961383135,1,-13.90336264797271
mace_invariants,94,105,35,64,1.4602014177793732,1136.8235551373427,8.132261172916348,0.38472382626753765,0.6931618961383135,0,169.60389184448576
mace_invariants,94,106,35,70,1.341040769203884,353.2553390855539,-3.240290608683455,0.5059993006146258,0.6931618961383135,0,-42.72142119472978
mace_invariants,94,107,35,71,1.3624367392858336,603.9722478899301,5.3606664812645475,0.5057345424597172,0.6931618961383135,0,-62.808572680856585
mace_invariants,65,0,0,36,1.4622436022949392,1056.6072441230383,-16.111583294418956,0.4871293552278736,0.69565302247198,0,-33.012849912417124
mace_invariants,65,1,0,41,1.442485067575715,1115.8583237674889,-1.056485669434268,0.5770857234248852,0.69565302247198,0,-14.396417702736056
mace_invariants,65,2,0,71,1.3898080435681002,1009.3716108655952,-46.54137266416232,0.6209352324500561,0.69565302247198,0,2.2758283513721445
mace_invariants,65,3,1,36,1.3198933492284028,-85.81062713413878,-105.24771335697878,0.4182126106682764,0.69565302247198,0,-26.771180148132675
mace_invariants,65,4,1,37,1.4917086605498664,828.7385625310537,-2.6564684752750645,0.7017423783641532,0.69565302247198,1,69.87424626036675
mace_invariants,65,5,1,66,1.399776704928703,881.0668491114209,-4.124386541990321,0.5186466226553422,0.69565302247198,0,95.24915082772304
mace_invariants,65,6,2,37,1.4658647049579165,1715.2990221679945,68.00255977046919,0.9276936076318847,0.69565302247198,1,47.11482195531228
mace_invariants,65,7,2,38,1.4979433143666026,896.9727686995093,0.8726884731095896,0.6767533403380145,0.69565302247198,0,-41.647744531467694
mace_invariants,65,8,2,67,1.400968195847968,1033.7215145601197,-38.35134360527876,0.7802116884552761,0.69565302247198,1,64.31433085337314
mace_invariants,65,9,3,38,1.3118625119806846,-330.6214883911708,-66.48150455253607,0.4859616857007252,0.69565302247198,0,-5.740612239316281
mace_invariants,65,10,3,39,1.4290786076401183,1037.2902068992528,1.493317828758672,0.41432669106584974,0.69565302247198,0,116.6067365896272
mace_invariants,65,11,3,68,1.457525015179946,1145.9315150413174,-53.23162123463213,0.5594670838192637,0.69565302247198,0,10.03940399921015
mace_invariants,65,12,4,39,1.4443060089054314,1178.1604454205162,-13.931411458958404,0.30006377127406975,0.69565302247198,0,53.12702439274864
mace_invariants,65,13,4,40,1.4574032943381332,1057.030249872798,6.054143994262599,0.4395091882061738,0.69565302247198,0,5.679359269892371
mace_invariants,65,14,4,69,1.4366700772715324,1174.6456996675495,-5.191360567707444,0.6218951957452128,0.69565302247198,0,33.45701970173051
mace_invariants,65,15,5,40,1.4243779819184519,1185.0431863941826,4.054997473348268,0.5836433254023041,0.69565302247198,0,27.894439990086145
mace_invariants,65,16,5,41,1.3959560347626712,1158.7320761124213,-28.79696204710093,0.5731997709000805,0.69565302247198,0,10.241807479881501
mace_invariants,65,17,5,70,1.4972169285577346,644.9821894395961,-31.977462010140762,0.8055904365673172,0.69565302247198,1,-5.512753061314651
mace_invariants,65,18,6,41,1.390050777285507,985.3629953137173,8.167951037634685,0.5302845335506294,0.69565302247198,0,19.98746990924343
mace_invariants,65,19,6,42,1.447806653915352,1019.2130516811649,-20.80043395885541,0.30279947749928876,0.69565302247198,0,351.20358565365046
mace_invariants,65,20,6,47,1.420916595401595,1197.891358850472,-9.614468009688096,0.4869473979221742,0.69565302247198,0,38.23117796931541
mace_invariants,65,21,7,36,1.4574200621561477,1220.9022361179714,-8.432082680470138,0.3761609842144249,0.69565302247198,0,-70.53506241449755
mace_invariants,65,22,7,42,1.3391327118614944,262.52419746290644,-33.52563245204264,0.23863229636009584,0.69565302247198,0,3.4378425727034987
mace_invariants,65,23,7,43,1.5360806596388827,135.5772649470304,-9.753814090729996,0.42799336691994694,0.69565302247198,0,-46.35383403152055
mace_invariants,65,24,8,37,1.3927529576364828,814.8209766493673,-17.425486035240795,0.7528015348708458,0.69565302247198,1,67.27085202859487
mace_invariants,65,25,8,43,1.3575630510804555,616.9064826707951,12.320841534341259,0.5211041498804911,0.69565302247198,0,17.897132488171707
mace_invariants,65,26,8,44,1.4002809869949857,707.5134134072866,-7.704873434790343,0.5879592858826084,0.69565302247198,0,-29.939808519187483
mace_invariants,65,27,9,38,1.374432310514095,778.7655742382271,-19.096695092352025,0.5161613158505514,0.69565302247198,0,-20.70846350082746
mace_invariants,65,28,9,44,1.5510591645991127,-221.2536466682144,-33.485502775092186,0.6022593341561842,0.69565302247198,0,-95.02328069079186
mace_invariants,65,29,9,45,1.391798758476647,947.3315523580671,-19.368566422377718,0.5299027073620959,0.69565302247198,0,-6.82371928822964
mace_invariants,65,30,10,39,1.41096963657844,1057.4372752636023,-4.5575460952859315,0.35891716122323775,0.69565302247198,0,11.661433442024865
mace_invariants,65,31,10,45,1.39229491504608,873.9663856653368,10.94011545762133,0.4442935473696577,0.69565302247198,0,4.956637705521679
mace_invariants,65,32,10,46,1.3576217727735305,595.9480921300222,-26.65360614635517,0.5510037587214137,0.69565302247198,0,17.77132408549355
mace_invariants,65,33,11,40,1.403253715282966,1105.8869709417277,-33.52501626569878,0.5741627884427078,0.69565302247198,0,1.6539419021440676
mace_invariants,65,34,11,46,1.373419000957773,877.9630072438625,-9.67041778459233,0.6268039690087797,0.69565302247198,0,1.0108945493745232
mace_invariants,65,35,11,47,1.4515167265535731,1194.6225165105354,12.665831445989449,0.5203820983120289,0.69565302247198,0,-19.848618372552014
mace_invariants,65,36,12,47,1.4494005910787482,1094.0309049632178,-17.83321109182307,0.5510908589371828,0.69565302247198,0,33.43228977991484
mace_invariants,65,37,12,48,1.3949103676174117,940.2677368256797,-32.9979751495541,0.6144983939414517,0.69565302247198,0,7.178883929850599
mace_invariants,65,38,12,53,1.4382265047970735,1250.756315548534,-2.9999953920647333,0.6169607702413665,0.69565302247198,0,32.43860477028022
mace_invariants,65,39,13,42,1.4668780840530653,931.7819316673703,-25.76108618377369,0.3209428907808546,0.69565302247198,0,140.04850841007413
mace_invariants,65,40,13,48,1.348069609005279,604.3746463866893,1.0706981341413944,0.5684983462080089,0.69565302247198,0,72.22702956320393
mace_invariants,65,41,13,49,1.4811646067349575,1023.9079746723731,-9.65712957590364,0.4387527776864877,0.69565302247198,0,-0.3887357367384432
mace_invariants,65,42,14,43,1.4597187099506868,983.7089135519038,-12.58462392416578,0.45776858734065196,0.69565302247198,0,-24.285487307386138
mace_invariants,65,43,14,49,1.296308069719481,-838.6584585454684,-150.74013071715748,0.386217403686434,0.69565302247198,0,50.22507873396154
mace_invariants,65,44,14,50,1.4432589468508916,1309.3941581003069,-38.732908165856834,0.4912164299088836,0.69565302247198,0,68.6254072230216
mace_invariants,65,45,15,44,1.4273916589481437,1306.452358470223,-2.198303419941573,0.5393752783909265,0.69565302247198,0,27.843456206726177
mace_invariants,65,46,15,50,1.421472838103007,1101.9295711368143,-38.73027918601469,0.5059679849570408,0.69565302247198,0,31.92928273025393
mace_invariants,65,47,15,51,1.4319536794719476,1042.8125470491923,-64.20796553848051,0.4464603793406735,0.69565302247198,0,36.32664517075683
mace_invariants,65,48,16,45,1.437317563771016,1043.571450046942,-33.69350991074358,0.4155897579021458,0.69565302247198,0,-9.052420145838955
mace_invariants,65,49,16,51,1.4260731281505619,1175.7157404607383,-20.661292271823825,0.3950314856459811,0.69565302247198,0,31.960509138770096
mace_invariants,65,50,16,52,1.422784860907071,965.2459482281876,-12.117871803862494,0.44233835574472513,0.69565302247198,0,5.828543104156512
mace_invariants,65,51,17,46,1.4596454530905298,880.3472110800567,-20.89420573488615,0.5592399107044848,0.69565302247198,0,-104.31648695230825
mace_invariants,65,52,17,52,1.3761633050430189,797.9069875684879,-12.088894118591666,0.4792782971953081,0.69565302247198,0,24.82489434780086
mace_invariants,65,53,17,53,1.472432601935258,1049.4032422758921,-31.561869555392754,0.5186879513119177,0.69565302247198,0,-29.977608290237644
mace_invariants,65,54,18,53,1.381249731149028,882.6531158761768,-47.794960567887166,0.6165785060610374,0.69565302247198,0,-28.644475995068806
mace_invariants,65,55,18,54,1.46211997247719,966.6886804404594,8.28103269465268,0.62283618433878,0.69565302247198,0,-6.420516014448317
mace_invariants,65,56,18,59,1.3577838606015133,665.9609881340938,-39.73416207531393,0.6420859609084912,0.69565302247198,0,-45.490347577023826
mace_invariants,65,57,19,48,1.4250439143849456,904.0979939633474,2.5544359253976783,0.5184046187931934,0.69565302247198,0,-35.54914449461711
mace_invariants,65,58,19,54,1.519834078689076,466.45610161907086,-7.54644695796659,0.5271246733708508,0.69565302247198,0,105.88390377457537
mace_invariants,65,59,19,55,1.3251074970658214,123.38434640866602,-23.927322979845997,0.489407449992954,0.69565302247198,0,-15.90213825767525
mace_invariants,65,60,20,49,1.4173514219691496,980.7702992343806,-11.037018934058558,0.3705376189550995,0.69565302247198,0,114.93389446881885
mace_invariants,65,61,20,55,1.442147562724644,963.5503732416253,-26.45587445870283,0.4712860186763812,0.69565302247198,0,97.76908360242099
mace_invariants,65,62,20,56,1.4373484107456713,1125.9502360064234,-27.775661436073726,0.4423595328144784,0.69565302247198,0,50.36545796877623
mace_invariants,65,63,21,50,1.3689541956154991,927.9067815830806,17.004616247808336,0.5759238174995939,0.69565302247198,0,17.019826173685473
mace_invariants,65,64,21,56,1.4602990105821476,1115.4470658349198,-31.227307735326686,0.5427467051365231,0.69565302247198,0,-23.29981338454525
mace_invariants,65,65,21,57,1.4114368663791956,962.9604739182076,-62.00346337268165,0.5808587492543157,0.69565302247198,0,-0.9043695320917617
mace_invariants,65,66,22,51,1.4136379006954665,1092.314606436416,-9.24230822508198,0.4358491436913949,0.69565302247198,0,15.736730464086556
mace_invariants,65,67,22,57,1.369302900501576,991.6577366183242,-25.490105229686606,0.5002916810624839,0.69565302247198,0,41.10627137754568
mace_invariants,65,68,22,58,1.412042226843043,1026.1136914182732,-11.338842602910965,0.451144930762468,0.69565302247198,0,15.424733773030457
mace_invariants,65,69,23,52,1.4264893886346734,1033.502718616763,-30.86157648009697,0.47103117015278256,0.69565302247198,0,-14.82389108570651
mace_invariants,65,70,23,58,1.4644458410832273,892.6220586665489,-23.761946036394114,0.4390200871251116,0.69565302247198,0,13.579503489133803
mace_invariants,65,71,23,59,1.4673312561948402,932.019861278333,-21.321125991764625,0.535948279116846,0.69565302247198,0,27.840979682486203
mace_invariants,65,72,24,59,1.4711923856501437,827.7973589325651,-37.41779702336072,0.6102983935240825,0.69565302247198,0,-28.894298627469073
mace_invariants,65,73,24,60,1.4545224991795536,1057.6146657896027,-26.960281980886784,0.6282532668334826,0.69565302247198,0,63.212299589240104
mace_invariants,65,74,24,65,1.3175206748177444,-302.10026760763685,-125.93197991974053,0.5102204449565664,0.69565302247198,0,-46.602751769457356
mace_invariants,65,75,25,54,1.4214568553458007,1201.0496772187191,-0.27132269615143084,0.6337067397792764,0.69565302247198,0,52.710659761756915
mace_invariants,65,76,25,60,1.3929200767497565,1002.4340693762597,-32.4137971767504,0.6709113896583878,0.69565302247198,0,7.402840045888404
mace_invariants,65,77,25,61,1.3869632124476805,875.6666574393352,-1.3074520588007894,0.6669844337154347,0.69565302247198,0,17.853577077592213
mace_invariants,65,78,26,55,1.4545589739018574,1079.326830049742,-38.35732745205336,0.6110455268860464,0.69565302247198,0,-35.54120478260138
mace_invariants,65,79,26,61,1.4405037326233319,1114.852561706314,-11.2541317931874,0.6820404442001016,0.69565302247198,0,-9.169581230253428
mace_invariants,65,80,26,62,1.3730997061111108,1033.0650033911638,-17.749340489971726,0.6882672168560945,0.69565302247198,0,17.533112903110183
mace_invariants,65,81,27,56,1.4460717280646853,998.8814650784017,-36.34257881711718,0.5641433329069857,0.69565302247198,0,30.816379492472304
mace_invariants,65,82,27,62,1.4606821127335028,855.762798319791,-35.819147993755806,0.6702915087389366,0.69565302247198,0,-1.2368511336348256
mace_invariants,65,83,27,63,1.3824479345777976,971.804395746723,-39.713527897707095,0.6854714551828271,0.69565302247198,0,-10.821099960460327
mace_invariants,65,84,28,57,1.379283360724125,1049.9859595715534,-29.46776879788484,0.7097797705505028,0.69565302247198,1,58.50350624286355
mace_invariants,65,85,28,63,1.4977944743411533,1091.68020888911,-19.602843742120157,0.7929958487085518,0.69565302247198,1,-29.728601610412912
mace_invariants,65,86,28,64,1.372963519103916,795.4618944377681,-84.40365548558312,0.750366717369958,0.69565302247198,1,-4.062214725348603
mace_invariants,65,87,29,58,1.4202438933528996,1148.1908573167934,-53.035956576198934,0.48627726389798087,0.69565302247198,0,8.512259475958164
mace_invariants,65,88,29,64,1.3789693128419653,1013.2153076191157,-30.563525043015204,0.576010961017452,0.69565302247198,0,-5.555226569067674
mace_invariants,65,89,29,65,1.5077180862249586,384.51812238787716,-50.76285062255183,0.48312750732219906,0.69565302247198,0,-11.049854553228503
mace_invariants,65,90,30,65,1.398430227951114,1009.5638566031311,-37.01070587110773,0.43946995136368644,0.69565302247198,0,59.36828106744386
mace_invariants,65,91,30,66,1.4046977137579169,1145.5201298305458,-42.94564983520344,0.5019853131980745,0.69565302247198,0,23.703465097263294
mace_invariants,65,92,30,71,1.4611375605078698,981.5564989279633,-42.67186166369255,0.5353571784331913,0.69565302247198,0,-21.369425055055224
mace_invariants,65,93,31,60,1.5260215966255175,328.2284272320978,-12.786386534539597,0.5351025404618439,0.69565302247198,0,-54.923046932448315
mace_invariants,65,94,31,66,1.4375601800557152,1004.0711461882465,-14.015748656247219,0.47958508041931563,0.69565302247198,0,-4.7570829790483415
mace_invariants,65,95,31,67,1.465626230067246,954.3822457793551,-14.615749685840747,0.5151989169515181,0.69565302247198,0,-9.314784419523033
mace_invariants,65,96,32,61,1.401891534443726,1191.218433745521,14.592735452739644,0.6080754926524296,0.69565302247198,0,-8.308574637043783
mace_invariants,65,97,32,67,1.4161382827834514,1071.0844155124469,14.642539015528353,0.592098825085057,0.69565302247198,0,5.50879226791227
mace_invariants,65,98,32,68,1.5148292445263376,499.6450960941116,-43.81751611679346,0.5621458750863337,0.69565302247198,0,-37.73560374794765
mace_invariants,65,99,33,62,1.4192784754096361,1067.282999501438,-67.03676135065481,0.6060947813777372,0.69565302247198,0,-36.60171102200353
mace_invariants,65,100,33,68,1.391084458487832,996.9370676650615,-27.081212156773468,0.5539383911556486,0.69565302247198,0,-39.92976258442796
mace_invariants,65,101,33,69,1.3475596008043589,217.8418574215496,-82.72201953954085,0.7306294228733776,0.69565302247198,1,12.891937282921145
mace_invariants,65,102,34,63,1.5602966323152094,-433.8095007508082,-62.71353575611827,0.8218743693797925,0.69565302247198,1,5.886309391941456
mace_invariants,65,103,34,69,1.4667022593355685,916.8818125489742,-3.3507341524606633,0.9312290644315424,0.69565302247198,1,-35.96875814159148
mace_invariants,65,104,34,70,1.414855391344323,1193.1820209988334,-67.23280716775639,0.9707901680575164,0.69565302247198,1,-20.423966735145058
mace_invariants,65,105,35,64,1.4839054222554193,778.2895483471063,-36.79438144662537,0.7494993644088428,0.69565302247198,1,-57.681509556001046
mace_invariants,65,106,35,70,1.413627303541222,1432.4735714501455,-49.57025656940315,0.9410442944251605,0.69565302247198,1,14.734206664290113
mace_invariants,65,107,35,71,1.4319571212437552,1164.7656987203916,-44.824802911019546,0.7525031377830947,0.69565302247198,1,31.50018578500583
mace_invariants,87,0,0,36,1.3676056508713499,856.3514717137974,11.551709060626216,0.5480906685844044,0.6958648350845155,0,39.6135627929702
mace_invariants,87,1,0,41,1.4257492259192899,1083.5903519777264,22.41688005149835,0.6171268941051484,0.6958648350845155,0,-53.45073928665516
mace_invariants,87,2,0,71,1.3339262991076744,327.38724565996023,47.78814942728243,0.5260543044169405,0.6958648350845155,0,14.922412804174876
mace_invariants,87,3,1,36,1.4110429873589032,1104.9177408747796,-16.600938295905323,0.5625081343625808,0.6958648350845155,0,5.132162669959982
mace_invariants,87,4,1,37,1.477549198024956,840.5798750100524,-14.635277058450171,0.5368644966182345,0.6958648350845155,0,57.169060815120396
mace_invariants,87,5,1,66,1.4189209202942137,1419.747208833935,-27.031611936669563,0.5338289515869941,0.6958648350845155,0,40.3819535598915
mace_invariants,87,6,2,37,1.4407934995457314,1059.9103930994095,-44.065199710025425,0.6131114169108762,0.6958648350845155,0,-4.797971441502444
mace_invariants,87,7,2,38,1.4493368938337616,991.2879729468118,-31.63800307250958,0.6115469974149017,0.6958648350845155,0,11.210326516406106
mace_invariants,87,8,2,67,1.3761539358405541,901.2565884758214,-10.54278933562869,0.6740488066735686,0.6958648350845155,0,16.797859142957016
mace_invariants,87,9,3,38,1.4119615439412072,978.0986151586546,-15.839719723187404,0.5251357386353168,0.6958648350845155,0,56.267318560794365
mace_invariants,87,10,3,39,1.4094291914800903,1118.9839947268686,-8.353083867428277,0.628243603842112,0.6958648350845155,0,84.70066466788742
mace_invariants,87,11,3,68,1.471197783504387,940.7647579835545,-26.050606543743623,0.6646121294187921,0.6958648350845155,0,-0.18162519621305506
mace_invariants,87,12,4,39,1.4622780672995155,839.1184510572242,-28.25727672565961,0.7465769355531578,0.6958648350845155,1,7.3162722378189375
mace_invariants,87,13,4,40,1.3738097124560567,780.5540241726399,-55.215170584699244,0.7170031628953345,0.6958648350845155,1,6.063940559490764
mace_invariants,87,14,4,69,1.4557074927983815,993.2035788011522,-37.997684827971156,0.5913342251906155,0.6958648350845155,0,15.345069024177013
mace_invariants,87,15,5,40,1.4670615910998215,1405.9830929643765,-21.057455929330672,0.6692259010853845,0.6958648350845155,0,-21.779941036820098
mace_invariants,87,16,5,41,1.3712875950607852,883.9309899161063,-15.518530244553949,0.6919360912974777,0.6958648350845155,0,-9.008095892753392
mace_invariants,87,17,5,70,1.457947802531317,1049.802229075314,6.941194807696772,0.7503027092796033,0.6958648350845155,1,1.2403753437315927
mace_invariants,87,18,6,41,1.4738740678976952,783.591714284627,-38.17013246041066,0.5659622045477928,0.6958648350845155,0,7.874691600906914
mace_invariants,87,19,6,42,1.4608151004685,1008.1425534786297,-4.768001777989066,0.6183316384192793,0.6958648350845155,0,31.490679964250702
mace_invariants,87,20,6,47,1.4626965000014402,1190.120608243619,-36.52198809731495,0.5376006875345891,0.6958648350845155,0,40.007260356916056
mace_invariants,87,21,7,36,1.3845442131715606,957.0208121832495,-3.918705879927634,0.6696407430539363,0.6958648350845155,0,-17.90153688919724
mace_invariants,87,22,7,42,1.3775834015847999,864.7646315159075,-34.352183491637845,0.791046402446167,0.6958648350845155,1,-61.095037345937946
mace_invariants,87,23,7,43,1.506900677466636,556.0292424430272,1.4298928423799804,0.6500402224273164,0.6958648350845155,0,-67.22127301998361
mace_invariants,87,24,8,37,1.4534420954300336,993.5052603026281,-23.206897840879467,0.5732103135863752,0.6958648350845155,0,-5.411850452167982
mace_invariants,87,25,8,43,1.4212420212357686,1163.7346988999534,-9.401923449621313,0.5792534307041017,0.6958648350845155,0,77.6871357826977
mace_invariants,87,26,8,44,1.3893984479940906,916.8514667689683,-28.777382348340172,0.5690188188751799,0.6958648350845155,0,23.183459618299302
mace_invariants,87,27,9,38,1.4011935797530486,1294.0275434952982,4.940136509678367,0.505289236174276,0.6958648350845155,0,66.56668222208086
mace_invariants,87,28,9,44,1.4235564781130146,1038.1573884460763,-34.80644744604292,0.5026621609590554,0.6958648350845155,0,43.017966732910246
mace_invariants,87,29,9,45,1.4649057848561882,1023.184651984953,-38.43493467488271,0.46225540194764425,0.6958648350845155,0,88.22744199277179
mace_invariants,87,30,10,39,1.4846562309528195,555.1021519474332,-81.17278533867166,0.5114429351108285,0.6958648350845155,0,32.61876783478783
mace_invariants,87,31,10,45,1.3124207731305897,-351.9940545310478,-144.83790645497024,0.36530123567740164,0.6958648350845155,0,28.430280413330507
mace_invariants,87,32,10,46,1.3622249107774889,614.1213597578819,-82.30512653502653,0.5481964922897511,0.6958648350845155,0,57.549966341350384
mace_invariants,87,33,11,40,1.3865241578003549,1243.972446787178,-44.62531250947413,0.6819276048315351,0.6958648350845155,0,29.710371877585185
mace_invariants,87,34,11,46,1.4553593526262998,1420.6054685968734,-0.0083985990475266,0.7482549346682811,0.6958648350845155,1,42.333779928955536
mace_invariants,87,35,11,47,1.4155227999913744,1227.9454007476133,-47.856711192260114,0.6762762780304248,0.6958648350845155,0,26.95169625933793
mace_invariants,87,36,12,47,1.3996420402550005,1304.8799287306206,26.462860130718955,0.6529571865739592,0.6958648350845155,0,-4.298532971733351
mace_invariants,87,37,12,48,1.3657089917376073,870.3405256951024,-24.247698158057112,0.7306570733085904,0.6958648350845155,1,4.27265013389151
mace_invariants,87,38,12,53,1.5380460693438465,1040.959656248883,0.42243916033558526,0.8316391143147619,0.6958648350845155,1,-81.06611065910735
mace_invariants,87,39,13,42,1.462357812081196,1564.2495200944504,-25.136838715793065,0.7885320724078855,0.6958648350845155,1,28.78826726711554
mace_invariants,87,40,13,48,1.4461009675450496,1295.3204582963888,8.537360700195672,0.7855010082578266,0.6958648350845155,1,-23.580477061914124
mace_invariants,87,41,13,49,1.430861054826249,1146.5222028299854,-13.100641057712512,0.7432482554643278,0.6958648350845155,1,82.30781718357872
mace_invariants,87,42,14,43,1.4603777555527169,1264.669938496019,-15.379412779346008,0.5580977752463552,0.6958648350845155,0,110.65858064193716
mace_invariants,87,43,14,49,1.4527701995036983,1019.5802353151504,-10.802076077555817,0.653820138321648,0.6958648350845155,0,99.13951332660315
mace_invariants,87,44,14,50,1.3430583377270968,458.5280616971701,-14.530285026110977,0.5670161215371878,0.6958648350845155,0,-23.426473226603044
mace_invariants,87,45,15,44,1.3918675649653125,1160.9898897288747,4.350935694561568,0.5815089468075734,0.6958648350845155,0,47.074514402564226
mace_invariants,87,46,15,50,1.467745393793857,1062.3973456920291,-31.31134830531341,0.6006619049273278,0.6958648350845155,0,126.00142066631733
mace_invariants,87,47,15,51,1.434333310799874,1136.3452391620092,-46.5041357477989,0.6292955875520465,0.6958648350845155,0,127.45252047008941
mace_invariants,87,48,16,45,1.4543285937440267,990.893930589527,19.724846381817542,0.36281431401583475,0.6958648350845155,0,45.43279337767401
mace_invariants,87,49,16,51,1.511589303080954,481.91809391770533,-11.51436640964993,0.451007713771719,0.6958648350845155,0,56.62914955459694
mace_invariants,87,50,16,52,1.3693699110016269,756.6624153004383,6.7645385512087906,0.4916732653393302,0.6958648350845155,0,113.59503012303895
mace_invariants,87,51,17,46,1.492496337688496,1171.2731056556397,53.53947793900171,0.8372241084043338,0.6958648350845155,1,43.48430339877255
mace_invariants,87,52,17,52,1.4611812058094016,1264.0778901257565,-8.406635009437426,0.7831878031154798,0.6958648350845155,1,-16.245291617859884
mace_invariants,87,53,17,53,1.4322073830760726,1312.3803265371093,-20.386056197060793,0.9439273795072802,0.6958648350845155,1,-0.6805162930933761
mace_invariants,87,54,18,53,1.3742515299411462,994.6647443032338,16.49123518027622,0.9876384298345063,0.6958648350845155,1,-16.46757762818268
mace_invariants,87,55,18,54,1.4435241264441347,1546.2641418800933,-50.721006767423276,0.8344841424794178,0.6958648350845155,1,-38.685585263991534
mace_invariants,87,56,18,59,1.4506459026972989,1343.5234295505454,26.947670012934175,0.907785408178586,0.6958648350845155,1,-61.244560481497295
mace_invariants,87,57,19,48,1.4151356874045458,1108.8809551869738,-38.812695643879344,0.7091448503464007,0.6958648350845155,1,-48.69597887322177
mace_invariants,87,58,19,54,1.501620507918092,797.0817727186673,16.85424007482533,0.6569726039974837,0.6958648350845155,0,15.503577171058218
mace_invariants,87,59,19,55,1.4622154539846681,1244.9181481773096,-36.63100092224435,0.5055527226221856,0.6958648350845155,0,57.303494889152965
mace_invariants,87,60,20,49,1.4470983083497728,1413.5782845211934,-2.314476173414119,0.6175642566897346,0.6958648350845155,0,53.11478219655004
mace_invariants,87,61,20,55,1.4348392874094296,1240.0799535940291,-10.395338647470956,0.4562248817590182,0.6958648350845155,0,40.0472398345398
mace_invariants,87,62,20,56,1.3980298678995853,1287.017436671292,31.767624169893136,0.5141437833529983,0.6958648350845155,0,30.931772062784823
mace_invariants,87,63,21,50,1.480038198412267,821.0255087882848,-28.92891261275864,0.5582953842504138,0.6958648350845155,0,129.2864093325059
mace_invariants,87,64,21,56,1.406470147800349,1171.2131099808355,1.9385921198991074,0.5416789276981375,0.6958648350845155,0,36.64756146605751
mace_invariants,87,65,21,57,1.4513493970900073,1097.8044128632828,-0.1631447520409092,0.520216022530249,0.6958648350845155,0,103.16436260607077
mace_invariants,87,66,22,51,1.304118562534494,-654.5065711186146,-172.55266614020675,0.431851999282981,0.6958648350845155,0,68.28054687249642
mace_invariants,87,67,22,57,1.4325845952428513,899.8146179321329,-2.0147860088662735,0.36513895493809756,0.6958648350845155,0,57.40637573635926
mace_invariants,87,68,22,58,1.351405525092858,471.4719980681541,-18.44766389533992,0.3684409110237918,0.6958648350845155,0,16.44304230261423
mace_invariants,87,69,23,52,1.3966764378722314,1117.777795781999,-5.522817240222578,0.5976258600972845,0.6958648350845155,0,-16.00349345261825
mace_invariants,87,70,23,58,1.538821244205001,168.00816071776748,-81.53176339223448,0.49354922027048403,0.6958648350845155,0,-89.38355233765861
mace_invariants,87,71,23,59,1.4943554870222482,991.182273889154,-12.188518868768414,0.6785124148331646,0.6958648350845155,0,-44.11014987380597
mace_invariants,87,72,24,59,1.3511986435958705,949.0792330404724,35.17076965009923,0.733124317848558,0.6958648350845155,1,-62.4534089585887
mace_invariants,87,73,24,60,1.4450824295020779,1120.946420139528,36.01256835636291,0.7003369482584061,0.6958648350845155,1,-35.09012773742668
mace_invariants,87,74,24,65,1.4546553701221627,1188.7243310787455,26.004705230691137,0.6280163881106118,0.6958648350845155,0,82.48810587985221
mace_invariants,87,75,25,54,1.3800260859345534,999.396565700333,4.415871153972343,0.6060685691014998,0.6958648350845155,0,-32.31176333601075
mace_invariants,87,76,25,60,1.5257754507360446,141.85691982961313,-20.116449509847595,0.6465824652105161,0.6958648350845155,0,-67.97028288276718
mace_invariants,87,77,25,61,1.4323922582098096,1065.62097103801,-3.3617999343481513,0.4713618005230629,0.6958648350845155,0,76.28911107154047
mace_invariants,87,78,26,55,1.4313492214582324,987.0151571011666,-49.72566957776164,0.43707472290282684,0.6958648350845155,0,46.196529575145874
mace_invariants,87,79,26,61,1.4191169193758841,1074.4911161274379,-35.9700573511174,0.453787835699688,0.6958648350845155,0,27.391560418250883
mace_invariants,87,80,26,62,1.4246237166926345,1150.9140532346598,-52.24984249365784,0.49601512845794216,0.6958648350845155,0,77.41461841383139
mace_invariants,87,81,27,56,1.4147547213509504,921.7020989395066,-3.9603916755872532,0.6264840060893735,0.6958648350845155,0,0.8559870880914104
mace_invariants,87,82,27,62,1.4156506977505219,1005.4669469259217,4.0018128145434675,0.6275055100505087,0.6958648350845155,0,35.85689665958426
mace_invariants,87,83,27,63,1.47643642237516,873.1698263476567,-22.46427949607494,0.655116815459545,0.6958648350845155,0,5.882184715938944
mace_invariants,87,84,28,57,1.4374450544790984,1006.3538216935885,-1.9692006328860507,0.4805289758264547,0.6958648350845155,0,69.33396179903897
mace_invariants,87,85,28,63,1.427857474851477,1168.8518292083902,19.176392643928555,0.5306246903645148,0.6958648350845155,0,27.435120255610393
mace_invariants,87,86,28,64,1.351370440619685,491.3363220510378,-7.941185048565838,0.6049505766641827,0.6958648350845155,0,6.606917451682591
mace_invariants,87,87,29,58,1.3905887970053608,1003.2696995199395,-53.91327004072631,0.4828155080461683,0.6958648350845155,0,66.44194429992464
mace_invariants,87,88,29,64,1.3387085669800558,246.51216174344975,-11.637193298941577,0.603935152798202,0.6958648350845155,0,36.99900003993768
mace_invariants,87,89,29,65,1.4033558024208292,1008.9501805063463,9.671338936006103,0.5626707728709026,0.6958648350845155,0,-1.947191020882947
mace_invariants,87,90,30,65,1.4643338105796446,927.7906983945603,-34.76376505163658,0.6253956011963742,0.6958648350845155,0,14.924367048564442
mace_invariants,87,91,30,66,1.3840306447836694,877.4391977586818,-42.05096086461503,0.5623207335663107,0.6958648350845155,0,30.715519220999976
mace_invariants,87,92,30,71,1.3887446216603396,910.6992131662689,-10.318427150636394,0.5689635521744336,0.6958648350845155,0,9.144378813820621
mace_invariants,87,93,31,60,1.3704026547479773,1137.2924453830535,-7.006194636029853,0.7396074688854377,0.6958648350845155,1,19.059654601783205
mace_invariants,87,94,31,66,1.4611229673749808,938.4901463641775,-19.779467034381227,0.60421204110758,0.6958648350845155,0,-7.285237094644046
mace_invariants,87,95,31,67,1.4261998788561028,1103.088133772173,-25.343479668803475,0.6681849759015127,0.6958648350845155,0,-12.039748605977017
mace_invariants,87,96,32,61,1.3834886069848509,844.9551455062975,-42.36274067508477,0.48210168781725193,0.6958648350845155,0,38.67798526877766
mace_invariants,87,97,32,67,1.403887979546066,1077.4020838674896,-17.058388539683115,0.58589985952078,0.6958648350845155,0,25.02080289313141
mace_invariants,87,98,32,68,1.4029705444617766,1131.524289683714,-49.89009618433996,0.6628744410455885,0.6958648350845155,0,17.598032789553596
mace_invariants,87,99,33,62,1.5182578937935352,297.5498636215731,-70.34586678413665,0.648808465037162,0.6958648350845155,0,14.318907528944703
mace_invariants,87,100,33,68,1.411302100465413,1186.2737922052088,-13.613673949778596,0.7873539255072445,0.6958648350845155,1,-8.025939874739151
mace_invariants,87,101,33,69,1.4444121611652234,1173.3873167875165,-45.20868696840593,0.595742689568022,0.6958648350845155,0,65.94848895495225
mace_invariants,87,102,34,63,1.395341019768232,1081.3005825075873,0.707697163032664,0.5900410250723077,0.6958648350845155,0,23.292143461706463
mace_invariants,87,103,34,69,1.4204610811438707,1056.897857511411,-7.122742743290674,0.5093639441941314,0.6958648350845155,0,-3.7023225659634704
mace_invariants,87,104,34,70,1.3794986411913712,949.229607634677,-14.000729744992448,0.7161096900930692,0.6958648350845155,1,3.645337080486147
mace_invariants,87,105,35,64,1.5126237297240805,581.7911754314575,-92.81601803960355,0.5796777155666464,0.6958648350845155,0,-111.95825009695625
mace_invariants,87,106,35,70,1.474783178548835,966.5723380179443,-18.94219817871089,0.6314204942877399,0.6958648350845155,0,81.82384812929243
mace_invariants,87,107,35,71,1.4561092613033069,856.2372672620869,-48.33679132598259,0.48198128661740636,0.6958648350845155,0,-4.530729247661938
mace_invariants,272,0,0,36,1.4766867076248007,866.5590683567859,-23.551183161170023,0.44113895199708847,0.6949152260720061,0,152.38205954704225
mace_invariants,272,1,0,41,1.462651921041856,759.0523425860649,21.202625477440808,0.41761831203832783,0.6949152260720061,0,74.96756955288471
mace_invariants,272,2,0,71,1.4586504185074207,896.5548293633465,-6.8799270054122985,0.36899666656538715,0.6949152260720061,0,113.03794222527898
mace_invariants,272,3,1,36,1.3644063362164927,316.3837198043096,9.001102259660364,0.4714828106195993,0.6949152260720061,0,-86.59112160623697
mace_invariants,272,4,1,37,1.3618611546599386,525.1065000249624,42.877170914787264,0.5085063634809414,0.6949152260720061,0,-125.74974113796709
mace_invariants,272,5,1,66,1.3603401314695862,504.0591499505851,17.802512760620974,0.40270629067741204,0.6949152260720061,0,-32.90817849447315
mace_invariants,272,6,2,37,1.493951967153799,518.6805779648589,-20.231977924760177,0.7049376398782072,0.6949152260720061,1,-56.58015795011018
mace_invariants,272,7,2,38,1.5491541956850376,-318.63662123657167,-10.058843697040144,0.6960886932175334,0.6949152260720061,1,-31.39801756254257
mace_invariants,272,8,2,67,1.38526827942146,830.9273839552833,23.240960989408826,0.5978562312148039,0.6949152260720061,0,-43.04283234273966
mace_invariants,272,9,3,38,1.4032111019427984,1064.6905722857523,36.478397454598294,0.6643820117627237,0.6949152260720061,0,-52.43701692264271
mace_invariants,272,10,3,39,1.402975172531453,861.8275798339087,9.981021388208399,0.5381609913565697,0.6949152260720061,0,-32.412631507922384
mace_invariants,272,11,3,68,1.4423791672354365,914.7124991585058,13.868901372973374,0.5248992477183696,0.6949152260720061,0,-35.32428293881283
mace_invariants,272,12,4,39,1.4408944264448333,831.9858318386695,-2.2663339509286575,0.6184543466623911,0.6949152260720061,0,-37.88711864643071
mace_invariants,272,13,4,40,1.4187015004453882,899.1079513667249,-21.13252136020849,0.7159081370478226,0.6949152260720061,1,-13.439252417590774
mace_invariants,272,14,4,69,1.384312587588118,863.1157519510515,-30.0403242075827,0.6768360804949305,0.6949152260720061,0,-0.03917050409883416
mace_invariants,272,15,5,40,1.49026927874541,668.7319212302292,-10.19203663254696,0.6771003667305303,0.6949152260720061,0,-59.7442310839251
mace_invariants,272,16,5,41,1.372974195950072,577.2077589362534,-15.271321742531164,0.654172350591824,0.6949152260720061,0,-61.504903818669675
mace_invariants,272,17,5,70,1.3872883397074307,1007.5230198630998,-17.12579629232878,0.7252239592527656,0.6949152260720061,1,-74.00215312983707
mace_invariants,272,18,6,41,1.3477299219224605,263.7232140844418,11.82235657329106,0.4611219036444406,0.6949152260720061,0,-138.0688279940219
mace_invariants,272,19,6,42,1.389902901005301,992.546326815114,39.690635361368315,0.5791604251963525,0.6949152260720061,0,-118.34035476052479
mace_invariants,272,20,6,47,1.551763549968447,-350.77091216632186,-97.22202731485157,0.2247353879737593,0.6949152260720061,0,-54.31805731873115
mace_invariants,272,21,7,36,1.433784347960974,963.630338750189,-18.679657070450535,0.6635672067692922,0.6949152260720061,0,27.067259227688396
mace_invariants,272,22,7,42,1.4503332379724438,1115.2680694597939,30.965838557498486,0.7580850883624434,0.6949152260720061,1,29.030331239725243
mace_invariants,272,23,7,43,1.4239893224496025,995.4341731521419,-22.038888012307062,0.5172799934568666,0.6949152260720061,0,12.281440021179556
mace_invariants,272,24,8,37,1.457107097895644,789.1288950510882,-30.17019053392984,0.695979186356128,0.6949152260720061,1,-96.94413780711562
mace_invariants,272,25,8,43,1.338532222971929,148.0006897196916,-27.69930322910368,0.5126684201823604,0.6949152260720061,0,-13.543601190250078
mace_invariants,272,26,8,44,1.403193470375803,954.7779108556326,32.09156155176623,0.576494539338342,0.6949152260720061,0,-12.55118743022099
mace_invariants,272,27,9,38,1.4788021131006228,873.3510527098867,-6.180313901912774,0.6510480971319548,0.6949152260720061,0,-8.188525834722183
mace_invariants,272,28,9,44,1.4186879561815673,1016.537249018189,19.767737567518786,0.5404123967748427,0.6949152260720061,0,2.8962595201010775
mace_invariants,272,29,9,45,1.3756702140951726,906.186531967943,29.630147177023566,0.5956812949568153,0.6949152260720061,0,5.699515443921316
mace_invariants,272,30,10,39,1.346076787489453,393.7925402780634,15.453158177577496,0.5789642988150392,0.6949152260720061,0,6.453519819374284
mace_invariants,272,31,10,45,1.4390088006094772,1033.179797491034,-1.9767579273366407,0.6498185170460538,0.6949152260720061,0,-14.15199658740604
mace_invariants,272,32,10,46,1.4414331395645763,916.9830727868548,-11.541742986086724,0.58759632114609,0.6949152260720061,0,17.725719653412938
mace_invariants,272,33,11,40,1.3856876293032672,724.9571923787777,-37.276717701357775,0.6148819033119591,0.6949152260720061,0,16.87877317732351
mace_invariants,272,34,11,46,1.4371140951821166,1071.928327634883,2.121826055840159,0.5260601352575786,0.6949152260720061,0,-3.3112499912492392
mace_invariants,272,35,11,47,1.385972130537111,1088.171929530239,21.026505880046066,0.35556737150257156,0.6949152260720061,0,12.539562779376793
mace_invariants,272,36,12,47,1.3243803896935384,-11.580256807252166,-38.540819248410166,0.38933992220657154,0.6949152260720061,0,-112.57414839726262
mace_invariants,272,37,12,48,1.4148592788738539,1081.4203957521966,18.5658882972177,0.6332919366350581,0.6949152260720061,0,73.27415199912159
mace_invariants,272,38,12,53,1.534564704014107,-67.08279813610257,-59.12298170357487,0.6774511491799143,0.6949152260720061,0,20.509576495762524
mace_invariants,272,39,13,42,1.4850817981726074,714.2657508591417,-37.57407226187454,0.8297503621685154,0.6949152260720061,1,-3.123638600235642
mace_invariants,272,40,13,48,1.477774043800502,828.8481637750284,25.303960884500203,0.7192773393744089,0.6949152260720061,1,24.273815563954358
mace_invariants,272,41,13,49,1.4849809858129632,720.8525383476655,-22.036843087774365,0.7615969074606669,0.6949152260720061,1,9.531171840640669
mace_invariants,272,42,14,43,1.4054046136215852,891.60257676695,-8.481251421919325,0.5200732735660734,0.6949152260720061,0,10.821325672333874
mace_invariants,272,43,14,49,1.387308218671589,983.2860486221878,-2.998211310961004,0.6927249137638016,0.6949152260720061,0,-23.605100340581572
mace_invariants,272,44,14,50,1.3800698352592329,774.0302553550191,17.089959600601777,0.6822221520246502,0.6949152260720061,0,4.654521536327012
mace_invariants,272,45,15,44,1.4509657780127374,945.4888590274957,18.548855352337345,0.5728275917083527,0.6949152260720061,0,-5.613474220009534
mace_invariants,272,46,15,50,1.4103893409056214,947.932711517409,4.4512953831597235,0.6711503510109478,0.6949152260720061,0,-5.334908269732727
mace_invariants,272,47,15,51,1.415163566132608,842.5328686644522,-12.372320322078732,0.8241643385271977,0.6949152260720061,1,-27.86409747532298
mace_invariants,272,48,16,45,1.4553410877107664,895.2412931211046,-8.700669305858936,0.6009031955508742,0.6949152260720061,0,-27.75219853638619
mace_invariants,272,49,16,51,1.478147050396681,666.2354371548261,-27.69404679835989,0.7969710441877464,0.6949152260720061,1,-144.66037838332986
mace_invariants,272,50,16,52,1.338875705760634,269.43052889976906,1.4955447010425102,0.5075653147623491,0.6949152260720061,0,-93.10610079544487
mace_invariants,272,51,17,46,1.4779844641800706,825.5540478878204,0.33877180860135414,0.6520857793397994,0.6949152260720061,0,78.67040525052248
mace_invariants,272,52,17,52,1.4284121325737922,808.1338690171788,14.274379127142296,0.6209700944512381,0.6949152260720061,0,9.337032296768523
mace_invariants,272,53,17,53,1.5076829518003587,457.89343290885273,-0.44034639871798686,0.7697042425581351,0.6949152260720061,1,0.6219314764289248
mace_invariants,272,54,18,53,1.3915936892307803,690.1440228943022,-36.259035750943234,0.664256230900401,0.6949152260720061,0,36.267725555109564
mace_invariants,272,55,18,54,1.394643313107746,737.0561182386606,-4.018534233632251,0.4787523447556749,0.6949152260720061,0,47.565569389410676
mace_invariants,272,56,18,59,1.3586227970904872,462.3374060724527,13.510267778849984,0.6394548406571074,0.6949152260720061,0,35.21960969167832
mace_invariants,272,57,19,48,1.3976960556860405,1080.966346465887,39.77078728532721,0.676884992614284,0.6949152260720061,0,7.127470449882853
mace_invariants,272,58,19,54,1.4239075116319166,1157.300105326585,26.247101331531713,0.5355403190144141,0.6949152260720061,0,26.803433513449512
mace_invariants,272,59,19,55,1.4400350590993476,1027.232845298044,-4.834651629505443,0.7024590419790766,0.6949152260720061,1,-1.126501127684394
mace_invariants,272,60,20,49,1.4482786101286846,1052.1114672557367,30.653352740870396,0.4724823801508644,0.6949152260720061,0,34.00324734490641
mace_invariants,272,61,20,55,1.442694036782343,914.118779416273,-1.0917922873054253,0.45573686142939895,0.6949152260720061,0,68.06626609561602
mace_invariants,272,62,20,56,1.4642188229377462,992.1891356100907,20.190779582700273,0.40385936650640863,0.6949152260720061,0,122.64107534856458
mace_invariants,272,63,21,50,1.4696635184766897,683.129929349603,21.40635508499751,0.7849562420446163,0.6949152260720061,1,-33.02576133254519
mace_invariants,272,64,21,56,1.4854727850361757,617.1279597625501,4.399748963531993,0.726835990139312,0.6949152260720061,1,72.09421406735251
mace_invariants,272,65,21,57,1.4539879598120944,1014.5080163180716,2.1016910243217035,0.6870220332899813,0.6949152260720061,0,31.117292132420822
mace_invariants,272,66,22,51,1.3729434134323442,646.2280807099254,-16.894665972853357,0.8249504935039595,0.6949152260720061,1,-53.01764690002767
mace_invariants,272,67,22,57,1.5679932541893589,-778.7612119765264,-70.18414987572615,0.5740022972330747,0.6949152260720061,0,-173.5560409834259
mace_invariants,272,68,22,58,1.38302118373268,730.5825040829587,-12.561941708612347,0.575493307385982,0.6949152260720061,0,-65.93295808140132
mace_invariants,272,69,23,52,1.391189939517858,836.9499846549478,-24.720266265623884,0.471937020171491,0.6949152260720061,0,20.722346096245502
mace_invariants,272,70,23,58,1.4192921902412998,990.7824704625614,-32.36151806578105,0.5118855634789108,0.6949152260720061,0,5.344812967245177
mace_invariants,272,71,23,59,1.4597590797694635,921.7977681407012,-34.79946125058334,0.5958697780350943,0.6949152260720061,0,-26.272390231803328
mace_invariants,272,72,24,59,1.365370790663242,544.0061538352303,-45.18189005687912,0.6631482918442382,0.6949152260720061,0,23.020539544312804
mace_invariants,272,73,24,60,1.4179637344998497,884.8118800683078,1.0638298514514342,0.5508215203900391,0.6949152260720061,0,13.005079663208294
mace_invariants,272,74,24,65,1.36922978134322,556.1443391159602,-23.797555459504174,0.6955503809496526,0.6949152260720061,1,-0.44452935981412445
mace_invariants,272,75,25,54,1.3952894014603732,898.9145004397475,2.7960471715752657,0.39708985392924206,0.6949152260720061,0,58.592507028606754
mace_invariants,272,76,25,60,1.4210088577294262,891.3570388532725,-1.7814680503563836,0.44546557837647544,0.6949152260720061,0,45.594881608806716
mace_invariants,272,77,25,61,1.411259329516806,864.8458634128027,17.9231738779759,0.5015386529080708,0.6949152260720061,0,29.972508509781143
mace_invariants,272,78,26,55,1.3453568607620479,358.2080391766697,-31.60447331843,0.5897118272055782,0.6949152260720061,0,25.259433657750172
mace_invariants,272,79,26,61,1.4699745602948722,1196.4439455656786,-12.70861630562115,0.5272419032197445,0.6949152260720061,0,69.16566549265167
mace_invariants,272,80,26,62,1.4579003484252144,966.7377771876678,1.7874173721925246,0.60903418360412,0.6949152260720061,0,87.73721984945779
mace_invariants,272,81,27,56,1.3337586425438286,182.99816918658223,-23.379765241738987,0.4980136802071542,0.6949152260720061,0,-62.04447163714862
mace_invariants,272,82,27,62,1.4035874269051787,907.5516552241427,8.456036578467524,0.5692135315286864,0.6949152260720061,0,86.32373353009702
mace_invariants,272,83,27,63,1.4762188857051446,785.5028282406038,-5.217881792733813,0.5598869155739654,0.6949152260720061,0,-48.77033774816357
mace_invariants,272,84,28,57,1.4357755617954269,820.7181263633116,8.744315136101994,0.5882254454211369,0.6949152260720061,0,4.961274584711944
mace_invariants,272,85,28,63,1.3499044339325905,479.9341155354061,11.827392766527247,0.6899126376372786,0.6949152260720061,0,-57.1767759099956
mace_invariants,272,86,28,64,1.421627486482463,1091.5681932318066,11.106715283690287,0.6891410585336635,0.6949152260720061,0,-40.88204455892176
mace_invariants,272,87,29,58,1.5045118114186533,382.3627784580263,-34.45615036674011,0.6386676518078023,0.6949152260720061,0,-45.291445896599654
mace_invariants,272,88,29,64,1.3839240027024111,1009.8514511380827,-12.742265134069946,0.7380922547674216,0.6949152260720061,1,-11.418203078281538
mace_invariants,272,89,29,65,1.4539765386392123,942.6788709668175,-36.325264576065706,0.7550539554694004,0.6949152260720061,1,-13.84054754667798
mace_invariants,272,90,30,65,1.5042504418341427,396.97527995575786,0.5820996710071413,0.7152333814312809,0.6949152260720061,1,-20.038519366763595
mace_invariants,272,91,30,66,1.4138807909858728,1327.6680152854713,-17.920111387718133,0.610652091283072,0.6949152260720061,0,-3.30818226743728
mace_invariants,272,92,30,71,1.355870100229959,332.5390738359747,-18.027682655962327,0.6072863257935579,0.6949152260720061,0,-0.2563185445897478
mace_invariants,272,93,31,60,1.4000056889859762,1064.846515073289,-2.372195487625933,0.5172899210547368,0.6949152260720061,0,58.00282588954362
mace_invariants,272,94,31,66,1.4742061863240825,849.8412194347964,17.66826702523796,0.5574374914661415,0.6949152260720061,0,2.6099651474287437
mace_invariants,272,95,31,67,1.4263174698451468,815.7349638010438,5.649798460642171,0.5561561556062676,0.6949152260720061,0,29.80164768233343
mace_invariants,272,96,32,61,1.3884939277158599,966.1568811483628,12.449698602390285,0.53880042506879,0.6949152260720061,0,27.959561574140093
mace_invariants,272,97,32,67,1.3642134435966382,639.9137516377323,-8.512669391527492,0.5215935850887254,0.6949152260720061,0,22.509413412322054
mace_invariants,272,98,32,68,1.4262752838465955,998.2877017083889,-4.994706394388155,0.4803432830471007,0.6949152260720061,0,9.632792057171107
mace_invariants,272,99,33,62,1.3957307147678037,778.1059694247999,-22.019182638919833,0.6239136061603288,0.6949152260720061,0,11.12078263869325
mace_invariants,272,100,33,68,1.355483403622705,499.5696656741202,-16.51527421076062,0.4836641837542639,0.6949152260720061,0,22.676758117054803
mace_invariants,272,101,33,69,1.4331020702380592,887.6174947679202,-46.16083040360837,0.5553076612250033,0.6949152260720061,0,-34.67360789094777
mace_invariants,272,102,34,63,1.4199233841777372,990.6970781753301,-5.283570907030744,0.7160250595291229,0.6949152260720061,1,-111.84465289064454
mace_invariants,272,103,34,69,1.4929114954212035,694.4903875035587,-5.499686027244779,0.6567457305485185,0.6949152260720061,0,8.68367799383771
mace_invariants,272,104,34,70,1.487815870981913,562.9607113908348,-22.650083702781725,0.7439413796236458,0.6949152260720061,1,7.721379910273251
mace_invariants,272,105,35,64,1.4795904948901761,684.4639930814047,-13.652260181071352,0.6593993077091114,0.6949152260720061,0,17.858339783809313
mace_invariants,272,106,35,70,1.4772933388401066,674.4475373163394,-12.312072824165337,0.6880872069072494,0.6949152260720061,0,36.57543078863598
mace_invariants,272,107,35,71,1.3555789982095914,378.6202107837196,12.267203680661224,0.5684139527733671,0.6949152260720061,0,-16.000594531874377
mace_invariants,216,0,0,36,1.577275804620516,-839.8423938022403,-95.49528422278354,0.3772271404358283,0.6971965952326,0,-171.68960091151084
mace_invariants,216,1,0,41,1.2890980976895718,-1096.3794444328107,-136.34933781211777,0.2215303404773781,0.6971965952326,0,-237.35488855830548
mace_invariants,216,2,0,71,1.4647945168876988,740.9760158163201,55.67899089940272,0.39622250790611946,0.6971965952326,0,-229.59521929718957
mace_invariants,216,3,1,36,1.4160139612200675,1263.4890779031468,45.10958077896464,0.6448744899162681,0.6971965952326,0,-37.099008477152466
mace_invariants,216,4,1,37,1.4728761922176914,992.734821739353,50.15070649817527,0.6940509370503786,0.6971965952326,0,-34.46306691204198
mace_invariants,216,5,1,66,1.3605362235755984,365.1962797113102,5.600475367742774,0.7916461028546224,0.6971965952326,1,-55.875196881613704
mace_invariants,216,6,2,37,1.4592216142594043,1631.0129989876573,156.84831605481818,0.822685214858347,0.6971965952326,1,-51.019830827183156
mace_invariants,216,7,2,38,1.507203274900311,1754.587585526474,111.81678824338967,0.9097969841373876,0.6971965952326,1,-42.35667699381055
mace_invariants,216,8,2,67,1.2975200124296349,-1130.4331838700623,82.62375746679227,0.9437375871274304,0.6971965952326,1,-122.68957647618201
mace_invariants,216,9,3,38,1.4079689039625443,1161.1273819414641,31.523021847476603,0.6865363511482179,0.6971965952326,0,60.17688722334455
mace_invariants,216,10,3,39,1.3642450617389035,523.9135032422387,-27.021519579022478,0.6398476494646441,0.6971965952326,0,-23.031820612984898
mace_invariants,216,11,3,68,1.414905891413333,893.6114138989215,31.103665758661947,0.628707722447583,0.6971965952326,0,-18.6045675827283
mace_invariants,216,12,4,39,1.4933992160044904,438.5079680769797,6.57324246777051,0.4779217330852111,0.6971965952326,0,-9.60038585154878
mace_invariants,216,13,4,40,1.45271493499573,787.6532256382889,24.818570508294087,0.4312065207844426,0.6971965952326,0,-62.4847653734642
mace_invariants,216,14,4,69,1.4438505873422611,754.9781969105969,-36.36368060015727,0.4681100775914753,0.6971965952326,0,51.3036485212897
mace_invariants,216,15,5,40,1.3921728906281472,761.4590541770671,52.37223366504684,0.5187390939155732,0.6971965952326,0,7.842620134990739
mace_invariants,216,16,5,41,1.5296114121029891,-100.87201677154378,-32.592726358594426,0.3201579915283139,0.6971965952326,0,-204.6194632514092
mace_invariants,216,17,5,70,1.3825808275558156,918.2937930362431,88.831252765606,0.5392601567074826,0.6971965952326,0,3.421635638800666
mace_invariants,216,18,6,41,1.423132327420138,767.6298325397364,35.08031498331136,0.4807530938807626,0.6971965952326,0,-12.371372877407753
mace_invariants,216,19,6,42,1.4596861848220046,931.2181185528353,21.748718947172726,0.6698213613785218,0.6971965952326,0,-89.93852776258531
mace_invariants,216,20,6,47,1.3632141461133056,821.3352464746823,77.82371207676687,0.6919835530423522,0.6971965952326,0,-3.996098716485438
mace_invariants,216,21,7,36,1.4422759271323056,906.7576989670569,10.398093897301168,0.5130329995606193,0.6971965952326,0,20.26700749041392
mace_invariants,216,22,7,42,1.4327698726872296,716.9924439340582,15.686873183570999,0.5464044670999284,0.6971965952326,0,21.915766405413198
mace_invariants,216,23,7,43,1.4034817949738767,1027.3102435695682,12.387948205039256,0.5244044373310215,0.6971965952326,0,52.26631295169159
mace_invariants,216,24,8,37,1.4099219172370374,968.2841053646299,-1.0224270413523793,0.6111273856128789,0.6971965952326,0,77.92131515455453
mace_invariants,216,25,8,43,1.4131269758793508,785.6722123345352,26.360929640762723,0.5733223762491706,0.6971965952326,0,67.93196611578621
mace_invariants,216,26,8,44,1.4175956529199045,868.7897414145358,39.49065062786259,0.6226372452547064,0.6971965952326,0,31.19059407893883
mace_invariants,216,27,9,38,1.475048152561588,537.2474133741819,38.781360940964554,0.7196664250661979,0.6971965952326,1,38.11745289644132
mace_invariants,216,28,9,44,1.4165655470942453,845.9416391621771,35.85762071768303,0.6440645154289848,0.6971965952326,0,-2.213064289417684
mace_invariants,216,29,9,45,1.38111574462722,595.264142353272,54.71797167601178,0.6129105346103669,0.6971965952326,0,-3.0123758931948696
mace_invariants,216,30,10,39,1.4355025600125257,906.9356172048332,-2.9777884808976847,0.4354652373863269,0.6971965952326,0,-12.521550501912785
mace_invariants,216,31,10,45,1.4458382570973571,910.4894048304733,6.512919717625548,0.37539804861406967,0.6971965952326,0,-0.05868624125954458
mace_invariants,216,32,10,46,1.4620664185905463,884.3808319071063,22.853368358728524,0.436074787520193,0.6971965952326,0,27.058482198518426
mace_invariants,216,33,11,40,1.364940565329184,392.82085977732794,42.48570161739412,0.531775056666602,0.6971965952326,0,-23.653017606402212
mace_invariants,216,34,11,46,1.5165839400327854,245.734543541894,55.48201772544833,0.5790998191012364,0.6971965952326,0,-112.93377713320945
mace_invariants,216,35,11,47,1.4296695245009674,976.0301968763195,44.51940482948771,0.5444244134409323,0.6971965952326,0,-33.747742408593496
mace_invariants,216,36,12,47,1.4904949728267243,534.9626817387867,11.118749471011471,0.5495431486402189,0.6971965952326,0,-116.1247431828283
mace_invariants,216,37,12,48,1.4910748505732245,770.8199136520817,1.4475152442751487,0.5394789074741811,0.6971965952326,0,93.50738840618813
mace_invariants,216,38,12,53,1.322006901781384,-312.4279502795658,-65.39236536360609,0.5897459913991512,0.6971965952326,0,-69.72944377499475
mace_invariants,216,39,13,42,1.325010579016772,-203.96961062152107,45.217705446791335,0.6233024842601605,0.6971965952326,0,-34.22436020594422
mace_invariants,216,40,13,48,1.4368748353535499,652.6607938216999,6.690907648822394,0.635400434757953,0.6971965952326,0,33.76512651970502
mace_invariants,216,41,13,49,1.4510873865609957,881.3150819531253,-11.448806181650701,0.6475431137775182,0.6971965952326,0,-49.17796074054006
mace_invariants,216,42,14,43,1.5047239444935023,281.6765945474132,-22.93671156864173,0.4929859411347434,0.6971965952326,0,-94.7574368222689
mace_invariants,216,43,14,49,1.3408025662448015,146.12416508818825,30.34353560863693,0.5392266004210079,0.6971965952326,0,-86.02761778284936
mace_invariants,216,44,14,50,1.3676291269066039,560.4063338569736,40.19013214777076,0.5622855577339371,0.6971965952326,0,-12.927227912217695
mace_invariants,216,45,15,44,1.4846075687210625,756.6891692978795,42.60432571458031,0.5243411273105655,0.6971965952326,0,54.80647007414947
mace_invariants,216,46,15,50,1.443658578140514,864.629480152257,51.754706420025734,0.5443258749042234,0.6971965952326,0,13.874815454672895
mace_invariants,216,47,15,51,1.4597757206165831,798.4426675106997,44.639062799231745,0.5564646109113165,0.6971965952326,0,-16.015087447901447
mace_invariants,216,48,16,45,1.4401800280397026,894.1940536865804,38.82105474584097,0.5948914643962264,0.6971965952326,0,-22.409386508476697
mace_invariants,216,49,16,51,1.3515439945251781,414.5248558679591,70.96213419436387,0.6581689288155952,0.6971965952326,0,-28.697203117823037
mace_invariants,216,50,16,52,1.432982620080033,888.302190576909,43.672540078512846,0.722417806130409,0.6971965952326,1,19.956928987576514
mace_invariants,216,51,17,46,1.3268529852264972,-314.01397328952004,-17.565076963150094,0.5615534293708198,0.6971965952326,0,-93.56342349028093
mace_invariants,216,52,17,52,1.3823836321445238,597.7835883954739,51.47255708939613,0.6284030321988788,0.6971965952326,0,29.58460581187875
mace_invariants,216,53,17,53,1.433471233834455,858.6816684704413,5.0512016410591345,0.5670808664694478,0.6971965952326,0,-80.55610503032273
mace_invariants,216,54,18,53,1.422064918538509,737.4944391095551,-8.963424721472549,0.6204746852771481,0.6971965952326,0,218.98070334436503
mace_invariants,216,55,18,54,1.4122537806525826,865.9325281209959,23.36431311217796,0.5275916554255442,0.6971965952326,0,58.1156387962959
mace_invariants,216,56,18,59,1.42534524428055,747.5765494364807,-0.24743349258398578,0.6256585067372076,0.6971965952326,0,60.19184057753145
mace_invariants,216,57,19,48,1.435249628239922,985.3492203558236,-1.3045490704468552,0.48432211065866626,0.6971965952326,0,68.43149487600216
mace_invariants,216,58,19,54,1.4452460901971826,700.4730483541694,0.9579012193989545,0.4417061647320324,0.6971965952326,0,51.21358592017394
mace_invariants,216,59,19,55,1.4081554127934812,801.4502697006095,-14.895789886959443,0.4912162269879234,0.6971965952326,0,-19.560374587829248
mace_invariants,216,60,20,49,1.3839126511078235,754.4816704001782,20.444389871443086,0.6102026266175025,0.6971965952326,0,-65.21848391159162
mace_invariants,216,61,20,55,1.328730166662616,-101.22588260790432,45.855543375844235,0.6049540639271944,0.6971965952326,0,-113.68071014418781
mace_invariants,216,62,20,56,1.4528399698333176,832.4357997994272,30.297128978841208,0.6091840314963991,0.6971965952326,0,-62.75829423609768
mace_invariants,216,63,21,50,1.4166709885033284,875.5235680171285,27.061596752704045,0.6545885698177158,0.6971965952326,0,-8.004130209037061
mace_invariants,216,64,21,56,1.3690798072427395,606.0841500117492,45.303935520534786,0.6305110173836834,0.6971965952326,0,48.5597760872099
mace_invariants,216,65,21,57,1.4201091098930139,852.2187981687028,34.46129679282762,0.6430047177751499,0.6971965952326,0,-4.793964612686697
mace_invariants,216,66,22,51,1.411291375937245,896.6099916839185,23.557507073006814,0.6316015449718807,0.6971965952326,0,-23.439398276149543
mace_invariants,216,67,22,57,1.3951530858360013,1003.9372096408698,55.053978005911986,0.6078789569222217,0.6971965952326,0,11.58661509667001
mace_invariants,216,68,22,58,1.4666477416369281,676.4756247113678,25.621503880199445,0.559102970508164,0.6971965952326,0,20.626816994169776
mace_invariants,216,69,23,52,1.4802382019941545,537.0091418321821,18.12009858337832,0.8131023504253299,0.6971965952326,1,11.22371616039229
mace_invariants,216,70,23,58,1.363137200322377,512.1729183768825,32.541643440012386,0.6763548986467994,0.6971965952326,0,30.460811765888135
mace_invariants,216,71,23,59,1.4783319680413913,562.4602105543887,7.320011595568284,0.7569640061559582,0.6971965952326,1,28.49417926742091
mace_invariants,216,72,24,59,1.4354676406810745,887.2557287997461,36.84084519666038,0.7792663082590765,0.6971965952326,1,-6.060773517619301
mace_invariants,216,73,24,60,1.3637752439792865,339.00609133673834,75.11065968586394,0.785252614083896,0.6971965952326,1,-69.02525531740987
mace_invariants,216,74,24,65,1.476967920978945,682.721998091309,46.68746559208185,0.7649762896353582,0.6971965952326,1,-45.47138745166244
mace_invariants,216,75,25,54,1.4576118459241731,857.7595820021251,43.90968588372237,0.5919457859642613,0.6971965952326,0,59.84394873814574
mace_invariants,216,76,25,60,1.468517326280184,854.6308112724078,44.78434917010288,0.6959989431007441,0.6971965952326,0,-8.27214303874908
mace_invariants,216,77,25,61,1.366136215578689,749.2086141865067,74.18284287469803,0.6254205643740784,0.6971965952326,0,0.8565165577850067
mace_invariants,216,78,26,55,1.5444050623650332,-38.909810163823444,17.305825415389048,0.6551296636601696,0.6971965952326,0,-106.76171777751539
mace_invariants,216,79,26,61,1.3666804110947868,533.0538017272062,95.99135149939517,0.6390943798140956,0.6971965952326,0,-11.160592234576946
mace_invariants,216,80,26,62,1.4482346183939956,915.4557651915233,29.86769407727215,0.6493459445526157,0.6971965952326,0,35.89947163726096
mace_invariants,216,81,27,56,1.5262976824047014,158.31655457152482,32.03962058119205,0.6418836137256059,0.6971965952326,0,-38.20355995300871
mace_invariants,216,82,27,62,1.4101758611419706,802.0710327748624,-6.764854073598031,0.6318699270488474,0.6971965952326,0,-34.41635997125293
mace_invariants,216,83,27,63,1.3941862150148667,931.8761814547815,11.043386224467405,0.6330107861983526,0.6971965952326,0,-39.34252363852055
mace_invariants,216,84,28,57,1.497608512234469,592.9036988437955,19.087718679031017,0.5915896311704949,0.6971965952326,0,45.04034969827508
mace_invariants,216,85,28,63,1.5050343493788296,382.5699443467173,18.68438916470919,0.570223103251775,0.6971965952326,0,2.7975854491441012
mace_invariants,216,86,28,64,1.3079501719758195,-649.5377946959346,-81.86795251153914,0.5212916174454468,0.6971965952326,0,-47.56464731714094
mace_invariants,216,87,29,58,1.4413644171515663,846.7334343843386,58.93608036558481,0.5702039555591198,0.6971965952326,0,31.90091624595716
mace_invariants,216,88,29,64,1.4081907252735553,892.8340566046674,22.720611022839023,0.5486819282481294,0.6971965952326,0,-65.64208766343411
mace_invariants,216,89,29,65,1.4033728902466456,931.046107140993,43.30193392549009,0.6365230444445602,0.6971965952326,0,30.006408925802937
mace_invariants,216,90,30,65,1.4511988250990195,882.6644211269025,10.151711063953082,0.6387704138816801,0.6971965952326,0,37.706972675682906
mace_invariants,216,91,30,66,1.4633674182113836,996.4132546142844,28.17512038471669,0.6989117220216219,0.6971965952326,1,4.768078594398576
mace_invariants,216,92,30,71,1.4335658716690638,843.4543475843295,5.222067951274671,0.5711354765535586,0.6971965952326,0,0.11229545427891496
mace_invariants,216,93,31,60,1.4253124355550992,1412.4546475813077,78.34498393690264,0.7591277090934965,0.6971965952326,1,-0.981860022158215
mace_invariants,216,94,31,66,1.5013226905776724,534.7915503396295,52.009171632957056,0.7989926927849004,0.6971965952326,1,19.332750623863305
mace_invariants,216,95,31,67,1.4352041617944669,1058.3576921634144,74.80717948501456,0.8224498992497399,0.6971965952326,1,-30.66778159553341
mace_invariants,216,96,32,61,1.4262160130017016,728.5898593646915,72.69135502926869,0.4822989750115318,0.6971965952326,0,-21.73110242052269
mace_invariants,216,97,32,67,1.467449990091574,921.7118382868221,78.11158344704346,0.616199543894441,0.6971965952326,0,-29.410168525504364
mace_invariants,216,98,32,68,1.47085133967112,995.1990079557532,11.709187078441083,0.5244303122037633,0.6971965952326,0,62.413399318437854
mace_invariants,216,99,33,62,1.4288366384297155,934.2045788861141,-15.196509091254299,0.5963960307896733,0.6971965952326,0,16.652074362004775
mace_invariants,216,100,33,68,1.3685468599273598,639.5763276555117,18.6799450784103,0.6282758032433847,0.6971965952326,0,16.37325057821995
mace_invariants,216,101,33,69,1.432587791101703,775.937580519536,-26.01189747620175,0.6296040747667102,0.6971965952326,0,10.660910022480977
mace_invariants,216,102,34,63,1.4251606112228064,947.6448034047538,32.03743733975503,0.5174142928291303,0.6971965952326,0,19.250050414501036
mace_invariants,216,103,34,69,1.391789022690215,772.1216503851929,23.790395617948374,0.5494814776566619,0.6971965952326,0,48.76103973533793
mace_invariants,216,104,34,70,1.4382589714816956,867.2580173964777,2.2495455009875696,0.5330989836415387,0.6971965952326,0,18.63325322281191
mace_invariants,216,105,35,64,1.4410293412512245,919.4087221039296,1.9075762420610736,0.5346782723645026,0.6971965952326,0,-114.01766720542528
mace_invariants,216,106,35,70,1.486906636709671,561.5231764134552,-14.374287584846417,0.5992944489832392,0.6971965952326,0,-22.75234965494496
mace_invariants,216,107,35,71,1.3555066919424585,671.2309549833375,62.03433247047132,0.5548844512328119,0.6971965952326,0,10.050562066456035
mace_invariants,99,0,0,36,1.3952778937924082,1270.9118841491058,28.89229557273158,0.5974414343890545,0.702032706785161,0,-27.710996357368593
mace_invariants,99,1,0,41,1.4310879081560666,1408.2836250678229,54.85510866028812,0.4702777277414687,0.702032706785161,0,13.024698210093717
mace_invariants,99,2,0,71,1.4676574620062197,1039.800042842248,22.045048751788094,0.48129412008408656,0.702032706785161,0,-1.1497435293306726
mace_invariants,99,3,1,36,1.4641297904183548,1055.7372191373734,2.4827740341952578,0.6786254860465554,0.702032706785161,0,28.337165327935853
mace_invariants,99,4,1,37,1.4871363416473544,777.5190368847311,-32.59207251886871,0.5496920451528831,0.702032706785161,0,20.17644406130347
mace_invariants,99,5,1,66,1.3609596931199148,699.9097918928019,-61.927114984763136,0.6573796038429156,0.702032706785161,0,18.245435194134604
mace_invariants,99,6,2,37,1.4146969108198413,1122.360857778542,3.960326497628203,0.4447093380604828,0.702032706785161,0,-7.241592287537485
mace_invariants,99,7,2,38,1.4285716894116385,1672.3289014513068,102.48716067966669,0.6720198458100145,0.702032706785161,0,5.512213450366897
mace_invariants,99,8,2,67,1.4634277341083601,895.3349654356413,-32.10073409790848,0.679648988322376,0.702032706785161,0,-12.547301366978587
mace_invariants,99,9,3,38,1.4409808026597435,1359.360890282423,73.7282309235296,0.7705855063914149,0.702032706785161,1,-18.54405632968203
mace_invariants,99,10,3,39,1.4854526873123652,798.8578243253796,14.215453372224678,0.6398561895243795,0.702032706785161,0,-33.96527256869871
mace_invariants,99,11,3,68,1.3719424198585595,897.4137116652482,-18.89406109172591,0.7719225165957703,0.702032706785161,1,-31.181250712234817
mace_invariants,99,12,4,39,1.424306556894283,1223.5401778326814,66.20898207377654,0.5264045433819554,0.702032706785161,0,-3.9573364268738036
mace_invariants,99,13,4,40,1.4600560396758386,1266.499132717414,45.51345934707099,0.5290150329447645,0.702032706785161,0,39.80850816186579
mace_invariants,99,14,4,69,1.4320139647036425,1136.9343178069266,79.06077917286852,0.6386622719855768,0.702032706785161,0,-2.4717014469663527
mace_invariants,99,15,5,40,1.421409255525466,1067.4168993907654,23.95374683292527,0.6070697973370935,0.702032706785161,0,25.685829548227503
mace_invariants,99,16,5,41,1.4199146660146196,1179.8777147519645,33.30837648162525,0.5096478511378747,0.702032706785161,0,-12.159203134589069
mace_invariants,99,17,5,70,1.3444407768812543,615.3148531393693,-104.02611430114318,0.615654266072392,0.702032706785161,0,90.22953315065975
mace_invariants,99,18,6,41,1.4500041159604158,1239.7017165921134,44.2545282925354,0.43662318852517873,0.702032706785161,0,14.52085370566488
mace_invariants,99,19,6,42,1.4041579268143196,1023.2152375672647,-27.02756974996187,0.5654033344939062,0.702032706785161,0,-11.859924341684067
mace_invariants,99,20,6,47,1.4641720040969162,1082.0748396766212,81.30434940731082,0.5567841834145615,0.702032706785161,0,1.0894788835672387
mace_invariants,99,21,7,36,1.3504144157683418,736.4301862221262,-48.375920468461565,0.5770491269328195,0.702032706785161,0,-70.15326345665818
mace_invariants,99,22,7,42,1.4612646778881322,902.6144283961906,-13.363960268204224,0.5786655662539613,0.702032706785161,0,-59.805383053512315
mace_invariants,99,23,7,43,1.412120526414277,1188.5048296728776,24.960346203286385,0.528886403236967,0.702032706785161,0,-9.412022517556943
mace_invariants,99,24,8,37,1.4754766903237728,771.2323608670815,-45.147122228346234,0.43595335393823104,0.702032706785161,0,-45.71367232649037
mace_invariants,99,25,8,43,1.4314892480523784,1201.1768432034146,53.7516351719529,0.5167240711360509,0.702032706785161,0,24.610472229845417
mace_invariants,99,26,8,44,1.38105814429307,939.9888343102735,1.1158510230790397,0.6664964884729182,0.702032706785161,0,-35.4742944924934
mace_invariants,99,27,9,38,1.5224653899941771,550.6882020560827,-6.953497439632139,0.6954712467540956,0.702032706785161,0,-71.19359265385944
mace_invariants,99,28,9,44,1.369840121017628,914.5835773339026,-4.04740729855782,0.698703873539251,0.702032706785161,0,-73.83351359688959
mace_invariants,99,29,9,45,1.4170163676458452,1228.4303304779814,44.595308201709344,0.5540701959273984,0.702032706785161,0,-17.307968810977574
mace_invariants,99,30,10,39,1.4336383690555357,1203.1968652970115,25.402254103098986,0.5538880495583597,0.702032706785161,0,-10.058292130384014
mace_invariants,99,31,10,45,1.4353534344742422,1131.9293851392588,23.859019224382426,0.5432163155986979,0.702032706785161,0,-1.1736311190766218
mace_invariants,99,32,10,46,1.4006738712048694,1158.0544301449618,36.91942465398751,0.6363149633143093,0.702032706785161,0,-21.11436211661852
mace_invariants,99,33,11,40,1.4413507468315678,1189.59248522702,52.60998849241508,0.5855941783038643,0.702032706785161,0,28.188496183453108
mace_invariants,99,34,11,46,1.3791743196122297,951.2260098995023,-7.728544982245331,0.6654106024970048,0.702032706785161,0,-25.016769229631375
mace_invariants,99,35,11,47,1.4117443059031591,1108.8095443886518,38.634703901830406,0.6083332269940283,0.702032706785161,0,-7.08655449751396
mace_invariants,99,36,12,47,1.4495254302786742,1455.8294820491965,98.81128757550276,0.29566963179787886,0.702032706785161,0,337.8474583909485
mace_invariants,99,37,12,48,1.2704604035168754,-1802.2724179385511,-974.8656253232683,0.06358114175507909,0.702032706785161,0,190.8926278484511
mace_invariants,99,38,12,53,1.55333753754407,-273.7161560566097,-243.70135247908902,0.21667827100428927,0.702032706785161,0,129.521754453826
mace_invariants,99,39,13,42,1.4319337157112662,1391.8957339279661,65.4186124889008,0.47855437522040706,0.702032706785161,0,7.739178564778875
mace_invariants,99,40,13,48,1.4359386454988354,1108.7197109517142,33.19889369972043,0.23784673409826257,0.702032706785161,0,246.31711978172876
mace_invariants,99,41,13,49,1.4628433409085704,917.9445580635472,4.553758916992071,0.5253830370197111,0.702032706785161,0,9.097123076963998
mace_invariants,99,42,14,43,1.4240894280828373,1142.1225216008188,17.40806070339053,0.49086021864636353,0.702032706785161,0,0.002692239153368803
mace_invariants,99,43,14,49,1.400252673546344,1064.6283779757134,25.19301620605872,0.5874680434626618,0.702032706785161,0,-38.23925713525034
mace_invariants,99,44,14,50,1.4503281157367895,1170.0611192483236,58.75565098642069,0.5282612957285056,0.702032706785161,0,20.157607213035483
mace_invariants,99,45,15,44,1.4354314862908337,998.5660068337276,19.00934998801631,0.44512176700722683,0.702032706785161,0,-52.14021956236704
mace_invariants,99,46,15,50,1.4914856416419717,642.7506295959882,0.773309218606924,0.33275042675250155,0.702032706785161,0,151.82380971425056
mace_invariants,99,47,15,51,1.3276406306564732,184.6743702367149,-193.71101277431342,0.1647963016188198,0.702032706785161,0,112.51323348235681
mace_invariants,99,48,16,45,1.4280763974700144,1492.4823680387221,42.40328703889128,0.576951985603448,0.702032706785161,0,69.90477956537379
mace_invariants,99,49,16,51,1.4799003374640132,886.2784983102609,12.033798719556247,0.4412601978268935,0.702032706785161,0,49.08191941220137
mace_invariants,99,50,16,52,1.3498964485508096,476.55519576249816,-133.45013019308715,0.6616068733168375,0.702032706785161,0,-5.276705736662656
mace_invariants,99,51,17,46,1.4868790981195366,738.1088199752293,-13.723809516912423,0.6260113054261438,0.702032706785161,0,47.77564406754837
mace_invariants,99,52,17,52,1.4821012895703054,906.1191786386718,23.726903001614023,0.6175675454239221,0.702032706785161,0,-25.335487320728365
mace_invariants,99,53,17,53,1.380055403993674,1074.211108042229,51.71903942295849,0.4899425691295778,0.702032706785161,0,16.341719331408402
mace_invariants,99,54,18,53,1.419191841171508,1154.7067301996058,66.56376252437869,0.5202519535426231,0.702032706785161,0,19.393445721559637
mace_invariants,99,55,18,54,1.4201794142353472,1095.5241458204966,56.604906079353086,0.5315737006934254,0.702032706785161,0,4.722192259170795
mace_invariants,99,56,18,59,1.4445125995750396,1260.2646472969955,60.831061208656294,0.7003873810362906,0.702032706785161,0,-21.60150385972148
mace_invariants,99,57,19,48,1.4682900394520144,895.905054638687,-10.269048034619203,0.3262648251211221,0.702032706785161,0,134.94735417542398
mace_invariants,99,58,19,54,1.4041646998611172,1242.8559829577525,61.74980550251434,0.49068370152113455,0.702032706785161,0,-22.36110366898459
mace_invariants,99,59,19,55,1.3916108903505433,1152.0747628442023,15.16441376299485,0.5388503474723585,0.702032706785161,0,-40.63403707440146
mace_invariants,99,60,20,49,1.3691116641820165,944.6191308563793,-9.294715692017633,0.5830460157704656,0.702032706785161,0,48.321522371452744
mace_invariants,99,61,20,55,1.4583020479008901,1048.0525472553516,24.715576806152516,0.5080952352002535,0.702032706785161,0,60.21128198654122
mace_invariants,99,62,20,56,1.489792017946348,932.8186872306044,60.497218682290296,0.5660854332759722,0.702032706785161,0,-9.526387687547484
mace_invariants,99,63,21,50,1.3925216990724605,1076.5153178957692,9.212959200291374,0.6912617613768622,0.702032706785161,0,0.06098306687005817
mace_invariants,99,64,21,56,1.3950347390893878,1208.627269472171,30.129545168195374,0.7335079266165251,0.702032706785161,1,38.76227571104474
mace_invariants,99,65,21,57,1.4497158138714759,1038.4706926418332,46.01265437664587,0.6687198051807345,0.702032706785161,0,-36.59833523889985
mace_invariants,99,66,22,51,1.5100465912950438,603.2536315287333,21.597530252677895,0.2954908784389456,0.702032706785161,0,26.51792472789818
mace_invariants,99,67,22,57,1.4423877941975165,1204.3502447208887,23.925635307429367,0.44090304737649966,0.702032706785161,0,69.69015982910886
mace_invariants,99,68,22,58,1.3153675920989896,-10.080947948948204,-176.60747790356706,0.44388178747656776,0.702032706785161,0,-8.074695591944526
mace_invariants,99,69,23,52,1.3992547644531308,1223.8827238367442,38.91951075396502,0.614014017363851,0.702032706785161,0,6.1952689489006545
mace_invariants,99,70,23,58,1.400031666010393,1142.4302630885065,18.844298481656363,0.542058250911529,0.702032706785161,0,52.71427920394456
mace_invariants,99,71,23,59,1.4787104272193827,957.7931471716767,12.053463977086016,0.6665244685631742,0.702032706785161,0,-25.170652759612555
mace_invariants,99,72,24,59,1.3988010816067669,1100.2131767849196,-11.508548611293287,0.6832290798899969,0.702032706785161,0,-19.785674190454436
mace_invariants,99,73,24,60,1.4343604846189026,1135.4183963184732,30.7982548095369,0.5976982473442565,0.702032706785161,0,0.016427437480968976
mace_invariants,99,74,24,65,1.4129397793022083,1161.2609291551742,44.93795842306989,0.650205026212615,0.702032706785161,0,8.968213860248891
mace_invariants,99,75,25,54,1.4282346451321806,1107.4801641535955,18.13347059427638,0.4368543635674873,0.702032706785161,0,6.308384666807884
mace_invariants,99,76,25,60,1.419391306627033,1236.1642467707102,20.62184817295487,0.5201372113646121,0.702032706785161,0,17.39007379962259
mace_invariants,99,77,25,61,1.4581918625480277,1035.4858646121916,30.42309371660758,0.46102208245962273,0.702032706785161,0,30.281096394913828
mace_invariants,99,78,26,55,1.3968719546369812,1074.672279062616,23.854908113182375,0.60086508169509,0.702032706785161,0,-4.228208471165674
mace_invariants,99,79,26,61,1.4218956578297974,1142.9195902017977,-16.80433514348903,0.5768661546360015,0.702032706785161,0,0.1876320794376629
mace_invariants,99,80,26,62,1.4293905872616626,1058.6142865204283,20.51855868636185,0.6183683912153259,0.702032706785161,0,26.400055533074983
mace_invariants,99,81,27,56,1.3309348968133548,190.05341478138803,-216.16632040439666,0.5807875000774014,0.702032706785161,0,-7.019519207183443
mace_invariants,99,82,27,62,1.436825422005918,1262.9962681254626,34.316346323342486,0.5403006115219187,0.702032706785161,0,-39.418645394630104
mace_invariants,99,83,27,63,1.366135362112736,906.6360079300293,-28.53897197134042,0.5356916553842196,0.702032706785161,0,-19.205588151340553
mace_invariants,99,84,28,57,1.376512749553962,1070.8604736451455,11.918272167268963,0.45388165667630653,0.702032706785161,0,45.02714591982597
mace_invariants,99,85,28,63,1.438572462243123,1081.7249550651743,56.555261630710284,0.4735739334189153,0.702032706785161,0,4.11006398776873
mace_invariants,99,86,28,64,1.487440230353101,766.3351152129272,1.371067077677493,0.467927221957477,0.702032706785161,0,-0.14444441657782292
mace_invariants,99,87,29,58,1.4939715799927091,593.8815621805055,-32.01415281455117,0.5688464144038201,0.702032706785161,0,-134.55726484238704
mace_invariants,99,88,29,64,1.3590505937147113,808.9994183007462,-9.282317263143055,0.5799132395849225,0.702032706785161,0,-91.03130275070299
mace_invariants,99,89,29,65,1.5172028048470592,527.9438808444186,12.180670047611704,0.6602885783780832,0.702032706785161,0,23.470405351009212
mace_invariants,99,90,30,65,1.4592105560386663,1125.9553656643475,43.41051784189914,0.682477463654383,0.702032706785161,0,-5.922728819597175
mace_invariants,99,91,30,66,1.3567931264326132,512.3755090529869,-90.12882659401956,0.6001142801862502,0.702032706785161,0,-60.04512864319145
mace_invariants,99,92,30,71,1.4383860294534674,1167.5974282207858,38.6461843867609,0.5052128480849221,0.702032706785161,0,20.015289028975214
mace_invariants,99,93,31,60,1.4413627598020127,1163.0230831466517,-4.9223417403629695,0.5935211318258864,0.702032706785161,0,-48.605204243573894
mace_invariants,99,94,31,66,1.3947839595936422,982.6819395618862,1.9718218104578245,0.5636647272261122,0.702032706785161,0,-100.03636144490966
mace_invariants,99,95,31,67,1.364712789600622,892.7902500828131,-40.28954909596967,0.6909168187979728,0.702032706785161,0,-32.03240453573762
mace_invariants,99,96,32,61,1.460482444677104,1008.7490819684939,-1.1251172732787036,0.5207421781031462,0.702032706785161,0,29.996093814962624
mace_invariants,99,97,32,67,1.435574357374838,1255.1106485137184,23.063875401743566,0.6772529939802219,0.702032706785161,0,-21.876631215532047
mace_invariants,99,98,32,68,1.4125701275924019,1251.710025229519,7.350462588353722,0.6709608616722157,0.702032706785161,0,-16.68983342540308
mace_invariants,99,99,33,62,1.3543602829622987,752.2208163573426,-52.99900835470667,0.5940946707083629,0.702032706785161,0,-30.240819881655206
mace_invariants,99,100,33,68,1.4472621315201322,1011.5535726887379,12.722857154183822,0.702811117698108,0.702032706785161,1,-5.638206420427151
mace_invariants,99,101,33,69,1.4623369474628525,1130.411985699422,44.39701434281601,0.6830025192303387,0.702032706785161,0,-2.530643939253318
mace_invariants,99,102,34,63,1.3609623746578443,590.4691057660689,-78.8186778531162,0.5208733606184784,0.702032706785161,0,-50.592587141169915
mace_invariants,99,103,34,69,1.3788940341399767,1060.5536370117181,19.915528362135156,0.6143901652781534,0.702032706785161,0,-47.516716823321346
mace_invariants,99,104,34,70,1.4686334325071677,993.6854046011639,31.734297952752954,0.5133273949726395,0.702032706785161,0,-24.362382047797432
mace_invariants,99,105,35,64,1.3628421712751229,651.6656749163612,-37.30359852690197,0.6207354038208976,0.702032706785161,0,-52.14587230263233
mace_invariants,99,106,35,70,1.4669723386570621,1045.810920624688,31.250328794559696,0.6188361496364969,0.702032706785161,0,48.290310924366466
mace_invariants,99,107,35,71,1.435501704939438,1259.7962051466852,69.64841753834784,0.5238461270445974,0.702032706785161,0,-23.64069806776919
mace_invariants,20,0,0,36,1.4272601312761404,1125.6422778969882,-71.89411099894866,0.3634978178073095,0.6944816691110625,0,51.608954920706374
mace_invariants,20,1,0,41,1.3793805609688585,1115.0126759310494,-59.124256479985036,0.5062130232500882,0.6944816691110625,0,24.375249336180133
mace_invariants,20,2,0,71,1.4121375606033402,1225.2517436195003,-88.91581369203725,0.5011633746380273,0.6944816691110625,0,31.9697360803175
mace_invariants,20,3,1,36,1.4450267233765153,1039.5229841434355,-68.47776059759175,0.5217624416225453,0.6944816691110625,0,30.751472162852775
mace_invariants,20,4,1,37,1.4436903277492175,1317.0328173178575,-52.268058769666226,0.5471153794158711,0.6944816691110625,0,25.63068562948607
mace_invariants,20,5,1,66,1.3794269971683102,1143.2875682076701,-80.45749624702886,0.7093729455630762,0.6944816691110625,1,0.5443579421180615
mace_invariants,20,6,2,37,1.4317919553624605,1340.0547659496976,-83.79416694015363,0.5663327072791657,0.6944816691110625,0,36.770593495711886
mace_invariants,20,7,2,38,1.3777284112849286,846.9539541493348,-77.30613579527635,0.6790938892384468,0.6944816691110625,0,-19.20417205942124
mace_invariants,20,8,2,67,1.493337448698108,913.0185040580243,-70.6806748423261,0.757660147370766,0.6944816691110625,1,-26.58793946951282
mace_invariants,20,9,3,38,1.4371274387055495,1322.1185196238848,-30.108068986169897,0.6160472702377637,0.6944816691110625,0,4.509666426705207
mace_invariants,20,10,3,39,1.3821886450562697,1242.6933041925595,-63.55709355923528,0.6419109163714425,0.6944816691110625,0,39.63530712630849
mace_invariants,20,11,3,68,1.4839530741782816,902.2049641279186,-20.598944365141154,0.6001059055578226,0.6944816691110625,0,13.33151891094457
mace_invariants,20,12,4,39,1.450338701430025,968.5272763665936,-55.91525813257236,0.557617049509432,0.6944816691110625,0,-24.128115338333444
mace_invariants,20,13,4,40,1.3915885438910476,1114.371127662055,-64.50423508320182,0.4918888234080049,0.6944816691110625,0,-11.01862146423796
mace_invariants,20,14,4,69,1.4050879365332645,1145.8429777376118,-93.16335722529988,0.548867515498774,0.6944816691110625,0,22.396116504010386
mace_invariants,20,15,5,40,1.499869822295866,732.9355212593575,-83.07072453412748,0.4669316893731268,0.6944816691110625,0,27.794230823429807
mace_invariants,20,16,5,41,1.4525179927667715,1037.289249642583,-57.20289046719584,0.511397355031047,0.6944816691110625,0,51.35924528498191
mace_invariants,20,17,5,70,1.350827889230057,629.5886998187865,-98.58851582013959,0.47133732294625313,0.6944816691110625,0,37.72716380250372
mace_invariants,20,18,6,41,1.3744706699585065,849.5626942689778,-77.4406151900777,0.6692690029818912,0.6944816691110625,0,8.188156708151105
mace_invariants,20,19,6,42,1.4426090634196853,1180.9334222019913,-70.62344827860726,0.6861512693984673,0.6944816691110625,0,-16.105962990027514
mace_invariants,20,20,6,47,1.4150946466580918,1237.552655924146,-62.61647840428283,0.5705933729996486,0.6944816691110625,0,-2.5019543931016983
mace_invariants,20,21,7,36,1.386392749253066,885.6182875295973,-89.38263265891675,0.40429034582341183,0.6944816691110625,0,41.93136444257719
mace_invariants,20,22,7,42,1.346649345535917,451.3167340813696,-140.1289954876765,0.5638878176827667,0.6944816691110625,0,20.657529065096405
mace_invariants,20,23,7,43,1.4157202436205707,1142.429588255027,-63.11734965254631,0.5373266381094921,0.6944816691110625,0,-7.639383017576634
mace_invariants,20,24,8,37,1.4538026701781,1283.2330676108354,-43.84199508142328,0.5439788244307342,0.6944816691110625,0,28.138242640445508
mace_invariants,20,25,8,43,1.3881583463257978,1044.6093815190964,-40.61636031382277,0.6516621789234887,0.6944816691110625,0,40.90386664581839
mace_invariants,20,26,8,44,1.4401596807695005,1634.2077956911717,-41.39977145720114,0.6168177949208447,0.6944816691110625,0,41.621733852952794
mace_invariants,20,27,9,38,1.3693034469543006,816.9582891343706,-71.28921365759231,0.6551914394503646,0.6944816691110625,0,-8.18527407586669
mace_invariants,20,28,9,44,1.399562205248922,1124.6498874507336,-78.03442690447787,0.615269227981194,0.6944816691110625,0,46.590153352066224
mace_invariants,20,29,9,45,1.4600443538448846,941.4966501275261,-52.40512207681711,0.5484228666795657,0.6944816691110625,0,-19.50803735811077
mace_invariants,20,30,10,39,1.4100315209264727,1054.0856395191677,-27.889963059207393,0.5898341318119571,0.6944816691110625,0,-10.510762561929972
mace_invariants,20,31,10,45,1.4416388473724464,1161.6892269434657,-31.445353554399034,0.45720191290747964,0.6944816691110625,0,58.26502624987328
mace_invariants,20,32,10,46,1.439490223831727,1069.640505775265,-60.909297811304015,0.4901866405957038,0.6944816691110625,0,20.608800234041823
mace_invariants,20,33,11,40,1.3949974365362174,994.8154853050482,-90.63507923010621,0.5353776369355174,0.6944816691110625,0,-15.294866874177806
mace_invariants,20,34,11,46,1.4119982886232738,1215.1960454438645,-58.45694826074402,0.5014583718206912,0.6944816691110625,0,6.615117743801587
mace_invariants,20,35,11,47,1.4605440402467758,1014.9098215435846,-69.77683801414653,0.48116767261119503,0.6944816691110625,0,24.683450836011545
mace_invariants,20,36,12,47,1.4816659691761422,881.4980058809354,-55.8062943269078,0.5332344989419846,0.6944816691110625,0,3.7690156722769004
mace_invariants,20,37,12,48,1.4011138622985861,1102.6654633178428,-59.41141856839894,0.5962677694781069,0.6944816691110625,0,17.222822140965285
mace_invariants,20,38,12,53,1.392052153757254,1041.5185140078559,-92.88997060712451,0.49514579825976235,0.6944816691110625,0,-21.064329162436536
mace_invariants,20,39,13,42,1.3739360121208932,894.7374180795803,-81.76401929386023,0.5841763673840074,0.6944816691110625,0,28.750627247673922
mace_invariants,20,40,13,48,1.4047724513012476,1090.7284121582327,-76.70513311698095,0.5316517415213109,0.6944816691110625,0,27.033662132614907
mace_invariants,20,41,13,49,1.4281866018008533,1121.741825698154,-70.477473183554,0.5135429464789902,0.6944816691110625,0,28.736840288793584
mace_invariants,20,42,14,43,1.4844020720213884,988.9049760862005,-62.3108169508691,0.5465825346519324,0.6944816691110625,0,23.854631256122182
mace_invariants,20,43,14,49,1.4219433162773885,1065.645974397787,-58.42254603676743,0.5025102933201899,0.6944816691110625,0,46.28599812960975
mace_invariants,20,44,14,50,1.445400318438671,1246.1854392058053,-80.71394408399692,0.6152857162320495,0.6944816691110625,0,15.02072682130604
mace_invariants,20,45,15,44,1.4670062928834338,1193.42317521869,-54.973694045009054,0.6476825327249738,0.6944816691110625,0,-15.754726074833258
mace_invariants,20,46,15,50,1.3782690745241761,944.3496827710816,-82.84443382669572,0.7512300983077349,0.6944816691110625,1,-23.324475250660626
mace_invariants,20,47,15,51,1.4153679141784008,1253.6121356298304,-58.45857909135769,0.6946784327551806,0.6944816691110625,1,-2.7493302977038496
mace_invariants,20,48,16,45,1.4574379752827364,1126.9740999694748,-71.86706334240046,0.5447918118534721,0.6944816691110625,0,17.911666204059095
mace_invariants,20,49,16,51,1.4441702989367102,1232.482637676555,-48.660567025148424,0.6586340731853072,0.6944816691110625,0,44.767467734725074
mace_invariants,20,50,16,52,1.3905866176737438,1011.4048210095989,-74.69223034168785,0.6522017682046657,0.6944816691110625,0,7.55211061871495
mace_invariants,20,51,17,46,1.4743964569341839,957.9788737644143,-71.9996641145289,0.46026599557014336,0.6944816691110625,0,-36.175144597523854
mace_invariants,20,52,17,52,1.4176850051998708,1228.7232843042789,-84.01416429380363,0.5346912242331127,0.6944816691110625,0,-13.41432880633985
mace_invariants,20,53,17,53,1.3515001900725525,604.6042989646669,-118.33815348212998,0.4018865956784249,0.6944816691110625,0,-27.50959035339639
mace_invariants,20,54,18,53,1.389162286845082,917.9804546720493,-61.70453634768234,0.5100103487691247,0.6944816691110625,0,10.707385275009027
mace_invariants,20,55,18,54,1.399803128845673,1077.266347091706,-83.61953662472324,0.5452607093655668,0.6944816691110625,0,37.095697229239995
mace_invariants,20,56,18,59,1.4200717133915812,1149.6600236420197,-80.57677640281764,0.6528808754346216,0.6944816691110625,0,8.541424540505181
mace_invariants,20,57,19,48,1.472371820213334,923.0393942512271,-68.55419981344241,0.5325603099063452,0.6944816691110625,0,6.942124684996184
mace_invariants,20,58,19,54,1.4616454935583776,1172.8210699261756,-35.78687732494456,0.46668869928444273,0.6944816691110625,0,46.63437025425404
mace_invariants,20,59,19,55,1.3635515708083792,712.9748317638897,-67.03895491167505,0.5495149748269708,0.6944816691110625,0,-1.7998678769807412
mace_invariants,20,60,20,49,1.4073228682591175,1175.5915133386127,-94.27537884463746,0.5032617576145231,0.6944816691110625,0,50.69863491509378
mace_invariants,20,61,20,55,1.3863916610802636,947.1277332134594,-92.19578619958283,0.5383252175774693,0.6944816691110625,0,21.829861343607156
mace_invariants,20,62,20,56,1.4314904018857733,1193.7216129833198,-58.601893524038914,0.4310800846408065,0.6944816691110625,0,51.65953607500969
mace_invariants,20,63,21,50,1.4657229135705323,1140.1870340155501,-92.30867561590145,0.686715897640612,0.6944816691110625,0,-15.920449362842234
mace_invariants,20,64,21,56,1.4059172675575764,1210.187236999355,-71.98264328923729,0.5017588017550357,0.6944816691110625,0,42.04344203007243
mace_invariants,20,65,21,57,1.3936251592727273,1037.8899281918266,-77.82362688759918,0.6941419953314041,0.6944816691110625,0,67.59142490416406
mace_invariants,20,66,22,51,1.5052072761152144,932.615371387455,-81.32581118223692,0.6083175484498112,0.6944816691110625,0,54.06324156127021
mace_invariants,20,67,22,57,1.4473606967411607,1095.4800024675264,-70.70494953208261,0.6722953116931576,0.6944816691110625,0,72.74315241422802
mace_invariants,20,68,22,58,1.2994879373050297,-674.7488388480184,-355.59465350283034,0.5702353841465462,0.6944816691110625,0,48.75665646468911
mace_invariants,20,69,23,52,1.4545311517318689,1147.387441153698,-82.32692559257748,0.447776647455463,0.6944816691110625,0,8.424651644489401
mace_invariants,20,70,23,58,1.4465094250986659,981.5559196596524,-99.07583971374542,0.4161267881328395,0.6944816691110625,0,54.86640944393312
mace_invariants,20,71,23,59,1.4360431088312544,1142.142844361618,-81.81310141867556,0.45784254556627213,0.6944816691110625,0,64.06503169955889
mace_invariants,20,72,24,59,1.4763003501013354,892.9655106772015,-80.64327723500733,0.6071459984274195,0.6944816691110625,0,61.639248478435874
mace_invariants,20,73,24,60,1.3499584875616006,647.9083628676588,-93.24996856988098,0.6380262126988792,0.6944816691110625,0,-6.029021579424757
mace_invariants,20,74,24,65,1.4498066235136442,1056.0527930589903,-54.29832915832698,0.5667099293037878,0.6944816691110625,0,47.703746134159644
mace_invariants,20,75,25,54,1.4495882432617566,1159.530524605913,-52.02183443007323,0.5895114742949099,0.6944816691110625,0,28.57324646494591
mace_invariants,20,76,25,60,1.4461111321203888,1134.049011287786,-73.22158112728567,0.7280118546354243,0.6944816691110625,1,-17.73432656078956
mace_invariants,20,77,25,61,1.39768012510088,1127.9198843037536,-55.76042721902838,0.8012896313797736,0.6944816691110625,1,57.86708716483602
mace_invariants,20,78,26,55,1.3932737239050235,950.6068725735425,-99.4745912388246,0.6828790804071561,0.6944816691110625,0,12.429624989808913
mace_invariants,20,79,26,61,1.519936737897425,308.01303956720307,-111.86775786379475,0.8118309619494919,0.6944816691110625,1,4.843097362679593
mace_invariants,20,80,26,62,1.3840744233908644,1081.280371591547,-72.25661073772547,0.8093333914334244,0.6944816691110625,1,5.458452966521438
mace_invariants,20,81,27,56,1.384727302161654,1088.0561660457263,-80.7138409385477,0.5033969520497065,0.6944816691110625,0,41.41437687695065
mace_invariants,20,82,27,62,1.4492843682772458,1355.8574095685244,-89.31725816277263,0.7370963960126375,0.6944816691110625,1,-42.329620641303315
mace_invariants,20,83,27,63,1.322545042012971,10.983454071398668,-161.93361223802893,0.6300445991639214,0.6944816691110625,0,-26.040735696140402
mace_invariants,20,84,28,57,1.473325347120256,1231.294147402407,-76.27037589378055,0.6022610555160612,0.6944816691110625,0,26.88572513911974
mace_invariants,20,85,28,63,1.4228230206909196,1431.9436575182935,-72.68670345512825,0.5365255090539078,0.6944816691110625,0,-36.570907793848725
mace_invariants,20,86,28,64,1.3435284330709907,518.4318100778596,-124.72053062373607,0.5425671072933802,0.6944816691110625,0,-2.1067934063480394
mace_invariants,20,87,29,58,1.4428773209088557,1543.4419391837162,-68.27355523337303,0.6085339033491824,0.6944816691110625,0,25.0977796373331
mace_invariants,20,88,29,64,1.4316263847122916,1168.6625566681885,-37.86075011282277,0.6508998826731129,0.6944816691110625,0,71.0564087577511
mace_invariants,20,89,29,65,1.3965714723442864,1194.2359527783142,-63.17834316749625,0.6098135916589833,0.6944816691110625,0,72.11056736970002
mace_invariants,20,90,30,65,1.4138828456100274,1291.9839640535056,-38.13120868318874,0.4432715462584549,0.6944816691110625,0,49.254542785960425
mace_invariants,20,91,30,66,1.4056486968432185,1122.4134201239071,-67.22554040486878,0.5224967178788068,0.6944816691110625,0,27.156500220845135
mace_invariants,20,92,30,71,1.4363363995668261,1178.0097298187936,-100.03179583556127,0.4725517707689937,0.6944816691110625,0,32.55755760230619
mace_invariants,20,93,31,60,1.4603833153671382,1001.0012826061876,-35.58228037135037,0.7088869931736547,0.6944816691110625,1,-8.646739982359001
mace_invariants,20,94,31,66,1.4868916088105226,760.6319565606118,-69.82812754842294,0.7167958813989153,0.6944816691110625,1,-24.527909015271916
mace_invariants,20,95,31,67,1.392660360963325,1061.3635438298559,-73.74524630412604,0.7458657553433103,0.6944816691110625,1,46.619348543595876
mace_invariants,20,96,32,61,1.4532113505353323,1236.3939870002546,-56.73931092118439,0.7496455038602499,0.6944816691110625,1,60.77756980451683
mace_invariants,20,97,32,67,1.474130816983689,897.5751171431629,-92.08328797911835,0.7133464892855562,0.6944816691110625,1,52.702748164132274
mace_invariants,20,98,32,68,1.426315517219004,1173.3864122948871,-44.51506785079971,0.618838866473296,0.6944816691110625,0,-49.9187580057356
mace_invariants,20,99,33,62,1.4724438091439795,1072.6428359188753,-34.996267032216046,0.9231412922799401,0.6944816691110625,1,-3.6842649417809774
mace_invariants,20,100,33,68,1.3786202263966547,957.278140530214,-67.00997334278344,0.7948322254090537,0.6944816691110625,1,-28.547220330643825
mace_invariants,20,101,33,69,1.4961273207989454,949.3229891382233,-74.74130689532551,0.8278877022120155,0.6944816691110625,1,-23.3216203451096
mace_invariants,20,102,34,63,1.5040978475752855,669.0533225427673,-99.69138274329138,0.5768422504002328,0.6944816691110625,0,-23.68561644126852
mace_invariants,20,103,34,69,1.4891694333419965,820.758603893504,-87.63562326625336,0.5886404571810242,0.6944816691110625,0,27.451503521958035
mace_invariants,20,104,34,70,1.3947236898514626,930.2693423136319,-89.24140504943007,0.5360673986633815,0.6944816691110625,0,-20.6962524607548
mace_invariants,20,105,35,64,1.4672970427720102,827.436167757144,-57.542732974346244,0.5793183980220085,0.6944816691110625,0,89.2039241841863
mace_invariants,20,106,35,70,1.4715779301356502,934.7971812671884,-73.03511131677554,0.5325019480456847,0.6944816691110625,0,27.925228583832077
mace_invariants,20,107,35,71,1.4039679464429167,1070.7118622223693,-76.78589941228041,0.5675123315184177,0.6944816691110625,0,98.96504611945005
mace_invariants,6,0,0,36,1.512807542241714,-256.2016586006744,-94.3204214959996,0.17857887734229122,0.6959777438302579,0,-72.15771232942093
mace_invariants,6,1,0,41,1.3980260636793633,733.2810289553803,41.12978306301539,0.6217590069197612,0.6959777438302579,0,55.10733030351614
mace_invariants,6,2,0,71,1.4479451898230502,484.87072084168494,26.869142025371133,0.5948011848306944,0.6959777438302579,0,66.69482226799101
mace_invariants,6,3,1,36,1.3368541909021847,-93.7096501835284,-70.8910735001504,0.1472627545263352,0.6959777438302579,0,-36.017611168762386
mace_invariants,6,4,1,37,1.4676871675821794,446.0941201576478,5.373717750582347,0.6340664379783527,0.6959777438302579,0,98.68749746363562
mace_invariants,6,5,1,66,1.4895188235436283,407.79946652298537,-1.6678084970637301,0.5695780432935502,0.6959777438302579,0,169.22470530661883
mace_invariants,6,6,2,37,1.407602352404,824.8432569137595,52.12584253153392,0.5934722008623332,0.6959777438302579,0,54.794577589992464
mace_invariants,6,7,2,38,1.4089936063053474,804.539890156362,31.156625337655523,0.34630034539162635,0.6959777438302579,0,100.61812389317515
mace_invariants,6,8,2,67,1.409097238737353,977.7323514345313,54.89759751960777,0.4364359734508855,0.6959777438302579,0,49.73227036137627
mace_invariants,6,9,3,38,1.31106449947521,-540.2987049725875,-82.78254952095674,0.3023654502386201,0.6959777438302579,0,64.15483661226274
mace_invariants,6,10,3,39,1.3988345383515939,836.146433223949,12.779762028559027,0.4596232439373885,0.6959777438302579,0,18.956989333584758
mace_invariants,6,11,3,68,1.456379939488702,512.894471541544,22.957082553733954,0.3833062847216313,0.6959777438302579,0,22.395898620607348
mace_invariants,6,12,4,39,1.4304908949047501,995.3038669162833,44.55805065467511,0.7360061713809519,0.6959777438302579,1,3.1170300371749047
mace_invariants,6,13,4,40,1.4573602841247348,824.2281057087256,25.39119765738404,0.74133456334442,0.6959777438302579,1,23.293414526666403
mace_invariants,6,14,4,69,1.4426351545184186,714.0036044150612,16.255676018928263,0.7396522625507724,0.6959777438302579,1,5.339650265933984
mace_invariants,6,15,5,40,1.482806270524472,439.6994310120563,5.069029372843905,0.662123569504256,0.6959777438302579,0,110.0646685898916
mace_invariants,6,16,5,41,1.4683657022481278,573.1015191918028,54.193934011791306,0.7030856854381786,0.6959777438302579,1,16.5468668676478
mace_invariants,6,17,5,70,1.3400064190985024,102.56486402668457,17.59542744189499,0.7187505608443165,0.6959777438302579,1,-17.635898504073815
mace_invariants,6,18,6,41,1.408039849738852,494.15275467915,-1.775530748917911,0.7920983888319082,0.6959777438302579,1,-20.859388501499836
mace_invariants,6,19,6,42,1.4418386972901165,722.8834662635708,35.328596569407324,0.6261100802180225,0.6959777438302579,0,-7.233075577218271
mace_invariants,6,20,6,47,1.4532042562822578,654.5872055161644,22.018012657249482,0.660161179695826,0.6959777438302579,0,14.340275083815824
mace_invariants,6,21,7,36,1.3503225166810224,252.82215227984116,-63.005823603851084,0.0004138199286001232,0.6959777438302579,0,23.11830691653821
mace_invariants,6,22,7,42,1.3891898076777023,669.8263672533776,-54.14528441252003,0.27760564089218437,0.6959777438302579,0,32.388864817362055
mace_invariants,6,23,7,43,1.486197240791876,462.93978238735457,14.472579094284177,0.31838934951213316,0.6959777438302579,0,-13.832071981692673
mace_invariants,6,24,8,37,1.4356560500869449,805.1063334746577,30.046566080371203,0.6614889863147071,0.6959777438302579,0,27.60869989349854
mace_invariants,6,25,8,43,1.4660196517225863,660.4199166390724,-14.972522929713552,0.49266083244622255,0.6959777438302579,0,69.36118138334761
mace_invariants,6,26,8,44,1.397948557628855,721.3879349687068,9.034104758113711,0.6501347678038005,0.6959777438302579,0,-23.14150324395692
mace_invariants,6,27,9,38,1.4829563837218505,478.95963106961545,34.32471370128497,0.4434771919986057,0.6959777438302579,0,18.52184426727368
mace_invariants,6,28,9,44,1.4359840414582226,792.7116590349161,18.729635851681767,0.679294828958406,0.6959777438302579,0,-23.014857390576857
mace_invariants,6,29,9,45,1.4758068530559516,801.6493179225912,-1.4750324904312349,0.6355067541323375,0.6959777438302579,0,10.876120008541102
mace_invariants,6,30,10,39,1.4787917995816042,759.5788388734165,33.035787282013565,0.6677274440529112,0.6959777438302579,0,25.3188555889512
mace_invariants,6,31,10,45,1.4008792418464744,809.5370280059544,-7.684830124190006,0.7024992124878746,0.6959777438302579,1,26.875933288635785
mace_invariants,6,32,10,46,1.4882454706764272,556.0280638258057,69.58669535410037,0.7109557360982947,0.6959777438302579,1,-9.814214347504548
mace_invariants,6,33,11,40,1.4605736530922442,713.2586949668215,32.064252987539305,0.7372047988319241,0.6959777438302579,1,-31.18202460323539
mace_invariants,6,34,11,46,1.3873164073563882,648.1061033396808,67.49486298866394,0.7751046989138395,0.6959777438302579,1,-31.829341931346605
mace_invariants,6,35,11,47,1.4436925964536929,783.9306589528192,0.8866904188503839,0.6462297056297646,0.6959777438302579,0,-19.21351574343344
mace_invariants,6,36,12,47,1.480112320283898,599.6917391713033,13.269576114213928,0.6388829807042411,0.6959777438302579,0,114.2855915073135
mace_invariants,6,37,12,48,1.4812090871162047,784.2550592045645,38.88811893031713,0.747239014201122,0.6959777438302579,1,115.28837780980453
mace_invariants,6,38,12,53,1.3194153794071812,-568.0670193697462,-86.86962244057072,0.6289598936524856,0.6959777438302579,0,54.179468659370215
mace_invariants,6,39,13,42,1.397917782024214,1001.5096772887764,18.14595338212905,0.7329567735737627,0.6959777438302579,1,32.48424310962694
mace_invariants,6,40,13,48,1.4715083994397427,646.2225431165697,3.1265317680167493,0.8753639065484469,0.6959777438302579,1,27.97610786805611
mace_invariants,6,41,13,49,1.4419089529102878,712.3443846482569,62.14932892181284,0.8484507893917701,0.6959777438302579,1,-23.923650976075066
mace_invariants,6,42,14,43,1.4265695169861161,721.2679775881021,-1.1024644763740556,0.5214996013152411,0.6959777438302579,0,84.142639273108
mace_invariants,6,43,14,49,1.3207089036908124,-434.71374832224194,8.189724220315414,0.5962099085132998,0.6959777438302579,0,56.74380603219407
mace_invariants,6,44,14,50,1.4578976812396982,601.8560603092266,5.909057688356069,0.702957068937517,0.6959777438302579,1,10.975812690867137
mace_invariants,6,45,15,44,1.3602829853449783,308.2441037058085,-7.148132960172542,0.8005841070993474,0.6959777438302579,1,-34.99492248645063
mace_invariants,6,46,15,50,1.4756196545175349,727.4604572716214,31.287136801476183,0.8245676393640451,0.6959777438302579,1,-10.347328933275742
mace_invariants,6,47,15,51,1.4377228773527535,923.4222074689102,37.44998847253387,0.566882164087339,0.6959777438302579,0,24.770488190824665
mace_invariants,6,48,16,45,1.4223240971496969,714.5571338403616,51.734628445051044,0.6602393350690365,0.6959777438302579,0,-40.936852615492505
mace_invariants,6,49,16,51,1.415942312609071,845.3572913104416,16.95856226209905,0.47032546688309673,0.6959777438302579,0,23.680352796076235
mace_invariants,6,50,16,52,1.344274885526911,69.8516221664811,55.24309934816565,0.5712731624330247,0.6959777438302579,0,6.305466611428097
mace_invariants,6,51,17,46,1.450833774634021,1006.5934268276413,39.01740648547883,0.6252898062742231,0.6959777438302579,0,11.358868303219122
mace_invariants,6,52,17,52,1.39512949257262,856.9384118963724,41.83480566777446,0.5278671100277912,0.6959777438302579,0,38.91144276164856
mace_invariants,6,53,17,53,1.4224028063041598,714.6014682247369,-6.189175277261265,0.48649172593839274,0.6959777438302579,0,102.29324304278174
mace_invariants,6,54,18,53,1.435024321415325,763.0410240596507,13.763832644071217,0.37602861873483473,0.6959777438302579,0,189.08063638546102
mace_invariants,6,55,18,54,1.4238616492936855,821.0533677840813,24.240785692937582,0.4013654017164487,0.6959777438302579,0,61.81526490150157
mace_invariants,6,56,18,59,1.463673126969416,640.7662435263724,15.273919127326534,0.47777127281072623,0.6959777438302579,0,-17.234730607199303
mace_invariants,6,57,19,48,1.4336382420139828,896.8715027942134,25.02398812820271,0.6372984774704473,0.6959777438302579,0,19.540941201319782
mace_invariants,6,58,19,54,1.4065661168710433,719.8676142988949,51.161192412195575,0.5443561399034248,0.6959777438302579,0,25.14561908069396
mace_invariants,6,59,19,55,1.3768596462504485,515.144101485967,37.5681991695591,0.4384915448937327,0.6959777438302579,0,134.9135096604142
mace_invariants,6,60,20,49,1.4270843638198272,1038.6936889279737,44.20431719421788,0.6468708359997568,0.6959777438302579,0,-60.53835551286984
mace_invariants,6,61,20,55,1.3812144462363012,636.9243695876028,29.723218461392797,0.4749770205797191,0.6959777438302579,0,66.48696793513216
mace_invariants,6,62,20,56,1.3978858485772656,808.7830727393844,55.889014411736575,0.6233324351772251,0.6959777438302579,0,-45.41512802114181
mace_invariants,6,63,21,50,1.397960504732151,952.7557346577069,16.03950432903404,0.8788670746834519,0.6959777438302579,1,27.765616215879668
mace_invariants,6,64,21,56,1.4816590616098297,530.089653620368,-13.933538572433763,0.7485815134367031,0.6959777438302579,1,14.22503054013581
mace_invariants,6,65,21,57,1.4799537482967047,777.8627669984472,-26.61748566619237,0.8283278048184615,0.6959777438302579,1,-8.720852623325156
mace_invariants,6,66,22,51,1.4442117896862225,741.458435184774,33.62298818366025,0.5563481848338765,0.6959777438302579,0,41.6563334214553
mace_invariants,6,67,22,57,1.4664342599864268,721.4186889222385,17.729179429536288,0.7634943902455922,0.6959777438302579,1,3.477072681935697
mace_invariants,6,68,22,58,1.3690656837708408,473.3964653502507,11.457856328760032,0.7145521761277471,0.6959777438302579,1,-20.63370734264047
mace_invariants,6,69,23,52,1.4912279101071433,423.1322782976402,36.6652019041576,0.5228335809877216,0.6959777438302579,0,-47.23890679653019
mace_invariants,6,70,23,58,1.4542985560525066,821.9714147270493,24.904704744081933,0.5800898767316642,0.6959777438302579,0,-2.993332328611741
mace_invariants,6,71,23,59,1.3809159875494637,571.0115668998732,52.46636209718484,0.5832008509742146,0.6959777438302579,0,-17.95156871345018
mace_invariants,6,72,24,59,1.3861870292596297,616.2960842383762,5.210367935229318,0.6224986196925069,0.6959777438302579,0,-27.464749066911097
mace_invariants,6,73,24,60,1.4111920707668226,1006.8702191691604,58.34904287372404,0.6579004820130231,0.6959777438302579,0,13.40840034159278
mace_invariants,6,74,24,65,1.4859828262842856,729.446105638837,10.414719153867804,0.6519465277188552,0.6959777438302579,0,-38.62014750149146
mace_invariants,6,75,25,54,1.3674406621726005,526.0956691287995,20.9406547621689,0.428430132116766,0.6959777438302579,0,105.84879220493073
mace_invariants,6,76,25,60,1.466955238260029,465.60022736802335,7.982445276870278,0.5402378655315598,0.6959777438302579,0,-3.075243622270671
mace_invariants,6,77,25,61,1.3262199524890337,-388.5122731226965,7.931750571801261,0.32107732193454397,0.6959777438302579,0,10.550166012641833
mace_invariants,6,78,26,55,1.494487326181354,265.9965597004005,2.3802199337768504,0.29183070368943664,0.6959777438302579,0,59.865161137158836
mace_invariants,6,79,26,61,1.3934355123710542,718.4300737724626,11.577132269726064,0.2903424885169067,0.6959777438302579,0,1.2153424516299633
mace_invariants,6,80,26,62,1.3651163352946603,376.7486539184506,0.7788731784156011,0.3454560903351416,0.6959777438302579,0,40.30890160324613
mace_invariants,6,81,27,56,1.4510156660016351,986.8610406287701,-2.244022461802062,0.6195372258107565,0.6959777438302579,0,22.575046768378268
mace_invariants,6,82,27,62,1.388233981835233,564.1147053807243,14.924580229235513,0.5248071978589555,0.6959777438302579,0,-23.29365951550998
mace_invariants,6,83,27,63,1.4763194850363341,448.1813015342894,-25.977019459571352,0.7652621008603535,0.6959777438302579,1,-36.59197273654638
mace_invariants,6,84,28,57,1.4275298437884563,1080.2231874743075,25.81326971273324,0.7920728208768681,0.6959777438302579,1,1.0462199489718973
mace_invariants,6,85,28,63,1.4137767677796482,753.9769011887445,27.24042378833546,0.8580514045447067,0.6959777438302579,1,-3.39406976654365
mace_invariants,6,86,28,64,1.4522954268323225,647.295015769247,69.64157825641165,0.6932227034157862,0.6959777438302579,0,2.9976265736754737
mace_invariants,6,87,29,58,1.4491530559997359,856.7360059951894,8.331034073469654,0.555843115802047,0.6959777438302579,0,12.12968455147277
mace_invariants,6,88,29,64,1.4323299101795677,837.1625431209036,23.112864368311257,0.5059352124588101,0.6959777438302579,0,48.25599768708001
mace_invariants,6,89,29,65,1.410226190605933,773.1216251126209,7.528981482294729,0.5884019980709456,0.6959777438302579,0,-7.1426426789945285
mace_invariants,6,90,30,65,1.372758835880856,600.8085610000236,-19.164604901501644,0.6552604821845793,0.6959777438302579,0,-16.82945875978222
mace_invariants,6,91,30,66,1.4596316717278746,672.7943463953823,-1.3353121082430413,0.6450653754599225,0.6959777438302579,0,12.828665034199926
mace_invariants,6,92,30,71,1.4217443437784136,684.3724004381944,12.257195607383183,0.6389723941811106,0.6959777438302579,0,2.3488367079886086
mace_invariants,6,93,31,60,1.4280590410291127,847.5490145420717,39.03285737061945,0.6493832909823212,0.6959777438302579,0,25.08641053459926
mace_invariants,6,94,31,66,1.425701598520152,838.7871073445509,26.69033452518125,0.6332342299634963,0.6959777438302579,0,52.8798956899516
mace_invariants,6,95,31,67,1.4275913768320054,699.3016751575115,48.275105151471806,0.5406863972368512,0.6959777438302579,0,29.0025345796292
mace_invariants,6,96,32,61,1.4625617539369167,634.3239431863196,-1.6192100903035662,0.4388517957282819,0.6959777438302579,0,-30.587090571400275
mace_invariants,6,97,32,67,1.4400982265498263,815.6276737986806,23.939752027271535,0.5493154455798277,0.6959777438302579,0,97.81382404622627
mace_invariants,6,98,32,68,1.339894564477318,-120.98292874536065,-9.329560551070392,0.5401206520035798,0.6959777438302579,0,54.941327078028245
mace_invariants,6,99,33,62,1.4327602065267253,761.1247264973082,17.60138219183214,0.48401080005100855,0.6959777438302579,0,16.325262701083226
mace_invariants,6,100,33,68,1.4166469526286936,873.9347833196975,53.64648089475223,0.5301660545080716,0.6959777438302579,0,94.5217401053333
mace_invariants,6,101,33,69,1.4893149490167876,383.0285653070539,29.655421637058133,0.6101291048936492,0.6959777438302579,0,70.80308305700055
mace_invariants,6,102,34,63,1.4164759061844763,870.6659204211883,30.757448829006968,0.8011269374705347,0.6959777438302579,1,-7.316542870670373
mace_invariants,6,103,34,69,1.4474526207256062,749.8364272543648,10.010311002474417,0.6867903393117772,0.6959777438302579,0,-8.39888668034139
mace_invariants,6,104,34,70,1.4614241382681945,710.6084503593937,10.689163785529866,0.7450996314454854,0.6959777438302579,1,-5.110540713347971
mace_invariants,6,105,35,64,1.483597669879744,486.120622287984,12.325927035595152,0.6423270519228581,0.6959777438302579,0,12.928936352097855
mace_invariants,6,106,35,70,1.4268039629928706,822.3907634313288,52.19440021708976,0.7511284470267297,0.6959777438302579,1,23.275379124537864
mace_invariants,6,107,35,71,1.3990196091017715,861.0326517353499,28.399349083722008,0.708505749531525,0.6959777438302579,1,24.597443786856157
mace_invariants,203,0,0,36,1.4139393697617595,891.304481797352,-4.266136771165544,0.545801614094436,0.6937985918265799,0,48.3037188173357
mace_invariants,203,1,0,41,1.3931206645434526,948.8012164229416,-14.532461375790351,0.36538637994831347,0.6937985918265799,0,77.75325207775415
mace_invariants,203,2,0,71,1.4166507112839335,1091.785032148356,-16.982619659261644,0.39588956783081936,0.6937985918265799,0,82.70053590592971
mace_invariants,203,3,1,36,1.451875188827167,858.5145080953657,-4.668197526798368,0.6962408894031293,0.6937985918265799,1,2.310875699476018
mace_invariants,203,4,1,37,1.3941923625063835,876.0938621631542,-31.069750338863702,0.6203847579168289,0.6937985918265799,0,-63.00176250343693
mace_invariants,203,5,1,66,1.4784040646223675,778.0618902419172,37.732706055893956,0.5463990120842543,0.6937985918265799,0,-3.297006259317758
mace_invariants,203,6,2,37,1.3754129235854633,788.0983828796593,8.201374689347354,0.5671094963376653,0.6937985918265799,0,18.22544752106742
mace_invariants,203,7,2,38,1.4637738422214768,1028.307543711085,-8.528832894103209,0.5451635614746946,0.6937985918265799,0,4.209526525126728
mace_invariants,203,8,2,67,1.4182934286246207,1146.7259999845726,-15.028042811777706,0.5007955716594714,0.6937985918265799,0,25.146650600806055
mace_invariants,203,9,3,38,1.3725457553870497,800.8010127675198,-12.861079760173595,0.5471048934146032,0.6937985918265799,0,-6.8238964038969065
mace_invariants,203,10,3,39,1.4352767031212048,813.4392133792874,-10.305199523396684,0.6455274035891025,0.6937985918265799,0,0.9564632248785081
mace_invariants,203,11,3,68,1.3829347220792416,945.6599071627867,-44.13876501150779,0.603414635243788,0.6937985918265799,0,-12.4485998376297
mace_invariants,203,12,4,39,1.4350305675399686,949.0921404982051,-27.4453834808587,0.7143784866561946,0.6937985918265799,1,65.74386869693771
mace_invariants,203,13,4,40,1.4624681734234721,1025.6634046099782,-23.083654547699886,0.7006794575331707,0.6937985918265799,1,53.12196608525191
mace_invariants,203,14,4,69,1.4527147089291867,1172.9642881503798,-9.490505124922871,0.687233271710955,0.6937985918265799,0,-17.76695150408409
mace_invariants,203,15,5,40,1.3890231646544415,823.7024019269128,-29.16637718303401,0.6594822005726113,0.6937985918265799,0,6.2304335676929075
mace_invariants,203,16,5,41,1.396600024249873,954.738250955036,-51.37948676405146,0.4921455517242846,0.6937985918265799,0,39.493964048127125
mace_invariants,203,17,5,70,1.4569002447474881,933.9235468622969,-29.019490826969207,0.48743451540662663,0.6937985918265799,0,-0.9603951022431083
mace_invariants,203,18,6,41,1.4332414859939746,1001.3453661788305,-47.71066442725305,0.4379711349207225,0.6937985918265799,0,59.833205665419
mace_invariants,203,19,6,42,1.391157577586656,1077.9342126876809,-28.545961869441882,0.357755161012706,0.6937985918265799,0,60.34104820712196
mace_invariants,203,20,6,47,1.430196133340986,1177.6112741465383,-41.03662369743451,0.5170801492347383,0.6937985918265799,0,33.95215612819766
mace_invariants,203,21,7,36,1.4026233507270818,1095.597534037579,7.590201524205392,0.7065395684762366,0.6937985918265799,1,51.80908989344972
mace_invariants,203,22,7,42,1.4382060073696628,1005.4030697283731,-13.676833766962403,0.44590836042209747,0.6937985918265799,0,9.334828967628056
mace_invariants,203,23,7,43,1.4177250681488023,955.5914665661586,-0.7583696650625277,0.6320681164980944,0.6937985918265799,0,20.167690241185465
mace_invariants,203,24,8,37,1.506333426964476,396.6786036589601,-12.894580629818943,0.6041314249575753,0.6937985918265799,0,-98.92248490350053
mace_invariants,203,25,8,43,1.4057245601636486,1076.2825155690807,-24.17188518640094,0.6055161044657335,0.6937985918265799,0,15.04525221073494
mace_invariants,203,26,8,44,1.4437413775934504,1222.0509575434237,-44.371648920851946,0.5967027746569256,0.6937985918265799,0,60.18229616037771
mace_invariants,203,27,9,38,1.3881322148271469,883.4861829828355,-24.978078182898265,0.4924127656515488,0.6937985918265799,0,40.09282701188778
mace_invariants,203,28,9,44,1.4018171800972192,890.2918223584346,-23.37907438247616,0.5069300502138698,0.6937985918265799,0,47.93585983802471
mace_invariants,203,29,9,45,1.4138695690077545,1037.1006479919822,-5.242805213234093,0.3995885202527132,0.6937985918265799,0,54.9481764843691
mace_invariants,203,30,10,39,1.4300508094238935,1235.5769962853506,-9.507097214082613,0.6641895195347021,0.6937985918265799,0,65.38845173028949
mace_invariants,203,31,10,45,1.4394065109802423,980.086993962913,-23.458248134682986,0.4729427639613669,0.6937985918265799,0,81.09404128916452
mace_invariants,203,32,10,46,1.4406600715260156,958.3374291656983,33.94821472378473,0.5519918238091185,0.6937985918265799,0,26.024291461035165
mace_invariants,203,33,11,40,1.495849199003342,564.6158055610503,-23.799091542254484,0.5943262158219436,0.6937985918265799,0,-45.72748798327354
mace_invariants,203,34,11,46,1.4415030636596076,894.9899415284686,-6.035350639446057,0.495827549219384,0.6937985918265799,0,33.52744390879884
mace_invariants,203,35,11,47,1.3815737983683152,1012.2513853094719,-21.935916090160994,0.5060985812876326,0.6937985918265799,0,-15.235062595681857
mace_invariants,203,36,12,47,1.4964173427155596,514.472411894859,-10.82988074801556,0.49377986682654573,0.6937985918265799,0,-39.73279517644777
mace_invariants,203,37,12,48,1.4367205516597172,893.8756324331971,-2.391565276326547,0.49087098268061113,0.6937985918265799,0,45.49766348946082
mace_invariants,203,38,12,53,1.3745727221481323,766.2033802120656,-6.170712113017616,0.6692629833267044,0.6937985918265799,0,-21.46384646075945
mace_invariants,203,39,13,42,1.341561772302425,96.61471963844615,-89.60220807776146,0.2510915851808059,0.6937985918265799,0,-73.66127095163199
mace_invariants,203,40,13,48,1.3215882077570944,-404.3925723029669,-63.819686035678444,0.4075076892569036,0.6937985918265799,0,-89.72313047489979
mace_invariants,203,41,13,49,1.4201359343488975,913.8755807125967,-60.49113715863641,0.38700199741002517,0.6937985918265799,0,28.734699702182457
mace_invariants,203,42,14,43,1.3883538723918916,827.9507835724868,20.524938086574554,0.5795777961127457,0.6937985918265799,0,32.07168495596832
mace_invariants,203,43,14,49,1.4213175998603595,1075.237953673636,-19.952884250717787,0.5293284522659683,0.6937985918265799,0,103.72084903593543
mace_invariants,203,44,14,50,1.4468311081428409,1261.6709052104256,-44.76535790347611,0.5741957726848377,0.6937985918265799,0,34.13712272068444
mace_invariants,203,45,15,44,1.4470962679211528,1008.9056583788332,-28.74392284833585,0.5107443512662705,0.6937985918265799,0,76.34065280620123
mace_invariants,203,46,15,50,1.4460314145565758,964.0076187862762,-30.583436846823453,0.5141756576471702,0.6937985918265799,0,22.499040090193365
mace_invariants,203,47,15,51,1.3892162801090473,843.86088205964,-40.20398006100705,0.4337998057375073,0.6937985918265799,0,61.58436038468448
mace_invariants,203,48,16,45,1.4473483852473683,914.1003177139709,-24.990493248817344,0.4790995394214941,0.6937985918265799,0,60.56017226241031
mace_invariants,203,49,16,51,1.3842220842977415,800.9973178008803,-12.406534883865099,0.5094965238538876,0.6937985918265799,0,41.59766662642583
mace_invariants,203,50,16,52,1.43614012047294,947.3796142325248,-27.809543790243893,0.6835941170054753,0.6937985918265799,0,19.971394351708007
mace_invariants,203,51,17,46,1.4051845153026996,1063.9378134447895,27.960148950917365,0.6650896615797712,0.6937985918265799,0,29.67178753231638
mace_invariants,203,52,17,52,1.4989167232624225,479.6104566591618,-24.359939295028582,0.790535179316001,0.6937985918265799,1,-20.27252922286258
mace_invariants,203,53,17,53,1.4500418392100236,1232.6385352255988,-8.319719277705303,0.8508438101481786,0.6937985918265799,1,-83.07813021824731
mace_invariants,203,54,18,53,1.5227448556343297,188.1386102295058,4.426585336831306,0.6955808267261173,0.6937985918265799,1,-78.49351550379245
mace_invariants,203,55,18,54,1.3953048179524747,786.355064221237,-13.491362700780254,0.4912087927453822,0.6937985918265799,0,-33.75731214652922
mace_invariants,203,56,18,59,1.4812616699478427,852.8477130370686,23.50162944880805,0.5470026351895176,0.6937985918265799,0,64.36943522072994
mace_invariants,203,57,19,48,1.493298637427794,753.2050870294624,-23.249782514968533,0.44129540943367773,0.6937985918265799,0,33.791436744134174
mace_invariants,203,58,19,54,1.3308750278520105,-55.20172220122055,-27.0022133581623,0.4153153760990359,0.6937985918265799,0,34.36199157053711
mace_invariants,203,59,19,55,1.4189154961136752,1415.226025881176,-28.431596457506057,0.435831526886731,0.6937985918265799,0,134.743150167629
mace_invariants,203,60,20,49,1.4104772986460055,1144.140847978655,-27.3827420829433,0.5742551024776164,0.6937985918265799,0,116.58509006666515
mace_invariants,203,61,20,55,1.4387999527498743,1024.7728617374162,-15.476604993264743,0.5892969117775482,0.6937985918265799,0,64.57534370316638
mace_invariants,203,62,20,56,1.4751554767225539,834.659964868734,-9.886595932753536,0.5700900948625859,0.6937985918265799,0,45.75408862636721
mace_invariants,203,63,21,50,1.3805352392519168,800.7289570974627,-5.840108824147854,0.6410614523351136,0.6937985918265799,0,-7.133461074326032
mace_invariants,203,64,21,56,1.44755385402009,1151.030338555318,-13.573844155236246,0.5920291243012138,0.6937985918265799,0,-40.01906687237283
mace_invariants,203,65,21,57,1.4614774376596267,849.650913526728,-19.946611166726544,0.6590757736682833,0.6937985918265799,0,-26.135009383321616
mace_invariants,203,66,22,51,1.3998424584763134,873.843720406934,-35.46107199929201,0.41164393279396916,0.6937985918265799,0,55.15302089931337
mace_invariants,203,67,22,57,1.4093492648014458,1086.3911907903928,-45.360216903185425,0.5100341060368018,0.6937985918265799,0,41.033359618177954
mace_invariants,203,68,22,58,1.447986325861014,1030.6270943387167,-13.547289724036935,0.39829364664770206,0.6937985918265799,0,69.57547425047841
mace_invariants,203,69,23,52,1.4341197718591014,1122.0876994394218,-7.4803531805592325,0.6821958912647978,0.6937985918265799,0,16.84628694990652
mace_invariants,203,70,23,58,1.4340266617148005,1060.1133066512655,-18.818652868303822,0.4947480119669429,0.6937985918265799,0,67.74886440481399
mace_invariants,203,71,23,59,1.4249831251115659,906.997709399534,-12.993949668374643,0.5939263305603757,0.6937985918265799,0,44.353377623503306
mace_invariants,203,72,24,59,1.419566780433998,1037.8017152494194,12.18467266343785,0.5815053588111745,0.6937985918265799,0,60.00015337342948
mace_invariants,203,73,24,60,1.4024182221373271,1343.05467077903,-11.196586805998807,0.6583223096883395,0.6937985918265799,0,62.9618566888609
mace_invariants,203,74,24,65,1.4280073134381455,934.651810824001,-7.347921239754432,0.6155289843415856,0.6937985918265799,0,-3.5320838504789656
mace_invariants,203,75,25,54,1.395910060373722,837.9084889061794,8.405393559461103,0.4843437222247078,0.6937985918265799,0,45.146166216713354
mace_invariants,203,76,25,60,1.4658882535414208,827.387932977439,-26.526118918388068,0.6169545155460082,0.6937985918265799,0,57.255798594215996
mace_invariants,203,77,25,61,1.4170949802689699,951.9073184483501,-39.11122384301778,0.4956094425242373,0.6937985918265799,0,44.38895544880445
mace_invariants,203,78,26,55,1.397981651991643,1015.2755647370535,-24.540445172972817,0.5408134739396075,0.6937985918265799,0,11.053029401018403
mace_invariants,203,79,26,61,1.362333052933221,531.5225958401528,-6.815232718556569,0.5315630434514418,0.6937985918265799,0,-32.9628108793973
mace_invariants,203,80,26,62,1.4773008174540498,866.4512590616667,-20.499801464147367,0.6224452464691264,0.6937985918265799,0,-53.6264368897478
mace_invariants,203,81,27,56,1.4419000516097646,1014.6643009348355,-13.101904952132509,0.4942432259013801,0.6937985918265799,0,46.85981876569282
mace_invariants,203,82,27,62,1.4287353353257062,1096.3697564482443,-18.442285664768594,0.5950818153458612,0.6937985918265799,0,27.735036380097014
mace_invariants,203,83,27,63,1.3915069653896068,1350.697792665245,-15.402281098210057,0.5170639628977474,0.6937985918265799,0,51.99685044338605
mace_invariants,203,84,28,57,1.371099344718443,716.2740459306125,4.9517731234293425,0.6554901109432999,0.6937985918265799,0,-12.245516761745485
mace_invariants,203,85,28,63,1.401579754128577,1024.3298299712055,6.254303047981503,0.6112641985725976,0.6937985918265799,0,-23.802603957690593
mace_invariants,203,86,28,64,1.4811479983025337,865.9111440792593,7.241140725089735,0.6594759323702211,0.6937985918265799,0,-21.57274730314709
mace_invariants,203,87,29,58,1.3972119247625052,956.3403639768806,-16.310670749310447,0.5278267520147589,0.6937985918265799,0,21.66337110706577
mace_invariants,203,88,29,64,1.4475820424790673,1098.7238799291647,-18.63743829945256,0.6435530328307797,0.6937985918265799,0,21.858368092541014
mace_invariants,203,89,29,65,1.3765515419186003,607.4006240859928,24.138704846561993,0.6610286961386028,0.6937985918265799,0,-7.903747298128398
mace_invariants,203,90,30,65,1.3856481697193015,838.6267056884444,17.245430415738227,0.7555635312356718,0.6937985918265799,1,-23.36836879386454
mace_invariants,203,91,30,66,1.4554616205296569,861.6681339446159,-8.366738289846454,0.6460993232549332,0.6937985918265799,0,-37.77398940639834
mace_invariants,203,92,30,71,1.5049335649674283,544.9630408961912,18.68312915719722,0.6460291543101917,0.6937985918265799,0,-41.26265010480774
mace_invariants,203,93,31,60,1.4772447585697428,812.0683639559601,15.041221120747654,0.6393188081146666,0.6937985918265799,0,-4.94086495468402
mace_invariants,203,94,31,66,1.44167576159425,1063.6477518001457,-48.29214799612888,0.4870612747871741,0.6937985918265799,0,38.712513942639276
mace_invariants,203,95,31,67,1.3152688232750522,-361.2345269039866,-69.05609883110486,0.49473309594155485,0.6937985918265799,0,12.042854438656185
mace_invariants,203,96,32,61,1.4697360521495229,825.3069489274593,-35.52264691407259,0.5838959419473546,0.6937985918265799,0,15.572673335475159
mace_invariants,203,97,32,67,1.403439183598058,847.596193619341,-42.75612110322344,0.5606553027960139,0.6937985918265799,0,47.46625482281458
mace_invariants,203,98,32,68,1.4508414199822681,1337.794565965109,-41.95960574946214,0.6613330344404219,0.6937985918265799,0,45.96520802074484
mace_invariants,203,99,33,62,1.4009633079020236,1265.2359709602172,-34.71402852262706,0.6368960110098041,0.6937985918265799,0,27.206576672160853
mace_invariants,203,100,33,68,1.4877471348224043,683.0469227446955,-20.89434558269078,0.6234509004851867,0.6937985918265799,0,-10.068235497804967
mace_invariants,203,101,33,69,1.4153528564923208,1003.1716976585774,-30.360452306090636,0.6384184538852617,0.6937985918265799,0,-2.890865823490369
mace_invariants,203,102,34,63,1.469027757391157,917.645963880165,-6.386028341759536,0.648497298289357,0.6937985918265799,0,1.1522170911311633
mace_invariants,203,103,34,69,1.3708579558542096,728.4037784381347,-7.537172770593705,0.7280375936129286,0.6937985918265799,1,-21.141118465731545
mace_invariants,203,104,34,70,1.4878793099880259,733.8068835981793,3.9436255269948326,0.5694360942691594,0.6937985918265799,0,37.58843154317986
mace_invariants,203,105,35,64,1.3955445382601055,888.5975204841238,-24.933771460081083,0.5722723606192395,0.6937985918265799,0,44.28812229654568
mace_invariants,203,106,35,70,1.4426688103495022,795.3003678135517,-3.8919189429633048,0.44499942280141863,0.6937985918265799,0,13.231483903169586
mace_invariants,203,107,35,71,1.3349269913793924,169.529416551486,11.520918967535964,0.4802136470015825,0.6937985918265799,0,-0.14850434289122916
geometry_control,94,0,0,36,1.3910826091423445,855.4704186252885,24.11537748017498,0.44741034153377646,0.6268074983634593,0,-3.1936420658546396
geometry_control,94,1,0,41,1.4226454570369447,1203.9847919740243,-18.1594763962702,0.6469146278978954,0.6268074983634593,1,-45.94451548011167
geometry_control,94,2,0,71,1.4972993441168152,725.2194793780524,28.405004945362855,0.5369868956399475,0.6268074983634593,0,-63.3012000908727
geometry_control,94,3,1,36,1.3733004800723627,587.7800713249309,2.3585403711318746,0.4121614907730683,0.6268074983634593,0,150.46788968429945
geometry_control,94,4,1,37,1.4205248973080284,1360.6828287518695,52.19495259640308,0.47126700720281034,0.6268074983634593,0,-120.82340974382927
geometry_control,94,5,1,66,1.5862276990373492,-818.2929406113866,-52.10898743590037,0.39247418976041715,0.6268074983634593,0,-157.76956067270766
geometry_control,94,6,2,37,1.5110807960941954,499.70633959013355,-0.053911393165710725,0.505977923673032,0.6268074983634593,0,-82.98854604216109
geometry_control,94,7,2,38,1.4299303839246404,1058.6083563892425,-3.8238518584793098,0.6240255664389572,0.6268074983634593,0,-40.34470436850501
geometry_control,94,8,2,67,1.402797054080899,1319.9564595362715,13.664956235442316,0.5221209508335998,0.6268074983634593,0,-76.22799608496396
geometry_control,94,9,3,38,1.5037165072873289,523.3785951569861,-10.19950205748251,0.6263372984052047,0.6268074983634593,0,2.3466243933084954
geometry_control,94,10,3,39,1.4030662531953084,1364.4174559519056,17.85370197466904,0.5328451820046487,0.6268074983634593,0,-69.69598364457629
geometry_control,94,11,3,68,1.4729952382035687,980.3590589448697,-10.049894110874176,0.5616536015715331,0.6268074983634593,0,-28.570334339088397
geometry_control,94,12,4,39,1.4282564842932257,930.8839274308514,16.644844044669007,0.5980653668541127,0.6268074983634593,0,-7.267088474974003
geometry_control,94,13,4,40,1.4124189370887088,1114.4569878959664,-3.918702899400805,0.5373215190333165,0.6268074983634593,0,-44.894998290700606
geometry_control,94,14,4,69,1.4024234838904601,1258.5286738009816,10.086875122131305,0.5608818328347759,0.6268074983634593,0,-39.76233214599494
geometry_control,94,15,5,40,1.3421399896087025,439.13392383603826,15.2293342988683,0.4222129570465498,0.6268074983634593,0,-88.2519633207037
geometry_control,94,16,5,41,1.4684663752195157,1013.3360545925651,13.439296306962326,0.5988000484363538,0.6268074983634593,0,-10.025465712055002
geometry_control,94,17,5,70,1.4479660420284532,1130.9395917429545,-4.099397851908375,0.5364304009054641,0.6268074983634593,0,-46.20688708665149
geometry_control,94,18,6,41,1.435087344722947,1316.2242181537185,9.738611424153204,0.6283193251319212,0.6268074983634593,1,-51.01460528289199
geometry_control,94,19,6,42,1.4150505067149806,1066.3064624718172,44.27015058453713,0.5772640801705456,0.6268074983634593,0,-17.444361319579635
geometry_control,94,20,6,47,1.4793709409684563,903.3788152037041,16.785110525063406,0.56384733029195,0.6268074983634593,0,-42.13731767185722
geometry_control,94,21,7,36,1.3678498966135975,751.9519273749823,19.107371981137184,0.40066008994388647,0.6268074983634593,0,-60.157250485075785
geometry_control,94,22,7,42,1.4114636346184672,1126.4498226044645,15.966636521613088,0.5491091313466299,0.6268074983634593,0,-45.467932580776065
geometry_control,94,23,7,43,1.477816454646723,880.9667086705225,-5.005977557730558,0.5306837287510433,0.6268074983634593,0,-89.02471615662273
geometry_control,94,24,8,37,1.3526949689094148,426.9685461969445,4.581400296364438,0.4819140510865945,0.6268074983634593,0,-18.07181951604228
geometry_control,94,25,8,43,1.3973134258174358,938.0054290726339,58.56649053130032,0.5528321734640094,0.6268074983634593,0,-19.907730928786144
geometry_control,94,26,8,44,1.3664490064738735,637.1492661684752,23.87203612813982,0.5376189130968414,0.6268074983634593,0,13.590307483490484
geometry_control,94,27,9,38,1.3360377772378191,498.89524354959605,-1.5343024191647667,0.6143725137115368,0.6268074983634593,0,-48.064437397898764
geometry_control,94,28,9,44,1.4658604777134931,981.2258602994889,-4.575496599782082,0.5520297329558583,0.6268074983634593,0,-33.22621955611778
geometry_control,94,29,9,45,1.4500734013598335,901.0914459867382,8.203863107003048,0.6029130446833657,0.6268074983634593,0,-32.63979290653016
geometry_control,94,30,10,39,1.512805124826537,348.4905483354954,-8.186872320322253,0.8333704265479693,0.6268074983634593,1,-60.23295882398588
geometry_control,94,31,10,45,1.4019351760126055,1243.6258470042176,14.286227182300436,0.9154030739203542,0.6268074983634593,1,-19.744324123866196
geometry_control,94,32,10,46,1.4190292190170481,1426.969638677649,0.7637544236468001,0.9656207472395073,0.6268074983634593,1,2.0211581711298763
geometry_control,94,33,11,40,1.4494715879207785,943.5794268776751,-15.725456920530702,0.5901256293324821,0.6268074983634593,0,2.584194442744028
geometry_control,94,34,11,46,1.450259628940738,1143.339515096652,2.661664666824841,0.7831197978448163,0.6268074983634593,1,7.171768966422569
geometry_control,94,35,11,47,1.4205115775485926,1252.6804291151536,4.56164767310798,0.7022407258823149,0.6268074983634593,1,-3.758437424849035
geometry_control,94,36,12,47,1.4319351561503288,1003.4367394390069,-33.15789440869636,0.5080550405317504,0.6268074983634593,0,-46.516107359147526
geometry_control,94,37,12,48,1.3747221988294773,804.0551340373679,-18.065857521948907,0.5739110250417726,0.6268074983634593,0,-73.65331708276173
geometry_control,94,38,12,53,1.4833054609982357,870.4305873529894,-10.26106386785821,0.5493825235072785,0.6268074983634593,0,-54.554888950672044
geometry_control,94,39,13,42,1.400874009011166,1070.012051404186,-3.1690258665432873,0.6358951468389518,0.6268074983634593,1,-10.467538354354716
geometry_control,94,40,13,48,1.4994883272757629,593.6837686253443,-0.9045170027246335,0.6883343814703782,0.6268074983634593,1,-56.25457880465842
geometry_control,94,41,13,49,1.43566683057242,958.2220935157133,23.215689866020636,0.5702120971167004,0.6268074983634593,0,-68.89162667292075
geometry_control,94,42,14,43,1.44549195172947,1278.161841721242,0.8007037128451369,0.5858097405244391,0.6268074983634593,0,-40.43415838353479
geometry_control,94,43,14,49,1.4263398774721714,1046.5089252670957,19.73439500695607,0.5385520933977744,0.6268074983634593,0,-63.708858820831495
geometry_control,94,44,14,50,1.3407454143611117,347.7934041333829,32.89446925017107,0.4576878092960982,0.6268074983634593,0,-97.45326403201548
geometry_control,94,45,15,44,1.496603675661056,705.24918713762,19.307410614390346,0.599161552918736,0.6268074983634593,0,-58.085134267341864
geometry_control,94,46,15,50,1.5146188469618211,473.16156735259773,-15.362737437697117,0.4862528820575629,0.6268074983634593,0,-74.27218621017448
geometry_control,94,47,15,51,1.4160443200756212,971.1274407489202,-42.812047580654074,0.5326542001193852,0.6268074983634593,0,19.489652045720696
geometry_control,94,48,16,45,1.3707324767622397,732.3722695465802,-23.316470254314694,0.6036812823864677,0.6268074983634593,0,-66.45292143969819
geometry_control,94,49,16,51,1.4374983791935803,1101.3968700691078,-11.607619378169222,0.48629061785960964,0.6268074983634593,0,-27.875140615113505
geometry_control,94,50,16,52,1.457527728350745,1137.8349655783318,-18.039863785899627,0.5349329927875761,0.6268074983634593,0,-48.191703003012435
geometry_control,94,51,17,46,1.4271945033535822,961.7687652830955,-41.531833688267746,0.6914300036429035,0.6268074983634593,1,-28.16568228760896
geometry_control,94,52,17,52,1.4192501876847963,1025.1921481796576,-6.01963100931098,0.572464040724859,0.6268074983634593,0,-52.85714549927719
geometry_control,94,53,17,53,1.4054774701200734,998.9401751557918,-13.060138643396483,0.6518784146559302,0.6268074983634593,1,-66.11712378045067
geometry_control,94,54,18,53,1.4125083655224295,1128.120698305994,-37.69378521182624,0.6191098639960352,0.6268074983634593,0,-63.805461287120984
geometry_control,94,55,18,54,1.401360932569208,1090.2577272170065,-14.999208790218422,0.5245242379508596,0.6268074983634593,0,-60.22395967140546
geometry_control,94,56,18,59,1.4726022443596138,876.6588599667203,-39.92357835658929,0.5493614596343627,0.6268074983634593,0,-34.91791159684411
geometry_control,94,57,19,48,1.4154163793725598,1269.199888996727,-4.135260675560774,0.5930976000447282,0.6268074983634593,0,-64.85679051227089
geometry_control,94,58,19,54,1.4631381105047145,1044.1267415852358,-5.593036279978851,0.47398347246505856,0.6268074983634593,0,-61.71282445212723
geometry_control,94,59,19,55,1.373679486902283,911.9229375114276,-0.3230169251445293,0.3634772440667422,0.6268074983634593,0,-140.53234757924335
geometry_control,94,60,20,49,1.3758587684781813,780.8175927701261,31.679188366142412,0.48769502993290037,0.6268074983634593,0,-118.75004094190592
geometry_control,94,61,20,55,1.3435790312786378,437.5010333232383,36.765508149201565,0.3761969583085921,0.6268074983634593,0,-162.95080201345792
geometry_control,94,62,20,56,1.4561562442566156,977.5031844867035,15.026083829203621,0.4642807759376353,0.6268074983634593,0,-83.57066954880207
geometry_control,94,63,21,50,1.3662617455748776,671.0173180063588,19.325786883106357,0.4036771576182239,0.6268074983634593,0,-125.43410358280957
geometry_control,94,64,21,56,1.45299459756637,1083.545564516649,39.35243585278041,0.4611271877246351,0.6268074983634593,0,-34.97746816025952
geometry_control,94,65,21,57,1.4864206457535838,773.7583916101049,-6.7892825897892255,0.48184490705932137,0.6268074983634593,0,-46.1559712072442
geometry_control,94,66,22,51,1.333348821078626,241.10755562537034,-20.925805579329882,0.542418696034361,0.6268074983634593,0,-53.92186764777196
geometry_control,94,67,22,57,1.4392385686925124,1261.4800763814073,-6.599900467024224,0.5741851274136363,0.6268074983634593,0,-38.235463168709764
geometry_control,94,68,22,58,1.4490732350006528,1045.3503059296752,-23.32554666035344,0.5643415745687812,0.6268074983634593,0,-16.966209970534845
geometry_control,94,69,23,52,1.4094316986697775,1087.6916683904815,-25.305082339930077,0.6331542235258143,0.6268074983634593,1,-21.48829668036574
geometry_control,94,70,23,58,1.4044997888009438,1105.5124682648202,-36.0923994012843,0.6064347271322679,0.6268074983634593,0,-29.586558122157875
geometry_control,94,71,23,59,1.4399494329129614,1012.4759547892055,-37.77278019324079,0.6428201930952129,0.6268074983634593,1,-8.604744105055076
geometry_control,94,72,24,59,1.4500545237232507,1146.7006404116717,-13.43379633012338,0.5122741522777586,0.6268074983634593,0,-40.79577496170134
geometry_control,94,73,24,60,1.4857509766468695,692.1983381096279,1.8792129747216835,0.4342944681040081,0.6268074983634593,0,-23.408459977985064
geometry_control,94,74,24,65,1.4183908873987212,1020.8447269304213,-12.683327273269391,0.45340438514625836,0.6268074983634593,0,-14.54391334281155
geometry_control,94,75,25,54,1.4144132311987314,1124.747018248102,-22.787136422967606,0.4141122218697296,0.6268074983634593,0,-61.780218935977786
geometry_control,94,76,25,60,1.3550443817569098,680.8063179297761,36.44617379660655,0.36096975937948217,0.6268074983634593,0,-85.05399050824573
geometry_control,94,77,25,61,1.4641228847501944,789.86442400957,21.70210281267004,0.384163308532738,0.6268074983634593,0,-48.834005600044094
geometry_control,94,78,26,55,1.5011237332547276,610.051654201971,7.3569522537606336,0.4457705019274554,0.6268074983634593,0,-86.62882392156314
geometry_control,94,79,26,61,1.388735250411863,1141.5152838308272,21.50389039355308,0.5263278169887801,0.6268074983634593,0,-51.15603383096753
geometry_control,94,80,26,62,1.4763609791364147,753.6799752606303,12.951264898247015,0.5223569535157985,0.6268074983634593,0,-57.82269408123317
geometry_control,94,81,27,56,1.4208606499921896,1139.189511141429,30.936968018775193,0.43822370511515274,0.6268074983634593,0,-50.74544153159737
geometry_control,94,82,27,62,1.3281742144562902,-96.02090247305306,-2.468727831276354,0.4267263390744527,0.6268074983634593,0,-129.7962761855235
geometry_control,94,83,27,63,1.480265447680916,828.2006984895313,10.499528989906755,0.36922759117043613,0.6268074983634593,0,-94.15592263343726
geometry_control,94,84,28,57,1.3643409548128618,670.0612345766261,11.697549482601747,0.5057919112574948,0.6268074983634593,0,-34.90189037970161
geometry_control,94,85,28,63,1.3877845747513935,969.2631002861136,20.018787428982204,0.4160780779780919,0.6268074983634593,0,-81.73294068147592
geometry_control,94,86,28,64,1.4191047664993053,1072.1188674109007,-13.378673031313806,0.5719274100382001,0.6268074983634593,0,-46.42846128311357
geometry_control,94,87,29,58,1.4516470406277315,987.3346340934621,-33.60471481295688,0.45241204495306875,0.6268074983634593,0,-59.284809016238526
geometry_control,94,88,29,64,1.3932753600365706,1078.490750138696,-23.777729539271554,0.528391096578629,0.6268074983634593,0,-75.44511512649493
geometry_control,94,89,29,65,1.4183361444606206,1052.9195919345539,-12.414293015002759,0.42992774378451337,0.6268074983634593,0,-56.53216996184237
geometry_control,94,90,30,65,1.3874304765600594,1012.0145262043909,-12.174331993898308,0.440503088744706,0.6268074983634593,0,-51.958112828525316
geometry_control,94,91,30,66,1.4469675523428345,1102.9092051488135,25.133216722506866,0.37307418472555187,0.6268074983634593,0,1.2110001182939314
geometry_control,94,92,30,71,1.4628849171799836,962.0623237913957,28.75231353712456,0.48233803984437407,0.6268074983634593,0,-15.744442149721017
geometry_control,94,93,31,60,1.4533968075619281,901.5250503325984,-1.5492641883799052,0.39202876698217604,0.6268074983634593,0,-85.793754477503
geometry_control,94,94,31,66,1.3567595014175782,733.6029720616723,53.421813834589486,0.3437097800052721,0.6268074983634593,0,1.6717699863388944
geometry_control,94,95,31,67,1.3470094404985156,333.1557546456169,-30.873083578770153,0.43864562460823314,0.6268074983634593,0,-133.2671101659307
geometry_control,94,96,32,61,1.4237382996860175,1134.0243894860284,24.177017352294488,0.43260649098372966,0.6268074983634593,0,-73.69934124823381
geometry_control,94,97,32,67,1.4742746372600655,844.179578111899,-11.87031438321385,0.456029799456531,0.6268074983634593,0,-69.7243519115258
geometry_control,94,98,32,68,1.3674506281921135,845.4031212483733,19.941806832449686,0.49325071822821676,0.6268074983634593,0,-97.21071873845631
geometry_control,94,99,33,62,1.3828741504948483,1029.6383449262294,0.9438237453769476,0.42099736728633097,0.6268074983634593,0,-137.1724912860243
geometry_control,94,100,33,68,1.4064363930713153,1110.4841670274313,2.36684535565319,0.4856124580037996,0.6268074983634593,0,-99.44824465778967
geometry_control,94,101,33,69,1.4846895419231463,801.6228963290986,-1.4744537526387227,0.4196205044175783,0.6268074983634593,0,-91.35036552897381
geometry_control,94,102,34,63,1.3771809475772032,1006.6262168806363,5.924793464800811,0.48428771618209226,0.6268074983634593,0,-118.16149524796083
geometry_control,94,103,34,69,1.4534300053205425,922.494939894831,-7.51465444108743,0.5404096012173563,0.6268074983634593,0,-54.428132767970084
geometry_control,94,104,34,70,1.4745318642219176,919.4903609051387,9.07157113749301,0.631066731274811,0.6268074983634593,1,-36.74140912790582
geometry_control,94,105,35,64,1.4602014177793732,1136.8235551373427,8.132261172916348,0.49880165866612125,0.6268074983634593,0,-88.80718893126807
geometry_control,94,106,35,70,1.341040769203884,353.2553390855539,-3.240290608683455,0.48973134169873184,0.6268074983634593,0,-127.17425322763472
geometry_control,94,107,35,71,1.3624367392858336,603.9722478899301,5.3606664812645475,0.44217325697167364,0.6268074983634593,0,-101.85041296100741
geometry_control,65,0,0,36,1.4622436022949392,1056.6072441230383,-16.111583294418956,0.5314127355163952,0.6252718267934,0,-14.863152559786673
geometry_control,65,1,0,41,1.442485067575715,1115.8583237674889,-1.056485669434268,0.4874112727470017,0.6252718267934,0,-48.16251699466938
geometry_control,65,2,0,71,1.3898080435681002,1009.3716108655952,-46.54137266416232,0.4710695145002586,0.6252718267934,0,-67.01948546600255
geometry_control,65,3,1,36,1.3198933492284028,-85.81062713413878,-105.24771335697878,0.4789587717333214,0.6252718267934,0,-99.80524743435964
geometry_control,65,4,1,37,1.4917086605498664,828.7385625310537,-2.6564684752750645,0.8002194862016629,0.6252718267934,1,-40.196596572200036
geometry_control,65,5,1,66,1.399776704928703,881.0668491114209,-4.124386541990321,0.4826903063738339,0.6252718267934,0,-61.56953516837303
geometry_control,65,6,2,37,1.4658647049579165,1715.2990221679945,68.00255977046919,1.3266257427541024,0.6252718267934,1,36.871855614343154
geometry_control,65,7,2,38,1.4979433143666026,896.9727686995093,0.8726884731095896,0.9365628305864027,0.6252718267934,1,-0.6914751312609795
geometry_control,65,8,2,67,1.400968195847968,1033.7215145601197,-38.35134360527876,1.007305243518443,0.6252718267934,1,32.87933615380974
geometry_control,65,9,3,38,1.3118625119806846,-330.6214883911708,-66.48150455253607,0.425450130538754,0.6252718267934,0,-136.90257050430782
geometry_control,65,10,3,39,1.4290786076401183,1037.2902068992528,1.493317828758672,0.5166083829246214,0.6252718267934,0,-42.063198603688775
geometry_control,65,11,3,68,1.457525015179946,1145.9315150413174,-53.23162123463213,0.5608693016367441,0.6252718267934,0,-8.133779857939672
geometry_control,65,12,4,39,1.4443060089054314,1178.1604454205162,-13.931411458958404,0.5792452485293984,0.6252718267934,0,-21.958932966294235
geometry_control,65,13,4,40,1.4574032943381332,1057.030249872798,6.054143994262599,0.4856626170544752,0.6252718267934,0,-40.46397982262391
geometry_control,65,14,4,69,1.4366700772715324,1174.6456996675495,-5.191360567707444,0.6151913527799068,0.6252718267934,0,26.1410519839985
geometry_control,65,15,5,40,1.4243779819184519,1185.0431863941826,4.054997473348268,0.4612577348989483,0.6252718267934,0,-48.25270024904667
geometry_control,65,16,5,41,1.3959560347626712,1158.7320761124213,-28.79696204710093,0.48848284891796867,0.6252718267934,0,-36.95330217854724
geometry_control,65,17,5,70,1.4972169285577346,644.9821894395961,-31.977462010140762,0.5260443262341802,0.6252718267934,0,-27.901751092336482
geometry_control,65,18,6,41,1.390050777285507,985.3629953137173,8.167951037634685,0.48837097809197705,0.6252718267934,0,-75.37624430793394
geometry_control,65,19,6,42,1.447806653915352,1019.2130516811649,-20.80043395885541,0.4279328135779608,0.6252718267934,0,-44.163000791525725
geometry_control,65,20,6,47,1.420916595401595,1197.891358850472,-9.614468009688096,0.535613499153458,0.6252718267934,0,-46.94886631124528
geometry_control,65,21,7,36,1.4574200621561477,1220.9022361179714,-8.432082680470138,0.5655391839259238,0.6252718267934,0,-1.4637374977449085
geometry_control,65,22,7,42,1.3391327118614944,262.52419746290644,-33.52563245204264,0.4610995566425142,0.6252718267934,0,-33.605800936024146
geometry_control,65,23,7,43,1.5360806596388827,135.5772649470304,-9.753814090729996,0.5027332136688616,0.6252718267934,0,-65.91924537784743
geometry_control,65,24,8,37,1.3927529576364828,814.8209766493673,-17.425486035240795,0.7896868541971889,0.6252718267934,1,52.76609165998361
geometry_control,65,25,8,43,1.3575630510804555,616.9064826707951,12.320841534341259,0.40562016947178503,0.6252718267934,0,64.08638834910556
geometry_control,65,26,8,44,1.4002809869949857,707.5134134072866,-7.704873434790343,0.4989729408532262,0.6252718267934,0,118.38768903275252
geometry_control,65,27,9,38,1.374432310514095,778.7655742382271,-19.096695092352025,0.3976296866137481,0.6252718267934,0,-157.93870564512213
geometry_control,65,28,9,44,1.5510591645991127,-221.2536466682144,-33.485502775092186,0.49697868543748525,0.6252718267934,0,-108.21104152387156
geometry_control,65,29,9,45,1.391798758476647,947.3315523580671,-19.368566422377718,0.4106788257365579,0.6252718267934,0,-51.65651354703802
geometry_control,65,30,10,39,1.41096963657844,1057.4372752636023,-4.5575460952859315,0.4913909228412182,0.6252718267934,0,-103.59235235883398
geometry_control,65,31,10,45,1.39229491504608,873.9663856653368,10.94011545762133,0.41328180957816063,0.6252718267934,0,-104.51535721499368
geometry_control,65,32,10,46,1.3576217727735305,595.9480921300222,-26.65360614635517,0.3795798421099984,0.6252718267934,0,-122.53351253519659
geometry_control,65,33,11,40,1.403253715282966,1105.8869709417277,-33.52501626569878,0.4284914814390949,0.6252718267934,0,-80.91298978481024
geometry_control,65,34,11,46,1.373419000957773,877.9630072438625,-9.67041778459233,0.4102630321827982,0.6252718267934,0,-121.43116779871596
geometry_control,65,35,11,47,1.4515167265535731,1194.6225165105354,12.665831445989449,0.5029591165195963,0.6252718267934,0,-42.12443480943705
geometry_control,65,36,12,47,1.4494005910787482,1094.0309049632178,-17.83321109182307,0.5670444015866329,0.6252718267934,0,-17.791991353397297
geometry_control,65,37,12,48,1.3949103676174117,940.2677368256797,-32.9979751495541,0.47983438928302136,0.6252718267934,0,-45.36783596711641
geometry_control,65,38,12,53,1.4382265047970735,1250.756315548534,-2.9999953920647333,0.5000198564185443,0.6252718267934,0,-35.374340406728905
geometry_control,65,39,13,42,1.4668780840530653,931.7819316673703,-25.76108618377369,0.406207213232339,0.6252718267934,0,-48.18782586320837
geometry_control,65,40,13,48,1.348069609005279,604.3746463866893,1.0706981341413944,0.4266778865042246,0.6252718267934,0,-85.33878052504312
geometry_control,65,41,13,49,1.4811646067349575,1023.9079746723731,-9.65712957590364,0.5726040263302764,0.6252718267934,0,-46.15818460970836
geometry_control,65,42,14,43,1.4597187099506868,983.7089135519038,-12.58462392416578,0.48485858541766624,0.6252718267934,0,-8.240066818526497
geometry_control,65,43,14,49,1.296308069719481,-838.6584585454684,-150.74013071715748,0.6096217414892562,0.6252718267934,0,-70.23960578644969
geometry_control,65,44,14,50,1.4432589468508916,1309.3941581003069,-38.732908165856834,0.515349023074489,0.6252718267934,0,-20.0014135493481
geometry_control,65,45,15,44,1.4273916589481437,1306.452358470223,-2.198303419941573,0.5468922727361507,0.6252718267934,0,48.14286424533764
geometry_control,65,46,15,50,1.421472838103007,1101.9295711368143,-38.73027918601469,0.48402993901153235,0.6252718267934,0,-51.14468676412547
geometry_control,65,47,15,51,1.4319536794719476,1042.8125470491923,-64.20796553848051,0.45591542287623077,0.6252718267934,0,-52.16107761034992
geometry_control,65,48,16,45,1.437317563771016,1043.571450046942,-33.69350991074358,0.4300555457558921,0.6252718267934,0,-77.91387858091238
geometry_control,65,49,16,51,1.4260731281505619,1175.7157404607383,-20.661292271823825,0.4253785555968994,0.6252718267934,0,-59.90157917857488
geometry_control,65,50,16,52,1.422784860907071,965.2459482281876,-12.117871803862494,0.437464621515947,0.6252718267934,0,-31.45407117379134
geometry_control,65,51,17,46,1.4596454530905298,880.3472110800567,-20.89420573488615,0.42629160396222915,0.6252718267934,0,-90.57560486248869
geometry_control,65,52,17,52,1.3761633050430189,797.9069875684879,-12.088894118591666,0.46740264719044633,0.6252718267934,0,-28.819268965231437
geometry_control,65,53,17,53,1.472432601935258,1049.4032422758921,-31.561869555392754,0.45196314313093866,0.6252718267934,0,-47.89898209379287
geometry_control,65,54,18,53,1.381249731149028,882.6531158761768,-47.794960567887166,0.3812507966945593,0.6252718267934,0,-60.469205362962214
geometry_control,65,55,18,54,1.46211997247719,966.6886804404594,8.28103269465268,0.5901513242438641,0.6252718267934,0,6.922577758648558
geometry_control,65,56,18,59,1.3577838606015133,665.9609881340938,-39.73416207531393,0.3738390620848828,0.6252718267934,0,-66.22062137411984
geometry_control,65,57,19,48,1.4250439143849456,904.0979939633474,2.5544359253976783,0.39603514433030607,0.6252718267934,0,-44.61658791394447
geometry_control,65,58,19,54,1.519834078689076,466.45610161907086,-7.54644695796659,0.6251211390151339,0.6252718267934,0,-37.83667991564587
geometry_control,65,59,19,55,1.3251074970658214,123.38434640866602,-23.927322979845997,0.3935567643450692,0.6252718267934,0,-61.45356132731625
geometry_control,65,60,20,49,1.4173514219691496,980.7702992343806,-11.037018934058558,0.589329416025457,0.6252718267934,0,-14.37337720240101
geometry_control,65,61,20,55,1.442147562724644,963.5503732416253,-26.45587445870283,0.4409248962141684,0.6252718267934,0,-5.67429457010406
geometry_control,65,62,20,56,1.4373484107456713,1125.9502360064234,-27.775661436073726,0.523060601829872,0.6252718267934,0,-82.27591740152424
geometry_control,65,63,21,50,1.3689541956154991,927.9067815830806,17.004616247808336,0.49637571022698446,0.6252718267934,0,-96.38323289275093
geometry_control,65,64,21,56,1.4602990105821476,1115.4470658349198,-31.227307735326686,0.5243796144461664,0.6252718267934,0,-58.87556131378552
geometry_control,65,65,21,57,1.4114368663791956,962.9604739182076,-62.00346337268165,0.5267627007989882,0.6252718267934,0,-79.89787016791979
geometry_control,65,66,22,51,1.4136379006954665,1092.314606436416,-9.24230822508198,0.44368342439775055,0.6252718267934,0,-64.42316753589873
geometry_control,65,67,22,57,1.369302900501576,991.6577366183242,-25.490105229686606,0.502184931105056,0.6252718267934,0,-110.4734881337846
geometry_control,65,68,22,58,1.412042226843043,1026.1136914182732,-11.338842602910965,0.5162217155421741,0.6252718267934,0,-66.21232772603281
geometry_control,65,69,23,52,1.4264893886346734,1033.502718616763,-30.86157648009697,0.4736537413972469,0.6252718267934,0,-12.819472384975079
geometry_control,65,70,23,58,1.4644458410832273,892.6220586665489,-23.761946036394114,0.5341059666226229,0.6252718267934,0,-62.182809885844335
geometry_control,65,71,23,59,1.4673312561948402,932.019861278333,-21.321125991764625,0.4508025027280627,0.6252718267934,0,-30.78778007199088
geometry_control,65,72,24,59,1.4711923856501437,827.7973589325651,-37.41779702336072,0.4587398078175548,0.6252718267934,0,9.702146287581193
geometry_control,65,73,24,60,1.4545224991795536,1057.6146657896027,-26.960281980886784,0.5175083835446032,0.6252718267934,0,35.21910719960156
geometry_control,65,74,24,65,1.3175206748177444,-302.10026760763685,-125.93197991974053,0.4065887561064532,0.6252718267934,0,-56.82327935957316
geometry_control,65,75,25,54,1.4214568553458007,1201.0496772187191,-0.27132269615143084,0.6508427190633641,0.6252718267934,1,58.95827129386678
geometry_control,65,76,25,60,1.3929200767497565,1002.4340693762597,-32.4137971767504,0.49329903263143116,0.6252718267934,0,34.40797220351349
geometry_control,65,77,25,61,1.3869632124476805,875.6666574393352,-1.3074520588007894,0.4435699227019897,0.6252718267934,0,-53.25448371301515
geometry_control,65,78,26,55,1.4545589739018574,1079.326830049742,-38.35732745205336,0.4254508983140823,0.6252718267934,0,-11.323760255250399
geometry_control,65,79,26,61,1.4405037326233319,1114.852561706314,-11.2541317931874,0.44974247662277256,0.6252718267934,0,-60.56492215321205
geometry_control,65,80,26,62,1.3730997061111108,1033.0650033911638,-17.749340489971726,0.45374330220410874,0.6252718267934,0,-59.6844129798696
geometry_control,65,81,27,56,1.4460717280646853,998.8814650784017,-36.34257881711718,0.4979878018338439,0.6252718267934,0,-5.988656784296715
geometry_control,65,82,27,62,1.4606821127335028,855.762798319791,-35.819147993755806,0.4441445001081668,0.6252718267934,0,-18.58101515142226
geometry_control,65,83,27,63,1.3824479345777976,971.804395746723,-39.713527897707095,0.5302950038152769,0.6252718267934,0,45.74390655950901
geometry_control,65,84,28,57,1.379283360724125,1049.9859595715534,-29.46776879788484,0.5774713669002027,0.6252718267934,0,-75.79608050383331
geometry_control,65,85,28,63,1.4977944743411533,1091.68020888911,-19.602843742120157,0.6073954825288141,0.6252718267934,0,-61.27494624318876
geometry_control,65,86,28,64,1.372963519103916,795.4618944377681,-84.40365548558312,0.5345705205620384,0.6252718267934,0,-123.49976145403957
geometry_control,65,87,29,58,1.4202438933528996,1148.1908573167934,-53.035956576198934,0.5138369278513051,0.6252718267934,0,-71.33600868005252
geometry_control,65,88,29,64,1.3789693128419653,1013.2153076191157,-30.563525043015204,0.45689929707602267,0.6252718267934,0,-101.49792159278765
geometry_control,65,89,29,65,1.5077180862249586,384.51812238787716,-50.76285062255183,0.3783824122456434,0.6252718267934,0,-68.10999812585496
geometry_control,65,90,30,65,1.398430227951114,1009.5638566031311,-37.01070587110773,0.44668361626522735,0.6252718267934,0,-41.07682268580231
geometry_control,65,91,30,66,1.4046977137579169,1145.5201298305458,-42.94564983520344,0.5737614241025191,0.6252718267934,0,-65.23823093050505
geometry_control,65,92,30,71,1.4611375605078698,981.5564989279633,-42.67186166369255,0.50968666844587,0.6252718267934,0,-48.62980960110444
geometry_control,65,93,31,60,1.5260215966255175,328.2284272320978,-12.786386534539597,0.5183616686800272,0.6252718267934,0,-42.11693327150059
geometry_control,65,94,31,66,1.4375601800557152,1004.0711461882465,-14.015748656247219,0.534519849079169,0.6252718267934,0,-33.18678980018806
geometry_control,65,95,31,67,1.465626230067246,954.3822457793551,-14.615749685840747,0.5327285296713389,0.6252718267934,0,9.44819360901532
geometry_control,65,96,32,61,1.401891534443726,1191.218433745521,14.592735452739644,0.4457515670023852,0.6252718267934,0,-35.00653155547372
geometry_control,65,97,32,67,1.4161382827834514,1071.0844155124469,14.642539015528353,0.5098475379231383,0.6252718267934,0,-17.34466915208909
geometry_control,65,98,32,68,1.5148292445263376,499.6450960941116,-43.81751611679346,0.5745242960890877,0.6252718267934,0,-37.68842686774203
geometry_control,65,99,33,62,1.4192784754096361,1067.282999501438,-67.03676135065481,0.39524361299289595,0.6252718267934,0,-52.51152411503533
geometry_control,65,100,33,68,1.391084458487832,996.9370676650615,-27.081212156773468,0.5200155164982623,0.6252718267934,0,13.219534125923069
geometry_control,65,101,33,69,1.3475596008043589,217.8418574215496,-82.72201953954085,0.5117007020366481,0.6252718267934,0,-8.928732024079771
geometry_control,65,102,34,63,1.5602966323152094,-433.8095007508082,-62.71353575611827,0.5111070918590623,0.6252718267934,0,6.045491603290969
geometry_control,65,103,34,69,1.4667022593355685,916.8818125489742,-3.3507341524606633,0.5414136771957043,0.6252718267934,0,89.88120097744044
geometry_control,65,104,34,70,1.414855391344323,1193.1820209988334,-67.23280716775639,0.4766715328055047,0.6252718267934,0,-19.198665687489708
geometry_control,65,105,35,64,1.4839054222554193,778.2895483471063,-36.79438144662537,0.6207809604024213,0.6252718267934,0,-23.007158780838157
geometry_control,65,106,35,70,1.413627303541222,1432.4735714501455,-49.57025656940315,0.6591703633156392,0.6252718267934,1,-13.334861255265189
geometry_control,65,107,35,71,1.4319571212437552,1164.7656987203916,-44.824802911019546,0.6052671277526845,0.6252718267934,0,-13.484081399041248
geometry_control,87,0,0,36,1.3676056508713499,856.3514717137974,11.551709060626216,0.41348686241561405,0.6266129730571548,0,-136.96960835169472
geometry_control,87,1,0,41,1.4257492259192899,1083.5903519777264,22.41688005149835,0.3525642848370035,0.6266129730571548,0,-101.3224449486077
geometry_control,87,2,0,71,1.3339262991076744,327.38724565996023,47.78814942728243,0.44118490867786947,0.6266129730571548,0,-164.18239261680978
geometry_control,87,3,1,36,1.4110429873589032,1104.9177408747796,-16.600938295905323,0.6691256002942899,0.6266129730571548,1,-54.04430871307463
geometry_control,87,4,1,37,1.477549198024956,840.5798750100524,-14.635277058450171,0.6586600730312904,0.6266129730571548,1,-43.73380848512534
geometry_control,87,5,1,66,1.4189209202942137,1419.747208833935,-27.031611936669563,0.7773225591381234,0.6266129730571548,1,-63.33012349915417
geometry_control,87,6,2,37,1.4407934995457314,1059.9103930994095,-44.065199710025425,0.49031190262621693,0.6266129730571548,0,-22.609170468222416
geometry_control,87,7,2,38,1.4493368938337616,991.2879729468118,-31.63800307250958,0.5222953827350313,0.6266129730571548,0,-26.049549812969403
geometry_control,87,8,2,67,1.3761539358405541,901.2565884758214,-10.54278933562869,0.5897763672810659,0.6266129730571548,0,-58.606251091037805
geometry_control,87,9,3,38,1.4119615439412072,978.0986151586546,-15.839719723187404,0.5115524643316968,0.6266129730571548,0,-48.46549765850191
geometry_control,87,10,3,39,1.4094291914800903,1118.9839947268686,-8.353083867428277,0.45461874615125664,0.6266129730571548,0,-89.17712653586449
geometry_control,87,11,3,68,1.471197783504387,940.7647579835545,-26.050606543743623,0.7715516950524688,0.6266129730571548,1,-14.435587543616066
geometry_control,87,12,4,39,1.4622780672995155,839.1184510572242,-28.25727672565961,0.4283294964507002,0.6266129730571548,0,-74.7411770501952
geometry_control,87,13,4,40,1.3738097124560567,780.5540241726399,-55.215170584699244,0.44191278078369106,0.6266129730571548,0,-99.57418670493327
geometry_control,87,14,4,69,1.4557074927983815,993.2035788011522,-37.997684827971156,0.456233744076734,0.6266129730571548,0,-59.167183816061666
geometry_control,87,15,5,40,1.4670615910998215,1405.9830929643765,-21.057455929330672,0.4698261334153272,0.6266129730571548,0,-50.43101803389437
geometry_control,87,16,5,41,1.3712875950607852,883.9309899161063,-15.518530244553949,0.43073603683835093,0.6266129730571548,0,-91.11051567791071
geometry_control,87,17,5,70,1.457947802531317,1049.802229075314,6.941194807696772,0.513771277284017,0.6266129730571548,0,-42.34242973713076
geometry_control,87,18,6,41,1.4738740678976952,783.591714284627,-38.17013246041066,0.5227737590858939,0.6266129730571548,0,-21.125240788192215
geometry_control,87,19,6,42,1.4608151004685,1008.1425534786297,-4.768001777989066,0.6391213360337242,0.6266129730571548,1,33.727030358127664
geometry_control,87,20,6,47,1.4626965000014402,1190.120608243619,-36.52198809731495,0.624573040587501,0.6266129730571548,0,-31.441288016141595
geometry_control,87,21,7,36,1.3845442131715606,957.0208121832495,-3.918705879927634,0.45230808185185545,0.6266129730571548,0,-50.119274826470544
geometry_control,87,22,7,42,1.3775834015847999,864.7646315159075,-34.352183491637845,0.5077330812210754,0.6266129730571548,0,-64.73757947879528
geometry_control,87,23,7,43,1.506900677466636,556.0292424430272,1.4298928423799804,0.5714377964484627,0.6266129730571548,0,-67.1254888417033
geometry_control,87,24,8,37,1.4534420954300336,993.5052603026281,-23.206897840879467,0.47073602939041276,0.6266129730571548,0,-34.8587902639579
geometry_control,87,25,8,43,1.4212420212357686,1163.7346988999534,-9.401923449621313,0.6003312712500195,0.6266129730571548,0,-41.69617734952657
geometry_control,87,26,8,44,1.3893984479940906,916.8514667689683,-28.777382348340172,0.47126253894395276,0.6266129730571548,0,-66.67948532064653
geometry_control,87,27,9,38,1.4011935797530486,1294.0275434952982,4.940136509678367,0.5539883636686198,0.6266129730571548,0,-69.98595728506774
geometry_control,87,28,9,44,1.4235564781130146,1038.1573884460763,-34.80644744604292,0.5225313931133454,0.6266129730571548,0,-68.57644726935345
geometry_control,87,29,9,45,1.4649057848561882,1023.184651984953,-38.43493467488271,0.4554243782291776,0.6266129730571548,0,-58.269172627318085
geometry_control,87,30,10,39,1.4846562309528195,555.1021519474332,-81.17278533867166,0.4242027201345343,0.6266129730571548,0,-72.84490163346283
geometry_control,87,31,10,45,1.3124207731305897,-351.9940545310478,-144.83790645497024,0.3825724528755322,0.6266129730571548,0,-144.917459866253
geometry_control,87,32,10,46,1.3622249107774889,614.1213597578819,-82.30512653502653,0.5864774392896721,0.6266129730571548,0,-121.71857370283297
geometry_control,87,33,11,40,1.3865241578003549,1243.972446787178,-44.62531250947413,0.7678143321535496,0.6266129730571548,1,-21.94253165316918
geometry_control,87,34,11,46,1.4553593526262998,1420.6054685968734,-0.0083985990475266,0.9165057669756964,0.6266129730571548,1,8.940398277138726
geometry_control,87,35,11,47,1.4155227999913744,1227.9454007476133,-47.856711192260114,0.8305235170781804,0.6266129730571548,1,3.5223852203826596
geometry_control,87,36,12,47,1.3996420402550005,1304.8799287306206,26.462860130718955,0.6951022455202436,0.6266129730571548,1,-19.61677797461124
geometry_control,87,37,12,48,1.3657089917376073,870.3405256951024,-24.247698158057112,0.6004243241579811,0.6266129730571548,0,-18.595559213656472
geometry_control,87,38,12,53,1.5380460693438465,1040.959656248883,0.42243916033558526,0.9192120879129358,0.6266129730571548,1,15.01284460291214
geometry_control,87,39,13,42,1.462357812081196,1564.2495200944504,-25.136838715793065,0.7965944191603661,0.6266129730571548,1,49.293660392591775
geometry_control,87,40,13,48,1.4461009675450496,1295.3204582963888,8.537360700195672,0.6873682023518803,0.6266129730571548,1,20.003149408238116
geometry_control,87,41,13,49,1.430861054826249,1146.5222028299854,-13.100641057712512,0.8228593843428543,0.6266129730571548,1,22.96997655160054
geometry_control,87,42,14,43,1.4603777555527169,1264.669938496019,-15.379412779346008,0.6009478111173119,0.6266129730571548,0,21.001456830840027
geometry_control,87,43,14,49,1.4527701995036983,1019.5802353151504,-10.802076077555817,0.5635080610724128,0.6266129730571548,0,37.11501733654548
geometry_control,87,44,14,50,1.3430583377270968,458.5280616971701,-14.530285026110977,0.5028136605516961,0.6266129730571548,0,-58.75116979283878
geometry_control,87,45,15,44,1.3918675649653125,1160.9898897288747,4.350935694561568,0.6363286808583071,0.6266129730571548,1,-41.42005299417727
geometry_control,87,46,15,50,1.467745393793857,1062.3973456920291,-31.31134830531341,0.6672632625987579,0.6266129730571548,1,-15.518447150982787
geometry_control,87,47,15,51,1.434333310799874,1136.3452391620092,-46.5041357477989,0.7060589380837317,0.6266129730571548,1,-16.019290408250484
geometry_control,87,48,16,45,1.4543285937440267,990.893930589527,19.724846381817542,0.4036198534047579,0.6266129730571548,0,-71.99888510772323
geometry_control,87,49,16,51,1.511589303080954,481.91809391770533,-11.51436640964993,0.5404571255143502,0.6266129730571548,0,-74.60756905653324
geometry_control,87,50,16,52,1.3693699110016269,756.6624153004383,6.7645385512087906,0.4125054203753773,0.6266129730571548,0,-73.94781449676331
geometry_control,87,51,17,46,1.492496337688496,1171.2731056556397,53.53947793900171,0.7694914183956326,0.6266129730571548,1,-7.364778359114936
geometry_control,87,52,17,52,1.4611812058094016,1264.0778901257565,-8.406635009437426,0.5744719989521122,0.6266129730571548,0,-8.19130000106307
geometry_control,87,53,17,53,1.4322073830760726,1312.3803265371093,-20.386056197060793,0.907619010890809,0.6266129730571548,1,33.10654607724783
geometry_control,87,54,18,53,1.3742515299411462,994.6647443032338,16.49123518027622,1.004087823446405,0.6266129730571548,1,89.57986690495228
geometry_control,87,55,18,54,1.4435241264441347,1546.2641418800933,-50.721006767423276,0.7409457205420189,0.6266129730571548,1,35.564235613835606
geometry_control,87,56,18,59,1.4506459026972989,1343.5234295505454,26.947670012934175,0.844691929185285,0.6266129730571548,1,36.75635468297294
geometry_control,87,57,19,48,1.4151356874045458,1108.8809551869738,-38.812695643879344,0.5519407183637868,0.6266129730571548,0,-4.34492812212072
geometry_control,87,58,19,54,1.501620507918092,797.0817727186673,16.85424007482533,0.6075863792143554,0.6266129730571548,0,-20.389047447208235
geometry_control,87,59,19,55,1.4622154539846681,1244.9181481773096,-36.63100092224435,0.6233799963330491,0.6266129730571548,0,1.86533840376498
geometry_control,87,60,20,49,1.4470983083497728,1413.5782845211934,-2.314476173414119,0.5459744701336746,0.6266129730571548,0,-7.710904792208034
geometry_control,87,61,20,55,1.4348392874094296,1240.0799535940291,-10.395338647470956,0.48192256611196294,0.6266129730571548,0,-20.819641141620295
geometry_control,87,62,20,56,1.3980298678995853,1287.017436671292,31.767624169893136,0.6425420940263438,0.6266129730571548,1,-6.859581520727367
geometry_control,87,63,21,50,1.480038198412267,821.0255087882848,-28.92891261275864,0.5320746155275167,0.6266129730571548,0,-32.42715793469736
geometry_control,87,64,21,56,1.406470147800349,1171.2131099808355,1.9385921198991074,0.6893366399409024,0.6266129730571548,1,9.109738072646401
geometry_control,87,65,21,57,1.4513493970900073,1097.8044128632828,-0.1631447520409092,0.5419547076422322,0.6266129730571548,0,-65.93485062126425
geometry_control,87,66,22,51,1.304118562534494,-654.5065711186146,-172.55266614020675,0.5190236095949824,0.6266129730571548,0,-87.34518453133845
geometry_control,87,67,22,57,1.4325845952428513,899.8146179321329,-2.0147860088662735,0.49010802622472416,0.6266129730571548,0,-17.059798409452586
geometry_control,87,68,22,58,1.351405525092858,471.4719980681541,-18.44766389533992,0.4639159146805366,0.6266129730571548,0,-70.45840575945093
geometry_control,87,69,23,52,1.3966764378722314,1117.777795781999,-5.522817240222578,0.3841566819517705,0.6266129730571548,0,-34.5681583205273
geometry_control,87,70,23,58,1.538821244205001,168.00816071776748,-81.53176339223448,0.4570006921762977,0.6266129730571548,0,-100.21422144256766
geometry_control,87,71,23,59,1.4943554870222482,991.182273889154,-12.188518868768414,0.5579077996293472,0.6266129730571548,0,-26.10011191683726
geometry_control,87,72,24,59,1.3511986435958705,949.0792330404724,35.17076965009923,0.6132973571452622,0.6266129730571548,0,-49.78765196491324
geometry_control,87,73,24,60,1.4450824295020779,1120.946420139528,36.01256835636291,0.6714588025567072,0.6266129730571548,1,12.720052514084642
geometry_control,87,74,24,65,1.4546553701221627,1188.7243310787455,26.004705230691137,0.5667783566503399,0.6266129730571548,0,7.487937342519899
geometry_control,87,75,25,54,1.3800260859345534,999.396565700333,4.415871153972343,0.48354802641017325,0.6266129730571548,0,-72.43798317666172
geometry_control,87,76,25,60,1.5257754507360446,141.85691982961313,-20.116449509847595,0.6454556804648843,0.6266129730571548,1,-36.015401150926806
geometry_control,87,77,25,61,1.4323922582098096,1065.62097103801,-3.3617999343481513,0.5397001218902063,0.6266129730571548,0,-15.135141722828592
geometry_control,87,78,26,55,1.4313492214582324,987.0151571011666,-49.72566957776164,0.5464089503338464,0.6266129730571548,0,-24.037580662464396
geometry_control,87,79,26,61,1.4191169193758841,1074.4911161274379,-35.9700573511174,0.5867674286951858,0.6266129730571548,0,-44.06153707957749
geometry_control,87,80,26,62,1.4246237166926345,1150.9140532346598,-52.24984249365784,0.5921885003923245,0.6266129730571548,0,-8.132903054538545
geometry_control,87,81,27,56,1.4147547213509504,921.7020989395066,-3.9603916755872532,0.6991204695341302,0.6266129730571548,1,10.939551140796183
geometry_control,87,82,27,62,1.4156506977505219,1005.4669469259217,4.0018128145434675,0.5842804916782276,0.6266129730571548,0,-66.93640283739916
geometry_control,87,83,27,63,1.47643642237516,873.1698263476567,-22.46427949607494,0.48968391235794706,0.6266129730571548,0,-70.32099978047727
geometry_control,87,84,28,57,1.4374450544790984,1006.3538216935885,-1.9692006328860507,0.5947794314313922,0.6266129730571548,0,-39.75703905466964
geometry_control,87,85,28,63,1.427857474851477,1168.8518292083902,19.176392643928555,0.5327248065538794,0.6266129730571548,0,-52.741336442882826
geometry_control,87,86,28,64,1.351370440619685,491.3363220510378,-7.941185048565838,0.6611365650823502,0.6266129730571548,1,-92.27177212067616
geometry_control,87,87,29,58,1.3905887970053608,1003.2696995199395,-53.91327004072631,0.49561997739040614,0.6266129730571548,0,12.363352967788764
geometry_control,87,88,29,64,1.3387085669800558,246.51216174344975,-11.637193298941577,0.5881692225855517,0.6266129730571548,0,-49.01045122741327
geometry_control,87,89,29,65,1.4033558024208292,1008.9501805063463,9.671338936006103,0.5500080843485334,0.6266129730571548,0,3.0620931141414047
geometry_control,87,90,30,65,1.4643338105796446,927.7906983945603,-34.76376505163658,0.5086558549216873,0.6266129730571548,0,-87.98539457827955
geometry_control,87,91,30,66,1.3840306447836694,877.4391977586818,-42.05096086461503,0.5577811622058743,0.6266129730571548,0,-123.21539508459948
geometry_control,87,92,30,71,1.3887446216603396,910.6992131662689,-10.318427150636394,0.4772822496242961,0.6266129730571548,0,-158.21010082583805
geometry_control,87,93,31,60,1.3704026547479773,1137.2924453830535,-7.006194636029853,0.6620831286801829,0.6266129730571548,1,-32.28151570021776
geometry_control,87,94,31,66,1.4611229673749808,938.4901463641775,-19.779467034381227,0.6065279900580026,0.6266129730571548,0,-29.507939051213754
geometry_control,87,95,31,67,1.4261998788561028,1103.088133772173,-25.343479668803475,0.5873299686060185,0.6266129730571548,0,-30.572249498660263
geometry_control,87,96,32,61,1.3834886069848509,844.9551455062975,-42.36274067508477,0.7376924027560692,0.6266129730571548,1,-44.478548973032034
geometry_control,87,97,32,67,1.403887979546066,1077.4020838674896,-17.058388539683115,0.7686948012565828,0.6266129730571548,1,-31.373411664124674
geometry_control,87,98,32,68,1.4029705444617766,1131.524289683714,-49.89009618433996,0.9612130474313203,0.6266129730571548,1,27.598652566907617
geometry_control,87,99,33,62,1.5182578937935352,297.5498636215731,-70.34586678413665,0.6559918009112883,0.6266129730571548,1,-55.609633494384155
geometry_control,87,100,33,68,1.411302100465413,1186.2737922052088,-13.613673949778596,0.8740913738894006,0.6266129730571548,1,-42.470130416771646
geometry_control,87,101,33,69,1.4444121611652234,1173.3873167875165,-45.20868696840593,0.5850626726142223,0.6266129730571548,0,-49.86840582371147
geometry_control,87,102,34,63,1.395341019768232,1081.3005825075873,0.707697163032664,0.4260503317133737,0.6266129730571548,0,-60.897328968940116
geometry_control,87,103,34,69,1.4204610811438707,1056.897857511411,-7.122742743290674,0.44971778273658825,0.6266129730571548,0,-45.497390782178776
geometry_control,87,104,34,70,1.3794986411913712,949.229607634677,-14.000729744992448,0.4793419633122351,0.6266129730571548,0,-43.09667817297024
geometry_control,87,105,35,64,1.5126237297240805,581.7911754314575,-92.81601803960355,0.6835162148669589,0.6266129730571548,1,-37.874010418481554
geometry_control,87,106,35,70,1.474783178548835,966.5723380179443,-18.94219817871089,0.6083960879373496,0.6266129730571548,0,-12.21979172924074
geometry_control,87,107,35,71,1.4561092613033069,856.2372672620869,-48.33679132598259,0.6139814713325494,0.6266129730571548,0,-7.562459034511768
geometry_control,272,0,0,36,1.4766867076248007,866.5590683567859,-23.551183161170023,0.5594154190114258,0.6244464602563813,0,2.176826462383282
geometry_control,272,1,0,41,1.462651921041856,759.0523425860649,21.202625477440808,0.4286244146587807,0.6244464602563813,0,-51.741908726172014
geometry_control,272,2,0,71,1.4586504185074207,896.5548293633465,-6.8799270054122985,0.45085987250907295,0.6244464602563813,0,-37.48746366307259
geometry_control,272,3,1,36,1.3644063362164927,316.3837198043096,9.001102259660364,0.6179602348619699,0.6244464602563813,0,-13.992412294918317
geometry_control,272,4,1,37,1.3618611546599386,525.1065000249624,42.877170914787264,0.6469768841781711,0.6244464602563813,1,35.095175479623585
geometry_control,272,5,1,66,1.3603401314695862,504.0591499505851,17.802512760620974,0.5005418470603908,0.6244464602563813,0,-27.2766232161349
geometry_control,272,6,2,37,1.493951967153799,518.6805779648589,-20.231977924760177,0.5409890434221172,0.6244464602563813,0,-26.47144966450915
geometry_control,272,7,2,38,1.5491541956850376,-318.63662123657167,-10.058843697040144,0.6203844361193889,0.6244464602563813,0,-28.447052213631252
geometry_control,272,8,2,67,1.38526827942146,830.9273839552833,23.240960989408826,0.4829888762317642,0.6244464602563813,0,10.42390486054446
geometry_control,272,9,3,38,1.4032111019427984,1064.6905722857523,36.478397454598294,0.7325757860089805,0.6244464602563813,1,-20.102786712038366
geometry_control,272,10,3,39,1.402975172531453,861.8275798339087,9.981021388208399,0.561772689678318,0.6244464602563813,0,-81.33207746409255
geometry_control,272,11,3,68,1.4423791672354365,914.7124991585058,13.868901372973374,0.5950255042942343,0.6244464602563813,0,-100.15222115164502
geometry_control,272,12,4,39,1.4408944264448333,831.9858318386695,-2.2663339509286575,0.591898329125149,0.6244464602563813,0,-29.82557461093824
geometry_control,272,13,4,40,1.4187015004453882,899.1079513667249,-21.13252136020849,0.5620012963494865,0.6244464602563813,0,-46.54249068223706
geometry_control,272,14,4,69,1.384312587588118,863.1157519510515,-30.0403242075827,0.6086289259507747,0.6244464602563813,0,-41.21361145164401
geometry_control,272,15,5,40,1.49026927874541,668.7319212302292,-10.19203663254696,0.39878706356909566,0.6244464602563813,0,-118.38714081049383
geometry_control,272,16,5,41,1.372974195950072,577.2077589362534,-15.271321742531164,0.36028414630930283,0.6244464602563813,0,-137.57982912693458
geometry_control,272,17,5,70,1.3872883397074307,1007.5230198630998,-17.12579629232878,0.39662986031332453,0.6244464602563813,0,-109.2040021660799
geometry_control,272,18,6,41,1.3477299219224605,263.7232140844418,11.82235657329106,0.3131416667618995,0.6244464602563813,0,-122.04340006285673
geometry_control,272,19,6,42,1.389902901005301,992.546326815114,39.690635361368315,0.3764678075153086,0.6244464602563813,0,-89.11449239860212
geometry_control,272,20,6,47,1.551763549968447,-350.77091216632186,-97.22202731485157,0.35362310459335417,0.6244464602563813,0,-120.14315248540322
geometry_control,272,21,7,36,1.433784347960974,963.630338750189,-18.679657070450535,0.7364494793962227,0.6244464602563813,1,-51.040589526461986
geometry_control,272,22,7,42,1.4503332379724438,1115.2680694597939,30.965838557498486,0.6689846157969869,0.6244464602563813,1,-2.7227997485103472
geometry_control,272,23,7,43,1.4239893224496025,995.4341731521419,-22.038888012307062,0.705253666653648,0.6244464602563813,1,3.3358142809849127
geometry_control,272,24,8,37,1.457107097895644,789.1288950510882,-30.17019053392984,0.5956955946471398,0.6244464602563813,0,-100.65171966891828
geometry_control,272,25,8,43,1.338532222971929,148.0006897196916,-27.69930322910368,0.5354831325883639,0.6244464602563813,0,-114.27612664359242
geometry_control,272,26,8,44,1.403193470375803,954.7779108556326,32.09156155176623,0.5585267312370258,0.6244464602563813,0,-69.46234316917258
geometry_control,272,27,9,38,1.4788021131006228,873.3510527098867,-6.180313901912774,0.7698315473161033,0.6244464602563813,1,10.562516030361031
geometry_control,272,28,9,44,1.4186879561815673,1016.537249018189,19.767737567518786,0.6532672912087174,0.6244464602563813,1,-20.379804349549865
geometry_control,272,29,9,45,1.3756702140951726,906.186531967943,29.630147177023566,0.6213177935829584,0.6244464602563813,0,-60.525245172918616
geometry_control,272,30,10,39,1.346076787489453,393.7925402780634,15.453158177577496,0.5158955083751537,0.6244464602563813,0,-114.95515191254859
geometry_control,272,31,10,45,1.4390088006094772,1033.179797491034,-1.9767579273366407,0.5381848509726715,0.6244464602563813,0,-70.29743140929632
geometry_control,272,32,10,46,1.4414331395645763,916.9830727868548,-11.541742986086724,0.5176872665858623,0.6244464602563813,0,-31.569947680843537
geometry_control,272,33,11,40,1.3856876293032672,724.9571923787777,-37.276717701357775,0.5880323463584319,0.6244464602563813,0,-56.32860934658119
geometry_control,272,34,11,46,1.4371140951821166,1071.928327634883,2.121826055840159,0.619721137344803,0.6244464602563813,0,-24.986828235530083
geometry_control,272,35,11,47,1.385972130537111,1088.171929530239,21.026505880046066,0.5900108669300937,0.6244464602563813,0,13.714742131511564
geometry_control,272,36,12,47,1.3243803896935384,-11.580256807252166,-38.540819248410166,0.42681347040250905,0.6244464602563813,0,-135.6900527488296
geometry_control,272,37,12,48,1.4148592788738539,1081.4203957521966,18.5658882972177,0.46791013345752397,0.6244464602563813,0,-66.88451760478623
geometry_control,272,38,12,53,1.534564704014107,-67.08279813610257,-59.12298170357487,0.4491844736810118,0.6244464602563813,0,-50.84304424240572
geometry_control,272,39,13,42,1.4850817981726074,714.2657508591417,-37.57407226187454,0.5996720855740371,0.6244464602563813,0,21.441513081059163
geometry_control,272,40,13,48,1.477774043800502,828.8481637750284,25.303960884500203,0.6179240457070976,0.6244464602563813,0,10.366709543852416
geometry_control,272,41,13,49,1.4849809858129632,720.8525383476655,-22.036843087774365,0.8170193245540825,0.6244464602563813,1,81.60512292049759
geometry_control,272,42,14,43,1.4054046136215852,891.60257676695,-8.481251421919325,0.5348619604579842,0.6244464602563813,0,-102.0037638537195
geometry_control,272,43,14,49,1.387308218671589,983.2860486221878,-2.998211310961004,0.7159401485813686,0.6244464602563813,1,14.4013488140492
geometry_control,272,44,14,50,1.3800698352592329,774.0302553550191,17.089959600601777,0.48843034178755507,0.6244464602563813,0,-83.98043923280213
geometry_control,272,45,15,44,1.4509657780127374,945.4888590274957,18.548855352337345,0.5923723937618703,0.6244464602563813,0,-39.13548500624085
geometry_control,272,46,15,50,1.4103893409056214,947.932711517409,4.4512953831597235,0.5228971764427793,0.6244464602563813,0,-73.40347049648102
geometry_control,272,47,15,51,1.415163566132608,842.5328686644522,-12.372320322078732,0.4798988133598605,0.6244464602563813,0,-86.0261434707119
geometry_control,272,48,16,45,1.4553410877107664,895.2412931211046,-8.700669305858936,0.5681019051108185,0.6244464602563813,0,-55.730747710689336
geometry_control,272,49,16,51,1.478147050396681,666.2354371548261,-27.69404679835989,0.4875778223345677,0.6244464602563813,0,-86.9119626428352
geometry_control,272,50,16,52,1.338875705760634,269.43052889976906,1.4955447010425102,0.5427874802654855,0.6244464602563813,0,-108.77549114225812
geometry_control,272,51,17,46,1.4779844641800706,825.5540478878204,0.33877180860135414,0.6688607816422985,0.6244464602563813,1,-22.416340947251737
geometry_control,272,52,17,52,1.4284121325737922,808.1338690171788,14.274379127142296,0.6640439411837746,0.6244464602563813,1,-3.1856089934769827
geometry_control,272,53,17,53,1.5076829518003587,457.89343290885273,-0.44034639871798686,0.6615215145060919,0.6244464602563813,1,-8.944965108171196
geometry_control,272,54,18,53,1.3915936892307803,690.1440228943022,-36.259035750943234,0.48820380465698254,0.6244464602563813,0,29.170027490864875
geometry_control,272,55,18,54,1.394643313107746,737.0561182386606,-4.018534233632251,0.5190940199578787,0.6244464602563813,0,-87.02573951890159
geometry_control,272,56,18,59,1.3586227970904872,462.3374060724527,13.510267778849984,0.4578821436095396,0.6244464602563813,0,-123.29380650703268
geometry_control,272,57,19,48,1.3976960556860405,1080.966346465887,39.77078728532721,0.5314889526629079,0.6244464602563813,0,-48.30180433422277
geometry_control,272,58,19,54,1.4239075116319166,1157.300105326585,26.247101331531713,0.543653508187292,0.6244464602563813,0,-62.55993315554408
geometry_control,272,59,19,55,1.4400350590993476,1027.232845298044,-4.834651629505443,0.4740380658415957,0.6244464602563813,0,-69.85294215118842
geometry_control,272,60,20,49,1.4482786101286846,1052.1114672557367,30.653352740870396,0.7579784638596025,0.6244464602563813,1,2.496390276096271
geometry_control,272,61,20,55,1.442694036782343,914.118779416273,-1.0917922873054253,0.5014322981913053,0.6244464602563813,0,-25.77699458919146
geometry_control,272,62,20,56,1.4642188229377462,992.1891356100907,20.190779582700273,0.5598796109402591,0.6244464602563813,0,7.528631079476106
geometry_control,272,63,21,50,1.4696635184766897,683.129929349603,21.40635508499751,0.6152153159118696,0.6244464602563813,0,-39.869070658317185
geometry_control,272,64,21,56,1.4854727850361757,617.1279597625501,4.399748963531993,0.6446262697863396,0.6244464602563813,1,4.033437105384522
geometry_control,272,65,21,57,1.4539879598120944,1014.5080163180716,2.1016910243217035,0.6310089186694425,0.6244464602563813,1,-15.18922285695708
geometry_control,272,66,22,51,1.3729434134323442,646.2280807099254,-16.894665972853357,0.3315654327633244,0.6244464602563813,0,-86.31264176247186
geometry_control,272,67,22,57,1.5679932541893589,-778.7612119765264,-70.18414987572615,0.39035739860381613,0.6244464602563813,0,-79.25677788383119
geometry_control,272,68,22,58,1.38302118373268,730.5825040829587,-12.561941708612347,0.35583442192780623,0.6244464602563813,0,-130.9422599232244
geometry_control,272,69,23,52,1.391189939517858,836.9499846549478,-24.720266265623884,0.48404914935283394,0.6244464602563813,0,-84.26451958467905
geometry_control,272,70,23,58,1.4192921902412998,990.7824704625614,-32.36151806578105,0.45310848058639785,0.6244464602563813,0,-115.35223024979928
geometry_control,272,71,23,59,1.4597590797694635,921.7977681407012,-34.79946125058334,0.45120506162770824,0.6244464602563813,0,-141.5013360144826
geometry_control,272,72,24,59,1.365370790663242,544.0061538352303,-45.18189005687912,0.45621530888011563,0.6244464602563813,0,-126.25628503897104
geometry_control,272,73,24,60,1.4179637344998497,884.8118800683078,1.0638298514514342,0.5023129668606873,0.6244464602563813,0,-90.21412054447381
geometry_control,272,74,24,65,1.36922978134322,556.1443391159602,-23.797555459504174,0.5453862580279074,0.6244464602563813,0,-56.00336986336607
geometry_control,272,75,25,54,1.3952894014603732,898.9145004397475,2.7960471715752657,0.5521219250433435,0.6244464602563813,0,-96.46150886306259
geometry_control,272,76,25,60,1.4210088577294262,891.3570388532725,-1.7814680503563836,0.5370077066755761,0.6244464602563813,0,-89.84246511744252
geometry_control,272,77,25,61,1.411259329516806,864.8458634128027,17.9231738779759,0.6425580109514599,0.6244464602563813,1,-80.01806781742582
geometry_control,272,78,26,55,1.3453568607620479,358.2080391766697,-31.60447331843,0.5908910152716897,0.6244464602563813,0,-93.58328452687485
geometry_control,272,79,26,61,1.4699745602948722,1196.4439455656786,-12.70861630562115,0.7509425435255024,0.6244464602563813,1,-64.85717278024521
geometry_control,272,80,26,62,1.4579003484252144,966.7377771876678,1.7874173721925246,0.7181579781436835,0.6244464602563813,1,-56.29729114676924
geometry_control,272,81,27,56,1.3337586425438286,182.99816918658223,-23.379765241738987,0.4606122925121835,0.6244464602563813,0,-111.94780987632608
geometry_control,272,82,27,62,1.4035874269051787,907.5516552241427,8.456036578467524,0.5294319426352236,0.6244464602563813,0,-78.90370351797075
geometry_control,272,83,27,63,1.4762188857051446,785.5028282406038,-5.217881792733813,0.4676148455090702,0.6244464602563813,0,-90.60693414847343
geometry_control,272,84,28,57,1.4357755617954269,820.7181263633116,8.744315136101994,0.48907664408257845,0.6244464602563813,0,84.85676170914957
geometry_control,272,85,28,63,1.3499044339325905,479.9341155354061,11.827392766527247,0.5096965481963622,0.6244464602563813,0,-71.21620701176276
geometry_control,272,86,28,64,1.421627486482463,1091.5681932318066,11.106715283690287,0.6219659760245154,0.6244464602563813,0,14.484645067228875
geometry_control,272,87,29,58,1.5045118114186533,382.3627784580263,-34.45615036674011,0.42064933871155463,0.6244464602563813,0,-81.19713534039445
geometry_control,272,88,29,64,1.3839240027024111,1009.8514511380827,-12.742265134069946,0.5880616473295015,0.6244464602563813,0,-33.966251815213546
geometry_control,272,89,29,65,1.4539765386392123,942.6788709668175,-36.325264576065706,0.5079168689006568,0.6244464602563813,0,-64.1874614337064
geometry_control,272,90,30,65,1.5042504418341427,396.97527995575786,0.5820996710071413,0.5343842692356813,0.6244464602563813,0,-72.97329077755515
geometry_control,272,91,30,66,1.4138807909858728,1327.6680152854713,-17.920111387718133,0.42605515657644083,0.6244464602563813,0,-132.72613074958264
geometry_control,272,92,30,71,1.355870100229959,332.5390738359747,-18.027682655962327,0.4349179978756672,0.6244464602563813,0,-98.93255172953161
geometry_control,272,93,31,60,1.4000056889859762,1064.846515073289,-2.372195487625933,0.47725230201758984,0.6244464602563813,0,-104.48012786872945
geometry_control,272,94,31,66,1.4742061863240825,849.8412194347964,17.66826702523796,0.4119964805255696,0.6244464602563813,0,-113.72444271063466
geometry_control,272,95,31,67,1.4263174698451468,815.7349638010438,5.649798460642171,0.500431350452997,0.6244464602563813,0,-38.33415469929405
geometry_control,272,96,32,61,1.3884939277158599,966.1568811483628,12.449698602390285,0.6513548978684527,0.6244464602563813,1,-88.28959733409323
geometry_control,272,97,32,67,1.3642134435966382,639.9137516377323,-8.512669391527492,0.5689836420279759,0.6244464602563813,0,-96.13760086249502
geometry_control,272,98,32,68,1.4262752838465955,998.2877017083889,-4.994706394388155,0.5688289202008543,0.6244464602563813,0,-108.84181869155435
geometry_control,272,99,33,62,1.3957307147678037,778.1059694247999,-22.019182638919833,0.6540099409265754,0.6244464602563813,1,-78.79552699978314
geometry_control,272,100,33,68,1.355483403622705,499.5696656741202,-16.51527421076062,0.6042685286407958,0.6244464602563813,0,-122.69923092672732
geometry_control,272,101,33,69,1.4331020702380592,887.6174947679202,-46.16083040360837,0.5877463108505052,0.6244464602563813,0,-43.06091046593718
geometry_control,272,102,34,63,1.4199233841777372,990.6970781753301,-5.283570907030744,0.567397440313528,0.6244464602563813,0,-50.666609106189455
geometry_control,272,103,34,69,1.4929114954212035,694.4903875035587,-5.499686027244779,0.5629509073636114,0.6244464602563813,0,-30.037494101272326
geometry_control,272,104,34,70,1.487815870981913,562.9607113908348,-22.650083702781725,0.5141660745065519,0.6244464602563813,0,-10.679328361759943
geometry_control,272,105,35,64,1.4795904948901761,684.4639930814047,-13.652260181071352,0.5835834393943987,0.6244464602563813,0,-12.453729075405406
geometry_control,272,106,35,70,1.4772933388401066,674.4475373163394,-12.312072824165337,0.41808264575926946,0.6244464602563813,0,-40.351080678422846
geometry_control,272,107,35,71,1.3555789982095914,378.6202107837196,12.267203680661224,0.40397238960554,0.6244464602563813,0,-111.97738687914509
geometry_control,216,0,0,36,1.577275804620516,-839.8423938022403,-95.49528422278354,0.4664006611377836,0.630838763552509,0,4.06934198373925
geometry_control,216,1,0,41,1.2890980976895718,-1096.3794444328107,-136.34933781211777,0.4108754335022258,0.630838763552509,0,-117.19204303241979
geometry_control,216,2,0,71,1.4647945168876988,740.9760158163201,55.67899089940272,0.4052630297638775,0.630838763552509,0,54.86451356823109
geometry_control,216,3,1,36,1.4160139612200675,1263.4890779031468,45.10958077896464,0.5529369553090295,0.630838763552509,0,25.87069237238579
geometry_control,216,4,1,37,1.4728761922176914,992.734821739353,50.15070649817527,0.5384996245891912,0.630838763552509,0,-22.738790327591676
geometry_control,216,5,1,66,1.3605362235755984,365.1962797113102,5.600475367742774,0.5724792647629802,0.630838763552509,0,-64.96400188072244
geometry_control,216,6,2,37,1.4592216142594043,1631.0129989876573,156.84831605481818,1.0341583872047904,0.630838763552509,1,66.49768300123729
geometry_control,216,7,2,38,1.507203274900311,1754.587585526474,111.81678824338967,1.269390929399366,0.630838763552509,1,89.76747326450324
geometry_control,216,8,2,67,1.2975200124296349,-1130.4331838700623,82.62375746679227,1.3860887391220431,0.630838763552509,1,17.659857056982744
geometry_control,216,9,3,38,1.4079689039625443,1161.1273819414641,31.523021847476603,0.7158453326212102,0.630838763552509,1,24.612614078436295
geometry_control,216,10,3,39,1.3642450617389035,523.9135032422387,-27.021519579022478,0.48887229459312137,0.630838763552509,0,-29.3127527340712
geometry_control,216,11,3,68,1.414905891413333,893.6114138989215,31.103665758661947,0.4191473477384672,0.630838763552509,0,-53.52664740178614
geometry_control,216,12,4,39,1.4933992160044904,438.5079680769797,6.57324246777051,0.5474258007445192,0.630838763552509,0,-17.050445369700213
geometry_control,216,13,4,40,1.45271493499573,787.6532256382889,24.818570508294087,0.5308070186013305,0.630838763552509,0,-31.809786152333213
geometry_control,216,14,4,69,1.4438505873422611,754.9781969105969,-36.36368060015727,0.5065816033743538,0.630838763552509,0,-27.344500497312858
geometry_control,216,15,5,40,1.3921728906281472,761.4590541770671,52.37223366504684,0.45133739546253815,0.630838763552509,0,-66.68572297307878
geometry_control,216,16,5,41,1.5296114121029891,-100.87201677154378,-32.592726358594426,0.4186087765235206,0.630838763552509,0,-53.29067457694329
geometry_control,216,17,5,70,1.3825808275558156,918.2937930362431,88.831252765606,0.3831126239140899,0.630838763552509,0,-106.32407583808629
geometry_control,216,18,6,41,1.423132327420138,767.6298325397364,35.08031498331136,0.52636778442607,0.630838763552509,0,-31.694396517342472
geometry_control,216,19,6,42,1.4596861848220046,931.2181185528353,21.748718947172726,0.5053924741194941,0.630838763552509,0,-69.6231111397961
geometry_control,216,20,6,47,1.3632141461133056,821.3352464746823,77.82371207676687,0.5259357038135231,0.630838763552509,0,-90.79883405720105
geometry_control,216,21,7,36,1.4422759271323056,906.7576989670569,10.398093897301168,0.573921125544619,0.630838763552509,0,96.55435978511211
geometry_control,216,22,7,42,1.4327698726872296,716.9924439340582,15.686873183570999,0.49742058760248514,0.630838763552509,0,-50.88399222184785
geometry_control,216,23,7,43,1.4034817949738767,1027.3102435695682,12.387948205039256,0.5340773450272283,0.630838763552509,0,-34.224525903953634
geometry_control,216,24,8,37,1.4099219172370374,968.2841053646299,-1.0224270413523793,0.4926118096239319,0.630838763552509,0,-17.360114051446388
geometry_control,216,25,8,43,1.4131269758793508,785.6722123345352,26.360929640762723,0.46720535982637956,0.630838763552509,0,-2.7779277424114497
geometry_control,216,26,8,44,1.4175956529199045,868.7897414145358,39.49065062786259,0.43924716644075323,0.630838763552509,0,-19.81634883061787
geometry_control,216,27,9,38,1.475048152561588,537.2474133741819,38.781360940964554,0.69585263049755,0.630838763552509,1,-20.90060194638255
geometry_control,216,28,9,44,1.4165655470942453,845.9416391621771,35.85762071768303,0.40725544511979567,0.630838763552509,0,-84.15959949897211
geometry_control,216,29,9,45,1.38111574462722,595.264142353272,54.71797167601178,0.3863351026092685,0.630838763552509,0,-86.53245858718704
geometry_control,216,30,10,39,1.4355025600125257,906.9356172048332,-2.9777884808976847,0.5315660324196418,0.630838763552509,0,-24.98323755883287
geometry_control,216,31,10,45,1.4458382570973571,910.4894048304733,6.512919717625548,0.44902154255944926,0.630838763552509,0,-54.53790739289387
geometry_control,216,32,10,46,1.4620664185905463,884.3808319071063,22.853368358728524,0.6005880879521661,0.630838763552509,0,-46.777552860438774
geometry_control,216,33,11,40,1.364940565329184,392.82085977732794,42.48570161739412,0.41042848399735876,0.630838763552509,0,-81.4395932238117
geometry_control,216,34,11,46,1.5165839400327854,245.734543541894,55.48201772544833,0.4960693216730716,0.630838763552509,0,-71.92944987979112
geometry_control,216,35,11,47,1.4296695245009674,976.0301968763195,44.51940482948771,0.3772677844457941,0.630838763552509,0,-97.43257946284882
geometry_control,216,36,12,47,1.4904949728267243,534.9626817387867,11.118749471011471,0.6454103542583267,0.630838763552509,1,-45.25358366148792
geometry_control,216,37,12,48,1.4910748505732245,770.8199136520817,1.4475152442751487,0.7645574487667213,0.630838763552509,1,-48.21080801416995
geometry_control,216,38,12,53,1.322006901781384,-312.4279502795658,-65.39236536360609,0.6453617651266381,0.630838763552509,1,-110.9528569744188
geometry_control,216,39,13,42,1.325010579016772,-203.96961062152107,45.217705446791335,0.38628960455888983,0.630838763552509,0,-130.20730310476256
geometry_control,216,40,13,48,1.4368748353535499,652.6607938216999,6.690907648822394,0.5259799287613133,0.630838763552509,0,-42.49292248335706
geometry_control,216,41,13,49,1.4510873865609957,881.3150819531253,-11.448806181650701,0.3906165131273457,0.630838763552509,0,-117.59344900257072
geometry_control,216,42,14,43,1.5047239444935023,281.6765945474132,-22.93671156864173,0.41837940479568086,0.630838763552509,0,-94.61723629426116
geometry_control,216,43,14,49,1.3408025662448015,146.12416508818825,30.34353560863693,0.3860495559393936,0.630838763552509,0,-149.23537100572082
geometry_control,216,44,14,50,1.3676291269066039,560.4063338569736,40.19013214777076,0.4148383211044334,0.630838763552509,0,-129.47546001209713
geometry_control,216,45,15,44,1.4846075687210625,756.6891692978795,42.60432571458031,0.46633728957320975,0.630838763552509,0,-43.192522373393764
geometry_control,216,46,15,50,1.443658578140514,864.629480152257,51.754706420025734,0.4907543992675887,0.630838763552509,0,-40.579144082254544
geometry_control,216,47,15,51,1.4597757206165831,798.4426675106997,44.639062799231745,0.4306392733381414,0.630838763552509,0,-42.04162306903395
geometry_control,216,48,16,45,1.4401800280397026,894.1940536865804,38.82105474584097,0.4810726291354809,0.630838763552509,0,-55.75205298411443
geometry_control,216,49,16,51,1.3515439945251781,414.5248558679591,70.96213419436387,0.4662949554109397,0.630838763552509,0,-90.65816483942184
geometry_control,216,50,16,52,1.432982620080033,888.302190576909,43.672540078512846,0.5674237707976502,0.630838763552509,0,-41.53125041109902
geometry_control,216,51,17,46,1.3268529852264972,-314.01397328952004,-17.565076963150094,0.6719479104282442,0.630838763552509,1,-89.94905848582087
geometry_control,216,52,17,52,1.3823836321445238,597.7835883954739,51.47255708939613,0.6067325066976966,0.630838763552509,0,-69.05060939427952
geometry_control,216,53,17,53,1.433471233834455,858.6816684704413,5.0512016410591345,0.5530977840692782,0.630838763552509,0,-83.4628500641825
geometry_control,216,54,18,53,1.422064918538509,737.4944391095551,-8.963424721472549,0.551014053774104,0.630838763552509,0,-48.10009326168772
geometry_control,216,55,18,54,1.4122537806525826,865.9325281209959,23.36431311217796,0.6088507485461724,0.630838763552509,0,-13.740159893030963
geometry_control,216,56,18,59,1.42534524428055,747.5765494364807,-0.24743349258398578,0.6025568265842454,0.630838763552509,0,-17.315707104842573
geometry_control,216,57,19,48,1.435249628239922,985.3492203558236,-1.3045490704468552,0.5671969601192487,0.630838763552509,0,-11.681294993458202
geometry_control,216,58,19,54,1.4452460901971826,700.4730483541694,0.9579012193989545,0.505837971251234,0.630838763552509,0,-20.301052432546363
geometry_control,216,59,19,55,1.4081554127934812,801.4502697006095,-14.895789886959443,0.5469147311967795,0.630838763552509,0,1.7224549537268175
geometry_control,216,60,20,49,1.3839126511078235,754.4816704001782,20.444389871443086,0.40198192729754145,0.630838763552509,0,-142.81216497365727
geometry_control,216,61,20,55,1.328730166662616,-101.22588260790432,45.855543375844235,0.5170631140090398,0.630838763552509,0,-76.36764230889067
geometry_control,216,62,20,56,1.4528399698333176,832.4357997994272,30.297128978841208,0.455961218334824,0.630838763552509,0,-86.34022038794997
geometry_control,216,63,21,50,1.4166709885033284,875.5235680171285,27.061596752704045,0.5796192870295751,0.630838763552509,0,-61.94355948807413
geometry_control,216,64,21,56,1.3690798072427395,606.0841500117492,45.303935520534786,0.6048098129018179,0.630838763552509,0,0.5117652090229043
geometry_control,216,65,21,57,1.4201091098930139,852.2187981687028,34.46129679282762,0.5462927350243458,0.630838763552509,0,-11.159471427263362
geometry_control,216,66,22,51,1.411291375937245,896.6099916839185,23.557507073006814,0.35116425678114227,0.630838763552509,0,-93.23272328944572
geometry_control,216,67,22,57,1.3951530858360013,1003.9372096408698,55.053978005911986,0.3779528307053602,0.630838763552509,0,-88.52280454074344
geometry_control,216,68,22,58,1.4666477416369281,676.4756247113678,25.621503880199445,0.3623063215224873,0.630838763552509,0,-71.40753404298616
geometry_control,216,69,23,52,1.4802382019941545,537.0091418321821,18.12009858337832,0.572575978792247,0.630838763552509,0,-29.467618327220684
geometry_control,216,70,23,58,1.363137200322377,512.1729183768825,32.541643440012386,0.4825892281468816,0.630838763552509,0,-74.7956349461806
geometry_control,216,71,23,59,1.4783319680413913,562.4602105543887,7.320011595568284,0.57048402897397,0.630838763552509,0,-17.93434384267579
geometry_control,216,72,24,59,1.4354676406810745,887.2557287997461,36.84084519666038,0.6513927981542811,0.630838763552509,1,-32.41845705613179
geometry_control,216,73,24,60,1.3637752439792865,339.00609133673834,75.11065968586394,0.5743111542033311,0.630838763552509,0,-72.71504400261013
geometry_control,216,74,24,65,1.476967920978945,682.721998091309,46.68746559208185,0.7125826789462266,0.630838763552509,1,-24.442023938569378
geometry_control,216,75,25,54,1.4576118459241731,857.7595820021251,43.90968588372237,0.6119199161007991,0.630838763552509,0,4.644644405768744
geometry_control,216,76,25,60,1.468517326280184,854.6308112724078,44.78434917010288,0.5285443501879222,0.630838763552509,0,-32.19270119729761
geometry_control,216,77,25,61,1.366136215578689,749.2086141865067,74.18284287469803,0.7742894204372213,0.630838763552509,1,-52.09013956777836
geometry_control,216,78,26,55,1.5444050623650332,-38.909810163823444,17.305825415389048,0.5821447106864354,0.630838763552509,0,-50.84910307206753
geometry_control,216,79,26,61,1.3666804110947868,533.0538017272062,95.99135149939517,0.7034374550773121,0.630838763552509,1,15.033880998077109
geometry_control,216,80,26,62,1.4482346183939956,915.4557651915233,29.86769407727215,0.49060111359148906,0.630838763552509,0,6.802385434722154
geometry_control,216,81,27,56,1.5262976824047014,158.31655457152482,32.03962058119205,0.49659714288164614,0.630838763552509,0,-38.238909370450784
geometry_control,216,82,27,62,1.4101758611419706,802.0710327748624,-6.764854073598031,0.4661554414609156,0.630838763552509,0,-27.162122154941308
geometry_control,216,83,27,63,1.3941862150148667,931.8761814547815,11.043386224467405,0.4597178726640354,0.630838763552509,0,-93.7263982914314
geometry_control,216,84,28,57,1.497608512234469,592.9036988437955,19.087718679031017,0.5005085931039073,0.630838763552509,0,-38.318078357011935
geometry_control,216,85,28,63,1.5050343493788296,382.5699443467173,18.68438916470919,0.5221464007637687,0.630838763552509,0,-38.426279508189026
geometry_control,216,86,28,64,1.3079501719758195,-649.5377946959346,-81.86795251153914,0.4844376540813228,0.630838763552509,0,-75.06537713036366
geometry_control,216,87,29,58,1.4413644171515663,846.7334343843386,58.93608036558481,0.4849879364552674,0.630838763552509,0,-54.856767221655595
geometry_control,216,88,29,64,1.4081907252735553,892.8340566046674,22.720611022839023,0.4845635066155557,0.630838763552509,0,-39.25529833805144
geometry_control,216,89,29,65,1.4033728902466456,931.046107140993,43.30193392549009,0.6340726180743014,0.630838763552509,1,-55.13400001474936
geometry_control,216,90,30,65,1.4511988250990195,882.6644211269025,10.151711063953082,0.5854381402681027,0.630838763552509,0,-36.003092238813444
geometry_control,216,91,30,66,1.4633674182113836,996.4132546142844,28.17512038471669,0.5482536934997598,0.630838763552509,0,14.72061611029416
geometry_control,216,92,30,71,1.4335658716690638,843.4543475843295,5.222067951274671,0.46757375267190304,0.630838763552509,0,-27.68831061582701
geometry_control,216,93,31,60,1.4253124355550992,1412.4546475813077,78.34498393690264,0.46784368077854566,0.630838763552509,0,-48.304663162890506
geometry_control,216,94,31,66,1.5013226905776724,534.7915503396295,52.009171632957056,0.5689307587530983,0.630838763552509,0,4.737113233644358
geometry_control,216,95,31,67,1.4352041617944669,1058.3576921634144,74.80717948501456,0.886881470496562,0.630838763552509,1,29.988197198507407
geometry_control,216,96,32,61,1.4262160130017016,728.5898593646915,72.69135502926869,0.6581217691854915,0.630838763552509,1,-37.47128196056419
geometry_control,216,97,32,67,1.467449990091574,921.7118382868221,78.11158344704346,0.8314144886542087,0.630838763552509,1,45.64648187129369
geometry_control,216,98,32,68,1.47085133967112,995.1990079557532,11.709187078441083,0.41801869404878855,0.630838763552509,0,-63.57634477486495
geometry_control,216,99,33,62,1.4288366384297155,934.2045788861141,-15.196509091254299,0.4517355971233027,0.630838763552509,0,-57.48460342420812
geometry_control,216,100,33,68,1.3685468599273598,639.5763276555117,18.6799450784103,0.42446886347242285,0.630838763552509,0,-87.2043721558247
geometry_control,216,101,33,69,1.432587791101703,775.937580519536,-26.01189747620175,0.4533496129569116,0.630838763552509,0,-61.29353117564452
geometry_control,216,102,34,63,1.4251606112228064,947.6448034047538,32.03743733975503,0.44046621782467554,0.630838763552509,0,-45.00341551559175
geometry_control,216,103,34,69,1.391789022690215,772.1216503851929,23.790395617948374,0.4485178024551647,0.630838763552509,0,-76.2167080378737
geometry_control,216,104,34,70,1.4382589714816956,867.2580173964777,2.2495455009875696,0.40451844613369325,0.630838763552509,0,-44.09435582098202
geometry_control,216,105,35,64,1.4410293412512245,919.4087221039296,1.9075762420610736,0.3576085848633417,0.630838763552509,0,-50.583065221145276
geometry_control,216,106,35,70,1.486906636709671,561.5231764134552,-14.374287584846417,0.3593695598548053,0.630838763552509,0,-56.52243653594347
geometry_control,216,107,35,71,1.3555066919424585,671.2309549833375,62.03433247047132,0.3892533087258877,0.630838763552509,0,-70.18943810279195
geometry_control,99,0,0,36,1.3952778937924082,1270.9118841491058,28.89229557273158,0.726553836363093,0.631887704034347,1,-23.3614062674639
geometry_control,99,1,0,41,1.4310879081560666,1408.2836250678229,54.85510866028812,0.8215782240835369,0.631887704034347,1,-12.563048197005592
geometry_control,99,2,0,71,1.4676574620062197,1039.800042842248,22.045048751788094,0.897492234236492,0.631887704034347,1,5.504487842877154
geometry_control,99,3,1,36,1.4641297904183548,1055.7372191373734,2.4827740341952578,0.6152837920290022,0.631887704034347,0,-36.81295896759091
geometry_control,99,4,1,37,1.4871363416473544,777.5190368847311,-32.59207251886871,0.7605269644497361,0.631887704034347,1,6.288852868080895
geometry_control,99,5,1,66,1.3609596931199148,699.9097918928019,-61.927114984763136,0.7058438823965882,0.631887704034347,1,-32.34554290013467
geometry_control,99,6,2,37,1.4146969108198413,1122.360857778542,3.960326497628203,0.7858372297708839,0.631887704034347,1,-13.448224810443776
geometry_control,99,7,2,38,1.4285716894116385,1672.3289014513068,102.48716067966669,1.1795372167813238,0.631887704034347,1,52.94959088778871
geometry_control,99,8,2,67,1.4634277341083601,895.3349654356413,-32.10073409790848,0.7561835510803125,0.631887704034347,1,-5.8785651401211645
geometry_control,99,9,3,38,1.4409808026597435,1359.360890282423,73.7282309235296,1.0281377568061578,0.631887704034347,1,41.21041046163632
geometry_control,99,10,3,39,1.4854526873123652,798.8578243253796,14.215453372224678,0.5184097156843409,0.631887704034347,0,-28.510519563318805
geometry_control,99,11,3,68,1.3719424198585595,897.4137116652482,-18.89406109172591,0.5635766950664358,0.631887704034347,0,-32.19704095088635
geometry_control,99,12,4,39,1.424306556894283,1223.5401778326814,66.20898207377654,0.4507862504454344,0.631887704034347,0,-47.99840158221948
geometry_control,99,13,4,40,1.4600560396758386,1266.499132717414,45.51345934707099,0.6134132600807456,0.631887704034347,0,-20.683104212156373
geometry_control,99,14,4,69,1.4320139647036425,1136.9343178069266,79.06077917286852,0.5201127792653671,0.631887704034347,0,-28.50604583067814
geometry_control,99,15,5,40,1.421409255525466,1067.4168993907654,23.95374683292527,0.6139311671020068,0.631887704034347,0,13.937164269442775
geometry_control,99,16,5,41,1.4199146660146196,1179.8777147519645,33.30837648162525,0.5171134268777826,0.631887704034347,0,-21.9478029100621
geometry_control,99,17,5,70,1.3444407768812543,615.3148531393693,-104.02611430114318,0.44737929621796224,0.631887704034347,0,-12.636110586113674
geometry_control,99,18,6,41,1.4500041159604158,1239.7017165921134,44.2545282925354,0.5595023197211961,0.631887704034347,0,-40.913324767451286
geometry_control,99,19,6,42,1.4041579268143196,1023.2152375672647,-27.02756974996187,0.541519508230376,0.631887704034347,0,-45.98892568781642
geometry_control,99,20,6,47,1.4641720040969162,1082.0748396766212,81.30434940731082,0.6090202908255943,0.631887704034347,0,-26.39852940871996
geometry_control,99,21,7,36,1.3504144157683418,736.4301862221262,-48.375920468461565,0.3682142455769811,0.631887704034347,0,-85.86218936592152
geometry_control,99,22,7,42,1.4612646778881322,902.6144283961906,-13.363960268204224,0.4452558218066049,0.631887704034347,0,-56.663466649335916
geometry_control,99,23,7,43,1.412120526414277,1188.5048296728776,24.960346203286385,0.4334069388462383,0.631887704034347,0,-61.11749369904274
geometry_control,99,24,8,37,1.4754766903237728,771.2323608670815,-45.147122228346234,0.5967069959213382,0.631887704034347,0,-34.2528659905291
geometry_control,99,25,8,43,1.4314892480523784,1201.1768432034146,53.7516351719529,0.5166565167698615,0.631887704034347,0,-26.684854981617427
geometry_control,99,26,8,44,1.38105814429307,939.9888343102735,1.1158510230790397,0.5381940826951742,0.631887704034347,0,-49.6239380098719
geometry_control,99,27,9,38,1.5224653899941771,550.6882020560827,-6.953497439632139,1.0645923195708145,0.631887704034347,1,30.396737817798375
geometry_control,99,28,9,44,1.369840121017628,914.5835773339026,-4.04740729855782,0.6123794193342105,0.631887704034347,0,-8.664722278862303
geometry_control,99,29,9,45,1.4170163676458452,1228.4303304779814,44.595308201709344,0.7196348282633813,0.631887704034347,1,16.902218471415544
geometry_control,99,30,10,39,1.4336383690555357,1203.1968652970115,25.402254103098986,0.5054447677526885,0.631887704034347,0,-21.963496274799624
geometry_control,99,31,10,45,1.4353534344742422,1131.9293851392588,23.859019224382426,0.6702153175670725,0.631887704034347,1,-19.111810614487634
geometry_control,99,32,10,46,1.4006738712048694,1158.0544301449618,36.91942465398751,0.486073101265724,0.631887704034347,0,-32.348262390424324
geometry_control,99,33,11,40,1.4413507468315678,1189.59248522702,52.60998849241508,0.6083672876402999,0.631887704034347,0,2.63728318953968
geometry_control,99,34,11,46,1.3791743196122297,951.2260098995023,-7.728544982245331,0.42636861151802424,0.631887704034347,0,-40.343579224609456
geometry_control,99,35,11,47,1.4117443059031591,1108.8095443886518,38.634703901830406,0.561067518520474,0.631887704034347,0,-32.74412218985002
geometry_control,99,36,12,47,1.4495254302786742,1455.8294820491965,98.81128757550276,0.5451705849471654,0.631887704034347,0,74.0488324889991
geometry_control,99,37,12,48,1.2704604035168754,-1802.2724179385511,-974.8656253232683,0.3728056950302112,0.631887704034347,0,-4.687994192369267
geometry_control,99,38,12,53,1.55333753754407,-273.7161560566097,-243.70135247908902,0.39228372200691264,0.631887704034347,0,-24.379859463512183
geometry_control,99,39,13,42,1.4319337157112662,1391.8957339279661,65.4186124889008,0.5663716032562092,0.631887704034347,0,-45.29503926369591
geometry_control,99,40,13,48,1.4359386454988354,1108.7197109517142,33.19889369972043,0.4615074959344733,0.631887704034347,0,10.837613955841015
geometry_control,99,41,13,49,1.4628433409085704,917.9445580635472,4.553758916992071,0.4964965249599792,0.631887704034347,0,-42.492218266845256
geometry_control,99,42,14,43,1.4240894280828373,1142.1225216008188,17.40806070339053,0.5127569226206992,0.631887704034347,0,-48.07075464734156
geometry_control,99,43,14,49,1.400252673546344,1064.6283779757134,25.19301620605872,0.45473072728483577,0.631887704034347,0,-64.42636249971538
geometry_control,99,44,14,50,1.4503281157367895,1170.0611192483236,58.75565098642069,0.5145582888470164,0.631887704034347,0,-37.106476346388625
geometry_control,99,45,15,44,1.4354314862908337,998.5660068337276,19.00934998801631,0.48178104890638707,0.631887704034347,0,-33.88890301001294
geometry_control,99,46,15,50,1.4914856416419717,642.7506295959882,0.773309218606924,0.46204484920739153,0.631887704034347,0,-20.096633960788353
geometry_control,99,47,15,51,1.3276406306564732,184.6743702367149,-193.71101277431342,0.49998750071332604,0.631887704034347,0,-39.072882744028306
geometry_control,99,48,16,45,1.4280763974700144,1492.4823680387221,42.40328703889128,0.6107583052800847,0.631887704034347,0,-13.094270442887684
geometry_control,99,49,16,51,1.4799003374640132,886.2784983102609,12.033798719556247,0.5217093481578527,0.631887704034347,0,-17.343381770890865
geometry_control,99,50,16,52,1.3498964485508096,476.55519576249816,-133.45013019308715,0.480089562427143,0.631887704034347,0,-69.06557281730542
geometry_control,99,51,17,46,1.4868790981195366,738.1088199752293,-13.723809516912423,0.39056396896285656,0.631887704034347,0,-66.5665152219083
geometry_control,99,52,17,52,1.4821012895703054,906.1191786386718,23.726903001614023,0.4440374424112634,0.631887704034347,0,-57.743619582173636
geometry_control,99,53,17,53,1.380055403993674,1074.211108042229,51.71903942295849,0.3723760130250536,0.631887704034347,0,-41.5557924768137
geometry_control,99,54,18,53,1.419191841171508,1154.7067301996058,66.56376252437869,0.48742887362324083,0.631887704034347,0,16.73968217055748
geometry_control,99,55,18,54,1.4201794142353472,1095.5241458204966,56.604906079353086,0.5718723738145981,0.631887704034347,0,-45.865544320139705
geometry_control,99,56,18,59,1.4445125995750396,1260.2646472969955,60.831061208656294,0.5769983494457342,0.631887704034347,0,-29.80483547054313
geometry_control,99,57,19,48,1.4682900394520144,895.905054638687,-10.269048034619203,0.34954046439698383,0.631887704034347,0,-31.952093003460735
geometry_control,99,58,19,54,1.4041646998611172,1242.8559829577525,61.74980550251434,0.4534619915650425,0.631887704034347,0,-59.075170370803505
geometry_control,99,59,19,55,1.3916108903505433,1152.0747628442023,15.16441376299485,0.4575866542619764,0.631887704034347,0,-78.31305382340318
geometry_control,99,60,20,49,1.3691116641820165,944.6191308563793,-9.294715692017633,0.37577836571627427,0.631887704034347,0,-65.75596596315353
geometry_control,99,61,20,55,1.4583020479008901,1048.0525472553516,24.715576806152516,0.448835526555761,0.631887704034347,0,-62.83283858579468
geometry_control,99,62,20,56,1.489792017946348,932.8186872306044,60.497218682290296,0.6064470583563055,0.631887704034347,0,-50.11487504789635
geometry_control,99,63,21,50,1.3925216990724605,1076.5153178957692,9.212959200291374,0.6217489318274324,0.631887704034347,0,-50.30533525844653
geometry_control,99,64,21,56,1.3950347390893878,1208.627269472171,30.129545168195374,0.792590062905283,0.631887704034347,1,-15.75685438130439
geometry_control,99,65,21,57,1.4497158138714759,1038.4706926418332,46.01265437664587,0.6810786827362574,0.631887704034347,1,-44.12271622127853
geometry_control,99,66,22,51,1.5100465912950438,603.2536315287333,21.597530252677895,0.5174361610433451,0.631887704034347,0,-26.0808883658182
geometry_control,99,67,22,57,1.4423877941975165,1204.3502447208887,23.925635307429367,0.5388232604462356,0.631887704034347,0,3.450108593564373
geometry_control,99,68,22,58,1.3153675920989896,-10.080947948948204,-176.60747790356706,0.4592423011886312,0.631887704034347,0,-61.331449322532194
geometry_control,99,69,23,52,1.3992547644531308,1223.8827238367442,38.91951075396502,0.5436319282386312,0.631887704034347,0,-61.12839293029401
geometry_control,99,70,23,58,1.400031666010393,1142.4302630885065,18.844298481656363,0.5270578541146269,0.631887704034347,0,-52.3129083860979
geometry_control,99,71,23,59,1.4787104272193827,957.7931471716767,12.053463977086016,0.5615399746749148,0.631887704034347,0,-60.56812205072348
geometry_control,99,72,24,59,1.3988010816067669,1100.2131767849196,-11.508548611293287,0.518521087464149,0.631887704034347,0,-28.416581663841182
geometry_control,99,73,24,60,1.4343604846189026,1135.4183963184732,30.7982548095369,0.6462373350814877,0.631887704034347,1,-30.034351179864892
geometry_control,99,74,24,65,1.4129397793022083,1161.2609291551742,44.93795842306989,0.606580137394612,0.631887704034347,0,-4.081651895138414
geometry_control,99,75,25,54,1.4282346451321806,1107.4801641535955,18.13347059427638,0.518910508389468,0.631887704034347,0,-45.884924962363144
geometry_control,99,76,25,60,1.419391306627033,1236.1642467707102,20.62184817295487,0.6517527316379428,0.631887704034347,1,-36.62632380307417
geometry_control,99,77,25,61,1.4581918625480277,1035.4858646121916,30.42309371660758,0.5978105112056661,0.631887704034347,0,-42.41194009561721
geometry_control,99,78,26,55,1.3968719546369812,1074.672279062616,23.854908113182375,0.5590533056944483,0.631887704034347,0,-59.6111294375856
geometry_control,99,79,26,61,1.4218956578297974,1142.9195902017977,-16.80433514348903,0.6338286458137126,0.631887704034347,1,-29.699932909105794
geometry_control,99,80,26,62,1.4293905872616626,1058.6142865204283,20.51855868636185,0.6196005942192698,0.631887704034347,0,-36.21146124756351
geometry_control,99,81,27,56,1.3309348968133548,190.05341478138803,-216.16632040439666,0.6517736066874342,0.631887704034347,1,-65.14460660502924
geometry_control,99,82,27,62,1.436825422005918,1262.9962681254626,34.316346323342486,0.5547093634117112,0.631887704034347,0,-92.5219144168102
geometry_control,99,83,27,63,1.366135362112736,906.6360079300293,-28.53897197134042,0.4259871064753481,0.631887704034347,0,-113.41281570406233
geometry_control,99,84,28,57,1.376512749553962,1070.8604736451455,11.918272167268963,0.526854653715729,0.631887704034347,0,-33.57789646206467
geometry_control,99,85,28,63,1.438572462243123,1081.7249550651743,56.555261630710284,0.41257953367266853,0.631887704034347,0,-91.9146247145467
geometry_control,99,86,28,64,1.487440230353101,766.3351152129272,1.371067077677493,0.4641578752739078,0.631887704034347,0,-63.711431233140246
geometry_control,99,87,29,58,1.4939715799927091,593.8815621805055,-32.01415281455117,0.4252980852956718,0.631887704034347,0,-51.218271178666456
geometry_control,99,88,29,64,1.3590505937147113,808.9994183007462,-9.282317263143055,0.44218226611145495,0.631887704034347,0,-105.24490104945016
geometry_control,99,89,29,65,1.5172028048470592,527.9438808444186,12.180670047611704,0.5478392557864226,0.631887704034347,0,-27.37977457912551
geometry_control,99,90,30,65,1.4592105560386663,1125.9553656643475,43.41051784189914,0.6612594005735264,0.631887704034347,1,-11.729028789941331
geometry_control,99,91,30,66,1.3567931264326132,512.3755090529869,-90.12882659401956,0.5825354693035667,0.631887704034347,0,-79.50981243906938
geometry_control,99,92,30,71,1.4383860294534674,1167.5974282207858,38.6461843867609,0.6629137768093796,0.631887704034347,1,-33.426477248896695
geometry_control,99,93,31,60,1.4413627598020127,1163.0230831466517,-4.9223417403629695,0.6149227159964497,0.631887704034347,0,-47.84000973049671
geometry_control,99,94,31,66,1.3947839595936422,982.6819395618862,1.9718218104578245,0.49654158703961426,0.631887704034347,0,-66.31328074825687
geometry_control,99,95,31,67,1.364712789600622,892.7902500828131,-40.28954909596967,0.5215709904021908,0.631887704034347,0,-72.34114465847003
geometry_control,99,96,32,61,1.460482444677104,1008.7490819684939,-1.1251172732787036,0.799933433157876,0.631887704034347,1,-13.928543866099453
geometry_control,99,97,32,67,1.435574357374838,1255.1106485137184,23.063875401743566,0.760523927995894,0.631887704034347,1,-37.63405310976749
geometry_control,99,98,32,68,1.4125701275924019,1251.710025229519,7.350462588353722,0.719316531957183,0.631887704034347,1,-22.186399957846156
geometry_control,99,99,33,62,1.3543602829622987,752.2208163573426,-52.99900835470667,0.6183734343003102,0.631887704034347,0,-34.535551060135305
geometry_control,99,100,33,68,1.4472621315201322,1011.5535726887379,12.722857154183822,0.5519845846940599,0.631887704034347,0,-29.268171872452864
geometry_control,99,101,33,69,1.4623369474628525,1130.411985699422,44.39701434281601,0.5761441341318978,0.631887704034347,0,-15.519835932822367
geometry_control,99,102,34,63,1.3609623746578443,590.4691057660689,-78.8186778531162,0.4164325518812604,0.631887704034347,0,-65.43504683370661
geometry_control,99,103,34,69,1.3788940341399767,1060.5536370117181,19.915528362135156,0.502925508649211,0.631887704034347,0,-66.41929772775401
geometry_control,99,104,34,70,1.4686334325071677,993.6854046011639,31.734297952752954,0.42967411858054494,0.631887704034347,0,-71.33284748876503
geometry_control,99,105,35,64,1.3628421712751229,651.6656749163612,-37.30359852690197,0.576211322799847,0.631887704034347,0,-68.69516775391423
geometry_control,99,106,35,70,1.4669723386570621,1045.810920624688,31.250328794559696,0.5378745478978922,0.631887704034347,0,-24.729025077005033
geometry_control,99,107,35,71,1.435501704939438,1259.7962051466852,69.64841753834784,0.6835226887106678,0.631887704034347,1,-12.942763658377398
geometry_control,20,0,0,36,1.4272601312761404,1125.6422778969882,-71.89411099894866,0.6819307445997176,0.6312783727884883,1,-80.06574086154804
geometry_control,20,1,0,41,1.3793805609688585,1115.0126759310494,-59.124256479985036,0.6383317785716328,0.6312783727884883,1,-79.75283080126061
geometry_control,20,2,0,71,1.4121375606033402,1225.2517436195003,-88.91581369203725,0.7810754193521766,0.6312783727884883,1,-36.333338145290995
geometry_control,20,3,1,36,1.4450267233765153,1039.5229841434355,-68.47776059759175,0.7260535690197432,0.6312783727884883,1,-1.8301701006061748
geometry_control,20,4,1,37,1.4436903277492175,1317.0328173178575,-52.268058769666226,0.7584237333503061,0.6312783727884883,1,44.24614739615149
geometry_control,20,5,1,66,1.3794269971683102,1143.2875682076701,-80.45749624702886,0.7884193246096379,0.6312783727884883,1,-11.589548533379698
geometry_control,20,6,2,37,1.4317919553624605,1340.0547659496976,-83.79416694015363,0.6375882353502428,0.6312783727884883,1,40.05396061652079
geometry_control,20,7,2,38,1.3777284112849286,846.9539541493348,-77.30613579527635,0.6796240151560407,0.6312783727884883,1,10.354575881273028
geometry_control,20,8,2,67,1.493337448698108,913.0185040580243,-70.6806748423261,0.6066779412333819,0.6312783727884883,0,60.67390753202735
geometry_control,20,9,3,38,1.4371274387055495,1322.1185196238848,-30.108068986169897,0.658179953920501,0.6312783727884883,1,7.082036626340596
geometry_control,20,10,3,39,1.3821886450562697,1242.6933041925595,-63.55709355923528,0.6117888476326285,0.6312783727884883,0,-30.57571938645615
geometry_control,20,11,3,68,1.4839530741782816,902.2049641279186,-20.598944365141154,0.6441895989656765,0.6312783727884883,1,-33.245396115477234
geometry_control,20,12,4,39,1.450338701430025,968.5272763665936,-55.91525813257236,0.573599833547431,0.6312783727884883,0,-39.60809973882643
geometry_control,20,13,4,40,1.3915885438910476,1114.371127662055,-64.50423508320182,0.5296617910346801,0.6312783727884883,0,-98.99413655509605
geometry_control,20,14,4,69,1.4050879365332645,1145.8429777376118,-93.16335722529988,0.6513800099166014,0.6312783727884883,1,21.712687990282276
geometry_control,20,15,5,40,1.499869822295866,732.9355212593575,-83.07072453412748,0.49994414076738747,0.6312783727884883,0,-75.56883422002906
geometry_control,20,16,5,41,1.4525179927667715,1037.289249642583,-57.20289046719584,0.47226837940356514,0.6312783727884883,0,-68.46540798297858
geometry_control,20,17,5,70,1.350827889230057,629.5886998187865,-98.58851582013959,0.5252190889893402,0.6312783727884883,0,-25.32895962162442
geometry_control,20,18,6,41,1.3744706699585065,849.5626942689778,-77.4406151900777,0.599334834169103,0.6312783727884883,0,-112.68749722687124
geometry_control,20,19,6,42,1.4426090634196853,1180.9334222019913,-70.62344827860726,0.5734054864280758,0.6312783727884883,0,-100.74004338702679
geometry_control,20,20,6,47,1.4150946466580918,1237.552655924146,-62.61647840428283,0.6390198542271253,0.6312783727884883,1,-40.798887894337845
geometry_control,20,21,7,36,1.386392749253066,885.6182875295973,-89.38263265891675,0.5416170498073797,0.6312783727884883,0,-58.63400578753383
geometry_control,20,22,7,42,1.346649345535917,451.3167340813696,-140.1289954876765,0.4720887360382678,0.6312783727884883,0,-117.83621098796877
geometry_control,20,23,7,43,1.4157202436205707,1142.429588255027,-63.11734965254631,0.4843722163062891,0.6312783727884883,0,-64.1856163496874
geometry_control,20,24,8,37,1.4538026701781,1283.2330676108354,-43.84199508142328,0.833710573008864,0.6312783727884883,1,60.32974152059641
geometry_control,20,25,8,43,1.3881583463257978,1044.6093815190964,-40.61636031382277,0.7440955751772104,0.6312783727884883,1,7.003314397205926
geometry_control,20,26,8,44,1.4401596807695005,1634.2077956911717,-41.39977145720114,0.9313552483468234,0.6312783727884883,1,42.70688364765531
geometry_control,20,27,9,38,1.3693034469543006,816.9582891343706,-71.28921365759231,0.6563419805288763,0.6312783727884883,1,-68.86187281790248
geometry_control,20,28,9,44,1.399562205248922,1124.6498874507336,-78.03442690447787,0.7119508760610378,0.6312783727884883,1,-52.88981576931363
geometry_control,20,29,9,45,1.4600443538448846,941.4966501275261,-52.40512207681711,0.6243229272087663,0.6312783727884883,0,-30.28544158139197
geometry_control,20,30,10,39,1.4100315209264727,1054.0856395191677,-27.889963059207393,0.5655624944025917,0.6312783727884883,0,-54.66525830931937
geometry_control,20,31,10,45,1.4416388473724464,1161.6892269434657,-31.445353554399034,0.5799345473703541,0.6312783727884883,0,-6.543154670019774
geometry_control,20,32,10,46,1.439490223831727,1069.640505775265,-60.909297811304015,0.5364417475146755,0.6312783727884883,0,-31.79864589062131
geometry_control,20,33,11,40,1.3949974365362174,994.8154853050482,-90.63507923010621,0.4974487121619078,0.6312783727884883,0,-59.218234831865246
geometry_control,20,34,11,46,1.4119982886232738,1215.1960454438645,-58.45694826074402,0.5122660077867426,0.6312783727884883,0,-27.510203177860966
geometry_control,20,35,11,47,1.4605440402467758,1014.9098215435846,-69.77683801414653,0.5094579708561078,0.6312783727884883,0,-4.2800433888978375
geometry_control,20,36,12,47,1.4816659691761422,881.4980058809354,-55.8062943269078,0.47043855567096465,0.6312783727884883,0,-58.55706896151473
geometry_control,20,37,12,48,1.4011138622985861,1102.6654633178428,-59.41141856839894,0.4139505521397657,0.6312783727884883,0,-108.43075802448706
geometry_control,20,38,12,53,1.392052153757254,1041.5185140078559,-92.88997060712451,0.48326063993767565,0.6312783727884883,0,-16.265471316185334
geometry_control,20,39,13,42,1.3739360121208932,894.7374180795803,-81.76401929386023,0.44730258700804215,0.6312783727884883,0,-127.53545779401878
geometry_control,20,40,13,48,1.4047724513012476,1090.7284121582327,-76.70513311698095,0.4564289512758927,0.6312783727884883,0,-83.03976044698769
geometry_control,20,41,13,49,1.4281866018008533,1121.741825698154,-70.477473183554,0.48908770566481674,0.6312783727884883,0,-62.772580949149486
geometry_control,20,42,14,43,1.4844020720213884,988.9049760862005,-62.3108169508691,0.48997406762769735,0.6312783727884883,0,-22.945812962818046
geometry_control,20,43,14,49,1.4219433162773885,1065.645974397787,-58.42254603676743,0.5194757060164505,0.6312783727884883,0,-1.698188995027735
geometry_control,20,44,14,50,1.445400318438671,1246.1854392058053,-80.71394408399692,0.47047122529797497,0.6312783727884883,0,-7.015229604997145
geometry_control,20,45,15,44,1.4670062928834338,1193.42317521869,-54.973694045009054,0.6212880901137716,0.6312783727884883,0,-1.6111950106574469
geometry_control,20,46,15,50,1.3782690745241761,944.3496827710816,-82.84443382669572,0.41452557461443623,0.6312783727884883,0,-38.79764489525879
geometry_control,20,47,15,51,1.4153679141784008,1253.6121356298304,-58.45857909135769,0.5018172395849303,0.6312783727884883,0,-21.010762554119996
geometry_control,20,48,16,45,1.4574379752827364,1126.9740999694748,-71.86706334240046,0.5452768070218705,0.6312783727884883,0,11.701239652695598
geometry_control,20,49,16,51,1.4441702989367102,1232.482637676555,-48.660567025148424,0.5134339053453008,0.6312783727884883,0,8.350265835408095
geometry_control,20,50,16,52,1.3905866176737438,1011.4048210095989,-74.69223034168785,0.44410642163588854,0.6312783727884883,0,-27.52793177563258
geometry_control,20,51,17,46,1.4743964569341839,957.9788737644143,-71.9996641145289,0.5834107814471589,0.6312783727884883,0,-7.626441362313244
geometry_control,20,52,17,52,1.4176850051998708,1228.7232843042789,-84.01416429380363,0.5257331959168553,0.6312783727884883,0,7.1188348799373316
geometry_control,20,53,17,53,1.3515001900725525,604.6042989646669,-118.33815348212998,0.593424828783235,0.6312783727884883,0,6.713574712445926
geometry_control,20,54,18,53,1.389162286845082,917.9804546720493,-61.70453634768234,0.6306148762331636,0.6312783727884883,0,6.008866335194945
geometry_control,20,55,18,54,1.399803128845673,1077.266347091706,-83.61953662472324,0.6663669907326154,0.6312783727884883,1,8.94919542194787
geometry_control,20,56,18,59,1.4200717133915812,1149.6600236420197,-80.57677640281764,0.6191463101451375,0.6312783727884883,0,9.741158793554632
geometry_control,20,57,19,48,1.472371820213334,923.0393942512271,-68.55419981344241,0.4788266552464442,0.6312783727884883,0,-51.23704663128289
geometry_control,20,58,19,54,1.4616454935583776,1172.8210699261756,-35.78687732494456,0.5838888575438059,0.6312783727884883,0,-18.528967628794454
geometry_control,20,59,19,55,1.3635515708083792,712.9748317638897,-67.03895491167505,0.47027569026648824,0.6312783727884883,0,-30.07209227028841
geometry_control,20,60,20,49,1.4073228682591175,1175.5915133386127,-94.27537884463746,0.43582175467070783,0.6312783727884883,0,-72.58276586835163
geometry_control,20,61,20,55,1.3863916610802636,947.1277332134594,-92.19578619958283,0.39461203530182787,0.6312783727884883,0,-88.81594103738372
geometry_control,20,62,20,56,1.4314904018857733,1193.7216129833198,-58.601893524038914,0.42522066522348667,0.6312783727884883,0,-79.32814872750868
geometry_control,20,63,21,50,1.4657229135705323,1140.1870340155501,-92.30867561590145,0.47392809735010794,0.6312783727884883,0,-31.367939631128294
geometry_control,20,64,21,56,1.4059172675575764,1210.187236999355,-71.98264328923729,0.5123314886213624,0.6312783727884883,0,-68.4895908282065
geometry_control,20,65,21,57,1.3936251592727273,1037.8899281918266,-77.82362688759918,0.5801546704382274,0.6312783727884883,0,-71.02706053879916
geometry_control,20,66,22,51,1.5052072761152144,932.615371387455,-81.32581118223692,0.4777599632830991,0.6312783727884883,0,-14.964792385851599
geometry_control,20,67,22,57,1.4473606967411607,1095.4800024675264,-70.70494953208261,0.49669487140072444,0.6312783727884883,0,-34.685078826262334
geometry_control,20,68,22,58,1.2994879373050297,-674.7488388480184,-355.59465350283034,0.47396974624828325,0.6312783727884883,0,-53.78792298931245
geometry_control,20,69,23,52,1.4545311517318689,1147.387441153698,-82.32692559257748,0.49354291782530507,0.6312783727884883,0,-7.61695935481972
geometry_control,20,70,23,58,1.4465094250986659,981.5559196596524,-99.07583971374542,0.5590801844999015,0.6312783727884883,0,1.0297998444065009
geometry_control,20,71,23,59,1.4360431088312544,1142.142844361618,-81.81310141867556,0.5497659846036587,0.6312783727884883,0,-38.53301122878136
geometry_control,20,72,24,59,1.4763003501013354,892.9655106772015,-80.64327723500733,0.452025077492576,0.6312783727884883,0,-32.99502065750893
geometry_control,20,73,24,60,1.3499584875616006,647.9083628676588,-93.24996856988098,0.5230783228202392,0.6312783727884883,0,-26.293667602582442
geometry_control,20,74,24,65,1.4498066235136442,1056.0527930589903,-54.29832915832698,0.39597237340078617,0.6312783727884883,0,-34.30329737133961
geometry_control,20,75,25,54,1.4495882432617566,1159.530524605913,-52.02183443007323,0.5422105073729884,0.6312783727884883,0,-9.12632826267221
geometry_control,20,76,25,60,1.4461111321203888,1134.049011287786,-73.22158112728567,0.5660430721131737,0.6312783727884883,0,8.56340623927074
geometry_control,20,77,25,61,1.39768012510088,1127.9198843037536,-55.76042721902838,0.458468585799016,0.6312783727884883,0,7.629450272966238
geometry_control,20,78,26,55,1.3932737239050235,950.6068725735425,-99.4745912388246,0.4155329660308152,0.6312783727884883,0,-27.80351273732433
geometry_control,20,79,26,61,1.519936737897425,308.01303956720307,-111.86775786379475,0.44540421173416045,0.6312783727884883,0,-33.843561686561166
geometry_control,20,80,26,62,1.3840744233908644,1081.280371591547,-72.25661073772547,0.49826788380047865,0.6312783727884883,0,-111.45657241493043
geometry_control,20,81,27,56,1.384727302161654,1088.0561660457263,-80.7138409385477,0.4148275234441605,0.6312783727884883,0,-106.00569880428267
geometry_control,20,82,27,62,1.4492843682772458,1355.8574095685244,-89.31725816277263,0.46695381129216523,0.6312783727884883,0,-81.24461500462795
geometry_control,20,83,27,63,1.322545042012971,10.983454071398668,-161.93361223802893,0.5388231634715875,0.6312783727884883,0,-135.0894323549886
geometry_control,20,84,28,57,1.473325347120256,1231.294147402407,-76.27037589378055,0.5128766698532783,0.6312783727884883,0,-58.89046712208672
geometry_control,20,85,28,63,1.4228230206909196,1431.9436575182935,-72.68670345512825,0.5690491280638403,0.6312783727884883,0,-110.9886959163012
geometry_control,20,86,28,64,1.3435284330709907,518.4318100778596,-124.72053062373607,0.43980714056168474,0.6312783727884883,0,-75.52867941900348
geometry_control,20,87,29,58,1.4428773209088557,1543.4419391837162,-68.27355523337303,0.5957860459340836,0.6312783727884883,0,-10.413162118733862
geometry_control,20,88,29,64,1.4316263847122916,1168.6625566681885,-37.86075011282277,0.5454416417949313,0.6312783727884883,0,-28.628571028283854
geometry_control,20,89,29,65,1.3965714723442864,1194.2359527783142,-63.17834316749625,0.530419141946051,0.6312783727884883,0,-51.2405229768332
geometry_control,20,90,30,65,1.4138828456100274,1291.9839640535056,-38.13120868318874,0.5475515402034045,0.6312783727884883,0,-44.608598044453764
geometry_control,20,91,30,66,1.4056486968432185,1122.4134201239071,-67.22554040486878,0.6685304276764665,0.6312783727884883,1,-21.489400926077057
geometry_control,20,92,30,71,1.4363363995668261,1178.0097298187936,-100.03179583556127,0.7053093468390309,0.6312783727884883,1,-23.27059713123806
geometry_control,20,93,31,60,1.4603833153671382,1001.0012826061876,-35.58228037135037,0.5310312661754562,0.6312783727884883,0,18.79630353378903
geometry_control,20,94,31,66,1.4868916088105226,760.6319565606118,-69.82812754842294,0.5249042042290653,0.6312783727884883,0,-18.624781345622942
geometry_control,20,95,31,67,1.392660360963325,1061.3635438298559,-73.74524630412604,0.4639983188528726,0.6312783727884883,0,7.626003161106944
geometry_control,20,96,32,61,1.4532113505353323,1236.3939870002546,-56.73931092118439,0.6104016830856602,0.6312783727884883,0,73.41614572510196
geometry_control,20,97,32,67,1.474130816983689,897.5751171431629,-92.08328797911835,0.6509432220772343,0.6312783727884883,1,91.65421088909986
geometry_control,20,98,32,68,1.426315517219004,1173.3864122948871,-44.51506785079971,0.7098989410450687,0.6312783727884883,1,22.37403965065004
geometry_control,20,99,33,62,1.4724438091439795,1072.6428359188753,-34.996267032216046,0.7802399127293813,0.6312783727884883,1,90.48807197504993
geometry_control,20,100,33,68,1.3786202263966547,957.278140530214,-67.00997334278344,0.8268734986224715,0.6312783727884883,1,19.65969607664821
geometry_control,20,101,33,69,1.4961273207989454,949.3229891382233,-74.74130689532551,0.872252923658594,0.6312783727884883,1,127.81658403725933
geometry_control,20,102,34,63,1.5040978475752855,669.0533225427673,-99.69138274329138,0.6043303547478968,0.6312783727884883,0,-44.0334776991732
geometry_control,20,103,34,69,1.4891694333419965,820.758603893504,-87.63562326625336,0.624474013497687,0.6312783727884883,0,54.51211286722438
geometry_control,20,104,34,70,1.3947236898514626,930.2693423136319,-89.24140504943007,0.5280307428377187,0.6312783727884883,0,5.603089842558546
geometry_control,20,105,35,64,1.4672970427720102,827.436167757144,-57.542732974346244,0.5116268539081015,0.6312783727884883,0,-17.07312819518041
geometry_control,20,106,35,70,1.4715779301356502,934.7971812671884,-73.03511131677554,0.564569229500079,0.6312783727884883,0,-8.898360903019075
geometry_control,20,107,35,71,1.4039679464429167,1070.7118622223693,-76.78589941228041,0.6543621606948478,0.6312783727884883,1,-38.82072540461961
geometry_control,6,0,0,36,1.512807542241714,-256.2016586006744,-94.3204214959996,0.6801797247986987,0.6247647655981446,1,-77.22617585458346
geometry_control,6,1,0,41,1.3980260636793633,733.2810289553803,41.12978306301539,0.497769790205385,0.6247647655981446,0,-41.506305347920645
geometry_control,6,2,0,71,1.4479451898230502,484.87072084168494,26.869142025371133,0.5113778074723283,0.6247647655981446,0,-36.462712588133
geometry_control,6,3,1,36,1.3368541909021847,-93.7096501835284,-70.8910735001504,0.7643272326125441,0.6247647655981446,1,-106.93557561153023
geometry_control,6,4,1,37,1.4676871675821794,446.0941201576478,5.373717750582347,0.7676856264414813,0.6247647655981446,1,21.758740209330043
geometry_control,6,5,1,66,1.4895188235436283,407.79946652298537,-1.6678084970637301,0.623136850504345,0.6247647655981446,0,59.038962758760476
geometry_control,6,6,2,37,1.407602352404,824.8432569137595,52.12584253153392,0.7623770486064902,0.6247647655981446,1,4.639928659298221
geometry_control,6,7,2,38,1.4089936063053474,804.539890156362,31.156625337655523,0.6196553612834321,0.6247647655981446,0,-51.60845155178765
geometry_control,6,8,2,67,1.409097238737353,977.7323514345313,54.89759751960777,0.669246704158542,0.6247647655981446,1,-41.563511134419684
geometry_control,6,9,3,38,1.31106449947521,-540.2987049725875,-82.78254952095674,0.44148318746529014,0.6247647655981446,0,-151.83301770223778
geometry_control,6,10,3,39,1.3988345383515939,836.146433223949,12.779762028559027,0.4565190530212067,0.6247647655981446,0,-58.318321696390704
geometry_control,6,11,3,68,1.456379939488702,512.894471541544,22.957082553733954,0.49537668597382906,0.6247647655981446,0,-93.45711024940813
geometry_control,6,12,4,39,1.4304908949047501,995.3038669162833,44.55805065467511,0.6145395788214159,0.6247647655981446,0,-2.7691430429662134
geometry_control,6,13,4,40,1.4573602841247348,824.2281057087256,25.39119765738404,0.6063025217822595,0.6247647655981446,0,26.614913482690667
geometry_control,6,14,4,69,1.4426351545184186,714.0036044150612,16.255676018928263,0.6070780116332806,0.6247647655981446,0,27.337134832888495
geometry_control,6,15,5,40,1.482806270524472,439.6994310120563,5.069029372843905,0.45404871915624045,0.6247647655981446,0,9.636498631878553
geometry_control,6,16,5,41,1.4683657022481278,573.1015191918028,54.193934011791306,0.4042032695402873,0.6247647655981446,0,-42.42436232639417
geometry_control,6,17,5,70,1.3400064190985024,102.56486402668457,17.59542744189499,0.4067468412563995,0.6247647655981446,0,-83.21102172943671
geometry_control,6,18,6,41,1.408039849738852,494.15275467915,-1.775530748917911,0.5461960608230725,0.6247647655981446,0,-32.83652507116906
geometry_control,6,19,6,42,1.4418386972901165,722.8834662635708,35.328596569407324,0.6314248085780884,0.6247647655981446,1,-18.84914216197116
geometry_control,6,20,6,47,1.4532042562822578,654.5872055161644,22.018012657249482,0.6217265009074511,0.6247647655981446,0,15.372445376976529
geometry_control,6,21,7,36,1.3503225166810224,252.82215227984116,-63.005823603851084,0.6758619056617332,0.6247647655981446,1,-134.4667830483396
geometry_control,6,22,7,42,1.3891898076777023,669.8263672533776,-54.14528441252003,0.5786807188234353,0.6247647655981446,0,-93.69433074742273
geometry_control,6,23,7,43,1.486197240791876,462.93978238735457,14.472579094284177,0.5820001549795703,0.6247647655981446,0,-58.039847939311706
geometry_control,6,24,8,37,1.4356560500869449,805.1063334746577,30.046566080371203,0.6422847897902553,0.6247647655981446,1,-61.397595722499226
geometry_control,6,25,8,43,1.4660196517225863,660.4199166390724,-14.972522929713552,0.545064645279155,0.6247647655981446,0,-64.94876059548118
geometry_control,6,26,8,44,1.397948557628855,721.3879349687068,9.034104758113711,0.5249856106312829,0.6247647655981446,0,-79.13570545302518
geometry_control,6,27,9,38,1.4829563837218505,478.95963106961545,34.32471370128497,0.5636082288613424,0.6247647655981446,0,-57.288544388424235
geometry_control,6,28,9,44,1.4359840414582226,792.7116590349161,18.729635851681767,0.5890307370254282,0.6247647655981446,0,-23.239208189873793
geometry_control,6,29,9,45,1.4758068530559516,801.6493179225912,-1.4750324904312349,0.6057082766483946,0.6247647655981446,0,-50.893508667549014
geometry_control,6,30,10,39,1.4787917995816042,759.5788388734165,33.035787282013565,0.6410082891558435,0.6247647655981446,1,-15.622591020559234
geometry_control,6,31,10,45,1.4008792418464744,809.5370280059544,-7.684830124190006,0.668072471386979,0.6247647655981446,1,-59.02170157107972
geometry_control,6,32,10,46,1.4882454706764272,556.0280638258057,69.58669535410037,0.588209578772308,0.6247647655981446,0,-16.476220408513825
geometry_control,6,33,11,40,1.4605736530922442,713.2586949668215,32.064252987539305,0.47981567522711177,0.6247647655981446,0,9.20255160310753
geometry_control,6,34,11,46,1.3873164073563882,648.1061033396808,67.49486298866394,0.43525402188273254,0.6247647655981446,0,-4.841312952419926
geometry_control,6,35,11,47,1.4436925964536929,783.9306589528192,0.8866904188503839,0.5055006656955371,0.6247647655981446,0,7.497073764463323
geometry_control,6,36,12,47,1.480112320283898,599.6917391713033,13.269576114213928,0.6226763366889138,0.6247647655981446,0,24.517462712151342
geometry_control,6,37,12,48,1.4812090871162047,784.2550592045645,38.88811893031713,0.599169405191943,0.6247647655981446,0,-5.7378053278974335
geometry_control,6,38,12,53,1.3194153794071812,-568.0670193697462,-86.86962244057072,0.5068055520420179,0.6247647655981446,0,-36.081080072452075
geometry_control,6,39,13,42,1.397917782024214,1001.5096772887764,18.14595338212905,0.7140382126760221,0.6247647655981446,1,-73.03689899881343
geometry_control,6,40,13,48,1.4715083994397427,646.2225431165697,3.1265317680167493,0.6808329735084139,0.6247647655981446,1,-35.150513738535025
geometry_control,6,41,13,49,1.4419089529102878,712.3443846482569,62.14932892181284,0.8934968704917021,0.6247647655981446,1,-20.986323323413465
geometry_control,6,42,14,43,1.4265695169861161,721.2679775881021,-1.1024644763740556,0.4934299624845454,0.6247647655981446,0,-43.12742232931449
geometry_control,6,43,14,49,1.3207089036908124,-434.71374832224194,8.189724220315414,0.6695691841440905,0.6247647655981446,1,-72.26072030294172
geometry_control,6,44,14,50,1.4578976812396982,601.8560603092266,5.909057688356069,0.7885864668763392,0.6247647655981446,1,1.1402837011592624
geometry_control,6,45,15,44,1.3602829853449783,308.2441037058085,-7.148132960172542,0.5015037316474147,0.6247647655981446,0,-46.15452302354799
geometry_control,6,46,15,50,1.4756196545175349,727.4604572716214,31.287136801476183,0.8167392706870806,0.6247647655981446,1,25.888714062122673
geometry_control,6,47,15,51,1.4377228773527535,923.4222074689102,37.44998847253387,0.48445544159540654,0.6247647655981446,0,-25.528455652775154
geometry_control,6,48,16,45,1.4223240971496969,714.5571338403616,51.734628445051044,0.4738007432442436,0.6247647655981446,0,-66.9274593326913
geometry_control,6,49,16,51,1.415942312609071,845.3572913104416,16.95856226209905,0.4400749135692691,0.6247647655981446,0,-74.72000700974573
geometry_control,6,50,16,52,1.344274885526911,69.8516221664811,55.24309934816565,0.3960306591589436,0.6247647655981446,0,-84.87718947585205
geometry_control,6,51,17,46,1.450833774634021,1006.5934268276413,39.01740648547883,0.48012678398649045,0.6247647655981446,0,-39.703240057145024
geometry_control,6,52,17,52,1.39512949257262,856.9384118963724,41.83480566777446,0.48221959251586155,0.6247647655981446,0,-87.80041104955589
geometry_control,6,53,17,53,1.4224028063041598,714.6014682247369,-6.189175277261265,0.43450264315239917,0.6247647655981446,0,-37.8259688778094
geometry_control,6,54,18,53,1.435024321415325,763.0410240596507,13.763832644071217,0.45541801267974324,0.6247647655981446,0,-1.634973677113777
geometry_control,6,55,18,54,1.4238616492936855,821.0533677840813,24.240785692937582,0.6105366016429501,0.6247647655981446,0,-66.67478136287538
geometry_control,6,56,18,59,1.463673126969416,640.7662435263724,15.273919127326534,0.4815824283015029,0.6247647655981446,0,-56.40483625864339
geometry_control,6,57,19,48,1.4336382420139828,896.8715027942134,25.02398812820271,0.5413354571048068,0.6247647655981446,0,-50.54763015338649
geometry_control,6,58,19,54,1.4065661168710433,719.8676142988949,51.161192412195575,0.6040901929180887,0.6247647655981446,0,-104.28183378691965
geometry_control,6,59,19,55,1.3768596462504485,515.144101485967,37.5681991695591,0.4931048723745557,0.6247647655981446,0,-119.89543874831247
geometry_control,6,60,20,49,1.4270843638198272,1038.6936889279737,44.20431719421788,0.767057126423476,0.6247647655981446,1,-58.24512477245653
geometry_control,6,61,20,55,1.3812144462363012,636.9243695876028,29.723218461392797,0.5061626447099368,0.6247647655981446,0,-103.73096603786122
geometry_control,6,62,20,56,1.3978858485772656,808.7830727393844,55.889014411736575,0.5393599700167274,0.6247647655981446,0,-67.3846485255732
geometry_control,6,63,21,50,1.397960504732151,952.7557346577069,16.03950432903404,0.8474986970722238,0.6247647655981446,1,31.62723225573363
geometry_control,6,64,21,56,1.4816590616098297,530.089653620368,-13.933538572433763,0.5007842579332266,0.6247647655981446,0,38.840291272691246
geometry_control,6,65,21,57,1.4799537482967047,777.8627669984472,-26.61748566619237,0.4727441101689147,0.6247647655981446,0,10.16471107239957
geometry_control,6,66,22,51,1.4442117896862225,741.458435184774,33.62298818366025,0.46121028306719225,0.6247647655981446,0,-38.71722986797358
geometry_control,6,67,22,57,1.4664342599864268,721.4186889222385,17.729179429536288,0.41873952525555713,0.6247647655981446,0,-18.879895253619928
geometry_control,6,68,22,58,1.3690656837708408,473.3964653502507,11.457856328760032,0.42588105486503847,0.6247647655981446,0,-46.317200324403586
geometry_control,6,69,23,52,1.4912279101071433,423.1322782976402,36.6652019041576,0.43217591385163723,0.6247647655981446,0,-75.87854291856351
geometry_control,6,70,23,58,1.4542985560525066,821.9714147270493,24.904704744081933,0.44089094005980894,0.6247647655981446,0,-32.493160103802865
geometry_control,6,71,23,59,1.3809159875494637,571.0115668998732,52.46636209718484,0.4106233801099346,0.6247647655981446,0,-79.23394232731567
geometry_control,6,72,24,59,1.3861870292596297,616.2960842383762,5.210367935229318,0.3941283759059783,0.6247647655981446,0,-93.79503203880003
geometry_control,6,73,24,60,1.4111920707668226,1006.8702191691604,58.34904287372404,0.5279030442190314,0.6247647655981446,0,-63.26719008797832
geometry_control,6,74,24,65,1.4859828262842856,729.446105638837,10.414719153867804,0.507085359862617,0.6247647655981446,0,-65.22890439064942
geometry_control,6,75,25,54,1.3674406621726005,526.0956691287995,20.9406547621689,0.5819769400976116,0.6247647655981446,0,-122.5924817879029
geometry_control,6,76,25,60,1.466955238260029,465.60022736802335,7.982445276870278,0.5867974350692173,0.6247647655981446,0,-99.37140811382675
geometry_control,6,77,25,61,1.3262199524890337,-388.5122731226965,7.931750571801261,0.5247649376171202,0.6247647655981446,0,-171.83902598113298
geometry_control,6,78,26,55,1.494487326181354,265.9965597004005,2.3802199337768504,0.40152032706439356,0.6247647655981446,0,-181.1564091493554
geometry_control,6,79,26,61,1.3934355123710542,718.4300737724626,11.577132269726064,0.4552936451274352,0.6247647655981446,0,-135.79070641343918
geometry_control,6,80,26,62,1.3651163352946603,376.7486539184506,0.7788731784156011,0.4634641681208582,0.6247647655981446,0,-10.64161160578783
geometry_control,6,81,27,56,1.4510156660016351,986.8610406287701,-2.244022461802062,0.5365804561117531,0.6247647655981446,0,-4.841341080832976
geometry_control,6,82,27,62,1.388233981835233,564.1147053807243,14.924580229235513,0.5653269718614271,0.6247647655981446,0,-64.05376205360002
geometry_control,6,83,27,63,1.4763194850363341,448.1813015342894,-25.977019459571352,0.49464165586070874,0.6247647655981446,0,-31.131568895647334
geometry_control,6,84,28,57,1.4275298437884563,1080.2231874743075,25.81326971273324,0.8581536003450358,0.6247647655981446,1,54.77524408847813
geometry_control,6,85,28,63,1.4137767677796482,753.9769011887445,27.24042378833546,0.8442549478583034,0.6247647655981446,1,25.377918082524218
geometry_control,6,86,28,64,1.4522954268323225,647.295015769247,69.64157825641165,0.8779873923864543,0.6247647655981446,1,57.62474092077656
geometry_control,6,87,29,58,1.4491530559997359,856.7360059951894,8.331034073469654,0.46863003325966546,0.6247647655981446,0,-34.411847067526864
geometry_control,6,88,29,64,1.4323299101795677,837.1625431209036,23.112864368311257,0.48132229569160245,0.6247647655981446,0,-29.66926554781031
geometry_control,6,89,29,65,1.410226190605933,773.1216251126209,7.528981482294729,0.5513194572664298,0.6247647655981446,0,-45.41334370652986
geometry_control,6,90,30,65,1.372758835880856,600.8085610000236,-19.164604901501644,0.532953753661172,0.6247647655981446,0,-77.74463142707124
geometry_control,6,91,30,66,1.4596316717278746,672.7943463953823,-1.3353121082430413,0.4753922511304056,0.6247647655981446,0,-40.51554459347676
geometry_control,6,92,30,71,1.4217443437784136,684.3724004381944,12.257195607383183,0.4477807159122342,0.6247647655981446,0,-83.18208212378582
geometry_control,6,93,31,60,1.4280590410291127,847.5490145420717,39.03285737061945,0.5806468229190844,0.6247647655981446,0,-5.098768708036786
geometry_control,6,94,31,66,1.425701598520152,838.7871073445509,26.69033452518125,0.5022676360319036,0.6247647655981446,0,1.303133018945239
geometry_control,6,95,31,67,1.4275913768320054,699.3016751575115,48.275105151471806,0.5536860675210917,0.6247647655981446,0,0.3273156641877577
geometry_control,6,96,32,61,1.4625617539369167,634.3239431863196,-1.6192100903035662,0.5176253870286869,0.6247647655981446,0,-134.8101921796544
geometry_control,6,97,32,67,1.4400982265498263,815.6276737986806,23.939752027271535,0.5526971290827913,0.6247647655981446,0,-97.44582083639807
geometry_control,6,98,32,68,1.339894564477318,-120.98292874536065,-9.329560551070392,0.5569992847162204,0.6247647655981446,0,-140.05559225426524
geometry_control,6,99,33,62,1.4327602065267253,761.1247264973082,17.60138219183214,0.6200197583870377,0.6247647655981446,0,-52.06533749033006
geometry_control,6,100,33,68,1.4166469526286936,873.9347833196975,53.64648089475223,0.6512231330811483,0.6247647655981446,1,-99.9289834306111
geometry_control,6,101,33,69,1.4893149490167876,383.0285653070539,29.655421637058133,0.6049039329403907,0.6247647655981446,0,-29.05572345661531
geometry_control,6,102,34,63,1.4164759061844763,870.6659204211883,30.757448829006968,0.4328491762517248,0.6247647655981446,0,-57.87428239348437
geometry_control,6,103,34,69,1.4474526207256062,749.8364272543648,10.010311002474417,0.48841866680579626,0.6247647655981446,0,-7.307698447640064
geometry_control,6,104,34,70,1.4614241382681945,710.6084503593937,10.689163785529866,0.44034129905493424,0.6247647655981446,0,-44.25460558812766
geometry_control,6,105,35,64,1.483597669879744,486.120622287984,12.325927035595152,0.6338015526457497,0.6247647655981446,1,-33.162623386273324
geometry_control,6,106,35,70,1.4268039629928706,822.3907634313288,52.19440021708976,0.607561230920808,0.6247647655981446,0,-64.20824527564432
geometry_control,6,107,35,71,1.3990196091017715,861.0326517353499,28.399349083722008,0.6186256764716391,0.6247647655981446,0,-69.86399129882192
geometry_control,203,0,0,36,1.4139393697617595,891.304481797352,-4.266136771165544,0.5214412588759503,0.6240620351443643,0,-51.38004648871812
geometry_control,203,1,0,41,1.3931206645434526,948.8012164229416,-14.532461375790351,0.472215578846378,0.6240620351443643,0,-81.44583450979654
geometry_control,203,2,0,71,1.4166507112839335,1091.785032148356,-16.982619659261644,0.4237194748656268,0.6240620351443643,0,-20.23116404901425
geometry_control,203,3,1,36,1.451875188827167,858.5145080953657,-4.668197526798368,0.48843711806151247,0.6240620351443643,0,-44.437565626194996
geometry_control,203,4,1,37,1.3941923625063835,876.0938621631542,-31.069750338863702,0.43416417210148184,0.6240620351443643,0,-84.770163190912
geometry_control,203,5,1,66,1.4784040646223675,778.0618902419172,37.732706055893956,0.4664150348441202,0.6240620351443643,0,-20.222186059480716
geometry_control,203,6,2,37,1.3754129235854633,788.0983828796593,8.201374689347354,0.4572614890868634,0.6240620351443643,0,-103.38635261172999
geometry_control,203,7,2,38,1.4637738422214768,1028.307543711085,-8.528832894103209,0.4438913489642058,0.6240620351443643,0,-105.20411703691894
geometry_control,203,8,2,67,1.4182934286246207,1146.7259999845726,-15.028042811777706,0.5503056227700047,0.6240620351443643,0,-43.53218536489645
geometry_control,203,9,3,38,1.3725457553870497,800.8010127675198,-12.861079760173595,0.4748726998364945,0.6240620351443643,0,-95.14160165887756
geometry_control,203,10,3,39,1.4352767031212048,813.4392133792874,-10.305199523396684,0.6238528110966425,0.6240620351443643,0,-19.39995180516732
geometry_control,203,11,3,68,1.3829347220792416,945.6599071627867,-44.13876501150779,0.5185989581005648,0.6240620351443643,0,-51.90132058680203
geometry_control,203,12,4,39,1.4350305675399686,949.0921404982051,-27.4453834808587,0.660078053221139,0.6240620351443643,1,8.47994170309709
geometry_control,203,13,4,40,1.4624681734234721,1025.6634046099782,-23.083654547699886,0.537776028727144,0.6240620351443643,0,6.372137448896318
geometry_control,203,14,4,69,1.4527147089291867,1172.9642881503798,-9.490505124922871,0.5599980807516419,0.6240620351443643,0,2.358463511783526
geometry_control,203,15,5,40,1.3890231646544415,823.7024019269128,-29.16637718303401,0.48905868993622914,0.6240620351443643,0,-40.646131900636014
geometry_control,203,16,5,41,1.396600024249873,954.738250955036,-51.37948676405146,0.48079800922319216,0.6240620351443643,0,-47.04833768875062
geometry_control,203,17,5,70,1.4569002447474881,933.9235468622969,-29.019490826969207,0.5254203688345268,0.6240620351443643,0,-17.487483788658523
geometry_control,203,18,6,41,1.4332414859939746,1001.3453661788305,-47.71066442725305,0.6158219933499567,0.6240620351443643,0,-57.97098890629605
geometry_control,203,19,6,42,1.391157577586656,1077.9342126876809,-28.545961869441882,0.7717741700238288,0.6240620351443643,1,-50.8317924809261
geometry_control,203,20,6,47,1.430196133340986,1177.6112741465383,-41.03662369743451,0.7621371070190566,0.6240620351443643,1,1.9990691177691389
geometry_control,203,21,7,36,1.4026233507270818,1095.597534037579,7.590201524205392,0.5601170830319635,0.6240620351443643,0,-73.93589520894912
geometry_control,203,22,7,42,1.4382060073696628,1005.4030697283731,-13.676833766962403,0.6668435796762633,0.6240620351443643,1,-76.77105288901919
geometry_control,203,23,7,43,1.4177250681488023,955.5914665661586,-0.7583696650625277,0.6411627840264527,0.6240620351443643,1,-50.25648925513005
geometry_control,203,24,8,37,1.506333426964476,396.6786036589601,-12.894580629818943,0.47651237587914536,0.6240620351443643,0,-71.05508633942628
geometry_control,203,25,8,43,1.4057245601636486,1076.2825155690807,-24.17188518640094,0.6118310228336652,0.6240620351443643,0,14.937456270652554
geometry_control,203,26,8,44,1.4437413775934504,1222.0509575434237,-44.371648920851946,0.5249417889110876,0.6240620351443643,0,-7.212900493590347
geometry_control,203,27,9,38,1.3881322148271469,883.4861829828355,-24.978078182898265,0.3949553396472776,0.6240620351443643,0,-63.10687576374916
geometry_control,203,28,9,44,1.4018171800972192,890.2918223584346,-23.37907438247616,0.4567548928018774,0.6240620351443643,0,-40.136947178042696
geometry_control,203,29,9,45,1.4138695690077545,1037.1006479919822,-5.242805213234093,0.4357964058504883,0.6240620351443643,0,-47.66584412327891
geometry_control,203,30,10,39,1.4300508094238935,1235.5769962853506,-9.507097214082613,0.5844122875737339,0.6240620351443643,0,-11.630002606973346
geometry_control,203,31,10,45,1.4394065109802423,980.086993962913,-23.458248134682986,0.4762732425167967,0.6240620351443643,0,-32.86313602818516
geometry_control,203,32,10,46,1.4406600715260156,958.3374291656983,33.94821472378473,0.573357747497734,0.6240620351443643,0,20.161628297371145
geometry_control,203,33,11,40,1.495849199003342,564.6158055610503,-23.799091542254484,0.5643624646740125,0.6240620351443643,0,-11.00565055699995
geometry_control,203,34,11,46,1.4415030636596076,894.9899415284686,-6.035350639446057,0.6756099490920076,0.6240620351443643,1,36.137012518307436
geometry_control,203,35,11,47,1.3815737983683152,1012.2513853094719,-21.935916090160994,0.7024168976300753,0.6240620351443643,1,-35.043079166356605
geometry_control,203,36,12,47,1.4964173427155596,514.472411894859,-10.82988074801556,0.5213643197644567,0.6240620351443643,0,-60.512362987726135
geometry_control,203,37,12,48,1.4367205516597172,893.8756324331971,-2.391565276326547,0.5357786702197093,0.6240620351443643,0,-64.43306341137921
geometry_control,203,38,12,53,1.3745727221481323,766.2033802120656,-6.170712113017616,0.4013164759761664,0.6240620351443643,0,-67.24440643199661
geometry_control,203,39,13,42,1.341561772302425,96.61471963844615,-89.60220807776146,0.5830268156479708,0.6240620351443643,0,-136.43891812059329
geometry_control,203,40,13,48,1.3215882077570944,-404.3925723029669,-63.819686035678444,0.5878041030984509,0.6240620351443643,0,-102.14345369650468
geometry_control,203,41,13,49,1.4201359343488975,913.8755807125967,-60.49113715863641,0.4487246351342702,0.6240620351443643,0,-100.96180797092083
geometry_control,203,42,14,43,1.3883538723918916,827.9507835724868,20.524938086574554,0.7447046834176966,0.6240620351443643,1,-33.42434402566544
geometry_control,203,43,14,49,1.4213175998603595,1075.237953673636,-19.952884250717787,0.6360832985538069,0.6240620351443643,1,-44.499427680486306
geometry_control,203,44,14,50,1.4468311081428409,1261.6709052104256,-44.76535790347611,0.6707002366937782,0.6240620351443643,1,-27.90006646076172
geometry_control,203,45,15,44,1.4470962679211528,1008.9056583788332,-28.74392284833585,0.5197914332287548,0.6240620351443643,0,-45.429984816484875
geometry_control,203,46,15,50,1.4460314145565758,964.0076187862762,-30.583436846823453,0.5326762204274139,0.6240620351443643,0,-58.61005521079308
geometry_control,203,47,15,51,1.3892162801090473,843.86088205964,-40.20398006100705,0.45138447772948415,0.6240620351443643,0,-50.63188568804965
geometry_control,203,48,16,45,1.4473483852473683,914.1003177139709,-24.990493248817344,0.47631613962266117,0.6240620351443643,0,-56.68007455100141
geometry_control,203,49,16,51,1.3842220842977415,800.9973178008803,-12.406534883865099,0.4288676710747797,0.6240620351443643,0,-54.53754103298522
geometry_control,203,50,16,52,1.43614012047294,947.3796142325248,-27.809543790243893,0.4786835264270495,0.6240620351443643,0,-38.57536903623118
geometry_control,203,51,17,46,1.4051845153026996,1063.9378134447895,27.960148950917365,0.8861872325710967,0.6240620351443643,1,46.95284283252965
geometry_control,203,52,17,52,1.4989167232624225,479.6104566591618,-24.359939295028582,0.7914701143945476,0.6240620351443643,1,-1.494601024688187
geometry_control,203,53,17,53,1.4500418392100236,1232.6385352255988,-8.319719277705303,0.792946337320874,0.6240620351443643,1,24.2303073233439
geometry_control,203,54,18,53,1.5227448556343297,188.1386102295058,4.426585336831306,0.5091913845402679,0.6240620351443643,0,-30.417480707644824
geometry_control,203,55,18,54,1.3953048179524747,786.355064221237,-13.491362700780254,0.5629678192398725,0.6240620351443643,0,25.9559356240407
geometry_control,203,56,18,59,1.4812616699478427,852.8477130370686,23.50162944880805,0.6198131098120571,0.6240620351443643,0,-62.178812772199365
geometry_control,203,57,19,48,1.493298637427794,753.2050870294624,-23.249782514968533,0.7364473459122226,0.6240620351443643,1,-92.743344296071
geometry_control,203,58,19,54,1.3308750278520105,-55.20172220122055,-27.0022133581623,0.6557615863682843,0.6240620351443643,1,-33.672171699874774
geometry_control,203,59,19,55,1.4189154961136752,1415.226025881176,-28.431596457506057,0.6751403367960195,0.6240620351443643,1,-33.757256103884956
geometry_control,203,60,20,49,1.4104772986460055,1144.140847978655,-27.3827420829433,0.5832335878237287,0.6240620351443643,0,-4.867393263951769
geometry_control,203,61,20,55,1.4387999527498743,1024.7728617374162,-15.476604993264743,0.6610060466717063,0.6240620351443643,1,-20.775826353136303
geometry_control,203,62,20,56,1.4751554767225539,834.659964868734,-9.886595932753536,0.6128688133651976,0.6240620351443643,0,-21.602446310453256
geometry_control,203,63,21,50,1.3805352392519168,800.7289570974627,-5.840108824147854,0.5754939319200991,0.6240620351443643,0,-39.24982496348178
geometry_control,203,64,21,56,1.44755385402009,1151.030338555318,-13.573844155236246,0.5705122193215966,0.6240620351443643,0,-43.04971269691665
geometry_control,203,65,21,57,1.4614774376596267,849.650913526728,-19.946611166726544,0.5339129315269213,0.6240620351443643,0,-59.35706140823972
geometry_control,203,66,22,51,1.3998424584763134,873.843720406934,-35.46107199929201,0.4302387238296578,0.6240620351443643,0,-52.364232345051064
geometry_control,203,67,22,57,1.4093492648014458,1086.3911907903928,-45.360216903185425,0.46994946613440974,0.6240620351443643,0,-87.69364861077808
geometry_control,203,68,22,58,1.447986325861014,1030.6270943387167,-13.547289724036935,0.501285456972556,0.6240620351443643,0,-73.51132165501306
geometry_control,203,69,23,52,1.4341197718591014,1122.0876994394218,-7.4803531805592325,0.5123481974928212,0.6240620351443643,0,-16.61667960031278
geometry_control,203,70,23,58,1.4340266617148005,1060.1133066512655,-18.818652868303822,0.5335790752834495,0.6240620351443643,0,-30.399097861243305
geometry_control,203,71,23,59,1.4249831251115659,906.997709399534,-12.993949668374643,0.6244461456909367,0.6240620351443643,1,-7.000452390424535
geometry_control,203,72,24,59,1.419566780433998,1037.8017152494194,12.18467266343785,0.6781836457635261,0.6240620351443643,1,-12.821115633444613
geometry_control,203,73,24,60,1.4024182221373271,1343.05467077903,-11.196586805998807,0.7266553582287,0.6240620351443643,1,-1.0738613482451598
geometry_control,203,74,24,65,1.4280073134381455,934.651810824001,-7.347921239754432,0.5152223253160915,0.6240620351443643,0,-74.14699461427975
geometry_control,203,75,25,54,1.395910060373722,837.9084889061794,8.405393559461103,0.5498667154288657,0.6240620351443643,0,-49.39635469893659
geometry_control,203,76,25,60,1.4658882535414208,827.387932977439,-26.526118918388068,0.6551837184662241,0.6240620351443643,1,-28.216440842240356
geometry_control,203,77,25,61,1.4170949802689699,951.9073184483501,-39.11122384301778,0.48904443776946216,0.6240620351443643,0,-96.16197813327571
geometry_control,203,78,26,55,1.397981651991643,1015.2755647370535,-24.540445172972817,0.527485486413276,0.6240620351443643,0,-74.42434519449289
geometry_control,203,79,26,61,1.362333052933221,531.5225958401528,-6.815232718556569,0.44728445832613734,0.6240620351443643,0,-105.82368604208435
geometry_control,203,80,26,62,1.4773008174540498,866.4512590616667,-20.499801464147367,0.6187971611950687,0.6240620351443643,0,-41.71492269832213
geometry_control,203,81,27,56,1.4419000516097646,1014.6643009348355,-13.101904952132509,0.5026046577207819,0.6240620351443643,0,-36.96547430276917
geometry_control,203,82,27,62,1.4287353353257062,1096.3697564482443,-18.442285664768594,0.6420535658090833,0.6240620351443643,1,-24.428752846001686
geometry_control,203,83,27,63,1.3915069653896068,1350.697792665245,-15.402281098210057,0.657934405488067,0.6240620351443643,1,-54.25531595885768
geometry_control,203,84,28,57,1.371099344718443,716.2740459306125,4.9517731234293425,0.42894562072594256,0.6240620351443643,0,-90.95494100297623
geometry_control,203,85,28,63,1.401579754128577,1024.3298299712055,6.254303047981503,0.620874656287903,0.6240620351443643,0,-62.950414475276304
geometry_control,203,86,28,64,1.4811479983025337,865.9111440792593,7.241140725089735,0.4699344085938958,0.6240620351443643,0,-58.54886338249454
geometry_control,203,87,29,58,1.3972119247625052,956.3403639768806,-16.310670749310447,0.523969925570855,0.6240620351443643,0,-76.74057469064715
geometry_control,203,88,29,64,1.4475820424790673,1098.7238799291647,-18.63743829945256,0.533622722600662,0.6240620351443643,0,-56.68178794535144
geometry_control,203,89,29,65,1.3765515419186003,607.4006240859928,24.138704846561993,0.4518756755309076,0.6240620351443643,0,-106.1445392966221
geometry_control,203,90,30,65,1.3856481697193015,838.6267056884444,17.245430415738227,0.46684974661240997,0.6240620351443643,0,-64.70154797145916
geometry_control,203,91,30,66,1.4554616205296569,861.6681339446159,-8.366738289846454,0.520125668719426,0.6240620351443643,0,-36.3744993345758
geometry_control,203,92,30,71,1.5049335649674283,544.9630408961912,18.68312915719722,0.44442596792649475,0.6240620351443643,0,-95.32807028126935
geometry_control,203,93,31,60,1.4772447585697428,812.0683639559601,15.041221120747654,0.7717251337605653,0.6240620351443643,1,-10.711239439675907
geometry_control,203,94,31,66,1.44167576159425,1063.6477518001457,-48.29214799612888,0.6135680229549728,0.6240620351443643,0,-24.360840163715118
geometry_control,203,95,31,67,1.3152688232750522,-361.2345269039866,-69.05609883110486,0.6743612938954756,0.6240620351443643,1,-64.10120642936504
geometry_control,203,96,32,61,1.4697360521495229,825.3069489274593,-35.52264691407259,0.6254831664838494,0.6240620351443643,1,-44.42793859837853
geometry_control,203,97,32,67,1.403439183598058,847.596193619341,-42.75612110322344,0.6942586073155216,0.6240620351443643,1,6.114260588846292
geometry_control,203,98,32,68,1.4508414199822681,1337.794565965109,-41.95960574946214,0.6315705917737929,0.6240620351443643,1,-36.68548161240274
geometry_control,203,99,33,62,1.4009633079020236,1265.2359709602172,-34.71402852262706,0.6151240039389733,0.6240620351443643,0,-58.717359068598
geometry_control,203,100,33,68,1.4877471348224043,683.0469227446955,-20.89434558269078,0.4496987263599855,0.6240620351443643,0,-61.38855184459635
geometry_control,203,101,33,69,1.4153528564923208,1003.1716976585774,-30.360452306090636,0.45487260688656617,0.6240620351443643,0,-51.42229803083265
geometry_control,203,102,34,63,1.469027757391157,917.645963880165,-6.386028341759536,0.6620434677702469,0.6240620351443643,1,-35.42148635028414
geometry_control,203,103,34,69,1.3708579558542096,728.4037784381347,-7.537172770593705,0.4859112310388563,0.6240620351443643,0,-46.5602123201963
geometry_control,203,104,34,70,1.4878793099880259,733.8068835981793,3.9436255269948326,0.5000508579126561,0.6240620351443643,0,-20.010689604028347
geometry_control,203,105,35,64,1.3955445382601055,888.5975204841238,-24.933771460081083,0.45484563957901214,0.6240620351443643,0,-61.35071485837276
geometry_control,203,106,35,70,1.4426688103495022,795.3003678135517,-3.8919189429633048,0.4437932774154284,0.6240620351443643,0,-24.984093759957677
geometry_control,203,107,35,71,1.3349269913793924,169.529416551486,11.520918967535964,0.3506748138233425,0.6240620351443643,0,-94.4067024121027
bond_length_control,94,0,0,36,1.3910826091423445,855.4704186252885,24.11537748017498,0.4580140116469047,0.5688657488163595,0,2.371762046840617
bond_length_control,94,1,0,41,1.4226454570369447,1203.9847919740243,-18.1594763962702,0.5268048771514979,0.5688657488163595,0,-2.109187830455209
bond_length_control,94,2,0,71,1.4972993441168152,725.2194793780524,28.405004945362855,0.5575414272249974,0.5688657488163595,0,-24.068797709417296
bond_length_control,94,3,1,36,1.3733004800723627,587.7800713249309,2.3585403711318746,0.4069515281364079,0.5688657488163595,0,3.709318324070617
bond_length_control,94,4,1,37,1.4205248973080284,1360.6828287518695,52.19495259640308,0.4755206203669832,0.5688657488163595,0,-1.7217977190983635
bond_length_control,94,5,1,66,1.5862276990373492,-818.2929406113866,-52.10898743590037,0.44447789938082116,0.5688657488163595,0,-72.96365628699131
bond_length_control,94,6,2,37,1.5110807960941954,499.70633959013355,-0.053911393165710725,0.5251292055241084,0.5688657488163595,0,-29.96529606302861
bond_length_control,94,7,2,38,1.4299303839246404,1058.6083563892425,-3.8238518584793098,0.528065682566972,0.5688657488163595,0,-3.5364819473342077
bond_length_control,94,8,2,67,1.402797054080899,1319.9564595362715,13.664956235442316,0.5153079138469008,0.5688657488163595,0,1.027558875930568
bond_length_control,94,9,3,38,1.5037165072873289,523.3785951569861,-10.19950205748251,0.5558289131853735,0.5688657488163595,0,-26.740409795700074
bond_length_control,94,10,3,39,1.4030662531953084,1364.4174559519056,17.85370197466904,0.5540472834705381,0.5688657488163595,0,0.9922849403537288
bond_length_control,94,11,3,68,1.4729952382035687,980.3590589448697,-10.049894110874176,0.5488100293677007,0.5688657488163595,0,-15.100694023065595
bond_length_control,94,12,4,39,1.4282564842932257,930.8839274308514,16.644844044669007,0.5045011434300329,0.5688657488163595,0,-3.1952545871410463
bond_length_control,94,13,4,40,1.4124189370887088,1114.4569878959664,-3.918702899400805,0.49378962607060495,0.5688657488163595,0,-0.3567430324779437
bond_length_control,94,14,4,69,1.4024234838904601,1258.5286738009816,10.086875122131305,0.5250241227919313,0.5688657488163595,0,1.0761808054134256
bond_length_control,94,15,5,40,1.3421399896087025,439.13392383603826,15.2293342988683,0.5305691717606633,0.5688657488163595,0,4.067493854195101
bond_length_control,94,16,5,41,1.4684663752195157,1013.3360545925651,13.439296306962326,0.5403476150660812,0.5688657488163595,0,-13.62763758562477
bond_length_control,94,17,5,70,1.4479660420284532,1130.9395917429545,-4.099397851908375,0.5582323189647704,0.5688657488163595,0,-7.721160253340075
bond_length_control,94,18,6,41,1.435087344722947,1316.2242181537185,9.738611424153204,0.5276101472507491,0.5688657488163595,0,-4.637790922717583
bond_length_control,94,19,6,42,1.4150505067149806,1066.3064624718172,44.27015058453713,0.5004716994379961,0.5688657488163595,0,-0.7798547142798471
bond_length_control,94,20,6,47,1.4793709409684563,903.3788152037041,16.785110525063406,0.5276638438005836,0.5688657488163595,0,-17.279077747446685
bond_length_control,94,21,7,36,1.3678498966135975,751.9519273749823,19.107371981137184,0.45346354272086054,0.5688657488163595,0,3.9523964762238197
bond_length_control,94,22,7,42,1.4114636346184672,1126.4498226044645,15.966636521613088,0.49511596041270073,0.5688657488163595,0,-0.2078951637068034
bond_length_control,94,23,7,43,1.477816454646723,880.9667086705225,-5.005977557730558,0.5404064942385416,0.5688657488163595,0,-16.736632038899494
bond_length_control,94,24,8,37,1.3526949689094148,426.9685461969445,4.581400296364438,0.4518655428624324,0.5688657488163595,0,4.224149955230731
bond_length_control,94,25,8,43,1.3973134258174358,938.0054290726339,58.56649053130032,0.4702394021495381,0.5688657488163595,0,1.703098905675171
bond_length_control,94,26,8,44,1.3664490064738735,637.1492661684752,23.87203612813982,0.4849691092779236,0.5688657488163595,0,4.002368659150465
bond_length_control,94,27,9,38,1.3360377772378191,498.89524354959605,-1.5343024191647667,0.5417468298657903,0.5688657488163595,0,3.849346137178083
bond_length_control,94,28,9,44,1.4658604777134931,981.2258602994889,-4.575496599782082,0.571913919238418,0.5688657488163595,1,-12.807856114855811
bond_length_control,94,29,9,45,1.4500734013598335,901.0914459867382,8.203863107003048,0.5270092036149373,0.5688657488163595,0,-8.271391045628596
bond_length_control,94,30,10,39,1.512805124826537,348.4905483354954,-8.186872320322253,0.5188785277844831,0.5688657488163595,0,-30.745106503923857
bond_length_control,94,31,10,45,1.4019351760126055,1243.6258470042176,14.286227182300436,0.5059225312484655,0.5688657488163595,0,1.1391617145445192
bond_length_control,94,32,10,46,1.4190292190170481,1426.969638677649,0.7637544236468001,0.5107339037073784,0.5688657488163595,0,-1.4561392644178976
bond_length_control,94,33,11,40,1.4494715879207785,943.5794268776751,-15.725456920530702,0.5190293922524746,0.5688657488163595,0,-8.112938241986239
bond_length_control,94,34,11,46,1.450259628940738,1143.339515096652,2.661664666824841,0.5215962855347978,0.5688657488163595,0,-8.320637266515666
bond_length_control,94,35,11,47,1.4205115775485926,1252.6804291151536,4.56164767310798,0.5288615321077269,0.5688657488163595,0,-1.7194042675160368
bond_length_control,94,36,12,47,1.4319351561503288,1003.4367394390069,-33.15789440869636,0.5360713454586792,0.5688657488163595,0,-3.955622200086216
bond_length_control,94,37,12,48,1.3747221988294773,804.0551340373679,-18.065857521948907,0.5369230849654096,0.5688657488163595,0,3.6331364191413815
bond_length_control,94,38,12,53,1.4833054609982357,870.4305873529894,-10.26106386785821,0.5300913051306559,0.5688657488163595,0,-18.684831705787623
bond_length_control,94,39,13,42,1.400874009011166,1070.012051404186,-3.1690258665432873,0.5051535344421236,0.5688657488163595,0,1.2737856143079362
bond_length_control,94,40,13,48,1.4994883272757629,593.6837686253443,-0.9045170027246335,0.5331974183114416,0.5688657488163595,0,-24.965697691386737
bond_length_control,94,41,13,49,1.43566683057242,958.2220935157133,23.215689866020636,0.5312615389310269,0.5688657488163595,0,-4.766283993925084
bond_length_control,94,42,14,43,1.44549195172947,1278.161841721242,0.8007037128451369,0.5386237506363337,0.5688657488163595,0,-7.091653948937468
bond_length_control,94,43,14,49,1.4263398774721714,1046.5089252670957,19.73439500695607,0.5194412212993962,0.5688657488163595,0,-2.8142899630419613
bond_length_control,94,44,14,50,1.3407454143611117,347.7934041333829,32.89446925017107,0.4765596999766927,0.5688657488163595,0,4.025831263687559
bond_length_control,94,45,15,44,1.496603675661056,705.24918713762,19.307410614390346,0.5903276074747177,0.5688657488163595,1,-23.786876677863994
bond_length_control,94,46,15,50,1.5146188469618211,473.16156735259773,-15.362737437697117,0.5135338496866912,0.5688657488163595,0,-31.575510567164883
bond_length_control,94,47,15,51,1.4160443200756212,971.1274407489202,-42.812047580654074,0.5422709212237059,0.5688657488163595,0,-0.9446466218632414
bond_length_control,94,48,16,45,1.3707324767622397,732.3722695465802,-23.316470254314694,0.5246018340210024,0.5688657488163595,0,3.8335053963742514
bond_length_control,94,49,16,51,1.4374983791935803,1101.3968700691078,-11.607619378169222,0.5214498633934712,0.5688657488163595,0,-5.178722524667502
bond_length_control,94,50,16,52,1.457527728350745,1137.8349655783318,-18.039863785899627,0.530703769604724,0.5688657488163595,0,-10.321892522906852
bond_length_control,94,51,17,46,1.4271945033535822,961.7687652830955,-41.531833688267746,0.4993278078451856,0.5688657488163595,0,-2.9828814090495763
bond_length_control,94,52,17,52,1.4192501876847963,1025.1921481796576,-6.01963100931098,0.5006183709699944,0.5688657488163595,0,-1.494993195974442
bond_length_control,94,53,17,53,1.4054774701200734,998.9401751557918,-13.060138643396483,0.5006130140900914,0.5688657488163595,0,0.6674938635521155
bond_length_control,94,54,18,53,1.4125083655224295,1128.120698305994,-37.69378521182624,0.5118795377577777,0.5688657488163595,0,-0.37080640346261706
bond_length_control,94,55,18,54,1.401360932569208,1090.2577272170065,-14.999208790218422,0.5128430415175815,0.5688657488163595,0,1.2123938098254783
bond_length_control,94,56,18,59,1.4726022443596138,876.6588599667203,-39.92357835658929,0.5161397061645088,0.5688657488163595,0,-14.97043034611258
bond_length_control,94,57,19,48,1.4154163793725598,1269.199888996727,-4.135260675560774,0.5242256744399623,0.5688657488163595,0,-0.840203396487623
bond_length_control,94,58,19,54,1.4631381105047145,1044.1267415852358,-5.593036279978851,0.5183573983650125,0.5688657488163595,0,-11.973038101222839
bond_length_control,94,59,19,55,1.373679486902283,911.9229375114276,-0.3230169251445293,0.48944698988715174,0.5688657488163595,0,3.689527762000326
bond_length_control,94,60,20,49,1.3758587684781813,780.8175927701261,31.679188366142412,0.48788628413837065,0.5688657488163595,0,3.5684167974978127
bond_length_control,94,61,20,55,1.3435790312786378,437.5010333232383,36.765508149201565,0.45504347896597486,0.5688657488163595,0,4.105377868920728
bond_length_control,94,62,20,56,1.4561562442566156,977.5031844867035,15.026083829203621,0.4986095556987936,0.5688657488163595,0,-9.93239238213278
bond_length_control,94,63,21,50,1.3662617455748776,671.0173180063588,19.325786883106357,0.5050402852592379,0.5688657488163595,0,4.008662484330218
bond_length_control,94,64,21,56,1.45299459756637,1083.545564516649,39.35243585278041,0.5586450781423644,0.5688657488163595,0,-9.055541052676768
bond_length_control,94,65,21,57,1.4864206457535838,773.7583916101049,-6.7892825897892255,0.5665604770178974,0.5688657488163595,0,-19.831311265305715
bond_length_control,94,66,22,51,1.333348821078626,241.10755562537034,-20.925805579329882,0.5119679673644066,0.5688657488163595,0,3.7238288279021834
bond_length_control,94,67,22,57,1.4392385686925124,1261.4800763814073,-6.599900467024224,0.5447510875860513,0.5688657488163595,0,-5.579497312790602
bond_length_control,94,68,22,58,1.4490732350006528,1045.3503059296752,-23.32554666035344,0.5406635993909619,0.5688657488163595,0,-8.00863553379144
bond_length_control,94,69,23,52,1.4094316986697775,1087.6916683904815,-25.305082339930077,0.5003686780364164,0.5688657488163595,0,0.10031564345191235
bond_length_control,94,70,23,58,1.4044997888009438,1105.5124682648202,-36.0923994012843,0.5198104038517188,0.5688657488163595,0,0.8011066287410262
bond_length_control,94,71,23,59,1.4399494329129614,1012.4759547892055,-37.77278019324079,0.5046234895632444,0.5688657488163595,0,-5.745715377995442
bond_length_control,94,72,24,59,1.4500545237232507,1146.7006404116717,-13.43379633012338,0.533582236607954,0.5688657488163595,0,-8.266404669299812
bond_length_control,94,73,24,60,1.4857509766468695,692.1983381096279,1.8792129747216835,0.5603515287421528,0.5688657488163595,0,-19.582350884816705
bond_length_control,94,74,24,65,1.4183908873987212,1020.8447269304213,-12.683327273269391,0.5182815251147759,0.5688657488163595,0,-1.3446648969867248
bond_length_control,94,75,25,54,1.4144132311987314,1124.747018248102,-22.787136422967606,0.5163296479081028,0.5688657488163595,0,-0.675627987971172
bond_length_control,94,76,25,60,1.3550443817569098,680.8063179297761,36.44617379660655,0.5463956046892289,0.5688657488163595,0,4.220612383749691
bond_length_control,94,77,25,61,1.4641228847501944,789.86442400957,21.70210281267004,0.5260484025839259,0.5688657488163595,0,-12.272477112320809
bond_length_control,94,78,26,55,1.5011237332547276,610.051654201971,7.3569522537606336,0.525481531168263,0.5688657488163595,0,-25.64551456266706
bond_length_control,94,79,26,61,1.388735250411863,1141.5152838308272,21.50389039355308,0.5641106943219469,0.5688657488163595,0,2.596559215376713
bond_length_control,94,80,26,62,1.4763609791364147,753.6799752606303,12.951264898247015,0.5278475191308922,0.5688657488163595,0,-16.235366540236953
bond_length_control,94,81,27,56,1.4208606499921896,1139.189511141429,30.936968018775193,0.5279281157928344,0.5688657488163595,0,-1.7822938761295575
bond_length_control,94,82,27,62,1.3281742144562902,-96.02090247305306,-2.468727831276354,0.48672802702264484,0.5688657488163595,0,3.4320411389641823
bond_length_control,94,83,27,63,1.480265447680916,828.2006984895313,10.499528989906755,0.5009001403771368,0.5688657488163595,0,-17.594541237364822
bond_length_control,94,84,28,57,1.3643409548128618,670.0612345766261,11.697549482601747,0.5033658312814736,0.5688657488163595,0,4.067972219647318
bond_length_control,94,85,28,63,1.3877845747513935,969.2631002861136,20.018787428982204,0.4684224569902431,0.5688657488163595,0,2.6833991600693867
bond_length_control,94,86,28,64,1.4191047664993053,1072.1188674109007,-13.378673031313806,0.48567803345205895,0.5688657488163595,0,-1.4694077685826112
bond_length_control,94,87,29,58,1.4516470406277315,987.3346340934621,-33.60471481295688,0.533453126659998,0.5688657488163595,0,-8.690711904432247
bond_length_control,94,88,29,64,1.3932753600365706,1078.490750138696,-23.777729539271554,0.5198528170256727,0.5688657488163595,0,2.1483928791477727
bond_length_control,94,89,29,65,1.4183361444606206,1052.9195919345539,-12.414293015002759,0.5029655008783456,0.5688657488163595,0,-1.335157911317303
bond_length_control,94,90,30,65,1.3874304765600594,1012.0145262043909,-12.174331993898308,0.5253550523922258,0.5688657488163595,0,2.7151262401858265
bond_length_control,94,91,30,66,1.4469675523428345,1102.9092051488135,25.133216722506866,0.5110574449966815,0.5688657488163595,0,-7.464966165346773
bond_length_control,94,92,30,71,1.4628849171799836,962.0623237913957,28.75231353712456,0.573058489330361,0.5688657488163595,1,-11.896515237831698
bond_length_control,94,93,31,60,1.4533968075619281,901.5250503325984,-1.5492641883799052,0.4993846457476448,0.5688657488163595,0,-9.165462676602354
bond_length_control,94,94,31,66,1.3567595014175782,733.6029720616723,53.421813834589486,0.44301703472472365,0.5688657488163595,0,4.209135720103889
bond_length_control,94,95,31,67,1.3470094404985156,333.1557546456169,-30.873083578770153,0.4642384640336781,0.5688657488163595,0,4.17470137393474
bond_length_control,94,96,32,61,1.4237382996860175,1134.0243894860284,24.177017352294488,0.5350561141029555,0.5688657488163595,0,-2.313761429193849
bond_length_control,94,97,32,67,1.4742746372600655,844.179578111899,-11.87031438321385,0.5202571344942917,0.5688657488163595,0,-15.527988466466804
bond_length_control,94,98,32,68,1.3674506281921135,845.4031212483733,19.941806832449686,0.5259960193966902,0.5688657488163595,0,3.9671585590086043
bond_length_control,94,99,33,62,1.3828741504948483,1029.6383449262294,0.9438237453769476,0.4867274301866869,0.5688657488163595,0,3.093517816957535
bond_length_control,94,100,33,68,1.4064363930713153,1110.4841670274313,2.36684535565319,0.5139305106714762,0.5688657488163595,0,0.5338979438637939
bond_length_control,94,101,33,69,1.4846895419231463,801.6228963290986,-1.4744537526387227,0.5396907441362119,0.5688657488163595,0,-19.19055469209232
bond_length_control,94,102,34,63,1.3771809475772032,1006.6262168806363,5.924793464800811,0.5316672251205321,0.5688657488163595,0,3.4888522638285355
bond_length_control,94,103,34,69,1.4534300053205425,922.494939894831,-7.51465444108743,0.5704584257155652,0.5688657488163595,1,-9.17455659630357
bond_length_control,94,104,34,70,1.4745318642219176,919.4903609051387,9.07157113749301,0.5668870761983458,0.5688657488163595,0,-15.614492347934688
bond_length_control,94,105,35,64,1.4602014177793732,1136.8235551373427,8.132261172916348,0.4785674956698394,0.5688657488163595,0,-11.097156641568498
bond_length_control,94,106,35,70,1.341040769203884,353.2553390855539,-3.240290608683455,0.4965317702858373,0.5688657488163595,0,4.0350610231400115
bond_length_control,94,107,35,71,1.3624367392858336,603.9722478899301,5.3606664812645475,0.5093836164606476,0.5688657488163595,0,4.117348328828635
bond_length_control,65,0,0,36,1.4622436022949392,1056.6072441230383,-16.111583294418956,0.5466173364053514,0.5670879746962562,0,-12.236604364426123
bond_length_control,65,1,0,41,1.442485067575715,1115.8583237674889,-1.056485669434268,0.5186533359575594,0.5670879746962562,0,-5.205427047027337
bond_length_control,65,2,0,71,1.3898080435681002,1009.3716108655952,-46.54137266416232,0.5475985507724523,0.5670879746962562,0,10.020677520841147
bond_length_control,65,3,1,36,1.3198933492284028,-85.81062713413878,-105.24771335697878,0.5069417337988491,0.5670879746962562,0,22.814865931573202
bond_length_control,65,4,1,37,1.4917086605498664,828.7385625310537,-2.6564684752750645,0.5290663400658461,0.5670879746962562,0,-24.120673645786262
bond_length_control,65,5,1,66,1.399776704928703,881.0668491114209,-4.124386541990321,0.4803751302106487,0.5670879746962562,0,7.521112488700197
bond_length_control,65,6,2,37,1.4658647049579165,1715.2990221679945,68.00255977046919,0.5808523755867809,0.5670879746962562,1,-13.605926070057594
bond_length_control,65,7,2,38,1.4979433143666026,896.9727686995093,0.8726884731095896,0.5029839928266006,0.5670879746962562,0,-26.855122675576112
bond_length_control,65,8,2,67,1.400968195847968,1033.7215145601197,-38.35134360527876,0.5483278106711436,0.5670879746962562,0,7.210652076830041
bond_length_control,65,9,3,38,1.3118625119806846,-330.6214883911708,-66.48150455253607,0.4607452336700656,0.5670879746962562,0,23.775094007467374
bond_length_control,65,10,3,39,1.4290786076401183,1037.2902068992528,1.493317828758672,0.504205249040151,0.5670879746962562,0,-0.8519000895816322
bond_length_control,65,11,3,68,1.457525015179946,1145.9315150413174,-53.23162123463213,0.5306468713653391,0.5670879746962562,0,-10.490040904020347
bond_length_control,65,12,4,39,1.4443060089054314,1178.1604454205162,-13.931411458958404,0.5135305941878745,0.5670879746962562,0,-5.822562347409672
bond_length_control,65,13,4,40,1.4574032943381332,1057.030249872798,6.054143994262599,0.5179079605551544,0.5670879746962562,0,-10.445549938109636
bond_length_control,65,14,4,69,1.4366700772715324,1174.6456996675495,-5.191360567707444,0.5279069542669942,0.5670879746962562,0,-3.2761455053187722
bond_length_control,65,15,5,40,1.4243779819184519,1185.0431863941826,4.054997473348268,0.5287207971864718,0.5670879746962562,0,0.5960058501634036
bond_length_control,65,16,5,41,1.3959560347626712,1158.7320761124213,-28.79696204710093,0.508663191494498,0.5670879746962562,0,8.499742646261646
bond_length_control,65,17,5,70,1.4972169285577346,644.9821894395961,-31.977462010140762,0.5220163462984111,0.5670879746962562,0,-26.532526784220757
bond_length_control,65,18,6,41,1.390050777285507,985.3629953137173,8.167951037634685,0.5015031896293571,0.5670879746962562,0,9.961881412694915
bond_length_control,65,19,6,42,1.447806653915352,1019.2130516811649,-20.80043395885541,0.5349833033794167,0.5670879746962562,0,-7.026453087369242
bond_length_control,65,20,6,47,1.420916595401595,1197.891358850472,-9.614468009688096,0.52689604089625,0.5670879746962562,0,1.636374168227582
bond_length_control,65,21,7,36,1.4574200621561477,1220.9022361179714,-8.432082680470138,0.539672271119091,0.5670879746962562,0,-10.45167717138459
bond_length_control,65,22,7,42,1.3391327118614944,262.52419746290644,-33.52563245204264,0.5451883844213585,0.5670879746962562,0,20.097774875525417
bond_length_control,65,23,7,43,1.5360806596388827,135.5772649470304,-9.753814090729996,0.5468626466786137,0.5670879746962562,0,-45.30640540142045
bond_length_control,65,24,8,37,1.3927529576364828,814.8209766493673,-17.425486035240795,0.5049673074116222,0.5670879746962562,0,9.300399832792483
bond_length_control,65,25,8,43,1.3575630510804555,616.9064826707951,12.320841534341259,0.49003307670414803,0.5670879746962562,0,16.931366912614074
bond_length_control,65,26,8,44,1.4002809869949857,707.5134134072866,-7.704873434790343,0.46119306696839013,0.5670879746962562,0,7.390020869595778
bond_length_control,65,27,9,38,1.374432310514095,778.7655742382271,-19.096695092352025,0.4426746795869708,0.5670879746962562,0,13.537175590969616
bond_length_control,65,28,9,44,1.5510591645991127,-221.2536466682144,-33.485502775092186,0.47676882190391917,0.5670879746962562,0,-53.384406912966114
bond_length_control,65,29,9,45,1.391798758476647,947.3315523580671,-19.368566422377718,0.46538369067110885,0.5670879746962562,0,9.535440831672926
bond_length_control,65,30,10,39,1.41096963657844,1057.4372752636023,-4.5575460952859315,0.4784442096543661,0.5670879746962562,0,4.505153024599591
bond_length_control,65,31,10,45,1.39229491504608,873.9663856653368,10.94011545762133,0.45769320536841873,0.5670879746962562,0,9.413424933503753
bond_length_control,65,32,10,46,1.3576217727735305,595.9480921300222,-26.65360614635517,0.45246068339963735,0.5670879746962562,0,16.920381106227772
bond_length_control,65,33,11,40,1.403253715282966,1105.8869709417277,-33.52501626569878,0.5129170884068047,0.5670879746962562,0,6.6080894984617355
bond_length_control,65,34,11,46,1.373419000957773,877.9630072438625,-9.67041778459233,0.482556195784796,0.5670879746962562,0,13.754657348859123
bond_length_control,65,35,11,47,1.4515167265535731,1194.6225165105354,12.665831445989449,0.5182523339817238,0.5670879746962562,0,-8.327579273461952
bond_length_control,65,36,12,47,1.4494005910787482,1094.0309049632178,-17.83321109182307,0.5368748410031623,0.5670879746962562,0,-7.582262534450841
bond_length_control,65,37,12,48,1.3949103676174117,940.2677368256797,-32.9979751495541,0.49947030969986916,0.5670879746962562,0,8.763102080574184
bond_length_control,65,38,12,53,1.4382265047970735,1250.756315548534,-2.9999953920647333,0.5472395950342845,0.5670879746962562,0,-3.7863579485010135
bond_length_control,65,39,13,42,1.4668780840530653,931.7819316673703,-25.76108618377369,0.5653419512230977,0.5670879746962562,0,-13.993662227877522
bond_length_control,65,40,13,48,1.348069609005279,604.3746463866893,1.0706981341413944,0.5198501574366378,0.5670879746962562,0,18.63217351506814
bond_length_control,65,41,13,49,1.4811646067349575,1023.9079746723731,-9.65712957590364,0.5211010535516495,0.5670879746962562,0,-19.672327103906696
bond_length_control,65,42,14,43,1.4597187099506868,983.7089135519038,-12.58462392416578,0.5200786016619882,0.5670879746962562,0,-11.296724603543502
bond_length_control,65,43,14,49,1.296308069719481,-838.6584585454684,-150.74013071715748,0.47416344173328484,0.5670879746962562,0,25.349517122339883
bond_length_control,65,44,14,50,1.4432589468508916,1309.3941581003069,-38.732908165856834,0.5029078694724491,0.5670879746962562,0,-5.466943397422317
bond_length_control,65,45,15,44,1.4273916589481437,1306.452358470223,-2.198303419941573,0.4936673651852197,0.5670879746962562,0,-0.3276191569525486
bond_length_control,65,46,15,50,1.421472838103007,1101.9295711368143,-38.73027918601469,0.5053366427314385,0.5670879746962562,0,1.470659592050974
bond_length_control,65,47,15,51,1.4319536794719476,1042.8125470491923,-64.20796553848051,0.49444284825093443,0.5670879746962562,0,-1.7574970088261135
bond_length_control,65,48,16,45,1.437317563771016,1043.571450046942,-33.69350991074358,0.48339215552517045,0.5670879746962562,0,-3.4878510036224686
bond_length_control,65,49,16,51,1.4260731281505619,1175.7157404607383,-20.661292271823825,0.49555276982369545,0.5670879746962562,0,0.07852725238644065
bond_length_control,65,50,16,52,1.422784860907071,965.2459482281876,-12.117871803862494,0.4992648522237302,0.5670879746962562,0,1.0775534975861545
bond_length_control,65,51,17,46,1.4596454530905298,880.3472110800567,-20.89420573488615,0.5209736437508686,0.5670879746962562,0,-11.26963744382038
bond_length_control,65,52,17,52,1.3761633050430189,797.9069875684879,-12.088894118591666,0.5420788624182098,0.5670879746962562,0,13.161605342904073
bond_length_control,65,53,17,53,1.472432601935258,1049.4032422758921,-31.561869555392754,0.5670345359789186,0.5670879746962562,0,-16.154231223692793
bond_length_control,65,54,18,53,1.381249731149028,882.6531158761768,-47.794960567887166,0.5149604789201123,0.5670879746962562,0,12.028304962530852
bond_length_control,65,55,18,54,1.46211997247719,966.6886804404594,8.28103269465268,0.511311584308292,0.5670879746962562,0,-12.190298960544974
bond_length_control,65,56,18,59,1.3577838606015133,665.9609881340938,-39.73416207531393,0.529481586353629,0.5670879746962562,0,16.89002746015369
bond_length_control,65,57,19,48,1.4250439143849456,904.0979939633474,2.5544359253976783,0.48081072274334685,0.5670879746962562,0,0.3933428859426975
bond_length_control,65,58,19,54,1.519834078689076,466.45610161907086,-7.54644695796659,0.524931113465942,0.5670879746962562,0,-37.079358199648745
bond_length_control,65,59,19,55,1.3251074970658214,123.38434640866602,-23.927322979845997,0.5133543361369322,0.5670879746962562,0,22.13694416896349
bond_length_control,65,60,20,49,1.4173514219691496,980.7702992343806,-11.037018934058558,0.4893684154876887,0.5670879746962562,0,2.685160292941764
bond_length_control,65,61,20,55,1.442147562724644,963.5503732416253,-26.45587445870283,0.5206611327662625,0.5670879746962562,0,-5.091725391997212
bond_length_control,65,62,20,56,1.4373484107456713,1125.9502360064234,-27.775661436073726,0.5159450287908653,0.5670879746962562,0,-3.4979563296653846
bond_length_control,65,63,21,50,1.3689541956154991,927.9067815830806,17.004616247808336,0.5184877248963621,0.5670879746962562,0,14.692107137709717
bond_length_control,65,64,21,56,1.4602990105821476,1115.4470658349198,-31.227307735326686,0.5163199104603744,0.5670879746962562,0,-11.511657310561676
bond_length_control,65,65,21,57,1.4114368663791956,962.9604739182076,-62.00346337268165,0.47273413239754986,0.5670879746962562,0,4.3743927890572545
bond_length_control,65,66,22,51,1.4136379006954665,1092.314606436416,-9.24230822508198,0.486239626629047,0.5670879746962562,0,3.7531287402536515
bond_length_control,65,67,22,57,1.369302900501576,991.6577366183242,-25.490105229686606,0.45137982861073894,0.5670879746962562,0,14.620109836929592
bond_length_control,65,68,22,58,1.412042226843043,1026.1136914182732,-11.338842602910965,0.49501949846947485,0.5670879746962562,0,4.204391983778961
bond_length_control,65,69,23,52,1.4264893886346734,1033.502718616763,-30.86157648009697,0.5285151459353676,0.5670879746962562,0,-0.049349132327730194
bond_length_control,65,70,23,58,1.4644458410832273,892.6220586665489,-23.761946036394114,0.5335829353757608,0.5670879746962562,0,-13.066373698929441
bond_length_control,65,71,23,59,1.4673312561948402,932.019861278333,-21.321125991764625,0.5679919269295932,0.5670879746962562,1,-14.167695572830437
bond_length_control,65,72,24,59,1.4711923856501437,827.7973589325651,-37.41779702336072,0.5600852393556122,0.5670879746962562,0,-15.66662640475136
bond_length_control,65,73,24,60,1.4545224991795536,1057.6146657896027,-26.960281980886784,0.5462269750925004,0.5670879746962562,0,-9.400816280581763
bond_length_control,65,74,24,65,1.3175206748177444,-302.10026760763685,-125.93197991974053,0.5009478689271178,0.5670879746962562,0,23.109112389295362
bond_length_control,65,75,25,54,1.4214568553458007,1201.0496772187191,-0.27132269615143084,0.5030319993055516,0.5670879746962562,0,1.4754289943667183
bond_length_control,65,76,25,60,1.3929200767497565,1002.4340693762597,-32.4137971767504,0.5073437370877769,0.5670879746962562,0,9.259070637234776
bond_length_control,65,77,25,61,1.3869632124476805,875.6666574393352,-1.3074520588007894,0.47453392859192567,0.5670879746962562,0,10.70211857078696
bond_length_control,65,78,26,55,1.4545589739018574,1079.326830049742,-38.35732745205336,0.5373439391981778,0.5670879746962562,0,-9.41394525109699
bond_length_control,65,79,26,61,1.4405037326233319,1114.852561706314,-11.2541317931874,0.5204226458135617,0.5670879746962562,0,-4.540981806795154
bond_length_control,65,80,26,62,1.3730997061111108,1033.0650033911638,-17.749340489971726,0.5392301247679738,0.5670879746962562,0,13.82282335334057
bond_length_control,65,81,27,56,1.4460717280646853,998.8814650784017,-36.34257881711718,0.5371171691235532,0.5670879746962562,0,-6.426922573529374
bond_length_control,65,82,27,62,1.4606821127335028,855.762798319791,-35.819147993755806,0.5437194586687463,0.5670879746962562,0,-11.653904830903326
bond_length_control,65,83,27,63,1.3824479345777976,971.804395746723,-39.713527897707095,0.5621698269739692,0.5670879746962562,0,11.75485921520339
bond_length_control,65,84,28,57,1.379283360724125,1049.9859595715534,-29.46776879788484,0.4536216695893118,0.5670879746962562,0,12.47169769496533
bond_length_control,65,85,28,63,1.4977944743411533,1091.68020888911,-19.602843742120157,0.5222601055025523,0.5670879746962562,0,-26.78893478845709
bond_length_control,65,86,28,64,1.372963519103916,795.4618944377681,-84.40365548558312,0.47993257520198374,0.5670879746962562,0,13.851844967590651
bond_length_control,65,87,29,58,1.4202438933528996,1148.1908573167934,-53.035956576198934,0.5228045863194435,0.5670879746962562,0,1.8360323910557454
bond_length_control,65,88,29,64,1.3789693128419653,1013.2153076191157,-30.563525043015204,0.5054758220733795,0.5670879746962562,0,12.541895945227076
bond_length_control,65,89,29,65,1.5077180862249586,384.51812238787716,-50.76285062255183,0.49807620744478154,0.5670879746962562,0,-31.299812632550093
bond_length_control,65,90,30,65,1.398430227951114,1009.5638566031311,-37.01070587110773,0.48442222870986884,0.5670879746962562,0,7.868937312073269
bond_length_control,65,91,30,66,1.4046977137579169,1145.5201298305458,-42.94564983520344,0.49467828326642294,0.5670879746962562,0,6.222609003079867
bond_length_control,65,92,30,71,1.4611375605078698,981.5564989279633,-42.67186166369255,0.5222261012217244,0.5670879746962562,0,-11.823380631253759
bond_length_control,65,93,31,60,1.5260215966255175,328.2284272320978,-12.786386534539597,0.5414032591297411,0.5670879746962562,0,-40.147692312440135
bond_length_control,65,94,31,66,1.4375601800557152,1004.0711461882465,-14.015748656247219,0.5063802075209125,0.5670879746962562,0,-3.5673787306616513
bond_length_control,65,95,31,67,1.465626230067246,954.3822457793551,-14.615749685840747,0.5225468524604724,0.5670879746962562,0,-13.514969645968604
bond_length_control,65,96,32,61,1.401891534443726,1191.218433745521,14.592735452739644,0.5021055112106989,0.5670879746962562,0,6.9683345950791935
bond_length_control,65,97,32,67,1.4161382827834514,1071.0844155124469,14.642539015528353,0.5160589130372815,0.5670879746962562,0,3.036784805354376
bond_length_control,65,98,32,68,1.5148292445263376,499.6450960941116,-43.81751611679346,0.540616732888012,0.5670879746962562,0,-34.655436774875476
bond_length_control,65,99,33,62,1.4192784754096361,1067.282999501438,-67.03676135065481,0.48744479190488865,0.5670879746962562,0,2.121132316325603
bond_length_control,65,100,33,68,1.391084458487832,996.9370676650615,-27.081212156773468,0.5071485346277896,0.5670879746962562,0,9.710347366291803
bond_length_control,65,101,33,69,1.3475596008043589,217.8418574215496,-82.72201953954085,0.49508327238172123,0.5670879746962562,0,18.719330856620417
bond_length_control,65,102,34,63,1.5602966323152094,-433.8095007508082,-62.71353575611827,0.540984630413923,0.5670879746962562,0,-58.60602571217255
bond_length_control,65,103,34,69,1.4667022593355685,916.8818125489742,-3.3507341524606633,0.5301727425855325,0.5670879746962562,0,-13.926246483626008
bond_length_control,65,104,34,70,1.414855391344323,1193.1820209988334,-67.23280716775639,0.513469297985632,0.5670879746962562,0,3.4057339315748214
bond_length_control,65,105,35,64,1.4839054222554193,778.2895483471063,-36.79438144662537,0.5063056800768351,0.5670879746962562,0,-20.807459594369938
bond_length_control,65,106,35,70,1.413627303541222,1432.4735714501455,-49.57025656940315,0.5211178779491127,0.5670879746962562,0,3.7561407732470986
bond_length_control,65,107,35,71,1.4319571212437552,1164.7656987203916,-44.824802911019546,0.5367099379600926,0.5670879746962562,0,-1.7585902366879722
bond_length_control,87,0,0,36,1.3676056508713499,856.3514717137974,11.551709060626216,0.4186251899555152,0.569162655000078,0,5.349134359737478
bond_length_control,87,1,0,41,1.4257492259192899,1083.5903519777264,22.41688005149835,0.4737335827227063,0.569162655000078,0,1.9307335785590451
bond_length_control,87,2,0,71,1.3339262991076744,327.38724565996023,47.78814942728243,0.4356824016145567,0.569162655000078,0,5.181766367099138
bond_length_control,87,3,1,36,1.4110429873589032,1104.9177408747796,-16.600938295905323,0.4736298767103259,0.569162655000078,0,3.2553836701945893
bond_length_control,87,4,1,37,1.477549198024956,840.5798750100524,-14.635277058450171,0.520311059223735,0.569162655000078,0,-5.3454763895008295
bond_length_control,87,5,1,66,1.4189209202942137,1419.747208833935,-27.031611936669563,0.5213169434945206,0.569162655000078,0,2.585460353423162
bond_length_control,87,6,2,37,1.4407934995457314,1059.9103930994095,-44.065199710025425,0.5362579740446234,0.569162655000078,0,0.24218321340849203
bond_length_control,87,7,2,38,1.4493368938337616,991.2879729468118,-31.63800307250958,0.5253073470966637,0.569162655000078,0,-0.8695078403472922
bond_length_control,87,8,2,67,1.3761539358405541,901.2565884758214,-10.54278933562869,0.5134469949162661,0.569162655000078,0,5.146899589749937
bond_length_control,87,9,3,38,1.4119615439412072,978.0986151586546,-15.839719723187404,0.5046196041277525,0.569162655000078,0,3.1819561535122234
bond_length_control,87,10,3,39,1.4094291914800903,1118.9839947268686,-8.353083867428277,0.5395207511882106,0.569162655000078,0,3.381405526803594
bond_length_control,87,11,3,68,1.471197783504387,940.7647579835545,-26.050606543743623,0.5090054304811104,0.569162655000078,0,-4.228551609182654
bond_length_control,87,12,4,39,1.4622780672995155,839.1184510572242,-28.25727672565961,0.5729300173073263,0.569162655000078,1,-2.767780051500114
bond_length_control,87,13,4,40,1.3738097124560567,780.5540241726399,-55.215170584699244,0.5290926170779919,0.569162655000078,0,5.21240969506284
bond_length_control,87,14,4,69,1.4557074927983815,993.2035788011522,-37.997684827971156,0.5527646078331363,0.569162655000078,0,-1.7714921974401565
bond_length_control,87,15,5,40,1.4670615910998215,1405.9830929643765,-21.057455929330672,0.5313539506044151,0.569162655000078,0,-3.535586879579211
bond_length_control,87,16,5,41,1.3712875950607852,883.9309899161063,-15.518530244553949,0.5596680409750331,0.569162655000078,0,5.274394383389405
bond_length_control,87,17,5,70,1.457947802531317,1049.802229075314,6.941194807696772,0.5793124616443274,0.569162655000078,1,-2.1036295730414145
bond_length_control,87,18,6,41,1.4738740678976952,783.591714284627,-38.17013246041066,0.5198186495019217,0.569162655000078,0,-4.691363999641636
bond_length_control,87,19,6,42,1.4608151004685,1008.1425534786297,-4.768001777989066,0.5391159237437664,0.569162655000078,0,-2.540123278043198
bond_length_control,87,20,6,47,1.4626965000014402,1190.120608243619,-36.52198809731495,0.5071856741602558,0.569162655000078,0,-2.8335096910455984
bond_length_control,87,21,7,36,1.3845442131715606,957.0208121832495,-3.918705879927634,0.4557565460782038,0.569162655000078,0,4.849683053970358
bond_length_control,87,22,7,42,1.3775834015847999,864.7646315159075,-34.352183491637845,0.5301622130872397,0.569162655000078,0,5.103206998497148
bond_length_control,87,23,7,43,1.506900677466636,556.0292424430272,1.4298928423799804,0.5176879553790648,0.569162655000078,0,-11.352980367890146
bond_length_control,87,24,8,37,1.4534420954300336,993.5052603026281,-23.206897840879467,0.5237084489973032,0.569162655000078,0,-1.443556131500031
bond_length_control,87,25,8,43,1.4212420212357686,1163.7346988999534,-9.401923449621313,0.538958675784755,0.569162655000078,0,2.370655609337952
bond_length_control,87,26,8,44,1.3893984479940906,916.8514667689683,-28.777382348340172,0.48932436310250593,0.569162655000078,0,4.6326016864821575
bond_length_control,87,27,9,38,1.4011935797530486,1294.0275434952982,4.940136509678367,0.5142846326650194,0.569162655000078,0,3.965641271624737
bond_length_control,87,28,9,44,1.4235564781130146,1038.1573884460763,-34.80644744604292,0.49085117371818193,0.569162655000078,0,2.148523629802463
bond_length_control,87,29,9,45,1.4649057848561882,1023.184651984953,-38.43493467488271,0.5288199684978399,0.569162655000078,0,-3.185107147736305
bond_length_control,87,30,10,39,1.4846562309528195,555.1021519474332,-81.17278533867166,0.4901681846298247,0.569162655000078,0,-6.671733820478346
bond_length_control,87,31,10,45,1.3124207731305897,-351.9940545310478,-144.83790645497024,0.46980237340218695,0.569162655000078,0,4.294997582775183
bond_length_control,87,32,10,46,1.3622249107774889,614.1213597578819,-82.30512653502653,0.4927904691151205,0.569162655000078,0,5.4249246634247275
bond_length_control,87,33,11,40,1.3865241578003549,1243.972446787178,-44.62531250947413,0.5010659044252959,0.569162655000078,0,4.765154000875352
bond_length_control,87,34,11,46,1.4553593526262998,1420.6054685968734,-0.0083985990475266,0.547525589139926,0.569162655000078,0,-1.7205785165609426
bond_length_control,87,35,11,47,1.4155227999913744,1227.9454007476133,-47.856711192260114,0.5167470194542478,0.569162655000078,0,2.8856038009316114
bond_length_control,87,36,12,47,1.3996420402550005,1304.8799287306206,26.462860130718955,0.49838933883815956,0.569162655000078,0,4.064742722145892
bond_length_control,87,37,12,48,1.3657089917376073,870.3405256951024,-24.247698158057112,0.49672686430342977,0.569162655000078,0,5.380368209545503
bond_length_control,87,38,12,53,1.5380460693438465,1040.959656248883,0.42243916033558526,0.5033311044309399,0.569162655000078,0,-19.293779980990106
bond_length_control,87,39,13,42,1.462357812081196,1564.2495200944504,-25.136838715793065,0.5521623905319657,0.569162655000078,0,-2.7802856372863274
bond_length_control,87,40,13,48,1.4461009675450496,1295.3204582963888,8.537360700195672,0.5185696664137251,0.569162655000078,0,-0.43529710856213777
bond_length_control,87,41,13,49,1.430861054826249,1146.5222028299854,-13.100641057712512,0.5227491238307005,0.569162655000078,0,1.3951604685415666
bond_length_control,87,42,14,43,1.4603777555527169,1264.669938496019,-15.379412779346008,0.5568741575274271,0.569162655000078,0,-2.4727163676905497
bond_length_control,87,43,14,49,1.4527701995036983,1019.5802353151504,-10.802076077555817,0.5399351485343369,0.569162655000078,0,-1.3478212124372404
bond_length_control,87,44,14,50,1.3430583377270968,458.5280616971701,-14.530285026110977,0.5707053511898638,0.569162655000078,1,5.376686546392927
bond_length_control,87,45,15,44,1.3918675649653125,1160.9898897288747,4.350935694561568,0.5007913765301971,0.569162655000078,0,4.509396267640648
bond_length_control,87,46,15,50,1.467745393793857,1062.3973456920291,-31.31134830531341,0.5642568828748828,0.569162655000078,0,-3.6482849119889855
bond_length_control,87,47,15,51,1.434333310799874,1136.3452391620092,-46.5041357477989,0.5196810352616261,0.569162655000078,0,1.009025049076604
bond_length_control,87,48,16,45,1.4543285937440267,990.893930589527,19.724846381817542,0.5514479491130362,0.569162655000078,0,-1.570937492970804
bond_length_control,87,49,16,51,1.511589303080954,481.91809391770533,-11.51436640964993,0.5323688130648072,0.569162655000078,0,-12.443759060140996
bond_length_control,87,50,16,52,1.3693699110016269,756.6624153004383,6.7645385512087906,0.5340588222408458,0.569162655000078,0,5.3156491958344265
bond_length_control,87,51,17,46,1.492496337688496,1171.2731056556397,53.53947793900171,0.5615230369368387,0.569162655000078,0,-8.22934630608603
bond_length_control,87,52,17,52,1.4611812058094016,1264.0778901257565,-8.406635009437426,0.5211458143517147,0.569162655000078,0,-2.5967800326645594
bond_length_control,87,53,17,53,1.4322073830760726,1312.3803265371093,-20.386056197060793,0.5356862328439409,0.569162655000078,0,1.247592644115849
bond_length_control,87,54,18,53,1.3742515299411462,994.6647443032338,16.49123518027622,0.5391599306526194,0.569162655000078,0,5.20064565929046
bond_length_control,87,55,18,54,1.4435241264441347,1546.2641418800933,-50.721006767423276,0.5574653534498726,0.569162655000078,0,-0.10100172276598096
bond_length_control,87,56,18,59,1.4506459026972989,1343.5234295505454,26.947670012934175,0.5600303654887078,0.569162655000078,0,-1.0497294273168989
bond_length_control,87,57,19,48,1.4151356874045458,1108.8809551869738,-38.812695643879344,0.538542771989962,0.569162655000078,0,2.918718390713082
bond_length_control,87,58,19,54,1.501620507918092,797.0817727186673,16.85424007482533,0.5634524349147254,0.569162655000078,0,-10.168286277965992
bond_length_control,87,59,19,55,1.4622154539846681,1244.9181481773096,-36.63100092224435,0.5374500492993837,0.569162655000078,0,-2.7579680027130578
bond_length_control,87,60,20,49,1.4470983083497728,1413.5782845211934,-2.314476173414119,0.5266101861677972,0.569162655000078,0,-0.5674112672433691
bond_length_control,87,61,20,55,1.4348392874094296,1240.0799535940291,-10.395338647470956,0.5213380060602436,0.569162655000078,0,0.9512423038830424
bond_length_control,87,62,20,56,1.3980298678995853,1287.017436671292,31.767624169893136,0.4966987259464326,0.569162655000078,0,4.164053631991909
bond_length_control,87,63,21,50,1.480038198412267,821.0255087882848,-28.92891261275864,0.5718060500580606,0.569162655000078,1,-5.80073016427413
bond_length_control,87,64,21,56,1.406470147800349,1171.2131099808355,1.9385921198991074,0.5111243871811691,0.569162655000078,0,3.6026310712316323
bond_length_control,87,65,21,57,1.4513493970900073,1097.8044128632828,-0.1631447520409092,0.5335183401871666,0.569162655000078,0,-1.1476759032903092
bond_length_control,87,66,22,51,1.304118562534494,-654.5065711186146,-172.55266614020675,0.4220920842372511,0.569162655000078,0,3.7950945948150427
bond_length_control,87,67,22,57,1.4325845952428513,899.8146179321329,-2.0147860088662735,0.42838022197961373,0.569162655000078,0,1.20575892436912
bond_length_control,87,68,22,58,1.351405525092858,471.4719980681541,-18.44766389533992,0.4067684119771991,0.569162655000078,0,5.458295986422856
bond_length_control,87,69,23,52,1.3966764378722314,1117.777795781999,-5.522817240222578,0.5425441992631221,0.569162655000078,0,4.244549128357313
bond_length_control,87,70,23,58,1.538821244205001,168.00816071776748,-81.53176339223448,0.5255305178270315,0.569162655000078,0,-19.512533937441187
bond_length_control,87,71,23,59,1.4943554870222482,991.182273889154,-12.188518868768414,0.5779550525914368,0.569162655000078,1,-8.613365573882797
bond_length_control,87,72,24,59,1.3511986435958705,949.0792330404724,35.17076965009923,0.5594965794292877,0.569162655000078,0,5.457397321748195
bond_length_control,87,73,24,60,1.4450824295020779,1120.946420139528,36.01256835636291,0.5518576031058802,0.569162655000078,0,-0.3019477179925034
bond_length_control,87,74,24,65,1.4546553701221627,1188.7243310787455,26.004705230691137,0.557451950047742,0.569162655000078,0,-1.6181991540096976
bond_length_control,87,75,25,54,1.3800260859345534,999.396565700333,4.415871153972343,0.54902840027075,0.569162655000078,0,5.021957474435892
bond_length_control,87,76,25,60,1.5257754507360446,141.85691982961313,-20.116449509847595,0.5439544359861778,0.569162655000078,0,-15.968729179871884
bond_length_control,87,77,25,61,1.4323922582098096,1065.62097103801,-3.3617999343481513,0.5203903414357363,0.569162655000078,0,1.2271162860453135
bond_length_control,87,78,26,55,1.4313492214582324,987.0151571011666,-49.72566957776164,0.499272655402991,0.569162655000078,0,1.3419682148451373
bond_length_control,87,79,26,61,1.4191169193758841,1074.4911161274379,-35.9700573511174,0.4966369821833189,0.569162655000078,0,2.5676294485178053
bond_length_control,87,80,26,62,1.4246237166926345,1150.9140532346598,-52.24984249365784,0.499682645254171,0.569162655000078,0,2.0434157970834157
bond_length_control,87,81,27,56,1.4147547213509504,921.7020989395066,-3.9603916755872532,0.4847456921468929,0.569162655000078,0,2.9510924093659066
bond_length_control,87,82,27,62,1.4156506977505219,1005.4669469259217,4.0018128145434675,0.5097949621118838,0.569162655000078,0,2.874614734523641
bond_length_control,87,83,27,63,1.47643642237516,873.1698263476567,-22.46427949607494,0.523661850586119,0.569162655000078,0,-5.14514723041899
bond_length_control,87,84,28,57,1.4374450544790984,1006.3538216935885,-1.9692006328860507,0.5113682163502149,0.569162655000078,0,0.6475407468641872
bond_length_control,87,85,28,63,1.427857474851477,1168.8518292083902,19.176392643928555,0.5278904217834438,0.569162655000078,0,1.7145820994603327
bond_length_control,87,86,28,64,1.351370440619685,491.3363220510378,-7.941185048565838,0.4649218171235481,0.569162655000078,0,5.458147623486036
bond_length_control,87,87,29,58,1.3905887970053608,1003.2696995199395,-53.91327004072631,0.43869572458181605,0.569162655000078,0,4.574284431321791
bond_length_control,87,88,29,64,1.3387085669800558,246.51216174344975,-11.637193298941577,0.41386113535756375,0.569162655000078,0,5.297523073865959
bond_length_control,87,89,29,65,1.4033558024208292,1008.9501805063463,9.671338936006103,0.4890756299646757,0.569162655000078,0,3.8217517906383764
bond_length_control,87,90,30,65,1.4643338105796446,927.7906983945603,-34.76376505163658,0.5242269480858932,0.569162655000078,0,-3.0933452306992772
bond_length_control,87,91,30,66,1.3840306447836694,877.4391977586818,-42.05096086461503,0.5056710263972395,0.569162655000078,0,4.870707684004564
bond_length_control,87,92,30,71,1.3887446216603396,910.6992131662689,-10.318427150636394,0.4750411712720863,0.569162655000078,0,4.663779950267651
bond_length_control,87,93,31,60,1.3704026547479773,1137.2924453830535,-7.006194636029853,0.5444805034553134,0.569162655000078,0,5.294061557873965
bond_length_control,87,94,31,66,1.4611229673749808,938.4901463641775,-19.779467034381227,0.5315189287085216,0.569162655000078,0,-2.5877533105101196
bond_length_control,87,95,31,67,1.4261998788561028,1103.088133772173,-25.343479668803475,0.5077020653093787,0.569162655000078,0,1.8850867801554723
bond_length_control,87,96,32,61,1.3834886069848509,844.9551455062975,-42.36274067508477,0.4754190913173576,0.569162655000078,0,4.892495828487618
bond_length_control,87,97,32,67,1.403887979546066,1077.4020838674896,-17.058388539683115,0.46220474772186443,0.569162655000078,0,3.7853024727448985
bond_length_control,87,98,32,68,1.4029705444617766,1131.524289683714,-49.89009618433996,0.47845092625561986,0.569162655000078,0,3.847883259705077
bond_length_control,87,99,33,62,1.5182578937935352,297.5498636215731,-70.34586678413665,0.5254613451837636,0.569162655000078,0,-14.058501538089798
bond_length_control,87,100,33,68,1.411302100465413,1186.2737922052088,-13.613673949778596,0.5254475170511739,0.569162655000078,0,3.2347954791229108
bond_length_control,87,101,33,69,1.4444121611652234,1173.3873167875165,-45.20868696840593,0.535797428284084,0.569162655000078,0,-0.21506058089542934
bond_length_control,87,102,34,63,1.395341019768232,1081.3005825075873,0.707697163032664,0.4989271661714344,0.569162655000078,0,4.321405022516085
bond_length_control,87,103,34,69,1.4204610811438707,1056.897857511411,-7.122742743290674,0.4953963607975196,0.569162655000078,0,2.4438162840654516
bond_length_control,87,104,34,70,1.3794986411913712,949.229607634677,-14.000729744992448,0.5196828810822874,0.569162655000078,0,5.040206201963194
bond_length_control,87,105,35,64,1.5126237297240805,581.7911754314575,-92.81601803960355,0.46445743286723473,0.569162655000078,0,-12.689350615371685
bond_length_control,87,106,35,70,1.474783178548835,966.5723380179443,-18.94219817871089,0.5481817524379836,0.569162655000078,0,-4.8511671107538294
bond_length_control,87,107,35,71,1.4561092613033069,856.2372672620869,-48.33679132598259,0.4904861506605397,0.569162655000078,0,-1.8304825471964086
bond_length_control,272,0,0,36,1.4766867076248007,866.5590683567859,-23.551183161170023,0.5257689670760676,0.5692391521958424,0,-12.704369265067319
bond_length_control,272,1,0,41,1.462651921041856,759.0523425860649,21.202625477440808,0.4777857195584838,0.5692391521958424,0,-9.822020481233944
bond_length_control,272,2,0,71,1.4586504185074207,896.5548293633465,-6.8799270054122985,0.46486796061779545,0.5692391521958424,0,-9.075147112414626
bond_length_control,272,3,1,36,1.3644063362164927,316.3837198043096,9.001102259660364,0.43216821615292866,0.5692391521958424,0,-0.6222383076150937
bond_length_control,272,4,1,37,1.3618611546599386,525.1065000249624,42.877170914787264,0.44577591542463746,0.5692391521958424,0,-0.625945873263758
bond_length_control,272,5,1,66,1.3603401314695862,504.0591499505851,17.802512760620974,0.4182763431318671,0.5692391521958424,0,-0.6337178761983768
bond_length_control,272,6,2,37,1.493951967153799,518.6805779648589,-20.231977924760177,0.5765884392209457,0.5692391521958424,1,-16.820039053417133
bond_length_control,272,7,2,38,1.5491541956850376,-318.63662123657167,-10.058843697040144,0.561574507456974,0.5692391521958424,0,-34.36086648020369
bond_length_control,272,8,2,67,1.38526827942146,830.9273839552833,23.240960989408826,0.5142263659089089,0.5692391521958424,0,-1.035848960772574
bond_length_control,272,9,3,38,1.4032111019427984,1064.6905722857523,36.478397454598294,0.5162822794950644,0.5692391521958424,0,-2.0372895878098642
bond_length_control,272,10,3,39,1.402975172531453,861.8275798339087,9.981021388208399,0.485631800931694,0.5692391521958424,0,-2.0201763396303978
bond_length_control,272,11,3,68,1.4423791672354365,914.7124991585058,13.868901372973374,0.5044531709902538,0.5692391521958424,0,-6.375353201981323
bond_length_control,272,12,4,39,1.4408944264448333,831.9858318386695,-2.2663339509286575,0.5007869030195106,0.5692391521958424,0,-6.155685346165022
bond_length_control,272,13,4,40,1.4187015004453882,899.1079513667249,-21.13252136020849,0.5213902174517966,0.5692391521958424,0,-3.394585445516028
bond_length_control,272,14,4,69,1.384312587588118,863.1157519510515,-30.0403242075827,0.5309555406406451,0.5692391521958424,0,-0.9994168867967748
bond_length_control,272,15,5,40,1.49026927874541,668.7319212302292,-10.19203663254696,0.5073040824281505,0.5692391521958424,0,-15.888770489477695
bond_length_control,272,16,5,41,1.372974195950072,577.2077589362534,-15.271321742531164,0.47077423153391385,0.5692391521958424,0,-0.6958202143318974
bond_length_control,272,17,5,70,1.3872883397074307,1007.5230198630998,-17.12579629232878,0.5433924055600288,0.5692391521958424,0,-1.1184410429228624
bond_length_control,272,18,6,41,1.3477299219224605,263.7232140844418,11.82235657329106,0.4458183338592988,0.5692391521958424,0,-0.8569564033864712
bond_length_control,272,19,6,42,1.389902901005301,992.546326815114,39.690635361368315,0.5023619823236183,0.5692391521958424,0,-1.2366282050404198
bond_length_control,272,20,6,47,1.551763549968447,-350.77091216632186,-97.22202731485157,0.423994710426138,0.5692391521958424,0,-35.36065353458549
bond_length_control,272,21,7,36,1.433784347960974,963.630338750189,-18.679657070450535,0.5311242029403749,0.5692391521958424,0,-5.164912060034384
bond_length_control,272,22,7,42,1.4503332379724438,1115.2680694597939,30.965838557498486,0.5396846038871106,0.5692391521958424,0,-7.627872416950931
bond_length_control,272,23,7,43,1.4239893224496025,995.4341731521419,-22.038888012307062,0.49036525730428626,0.5692391521958424,0,-3.9643483296208433
bond_length_control,272,24,8,37,1.457107097895644,789.1288950510882,-30.17019053392984,0.5359314910398383,0.5692391521958424,0,-8.795895013158113
bond_length_control,272,25,8,43,1.338532222971929,148.0006897196916,-27.69930322910368,0.4815648461320407,0.5692391521958424,0,-1.1965185421819928
bond_length_control,272,26,8,44,1.403193470375803,954.7779108556326,32.09156155176623,0.5021252628866123,0.5692391521958424,0,-2.0360070083757797
bond_length_control,272,27,9,38,1.4788021131006228,873.3510527098867,-6.180313901912774,0.5402121150706393,0.5692391521958424,0,-13.174599448328953
bond_length_control,272,28,9,44,1.4186879561815673,1016.537249018189,19.767737567518786,0.521419818681385,0.5692391521958424,0,-3.3931961072284382
bond_length_control,272,29,9,45,1.3756702140951726,906.186531967943,29.630147177023566,0.5419070401686186,0.5692391521958424,0,-0.7466053389682283
bond_length_control,272,30,10,39,1.346076787489453,393.7925402780634,15.453158177577496,0.5120989474539577,0.5692391521958424,0,-0.9070742143497004
bond_length_control,272,31,10,45,1.4390088006094772,1033.179797491034,-1.9767579273366407,0.5444443511153074,0.5692391521958424,0,-5.883082545173238
bond_length_control,272,32,10,46,1.4414331395645763,916.9830727868548,-11.541742986086724,0.5243156352621883,0.5692391521958424,0,-6.234876242741044
bond_length_control,272,33,11,40,1.3856876293032672,724.9571923787777,-37.276717701357775,0.4960199116899947,0.5692391521958424,0,-1.0523704007430705
bond_length_control,272,34,11,46,1.4371140951821166,1071.928327634883,2.121826055840159,0.4876332850659392,0.5692391521958424,0,-5.616336056729555
bond_length_control,272,35,11,47,1.385972130537111,1088.171929530239,21.026505880046066,0.43766643736259725,0.5692391521958424,0,-1.0637651638934695
bond_length_control,272,36,12,47,1.3243803896935384,-11.580256807252166,-38.540819248410166,0.44332123855827027,0.5692391521958424,0,-2.0050403978204745
bond_length_control,272,37,12,48,1.4148592788738539,1081.4203957521966,18.5658882972177,0.49652619025497535,0.5692391521958424,0,-3.014751818267891
bond_length_control,272,38,12,53,1.534564704014107,-67.08279813610257,-59.12298170357487,0.5387932596120517,0.5692391521958424,0,-29.059600245256604
bond_length_control,272,39,13,42,1.4850817981726074,714.2657508591417,-37.57407226187454,0.5257452048216116,0.5692391521958424,0,-14.626272682477198
bond_length_control,272,40,13,48,1.477774043800502,828.8481637750284,25.303960884500203,0.5005828846208364,0.5692391521958424,0,-12.944892744508548
bond_length_control,272,41,13,49,1.4849809858129632,720.8525383476655,-22.036843087774365,0.5250148768659946,0.5692391521958424,0,-14.602306513731692
bond_length_control,272,42,14,43,1.4054046136215852,891.60257676695,-8.481251421919325,0.44996702678792133,0.5692391521958424,0,-2.2014774285261733
bond_length_control,272,43,14,49,1.387308218671589,983.2860486221878,-2.998211310961004,0.4985560454151286,0.5692391521958424,0,-1.1192915438765088
bond_length_control,272,44,14,50,1.3800698352592329,774.0302553550191,17.089959600601777,0.4740691108730393,0.5692391521958424,0,-0.8581003456073848
bond_length_control,272,45,15,44,1.4509657780127374,945.4888590274957,18.548855352337345,0.5057837604907494,0.5692391521958424,0,-7.732980194153578
bond_length_control,272,46,15,50,1.4103893409056214,947.932711517409,4.4512953831597235,0.5093254278212958,0.5692391521958424,0,-2.6088233040308033
bond_length_control,272,47,15,51,1.415163566132608,842.5328686644522,-12.372320322078732,0.5137264873636576,0.5692391521958424,0,-3.043788762481338
bond_length_control,272,48,16,45,1.4553410877107664,895.2412931211046,-8.700669305858936,0.5599145079260726,0.5692391521958424,0,-8.482343265130588
bond_length_control,272,49,16,51,1.478147050396681,666.2354371548261,-27.69404679835989,0.5473700133117472,0.5692391521958424,0,-13.027977661205918
bond_length_control,272,50,16,52,1.338875705760634,269.43052889976906,1.4955447010425102,0.5109866942994501,0.5692391521958424,0,-1.1811861288318486
bond_length_control,272,51,17,46,1.4779844641800706,825.5540478878204,0.33877180860135414,0.5361710985806845,0.5692391521958424,0,-12.991726498793122
bond_length_control,272,52,17,52,1.4284121325737922,808.1338690171788,14.274379127142296,0.5073720008071811,0.5692391521958424,0,-4.482998000133106
bond_length_control,272,53,17,53,1.5076829518003587,457.89343290885273,-0.44034639871798686,0.5816762719311239,0.5692391521958424,1,-20.55101824786489
bond_length_control,272,54,18,53,1.3915936892307803,690.1440228943022,-36.259035750943234,0.5107846878175062,0.5692391521958424,0,-1.3198592992830438
bond_length_control,272,55,18,54,1.394643313107746,737.0561182386606,-4.018534233632251,0.4394977135203496,0.5692391521958424,0,-1.4835353556815694
bond_length_control,272,56,18,59,1.3586227970904872,462.3374060724527,13.510267778849984,0.4326625102551734,0.5692391521958424,0,-0.6474752562620179
bond_length_control,272,57,19,48,1.3976960556860405,1080.966346465887,39.77078728532721,0.5163409340271639,0.5692391521958424,0,-1.664909905688777
bond_length_control,272,58,19,54,1.4239075116319166,1157.300105326585,26.247101331531713,0.48732102908708347,0.5692391521958424,0,-3.955116664353952
bond_length_control,272,59,19,55,1.4400350590993476,1027.232845298044,-4.834651629505443,0.5264821677339877,0.5692391521958424,0,-6.030563691891318
bond_length_control,272,60,20,49,1.4482786101286846,1052.1114672557367,30.653352740870396,0.5381044585937286,0.5692391521958424,0,-7.292067672978504
bond_length_control,272,61,20,55,1.442694036782343,914.118779416273,-1.0917922873054253,0.5238137000553943,0.5692391521958424,0,-6.42250770444188
bond_length_control,272,62,20,56,1.4642188229377462,992.1891356100907,20.190779582700273,0.5415661091156997,0.5692391521958424,0,-10.12348714639232
bond_length_control,272,63,21,50,1.4696635184766897,683.129929349603,21.40635508499751,0.5176684653528254,0.5692391521958424,0,-11.210632986744498
bond_length_control,272,64,21,56,1.4854727850361757,617.1279597625501,4.399748963531993,0.5456170504168858,0.5692391521958424,0,-14.719426940533742
bond_length_control,272,65,21,57,1.4539879598120944,1014.5080163180716,2.1016910243217035,0.48636300954176315,0.5692391521958424,0,-8.246417849136764
bond_length_control,272,66,22,51,1.3729434134323442,646.2280807099254,-16.894665972853357,0.46674808491311415,0.5692391521958424,0,-0.6953170488895974
bond_length_control,272,67,22,57,1.5679932541893589,-778.7612119765264,-70.18414987572615,0.4310415695596901,0.5692391521958424,0,-41.93599844420393
bond_length_control,272,68,22,58,1.38302118373268,730.5825040829587,-12.561941708612347,0.4660973035464677,0.5692391521958424,0,-0.9528778178026673
bond_length_control,272,69,23,52,1.391189939517858,836.9499846549478,-24.720266265623884,0.488942585334762,0.5692391521958424,0,-1.2994978008231506
bond_length_control,272,70,23,58,1.4192921902412998,990.7824704625614,-32.36151806578105,0.5246751229804125,0.5692391521958424,0,-3.455524473219173
bond_length_control,272,71,23,59,1.4597590797694635,921.7977681407012,-34.79946125058334,0.4851246788963718,0.5692391521958424,0,-9.278772526487915
bond_length_control,272,72,24,59,1.365370790663242,544.0061538352303,-45.18189005687912,0.43313010364536064,0.5692391521958424,0,-0.6238817115180222
bond_length_control,272,73,24,60,1.4179637344998497,884.8118800683078,1.0638298514514342,0.45280823047636,0.5692391521958424,0,-3.319427031852738
bond_length_control,272,74,24,65,1.36922978134322,556.1443391159602,-23.797555459504174,0.49591747225423843,0.5692391521958424,0,-0.6472798349511013
bond_length_control,272,75,25,54,1.3952894014603732,898.9145004397475,2.7960471715752657,0.4699436321039473,0.5692391521958424,0,-1.5204559928808976
bond_length_control,272,76,25,60,1.4210088577294262,891.3570388532725,-1.7814680503563836,0.48278655566977047,0.5692391521958424,0,-3.636486333984114
bond_length_control,272,77,25,61,1.411259329516806,864.8458634128027,17.9231738779759,0.4982483525280777,0.5692391521958424,0,-2.6848088635172402
bond_length_control,272,78,26,55,1.3453568607620479,358.2080391766697,-31.60447331843,0.5562176576719693,0.5692391521958424,0,-0.9303999554251821
bond_length_control,272,79,26,61,1.4699745602948722,1196.4439455656786,-12.70861630562115,0.5453612394491956,0.5692391521958424,0,-11.27460225658193
bond_length_control,272,80,26,62,1.4579003484252144,966.7377771876678,1.7874173721925246,0.5361364533500212,0.5692391521958424,0,-8.938816680665568
bond_length_control,272,81,27,56,1.3337586425438286,182.99816918658223,-23.379765241738987,0.5347349945855022,0.5692391521958424,0,-1.4307535699358542
bond_length_control,272,82,27,62,1.4035874269051787,907.5516552241427,8.456036578467524,0.4969013812032488,0.5692391521958424,0,-2.0648059656152213
bond_length_control,272,83,27,63,1.4762188857051446,785.5028282406038,-5.217881792733813,0.5120036095262187,0.5692391521958424,0,-12.60165133935187
bond_length_control,272,84,28,57,1.4357755617954269,820.7181263633116,8.744315136101994,0.48339143727528006,0.5692391521958424,0,-5.432211890154766
bond_length_control,272,85,28,63,1.3499044339325905,479.9341155354061,11.827392766527247,0.5199140930911191,0.5692391521958424,0,-0.7983553649242996
bond_length_control,272,86,28,64,1.421627486482463,1091.5681932318066,11.106715283690287,0.5225778778018957,0.5692391521958424,0,-3.7031087451158573
bond_length_control,272,87,29,58,1.5045118114186533,382.3627784580263,-34.45615036674011,0.547915154009613,0.5692391521958424,0,-19.65289728906972
bond_length_control,272,88,29,64,1.3839240027024111,1009.8514511380827,-12.742265134069946,0.5520458605494509,0.5692391521958424,0,-0.9850881434503638
bond_length_control,272,89,29,65,1.4539765386392123,942.6788709668175,-36.325264576065706,0.5711520785344499,0.5692391521958424,1,-8.244442432645767
bond_length_control,272,90,30,65,1.5042504418341427,396.97527995575786,0.5820996710071413,0.5449626904255559,0.5692391521958424,0,-19.57985415003585
bond_length_control,272,91,30,66,1.4138807909858728,1327.6680152854713,-17.920111387718133,0.5207404762549126,0.5692391521958424,0,-2.922593322664878
bond_length_control,272,92,30,71,1.355870100229959,332.5390738359747,-18.027682655962327,0.47373134281770196,0.5692391521958424,0,-0.6805183386593345
bond_length_control,272,93,31,60,1.4000056889859762,1064.846515073289,-2.372195487625933,0.5090392182201018,0.5692391521958424,0,-1.8138350777496353
bond_length_control,272,94,31,66,1.4742061863240825,849.8412194347964,17.66826702523796,0.5279262458273368,0.5692391521958424,0,-12.16498071729278
bond_length_control,272,95,31,67,1.4263174698451468,815.7349638010438,5.649798460642171,0.4930637448080706,0.5692391521958424,0,-4.232566980471247
bond_length_control,272,96,32,61,1.3884939277158599,966.1568811483628,12.449698602390285,0.4878923209308884,0.5692391521958424,0,-1.171352940592806
bond_length_control,272,97,32,67,1.3642134435966382,639.9137516377323,-8.512669391527492,0.45645505066055,0.5692391521958424,0,-0.6221108985801624
bond_length_control,272,98,32,68,1.4262752838465955,998.2877017083889,-4.994706394388155,0.49197408370380447,0.5692391521958424,0,-4.227612111240254
bond_length_control,272,99,33,62,1.3957307147678037,778.1059694247999,-22.019182638919833,0.48642364063911936,0.5692391521958424,0,-1.5461267579598772
bond_length_control,272,100,33,68,1.355483403622705,499.5696656741202,-16.51527421076062,0.49973018951120973,0.5692391521958424,0,-0.6862420921363483
bond_length_control,272,101,33,69,1.4331020702380592,887.6174947679202,-46.16083040360837,0.5110774570737845,0.5692391521958424,0,-5.075137101482249
bond_length_control,272,102,34,63,1.4199233841777372,990.6970781753301,-5.283570907030744,0.5577813193613739,0.5692391521958424,0,-3.5213934260993613
bond_length_control,272,103,34,69,1.4929114954212035,694.4903875035587,-5.499686027244779,0.5673329074730691,0.5692391521958424,0,-16.553971764422492
bond_length_control,272,104,34,70,1.487815870981913,562.9607113908348,-22.650083702781725,0.593855907416099,0.5692391521958424,1,-15.28450756910435
bond_length_control,272,105,35,64,1.4795904948901761,684.4639930814047,-13.652260181071352,0.5679305312491894,0.5692391521958424,0,-13.352263613021817
bond_length_control,272,106,35,70,1.4772933388401066,674.4475373163394,-12.312072824165337,0.6013413345931378,0.5692391521958424,1,-12.838251422975771
bond_length_control,272,107,35,71,1.3555789982095914,378.6202107837196,12.267203680661224,0.5158054016263345,0.5692391521958424,0,-0.6848023701330508
bond_length_control,216,0,0,36,1.577275804620516,-839.8423938022403,-95.49528422278354,0.4392496723395788,0.5655274444982697,0,-68.369462608984
bond_length_control,216,1,0,41,1.2890980976895718,-1096.3794444328107,-136.34933781211777,0.42511001554778627,0.5655274444982697,0,11.577626464724242
bond_length_control,216,2,0,71,1.4647945168876988,740.9760158163201,55.67899089940272,0.4795837337052915,0.5655274444982697,0,-9.269927548575135
bond_length_control,216,3,1,36,1.4160139612200675,1263.4890779031468,45.10958077896464,0.49399432615422695,0.5655274444982697,0,4.623884919329651
bond_length_control,216,4,1,37,1.4728761922176914,992.734821739353,50.15070649817527,0.5454676435922945,0.5655274444982697,0,-12.22609841527983
bond_length_control,216,5,1,66,1.3605362235755984,365.1962797113102,5.600475367742774,0.5524224984675359,0.5655274444982697,0,12.599343779486299
bond_length_control,216,6,2,37,1.4592216142594043,1631.0129989876573,156.84831605481818,0.5342390845408409,0.5655274444982697,0,-7.341888414497097
bond_length_control,216,7,2,38,1.507203274900311,1754.587585526474,111.81678824338967,0.5414621585115036,0.5655274444982697,0,-26.940961194984517
bond_length_control,216,8,2,67,1.2975200124296349,-1130.4331838700623,82.62375746679227,0.4914245393690201,0.5655274444982697,0,12.32156030520087
bond_length_control,216,9,3,38,1.4079689039625443,1161.1273819414641,31.523021847476603,0.5248797412982488,0.5655274444982697,0,6.28321196871825
bond_length_control,216,10,3,39,1.3642450617389035,523.9135032422387,-27.021519579022478,0.5110686620907442,0.5655274444982697,0,12.313977085512848
bond_length_control,216,11,3,68,1.414905891413333,893.6114138989215,31.103665758661947,0.49860883046985216,0.5655274444982697,0,4.8628153328255035
bond_length_control,216,12,4,39,1.4933992160044904,438.5079680769797,6.57324246777051,0.5352498330541642,0.5655274444982697,0,-20.598286281643674
bond_length_control,216,13,4,40,1.45271493499573,787.6532256382889,24.818570508294087,0.5037358789740191,0.5655274444982697,0,-5.203860787406169
bond_length_control,216,14,4,69,1.4438505873422611,754.9781969105969,-36.36368060015727,0.5247980292493767,0.5655274444982697,0,-2.4853064410860384
bond_length_control,216,15,5,40,1.3921728906281472,761.4590541770671,52.37223366504684,0.4848027583859175,0.5655274444982697,0,9.037676128787323
bond_length_control,216,16,5,41,1.5296114121029891,-100.87201677154378,-32.592726358594426,0.4572917434730443,0.5655274444982697,0,-38.48566512191266
bond_length_control,216,17,5,70,1.3825808275558156,918.2937930362431,88.831252765606,0.5187176578012144,0.5655274444982697,0,10.389747297204389
bond_length_control,216,18,6,41,1.423132327420138,767.6298325397364,35.08031498331136,0.48211121252795774,0.5655274444982697,0,3.0092879399917067
bond_length_control,216,19,6,42,1.4596861848220046,931.2181185528353,21.748718947172726,0.5223879675414751,0.5655274444982697,0,-7.499189816790571
bond_length_control,216,20,6,47,1.3632141461133056,821.3352464746823,77.82371207676687,0.5378119548936365,0.5655274444982697,0,12.396772458266001
bond_length_control,216,21,7,36,1.4422759271323056,906.7576989670569,10.398093897301168,0.49266602008973354,0.5655274444982697,0,-2.0256312335896496
bond_length_control,216,22,7,42,1.4327698726872296,716.9924439340582,15.686873183570999,0.5188031183114583,0.5655274444982697,0,0.6017423569687717
bond_length_control,216,23,7,43,1.4034817949738767,1027.3102435695682,12.387948205039256,0.5192927913664663,0.5655274444982697,0,7.133114630710628
bond_length_control,216,24,8,37,1.4099219172370374,968.2841053646299,-1.0224270413523793,0.5168660898008856,0.5655274444982697,0,5.896434252375533
bond_length_control,216,25,8,43,1.4131269758793508,785.6722123345352,26.360929640762723,0.4920195436395508,0.5655274444982697,0,5.239442609196726
bond_length_control,216,26,8,44,1.4175956529199045,868.7897414145358,39.49065062786259,0.49138296174214935,0.5655274444982697,0,4.277054396023199
bond_length_control,216,27,9,38,1.475048152561588,537.2474133741819,38.781360940964554,0.5545138580935933,0.5655274444982697,0,-13.05312724293657
bond_length_control,216,28,9,44,1.4165655470942453,845.9416391621771,35.85762071768303,0.5218076560641942,0.5655274444982697,0,4.503705914159686
bond_length_control,216,29,9,45,1.38111574462722,595.264142353272,54.71797167601178,0.5366186661656054,0.5655274444982697,0,10.575204703136302
bond_length_control,216,30,10,39,1.4355025600125257,906.9356172048332,-2.9777884808976847,0.5352588092978037,0.5655274444982697,0,-0.12769882209272865
bond_length_control,216,31,10,45,1.4458382570973571,910.4894048304733,6.512919717625548,0.5311746965773205,0.5655274444982697,0,-3.0755306970800866
bond_length_control,216,32,10,46,1.4620664185905463,884.3808319071063,22.853368358728524,0.5321351247701801,0.5655274444982697,0,-8.31488506033232
bond_length_control,216,33,11,40,1.364940565329184,392.82085977732794,42.48570161739412,0.5123446852011496,0.5655274444982697,0,12.25660518123116
bond_length_control,216,34,11,46,1.5165839400327854,245.734543541894,55.48201772544833,0.5407349547536711,0.5655274444982697,0,-31.5839648780412
bond_length_control,216,35,11,47,1.4296695245009674,976.0301968763195,44.51940482948771,0.5405344126539552,0.5655274444982697,0,1.4042168934774408
bond_length_control,216,36,12,47,1.4904949728267243,534.9626817387867,11.118749471011471,0.5603071135342961,0.5655274444982697,0,-19.337261961120063
bond_length_control,216,37,12,48,1.4910748505732245,770.8199136520817,1.4475152442751487,0.5451711573230993,0.5655274444982697,0,-19.58702036565304
bond_length_control,216,38,12,53,1.322006901781384,-312.4279502795658,-65.39236536360609,0.5268824625227183,0.5655274444982697,0,13.556088686661264
bond_length_control,216,39,13,42,1.325010579016772,-203.96961062152107,45.217705446791335,0.5137821800121709,0.5655274444982697,0,13.610653045792612
bond_length_control,216,40,13,48,1.4368748353535499,652.6607938216999,6.690907648822394,0.5140702111531357,0.5655274444982697,0,-0.5018490550373897
bond_length_control,216,41,13,49,1.4510873865609957,881.3150819531253,-11.448806181650701,0.48850056166776656,0.5655274444982697,0,-4.687993453622454
bond_length_control,216,42,14,43,1.5047239444935023,281.6765945474132,-22.93671156864173,0.48185475870785366,0.5655274444982697,0,-25.75901852632456
bond_length_control,216,43,14,49,1.3408025662448015,146.12416508818825,30.34353560863693,0.4560834673084413,0.5655274444982697,0,13.541761153576191
bond_length_control,216,44,14,50,1.3676291269066039,560.4063338569736,40.19013214777076,0.4811775624080873,0.5655274444982697,0,12.023327882892469
bond_length_control,216,45,15,44,1.4846075687210625,756.6891692978795,42.60432571458031,0.5204931499196201,0.5655274444982697,0,-16.858488001423773
bond_length_control,216,46,15,50,1.443658578140514,864.629480152257,51.754706420025734,0.5204525355172552,0.5655274444982697,0,-2.4288811294816224
bond_length_control,216,47,15,51,1.4597757206165831,798.4426675106997,44.639062799231745,0.5193824957866309,0.5655274444982697,0,-7.529577646717472
bond_length_control,216,48,16,45,1.4401800280397026,894.1940536865804,38.82105474584097,0.5335595748087602,0.5655274444982697,0,-1.4246147442900448
bond_length_control,216,49,16,51,1.3515439945251781,414.5248558679591,70.96213419436387,0.5176379105743598,0.5655274444982697,0,13.148298777782871
bond_length_control,216,50,16,52,1.432982620080033,888.302190576909,43.672540078512846,0.5369244950528089,0.5655274444982697,0,0.545698727107891
bond_length_control,216,51,17,46,1.3268529852264972,-314.01397328952004,-17.565076963150094,0.48908115049048984,0.5655274444982697,0,13.6334939859809
bond_length_control,216,52,17,52,1.3823836321445238,597.7835883954739,51.47255708939613,0.4914856425416789,0.5655274444982697,0,10.415032746252622
bond_length_control,216,53,17,53,1.433471233834455,858.6816684704413,5.0512016410591345,0.4554559573791963,0.5655274444982697,0,0.41650811281332345
bond_length_control,216,54,18,53,1.422064918538509,737.4944391095551,-8.963424721472549,0.48282341522058275,0.5655274444982697,0,3.2602165281742623
bond_length_control,216,55,18,54,1.4122537806525826,865.9325281209959,23.36431311217796,0.5147533243579008,0.5655274444982697,0,5.421182011066433
bond_length_control,216,56,18,59,1.42534524428055,747.5765494364807,-0.24743349258398578,0.5063873245327354,0.5655274444982697,0,2.479118526764886
bond_length_control,216,57,19,48,1.435249628239922,985.3492203558236,-1.3045490704468552,0.5201099946682801,0.5655274444982697,0,-0.05931030408695115
bond_length_control,216,58,19,54,1.4452460901971826,700.4730483541694,0.9579012193989545,0.533751209005217,0.5655274444982697,0,-2.898524318581943
bond_length_control,216,59,19,55,1.4081554127934812,801.4502697006095,-14.895789886959443,0.4937172359490225,0.5655274444982697,0,6.246718019923145
bond_length_control,216,60,20,49,1.3839126511078235,754.4816704001782,20.444389871443086,0.4582209588179834,0.5655274444982697,0,10.21633555965433
bond_length_control,216,61,20,55,1.328730166662616,-101.22588260790432,45.855543375844235,0.4573978495840949,0.5655274444982697,0,13.648426958776769
bond_length_control,216,62,20,56,1.4528399698333176,832.4357997994272,30.297128978841208,0.5046213853967311,0.5655274444982697,0,-5.243804208729314
bond_length_control,216,63,21,50,1.4166709885033284,875.5235680171285,27.061596752704045,0.5014655665153759,0.5655274444982697,0,4.480638382406591
bond_length_control,216,64,21,56,1.3690798072427395,606.0841500117492,45.303935520534786,0.5227718979944775,0.5655274444982697,0,11.889850829432897
bond_length_control,216,65,21,57,1.4201091098930139,852.2187981687028,34.46129679282762,0.5096949563766999,0.5655274444982697,0,3.7119045697251485
bond_length_control,216,66,22,51,1.411291375937245,896.6099916839185,23.557507073006814,0.5142973535379369,0.5655274444982697,0,5.619104120612107
bond_length_control,216,67,22,57,1.3951530858360013,1003.9372096408698,55.053978005911986,0.5235967831298853,0.5655274444982697,0,8.568571105555472
bond_length_control,216,68,22,58,1.4666477416369281,676.4756247113678,25.621503880199445,0.5359846456948822,0.5655274444982697,0,-9.931002860839461
bond_length_control,216,69,23,52,1.4802382019941545,537.0091418321821,18.12009858337832,0.5731345175798235,0.5655274444982697,1,-15.085605249308534
bond_length_control,216,70,23,58,1.363137200322377,512.1729183768825,32.541643440012386,0.5755352252583196,0.5655274444982697,1,12.402844750419158
bond_length_control,216,71,23,59,1.4783319680413913,562.4602105543887,7.320011595568284,0.5606687417294934,0.5655274444982697,0,-14.32986885767338
bond_length_control,216,72,24,59,1.4354676406810745,887.2557287997461,36.84084519666038,0.538109079217022,0.5655274444982697,0,-0.11824661035478101
bond_length_control,216,73,24,60,1.3637752439792865,339.00609133673834,75.11065968586394,0.5441901391481789,0.5655274444982697,0,12.352041576632518
bond_length_control,216,74,24,65,1.476967920978945,682.721998091309,46.68746559208185,0.5563890428719191,0.5655274444982697,0,-13.795671995685707
bond_length_control,216,75,25,54,1.4576118459241731,857.7595820021251,43.90968588372237,0.557797327860799,0.5655274444982697,0,-6.801631597399991
bond_length_control,216,76,25,60,1.468517326280184,854.6308112724078,44.78434917010288,0.5555123879667907,0.5655274444982697,0,-10.60803061215246
bond_length_control,216,77,25,61,1.366136215578689,749.2086141865067,74.18284287469803,0.5018634704221614,0.5655274444982697,0,12.155120660089148
bond_length_control,216,78,26,55,1.5444050623650332,-38.909810163823444,17.305825415389048,0.49757326348589354,0.5655274444982697,0,-46.972944559932806
bond_length_control,216,79,26,61,1.3666804110947868,533.0538017272062,95.99135149939517,0.4816733791034505,0.5655274444982697,0,12.107733232728927
bond_length_control,216,80,26,62,1.4482346183939956,915.4557651915233,29.86769407727215,0.5262000053484692,0.5655274444982697,0,-3.801964978619303
bond_length_control,216,81,27,56,1.5262976824047014,158.31655457152482,32.03962058119205,0.5299511383968432,0.5655274444982697,0,-36.67967958207799
bond_length_control,216,82,27,62,1.4101758611419706,802.0710327748624,-6.764854073598031,0.5113543444467828,0.5655274444982697,0,5.845389320788376
bond_length_control,216,83,27,63,1.3941862150148667,931.8761814547815,11.043386224467405,0.51896895155302,0.5655274444982697,0,8.72332478366087
bond_length_control,216,84,28,57,1.497608512234469,592.9036988437955,19.087718679031017,0.5445154268575707,0.5655274444982697,0,-22.47107785382093
bond_length_control,216,85,28,63,1.5050343493788296,382.5699443467173,18.68438916470919,0.5466101816315252,0.5655274444982697,0,-25.905964233364273
bond_length_control,216,86,28,64,1.3079501719758195,-649.5377946959346,-81.86795251153914,0.5036211444515182,0.5655274444982697,0,13.017940296138045
bond_length_control,216,87,29,58,1.4413644171515663,846.7334343843386,58.93608036558481,0.5241127434836073,0.5655274444982697,0,-1.762731649243582
bond_length_control,216,88,29,64,1.4081907252735553,892.8340566046674,22.720611022839023,0.470830598512558,0.5655274444982697,0,6.239797958331115
bond_length_control,216,89,29,65,1.4033728902466456,931.046107140993,43.30193392549009,0.5275262236096784,0.5655274444982697,0,7.1530734428142
bond_length_control,216,90,30,65,1.4511988250990195,882.6644211269025,10.151711063953082,0.5448484160912703,0.5655274444982697,0,-4.723074291199907
bond_length_control,216,91,30,66,1.4633674182113836,996.4132546142844,28.17512038471669,0.5532962808752209,0.5655274444982697,0,-8.767647146271008
bond_length_control,216,92,30,71,1.4335658716690638,843.4543475843295,5.222067951274671,0.5352021699276246,0.5655274444982697,0,0.39140894439436114
bond_length_control,216,93,31,60,1.4253124355550992,1412.4546475813077,78.34498393690264,0.5301085098233442,0.5655274444982697,0,2.4870770356137735
bond_length_control,216,94,31,66,1.5013226905776724,534.7915503396295,52.009171632957056,0.550755278331035,0.5655274444982697,0,-24.168130266061944
bond_length_control,216,95,31,67,1.4352041617944669,1058.3576921634144,74.80717948501456,0.5009858782839729,0.5655274444982697,0,-0.04703584250950943
bond_length_control,216,96,32,61,1.4262160130017016,728.5898593646915,72.69135502926869,0.49332314486517415,0.5655274444982697,0,2.2668117193159807
bond_length_control,216,97,32,67,1.467449990091574,921.7118382868221,78.11158344704346,0.5178494308704321,0.5655274444982697,0,-10.220272910364953
bond_length_control,216,98,32,68,1.47085133967112,995.1990079557532,11.709187078441083,0.5416161391845189,0.5655274444982697,0,-11.467539893791129
bond_length_control,216,99,33,62,1.4288366384297155,934.2045788861141,-15.196509091254299,0.518538688490354,0.5655274444982697,0,1.6152616078842152
bond_length_control,216,100,33,68,1.3685468599273598,639.5763276555117,18.6799450784103,0.52230505656468,0.5655274444982697,0,11.939507937468528
bond_length_control,216,101,33,69,1.432587791101703,775.937580519536,-26.01189747620175,0.5243130843807845,0.5655274444982697,0,0.6496079271532547
bond_length_control,216,102,34,63,1.4251606112228064,947.6448034047538,32.03743733975503,0.5256499130303298,0.5655274444982697,0,2.5238669837032646
bond_length_control,216,103,34,69,1.391789022690215,772.1216503851929,23.790395617948374,0.5238097018145231,0.5655274444982697,0,9.096402817136974
bond_length_control,216,104,34,70,1.4382589714816956,867.2580173964777,2.2495455009875696,0.5366624509544624,0.5655274444982697,0,-0.8845605797813132
bond_length_control,216,105,35,64,1.4410293412512245,919.4087221039296,1.9075762420610736,0.5016178826600668,0.5655274444982697,0,-1.6666753500621976
bond_length_control,216,106,35,70,1.486906636709671,561.5231764134552,-14.374287584846417,0.5556194577642064,0.5655274444982697,0,-17.814140796876153
bond_length_control,216,107,35,71,1.3555066919424585,671.2309549833375,62.03433247047132,0.5486672615935415,0.5655274444982697,0,12.931222054166478
bond_length_control,99,0,0,36,1.3952778937924082,1270.9118841491058,28.89229557273158,0.5165376842927094,0.5669182685166395,0,6.893640954466722
bond_length_control,99,1,0,41,1.4310879081560666,1408.2836250678229,54.85510866028812,0.5284553995631078,0.5669182685166395,0,1.1630896431691145
bond_length_control,99,2,0,71,1.4676574620062197,1039.800042842248,22.045048751788094,0.5278332516521911,0.5669182685166395,0,-8.283840584577764
bond_length_control,99,3,1,36,1.4641297904183548,1055.7372191373734,2.4827740341952578,0.5370786376219109,0.5669182685166395,0,-7.209209112273896
bond_length_control,99,4,1,37,1.4871363416473544,777.5190368847311,-32.59207251886871,0.5820119732863805,0.5669182685166395,1,-14.861623153617515
bond_length_control,99,5,1,66,1.3609596931199148,699.9097918928019,-61.927114984763136,0.4773049325407672,0.5669182685166395,0,9.27523920765077
bond_length_control,99,6,2,37,1.4146969108198413,1122.360857778542,3.960326497628203,0.5526441256641349,0.5669182685166395,0,4.207889124678481
bond_length_control,99,7,2,38,1.4285716894116385,1672.3289014513068,102.48716067966669,0.5201362895550281,0.5669182685166395,0,1.6774873143991744
bond_length_control,99,8,2,67,1.4634277341083601,895.3349654356413,-32.10073409790848,0.5361276900755207,0.5669182685166395,0,-6.999564308689045
bond_length_control,99,9,3,38,1.4409808026597435,1359.360890282423,73.7282309235296,0.5381506954675281,0.5669182685166395,0,-1.026561748957171
bond_length_control,99,10,3,39,1.4854526873123652,798.8578243253796,14.215453372224678,0.5428999954950994,0.5669182685166395,0,-14.249611911742484
bond_length_control,99,11,3,68,1.3719424198585595,897.4137116652482,-18.89406109172591,0.5361778473512158,0.5669182685166395,0,8.83506709327952
bond_length_control,99,12,4,39,1.424306556894283,1223.5401778326814,66.20898207377654,0.5212715002805035,0.5669182685166395,0,2.5103233963154348
bond_length_control,99,13,4,40,1.4600560396758386,1266.499132717414,45.51345934707099,0.5241888013686768,0.5669182685166395,0,-6.012186883928269
bond_length_control,99,14,4,69,1.4320139647036425,1136.9343178069266,79.06077917286852,0.5310626126664026,0.5669182685166395,0,0.9694489938035984
bond_length_control,99,15,5,40,1.421409255525466,1067.4168993907654,23.95374683292527,0.5072128247717096,0.5669182685166395,0,3.0481421881400483
bond_length_control,99,16,5,41,1.4199146660146196,1179.8777147519645,33.30837648162525,0.49903843937100056,0.5669182685166395,0,3.3167809113454645
bond_length_control,99,17,5,70,1.3444407768812543,615.3148531393693,-104.02611430114318,0.5284522820618206,0.5669182685166395,0,9.380340440262529
bond_length_control,99,18,6,41,1.4500041159604158,1239.7017165921134,44.2545282925354,0.5362599869264598,0.5669182685166395,0,-3.258533608749431
bond_length_control,99,19,6,42,1.4041579268143196,1023.2152375672647,-27.02756974996187,0.5466236198219283,0.5669182685166395,0,5.787954302552324
bond_length_control,99,20,6,47,1.4641720040969162,1082.0748396766212,81.30434940731082,0.5545677721774718,0.5669182685166395,0,-7.221859365760572
bond_length_control,99,21,7,36,1.3504144157683418,736.4301862221262,-48.375920468461565,0.5013540324677023,0.5669182685166395,0,9.41875530114094
bond_length_control,99,22,7,42,1.4612646778881322,902.6144283961906,-13.363960268204224,0.5236353806335692,0.5669182685166395,0,-6.3624286072016645
bond_length_control,99,23,7,43,1.412120526414277,1188.5048296728776,24.960346203286385,0.5047058797409278,0.5669182685166395,0,4.621213436690308
bond_length_control,99,24,8,37,1.4754766903237728,771.2323608670815,-45.147122228346234,0.5646703589745885,0.5669182685166395,0,-10.792633156827147
bond_length_control,99,25,8,43,1.4314892480523784,1201.1768432034146,53.7516351719529,0.5230888705833444,0.5669182685166395,0,1.0794545633332295
bond_length_control,99,26,8,44,1.38105814429307,939.9888343102735,1.1158510230790397,0.5040711427018782,0.5669182685166395,0,8.241101791967846
bond_length_control,99,27,9,38,1.5224653899941771,550.6882020560827,-6.953497439632139,0.5171530026653033,0.5669182685166395,0,-29.646993813670115
bond_length_control,99,28,9,44,1.369840121017628,914.5835773339026,-4.04740729855782,0.4890616225016998,0.5669182685166395,0,8.942494998263626
bond_length_control,99,29,9,45,1.4170163676458452,1228.4303304779814,44.595308201709344,0.5102288695741799,0.5669182685166395,0,3.8207156393069965
bond_length_control,99,30,10,39,1.4336383690555357,1203.1968652970115,25.402254103098986,0.5232545919928274,0.5669182685166395,0,0.624148923054018
bond_length_control,99,31,10,45,1.4353534344742422,1131.9293851392588,23.859019224382426,0.5115811588741328,0.5669182685166395,0,0.2517741846633683
bond_length_control,99,32,10,46,1.4006738712048694,1158.0544301449618,36.91942465398751,0.5160861796393635,0.5669182685166395,0,6.246207511662185
bond_length_control,99,33,11,40,1.4413507468315678,1189.59248522702,52.60998849241508,0.5188367577793478,0.5669182685166395,0,-1.1136455695471188
bond_length_control,99,34,11,46,1.3791743196122297,951.2260098995023,-7.728544982245331,0.5087510443377106,0.5669182685166395,0,8.380997921372021
bond_length_control,99,35,11,47,1.4117443059031591,1108.8095443886518,38.634703901830406,0.5289701576296506,0.5669182685166395,0,4.680099438533049
bond_length_control,99,36,12,47,1.4495254302786742,1455.8294820491965,98.81128757550276,0.470965469298079,0.5669182685166395,0,-3.1344541010164466
bond_length_control,99,37,12,48,1.2704604035168754,-1802.2724179385511,-974.8656253232683,0.4032147771919917,0.5669182685166395,0,2.041557331990731
bond_length_control,99,38,12,53,1.55333753754407,-273.7161560566097,-243.70135247908902,0.4405429515774416,0.5669182685166395,0,-45.695202480508016
bond_length_control,99,39,13,42,1.4319337157112662,1391.8957339279661,65.4186124889008,0.5246690847116006,0.5669182685166395,0,0.986321468794328
bond_length_control,99,40,13,48,1.4359386454988354,1108.7197109517142,33.19889369972043,0.4648625449610567,0.5669182685166395,0,0.1228760134671294
bond_length_control,99,41,13,49,1.4628433409085704,917.9445580635472,4.553758916992071,0.5092696540650388,0.5669182685166395,0,-6.826122098028129
bond_length_control,99,42,14,43,1.4240894280828373,1142.1225216008188,17.40806070339053,0.5099970192347394,0.5669182685166395,0,2.551409989099298
bond_length_control,99,43,14,49,1.400252673546344,1064.6283779757134,25.19301620605872,0.5135270894808189,0.5669182685166395,0,6.29946369797943
bond_length_control,99,44,14,50,1.4503281157367895,1170.0611192483236,58.75565098642069,0.5451641123936639,0.5669182685166395,0,-3.3428794644774733
bond_length_control,99,45,15,44,1.4354314862908337,998.5660068337276,19.00934998801631,0.492236137955702,0.5669182685166395,0,0.23463661632560395
bond_length_control,99,46,15,50,1.4914856416419717,642.7506295959882,0.773309218606924,0.5464209589960926,0.5669182685166395,0,-16.481066240915894
bond_length_control,99,47,15,51,1.3276406306564732,184.6743702367149,-193.71101277431342,0.5461126240419732,0.5669182685166395,0,8.815663891733678
bond_length_control,99,48,16,45,1.4280763974700144,1492.4823680387221,42.40328703889128,0.5192352819164535,0.5669182685166395,0,1.7767215105276546
bond_length_control,99,49,16,51,1.4799003374640132,886.2784983102609,12.033798719556247,0.5519445209302447,0.5669182685166395,0,-12.289919915055798
bond_length_control,99,50,16,52,1.3498964485508096,476.55519576249816,-133.45013019308715,0.5183762901597654,0.5669182685166395,0,9.418834122251326
bond_length_control,99,51,17,46,1.4868790981195366,738.1088199752293,-13.723809516912423,0.5577271384555322,0.5669182685166395,0,-14.76757787520112
bond_length_control,99,52,17,52,1.4821012895703054,906.1191786386718,23.726903001614023,0.5523631259336134,0.5669182685166395,0,-13.056007901337942
bond_length_control,99,53,17,53,1.380055403993674,1074.211108042229,51.71903942295849,0.5475237340268349,0.5669182685166395,0,8.316683506519713
bond_length_control,99,54,18,53,1.419191841171508,1154.7067301996058,66.56376252437869,0.4944951182375515,0.5669182685166395,0,3.444558788870074
bond_length_control,99,55,18,54,1.4201794142353472,1095.5241458204966,56.604906079353086,0.4968685529726749,0.5669182685166395,0,3.269630436910445
bond_length_control,99,56,18,59,1.4445125995750396,1260.2646472969955,60.831061208656294,0.5284713547302087,0.5669182685166395,0,-1.8733310828245404
bond_length_control,99,57,19,48,1.4682900394520144,895.905054638687,-10.269048034619203,0.4631024042781594,0.5669182685166395,0,-8.480291916655492
bond_length_control,99,58,19,54,1.4041646998611172,1242.8559829577525,61.74980550251434,0.5028040133987328,0.5669182685166395,0,5.787032587102113
bond_length_control,99,59,19,55,1.3916108903505433,1152.0747628442023,15.16441376299485,0.503278685259982,0.5669182685166395,0,7.290674160990221
bond_length_control,99,60,20,49,1.3691116641820165,944.6191308563793,-9.294715692017633,0.5419512516715912,0.5669182685166395,0,8.9771499467725
bond_length_control,99,61,20,55,1.4583020479008901,1048.0525472553516,24.715576806152516,0.5377204235494318,0.5669182685166395,0,-5.51124812342589
bond_length_control,99,62,20,56,1.489792017946348,932.8186872306044,60.497218682290296,0.5285827019011171,0.5669182685166395,0,-15.843846760680592
bond_length_control,99,63,21,50,1.3925216990724605,1076.5153178957692,9.212959200291374,0.5282080530915234,0.5669182685166395,0,7.195291048252244
bond_length_control,99,64,21,56,1.3950347390893878,1208.627269472171,30.129545168195374,0.48320248040820435,0.5669182685166395,0,6.921040820137716
bond_length_control,99,65,21,57,1.4497158138714759,1038.4706926418332,46.01265437664587,0.5191145621240658,0.5669182685166395,0,-3.183726750965116
bond_length_control,99,66,22,51,1.5100465912950438,603.2536315287333,21.597530252677895,0.5392897305366996,0.5669182685166395,0,-24.022304328461885
bond_length_control,99,67,22,57,1.4423877941975165,1204.3502447208887,23.925635307429367,0.5305045745233614,0.5669182685166395,0,-1.3597731230715144
bond_length_control,99,68,22,58,1.3153675920989896,-10.080947948948204,-176.60747790356706,0.4876122342861755,0.5669182685166395,0,7.984610701775779
bond_length_control,99,69,23,52,1.3992547644531308,1223.8827238367442,38.91951075396502,0.5021048940327979,0.5669182685166395,0,6.42379814809844
bond_length_control,99,70,23,58,1.400031666010393,1142.4302630885065,18.844298481656363,0.48399562855275313,0.5669182685166395,0,6.327223278994925
bond_length_control,99,71,23,59,1.4787104272193827,957.7931471716767,12.053463977086016,0.5312417386186766,0.5669182685166395,0,-11.881600540127437
bond_length_control,99,72,24,59,1.3988010816067669,1100.2131767849196,-11.508548611293287,0.5272521294082417,0.5669182685166395,0,6.4794693299151085
bond_length_control,99,73,24,60,1.4343604846189026,1135.4183963184732,30.7982548095369,0.5042699902992943,0.5669182685166395,0,0.46834120349261266
bond_length_control,99,74,24,65,1.4129397793022083,1161.2609291551742,44.93795842306989,0.525947491305412,0.5669182685166395,0,4.491688758095667
bond_length_control,99,75,25,54,1.4282346451321806,1107.4801641535955,18.13347059427638,0.5061824794163632,0.5669182685166395,0,1.7450879343880978
bond_length_control,99,76,25,60,1.419391306627033,1236.1642467707102,20.62184817295487,0.5148031420649495,0.5669182685166395,0,3.4094376017072303
bond_length_control,99,77,25,61,1.4581918625480277,1035.4858646121916,30.42309371660758,0.5333150357010858,0.5669182685166395,0,-5.480068871676675
bond_length_control,99,78,26,55,1.3968719546369812,1074.672279062616,23.854908113182375,0.4996069060568605,0.5669182685166395,0,6.710230188587403
bond_length_control,99,79,26,61,1.4218956578297974,1142.9195902017977,-16.80433514348903,0.5262647904803339,0.5669182685166395,0,2.959425776034633
bond_length_control,99,80,26,62,1.4293905872616626,1058.6142865204283,20.51855868636185,0.5104552940703602,0.5669182685166395,0,1.5119609546288415
bond_length_control,99,81,27,56,1.3309348968133548,190.05341478138803,-216.16632040439666,0.4465334098723359,0.5669182685166395,0,8.978981394236747
bond_length_control,99,82,27,62,1.436825422005918,1262.9962681254626,34.316346323342486,0.46651951953415016,0.5669182685166395,0,-0.07422888902527358
bond_length_control,99,83,27,63,1.366135362112736,906.6360079300293,-28.53897197134042,0.4269781047849288,0.5669182685166395,0,9.105041285378533
bond_length_control,99,84,28,57,1.376512749553962,1070.8604736451455,11.918272167268963,0.5538996288390073,0.5669182685166395,0,8.563388796506054
bond_length_control,99,85,28,63,1.438572462243123,1081.7249550651743,56.555261630710284,0.49843224203573877,0.5669182685166395,0,-0.4688441486607857
bond_length_control,99,86,28,64,1.487440230353101,766.3351152129272,1.371067077677493,0.5062939881577874,0.5669182685166395,0,-14.972971059882504
bond_length_control,99,87,29,58,1.4939715799927091,593.8815621805055,-32.01415281455117,0.5332981972578833,0.5669182685166395,0,-17.431697508376367
bond_length_control,99,88,29,64,1.3590505937147113,808.9994183007462,-9.282317263143055,0.5285848968138492,0.5669182685166395,0,9.321365923550168
bond_length_control,99,89,29,65,1.5172028048470592,527.9438808444186,12.180670047611704,0.579239669220977,0.5669182685166395,1,-27.20616888167075
bond_length_control,99,90,30,65,1.4592105560386663,1125.9553656643475,43.41051784189914,0.5510386362628499,0.5669182685166395,0,-5.769633885157827
bond_length_control,99,91,30,66,1.3567931264326132,512.3755090529869,-90.12882659401956,0.4587903499911059,0.5669182685166395,0,9.364381617502431
bond_length_control,99,92,30,71,1.4383860294534674,1167.5974282207858,38.6461843867609,0.5298596224317313,0.5669182685166395,0,-0.4263346678516271
bond_length_control,99,93,31,60,1.4413627598020127,1163.0230831466517,-4.9223417403629695,0.49762950372494097,0.5669182685166395,0,-1.116479705399243
bond_length_control,99,94,31,66,1.3947839595936422,982.6819395618862,1.9718218104578245,0.42705871845931465,0.5669182685166395,0,6.949139988710776
bond_length_control,99,95,31,67,1.364712789600622,892.7902500828131,-40.28954909596967,0.5152493236163138,0.5669182685166395,0,9.15841294889843
bond_length_control,99,96,32,61,1.460482444677104,1008.7490819684939,-1.1251172732787036,0.5414293016413527,0.5669182685166395,0,-6.135280034765042
bond_length_control,99,97,32,67,1.435574357374838,1255.1106485137184,23.063875401743566,0.5405372278965892,0.5669182685166395,0,0.2032237982909919
bond_length_control,99,98,32,68,1.4125701275924019,1251.710025229519,7.350462588353722,0.5225729792597842,0.5669182685166395,0,4.550350937975242
bond_length_control,99,99,33,62,1.3543602829622987,752.2208163573426,-52.99900835470667,0.5372525534234982,0.5669182685166395,0,9.396798488899854
bond_length_control,99,100,33,68,1.4472621315201322,1011.5535726887379,12.722857154183822,0.5342057274519035,0.5669182685166395,0,-2.556420349034246
bond_length_control,99,101,33,69,1.4623369474628525,1130.411985699422,44.39701434281601,0.5507189879816863,0.5669182685166395,0,-6.676612477128867
bond_length_control,99,102,34,63,1.3609623746578443,590.4691057660689,-78.8186778531162,0.45732576709191874,0.5669182685166395,0,9.275168121735327
bond_length_control,99,103,34,69,1.3788940341399767,1060.5536370117181,19.915528362135156,0.5103336163993282,0.5669182685166395,0,8.401046329923403
bond_length_control,99,104,34,70,1.4686334325071677,993.6854046011639,31.734297952752954,0.5246992623917133,0.5669182685166395,0,-8.58741352036786
bond_length_control,99,105,35,64,1.3628421712751229,651.6656749163612,-37.30359852690197,0.5016351869391291,0.5669182685166395,0,9.22098199320515
bond_length_control,99,106,35,70,1.4669723386570621,1045.810920624688,31.250328794559696,0.561146936116875,0.5669182685166395,0,-8.072358755120064
bond_length_control,99,107,35,71,1.435501704939438,1259.7962051466852,69.64841753834784,0.5311109455151383,0.5669182685166395,0,0.21920473127167206
bond_length_control,20,0,0,36,1.4272601312761404,1125.6422778969882,-71.89411099894866,0.5074489401714313,0.5682616421555315,0,17.74520781115873
bond_length_control,20,1,0,41,1.3793805609688585,1115.0126759310494,-59.124256479985036,0.4792537907949427,0.5682616421555315,0,25.086882639593167
bond_length_control,20,2,0,71,1.4121375606033402,1225.2517436195003,-88.91581369203725,0.4901316634666782,0.5682616421555315,0,20.851171934343
bond_length_control,20,3,1,36,1.4450267233765153,1039.5229841434355,-68.47776059759175,0.5355542774521032,0.5682616421555315,0,13.139018113435394
bond_length_control,20,4,1,37,1.4436903277492175,1317.0328173178575,-52.268058769666226,0.531433835640164,0.5682616421555315,0,13.521985358486116
bond_length_control,20,5,1,66,1.3794269971683102,1143.2875682076701,-80.45749624702886,0.5315140020282646,0.5682616421555315,0,25.083237874429397
bond_length_control,20,6,2,37,1.4317919553624605,1340.0547659496976,-83.79416694015363,0.5335013689126475,0.5682616421555315,0,16.669419245417618
bond_length_control,20,7,2,38,1.3777284112849286,846.9539541493348,-77.30613579527635,0.5016074352066345,0.5682616421555315,0,25.21227063540498
bond_length_control,20,8,2,67,1.493337448698108,913.0185040580243,-70.6806748423261,0.5720266369671968,0.5682616421555315,1,-4.812723790132356
bond_length_control,20,9,3,38,1.4371274387055495,1322.1185196238848,-30.108068986169897,0.5045469669983494,0.5682616421555315,0,15.316147927022865
bond_length_control,20,10,3,39,1.3821886450562697,1242.6933041925595,-63.55709355923528,0.532195167672717,0.5682616421555315,0,24.854599953998044
bond_length_control,20,11,3,68,1.4839530741782816,902.2049641279186,-20.598944365141154,0.5495751191858878,0.5682616421555315,0,-0.6886490998499646
bond_length_control,20,12,4,39,1.450338701430025,968.5272763665936,-55.91525813257236,0.504081402140482,0.5682616421555315,0,11.557466230837527
bond_length_control,20,13,4,40,1.3915885438910476,1114.371127662055,-64.50423508320182,0.49941072972926603,0.5682616421555315,0,23.900276001477827
bond_length_control,20,14,4,69,1.4050879365332645,1145.8429777376118,-93.16335722529988,0.5509259037550087,0.5682616421555315,0,22.047714067611413
bond_length_control,20,15,5,40,1.499869822295866,732.9355212593575,-83.07072453412748,0.5326403180390437,0.5682616421555315,0,-7.869185851066089
bond_length_control,20,16,5,41,1.4525179927667715,1037.289249642583,-57.20289046719584,0.5174820159173559,0.5682616421555315,0,10.881090206219042
bond_length_control,20,17,5,70,1.350827889230057,629.5886998187865,-98.58851582013959,0.5294852531257553,0.5682616421555315,0,26.095998606513756
bond_length_control,20,18,6,41,1.3744706699585065,849.5626942689778,-77.4406151900777,0.4890408385791961,0.5682616421555315,0,25.435126187663958
bond_length_control,20,19,6,42,1.4426090634196853,1180.9334222019913,-70.62344827860726,0.47647005122189867,0.5682616421555315,0,13.827465326792899
bond_length_control,20,20,6,47,1.4150946466580918,1237.552655924146,-62.61647840428283,0.5371576752091602,0.5682616421555315,0,20.301946751392634
bond_length_control,20,21,7,36,1.386392749253066,885.6182875295973,-89.38263265891675,0.4781233744785266,0.5682616421555315,0,24.461539787203016
bond_length_control,20,22,7,42,1.346649345535917,451.3167340813696,-140.1289954876765,0.43735743774474056,0.5682616421555315,0,26.04057880815129
bond_length_control,20,23,7,43,1.4157202436205707,1142.429588255027,-63.11734965254631,0.4797157388238761,0.5682616421555315,0,20.182151833789774
bond_length_control,20,24,8,37,1.4538026701781,1283.2330676108354,-43.84199508142328,0.5318649616634412,0.5682616421555315,0,10.474837427293831
bond_length_control,20,25,8,43,1.3881583463257978,1044.6093815190964,-40.61636031382277,0.53757776782073,0.5682616421555315,0,24.280202354787757
bond_length_control,20,26,8,44,1.4401596807695005,1634.2077956911717,-41.39977145720114,0.5479640727455481,0.5682616421555315,0,14.505026493428018
bond_length_control,20,27,9,38,1.3693034469543006,816.9582891343706,-71.28921365759231,0.477047413638932,0.5682616421555315,0,25.722551846889854
bond_length_control,20,28,9,44,1.399562205248922,1124.6498874507336,-78.03442690447787,0.525040458427052,0.5682616421555315,0,22.875297260650076
bond_length_control,20,29,9,45,1.4600443538448846,941.4966501275261,-52.40512207681711,0.5117585587171436,0.5682616421555315,0,8.421154588814357
bond_length_control,20,30,10,39,1.4100315209264727,1054.0856395191677,-27.889963059207393,0.5167023449745206,0.5682616421555315,0,21.225241176678168
bond_length_control,20,31,10,45,1.4416388473724464,1161.6892269434657,-31.445353554399034,0.5237652893783646,0.5682616421555315,0,14.09824585607404
bond_length_control,20,32,10,46,1.439490223831727,1069.640505775265,-60.909297811304015,0.5336966922905897,0.5682616421555315,0,14.686735260099855
bond_length_control,20,33,11,40,1.3949974365362174,994.8154853050482,-90.63507923010621,0.5064586425368033,0.5682616421555315,0,23.48642619632215
bond_length_control,20,34,11,46,1.4119982886232738,1215.1960454438645,-58.45694826074402,0.5281236622640884,0.5682616421555315,0,20.876347420926464
bond_length_control,20,35,11,47,1.4605440402467758,1014.9098215435846,-69.77683801414653,0.5394171770450796,0.5682616421555315,0,8.250995644680753
bond_length_control,20,36,12,47,1.4816659691761422,881.4980058809354,-55.8062943269078,0.5364478113788775,0.5682616421555315,0,0.2691426137070856
bond_length_control,20,37,12,48,1.4011138622985861,1102.6654633178428,-59.41141856839894,0.5070595143745752,0.5682616421555315,0,22.6526453125109
bond_length_control,20,38,12,53,1.392052153757254,1041.5185140078559,-92.88997060712451,0.4538028165764067,0.5682616421555315,0,23.846121358665687
bond_length_control,20,39,13,42,1.3739360121208932,894.7374180795803,-81.76401929386023,0.46248193088846834,0.5682616421555315,0,25.468617681978078
bond_length_control,20,40,13,48,1.4047724513012476,1090.7284121582327,-76.70513311698095,0.49378125787142746,0.5682616421555315,0,22.09756430157516
bond_length_control,20,41,13,49,1.4281866018008533,1121.741825698154,-70.477473183554,0.48663536614955216,0.5682616421555315,0,17.530755909635413
bond_length_control,20,42,14,43,1.4844020720213884,988.9049760862005,-62.3108169508691,0.5351297894662861,0.5682616421555315,0,-0.8788484293489525
bond_length_control,20,43,14,49,1.4219433162773885,1065.645974397787,-58.42254603676743,0.5169249236482344,0.5682616421555315,0,18.921702798745233
bond_length_control,20,44,14,50,1.445400318438671,1246.1854392058053,-80.71394408399692,0.5514535038485444,0.5682616421555315,0,13.030887471467828
bond_length_control,20,45,15,44,1.4670062928834338,1193.42317521869,-54.973694045009054,0.5372306702673523,0.5682616421555315,0,5.9731614095029535
bond_length_control,20,46,15,50,1.3782690745241761,944.3496827710816,-82.84443382669572,0.5431680797247923,0.5682616421555315,0,25.172155509808196
bond_length_control,20,47,15,51,1.4153679141784008,1253.6121356298304,-58.45857909135769,0.5349098603521231,0.5682616421555315,0,20.24977398249566
bond_length_control,20,48,16,45,1.4574379752827364,1126.9740999694748,-71.86706334240046,0.5377787013909564,0.5682616421555315,0,9.294870479270948
bond_length_control,20,49,16,51,1.4441702989367102,1232.482637676555,-48.660567025148424,0.5487397911856358,0.5682616421555315,0,13.385129761809099
bond_length_control,20,50,16,52,1.3905866176737438,1011.4048210095989,-74.69223034168785,0.5360430010817796,0.5682616421555315,0,24.015027164636763
bond_length_control,20,51,17,46,1.4743964569341839,957.9788737644143,-71.9996641145289,0.5333250722164253,0.5682616421555315,0,3.1913791530553617
bond_length_control,20,52,17,52,1.4176850051998708,1228.7232843042789,-84.01416429380363,0.5216579689950234,0.5682616421555315,0,19.797722238255066
bond_length_control,20,53,17,53,1.3515001900725525,604.6042989646669,-118.33815348212998,0.46197359219494566,0.5682616421555315,0,26.100137935942588
bond_length_control,20,54,18,53,1.389162286845082,917.9804546720493,-61.70453634768234,0.43125923573580477,0.5682616421555315,0,24.1727869827171
bond_length_control,20,55,18,54,1.399803128845673,1077.266347091706,-83.61953662472324,0.5100653554147543,0.5682616421555315,0,22.84122386965334
bond_length_control,20,56,18,59,1.4200717133915812,1149.6600236420197,-80.57677640281764,0.49713685841484806,0.5682616421555315,0,19.31396288341846
bond_length_control,20,57,19,48,1.472371820213334,923.0393942512271,-68.55419981344241,0.5431578406136035,0.5682616421555315,0,3.9723551082950586
bond_length_control,20,58,19,54,1.4616454935583776,1172.8210699261756,-35.78687732494456,0.5687072624943845,0.5682616421555315,1,7.872895880652841
bond_length_control,20,59,19,55,1.3635515708083792,712.9748317638897,-67.03895491167505,0.4915793707834254,0.5682616421555315,0,25.94785149443877
bond_length_control,20,60,20,49,1.4073228682591175,1175.5915133386127,-94.27537884463746,0.4895291548477856,0.5682616421555315,0,21.68551963657925
bond_length_control,20,61,20,55,1.3863916610802636,947.1277332134594,-92.19578619958283,0.4450965767394828,0.5682616421555315,0,24.461648576687313
bond_length_control,20,62,20,56,1.4314904018857733,1193.7216129833198,-58.601893524038914,0.486321723951533,0.5682616421555315,0,16.743099096758048
bond_length_control,20,63,21,50,1.4657229135705323,1140.1870340155501,-92.30867561590145,0.5350129888897737,0.5682616421555315,0,6.436969852507371
bond_length_control,20,64,21,56,1.4059172675575764,1210.187236999355,-71.98264328923729,0.4972769777932111,0.5682616421555315,0,21.91516396030697
bond_length_control,20,65,21,57,1.3936251592727273,1037.8899281918266,-77.82362688759918,0.5357542473847878,0.5682616421555315,0,23.657385588623455
bond_length_control,20,66,22,51,1.5052072761152144,932.615371387455,-81.32581118223692,0.5222935768100345,0.5682616421555315,0,-10.480782813808137
bond_length_control,20,67,22,57,1.4473606967411607,1095.4800024675264,-70.70494953208261,0.5312930546777179,0.5682616421555315,0,12.455809790801336
bond_length_control,20,68,22,58,1.2994879373050297,-674.7488388480184,-355.59465350283034,0.490203033987793,0.5682616421555315,0,21.957700981977222
bond_length_control,20,69,23,52,1.4545311517318689,1147.387441153698,-82.32692559257748,0.5171214786756472,0.5682616421555315,0,10.24198265003061
bond_length_control,20,70,23,58,1.4465094250986659,981.5559196596524,-99.07583971374542,0.4977277259572618,0.5682616421555315,0,12.707116477648373
bond_length_control,20,71,23,59,1.4360431088312544,1142.142844361618,-81.81310141867556,0.5233147245546128,0.5682616421555315,0,15.598795566847173
bond_length_control,20,72,24,59,1.4763003501013354,892.9655106772015,-80.64327723500733,0.5468610099813163,0.5682616421555315,0,2.4439331967147346
bond_length_control,20,73,24,60,1.3499584875616006,647.9083628676588,-93.24996856988098,0.5569873166170017,0.5682616421555315,0,26.088679068634686
bond_length_control,20,74,24,65,1.4498066235136442,1056.0527930589903,-54.29832915832698,0.53540097034888,0.5682616421555315,0,11.720166736337838
bond_length_control,20,75,25,54,1.4495882432617566,1159.530524605913,-52.02183443007323,0.5521728993545492,0.5682616421555315,0,11.786667176468729
bond_length_control,20,76,25,60,1.4461111321203888,1134.049011287786,-73.22158112728567,0.5493707089903286,0.5682616421555315,0,12.823861630954646
bond_length_control,20,77,25,61,1.39768012510088,1127.9198843037536,-55.76042721902838,0.5537602125322327,0.5682616421555315,0,23.135192217006832
bond_length_control,20,78,26,55,1.3932737239050235,950.6068725735425,-99.4745912388246,0.4470367233423025,0.5682616421555315,0,23.70022172660619
bond_length_control,20,79,26,61,1.519936737897425,308.01303956720307,-111.86775786379475,0.5257519282309453,0.5682616421555315,0,-18.22700449181666
bond_length_control,20,80,26,62,1.3840744233908644,1081.280371591547,-72.25661073772547,0.5291146490610301,0.5682616421555315,0,24.685023188414764
bond_length_control,20,81,27,56,1.384727302161654,1088.0561660457263,-80.7138409385477,0.46378431426346356,0.5682616421555315,0,24.62376317086921
bond_length_control,20,82,27,62,1.4492843682772458,1355.8574095685244,-89.31725816277263,0.5046370927701409,0.5682616421555315,0,11.878934491866215
bond_length_control,20,83,27,63,1.322545042012971,10.983454071398668,-161.93361223802893,0.47350090856633403,0.5682616421555315,0,24.73629498706624
bond_length_control,20,84,28,57,1.473325347120256,1231.294147402407,-76.27037589378055,0.5438657156595996,0.5682616421555315,0,3.606324102842766
bond_length_control,20,85,28,63,1.4228230206909196,1431.9436575182935,-72.68670345512825,0.5151050403708933,0.5682616421555315,0,18.73340088657696
bond_length_control,20,86,28,64,1.3435284330709907,518.4318100778596,-124.72053062373607,0.5295108300890157,0.5682616421555315,0,25.96594460467446
bond_length_control,20,87,29,58,1.4428773209088557,1543.4419391837162,-68.27355523337303,0.5027147548165615,0.5682616421555315,0,13.752041577064922
bond_length_control,20,88,29,64,1.4316263847122916,1168.6625566681885,-37.86075011282277,0.5294498899359026,0.5682616421555315,0,16.709910889484075
bond_length_control,20,89,29,65,1.3965714723442864,1194.2359527783142,-63.17834316749625,0.5168417137814763,0.5682616421555315,0,23.283078321940074
bond_length_control,20,90,30,65,1.4138828456100274,1291.9839640535056,-38.13120868318874,0.500168975145437,0.5682616421555315,0,20.53041247915434
bond_length_control,20,91,30,66,1.4056486968432185,1122.4134201239071,-67.22554040486878,0.5044344242239867,0.5682616421555315,0,21.958328067436938
bond_length_control,20,92,30,71,1.4363363995668261,1178.0097298187936,-100.03179583556127,0.4911574229430722,0.5682616421555315,0,15.522729158439036
bond_length_control,20,93,31,60,1.4603833153671382,1001.0012826061876,-35.58228037135037,0.5657269130613702,0.5682616421555315,0,8.305820770921077
bond_length_control,20,94,31,66,1.4868916088105226,760.6319565606118,-69.82812754842294,0.5484060158717983,0.5682616421555315,0,-1.9463800908539959
bond_length_control,20,95,31,67,1.392660360963325,1061.3635438298559,-73.74524630412604,0.5868511175382467,0.5682616421555315,1,23.774060904829817
bond_length_control,20,96,32,61,1.4532113505353323,1236.3939870002546,-56.73931092118439,0.5522832363749132,0.5682616421555315,0,10.662525088474816
bond_length_control,20,97,32,67,1.474130816983689,897.5751171431629,-92.08328797911835,0.5690179373098854,0.5682616421555315,1,3.2946603072885416
bond_length_control,20,98,32,68,1.426315517219004,1173.3864122948871,-44.51506785079971,0.5436268877368614,0.5682616421555315,0,17.96096779321121
bond_length_control,20,99,33,62,1.4724438091439795,1072.6428359188753,-34.996267032216046,0.5812176008697627,0.5682616421555315,1,3.944831111032972
bond_length_control,20,100,33,68,1.3786202263966547,957.278140530214,-67.00997334278344,0.5691985314016261,0.5682616421555315,1,25.145623239307223
bond_length_control,20,101,33,69,1.4961273207989454,949.3229891382233,-74.74130689532551,0.5986630815029821,0.5682616421555315,1,-6.09933864188039
bond_length_control,20,102,34,63,1.5040978475752855,669.0533225427673,-99.69138274329138,0.555601862396296,0.5682616421555315,0,-9.929446086937265
bond_length_control,20,103,34,69,1.4891694333419965,820.758603893504,-87.63562326625336,0.6041835272333222,0.5682616421555315,1,-2.942384116248693
bond_length_control,20,104,34,70,1.3947236898514626,930.2693423136319,-89.24140504943007,0.5495132882942912,0.5682616421555315,0,23.520999692414268
bond_length_control,20,105,35,64,1.4672970427720102,827.436167757144,-57.542732974346244,0.5561459263806469,0.5682616421555315,0,5.867295414196132
bond_length_control,20,106,35,70,1.4715779301356502,934.7971812671884,-73.03511131677554,0.5356515625605197,0.5682616421555315,0,4.274692903862675
bond_length_control,20,107,35,71,1.4039679464429167,1070.7118622223693,-76.78589941228041,0.5345261980238557,0.5682616421555315,0,22.223256828448704
bond_length_control,6,0,0,36,1.512807542241714,-256.2016586006744,-94.3204214959996,0.4860378284737318,0.5690597387552251,0,-33.84945023289162
bond_length_control,6,1,0,41,1.3980260636793633,733.2810289553803,41.12978306301539,0.5342916353969918,0.5690597387552251,0,7.461877601286911
bond_length_control,6,2,0,71,1.4479451898230502,484.87072084168494,26.869142025371133,0.5370932396628483,0.5690597387552251,0,-6.6913857032249044
bond_length_control,6,3,1,36,1.3368541909021847,-93.7096501835284,-70.8910735001504,0.4944700787327347,0.5690597387552251,0,17.41366314498776
bond_length_control,6,4,1,37,1.4676871675821794,446.0941201576478,5.373717750582347,0.5572917942590685,0.5690597387552251,0,-13.875971574878351
bond_length_control,6,5,1,66,1.4895188235436283,407.79946652298537,-1.6678084970637301,0.5649689725623273,0.5690597387552251,0,-22.911762509396674
bond_length_control,6,6,2,37,1.407602352404,824.8432569137595,52.12584253153392,0.49406538116912707,0.5690597387552251,0,5.180748742538554
bond_length_control,6,7,2,38,1.4089936063053474,804.539890156362,31.156625337655523,0.46173134761133794,0.5690597387552251,0,4.832505794890327
bond_length_control,6,8,2,67,1.409097238737353,977.7323514345313,54.89759751960777,0.47939449131038564,0.5690597387552251,0,4.806393875231619
bond_length_control,6,9,3,38,1.31106449947521,-540.2987049725875,-82.78254952095674,0.46256732846867066,0.5690597387552251,0,19.321797181735583
bond_length_control,6,10,3,39,1.3988345383515939,836.146433223949,12.779762028559027,0.4961565459846173,0.5690597387552251,0,7.277080050776709
bond_length_control,6,11,3,68,1.456379939488702,512.894471541544,22.957082553733954,0.4789717214800209,0.5690597387552251,0,-9.648040426604544
bond_length_control,6,12,4,39,1.4304908949047501,995.3038669162833,44.55805065467511,0.5305037070737042,0.5690597387552251,0,-1.0995267928214845
bond_length_control,6,13,4,40,1.4573602841247348,824.2281057087256,25.39119765738404,0.5134737438370334,0.5690597387552251,0,-10.002565022733517
bond_length_control,6,14,4,69,1.4426351545184186,714.0036044150612,16.255676018928263,0.5186392374213017,0.5690597387552251,0,-4.91553308294586
bond_length_control,6,15,5,40,1.482806270524472,439.6994310120563,5.069029372843905,0.5430067868137544,0.5690597387552251,0,-20.0097138215731
bond_length_control,6,16,5,41,1.4683657022481278,573.1015191918028,54.193934011791306,0.5442136574891939,0.5690597387552251,0,-14.139404076852705
bond_length_control,6,17,5,70,1.3400064190985024,102.56486402668457,17.59542744189499,0.5508389217885674,0.5690597387552251,0,17.089958058790856
bond_length_control,6,18,6,41,1.408039849738852,494.15275467915,-1.775530748917911,0.5241025274550207,0.5690597387552251,0,5.071701923625329
bond_length_control,6,19,6,42,1.4418386972901165,722.8834662635708,35.328596569407324,0.510591115913835,0.5690597387552251,0,-4.654831276526
bond_length_control,6,20,6,47,1.4532042562822578,654.5872055161644,22.018012657249482,0.53019944438387,0.5690597387552251,0,-8.515206131652569
bond_length_control,6,21,7,36,1.3503225166810224,252.82215227984116,-63.005823603851084,0.4500353100482757,0.5690597387552251,0,15.89016408136393
bond_length_control,6,22,7,42,1.3891898076777023,669.8263672533776,-54.14528441252003,0.48477770543035004,0.5690597387552251,0,9.388811832513706
bond_length_control,6,23,7,43,1.486197240791876,462.93978238735457,14.472579094284177,0.5235224689069733,0.5690597387552251,0,-21.461884499824052
bond_length_control,6,24,8,37,1.4356560500869449,805.1063334746577,30.046566080371203,0.5416607470872279,0.5690597387552251,0,-2.6810262884447216
bond_length_control,6,25,8,43,1.4660196517225863,660.4199166390724,-14.972522929713552,0.5523261904195915,0.5690597387552251,0,-13.23327444998103
bond_length_control,6,26,8,44,1.397948557628855,721.3879349687068,9.034104758113711,0.5107222868026985,0.5690597387552251,0,7.479518499734404
bond_length_control,6,27,9,38,1.4829563837218505,478.95963106961545,34.32471370128497,0.5164333156424714,0.5690597387552251,0,-20.073402605292955
bond_length_control,6,28,9,44,1.4359840414582226,792.7116590349161,18.729635851681767,0.5178288889157313,0.5690597387552251,0,-2.7835213180904823
bond_length_control,6,29,9,45,1.4758068530559516,801.6493179225912,-1.4750324904312349,0.5439647192656503,0.5690597387552251,0,-17.10115653691075
bond_length_control,6,30,10,39,1.4787917995816042,759.5788388734165,33.035787282013565,0.5689578835413212,0.5690597387552251,0,-18.326925712105826
bond_length_control,6,31,10,45,1.4008792418464744,809.5370280059544,-7.684830124190006,0.5629000696485533,0.5690597387552251,0,6.803322741533643
bond_length_control,6,32,10,46,1.4882454706764272,556.0280638258057,69.58669535410037,0.5840072238202924,0.5690597387552251,1,-22.352725974227276
bond_length_control,6,33,11,40,1.4605736530922442,713.2586949668215,32.064252987539305,0.5315166645599404,0.5690597387552251,0,-11.180600394501694
bond_length_control,6,34,11,46,1.3873164073563882,648.1061033396808,67.49486298866394,0.5635959680755824,0.5690597387552251,0,9.775611245177373
bond_length_control,6,35,11,47,1.4436925964536929,783.9306589528192,0.8866904188503839,0.5388204521642292,0.5690597387552251,0,-5.26393928749329
bond_length_control,6,36,12,47,1.480112320283898,599.6917391713033,13.269576114213928,0.5458222568053894,0.5690597387552251,0,-18.876118740653745
bond_length_control,6,37,12,48,1.4812090871162047,784.2550592045645,38.88811893031713,0.5632686214574529,0.5690597387552251,0,-19.33548932548409
bond_length_control,6,38,12,53,1.3194153794071812,-568.0670193697462,-86.86962244057072,0.5228555878720373,0.5690597387552251,0,18.846915508924653
bond_length_control,6,39,13,42,1.397917782024214,1001.5096772887764,18.14595338212905,0.5184159060026441,0.5690597387552251,0,7.486519591838107
bond_length_control,6,40,13,48,1.4715083994397427,646.2225431165697,3.1265317680167493,0.5554705991247424,0.5690597387552251,0,-15.37396292226247
bond_length_control,6,41,13,49,1.4419089529102878,712.3443846482569,62.14932892181284,0.5221038606328648,0.5690597387552251,0,-4.67776860951671
bond_length_control,6,42,14,43,1.4265695169861161,721.2679775881021,-1.1024644763740556,0.5308142865234693,0.5690597387552251,0,0.060407949039612774
bond_length_control,6,43,14,49,1.3207089036908124,-434.71374832224194,8.189724220315414,0.4957574776770668,0.5690597387552251,0,18.761205530383712
bond_length_control,6,44,14,50,1.4578976812396982,601.8560603092266,5.909057688356069,0.5375238745908384,0.5690597387552251,0,-10.197871173894205
bond_length_control,6,45,15,44,1.3602829853449783,308.2441037058085,-7.148132960172542,0.5153309687485895,0.5690597387552251,0,14.525306431472176
bond_length_control,6,46,15,50,1.4756196545175349,727.4604572716214,31.287136801476183,0.5636444604328519,0.5690597387552251,0,-17.025004839675404
bond_length_control,6,47,15,51,1.4377228773527535,923.4222074689102,37.44998847253387,0.5367701660373937,0.5690597387552251,0,-3.3310350767155246
bond_length_control,6,48,16,45,1.4223240971496969,714.5571338403616,51.734628445051044,0.5035463193380396,0.5690597387552251,0,1.2767912052931942
bond_length_control,6,49,16,51,1.415942312609071,845.3572913104416,16.95856226209905,0.49884968627692483,0.5690597387552251,0,3.028708371432449
bond_length_control,6,50,16,52,1.344274885526911,69.8516221664811,55.24309934816565,0.4845228988783094,0.5690597387552251,0,16.619705100374546
bond_length_control,6,51,17,46,1.450833774634021,1006.5934268276413,39.01740648547883,0.5459897451185296,0.5690597387552251,0,-7.68509568033827
bond_length_control,6,52,17,52,1.39512949257262,856.9384118963724,41.83480566777446,0.5058591704870604,0.5690597387552251,0,8.112242655458152
bond_length_control,6,53,17,53,1.4224028063041598,714.6014682247369,-6.189175277261265,0.49824756027382433,0.5690597387552251,0,1.2546110760323952
bond_length_control,6,54,18,53,1.435024321415325,763.0410240596507,13.763832644071217,0.4988092027371973,0.5690597387552251,0,-2.4843129607990644
bond_length_control,6,55,18,54,1.4238616492936855,821.0533677840813,24.240785692937582,0.49938354102659077,0.5690597387552251,0,0.8409744523940246
bond_length_control,6,56,18,59,1.463673126969416,640.7662435263724,15.273919127326534,0.502263520155231,0.5690597387552251,0,-12.340152865583603
bond_length_control,6,57,19,48,1.4336382420139828,896.8715027942134,25.02398812820271,0.5229481445194228,0.5690597387552251,0,-2.0559174224178576
bond_length_control,6,58,19,54,1.4065661168710433,719.8676142988949,51.161192412195575,0.48310944922340077,0.5690597387552251,0,5.437340833436389
bond_length_control,6,59,19,55,1.3768596462504485,515.144101485967,37.5681991695591,0.4854641833083406,0.5690597387552251,0,11.796295405824976
bond_length_control,6,60,20,49,1.4270843638198272,1038.6936889279737,44.20431719421788,0.47984586986401245,0.5690597387552251,0,-0.08988515614314663
bond_length_control,6,61,20,55,1.3812144462363012,636.9243695876028,29.723218461392797,0.4757286471448078,0.5690597387552251,0,10.98316627915687
bond_length_control,6,62,20,56,1.3978858485772656,808.7830727393844,55.889014411736575,0.5182987106502094,0.5690597387552251,0,7.4937818908838665
bond_length_control,6,63,21,50,1.397960504732151,952.7557346577069,16.03950432903404,0.5862232519023374,0.5690597387552251,1,7.4768001148003815
bond_length_control,6,64,21,56,1.4816590616098297,530.089653620368,-13.933538572433763,0.5829096957747628,0.5690597387552251,1,-19.524807223151782
bond_length_control,6,65,21,57,1.4799537482967047,777.8627669984472,-26.61748566619237,0.5788215542937665,0.5690597387552251,1,-18.80994534442577
bond_length_control,6,66,22,51,1.4442117896862225,741.458435184774,33.62298818366025,0.540141723562392,0.5690597387552251,0,-5.435955020096509
bond_length_control,6,67,22,57,1.4664342599864268,721.4186889222385,17.729179429536288,0.5596143203492792,0.5690597387552251,0,-13.392450678003756
bond_length_control,6,68,22,58,1.3690656837708408,473.3964653502507,11.457856328760032,0.5599257719801274,0.5690597387552251,0,13.151244257409177
bond_length_control,6,69,23,52,1.4912279101071433,423.1322782976402,36.6652019041576,0.5340912386996584,0.5690597387552251,0,-23.668395482377235
bond_length_control,6,70,23,58,1.4542985560525066,821.9714147270493,24.904704744081933,0.5682020745160092,0.5690597387552251,0,-8.902878454651907
bond_length_control,6,71,23,59,1.3809159875494637,571.0115668998732,52.46636209718484,0.5299339459044561,0.5690597387552251,0,11.040184611574608
bond_length_control,6,72,24,59,1.3861870292596297,616.2960842383762,5.210367935229318,0.5027888519161676,0.5690597387552251,0,10.005139208437372
bond_length_control,6,73,24,60,1.4111920707668226,1006.8702191691604,58.34904287372404,0.5245247532749042,0.5690597387552251,0,4.273449750386709
bond_length_control,6,74,24,65,1.4859828262842856,729.446105638837,10.414719153867804,0.5225759253191433,0.5690597387552251,0,-21.36922586018671
bond_length_control,6,75,25,54,1.3674406621726005,526.0956691287995,20.9406547621689,0.45369061382385545,0.5690597387552251,0,13.417632016670781
bond_length_control,6,76,25,60,1.466955238260029,465.60022736802335,7.982445276870278,0.47830649431123223,0.5690597387552251,0,-13.593048697980317
bond_length_control,6,77,25,61,1.3262199524890337,-388.5122731226965,7.931750571801261,0.4481099543395786,0.5690597387552251,0,18.359237719621532
bond_length_control,6,78,26,55,1.494487326181354,265.9965597004005,2.3802199337768504,0.49016850796886174,0.5690597387552251,0,-25.131439360401608
bond_length_control,6,79,26,61,1.3934355123710542,718.4300737724626,11.577132269726064,0.4822331143996451,0.5690597387552251,0,8.484119447386279
bond_length_control,6,80,26,62,1.3651163352946603,376.7486539184506,0.7788731784156011,0.4799316857616357,0.5690597387552251,0,13.789044128183848
bond_length_control,6,81,27,56,1.4510156660016351,986.8610406287701,-2.244022461802062,0.5685629482049297,0.5690597387552251,0,-7.748323612899245
bond_length_control,6,82,27,62,1.388233981835233,564.1147053807243,14.924580229235513,0.5157560624923021,0.5690597387552251,0,9.587106234518979
bond_length_control,6,83,27,63,1.4763194850363341,448.1813015342894,-25.977019459571352,0.5412808847272513,0.5690597387552251,0,-17.310128783320124
bond_length_control,6,84,28,57,1.4275298437884563,1080.2231874743075,25.81326971273324,0.5372353744199699,0.5690597387552251,0,-0.22041539200416116
bond_length_control,6,85,28,63,1.4137767677796482,753.9769011887445,27.24042378833546,0.5140414524232879,0.5690597387552251,0,3.6024134383590996
bond_length_control,6,86,28,64,1.4522954268323225,647.295015769247,69.64157825641165,0.5265931492306384,0.5690597387552251,0,-8.195383994674344
bond_length_control,6,87,29,58,1.4491530559997359,856.7360059951894,8.331034073469654,0.5408909055881019,0.5690597387552251,0,-7.104528198205982
bond_length_control,6,88,29,64,1.4323299101795677,837.1625431209036,23.112864368311257,0.5299372287679223,0.5690597387552251,0,-1.6555966070647061
bond_length_control,6,89,29,65,1.410226190605933,773.1216251126209,7.528981482294729,0.5224098503795246,0.5690597387552251,0,4.520390424284307
bond_length_control,6,90,30,65,1.372758835880856,600.8085610000236,-19.164604901501644,0.5260956043398866,0.5690597387552251,0,12.525190547501959
bond_length_control,6,91,30,66,1.4596316717278746,672.7943463953823,-1.3353121082430413,0.5419690524297126,0.5690597387552251,0,-10.832725599852791
bond_length_control,6,92,30,71,1.4217443437784136,684.3724004381944,12.257195607383183,0.5225255697892364,0.5690597387552251,0,1.4397335788922483
bond_length_control,6,93,31,60,1.4280590410291127,847.5490145420717,39.03285737061945,0.5039140317960331,0.5690597387552251,0,-0.3760626984390947
bond_length_control,6,94,31,66,1.425701598520152,838.7871073445509,26.69033452518125,0.5178386519300984,0.5690597387552251,0,0.3124051876990137
bond_length_control,6,95,31,67,1.4275913768320054,699.3016751575115,48.275105151471806,0.4954905837680981,0.5690597387552251,0,-0.23848070987280745
bond_length_control,6,96,32,61,1.4625617539369167,634.3239431863196,-1.6192100903035662,0.5030341461397974,0.5690597387552251,0,-11.921740201217558
bond_length_control,6,97,32,67,1.4400982265498263,815.6276737986806,23.939752027271535,0.5248072380835159,0.5690597387552251,0,-4.090249124184483
bond_length_control,6,98,32,68,1.339894564477318,-120.98292874536065,-9.329560551070392,0.5235484873958184,0.5690597387552251,0,17.101786501010572
bond_length_control,6,99,33,62,1.4327602065267253,761.1247264973082,17.60138219183214,0.49682855523689173,0.5690597387552251,0,-1.7868247239021717
bond_length_control,6,100,33,68,1.4166469526286936,873.9347833196975,53.64648089475223,0.5196443251309222,0.5690597387552251,0,2.839767908900157
bond_length_control,6,101,33,69,1.4893149490167876,383.0285653070539,29.655421637058133,0.5249646799831161,0.5690597387552251,0,-22.82198688902777
bond_length_control,6,102,34,63,1.4164759061844763,870.6659204211883,30.757448829006968,0.5276768970357179,0.5690597387552251,0,2.8857341967882384
bond_length_control,6,103,34,69,1.4474526207256062,749.8364272543648,10.010311002474417,0.530288199546993,0.5690597387552251,0,-6.523885769916262
bond_length_control,6,104,34,70,1.4614241382681945,710.6084503593937,10.689163785529866,0.5329548409375376,0.5690597387552251,0,-11.496498693721536
bond_length_control,6,105,35,64,1.483597669879744,486.120622287984,12.325927035595152,0.5375717757890801,0.5690597387552251,0,-20.346103907229406
bond_length_control,6,106,35,70,1.4268039629928706,822.3907634313288,52.19440021708976,0.5302980228835493,0.5690597387552251,0,-0.007956336975802891
bond_length_control,6,107,35,71,1.3990196091017715,861.0326517353499,28.399349083722008,0.5264743628500322,0.5690597387552251,0,7.234576230114435
bond_length_control,203,0,0,36,1.4139393697617595,891.304481797352,-4.266136771165544,0.48963576543264087,0.5700324991997465,0,7.348432851380643
bond_length_control,203,1,0,41,1.3931206645434526,948.8012164229416,-14.532461375790351,0.471895610114461,0.5700324991997465,0,11.146362506715324
bond_length_control,203,2,0,71,1.4166507112839335,1091.785032148356,-16.982619659261644,0.4924920670234584,0.5700324991997465,0,6.7674294569674585
bond_length_control,203,3,1,36,1.451875188827167,858.5145080953657,-4.668197526798368,0.5377322550231618,0.5700324991997465,0,-2.639495500535322
bond_length_control,203,4,1,37,1.3941923625063835,876.0938621631542,-31.069750338863702,0.5334392562184763,0.5700324991997465,0,10.979209029332864
bond_length_control,203,5,1,66,1.4784040646223675,778.0618902419172,37.732706055893956,0.548848616146153,0.5700324991997465,0,-12.070698161558127
bond_length_control,203,6,2,37,1.3754129235854633,788.0983828796593,8.201374689347354,0.5120216909216362,0.5700324991997465,0,13.470664868655767
bond_length_control,203,7,2,38,1.4637738422214768,1028.307543711085,-8.528832894103209,0.5061050290449487,0.5700324991997465,0,-6.614918578219374
bond_length_control,203,8,2,67,1.4182934286246207,1146.7259999845726,-15.028042811777706,0.4768475752625521,0.5700324991997465,0,6.405620601017857
bond_length_control,203,9,3,38,1.3725457553870497,800.8010127675198,-12.861079760173595,0.4704635551238393,0.5700324991997465,0,13.770169531361887
bond_length_control,203,10,3,39,1.4352767031212048,813.4392133792874,-10.305199523396684,0.47433812029549116,0.5700324991997465,0,2.227491554094435
bond_length_control,203,11,3,68,1.3829347220792416,945.6599071627867,-44.13876501150779,0.5147460262341672,0.5700324991997465,0,12.58364507823893
bond_length_control,203,12,4,39,1.4350305675399686,949.0921404982051,-27.4453834808587,0.5105496413027492,0.5700324991997465,0,2.293790886646174
bond_length_control,203,13,4,40,1.4624681734234721,1025.6634046099782,-23.083654547699886,0.5567018453702248,0.5700324991997465,0,-6.15859783961087
bond_length_control,203,14,4,69,1.4527147089291867,1172.9642881503798,-9.490505124922871,0.5225963619468418,0.5700324991997465,0,-2.906559269435874
bond_length_control,203,15,5,40,1.3890231646544415,823.7024019269128,-29.16637718303401,0.5380437031816194,0.5700324991997465,0,11.757402335073394
bond_length_control,203,16,5,41,1.396600024249873,954.738250955036,-51.37948676405146,0.4804864393056852,0.5700324991997465,0,10.592550927127789
bond_length_control,203,17,5,70,1.4569002447474881,933.9235468622969,-29.019490826969207,0.5099290201318621,0.5700324991997465,0,-4.268360987604581
bond_length_control,203,18,6,41,1.4332414859939746,1001.3453661788305,-47.71066442725305,0.4930837624047095,0.5700324991997465,0,2.770586004427674
bond_length_control,203,19,6,42,1.391157577586656,1077.9342126876809,-28.545961869441882,0.48763135028684657,0.5700324991997465,0,11.444648966333986
bond_length_control,203,20,6,47,1.430196133340986,1177.6112741465383,-41.03662369743451,0.5319651487906045,0.5700324991997465,0,3.561551884577049
bond_length_control,203,21,7,36,1.4026233507270818,1095.597534037579,7.590201524205392,0.5022291327898075,0.5700324991997465,0,9.557443542862101
bond_length_control,203,22,7,42,1.4382060073696628,1005.4030697283731,-13.676833766962403,0.4790365653537647,0.5700324991997465,0,1.4253580215356596
bond_length_control,203,23,7,43,1.4177250681488023,955.5914665661586,-0.7583696650625277,0.48247752137961486,0.5700324991997465,0,6.531639969069213
bond_length_control,203,24,8,37,1.506333426964476,396.6786036589601,-12.894580629818943,0.5242347666843915,0.5700324991997465,0,-24.26692882156334
bond_length_control,203,25,8,43,1.4057245601636486,1076.2825155690807,-24.17188518640094,0.5087761540788844,0.5700324991997465,0,8.986522495277242
bond_length_control,203,26,8,44,1.4437413775934504,1222.0509575434237,-44.371648920851946,0.5462123281192028,0.5700324991997465,0,-0.15661014277985963
bond_length_control,203,27,9,38,1.3881322148271469,883.4861829828355,-24.978078182898265,0.4700250673672574,0.5700324991997465,0,11.88439611042574
bond_length_control,203,28,9,44,1.4018171800972192,890.2918223584346,-23.37907438247616,0.4979192906787562,0.5700324991997465,0,9.701618483200939
bond_length_control,203,29,9,45,1.4138695690077545,1037.1006479919822,-5.242805213234093,0.4907848178027154,0.5700324991997465,0,7.363124838891426
bond_length_control,203,30,10,39,1.4300508094238935,1235.5769962853506,-9.507097214082613,0.49803256703111254,0.5700324991997465,0,3.598648466359728
bond_length_control,203,31,10,45,1.4394065109802423,980.086993962913,-23.458248134682986,0.5149177522949187,0.5700324991997465,0,1.0896307658539701
bond_length_control,203,32,10,46,1.4406600715260156,958.3374291656983,33.94821472378473,0.5166822857280515,0.5700324991997465,0,0.7347164717030257
bond_length_control,203,33,11,40,1.495849199003342,564.6158055610503,-23.799091542254484,0.5734757523367309,0.5700324991997465,1,-19.410749413911518
bond_length_control,203,34,11,46,1.4415030636596076,894.9899415284686,-6.035350639446057,0.5459732669661942,0.5700324991997465,0,0.4935418500032398
bond_length_control,203,35,11,47,1.3815737983683152,1012.2513853094719,-21.935916090160994,0.5547998748466916,0.5700324991997465,0,12.755048915941682
bond_length_control,203,36,12,47,1.4964173427155596,514.472411894859,-10.82988074801556,0.5520848798354631,0.5700324991997465,0,-19.665279728896557
bond_length_control,203,37,12,48,1.4367205516597172,893.8756324331971,-2.391565276326547,0.5410647454430976,0.5700324991997465,0,1.8351427196968118
bond_length_control,203,38,12,53,1.3745727221481323,766.2033802120656,-6.170712113017616,0.5594702939957346,0.5700324991997465,0,13.560631186623823
bond_length_control,203,39,13,42,1.341561772302425,96.61471963844615,-89.60220807776146,0.4003082587344209,0.5700324991997465,0,15.673761254288308
bond_length_control,203,40,13,48,1.3215882077570944,-404.3925723029669,-63.819686035678444,0.43362192284581336,0.5700324991997465,0,15.640518975314379
bond_length_control,203,41,13,49,1.4201359343488975,913.8755807125967,-60.49113715863641,0.4096422574753942,0.5700324991997465,0,5.99098738745305
bond_length_control,203,42,14,43,1.3883538723918916,827.9507835724868,20.524938086574554,0.49207301711382223,0.5700324991997465,0,11.852997062328022
bond_length_control,203,43,14,49,1.4213175998603595,1075.237953673636,-19.952884250717787,0.4979660598289454,0.5700324991997465,0,5.720148780780267
bond_length_control,203,44,14,50,1.4468311081428409,1261.6709052104256,-44.76535790347611,0.5348546256402851,0.5700324991997465,0,-1.0774893148439055
bond_length_control,203,45,15,44,1.4470962679211528,1008.9056583788332,-28.74392284833585,0.5451443629700043,0.5700324991997465,0,-1.1577876798351703
bond_length_control,203,46,15,50,1.4460314145565758,964.0076187862762,-30.583436846823453,0.5504897974561487,0.5700324991997465,0,-0.8365338182152886
bond_length_control,203,47,15,51,1.3892162801090473,843.86088205964,-40.20398006100705,0.4828800604169694,0.5700324991997465,0,11.72960018701174
bond_length_control,203,48,16,45,1.4473483852473683,914.1003177139709,-24.990493248817344,0.5327000193235533,0.5700324991997465,0,-1.2343227059917776
bond_length_control,203,49,16,51,1.3842220842977415,800.9973178008803,-12.406534883865099,0.4775701896465592,0.5700324991997465,0,12.417049362822972
bond_length_control,203,50,16,52,1.43614012047294,947.3796142325248,-27.809543790243893,0.5269681699613329,0.5700324991997465,0,1.9935733562912805
bond_length_control,203,51,17,46,1.4051845153026996,1063.9378134447895,27.960148950917365,0.5458223361729951,0.5700324991997465,0,9.08780653985653
bond_length_control,203,52,17,52,1.4989167232624225,479.6104566591618,-24.359939295028582,0.5383259533776419,0.5700324991997465,0,-20.79671417247689
bond_length_control,203,53,17,53,1.4500418392100236,1232.6385352255988,-8.319719277705303,0.5620343582137639,0.5700324991997465,0,-2.0633225127893784
bond_length_control,203,54,18,53,1.5227448556343297,188.1386102295058,4.426585336831306,0.5775153821380192,0.5700324991997465,1,-32.55222651831335
bond_length_control,203,55,18,54,1.3953048179524747,786.355064221237,-13.491362700780254,0.49537207784432563,0.5700324991997465,0,10.802471301859718
bond_length_control,203,56,18,59,1.4812616699478427,852.8477130370686,23.50162944880805,0.5555046699520885,0.5700324991997465,0,-13.210387046418447
bond_length_control,203,57,19,48,1.493298637427794,753.2050870294624,-23.249782514968533,0.5191127994406688,0.5700324991997465,0,-18.280201926537032
bond_length_control,203,58,19,54,1.3308750278520105,-55.20172220122055,-27.0022133581623,0.4553750436996121,0.5700324991997465,0,15.776388389082157
bond_length_control,203,59,19,55,1.4189154961136752,1415.226025881176,-28.431596457506057,0.5082997233130673,0.5700324991997465,0,6.266675927159586
bond_length_control,203,60,20,49,1.4104772986460055,1144.140847978655,-27.3827420829433,0.5103980342282117,0.5700324991997465,0,8.061137579692174
bond_length_control,203,61,20,55,1.4387999527498743,1024.7728617374162,-15.476604993264743,0.5235646234710294,0.5700324991997465,0,1.2597669392524509
bond_length_control,203,62,20,56,1.4751554767225539,834.659964868734,-9.886595932753536,0.5301294129593427,0.5700324991997465,0,-10.804618154679154
bond_length_control,203,63,21,50,1.3805352392519168,800.7289570974627,-5.840108824147854,0.5571626347170018,0.5700324991997465,0,12.882600076602007
bond_length_control,203,64,21,56,1.44755385402009,1151.030338555318,-13.573844155236246,0.540005447636793,0.5700324991997465,0,-1.2968310323044552
bond_length_control,203,65,21,57,1.4614774376596267,849.650913526728,-19.946611166726544,0.5384019366559052,0.5700324991997465,0,-5.815662164603346
bond_length_control,203,66,22,51,1.3998424584763134,873.843720406934,-35.46107199929201,0.4570579978508852,0.5700324991997465,0,10.047408100386848
bond_length_control,203,67,22,57,1.4093492648014458,1086.3911907903928,-45.360216903185425,0.5059070368289678,0.5700324991997465,0,8.286312631527226
bond_length_control,203,68,22,58,1.447986325861014,1030.6270943387167,-13.547289724036935,0.5149331948174283,0.5700324991997465,0,-1.4287933336649825
bond_length_control,203,69,23,52,1.4341197718591014,1122.0876994394218,-7.4803531805592325,0.5056573617492565,0.5700324991997465,0,2.5376432806343274
bond_length_control,203,70,23,58,1.4340266617148005,1060.1133066512655,-18.818652868303822,0.5141345784010258,0.5700324991997465,0,2.562440923417862
bond_length_control,203,71,23,59,1.4249831251115659,906.997709399534,-12.993949668374643,0.5073550543994476,0.5700324991997465,0,4.855473833108018
bond_length_control,203,72,24,59,1.419566780433998,1037.8017152494194,12.18467266343785,0.5046418663745067,0.5700324991997465,0,6.120065325451516
bond_length_control,203,73,24,60,1.4024182221373271,1343.05467077903,-11.196586805998807,0.5362531050108011,0.5700324991997465,0,9.59429420485753
bond_length_control,203,74,24,65,1.4280073134381455,934.651810824001,-7.347921239754432,0.4714923637998263,0.5700324991997465,0,4.1140499499539995
bond_length_control,203,75,25,54,1.395910060373722,837.9084889061794,8.405393559461103,0.4597451217425603,0.5700324991997465,0,10.704932733204934
bond_length_control,203,76,25,60,1.4658882535414208,827.387932977439,-26.526118918388068,0.5514889524866176,0.5700324991997465,0,-7.364456835657805
bond_length_control,203,77,25,61,1.4170949802689699,951.9073184483501,-39.11122384301778,0.5239635768891204,0.5700324991997465,0,6.670309467276181
bond_length_control,203,78,26,55,1.397981651991643,1015.2755647370535,-24.540445172972817,0.503145624371089,0.5700324991997465,0,10.363694795600338
bond_length_control,203,79,26,61,1.362333052933221,531.5225958401528,-6.815232718556569,0.5144393999041941,0.5700324991997465,0,14.665527227575666
bond_length_control,203,80,26,62,1.4773008174540498,866.4512590616667,-20.499801464147367,0.5199803632870936,0.5700324991997465,0,-11.637208114913523
bond_length_control,203,81,27,56,1.4419000516097646,1014.6643009348355,-13.101904952132509,0.5199043958563894,0.5700324991997465,0,0.37926836131858366
bond_length_control,203,82,27,62,1.4287353353257062,1096.3697564482443,-18.442285664768594,0.5301743452840806,0.5700324991997465,0,3.931766282657791
bond_length_control,203,83,27,63,1.3915069653896068,1350.697792665245,-15.402281098210057,0.5129602235026434,0.5700324991997465,0,11.392306774733662
bond_length_control,203,84,28,57,1.371099344718443,716.2740459306125,4.9517731234293425,0.5117525958068097,0.5700324991997465,0,13.91321968140597
bond_length_control,203,85,28,63,1.401579754128577,1024.3298299712055,6.254303047981503,0.5064119344339517,0.5700324991997465,0,9.743746843677997
bond_length_control,203,86,28,64,1.4811479983025337,865.9111440792593,7.241140725089735,0.5372035187091359,0.5700324991997465,0,-13.164586016708938
bond_length_control,203,87,29,58,1.3972119247625052,956.3403639768806,-16.310670749310447,0.5099213497578632,0.5700324991997465,0,10.491822537762168
bond_length_control,203,88,29,64,1.4475820424790673,1098.7238799291647,-18.63743829945256,0.5263461146717289,0.5700324991997465,0,-1.3054160242547166
bond_length_control,203,89,29,65,1.3765515419186003,607.4006240859928,24.138704846561993,0.46999232318160467,0.5700324991997465,0,13.345830425732107
bond_length_control,203,90,30,65,1.3856481697193015,838.6267056884444,17.245430415738227,0.5139850449756073,0.5700324991997465,0,12.227433510969124
bond_length_control,203,91,30,66,1.4554616205296569,861.6681339446159,-8.366738289846454,0.5517349756312229,0.5700324991997465,0,-3.7945855718269215
bond_length_control,203,92,30,71,1.5049335649674283,544.9630408961912,18.68312915719722,0.5434749160990493,0.5700324991997465,0,-23.598981345808312
bond_length_control,203,93,31,60,1.4772447585697428,812.0683639559601,15.041221120747654,0.5521833913372325,0.5700324991997465,0,-11.615278058780927
bond_length_control,203,94,31,66,1.44167576159425,1063.6477518001457,-48.29214799612888,0.5251725807818732,0.5700324991997465,0,0.44388546150952557
bond_length_control,203,95,31,67,1.3152688232750522,-361.2345269039866,-69.05609883110486,0.47458910519511255,0.5700324991997465,0,15.42995219884908
bond_length_control,203,96,32,61,1.4697360521495229,825.3069489274593,-35.52264691407259,0.5439504076718416,0.5700324991997465,0,-8.762100502118884
bond_length_control,203,97,32,67,1.403439183598058,847.596193619341,-42.75612110322344,0.49388149712721885,0.5700324991997465,0,9.409762150730979
bond_length_control,203,98,32,68,1.4508414199822681,1337.794565965109,-41.95960574946214,0.5674214220199434,0.5700324991997465,0,-2.313422513013327
bond_length_control,203,99,33,62,1.4009633079020236,1265.2359709602172,-34.71402852262706,0.5294369088341858,0.5700324991997465,0,9.852421488679756
bond_length_control,203,100,33,68,1.4877471348224043,683.0469227446955,-20.89434558269078,0.547366959799388,0.5700324991997465,0,-15.887708271616852
bond_length_control,203,101,33,69,1.4153528564923208,1003.1716976585774,-30.360452306090636,0.5190057745048046,0.5700324991997465,0,7.048051357476263
bond_length_control,203,102,34,63,1.469027757391157,917.645963880165,-6.386028341759536,0.5491999912205032,0.5700324991997465,0,-8.501557196308294
bond_length_control,203,103,34,69,1.3708579558542096,728.4037784381347,-7.537172770593705,0.5559829786725592,0.5700324991997465,0,13.93656906066061
bond_length_control,203,104,34,70,1.4878793099880259,733.8068835981793,3.9436255269948326,0.5619737790461848,0.5700324991997465,0,-15.943588033730563
bond_length_control,203,105,35,64,1.3955445382601055,888.5975204841238,-24.933771460081083,0.5144183647302947,0.5700324991997465,0,10.763955496704806
bond_length_control,203,106,35,70,1.4426688103495022,795.3003678135517,-3.8919189429633048,0.4964005682807921,0.5700324991997465,0,0.1567086575044776
bond_length_control,203,107,35,71,1.3349269913793924,169.529416551486,11.520918967535964,0.4875544443636125,0.5700324991997465,0,15.770308444231198
