                                                                                      
                                       ``:oss/                                        
                           `.+s+.     .+ys--yh+     `./ss+.                           
                          -sh//yy+`   +yy   +yy    -+h+-oyy                           
                          -yh- .oyy/.-sh.   .syo-.:sy-  /yh                           
                 `.-.`    `yh+   -oyyyo.     `/syys:    oys      `.`                  
               `/+ssys+-` `sh+      `                   oys`   .:osyo`                
               -yh- ./syyooyo`                          .sys+/oyo--yh/                
               `yy+    .-:-.                             `-/+/:`  -sh-                
                /yh.                                              oys                 
          ``..---hho---------`   .---------..`      `.-----.`    -hd+---.             
       `./osmNMMMMMMMMMMMMMMMs. +NNMMMMMMMMNNmh+.   yNMMMMMNm-  oNMMMMMNmo++:`        
       +sy--/sdMMMhyyyyyyyNMMh- .oyNMMmyyyyyhNMMm+` -yMMMdyyo:` .oyyNMMNhs+syy`       
       -yy/   /MMM+.`-+/``mMMy-   `mMMh:`````.dMMN:` `MMMy-`-dhhy```mMMy:``+hs        
        -yy+` /MMMo:-mMM+`-oo/.    mMMh:     `dMMN/`  dMMm:`dMMMMy..MMMo-.+yo`        
         .sys`/MMMMNNMMMs-         mMMmyooooymMMNo:   oMMM/sMMMMMM++MMN//oh:          
          `sh+/MMMhyyMMMs- `-`     mMMMMMMMMMNmy+-`   -MMMhMMMsmMMmdMMd/yy+           
    `-/+++oyy-/MMM+.`/hh/.`mNm:`   mMMd+/////:-.`      NMMMMMd/:NMMMMMy:/yyo/:.`      
   +os+//:-..-oMMMo:--:::-/MMMo. .-mMMd+---`           hMMMMN+. oMMMMMo. `-+osyso:`   
   syo     `mNMMMMMNNNNNNNNMMMo.oNNMMMMMNNNN:`         +MMMMs:`  dMMMN/`     ``:syo   
   /yh`     :syyyyyyyyyyyyyyyy+.`+syyyyyyyyo:`         .oyys:`   .oyys:`        +yh   
   -yh-        ````````````````    `````````              ``        ``          oys   
   -+h/------------------------::::::::://////++++++++++++++++++++++///////::::/yd:   
   shdddddddddddddddddddddddddddddhhhhhhhhyyyyyssssssssssssssssyyyyyyyhhhhhhhddddh`   
                                                                                      
 Lee, H., Poncé, S., Bushick, K., Hajinazar, S., Lafuente-Bartolome, J.,Leveillee, J.,
    Lian, C., Lihm, J., Macheda, F., Mori, H., Paudyal, H., Sio, W., Tiwari, S.,      
 Zacharias, M., Zhang, X., Bonini, N., Kioupakis, E., Margine, E.R., and Giustino F., 
                                                     npj Comput Mater 9, 156 (2023)   
                                                                                      

     Program EPW v.6.0 starts on  6Aug2026 at 17: 4:24 

     This program is part of the open-source Quantum ESPRESSO suite
     for quantum simulation of materials; please cite
         "P. Giannozzi et al., J. Phys.:Condens. Matter 21 395502 (2009);
         "P. Giannozzi et al., J. Phys.:Condens. Matter 29 465901 (2017);
         "P. Giannozzi et al., J. Chem. Phys. 152 154105 (2020);
          URL http://www.quantum-espresso.org", 
     in publications or presentations arising from this work. More details at
     http://www.quantum-espresso.org/quote

     Parallel version (MPI & OpenMP), running on       2 processor cores
     Number of MPI processes:                 1
     Threads/MPI process:                     2

     MPI processes distributed on     1 nodes
     15271 MiB available memory on the printing compute node when the environment starts

     Reading input from epw_seed.in

     No temperature supplied. Setting temps(:) to 300 K.

     Reading xml data from directory:

     ./tmp/graphene.save/

     IMPORTANT: XC functional enforced from input :
     Exchange-correlation= PBE
                           (   1   4   3   4   0   0   0)
     Any further DFT definition will be discarded
     Please, verify this is what you really want


     G-vector sticks info
     --------------------
     sticks:   dense  smooth     PW     G-vecs:    dense   smooth      PW
     Sum         361     361    151                33427    33427    9567

     Using Slab Decomposition

     Reading collected, re-writing distributed wavefunctions

     --                                                                         

     bravais-lattice index     =            4
     lattice parameter (a_0)   =       4.6487  a.u.
     unit-cell volume          =     530.5041 (a.u.)^3
     number of atoms/cell      =            2
     number of atomic types    =            1
     kinetic-energy cut-off    =      60.0000  Ry
     charge density cut-off    =     240.0000  Ry
     Exchange-correlation= PBE
                           (   1   4   3   4   0   0   0)


     celldm(1)=    4.64873  celldm(2)=    0.00000  celldm(3)=    6.09756
     celldm(4)=    0.00000  celldm(5)=    0.00000  celldm(6)=    0.00000

     crystal axes: (cart. coord. in units of a_0)
               a(1) = (  1.0000  0.0000  0.0000 )  
               a(2) = ( -0.5000  0.8660  0.0000 )  
               a(3) = (  0.0000  0.0000  6.0976 )  

     reciprocal axes: (cart. coord. in units 2 pi/a_0)
               b(1) = (  1.0000  0.5774 -0.0000 )  
               b(2) = (  0.0000  1.1547  0.0000 )  
               b(3) = (  0.0000 -0.0000  0.1640 )  


     Atoms inside the unit cell: 

   Cartesian axes

     site n.  atom      mass           positions (a_0 units)
        1     C      12.0110   tau( 1) = (    0.00000    0.00000    0.00000  )
        2     C      12.0110   tau( 2) = (   -0.00000    0.57735    0.00000  )

     25 Sym.Ops. (with q -> -q+G )


     G cutoff =  131.3770  (  33427 G-vectors)     FFT grid: ( 24, 24,144)
     number of k points=  144  gaussian broad. (Ry)=  0.0200     ngauss = -99
                       cart. coord. in units 2pi/a_0
        k(    1) = (   0.0000000   0.0000000   0.0000000), wk =   0.0138889
        k(    2) = (   0.0000000   0.0962250   0.0000000), wk =   0.0138889
        k(    3) = (   0.0000000   0.1924501   0.0000000), wk =   0.0138889
        k(    4) = (   0.0000000   0.2886751   0.0000000), wk =   0.0138889
        k(    5) = (   0.0000000   0.3849002   0.0000000), wk =   0.0138889
        k(    6) = (   0.0000000   0.4811252   0.0000000), wk =   0.0138889
        k(    7) = (   0.0000000   0.5773503   0.0000000), wk =   0.0138889
        k(    8) = (   0.0000000   0.6735753   0.0000000), wk =   0.0138889
        k(    9) = (   0.0000000   0.7698004   0.0000000), wk =   0.0138889
        k(   10) = (   0.0000000   0.8660254   0.0000000), wk =   0.0138889
        k(   11) = (   0.0000000   0.9622504   0.0000000), wk =   0.0138889
        k(   12) = (   0.0000000   1.0584755   0.0000000), wk =   0.0138889
        k(   13) = (   0.0833333   0.0481125   0.0000000), wk =   0.0138889
        k(   14) = (   0.0833333   0.1443376   0.0000000), wk =   0.0138889
        k(   15) = (   0.0833333   0.2405626   0.0000000), wk =   0.0138889
        k(   16) = (   0.0833333   0.3367877   0.0000000), wk =   0.0138889
        k(   17) = (   0.0833333   0.4330127   0.0000000), wk =   0.0138889
        k(   18) = (   0.0833333   0.5292377   0.0000000), wk =   0.0138889
        k(   19) = (   0.0833333   0.6254628   0.0000000), wk =   0.0138889
        k(   20) = (   0.0833333   0.7216878   0.0000000), wk =   0.0138889
        k(   21) = (   0.0833333   0.8179129   0.0000000), wk =   0.0138889
        k(   22) = (   0.0833333   0.9141379   0.0000000), wk =   0.0138889
        k(   23) = (   0.0833333   1.0103630   0.0000000), wk =   0.0138889
        k(   24) = (   0.0833333   1.1065880   0.0000000), wk =   0.0138889
        k(   25) = (   0.1666667   0.0962250   0.0000000), wk =   0.0138889
        k(   26) = (   0.1666667   0.1924501   0.0000000), wk =   0.0138889
        k(   27) = (   0.1666667   0.2886751   0.0000000), wk =   0.0138889
        k(   28) = (   0.1666667   0.3849002   0.0000000), wk =   0.0138889
        k(   29) = (   0.1666667   0.4811252   0.0000000), wk =   0.0138889
        k(   30) = (   0.1666667   0.5773503   0.0000000), wk =   0.0138889
        k(   31) = (   0.1666667   0.6735753   0.0000000), wk =   0.0138889
        k(   32) = (   0.1666667   0.7698004   0.0000000), wk =   0.0138889
        k(   33) = (   0.1666667   0.8660254   0.0000000), wk =   0.0138889
        k(   34) = (   0.1666667   0.9622504   0.0000000), wk =   0.0138889
        k(   35) = (   0.1666667   1.0584755   0.0000000), wk =   0.0138889
        k(   36) = (   0.1666667   1.1547005   0.0000000), wk =   0.0138889
        k(   37) = (   0.2500000   0.1443376   0.0000000), wk =   0.0138889
        k(   38) = (   0.2500000   0.2405626   0.0000000), wk =   0.0138889
        k(   39) = (   0.2500000   0.3367877   0.0000000), wk =   0.0138889
        k(   40) = (   0.2500000   0.4330127   0.0000000), wk =   0.0138889
        k(   41) = (   0.2500000   0.5292377   0.0000000), wk =   0.0138889
        k(   42) = (   0.2500000   0.6254628   0.0000000), wk =   0.0138889
        k(   43) = (   0.2500000   0.7216878   0.0000000), wk =   0.0138889
        k(   44) = (   0.2500000   0.8179129   0.0000000), wk =   0.0138889
        k(   45) = (   0.2500000   0.9141379   0.0000000), wk =   0.0138889
        k(   46) = (   0.2500000   1.0103630   0.0000000), wk =   0.0138889
        k(   47) = (   0.2500000   1.1065880   0.0000000), wk =   0.0138889
        k(   48) = (   0.2500000   1.2028131   0.0000000), wk =   0.0138889
        k(   49) = (   0.3333333   0.1924501   0.0000000), wk =   0.0138889
        k(   50) = (   0.3333333   0.2886751   0.0000000), wk =   0.0138889
        k(   51) = (   0.3333333   0.3849002   0.0000000), wk =   0.0138889
        k(   52) = (   0.3333333   0.4811252   0.0000000), wk =   0.0138889
        k(   53) = (   0.3333333   0.5773503   0.0000000), wk =   0.0138889
        k(   54) = (   0.3333333   0.6735753   0.0000000), wk =   0.0138889
        k(   55) = (   0.3333333   0.7698004   0.0000000), wk =   0.0138889
        k(   56) = (   0.3333333   0.8660254   0.0000000), wk =   0.0138889
        k(   57) = (   0.3333333   0.9622504   0.0000000), wk =   0.0138889
        k(   58) = (   0.3333333   1.0584755   0.0000000), wk =   0.0138889
        k(   59) = (   0.3333333   1.1547005   0.0000000), wk =   0.0138889
        k(   60) = (   0.3333333   1.2509256   0.0000000), wk =   0.0138889
        k(   61) = (   0.4166667   0.2405626   0.0000000), wk =   0.0138889
        k(   62) = (   0.4166667   0.3367877   0.0000000), wk =   0.0138889
        k(   63) = (   0.4166667   0.4330127   0.0000000), wk =   0.0138889
        k(   64) = (   0.4166667   0.5292377   0.0000000), wk =   0.0138889
        k(   65) = (   0.4166667   0.6254628   0.0000000), wk =   0.0138889
        k(   66) = (   0.4166667   0.7216878   0.0000000), wk =   0.0138889
        k(   67) = (   0.4166667   0.8179129   0.0000000), wk =   0.0138889
        k(   68) = (   0.4166667   0.9141379   0.0000000), wk =   0.0138889
        k(   69) = (   0.4166667   1.0103630   0.0000000), wk =   0.0138889
        k(   70) = (   0.4166667   1.1065880   0.0000000), wk =   0.0138889
        k(   71) = (   0.4166667   1.2028131   0.0000000), wk =   0.0138889
        k(   72) = (   0.4166667   1.2990381   0.0000000), wk =   0.0138889
        k(   73) = (   0.5000000   0.2886751   0.0000000), wk =   0.0138889
        k(   74) = (   0.5000000   0.3849002   0.0000000), wk =   0.0138889
        k(   75) = (   0.5000000   0.4811252   0.0000000), wk =   0.0138889
        k(   76) = (   0.5000000   0.5773503   0.0000000), wk =   0.0138889
        k(   77) = (   0.5000000   0.6735753   0.0000000), wk =   0.0138889
        k(   78) = (   0.5000000   0.7698004   0.0000000), wk =   0.0138889
        k(   79) = (   0.5000000   0.8660254   0.0000000), wk =   0.0138889
        k(   80) = (   0.5000000   0.9622504   0.0000000), wk =   0.0138889
        k(   81) = (   0.5000000   1.0584755   0.0000000), wk =   0.0138889
        k(   82) = (   0.5000000   1.1547005   0.0000000), wk =   0.0138889
        k(   83) = (   0.5000000   1.2509256   0.0000000), wk =   0.0138889
        k(   84) = (   0.5000000   1.3471506   0.0000000), wk =   0.0138889
        k(   85) = (   0.5833333   0.3367877   0.0000000), wk =   0.0138889
        k(   86) = (   0.5833333   0.4330127   0.0000000), wk =   0.0138889
        k(   87) = (   0.5833333   0.5292377   0.0000000), wk =   0.0138889
        k(   88) = (   0.5833333   0.6254628   0.0000000), wk =   0.0138889
        k(   89) = (   0.5833333   0.7216878   0.0000000), wk =   0.0138889
        k(   90) = (   0.5833333   0.8179129   0.0000000), wk =   0.0138889
        k(   91) = (   0.5833333   0.9141379   0.0000000), wk =   0.0138889
        k(   92) = (   0.5833333   1.0103630   0.0000000), wk =   0.0138889
        k(   93) = (   0.5833333   1.1065880   0.0000000), wk =   0.0138889
        k(   94) = (   0.5833333   1.2028131   0.0000000), wk =   0.0138889
        k(   95) = (   0.5833333   1.2990381   0.0000000), wk =   0.0138889
        k(   96) = (   0.5833333   1.3952632   0.0000000), wk =   0.0138889
        k(   97) = (   0.6666667   0.3849002   0.0000000), wk =   0.0138889
        k(   98) = (   0.6666667   0.4811252   0.0000000), wk =   0.0138889
        k(   99) = (   0.6666667   0.5773503   0.0000000), wk =   0.0138889
        k(  100) = (   0.6666667   0.6735753   0.0000000), wk =   0.0138889
        k(  101) = (   0.6666667   0.7698004   0.0000000), wk =   0.0138889
        k(  102) = (   0.6666667   0.8660254   0.0000000), wk =   0.0138889
        k(  103) = (   0.6666667   0.9622504   0.0000000), wk =   0.0138889
        k(  104) = (   0.6666667   1.0584755   0.0000000), wk =   0.0138889
        k(  105) = (   0.6666667   1.1547005   0.0000000), wk =   0.0138889
        k(  106) = (   0.6666667   1.2509256   0.0000000), wk =   0.0138889
        k(  107) = (   0.6666667   1.3471506   0.0000000), wk =   0.0138889
        k(  108) = (   0.6666667   1.4433757   0.0000000), wk =   0.0138889
        k(  109) = (   0.7500000   0.4330127   0.0000000), wk =   0.0138889
        k(  110) = (   0.7500000   0.5292377   0.0000000), wk =   0.0138889
        k(  111) = (   0.7500000   0.6254628   0.0000000), wk =   0.0138889
        k(  112) = (   0.7500000   0.7216878   0.0000000), wk =   0.0138889
        k(  113) = (   0.7500000   0.8179129   0.0000000), wk =   0.0138889
        k(  114) = (   0.7500000   0.9141379   0.0000000), wk =   0.0138889
        k(  115) = (   0.7500000   1.0103630   0.0000000), wk =   0.0138889
        k(  116) = (   0.7500000   1.1065880   0.0000000), wk =   0.0138889
        k(  117) = (   0.7500000   1.2028131   0.0000000), wk =   0.0138889
        k(  118) = (   0.7500000   1.2990381   0.0000000), wk =   0.0138889
        k(  119) = (   0.7500000   1.3952632   0.0000000), wk =   0.0138889
        k(  120) = (   0.7500000   1.4914882   0.0000000), wk =   0.0138889
        k(  121) = (   0.8333333   0.4811252   0.0000000), wk =   0.0138889
        k(  122) = (   0.8333333   0.5773503   0.0000000), wk =   0.0138889
        k(  123) = (   0.8333333   0.6735753   0.0000000), wk =   0.0138889
        k(  124) = (   0.8333333   0.7698004   0.0000000), wk =   0.0138889
        k(  125) = (   0.8333333   0.8660254   0.0000000), wk =   0.0138889
        k(  126) = (   0.8333333   0.9622504   0.0000000), wk =   0.0138889
        k(  127) = (   0.8333333   1.0584755   0.0000000), wk =   0.0138889
        k(  128) = (   0.8333333   1.1547005   0.0000000), wk =   0.0138889
        k(  129) = (   0.8333333   1.2509256   0.0000000), wk =   0.0138889
        k(  130) = (   0.8333333   1.3471506   0.0000000), wk =   0.0138889
        k(  131) = (   0.8333333   1.4433757   0.0000000), wk =   0.0138889
        k(  132) = (   0.8333333   1.5396007   0.0000000), wk =   0.0138889
        k(  133) = (   0.9166667   0.5292377   0.0000000), wk =   0.0138889
        k(  134) = (   0.9166667   0.6254628   0.0000000), wk =   0.0138889
        k(  135) = (   0.9166667   0.7216878   0.0000000), wk =   0.0138889
        k(  136) = (   0.9166667   0.8179129   0.0000000), wk =   0.0138889
        k(  137) = (   0.9166667   0.9141379   0.0000000), wk =   0.0138889
        k(  138) = (   0.9166667   1.0103630   0.0000000), wk =   0.0138889
        k(  139) = (   0.9166667   1.1065880   0.0000000), wk =   0.0138889
        k(  140) = (   0.9166667   1.2028131   0.0000000), wk =   0.0138889
        k(  141) = (   0.9166667   1.2990381   0.0000000), wk =   0.0138889
        k(  142) = (   0.9166667   1.3952632   0.0000000), wk =   0.0138889
        k(  143) = (   0.9166667   1.4914882   0.0000000), wk =   0.0138889
        k(  144) = (   0.9166667   1.5877132   0.0000000), wk =   0.0138889

     PseudoPot. # 1 for C  read from file:
     /root/phonon/pseudo/C_ONCV_PBE-1.2.upf
     MD5 check sum: 1a5f83a7b1f58d24996abe00ed223ac6
     Pseudo is Norm-conserving, Zval =  4.0
     Generated using ONCVPSP code by D. R. Hamann
     Using radial grid of  602 points,  4 beta functions with: 
                l(1) =   0
                l(2) =   0
                l(3) =   1
                l(4) =   1
     EPW          :      1.28s CPU      1.05s WALL

     EPW          :      1.28s CPU      1.06s WALL

     -------------------------------------------------------------------
     Wannierization on 12 x 12 x  1 electronic grid
     -------------------------------------------------------------------

     Spin CASE ( default = unpolarized )

     Initializing Wannier90


     Initial Wannier projections

     (   0.00000   0.00000   0.00000) :  l =   1 mr =   1
     (   0.33333   0.66667   0.00000) :  l =   1 mr =   1

      - Number of bands is (  2)
      - Number of total bands is ( 14)
      - Number of excluded bands is ( 12)
      - Number of wannier functions is (  2)
      - All guiding functions are given 

  Reading data about k-point neighbours 

      - All neighbours are found 

     AMN
      k points =   144 in    1 pools
            1 of  144 on ionode
            2 of  144 on ionode
            3 of  144 on ionode
            4 of  144 on ionode
            5 of  144 on ionode
            6 of  144 on ionode
            7 of  144 on ionode
            8 of  144 on ionode
            9 of  144 on ionode
           10 of  144 on ionode
           11 of  144 on ionode
           12 of  144 on ionode
           13 of  144 on ionode
           14 of  144 on ionode
           15 of  144 on ionode
           16 of  144 on ionode
           17 of  144 on ionode
           18 of  144 on ionode
           19 of  144 on ionode
           20 of  144 on ionode
           21 of  144 on ionode
           22 of  144 on ionode
           23 of  144 on ionode
           24 of  144 on ionode
           25 of  144 on ionode
           26 of  144 on ionode
           27 of  144 on ionode
           28 of  144 on ionode
           29 of  144 on ionode
           30 of  144 on ionode
           31 of  144 on ionode
           32 of  144 on ionode
           33 of  144 on ionode
           34 of  144 on ionode
           35 of  144 on ionode
           36 of  144 on ionode
           37 of  144 on ionode
           38 of  144 on ionode
           39 of  144 on ionode
           40 of  144 on ionode
           41 of  144 on ionode
           42 of  144 on ionode
           43 of  144 on ionode
           44 of  144 on ionode
           45 of  144 on ionode
           46 of  144 on ionode
           47 of  144 on ionode
           48 of  144 on ionode
           49 of  144 on ionode
           50 of  144 on ionode
           51 of  144 on ionode
           52 of  144 on ionode
           53 of  144 on ionode
           54 of  144 on ionode
           55 of  144 on ionode
           56 of  144 on ionode
           57 of  144 on ionode
           58 of  144 on ionode
           59 of  144 on ionode
           60 of  144 on ionode
           61 of  144 on ionode
           62 of  144 on ionode
           63 of  144 on ionode
           64 of  144 on ionode
           65 of  144 on ionode
           66 of  144 on ionode
           67 of  144 on ionode
           68 of  144 on ionode
           69 of  144 on ionode
           70 of  144 on ionode
           71 of  144 on ionode
           72 of  144 on ionode
           73 of  144 on ionode
           74 of  144 on ionode
           75 of  144 on ionode
           76 of  144 on ionode
           77 of  144 on ionode
           78 of  144 on ionode
           79 of  144 on ionode
           80 of  144 on ionode
           81 of  144 on ionode
           82 of  144 on ionode
           83 of  144 on ionode
           84 of  144 on ionode
           85 of  144 on ionode
           86 of  144 on ionode
           87 of  144 on ionode
           88 of  144 on ionode
           89 of  144 on ionode
           90 of  144 on ionode
           91 of  144 on ionode
           92 of  144 on ionode
           93 of  144 on ionode
           94 of  144 on ionode
           95 of  144 on ionode
           96 of  144 on ionode
           97 of  144 on ionode
           98 of  144 on ionode
           99 of  144 on ionode
          100 of  144 on ionode
          101 of  144 on ionode
          102 of  144 on ionode
          103 of  144 on ionode
          104 of  144 on ionode
          105 of  144 on ionode
          106 of  144 on ionode
          107 of  144 on ionode
          108 of  144 on ionode
          109 of  144 on ionode
          110 of  144 on ionode
          111 of  144 on ionode
          112 of  144 on ionode
          113 of  144 on ionode
          114 of  144 on ionode
          115 of  144 on ionode
          116 of  144 on ionode
          117 of  144 on ionode
          118 of  144 on ionode
          119 of  144 on ionode
          120 of  144 on ionode
          121 of  144 on ionode
          122 of  144 on ionode
          123 of  144 on ionode
          124 of  144 on ionode
          125 of  144 on ionode
          126 of  144 on ionode
          127 of  144 on ionode
          128 of  144 on ionode
          129 of  144 on ionode
          130 of  144 on ionode
          131 of  144 on ionode
          132 of  144 on ionode
          133 of  144 on ionode
          134 of  144 on ionode
          135 of  144 on ionode
          136 of  144 on ionode
          137 of  144 on ionode
          138 of  144 on ionode
          139 of  144 on ionode
          140 of  144 on ionode
          141 of  144 on ionode
          142 of  144 on ionode
          143 of  144 on ionode
          144 of  144 on ionode

     AMN calculated

     MMN
      k points =   144 in    1 pools
            1 of  144 on ionode
            2 of  144 on ionode
            3 of  144 on ionode
            4 of  144 on ionode
            5 of  144 on ionode
            6 of  144 on ionode
            7 of  144 on ionode
            8 of  144 on ionode
            9 of  144 on ionode
           10 of  144 on ionode
           11 of  144 on ionode
           12 of  144 on ionode
           13 of  144 on ionode
           14 of  144 on ionode
           15 of  144 on ionode
           16 of  144 on ionode
           17 of  144 on ionode
           18 of  144 on ionode
           19 of  144 on ionode
           20 of  144 on ionode
           21 of  144 on ionode
           22 of  144 on ionode
           23 of  144 on ionode
           24 of  144 on ionode
           25 of  144 on ionode
           26 of  144 on ionode
           27 of  144 on ionode
           28 of  144 on ionode
           29 of  144 on ionode
           30 of  144 on ionode
           31 of  144 on ionode
           32 of  144 on ionode
           33 of  144 on ionode
           34 of  144 on ionode
           35 of  144 on ionode
           36 of  144 on ionode
           37 of  144 on ionode
           38 of  144 on ionode
           39 of  144 on ionode
           40 of  144 on ionode
           41 of  144 on ionode
           42 of  144 on ionode
           43 of  144 on ionode
           44 of  144 on ionode
           45 of  144 on ionode
           46 of  144 on ionode
           47 of  144 on ionode
           48 of  144 on ionode
           49 of  144 on ionode
           50 of  144 on ionode
           51 of  144 on ionode
           52 of  144 on ionode
           53 of  144 on ionode
           54 of  144 on ionode
           55 of  144 on ionode
           56 of  144 on ionode
           57 of  144 on ionode
           58 of  144 on ionode
           59 of  144 on ionode
           60 of  144 on ionode
           61 of  144 on ionode
           62 of  144 on ionode
           63 of  144 on ionode
           64 of  144 on ionode
           65 of  144 on ionode
           66 of  144 on ionode
           67 of  144 on ionode
           68 of  144 on ionode
           69 of  144 on ionode
           70 of  144 on ionode
           71 of  144 on ionode
           72 of  144 on ionode
           73 of  144 on ionode
           74 of  144 on ionode
           75 of  144 on ionode
           76 of  144 on ionode
           77 of  144 on ionode
           78 of  144 on ionode
           79 of  144 on ionode
           80 of  144 on ionode
           81 of  144 on ionode
           82 of  144 on ionode
           83 of  144 on ionode
           84 of  144 on ionode
           85 of  144 on ionode
           86 of  144 on ionode
           87 of  144 on ionode
           88 of  144 on ionode
           89 of  144 on ionode
           90 of  144 on ionode
           91 of  144 on ionode
           92 of  144 on ionode
           93 of  144 on ionode
           94 of  144 on ionode
           95 of  144 on ionode
           96 of  144 on ionode
           97 of  144 on ionode
           98 of  144 on ionode
           99 of  144 on ionode
          100 of  144 on ionode
          101 of  144 on ionode
          102 of  144 on ionode
          103 of  144 on ionode
          104 of  144 on ionode
          105 of  144 on ionode
          106 of  144 on ionode
          107 of  144 on ionode
          108 of  144 on ionode
          109 of  144 on ionode
          110 of  144 on ionode
          111 of  144 on ionode
          112 of  144 on ionode
          113 of  144 on ionode
          114 of  144 on ionode
          115 of  144 on ionode
          116 of  144 on ionode
          117 of  144 on ionode
          118 of  144 on ionode
          119 of  144 on ionode
          120 of  144 on ionode
          121 of  144 on ionode
          122 of  144 on ionode
          123 of  144 on ionode
          124 of  144 on ionode
          125 of  144 on ionode
          126 of  144 on ionode
          127 of  144 on ionode
          128 of  144 on ionode
          129 of  144 on ionode
          130 of  144 on ionode
          131 of  144 on ionode
          132 of  144 on ionode
          133 of  144 on ionode
          134 of  144 on ionode
          135 of  144 on ionode
          136 of  144 on ionode
          137 of  144 on ionode
          138 of  144 on ionode
          139 of  144 on ionode
          140 of  144 on ionode
          141 of  144 on ionode
          142 of  144 on ionode
          143 of  144 on ionode
          144 of  144 on ionode
     MMN calculated

     Running Wannier90

     Wannier Function centers (cartesian, alat) and spreads (ang):

     (   0.14289  -0.16787  -0.00148) :  11.44188
     (   0.14812   0.49490   0.00204) :  11.74589

     -------------------------------------------------------------------
     WANNIER      :     43.23s CPU     41.14s WALL (       1 calls)
     -------------------------------------------------------------------
     HDF5 is used in the current build. Exciton-phonon coupling calculations are enabled.

     Dipole matrix elements calculated


     Calculating kgmap

     Progress kgmap: ########################################
     kmaps        :      0.09s CPU      0.11s WALL (       1 calls)
     Symmetries of Bravais lattice:  24
     Symmetries of crystal:          24


     ===================================================================
     irreducible q point #    1
     ===================================================================

     Symmetries of small group of q: 24
          in addition sym. q -> -q+G:

     Number of q in the star =    1
     List of q in the star:
          1   0.000000000   0.000000000   0.000000000
     Imposing acoustic sum rule on the dynamical matrix

        q(    1 ) = (   0.0000000   0.0000000   0.0000000 )


     ===================================================================
     irreducible q point #    2
     ===================================================================

     Symmetries of small group of q:  4

     Number of q in the star =    6
     List of q in the star:
          1   0.000000000   0.192450090   0.000000000
          2   0.000000000  -0.192450090   0.000000000
          3  -0.166666667   0.096225045   0.000000000
          4  -0.166666667  -0.096225045   0.000000000
          5   0.166666667  -0.096225045   0.000000000
          6   0.166666667   0.096225045   0.000000000
     Message from routine init_vloc:
     Interpolation table for Vloc re-allocated

        q(    2 ) = (   0.0000000   0.1924501   0.0000000 )
        q(    3 ) = (   0.0000000  -0.1924501   0.0000000 )
        q(    4 ) = (  -0.1666667   0.0962250   0.0000000 )
        q(    5 ) = (  -0.1666667  -0.0962250   0.0000000 )
        q(    6 ) = (   0.1666667  -0.0962250   0.0000000 )
        q(    7 ) = (   0.1666667   0.0962250   0.0000000 )


     ===================================================================
     irreducible q point #    3
     ===================================================================

     Symmetries of small group of q:  4

     Number of q in the star =    6
     List of q in the star:
          1   0.000000000   0.384900179   0.000000000
          2   0.000000000  -0.384900179   0.000000000
          3  -0.333333333   0.192450090   0.000000000
          4  -0.333333333  -0.192450090   0.000000000
          5   0.333333333  -0.192450090   0.000000000
          6   0.333333333   0.192450090   0.000000000

        q(    8 ) = (   0.0000000   0.3849002   0.0000000 )
        q(    9 ) = (   0.0000000  -0.3849002   0.0000000 )
        q(   10 ) = (  -0.3333333   0.1924501   0.0000000 )
        q(   11 ) = (  -0.3333333  -0.1924501   0.0000000 )
        q(   12 ) = (   0.3333333  -0.1924501   0.0000000 )
        q(   13 ) = (   0.3333333   0.1924501   0.0000000 )


     ===================================================================
     irreducible q point #    4
     ===================================================================

     Symmetries of small group of q:  8
          in addition sym. q -> -q+G:

     Number of q in the star =    3
     List of q in the star:
          1   0.000000000  -0.577350269   0.000000000
          2  -0.500000000   0.288675135   0.000000000
          3   0.500000000   0.288675135   0.000000000

        q(   14 ) = (   0.0000000  -0.5773503   0.0000000 )
        q(   15 ) = (  -0.5000000   0.2886751   0.0000000 )
        q(   16 ) = (   0.5000000   0.2886751   0.0000000 )


     ===================================================================
     irreducible q point #    5
     ===================================================================

     Symmetries of small group of q:  4

     Number of q in the star =    6
     List of q in the star:
          1   0.166666667   0.288675135   0.000000000
          2   0.166666667  -0.288675135   0.000000000
          3  -0.166666667  -0.288675135   0.000000000
          4  -0.333333333  -0.000000000   0.000000000
          5  -0.166666667   0.288675135   0.000000000
          6   0.333333333   0.000000000   0.000000000

        q(   17 ) = (   0.1666667   0.2886751   0.0000000 )
        q(   18 ) = (   0.1666667  -0.2886751   0.0000000 )
        q(   19 ) = (  -0.1666667  -0.2886751   0.0000000 )
        q(   20 ) = (  -0.3333333  -0.0000000   0.0000000 )
        q(   21 ) = (  -0.1666667   0.2886751   0.0000000 )
        q(   22 ) = (   0.3333333   0.0000000   0.0000000 )


     ===================================================================
     irreducible q point #    6
     ===================================================================

     Symmetries of small group of q:  2

     Number of q in the star =   12
     List of q in the star:
          1   0.166666667   0.481125224   0.000000000
          2   0.333333333   0.384900179   0.000000000
          3   0.166666667  -0.481125224   0.000000000
          4  -0.166666667  -0.481125224   0.000000000
          5   0.333333333  -0.384900179   0.000000000
          6  -0.500000000  -0.096225045   0.000000000
          7  -0.500000000   0.096225045   0.000000000
          8  -0.333333333   0.384900179   0.000000000
          9   0.500000000   0.096225045   0.000000000
         10  -0.333333333  -0.384900179   0.000000000
         11   0.500000000  -0.096225045   0.000000000
         12  -0.166666667   0.481125224   0.000000000

        q(   23 ) = (   0.1666667   0.4811252   0.0000000 )
        q(   24 ) = (   0.3333333   0.3849002   0.0000000 )
        q(   25 ) = (   0.1666667  -0.4811252   0.0000000 )
        q(   26 ) = (  -0.1666667  -0.4811252   0.0000000 )
        q(   27 ) = (   0.3333333  -0.3849002   0.0000000 )
        q(   28 ) = (  -0.5000000  -0.0962250   0.0000000 )
        q(   29 ) = (  -0.5000000   0.0962250   0.0000000 )
        q(   30 ) = (  -0.3333333   0.3849002   0.0000000 )
        q(   31 ) = (   0.5000000   0.0962250   0.0000000 )
        q(   32 ) = (  -0.3333333  -0.3849002   0.0000000 )
        q(   33 ) = (   0.5000000  -0.0962250   0.0000000 )
        q(   34 ) = (  -0.1666667   0.4811252   0.0000000 )


     ===================================================================
     irreducible q point #    7
     ===================================================================

     Symmetries of small group of q: 12

     Number of q in the star =    2
     List of q in the star:
          1   0.333333333   0.577350269   0.000000000
          2  -0.333333333   0.577350269   0.000000000

        q(   35 ) = (   0.3333333   0.5773503   0.0000000 )
        q(   36 ) = (  -0.3333333   0.5773503   0.0000000 )

     Writing epmatq on .epb files


     The .epb files have been correctly written

     Use zone-centred Wigner-Seitz cells 
     Number of WS vectors for electrons      157
     Number of WS vectors for phonons       43
     Number of WS vectors for electron-phonon       43
     Maximum number of cores for efficient parallelization      258
     Results may improve by using use_ws == .TRUE. 

     Inside velocity step 1
 

     Velocity matrix elements calculated
 
 
     Bloch2wane:          1 /         36
     Bloch2wane:          2 /         36
     Bloch2wane:          3 /         36
     Bloch2wane:          4 /         36
     Bloch2wane:          5 /         36
     Bloch2wane:          6 /         36
     Bloch2wane:          7 /         36
     Bloch2wane:          8 /         36
     Bloch2wane:          9 /         36
     Bloch2wane:         10 /         36
     Bloch2wane:         11 /         36
     Bloch2wane:         12 /         36
     Bloch2wane:         13 /         36
     Bloch2wane:         14 /         36
     Bloch2wane:         15 /         36
     Bloch2wane:         16 /         36
     Bloch2wane:         17 /         36
     Bloch2wane:         18 /         36
     Bloch2wane:         19 /         36
     Bloch2wane:         20 /         36
     Bloch2wane:         21 /         36
     Bloch2wane:         22 /         36
     Bloch2wane:         23 /         36
     Bloch2wane:         24 /         36
     Bloch2wane:         25 /         36
     Bloch2wane:         26 /         36
     Bloch2wane:         27 /         36
     Bloch2wane:         28 /         36
     Bloch2wane:         29 /         36
     Bloch2wane:         30 /         36
     Bloch2wane:         31 /         36
     Bloch2wane:         32 /         36
     Bloch2wane:         33 /         36
     Bloch2wane:         34 /         36
     Bloch2wane:         35 /         36
     Bloch2wane:         36 /         36
     Bloch2wanp:          1 /         43
     Bloch2wanp:          2 /         43
     Bloch2wanp:          3 /         43
     Bloch2wanp:          4 /         43
     Bloch2wanp:          5 /         43
     Bloch2wanp:          6 /         43
     Bloch2wanp:          7 /         43
     Bloch2wanp:          8 /         43
     Bloch2wanp:          9 /         43
     Bloch2wanp:         10 /         43
     Bloch2wanp:         11 /         43
     Bloch2wanp:         12 /         43
     Bloch2wanp:         13 /         43
     Bloch2wanp:         14 /         43
     Bloch2wanp:         15 /         43
     Bloch2wanp:         16 /         43
     Bloch2wanp:         17 /         43
     Bloch2wanp:         18 /         43
     Bloch2wanp:         19 /         43
     Bloch2wanp:         20 /         43
     Bloch2wanp:         21 /         43
     Bloch2wanp:         22 /         43
     Bloch2wanp:         23 /         43
     Bloch2wanp:         24 /         43
     Bloch2wanp:         25 /         43
     Bloch2wanp:         26 /         43
     Bloch2wanp:         27 /         43
     Bloch2wanp:         28 /         43
     Bloch2wanp:         29 /         43
     Bloch2wanp:         30 /         43
     Bloch2wanp:         31 /         43
     Bloch2wanp:         32 /         43
     Bloch2wanp:         33 /         43
     Bloch2wanp:         34 /         43
     Bloch2wanp:         35 /         43
     Bloch2wanp:         36 /         43
     Bloch2wanp:         37 /         43
     Bloch2wanp:         38 /         43
     Bloch2wanp:         39 /         43
     Bloch2wanp:         40 /         43
     Bloch2wanp:         41 /         43
     Bloch2wanp:         42 /         43
     Bloch2wanp:         43 /         43

     Writing Hamiltonian, Dynamical matrix and EP vertex in Wann rep to file

     ===================================================================
     Memory usage:  VmHWM =       118Mb
                   VmPeak =      5209Mb
     ===================================================================
     
     Using uniform q-mesh:    18   18    1
     Size of q point mesh for interpolation:        324
     Using uniform k-mesh:    18   18    1
     Size of k point mesh for interpolation:        324
     Max number of k points per pool:              324

     Fermi energy coarse grid =  -1.711762 eV

     ===================================================================

     Fermi energy is read from the input file: Ef =  -1.711800 eV

     ===================================================================

     Skipping    3 occupied bands:

     The Fermi level will be determined with   2.00000 electrons

              ibndmin =     1  ebndmin =    -7.690 eV
              ibndmax =     2  ebndmax =     4.234 eV


     Number of ep-matrix elements per pool :         7776 ~=   60.75 Kb (@ 8 bytes/ DP)
     Number selected, total            100            100
     Number selected, total            200            200
     Number selected, total            300            300
     We only need to compute      324 q-points
      

     ===================================================================
     Phonon (Imaginary) Self-Energy in the Migdal Approximation
     ===================================================================


     Fermi Surface thickness =   6.000000 eV

     Golden Rule strictly enforced with T =   0.025852 eV

     On- and Off-shell dynamical frequency renormalization will be performed using:

      Omega^2 = omega^2 + 2omega(Re[Pi(Omega,T_low)]- Pi[0,T_high]).
     Smearing type for the static self-energy: Fermi-Dirac
     smearing value for the static self-energy: T_high =   0.020000 Ry.
     Gaussian Broadening:   0.050000 eV, ngauss=   1
     DOS =  0.191293 states/spin/eV/Unit Cell at Ef= -1.711800 eV

     ismear =     1 iq =       1 coord.:   0.00000  0.00000  0.00000 wt:   0.00309 Temp:  300.000K
     -------------------------------------------------------------------
     lambda___(   1 )=       0.000000   gamma___=       0.000000 meV  omega=     -0.0000 meV   on_shell_Omega=      0.0000 meV  off_shell_Omega=      0.0000 meV
     lambda_tr(   1 )=       0.000000   gamma_tr=       0.000000 meV  omega=     -0.0000 meV   on_shell_Omega=      0.0000 meV  off_shell_Omega=      0.0000 meV
     lambda___(   2 )=       0.000000   gamma___=       0.000000 meV  omega=      0.0000 meV   on_shell_Omega=      0.0000 meV  off_shell_Omega=      0.0000 meV
     lambda_tr(   2 )=       0.000000   gamma_tr=       0.000000 meV  omega=      0.0000 meV   on_shell_Omega=      0.0000 meV  off_shell_Omega=      0.0000 meV
     lambda___(   3 )=       0.000000   gamma___=       0.000000 meV  omega=      0.0000 meV   on_shell_Omega=      0.0000 meV  off_shell_Omega=      0.0000 meV
     lambda_tr(   3 )=       0.000000   gamma_tr=       0.000000 meV  omega=      0.0000 meV   on_shell_Omega=      0.0000 meV  off_shell_Omega=      0.0000 meV
     lambda___(   4 )=       0.000000   gamma___=       0.000000 meV  omega=    108.6074 meV   on_shell_Omega=    108.6074 meV  off_shell_Omega=    108.6074 meV
     lambda_tr(   4 )=       0.000000   gamma_tr=       0.000000 meV  omega=    108.6074 meV   on_shell_Omega=    108.6074 meV  off_shell_Omega=    108.6074 meV
     lambda___(   5 )=       0.000000   gamma___=       0.000000 meV  omega=    193.3597 meV   on_shell_Omega=    196.0126 meV  off_shell_Omega=    196.0505 meV
     lambda_tr(   5 )=       0.000000   gamma_tr=       0.000000 meV  omega=    193.3597 meV   on_shell_Omega=    196.0126 meV  off_shell_Omega=    196.0505 meV
     lambda___(   6 )=       0.000000   gamma___=       0.000000 meV  omega=    193.3597 meV   on_shell_Omega=    195.8614 meV  off_shell_Omega=    195.8145 meV
     lambda_tr(   6 )=       0.000000   gamma_tr=       0.000000 meV  omega=    193.3597 meV   on_shell_Omega=    195.8614 meV  off_shell_Omega=    195.8145 meV
     lambda___( tot )=       0.000000
     lambda_tr( tot )=       0.000000
     -------------------------------------------------------------------


     Number of (k,k+q) pairs on the Fermi surface:      313 out of      324


     ismear =     1 iq =       2 coord.:   0.00000  0.05556  0.00000 wt:   0.00309 Temp:  300.000K
     -------------------------------------------------------------------
     lambda___(   1 )=       0.000000   gamma___=       0.000000 meV  omega=     -0.7872 meV   on_shell_Omega=      0.7872 meV  off_shell_Omega=     -1.3777 meV
     lambda_tr(   1 )=       0.000000   gamma_tr=       0.000000 meV  omega=     -0.7872 meV   on_shell_Omega=      0.7872 meV  off_shell_Omega=     -1.3777 meV
     lambda___(   2 )=       0.000000   gamma___=       0.000000 meV  omega=     14.1340 meV   on_shell_Omega=     14.1014 meV  off_shell_Omega=     14.1014 meV
     lambda_tr(   2 )=       0.000000   gamma_tr=       0.000000 meV  omega=     14.1340 meV   on_shell_Omega=     14.1014 meV  off_shell_Omega=     14.1014 meV
     lambda___(   3 )=       0.000000   gamma___=       0.000000 meV  omega=     22.9414 meV   on_shell_Omega=     22.9265 meV  off_shell_Omega=     22.9265 meV
     lambda_tr(   3 )=       0.000000   gamma_tr=       0.000000 meV  omega=     22.9414 meV   on_shell_Omega=     22.9265 meV  off_shell_Omega=     22.9265 meV
     lambda___(   4 )=       0.000000   gamma___=       0.000000 meV  omega=    108.3175 meV   on_shell_Omega=    108.3246 meV  off_shell_Omega=    108.3246 meV
     lambda_tr(   4 )=       0.000000   gamma_tr=       0.000000 meV  omega=    108.3175 meV   on_shell_Omega=    108.3246 meV  off_shell_Omega=    108.3246 meV
     lambda___(   5 )=       0.000000   gamma___=       0.000000 meV  omega=    192.9565 meV   on_shell_Omega=    193.2203 meV  off_shell_Omega=    193.2863 meV
     lambda_tr(   5 )=       0.000000   gamma_tr=       0.000000 meV  omega=    192.9565 meV   on_shell_Omega=    193.2203 meV  off_shell_Omega=    193.2863 meV
     lambda___(   6 )=       0.000000   gamma___=       0.000000 meV  omega=    194.7361 meV   on_shell_Omega=    195.3899 meV  off_shell_Omega=    195.3067 meV
     lambda_tr(   6 )=       0.000000   gamma_tr=       0.000000 meV  omega=    194.7361 meV   on_shell_Omega=    195.3899 meV  off_shell_Omega=    195.3067 meV
     lambda___( tot )=       0.000000
     lambda_tr( tot )=       0.000000
     -------------------------------------------------------------------


     Number of (k,k+q) pairs on the Fermi surface:      304 out of      324


     ismear =     1 iq =       3 coord.:   0.00000  0.11111  0.00000 wt:   0.00309 Temp:  300.000K
     -------------------------------------------------------------------
     lambda___(   1 )=      -0.000000   gamma___=      -0.000000 meV  omega=      3.2969 meV   on_shell_Omega=      3.3956 meV  off_shell_Omega=      3.3956 meV
     lambda_tr(   1 )=      -0.000000   gamma_tr=      -0.000000 meV  omega=      3.2969 meV   on_shell_Omega=      3.3956 meV  off_shell_Omega=      3.3956 meV
     lambda___(   2 )=       0.000000   gamma___=       0.000000 meV  omega=     28.2640 meV   on_shell_Omega=     28.2642 meV  off_shell_Omega=     28.2642 meV
     lambda_tr(   2 )=       0.000000   gamma_tr=       0.000000 meV  omega=     28.2640 meV   on_shell_Omega=     28.2642 meV  off_shell_Omega=     28.2642 meV
     lambda___(   3 )=       0.000000   gamma___=       0.000000 meV  omega=     45.7486 meV   on_shell_Omega=     45.7724 meV  off_shell_Omega=     45.7724 meV
     lambda_tr(   3 )=       0.000000   gamma_tr=       0.000000 meV  omega=     45.7486 meV   on_shell_Omega=     45.7724 meV  off_shell_Omega=     45.7724 meV
     lambda___(   4 )=       0.000000   gamma___=       0.000000 meV  omega=    107.4151 meV   on_shell_Omega=    107.4236 meV  off_shell_Omega=    107.4236 meV
     lambda_tr(   4 )=       0.000000   gamma_tr=       0.000000 meV  omega=    107.4151 meV   on_shell_Omega=    107.4236 meV  off_shell_Omega=    107.4236 meV
     lambda___(   5 )=       0.000000   gamma___=       0.000000 meV  omega=    191.4174 meV   on_shell_Omega=    191.7298 meV  off_shell_Omega=    191.7446 meV
     lambda_tr(   5 )=       0.000000   gamma_tr=       0.000000 meV  omega=    191.4174 meV   on_shell_Omega=    191.7298 meV  off_shell_Omega=    191.7446 meV
     lambda___(   6 )=       0.000000   gamma___=       0.000000 meV  omega=    197.5784 meV   on_shell_Omega=    198.1657 meV  off_shell_Omega=    198.1573 meV
     lambda_tr(   6 )=       0.000000   gamma_tr=       0.000000 meV  omega=    197.5784 meV   on_shell_Omega=    198.1657 meV  off_shell_Omega=    198.1573 meV
     lambda___( tot )=      -0.000000
     lambda_tr( tot )=      -0.000000
     -------------------------------------------------------------------


     Number of (k,k+q) pairs on the Fermi surface:      303 out of      324


     ismear =     1 iq =       4 coord.:   0.00000  0.16667  0.00000 wt:   0.00309 Temp:  300.000K
     -------------------------------------------------------------------
     lambda___(   1 )=      -0.000000   gamma___=      -0.000000 meV  omega=      8.3280 meV   on_shell_Omega=      8.3362 meV  off_shell_Omega=      8.3362 meV
     lambda_tr(   1 )=      -0.000000   gamma_tr=      -0.000000 meV  omega=      8.3280 meV   on_shell_Omega=      8.3362 meV  off_shell_Omega=      8.3362 meV
     lambda___(   2 )=       0.000000   gamma___=       0.000000 meV  omega=     41.7169 meV   on_shell_Omega=     41.7124 meV  off_shell_Omega=     41.7124 meV
     lambda_tr(   2 )=       0.000000   gamma_tr=       0.000000 meV  omega=     41.7169 meV   on_shell_Omega=     41.7124 meV  off_shell_Omega=     41.7124 meV
     lambda___(   3 )=       0.000000   gamma___=       0.000000 meV  omega=     67.8271 meV   on_shell_Omega=     67.8640 meV  off_shell_Omega=     67.8640 meV
     lambda_tr(   3 )=       0.000000   gamma_tr=       0.000000 meV  omega=     67.8271 meV   on_shell_Omega=     67.8640 meV  off_shell_Omega=     67.8640 meV
     lambda___(   4 )=       0.000000   gamma___=       0.000000 meV  omega=    105.8192 meV   on_shell_Omega=    105.8209 meV  off_shell_Omega=    105.8209 meV
     lambda_tr(   4 )=       0.000000   gamma_tr=       0.000000 meV  omega=    105.8192 meV   on_shell_Omega=    105.8209 meV  off_shell_Omega=    105.8209 meV
     lambda___(   5 )=       0.000000   gamma___=       0.000000 meV  omega=    188.4072 meV   on_shell_Omega=    188.6511 meV  off_shell_Omega=    188.7292 meV
     lambda_tr(   5 )=       0.000000   gamma_tr=       0.000000 meV  omega=    188.4072 meV   on_shell_Omega=    188.6511 meV  off_shell_Omega=    188.7292 meV
     lambda___(   6 )=       0.000000   gamma___=       0.000000 meV  omega=    199.4475 meV   on_shell_Omega=    199.8423 meV  off_shell_Omega=    199.7883 meV
     lambda_tr(   6 )=       0.000000   gamma_tr=       0.000000 meV  omega=    199.4475 meV   on_shell_Omega=    199.8423 meV  off_shell_Omega=    199.7883 meV
     lambda___( tot )=       0.000000
     lambda_tr( tot )=       0.000000
     -------------------------------------------------------------------


     Number of (k,k+q) pairs on the Fermi surface:      303 out of      324


     ismear =     1 iq =       5 coord.:   0.00000  0.22222  0.00000 wt:   0.00309 Temp:  300.000K
     -------------------------------------------------------------------
     lambda___(   1 )=       0.000000   gamma___=       0.000000 meV  omega=     15.0400 meV   on_shell_Omega=     15.0557 meV  off_shell_Omega=     15.0557 meV
     lambda_tr(   1 )=      -0.000000   gamma_tr=      -0.000000 meV  omega=     15.0400 meV   on_shell_Omega=     15.0557 meV  off_shell_Omega=     15.0557 meV
     lambda___(   2 )=       0.000000   gamma___=       0.000000 meV  omega=     53.3822 meV   on_shell_Omega=     53.3738 meV  off_shell_Omega=     53.3738 meV
     lambda_tr(   2 )=      -0.000000   gamma_tr=      -0.000000 meV  omega=     53.3822 meV   on_shell_Omega=     53.3738 meV  off_shell_Omega=     53.3738 meV
     lambda___(   3 )=       0.000000   gamma___=       0.000000 meV  omega=     88.5085 meV   on_shell_Omega=     88.5357 meV  off_shell_Omega=     88.5357 meV
     lambda_tr(   3 )=      -0.000000   gamma_tr=      -0.000000 meV  omega=     88.5085 meV   on_shell_Omega=     88.5357 meV  off_shell_Omega=     88.5357 meV
     lambda___(   4 )=       0.000000   gamma___=       0.000000 meV  omega=    103.3964 meV   on_shell_Omega=    103.4018 meV  off_shell_Omega=    103.4018 meV
     lambda_tr(   4 )=      -0.000000   gamma_tr=      -0.000000 meV  omega=    103.3964 meV   on_shell_Omega=    103.4018 meV  off_shell_Omega=    103.4018 meV
     lambda___(   5 )=       0.000000   gamma___=       0.000000 meV  omega=    184.4981 meV   on_shell_Omega=    184.6878 meV  off_shell_Omega=    184.5882 meV
     lambda_tr(   5 )=      -0.000000   gamma_tr=      -0.000000 meV  omega=    184.4981 meV   on_shell_Omega=    184.6878 meV  off_shell_Omega=    184.5882 meV
     lambda___(   6 )=       0.000000   gamma___=       0.000000 meV  omega=    198.9286 meV   on_shell_Omega=    199.1404 meV  off_shell_Omega=    199.0257 meV
     lambda_tr(   6 )=      -0.000000   gamma_tr=      -0.000000 meV  omega=    198.9286 meV   on_shell_Omega=    199.1404 meV  off_shell_Omega=    199.0257 meV
     lambda___( tot )=       0.000000
     lambda_tr( tot )=      -0.000000
     -------------------------------------------------------------------


     Number of (k,k+q) pairs on the Fermi surface:      303 out of      324


     ismear =     1 iq =       6 coord.:   0.00000  0.27778  0.00000 wt:   0.00309 Temp:  300.000K
     -------------------------------------------------------------------
     lambda___(   1 )=       0.000000   gamma___=       0.000000 meV  omega=     23.4135 meV   on_shell_Omega=     23.4229 meV  off_shell_Omega=     23.4229 meV
     lambda_tr(   1 )=      -0.000000   gamma_tr=      -0.000000 meV  omega=     23.4135 meV   on_shell_Omega=     23.4229 meV  off_shell_Omega=     23.4229 meV
     lambda___(   2 )=       0.000000   gamma___=       0.000000 meV  omega=     62.4291 meV   on_shell_Omega=     62.4318 meV  off_shell_Omega=     62.4318 meV
     lambda_tr(   2 )=      -0.000000   gamma_tr=      -0.000000 meV  omega=     62.4291 meV   on_shell_Omega=     62.4318 meV  off_shell_Omega=     62.4318 meV
     lambda___(   3 )=       0.000000   gamma___=       0.000000 meV  omega=     99.9218 meV   on_shell_Omega=     99.9319 meV  off_shell_Omega=     99.9319 meV
     lambda_tr(   3 )=      -0.000000   gamma_tr=      -0.000000 meV  omega=     99.9218 meV   on_shell_Omega=     99.9319 meV  off_shell_Omega=     99.9319 meV
     lambda___(   4 )=       0.000000   gamma___=       0.000000 meV  omega=    107.5297 meV   on_shell_Omega=    107.5485 meV  off_shell_Omega=    107.5485 meV
     lambda_tr(   4 )=      -0.000000   gamma_tr=      -0.000000 meV  omega=    107.5297 meV   on_shell_Omega=    107.5485 meV  off_shell_Omega=    107.5485 meV
     lambda___(   5 )=       0.000000   gamma___=       0.000000 meV  omega=    180.8877 meV   on_shell_Omega=    181.0597 meV  off_shell_Omega=    180.9760 meV
     lambda_tr(   5 )=      -0.000000   gamma_tr=      -0.000000 meV  omega=    180.8877 meV   on_shell_Omega=    181.0597 meV  off_shell_Omega=    180.9760 meV
     lambda___(   6 )=       0.000000   gamma___=       0.000000 meV  omega=    196.0425 meV   on_shell_Omega=    196.1528 meV  off_shell_Omega=    196.1528 meV
     lambda_tr(   6 )=      -0.000000   gamma_tr=      -0.000000 meV  omega=    196.0425 meV   on_shell_Omega=    196.1528 meV  off_shell_Omega=    196.1528 meV
     lambda___( tot )=       0.000000
     lambda_tr( tot )=      -0.000000
     -------------------------------------------------------------------


     Number of (k,k+q) pairs on the Fermi surface:      302 out of      324


     ismear =     1 iq =       7 coord.:   0.00000  0.33333  0.00000 wt:   0.00309 Temp:  300.000K
     -------------------------------------------------------------------
     lambda___(   1 )=      -0.000000   gamma___=      -0.000000 meV  omega=     33.1569 meV   on_shell_Omega=     33.1430 meV  off_shell_Omega=     33.1430 meV
     lambda_tr(   1 )=       0.000000   gamma_tr=       0.000000 meV  omega=     33.1569 meV   on_shell_Omega=     33.1430 meV  off_shell_Omega=     33.1430 meV
     lambda___(   2 )=       0.000000   gamma___=       0.000000 meV  omega=     68.9140 meV   on_shell_Omega=     68.9154 meV  off_shell_Omega=     68.9154 meV
     lambda_tr(   2 )=       0.000000   gamma_tr=       0.000000 meV  omega=     68.9140 meV   on_shell_Omega=     68.9154 meV  off_shell_Omega=     68.9154 meV
     lambda___(   3 )=       0.000000   gamma___=       0.000000 meV  omega=     95.1326 meV   on_shell_Omega=     95.1436 meV  off_shell_Omega=     95.1436 meV
     lambda_tr(   3 )=       0.000000   gamma_tr=       0.000000 meV  omega=     95.1326 meV   on_shell_Omega=     95.1436 meV  off_shell_Omega=     95.1436 meV
     lambda___(   4 )=       0.000000   gamma___=       0.000000 meV  omega=    124.9307 meV   on_shell_Omega=    124.9550 meV  off_shell_Omega=    124.9550 meV
     lambda_tr(   4 )=       0.000000   gamma_tr=       0.000000 meV  omega=    124.9307 meV   on_shell_Omega=    124.9550 meV  off_shell_Omega=    124.9550 meV
     lambda___(   5 )=       0.000000   gamma___=       0.000000 meV  omega=    178.1962 meV   on_shell_Omega=    178.3526 meV  off_shell_Omega=    178.2832 meV
     lambda_tr(   5 )=       0.000000   gamma_tr=       0.000000 meV  omega=    178.1962 meV   on_shell_Omega=    178.3526 meV  off_shell_Omega=    178.2832 meV
     lambda___(   6 )=       0.000000   gamma___=       0.000000 meV  omega=    191.2648 meV   on_shell_Omega=    191.3716 meV  off_shell_Omega=    191.3716 meV
     lambda_tr(   6 )=       0.000000   gamma_tr=       0.000000 meV  omega=    191.2648 meV   on_shell_Omega=    191.3716 meV  off_shell_Omega=    191.3716 meV
     lambda___( tot )=       0.000000
     lambda_tr( tot )=       0.000000
     -------------------------------------------------------------------


     Number of (k,k+q) pairs on the Fermi surface:      302 out of      324


     ismear =     1 iq =       8 coord.:   0.00000  0.38889  0.00000 wt:   0.00309 Temp:  300.000K
     -------------------------------------------------------------------
     lambda___(   1 )=       0.000000   gamma___=       0.000000 meV  omega=     43.5387 meV   on_shell_Omega=     43.5629 meV  off_shell_Omega=     43.5629 meV
     lambda_tr(   1 )=       0.000000   gamma_tr=       0.000000 meV  omega=     43.5387 meV   on_shell_Omega=     43.5629 meV  off_shell_Omega=     43.5629 meV
     lambda___(   2 )=       0.000000   gamma___=       0.000000 meV  omega=     73.5256 meV   on_shell_Omega=     73.5232 meV  off_shell_Omega=     73.5232 meV
     lambda_tr(   2 )=       0.000000   gamma_tr=       0.000000 meV  omega=     73.5256 meV   on_shell_Omega=     73.5232 meV  off_shell_Omega=     73.5232 meV
     lambda___(   3 )=       0.000000   gamma___=       0.000000 meV  omega=     88.9760 meV   on_shell_Omega=     88.9772 meV  off_shell_Omega=     88.9772 meV
     lambda_tr(   3 )=       0.000000   gamma_tr=       0.000000 meV  omega=     88.9760 meV   on_shell_Omega=     88.9772 meV  off_shell_Omega=     88.9772 meV
     lambda___(   4 )=       0.000000   gamma___=       0.000000 meV  omega=    140.6629 meV   on_shell_Omega=    140.6857 meV  off_shell_Omega=    140.6857 meV
     lambda_tr(   4 )=       0.000000   gamma_tr=       0.000000 meV  omega=    140.6629 meV   on_shell_Omega=    140.6857 meV  off_shell_Omega=    140.6857 meV
     lambda___(   5 )=       0.000000   gamma___=       0.000000 meV  omega=    176.1208 meV   on_shell_Omega=    176.2559 meV  off_shell_Omega=    176.2559 meV
     lambda_tr(   5 )=       0.000000   gamma_tr=       0.000000 meV  omega=    176.1208 meV   on_shell_Omega=    176.2559 meV  off_shell_Omega=    176.2559 meV
     lambda___(   6 )=       0.000000   gamma___=       0.000000 meV  omega=    184.7820 meV   on_shell_Omega=    184.8343 meV  off_shell_Omega=    184.8343 meV
     lambda_tr(   6 )=       0.000000   gamma_tr=       0.000000 meV  omega=    184.7820 meV   on_shell_Omega=    184.8343 meV  off_shell_Omega=    184.8343 meV
     lambda___( tot )=       0.000000
     lambda_tr( tot )=       0.000000
     -------------------------------------------------------------------


     Number of (k,k+q) pairs on the Fermi surface:      302 out of      324


     ismear =     1 iq =       9 coord.:   0.00000  0.44444  0.00000 wt:   0.00309 Temp:  300.000K
     -------------------------------------------------------------------
     lambda___(   1 )=       0.000000   gamma___=       0.000000 meV  omega=     53.1565 meV   on_shell_Omega=     53.2057 meV  off_shell_Omega=     53.2057 meV
     lambda_tr(   1 )=       0.000000   gamma_tr=       0.000000 meV  omega=     53.1565 meV   on_shell_Omega=     53.2057 meV  off_shell_Omega=     53.2057 meV
     lambda___(   2 )=       0.000000   gamma___=       0.000000 meV  omega=     76.5797 meV   on_shell_Omega=     76.5795 meV  off_shell_Omega=     76.5795 meV
     lambda_tr(   2 )=       0.000000   gamma_tr=       0.000000 meV  omega=     76.5797 meV   on_shell_Omega=     76.5795 meV  off_shell_Omega=     76.5795 meV
     lambda___(   3 )=       0.000000   gamma___=       0.000000 meV  omega=     82.1575 meV   on_shell_Omega=     82.1690 meV  off_shell_Omega=     82.1690 meV
     lambda_tr(   3 )=       0.000000   gamma_tr=       0.000000 meV  omega=     82.1575 meV   on_shell_Omega=     82.1690 meV  off_shell_Omega=     82.1690 meV
     lambda___(   4 )=       0.000000   gamma___=       0.000000 meV  omega=    154.5259 meV   on_shell_Omega=    154.5433 meV  off_shell_Omega=    154.5433 meV
     lambda_tr(   4 )=       0.000000   gamma_tr=       0.000000 meV  omega=    154.5259 meV   on_shell_Omega=    154.5433 meV  off_shell_Omega=    154.5433 meV
     lambda___(   5 )=       0.000000   gamma___=       0.000000 meV  omega=    174.4755 meV   on_shell_Omega=    174.5652 meV  off_shell_Omega=    174.5652 meV
     lambda_tr(   5 )=       0.000000   gamma_tr=       0.000000 meV  omega=    174.4755 meV   on_shell_Omega=    174.5652 meV  off_shell_Omega=    174.5652 meV
     lambda___(   6 )=       0.000000   gamma___=       0.000000 meV  omega=    176.5570 meV   on_shell_Omega=    176.5888 meV  off_shell_Omega=    176.5888 meV
     lambda_tr(   6 )=       0.000000   gamma_tr=       0.000000 meV  omega=    176.5570 meV   on_shell_Omega=    176.5888 meV  off_shell_Omega=    176.5888 meV
     lambda___( tot )=       0.000000
     lambda_tr( tot )=       0.000000
     -------------------------------------------------------------------


     Number of (k,k+q) pairs on the Fermi surface:      302 out of      324


     ismear =     1 iq =      10 coord.:   0.00000  0.50000  0.00000 wt:   0.00309 Temp:  300.000K
     -------------------------------------------------------------------
     lambda___(   1 )=       0.000000   gamma___=       0.000000 meV  omega=     58.0812 meV   on_shell_Omega=     58.1468 meV  off_shell_Omega=     58.1468 meV
     lambda_tr(   1 )=      -0.000000   gamma_tr=      -0.000000 meV  omega=     58.0812 meV   on_shell_Omega=     58.1468 meV  off_shell_Omega=     58.1468 meV
     lambda___(   2 )=       0.000000   gamma___=       0.000000 meV  omega=     77.7020 meV   on_shell_Omega=     77.7022 meV  off_shell_Omega=     77.7022 meV
     lambda_tr(   2 )=      -0.000000   gamma_tr=      -0.000000 meV  omega=     77.7020 meV   on_shell_Omega=     77.7022 meV  off_shell_Omega=     77.7022 meV
     lambda___(   3 )=       0.000000   gamma___=       0.000000 meV  omega=     78.2051 meV   on_shell_Omega=     78.2472 meV  off_shell_Omega=     78.2472 meV
     lambda_tr(   3 )=      -0.000000   gamma_tr=      -0.000000 meV  omega=     78.2051 meV   on_shell_Omega=     78.2472 meV  off_shell_Omega=     78.2472 meV
     lambda___(   4 )=       0.000000   gamma___=       0.000000 meV  omega=    165.6754 meV   on_shell_Omega=    165.6328 meV  off_shell_Omega=    165.6328 meV
     lambda_tr(   4 )=       0.000000   gamma_tr=       0.000000 meV  omega=    165.6754 meV   on_shell_Omega=    165.6328 meV  off_shell_Omega=    165.6328 meV
     lambda___(   5 )=       0.000000   gamma___=       0.000000 meV  omega=    167.2891 meV   on_shell_Omega=    167.3710 meV  off_shell_Omega=    167.3710 meV
     lambda_tr(   5 )=       0.000000   gamma_tr=       0.000000 meV  omega=    167.2891 meV   on_shell_Omega=    167.3710 meV  off_shell_Omega=    167.3710 meV
     lambda___(   6 )=       0.000000   gamma___=       0.000000 meV  omega=    173.7883 meV   on_shell_Omega=    173.8394 meV  off_shell_Omega=    173.8394 meV
     lambda_tr(   6 )=       0.000000   gamma_tr=       0.000000 meV  omega=    173.7883 meV   on_shell_Omega=    173.8394 meV  off_shell_Omega=    173.8394 meV
     lambda___( tot )=       0.000000
     lambda_tr( tot )=       0.000000
     -------------------------------------------------------------------


     Number of (k,k+q) pairs on the Fermi surface:      302 out of      324


     ismear =     1 iq =      11 coord.:   0.00000  0.55556  0.00000 wt:   0.00309 Temp:  300.000K
     -------------------------------------------------------------------
     lambda___(   1 )=       0.000000   gamma___=       0.000000 meV  omega=     53.1565 meV   on_shell_Omega=     53.1982 meV  off_shell_Omega=     53.1982 meV
     lambda_tr(   1 )=       0.000000   gamma_tr=       0.000000 meV  omega=     53.1565 meV   on_shell_Omega=     53.1982 meV  off_shell_Omega=     53.1982 meV
     lambda___(   2 )=       0.000000   gamma___=       0.000000 meV  omega=     76.5797 meV   on_shell_Omega=     76.5804 meV  off_shell_Omega=     76.5804 meV
     lambda_tr(   2 )=       0.000000   gamma_tr=       0.000000 meV  omega=     76.5797 meV   on_shell_Omega=     76.5804 meV  off_shell_Omega=     76.5804 meV
     lambda___(   3 )=       0.000000   gamma___=       0.000000 meV  omega=     82.1575 meV   on_shell_Omega=     82.1579 meV  off_shell_Omega=     82.1579 meV
     lambda_tr(   3 )=       0.000000   gamma_tr=       0.000000 meV  omega=     82.1575 meV   on_shell_Omega=     82.1579 meV  off_shell_Omega=     82.1579 meV
     lambda___(   4 )=       0.000000   gamma___=       0.000000 meV  omega=    154.5259 meV   on_shell_Omega=    154.5345 meV  off_shell_Omega=    154.5345 meV
     lambda_tr(   4 )=       0.000000   gamma_tr=       0.000000 meV  omega=    154.5259 meV   on_shell_Omega=    154.5345 meV  off_shell_Omega=    154.5345 meV
     lambda___(   5 )=       0.000000   gamma___=       0.000000 meV  omega=    174.4755 meV   on_shell_Omega=    174.5474 meV  off_shell_Omega=    174.5474 meV
     lambda_tr(   5 )=       0.000000   gamma_tr=       0.000000 meV  omega=    174.4755 meV   on_shell_Omega=    174.5474 meV  off_shell_Omega=    174.5474 meV
     lambda___(   6 )=       0.000000   gamma___=       0.000000 meV  omega=    176.5570 meV   on_shell_Omega=    176.5926 meV  off_shell_Omega=    176.5926 meV
     lambda_tr(   6 )=       0.000000   gamma_tr=       0.000000 meV  omega=    176.5570 meV   on_shell_Omega=    176.5926 meV  off_shell_Omega=    176.5926 meV
     lambda___( tot )=       0.000000
     lambda_tr( tot )=       0.000000
     -------------------------------------------------------------------


     Number of (k,k+q) pairs on the Fermi surface:      302 out of      324


     ismear =     1 iq =      12 coord.:   0.00000  0.61111  0.00000 wt:   0.00309 Temp:  300.000K
     -------------------------------------------------------------------
     lambda___(   1 )=       0.000000   gamma___=       0.000000 meV  omega=     43.5387 meV   on_shell_Omega=     43.5299 meV  off_shell_Omega=     43.5299 meV
     lambda_tr(   1 )=       0.000000   gamma_tr=       0.000000 meV  omega=     43.5387 meV   on_shell_Omega=     43.5299 meV  off_shell_Omega=     43.5299 meV
     lambda___(   2 )=       0.000000   gamma___=       0.000000 meV  omega=     73.5256 meV   on_shell_Omega=     73.5268 meV  off_shell_Omega=     73.5268 meV
     lambda_tr(   2 )=       0.000000   gamma_tr=       0.000000 meV  omega=     73.5256 meV   on_shell_Omega=     73.5268 meV  off_shell_Omega=     73.5268 meV
     lambda___(   3 )=       0.000000   gamma___=       0.000000 meV  omega=     88.9760 meV   on_shell_Omega=     88.9872 meV  off_shell_Omega=     88.9872 meV
     lambda_tr(   3 )=       0.000000   gamma_tr=       0.000000 meV  omega=     88.9760 meV   on_shell_Omega=     88.9872 meV  off_shell_Omega=     88.9872 meV
     lambda___(   4 )=       0.000000   gamma___=       0.000000 meV  omega=    140.6629 meV   on_shell_Omega=    140.6838 meV  off_shell_Omega=    140.6838 meV
     lambda_tr(   4 )=       0.000000   gamma_tr=       0.000000 meV  omega=    140.6629 meV   on_shell_Omega=    140.6838 meV  off_shell_Omega=    140.6838 meV
     lambda___(   5 )=       0.000000   gamma___=       0.000000 meV  omega=    176.1208 meV   on_shell_Omega=    176.2576 meV  off_shell_Omega=    176.2068 meV
     lambda_tr(   5 )=       0.000000   gamma_tr=       0.000000 meV  omega=    176.1208 meV   on_shell_Omega=    176.2576 meV  off_shell_Omega=    176.2068 meV
     lambda___(   6 )=       0.000000   gamma___=       0.000000 meV  omega=    184.7820 meV   on_shell_Omega=    184.8507 meV  off_shell_Omega=    184.8507 meV
     lambda_tr(   6 )=       0.000000   gamma_tr=       0.000000 meV  omega=    184.7820 meV   on_shell_Omega=    184.8507 meV  off_shell_Omega=    184.8507 meV
     lambda___( tot )=       0.000000
     lambda_tr( tot )=       0.000000
     -------------------------------------------------------------------


     Number of (k,k+q) pairs on the Fermi surface:      302 out of      324


     ismear =     1 iq =      13 coord.:   0.00000  0.66667  0.00000 wt:   0.00309 Temp:  300.000K
     -------------------------------------------------------------------
     lambda___(   1 )=       0.000000   gamma___=       0.000000 meV  omega=     33.1569 meV   on_shell_Omega=     33.1445 meV  off_shell_Omega=     33.1445 meV
     lambda_tr(   1 )=       0.000000   gamma_tr=       0.000000 meV  omega=     33.1569 meV   on_shell_Omega=     33.1445 meV  off_shell_Omega=     33.1445 meV
     lambda___(   2 )=       0.000000   gamma___=       0.000000 meV  omega=     68.9140 meV   on_shell_Omega=     68.9160 meV  off_shell_Omega=     68.9160 meV
     lambda_tr(   2 )=       0.000000   gamma_tr=       0.000000 meV  omega=     68.9140 meV   on_shell_Omega=     68.9160 meV  off_shell_Omega=     68.9160 meV
     lambda___(   3 )=       0.000000   gamma___=       0.000000 meV  omega=     95.1326 meV   on_shell_Omega=     95.1523 meV  off_shell_Omega=     95.1523 meV
     lambda_tr(   3 )=       0.000000   gamma_tr=       0.000000 meV  omega=     95.1326 meV   on_shell_Omega=     95.1523 meV  off_shell_Omega=     95.1523 meV
     lambda___(   4 )=       0.000000   gamma___=       0.000000 meV  omega=    124.9307 meV   on_shell_Omega=    124.9545 meV  off_shell_Omega=    124.9545 meV
     lambda_tr(   4 )=       0.000000   gamma_tr=       0.000000 meV  omega=    124.9307 meV   on_shell_Omega=    124.9545 meV  off_shell_Omega=    124.9545 meV
     lambda___(   5 )=       0.000000   gamma___=       0.000000 meV  omega=    178.1962 meV   on_shell_Omega=    178.3613 meV  off_shell_Omega=    178.2832 meV
     lambda_tr(   5 )=       0.000000   gamma_tr=       0.000000 meV  omega=    178.1962 meV   on_shell_Omega=    178.3613 meV  off_shell_Omega=    178.2832 meV
     lambda___(   6 )=       0.000000   gamma___=       0.000000 meV  omega=    191.2648 meV   on_shell_Omega=    191.3699 meV  off_shell_Omega=    191.3699 meV
     lambda_tr(   6 )=       0.000000   gamma_tr=       0.000000 meV  omega=    191.2648 meV   on_shell_Omega=    191.3699 meV  off_shell_Omega=    191.3699 meV
     lambda___( tot )=       0.000000
     lambda_tr( tot )=       0.000000
     -------------------------------------------------------------------


     Number of (k,k+q) pairs on the Fermi surface:      302 out of      324


     ismear =     1 iq =      14 coord.:   0.00000  0.72222  0.00000 wt:   0.00309 Temp:  300.000K
     -------------------------------------------------------------------
     lambda___(   1 )=      -0.000000   gamma___=      -0.000000 meV  omega=     23.4135 meV   on_shell_Omega=     23.4372 meV  off_shell_Omega=     23.4372 meV
     lambda_tr(   1 )=      -0.000000   gamma_tr=      -0.000000 meV  omega=     23.4135 meV   on_shell_Omega=     23.4372 meV  off_shell_Omega=     23.4372 meV
     lambda___(   2 )=       0.000000   gamma___=       0.000000 meV  omega=     62.4291 meV   on_shell_Omega=     62.4313 meV  off_shell_Omega=     62.4313 meV
     lambda_tr(   2 )=       0.000000   gamma_tr=       0.000000 meV  omega=     62.4291 meV   on_shell_Omega=     62.4313 meV  off_shell_Omega=     62.4313 meV
     lambda___(   3 )=       0.000000   gamma___=       0.000000 meV  omega=     99.9218 meV   on_shell_Omega=     99.9340 meV  off_shell_Omega=     99.9340 meV
     lambda_tr(   3 )=       0.000000   gamma_tr=       0.000000 meV  omega=     99.9218 meV   on_shell_Omega=     99.9340 meV  off_shell_Omega=     99.9340 meV
     lambda___(   4 )=       0.000000   gamma___=       0.000000 meV  omega=    107.5297 meV   on_shell_Omega=    107.5507 meV  off_shell_Omega=    107.5507 meV
     lambda_tr(   4 )=       0.000000   gamma_tr=       0.000000 meV  omega=    107.5297 meV   on_shell_Omega=    107.5507 meV  off_shell_Omega=    107.5507 meV
     lambda___(   5 )=       0.000000   gamma___=       0.000000 meV  omega=    180.8877 meV   on_shell_Omega=    181.1033 meV  off_shell_Omega=    180.9760 meV
     lambda_tr(   5 )=       0.000000   gamma_tr=       0.000000 meV  omega=    180.8877 meV   on_shell_Omega=    181.1033 meV  off_shell_Omega=    180.9760 meV
     lambda___(   6 )=       0.000000   gamma___=       0.000000 meV  omega=    196.0425 meV   on_shell_Omega=    196.1847 meV  off_shell_Omega=    196.1382 meV
     lambda_tr(   6 )=       0.000000   gamma_tr=       0.000000 meV  omega=    196.0425 meV   on_shell_Omega=    196.1847 meV  off_shell_Omega=    196.1382 meV
     lambda___( tot )=      -0.000000
     lambda_tr( tot )=      -0.000000
     -------------------------------------------------------------------


     Number of (k,k+q) pairs on the Fermi surface:      302 out of      324


     ismear =     1 iq =      15 coord.:   0.00000  0.77778  0.00000 wt:   0.00309 Temp:  300.000K
     -------------------------------------------------------------------
     lambda___(   1 )=       0.000000   gamma___=       0.000000 meV  omega=     15.0400 meV   on_shell_Omega=     15.0699 meV  off_shell_Omega=     15.0699 meV
     lambda_tr(   1 )=       0.000000   gamma_tr=       0.000000 meV  omega=     15.0400 meV   on_shell_Omega=     15.0699 meV  off_shell_Omega=     15.0699 meV
     lambda___(   2 )=       0.000000   gamma___=       0.000000 meV  omega=     53.3822 meV   on_shell_Omega=     53.3765 meV  off_shell_Omega=     53.3765 meV
     lambda_tr(   2 )=       0.000000   gamma_tr=       0.000000 meV  omega=     53.3822 meV   on_shell_Omega=     53.3765 meV  off_shell_Omega=     53.3765 meV
     lambda___(   3 )=       0.000000   gamma___=       0.000000 meV  omega=     88.5085 meV   on_shell_Omega=     88.5366 meV  off_shell_Omega=     88.5366 meV
     lambda_tr(   3 )=       0.000000   gamma_tr=       0.000000 meV  omega=     88.5085 meV   on_shell_Omega=     88.5366 meV  off_shell_Omega=     88.5366 meV
     lambda___(   4 )=       0.000000   gamma___=       0.000000 meV  omega=    103.3964 meV   on_shell_Omega=    103.4029 meV  off_shell_Omega=    103.4029 meV
     lambda_tr(   4 )=       0.000000   gamma_tr=       0.000000 meV  omega=    103.3964 meV   on_shell_Omega=    103.4029 meV  off_shell_Omega=    103.4029 meV
     lambda___(   5 )=       0.000000   gamma___=       0.000000 meV  omega=    184.4981 meV   on_shell_Omega=    184.7336 meV  off_shell_Omega=    184.8134 meV
     lambda_tr(   5 )=       0.000000   gamma_tr=       0.000000 meV  omega=    184.4981 meV   on_shell_Omega=    184.7336 meV  off_shell_Omega=    184.8134 meV
     lambda___(   6 )=       0.000000   gamma___=       0.000000 meV  omega=    198.9286 meV   on_shell_Omega=    199.1627 meV  off_shell_Omega=    199.2686 meV
     lambda_tr(   6 )=       0.000000   gamma_tr=       0.000000 meV  omega=    198.9286 meV   on_shell_Omega=    199.1627 meV  off_shell_Omega=    199.2686 meV
     lambda___( tot )=       0.000000
     lambda_tr( tot )=       0.000000
     -------------------------------------------------------------------


     Number of (k,k+q) pairs on the Fermi surface:      303 out of      324


     ismear =     1 iq =      16 coord.:   0.00000  0.83333  0.00000 wt:   0.00309 Temp:  300.000K
     -------------------------------------------------------------------
     lambda___(   1 )=       0.000000   gamma___=       0.000000 meV  omega=      8.3280 meV   on_shell_Omega=      8.3393 meV  off_shell_Omega=      8.3393 meV
     lambda_tr(   1 )=       0.000000   gamma_tr=       0.000000 meV  omega=      8.3280 meV   on_shell_Omega=      8.3393 meV  off_shell_Omega=      8.3393 meV
     lambda___(   2 )=       0.000000   gamma___=       0.000000 meV  omega=     41.7169 meV   on_shell_Omega=     41.7118 meV  off_shell_Omega=     41.7118 meV
     lambda_tr(   2 )=       0.000000   gamma_tr=       0.000000 meV  omega=     41.7169 meV   on_shell_Omega=     41.7118 meV  off_shell_Omega=     41.7118 meV
     lambda___(   3 )=       0.000000   gamma___=       0.000000 meV  omega=     67.8271 meV   on_shell_Omega=     67.8631 meV  off_shell_Omega=     67.8631 meV
     lambda_tr(   3 )=       0.000000   gamma_tr=       0.000000 meV  omega=     67.8271 meV   on_shell_Omega=     67.8631 meV  off_shell_Omega=     67.8631 meV
     lambda___(   4 )=       0.000000   gamma___=       0.000000 meV  omega=    105.8192 meV   on_shell_Omega=    105.8204 meV  off_shell_Omega=    105.8204 meV
     lambda_tr(   4 )=       0.000000   gamma_tr=       0.000000 meV  omega=    105.8192 meV   on_shell_Omega=    105.8204 meV  off_shell_Omega=    105.8204 meV
     lambda___(   5 )=       0.000000   gamma___=       0.000000 meV  omega=    188.4072 meV   on_shell_Omega=    188.6566 meV  off_shell_Omega=    188.7292 meV
     lambda_tr(   5 )=       0.000000   gamma_tr=       0.000000 meV  omega=    188.4072 meV   on_shell_Omega=    188.6566 meV  off_shell_Omega=    188.7292 meV
     lambda___(   6 )=       0.000000   gamma___=       0.000000 meV  omega=    199.4475 meV   on_shell_Omega=    199.8493 meV  off_shell_Omega=    199.7883 meV
     lambda_tr(   6 )=       0.000000   gamma_tr=       0.000000 meV  omega=    199.4475 meV   on_shell_Omega=    199.8493 meV  off_shell_Omega=    199.7883 meV
     lambda___( tot )=       0.000000
     lambda_tr( tot )=       0.000000
     -------------------------------------------------------------------


     Number of (k,k+q) pairs on the Fermi surface:      303 out of      324


     ismear =     1 iq =      17 coord.:   0.00000  0.88889  0.00000 wt:   0.00309 Temp:  300.000K
     -------------------------------------------------------------------
     lambda___(   1 )=       0.000000   gamma___=       0.000000 meV  omega=      3.2969 meV   on_shell_Omega=      3.4257 meV  off_shell_Omega=      3.4257 meV
     lambda_tr(   1 )=       0.000000   gamma_tr=       0.000000 meV  omega=      3.2969 meV   on_shell_Omega=      3.4257 meV  off_shell_Omega=      3.4257 meV
     lambda___(   2 )=       0.000000   gamma___=       0.000000 meV  omega=     28.2640 meV   on_shell_Omega=     28.2528 meV  off_shell_Omega=     28.2528 meV
     lambda_tr(   2 )=       0.000000   gamma_tr=       0.000000 meV  omega=     28.2640 meV   on_shell_Omega=     28.2528 meV  off_shell_Omega=     28.2528 meV
     lambda___(   3 )=       0.000000   gamma___=       0.000000 meV  omega=     45.7486 meV   on_shell_Omega=     45.7744 meV  off_shell_Omega=     45.7744 meV
     lambda_tr(   3 )=       0.000000   gamma_tr=       0.000000 meV  omega=     45.7486 meV   on_shell_Omega=     45.7744 meV  off_shell_Omega=     45.7744 meV
     lambda___(   4 )=       0.000000   gamma___=       0.000000 meV  omega=    107.4151 meV   on_shell_Omega=    107.4205 meV  off_shell_Omega=    107.4205 meV
     lambda_tr(   4 )=       0.000000   gamma_tr=       0.000000 meV  omega=    107.4151 meV   on_shell_Omega=    107.4205 meV  off_shell_Omega=    107.4205 meV
     lambda___(   5 )=       0.000000   gamma___=       0.000000 meV  omega=    191.4174 meV   on_shell_Omega=    191.7415 meV  off_shell_Omega=    191.7446 meV
     lambda_tr(   5 )=       0.000000   gamma_tr=       0.000000 meV  omega=    191.4174 meV   on_shell_Omega=    191.7415 meV  off_shell_Omega=    191.7446 meV
     lambda___(   6 )=       0.000000   gamma___=       0.000000 meV  omega=    197.5784 meV   on_shell_Omega=    198.1748 meV  off_shell_Omega=    198.1573 meV
     lambda_tr(   6 )=       0.000000   gamma_tr=       0.000000 meV  omega=    197.5784 meV   on_shell_Omega=    198.1748 meV  off_shell_Omega=    198.1573 meV
     lambda___( tot )=       0.000000
     lambda_tr( tot )=       0.000000
     -------------------------------------------------------------------


     Number of (k,k+q) pairs on the Fermi surface:      303 out of      324


     ismear =     1 iq =      18 coord.:   0.00000  0.94444  0.00000 wt:   0.00309 Temp:  300.000K
     -------------------------------------------------------------------
     lambda___(   1 )=       0.000000   gamma___=       0.000000 meV  omega=     -0.7872 meV   on_shell_Omega=      0.7872 meV  off_shell_Omega=     -1.3777 meV
     lambda_tr(   1 )=       0.000000   gamma_tr=       0.000000 meV  omega=     -0.7872 meV   on_shell_Omega=      0.7872 meV  off_shell_Omega=     -1.3777 meV
     lambda___(   2 )=       0.000000   gamma___=       0.000000 meV  omega=     14.1340 meV   on_shell_Omega=     14.0961 meV  off_shell_Omega=     14.0961 meV
     lambda_tr(   2 )=       0.000000   gamma_tr=       0.000000 meV  omega=     14.1340 meV   on_shell_Omega=     14.0961 meV  off_shell_Omega=     14.0961 meV
     lambda___(   3 )=       0.000000   gamma___=       0.000000 meV  omega=     22.9414 meV   on_shell_Omega=     22.9340 meV  off_shell_Omega=     22.9340 meV
     lambda_tr(   3 )=       0.000000   gamma_tr=       0.000000 meV  omega=     22.9414 meV   on_shell_Omega=     22.9340 meV  off_shell_Omega=     22.9340 meV
     lambda___(   4 )=       0.000000   gamma___=       0.000000 meV  omega=    108.3175 meV   on_shell_Omega=    108.3219 meV  off_shell_Omega=    108.3219 meV
     lambda_tr(   4 )=       0.000000   gamma_tr=       0.000000 meV  omega=    108.3175 meV   on_shell_Omega=    108.3219 meV  off_shell_Omega=    108.3219 meV
     lambda___(   5 )=       0.000000   gamma___=       0.000000 meV  omega=    192.9565 meV   on_shell_Omega=    193.2107 meV  off_shell_Omega=    193.2863 meV
     lambda_tr(   5 )=       0.000000   gamma_tr=       0.000000 meV  omega=    192.9565 meV   on_shell_Omega=    193.2107 meV  off_shell_Omega=    193.2863 meV
     lambda___(   6 )=       0.000000   gamma___=       0.000000 meV  omega=    194.7361 meV   on_shell_Omega=    195.4380 meV  off_shell_Omega=    195.3067 meV
     lambda_tr(   6 )=       0.000000   gamma_tr=       0.000000 meV  omega=    194.7361 meV   on_shell_Omega=    195.4380 meV  off_shell_Omega=    195.3067 meV
     lambda___( tot )=       0.000000
     lambda_tr( tot )=       0.000000
     -------------------------------------------------------------------


     Number of (k,k+q) pairs on the Fermi surface:      304 out of      324


     ismear =     1 iq =      19 coord.:   0.05556  0.00000  0.00000 wt:   0.00309 Temp:  300.000K
     -------------------------------------------------------------------
     lambda___(   1 )=      -0.000000   gamma___=      -0.000000 meV  omega=      0.9780 meV   on_shell_Omega=      1.3115 meV  off_shell_Omega=      1.4058 meV
     lambda_tr(   1 )=      -0.000000   gamma_tr=      -0.000000 meV  omega=      0.9780 meV   on_shell_Omega=      1.3115 meV  off_shell_Omega=      1.4058 meV
     lambda___(   2 )=       0.000000   gamma___=       0.000000 meV  omega=     15.0453 meV   on_shell_Omega=     14.9928 meV  off_shell_Omega=     14.9928 meV
     lambda_tr(   2 )=       0.000000   gamma_tr=       0.000000 meV  omega=     15.0453 meV   on_shell_Omega=     14.9928 meV  off_shell_Omega=     14.9928 meV
     lambda___(   3 )=       0.000000   gamma___=       0.000000 meV  omega=     23.6129 meV   on_shell_Omega=     23.5883 meV  off_shell_Omega=     23.5883 meV
     lambda_tr(   3 )=       0.000000   gamma_tr=       0.000000 meV  omega=     23.6129 meV   on_shell_Omega=     23.5883 meV  off_shell_Omega=     23.5883 meV
     lambda___(   4 )=       0.000000   gamma___=       0.000000 meV  omega=    108.3102 meV   on_shell_Omega=    108.3153 meV  off_shell_Omega=    108.3153 meV
     lambda_tr(   4 )=       0.000000   gamma_tr=       0.000000 meV  omega=    108.3102 meV   on_shell_Omega=    108.3153 meV  off_shell_Omega=    108.3153 meV
     lambda___(   5 )=       0.000000   gamma___=       0.000000 meV  omega=    192.8850 meV   on_shell_Omega=    192.9420 meV  off_shell_Omega=    192.9420 meV
     lambda_tr(   5 )=       0.000000   gamma_tr=       0.000000 meV  omega=    192.8850 meV   on_shell_Omega=    192.9420 meV  off_shell_Omega=    192.9420 meV
     lambda___(   6 )=       0.000000   gamma___=       0.000000 meV  omega=    194.6584 meV   on_shell_Omega=    194.9449 meV  off_shell_Omega=    194.9911 meV
     lambda_tr(   6 )=       0.000000   gamma_tr=       0.000000 meV  omega=    194.6584 meV   on_shell_Omega=    194.9449 meV  off_shell_Omega=    194.9911 meV
     lambda___( tot )=      -0.000000
     lambda_tr( tot )=      -0.000000
     -------------------------------------------------------------------


     Number of (k,k+q) pairs on the Fermi surface:      304 out of      324


     ismear =     1 iq =      20 coord.:   0.05556  0.05556  0.00000 wt:   0.00309 Temp:  300.000K
     -------------------------------------------------------------------
     lambda___(   1 )=      -0.000000   gamma___=      -0.000000 meV  omega=      2.2256 meV   on_shell_Omega=      2.4631 meV  off_shell_Omega=      2.5038 meV
     lambda_tr(   1 )=      -0.000000   gamma_tr=      -0.000000 meV  omega=      2.2256 meV   on_shell_Omega=      2.4631 meV  off_shell_Omega=      2.5038 meV
     lambda___(   2 )=       0.000000   gamma___=       0.000000 meV  omega=     25.5120 meV   on_shell_Omega=     25.5647 meV  off_shell_Omega=     25.5647 meV
     lambda_tr(   2 )=       0.000000   gamma_tr=       0.000000 meV  omega=     25.5120 meV   on_shell_Omega=     25.5647 meV  off_shell_Omega=     25.5647 meV
     lambda___(   3 )=       0.000000   gamma___=       0.000000 meV  omega=     39.3028 meV   on_shell_Omega=     39.2858 meV  off_shell_Omega=     39.2858 meV
     lambda_tr(   3 )=       0.000000   gamma_tr=       0.000000 meV  omega=     39.3028 meV   on_shell_Omega=     39.2858 meV  off_shell_Omega=     39.2858 meV
     lambda___(   4 )=       0.000000   gamma___=       0.000000 meV  omega=    107.7204 meV   on_shell_Omega=    107.7295 meV  off_shell_Omega=    107.7295 meV
     lambda_tr(   4 )=       0.000000   gamma_tr=       0.000000 meV  omega=    107.7204 meV   on_shell_Omega=    107.7295 meV  off_shell_Omega=    107.7295 meV
     lambda___(   5 )=       0.000000   gamma___=       0.000000 meV  omega=    191.8831 meV   on_shell_Omega=    192.1996 meV  off_shell_Omega=    192.2110 meV
     lambda_tr(   5 )=       0.000000   gamma_tr=       0.000000 meV  omega=    191.8831 meV   on_shell_Omega=    192.1996 meV  off_shell_Omega=    192.2110 meV
     lambda___(   6 )=       0.000000   gamma___=       0.000000 meV  omega=    196.8342 meV   on_shell_Omega=    197.4351 meV  off_shell_Omega=    197.4108 meV
     lambda_tr(   6 )=       0.000000   gamma_tr=       0.000000 meV  omega=    196.8342 meV   on_shell_Omega=    197.4351 meV  off_shell_Omega=    197.4108 meV
     lambda___( tot )=      -0.000000
     lambda_tr( tot )=      -0.000000
     -------------------------------------------------------------------


     Number of (k,k+q) pairs on the Fermi surface:      302 out of      324


     ismear =     1 iq =      21 coord.:   0.05556  0.11111  0.00000 wt:   0.00309 Temp:  300.000K
     -------------------------------------------------------------------
     lambda___(   1 )=       0.000000   gamma___=       0.000000 meV  omega=      6.2622 meV   on_shell_Omega=      6.3076 meV  off_shell_Omega=      6.3076 meV
     lambda_tr(   1 )=       0.000000   gamma_tr=       0.000000 meV  omega=      6.2622 meV   on_shell_Omega=      6.3076 meV  off_shell_Omega=      6.3076 meV
     lambda___(   2 )=       0.000000   gamma___=       0.000000 meV  omega=     38.1809 meV   on_shell_Omega=     38.2258 meV  off_shell_Omega=     38.2258 meV
     lambda_tr(   2 )=       0.000000   gamma_tr=       0.000000 meV  omega=     38.1809 meV   on_shell_Omega=     38.2258 meV  off_shell_Omega=     38.2258 meV
     lambda___(   3 )=       0.000000   gamma___=       0.000000 meV  omega=     59.3051 meV   on_shell_Omega=     59.3068 meV  off_shell_Omega=     59.3068 meV
     lambda_tr(   3 )=       0.000000   gamma_tr=       0.000000 meV  omega=     59.3051 meV   on_shell_Omega=     59.3068 meV  off_shell_Omega=     59.3068 meV
     lambda___(   4 )=       0.000000   gamma___=       0.000000 meV  omega=    106.4727 meV   on_shell_Omega=    106.4807 meV  off_shell_Omega=    106.4807 meV
     lambda_tr(   4 )=       0.000000   gamma_tr=       0.000000 meV  omega=    106.4727 meV   on_shell_Omega=    106.4807 meV  off_shell_Omega=    106.4807 meV
     lambda___(   5 )=       0.000000   gamma___=       0.000000 meV  omega=    189.5435 meV   on_shell_Omega=    189.8295 meV  off_shell_Omega=    189.8674 meV
     lambda_tr(   5 )=       0.000000   gamma_tr=       0.000000 meV  omega=    189.5435 meV   on_shell_Omega=    189.8295 meV  off_shell_Omega=    189.8674 meV
     lambda___(   6 )=       0.000000   gamma___=       0.000000 meV  omega=    199.0392 meV   on_shell_Omega=    199.4402 meV  off_shell_Omega=    199.3794 meV
     lambda_tr(   6 )=       0.000000   gamma_tr=       0.000000 meV  omega=    199.0392 meV   on_shell_Omega=    199.4402 meV  off_shell_Omega=    199.3794 meV
     lambda___( tot )=       0.000000
     lambda_tr( tot )=       0.000000
     -------------------------------------------------------------------


     Number of (k,k+q) pairs on the Fermi surface:      302 out of      324


     ismear =     1 iq =      22 coord.:   0.05556  0.16667  0.00000 wt:   0.00309 Temp:  300.000K
     -------------------------------------------------------------------
     lambda___(   1 )=       0.000000   gamma___=       0.000000 meV  omega=     12.1023 meV   on_shell_Omega=     12.1273 meV  off_shell_Omega=     12.1273 meV
     lambda_tr(   1 )=       0.000000   gamma_tr=       0.000000 meV  omega=     12.1023 meV   on_shell_Omega=     12.1273 meV  off_shell_Omega=     12.1273 meV
     lambda___(   2 )=       0.000000   gamma___=       0.000000 meV  omega=     50.5166 meV   on_shell_Omega=     50.5333 meV  off_shell_Omega=     50.5333 meV
     lambda_tr(   2 )=       0.000000   gamma_tr=       0.000000 meV  omega=     50.5166 meV   on_shell_Omega=     50.5333 meV  off_shell_Omega=     50.5333 meV
     lambda___(   3 )=       0.000000   gamma___=       0.000000 meV  omega=     79.4672 meV   on_shell_Omega=     79.4845 meV  off_shell_Omega=     79.4845 meV
     lambda_tr(   3 )=       0.000000   gamma_tr=       0.000000 meV  omega=     79.4672 meV   on_shell_Omega=     79.4845 meV  off_shell_Omega=     79.4845 meV
     lambda___(   4 )=       0.000000   gamma___=       0.000000 meV  omega=    104.4602 meV   on_shell_Omega=    104.4661 meV  off_shell_Omega=    104.4661 meV
     lambda_tr(   4 )=       0.000000   gamma_tr=       0.000000 meV  omega=    104.4602 meV   on_shell_Omega=    104.4661 meV  off_shell_Omega=    104.4661 meV
     lambda___(   5 )=       0.000000   gamma___=       0.000000 meV  omega=    185.9117 meV   on_shell_Omega=    186.1483 meV  off_shell_Omega=    186.2294 meV
     lambda_tr(   5 )=       0.000000   gamma_tr=       0.000000 meV  omega=    185.9117 meV   on_shell_Omega=    186.1483 meV  off_shell_Omega=    186.2294 meV
     lambda___(   6 )=       0.000000   gamma___=       0.000000 meV  omega=    199.3693 meV   on_shell_Omega=    199.6409 meV  off_shell_Omega=    199.7101 meV
     lambda_tr(   6 )=       0.000000   gamma_tr=       0.000000 meV  omega=    199.3693 meV   on_shell_Omega=    199.6409 meV  off_shell_Omega=    199.7101 meV
     lambda___( tot )=       0.000000
     lambda_tr( tot )=       0.000000
     -------------------------------------------------------------------


     Number of (k,k+q) pairs on the Fermi surface:      302 out of      324


     ismear =     1 iq =      23 coord.:   0.05556  0.22222  0.00000 wt:   0.00309 Temp:  300.000K
     -------------------------------------------------------------------
     lambda___(   1 )=      -0.000000   gamma___=      -0.000000 meV  omega=     19.5669 meV   on_shell_Omega=     19.5933 meV  off_shell_Omega=     19.5933 meV
     lambda_tr(   1 )=      -0.000000   gamma_tr=      -0.000000 meV  omega=     19.5669 meV   on_shell_Omega=     19.5933 meV  off_shell_Omega=     19.5933 meV
     lambda___(   2 )=      -0.000000   gamma___=      -0.000000 meV  omega=     60.9428 meV   on_shell_Omega=     60.9500 meV  off_shell_Omega=     60.9500 meV
     lambda_tr(   2 )=      -0.000000   gamma_tr=      -0.000000 meV  omega=     60.9428 meV   on_shell_Omega=     60.9500 meV  off_shell_Omega=     60.9500 meV
     lambda___(   3 )=       0.000000   gamma___=       0.000000 meV  omega=     98.5603 meV   on_shell_Omega=     98.5802 meV  off_shell_Omega=     98.5802 meV
     lambda_tr(   3 )=      -0.000000   gamma_tr=      -0.000000 meV  omega=     98.5603 meV   on_shell_Omega=     98.5802 meV  off_shell_Omega=     98.5802 meV
     lambda___(   4 )=       0.000000   gamma___=       0.000000 meV  omega=    101.5155 meV   on_shell_Omega=    101.5263 meV  off_shell_Omega=    101.5263 meV
     lambda_tr(   4 )=      -0.000000   gamma_tr=      -0.000000 meV  omega=    101.5155 meV   on_shell_Omega=    101.5263 meV  off_shell_Omega=    101.5263 meV
     lambda___(   5 )=       0.000000   gamma___=       0.000000 meV  omega=    182.0157 meV   on_shell_Omega=    182.1744 meV  off_shell_Omega=    182.1046 meV
     lambda_tr(   5 )=      -0.000000   gamma_tr=      -0.000000 meV  omega=    182.0157 meV   on_shell_Omega=    182.1744 meV  off_shell_Omega=    182.1046 meV
     lambda___(   6 )=       0.000000   gamma___=       0.000000 meV  omega=    197.3095 meV   on_shell_Omega=    197.4575 meV  off_shell_Omega=    197.4058 meV
     lambda_tr(   6 )=      -0.000000   gamma_tr=      -0.000000 meV  omega=    197.3095 meV   on_shell_Omega=    197.4575 meV  off_shell_Omega=    197.4058 meV
     lambda___( tot )=       0.000000
     lambda_tr( tot )=      -0.000000
     -------------------------------------------------------------------


     Number of (k,k+q) pairs on the Fermi surface:      302 out of      324


     ismear =     1 iq =      24 coord.:   0.05556  0.27778  0.00000 wt:   0.00309 Temp:  300.000K
     -------------------------------------------------------------------
     lambda___(   1 )=       0.000000   gamma___=       0.000000 meV  omega=     28.5261 meV   on_shell_Omega=     28.5114 meV  off_shell_Omega=     28.5114 meV
     lambda_tr(   1 )=       0.000000   gamma_tr=       0.000000 meV  omega=     28.5261 meV   on_shell_Omega=     28.5114 meV  off_shell_Omega=     28.5114 meV
     lambda___(   2 )=       0.000000   gamma___=       0.000000 meV  omega=     68.7646 meV   on_shell_Omega=     68.7692 meV  off_shell_Omega=     68.7692 meV
     lambda_tr(   2 )=       0.000000   gamma_tr=       0.000000 meV  omega=     68.7646 meV   on_shell_Omega=     68.7692 meV  off_shell_Omega=     68.7692 meV
     lambda___(   3 )=       0.000000   gamma___=       0.000000 meV  omega=     97.3907 meV   on_shell_Omega=     97.4104 meV  off_shell_Omega=     97.4104 meV
     lambda_tr(   3 )=      -0.000000   gamma_tr=      -0.000000 meV  omega=     97.3907 meV   on_shell_Omega=     97.4104 meV  off_shell_Omega=     97.4104 meV
     lambda___(   4 )=       0.000000   gamma___=       0.000000 meV  omega=    116.2886 meV   on_shell_Omega=    116.3107 meV  off_shell_Omega=    116.3107 meV
     lambda_tr(   4 )=      -0.000000   gamma_tr=      -0.000000 meV  omega=    116.2886 meV   on_shell_Omega=    116.3107 meV  off_shell_Omega=    116.3107 meV
     lambda___(   5 )=       0.000000   gamma___=       0.000000 meV  omega=    178.9162 meV   on_shell_Omega=    179.0447 meV  off_shell_Omega=    179.0447 meV
     lambda_tr(   5 )=      -0.000000   gamma_tr=      -0.000000 meV  omega=    178.9162 meV   on_shell_Omega=    179.0447 meV  off_shell_Omega=    179.0447 meV
     lambda___(   6 )=       0.000000   gamma___=       0.000000 meV  omega=    193.2638 meV   on_shell_Omega=    193.3653 meV  off_shell_Omega=    193.3653 meV
     lambda_tr(   6 )=      -0.000000   gamma_tr=      -0.000000 meV  omega=    193.2638 meV   on_shell_Omega=    193.3653 meV  off_shell_Omega=    193.3653 meV
     lambda___( tot )=       0.000000
     lambda_tr( tot )=      -0.000000
     -------------------------------------------------------------------


     Number of (k,k+q) pairs on the Fermi surface:      302 out of      324


     ismear =     1 iq =      25 coord.:   0.05556  0.33333  0.00000 wt:   0.00309 Temp:  300.000K
     -------------------------------------------------------------------
     lambda___(   1 )=      -0.000000   gamma___=      -0.000000 meV  omega=     38.5323 meV   on_shell_Omega=     38.5303 meV  off_shell_Omega=     38.5303 meV
     lambda_tr(   1 )=      -0.000000   gamma_tr=      -0.000000 meV  omega=     38.5323 meV   on_shell_Omega=     38.5303 meV  off_shell_Omega=     38.5303 meV
     lambda___(   2 )=       0.000000   gamma___=       0.000000 meV  omega=     74.3221 meV   on_shell_Omega=     74.3239 meV  off_shell_Omega=     74.3239 meV
     lambda_tr(   2 )=       0.000000   gamma_tr=       0.000000 meV  omega=     74.3221 meV   on_shell_Omega=     74.3239 meV  off_shell_Omega=     74.3239 meV
     lambda___(   3 )=       0.000000   gamma___=       0.000000 meV  omega=     91.8930 meV   on_shell_Omega=     91.9007 meV  off_shell_Omega=     91.9007 meV
     lambda_tr(   3 )=       0.000000   gamma_tr=       0.000000 meV  omega=     91.8930 meV   on_shell_Omega=     91.9007 meV  off_shell_Omega=     91.9007 meV
     lambda___(   4 )=       0.000000   gamma___=       0.000000 meV  omega=    132.5813 meV   on_shell_Omega=    132.6005 meV  off_shell_Omega=    132.6005 meV
     lambda_tr(   4 )=       0.000000   gamma_tr=       0.000000 meV  omega=    132.5813 meV   on_shell_Omega=    132.6005 meV  off_shell_Omega=    132.6005 meV
     lambda___(   5 )=       0.000000   gamma___=       0.000000 meV  omega=    176.6776 meV   on_shell_Omega=    176.8146 meV  off_shell_Omega=    176.7639 meV
     lambda_tr(   5 )=       0.000000   gamma_tr=       0.000000 meV  omega=    176.6776 meV   on_shell_Omega=    176.8146 meV  off_shell_Omega=    176.7639 meV
     lambda___(   6 )=       0.000000   gamma___=       0.000000 meV  omega=    187.5628 meV   on_shell_Omega=    187.6357 meV  off_shell_Omega=    187.6357 meV
     lambda_tr(   6 )=       0.000000   gamma_tr=       0.000000 meV  omega=    187.5628 meV   on_shell_Omega=    187.6357 meV  off_shell_Omega=    187.6357 meV
     lambda___( tot )=       0.000000
     lambda_tr( tot )=       0.000000
     -------------------------------------------------------------------


     Number of (k,k+q) pairs on the Fermi surface:      302 out of      324


     ismear =     1 iq =      26 coord.:   0.05556  0.38889  0.00000 wt:   0.00309 Temp:  300.000K
     -------------------------------------------------------------------
     lambda___(   1 )=       0.000000   gamma___=       0.000000 meV  omega=     48.6374 meV   on_shell_Omega=     48.6722 meV  off_shell_Omega=     48.6722 meV
     lambda_tr(   1 )=       0.000000   gamma_tr=       0.000000 meV  omega=     48.6374 meV   on_shell_Omega=     48.6722 meV  off_shell_Omega=     48.6722 meV
     lambda___(   2 )=       0.000000   gamma___=       0.000000 meV  omega=     78.2053 meV   on_shell_Omega=     78.2069 meV  off_shell_Omega=     78.2069 meV
     lambda_tr(   2 )=       0.000000   gamma_tr=       0.000000 meV  omega=     78.2053 meV   on_shell_Omega=     78.2069 meV  off_shell_Omega=     78.2069 meV
     lambda___(   3 )=       0.000000   gamma___=       0.000000 meV  omega=     85.2364 meV   on_shell_Omega=     85.2301 meV  off_shell_Omega=     85.2301 meV
     lambda_tr(   3 )=       0.000000   gamma_tr=       0.000000 meV  omega=     85.2364 meV   on_shell_Omega=     85.2301 meV  off_shell_Omega=     85.2301 meV
     lambda___(   4 )=       0.000000   gamma___=       0.000000 meV  omega=    147.2246 meV   on_shell_Omega=    147.2409 meV  off_shell_Omega=    147.2409 meV
     lambda_tr(   4 )=       0.000000   gamma_tr=       0.000000 meV  omega=    147.2246 meV   on_shell_Omega=    147.2409 meV  off_shell_Omega=    147.2409 meV
     lambda___(   5 )=       0.000000   gamma___=       0.000000 meV  omega=    174.8369 meV   on_shell_Omega=    174.9651 meV  off_shell_Omega=    174.9651 meV
     lambda_tr(   5 )=       0.000000   gamma_tr=       0.000000 meV  omega=    174.8369 meV   on_shell_Omega=    174.9651 meV  off_shell_Omega=    174.9651 meV
     lambda___(   6 )=       0.000000   gamma___=       0.000000 meV  omega=    180.2221 meV   on_shell_Omega=    180.2704 meV  off_shell_Omega=    180.2704 meV
     lambda_tr(   6 )=       0.000000   gamma_tr=       0.000000 meV  omega=    180.2221 meV   on_shell_Omega=    180.2704 meV  off_shell_Omega=    180.2704 meV
     lambda___( tot )=       0.000000
     lambda_tr( tot )=       0.000000
     -------------------------------------------------------------------


     Number of (k,k+q) pairs on the Fermi surface:      302 out of      324


     ismear =     1 iq =      27 coord.:   0.05556  0.44444  0.00000 wt:   0.00309 Temp:  300.000K
     -------------------------------------------------------------------
     lambda___(   1 )=       0.000000   gamma___=       0.000000 meV  omega=     56.6494 meV   on_shell_Omega=     56.7032 meV  off_shell_Omega=     56.7032 meV
     lambda_tr(   1 )=       0.000000   gamma_tr=       0.000000 meV  omega=     56.6494 meV   on_shell_Omega=     56.7032 meV  off_shell_Omega=     56.7032 meV
     lambda___(   2 )=       0.000000   gamma___=       0.000000 meV  omega=     79.0725 meV   on_shell_Omega=     79.1009 meV  off_shell_Omega=     79.1009 meV
     lambda_tr(   2 )=       0.000000   gamma_tr=       0.000000 meV  omega=     79.0725 meV   on_shell_Omega=     79.1009 meV  off_shell_Omega=     79.1009 meV
     lambda___(   3 )=       0.000000   gamma___=       0.000000 meV  omega=     80.3676 meV   on_shell_Omega=     80.3675 meV  off_shell_Omega=     80.3675 meV
     lambda_tr(   3 )=       0.000000   gamma_tr=       0.000000 meV  omega=     80.3676 meV   on_shell_Omega=     80.3675 meV  off_shell_Omega=     80.3675 meV
     lambda___(   4 )=       0.000000   gamma___=       0.000000 meV  omega=    159.9619 meV   on_shell_Omega=    159.9715 meV  off_shell_Omega=    159.9715 meV
     lambda_tr(   4 )=       0.000000   gamma_tr=       0.000000 meV  omega=    159.9619 meV   on_shell_Omega=    159.9715 meV  off_shell_Omega=    159.9715 meV
     lambda___(   5 )=       0.000000   gamma___=       0.000000 meV  omega=    170.9641 meV   on_shell_Omega=    170.9885 meV  off_shell_Omega=    170.9885 meV
     lambda_tr(   5 )=       0.000000   gamma_tr=       0.000000 meV  omega=    170.9641 meV   on_shell_Omega=    170.9885 meV  off_shell_Omega=    170.9885 meV
     lambda___(   6 )=       0.000000   gamma___=       0.000000 meV  omega=    173.8117 meV   on_shell_Omega=    173.9467 meV  off_shell_Omega=    173.9467 meV
     lambda_tr(   6 )=       0.000000   gamma_tr=       0.000000 meV  omega=    173.8117 meV   on_shell_Omega=    173.9467 meV  off_shell_Omega=    173.9467 meV
     lambda___( tot )=       0.000000
     lambda_tr( tot )=       0.000000
     -------------------------------------------------------------------


     Number of (k,k+q) pairs on the Fermi surface:      302 out of      324


     ismear =     1 iq =      28 coord.:   0.05556  0.50000  0.00000 wt:   0.00309 Temp:  300.000K
     -------------------------------------------------------------------
     lambda___(   1 )=       0.000000   gamma___=       0.000000 meV  omega=     56.6494 meV   on_shell_Omega=     56.7170 meV  off_shell_Omega=     56.7170 meV
     lambda_tr(   1 )=       0.000000   gamma_tr=       0.000000 meV  omega=     56.6494 meV   on_shell_Omega=     56.7170 meV  off_shell_Omega=     56.7170 meV
     lambda___(   2 )=       0.000000   gamma___=       0.000000 meV  omega=     79.0725 meV   on_shell_Omega=     79.0914 meV  off_shell_Omega=     79.0914 meV
     lambda_tr(   2 )=       0.000000   gamma_tr=       0.000000 meV  omega=     79.0725 meV   on_shell_Omega=     79.0914 meV  off_shell_Omega=     79.0914 meV
     lambda___(   3 )=       0.000000   gamma___=       0.000000 meV  omega=     80.3676 meV   on_shell_Omega=     80.3689 meV  off_shell_Omega=     80.3689 meV
     lambda_tr(   3 )=       0.000000   gamma_tr=       0.000000 meV  omega=     80.3676 meV   on_shell_Omega=     80.3689 meV  off_shell_Omega=     80.3689 meV
     lambda___(   4 )=       0.000000   gamma___=       0.000000 meV  omega=    159.9619 meV   on_shell_Omega=    159.9697 meV  off_shell_Omega=    159.9697 meV
     lambda_tr(   4 )=       0.000000   gamma_tr=       0.000000 meV  omega=    159.9619 meV   on_shell_Omega=    159.9697 meV  off_shell_Omega=    159.9697 meV
     lambda___(   5 )=       0.000000   gamma___=       0.000000 meV  omega=    170.9641 meV   on_shell_Omega=    170.9906 meV  off_shell_Omega=    170.9906 meV
     lambda_tr(   5 )=       0.000000   gamma_tr=       0.000000 meV  omega=    170.9641 meV   on_shell_Omega=    170.9906 meV  off_shell_Omega=    170.9906 meV
     lambda___(   6 )=       0.000000   gamma___=       0.000000 meV  omega=    173.8117 meV   on_shell_Omega=    173.9302 meV  off_shell_Omega=    173.9302 meV
     lambda_tr(   6 )=       0.000000   gamma_tr=       0.000000 meV  omega=    173.8117 meV   on_shell_Omega=    173.9302 meV  off_shell_Omega=    173.9302 meV
     lambda___( tot )=       0.000000
     lambda_tr( tot )=       0.000000
     -------------------------------------------------------------------


     Number of (k,k+q) pairs on the Fermi surface:      302 out of      324


     ismear =     1 iq =      29 coord.:   0.05556  0.55556  0.00000 wt:   0.00309 Temp:  300.000K
     -------------------------------------------------------------------
     lambda___(   1 )=      -0.000000   gamma___=      -0.000000 meV  omega=     48.6374 meV   on_shell_Omega=     48.6671 meV  off_shell_Omega=     48.6671 meV
     lambda_tr(   1 )=      -0.000000   gamma_tr=      -0.000000 meV  omega=     48.6374 meV   on_shell_Omega=     48.6671 meV  off_shell_Omega=     48.6671 meV
     lambda___(   2 )=       0.000000   gamma___=       0.000000 meV  omega=     78.2053 meV   on_shell_Omega=     78.2068 meV  off_shell_Omega=     78.2068 meV
     lambda_tr(   2 )=       0.000000   gamma_tr=       0.000000 meV  omega=     78.2053 meV   on_shell_Omega=     78.2068 meV  off_shell_Omega=     78.2068 meV
     lambda___(   3 )=       0.000000   gamma___=       0.000000 meV  omega=     85.2364 meV   on_shell_Omega=     85.2443 meV  off_shell_Omega=     85.2443 meV
     lambda_tr(   3 )=       0.000000   gamma_tr=       0.000000 meV  omega=     85.2364 meV   on_shell_Omega=     85.2443 meV  off_shell_Omega=     85.2443 meV
     lambda___(   4 )=       0.000000   gamma___=       0.000000 meV  omega=    147.2246 meV   on_shell_Omega=    147.2456 meV  off_shell_Omega=    147.2456 meV
     lambda_tr(   4 )=       0.000000   gamma_tr=       0.000000 meV  omega=    147.2246 meV   on_shell_Omega=    147.2456 meV  off_shell_Omega=    147.2456 meV
     lambda___(   5 )=       0.000000   gamma___=       0.000000 meV  omega=    174.8369 meV   on_shell_Omega=    174.9742 meV  off_shell_Omega=    174.9222 meV
     lambda_tr(   5 )=       0.000000   gamma_tr=       0.000000 meV  omega=    174.8369 meV   on_shell_Omega=    174.9742 meV  off_shell_Omega=    174.9222 meV
     lambda___(   6 )=       0.000000   gamma___=       0.000000 meV  omega=    180.2221 meV   on_shell_Omega=    180.2788 meV  off_shell_Omega=    180.2788 meV
     lambda_tr(   6 )=       0.000000   gamma_tr=       0.000000 meV  omega=    180.2221 meV   on_shell_Omega=    180.2788 meV  off_shell_Omega=    180.2788 meV
     lambda___( tot )=       0.000000
     lambda_tr( tot )=       0.000000
     -------------------------------------------------------------------


     Number of (k,k+q) pairs on the Fermi surface:      302 out of      324


     ismear =     1 iq =      30 coord.:   0.05556  0.61111  0.00000 wt:   0.00309 Temp:  300.000K
     -------------------------------------------------------------------
     lambda___(   1 )=       0.000000   gamma___=       0.000000 meV  omega=     38.5323 meV   on_shell_Omega=     38.5452 meV  off_shell_Omega=     38.5452 meV
     lambda_tr(   1 )=       0.000000   gamma_tr=       0.000000 meV  omega=     38.5323 meV   on_shell_Omega=     38.5452 meV  off_shell_Omega=     38.5452 meV
     lambda___(   2 )=       0.000000   gamma___=       0.000000 meV  omega=     74.3221 meV   on_shell_Omega=     74.3237 meV  off_shell_Omega=     74.3237 meV
     lambda_tr(   2 )=       0.000000   gamma_tr=       0.000000 meV  omega=     74.3221 meV   on_shell_Omega=     74.3237 meV  off_shell_Omega=     74.3237 meV
     lambda___(   3 )=       0.000000   gamma___=       0.000000 meV  omega=     91.8930 meV   on_shell_Omega=     91.9157 meV  off_shell_Omega=     91.9157 meV
     lambda_tr(   3 )=       0.000000   gamma_tr=       0.000000 meV  omega=     91.8930 meV   on_shell_Omega=     91.9157 meV  off_shell_Omega=     91.9157 meV
     lambda___(   4 )=       0.000000   gamma___=       0.000000 meV  omega=    132.5813 meV   on_shell_Omega=    132.6007 meV  off_shell_Omega=    132.6007 meV
     lambda_tr(   4 )=       0.000000   gamma_tr=       0.000000 meV  omega=    132.5813 meV   on_shell_Omega=    132.6007 meV  off_shell_Omega=    132.6007 meV
     lambda___(   5 )=       0.000000   gamma___=       0.000000 meV  omega=    176.6776 meV   on_shell_Omega=    176.8170 meV  off_shell_Omega=    176.7639 meV
     lambda_tr(   5 )=       0.000000   gamma_tr=       0.000000 meV  omega=    176.6776 meV   on_shell_Omega=    176.8170 meV  off_shell_Omega=    176.7639 meV
     lambda___(   6 )=       0.000000   gamma___=       0.000000 meV  omega=    187.5628 meV   on_shell_Omega=    187.6446 meV  off_shell_Omega=    187.6446 meV
     lambda_tr(   6 )=       0.000000   gamma_tr=       0.000000 meV  omega=    187.5628 meV   on_shell_Omega=    187.6446 meV  off_shell_Omega=    187.6446 meV
     lambda___( tot )=       0.000000
     lambda_tr( tot )=       0.000000
     -------------------------------------------------------------------


     Number of (k,k+q) pairs on the Fermi surface:      304 out of      324


     ismear =     1 iq =      31 coord.:   0.05556  0.66667  0.00000 wt:   0.00309 Temp:  300.000K
     -------------------------------------------------------------------
     lambda___(   1 )=       0.000000   gamma___=       0.000000 meV  omega=     28.5261 meV   on_shell_Omega=     28.5556 meV  off_shell_Omega=     28.5556 meV
     lambda_tr(   1 )=       0.000000   gamma_tr=       0.000000 meV  omega=     28.5261 meV   on_shell_Omega=     28.5556 meV  off_shell_Omega=     28.5556 meV
     lambda___(   2 )=       0.000000   gamma___=       0.000000 meV  omega=     68.7646 meV   on_shell_Omega=     68.7722 meV  off_shell_Omega=     68.7722 meV
     lambda_tr(   2 )=       0.000000   gamma_tr=       0.000000 meV  omega=     68.7646 meV   on_shell_Omega=     68.7722 meV  off_shell_Omega=     68.7722 meV
     lambda___(   3 )=       0.000000   gamma___=       0.000000 meV  omega=     97.3907 meV   on_shell_Omega=     97.4088 meV  off_shell_Omega=     97.4088 meV
     lambda_tr(   3 )=       0.000000   gamma_tr=       0.000000 meV  omega=     97.3907 meV   on_shell_Omega=     97.4088 meV  off_shell_Omega=     97.4088 meV
     lambda___(   4 )=       0.000000   gamma___=       0.000000 meV  omega=    116.2886 meV   on_shell_Omega=    116.3009 meV  off_shell_Omega=    116.3009 meV
     lambda_tr(   4 )=       0.000000   gamma_tr=       0.000000 meV  omega=    116.2886 meV   on_shell_Omega=    116.3009 meV  off_shell_Omega=    116.3009 meV
     lambda___(   5 )=       0.000000   gamma___=       0.000000 meV  omega=    178.9162 meV   on_shell_Omega=    179.0876 meV  off_shell_Omega=    179.0035 meV
     lambda_tr(   5 )=       0.000000   gamma_tr=       0.000000 meV  omega=    178.9162 meV   on_shell_Omega=    179.0876 meV  off_shell_Omega=    179.0035 meV
     lambda___(   6 )=       0.000000   gamma___=       0.000000 meV  omega=    193.2638 meV   on_shell_Omega=    193.3879 meV  off_shell_Omega=    193.3879 meV
     lambda_tr(   6 )=       0.000000   gamma_tr=       0.000000 meV  omega=    193.2638 meV   on_shell_Omega=    193.3879 meV  off_shell_Omega=    193.3879 meV
     lambda___( tot )=       0.000000
     lambda_tr( tot )=       0.000000
     -------------------------------------------------------------------


     Number of (k,k+q) pairs on the Fermi surface:      302 out of      324


     ismear =     1 iq =      32 coord.:   0.05556  0.72222  0.00000 wt:   0.00309 Temp:  300.000K
     -------------------------------------------------------------------
     lambda___(   1 )=      -0.000000   gamma___=      -0.000000 meV  omega=     19.5669 meV   on_shell_Omega=     19.6077 meV  off_shell_Omega=     19.6077 meV
     lambda_tr(   1 )=      -0.000000   gamma_tr=      -0.000000 meV  omega=     19.5669 meV   on_shell_Omega=     19.6077 meV  off_shell_Omega=     19.6077 meV
     lambda___(   2 )=      -0.000000   gamma___=      -0.000000 meV  omega=     60.9428 meV   on_shell_Omega=     60.9544 meV  off_shell_Omega=     60.9544 meV
     lambda_tr(   2 )=      -0.000000   gamma_tr=      -0.000000 meV  omega=     60.9428 meV   on_shell_Omega=     60.9544 meV  off_shell_Omega=     60.9544 meV
     lambda___(   3 )=      -0.000000   gamma___=      -0.000000 meV  omega=     98.5603 meV   on_shell_Omega=     98.5791 meV  off_shell_Omega=     98.5791 meV
     lambda_tr(   3 )=      -0.000000   gamma_tr=      -0.000000 meV  omega=     98.5603 meV   on_shell_Omega=     98.5791 meV  off_shell_Omega=     98.5791 meV
     lambda___(   4 )=      -0.000000   gamma___=      -0.000000 meV  omega=    101.5155 meV   on_shell_Omega=    101.5282 meV  off_shell_Omega=    101.5282 meV
     lambda_tr(   4 )=      -0.000000   gamma_tr=      -0.000000 meV  omega=    101.5155 meV   on_shell_Omega=    101.5282 meV  off_shell_Omega=    101.5282 meV
     lambda___(   5 )=       0.000000   gamma___=       0.000000 meV  omega=    182.0157 meV   on_shell_Omega=    182.2127 meV  off_shell_Omega=    182.1046 meV
     lambda_tr(   5 )=       0.000000   gamma_tr=       0.000000 meV  omega=    182.0157 meV   on_shell_Omega=    182.2127 meV  off_shell_Omega=    182.1046 meV
     lambda___(   6 )=       0.000000   gamma___=       0.000000 meV  omega=    197.3095 meV   on_shell_Omega=    197.4774 meV  off_shell_Omega=    197.4058 meV
     lambda_tr(   6 )=       0.000000   gamma_tr=       0.000000 meV  omega=    197.3095 meV   on_shell_Omega=    197.4774 meV  off_shell_Omega=    197.4058 meV
     lambda___( tot )=      -0.000000
     lambda_tr( tot )=      -0.000000
     -------------------------------------------------------------------


     Number of (k,k+q) pairs on the Fermi surface:      303 out of      324


     ismear =     1 iq =      33 coord.:   0.05556  0.77778  0.00000 wt:   0.00309 Temp:  300.000K
     -------------------------------------------------------------------
     lambda___(   1 )=       0.000000   gamma___=       0.000000 meV  omega=     12.1023 meV   on_shell_Omega=     12.1258 meV  off_shell_Omega=     12.1258 meV
     lambda_tr(   1 )=       0.000000   gamma_tr=       0.000000 meV  omega=     12.1023 meV   on_shell_Omega=     12.1258 meV  off_shell_Omega=     12.1258 meV
     lambda___(   2 )=       0.000000   gamma___=       0.000000 meV  omega=     50.5166 meV   on_shell_Omega=     50.5382 meV  off_shell_Omega=     50.5382 meV
     lambda_tr(   2 )=       0.000000   gamma_tr=       0.000000 meV  omega=     50.5166 meV   on_shell_Omega=     50.5382 meV  off_shell_Omega=     50.5382 meV
     lambda___(   3 )=       0.000000   gamma___=       0.000000 meV  omega=     79.4672 meV   on_shell_Omega=     79.4797 meV  off_shell_Omega=     79.4797 meV
     lambda_tr(   3 )=       0.000000   gamma_tr=       0.000000 meV  omega=     79.4672 meV   on_shell_Omega=     79.4797 meV  off_shell_Omega=     79.4797 meV
     lambda___(   4 )=       0.000000   gamma___=       0.000000 meV  omega=    104.4602 meV   on_shell_Omega=    104.4672 meV  off_shell_Omega=    104.4672 meV
     lambda_tr(   4 )=       0.000000   gamma_tr=       0.000000 meV  omega=    104.4602 meV   on_shell_Omega=    104.4672 meV  off_shell_Omega=    104.4672 meV
     lambda___(   5 )=       0.000000   gamma___=       0.000000 meV  omega=    185.9117 meV   on_shell_Omega=    186.1056 meV  off_shell_Omega=    186.0024 meV
     lambda_tr(   5 )=       0.000000   gamma_tr=       0.000000 meV  omega=    185.9117 meV   on_shell_Omega=    186.1056 meV  off_shell_Omega=    186.0024 meV
     lambda___(   6 )=       0.000000   gamma___=       0.000000 meV  omega=    199.3693 meV   on_shell_Omega=    199.6581 meV  off_shell_Omega=    199.7101 meV
     lambda_tr(   6 )=       0.000000   gamma_tr=       0.000000 meV  omega=    199.3693 meV   on_shell_Omega=    199.6581 meV  off_shell_Omega=    199.7101 meV
     lambda___( tot )=       0.000000
     lambda_tr( tot )=       0.000000
     -------------------------------------------------------------------


     Number of (k,k+q) pairs on the Fermi surface:      304 out of      324


     ismear =     1 iq =      34 coord.:   0.05556  0.83333  0.00000 wt:   0.00309 Temp:  300.000K
     -------------------------------------------------------------------
     lambda___(   1 )=       0.000000   gamma___=       0.000000 meV  omega=      6.2622 meV   on_shell_Omega=      6.3051 meV  off_shell_Omega=      6.3051 meV
     lambda_tr(   1 )=       0.000000   gamma_tr=       0.000000 meV  omega=      6.2622 meV   on_shell_Omega=      6.3051 meV  off_shell_Omega=      6.3051 meV
     lambda___(   2 )=       0.000000   gamma___=       0.000000 meV  omega=     38.1809 meV   on_shell_Omega=     38.2407 meV  off_shell_Omega=     38.2407 meV
     lambda_tr(   2 )=       0.000000   gamma_tr=       0.000000 meV  omega=     38.1809 meV   on_shell_Omega=     38.2407 meV  off_shell_Omega=     38.2407 meV
     lambda___(   3 )=       0.000000   gamma___=       0.000000 meV  omega=     59.3051 meV   on_shell_Omega=     59.3032 meV  off_shell_Omega=     59.3032 meV
     lambda_tr(   3 )=       0.000000   gamma_tr=       0.000000 meV  omega=     59.3051 meV   on_shell_Omega=     59.3032 meV  off_shell_Omega=     59.3032 meV
     lambda___(   4 )=       0.000000   gamma___=       0.000000 meV  omega=    106.4727 meV   on_shell_Omega=    106.4782 meV  off_shell_Omega=    106.4782 meV
     lambda_tr(   4 )=       0.000000   gamma_tr=       0.000000 meV  omega=    106.4727 meV   on_shell_Omega=    106.4782 meV  off_shell_Omega=    106.4782 meV
     lambda___(   5 )=       0.000000   gamma___=       0.000000 meV  omega=    189.5435 meV   on_shell_Omega=    189.7506 meV  off_shell_Omega=    189.6361 meV
     lambda_tr(   5 )=       0.000000   gamma_tr=       0.000000 meV  omega=    189.5435 meV   on_shell_Omega=    189.7506 meV  off_shell_Omega=    189.6361 meV
     lambda___(   6 )=       0.000000   gamma___=       0.000000 meV  omega=    199.0392 meV   on_shell_Omega=    199.4913 meV  off_shell_Omega=    199.6223 meV
     lambda_tr(   6 )=       0.000000   gamma_tr=       0.000000 meV  omega=    199.0392 meV   on_shell_Omega=    199.4913 meV  off_shell_Omega=    199.6223 meV
     lambda___( tot )=       0.000000
     lambda_tr( tot )=       0.000000
     -------------------------------------------------------------------


     Number of (k,k+q) pairs on the Fermi surface:      304 out of      324


     ismear =     1 iq =      35 coord.:   0.05556  0.88889  0.00000 wt:   0.00309 Temp:  300.000K
     -------------------------------------------------------------------
     lambda___(   1 )=      -0.000000   gamma___=      -0.000000 meV  omega=      2.2256 meV   on_shell_Omega=      2.4912 meV  off_shell_Omega=      2.5038 meV
     lambda_tr(   1 )=       0.000000   gamma_tr=       0.000000 meV  omega=      2.2256 meV   on_shell_Omega=      2.4912 meV  off_shell_Omega=      2.5038 meV
     lambda___(   2 )=       0.000000   gamma___=       0.000000 meV  omega=     25.5120 meV   on_shell_Omega=     25.5714 meV  off_shell_Omega=     25.5714 meV
     lambda_tr(   2 )=       0.000000   gamma_tr=       0.000000 meV  omega=     25.5120 meV   on_shell_Omega=     25.5714 meV  off_shell_Omega=     25.5714 meV
     lambda___(   3 )=       0.000000   gamma___=       0.000000 meV  omega=     39.3028 meV   on_shell_Omega=     39.2890 meV  off_shell_Omega=     39.2890 meV
     lambda_tr(   3 )=       0.000000   gamma_tr=       0.000000 meV  omega=     39.3028 meV   on_shell_Omega=     39.2890 meV  off_shell_Omega=     39.2890 meV
     lambda___(   4 )=       0.000000   gamma___=       0.000000 meV  omega=    107.7204 meV   on_shell_Omega=    107.7270 meV  off_shell_Omega=    107.7270 meV
     lambda_tr(   4 )=       0.000000   gamma_tr=       0.000000 meV  omega=    107.7204 meV   on_shell_Omega=    107.7270 meV  off_shell_Omega=    107.7270 meV
     lambda___(   5 )=       0.000000   gamma___=       0.000000 meV  omega=    191.8831 meV   on_shell_Omega=    192.1085 meV  off_shell_Omega=    191.9768 meV
     lambda_tr(   5 )=       0.000000   gamma_tr=       0.000000 meV  omega=    191.8831 meV   on_shell_Omega=    192.1085 meV  off_shell_Omega=    191.9768 meV
     lambda___(   6 )=       0.000000   gamma___=       0.000000 meV  omega=    196.8342 meV   on_shell_Omega=    197.4486 meV  off_shell_Omega=    197.4108 meV
     lambda_tr(   6 )=       0.000000   gamma_tr=       0.000000 meV  omega=    196.8342 meV   on_shell_Omega=    197.4486 meV  off_shell_Omega=    197.4108 meV
     lambda___( tot )=      -0.000000
     lambda_tr( tot )=       0.000000
     -------------------------------------------------------------------


     Number of (k,k+q) pairs on the Fermi surface:      302 out of      324


     ismear =     1 iq =      36 coord.:   0.05556  0.94444  0.00000 wt:   0.00309 Temp:  300.000K
     -------------------------------------------------------------------
     lambda___(   1 )=       0.000000   gamma___=       0.000000 meV  omega=      0.9780 meV   on_shell_Omega=      1.2598 meV  off_shell_Omega=      1.2530 meV
     lambda_tr(   1 )=      -0.000000   gamma_tr=      -0.000000 meV  omega=      0.9780 meV   on_shell_Omega=      1.2598 meV  off_shell_Omega=      1.2530 meV
     lambda___(   2 )=       0.000000   gamma___=       0.000000 meV  omega=     15.0453 meV   on_shell_Omega=     15.0111 meV  off_shell_Omega=     15.0111 meV
     lambda_tr(   2 )=      -0.000000   gamma_tr=      -0.000000 meV  omega=     15.0453 meV   on_shell_Omega=     15.0111 meV  off_shell_Omega=     15.0111 meV
     lambda___(   3 )=       0.000000   gamma___=       0.000000 meV  omega=     23.6129 meV   on_shell_Omega=     23.6139 meV  off_shell_Omega=     23.6139 meV
     lambda_tr(   3 )=       0.000000   gamma_tr=       0.000000 meV  omega=     23.6129 meV   on_shell_Omega=     23.6139 meV  off_shell_Omega=     23.6139 meV
     lambda___(   4 )=       0.000000   gamma___=       0.000000 meV  omega=    108.3102 meV   on_shell_Omega=    108.3155 meV  off_shell_Omega=    108.3155 meV
     lambda_tr(   4 )=       0.000000   gamma_tr=       0.000000 meV  omega=    108.3102 meV   on_shell_Omega=    108.3155 meV  off_shell_Omega=    108.3155 meV
     lambda___(   5 )=       0.000000   gamma___=       0.000000 meV  omega=    192.8850 meV   on_shell_Omega=    193.0761 meV  off_shell_Omega=    192.9792 meV
     lambda_tr(   5 )=       0.000000   gamma_tr=       0.000000 meV  omega=    192.8850 meV   on_shell_Omega=    193.0761 meV  off_shell_Omega=    192.9792 meV
     lambda___(   6 )=       0.000000   gamma___=       0.000000 meV  omega=    194.6584 meV   on_shell_Omega=    195.1971 meV  off_shell_Omega=    195.2287 meV
     lambda_tr(   6 )=       0.000000   gamma_tr=       0.000000 meV  omega=    194.6584 meV   on_shell_Omega=    195.1971 meV  off_shell_Omega=    195.2287 meV
     lambda___( tot )=       0.000000
     lambda_tr( tot )=      -0.000000
     -------------------------------------------------------------------


     Number of (k,k+q) pairs on the Fermi surface:      303 out of      324


     ismear =     1 iq =      37 coord.:   0.11111  0.00000  0.00000 wt:   0.00309 Temp:  300.000K
     -------------------------------------------------------------------
     lambda___(   1 )=      -0.000000   gamma___=      -0.000000 meV  omega=      3.6749 meV   on_shell_Omega=      3.7780 meV  off_shell_Omega=      3.7780 meV
     lambda_tr(   1 )=      -0.000000   gamma_tr=      -0.000000 meV  omega=      3.6749 meV   on_shell_Omega=      3.7780 meV  off_shell_Omega=      3.7780 meV
     lambda___(   2 )=       0.000000   gamma___=       0.000000 meV  omega=     29.1538 meV   on_shell_Omega=     29.1359 meV  off_shell_Omega=     29.1359 meV
     lambda_tr(   2 )=       0.000000   gamma_tr=       0.000000 meV  omega=     29.1538 meV   on_shell_Omega=     29.1359 meV  off_shell_Omega=     29.1359 meV
     lambda___(   3 )=       0.000000   gamma___=       0.000000 meV  omega=     46.3288 meV   on_shell_Omega=     46.3636 meV  off_shell_Omega=     46.3636 meV
     lambda_tr(   3 )=       0.000000   gamma_tr=       0.000000 meV  omega=     46.3288 meV   on_shell_Omega=     46.3636 meV  off_shell_Omega=     46.3636 meV
     lambda___(   4 )=       0.000000   gamma___=       0.000000 meV  omega=    107.4029 meV   on_shell_Omega=    107.4095 meV  off_shell_Omega=    107.4095 meV
     lambda_tr(   4 )=       0.000000   gamma_tr=       0.000000 meV  omega=    107.4029 meV   on_shell_Omega=    107.4095 meV  off_shell_Omega=    107.4095 meV
     lambda___(   5 )=       0.000000   gamma___=       0.000000 meV  omega=    191.2816 meV   on_shell_Omega=    191.5687 meV  off_shell_Omega=    191.6085 meV
     lambda_tr(   5 )=       0.000000   gamma_tr=       0.000000 meV  omega=    191.2816 meV   on_shell_Omega=    191.5687 meV  off_shell_Omega=    191.6085 meV
     lambda___(   6 )=       0.000000   gamma___=       0.000000 meV  omega=    197.4454 meV   on_shell_Omega=    198.0490 meV  off_shell_Omega=    198.0239 meV
     lambda_tr(   6 )=       0.000000   gamma_tr=       0.000000 meV  omega=    197.4454 meV   on_shell_Omega=    198.0490 meV  off_shell_Omega=    198.0239 meV
     lambda___( tot )=      -0.000000
     lambda_tr( tot )=      -0.000000
     -------------------------------------------------------------------


     Number of (k,k+q) pairs on the Fermi surface:      302 out of      324


     ismear =     1 iq =      38 coord.:   0.11111  0.05556  0.00000 wt:   0.00309 Temp:  300.000K
     -------------------------------------------------------------------
     lambda___(   1 )=      -0.000000   gamma___=      -0.000000 meV  omega=      6.1788 meV   on_shell_Omega=      6.2216 meV  off_shell_Omega=      6.2216 meV
     lambda_tr(   1 )=      -0.000000   gamma_tr=      -0.000000 meV  omega=      6.1788 meV   on_shell_Omega=      6.2216 meV  off_shell_Omega=      6.2216 meV
     lambda___(   2 )=      -0.000000   gamma___=      -0.000000 meV  omega=     38.3588 meV   on_shell_Omega=     38.3994 meV  off_shell_Omega=     38.3994 meV
     lambda_tr(   2 )=      -0.000000   gamma_tr=      -0.000000 meV  omega=     38.3588 meV   on_shell_Omega=     38.3994 meV  off_shell_Omega=     38.3994 meV
     lambda___(   3 )=      -0.000000   gamma___=      -0.000000 meV  omega=     59.1623 meV   on_shell_Omega=     59.1686 meV  off_shell_Omega=     59.1686 meV
     lambda_tr(   3 )=      -0.000000   gamma_tr=      -0.000000 meV  omega=     59.1623 meV   on_shell_Omega=     59.1686 meV  off_shell_Omega=     59.1686 meV
     lambda___(   4 )=       0.000000   gamma___=       0.000000 meV  omega=    106.4776 meV   on_shell_Omega=    106.4853 meV  off_shell_Omega=    106.4853 meV
     lambda_tr(   4 )=       0.000000   gamma_tr=       0.000000 meV  omega=    106.4776 meV   on_shell_Omega=    106.4853 meV  off_shell_Omega=    106.4853 meV
     lambda___(   5 )=       0.000000   gamma___=       0.000000 meV  omega=    189.5139 meV   on_shell_Omega=    189.7675 meV  off_shell_Omega=    189.8378 meV
     lambda_tr(   5 )=       0.000000   gamma_tr=       0.000000 meV  omega=    189.5139 meV   on_shell_Omega=    189.7675 meV  off_shell_Omega=    189.8378 meV
     lambda___(   6 )=       0.000000   gamma___=       0.000000 meV  omega=    199.0756 meV   on_shell_Omega=    199.4733 meV  off_shell_Omega=    199.4159 meV
     lambda_tr(   6 )=       0.000000   gamma_tr=       0.000000 meV  omega=    199.0756 meV   on_shell_Omega=    199.4733 meV  off_shell_Omega=    199.4159 meV
     lambda___( tot )=       0.000000
     lambda_tr( tot )=       0.000000
     -------------------------------------------------------------------


     Number of (k,k+q) pairs on the Fermi surface:      303 out of      324


     ismear =     1 iq =      39 coord.:   0.11111  0.11111  0.00000 wt:   0.00309 Temp:  300.000K
     -------------------------------------------------------------------
     lambda___(   1 )=      -0.000000   gamma___=      -0.000000 meV  omega=     11.0254 meV   on_shell_Omega=     11.0663 meV  off_shell_Omega=     11.0663 meV
     lambda_tr(   1 )=      -0.000000   gamma_tr=      -0.000000 meV  omega=     11.0254 meV   on_shell_Omega=     11.0663 meV  off_shell_Omega=     11.0663 meV
     lambda___(   2 )=      -0.000000   gamma___=      -0.000000 meV  omega=     50.4084 meV   on_shell_Omega=     50.4483 meV  off_shell_Omega=     50.4483 meV
     lambda_tr(   2 )=      -0.000000   gamma_tr=      -0.000000 meV  omega=     50.4084 meV   on_shell_Omega=     50.4483 meV  off_shell_Omega=     50.4483 meV
     lambda___(   3 )=       0.000000   gamma___=       0.000000 meV  omega=     75.1338 meV   on_shell_Omega=     75.1222 meV  off_shell_Omega=     75.1222 meV
     lambda_tr(   3 )=       0.000000   gamma_tr=       0.000000 meV  omega=     75.1338 meV   on_shell_Omega=     75.1222 meV  off_shell_Omega=     75.1222 meV
     lambda___(   4 )=       0.000000   gamma___=       0.000000 meV  omega=    104.8076 meV   on_shell_Omega=    104.8193 meV  off_shell_Omega=    104.8193 meV
     lambda_tr(   4 )=       0.000000   gamma_tr=       0.000000 meV  omega=    104.8076 meV   on_shell_Omega=    104.8193 meV  off_shell_Omega=    104.8193 meV
     lambda___(   5 )=       0.000000   gamma___=       0.000000 meV  omega=    186.3581 meV   on_shell_Omega=    186.6136 meV  off_shell_Omega=    186.6765 meV
     lambda_tr(   5 )=       0.000000   gamma_tr=       0.000000 meV  omega=    186.3581 meV   on_shell_Omega=    186.6136 meV  off_shell_Omega=    186.6765 meV
     lambda___(   6 )=       0.000000   gamma___=       0.000000 meV  omega=    199.4562 meV   on_shell_Omega=    199.7102 meV  off_shell_Omega=    199.7971 meV
     lambda_tr(   6 )=       0.000000   gamma_tr=       0.000000 meV  omega=    199.4562 meV   on_shell_Omega=    199.7102 meV  off_shell_Omega=    199.7971 meV
     lambda___( tot )=       0.000000
     lambda_tr( tot )=       0.000000
     -------------------------------------------------------------------


     Number of (k,k+q) pairs on the Fermi surface:      303 out of      324


     ismear =     1 iq =      40 coord.:   0.11111  0.16667  0.00000 wt:   0.00309 Temp:  300.000K
     -------------------------------------------------------------------
     lambda___(   1 )=       0.000000   gamma___=       0.000000 meV  omega=     17.5109 meV   on_shell_Omega=     17.5374 meV  off_shell_Omega=     17.5374 meV
     lambda_tr(   1 )=       0.000000   gamma_tr=       0.000000 meV  omega=     17.5109 meV   on_shell_Omega=     17.5374 meV  off_shell_Omega=     17.5374 meV
     lambda___(   2 )=       0.000000   gamma___=       0.000000 meV  omega=     62.2976 meV   on_shell_Omega=     62.3313 meV  off_shell_Omega=     62.3313 meV
     lambda_tr(   2 )=       0.000000   gamma_tr=       0.000000 meV  omega=     62.2976 meV   on_shell_Omega=     62.3313 meV  off_shell_Omega=     62.3313 meV
     lambda___(   3 )=       0.000000   gamma___=       0.000000 meV  omega=     91.8297 meV   on_shell_Omega=     91.8303 meV  off_shell_Omega=     91.8303 meV
     lambda_tr(   3 )=       0.000000   gamma_tr=       0.000000 meV  omega=     91.8297 meV   on_shell_Omega=     91.8303 meV  off_shell_Omega=     91.8303 meV
     lambda___(   4 )=       0.000000   gamma___=       0.000000 meV  omega=    102.2690 meV   on_shell_Omega=    102.2901 meV  off_shell_Omega=    102.2901 meV
     lambda_tr(   4 )=       0.000000   gamma_tr=       0.000000 meV  omega=    102.2690 meV   on_shell_Omega=    102.2901 meV  off_shell_Omega=    102.2901 meV
     lambda___(   5 )=       0.000000   gamma___=       0.000000 meV  omega=    182.4229 meV   on_shell_Omega=    182.7025 meV  off_shell_Omega=    182.7346 meV
     lambda_tr(   5 )=       0.000000   gamma_tr=       0.000000 meV  omega=    182.4229 meV   on_shell_Omega=    182.7025 meV  off_shell_Omega=    182.7346 meV
     lambda___(   6 )=       0.000000   gamma___=       0.000000 meV  omega=    197.6906 meV   on_shell_Omega=    197.8457 meV  off_shell_Omega=    197.7871 meV
     lambda_tr(   6 )=       0.000000   gamma_tr=       0.000000 meV  omega=    197.6906 meV   on_shell_Omega=    197.8457 meV  off_shell_Omega=    197.7871 meV
     lambda___( tot )=       0.000000
     lambda_tr( tot )=       0.000000
     -------------------------------------------------------------------


     Number of (k,k+q) pairs on the Fermi surface:      302 out of      324


     ismear =     1 iq =      41 coord.:   0.11111  0.22222  0.00000 wt:   0.00309 Temp:  300.000K
     -------------------------------------------------------------------
     lambda___(   1 )=       0.000000   gamma___=       0.000000 meV  omega=     25.3647 meV   on_shell_Omega=     25.3816 meV  off_shell_Omega=     25.3816 meV
     lambda_tr(   1 )=       0.000000   gamma_tr=       0.000000 meV  omega=     25.3647 meV   on_shell_Omega=     25.3816 meV  off_shell_Omega=     25.3816 meV
     lambda___(   2 )=       0.000000   gamma___=       0.000000 meV  omega=     72.0906 meV   on_shell_Omega=     72.1143 meV  off_shell_Omega=     72.1143 meV
     lambda_tr(   2 )=       0.000000   gamma_tr=       0.000000 meV  omega=     72.0906 meV   on_shell_Omega=     72.1143 meV  off_shell_Omega=     72.1143 meV
     lambda___(   3 )=       0.000000   gamma___=       0.000000 meV  omega=     98.6878 meV   on_shell_Omega=     98.7097 meV  off_shell_Omega=     98.7097 meV
     lambda_tr(   3 )=       0.000000   gamma_tr=       0.000000 meV  omega=     98.6878 meV   on_shell_Omega=     98.7097 meV  off_shell_Omega=     98.7097 meV
     lambda___(   4 )=       0.000000   gamma___=       0.000000 meV  omega=    108.2117 meV   on_shell_Omega=    108.2260 meV  off_shell_Omega=    108.2260 meV
     lambda_tr(   4 )=       0.000000   gamma_tr=       0.000000 meV  omega=    108.2117 meV   on_shell_Omega=    108.2260 meV  off_shell_Omega=    108.2260 meV
     lambda___(   5 )=       0.000000   gamma___=       0.000000 meV  omega=    178.9327 meV   on_shell_Omega=    179.1516 meV  off_shell_Omega=    179.0201 meV
     lambda_tr(   5 )=       0.000000   gamma_tr=       0.000000 meV  omega=    178.9327 meV   on_shell_Omega=    179.1516 meV  off_shell_Omega=    179.0201 meV
     lambda___(   6 )=       0.000000   gamma___=       0.000000 meV  omega=    194.0041 meV   on_shell_Omega=    194.1170 meV  off_shell_Omega=    194.1170 meV
     lambda_tr(   6 )=       0.000000   gamma_tr=       0.000000 meV  omega=    194.0041 meV   on_shell_Omega=    194.1170 meV  off_shell_Omega=    194.1170 meV
     lambda___( tot )=       0.000000
     lambda_tr( tot )=       0.000000
     -------------------------------------------------------------------


     Number of (k,k+q) pairs on the Fermi surface:      302 out of      324


     ismear =     1 iq =      42 coord.:   0.11111  0.27778  0.00000 wt:   0.00309 Temp:  300.000K
     -------------------------------------------------------------------
     lambda___(   1 )=       0.000000   gamma___=       0.000000 meV  omega=     34.4046 meV   on_shell_Omega=     34.4091 meV  off_shell_Omega=     34.4091 meV
     lambda_tr(   1 )=       0.000000   gamma_tr=       0.000000 meV  omega=     34.4046 meV   on_shell_Omega=     34.4091 meV  off_shell_Omega=     34.4091 meV
     lambda___(   2 )=       0.000000   gamma___=       0.000000 meV  omega=     79.2119 meV   on_shell_Omega=     79.2215 meV  off_shell_Omega=     79.2215 meV
     lambda_tr(   2 )=       0.000000   gamma_tr=       0.000000 meV  omega=     79.2119 meV   on_shell_Omega=     79.2215 meV  off_shell_Omega=     79.2215 meV
     lambda___(   3 )=       0.000000   gamma___=       0.000000 meV  omega=     93.8507 meV   on_shell_Omega=     93.8836 meV  off_shell_Omega=     93.8836 meV
     lambda_tr(   3 )=       0.000000   gamma_tr=       0.000000 meV  omega=     93.8507 meV   on_shell_Omega=     93.8836 meV  off_shell_Omega=     93.8836 meV
     lambda___(   4 )=       0.000000   gamma___=       0.000000 meV  omega=    123.9277 meV   on_shell_Omega=    123.9513 meV  off_shell_Omega=    123.9513 meV
     lambda_tr(   4 )=       0.000000   gamma_tr=       0.000000 meV  omega=    123.9277 meV   on_shell_Omega=    123.9513 meV  off_shell_Omega=    123.9513 meV
     lambda___(   5 )=       0.000000   gamma___=       0.000000 meV  omega=    176.4596 meV   on_shell_Omega=    176.6497 meV  off_shell_Omega=    176.5457 meV
     lambda_tr(   5 )=       0.000000   gamma_tr=       0.000000 meV  omega=    176.4596 meV   on_shell_Omega=    176.6497 meV  off_shell_Omega=    176.5457 meV
     lambda___(   6 )=       0.000000   gamma___=       0.000000 meV  omega=    188.8066 meV   on_shell_Omega=    188.8789 meV  off_shell_Omega=    188.8789 meV
     lambda_tr(   6 )=       0.000000   gamma_tr=       0.000000 meV  omega=    188.8066 meV   on_shell_Omega=    188.8789 meV  off_shell_Omega=    188.8789 meV
     lambda___( tot )=       0.000000
     lambda_tr( tot )=       0.000000
     -------------------------------------------------------------------


     Number of (k,k+q) pairs on the Fermi surface:      302 out of      324


     ismear =     1 iq =      43 coord.:   0.11111  0.33333  0.00000 wt:   0.00309 Temp:  300.000K
     -------------------------------------------------------------------
     lambda___(   1 )=      -0.000000   gamma___=      -0.000000 meV  omega=     44.1153 meV   on_shell_Omega=     44.1476 meV  off_shell_Omega=     44.1476 meV
     lambda_tr(   1 )=      -0.000000   gamma_tr=      -0.000000 meV  omega=     44.1153 meV   on_shell_Omega=     44.1476 meV  off_shell_Omega=     44.1476 meV
     lambda___(   2 )=      -0.000000   gamma___=      -0.000000 meV  omega=     84.1622 meV   on_shell_Omega=     84.1698 meV  off_shell_Omega=     84.1698 meV
     lambda_tr(   2 )=      -0.000000   gamma_tr=      -0.000000 meV  omega=     84.1622 meV   on_shell_Omega=     84.1698 meV  off_shell_Omega=     84.1698 meV
     lambda___(   3 )=      -0.000000   gamma___=      -0.000000 meV  omega=     87.7144 meV   on_shell_Omega=     87.7382 meV  off_shell_Omega=     87.7382 meV
     lambda_tr(   3 )=      -0.000000   gamma_tr=      -0.000000 meV  omega=     87.7144 meV   on_shell_Omega=     87.7382 meV  off_shell_Omega=     87.7382 meV
     lambda___(   4 )=       0.000000   gamma___=       0.000000 meV  omega=    138.6368 meV   on_shell_Omega=    138.6575 meV  off_shell_Omega=    138.6575 meV
     lambda_tr(   4 )=       0.000000   gamma_tr=       0.000000 meV  omega=    138.6368 meV   on_shell_Omega=    138.6575 meV  off_shell_Omega=    138.6575 meV
     lambda___(   5 )=       0.000000   gamma___=       0.000000 meV  omega=    174.5519 meV   on_shell_Omega=    174.7341 meV  off_shell_Omega=    174.6371 meV
     lambda_tr(   5 )=       0.000000   gamma_tr=       0.000000 meV  omega=    174.5519 meV   on_shell_Omega=    174.7341 meV  off_shell_Omega=    174.6371 meV
     lambda___(   6 )=       0.000000   gamma___=       0.000000 meV  omega=    182.1456 meV   on_shell_Omega=    182.1962 meV  off_shell_Omega=    182.1962 meV
     lambda_tr(   6 )=       0.000000   gamma_tr=       0.000000 meV  omega=    182.1456 meV   on_shell_Omega=    182.1962 meV  off_shell_Omega=    182.1962 meV
     lambda___( tot )=       0.000000
     lambda_tr( tot )=       0.000000
     -------------------------------------------------------------------


     Number of (k,k+q) pairs on the Fermi surface:      302 out of      324


     ismear =     1 iq =      44 coord.:   0.11111  0.38889  0.00000 wt:   0.00309 Temp:  300.000K
     -------------------------------------------------------------------
     lambda___(   1 )=       0.000000   gamma___=       0.000000 meV  omega=     53.2693 meV   on_shell_Omega=     53.3339 meV  off_shell_Omega=     53.3339 meV
     lambda_tr(   1 )=       0.000000   gamma_tr=       0.000000 meV  omega=     53.2693 meV   on_shell_Omega=     53.3339 meV  off_shell_Omega=     53.3339 meV
     lambda___(   2 )=       0.000000   gamma___=       0.000000 meV  omega=     80.9436 meV   on_shell_Omega=     80.9677 meV  off_shell_Omega=     80.9677 meV
     lambda_tr(   2 )=       0.000000   gamma_tr=       0.000000 meV  omega=     80.9436 meV   on_shell_Omega=     80.9677 meV  off_shell_Omega=     80.9677 meV
     lambda___(   3 )=       0.000000   gamma___=       0.000000 meV  omega=     87.3444 meV   on_shell_Omega=     87.3465 meV  off_shell_Omega=     87.3465 meV
     lambda_tr(   3 )=       0.000000   gamma_tr=       0.000000 meV  omega=     87.3444 meV   on_shell_Omega=     87.3465 meV  off_shell_Omega=     87.3465 meV
     lambda___(   4 )=       0.000000   gamma___=       0.000000 meV  omega=    151.8909 meV   on_shell_Omega=    151.9003 meV  off_shell_Omega=    151.9003 meV
     lambda_tr(   4 )=       0.000000   gamma_tr=       0.000000 meV  omega=    151.8909 meV   on_shell_Omega=    151.9003 meV  off_shell_Omega=    151.9003 meV
     lambda___(   5 )=       0.000000   gamma___=       0.000000 meV  omega=    172.5647 meV   on_shell_Omega=    172.6581 meV  off_shell_Omega=    172.6581 meV
     lambda_tr(   5 )=       0.000000   gamma_tr=       0.000000 meV  omega=    172.5647 meV   on_shell_Omega=    172.6581 meV  off_shell_Omega=    172.6581 meV
     lambda___(   6 )=       0.000000   gamma___=       0.000000 meV  omega=    174.2946 meV   on_shell_Omega=    174.4345 meV  off_shell_Omega=    174.3797 meV
     lambda_tr(   6 )=       0.000000   gamma_tr=       0.000000 meV  omega=    174.2946 meV   on_shell_Omega=    174.4345 meV  off_shell_Omega=    174.3797 meV
     lambda___( tot )=       0.000000
     lambda_tr( tot )=       0.000000
     -------------------------------------------------------------------


     Number of (k,k+q) pairs on the Fermi surface:      302 out of      324


     ismear =     1 iq =      45 coord.:   0.11111  0.44444  0.00000 wt:   0.00309 Temp:  300.000K
     -------------------------------------------------------------------
     lambda___(   1 )=       0.000000   gamma___=       0.000000 meV  omega=     58.0532 meV   on_shell_Omega=     58.1085 meV  off_shell_Omega=     58.1085 meV
     lambda_tr(   1 )=       0.000000   gamma_tr=       0.000000 meV  omega=     58.0532 meV   on_shell_Omega=     58.1085 meV  off_shell_Omega=     58.1085 meV
     lambda___(   2 )=       0.000000   gamma___=       0.000000 meV  omega=     76.9920 meV   on_shell_Omega=     77.0327 meV  off_shell_Omega=     77.0327 meV
     lambda_tr(   2 )=       0.000000   gamma_tr=       0.000000 meV  omega=     76.9920 meV   on_shell_Omega=     77.0327 meV  off_shell_Omega=     77.0327 meV
     lambda___(   3 )=       0.000000   gamma___=       0.000000 meV  omega=     88.4970 meV   on_shell_Omega=     88.4974 meV  off_shell_Omega=     88.4974 meV
     lambda_tr(   3 )=       0.000000   gamma_tr=       0.000000 meV  omega=     88.4970 meV   on_shell_Omega=     88.4974 meV  off_shell_Omega=     88.4974 meV
     lambda___(   4 )=       0.000000   gamma___=       0.000000 meV  omega=    162.1541 meV   on_shell_Omega=    162.1295 meV  off_shell_Omega=    162.1295 meV
     lambda_tr(   4 )=       0.000000   gamma_tr=       0.000000 meV  omega=    162.1541 meV   on_shell_Omega=    162.1295 meV  off_shell_Omega=    162.1295 meV
     lambda___(   5 )=       0.000000   gamma___=       0.000000 meV  omega=    165.0703 meV   on_shell_Omega=    165.1150 meV  off_shell_Omega=    165.1150 meV
     lambda_tr(   5 )=       0.000000   gamma_tr=       0.000000 meV  omega=    165.0703 meV   on_shell_Omega=    165.1150 meV  off_shell_Omega=    165.1150 meV
     lambda___(   6 )=       0.000000   gamma___=       0.000000 meV  omega=    172.5188 meV   on_shell_Omega=    172.7359 meV  off_shell_Omega=    172.6031 meV
     lambda_tr(   6 )=       0.000000   gamma_tr=       0.000000 meV  omega=    172.5188 meV   on_shell_Omega=    172.7359 meV  off_shell_Omega=    172.6031 meV
     lambda___( tot )=       0.000000
     lambda_tr( tot )=       0.000000
     -------------------------------------------------------------------


     Number of (k,k+q) pairs on the Fermi surface:      303 out of      324


     ismear =     1 iq =      46 coord.:   0.11111  0.50000  0.00000 wt:   0.00309 Temp:  300.000K
     -------------------------------------------------------------------
     lambda___(   1 )=       0.000000   gamma___=       0.000000 meV  omega=     53.2693 meV   on_shell_Omega=     53.3242 meV  off_shell_Omega=     53.3242 meV
     lambda_tr(   1 )=       0.000000   gamma_tr=       0.000000 meV  omega=     53.2693 meV   on_shell_Omega=     53.3242 meV  off_shell_Omega=     53.3242 meV
     lambda___(   2 )=       0.000000   gamma___=       0.000000 meV  omega=     80.9436 meV   on_shell_Omega=     80.9665 meV  off_shell_Omega=     80.9665 meV
     lambda_tr(   2 )=       0.000000   gamma_tr=       0.000000 meV  omega=     80.9436 meV   on_shell_Omega=     80.9665 meV  off_shell_Omega=     80.9665 meV
     lambda___(   3 )=       0.000000   gamma___=       0.000000 meV  omega=     87.3444 meV   on_shell_Omega=     87.3478 meV  off_shell_Omega=     87.3478 meV
     lambda_tr(   3 )=       0.000000   gamma_tr=       0.000000 meV  omega=     87.3444 meV   on_shell_Omega=     87.3478 meV  off_shell_Omega=     87.3478 meV
     lambda___(   4 )=       0.000000   gamma___=       0.000000 meV  omega=    151.8909 meV   on_shell_Omega=    151.9025 meV  off_shell_Omega=    151.9025 meV
     lambda_tr(   4 )=       0.000000   gamma_tr=       0.000000 meV  omega=    151.8909 meV   on_shell_Omega=    151.9025 meV  off_shell_Omega=    151.9025 meV
     lambda___(   5 )=       0.000000   gamma___=       0.000000 meV  omega=    172.5647 meV   on_shell_Omega=    172.6629 meV  off_shell_Omega=    172.6629 meV
     lambda_tr(   5 )=       0.000000   gamma_tr=       0.000000 meV  omega=    172.5647 meV   on_shell_Omega=    172.6629 meV  off_shell_Omega=    172.6629 meV
     lambda___(   6 )=       0.000000   gamma___=       0.000000 meV  omega=    174.2946 meV   on_shell_Omega=    174.4459 meV  off_shell_Omega=    174.3797 meV
     lambda_tr(   6 )=      -0.000000   gamma_tr=      -0.000000 meV  omega=    174.2946 meV   on_shell_Omega=    174.4459 meV  off_shell_Omega=    174.3797 meV
     lambda___( tot )=       0.000000
     lambda_tr( tot )=       0.000000
     -------------------------------------------------------------------


     Number of (k,k+q) pairs on the Fermi surface:      302 out of      324


     ismear =     1 iq =      47 coord.:   0.11111  0.55556  0.00000 wt:   0.00309 Temp:  300.000K
     -------------------------------------------------------------------
     lambda___(   1 )=       0.000000   gamma___=       0.000000 meV  omega=     44.1153 meV   on_shell_Omega=     44.1665 meV  off_shell_Omega=     44.1665 meV
     lambda_tr(   1 )=       0.000000   gamma_tr=       0.000000 meV  omega=     44.1153 meV   on_shell_Omega=     44.1665 meV  off_shell_Omega=     44.1665 meV
     lambda___(   2 )=       0.000000   gamma___=       0.000000 meV  omega=     84.1622 meV   on_shell_Omega=     84.1698 meV  off_shell_Omega=     84.1698 meV
     lambda_tr(   2 )=       0.000000   gamma_tr=       0.000000 meV  omega=     84.1622 meV   on_shell_Omega=     84.1698 meV  off_shell_Omega=     84.1698 meV
     lambda___(   3 )=       0.000000   gamma___=       0.000000 meV  omega=     87.7144 meV   on_shell_Omega=     87.7767 meV  off_shell_Omega=     87.7767 meV
     lambda_tr(   3 )=       0.000000   gamma_tr=       0.000000 meV  omega=     87.7144 meV   on_shell_Omega=     87.7767 meV  off_shell_Omega=     87.7767 meV
     lambda___(   4 )=       0.000000   gamma___=       0.000000 meV  omega=    138.6368 meV   on_shell_Omega=    138.6483 meV  off_shell_Omega=    138.6483 meV
     lambda_tr(   4 )=       0.000000   gamma_tr=       0.000000 meV  omega=    138.6368 meV   on_shell_Omega=    138.6483 meV  off_shell_Omega=    138.6483 meV
     lambda___(   5 )=       0.000000   gamma___=       0.000000 meV  omega=    174.5519 meV   on_shell_Omega=    174.7537 meV  off_shell_Omega=    174.6371 meV
     lambda_tr(   5 )=       0.000000   gamma_tr=       0.000000 meV  omega=    174.5519 meV   on_shell_Omega=    174.7537 meV  off_shell_Omega=    174.6371 meV
     lambda___(   6 )=       0.000000   gamma___=       0.000000 meV  omega=    182.1456 meV   on_shell_Omega=    182.2053 meV  off_shell_Omega=    182.2053 meV
     lambda_tr(   6 )=       0.000000   gamma_tr=       0.000000 meV  omega=    182.1456 meV   on_shell_Omega=    182.2053 meV  off_shell_Omega=    182.2053 meV
     lambda___( tot )=       0.000000
     lambda_tr( tot )=       0.000000
     -------------------------------------------------------------------


     Number of (k,k+q) pairs on the Fermi surface:      302 out of      324


     ismear =     1 iq =      48 coord.:   0.11111  0.61111  0.00000 wt:   0.00309 Temp:  300.000K
     -------------------------------------------------------------------
     lambda___(   1 )=       0.000000   gamma___=       0.000000 meV  omega=     34.4046 meV   on_shell_Omega=     34.4283 meV  off_shell_Omega=     34.4283 meV
     lambda_tr(   1 )=       0.000000   gamma_tr=       0.000000 meV  omega=     34.4046 meV   on_shell_Omega=     34.4283 meV  off_shell_Omega=     34.4283 meV
     lambda___(   2 )=       0.000000   gamma___=       0.000000 meV  omega=     79.2119 meV   on_shell_Omega=     79.2266 meV  off_shell_Omega=     79.2266 meV
     lambda_tr(   2 )=       0.000000   gamma_tr=       0.000000 meV  omega=     79.2119 meV   on_shell_Omega=     79.2266 meV  off_shell_Omega=     79.2266 meV
     lambda___(   3 )=       0.000000   gamma___=       0.000000 meV  omega=     93.8507 meV   on_shell_Omega=     93.8947 meV  off_shell_Omega=     93.8947 meV
     lambda_tr(   3 )=       0.000000   gamma_tr=       0.000000 meV  omega=     93.8507 meV   on_shell_Omega=     93.8947 meV  off_shell_Omega=     93.8947 meV
     lambda___(   4 )=       0.000000   gamma___=       0.000000 meV  omega=    123.9277 meV   on_shell_Omega=    123.9378 meV  off_shell_Omega=    123.9378 meV
     lambda_tr(   4 )=       0.000000   gamma_tr=       0.000000 meV  omega=    123.9277 meV   on_shell_Omega=    123.9378 meV  off_shell_Omega=    123.9378 meV
     lambda___(   5 )=       0.000000   gamma___=       0.000000 meV  omega=    176.4596 meV   on_shell_Omega=    176.6775 meV  off_shell_Omega=    176.5457 meV
     lambda_tr(   5 )=       0.000000   gamma_tr=       0.000000 meV  omega=    176.4596 meV   on_shell_Omega=    176.6775 meV  off_shell_Omega=    176.5457 meV
     lambda___(   6 )=       0.000000   gamma___=       0.000000 meV  omega=    188.8066 meV   on_shell_Omega=    188.8812 meV  off_shell_Omega=    188.8812 meV
     lambda_tr(   6 )=       0.000000   gamma_tr=       0.000000 meV  omega=    188.8066 meV   on_shell_Omega=    188.8812 meV  off_shell_Omega=    188.8812 meV
     lambda___( tot )=       0.000000
     lambda_tr( tot )=       0.000000
     -------------------------------------------------------------------


     Number of (k,k+q) pairs on the Fermi surface:      304 out of      324


     ismear =     1 iq =      49 coord.:   0.11111  0.66667  0.00000 wt:   0.00309 Temp:  300.000K
     -------------------------------------------------------------------
     lambda___(   1 )=       0.000000   gamma___=       0.000000 meV  omega=     25.3647 meV   on_shell_Omega=     25.3946 meV  off_shell_Omega=     25.3946 meV
     lambda_tr(   1 )=       0.000000   gamma_tr=       0.000000 meV  omega=     25.3647 meV   on_shell_Omega=     25.3946 meV  off_shell_Omega=     25.3946 meV
     lambda___(   2 )=       0.000000   gamma___=       0.000000 meV  omega=     72.0906 meV   on_shell_Omega=     72.1173 meV  off_shell_Omega=     72.1173 meV
     lambda_tr(   2 )=       0.000000   gamma_tr=       0.000000 meV  omega=     72.0906 meV   on_shell_Omega=     72.1173 meV  off_shell_Omega=     72.1173 meV
     lambda___(   3 )=       0.000000   gamma___=       0.000000 meV  omega=     98.6878 meV   on_shell_Omega=     98.7212 meV  off_shell_Omega=     98.7212 meV
     lambda_tr(   3 )=       0.000000   gamma_tr=       0.000000 meV  omega=     98.6878 meV   on_shell_Omega=     98.7212 meV  off_shell_Omega=     98.7212 meV
     lambda___(   4 )=       0.000000   gamma___=       0.000000 meV  omega=    108.2117 meV   on_shell_Omega=    108.2191 meV  off_shell_Omega=    108.2191 meV
     lambda_tr(   4 )=       0.000000   gamma_tr=       0.000000 meV  omega=    108.2117 meV   on_shell_Omega=    108.2191 meV  off_shell_Omega=    108.2191 meV
     lambda___(   5 )=       0.000000   gamma___=       0.000000 meV  omega=    178.9327 meV   on_shell_Omega=    179.1423 meV  off_shell_Omega=    179.0201 meV
     lambda_tr(   5 )=       0.000000   gamma_tr=       0.000000 meV  omega=    178.9327 meV   on_shell_Omega=    179.1423 meV  off_shell_Omega=    179.0201 meV
     lambda___(   6 )=       0.000000   gamma___=       0.000000 meV  omega=    194.0041 meV   on_shell_Omega=    194.1151 meV  off_shell_Omega=    194.1151 meV
     lambda_tr(   6 )=       0.000000   gamma_tr=       0.000000 meV  omega=    194.0041 meV   on_shell_Omega=    194.1151 meV  off_shell_Omega=    194.1151 meV
     lambda___( tot )=       0.000000
     lambda_tr( tot )=       0.000000
     -------------------------------------------------------------------


     Number of (k,k+q) pairs on the Fermi surface:      302 out of      324


     ismear =     1 iq =      50 coord.:   0.11111  0.72222  0.00000 wt:   0.00309 Temp:  300.000K
     -------------------------------------------------------------------
     lambda___(   1 )=      -0.000000   gamma___=      -0.000000 meV  omega=     17.5109 meV   on_shell_Omega=     17.5566 meV  off_shell_Omega=     17.5566 meV
     lambda_tr(   1 )=       0.000000   gamma_tr=       0.000000 meV  omega=     17.5109 meV   on_shell_Omega=     17.5566 meV  off_shell_Omega=     17.5566 meV
     lambda___(   2 )=       0.000000   gamma___=       0.000000 meV  omega=     62.2976 meV   on_shell_Omega=     62.3368 meV  off_shell_Omega=     62.3368 meV
     lambda_tr(   2 )=       0.000000   gamma_tr=       0.000000 meV  omega=     62.2976 meV   on_shell_Omega=     62.3368 meV  off_shell_Omega=     62.3368 meV
     lambda___(   3 )=       0.000000   gamma___=       0.000000 meV  omega=     91.8297 meV   on_shell_Omega=     91.8201 meV  off_shell_Omega=     91.8201 meV
     lambda_tr(   3 )=       0.000000   gamma_tr=       0.000000 meV  omega=     91.8297 meV   on_shell_Omega=     91.8201 meV  off_shell_Omega=     91.8201 meV
     lambda___(   4 )=       0.000000   gamma___=       0.000000 meV  omega=    102.2690 meV   on_shell_Omega=    102.2929 meV  off_shell_Omega=    102.2929 meV
     lambda_tr(   4 )=       0.000000   gamma_tr=       0.000000 meV  omega=    102.2690 meV   on_shell_Omega=    102.2929 meV  off_shell_Omega=    102.2929 meV
     lambda___(   5 )=       0.000000   gamma___=       0.000000 meV  omega=    182.4229 meV   on_shell_Omega=    182.6068 meV  off_shell_Omega=    182.5119 meV
     lambda_tr(   5 )=       0.000000   gamma_tr=       0.000000 meV  omega=    182.4229 meV   on_shell_Omega=    182.6068 meV  off_shell_Omega=    182.5119 meV
     lambda___(   6 )=       0.000000   gamma___=       0.000000 meV  omega=    197.6906 meV   on_shell_Omega=    197.8559 meV  off_shell_Omega=    197.7871 meV
     lambda_tr(   6 )=       0.000000   gamma_tr=       0.000000 meV  omega=    197.6906 meV   on_shell_Omega=    197.8559 meV  off_shell_Omega=    197.7871 meV
     lambda___( tot )=       0.000000
     lambda_tr( tot )=       0.000000
     -------------------------------------------------------------------


     Number of (k,k+q) pairs on the Fermi surface:      303 out of      324


     ismear =     1 iq =      51 coord.:   0.11111  0.77778  0.00000 wt:   0.00309 Temp:  300.000K
     -------------------------------------------------------------------
     lambda___(   1 )=       0.000000   gamma___=       0.000000 meV  omega=     11.0254 meV   on_shell_Omega=     11.0576 meV  off_shell_Omega=     11.0576 meV
     lambda_tr(   1 )=       0.000000   gamma_tr=       0.000000 meV  omega=     11.0254 meV   on_shell_Omega=     11.0576 meV  off_shell_Omega=     11.0576 meV
     lambda___(   2 )=       0.000000   gamma___=       0.000000 meV  omega=     50.4084 meV   on_shell_Omega=     50.4648 meV  off_shell_Omega=     50.4648 meV
     lambda_tr(   2 )=       0.000000   gamma_tr=       0.000000 meV  omega=     50.4084 meV   on_shell_Omega=     50.4648 meV  off_shell_Omega=     50.4648 meV
     lambda___(   3 )=       0.000000   gamma___=       0.000000 meV  omega=     75.1338 meV   on_shell_Omega=     75.1138 meV  off_shell_Omega=     75.1138 meV
     lambda_tr(   3 )=       0.000000   gamma_tr=       0.000000 meV  omega=     75.1338 meV   on_shell_Omega=     75.1138 meV  off_shell_Omega=     75.1138 meV
     lambda___(   4 )=       0.000000   gamma___=       0.000000 meV  omega=    104.8076 meV   on_shell_Omega=    104.8186 meV  off_shell_Omega=    104.8186 meV
     lambda_tr(   4 )=       0.000000   gamma_tr=       0.000000 meV  omega=    104.8076 meV   on_shell_Omega=    104.8186 meV  off_shell_Omega=    104.8186 meV
     lambda___(   5 )=       0.000000   gamma___=       0.000000 meV  omega=    186.3581 meV   on_shell_Omega=    186.5216 meV  off_shell_Omega=    186.4491 meV
     lambda_tr(   5 )=       0.000000   gamma_tr=       0.000000 meV  omega=    186.3581 meV   on_shell_Omega=    186.5216 meV  off_shell_Omega=    186.4491 meV
     lambda___(   6 )=       0.000000   gamma___=       0.000000 meV  omega=    199.4562 meV   on_shell_Omega=    199.7291 meV  off_shell_Omega=    199.7971 meV
     lambda_tr(   6 )=       0.000000   gamma_tr=       0.000000 meV  omega=    199.4562 meV   on_shell_Omega=    199.7291 meV  off_shell_Omega=    199.7971 meV
     lambda___( tot )=       0.000000
     lambda_tr( tot )=       0.000000
     -------------------------------------------------------------------


     Number of (k,k+q) pairs on the Fermi surface:      303 out of      324


     ismear =     1 iq =      52 coord.:   0.11111  0.83333  0.00000 wt:   0.00309 Temp:  300.000K
     -------------------------------------------------------------------
     lambda___(   1 )=      -0.000000   gamma___=      -0.000000 meV  omega=      6.1788 meV   on_shell_Omega=      6.2213 meV  off_shell_Omega=      6.2213 meV
     lambda_tr(   1 )=      -0.000000   gamma_tr=      -0.000000 meV  omega=      6.1788 meV   on_shell_Omega=      6.2213 meV  off_shell_Omega=      6.2213 meV
     lambda___(   2 )=      -0.000000   gamma___=      -0.000000 meV  omega=     38.3588 meV   on_shell_Omega=     38.4038 meV  off_shell_Omega=     38.4038 meV
     lambda_tr(   2 )=      -0.000000   gamma_tr=      -0.000000 meV  omega=     38.3588 meV   on_shell_Omega=     38.4038 meV  off_shell_Omega=     38.4038 meV
     lambda___(   3 )=      -0.000000   gamma___=      -0.000000 meV  omega=     59.1623 meV   on_shell_Omega=     59.1635 meV  off_shell_Omega=     59.1635 meV
     lambda_tr(   3 )=      -0.000000   gamma_tr=      -0.000000 meV  omega=     59.1623 meV   on_shell_Omega=     59.1635 meV  off_shell_Omega=     59.1635 meV
     lambda___(   4 )=      -0.000000   gamma___=      -0.000000 meV  omega=    106.4776 meV   on_shell_Omega=    106.4826 meV  off_shell_Omega=    106.4826 meV
     lambda_tr(   4 )=      -0.000000   gamma_tr=      -0.000000 meV  omega=    106.4776 meV   on_shell_Omega=    106.4826 meV  off_shell_Omega=    106.4826 meV
     lambda___(   5 )=      -0.000000   gamma___=      -0.000000 meV  omega=    189.5139 meV   on_shell_Omega=    189.6971 meV  off_shell_Omega=    189.6065 meV
     lambda_tr(   5 )=      -0.000000   gamma_tr=      -0.000000 meV  omega=    189.5139 meV   on_shell_Omega=    189.6971 meV  off_shell_Omega=    189.6065 meV
     lambda___(   6 )=      -0.000000   gamma___=      -0.000000 meV  omega=    199.0756 meV   on_shell_Omega=    199.4706 meV  off_shell_Omega=    199.4159 meV
     lambda_tr(   6 )=      -0.000000   gamma_tr=      -0.000000 meV  omega=    199.0756 meV   on_shell_Omega=    199.4706 meV  off_shell_Omega=    199.4159 meV
     lambda___( tot )=      -0.000000
     lambda_tr( tot )=      -0.000000
     -------------------------------------------------------------------


     Number of (k,k+q) pairs on the Fermi surface:      303 out of      324


     ismear =     1 iq =      53 coord.:   0.11111  0.88889  0.00000 wt:   0.00309 Temp:  300.000K
     -------------------------------------------------------------------
     lambda___(   1 )=       0.000000   gamma___=       0.000000 meV  omega=      3.6749 meV   on_shell_Omega=      3.7657 meV  off_shell_Omega=      3.7657 meV
     lambda_tr(   1 )=       0.000000   gamma_tr=       0.000000 meV  omega=      3.6749 meV   on_shell_Omega=      3.7657 meV  off_shell_Omega=      3.7657 meV
     lambda___(   2 )=       0.000000   gamma___=       0.000000 meV  omega=     29.1538 meV   on_shell_Omega=     29.1458 meV  off_shell_Omega=     29.1458 meV
     lambda_tr(   2 )=       0.000000   gamma_tr=       0.000000 meV  omega=     29.1538 meV   on_shell_Omega=     29.1458 meV  off_shell_Omega=     29.1458 meV
     lambda___(   3 )=       0.000000   gamma___=       0.000000 meV  omega=     46.3288 meV   on_shell_Omega=     46.3593 meV  off_shell_Omega=     46.3593 meV
     lambda_tr(   3 )=       0.000000   gamma_tr=       0.000000 meV  omega=     46.3288 meV   on_shell_Omega=     46.3593 meV  off_shell_Omega=     46.3593 meV
     lambda___(   4 )=       0.000000   gamma___=       0.000000 meV  omega=    107.4029 meV   on_shell_Omega=    107.4083 meV  off_shell_Omega=    107.4083 meV
     lambda_tr(   4 )=       0.000000   gamma_tr=       0.000000 meV  omega=    107.4029 meV   on_shell_Omega=    107.4083 meV  off_shell_Omega=    107.4083 meV
     lambda___(   5 )=       0.000000   gamma___=       0.000000 meV  omega=    191.2816 meV   on_shell_Omega=    191.5781 meV  off_shell_Omega=    191.6085 meV
     lambda_tr(   5 )=       0.000000   gamma_tr=       0.000000 meV  omega=    191.2816 meV   on_shell_Omega=    191.5781 meV  off_shell_Omega=    191.6085 meV
     lambda___(   6 )=       0.000000   gamma___=       0.000000 meV  omega=    197.4454 meV   on_shell_Omega=    198.0112 meV  off_shell_Omega=    198.0239 meV
     lambda_tr(   6 )=       0.000000   gamma_tr=       0.000000 meV  omega=    197.4454 meV   on_shell_Omega=    198.0112 meV  off_shell_Omega=    198.0239 meV
     lambda___( tot )=       0.000000
     lambda_tr( tot )=       0.000000
     -------------------------------------------------------------------


     Number of (k,k+q) pairs on the Fermi surface:      302 out of      324


     ismear =     1 iq =      54 coord.:   0.11111  0.94444  0.00000 wt:   0.00309 Temp:  300.000K
     -------------------------------------------------------------------
     lambda___(   1 )=      -0.000000   gamma___=      -0.000000 meV  omega=      3.2649 meV   on_shell_Omega=      3.3815 meV  off_shell_Omega=      3.3815 meV
     lambda_tr(   1 )=      -0.000000   gamma_tr=      -0.000000 meV  omega=      3.2649 meV   on_shell_Omega=      3.3815 meV  off_shell_Omega=      3.3815 meV
     lambda___(   2 )=       0.000000   gamma___=       0.000000 meV  omega=     25.8170 meV   on_shell_Omega=     25.8768 meV  off_shell_Omega=     25.8768 meV
     lambda_tr(   2 )=       0.000000   gamma_tr=       0.000000 meV  omega=     25.8170 meV   on_shell_Omega=     25.8768 meV  off_shell_Omega=     25.8768 meV
     lambda___(   3 )=       0.000000   gamma___=       0.000000 meV  omega=     40.9540 meV   on_shell_Omega=     40.9463 meV  off_shell_Omega=     40.9463 meV
     lambda_tr(   3 )=       0.000000   gamma_tr=       0.000000 meV  omega=     40.9540 meV   on_shell_Omega=     40.9463 meV  off_shell_Omega=     40.9463 meV
     lambda___(   4 )=       0.000000   gamma___=       0.000000 meV  omega=    107.6939 meV   on_shell_Omega=    107.7024 meV  off_shell_Omega=    107.7024 meV
     lambda_tr(   4 )=       0.000000   gamma_tr=       0.000000 meV  omega=    107.6939 meV   on_shell_Omega=    107.7024 meV  off_shell_Omega=    107.7024 meV
     lambda___(   5 )=       0.000000   gamma___=       0.000000 meV  omega=    191.8424 meV   on_shell_Omega=    192.1141 meV  off_shell_Omega=    192.1703 meV
     lambda_tr(   5 )=       0.000000   gamma_tr=       0.000000 meV  omega=    191.8424 meV   on_shell_Omega=    192.1141 meV  off_shell_Omega=    192.1703 meV
     lambda___(   6 )=       0.000000   gamma___=       0.000000 meV  omega=    196.4972 meV   on_shell_Omega=    197.1467 meV  off_shell_Omega=    197.0728 meV
     lambda_tr(   6 )=       0.000000   gamma_tr=       0.000000 meV  omega=    196.4972 meV   on_shell_Omega=    197.1467 meV  off_shell_Omega=    197.0728 meV
     lambda___( tot )=       0.000000
     lambda_tr( tot )=       0.000000
     -------------------------------------------------------------------


     Number of (k,k+q) pairs on the Fermi surface:      302 out of      324


     ismear =     1 iq =      55 coord.:   0.16667  0.00000  0.00000 wt:   0.00309 Temp:  300.000K
     -------------------------------------------------------------------
     lambda___(   1 )=      -0.000000   gamma___=      -0.000000 meV  omega=      8.3280 meV   on_shell_Omega=      8.3376 meV  off_shell_Omega=      8.3376 meV
     lambda_tr(   1 )=      -0.000000   gamma_tr=      -0.000000 meV  omega=      8.3280 meV   on_shell_Omega=      8.3376 meV  off_shell_Omega=      8.3376 meV
     lambda___(   2 )=      -0.000000   gamma___=      -0.000000 meV  omega=     41.7169 meV   on_shell_Omega=     41.7133 meV  off_shell_Omega=     41.7133 meV
     lambda_tr(   2 )=      -0.000000   gamma_tr=      -0.000000 meV  omega=     41.7169 meV   on_shell_Omega=     41.7133 meV  off_shell_Omega=     41.7133 meV
     lambda___(   3 )=      -0.000000   gamma___=      -0.000000 meV  omega=     67.8271 meV   on_shell_Omega=     67.8632 meV  off_shell_Omega=     67.8632 meV
     lambda_tr(   3 )=      -0.000000   gamma_tr=      -0.000000 meV  omega=     67.8271 meV   on_shell_Omega=     67.8632 meV  off_shell_Omega=     67.8632 meV
     lambda___(   4 )=      -0.000000   gamma___=      -0.000000 meV  omega=    105.8192 meV   on_shell_Omega=    105.8214 meV  off_shell_Omega=    105.8214 meV
     lambda_tr(   4 )=       0.000000   gamma_tr=       0.000000 meV  omega=    105.8192 meV   on_shell_Omega=    105.8214 meV  off_shell_Omega=    105.8214 meV
     lambda___(   5 )=       0.000000   gamma___=       0.000000 meV  omega=    188.4072 meV   on_shell_Omega=    188.6504 meV  off_shell_Omega=    188.7292 meV
     lambda_tr(   5 )=       0.000000   gamma_tr=       0.000000 meV  omega=    188.4072 meV   on_shell_Omega=    188.6504 meV  off_shell_Omega=    188.7292 meV
     lambda___(   6 )=       0.000000   gamma___=       0.000000 meV  omega=    199.4475 meV   on_shell_Omega=    199.8280 meV  off_shell_Omega=    199.7883 meV
     lambda_tr(   6 )=       0.000000   gamma_tr=       0.000000 meV  omega=    199.4475 meV   on_shell_Omega=    199.8280 meV  off_shell_Omega=    199.7883 meV
     lambda___( tot )=      -0.000000
     lambda_tr( tot )=      -0.000000
     -------------------------------------------------------------------


     Number of (k,k+q) pairs on the Fermi surface:      302 out of      324


     ismear =     1 iq =      56 coord.:   0.16667  0.05556  0.00000 wt:   0.00309 Temp:  300.000K
     -------------------------------------------------------------------
     lambda___(   1 )=       0.000000   gamma___=       0.000000 meV  omega=     12.0105 meV   on_shell_Omega=     12.0438 meV  off_shell_Omega=     12.0438 meV
     lambda_tr(   1 )=       0.000000   gamma_tr=       0.000000 meV  omega=     12.0105 meV   on_shell_Omega=     12.0438 meV  off_shell_Omega=     12.0438 meV
     lambda___(   2 )=       0.000000   gamma___=       0.000000 meV  omega=     50.0813 meV   on_shell_Omega=     50.0949 meV  off_shell_Omega=     50.0949 meV
     lambda_tr(   2 )=       0.000000   gamma_tr=       0.000000 meV  omega=     50.0813 meV   on_shell_Omega=     50.0949 meV  off_shell_Omega=     50.0949 meV
     lambda___(   3 )=       0.000000   gamma___=       0.000000 meV  omega=     79.1106 meV   on_shell_Omega=     79.1228 meV  off_shell_Omega=     79.1228 meV
     lambda_tr(   3 )=       0.000000   gamma_tr=       0.000000 meV  omega=     79.1106 meV   on_shell_Omega=     79.1228 meV  off_shell_Omega=     79.1228 meV
     lambda___(   4 )=       0.000000   gamma___=       0.000000 meV  omega=    104.4708 meV   on_shell_Omega=    104.4782 meV  off_shell_Omega=    104.4782 meV
     lambda_tr(   4 )=       0.000000   gamma_tr=       0.000000 meV  omega=    104.4708 meV   on_shell_Omega=    104.4782 meV  off_shell_Omega=    104.4782 meV
     lambda___(   5 )=       0.000000   gamma___=       0.000000 meV  omega=    186.0446 meV   on_shell_Omega=    186.2474 meV  off_shell_Omega=    186.1354 meV
     lambda_tr(   5 )=       0.000000   gamma_tr=       0.000000 meV  omega=    186.0446 meV   on_shell_Omega=    186.2474 meV  off_shell_Omega=    186.1354 meV
     lambda___(   6 )=       0.000000   gamma___=       0.000000 meV  omega=    199.4970 meV   on_shell_Omega=    199.7789 meV  off_shell_Omega=    199.8379 meV
     lambda_tr(   6 )=       0.000000   gamma_tr=       0.000000 meV  omega=    199.4970 meV   on_shell_Omega=    199.7789 meV  off_shell_Omega=    199.8379 meV
     lambda___( tot )=       0.000000
     lambda_tr( tot )=       0.000000
     -------------------------------------------------------------------


     Number of (k,k+q) pairs on the Fermi surface:      302 out of      324


     ismear =     1 iq =      57 coord.:   0.16667  0.11111  0.00000 wt:   0.00309 Temp:  300.000K
     -------------------------------------------------------------------
     lambda___(   1 )=       0.000000   gamma___=       0.000000 meV  omega=     17.5670 meV   on_shell_Omega=     17.5973 meV  off_shell_Omega=     17.5973 meV
     lambda_tr(   1 )=      -0.000000   gamma_tr=      -0.000000 meV  omega=     17.5670 meV   on_shell_Omega=     17.5973 meV  off_shell_Omega=     17.5973 meV
     lambda___(   2 )=       0.000000   gamma___=       0.000000 meV  omega=     62.0825 meV   on_shell_Omega=     62.1173 meV  off_shell_Omega=     62.1173 meV
     lambda_tr(   2 )=       0.000000   gamma_tr=       0.000000 meV  omega=     62.0825 meV   on_shell_Omega=     62.1173 meV  off_shell_Omega=     62.1173 meV
     lambda___(   3 )=       0.000000   gamma___=       0.000000 meV  omega=     91.7091 meV   on_shell_Omega=     91.6996 meV  off_shell_Omega=     91.6996 meV
     lambda_tr(   3 )=       0.000000   gamma_tr=       0.000000 meV  omega=     91.7091 meV   on_shell_Omega=     91.6996 meV  off_shell_Omega=     91.6996 meV
     lambda___(   4 )=       0.000000   gamma___=       0.000000 meV  omega=    102.2594 meV   on_shell_Omega=    102.2784 meV  off_shell_Omega=    102.2784 meV
     lambda_tr(   4 )=       0.000000   gamma_tr=       0.000000 meV  omega=    102.2594 meV   on_shell_Omega=    102.2784 meV  off_shell_Omega=    102.2784 meV
     lambda___(   5 )=       0.000000   gamma___=       0.000000 meV  omega=    182.5104 meV   on_shell_Omega=    182.7542 meV  off_shell_Omega=    182.8223 meV
     lambda_tr(   5 )=       0.000000   gamma_tr=       0.000000 meV  omega=    182.5104 meV   on_shell_Omega=    182.7542 meV  off_shell_Omega=    182.8223 meV
     lambda___(   6 )=       0.000000   gamma___=       0.000000 meV  omega=    197.7334 meV   on_shell_Omega=    197.8893 meV  off_shell_Omega=    197.8299 meV
     lambda_tr(   6 )=       0.000000   gamma_tr=       0.000000 meV  omega=    197.7334 meV   on_shell_Omega=    197.8893 meV  off_shell_Omega=    197.8299 meV
     lambda___( tot )=       0.000000
     lambda_tr( tot )=       0.000000
     -------------------------------------------------------------------


     Number of (k,k+q) pairs on the Fermi surface:      302 out of      324


     ismear =     1 iq =      58 coord.:   0.16667  0.16667  0.00000 wt:   0.00309 Temp:  300.000K
     -------------------------------------------------------------------
     lambda___(   1 )=       0.000000   gamma___=       0.000000 meV  omega=     24.3343 meV   on_shell_Omega=     24.3721 meV  off_shell_Omega=     24.3721 meV
     lambda_tr(   1 )=       0.000000   gamma_tr=       0.000000 meV  omega=     24.3343 meV   on_shell_Omega=     24.3721 meV  off_shell_Omega=     24.3721 meV
     lambda___(   2 )=       0.000000   gamma___=       0.000000 meV  omega=     74.3972 meV   on_shell_Omega=     74.4475 meV  off_shell_Omega=     74.4475 meV
     lambda_tr(   2 )=       0.000000   gamma_tr=       0.000000 meV  omega=     74.3972 meV   on_shell_Omega=     74.4475 meV  off_shell_Omega=     74.4475 meV
     lambda___(   3 )=       0.000000   gamma___=       0.000000 meV  omega=     99.0822 meV   on_shell_Omega=     99.1207 meV  off_shell_Omega=     99.1207 meV
     lambda_tr(   3 )=       0.000000   gamma_tr=       0.000000 meV  omega=     99.0822 meV   on_shell_Omega=     99.1207 meV  off_shell_Omega=     99.1207 meV
     lambda___(   4 )=       0.000000   gamma___=       0.000000 meV  omega=    104.4304 meV   on_shell_Omega=    104.4262 meV  off_shell_Omega=    104.4262 meV
     lambda_tr(   4 )=       0.000000   gamma_tr=       0.000000 meV  omega=    104.4304 meV   on_shell_Omega=    104.4262 meV  off_shell_Omega=    104.4262 meV
     lambda___(   5 )=       0.000000   gamma___=       0.000000 meV  omega=    178.8251 meV   on_shell_Omega=    179.1298 meV  off_shell_Omega=    179.1307 meV
     lambda_tr(   5 )=       0.000000   gamma_tr=       0.000000 meV  omega=    178.8251 meV   on_shell_Omega=    179.1298 meV  off_shell_Omega=    179.1307 meV
     lambda___(   6 )=       0.000000   gamma___=       0.000000 meV  omega=    194.1346 meV   on_shell_Omega=    194.2360 meV  off_shell_Omega=    194.2360 meV
     lambda_tr(   6 )=       0.000000   gamma_tr=       0.000000 meV  omega=    194.1346 meV   on_shell_Omega=    194.2360 meV  off_shell_Omega=    194.2360 meV
     lambda___( tot )=       0.000000
     lambda_tr( tot )=       0.000000
     -------------------------------------------------------------------


     Number of (k,k+q) pairs on the Fermi surface:      302 out of      324


     ismear =     1 iq =      59 coord.:   0.16667  0.22222  0.00000 wt:   0.00309 Temp:  300.000K
     -------------------------------------------------------------------
     lambda___(   1 )=      -0.000000   gamma___=      -0.000000 meV  omega=     32.0897 meV   on_shell_Omega=     32.1142 meV  off_shell_Omega=     32.1142 meV
     lambda_tr(   1 )=      -0.000000   gamma_tr=      -0.000000 meV  omega=     32.0897 meV   on_shell_Omega=     32.1142 meV  off_shell_Omega=     32.1142 meV
     lambda___(   2 )=       0.000000   gamma___=       0.000000 meV  omega=     84.5086 meV   on_shell_Omega=     84.5428 meV  off_shell_Omega=     84.5428 meV
     lambda_tr(   2 )=       0.000000   gamma_tr=       0.000000 meV  omega=     84.5086 meV   on_shell_Omega=     84.5428 meV  off_shell_Omega=     84.5428 meV
     lambda___(   3 )=       0.000000   gamma___=       0.000000 meV  omega=     94.7996 meV   on_shell_Omega=     94.8398 meV  off_shell_Omega=     94.8398 meV
     lambda_tr(   3 )=       0.000000   gamma_tr=       0.000000 meV  omega=     94.7996 meV   on_shell_Omega=     94.8398 meV  off_shell_Omega=     94.8398 meV
     lambda___(   4 )=       0.000000   gamma___=       0.000000 meV  omega=    117.2112 meV   on_shell_Omega=    117.2242 meV  off_shell_Omega=    117.2242 meV
     lambda_tr(   4 )=       0.000000   gamma_tr=       0.000000 meV  omega=    117.2112 meV   on_shell_Omega=    117.2242 meV  off_shell_Omega=    117.2242 meV
     lambda___(   5 )=       0.000000   gamma___=       0.000000 meV  omega=    175.9528 meV   on_shell_Omega=    176.2419 meV  off_shell_Omega=    176.2535 meV
     lambda_tr(   5 )=       0.000000   gamma_tr=       0.000000 meV  omega=    175.9528 meV   on_shell_Omega=    176.2419 meV  off_shell_Omega=    176.2535 meV
     lambda___(   6 )=       0.000000   gamma___=       0.000000 meV  omega=    189.1410 meV   on_shell_Omega=    189.1961 meV  off_shell_Omega=    189.1961 meV
     lambda_tr(   6 )=       0.000000   gamma_tr=       0.000000 meV  omega=    189.1410 meV   on_shell_Omega=    189.1961 meV  off_shell_Omega=    189.1961 meV
     lambda___( tot )=       0.000000
     lambda_tr( tot )=       0.000000
     -------------------------------------------------------------------


     Number of (k,k+q) pairs on the Fermi surface:      303 out of      324


     ismear =     1 iq =      60 coord.:   0.16667  0.27778  0.00000 wt:   0.00309 Temp:  300.000K
     -------------------------------------------------------------------
     lambda___(   1 )=       0.000000   gamma___=       0.000000 meV  omega=     40.7001 meV   on_shell_Omega=     40.6942 meV  off_shell_Omega=     40.6942 meV
     lambda_tr(   1 )=       0.000000   gamma_tr=       0.000000 meV  omega=     40.7001 meV   on_shell_Omega=     40.6942 meV  off_shell_Omega=     40.6942 meV
     lambda___(   2 )=       0.000000   gamma___=       0.000000 meV  omega=     89.2832 meV   on_shell_Omega=     89.3244 meV  off_shell_Omega=     89.3244 meV
     lambda_tr(   2 )=       0.000000   gamma_tr=       0.000000 meV  omega=     89.2832 meV   on_shell_Omega=     89.3244 meV  off_shell_Omega=     89.3244 meV
     lambda___(   3 )=       0.000000   gamma___=       0.000000 meV  omega=     91.6228 meV   on_shell_Omega=     91.6404 meV  off_shell_Omega=     91.6404 meV
     lambda_tr(   3 )=       0.000000   gamma_tr=       0.000000 meV  omega=     91.6228 meV   on_shell_Omega=     91.6404 meV  off_shell_Omega=     91.6404 meV
     lambda___(   4 )=       0.000000   gamma___=       0.000000 meV  omega=    130.2195 meV   on_shell_Omega=    130.2493 meV  off_shell_Omega=    130.2493 meV
     lambda_tr(   4 )=       0.000000   gamma_tr=       0.000000 meV  omega=    130.2195 meV   on_shell_Omega=    130.2493 meV  off_shell_Omega=    130.2493 meV
     lambda___(   5 )=       0.000000   gamma___=       0.000000 meV  omega=    173.7687 meV   on_shell_Omega=    174.0354 meV  off_shell_Omega=    174.0656 meV
     lambda_tr(   5 )=       0.000000   gamma_tr=       0.000000 meV  omega=    173.7687 meV   on_shell_Omega=    174.0354 meV  off_shell_Omega=    174.0656 meV
     lambda___(   6 )=       0.000000   gamma___=       0.000000 meV  omega=    182.8642 meV   on_shell_Omega=    182.9070 meV  off_shell_Omega=    182.9070 meV
     lambda_tr(   6 )=       0.000000   gamma_tr=       0.000000 meV  omega=    182.8642 meV   on_shell_Omega=    182.9070 meV  off_shell_Omega=    182.9070 meV
     lambda___( tot )=       0.000000
     lambda_tr( tot )=       0.000000
     -------------------------------------------------------------------


     Number of (k,k+q) pairs on the Fermi surface:      302 out of      324


     ismear =     1 iq =      61 coord.:   0.16667  0.33333  0.00000 wt:   0.00309 Temp:  300.000K
     -------------------------------------------------------------------
     lambda___(   1 )=       0.000000   gamma___=       0.000000 meV  omega=     49.6179 meV   on_shell_Omega=     49.6249 meV  off_shell_Omega=     49.6249 meV
     lambda_tr(   1 )=       0.000000   gamma_tr=       0.000000 meV  omega=     49.6179 meV   on_shell_Omega=     49.6249 meV  off_shell_Omega=     49.6249 meV
     lambda___(   2 )=       0.000000   gamma___=       0.000000 meV  omega=     82.7207 meV   on_shell_Omega=     82.7681 meV  off_shell_Omega=     82.7681 meV
     lambda_tr(   2 )=       0.000000   gamma_tr=       0.000000 meV  omega=     82.7207 meV   on_shell_Omega=     82.7681 meV  off_shell_Omega=     82.7681 meV
     lambda___(   3 )=       0.000000   gamma___=       0.000000 meV  omega=     96.2760 meV   on_shell_Omega=     96.2848 meV  off_shell_Omega=     96.2848 meV
     lambda_tr(   3 )=       0.000000   gamma_tr=       0.000000 meV  omega=     96.2760 meV   on_shell_Omega=     96.2848 meV  off_shell_Omega=     96.2848 meV
     lambda___(   4 )=       0.000000   gamma___=       0.000000 meV  omega=    142.9427 meV   on_shell_Omega=    142.9636 meV  off_shell_Omega=    142.9636 meV
     lambda_tr(   4 )=       0.000000   gamma_tr=       0.000000 meV  omega=    142.9427 meV   on_shell_Omega=    142.9636 meV  off_shell_Omega=    142.9636 meV
     lambda___(   5 )=       0.000000   gamma___=       0.000000 meV  omega=    171.6981 meV   on_shell_Omega=    171.9361 meV  off_shell_Omega=    171.9915 meV
     lambda_tr(   5 )=       0.000000   gamma_tr=       0.000000 meV  omega=    171.6981 meV   on_shell_Omega=    171.9361 meV  off_shell_Omega=    171.9915 meV
     lambda___(   6 )=       0.000000   gamma___=       0.000000 meV  omega=    175.1952 meV   on_shell_Omega=    175.2541 meV  off_shell_Omega=    175.2541 meV
     lambda_tr(   6 )=       0.000000   gamma_tr=       0.000000 meV  omega=    175.1952 meV   on_shell_Omega=    175.2541 meV  off_shell_Omega=    175.2541 meV
     lambda___( tot )=       0.000000
     lambda_tr( tot )=       0.000000
     -------------------------------------------------------------------


     Number of (k,k+q) pairs on the Fermi surface:      303 out of      324


     ismear =     1 iq =      62 coord.:   0.16667  0.38889  0.00000 wt:   0.00309 Temp:  300.000K
     -------------------------------------------------------------------
     lambda___(   1 )=      -0.000000   gamma___=      -0.000000 meV  omega=     57.0053 meV   on_shell_Omega=     57.0322 meV  off_shell_Omega=     57.0322 meV
     lambda_tr(   1 )=      -0.000000   gamma_tr=      -0.000000 meV  omega=     57.0053 meV   on_shell_Omega=     57.0322 meV  off_shell_Omega=     57.0322 meV
     lambda___(   2 )=       0.000000   gamma___=       0.000000 meV  omega=     76.6052 meV   on_shell_Omega=     76.6532 meV  off_shell_Omega=     76.6532 meV
     lambda_tr(   2 )=       0.000000   gamma_tr=       0.000000 meV  omega=     76.6052 meV   on_shell_Omega=     76.6532 meV  off_shell_Omega=     76.6532 meV
     lambda___(   3 )=       0.000000   gamma___=       0.000000 meV  omega=     98.7492 meV   on_shell_Omega=     98.7497 meV  off_shell_Omega=     98.7497 meV
     lambda_tr(   3 )=       0.000000   gamma_tr=       0.000000 meV  omega=     98.7492 meV   on_shell_Omega=     98.7497 meV  off_shell_Omega=     98.7497 meV
     lambda___(   4 )=       0.000000   gamma___=       0.000000 meV  omega=    154.5345 meV   on_shell_Omega=    154.5391 meV  off_shell_Omega=    154.5391 meV
     lambda_tr(   4 )=       0.000000   gamma_tr=       0.000000 meV  omega=    154.5345 meV   on_shell_Omega=    154.5391 meV  off_shell_Omega=    154.5391 meV
     lambda___(   5 )=       0.000000   gamma___=       0.000000 meV  omega=    166.0175 meV   on_shell_Omega=    166.0338 meV  off_shell_Omega=    166.0338 meV
     lambda_tr(   5 )=       0.000000   gamma_tr=       0.000000 meV  omega=    166.0175 meV   on_shell_Omega=    166.0338 meV  off_shell_Omega=    166.0338 meV
     lambda___(   6 )=       0.000000   gamma___=       0.000000 meV  omega=    170.3978 meV   on_shell_Omega=    170.6777 meV  off_shell_Omega=    170.6890 meV
     lambda_tr(   6 )=       0.000000   gamma_tr=       0.000000 meV  omega=    170.3978 meV   on_shell_Omega=    170.6777 meV  off_shell_Omega=    170.6890 meV
     lambda___( tot )=       0.000000
     lambda_tr( tot )=       0.000000
     -------------------------------------------------------------------


     Number of (k,k+q) pairs on the Fermi surface:      303 out of      324


     ismear =     1 iq =      63 coord.:   0.16667  0.44444  0.00000 wt:   0.00309 Temp:  300.000K
     -------------------------------------------------------------------
     lambda___(   1 )=      -0.000000   gamma___=      -0.000000 meV  omega=     57.0053 meV   on_shell_Omega=     57.0398 meV  off_shell_Omega=     57.0398 meV
     lambda_tr(   1 )=      -0.000000   gamma_tr=      -0.000000 meV  omega=     57.0053 meV   on_shell_Omega=     57.0398 meV  off_shell_Omega=     57.0398 meV
     lambda___(   2 )=      -0.000000   gamma___=      -0.000000 meV  omega=     76.6052 meV   on_shell_Omega=     76.6277 meV  off_shell_Omega=     76.6277 meV
     lambda_tr(   2 )=      -0.000000   gamma_tr=      -0.000000 meV  omega=     76.6052 meV   on_shell_Omega=     76.6277 meV  off_shell_Omega=     76.6277 meV
     lambda___(   3 )=       0.000000   gamma___=       0.000000 meV  omega=     98.7492 meV   on_shell_Omega=     98.7512 meV  off_shell_Omega=     98.7512 meV
     lambda_tr(   3 )=      -0.000000   gamma_tr=      -0.000000 meV  omega=     98.7492 meV   on_shell_Omega=     98.7512 meV  off_shell_Omega=     98.7512 meV
     lambda___(   4 )=       0.000000   gamma___=       0.000000 meV  omega=    154.5345 meV   on_shell_Omega=    154.5349 meV  off_shell_Omega=    154.5349 meV
     lambda_tr(   4 )=       0.000000   gamma_tr=       0.000000 meV  omega=    154.5345 meV   on_shell_Omega=    154.5349 meV  off_shell_Omega=    154.5349 meV
     lambda___(   5 )=       0.000000   gamma___=       0.000000 meV  omega=    166.0175 meV   on_shell_Omega=    166.0369 meV  off_shell_Omega=    166.0369 meV
     lambda_tr(   5 )=       0.000000   gamma_tr=       0.000000 meV  omega=    166.0175 meV   on_shell_Omega=    166.0369 meV  off_shell_Omega=    166.0369 meV
     lambda___(   6 )=       0.000000   gamma___=       0.000000 meV  omega=    170.3978 meV   on_shell_Omega=    170.6940 meV  off_shell_Omega=    170.6890 meV
     lambda_tr(   6 )=       0.000000   gamma_tr=       0.000000 meV  omega=    170.3978 meV   on_shell_Omega=    170.6940 meV  off_shell_Omega=    170.6890 meV
     lambda___( tot )=      -0.000000
     lambda_tr( tot )=      -0.000000
     -------------------------------------------------------------------


     Number of (k,k+q) pairs on the Fermi surface:      304 out of      324


     ismear =     1 iq =      64 coord.:   0.16667  0.50000  0.00000 wt:   0.00309 Temp:  300.000K
     -------------------------------------------------------------------
     lambda___(   1 )=       0.000000   gamma___=       0.000000 meV  omega=     49.6179 meV   on_shell_Omega=     49.6179 meV  off_shell_Omega=     49.6179 meV
     lambda_tr(   1 )=       0.000000   gamma_tr=       0.000000 meV  omega=     49.6179 meV   on_shell_Omega=     49.6179 meV  off_shell_Omega=     49.6179 meV
     lambda___(   2 )=       0.000000   gamma___=       0.000000 meV  omega=     82.7207 meV   on_shell_Omega=     82.7779 meV  off_shell_Omega=     82.7779 meV
     lambda_tr(   2 )=      -0.000000   gamma_tr=      -0.000000 meV  omega=     82.7207 meV   on_shell_Omega=     82.7779 meV  off_shell_Omega=     82.7779 meV
     lambda___(   3 )=       0.000000   gamma___=       0.000000 meV  omega=     96.2760 meV   on_shell_Omega=     96.2853 meV  off_shell_Omega=     96.2853 meV
     lambda_tr(   3 )=      -0.000000   gamma_tr=      -0.000000 meV  omega=     96.2760 meV   on_shell_Omega=     96.2853 meV  off_shell_Omega=     96.2853 meV
     lambda___(   4 )=       0.000000   gamma___=       0.000000 meV  omega=    142.9427 meV   on_shell_Omega=    142.9574 meV  off_shell_Omega=    142.9574 meV
     lambda_tr(   4 )=      -0.000000   gamma_tr=      -0.000000 meV  omega=    142.9427 meV   on_shell_Omega=    142.9574 meV  off_shell_Omega=    142.9574 meV
     lambda___(   5 )=       0.000000   gamma___=       0.000000 meV  omega=    171.6981 meV   on_shell_Omega=    171.9334 meV  off_shell_Omega=    171.9915 meV
     lambda_tr(   5 )=      -0.000000   gamma_tr=      -0.000000 meV  omega=    171.6981 meV   on_shell_Omega=    171.9334 meV  off_shell_Omega=    171.9915 meV
     lambda___(   6 )=       0.000000   gamma___=       0.000000 meV  omega=    175.1952 meV   on_shell_Omega=    175.2609 meV  off_shell_Omega=    175.2609 meV
     lambda_tr(   6 )=      -0.000000   gamma_tr=      -0.000000 meV  omega=    175.1952 meV   on_shell_Omega=    175.2609 meV  off_shell_Omega=    175.2609 meV
     lambda___( tot )=       0.000000
     lambda_tr( tot )=       0.000000
     -------------------------------------------------------------------


     Number of (k,k+q) pairs on the Fermi surface:      302 out of      324


     ismear =     1 iq =      65 coord.:   0.16667  0.55556  0.00000 wt:   0.00309 Temp:  300.000K
     -------------------------------------------------------------------
     lambda___(   1 )=       0.000000   gamma___=       0.000000 meV  omega=     40.7001 meV   on_shell_Omega=     40.6885 meV  off_shell_Omega=     40.6885 meV
     lambda_tr(   1 )=       0.000000   gamma_tr=       0.000000 meV  omega=     40.7001 meV   on_shell_Omega=     40.6885 meV  off_shell_Omega=     40.6885 meV
     lambda___(   2 )=       0.000000   gamma___=       0.000000 meV  omega=     89.2832 meV   on_shell_Omega=     89.3463 meV  off_shell_Omega=     89.3463 meV
     lambda_tr(   2 )=       0.000000   gamma_tr=       0.000000 meV  omega=     89.2832 meV   on_shell_Omega=     89.3463 meV  off_shell_Omega=     89.3463 meV
     lambda___(   3 )=       0.000000   gamma___=       0.000000 meV  omega=     91.6228 meV   on_shell_Omega=     91.6459 meV  off_shell_Omega=     91.6459 meV
     lambda_tr(   3 )=       0.000000   gamma_tr=       0.000000 meV  omega=     91.6228 meV   on_shell_Omega=     91.6459 meV  off_shell_Omega=     91.6459 meV
     lambda___(   4 )=       0.000000   gamma___=       0.000000 meV  omega=    130.2195 meV   on_shell_Omega=    130.2349 meV  off_shell_Omega=    130.2349 meV
     lambda_tr(   4 )=       0.000000   gamma_tr=       0.000000 meV  omega=    130.2195 meV   on_shell_Omega=    130.2349 meV  off_shell_Omega=    130.2349 meV
     lambda___(   5 )=       0.000000   gamma___=       0.000000 meV  omega=    173.7687 meV   on_shell_Omega=    174.0337 meV  off_shell_Omega=    174.0656 meV
     lambda_tr(   5 )=      -0.000000   gamma_tr=      -0.000000 meV  omega=    173.7687 meV   on_shell_Omega=    174.0337 meV  off_shell_Omega=    174.0656 meV
     lambda___(   6 )=       0.000000   gamma___=       0.000000 meV  omega=    182.8642 meV   on_shell_Omega=    182.9108 meV  off_shell_Omega=    182.9108 meV
     lambda_tr(   6 )=       0.000000   gamma_tr=       0.000000 meV  omega=    182.8642 meV   on_shell_Omega=    182.9108 meV  off_shell_Omega=    182.9108 meV
     lambda___( tot )=       0.000000
     lambda_tr( tot )=       0.000000
     -------------------------------------------------------------------


     Number of (k,k+q) pairs on the Fermi surface:      303 out of      324


     ismear =     1 iq =      66 coord.:   0.16667  0.61111  0.00000 wt:   0.00309 Temp:  300.000K
     -------------------------------------------------------------------
     lambda___(   1 )=       0.000000   gamma___=       0.000000 meV  omega=     32.0897 meV   on_shell_Omega=     32.1358 meV  off_shell_Omega=     32.1358 meV
     lambda_tr(   1 )=      -0.000000   gamma_tr=      -0.000000 meV  omega=     32.0897 meV   on_shell_Omega=     32.1358 meV  off_shell_Omega=     32.1358 meV
     lambda___(   2 )=       0.000000   gamma___=       0.000000 meV  omega=     84.5086 meV   on_shell_Omega=     84.5472 meV  off_shell_Omega=     84.5472 meV
     lambda_tr(   2 )=      -0.000000   gamma_tr=      -0.000000 meV  omega=     84.5086 meV   on_shell_Omega=     84.5472 meV  off_shell_Omega=     84.5472 meV
     lambda___(   3 )=       0.000000   gamma___=       0.000000 meV  omega=     94.7996 meV   on_shell_Omega=     94.8553 meV  off_shell_Omega=     94.8553 meV
     lambda_tr(   3 )=      -0.000000   gamma_tr=      -0.000000 meV  omega=     94.7996 meV   on_shell_Omega=     94.8553 meV  off_shell_Omega=     94.8553 meV
     lambda___(   4 )=       0.000000   gamma___=       0.000000 meV  omega=    117.2112 meV   on_shell_Omega=    117.2206 meV  off_shell_Omega=    117.2206 meV
     lambda_tr(   4 )=      -0.000000   gamma_tr=      -0.000000 meV  omega=    117.2112 meV   on_shell_Omega=    117.2206 meV  off_shell_Omega=    117.2206 meV
     lambda___(   5 )=       0.000000   gamma___=       0.000000 meV  omega=    175.9528 meV   on_shell_Omega=    176.1915 meV  off_shell_Omega=    176.2535 meV
     lambda_tr(   5 )=      -0.000000   gamma_tr=      -0.000000 meV  omega=    175.9528 meV   on_shell_Omega=    176.1915 meV  off_shell_Omega=    176.2535 meV
     lambda___(   6 )=       0.000000   gamma___=       0.000000 meV  omega=    189.1410 meV   on_shell_Omega=    189.2090 meV  off_shell_Omega=    189.2090 meV
     lambda_tr(   6 )=       0.000000   gamma_tr=       0.000000 meV  omega=    189.1410 meV   on_shell_Omega=    189.2090 meV  off_shell_Omega=    189.2090 meV
     lambda___( tot )=       0.000000
     lambda_tr( tot )=      -0.000000
     -------------------------------------------------------------------


     Number of (k,k+q) pairs on the Fermi surface:      303 out of      324


     ismear =     1 iq =      67 coord.:   0.16667  0.66667  0.00000 wt:   0.00309 Temp:  300.000K
     -------------------------------------------------------------------
     lambda___(   1 )=       0.000000   gamma___=       0.000000 meV  omega=     24.3343 meV   on_shell_Omega=     24.3883 meV  off_shell_Omega=     24.3883 meV
     lambda_tr(   1 )=       0.000000   gamma_tr=       0.000000 meV  omega=     24.3343 meV   on_shell_Omega=     24.3883 meV  off_shell_Omega=     24.3883 meV
     lambda___(   2 )=       0.000000   gamma___=       0.000000 meV  omega=     74.3972 meV   on_shell_Omega=     74.4487 meV  off_shell_Omega=     74.4487 meV
     lambda_tr(   2 )=       0.000000   gamma_tr=       0.000000 meV  omega=     74.3972 meV   on_shell_Omega=     74.4487 meV  off_shell_Omega=     74.4487 meV
     lambda___(   3 )=       0.000000   gamma___=       0.000000 meV  omega=     99.0822 meV   on_shell_Omega=     99.1239 meV  off_shell_Omega=     99.1239 meV
     lambda_tr(   3 )=       0.000000   gamma_tr=       0.000000 meV  omega=     99.0822 meV   on_shell_Omega=     99.1239 meV  off_shell_Omega=     99.1239 meV
     lambda___(   4 )=       0.000000   gamma___=       0.000000 meV  omega=    104.4304 meV   on_shell_Omega=    104.4179 meV  off_shell_Omega=    104.4179 meV
     lambda_tr(   4 )=       0.000000   gamma_tr=       0.000000 meV  omega=    104.4304 meV   on_shell_Omega=    104.4179 meV  off_shell_Omega=    104.4179 meV
     lambda___(   5 )=       0.000000   gamma___=       0.000000 meV  omega=    178.8251 meV   on_shell_Omega=    179.0186 meV  off_shell_Omega=    178.9124 meV
     lambda_tr(   5 )=       0.000000   gamma_tr=       0.000000 meV  omega=    178.8251 meV   on_shell_Omega=    179.0186 meV  off_shell_Omega=    178.9124 meV
     lambda___(   6 )=       0.000000   gamma___=       0.000000 meV  omega=    194.1346 meV   on_shell_Omega=    194.2334 meV  off_shell_Omega=    194.2334 meV
     lambda_tr(   6 )=       0.000000   gamma_tr=       0.000000 meV  omega=    194.1346 meV   on_shell_Omega=    194.2334 meV  off_shell_Omega=    194.2334 meV
     lambda___( tot )=       0.000000
     lambda_tr( tot )=       0.000000
     -------------------------------------------------------------------


     Number of (k,k+q) pairs on the Fermi surface:      302 out of      324


     ismear =     1 iq =      68 coord.:   0.16667  0.72222  0.00000 wt:   0.00309 Temp:  300.000K
     -------------------------------------------------------------------
     lambda___(   1 )=      -0.000000   gamma___=      -0.000000 meV  omega=     17.5670 meV   on_shell_Omega=     17.6142 meV  off_shell_Omega=     17.6142 meV
     lambda_tr(   1 )=      -0.000000   gamma_tr=      -0.000000 meV  omega=     17.5670 meV   on_shell_Omega=     17.6142 meV  off_shell_Omega=     17.6142 meV
     lambda___(   2 )=      -0.000000   gamma___=      -0.000000 meV  omega=     62.0825 meV   on_shell_Omega=     62.1224 meV  off_shell_Omega=     62.1224 meV
     lambda_tr(   2 )=      -0.000000   gamma_tr=      -0.000000 meV  omega=     62.0825 meV   on_shell_Omega=     62.1224 meV  off_shell_Omega=     62.1224 meV
     lambda___(   3 )=      -0.000000   gamma___=      -0.000000 meV  omega=     91.7091 meV   on_shell_Omega=     91.6957 meV  off_shell_Omega=     91.6957 meV
     lambda_tr(   3 )=      -0.000000   gamma_tr=      -0.000000 meV  omega=     91.7091 meV   on_shell_Omega=     91.6957 meV  off_shell_Omega=     91.6957 meV
     lambda___(   4 )=       0.000000   gamma___=       0.000000 meV  omega=    102.2594 meV   on_shell_Omega=    102.2785 meV  off_shell_Omega=    102.2785 meV
     lambda_tr(   4 )=      -0.000000   gamma_tr=      -0.000000 meV  omega=    102.2594 meV   on_shell_Omega=    102.2785 meV  off_shell_Omega=    102.2785 meV
     lambda___(   5 )=       0.000000   gamma___=       0.000000 meV  omega=    182.5104 meV   on_shell_Omega=    182.6780 meV  off_shell_Omega=    182.5996 meV
     lambda_tr(   5 )=       0.000000   gamma_tr=       0.000000 meV  omega=    182.5104 meV   on_shell_Omega=    182.6780 meV  off_shell_Omega=    182.5996 meV
     lambda___(   6 )=       0.000000   gamma___=       0.000000 meV  omega=    197.7334 meV   on_shell_Omega=    197.8817 meV  off_shell_Omega=    197.8299 meV
     lambda_tr(   6 )=       0.000000   gamma_tr=       0.000000 meV  omega=    197.7334 meV   on_shell_Omega=    197.8817 meV  off_shell_Omega=    197.8299 meV
     lambda___( tot )=       0.000000
     lambda_tr( tot )=       0.000000
     -------------------------------------------------------------------


     Number of (k,k+q) pairs on the Fermi surface:      302 out of      324


     ismear =     1 iq =      69 coord.:   0.16667  0.77778  0.00000 wt:   0.00309 Temp:  300.000K
     -------------------------------------------------------------------
     lambda___(   1 )=       0.000000   gamma___=       0.000000 meV  omega=     12.0105 meV   on_shell_Omega=     12.0439 meV  off_shell_Omega=     12.0439 meV
     lambda_tr(   1 )=       0.000000   gamma_tr=       0.000000 meV  omega=     12.0105 meV   on_shell_Omega=     12.0439 meV  off_shell_Omega=     12.0439 meV
     lambda___(   2 )=       0.000000   gamma___=       0.000000 meV  omega=     50.0813 meV   on_shell_Omega=     50.1045 meV  off_shell_Omega=     50.1045 meV
     lambda_tr(   2 )=       0.000000   gamma_tr=       0.000000 meV  omega=     50.0813 meV   on_shell_Omega=     50.1045 meV  off_shell_Omega=     50.1045 meV
     lambda___(   3 )=       0.000000   gamma___=       0.000000 meV  omega=     79.1106 meV   on_shell_Omega=     79.1210 meV  off_shell_Omega=     79.1210 meV
     lambda_tr(   3 )=       0.000000   gamma_tr=       0.000000 meV  omega=     79.1106 meV   on_shell_Omega=     79.1210 meV  off_shell_Omega=     79.1210 meV
     lambda___(   4 )=       0.000000   gamma___=       0.000000 meV  omega=    104.4708 meV   on_shell_Omega=    104.4777 meV  off_shell_Omega=    104.4777 meV
     lambda_tr(   4 )=       0.000000   gamma_tr=       0.000000 meV  omega=    104.4708 meV   on_shell_Omega=    104.4777 meV  off_shell_Omega=    104.4777 meV
     lambda___(   5 )=       0.000000   gamma___=       0.000000 meV  omega=    186.0446 meV   on_shell_Omega=    186.1900 meV  off_shell_Omega=    186.1354 meV
     lambda_tr(   5 )=       0.000000   gamma_tr=       0.000000 meV  omega=    186.0446 meV   on_shell_Omega=    186.1900 meV  off_shell_Omega=    186.1354 meV
     lambda___(   6 )=       0.000000   gamma___=       0.000000 meV  omega=    199.4970 meV   on_shell_Omega=    199.7492 meV  off_shell_Omega=    199.8379 meV
     lambda_tr(   6 )=       0.000000   gamma_tr=       0.000000 meV  omega=    199.4970 meV   on_shell_Omega=    199.7492 meV  off_shell_Omega=    199.8379 meV
     lambda___( tot )=       0.000000
     lambda_tr( tot )=       0.000000
     -------------------------------------------------------------------


     Number of (k,k+q) pairs on the Fermi surface:      302 out of      324


     ismear =     1 iq =      70 coord.:   0.16667  0.83333  0.00000 wt:   0.00309 Temp:  300.000K
     -------------------------------------------------------------------
     lambda___(   1 )=      -0.000000   gamma___=      -0.000000 meV  omega=      8.3280 meV   on_shell_Omega=      8.3353 meV  off_shell_Omega=      8.3353 meV
     lambda_tr(   1 )=       0.000000   gamma_tr=       0.000000 meV  omega=      8.3280 meV   on_shell_Omega=      8.3353 meV  off_shell_Omega=      8.3353 meV
     lambda___(   2 )=       0.000000   gamma___=       0.000000 meV  omega=     41.7169 meV   on_shell_Omega=     41.7136 meV  off_shell_Omega=     41.7136 meV
     lambda_tr(   2 )=       0.000000   gamma_tr=       0.000000 meV  omega=     41.7169 meV   on_shell_Omega=     41.7136 meV  off_shell_Omega=     41.7136 meV
     lambda___(   3 )=       0.000000   gamma___=       0.000000 meV  omega=     67.8271 meV   on_shell_Omega=     67.8623 meV  off_shell_Omega=     67.8623 meV
     lambda_tr(   3 )=       0.000000   gamma_tr=       0.000000 meV  omega=     67.8271 meV   on_shell_Omega=     67.8623 meV  off_shell_Omega=     67.8623 meV
     lambda___(   4 )=       0.000000   gamma___=       0.000000 meV  omega=    105.8192 meV   on_shell_Omega=    105.8205 meV  off_shell_Omega=    105.8205 meV
     lambda_tr(   4 )=       0.000000   gamma_tr=       0.000000 meV  omega=    105.8192 meV   on_shell_Omega=    105.8205 meV  off_shell_Omega=    105.8205 meV
     lambda___(   5 )=       0.000000   gamma___=       0.000000 meV  omega=    188.4072 meV   on_shell_Omega=    188.5907 meV  off_shell_Omega=    188.4992 meV
     lambda_tr(   5 )=       0.000000   gamma_tr=       0.000000 meV  omega=    188.4072 meV   on_shell_Omega=    188.5907 meV  off_shell_Omega=    188.4992 meV
     lambda___(   6 )=       0.000000   gamma___=       0.000000 meV  omega=    199.4475 meV   on_shell_Omega=    199.8540 meV  off_shell_Omega=    199.7883 meV
     lambda_tr(   6 )=       0.000000   gamma_tr=       0.000000 meV  omega=    199.4475 meV   on_shell_Omega=    199.8540 meV  off_shell_Omega=    199.7883 meV
     lambda___( tot )=       0.000000
     lambda_tr( tot )=       0.000000
     -------------------------------------------------------------------


     Number of (k,k+q) pairs on the Fermi surface:      302 out of      324


     ismear =     1 iq =      71 coord.:   0.16667  0.88889  0.00000 wt:   0.00309 Temp:  300.000K
     -------------------------------------------------------------------
     lambda___(   1 )=      -0.000000   gamma___=      -0.000000 meV  omega=      6.9065 meV   on_shell_Omega=      6.9825 meV  off_shell_Omega=      6.9825 meV
     lambda_tr(   1 )=      -0.000000   gamma_tr=      -0.000000 meV  omega=      6.9065 meV   on_shell_Omega=      6.9825 meV  off_shell_Omega=      6.9825 meV
     lambda___(   2 )=      -0.000000   gamma___=      -0.000000 meV  omega=     38.7189 meV   on_shell_Omega=     38.7639 meV  off_shell_Omega=     38.7639 meV
     lambda_tr(   2 )=      -0.000000   gamma_tr=      -0.000000 meV  omega=     38.7189 meV   on_shell_Omega=     38.7639 meV  off_shell_Omega=     38.7639 meV
     lambda___(   3 )=      -0.000000   gamma___=      -0.000000 meV  omega=     60.3672 meV   on_shell_Omega=     60.3786 meV  off_shell_Omega=     60.3786 meV
     lambda_tr(   3 )=      -0.000000   gamma_tr=      -0.000000 meV  omega=     60.3672 meV   on_shell_Omega=     60.3786 meV  off_shell_Omega=     60.3786 meV
     lambda___(   4 )=      -0.000000   gamma___=      -0.000000 meV  omega=    106.4328 meV   on_shell_Omega=    106.4380 meV  off_shell_Omega=    106.4380 meV
     lambda_tr(   4 )=      -0.000000   gamma_tr=      -0.000000 meV  omega=    106.4328 meV   on_shell_Omega=    106.4380 meV  off_shell_Omega=    106.4380 meV
     lambda___(   5 )=       0.000000   gamma___=       0.000000 meV  omega=    189.4408 meV   on_shell_Omega=    189.6614 meV  off_shell_Omega=    189.5333 meV
     lambda_tr(   5 )=       0.000000   gamma_tr=       0.000000 meV  omega=    189.4408 meV   on_shell_Omega=    189.6614 meV  off_shell_Omega=    189.5333 meV
     lambda___(   6 )=       0.000000   gamma___=       0.000000 meV  omega=    198.7135 meV   on_shell_Omega=    199.1315 meV  off_shell_Omega=    199.0531 meV
     lambda_tr(   6 )=       0.000000   gamma_tr=       0.000000 meV  omega=    198.7135 meV   on_shell_Omega=    199.1315 meV  off_shell_Omega=    199.0531 meV
     lambda___( tot )=      -0.000000
     lambda_tr( tot )=      -0.000000
     -------------------------------------------------------------------


     Number of (k,k+q) pairs on the Fermi surface:      302 out of      324


     ismear =     1 iq =      72 coord.:   0.16667  0.94444  0.00000 wt:   0.00309 Temp:  300.000K
     -------------------------------------------------------------------
     lambda___(   1 )=       0.000000   gamma___=       0.000000 meV  omega=      6.9065 meV   on_shell_Omega=      6.9619 meV  off_shell_Omega=      6.9619 meV
     lambda_tr(   1 )=       0.000000   gamma_tr=       0.000000 meV  omega=      6.9065 meV   on_shell_Omega=      6.9619 meV  off_shell_Omega=      6.9619 meV
     lambda___(   2 )=       0.000000   gamma___=       0.000000 meV  omega=     38.7189 meV   on_shell_Omega=     38.7604 meV  off_shell_Omega=     38.7604 meV
     lambda_tr(   2 )=       0.000000   gamma_tr=       0.000000 meV  omega=     38.7189 meV   on_shell_Omega=     38.7604 meV  off_shell_Omega=     38.7604 meV
     lambda___(   3 )=       0.000000   gamma___=       0.000000 meV  omega=     60.3672 meV   on_shell_Omega=     60.3723 meV  off_shell_Omega=     60.3723 meV
     lambda_tr(   3 )=       0.000000   gamma_tr=       0.000000 meV  omega=     60.3672 meV   on_shell_Omega=     60.3723 meV  off_shell_Omega=     60.3723 meV
     lambda___(   4 )=       0.000000   gamma___=       0.000000 meV  omega=    106.4328 meV   on_shell_Omega=    106.4388 meV  off_shell_Omega=    106.4388 meV
     lambda_tr(   4 )=       0.000000   gamma_tr=       0.000000 meV  omega=    106.4328 meV   on_shell_Omega=    106.4388 meV  off_shell_Omega=    106.4388 meV
     lambda___(   5 )=       0.000000   gamma___=       0.000000 meV  omega=    189.4408 meV   on_shell_Omega=    189.6966 meV  off_shell_Omega=    189.7645 meV
     lambda_tr(   5 )=       0.000000   gamma_tr=       0.000000 meV  omega=    189.4408 meV   on_shell_Omega=    189.6966 meV  off_shell_Omega=    189.7645 meV
     lambda___(   6 )=       0.000000   gamma___=       0.000000 meV  omega=    198.7135 meV   on_shell_Omega=    199.0907 meV  off_shell_Omega=    199.0531 meV
     lambda_tr(   6 )=       0.000000   gamma_tr=       0.000000 meV  omega=    198.7135 meV   on_shell_Omega=    199.0907 meV  off_shell_Omega=    199.0531 meV
     lambda___( tot )=       0.000000
     lambda_tr( tot )=       0.000000
     -------------------------------------------------------------------


     Number of (k,k+q) pairs on the Fermi surface:      302 out of      324


     ismear =     1 iq =      73 coord.:   0.22222  0.00000  0.00000 wt:   0.00309 Temp:  300.000K
     -------------------------------------------------------------------
     lambda___(   1 )=       0.000000   gamma___=       0.000000 meV  omega=     14.9695 meV   on_shell_Omega=     14.9905 meV  off_shell_Omega=     14.9905 meV
     lambda_tr(   1 )=       0.000000   gamma_tr=       0.000000 meV  omega=     14.9695 meV   on_shell_Omega=     14.9905 meV  off_shell_Omega=     14.9905 meV
     lambda___(   2 )=       0.000000   gamma___=       0.000000 meV  omega=     52.5871 meV   on_shell_Omega=     52.5809 meV  off_shell_Omega=     52.5809 meV
     lambda_tr(   2 )=       0.000000   gamma_tr=       0.000000 meV  omega=     52.5871 meV   on_shell_Omega=     52.5809 meV  off_shell_Omega=     52.5809 meV
     lambda___(   3 )=       0.000000   gamma___=       0.000000 meV  omega=     88.1874 meV   on_shell_Omega=     88.2184 meV  off_shell_Omega=     88.2184 meV
     lambda_tr(   3 )=       0.000000   gamma_tr=       0.000000 meV  omega=     88.1874 meV   on_shell_Omega=     88.2184 meV  off_shell_Omega=     88.2184 meV
     lambda___(   4 )=       0.000000   gamma___=       0.000000 meV  omega=    103.4066 meV   on_shell_Omega=    103.4135 meV  off_shell_Omega=    103.4135 meV
     lambda_tr(   4 )=       0.000000   gamma_tr=       0.000000 meV  omega=    103.4066 meV   on_shell_Omega=    103.4135 meV  off_shell_Omega=    103.4135 meV
     lambda___(   5 )=       0.000000   gamma___=       0.000000 meV  omega=    184.7248 meV   on_shell_Omega=    184.9123 meV  off_shell_Omega=    184.8150 meV
     lambda_tr(   5 )=      -0.000000   gamma_tr=      -0.000000 meV  omega=    184.7248 meV   on_shell_Omega=    184.9123 meV  off_shell_Omega=    184.8150 meV
     lambda___(   6 )=       0.000000   gamma___=       0.000000 meV  omega=    199.0725 meV   on_shell_Omega=    199.2969 meV  off_shell_Omega=    199.1697 meV
     lambda_tr(   6 )=      -0.000000   gamma_tr=      -0.000000 meV  omega=    199.0725 meV   on_shell_Omega=    199.2969 meV  off_shell_Omega=    199.1697 meV
     lambda___( tot )=       0.000000
     lambda_tr( tot )=       0.000000
     -------------------------------------------------------------------


     Number of (k,k+q) pairs on the Fermi surface:      303 out of      324


     ismear =     1 iq =      74 coord.:   0.22222  0.05556  0.00000 wt:   0.00309 Temp:  300.000K
     -------------------------------------------------------------------
     lambda___(   1 )=       0.000000   gamma___=       0.000000 meV  omega=     19.6520 meV   on_shell_Omega=     19.6792 meV  off_shell_Omega=     19.6792 meV
     lambda_tr(   1 )=       0.000000   gamma_tr=       0.000000 meV  omega=     19.6520 meV   on_shell_Omega=     19.6792 meV  off_shell_Omega=     19.6792 meV
     lambda___(   2 )=       0.000000   gamma___=       0.000000 meV  omega=     60.2879 meV   on_shell_Omega=     60.2908 meV  off_shell_Omega=     60.2908 meV
     lambda_tr(   2 )=       0.000000   gamma_tr=       0.000000 meV  omega=     60.2879 meV   on_shell_Omega=     60.2908 meV  off_shell_Omega=     60.2908 meV
     lambda___(   3 )=       0.000000   gamma___=       0.000000 meV  omega=     98.3670 meV   on_shell_Omega=     98.3932 meV  off_shell_Omega=     98.3932 meV
     lambda_tr(   3 )=       0.000000   gamma_tr=       0.000000 meV  omega=     98.3670 meV   on_shell_Omega=     98.3932 meV  off_shell_Omega=     98.3932 meV
     lambda___(   4 )=       0.000000   gamma___=       0.000000 meV  omega=    101.4990 meV   on_shell_Omega=    101.5119 meV  off_shell_Omega=    101.5119 meV
     lambda_tr(   4 )=       0.000000   gamma_tr=       0.000000 meV  omega=    101.4990 meV   on_shell_Omega=    101.5119 meV  off_shell_Omega=    101.5119 meV
     lambda___(   5 )=       0.000000   gamma___=       0.000000 meV  omega=    182.2466 meV   on_shell_Omega=    182.4442 meV  off_shell_Omega=    182.3356 meV
     lambda_tr(   5 )=       0.000000   gamma_tr=       0.000000 meV  omega=    182.2466 meV   on_shell_Omega=    182.4442 meV  off_shell_Omega=    182.3356 meV
     lambda___(   6 )=       0.000000   gamma___=       0.000000 meV  omega=    197.3939 meV   on_shell_Omega=    197.5594 meV  off_shell_Omega=    197.4903 meV
     lambda_tr(   6 )=       0.000000   gamma_tr=       0.000000 meV  omega=    197.3939 meV   on_shell_Omega=    197.5594 meV  off_shell_Omega=    197.4903 meV
     lambda___( tot )=       0.000000
     lambda_tr( tot )=       0.000000
     -------------------------------------------------------------------


     Number of (k,k+q) pairs on the Fermi surface:      303 out of      324


     ismear =     1 iq =      75 coord.:   0.22222  0.11111  0.00000 wt:   0.00309 Temp:  300.000K
     -------------------------------------------------------------------
     lambda___(   1 )=       0.000000   gamma___=       0.000000 meV  omega=     25.6008 meV   on_shell_Omega=     25.5899 meV  off_shell_Omega=     25.5899 meV
     lambda_tr(   1 )=       0.000000   gamma_tr=       0.000000 meV  omega=     25.6008 meV   on_shell_Omega=     25.5899 meV  off_shell_Omega=     25.5899 meV
     lambda___(   2 )=       0.000000   gamma___=       0.000000 meV  omega=     71.9880 meV   on_shell_Omega=     72.0138 meV  off_shell_Omega=     72.0138 meV
     lambda_tr(   2 )=       0.000000   gamma_tr=       0.000000 meV  omega=     71.9880 meV   on_shell_Omega=     72.0138 meV  off_shell_Omega=     72.0138 meV
     lambda___(   3 )=       0.000000   gamma___=       0.000000 meV  omega=     98.6268 meV   on_shell_Omega=     98.6625 meV  off_shell_Omega=     98.6625 meV
     lambda_tr(   3 )=       0.000000   gamma_tr=       0.000000 meV  omega=     98.6268 meV   on_shell_Omega=     98.6625 meV  off_shell_Omega=     98.6625 meV
     lambda___(   4 )=       0.000000   gamma___=       0.000000 meV  omega=    108.3211 meV   on_shell_Omega=    108.3317 meV  off_shell_Omega=    108.3317 meV
     lambda_tr(   4 )=       0.000000   gamma_tr=       0.000000 meV  omega=    108.3211 meV   on_shell_Omega=    108.3317 meV  off_shell_Omega=    108.3317 meV
     lambda___(   5 )=       0.000000   gamma___=       0.000000 meV  omega=    178.9700 meV   on_shell_Omega=    179.2009 meV  off_shell_Omega=    179.2758 meV
     lambda_tr(   5 )=      -0.000000   gamma_tr=      -0.000000 meV  omega=    178.9700 meV   on_shell_Omega=    179.2009 meV  off_shell_Omega=    179.2758 meV
     lambda___(   6 )=       0.000000   gamma___=       0.000000 meV  omega=    193.9468 meV   on_shell_Omega=    194.0634 meV  off_shell_Omega=    194.0634 meV
     lambda_tr(   6 )=      -0.000000   gamma_tr=      -0.000000 meV  omega=    193.9468 meV   on_shell_Omega=    194.0634 meV  off_shell_Omega=    194.0634 meV
     lambda___( tot )=       0.000000
     lambda_tr( tot )=      -0.000000
     -------------------------------------------------------------------


     Number of (k,k+q) pairs on the Fermi surface:      302 out of      324


     ismear =     1 iq =      76 coord.:   0.22222  0.16667  0.00000 wt:   0.00309 Temp:  300.000K
     -------------------------------------------------------------------
     lambda___(   1 )=      -0.000000   gamma___=      -0.000000 meV  omega=     32.2346 meV   on_shell_Omega=     32.2740 meV  off_shell_Omega=     32.2740 meV
     lambda_tr(   1 )=      -0.000000   gamma_tr=      -0.000000 meV  omega=     32.2346 meV   on_shell_Omega=     32.2740 meV  off_shell_Omega=     32.2740 meV
     lambda___(   2 )=       0.000000   gamma___=       0.000000 meV  omega=     84.6431 meV   on_shell_Omega=     84.6798 meV  off_shell_Omega=     84.6798 meV
     lambda_tr(   2 )=       0.000000   gamma_tr=       0.000000 meV  omega=     84.6431 meV   on_shell_Omega=     84.6798 meV  off_shell_Omega=     84.6798 meV
     lambda___(   3 )=       0.000000   gamma___=       0.000000 meV  omega=     94.7504 meV   on_shell_Omega=     94.8035 meV  off_shell_Omega=     94.8035 meV
     lambda_tr(   3 )=       0.000000   gamma_tr=       0.000000 meV  omega=     94.7504 meV   on_shell_Omega=     94.8035 meV  off_shell_Omega=     94.8035 meV
     lambda___(   4 )=       0.000000   gamma___=       0.000000 meV  omega=    117.3104 meV   on_shell_Omega=    117.3238 meV  off_shell_Omega=    117.3238 meV
     lambda_tr(   4 )=       0.000000   gamma_tr=       0.000000 meV  omega=    117.3104 meV   on_shell_Omega=    117.3238 meV  off_shell_Omega=    117.3238 meV
     lambda___(   5 )=       0.000000   gamma___=       0.000000 meV  omega=    175.8863 meV   on_shell_Omega=    176.2002 meV  off_shell_Omega=    176.1869 meV
     lambda_tr(   5 )=       0.000000   gamma_tr=       0.000000 meV  omega=    175.8863 meV   on_shell_Omega=    176.2002 meV  off_shell_Omega=    176.1869 meV
     lambda___(   6 )=       0.000000   gamma___=       0.000000 meV  omega=    189.0811 meV   on_shell_Omega=    189.1480 meV  off_shell_Omega=    189.1480 meV
     lambda_tr(   6 )=       0.000000   gamma_tr=       0.000000 meV  omega=    189.0811 meV   on_shell_Omega=    189.1480 meV  off_shell_Omega=    189.1480 meV
     lambda___( tot )=      -0.000000
     lambda_tr( tot )=      -0.000000
     -------------------------------------------------------------------


     Number of (k,k+q) pairs on the Fermi surface:      303 out of      324


     ismear =     1 iq =      77 coord.:   0.22222  0.22222  0.00000 wt:   0.00309 Temp:  300.000K
     -------------------------------------------------------------------
     lambda___(   1 )=       0.000000   gamma___=       0.000000 meV  omega=     39.4642 meV   on_shell_Omega=     39.4754 meV  off_shell_Omega=     39.4754 meV
     lambda_tr(   1 )=       0.000000   gamma_tr=       0.000000 meV  omega=     39.4642 meV   on_shell_Omega=     39.4754 meV  off_shell_Omega=     39.4754 meV
     lambda___(   2 )=       0.000000   gamma___=       0.000000 meV  omega=     89.7940 meV   on_shell_Omega=     89.8564 meV  off_shell_Omega=     89.8564 meV
     lambda_tr(   2 )=       0.000000   gamma_tr=       0.000000 meV  omega=     89.7940 meV   on_shell_Omega=     89.8564 meV  off_shell_Omega=     89.8564 meV
     lambda___(   3 )=       0.000000   gamma___=       0.000000 meV  omega=     95.7184 meV   on_shell_Omega=     95.7537 meV  off_shell_Omega=     95.7537 meV
     lambda_tr(   3 )=       0.000000   gamma_tr=       0.000000 meV  omega=     95.7184 meV   on_shell_Omega=     95.7537 meV  off_shell_Omega=     95.7537 meV
     lambda___(   4 )=       0.000000   gamma___=       0.000000 meV  omega=    125.9998 meV   on_shell_Omega=    126.0216 meV  off_shell_Omega=    126.0216 meV
     lambda_tr(   4 )=       0.000000   gamma_tr=       0.000000 meV  omega=    125.9998 meV   on_shell_Omega=    126.0216 meV  off_shell_Omega=    126.0216 meV
     lambda___(   5 )=       0.000000   gamma___=       0.000000 meV  omega=    173.2748 meV   on_shell_Omega=    173.6045 meV  off_shell_Omega=    173.5709 meV
     lambda_tr(   5 )=       0.000000   gamma_tr=       0.000000 meV  omega=    173.2748 meV   on_shell_Omega=    173.6045 meV  off_shell_Omega=    173.5709 meV
     lambda___(   6 )=       0.000000   gamma___=       0.000000 meV  omega=    183.0142 meV   on_shell_Omega=    183.0481 meV  off_shell_Omega=    183.0481 meV
     lambda_tr(   6 )=       0.000000   gamma_tr=       0.000000 meV  omega=    183.0142 meV   on_shell_Omega=    183.0481 meV  off_shell_Omega=    183.0481 meV
     lambda___( tot )=       0.000000
     lambda_tr( tot )=       0.000000
     -------------------------------------------------------------------


     Number of (k,k+q) pairs on the Fermi surface:      303 out of      324


     ismear =     1 iq =      78 coord.:   0.22222  0.27778  0.00000 wt:   0.00309 Temp:  300.000K
     -------------------------------------------------------------------
     lambda___(   1 )=      -0.000000   gamma___=      -0.000000 meV  omega=     47.2514 meV   on_shell_Omega=     47.2394 meV  off_shell_Omega=     47.2394 meV
     lambda_tr(   1 )=      -0.000000   gamma_tr=      -0.000000 meV  omega=     47.2514 meV   on_shell_Omega=     47.2394 meV  off_shell_Omega=     47.2394 meV
     lambda___(   2 )=       0.000000   gamma___=       0.000000 meV  omega=     83.7554 meV   on_shell_Omega=     83.8247 meV  off_shell_Omega=     83.8247 meV
     lambda_tr(   2 )=       0.000000   gamma_tr=       0.000000 meV  omega=     83.7554 meV   on_shell_Omega=     83.8247 meV  off_shell_Omega=     83.8247 meV
     lambda___(   3 )=       0.000000   gamma___=       0.000000 meV  omega=    103.7539 meV   on_shell_Omega=    103.7738 meV  off_shell_Omega=    103.7738 meV
     lambda_tr(   3 )=       0.000000   gamma_tr=       0.000000 meV  omega=    103.7539 meV   on_shell_Omega=    103.7738 meV  off_shell_Omega=    103.7738 meV
     lambda___(   4 )=       0.000000   gamma___=       0.000000 meV  omega=    135.5385 meV   on_shell_Omega=    135.5733 meV  off_shell_Omega=    135.5733 meV
     lambda_tr(   4 )=       0.000000   gamma_tr=       0.000000 meV  omega=    135.5385 meV   on_shell_Omega=    135.5733 meV  off_shell_Omega=    135.5733 meV
     lambda___(   5 )=       0.000000   gamma___=       0.000000 meV  omega=    170.6035 meV   on_shell_Omega=    170.8839 meV  off_shell_Omega=    170.8951 meV
     lambda_tr(   5 )=       0.000000   gamma_tr=       0.000000 meV  omega=    170.6035 meV   on_shell_Omega=    170.8839 meV  off_shell_Omega=    170.8951 meV
     lambda___(   6 )=       0.000000   gamma___=       0.000000 meV  omega=    175.6140 meV   on_shell_Omega=    175.6489 meV  off_shell_Omega=    175.6489 meV
     lambda_tr(   6 )=       0.000000   gamma_tr=       0.000000 meV  omega=    175.6140 meV   on_shell_Omega=    175.6489 meV  off_shell_Omega=    175.6489 meV
     lambda___( tot )=       0.000000
     lambda_tr( tot )=       0.000000
     -------------------------------------------------------------------


     Number of (k,k+q) pairs on the Fermi surface:      302 out of      324


     ismear =     1 iq =      79 coord.:   0.22222  0.33333  0.00000 wt:   0.00309 Temp:  300.000K
     -------------------------------------------------------------------
     lambda___(   1 )=       0.000000   gamma___=       0.000000 meV  omega=     54.9798 meV   on_shell_Omega=     54.9660 meV  off_shell_Omega=     54.9660 meV
     lambda_tr(   1 )=       0.000000   gamma_tr=       0.000000 meV  omega=     54.9798 meV   on_shell_Omega=     54.9660 meV  off_shell_Omega=     54.9660 meV
     lambda___(   2 )=       0.000000   gamma___=       0.000000 meV  omega=     77.1488 meV   on_shell_Omega=     77.2237 meV  off_shell_Omega=     77.2237 meV
     lambda_tr(   2 )=       0.000000   gamma_tr=       0.000000 meV  omega=     77.1488 meV   on_shell_Omega=     77.2237 meV  off_shell_Omega=     77.2237 meV
     lambda___(   3 )=       0.000000   gamma___=       0.000000 meV  omega=    108.6012 meV   on_shell_Omega=    108.6088 meV  off_shell_Omega=    108.6088 meV
     lambda_tr(   3 )=       0.000000   gamma_tr=       0.000000 meV  omega=    108.6012 meV   on_shell_Omega=    108.6088 meV  off_shell_Omega=    108.6088 meV
     lambda___(   4 )=       0.000000   gamma___=       0.000000 meV  omega=    145.7799 meV   on_shell_Omega=    145.8103 meV  off_shell_Omega=    145.8103 meV
     lambda_tr(   4 )=       0.000000   gamma_tr=       0.000000 meV  omega=    145.7799 meV   on_shell_Omega=    145.8103 meV  off_shell_Omega=    145.8103 meV
     lambda___(   5 )=       0.000000   gamma___=       0.000000 meV  omega=    166.9099 meV   on_shell_Omega=    166.9284 meV  off_shell_Omega=    166.9284 meV
     lambda_tr(   5 )=       0.000000   gamma_tr=       0.000000 meV  omega=    166.9099 meV   on_shell_Omega=    166.9284 meV  off_shell_Omega=    166.9284 meV
     lambda___(   6 )=       0.000000   gamma___=       0.000000 meV  omega=    168.0393 meV   on_shell_Omega=    168.3877 meV  off_shell_Omega=    168.3264 meV
     lambda_tr(   6 )=       0.000000   gamma_tr=       0.000000 meV  omega=    168.0393 meV   on_shell_Omega=    168.3877 meV  off_shell_Omega=    168.3264 meV
     lambda___( tot )=       0.000000
     lambda_tr( tot )=       0.000000
     -------------------------------------------------------------------


     Number of (k,k+q) pairs on the Fermi surface:      302 out of      324


     ismear =     1 iq =      80 coord.:   0.22222  0.38889  0.00000 wt:   0.00309 Temp:  300.000K
     -------------------------------------------------------------------
     lambda___(   1 )=       0.000000   gamma___=       0.000000 meV  omega=     59.4233 meV   on_shell_Omega=     59.4107 meV  off_shell_Omega=     59.4107 meV
     lambda_tr(   1 )=       0.000000   gamma_tr=       0.000000 meV  omega=     59.4233 meV   on_shell_Omega=     59.4107 meV  off_shell_Omega=     59.4107 meV
     lambda___(   2 )=       0.000000   gamma___=       0.000000 meV  omega=     73.0929 meV   on_shell_Omega=     73.1557 meV  off_shell_Omega=     73.1557 meV
     lambda_tr(   2 )=       0.000000   gamma_tr=       0.000000 meV  omega=     73.0929 meV   on_shell_Omega=     73.1557 meV  off_shell_Omega=     73.1557 meV
     lambda___(   3 )=       0.000000   gamma___=       0.000000 meV  omega=    110.2761 meV   on_shell_Omega=    110.2780 meV  off_shell_Omega=    110.2780 meV
     lambda_tr(   3 )=       0.000000   gamma_tr=       0.000000 meV  omega=    110.2761 meV   on_shell_Omega=    110.2780 meV  off_shell_Omega=    110.2780 meV
     lambda___(   4 )=       0.000000   gamma___=       0.000000 meV  omega=    153.8144 meV   on_shell_Omega=    153.7984 meV  off_shell_Omega=    153.7984 meV
     lambda_tr(   4 )=       0.000000   gamma_tr=       0.000000 meV  omega=    153.8144 meV   on_shell_Omega=    153.7984 meV  off_shell_Omega=    153.7984 meV
     lambda___(   5 )=       0.000000   gamma___=       0.000000 meV  omega=    159.4471 meV   on_shell_Omega=    159.4961 meV  off_shell_Omega=    159.4961 meV
     lambda_tr(   5 )=       0.000000   gamma_tr=       0.000000 meV  omega=    159.4471 meV   on_shell_Omega=    159.4961 meV  off_shell_Omega=    159.4961 meV
     lambda___(   6 )=       0.000000   gamma___=       0.000000 meV  omega=    166.8558 meV   on_shell_Omega=    167.2075 meV  off_shell_Omega=    167.1410 meV
     lambda_tr(   6 )=       0.000000   gamma_tr=       0.000000 meV  omega=    166.8558 meV   on_shell_Omega=    167.2075 meV  off_shell_Omega=    167.1410 meV
     lambda___( tot )=       0.000000
     lambda_tr( tot )=       0.000000
     -------------------------------------------------------------------


     Number of (k,k+q) pairs on the Fermi surface:      302 out of      324


     ismear =     1 iq =      81 coord.:   0.22222  0.44444  0.00000 wt:   0.00309 Temp:  300.000K
     -------------------------------------------------------------------
     lambda___(   1 )=       0.000000   gamma___=       0.000000 meV  omega=     54.9798 meV   on_shell_Omega=     54.9781 meV  off_shell_Omega=     54.9781 meV
     lambda_tr(   1 )=       0.000000   gamma_tr=       0.000000 meV  omega=     54.9798 meV   on_shell_Omega=     54.9781 meV  off_shell_Omega=     54.9781 meV
     lambda___(   2 )=       0.000000   gamma___=       0.000000 meV  omega=     77.1488 meV   on_shell_Omega=     77.2232 meV  off_shell_Omega=     77.2232 meV
     lambda_tr(   2 )=       0.000000   gamma_tr=       0.000000 meV  omega=     77.1488 meV   on_shell_Omega=     77.2232 meV  off_shell_Omega=     77.2232 meV
     lambda___(   3 )=       0.000000   gamma___=       0.000000 meV  omega=    108.6012 meV   on_shell_Omega=    108.6071 meV  off_shell_Omega=    108.6071 meV
     lambda_tr(   3 )=       0.000000   gamma_tr=       0.000000 meV  omega=    108.6012 meV   on_shell_Omega=    108.6071 meV  off_shell_Omega=    108.6071 meV
     lambda___(   4 )=       0.000000   gamma___=       0.000000 meV  omega=    145.7799 meV   on_shell_Omega=    145.7920 meV  off_shell_Omega=    145.7920 meV
     lambda_tr(   4 )=       0.000000   gamma_tr=       0.000000 meV  omega=    145.7799 meV   on_shell_Omega=    145.7920 meV  off_shell_Omega=    145.7920 meV
     lambda___(   5 )=       0.000000   gamma___=       0.000000 meV  omega=    166.9099 meV   on_shell_Omega=    166.9314 meV  off_shell_Omega=    166.9314 meV
     lambda_tr(   5 )=       0.000000   gamma_tr=       0.000000 meV  omega=    166.9099 meV   on_shell_Omega=    166.9314 meV  off_shell_Omega=    166.9314 meV
     lambda___(   6 )=       0.000000   gamma___=       0.000000 meV  omega=    168.0393 meV   on_shell_Omega=    168.3062 meV  off_shell_Omega=    168.3264 meV
     lambda_tr(   6 )=       0.000000   gamma_tr=       0.000000 meV  omega=    168.0393 meV   on_shell_Omega=    168.3062 meV  off_shell_Omega=    168.3264 meV
     lambda___( tot )=       0.000000
     lambda_tr( tot )=       0.000000
     -------------------------------------------------------------------


     Number of (k,k+q) pairs on the Fermi surface:      302 out of      324


     ismear =     1 iq =      82 coord.:   0.22222  0.50000  0.00000 wt:   0.00309 Temp:  300.000K
     -------------------------------------------------------------------
     lambda___(   1 )=      -0.000000   gamma___=      -0.000000 meV  omega=     47.2514 meV   on_shell_Omega=     47.2244 meV  off_shell_Omega=     47.2244 meV
     lambda_tr(   1 )=      -0.000000   gamma_tr=      -0.000000 meV  omega=     47.2514 meV   on_shell_Omega=     47.2244 meV  off_shell_Omega=     47.2244 meV
     lambda___(   2 )=      -0.000000   gamma___=      -0.000000 meV  omega=     83.7554 meV   on_shell_Omega=     83.8375 meV  off_shell_Omega=     83.8375 meV
     lambda_tr(   2 )=      -0.000000   gamma_tr=      -0.000000 meV  omega=     83.7554 meV   on_shell_Omega=     83.8375 meV  off_shell_Omega=     83.8375 meV
     lambda___(   3 )=       0.000000   gamma___=       0.000000 meV  omega=    103.7539 meV   on_shell_Omega=    103.7759 meV  off_shell_Omega=    103.7759 meV
     lambda_tr(   3 )=       0.000000   gamma_tr=       0.000000 meV  omega=    103.7539 meV   on_shell_Omega=    103.7759 meV  off_shell_Omega=    103.7759 meV
     lambda___(   4 )=       0.000000   gamma___=       0.000000 meV  omega=    135.5385 meV   on_shell_Omega=    135.5552 meV  off_shell_Omega=    135.5552 meV
     lambda_tr(   4 )=       0.000000   gamma_tr=       0.000000 meV  omega=    135.5385 meV   on_shell_Omega=    135.5552 meV  off_shell_Omega=    135.5552 meV
     lambda___(   5 )=       0.000000   gamma___=       0.000000 meV  omega=    170.6035 meV   on_shell_Omega=    170.7778 meV  off_shell_Omega=    170.6869 meV
     lambda_tr(   5 )=       0.000000   gamma_tr=       0.000000 meV  omega=    170.6035 meV   on_shell_Omega=    170.7778 meV  off_shell_Omega=    170.6869 meV
     lambda___(   6 )=       0.000000   gamma___=       0.000000 meV  omega=    175.6140 meV   on_shell_Omega=    175.6447 meV  off_shell_Omega=    175.6447 meV
     lambda_tr(   6 )=       0.000000   gamma_tr=       0.000000 meV  omega=    175.6140 meV   on_shell_Omega=    175.6447 meV  off_shell_Omega=    175.6447 meV
     lambda___( tot )=      -0.000000
     lambda_tr( tot )=      -0.000000
     -------------------------------------------------------------------


     Number of (k,k+q) pairs on the Fermi surface:      302 out of      324


     ismear =     1 iq =      83 coord.:   0.22222  0.55556  0.00000 wt:   0.00309 Temp:  300.000K
     -------------------------------------------------------------------
     lambda___(   1 )=       0.000000   gamma___=       0.000000 meV  omega=     39.4642 meV   on_shell_Omega=     39.5116 meV  off_shell_Omega=     39.5116 meV
     lambda_tr(   1 )=      -0.000000   gamma_tr=      -0.000000 meV  omega=     39.4642 meV   on_shell_Omega=     39.5116 meV  off_shell_Omega=     39.5116 meV
     lambda___(   2 )=       0.000000   gamma___=       0.000000 meV  omega=     89.7940 meV   on_shell_Omega=     89.8525 meV  off_shell_Omega=     89.8525 meV
     lambda_tr(   2 )=      -0.000000   gamma_tr=      -0.000000 meV  omega=     89.7940 meV   on_shell_Omega=     89.8525 meV  off_shell_Omega=     89.8525 meV
     lambda___(   3 )=       0.000000   gamma___=       0.000000 meV  omega=     95.7184 meV   on_shell_Omega=     95.7557 meV  off_shell_Omega=     95.7557 meV
     lambda_tr(   3 )=       0.000000   gamma_tr=       0.000000 meV  omega=     95.7184 meV   on_shell_Omega=     95.7557 meV  off_shell_Omega=     95.7557 meV
     lambda___(   4 )=       0.000000   gamma___=       0.000000 meV  omega=    125.9998 meV   on_shell_Omega=    126.0195 meV  off_shell_Omega=    126.0195 meV
     lambda_tr(   4 )=      -0.000000   gamma_tr=      -0.000000 meV  omega=    125.9998 meV   on_shell_Omega=    126.0195 meV  off_shell_Omega=    126.0195 meV
     lambda___(   5 )=       0.000000   gamma___=       0.000000 meV  omega=    173.2748 meV   on_shell_Omega=    173.4729 meV  off_shell_Omega=    173.3594 meV
     lambda_tr(   5 )=      -0.000000   gamma_tr=      -0.000000 meV  omega=    173.2748 meV   on_shell_Omega=    173.4729 meV  off_shell_Omega=    173.3594 meV
     lambda___(   6 )=       0.000000   gamma___=       0.000000 meV  omega=    183.0142 meV   on_shell_Omega=    183.0551 meV  off_shell_Omega=    183.0551 meV
     lambda_tr(   6 )=       0.000000   gamma_tr=       0.000000 meV  omega=    183.0142 meV   on_shell_Omega=    183.0551 meV  off_shell_Omega=    183.0551 meV
     lambda___( tot )=       0.000000
     lambda_tr( tot )=      -0.000000
     -------------------------------------------------------------------


     Number of (k,k+q) pairs on the Fermi surface:      302 out of      324


     ismear =     1 iq =      84 coord.:   0.22222  0.61111  0.00000 wt:   0.00309 Temp:  300.000K
     -------------------------------------------------------------------
     lambda___(   1 )=       0.000000   gamma___=       0.000000 meV  omega=     32.2346 meV   on_shell_Omega=     32.2576 meV  off_shell_Omega=     32.2576 meV
     lambda_tr(   1 )=       0.000000   gamma_tr=       0.000000 meV  omega=     32.2346 meV   on_shell_Omega=     32.2576 meV  off_shell_Omega=     32.2576 meV
     lambda___(   2 )=       0.000000   gamma___=       0.000000 meV  omega=     84.6431 meV   on_shell_Omega=     84.6797 meV  off_shell_Omega=     84.6797 meV
     lambda_tr(   2 )=       0.000000   gamma_tr=       0.000000 meV  omega=     84.6431 meV   on_shell_Omega=     84.6797 meV  off_shell_Omega=     84.6797 meV
     lambda___(   3 )=       0.000000   gamma___=       0.000000 meV  omega=     94.7504 meV   on_shell_Omega=     94.8045 meV  off_shell_Omega=     94.8045 meV
     lambda_tr(   3 )=       0.000000   gamma_tr=       0.000000 meV  omega=     94.7504 meV   on_shell_Omega=     94.8045 meV  off_shell_Omega=     94.8045 meV
     lambda___(   4 )=       0.000000   gamma___=       0.000000 meV  omega=    117.3104 meV   on_shell_Omega=    117.3202 meV  off_shell_Omega=    117.3202 meV
     lambda_tr(   4 )=       0.000000   gamma_tr=       0.000000 meV  omega=    117.3104 meV   on_shell_Omega=    117.3202 meV  off_shell_Omega=    117.3202 meV
     lambda___(   5 )=       0.000000   gamma___=       0.000000 meV  omega=    175.8863 meV   on_shell_Omega=    176.0528 meV  off_shell_Omega=    175.9722 meV
     lambda_tr(   5 )=       0.000000   gamma_tr=       0.000000 meV  omega=    175.8863 meV   on_shell_Omega=    176.0528 meV  off_shell_Omega=    175.9722 meV
     lambda___(   6 )=       0.000000   gamma___=       0.000000 meV  omega=    189.0811 meV   on_shell_Omega=    189.1631 meV  off_shell_Omega=    189.1631 meV
     lambda_tr(   6 )=       0.000000   gamma_tr=       0.000000 meV  omega=    189.0811 meV   on_shell_Omega=    189.1631 meV  off_shell_Omega=    189.1631 meV
     lambda___( tot )=       0.000000
     lambda_tr( tot )=       0.000000
     -------------------------------------------------------------------


     Number of (k,k+q) pairs on the Fermi surface:      302 out of      324


     ismear =     1 iq =      85 coord.:   0.22222  0.66667  0.00000 wt:   0.00309 Temp:  300.000K
     -------------------------------------------------------------------
     lambda___(   1 )=       0.000000   gamma___=       0.000000 meV  omega=     25.6008 meV   on_shell_Omega=     25.6231 meV  off_shell_Omega=     25.6231 meV
     lambda_tr(   1 )=       0.000000   gamma_tr=       0.000000 meV  omega=     25.6008 meV   on_shell_Omega=     25.6231 meV  off_shell_Omega=     25.6231 meV
     lambda___(   2 )=       0.000000   gamma___=       0.000000 meV  omega=     71.9880 meV   on_shell_Omega=     72.0108 meV  off_shell_Omega=     72.0108 meV
     lambda_tr(   2 )=       0.000000   gamma_tr=       0.000000 meV  omega=     71.9880 meV   on_shell_Omega=     72.0108 meV  off_shell_Omega=     72.0108 meV
     lambda___(   3 )=       0.000000   gamma___=       0.000000 meV  omega=     98.6268 meV   on_shell_Omega=     98.6558 meV  off_shell_Omega=     98.6558 meV
     lambda_tr(   3 )=       0.000000   gamma_tr=       0.000000 meV  omega=     98.6268 meV   on_shell_Omega=     98.6558 meV  off_shell_Omega=     98.6558 meV
     lambda___(   4 )=       0.000000   gamma___=       0.000000 meV  omega=    108.3211 meV   on_shell_Omega=    108.3323 meV  off_shell_Omega=    108.3323 meV
     lambda_tr(   4 )=       0.000000   gamma_tr=       0.000000 meV  omega=    108.3211 meV   on_shell_Omega=    108.3323 meV  off_shell_Omega=    108.3323 meV
     lambda___(   5 )=       0.000000   gamma___=       0.000000 meV  omega=    178.9700 meV   on_shell_Omega=    179.1210 meV  off_shell_Omega=    179.0574 meV
     lambda_tr(   5 )=       0.000000   gamma_tr=       0.000000 meV  omega=    178.9700 meV   on_shell_Omega=    179.1210 meV  off_shell_Omega=    179.0574 meV
     lambda___(   6 )=       0.000000   gamma___=       0.000000 meV  omega=    193.9468 meV   on_shell_Omega=    194.0580 meV  off_shell_Omega=    194.0580 meV
     lambda_tr(   6 )=      -0.000000   gamma_tr=      -0.000000 meV  omega=    193.9468 meV   on_shell_Omega=    194.0580 meV  off_shell_Omega=    194.0580 meV
     lambda___( tot )=       0.000000
     lambda_tr( tot )=       0.000000
     -------------------------------------------------------------------


     Number of (k,k+q) pairs on the Fermi surface:      302 out of      324


     ismear =     1 iq =      86 coord.:   0.22222  0.72222  0.00000 wt:   0.00309 Temp:  300.000K
     -------------------------------------------------------------------
     lambda___(   1 )=       0.000000   gamma___=       0.000000 meV  omega=     19.6520 meV   on_shell_Omega=     19.6925 meV  off_shell_Omega=     19.6925 meV
     lambda_tr(   1 )=       0.000000   gamma_tr=       0.000000 meV  omega=     19.6520 meV   on_shell_Omega=     19.6925 meV  off_shell_Omega=     19.6925 meV
     lambda___(   2 )=       0.000000   gamma___=       0.000000 meV  omega=     60.2879 meV   on_shell_Omega=     60.2950 meV  off_shell_Omega=     60.2950 meV
     lambda_tr(   2 )=       0.000000   gamma_tr=       0.000000 meV  omega=     60.2879 meV   on_shell_Omega=     60.2950 meV  off_shell_Omega=     60.2950 meV
     lambda___(   3 )=       0.000000   gamma___=       0.000000 meV  omega=     98.3670 meV   on_shell_Omega=     98.3757 meV  off_shell_Omega=     98.3757 meV
     lambda_tr(   3 )=       0.000000   gamma_tr=       0.000000 meV  omega=     98.3670 meV   on_shell_Omega=     98.3757 meV  off_shell_Omega=     98.3757 meV
     lambda___(   4 )=       0.000000   gamma___=       0.000000 meV  omega=    101.4990 meV   on_shell_Omega=    101.5171 meV  off_shell_Omega=    101.5171 meV
     lambda_tr(   4 )=       0.000000   gamma_tr=       0.000000 meV  omega=    101.4990 meV   on_shell_Omega=    101.5171 meV  off_shell_Omega=    101.5171 meV
     lambda___(   5 )=       0.000000   gamma___=       0.000000 meV  omega=    182.2466 meV   on_shell_Omega=    182.3828 meV  off_shell_Omega=    182.3356 meV
     lambda_tr(   5 )=       0.000000   gamma_tr=       0.000000 meV  omega=    182.2466 meV   on_shell_Omega=    182.3828 meV  off_shell_Omega=    182.3356 meV
     lambda___(   6 )=       0.000000   gamma___=       0.000000 meV  omega=    197.3939 meV   on_shell_Omega=    197.5425 meV  off_shell_Omega=    197.4903 meV
     lambda_tr(   6 )=       0.000000   gamma_tr=       0.000000 meV  omega=    197.3939 meV   on_shell_Omega=    197.5425 meV  off_shell_Omega=    197.4903 meV
     lambda___( tot )=       0.000000
     lambda_tr( tot )=       0.000000
     -------------------------------------------------------------------


     Number of (k,k+q) pairs on the Fermi surface:      302 out of      324


     ismear =     1 iq =      87 coord.:   0.22222  0.77778  0.00000 wt:   0.00309 Temp:  300.000K
     -------------------------------------------------------------------
     lambda___(   1 )=       0.000000   gamma___=       0.000000 meV  omega=     14.9695 meV   on_shell_Omega=     14.9907 meV  off_shell_Omega=     14.9907 meV
     lambda_tr(   1 )=       0.000000   gamma_tr=       0.000000 meV  omega=     14.9695 meV   on_shell_Omega=     14.9907 meV  off_shell_Omega=     14.9907 meV
     lambda___(   2 )=       0.000000   gamma___=       0.000000 meV  omega=     52.5871 meV   on_shell_Omega=     52.5822 meV  off_shell_Omega=     52.5822 meV
     lambda_tr(   2 )=       0.000000   gamma_tr=       0.000000 meV  omega=     52.5871 meV   on_shell_Omega=     52.5822 meV  off_shell_Omega=     52.5822 meV
     lambda___(   3 )=       0.000000   gamma___=       0.000000 meV  omega=     88.1874 meV   on_shell_Omega=     88.2124 meV  off_shell_Omega=     88.2124 meV
     lambda_tr(   3 )=       0.000000   gamma_tr=       0.000000 meV  omega=     88.1874 meV   on_shell_Omega=     88.2124 meV  off_shell_Omega=     88.2124 meV
     lambda___(   4 )=       0.000000   gamma___=       0.000000 meV  omega=    103.4066 meV   on_shell_Omega=    103.4146 meV  off_shell_Omega=    103.4146 meV
     lambda_tr(   4 )=       0.000000   gamma_tr=       0.000000 meV  omega=    103.4066 meV   on_shell_Omega=    103.4146 meV  off_shell_Omega=    103.4146 meV
     lambda___(   5 )=       0.000000   gamma___=       0.000000 meV  omega=    184.7248 meV   on_shell_Omega=    184.8464 meV  off_shell_Omega=    184.8464 meV
     lambda_tr(   5 )=       0.000000   gamma_tr=       0.000000 meV  omega=    184.7248 meV   on_shell_Omega=    184.8464 meV  off_shell_Omega=    184.8464 meV
     lambda___(   6 )=       0.000000   gamma___=       0.000000 meV  omega=    199.0725 meV   on_shell_Omega=    199.2918 meV  off_shell_Omega=    199.1697 meV
     lambda_tr(   6 )=       0.000000   gamma_tr=       0.000000 meV  omega=    199.0725 meV   on_shell_Omega=    199.2918 meV  off_shell_Omega=    199.1697 meV
     lambda___( tot )=       0.000000
     lambda_tr( tot )=       0.000000
     -------------------------------------------------------------------


     Number of (k,k+q) pairs on the Fermi surface:      302 out of      324


     ismear =     1 iq =      88 coord.:   0.22222  0.83333  0.00000 wt:   0.00309 Temp:  300.000K
     -------------------------------------------------------------------
     lambda___(   1 )=       0.000000   gamma___=       0.000000 meV  omega=     12.3071 meV   on_shell_Omega=     12.3399 meV  off_shell_Omega=     12.3399 meV
     lambda_tr(   1 )=       0.000000   gamma_tr=       0.000000 meV  omega=     12.3071 meV   on_shell_Omega=     12.3399 meV  off_shell_Omega=     12.3399 meV
     lambda___(   2 )=       0.000000   gamma___=       0.000000 meV  omega=     50.4599 meV   on_shell_Omega=     50.4819 meV  off_shell_Omega=     50.4819 meV
     lambda_tr(   2 )=       0.000000   gamma_tr=       0.000000 meV  omega=     50.4599 meV   on_shell_Omega=     50.4819 meV  off_shell_Omega=     50.4819 meV
     lambda___(   3 )=       0.000000   gamma___=       0.000000 meV  omega=     79.5938 meV   on_shell_Omega=     79.6060 meV  off_shell_Omega=     79.6060 meV
     lambda_tr(   3 )=       0.000000   gamma_tr=       0.000000 meV  omega=     79.5938 meV   on_shell_Omega=     79.6060 meV  off_shell_Omega=     79.6060 meV
     lambda___(   4 )=       0.000000   gamma___=       0.000000 meV  omega=    104.4363 meV   on_shell_Omega=    104.4434 meV  off_shell_Omega=    104.4434 meV
     lambda_tr(   4 )=       0.000000   gamma_tr=       0.000000 meV  omega=    104.4363 meV   on_shell_Omega=    104.4434 meV  off_shell_Omega=    104.4434 meV
     lambda___(   5 )=       0.000000   gamma___=       0.000000 meV  omega=    185.9293 meV   on_shell_Omega=    186.1091 meV  off_shell_Omega=    186.0201 meV
     lambda_tr(   5 )=       0.000000   gamma_tr=       0.000000 meV  omega=    185.9293 meV   on_shell_Omega=    186.1091 meV  off_shell_Omega=    186.0201 meV
     lambda___(   6 )=       0.000000   gamma___=       0.000000 meV  omega=    199.3167 meV   on_shell_Omega=    199.5853 meV  off_shell_Omega=    199.6574 meV
     lambda_tr(   6 )=       0.000000   gamma_tr=       0.000000 meV  omega=    199.3167 meV   on_shell_Omega=    199.5853 meV  off_shell_Omega=    199.6574 meV
     lambda___( tot )=       0.000000
     lambda_tr( tot )=       0.000000
     -------------------------------------------------------------------


     Number of (k,k+q) pairs on the Fermi surface:      302 out of      324


     ismear =     1 iq =      89 coord.:   0.22222  0.88889  0.00000 wt:   0.00309 Temp:  300.000K
     -------------------------------------------------------------------
     lambda___(   1 )=      -0.000000   gamma___=      -0.000000 meV  omega=     11.5650 meV   on_shell_Omega=     11.6051 meV  off_shell_Omega=     11.6051 meV
     lambda_tr(   1 )=      -0.000000   gamma_tr=      -0.000000 meV  omega=     11.5650 meV   on_shell_Omega=     11.6051 meV  off_shell_Omega=     11.6051 meV
     lambda___(   2 )=      -0.000000   gamma___=      -0.000000 meV  omega=     50.9160 meV   on_shell_Omega=     50.9672 meV  off_shell_Omega=     50.9672 meV
     lambda_tr(   2 )=      -0.000000   gamma_tr=      -0.000000 meV  omega=     50.9160 meV   on_shell_Omega=     50.9672 meV  off_shell_Omega=     50.9672 meV
     lambda___(   3 )=      -0.000000   gamma___=      -0.000000 meV  omega=     75.8326 meV   on_shell_Omega=     75.8160 meV  off_shell_Omega=     75.8160 meV
     lambda_tr(   3 )=      -0.000000   gamma_tr=      -0.000000 meV  omega=     75.8326 meV   on_shell_Omega=     75.8160 meV  off_shell_Omega=     75.8160 meV
     lambda___(   4 )=       0.000000   gamma___=       0.000000 meV  omega=    104.7494 meV   on_shell_Omega=    104.7582 meV  off_shell_Omega=    104.7582 meV
     lambda_tr(   4 )=       0.000000   gamma_tr=       0.000000 meV  omega=    104.7494 meV   on_shell_Omega=    104.7582 meV  off_shell_Omega=    104.7582 meV
     lambda___(   5 )=       0.000000   gamma___=       0.000000 meV  omega=    186.2216 meV   on_shell_Omega=    186.4359 meV  off_shell_Omega=    186.3125 meV
     lambda_tr(   5 )=       0.000000   gamma_tr=       0.000000 meV  omega=    186.2216 meV   on_shell_Omega=    186.4359 meV  off_shell_Omega=    186.3125 meV
     lambda___(   6 )=       0.000000   gamma___=       0.000000 meV  omega=    199.1902 meV   on_shell_Omega=    199.4224 meV  off_shell_Omega=    199.2875 meV
     lambda_tr(   6 )=       0.000000   gamma_tr=       0.000000 meV  omega=    199.1902 meV   on_shell_Omega=    199.4224 meV  off_shell_Omega=    199.2875 meV
     lambda___( tot )=      -0.000000
     lambda_tr( tot )=      -0.000000
     -------------------------------------------------------------------


     Number of (k,k+q) pairs on the Fermi surface:      302 out of      324


     ismear =     1 iq =      90 coord.:   0.22222  0.94444  0.00000 wt:   0.00309 Temp:  300.000K
     -------------------------------------------------------------------
     lambda___(   1 )=       0.000000   gamma___=       0.000000 meV  omega=     12.3071 meV   on_shell_Omega=     12.3361 meV  off_shell_Omega=     12.3361 meV
     lambda_tr(   1 )=       0.000000   gamma_tr=       0.000000 meV  omega=     12.3071 meV   on_shell_Omega=     12.3361 meV  off_shell_Omega=     12.3361 meV
     lambda___(   2 )=       0.000000   gamma___=       0.000000 meV  omega=     50.4599 meV   on_shell_Omega=     50.4816 meV  off_shell_Omega=     50.4816 meV
     lambda_tr(   2 )=       0.000000   gamma_tr=       0.000000 meV  omega=     50.4599 meV   on_shell_Omega=     50.4816 meV  off_shell_Omega=     50.4816 meV
     lambda___(   3 )=       0.000000   gamma___=       0.000000 meV  omega=     79.5938 meV   on_shell_Omega=     79.6093 meV  off_shell_Omega=     79.6093 meV
     lambda_tr(   3 )=       0.000000   gamma_tr=       0.000000 meV  omega=     79.5938 meV   on_shell_Omega=     79.6093 meV  off_shell_Omega=     79.6093 meV
     lambda___(   4 )=       0.000000   gamma___=       0.000000 meV  omega=    104.4363 meV   on_shell_Omega=    104.4439 meV  off_shell_Omega=    104.4439 meV
     lambda_tr(   4 )=       0.000000   gamma_tr=       0.000000 meV  omega=    104.4363 meV   on_shell_Omega=    104.4439 meV  off_shell_Omega=    104.4439 meV
     lambda___(   5 )=       0.000000   gamma___=       0.000000 meV  omega=    185.9293 meV   on_shell_Omega=    186.1756 meV  off_shell_Omega=    186.2471 meV
     lambda_tr(   5 )=       0.000000   gamma_tr=       0.000000 meV  omega=    185.9293 meV   on_shell_Omega=    186.1756 meV  off_shell_Omega=    186.2471 meV
     lambda___(   6 )=       0.000000   gamma___=       0.000000 meV  omega=    199.3167 meV   on_shell_Omega=    199.5838 meV  off_shell_Omega=    199.6574 meV
     lambda_tr(   6 )=       0.000000   gamma_tr=       0.000000 meV  omega=    199.3167 meV   on_shell_Omega=    199.5838 meV  off_shell_Omega=    199.6574 meV
     lambda___( tot )=       0.000000
     lambda_tr( tot )=       0.000000
     -------------------------------------------------------------------


     Number of (k,k+q) pairs on the Fermi surface:      303 out of      324


     ismear =     1 iq =      91 coord.:   0.27778  0.00000  0.00000 wt:   0.00309 Temp:  300.000K
     -------------------------------------------------------------------
     lambda___(   1 )=      -0.000000   gamma___=      -0.000000 meV  omega=     23.3984 meV   on_shell_Omega=     23.4442 meV  off_shell_Omega=     23.4442 meV
     lambda_tr(   1 )=      -0.000000   gamma_tr=      -0.000000 meV  omega=     23.3984 meV   on_shell_Omega=     23.4442 meV  off_shell_Omega=     23.4442 meV
     lambda___(   2 )=      -0.000000   gamma___=      -0.000000 meV  omega=     61.7277 meV   on_shell_Omega=     61.7247 meV  off_shell_Omega=     61.7247 meV
     lambda_tr(   2 )=      -0.000000   gamma_tr=      -0.000000 meV  omega=     61.7277 meV   on_shell_Omega=     61.7247 meV  off_shell_Omega=     61.7247 meV
     lambda___(   3 )=      -0.000000   gamma___=      -0.000000 meV  omega=     99.9253 meV   on_shell_Omega=     99.9438 meV  off_shell_Omega=     99.9438 meV
     lambda_tr(   3 )=      -0.000000   gamma_tr=      -0.000000 meV  omega=     99.9253 meV   on_shell_Omega=     99.9438 meV  off_shell_Omega=     99.9438 meV
     lambda___(   4 )=      -0.000000   gamma___=      -0.000000 meV  omega=    107.3435 meV   on_shell_Omega=    107.3664 meV  off_shell_Omega=    107.3664 meV
     lambda_tr(   4 )=      -0.000000   gamma_tr=      -0.000000 meV  omega=    107.3435 meV   on_shell_Omega=    107.3664 meV  off_shell_Omega=    107.3664 meV
     lambda___(   5 )=       0.000000   gamma___=       0.000000 meV  omega=    181.1272 meV   on_shell_Omega=    181.2841 meV  off_shell_Omega=    181.2156 meV
     lambda_tr(   5 )=       0.000000   gamma_tr=       0.000000 meV  omega=    181.1272 meV   on_shell_Omega=    181.2841 meV  off_shell_Omega=    181.2156 meV
     lambda___(   6 )=       0.000000   gamma___=       0.000000 meV  omega=    196.1455 meV   on_shell_Omega=    196.2607 meV  off_shell_Omega=    196.2607 meV
     lambda_tr(   6 )=       0.000000   gamma_tr=       0.000000 meV  omega=    196.1455 meV   on_shell_Omega=    196.2607 meV  off_shell_Omega=    196.2607 meV
     lambda___( tot )=      -0.000000
     lambda_tr( tot )=      -0.000000
     -------------------------------------------------------------------


     Number of (k,k+q) pairs on the Fermi surface:      302 out of      324


     ismear =     1 iq =      92 coord.:   0.27778  0.05556  0.00000 wt:   0.00309 Temp:  300.000K
     -------------------------------------------------------------------
     lambda___(   1 )=       0.000000   gamma___=       0.000000 meV  omega=     28.7398 meV   on_shell_Omega=     28.7452 meV  off_shell_Omega=     28.7452 meV
     lambda_tr(   1 )=       0.000000   gamma_tr=       0.000000 meV  omega=     28.7398 meV   on_shell_Omega=     28.7452 meV  off_shell_Omega=     28.7452 meV
     lambda___(   2 )=       0.000000   gamma___=       0.000000 meV  omega=     68.6092 meV   on_shell_Omega=     68.6135 meV  off_shell_Omega=     68.6135 meV
     lambda_tr(   2 )=       0.000000   gamma_tr=       0.000000 meV  omega=     68.6092 meV   on_shell_Omega=     68.6135 meV  off_shell_Omega=     68.6135 meV
     lambda___(   3 )=       0.000000   gamma___=       0.000000 meV  omega=     97.3279 meV   on_shell_Omega=     97.3695 meV  off_shell_Omega=     97.3695 meV
     lambda_tr(   3 )=       0.000000   gamma_tr=       0.000000 meV  omega=     97.3279 meV   on_shell_Omega=     97.3695 meV  off_shell_Omega=     97.3695 meV
     lambda___(   4 )=       0.000000   gamma___=       0.000000 meV  omega=    116.4460 meV   on_shell_Omega=    116.4703 meV  off_shell_Omega=    116.4703 meV
     lambda_tr(   4 )=       0.000000   gamma_tr=       0.000000 meV  omega=    116.4460 meV   on_shell_Omega=    116.4703 meV  off_shell_Omega=    116.4703 meV
     lambda___(   5 )=       0.000000   gamma___=       0.000000 meV  omega=    178.9712 meV   on_shell_Omega=    179.1627 meV  off_shell_Omega=    179.0586 meV
     lambda_tr(   5 )=       0.000000   gamma_tr=       0.000000 meV  omega=    178.9712 meV   on_shell_Omega=    179.1627 meV  off_shell_Omega=    179.0586 meV
     lambda___(   6 )=       0.000000   gamma___=       0.000000 meV  omega=    193.1732 meV   on_shell_Omega=    193.2664 meV  off_shell_Omega=    193.2664 meV
     lambda_tr(   6 )=       0.000000   gamma_tr=       0.000000 meV  omega=    193.1732 meV   on_shell_Omega=    193.2664 meV  off_shell_Omega=    193.2664 meV
     lambda___( tot )=       0.000000
     lambda_tr( tot )=       0.000000
     -------------------------------------------------------------------


     Number of (k,k+q) pairs on the Fermi surface:      302 out of      324


     ismear =     1 iq =      93 coord.:   0.27778  0.11111  0.00000 wt:   0.00309 Temp:  300.000K
     -------------------------------------------------------------------
     lambda___(   1 )=       0.000000   gamma___=       0.000000 meV  omega=     34.6959 meV   on_shell_Omega=     34.6740 meV  off_shell_Omega=     34.6740 meV
     lambda_tr(   1 )=       0.000000   gamma_tr=       0.000000 meV  omega=     34.6959 meV   on_shell_Omega=     34.6740 meV  off_shell_Omega=     34.6740 meV
     lambda___(   2 )=       0.000000   gamma___=       0.000000 meV  omega=     79.5020 meV   on_shell_Omega=     79.5145 meV  off_shell_Omega=     79.5145 meV
     lambda_tr(   2 )=       0.000000   gamma_tr=       0.000000 meV  omega=     79.5020 meV   on_shell_Omega=     79.5145 meV  off_shell_Omega=     79.5145 meV
     lambda___(   3 )=       0.000000   gamma___=       0.000000 meV  omega=     93.7434 meV   on_shell_Omega=     93.7878 meV  off_shell_Omega=     93.7878 meV
     lambda_tr(   3 )=       0.000000   gamma_tr=       0.000000 meV  omega=     93.7434 meV   on_shell_Omega=     93.7878 meV  off_shell_Omega=     93.7878 meV
     lambda___(   4 )=       0.000000   gamma___=       0.000000 meV  omega=    124.2255 meV   on_shell_Omega=    124.2393 meV  off_shell_Omega=    124.2393 meV
     lambda_tr(   4 )=       0.000000   gamma_tr=       0.000000 meV  omega=    124.2255 meV   on_shell_Omega=    124.2393 meV  off_shell_Omega=    124.2393 meV
     lambda___(   5 )=       0.000000   gamma___=       0.000000 meV  omega=    176.3094 meV   on_shell_Omega=    176.5321 meV  off_shell_Omega=    176.6107 meV
     lambda_tr(   5 )=       0.000000   gamma_tr=       0.000000 meV  omega=    176.3094 meV   on_shell_Omega=    176.5321 meV  off_shell_Omega=    176.6107 meV
     lambda___(   6 )=       0.000000   gamma___=       0.000000 meV  omega=    188.6292 meV   on_shell_Omega=    188.6971 meV  off_shell_Omega=    188.6971 meV
     lambda_tr(   6 )=       0.000000   gamma_tr=       0.000000 meV  omega=    188.6292 meV   on_shell_Omega=    188.6971 meV  off_shell_Omega=    188.6971 meV
     lambda___( tot )=       0.000000
     lambda_tr( tot )=       0.000000
     -------------------------------------------------------------------


     Number of (k,k+q) pairs on the Fermi surface:      302 out of      324


     ismear =     1 iq =      94 coord.:   0.27778  0.16667  0.00000 wt:   0.00309 Temp:  300.000K
     -------------------------------------------------------------------
     lambda___(   1 )=      -0.000000   gamma___=      -0.000000 meV  omega=     40.8462 meV   on_shell_Omega=     40.8334 meV  off_shell_Omega=     40.8334 meV
     lambda_tr(   1 )=      -0.000000   gamma_tr=      -0.000000 meV  omega=     40.8462 meV   on_shell_Omega=     40.8334 meV  off_shell_Omega=     40.8334 meV
     lambda___(   2 )=      -0.000000   gamma___=      -0.000000 meV  omega=     89.2165 meV   on_shell_Omega=     89.2743 meV  off_shell_Omega=     89.2743 meV
     lambda_tr(   2 )=      -0.000000   gamma_tr=      -0.000000 meV  omega=     89.2165 meV   on_shell_Omega=     89.2743 meV  off_shell_Omega=     89.2743 meV
     lambda___(   3 )=      -0.000000   gamma___=      -0.000000 meV  omega=     91.9181 meV   on_shell_Omega=     91.9367 meV  off_shell_Omega=     91.9367 meV
     lambda_tr(   3 )=      -0.000000   gamma_tr=      -0.000000 meV  omega=     91.9181 meV   on_shell_Omega=     91.9367 meV  off_shell_Omega=     91.9367 meV
     lambda___(   4 )=       0.000000   gamma___=       0.000000 meV  omega=    130.2771 meV   on_shell_Omega=    130.3008 meV  off_shell_Omega=    130.3008 meV
     lambda_tr(   4 )=       0.000000   gamma_tr=       0.000000 meV  omega=    130.2771 meV   on_shell_Omega=    130.3008 meV  off_shell_Omega=    130.3008 meV
     lambda___(   5 )=       0.000000   gamma___=       0.000000 meV  omega=    173.6348 meV   on_shell_Omega=    173.9609 meV  off_shell_Omega=    173.9315 meV
     lambda_tr(   5 )=       0.000000   gamma_tr=       0.000000 meV  omega=    173.6348 meV   on_shell_Omega=    173.9609 meV  off_shell_Omega=    173.9315 meV
     lambda___(   6 )=       0.000000   gamma___=       0.000000 meV  omega=    182.8022 meV   on_shell_Omega=    182.8457 meV  off_shell_Omega=    182.8457 meV
     lambda_tr(   6 )=       0.000000   gamma_tr=       0.000000 meV  omega=    182.8022 meV   on_shell_Omega=    182.8457 meV  off_shell_Omega=    182.8457 meV
     lambda___( tot )=      -0.000000
     lambda_tr( tot )=      -0.000000
     -------------------------------------------------------------------


     Number of (k,k+q) pairs on the Fermi surface:      302 out of      324


     ismear =     1 iq =      95 coord.:   0.27778  0.22222  0.00000 wt:   0.00309 Temp:  300.000K
     -------------------------------------------------------------------
     lambda___(   1 )=      -0.000000   gamma___=      -0.000000 meV  omega=     47.2450 meV   on_shell_Omega=     47.2372 meV  off_shell_Omega=     47.2372 meV
     lambda_tr(   1 )=      -0.000000   gamma_tr=      -0.000000 meV  omega=     47.2450 meV   on_shell_Omega=     47.2372 meV  off_shell_Omega=     47.2372 meV
     lambda___(   2 )=       0.000000   gamma___=       0.000000 meV  omega=     83.7590 meV   on_shell_Omega=     83.8372 meV  off_shell_Omega=     83.8372 meV
     lambda_tr(   2 )=       0.000000   gamma_tr=       0.000000 meV  omega=     83.7590 meV   on_shell_Omega=     83.8372 meV  off_shell_Omega=     83.8372 meV
     lambda___(   3 )=       0.000000   gamma___=       0.000000 meV  omega=    103.8340 meV   on_shell_Omega=    103.8544 meV  off_shell_Omega=    103.8544 meV
     lambda_tr(   3 )=       0.000000   gamma_tr=       0.000000 meV  omega=    103.8340 meV   on_shell_Omega=    103.8544 meV  off_shell_Omega=    103.8544 meV
     lambda___(   4 )=       0.000000   gamma___=       0.000000 meV  omega=    135.4369 meV   on_shell_Omega=    135.4605 meV  off_shell_Omega=    135.4605 meV
     lambda_tr(   4 )=       0.000000   gamma_tr=       0.000000 meV  omega=    135.4369 meV   on_shell_Omega=    135.4605 meV  off_shell_Omega=    135.4605 meV
     lambda___(   5 )=       0.000000   gamma___=       0.000000 meV  omega=    170.5843 meV   on_shell_Omega=    170.8794 meV  off_shell_Omega=    170.8758 meV
     lambda_tr(   5 )=       0.000000   gamma_tr=       0.000000 meV  omega=    170.5843 meV   on_shell_Omega=    170.8794 meV  off_shell_Omega=    170.8758 meV
     lambda___(   6 )=       0.000000   gamma___=       0.000000 meV  omega=    175.6638 meV   on_shell_Omega=    175.6939 meV  off_shell_Omega=    175.6939 meV
     lambda_tr(   6 )=       0.000000   gamma_tr=       0.000000 meV  omega=    175.6638 meV   on_shell_Omega=    175.6939 meV  off_shell_Omega=    175.6939 meV
     lambda___( tot )=       0.000000
     lambda_tr( tot )=       0.000000
     -------------------------------------------------------------------


     Number of (k,k+q) pairs on the Fermi surface:      302 out of      324


     ismear =     1 iq =      96 coord.:   0.27778  0.27778  0.00000 wt:   0.00309 Temp:  300.000K
     -------------------------------------------------------------------
     lambda___(   1 )=       0.000000   gamma___=       0.000000 meV  omega=     53.9564 meV   on_shell_Omega=     53.9459 meV  off_shell_Omega=     53.9459 meV
     lambda_tr(   1 )=       0.000000   gamma_tr=       0.000000 meV  omega=     53.9564 meV   on_shell_Omega=     53.9459 meV  off_shell_Omega=     53.9459 meV
     lambda___(   2 )=       0.000000   gamma___=       0.000000 meV  omega=     77.5143 meV   on_shell_Omega=     77.6150 meV  off_shell_Omega=     77.6150 meV
     lambda_tr(   2 )=       0.000000   gamma_tr=       0.000000 meV  omega=     77.5143 meV   on_shell_Omega=     77.6150 meV  off_shell_Omega=     77.6150 meV
     lambda___(   3 )=       0.000000   gamma___=       0.000000 meV  omega=    113.4961 meV   on_shell_Omega=    113.5054 meV  off_shell_Omega=    113.5054 meV
     lambda_tr(   3 )=       0.000000   gamma_tr=       0.000000 meV  omega=    113.4961 meV   on_shell_Omega=    113.5054 meV  off_shell_Omega=    113.5054 meV
     lambda___(   4 )=       0.000000   gamma___=       0.000000 meV  omega=    141.0916 meV   on_shell_Omega=    141.1251 meV  off_shell_Omega=    141.1251 meV
     lambda_tr(   4 )=       0.000000   gamma_tr=       0.000000 meV  omega=    141.0916 meV   on_shell_Omega=    141.1251 meV  off_shell_Omega=    141.1251 meV
     lambda___(   5 )=       0.000000   gamma___=       0.000000 meV  omega=    166.9412 meV   on_shell_Omega=    166.9694 meV  off_shell_Omega=    166.9694 meV
     lambda_tr(   5 )=       0.000000   gamma_tr=       0.000000 meV  omega=    166.9412 meV   on_shell_Omega=    166.9694 meV  off_shell_Omega=    166.9694 meV
     lambda___(   6 )=       0.000000   gamma___=       0.000000 meV  omega=    167.2862 meV   on_shell_Omega=    167.3013 meV  off_shell_Omega=    167.3013 meV
     lambda_tr(   6 )=       0.000000   gamma_tr=       0.000000 meV  omega=    167.2862 meV   on_shell_Omega=    167.3013 meV  off_shell_Omega=    167.3013 meV
     lambda___( tot )=       0.000000
     lambda_tr( tot )=       0.000000
     -------------------------------------------------------------------


     Number of (k,k+q) pairs on the Fermi surface:      302 out of      324


     ismear =     1 iq =      97 coord.:   0.27778  0.33333  0.00000 wt:   0.00309 Temp:  300.000K
     -------------------------------------------------------------------
     lambda___(   1 )=       0.000000   gamma___=       0.000000 meV  omega=     60.2921 meV   on_shell_Omega=     60.2525 meV  off_shell_Omega=     60.2525 meV
     lambda_tr(   1 )=       0.000000   gamma_tr=       0.000000 meV  omega=     60.2921 meV   on_shell_Omega=     60.2525 meV  off_shell_Omega=     60.2525 meV
     lambda___(   2 )=       0.000000   gamma___=       0.000000 meV  omega=     71.3558 meV   on_shell_Omega=     71.4480 meV  off_shell_Omega=     71.4480 meV
     lambda_tr(   2 )=       0.000000   gamma_tr=       0.000000 meV  omega=     71.3558 meV   on_shell_Omega=     71.4480 meV  off_shell_Omega=     71.4480 meV
     lambda___(   3 )=       0.000000   gamma___=       0.000000 meV  omega=    119.0652 meV   on_shell_Omega=    119.0672 meV  off_shell_Omega=    119.0672 meV
     lambda_tr(   3 )=       0.000000   gamma_tr=       0.000000 meV  omega=    119.0652 meV   on_shell_Omega=    119.0672 meV  off_shell_Omega=    119.0672 meV
     lambda___(   4 )=       0.000000   gamma___=       0.000000 meV  omega=    147.9992 meV   on_shell_Omega=    147.9903 meV  off_shell_Omega=    147.9903 meV
     lambda_tr(   4 )=       0.000000   gamma_tr=       0.000000 meV  omega=    147.9992 meV   on_shell_Omega=    147.9903 meV  off_shell_Omega=    147.9903 meV
     lambda___(   5 )=       0.000000   gamma___=       0.000000 meV  omega=    158.3383 meV   on_shell_Omega=    158.3407 meV  off_shell_Omega=    158.3407 meV
     lambda_tr(   5 )=       0.000000   gamma_tr=       0.000000 meV  omega=    158.3383 meV   on_shell_Omega=    158.3407 meV  off_shell_Omega=    158.3407 meV
     lambda___(   6 )=       0.000000   gamma___=       0.000000 meV  omega=    164.2559 meV   on_shell_Omega=    163.6170 meV  off_shell_Omega=    163.5341 meV
     lambda_tr(   6 )=       0.000000   gamma_tr=       0.000000 meV  omega=    164.2559 meV   on_shell_Omega=    163.6170 meV  off_shell_Omega=    163.5341 meV
     lambda___( tot )=       0.000000
     lambda_tr( tot )=       0.000000
     -------------------------------------------------------------------


     Number of (k,k+q) pairs on the Fermi surface:      302 out of      324


     ismear =     1 iq =      98 coord.:   0.27778  0.38889  0.00000 wt:   0.00309 Temp:  300.000K
     -------------------------------------------------------------------
     lambda___(   1 )=      -0.000000   gamma___=      -0.000000 meV  omega=     60.2921 meV   on_shell_Omega=     60.2652 meV  off_shell_Omega=     60.2652 meV
     lambda_tr(   1 )=       0.000000   gamma_tr=       0.000000 meV  omega=     60.2921 meV   on_shell_Omega=     60.2652 meV  off_shell_Omega=     60.2652 meV
     lambda___(   2 )=      -0.000000   gamma___=      -0.000000 meV  omega=     71.3558 meV   on_shell_Omega=     71.4504 meV  off_shell_Omega=     71.4504 meV
     lambda_tr(   2 )=       0.000000   gamma_tr=       0.000000 meV  omega=     71.3558 meV   on_shell_Omega=     71.4504 meV  off_shell_Omega=     71.4504 meV
     lambda___(   3 )=       0.000000   gamma___=       0.000000 meV  omega=    119.0652 meV   on_shell_Omega=    119.0671 meV  off_shell_Omega=    119.0671 meV
     lambda_tr(   3 )=       0.000000   gamma_tr=       0.000000 meV  omega=    119.0652 meV   on_shell_Omega=    119.0671 meV  off_shell_Omega=    119.0671 meV
     lambda___(   4 )=       0.000000   gamma___=       0.000000 meV  omega=    147.9992 meV   on_shell_Omega=    148.0146 meV  off_shell_Omega=    148.0146 meV
     lambda_tr(   4 )=       0.000000   gamma_tr=       0.000000 meV  omega=    147.9992 meV   on_shell_Omega=    148.0146 meV  off_shell_Omega=    148.0146 meV
     lambda___(   5 )=       0.000000   gamma___=       0.000000 meV  omega=    158.3383 meV   on_shell_Omega=    158.3595 meV  off_shell_Omega=    158.3595 meV
     lambda_tr(   5 )=       0.000000   gamma_tr=       0.000000 meV  omega=    158.3383 meV   on_shell_Omega=    158.3595 meV  off_shell_Omega=    158.3595 meV
     lambda___(   6 )=       0.000000   gamma___=       0.000000 meV  omega=    164.2559 meV   on_shell_Omega=    163.9918 meV  off_shell_Omega=    163.9351 meV
     lambda_tr(   6 )=       0.000000   gamma_tr=       0.000000 meV  omega=    164.2559 meV   on_shell_Omega=    163.9918 meV  off_shell_Omega=    163.9351 meV
     lambda___( tot )=       0.000000
     lambda_tr( tot )=       0.000000
     -------------------------------------------------------------------


     Number of (k,k+q) pairs on the Fermi surface:      302 out of      324


     ismear =     1 iq =      99 coord.:   0.27778  0.44444  0.00000 wt:   0.00309 Temp:  300.000K
     -------------------------------------------------------------------
     lambda___(   1 )=       0.000000   gamma___=       0.000000 meV  omega=     53.9564 meV   on_shell_Omega=     53.9450 meV  off_shell_Omega=     53.9450 meV
     lambda_tr(   1 )=       0.000000   gamma_tr=       0.000000 meV  omega=     53.9564 meV   on_shell_Omega=     53.9450 meV  off_shell_Omega=     53.9450 meV
     lambda___(   2 )=       0.000000   gamma___=       0.000000 meV  omega=     77.5143 meV   on_shell_Omega=     77.6368 meV  off_shell_Omega=     77.6368 meV
     lambda_tr(   2 )=       0.000000   gamma_tr=       0.000000 meV  omega=     77.5143 meV   on_shell_Omega=     77.6368 meV  off_shell_Omega=     77.6368 meV
     lambda___(   3 )=       0.000000   gamma___=       0.000000 meV  omega=    113.4961 meV   on_shell_Omega=    113.5047 meV  off_shell_Omega=    113.5047 meV
     lambda_tr(   3 )=       0.000000   gamma_tr=       0.000000 meV  omega=    113.4961 meV   on_shell_Omega=    113.5047 meV  off_shell_Omega=    113.5047 meV
     lambda___(   4 )=       0.000000   gamma___=       0.000000 meV  omega=    141.0916 meV   on_shell_Omega=    141.1225 meV  off_shell_Omega=    141.1225 meV
     lambda_tr(   4 )=       0.000000   gamma_tr=       0.000000 meV  omega=    141.0916 meV   on_shell_Omega=    141.1225 meV  off_shell_Omega=    141.1225 meV
     lambda___(   5 )=       0.000000   gamma___=       0.000000 meV  omega=    166.9412 meV   on_shell_Omega=    166.8918 meV  off_shell_Omega=    166.8918 meV
     lambda_tr(   5 )=       0.000000   gamma_tr=       0.000000 meV  omega=    166.9412 meV   on_shell_Omega=    166.8918 meV  off_shell_Omega=    166.8918 meV
     lambda___(   6 )=       0.000000   gamma___=       0.000000 meV  omega=    167.2862 meV   on_shell_Omega=    167.2850 meV  off_shell_Omega=    167.2850 meV
     lambda_tr(   6 )=       0.000000   gamma_tr=       0.000000 meV  omega=    167.2862 meV   on_shell_Omega=    167.2850 meV  off_shell_Omega=    167.2850 meV
     lambda___( tot )=       0.000000
     lambda_tr( tot )=       0.000000
     -------------------------------------------------------------------


     Number of (k,k+q) pairs on the Fermi surface:      303 out of      324


     ismear =     1 iq =     100 coord.:   0.27778  0.50000  0.00000 wt:   0.00309 Temp:  300.000K
     -------------------------------------------------------------------
     lambda___(   1 )=      -0.000000   gamma___=      -0.000000 meV  omega=     47.2450 meV   on_shell_Omega=     47.2937 meV  off_shell_Omega=     47.2937 meV
     lambda_tr(   1 )=      -0.000000   gamma_tr=      -0.000000 meV  omega=     47.2450 meV   on_shell_Omega=     47.2937 meV  off_shell_Omega=     47.2937 meV
     lambda___(   2 )=      -0.000000   gamma___=      -0.000000 meV  omega=     83.7590 meV   on_shell_Omega=     83.8526 meV  off_shell_Omega=     83.8526 meV
     lambda_tr(   2 )=      -0.000000   gamma_tr=      -0.000000 meV  omega=     83.7590 meV   on_shell_Omega=     83.8526 meV  off_shell_Omega=     83.8526 meV
     lambda___(   3 )=      -0.000000   gamma___=      -0.000000 meV  omega=    103.8340 meV   on_shell_Omega=    103.8542 meV  off_shell_Omega=    103.8542 meV
     lambda_tr(   3 )=      -0.000000   gamma_tr=      -0.000000 meV  omega=    103.8340 meV   on_shell_Omega=    103.8542 meV  off_shell_Omega=    103.8542 meV
     lambda___(   4 )=      -0.000000   gamma___=      -0.000000 meV  omega=    135.4369 meV   on_shell_Omega=    135.4662 meV  off_shell_Omega=    135.4662 meV
     lambda_tr(   4 )=      -0.000000   gamma_tr=      -0.000000 meV  omega=    135.4369 meV   on_shell_Omega=    135.4662 meV  off_shell_Omega=    135.4662 meV
     lambda___(   5 )=      -0.000000   gamma___=      -0.000000 meV  omega=    170.5843 meV   on_shell_Omega=    170.7193 meV  off_shell_Omega=    170.7193 meV
     lambda_tr(   5 )=      -0.000000   gamma_tr=      -0.000000 meV  omega=    170.5843 meV   on_shell_Omega=    170.7193 meV  off_shell_Omega=    170.7193 meV
     lambda___(   6 )=      -0.000000   gamma___=      -0.000000 meV  omega=    175.6638 meV   on_shell_Omega=    175.6973 meV  off_shell_Omega=    175.6973 meV
     lambda_tr(   6 )=      -0.000000   gamma_tr=      -0.000000 meV  omega=    175.6638 meV   on_shell_Omega=    175.6973 meV  off_shell_Omega=    175.6973 meV
     lambda___( tot )=      -0.000000
     lambda_tr( tot )=      -0.000000
     -------------------------------------------------------------------


     Number of (k,k+q) pairs on the Fermi surface:      302 out of      324


     ismear =     1 iq =     101 coord.:   0.27778  0.55556  0.00000 wt:   0.00309 Temp:  300.000K
     -------------------------------------------------------------------
     lambda___(   1 )=      -0.000000   gamma___=      -0.000000 meV  omega=     40.8462 meV   on_shell_Omega=     40.9137 meV  off_shell_Omega=     40.9137 meV
     lambda_tr(   1 )=      -0.000000   gamma_tr=      -0.000000 meV  omega=     40.8462 meV   on_shell_Omega=     40.9137 meV  off_shell_Omega=     40.9137 meV
     lambda___(   2 )=       0.000000   gamma___=       0.000000 meV  omega=     89.2165 meV   on_shell_Omega=     89.2731 meV  off_shell_Omega=     89.2731 meV
     lambda_tr(   2 )=       0.000000   gamma_tr=       0.000000 meV  omega=     89.2165 meV   on_shell_Omega=     89.2731 meV  off_shell_Omega=     89.2731 meV
     lambda___(   3 )=       0.000000   gamma___=       0.000000 meV  omega=     91.9181 meV   on_shell_Omega=     91.9360 meV  off_shell_Omega=     91.9360 meV
     lambda_tr(   3 )=       0.000000   gamma_tr=       0.000000 meV  omega=     91.9181 meV   on_shell_Omega=     91.9360 meV  off_shell_Omega=     91.9360 meV
     lambda___(   4 )=       0.000000   gamma___=       0.000000 meV  omega=    130.2771 meV   on_shell_Omega=    130.2964 meV  off_shell_Omega=    130.2964 meV
     lambda_tr(   4 )=       0.000000   gamma_tr=       0.000000 meV  omega=    130.2771 meV   on_shell_Omega=    130.2964 meV  off_shell_Omega=    130.2964 meV
     lambda___(   5 )=       0.000000   gamma___=       0.000000 meV  omega=    173.6348 meV   on_shell_Omega=    173.8026 meV  off_shell_Omega=    173.7196 meV
     lambda_tr(   5 )=       0.000000   gamma_tr=       0.000000 meV  omega=    173.6348 meV   on_shell_Omega=    173.8026 meV  off_shell_Omega=    173.7196 meV
     lambda___(   6 )=       0.000000   gamma___=       0.000000 meV  omega=    182.8022 meV   on_shell_Omega=    182.8452 meV  off_shell_Omega=    182.8452 meV
     lambda_tr(   6 )=       0.000000   gamma_tr=       0.000000 meV  omega=    182.8022 meV   on_shell_Omega=    182.8452 meV  off_shell_Omega=    182.8452 meV
     lambda___( tot )=       0.000000
     lambda_tr( tot )=       0.000000
     -------------------------------------------------------------------


     Number of (k,k+q) pairs on the Fermi surface:      302 out of      324


     ismear =     1 iq =     102 coord.:   0.27778  0.61111  0.00000 wt:   0.00309 Temp:  300.000K
     -------------------------------------------------------------------
     lambda___(   1 )=      -0.000000   gamma___=      -0.000000 meV  omega=     34.6959 meV   on_shell_Omega=     34.7318 meV  off_shell_Omega=     34.7318 meV
     lambda_tr(   1 )=      -0.000000   gamma_tr=      -0.000000 meV  omega=     34.6959 meV   on_shell_Omega=     34.7318 meV  off_shell_Omega=     34.7318 meV
     lambda___(   2 )=      -0.000000   gamma___=      -0.000000 meV  omega=     79.5020 meV   on_shell_Omega=     79.5155 meV  off_shell_Omega=     79.5155 meV
     lambda_tr(   2 )=      -0.000000   gamma_tr=      -0.000000 meV  omega=     79.5020 meV   on_shell_Omega=     79.5155 meV  off_shell_Omega=     79.5155 meV
     lambda___(   3 )=      -0.000000   gamma___=      -0.000000 meV  omega=     93.7434 meV   on_shell_Omega=     93.7877 meV  off_shell_Omega=     93.7877 meV
     lambda_tr(   3 )=      -0.000000   gamma_tr=      -0.000000 meV  omega=     93.7434 meV   on_shell_Omega=     93.7877 meV  off_shell_Omega=     93.7877 meV
     lambda___(   4 )=       0.000000   gamma___=       0.000000 meV  omega=    124.2255 meV   on_shell_Omega=    124.2367 meV  off_shell_Omega=    124.2367 meV
     lambda_tr(   4 )=       0.000000   gamma_tr=       0.000000 meV  omega=    124.2255 meV   on_shell_Omega=    124.2367 meV  off_shell_Omega=    124.2367 meV
     lambda___(   5 )=       0.000000   gamma___=       0.000000 meV  omega=    176.3094 meV   on_shell_Omega=    176.4661 meV  off_shell_Omega=    176.3955 meV
     lambda_tr(   5 )=       0.000000   gamma_tr=       0.000000 meV  omega=    176.3094 meV   on_shell_Omega=    176.4661 meV  off_shell_Omega=    176.3955 meV
     lambda___(   6 )=       0.000000   gamma___=       0.000000 meV  omega=    188.6292 meV   on_shell_Omega=    188.6913 meV  off_shell_Omega=    188.6913 meV
     lambda_tr(   6 )=       0.000000   gamma_tr=       0.000000 meV  omega=    188.6292 meV   on_shell_Omega=    188.6913 meV  off_shell_Omega=    188.6913 meV
     lambda___( tot )=      -0.000000
     lambda_tr( tot )=      -0.000000
     -------------------------------------------------------------------


     Number of (k,k+q) pairs on the Fermi surface:      302 out of      324


     ismear =     1 iq =     103 coord.:   0.27778  0.66667  0.00000 wt:   0.00309 Temp:  300.000K
     -------------------------------------------------------------------
     lambda___(   1 )=      -0.000000   gamma___=      -0.000000 meV  omega=     28.7398 meV   on_shell_Omega=     28.7652 meV  off_shell_Omega=     28.7652 meV
     lambda_tr(   1 )=      -0.000000   gamma_tr=      -0.000000 meV  omega=     28.7398 meV   on_shell_Omega=     28.7652 meV  off_shell_Omega=     28.7652 meV
     lambda___(   2 )=      -0.000000   gamma___=      -0.000000 meV  omega=     68.6092 meV   on_shell_Omega=     68.6159 meV  off_shell_Omega=     68.6159 meV
     lambda_tr(   2 )=      -0.000000   gamma_tr=      -0.000000 meV  omega=     68.6092 meV   on_shell_Omega=     68.6159 meV  off_shell_Omega=     68.6159 meV
     lambda___(   3 )=      -0.000000   gamma___=      -0.000000 meV  omega=     97.3279 meV   on_shell_Omega=     97.3545 meV  off_shell_Omega=     97.3545 meV
     lambda_tr(   3 )=      -0.000000   gamma_tr=      -0.000000 meV  omega=     97.3279 meV   on_shell_Omega=     97.3545 meV  off_shell_Omega=     97.3545 meV
     lambda___(   4 )=       0.000000   gamma___=       0.000000 meV  omega=    116.4460 meV   on_shell_Omega=    116.4611 meV  off_shell_Omega=    116.4611 meV
     lambda_tr(   4 )=       0.000000   gamma_tr=       0.000000 meV  omega=    116.4460 meV   on_shell_Omega=    116.4611 meV  off_shell_Omega=    116.4611 meV
     lambda___(   5 )=       0.000000   gamma___=       0.000000 meV  omega=    178.9712 meV   on_shell_Omega=    179.1217 meV  off_shell_Omega=    179.0586 meV
     lambda_tr(   5 )=       0.000000   gamma_tr=       0.000000 meV  omega=    178.9712 meV   on_shell_Omega=    179.1217 meV  off_shell_Omega=    179.0586 meV
     lambda___(   6 )=       0.000000   gamma___=       0.000000 meV  omega=    193.1732 meV   on_shell_Omega=    193.2839 meV  off_shell_Omega=    193.2839 meV
     lambda_tr(   6 )=       0.000000   gamma_tr=       0.000000 meV  omega=    193.1732 meV   on_shell_Omega=    193.2839 meV  off_shell_Omega=    193.2839 meV
     lambda___( tot )=      -0.000000
     lambda_tr( tot )=      -0.000000
     -------------------------------------------------------------------


     Number of (k,k+q) pairs on the Fermi surface:      302 out of      324


     ismear =     1 iq =     104 coord.:   0.27778  0.72222  0.00000 wt:   0.00309 Temp:  300.000K
     -------------------------------------------------------------------
     lambda___(   1 )=      -0.000000   gamma___=      -0.000000 meV  omega=     23.3984 meV   on_shell_Omega=     23.4182 meV  off_shell_Omega=     23.4182 meV
     lambda_tr(   1 )=      -0.000000   gamma_tr=      -0.000000 meV  omega=     23.3984 meV   on_shell_Omega=     23.4182 meV  off_shell_Omega=     23.4182 meV
     lambda___(   2 )=      -0.000000   gamma___=      -0.000000 meV  omega=     61.7277 meV   on_shell_Omega=     61.7258 meV  off_shell_Omega=     61.7258 meV
     lambda_tr(   2 )=      -0.000000   gamma_tr=      -0.000000 meV  omega=     61.7277 meV   on_shell_Omega=     61.7258 meV  off_shell_Omega=     61.7258 meV
     lambda___(   3 )=       0.000000   gamma___=       0.000000 meV  omega=     99.9253 meV   on_shell_Omega=     99.9436 meV  off_shell_Omega=     99.9436 meV
     lambda_tr(   3 )=       0.000000   gamma_tr=       0.000000 meV  omega=     99.9253 meV   on_shell_Omega=     99.9436 meV  off_shell_Omega=     99.9436 meV
     lambda___(   4 )=       0.000000   gamma___=       0.000000 meV  omega=    107.3435 meV   on_shell_Omega=    107.3621 meV  off_shell_Omega=    107.3621 meV
     lambda_tr(   4 )=       0.000000   gamma_tr=       0.000000 meV  omega=    107.3435 meV   on_shell_Omega=    107.3621 meV  off_shell_Omega=    107.3621 meV
     lambda___(   5 )=       0.000000   gamma___=       0.000000 meV  omega=    181.1272 meV   on_shell_Omega=    181.2461 meV  off_shell_Omega=    181.2461 meV
     lambda_tr(   5 )=       0.000000   gamma_tr=       0.000000 meV  omega=    181.1272 meV   on_shell_Omega=    181.2461 meV  off_shell_Omega=    181.2461 meV
     lambda___(   6 )=       0.000000   gamma___=       0.000000 meV  omega=    196.1455 meV   on_shell_Omega=    196.2618 meV  off_shell_Omega=    196.2618 meV
     lambda_tr(   6 )=       0.000000   gamma_tr=       0.000000 meV  omega=    196.1455 meV   on_shell_Omega=    196.2618 meV  off_shell_Omega=    196.2618 meV
     lambda___( tot )=       0.000000
     lambda_tr( tot )=       0.000000
     -------------------------------------------------------------------


     Number of (k,k+q) pairs on the Fermi surface:      302 out of      324


     ismear =     1 iq =     105 coord.:   0.27778  0.77778  0.00000 wt:   0.00309 Temp:  300.000K
     -------------------------------------------------------------------
     lambda___(   1 )=       0.000000   gamma___=       0.000000 meV  omega=     19.5400 meV   on_shell_Omega=     19.5747 meV  off_shell_Omega=     19.5747 meV
     lambda_tr(   1 )=       0.000000   gamma_tr=       0.000000 meV  omega=     19.5400 meV   on_shell_Omega=     19.5747 meV  off_shell_Omega=     19.5747 meV
     lambda___(   2 )=       0.000000   gamma___=       0.000000 meV  omega=     60.3940 meV   on_shell_Omega=     60.4054 meV  off_shell_Omega=     60.4054 meV
     lambda_tr(   2 )=       0.000000   gamma_tr=       0.000000 meV  omega=     60.3940 meV   on_shell_Omega=     60.4054 meV  off_shell_Omega=     60.4054 meV
     lambda___(   3 )=       0.000000   gamma___=       0.000000 meV  omega=     98.3190 meV   on_shell_Omega=     98.3365 meV  off_shell_Omega=     98.3365 meV
     lambda_tr(   3 )=       0.000000   gamma_tr=       0.000000 meV  omega=     98.3190 meV   on_shell_Omega=     98.3365 meV  off_shell_Omega=     98.3365 meV
     lambda___(   4 )=       0.000000   gamma___=       0.000000 meV  omega=    101.5207 meV   on_shell_Omega=    101.5357 meV  off_shell_Omega=    101.5357 meV
     lambda_tr(   4 )=       0.000000   gamma_tr=       0.000000 meV  omega=    101.5207 meV   on_shell_Omega=    101.5357 meV  off_shell_Omega=    101.5357 meV
     lambda___(   5 )=       0.000000   gamma___=       0.000000 meV  omega=    182.1843 meV   on_shell_Omega=    182.3352 meV  off_shell_Omega=    182.2733 meV
     lambda_tr(   5 )=       0.000000   gamma_tr=       0.000000 meV  omega=    182.1843 meV   on_shell_Omega=    182.3352 meV  off_shell_Omega=    182.2733 meV
     lambda___(   6 )=       0.000000   gamma___=       0.000000 meV  omega=    197.4430 meV   on_shell_Omega=    197.5871 meV  off_shell_Omega=    197.5394 meV
     lambda_tr(   6 )=       0.000000   gamma_tr=       0.000000 meV  omega=    197.4430 meV   on_shell_Omega=    197.5871 meV  off_shell_Omega=    197.5394 meV
     lambda___( tot )=       0.000000
     lambda_tr( tot )=       0.000000
     -------------------------------------------------------------------


     Number of (k,k+q) pairs on the Fermi surface:      303 out of      324


     ismear =     1 iq =     106 coord.:   0.27778  0.83333  0.00000 wt:   0.00309 Temp:  300.000K
     -------------------------------------------------------------------
     lambda___(   1 )=      -0.000000   gamma___=      -0.000000 meV  omega=     17.7028 meV   on_shell_Omega=     17.7358 meV  off_shell_Omega=     17.7358 meV
     lambda_tr(   1 )=      -0.000000   gamma_tr=      -0.000000 meV  omega=     17.7028 meV   on_shell_Omega=     17.7358 meV  off_shell_Omega=     17.7358 meV
     lambda___(   2 )=       0.000000   gamma___=       0.000000 meV  omega=     62.4083 meV   on_shell_Omega=     62.4502 meV  off_shell_Omega=     62.4502 meV
     lambda_tr(   2 )=       0.000000   gamma_tr=       0.000000 meV  omega=     62.4083 meV   on_shell_Omega=     62.4502 meV  off_shell_Omega=     62.4502 meV
     lambda___(   3 )=       0.000000   gamma___=       0.000000 meV  omega=     91.8465 meV   on_shell_Omega=     91.8367 meV  off_shell_Omega=     91.8367 meV
     lambda_tr(   3 )=       0.000000   gamma_tr=       0.000000 meV  omega=     91.8465 meV   on_shell_Omega=     91.8367 meV  off_shell_Omega=     91.8367 meV
     lambda___(   4 )=       0.000000   gamma___=       0.000000 meV  omega=    102.2360 meV   on_shell_Omega=    102.2570 meV  off_shell_Omega=    102.2570 meV
     lambda_tr(   4 )=       0.000000   gamma_tr=       0.000000 meV  omega=    102.2360 meV   on_shell_Omega=    102.2570 meV  off_shell_Omega=    102.2570 meV
     lambda___(   5 )=       0.000000   gamma___=       0.000000 meV  omega=    182.3859 meV   on_shell_Omega=    182.6317 meV  off_shell_Omega=    182.6975 meV
     lambda_tr(   5 )=       0.000000   gamma_tr=       0.000000 meV  omega=    182.3859 meV   on_shell_Omega=    182.6317 meV  off_shell_Omega=    182.6975 meV
     lambda___(   6 )=       0.000000   gamma___=       0.000000 meV  omega=    197.6820 meV   on_shell_Omega=    197.8254 meV  off_shell_Omega=    197.7785 meV
     lambda_tr(   6 )=       0.000000   gamma_tr=       0.000000 meV  omega=    197.6820 meV   on_shell_Omega=    197.8254 meV  off_shell_Omega=    197.7785 meV
     lambda___( tot )=      -0.000000
     lambda_tr( tot )=      -0.000000
     -------------------------------------------------------------------


     Number of (k,k+q) pairs on the Fermi surface:      303 out of      324


     ismear =     1 iq =     107 coord.:   0.27778  0.88889  0.00000 wt:   0.00309 Temp:  300.000K
     -------------------------------------------------------------------
     lambda___(   1 )=      -0.000000   gamma___=      -0.000000 meV  omega=     17.7028 meV   on_shell_Omega=     17.7350 meV  off_shell_Omega=     17.7350 meV
     lambda_tr(   1 )=      -0.000000   gamma_tr=      -0.000000 meV  omega=     17.7028 meV   on_shell_Omega=     17.7350 meV  off_shell_Omega=     17.7350 meV
     lambda___(   2 )=       0.000000   gamma___=       0.000000 meV  omega=     62.4083 meV   on_shell_Omega=     62.4490 meV  off_shell_Omega=     62.4490 meV
     lambda_tr(   2 )=       0.000000   gamma_tr=       0.000000 meV  omega=     62.4083 meV   on_shell_Omega=     62.4490 meV  off_shell_Omega=     62.4490 meV
     lambda___(   3 )=       0.000000   gamma___=       0.000000 meV  omega=     91.8465 meV   on_shell_Omega=     91.8458 meV  off_shell_Omega=     91.8458 meV
     lambda_tr(   3 )=       0.000000   gamma_tr=       0.000000 meV  omega=     91.8465 meV   on_shell_Omega=     91.8458 meV  off_shell_Omega=     91.8458 meV
     lambda___(   4 )=       0.000000   gamma___=       0.000000 meV  omega=    102.2360 meV   on_shell_Omega=    102.2533 meV  off_shell_Omega=    102.2533 meV
     lambda_tr(   4 )=       0.000000   gamma_tr=       0.000000 meV  omega=    102.2360 meV   on_shell_Omega=    102.2533 meV  off_shell_Omega=    102.2533 meV
     lambda___(   5 )=       0.000000   gamma___=       0.000000 meV  omega=    182.3859 meV   on_shell_Omega=    182.6217 meV  off_shell_Omega=    182.6975 meV
     lambda_tr(   5 )=       0.000000   gamma_tr=       0.000000 meV  omega=    182.3859 meV   on_shell_Omega=    182.6217 meV  off_shell_Omega=    182.6975 meV
     lambda___(   6 )=       0.000000   gamma___=       0.000000 meV  omega=    197.6820 meV   on_shell_Omega=    197.8362 meV  off_shell_Omega=    197.7785 meV
     lambda_tr(   6 )=       0.000000   gamma_tr=       0.000000 meV  omega=    197.6820 meV   on_shell_Omega=    197.8362 meV  off_shell_Omega=    197.7785 meV
     lambda___( tot )=       0.000000
     lambda_tr( tot )=       0.000000
     -------------------------------------------------------------------


     Number of (k,k+q) pairs on the Fermi surface:      302 out of      324


     ismear =     1 iq =     108 coord.:   0.27778  0.94444  0.00000 wt:   0.00309 Temp:  300.000K
     -------------------------------------------------------------------
     lambda___(   1 )=       0.000000   gamma___=       0.000000 meV  omega=     19.5400 meV   on_shell_Omega=     19.5778 meV  off_shell_Omega=     19.5778 meV
     lambda_tr(   1 )=       0.000000   gamma_tr=       0.000000 meV  omega=     19.5400 meV   on_shell_Omega=     19.5778 meV  off_shell_Omega=     19.5778 meV
     lambda___(   2 )=       0.000000   gamma___=       0.000000 meV  omega=     60.3940 meV   on_shell_Omega=     60.4067 meV  off_shell_Omega=     60.4067 meV
     lambda_tr(   2 )=       0.000000   gamma_tr=       0.000000 meV  omega=     60.3940 meV   on_shell_Omega=     60.4067 meV  off_shell_Omega=     60.4067 meV
     lambda___(   3 )=       0.000000   gamma___=       0.000000 meV  omega=     98.3190 meV   on_shell_Omega=     98.3297 meV  off_shell_Omega=     98.3297 meV
     lambda_tr(   3 )=       0.000000   gamma_tr=       0.000000 meV  omega=     98.3190 meV   on_shell_Omega=     98.3297 meV  off_shell_Omega=     98.3297 meV
     lambda___(   4 )=       0.000000   gamma___=       0.000000 meV  omega=    101.5207 meV   on_shell_Omega=    101.5373 meV  off_shell_Omega=    101.5373 meV
     lambda_tr(   4 )=       0.000000   gamma_tr=       0.000000 meV  omega=    101.5207 meV   on_shell_Omega=    101.5373 meV  off_shell_Omega=    101.5373 meV
     lambda___(   5 )=       0.000000   gamma___=       0.000000 meV  omega=    182.1843 meV   on_shell_Omega=    182.3621 meV  off_shell_Omega=    182.2733 meV
     lambda_tr(   5 )=       0.000000   gamma_tr=       0.000000 meV  omega=    182.1843 meV   on_shell_Omega=    182.3621 meV  off_shell_Omega=    182.2733 meV
     lambda___(   6 )=       0.000000   gamma___=       0.000000 meV  omega=    197.4430 meV   on_shell_Omega=    197.6014 meV  off_shell_Omega=    197.5394 meV
     lambda_tr(   6 )=       0.000000   gamma_tr=       0.000000 meV  omega=    197.4430 meV   on_shell_Omega=    197.6014 meV  off_shell_Omega=    197.5394 meV
     lambda___( tot )=       0.000000
     lambda_tr( tot )=       0.000000
     -------------------------------------------------------------------


     Number of (k,k+q) pairs on the Fermi surface:      302 out of      324


     ismear =     1 iq =     109 coord.:   0.33333  0.00000  0.00000 wt:   0.00309 Temp:  300.000K
     -------------------------------------------------------------------
     lambda___(   1 )=       0.000000   gamma___=       0.000000 meV  omega=     33.1569 meV   on_shell_Omega=     33.1797 meV  off_shell_Omega=     33.1797 meV
     lambda_tr(   1 )=       0.000000   gamma_tr=       0.000000 meV  omega=     33.1569 meV   on_shell_Omega=     33.1797 meV  off_shell_Omega=     33.1797 meV
     lambda___(   2 )=       0.000000   gamma___=       0.000000 meV  omega=     68.9140 meV   on_shell_Omega=     68.9151 meV  off_shell_Omega=     68.9151 meV
     lambda_tr(   2 )=       0.000000   gamma_tr=       0.000000 meV  omega=     68.9140 meV   on_shell_Omega=     68.9151 meV  off_shell_Omega=     68.9151 meV
     lambda___(   3 )=       0.000000   gamma___=       0.000000 meV  omega=     95.1326 meV   on_shell_Omega=     95.1622 meV  off_shell_Omega=     95.1622 meV
     lambda_tr(   3 )=       0.000000   gamma_tr=       0.000000 meV  omega=     95.1326 meV   on_shell_Omega=     95.1622 meV  off_shell_Omega=     95.1622 meV
     lambda___(   4 )=       0.000000   gamma___=       0.000000 meV  omega=    124.9307 meV   on_shell_Omega=    124.9542 meV  off_shell_Omega=    124.9542 meV
     lambda_tr(   4 )=       0.000000   gamma_tr=       0.000000 meV  omega=    124.9307 meV   on_shell_Omega=    124.9542 meV  off_shell_Omega=    124.9542 meV
     lambda___(   5 )=       0.000000   gamma___=       0.000000 meV  omega=    178.1962 meV   on_shell_Omega=    178.3426 meV  off_shell_Omega=    178.2832 meV
     lambda_tr(   5 )=       0.000000   gamma_tr=       0.000000 meV  omega=    178.1962 meV   on_shell_Omega=    178.3426 meV  off_shell_Omega=    178.2832 meV
     lambda___(   6 )=       0.000000   gamma___=       0.000000 meV  omega=    191.2648 meV   on_shell_Omega=    191.3667 meV  off_shell_Omega=    191.3667 meV
     lambda_tr(   6 )=       0.000000   gamma_tr=       0.000000 meV  omega=    191.2648 meV   on_shell_Omega=    191.3667 meV  off_shell_Omega=    191.3667 meV
     lambda___( tot )=       0.000000
     lambda_tr( tot )=       0.000000
     -------------------------------------------------------------------


     Number of (k,k+q) pairs on the Fermi surface:      302 out of      324


     ismear =     1 iq =     110 coord.:   0.33333  0.05556  0.00000 wt:   0.00309 Temp:  300.000K
     -------------------------------------------------------------------
     lambda___(   1 )=       0.000000   gamma___=       0.000000 meV  omega=     38.7155 meV   on_shell_Omega=     38.7178 meV  off_shell_Omega=     38.7178 meV
     lambda_tr(   1 )=       0.000000   gamma_tr=       0.000000 meV  omega=     38.7155 meV   on_shell_Omega=     38.7178 meV  off_shell_Omega=     38.7178 meV
     lambda___(   2 )=       0.000000   gamma___=       0.000000 meV  omega=     74.7040 meV   on_shell_Omega=     74.7071 meV  off_shell_Omega=     74.7071 meV
     lambda_tr(   2 )=       0.000000   gamma_tr=       0.000000 meV  omega=     74.7040 meV   on_shell_Omega=     74.7071 meV  off_shell_Omega=     74.7071 meV
     lambda___(   3 )=       0.000000   gamma___=       0.000000 meV  omega=     91.8159 meV   on_shell_Omega=     91.8334 meV  off_shell_Omega=     91.8334 meV
     lambda_tr(   3 )=       0.000000   gamma_tr=       0.000000 meV  omega=     91.8159 meV   on_shell_Omega=     91.8334 meV  off_shell_Omega=     91.8334 meV
     lambda___(   4 )=       0.000000   gamma___=       0.000000 meV  omega=    132.8626 meV   on_shell_Omega=    132.8791 meV  off_shell_Omega=    132.8791 meV
     lambda_tr(   4 )=       0.000000   gamma_tr=       0.000000 meV  omega=    132.8626 meV   on_shell_Omega=    132.8791 meV  off_shell_Omega=    132.8791 meV
     lambda___(   5 )=       0.000000   gamma___=       0.000000 meV  omega=    176.5052 meV   on_shell_Omega=    176.6662 meV  off_shell_Omega=    176.5914 meV
     lambda_tr(   5 )=       0.000000   gamma_tr=       0.000000 meV  omega=    176.5052 meV   on_shell_Omega=    176.6662 meV  off_shell_Omega=    176.5914 meV
     lambda___(   6 )=       0.000000   gamma___=       0.000000 meV  omega=    187.3742 meV   on_shell_Omega=    187.4515 meV  off_shell_Omega=    187.4515 meV
     lambda_tr(   6 )=       0.000000   gamma_tr=       0.000000 meV  omega=    187.3742 meV   on_shell_Omega=    187.4515 meV  off_shell_Omega=    187.4515 meV
     lambda___( tot )=       0.000000
     lambda_tr( tot )=       0.000000
     -------------------------------------------------------------------


     Number of (k,k+q) pairs on the Fermi surface:      303 out of      324


     ismear =     1 iq =     111 coord.:   0.33333  0.11111  0.00000 wt:   0.00309 Temp:  300.000K
     -------------------------------------------------------------------
     lambda___(   1 )=      -0.000000   gamma___=      -0.000000 meV  omega=     44.2899 meV   on_shell_Omega=     44.3052 meV  off_shell_Omega=     44.3052 meV
     lambda_tr(   1 )=      -0.000000   gamma_tr=      -0.000000 meV  omega=     44.2899 meV   on_shell_Omega=     44.3052 meV  off_shell_Omega=     44.3052 meV
     lambda___(   2 )=       0.000000   gamma___=       0.000000 meV  omega=     84.4905 meV   on_shell_Omega=     84.4980 meV  off_shell_Omega=     84.4980 meV
     lambda_tr(   2 )=       0.000000   gamma_tr=       0.000000 meV  omega=     84.4905 meV   on_shell_Omega=     84.4980 meV  off_shell_Omega=     84.4980 meV
     lambda___(   3 )=       0.000000   gamma___=       0.000000 meV  omega=     87.6263 meV   on_shell_Omega=     87.6708 meV  off_shell_Omega=     87.6708 meV
     lambda_tr(   3 )=      -0.000000   gamma_tr=      -0.000000 meV  omega=     87.6263 meV   on_shell_Omega=     87.6708 meV  off_shell_Omega=     87.6708 meV
     lambda___(   4 )=       0.000000   gamma___=       0.000000 meV  omega=    138.8833 meV   on_shell_Omega=    138.8993 meV  off_shell_Omega=    138.8993 meV
     lambda_tr(   4 )=      -0.000000   gamma_tr=      -0.000000 meV  omega=    138.8833 meV   on_shell_Omega=    138.8993 meV  off_shell_Omega=    138.8993 meV
     lambda___(   5 )=       0.000000   gamma___=       0.000000 meV  omega=    174.3908 meV   on_shell_Omega=    174.5849 meV  off_shell_Omega=    174.4759 meV
     lambda_tr(   5 )=      -0.000000   gamma_tr=      -0.000000 meV  omega=    174.3908 meV   on_shell_Omega=    174.5849 meV  off_shell_Omega=    174.4759 meV
     lambda___(   6 )=       0.000000   gamma___=       0.000000 meV  omega=    181.9601 meV   on_shell_Omega=    182.0132 meV  off_shell_Omega=    182.0132 meV
     lambda_tr(   6 )=      -0.000000   gamma_tr=      -0.000000 meV  omega=    181.9601 meV   on_shell_Omega=    182.0132 meV  off_shell_Omega=    182.0132 meV
     lambda___( tot )=       0.000000
     lambda_tr( tot )=      -0.000000
     -------------------------------------------------------------------


     Number of (k,k+q) pairs on the Fermi surface:      302 out of      324


     ismear =     1 iq =     112 coord.:   0.33333  0.16667  0.00000 wt:   0.00309 Temp:  300.000K
     -------------------------------------------------------------------
     lambda___(   1 )=       0.000000   gamma___=       0.000000 meV  omega=     49.6179 meV   on_shell_Omega=     49.6044 meV  off_shell_Omega=     49.6044 meV
     lambda_tr(   1 )=       0.000000   gamma_tr=       0.000000 meV  omega=     49.6179 meV   on_shell_Omega=     49.6044 meV  off_shell_Omega=     49.6044 meV
     lambda___(   2 )=       0.000000   gamma___=       0.000000 meV  omega=     82.7207 meV   on_shell_Omega=     82.7747 meV  off_shell_Omega=     82.7747 meV
     lambda_tr(   2 )=       0.000000   gamma_tr=       0.000000 meV  omega=     82.7207 meV   on_shell_Omega=     82.7747 meV  off_shell_Omega=     82.7747 meV
     lambda___(   3 )=       0.000000   gamma___=       0.000000 meV  omega=     96.2760 meV   on_shell_Omega=     96.2850 meV  off_shell_Omega=     96.2850 meV
     lambda_tr(   3 )=       0.000000   gamma_tr=       0.000000 meV  omega=     96.2760 meV   on_shell_Omega=     96.2850 meV  off_shell_Omega=     96.2850 meV
     lambda___(   4 )=       0.000000   gamma___=       0.000000 meV  omega=    142.9427 meV   on_shell_Omega=    142.9640 meV  off_shell_Omega=    142.9640 meV
     lambda_tr(   4 )=       0.000000   gamma_tr=       0.000000 meV  omega=    142.9427 meV   on_shell_Omega=    142.9640 meV  off_shell_Omega=    142.9640 meV
     lambda___(   5 )=       0.000000   gamma___=       0.000000 meV  omega=    171.6981 meV   on_shell_Omega=    171.9585 meV  off_shell_Omega=    171.9915 meV
     lambda_tr(   5 )=       0.000000   gamma_tr=       0.000000 meV  omega=    171.6981 meV   on_shell_Omega=    171.9585 meV  off_shell_Omega=    171.9915 meV
     lambda___(   6 )=       0.000000   gamma___=       0.000000 meV  omega=    175.1952 meV   on_shell_Omega=    175.2540 meV  off_shell_Omega=    175.2540 meV
     lambda_tr(   6 )=       0.000000   gamma_tr=       0.000000 meV  omega=    175.1952 meV   on_shell_Omega=    175.2540 meV  off_shell_Omega=    175.2540 meV
     lambda___( tot )=       0.000000
     lambda_tr( tot )=       0.000000
     -------------------------------------------------------------------


     Number of (k,k+q) pairs on the Fermi surface:      302 out of      324


     ismear =     1 iq =     113 coord.:   0.33333  0.22222  0.00000 wt:   0.00309 Temp:  300.000K
     -------------------------------------------------------------------
     lambda___(   1 )=      -0.000000   gamma___=      -0.000000 meV  omega=     54.8290 meV   on_shell_Omega=     54.8244 meV  off_shell_Omega=     54.8244 meV
     lambda_tr(   1 )=      -0.000000   gamma_tr=      -0.000000 meV  omega=     54.8290 meV   on_shell_Omega=     54.8244 meV  off_shell_Omega=     54.8244 meV
     lambda___(   2 )=      -0.000000   gamma___=      -0.000000 meV  omega=     77.2561 meV   on_shell_Omega=     77.3203 meV  off_shell_Omega=     77.3203 meV
     lambda_tr(   2 )=      -0.000000   gamma_tr=      -0.000000 meV  omega=     77.2561 meV   on_shell_Omega=     77.3203 meV  off_shell_Omega=     77.3203 meV
     lambda___(   3 )=       0.000000   gamma___=       0.000000 meV  omega=    108.3679 meV   on_shell_Omega=    108.3768 meV  off_shell_Omega=    108.3768 meV
     lambda_tr(   3 )=       0.000000   gamma_tr=       0.000000 meV  omega=    108.3679 meV   on_shell_Omega=    108.3768 meV  off_shell_Omega=    108.3768 meV
     lambda___(   4 )=       0.000000   gamma___=       0.000000 meV  omega=    145.7388 meV   on_shell_Omega=    145.7499 meV  off_shell_Omega=    145.7499 meV
     lambda_tr(   4 )=       0.000000   gamma_tr=       0.000000 meV  omega=    145.7388 meV   on_shell_Omega=    145.7499 meV  off_shell_Omega=    145.7499 meV
     lambda___(   5 )=       0.000000   gamma___=       0.000000 meV  omega=    166.9095 meV   on_shell_Omega=    166.9309 meV  off_shell_Omega=    166.9309 meV
     lambda_tr(   5 )=       0.000000   gamma_tr=       0.000000 meV  omega=    166.9095 meV   on_shell_Omega=    166.9309 meV  off_shell_Omega=    166.9309 meV
     lambda___(   6 )=       0.000000   gamma___=       0.000000 meV  omega=    168.2258 meV   on_shell_Omega=    168.5142 meV  off_shell_Omega=    168.5133 meV
     lambda_tr(   6 )=       0.000000   gamma_tr=       0.000000 meV  omega=    168.2258 meV   on_shell_Omega=    168.5142 meV  off_shell_Omega=    168.5133 meV
     lambda___( tot )=       0.000000
     lambda_tr( tot )=       0.000000
     -------------------------------------------------------------------


     Number of (k,k+q) pairs on the Fermi surface:      302 out of      324


     ismear =     1 iq =     114 coord.:   0.33333  0.27778  0.00000 wt:   0.00309 Temp:  300.000K
     -------------------------------------------------------------------
     lambda___(   1 )=      -0.000000   gamma___=      -0.000000 meV  omega=     60.1446 meV   on_shell_Omega=     60.1095 meV  off_shell_Omega=     60.1095 meV
     lambda_tr(   1 )=      -0.000000   gamma_tr=      -0.000000 meV  omega=     60.1446 meV   on_shell_Omega=     60.1095 meV  off_shell_Omega=     60.1095 meV
     lambda___(   2 )=       0.000000   gamma___=       0.000000 meV  omega=     71.4801 meV   on_shell_Omega=     71.5939 meV  off_shell_Omega=     71.5939 meV
     lambda_tr(   2 )=       0.000000   gamma_tr=       0.000000 meV  omega=     71.4801 meV   on_shell_Omega=     71.5939 meV  off_shell_Omega=     71.5939 meV
     lambda___(   3 )=       0.000000   gamma___=       0.000000 meV  omega=    118.8951 meV   on_shell_Omega=    118.8988 meV  off_shell_Omega=    118.8988 meV
     lambda_tr(   3 )=       0.000000   gamma_tr=       0.000000 meV  omega=    118.8951 meV   on_shell_Omega=    118.8988 meV  off_shell_Omega=    118.8988 meV
     lambda___(   4 )=       0.000000   gamma___=       0.000000 meV  omega=    148.0962 meV   on_shell_Omega=    148.1156 meV  off_shell_Omega=    148.1156 meV
     lambda_tr(   4 )=       0.000000   gamma_tr=       0.000000 meV  omega=    148.0962 meV   on_shell_Omega=    148.1156 meV  off_shell_Omega=    148.1156 meV
     lambda___(   5 )=       0.000000   gamma___=       0.000000 meV  omega=    158.3023 meV   on_shell_Omega=    158.3242 meV  off_shell_Omega=    158.3242 meV
     lambda_tr(   5 )=       0.000000   gamma_tr=       0.000000 meV  omega=    158.3023 meV   on_shell_Omega=    158.3242 meV  off_shell_Omega=    158.3242 meV
     lambda___(   6 )=       0.000000   gamma___=       0.000000 meV  omega=    164.3264 meV   on_shell_Omega=    164.0318 meV  off_shell_Omega=    164.0054 meV
     lambda_tr(   6 )=       0.000000   gamma_tr=       0.000000 meV  omega=    164.3264 meV   on_shell_Omega=    164.0318 meV  off_shell_Omega=    164.0054 meV
     lambda___( tot )=       0.000000
     lambda_tr( tot )=       0.000000
     -------------------------------------------------------------------


     Number of (k,k+q) pairs on the Fermi surface:      302 out of      324


     ismear =     1 iq =     115 coord.:   0.33333  0.33333  0.00000 wt:   0.00309 Temp:  300.000K
     -------------------------------------------------------------------
     lambda___(   1 )=      -0.000000   gamma___=      -0.000000 meV  omega=     65.7037 meV   on_shell_Omega=     65.7374 meV  off_shell_Omega=     65.7374 meV
     lambda_tr(   1 )=      -0.000000   gamma_tr=      -0.000000 meV  omega=     65.7037 meV   on_shell_Omega=     65.7374 meV  off_shell_Omega=     65.7374 meV
     lambda___(   2 )=      -0.000000   gamma___=      -0.000000 meV  omega=     65.7037 meV   on_shell_Omega=     65.7338 meV  off_shell_Omega=     65.7338 meV
     lambda_tr(   2 )=      -0.000000   gamma_tr=      -0.000000 meV  omega=     65.7037 meV   on_shell_Omega=     65.7338 meV  off_shell_Omega=     65.7338 meV
     lambda___(   3 )=      -0.000000   gamma___=      -0.000000 meV  omega=    123.7953 meV   on_shell_Omega=    123.7953 meV  off_shell_Omega=    123.7953 meV
     lambda_tr(   3 )=      -0.000000   gamma_tr=      -0.000000 meV  omega=    123.7953 meV   on_shell_Omega=    123.7953 meV  off_shell_Omega=    123.7953 meV
     lambda___(   4 )=      -0.000000   gamma___=      -0.000000 meV  omega=    151.4825 meV   on_shell_Omega=    151.6062 meV  off_shell_Omega=    151.6062 meV
     lambda_tr(   4 )=      -0.000000   gamma_tr=      -0.000000 meV  omega=    151.4825 meV   on_shell_Omega=    151.6062 meV  off_shell_Omega=    151.6062 meV
     lambda___(   5 )=      -0.000000   gamma___=      -0.000000 meV  omega=    151.4825 meV   on_shell_Omega=    151.6101 meV  off_shell_Omega=    151.6101 meV
     lambda_tr(   5 )=      -0.000000   gamma_tr=      -0.000000 meV  omega=    151.4825 meV   on_shell_Omega=    151.6101 meV  off_shell_Omega=    151.6101 meV
     lambda___(   6 )=      -0.000000   gamma___=      -0.000000 meV  omega=    162.5749 meV   on_shell_Omega=    164.2499 meV  off_shell_Omega=    164.2419 meV
     lambda_tr(   6 )=      -0.000000   gamma_tr=      -0.000000 meV  omega=    162.5749 meV   on_shell_Omega=    164.2499 meV  off_shell_Omega=    164.2419 meV
     lambda___( tot )=      -0.000000
     lambda_tr( tot )=      -0.000000
     -------------------------------------------------------------------


     Number of (k,k+q) pairs on the Fermi surface:      302 out of      324


     ismear =     1 iq =     116 coord.:   0.33333  0.38889  0.00000 wt:   0.00309 Temp:  300.000K
     -------------------------------------------------------------------
     lambda___(   1 )=       0.000000   gamma___=       0.000000 meV  omega=     60.1446 meV   on_shell_Omega=     60.0849 meV  off_shell_Omega=     60.0849 meV
     lambda_tr(   1 )=       0.000000   gamma_tr=       0.000000 meV  omega=     60.1446 meV   on_shell_Omega=     60.0849 meV  off_shell_Omega=     60.0849 meV
     lambda___(   2 )=       0.000000   gamma___=       0.000000 meV  omega=     71.4801 meV   on_shell_Omega=     71.6110 meV  off_shell_Omega=     71.6110 meV
     lambda_tr(   2 )=       0.000000   gamma_tr=       0.000000 meV  omega=     71.4801 meV   on_shell_Omega=     71.6110 meV  off_shell_Omega=     71.6110 meV
     lambda___(   3 )=       0.000000   gamma___=       0.000000 meV  omega=    118.8951 meV   on_shell_Omega=    118.8986 meV  off_shell_Omega=    118.8986 meV
     lambda_tr(   3 )=       0.000000   gamma_tr=       0.000000 meV  omega=    118.8951 meV   on_shell_Omega=    118.8986 meV  off_shell_Omega=    118.8986 meV
     lambda___(   4 )=       0.000000   gamma___=       0.000000 meV  omega=    148.0962 meV   on_shell_Omega=    148.1133 meV  off_shell_Omega=    148.1133 meV
     lambda_tr(   4 )=       0.000000   gamma_tr=       0.000000 meV  omega=    148.0962 meV   on_shell_Omega=    148.1133 meV  off_shell_Omega=    148.1133 meV
     lambda___(   5 )=       0.000000   gamma___=       0.000000 meV  omega=    158.3023 meV   on_shell_Omega=    158.3239 meV  off_shell_Omega=    158.3239 meV
     lambda_tr(   5 )=       0.000000   gamma_tr=       0.000000 meV  omega=    158.3023 meV   on_shell_Omega=    158.3239 meV  off_shell_Omega=    158.3239 meV
     lambda___(   6 )=       0.000000   gamma___=       0.000000 meV  omega=    164.3264 meV   on_shell_Omega=    163.9145 meV  off_shell_Omega=    164.0054 meV
     lambda_tr(   6 )=       0.000000   gamma_tr=       0.000000 meV  omega=    164.3264 meV   on_shell_Omega=    163.9145 meV  off_shell_Omega=    164.0054 meV
     lambda___( tot )=       0.000000
     lambda_tr( tot )=       0.000000
     -------------------------------------------------------------------


     Number of (k,k+q) pairs on the Fermi surface:      302 out of      324


     ismear =     1 iq =     117 coord.:   0.33333  0.44444  0.00000 wt:   0.00309 Temp:  300.000K
     -------------------------------------------------------------------
     lambda___(   1 )=       0.000000   gamma___=       0.000000 meV  omega=     54.8290 meV   on_shell_Omega=     54.8344 meV  off_shell_Omega=     54.8344 meV
     lambda_tr(   1 )=       0.000000   gamma_tr=       0.000000 meV  omega=     54.8290 meV   on_shell_Omega=     54.8344 meV  off_shell_Omega=     54.8344 meV
     lambda___(   2 )=       0.000000   gamma___=       0.000000 meV  omega=     77.2561 meV   on_shell_Omega=     77.3461 meV  off_shell_Omega=     77.3461 meV
     lambda_tr(   2 )=       0.000000   gamma_tr=       0.000000 meV  omega=     77.2561 meV   on_shell_Omega=     77.3461 meV  off_shell_Omega=     77.3461 meV
     lambda___(   3 )=       0.000000   gamma___=       0.000000 meV  omega=    108.3679 meV   on_shell_Omega=    108.3757 meV  off_shell_Omega=    108.3757 meV
     lambda_tr(   3 )=       0.000000   gamma_tr=       0.000000 meV  omega=    108.3679 meV   on_shell_Omega=    108.3757 meV  off_shell_Omega=    108.3757 meV
     lambda___(   4 )=       0.000000   gamma___=       0.000000 meV  omega=    145.7388 meV   on_shell_Omega=    145.7550 meV  off_shell_Omega=    145.7550 meV
     lambda_tr(   4 )=       0.000000   gamma_tr=       0.000000 meV  omega=    145.7388 meV   on_shell_Omega=    145.7550 meV  off_shell_Omega=    145.7550 meV
     lambda___(   5 )=       0.000000   gamma___=       0.000000 meV  omega=    166.9095 meV   on_shell_Omega=    166.9256 meV  off_shell_Omega=    166.9256 meV
     lambda_tr(   5 )=       0.000000   gamma_tr=       0.000000 meV  omega=    166.9095 meV   on_shell_Omega=    166.9256 meV  off_shell_Omega=    166.9256 meV
     lambda___(   6 )=       0.000000   gamma___=       0.000000 meV  omega=    168.2258 meV   on_shell_Omega=    168.3367 meV  off_shell_Omega=    168.3367 meV
     lambda_tr(   6 )=       0.000000   gamma_tr=       0.000000 meV  omega=    168.2258 meV   on_shell_Omega=    168.3367 meV  off_shell_Omega=    168.3367 meV
     lambda___( tot )=       0.000000
     lambda_tr( tot )=       0.000000
     -------------------------------------------------------------------


     Number of (k,k+q) pairs on the Fermi surface:      302 out of      324


     ismear =     1 iq =     118 coord.:   0.33333  0.50000  0.00000 wt:   0.00309 Temp:  300.000K
     -------------------------------------------------------------------
     lambda___(   1 )=      -0.000000   gamma___=      -0.000000 meV  omega=     49.6179 meV   on_shell_Omega=     49.6377 meV  off_shell_Omega=     49.6377 meV
     lambda_tr(   1 )=      -0.000000   gamma_tr=      -0.000000 meV  omega=     49.6179 meV   on_shell_Omega=     49.6377 meV  off_shell_Omega=     49.6377 meV
     lambda___(   2 )=       0.000000   gamma___=       0.000000 meV  omega=     82.7207 meV   on_shell_Omega=     82.7775 meV  off_shell_Omega=     82.7775 meV
     lambda_tr(   2 )=       0.000000   gamma_tr=       0.000000 meV  omega=     82.7207 meV   on_shell_Omega=     82.7775 meV  off_shell_Omega=     82.7775 meV
     lambda___(   3 )=       0.000000   gamma___=       0.000000 meV  omega=     96.2760 meV   on_shell_Omega=     96.2851 meV  off_shell_Omega=     96.2851 meV
     lambda_tr(   3 )=       0.000000   gamma_tr=       0.000000 meV  omega=     96.2760 meV   on_shell_Omega=     96.2851 meV  off_shell_Omega=     96.2851 meV
     lambda___(   4 )=       0.000000   gamma___=       0.000000 meV  omega=    142.9427 meV   on_shell_Omega=    142.9617 meV  off_shell_Omega=    142.9617 meV
     lambda_tr(   4 )=       0.000000   gamma_tr=       0.000000 meV  omega=    142.9427 meV   on_shell_Omega=    142.9617 meV  off_shell_Omega=    142.9617 meV
     lambda___(   5 )=       0.000000   gamma___=       0.000000 meV  omega=    171.6981 meV   on_shell_Omega=    171.8611 meV  off_shell_Omega=    171.7819 meV
     lambda_tr(   5 )=       0.000000   gamma_tr=       0.000000 meV  omega=    171.6981 meV   on_shell_Omega=    171.8611 meV  off_shell_Omega=    171.7819 meV
     lambda___(   6 )=       0.000000   gamma___=       0.000000 meV  omega=    175.1952 meV   on_shell_Omega=    175.2508 meV  off_shell_Omega=    175.2508 meV
     lambda_tr(   6 )=       0.000000   gamma_tr=       0.000000 meV  omega=    175.1952 meV   on_shell_Omega=    175.2508 meV  off_shell_Omega=    175.2508 meV
     lambda___( tot )=       0.000000
     lambda_tr( tot )=       0.000000
     -------------------------------------------------------------------


     Number of (k,k+q) pairs on the Fermi surface:      302 out of      324


     ismear =     1 iq =     119 coord.:   0.33333  0.55556  0.00000 wt:   0.00309 Temp:  300.000K
     -------------------------------------------------------------------
     lambda___(   1 )=       0.000000   gamma___=       0.000000 meV  omega=     44.2899 meV   on_shell_Omega=     44.3129 meV  off_shell_Omega=     44.3129 meV
     lambda_tr(   1 )=       0.000000   gamma_tr=       0.000000 meV  omega=     44.2899 meV   on_shell_Omega=     44.3129 meV  off_shell_Omega=     44.3129 meV
     lambda___(   2 )=       0.000000   gamma___=       0.000000 meV  omega=     84.4905 meV   on_shell_Omega=     84.4986 meV  off_shell_Omega=     84.4986 meV
     lambda_tr(   2 )=       0.000000   gamma_tr=       0.000000 meV  omega=     84.4905 meV   on_shell_Omega=     84.4986 meV  off_shell_Omega=     84.4986 meV
     lambda___(   3 )=       0.000000   gamma___=       0.000000 meV  omega=     87.6263 meV   on_shell_Omega=     87.6635 meV  off_shell_Omega=     87.6635 meV
     lambda_tr(   3 )=       0.000000   gamma_tr=       0.000000 meV  omega=     87.6263 meV   on_shell_Omega=     87.6635 meV  off_shell_Omega=     87.6635 meV
     lambda___(   4 )=       0.000000   gamma___=       0.000000 meV  omega=    138.8833 meV   on_shell_Omega=    138.8948 meV  off_shell_Omega=    138.8948 meV
     lambda_tr(   4 )=       0.000000   gamma_tr=       0.000000 meV  omega=    138.8833 meV   on_shell_Omega=    138.8948 meV  off_shell_Omega=    138.8948 meV
     lambda___(   5 )=       0.000000   gamma___=       0.000000 meV  omega=    174.3908 meV   on_shell_Omega=    174.5218 meV  off_shell_Omega=    174.5218 meV
     lambda_tr(   5 )=       0.000000   gamma_tr=       0.000000 meV  omega=    174.3908 meV   on_shell_Omega=    174.5218 meV  off_shell_Omega=    174.5218 meV
     lambda___(   6 )=       0.000000   gamma___=       0.000000 meV  omega=    181.9601 meV   on_shell_Omega=    182.0135 meV  off_shell_Omega=    182.0135 meV
     lambda_tr(   6 )=       0.000000   gamma_tr=       0.000000 meV  omega=    181.9601 meV   on_shell_Omega=    182.0135 meV  off_shell_Omega=    182.0135 meV
     lambda___( tot )=       0.000000
     lambda_tr( tot )=       0.000000
     -------------------------------------------------------------------


     Number of (k,k+q) pairs on the Fermi surface:      303 out of      324


     ismear =     1 iq =     120 coord.:   0.33333  0.61111  0.00000 wt:   0.00309 Temp:  300.000K
     -------------------------------------------------------------------
     lambda___(   1 )=      -0.000000   gamma___=      -0.000000 meV  omega=     38.7155 meV   on_shell_Omega=     38.7248 meV  off_shell_Omega=     38.7248 meV
     lambda_tr(   1 )=      -0.000000   gamma_tr=      -0.000000 meV  omega=     38.7155 meV   on_shell_Omega=     38.7248 meV  off_shell_Omega=     38.7248 meV
     lambda___(   2 )=       0.000000   gamma___=       0.000000 meV  omega=     74.7040 meV   on_shell_Omega=     74.7102 meV  off_shell_Omega=     74.7102 meV
     lambda_tr(   2 )=       0.000000   gamma_tr=       0.000000 meV  omega=     74.7040 meV   on_shell_Omega=     74.7102 meV  off_shell_Omega=     74.7102 meV
     lambda___(   3 )=       0.000000   gamma___=       0.000000 meV  omega=     91.8159 meV   on_shell_Omega=     91.8405 meV  off_shell_Omega=     91.8405 meV
     lambda_tr(   3 )=       0.000000   gamma_tr=       0.000000 meV  omega=     91.8159 meV   on_shell_Omega=     91.8405 meV  off_shell_Omega=     91.8405 meV
     lambda___(   4 )=       0.000000   gamma___=       0.000000 meV  omega=    132.8626 meV   on_shell_Omega=    132.8765 meV  off_shell_Omega=    132.8765 meV
     lambda_tr(   4 )=       0.000000   gamma_tr=       0.000000 meV  omega=    132.8626 meV   on_shell_Omega=    132.8765 meV  off_shell_Omega=    132.8765 meV
     lambda___(   5 )=       0.000000   gamma___=       0.000000 meV  omega=    176.5052 meV   on_shell_Omega=    176.6395 meV  off_shell_Omega=    176.6395 meV
     lambda_tr(   5 )=       0.000000   gamma_tr=       0.000000 meV  omega=    176.5052 meV   on_shell_Omega=    176.6395 meV  off_shell_Omega=    176.6395 meV
     lambda___(   6 )=       0.000000   gamma___=       0.000000 meV  omega=    187.3742 meV   on_shell_Omega=    187.4540 meV  off_shell_Omega=    187.4540 meV
     lambda_tr(   6 )=       0.000000   gamma_tr=       0.000000 meV  omega=    187.3742 meV   on_shell_Omega=    187.4540 meV  off_shell_Omega=    187.4540 meV
     lambda___( tot )=       0.000000
     lambda_tr( tot )=       0.000000
     -------------------------------------------------------------------


     Number of (k,k+q) pairs on the Fermi surface:      303 out of      324


     ismear =     1 iq =     121 coord.:   0.33333  0.66667  0.00000 wt:   0.00309 Temp:  300.000K
     -------------------------------------------------------------------
     lambda___(   1 )=       0.000000   gamma___=       0.000000 meV  omega=     33.1569 meV   on_shell_Omega=     33.1546 meV  off_shell_Omega=     33.1546 meV
     lambda_tr(   1 )=       0.000000   gamma_tr=       0.000000 meV  omega=     33.1569 meV   on_shell_Omega=     33.1546 meV  off_shell_Omega=     33.1546 meV
     lambda___(   2 )=       0.000000   gamma___=       0.000000 meV  omega=     68.9140 meV   on_shell_Omega=     68.9156 meV  off_shell_Omega=     68.9156 meV
     lambda_tr(   2 )=       0.000000   gamma_tr=       0.000000 meV  omega=     68.9140 meV   on_shell_Omega=     68.9156 meV  off_shell_Omega=     68.9156 meV
     lambda___(   3 )=       0.000000   gamma___=       0.000000 meV  omega=     95.1326 meV   on_shell_Omega=     95.1655 meV  off_shell_Omega=     95.1655 meV
     lambda_tr(   3 )=       0.000000   gamma_tr=       0.000000 meV  omega=     95.1326 meV   on_shell_Omega=     95.1655 meV  off_shell_Omega=     95.1655 meV
     lambda___(   4 )=       0.000000   gamma___=       0.000000 meV  omega=    124.9307 meV   on_shell_Omega=    124.9544 meV  off_shell_Omega=    124.9544 meV
     lambda_tr(   4 )=       0.000000   gamma_tr=       0.000000 meV  omega=    124.9307 meV   on_shell_Omega=    124.9544 meV  off_shell_Omega=    124.9544 meV
     lambda___(   5 )=       0.000000   gamma___=       0.000000 meV  omega=    178.1962 meV   on_shell_Omega=    178.3226 meV  off_shell_Omega=    178.3226 meV
     lambda_tr(   5 )=       0.000000   gamma_tr=       0.000000 meV  omega=    178.1962 meV   on_shell_Omega=    178.3226 meV  off_shell_Omega=    178.3226 meV
     lambda___(   6 )=       0.000000   gamma___=       0.000000 meV  omega=    191.2648 meV   on_shell_Omega=    191.3608 meV  off_shell_Omega=    191.3608 meV
     lambda_tr(   6 )=       0.000000   gamma_tr=       0.000000 meV  omega=    191.2648 meV   on_shell_Omega=    191.3608 meV  off_shell_Omega=    191.3608 meV
     lambda___( tot )=       0.000000
     lambda_tr( tot )=       0.000000
     -------------------------------------------------------------------


     Number of (k,k+q) pairs on the Fermi surface:      302 out of      324


     ismear =     1 iq =     122 coord.:   0.33333  0.72222  0.00000 wt:   0.00309 Temp:  300.000K
     -------------------------------------------------------------------
     lambda___(   1 )=      -0.000000   gamma___=      -0.000000 meV  omega=     28.4016 meV   on_shell_Omega=     28.4144 meV  off_shell_Omega=     28.4144 meV
     lambda_tr(   1 )=      -0.000000   gamma_tr=      -0.000000 meV  omega=     28.4016 meV   on_shell_Omega=     28.4144 meV  off_shell_Omega=     28.4144 meV
     lambda___(   2 )=      -0.000000   gamma___=      -0.000000 meV  omega=     68.4499 meV   on_shell_Omega=     68.4583 meV  off_shell_Omega=     68.4583 meV
     lambda_tr(   2 )=      -0.000000   gamma_tr=      -0.000000 meV  omega=     68.4499 meV   on_shell_Omega=     68.4583 meV  off_shell_Omega=     68.4583 meV
     lambda___(   3 )=      -0.000000   gamma___=      -0.000000 meV  omega=     97.4271 meV   on_shell_Omega=     97.4610 meV  off_shell_Omega=     97.4610 meV
     lambda_tr(   3 )=      -0.000000   gamma_tr=      -0.000000 meV  omega=     97.4271 meV   on_shell_Omega=     97.4610 meV  off_shell_Omega=     97.4610 meV
     lambda___(   4 )=      -0.000000   gamma___=      -0.000000 meV  omega=    116.0823 meV   on_shell_Omega=    116.1076 meV  off_shell_Omega=    116.1076 meV
     lambda_tr(   4 )=      -0.000000   gamma_tr=      -0.000000 meV  omega=    116.0823 meV   on_shell_Omega=    116.1076 meV  off_shell_Omega=    116.1076 meV
     lambda___(   5 )=       0.000000   gamma___=       0.000000 meV  omega=    179.0260 meV   on_shell_Omega=    179.1571 meV  off_shell_Omega=    179.1571 meV
     lambda_tr(   5 )=       0.000000   gamma_tr=       0.000000 meV  omega=    179.0260 meV   on_shell_Omega=    179.1571 meV  off_shell_Omega=    179.1571 meV
     lambda___(   6 )=       0.000000   gamma___=       0.000000 meV  omega=    193.3977 meV   on_shell_Omega=    193.5067 meV  off_shell_Omega=    193.5067 meV
     lambda_tr(   6 )=       0.000000   gamma_tr=       0.000000 meV  omega=    193.3977 meV   on_shell_Omega=    193.5067 meV  off_shell_Omega=    193.5067 meV
     lambda___( tot )=      -0.000000
     lambda_tr( tot )=      -0.000000
     -------------------------------------------------------------------


     Number of (k,k+q) pairs on the Fermi surface:      302 out of      324


     ismear =     1 iq =     123 coord.:   0.33333  0.77778  0.00000 wt:   0.00309 Temp:  300.000K
     -------------------------------------------------------------------
     lambda___(   1 )=       0.000000   gamma___=       0.000000 meV  omega=     25.3433 meV   on_shell_Omega=     25.3655 meV  off_shell_Omega=     25.3655 meV
     lambda_tr(   1 )=      -0.000000   gamma_tr=      -0.000000 meV  omega=     25.3433 meV   on_shell_Omega=     25.3655 meV  off_shell_Omega=     25.3655 meV
     lambda___(   2 )=       0.000000   gamma___=       0.000000 meV  omega=     71.9168 meV   on_shell_Omega=     71.9474 meV  off_shell_Omega=     71.9474 meV
     lambda_tr(   2 )=      -0.000000   gamma_tr=      -0.000000 meV  omega=     71.9168 meV   on_shell_Omega=     71.9474 meV  off_shell_Omega=     71.9474 meV
     lambda___(   3 )=       0.000000   gamma___=       0.000000 meV  omega=     98.6933 meV   on_shell_Omega=     98.7265 meV  off_shell_Omega=     98.7265 meV
     lambda_tr(   3 )=      -0.000000   gamma_tr=      -0.000000 meV  omega=     98.6933 meV   on_shell_Omega=     98.7265 meV  off_shell_Omega=     98.7265 meV
     lambda___(   4 )=       0.000000   gamma___=       0.000000 meV  omega=    108.1034 meV   on_shell_Omega=    108.1128 meV  off_shell_Omega=    108.1128 meV
     lambda_tr(   4 )=      -0.000000   gamma_tr=      -0.000000 meV  omega=    108.1034 meV   on_shell_Omega=    108.1128 meV  off_shell_Omega=    108.1128 meV
     lambda___(   5 )=       0.000000   gamma___=       0.000000 meV  omega=    178.9943 meV   on_shell_Omega=    179.2181 meV  off_shell_Omega=    179.3002 meV
     lambda_tr(   5 )=      -0.000000   gamma_tr=      -0.000000 meV  omega=    178.9943 meV   on_shell_Omega=    179.2181 meV  off_shell_Omega=    179.3002 meV
     lambda___(   6 )=       0.000000   gamma___=       0.000000 meV  omega=    194.0722 meV   on_shell_Omega=    194.1813 meV  off_shell_Omega=    194.1813 meV
     lambda_tr(   6 )=      -0.000000   gamma_tr=      -0.000000 meV  omega=    194.0722 meV   on_shell_Omega=    194.1813 meV  off_shell_Omega=    194.1813 meV
     lambda___( tot )=       0.000000
     lambda_tr( tot )=      -0.000000
     -------------------------------------------------------------------


     Number of (k,k+q) pairs on the Fermi surface:      303 out of      324


     ismear =     1 iq =     124 coord.:   0.33333  0.83333  0.00000 wt:   0.00309 Temp:  300.000K
     -------------------------------------------------------------------
     lambda___(   1 )=      -0.000000   gamma___=      -0.000000 meV  omega=     24.3343 meV   on_shell_Omega=     24.3814 meV  off_shell_Omega=     24.3814 meV
     lambda_tr(   1 )=      -0.000000   gamma_tr=      -0.000000 meV  omega=     24.3343 meV   on_shell_Omega=     24.3814 meV  off_shell_Omega=     24.3814 meV
     lambda___(   2 )=      -0.000000   gamma___=      -0.000000 meV  omega=     74.3972 meV   on_shell_Omega=     74.4502 meV  off_shell_Omega=     74.4502 meV
     lambda_tr(   2 )=       0.000000   gamma_tr=       0.000000 meV  omega=     74.3972 meV   on_shell_Omega=     74.4502 meV  off_shell_Omega=     74.4502 meV
     lambda___(   3 )=      -0.000000   gamma___=      -0.000000 meV  omega=     99.0822 meV   on_shell_Omega=     99.1236 meV  off_shell_Omega=     99.1236 meV
     lambda_tr(   3 )=       0.000000   gamma_tr=       0.000000 meV  omega=     99.0822 meV   on_shell_Omega=     99.1236 meV  off_shell_Omega=     99.1236 meV
     lambda___(   4 )=      -0.000000   gamma___=      -0.000000 meV  omega=    104.4304 meV   on_shell_Omega=    104.4210 meV  off_shell_Omega=    104.4210 meV
     lambda_tr(   4 )=       0.000000   gamma_tr=       0.000000 meV  omega=    104.4304 meV   on_shell_Omega=    104.4210 meV  off_shell_Omega=    104.4210 meV
     lambda___(   5 )=       0.000000   gamma___=       0.000000 meV  omega=    178.8251 meV   on_shell_Omega=    179.0613 meV  off_shell_Omega=    179.1307 meV
     lambda_tr(   5 )=       0.000000   gamma_tr=       0.000000 meV  omega=    178.8251 meV   on_shell_Omega=    179.0613 meV  off_shell_Omega=    179.1307 meV
     lambda___(   6 )=       0.000000   gamma___=       0.000000 meV  omega=    194.1346 meV   on_shell_Omega=    194.2438 meV  off_shell_Omega=    194.2438 meV
     lambda_tr(   6 )=       0.000000   gamma_tr=       0.000000 meV  omega=    194.1346 meV   on_shell_Omega=    194.2438 meV  off_shell_Omega=    194.2438 meV
     lambda___( tot )=      -0.000000
     lambda_tr( tot )=      -0.000000
     -------------------------------------------------------------------


     Number of (k,k+q) pairs on the Fermi surface:      303 out of      324


     ismear =     1 iq =     125 coord.:   0.33333  0.88889  0.00000 wt:   0.00309 Temp:  300.000K
     -------------------------------------------------------------------
     lambda___(   1 )=       0.000000   gamma___=       0.000000 meV  omega=     25.3433 meV   on_shell_Omega=     25.3449 meV  off_shell_Omega=     25.3449 meV
     lambda_tr(   1 )=       0.000000   gamma_tr=       0.000000 meV  omega=     25.3433 meV   on_shell_Omega=     25.3449 meV  off_shell_Omega=     25.3449 meV
     lambda___(   2 )=       0.000000   gamma___=       0.000000 meV  omega=     71.9168 meV   on_shell_Omega=     71.9441 meV  off_shell_Omega=     71.9441 meV
     lambda_tr(   2 )=       0.000000   gamma_tr=       0.000000 meV  omega=     71.9168 meV   on_shell_Omega=     71.9441 meV  off_shell_Omega=     71.9441 meV
     lambda___(   3 )=       0.000000   gamma___=       0.000000 meV  omega=     98.6933 meV   on_shell_Omega=     98.7266 meV  off_shell_Omega=     98.7266 meV
     lambda_tr(   3 )=       0.000000   gamma_tr=       0.000000 meV  omega=     98.6933 meV   on_shell_Omega=     98.7266 meV  off_shell_Omega=     98.7266 meV
     lambda___(   4 )=       0.000000   gamma___=       0.000000 meV  omega=    108.1034 meV   on_shell_Omega=    108.1098 meV  off_shell_Omega=    108.1098 meV
     lambda_tr(   4 )=       0.000000   gamma_tr=       0.000000 meV  omega=    108.1034 meV   on_shell_Omega=    108.1098 meV  off_shell_Omega=    108.1098 meV
     lambda___(   5 )=       0.000000   gamma___=       0.000000 meV  omega=    178.9943 meV   on_shell_Omega=    179.1869 meV  off_shell_Omega=    179.0817 meV
     lambda_tr(   5 )=       0.000000   gamma_tr=       0.000000 meV  omega=    178.9943 meV   on_shell_Omega=    179.1869 meV  off_shell_Omega=    179.0817 meV
     lambda___(   6 )=       0.000000   gamma___=       0.000000 meV  omega=    194.0722 meV   on_shell_Omega=    194.1752 meV  off_shell_Omega=    194.1752 meV
     lambda_tr(   6 )=       0.000000   gamma_tr=       0.000000 meV  omega=    194.0722 meV   on_shell_Omega=    194.1752 meV  off_shell_Omega=    194.1752 meV
     lambda___( tot )=       0.000000
     lambda_tr( tot )=       0.000000
     -------------------------------------------------------------------


     Number of (k,k+q) pairs on the Fermi surface:      302 out of      324


     ismear =     1 iq =     126 coord.:   0.33333  0.94444  0.00000 wt:   0.00309 Temp:  300.000K
     -------------------------------------------------------------------
     lambda___(   1 )=      -0.000000   gamma___=      -0.000000 meV  omega=     28.4016 meV   on_shell_Omega=     28.4164 meV  off_shell_Omega=     28.4164 meV
     lambda_tr(   1 )=      -0.000000   gamma_tr=      -0.000000 meV  omega=     28.4016 meV   on_shell_Omega=     28.4164 meV  off_shell_Omega=     28.4164 meV
     lambda___(   2 )=      -0.000000   gamma___=      -0.000000 meV  omega=     68.4499 meV   on_shell_Omega=     68.4579 meV  off_shell_Omega=     68.4579 meV
     lambda_tr(   2 )=      -0.000000   gamma_tr=      -0.000000 meV  omega=     68.4499 meV   on_shell_Omega=     68.4579 meV  off_shell_Omega=     68.4579 meV
     lambda___(   3 )=      -0.000000   gamma___=      -0.000000 meV  omega=     97.4271 meV   on_shell_Omega=     97.4535 meV  off_shell_Omega=     97.4535 meV
     lambda_tr(   3 )=      -0.000000   gamma_tr=      -0.000000 meV  omega=     97.4271 meV   on_shell_Omega=     97.4535 meV  off_shell_Omega=     97.4535 meV
     lambda___(   4 )=      -0.000000   gamma___=      -0.000000 meV  omega=    116.0823 meV   on_shell_Omega=    116.0911 meV  off_shell_Omega=    116.0911 meV
     lambda_tr(   4 )=      -0.000000   gamma_tr=      -0.000000 meV  omega=    116.0823 meV   on_shell_Omega=    116.0911 meV  off_shell_Omega=    116.0911 meV
     lambda___(   5 )=      -0.000000   gamma___=      -0.000000 meV  omega=    179.0260 meV   on_shell_Omega=    179.1510 meV  off_shell_Omega=    179.1510 meV
     lambda_tr(   5 )=      -0.000000   gamma_tr=      -0.000000 meV  omega=    179.0260 meV   on_shell_Omega=    179.1510 meV  off_shell_Omega=    179.1510 meV
     lambda___(   6 )=      -0.000000   gamma___=      -0.000000 meV  omega=    193.3977 meV   on_shell_Omega=    193.5000 meV  off_shell_Omega=    193.5000 meV
     lambda_tr(   6 )=      -0.000000   gamma_tr=      -0.000000 meV  omega=    193.3977 meV   on_shell_Omega=    193.5000 meV  off_shell_Omega=    193.5000 meV
     lambda___( tot )=      -0.000000
     lambda_tr( tot )=      -0.000000
     -------------------------------------------------------------------


     Number of (k,k+q) pairs on the Fermi surface:      302 out of      324


     ismear =     1 iq =     127 coord.:   0.38889  0.00000  0.00000 wt:   0.00309 Temp:  300.000K
     -------------------------------------------------------------------
     lambda___(   1 )=       0.000000   gamma___=       0.000000 meV  omega=     43.5112 meV   on_shell_Omega=     43.5346 meV  off_shell_Omega=     43.5346 meV
     lambda_tr(   1 )=       0.000000   gamma_tr=       0.000000 meV  omega=     43.5112 meV   on_shell_Omega=     43.5346 meV  off_shell_Omega=     43.5346 meV
     lambda___(   2 )=       0.000000   gamma___=       0.000000 meV  omega=     73.9240 meV   on_shell_Omega=     73.9256 meV  off_shell_Omega=     73.9256 meV
     lambda_tr(   2 )=       0.000000   gamma_tr=       0.000000 meV  omega=     73.9240 meV   on_shell_Omega=     73.9256 meV  off_shell_Omega=     73.9256 meV
     lambda___(   3 )=       0.000000   gamma___=       0.000000 meV  omega=     88.9894 meV   on_shell_Omega=     89.0016 meV  off_shell_Omega=     89.0016 meV
     lambda_tr(   3 )=       0.000000   gamma_tr=       0.000000 meV  omega=     88.9894 meV   on_shell_Omega=     89.0016 meV  off_shell_Omega=     89.0016 meV
     lambda___(   4 )=       0.000000   gamma___=       0.000000 meV  omega=    140.6385 meV   on_shell_Omega=    140.6612 meV  off_shell_Omega=    140.6612 meV
     lambda_tr(   4 )=       0.000000   gamma_tr=       0.000000 meV  omega=    140.6385 meV   on_shell_Omega=    140.6612 meV  off_shell_Omega=    140.6612 meV
     lambda___(   5 )=       0.000000   gamma___=       0.000000 meV  omega=    175.9536 meV   on_shell_Omega=    176.0687 meV  off_shell_Omega=    176.0687 meV
     lambda_tr(   5 )=       0.000000   gamma_tr=       0.000000 meV  omega=    175.9536 meV   on_shell_Omega=    176.0687 meV  off_shell_Omega=    176.0687 meV
     lambda___(   6 )=       0.000000   gamma___=       0.000000 meV  omega=    184.8010 meV   on_shell_Omega=    184.8713 meV  off_shell_Omega=    184.8713 meV
     lambda_tr(   6 )=       0.000000   gamma_tr=       0.000000 meV  omega=    184.8010 meV   on_shell_Omega=    184.8713 meV  off_shell_Omega=    184.8713 meV
     lambda___( tot )=       0.000000
     lambda_tr( tot )=       0.000000
     -------------------------------------------------------------------


     Number of (k,k+q) pairs on the Fermi surface:      302 out of      324


     ismear =     1 iq =     128 coord.:   0.38889  0.05556  0.00000 wt:   0.00309 Temp:  300.000K
     -------------------------------------------------------------------
     lambda___(   1 )=       0.000000   gamma___=       0.000000 meV  omega=     48.7209 meV   on_shell_Omega=     48.7600 meV  off_shell_Omega=     48.7600 meV
     lambda_tr(   1 )=       0.000000   gamma_tr=       0.000000 meV  omega=     48.7209 meV   on_shell_Omega=     48.7600 meV  off_shell_Omega=     48.7600 meV
     lambda___(   2 )=       0.000000   gamma___=       0.000000 meV  omega=     78.5229 meV   on_shell_Omega=     78.5252 meV  off_shell_Omega=     78.5252 meV
     lambda_tr(   2 )=       0.000000   gamma_tr=       0.000000 meV  omega=     78.5229 meV   on_shell_Omega=     78.5252 meV  off_shell_Omega=     78.5252 meV
     lambda___(   3 )=       0.000000   gamma___=       0.000000 meV  omega=     85.1887 meV   on_shell_Omega=     85.1927 meV  off_shell_Omega=     85.1927 meV
     lambda_tr(   3 )=       0.000000   gamma_tr=       0.000000 meV  omega=     85.1887 meV   on_shell_Omega=     85.1927 meV  off_shell_Omega=     85.1927 meV
     lambda___(   4 )=       0.000000   gamma___=       0.000000 meV  omega=    147.4393 meV   on_shell_Omega=    147.4528 meV  off_shell_Omega=    147.4528 meV
     lambda_tr(   4 )=       0.000000   gamma_tr=       0.000000 meV  omega=    147.4393 meV   on_shell_Omega=    147.4528 meV  off_shell_Omega=    147.4528 meV
     lambda___(   5 )=       0.000000   gamma___=       0.000000 meV  omega=    174.7024 meV   on_shell_Omega=    174.8056 meV  off_shell_Omega=    174.8056 meV
     lambda_tr(   5 )=       0.000000   gamma_tr=       0.000000 meV  omega=    174.7024 meV   on_shell_Omega=    174.8056 meV  off_shell_Omega=    174.8056 meV
     lambda___(   6 )=       0.000000   gamma___=       0.000000 meV  omega=    180.0388 meV   on_shell_Omega=    180.0812 meV  off_shell_Omega=    180.0812 meV
     lambda_tr(   6 )=      -0.000000   gamma_tr=      -0.000000 meV  omega=    180.0388 meV   on_shell_Omega=    180.0812 meV  off_shell_Omega=    180.0812 meV
     lambda___( tot )=       0.000000
     lambda_tr( tot )=      -0.000000
     -------------------------------------------------------------------


     Number of (k,k+q) pairs on the Fermi surface:      302 out of      324


     ismear =     1 iq =     129 coord.:   0.38889  0.11111  0.00000 wt:   0.00309 Temp:  300.000K
     -------------------------------------------------------------------
     lambda___(   1 )=       0.000000   gamma___=       0.000000 meV  omega=     53.2899 meV   on_shell_Omega=     53.2705 meV  off_shell_Omega=     53.2705 meV
     lambda_tr(   1 )=      -0.000000   gamma_tr=      -0.000000 meV  omega=     53.2899 meV   on_shell_Omega=     53.2705 meV  off_shell_Omega=     53.2705 meV
     lambda___(   2 )=       0.000000   gamma___=       0.000000 meV  omega=     80.9301 meV   on_shell_Omega=     80.9835 meV  off_shell_Omega=     80.9835 meV
     lambda_tr(   2 )=      -0.000000   gamma_tr=      -0.000000 meV  omega=     80.9301 meV   on_shell_Omega=     80.9835 meV  off_shell_Omega=     80.9835 meV
     lambda___(   3 )=       0.000000   gamma___=       0.000000 meV  omega=     87.2212 meV   on_shell_Omega=     87.2246 meV  off_shell_Omega=     87.2246 meV
     lambda_tr(   3 )=      -0.000000   gamma_tr=      -0.000000 meV  omega=     87.2212 meV   on_shell_Omega=     87.2246 meV  off_shell_Omega=     87.2246 meV
     lambda___(   4 )=       0.000000   gamma___=       0.000000 meV  omega=    152.1278 meV   on_shell_Omega=    152.1396 meV  off_shell_Omega=    152.1396 meV
     lambda_tr(   4 )=      -0.000000   gamma_tr=      -0.000000 meV  omega=    152.1278 meV   on_shell_Omega=    152.1396 meV  off_shell_Omega=    152.1396 meV
     lambda___(   5 )=       0.000000   gamma___=       0.000000 meV  omega=    172.6987 meV   on_shell_Omega=    172.7621 meV  off_shell_Omega=    172.7621 meV
     lambda_tr(   5 )=       0.000000   gamma_tr=       0.000000 meV  omega=    172.6987 meV   on_shell_Omega=    172.7621 meV  off_shell_Omega=    172.7621 meV
     lambda___(   6 )=       0.000000   gamma___=       0.000000 meV  omega=    174.0168 meV   on_shell_Omega=    174.1338 meV  off_shell_Omega=    174.1338 meV
     lambda_tr(   6 )=       0.000000   gamma_tr=       0.000000 meV  omega=    174.0168 meV   on_shell_Omega=    174.1338 meV  off_shell_Omega=    174.1338 meV
     lambda___( tot )=       0.000000
     lambda_tr( tot )=       0.000000
     -------------------------------------------------------------------


     Number of (k,k+q) pairs on the Fermi surface:      302 out of      324


     ismear =     1 iq =     130 coord.:   0.38889  0.16667  0.00000 wt:   0.00309 Temp:  300.000K
     -------------------------------------------------------------------
     lambda___(   1 )=       0.000000   gamma___=       0.000000 meV  omega=     56.8551 meV   on_shell_Omega=     56.8467 meV  off_shell_Omega=     56.8467 meV
     lambda_tr(   1 )=       0.000000   gamma_tr=       0.000000 meV  omega=     56.8551 meV   on_shell_Omega=     56.8467 meV  off_shell_Omega=     56.8467 meV
     lambda___(   2 )=       0.000000   gamma___=       0.000000 meV  omega=     76.7167 meV   on_shell_Omega=     76.7620 meV  off_shell_Omega=     76.7620 meV
     lambda_tr(   2 )=       0.000000   gamma_tr=       0.000000 meV  omega=     76.7167 meV   on_shell_Omega=     76.7620 meV  off_shell_Omega=     76.7620 meV
     lambda___(   3 )=       0.000000   gamma___=       0.000000 meV  omega=     98.2847 meV   on_shell_Omega=     98.2879 meV  off_shell_Omega=     98.2879 meV
     lambda_tr(   3 )=       0.000000   gamma_tr=       0.000000 meV  omega=     98.2847 meV   on_shell_Omega=     98.2879 meV  off_shell_Omega=     98.2879 meV
     lambda___(   4 )=       0.000000   gamma___=       0.000000 meV  omega=    154.7530 meV   on_shell_Omega=    154.7619 meV  off_shell_Omega=    154.7619 meV
     lambda_tr(   4 )=       0.000000   gamma_tr=       0.000000 meV  omega=    154.7530 meV   on_shell_Omega=    154.7619 meV  off_shell_Omega=    154.7619 meV
     lambda___(   5 )=       0.000000   gamma___=       0.000000 meV  omega=    165.9419 meV   on_shell_Omega=    165.9625 meV  off_shell_Omega=    165.9625 meV
     lambda_tr(   5 )=       0.000000   gamma_tr=       0.000000 meV  omega=    165.9419 meV   on_shell_Omega=    165.9625 meV  off_shell_Omega=    165.9625 meV
     lambda___(   6 )=       0.000000   gamma___=       0.000000 meV  omega=    170.5417 meV   on_shell_Omega=    170.8254 meV  off_shell_Omega=    170.8331 meV
     lambda_tr(   6 )=       0.000000   gamma_tr=       0.000000 meV  omega=    170.5417 meV   on_shell_Omega=    170.8254 meV  off_shell_Omega=    170.8331 meV
     lambda___( tot )=       0.000000
     lambda_tr( tot )=       0.000000
     -------------------------------------------------------------------


     Number of (k,k+q) pairs on the Fermi surface:      302 out of      324


     ismear =     1 iq =     131 coord.:   0.38889  0.22222  0.00000 wt:   0.00309 Temp:  300.000K
     -------------------------------------------------------------------
     lambda___(   1 )=       0.000000   gamma___=       0.000000 meV  omega=     59.2217 meV   on_shell_Omega=     59.1848 meV  off_shell_Omega=     59.1848 meV
     lambda_tr(   1 )=       0.000000   gamma_tr=       0.000000 meV  omega=     59.2217 meV   on_shell_Omega=     59.1848 meV  off_shell_Omega=     59.1848 meV
     lambda___(   2 )=       0.000000   gamma___=       0.000000 meV  omega=     73.2563 meV   on_shell_Omega=     73.3192 meV  off_shell_Omega=     73.3192 meV
     lambda_tr(   2 )=       0.000000   gamma_tr=       0.000000 meV  omega=     73.2563 meV   on_shell_Omega=     73.3192 meV  off_shell_Omega=     73.3192 meV
     lambda___(   3 )=       0.000000   gamma___=       0.000000 meV  omega=    109.8774 meV   on_shell_Omega=    109.8799 meV  off_shell_Omega=    109.8799 meV
     lambda_tr(   3 )=       0.000000   gamma_tr=       0.000000 meV  omega=    109.8774 meV   on_shell_Omega=    109.8799 meV  off_shell_Omega=    109.8799 meV
     lambda___(   4 )=       0.000000   gamma___=       0.000000 meV  omega=    154.3190 meV   on_shell_Omega=    154.3079 meV  off_shell_Omega=    154.3079 meV
     lambda_tr(   4 )=       0.000000   gamma_tr=       0.000000 meV  omega=    154.3190 meV   on_shell_Omega=    154.3079 meV  off_shell_Omega=    154.3079 meV
     lambda___(   5 )=       0.000000   gamma___=       0.000000 meV  omega=    159.0782 meV   on_shell_Omega=    159.1260 meV  off_shell_Omega=    159.1260 meV
     lambda_tr(   5 )=       0.000000   gamma_tr=       0.000000 meV  omega=    159.0782 meV   on_shell_Omega=    159.1260 meV  off_shell_Omega=    159.1260 meV
     lambda___(   6 )=       0.000000   gamma___=       0.000000 meV  omega=    167.0051 meV   on_shell_Omega=    167.2579 meV  off_shell_Omega=    167.2905 meV
     lambda_tr(   6 )=       0.000000   gamma_tr=       0.000000 meV  omega=    167.0051 meV   on_shell_Omega=    167.2579 meV  off_shell_Omega=    167.2905 meV
     lambda___( tot )=       0.000000
     lambda_tr( tot )=       0.000000
     -------------------------------------------------------------------


     Number of (k,k+q) pairs on the Fermi surface:      302 out of      324


     ismear =     1 iq =     132 coord.:   0.38889  0.27778  0.00000 wt:   0.00309 Temp:  300.000K
     -------------------------------------------------------------------
     lambda___(   1 )=      -0.000000   gamma___=      -0.000000 meV  omega=     60.3294 meV   on_shell_Omega=     60.2723 meV  off_shell_Omega=     60.2723 meV
     lambda_tr(   1 )=      -0.000000   gamma_tr=      -0.000000 meV  omega=     60.3294 meV   on_shell_Omega=     60.2723 meV  off_shell_Omega=     60.2723 meV
     lambda___(   2 )=       0.000000   gamma___=       0.000000 meV  omega=     71.3242 meV   on_shell_Omega=     71.4218 meV  off_shell_Omega=     71.4218 meV
     lambda_tr(   2 )=       0.000000   gamma_tr=       0.000000 meV  omega=     71.3242 meV   on_shell_Omega=     71.4218 meV  off_shell_Omega=     71.4218 meV
     lambda___(   3 )=       0.000000   gamma___=       0.000000 meV  omega=    119.0819 meV   on_shell_Omega=    119.0842 meV  off_shell_Omega=    119.0842 meV
     lambda_tr(   3 )=       0.000000   gamma_tr=       0.000000 meV  omega=    119.0819 meV   on_shell_Omega=    119.0842 meV  off_shell_Omega=    119.0842 meV
     lambda___(   4 )=       0.000000   gamma___=       0.000000 meV  omega=    148.1571 meV   on_shell_Omega=    148.1646 meV  off_shell_Omega=    148.1646 meV
     lambda_tr(   4 )=       0.000000   gamma_tr=       0.000000 meV  omega=    148.1571 meV   on_shell_Omega=    148.1646 meV  off_shell_Omega=    148.1646 meV
     lambda___(   5 )=       0.000000   gamma___=       0.000000 meV  omega=    158.2074 meV   on_shell_Omega=    158.2149 meV  off_shell_Omega=    158.2149 meV
     lambda_tr(   5 )=       0.000000   gamma_tr=       0.000000 meV  omega=    158.2074 meV   on_shell_Omega=    158.2149 meV  off_shell_Omega=    158.2149 meV
     lambda___(   6 )=       0.000000   gamma___=       0.000000 meV  omega=    164.2275 meV   on_shell_Omega=    163.8016 meV  off_shell_Omega=    163.9068 meV
     lambda_tr(   6 )=       0.000000   gamma_tr=       0.000000 meV  omega=    164.2275 meV   on_shell_Omega=    163.8016 meV  off_shell_Omega=    163.9068 meV
     lambda___( tot )=       0.000000
     lambda_tr( tot )=       0.000000
     -------------------------------------------------------------------


     Number of (k,k+q) pairs on the Fermi surface:      302 out of      324


     ismear =     1 iq =     133 coord.:   0.38889  0.33333  0.00000 wt:   0.00309 Temp:  300.000K
     -------------------------------------------------------------------
     lambda___(   1 )=       0.000000   gamma___=       0.000000 meV  omega=     60.3294 meV   on_shell_Omega=     60.2618 meV  off_shell_Omega=     60.2618 meV
     lambda_tr(   1 )=       0.000000   gamma_tr=       0.000000 meV  omega=     60.3294 meV   on_shell_Omega=     60.2618 meV  off_shell_Omega=     60.2618 meV
     lambda___(   2 )=       0.000000   gamma___=       0.000000 meV  omega=     71.3242 meV   on_shell_Omega=     71.4490 meV  off_shell_Omega=     71.4490 meV
     lambda_tr(   2 )=       0.000000   gamma_tr=       0.000000 meV  omega=     71.3242 meV   on_shell_Omega=     71.4490 meV  off_shell_Omega=     71.4490 meV
     lambda___(   3 )=       0.000000   gamma___=       0.000000 meV  omega=    119.0819 meV   on_shell_Omega=    119.0826 meV  off_shell_Omega=    119.0826 meV
     lambda_tr(   3 )=       0.000000   gamma_tr=       0.000000 meV  omega=    119.0819 meV   on_shell_Omega=    119.0826 meV  off_shell_Omega=    119.0826 meV
     lambda___(   4 )=       0.000000   gamma___=       0.000000 meV  omega=    148.1571 meV   on_shell_Omega=    148.1546 meV  off_shell_Omega=    148.1546 meV
     lambda_tr(   4 )=       0.000000   gamma_tr=       0.000000 meV  omega=    148.1571 meV   on_shell_Omega=    148.1546 meV  off_shell_Omega=    148.1546 meV
     lambda___(   5 )=       0.000000   gamma___=       0.000000 meV  omega=    158.2074 meV   on_shell_Omega=    158.2101 meV  off_shell_Omega=    158.2101 meV
     lambda_tr(   5 )=       0.000000   gamma_tr=       0.000000 meV  omega=    158.2074 meV   on_shell_Omega=    158.2101 meV  off_shell_Omega=    158.2101 meV
     lambda___(   6 )=       0.000000   gamma___=       0.000000 meV  omega=    164.2275 meV   on_shell_Omega=    163.6510 meV  off_shell_Omega=    163.7063 meV
     lambda_tr(   6 )=       0.000000   gamma_tr=       0.000000 meV  omega=    164.2275 meV   on_shell_Omega=    163.6510 meV  off_shell_Omega=    163.7063 meV
     lambda___( tot )=       0.000000
     lambda_tr( tot )=       0.000000
     -------------------------------------------------------------------


     Number of (k,k+q) pairs on the Fermi surface:      302 out of      324


     ismear =     1 iq =     134 coord.:   0.38889  0.38889  0.00000 wt:   0.00309 Temp:  300.000K
     -------------------------------------------------------------------
     lambda___(   1 )=       0.000000   gamma___=       0.000000 meV  omega=     59.2217 meV   on_shell_Omega=     59.1526 meV  off_shell_Omega=     59.1526 meV
     lambda_tr(   1 )=       0.000000   gamma_tr=       0.000000 meV  omega=     59.2217 meV   on_shell_Omega=     59.1526 meV  off_shell_Omega=     59.1526 meV
     lambda___(   2 )=       0.000000   gamma___=       0.000000 meV  omega=     73.2563 meV   on_shell_Omega=     73.3636 meV  off_shell_Omega=     73.3636 meV
     lambda_tr(   2 )=       0.000000   gamma_tr=       0.000000 meV  omega=     73.2563 meV   on_shell_Omega=     73.3636 meV  off_shell_Omega=     73.3636 meV
     lambda___(   3 )=       0.000000   gamma___=       0.000000 meV  omega=    109.8774 meV   on_shell_Omega=    109.8802 meV  off_shell_Omega=    109.8802 meV
     lambda_tr(   3 )=       0.000000   gamma_tr=       0.000000 meV  omega=    109.8774 meV   on_shell_Omega=    109.8802 meV  off_shell_Omega=    109.8802 meV
     lambda___(   4 )=       0.000000   gamma___=       0.000000 meV  omega=    154.3190 meV   on_shell_Omega=    154.3160 meV  off_shell_Omega=    154.3160 meV
     lambda_tr(   4 )=       0.000000   gamma_tr=       0.000000 meV  omega=    154.3190 meV   on_shell_Omega=    154.3160 meV  off_shell_Omega=    154.3160 meV
     lambda___(   5 )=       0.000000   gamma___=       0.000000 meV  omega=    159.0782 meV   on_shell_Omega=    159.1234 meV  off_shell_Omega=    159.1234 meV
     lambda_tr(   5 )=       0.000000   gamma_tr=       0.000000 meV  omega=    159.0782 meV   on_shell_Omega=    159.1234 meV  off_shell_Omega=    159.1234 meV
     lambda___(   6 )=       0.000000   gamma___=       0.000000 meV  omega=    167.0051 meV   on_shell_Omega=    167.1493 meV  off_shell_Omega=    167.0866 meV
     lambda_tr(   6 )=       0.000000   gamma_tr=       0.000000 meV  omega=    167.0051 meV   on_shell_Omega=    167.1493 meV  off_shell_Omega=    167.0866 meV
     lambda___( tot )=       0.000000
     lambda_tr( tot )=       0.000000
     -------------------------------------------------------------------


     Number of (k,k+q) pairs on the Fermi surface:      303 out of      324


     ismear =     1 iq =     135 coord.:   0.38889  0.44444  0.00000 wt:   0.00309 Temp:  300.000K
     -------------------------------------------------------------------
     lambda___(   1 )=       0.000000   gamma___=       0.000000 meV  omega=     56.8551 meV   on_shell_Omega=     56.8562 meV  off_shell_Omega=     56.8562 meV
     lambda_tr(   1 )=       0.000000   gamma_tr=       0.000000 meV  omega=     56.8551 meV   on_shell_Omega=     56.8562 meV  off_shell_Omega=     56.8562 meV
     lambda___(   2 )=       0.000000   gamma___=       0.000000 meV  omega=     76.7167 meV   on_shell_Omega=     76.7657 meV  off_shell_Omega=     76.7657 meV
     lambda_tr(   2 )=       0.000000   gamma_tr=       0.000000 meV  omega=     76.7167 meV   on_shell_Omega=     76.7657 meV  off_shell_Omega=     76.7657 meV
     lambda___(   3 )=       0.000000   gamma___=       0.000000 meV  omega=     98.2847 meV   on_shell_Omega=     98.2877 meV  off_shell_Omega=     98.2877 meV
     lambda_tr(   3 )=       0.000000   gamma_tr=       0.000000 meV  omega=     98.2847 meV   on_shell_Omega=     98.2877 meV  off_shell_Omega=     98.2877 meV
     lambda___(   4 )=       0.000000   gamma___=       0.000000 meV  omega=    154.7530 meV   on_shell_Omega=    154.7602 meV  off_shell_Omega=    154.7602 meV
     lambda_tr(   4 )=       0.000000   gamma_tr=       0.000000 meV  omega=    154.7530 meV   on_shell_Omega=    154.7602 meV  off_shell_Omega=    154.7602 meV
     lambda___(   5 )=       0.000000   gamma___=       0.000000 meV  omega=    165.9419 meV   on_shell_Omega=    165.9621 meV  off_shell_Omega=    165.9621 meV
     lambda_tr(   5 )=       0.000000   gamma_tr=       0.000000 meV  omega=    165.9419 meV   on_shell_Omega=    165.9621 meV  off_shell_Omega=    165.9621 meV
     lambda___(   6 )=       0.000000   gamma___=       0.000000 meV  omega=    170.5417 meV   on_shell_Omega=    170.7602 meV  off_shell_Omega=    170.6250 meV
     lambda_tr(   6 )=       0.000000   gamma_tr=       0.000000 meV  omega=    170.5417 meV   on_shell_Omega=    170.7602 meV  off_shell_Omega=    170.6250 meV
     lambda___( tot )=       0.000000
     lambda_tr( tot )=       0.000000
     -------------------------------------------------------------------


     Number of (k,k+q) pairs on the Fermi surface:      303 out of      324


     ismear =     1 iq =     136 coord.:   0.38889  0.50000  0.00000 wt:   0.00309 Temp:  300.000K
     -------------------------------------------------------------------
     lambda___(   1 )=       0.000000   gamma___=       0.000000 meV  omega=     53.2899 meV   on_shell_Omega=     53.3043 meV  off_shell_Omega=     53.3043 meV
     lambda_tr(   1 )=       0.000000   gamma_tr=       0.000000 meV  omega=     53.2899 meV   on_shell_Omega=     53.3043 meV  off_shell_Omega=     53.3043 meV
     lambda___(   2 )=       0.000000   gamma___=       0.000000 meV  omega=     80.9301 meV   on_shell_Omega=     80.9561 meV  off_shell_Omega=     80.9561 meV
     lambda_tr(   2 )=       0.000000   gamma_tr=       0.000000 meV  omega=     80.9301 meV   on_shell_Omega=     80.9561 meV  off_shell_Omega=     80.9561 meV
     lambda___(   3 )=       0.000000   gamma___=       0.000000 meV  omega=     87.2212 meV   on_shell_Omega=     87.2235 meV  off_shell_Omega=     87.2235 meV
     lambda_tr(   3 )=       0.000000   gamma_tr=       0.000000 meV  omega=     87.2212 meV   on_shell_Omega=     87.2235 meV  off_shell_Omega=     87.2235 meV
     lambda___(   4 )=       0.000000   gamma___=       0.000000 meV  omega=    152.1278 meV   on_shell_Omega=    152.1350 meV  off_shell_Omega=    152.1350 meV
     lambda_tr(   4 )=       0.000000   gamma_tr=       0.000000 meV  omega=    152.1278 meV   on_shell_Omega=    152.1350 meV  off_shell_Omega=    152.1350 meV
     lambda___(   5 )=       0.000000   gamma___=       0.000000 meV  omega=    172.6987 meV   on_shell_Omega=    172.7402 meV  off_shell_Omega=    172.7402 meV
     lambda_tr(   5 )=       0.000000   gamma_tr=       0.000000 meV  omega=    172.6987 meV   on_shell_Omega=    172.7402 meV  off_shell_Omega=    172.7402 meV
     lambda___(   6 )=       0.000000   gamma___=       0.000000 meV  omega=    174.0168 meV   on_shell_Omega=    174.1268 meV  off_shell_Omega=    174.1268 meV
     lambda_tr(   6 )=       0.000000   gamma_tr=       0.000000 meV  omega=    174.0168 meV   on_shell_Omega=    174.1268 meV  off_shell_Omega=    174.1268 meV
     lambda___( tot )=       0.000000
     lambda_tr( tot )=       0.000000
     -------------------------------------------------------------------


     Number of (k,k+q) pairs on the Fermi surface:      303 out of      324


     ismear =     1 iq =     137 coord.:   0.38889  0.55556  0.00000 wt:   0.00309 Temp:  300.000K
     -------------------------------------------------------------------
     lambda___(   1 )=       0.000000   gamma___=       0.000000 meV  omega=     48.7209 meV   on_shell_Omega=     48.7445 meV  off_shell_Omega=     48.7445 meV
     lambda_tr(   1 )=      -0.000000   gamma_tr=      -0.000000 meV  omega=     48.7209 meV   on_shell_Omega=     48.7445 meV  off_shell_Omega=     48.7445 meV
     lambda___(   2 )=       0.000000   gamma___=       0.000000 meV  omega=     78.5229 meV   on_shell_Omega=     78.5240 meV  off_shell_Omega=     78.5240 meV
     lambda_tr(   2 )=      -0.000000   gamma_tr=      -0.000000 meV  omega=     78.5229 meV   on_shell_Omega=     78.5240 meV  off_shell_Omega=     78.5240 meV
     lambda___(   3 )=       0.000000   gamma___=       0.000000 meV  omega=     85.1887 meV   on_shell_Omega=     85.2046 meV  off_shell_Omega=     85.2046 meV
     lambda_tr(   3 )=      -0.000000   gamma_tr=      -0.000000 meV  omega=     85.1887 meV   on_shell_Omega=     85.2046 meV  off_shell_Omega=     85.2046 meV
     lambda___(   4 )=       0.000000   gamma___=       0.000000 meV  omega=    147.4393 meV   on_shell_Omega=    147.4482 meV  off_shell_Omega=    147.4482 meV
     lambda_tr(   4 )=       0.000000   gamma_tr=       0.000000 meV  omega=    147.4393 meV   on_shell_Omega=    147.4482 meV  off_shell_Omega=    147.4482 meV
     lambda___(   5 )=       0.000000   gamma___=       0.000000 meV  omega=    174.7024 meV   on_shell_Omega=    174.8010 meV  off_shell_Omega=    174.8010 meV
     lambda_tr(   5 )=       0.000000   gamma_tr=       0.000000 meV  omega=    174.7024 meV   on_shell_Omega=    174.8010 meV  off_shell_Omega=    174.8010 meV
     lambda___(   6 )=       0.000000   gamma___=       0.000000 meV  omega=    180.0388 meV   on_shell_Omega=    180.0790 meV  off_shell_Omega=    180.0790 meV
     lambda_tr(   6 )=       0.000000   gamma_tr=       0.000000 meV  omega=    180.0388 meV   on_shell_Omega=    180.0790 meV  off_shell_Omega=    180.0790 meV
     lambda___( tot )=       0.000000
     lambda_tr( tot )=       0.000000
     -------------------------------------------------------------------


     Number of (k,k+q) pairs on the Fermi surface:      304 out of      324


     ismear =     1 iq =     138 coord.:   0.38889  0.61111  0.00000 wt:   0.00309 Temp:  300.000K
     -------------------------------------------------------------------
     lambda___(   1 )=      -0.000000   gamma___=      -0.000000 meV  omega=     43.5112 meV   on_shell_Omega=     43.5199 meV  off_shell_Omega=     43.5199 meV
     lambda_tr(   1 )=      -0.000000   gamma_tr=      -0.000000 meV  omega=     43.5112 meV   on_shell_Omega=     43.5199 meV  off_shell_Omega=     43.5199 meV
     lambda___(   2 )=      -0.000000   gamma___=      -0.000000 meV  omega=     73.9240 meV   on_shell_Omega=     73.9247 meV  off_shell_Omega=     73.9247 meV
     lambda_tr(   2 )=       0.000000   gamma_tr=       0.000000 meV  omega=     73.9240 meV   on_shell_Omega=     73.9247 meV  off_shell_Omega=     73.9247 meV
     lambda___(   3 )=      -0.000000   gamma___=      -0.000000 meV  omega=     88.9894 meV   on_shell_Omega=     89.0151 meV  off_shell_Omega=     89.0151 meV
     lambda_tr(   3 )=      -0.000000   gamma_tr=      -0.000000 meV  omega=     88.9894 meV   on_shell_Omega=     89.0151 meV  off_shell_Omega=     89.0151 meV
     lambda___(   4 )=       0.000000   gamma___=       0.000000 meV  omega=    140.6385 meV   on_shell_Omega=    140.6512 meV  off_shell_Omega=    140.6512 meV
     lambda_tr(   4 )=      -0.000000   gamma_tr=      -0.000000 meV  omega=    140.6385 meV   on_shell_Omega=    140.6512 meV  off_shell_Omega=    140.6512 meV
     lambda___(   5 )=       0.000000   gamma___=       0.000000 meV  omega=    175.9536 meV   on_shell_Omega=    176.0747 meV  off_shell_Omega=    176.0747 meV
     lambda_tr(   5 )=      -0.000000   gamma_tr=      -0.000000 meV  omega=    175.9536 meV   on_shell_Omega=    176.0747 meV  off_shell_Omega=    176.0747 meV
     lambda___(   6 )=       0.000000   gamma___=       0.000000 meV  omega=    184.8010 meV   on_shell_Omega=    184.8561 meV  off_shell_Omega=    184.8561 meV
     lambda_tr(   6 )=      -0.000000   gamma_tr=      -0.000000 meV  omega=    184.8010 meV   on_shell_Omega=    184.8561 meV  off_shell_Omega=    184.8561 meV
     lambda___( tot )=       0.000000
     lambda_tr( tot )=      -0.000000
     -------------------------------------------------------------------


     Number of (k,k+q) pairs on the Fermi surface:      303 out of      324


     ismear =     1 iq =     139 coord.:   0.38889  0.66667  0.00000 wt:   0.00309 Temp:  300.000K
     -------------------------------------------------------------------
     lambda___(   1 )=       0.000000   gamma___=       0.000000 meV  omega=     38.3702 meV   on_shell_Omega=     38.3957 meV  off_shell_Omega=     38.3957 meV
     lambda_tr(   1 )=       0.000000   gamma_tr=       0.000000 meV  omega=     38.3702 meV   on_shell_Omega=     38.3957 meV  off_shell_Omega=     38.3957 meV
     lambda___(   2 )=       0.000000   gamma___=       0.000000 meV  omega=     74.4774 meV   on_shell_Omega=     74.4821 meV  off_shell_Omega=     74.4821 meV
     lambda_tr(   2 )=       0.000000   gamma_tr=       0.000000 meV  omega=     74.4774 meV   on_shell_Omega=     74.4821 meV  off_shell_Omega=     74.4821 meV
     lambda___(   3 )=       0.000000   gamma___=       0.000000 meV  omega=     91.9608 meV   on_shell_Omega=     91.9892 meV  off_shell_Omega=     91.9892 meV
     lambda_tr(   3 )=       0.000000   gamma_tr=       0.000000 meV  omega=     91.9608 meV   on_shell_Omega=     91.9892 meV  off_shell_Omega=     91.9892 meV
     lambda___(   4 )=       0.000000   gamma___=       0.000000 meV  omega=    132.3524 meV   on_shell_Omega=    132.3708 meV  off_shell_Omega=    132.3708 meV
     lambda_tr(   4 )=       0.000000   gamma_tr=       0.000000 meV  omega=    132.3524 meV   on_shell_Omega=    132.3708 meV  off_shell_Omega=    132.3708 meV
     lambda___(   5 )=       0.000000   gamma___=       0.000000 meV  omega=    176.6114 meV   on_shell_Omega=    176.7061 meV  off_shell_Omega=    176.7061 meV
     lambda_tr(   5 )=       0.000000   gamma_tr=       0.000000 meV  omega=    176.6114 meV   on_shell_Omega=    176.7061 meV  off_shell_Omega=    176.7061 meV
     lambda___(   6 )=       0.000000   gamma___=       0.000000 meV  omega=    187.7251 meV   on_shell_Omega=    187.8096 meV  off_shell_Omega=    187.8096 meV
     lambda_tr(   6 )=       0.000000   gamma_tr=       0.000000 meV  omega=    187.7251 meV   on_shell_Omega=    187.8096 meV  off_shell_Omega=    187.8096 meV
     lambda___( tot )=       0.000000
     lambda_tr( tot )=       0.000000
     -------------------------------------------------------------------


     Number of (k,k+q) pairs on the Fermi surface:      302 out of      324


     ismear =     1 iq =     140 coord.:   0.38889  0.72222  0.00000 wt:   0.00309 Temp:  300.000K
     -------------------------------------------------------------------
     lambda___(   1 )=      -0.000000   gamma___=      -0.000000 meV  omega=     34.2889 meV   on_shell_Omega=     34.2847 meV  off_shell_Omega=     34.2847 meV
     lambda_tr(   1 )=      -0.000000   gamma_tr=      -0.000000 meV  omega=     34.2889 meV   on_shell_Omega=     34.2847 meV  off_shell_Omega=     34.2847 meV
     lambda___(   2 )=      -0.000000   gamma___=      -0.000000 meV  omega=     79.2217 meV   on_shell_Omega=     79.2367 meV  off_shell_Omega=     79.2367 meV
     lambda_tr(   2 )=      -0.000000   gamma_tr=      -0.000000 meV  omega=     79.2217 meV   on_shell_Omega=     79.2367 meV  off_shell_Omega=     79.2367 meV
     lambda___(   3 )=      -0.000000   gamma___=      -0.000000 meV  omega=     93.8930 meV   on_shell_Omega=     93.9369 meV  off_shell_Omega=     93.9369 meV
     lambda_tr(   3 )=      -0.000000   gamma_tr=      -0.000000 meV  omega=     93.8930 meV   on_shell_Omega=     93.9369 meV  off_shell_Omega=     93.9369 meV
     lambda___(   4 )=       0.000000   gamma___=       0.000000 meV  omega=    123.8240 meV   on_shell_Omega=    123.8364 meV  off_shell_Omega=    123.8364 meV
     lambda_tr(   4 )=       0.000000   gamma_tr=       0.000000 meV  omega=    123.8240 meV   on_shell_Omega=    123.8364 meV  off_shell_Omega=    123.8364 meV
     lambda___(   5 )=       0.000000   gamma___=       0.000000 meV  omega=    176.4628 meV   on_shell_Omega=    176.6621 meV  off_shell_Omega=    176.5489 meV
     lambda_tr(   5 )=       0.000000   gamma_tr=       0.000000 meV  omega=    176.4628 meV   on_shell_Omega=    176.6621 meV  off_shell_Omega=    176.5489 meV
     lambda___(   6 )=       0.000000   gamma___=       0.000000 meV  omega=    188.8675 meV   on_shell_Omega=    188.9395 meV  off_shell_Omega=    188.9395 meV
     lambda_tr(   6 )=       0.000000   gamma_tr=       0.000000 meV  omega=    188.8675 meV   on_shell_Omega=    188.9395 meV  off_shell_Omega=    188.9395 meV
     lambda___( tot )=       0.000000
     lambda_tr( tot )=       0.000000
     -------------------------------------------------------------------


     Number of (k,k+q) pairs on the Fermi surface:      302 out of      324


     ismear =     1 iq =     141 coord.:   0.38889  0.77778  0.00000 wt:   0.00309 Temp:  300.000K
     -------------------------------------------------------------------
     lambda___(   1 )=      -0.000000   gamma___=      -0.000000 meV  omega=     32.0867 meV   on_shell_Omega=     32.1098 meV  off_shell_Omega=     32.1098 meV
     lambda_tr(   1 )=      -0.000000   gamma_tr=      -0.000000 meV  omega=     32.0867 meV   on_shell_Omega=     32.1098 meV  off_shell_Omega=     32.1098 meV
     lambda___(   2 )=      -0.000000   gamma___=      -0.000000 meV  omega=     84.4293 meV   on_shell_Omega=     84.4673 meV  off_shell_Omega=     84.4673 meV
     lambda_tr(   2 )=      -0.000000   gamma_tr=      -0.000000 meV  omega=     84.4293 meV   on_shell_Omega=     84.4673 meV  off_shell_Omega=     84.4673 meV
     lambda___(   3 )=       0.000000   gamma___=       0.000000 meV  omega=     94.8006 meV   on_shell_Omega=     94.8476 meV  off_shell_Omega=     94.8476 meV
     lambda_tr(   3 )=      -0.000000   gamma_tr=      -0.000000 meV  omega=     94.8006 meV   on_shell_Omega=     94.8476 meV  off_shell_Omega=     94.8476 meV
     lambda___(   4 )=       0.000000   gamma___=       0.000000 meV  omega=    117.4248 meV   on_shell_Omega=    117.4334 meV  off_shell_Omega=    117.4334 meV
     lambda_tr(   4 )=       0.000000   gamma_tr=       0.000000 meV  omega=    117.4248 meV   on_shell_Omega=    117.4334 meV  off_shell_Omega=    117.4334 meV
     lambda___(   5 )=       0.000000   gamma___=       0.000000 meV  omega=    175.9984 meV   on_shell_Omega=    176.2956 meV  off_shell_Omega=    176.2992 meV
     lambda_tr(   5 )=       0.000000   gamma_tr=       0.000000 meV  omega=    175.9984 meV   on_shell_Omega=    176.2956 meV  off_shell_Omega=    176.2992 meV
     lambda___(   6 )=       0.000000   gamma___=       0.000000 meV  omega=    189.0014 meV   on_shell_Omega=    189.0768 meV  off_shell_Omega=    189.0768 meV
     lambda_tr(   6 )=       0.000000   gamma_tr=       0.000000 meV  omega=    189.0014 meV   on_shell_Omega=    189.0768 meV  off_shell_Omega=    189.0768 meV
     lambda___( tot )=       0.000000
     lambda_tr( tot )=       0.000000
     -------------------------------------------------------------------


     Number of (k,k+q) pairs on the Fermi surface:      302 out of      324


     ismear =     1 iq =     142 coord.:   0.38889  0.83333  0.00000 wt:   0.00309 Temp:  300.000K
     -------------------------------------------------------------------
     lambda___(   1 )=      -0.000000   gamma___=      -0.000000 meV  omega=     32.0867 meV   on_shell_Omega=     32.0963 meV  off_shell_Omega=     32.0963 meV
     lambda_tr(   1 )=      -0.000000   gamma_tr=      -0.000000 meV  omega=     32.0867 meV   on_shell_Omega=     32.0963 meV  off_shell_Omega=     32.0963 meV
     lambda___(   2 )=      -0.000000   gamma___=      -0.000000 meV  omega=     84.4293 meV   on_shell_Omega=     84.4694 meV  off_shell_Omega=     84.4694 meV
     lambda_tr(   2 )=      -0.000000   gamma_tr=      -0.000000 meV  omega=     84.4293 meV   on_shell_Omega=     84.4694 meV  off_shell_Omega=     84.4694 meV
     lambda___(   3 )=       0.000000   gamma___=       0.000000 meV  omega=     94.8006 meV   on_shell_Omega=     94.8457 meV  off_shell_Omega=     94.8457 meV
     lambda_tr(   3 )=       0.000000   gamma_tr=       0.000000 meV  omega=     94.8006 meV   on_shell_Omega=     94.8457 meV  off_shell_Omega=     94.8457 meV
     lambda___(   4 )=       0.000000   gamma___=       0.000000 meV  omega=    117.4248 meV   on_shell_Omega=    117.4324 meV  off_shell_Omega=    117.4324 meV
     lambda_tr(   4 )=       0.000000   gamma_tr=       0.000000 meV  omega=    117.4248 meV   on_shell_Omega=    117.4324 meV  off_shell_Omega=    117.4324 meV
     lambda___(   5 )=       0.000000   gamma___=       0.000000 meV  omega=    175.9984 meV   on_shell_Omega=    176.2143 meV  off_shell_Omega=    176.0843 meV
     lambda_tr(   5 )=       0.000000   gamma_tr=       0.000000 meV  omega=    175.9984 meV   on_shell_Omega=    176.2143 meV  off_shell_Omega=    176.0843 meV
     lambda___(   6 )=       0.000000   gamma___=       0.000000 meV  omega=    189.0014 meV   on_shell_Omega=    189.0777 meV  off_shell_Omega=    189.0777 meV
     lambda_tr(   6 )=       0.000000   gamma_tr=       0.000000 meV  omega=    189.0014 meV   on_shell_Omega=    189.0777 meV  off_shell_Omega=    189.0777 meV
     lambda___( tot )=       0.000000
     lambda_tr( tot )=       0.000000
     -------------------------------------------------------------------


     Number of (k,k+q) pairs on the Fermi surface:      302 out of      324


     ismear =     1 iq =     143 coord.:   0.38889  0.88889  0.00000 wt:   0.00309 Temp:  300.000K
     -------------------------------------------------------------------
     lambda___(   1 )=       0.000000   gamma___=       0.000000 meV  omega=     34.2889 meV   on_shell_Omega=     34.2916 meV  off_shell_Omega=     34.2916 meV
     lambda_tr(   1 )=       0.000000   gamma_tr=       0.000000 meV  omega=     34.2889 meV   on_shell_Omega=     34.2916 meV  off_shell_Omega=     34.2916 meV
     lambda___(   2 )=       0.000000   gamma___=       0.000000 meV  omega=     79.2217 meV   on_shell_Omega=     79.2371 meV  off_shell_Omega=     79.2371 meV
     lambda_tr(   2 )=       0.000000   gamma_tr=       0.000000 meV  omega=     79.2217 meV   on_shell_Omega=     79.2371 meV  off_shell_Omega=     79.2371 meV
     lambda___(   3 )=       0.000000   gamma___=       0.000000 meV  omega=     93.8930 meV   on_shell_Omega=     93.9324 meV  off_shell_Omega=     93.9324 meV
     lambda_tr(   3 )=       0.000000   gamma_tr=       0.000000 meV  omega=     93.8930 meV   on_shell_Omega=     93.9324 meV  off_shell_Omega=     93.9324 meV
     lambda___(   4 )=       0.000000   gamma___=       0.000000 meV  omega=    123.8240 meV   on_shell_Omega=    123.8417 meV  off_shell_Omega=    123.8417 meV
     lambda_tr(   4 )=       0.000000   gamma_tr=       0.000000 meV  omega=    123.8240 meV   on_shell_Omega=    123.8417 meV  off_shell_Omega=    123.8417 meV
     lambda___(   5 )=       0.000000   gamma___=       0.000000 meV  omega=    176.4628 meV   on_shell_Omega=    176.6267 meV  off_shell_Omega=    176.5489 meV
     lambda_tr(   5 )=      -0.000000   gamma_tr=      -0.000000 meV  omega=    176.4628 meV   on_shell_Omega=    176.6267 meV  off_shell_Omega=    176.5489 meV
     lambda___(   6 )=       0.000000   gamma___=       0.000000 meV  omega=    188.8675 meV   on_shell_Omega=    188.9419 meV  off_shell_Omega=    188.9419 meV
     lambda_tr(   6 )=      -0.000000   gamma_tr=      -0.000000 meV  omega=    188.8675 meV   on_shell_Omega=    188.9419 meV  off_shell_Omega=    188.9419 meV
     lambda___( tot )=       0.000000
     lambda_tr( tot )=      -0.000000
     -------------------------------------------------------------------


     Number of (k,k+q) pairs on the Fermi surface:      303 out of      324


     ismear =     1 iq =     144 coord.:   0.38889  0.94444  0.00000 wt:   0.00309 Temp:  300.000K
     -------------------------------------------------------------------
     lambda___(   1 )=      -0.000000   gamma___=      -0.000000 meV  omega=     38.3702 meV   on_shell_Omega=     38.3715 meV  off_shell_Omega=     38.3715 meV
     lambda_tr(   1 )=      -0.000000   gamma_tr=      -0.000000 meV  omega=     38.3702 meV   on_shell_Omega=     38.3715 meV  off_shell_Omega=     38.3715 meV
     lambda___(   2 )=      -0.000000   gamma___=      -0.000000 meV  omega=     74.4774 meV   on_shell_Omega=     74.4805 meV  off_shell_Omega=     74.4805 meV
     lambda_tr(   2 )=      -0.000000   gamma_tr=      -0.000000 meV  omega=     74.4774 meV   on_shell_Omega=     74.4805 meV  off_shell_Omega=     74.4805 meV
     lambda___(   3 )=      -0.000000   gamma___=      -0.000000 meV  omega=     91.9608 meV   on_shell_Omega=     91.9887 meV  off_shell_Omega=     91.9887 meV
     lambda_tr(   3 )=      -0.000000   gamma_tr=      -0.000000 meV  omega=     91.9608 meV   on_shell_Omega=     91.9887 meV  off_shell_Omega=     91.9887 meV
     lambda___(   4 )=       0.000000   gamma___=       0.000000 meV  omega=    132.3524 meV   on_shell_Omega=    132.3738 meV  off_shell_Omega=    132.3738 meV
     lambda_tr(   4 )=       0.000000   gamma_tr=       0.000000 meV  omega=    132.3524 meV   on_shell_Omega=    132.3738 meV  off_shell_Omega=    132.3738 meV
     lambda___(   5 )=       0.000000   gamma___=       0.000000 meV  omega=    176.6114 meV   on_shell_Omega=    176.7322 meV  off_shell_Omega=    176.7322 meV
     lambda_tr(   5 )=       0.000000   gamma_tr=       0.000000 meV  omega=    176.6114 meV   on_shell_Omega=    176.7322 meV  off_shell_Omega=    176.7322 meV
     lambda___(   6 )=       0.000000   gamma___=       0.000000 meV  omega=    187.7251 meV   on_shell_Omega=    187.7976 meV  off_shell_Omega=    187.7976 meV
     lambda_tr(   6 )=       0.000000   gamma_tr=       0.000000 meV  omega=    187.7251 meV   on_shell_Omega=    187.7976 meV  off_shell_Omega=    187.7976 meV
     lambda___( tot )=      -0.000000
     lambda_tr( tot )=      -0.000000
     -------------------------------------------------------------------


     Number of (k,k+q) pairs on the Fermi surface:      302 out of      324


     ismear =     1 iq =     145 coord.:   0.44444  0.00000  0.00000 wt:   0.00309 Temp:  300.000K
     -------------------------------------------------------------------
     lambda___(   1 )=       0.000000   gamma___=       0.000000 meV  omega=     53.1306 meV   on_shell_Omega=     53.1596 meV  off_shell_Omega=     53.1596 meV
     lambda_tr(   1 )=       0.000000   gamma_tr=       0.000000 meV  omega=     53.1306 meV   on_shell_Omega=     53.1596 meV  off_shell_Omega=     53.1596 meV
     lambda___(   2 )=       0.000000   gamma___=       0.000000 meV  omega=     76.7858 meV   on_shell_Omega=     76.7864 meV  off_shell_Omega=     76.7864 meV
     lambda_tr(   2 )=       0.000000   gamma_tr=       0.000000 meV  omega=     76.7858 meV   on_shell_Omega=     76.7864 meV  off_shell_Omega=     76.7864 meV
     lambda___(   3 )=       0.000000   gamma___=       0.000000 meV  omega=     82.1742 meV   on_shell_Omega=     82.2029 meV  off_shell_Omega=     82.2029 meV
     lambda_tr(   3 )=       0.000000   gamma_tr=       0.000000 meV  omega=     82.1742 meV   on_shell_Omega=     82.2029 meV  off_shell_Omega=     82.2029 meV
     lambda___(   4 )=       0.000000   gamma___=       0.000000 meV  omega=    154.4491 meV   on_shell_Omega=    154.4651 meV  off_shell_Omega=    154.4651 meV
     lambda_tr(   4 )=       0.000000   gamma_tr=       0.000000 meV  omega=    154.4491 meV   on_shell_Omega=    154.4651 meV  off_shell_Omega=    154.4651 meV
     lambda___(   5 )=       0.000000   gamma___=       0.000000 meV  omega=    174.3846 meV   on_shell_Omega=    174.4360 meV  off_shell_Omega=    174.4360 meV
     lambda_tr(   5 )=       0.000000   gamma_tr=       0.000000 meV  omega=    174.3846 meV   on_shell_Omega=    174.4360 meV  off_shell_Omega=    174.4360 meV
     lambda___(   6 )=       0.000000   gamma___=       0.000000 meV  omega=    176.6245 meV   on_shell_Omega=    176.6564 meV  off_shell_Omega=    176.6564 meV
     lambda_tr(   6 )=       0.000000   gamma_tr=       0.000000 meV  omega=    176.6245 meV   on_shell_Omega=    176.6564 meV  off_shell_Omega=    176.6564 meV
     lambda___( tot )=       0.000000
     lambda_tr( tot )=       0.000000
     -------------------------------------------------------------------


     Number of (k,k+q) pairs on the Fermi surface:      302 out of      324


     ismear =     1 iq =     146 coord.:   0.44444  0.05556  0.00000 wt:   0.00309 Temp:  300.000K
     -------------------------------------------------------------------
     lambda___(   1 )=       0.000000   gamma___=       0.000000 meV  omega=     56.6646 meV   on_shell_Omega=     56.7199 meV  off_shell_Omega=     56.7199 meV
     lambda_tr(   1 )=       0.000000   gamma_tr=       0.000000 meV  omega=     56.6646 meV   on_shell_Omega=     56.7199 meV  off_shell_Omega=     56.7199 meV
     lambda___(   2 )=       0.000000   gamma___=       0.000000 meV  omega=     79.0616 meV   on_shell_Omega=     79.0875 meV  off_shell_Omega=     79.0875 meV
     lambda_tr(   2 )=       0.000000   gamma_tr=       0.000000 meV  omega=     79.0616 meV   on_shell_Omega=     79.0875 meV  off_shell_Omega=     79.0875 meV
     lambda___(   3 )=       0.000000   gamma___=       0.000000 meV  omega=     80.2962 meV   on_shell_Omega=     80.2971 meV  off_shell_Omega=     80.2971 meV
     lambda_tr(   3 )=       0.000000   gamma_tr=       0.000000 meV  omega=     80.2962 meV   on_shell_Omega=     80.2971 meV  off_shell_Omega=     80.2971 meV
     lambda___(   4 )=       0.000000   gamma___=       0.000000 meV  omega=    160.2045 meV   on_shell_Omega=    160.2116 meV  off_shell_Omega=    160.2116 meV
     lambda_tr(   4 )=       0.000000   gamma_tr=       0.000000 meV  omega=    160.2045 meV   on_shell_Omega=    160.2116 meV  off_shell_Omega=    160.2116 meV
     lambda___(   5 )=       0.000000   gamma___=       0.000000 meV  omega=    170.8221 meV   on_shell_Omega=    170.8441 meV  off_shell_Omega=    170.8441 meV
     lambda_tr(   5 )=       0.000000   gamma_tr=       0.000000 meV  omega=    170.8221 meV   on_shell_Omega=    170.8441 meV  off_shell_Omega=    170.8441 meV
     lambda___(   6 )=       0.000000   gamma___=       0.000000 meV  omega=    173.7610 meV   on_shell_Omega=    173.8209 meV  off_shell_Omega=    173.8209 meV
     lambda_tr(   6 )=       0.000000   gamma_tr=       0.000000 meV  omega=    173.7610 meV   on_shell_Omega=    173.8209 meV  off_shell_Omega=    173.8209 meV
     lambda___( tot )=       0.000000
     lambda_tr( tot )=       0.000000
     -------------------------------------------------------------------


     Number of (k,k+q) pairs on the Fermi surface:      302 out of      324


     ismear =     1 iq =     147 coord.:   0.44444  0.11111  0.00000 wt:   0.00309 Temp:  300.000K
     -------------------------------------------------------------------
     lambda___(   1 )=       0.000000   gamma___=       0.000000 meV  omega=     57.9753 meV   on_shell_Omega=     57.9935 meV  off_shell_Omega=     57.9935 meV
     lambda_tr(   1 )=       0.000000   gamma_tr=       0.000000 meV  omega=     57.9753 meV   on_shell_Omega=     57.9935 meV  off_shell_Omega=     57.9935 meV
     lambda___(   2 )=       0.000000   gamma___=       0.000000 meV  omega=     77.0507 meV   on_shell_Omega=     77.0784 meV  off_shell_Omega=     77.0784 meV
     lambda_tr(   2 )=       0.000000   gamma_tr=       0.000000 meV  omega=     77.0507 meV   on_shell_Omega=     77.0784 meV  off_shell_Omega=     77.0784 meV
     lambda___(   3 )=       0.000000   gamma___=       0.000000 meV  omega=     88.0632 meV   on_shell_Omega=     88.0648 meV  off_shell_Omega=     88.0648 meV
     lambda_tr(   3 )=       0.000000   gamma_tr=       0.000000 meV  omega=     88.0632 meV   on_shell_Omega=     88.0648 meV  off_shell_Omega=     88.0648 meV
     lambda___(   4 )=       0.000000   gamma___=       0.000000 meV  omega=    162.4187 meV   on_shell_Omega=    162.3958 meV  off_shell_Omega=    162.3958 meV
     lambda_tr(   4 )=       0.000000   gamma_tr=       0.000000 meV  omega=    162.4187 meV   on_shell_Omega=    162.3958 meV  off_shell_Omega=    162.3958 meV
     lambda___(   5 )=       0.000000   gamma___=       0.000000 meV  omega=    164.9502 meV   on_shell_Omega=    165.0049 meV  off_shell_Omega=    165.0049 meV
     lambda_tr(   5 )=       0.000000   gamma_tr=       0.000000 meV  omega=    164.9502 meV   on_shell_Omega=    165.0049 meV  off_shell_Omega=    165.0049 meV
     lambda___(   6 )=       0.000000   gamma___=       0.000000 meV  omega=    172.6068 meV   on_shell_Omega=    172.7605 meV  off_shell_Omega=    172.6911 meV
     lambda_tr(   6 )=       0.000000   gamma_tr=       0.000000 meV  omega=    172.6068 meV   on_shell_Omega=    172.7605 meV  off_shell_Omega=    172.6911 meV
     lambda___( tot )=       0.000000
     lambda_tr( tot )=       0.000000
     -------------------------------------------------------------------


     Number of (k,k+q) pairs on the Fermi surface:      302 out of      324


     ismear =     1 iq =     148 coord.:   0.44444  0.16667  0.00000 wt:   0.00309 Temp:  300.000K
     -------------------------------------------------------------------
     lambda___(   1 )=       0.000000   gamma___=       0.000000 meV  omega=     56.9068 meV   on_shell_Omega=     56.8683 meV  off_shell_Omega=     56.8683 meV
     lambda_tr(   1 )=       0.000000   gamma_tr=       0.000000 meV  omega=     56.9068 meV   on_shell_Omega=     56.8683 meV  off_shell_Omega=     56.8683 meV
     lambda___(   2 )=       0.000000   gamma___=       0.000000 meV  omega=     76.6784 meV   on_shell_Omega=     76.7378 meV  off_shell_Omega=     76.7378 meV
     lambda_tr(   2 )=       0.000000   gamma_tr=       0.000000 meV  omega=     76.6784 meV   on_shell_Omega=     76.7378 meV  off_shell_Omega=     76.7378 meV
     lambda___(   3 )=       0.000000   gamma___=       0.000000 meV  omega=     98.3213 meV   on_shell_Omega=     98.3236 meV  off_shell_Omega=     98.3236 meV
     lambda_tr(   3 )=       0.000000   gamma_tr=       0.000000 meV  omega=     98.3213 meV   on_shell_Omega=     98.3236 meV  off_shell_Omega=     98.3236 meV
     lambda___(   4 )=       0.000000   gamma___=       0.000000 meV  omega=    154.6166 meV   on_shell_Omega=    154.6214 meV  off_shell_Omega=    154.6214 meV
     lambda_tr(   4 )=       0.000000   gamma_tr=       0.000000 meV  omega=    154.6166 meV   on_shell_Omega=    154.6214 meV  off_shell_Omega=    154.6214 meV
     lambda___(   5 )=       0.000000   gamma___=       0.000000 meV  omega=    166.0992 meV   on_shell_Omega=    166.1252 meV  off_shell_Omega=    166.1252 meV
     lambda_tr(   5 )=       0.000000   gamma_tr=       0.000000 meV  omega=    166.0992 meV   on_shell_Omega=    166.1252 meV  off_shell_Omega=    166.1252 meV
     lambda___(   6 )=       0.000000   gamma___=       0.000000 meV  omega=    170.4912 meV   on_shell_Omega=    170.7287 meV  off_shell_Omega=    170.7825 meV
     lambda_tr(   6 )=       0.000000   gamma_tr=       0.000000 meV  omega=    170.4912 meV   on_shell_Omega=    170.7287 meV  off_shell_Omega=    170.7825 meV
     lambda___( tot )=       0.000000
     lambda_tr( tot )=       0.000000
     -------------------------------------------------------------------


     Number of (k,k+q) pairs on the Fermi surface:      302 out of      324


     ismear =     1 iq =     149 coord.:   0.44444  0.22222  0.00000 wt:   0.00309 Temp:  300.000K
     -------------------------------------------------------------------
     lambda___(   1 )=       0.000000   gamma___=       0.000000 meV  omega=     55.0543 meV   on_shell_Omega=     54.9948 meV  off_shell_Omega=     54.9948 meV
     lambda_tr(   1 )=       0.000000   gamma_tr=       0.000000 meV  omega=     55.0543 meV   on_shell_Omega=     54.9948 meV  off_shell_Omega=     54.9948 meV
     lambda___(   2 )=       0.000000   gamma___=       0.000000 meV  omega=     77.0956 meV   on_shell_Omega=     77.1654 meV  off_shell_Omega=     77.1654 meV
     lambda_tr(   2 )=       0.000000   gamma_tr=       0.000000 meV  omega=     77.0956 meV   on_shell_Omega=     77.1654 meV  off_shell_Omega=     77.1654 meV
     lambda___(   3 )=       0.000000   gamma___=       0.000000 meV  omega=    108.5739 meV   on_shell_Omega=    108.5810 meV  off_shell_Omega=    108.5810 meV
     lambda_tr(   3 )=       0.000000   gamma_tr=       0.000000 meV  omega=    108.5739 meV   on_shell_Omega=    108.5810 meV  off_shell_Omega=    108.5810 meV
     lambda___(   4 )=       0.000000   gamma___=       0.000000 meV  omega=    146.0069 meV   on_shell_Omega=    146.0236 meV  off_shell_Omega=    146.0236 meV
     lambda_tr(   4 )=       0.000000   gamma_tr=       0.000000 meV  omega=    146.0069 meV   on_shell_Omega=    146.0236 meV  off_shell_Omega=    146.0236 meV
     lambda___(   5 )=       0.000000   gamma___=       0.000000 meV  omega=    166.7632 meV   on_shell_Omega=    166.7863 meV  off_shell_Omega=    166.7863 meV
     lambda_tr(   5 )=       0.000000   gamma_tr=       0.000000 meV  omega=    166.7632 meV   on_shell_Omega=    166.7863 meV  off_shell_Omega=    166.7863 meV
     lambda___(   6 )=       0.000000   gamma___=       0.000000 meV  omega=    168.0055 meV   on_shell_Omega=    168.1830 meV  off_shell_Omega=    168.0875 meV
     lambda_tr(   6 )=       0.000000   gamma_tr=       0.000000 meV  omega=    168.0055 meV   on_shell_Omega=    168.1830 meV  off_shell_Omega=    168.0875 meV
     lambda___( tot )=       0.000000
     lambda_tr( tot )=       0.000000
     -------------------------------------------------------------------


     Number of (k,k+q) pairs on the Fermi surface:      302 out of      324


     ismear =     1 iq =     150 coord.:   0.44444  0.27778  0.00000 wt:   0.00309 Temp:  300.000K
     -------------------------------------------------------------------
     lambda___(   1 )=       0.000000   gamma___=       0.000000 meV  omega=     54.2078 meV   on_shell_Omega=     54.1591 meV  off_shell_Omega=     54.1591 meV
     lambda_tr(   1 )=       0.000000   gamma_tr=       0.000000 meV  omega=     54.2078 meV   on_shell_Omega=     54.1591 meV  off_shell_Omega=     54.1591 meV
     lambda___(   2 )=       0.000000   gamma___=       0.000000 meV  omega=     77.3386 meV   on_shell_Omega=     77.4439 meV  off_shell_Omega=     77.4439 meV
     lambda_tr(   2 )=       0.000000   gamma_tr=       0.000000 meV  omega=     77.3386 meV   on_shell_Omega=     77.4439 meV  off_shell_Omega=     77.4439 meV
     lambda___(   3 )=       0.000000   gamma___=       0.000000 meV  omega=    113.8042 meV   on_shell_Omega=    113.8091 meV  off_shell_Omega=    113.8091 meV
     lambda_tr(   3 )=       0.000000   gamma_tr=       0.000000 meV  omega=    113.8042 meV   on_shell_Omega=    113.8091 meV  off_shell_Omega=    113.8091 meV
     lambda___(   4 )=       0.000000   gamma___=       0.000000 meV  omega=    141.4016 meV   on_shell_Omega=    141.4322 meV  off_shell_Omega=    141.4322 meV
     lambda_tr(   4 )=       0.000000   gamma_tr=       0.000000 meV  omega=    141.4016 meV   on_shell_Omega=    141.4322 meV  off_shell_Omega=    141.4322 meV
     lambda___(   5 )=       0.000000   gamma___=       0.000000 meV  omega=    166.8557 meV   on_shell_Omega=    166.8946 meV  off_shell_Omega=    166.8946 meV
     lambda_tr(   5 )=       0.000000   gamma_tr=       0.000000 meV  omega=    166.8557 meV   on_shell_Omega=    166.8946 meV  off_shell_Omega=    166.8946 meV
     lambda___(   6 )=       0.000000   gamma___=       0.000000 meV  omega=    166.9000 meV   on_shell_Omega=    166.9135 meV  off_shell_Omega=    166.9135 meV
     lambda_tr(   6 )=       0.000000   gamma_tr=       0.000000 meV  omega=    166.9000 meV   on_shell_Omega=    166.9135 meV  off_shell_Omega=    166.9135 meV
     lambda___( tot )=       0.000000
     lambda_tr( tot )=       0.000000
     -------------------------------------------------------------------


     Number of (k,k+q) pairs on the Fermi surface:      302 out of      324


     ismear =     1 iq =     151 coord.:   0.44444  0.33333  0.00000 wt:   0.00309 Temp:  300.000K
     -------------------------------------------------------------------
     lambda___(   1 )=       0.000000   gamma___=       0.000000 meV  omega=     55.0543 meV   on_shell_Omega=     55.0113 meV  off_shell_Omega=     55.0113 meV
     lambda_tr(   1 )=       0.000000   gamma_tr=       0.000000 meV  omega=     55.0543 meV   on_shell_Omega=     55.0113 meV  off_shell_Omega=     55.0113 meV
     lambda___(   2 )=       0.000000   gamma___=       0.000000 meV  omega=     77.0956 meV   on_shell_Omega=     77.2127 meV  off_shell_Omega=     77.2127 meV
     lambda_tr(   2 )=       0.000000   gamma_tr=       0.000000 meV  omega=     77.0956 meV   on_shell_Omega=     77.2127 meV  off_shell_Omega=     77.2127 meV
     lambda___(   3 )=       0.000000   gamma___=       0.000000 meV  omega=    108.5739 meV   on_shell_Omega=    108.5816 meV  off_shell_Omega=    108.5816 meV
     lambda_tr(   3 )=       0.000000   gamma_tr=       0.000000 meV  omega=    108.5739 meV   on_shell_Omega=    108.5816 meV  off_shell_Omega=    108.5816 meV
     lambda___(   4 )=       0.000000   gamma___=       0.000000 meV  omega=    146.0069 meV   on_shell_Omega=    146.0203 meV  off_shell_Omega=    146.0203 meV
     lambda_tr(   4 )=       0.000000   gamma_tr=       0.000000 meV  omega=    146.0069 meV   on_shell_Omega=    146.0203 meV  off_shell_Omega=    146.0203 meV
     lambda___(   5 )=       0.000000   gamma___=       0.000000 meV  omega=    166.7632 meV   on_shell_Omega=    166.7933 meV  off_shell_Omega=    166.7933 meV
     lambda_tr(   5 )=       0.000000   gamma_tr=       0.000000 meV  omega=    166.7632 meV   on_shell_Omega=    166.7933 meV  off_shell_Omega=    166.7933 meV
     lambda___(   6 )=       0.000000   gamma___=       0.000000 meV  omega=    168.0055 meV   on_shell_Omega=    168.2098 meV  off_shell_Omega=    168.0875 meV
     lambda_tr(   6 )=       0.000000   gamma_tr=       0.000000 meV  omega=    168.0055 meV   on_shell_Omega=    168.2098 meV  off_shell_Omega=    168.0875 meV
     lambda___( tot )=       0.000000
     lambda_tr( tot )=       0.000000
     -------------------------------------------------------------------


     Number of (k,k+q) pairs on the Fermi surface:      302 out of      324


     ismear =     1 iq =     152 coord.:   0.44444  0.38889  0.00000 wt:   0.00309 Temp:  300.000K
     -------------------------------------------------------------------
     lambda___(   1 )=       0.000000   gamma___=       0.000000 meV  omega=     56.9068 meV   on_shell_Omega=     56.9174 meV  off_shell_Omega=     56.9174 meV
     lambda_tr(   1 )=       0.000000   gamma_tr=       0.000000 meV  omega=     56.9068 meV   on_shell_Omega=     56.9174 meV  off_shell_Omega=     56.9174 meV
     lambda___(   2 )=       0.000000   gamma___=       0.000000 meV  omega=     76.6784 meV   on_shell_Omega=     76.7370 meV  off_shell_Omega=     76.7370 meV
     lambda_tr(   2 )=       0.000000   gamma_tr=       0.000000 meV  omega=     76.6784 meV   on_shell_Omega=     76.7370 meV  off_shell_Omega=     76.7370 meV
     lambda___(   3 )=       0.000000   gamma___=       0.000000 meV  omega=     98.3213 meV   on_shell_Omega=     98.3243 meV  off_shell_Omega=     98.3243 meV
     lambda_tr(   3 )=       0.000000   gamma_tr=       0.000000 meV  omega=     98.3213 meV   on_shell_Omega=     98.3243 meV  off_shell_Omega=     98.3243 meV
     lambda___(   4 )=       0.000000   gamma___=       0.000000 meV  omega=    154.6166 meV   on_shell_Omega=    154.6267 meV  off_shell_Omega=    154.6267 meV
     lambda_tr(   4 )=       0.000000   gamma_tr=       0.000000 meV  omega=    154.6166 meV   on_shell_Omega=    154.6267 meV  off_shell_Omega=    154.6267 meV
     lambda___(   5 )=       0.000000   gamma___=       0.000000 meV  omega=    166.0992 meV   on_shell_Omega=    166.1250 meV  off_shell_Omega=    166.1250 meV
     lambda_tr(   5 )=       0.000000   gamma_tr=       0.000000 meV  omega=    166.0992 meV   on_shell_Omega=    166.1250 meV  off_shell_Omega=    166.1250 meV
     lambda___(   6 )=       0.000000   gamma___=       0.000000 meV  omega=    170.4912 meV   on_shell_Omega=    170.6977 meV  off_shell_Omega=    170.5744 meV
     lambda_tr(   6 )=       0.000000   gamma_tr=       0.000000 meV  omega=    170.4912 meV   on_shell_Omega=    170.6977 meV  off_shell_Omega=    170.5744 meV
     lambda___( tot )=       0.000000
     lambda_tr( tot )=       0.000000
     -------------------------------------------------------------------


     Number of (k,k+q) pairs on the Fermi surface:      302 out of      324


     ismear =     1 iq =     153 coord.:   0.44444  0.44444  0.00000 wt:   0.00309 Temp:  300.000K
     -------------------------------------------------------------------
     lambda___(   1 )=       0.000000   gamma___=       0.000000 meV  omega=     57.9753 meV   on_shell_Omega=     57.9973 meV  off_shell_Omega=     57.9973 meV
     lambda_tr(   1 )=       0.000000   gamma_tr=       0.000000 meV  omega=     57.9753 meV   on_shell_Omega=     57.9973 meV  off_shell_Omega=     57.9973 meV
     lambda___(   2 )=       0.000000   gamma___=       0.000000 meV  omega=     77.0507 meV   on_shell_Omega=     77.0864 meV  off_shell_Omega=     77.0864 meV
     lambda_tr(   2 )=       0.000000   gamma_tr=       0.000000 meV  omega=     77.0507 meV   on_shell_Omega=     77.0864 meV  off_shell_Omega=     77.0864 meV
     lambda___(   3 )=       0.000000   gamma___=       0.000000 meV  omega=     88.0632 meV   on_shell_Omega=     88.0647 meV  off_shell_Omega=     88.0647 meV
     lambda_tr(   3 )=       0.000000   gamma_tr=       0.000000 meV  omega=     88.0632 meV   on_shell_Omega=     88.0647 meV  off_shell_Omega=     88.0647 meV
     lambda___(   4 )=       0.000000   gamma___=       0.000000 meV  omega=    162.4187 meV   on_shell_Omega=    162.3970 meV  off_shell_Omega=    162.3970 meV
     lambda_tr(   4 )=       0.000000   gamma_tr=       0.000000 meV  omega=    162.4187 meV   on_shell_Omega=    162.3970 meV  off_shell_Omega=    162.3970 meV
     lambda___(   5 )=       0.000000   gamma___=       0.000000 meV  omega=    164.9502 meV   on_shell_Omega=    164.9925 meV  off_shell_Omega=    164.9925 meV
     lambda_tr(   5 )=       0.000000   gamma_tr=       0.000000 meV  omega=    164.9502 meV   on_shell_Omega=    164.9925 meV  off_shell_Omega=    164.9925 meV
     lambda___(   6 )=       0.000000   gamma___=       0.000000 meV  omega=    172.6068 meV   on_shell_Omega=    172.7333 meV  off_shell_Omega=    172.7333 meV
     lambda_tr(   6 )=       0.000000   gamma_tr=       0.000000 meV  omega=    172.6068 meV   on_shell_Omega=    172.7333 meV  off_shell_Omega=    172.7333 meV
     lambda___( tot )=       0.000000
     lambda_tr( tot )=       0.000000
     -------------------------------------------------------------------


     Number of (k,k+q) pairs on the Fermi surface:      302 out of      324


     ismear =     1 iq =     154 coord.:   0.44444  0.50000  0.00000 wt:   0.00309 Temp:  300.000K
     -------------------------------------------------------------------
     lambda___(   1 )=       0.000000   gamma___=       0.000000 meV  omega=     56.6646 meV   on_shell_Omega=     56.7093 meV  off_shell_Omega=     56.7093 meV
     lambda_tr(   1 )=       0.000000   gamma_tr=       0.000000 meV  omega=     56.6646 meV   on_shell_Omega=     56.7093 meV  off_shell_Omega=     56.7093 meV
     lambda___(   2 )=       0.000000   gamma___=       0.000000 meV  omega=     79.0616 meV   on_shell_Omega=     79.1037 meV  off_shell_Omega=     79.1037 meV
     lambda_tr(   2 )=       0.000000   gamma_tr=       0.000000 meV  omega=     79.0616 meV   on_shell_Omega=     79.1037 meV  off_shell_Omega=     79.1037 meV
     lambda___(   3 )=       0.000000   gamma___=       0.000000 meV  omega=     80.2962 meV   on_shell_Omega=     80.2966 meV  off_shell_Omega=     80.2966 meV
     lambda_tr(   3 )=       0.000000   gamma_tr=       0.000000 meV  omega=     80.2962 meV   on_shell_Omega=     80.2966 meV  off_shell_Omega=     80.2966 meV
     lambda___(   4 )=       0.000000   gamma___=       0.000000 meV  omega=    160.2045 meV   on_shell_Omega=    160.2109 meV  off_shell_Omega=    160.2109 meV
     lambda_tr(   4 )=       0.000000   gamma_tr=       0.000000 meV  omega=    160.2045 meV   on_shell_Omega=    160.2109 meV  off_shell_Omega=    160.2109 meV
     lambda___(   5 )=       0.000000   gamma___=       0.000000 meV  omega=    170.8221 meV   on_shell_Omega=    170.8381 meV  off_shell_Omega=    170.8381 meV
     lambda_tr(   5 )=       0.000000   gamma_tr=       0.000000 meV  omega=    170.8221 meV   on_shell_Omega=    170.8381 meV  off_shell_Omega=    170.8381 meV
     lambda___(   6 )=       0.000000   gamma___=       0.000000 meV  omega=    173.7610 meV   on_shell_Omega=    173.8245 meV  off_shell_Omega=    173.8245 meV
     lambda_tr(   6 )=       0.000000   gamma_tr=       0.000000 meV  omega=    173.7610 meV   on_shell_Omega=    173.8245 meV  off_shell_Omega=    173.8245 meV
     lambda___( tot )=       0.000000
     lambda_tr( tot )=       0.000000
     -------------------------------------------------------------------


     Number of (k,k+q) pairs on the Fermi surface:      302 out of      324


     ismear =     1 iq =     155 coord.:   0.44444  0.55556  0.00000 wt:   0.00309 Temp:  300.000K
     -------------------------------------------------------------------
     lambda___(   1 )=       0.000000   gamma___=       0.000000 meV  omega=     53.1306 meV   on_shell_Omega=     53.1295 meV  off_shell_Omega=     53.1295 meV
     lambda_tr(   1 )=       0.000000   gamma_tr=       0.000000 meV  omega=     53.1306 meV   on_shell_Omega=     53.1295 meV  off_shell_Omega=     53.1295 meV
     lambda___(   2 )=       0.000000   gamma___=       0.000000 meV  omega=     76.7858 meV   on_shell_Omega=     76.7857 meV  off_shell_Omega=     76.7857 meV
     lambda_tr(   2 )=       0.000000   gamma_tr=       0.000000 meV  omega=     76.7858 meV   on_shell_Omega=     76.7857 meV  off_shell_Omega=     76.7857 meV
     lambda___(   3 )=       0.000000   gamma___=       0.000000 meV  omega=     82.1742 meV   on_shell_Omega=     82.1969 meV  off_shell_Omega=     82.1969 meV
     lambda_tr(   3 )=       0.000000   gamma_tr=       0.000000 meV  omega=     82.1742 meV   on_shell_Omega=     82.1969 meV  off_shell_Omega=     82.1969 meV
     lambda___(   4 )=       0.000000   gamma___=       0.000000 meV  omega=    154.4491 meV   on_shell_Omega=    154.4635 meV  off_shell_Omega=    154.4635 meV
     lambda_tr(   4 )=       0.000000   gamma_tr=       0.000000 meV  omega=    154.4491 meV   on_shell_Omega=    154.4635 meV  off_shell_Omega=    154.4635 meV
     lambda___(   5 )=       0.000000   gamma___=       0.000000 meV  omega=    174.3846 meV   on_shell_Omega=    174.4454 meV  off_shell_Omega=    174.4454 meV
     lambda_tr(   5 )=       0.000000   gamma_tr=       0.000000 meV  omega=    174.3846 meV   on_shell_Omega=    174.4454 meV  off_shell_Omega=    174.4454 meV
     lambda___(   6 )=       0.000000   gamma___=       0.000000 meV  omega=    176.6245 meV   on_shell_Omega=    176.6532 meV  off_shell_Omega=    176.6532 meV
     lambda_tr(   6 )=       0.000000   gamma_tr=       0.000000 meV  omega=    176.6245 meV   on_shell_Omega=    176.6532 meV  off_shell_Omega=    176.6532 meV
     lambda___( tot )=       0.000000
     lambda_tr( tot )=       0.000000
     -------------------------------------------------------------------


     Number of (k,k+q) pairs on the Fermi surface:      302 out of      324


     ismear =     1 iq =     156 coord.:   0.44444  0.61111  0.00000 wt:   0.00309 Temp:  300.000K
     -------------------------------------------------------------------
     lambda___(   1 )=      -0.000000   gamma___=      -0.000000 meV  omega=     48.4979 meV   on_shell_Omega=     48.5287 meV  off_shell_Omega=     48.5287 meV
     lambda_tr(   1 )=       0.000000   gamma_tr=       0.000000 meV  omega=     48.4979 meV   on_shell_Omega=     48.5287 meV  off_shell_Omega=     48.5287 meV
     lambda___(   2 )=      -0.000000   gamma___=      -0.000000 meV  omega=     78.3731 meV   on_shell_Omega=     78.3762 meV  off_shell_Omega=     78.3762 meV
     lambda_tr(   2 )=       0.000000   gamma_tr=       0.000000 meV  omega=     78.3731 meV   on_shell_Omega=     78.3762 meV  off_shell_Omega=     78.3762 meV
     lambda___(   3 )=       0.000000   gamma___=       0.000000 meV  omega=     85.3159 meV   on_shell_Omega=     85.3270 meV  off_shell_Omega=     85.3270 meV
     lambda_tr(   3 )=       0.000000   gamma_tr=       0.000000 meV  omega=     85.3159 meV   on_shell_Omega=     85.3270 meV  off_shell_Omega=     85.3270 meV
     lambda___(   4 )=       0.000000   gamma___=       0.000000 meV  omega=    146.8895 meV   on_shell_Omega=    146.9070 meV  off_shell_Omega=    146.9070 meV
     lambda_tr(   4 )=       0.000000   gamma_tr=       0.000000 meV  omega=    146.8895 meV   on_shell_Omega=    146.9070 meV  off_shell_Omega=    146.9070 meV
     lambda___(   5 )=       0.000000   gamma___=       0.000000 meV  omega=    174.7597 meV   on_shell_Omega=    174.8425 meV  off_shell_Omega=    174.8425 meV
     lambda_tr(   5 )=       0.000000   gamma_tr=       0.000000 meV  omega=    174.7597 meV   on_shell_Omega=    174.8425 meV  off_shell_Omega=    174.8425 meV
     lambda___(   6 )=       0.000000   gamma___=       0.000000 meV  omega=    180.4973 meV   on_shell_Omega=    180.5420 meV  off_shell_Omega=    180.5420 meV
     lambda_tr(   6 )=       0.000000   gamma_tr=       0.000000 meV  omega=    180.4973 meV   on_shell_Omega=    180.5420 meV  off_shell_Omega=    180.5420 meV
     lambda___( tot )=      -0.000000
     lambda_tr( tot )=       0.000000
     -------------------------------------------------------------------


     Number of (k,k+q) pairs on the Fermi surface:      302 out of      324


     ismear =     1 iq =     157 coord.:   0.44444  0.66667  0.00000 wt:   0.00309 Temp:  300.000K
     -------------------------------------------------------------------
     lambda___(   1 )=       0.000000   gamma___=       0.000000 meV  omega=     43.9791 meV   on_shell_Omega=     43.9855 meV  off_shell_Omega=     43.9855 meV
     lambda_tr(   1 )=       0.000000   gamma_tr=       0.000000 meV  omega=     43.9791 meV   on_shell_Omega=     43.9855 meV  off_shell_Omega=     43.9855 meV
     lambda___(   2 )=       0.000000   gamma___=       0.000000 meV  omega=     84.2729 meV   on_shell_Omega=     84.2806 meV  off_shell_Omega=     84.2806 meV
     lambda_tr(   2 )=       0.000000   gamma_tr=       0.000000 meV  omega=     84.2729 meV   on_shell_Omega=     84.2806 meV  off_shell_Omega=     84.2806 meV
     lambda___(   3 )=       0.000000   gamma___=       0.000000 meV  omega=     87.7828 meV   on_shell_Omega=     87.8051 meV  off_shell_Omega=     87.8051 meV
     lambda_tr(   3 )=       0.000000   gamma_tr=       0.000000 meV  omega=     87.7828 meV   on_shell_Omega=     87.8051 meV  off_shell_Omega=     87.8051 meV
     lambda___(   4 )=       0.000000   gamma___=       0.000000 meV  omega=    138.3899 meV   on_shell_Omega=    138.4053 meV  off_shell_Omega=    138.4053 meV
     lambda_tr(   4 )=       0.000000   gamma_tr=       0.000000 meV  omega=    138.3899 meV   on_shell_Omega=    138.4053 meV  off_shell_Omega=    138.4053 meV
     lambda___(   5 )=       0.000000   gamma___=       0.000000 meV  omega=    174.5013 meV   on_shell_Omega=    174.6675 meV  off_shell_Omega=    174.5865 meV
     lambda_tr(   5 )=       0.000000   gamma_tr=       0.000000 meV  omega=    174.5013 meV   on_shell_Omega=    174.6675 meV  off_shell_Omega=    174.5865 meV
     lambda___(   6 )=       0.000000   gamma___=       0.000000 meV  omega=    182.3305 meV   on_shell_Omega=    182.3853 meV  off_shell_Omega=    182.3853 meV
     lambda_tr(   6 )=       0.000000   gamma_tr=       0.000000 meV  omega=    182.3305 meV   on_shell_Omega=    182.3853 meV  off_shell_Omega=    182.3853 meV
     lambda___( tot )=       0.000000
     lambda_tr( tot )=       0.000000
     -------------------------------------------------------------------


     Number of (k,k+q) pairs on the Fermi surface:      303 out of      324


     ismear =     1 iq =     158 coord.:   0.44444  0.72222  0.00000 wt:   0.00309 Temp:  300.000K
     -------------------------------------------------------------------
     lambda___(   1 )=      -0.000000   gamma___=      -0.000000 meV  omega=     40.7202 meV   on_shell_Omega=     40.7040 meV  off_shell_Omega=     40.7040 meV
     lambda_tr(   1 )=      -0.000000   gamma_tr=      -0.000000 meV  omega=     40.7202 meV   on_shell_Omega=     40.7040 meV  off_shell_Omega=     40.7040 meV
     lambda___(   2 )=       0.000000   gamma___=       0.000000 meV  omega=     89.2740 meV   on_shell_Omega=     89.3296 meV  off_shell_Omega=     89.3296 meV
     lambda_tr(   2 )=       0.000000   gamma_tr=       0.000000 meV  omega=     89.2740 meV   on_shell_Omega=     89.3296 meV  off_shell_Omega=     89.3296 meV
     lambda___(   3 )=       0.000000   gamma___=       0.000000 meV  omega=     91.7457 meV   on_shell_Omega=     91.7680 meV  off_shell_Omega=     91.7680 meV
     lambda_tr(   3 )=       0.000000   gamma_tr=       0.000000 meV  omega=     91.7457 meV   on_shell_Omega=     91.7680 meV  off_shell_Omega=     91.7680 meV
     lambda___(   4 )=       0.000000   gamma___=       0.000000 meV  omega=    130.4081 meV   on_shell_Omega=    130.4259 meV  off_shell_Omega=    130.4259 meV
     lambda_tr(   4 )=       0.000000   gamma_tr=       0.000000 meV  omega=    130.4081 meV   on_shell_Omega=    130.4259 meV  off_shell_Omega=    130.4259 meV
     lambda___(   5 )=       0.000000   gamma___=       0.000000 meV  omega=    173.7374 meV   on_shell_Omega=    174.0135 meV  off_shell_Omega=    174.0343 meV
     lambda_tr(   5 )=       0.000000   gamma_tr=       0.000000 meV  omega=    173.7374 meV   on_shell_Omega=    174.0135 meV  off_shell_Omega=    174.0343 meV
     lambda___(   6 )=       0.000000   gamma___=       0.000000 meV  omega=    182.6978 meV   on_shell_Omega=    182.7341 meV  off_shell_Omega=    182.7341 meV
     lambda_tr(   6 )=       0.000000   gamma_tr=       0.000000 meV  omega=    182.6978 meV   on_shell_Omega=    182.7341 meV  off_shell_Omega=    182.7341 meV
     lambda___( tot )=       0.000000
     lambda_tr( tot )=       0.000000
     -------------------------------------------------------------------


     Number of (k,k+q) pairs on the Fermi surface:      302 out of      324


     ismear =     1 iq =     159 coord.:   0.44444  0.77778  0.00000 wt:   0.00309 Temp:  300.000K
     -------------------------------------------------------------------
     lambda___(   1 )=      -0.000000   gamma___=      -0.000000 meV  omega=     39.5398 meV   on_shell_Omega=     39.5457 meV  off_shell_Omega=     39.5457 meV
     lambda_tr(   1 )=      -0.000000   gamma_tr=      -0.000000 meV  omega=     39.5398 meV   on_shell_Omega=     39.5457 meV  off_shell_Omega=     39.5457 meV
     lambda___(   2 )=       0.000000   gamma___=       0.000000 meV  omega=     89.7607 meV   on_shell_Omega=     89.8253 meV  off_shell_Omega=     89.8253 meV
     lambda_tr(   2 )=       0.000000   gamma_tr=       0.000000 meV  omega=     89.7607 meV   on_shell_Omega=     89.8253 meV  off_shell_Omega=     89.8253 meV
     lambda___(   3 )=       0.000000   gamma___=       0.000000 meV  omega=     95.6620 meV   on_shell_Omega=     95.6985 meV  off_shell_Omega=     95.6985 meV
     lambda_tr(   3 )=       0.000000   gamma_tr=       0.000000 meV  omega=     95.6620 meV   on_shell_Omega=     95.6985 meV  off_shell_Omega=     95.6985 meV
     lambda___(   4 )=       0.000000   gamma___=       0.000000 meV  omega=    126.5404 meV   on_shell_Omega=    126.5565 meV  off_shell_Omega=    126.5565 meV
     lambda_tr(   4 )=      -0.000000   gamma_tr=      -0.000000 meV  omega=    126.5404 meV   on_shell_Omega=    126.5565 meV  off_shell_Omega=    126.5565 meV
     lambda___(   5 )=       0.000000   gamma___=       0.000000 meV  omega=    173.3042 meV   on_shell_Omega=    173.4941 meV  off_shell_Omega=    173.3888 meV
     lambda_tr(   5 )=       0.000000   gamma_tr=       0.000000 meV  omega=    173.3042 meV   on_shell_Omega=    173.4941 meV  off_shell_Omega=    173.3888 meV
     lambda___(   6 )=       0.000000   gamma___=       0.000000 meV  omega=    182.6424 meV   on_shell_Omega=    182.6827 meV  off_shell_Omega=    182.6827 meV
     lambda_tr(   6 )=       0.000000   gamma_tr=       0.000000 meV  omega=    182.6424 meV   on_shell_Omega=    182.6827 meV  off_shell_Omega=    182.6827 meV
     lambda___( tot )=       0.000000
     lambda_tr( tot )=       0.000000
     -------------------------------------------------------------------


     Number of (k,k+q) pairs on the Fermi surface:      302 out of      324


     ismear =     1 iq =     160 coord.:   0.44444  0.83333  0.00000 wt:   0.00309 Temp:  300.000K
     -------------------------------------------------------------------
     lambda___(   1 )=       0.000000   gamma___=       0.000000 meV  omega=     40.7202 meV   on_shell_Omega=     40.7186 meV  off_shell_Omega=     40.7186 meV
     lambda_tr(   1 )=      -0.000000   gamma_tr=      -0.000000 meV  omega=     40.7202 meV   on_shell_Omega=     40.7186 meV  off_shell_Omega=     40.7186 meV
     lambda___(   2 )=       0.000000   gamma___=       0.000000 meV  omega=     89.2740 meV   on_shell_Omega=     89.3277 meV  off_shell_Omega=     89.3277 meV
     lambda_tr(   2 )=       0.000000   gamma_tr=       0.000000 meV  omega=     89.2740 meV   on_shell_Omega=     89.3277 meV  off_shell_Omega=     89.3277 meV
     lambda___(   3 )=       0.000000   gamma___=       0.000000 meV  omega=     91.7457 meV   on_shell_Omega=     91.7678 meV  off_shell_Omega=     91.7678 meV
     lambda_tr(   3 )=       0.000000   gamma_tr=       0.000000 meV  omega=     91.7457 meV   on_shell_Omega=     91.7678 meV  off_shell_Omega=     91.7678 meV
     lambda___(   4 )=       0.000000   gamma___=       0.000000 meV  omega=    130.4081 meV   on_shell_Omega=    130.4261 meV  off_shell_Omega=    130.4261 meV
     lambda_tr(   4 )=       0.000000   gamma_tr=       0.000000 meV  omega=    130.4081 meV   on_shell_Omega=    130.4261 meV  off_shell_Omega=    130.4261 meV
     lambda___(   5 )=       0.000000   gamma___=       0.000000 meV  omega=    173.7374 meV   on_shell_Omega=    173.9501 meV  off_shell_Omega=    173.8222 meV
     lambda_tr(   5 )=       0.000000   gamma_tr=       0.000000 meV  omega=    173.7374 meV   on_shell_Omega=    173.9501 meV  off_shell_Omega=    173.8222 meV
     lambda___(   6 )=       0.000000   gamma___=       0.000000 meV  omega=    182.6978 meV   on_shell_Omega=    182.7539 meV  off_shell_Omega=    182.7539 meV
     lambda_tr(   6 )=       0.000000   gamma_tr=       0.000000 meV  omega=    182.6978 meV   on_shell_Omega=    182.7539 meV  off_shell_Omega=    182.7539 meV
     lambda___( tot )=       0.000000
     lambda_tr( tot )=       0.000000
     -------------------------------------------------------------------


     Number of (k,k+q) pairs on the Fermi surface:      302 out of      324


     ismear =     1 iq =     161 coord.:   0.44444  0.88889  0.00000 wt:   0.00309 Temp:  300.000K
     -------------------------------------------------------------------
     lambda___(   1 )=       0.000000   gamma___=       0.000000 meV  omega=     43.9791 meV   on_shell_Omega=     44.0010 meV  off_shell_Omega=     44.0010 meV
     lambda_tr(   1 )=       0.000000   gamma_tr=       0.000000 meV  omega=     43.9791 meV   on_shell_Omega=     44.0010 meV  off_shell_Omega=     44.0010 meV
     lambda___(   2 )=       0.000000   gamma___=       0.000000 meV  omega=     84.2729 meV   on_shell_Omega=     84.2813 meV  off_shell_Omega=     84.2813 meV
     lambda_tr(   2 )=       0.000000   gamma_tr=       0.000000 meV  omega=     84.2729 meV   on_shell_Omega=     84.2813 meV  off_shell_Omega=     84.2813 meV
     lambda___(   3 )=       0.000000   gamma___=       0.000000 meV  omega=     87.7828 meV   on_shell_Omega=     87.8036 meV  off_shell_Omega=     87.8036 meV
     lambda_tr(   3 )=       0.000000   gamma_tr=       0.000000 meV  omega=     87.7828 meV   on_shell_Omega=     87.8036 meV  off_shell_Omega=     87.8036 meV
     lambda___(   4 )=       0.000000   gamma___=       0.000000 meV  omega=    138.3899 meV   on_shell_Omega=    138.4079 meV  off_shell_Omega=    138.4079 meV
     lambda_tr(   4 )=       0.000000   gamma_tr=       0.000000 meV  omega=    138.3899 meV   on_shell_Omega=    138.4079 meV  off_shell_Omega=    138.4079 meV
     lambda___(   5 )=       0.000000   gamma___=       0.000000 meV  omega=    174.5013 meV   on_shell_Omega=    174.6718 meV  off_shell_Omega=    174.5865 meV
     lambda_tr(   5 )=       0.000000   gamma_tr=       0.000000 meV  omega=    174.5013 meV   on_shell_Omega=    174.6718 meV  off_shell_Omega=    174.5865 meV
     lambda___(   6 )=       0.000000   gamma___=       0.000000 meV  omega=    182.3305 meV   on_shell_Omega=    182.3810 meV  off_shell_Omega=    182.3810 meV
     lambda_tr(   6 )=       0.000000   gamma_tr=       0.000000 meV  omega=    182.3305 meV   on_shell_Omega=    182.3810 meV  off_shell_Omega=    182.3810 meV
     lambda___( tot )=       0.000000
     lambda_tr( tot )=       0.000000
     -------------------------------------------------------------------


     Number of (k,k+q) pairs on the Fermi surface:      303 out of      324


     ismear =     1 iq =     162 coord.:   0.44444  0.94444  0.00000 wt:   0.00309 Temp:  300.000K
     -------------------------------------------------------------------
     lambda___(   1 )=      -0.000000   gamma___=      -0.000000 meV  omega=     48.4979 meV   on_shell_Omega=     48.5112 meV  off_shell_Omega=     48.5112 meV
     lambda_tr(   1 )=      -0.000000   gamma_tr=      -0.000000 meV  omega=     48.4979 meV   on_shell_Omega=     48.5112 meV  off_shell_Omega=     48.5112 meV
     lambda___(   2 )=      -0.000000   gamma___=      -0.000000 meV  omega=     78.3731 meV   on_shell_Omega=     78.3758 meV  off_shell_Omega=     78.3758 meV
     lambda_tr(   2 )=      -0.000000   gamma_tr=      -0.000000 meV  omega=     78.3731 meV   on_shell_Omega=     78.3758 meV  off_shell_Omega=     78.3758 meV
     lambda___(   3 )=      -0.000000   gamma___=      -0.000000 meV  omega=     85.3159 meV   on_shell_Omega=     85.3312 meV  off_shell_Omega=     85.3312 meV
     lambda_tr(   3 )=      -0.000000   gamma_tr=      -0.000000 meV  omega=     85.3159 meV   on_shell_Omega=     85.3312 meV  off_shell_Omega=     85.3312 meV
     lambda___(   4 )=       0.000000   gamma___=       0.000000 meV  omega=    146.8895 meV   on_shell_Omega=    146.9089 meV  off_shell_Omega=    146.9089 meV
     lambda_tr(   4 )=       0.000000   gamma_tr=       0.000000 meV  omega=    146.8895 meV   on_shell_Omega=    146.9089 meV  off_shell_Omega=    146.9089 meV
     lambda___(   5 )=       0.000000   gamma___=       0.000000 meV  omega=    174.7597 meV   on_shell_Omega=    174.8784 meV  off_shell_Omega=    174.8784 meV
     lambda_tr(   5 )=      -0.000000   gamma_tr=      -0.000000 meV  omega=    174.7597 meV   on_shell_Omega=    174.8784 meV  off_shell_Omega=    174.8784 meV
     lambda___(   6 )=       0.000000   gamma___=       0.000000 meV  omega=    180.4973 meV   on_shell_Omega=    180.5456 meV  off_shell_Omega=    180.5456 meV
     lambda_tr(   6 )=      -0.000000   gamma_tr=      -0.000000 meV  omega=    180.4973 meV   on_shell_Omega=    180.5456 meV  off_shell_Omega=    180.5456 meV
     lambda___( tot )=      -0.000000
     lambda_tr( tot )=      -0.000000
     -------------------------------------------------------------------


     Number of (k,k+q) pairs on the Fermi surface:      302 out of      324


     ismear =     1 iq =     163 coord.:   0.50000  0.00000  0.00000 wt:   0.00309 Temp:  300.000K
     -------------------------------------------------------------------
     lambda___(   1 )=       0.000000   gamma___=       0.000000 meV  omega=     58.0812 meV   on_shell_Omega=     58.1491 meV  off_shell_Omega=     58.1491 meV
     lambda_tr(   1 )=       0.000000   gamma_tr=       0.000000 meV  omega=     58.0812 meV   on_shell_Omega=     58.1491 meV  off_shell_Omega=     58.1491 meV
     lambda___(   2 )=       0.000000   gamma___=       0.000000 meV  omega=     77.7020 meV   on_shell_Omega=     77.7022 meV  off_shell_Omega=     77.7022 meV
     lambda_tr(   2 )=       0.000000   gamma_tr=       0.000000 meV  omega=     77.7020 meV   on_shell_Omega=     77.7022 meV  off_shell_Omega=     77.7022 meV
     lambda___(   3 )=       0.000000   gamma___=       0.000000 meV  omega=     78.2051 meV   on_shell_Omega=     78.2482 meV  off_shell_Omega=     78.2482 meV
     lambda_tr(   3 )=       0.000000   gamma_tr=       0.000000 meV  omega=     78.2051 meV   on_shell_Omega=     78.2482 meV  off_shell_Omega=     78.2482 meV
     lambda___(   4 )=       0.000000   gamma___=       0.000000 meV  omega=    165.6754 meV   on_shell_Omega=    165.6363 meV  off_shell_Omega=    165.6363 meV
     lambda_tr(   4 )=       0.000000   gamma_tr=       0.000000 meV  omega=    165.6754 meV   on_shell_Omega=    165.6363 meV  off_shell_Omega=    165.6363 meV
     lambda___(   5 )=       0.000000   gamma___=       0.000000 meV  omega=    167.2891 meV   on_shell_Omega=    167.3721 meV  off_shell_Omega=    167.3721 meV
     lambda_tr(   5 )=       0.000000   gamma_tr=       0.000000 meV  omega=    167.2891 meV   on_shell_Omega=    167.3721 meV  off_shell_Omega=    167.3721 meV
     lambda___(   6 )=       0.000000   gamma___=       0.000000 meV  omega=    173.7883 meV   on_shell_Omega=    173.8385 meV  off_shell_Omega=    173.8385 meV
     lambda_tr(   6 )=       0.000000   gamma_tr=       0.000000 meV  omega=    173.7883 meV   on_shell_Omega=    173.8385 meV  off_shell_Omega=    173.8385 meV
     lambda___( tot )=       0.000000
     lambda_tr( tot )=       0.000000
     -------------------------------------------------------------------


     Number of (k,k+q) pairs on the Fermi surface:      302 out of      324


     ismear =     1 iq =     164 coord.:   0.50000  0.05556  0.00000 wt:   0.00309 Temp:  300.000K
     -------------------------------------------------------------------
     lambda___(   1 )=       0.000000   gamma___=       0.000000 meV  omega=     56.5857 meV   on_shell_Omega=     56.6392 meV  off_shell_Omega=     56.6392 meV
     lambda_tr(   1 )=       0.000000   gamma_tr=       0.000000 meV  omega=     56.5857 meV   on_shell_Omega=     56.6392 meV  off_shell_Omega=     56.6392 meV
     lambda___(   2 )=       0.000000   gamma___=       0.000000 meV  omega=     79.1181 meV   on_shell_Omega=     79.1417 meV  off_shell_Omega=     79.1417 meV
     lambda_tr(   2 )=       0.000000   gamma_tr=       0.000000 meV  omega=     79.1181 meV   on_shell_Omega=     79.1417 meV  off_shell_Omega=     79.1417 meV
     lambda___(   3 )=       0.000000   gamma___=       0.000000 meV  omega=     80.2498 meV   on_shell_Omega=     80.2514 meV  off_shell_Omega=     80.2514 meV
     lambda_tr(   3 )=       0.000000   gamma_tr=       0.000000 meV  omega=     80.2498 meV   on_shell_Omega=     80.2514 meV  off_shell_Omega=     80.2514 meV
     lambda___(   4 )=       0.000000   gamma___=       0.000000 meV  omega=    159.6660 meV   on_shell_Omega=    159.6797 meV  off_shell_Omega=    159.6797 meV
     lambda_tr(   4 )=       0.000000   gamma_tr=       0.000000 meV  omega=    159.6660 meV   on_shell_Omega=    159.6797 meV  off_shell_Omega=    159.6797 meV
     lambda___(   5 )=       0.000000   gamma___=       0.000000 meV  omega=    171.2957 meV   on_shell_Omega=    171.3275 meV  off_shell_Omega=    171.3275 meV
     lambda_tr(   5 )=       0.000000   gamma_tr=       0.000000 meV  omega=    171.2957 meV   on_shell_Omega=    171.3275 meV  off_shell_Omega=    171.3275 meV
     lambda___(   6 )=       0.000000   gamma___=       0.000000 meV  omega=    173.8118 meV   on_shell_Omega=    173.9031 meV  off_shell_Omega=    173.9031 meV
     lambda_tr(   6 )=       0.000000   gamma_tr=       0.000000 meV  omega=    173.8118 meV   on_shell_Omega=    173.9031 meV  off_shell_Omega=    173.9031 meV
     lambda___( tot )=       0.000000
     lambda_tr( tot )=       0.000000
     -------------------------------------------------------------------


     Number of (k,k+q) pairs on the Fermi surface:      302 out of      324


     ismear =     1 iq =     165 coord.:   0.50000  0.11111  0.00000 wt:   0.00309 Temp:  300.000K
     -------------------------------------------------------------------
     lambda___(   1 )=       0.000000   gamma___=       0.000000 meV  omega=     53.1568 meV   on_shell_Omega=     53.1509 meV  off_shell_Omega=     53.1509 meV
     lambda_tr(   1 )=      -0.000000   gamma_tr=      -0.000000 meV  omega=     53.1568 meV   on_shell_Omega=     53.1509 meV  off_shell_Omega=     53.1509 meV
     lambda___(   2 )=       0.000000   gamma___=       0.000000 meV  omega=     81.0176 meV   on_shell_Omega=     81.0815 meV  off_shell_Omega=     81.0815 meV
     lambda_tr(   2 )=      -0.000000   gamma_tr=      -0.000000 meV  omega=     81.0176 meV   on_shell_Omega=     81.0815 meV  off_shell_Omega=     81.0815 meV
     lambda___(   3 )=       0.000000   gamma___=       0.000000 meV  omega=     87.1405 meV   on_shell_Omega=     87.1448 meV  off_shell_Omega=     87.1448 meV
     lambda_tr(   3 )=      -0.000000   gamma_tr=      -0.000000 meV  omega=     87.1405 meV   on_shell_Omega=     87.1448 meV  off_shell_Omega=     87.1448 meV
     lambda___(   4 )=       0.000000   gamma___=       0.000000 meV  omega=    151.5827 meV   on_shell_Omega=    151.5993 meV  off_shell_Omega=    151.5993 meV
     lambda_tr(   4 )=      -0.000000   gamma_tr=      -0.000000 meV  omega=    151.5827 meV   on_shell_Omega=    151.5993 meV  off_shell_Omega=    151.5993 meV
     lambda___(   5 )=       0.000000   gamma___=       0.000000 meV  omega=    172.7642 meV   on_shell_Omega=    172.8606 meV  off_shell_Omega=    172.8606 meV
     lambda_tr(   5 )=      -0.000000   gamma_tr=      -0.000000 meV  omega=    172.7642 meV   on_shell_Omega=    172.8606 meV  off_shell_Omega=    172.8606 meV
     lambda___(   6 )=       0.000000   gamma___=       0.000000 meV  omega=    174.4673 meV   on_shell_Omega=    174.5667 meV  off_shell_Omega=    174.5667 meV
     lambda_tr(   6 )=      -0.000000   gamma_tr=      -0.000000 meV  omega=    174.4673 meV   on_shell_Omega=    174.5667 meV  off_shell_Omega=    174.5667 meV
     lambda___( tot )=       0.000000
     lambda_tr( tot )=      -0.000000
     -------------------------------------------------------------------


     Number of (k,k+q) pairs on the Fermi surface:      302 out of      324


     ismear =     1 iq =     166 coord.:   0.50000  0.16667  0.00000 wt:   0.00309 Temp:  300.000K
     -------------------------------------------------------------------
     lambda___(   1 )=       0.000000   gamma___=       0.000000 meV  omega=     49.6179 meV   on_shell_Omega=     49.6142 meV  off_shell_Omega=     49.6142 meV
     lambda_tr(   1 )=       0.000000   gamma_tr=       0.000000 meV  omega=     49.6179 meV   on_shell_Omega=     49.6142 meV  off_shell_Omega=     49.6142 meV
     lambda___(   2 )=       0.000000   gamma___=       0.000000 meV  omega=     82.7207 meV   on_shell_Omega=     82.7947 meV  off_shell_Omega=     82.7947 meV
     lambda_tr(   2 )=       0.000000   gamma_tr=       0.000000 meV  omega=     82.7207 meV   on_shell_Omega=     82.7947 meV  off_shell_Omega=     82.7947 meV
     lambda___(   3 )=       0.000000   gamma___=       0.000000 meV  omega=     96.2760 meV   on_shell_Omega=     96.2855 meV  off_shell_Omega=     96.2855 meV
     lambda_tr(   3 )=      -0.000000   gamma_tr=      -0.000000 meV  omega=     96.2760 meV   on_shell_Omega=     96.2855 meV  off_shell_Omega=     96.2855 meV
     lambda___(   4 )=       0.000000   gamma___=       0.000000 meV  omega=    142.9427 meV   on_shell_Omega=    142.9614 meV  off_shell_Omega=    142.9614 meV
     lambda_tr(   4 )=      -0.000000   gamma_tr=      -0.000000 meV  omega=    142.9427 meV   on_shell_Omega=    142.9614 meV  off_shell_Omega=    142.9614 meV
     lambda___(   5 )=       0.000000   gamma___=       0.000000 meV  omega=    171.6981 meV   on_shell_Omega=    171.8959 meV  off_shell_Omega=    171.7819 meV
     lambda_tr(   5 )=      -0.000000   gamma_tr=      -0.000000 meV  omega=    171.6981 meV   on_shell_Omega=    171.8959 meV  off_shell_Omega=    171.7819 meV
     lambda___(   6 )=       0.000000   gamma___=       0.000000 meV  omega=    175.1952 meV   on_shell_Omega=    175.2588 meV  off_shell_Omega=    175.2588 meV
     lambda_tr(   6 )=      -0.000000   gamma_tr=      -0.000000 meV  omega=    175.1952 meV   on_shell_Omega=    175.2588 meV  off_shell_Omega=    175.2588 meV
     lambda___( tot )=       0.000000
     lambda_tr( tot )=      -0.000000
     -------------------------------------------------------------------


     Number of (k,k+q) pairs on the Fermi surface:      302 out of      324


     ismear =     1 iq =     167 coord.:   0.50000  0.22222  0.00000 wt:   0.00309 Temp:  300.000K
     -------------------------------------------------------------------
     lambda___(   1 )=      -0.000000   gamma___=      -0.000000 meV  omega=     47.4287 meV   on_shell_Omega=     47.3846 meV  off_shell_Omega=     47.3846 meV
     lambda_tr(   1 )=      -0.000000   gamma_tr=      -0.000000 meV  omega=     47.4287 meV   on_shell_Omega=     47.3846 meV  off_shell_Omega=     47.3846 meV
     lambda___(   2 )=      -0.000000   gamma___=      -0.000000 meV  omega=     83.6551 meV   on_shell_Omega=     83.7501 meV  off_shell_Omega=     83.7501 meV
     lambda_tr(   2 )=      -0.000000   gamma_tr=      -0.000000 meV  omega=     83.6551 meV   on_shell_Omega=     83.7501 meV  off_shell_Omega=     83.7501 meV
     lambda___(   3 )=       0.000000   gamma___=       0.000000 meV  omega=    103.9550 meV   on_shell_Omega=    103.9730 meV  off_shell_Omega=    103.9730 meV
     lambda_tr(   3 )=       0.000000   gamma_tr=       0.000000 meV  omega=    103.9550 meV   on_shell_Omega=    103.9730 meV  off_shell_Omega=    103.9730 meV
     lambda___(   4 )=       0.000000   gamma___=       0.000000 meV  omega=    135.9642 meV   on_shell_Omega=    135.9920 meV  off_shell_Omega=    135.9920 meV
     lambda_tr(   4 )=       0.000000   gamma_tr=       0.000000 meV  omega=    135.9642 meV   on_shell_Omega=    135.9920 meV  off_shell_Omega=    135.9920 meV
     lambda___(   5 )=       0.000000   gamma___=       0.000000 meV  omega=    170.5131 meV   on_shell_Omega=    170.6546 meV  off_shell_Omega=    170.5964 meV
     lambda_tr(   5 )=       0.000000   gamma_tr=       0.000000 meV  omega=    170.5131 meV   on_shell_Omega=    170.6546 meV  off_shell_Omega=    170.5964 meV
     lambda___(   6 )=       0.000000   gamma___=       0.000000 meV  omega=    175.2535 meV   on_shell_Omega=    175.2930 meV  off_shell_Omega=    175.2930 meV
     lambda_tr(   6 )=       0.000000   gamma_tr=       0.000000 meV  omega=    175.2535 meV   on_shell_Omega=    175.2930 meV  off_shell_Omega=    175.2930 meV
     lambda___( tot )=       0.000000
     lambda_tr( tot )=       0.000000
     -------------------------------------------------------------------


     Number of (k,k+q) pairs on the Fermi surface:      302 out of      324


     ismear =     1 iq =     168 coord.:   0.50000  0.27778  0.00000 wt:   0.00309 Temp:  300.000K
     -------------------------------------------------------------------
     lambda___(   1 )=       0.000000   gamma___=       0.000000 meV  omega=     47.4287 meV   on_shell_Omega=     47.3980 meV  off_shell_Omega=     47.3980 meV
     lambda_tr(   1 )=       0.000000   gamma_tr=       0.000000 meV  omega=     47.4287 meV   on_shell_Omega=     47.3980 meV  off_shell_Omega=     47.3980 meV
     lambda___(   2 )=       0.000000   gamma___=       0.000000 meV  omega=     83.6551 meV   on_shell_Omega=     83.7341 meV  off_shell_Omega=     83.7341 meV
     lambda_tr(   2 )=       0.000000   gamma_tr=       0.000000 meV  omega=     83.6551 meV   on_shell_Omega=     83.7341 meV  off_shell_Omega=     83.7341 meV
     lambda___(   3 )=       0.000000   gamma___=       0.000000 meV  omega=    103.9550 meV   on_shell_Omega=    103.9735 meV  off_shell_Omega=    103.9735 meV
     lambda_tr(   3 )=       0.000000   gamma_tr=       0.000000 meV  omega=    103.9550 meV   on_shell_Omega=    103.9735 meV  off_shell_Omega=    103.9735 meV
     lambda___(   4 )=       0.000000   gamma___=       0.000000 meV  omega=    135.9642 meV   on_shell_Omega=    135.9829 meV  off_shell_Omega=    135.9829 meV
     lambda_tr(   4 )=       0.000000   gamma_tr=       0.000000 meV  omega=    135.9642 meV   on_shell_Omega=    135.9829 meV  off_shell_Omega=    135.9829 meV
     lambda___(   5 )=       0.000000   gamma___=       0.000000 meV  omega=    170.5131 meV   on_shell_Omega=    170.6377 meV  off_shell_Omega=    170.6377 meV
     lambda_tr(   5 )=       0.000000   gamma_tr=       0.000000 meV  omega=    170.5131 meV   on_shell_Omega=    170.6377 meV  off_shell_Omega=    170.6377 meV
     lambda___(   6 )=       0.000000   gamma___=       0.000000 meV  omega=    175.2535 meV   on_shell_Omega=    175.2861 meV  off_shell_Omega=    175.2861 meV
     lambda_tr(   6 )=       0.000000   gamma_tr=       0.000000 meV  omega=    175.2535 meV   on_shell_Omega=    175.2861 meV  off_shell_Omega=    175.2861 meV
     lambda___( tot )=       0.000000
     lambda_tr( tot )=       0.000000
     -------------------------------------------------------------------


     Number of (k,k+q) pairs on the Fermi surface:      302 out of      324


     ismear =     1 iq =     169 coord.:   0.50000  0.33333  0.00000 wt:   0.00309 Temp:  300.000K
     -------------------------------------------------------------------
     lambda___(   1 )=      -0.000000   gamma___=      -0.000000 meV  omega=     49.6179 meV   on_shell_Omega=     49.6211 meV  off_shell_Omega=     49.6211 meV
     lambda_tr(   1 )=      -0.000000   gamma_tr=      -0.000000 meV  omega=     49.6179 meV   on_shell_Omega=     49.6211 meV  off_shell_Omega=     49.6211 meV
     lambda___(   2 )=      -0.000000   gamma___=      -0.000000 meV  omega=     82.7207 meV   on_shell_Omega=     82.7690 meV  off_shell_Omega=     82.7690 meV
     lambda_tr(   2 )=      -0.000000   gamma_tr=      -0.000000 meV  omega=     82.7207 meV   on_shell_Omega=     82.7690 meV  off_shell_Omega=     82.7690 meV
     lambda___(   3 )=      -0.000000   gamma___=      -0.000000 meV  omega=     96.2760 meV   on_shell_Omega=     96.2851 meV  off_shell_Omega=     96.2851 meV
     lambda_tr(   3 )=      -0.000000   gamma_tr=      -0.000000 meV  omega=     96.2760 meV   on_shell_Omega=     96.2851 meV  off_shell_Omega=     96.2851 meV
     lambda___(   4 )=      -0.000000   gamma___=      -0.000000 meV  omega=    142.9427 meV   on_shell_Omega=    142.9614 meV  off_shell_Omega=    142.9614 meV
     lambda_tr(   4 )=      -0.000000   gamma_tr=      -0.000000 meV  omega=    142.9427 meV   on_shell_Omega=    142.9614 meV  off_shell_Omega=    142.9614 meV
     lambda___(   5 )=       0.000000   gamma___=       0.000000 meV  omega=    171.6981 meV   on_shell_Omega=    171.9256 meV  off_shell_Omega=    171.9915 meV
     lambda_tr(   5 )=       0.000000   gamma_tr=       0.000000 meV  omega=    171.6981 meV   on_shell_Omega=    171.9256 meV  off_shell_Omega=    171.9915 meV
     lambda___(   6 )=       0.000000   gamma___=       0.000000 meV  omega=    175.1952 meV   on_shell_Omega=    175.2554 meV  off_shell_Omega=    175.2554 meV
     lambda_tr(   6 )=       0.000000   gamma_tr=       0.000000 meV  omega=    175.1952 meV   on_shell_Omega=    175.2554 meV  off_shell_Omega=    175.2554 meV
     lambda___( tot )=      -0.000000
     lambda_tr( tot )=      -0.000000
     -------------------------------------------------------------------


     Number of (k,k+q) pairs on the Fermi surface:      303 out of      324


     ismear =     1 iq =     170 coord.:   0.50000  0.38889  0.00000 wt:   0.00309 Temp:  300.000K
     -------------------------------------------------------------------
     lambda___(   1 )=       0.000000   gamma___=       0.000000 meV  omega=     53.1568 meV   on_shell_Omega=     53.1866 meV  off_shell_Omega=     53.1866 meV
     lambda_tr(   1 )=       0.000000   gamma_tr=       0.000000 meV  omega=     53.1568 meV   on_shell_Omega=     53.1866 meV  off_shell_Omega=     53.1866 meV
     lambda___(   2 )=       0.000000   gamma___=       0.000000 meV  omega=     81.0176 meV   on_shell_Omega=     81.0079 meV  off_shell_Omega=     81.0079 meV
     lambda_tr(   2 )=      -0.000000   gamma_tr=      -0.000000 meV  omega=     81.0176 meV   on_shell_Omega=     81.0079 meV  off_shell_Omega=     81.0079 meV
     lambda___(   3 )=       0.000000   gamma___=       0.000000 meV  omega=     87.1405 meV   on_shell_Omega=     87.1433 meV  off_shell_Omega=     87.1433 meV
     lambda_tr(   3 )=      -0.000000   gamma_tr=      -0.000000 meV  omega=     87.1405 meV   on_shell_Omega=     87.1433 meV  off_shell_Omega=     87.1433 meV
     lambda___(   4 )=       0.000000   gamma___=       0.000000 meV  omega=    151.5827 meV   on_shell_Omega=    151.5993 meV  off_shell_Omega=    151.5993 meV
     lambda_tr(   4 )=      -0.000000   gamma_tr=      -0.000000 meV  omega=    151.5827 meV   on_shell_Omega=    151.5993 meV  off_shell_Omega=    151.5993 meV
     lambda___(   5 )=       0.000000   gamma___=       0.000000 meV  omega=    172.7642 meV   on_shell_Omega=    172.8576 meV  off_shell_Omega=    172.8576 meV
     lambda_tr(   5 )=       0.000000   gamma_tr=       0.000000 meV  omega=    172.7642 meV   on_shell_Omega=    172.8576 meV  off_shell_Omega=    172.8576 meV
     lambda___(   6 )=       0.000000   gamma___=       0.000000 meV  omega=    174.4673 meV   on_shell_Omega=    174.5634 meV  off_shell_Omega=    174.5634 meV
     lambda_tr(   6 )=      -0.000000   gamma_tr=      -0.000000 meV  omega=    174.4673 meV   on_shell_Omega=    174.5634 meV  off_shell_Omega=    174.5634 meV
     lambda___( tot )=       0.000000
     lambda_tr( tot )=       0.000000
     -------------------------------------------------------------------


     Number of (k,k+q) pairs on the Fermi surface:      303 out of      324


     ismear =     1 iq =     171 coord.:   0.50000  0.44444  0.00000 wt:   0.00309 Temp:  300.000K
     -------------------------------------------------------------------
     lambda___(   1 )=       0.000000   gamma___=       0.000000 meV  omega=     56.5857 meV   on_shell_Omega=     56.6115 meV  off_shell_Omega=     56.6115 meV
     lambda_tr(   1 )=       0.000000   gamma_tr=       0.000000 meV  omega=     56.5857 meV   on_shell_Omega=     56.6115 meV  off_shell_Omega=     56.6115 meV
     lambda___(   2 )=       0.000000   gamma___=       0.000000 meV  omega=     79.1181 meV   on_shell_Omega=     79.1390 meV  off_shell_Omega=     79.1390 meV
     lambda_tr(   2 )=       0.000000   gamma_tr=       0.000000 meV  omega=     79.1181 meV   on_shell_Omega=     79.1390 meV  off_shell_Omega=     79.1390 meV
     lambda___(   3 )=       0.000000   gamma___=       0.000000 meV  omega=     80.2498 meV   on_shell_Omega=     80.2511 meV  off_shell_Omega=     80.2511 meV
     lambda_tr(   3 )=       0.000000   gamma_tr=       0.000000 meV  omega=     80.2498 meV   on_shell_Omega=     80.2511 meV  off_shell_Omega=     80.2511 meV
     lambda___(   4 )=       0.000000   gamma___=       0.000000 meV  omega=    159.6660 meV   on_shell_Omega=    159.6819 meV  off_shell_Omega=    159.6819 meV
     lambda_tr(   4 )=       0.000000   gamma_tr=       0.000000 meV  omega=    159.6660 meV   on_shell_Omega=    159.6819 meV  off_shell_Omega=    159.6819 meV
     lambda___(   5 )=       0.000000   gamma___=       0.000000 meV  omega=    171.2957 meV   on_shell_Omega=    171.3241 meV  off_shell_Omega=    171.3241 meV
     lambda_tr(   5 )=       0.000000   gamma_tr=       0.000000 meV  omega=    171.2957 meV   on_shell_Omega=    171.3241 meV  off_shell_Omega=    171.3241 meV
     lambda___(   6 )=       0.000000   gamma___=       0.000000 meV  omega=    173.8118 meV   on_shell_Omega=    173.8869 meV  off_shell_Omega=    173.8869 meV
     lambda_tr(   6 )=       0.000000   gamma_tr=       0.000000 meV  omega=    173.8118 meV   on_shell_Omega=    173.8869 meV  off_shell_Omega=    173.8869 meV
     lambda___( tot )=       0.000000
     lambda_tr( tot )=       0.000000
     -------------------------------------------------------------------


     Number of (k,k+q) pairs on the Fermi surface:      302 out of      324


     ismear =     1 iq =     172 coord.:   0.50000  0.50000  0.00000 wt:   0.00309 Temp:  300.000K
     -------------------------------------------------------------------
     lambda___(   1 )=       0.000000   gamma___=       0.000000 meV  omega=     58.0812 meV   on_shell_Omega=     58.1503 meV  off_shell_Omega=     58.1503 meV
     lambda_tr(   1 )=      -0.000000   gamma_tr=      -0.000000 meV  omega=     58.0812 meV   on_shell_Omega=     58.1503 meV  off_shell_Omega=     58.1503 meV
     lambda___(   2 )=       0.000000   gamma___=       0.000000 meV  omega=     77.7020 meV   on_shell_Omega=     77.7022 meV  off_shell_Omega=     77.7022 meV
     lambda_tr(   2 )=      -0.000000   gamma_tr=      -0.000000 meV  omega=     77.7020 meV   on_shell_Omega=     77.7022 meV  off_shell_Omega=     77.7022 meV
     lambda___(   3 )=       0.000000   gamma___=       0.000000 meV  omega=     78.2051 meV   on_shell_Omega=     78.2566 meV  off_shell_Omega=     78.2566 meV
     lambda_tr(   3 )=      -0.000000   gamma_tr=      -0.000000 meV  omega=     78.2051 meV   on_shell_Omega=     78.2566 meV  off_shell_Omega=     78.2566 meV
     lambda___(   4 )=       0.000000   gamma___=       0.000000 meV  omega=    165.6754 meV   on_shell_Omega=    165.6431 meV  off_shell_Omega=    165.6431 meV
     lambda_tr(   4 )=      -0.000000   gamma_tr=      -0.000000 meV  omega=    165.6754 meV   on_shell_Omega=    165.6431 meV  off_shell_Omega=    165.6431 meV
     lambda___(   5 )=       0.000000   gamma___=       0.000000 meV  omega=    167.2891 meV   on_shell_Omega=    167.3590 meV  off_shell_Omega=    167.3590 meV
     lambda_tr(   5 )=      -0.000000   gamma_tr=      -0.000000 meV  omega=    167.2891 meV   on_shell_Omega=    167.3590 meV  off_shell_Omega=    167.3590 meV
     lambda___(   6 )=       0.000000   gamma___=       0.000000 meV  omega=    173.7883 meV   on_shell_Omega=    173.8305 meV  off_shell_Omega=    173.8305 meV
     lambda_tr(   6 )=      -0.000000   gamma_tr=      -0.000000 meV  omega=    173.7883 meV   on_shell_Omega=    173.8305 meV  off_shell_Omega=    173.8305 meV
     lambda___( tot )=       0.000000
     lambda_tr( tot )=      -0.000000
     -------------------------------------------------------------------


     Number of (k,k+q) pairs on the Fermi surface:      304 out of      324


     ismear =     1 iq =     173 coord.:   0.50000  0.55556  0.00000 wt:   0.00309 Temp:  300.000K
     -------------------------------------------------------------------
     lambda___(   1 )=       0.000000   gamma___=       0.000000 meV  omega=     56.5857 meV   on_shell_Omega=     56.6269 meV  off_shell_Omega=     56.6269 meV
     lambda_tr(   1 )=       0.000000   gamma_tr=       0.000000 meV  omega=     56.5857 meV   on_shell_Omega=     56.6269 meV  off_shell_Omega=     56.6269 meV
     lambda___(   2 )=       0.000000   gamma___=       0.000000 meV  omega=     79.1181 meV   on_shell_Omega=     79.1379 meV  off_shell_Omega=     79.1379 meV
     lambda_tr(   2 )=       0.000000   gamma_tr=       0.000000 meV  omega=     79.1181 meV   on_shell_Omega=     79.1379 meV  off_shell_Omega=     79.1379 meV
     lambda___(   3 )=       0.000000   gamma___=       0.000000 meV  omega=     80.2498 meV   on_shell_Omega=     80.2514 meV  off_shell_Omega=     80.2514 meV
     lambda_tr(   3 )=       0.000000   gamma_tr=       0.000000 meV  omega=     80.2498 meV   on_shell_Omega=     80.2514 meV  off_shell_Omega=     80.2514 meV
     lambda___(   4 )=       0.000000   gamma___=       0.000000 meV  omega=    159.6660 meV   on_shell_Omega=    159.6736 meV  off_shell_Omega=    159.6736 meV
     lambda_tr(   4 )=       0.000000   gamma_tr=       0.000000 meV  omega=    159.6660 meV   on_shell_Omega=    159.6736 meV  off_shell_Omega=    159.6736 meV
     lambda___(   5 )=       0.000000   gamma___=       0.000000 meV  omega=    171.2957 meV   on_shell_Omega=    171.3109 meV  off_shell_Omega=    171.3109 meV
     lambda_tr(   5 )=       0.000000   gamma_tr=       0.000000 meV  omega=    171.2957 meV   on_shell_Omega=    171.3109 meV  off_shell_Omega=    171.3109 meV
     lambda___(   6 )=       0.000000   gamma___=       0.000000 meV  omega=    173.8118 meV   on_shell_Omega=    173.8668 meV  off_shell_Omega=    173.8668 meV
     lambda_tr(   6 )=       0.000000   gamma_tr=       0.000000 meV  omega=    173.8118 meV   on_shell_Omega=    173.8668 meV  off_shell_Omega=    173.8668 meV
     lambda___( tot )=       0.000000
     lambda_tr( tot )=       0.000000
     -------------------------------------------------------------------


     Number of (k,k+q) pairs on the Fermi surface:      302 out of      324


     ismear =     1 iq =     174 coord.:   0.50000  0.61111  0.00000 wt:   0.00309 Temp:  300.000K
     -------------------------------------------------------------------
     lambda___(   1 )=      -0.000000   gamma___=      -0.000000 meV  omega=     53.1568 meV   on_shell_Omega=     53.1598 meV  off_shell_Omega=     53.1598 meV
     lambda_tr(   1 )=      -0.000000   gamma_tr=      -0.000000 meV  omega=     53.1568 meV   on_shell_Omega=     53.1598 meV  off_shell_Omega=     53.1598 meV
     lambda___(   2 )=      -0.000000   gamma___=      -0.000000 meV  omega=     81.0176 meV   on_shell_Omega=     81.0173 meV  off_shell_Omega=     81.0173 meV
     lambda_tr(   2 )=      -0.000000   gamma_tr=      -0.000000 meV  omega=     81.0176 meV   on_shell_Omega=     81.0173 meV  off_shell_Omega=     81.0173 meV
     lambda___(   3 )=      -0.000000   gamma___=      -0.000000 meV  omega=     87.1405 meV   on_shell_Omega=     87.1445 meV  off_shell_Omega=     87.1445 meV
     lambda_tr(   3 )=      -0.000000   gamma_tr=      -0.000000 meV  omega=     87.1405 meV   on_shell_Omega=     87.1445 meV  off_shell_Omega=     87.1445 meV
     lambda___(   4 )=       0.000000   gamma___=       0.000000 meV  omega=    151.5827 meV   on_shell_Omega=    151.5955 meV  off_shell_Omega=    151.5955 meV
     lambda_tr(   4 )=       0.000000   gamma_tr=       0.000000 meV  omega=    151.5827 meV   on_shell_Omega=    151.5955 meV  off_shell_Omega=    151.5955 meV
     lambda___(   5 )=       0.000000   gamma___=       0.000000 meV  omega=    172.7642 meV   on_shell_Omega=    172.8476 meV  off_shell_Omega=    172.8476 meV
     lambda_tr(   5 )=       0.000000   gamma_tr=       0.000000 meV  omega=    172.7642 meV   on_shell_Omega=    172.8476 meV  off_shell_Omega=    172.8476 meV
     lambda___(   6 )=       0.000000   gamma___=       0.000000 meV  omega=    174.4673 meV   on_shell_Omega=    174.5501 meV  off_shell_Omega=    174.5501 meV
     lambda_tr(   6 )=       0.000000   gamma_tr=       0.000000 meV  omega=    174.4673 meV   on_shell_Omega=    174.5501 meV  off_shell_Omega=    174.5501 meV
     lambda___( tot )=       0.000000
     lambda_tr( tot )=       0.000000
     -------------------------------------------------------------------


     Number of (k,k+q) pairs on the Fermi surface:      303 out of      324


     ismear =     1 iq =     175 coord.:   0.50000  0.66667  0.00000 wt:   0.00309 Temp:  300.000K
     -------------------------------------------------------------------
     lambda___(   1 )=       0.000000   gamma___=       0.000000 meV  omega=     49.6179 meV   on_shell_Omega=     49.6122 meV  off_shell_Omega=     49.6122 meV
     lambda_tr(   1 )=       0.000000   gamma_tr=       0.000000 meV  omega=     49.6179 meV   on_shell_Omega=     49.6122 meV  off_shell_Omega=     49.6122 meV
     lambda___(   2 )=       0.000000   gamma___=       0.000000 meV  omega=     82.7207 meV   on_shell_Omega=     82.7698 meV  off_shell_Omega=     82.7698 meV
     lambda_tr(   2 )=       0.000000   gamma_tr=       0.000000 meV  omega=     82.7207 meV   on_shell_Omega=     82.7698 meV  off_shell_Omega=     82.7698 meV
     lambda___(   3 )=       0.000000   gamma___=       0.000000 meV  omega=     96.2760 meV   on_shell_Omega=     96.2858 meV  off_shell_Omega=     96.2858 meV
     lambda_tr(   3 )=       0.000000   gamma_tr=       0.000000 meV  omega=     96.2760 meV   on_shell_Omega=     96.2858 meV  off_shell_Omega=     96.2858 meV
     lambda___(   4 )=       0.000000   gamma___=       0.000000 meV  omega=    142.9427 meV   on_shell_Omega=    142.9619 meV  off_shell_Omega=    142.9619 meV
     lambda_tr(   4 )=       0.000000   gamma_tr=       0.000000 meV  omega=    142.9427 meV   on_shell_Omega=    142.9619 meV  off_shell_Omega=    142.9619 meV
     lambda___(   5 )=       0.000000   gamma___=       0.000000 meV  omega=    171.6981 meV   on_shell_Omega=    171.9137 meV  off_shell_Omega=    171.7819 meV
     lambda_tr(   5 )=      -0.000000   gamma_tr=      -0.000000 meV  omega=    171.6981 meV   on_shell_Omega=    171.9137 meV  off_shell_Omega=    171.7819 meV
     lambda___(   6 )=       0.000000   gamma___=       0.000000 meV  omega=    175.1952 meV   on_shell_Omega=    175.2480 meV  off_shell_Omega=    175.2480 meV
     lambda_tr(   6 )=      -0.000000   gamma_tr=      -0.000000 meV  omega=    175.1952 meV   on_shell_Omega=    175.2480 meV  off_shell_Omega=    175.2480 meV
     lambda___( tot )=       0.000000
     lambda_tr( tot )=      -0.000000
     -------------------------------------------------------------------


     Number of (k,k+q) pairs on the Fermi surface:      303 out of      324


     ismear =     1 iq =     176 coord.:   0.50000  0.72222  0.00000 wt:   0.00309 Temp:  300.000K
     -------------------------------------------------------------------
     lambda___(   1 )=       0.000000   gamma___=       0.000000 meV  omega=     47.4287 meV   on_shell_Omega=     47.4351 meV  off_shell_Omega=     47.4351 meV
     lambda_tr(   1 )=       0.000000   gamma_tr=       0.000000 meV  omega=     47.4287 meV   on_shell_Omega=     47.4351 meV  off_shell_Omega=     47.4351 meV
     lambda___(   2 )=       0.000000   gamma___=       0.000000 meV  omega=     83.6551 meV   on_shell_Omega=     83.7229 meV  off_shell_Omega=     83.7229 meV
     lambda_tr(   2 )=       0.000000   gamma_tr=       0.000000 meV  omega=     83.6551 meV   on_shell_Omega=     83.7229 meV  off_shell_Omega=     83.7229 meV
     lambda___(   3 )=       0.000000   gamma___=       0.000000 meV  omega=    103.9550 meV   on_shell_Omega=    103.9779 meV  off_shell_Omega=    103.9779 meV
     lambda_tr(   3 )=       0.000000   gamma_tr=       0.000000 meV  omega=    103.9550 meV   on_shell_Omega=    103.9779 meV  off_shell_Omega=    103.9779 meV
     lambda___(   4 )=       0.000000   gamma___=       0.000000 meV  omega=    135.9642 meV   on_shell_Omega=    135.9881 meV  off_shell_Omega=    135.9881 meV
     lambda_tr(   4 )=       0.000000   gamma_tr=       0.000000 meV  omega=    135.9642 meV   on_shell_Omega=    135.9881 meV  off_shell_Omega=    135.9881 meV
     lambda___(   5 )=       0.000000   gamma___=       0.000000 meV  omega=    170.5131 meV   on_shell_Omega=    170.6087 meV  off_shell_Omega=    170.6087 meV
     lambda_tr(   5 )=       0.000000   gamma_tr=       0.000000 meV  omega=    170.5131 meV   on_shell_Omega=    170.6087 meV  off_shell_Omega=    170.6087 meV
     lambda___(   6 )=       0.000000   gamma___=       0.000000 meV  omega=    175.2535 meV   on_shell_Omega=    175.2800 meV  off_shell_Omega=    175.2800 meV
     lambda_tr(   6 )=       0.000000   gamma_tr=       0.000000 meV  omega=    175.2535 meV   on_shell_Omega=    175.2800 meV  off_shell_Omega=    175.2800 meV
     lambda___( tot )=       0.000000
     lambda_tr( tot )=       0.000000
     -------------------------------------------------------------------


     Number of (k,k+q) pairs on the Fermi surface:      302 out of      324


     ismear =     1 iq =     177 coord.:   0.50000  0.77778  0.00000 wt:   0.00309 Temp:  300.000K
     -------------------------------------------------------------------
     lambda___(   1 )=       0.000000   gamma___=       0.000000 meV  omega=     47.4287 meV   on_shell_Omega=     47.3844 meV  off_shell_Omega=     47.3844 meV
     lambda_tr(   1 )=       0.000000   gamma_tr=       0.000000 meV  omega=     47.4287 meV   on_shell_Omega=     47.3844 meV  off_shell_Omega=     47.3844 meV
     lambda___(   2 )=       0.000000   gamma___=       0.000000 meV  omega=     83.6551 meV   on_shell_Omega=     83.7422 meV  off_shell_Omega=     83.7422 meV
     lambda_tr(   2 )=       0.000000   gamma_tr=       0.000000 meV  omega=     83.6551 meV   on_shell_Omega=     83.7422 meV  off_shell_Omega=     83.7422 meV
     lambda___(   3 )=       0.000000   gamma___=       0.000000 meV  omega=    103.9550 meV   on_shell_Omega=    103.9749 meV  off_shell_Omega=    103.9749 meV
     lambda_tr(   3 )=       0.000000   gamma_tr=       0.000000 meV  omega=    103.9550 meV   on_shell_Omega=    103.9749 meV  off_shell_Omega=    103.9749 meV
     lambda___(   4 )=       0.000000   gamma___=       0.000000 meV  omega=    135.9642 meV   on_shell_Omega=    135.9871 meV  off_shell_Omega=    135.9871 meV
     lambda_tr(   4 )=       0.000000   gamma_tr=       0.000000 meV  omega=    135.9642 meV   on_shell_Omega=    135.9871 meV  off_shell_Omega=    135.9871 meV
     lambda___(   5 )=       0.000000   gamma___=       0.000000 meV  omega=    170.5131 meV   on_shell_Omega=    170.6601 meV  off_shell_Omega=    170.5964 meV
     lambda_tr(   5 )=       0.000000   gamma_tr=       0.000000 meV  omega=    170.5131 meV   on_shell_Omega=    170.6601 meV  off_shell_Omega=    170.5964 meV
     lambda___(   6 )=       0.000000   gamma___=       0.000000 meV  omega=    175.2535 meV   on_shell_Omega=    175.2957 meV  off_shell_Omega=    175.2957 meV
     lambda_tr(   6 )=       0.000000   gamma_tr=       0.000000 meV  omega=    175.2535 meV   on_shell_Omega=    175.2957 meV  off_shell_Omega=    175.2957 meV
     lambda___( tot )=       0.000000
     lambda_tr( tot )=       0.000000
     -------------------------------------------------------------------


     Number of (k,k+q) pairs on the Fermi surface:      302 out of      324


     ismear =     1 iq =     178 coord.:   0.50000  0.83333  0.00000 wt:   0.00309 Temp:  300.000K
     -------------------------------------------------------------------
     lambda___(   1 )=       0.000000   gamma___=       0.000000 meV  omega=     49.6179 meV   on_shell_Omega=     49.6270 meV  off_shell_Omega=     49.6270 meV
     lambda_tr(   1 )=       0.000000   gamma_tr=       0.000000 meV  omega=     49.6179 meV   on_shell_Omega=     49.6270 meV  off_shell_Omega=     49.6270 meV
     lambda___(   2 )=       0.000000   gamma___=       0.000000 meV  omega=     82.7207 meV   on_shell_Omega=     82.7873 meV  off_shell_Omega=     82.7873 meV
     lambda_tr(   2 )=       0.000000   gamma_tr=       0.000000 meV  omega=     82.7207 meV   on_shell_Omega=     82.7873 meV  off_shell_Omega=     82.7873 meV
     lambda___(   3 )=       0.000000   gamma___=       0.000000 meV  omega=     96.2760 meV   on_shell_Omega=     96.2854 meV  off_shell_Omega=     96.2854 meV
     lambda_tr(   3 )=       0.000000   gamma_tr=       0.000000 meV  omega=     96.2760 meV   on_shell_Omega=     96.2854 meV  off_shell_Omega=     96.2854 meV
     lambda___(   4 )=       0.000000   gamma___=       0.000000 meV  omega=    142.9427 meV   on_shell_Omega=    142.9606 meV  off_shell_Omega=    142.9606 meV
     lambda_tr(   4 )=       0.000000   gamma_tr=       0.000000 meV  omega=    142.9427 meV   on_shell_Omega=    142.9606 meV  off_shell_Omega=    142.9606 meV
     lambda___(   5 )=       0.000000   gamma___=       0.000000 meV  omega=    171.6981 meV   on_shell_Omega=    171.8893 meV  off_shell_Omega=    171.7819 meV
     lambda_tr(   5 )=       0.000000   gamma_tr=       0.000000 meV  omega=    171.6981 meV   on_shell_Omega=    171.8893 meV  off_shell_Omega=    171.7819 meV
     lambda___(   6 )=       0.000000   gamma___=       0.000000 meV  omega=    175.1952 meV   on_shell_Omega=    175.2587 meV  off_shell_Omega=    175.2587 meV
     lambda_tr(   6 )=       0.000000   gamma_tr=       0.000000 meV  omega=    175.1952 meV   on_shell_Omega=    175.2587 meV  off_shell_Omega=    175.2587 meV
     lambda___( tot )=       0.000000
     lambda_tr( tot )=       0.000000
     -------------------------------------------------------------------


     Number of (k,k+q) pairs on the Fermi surface:      302 out of      324


     ismear =     1 iq =     179 coord.:   0.50000  0.88889  0.00000 wt:   0.00309 Temp:  300.000K
     -------------------------------------------------------------------
     lambda___(   1 )=       0.000000   gamma___=       0.000000 meV  omega=     53.1568 meV   on_shell_Omega=     53.1838 meV  off_shell_Omega=     53.1838 meV
     lambda_tr(   1 )=       0.000000   gamma_tr=       0.000000 meV  omega=     53.1568 meV   on_shell_Omega=     53.1838 meV  off_shell_Omega=     53.1838 meV
     lambda___(   2 )=       0.000000   gamma___=       0.000000 meV  omega=     81.0176 meV   on_shell_Omega=     81.0447 meV  off_shell_Omega=     81.0447 meV
     lambda_tr(   2 )=       0.000000   gamma_tr=       0.000000 meV  omega=     81.0176 meV   on_shell_Omega=     81.0447 meV  off_shell_Omega=     81.0447 meV
     lambda___(   3 )=       0.000000   gamma___=       0.000000 meV  omega=     87.1405 meV   on_shell_Omega=     87.1452 meV  off_shell_Omega=     87.1452 meV
     lambda_tr(   3 )=       0.000000   gamma_tr=       0.000000 meV  omega=     87.1405 meV   on_shell_Omega=     87.1452 meV  off_shell_Omega=     87.1452 meV
     lambda___(   4 )=       0.000000   gamma___=       0.000000 meV  omega=    151.5827 meV   on_shell_Omega=    151.5966 meV  off_shell_Omega=    151.5966 meV
     lambda_tr(   4 )=      -0.000000   gamma_tr=      -0.000000 meV  omega=    151.5827 meV   on_shell_Omega=    151.5966 meV  off_shell_Omega=    151.5966 meV
     lambda___(   5 )=       0.000000   gamma___=       0.000000 meV  omega=    172.7642 meV   on_shell_Omega=    172.8471 meV  off_shell_Omega=    172.8471 meV
     lambda_tr(   5 )=      -0.000000   gamma_tr=      -0.000000 meV  omega=    172.7642 meV   on_shell_Omega=    172.8471 meV  off_shell_Omega=    172.8471 meV
     lambda___(   6 )=       0.000000   gamma___=       0.000000 meV  omega=    174.4673 meV   on_shell_Omega=    174.5817 meV  off_shell_Omega=    174.5817 meV
     lambda_tr(   6 )=      -0.000000   gamma_tr=      -0.000000 meV  omega=    174.4673 meV   on_shell_Omega=    174.5817 meV  off_shell_Omega=    174.5817 meV
     lambda___( tot )=       0.000000
     lambda_tr( tot )=      -0.000000
     -------------------------------------------------------------------


     Number of (k,k+q) pairs on the Fermi surface:      302 out of      324


     ismear =     1 iq =     180 coord.:   0.50000  0.94444  0.00000 wt:   0.00309 Temp:  300.000K
     -------------------------------------------------------------------
     lambda___(   1 )=       0.000000   gamma___=       0.000000 meV  omega=     56.5857 meV   on_shell_Omega=     56.6312 meV  off_shell_Omega=     56.6312 meV
     lambda_tr(   1 )=      -0.000000   gamma_tr=      -0.000000 meV  omega=     56.5857 meV   on_shell_Omega=     56.6312 meV  off_shell_Omega=     56.6312 meV
     lambda___(   2 )=      -0.000000   gamma___=      -0.000000 meV  omega=     79.1181 meV   on_shell_Omega=     79.1468 meV  off_shell_Omega=     79.1468 meV
     lambda_tr(   2 )=      -0.000000   gamma_tr=      -0.000000 meV  omega=     79.1181 meV   on_shell_Omega=     79.1468 meV  off_shell_Omega=     79.1468 meV
     lambda___(   3 )=       0.000000   gamma___=       0.000000 meV  omega=     80.2498 meV   on_shell_Omega=     80.2511 meV  off_shell_Omega=     80.2511 meV
     lambda_tr(   3 )=      -0.000000   gamma_tr=      -0.000000 meV  omega=     80.2498 meV   on_shell_Omega=     80.2511 meV  off_shell_Omega=     80.2511 meV
     lambda___(   4 )=       0.000000   gamma___=       0.000000 meV  omega=    159.6660 meV   on_shell_Omega=    159.6743 meV  off_shell_Omega=    159.6743 meV
     lambda_tr(   4 )=       0.000000   gamma_tr=       0.000000 meV  omega=    159.6660 meV   on_shell_Omega=    159.6743 meV  off_shell_Omega=    159.6743 meV
     lambda___(   5 )=       0.000000   gamma___=       0.000000 meV  omega=    171.2957 meV   on_shell_Omega=    171.3247 meV  off_shell_Omega=    171.3247 meV
     lambda_tr(   5 )=       0.000000   gamma_tr=       0.000000 meV  omega=    171.2957 meV   on_shell_Omega=    171.3247 meV  off_shell_Omega=    171.3247 meV
     lambda___(   6 )=       0.000000   gamma___=       0.000000 meV  omega=    173.8118 meV   on_shell_Omega=    173.8974 meV  off_shell_Omega=    173.8974 meV
     lambda_tr(   6 )=       0.000000   gamma_tr=       0.000000 meV  omega=    173.8118 meV   on_shell_Omega=    173.8974 meV  off_shell_Omega=    173.8974 meV
     lambda___( tot )=       0.000000
     lambda_tr( tot )=      -0.000000
     -------------------------------------------------------------------


     Number of (k,k+q) pairs on the Fermi surface:      302 out of      324


     ismear =     1 iq =     181 coord.:   0.55556  0.00000  0.00000 wt:   0.00309 Temp:  300.000K
     -------------------------------------------------------------------
     lambda___(   1 )=      -0.000000   gamma___=      -0.000000 meV  omega=     53.1306 meV   on_shell_Omega=     53.1350 meV  off_shell_Omega=     53.1350 meV
     lambda_tr(   1 )=       0.000000   gamma_tr=       0.000000 meV  omega=     53.1306 meV   on_shell_Omega=     53.1350 meV  off_shell_Omega=     53.1350 meV
     lambda___(   2 )=      -0.000000   gamma___=      -0.000000 meV  omega=     76.7858 meV   on_shell_Omega=     76.7858 meV  off_shell_Omega=     76.7858 meV
     lambda_tr(   2 )=       0.000000   gamma_tr=       0.000000 meV  omega=     76.7858 meV   on_shell_Omega=     76.7858 meV  off_shell_Omega=     76.7858 meV
     lambda___(   3 )=      -0.000000   gamma___=      -0.000000 meV  omega=     82.1742 meV   on_shell_Omega=     82.2039 meV  off_shell_Omega=     82.2039 meV
     lambda_tr(   3 )=       0.000000   gamma_tr=       0.000000 meV  omega=     82.1742 meV   on_shell_Omega=     82.2039 meV  off_shell_Omega=     82.2039 meV
     lambda___(   4 )=       0.000000   gamma___=       0.000000 meV  omega=    154.4491 meV   on_shell_Omega=    154.4696 meV  off_shell_Omega=    154.4696 meV
     lambda_tr(   4 )=       0.000000   gamma_tr=       0.000000 meV  omega=    154.4491 meV   on_shell_Omega=    154.4696 meV  off_shell_Omega=    154.4696 meV
     lambda___(   5 )=       0.000000   gamma___=       0.000000 meV  omega=    174.3846 meV   on_shell_Omega=    174.4666 meV  off_shell_Omega=    174.4666 meV
     lambda_tr(   5 )=       0.000000   gamma_tr=       0.000000 meV  omega=    174.3846 meV   on_shell_Omega=    174.4666 meV  off_shell_Omega=    174.4666 meV
     lambda___(   6 )=       0.000000   gamma___=       0.000000 meV  omega=    176.6245 meV   on_shell_Omega=    176.6639 meV  off_shell_Omega=    176.6639 meV
     lambda_tr(   6 )=       0.000000   gamma_tr=       0.000000 meV  omega=    176.6245 meV   on_shell_Omega=    176.6639 meV  off_shell_Omega=    176.6639 meV
     lambda___( tot )=       0.000000
     lambda_tr( tot )=       0.000000
     -------------------------------------------------------------------


     Number of (k,k+q) pairs on the Fermi surface:      302 out of      324


     ismear =     1 iq =     182 coord.:   0.55556  0.05556  0.00000 wt:   0.00309 Temp:  300.000K
     -------------------------------------------------------------------
     lambda___(   1 )=       0.000000   gamma___=       0.000000 meV  omega=     48.4979 meV   on_shell_Omega=     48.5473 meV  off_shell_Omega=     48.5473 meV
     lambda_tr(   1 )=       0.000000   gamma_tr=       0.000000 meV  omega=     48.4979 meV   on_shell_Omega=     48.5473 meV  off_shell_Omega=     48.5473 meV
     lambda___(   2 )=       0.000000   gamma___=       0.000000 meV  omega=     78.3731 meV   on_shell_Omega=     78.3765 meV  off_shell_Omega=     78.3765 meV
     lambda_tr(   2 )=       0.000000   gamma_tr=       0.000000 meV  omega=     78.3731 meV   on_shell_Omega=     78.3765 meV  off_shell_Omega=     78.3765 meV
     lambda___(   3 )=       0.000000   gamma___=       0.000000 meV  omega=     85.3159 meV   on_shell_Omega=     85.3474 meV  off_shell_Omega=     85.3474 meV
     lambda_tr(   3 )=       0.000000   gamma_tr=       0.000000 meV  omega=     85.3159 meV   on_shell_Omega=     85.3474 meV  off_shell_Omega=     85.3474 meV
     lambda___(   4 )=       0.000000   gamma___=       0.000000 meV  omega=    146.8895 meV   on_shell_Omega=    146.9099 meV  off_shell_Omega=    146.9099 meV
     lambda_tr(   4 )=       0.000000   gamma_tr=       0.000000 meV  omega=    146.8895 meV   on_shell_Omega=    146.9099 meV  off_shell_Omega=    146.9099 meV
     lambda___(   5 )=       0.000000   gamma___=       0.000000 meV  omega=    174.7597 meV   on_shell_Omega=    174.8904 meV  off_shell_Omega=    174.8904 meV
     lambda_tr(   5 )=       0.000000   gamma_tr=       0.000000 meV  omega=    174.7597 meV   on_shell_Omega=    174.8904 meV  off_shell_Omega=    174.8904 meV
     lambda___(   6 )=       0.000000   gamma___=       0.000000 meV  omega=    180.4973 meV   on_shell_Omega=    180.5428 meV  off_shell_Omega=    180.5428 meV
     lambda_tr(   6 )=       0.000000   gamma_tr=       0.000000 meV  omega=    180.4973 meV   on_shell_Omega=    180.5428 meV  off_shell_Omega=    180.5428 meV
     lambda___( tot )=       0.000000
     lambda_tr( tot )=       0.000000
     -------------------------------------------------------------------


     Number of (k,k+q) pairs on the Fermi surface:      302 out of      324


     ismear =     1 iq =     183 coord.:   0.55556  0.11111  0.00000 wt:   0.00309 Temp:  300.000K
     -------------------------------------------------------------------
     lambda___(   1 )=       0.000000   gamma___=       0.000000 meV  omega=     43.9791 meV   on_shell_Omega=     44.0123 meV  off_shell_Omega=     44.0123 meV
     lambda_tr(   1 )=       0.000000   gamma_tr=       0.000000 meV  omega=     43.9791 meV   on_shell_Omega=     44.0123 meV  off_shell_Omega=     44.0123 meV
     lambda___(   2 )=       0.000000   gamma___=       0.000000 meV  omega=     84.2729 meV   on_shell_Omega=     84.2812 meV  off_shell_Omega=     84.2812 meV
     lambda_tr(   2 )=       0.000000   gamma_tr=       0.000000 meV  omega=     84.2729 meV   on_shell_Omega=     84.2812 meV  off_shell_Omega=     84.2812 meV
     lambda___(   3 )=       0.000000   gamma___=       0.000000 meV  omega=     87.7828 meV   on_shell_Omega=     87.8288 meV  off_shell_Omega=     87.8288 meV
     lambda_tr(   3 )=       0.000000   gamma_tr=       0.000000 meV  omega=     87.7828 meV   on_shell_Omega=     87.8288 meV  off_shell_Omega=     87.8288 meV
     lambda___(   4 )=       0.000000   gamma___=       0.000000 meV  omega=    138.3899 meV   on_shell_Omega=    138.4092 meV  off_shell_Omega=    138.4092 meV
     lambda_tr(   4 )=       0.000000   gamma_tr=       0.000000 meV  omega=    138.3899 meV   on_shell_Omega=    138.4092 meV  off_shell_Omega=    138.4092 meV
     lambda___(   5 )=       0.000000   gamma___=       0.000000 meV  omega=    174.5013 meV   on_shell_Omega=    174.6642 meV  off_shell_Omega=    174.5865 meV
     lambda_tr(   5 )=       0.000000   gamma_tr=       0.000000 meV  omega=    174.5013 meV   on_shell_Omega=    174.6642 meV  off_shell_Omega=    174.5865 meV
     lambda___(   6 )=       0.000000   gamma___=       0.000000 meV  omega=    182.3305 meV   on_shell_Omega=    182.3822 meV  off_shell_Omega=    182.3822 meV
     lambda_tr(   6 )=       0.000000   gamma_tr=       0.000000 meV  omega=    182.3305 meV   on_shell_Omega=    182.3822 meV  off_shell_Omega=    182.3822 meV
     lambda___( tot )=       0.000000
     lambda_tr( tot )=       0.000000
     -------------------------------------------------------------------


     Number of (k,k+q) pairs on the Fermi surface:      303 out of      324


     ismear =     1 iq =     184 coord.:   0.55556  0.16667  0.00000 wt:   0.00309 Temp:  300.000K
     -------------------------------------------------------------------
     lambda___(   1 )=       0.000000   gamma___=       0.000000 meV  omega=     40.7202 meV   on_shell_Omega=     40.7169 meV  off_shell_Omega=     40.7169 meV
     lambda_tr(   1 )=      -0.000000   gamma_tr=      -0.000000 meV  omega=     40.7202 meV   on_shell_Omega=     40.7169 meV  off_shell_Omega=     40.7169 meV
     lambda___(   2 )=       0.000000   gamma___=       0.000000 meV  omega=     89.2740 meV   on_shell_Omega=     89.3409 meV  off_shell_Omega=     89.3409 meV
     lambda_tr(   2 )=      -0.000000   gamma_tr=      -0.000000 meV  omega=     89.2740 meV   on_shell_Omega=     89.3409 meV  off_shell_Omega=     89.3409 meV
     lambda___(   3 )=       0.000000   gamma___=       0.000000 meV  omega=     91.7457 meV   on_shell_Omega=     91.7646 meV  off_shell_Omega=     91.7646 meV
     lambda_tr(   3 )=      -0.000000   gamma_tr=      -0.000000 meV  omega=     91.7457 meV   on_shell_Omega=     91.7646 meV  off_shell_Omega=     91.7646 meV
     lambda___(   4 )=       0.000000   gamma___=       0.000000 meV  omega=    130.4081 meV   on_shell_Omega=    130.4295 meV  off_shell_Omega=    130.4295 meV
     lambda_tr(   4 )=      -0.000000   gamma_tr=      -0.000000 meV  omega=    130.4081 meV   on_shell_Omega=    130.4295 meV  off_shell_Omega=    130.4295 meV
     lambda___(   5 )=       0.000000   gamma___=       0.000000 meV  omega=    173.7374 meV   on_shell_Omega=    173.9608 meV  off_shell_Omega=    174.0343 meV
     lambda_tr(   5 )=       0.000000   gamma_tr=       0.000000 meV  omega=    173.7374 meV   on_shell_Omega=    173.9608 meV  off_shell_Omega=    174.0343 meV
     lambda___(   6 )=       0.000000   gamma___=       0.000000 meV  omega=    182.6978 meV   on_shell_Omega=    182.7569 meV  off_shell_Omega=    182.7569 meV
     lambda_tr(   6 )=       0.000000   gamma_tr=       0.000000 meV  omega=    182.6978 meV   on_shell_Omega=    182.7569 meV  off_shell_Omega=    182.7569 meV
     lambda___( tot )=       0.000000
     lambda_tr( tot )=       0.000000
     -------------------------------------------------------------------


     Number of (k,k+q) pairs on the Fermi surface:      302 out of      324


     ismear =     1 iq =     185 coord.:   0.55556  0.22222  0.00000 wt:   0.00309 Temp:  300.000K
     -------------------------------------------------------------------
     lambda___(   1 )=       0.000000   gamma___=       0.000000 meV  omega=     39.5398 meV   on_shell_Omega=     39.5106 meV  off_shell_Omega=     39.5106 meV
     lambda_tr(   1 )=       0.000000   gamma_tr=       0.000000 meV  omega=     39.5398 meV   on_shell_Omega=     39.5106 meV  off_shell_Omega=     39.5106 meV
     lambda___(   2 )=       0.000000   gamma___=       0.000000 meV  omega=     89.7607 meV   on_shell_Omega=     89.8213 meV  off_shell_Omega=     89.8213 meV
     lambda_tr(   2 )=       0.000000   gamma_tr=       0.000000 meV  omega=     89.7607 meV   on_shell_Omega=     89.8213 meV  off_shell_Omega=     89.8213 meV
     lambda___(   3 )=       0.000000   gamma___=       0.000000 meV  omega=     95.6620 meV   on_shell_Omega=     95.6929 meV  off_shell_Omega=     95.6929 meV
     lambda_tr(   3 )=       0.000000   gamma_tr=       0.000000 meV  omega=     95.6620 meV   on_shell_Omega=     95.6929 meV  off_shell_Omega=     95.6929 meV
     lambda___(   4 )=       0.000000   gamma___=       0.000000 meV  omega=    126.5404 meV   on_shell_Omega=    126.5542 meV  off_shell_Omega=    126.5542 meV
     lambda_tr(   4 )=       0.000000   gamma_tr=       0.000000 meV  omega=    126.5404 meV   on_shell_Omega=    126.5542 meV  off_shell_Omega=    126.5542 meV
     lambda___(   5 )=       0.000000   gamma___=       0.000000 meV  omega=    173.3042 meV   on_shell_Omega=    173.5074 meV  off_shell_Omega=    173.3888 meV
     lambda_tr(   5 )=       0.000000   gamma_tr=       0.000000 meV  omega=    173.3042 meV   on_shell_Omega=    173.5074 meV  off_shell_Omega=    173.3888 meV
     lambda___(   6 )=       0.000000   gamma___=       0.000000 meV  omega=    182.6424 meV   on_shell_Omega=    182.6789 meV  off_shell_Omega=    182.6789 meV
     lambda_tr(   6 )=       0.000000   gamma_tr=       0.000000 meV  omega=    182.6424 meV   on_shell_Omega=    182.6789 meV  off_shell_Omega=    182.6789 meV
     lambda___( tot )=       0.000000
     lambda_tr( tot )=       0.000000
     -------------------------------------------------------------------


     Number of (k,k+q) pairs on the Fermi surface:      302 out of      324


     ismear =     1 iq =     186 coord.:   0.55556  0.27778  0.00000 wt:   0.00309 Temp:  300.000K
     -------------------------------------------------------------------
     lambda___(   1 )=       0.000000   gamma___=       0.000000 meV  omega=     40.7202 meV   on_shell_Omega=     40.6990 meV  off_shell_Omega=     40.6990 meV
     lambda_tr(   1 )=       0.000000   gamma_tr=       0.000000 meV  omega=     40.7202 meV   on_shell_Omega=     40.6990 meV  off_shell_Omega=     40.6990 meV
     lambda___(   2 )=       0.000000   gamma___=       0.000000 meV  omega=     89.2740 meV   on_shell_Omega=     89.3333 meV  off_shell_Omega=     89.3333 meV
     lambda_tr(   2 )=       0.000000   gamma_tr=       0.000000 meV  omega=     89.2740 meV   on_shell_Omega=     89.3333 meV  off_shell_Omega=     89.3333 meV
     lambda___(   3 )=       0.000000   gamma___=       0.000000 meV  omega=     91.7457 meV   on_shell_Omega=     91.7685 meV  off_shell_Omega=     91.7685 meV
     lambda_tr(   3 )=       0.000000   gamma_tr=       0.000000 meV  omega=     91.7457 meV   on_shell_Omega=     91.7685 meV  off_shell_Omega=     91.7685 meV
     lambda___(   4 )=       0.000000   gamma___=       0.000000 meV  omega=    130.4081 meV   on_shell_Omega=    130.4230 meV  off_shell_Omega=    130.4230 meV
     lambda_tr(   4 )=       0.000000   gamma_tr=       0.000000 meV  omega=    130.4081 meV   on_shell_Omega=    130.4230 meV  off_shell_Omega=    130.4230 meV
     lambda___(   5 )=       0.000000   gamma___=       0.000000 meV  omega=    173.7374 meV   on_shell_Omega=    174.0101 meV  off_shell_Omega=    174.0343 meV
     lambda_tr(   5 )=       0.000000   gamma_tr=       0.000000 meV  omega=    173.7374 meV   on_shell_Omega=    174.0101 meV  off_shell_Omega=    174.0343 meV
     lambda___(   6 )=       0.000000   gamma___=       0.000000 meV  omega=    182.6978 meV   on_shell_Omega=    182.7429 meV  off_shell_Omega=    182.7429 meV
     lambda_tr(   6 )=       0.000000   gamma_tr=       0.000000 meV  omega=    182.6978 meV   on_shell_Omega=    182.7429 meV  off_shell_Omega=    182.7429 meV
     lambda___( tot )=       0.000000
     lambda_tr( tot )=       0.000000
     -------------------------------------------------------------------


     Number of (k,k+q) pairs on the Fermi surface:      302 out of      324


     ismear =     1 iq =     187 coord.:   0.55556  0.33333  0.00000 wt:   0.00309 Temp:  300.000K
     -------------------------------------------------------------------
     lambda___(   1 )=      -0.000000   gamma___=      -0.000000 meV  omega=     43.9791 meV   on_shell_Omega=     43.9940 meV  off_shell_Omega=     43.9940 meV
     lambda_tr(   1 )=       0.000000   gamma_tr=       0.000000 meV  omega=     43.9791 meV   on_shell_Omega=     43.9940 meV  off_shell_Omega=     43.9940 meV
     lambda___(   2 )=       0.000000   gamma___=       0.000000 meV  omega=     84.2729 meV   on_shell_Omega=     84.2799 meV  off_shell_Omega=     84.2799 meV
     lambda_tr(   2 )=       0.000000   gamma_tr=       0.000000 meV  omega=     84.2729 meV   on_shell_Omega=     84.2799 meV  off_shell_Omega=     84.2799 meV
     lambda___(   3 )=       0.000000   gamma___=       0.000000 meV  omega=     87.7828 meV   on_shell_Omega=     87.8038 meV  off_shell_Omega=     87.8038 meV
     lambda_tr(   3 )=       0.000000   gamma_tr=       0.000000 meV  omega=     87.7828 meV   on_shell_Omega=     87.8038 meV  off_shell_Omega=     87.8038 meV
     lambda___(   4 )=       0.000000   gamma___=       0.000000 meV  omega=    138.3899 meV   on_shell_Omega=    138.4061 meV  off_shell_Omega=    138.4061 meV
     lambda_tr(   4 )=       0.000000   gamma_tr=       0.000000 meV  omega=    138.3899 meV   on_shell_Omega=    138.4061 meV  off_shell_Omega=    138.4061 meV
     lambda___(   5 )=       0.000000   gamma___=       0.000000 meV  omega=    174.5013 meV   on_shell_Omega=    174.6887 meV  off_shell_Omega=    174.5865 meV
     lambda_tr(   5 )=      -0.000000   gamma_tr=      -0.000000 meV  omega=    174.5013 meV   on_shell_Omega=    174.6887 meV  off_shell_Omega=    174.5865 meV
     lambda___(   6 )=       0.000000   gamma___=       0.000000 meV  omega=    182.3305 meV   on_shell_Omega=    182.3913 meV  off_shell_Omega=    182.3913 meV
     lambda_tr(   6 )=      -0.000000   gamma_tr=      -0.000000 meV  omega=    182.3305 meV   on_shell_Omega=    182.3913 meV  off_shell_Omega=    182.3913 meV
     lambda___( tot )=       0.000000
     lambda_tr( tot )=      -0.000000
     -------------------------------------------------------------------


     Number of (k,k+q) pairs on the Fermi surface:      303 out of      324


     ismear =     1 iq =     188 coord.:   0.55556  0.38889  0.00000 wt:   0.00309 Temp:  300.000K
     -------------------------------------------------------------------
     lambda___(   1 )=       0.000000   gamma___=       0.000000 meV  omega=     48.4979 meV   on_shell_Omega=     48.5096 meV  off_shell_Omega=     48.5096 meV
     lambda_tr(   1 )=       0.000000   gamma_tr=       0.000000 meV  omega=     48.4979 meV   on_shell_Omega=     48.5096 meV  off_shell_Omega=     48.5096 meV
     lambda___(   2 )=       0.000000   gamma___=       0.000000 meV  omega=     78.3731 meV   on_shell_Omega=     78.3742 meV  off_shell_Omega=     78.3742 meV
     lambda_tr(   2 )=       0.000000   gamma_tr=       0.000000 meV  omega=     78.3731 meV   on_shell_Omega=     78.3742 meV  off_shell_Omega=     78.3742 meV
     lambda___(   3 )=       0.000000   gamma___=       0.000000 meV  omega=     85.3159 meV   on_shell_Omega=     85.3059 meV  off_shell_Omega=     85.3059 meV
     lambda_tr(   3 )=       0.000000   gamma_tr=       0.000000 meV  omega=     85.3159 meV   on_shell_Omega=     85.3059 meV  off_shell_Omega=     85.3059 meV
     lambda___(   4 )=       0.000000   gamma___=       0.000000 meV  omega=    146.8895 meV   on_shell_Omega=    146.9161 meV  off_shell_Omega=    146.9161 meV
     lambda_tr(   4 )=       0.000000   gamma_tr=       0.000000 meV  omega=    146.8895 meV   on_shell_Omega=    146.9161 meV  off_shell_Omega=    146.9161 meV
     lambda___(   5 )=       0.000000   gamma___=       0.000000 meV  omega=    174.7597 meV   on_shell_Omega=    174.8473 meV  off_shell_Omega=    174.8473 meV
     lambda_tr(   5 )=       0.000000   gamma_tr=       0.000000 meV  omega=    174.7597 meV   on_shell_Omega=    174.8473 meV  off_shell_Omega=    174.8473 meV
     lambda___(   6 )=       0.000000   gamma___=       0.000000 meV  omega=    180.4973 meV   on_shell_Omega=    180.5477 meV  off_shell_Omega=    180.5477 meV
     lambda_tr(   6 )=       0.000000   gamma_tr=       0.000000 meV  omega=    180.4973 meV   on_shell_Omega=    180.5477 meV  off_shell_Omega=    180.5477 meV
     lambda___( tot )=       0.000000
     lambda_tr( tot )=       0.000000
     -------------------------------------------------------------------


     Number of (k,k+q) pairs on the Fermi surface:      302 out of      324


     ismear =     1 iq =     189 coord.:   0.55556  0.44444  0.00000 wt:   0.00309 Temp:  300.000K
     -------------------------------------------------------------------
     lambda___(   1 )=       0.000000   gamma___=       0.000000 meV  omega=     53.1306 meV   on_shell_Omega=     53.1537 meV  off_shell_Omega=     53.1537 meV
     lambda_tr(   1 )=      -0.000000   gamma_tr=      -0.000000 meV  omega=     53.1306 meV   on_shell_Omega=     53.1537 meV  off_shell_Omega=     53.1537 meV
     lambda___(   2 )=       0.000000   gamma___=       0.000000 meV  omega=     76.7858 meV   on_shell_Omega=     76.7861 meV  off_shell_Omega=     76.7861 meV
     lambda_tr(   2 )=      -0.000000   gamma_tr=      -0.000000 meV  omega=     76.7858 meV   on_shell_Omega=     76.7861 meV  off_shell_Omega=     76.7861 meV
     lambda___(   3 )=       0.000000   gamma___=       0.000000 meV  omega=     82.1742 meV   on_shell_Omega=     82.1751 meV  off_shell_Omega=     82.1751 meV
     lambda_tr(   3 )=      -0.000000   gamma_tr=      -0.000000 meV  omega=     82.1742 meV   on_shell_Omega=     82.1751 meV  off_shell_Omega=     82.1751 meV
     lambda___(   4 )=       0.000000   gamma___=       0.000000 meV  omega=    154.4491 meV   on_shell_Omega=    154.4697 meV  off_shell_Omega=    154.4697 meV
     lambda_tr(   4 )=      -0.000000   gamma_tr=      -0.000000 meV  omega=    154.4491 meV   on_shell_Omega=    154.4697 meV  off_shell_Omega=    154.4697 meV
     lambda___(   5 )=       0.000000   gamma___=       0.000000 meV  omega=    174.3846 meV   on_shell_Omega=    174.4530 meV  off_shell_Omega=    174.4530 meV
     lambda_tr(   5 )=      -0.000000   gamma_tr=      -0.000000 meV  omega=    174.3846 meV   on_shell_Omega=    174.4530 meV  off_shell_Omega=    174.4530 meV
     lambda___(   6 )=       0.000000   gamma___=       0.000000 meV  omega=    176.6245 meV   on_shell_Omega=    176.6578 meV  off_shell_Omega=    176.6578 meV
     lambda_tr(   6 )=      -0.000000   gamma_tr=      -0.000000 meV  omega=    176.6245 meV   on_shell_Omega=    176.6578 meV  off_shell_Omega=    176.6578 meV
     lambda___( tot )=       0.000000
     lambda_tr( tot )=      -0.000000
     -------------------------------------------------------------------


     Number of (k,k+q) pairs on the Fermi surface:      302 out of      324


     ismear =     1 iq =     190 coord.:   0.55556  0.50000  0.00000 wt:   0.00309 Temp:  300.000K
     -------------------------------------------------------------------
     lambda___(   1 )=      -0.000000   gamma___=      -0.000000 meV  omega=     56.6646 meV   on_shell_Omega=     56.7260 meV  off_shell_Omega=     56.7260 meV
     lambda_tr(   1 )=      -0.000000   gamma_tr=      -0.000000 meV  omega=     56.6646 meV   on_shell_Omega=     56.7260 meV  off_shell_Omega=     56.7260 meV
     lambda___(   2 )=      -0.000000   gamma___=      -0.000000 meV  omega=     79.0616 meV   on_shell_Omega=     79.0747 meV  off_shell_Omega=     79.0747 meV
     lambda_tr(   2 )=      -0.000000   gamma_tr=      -0.000000 meV  omega=     79.0616 meV   on_shell_Omega=     79.0747 meV  off_shell_Omega=     79.0747 meV
     lambda___(   3 )=      -0.000000   gamma___=      -0.000000 meV  omega=     80.2962 meV   on_shell_Omega=     80.2972 meV  off_shell_Omega=     80.2972 meV
     lambda_tr(   3 )=      -0.000000   gamma_tr=      -0.000000 meV  omega=     80.2962 meV   on_shell_Omega=     80.2972 meV  off_shell_Omega=     80.2972 meV
     lambda___(   4 )=       0.000000   gamma___=       0.000000 meV  omega=    160.2045 meV   on_shell_Omega=    160.2121 meV  off_shell_Omega=    160.2121 meV
     lambda_tr(   4 )=       0.000000   gamma_tr=       0.000000 meV  omega=    160.2045 meV   on_shell_Omega=    160.2121 meV  off_shell_Omega=    160.2121 meV
     lambda___(   5 )=       0.000000   gamma___=       0.000000 meV  omega=    170.8221 meV   on_shell_Omega=    170.8450 meV  off_shell_Omega=    170.8450 meV
     lambda_tr(   5 )=       0.000000   gamma_tr=       0.000000 meV  omega=    170.8221 meV   on_shell_Omega=    170.8450 meV  off_shell_Omega=    170.8450 meV
     lambda___(   6 )=       0.000000   gamma___=       0.000000 meV  omega=    173.7610 meV   on_shell_Omega=    173.8189 meV  off_shell_Omega=    173.8189 meV
     lambda_tr(   6 )=       0.000000   gamma_tr=       0.000000 meV  omega=    173.7610 meV   on_shell_Omega=    173.8189 meV  off_shell_Omega=    173.8189 meV
     lambda___( tot )=       0.000000
     lambda_tr( tot )=       0.000000
     -------------------------------------------------------------------


     Number of (k,k+q) pairs on the Fermi surface:      302 out of      324


     ismear =     1 iq =     191 coord.:   0.55556  0.55556  0.00000 wt:   0.00309 Temp:  300.000K
     -------------------------------------------------------------------
     lambda___(   1 )=       0.000000   gamma___=       0.000000 meV  omega=     57.9753 meV   on_shell_Omega=     57.9885 meV  off_shell_Omega=     57.9885 meV
     lambda_tr(   1 )=       0.000000   gamma_tr=       0.000000 meV  omega=     57.9753 meV   on_shell_Omega=     57.9885 meV  off_shell_Omega=     57.9885 meV
     lambda___(   2 )=       0.000000   gamma___=       0.000000 meV  omega=     77.0507 meV   on_shell_Omega=     77.0606 meV  off_shell_Omega=     77.0606 meV
     lambda_tr(   2 )=       0.000000   gamma_tr=       0.000000 meV  omega=     77.0507 meV   on_shell_Omega=     77.0606 meV  off_shell_Omega=     77.0606 meV
     lambda___(   3 )=       0.000000   gamma___=       0.000000 meV  omega=     88.0632 meV   on_shell_Omega=     88.0651 meV  off_shell_Omega=     88.0651 meV
     lambda_tr(   3 )=       0.000000   gamma_tr=       0.000000 meV  omega=     88.0632 meV   on_shell_Omega=     88.0651 meV  off_shell_Omega=     88.0651 meV
     lambda___(   4 )=       0.000000   gamma___=       0.000000 meV  omega=    162.4187 meV   on_shell_Omega=    162.4007 meV  off_shell_Omega=    162.4007 meV
     lambda_tr(   4 )=       0.000000   gamma_tr=       0.000000 meV  omega=    162.4187 meV   on_shell_Omega=    162.4007 meV  off_shell_Omega=    162.4007 meV
     lambda___(   5 )=       0.000000   gamma___=       0.000000 meV  omega=    164.9502 meV   on_shell_Omega=    164.9858 meV  off_shell_Omega=    164.9858 meV
     lambda_tr(   5 )=       0.000000   gamma_tr=       0.000000 meV  omega=    164.9502 meV   on_shell_Omega=    164.9858 meV  off_shell_Omega=    164.9858 meV
     lambda___(   6 )=       0.000000   gamma___=       0.000000 meV  omega=    172.6068 meV   on_shell_Omega=    172.7274 meV  off_shell_Omega=    172.7274 meV
     lambda_tr(   6 )=       0.000000   gamma_tr=       0.000000 meV  omega=    172.6068 meV   on_shell_Omega=    172.7274 meV  off_shell_Omega=    172.7274 meV
     lambda___( tot )=       0.000000
     lambda_tr( tot )=       0.000000
     -------------------------------------------------------------------


     Number of (k,k+q) pairs on the Fermi surface:      302 out of      324


     ismear =     1 iq =     192 coord.:   0.55556  0.61111  0.00000 wt:   0.00309 Temp:  300.000K
     -------------------------------------------------------------------
     lambda___(   1 )=       0.000000   gamma___=       0.000000 meV  omega=     56.9068 meV   on_shell_Omega=     56.8831 meV  off_shell_Omega=     56.8831 meV
     lambda_tr(   1 )=       0.000000   gamma_tr=       0.000000 meV  omega=     56.9068 meV   on_shell_Omega=     56.8831 meV  off_shell_Omega=     56.8831 meV
     lambda___(   2 )=       0.000000   gamma___=       0.000000 meV  omega=     76.6784 meV   on_shell_Omega=     76.7351 meV  off_shell_Omega=     76.7351 meV
     lambda_tr(   2 )=       0.000000   gamma_tr=       0.000000 meV  omega=     76.6784 meV   on_shell_Omega=     76.7351 meV  off_shell_Omega=     76.7351 meV
     lambda___(   3 )=       0.000000   gamma___=       0.000000 meV  omega=     98.3213 meV   on_shell_Omega=     98.3242 meV  off_shell_Omega=     98.3242 meV
     lambda_tr(   3 )=       0.000000   gamma_tr=       0.000000 meV  omega=     98.3213 meV   on_shell_Omega=     98.3242 meV  off_shell_Omega=     98.3242 meV
     lambda___(   4 )=       0.000000   gamma___=       0.000000 meV  omega=    154.6166 meV   on_shell_Omega=    154.6258 meV  off_shell_Omega=    154.6258 meV
     lambda_tr(   4 )=       0.000000   gamma_tr=       0.000000 meV  omega=    154.6166 meV   on_shell_Omega=    154.6258 meV  off_shell_Omega=    154.6258 meV
     lambda___(   5 )=       0.000000   gamma___=       0.000000 meV  omega=    166.0992 meV   on_shell_Omega=    166.1215 meV  off_shell_Omega=    166.1215 meV
     lambda_tr(   5 )=       0.000000   gamma_tr=       0.000000 meV  omega=    166.0992 meV   on_shell_Omega=    166.1215 meV  off_shell_Omega=    166.1215 meV
     lambda___(   6 )=       0.000000   gamma___=       0.000000 meV  omega=    170.4912 meV   on_shell_Omega=    170.6975 meV  off_shell_Omega=    170.5744 meV
     lambda_tr(   6 )=       0.000000   gamma_tr=       0.000000 meV  omega=    170.4912 meV   on_shell_Omega=    170.6975 meV  off_shell_Omega=    170.5744 meV
     lambda___( tot )=       0.000000
     lambda_tr( tot )=       0.000000
     -------------------------------------------------------------------


     Number of (k,k+q) pairs on the Fermi surface:      302 out of      324


     ismear =     1 iq =     193 coord.:   0.55556  0.66667  0.00000 wt:   0.00309 Temp:  300.000K
     -------------------------------------------------------------------
     lambda___(   1 )=       0.000000   gamma___=       0.000000 meV  omega=     55.0543 meV   on_shell_Omega=     55.0359 meV  off_shell_Omega=     55.0359 meV
     lambda_tr(   1 )=       0.000000   gamma_tr=       0.000000 meV  omega=     55.0543 meV   on_shell_Omega=     55.0359 meV  off_shell_Omega=     55.0359 meV
     lambda___(   2 )=       0.000000   gamma___=       0.000000 meV  omega=     77.0956 meV   on_shell_Omega=     77.1826 meV  off_shell_Omega=     77.1826 meV
     lambda_tr(   2 )=       0.000000   gamma_tr=       0.000000 meV  omega=     77.0956 meV   on_shell_Omega=     77.1826 meV  off_shell_Omega=     77.1826 meV
     lambda___(   3 )=       0.000000   gamma___=       0.000000 meV  omega=    108.5739 meV   on_shell_Omega=    108.5815 meV  off_shell_Omega=    108.5815 meV
     lambda_tr(   3 )=       0.000000   gamma_tr=       0.000000 meV  omega=    108.5739 meV   on_shell_Omega=    108.5815 meV  off_shell_Omega=    108.5815 meV
     lambda___(   4 )=       0.000000   gamma___=       0.000000 meV  omega=    146.0069 meV   on_shell_Omega=    146.0235 meV  off_shell_Omega=    146.0235 meV
     lambda_tr(   4 )=       0.000000   gamma_tr=       0.000000 meV  omega=    146.0069 meV   on_shell_Omega=    146.0235 meV  off_shell_Omega=    146.0235 meV
     lambda___(   5 )=       0.000000   gamma___=       0.000000 meV  omega=    166.7632 meV   on_shell_Omega=    166.7833 meV  off_shell_Omega=    166.7833 meV
     lambda_tr(   5 )=       0.000000   gamma_tr=       0.000000 meV  omega=    166.7632 meV   on_shell_Omega=    166.7833 meV  off_shell_Omega=    166.7833 meV
     lambda___(   6 )=       0.000000   gamma___=       0.000000 meV  omega=    168.0055 meV   on_shell_Omega=    168.2022 meV  off_shell_Omega=    168.0875 meV
     lambda_tr(   6 )=       0.000000   gamma_tr=       0.000000 meV  omega=    168.0055 meV   on_shell_Omega=    168.2022 meV  off_shell_Omega=    168.0875 meV
     lambda___( tot )=       0.000000
     lambda_tr( tot )=       0.000000
     -------------------------------------------------------------------


     Number of (k,k+q) pairs on the Fermi surface:      302 out of      324


     ismear =     1 iq =     194 coord.:   0.55556  0.72222  0.00000 wt:   0.00309 Temp:  300.000K
     -------------------------------------------------------------------
     lambda___(   1 )=       0.000000   gamma___=       0.000000 meV  omega=     54.2078 meV   on_shell_Omega=     54.1422 meV  off_shell_Omega=     54.1422 meV
     lambda_tr(   1 )=       0.000000   gamma_tr=       0.000000 meV  omega=     54.2078 meV   on_shell_Omega=     54.1422 meV  off_shell_Omega=     54.1422 meV
     lambda___(   2 )=       0.000000   gamma___=       0.000000 meV  omega=     77.3386 meV   on_shell_Omega=     77.4157 meV  off_shell_Omega=     77.4157 meV
     lambda_tr(   2 )=       0.000000   gamma_tr=       0.000000 meV  omega=     77.3386 meV   on_shell_Omega=     77.4157 meV  off_shell_Omega=     77.4157 meV
     lambda___(   3 )=       0.000000   gamma___=       0.000000 meV  omega=    113.8042 meV   on_shell_Omega=    113.8119 meV  off_shell_Omega=    113.8119 meV
     lambda_tr(   3 )=       0.000000   gamma_tr=       0.000000 meV  omega=    113.8042 meV   on_shell_Omega=    113.8119 meV  off_shell_Omega=    113.8119 meV
     lambda___(   4 )=       0.000000   gamma___=       0.000000 meV  omega=    141.4016 meV   on_shell_Omega=    141.4395 meV  off_shell_Omega=    141.4395 meV
     lambda_tr(   4 )=       0.000000   gamma_tr=       0.000000 meV  omega=    141.4016 meV   on_shell_Omega=    141.4395 meV  off_shell_Omega=    141.4395 meV
     lambda___(   5 )=       0.000000   gamma___=       0.000000 meV  omega=    166.8557 meV   on_shell_Omega=    166.9172 meV  off_shell_Omega=    166.9172 meV
     lambda_tr(   5 )=       0.000000   gamma_tr=       0.000000 meV  omega=    166.8557 meV   on_shell_Omega=    166.9172 meV  off_shell_Omega=    166.9172 meV
     lambda___(   6 )=       0.000000   gamma___=       0.000000 meV  omega=    166.9000 meV   on_shell_Omega=    166.9122 meV  off_shell_Omega=    166.9122 meV
     lambda_tr(   6 )=       0.000000   gamma_tr=       0.000000 meV  omega=    166.9000 meV   on_shell_Omega=    166.9122 meV  off_shell_Omega=    166.9122 meV
     lambda___( tot )=       0.000000
     lambda_tr( tot )=       0.000000
     -------------------------------------------------------------------


     Number of (k,k+q) pairs on the Fermi surface:      302 out of      324


     ismear =     1 iq =     195 coord.:   0.55556  0.77778  0.00000 wt:   0.00309 Temp:  300.000K
     -------------------------------------------------------------------
     lambda___(   1 )=       0.000000   gamma___=       0.000000 meV  omega=     55.0543 meV   on_shell_Omega=     54.9525 meV  off_shell_Omega=     54.9525 meV
     lambda_tr(   1 )=       0.000000   gamma_tr=       0.000000 meV  omega=     55.0543 meV   on_shell_Omega=     54.9525 meV  off_shell_Omega=     54.9525 meV
     lambda___(   2 )=       0.000000   gamma___=       0.000000 meV  omega=     77.0956 meV   on_shell_Omega=     77.1629 meV  off_shell_Omega=     77.1629 meV
     lambda_tr(   2 )=       0.000000   gamma_tr=       0.000000 meV  omega=     77.0956 meV   on_shell_Omega=     77.1629 meV  off_shell_Omega=     77.1629 meV
     lambda___(   3 )=       0.000000   gamma___=       0.000000 meV  omega=    108.5739 meV   on_shell_Omega=    108.5794 meV  off_shell_Omega=    108.5794 meV
     lambda_tr(   3 )=       0.000000   gamma_tr=       0.000000 meV  omega=    108.5739 meV   on_shell_Omega=    108.5794 meV  off_shell_Omega=    108.5794 meV
     lambda___(   4 )=       0.000000   gamma___=       0.000000 meV  omega=    146.0069 meV   on_shell_Omega=    146.0185 meV  off_shell_Omega=    146.0185 meV
     lambda_tr(   4 )=       0.000000   gamma_tr=       0.000000 meV  omega=    146.0069 meV   on_shell_Omega=    146.0185 meV  off_shell_Omega=    146.0185 meV
     lambda___(   5 )=       0.000000   gamma___=       0.000000 meV  omega=    166.7632 meV   on_shell_Omega=    166.7907 meV  off_shell_Omega=    166.7907 meV
     lambda_tr(   5 )=       0.000000   gamma_tr=       0.000000 meV  omega=    166.7632 meV   on_shell_Omega=    166.7907 meV  off_shell_Omega=    166.7907 meV
     lambda___(   6 )=       0.000000   gamma___=       0.000000 meV  omega=    168.0055 meV   on_shell_Omega=    168.1990 meV  off_shell_Omega=    168.0875 meV
     lambda_tr(   6 )=       0.000000   gamma_tr=       0.000000 meV  omega=    168.0055 meV   on_shell_Omega=    168.1990 meV  off_shell_Omega=    168.0875 meV
     lambda___( tot )=       0.000000
     lambda_tr( tot )=       0.000000
     -------------------------------------------------------------------


     Number of (k,k+q) pairs on the Fermi surface:      302 out of      324


     ismear =     1 iq =     196 coord.:   0.55556  0.83333  0.00000 wt:   0.00309 Temp:  300.000K
     -------------------------------------------------------------------
     lambda___(   1 )=       0.000000   gamma___=       0.000000 meV  omega=     56.9068 meV   on_shell_Omega=     56.8985 meV  off_shell_Omega=     56.8985 meV
     lambda_tr(   1 )=       0.000000   gamma_tr=       0.000000 meV  omega=     56.9068 meV   on_shell_Omega=     56.8985 meV  off_shell_Omega=     56.8985 meV
     lambda___(   2 )=       0.000000   gamma___=       0.000000 meV  omega=     76.6784 meV   on_shell_Omega=     76.7217 meV  off_shell_Omega=     76.7217 meV
     lambda_tr(   2 )=       0.000000   gamma_tr=       0.000000 meV  omega=     76.6784 meV   on_shell_Omega=     76.7217 meV  off_shell_Omega=     76.7217 meV
     lambda___(   3 )=       0.000000   gamma___=       0.000000 meV  omega=     98.3213 meV   on_shell_Omega=     98.3243 meV  off_shell_Omega=     98.3243 meV
     lambda_tr(   3 )=       0.000000   gamma_tr=       0.000000 meV  omega=     98.3213 meV   on_shell_Omega=     98.3243 meV  off_shell_Omega=     98.3243 meV
     lambda___(   4 )=       0.000000   gamma___=       0.000000 meV  omega=    154.6166 meV   on_shell_Omega=    154.6207 meV  off_shell_Omega=    154.6207 meV
     lambda_tr(   4 )=       0.000000   gamma_tr=       0.000000 meV  omega=    154.6166 meV   on_shell_Omega=    154.6207 meV  off_shell_Omega=    154.6207 meV
     lambda___(   5 )=       0.000000   gamma___=       0.000000 meV  omega=    166.0992 meV   on_shell_Omega=    166.1226 meV  off_shell_Omega=    166.1226 meV
     lambda_tr(   5 )=       0.000000   gamma_tr=       0.000000 meV  omega=    166.0992 meV   on_shell_Omega=    166.1226 meV  off_shell_Omega=    166.1226 meV
     lambda___(   6 )=       0.000000   gamma___=       0.000000 meV  omega=    170.4912 meV   on_shell_Omega=    170.7410 meV  off_shell_Omega=    170.7825 meV
     lambda_tr(   6 )=       0.000000   gamma_tr=       0.000000 meV  omega=    170.4912 meV   on_shell_Omega=    170.7410 meV  off_shell_Omega=    170.7825 meV
     lambda___( tot )=       0.000000
     lambda_tr( tot )=       0.000000
     -------------------------------------------------------------------


     Number of (k,k+q) pairs on the Fermi surface:      302 out of      324


     ismear =     1 iq =     197 coord.:   0.55556  0.88889  0.00000 wt:   0.00309 Temp:  300.000K
     -------------------------------------------------------------------
     lambda___(   1 )=      -0.000000   gamma___=      -0.000000 meV  omega=     57.9753 meV   on_shell_Omega=     58.0273 meV  off_shell_Omega=     58.0273 meV
     lambda_tr(   1 )=      -0.000000   gamma_tr=      -0.000000 meV  omega=     57.9753 meV   on_shell_Omega=     58.0273 meV  off_shell_Omega=     58.0273 meV
     lambda___(   2 )=      -0.000000   gamma___=      -0.000000 meV  omega=     77.0507 meV   on_shell_Omega=     77.0900 meV  off_shell_Omega=     77.0900 meV
     lambda_tr(   2 )=      -0.000000   gamma_tr=      -0.000000 meV  omega=     77.0507 meV   on_shell_Omega=     77.0900 meV  off_shell_Omega=     77.0900 meV
     lambda___(   3 )=      -0.000000   gamma___=      -0.000000 meV  omega=     88.0632 meV   on_shell_Omega=     88.0656 meV  off_shell_Omega=     88.0656 meV
     lambda_tr(   3 )=      -0.000000   gamma_tr=      -0.000000 meV  omega=     88.0632 meV   on_shell_Omega=     88.0656 meV  off_shell_Omega=     88.0656 meV
     lambda___(   4 )=      -0.000000   gamma___=      -0.000000 meV  omega=    162.4187 meV   on_shell_Omega=    162.3925 meV  off_shell_Omega=    162.3925 meV
     lambda_tr(   4 )=      -0.000000   gamma_tr=      -0.000000 meV  omega=    162.4187 meV   on_shell_Omega=    162.3925 meV  off_shell_Omega=    162.3925 meV
     lambda___(   5 )=      -0.000000   gamma___=      -0.000000 meV  omega=    164.9502 meV   on_shell_Omega=    165.0095 meV  off_shell_Omega=    165.0095 meV
     lambda_tr(   5 )=      -0.000000   gamma_tr=      -0.000000 meV  omega=    164.9502 meV   on_shell_Omega=    165.0095 meV  off_shell_Omega=    165.0095 meV
     lambda___(   6 )=       0.000000   gamma___=       0.000000 meV  omega=    172.6068 meV   on_shell_Omega=    172.7880 meV  off_shell_Omega=    172.6911 meV
     lambda_tr(   6 )=       0.000000   gamma_tr=       0.000000 meV  omega=    172.6068 meV   on_shell_Omega=    172.7880 meV  off_shell_Omega=    172.6911 meV
     lambda___( tot )=      -0.000000
     lambda_tr( tot )=      -0.000000
     -------------------------------------------------------------------


     Number of (k,k+q) pairs on the Fermi surface:      302 out of      324


     ismear =     1 iq =     198 coord.:   0.55556  0.94444  0.00000 wt:   0.00309 Temp:  300.000K
     -------------------------------------------------------------------
     lambda___(   1 )=       0.000000   gamma___=       0.000000 meV  omega=     56.6646 meV   on_shell_Omega=     56.6967 meV  off_shell_Omega=     56.6967 meV
     lambda_tr(   1 )=       0.000000   gamma_tr=       0.000000 meV  omega=     56.6646 meV   on_shell_Omega=     56.6967 meV  off_shell_Omega=     56.6967 meV
     lambda___(   2 )=       0.000000   gamma___=       0.000000 meV  omega=     79.0616 meV   on_shell_Omega=     79.0816 meV  off_shell_Omega=     79.0816 meV
     lambda_tr(   2 )=       0.000000   gamma_tr=       0.000000 meV  omega=     79.0616 meV   on_shell_Omega=     79.0816 meV  off_shell_Omega=     79.0816 meV
     lambda___(   3 )=       0.000000   gamma___=       0.000000 meV  omega=     80.2962 meV   on_shell_Omega=     80.2970 meV  off_shell_Omega=     80.2970 meV
     lambda_tr(   3 )=       0.000000   gamma_tr=       0.000000 meV  omega=     80.2962 meV   on_shell_Omega=     80.2970 meV  off_shell_Omega=     80.2970 meV
     lambda___(   4 )=       0.000000   gamma___=       0.000000 meV  omega=    160.2045 meV   on_shell_Omega=    160.2185 meV  off_shell_Omega=    160.2185 meV
     lambda_tr(   4 )=       0.000000   gamma_tr=       0.000000 meV  omega=    160.2045 meV   on_shell_Omega=    160.2185 meV  off_shell_Omega=    160.2185 meV
     lambda___(   5 )=       0.000000   gamma___=       0.000000 meV  omega=    170.8221 meV   on_shell_Omega=    170.8557 meV  off_shell_Omega=    170.8557 meV
     lambda_tr(   5 )=       0.000000   gamma_tr=       0.000000 meV  omega=    170.8221 meV   on_shell_Omega=    170.8557 meV  off_shell_Omega=    170.8557 meV
     lambda___(   6 )=       0.000000   gamma___=       0.000000 meV  omega=    173.7610 meV   on_shell_Omega=    173.8417 meV  off_shell_Omega=    173.8417 meV
     lambda_tr(   6 )=       0.000000   gamma_tr=       0.000000 meV  omega=    173.7610 meV   on_shell_Omega=    173.8417 meV  off_shell_Omega=    173.8417 meV
     lambda___( tot )=       0.000000
     lambda_tr( tot )=       0.000000
     -------------------------------------------------------------------


     Number of (k,k+q) pairs on the Fermi surface:      302 out of      324


     ismear =     1 iq =     199 coord.:   0.61111  0.00000  0.00000 wt:   0.00309 Temp:  300.000K
     -------------------------------------------------------------------
     lambda___(   1 )=      -0.000000   gamma___=      -0.000000 meV  omega=     43.5112 meV   on_shell_Omega=     43.5530 meV  off_shell_Omega=     43.5530 meV
     lambda_tr(   1 )=      -0.000000   gamma_tr=      -0.000000 meV  omega=     43.5112 meV   on_shell_Omega=     43.5530 meV  off_shell_Omega=     43.5530 meV
     lambda___(   2 )=       0.000000   gamma___=       0.000000 meV  omega=     73.9240 meV   on_shell_Omega=     73.9243 meV  off_shell_Omega=     73.9243 meV
     lambda_tr(   2 )=       0.000000   gamma_tr=       0.000000 meV  omega=     73.9240 meV   on_shell_Omega=     73.9243 meV  off_shell_Omega=     73.9243 meV
     lambda___(   3 )=       0.000000   gamma___=       0.000000 meV  omega=     88.9894 meV   on_shell_Omega=     89.0135 meV  off_shell_Omega=     89.0135 meV
     lambda_tr(   3 )=       0.000000   gamma_tr=       0.000000 meV  omega=     88.9894 meV   on_shell_Omega=     89.0135 meV  off_shell_Omega=     89.0135 meV
     lambda___(   4 )=       0.000000   gamma___=       0.000000 meV  omega=    140.6385 meV   on_shell_Omega=    140.6636 meV  off_shell_Omega=    140.6636 meV
     lambda_tr(   4 )=       0.000000   gamma_tr=       0.000000 meV  omega=    140.6385 meV   on_shell_Omega=    140.6636 meV  off_shell_Omega=    140.6636 meV
     lambda___(   5 )=       0.000000   gamma___=       0.000000 meV  omega=    175.9536 meV   on_shell_Omega=    176.0854 meV  off_shell_Omega=    176.0854 meV
     lambda_tr(   5 )=       0.000000   gamma_tr=       0.000000 meV  omega=    175.9536 meV   on_shell_Omega=    176.0854 meV  off_shell_Omega=    176.0854 meV
     lambda___(   6 )=       0.000000   gamma___=       0.000000 meV  omega=    184.8010 meV   on_shell_Omega=    184.8730 meV  off_shell_Omega=    184.8730 meV
     lambda_tr(   6 )=       0.000000   gamma_tr=       0.000000 meV  omega=    184.8010 meV   on_shell_Omega=    184.8730 meV  off_shell_Omega=    184.8730 meV
     lambda___( tot )=       0.000000
     lambda_tr( tot )=       0.000000
     -------------------------------------------------------------------


     Number of (k,k+q) pairs on the Fermi surface:      302 out of      324


     ismear =     1 iq =     200 coord.:   0.61111  0.05556  0.00000 wt:   0.00309 Temp:  300.000K
     -------------------------------------------------------------------
     lambda___(   1 )=       0.000000   gamma___=       0.000000 meV  omega=     38.3702 meV   on_shell_Omega=     38.3459 meV  off_shell_Omega=     38.3459 meV
     lambda_tr(   1 )=      -0.000000   gamma_tr=      -0.000000 meV  omega=     38.3702 meV   on_shell_Omega=     38.3459 meV  off_shell_Omega=     38.3459 meV
     lambda___(   2 )=       0.000000   gamma___=       0.000000 meV  omega=     74.4774 meV   on_shell_Omega=     74.4799 meV  off_shell_Omega=     74.4799 meV
     lambda_tr(   2 )=      -0.000000   gamma_tr=      -0.000000 meV  omega=     74.4774 meV   on_shell_Omega=     74.4799 meV  off_shell_Omega=     74.4799 meV
     lambda___(   3 )=       0.000000   gamma___=       0.000000 meV  omega=     91.9608 meV   on_shell_Omega=     91.9959 meV  off_shell_Omega=     91.9959 meV
     lambda_tr(   3 )=       0.000000   gamma_tr=       0.000000 meV  omega=     91.9608 meV   on_shell_Omega=     91.9959 meV  off_shell_Omega=     91.9959 meV
     lambda___(   4 )=       0.000000   gamma___=       0.000000 meV  omega=    132.3524 meV   on_shell_Omega=    132.3771 meV  off_shell_Omega=    132.3771 meV
     lambda_tr(   4 )=       0.000000   gamma_tr=       0.000000 meV  omega=    132.3524 meV   on_shell_Omega=    132.3771 meV  off_shell_Omega=    132.3771 meV
     lambda___(   5 )=       0.000000   gamma___=       0.000000 meV  omega=    176.6114 meV   on_shell_Omega=    176.7359 meV  off_shell_Omega=    176.7359 meV
     lambda_tr(   5 )=       0.000000   gamma_tr=       0.000000 meV  omega=    176.6114 meV   on_shell_Omega=    176.7359 meV  off_shell_Omega=    176.7359 meV
     lambda___(   6 )=       0.000000   gamma___=       0.000000 meV  omega=    187.7251 meV   on_shell_Omega=    187.8054 meV  off_shell_Omega=    187.8054 meV
     lambda_tr(   6 )=       0.000000   gamma_tr=       0.000000 meV  omega=    187.7251 meV   on_shell_Omega=    187.8054 meV  off_shell_Omega=    187.8054 meV
     lambda___( tot )=       0.000000
     lambda_tr( tot )=       0.000000
     -------------------------------------------------------------------


     Number of (k,k+q) pairs on the Fermi surface:      302 out of      324


     ismear =     1 iq =     201 coord.:   0.61111  0.11111  0.00000 wt:   0.00309 Temp:  300.000K
     -------------------------------------------------------------------
     lambda___(   1 )=      -0.000000   gamma___=      -0.000000 meV  omega=     34.2889 meV   on_shell_Omega=     34.2919 meV  off_shell_Omega=     34.2919 meV
     lambda_tr(   1 )=      -0.000000   gamma_tr=      -0.000000 meV  omega=     34.2889 meV   on_shell_Omega=     34.2919 meV  off_shell_Omega=     34.2919 meV
     lambda___(   2 )=       0.000000   gamma___=       0.000000 meV  omega=     79.2217 meV   on_shell_Omega=     79.2345 meV  off_shell_Omega=     79.2345 meV
     lambda_tr(   2 )=       0.000000   gamma_tr=       0.000000 meV  omega=     79.2217 meV   on_shell_Omega=     79.2345 meV  off_shell_Omega=     79.2345 meV
     lambda___(   3 )=       0.000000   gamma___=       0.000000 meV  omega=     93.8930 meV   on_shell_Omega=     93.9137 meV  off_shell_Omega=     93.9137 meV
     lambda_tr(   3 )=       0.000000   gamma_tr=       0.000000 meV  omega=     93.8930 meV   on_shell_Omega=     93.9137 meV  off_shell_Omega=     93.9137 meV
     lambda___(   4 )=       0.000000   gamma___=       0.000000 meV  omega=    123.8240 meV   on_shell_Omega=    123.8402 meV  off_shell_Omega=    123.8402 meV
     lambda_tr(   4 )=       0.000000   gamma_tr=       0.000000 meV  omega=    123.8240 meV   on_shell_Omega=    123.8402 meV  off_shell_Omega=    123.8402 meV
     lambda___(   5 )=       0.000000   gamma___=       0.000000 meV  omega=    176.4628 meV   on_shell_Omega=    176.6128 meV  off_shell_Omega=    176.5489 meV
     lambda_tr(   5 )=       0.000000   gamma_tr=       0.000000 meV  omega=    176.4628 meV   on_shell_Omega=    176.6128 meV  off_shell_Omega=    176.5489 meV
     lambda___(   6 )=       0.000000   gamma___=       0.000000 meV  omega=    188.8675 meV   on_shell_Omega=    188.9496 meV  off_shell_Omega=    188.9496 meV
     lambda_tr(   6 )=       0.000000   gamma_tr=       0.000000 meV  omega=    188.8675 meV   on_shell_Omega=    188.9496 meV  off_shell_Omega=    188.9496 meV
     lambda___( tot )=       0.000000
     lambda_tr( tot )=       0.000000
     -------------------------------------------------------------------


     Number of (k,k+q) pairs on the Fermi surface:      303 out of      324


     ismear =     1 iq =     202 coord.:   0.61111  0.16667  0.00000 wt:   0.00309 Temp:  300.000K
     -------------------------------------------------------------------
     lambda___(   1 )=       0.000000   gamma___=       0.000000 meV  omega=     32.0867 meV   on_shell_Omega=     32.0945 meV  off_shell_Omega=     32.0945 meV
     lambda_tr(   1 )=       0.000000   gamma_tr=       0.000000 meV  omega=     32.0867 meV   on_shell_Omega=     32.0945 meV  off_shell_Omega=     32.0945 meV
     lambda___(   2 )=       0.000000   gamma___=       0.000000 meV  omega=     84.4293 meV   on_shell_Omega=     84.4652 meV  off_shell_Omega=     84.4652 meV
     lambda_tr(   2 )=       0.000000   gamma_tr=       0.000000 meV  omega=     84.4293 meV   on_shell_Omega=     84.4652 meV  off_shell_Omega=     84.4652 meV
     lambda___(   3 )=       0.000000   gamma___=       0.000000 meV  omega=     94.8006 meV   on_shell_Omega=     94.8470 meV  off_shell_Omega=     94.8470 meV
     lambda_tr(   3 )=       0.000000   gamma_tr=       0.000000 meV  omega=     94.8006 meV   on_shell_Omega=     94.8470 meV  off_shell_Omega=     94.8470 meV
     lambda___(   4 )=       0.000000   gamma___=       0.000000 meV  omega=    117.4248 meV   on_shell_Omega=    117.4306 meV  off_shell_Omega=    117.4306 meV
     lambda_tr(   4 )=       0.000000   gamma_tr=       0.000000 meV  omega=    117.4248 meV   on_shell_Omega=    117.4306 meV  off_shell_Omega=    117.4306 meV
     lambda___(   5 )=       0.000000   gamma___=       0.000000 meV  omega=    175.9984 meV   on_shell_Omega=    176.2320 meV  off_shell_Omega=    176.2992 meV
     lambda_tr(   5 )=       0.000000   gamma_tr=       0.000000 meV  omega=    175.9984 meV   on_shell_Omega=    176.2320 meV  off_shell_Omega=    176.2992 meV
     lambda___(   6 )=       0.000000   gamma___=       0.000000 meV  omega=    189.0014 meV   on_shell_Omega=    189.0822 meV  off_shell_Omega=    189.0822 meV
     lambda_tr(   6 )=       0.000000   gamma_tr=       0.000000 meV  omega=    189.0014 meV   on_shell_Omega=    189.0822 meV  off_shell_Omega=    189.0822 meV
     lambda___( tot )=       0.000000
     lambda_tr( tot )=       0.000000
     -------------------------------------------------------------------


     Number of (k,k+q) pairs on the Fermi surface:      302 out of      324


     ismear =     1 iq =     203 coord.:   0.61111  0.22222  0.00000 wt:   0.00309 Temp:  300.000K
     -------------------------------------------------------------------
     lambda___(   1 )=       0.000000   gamma___=       0.000000 meV  omega=     32.0867 meV   on_shell_Omega=     32.1094 meV  off_shell_Omega=     32.1094 meV
     lambda_tr(   1 )=       0.000000   gamma_tr=       0.000000 meV  omega=     32.0867 meV   on_shell_Omega=     32.1094 meV  off_shell_Omega=     32.1094 meV
     lambda___(   2 )=       0.000000   gamma___=       0.000000 meV  omega=     84.4293 meV   on_shell_Omega=     84.4702 meV  off_shell_Omega=     84.4702 meV
     lambda_tr(   2 )=       0.000000   gamma_tr=       0.000000 meV  omega=     84.4293 meV   on_shell_Omega=     84.4702 meV  off_shell_Omega=     84.4702 meV
     lambda___(   3 )=       0.000000   gamma___=       0.000000 meV  omega=     94.8006 meV   on_shell_Omega=     94.8383 meV  off_shell_Omega=     94.8383 meV
     lambda_tr(   3 )=       0.000000   gamma_tr=       0.000000 meV  omega=     94.8006 meV   on_shell_Omega=     94.8383 meV  off_shell_Omega=     94.8383 meV
     lambda___(   4 )=       0.000000   gamma___=       0.000000 meV  omega=    117.4248 meV   on_shell_Omega=    117.4324 meV  off_shell_Omega=    117.4324 meV
     lambda_tr(   4 )=       0.000000   gamma_tr=       0.000000 meV  omega=    117.4248 meV   on_shell_Omega=    117.4324 meV  off_shell_Omega=    117.4324 meV
     lambda___(   5 )=       0.000000   gamma___=       0.000000 meV  omega=    175.9984 meV   on_shell_Omega=    176.2998 meV  off_shell_Omega=    176.2992 meV
     lambda_tr(   5 )=       0.000000   gamma_tr=       0.000000 meV  omega=    175.9984 meV   on_shell_Omega=    176.2998 meV  off_shell_Omega=    176.2992 meV
     lambda___(   6 )=       0.000000   gamma___=       0.000000 meV  omega=    189.0014 meV   on_shell_Omega=    189.0719 meV  off_shell_Omega=    189.0719 meV
     lambda_tr(   6 )=       0.000000   gamma_tr=       0.000000 meV  omega=    189.0014 meV   on_shell_Omega=    189.0719 meV  off_shell_Omega=    189.0719 meV
     lambda___( tot )=       0.000000
     lambda_tr( tot )=       0.000000
     -------------------------------------------------------------------


     Number of (k,k+q) pairs on the Fermi surface:      302 out of      324


     ismear =     1 iq =     204 coord.:   0.61111  0.27778  0.00000 wt:   0.00309 Temp:  300.000K
     -------------------------------------------------------------------
     lambda___(   1 )=       0.000000   gamma___=       0.000000 meV  omega=     34.2889 meV   on_shell_Omega=     34.3062 meV  off_shell_Omega=     34.3062 meV
     lambda_tr(   1 )=       0.000000   gamma_tr=       0.000000 meV  omega=     34.2889 meV   on_shell_Omega=     34.3062 meV  off_shell_Omega=     34.3062 meV
     lambda___(   2 )=       0.000000   gamma___=       0.000000 meV  omega=     79.2217 meV   on_shell_Omega=     79.2404 meV  off_shell_Omega=     79.2404 meV
     lambda_tr(   2 )=       0.000000   gamma_tr=       0.000000 meV  omega=     79.2217 meV   on_shell_Omega=     79.2404 meV  off_shell_Omega=     79.2404 meV
     lambda___(   3 )=       0.000000   gamma___=       0.000000 meV  omega=     93.8930 meV   on_shell_Omega=     93.9293 meV  off_shell_Omega=     93.9293 meV
     lambda_tr(   3 )=       0.000000   gamma_tr=       0.000000 meV  omega=     93.8930 meV   on_shell_Omega=     93.9293 meV  off_shell_Omega=     93.9293 meV
     lambda___(   4 )=       0.000000   gamma___=       0.000000 meV  omega=    123.8240 meV   on_shell_Omega=    123.8355 meV  off_shell_Omega=    123.8355 meV
     lambda_tr(   4 )=       0.000000   gamma_tr=       0.000000 meV  omega=    123.8240 meV   on_shell_Omega=    123.8355 meV  off_shell_Omega=    123.8355 meV
     lambda___(   5 )=       0.000000   gamma___=       0.000000 meV  omega=    176.4628 meV   on_shell_Omega=    176.6801 meV  off_shell_Omega=    176.5489 meV
     lambda_tr(   5 )=       0.000000   gamma_tr=       0.000000 meV  omega=    176.4628 meV   on_shell_Omega=    176.6801 meV  off_shell_Omega=    176.5489 meV
     lambda___(   6 )=       0.000000   gamma___=       0.000000 meV  omega=    188.8675 meV   on_shell_Omega=    188.9430 meV  off_shell_Omega=    188.9430 meV
     lambda_tr(   6 )=       0.000000   gamma_tr=       0.000000 meV  omega=    188.8675 meV   on_shell_Omega=    188.9430 meV  off_shell_Omega=    188.9430 meV
     lambda___( tot )=       0.000000
     lambda_tr( tot )=       0.000000
     -------------------------------------------------------------------


     Number of (k,k+q) pairs on the Fermi surface:      302 out of      324


     ismear =     1 iq =     205 coord.:   0.61111  0.33333  0.00000 wt:   0.00309 Temp:  300.000K
     -------------------------------------------------------------------
     lambda___(   1 )=      -0.000000   gamma___=      -0.000000 meV  omega=     38.3702 meV   on_shell_Omega=     38.3674 meV  off_shell_Omega=     38.3674 meV
     lambda_tr(   1 )=      -0.000000   gamma_tr=      -0.000000 meV  omega=     38.3702 meV   on_shell_Omega=     38.3674 meV  off_shell_Omega=     38.3674 meV
     lambda___(   2 )=      -0.000000   gamma___=      -0.000000 meV  omega=     74.4774 meV   on_shell_Omega=     74.4814 meV  off_shell_Omega=     74.4814 meV
     lambda_tr(   2 )=      -0.000000   gamma_tr=      -0.000000 meV  omega=     74.4774 meV   on_shell_Omega=     74.4814 meV  off_shell_Omega=     74.4814 meV
     lambda___(   3 )=      -0.000000   gamma___=      -0.000000 meV  omega=     91.9608 meV   on_shell_Omega=     91.9771 meV  off_shell_Omega=     91.9771 meV
     lambda_tr(   3 )=      -0.000000   gamma_tr=      -0.000000 meV  omega=     91.9608 meV   on_shell_Omega=     91.9771 meV  off_shell_Omega=     91.9771 meV
     lambda___(   4 )=       0.000000   gamma___=       0.000000 meV  omega=    132.3524 meV   on_shell_Omega=    132.3721 meV  off_shell_Omega=    132.3721 meV
     lambda_tr(   4 )=       0.000000   gamma_tr=       0.000000 meV  omega=    132.3524 meV   on_shell_Omega=    132.3721 meV  off_shell_Omega=    132.3721 meV
     lambda___(   5 )=       0.000000   gamma___=       0.000000 meV  omega=    176.6114 meV   on_shell_Omega=    176.7238 meV  off_shell_Omega=    176.7238 meV
     lambda_tr(   5 )=       0.000000   gamma_tr=       0.000000 meV  omega=    176.6114 meV   on_shell_Omega=    176.7238 meV  off_shell_Omega=    176.7238 meV
     lambda___(   6 )=       0.000000   gamma___=       0.000000 meV  omega=    187.7251 meV   on_shell_Omega=    187.8127 meV  off_shell_Omega=    187.8127 meV
     lambda_tr(   6 )=       0.000000   gamma_tr=       0.000000 meV  omega=    187.7251 meV   on_shell_Omega=    187.8127 meV  off_shell_Omega=    187.8127 meV
     lambda___( tot )=       0.000000
     lambda_tr( tot )=       0.000000
     -------------------------------------------------------------------


     Number of (k,k+q) pairs on the Fermi surface:      302 out of      324


     ismear =     1 iq =     206 coord.:   0.61111  0.38889  0.00000 wt:   0.00309 Temp:  300.000K
     -------------------------------------------------------------------
     lambda___(   1 )=       0.000000   gamma___=       0.000000 meV  omega=     43.5112 meV   on_shell_Omega=     43.5397 meV  off_shell_Omega=     43.5397 meV
     lambda_tr(   1 )=       0.000000   gamma_tr=       0.000000 meV  omega=     43.5112 meV   on_shell_Omega=     43.5397 meV  off_shell_Omega=     43.5397 meV
     lambda___(   2 )=       0.000000   gamma___=       0.000000 meV  omega=     73.9240 meV   on_shell_Omega=     73.9251 meV  off_shell_Omega=     73.9251 meV
     lambda_tr(   2 )=       0.000000   gamma_tr=       0.000000 meV  omega=     73.9240 meV   on_shell_Omega=     73.9251 meV  off_shell_Omega=     73.9251 meV
     lambda___(   3 )=       0.000000   gamma___=       0.000000 meV  omega=     88.9894 meV   on_shell_Omega=     89.0029 meV  off_shell_Omega=     89.0029 meV
     lambda_tr(   3 )=       0.000000   gamma_tr=       0.000000 meV  omega=     88.9894 meV   on_shell_Omega=     89.0029 meV  off_shell_Omega=     89.0029 meV
     lambda___(   4 )=       0.000000   gamma___=       0.000000 meV  omega=    140.6385 meV   on_shell_Omega=    140.6554 meV  off_shell_Omega=    140.6554 meV
     lambda_tr(   4 )=       0.000000   gamma_tr=       0.000000 meV  omega=    140.6385 meV   on_shell_Omega=    140.6554 meV  off_shell_Omega=    140.6554 meV
     lambda___(   5 )=       0.000000   gamma___=       0.000000 meV  omega=    175.9536 meV   on_shell_Omega=    176.0518 meV  off_shell_Omega=    176.0518 meV
     lambda_tr(   5 )=       0.000000   gamma_tr=       0.000000 meV  omega=    175.9536 meV   on_shell_Omega=    176.0518 meV  off_shell_Omega=    176.0518 meV
     lambda___(   6 )=       0.000000   gamma___=       0.000000 meV  omega=    184.8010 meV   on_shell_Omega=    184.8582 meV  off_shell_Omega=    184.8582 meV
     lambda_tr(   6 )=       0.000000   gamma_tr=       0.000000 meV  omega=    184.8010 meV   on_shell_Omega=    184.8582 meV  off_shell_Omega=    184.8582 meV
     lambda___( tot )=       0.000000
     lambda_tr( tot )=       0.000000
     -------------------------------------------------------------------


     Number of (k,k+q) pairs on the Fermi surface:      303 out of      324


     ismear =     1 iq =     207 coord.:   0.61111  0.44444  0.00000 wt:   0.00309 Temp:  300.000K
     -------------------------------------------------------------------
     lambda___(   1 )=      -0.000000   gamma___=      -0.000000 meV  omega=     48.7209 meV   on_shell_Omega=     48.7521 meV  off_shell_Omega=     48.7521 meV
     lambda_tr(   1 )=      -0.000000   gamma_tr=      -0.000000 meV  omega=     48.7209 meV   on_shell_Omega=     48.7521 meV  off_shell_Omega=     48.7521 meV
     lambda___(   2 )=       0.000000   gamma___=       0.000000 meV  omega=     78.5229 meV   on_shell_Omega=     78.5266 meV  off_shell_Omega=     78.5266 meV
     lambda_tr(   2 )=       0.000000   gamma_tr=       0.000000 meV  omega=     78.5229 meV   on_shell_Omega=     78.5266 meV  off_shell_Omega=     78.5266 meV
     lambda___(   3 )=       0.000000   gamma___=       0.000000 meV  omega=     85.1887 meV   on_shell_Omega=     85.1708 meV  off_shell_Omega=     85.1708 meV
     lambda_tr(   3 )=       0.000000   gamma_tr=       0.000000 meV  omega=     85.1887 meV   on_shell_Omega=     85.1708 meV  off_shell_Omega=     85.1708 meV
     lambda___(   4 )=       0.000000   gamma___=       0.000000 meV  omega=    147.4393 meV   on_shell_Omega=    147.4456 meV  off_shell_Omega=    147.4456 meV
     lambda_tr(   4 )=       0.000000   gamma_tr=       0.000000 meV  omega=    147.4393 meV   on_shell_Omega=    147.4456 meV  off_shell_Omega=    147.4456 meV
     lambda___(   5 )=       0.000000   gamma___=       0.000000 meV  omega=    174.7024 meV   on_shell_Omega=    174.7888 meV  off_shell_Omega=    174.7888 meV
     lambda_tr(   5 )=       0.000000   gamma_tr=       0.000000 meV  omega=    174.7024 meV   on_shell_Omega=    174.7888 meV  off_shell_Omega=    174.7888 meV
     lambda___(   6 )=       0.000000   gamma___=       0.000000 meV  omega=    180.0388 meV   on_shell_Omega=    180.0810 meV  off_shell_Omega=    180.0810 meV
     lambda_tr(   6 )=       0.000000   gamma_tr=       0.000000 meV  omega=    180.0388 meV   on_shell_Omega=    180.0810 meV  off_shell_Omega=    180.0810 meV
     lambda___( tot )=       0.000000
     lambda_tr( tot )=       0.000000
     -------------------------------------------------------------------


     Number of (k,k+q) pairs on the Fermi surface:      304 out of      324


     ismear =     1 iq =     208 coord.:   0.61111  0.50000  0.00000 wt:   0.00309 Temp:  300.000K
     -------------------------------------------------------------------
     lambda___(   1 )=       0.000000   gamma___=       0.000000 meV  omega=     53.2899 meV   on_shell_Omega=     53.3189 meV  off_shell_Omega=     53.3189 meV
     lambda_tr(   1 )=       0.000000   gamma_tr=       0.000000 meV  omega=     53.2899 meV   on_shell_Omega=     53.3189 meV  off_shell_Omega=     53.3189 meV
     lambda___(   2 )=       0.000000   gamma___=       0.000000 meV  omega=     80.9301 meV   on_shell_Omega=     80.9420 meV  off_shell_Omega=     80.9420 meV
     lambda_tr(   2 )=       0.000000   gamma_tr=       0.000000 meV  omega=     80.9301 meV   on_shell_Omega=     80.9420 meV  off_shell_Omega=     80.9420 meV
     lambda___(   3 )=       0.000000   gamma___=       0.000000 meV  omega=     87.2212 meV   on_shell_Omega=     87.2250 meV  off_shell_Omega=     87.2250 meV
     lambda_tr(   3 )=       0.000000   gamma_tr=       0.000000 meV  omega=     87.2212 meV   on_shell_Omega=     87.2250 meV  off_shell_Omega=     87.2250 meV
     lambda___(   4 )=       0.000000   gamma___=       0.000000 meV  omega=    152.1278 meV   on_shell_Omega=    152.1331 meV  off_shell_Omega=    152.1331 meV
     lambda_tr(   4 )=       0.000000   gamma_tr=       0.000000 meV  omega=    152.1278 meV   on_shell_Omega=    152.1331 meV  off_shell_Omega=    152.1331 meV
     lambda___(   5 )=       0.000000   gamma___=       0.000000 meV  omega=    172.6987 meV   on_shell_Omega=    172.7520 meV  off_shell_Omega=    172.7520 meV
     lambda_tr(   5 )=       0.000000   gamma_tr=       0.000000 meV  omega=    172.6987 meV   on_shell_Omega=    172.7520 meV  off_shell_Omega=    172.7520 meV
     lambda___(   6 )=       0.000000   gamma___=       0.000000 meV  omega=    174.0168 meV   on_shell_Omega=    174.1240 meV  off_shell_Omega=    174.1240 meV
     lambda_tr(   6 )=       0.000000   gamma_tr=       0.000000 meV  omega=    174.0168 meV   on_shell_Omega=    174.1240 meV  off_shell_Omega=    174.1240 meV
     lambda___( tot )=       0.000000
     lambda_tr( tot )=       0.000000
     -------------------------------------------------------------------


     Number of (k,k+q) pairs on the Fermi surface:      303 out of      324


     ismear =     1 iq =     209 coord.:   0.61111  0.55556  0.00000 wt:   0.00309 Temp:  300.000K
     -------------------------------------------------------------------
     lambda___(   1 )=       0.000000   gamma___=       0.000000 meV  omega=     56.8551 meV   on_shell_Omega=     56.8372 meV  off_shell_Omega=     56.8372 meV
     lambda_tr(   1 )=       0.000000   gamma_tr=       0.000000 meV  omega=     56.8551 meV   on_shell_Omega=     56.8372 meV  off_shell_Omega=     56.8372 meV
     lambda___(   2 )=       0.000000   gamma___=       0.000000 meV  omega=     76.7167 meV   on_shell_Omega=     76.7561 meV  off_shell_Omega=     76.7561 meV
     lambda_tr(   2 )=       0.000000   gamma_tr=       0.000000 meV  omega=     76.7167 meV   on_shell_Omega=     76.7561 meV  off_shell_Omega=     76.7561 meV
     lambda___(   3 )=       0.000000   gamma___=       0.000000 meV  omega=     98.2847 meV   on_shell_Omega=     98.2883 meV  off_shell_Omega=     98.2883 meV
     lambda_tr(   3 )=       0.000000   gamma_tr=       0.000000 meV  omega=     98.2847 meV   on_shell_Omega=     98.2883 meV  off_shell_Omega=     98.2883 meV
     lambda___(   4 )=       0.000000   gamma___=       0.000000 meV  omega=    154.7530 meV   on_shell_Omega=    154.7559 meV  off_shell_Omega=    154.7559 meV
     lambda_tr(   4 )=       0.000000   gamma_tr=       0.000000 meV  omega=    154.7530 meV   on_shell_Omega=    154.7559 meV  off_shell_Omega=    154.7559 meV
     lambda___(   5 )=       0.000000   gamma___=       0.000000 meV  omega=    165.9419 meV   on_shell_Omega=    165.9605 meV  off_shell_Omega=    165.9605 meV
     lambda_tr(   5 )=       0.000000   gamma_tr=       0.000000 meV  omega=    165.9419 meV   on_shell_Omega=    165.9605 meV  off_shell_Omega=    165.9605 meV
     lambda___(   6 )=       0.000000   gamma___=       0.000000 meV  omega=    170.5417 meV   on_shell_Omega=    170.7699 meV  off_shell_Omega=    170.8331 meV
     lambda_tr(   6 )=       0.000000   gamma_tr=       0.000000 meV  omega=    170.5417 meV   on_shell_Omega=    170.7699 meV  off_shell_Omega=    170.8331 meV
     lambda___( tot )=       0.000000
     lambda_tr( tot )=       0.000000
     -------------------------------------------------------------------


     Number of (k,k+q) pairs on the Fermi surface:      303 out of      324


     ismear =     1 iq =     210 coord.:   0.61111  0.61111  0.00000 wt:   0.00309 Temp:  300.000K
     -------------------------------------------------------------------
     lambda___(   1 )=       0.000000   gamma___=       0.000000 meV  omega=     59.2217 meV   on_shell_Omega=     59.1470 meV  off_shell_Omega=     59.1470 meV
     lambda_tr(   1 )=       0.000000   gamma_tr=       0.000000 meV  omega=     59.2217 meV   on_shell_Omega=     59.1470 meV  off_shell_Omega=     59.1470 meV
     lambda___(   2 )=       0.000000   gamma___=       0.000000 meV  omega=     73.2563 meV   on_shell_Omega=     73.3581 meV  off_shell_Omega=     73.3581 meV
     lambda_tr(   2 )=       0.000000   gamma_tr=       0.000000 meV  omega=     73.2563 meV   on_shell_Omega=     73.3581 meV  off_shell_Omega=     73.3581 meV
     lambda___(   3 )=       0.000000   gamma___=       0.000000 meV  omega=    109.8774 meV   on_shell_Omega=    109.8805 meV  off_shell_Omega=    109.8805 meV
     lambda_tr(   3 )=       0.000000   gamma_tr=       0.000000 meV  omega=    109.8774 meV   on_shell_Omega=    109.8805 meV  off_shell_Omega=    109.8805 meV
     lambda___(   4 )=       0.000000   gamma___=       0.000000 meV  omega=    154.3190 meV   on_shell_Omega=    154.3156 meV  off_shell_Omega=    154.3156 meV
     lambda_tr(   4 )=       0.000000   gamma_tr=       0.000000 meV  omega=    154.3190 meV   on_shell_Omega=    154.3156 meV  off_shell_Omega=    154.3156 meV
     lambda___(   5 )=       0.000000   gamma___=       0.000000 meV  omega=    159.0782 meV   on_shell_Omega=    159.1193 meV  off_shell_Omega=    159.1193 meV
     lambda_tr(   5 )=       0.000000   gamma_tr=       0.000000 meV  omega=    159.0782 meV   on_shell_Omega=    159.1193 meV  off_shell_Omega=    159.1193 meV
     lambda___(   6 )=       0.000000   gamma___=       0.000000 meV  omega=    167.0051 meV   on_shell_Omega=    167.1728 meV  off_shell_Omega=    167.0866 meV
     lambda_tr(   6 )=       0.000000   gamma_tr=       0.000000 meV  omega=    167.0051 meV   on_shell_Omega=    167.1728 meV  off_shell_Omega=    167.0866 meV
     lambda___( tot )=       0.000000
     lambda_tr( tot )=       0.000000
     -------------------------------------------------------------------


     Number of (k,k+q) pairs on the Fermi surface:      303 out of      324


     ismear =     1 iq =     211 coord.:   0.61111  0.66667  0.00000 wt:   0.00309 Temp:  300.000K
     -------------------------------------------------------------------
     lambda___(   1 )=       0.000000   gamma___=       0.000000 meV  omega=     60.3294 meV   on_shell_Omega=     60.2517 meV  off_shell_Omega=     60.2517 meV
     lambda_tr(   1 )=       0.000000   gamma_tr=       0.000000 meV  omega=     60.3294 meV   on_shell_Omega=     60.2517 meV  off_shell_Omega=     60.2517 meV
     lambda___(   2 )=       0.000000   gamma___=       0.000000 meV  omega=     71.3242 meV   on_shell_Omega=     71.4393 meV  off_shell_Omega=     71.4393 meV
     lambda_tr(   2 )=       0.000000   gamma_tr=       0.000000 meV  omega=     71.3242 meV   on_shell_Omega=     71.4393 meV  off_shell_Omega=     71.4393 meV
     lambda___(   3 )=       0.000000   gamma___=       0.000000 meV  omega=    119.0819 meV   on_shell_Omega=    119.0837 meV  off_shell_Omega=    119.0837 meV
     lambda_tr(   3 )=       0.000000   gamma_tr=       0.000000 meV  omega=    119.0819 meV   on_shell_Omega=    119.0837 meV  off_shell_Omega=    119.0837 meV
     lambda___(   4 )=       0.000000   gamma___=       0.000000 meV  omega=    148.1571 meV   on_shell_Omega=    148.1624 meV  off_shell_Omega=    148.1624 meV
     lambda_tr(   4 )=       0.000000   gamma_tr=       0.000000 meV  omega=    148.1571 meV   on_shell_Omega=    148.1624 meV  off_shell_Omega=    148.1624 meV
     lambda___(   5 )=       0.000000   gamma___=       0.000000 meV  omega=    158.2074 meV   on_shell_Omega=    158.2111 meV  off_shell_Omega=    158.2111 meV
     lambda_tr(   5 )=       0.000000   gamma_tr=       0.000000 meV  omega=    158.2074 meV   on_shell_Omega=    158.2111 meV  off_shell_Omega=    158.2111 meV
     lambda___(   6 )=       0.000000   gamma___=       0.000000 meV  omega=    164.2275 meV   on_shell_Omega=    163.6425 meV  off_shell_Omega=    163.7063 meV
     lambda_tr(   6 )=       0.000000   gamma_tr=       0.000000 meV  omega=    164.2275 meV   on_shell_Omega=    163.6425 meV  off_shell_Omega=    163.7063 meV
     lambda___( tot )=       0.000000
     lambda_tr( tot )=       0.000000
     -------------------------------------------------------------------


     Number of (k,k+q) pairs on the Fermi surface:      302 out of      324


     ismear =     1 iq =     212 coord.:   0.61111  0.72222  0.00000 wt:   0.00309 Temp:  300.000K
     -------------------------------------------------------------------
     lambda___(   1 )=       0.000000   gamma___=       0.000000 meV  omega=     60.3294 meV   on_shell_Omega=     60.2336 meV  off_shell_Omega=     60.2336 meV
     lambda_tr(   1 )=       0.000000   gamma_tr=       0.000000 meV  omega=     60.3294 meV   on_shell_Omega=     60.2336 meV  off_shell_Omega=     60.2336 meV
     lambda___(   2 )=       0.000000   gamma___=       0.000000 meV  omega=     71.3242 meV   on_shell_Omega=     71.3909 meV  off_shell_Omega=     71.3909 meV
     lambda_tr(   2 )=       0.000000   gamma_tr=       0.000000 meV  omega=     71.3242 meV   on_shell_Omega=     71.3909 meV  off_shell_Omega=     71.3909 meV
     lambda___(   3 )=       0.000000   gamma___=       0.000000 meV  omega=    119.0819 meV   on_shell_Omega=    119.0832 meV  off_shell_Omega=    119.0832 meV
     lambda_tr(   3 )=       0.000000   gamma_tr=       0.000000 meV  omega=    119.0819 meV   on_shell_Omega=    119.0832 meV  off_shell_Omega=    119.0832 meV
     lambda___(   4 )=       0.000000   gamma___=       0.000000 meV  omega=    148.1571 meV   on_shell_Omega=    148.1670 meV  off_shell_Omega=    148.1670 meV
     lambda_tr(   4 )=       0.000000   gamma_tr=       0.000000 meV  omega=    148.1571 meV   on_shell_Omega=    148.1670 meV  off_shell_Omega=    148.1670 meV
     lambda___(   5 )=       0.000000   gamma___=       0.000000 meV  omega=    158.2074 meV   on_shell_Omega=    158.2190 meV  off_shell_Omega=    158.2190 meV
     lambda_tr(   5 )=       0.000000   gamma_tr=       0.000000 meV  omega=    158.2074 meV   on_shell_Omega=    158.2190 meV  off_shell_Omega=    158.2190 meV
     lambda___(   6 )=       0.000000   gamma___=       0.000000 meV  omega=    164.2275 meV   on_shell_Omega=    163.8339 meV  off_shell_Omega=    163.9068 meV
     lambda_tr(   6 )=       0.000000   gamma_tr=       0.000000 meV  omega=    164.2275 meV   on_shell_Omega=    163.8339 meV  off_shell_Omega=    163.9068 meV
     lambda___( tot )=       0.000000
     lambda_tr( tot )=       0.000000
     -------------------------------------------------------------------


     Number of (k,k+q) pairs on the Fermi surface:      302 out of      324


     ismear =     1 iq =     213 coord.:   0.61111  0.77778  0.00000 wt:   0.00309 Temp:  300.000K
     -------------------------------------------------------------------
     lambda___(   1 )=       0.000000   gamma___=       0.000000 meV  omega=     59.2217 meV   on_shell_Omega=     59.1163 meV  off_shell_Omega=     59.1163 meV
     lambda_tr(   1 )=       0.000000   gamma_tr=       0.000000 meV  omega=     59.2217 meV   on_shell_Omega=     59.1163 meV  off_shell_Omega=     59.1163 meV
     lambda___(   2 )=       0.000000   gamma___=       0.000000 meV  omega=     73.2563 meV   on_shell_Omega=     73.3030 meV  off_shell_Omega=     73.3030 meV
     lambda_tr(   2 )=       0.000000   gamma_tr=       0.000000 meV  omega=     73.2563 meV   on_shell_Omega=     73.3030 meV  off_shell_Omega=     73.3030 meV
     lambda___(   3 )=       0.000000   gamma___=       0.000000 meV  omega=    109.8774 meV   on_shell_Omega=    109.8791 meV  off_shell_Omega=    109.8791 meV
     lambda_tr(   3 )=       0.000000   gamma_tr=       0.000000 meV  omega=    109.8774 meV   on_shell_Omega=    109.8791 meV  off_shell_Omega=    109.8791 meV
     lambda___(   4 )=       0.000000   gamma___=       0.000000 meV  omega=    154.3190 meV   on_shell_Omega=    154.3112 meV  off_shell_Omega=    154.3112 meV
     lambda_tr(   4 )=       0.000000   gamma_tr=       0.000000 meV  omega=    154.3190 meV   on_shell_Omega=    154.3112 meV  off_shell_Omega=    154.3112 meV
     lambda___(   5 )=       0.000000   gamma___=       0.000000 meV  omega=    159.0782 meV   on_shell_Omega=    159.1246 meV  off_shell_Omega=    159.1246 meV
     lambda_tr(   5 )=       0.000000   gamma_tr=       0.000000 meV  omega=    159.0782 meV   on_shell_Omega=    159.1246 meV  off_shell_Omega=    159.1246 meV
     lambda___(   6 )=       0.000000   gamma___=       0.000000 meV  omega=    167.0051 meV   on_shell_Omega=    167.2650 meV  off_shell_Omega=    167.2905 meV
     lambda_tr(   6 )=       0.000000   gamma_tr=       0.000000 meV  omega=    167.0051 meV   on_shell_Omega=    167.2650 meV  off_shell_Omega=    167.2905 meV
     lambda___( tot )=       0.000000
     lambda_tr( tot )=       0.000000
     -------------------------------------------------------------------


     Number of (k,k+q) pairs on the Fermi surface:      302 out of      324


     ismear =     1 iq =     214 coord.:   0.61111  0.83333  0.00000 wt:   0.00309 Temp:  300.000K
     -------------------------------------------------------------------
     lambda___(   1 )=      -0.000000   gamma___=      -0.000000 meV  omega=     56.8551 meV   on_shell_Omega=     56.8248 meV  off_shell_Omega=     56.8248 meV
     lambda_tr(   1 )=      -0.000000   gamma_tr=      -0.000000 meV  omega=     56.8551 meV   on_shell_Omega=     56.8248 meV  off_shell_Omega=     56.8248 meV
     lambda___(   2 )=      -0.000000   gamma___=      -0.000000 meV  omega=     76.7167 meV   on_shell_Omega=     76.7329 meV  off_shell_Omega=     76.7329 meV
     lambda_tr(   2 )=      -0.000000   gamma_tr=      -0.000000 meV  omega=     76.7167 meV   on_shell_Omega=     76.7329 meV  off_shell_Omega=     76.7329 meV
     lambda___(   3 )=      -0.000000   gamma___=      -0.000000 meV  omega=     98.2847 meV   on_shell_Omega=     98.2880 meV  off_shell_Omega=     98.2880 meV
     lambda_tr(   3 )=      -0.000000   gamma_tr=      -0.000000 meV  omega=     98.2847 meV   on_shell_Omega=     98.2880 meV  off_shell_Omega=     98.2880 meV
     lambda___(   4 )=       0.000000   gamma___=       0.000000 meV  omega=    154.7530 meV   on_shell_Omega=    154.7627 meV  off_shell_Omega=    154.7627 meV
     lambda_tr(   4 )=       0.000000   gamma_tr=       0.000000 meV  omega=    154.7530 meV   on_shell_Omega=    154.7627 meV  off_shell_Omega=    154.7627 meV
     lambda___(   5 )=       0.000000   gamma___=       0.000000 meV  omega=    165.9419 meV   on_shell_Omega=    165.9608 meV  off_shell_Omega=    165.9608 meV
     lambda_tr(   5 )=       0.000000   gamma_tr=       0.000000 meV  omega=    165.9419 meV   on_shell_Omega=    165.9608 meV  off_shell_Omega=    165.9608 meV
     lambda___(   6 )=       0.000000   gamma___=       0.000000 meV  omega=    170.5417 meV   on_shell_Omega=    170.8551 meV  off_shell_Omega=    170.8331 meV
     lambda_tr(   6 )=       0.000000   gamma_tr=       0.000000 meV  omega=    170.5417 meV   on_shell_Omega=    170.8551 meV  off_shell_Omega=    170.8331 meV
     lambda___( tot )=      -0.000000
     lambda_tr( tot )=      -0.000000
     -------------------------------------------------------------------


     Number of (k,k+q) pairs on the Fermi surface:      302 out of      324


     ismear =     1 iq =     215 coord.:   0.61111  0.88889  0.00000 wt:   0.00309 Temp:  300.000K
     -------------------------------------------------------------------
     lambda___(   1 )=       0.000000   gamma___=       0.000000 meV  omega=     53.2899 meV   on_shell_Omega=     53.3121 meV  off_shell_Omega=     53.3121 meV
     lambda_tr(   1 )=       0.000000   gamma_tr=       0.000000 meV  omega=     53.2899 meV   on_shell_Omega=     53.3121 meV  off_shell_Omega=     53.3121 meV
     lambda___(   2 )=       0.000000   gamma___=       0.000000 meV  omega=     80.9301 meV   on_shell_Omega=     80.9720 meV  off_shell_Omega=     80.9720 meV
     lambda_tr(   2 )=       0.000000   gamma_tr=       0.000000 meV  omega=     80.9301 meV   on_shell_Omega=     80.9720 meV  off_shell_Omega=     80.9720 meV
     lambda___(   3 )=       0.000000   gamma___=       0.000000 meV  omega=     87.2212 meV   on_shell_Omega=     87.2238 meV  off_shell_Omega=     87.2238 meV
     lambda_tr(   3 )=       0.000000   gamma_tr=       0.000000 meV  omega=     87.2212 meV   on_shell_Omega=     87.2238 meV  off_shell_Omega=     87.2238 meV
     lambda___(   4 )=       0.000000   gamma___=       0.000000 meV  omega=    152.1278 meV   on_shell_Omega=    152.1407 meV  off_shell_Omega=    152.1407 meV
     lambda_tr(   4 )=       0.000000   gamma_tr=       0.000000 meV  omega=    152.1278 meV   on_shell_Omega=    152.1407 meV  off_shell_Omega=    152.1407 meV
     lambda___(   5 )=       0.000000   gamma___=       0.000000 meV  omega=    172.6987 meV   on_shell_Omega=    172.7763 meV  off_shell_Omega=    172.7763 meV
     lambda_tr(   5 )=       0.000000   gamma_tr=       0.000000 meV  omega=    172.6987 meV   on_shell_Omega=    172.7763 meV  off_shell_Omega=    172.7763 meV
     lambda___(   6 )=       0.000000   gamma___=       0.000000 meV  omega=    174.0168 meV   on_shell_Omega=    174.1550 meV  off_shell_Omega=    174.1018 meV
     lambda_tr(   6 )=       0.000000   gamma_tr=       0.000000 meV  omega=    174.0168 meV   on_shell_Omega=    174.1550 meV  off_shell_Omega=    174.1018 meV
     lambda___( tot )=       0.000000
     lambda_tr( tot )=       0.000000
     -------------------------------------------------------------------


     Number of (k,k+q) pairs on the Fermi surface:      302 out of      324


     ismear =     1 iq =     216 coord.:   0.61111  0.94444  0.00000 wt:   0.00309 Temp:  300.000K
     -------------------------------------------------------------------
     lambda___(   1 )=       0.000000   gamma___=       0.000000 meV  omega=     48.7209 meV   on_shell_Omega=     48.7624 meV  off_shell_Omega=     48.7624 meV
     lambda_tr(   1 )=       0.000000   gamma_tr=       0.000000 meV  omega=     48.7209 meV   on_shell_Omega=     48.7624 meV  off_shell_Omega=     48.7624 meV
     lambda___(   2 )=       0.000000   gamma___=       0.000000 meV  omega=     78.5229 meV   on_shell_Omega=     78.5262 meV  off_shell_Omega=     78.5262 meV
     lambda_tr(   2 )=       0.000000   gamma_tr=       0.000000 meV  omega=     78.5229 meV   on_shell_Omega=     78.5262 meV  off_shell_Omega=     78.5262 meV
     lambda___(   3 )=       0.000000   gamma___=       0.000000 meV  omega=     85.1887 meV   on_shell_Omega=     85.2124 meV  off_shell_Omega=     85.2124 meV
     lambda_tr(   3 )=       0.000000   gamma_tr=       0.000000 meV  omega=     85.1887 meV   on_shell_Omega=     85.2124 meV  off_shell_Omega=     85.2124 meV
     lambda___(   4 )=       0.000000   gamma___=       0.000000 meV  omega=    147.4393 meV   on_shell_Omega=    147.4527 meV  off_shell_Omega=    147.4527 meV
     lambda_tr(   4 )=       0.000000   gamma_tr=       0.000000 meV  omega=    147.4393 meV   on_shell_Omega=    147.4527 meV  off_shell_Omega=    147.4527 meV
     lambda___(   5 )=       0.000000   gamma___=       0.000000 meV  omega=    174.7024 meV   on_shell_Omega=    174.8093 meV  off_shell_Omega=    174.8093 meV
     lambda_tr(   5 )=       0.000000   gamma_tr=       0.000000 meV  omega=    174.7024 meV   on_shell_Omega=    174.8093 meV  off_shell_Omega=    174.8093 meV
     lambda___(   6 )=       0.000000   gamma___=       0.000000 meV  omega=    180.0388 meV   on_shell_Omega=    180.0804 meV  off_shell_Omega=    180.0804 meV
     lambda_tr(   6 )=       0.000000   gamma_tr=       0.000000 meV  omega=    180.0388 meV   on_shell_Omega=    180.0804 meV  off_shell_Omega=    180.0804 meV
     lambda___( tot )=       0.000000
     lambda_tr( tot )=       0.000000
     -------------------------------------------------------------------


     Number of (k,k+q) pairs on the Fermi surface:      302 out of      324


     ismear =     1 iq =     217 coord.:   0.66667  0.00000  0.00000 wt:   0.00309 Temp:  300.000K
     -------------------------------------------------------------------
     lambda___(   1 )=      -0.000000   gamma___=      -0.000000 meV  omega=     33.1569 meV   on_shell_Omega=     33.1857 meV  off_shell_Omega=     33.1857 meV
     lambda_tr(   1 )=      -0.000000   gamma_tr=      -0.000000 meV  omega=     33.1569 meV   on_shell_Omega=     33.1857 meV  off_shell_Omega=     33.1857 meV
     lambda___(   2 )=      -0.000000   gamma___=      -0.000000 meV  omega=     68.9140 meV   on_shell_Omega=     68.9148 meV  off_shell_Omega=     68.9148 meV
     lambda_tr(   2 )=      -0.000000   gamma_tr=      -0.000000 meV  omega=     68.9140 meV   on_shell_Omega=     68.9148 meV  off_shell_Omega=     68.9148 meV
     lambda___(   3 )=      -0.000000   gamma___=      -0.000000 meV  omega=     95.1326 meV   on_shell_Omega=     95.1594 meV  off_shell_Omega=     95.1594 meV
     lambda_tr(   3 )=      -0.000000   gamma_tr=      -0.000000 meV  omega=     95.1326 meV   on_shell_Omega=     95.1594 meV  off_shell_Omega=     95.1594 meV
     lambda___(   4 )=      -0.000000   gamma___=      -0.000000 meV  omega=    124.9307 meV   on_shell_Omega=    124.9530 meV  off_shell_Omega=    124.9530 meV
     lambda_tr(   4 )=      -0.000000   gamma_tr=      -0.000000 meV  omega=    124.9307 meV   on_shell_Omega=    124.9530 meV  off_shell_Omega=    124.9530 meV
     lambda___(   5 )=       0.000000   gamma___=       0.000000 meV  omega=    178.1962 meV   on_shell_Omega=    178.3428 meV  off_shell_Omega=    178.2832 meV
     lambda_tr(   5 )=       0.000000   gamma_tr=       0.000000 meV  omega=    178.1962 meV   on_shell_Omega=    178.3428 meV  off_shell_Omega=    178.2832 meV
     lambda___(   6 )=       0.000000   gamma___=       0.000000 meV  omega=    191.2648 meV   on_shell_Omega=    191.3734 meV  off_shell_Omega=    191.3734 meV
     lambda_tr(   6 )=       0.000000   gamma_tr=       0.000000 meV  omega=    191.2648 meV   on_shell_Omega=    191.3734 meV  off_shell_Omega=    191.3734 meV
     lambda___( tot )=      -0.000000
     lambda_tr( tot )=      -0.000000
     -------------------------------------------------------------------


     Number of (k,k+q) pairs on the Fermi surface:      302 out of      324


     ismear =     1 iq =     218 coord.:   0.66667  0.05556  0.00000 wt:   0.00309 Temp:  300.000K
     -------------------------------------------------------------------
     lambda___(   1 )=       0.000000   gamma___=       0.000000 meV  omega=     28.4016 meV   on_shell_Omega=     28.4229 meV  off_shell_Omega=     28.4229 meV
     lambda_tr(   1 )=       0.000000   gamma_tr=       0.000000 meV  omega=     28.4016 meV   on_shell_Omega=     28.4229 meV  off_shell_Omega=     28.4229 meV
     lambda___(   2 )=       0.000000   gamma___=       0.000000 meV  omega=     68.4499 meV   on_shell_Omega=     68.4560 meV  off_shell_Omega=     68.4560 meV
     lambda_tr(   2 )=       0.000000   gamma_tr=       0.000000 meV  omega=     68.4499 meV   on_shell_Omega=     68.4560 meV  off_shell_Omega=     68.4560 meV
     lambda___(   3 )=       0.000000   gamma___=       0.000000 meV  omega=     97.4271 meV   on_shell_Omega=     97.4577 meV  off_shell_Omega=     97.4577 meV
     lambda_tr(   3 )=       0.000000   gamma_tr=       0.000000 meV  omega=     97.4271 meV   on_shell_Omega=     97.4577 meV  off_shell_Omega=     97.4577 meV
     lambda___(   4 )=       0.000000   gamma___=       0.000000 meV  omega=    116.0823 meV   on_shell_Omega=    116.0950 meV  off_shell_Omega=    116.0950 meV
     lambda_tr(   4 )=       0.000000   gamma_tr=       0.000000 meV  omega=    116.0823 meV   on_shell_Omega=    116.0950 meV  off_shell_Omega=    116.0950 meV
     lambda___(   5 )=       0.000000   gamma___=       0.000000 meV  omega=    179.0260 meV   on_shell_Omega=    179.1384 meV  off_shell_Omega=    179.1384 meV
     lambda_tr(   5 )=       0.000000   gamma_tr=       0.000000 meV  omega=    179.0260 meV   on_shell_Omega=    179.1384 meV  off_shell_Omega=    179.1384 meV
     lambda___(   6 )=       0.000000   gamma___=       0.000000 meV  omega=    193.3977 meV   on_shell_Omega=    193.5071 meV  off_shell_Omega=    193.5071 meV
     lambda_tr(   6 )=      -0.000000   gamma_tr=      -0.000000 meV  omega=    193.3977 meV   on_shell_Omega=    193.5071 meV  off_shell_Omega=    193.5071 meV
     lambda___( tot )=       0.000000
     lambda_tr( tot )=       0.000000
     -------------------------------------------------------------------


     Number of (k,k+q) pairs on the Fermi surface:      302 out of      324


     ismear =     1 iq =     219 coord.:   0.66667  0.11111  0.00000 wt:   0.00309 Temp:  300.000K
     -------------------------------------------------------------------
     lambda___(   1 )=       0.000000   gamma___=       0.000000 meV  omega=     25.3433 meV   on_shell_Omega=     25.3662 meV  off_shell_Omega=     25.3662 meV
     lambda_tr(   1 )=       0.000000   gamma_tr=       0.000000 meV  omega=     25.3433 meV   on_shell_Omega=     25.3662 meV  off_shell_Omega=     25.3662 meV
     lambda___(   2 )=       0.000000   gamma___=       0.000000 meV  omega=     71.9168 meV   on_shell_Omega=     71.9403 meV  off_shell_Omega=     71.9403 meV
     lambda_tr(   2 )=       0.000000   gamma_tr=       0.000000 meV  omega=     71.9168 meV   on_shell_Omega=     71.9403 meV  off_shell_Omega=     71.9403 meV
     lambda___(   3 )=       0.000000   gamma___=       0.000000 meV  omega=     98.6933 meV   on_shell_Omega=     98.7294 meV  off_shell_Omega=     98.7294 meV
     lambda_tr(   3 )=       0.000000   gamma_tr=       0.000000 meV  omega=     98.6933 meV   on_shell_Omega=     98.7294 meV  off_shell_Omega=     98.7294 meV
     lambda___(   4 )=       0.000000   gamma___=       0.000000 meV  omega=    108.1034 meV   on_shell_Omega=    108.1143 meV  off_shell_Omega=    108.1143 meV
     lambda_tr(   4 )=       0.000000   gamma_tr=       0.000000 meV  omega=    108.1034 meV   on_shell_Omega=    108.1143 meV  off_shell_Omega=    108.1143 meV
     lambda___(   5 )=       0.000000   gamma___=       0.000000 meV  omega=    178.9943 meV   on_shell_Omega=    179.1953 meV  off_shell_Omega=    179.0817 meV
     lambda_tr(   5 )=       0.000000   gamma_tr=       0.000000 meV  omega=    178.9943 meV   on_shell_Omega=    179.1953 meV  off_shell_Omega=    179.0817 meV
     lambda___(   6 )=       0.000000   gamma___=       0.000000 meV  omega=    194.0722 meV   on_shell_Omega=    194.1880 meV  off_shell_Omega=    194.1880 meV
     lambda_tr(   6 )=       0.000000   gamma_tr=       0.000000 meV  omega=    194.0722 meV   on_shell_Omega=    194.1880 meV  off_shell_Omega=    194.1880 meV
     lambda___( tot )=       0.000000
     lambda_tr( tot )=       0.000000
     -------------------------------------------------------------------


     Number of (k,k+q) pairs on the Fermi surface:      302 out of      324


     ismear =     1 iq =     220 coord.:   0.66667  0.16667  0.00000 wt:   0.00309 Temp:  300.000K
     -------------------------------------------------------------------
     lambda___(   1 )=       0.000000   gamma___=       0.000000 meV  omega=     24.3343 meV   on_shell_Omega=     24.3865 meV  off_shell_Omega=     24.3865 meV
     lambda_tr(   1 )=       0.000000   gamma_tr=       0.000000 meV  omega=     24.3343 meV   on_shell_Omega=     24.3865 meV  off_shell_Omega=     24.3865 meV
     lambda___(   2 )=       0.000000   gamma___=       0.000000 meV  omega=     74.3972 meV   on_shell_Omega=     74.4493 meV  off_shell_Omega=     74.4493 meV
     lambda_tr(   2 )=       0.000000   gamma_tr=       0.000000 meV  omega=     74.3972 meV   on_shell_Omega=     74.4493 meV  off_shell_Omega=     74.4493 meV
     lambda___(   3 )=       0.000000   gamma___=       0.000000 meV  omega=     99.0822 meV   on_shell_Omega=     99.1250 meV  off_shell_Omega=     99.1250 meV
     lambda_tr(   3 )=       0.000000   gamma_tr=       0.000000 meV  omega=     99.0822 meV   on_shell_Omega=     99.1250 meV  off_shell_Omega=     99.1250 meV
     lambda___(   4 )=       0.000000   gamma___=       0.000000 meV  omega=    104.4304 meV   on_shell_Omega=    104.4210 meV  off_shell_Omega=    104.4210 meV
     lambda_tr(   4 )=       0.000000   gamma_tr=       0.000000 meV  omega=    104.4304 meV   on_shell_Omega=    104.4210 meV  off_shell_Omega=    104.4210 meV
     lambda___(   5 )=       0.000000   gamma___=       0.000000 meV  omega=    178.8251 meV   on_shell_Omega=    179.0692 meV  off_shell_Omega=    179.1307 meV
     lambda_tr(   5 )=       0.000000   gamma_tr=       0.000000 meV  omega=    178.8251 meV   on_shell_Omega=    179.0692 meV  off_shell_Omega=    179.1307 meV
     lambda___(   6 )=       0.000000   gamma___=       0.000000 meV  omega=    194.1346 meV   on_shell_Omega=    194.2385 meV  off_shell_Omega=    194.2385 meV
     lambda_tr(   6 )=       0.000000   gamma_tr=       0.000000 meV  omega=    194.1346 meV   on_shell_Omega=    194.2385 meV  off_shell_Omega=    194.2385 meV
     lambda___( tot )=       0.000000
     lambda_tr( tot )=       0.000000
     -------------------------------------------------------------------


     Number of (k,k+q) pairs on the Fermi surface:      303 out of      324


     ismear =     1 iq =     221 coord.:   0.66667  0.22222  0.00000 wt:   0.00309 Temp:  300.000K
     -------------------------------------------------------------------
     lambda___(   1 )=      -0.000000   gamma___=      -0.000000 meV  omega=     25.3433 meV   on_shell_Omega=     25.3609 meV  off_shell_Omega=     25.3609 meV
     lambda_tr(   1 )=      -0.000000   gamma_tr=      -0.000000 meV  omega=     25.3433 meV   on_shell_Omega=     25.3609 meV  off_shell_Omega=     25.3609 meV
     lambda___(   2 )=       0.000000   gamma___=       0.000000 meV  omega=     71.9168 meV   on_shell_Omega=     71.9528 meV  off_shell_Omega=     71.9528 meV
     lambda_tr(   2 )=      -0.000000   gamma_tr=      -0.000000 meV  omega=     71.9168 meV   on_shell_Omega=     71.9528 meV  off_shell_Omega=     71.9528 meV
     lambda___(   3 )=       0.000000   gamma___=       0.000000 meV  omega=     98.6933 meV   on_shell_Omega=     98.7301 meV  off_shell_Omega=     98.7301 meV
     lambda_tr(   3 )=      -0.000000   gamma_tr=      -0.000000 meV  omega=     98.6933 meV   on_shell_Omega=     98.7301 meV  off_shell_Omega=     98.7301 meV
     lambda___(   4 )=       0.000000   gamma___=       0.000000 meV  omega=    108.1034 meV   on_shell_Omega=    108.1148 meV  off_shell_Omega=    108.1148 meV
     lambda_tr(   4 )=      -0.000000   gamma_tr=      -0.000000 meV  omega=    108.1034 meV   on_shell_Omega=    108.1148 meV  off_shell_Omega=    108.1148 meV
     lambda___(   5 )=       0.000000   gamma___=       0.000000 meV  omega=    178.9943 meV   on_shell_Omega=    179.2422 meV  off_shell_Omega=    179.3002 meV
     lambda_tr(   5 )=      -0.000000   gamma_tr=      -0.000000 meV  omega=    178.9943 meV   on_shell_Omega=    179.2422 meV  off_shell_Omega=    179.3002 meV
     lambda___(   6 )=       0.000000   gamma___=       0.000000 meV  omega=    194.0722 meV   on_shell_Omega=    194.1718 meV  off_shell_Omega=    194.1718 meV
     lambda_tr(   6 )=      -0.000000   gamma_tr=      -0.000000 meV  omega=    194.0722 meV   on_shell_Omega=    194.1718 meV  off_shell_Omega=    194.1718 meV
     lambda___( tot )=       0.000000
     lambda_tr( tot )=      -0.000000
     -------------------------------------------------------------------


     Number of (k,k+q) pairs on the Fermi surface:      303 out of      324


     ismear =     1 iq =     222 coord.:   0.66667  0.27778  0.00000 wt:   0.00309 Temp:  300.000K
     -------------------------------------------------------------------
     lambda___(   1 )=       0.000000   gamma___=       0.000000 meV  omega=     28.4016 meV   on_shell_Omega=     28.4101 meV  off_shell_Omega=     28.4101 meV
     lambda_tr(   1 )=       0.000000   gamma_tr=       0.000000 meV  omega=     28.4016 meV   on_shell_Omega=     28.4101 meV  off_shell_Omega=     28.4101 meV
     lambda___(   2 )=       0.000000   gamma___=       0.000000 meV  omega=     68.4499 meV   on_shell_Omega=     68.4599 meV  off_shell_Omega=     68.4599 meV
     lambda_tr(   2 )=       0.000000   gamma_tr=       0.000000 meV  omega=     68.4499 meV   on_shell_Omega=     68.4599 meV  off_shell_Omega=     68.4599 meV
     lambda___(   3 )=       0.000000   gamma___=       0.000000 meV  omega=     97.4271 meV   on_shell_Omega=     97.4583 meV  off_shell_Omega=     97.4583 meV
     lambda_tr(   3 )=       0.000000   gamma_tr=       0.000000 meV  omega=     97.4271 meV   on_shell_Omega=     97.4583 meV  off_shell_Omega=     97.4583 meV
     lambda___(   4 )=       0.000000   gamma___=       0.000000 meV  omega=    116.0823 meV   on_shell_Omega=    116.1026 meV  off_shell_Omega=    116.1026 meV
     lambda_tr(   4 )=       0.000000   gamma_tr=       0.000000 meV  omega=    116.0823 meV   on_shell_Omega=    116.1026 meV  off_shell_Omega=    116.1026 meV
     lambda___(   5 )=       0.000000   gamma___=       0.000000 meV  omega=    179.0260 meV   on_shell_Omega=    179.1767 meV  off_shell_Omega=    179.1134 meV
     lambda_tr(   5 )=       0.000000   gamma_tr=       0.000000 meV  omega=    179.0260 meV   on_shell_Omega=    179.1767 meV  off_shell_Omega=    179.1134 meV
     lambda___(   6 )=       0.000000   gamma___=       0.000000 meV  omega=    193.3977 meV   on_shell_Omega=    193.5067 meV  off_shell_Omega=    193.5067 meV
     lambda_tr(   6 )=       0.000000   gamma_tr=       0.000000 meV  omega=    193.3977 meV   on_shell_Omega=    193.5067 meV  off_shell_Omega=    193.5067 meV
     lambda___( tot )=       0.000000
     lambda_tr( tot )=       0.000000
     -------------------------------------------------------------------


     Number of (k,k+q) pairs on the Fermi surface:      302 out of      324


     ismear =     1 iq =     223 coord.:   0.66667  0.33333  0.00000 wt:   0.00309 Temp:  300.000K
     -------------------------------------------------------------------
     lambda___(   1 )=      -0.000000   gamma___=      -0.000000 meV  omega=     33.1569 meV   on_shell_Omega=     33.1509 meV  off_shell_Omega=     33.1509 meV
     lambda_tr(   1 )=      -0.000000   gamma_tr=      -0.000000 meV  omega=     33.1569 meV   on_shell_Omega=     33.1509 meV  off_shell_Omega=     33.1509 meV
     lambda___(   2 )=      -0.000000   gamma___=      -0.000000 meV  omega=     68.9140 meV   on_shell_Omega=     68.9154 meV  off_shell_Omega=     68.9154 meV
     lambda_tr(   2 )=      -0.000000   gamma_tr=      -0.000000 meV  omega=     68.9140 meV   on_shell_Omega=     68.9154 meV  off_shell_Omega=     68.9154 meV
     lambda___(   3 )=       0.000000   gamma___=       0.000000 meV  omega=     95.1326 meV   on_shell_Omega=     95.1609 meV  off_shell_Omega=     95.1609 meV
     lambda_tr(   3 )=       0.000000   gamma_tr=       0.000000 meV  omega=     95.1326 meV   on_shell_Omega=     95.1609 meV  off_shell_Omega=     95.1609 meV
     lambda___(   4 )=       0.000000   gamma___=       0.000000 meV  omega=    124.9307 meV   on_shell_Omega=    124.9534 meV  off_shell_Omega=    124.9534 meV
     lambda_tr(   4 )=       0.000000   gamma_tr=       0.000000 meV  omega=    124.9307 meV   on_shell_Omega=    124.9534 meV  off_shell_Omega=    124.9534 meV
     lambda___(   5 )=       0.000000   gamma___=       0.000000 meV  omega=    178.1962 meV   on_shell_Omega=    178.3275 meV  off_shell_Omega=    178.3275 meV
     lambda_tr(   5 )=       0.000000   gamma_tr=       0.000000 meV  omega=    178.1962 meV   on_shell_Omega=    178.3275 meV  off_shell_Omega=    178.3275 meV
     lambda___(   6 )=       0.000000   gamma___=       0.000000 meV  omega=    191.2648 meV   on_shell_Omega=    191.3534 meV  off_shell_Omega=    191.3534 meV
     lambda_tr(   6 )=       0.000000   gamma_tr=       0.000000 meV  omega=    191.2648 meV   on_shell_Omega=    191.3534 meV  off_shell_Omega=    191.3534 meV
     lambda___( tot )=       0.000000
     lambda_tr( tot )=       0.000000
     -------------------------------------------------------------------


     Number of (k,k+q) pairs on the Fermi surface:      302 out of      324


     ismear =     1 iq =     224 coord.:   0.66667  0.38889  0.00000 wt:   0.00309 Temp:  300.000K
     -------------------------------------------------------------------
     lambda___(   1 )=       0.000000   gamma___=       0.000000 meV  omega=     38.7155 meV   on_shell_Omega=     38.7204 meV  off_shell_Omega=     38.7204 meV
     lambda_tr(   1 )=       0.000000   gamma_tr=       0.000000 meV  omega=     38.7155 meV   on_shell_Omega=     38.7204 meV  off_shell_Omega=     38.7204 meV
     lambda___(   2 )=       0.000000   gamma___=       0.000000 meV  omega=     74.7040 meV   on_shell_Omega=     74.7095 meV  off_shell_Omega=     74.7095 meV
     lambda_tr(   2 )=       0.000000   gamma_tr=       0.000000 meV  omega=     74.7040 meV   on_shell_Omega=     74.7095 meV  off_shell_Omega=     74.7095 meV
     lambda___(   3 )=       0.000000   gamma___=       0.000000 meV  omega=     91.8159 meV   on_shell_Omega=     91.8337 meV  off_shell_Omega=     91.8337 meV
     lambda_tr(   3 )=      -0.000000   gamma_tr=      -0.000000 meV  omega=     91.8159 meV   on_shell_Omega=     91.8337 meV  off_shell_Omega=     91.8337 meV
     lambda___(   4 )=       0.000000   gamma___=       0.000000 meV  omega=    132.8626 meV   on_shell_Omega=    132.8714 meV  off_shell_Omega=    132.8714 meV
     lambda_tr(   4 )=      -0.000000   gamma_tr=      -0.000000 meV  omega=    132.8626 meV   on_shell_Omega=    132.8714 meV  off_shell_Omega=    132.8714 meV
     lambda___(   5 )=       0.000000   gamma___=       0.000000 meV  omega=    176.5052 meV   on_shell_Omega=    176.6190 meV  off_shell_Omega=    176.6190 meV
     lambda_tr(   5 )=      -0.000000   gamma_tr=      -0.000000 meV  omega=    176.5052 meV   on_shell_Omega=    176.6190 meV  off_shell_Omega=    176.6190 meV
     lambda___(   6 )=       0.000000   gamma___=       0.000000 meV  omega=    187.3742 meV   on_shell_Omega=    187.4373 meV  off_shell_Omega=    187.4373 meV
     lambda_tr(   6 )=       0.000000   gamma_tr=       0.000000 meV  omega=    187.3742 meV   on_shell_Omega=    187.4373 meV  off_shell_Omega=    187.4373 meV
     lambda___( tot )=       0.000000
     lambda_tr( tot )=       0.000000
     -------------------------------------------------------------------


     Number of (k,k+q) pairs on the Fermi surface:      303 out of      324


     ismear =     1 iq =     225 coord.:   0.66667  0.44444  0.00000 wt:   0.00309 Temp:  300.000K
     -------------------------------------------------------------------
     lambda___(   1 )=       0.000000   gamma___=       0.000000 meV  omega=     44.2899 meV   on_shell_Omega=     44.3145 meV  off_shell_Omega=     44.3145 meV
     lambda_tr(   1 )=       0.000000   gamma_tr=       0.000000 meV  omega=     44.2899 meV   on_shell_Omega=     44.3145 meV  off_shell_Omega=     44.3145 meV
     lambda___(   2 )=       0.000000   gamma___=       0.000000 meV  omega=     84.4905 meV   on_shell_Omega=     84.4983 meV  off_shell_Omega=     84.4983 meV
     lambda_tr(   2 )=      -0.000000   gamma_tr=      -0.000000 meV  omega=     84.4905 meV   on_shell_Omega=     84.4983 meV  off_shell_Omega=     84.4983 meV
     lambda___(   3 )=       0.000000   gamma___=       0.000000 meV  omega=     87.6263 meV   on_shell_Omega=     87.6638 meV  off_shell_Omega=     87.6638 meV
     lambda_tr(   3 )=      -0.000000   gamma_tr=      -0.000000 meV  omega=     87.6263 meV   on_shell_Omega=     87.6638 meV  off_shell_Omega=     87.6638 meV
     lambda___(   4 )=       0.000000   gamma___=       0.000000 meV  omega=    138.8833 meV   on_shell_Omega=    138.8926 meV  off_shell_Omega=    138.8926 meV
     lambda_tr(   4 )=      -0.000000   gamma_tr=      -0.000000 meV  omega=    138.8833 meV   on_shell_Omega=    138.8926 meV  off_shell_Omega=    138.8926 meV
     lambda___(   5 )=       0.000000   gamma___=       0.000000 meV  omega=    174.3908 meV   on_shell_Omega=    174.5349 meV  off_shell_Omega=    174.4759 meV
     lambda_tr(   5 )=      -0.000000   gamma_tr=      -0.000000 meV  omega=    174.3908 meV   on_shell_Omega=    174.5349 meV  off_shell_Omega=    174.4759 meV
     lambda___(   6 )=       0.000000   gamma___=       0.000000 meV  omega=    181.9601 meV   on_shell_Omega=    182.0089 meV  off_shell_Omega=    182.0089 meV
     lambda_tr(   6 )=      -0.000000   gamma_tr=      -0.000000 meV  omega=    181.9601 meV   on_shell_Omega=    182.0089 meV  off_shell_Omega=    182.0089 meV
     lambda___( tot )=       0.000000
     lambda_tr( tot )=      -0.000000
     -------------------------------------------------------------------


     Number of (k,k+q) pairs on the Fermi surface:      303 out of      324


     ismear =     1 iq =     226 coord.:   0.66667  0.50000  0.00000 wt:   0.00309 Temp:  300.000K
     -------------------------------------------------------------------
     lambda___(   1 )=       0.000000   gamma___=       0.000000 meV  omega=     49.6179 meV   on_shell_Omega=     49.6280 meV  off_shell_Omega=     49.6280 meV
     lambda_tr(   1 )=       0.000000   gamma_tr=       0.000000 meV  omega=     49.6179 meV   on_shell_Omega=     49.6280 meV  off_shell_Omega=     49.6280 meV
     lambda___(   2 )=       0.000000   gamma___=       0.000000 meV  omega=     82.7207 meV   on_shell_Omega=     82.7806 meV  off_shell_Omega=     82.7806 meV
     lambda_tr(   2 )=       0.000000   gamma_tr=       0.000000 meV  omega=     82.7207 meV   on_shell_Omega=     82.7806 meV  off_shell_Omega=     82.7806 meV
     lambda___(   3 )=       0.000000   gamma___=       0.000000 meV  omega=     96.2760 meV   on_shell_Omega=     96.2854 meV  off_shell_Omega=     96.2854 meV
     lambda_tr(   3 )=       0.000000   gamma_tr=       0.000000 meV  omega=     96.2760 meV   on_shell_Omega=     96.2854 meV  off_shell_Omega=     96.2854 meV
     lambda___(   4 )=       0.000000   gamma___=       0.000000 meV  omega=    142.9427 meV   on_shell_Omega=    142.9605 meV  off_shell_Omega=    142.9605 meV
     lambda_tr(   4 )=       0.000000   gamma_tr=       0.000000 meV  omega=    142.9427 meV   on_shell_Omega=    142.9605 meV  off_shell_Omega=    142.9605 meV
     lambda___(   5 )=       0.000000   gamma___=       0.000000 meV  omega=    171.6981 meV   on_shell_Omega=    171.8709 meV  off_shell_Omega=    171.7819 meV
     lambda_tr(   5 )=       0.000000   gamma_tr=       0.000000 meV  omega=    171.6981 meV   on_shell_Omega=    171.8709 meV  off_shell_Omega=    171.7819 meV
     lambda___(   6 )=       0.000000   gamma___=       0.000000 meV  omega=    175.1952 meV   on_shell_Omega=    175.2477 meV  off_shell_Omega=    175.2477 meV
     lambda_tr(   6 )=       0.000000   gamma_tr=       0.000000 meV  omega=    175.1952 meV   on_shell_Omega=    175.2477 meV  off_shell_Omega=    175.2477 meV
     lambda___( tot )=       0.000000
     lambda_tr( tot )=       0.000000
     -------------------------------------------------------------------


     Number of (k,k+q) pairs on the Fermi surface:      302 out of      324


     ismear =     1 iq =     227 coord.:   0.66667  0.55556  0.00000 wt:   0.00309 Temp:  300.000K
     -------------------------------------------------------------------
     lambda___(   1 )=       0.000000   gamma___=       0.000000 meV  omega=     54.8290 meV   on_shell_Omega=     54.7932 meV  off_shell_Omega=     54.7932 meV
     lambda_tr(   1 )=       0.000000   gamma_tr=       0.000000 meV  omega=     54.8290 meV   on_shell_Omega=     54.7932 meV  off_shell_Omega=     54.7932 meV
     lambda___(   2 )=       0.000000   gamma___=       0.000000 meV  omega=     77.2561 meV   on_shell_Omega=     77.3653 meV  off_shell_Omega=     77.3653 meV
     lambda_tr(   2 )=       0.000000   gamma_tr=       0.000000 meV  omega=     77.2561 meV   on_shell_Omega=     77.3653 meV  off_shell_Omega=     77.3653 meV
     lambda___(   3 )=       0.000000   gamma___=       0.000000 meV  omega=    108.3679 meV   on_shell_Omega=    108.3771 meV  off_shell_Omega=    108.3771 meV
     lambda_tr(   3 )=       0.000000   gamma_tr=       0.000000 meV  omega=    108.3679 meV   on_shell_Omega=    108.3771 meV  off_shell_Omega=    108.3771 meV
     lambda___(   4 )=       0.000000   gamma___=       0.000000 meV  omega=    145.7388 meV   on_shell_Omega=    145.7505 meV  off_shell_Omega=    145.7505 meV
     lambda_tr(   4 )=       0.000000   gamma_tr=       0.000000 meV  omega=    145.7388 meV   on_shell_Omega=    145.7505 meV  off_shell_Omega=    145.7505 meV
     lambda___(   5 )=       0.000000   gamma___=       0.000000 meV  omega=    166.9095 meV   on_shell_Omega=    166.9237 meV  off_shell_Omega=    166.9237 meV
     lambda_tr(   5 )=       0.000000   gamma_tr=       0.000000 meV  omega=    166.9095 meV   on_shell_Omega=    166.9237 meV  off_shell_Omega=    166.9237 meV
     lambda___(   6 )=       0.000000   gamma___=       0.000000 meV  omega=    168.2258 meV   on_shell_Omega=    168.3474 meV  off_shell_Omega=    168.3474 meV
     lambda_tr(   6 )=       0.000000   gamma_tr=       0.000000 meV  omega=    168.2258 meV   on_shell_Omega=    168.3474 meV  off_shell_Omega=    168.3474 meV
     lambda___( tot )=       0.000000
     lambda_tr( tot )=       0.000000
     -------------------------------------------------------------------


     Number of (k,k+q) pairs on the Fermi surface:      302 out of      324


     ismear =     1 iq =     228 coord.:   0.66667  0.61111  0.00000 wt:   0.00309 Temp:  300.000K
     -------------------------------------------------------------------
     lambda___(   1 )=       0.000000   gamma___=       0.000000 meV  omega=     60.1446 meV   on_shell_Omega=     60.0880 meV  off_shell_Omega=     60.0880 meV
     lambda_tr(   1 )=       0.000000   gamma_tr=       0.000000 meV  omega=     60.1446 meV   on_shell_Omega=     60.0880 meV  off_shell_Omega=     60.0880 meV
     lambda___(   2 )=       0.000000   gamma___=       0.000000 meV  omega=     71.4801 meV   on_shell_Omega=     71.6199 meV  off_shell_Omega=     71.6896 meV
     lambda_tr(   2 )=       0.000000   gamma_tr=       0.000000 meV  omega=     71.4801 meV   on_shell_Omega=     71.6199 meV  off_shell_Omega=     71.6896 meV
     lambda___(   3 )=       0.000000   gamma___=       0.000000 meV  omega=    118.8951 meV   on_shell_Omega=    118.8986 meV  off_shell_Omega=    118.8986 meV
     lambda_tr(   3 )=       0.000000   gamma_tr=       0.000000 meV  omega=    118.8951 meV   on_shell_Omega=    118.8986 meV  off_shell_Omega=    118.8986 meV
     lambda___(   4 )=       0.000000   gamma___=       0.000000 meV  omega=    148.0962 meV   on_shell_Omega=    148.1103 meV  off_shell_Omega=    148.1103 meV
     lambda_tr(   4 )=       0.000000   gamma_tr=       0.000000 meV  omega=    148.0962 meV   on_shell_Omega=    148.1103 meV  off_shell_Omega=    148.1103 meV
     lambda___(   5 )=       0.000000   gamma___=       0.000000 meV  omega=    158.3023 meV   on_shell_Omega=    158.3176 meV  off_shell_Omega=    158.3176 meV
     lambda_tr(   5 )=       0.000000   gamma_tr=       0.000000 meV  omega=    158.3023 meV   on_shell_Omega=    158.3176 meV  off_shell_Omega=    158.3176 meV
     lambda___(   6 )=       0.000000   gamma___=       0.000000 meV  omega=    164.3264 meV   on_shell_Omega=    163.9499 meV  off_shell_Omega=    164.0054 meV
     lambda_tr(   6 )=       0.000000   gamma_tr=       0.000000 meV  omega=    164.3264 meV   on_shell_Omega=    163.9499 meV  off_shell_Omega=    164.0054 meV
     lambda___( tot )=       0.000000
     lambda_tr( tot )=       0.000000
     -------------------------------------------------------------------


     Number of (k,k+q) pairs on the Fermi surface:      302 out of      324


     ismear =     1 iq =     229 coord.:   0.66667  0.66667  0.00000 wt:   0.00309 Temp:  300.000K
     -------------------------------------------------------------------
     lambda___(   1 )=       0.000000   gamma___=       0.000000 meV  omega=     65.7037 meV   on_shell_Omega=     65.7221 meV  off_shell_Omega=     65.7221 meV
     lambda_tr(   1 )=       0.000000   gamma_tr=       0.000000 meV  omega=     65.7037 meV   on_shell_Omega=     65.7221 meV  off_shell_Omega=     65.7221 meV
     lambda___(   2 )=       0.000000   gamma___=       0.000000 meV  omega=     65.7037 meV   on_shell_Omega=     65.7520 meV  off_shell_Omega=     65.7520 meV
     lambda_tr(   2 )=       0.000000   gamma_tr=       0.000000 meV  omega=     65.7037 meV   on_shell_Omega=     65.7520 meV  off_shell_Omega=     65.7520 meV
     lambda___(   3 )=       0.000000   gamma___=       0.000000 meV  omega=    123.7953 meV   on_shell_Omega=    123.7953 meV  off_shell_Omega=    123.7953 meV
     lambda_tr(   3 )=       0.000000   gamma_tr=       0.000000 meV  omega=    123.7953 meV   on_shell_Omega=    123.7953 meV  off_shell_Omega=    123.7953 meV
     lambda___(   4 )=       0.000000   gamma___=       0.000000 meV  omega=    151.4825 meV   on_shell_Omega=    151.6094 meV  off_shell_Omega=    151.6094 meV
     lambda_tr(   4 )=       0.000000   gamma_tr=       0.000000 meV  omega=    151.4825 meV   on_shell_Omega=    151.6094 meV  off_shell_Omega=    151.6094 meV
     lambda___(   5 )=       0.000000   gamma___=       0.000000 meV  omega=    151.4825 meV   on_shell_Omega=    151.6047 meV  off_shell_Omega=    151.6047 meV
     lambda_tr(   5 )=       0.000000   gamma_tr=       0.000000 meV  omega=    151.4825 meV   on_shell_Omega=    151.6047 meV  off_shell_Omega=    151.6047 meV
     lambda___(   6 )=       0.000000   gamma___=       0.000000 meV  omega=    162.5749 meV   on_shell_Omega=    164.2501 meV  off_shell_Omega=    164.2419 meV
     lambda_tr(   6 )=       0.000000   gamma_tr=       0.000000 meV  omega=    162.5749 meV   on_shell_Omega=    164.2501 meV  off_shell_Omega=    164.2419 meV
     lambda___( tot )=       0.000000
     lambda_tr( tot )=       0.000000
     -------------------------------------------------------------------


     Number of (k,k+q) pairs on the Fermi surface:      302 out of      324


     ismear =     1 iq =     230 coord.:   0.66667  0.72222  0.00000 wt:   0.00309 Temp:  300.000K
     -------------------------------------------------------------------
     lambda___(   1 )=       0.000000   gamma___=       0.000000 meV  omega=     60.1446 meV   on_shell_Omega=     60.0658 meV  off_shell_Omega=     60.0658 meV
     lambda_tr(   1 )=       0.000000   gamma_tr=       0.000000 meV  omega=     60.1446 meV   on_shell_Omega=     60.0658 meV  off_shell_Omega=     60.0658 meV
     lambda___(   2 )=      -0.000000   gamma___=      -0.000000 meV  omega=     71.4801 meV   on_shell_Omega=     71.5728 meV  off_shell_Omega=     71.5728 meV
     lambda_tr(   2 )=      -0.000000   gamma_tr=      -0.000000 meV  omega=     71.4801 meV   on_shell_Omega=     71.5728 meV  off_shell_Omega=     71.5728 meV
     lambda___(   3 )=       0.000000   gamma___=       0.000000 meV  omega=    118.8951 meV   on_shell_Omega=    118.8979 meV  off_shell_Omega=    118.8979 meV
     lambda_tr(   3 )=       0.000000   gamma_tr=       0.000000 meV  omega=    118.8951 meV   on_shell_Omega=    118.8979 meV  off_shell_Omega=    118.8979 meV
     lambda___(   4 )=       0.000000   gamma___=       0.000000 meV  omega=    148.0962 meV   on_shell_Omega=    148.1112 meV  off_shell_Omega=    148.1112 meV
     lambda_tr(   4 )=       0.000000   gamma_tr=       0.000000 meV  omega=    148.0962 meV   on_shell_Omega=    148.1112 meV  off_shell_Omega=    148.1112 meV
     lambda___(   5 )=       0.000000   gamma___=       0.000000 meV  omega=    158.3023 meV   on_shell_Omega=    158.3189 meV  off_shell_Omega=    158.3189 meV
     lambda_tr(   5 )=       0.000000   gamma_tr=       0.000000 meV  omega=    158.3023 meV   on_shell_Omega=    158.3189 meV  off_shell_Omega=    158.3189 meV
     lambda___(   6 )=       0.000000   gamma___=       0.000000 meV  omega=    164.3264 meV   on_shell_Omega=    164.0151 meV  off_shell_Omega=    164.0054 meV
     lambda_tr(   6 )=       0.000000   gamma_tr=       0.000000 meV  omega=    164.3264 meV   on_shell_Omega=    164.0151 meV  off_shell_Omega=    164.0054 meV
     lambda___( tot )=       0.000000
     lambda_tr( tot )=       0.000000
     -------------------------------------------------------------------


     Number of (k,k+q) pairs on the Fermi surface:      302 out of      324


     ismear =     1 iq =     231 coord.:   0.66667  0.77778  0.00000 wt:   0.00309 Temp:  300.000K
     -------------------------------------------------------------------
     lambda___(   1 )=       0.000000   gamma___=       0.000000 meV  omega=     54.8290 meV   on_shell_Omega=     54.7789 meV  off_shell_Omega=     54.7789 meV
     lambda_tr(   1 )=       0.000000   gamma_tr=       0.000000 meV  omega=     54.8290 meV   on_shell_Omega=     54.7789 meV  off_shell_Omega=     54.7789 meV
     lambda___(   2 )=       0.000000   gamma___=       0.000000 meV  omega=     77.2561 meV   on_shell_Omega=     77.3045 meV  off_shell_Omega=     77.3045 meV
     lambda_tr(   2 )=       0.000000   gamma_tr=       0.000000 meV  omega=     77.2561 meV   on_shell_Omega=     77.3045 meV  off_shell_Omega=     77.3045 meV
     lambda___(   3 )=       0.000000   gamma___=       0.000000 meV  omega=    108.3679 meV   on_shell_Omega=    108.3764 meV  off_shell_Omega=    108.3764 meV
     lambda_tr(   3 )=       0.000000   gamma_tr=       0.000000 meV  omega=    108.3679 meV   on_shell_Omega=    108.3764 meV  off_shell_Omega=    108.3764 meV
     lambda___(   4 )=       0.000000   gamma___=       0.000000 meV  omega=    145.7388 meV   on_shell_Omega=    145.7524 meV  off_shell_Omega=    145.7524 meV
     lambda_tr(   4 )=       0.000000   gamma_tr=       0.000000 meV  omega=    145.7388 meV   on_shell_Omega=    145.7524 meV  off_shell_Omega=    145.7524 meV
     lambda___(   5 )=       0.000000   gamma___=       0.000000 meV  omega=    166.9095 meV   on_shell_Omega=    166.9276 meV  off_shell_Omega=    166.9276 meV
     lambda_tr(   5 )=       0.000000   gamma_tr=       0.000000 meV  omega=    166.9095 meV   on_shell_Omega=    166.9276 meV  off_shell_Omega=    166.9276 meV
     lambda___(   6 )=       0.000000   gamma___=       0.000000 meV  omega=    168.2258 meV   on_shell_Omega=    168.4837 meV  off_shell_Omega=    168.5133 meV
     lambda_tr(   6 )=       0.000000   gamma_tr=       0.000000 meV  omega=    168.2258 meV   on_shell_Omega=    168.4837 meV  off_shell_Omega=    168.5133 meV
     lambda___( tot )=       0.000000
     lambda_tr( tot )=       0.000000
     -------------------------------------------------------------------


     Number of (k,k+q) pairs on the Fermi surface:      302 out of      324


     ismear =     1 iq =     232 coord.:   0.66667  0.83333  0.00000 wt:   0.00309 Temp:  300.000K
     -------------------------------------------------------------------
     lambda___(   1 )=      -0.000000   gamma___=      -0.000000 meV  omega=     49.6179 meV   on_shell_Omega=     49.6195 meV  off_shell_Omega=     49.6195 meV
     lambda_tr(   1 )=      -0.000000   gamma_tr=      -0.000000 meV  omega=     49.6179 meV   on_shell_Omega=     49.6195 meV  off_shell_Omega=     49.6195 meV
     lambda___(   2 )=       0.000000   gamma___=       0.000000 meV  omega=     82.7207 meV   on_shell_Omega=     82.7674 meV  off_shell_Omega=     82.7674 meV
     lambda_tr(   2 )=       0.000000   gamma_tr=       0.000000 meV  omega=     82.7207 meV   on_shell_Omega=     82.7674 meV  off_shell_Omega=     82.7674 meV
     lambda___(   3 )=       0.000000   gamma___=       0.000000 meV  omega=     96.2760 meV   on_shell_Omega=     96.2846 meV  off_shell_Omega=     96.2846 meV
     lambda_tr(   3 )=       0.000000   gamma_tr=       0.000000 meV  omega=     96.2760 meV   on_shell_Omega=     96.2846 meV  off_shell_Omega=     96.2846 meV
     lambda___(   4 )=       0.000000   gamma___=       0.000000 meV  omega=    142.9427 meV   on_shell_Omega=    142.9656 meV  off_shell_Omega=    142.9656 meV
     lambda_tr(   4 )=       0.000000   gamma_tr=       0.000000 meV  omega=    142.9427 meV   on_shell_Omega=    142.9656 meV  off_shell_Omega=    142.9656 meV
     lambda___(   5 )=       0.000000   gamma___=       0.000000 meV  omega=    171.6981 meV   on_shell_Omega=    171.9575 meV  off_shell_Omega=    171.9915 meV
     lambda_tr(   5 )=       0.000000   gamma_tr=       0.000000 meV  omega=    171.6981 meV   on_shell_Omega=    171.9575 meV  off_shell_Omega=    171.9915 meV
     lambda___(   6 )=       0.000000   gamma___=       0.000000 meV  omega=    175.1952 meV   on_shell_Omega=    175.2575 meV  off_shell_Omega=    175.2575 meV
     lambda_tr(   6 )=       0.000000   gamma_tr=       0.000000 meV  omega=    175.1952 meV   on_shell_Omega=    175.2575 meV  off_shell_Omega=    175.2575 meV
     lambda___( tot )=       0.000000
     lambda_tr( tot )=       0.000000
     -------------------------------------------------------------------


     Number of (k,k+q) pairs on the Fermi surface:      302 out of      324


     ismear =     1 iq =     233 coord.:   0.66667  0.88889  0.00000 wt:   0.00309 Temp:  300.000K
     -------------------------------------------------------------------
     lambda___(   1 )=       0.000000   gamma___=       0.000000 meV  omega=     44.2899 meV   on_shell_Omega=     44.3498 meV  off_shell_Omega=     44.3498 meV
     lambda_tr(   1 )=       0.000000   gamma_tr=       0.000000 meV  omega=     44.2899 meV   on_shell_Omega=     44.3498 meV  off_shell_Omega=     44.3498 meV
     lambda___(   2 )=       0.000000   gamma___=       0.000000 meV  omega=     84.4905 meV   on_shell_Omega=     84.4967 meV  off_shell_Omega=     84.4967 meV
     lambda_tr(   2 )=       0.000000   gamma_tr=       0.000000 meV  omega=     84.4905 meV   on_shell_Omega=     84.4967 meV  off_shell_Omega=     84.4967 meV
     lambda___(   3 )=       0.000000   gamma___=       0.000000 meV  omega=     87.6263 meV   on_shell_Omega=     87.6532 meV  off_shell_Omega=     87.6532 meV
     lambda_tr(   3 )=       0.000000   gamma_tr=       0.000000 meV  omega=     87.6263 meV   on_shell_Omega=     87.6532 meV  off_shell_Omega=     87.6532 meV
     lambda___(   4 )=       0.000000   gamma___=       0.000000 meV  omega=    138.8833 meV   on_shell_Omega=    138.9002 meV  off_shell_Omega=    138.9002 meV
     lambda_tr(   4 )=       0.000000   gamma_tr=       0.000000 meV  omega=    138.8833 meV   on_shell_Omega=    138.9002 meV  off_shell_Omega=    138.9002 meV
     lambda___(   5 )=       0.000000   gamma___=       0.000000 meV  omega=    174.3908 meV   on_shell_Omega=    174.5907 meV  off_shell_Omega=    174.4759 meV
     lambda_tr(   5 )=       0.000000   gamma_tr=       0.000000 meV  omega=    174.3908 meV   on_shell_Omega=    174.5907 meV  off_shell_Omega=    174.4759 meV
     lambda___(   6 )=       0.000000   gamma___=       0.000000 meV  omega=    181.9601 meV   on_shell_Omega=    182.0191 meV  off_shell_Omega=    182.0191 meV
     lambda_tr(   6 )=       0.000000   gamma_tr=       0.000000 meV  omega=    181.9601 meV   on_shell_Omega=    182.0191 meV  off_shell_Omega=    182.0191 meV
     lambda___( tot )=       0.000000
     lambda_tr( tot )=       0.000000
     -------------------------------------------------------------------


     Number of (k,k+q) pairs on the Fermi surface:      302 out of      324


     ismear =     1 iq =     234 coord.:   0.66667  0.94444  0.00000 wt:   0.00309 Temp:  300.000K
     -------------------------------------------------------------------
     lambda___(   1 )=      -0.000000   gamma___=      -0.000000 meV  omega=     38.7155 meV   on_shell_Omega=     38.7491 meV  off_shell_Omega=     38.7491 meV
     lambda_tr(   1 )=       0.000000   gamma_tr=       0.000000 meV  omega=     38.7155 meV   on_shell_Omega=     38.7491 meV  off_shell_Omega=     38.7491 meV
     lambda___(   2 )=       0.000000   gamma___=       0.000000 meV  omega=     74.7040 meV   on_shell_Omega=     74.7082 meV  off_shell_Omega=     74.7082 meV
     lambda_tr(   2 )=       0.000000   gamma_tr=       0.000000 meV  omega=     74.7040 meV   on_shell_Omega=     74.7082 meV  off_shell_Omega=     74.7082 meV
     lambda___(   3 )=       0.000000   gamma___=       0.000000 meV  omega=     91.8159 meV   on_shell_Omega=     91.8355 meV  off_shell_Omega=     91.8355 meV
     lambda_tr(   3 )=       0.000000   gamma_tr=       0.000000 meV  omega=     91.8159 meV   on_shell_Omega=     91.8355 meV  off_shell_Omega=     91.8355 meV
     lambda___(   4 )=       0.000000   gamma___=       0.000000 meV  omega=    132.8626 meV   on_shell_Omega=    132.8908 meV  off_shell_Omega=    132.8908 meV
     lambda_tr(   4 )=       0.000000   gamma_tr=       0.000000 meV  omega=    132.8626 meV   on_shell_Omega=    132.8908 meV  off_shell_Omega=    132.8908 meV
     lambda___(   5 )=       0.000000   gamma___=       0.000000 meV  omega=    176.5052 meV   on_shell_Omega=    176.6589 meV  off_shell_Omega=    176.5914 meV
     lambda_tr(   5 )=       0.000000   gamma_tr=       0.000000 meV  omega=    176.5052 meV   on_shell_Omega=    176.6589 meV  off_shell_Omega=    176.5914 meV
     lambda___(   6 )=       0.000000   gamma___=       0.000000 meV  omega=    187.3742 meV   on_shell_Omega=    187.4791 meV  off_shell_Omega=    187.4791 meV
     lambda_tr(   6 )=       0.000000   gamma_tr=       0.000000 meV  omega=    187.3742 meV   on_shell_Omega=    187.4791 meV  off_shell_Omega=    187.4791 meV
     lambda___( tot )=       0.000000
     lambda_tr( tot )=       0.000000
     -------------------------------------------------------------------


     Number of (k,k+q) pairs on the Fermi surface:      303 out of      324


     ismear =     1 iq =     235 coord.:   0.72222  0.00000  0.00000 wt:   0.00309 Temp:  300.000K
     -------------------------------------------------------------------
     lambda___(   1 )=       0.000000   gamma___=       0.000000 meV  omega=     23.3984 meV   on_shell_Omega=     23.4428 meV  off_shell_Omega=     23.4428 meV
     lambda_tr(   1 )=      -0.000000   gamma_tr=      -0.000000 meV  omega=     23.3984 meV   on_shell_Omega=     23.4428 meV  off_shell_Omega=     23.4428 meV
     lambda___(   2 )=       0.000000   gamma___=       0.000000 meV  omega=     61.7277 meV   on_shell_Omega=     61.7267 meV  off_shell_Omega=     61.7267 meV
     lambda_tr(   2 )=      -0.000000   gamma_tr=      -0.000000 meV  omega=     61.7277 meV   on_shell_Omega=     61.7267 meV  off_shell_Omega=     61.7267 meV
     lambda___(   3 )=       0.000000   gamma___=       0.000000 meV  omega=     99.9253 meV   on_shell_Omega=     99.9422 meV  off_shell_Omega=     99.9422 meV
     lambda_tr(   3 )=      -0.000000   gamma_tr=      -0.000000 meV  omega=     99.9253 meV   on_shell_Omega=     99.9422 meV  off_shell_Omega=     99.9422 meV
     lambda___(   4 )=       0.000000   gamma___=       0.000000 meV  omega=    107.3435 meV   on_shell_Omega=    107.3576 meV  off_shell_Omega=    107.3576 meV
     lambda_tr(   4 )=      -0.000000   gamma_tr=      -0.000000 meV  omega=    107.3435 meV   on_shell_Omega=    107.3576 meV  off_shell_Omega=    107.3576 meV
     lambda___(   5 )=       0.000000   gamma___=       0.000000 meV  omega=    181.1272 meV   on_shell_Omega=    181.2544 meV  off_shell_Omega=    181.2544 meV
     lambda_tr(   5 )=      -0.000000   gamma_tr=      -0.000000 meV  omega=    181.1272 meV   on_shell_Omega=    181.2544 meV  off_shell_Omega=    181.2544 meV
     lambda___(   6 )=       0.000000   gamma___=       0.000000 meV  omega=    196.1455 meV   on_shell_Omega=    196.2696 meV  off_shell_Omega=    196.2696 meV
     lambda_tr(   6 )=      -0.000000   gamma_tr=      -0.000000 meV  omega=    196.1455 meV   on_shell_Omega=    196.2696 meV  off_shell_Omega=    196.2696 meV
     lambda___( tot )=       0.000000
     lambda_tr( tot )=      -0.000000
     -------------------------------------------------------------------


     Number of (k,k+q) pairs on the Fermi surface:      302 out of      324


     ismear =     1 iq =     236 coord.:   0.72222  0.05556  0.00000 wt:   0.00309 Temp:  300.000K
     -------------------------------------------------------------------
     lambda___(   1 )=      -0.000000   gamma___=      -0.000000 meV  omega=     19.5400 meV   on_shell_Omega=     19.5708 meV  off_shell_Omega=     19.5708 meV
     lambda_tr(   1 )=      -0.000000   gamma_tr=      -0.000000 meV  omega=     19.5400 meV   on_shell_Omega=     19.5708 meV  off_shell_Omega=     19.5708 meV
     lambda___(   2 )=       0.000000   gamma___=       0.000000 meV  omega=     60.3940 meV   on_shell_Omega=     60.4047 meV  off_shell_Omega=     60.4047 meV
     lambda_tr(   2 )=       0.000000   gamma_tr=       0.000000 meV  omega=     60.3940 meV   on_shell_Omega=     60.4047 meV  off_shell_Omega=     60.4047 meV
     lambda___(   3 )=       0.000000   gamma___=       0.000000 meV  omega=     98.3190 meV   on_shell_Omega=     98.3324 meV  off_shell_Omega=     98.3324 meV
     lambda_tr(   3 )=       0.000000   gamma_tr=       0.000000 meV  omega=     98.3190 meV   on_shell_Omega=     98.3324 meV  off_shell_Omega=     98.3324 meV
     lambda___(   4 )=       0.000000   gamma___=       0.000000 meV  omega=    101.5207 meV   on_shell_Omega=    101.5359 meV  off_shell_Omega=    101.5359 meV
     lambda_tr(   4 )=       0.000000   gamma_tr=       0.000000 meV  omega=    101.5207 meV   on_shell_Omega=    101.5359 meV  off_shell_Omega=    101.5359 meV
     lambda___(   5 )=       0.000000   gamma___=       0.000000 meV  omega=    182.1843 meV   on_shell_Omega=    182.3415 meV  off_shell_Omega=    182.2733 meV
     lambda_tr(   5 )=       0.000000   gamma_tr=       0.000000 meV  omega=    182.1843 meV   on_shell_Omega=    182.3415 meV  off_shell_Omega=    182.2733 meV
     lambda___(   6 )=       0.000000   gamma___=       0.000000 meV  omega=    197.4430 meV   on_shell_Omega=    197.6107 meV  off_shell_Omega=    197.5394 meV
     lambda_tr(   6 )=       0.000000   gamma_tr=       0.000000 meV  omega=    197.4430 meV   on_shell_Omega=    197.6107 meV  off_shell_Omega=    197.5394 meV
     lambda___( tot )=       0.000000
     lambda_tr( tot )=       0.000000
     -------------------------------------------------------------------


     Number of (k,k+q) pairs on the Fermi surface:      302 out of      324


     ismear =     1 iq =     237 coord.:   0.72222  0.11111  0.00000 wt:   0.00309 Temp:  300.000K
     -------------------------------------------------------------------
     lambda___(   1 )=       0.000000   gamma___=       0.000000 meV  omega=     17.7028 meV   on_shell_Omega=     17.7374 meV  off_shell_Omega=     17.7374 meV
     lambda_tr(   1 )=       0.000000   gamma_tr=       0.000000 meV  omega=     17.7028 meV   on_shell_Omega=     17.7374 meV  off_shell_Omega=     17.7374 meV
     lambda___(   2 )=       0.000000   gamma___=       0.000000 meV  omega=     62.4083 meV   on_shell_Omega=     62.4468 meV  off_shell_Omega=     62.4468 meV
     lambda_tr(   2 )=       0.000000   gamma_tr=       0.000000 meV  omega=     62.4083 meV   on_shell_Omega=     62.4468 meV  off_shell_Omega=     62.4468 meV
     lambda___(   3 )=       0.000000   gamma___=       0.000000 meV  omega=     91.8465 meV   on_shell_Omega=     91.8443 meV  off_shell_Omega=     91.8443 meV
     lambda_tr(   3 )=       0.000000   gamma_tr=       0.000000 meV  omega=     91.8465 meV   on_shell_Omega=     91.8443 meV  off_shell_Omega=     91.8443 meV
     lambda___(   4 )=       0.000000   gamma___=       0.000000 meV  omega=    102.2360 meV   on_shell_Omega=    102.2539 meV  off_shell_Omega=    102.2539 meV
     lambda_tr(   4 )=       0.000000   gamma_tr=       0.000000 meV  omega=    102.2360 meV   on_shell_Omega=    102.2539 meV  off_shell_Omega=    102.2539 meV
     lambda___(   5 )=       0.000000   gamma___=       0.000000 meV  omega=    182.3859 meV   on_shell_Omega=    182.6026 meV  off_shell_Omega=    182.4749 meV
     lambda_tr(   5 )=       0.000000   gamma_tr=       0.000000 meV  omega=    182.3859 meV   on_shell_Omega=    182.6026 meV  off_shell_Omega=    182.4749 meV
     lambda___(   6 )=       0.000000   gamma___=       0.000000 meV  omega=    197.6820 meV   on_shell_Omega=    197.8499 meV  off_shell_Omega=    197.7785 meV
     lambda_tr(   6 )=       0.000000   gamma_tr=       0.000000 meV  omega=    197.6820 meV   on_shell_Omega=    197.8499 meV  off_shell_Omega=    197.7785 meV
     lambda___( tot )=       0.000000
     lambda_tr( tot )=       0.000000
     -------------------------------------------------------------------


     Number of (k,k+q) pairs on the Fermi surface:      302 out of      324


     ismear =     1 iq =     238 coord.:   0.72222  0.16667  0.00000 wt:   0.00309 Temp:  300.000K
     -------------------------------------------------------------------
     lambda___(   1 )=       0.000000   gamma___=       0.000000 meV  omega=     17.7028 meV   on_shell_Omega=     17.7327 meV  off_shell_Omega=     17.7327 meV
     lambda_tr(   1 )=       0.000000   gamma_tr=       0.000000 meV  omega=     17.7028 meV   on_shell_Omega=     17.7327 meV  off_shell_Omega=     17.7327 meV
     lambda___(   2 )=       0.000000   gamma___=       0.000000 meV  omega=     62.4083 meV   on_shell_Omega=     62.4573 meV  off_shell_Omega=     62.4573 meV
     lambda_tr(   2 )=       0.000000   gamma_tr=       0.000000 meV  omega=     62.4083 meV   on_shell_Omega=     62.4573 meV  off_shell_Omega=     62.4573 meV
     lambda___(   3 )=       0.000000   gamma___=       0.000000 meV  omega=     91.8465 meV   on_shell_Omega=     91.8356 meV  off_shell_Omega=     91.8356 meV
     lambda_tr(   3 )=       0.000000   gamma_tr=       0.000000 meV  omega=     91.8465 meV   on_shell_Omega=     91.8356 meV  off_shell_Omega=     91.8356 meV
     lambda___(   4 )=       0.000000   gamma___=       0.000000 meV  omega=    102.2360 meV   on_shell_Omega=    102.2601 meV  off_shell_Omega=    102.2601 meV
     lambda_tr(   4 )=       0.000000   gamma_tr=       0.000000 meV  omega=    102.2360 meV   on_shell_Omega=    102.2601 meV  off_shell_Omega=    102.2601 meV
     lambda___(   5 )=       0.000000   gamma___=       0.000000 meV  omega=    182.3859 meV   on_shell_Omega=    182.6281 meV  off_shell_Omega=    182.6975 meV
     lambda_tr(   5 )=       0.000000   gamma_tr=       0.000000 meV  omega=    182.3859 meV   on_shell_Omega=    182.6281 meV  off_shell_Omega=    182.6975 meV
     lambda___(   6 )=       0.000000   gamma___=       0.000000 meV  omega=    197.6820 meV   on_shell_Omega=    197.8292 meV  off_shell_Omega=    197.7785 meV
     lambda_tr(   6 )=       0.000000   gamma_tr=       0.000000 meV  omega=    197.6820 meV   on_shell_Omega=    197.8292 meV  off_shell_Omega=    197.7785 meV
     lambda___( tot )=       0.000000
     lambda_tr( tot )=       0.000000
     -------------------------------------------------------------------


     Number of (k,k+q) pairs on the Fermi surface:      303 out of      324


     ismear =     1 iq =     239 coord.:   0.72222  0.22222  0.00000 wt:   0.00309 Temp:  300.000K
     -------------------------------------------------------------------
     lambda___(   1 )=       0.000000   gamma___=       0.000000 meV  omega=     19.5400 meV   on_shell_Omega=     19.5762 meV  off_shell_Omega=     19.5762 meV
     lambda_tr(   1 )=      -0.000000   gamma_tr=      -0.000000 meV  omega=     19.5400 meV   on_shell_Omega=     19.5762 meV  off_shell_Omega=     19.5762 meV
     lambda___(   2 )=       0.000000   gamma___=       0.000000 meV  omega=     60.3940 meV   on_shell_Omega=     60.4103 meV  off_shell_Omega=     60.4103 meV
     lambda_tr(   2 )=      -0.000000   gamma_tr=      -0.000000 meV  omega=     60.3940 meV   on_shell_Omega=     60.4103 meV  off_shell_Omega=     60.4103 meV
     lambda___(   3 )=       0.000000   gamma___=       0.000000 meV  omega=     98.3190 meV   on_shell_Omega=     98.3379 meV  off_shell_Omega=     98.3379 meV
     lambda_tr(   3 )=      -0.000000   gamma_tr=      -0.000000 meV  omega=     98.3190 meV   on_shell_Omega=     98.3379 meV  off_shell_Omega=     98.3379 meV
     lambda___(   4 )=       0.000000   gamma___=       0.000000 meV  omega=    101.5207 meV   on_shell_Omega=    101.5396 meV  off_shell_Omega=    101.5396 meV
     lambda_tr(   4 )=      -0.000000   gamma_tr=      -0.000000 meV  omega=    101.5207 meV   on_shell_Omega=    101.5396 meV  off_shell_Omega=    101.5396 meV
     lambda___(   5 )=       0.000000   gamma___=       0.000000 meV  omega=    182.1843 meV   on_shell_Omega=    182.3644 meV  off_shell_Omega=    182.2733 meV
     lambda_tr(   5 )=      -0.000000   gamma_tr=      -0.000000 meV  omega=    182.1843 meV   on_shell_Omega=    182.3644 meV  off_shell_Omega=    182.2733 meV
     lambda___(   6 )=       0.000000   gamma___=       0.000000 meV  omega=    197.4430 meV   on_shell_Omega=    197.5892 meV  off_shell_Omega=    197.5394 meV
     lambda_tr(   6 )=      -0.000000   gamma_tr=      -0.000000 meV  omega=    197.4430 meV   on_shell_Omega=    197.5892 meV  off_shell_Omega=    197.5394 meV
     lambda___( tot )=       0.000000
     lambda_tr( tot )=      -0.000000
     -------------------------------------------------------------------


     Number of (k,k+q) pairs on the Fermi surface:      303 out of      324


     ismear =     1 iq =     240 coord.:   0.72222  0.27778  0.00000 wt:   0.00309 Temp:  300.000K
     -------------------------------------------------------------------
     lambda___(   1 )=       0.000000   gamma___=       0.000000 meV  omega=     23.3984 meV   on_shell_Omega=     23.4335 meV  off_shell_Omega=     23.4335 meV
     lambda_tr(   1 )=       0.000000   gamma_tr=       0.000000 meV  omega=     23.3984 meV   on_shell_Omega=     23.4335 meV  off_shell_Omega=     23.4335 meV
     lambda___(   2 )=       0.000000   gamma___=       0.000000 meV  omega=     61.7277 meV   on_shell_Omega=     61.7254 meV  off_shell_Omega=     61.7254 meV
     lambda_tr(   2 )=       0.000000   gamma_tr=       0.000000 meV  omega=     61.7277 meV   on_shell_Omega=     61.7254 meV  off_shell_Omega=     61.7254 meV
     lambda___(   3 )=       0.000000   gamma___=       0.000000 meV  omega=     99.9253 meV   on_shell_Omega=     99.9421 meV  off_shell_Omega=     99.9421 meV
     lambda_tr(   3 )=       0.000000   gamma_tr=       0.000000 meV  omega=     99.9253 meV   on_shell_Omega=     99.9421 meV  off_shell_Omega=     99.9421 meV
     lambda___(   4 )=       0.000000   gamma___=       0.000000 meV  omega=    107.3435 meV   on_shell_Omega=    107.3654 meV  off_shell_Omega=    107.3654 meV
     lambda_tr(   4 )=       0.000000   gamma_tr=       0.000000 meV  omega=    107.3435 meV   on_shell_Omega=    107.3654 meV  off_shell_Omega=    107.3654 meV
     lambda___(   5 )=       0.000000   gamma___=       0.000000 meV  omega=    181.1272 meV   on_shell_Omega=    181.2585 meV  off_shell_Omega=    181.2585 meV
     lambda_tr(   5 )=      -0.000000   gamma_tr=      -0.000000 meV  omega=    181.1272 meV   on_shell_Omega=    181.2585 meV  off_shell_Omega=    181.2585 meV
     lambda___(   6 )=       0.000000   gamma___=       0.000000 meV  omega=    196.1455 meV   on_shell_Omega=    196.2630 meV  off_shell_Omega=    196.2630 meV
     lambda_tr(   6 )=      -0.000000   gamma_tr=      -0.000000 meV  omega=    196.1455 meV   on_shell_Omega=    196.2630 meV  off_shell_Omega=    196.2630 meV
     lambda___( tot )=       0.000000
     lambda_tr( tot )=      -0.000000
     -------------------------------------------------------------------


     Number of (k,k+q) pairs on the Fermi surface:      302 out of      324


     ismear =     1 iq =     241 coord.:   0.72222  0.33333  0.00000 wt:   0.00309 Temp:  300.000K
     -------------------------------------------------------------------
     lambda___(   1 )=       0.000000   gamma___=       0.000000 meV  omega=     28.7398 meV   on_shell_Omega=     28.7530 meV  off_shell_Omega=     28.7530 meV
     lambda_tr(   1 )=       0.000000   gamma_tr=       0.000000 meV  omega=     28.7398 meV   on_shell_Omega=     28.7530 meV  off_shell_Omega=     28.7530 meV
     lambda___(   2 )=       0.000000   gamma___=       0.000000 meV  omega=     68.6092 meV   on_shell_Omega=     68.6146 meV  off_shell_Omega=     68.6146 meV
     lambda_tr(   2 )=       0.000000   gamma_tr=       0.000000 meV  omega=     68.6092 meV   on_shell_Omega=     68.6146 meV  off_shell_Omega=     68.6146 meV
     lambda___(   3 )=       0.000000   gamma___=       0.000000 meV  omega=     97.3279 meV   on_shell_Omega=     97.3547 meV  off_shell_Omega=     97.3547 meV
     lambda_tr(   3 )=       0.000000   gamma_tr=       0.000000 meV  omega=     97.3279 meV   on_shell_Omega=     97.3547 meV  off_shell_Omega=     97.3547 meV
     lambda___(   4 )=       0.000000   gamma___=       0.000000 meV  omega=    116.4460 meV   on_shell_Omega=    116.4642 meV  off_shell_Omega=    116.4642 meV
     lambda_tr(   4 )=       0.000000   gamma_tr=       0.000000 meV  omega=    116.4460 meV   on_shell_Omega=    116.4642 meV  off_shell_Omega=    116.4642 meV
     lambda___(   5 )=       0.000000   gamma___=       0.000000 meV  omega=    178.9712 meV   on_shell_Omega=    179.1189 meV  off_shell_Omega=    179.0586 meV
     lambda_tr(   5 )=       0.000000   gamma_tr=       0.000000 meV  omega=    178.9712 meV   on_shell_Omega=    179.1189 meV  off_shell_Omega=    179.0586 meV
     lambda___(   6 )=       0.000000   gamma___=       0.000000 meV  omega=    193.1732 meV   on_shell_Omega=    193.2792 meV  off_shell_Omega=    193.2792 meV
     lambda_tr(   6 )=       0.000000   gamma_tr=       0.000000 meV  omega=    193.1732 meV   on_shell_Omega=    193.2792 meV  off_shell_Omega=    193.2792 meV
     lambda___( tot )=       0.000000
     lambda_tr( tot )=       0.000000
     -------------------------------------------------------------------


     Number of (k,k+q) pairs on the Fermi surface:      302 out of      324


     ismear =     1 iq =     242 coord.:   0.72222  0.38889  0.00000 wt:   0.00309 Temp:  300.000K
     -------------------------------------------------------------------
     lambda___(   1 )=       0.000000   gamma___=       0.000000 meV  omega=     34.6959 meV   on_shell_Omega=     34.7023 meV  off_shell_Omega=     34.7023 meV
     lambda_tr(   1 )=       0.000000   gamma_tr=       0.000000 meV  omega=     34.6959 meV   on_shell_Omega=     34.7023 meV  off_shell_Omega=     34.7023 meV
     lambda___(   2 )=       0.000000   gamma___=       0.000000 meV  omega=     79.5020 meV   on_shell_Omega=     79.5144 meV  off_shell_Omega=     79.5144 meV
     lambda_tr(   2 )=       0.000000   gamma_tr=       0.000000 meV  omega=     79.5020 meV   on_shell_Omega=     79.5144 meV  off_shell_Omega=     79.5144 meV
     lambda___(   3 )=       0.000000   gamma___=       0.000000 meV  omega=     93.7434 meV   on_shell_Omega=     93.7729 meV  off_shell_Omega=     93.7729 meV
     lambda_tr(   3 )=       0.000000   gamma_tr=       0.000000 meV  omega=     93.7434 meV   on_shell_Omega=     93.7729 meV  off_shell_Omega=     93.7729 meV
     lambda___(   4 )=       0.000000   gamma___=       0.000000 meV  omega=    124.2255 meV   on_shell_Omega=    124.2360 meV  off_shell_Omega=    124.2360 meV
     lambda_tr(   4 )=       0.000000   gamma_tr=       0.000000 meV  omega=    124.2255 meV   on_shell_Omega=    124.2360 meV  off_shell_Omega=    124.2360 meV
     lambda___(   5 )=       0.000000   gamma___=       0.000000 meV  omega=    176.3094 meV   on_shell_Omega=    176.4788 meV  off_shell_Omega=    176.3955 meV
     lambda_tr(   5 )=       0.000000   gamma_tr=       0.000000 meV  omega=    176.3094 meV   on_shell_Omega=    176.4788 meV  off_shell_Omega=    176.3955 meV
     lambda___(   6 )=       0.000000   gamma___=       0.000000 meV  omega=    188.6292 meV   on_shell_Omega=    188.6983 meV  off_shell_Omega=    188.6983 meV
     lambda_tr(   6 )=       0.000000   gamma_tr=       0.000000 meV  omega=    188.6292 meV   on_shell_Omega=    188.6983 meV  off_shell_Omega=    188.6983 meV
     lambda___( tot )=       0.000000
     lambda_tr( tot )=       0.000000
     -------------------------------------------------------------------


     Number of (k,k+q) pairs on the Fermi surface:      302 out of      324


     ismear =     1 iq =     243 coord.:   0.72222  0.44444  0.00000 wt:   0.00309 Temp:  300.000K
     -------------------------------------------------------------------
     lambda___(   1 )=       0.000000   gamma___=       0.000000 meV  omega=     40.8462 meV   on_shell_Omega=     40.8796 meV  off_shell_Omega=     40.8796 meV
     lambda_tr(   1 )=       0.000000   gamma_tr=       0.000000 meV  omega=     40.8462 meV   on_shell_Omega=     40.8796 meV  off_shell_Omega=     40.8796 meV
     lambda___(   2 )=       0.000000   gamma___=       0.000000 meV  omega=     89.2165 meV   on_shell_Omega=     89.2645 meV  off_shell_Omega=     89.2645 meV
     lambda_tr(   2 )=       0.000000   gamma_tr=       0.000000 meV  omega=     89.2165 meV   on_shell_Omega=     89.2645 meV  off_shell_Omega=     89.2645 meV
     lambda___(   3 )=       0.000000   gamma___=       0.000000 meV  omega=     91.9181 meV   on_shell_Omega=     91.9342 meV  off_shell_Omega=     91.9342 meV
     lambda_tr(   3 )=       0.000000   gamma_tr=       0.000000 meV  omega=     91.9181 meV   on_shell_Omega=     91.9342 meV  off_shell_Omega=     91.9342 meV
     lambda___(   4 )=       0.000000   gamma___=       0.000000 meV  omega=    130.2771 meV   on_shell_Omega=    130.2997 meV  off_shell_Omega=    130.2997 meV
     lambda_tr(   4 )=       0.000000   gamma_tr=       0.000000 meV  omega=    130.2771 meV   on_shell_Omega=    130.2997 meV  off_shell_Omega=    130.2997 meV
     lambda___(   5 )=       0.000000   gamma___=       0.000000 meV  omega=    173.6348 meV   on_shell_Omega=    173.8132 meV  off_shell_Omega=    173.7196 meV
     lambda_tr(   5 )=      -0.000000   gamma_tr=      -0.000000 meV  omega=    173.6348 meV   on_shell_Omega=    173.8132 meV  off_shell_Omega=    173.7196 meV
     lambda___(   6 )=       0.000000   gamma___=       0.000000 meV  omega=    182.8022 meV   on_shell_Omega=    182.8442 meV  off_shell_Omega=    182.8442 meV
     lambda_tr(   6 )=      -0.000000   gamma_tr=      -0.000000 meV  omega=    182.8022 meV   on_shell_Omega=    182.8442 meV  off_shell_Omega=    182.8442 meV
     lambda___( tot )=       0.000000
     lambda_tr( tot )=      -0.000000
     -------------------------------------------------------------------


     Number of (k,k+q) pairs on the Fermi surface:      302 out of      324


     ismear =     1 iq =     244 coord.:   0.72222  0.50000  0.00000 wt:   0.00309 Temp:  300.000K
     -------------------------------------------------------------------
     lambda___(   1 )=       0.000000   gamma___=       0.000000 meV  omega=     47.2450 meV   on_shell_Omega=     47.2344 meV  off_shell_Omega=     47.2344 meV
     lambda_tr(   1 )=       0.000000   gamma_tr=       0.000000 meV  omega=     47.2450 meV   on_shell_Omega=     47.2344 meV  off_shell_Omega=     47.2344 meV
     lambda___(   2 )=       0.000000   gamma___=       0.000000 meV  omega=     83.7590 meV   on_shell_Omega=     83.8614 meV  off_shell_Omega=     83.8614 meV
     lambda_tr(   2 )=       0.000000   gamma_tr=       0.000000 meV  omega=     83.7590 meV   on_shell_Omega=     83.8614 meV  off_shell_Omega=     83.8614 meV
     lambda___(   3 )=       0.000000   gamma___=       0.000000 meV  omega=    103.8340 meV   on_shell_Omega=    103.8539 meV  off_shell_Omega=    103.8539 meV
     lambda_tr(   3 )=       0.000000   gamma_tr=       0.000000 meV  omega=    103.8340 meV   on_shell_Omega=    103.8539 meV  off_shell_Omega=    103.8539 meV
     lambda___(   4 )=       0.000000   gamma___=       0.000000 meV  omega=    135.4369 meV   on_shell_Omega=    135.4659 meV  off_shell_Omega=    135.4659 meV
     lambda_tr(   4 )=       0.000000   gamma_tr=       0.000000 meV  omega=    135.4369 meV   on_shell_Omega=    135.4659 meV  off_shell_Omega=    135.4659 meV
     lambda___(   5 )=       0.000000   gamma___=       0.000000 meV  omega=    170.5843 meV   on_shell_Omega=    170.7156 meV  off_shell_Omega=    170.7156 meV
     lambda_tr(   5 )=       0.000000   gamma_tr=       0.000000 meV  omega=    170.5843 meV   on_shell_Omega=    170.7156 meV  off_shell_Omega=    170.7156 meV
     lambda___(   6 )=       0.000000   gamma___=       0.000000 meV  omega=    175.6638 meV   on_shell_Omega=    175.6966 meV  off_shell_Omega=    175.6966 meV
     lambda_tr(   6 )=       0.000000   gamma_tr=       0.000000 meV  omega=    175.6638 meV   on_shell_Omega=    175.6966 meV  off_shell_Omega=    175.6966 meV
     lambda___( tot )=       0.000000
     lambda_tr( tot )=       0.000000
     -------------------------------------------------------------------


     Number of (k,k+q) pairs on the Fermi surface:      302 out of      324


     ismear =     1 iq =     245 coord.:   0.72222  0.55556  0.00000 wt:   0.00309 Temp:  300.000K
     -------------------------------------------------------------------
     lambda___(   1 )=       0.000000   gamma___=       0.000000 meV  omega=     53.9564 meV   on_shell_Omega=     53.8957 meV  off_shell_Omega=     53.8957 meV
     lambda_tr(   1 )=       0.000000   gamma_tr=       0.000000 meV  omega=     53.9564 meV   on_shell_Omega=     53.8957 meV  off_shell_Omega=     53.8957 meV
     lambda___(   2 )=       0.000000   gamma___=       0.000000 meV  omega=     77.5143 meV   on_shell_Omega=     77.6499 meV  off_shell_Omega=     77.6499 meV
     lambda_tr(   2 )=       0.000000   gamma_tr=       0.000000 meV  omega=     77.5143 meV   on_shell_Omega=     77.6499 meV  off_shell_Omega=     77.6499 meV
     lambda___(   3 )=       0.000000   gamma___=       0.000000 meV  omega=    113.4961 meV   on_shell_Omega=    113.5049 meV  off_shell_Omega=    113.5049 meV
     lambda_tr(   3 )=       0.000000   gamma_tr=       0.000000 meV  omega=    113.4961 meV   on_shell_Omega=    113.5049 meV  off_shell_Omega=    113.5049 meV
     lambda___(   4 )=       0.000000   gamma___=       0.000000 meV  omega=    141.0916 meV   on_shell_Omega=    141.1209 meV  off_shell_Omega=    141.1209 meV
     lambda_tr(   4 )=       0.000000   gamma_tr=       0.000000 meV  omega=    141.0916 meV   on_shell_Omega=    141.1209 meV  off_shell_Omega=    141.1209 meV
     lambda___(   5 )=       0.000000   gamma___=       0.000000 meV  omega=    166.9412 meV   on_shell_Omega=    166.8894 meV  off_shell_Omega=    166.8894 meV
     lambda_tr(   5 )=       0.000000   gamma_tr=       0.000000 meV  omega=    166.9412 meV   on_shell_Omega=    166.8894 meV  off_shell_Omega=    166.8894 meV
     lambda___(   6 )=       0.000000   gamma___=       0.000000 meV  omega=    167.2862 meV   on_shell_Omega=    167.2892 meV  off_shell_Omega=    167.2892 meV
     lambda_tr(   6 )=       0.000000   gamma_tr=       0.000000 meV  omega=    167.2862 meV   on_shell_Omega=    167.2892 meV  off_shell_Omega=    167.2892 meV
     lambda___( tot )=       0.000000
     lambda_tr( tot )=       0.000000
     -------------------------------------------------------------------


     Number of (k,k+q) pairs on the Fermi surface:      303 out of      324


     ismear =     1 iq =     246 coord.:   0.72222  0.61111  0.00000 wt:   0.00309 Temp:  300.000K
     -------------------------------------------------------------------
     lambda___(   1 )=       0.000000   gamma___=       0.000000 meV  omega=     60.2921 meV   on_shell_Omega=     60.2652 meV  off_shell_Omega=     60.2652 meV
     lambda_tr(   1 )=      -0.000000   gamma_tr=      -0.000000 meV  omega=     60.2921 meV   on_shell_Omega=     60.2652 meV  off_shell_Omega=     60.2652 meV
     lambda___(   2 )=       0.000000   gamma___=       0.000000 meV  omega=     71.3558 meV   on_shell_Omega=     71.4634 meV  off_shell_Omega=     71.4634 meV
     lambda_tr(   2 )=      -0.000000   gamma_tr=      -0.000000 meV  omega=     71.3558 meV   on_shell_Omega=     71.4634 meV  off_shell_Omega=     71.4634 meV
     lambda___(   3 )=       0.000000   gamma___=       0.000000 meV  omega=    119.0652 meV   on_shell_Omega=    119.0677 meV  off_shell_Omega=    119.0677 meV
     lambda_tr(   3 )=       0.000000   gamma_tr=       0.000000 meV  omega=    119.0652 meV   on_shell_Omega=    119.0677 meV  off_shell_Omega=    119.0677 meV
     lambda___(   4 )=       0.000000   gamma___=       0.000000 meV  omega=    147.9992 meV   on_shell_Omega=    148.0136 meV  off_shell_Omega=    148.0136 meV
     lambda_tr(   4 )=       0.000000   gamma_tr=       0.000000 meV  omega=    147.9992 meV   on_shell_Omega=    148.0136 meV  off_shell_Omega=    148.0136 meV
     lambda___(   5 )=       0.000000   gamma___=       0.000000 meV  omega=    158.3383 meV   on_shell_Omega=    158.3524 meV  off_shell_Omega=    158.3524 meV
     lambda_tr(   5 )=       0.000000   gamma_tr=       0.000000 meV  omega=    158.3383 meV   on_shell_Omega=    158.3524 meV  off_shell_Omega=    158.3524 meV
     lambda___(   6 )=       0.000000   gamma___=       0.000000 meV  omega=    164.2559 meV   on_shell_Omega=    163.9644 meV  off_shell_Omega=    163.9351 meV
     lambda_tr(   6 )=       0.000000   gamma_tr=       0.000000 meV  omega=    164.2559 meV   on_shell_Omega=    163.9644 meV  off_shell_Omega=    163.9351 meV
     lambda___( tot )=       0.000000
     lambda_tr( tot )=       0.000000
     -------------------------------------------------------------------


     Number of (k,k+q) pairs on the Fermi surface:      302 out of      324


     ismear =     1 iq =     247 coord.:   0.72222  0.66667  0.00000 wt:   0.00309 Temp:  300.000K
     -------------------------------------------------------------------
     lambda___(   1 )=       0.000000   gamma___=       0.000000 meV  omega=     60.2921 meV   on_shell_Omega=     60.2279 meV  off_shell_Omega=     60.2279 meV
     lambda_tr(   1 )=       0.000000   gamma_tr=       0.000000 meV  omega=     60.2921 meV   on_shell_Omega=     60.2279 meV  off_shell_Omega=     60.2279 meV
     lambda___(   2 )=       0.000000   gamma___=       0.000000 meV  omega=     71.3558 meV   on_shell_Omega=     71.4744 meV  off_shell_Omega=     71.4744 meV
     lambda_tr(   2 )=       0.000000   gamma_tr=       0.000000 meV  omega=     71.3558 meV   on_shell_Omega=     71.4744 meV  off_shell_Omega=     71.4744 meV
     lambda___(   3 )=       0.000000   gamma___=       0.000000 meV  omega=    119.0652 meV   on_shell_Omega=    119.0673 meV  off_shell_Omega=    119.0673 meV
     lambda_tr(   3 )=       0.000000   gamma_tr=       0.000000 meV  omega=    119.0652 meV   on_shell_Omega=    119.0673 meV  off_shell_Omega=    119.0673 meV
     lambda___(   4 )=       0.000000   gamma___=       0.000000 meV  omega=    147.9992 meV   on_shell_Omega=    147.9997 meV  off_shell_Omega=    147.9997 meV
     lambda_tr(   4 )=       0.000000   gamma_tr=       0.000000 meV  omega=    147.9992 meV   on_shell_Omega=    147.9997 meV  off_shell_Omega=    147.9997 meV
     lambda___(   5 )=       0.000000   gamma___=       0.000000 meV  omega=    158.3383 meV   on_shell_Omega=    158.3412 meV  off_shell_Omega=    158.3412 meV
     lambda_tr(   5 )=       0.000000   gamma_tr=       0.000000 meV  omega=    158.3383 meV   on_shell_Omega=    158.3412 meV  off_shell_Omega=    158.3412 meV
     lambda___(   6 )=       0.000000   gamma___=       0.000000 meV  omega=    164.2559 meV   on_shell_Omega=    163.6382 meV  off_shell_Omega=    163.5341 meV
     lambda_tr(   6 )=       0.000000   gamma_tr=       0.000000 meV  omega=    164.2559 meV   on_shell_Omega=    163.6382 meV  off_shell_Omega=    163.5341 meV
     lambda___( tot )=       0.000000
     lambda_tr( tot )=       0.000000
     -------------------------------------------------------------------


     Number of (k,k+q) pairs on the Fermi surface:      302 out of      324


     ismear =     1 iq =     248 coord.:   0.72222  0.72222  0.00000 wt:   0.00309 Temp:  300.000K
     -------------------------------------------------------------------
     lambda___(   1 )=       0.000000   gamma___=       0.000000 meV  omega=     53.9564 meV   on_shell_Omega=     53.9095 meV  off_shell_Omega=     53.9095 meV
     lambda_tr(   1 )=       0.000000   gamma_tr=       0.000000 meV  omega=     53.9564 meV   on_shell_Omega=     53.9095 meV  off_shell_Omega=     53.9095 meV
     lambda___(   2 )=       0.000000   gamma___=       0.000000 meV  omega=     77.5143 meV   on_shell_Omega=     77.6118 meV  off_shell_Omega=     77.6118 meV
     lambda_tr(   2 )=       0.000000   gamma_tr=       0.000000 meV  omega=     77.5143 meV   on_shell_Omega=     77.6118 meV  off_shell_Omega=     77.6118 meV
     lambda___(   3 )=       0.000000   gamma___=       0.000000 meV  omega=    113.4961 meV   on_shell_Omega=    113.5012 meV  off_shell_Omega=    113.5012 meV
     lambda_tr(   3 )=       0.000000   gamma_tr=       0.000000 meV  omega=    113.4961 meV   on_shell_Omega=    113.5012 meV  off_shell_Omega=    113.5012 meV
     lambda___(   4 )=       0.000000   gamma___=       0.000000 meV  omega=    141.0916 meV   on_shell_Omega=    141.1236 meV  off_shell_Omega=    141.1236 meV
     lambda_tr(   4 )=       0.000000   gamma_tr=       0.000000 meV  omega=    141.0916 meV   on_shell_Omega=    141.1236 meV  off_shell_Omega=    141.1236 meV
     lambda___(   5 )=       0.000000   gamma___=       0.000000 meV  omega=    166.9412 meV   on_shell_Omega=    166.9711 meV  off_shell_Omega=    166.9711 meV
     lambda_tr(   5 )=       0.000000   gamma_tr=       0.000000 meV  omega=    166.9412 meV   on_shell_Omega=    166.9711 meV  off_shell_Omega=    166.9711 meV
     lambda___(   6 )=       0.000000   gamma___=       0.000000 meV  omega=    167.2862 meV   on_shell_Omega=    167.3212 meV  off_shell_Omega=    167.3212 meV
     lambda_tr(   6 )=       0.000000   gamma_tr=       0.000000 meV  omega=    167.2862 meV   on_shell_Omega=    167.3212 meV  off_shell_Omega=    167.3212 meV
     lambda___( tot )=       0.000000
     lambda_tr( tot )=       0.000000
     -------------------------------------------------------------------


     Number of (k,k+q) pairs on the Fermi surface:      302 out of      324


     ismear =     1 iq =     249 coord.:   0.72222  0.77778  0.00000 wt:   0.00309 Temp:  300.000K
     -------------------------------------------------------------------
     lambda___(   1 )=       0.000000   gamma___=       0.000000 meV  omega=     47.2450 meV   on_shell_Omega=     47.2685 meV  off_shell_Omega=     47.2685 meV
     lambda_tr(   1 )=       0.000000   gamma_tr=       0.000000 meV  omega=     47.2450 meV   on_shell_Omega=     47.2685 meV  off_shell_Omega=     47.2685 meV
     lambda___(   2 )=       0.000000   gamma___=       0.000000 meV  omega=     83.7590 meV   on_shell_Omega=     83.8236 meV  off_shell_Omega=     83.8236 meV
     lambda_tr(   2 )=       0.000000   gamma_tr=       0.000000 meV  omega=     83.7590 meV   on_shell_Omega=     83.8236 meV  off_shell_Omega=     83.8236 meV
     lambda___(   3 )=       0.000000   gamma___=       0.000000 meV  omega=    103.8340 meV   on_shell_Omega=    103.8524 meV  off_shell_Omega=    103.8524 meV
     lambda_tr(   3 )=       0.000000   gamma_tr=       0.000000 meV  omega=    103.8340 meV   on_shell_Omega=    103.8524 meV  off_shell_Omega=    103.8524 meV
     lambda___(   4 )=       0.000000   gamma___=       0.000000 meV  omega=    135.4369 meV   on_shell_Omega=    135.4668 meV  off_shell_Omega=    135.4668 meV
     lambda_tr(   4 )=       0.000000   gamma_tr=       0.000000 meV  omega=    135.4369 meV   on_shell_Omega=    135.4668 meV  off_shell_Omega=    135.4668 meV
     lambda___(   5 )=       0.000000   gamma___=       0.000000 meV  omega=    170.5843 meV   on_shell_Omega=    170.8217 meV  off_shell_Omega=    170.8758 meV
     lambda_tr(   5 )=       0.000000   gamma_tr=       0.000000 meV  omega=    170.5843 meV   on_shell_Omega=    170.8217 meV  off_shell_Omega=    170.8758 meV
     lambda___(   6 )=       0.000000   gamma___=       0.000000 meV  omega=    175.6638 meV   on_shell_Omega=    175.7022 meV  off_shell_Omega=    175.7022 meV
     lambda_tr(   6 )=       0.000000   gamma_tr=       0.000000 meV  omega=    175.6638 meV   on_shell_Omega=    175.7022 meV  off_shell_Omega=    175.7022 meV
     lambda___( tot )=       0.000000
     lambda_tr( tot )=       0.000000
     -------------------------------------------------------------------


     Number of (k,k+q) pairs on the Fermi surface:      302 out of      324


     ismear =     1 iq =     250 coord.:   0.72222  0.83333  0.00000 wt:   0.00309 Temp:  300.000K
     -------------------------------------------------------------------
     lambda___(   1 )=       0.000000   gamma___=       0.000000 meV  omega=     40.8462 meV   on_shell_Omega=     40.9013 meV  off_shell_Omega=     40.9013 meV
     lambda_tr(   1 )=      -0.000000   gamma_tr=      -0.000000 meV  omega=     40.8462 meV   on_shell_Omega=     40.9013 meV  off_shell_Omega=     40.9013 meV
     lambda___(   2 )=       0.000000   gamma___=       0.000000 meV  omega=     89.2165 meV   on_shell_Omega=     89.2687 meV  off_shell_Omega=     89.2687 meV
     lambda_tr(   2 )=       0.000000   gamma_tr=       0.000000 meV  omega=     89.2165 meV   on_shell_Omega=     89.2687 meV  off_shell_Omega=     89.2687 meV
     lambda___(   3 )=       0.000000   gamma___=       0.000000 meV  omega=     91.9181 meV   on_shell_Omega=     91.9351 meV  off_shell_Omega=     91.9351 meV
     lambda_tr(   3 )=       0.000000   gamma_tr=       0.000000 meV  omega=     91.9181 meV   on_shell_Omega=     91.9351 meV  off_shell_Omega=     91.9351 meV
     lambda___(   4 )=       0.000000   gamma___=       0.000000 meV  omega=    130.2771 meV   on_shell_Omega=    130.3014 meV  off_shell_Omega=    130.3014 meV
     lambda_tr(   4 )=       0.000000   gamma_tr=       0.000000 meV  omega=    130.2771 meV   on_shell_Omega=    130.3014 meV  off_shell_Omega=    130.3014 meV
     lambda___(   5 )=       0.000000   gamma___=       0.000000 meV  omega=    173.6348 meV   on_shell_Omega=    173.9454 meV  off_shell_Omega=    173.9315 meV
     lambda_tr(   5 )=       0.000000   gamma_tr=       0.000000 meV  omega=    173.6348 meV   on_shell_Omega=    173.9454 meV  off_shell_Omega=    173.9315 meV
     lambda___(   6 )=       0.000000   gamma___=       0.000000 meV  omega=    182.8022 meV   on_shell_Omega=    182.8482 meV  off_shell_Omega=    182.8482 meV
     lambda_tr(   6 )=       0.000000   gamma_tr=       0.000000 meV  omega=    182.8022 meV   on_shell_Omega=    182.8482 meV  off_shell_Omega=    182.8482 meV
     lambda___( tot )=       0.000000
     lambda_tr( tot )=       0.000000
     -------------------------------------------------------------------


     Number of (k,k+q) pairs on the Fermi surface:      302 out of      324


     ismear =     1 iq =     251 coord.:   0.72222  0.88889  0.00000 wt:   0.00309 Temp:  300.000K
     -------------------------------------------------------------------
     lambda___(   1 )=      -0.000000   gamma___=      -0.000000 meV  omega=     34.6959 meV   on_shell_Omega=     34.7299 meV  off_shell_Omega=     34.7299 meV
     lambda_tr(   1 )=       0.000000   gamma_tr=       0.000000 meV  omega=     34.6959 meV   on_shell_Omega=     34.7299 meV  off_shell_Omega=     34.7299 meV
     lambda___(   2 )=       0.000000   gamma___=       0.000000 meV  omega=     79.5020 meV   on_shell_Omega=     79.5127 meV  off_shell_Omega=     79.5127 meV
     lambda_tr(   2 )=       0.000000   gamma_tr=       0.000000 meV  omega=     79.5020 meV   on_shell_Omega=     79.5127 meV  off_shell_Omega=     79.5127 meV
     lambda___(   3 )=       0.000000   gamma___=       0.000000 meV  omega=     93.7434 meV   on_shell_Omega=     93.7921 meV  off_shell_Omega=     93.7921 meV
     lambda_tr(   3 )=       0.000000   gamma_tr=       0.000000 meV  omega=     93.7434 meV   on_shell_Omega=     93.7921 meV  off_shell_Omega=     93.7921 meV
     lambda___(   4 )=       0.000000   gamma___=       0.000000 meV  omega=    124.2255 meV   on_shell_Omega=    124.2405 meV  off_shell_Omega=    124.2405 meV
     lambda_tr(   4 )=       0.000000   gamma_tr=       0.000000 meV  omega=    124.2255 meV   on_shell_Omega=    124.2405 meV  off_shell_Omega=    124.2405 meV
     lambda___(   5 )=       0.000000   gamma___=       0.000000 meV  omega=    176.3094 meV   on_shell_Omega=    176.5326 meV  off_shell_Omega=    176.6107 meV
     lambda_tr(   5 )=       0.000000   gamma_tr=       0.000000 meV  omega=    176.3094 meV   on_shell_Omega=    176.5326 meV  off_shell_Omega=    176.6107 meV
     lambda___(   6 )=       0.000000   gamma___=       0.000000 meV  omega=    188.6292 meV   on_shell_Omega=    188.7159 meV  off_shell_Omega=    188.7159 meV
     lambda_tr(   6 )=       0.000000   gamma_tr=       0.000000 meV  omega=    188.6292 meV   on_shell_Omega=    188.7159 meV  off_shell_Omega=    188.7159 meV
     lambda___( tot )=       0.000000
     lambda_tr( tot )=       0.000000
     -------------------------------------------------------------------


     Number of (k,k+q) pairs on the Fermi surface:      302 out of      324


     ismear =     1 iq =     252 coord.:   0.72222  0.94444  0.00000 wt:   0.00309 Temp:  300.000K
     -------------------------------------------------------------------
     lambda___(   1 )=      -0.000000   gamma___=      -0.000000 meV  omega=     28.7398 meV   on_shell_Omega=     28.7575 meV  off_shell_Omega=     28.7575 meV
     lambda_tr(   1 )=       0.000000   gamma_tr=       0.000000 meV  omega=     28.7398 meV   on_shell_Omega=     28.7575 meV  off_shell_Omega=     28.7575 meV
     lambda___(   2 )=      -0.000000   gamma___=      -0.000000 meV  omega=     68.6092 meV   on_shell_Omega=     68.6148 meV  off_shell_Omega=     68.6148 meV
     lambda_tr(   2 )=       0.000000   gamma_tr=       0.000000 meV  omega=     68.6092 meV   on_shell_Omega=     68.6148 meV  off_shell_Omega=     68.6148 meV
     lambda___(   3 )=      -0.000000   gamma___=      -0.000000 meV  omega=     97.3279 meV   on_shell_Omega=     97.3569 meV  off_shell_Omega=     97.3569 meV
     lambda_tr(   3 )=       0.000000   gamma_tr=       0.000000 meV  omega=     97.3279 meV   on_shell_Omega=     97.3569 meV  off_shell_Omega=     97.3569 meV
     lambda___(   4 )=      -0.000000   gamma___=      -0.000000 meV  omega=    116.4460 meV   on_shell_Omega=    116.4719 meV  off_shell_Omega=    116.4719 meV
     lambda_tr(   4 )=       0.000000   gamma_tr=       0.000000 meV  omega=    116.4460 meV   on_shell_Omega=    116.4719 meV  off_shell_Omega=    116.4719 meV
     lambda___(   5 )=       0.000000   gamma___=       0.000000 meV  omega=    178.9712 meV   on_shell_Omega=    179.1293 meV  off_shell_Omega=    179.0586 meV
     lambda_tr(   5 )=       0.000000   gamma_tr=       0.000000 meV  omega=    178.9712 meV   on_shell_Omega=    179.1293 meV  off_shell_Omega=    179.0586 meV
     lambda___(   6 )=       0.000000   gamma___=       0.000000 meV  omega=    193.1732 meV   on_shell_Omega=    193.2989 meV  off_shell_Omega=    193.2989 meV
     lambda_tr(   6 )=       0.000000   gamma_tr=       0.000000 meV  omega=    193.1732 meV   on_shell_Omega=    193.2989 meV  off_shell_Omega=    193.2989 meV
     lambda___( tot )=      -0.000000
     lambda_tr( tot )=       0.000000
     -------------------------------------------------------------------


     Number of (k,k+q) pairs on the Fermi surface:      302 out of      324


     ismear =     1 iq =     253 coord.:   0.77778  0.00000  0.00000 wt:   0.00309 Temp:  300.000K
     -------------------------------------------------------------------
     lambda___(   1 )=      -0.000000   gamma___=      -0.000000 meV  omega=     14.9695 meV   on_shell_Omega=     15.0034 meV  off_shell_Omega=     15.0034 meV
     lambda_tr(   1 )=      -0.000000   gamma_tr=      -0.000000 meV  omega=     14.9695 meV   on_shell_Omega=     15.0034 meV  off_shell_Omega=     15.0034 meV
     lambda___(   2 )=      -0.000000   gamma___=      -0.000000 meV  omega=     52.5871 meV   on_shell_Omega=     52.5833 meV  off_shell_Omega=     52.5833 meV
     lambda_tr(   2 )=      -0.000000   gamma_tr=      -0.000000 meV  omega=     52.5871 meV   on_shell_Omega=     52.5833 meV  off_shell_Omega=     52.5833 meV
     lambda___(   3 )=       0.000000   gamma___=       0.000000 meV  omega=     88.1874 meV   on_shell_Omega=     88.2147 meV  off_shell_Omega=     88.2147 meV
     lambda_tr(   3 )=       0.000000   gamma_tr=       0.000000 meV  omega=     88.1874 meV   on_shell_Omega=     88.2147 meV  off_shell_Omega=     88.2147 meV
     lambda___(   4 )=       0.000000   gamma___=       0.000000 meV  omega=    103.4066 meV   on_shell_Omega=    103.4146 meV  off_shell_Omega=    103.4146 meV
     lambda_tr(   4 )=       0.000000   gamma_tr=       0.000000 meV  omega=    103.4066 meV   on_shell_Omega=    103.4146 meV  off_shell_Omega=    103.4146 meV
     lambda___(   5 )=       0.000000   gamma___=       0.000000 meV  omega=    184.7248 meV   on_shell_Omega=    184.8856 meV  off_shell_Omega=    184.8150 meV
     lambda_tr(   5 )=       0.000000   gamma_tr=       0.000000 meV  omega=    184.7248 meV   on_shell_Omega=    184.8856 meV  off_shell_Omega=    184.8150 meV
     lambda___(   6 )=       0.000000   gamma___=       0.000000 meV  omega=    199.0725 meV   on_shell_Omega=    199.3121 meV  off_shell_Omega=    199.4127 meV
     lambda_tr(   6 )=       0.000000   gamma_tr=       0.000000 meV  omega=    199.0725 meV   on_shell_Omega=    199.3121 meV  off_shell_Omega=    199.4127 meV
     lambda___( tot )=       0.000000
     lambda_tr( tot )=       0.000000
     -------------------------------------------------------------------


     Number of (k,k+q) pairs on the Fermi surface:      303 out of      324


     ismear =     1 iq =     254 coord.:   0.77778  0.05556  0.00000 wt:   0.00309 Temp:  300.000K
     -------------------------------------------------------------------
     lambda___(   1 )=      -0.000000   gamma___=      -0.000000 meV  omega=     12.3071 meV   on_shell_Omega=     12.3424 meV  off_shell_Omega=     12.3424 meV
     lambda_tr(   1 )=       0.000000   gamma_tr=       0.000000 meV  omega=     12.3071 meV   on_shell_Omega=     12.3424 meV  off_shell_Omega=     12.3424 meV
     lambda___(   2 )=       0.000000   gamma___=       0.000000 meV  omega=     50.4599 meV   on_shell_Omega=     50.4817 meV  off_shell_Omega=     50.4817 meV
     lambda_tr(   2 )=       0.000000   gamma_tr=       0.000000 meV  omega=     50.4599 meV   on_shell_Omega=     50.4817 meV  off_shell_Omega=     50.4817 meV
     lambda___(   3 )=       0.000000   gamma___=       0.000000 meV  omega=     79.5938 meV   on_shell_Omega=     79.6095 meV  off_shell_Omega=     79.6095 meV
     lambda_tr(   3 )=       0.000000   gamma_tr=       0.000000 meV  omega=     79.5938 meV   on_shell_Omega=     79.6095 meV  off_shell_Omega=     79.6095 meV
     lambda___(   4 )=       0.000000   gamma___=       0.000000 meV  omega=    104.4363 meV   on_shell_Omega=    104.4433 meV  off_shell_Omega=    104.4433 meV
     lambda_tr(   4 )=       0.000000   gamma_tr=       0.000000 meV  omega=    104.4363 meV   on_shell_Omega=    104.4433 meV  off_shell_Omega=    104.4433 meV
     lambda___(   5 )=       0.000000   gamma___=       0.000000 meV  omega=    185.9293 meV   on_shell_Omega=    186.1728 meV  off_shell_Omega=    186.2471 meV
     lambda_tr(   5 )=       0.000000   gamma_tr=       0.000000 meV  omega=    185.9293 meV   on_shell_Omega=    186.1728 meV  off_shell_Omega=    186.2471 meV
     lambda___(   6 )=       0.000000   gamma___=       0.000000 meV  omega=    199.3167 meV   on_shell_Omega=    199.5972 meV  off_shell_Omega=    199.6574 meV
     lambda_tr(   6 )=       0.000000   gamma_tr=       0.000000 meV  omega=    199.3167 meV   on_shell_Omega=    199.5972 meV  off_shell_Omega=    199.6574 meV
     lambda___( tot )=       0.000000
     lambda_tr( tot )=       0.000000
     -------------------------------------------------------------------


     Number of (k,k+q) pairs on the Fermi surface:      303 out of      324


     ismear =     1 iq =     255 coord.:   0.77778  0.11111  0.00000 wt:   0.00309 Temp:  300.000K
     -------------------------------------------------------------------
     lambda___(   1 )=       0.000000   gamma___=       0.000000 meV  omega=     11.5650 meV   on_shell_Omega=     11.6349 meV  off_shell_Omega=     11.6349 meV
     lambda_tr(   1 )=      -0.000000   gamma_tr=      -0.000000 meV  omega=     11.5650 meV   on_shell_Omega=     11.6349 meV  off_shell_Omega=     11.6349 meV
     lambda___(   2 )=       0.000000   gamma___=       0.000000 meV  omega=     50.9160 meV   on_shell_Omega=     50.9669 meV  off_shell_Omega=     50.9669 meV
     lambda_tr(   2 )=      -0.000000   gamma_tr=      -0.000000 meV  omega=     50.9160 meV   on_shell_Omega=     50.9669 meV  off_shell_Omega=     50.9669 meV
     lambda___(   3 )=       0.000000   gamma___=       0.000000 meV  omega=     75.8326 meV   on_shell_Omega=     75.8081 meV  off_shell_Omega=     75.8081 meV
     lambda_tr(   3 )=      -0.000000   gamma_tr=      -0.000000 meV  omega=     75.8326 meV   on_shell_Omega=     75.8081 meV  off_shell_Omega=     75.8081 meV
     lambda___(   4 )=       0.000000   gamma___=       0.000000 meV  omega=    104.7494 meV   on_shell_Omega=    104.7571 meV  off_shell_Omega=    104.7571 meV
     lambda_tr(   4 )=      -0.000000   gamma_tr=      -0.000000 meV  omega=    104.7494 meV   on_shell_Omega=    104.7571 meV  off_shell_Omega=    104.7571 meV
     lambda___(   5 )=       0.000000   gamma___=       0.000000 meV  omega=    186.2216 meV   on_shell_Omega=    186.4335 meV  off_shell_Omega=    186.3125 meV
     lambda_tr(   5 )=      -0.000000   gamma_tr=      -0.000000 meV  omega=    186.2216 meV   on_shell_Omega=    186.4335 meV  off_shell_Omega=    186.3125 meV
     lambda___(   6 )=       0.000000   gamma___=       0.000000 meV  omega=    199.1902 meV   on_shell_Omega=    199.4398 meV  off_shell_Omega=    199.5306 meV
     lambda_tr(   6 )=      -0.000000   gamma_tr=      -0.000000 meV  omega=    199.1902 meV   on_shell_Omega=    199.4398 meV  off_shell_Omega=    199.5306 meV
     lambda___( tot )=       0.000000
     lambda_tr( tot )=      -0.000000
     -------------------------------------------------------------------


     Number of (k,k+q) pairs on the Fermi surface:      302 out of      324


     ismear =     1 iq =     256 coord.:   0.77778  0.16667  0.00000 wt:   0.00309 Temp:  300.000K
     -------------------------------------------------------------------
     lambda___(   1 )=      -0.000000   gamma___=      -0.000000 meV  omega=     12.3071 meV   on_shell_Omega=     12.3488 meV  off_shell_Omega=     12.3488 meV
     lambda_tr(   1 )=       0.000000   gamma_tr=       0.000000 meV  omega=     12.3071 meV   on_shell_Omega=     12.3488 meV  off_shell_Omega=     12.3488 meV
     lambda___(   2 )=       0.000000   gamma___=       0.000000 meV  omega=     50.4599 meV   on_shell_Omega=     50.4858 meV  off_shell_Omega=     50.4858 meV
     lambda_tr(   2 )=       0.000000   gamma_tr=       0.000000 meV  omega=     50.4599 meV   on_shell_Omega=     50.4858 meV  off_shell_Omega=     50.4858 meV
     lambda___(   3 )=       0.000000   gamma___=       0.000000 meV  omega=     79.5938 meV   on_shell_Omega=     79.6030 meV  off_shell_Omega=     79.6030 meV
     lambda_tr(   3 )=       0.000000   gamma_tr=       0.000000 meV  omega=     79.5938 meV   on_shell_Omega=     79.6030 meV  off_shell_Omega=     79.6030 meV
     lambda___(   4 )=       0.000000   gamma___=       0.000000 meV  omega=    104.4363 meV   on_shell_Omega=    104.4433 meV  off_shell_Omega=    104.4433 meV
     lambda_tr(   4 )=       0.000000   gamma_tr=       0.000000 meV  omega=    104.4363 meV   on_shell_Omega=    104.4433 meV  off_shell_Omega=    104.4433 meV
     lambda___(   5 )=       0.000000   gamma___=       0.000000 meV  omega=    185.9293 meV   on_shell_Omega=    186.1278 meV  off_shell_Omega=    186.0201 meV
     lambda_tr(   5 )=       0.000000   gamma_tr=       0.000000 meV  omega=    185.9293 meV   on_shell_Omega=    186.1278 meV  off_shell_Omega=    186.0201 meV
     lambda___(   6 )=       0.000000   gamma___=       0.000000 meV  omega=    199.3167 meV   on_shell_Omega=    199.5952 meV  off_shell_Omega=    199.6574 meV
     lambda_tr(   6 )=       0.000000   gamma_tr=       0.000000 meV  omega=    199.3167 meV   on_shell_Omega=    199.5952 meV  off_shell_Omega=    199.6574 meV
     lambda___( tot )=       0.000000
     lambda_tr( tot )=       0.000000
     -------------------------------------------------------------------


     Number of (k,k+q) pairs on the Fermi surface:      302 out of      324


     ismear =     1 iq =     257 coord.:   0.77778  0.22222  0.00000 wt:   0.00309 Temp:  300.000K
     -------------------------------------------------------------------
     lambda___(   1 )=      -0.000000   gamma___=      -0.000000 meV  omega=     14.9695 meV   on_shell_Omega=     14.9932 meV  off_shell_Omega=     14.9932 meV
     lambda_tr(   1 )=      -0.000000   gamma_tr=      -0.000000 meV  omega=     14.9695 meV   on_shell_Omega=     14.9932 meV  off_shell_Omega=     14.9932 meV
     lambda___(   2 )=      -0.000000   gamma___=      -0.000000 meV  omega=     52.5871 meV   on_shell_Omega=     52.5823 meV  off_shell_Omega=     52.5823 meV
     lambda_tr(   2 )=      -0.000000   gamma_tr=      -0.000000 meV  omega=     52.5871 meV   on_shell_Omega=     52.5823 meV  off_shell_Omega=     52.5823 meV
     lambda___(   3 )=      -0.000000   gamma___=      -0.000000 meV  omega=     88.1874 meV   on_shell_Omega=     88.2126 meV  off_shell_Omega=     88.2126 meV
     lambda_tr(   3 )=      -0.000000   gamma_tr=      -0.000000 meV  omega=     88.1874 meV   on_shell_Omega=     88.2126 meV  off_shell_Omega=     88.2126 meV
     lambda___(   4 )=      -0.000000   gamma___=      -0.000000 meV  omega=    103.4066 meV   on_shell_Omega=    103.4148 meV  off_shell_Omega=    103.4148 meV
     lambda_tr(   4 )=      -0.000000   gamma_tr=      -0.000000 meV  omega=    103.4066 meV   on_shell_Omega=    103.4148 meV  off_shell_Omega=    103.4148 meV
     lambda___(   5 )=       0.000000   gamma___=       0.000000 meV  omega=    184.7248 meV   on_shell_Omega=    184.8758 meV  off_shell_Omega=    184.8150 meV
     lambda_tr(   5 )=      -0.000000   gamma_tr=      -0.000000 meV  omega=    184.7248 meV   on_shell_Omega=    184.8758 meV  off_shell_Omega=    184.8150 meV
     lambda___(   6 )=       0.000000   gamma___=       0.000000 meV  omega=    199.0725 meV   on_shell_Omega=    199.2977 meV  off_shell_Omega=    199.1697 meV
     lambda_tr(   6 )=      -0.000000   gamma_tr=      -0.000000 meV  omega=    199.0725 meV   on_shell_Omega=    199.2977 meV  off_shell_Omega=    199.1697 meV
     lambda___( tot )=      -0.000000
     lambda_tr( tot )=      -0.000000
     -------------------------------------------------------------------


     Number of (k,k+q) pairs on the Fermi surface:      302 out of      324


     ismear =     1 iq =     258 coord.:   0.77778  0.27778  0.00000 wt:   0.00309 Temp:  300.000K
     -------------------------------------------------------------------
     lambda___(   1 )=      -0.000000   gamma___=      -0.000000 meV  omega=     19.6520 meV   on_shell_Omega=     19.6856 meV  off_shell_Omega=     19.6856 meV
     lambda_tr(   1 )=      -0.000000   gamma_tr=      -0.000000 meV  omega=     19.6520 meV   on_shell_Omega=     19.6856 meV  off_shell_Omega=     19.6856 meV
     lambda___(   2 )=       0.000000   gamma___=       0.000000 meV  omega=     60.2879 meV   on_shell_Omega=     60.2933 meV  off_shell_Omega=     60.2933 meV
     lambda_tr(   2 )=       0.000000   gamma_tr=       0.000000 meV  omega=     60.2879 meV   on_shell_Omega=     60.2933 meV  off_shell_Omega=     60.2933 meV
     lambda___(   3 )=       0.000000   gamma___=       0.000000 meV  omega=     98.3670 meV   on_shell_Omega=     98.3790 meV  off_shell_Omega=     98.3790 meV
     lambda_tr(   3 )=       0.000000   gamma_tr=       0.000000 meV  omega=     98.3670 meV   on_shell_Omega=     98.3790 meV  off_shell_Omega=     98.3790 meV
     lambda___(   4 )=       0.000000   gamma___=       0.000000 meV  omega=    101.4990 meV   on_shell_Omega=    101.5153 meV  off_shell_Omega=    101.5153 meV
     lambda_tr(   4 )=       0.000000   gamma_tr=       0.000000 meV  omega=    101.4990 meV   on_shell_Omega=    101.5153 meV  off_shell_Omega=    101.5153 meV
     lambda___(   5 )=       0.000000   gamma___=       0.000000 meV  omega=    182.2466 meV   on_shell_Omega=    182.3958 meV  off_shell_Omega=    182.3356 meV
     lambda_tr(   5 )=       0.000000   gamma_tr=       0.000000 meV  omega=    182.2466 meV   on_shell_Omega=    182.3958 meV  off_shell_Omega=    182.3356 meV
     lambda___(   6 )=       0.000000   gamma___=       0.000000 meV  omega=    197.3939 meV   on_shell_Omega=    197.5406 meV  off_shell_Omega=    197.4903 meV
     lambda_tr(   6 )=       0.000000   gamma_tr=       0.000000 meV  omega=    197.3939 meV   on_shell_Omega=    197.5406 meV  off_shell_Omega=    197.4903 meV
     lambda___( tot )=       0.000000
     lambda_tr( tot )=       0.000000
     -------------------------------------------------------------------


     Number of (k,k+q) pairs on the Fermi surface:      302 out of      324


     ismear =     1 iq =     259 coord.:   0.77778  0.33333  0.00000 wt:   0.00309 Temp:  300.000K
     -------------------------------------------------------------------
     lambda___(   1 )=       0.000000   gamma___=       0.000000 meV  omega=     25.6008 meV   on_shell_Omega=     25.6293 meV  off_shell_Omega=     25.6293 meV
     lambda_tr(   1 )=       0.000000   gamma_tr=       0.000000 meV  omega=     25.6008 meV   on_shell_Omega=     25.6293 meV  off_shell_Omega=     25.6293 meV
     lambda___(   2 )=       0.000000   gamma___=       0.000000 meV  omega=     71.9880 meV   on_shell_Omega=     72.0110 meV  off_shell_Omega=     72.0110 meV
     lambda_tr(   2 )=       0.000000   gamma_tr=       0.000000 meV  omega=     71.9880 meV   on_shell_Omega=     72.0110 meV  off_shell_Omega=     72.0110 meV
     lambda___(   3 )=       0.000000   gamma___=       0.000000 meV  omega=     98.6268 meV   on_shell_Omega=     98.6548 meV  off_shell_Omega=     98.6548 meV
     lambda_tr(   3 )=       0.000000   gamma_tr=       0.000000 meV  omega=     98.6268 meV   on_shell_Omega=     98.6548 meV  off_shell_Omega=     98.6548 meV
     lambda___(   4 )=       0.000000   gamma___=       0.000000 meV  omega=    108.3211 meV   on_shell_Omega=    108.3278 meV  off_shell_Omega=    108.3278 meV
     lambda_tr(   4 )=       0.000000   gamma_tr=       0.000000 meV  omega=    108.3211 meV   on_shell_Omega=    108.3278 meV  off_shell_Omega=    108.3278 meV
     lambda___(   5 )=       0.000000   gamma___=       0.000000 meV  omega=    178.9700 meV   on_shell_Omega=    179.1422 meV  off_shell_Omega=    179.0574 meV
     lambda_tr(   5 )=       0.000000   gamma_tr=       0.000000 meV  omega=    178.9700 meV   on_shell_Omega=    179.1422 meV  off_shell_Omega=    179.0574 meV
     lambda___(   6 )=       0.000000   gamma___=       0.000000 meV  omega=    193.9468 meV   on_shell_Omega=    194.0540 meV  off_shell_Omega=    194.0540 meV
     lambda_tr(   6 )=       0.000000   gamma_tr=       0.000000 meV  omega=    193.9468 meV   on_shell_Omega=    194.0540 meV  off_shell_Omega=    194.0540 meV
     lambda___( tot )=       0.000000
     lambda_tr( tot )=       0.000000
     -------------------------------------------------------------------


     Number of (k,k+q) pairs on the Fermi surface:      302 out of      324


     ismear =     1 iq =     260 coord.:   0.77778  0.38889  0.00000 wt:   0.00309 Temp:  300.000K
     -------------------------------------------------------------------
     lambda___(   1 )=       0.000000   gamma___=       0.000000 meV  omega=     32.2346 meV   on_shell_Omega=     32.2633 meV  off_shell_Omega=     32.2633 meV
     lambda_tr(   1 )=       0.000000   gamma_tr=       0.000000 meV  omega=     32.2346 meV   on_shell_Omega=     32.2633 meV  off_shell_Omega=     32.2633 meV
     lambda___(   2 )=       0.000000   gamma___=       0.000000 meV  omega=     84.6431 meV   on_shell_Omega=     84.6786 meV  off_shell_Omega=     84.6786 meV
     lambda_tr(   2 )=       0.000000   gamma_tr=       0.000000 meV  omega=     84.6431 meV   on_shell_Omega=     84.6786 meV  off_shell_Omega=     84.6786 meV
     lambda___(   3 )=       0.000000   gamma___=       0.000000 meV  omega=     94.7504 meV   on_shell_Omega=     94.7979 meV  off_shell_Omega=     94.7979 meV
     lambda_tr(   3 )=       0.000000   gamma_tr=       0.000000 meV  omega=     94.7504 meV   on_shell_Omega=     94.7979 meV  off_shell_Omega=     94.7979 meV
     lambda___(   4 )=       0.000000   gamma___=       0.000000 meV  omega=    117.3104 meV   on_shell_Omega=    117.3196 meV  off_shell_Omega=    117.3196 meV
     lambda_tr(   4 )=       0.000000   gamma_tr=       0.000000 meV  omega=    117.3104 meV   on_shell_Omega=    117.3196 meV  off_shell_Omega=    117.3196 meV
     lambda___(   5 )=       0.000000   gamma___=       0.000000 meV  omega=    175.8863 meV   on_shell_Omega=    176.0583 meV  off_shell_Omega=    175.9722 meV
     lambda_tr(   5 )=       0.000000   gamma_tr=       0.000000 meV  omega=    175.8863 meV   on_shell_Omega=    176.0583 meV  off_shell_Omega=    175.9722 meV
     lambda___(   6 )=       0.000000   gamma___=       0.000000 meV  omega=    189.0811 meV   on_shell_Omega=    189.1519 meV  off_shell_Omega=    189.1519 meV
     lambda_tr(   6 )=       0.000000   gamma_tr=       0.000000 meV  omega=    189.0811 meV   on_shell_Omega=    189.1519 meV  off_shell_Omega=    189.1519 meV
     lambda___( tot )=       0.000000
     lambda_tr( tot )=       0.000000
     -------------------------------------------------------------------


     Number of (k,k+q) pairs on the Fermi surface:      302 out of      324


     ismear =     1 iq =     261 coord.:   0.77778  0.44444  0.00000 wt:   0.00309 Temp:  300.000K
     -------------------------------------------------------------------
     lambda___(   1 )=       0.000000   gamma___=       0.000000 meV  omega=     39.4642 meV   on_shell_Omega=     39.4407 meV  off_shell_Omega=     39.4407 meV
     lambda_tr(   1 )=       0.000000   gamma_tr=       0.000000 meV  omega=     39.4642 meV   on_shell_Omega=     39.4407 meV  off_shell_Omega=     39.4407 meV
     lambda___(   2 )=       0.000000   gamma___=       0.000000 meV  omega=     89.7940 meV   on_shell_Omega=     89.8612 meV  off_shell_Omega=     89.8612 meV
     lambda_tr(   2 )=       0.000000   gamma_tr=       0.000000 meV  omega=     89.7940 meV   on_shell_Omega=     89.8612 meV  off_shell_Omega=     89.8612 meV
     lambda___(   3 )=       0.000000   gamma___=       0.000000 meV  omega=     95.7184 meV   on_shell_Omega=     95.7525 meV  off_shell_Omega=     95.7525 meV
     lambda_tr(   3 )=       0.000000   gamma_tr=       0.000000 meV  omega=     95.7184 meV   on_shell_Omega=     95.7525 meV  off_shell_Omega=     95.7525 meV
     lambda___(   4 )=       0.000000   gamma___=       0.000000 meV  omega=    125.9998 meV   on_shell_Omega=    126.0227 meV  off_shell_Omega=    126.0227 meV
     lambda_tr(   4 )=       0.000000   gamma_tr=       0.000000 meV  omega=    125.9998 meV   on_shell_Omega=    126.0227 meV  off_shell_Omega=    126.0227 meV
     lambda___(   5 )=       0.000000   gamma___=       0.000000 meV  omega=    173.2748 meV   on_shell_Omega=    173.4788 meV  off_shell_Omega=    173.3594 meV
     lambda_tr(   5 )=       0.000000   gamma_tr=       0.000000 meV  omega=    173.2748 meV   on_shell_Omega=    173.4788 meV  off_shell_Omega=    173.3594 meV
     lambda___(   6 )=       0.000000   gamma___=       0.000000 meV  omega=    183.0142 meV   on_shell_Omega=    183.0567 meV  off_shell_Omega=    183.0567 meV
     lambda_tr(   6 )=       0.000000   gamma_tr=       0.000000 meV  omega=    183.0142 meV   on_shell_Omega=    183.0567 meV  off_shell_Omega=    183.0567 meV
     lambda___( tot )=       0.000000
     lambda_tr( tot )=       0.000000
     -------------------------------------------------------------------


     Number of (k,k+q) pairs on the Fermi surface:      302 out of      324


     ismear =     1 iq =     262 coord.:   0.77778  0.50000  0.00000 wt:   0.00309 Temp:  300.000K
     -------------------------------------------------------------------
     lambda___(   1 )=       0.000000   gamma___=       0.000000 meV  omega=     47.2514 meV   on_shell_Omega=     47.2154 meV  off_shell_Omega=     47.2154 meV
     lambda_tr(   1 )=       0.000000   gamma_tr=       0.000000 meV  omega=     47.2514 meV   on_shell_Omega=     47.2154 meV  off_shell_Omega=     47.2154 meV
     lambda___(   2 )=       0.000000   gamma___=       0.000000 meV  omega=     83.7554 meV   on_shell_Omega=     83.8435 meV  off_shell_Omega=     83.8435 meV
     lambda_tr(   2 )=       0.000000   gamma_tr=       0.000000 meV  omega=     83.7554 meV   on_shell_Omega=     83.8435 meV  off_shell_Omega=     83.8435 meV
     lambda___(   3 )=       0.000000   gamma___=       0.000000 meV  omega=    103.7539 meV   on_shell_Omega=    103.7728 meV  off_shell_Omega=    103.7728 meV
     lambda_tr(   3 )=       0.000000   gamma_tr=       0.000000 meV  omega=    103.7539 meV   on_shell_Omega=    103.7728 meV  off_shell_Omega=    103.7728 meV
     lambda___(   4 )=       0.000000   gamma___=       0.000000 meV  omega=    135.5385 meV   on_shell_Omega=    135.5569 meV  off_shell_Omega=    135.5569 meV
     lambda_tr(   4 )=       0.000000   gamma_tr=       0.000000 meV  omega=    135.5385 meV   on_shell_Omega=    135.5569 meV  off_shell_Omega=    135.5569 meV
     lambda___(   5 )=       0.000000   gamma___=       0.000000 meV  omega=    170.6035 meV   on_shell_Omega=    170.7298 meV  off_shell_Omega=    170.7298 meV
     lambda_tr(   5 )=       0.000000   gamma_tr=       0.000000 meV  omega=    170.6035 meV   on_shell_Omega=    170.7298 meV  off_shell_Omega=    170.7298 meV
     lambda___(   6 )=       0.000000   gamma___=       0.000000 meV  omega=    175.6140 meV   on_shell_Omega=    175.6461 meV  off_shell_Omega=    175.6461 meV
     lambda_tr(   6 )=       0.000000   gamma_tr=       0.000000 meV  omega=    175.6140 meV   on_shell_Omega=    175.6461 meV  off_shell_Omega=    175.6461 meV
     lambda___( tot )=       0.000000
     lambda_tr( tot )=       0.000000
     -------------------------------------------------------------------


     Number of (k,k+q) pairs on the Fermi surface:      302 out of      324


     ismear =     1 iq =     263 coord.:   0.77778  0.55556  0.00000 wt:   0.00309 Temp:  300.000K
     -------------------------------------------------------------------
     lambda___(   1 )=       0.000000   gamma___=       0.000000 meV  omega=     54.9798 meV   on_shell_Omega=     54.9769 meV  off_shell_Omega=     54.9769 meV
     lambda_tr(   1 )=       0.000000   gamma_tr=       0.000000 meV  omega=     54.9798 meV   on_shell_Omega=     54.9769 meV  off_shell_Omega=     54.9769 meV
     lambda___(   2 )=       0.000000   gamma___=       0.000000 meV  omega=     77.1488 meV   on_shell_Omega=     77.2511 meV  off_shell_Omega=     77.2511 meV
     lambda_tr(   2 )=       0.000000   gamma_tr=       0.000000 meV  omega=     77.1488 meV   on_shell_Omega=     77.2511 meV  off_shell_Omega=     77.2511 meV
     lambda___(   3 )=       0.000000   gamma___=       0.000000 meV  omega=    108.6012 meV   on_shell_Omega=    108.6051 meV  off_shell_Omega=    108.6051 meV
     lambda_tr(   3 )=       0.000000   gamma_tr=       0.000000 meV  omega=    108.6012 meV   on_shell_Omega=    108.6051 meV  off_shell_Omega=    108.6051 meV
     lambda___(   4 )=       0.000000   gamma___=       0.000000 meV  omega=    145.7799 meV   on_shell_Omega=    145.7982 meV  off_shell_Omega=    145.7982 meV
     lambda_tr(   4 )=       0.000000   gamma_tr=       0.000000 meV  omega=    145.7799 meV   on_shell_Omega=    145.7982 meV  off_shell_Omega=    145.7982 meV
     lambda___(   5 )=       0.000000   gamma___=       0.000000 meV  omega=    166.9099 meV   on_shell_Omega=    166.9270 meV  off_shell_Omega=    166.9270 meV
     lambda_tr(   5 )=       0.000000   gamma_tr=       0.000000 meV  omega=    166.9099 meV   on_shell_Omega=    166.9270 meV  off_shell_Omega=    166.9270 meV
     lambda___(   6 )=       0.000000   gamma___=       0.000000 meV  omega=    168.0393 meV   on_shell_Omega=    168.2284 meV  off_shell_Omega=    168.1213 meV
     lambda_tr(   6 )=       0.000000   gamma_tr=       0.000000 meV  omega=    168.0393 meV   on_shell_Omega=    168.2284 meV  off_shell_Omega=    168.1213 meV
     lambda___( tot )=       0.000000
     lambda_tr( tot )=       0.000000
     -------------------------------------------------------------------


     Number of (k,k+q) pairs on the Fermi surface:      302 out of      324


     ismear =     1 iq =     264 coord.:   0.77778  0.61111  0.00000 wt:   0.00309 Temp:  300.000K
     -------------------------------------------------------------------
     lambda___(   1 )=       0.000000   gamma___=       0.000000 meV  omega=     59.4233 meV   on_shell_Omega=     59.4014 meV  off_shell_Omega=     59.4014 meV
     lambda_tr(   1 )=       0.000000   gamma_tr=       0.000000 meV  omega=     59.4233 meV   on_shell_Omega=     59.4014 meV  off_shell_Omega=     59.4014 meV
     lambda___(   2 )=       0.000000   gamma___=       0.000000 meV  omega=     73.0929 meV   on_shell_Omega=     73.1972 meV  off_shell_Omega=     73.1972 meV
     lambda_tr(   2 )=       0.000000   gamma_tr=       0.000000 meV  omega=     73.0929 meV   on_shell_Omega=     73.1972 meV  off_shell_Omega=     73.1972 meV
     lambda___(   3 )=       0.000000   gamma___=       0.000000 meV  omega=    110.2761 meV   on_shell_Omega=    110.2775 meV  off_shell_Omega=    110.2775 meV
     lambda_tr(   3 )=       0.000000   gamma_tr=       0.000000 meV  omega=    110.2761 meV   on_shell_Omega=    110.2775 meV  off_shell_Omega=    110.2775 meV
     lambda___(   4 )=       0.000000   gamma___=       0.000000 meV  omega=    153.8144 meV   on_shell_Omega=    153.8001 meV  off_shell_Omega=    153.8001 meV
     lambda_tr(   4 )=       0.000000   gamma_tr=       0.000000 meV  omega=    153.8144 meV   on_shell_Omega=    153.8001 meV  off_shell_Omega=    153.8001 meV
     lambda___(   5 )=       0.000000   gamma___=       0.000000 meV  omega=    159.4471 meV   on_shell_Omega=    159.4950 meV  off_shell_Omega=    159.4950 meV
     lambda_tr(   5 )=       0.000000   gamma_tr=       0.000000 meV  omega=    159.4471 meV   on_shell_Omega=    159.4950 meV  off_shell_Omega=    159.4950 meV
     lambda___(   6 )=       0.000000   gamma___=       0.000000 meV  omega=    166.8558 meV   on_shell_Omega=    167.1759 meV  off_shell_Omega=    167.1410 meV
     lambda_tr(   6 )=       0.000000   gamma_tr=       0.000000 meV  omega=    166.8558 meV   on_shell_Omega=    167.1759 meV  off_shell_Omega=    167.1410 meV
     lambda___( tot )=       0.000000
     lambda_tr( tot )=       0.000000
     -------------------------------------------------------------------


     Number of (k,k+q) pairs on the Fermi surface:      302 out of      324


     ismear =     1 iq =     265 coord.:   0.77778  0.66667  0.00000 wt:   0.00309 Temp:  300.000K
     -------------------------------------------------------------------
     lambda___(   1 )=       0.000000   gamma___=       0.000000 meV  omega=     54.9798 meV   on_shell_Omega=     54.9200 meV  off_shell_Omega=     54.9200 meV
     lambda_tr(   1 )=       0.000000   gamma_tr=       0.000000 meV  omega=     54.9798 meV   on_shell_Omega=     54.9200 meV  off_shell_Omega=     54.9200 meV
     lambda___(   2 )=       0.000000   gamma___=       0.000000 meV  omega=     77.1488 meV   on_shell_Omega=     77.2640 meV  off_shell_Omega=     77.2640 meV
     lambda_tr(   2 )=       0.000000   gamma_tr=       0.000000 meV  omega=     77.1488 meV   on_shell_Omega=     77.2640 meV  off_shell_Omega=     77.2640 meV
     lambda___(   3 )=       0.000000   gamma___=       0.000000 meV  omega=    108.6012 meV   on_shell_Omega=    108.6082 meV  off_shell_Omega=    108.6082 meV
     lambda_tr(   3 )=       0.000000   gamma_tr=       0.000000 meV  omega=    108.6012 meV   on_shell_Omega=    108.6082 meV  off_shell_Omega=    108.6082 meV
     lambda___(   4 )=       0.000000   gamma___=       0.000000 meV  omega=    145.7799 meV   on_shell_Omega=    145.8091 meV  off_shell_Omega=    145.8091 meV
     lambda_tr(   4 )=       0.000000   gamma_tr=       0.000000 meV  omega=    145.7799 meV   on_shell_Omega=    145.8091 meV  off_shell_Omega=    145.8091 meV
     lambda___(   5 )=       0.000000   gamma___=       0.000000 meV  omega=    166.9099 meV   on_shell_Omega=    166.9325 meV  off_shell_Omega=    166.9325 meV
     lambda_tr(   5 )=       0.000000   gamma_tr=       0.000000 meV  omega=    166.9099 meV   on_shell_Omega=    166.9325 meV  off_shell_Omega=    166.9325 meV
     lambda___(   6 )=       0.000000   gamma___=       0.000000 meV  omega=    168.0393 meV   on_shell_Omega=    168.3903 meV  off_shell_Omega=    168.3264 meV
     lambda_tr(   6 )=       0.000000   gamma_tr=       0.000000 meV  omega=    168.0393 meV   on_shell_Omega=    168.3903 meV  off_shell_Omega=    168.3264 meV
     lambda___( tot )=       0.000000
     lambda_tr( tot )=       0.000000
     -------------------------------------------------------------------


     Number of (k,k+q) pairs on the Fermi surface:      302 out of      324


     ismear =     1 iq =     266 coord.:   0.77778  0.72222  0.00000 wt:   0.00309 Temp:  300.000K
     -------------------------------------------------------------------
     lambda___(   1 )=       0.000000   gamma___=       0.000000 meV  omega=     47.2514 meV   on_shell_Omega=     47.2328 meV  off_shell_Omega=     47.2328 meV
     lambda_tr(   1 )=       0.000000   gamma_tr=       0.000000 meV  omega=     47.2514 meV   on_shell_Omega=     47.2328 meV  off_shell_Omega=     47.2328 meV
     lambda___(   2 )=       0.000000   gamma___=       0.000000 meV  omega=     83.7554 meV   on_shell_Omega=     83.8363 meV  off_shell_Omega=     83.8363 meV
     lambda_tr(   2 )=       0.000000   gamma_tr=       0.000000 meV  omega=     83.7554 meV   on_shell_Omega=     83.8363 meV  off_shell_Omega=     83.8363 meV
     lambda___(   3 )=       0.000000   gamma___=       0.000000 meV  omega=    103.7539 meV   on_shell_Omega=    103.7721 meV  off_shell_Omega=    103.7721 meV
     lambda_tr(   3 )=       0.000000   gamma_tr=       0.000000 meV  omega=    103.7539 meV   on_shell_Omega=    103.7721 meV  off_shell_Omega=    103.7721 meV
     lambda___(   4 )=       0.000000   gamma___=       0.000000 meV  omega=    135.5385 meV   on_shell_Omega=    135.5710 meV  off_shell_Omega=    135.5710 meV
     lambda_tr(   4 )=       0.000000   gamma_tr=       0.000000 meV  omega=    135.5385 meV   on_shell_Omega=    135.5710 meV  off_shell_Omega=    135.5710 meV
     lambda___(   5 )=       0.000000   gamma___=       0.000000 meV  omega=    170.6035 meV   on_shell_Omega=    170.8830 meV  off_shell_Omega=    170.8951 meV
     lambda_tr(   5 )=       0.000000   gamma_tr=       0.000000 meV  omega=    170.6035 meV   on_shell_Omega=    170.8830 meV  off_shell_Omega=    170.8951 meV
     lambda___(   6 )=       0.000000   gamma___=       0.000000 meV  omega=    175.6140 meV   on_shell_Omega=    175.6473 meV  off_shell_Omega=    175.6473 meV
     lambda_tr(   6 )=       0.000000   gamma_tr=       0.000000 meV  omega=    175.6140 meV   on_shell_Omega=    175.6473 meV  off_shell_Omega=    175.6473 meV
     lambda___( tot )=       0.000000
     lambda_tr( tot )=       0.000000
     -------------------------------------------------------------------


     Number of (k,k+q) pairs on the Fermi surface:      302 out of      324


     ismear =     1 iq =     267 coord.:   0.77778  0.77778  0.00000 wt:   0.00309 Temp:  300.000K
     -------------------------------------------------------------------
     lambda___(   1 )=      -0.000000   gamma___=      -0.000000 meV  omega=     39.4642 meV   on_shell_Omega=     39.4966 meV  off_shell_Omega=     39.4966 meV
     lambda_tr(   1 )=      -0.000000   gamma_tr=      -0.000000 meV  omega=     39.4642 meV   on_shell_Omega=     39.4966 meV  off_shell_Omega=     39.4966 meV
     lambda___(   2 )=      -0.000000   gamma___=      -0.000000 meV  omega=     89.7940 meV   on_shell_Omega=     89.8467 meV  off_shell_Omega=     89.8467 meV
     lambda_tr(   2 )=      -0.000000   gamma_tr=      -0.000000 meV  omega=     89.7940 meV   on_shell_Omega=     89.8467 meV  off_shell_Omega=     89.8467 meV
     lambda___(   3 )=      -0.000000   gamma___=      -0.000000 meV  omega=     95.7184 meV   on_shell_Omega=     95.7506 meV  off_shell_Omega=     95.7506 meV
     lambda_tr(   3 )=      -0.000000   gamma_tr=      -0.000000 meV  omega=     95.7184 meV   on_shell_Omega=     95.7506 meV  off_shell_Omega=     95.7506 meV
     lambda___(   4 )=      -0.000000   gamma___=      -0.000000 meV  omega=    125.9998 meV   on_shell_Omega=    126.0245 meV  off_shell_Omega=    126.0245 meV
     lambda_tr(   4 )=      -0.000000   gamma_tr=      -0.000000 meV  omega=    125.9998 meV   on_shell_Omega=    126.0245 meV  off_shell_Omega=    126.0245 meV
     lambda___(   5 )=      -0.000000   gamma___=      -0.000000 meV  omega=    173.2748 meV   on_shell_Omega=    173.5622 meV  off_shell_Omega=    173.5709 meV
     lambda_tr(   5 )=      -0.000000   gamma_tr=      -0.000000 meV  omega=    173.2748 meV   on_shell_Omega=    173.5622 meV  off_shell_Omega=    173.5709 meV
     lambda___(   6 )=       0.000000   gamma___=       0.000000 meV  omega=    183.0142 meV   on_shell_Omega=    183.0545 meV  off_shell_Omega=    183.0545 meV
     lambda_tr(   6 )=       0.000000   gamma_tr=       0.000000 meV  omega=    183.0142 meV   on_shell_Omega=    183.0545 meV  off_shell_Omega=    183.0545 meV
     lambda___( tot )=      -0.000000
     lambda_tr( tot )=      -0.000000
     -------------------------------------------------------------------


     Number of (k,k+q) pairs on the Fermi surface:      303 out of      324


     ismear =     1 iq =     268 coord.:   0.77778  0.83333  0.00000 wt:   0.00309 Temp:  300.000K
     -------------------------------------------------------------------
     lambda___(   1 )=       0.000000   gamma___=       0.000000 meV  omega=     32.2346 meV   on_shell_Omega=     32.2944 meV  off_shell_Omega=     32.2944 meV
     lambda_tr(   1 )=       0.000000   gamma_tr=       0.000000 meV  omega=     32.2346 meV   on_shell_Omega=     32.2944 meV  off_shell_Omega=     32.2944 meV
     lambda___(   2 )=       0.000000   gamma___=       0.000000 meV  omega=     84.6431 meV   on_shell_Omega=     84.6788 meV  off_shell_Omega=     84.6788 meV
     lambda_tr(   2 )=       0.000000   gamma_tr=       0.000000 meV  omega=     84.6431 meV   on_shell_Omega=     84.6788 meV  off_shell_Omega=     84.6788 meV
     lambda___(   3 )=       0.000000   gamma___=       0.000000 meV  omega=     94.7504 meV   on_shell_Omega=     94.7963 meV  off_shell_Omega=     94.7963 meV
     lambda_tr(   3 )=       0.000000   gamma_tr=       0.000000 meV  omega=     94.7504 meV   on_shell_Omega=     94.7963 meV  off_shell_Omega=     94.7963 meV
     lambda___(   4 )=       0.000000   gamma___=       0.000000 meV  omega=    117.3104 meV   on_shell_Omega=    117.3253 meV  off_shell_Omega=    117.3253 meV
     lambda_tr(   4 )=       0.000000   gamma_tr=       0.000000 meV  omega=    117.3104 meV   on_shell_Omega=    117.3253 meV  off_shell_Omega=    117.3253 meV
     lambda___(   5 )=       0.000000   gamma___=       0.000000 meV  omega=    175.8863 meV   on_shell_Omega=    176.2046 meV  off_shell_Omega=    176.1869 meV
     lambda_tr(   5 )=       0.000000   gamma_tr=       0.000000 meV  omega=    175.8863 meV   on_shell_Omega=    176.2046 meV  off_shell_Omega=    176.1869 meV
     lambda___(   6 )=       0.000000   gamma___=       0.000000 meV  omega=    189.0811 meV   on_shell_Omega=    189.1516 meV  off_shell_Omega=    189.1516 meV
     lambda_tr(   6 )=       0.000000   gamma_tr=       0.000000 meV  omega=    189.0811 meV   on_shell_Omega=    189.1516 meV  off_shell_Omega=    189.1516 meV
     lambda___( tot )=       0.000000
     lambda_tr( tot )=       0.000000
     -------------------------------------------------------------------


     Number of (k,k+q) pairs on the Fermi surface:      303 out of      324


     ismear =     1 iq =     269 coord.:   0.77778  0.88889  0.00000 wt:   0.00309 Temp:  300.000K
     -------------------------------------------------------------------
     lambda___(   1 )=      -0.000000   gamma___=      -0.000000 meV  omega=     25.6008 meV   on_shell_Omega=     25.6160 meV  off_shell_Omega=     25.6160 meV
     lambda_tr(   1 )=      -0.000000   gamma_tr=      -0.000000 meV  omega=     25.6008 meV   on_shell_Omega=     25.6160 meV  off_shell_Omega=     25.6160 meV
     lambda___(   2 )=       0.000000   gamma___=       0.000000 meV  omega=     71.9880 meV   on_shell_Omega=     72.0165 meV  off_shell_Omega=     72.0165 meV
     lambda_tr(   2 )=       0.000000   gamma_tr=       0.000000 meV  omega=     71.9880 meV   on_shell_Omega=     72.0165 meV  off_shell_Omega=     72.0165 meV
     lambda___(   3 )=       0.000000   gamma___=       0.000000 meV  omega=     98.6268 meV   on_shell_Omega=     98.6622 meV  off_shell_Omega=     98.6622 meV
     lambda_tr(   3 )=       0.000000   gamma_tr=       0.000000 meV  omega=     98.6268 meV   on_shell_Omega=     98.6622 meV  off_shell_Omega=     98.6622 meV
     lambda___(   4 )=       0.000000   gamma___=       0.000000 meV  omega=    108.3211 meV   on_shell_Omega=    108.3287 meV  off_shell_Omega=    108.3287 meV
     lambda_tr(   4 )=       0.000000   gamma_tr=       0.000000 meV  omega=    108.3211 meV   on_shell_Omega=    108.3287 meV  off_shell_Omega=    108.3287 meV
     lambda___(   5 )=       0.000000   gamma___=       0.000000 meV  omega=    178.9700 meV   on_shell_Omega=    179.2218 meV  off_shell_Omega=    179.2758 meV
     lambda_tr(   5 )=       0.000000   gamma_tr=       0.000000 meV  omega=    178.9700 meV   on_shell_Omega=    179.2218 meV  off_shell_Omega=    179.2758 meV
     lambda___(   6 )=       0.000000   gamma___=       0.000000 meV  omega=    193.9468 meV   on_shell_Omega=    194.0732 meV  off_shell_Omega=    194.0732 meV
     lambda_tr(   6 )=       0.000000   gamma_tr=       0.000000 meV  omega=    193.9468 meV   on_shell_Omega=    194.0732 meV  off_shell_Omega=    194.0732 meV
     lambda___( tot )=       0.000000
     lambda_tr( tot )=       0.000000
     -------------------------------------------------------------------


     Number of (k,k+q) pairs on the Fermi surface:      302 out of      324


     ismear =     1 iq =     270 coord.:   0.77778  0.94444  0.00000 wt:   0.00309 Temp:  300.000K
     -------------------------------------------------------------------
     lambda___(   1 )=       0.000000   gamma___=       0.000000 meV  omega=     19.6520 meV   on_shell_Omega=     19.7001 meV  off_shell_Omega=     19.7001 meV
     lambda_tr(   1 )=       0.000000   gamma_tr=       0.000000 meV  omega=     19.6520 meV   on_shell_Omega=     19.7001 meV  off_shell_Omega=     19.7001 meV
     lambda___(   2 )=       0.000000   gamma___=       0.000000 meV  omega=     60.2879 meV   on_shell_Omega=     60.2921 meV  off_shell_Omega=     60.2921 meV
     lambda_tr(   2 )=       0.000000   gamma_tr=       0.000000 meV  omega=     60.2879 meV   on_shell_Omega=     60.2921 meV  off_shell_Omega=     60.2921 meV
     lambda___(   3 )=       0.000000   gamma___=       0.000000 meV  omega=     98.3670 meV   on_shell_Omega=     98.3885 meV  off_shell_Omega=     98.3885 meV
     lambda_tr(   3 )=       0.000000   gamma_tr=       0.000000 meV  omega=     98.3670 meV   on_shell_Omega=     98.3885 meV  off_shell_Omega=     98.3885 meV
     lambda___(   4 )=       0.000000   gamma___=       0.000000 meV  omega=    101.4990 meV   on_shell_Omega=    101.5122 meV  off_shell_Omega=    101.5122 meV
     lambda_tr(   4 )=       0.000000   gamma_tr=       0.000000 meV  omega=    101.4990 meV   on_shell_Omega=    101.5122 meV  off_shell_Omega=    101.5122 meV
     lambda___(   5 )=       0.000000   gamma___=       0.000000 meV  omega=    182.2466 meV   on_shell_Omega=    182.4053 meV  off_shell_Omega=    182.3356 meV
     lambda_tr(   5 )=       0.000000   gamma_tr=       0.000000 meV  omega=    182.2466 meV   on_shell_Omega=    182.4053 meV  off_shell_Omega=    182.3356 meV
     lambda___(   6 )=       0.000000   gamma___=       0.000000 meV  omega=    197.3939 meV   on_shell_Omega=    197.5697 meV  off_shell_Omega=    197.4903 meV
     lambda_tr(   6 )=       0.000000   gamma_tr=       0.000000 meV  omega=    197.3939 meV   on_shell_Omega=    197.5697 meV  off_shell_Omega=    197.4903 meV
     lambda___( tot )=       0.000000
     lambda_tr( tot )=       0.000000
     -------------------------------------------------------------------


     Number of (k,k+q) pairs on the Fermi surface:      303 out of      324


     ismear =     1 iq =     271 coord.:   0.83333  0.00000  0.00000 wt:   0.00309 Temp:  300.000K
     -------------------------------------------------------------------
     lambda___(   1 )=       0.000000   gamma___=       0.000000 meV  omega=      8.3280 meV   on_shell_Omega=      8.3418 meV  off_shell_Omega=      8.3418 meV
     lambda_tr(   1 )=       0.000000   gamma_tr=       0.000000 meV  omega=      8.3280 meV   on_shell_Omega=      8.3418 meV  off_shell_Omega=      8.3418 meV
     lambda___(   2 )=       0.000000   gamma___=       0.000000 meV  omega=     41.7169 meV   on_shell_Omega=     41.7136 meV  off_shell_Omega=     41.7136 meV
     lambda_tr(   2 )=       0.000000   gamma_tr=       0.000000 meV  omega=     41.7169 meV   on_shell_Omega=     41.7136 meV  off_shell_Omega=     41.7136 meV
     lambda___(   3 )=       0.000000   gamma___=       0.000000 meV  omega=     67.8271 meV   on_shell_Omega=     67.8625 meV  off_shell_Omega=     67.8625 meV
     lambda_tr(   3 )=       0.000000   gamma_tr=       0.000000 meV  omega=     67.8271 meV   on_shell_Omega=     67.8625 meV  off_shell_Omega=     67.8625 meV
     lambda___(   4 )=       0.000000   gamma___=       0.000000 meV  omega=    105.8192 meV   on_shell_Omega=    105.8201 meV  off_shell_Omega=    105.8201 meV
     lambda_tr(   4 )=       0.000000   gamma_tr=       0.000000 meV  omega=    105.8192 meV   on_shell_Omega=    105.8201 meV  off_shell_Omega=    105.8201 meV
     lambda___(   5 )=       0.000000   gamma___=       0.000000 meV  omega=    188.4072 meV   on_shell_Omega=    188.6580 meV  off_shell_Omega=    188.7292 meV
     lambda_tr(   5 )=       0.000000   gamma_tr=       0.000000 meV  omega=    188.4072 meV   on_shell_Omega=    188.6580 meV  off_shell_Omega=    188.7292 meV
     lambda___(   6 )=       0.000000   gamma___=       0.000000 meV  omega=    199.4475 meV   on_shell_Omega=    199.8358 meV  off_shell_Omega=    199.7883 meV
     lambda_tr(   6 )=       0.000000   gamma_tr=       0.000000 meV  omega=    199.4475 meV   on_shell_Omega=    199.8358 meV  off_shell_Omega=    199.7883 meV
     lambda___( tot )=       0.000000
     lambda_tr( tot )=       0.000000
     -------------------------------------------------------------------


     Number of (k,k+q) pairs on the Fermi surface:      302 out of      324


     ismear =     1 iq =     272 coord.:   0.83333  0.05556  0.00000 wt:   0.00309 Temp:  300.000K
     -------------------------------------------------------------------
     lambda___(   1 )=      -0.000000   gamma___=      -0.000000 meV  omega=      6.9065 meV   on_shell_Omega=      6.9841 meV  off_shell_Omega=      6.9841 meV
     lambda_tr(   1 )=      -0.000000   gamma_tr=      -0.000000 meV  omega=      6.9065 meV   on_shell_Omega=      6.9841 meV  off_shell_Omega=      6.9841 meV
     lambda___(   2 )=       0.000000   gamma___=       0.000000 meV  omega=     38.7189 meV   on_shell_Omega=     38.7541 meV  off_shell_Omega=     38.7541 meV
     lambda_tr(   2 )=       0.000000   gamma_tr=       0.000000 meV  omega=     38.7189 meV   on_shell_Omega=     38.7541 meV  off_shell_Omega=     38.7541 meV
     lambda___(   3 )=       0.000000   gamma___=       0.000000 meV  omega=     60.3672 meV   on_shell_Omega=     60.3769 meV  off_shell_Omega=     60.3769 meV
     lambda_tr(   3 )=       0.000000   gamma_tr=       0.000000 meV  omega=     60.3672 meV   on_shell_Omega=     60.3769 meV  off_shell_Omega=     60.3769 meV
     lambda___(   4 )=       0.000000   gamma___=       0.000000 meV  omega=    106.4328 meV   on_shell_Omega=    106.4380 meV  off_shell_Omega=    106.4380 meV
     lambda_tr(   4 )=       0.000000   gamma_tr=       0.000000 meV  omega=    106.4328 meV   on_shell_Omega=    106.4380 meV  off_shell_Omega=    106.4380 meV
     lambda___(   5 )=       0.000000   gamma___=       0.000000 meV  omega=    189.4408 meV   on_shell_Omega=    189.7197 meV  off_shell_Omega=    189.7645 meV
     lambda_tr(   5 )=       0.000000   gamma_tr=       0.000000 meV  omega=    189.4408 meV   on_shell_Omega=    189.7197 meV  off_shell_Omega=    189.7645 meV
     lambda___(   6 )=       0.000000   gamma___=       0.000000 meV  omega=    198.7135 meV   on_shell_Omega=    199.0863 meV  off_shell_Omega=    199.0531 meV
     lambda_tr(   6 )=       0.000000   gamma_tr=       0.000000 meV  omega=    198.7135 meV   on_shell_Omega=    199.0863 meV  off_shell_Omega=    199.0531 meV
     lambda___( tot )=       0.000000
     lambda_tr( tot )=       0.000000
     -------------------------------------------------------------------


     Number of (k,k+q) pairs on the Fermi surface:      302 out of      324


     ismear =     1 iq =     273 coord.:   0.83333  0.11111  0.00000 wt:   0.00309 Temp:  300.000K
     -------------------------------------------------------------------
     lambda___(   1 )=       0.000000   gamma___=       0.000000 meV  omega=      6.9065 meV   on_shell_Omega=      6.9680 meV  off_shell_Omega=      6.9680 meV
     lambda_tr(   1 )=       0.000000   gamma_tr=       0.000000 meV  omega=      6.9065 meV   on_shell_Omega=      6.9680 meV  off_shell_Omega=      6.9680 meV
     lambda___(   2 )=       0.000000   gamma___=       0.000000 meV  omega=     38.7189 meV   on_shell_Omega=     38.7629 meV  off_shell_Omega=     38.7629 meV
     lambda_tr(   2 )=       0.000000   gamma_tr=       0.000000 meV  omega=     38.7189 meV   on_shell_Omega=     38.7629 meV  off_shell_Omega=     38.7629 meV
     lambda___(   3 )=       0.000000   gamma___=       0.000000 meV  omega=     60.3672 meV   on_shell_Omega=     60.3681 meV  off_shell_Omega=     60.3681 meV
     lambda_tr(   3 )=       0.000000   gamma_tr=       0.000000 meV  omega=     60.3672 meV   on_shell_Omega=     60.3681 meV  off_shell_Omega=     60.3681 meV
     lambda___(   4 )=       0.000000   gamma___=       0.000000 meV  omega=    106.4328 meV   on_shell_Omega=    106.4388 meV  off_shell_Omega=    106.4388 meV
     lambda_tr(   4 )=       0.000000   gamma_tr=       0.000000 meV  omega=    106.4328 meV   on_shell_Omega=    106.4388 meV  off_shell_Omega=    106.4388 meV
     lambda___(   5 )=       0.000000   gamma___=       0.000000 meV  omega=    189.4408 meV   on_shell_Omega=    189.6999 meV  off_shell_Omega=    189.7645 meV
     lambda_tr(   5 )=       0.000000   gamma_tr=       0.000000 meV  omega=    189.4408 meV   on_shell_Omega=    189.6999 meV  off_shell_Omega=    189.7645 meV
     lambda___(   6 )=       0.000000   gamma___=       0.000000 meV  omega=    198.7135 meV   on_shell_Omega=    199.1379 meV  off_shell_Omega=    199.0531 meV
     lambda_tr(   6 )=       0.000000   gamma_tr=       0.000000 meV  omega=    198.7135 meV   on_shell_Omega=    199.1379 meV  off_shell_Omega=    199.0531 meV
     lambda___( tot )=       0.000000
     lambda_tr( tot )=       0.000000
     -------------------------------------------------------------------


     Number of (k,k+q) pairs on the Fermi surface:      302 out of      324


     ismear =     1 iq =     274 coord.:   0.83333  0.16667  0.00000 wt:   0.00309 Temp:  300.000K
     -------------------------------------------------------------------
     lambda___(   1 )=       0.000000   gamma___=       0.000000 meV  omega=      8.3280 meV   on_shell_Omega=      8.3360 meV  off_shell_Omega=      8.3360 meV
     lambda_tr(   1 )=      -0.000000   gamma_tr=      -0.000000 meV  omega=      8.3280 meV   on_shell_Omega=      8.3360 meV  off_shell_Omega=      8.3360 meV
     lambda___(   2 )=       0.000000   gamma___=       0.000000 meV  omega=     41.7169 meV   on_shell_Omega=     41.7145 meV  off_shell_Omega=     41.7145 meV
     lambda_tr(   2 )=      -0.000000   gamma_tr=      -0.000000 meV  omega=     41.7169 meV   on_shell_Omega=     41.7145 meV  off_shell_Omega=     41.7145 meV
     lambda___(   3 )=       0.000000   gamma___=       0.000000 meV  omega=     67.8271 meV   on_shell_Omega=     67.8625 meV  off_shell_Omega=     67.8625 meV
     lambda_tr(   3 )=      -0.000000   gamma_tr=      -0.000000 meV  omega=     67.8271 meV   on_shell_Omega=     67.8625 meV  off_shell_Omega=     67.8625 meV
     lambda___(   4 )=       0.000000   gamma___=       0.000000 meV  omega=    105.8192 meV   on_shell_Omega=    105.8205 meV  off_shell_Omega=    105.8205 meV
     lambda_tr(   4 )=      -0.000000   gamma_tr=      -0.000000 meV  omega=    105.8192 meV   on_shell_Omega=    105.8205 meV  off_shell_Omega=    105.8205 meV
     lambda___(   5 )=       0.000000   gamma___=       0.000000 meV  omega=    188.4072 meV   on_shell_Omega=    188.6163 meV  off_shell_Omega=    188.4992 meV
     lambda_tr(   5 )=      -0.000000   gamma_tr=      -0.000000 meV  omega=    188.4072 meV   on_shell_Omega=    188.6163 meV  off_shell_Omega=    188.4992 meV
     lambda___(   6 )=       0.000000   gamma___=       0.000000 meV  omega=    199.4475 meV   on_shell_Omega=    199.8604 meV  off_shell_Omega=    199.7883 meV
     lambda_tr(   6 )=      -0.000000   gamma_tr=      -0.000000 meV  omega=    199.4475 meV   on_shell_Omega=    199.8604 meV  off_shell_Omega=    199.7883 meV
     lambda___( tot )=       0.000000
     lambda_tr( tot )=      -0.000000
     -------------------------------------------------------------------


     Number of (k,k+q) pairs on the Fermi surface:      302 out of      324


     ismear =     1 iq =     275 coord.:   0.83333  0.22222  0.00000 wt:   0.00309 Temp:  300.000K
     -------------------------------------------------------------------
     lambda___(   1 )=      -0.000000   gamma___=      -0.000000 meV  omega=     12.0105 meV   on_shell_Omega=     12.0347 meV  off_shell_Omega=     12.0347 meV
     lambda_tr(   1 )=      -0.000000   gamma_tr=      -0.000000 meV  omega=     12.0105 meV   on_shell_Omega=     12.0347 meV  off_shell_Omega=     12.0347 meV
     lambda___(   2 )=       0.000000   gamma___=       0.000000 meV  omega=     50.0813 meV   on_shell_Omega=     50.1037 meV  off_shell_Omega=     50.1037 meV
     lambda_tr(   2 )=       0.000000   gamma_tr=       0.000000 meV  omega=     50.0813 meV   on_shell_Omega=     50.1037 meV  off_shell_Omega=     50.1037 meV
     lambda___(   3 )=       0.000000   gamma___=       0.000000 meV  omega=     79.1106 meV   on_shell_Omega=     79.1165 meV  off_shell_Omega=     79.1165 meV
     lambda_tr(   3 )=       0.000000   gamma_tr=       0.000000 meV  omega=     79.1106 meV   on_shell_Omega=     79.1165 meV  off_shell_Omega=     79.1165 meV
     lambda___(   4 )=       0.000000   gamma___=       0.000000 meV  omega=    104.4708 meV   on_shell_Omega=    104.4784 meV  off_shell_Omega=    104.4784 meV
     lambda_tr(   4 )=       0.000000   gamma_tr=       0.000000 meV  omega=    104.4708 meV   on_shell_Omega=    104.4784 meV  off_shell_Omega=    104.4784 meV
     lambda___(   5 )=       0.000000   gamma___=       0.000000 meV  omega=    186.0446 meV   on_shell_Omega=    186.2129 meV  off_shell_Omega=    186.1354 meV
     lambda_tr(   5 )=       0.000000   gamma_tr=       0.000000 meV  omega=    186.0446 meV   on_shell_Omega=    186.2129 meV  off_shell_Omega=    186.1354 meV
     lambda___(   6 )=       0.000000   gamma___=       0.000000 meV  omega=    199.4970 meV   on_shell_Omega=    199.7458 meV  off_shell_Omega=    199.8379 meV
     lambda_tr(   6 )=       0.000000   gamma_tr=       0.000000 meV  omega=    199.4970 meV   on_shell_Omega=    199.7458 meV  off_shell_Omega=    199.8379 meV
     lambda___( tot )=       0.000000
     lambda_tr( tot )=       0.000000
     -------------------------------------------------------------------


     Number of (k,k+q) pairs on the Fermi surface:      302 out of      324


     ismear =     1 iq =     276 coord.:   0.83333  0.27778  0.00000 wt:   0.00309 Temp:  300.000K
     -------------------------------------------------------------------
     lambda___(   1 )=       0.000000   gamma___=       0.000000 meV  omega=     17.5670 meV   on_shell_Omega=     17.6098 meV  off_shell_Omega=     17.6098 meV
     lambda_tr(   1 )=       0.000000   gamma_tr=       0.000000 meV  omega=     17.5670 meV   on_shell_Omega=     17.6098 meV  off_shell_Omega=     17.6098 meV
     lambda___(   2 )=       0.000000   gamma___=       0.000000 meV  omega=     62.0825 meV   on_shell_Omega=     62.1156 meV  off_shell_Omega=     62.1156 meV
     lambda_tr(   2 )=       0.000000   gamma_tr=       0.000000 meV  omega=     62.0825 meV   on_shell_Omega=     62.1156 meV  off_shell_Omega=     62.1156 meV
     lambda___(   3 )=       0.000000   gamma___=       0.000000 meV  omega=     91.7091 meV   on_shell_Omega=     91.6969 meV  off_shell_Omega=     91.6969 meV
     lambda_tr(   3 )=       0.000000   gamma_tr=       0.000000 meV  omega=     91.7091 meV   on_shell_Omega=     91.6969 meV  off_shell_Omega=     91.6969 meV
     lambda___(   4 )=       0.000000   gamma___=       0.000000 meV  omega=    102.2594 meV   on_shell_Omega=    102.2799 meV  off_shell_Omega=    102.2799 meV
     lambda_tr(   4 )=       0.000000   gamma_tr=       0.000000 meV  omega=    102.2594 meV   on_shell_Omega=    102.2799 meV  off_shell_Omega=    102.2799 meV
     lambda___(   5 )=       0.000000   gamma___=       0.000000 meV  omega=    182.5104 meV   on_shell_Omega=    182.6965 meV  off_shell_Omega=    182.5996 meV
     lambda_tr(   5 )=       0.000000   gamma_tr=       0.000000 meV  omega=    182.5104 meV   on_shell_Omega=    182.6965 meV  off_shell_Omega=    182.5996 meV
     lambda___(   6 )=       0.000000   gamma___=       0.000000 meV  omega=    197.7334 meV   on_shell_Omega=    197.8829 meV  off_shell_Omega=    197.8299 meV
     lambda_tr(   6 )=      -0.000000   gamma_tr=      -0.000000 meV  omega=    197.7334 meV   on_shell_Omega=    197.8829 meV  off_shell_Omega=    197.8299 meV
     lambda___( tot )=       0.000000
     lambda_tr( tot )=       0.000000
     -------------------------------------------------------------------


     Number of (k,k+q) pairs on the Fermi surface:      302 out of      324


     ismear =     1 iq =     277 coord.:   0.83333  0.33333  0.00000 wt:   0.00309 Temp:  300.000K
     -------------------------------------------------------------------
     lambda___(   1 )=       0.000000   gamma___=       0.000000 meV  omega=     24.3343 meV   on_shell_Omega=     24.3928 meV  off_shell_Omega=     24.3928 meV
     lambda_tr(   1 )=       0.000000   gamma_tr=       0.000000 meV  omega=     24.3343 meV   on_shell_Omega=     24.3928 meV  off_shell_Omega=     24.3928 meV
     lambda___(   2 )=       0.000000   gamma___=       0.000000 meV  omega=     74.3972 meV   on_shell_Omega=     74.4481 meV  off_shell_Omega=     74.4481 meV
     lambda_tr(   2 )=       0.000000   gamma_tr=       0.000000 meV  omega=     74.3972 meV   on_shell_Omega=     74.4481 meV  off_shell_Omega=     74.4481 meV
     lambda___(   3 )=       0.000000   gamma___=       0.000000 meV  omega=     99.0822 meV   on_shell_Omega=     99.1242 meV  off_shell_Omega=     99.1242 meV
     lambda_tr(   3 )=       0.000000   gamma_tr=       0.000000 meV  omega=     99.0822 meV   on_shell_Omega=     99.1242 meV  off_shell_Omega=     99.1242 meV
     lambda___(   4 )=       0.000000   gamma___=       0.000000 meV  omega=    104.4304 meV   on_shell_Omega=    104.4192 meV  off_shell_Omega=    104.4192 meV
     lambda_tr(   4 )=       0.000000   gamma_tr=       0.000000 meV  omega=    104.4304 meV   on_shell_Omega=    104.4192 meV  off_shell_Omega=    104.4192 meV
     lambda___(   5 )=       0.000000   gamma___=       0.000000 meV  omega=    178.8251 meV   on_shell_Omega=    179.0283 meV  off_shell_Omega=    178.9124 meV
     lambda_tr(   5 )=       0.000000   gamma_tr=       0.000000 meV  omega=    178.8251 meV   on_shell_Omega=    179.0283 meV  off_shell_Omega=    178.9124 meV
     lambda___(   6 )=       0.000000   gamma___=       0.000000 meV  omega=    194.1346 meV   on_shell_Omega=    194.2329 meV  off_shell_Omega=    194.2329 meV
     lambda_tr(   6 )=       0.000000   gamma_tr=       0.000000 meV  omega=    194.1346 meV   on_shell_Omega=    194.2329 meV  off_shell_Omega=    194.2329 meV
     lambda___( tot )=       0.000000
     lambda_tr( tot )=       0.000000
     -------------------------------------------------------------------


     Number of (k,k+q) pairs on the Fermi surface:      302 out of      324


     ismear =     1 iq =     278 coord.:   0.83333  0.38889  0.00000 wt:   0.00309 Temp:  300.000K
     -------------------------------------------------------------------
     lambda___(   1 )=      -0.000000   gamma___=      -0.000000 meV  omega=     32.0897 meV   on_shell_Omega=     32.1115 meV  off_shell_Omega=     32.1115 meV
     lambda_tr(   1 )=       0.000000   gamma_tr=       0.000000 meV  omega=     32.0897 meV   on_shell_Omega=     32.1115 meV  off_shell_Omega=     32.1115 meV
     lambda___(   2 )=       0.000000   gamma___=       0.000000 meV  omega=     84.5086 meV   on_shell_Omega=     84.5480 meV  off_shell_Omega=     84.5480 meV
     lambda_tr(   2 )=       0.000000   gamma_tr=       0.000000 meV  omega=     84.5086 meV   on_shell_Omega=     84.5480 meV  off_shell_Omega=     84.5480 meV
     lambda___(   3 )=       0.000000   gamma___=       0.000000 meV  omega=     94.7996 meV   on_shell_Omega=     94.8466 meV  off_shell_Omega=     94.8466 meV
     lambda_tr(   3 )=       0.000000   gamma_tr=       0.000000 meV  omega=     94.7996 meV   on_shell_Omega=     94.8466 meV  off_shell_Omega=     94.8466 meV
     lambda___(   4 )=       0.000000   gamma___=       0.000000 meV  omega=    117.2112 meV   on_shell_Omega=    117.2236 meV  off_shell_Omega=    117.2236 meV
     lambda_tr(   4 )=       0.000000   gamma_tr=       0.000000 meV  omega=    117.2112 meV   on_shell_Omega=    117.2236 meV  off_shell_Omega=    117.2236 meV
     lambda___(   5 )=       0.000000   gamma___=       0.000000 meV  omega=    175.9528 meV   on_shell_Omega=    176.1857 meV  off_shell_Omega=    176.2535 meV
     lambda_tr(   5 )=       0.000000   gamma_tr=       0.000000 meV  omega=    175.9528 meV   on_shell_Omega=    176.1857 meV  off_shell_Omega=    176.2535 meV
     lambda___(   6 )=       0.000000   gamma___=       0.000000 meV  omega=    189.1410 meV   on_shell_Omega=    189.2073 meV  off_shell_Omega=    189.2073 meV
     lambda_tr(   6 )=       0.000000   gamma_tr=       0.000000 meV  omega=    189.1410 meV   on_shell_Omega=    189.2073 meV  off_shell_Omega=    189.2073 meV
     lambda___( tot )=       0.000000
     lambda_tr( tot )=       0.000000
     -------------------------------------------------------------------


     Number of (k,k+q) pairs on the Fermi surface:      303 out of      324


     ismear =     1 iq =     279 coord.:   0.83333  0.44444  0.00000 wt:   0.00309 Temp:  300.000K
     -------------------------------------------------------------------
     lambda___(   1 )=      -0.000000   gamma___=      -0.000000 meV  omega=     40.7001 meV   on_shell_Omega=     40.7018 meV  off_shell_Omega=     40.7018 meV
     lambda_tr(   1 )=      -0.000000   gamma_tr=      -0.000000 meV  omega=     40.7001 meV   on_shell_Omega=     40.7018 meV  off_shell_Omega=     40.7018 meV
     lambda___(   2 )=       0.000000   gamma___=       0.000000 meV  omega=     89.2832 meV   on_shell_Omega=     89.3212 meV  off_shell_Omega=     89.3212 meV
     lambda_tr(   2 )=       0.000000   gamma_tr=       0.000000 meV  omega=     89.2832 meV   on_shell_Omega=     89.3212 meV  off_shell_Omega=     89.3212 meV
     lambda___(   3 )=       0.000000   gamma___=       0.000000 meV  omega=     91.6228 meV   on_shell_Omega=     91.6433 meV  off_shell_Omega=     91.6433 meV
     lambda_tr(   3 )=       0.000000   gamma_tr=       0.000000 meV  omega=     91.6228 meV   on_shell_Omega=     91.6433 meV  off_shell_Omega=     91.6433 meV
     lambda___(   4 )=       0.000000   gamma___=       0.000000 meV  omega=    130.2195 meV   on_shell_Omega=    130.2369 meV  off_shell_Omega=    130.2369 meV
     lambda_tr(   4 )=       0.000000   gamma_tr=       0.000000 meV  omega=    130.2195 meV   on_shell_Omega=    130.2369 meV  off_shell_Omega=    130.2369 meV
     lambda___(   5 )=       0.000000   gamma___=       0.000000 meV  omega=    173.7687 meV   on_shell_Omega=    174.0348 meV  off_shell_Omega=    174.0656 meV
     lambda_tr(   5 )=       0.000000   gamma_tr=       0.000000 meV  omega=    173.7687 meV   on_shell_Omega=    174.0348 meV  off_shell_Omega=    174.0656 meV
     lambda___(   6 )=       0.000000   gamma___=       0.000000 meV  omega=    182.8642 meV   on_shell_Omega=    182.9086 meV  off_shell_Omega=    182.9086 meV
     lambda_tr(   6 )=       0.000000   gamma_tr=       0.000000 meV  omega=    182.8642 meV   on_shell_Omega=    182.9086 meV  off_shell_Omega=    182.9086 meV
     lambda___( tot )=       0.000000
     lambda_tr( tot )=       0.000000
     -------------------------------------------------------------------


     Number of (k,k+q) pairs on the Fermi surface:      303 out of      324


     ismear =     1 iq =     280 coord.:   0.83333  0.50000  0.00000 wt:   0.00309 Temp:  300.000K
     -------------------------------------------------------------------
     lambda___(   1 )=       0.000000   gamma___=       0.000000 meV  omega=     49.6179 meV   on_shell_Omega=     49.6173 meV  off_shell_Omega=     49.6173 meV
     lambda_tr(   1 )=       0.000000   gamma_tr=       0.000000 meV  omega=     49.6179 meV   on_shell_Omega=     49.6173 meV  off_shell_Omega=     49.6173 meV
     lambda___(   2 )=       0.000000   gamma___=       0.000000 meV  omega=     82.7207 meV   on_shell_Omega=     82.7820 meV  off_shell_Omega=     82.7820 meV
     lambda_tr(   2 )=       0.000000   gamma_tr=       0.000000 meV  omega=     82.7207 meV   on_shell_Omega=     82.7820 meV  off_shell_Omega=     82.7820 meV
     lambda___(   3 )=       0.000000   gamma___=       0.000000 meV  omega=     96.2760 meV   on_shell_Omega=     96.2850 meV  off_shell_Omega=     96.2850 meV
     lambda_tr(   3 )=       0.000000   gamma_tr=       0.000000 meV  omega=     96.2760 meV   on_shell_Omega=     96.2850 meV  off_shell_Omega=     96.2850 meV
     lambda___(   4 )=       0.000000   gamma___=       0.000000 meV  omega=    142.9427 meV   on_shell_Omega=    142.9585 meV  off_shell_Omega=    142.9585 meV
     lambda_tr(   4 )=       0.000000   gamma_tr=       0.000000 meV  omega=    142.9427 meV   on_shell_Omega=    142.9585 meV  off_shell_Omega=    142.9585 meV
     lambda___(   5 )=       0.000000   gamma___=       0.000000 meV  omega=    171.6981 meV   on_shell_Omega=    171.9376 meV  off_shell_Omega=    171.9915 meV
     lambda_tr(   5 )=       0.000000   gamma_tr=       0.000000 meV  omega=    171.6981 meV   on_shell_Omega=    171.9376 meV  off_shell_Omega=    171.9915 meV
     lambda___(   6 )=       0.000000   gamma___=       0.000000 meV  omega=    175.1952 meV   on_shell_Omega=    175.2638 meV  off_shell_Omega=    175.2638 meV
     lambda_tr(   6 )=       0.000000   gamma_tr=       0.000000 meV  omega=    175.1952 meV   on_shell_Omega=    175.2638 meV  off_shell_Omega=    175.2638 meV
     lambda___( tot )=       0.000000
     lambda_tr( tot )=       0.000000
     -------------------------------------------------------------------


     Number of (k,k+q) pairs on the Fermi surface:      302 out of      324


     ismear =     1 iq =     281 coord.:   0.83333  0.55556  0.00000 wt:   0.00309 Temp:  300.000K
     -------------------------------------------------------------------
     lambda___(   1 )=       0.000000   gamma___=       0.000000 meV  omega=     57.0053 meV   on_shell_Omega=     57.0488 meV  off_shell_Omega=     57.0488 meV
     lambda_tr(   1 )=       0.000000   gamma_tr=       0.000000 meV  omega=     57.0053 meV   on_shell_Omega=     57.0488 meV  off_shell_Omega=     57.0488 meV
     lambda___(   2 )=       0.000000   gamma___=       0.000000 meV  omega=     76.6052 meV   on_shell_Omega=     76.6524 meV  off_shell_Omega=     76.6524 meV
     lambda_tr(   2 )=       0.000000   gamma_tr=       0.000000 meV  omega=     76.6052 meV   on_shell_Omega=     76.6524 meV  off_shell_Omega=     76.6524 meV
     lambda___(   3 )=       0.000000   gamma___=       0.000000 meV  omega=     98.7492 meV   on_shell_Omega=     98.7503 meV  off_shell_Omega=     98.7503 meV
     lambda_tr(   3 )=       0.000000   gamma_tr=       0.000000 meV  omega=     98.7492 meV   on_shell_Omega=     98.7503 meV  off_shell_Omega=     98.7503 meV
     lambda___(   4 )=       0.000000   gamma___=       0.000000 meV  omega=    154.5345 meV   on_shell_Omega=    154.5367 meV  off_shell_Omega=    154.5367 meV
     lambda_tr(   4 )=       0.000000   gamma_tr=       0.000000 meV  omega=    154.5345 meV   on_shell_Omega=    154.5367 meV  off_shell_Omega=    154.5367 meV
     lambda___(   5 )=       0.000000   gamma___=       0.000000 meV  omega=    166.0175 meV   on_shell_Omega=    166.0353 meV  off_shell_Omega=    166.0353 meV
     lambda_tr(   5 )=       0.000000   gamma_tr=       0.000000 meV  omega=    166.0175 meV   on_shell_Omega=    166.0353 meV  off_shell_Omega=    166.0353 meV
     lambda___(   6 )=       0.000000   gamma___=       0.000000 meV  omega=    170.3978 meV   on_shell_Omega=    170.6783 meV  off_shell_Omega=    170.6890 meV
     lambda_tr(   6 )=       0.000000   gamma_tr=       0.000000 meV  omega=    170.3978 meV   on_shell_Omega=    170.6783 meV  off_shell_Omega=    170.6890 meV
     lambda___( tot )=       0.000000
     lambda_tr( tot )=       0.000000
     -------------------------------------------------------------------


     Number of (k,k+q) pairs on the Fermi surface:      304 out of      324


     ismear =     1 iq =     282 coord.:   0.83333  0.61111  0.00000 wt:   0.00309 Temp:  300.000K
     -------------------------------------------------------------------
     lambda___(   1 )=       0.000000   gamma___=       0.000000 meV  omega=     57.0053 meV   on_shell_Omega=     57.0020 meV  off_shell_Omega=     57.0020 meV
     lambda_tr(   1 )=      -0.000000   gamma_tr=      -0.000000 meV  omega=     57.0053 meV   on_shell_Omega=     57.0020 meV  off_shell_Omega=     57.0020 meV
     lambda___(   2 )=       0.000000   gamma___=       0.000000 meV  omega=     76.6052 meV   on_shell_Omega=     76.6893 meV  off_shell_Omega=     76.6893 meV
     lambda_tr(   2 )=      -0.000000   gamma_tr=      -0.000000 meV  omega=     76.6052 meV   on_shell_Omega=     76.6893 meV  off_shell_Omega=     76.6893 meV
     lambda___(   3 )=       0.000000   gamma___=       0.000000 meV  omega=     98.7492 meV   on_shell_Omega=     98.7510 meV  off_shell_Omega=     98.7510 meV
     lambda_tr(   3 )=      -0.000000   gamma_tr=      -0.000000 meV  omega=     98.7492 meV   on_shell_Omega=     98.7510 meV  off_shell_Omega=     98.7510 meV
     lambda___(   4 )=       0.000000   gamma___=       0.000000 meV  omega=    154.5345 meV   on_shell_Omega=    154.5395 meV  off_shell_Omega=    154.5395 meV
     lambda_tr(   4 )=      -0.000000   gamma_tr=      -0.000000 meV  omega=    154.5345 meV   on_shell_Omega=    154.5395 meV  off_shell_Omega=    154.5395 meV
     lambda___(   5 )=       0.000000   gamma___=       0.000000 meV  omega=    166.0175 meV   on_shell_Omega=    166.0323 meV  off_shell_Omega=    166.0323 meV
     lambda_tr(   5 )=      -0.000000   gamma_tr=      -0.000000 meV  omega=    166.0175 meV   on_shell_Omega=    166.0323 meV  off_shell_Omega=    166.0323 meV
     lambda___(   6 )=       0.000000   gamma___=       0.000000 meV  omega=    170.3978 meV   on_shell_Omega=    170.6484 meV  off_shell_Omega=    170.6890 meV
     lambda_tr(   6 )=      -0.000000   gamma_tr=      -0.000000 meV  omega=    170.3978 meV   on_shell_Omega=    170.6484 meV  off_shell_Omega=    170.6890 meV
     lambda___( tot )=       0.000000
     lambda_tr( tot )=      -0.000000
     -------------------------------------------------------------------


     Number of (k,k+q) pairs on the Fermi surface:      303 out of      324


     ismear =     1 iq =     283 coord.:   0.83333  0.66667  0.00000 wt:   0.00309 Temp:  300.000K
     -------------------------------------------------------------------
     lambda___(   1 )=       0.000000   gamma___=       0.000000 meV  omega=     49.6179 meV   on_shell_Omega=     49.6198 meV  off_shell_Omega=     49.6198 meV
     lambda_tr(   1 )=       0.000000   gamma_tr=       0.000000 meV  omega=     49.6179 meV   on_shell_Omega=     49.6198 meV  off_shell_Omega=     49.6198 meV
     lambda___(   2 )=       0.000000   gamma___=       0.000000 meV  omega=     82.7207 meV   on_shell_Omega=     82.7766 meV  off_shell_Omega=     82.7766 meV
     lambda_tr(   2 )=       0.000000   gamma_tr=       0.000000 meV  omega=     82.7207 meV   on_shell_Omega=     82.7766 meV  off_shell_Omega=     82.7766 meV
     lambda___(   3 )=       0.000000   gamma___=       0.000000 meV  omega=     96.2760 meV   on_shell_Omega=     96.2856 meV  off_shell_Omega=     96.2856 meV
     lambda_tr(   3 )=       0.000000   gamma_tr=       0.000000 meV  omega=     96.2760 meV   on_shell_Omega=     96.2856 meV  off_shell_Omega=     96.2856 meV
     lambda___(   4 )=       0.000000   gamma___=       0.000000 meV  omega=    142.9427 meV   on_shell_Omega=    142.9658 meV  off_shell_Omega=    142.9658 meV
     lambda_tr(   4 )=       0.000000   gamma_tr=       0.000000 meV  omega=    142.9427 meV   on_shell_Omega=    142.9658 meV  off_shell_Omega=    142.9658 meV
     lambda___(   5 )=       0.000000   gamma___=       0.000000 meV  omega=    171.6981 meV   on_shell_Omega=    171.9311 meV  off_shell_Omega=    171.9915 meV
     lambda_tr(   5 )=       0.000000   gamma_tr=       0.000000 meV  omega=    171.6981 meV   on_shell_Omega=    171.9311 meV  off_shell_Omega=    171.9915 meV
     lambda___(   6 )=       0.000000   gamma___=       0.000000 meV  omega=    175.1952 meV   on_shell_Omega=    175.2520 meV  off_shell_Omega=    175.2520 meV
     lambda_tr(   6 )=       0.000000   gamma_tr=       0.000000 meV  omega=    175.1952 meV   on_shell_Omega=    175.2520 meV  off_shell_Omega=    175.2520 meV
     lambda___( tot )=       0.000000
     lambda_tr( tot )=       0.000000
     -------------------------------------------------------------------


     Number of (k,k+q) pairs on the Fermi surface:      303 out of      324


     ismear =     1 iq =     284 coord.:   0.83333  0.72222  0.00000 wt:   0.00309 Temp:  300.000K
     -------------------------------------------------------------------
     lambda___(   1 )=      -0.000000   gamma___=      -0.000000 meV  omega=     40.7001 meV   on_shell_Omega=     40.7109 meV  off_shell_Omega=     40.7109 meV
     lambda_tr(   1 )=      -0.000000   gamma_tr=      -0.000000 meV  omega=     40.7001 meV   on_shell_Omega=     40.7109 meV  off_shell_Omega=     40.7109 meV
     lambda___(   2 )=       0.000000   gamma___=       0.000000 meV  omega=     89.2832 meV   on_shell_Omega=     89.3408 meV  off_shell_Omega=     89.3408 meV
     lambda_tr(   2 )=       0.000000   gamma_tr=       0.000000 meV  omega=     89.2832 meV   on_shell_Omega=     89.3408 meV  off_shell_Omega=     89.3408 meV
     lambda___(   3 )=      -0.000000   gamma___=      -0.000000 meV  omega=     91.6228 meV   on_shell_Omega=     91.6437 meV  off_shell_Omega=     91.6437 meV
     lambda_tr(   3 )=      -0.000000   gamma_tr=      -0.000000 meV  omega=     91.6228 meV   on_shell_Omega=     91.6437 meV  off_shell_Omega=     91.6437 meV
     lambda___(   4 )=      -0.000000   gamma___=      -0.000000 meV  omega=    130.2195 meV   on_shell_Omega=    130.2483 meV  off_shell_Omega=    130.2483 meV
     lambda_tr(   4 )=      -0.000000   gamma_tr=      -0.000000 meV  omega=    130.2195 meV   on_shell_Omega=    130.2483 meV  off_shell_Omega=    130.2483 meV
     lambda___(   5 )=       0.000000   gamma___=       0.000000 meV  omega=    173.7687 meV   on_shell_Omega=    174.0495 meV  off_shell_Omega=    174.0656 meV
     lambda_tr(   5 )=       0.000000   gamma_tr=       0.000000 meV  omega=    173.7687 meV   on_shell_Omega=    174.0495 meV  off_shell_Omega=    174.0656 meV
     lambda___(   6 )=       0.000000   gamma___=       0.000000 meV  omega=    182.8642 meV   on_shell_Omega=    182.9110 meV  off_shell_Omega=    182.9110 meV
     lambda_tr(   6 )=       0.000000   gamma_tr=       0.000000 meV  omega=    182.8642 meV   on_shell_Omega=    182.9110 meV  off_shell_Omega=    182.9110 meV
     lambda___( tot )=      -0.000000
     lambda_tr( tot )=      -0.000000
     -------------------------------------------------------------------


     Number of (k,k+q) pairs on the Fermi surface:      302 out of      324


     ismear =     1 iq =     285 coord.:   0.83333  0.77778  0.00000 wt:   0.00309 Temp:  300.000K
     -------------------------------------------------------------------
     lambda___(   1 )=       0.000000   gamma___=       0.000000 meV  omega=     32.0897 meV   on_shell_Omega=     32.1092 meV  off_shell_Omega=     32.1092 meV
     lambda_tr(   1 )=       0.000000   gamma_tr=       0.000000 meV  omega=     32.0897 meV   on_shell_Omega=     32.1092 meV  off_shell_Omega=     32.1092 meV
     lambda___(   2 )=       0.000000   gamma___=       0.000000 meV  omega=     84.5086 meV   on_shell_Omega=     84.5445 meV  off_shell_Omega=     84.5445 meV
     lambda_tr(   2 )=       0.000000   gamma_tr=       0.000000 meV  omega=     84.5086 meV   on_shell_Omega=     84.5445 meV  off_shell_Omega=     84.5445 meV
     lambda___(   3 )=       0.000000   gamma___=       0.000000 meV  omega=     94.7996 meV   on_shell_Omega=     94.8386 meV  off_shell_Omega=     94.8386 meV
     lambda_tr(   3 )=       0.000000   gamma_tr=       0.000000 meV  omega=     94.7996 meV   on_shell_Omega=     94.8386 meV  off_shell_Omega=     94.8386 meV
     lambda___(   4 )=       0.000000   gamma___=       0.000000 meV  omega=    117.2112 meV   on_shell_Omega=    117.2233 meV  off_shell_Omega=    117.2233 meV
     lambda_tr(   4 )=       0.000000   gamma_tr=       0.000000 meV  omega=    117.2112 meV   on_shell_Omega=    117.2233 meV  off_shell_Omega=    117.2233 meV
     lambda___(   5 )=       0.000000   gamma___=       0.000000 meV  omega=    175.9528 meV   on_shell_Omega=    176.2398 meV  off_shell_Omega=    176.2535 meV
     lambda_tr(   5 )=       0.000000   gamma_tr=       0.000000 meV  omega=    175.9528 meV   on_shell_Omega=    176.2398 meV  off_shell_Omega=    176.2535 meV
     lambda___(   6 )=       0.000000   gamma___=       0.000000 meV  omega=    189.1410 meV   on_shell_Omega=    189.2156 meV  off_shell_Omega=    189.2156 meV
     lambda_tr(   6 )=       0.000000   gamma_tr=       0.000000 meV  omega=    189.1410 meV   on_shell_Omega=    189.2156 meV  off_shell_Omega=    189.2156 meV
     lambda___( tot )=       0.000000
     lambda_tr( tot )=       0.000000
     -------------------------------------------------------------------


     Number of (k,k+q) pairs on the Fermi surface:      303 out of      324


     ismear =     1 iq =     286 coord.:   0.83333  0.83333  0.00000 wt:   0.00309 Temp:  300.000K
     -------------------------------------------------------------------
     lambda___(   1 )=      -0.000000   gamma___=      -0.000000 meV  omega=     24.3343 meV   on_shell_Omega=     24.3741 meV  off_shell_Omega=     24.3741 meV
     lambda_tr(   1 )=       0.000000   gamma_tr=       0.000000 meV  omega=     24.3343 meV   on_shell_Omega=     24.3741 meV  off_shell_Omega=     24.3741 meV
     lambda___(   2 )=       0.000000   gamma___=       0.000000 meV  omega=     74.3972 meV   on_shell_Omega=     74.4458 meV  off_shell_Omega=     74.4458 meV
     lambda_tr(   2 )=       0.000000   gamma_tr=       0.000000 meV  omega=     74.3972 meV   on_shell_Omega=     74.4458 meV  off_shell_Omega=     74.4458 meV
     lambda___(   3 )=       0.000000   gamma___=       0.000000 meV  omega=     99.0822 meV   on_shell_Omega=     99.1197 meV  off_shell_Omega=     99.1197 meV
     lambda_tr(   3 )=       0.000000   gamma_tr=       0.000000 meV  omega=     99.0822 meV   on_shell_Omega=     99.1197 meV  off_shell_Omega=     99.1197 meV
     lambda___(   4 )=       0.000000   gamma___=       0.000000 meV  omega=    104.4304 meV   on_shell_Omega=    104.4267 meV  off_shell_Omega=    104.4267 meV
     lambda_tr(   4 )=       0.000000   gamma_tr=       0.000000 meV  omega=    104.4304 meV   on_shell_Omega=    104.4267 meV  off_shell_Omega=    104.4267 meV
     lambda___(   5 )=       0.000000   gamma___=       0.000000 meV  omega=    178.8251 meV   on_shell_Omega=    179.1561 meV  off_shell_Omega=    179.1307 meV
     lambda_tr(   5 )=       0.000000   gamma_tr=       0.000000 meV  omega=    178.8251 meV   on_shell_Omega=    179.1561 meV  off_shell_Omega=    179.1307 meV
     lambda___(   6 )=       0.000000   gamma___=       0.000000 meV  omega=    194.1346 meV   on_shell_Omega=    194.2374 meV  off_shell_Omega=    194.2374 meV
     lambda_tr(   6 )=       0.000000   gamma_tr=       0.000000 meV  omega=    194.1346 meV   on_shell_Omega=    194.2374 meV  off_shell_Omega=    194.2374 meV
     lambda___( tot )=       0.000000
     lambda_tr( tot )=       0.000000
     -------------------------------------------------------------------


     Number of (k,k+q) pairs on the Fermi surface:      302 out of      324


     ismear =     1 iq =     287 coord.:   0.83333  0.88889  0.00000 wt:   0.00309 Temp:  300.000K
     -------------------------------------------------------------------
     lambda___(   1 )=       0.000000   gamma___=       0.000000 meV  omega=     17.5670 meV   on_shell_Omega=     17.6042 meV  off_shell_Omega=     17.6042 meV
     lambda_tr(   1 )=       0.000000   gamma_tr=       0.000000 meV  omega=     17.5670 meV   on_shell_Omega=     17.6042 meV  off_shell_Omega=     17.6042 meV
     lambda___(   2 )=       0.000000   gamma___=       0.000000 meV  omega=     62.0825 meV   on_shell_Omega=     62.1207 meV  off_shell_Omega=     62.1207 meV
     lambda_tr(   2 )=       0.000000   gamma_tr=       0.000000 meV  omega=     62.0825 meV   on_shell_Omega=     62.1207 meV  off_shell_Omega=     62.1207 meV
     lambda___(   3 )=       0.000000   gamma___=       0.000000 meV  omega=     91.7091 meV   on_shell_Omega=     91.6972 meV  off_shell_Omega=     91.6972 meV
     lambda_tr(   3 )=       0.000000   gamma_tr=       0.000000 meV  omega=     91.7091 meV   on_shell_Omega=     91.6972 meV  off_shell_Omega=     91.6972 meV
     lambda___(   4 )=       0.000000   gamma___=       0.000000 meV  omega=    102.2594 meV   on_shell_Omega=    102.2766 meV  off_shell_Omega=    102.2766 meV
     lambda_tr(   4 )=       0.000000   gamma_tr=       0.000000 meV  omega=    102.2594 meV   on_shell_Omega=    102.2766 meV  off_shell_Omega=    102.2766 meV
     lambda___(   5 )=       0.000000   gamma___=       0.000000 meV  omega=    182.5104 meV   on_shell_Omega=    182.8075 meV  off_shell_Omega=    182.8223 meV
     lambda_tr(   5 )=       0.000000   gamma_tr=       0.000000 meV  omega=    182.5104 meV   on_shell_Omega=    182.8075 meV  off_shell_Omega=    182.8223 meV
     lambda___(   6 )=       0.000000   gamma___=       0.000000 meV  omega=    197.7334 meV   on_shell_Omega=    197.8959 meV  off_shell_Omega=    197.8299 meV
     lambda_tr(   6 )=       0.000000   gamma_tr=       0.000000 meV  omega=    197.7334 meV   on_shell_Omega=    197.8959 meV  off_shell_Omega=    197.8299 meV
     lambda___( tot )=       0.000000
     lambda_tr( tot )=       0.000000
     -------------------------------------------------------------------


     Number of (k,k+q) pairs on the Fermi surface:      302 out of      324


     ismear =     1 iq =     288 coord.:   0.83333  0.94444  0.00000 wt:   0.00309 Temp:  300.000K
     -------------------------------------------------------------------
     lambda___(   1 )=      -0.000000   gamma___=      -0.000000 meV  omega=     12.0105 meV   on_shell_Omega=     12.0461 meV  off_shell_Omega=     12.0461 meV
     lambda_tr(   1 )=       0.000000   gamma_tr=       0.000000 meV  omega=     12.0105 meV   on_shell_Omega=     12.0461 meV  off_shell_Omega=     12.0461 meV
     lambda___(   2 )=      -0.000000   gamma___=      -0.000000 meV  omega=     50.0813 meV   on_shell_Omega=     50.1020 meV  off_shell_Omega=     50.1020 meV
     lambda_tr(   2 )=       0.000000   gamma_tr=       0.000000 meV  omega=     50.0813 meV   on_shell_Omega=     50.1020 meV  off_shell_Omega=     50.1020 meV
     lambda___(   3 )=      -0.000000   gamma___=      -0.000000 meV  omega=     79.1106 meV   on_shell_Omega=     79.1237 meV  off_shell_Omega=     79.1237 meV
     lambda_tr(   3 )=       0.000000   gamma_tr=       0.000000 meV  omega=     79.1106 meV   on_shell_Omega=     79.1237 meV  off_shell_Omega=     79.1237 meV
     lambda___(   4 )=      -0.000000   gamma___=      -0.000000 meV  omega=    104.4708 meV   on_shell_Omega=    104.4778 meV  off_shell_Omega=    104.4778 meV
     lambda_tr(   4 )=       0.000000   gamma_tr=       0.000000 meV  omega=    104.4708 meV   on_shell_Omega=    104.4778 meV  off_shell_Omega=    104.4778 meV
     lambda___(   5 )=       0.000000   gamma___=       0.000000 meV  omega=    186.0446 meV   on_shell_Omega=    186.2342 meV  off_shell_Omega=    186.1354 meV
     lambda_tr(   5 )=       0.000000   gamma_tr=       0.000000 meV  omega=    186.0446 meV   on_shell_Omega=    186.2342 meV  off_shell_Omega=    186.1354 meV
     lambda___(   6 )=       0.000000   gamma___=       0.000000 meV  omega=    199.4970 meV   on_shell_Omega=    199.7821 meV  off_shell_Omega=    199.8379 meV
     lambda_tr(   6 )=       0.000000   gamma_tr=       0.000000 meV  omega=    199.4970 meV   on_shell_Omega=    199.7821 meV  off_shell_Omega=    199.8379 meV
     lambda___( tot )=      -0.000000
     lambda_tr( tot )=       0.000000
     -------------------------------------------------------------------


     Number of (k,k+q) pairs on the Fermi surface:      302 out of      324


     ismear =     1 iq =     289 coord.:   0.88889  0.00000  0.00000 wt:   0.00309 Temp:  300.000K
     -------------------------------------------------------------------
     lambda___(   1 )=       0.000000   gamma___=       0.000000 meV  omega=      3.6749 meV   on_shell_Omega=      3.7603 meV  off_shell_Omega=      3.7603 meV
     lambda_tr(   1 )=       0.000000   gamma_tr=       0.000000 meV  omega=      3.6749 meV   on_shell_Omega=      3.7603 meV  off_shell_Omega=      3.7603 meV
     lambda___(   2 )=       0.000000   gamma___=       0.000000 meV  omega=     29.1538 meV   on_shell_Omega=     29.1409 meV  off_shell_Omega=     29.1409 meV
     lambda_tr(   2 )=       0.000000   gamma_tr=       0.000000 meV  omega=     29.1538 meV   on_shell_Omega=     29.1409 meV  off_shell_Omega=     29.1409 meV
     lambda___(   3 )=       0.000000   gamma___=       0.000000 meV  omega=     46.3288 meV   on_shell_Omega=     46.3694 meV  off_shell_Omega=     46.3694 meV
     lambda_tr(   3 )=       0.000000   gamma_tr=       0.000000 meV  omega=     46.3288 meV   on_shell_Omega=     46.3694 meV  off_shell_Omega=     46.3694 meV
     lambda___(   4 )=       0.000000   gamma___=       0.000000 meV  omega=    107.4029 meV   on_shell_Omega=    107.4076 meV  off_shell_Omega=    107.4076 meV
     lambda_tr(   4 )=       0.000000   gamma_tr=       0.000000 meV  omega=    107.4029 meV   on_shell_Omega=    107.4076 meV  off_shell_Omega=    107.4076 meV
     lambda___(   5 )=       0.000000   gamma___=       0.000000 meV  omega=    191.2816 meV   on_shell_Omega=    191.5692 meV  off_shell_Omega=    191.6085 meV
     lambda_tr(   5 )=       0.000000   gamma_tr=       0.000000 meV  omega=    191.2816 meV   on_shell_Omega=    191.5692 meV  off_shell_Omega=    191.6085 meV
     lambda___(   6 )=       0.000000   gamma___=       0.000000 meV  omega=    197.4454 meV   on_shell_Omega=    198.0806 meV  off_shell_Omega=    198.0239 meV
     lambda_tr(   6 )=       0.000000   gamma_tr=       0.000000 meV  omega=    197.4454 meV   on_shell_Omega=    198.0806 meV  off_shell_Omega=    198.0239 meV
     lambda___( tot )=       0.000000
     lambda_tr( tot )=       0.000000
     -------------------------------------------------------------------


     Number of (k,k+q) pairs on the Fermi surface:      302 out of      324


     ismear =     1 iq =     290 coord.:   0.88889  0.05556  0.00000 wt:   0.00309 Temp:  300.000K
     -------------------------------------------------------------------
     lambda___(   1 )=       0.000000   gamma___=       0.000000 meV  omega=      3.2649 meV   on_shell_Omega=      3.3870 meV  off_shell_Omega=      3.3870 meV
     lambda_tr(   1 )=       0.000000   gamma_tr=       0.000000 meV  omega=      3.2649 meV   on_shell_Omega=      3.3870 meV  off_shell_Omega=      3.3870 meV
     lambda___(   2 )=       0.000000   gamma___=       0.000000 meV  omega=     25.8170 meV   on_shell_Omega=     25.8707 meV  off_shell_Omega=     25.8707 meV
     lambda_tr(   2 )=       0.000000   gamma_tr=       0.000000 meV  omega=     25.8170 meV   on_shell_Omega=     25.8707 meV  off_shell_Omega=     25.8707 meV
     lambda___(   3 )=       0.000000   gamma___=       0.000000 meV  omega=     40.9540 meV   on_shell_Omega=     40.9454 meV  off_shell_Omega=     40.9454 meV
     lambda_tr(   3 )=       0.000000   gamma_tr=       0.000000 meV  omega=     40.9540 meV   on_shell_Omega=     40.9454 meV  off_shell_Omega=     40.9454 meV
     lambda___(   4 )=       0.000000   gamma___=       0.000000 meV  omega=    107.6939 meV   on_shell_Omega=    107.7014 meV  off_shell_Omega=    107.7014 meV
     lambda_tr(   4 )=       0.000000   gamma_tr=       0.000000 meV  omega=    107.6939 meV   on_shell_Omega=    107.7014 meV  off_shell_Omega=    107.7014 meV
     lambda___(   5 )=       0.000000   gamma___=       0.000000 meV  omega=    191.8424 meV   on_shell_Omega=    192.1051 meV  off_shell_Omega=    192.1703 meV
     lambda_tr(   5 )=       0.000000   gamma_tr=       0.000000 meV  omega=    191.8424 meV   on_shell_Omega=    192.1051 meV  off_shell_Omega=    192.1703 meV
     lambda___(   6 )=       0.000000   gamma___=       0.000000 meV  omega=    196.4972 meV   on_shell_Omega=    197.1736 meV  off_shell_Omega=    197.0728 meV
     lambda_tr(   6 )=       0.000000   gamma_tr=       0.000000 meV  omega=    196.4972 meV   on_shell_Omega=    197.1736 meV  off_shell_Omega=    197.0728 meV
     lambda___( tot )=       0.000000
     lambda_tr( tot )=       0.000000
     -------------------------------------------------------------------


     Number of (k,k+q) pairs on the Fermi surface:      302 out of      324


     ismear =     1 iq =     291 coord.:   0.88889  0.11111  0.00000 wt:   0.00309 Temp:  300.000K
     -------------------------------------------------------------------
     lambda___(   1 )=      -0.000000   gamma___=      -0.000000 meV  omega=      3.6749 meV   on_shell_Omega=      3.7804 meV  off_shell_Omega=      3.7804 meV
     lambda_tr(   1 )=      -0.000000   gamma_tr=      -0.000000 meV  omega=      3.6749 meV   on_shell_Omega=      3.7804 meV  off_shell_Omega=      3.7804 meV
     lambda___(   2 )=       0.000000   gamma___=       0.000000 meV  omega=     29.1538 meV   on_shell_Omega=     29.1417 meV  off_shell_Omega=     29.1417 meV
     lambda_tr(   2 )=       0.000000   gamma_tr=       0.000000 meV  omega=     29.1538 meV   on_shell_Omega=     29.1417 meV  off_shell_Omega=     29.1417 meV
     lambda___(   3 )=       0.000000   gamma___=       0.000000 meV  omega=     46.3288 meV   on_shell_Omega=     46.3532 meV  off_shell_Omega=     46.3532 meV
     lambda_tr(   3 )=       0.000000   gamma_tr=       0.000000 meV  omega=     46.3288 meV   on_shell_Omega=     46.3532 meV  off_shell_Omega=     46.3532 meV
     lambda___(   4 )=       0.000000   gamma___=       0.000000 meV  omega=    107.4029 meV   on_shell_Omega=    107.4092 meV  off_shell_Omega=    107.4092 meV
     lambda_tr(   4 )=       0.000000   gamma_tr=       0.000000 meV  omega=    107.4029 meV   on_shell_Omega=    107.4092 meV  off_shell_Omega=    107.4092 meV
     lambda___(   5 )=       0.000000   gamma___=       0.000000 meV  omega=    191.2816 meV   on_shell_Omega=    191.5545 meV  off_shell_Omega=    191.6085 meV
     lambda_tr(   5 )=       0.000000   gamma_tr=       0.000000 meV  omega=    191.2816 meV   on_shell_Omega=    191.5545 meV  off_shell_Omega=    191.6085 meV
     lambda___(   6 )=       0.000000   gamma___=       0.000000 meV  omega=    197.4454 meV   on_shell_Omega=    198.0095 meV  off_shell_Omega=    198.0239 meV
     lambda_tr(   6 )=       0.000000   gamma_tr=       0.000000 meV  omega=    197.4454 meV   on_shell_Omega=    198.0095 meV  off_shell_Omega=    198.0239 meV
     lambda___( tot )=      -0.000000
     lambda_tr( tot )=      -0.000000
     -------------------------------------------------------------------


     Number of (k,k+q) pairs on the Fermi surface:      302 out of      324


     ismear =     1 iq =     292 coord.:   0.88889  0.16667  0.00000 wt:   0.00309 Temp:  300.000K
     -------------------------------------------------------------------
     lambda___(   1 )=       0.000000   gamma___=       0.000000 meV  omega=      6.1788 meV   on_shell_Omega=      6.2546 meV  off_shell_Omega=      6.2546 meV
     lambda_tr(   1 )=       0.000000   gamma_tr=       0.000000 meV  omega=      6.1788 meV   on_shell_Omega=      6.2546 meV  off_shell_Omega=      6.2546 meV
     lambda___(   2 )=       0.000000   gamma___=       0.000000 meV  omega=     38.3588 meV   on_shell_Omega=     38.3984 meV  off_shell_Omega=     38.3984 meV
     lambda_tr(   2 )=       0.000000   gamma_tr=       0.000000 meV  omega=     38.3588 meV   on_shell_Omega=     38.3984 meV  off_shell_Omega=     38.3984 meV
     lambda___(   3 )=       0.000000   gamma___=       0.000000 meV  omega=     59.1623 meV   on_shell_Omega=     59.1592 meV  off_shell_Omega=     59.1592 meV
     lambda_tr(   3 )=       0.000000   gamma_tr=       0.000000 meV  omega=     59.1623 meV   on_shell_Omega=     59.1592 meV  off_shell_Omega=     59.1592 meV
     lambda___(   4 )=       0.000000   gamma___=       0.000000 meV  omega=    106.4776 meV   on_shell_Omega=    106.4855 meV  off_shell_Omega=    106.4855 meV
     lambda_tr(   4 )=       0.000000   gamma_tr=       0.000000 meV  omega=    106.4776 meV   on_shell_Omega=    106.4855 meV  off_shell_Omega=    106.4855 meV
     lambda___(   5 )=       0.000000   gamma___=       0.000000 meV  omega=    189.5139 meV   on_shell_Omega=    189.7078 meV  off_shell_Omega=    189.6065 meV
     lambda_tr(   5 )=       0.000000   gamma_tr=       0.000000 meV  omega=    189.5139 meV   on_shell_Omega=    189.7078 meV  off_shell_Omega=    189.6065 meV
     lambda___(   6 )=       0.000000   gamma___=       0.000000 meV  omega=    199.0756 meV   on_shell_Omega=    199.4584 meV  off_shell_Omega=    199.4159 meV
     lambda_tr(   6 )=       0.000000   gamma_tr=       0.000000 meV  omega=    199.0756 meV   on_shell_Omega=    199.4584 meV  off_shell_Omega=    199.4159 meV
     lambda___( tot )=       0.000000
     lambda_tr( tot )=       0.000000
     -------------------------------------------------------------------


     Number of (k,k+q) pairs on the Fermi surface:      303 out of      324


     ismear =     1 iq =     293 coord.:   0.88889  0.22222  0.00000 wt:   0.00309 Temp:  300.000K
     -------------------------------------------------------------------
     lambda___(   1 )=       0.000000   gamma___=       0.000000 meV  omega=     11.0254 meV   on_shell_Omega=     11.0822 meV  off_shell_Omega=     11.0822 meV
     lambda_tr(   1 )=       0.000000   gamma_tr=       0.000000 meV  omega=     11.0254 meV   on_shell_Omega=     11.0822 meV  off_shell_Omega=     11.0822 meV
     lambda___(   2 )=       0.000000   gamma___=       0.000000 meV  omega=     50.4084 meV   on_shell_Omega=     50.4537 meV  off_shell_Omega=     50.4537 meV
     lambda_tr(   2 )=       0.000000   gamma_tr=       0.000000 meV  omega=     50.4084 meV   on_shell_Omega=     50.4537 meV  off_shell_Omega=     50.4537 meV
     lambda___(   3 )=       0.000000   gamma___=       0.000000 meV  omega=     75.1338 meV   on_shell_Omega=     75.1142 meV  off_shell_Omega=     75.1142 meV
     lambda_tr(   3 )=       0.000000   gamma_tr=       0.000000 meV  omega=     75.1338 meV   on_shell_Omega=     75.1142 meV  off_shell_Omega=     75.1142 meV
     lambda___(   4 )=       0.000000   gamma___=       0.000000 meV  omega=    104.8076 meV   on_shell_Omega=    104.8193 meV  off_shell_Omega=    104.8193 meV
     lambda_tr(   4 )=       0.000000   gamma_tr=       0.000000 meV  omega=    104.8076 meV   on_shell_Omega=    104.8193 meV  off_shell_Omega=    104.8193 meV
     lambda___(   5 )=       0.000000   gamma___=       0.000000 meV  omega=    186.3581 meV   on_shell_Omega=    186.5240 meV  off_shell_Omega=    186.4491 meV
     lambda_tr(   5 )=       0.000000   gamma_tr=       0.000000 meV  omega=    186.3581 meV   on_shell_Omega=    186.5240 meV  off_shell_Omega=    186.4491 meV
     lambda___(   6 )=       0.000000   gamma___=       0.000000 meV  omega=    199.4562 meV   on_shell_Omega=    199.7040 meV  off_shell_Omega=    199.7971 meV
     lambda_tr(   6 )=       0.000000   gamma_tr=       0.000000 meV  omega=    199.4562 meV   on_shell_Omega=    199.7040 meV  off_shell_Omega=    199.7971 meV
     lambda___( tot )=       0.000000
     lambda_tr( tot )=       0.000000
     -------------------------------------------------------------------


     Number of (k,k+q) pairs on the Fermi surface:      303 out of      324


     ismear =     1 iq =     294 coord.:   0.88889  0.27778  0.00000 wt:   0.00309 Temp:  300.000K
     -------------------------------------------------------------------
     lambda___(   1 )=       0.000000   gamma___=       0.000000 meV  omega=     17.5109 meV   on_shell_Omega=     17.5602 meV  off_shell_Omega=     17.5602 meV
     lambda_tr(   1 )=       0.000000   gamma_tr=       0.000000 meV  omega=     17.5109 meV   on_shell_Omega=     17.5602 meV  off_shell_Omega=     17.5602 meV
     lambda___(   2 )=       0.000000   gamma___=       0.000000 meV  omega=     62.2976 meV   on_shell_Omega=     62.3333 meV  off_shell_Omega=     62.3333 meV
     lambda_tr(   2 )=       0.000000   gamma_tr=       0.000000 meV  omega=     62.2976 meV   on_shell_Omega=     62.3333 meV  off_shell_Omega=     62.3333 meV
     lambda___(   3 )=       0.000000   gamma___=       0.000000 meV  omega=     91.8297 meV   on_shell_Omega=     91.8228 meV  off_shell_Omega=     91.8228 meV
     lambda_tr(   3 )=       0.000000   gamma_tr=       0.000000 meV  omega=     91.8297 meV   on_shell_Omega=     91.8228 meV  off_shell_Omega=     91.8228 meV
     lambda___(   4 )=       0.000000   gamma___=       0.000000 meV  omega=    102.2690 meV   on_shell_Omega=    102.2881 meV  off_shell_Omega=    102.2881 meV
     lambda_tr(   4 )=       0.000000   gamma_tr=       0.000000 meV  omega=    102.2690 meV   on_shell_Omega=    102.2881 meV  off_shell_Omega=    102.2881 meV
     lambda___(   5 )=       0.000000   gamma___=       0.000000 meV  omega=    182.4229 meV   on_shell_Omega=    182.6096 meV  off_shell_Omega=    182.5119 meV
     lambda_tr(   5 )=       0.000000   gamma_tr=       0.000000 meV  omega=    182.4229 meV   on_shell_Omega=    182.6096 meV  off_shell_Omega=    182.5119 meV
     lambda___(   6 )=       0.000000   gamma___=       0.000000 meV  omega=    197.6906 meV   on_shell_Omega=    197.8341 meV  off_shell_Omega=    197.7871 meV
     lambda_tr(   6 )=       0.000000   gamma_tr=       0.000000 meV  omega=    197.6906 meV   on_shell_Omega=    197.8341 meV  off_shell_Omega=    197.7871 meV
     lambda___( tot )=       0.000000
     lambda_tr( tot )=       0.000000
     -------------------------------------------------------------------


     Number of (k,k+q) pairs on the Fermi surface:      303 out of      324


     ismear =     1 iq =     295 coord.:   0.88889  0.33333  0.00000 wt:   0.00309 Temp:  300.000K
     -------------------------------------------------------------------
     lambda___(   1 )=      -0.000000   gamma___=      -0.000000 meV  omega=     25.3647 meV   on_shell_Omega=     25.4051 meV  off_shell_Omega=     25.4051 meV
     lambda_tr(   1 )=      -0.000000   gamma_tr=      -0.000000 meV  omega=     25.3647 meV   on_shell_Omega=     25.4051 meV  off_shell_Omega=     25.4051 meV
     lambda___(   2 )=      -0.000000   gamma___=      -0.000000 meV  omega=     72.0906 meV   on_shell_Omega=     72.1140 meV  off_shell_Omega=     72.1140 meV
     lambda_tr(   2 )=      -0.000000   gamma_tr=      -0.000000 meV  omega=     72.0906 meV   on_shell_Omega=     72.1140 meV  off_shell_Omega=     72.1140 meV
     lambda___(   3 )=       0.000000   gamma___=       0.000000 meV  omega=     98.6878 meV   on_shell_Omega=     98.7234 meV  off_shell_Omega=     98.7234 meV
     lambda_tr(   3 )=       0.000000   gamma_tr=       0.000000 meV  omega=     98.6878 meV   on_shell_Omega=     98.7234 meV  off_shell_Omega=     98.7234 meV
     lambda___(   4 )=       0.000000   gamma___=       0.000000 meV  omega=    108.2117 meV   on_shell_Omega=    108.2213 meV  off_shell_Omega=    108.2213 meV
     lambda_tr(   4 )=      -0.000000   gamma_tr=      -0.000000 meV  omega=    108.2117 meV   on_shell_Omega=    108.2213 meV  off_shell_Omega=    108.2213 meV
     lambda___(   5 )=       0.000000   gamma___=       0.000000 meV  omega=    178.9327 meV   on_shell_Omega=    179.1450 meV  off_shell_Omega=    179.0201 meV
     lambda_tr(   5 )=       0.000000   gamma_tr=       0.000000 meV  omega=    178.9327 meV   on_shell_Omega=    179.1450 meV  off_shell_Omega=    179.0201 meV
     lambda___(   6 )=       0.000000   gamma___=       0.000000 meV  omega=    194.0041 meV   on_shell_Omega=    194.0951 meV  off_shell_Omega=    194.0951 meV
     lambda_tr(   6 )=       0.000000   gamma_tr=       0.000000 meV  omega=    194.0041 meV   on_shell_Omega=    194.0951 meV  off_shell_Omega=    194.0951 meV
     lambda___( tot )=      -0.000000
     lambda_tr( tot )=      -0.000000
     -------------------------------------------------------------------


     Number of (k,k+q) pairs on the Fermi surface:      302 out of      324


     ismear =     1 iq =     296 coord.:   0.88889  0.38889  0.00000 wt:   0.00309 Temp:  300.000K
     -------------------------------------------------------------------
     lambda___(   1 )=      -0.000000   gamma___=      -0.000000 meV  omega=     34.4046 meV   on_shell_Omega=     34.4377 meV  off_shell_Omega=     34.4377 meV
     lambda_tr(   1 )=      -0.000000   gamma_tr=      -0.000000 meV  omega=     34.4046 meV   on_shell_Omega=     34.4377 meV  off_shell_Omega=     34.4377 meV
     lambda___(   2 )=      -0.000000   gamma___=      -0.000000 meV  omega=     79.2119 meV   on_shell_Omega=     79.2255 meV  off_shell_Omega=     79.2255 meV
     lambda_tr(   2 )=      -0.000000   gamma_tr=      -0.000000 meV  omega=     79.2119 meV   on_shell_Omega=     79.2255 meV  off_shell_Omega=     79.2255 meV
     lambda___(   3 )=      -0.000000   gamma___=      -0.000000 meV  omega=     93.8507 meV   on_shell_Omega=     93.9029 meV  off_shell_Omega=     93.9029 meV
     lambda_tr(   3 )=      -0.000000   gamma_tr=      -0.000000 meV  omega=     93.8507 meV   on_shell_Omega=     93.9029 meV  off_shell_Omega=     93.9029 meV
     lambda___(   4 )=       0.000000   gamma___=       0.000000 meV  omega=    123.9277 meV   on_shell_Omega=    123.9384 meV  off_shell_Omega=    123.9384 meV
     lambda_tr(   4 )=       0.000000   gamma_tr=       0.000000 meV  omega=    123.9277 meV   on_shell_Omega=    123.9384 meV  off_shell_Omega=    123.9384 meV
     lambda___(   5 )=       0.000000   gamma___=       0.000000 meV  omega=    176.4596 meV   on_shell_Omega=    176.6519 meV  off_shell_Omega=    176.5457 meV
     lambda_tr(   5 )=      -0.000000   gamma_tr=      -0.000000 meV  omega=    176.4596 meV   on_shell_Omega=    176.6519 meV  off_shell_Omega=    176.5457 meV
     lambda___(   6 )=       0.000000   gamma___=       0.000000 meV  omega=    188.8066 meV   on_shell_Omega=    188.8635 meV  off_shell_Omega=    188.8635 meV
     lambda_tr(   6 )=       0.000000   gamma_tr=       0.000000 meV  omega=    188.8066 meV   on_shell_Omega=    188.8635 meV  off_shell_Omega=    188.8635 meV
     lambda___( tot )=      -0.000000
     lambda_tr( tot )=      -0.000000
     -------------------------------------------------------------------


     Number of (k,k+q) pairs on the Fermi surface:      304 out of      324


     ismear =     1 iq =     297 coord.:   0.88889  0.44444  0.00000 wt:   0.00309 Temp:  300.000K
     -------------------------------------------------------------------
     lambda___(   1 )=      -0.000000   gamma___=      -0.000000 meV  omega=     44.1153 meV   on_shell_Omega=     44.1266 meV  off_shell_Omega=     44.1266 meV
     lambda_tr(   1 )=      -0.000000   gamma_tr=      -0.000000 meV  omega=     44.1153 meV   on_shell_Omega=     44.1266 meV  off_shell_Omega=     44.1266 meV
     lambda___(   2 )=      -0.000000   gamma___=      -0.000000 meV  omega=     84.1622 meV   on_shell_Omega=     84.1719 meV  off_shell_Omega=     84.1719 meV
     lambda_tr(   2 )=      -0.000000   gamma_tr=      -0.000000 meV  omega=     84.1622 meV   on_shell_Omega=     84.1719 meV  off_shell_Omega=     84.1719 meV
     lambda___(   3 )=      -0.000000   gamma___=      -0.000000 meV  omega=     87.7144 meV   on_shell_Omega=     87.7661 meV  off_shell_Omega=     87.7661 meV
     lambda_tr(   3 )=      -0.000000   gamma_tr=      -0.000000 meV  omega=     87.7144 meV   on_shell_Omega=     87.7661 meV  off_shell_Omega=     87.7661 meV
     lambda___(   4 )=       0.000000   gamma___=       0.000000 meV  omega=    138.6368 meV   on_shell_Omega=    138.6489 meV  off_shell_Omega=    138.6489 meV
     lambda_tr(   4 )=       0.000000   gamma_tr=       0.000000 meV  omega=    138.6368 meV   on_shell_Omega=    138.6489 meV  off_shell_Omega=    138.6489 meV
     lambda___(   5 )=       0.000000   gamma___=       0.000000 meV  omega=    174.5519 meV   on_shell_Omega=    174.7271 meV  off_shell_Omega=    174.6371 meV
     lambda_tr(   5 )=       0.000000   gamma_tr=       0.000000 meV  omega=    174.5519 meV   on_shell_Omega=    174.7271 meV  off_shell_Omega=    174.6371 meV
     lambda___(   6 )=       0.000000   gamma___=       0.000000 meV  omega=    182.1456 meV   on_shell_Omega=    182.1949 meV  off_shell_Omega=    182.1949 meV
     lambda_tr(   6 )=       0.000000   gamma_tr=       0.000000 meV  omega=    182.1456 meV   on_shell_Omega=    182.1949 meV  off_shell_Omega=    182.1949 meV
     lambda___( tot )=       0.000000
     lambda_tr( tot )=       0.000000
     -------------------------------------------------------------------


     Number of (k,k+q) pairs on the Fermi surface:      302 out of      324


     ismear =     1 iq =     298 coord.:   0.88889  0.50000  0.00000 wt:   0.00309 Temp:  300.000K
     -------------------------------------------------------------------
     lambda___(   1 )=       0.000000   gamma___=       0.000000 meV  omega=     53.2693 meV   on_shell_Omega=     53.3042 meV  off_shell_Omega=     53.3042 meV
     lambda_tr(   1 )=      -0.000000   gamma_tr=      -0.000000 meV  omega=     53.2693 meV   on_shell_Omega=     53.3042 meV  off_shell_Omega=     53.3042 meV
     lambda___(   2 )=       0.000000   gamma___=       0.000000 meV  omega=     80.9436 meV   on_shell_Omega=     80.9815 meV  off_shell_Omega=     80.9815 meV
     lambda_tr(   2 )=       0.000000   gamma_tr=       0.000000 meV  omega=     80.9436 meV   on_shell_Omega=     80.9815 meV  off_shell_Omega=     80.9815 meV
     lambda___(   3 )=       0.000000   gamma___=       0.000000 meV  omega=     87.3444 meV   on_shell_Omega=     87.3482 meV  off_shell_Omega=     87.3482 meV
     lambda_tr(   3 )=       0.000000   gamma_tr=       0.000000 meV  omega=     87.3444 meV   on_shell_Omega=     87.3482 meV  off_shell_Omega=     87.3482 meV
     lambda___(   4 )=       0.000000   gamma___=       0.000000 meV  omega=    151.8909 meV   on_shell_Omega=    151.9011 meV  off_shell_Omega=    151.9011 meV
     lambda_tr(   4 )=       0.000000   gamma_tr=       0.000000 meV  omega=    151.8909 meV   on_shell_Omega=    151.9011 meV  off_shell_Omega=    151.9011 meV
     lambda___(   5 )=       0.000000   gamma___=       0.000000 meV  omega=    172.5647 meV   on_shell_Omega=    172.6472 meV  off_shell_Omega=    172.6472 meV
     lambda_tr(   5 )=       0.000000   gamma_tr=       0.000000 meV  omega=    172.5647 meV   on_shell_Omega=    172.6472 meV  off_shell_Omega=    172.6472 meV
     lambda___(   6 )=       0.000000   gamma___=       0.000000 meV  omega=    174.2946 meV   on_shell_Omega=    174.4362 meV  off_shell_Omega=    174.3797 meV
     lambda_tr(   6 )=       0.000000   gamma_tr=       0.000000 meV  omega=    174.2946 meV   on_shell_Omega=    174.4362 meV  off_shell_Omega=    174.3797 meV
     lambda___( tot )=       0.000000
     lambda_tr( tot )=       0.000000
     -------------------------------------------------------------------


     Number of (k,k+q) pairs on the Fermi surface:      302 out of      324


     ismear =     1 iq =     299 coord.:   0.88889  0.55556  0.00000 wt:   0.00309 Temp:  300.000K
     -------------------------------------------------------------------
     lambda___(   1 )=      -0.000000   gamma___=      -0.000000 meV  omega=     58.0532 meV   on_shell_Omega=     58.0872 meV  off_shell_Omega=     58.0872 meV
     lambda_tr(   1 )=      -0.000000   gamma_tr=      -0.000000 meV  omega=     58.0532 meV   on_shell_Omega=     58.0872 meV  off_shell_Omega=     58.0872 meV
     lambda___(   2 )=      -0.000000   gamma___=      -0.000000 meV  omega=     76.9920 meV   on_shell_Omega=     77.0179 meV  off_shell_Omega=     77.0179 meV
     lambda_tr(   2 )=      -0.000000   gamma_tr=      -0.000000 meV  omega=     76.9920 meV   on_shell_Omega=     77.0179 meV  off_shell_Omega=     77.0179 meV
     lambda___(   3 )=      -0.000000   gamma___=      -0.000000 meV  omega=     88.4970 meV   on_shell_Omega=     88.4964 meV  off_shell_Omega=     88.4964 meV
     lambda_tr(   3 )=      -0.000000   gamma_tr=      -0.000000 meV  omega=     88.4970 meV   on_shell_Omega=     88.4964 meV  off_shell_Omega=     88.4964 meV
     lambda___(   4 )=       0.000000   gamma___=       0.000000 meV  omega=    162.1541 meV   on_shell_Omega=    162.1347 meV  off_shell_Omega=    162.1347 meV
     lambda_tr(   4 )=       0.000000   gamma_tr=       0.000000 meV  omega=    162.1541 meV   on_shell_Omega=    162.1347 meV  off_shell_Omega=    162.1347 meV
     lambda___(   5 )=       0.000000   gamma___=       0.000000 meV  omega=    165.0703 meV   on_shell_Omega=    165.1125 meV  off_shell_Omega=    165.1125 meV
     lambda_tr(   5 )=       0.000000   gamma_tr=       0.000000 meV  omega=    165.0703 meV   on_shell_Omega=    165.1125 meV  off_shell_Omega=    165.1125 meV
     lambda___(   6 )=       0.000000   gamma___=       0.000000 meV  omega=    172.5188 meV   on_shell_Omega=    172.7069 meV  off_shell_Omega=    172.6031 meV
     lambda_tr(   6 )=       0.000000   gamma_tr=       0.000000 meV  omega=    172.5188 meV   on_shell_Omega=    172.7069 meV  off_shell_Omega=    172.6031 meV
     lambda___( tot )=      -0.000000
     lambda_tr( tot )=      -0.000000
     -------------------------------------------------------------------


     Number of (k,k+q) pairs on the Fermi surface:      303 out of      324


     ismear =     1 iq =     300 coord.:   0.88889  0.61111  0.00000 wt:   0.00309 Temp:  300.000K
     -------------------------------------------------------------------
     lambda___(   1 )=       0.000000   gamma___=       0.000000 meV  omega=     53.2693 meV   on_shell_Omega=     53.3290 meV  off_shell_Omega=     53.3290 meV
     lambda_tr(   1 )=       0.000000   gamma_tr=       0.000000 meV  omega=     53.2693 meV   on_shell_Omega=     53.3290 meV  off_shell_Omega=     53.3290 meV
     lambda___(   2 )=       0.000000   gamma___=       0.000000 meV  omega=     80.9436 meV   on_shell_Omega=     80.9755 meV  off_shell_Omega=     80.9755 meV
     lambda_tr(   2 )=       0.000000   gamma_tr=       0.000000 meV  omega=     80.9436 meV   on_shell_Omega=     80.9755 meV  off_shell_Omega=     80.9755 meV
     lambda___(   3 )=       0.000000   gamma___=       0.000000 meV  omega=     87.3444 meV   on_shell_Omega=     87.3477 meV  off_shell_Omega=     87.3477 meV
     lambda_tr(   3 )=       0.000000   gamma_tr=       0.000000 meV  omega=     87.3444 meV   on_shell_Omega=     87.3477 meV  off_shell_Omega=     87.3477 meV
     lambda___(   4 )=       0.000000   gamma___=       0.000000 meV  omega=    151.8909 meV   on_shell_Omega=    151.9017 meV  off_shell_Omega=    151.9017 meV
     lambda_tr(   4 )=       0.000000   gamma_tr=       0.000000 meV  omega=    151.8909 meV   on_shell_Omega=    151.9017 meV  off_shell_Omega=    151.9017 meV
     lambda___(   5 )=       0.000000   gamma___=       0.000000 meV  omega=    172.5647 meV   on_shell_Omega=    172.6396 meV  off_shell_Omega=    172.6396 meV
     lambda_tr(   5 )=       0.000000   gamma_tr=       0.000000 meV  omega=    172.5647 meV   on_shell_Omega=    172.6396 meV  off_shell_Omega=    172.6396 meV
     lambda___(   6 )=       0.000000   gamma___=       0.000000 meV  omega=    174.2946 meV   on_shell_Omega=    174.4273 meV  off_shell_Omega=    174.4273 meV
     lambda_tr(   6 )=       0.000000   gamma_tr=       0.000000 meV  omega=    174.2946 meV   on_shell_Omega=    174.4273 meV  off_shell_Omega=    174.4273 meV
     lambda___( tot )=       0.000000
     lambda_tr( tot )=       0.000000
     -------------------------------------------------------------------


     Number of (k,k+q) pairs on the Fermi surface:      302 out of      324


     ismear =     1 iq =     301 coord.:   0.88889  0.66667  0.00000 wt:   0.00309 Temp:  300.000K
     -------------------------------------------------------------------
     lambda___(   1 )=       0.000000   gamma___=       0.000000 meV  omega=     44.1153 meV   on_shell_Omega=     44.1603 meV  off_shell_Omega=     44.1603 meV
     lambda_tr(   1 )=       0.000000   gamma_tr=       0.000000 meV  omega=     44.1153 meV   on_shell_Omega=     44.1603 meV  off_shell_Omega=     44.1603 meV
     lambda___(   2 )=       0.000000   gamma___=       0.000000 meV  omega=     84.1622 meV   on_shell_Omega=     84.1709 meV  off_shell_Omega=     84.1709 meV
     lambda_tr(   2 )=       0.000000   gamma_tr=       0.000000 meV  omega=     84.1622 meV   on_shell_Omega=     84.1709 meV  off_shell_Omega=     84.1709 meV
     lambda___(   3 )=       0.000000   gamma___=       0.000000 meV  omega=     87.7144 meV   on_shell_Omega=     87.7531 meV  off_shell_Omega=     87.7531 meV
     lambda_tr(   3 )=       0.000000   gamma_tr=       0.000000 meV  omega=     87.7144 meV   on_shell_Omega=     87.7531 meV  off_shell_Omega=     87.7531 meV
     lambda___(   4 )=       0.000000   gamma___=       0.000000 meV  omega=    138.6368 meV   on_shell_Omega=    138.6569 meV  off_shell_Omega=    138.6569 meV
     lambda_tr(   4 )=      -0.000000   gamma_tr=      -0.000000 meV  omega=    138.6368 meV   on_shell_Omega=    138.6569 meV  off_shell_Omega=    138.6569 meV
     lambda___(   5 )=       0.000000   gamma___=       0.000000 meV  omega=    174.5519 meV   on_shell_Omega=    174.7519 meV  off_shell_Omega=    174.6371 meV
     lambda_tr(   5 )=      -0.000000   gamma_tr=      -0.000000 meV  omega=    174.5519 meV   on_shell_Omega=    174.7519 meV  off_shell_Omega=    174.6371 meV
     lambda___(   6 )=       0.000000   gamma___=       0.000000 meV  omega=    182.1456 meV   on_shell_Omega=    182.2014 meV  off_shell_Omega=    182.2014 meV
     lambda_tr(   6 )=      -0.000000   gamma_tr=      -0.000000 meV  omega=    182.1456 meV   on_shell_Omega=    182.2014 meV  off_shell_Omega=    182.2014 meV
     lambda___( tot )=       0.000000
     lambda_tr( tot )=      -0.000000
     -------------------------------------------------------------------


     Number of (k,k+q) pairs on the Fermi surface:      302 out of      324


     ismear =     1 iq =     302 coord.:   0.88889  0.72222  0.00000 wt:   0.00309 Temp:  300.000K
     -------------------------------------------------------------------
     lambda___(   1 )=       0.000000   gamma___=       0.000000 meV  omega=     34.4046 meV   on_shell_Omega=     34.4350 meV  off_shell_Omega=     34.4350 meV
     lambda_tr(   1 )=       0.000000   gamma_tr=       0.000000 meV  omega=     34.4046 meV   on_shell_Omega=     34.4350 meV  off_shell_Omega=     34.4350 meV
     lambda___(   2 )=       0.000000   gamma___=       0.000000 meV  omega=     79.2119 meV   on_shell_Omega=     79.2272 meV  off_shell_Omega=     79.2272 meV
     lambda_tr(   2 )=       0.000000   gamma_tr=       0.000000 meV  omega=     79.2119 meV   on_shell_Omega=     79.2272 meV  off_shell_Omega=     79.2272 meV
     lambda___(   3 )=       0.000000   gamma___=       0.000000 meV  omega=     93.8507 meV   on_shell_Omega=     93.8813 meV  off_shell_Omega=     93.8813 meV
     lambda_tr(   3 )=       0.000000   gamma_tr=       0.000000 meV  omega=     93.8507 meV   on_shell_Omega=     93.8813 meV  off_shell_Omega=     93.8813 meV
     lambda___(   4 )=       0.000000   gamma___=       0.000000 meV  omega=    123.9277 meV   on_shell_Omega=    123.9485 meV  off_shell_Omega=    123.9485 meV
     lambda_tr(   4 )=       0.000000   gamma_tr=       0.000000 meV  omega=    123.9277 meV   on_shell_Omega=    123.9485 meV  off_shell_Omega=    123.9485 meV
     lambda___(   5 )=       0.000000   gamma___=       0.000000 meV  omega=    176.4596 meV   on_shell_Omega=    176.6769 meV  off_shell_Omega=    176.5457 meV
     lambda_tr(   5 )=       0.000000   gamma_tr=       0.000000 meV  omega=    176.4596 meV   on_shell_Omega=    176.6769 meV  off_shell_Omega=    176.5457 meV
     lambda___(   6 )=       0.000000   gamma___=       0.000000 meV  omega=    188.8066 meV   on_shell_Omega=    188.8868 meV  off_shell_Omega=    188.8868 meV
     lambda_tr(   6 )=       0.000000   gamma_tr=       0.000000 meV  omega=    188.8066 meV   on_shell_Omega=    188.8868 meV  off_shell_Omega=    188.8868 meV
     lambda___( tot )=       0.000000
     lambda_tr( tot )=       0.000000
     -------------------------------------------------------------------


     Number of (k,k+q) pairs on the Fermi surface:      302 out of      324


     ismear =     1 iq =     303 coord.:   0.88889  0.77778  0.00000 wt:   0.00309 Temp:  300.000K
     -------------------------------------------------------------------
     lambda___(   1 )=      -0.000000   gamma___=      -0.000000 meV  omega=     25.3647 meV   on_shell_Omega=     25.3902 meV  off_shell_Omega=     25.3902 meV
     lambda_tr(   1 )=      -0.000000   gamma_tr=      -0.000000 meV  omega=     25.3647 meV   on_shell_Omega=     25.3902 meV  off_shell_Omega=     25.3902 meV
     lambda___(   2 )=      -0.000000   gamma___=      -0.000000 meV  omega=     72.0906 meV   on_shell_Omega=     72.1184 meV  off_shell_Omega=     72.1184 meV
     lambda_tr(   2 )=      -0.000000   gamma_tr=      -0.000000 meV  omega=     72.0906 meV   on_shell_Omega=     72.1184 meV  off_shell_Omega=     72.1184 meV
     lambda___(   3 )=       0.000000   gamma___=       0.000000 meV  omega=     98.6878 meV   on_shell_Omega=     98.7098 meV  off_shell_Omega=     98.7098 meV
     lambda_tr(   3 )=      -0.000000   gamma_tr=      -0.000000 meV  omega=     98.6878 meV   on_shell_Omega=     98.7098 meV  off_shell_Omega=     98.7098 meV
     lambda___(   4 )=       0.000000   gamma___=       0.000000 meV  omega=    108.2117 meV   on_shell_Omega=    108.2225 meV  off_shell_Omega=    108.2225 meV
     lambda_tr(   4 )=      -0.000000   gamma_tr=      -0.000000 meV  omega=    108.2117 meV   on_shell_Omega=    108.2225 meV  off_shell_Omega=    108.2225 meV
     lambda___(   5 )=       0.000000   gamma___=       0.000000 meV  omega=    178.9327 meV   on_shell_Omega=    179.1946 meV  off_shell_Omega=    179.2385 meV
     lambda_tr(   5 )=      -0.000000   gamma_tr=      -0.000000 meV  omega=    178.9327 meV   on_shell_Omega=    179.1946 meV  off_shell_Omega=    179.2385 meV
     lambda___(   6 )=       0.000000   gamma___=       0.000000 meV  omega=    194.0041 meV   on_shell_Omega=    194.1382 meV  off_shell_Omega=    194.1382 meV
     lambda_tr(   6 )=      -0.000000   gamma_tr=      -0.000000 meV  omega=    194.0041 meV   on_shell_Omega=    194.1382 meV  off_shell_Omega=    194.1382 meV
     lambda___( tot )=       0.000000
     lambda_tr( tot )=      -0.000000
     -------------------------------------------------------------------


     Number of (k,k+q) pairs on the Fermi surface:      302 out of      324


     ismear =     1 iq =     304 coord.:   0.88889  0.83333  0.00000 wt:   0.00309 Temp:  300.000K
     -------------------------------------------------------------------
     lambda___(   1 )=      -0.000000   gamma___=      -0.000000 meV  omega=     17.5109 meV   on_shell_Omega=     17.5451 meV  off_shell_Omega=     17.5451 meV
     lambda_tr(   1 )=      -0.000000   gamma_tr=      -0.000000 meV  omega=     17.5109 meV   on_shell_Omega=     17.5451 meV  off_shell_Omega=     17.5451 meV
     lambda___(   2 )=      -0.000000   gamma___=      -0.000000 meV  omega=     62.2976 meV   on_shell_Omega=     62.3295 meV  off_shell_Omega=     62.3295 meV
     lambda_tr(   2 )=      -0.000000   gamma_tr=      -0.000000 meV  omega=     62.2976 meV   on_shell_Omega=     62.3295 meV  off_shell_Omega=     62.3295 meV
     lambda___(   3 )=      -0.000000   gamma___=      -0.000000 meV  omega=     91.8297 meV   on_shell_Omega=     91.8279 meV  off_shell_Omega=     91.8279 meV
     lambda_tr(   3 )=      -0.000000   gamma_tr=      -0.000000 meV  omega=     91.8297 meV   on_shell_Omega=     91.8279 meV  off_shell_Omega=     91.8279 meV
     lambda___(   4 )=      -0.000000   gamma___=      -0.000000 meV  omega=    102.2690 meV   on_shell_Omega=    102.2903 meV  off_shell_Omega=    102.2903 meV
     lambda_tr(   4 )=      -0.000000   gamma_tr=      -0.000000 meV  omega=    102.2690 meV   on_shell_Omega=    102.2903 meV  off_shell_Omega=    102.2903 meV
     lambda___(   5 )=       0.000000   gamma___=       0.000000 meV  omega=    182.4229 meV   on_shell_Omega=    182.7531 meV  off_shell_Omega=    182.7346 meV
     lambda_tr(   5 )=       0.000000   gamma_tr=       0.000000 meV  omega=    182.4229 meV   on_shell_Omega=    182.7531 meV  off_shell_Omega=    182.7346 meV
     lambda___(   6 )=       0.000000   gamma___=       0.000000 meV  omega=    197.6906 meV   on_shell_Omega=    197.8613 meV  off_shell_Omega=    197.7871 meV
     lambda_tr(   6 )=       0.000000   gamma_tr=       0.000000 meV  omega=    197.6906 meV   on_shell_Omega=    197.8613 meV  off_shell_Omega=    197.7871 meV
     lambda___( tot )=      -0.000000
     lambda_tr( tot )=      -0.000000
     -------------------------------------------------------------------


     Number of (k,k+q) pairs on the Fermi surface:      302 out of      324


     ismear =     1 iq =     305 coord.:   0.88889  0.88889  0.00000 wt:   0.00309 Temp:  300.000K
     -------------------------------------------------------------------
     lambda___(   1 )=       0.000000   gamma___=       0.000000 meV  omega=     11.0254 meV   on_shell_Omega=     11.0637 meV  off_shell_Omega=     11.0637 meV
     lambda_tr(   1 )=       0.000000   gamma_tr=       0.000000 meV  omega=     11.0254 meV   on_shell_Omega=     11.0637 meV  off_shell_Omega=     11.0637 meV
     lambda___(   2 )=       0.000000   gamma___=       0.000000 meV  omega=     50.4084 meV   on_shell_Omega=     50.4576 meV  off_shell_Omega=     50.4576 meV
     lambda_tr(   2 )=       0.000000   gamma_tr=       0.000000 meV  omega=     50.4084 meV   on_shell_Omega=     50.4576 meV  off_shell_Omega=     50.4576 meV
     lambda___(   3 )=       0.000000   gamma___=       0.000000 meV  omega=     75.1338 meV   on_shell_Omega=     75.1197 meV  off_shell_Omega=     75.1197 meV
     lambda_tr(   3 )=       0.000000   gamma_tr=       0.000000 meV  omega=     75.1338 meV   on_shell_Omega=     75.1197 meV  off_shell_Omega=     75.1197 meV
     lambda___(   4 )=       0.000000   gamma___=       0.000000 meV  omega=    104.8076 meV   on_shell_Omega=    104.8176 meV  off_shell_Omega=    104.8176 meV
     lambda_tr(   4 )=       0.000000   gamma_tr=       0.000000 meV  omega=    104.8076 meV   on_shell_Omega=    104.8176 meV  off_shell_Omega=    104.8176 meV
     lambda___(   5 )=       0.000000   gamma___=       0.000000 meV  omega=    186.3581 meV   on_shell_Omega=    186.6606 meV  off_shell_Omega=    186.6765 meV
     lambda_tr(   5 )=      -0.000000   gamma_tr=      -0.000000 meV  omega=    186.3581 meV   on_shell_Omega=    186.6606 meV  off_shell_Omega=    186.6765 meV
     lambda___(   6 )=       0.000000   gamma___=       0.000000 meV  omega=    199.4562 meV   on_shell_Omega=    199.7379 meV  off_shell_Omega=    199.7971 meV
     lambda_tr(   6 )=       0.000000   gamma_tr=       0.000000 meV  omega=    199.4562 meV   on_shell_Omega=    199.7379 meV  off_shell_Omega=    199.7971 meV
     lambda___( tot )=       0.000000
     lambda_tr( tot )=       0.000000
     -------------------------------------------------------------------


     Number of (k,k+q) pairs on the Fermi surface:      303 out of      324


     ismear =     1 iq =     306 coord.:   0.88889  0.94444  0.00000 wt:   0.00309 Temp:  300.000K
     -------------------------------------------------------------------
     lambda___(   1 )=       0.000000   gamma___=       0.000000 meV  omega=      6.1788 meV   on_shell_Omega=      6.2224 meV  off_shell_Omega=      6.2224 meV
     lambda_tr(   1 )=       0.000000   gamma_tr=       0.000000 meV  omega=      6.1788 meV   on_shell_Omega=      6.2224 meV  off_shell_Omega=      6.2224 meV
     lambda___(   2 )=       0.000000   gamma___=       0.000000 meV  omega=     38.3588 meV   on_shell_Omega=     38.4074 meV  off_shell_Omega=     38.4074 meV
     lambda_tr(   2 )=       0.000000   gamma_tr=       0.000000 meV  omega=     38.3588 meV   on_shell_Omega=     38.4074 meV  off_shell_Omega=     38.4074 meV
     lambda___(   3 )=       0.000000   gamma___=       0.000000 meV  omega=     59.1623 meV   on_shell_Omega=     59.1747 meV  off_shell_Omega=     59.1747 meV
     lambda_tr(   3 )=       0.000000   gamma_tr=       0.000000 meV  omega=     59.1623 meV   on_shell_Omega=     59.1747 meV  off_shell_Omega=     59.1747 meV
     lambda___(   4 )=       0.000000   gamma___=       0.000000 meV  omega=    106.4776 meV   on_shell_Omega=    106.4853 meV  off_shell_Omega=    106.4853 meV
     lambda_tr(   4 )=       0.000000   gamma_tr=       0.000000 meV  omega=    106.4776 meV   on_shell_Omega=    106.4853 meV  off_shell_Omega=    106.4853 meV
     lambda___(   5 )=       0.000000   gamma___=       0.000000 meV  omega=    189.5139 meV   on_shell_Omega=    189.7508 meV  off_shell_Omega=    189.8378 meV
     lambda_tr(   5 )=       0.000000   gamma_tr=       0.000000 meV  omega=    189.5139 meV   on_shell_Omega=    189.7508 meV  off_shell_Omega=    189.8378 meV
     lambda___(   6 )=       0.000000   gamma___=       0.000000 meV  omega=    199.0756 meV   on_shell_Omega=    199.5100 meV  off_shell_Omega=    199.4159 meV
     lambda_tr(   6 )=       0.000000   gamma_tr=       0.000000 meV  omega=    199.0756 meV   on_shell_Omega=    199.5100 meV  off_shell_Omega=    199.4159 meV
     lambda___( tot )=       0.000000
     lambda_tr( tot )=       0.000000
     -------------------------------------------------------------------


     Number of (k,k+q) pairs on the Fermi surface:      303 out of      324


     ismear =     1 iq =     307 coord.:   0.94444  0.00000  0.00000 wt:   0.00309 Temp:  300.000K
     -------------------------------------------------------------------
     lambda___(   1 )=       0.000000   gamma___=       0.000000 meV  omega=      0.9780 meV   on_shell_Omega=      1.1703 meV  off_shell_Omega=      1.1002 meV
     lambda_tr(   1 )=       0.000000   gamma_tr=       0.000000 meV  omega=      0.9780 meV   on_shell_Omega=      1.1703 meV  off_shell_Omega=      1.1002 meV
     lambda___(   2 )=       0.000000   gamma___=       0.000000 meV  omega=     15.0453 meV   on_shell_Omega=     14.9902 meV  off_shell_Omega=     14.9902 meV
     lambda_tr(   2 )=       0.000000   gamma_tr=       0.000000 meV  omega=     15.0453 meV   on_shell_Omega=     14.9902 meV  off_shell_Omega=     14.9902 meV
     lambda___(   3 )=       0.000000   gamma___=       0.000000 meV  omega=     23.6129 meV   on_shell_Omega=     23.5950 meV  off_shell_Omega=     23.5950 meV
     lambda_tr(   3 )=       0.000000   gamma_tr=       0.000000 meV  omega=     23.6129 meV   on_shell_Omega=     23.5950 meV  off_shell_Omega=     23.5950 meV
     lambda___(   4 )=       0.000000   gamma___=       0.000000 meV  omega=    108.3102 meV   on_shell_Omega=    108.3141 meV  off_shell_Omega=    108.3141 meV
     lambda_tr(   4 )=       0.000000   gamma_tr=       0.000000 meV  omega=    108.3102 meV   on_shell_Omega=    108.3141 meV  off_shell_Omega=    108.3141 meV
     lambda___(   5 )=       0.000000   gamma___=       0.000000 meV  omega=    192.8850 meV   on_shell_Omega=    192.9059 meV  off_shell_Omega=    192.9059 meV
     lambda_tr(   5 )=       0.000000   gamma_tr=       0.000000 meV  omega=    192.8850 meV   on_shell_Omega=    192.9059 meV  off_shell_Omega=    192.9059 meV
     lambda___(   6 )=       0.000000   gamma___=       0.000000 meV  omega=    194.6584 meV   on_shell_Omega=    194.9668 meV  off_shell_Omega=    194.9911 meV
     lambda_tr(   6 )=       0.000000   gamma_tr=       0.000000 meV  omega=    194.6584 meV   on_shell_Omega=    194.9668 meV  off_shell_Omega=    194.9911 meV
     lambda___( tot )=       0.000000
     lambda_tr( tot )=       0.000000
     -------------------------------------------------------------------


     Number of (k,k+q) pairs on the Fermi surface:      304 out of      324


     ismear =     1 iq =     308 coord.:   0.94444  0.05556  0.00000 wt:   0.00309 Temp:  300.000K
     -------------------------------------------------------------------
     lambda___(   1 )=      -0.000000   gamma___=      -0.000000 meV  omega=      0.9779 meV   on_shell_Omega=      1.2994 meV  off_shell_Omega=      1.4058 meV
     lambda_tr(   1 )=      -0.000000   gamma_tr=      -0.000000 meV  omega=      0.9779 meV   on_shell_Omega=      1.2994 meV  off_shell_Omega=      1.4058 meV
     lambda___(   2 )=      -0.000000   gamma___=      -0.000000 meV  omega=     15.0453 meV   on_shell_Omega=     15.0047 meV  off_shell_Omega=     15.0047 meV
     lambda_tr(   2 )=      -0.000000   gamma_tr=      -0.000000 meV  omega=     15.0453 meV   on_shell_Omega=     15.0047 meV  off_shell_Omega=     15.0047 meV
     lambda___(   3 )=       0.000000   gamma___=       0.000000 meV  omega=     23.6129 meV   on_shell_Omega=     23.6010 meV  off_shell_Omega=     23.6010 meV
     lambda_tr(   3 )=      -0.000000   gamma_tr=      -0.000000 meV  omega=     23.6129 meV   on_shell_Omega=     23.6010 meV  off_shell_Omega=     23.6010 meV
     lambda___(   4 )=       0.000000   gamma___=       0.000000 meV  omega=    108.3102 meV   on_shell_Omega=    108.3156 meV  off_shell_Omega=    108.3156 meV
     lambda_tr(   4 )=       0.000000   gamma_tr=       0.000000 meV  omega=    108.3102 meV   on_shell_Omega=    108.3156 meV  off_shell_Omega=    108.3156 meV
     lambda___(   5 )=       0.000000   gamma___=       0.000000 meV  omega=    192.8850 meV   on_shell_Omega=    193.0466 meV  off_shell_Omega=    192.9792 meV
     lambda_tr(   5 )=       0.000000   gamma_tr=       0.000000 meV  omega=    192.8850 meV   on_shell_Omega=    193.0466 meV  off_shell_Omega=    192.9792 meV
     lambda___(   6 )=       0.000000   gamma___=       0.000000 meV  omega=    194.6584 meV   on_shell_Omega=    195.2350 meV  off_shell_Omega=    195.2287 meV
     lambda_tr(   6 )=       0.000000   gamma_tr=       0.000000 meV  omega=    194.6584 meV   on_shell_Omega=    195.2350 meV  off_shell_Omega=    195.2287 meV
     lambda___( tot )=      -0.000000
     lambda_tr( tot )=      -0.000000
     -------------------------------------------------------------------


     Number of (k,k+q) pairs on the Fermi surface:      303 out of      324


     ismear =     1 iq =     309 coord.:   0.94444  0.11111  0.00000 wt:   0.00309 Temp:  300.000K
     -------------------------------------------------------------------
     lambda___(   1 )=       0.000000   gamma___=       0.000000 meV  omega=      2.2256 meV   on_shell_Omega=      2.5213 meV  off_shell_Omega=      2.5038 meV
     lambda_tr(   1 )=       0.000000   gamma_tr=       0.000000 meV  omega=      2.2256 meV   on_shell_Omega=      2.5213 meV  off_shell_Omega=      2.5038 meV
     lambda___(   2 )=       0.000000   gamma___=       0.000000 meV  omega=     25.5120 meV   on_shell_Omega=     25.5565 meV  off_shell_Omega=     25.5565 meV
     lambda_tr(   2 )=       0.000000   gamma_tr=       0.000000 meV  omega=     25.5120 meV   on_shell_Omega=     25.5565 meV  off_shell_Omega=     25.5565 meV
     lambda___(   3 )=       0.000000   gamma___=       0.000000 meV  omega=     39.3028 meV   on_shell_Omega=     39.2882 meV  off_shell_Omega=     39.2882 meV
     lambda_tr(   3 )=       0.000000   gamma_tr=       0.000000 meV  omega=     39.3028 meV   on_shell_Omega=     39.2882 meV  off_shell_Omega=     39.2882 meV
     lambda___(   4 )=       0.000000   gamma___=       0.000000 meV  omega=    107.7204 meV   on_shell_Omega=    107.7290 meV  off_shell_Omega=    107.7290 meV
     lambda_tr(   4 )=       0.000000   gamma_tr=       0.000000 meV  omega=    107.7204 meV   on_shell_Omega=    107.7290 meV  off_shell_Omega=    107.7290 meV
     lambda___(   5 )=       0.000000   gamma___=       0.000000 meV  omega=    191.8831 meV   on_shell_Omega=    192.0804 meV  off_shell_Omega=    191.9768 meV
     lambda_tr(   5 )=       0.000000   gamma_tr=       0.000000 meV  omega=    191.8831 meV   on_shell_Omega=    192.0804 meV  off_shell_Omega=    191.9768 meV
     lambda___(   6 )=       0.000000   gamma___=       0.000000 meV  omega=    196.8342 meV   on_shell_Omega=    197.4549 meV  off_shell_Omega=    197.4108 meV
     lambda_tr(   6 )=       0.000000   gamma_tr=       0.000000 meV  omega=    196.8342 meV   on_shell_Omega=    197.4549 meV  off_shell_Omega=    197.4108 meV
     lambda___( tot )=       0.000000
     lambda_tr( tot )=       0.000000
     -------------------------------------------------------------------


     Number of (k,k+q) pairs on the Fermi surface:      302 out of      324


     ismear =     1 iq =     310 coord.:   0.94444  0.16667  0.00000 wt:   0.00309 Temp:  300.000K
     -------------------------------------------------------------------
     lambda___(   1 )=      -0.000000   gamma___=      -0.000000 meV  omega=      6.2622 meV   on_shell_Omega=      6.3254 meV  off_shell_Omega=      6.3254 meV
     lambda_tr(   1 )=      -0.000000   gamma_tr=      -0.000000 meV  omega=      6.2622 meV   on_shell_Omega=      6.3254 meV  off_shell_Omega=      6.3254 meV
     lambda___(   2 )=      -0.000000   gamma___=      -0.000000 meV  omega=     38.1809 meV   on_shell_Omega=     38.2288 meV  off_shell_Omega=     38.2288 meV
     lambda_tr(   2 )=      -0.000000   gamma_tr=      -0.000000 meV  omega=     38.1809 meV   on_shell_Omega=     38.2288 meV  off_shell_Omega=     38.2288 meV
     lambda___(   3 )=      -0.000000   gamma___=      -0.000000 meV  omega=     59.3051 meV   on_shell_Omega=     59.3024 meV  off_shell_Omega=     59.3024 meV
     lambda_tr(   3 )=      -0.000000   gamma_tr=      -0.000000 meV  omega=     59.3051 meV   on_shell_Omega=     59.3024 meV  off_shell_Omega=     59.3024 meV
     lambda___(   4 )=      -0.000000   gamma___=      -0.000000 meV  omega=    106.4727 meV   on_shell_Omega=    106.4804 meV  off_shell_Omega=    106.4804 meV
     lambda_tr(   4 )=      -0.000000   gamma_tr=      -0.000000 meV  omega=    106.4727 meV   on_shell_Omega=    106.4804 meV  off_shell_Omega=    106.4804 meV
     lambda___(   5 )=      -0.000000   gamma___=      -0.000000 meV  omega=    189.5435 meV   on_shell_Omega=    189.7585 meV  off_shell_Omega=    189.6361 meV
     lambda_tr(   5 )=      -0.000000   gamma_tr=      -0.000000 meV  omega=    189.5435 meV   on_shell_Omega=    189.7585 meV  off_shell_Omega=    189.6361 meV
     lambda___(   6 )=      -0.000000   gamma___=      -0.000000 meV  omega=    199.0392 meV   on_shell_Omega=    199.4716 meV  off_shell_Omega=    199.3794 meV
     lambda_tr(   6 )=      -0.000000   gamma_tr=      -0.000000 meV  omega=    199.0392 meV   on_shell_Omega=    199.4716 meV  off_shell_Omega=    199.3794 meV
     lambda___( tot )=      -0.000000
     lambda_tr( tot )=      -0.000000
     -------------------------------------------------------------------


     Number of (k,k+q) pairs on the Fermi surface:      304 out of      324


     ismear =     1 iq =     311 coord.:   0.94444  0.22222  0.00000 wt:   0.00309 Temp:  300.000K
     -------------------------------------------------------------------
     lambda___(   1 )=      -0.000000   gamma___=      -0.000000 meV  omega=     12.1023 meV   on_shell_Omega=     12.1392 meV  off_shell_Omega=     12.1392 meV
     lambda_tr(   1 )=      -0.000000   gamma_tr=      -0.000000 meV  omega=     12.1023 meV   on_shell_Omega=     12.1392 meV  off_shell_Omega=     12.1392 meV
     lambda___(   2 )=       0.000000   gamma___=       0.000000 meV  omega=     50.5166 meV   on_shell_Omega=     50.5360 meV  off_shell_Omega=     50.5360 meV
     lambda_tr(   2 )=      -0.000000   gamma_tr=      -0.000000 meV  omega=     50.5166 meV   on_shell_Omega=     50.5360 meV  off_shell_Omega=     50.5360 meV
     lambda___(   3 )=       0.000000   gamma___=       0.000000 meV  omega=     79.4672 meV   on_shell_Omega=     79.4792 meV  off_shell_Omega=     79.4792 meV
     lambda_tr(   3 )=      -0.000000   gamma_tr=      -0.000000 meV  omega=     79.4672 meV   on_shell_Omega=     79.4792 meV  off_shell_Omega=     79.4792 meV
     lambda___(   4 )=       0.000000   gamma___=       0.000000 meV  omega=    104.4602 meV   on_shell_Omega=    104.4679 meV  off_shell_Omega=    104.4679 meV
     lambda_tr(   4 )=      -0.000000   gamma_tr=      -0.000000 meV  omega=    104.4602 meV   on_shell_Omega=    104.4679 meV  off_shell_Omega=    104.4679 meV
     lambda___(   5 )=       0.000000   gamma___=       0.000000 meV  omega=    185.9117 meV   on_shell_Omega=    186.0935 meV  off_shell_Omega=    186.0024 meV
     lambda_tr(   5 )=       0.000000   gamma_tr=       0.000000 meV  omega=    185.9117 meV   on_shell_Omega=    186.0935 meV  off_shell_Omega=    186.0024 meV
     lambda___(   6 )=       0.000000   gamma___=       0.000000 meV  omega=    199.3693 meV   on_shell_Omega=    199.6211 meV  off_shell_Omega=    199.7101 meV
     lambda_tr(   6 )=      -0.000000   gamma_tr=      -0.000000 meV  omega=    199.3693 meV   on_shell_Omega=    199.6211 meV  off_shell_Omega=    199.7101 meV
     lambda___( tot )=      -0.000000
     lambda_tr( tot )=      -0.000000
     -------------------------------------------------------------------


     Number of (k,k+q) pairs on the Fermi surface:      304 out of      324


     ismear =     1 iq =     312 coord.:   0.94444  0.27778  0.00000 wt:   0.00309 Temp:  300.000K
     -------------------------------------------------------------------
     lambda___(   1 )=       0.000000   gamma___=       0.000000 meV  omega=     19.5669 meV   on_shell_Omega=     19.6101 meV  off_shell_Omega=     19.6101 meV
     lambda_tr(   1 )=       0.000000   gamma_tr=       0.000000 meV  omega=     19.5669 meV   on_shell_Omega=     19.6101 meV  off_shell_Omega=     19.6101 meV
     lambda___(   2 )=       0.000000   gamma___=       0.000000 meV  omega=     60.9428 meV   on_shell_Omega=     60.9521 meV  off_shell_Omega=     60.9521 meV
     lambda_tr(   2 )=       0.000000   gamma_tr=       0.000000 meV  omega=     60.9428 meV   on_shell_Omega=     60.9521 meV  off_shell_Omega=     60.9521 meV
     lambda___(   3 )=       0.000000   gamma___=       0.000000 meV  omega=     98.5603 meV   on_shell_Omega=     98.5782 meV  off_shell_Omega=     98.5782 meV
     lambda_tr(   3 )=       0.000000   gamma_tr=       0.000000 meV  omega=     98.5603 meV   on_shell_Omega=     98.5782 meV  off_shell_Omega=     98.5782 meV
     lambda___(   4 )=       0.000000   gamma___=       0.000000 meV  omega=    101.5155 meV   on_shell_Omega=    101.5294 meV  off_shell_Omega=    101.5294 meV
     lambda_tr(   4 )=       0.000000   gamma_tr=       0.000000 meV  omega=    101.5155 meV   on_shell_Omega=    101.5294 meV  off_shell_Omega=    101.5294 meV
     lambda___(   5 )=       0.000000   gamma___=       0.000000 meV  omega=    182.0157 meV   on_shell_Omega=    182.1989 meV  off_shell_Omega=    182.1046 meV
     lambda_tr(   5 )=       0.000000   gamma_tr=       0.000000 meV  omega=    182.0157 meV   on_shell_Omega=    182.1989 meV  off_shell_Omega=    182.1046 meV
     lambda___(   6 )=       0.000000   gamma___=       0.000000 meV  omega=    197.3095 meV   on_shell_Omega=    197.4399 meV  off_shell_Omega=    197.4399 meV
     lambda_tr(   6 )=       0.000000   gamma_tr=       0.000000 meV  omega=    197.3095 meV   on_shell_Omega=    197.4399 meV  off_shell_Omega=    197.4399 meV
     lambda___( tot )=       0.000000
     lambda_tr( tot )=       0.000000
     -------------------------------------------------------------------


     Number of (k,k+q) pairs on the Fermi surface:      303 out of      324


     ismear =     1 iq =     313 coord.:   0.94444  0.33333  0.00000 wt:   0.00309 Temp:  300.000K
     -------------------------------------------------------------------
     lambda___(   1 )=      -0.000000   gamma___=      -0.000000 meV  omega=     28.5261 meV   on_shell_Omega=     28.5325 meV  off_shell_Omega=     28.5325 meV
     lambda_tr(   1 )=      -0.000000   gamma_tr=      -0.000000 meV  omega=     28.5261 meV   on_shell_Omega=     28.5325 meV  off_shell_Omega=     28.5325 meV
     lambda___(   2 )=      -0.000000   gamma___=      -0.000000 meV  omega=     68.7646 meV   on_shell_Omega=     68.7699 meV  off_shell_Omega=     68.7699 meV
     lambda_tr(   2 )=      -0.000000   gamma_tr=      -0.000000 meV  omega=     68.7646 meV   on_shell_Omega=     68.7699 meV  off_shell_Omega=     68.7699 meV
     lambda___(   3 )=      -0.000000   gamma___=      -0.000000 meV  omega=     97.3907 meV   on_shell_Omega=     97.4186 meV  off_shell_Omega=     97.4186 meV
     lambda_tr(   3 )=      -0.000000   gamma_tr=      -0.000000 meV  omega=     97.3907 meV   on_shell_Omega=     97.4186 meV  off_shell_Omega=     97.4186 meV
     lambda___(   4 )=       0.000000   gamma___=       0.000000 meV  omega=    116.2886 meV   on_shell_Omega=    116.3013 meV  off_shell_Omega=    116.3013 meV
     lambda_tr(   4 )=       0.000000   gamma_tr=       0.000000 meV  omega=    116.2886 meV   on_shell_Omega=    116.3013 meV  off_shell_Omega=    116.3013 meV
     lambda___(   5 )=       0.000000   gamma___=       0.000000 meV  omega=    178.9162 meV   on_shell_Omega=    179.0822 meV  off_shell_Omega=    179.0035 meV
     lambda_tr(   5 )=       0.000000   gamma_tr=       0.000000 meV  omega=    178.9162 meV   on_shell_Omega=    179.0822 meV  off_shell_Omega=    179.0035 meV
     lambda___(   6 )=       0.000000   gamma___=       0.000000 meV  omega=    193.2638 meV   on_shell_Omega=    193.3510 meV  off_shell_Omega=    193.3510 meV
     lambda_tr(   6 )=       0.000000   gamma_tr=       0.000000 meV  omega=    193.2638 meV   on_shell_Omega=    193.3510 meV  off_shell_Omega=    193.3510 meV
     lambda___( tot )=      -0.000000
     lambda_tr( tot )=      -0.000000
     -------------------------------------------------------------------


     Number of (k,k+q) pairs on the Fermi surface:      302 out of      324


     ismear =     1 iq =     314 coord.:   0.94444  0.38889  0.00000 wt:   0.00309 Temp:  300.000K
     -------------------------------------------------------------------
     lambda___(   1 )=       0.000000   gamma___=       0.000000 meV  omega=     38.5323 meV   on_shell_Omega=     38.5365 meV  off_shell_Omega=     38.5365 meV
     lambda_tr(   1 )=       0.000000   gamma_tr=       0.000000 meV  omega=     38.5323 meV   on_shell_Omega=     38.5365 meV  off_shell_Omega=     38.5365 meV
     lambda___(   2 )=       0.000000   gamma___=       0.000000 meV  omega=     74.3221 meV   on_shell_Omega=     74.3230 meV  off_shell_Omega=     74.3230 meV
     lambda_tr(   2 )=       0.000000   gamma_tr=       0.000000 meV  omega=     74.3221 meV   on_shell_Omega=     74.3230 meV  off_shell_Omega=     74.3230 meV
     lambda___(   3 )=       0.000000   gamma___=       0.000000 meV  omega=     91.8930 meV   on_shell_Omega=     91.8966 meV  off_shell_Omega=     91.8966 meV
     lambda_tr(   3 )=      -0.000000   gamma_tr=      -0.000000 meV  omega=     91.8930 meV   on_shell_Omega=     91.8966 meV  off_shell_Omega=     91.8966 meV
     lambda___(   4 )=       0.000000   gamma___=       0.000000 meV  omega=    132.5813 meV   on_shell_Omega=    132.6019 meV  off_shell_Omega=    132.6019 meV
     lambda_tr(   4 )=      -0.000000   gamma_tr=      -0.000000 meV  omega=    132.5813 meV   on_shell_Omega=    132.6019 meV  off_shell_Omega=    132.6019 meV
     lambda___(   5 )=       0.000000   gamma___=       0.000000 meV  omega=    176.6776 meV   on_shell_Omega=    176.7969 meV  off_shell_Omega=    176.7969 meV
     lambda_tr(   5 )=      -0.000000   gamma_tr=      -0.000000 meV  omega=    176.6776 meV   on_shell_Omega=    176.7969 meV  off_shell_Omega=    176.7969 meV
     lambda___(   6 )=       0.000000   gamma___=       0.000000 meV  omega=    187.5628 meV   on_shell_Omega=    187.6170 meV  off_shell_Omega=    187.6170 meV
     lambda_tr(   6 )=      -0.000000   gamma_tr=      -0.000000 meV  omega=    187.5628 meV   on_shell_Omega=    187.6170 meV  off_shell_Omega=    187.6170 meV
     lambda___( tot )=       0.000000
     lambda_tr( tot )=      -0.000000
     -------------------------------------------------------------------


     Number of (k,k+q) pairs on the Fermi surface:      304 out of      324


     ismear =     1 iq =     315 coord.:   0.94444  0.44444  0.00000 wt:   0.00309 Temp:  300.000K
     -------------------------------------------------------------------
     lambda___(   1 )=       0.000000   gamma___=       0.000000 meV  omega=     48.6374 meV   on_shell_Omega=     48.6479 meV  off_shell_Omega=     48.6479 meV
     lambda_tr(   1 )=       0.000000   gamma_tr=       0.000000 meV  omega=     48.6374 meV   on_shell_Omega=     48.6479 meV  off_shell_Omega=     48.6479 meV
     lambda___(   2 )=       0.000000   gamma___=       0.000000 meV  omega=     78.2053 meV   on_shell_Omega=     78.2082 meV  off_shell_Omega=     78.2082 meV
     lambda_tr(   2 )=       0.000000   gamma_tr=       0.000000 meV  omega=     78.2053 meV   on_shell_Omega=     78.2082 meV  off_shell_Omega=     78.2082 meV
     lambda___(   3 )=       0.000000   gamma___=       0.000000 meV  omega=     85.2364 meV   on_shell_Omega=     85.2549 meV  off_shell_Omega=     85.2549 meV
     lambda_tr(   3 )=       0.000000   gamma_tr=       0.000000 meV  omega=     85.2364 meV   on_shell_Omega=     85.2549 meV  off_shell_Omega=     85.2549 meV
     lambda___(   4 )=       0.000000   gamma___=       0.000000 meV  omega=    147.2246 meV   on_shell_Omega=    147.2430 meV  off_shell_Omega=    147.2430 meV
     lambda_tr(   4 )=       0.000000   gamma_tr=       0.000000 meV  omega=    147.2246 meV   on_shell_Omega=    147.2430 meV  off_shell_Omega=    147.2430 meV
     lambda___(   5 )=       0.000000   gamma___=       0.000000 meV  omega=    174.8369 meV   on_shell_Omega=    174.9524 meV  off_shell_Omega=    174.9524 meV
     lambda_tr(   5 )=       0.000000   gamma_tr=       0.000000 meV  omega=    174.8369 meV   on_shell_Omega=    174.9524 meV  off_shell_Omega=    174.9524 meV
     lambda___(   6 )=       0.000000   gamma___=       0.000000 meV  omega=    180.2221 meV   on_shell_Omega=    180.2637 meV  off_shell_Omega=    180.2637 meV
     lambda_tr(   6 )=       0.000000   gamma_tr=       0.000000 meV  omega=    180.2221 meV   on_shell_Omega=    180.2637 meV  off_shell_Omega=    180.2637 meV
     lambda___( tot )=       0.000000
     lambda_tr( tot )=       0.000000
     -------------------------------------------------------------------


     Number of (k,k+q) pairs on the Fermi surface:      302 out of      324


     ismear =     1 iq =     316 coord.:   0.94444  0.50000  0.00000 wt:   0.00309 Temp:  300.000K
     -------------------------------------------------------------------
     lambda___(   1 )=       0.000000   gamma___=       0.000000 meV  omega=     56.6494 meV   on_shell_Omega=     56.7084 meV  off_shell_Omega=     56.7084 meV
     lambda_tr(   1 )=       0.000000   gamma_tr=       0.000000 meV  omega=     56.6494 meV   on_shell_Omega=     56.7084 meV  off_shell_Omega=     56.7084 meV
     lambda___(   2 )=       0.000000   gamma___=       0.000000 meV  omega=     79.0725 meV   on_shell_Omega=     79.0982 meV  off_shell_Omega=     79.0982 meV
     lambda_tr(   2 )=       0.000000   gamma_tr=       0.000000 meV  omega=     79.0725 meV   on_shell_Omega=     79.0982 meV  off_shell_Omega=     79.0982 meV
     lambda___(   3 )=       0.000000   gamma___=       0.000000 meV  omega=     80.3676 meV   on_shell_Omega=     80.3683 meV  off_shell_Omega=     80.3683 meV
     lambda_tr(   3 )=       0.000000   gamma_tr=       0.000000 meV  omega=     80.3676 meV   on_shell_Omega=     80.3683 meV  off_shell_Omega=     80.3683 meV
     lambda___(   4 )=       0.000000   gamma___=       0.000000 meV  omega=    159.9619 meV   on_shell_Omega=    159.9732 meV  off_shell_Omega=    159.9732 meV
     lambda_tr(   4 )=       0.000000   gamma_tr=       0.000000 meV  omega=    159.9619 meV   on_shell_Omega=    159.9732 meV  off_shell_Omega=    159.9732 meV
     lambda___(   5 )=       0.000000   gamma___=       0.000000 meV  omega=    170.9641 meV   on_shell_Omega=    170.9888 meV  off_shell_Omega=    170.9888 meV
     lambda_tr(   5 )=       0.000000   gamma_tr=       0.000000 meV  omega=    170.9641 meV   on_shell_Omega=    170.9888 meV  off_shell_Omega=    170.9888 meV
     lambda___(   6 )=       0.000000   gamma___=       0.000000 meV  omega=    173.8117 meV   on_shell_Omega=    173.9217 meV  off_shell_Omega=    173.9217 meV
     lambda_tr(   6 )=       0.000000   gamma_tr=       0.000000 meV  omega=    173.8117 meV   on_shell_Omega=    173.9217 meV  off_shell_Omega=    173.9217 meV
     lambda___( tot )=       0.000000
     lambda_tr( tot )=       0.000000
     -------------------------------------------------------------------


     Number of (k,k+q) pairs on the Fermi surface:      302 out of      324


     ismear =     1 iq =     317 coord.:   0.94444  0.55556  0.00000 wt:   0.00309 Temp:  300.000K
     -------------------------------------------------------------------
     lambda___(   1 )=      -0.000000   gamma___=      -0.000000 meV  omega=     56.6494 meV   on_shell_Omega=     56.6893 meV  off_shell_Omega=     56.6893 meV
     lambda_tr(   1 )=      -0.000000   gamma_tr=      -0.000000 meV  omega=     56.6494 meV   on_shell_Omega=     56.6893 meV  off_shell_Omega=     56.6893 meV
     lambda___(   2 )=      -0.000000   gamma___=      -0.000000 meV  omega=     79.0725 meV   on_shell_Omega=     79.0877 meV  off_shell_Omega=     79.0877 meV
     lambda_tr(   2 )=      -0.000000   gamma_tr=      -0.000000 meV  omega=     79.0725 meV   on_shell_Omega=     79.0877 meV  off_shell_Omega=     79.0877 meV
     lambda___(   3 )=      -0.000000   gamma___=      -0.000000 meV  omega=     80.3676 meV   on_shell_Omega=     80.3674 meV  off_shell_Omega=     80.3674 meV
     lambda_tr(   3 )=      -0.000000   gamma_tr=      -0.000000 meV  omega=     80.3676 meV   on_shell_Omega=     80.3674 meV  off_shell_Omega=     80.3674 meV
     lambda___(   4 )=       0.000000   gamma___=       0.000000 meV  omega=    159.9619 meV   on_shell_Omega=    159.9707 meV  off_shell_Omega=    159.9707 meV
     lambda_tr(   4 )=       0.000000   gamma_tr=       0.000000 meV  omega=    159.9619 meV   on_shell_Omega=    159.9707 meV  off_shell_Omega=    159.9707 meV
     lambda___(   5 )=       0.000000   gamma___=       0.000000 meV  omega=    170.9641 meV   on_shell_Omega=    170.9931 meV  off_shell_Omega=    170.9931 meV
     lambda_tr(   5 )=       0.000000   gamma_tr=       0.000000 meV  omega=    170.9641 meV   on_shell_Omega=    170.9931 meV  off_shell_Omega=    170.9931 meV
     lambda___(   6 )=       0.000000   gamma___=       0.000000 meV  omega=    173.8117 meV   on_shell_Omega=    173.9139 meV  off_shell_Omega=    173.9139 meV
     lambda_tr(   6 )=       0.000000   gamma_tr=       0.000000 meV  omega=    173.8117 meV   on_shell_Omega=    173.9139 meV  off_shell_Omega=    173.9139 meV
     lambda___( tot )=       0.000000
     lambda_tr( tot )=      -0.000000
     -------------------------------------------------------------------


     Number of (k,k+q) pairs on the Fermi surface:      302 out of      324


     ismear =     1 iq =     318 coord.:   0.94444  0.61111  0.00000 wt:   0.00309 Temp:  300.000K
     -------------------------------------------------------------------
     lambda___(   1 )=      -0.000000   gamma___=      -0.000000 meV  omega=     48.6374 meV   on_shell_Omega=     48.6601 meV  off_shell_Omega=     48.6601 meV
     lambda_tr(   1 )=      -0.000000   gamma_tr=      -0.000000 meV  omega=     48.6374 meV   on_shell_Omega=     48.6601 meV  off_shell_Omega=     48.6601 meV
     lambda___(   2 )=      -0.000000   gamma___=      -0.000000 meV  omega=     78.2053 meV   on_shell_Omega=     78.2072 meV  off_shell_Omega=     78.2072 meV
     lambda_tr(   2 )=      -0.000000   gamma_tr=      -0.000000 meV  omega=     78.2053 meV   on_shell_Omega=     78.2072 meV  off_shell_Omega=     78.2072 meV
     lambda___(   3 )=      -0.000000   gamma___=      -0.000000 meV  omega=     85.2364 meV   on_shell_Omega=     85.2397 meV  off_shell_Omega=     85.2397 meV
     lambda_tr(   3 )=      -0.000000   gamma_tr=      -0.000000 meV  omega=     85.2364 meV   on_shell_Omega=     85.2397 meV  off_shell_Omega=     85.2397 meV
     lambda___(   4 )=       0.000000   gamma___=       0.000000 meV  omega=    147.2246 meV   on_shell_Omega=    147.2408 meV  off_shell_Omega=    147.2408 meV
     lambda_tr(   4 )=       0.000000   gamma_tr=       0.000000 meV  omega=    147.2246 meV   on_shell_Omega=    147.2408 meV  off_shell_Omega=    147.2408 meV
     lambda___(   5 )=       0.000000   gamma___=       0.000000 meV  omega=    174.8369 meV   on_shell_Omega=    174.9689 meV  off_shell_Omega=    174.9689 meV
     lambda_tr(   5 )=       0.000000   gamma_tr=       0.000000 meV  omega=    174.8369 meV   on_shell_Omega=    174.9689 meV  off_shell_Omega=    174.9689 meV
     lambda___(   6 )=       0.000000   gamma___=       0.000000 meV  omega=    180.2221 meV   on_shell_Omega=    180.2774 meV  off_shell_Omega=    180.2774 meV
     lambda_tr(   6 )=       0.000000   gamma_tr=       0.000000 meV  omega=    180.2221 meV   on_shell_Omega=    180.2774 meV  off_shell_Omega=    180.2774 meV
     lambda___( tot )=       0.000000
     lambda_tr( tot )=      -0.000000
     -------------------------------------------------------------------


     Number of (k,k+q) pairs on the Fermi surface:      302 out of      324


     ismear =     1 iq =     319 coord.:   0.94444  0.66667  0.00000 wt:   0.00309 Temp:  300.000K
     -------------------------------------------------------------------
     lambda___(   1 )=       0.000000   gamma___=       0.000000 meV  omega=     38.5323 meV   on_shell_Omega=     38.5409 meV  off_shell_Omega=     38.5409 meV
     lambda_tr(   1 )=       0.000000   gamma_tr=       0.000000 meV  omega=     38.5323 meV   on_shell_Omega=     38.5409 meV  off_shell_Omega=     38.5409 meV
     lambda___(   2 )=       0.000000   gamma___=       0.000000 meV  omega=     74.3221 meV   on_shell_Omega=     74.3273 meV  off_shell_Omega=     74.3273 meV
     lambda_tr(   2 )=       0.000000   gamma_tr=       0.000000 meV  omega=     74.3221 meV   on_shell_Omega=     74.3273 meV  off_shell_Omega=     74.3273 meV
     lambda___(   3 )=       0.000000   gamma___=       0.000000 meV  omega=     91.8930 meV   on_shell_Omega=     91.9120 meV  off_shell_Omega=     91.9120 meV
     lambda_tr(   3 )=       0.000000   gamma_tr=       0.000000 meV  omega=     91.8930 meV   on_shell_Omega=     91.9120 meV  off_shell_Omega=     91.9120 meV
     lambda___(   4 )=       0.000000   gamma___=       0.000000 meV  omega=    132.5813 meV   on_shell_Omega=    132.5983 meV  off_shell_Omega=    132.5983 meV
     lambda_tr(   4 )=       0.000000   gamma_tr=       0.000000 meV  omega=    132.5813 meV   on_shell_Omega=    132.5983 meV  off_shell_Omega=    132.5983 meV
     lambda___(   5 )=       0.000000   gamma___=       0.000000 meV  omega=    176.6776 meV   on_shell_Omega=    176.8290 meV  off_shell_Omega=    176.7639 meV
     lambda_tr(   5 )=       0.000000   gamma_tr=       0.000000 meV  omega=    176.6776 meV   on_shell_Omega=    176.8290 meV  off_shell_Omega=    176.7639 meV
     lambda___(   6 )=       0.000000   gamma___=       0.000000 meV  omega=    187.5628 meV   on_shell_Omega=    187.6436 meV  off_shell_Omega=    187.6436 meV
     lambda_tr(   6 )=       0.000000   gamma_tr=       0.000000 meV  omega=    187.5628 meV   on_shell_Omega=    187.6436 meV  off_shell_Omega=    187.6436 meV
     lambda___( tot )=       0.000000
     lambda_tr( tot )=       0.000000
     -------------------------------------------------------------------


     Number of (k,k+q) pairs on the Fermi surface:      302 out of      324


     ismear =     1 iq =     320 coord.:   0.94444  0.72222  0.00000 wt:   0.00309 Temp:  300.000K
     -------------------------------------------------------------------
     lambda___(   1 )=      -0.000000   gamma___=      -0.000000 meV  omega=     28.5261 meV   on_shell_Omega=     28.5265 meV  off_shell_Omega=     28.5265 meV
     lambda_tr(   1 )=      -0.000000   gamma_tr=      -0.000000 meV  omega=     28.5261 meV   on_shell_Omega=     28.5265 meV  off_shell_Omega=     28.5265 meV
     lambda___(   2 )=       0.000000   gamma___=       0.000000 meV  omega=     68.7646 meV   on_shell_Omega=     68.7710 meV  off_shell_Omega=     68.7710 meV
     lambda_tr(   2 )=       0.000000   gamma_tr=       0.000000 meV  omega=     68.7646 meV   on_shell_Omega=     68.7710 meV  off_shell_Omega=     68.7710 meV
     lambda___(   3 )=       0.000000   gamma___=       0.000000 meV  omega=     97.3907 meV   on_shell_Omega=     97.4124 meV  off_shell_Omega=     97.4124 meV
     lambda_tr(   3 )=       0.000000   gamma_tr=       0.000000 meV  omega=     97.3907 meV   on_shell_Omega=     97.4124 meV  off_shell_Omega=     97.4124 meV
     lambda___(   4 )=       0.000000   gamma___=       0.000000 meV  omega=    116.2886 meV   on_shell_Omega=    116.3067 meV  off_shell_Omega=    116.3067 meV
     lambda_tr(   4 )=       0.000000   gamma_tr=       0.000000 meV  omega=    116.2886 meV   on_shell_Omega=    116.3067 meV  off_shell_Omega=    116.3067 meV
     lambda___(   5 )=       0.000000   gamma___=       0.000000 meV  omega=    178.9162 meV   on_shell_Omega=    179.0796 meV  off_shell_Omega=    179.0035 meV
     lambda_tr(   5 )=       0.000000   gamma_tr=       0.000000 meV  omega=    178.9162 meV   on_shell_Omega=    179.0796 meV  off_shell_Omega=    179.0035 meV
     lambda___(   6 )=       0.000000   gamma___=       0.000000 meV  omega=    193.2638 meV   on_shell_Omega=    193.3780 meV  off_shell_Omega=    193.3780 meV
     lambda_tr(   6 )=       0.000000   gamma_tr=       0.000000 meV  omega=    193.2638 meV   on_shell_Omega=    193.3780 meV  off_shell_Omega=    193.3780 meV
     lambda___( tot )=       0.000000
     lambda_tr( tot )=       0.000000
     -------------------------------------------------------------------


     Number of (k,k+q) pairs on the Fermi surface:      302 out of      324


     ismear =     1 iq =     321 coord.:   0.94444  0.77778  0.00000 wt:   0.00309 Temp:  300.000K
     -------------------------------------------------------------------
     lambda___(   1 )=       0.000000   gamma___=       0.000000 meV  omega=     19.5669 meV   on_shell_Omega=     19.6135 meV  off_shell_Omega=     19.6135 meV
     lambda_tr(   1 )=       0.000000   gamma_tr=       0.000000 meV  omega=     19.5669 meV   on_shell_Omega=     19.6135 meV  off_shell_Omega=     19.6135 meV
     lambda___(   2 )=       0.000000   gamma___=       0.000000 meV  omega=     60.9428 meV   on_shell_Omega=     60.9515 meV  off_shell_Omega=     60.9515 meV
     lambda_tr(   2 )=       0.000000   gamma_tr=       0.000000 meV  omega=     60.9428 meV   on_shell_Omega=     60.9515 meV  off_shell_Omega=     60.9515 meV
     lambda___(   3 )=       0.000000   gamma___=       0.000000 meV  omega=     98.5603 meV   on_shell_Omega=     98.5778 meV  off_shell_Omega=     98.5778 meV
     lambda_tr(   3 )=       0.000000   gamma_tr=       0.000000 meV  omega=     98.5603 meV   on_shell_Omega=     98.5778 meV  off_shell_Omega=     98.5778 meV
     lambda___(   4 )=       0.000000   gamma___=       0.000000 meV  omega=    101.5155 meV   on_shell_Omega=    101.5285 meV  off_shell_Omega=    101.5285 meV
     lambda_tr(   4 )=       0.000000   gamma_tr=       0.000000 meV  omega=    101.5155 meV   on_shell_Omega=    101.5285 meV  off_shell_Omega=    101.5285 meV
     lambda___(   5 )=       0.000000   gamma___=       0.000000 meV  omega=    182.0157 meV   on_shell_Omega=    182.2424 meV  off_shell_Omega=    182.3268 meV
     lambda_tr(   5 )=       0.000000   gamma_tr=       0.000000 meV  omega=    182.0157 meV   on_shell_Omega=    182.2424 meV  off_shell_Omega=    182.3268 meV
     lambda___(   6 )=       0.000000   gamma___=       0.000000 meV  omega=    197.3095 meV   on_shell_Omega=    197.4836 meV  off_shell_Omega=    197.4058 meV
     lambda_tr(   6 )=       0.000000   gamma_tr=       0.000000 meV  omega=    197.3095 meV   on_shell_Omega=    197.4836 meV  off_shell_Omega=    197.4058 meV
     lambda___( tot )=       0.000000
     lambda_tr( tot )=       0.000000
     -------------------------------------------------------------------


     Number of (k,k+q) pairs on the Fermi surface:      302 out of      324


     ismear =     1 iq =     322 coord.:   0.94444  0.83333  0.00000 wt:   0.00309 Temp:  300.000K
     -------------------------------------------------------------------
     lambda___(   1 )=       0.000000   gamma___=       0.000000 meV  omega=     12.1023 meV   on_shell_Omega=     12.1297 meV  off_shell_Omega=     12.1297 meV
     lambda_tr(   1 )=       0.000000   gamma_tr=       0.000000 meV  omega=     12.1023 meV   on_shell_Omega=     12.1297 meV  off_shell_Omega=     12.1297 meV
     lambda___(   2 )=       0.000000   gamma___=       0.000000 meV  omega=     50.5166 meV   on_shell_Omega=     50.5354 meV  off_shell_Omega=     50.5354 meV
     lambda_tr(   2 )=       0.000000   gamma_tr=       0.000000 meV  omega=     50.5166 meV   on_shell_Omega=     50.5354 meV  off_shell_Omega=     50.5354 meV
     lambda___(   3 )=       0.000000   gamma___=       0.000000 meV  omega=     79.4672 meV   on_shell_Omega=     79.4822 meV  off_shell_Omega=     79.4822 meV
     lambda_tr(   3 )=       0.000000   gamma_tr=       0.000000 meV  omega=     79.4672 meV   on_shell_Omega=     79.4822 meV  off_shell_Omega=     79.4822 meV
     lambda___(   4 )=       0.000000   gamma___=       0.000000 meV  omega=    104.4602 meV   on_shell_Omega=    104.4694 meV  off_shell_Omega=    104.4694 meV
     lambda_tr(   4 )=       0.000000   gamma_tr=       0.000000 meV  omega=    104.4602 meV   on_shell_Omega=    104.4694 meV  off_shell_Omega=    104.4694 meV
     lambda___(   5 )=       0.000000   gamma___=       0.000000 meV  omega=    185.9117 meV   on_shell_Omega=    186.1903 meV  off_shell_Omega=    186.2294 meV
     lambda_tr(   5 )=       0.000000   gamma_tr=       0.000000 meV  omega=    185.9117 meV   on_shell_Omega=    186.1903 meV  off_shell_Omega=    186.2294 meV
     lambda___(   6 )=       0.000000   gamma___=       0.000000 meV  omega=    199.3693 meV   on_shell_Omega=    199.6607 meV  off_shell_Omega=    199.7101 meV
     lambda_tr(   6 )=       0.000000   gamma_tr=       0.000000 meV  omega=    199.3693 meV   on_shell_Omega=    199.6607 meV  off_shell_Omega=    199.7101 meV
     lambda___( tot )=       0.000000
     lambda_tr( tot )=       0.000000
     -------------------------------------------------------------------


     Number of (k,k+q) pairs on the Fermi surface:      302 out of      324


     ismear =     1 iq =     323 coord.:   0.94444  0.88889  0.00000 wt:   0.00309 Temp:  300.000K
     -------------------------------------------------------------------
     lambda___(   1 )=      -0.000000   gamma___=      -0.000000 meV  omega=      6.2622 meV   on_shell_Omega=      6.3160 meV  off_shell_Omega=      6.3160 meV
     lambda_tr(   1 )=      -0.000000   gamma_tr=      -0.000000 meV  omega=      6.2622 meV   on_shell_Omega=      6.3160 meV  off_shell_Omega=      6.3160 meV
     lambda___(   2 )=       0.000000   gamma___=       0.000000 meV  omega=     38.1809 meV   on_shell_Omega=     38.2364 meV  off_shell_Omega=     38.2364 meV
     lambda_tr(   2 )=       0.000000   gamma_tr=       0.000000 meV  omega=     38.1809 meV   on_shell_Omega=     38.2364 meV  off_shell_Omega=     38.2364 meV
     lambda___(   3 )=       0.000000   gamma___=       0.000000 meV  omega=     59.3051 meV   on_shell_Omega=     59.3027 meV  off_shell_Omega=     59.3027 meV
     lambda_tr(   3 )=       0.000000   gamma_tr=       0.000000 meV  omega=     59.3051 meV   on_shell_Omega=     59.3027 meV  off_shell_Omega=     59.3027 meV
     lambda___(   4 )=       0.000000   gamma___=       0.000000 meV  omega=    106.4727 meV   on_shell_Omega=    106.4830 meV  off_shell_Omega=    106.4830 meV
     lambda_tr(   4 )=       0.000000   gamma_tr=       0.000000 meV  omega=    106.4727 meV   on_shell_Omega=    106.4830 meV  off_shell_Omega=    106.4830 meV
     lambda___(   5 )=       0.000000   gamma___=       0.000000 meV  omega=    189.5435 meV   on_shell_Omega=    189.8427 meV  off_shell_Omega=    189.8674 meV
     lambda_tr(   5 )=       0.000000   gamma_tr=       0.000000 meV  omega=    189.5435 meV   on_shell_Omega=    189.8427 meV  off_shell_Omega=    189.8674 meV
     lambda___(   6 )=       0.000000   gamma___=       0.000000 meV  omega=    199.0392 meV   on_shell_Omega=    199.4717 meV  off_shell_Omega=    199.3794 meV
     lambda_tr(   6 )=       0.000000   gamma_tr=       0.000000 meV  omega=    199.0392 meV   on_shell_Omega=    199.4717 meV  off_shell_Omega=    199.3794 meV
     lambda___( tot )=       0.000000
     lambda_tr( tot )=       0.000000
     -------------------------------------------------------------------


     Number of (k,k+q) pairs on the Fermi surface:      302 out of      324


     ismear =     1 iq =     324 coord.:   0.94444  0.94444  0.00000 wt:   0.00309 Temp:  300.000K
     -------------------------------------------------------------------
     lambda___(   1 )=       0.000000   gamma___=       0.000000 meV  omega=      2.2256 meV   on_shell_Omega=      2.4380 meV  off_shell_Omega=      2.5038 meV
     lambda_tr(   1 )=       0.000000   gamma_tr=       0.000000 meV  omega=      2.2256 meV   on_shell_Omega=      2.4380 meV  off_shell_Omega=      2.5038 meV
     lambda___(   2 )=       0.000000   gamma___=       0.000000 meV  omega=     25.5120 meV   on_shell_Omega=     25.5764 meV  off_shell_Omega=     25.5764 meV
     lambda_tr(   2 )=       0.000000   gamma_tr=       0.000000 meV  omega=     25.5120 meV   on_shell_Omega=     25.5764 meV  off_shell_Omega=     25.5764 meV
     lambda___(   3 )=       0.000000   gamma___=       0.000000 meV  omega=     39.3028 meV   on_shell_Omega=     39.2913 meV  off_shell_Omega=     39.2913 meV
     lambda_tr(   3 )=       0.000000   gamma_tr=       0.000000 meV  omega=     39.3028 meV   on_shell_Omega=     39.2913 meV  off_shell_Omega=     39.2913 meV
     lambda___(   4 )=       0.000000   gamma___=       0.000000 meV  omega=    107.7204 meV   on_shell_Omega=    107.7282 meV  off_shell_Omega=    107.7282 meV
     lambda_tr(   4 )=       0.000000   gamma_tr=       0.000000 meV  omega=    107.7204 meV   on_shell_Omega=    107.7282 meV  off_shell_Omega=    107.7282 meV
     lambda___(   5 )=       0.000000   gamma___=       0.000000 meV  omega=    191.8831 meV   on_shell_Omega=    192.1935 meV  off_shell_Omega=    192.2110 meV
     lambda_tr(   5 )=       0.000000   gamma_tr=       0.000000 meV  omega=    191.8831 meV   on_shell_Omega=    192.1935 meV  off_shell_Omega=    192.2110 meV
     lambda___(   6 )=       0.000000   gamma___=       0.000000 meV  omega=    196.8342 meV   on_shell_Omega=    197.4923 meV  off_shell_Omega=    197.4108 meV
     lambda_tr(   6 )=       0.000000   gamma_tr=       0.000000 meV  omega=    196.8342 meV   on_shell_Omega=    197.4923 meV  off_shell_Omega=    197.4108 meV
     lambda___( tot )=       0.000000
     lambda_tr( tot )=       0.000000
     -------------------------------------------------------------------


     Number of (k,k+q) pairs on the Fermi surface:      302 out of      324

     ===================================================================
     Memory usage:  VmHWM =       118Mb
                   VmPeak =      5209Mb
     ===================================================================


     Unfolding on the coarse grid
     elphon_wrap  :    568.67s CPU    343.10s WALL (       1 calls)
     dvqpsi_us3   :    388.38s CPU    243.45s WALL (   31104 calls)
     com_dvloc    :     56.97s CPU     53.10s WALL (   31104 calls)
                                        0.00s GPU  (   31104 calls)
     dvqpsi_us_on :     34.19s CPU     17.13s WALL (   31104 calls)
     calbec       :     22.56s CPU     17.68s WALL (  121536 calls)
     fft          :      0.71s CPU      0.60s WALL (      13 calls)
     ffts         :     24.57s CPU     22.83s WALL (   31104 calls)
     fftw         :    216.64s CPU    125.14s WALL (  126326 calls)

     INITIALIZATION: 

     init_vloc    :      0.04s CPU      0.04s WALL (       1 calls)
     init_us_1    :      0.00s CPU      0.00s WALL (       1 calls)



     Electron-Phonon interpolation
     ep-interp    :      7.05s CPU      8.06s WALL (     324 calls)
     PH SELF-ENER :      0.30s CPU      0.32s WALL (     324 calls)

     Ham: step 1  :      0.00s CPU      0.00s WALL (       1 calls)
     Ham: step 2  :      0.00s CPU      0.00s WALL (       1 calls)
     ep: step 1   :      0.01s CPU      0.01s WALL (      36 calls)
     ep: step 2   :      0.26s CPU      0.26s WALL (      36 calls)
     wigner_seitz :      0.00s CPU      0.00s WALL (       1 calls)
     DynW2B       :      0.01s CPU      0.01s WALL (     324 calls)
     HamW2B       :      0.58s CPU      0.67s WALL (  210924 calls)
     ephW2Bp      :      0.29s CPU      0.41s WALL (     324 calls)
     ephW2B       :      0.58s CPU      0.67s WALL (   97969 calls)
     vmeW2B       :      2.63s CPU      3.01s WALL (  195938 calls)



     Total program execution
     EPW          :  10m20.61s CPU   6m33.75s WALL

     % Copyright (C) 2016-2023 EPW-Collaboration                                    
                                                                                    
     ===============================================================================
     Please consider citing the following papers.                                   
                                                                                                 
     % Paper describing the method on which EPW relies                                           
       F. Giustino and M. L. Cohen and S. G. Louie, Phys. Rev. B 76, 165108 (2007)               
                                                                                                 
     % Papers describing the EPW software                                                        
       H. Lee et al., npj Comput. Mater. 9, 156 (2023)                                           
       S. Ponc\'e, E.R. Margine, C. Verdi and F. Giustino, Comput. Phys. Commun. 209, 116 (2016) 
       J. Noffsinger et al., Comput. Phys. Commun. 181, 2140 (2010)                              
                                                                                                 
                                                                                    
     For your convenience, this information is also reported in the                 
     functionality-dependent EPW.bib file.                                          
     ===============================================================================
                                                                                    
Note: The following floating-point exceptions are signalling: IEEE_UNDERFLOW_FLAG IEEE_DENORMAL
