feature_family,held_support_configuration,bond_index,atom_i,atom_j,distance_A,target_delta_minimum_norm_tension_meV_A,remaining_repair_minimum_norm_tension_meV_A,LOCO_router_score,LOCO_router_threshold,LOCO_router_active,LOCO_tension_prediction_meV_A
mace_invariants,94,0,0,36,1.3910826091423445,855.4704186252889,24.11527135162293,0.5600175665752523,0.7210808613790065,0,-11.812991582127413
mace_invariants,94,1,0,41,1.4226454570369447,1203.9847919740234,-18.1591780282525,0.6670398583368242,0.7210808613790065,0,29.55903321206767
mace_invariants,94,2,0,71,1.4972993441168152,725.2194793780518,28.404877401502596,0.800791756934732,0.7210808613790065,1,-3.596169549984129
mace_invariants,94,3,1,36,1.3733004800723627,587.7800713249309,2.358650756097674,0.33494063638638866,0.7210808613790065,0,-7.778419136512435
mace_invariants,94,4,1,37,1.4205248973080284,1360.6828287518686,52.194880351734845,0.5269531768575235,0.7210808613790065,0,-36.959359373237575
mace_invariants,94,5,1,66,1.5862276990373492,-818.2929406113866,-52.10927624143533,0.25978515747982395,0.7210808613790065,0,-98.52330032457445
mace_invariants,94,6,2,37,1.5110807960941954,499.70633959013,-0.054070796625624654,0.5642685138900528,0.7210808613790065,0,-9.959143843609352
mace_invariants,94,7,2,38,1.4299303839246404,1058.6083563892448,-3.8238090623767174,0.5565592991604091,0.7210808613790065,0,27.406205433723713
mace_invariants,94,8,2,67,1.402797054080899,1319.9564595362717,13.664999527322918,0.4952353513363414,0.7210808613790065,0,9.369695216219736
mace_invariants,94,9,3,38,1.5037165072873289,523.3785951569885,-10.199742246642389,0.7811913693483139,0.7210808613790065,1,-33.10911474512008
mace_invariants,94,10,3,39,1.4030662531953084,1364.4174559519058,17.853769817772235,0.7261846323963524,0.7210808613790065,1,-7.096711843906459
mace_invariants,94,11,3,68,1.4729952382035687,980.3590589448696,-10.050087936105289,0.7583117017646328,0.7210808613790065,1,-30.092328152365234
mace_invariants,94,12,4,39,1.4282564842932257,930.8839274308517,16.64469588613416,0.6123306550992753,0.7210808613790065,0,-27.309976402625832
mace_invariants,94,13,4,40,1.4124189370887088,1114.4569878959683,-3.9187905939276346,0.6244680262188573,0.7210808613790065,0,-12.270819524095883
mace_invariants,94,14,4,69,1.4024234838904601,1258.5286738009793,10.086929774631548,0.5878513813603887,0.7210808613790065,0,-17.62506783664856
mace_invariants,94,15,5,40,1.3421399896087025,439.1339238360387,15.229163137750946,0.6589405843138731,0.7210808613790065,0,-55.11825567923451
mace_invariants,94,16,5,41,1.4684663752195157,1013.3360545925651,13.439098188105334,0.6245289161663333,0.7210808613790065,0,33.56225263672961
mace_invariants,94,17,5,70,1.4479660420284532,1130.9395917429563,-4.099432110892419,0.691758346581096,0.7210808613790065,0,-11.37308343221591
mace_invariants,94,18,6,41,1.435087344722947,1316.2242181537192,9.738749491103018,0.6264263962160191,0.7210808613790065,0,28.402291359230272
mace_invariants,94,19,6,42,1.4150505067149806,1066.3064624718158,44.26980795572984,0.5551837577067567,0.7210808613790065,0,-10.907333819092777
mace_invariants,94,20,6,47,1.4793709409684563,903.3788152037047,16.785008315867206,0.7254918043129023,0.7210808613790065,1,10.559225868827092
mace_invariants,94,21,7,36,1.3678498966135975,751.9519273749839,19.107425327387297,0.482017569100549,0.7210808613790065,0,35.30877317849354
mace_invariants,94,22,7,42,1.4114636346184672,1126.4498226044632,15.966340626680168,0.5177972223528584,0.7210808613790065,0,16.785838767698685
mace_invariants,94,23,7,43,1.477816454646723,880.9667086705224,-5.005767474033404,0.3937634362637132,0.7210808613790065,0,7.147953692498792
mace_invariants,94,24,8,37,1.3526949689094148,426.9685461969469,4.58111141485315,0.5556585822832851,0.7210808613790065,0,-35.748313236009594
mace_invariants,94,25,8,43,1.3973134258174358,938.0054290726333,58.566388582418014,0.2753919089753145,0.7210808613790065,0,82.06104664526332
mace_invariants,94,26,8,44,1.3664490064738735,637.1492661684757,23.87212815190948,0.5357742936348269,0.7210808613790065,0,2.995893709237235
mace_invariants,94,27,9,38,1.3360377772378191,498.89524354959616,-1.534238308656663,0.639089309444786,0.7210808613790065,0,-12.49228596726521
mace_invariants,94,28,9,44,1.4658604777134931,981.2258602994892,-4.575766912280201,0.6269142355259714,0.7210808613790065,0,99.3317746396777
mace_invariants,94,29,9,45,1.4500734013598335,901.0914459867354,8.203921263045949,0.5792507969112299,0.7210808613790065,0,-13.217812550869615
mace_invariants,94,30,10,39,1.512805124826537,348.4905483354954,-8.186300969180667,0.746415272224307,0.7210808613790065,1,-19.910226882270674
mace_invariants,94,31,10,45,1.4019351760126055,1243.6258470042171,14.286105489160656,0.7415834966427124,0.7210808613790065,1,-17.068635269693644
mace_invariants,94,32,10,46,1.4190292190170481,1426.9696386776482,0.7634937694521692,0.7974158903893018,0.7210808613790065,1,19.3186304896744
mace_invariants,94,33,11,40,1.4494715879207785,943.5794268776751,-15.725593996518253,0.6987802827673069,0.7210808613790065,0,20.806705675351072
mace_invariants,94,34,11,46,1.450259628940738,1143.3395150966517,2.661515906970179,0.7376435298127197,0.7210808613790065,1,26.8938473537953
mace_invariants,94,35,11,47,1.4205115775485926,1252.6804291151552,4.561444798657612,0.7634340227166503,0.7210808613790065,1,29.210059463046033
mace_invariants,94,36,12,47,1.4319351561503288,1003.436739439008,-33.15826918324367,0.643658293937515,0.7210808613790065,0,9.62002348608716
mace_invariants,94,37,12,48,1.3747221988294773,804.05513403737,-18.06609111071925,0.6942998006098342,0.7210808613790065,0,-34.17338913530655
mace_invariants,94,38,12,53,1.4833054609982357,870.4305873529892,-10.261098329274157,0.5945748487435218,0.7210808613790065,0,-13.602453094128844
mace_invariants,94,39,13,42,1.400874009011166,1070.0120514041866,-3.169330657995628,0.7711652544906968,0.7210808613790065,1,-12.720794783921546
mace_invariants,94,40,13,48,1.4994883272757629,593.6837686253473,-0.9041856305859958,0.9921148077691617,0.7210808613790065,1,-52.284127865372014
mace_invariants,94,41,13,49,1.43566683057242,958.2220935157139,23.21575735270423,0.8492574681489415,0.7210808613790065,1,-29.307063984519196
mace_invariants,94,42,14,43,1.44549195172947,1278.1618417212417,0.8006354728488165,0.4106272925247272,0.7210808613790065,0,37.681606350582356
mace_invariants,94,43,14,49,1.4263398774721714,1046.5089252670955,19.73448857859742,0.6127532922721171,0.7210808613790065,0,-45.09920548687113
mace_invariants,94,44,14,50,1.3407454143611117,347.7934041333811,32.894184984366504,0.5885339637530639,0.7210808613790065,0,-125.94673006407001
mace_invariants,94,45,15,44,1.496603675661056,705.249187137618,19.307401589555482,0.5108709344872169,0.7210808613790065,0,7.756437057229618
mace_invariants,94,46,15,50,1.5146188469618211,473.1615673525943,-15.362691784801756,0.42839522105604133,0.7210808613790065,0,-90.3841648452409
mace_invariants,94,47,15,51,1.4160443200756212,971.1274407489205,-42.81229539355004,0.4007585423716142,0.7210808613790065,0,43.64447431932987
mace_invariants,94,48,16,45,1.3707324767622397,732.3722695465805,-23.316042808500615,0.5796747372818656,0.7210808613790065,0,-14.704726222167913
mace_invariants,94,49,16,51,1.4374983791935803,1101.3968700691062,-11.607865073887446,0.5172257837810041,0.7210808613790065,0,-10.886566576290946
mace_invariants,94,50,16,52,1.457527728350745,1137.8349655783322,-18.040126162770505,0.502277095535518,0.7210808613790065,0,8.084613811859217
mace_invariants,94,51,17,46,1.4271945033535822,961.7687652830953,-41.53188437359253,0.6305143208266837,0.7210808613790065,0,4.543856390452692
mace_invariants,94,52,17,52,1.4192501876847963,1025.1921481796574,-6.0196596608576085,0.4972842853337467,0.7210808613790065,0,19.255029895531848
mace_invariants,94,53,17,53,1.4054774701200734,998.9401751557916,-13.060207116813308,0.6072213685366211,0.7210808613790065,0,46.25895782212254
mace_invariants,94,54,18,53,1.4125083655224295,1128.1206983059933,-37.693601350116644,0.665367574179859,0.7210808613790065,0,22.849395334513076
mace_invariants,94,55,18,54,1.401360932569208,1090.2577272170063,-14.999345147706283,0.5644902815950389,0.7210808613790065,0,2.2878151524705848
mace_invariants,94,56,18,59,1.4726022443596138,876.6588599667201,-39.923836474354964,0.6398488132830774,0.7210808613790065,0,-26.822175016762596
mace_invariants,94,57,19,48,1.4154163793725598,1269.1998889967274,-4.135296892806886,0.6831919966225795,0.7210808613790065,0,-45.139461088948806
mace_invariants,94,58,19,54,1.4631381105047145,1044.1267415852353,-5.593165087184656,0.48258975217144695,0.7210808613790065,0,-3.8685915621253413
mace_invariants,94,59,19,55,1.373679486902283,911.9229375114274,-0.32315917003294603,0.5460261434359537,0.7210808613790065,0,-87.50428974233931
mace_invariants,94,60,20,49,1.3758587684781813,780.817592770126,31.67915342578666,0.7278679489544821,0.7210808613790065,1,-77.37653383977586
mace_invariants,94,61,20,55,1.3435790312786378,437.50103332323863,36.76578738744761,0.7335594353880768,0.7210808613790065,1,-147.18523176071724
mace_invariants,94,62,20,56,1.4561562442566156,977.5031844867024,15.02591872861484,0.5803317484370949,0.7210808613790065,0,-34.581019619693805
mace_invariants,94,63,21,50,1.3662617455748776,671.0173180063586,19.3258185763602,0.543118563259628,0.7210808613790065,0,-121.55592478451112
mace_invariants,94,64,21,56,1.45299459756637,1083.5455645166485,39.352458188822744,0.4198016912612939,0.7210808613790065,0,8.864367024903888
mace_invariants,94,65,21,57,1.4864206457535838,773.7583916101053,-6.789767594560424,0.5390868097413806,0.7210808613790065,0,-4.53642693196365
mace_invariants,94,66,22,51,1.333348821078626,241.10755562536983,-20.925230937853083,0.5526903898617335,0.7210808613790065,0,-22.039396914392075
mace_invariants,94,67,22,57,1.4392385686925124,1261.4800763814087,-6.599929084065318,0.5762953150279131,0.7210808613790065,0,29.31982948562603
mace_invariants,94,68,22,58,1.4490732350006528,1045.3503059296754,-23.325845703817354,0.5464720587053736,0.7210808613790065,0,22.20765889900749
mace_invariants,94,69,23,52,1.4094316986697775,1087.6916683904797,-25.305138314461683,0.5395990418257612,0.7210808613790065,0,47.623442446677586
mace_invariants,94,70,23,58,1.4044997888009438,1105.5124682648193,-36.09287478186311,0.5483293989148876,0.7210808613790065,0,29.33648074254611
mace_invariants,94,71,23,59,1.4399494329129614,1012.475954789205,-37.773054395038805,0.624017364131854,0.7210808613790065,0,1.0011309300308153
mace_invariants,94,72,24,59,1.4500545237232507,1146.7006404116726,-13.434299760598405,0.6715696042776291,0.7210808613790065,0,27.332527189888097
mace_invariants,94,73,24,60,1.4857509766468695,692.1983381096284,1.8790738750604905,0.6908252285608916,0.7210808613790065,0,66.86864387822993
mace_invariants,94,74,24,65,1.4183908873987212,1020.8447269304222,-12.683168828402994,0.5756011949468103,0.7210808613790065,0,2.550332226394831
mace_invariants,94,75,25,54,1.4144132311987314,1124.7470182481013,-22.787227267848422,0.5074278258960484,0.7210808613790065,0,-5.557351721890698
mace_invariants,94,76,25,60,1.3550443817569098,680.8063179297761,36.44566509773155,0.6020419818673494,0.7210808613790065,0,-19.234458855571205
mace_invariants,94,77,25,61,1.4641228847501944,789.8644240095708,21.702233517017877,0.5240589702606624,0.7210808613790065,0,-36.96053596724022
mace_invariants,94,78,26,55,1.5011237332547276,610.0516542019695,7.357067252656493,0.5646242083026726,0.7210808613790065,0,-84.83997019030053
mace_invariants,94,79,26,61,1.388735250411863,1141.515283830827,21.503506014995235,0.5178189614027797,0.7210808613790065,0,16.529863254129605
mace_invariants,94,80,26,62,1.4763609791364147,753.6799752606288,12.951243142916548,0.545679660810338,0.7210808613790065,0,-43.42954346236718
mace_invariants,94,81,27,56,1.4208606499921896,1139.1895111414278,30.93685327136208,0.4838134350514553,0.7210808613790065,0,23.674154668166473
mace_invariants,94,82,27,62,1.3281742144562902,-96.02090247305395,-2.4690412098009524,0.6180965745101026,0.7210808613790065,0,-107.65493540041174
mace_invariants,94,83,27,63,1.480265447680916,828.2006984895296,10.499760163579507,0.7052179185557581,0.7210808613790065,0,-42.8893376886208
mace_invariants,94,84,28,57,1.3643409548128618,670.0612345766282,11.697406749224111,0.4782846484481741,0.7210808613790065,0,15.943435089016535
mace_invariants,94,85,28,63,1.3877845747513935,969.263100286114,20.018655599239548,0.5804040134723902,0.7210808613790065,0,-68.00395076595134
mace_invariants,94,86,28,64,1.4191047664993053,1072.1188674109037,-13.378677818889074,0.4692231249866073,0.7210808613790065,0,13.431285000921164
mace_invariants,94,87,29,58,1.4516470406277315,987.3346340934634,-33.60502324880441,0.4674070015731331,0.7210808613790065,0,10.277386246179601
mace_invariants,94,88,29,64,1.3932753600365706,1078.490750138698,-23.77758287138638,0.4881687344341058,0.7210808613790065,0,43.45927406699629
mace_invariants,94,89,29,65,1.4183361444606206,1052.9195919345564,-12.414445261827217,0.44712655745928065,0.7210808613790065,0,-23.725556888589555
mace_invariants,94,90,30,65,1.3874304765600594,1012.0145262043934,-12.17437797017724,0.6017820872305644,0.7210808613790065,0,-4.525531906209005
mace_invariants,94,91,30,66,1.4469675523428345,1102.9092051488135,25.133312963026853,0.4911095238871382,0.7210808613790065,0,-55.92255862251598
mace_invariants,94,92,30,71,1.4628849171799836,962.0623237913977,28.752011573010925,0.8070391931531826,0.7210808613790065,1,7.065960077728443
mace_invariants,94,93,31,60,1.4533968075619281,901.5250503325999,-1.5488800066085824,0.5066047047023107,0.7210808613790065,0,-135.04690317989989
mace_invariants,94,94,31,66,1.3567595014175782,733.602972061671,53.421449090145934,0.2807081077448032,0.7210808613790065,0,-92.01020937963338
mace_invariants,94,95,31,67,1.3470094404985156,333.1557546456199,-30.873265520738904,0.47884296456879133,0.7210808613790065,0,-106.48928127304019
mace_invariants,94,96,32,61,1.4237382996860175,1134.024389486028,24.176857629413927,0.6083003039267558,0.7210808613790065,0,-9.313404751712199
mace_invariants,94,97,32,67,1.4742746372600655,844.1795781118999,-11.870615247829992,0.6585215753999235,0.7210808613790065,0,-47.20515997787835
mace_invariants,94,98,32,68,1.3674506281921135,845.4031212483717,19.94183108661502,0.6969658556403101,0.7210808613790065,0,-18.072838786394122
mace_invariants,94,99,33,62,1.3828741504948483,1029.6383449262273,0.9434422797077631,0.5511908546722057,0.7210808613790065,0,-39.52056611804055
mace_invariants,94,100,33,68,1.4064363930713153,1110.48416702743,2.3666520260637833,0.6119957069782018,0.7210808613790065,0,-20.8525748332825
mace_invariants,94,101,33,69,1.4846895419231463,801.6228963290972,-1.4743008334712067,0.555389363871035,0.7210808613790065,0,-29.58301694331311
mace_invariants,94,102,34,63,1.3771809475772032,1006.6262168806333,5.924693685439094,0.7576957078101728,0.7210808613790065,1,-37.98873891945985
mace_invariants,94,103,34,69,1.4534300053205425,922.4949398948297,-7.5144033842409375,0.6747728729633464,0.7210808613790065,0,-4.9455490751477225
mace_invariants,94,104,34,70,1.4745318642219176,919.4903609051408,9.071460200263802,0.7442072800890379,0.7210808613790065,1,-3.3205091962422575
mace_invariants,94,105,35,64,1.4602014177793732,1136.8235551373414,8.13226558205093,0.5371639331835627,0.7210808613790065,0,-43.72625151268791
mace_invariants,94,106,35,70,1.341040769203884,353.25533908555633,-3.2404591362547577,0.6348563939482107,0.7210808613790065,0,-72.63551658822091
mace_invariants,94,107,35,71,1.3624367392858336,603.9722478899307,5.360439744890978,0.7013788621313558,0.7210808613790065,0,-53.3571583659197
mace_invariants,65,0,0,36,1.4622436022949392,1056.6072441230378,-16.11113941458642,0.5030453927901206,0.7265650694620344,0,167.91516635777404
mace_invariants,65,1,0,41,1.442485067575715,1115.8583237674889,-1.056426960032636,0.5579494857424736,0.7265650694620344,0,-14.486879405421547
mace_invariants,65,2,0,71,1.3898080435681002,1009.3716108655926,-46.54136299728077,0.5599302368318925,0.7265650694620344,0,-9.624499463827203
mace_invariants,65,3,1,36,1.3198933492284028,-85.81062713413479,-105.24739188528113,0.48439417933006274,0.7265650694620344,0,-21.377751119053396
mace_invariants,65,4,1,37,1.4917086605498664,828.7385625310519,-2.656313141812458,0.7501987074803704,0.7265650694620344,1,126.30855933249669
mace_invariants,65,5,1,66,1.399776704928703,881.0668491114235,-4.124093337120965,0.43691611495204585,0.7265650694620344,0,84.4786657955387
mace_invariants,65,6,2,37,1.4658647049579165,1715.29902216799,68.00263799920045,0.9634892044497008,0.7265650694620344,1,-8.935608082075856
mace_invariants,65,7,2,38,1.4979433143666026,896.9727686995084,0.8727681712786262,0.6087012208509266,0.7265650694620344,0,-13.315279824080946
mace_invariants,65,8,2,67,1.400968195847968,1033.7215145601206,-38.35116971221067,0.8410488241222305,0.7265650694620344,1,-5.175225429574134
mace_invariants,65,9,3,38,1.3118625119806846,-330.6214883911696,-66.48170489214178,0.4259250376148409,0.7265650694620344,0,-6.24785016368352
mace_invariants,65,10,3,39,1.4290786076401183,1037.290206899253,1.4933796330918945,0.42226363874249706,0.7265650694620344,0,258.18165623050834
mace_invariants,65,11,3,68,1.457525015179946,1145.9315150413163,-53.23142893455914,0.4958172033312676,0.7265650694620344,0,164.04253247016706
mace_invariants,65,12,4,39,1.4443060089054314,1178.1604454205149,-13.93118349064194,0.35456787754317515,0.7265650694620344,0,11.923947522609403
mace_invariants,65,13,4,40,1.4574032943381332,1057.030249872799,6.054147205300708,0.46548465328930877,0.7265650694620344,0,23.97569461296419
mace_invariants,65,14,4,69,1.4366700772715324,1174.6456996675493,-5.191395943101716,0.8420528994381149,0.7265650694620344,1,7.405623470398099
mace_invariants,65,15,5,40,1.4243779819184519,1185.0431863941828,4.055115315463375,0.6432619809255168,0.7265650694620344,0,31.366390080733836
mace_invariants,65,16,5,41,1.3959560347626712,1158.7320761124204,-28.796899845999103,0.6798941524525463,0.7265650694620344,0,24.097514080521435
mace_invariants,65,17,5,70,1.4972169285577346,644.9821894395966,-31.977561199496684,0.768579010989767,0.7265650694620344,1,39.89683552990383
mace_invariants,65,18,6,41,1.390050777285507,985.3629953137162,8.16805570630499,0.4972120792926842,0.7265650694620344,0,-0.04494896716219543
mace_invariants,65,19,6,42,1.447806653915352,1019.2130516811646,-20.80041771384305,0.3274553879117186,0.7265650694620344,0,-207.07862724070918
mace_invariants,65,20,6,47,1.420916595401595,1197.8913588504709,-9.614313332417117,0.48563647598089066,0.7265650694620344,0,10.450307764384739
mace_invariants,65,21,7,36,1.4574200621561477,1220.9022361179693,-8.431645078902609,0.32574685388155583,0.7265650694620344,0,-101.26907780201195
mace_invariants,65,22,7,42,1.3391327118614944,262.52419746290576,-33.52556238642588,0.21089425545294324,0.7265650694620344,0,-6.111654597388064
mace_invariants,65,23,7,43,1.5360806596388827,135.57726494703033,-9.753878865427136,0.17064713441580573,0.7265650694620344,0,-29.554815590099178
mace_invariants,65,24,8,37,1.3927529576364828,814.8209766493686,-17.425095784389605,0.5318927946699041,0.7265650694620344,0,100.79239384487137
mace_invariants,65,25,8,43,1.3575630510804555,616.9064826707946,12.321368083024819,0.11098854705384628,0.7265650694620344,0,-103.39637243598199
mace_invariants,65,26,8,44,1.4002809869949857,707.513413407286,-7.70489314168063,0.33454754374255136,0.7265650694620344,0,113.27026541927498
mace_invariants,65,27,9,38,1.374432310514095,778.765574238224,-19.096267902714377,0.340689831119522,0.7265650694620344,0,117.05347701133873
mace_invariants,65,28,9,44,1.5510591645991127,-221.25364666821326,-33.48565030695278,0.4981325637909433,0.7265650694620344,0,22.798444885268673
mace_invariants,65,29,9,45,1.391798758476647,947.3315523580676,-19.368372034176883,0.4493308169937978,0.7265650694620344,0,51.92955409439118
mace_invariants,65,30,10,39,1.41096963657844,1057.4372752636023,-4.557353249682986,0.41211723701786596,0.7265650694620344,0,-23.562889527252022
mace_invariants,65,31,10,45,1.39229491504608,873.9663856653366,10.940197893367962,0.5244196217644856,0.7265650694620344,0,-62.59131158117886
mace_invariants,65,32,10,46,1.3576217727735305,595.948092130021,-26.653790595782926,0.6652701972808509,0.7265650694620344,0,-57.83670005336106
mace_invariants,65,33,11,40,1.403253715282966,1105.886970941727,-33.525021826778726,0.4944779217811014,0.7265650694620344,0,1.2394165517510363
mace_invariants,65,34,11,46,1.373419000957773,877.9630072438596,-9.669950395180587,0.6367141062979527,0.7265650694620344,0,-24.651731797425985
mace_invariants,65,35,11,47,1.4515167265535731,1194.6225165105343,12.666019234585477,0.5195344899963373,0.7265650694620344,0,5.748781365298061
mace_invariants,65,36,12,47,1.4494005910787482,1094.0309049632172,-17.833030287552297,0.48844866272550136,0.7265650694620344,0,7.796642758710867
mace_invariants,65,37,12,48,1.3949103676174117,940.2677368256784,-32.997673584581314,0.4110276126892797,0.7265650694620344,0,-17.435706836875614
mace_invariants,65,38,12,53,1.4382265047970735,1250.756315548533,-2.9998596031222124,0.5224925540314014,0.7265650694620344,0,9.085792813961316
mace_invariants,65,39,13,42,1.4668780840530653,931.7819316673709,-25.760886032958087,0.30671364104267396,0.7265650694620344,0,-72.111744191744
mace_invariants,65,40,13,48,1.348069609005279,604.3746463866887,1.071048790136933,0.3874736790756243,0.7265650694620344,0,-15.004327274015072
mace_invariants,65,41,13,49,1.4811646067349575,1023.9079746723725,-9.656774608205206,0.43434613259922683,0.7265650694620344,0,82.39067210405607
mace_invariants,65,42,14,43,1.4597187099506868,983.708913551904,-12.58460283496629,0.24943810620958876,0.7265650694620344,0,8.83569952617891
mace_invariants,65,43,14,49,1.296308069719481,-838.6584585454666,-150.73980688144866,0.41731771880327917,0.7265650694620344,0,-6.895906265079489
mace_invariants,65,44,14,50,1.4432589468508916,1309.394158100305,-38.733043095880866,0.4322639157410293,0.7265650694620344,0,379.05449801189104
mace_invariants,65,45,15,44,1.4273916589481437,1306.4523584702233,-2.1981630868477264,0.4513045811650185,0.7265650694620344,0,55.59271717317377
mace_invariants,65,46,15,50,1.421472838103007,1101.9295711368138,-38.73033240453523,0.41057139400775394,0.7265650694620344,0,8.778275500487336
mace_invariants,65,47,15,51,1.4319536794719476,1042.8125470491932,-64.20790741642924,0.32927952542157046,0.7265650694620344,0,12.587927280078503
mace_invariants,65,48,16,45,1.437317563771016,1043.5714500469423,-33.69325705354457,0.40826953754296463,0.7265650694620344,0,-7.444816382393178
mace_invariants,65,49,16,51,1.4260731281505619,1175.7157404607383,-20.661188271352277,0.3350462285966621,0.7265650694620344,0,14.147358635026393
mace_invariants,65,50,16,52,1.422784860907071,965.2459482281882,-12.117511737973794,0.40621789068692554,0.7265650694620344,0,31.97769115852381
mace_invariants,65,51,17,46,1.4596454530905298,880.3472110800561,-20.894104525448654,0.6993939319049968,0.7265650694620344,0,-95.15139590022493
mace_invariants,65,52,17,52,1.3761633050430189,797.9069875684877,-12.088607582005887,0.5564917095325923,0.7265650694620344,0,-25.14910486751081
mace_invariants,65,53,17,53,1.472432601935258,1049.4032422758933,-31.56198386646454,0.6162582069092815,0.7265650694620344,0,-34.90839325279839
mace_invariants,65,54,18,53,1.381249731149028,882.6531158761775,-47.79468058692293,0.48508840068941717,0.7265650694620344,0,59.30234654371125
mace_invariants,65,55,18,54,1.46211997247719,966.688680440459,8.28092721613992,0.33385719115406454,0.7265650694620344,0,59.58511866698505
mace_invariants,65,56,18,59,1.3577838606015133,665.960988134094,-39.734195932574096,0.5432022405146304,0.7265650694620344,0,-17.70375269239233
mace_invariants,65,57,19,48,1.4250439143849456,904.0979939633457,2.5545438660105457,0.3740625878793117,0.7265650694620344,0,25.117201067311882
mace_invariants,65,58,19,54,1.519834078689076,466.45610161907285,-7.5459102367567175,0.33429631968608065,0.7265650694620344,0,114.38667379452593
mace_invariants,65,59,19,55,1.3251074970658214,123.38434640866647,-23.927089102120693,0.4553052820826898,0.7265650694620344,0,-11.738832729705226
mace_invariants,65,60,20,49,1.4173514219691496,980.7702992343794,-11.037022099614415,0.2183820674171643,0.7265650694620344,0,473.5180049186366
mace_invariants,65,61,20,55,1.442147562724644,963.5503732416267,-26.455610876611455,0.2527523080969398,0.7265650694620344,0,143.41503367158523
mace_invariants,65,62,20,56,1.4373484107456713,1125.9502360064241,-27.775414701281193,0.22599828120590426,0.7265650694620344,0,37.41330583632565
mace_invariants,65,63,21,50,1.3689541956154991,927.9067815830812,17.004772385209144,0.6004009554615559,0.7265650694620344,0,-7.778776782196097
mace_invariants,65,64,21,56,1.4602990105821476,1115.44706583492,-31.22744790076972,0.5930709723125458,0.7265650694620344,0,0.4574818651188526
mace_invariants,65,65,21,57,1.4114368663791956,962.9604739182076,-62.00338948116388,0.666863045357226,0.7265650694620344,0,-91.21536317888504
mace_invariants,65,66,22,51,1.4136379006954665,1092.3146064364141,-9.242278635533966,0.4777001645533654,0.7265650694620344,0,-41.921948453075046
mace_invariants,65,67,22,57,1.369302900501576,991.6577366183245,-25.489909309676786,0.6254541230352189,0.7265650694620344,0,-59.13188921011104
mace_invariants,65,68,22,58,1.412042226843043,1026.1136914182725,-11.338678878243982,0.5407261277740528,0.7265650694620344,0,-37.46035764483645
mace_invariants,65,69,23,52,1.4264893886346734,1033.502718616764,-30.861479371632008,0.5292155893629051,0.7265650694620344,0,32.01207966901797
mace_invariants,65,70,23,58,1.4644458410832273,892.6220586665492,-23.761889387418197,0.5210698904933292,0.7265650694620344,0,22.85608470941645
mace_invariants,65,71,23,59,1.4673312561948402,932.0198612783332,-21.3210623499994,0.6470959265648075,0.7265650694620344,0,-2.7598843745453046
mace_invariants,65,72,24,59,1.4711923856501437,827.797358932565,-37.417722226891655,0.5784696613924961,0.7265650694620344,0,61.721935597109706
mace_invariants,65,73,24,60,1.4545224991795536,1057.6146657896034,-26.96040231237181,0.5210975179444193,0.7265650694620344,0,162.51368903026176
mace_invariants,65,74,24,65,1.3175206748177444,-302.1002676076353,-125.93164415551,0.4327159613137519,0.7265650694620344,0,-7.188436680488827
mace_invariants,65,75,25,54,1.4214568553458007,1201.0496772187191,-0.2711618036596759,0.31337290056905365,0.7265650694620344,0,40.2202400655692
mace_invariants,65,76,25,60,1.3929200767497565,1002.4340693762599,-32.41363939664436,0.4653458064815428,0.7265650694620344,0,26.307227814562186
mace_invariants,65,77,25,61,1.3869632124476805,875.6666574393367,-1.3072609102074435,0.4667971755262763,0.7265650694620344,0,-17.178202736216395
mace_invariants,65,78,26,55,1.4545589739018574,1079.3268300497427,-38.356971090014774,0.5582665430482887,0.7265650694620344,0,64.66604352139238
mace_invariants,65,79,26,61,1.4405037326233319,1114.8525617063156,-11.254311238646663,0.5906818556089023,0.7265650694620344,0,-43.45473846465336
mace_invariants,65,80,26,62,1.3730997061111108,1033.0650033911656,-17.748898151436826,0.6091494586352664,0.7265650694620344,0,-35.116814681434434
mace_invariants,65,81,27,56,1.4460717280646853,998.8814650784018,-36.34247139133202,0.5968768694445188,0.7265650694620344,0,-59.343561078425026
mace_invariants,65,82,27,62,1.4606821127335028,855.7627983197923,-35.818786760956456,0.674513811922532,0.7265650694620344,0,-55.138694422514206
mace_invariants,65,83,27,63,1.3824479345777976,971.8043957467239,-39.7133209798928,0.7824229580560653,0.7265650694620344,1,51.20189743706412
mace_invariants,65,84,28,57,1.379283360724125,1049.9859595715527,-29.467623372727125,0.7034387051464899,0.7265650694620344,0,-66.73966231897501
mace_invariants,65,85,28,63,1.4977944743411533,1091.6802088891104,-19.60276104925366,0.8151927207133562,0.7265650694620344,1,-199.0589522346507
mace_invariants,65,86,28,64,1.372963519103916,795.4618944377671,-84.4033319999932,0.7644360027636844,0.7265650694620344,1,24.499581643260804
mace_invariants,65,87,29,58,1.4202438933528996,1148.1908573167923,-53.03578253965695,0.5921152546724819,0.7265650694620344,0,20.84053289657957
mace_invariants,65,88,29,64,1.3789693128419653,1013.2153076191132,-30.563438116834924,0.7378405475508426,0.7265650694620344,1,14.888849638590976
mace_invariants,65,89,29,65,1.5077180862249586,384.51812238787727,-50.762571100672716,0.572387590665216,0.7265650694620344,0,131.89292401414477
mace_invariants,65,90,30,65,1.398430227951114,1009.5638566031296,-37.010797874677486,0.4068274653519579,0.7265650694620344,0,153.27335304328753
mace_invariants,65,91,30,66,1.4046977137579169,1145.5201298305494,-42.94520608309415,0.3696168802810126,0.7265650694620344,0,8.868042348153999
mace_invariants,65,92,30,71,1.4611375605078698,981.5564989279621,-42.67160787186088,0.4739797887008014,0.7265650694620344,0,12.416304277027452
mace_invariants,65,93,31,60,1.5260215966255175,328.22842723209743,-12.786350291217913,0.6211303124628449,0.7265650694620344,0,1.0579135053408155
mace_invariants,65,94,31,66,1.4375601800557152,1004.0711461882472,-14.015748820416743,0.4955381707612322,0.7265650694620344,0,8.615516961311563
mace_invariants,65,95,31,67,1.465626230067246,954.3822457793535,-14.61563547951214,0.6863803829620867,0.7265650694620344,0,-4.345878251395366
mace_invariants,65,96,32,61,1.401891534443726,1191.2184337455233,14.59303296185132,0.5494247549631077,0.7265650694620344,0,5.112394121923163
mace_invariants,65,97,32,67,1.4161382827834514,1071.0844155124466,14.642424235381174,0.6132234564176158,0.7265650694620344,0,48.72419330186918
mace_invariants,65,98,32,68,1.5148292445263376,499.6450960941121,-43.81744511245976,0.45076801886273865,0.7265650694620344,0,2.901289392844463
mace_invariants,65,99,33,62,1.4192784754096361,1067.282999501439,-67.03660063963244,0.5945799322296224,0.7265650694620344,0,-44.89772151064142
mace_invariants,65,100,33,68,1.391084458487832,996.9370676650618,-27.081057987138557,0.47745559310288915,0.7265650694620344,0,24.608454869559345
mace_invariants,65,101,33,69,1.3475596008043589,217.8418574215507,-82.72162875782803,0.8913870504090584,0.7265650694620344,1,-45.88134018284181
mace_invariants,65,102,34,63,1.5602966323152094,-433.80950075081023,-62.7136099521499,0.8644044570576415,0.7265650694620344,1,-28.143013504604586
mace_invariants,65,103,34,69,1.4667022593355685,916.8818125489739,-3.35042607674952,1.0533024291035442,0.7265650694620344,1,-14.864179672638109
mace_invariants,65,104,34,70,1.414855391344323,1193.1820209988339,-67.23295346713556,0.8020512130189883,0.7265650694620344,1,61.63464769419214
mace_invariants,65,105,35,64,1.4839054222554193,778.289548347106,-36.794522425642185,0.8744223969466379,0.7265650694620344,1,-1.3418829190574186
mace_invariants,65,106,35,70,1.413627303541222,1432.473571450145,-49.5699617420556,0.8628258708576566,0.7265650694620344,1,12.632974370289656
mace_invariants,65,107,35,71,1.4319571212437552,1164.7656987203884,-44.82477446567621,0.7761217634098547,0.7265650694620344,1,5.16765822071366
mace_invariants,87,0,0,36,1.3676056508713499,856.3514717138005,11.551787832113918,0.6293005588111795,0.7290471475433254,0,-121.95159618167604
mace_invariants,87,1,0,41,1.4257492259192899,1083.5903519777273,22.416944856612698,0.5827597189712147,0.7290471475433254,0,-213.67446771540713
mace_invariants,87,2,0,71,1.3339262991076744,327.38724565996336,47.78880635068327,0.6749734627268684,0.7290471475433254,0,-126.49311043680125
mace_invariants,87,3,1,36,1.4110429873589032,1104.917740874781,-16.60090668236637,0.6780793078125404,0.7290471475433254,0,-55.689712323864505
mace_invariants,87,4,1,37,1.477549198024956,840.5798750100541,-14.635460196415192,0.6673470069558607,0.7290471475433254,0,28.267728897023442
mace_invariants,87,5,1,66,1.4189209202942137,1419.7472088339382,-27.031695998289912,0.6760725536687887,0.7290471475433254,0,29.87394292603682
mace_invariants,87,6,2,37,1.4407934995457314,1059.9103930994013,-44.065059090983446,0.7076156277229361,0.7290471475433254,0,17.200140282208846
mace_invariants,87,7,2,38,1.4493368938337616,991.2879729468123,-31.638124627129145,0.6952869363758012,0.7290471475433254,0,-6.613775376737912
mace_invariants,87,8,2,67,1.3761539358405541,901.2565884758199,-10.542968566452208,0.7503958192908415,0.7290471475433254,1,-25.981776968177797
mace_invariants,87,9,3,38,1.4119615439412072,978.0986151586563,-15.839685072551859,0.48424234390811516,0.7290471475433254,0,4.7001399062483475
mace_invariants,87,10,3,39,1.4094291914800903,1118.983994726869,-8.353017476211873,0.545949291219489,0.7290471475433254,0,12.06492863040221
mace_invariants,87,11,3,68,1.471197783504387,940.7647579835545,-26.050346803389377,0.7494417404255229,0.7290471475433254,1,1.434120931569403
mace_invariants,87,12,4,39,1.4622780672995155,839.1184510572258,-28.257400618804702,0.7721268403470478,0.7290471475433254,1,-3.031766276204163
mace_invariants,87,13,4,40,1.3738097124560567,780.5540241726403,-55.2150736655978,0.7564869629488354,0.7290471475433254,1,-33.843925271190706
mace_invariants,87,14,4,69,1.4557074927983815,993.20357880115,-37.99760698742794,0.7203841453495335,0.7290471475433254,0,-12.90194051693201
mace_invariants,87,15,5,40,1.4670615910998215,1405.9830929643774,-21.057261413041303,0.7021953596754043,0.7290471475433254,0,-50.65348769457809
mace_invariants,87,16,5,41,1.3712875950607852,883.9309899161066,-15.51825819421318,0.6326484421260927,0.7290471475433254,0,-20.736996056931904
mace_invariants,87,17,5,70,1.457947802531317,1049.8022290753138,6.941493119660025,0.7470504054255485,0.7290471475433254,1,4.148934974574499
mace_invariants,87,18,6,41,1.4738740678976952,783.5917142846274,-38.16999368907584,0.5954460047700085,0.7290471475433254,0,-5.110399069749349
mace_invariants,87,19,6,42,1.4608151004685,1008.1425534786295,-4.767922939439371,0.7061228275830436,0.7290471475433254,0,6.915711969010186
mace_invariants,87,20,6,47,1.4626965000014402,1190.1206082436195,-36.52155394748583,0.630663172069269,0.7290471475433254,0,-61.97298787856595
mace_invariants,87,21,7,36,1.3845442131715606,957.0208121832497,-3.9181325607782638,0.65013419000954,0.7290471475433254,0,-120.85839791260219
mace_invariants,87,22,7,42,1.3775834015847999,864.7646315159063,-34.35155124745471,0.7142701729826102,0.7290471475433254,0,-1.902470992711713
mace_invariants,87,23,7,43,1.506900677466636,556.0292424430266,1.4301796315735402,0.7055787286315347,0.7290471475433254,0,19.160788320836655
mace_invariants,87,24,8,37,1.4534420954300336,993.505260302627,-23.206633719198685,0.613734000870827,0.7290471475433254,0,15.052500557866244
mace_invariants,87,25,8,43,1.4212420212357686,1163.734698899952,-9.401667493613926,0.6799108403495016,0.7290471475433254,0,56.38160158683062
mace_invariants,87,26,8,44,1.3893984479940906,916.8514667689691,-28.7772460728469,0.5008504575342062,0.7290471475433254,0,-30.729437932674184
mace_invariants,87,27,9,38,1.4011935797530486,1294.0275434952991,4.940330448078852,0.5159813641943337,0.7290471475433254,0,23.82117465720327
mace_invariants,87,28,9,44,1.4235564781130146,1038.1573884460759,-34.806223416611616,0.41542651220484783,0.7290471475433254,0,7.139918979652762
mace_invariants,87,29,9,45,1.4649057848561882,1023.1846519849528,-38.43464799396505,0.38645848773092006,0.7290471475433254,0,86.88732606357712
mace_invariants,87,30,10,39,1.4846562309528195,555.1021519474314,-81.1731756702023,0.5172681670113278,0.7290471475433254,0,165.67434149396644
mace_invariants,87,31,10,45,1.3124207731305897,-351.99405453104805,-144.83814043216208,0.32603834323654046,0.7290471475433254,0,-62.41609163467294
mace_invariants,87,32,10,46,1.3622249107774889,614.1213597578832,-82.30489276134216,0.5280927284618553,0.7290471475433254,0,104.07030442689184
mace_invariants,87,33,11,40,1.3865241578003549,1243.9724467871765,-44.62520156761123,0.7169196590056046,0.7290471475433254,0,-3.82473326125383
mace_invariants,87,34,11,46,1.4553593526262998,1420.6054685968738,-0.007796870576167597,0.7433840978543444,0.7290471475433254,1,-72.35646421864787
mace_invariants,87,35,11,47,1.4155227999913744,1227.9454007476133,-47.856306705261225,0.6825899087555534,0.7290471475433254,0,1.213196364641757
mace_invariants,87,36,12,47,1.3996420402550005,1304.879928730621,26.463305149918444,0.6750921676633974,0.7290471475433254,0,-13.690457467801439
mace_invariants,87,37,12,48,1.3657089917376073,870.3405256951035,-24.24701949332888,0.6497778705609727,0.7290471475433254,0,20.83338872976874
mace_invariants,87,38,12,53,1.5380460693438465,1040.9596562488819,0.42263353672787085,0.6522286546219098,0.7290471475433254,0,-8.369347402023864
mace_invariants,87,39,13,42,1.462357812081196,1564.2495200944509,-25.13644734827163,0.8231287528579438,0.7290471475433254,1,23.40815418916981
mace_invariants,87,40,13,48,1.4461009675450496,1295.320458296389,8.537923765905175,0.7223548002417444,0.7290471475433254,0,11.089514115232959
mace_invariants,87,41,13,49,1.430861054826249,1146.5222028299863,-13.100207125141313,0.8181772390696238,0.7290471475433254,1,40.970932392530344
mace_invariants,87,42,14,43,1.4603777555527169,1264.6699384960175,-15.379303784255137,0.7031958420067368,0.7290471475433254,0,72.05798127845182
mace_invariants,87,43,14,49,1.4527701995036983,1019.5802353151499,-10.802034162569855,0.7069357725694922,0.7290471475433254,0,11.95995486520853
mace_invariants,87,44,14,50,1.3430583377270968,458.52806169717,-14.53041676057655,0.6387816308213743,0.7290471475433254,0,-13.95864633043564
mace_invariants,87,45,15,44,1.3918675649653125,1160.9898897288754,4.35097977840595,0.4534233816916714,0.7290471475433254,0,-3.607842007964199
mace_invariants,87,46,15,50,1.467745393793857,1062.39734569203,-31.31106343413123,0.5680695533216042,0.7290471475433254,0,-8.038212837702902
mace_invariants,87,47,15,51,1.434333310799874,1136.3452391620078,-46.503941968290626,0.3718748738858857,0.7290471475433254,0,124.03123965329952
mace_invariants,87,48,16,45,1.4543285937440267,990.8939305895263,19.725059198793303,0.3626824283544533,0.7290471475433254,0,44.816243385837296
mace_invariants,87,49,16,51,1.511589303080954,481.91809391770613,-11.51435592495296,0.31010194502259536,0.7290471475433254,0,79.44335758215175
mace_invariants,87,50,16,52,1.3693699110016269,756.6624153004371,6.764495722291121,0.3452067123161898,0.7290471475433254,0,83.85948620696163
mace_invariants,87,51,17,46,1.492496337688496,1171.273105655639,53.54018089210579,0.8188495106395361,0.7290471475433254,1,-0.006910370704602986
mace_invariants,87,52,17,52,1.4611812058094016,1264.077890125756,-8.40638653850603,0.5993194093759578,0.7290471475433254,0,53.64325455656928
mace_invariants,87,53,17,53,1.4322073830760726,1312.3803265371089,-20.385914489264003,0.7351918084992576,0.7290471475433254,1,-70.56650582980173
mace_invariants,87,54,18,53,1.3742515299411462,994.6647443032348,16.491190267127358,0.6896094365405114,0.7290471475433254,0,-45.83051060339168
mace_invariants,87,55,18,54,1.4435241264441347,1546.2641418800943,-50.72083358207592,0.7328345506292541,0.7290471475433254,1,-59.306109972048695
mace_invariants,87,56,18,59,1.4506459026972989,1343.523429550546,26.94788893581022,0.7778002206297205,0.7290471475433254,1,-49.87688589525124
mace_invariants,87,57,19,48,1.4151356874045458,1108.880955186974,-38.81217747165601,0.6625207471065895,0.7290471475433254,0,24.116959363674788
mace_invariants,87,58,19,54,1.501620507918092,797.0817727186671,16.854240356568603,0.7081966452562694,0.7290471475433254,0,-2.7233691373641977
mace_invariants,87,59,19,55,1.4622154539846681,1244.9181481773094,-36.63080165591152,0.6902446286625668,0.7290471475433254,0,45.30730561992177
mace_invariants,87,60,20,49,1.4470983083497728,1413.578284521193,-2.31437004262473,0.6904755131045988,0.7290471475433254,0,25.798331491484262
mace_invariants,87,61,20,55,1.4348392874094296,1240.0799535940266,-10.395138311734616,0.6223769558326966,0.7290471475433254,0,22.54674594092879
mace_invariants,87,62,20,56,1.3980298678995853,1287.0174366712902,31.767767393077143,0.646630455603975,0.7290471475433254,0,-10.572326169511472
mace_invariants,87,63,21,50,1.480038198412267,821.0255087882867,-28.92837950714764,0.5535127334824484,0.7290471475433254,0,19.912844033097254
mace_invariants,87,64,21,56,1.406470147800349,1171.2131099808355,1.9388267292848456,0.5778218177299427,0.7290471475433254,0,-2.024273568843753
mace_invariants,87,65,21,57,1.4513493970900073,1097.8044128632846,-0.16294611176563034,0.3719666457613719,0.7290471475433254,0,48.42783789320564
mace_invariants,87,66,22,51,1.304118562534494,-654.5065711186134,-172.55228392976753,0.08099964420221853,0.7290471475433254,0,-26.254488715396487
mace_invariants,87,67,22,57,1.4325845952428513,899.8146179321346,-2.0145263087726835,0.09564823591686047,0.7290471475433254,0,101.7834268768644
mace_invariants,87,68,22,58,1.351405525092858,471.47199806815263,-18.447569393521988,-0.03313991380799569,0.7290471475433254,0,-153.56838024290352
mace_invariants,87,69,23,52,1.3966764378722314,1117.7777957819992,-5.522540539275658,0.3239593991166374,0.7290471475433254,0,-8.675273163504501
mace_invariants,87,70,23,58,1.538821244205001,168.00816071776558,-81.53158890079129,0.1747150738128287,0.7290471475433254,0,-233.46763441949957
mace_invariants,87,71,23,59,1.4943554870222482,991.1822738891527,-12.188078358332689,0.5480225823291462,0.7290471475433254,0,-82.50336324012082
mace_invariants,87,72,24,59,1.3511986435958705,949.079233040473,35.17118680184911,0.706856583766034,0.7290471475433254,0,-18.87049448492095
mace_invariants,87,73,24,60,1.4450824295020779,1120.946420139529,36.012531705159965,0.6043798160358529,0.7290471475433254,0,-41.41198881684881
mace_invariants,87,74,24,65,1.4546553701221627,1188.7243310787453,26.004653867039103,0.5554019942567712,0.7290471475433254,0,25.340487083124973
mace_invariants,87,75,25,54,1.3800260859345534,999.3965657003346,4.416161032949353,0.5823783663118373,0.7290471475433254,0,-10.173365688345905
mace_invariants,87,76,25,60,1.5257754507360446,141.85691982961325,-20.116447692813008,0.5248672685821227,0.7290471475433254,0,-98.64239097359287
mace_invariants,87,77,25,61,1.4323922582098096,1065.6209710380108,-3.361853848836376,0.5273036172507441,0.7290471475433254,0,-76.65639819662971
mace_invariants,87,78,26,55,1.4313492214582324,987.0151571011662,-49.725456581175976,0.6339768570061433,0.7290471475433254,0,21.10004605321374
mace_invariants,87,79,26,61,1.4191169193758841,1074.491116127438,-35.97012921245893,0.5968541245387526,0.7290471475433254,0,-30.686652277537743
mace_invariants,87,80,26,62,1.4246237166926345,1150.9140532346585,-52.24997068181264,0.5956244254339322,0.7290471475433254,0,28.60217976406984
mace_invariants,87,81,27,56,1.4147547213509504,921.7020989395057,-3.9602822696848117,0.8008631190475827,0.7290471475433254,1,-6.807882868344384
mace_invariants,87,82,27,62,1.4156506977505219,1005.4669469259208,4.001748621728362,0.7382571877040933,0.7290471475433254,1,14.112593011790075
mace_invariants,87,83,27,63,1.47643642237516,873.1698263476547,-22.46410533375045,0.7717443222974729,0.7290471475433254,1,14.765122243112797
mace_invariants,87,84,28,57,1.4374450544790984,1006.3538216935888,-1.9691336049491477,0.3940431418498136,0.7290471475433254,0,66.28345371342114
mace_invariants,87,85,28,63,1.427857474851477,1168.8518292083895,19.17649603426604,0.5707795170682747,0.7290471475433254,0,38.48355849555648
mace_invariants,87,86,28,64,1.351370440619685,491.33632205103595,-7.9409151312651565,0.657375627446202,0.7290471475433254,0,-7.854622577913325
mace_invariants,87,87,29,58,1.3905887970053608,1003.2696995199382,-53.91357917384261,0.28889024314722345,0.7290471475433254,0,-85.3788771807817
mace_invariants,87,88,29,64,1.3387085669800558,246.5121617434486,-11.63693038682879,0.6810108784684681,0.7290471475433254,0,-67.40903378090303
mace_invariants,87,89,29,65,1.4033558024208292,1008.9501805063452,9.671434335705605,0.5107431621542782,0.7290471475433254,0,-64.32410283213206
mace_invariants,87,90,30,65,1.4643338105796446,927.7906983945613,-34.76360665594228,0.5743159675728765,0.7290471475433254,0,-12.43094332962566
mace_invariants,87,91,30,66,1.3840306447836694,877.4391977586829,-42.05107879987943,0.6697602044313705,0.7290471475433254,0,-0.8203488149047051
mace_invariants,87,92,30,71,1.3887446216603396,910.69921316627,-10.3182941887945,0.7174398624908112,0.7290471475433254,0,6.0205336890958066
mace_invariants,87,93,31,60,1.3704026547479773,1137.2924453830542,-7.00632538914616,0.5700145371878624,0.7290471475433254,0,-50.29966186697031
mace_invariants,87,94,31,66,1.4611229673749808,938.4901463641793,-19.779843683145014,0.6164809522672747,0.7290471475433254,0,-17.181161617998672
mace_invariants,87,95,31,67,1.4261998788561028,1103.0881337721742,-25.343288734078623,0.6505355971222521,0.7290471475433254,0,-50.088102794337175
mace_invariants,87,96,32,61,1.3834886069848509,844.9551455062983,-42.362408790241176,0.724491927169067,0.7290471475433254,0,-49.35645573991091
mace_invariants,87,97,32,67,1.403887979546066,1077.4020838674905,-17.05853035680413,0.8025766384348352,0.7290471475433254,1,-51.970363663129966
mace_invariants,87,98,32,68,1.4029705444617766,1131.524289683715,-49.88999528152509,1.0126671520372026,0.7290471475433254,1,-38.510845670782835
mace_invariants,87,99,33,62,1.5182578937935352,297.5498636215733,-70.34595817912032,0.619911084406468,0.7290471475433254,0,31.750394076940733
mace_invariants,87,100,33,68,1.411302100465413,1186.2737922052088,-13.613643599342993,0.909316008379424,0.7290471475433254,1,14.670752757261084
mace_invariants,87,101,33,69,1.4444121611652234,1173.387316787514,-45.208665933426374,0.6540808641758757,0.7290471475433254,0,16.45643255912834
mace_invariants,87,102,34,63,1.395341019768232,1081.3005825075863,0.7076324453264491,0.5433738775891226,0.7290471475433254,0,26.2534738413992
mace_invariants,87,103,34,69,1.4204610811438707,1056.8978575114081,-7.122704703800054,0.5440565227651506,0.7290471475433254,0,20.136675370990364
mace_invariants,87,104,34,70,1.3794986411913712,949.2296076346754,-14.000791477382718,0.6250143861145967,0.7290471475433254,0,-45.74358252108628
mace_invariants,87,105,35,64,1.5126237297240805,581.7911754314567,-92.81591078739362,0.6127653972422179,0.7290471475433254,0,-35.25811111996403
mace_invariants,87,106,35,70,1.474783178548835,966.5723380179436,-18.942174810635485,0.6078097953897648,0.7290471475433254,0,35.89171250230217
mace_invariants,87,107,35,71,1.4561092613033069,856.2372672620884,-48.33666954747047,0.5856215758459626,0.7290471475433254,0,-8.858602692308871
mace_invariants,272,0,0,36,1.4766867076248007,866.5590683567858,-23.550834508425144,0.48203265700010167,0.7270269633388671,0,43.60919507099439
mace_invariants,272,1,0,41,1.462651921041856,759.0523425860658,21.20298507978572,0.2839224906508137,0.7270269633388671,0,67.64873013576188
mace_invariants,272,2,0,71,1.4586504185074207,896.5548293633459,-6.879490463853017,0.2846990497167873,0.7270269633388671,0,95.44706370399282
mace_invariants,272,3,1,36,1.3644063362164927,316.3837198043118,9.002228307812224,0.6857359782018732,0.7270269633388671,0,-188.63862608308705
mace_invariants,272,4,1,37,1.3618611546599386,525.1065000249613,42.87839197101796,0.7656272739019797,0.7270269633388671,1,-212.9025797906094
mace_invariants,272,5,1,66,1.3603401314695862,504.0591499505873,17.803170265377076,0.5002346135896061,0.7270269633388671,0,-263.8940443860409
mace_invariants,272,6,2,37,1.493951967153799,518.6805779648615,-20.231535161727535,0.8020789722351491,0.7270269633388671,1,-22.417503240521413
mace_invariants,272,7,2,38,1.5491541956850376,-318.6366212365721,-10.058512019788884,0.6430338142683776,0.7270269633388671,0,-31.749702640733325
mace_invariants,272,8,2,67,1.38526827942146,830.9273839552833,23.241174280289314,0.634034950566868,0.7270269633388671,0,-72.9843108001704
mace_invariants,272,9,3,38,1.4032111019427984,1064.6905722857528,36.4786584652258,0.6579564232664921,0.7270269633388671,0,5.129617849475958
mace_invariants,272,10,3,39,1.402975172531453,861.8275798339091,9.98179929434962,0.7320176869863628,0.7270269633388671,1,-79.90835273266669
mace_invariants,272,11,3,68,1.4423791672354365,914.712499158506,13.8694318686935,0.696832582968098,0.7270269633388671,0,-25.991714980570983
mace_invariants,272,12,4,39,1.4408944264448333,831.9858318386704,-2.2659350346753704,0.6803648743284413,0.7270269633388671,0,-89.44216395119744
mace_invariants,272,13,4,40,1.4187015004453882,899.1079513667248,-21.132181519611834,0.6142227601448315,0.7270269633388671,0,10.498059814760044
mace_invariants,272,14,4,69,1.384312587588118,863.1157519510513,-30.03987776406436,0.6547131949730389,0.7270269633388671,0,12.884989670812748
mace_invariants,272,15,5,40,1.49026927874541,668.7319212302301,-10.19162773037844,0.6686450818219594,0.7270269633388671,0,6.485635424536525
mace_invariants,272,16,5,41,1.372974195950072,577.2077589362511,-15.270710442157268,0.5417696282030754,0.7270269633388671,0,-3.2292276696431683
mace_invariants,272,17,5,70,1.3872883397074307,1007.5230198631002,-17.125256376463746,0.7767231515776334,0.7270269633388671,1,-8.137239144191012
mace_invariants,272,18,6,41,1.3477299219224605,263.72321408443963,11.823056142565292,0.4361219142811186,0.7270269633388671,0,12.05726616957298
mace_invariants,272,19,6,42,1.389902901005301,992.5463268151128,39.69091680613514,0.5955215968582603,0.7270269633388671,0,-72.04568188211219
mace_invariants,272,20,6,47,1.551763549968447,-350.77091216632067,-97.2215240311535,0.2976476465687927,0.7270269633388671,0,4.855833073508645
mace_invariants,272,21,7,36,1.433784347960974,963.630338750188,-18.679314572491716,0.9212290701209064,0.7270269633388671,1,8.863886535639129
mace_invariants,272,22,7,42,1.4503332379724438,1115.2680694597937,30.966036353162433,0.8825185863487602,0.7270269633388671,1,-0.14839319797015893
mace_invariants,272,23,7,43,1.4239893224496025,995.4341731521415,-22.038653404688148,0.9415480892916094,0.7270269633388671,1,-58.073686272854246
mace_invariants,272,24,8,37,1.457107097895644,789.1288950510893,-30.16980148552091,0.9385578547458504,0.7270269633388671,1,50.799271665502545
mace_invariants,272,25,8,43,1.338532222971929,148.00068971969438,-27.69815273157931,0.8789855782164469,0.7270269633388671,1,-35.86423963492825
mace_invariants,272,26,8,44,1.403193470375803,954.7779108556347,32.092185436572635,0.6830568698494293,0.7270269633388671,0,-34.276043109621874
mace_invariants,272,27,9,38,1.4788021131006228,873.3510527098861,-6.179953004967931,0.7886668282433797,0.7270269633388671,1,-41.09676271554674
mace_invariants,272,28,9,44,1.4186879561815673,1016.537249018187,19.768382323004875,0.6922110013137299,0.7270269633388671,0,-13.27137773593291
mace_invariants,272,29,9,45,1.3756702140951726,906.1865319679443,29.630702141128,0.7862602609457212,0.7270269633388671,1,-22.337094303640328
mace_invariants,272,30,10,39,1.346076787489453,393.7925402780625,15.453472964149256,0.866226561312358,0.7270269633388671,1,-17.84660517795224
mace_invariants,272,31,10,45,1.4390088006094772,1033.1797974910346,-1.9764752141629114,0.7897587302948288,0.7270269633388671,1,2.841375307810407
mace_invariants,272,32,10,46,1.4414331395645763,916.9830727868563,-11.541320898879059,0.7860138180853417,0.7270269633388671,1,28.081843293740725
mace_invariants,272,33,11,40,1.3856876293032672,724.9571923787765,-37.276372311448526,0.613632695811994,0.7270269633388671,0,7.29594480146028
mace_invariants,272,34,11,46,1.4371140951821166,1071.928327634883,2.1218664121860145,0.5995620667685875,0.7270269633388671,0,10.40066194835699
mace_invariants,272,35,11,47,1.385972130537111,1088.1719295302385,21.026737224313642,0.34828297448078416,0.7270269633388671,0,-1.8983639188767238
mace_invariants,272,36,12,47,1.3243803896935384,-11.580256807251722,-38.540101272863964,0.2166973327525753,0.7270269633388671,0,0.25414853493342626
mace_invariants,272,37,12,48,1.4148592788738539,1081.4203957521972,18.565944271393548,0.4927541633833643,0.7270269633388671,0,24.08534173160711
mace_invariants,272,38,12,53,1.534564704014107,-67.08279813610163,-59.12255979997225,0.47734300687496234,0.7270269633388671,0,59.9788552219744
mace_invariants,272,39,13,42,1.4850817981726074,714.2657508591418,-37.573835883989574,1.0469004967659579,0.7270269633388671,1,94.31655060926475
mace_invariants,272,40,13,48,1.477774043800502,828.8481637750277,25.3043668572625,1.0250833771072791,0.7270269633388671,1,71.72576968586104
mace_invariants,272,41,13,49,1.4849809858129632,720.8525383476639,-22.036404761777213,1.06531941897322,0.7270269633388671,1,66.72488253867034
mace_invariants,272,42,14,43,1.4054046136215852,891.6025767669493,-8.480667551292997,0.7277820204272567,0.7270269633388671,1,-105.59238569571224
mace_invariants,272,43,14,49,1.387308218671589,983.2860486221886,-2.9977950850373114,0.6871714396916697,0.7270269633388671,0,-82.76694865295094
mace_invariants,272,44,14,50,1.3800698352592329,774.0302553550197,17.09047981511312,0.7054815514166324,0.7270269633388671,0,-72.04585240260911
mace_invariants,272,45,15,44,1.4509657780127374,945.4888590274961,18.549032677537536,0.5914036419930205,0.7270269633388671,0,-9.82291879930953
mace_invariants,272,46,15,50,1.4103893409056214,947.9327115174092,4.451949844179602,0.7650318813494139,0.7270269633388671,1,-24.14508710235865
mace_invariants,272,47,15,51,1.415163566132608,842.532868664454,-12.371725568789481,0.7031412451743508,0.7270269633388671,0,-25.14555494757063
mace_invariants,272,48,16,45,1.4553410877107664,895.2412931211064,-8.700139628023525,0.6461947559936041,0.7270269633388671,0,-23.18349046707751
mace_invariants,272,49,16,51,1.478147050396681,666.2354371548261,-27.69345504576074,0.6638830995429432,0.7270269633388671,0,-21.438575209127123
mace_invariants,272,50,16,52,1.338875705760634,269.4305288997703,1.4958885147166034,0.5437164972717241,0.7270269633388671,0,-132.58335177512845
mace_invariants,272,51,17,46,1.4779844641800706,825.5540478878206,0.3391946824592221,0.7293530657586149,0.7270269633388671,1,39.06118109432273
mace_invariants,272,52,17,52,1.4284121325737922,808.1338690171788,14.274878862275575,0.6306197192462221,0.7270269633388671,0,10.462849735109609
mace_invariants,272,53,17,53,1.5076829518003587,457.89343290885313,-0.43995626378622726,0.7387196475931986,0.7270269633388671,1,1.9010652588951
mace_invariants,272,54,18,53,1.3915936892307803,690.1440228943022,-36.258275260703144,0.6994621203132938,0.7270269633388671,0,-101.67211625865635
mace_invariants,272,55,18,54,1.394643313107746,737.0561182386591,-4.017995312850986,0.5873984483146537,0.7270269633388671,0,-37.70666712762614
mace_invariants,272,56,18,59,1.3586227970904872,462.3374060724528,13.510869934971907,0.7393802938217979,0.7270269633388671,1,-50.385867783464356
mace_invariants,272,57,19,48,1.3976960556860405,1080.9663464658875,39.77117581394607,0.64002603219065,0.7270269633388671,0,-8.330035265081662
mace_invariants,272,58,19,54,1.4239075116319166,1157.3001053265855,26.247616576514883,0.512551203683608,0.7270269633388671,0,-60.76682632403184
mace_invariants,272,59,19,55,1.4400350590993476,1027.2328452980464,-4.834425982461657,0.7012910339724052,0.7270269633388671,0,-25.61168703745271
mace_invariants,272,60,20,49,1.4482786101286846,1052.1114672557371,30.653782801695716,0.6895059788168071,0.7270269633388671,0,14.611155830901748
mace_invariants,272,61,20,55,1.442694036782343,914.1187794162745,-1.0912975242875143,0.7105349387326216,0.7270269633388671,0,52.13733313622152
mace_invariants,272,62,20,56,1.4642188229377462,992.1891356100924,20.19120363799846,0.5900747075490491,0.7270269633388671,0,24.24638160800331
mace_invariants,272,63,21,50,1.4696635184766897,683.1299293496031,21.406919773298203,1.2315755170784528,0.7270269633388671,1,58.580317971880895
mace_invariants,272,64,21,56,1.4854727850361757,617.1279597625494,4.400196560597114,1.113834134085732,0.7270269633388671,1,108.99903407602649
mace_invariants,272,65,21,57,1.4539879598120944,1014.5080163180733,2.10186536807658,1.1376796932911886,0.7270269633388671,1,-9.295933772702117
mace_invariants,272,66,22,51,1.3729434134323442,646.2280807099261,-16.89400356704386,0.6091791098593978,0.7270269633388671,0,0.3436641062013184
mace_invariants,272,67,22,57,1.5679932541893589,-778.7612119765253,-70.18393234190798,0.5771739222471965,0.7270269633388671,0,-78.27176715370321
mace_invariants,272,68,22,58,1.38302118373268,730.5825040829593,-12.561634096088296,0.63214260194348,0.7270269633388671,0,-25.33642330783308
mace_invariants,272,69,23,52,1.391189939517858,836.9499846549478,-24.71941408577176,0.46834491613596796,0.7270269633388671,0,-30.937967422881385
mace_invariants,272,70,23,58,1.4192921902412998,990.7824704625623,-32.36098431751793,0.6114750104912692,0.7270269633388671,0,-14.336733909075887
mace_invariants,272,71,23,59,1.4597590797694635,921.7977681407009,-34.79886884005011,0.6163630179914487,0.7270269633388671,0,-23.09898610374914
mace_invariants,272,72,24,59,1.365370790663242,544.006153835231,-45.18125456686984,0.6585288286724926,0.7270269633388671,0,-35.99941679201564
mace_invariants,272,73,24,60,1.4179637344998497,884.8118800683075,1.0642686758764748,0.4556459766632103,0.7270269633388671,0,-40.80858609812451
mace_invariants,272,74,24,65,1.36922978134322,556.1443391159607,-23.79691728714823,0.633098523222962,0.7270269633388671,0,-39.09703740067239
mace_invariants,272,75,25,54,1.3952894014603732,898.9145004397483,2.7968803559490185,0.42639419425792263,0.7270269633388671,0,-37.679948168957246
mace_invariants,272,76,25,60,1.4210088577294262,891.3570388532726,-1.7810853048354276,0.37549318775578444,0.7270269633388671,0,-32.95782860113351
mace_invariants,272,77,25,61,1.411259329516806,864.8458634128037,17.92374140231541,0.5097897899402624,0.7270269633388671,0,-12.103998562174784
mace_invariants,272,78,26,55,1.3453568607620479,358.20803917667064,-31.604134629520622,0.7572741588575931,0.7270269633388671,1,14.082249688167874
mace_invariants,272,79,26,61,1.4699745602948722,1196.4439455656795,-12.708088044876412,0.6519299242511354,0.7270269633388671,0,40.769702106169994
mace_invariants,272,80,26,62,1.4579003484252144,966.7377771876683,1.7879500324185418,0.6643020189714663,0.7270269633388671,0,68.69061442497822
mace_invariants,272,81,27,56,1.3337586425438286,182.99816918658357,-23.37922098115952,0.6508712698804413,0.7270269633388671,0,-14.641499066090182
mace_invariants,272,82,27,62,1.4035874269051787,907.551655224144,8.456450067050962,0.6783593611778871,0.7270269633388671,0,56.0819192917843
mace_invariants,272,83,27,63,1.4762188857051446,785.502828240605,-5.217428792488796,0.7928809379932369,0.7270269633388671,1,-10.644893342236555
mace_invariants,272,84,28,57,1.4357755617954269,820.7181263633119,8.745034508161043,0.649044638386834,0.7270269633388671,0,63.48337107544283
mace_invariants,272,85,28,63,1.3499044339325905,479.93411553540756,11.827886800587786,0.7672087472941732,0.7270269633388671,1,-49.16624128193512
mace_invariants,272,86,28,64,1.421627486482463,1091.568193231807,11.10739906003957,0.6738460352305258,0.7270269633388671,0,-22.36772988393612
mace_invariants,272,87,29,58,1.5045118114186533,382.3627784580263,-34.45560458139331,0.7731754208204218,0.7270269633388671,1,2.875779600142735
mace_invariants,272,88,29,64,1.3839240027024111,1009.8514511380831,-12.741909629782555,0.7430081379678299,0.7270269633388671,1,-16.328669276353757
mace_invariants,272,89,29,65,1.4539765386392123,942.6788709668166,-36.32478157010731,0.7526331228710705,0.7270269633388671,1,11.751129017289292
mace_invariants,272,90,30,65,1.5042504418341427,396.9752799557598,0.582286976278365,0.6684528535005358,0.7270269633388671,0,35.104627371454605
mace_invariants,272,91,30,66,1.4138807909858728,1327.6680152854713,-17.919827938602612,0.544402380768522,0.7270269633388671,0,21.655888669491326
mace_invariants,272,92,30,71,1.355870100229959,332.53907383597505,-18.02676895413543,0.5325701380974748,0.7270269633388671,0,80.05511401335458
mace_invariants,272,93,31,60,1.4000056889859762,1064.8465150732895,-2.3717085916677045,0.4191101785423301,0.7270269633388671,0,4.4275381014526
mace_invariants,272,94,31,66,1.4742061863240825,849.8412194347954,17.668635696351096,0.472512252370068,0.7270269633388671,0,21.88911084458875
mace_invariants,272,95,31,67,1.4263174698451468,815.7349638010444,5.650194776085686,0.5698608910141606,0.7270269633388671,0,-1.6716799624073078
mace_invariants,272,96,32,61,1.3884939277158599,966.1568811483627,12.45016675190418,0.6202904946935949,0.7270269633388671,0,-19.458680874062175
mace_invariants,272,97,32,67,1.3642134435966382,639.9137516377336,-8.511961415663668,0.6367446049809475,0.7270269633388671,0,-72.7087089690471
mace_invariants,272,98,32,68,1.4262752838465955,998.2877017083897,-4.994162389301924,0.6846196283840631,0.7270269633388671,0,-20.97672985285928
mace_invariants,272,99,33,62,1.3957307147678037,778.1059694248012,-22.01858665457818,0.7991184489684118,0.7270269633388671,1,-15.219381664457321
mace_invariants,272,100,33,68,1.355483403622705,499.5696656741198,-16.514668409228026,0.8510754879385489,0.7270269633388671,1,-11.283534286462297
mace_invariants,272,101,33,69,1.4331020702380592,887.6174947679215,-46.16048771432205,0.8606089126014115,0.7270269633388671,1,-20.801119205392098
mace_invariants,272,102,34,63,1.4199233841777372,990.6970781753313,-5.28297720077736,0.8569940207772053,0.7270269633388671,1,23.193190228454
mace_invariants,272,103,34,69,1.4929114954212035,694.4903875035599,-5.499071567012667,0.8039629075948553,0.7270269633388671,1,53.594252798828606
mace_invariants,272,104,34,70,1.487815870981913,562.9607113908353,-22.649904205034613,0.8715505425223218,0.7270269633388671,1,32.90123444061366
mace_invariants,272,105,35,64,1.4795904948901761,684.4639930814044,-13.652146804378779,0.6714878029914769,0.7270269633388671,0,-42.866717560621055
mace_invariants,272,106,35,70,1.4772933388401066,674.4475373163397,-12.311832664351797,0.7794070368002408,0.7270269633388671,1,21.738254696529182
mace_invariants,272,107,35,71,1.3555789982095914,378.6202107837192,12.268309346081141,0.5452300724916564,0.7270269633388671,0,1.1503815114009015
mace_invariants,216,0,0,36,1.577275804620516,-839.8423938022395,-95.49614883099825,0.2305096489370883,0.7273445076930718,0,633.626873626585
mace_invariants,216,1,0,41,1.2890980976895718,-1096.3794444328075,-136.34958203574996,0.41948159690009135,0.7273445076930718,0,-48.56758470970562
mace_invariants,216,2,0,71,1.4647945168876988,740.976015816319,55.679134438426814,0.4776008722858749,0.7273445076930718,0,490.9412470782777
mace_invariants,216,3,1,36,1.4160139612200675,1263.4890779031496,45.10960316345979,0.32853993498447953,0.7273445076930718,0,18.249649489639044
mace_invariants,216,4,1,37,1.4728761922176914,992.7348217393563,50.150708501076046,0.5091761246575163,0.7273445076930718,0,-4.171157075213496
mace_invariants,216,5,1,66,1.3605362235755984,365.1962797113084,5.600259616612243,0.7992638494493389,0.7273445076930718,1,-75.50473271807536
mace_invariants,216,6,2,37,1.4592216142594043,1631.0129989876616,156.84817029672772,0.544026783211638,0.7273445076930718,0,424.983111903326
mace_invariants,216,7,2,38,1.507203274900311,1754.5875855264744,111.81644885193442,0.5644590651706858,0.7273445076930718,0,360.85471693773025
mace_invariants,216,8,2,67,1.2975200124296349,-1130.4331838700646,82.62437454917699,0.6147093393957843,0.7273445076930718,0,-29.736494592038078
mace_invariants,216,9,3,38,1.4079689039625443,1161.1273819414664,31.52301258270322,0.44398604631933275,0.7273445076930718,0,36.175537024746944
mace_invariants,216,10,3,39,1.3642450617389035,523.9135032422389,-27.02144442370083,0.5343576332644938,0.7273445076930718,0,-49.62287031628623
mace_invariants,216,11,3,68,1.414905891413333,893.6114138989235,31.10365713058786,0.4955782649013637,0.7273445076930718,0,-36.410798265418364
mace_invariants,216,12,4,39,1.4933992160044904,438.5079680769803,6.5734689049143995,0.5454043562089317,0.7273445076930718,0,-22.78296899902996
mace_invariants,216,13,4,40,1.45271493499573,787.6532256382895,24.818617579630207,0.38829719971425747,0.7273445076930718,0,-59.78495752283129
mace_invariants,216,14,4,69,1.4438505873422611,754.9781969105987,-36.36370455417629,0.4972350517884649,0.7273445076930718,0,47.63704918238088
mace_invariants,216,15,5,40,1.3921728906281472,761.459054177068,52.37212231987148,0.40466985683931234,0.7273445076930718,0,-9.325500293385463
mace_invariants,216,16,5,41,1.5296114121029891,-100.87201677154268,-32.59246037523644,0.4593089027197439,0.7273445076930718,0,440.3869744918286
mace_invariants,216,17,5,70,1.3825808275558156,918.2937930362443,88.83121325734682,0.5188995631164134,0.7273445076930718,0,-64.50952078573891
mace_invariants,216,18,6,41,1.423132327420138,767.6298325397378,35.08023785869703,0.3398016689376269,0.7273445076930718,0,319.45465714411074
mace_invariants,216,19,6,42,1.4596861848220046,931.2181185528368,21.748566379172743,0.4160806259722719,0.7273445076930718,0,-69.50757914868836
mace_invariants,216,20,6,47,1.3632141461133056,821.3352464746828,77.82352714563332,0.37513095479562797,0.7273445076930718,0,-54.04647375256668
mace_invariants,216,21,7,36,1.4422759271323056,906.7576989670579,10.397944909525567,0.2705519632386238,0.7273445076930718,0,41.3032031623445
mace_invariants,216,22,7,42,1.4327698726872296,716.9924439340598,15.686679450647583,0.5358028682362718,0.7273445076930718,0,37.11502638637295
mace_invariants,216,23,7,43,1.4034817949738767,1027.31024356957,12.387859318181292,0.5379743779808269,0.7273445076930718,0,22.925013482920846
mace_invariants,216,24,8,37,1.4099219172370374,968.2841053646317,-1.022277271964838,0.33846630488825413,0.7273445076930718,0,31.750694123033135
mace_invariants,216,25,8,43,1.4131269758793508,785.6722123345369,26.361075484085582,0.4252525299574205,0.7273445076930718,0,18.090096145315773
mace_invariants,216,26,8,44,1.4175956529199045,868.7897414145394,39.49040254399084,0.4561403042405084,0.7273445076930718,0,-17.840922108362246
mace_invariants,216,27,9,38,1.475048152561588,537.2474133741839,38.781235159234164,0.5029554853463314,0.7273445076930718,0,40.933135599967635
mace_invariants,216,28,9,44,1.4165655470942453,845.9416391621801,35.85762256010344,0.6001972027395377,0.7273445076930718,0,4.928256479224185
mace_invariants,216,29,9,45,1.38111574462722,595.264142353273,54.718036036411235,0.558209073607483,0.7273445076930718,0,8.694637687967184
mace_invariants,216,30,10,39,1.4355025600125257,906.9356172048331,-2.9778207183709107,0.5947724334638481,0.7273445076930718,0,4.642838897284166
mace_invariants,216,31,10,45,1.4458382570973571,910.4894048304765,6.51286204927265,0.5596544347798387,0.7273445076930718,0,38.35669525991903
mace_invariants,216,32,10,46,1.4620664185905463,884.3808319071072,22.85331872723747,0.4982689115435088,0.7273445076930718,0,42.069290394046966
mace_invariants,216,33,11,40,1.364940565329184,392.82085977732896,42.48599743773959,0.3976028140014274,0.7273445076930718,0,-62.41680934639722
mace_invariants,216,34,11,46,1.5165839400327854,245.73454354189457,55.4819923142158,0.4582064485757622,0.7273445076930718,0,31.380347544077686
mace_invariants,216,35,11,47,1.4296695245009674,976.030196876323,44.51969137671985,0.48757114573985993,0.7273445076930718,0,-25.953443573218692
mace_invariants,216,36,12,47,1.4904949728267243,534.9626817387878,11.118996655325647,0.39651269896814817,0.7273445076930718,0,87.57667883717309
mace_invariants,216,37,12,48,1.4910748505732245,770.8199136520832,1.4476859473808932,0.39466621621837694,0.7273445076930718,0,59.48115930133557
mace_invariants,216,38,12,53,1.322006901781384,-312.4279502795636,-65.39242229624153,0.3300832857394984,0.7273445076930718,0,-36.393763949566804
mace_invariants,216,39,13,42,1.325010579016772,-203.96961062151973,45.21761257740731,0.6406366579246555,0.7273445076930718,0,-68.25847444750778
mace_invariants,216,40,13,48,1.4368748353535499,652.6607938217008,6.690992799814395,0.5978405039982404,0.7273445076930718,0,57.21112131348469
mace_invariants,216,41,13,49,1.4510873865609957,881.3150819531279,-11.44881151517907,0.5795917580492722,0.7273445076930718,0,-48.169377422263416
mace_invariants,216,42,14,43,1.5047239444935023,281.67659454741545,-22.937330140633332,0.6919683855254567,0.7273445076930718,0,-0.3251064033910067
mace_invariants,216,43,14,49,1.3408025662448015,146.12416508819015,30.343426815413455,0.6287519759055182,0.7273445076930718,0,4.4149625008744415
mace_invariants,216,44,14,50,1.3676291269066039,560.4063338569787,40.19028196357948,0.6065002129278909,0.7273445076930718,0,-18.250037947840383
mace_invariants,216,45,15,44,1.4846075687210625,756.6891692978833,42.60436659655067,0.6010990117924977,0.7273445076930718,0,61.441556617166306
mace_invariants,216,46,15,50,1.443658578140514,864.6294801522582,51.75471689472829,0.48474306491184405,0.7273445076930718,0,26.30566624956608
mace_invariants,216,47,15,51,1.4597757206165831,798.4426675107014,44.6393243435213,0.6076768032294149,0.7273445076930718,0,11.404343808632454
mace_invariants,216,48,16,45,1.4401800280397026,894.1940536865819,38.82116041162219,0.6720364096027622,0.7273445076930718,0,-17.494609110610657
mace_invariants,216,49,16,51,1.3515439945251781,414.5248558679598,70.96237060239535,0.7206023301717344,0.7273445076930718,0,-39.59239854877308
mace_invariants,216,50,16,52,1.432982620080033,888.3021905769115,43.67244269145583,0.6416736945910391,0.7273445076930718,0,6.734786899442652
mace_invariants,216,51,17,46,1.3268529852264972,-314.01397328951754,-17.565356292581324,0.5305695532625275,0.7273445076930718,0,2.4749301626982607
mace_invariants,216,52,17,52,1.3823836321445238,597.7835883954767,51.47270972583044,0.5615923614871342,0.7273445076930718,0,18.89137514301408
mace_invariants,216,53,17,53,1.433471233834455,858.6816684704446,5.051380323830981,0.49350483719797555,0.7273445076930718,0,-133.814240494795
mace_invariants,216,54,18,53,1.422064918538509,737.4944391095563,-8.96340525058617,0.3030110472784556,0.7273445076930718,0,-38.11291254170672
mace_invariants,216,55,18,54,1.4122537806525826,865.932528120997,23.36407931748656,0.39116114699441557,0.7273445076930718,0,7.063596390395947
mace_invariants,216,56,18,59,1.42534524428055,747.5765494364814,-0.247432486790369,0.49635192202530054,0.7273445076930718,0,25.344448881145794
mace_invariants,216,57,19,48,1.435249628239922,985.3492203558251,-1.3045109498982193,0.3484412596067409,0.7273445076930718,0,56.15279879728467
mace_invariants,216,58,19,54,1.4452460901971826,700.4730483541705,0.9578678139988868,0.37200842884382235,0.7273445076930718,0,23.12760064614589
mace_invariants,216,59,19,55,1.4081554127934812,801.4502697006118,-14.895759038497808,0.33493562233152846,0.7273445076930718,0,-35.12225809142237
mace_invariants,216,60,20,49,1.3839126511078235,754.4816704001806,20.444597319955854,0.4959537177940899,0.7273445076930718,0,-59.19603373743525
mace_invariants,216,61,20,55,1.328730166662616,-101.22588260790305,45.85616600590623,0.5006968264678456,0.7273445076930718,0,-49.24301831341612
mace_invariants,216,62,20,56,1.4528399698333176,832.4357997994279,30.2971699736448,0.5558941367689109,0.7273445076930718,0,-11.64804469405539
mace_invariants,216,63,21,50,1.4166709885033284,875.5235680171309,27.061560735558114,0.4859968698138777,0.7273445076930718,0,-75.33314705446622
mace_invariants,216,64,21,56,1.3690798072427395,606.0841500117501,45.303913866972756,0.568189051766326,0.7273445076930718,0,2.9164710804220775
mace_invariants,216,65,21,57,1.4201091098930139,852.2187981687042,34.46118962976831,0.506981754020678,0.7273445076930718,0,-6.768692417003503
mace_invariants,216,66,22,51,1.411291375937245,896.6099916839188,23.55727497173419,0.5747364377540137,0.7273445076930718,0,-4.356085928490386
mace_invariants,216,67,22,57,1.3951530858360013,1003.9372096408728,55.054029900829306,0.47278758364324314,0.7273445076930718,0,8.353724667504721
mace_invariants,216,68,22,58,1.4666477416369281,676.475624711371,25.621129156184004,0.5572586557286306,0.7273445076930718,0,-14.011206128936472
mace_invariants,216,69,23,52,1.4802382019941545,537.0091418321856,18.119946873222734,0.7337754731564178,0.7273445076930718,1,-84.55223406551826
mace_invariants,216,70,23,58,1.363137200322377,512.1729183768841,32.54160306332081,0.7952263267117301,0.7273445076930718,1,-53.167447611365866
mace_invariants,216,71,23,59,1.4783319680413913,562.4602105543914,7.319998685790647,0.859028823614104,0.7273445076930718,1,-78.52148658575561
mace_invariants,216,72,24,59,1.4354676406810745,887.2557287997503,36.84051987523758,0.8072697165038807,0.7273445076930718,1,-44.16599116989411
mace_invariants,216,73,24,60,1.3637752439792865,339.00609133674,75.11037831800422,0.6760865638881097,0.7273445076930718,0,-75.8192876509255
mace_invariants,216,74,24,65,1.476967920978945,682.7219980913114,46.687540316271026,0.8694883662853805,0.7273445076930718,1,-17.126329569715214
mace_invariants,216,75,25,54,1.4576118459241731,857.7595820021255,43.90970229603296,0.7131272430335285,0.7273445076930718,0,21.018616989780625
mace_invariants,216,76,25,60,1.468517326280184,854.6308112724108,44.784033889254744,0.6871348654486424,0.7273445076930718,0,-67.15467652214302
mace_invariants,216,77,25,61,1.366136215578689,749.2086141865072,74.18272352401458,0.8497508997206816,0.7273445076930718,1,58.7555721966311
mace_invariants,216,78,26,55,1.5444050623650332,-38.90981016382433,17.305566009469032,0.5349273134778255,0.7273445076930718,0,-21.449204837082398
mace_invariants,216,79,26,61,1.3666804110947868,533.0538017272067,95.9914410861932,0.7086237766772726,0.7273445076930718,0,14.25513804686436
mace_invariants,216,80,26,62,1.4482346183939956,915.4557651915254,29.867910426248905,0.5071581866289734,0.7273445076930718,0,-10.096949760307044
mace_invariants,216,81,27,56,1.5262976824047014,158.31655457152604,32.03960723073877,0.6006522504900205,0.7273445076930718,0,49.41156732088648
mace_invariants,216,82,27,62,1.4101758611419706,802.071032774862,-6.764875147561775,0.517685813340103,0.7273445076930718,0,-24.10851200447727
mace_invariants,216,83,27,63,1.3941862150148667,931.8761814547826,11.043104353244876,0.558395481402069,0.7273445076930718,0,4.655497973784117
mace_invariants,216,84,28,57,1.497608512234469,592.9036988437999,19.087705151164776,0.3856970350577457,0.7273445076930718,0,276.7410651616041
mace_invariants,216,85,28,63,1.5050343493788296,382.56994434671947,18.68461251494127,0.4046475637154421,0.7273445076930718,0,292.55912772771137
mace_invariants,216,86,28,64,1.3079501719758195,-649.5377946959311,-81.86794209137757,0.274709328368933,0.7273445076930718,0,-57.72740899045454
mace_invariants,216,87,29,58,1.4413644171515663,846.7334343843427,58.936081941289785,0.543858327812911,0.7273445076930718,0,-34.37591293974826
mace_invariants,216,88,29,64,1.4081907252735553,892.8340566046696,22.720291931167395,0.34839954903871084,0.7273445076930718,0,120.70010618734511
mace_invariants,216,89,29,65,1.4033728902466456,931.046107140997,43.30166848490286,0.6698794744967849,0.7273445076930718,0,2.6235212401872143
mace_invariants,216,90,30,65,1.4511988250990195,882.6644211269065,10.151574341684078,0.7286002576885763,0.7273445076930718,1,26.185721803096413
mace_invariants,216,91,30,66,1.4633674182113836,996.4132546142863,28.174754050444054,0.7858928270327366,0.7273445076930718,1,-93.92091976328223
mace_invariants,216,92,30,71,1.4335658716690638,843.4543475843296,5.222133168358189,0.5622601359166639,0.7273445076930718,0,-67.83531398777299
mace_invariants,216,93,31,60,1.4253124355550992,1412.4546475813106,78.34457493279525,0.5856063333756447,0.7273445076930718,0,-68.99865744349088
mace_invariants,216,94,31,66,1.5013226905776724,534.7915503396306,52.0087659298708,0.8363007051170757,0.7273445076930718,1,-52.76435729083757
mace_invariants,216,95,31,67,1.4352041617944669,1058.357692163416,74.80714368330835,0.6168955365093994,0.7273445076930718,0,353.46381343018976
mace_invariants,216,96,32,61,1.4262160130017016,728.5898593646937,72.69106187650947,0.44918064262490526,0.7273445076930718,0,132.83558431669337
mace_invariants,216,97,32,67,1.467449990091574,921.711838286824,78.1112166091858,0.31785381148662084,0.7273445076930718,0,371.8978403622726
mace_invariants,216,98,32,68,1.47085133967112,995.1990079557547,11.708817342755435,0.3191957558435533,0.7273445076930718,0,70.4623019664484
mace_invariants,216,99,33,62,1.4288366384297155,934.2045788861151,-15.19679907345252,0.5431319965248123,0.7273445076930718,0,-6.794726686768518
mace_invariants,216,100,33,68,1.3685468599273598,639.5763276555144,18.680365669340905,0.6146126997917596,0.7273445076930718,0,-23.024530693835025
mace_invariants,216,101,33,69,1.432587791101703,775.9375805195348,-26.01179570741929,0.605222763734423,0.7273445076930718,0,-13.914748915280118
mace_invariants,216,102,34,63,1.4251606112228064,947.6448034047534,32.03767002217971,0.48033669211433344,0.7273445076930718,0,-11.870242726511556
mace_invariants,216,103,34,69,1.391789022690215,772.121650385194,23.790363605218698,0.5017177912619782,0.7273445076930718,0,-7.324484432047566
mace_invariants,216,104,34,70,1.4382589714816956,867.2580173964797,2.249435686570142,0.5070096454648718,0.7273445076930718,0,-53.10469156786028
mace_invariants,216,105,35,64,1.4410293412512245,919.4087221039305,1.9073977778435447,0.45127254326395655,0.7273445076930718,0,36.875925621184486
mace_invariants,216,106,35,70,1.486906636709671,561.5231764134578,-14.374464196362533,0.607883731961004,0.7273445076930718,0,-10.399524990111018
mace_invariants,216,107,35,71,1.3555066919424585,671.2309549833377,62.03454819927278,0.6064123469501181,0.7273445076930718,0,-34.07933051712821
mace_invariants,99,0,0,36,1.3952778937924082,1270.9118841491043,28.89219917567261,0.623930715809605,0.7275819484463323,0,-5.286987776741663
mace_invariants,99,1,0,41,1.4310879081560666,1408.2836250678215,54.85471525459148,0.48103063099957044,0.7275819484463323,0,25.130329110331235
mace_invariants,99,2,0,71,1.4676574620062197,1039.8000428422445,22.044822301836195,0.5644717534345398,0.7275819484463323,0,22.046303604587425
mace_invariants,99,3,1,36,1.4641297904183548,1055.737219137371,2.4823840757351516,0.7569164364737473,0.7275819484463323,1,18.441289515484627
mace_invariants,99,4,1,37,1.4871363416473544,777.5190368847334,-32.59222392919832,0.8010973180761345,0.7275819484463323,1,36.5024916755077
mace_invariants,99,5,1,66,1.3609596931199148,699.9097918928001,-61.92734488842852,0.9021707896669773,0.7275819484463323,1,-17.75741396049378
mace_invariants,99,6,2,37,1.4146969108198413,1122.3608577785442,3.960282069636889,0.7243517772621341,0.7275819484463323,0,17.249340604245983
mace_invariants,99,7,2,38,1.4285716894116385,1672.328901451306,102.48711027802295,0.8649295615166214,0.7275819484463323,1,5.962922888215281
mace_invariants,99,8,2,67,1.4634277341083601,895.3349654356422,-32.100709381853335,0.9096947851365242,0.7275819484463323,1,10.039855365391018
mace_invariants,99,9,3,38,1.4409808026597435,1359.3608902824242,73.72818768604819,0.8980557898537338,0.7275819484463323,1,-32.405212593779055
mace_invariants,99,10,3,39,1.4854526873123652,798.8578243253789,14.21535426658669,0.7464726245419877,0.7275819484463323,1,-6.630469360486808
mace_invariants,99,11,3,68,1.3719424198585595,897.4137116652506,-18.894123193930746,0.8363462675482145,0.7275819484463323,1,-38.33002248310545
mace_invariants,99,12,4,39,1.424306556894283,1223.540177832682,66.20878323693378,0.5237309186749852,0.7275819484463323,0,12.392113802437754
mace_invariants,99,13,4,40,1.4600560396758386,1266.4991327174112,45.513467433386104,0.5035525068898734,0.7275819484463323,0,39.8898944600392
mace_invariants,99,14,4,69,1.4320139647036425,1136.9343178069257,79.06073855440899,0.5303471051790052,0.7275819484463323,0,17.900784925246462
mace_invariants,99,15,5,40,1.421409255525466,1067.4168993907635,23.953652935981058,0.5332749902816365,0.7275819484463323,0,32.28601240269806
mace_invariants,99,16,5,41,1.4199146660146196,1179.8777147519643,33.30845136017675,0.3773778167115853,0.7275819484463323,0,12.835105502641783
mace_invariants,99,17,5,70,1.3444407768812543,615.314853139371,-104.02598597544102,0.44004789535703503,0.7275819484463323,0,39.89530032811058
mace_invariants,99,18,6,41,1.4500041159604158,1239.7017165921134,44.254547815167165,0.40984398178064596,0.7275819484463323,0,19.18814294338857
mace_invariants,99,19,6,42,1.4041579268143196,1023.2152375672639,-27.027743695539673,0.5603247521481955,0.7275819484463323,0,7.281296583055432
mace_invariants,99,20,6,47,1.4641720040969162,1082.0748396766196,81.304517683773,0.39877859886721456,0.7275819484463323,0,16.567410842711688
mace_invariants,99,21,7,36,1.3504144157683418,736.4301862221234,-48.375830249942894,0.5972278220436483,0.7275819484463323,0,-19.347186387895725
mace_invariants,99,22,7,42,1.4612646778881322,902.6144283961887,-13.364029070611467,0.6048085076011633,0.7275819484463323,0,-14.3338484755743
mace_invariants,99,23,7,43,1.412120526414277,1188.5048296728764,24.96057088486617,0.46028340528760914,0.7275819484463323,0,-11.940089636880739
mace_invariants,99,24,8,37,1.4754766903237728,771.2323608670808,-45.14702455584249,0.6651341017159833,0.7275819484463323,0,2.2467643083085354
mace_invariants,99,25,8,43,1.4314892480523784,1201.1768432034123,53.75159514426628,0.48400880335755675,0.7275819484463323,0,-25.355950380900484
mace_invariants,99,26,8,44,1.38105814429307,939.9888343102726,1.1159113891670291,0.5378764798679585,0.7275819484463323,0,-17.423130365569012
mace_invariants,99,27,9,38,1.5224653899941771,550.6882020560836,-6.953856375870093,0.8249133077725976,0.7275819484463323,1,-5.818817275680324
mace_invariants,99,28,9,44,1.369840121017628,914.5835773339039,-4.047690621910433,0.5570779016700855,0.7275819484463323,0,-12.49552782898427
mace_invariants,99,29,9,45,1.4170163676458452,1228.4303304779826,44.59525379089498,0.5837674031380109,0.7275819484463323,0,9.545975710827195
mace_invariants,99,30,10,39,1.4336383690555357,1203.196865297012,25.402275159166432,0.6025075665721698,0.7275819484463323,0,1.7919883860509536
mace_invariants,99,31,10,45,1.4353534344742422,1131.9293851392574,23.858907312555168,0.5129448272493292,0.7275819484463323,0,-8.846747336838835
mace_invariants,99,32,10,46,1.4006738712048694,1158.054430144965,36.91938028749509,0.7201003026500192,0.7275819484463323,0,-6.5441490359869885
mace_invariants,99,33,11,40,1.4413507468315678,1189.5924852270205,52.60986536340734,0.5464685012652638,0.7275819484463323,0,27.79422940955764
mace_invariants,99,34,11,46,1.3791743196122297,951.2260098995035,-7.72878393282006,0.6842396491282252,0.7275819484463323,0,-14.575392558377072
mace_invariants,99,35,11,47,1.4117443059031591,1108.809544388652,38.63457806307992,0.37950594478178135,0.7275819484463323,0,5.752698578265099
mace_invariants,99,36,12,47,1.4495254302786742,1455.8294820491978,98.81106492098975,0.21844540793055495,0.7275819484463323,0,-654.6678750289531
mace_invariants,99,37,12,48,1.2704604035168754,-1802.2724179385505,-974.8657523759887,0.12416984676001439,0.7275819484463323,0,10.80865344794532
mace_invariants,99,38,12,53,1.55333753754407,-273.7161560566091,-243.70134357610536,0.09540139135713693,0.7275819484463323,0,-1041.2147973874355
mace_invariants,99,39,13,42,1.4319337157112662,1391.8957339279655,65.41840395242961,0.33523333429529617,0.7275819484463323,0,24.82790975945965
mace_invariants,99,40,13,48,1.4359386454988354,1108.7197109517147,33.198920944899534,0.07941161984377462,0.7275819484463323,0,-437.76450396539053
mace_invariants,99,41,13,49,1.4628433409085704,917.9445580635473,4.55369866831834,0.2521432818188399,0.7275819484463323,0,23.46108547836973
mace_invariants,99,42,14,43,1.4240894280828373,1142.1225216008186,17.408068669261493,0.38021635832924916,0.7275819484463323,0,-15.598287820550844
mace_invariants,99,43,14,49,1.400252673546344,1064.6283779757157,25.192903139128806,0.44165140816634707,0.7275819484463323,0,-42.62816871713366
mace_invariants,99,44,14,50,1.4503281157367895,1170.0611192483245,58.75555535874799,0.5253842528215006,0.7275819484463323,0,18.212336220261275
mace_invariants,99,45,15,44,1.4354314862908337,998.5660068337272,19.008735173123107,0.33663848902021,0.7275819484463323,0,-55.84943333812723
mace_invariants,99,46,15,50,1.4914856416419717,642.7506295959911,0.7731051643249041,0.4279387070020597,0.7275819484463323,0,28.60507668434028
mace_invariants,99,47,15,51,1.3276406306564732,184.67437023671613,-193.71122707808604,0.24363064239585971,0.7275819484463323,0,3.5458114490957335
mace_invariants,99,48,16,45,1.4280763974700144,1492.4823680387199,42.40327099768683,0.5549235183825535,0.7275819484463323,0,22.751185344723968
mace_invariants,99,49,16,51,1.4799003374640132,886.278498310261,12.033901416399873,0.43522617029027777,0.7275819484463323,0,61.31604327782975
mace_invariants,99,50,16,52,1.3498964485508096,476.55519576249793,-133.45044141267653,0.6409788772929882,0.7275819484463323,0,9.26101633832151
mace_invariants,99,51,17,46,1.4868790981195366,738.1088199752285,-13.72388822328064,0.7585395068688663,0.7275819484463323,1,-58.87339770816257
mace_invariants,99,52,17,52,1.4821012895703054,906.1191786386738,23.726920827757112,0.6374393903786111,0.7275819484463323,0,-60.71785827015887
mace_invariants,99,53,17,53,1.380055403993674,1074.2111080422312,51.71898773860656,0.3307617859490044,0.7275819484463323,0,-82.66466880902276
mace_invariants,99,54,18,53,1.419191841171508,1154.7067301996053,66.56371880690898,0.35133907981183965,0.7275819484463323,0,-82.3022448483741
mace_invariants,99,55,18,54,1.4201794142353472,1095.524145820496,56.60503895916176,0.5218844717594339,0.7275819484463323,0,-37.23937480818758
mace_invariants,99,56,18,59,1.4445125995750396,1260.2646472969961,60.83079194928974,0.7590431513287507,0.7275819484463323,1,-8.562950909274484
mace_invariants,99,57,19,48,1.4682900394520144,895.9050546386873,-10.269160452447288,0.22413675456747165,0.7275819484463323,0,-560.6046383401748
mace_invariants,99,58,19,54,1.4041646998611172,1242.8559829577512,61.74983242383411,0.3659136911121884,0.7275819484463323,0,-11.878361672809453
mace_invariants,99,59,19,55,1.3916108903505433,1152.074762844201,15.164183814292402,0.42788853217078193,0.7275819484463323,0,-15.953670890182316
mace_invariants,99,60,20,49,1.3691116641820165,944.6191308563785,-9.294729638570018,0.46659597842619366,0.7275819484463323,0,19.53357884165843
mace_invariants,99,61,20,55,1.4583020479008901,1048.052547255351,24.71558520346241,0.4976160940544387,0.7275819484463323,0,-5.323038216898616
mace_invariants,99,62,20,56,1.489792017946348,932.8186872306034,60.49715880025694,0.6550429546128856,0.7275819484463323,0,-13.711833545756184
mace_invariants,99,63,21,50,1.3925216990724605,1076.5153178957717,9.21293879721051,0.6147686457755819,0.7275819484463323,0,-12.437243007230105
mace_invariants,99,64,21,56,1.3950347390893878,1208.6272694721733,30.12932983182802,0.7194827773071204,0.7275819484463323,0,20.985219533963573
mace_invariants,99,65,21,57,1.4497158138714759,1038.4706926418364,46.01264940800286,0.5873991997916476,0.7275819484463323,0,-27.48536037997897
mace_invariants,99,66,22,51,1.5100465912950438,603.2536315287347,21.597194904647914,0.2999024428008797,0.7275819484463323,0,-13.444117423023611
mace_invariants,99,67,22,57,1.4423877941975165,1204.350244720891,23.925358798198626,0.4568410614231454,0.7275819484463323,0,99.25069483054062
mace_invariants,99,68,22,58,1.3153675920989896,-10.080947948946207,-176.60772065704361,0.45331860624435294,0.7275819484463323,0,56.97644431943695
mace_invariants,99,69,23,52,1.3992547644531308,1223.8827238367442,38.91936723556758,0.5348699509271893,0.7275819484463323,0,15.084741458382947
mace_invariants,99,70,23,58,1.400031666010393,1142.4302630885065,18.844122427398652,0.48253340736795214,0.7275819484463323,0,96.41383808739303
mace_invariants,99,71,23,59,1.4787104272193827,957.7931471716768,12.053562210890545,0.6358964180144936,0.7275819484463323,0,-3.902602117894422
mace_invariants,99,72,24,59,1.3988010816067669,1100.21317678492,-11.508421239294297,0.6136589427277108,0.7275819484463323,0,-32.230135894342794
mace_invariants,99,73,24,60,1.4343604846189026,1135.4183963184737,30.7982399197897,0.5167382817873649,0.7275819484463323,0,-33.249904834992435
mace_invariants,99,74,24,65,1.4129397793022083,1161.2609291551746,44.937934248142895,0.561913792053125,0.7275819484463323,0,4.532462927252457
mace_invariants,99,75,25,54,1.4282346451321806,1107.4801641535953,18.133308128425522,0.3821718966844884,0.7275819484463323,0,-7.774652237070576
mace_invariants,99,76,25,60,1.419391306627033,1236.164246770709,20.62189121484428,0.5224099153134594,0.7275819484463323,0,-9.132337800765075
mace_invariants,99,77,25,61,1.4581918625480277,1035.485864612191,30.42285590148757,0.6340625869040222,0.7275819484463323,0,24.653641210338183
mace_invariants,99,78,26,55,1.3968719546369812,1074.6722790626154,23.854860747395012,0.523269628418044,0.7275819484463323,0,-39.51020384294719
mace_invariants,99,79,26,61,1.4218956578297974,1142.9195902017984,-16.80444077046604,0.7131854775789842,0.7275819484463323,0,1.9693806228934774
mace_invariants,99,80,26,62,1.4293905872616626,1058.6142865204283,20.51838069219053,0.6608360658116883,0.7275819484463323,0,-17.945212474939176
mace_invariants,99,81,27,56,1.3309348968133548,190.0534147813875,-216.16657167433598,0.6548010019528805,0.7275819484463323,0,11.023339894530647
mace_invariants,99,82,27,62,1.436825422005918,1262.9962681254622,34.31629602661104,0.6349405787880777,0.7275819484463323,0,-70.23838745127631
mace_invariants,99,83,27,63,1.366135362112736,906.6360079300306,-28.53889110608225,0.5401494128616384,0.7275819484463323,0,-25.264471701690407
mace_invariants,99,84,28,57,1.376512749553962,1070.860473645148,11.918283118130278,0.5783759730835445,0.7275819484463323,0,24.526707074043724
mace_invariants,99,85,28,63,1.438572462243123,1081.7249550651754,56.55523728661838,0.5958079615077752,0.7275819484463323,0,-47.39337847132546
mace_invariants,99,86,28,64,1.487440230353101,766.3351152129275,1.370976485725317,0.5642666330730142,0.7275819484463323,0,33.25049926016462
mace_invariants,99,87,29,58,1.4939715799927091,593.8815621805068,-32.013881073997524,0.5589153502207383,0.7275819484463323,0,-33.83882701314806
mace_invariants,99,88,29,64,1.3590505937147113,808.9994183007475,-9.282254027627099,0.5483284653890004,0.7275819484463323,0,-39.106342701464726
mace_invariants,99,89,29,65,1.5172028048470592,527.943880844421,12.180559202630267,0.660533210192694,0.7275819484463323,0,31.71774194862011
mace_invariants,99,90,30,65,1.4592105560386663,1125.9553656643484,43.41048026315027,0.8132210515746929,0.7275819484463323,1,-24.236787616758573
mace_invariants,99,91,30,66,1.3567931264326132,512.3755090529887,-90.12895363760879,0.8795259682224817,0.7275819484463323,1,-82.69168776582202
mace_invariants,99,92,30,71,1.4383860294534674,1167.5974282207849,38.64617678139716,0.6748126526541866,0.7275819484463323,0,-30.011683487676947
mace_invariants,99,93,31,60,1.4413627598020127,1163.0230831466504,-4.922342192101651,0.628670790239876,0.7275819484463323,0,-15.113804493464137
mace_invariants,99,94,31,66,1.3947839595936422,982.681939561884,1.971575905720474,0.7401512171534249,0.7275819484463323,1,-146.12580152081028
mace_invariants,99,95,31,67,1.364712789600622,892.7902500828127,-40.28936923456784,0.8244207534369724,0.7275819484463323,1,-31.430983705891943
mace_invariants,99,96,32,61,1.460482444677104,1008.7490819684953,-1.1251342066586536,0.7663509898879366,0.7275819484463323,1,25.105344377070562
mace_invariants,99,97,32,67,1.435574357374838,1255.1106485137182,23.063939194011674,0.8504482814944703,0.7275819484463323,1,12.781234319343474
mace_invariants,99,98,32,68,1.4125701275924019,1251.710025229517,7.350425440409602,0.743973535569048,0.7275819484463323,1,-9.396734716578816
mace_invariants,99,99,33,62,1.3543602829622987,752.2208163573429,-52.99904680718229,0.8254273871695523,0.7275819484463323,1,-20.125030955393218
mace_invariants,99,100,33,68,1.4472621315201322,1011.5535726887383,12.722859156711202,0.8553993446179595,0.7275819484463323,1,-13.69583728150977
mace_invariants,99,101,33,69,1.4623369474628525,1130.411985699421,44.39676490406011,0.7721418881157527,0.7275819484463323,1,1.2753517951162459
mace_invariants,99,102,34,63,1.3609623746578443,590.469105766072,-78.81873261817864,0.6070180954037485,0.7275819484463323,0,-35.82685965342404
mace_invariants,99,103,34,69,1.3788940341399767,1060.5536370117195,19.915157941600384,0.6485237622763882,0.7275819484463323,0,-12.846105018026936
mace_invariants,99,104,34,70,1.4686334325071677,993.6854046011647,31.73422302095663,0.528502069062655,0.7275819484463323,0,7.165659779519261
mace_invariants,99,105,35,64,1.3628421712751229,651.6656749163631,-37.30356020420213,0.5965042446152822,0.7275819484463323,0,-20.81490275672574
mace_invariants,99,106,35,70,1.4669723386570621,1045.810920624688,31.250241267933617,0.5495295467089498,0.7275819484463323,0,34.04083715885382
mace_invariants,99,107,35,71,1.435501704939438,1259.7962051466857,69.64810124675083,0.5703005904984695,0.7275819484463323,0,32.14042402378112
mace_invariants,20,0,0,36,1.4272601312761404,1125.6422778969895,-71.89405148710254,0.5556845503454655,0.7247224032569484,0,26.268728028660327
mace_invariants,20,1,0,41,1.3793805609688585,1115.0126759310517,-59.12435765523996,0.6709787148815756,0.7247224032569484,0,-15.791875620865486
mace_invariants,20,2,0,71,1.4121375606033402,1225.251743619501,-88.91586860827883,0.6497481574724111,0.7247224032569484,0,-9.730204895341487
mace_invariants,20,3,1,36,1.4450267233765153,1039.5229841434364,-68.4778918527757,0.6411909079733649,0.7247224032569484,0,27.39133699393665
mace_invariants,20,4,1,37,1.4436903277492175,1317.0328173178546,-52.26792590205218,0.6849849508028253,0.7247224032569484,0,22.433917658179222
mace_invariants,20,5,1,66,1.3794269971683102,1143.2875682076658,-80.45751862214895,0.8838137300007385,0.7247224032569484,1,19.501615322762923
mace_invariants,20,6,2,37,1.4317919553624605,1340.0547659496938,-83.79405333635043,0.6564136626768455,0.7247224032569484,0,41.38157763506988
mace_invariants,20,7,2,38,1.3777284112849286,846.9539541493348,-77.30617348065655,0.9037153087736147,0.7247224032569484,1,-21.738598625277334
mace_invariants,20,8,2,67,1.493337448698108,913.0185040580252,-70.68095789414748,0.7604358718912909,0.7247224032569484,1,7.550421844982893
mace_invariants,20,9,3,38,1.4371274387055495,1322.1185196238848,-30.108080457368555,0.8064645490713029,0.7247224032569484,1,39.95743574367421
mace_invariants,20,10,3,39,1.3821886450562697,1242.6933041925586,-63.55712583119227,0.7026228613479392,0.7247224032569484,0,76.81962458403459
mace_invariants,20,11,3,68,1.4839530741782816,902.2049641279189,-20.59889799636723,0.8093521627192726,0.7247224032569484,1,-7.189618044217241
mace_invariants,20,12,4,39,1.450338701430025,968.5272763665934,-55.915333407355995,0.6971589550955386,0.7247224032569484,0,-23.154308557401954
mace_invariants,20,13,4,40,1.3915885438910476,1114.3711276620552,-64.50447934644643,0.6512330960229825,0.7247224032569484,0,25.76218146463448
mace_invariants,20,14,4,69,1.4050879365332645,1145.8429777376102,-93.1631887140052,0.749274753093111,0.7247224032569484,1,-0.5033350421282954
mace_invariants,20,15,5,40,1.499869822295866,732.9355212593562,-83.07097902879457,0.612416115750001,0.7247224032569484,0,49.591019628976355
mace_invariants,20,16,5,41,1.4525179927667715,1037.2892496425832,-57.202938424321516,0.5863821381558014,0.7247224032569484,0,-11.132384590115208
mace_invariants,20,17,5,70,1.350827889230057,629.5886998187855,-98.58859678970843,0.5466608849871426,0.7247224032569484,0,44.0235590229414
mace_invariants,20,18,6,41,1.3744706699585065,849.5626942689793,-77.4405844821927,0.6364501077053057,0.7247224032569484,0,-17.61136611926058
mace_invariants,20,19,6,42,1.4426090634196853,1180.9334222019913,-70.62320591914484,0.7274430873195716,0.7247224032569484,1,-50.603044272785695
mace_invariants,20,20,6,47,1.4150946466580918,1237.5526559241448,-62.61640892163446,0.6053261473346206,0.7247224032569484,0,10.635846818438232
mace_invariants,20,21,7,36,1.386392749253066,885.618287529599,-89.38268207102918,0.5130156429500594,0.7247224032569484,0,7.433434773629978
mace_invariants,20,22,7,42,1.346649345535917,451.3167340813709,-140.12912984994674,0.7193027871004352,0.7247224032569484,0,-92.54077679221224
mace_invariants,20,23,7,43,1.4157202436205707,1142.4295882550273,-63.11761987482545,0.569268182567245,0.7247224032569484,0,-81.03475840622508
mace_invariants,20,24,8,37,1.4538026701781,1283.233067610836,-43.84191307239549,0.6580722566605635,0.7247224032569484,0,35.96385469923827
mace_invariants,20,25,8,43,1.3881583463257978,1044.609381519097,-40.616580160349365,0.6705307534482886,0.7247224032569484,0,36.109637773175905
mace_invariants,20,26,8,44,1.4401596807695005,1634.2077956911728,-41.39980020888777,0.7639911049388348,0.7247224032569484,1,35.61550375852546
mace_invariants,20,27,9,38,1.3693034469543006,816.9582891343704,-71.28930098431213,0.9523132073197056,0.7247224032569484,1,-41.91313302470177
mace_invariants,20,28,9,44,1.399562205248922,1124.6498874507345,-78.03449068714838,0.8109304095012078,0.7247224032569484,1,14.591195393717317
mace_invariants,20,29,9,45,1.4600443538448846,941.4966501275262,-52.405343736689574,0.8109337652109878,0.7247224032569484,1,-3.755255157042612
mace_invariants,20,30,10,39,1.4100315209264727,1054.0856395191684,-27.89012292039078,0.613569638052473,0.7247224032569484,0,-21.874500118510717
mace_invariants,20,31,10,45,1.4416388473724464,1161.6892269434657,-31.445148655264905,0.576031883667119,0.7247224032569484,0,45.81332722281845
mace_invariants,20,32,10,46,1.439490223831727,1069.6405057752654,-60.909642916553224,0.5420832390022117,0.7247224032569484,0,24.223294255287097
mace_invariants,20,33,11,40,1.3949974365362174,994.815485305047,-90.63485466353438,0.5562920669972115,0.7247224032569484,0,33.60035702914902
mace_invariants,20,34,11,46,1.4119982886232738,1215.1960454438638,-58.457074415131736,0.5307315270195062,0.7247224032569484,0,20.417258128213113
mace_invariants,20,35,11,47,1.4605440402467758,1014.9098215435854,-69.77698083782442,0.4991341290323267,0.7247224032569484,0,42.31121178799021
mace_invariants,20,36,12,47,1.4816659691761422,881.4980058809368,-55.80656349112493,0.5360657467094665,0.7247224032569484,0,25.958802013129457
mace_invariants,20,37,12,48,1.4011138622985861,1102.665463317842,-59.41152662028879,0.4863726660871448,0.7247224032569484,0,15.360334868846408
mace_invariants,20,38,12,53,1.392052153757254,1041.5185140078554,-92.89005480292754,0.6236681193517943,0.7247224032569484,0,-83.11910480203689
mace_invariants,20,39,13,42,1.3739360121208932,894.7374180795812,-81.76388865220612,0.6148381428888382,0.7247224032569484,0,-56.86674608063949
mace_invariants,20,40,13,48,1.4047724513012476,1090.7284121582315,-76.70536507654762,0.44302812228156546,0.7247224032569484,0,-36.67708706069432
mace_invariants,20,41,13,49,1.4281866018008533,1121.7418256981548,-70.47753090665641,0.4131030300603582,0.7247224032569484,0,-21.257634230977935
mace_invariants,20,42,14,43,1.4844020720213884,988.9049760861981,-62.311135251007,0.4850705069009811,0.7247224032569484,0,36.34697677081712
mace_invariants,20,43,14,49,1.4219433162773885,1065.6459743977853,-58.422423373198434,0.43336999860569136,0.7247224032569484,0,34.05462258824845
mace_invariants,20,44,14,50,1.445400318438671,1246.185439205805,-80.71405660098493,0.613355863446359,0.7247224032569484,0,30.25057317613235
mace_invariants,20,45,15,44,1.4670062928834338,1193.42317521869,-54.97374195880171,0.6441636679406063,0.7247224032569484,0,19.477467927693084
mace_invariants,20,46,15,50,1.3782690745241761,944.3496827710832,-82.84438528330183,0.678988672995438,0.7247224032569484,0,4.527652478942658
mace_invariants,20,47,15,51,1.4153679141784008,1253.6121356298308,-58.45879178302575,0.6022009287868981,0.7247224032569484,0,41.166640895842015
mace_invariants,20,48,16,45,1.4574379752827364,1126.9740999694764,-71.86710645209347,0.6526864217351172,0.7247224032569484,0,22.708544889607857
mace_invariants,20,49,16,51,1.4441702989367102,1232.4826376765561,-48.66027520895647,0.6107203268716288,0.7247224032569484,0,46.43908826913554
mace_invariants,20,50,16,52,1.3905866176737438,1011.4048210095993,-74.69251329048092,0.5846311670042161,0.7247224032569484,0,10.001928915068483
mace_invariants,20,51,17,46,1.4743964569341839,957.9788737644143,-71.99958007244663,0.7137769003213227,0.7247224032569484,0,20.608641202275088
mace_invariants,20,52,17,52,1.4176850051998708,1228.7232843042789,-84.01421141514459,0.6796702902553291,0.7247224032569484,0,47.33580322781608
mace_invariants,20,53,17,53,1.3515001900725525,604.6042989646674,-118.33805560468419,0.7697818749764709,0.7247224032569484,1,-10.571752872357113
mace_invariants,20,54,18,53,1.389162286845082,917.9804546720502,-61.70445899329494,0.7665328066863213,0.7247224032569484,1,-87.47937640913108
mace_invariants,20,55,18,54,1.399803128845673,1077.266347091707,-83.6198410849597,0.7168047386354065,0.7247224032569484,0,-8.902647106045876
mace_invariants,20,56,18,59,1.4200717133915812,1149.660023642019,-80.57683677984417,0.6954709168381257,0.7247224032569484,0,-26.93652230807178
mace_invariants,20,57,19,48,1.472371820213334,923.0393942512261,-68.55404074943212,0.607859254863343,0.7247224032569484,0,47.8849055194647
mace_invariants,20,58,19,54,1.4616454935583776,1172.8210699261754,-35.786745151612415,0.6954266400770778,0.7247224032569484,0,49.54600623702952
mace_invariants,20,59,19,55,1.3635515708083792,712.9748317638891,-67.0390928059185,0.6680478434484896,0.7247224032569484,0,-11.502800560016443
mace_invariants,20,60,20,49,1.4073228682591175,1175.591513338613,-94.27539451731394,0.3803693858914293,0.7247224032569484,0,-18.394781177197167
mace_invariants,20,61,20,55,1.3863916610802636,947.1277332134588,-92.19612773655084,0.4704830666977833,0.7247224032569484,0,-71.94371312804739
mace_invariants,20,62,20,56,1.4314904018857733,1193.7216129833182,-58.601836077968954,0.3331678151092017,0.7247224032569484,0,-20.11609469281104
mace_invariants,20,63,21,50,1.4657229135705323,1140.1870340155504,-92.30883012131132,0.6502894131249665,0.7247224032569484,0,5.744622761464582
mace_invariants,20,64,21,56,1.4059172675575764,1210.1872369993546,-71.98275630698501,0.42310197750207124,0.7247224032569484,0,-14.772543923269591
mace_invariants,20,65,21,57,1.3936251592727273,1037.889928191827,-77.82364230324079,0.518635631090089,0.7247224032569484,0,1.7800272324740973
mace_invariants,20,66,22,51,1.5052072761152144,932.6153713874571,-81.32576538471427,0.519341567289106,0.7247224032569484,0,269.9593838256758
mace_invariants,20,67,22,57,1.4473606967411607,1095.4800024675255,-70.70534098912337,0.4644755294627685,0.7247224032569484,0,295.3696257769594
mace_invariants,20,68,22,58,1.2994879373050297,-674.7488388480166,-355.5950312667028,0.4575276790852249,0.7247224032569484,0,-59.29270973712224
mace_invariants,20,69,23,52,1.4545311517318689,1147.387441153699,-82.32692422798276,0.3396463985779324,0.7247224032569484,0,26.28871355469665
mace_invariants,20,70,23,58,1.4465094250986659,981.5559196596524,-99.07592555608657,0.30392167024146394,0.7247224032569484,0,251.83349617380398
mace_invariants,20,71,23,59,1.4360431088312544,1142.142844361618,-81.81309661922614,0.3586960934508786,0.7247224032569484,0,51.34859118572753
mace_invariants,20,72,24,59,1.4763003501013354,892.9655106772003,-80.64351804766137,0.6507283887461932,0.7247224032569484,0,29.800148741415107
mace_invariants,20,73,24,60,1.3499584875616006,647.9083628676578,-93.25023613334933,0.7685485332591973,0.7247224032569484,1,-9.216405256081416
mace_invariants,20,74,24,65,1.4498066235136442,1056.0527930589894,-54.29857770563193,0.5370881901737141,0.7247224032569484,0,-39.557315343945575
mace_invariants,20,75,25,54,1.4495882432617566,1159.5305246059133,-52.02195967897409,0.649712020306512,0.7247224032569484,0,30.646655018091174
mace_invariants,20,76,25,60,1.4461111321203888,1134.049011287786,-73.2216134371182,0.7461983430222352,0.7247224032569484,1,15.149827539074387
mace_invariants,20,77,25,61,1.39768012510088,1127.9198843037543,-55.76038949607448,0.8314804811065692,0.7247224032569484,1,68.31138669047981
mace_invariants,20,78,26,55,1.3932737239050235,950.6068725735441,-99.47455480326035,0.6637902697189304,0.7247224032569484,0,-80.07887480434799
mace_invariants,20,79,26,61,1.519936737897425,308.01303956720284,-111.86826255569429,0.8729375271475759,0.7247224032569484,1,48.50644758492389
mace_invariants,20,80,26,62,1.3840744233908644,1081.280371591549,-72.25675169887252,0.8032159380849668,0.7247224032569484,1,-16.063727502064893
mace_invariants,20,81,27,56,1.384727302161654,1088.056166045726,-80.71405014731404,0.48539550341315496,0.7247224032569484,0,7.163729430109914
mace_invariants,20,82,27,62,1.4492843682772458,1355.8574095685249,-89.31721541280253,0.7621364233677729,0.7247224032569484,1,-25.592486507118224
mace_invariants,20,83,27,63,1.322545042012971,10.983454071398668,-161.93334984840706,0.5553362813296361,0.7247224032569484,0,-3.0087349483816013
mace_invariants,20,84,28,57,1.473325347120256,1231.294147402407,-76.27023336573745,0.506382325325579,0.7247224032569484,0,36.741898703539846
mace_invariants,20,85,28,63,1.4228230206909196,1431.943657518294,-72.687019111014,0.48078944965404224,0.7247224032569484,0,63.13835876643796
mace_invariants,20,86,28,64,1.3435284330709907,518.4318100778573,-124.72077600033317,0.5450689595850053,0.7247224032569484,0,9.504867971253253
mace_invariants,20,87,29,58,1.4428773209088557,1543.441939183716,-68.27366383954754,0.39681144729535917,0.7247224032569484,0,209.5818744776521
mace_invariants,20,88,29,64,1.4316263847122916,1168.6625566681873,-37.860977412738464,0.4424459319323291,0.7247224032569484,0,-1.4666398270616057
mace_invariants,20,89,29,65,1.3965714723442864,1194.2359527783135,-63.17845527993318,0.3379456719322947,0.7247224032569484,0,13.515517880888236
mace_invariants,20,90,30,65,1.4138828456100274,1291.9839640535051,-38.13122117276087,0.4090855113187111,0.7247224032569484,0,20.548384775878148
mace_invariants,20,91,30,66,1.4056486968432185,1122.4134201239056,-67.22555630539243,0.6646378449590068,0.7247224032569484,0,20.513491644308353
mace_invariants,20,92,30,71,1.4363363995668261,1178.009729818796,-100.03196440230533,0.5160786300585788,0.7247224032569484,0,7.458271581089262
mace_invariants,20,93,31,60,1.4603833153671382,1001.0012826061876,-35.582449077618314,0.8130828574642572,0.7247224032569484,1,10.706943202307073
mace_invariants,20,94,31,66,1.4868916088105226,760.6319565606113,-69.82826393148775,0.8371748480190697,0.7247224032569484,1,-12.902502858819616
mace_invariants,20,95,31,67,1.392660360963325,1061.3635438298566,-73.74535355701114,0.7423682780356018,0.7247224032569484,1,12.666590056960157
mace_invariants,20,96,32,61,1.4532113505353323,1236.3939870002541,-56.739448914256435,1.0783223165766773,0.7247224032569484,1,55.326807241615235
mace_invariants,20,97,32,67,1.474130816983689,897.5751171431621,-92.08334022551877,0.9223255990636879,0.7247224032569484,1,10.570919945269452
mace_invariants,20,98,32,68,1.426315517219004,1173.3864122948864,-44.515008614159235,1.0684926495939813,0.7247224032569484,1,-58.29407164501124
mace_invariants,20,99,33,62,1.4724438091439795,1072.6428359188756,-34.996166039993795,1.0189691693640008,0.7247224032569484,1,-9.916995338909864
mace_invariants,20,100,33,68,1.3786202263966547,957.2781405302144,-67.01054679013357,1.0788610914439136,0.7247224032569484,1,-4.883491477609031
mace_invariants,20,101,33,69,1.4961273207989454,949.3229891382236,-74.7411810926433,1.024247588070153,0.7247224032569484,1,12.364126841892
mace_invariants,20,102,34,63,1.5040978475752855,669.0533225427691,-99.69127916182359,0.5005619154317991,0.7247224032569484,0,74.07899349422729
mace_invariants,20,103,34,69,1.4891694333419965,820.7586038935048,-87.63550890794697,0.712640476176088,0.7247224032569484,0,40.62279217011676
mace_invariants,20,104,34,70,1.3947236898514626,930.2693423136326,-89.2416044858045,0.5488435883431011,0.7247224032569484,0,5.885905746913755
mace_invariants,20,105,35,64,1.4672970427720102,827.4361677571429,-57.54270964300937,0.5333791617119181,0.7247224032569484,0,57.61260820526549
mace_invariants,20,106,35,70,1.4715779301356502,934.7971812671874,-73.0352947008631,0.5173813246922572,0.7247224032569484,0,25.937470707225984
mace_invariants,20,107,35,71,1.4039679464429167,1070.7118622223704,-76.78599328089389,0.5358720204517514,0.7247224032569484,0,32.931199054004665
mace_invariants,6,0,0,36,1.512807542241714,-256.2016586006752,-94.32037924312048,0.13026472436803682,0.7202449446144363,0,-157.52965710887858
mace_invariants,6,1,0,41,1.3980260636793633,733.2810289553794,41.12989474453912,0.6672682754115975,0.7202449446144363,0,-85.60438408519737
mace_invariants,6,2,0,71,1.4479451898230502,484.87072084168517,26.869213530271985,0.6516751084739201,0.7202449446144363,0,-108.03270665498215
mace_invariants,6,3,1,36,1.3368541909021847,-93.70965018352706,-70.89140595658802,0.13779413150205644,0.7202449446144363,0,-121.42896986843806
mace_invariants,6,4,1,37,1.4676871675821794,446.09412015764207,5.37378595809726,0.7182392685050398,0.7202449446144363,0,39.316681898957796
mace_invariants,6,5,1,66,1.4895188235436283,407.79946652298406,-1.6677011378892352,0.7847965283478997,0.7202449446144363,1,55.93970937579469
mace_invariants,6,6,2,37,1.407602352404,824.8432569137605,52.12562190324974,0.48888303037179215,0.7202449446144363,0,-32.398821888916615
mace_invariants,6,7,2,38,1.4089936063053474,804.5398901563639,31.156387442786148,0.28179674980488056,0.7202449446144363,0,123.6558163506302
mace_invariants,6,8,2,67,1.409097238737353,977.7323514345298,54.897371356555965,0.3035330605208265,0.7202449446144363,0,-26.29493026922561
mace_invariants,6,9,3,38,1.31106449947521,-540.2987049725883,-82.78255040431699,0.3915784301789712,0.7202449446144363,0,-47.48083660499789
mace_invariants,6,10,3,39,1.3988345383515939,836.1464332239478,12.78005116050871,0.46577793802148937,0.7202449446144363,0,40.90759390543074
mace_invariants,6,11,3,68,1.456379939488702,512.8944715415444,22.957026348082632,0.4849885414119858,0.7202449446144363,0,-151.84691985224148
mace_invariants,6,12,4,39,1.4304908949047501,995.3038669162835,44.558125586056775,0.7953556070337116,0.7202449446144363,1,8.623796667930606
mace_invariants,6,13,4,40,1.4573602841247348,824.2281057087254,25.39127777997881,1.1115419713930628,0.7202449446144363,1,-19.49980864992292
mace_invariants,6,14,4,69,1.4426351545184186,714.0036044150611,16.255965845361363,0.9728722402571911,0.7202449446144363,1,-46.64477571742853
mace_invariants,6,15,5,40,1.482806270524472,439.69943101205564,5.069402974932202,0.9380318723575476,0.7202449446144363,1,35.66268714257669
mace_invariants,6,16,5,41,1.4683657022481278,573.1015191918025,54.193800574747165,0.7112906947631672,0.7202449446144363,0,-19.598686126922523
mace_invariants,6,17,5,70,1.3400064190985024,102.56486402668519,17.594981905057608,0.720127866197352,0.7202449446144363,0,-88.88128122705496
mace_invariants,6,18,6,41,1.408039849738852,494.15275467915086,-1.7754964037309737,0.772906095850641,0.7202449446144363,1,0.693009787739661
mace_invariants,6,19,6,42,1.4418386972901165,722.88346626357,35.328869621830705,0.67801966033752,0.7202449446144363,0,-7.680883588069222
mace_invariants,6,20,6,47,1.4532042562822578,654.5872055161647,22.01797593920516,0.8005320960238889,0.7202449446144363,1,-5.441567165733304
mace_invariants,6,21,7,36,1.3503225166810224,252.82215227983974,-63.00564212803328,-0.0946441708680649,0.7202449446144363,0,25.40705359772425
mace_invariants,6,22,7,42,1.3891898076777023,669.8263672533759,-54.145223396532536,0.3474729446623749,0.7202449446144363,0,34.334441635293786
mace_invariants,6,23,7,43,1.486197240791876,462.9397823873528,14.472660183568491,0.2732312427752821,0.7202449446144363,0,-48.80352901161201
mace_invariants,6,24,8,37,1.4356560500869449,805.1063334746575,30.046181561602445,0.6746548081607847,0.7202449446144363,0,-16.278827804775105
mace_invariants,6,25,8,43,1.4660196517225863,660.4199166390712,-14.972797414030401,0.46208508480114835,0.7202449446144363,0,-12.789199982899978
mace_invariants,6,26,8,44,1.397948557628855,721.3879349687038,9.034091916255399,0.5905485068048191,0.7202449446144363,0,-26.457467473412066
mace_invariants,6,27,9,38,1.4829563837218505,478.9596310696147,34.32464026515305,0.4698580485308047,0.7202449446144363,0,75.1918544901782
mace_invariants,6,28,9,44,1.4359840414582226,792.7116590349145,18.72950527726045,0.5928380277417507,0.7202449446144363,0,9.687897877608755
mace_invariants,6,29,9,45,1.4758068530559516,801.6493179225904,-1.4753415852179659,0.6377456884234405,0.7202449446144363,0,7.362014727041126
mace_invariants,6,30,10,39,1.4787917995816042,759.5788388734167,33.036130478789595,0.7278483669691795,0.7202449446144363,1,0.9472391871232357
mace_invariants,6,31,10,45,1.4008792418464744,809.5370280059533,-7.684597598239825,0.821536499019297,0.7202449446144363,1,6.25229812729814
mace_invariants,6,32,10,46,1.4882454706764272,556.0280638258052,69.58673550469142,0.8970064055648903,0.7202449446144363,1,2.5875121894435456
mace_invariants,6,33,11,40,1.4605736530922442,713.2586949668214,32.064558957600156,0.8576247282284215,0.7202449446144363,1,8.907234169249708
mace_invariants,6,34,11,46,1.3873164073563882,648.1061033396802,67.49477152817124,0.7105964024647812,0.7202449446144363,0,-19.79193318997845
mace_invariants,6,35,11,47,1.4436925964536929,783.9306589528196,0.8867119376467503,0.6585095508072889,0.7202449446144363,0,0.2372558176176791
mace_invariants,6,36,12,47,1.480112320283898,599.6917391713025,13.269798457198439,0.6901418383218889,0.7202449446144363,0,142.16201594981723
mace_invariants,6,37,12,48,1.4812090871162047,784.2550592045624,38.88811372284719,0.6612618100804395,0.7202449446144363,0,149.72426752778327
mace_invariants,6,38,12,53,1.3194153794071812,-568.0670193697448,-86.86928453273113,0.5250846263117415,0.7202449446144363,0,-37.792896594107965
mace_invariants,6,39,13,42,1.397917782024214,1001.5096772887766,18.145899631171982,0.6589834512455124,0.7202449446144363,0,-44.4894242764796
mace_invariants,6,40,13,48,1.4715083994397427,646.2225431165698,3.12667661863697,0.7526158586904318,0.7202449446144363,1,3.9102629169883905
mace_invariants,6,41,13,49,1.4419089529102878,712.3443846482569,62.14931856657238,0.7046437680723765,0.7202449446144363,0,9.517256199264983
mace_invariants,6,42,14,43,1.4265695169861161,721.2679775881014,-1.1024417639022253,0.40863423186796666,0.7202449446144363,0,102.2502982092357
mace_invariants,6,43,14,49,1.3207089036908124,-434.7137483222418,8.189985298127187,0.5285362505819236,0.7202449446144363,0,-53.59573479428353
mace_invariants,6,44,14,50,1.4578976812396982,601.8560603092259,5.908872776268392,0.7353124657053527,0.7202449446144363,1,42.90248284868406
mace_invariants,6,45,15,44,1.3602829853449783,308.2441037058094,-7.148064196970942,0.6715674076273546,0.7202449446144363,0,-78.08242122146791
mace_invariants,6,46,15,50,1.4756196545175349,727.4604572716222,31.287295725537177,0.8697822194610698,0.7202449446144363,1,4.873007560870865
mace_invariants,6,47,15,51,1.4377228773527535,923.4222074689098,37.44995080968772,0.5323662258073615,0.7202449446144363,0,0.4984801819074982
mace_invariants,6,48,16,45,1.4223240971496969,714.5571338403632,51.73429035531914,0.6103242844102559,0.7202449446144363,0,-91.05211421975393
mace_invariants,6,49,16,51,1.415942312609071,845.357291310442,16.95884479938984,0.42621544190857297,0.7202449446144363,0,18.602055631866527
mace_invariants,6,50,16,52,1.344274885526911,69.85162216648311,55.243153043518845,0.5907122623107943,0.7202449446144363,0,-31.408108430431867
mace_invariants,6,51,17,46,1.450833774634021,1006.5934268276409,39.01741037870279,0.5955265555919175,0.7202449446144363,0,-14.75357049837996
mace_invariants,6,52,17,52,1.39512949257262,856.938411896372,41.83491082578747,0.5004446269468626,0.7202449446144363,0,33.90097371530716
mace_invariants,6,53,17,53,1.4224028063041598,714.601468224737,-6.189269454458758,0.37838249192427764,0.7202449446144363,0,111.61188331861818
mace_invariants,6,54,18,53,1.435024321415325,763.041024059651,13.763632621811986,0.30429013528655785,0.7202449446144363,0,174.36673058396647
mace_invariants,6,55,18,54,1.4238616492936855,821.0533677840799,24.24089683237808,0.3800807577253514,0.7202449446144363,0,28.20648136180897
mace_invariants,6,56,18,59,1.463673126969416,640.7662435263716,15.273919829256611,0.32099389487796126,0.7202449446144363,0,19.907551233987945
mace_invariants,6,57,19,48,1.4336382420139828,896.8715027942125,25.024024959926198,0.5754499541629228,0.7202449446144363,0,-2.2183685061357745
mace_invariants,6,58,19,54,1.4065661168710433,719.8676142988937,51.161228556870704,0.5150633928330182,0.7202449446144363,0,-72.18650594457807
mace_invariants,6,59,19,55,1.3768596462504485,515.1441014859658,37.568250465230975,0.5657232658742116,0.7202449446144363,0,-228.22677441441706
mace_invariants,6,60,20,49,1.4270843638198272,1038.693688927971,44.20409950056737,0.6175954211055668,0.7202449446144363,0,41.2328598324484
mace_invariants,6,61,20,55,1.3812144462363012,636.9243695876023,29.723270173129613,0.6558408234349109,0.7202449446144363,0,-145.8598524271578
mace_invariants,6,62,20,56,1.3978858485772656,808.783072739383,55.88909065552489,0.781324101010308,0.7202449446144363,1,-63.45147720937106
mace_invariants,6,63,21,50,1.397960504732151,952.7557346577063,16.039288227372598,1.024973060627511,0.7202449446144363,1,24.7927848419407
mace_invariants,6,64,21,56,1.4816590616098297,530.0896536203685,-13.93311994428909,0.981925525408823,0.7202449446144363,1,-7.552032334126369
mace_invariants,6,65,21,57,1.4799537482967047,777.8627669984462,-26.617715996307954,1.058281354094144,0.7202449446144363,1,-18.375808743567212
mace_invariants,6,66,22,51,1.4442117896862225,741.4584351847737,33.62307402969105,0.5183177845350193,0.7202449446144363,0,-2.4318528964601183
mace_invariants,6,67,22,57,1.4664342599864268,721.4186889222387,17.729393889440917,0.8890420716553608,0.7202449446144363,1,12.265181469123599
mace_invariants,6,68,22,58,1.3690656837708408,473.39646535025025,11.457783257495878,0.6896547089465512,0.7202449446144363,0,-25.597353027062546
mace_invariants,6,69,23,52,1.4912279101071433,423.13227829763946,36.665571689271594,0.5955829702064275,0.7202449446144363,0,-10.099832282865258
mace_invariants,6,70,23,58,1.4542985560525066,821.9714147270487,24.90467249075032,0.6024230742157379,0.7202449446144363,0,11.496562879337954
mace_invariants,6,71,23,59,1.3809159875494637,571.0115668998727,52.46639718108995,0.4902245947752458,0.7202449446144363,0,-9.723878017354348
mace_invariants,6,72,24,59,1.3861870292596297,616.2960842383745,5.2103945475055475,0.5083333820331579,0.7202449446144363,0,-2.3283894500382862
mace_invariants,6,73,24,60,1.4111920707668226,1006.8702191691588,58.349161402479716,0.6038389827166833,0.7202449446144363,0,14.667127588526506
mace_invariants,6,74,24,65,1.4859828262842856,729.4461056388369,10.414785589325081,0.7070725479822266,0.7202449446144363,0,-6.8012008821017425
mace_invariants,6,75,25,54,1.3674406621726005,526.0956691288001,20.94049694168619,0.5864517204499826,0.7202449446144363,0,-6.963574601632177
mace_invariants,6,76,25,60,1.466955238260029,465.6002273680235,7.982400900108558,0.6228704582861178,0.7202449446144363,0,-5.284015604952572
mace_invariants,6,77,25,61,1.3262199524890337,-388.51227312269646,7.931855907363179,0.5126153603613832,0.7202449446144363,0,-52.54088135370515
mace_invariants,6,78,26,55,1.494487326181354,265.99655970040067,2.380149229950432,0.5919951471719196,0.7202449446144363,0,-85.94092042472678
mace_invariants,6,79,26,61,1.3934355123710542,718.4300737724627,11.5771819524762,0.46749891404212685,0.7202449446144363,0,52.75681748296056
mace_invariants,6,80,26,62,1.3651163352946603,376.7486539184517,0.7786553235979641,0.5481373208662998,0.7202449446144363,0,94.88353316084807
mace_invariants,6,81,27,56,1.4510156660016351,986.8610406287701,-2.2436059198357867,0.9213929728359859,0.7202449446144363,1,-53.45034458420923
mace_invariants,6,82,27,62,1.388233981835233,564.1147053807254,14.925107755464975,0.7520518689549689,0.7202449446144363,1,-86.63474137854621
mace_invariants,6,83,27,63,1.4763194850363341,448.1813015342878,-25.976917843924426,0.9409205023157058,0.7202449446144363,1,-11.485284266613624
mace_invariants,6,84,28,57,1.4275298437884563,1080.2231874743054,25.813612512514922,1.0899198347914714,0.7202449446144363,1,-11.598465190703967
mace_invariants,6,85,28,63,1.4137767677796482,753.9769011887436,27.240926941442208,1.0330915355858703,0.7202449446144363,1,-12.379767576492343
mace_invariants,6,86,28,64,1.4522954268323225,647.2950157692477,69.6418864088152,0.9889631065555657,0.7202449446144363,1,-12.76032596157894
mace_invariants,6,87,29,58,1.4491530559997359,856.7360059951897,8.331043688661866,0.5828347719676352,0.7202449446144363,0,-12.630574164587864
mace_invariants,6,88,29,64,1.4323299101795677,837.1625431209051,23.11287023559995,0.6812654064405392,0.7202449446144363,0,17.510543226905817
mace_invariants,6,89,29,65,1.410226190605933,773.1216251126207,7.528810833851885,0.6693754584762117,0.7202449446144363,0,-27.311049068316777
mace_invariants,6,90,30,65,1.372758835880856,600.8085610000235,-19.164602223750528,0.6886284197042647,0.7202449446144363,0,-34.02467573313811
mace_invariants,6,91,30,66,1.4596316717278746,672.7943463953821,-1.335227585759817,0.7206155518029751,0.7202449446144363,1,50.1003121881333
mace_invariants,6,92,30,71,1.4217443437784136,684.3724004381935,12.257566254236254,0.595023539063015,0.7202449446144363,0,-14.895245738623327
mace_invariants,6,93,31,60,1.4280590410291127,847.5490145420698,39.032913515964694,0.4476466573212739,0.7202449446144363,0,-14.976886685957753
mace_invariants,6,94,31,66,1.425701598520152,838.7871073445514,26.690531566042875,0.5828673546855274,0.7202449446144363,0,31.396003912766822
mace_invariants,6,95,31,67,1.4275913768320054,699.3016751575121,48.27491960486826,0.33096012499170185,0.7202449446144363,0,-18.08084858289166
mace_invariants,6,96,32,61,1.4625617539369167,634.3239431863183,-1.6191334357717815,0.4587376815333434,0.7202449446144363,0,-37.78478970154692
mace_invariants,6,97,32,67,1.4400982265498263,815.62767379868,23.939545964797876,0.45230624712850587,0.7202449446144363,0,24.599662761510267
mace_invariants,6,98,32,68,1.339894564477318,-120.98292874536065,-9.32934625795509,0.5239800476455746,0.7202449446144363,0,-43.70210858519632
mace_invariants,6,99,33,62,1.4327602065267253,761.1247264973075,17.601198277424782,0.5547248187141713,0.7202449446144363,0,-25.37945667208104
mace_invariants,6,100,33,68,1.4166469526286936,873.9347833196986,53.6467393431806,0.5393287780022296,0.7202449446144363,0,-68.77622138855635
mace_invariants,6,101,33,69,1.4893149490167876,383.02856530705327,29.655608932562874,0.6976348078352127,0.7202449446144363,0,21.889199892028813
mace_invariants,6,102,34,63,1.4164759061844763,870.6659204211877,30.75782059899617,0.9195750376644451,0.7202449446144363,1,-2.1097323387162548
mace_invariants,6,103,34,69,1.4474526207256062,749.8364272543629,10.010618007338392,0.8736163934247498,0.7202449446144363,1,-21.916433238251606
mace_invariants,6,104,34,70,1.4614241382681945,710.6084503593935,10.689372060243091,0.7943821184004257,0.7202449446144363,1,35.89170169977283
mace_invariants,6,105,35,64,1.483597669879744,486.1206222879838,12.326052449298054,0.8895492597244857,0.7202449446144363,1,16.981038593700447
mace_invariants,6,106,35,70,1.4268039629928706,822.3907634313291,52.1945158772231,0.8084847694907709,0.7202449446144363,1,28.844423180991285
mace_invariants,6,107,35,71,1.3990196091017715,861.0326517353498,28.39969222820914,0.7840544311189085,0.7202449446144363,1,-2.0121522380674155
mace_invariants,203,0,0,36,1.4139393697617595,891.3044817973534,-4.265684341438359,0.5143684961573276,0.7261357359216376,0,-12.692014846840621
mace_invariants,203,1,0,41,1.3931206645434526,948.8012164229418,-14.532230441770432,0.3921362482729492,0.7261357359216376,0,12.558023994603776
mace_invariants,203,2,0,71,1.4166507112839335,1091.7850321483536,-16.982498000487638,0.49240175236800027,0.7261357359216376,0,73.42916225099964
mace_invariants,203,3,1,36,1.451875188827167,858.5145080953671,-4.668080855435575,0.7748398480956231,0.7261357359216376,1,-13.645393358821227
mace_invariants,203,4,1,37,1.3941923625063835,876.0938621631542,-31.069710686618166,0.6849366783695983,0.7261357359216376,0,-11.597774482137602
mace_invariants,203,5,1,66,1.4784040646223675,778.0618902419145,37.73290927555079,0.7074838992808485,0.7261357359216376,0,41.09576591406421
mace_invariants,203,6,2,37,1.3754129235854633,788.098382879661,8.201541968936437,0.5211349245621943,0.7261357359216376,0,26.633814285361694
mace_invariants,203,7,2,38,1.4637738422214768,1028.307543711092,-8.528495274976608,0.5099656841301765,0.7261357359216376,0,-8.918227187612146
mace_invariants,203,8,2,67,1.4182934286246207,1146.7259999845744,-15.027968524897572,0.5154487735688255,0.7261357359216376,0,-53.44179625421594
mace_invariants,203,9,3,38,1.3725457553870497,800.8010127675198,-12.861209478516301,0.5912203559116027,0.7261357359216376,0,-6.6248785659802545
mace_invariants,203,10,3,39,1.4352767031212048,813.439213379288,-10.305132210328628,0.6915096883290688,0.7261357359216376,0,-22.808721210887963
mace_invariants,203,11,3,68,1.3829347220792416,945.6599071627858,-44.13876743926656,0.7523948756992233,0.7261357359216376,1,-9.15421011843663
mace_invariants,203,12,4,39,1.4350305675399686,949.0921404982058,-27.44535406756282,0.7996013575022717,0.7261357359216376,1,31.226090132715658
mace_invariants,203,13,4,40,1.4624681734234721,1025.6634046099769,-23.08343757247909,0.7880295460391566,0.7261357359216376,1,20.76663759609421
mace_invariants,203,14,4,69,1.4527147089291867,1172.9642881503778,-9.490402049885544,0.7293750094462831,0.7261357359216376,1,37.249241580619355
mace_invariants,203,15,5,40,1.3890231646544415,823.7024019269109,-29.166099286890613,0.6444213149634126,0.7261357359216376,0,-8.369632550769172
mace_invariants,203,16,5,41,1.396600024249873,954.7382509550357,-51.37954342964313,0.5345439562827259,0.7261357359216376,0,-15.316910682817198
mace_invariants,203,17,5,70,1.4569002447474881,933.9235468622984,-29.01935466184532,0.524559300010257,0.7261357359216376,0,-13.997023302803065
mace_invariants,203,18,6,41,1.4332414859939746,1001.345366178832,-47.71063659903135,0.6339807333506394,0.7261357359216376,0,27.43059181237987
mace_invariants,203,19,6,42,1.391157577586656,1077.934212687681,-28.545672864223867,0.5060317476903313,0.7261357359216376,0,-37.178397805710716
mace_invariants,203,20,6,47,1.430196133340986,1177.61127414654,-41.03639249944069,0.8276051591203475,0.7261357359216376,1,-11.579731968291341
mace_invariants,203,21,7,36,1.4026233507270818,1095.5975340375774,7.590013018935256,0.7563801119071032,0.7261357359216376,1,-14.694600064755562
mace_invariants,203,22,7,42,1.4382060073696628,1005.4030697283764,-13.676521690718468,0.5061988783624167,0.7261357359216376,0,-88.48929204342348
mace_invariants,203,23,7,43,1.4177250681488023,955.5914665661594,-0.7578757035474927,0.7047985541276757,0.7261357359216376,0,-22.07795050039266
mace_invariants,203,24,8,37,1.506333426964476,396.67860365896223,-12.894493196447696,0.6960090914951703,0.7261357359216376,0,34.74059475228835
mace_invariants,203,25,8,43,1.4057245601636486,1076.2825155690825,-24.17150191632134,0.7343307034417677,0.7261357359216376,1,55.165889438640924
mace_invariants,203,26,8,44,1.4437413775934504,1222.0509575434266,-44.371609413988736,0.7010606005026967,0.7261357359216376,0,65.38773233995711
mace_invariants,203,27,9,38,1.3881322148271469,883.4861829828354,-24.97792874050977,0.4050468027394044,0.7261357359216376,0,6.008714681324627
mace_invariants,203,28,9,44,1.4018171800972192,890.2918223584345,-23.3787514773149,0.4212675521789486,0.7261357359216376,0,-4.377302822986215
mace_invariants,203,29,9,45,1.4138695690077545,1037.1006479919802,-5.242600322285525,0.3418736580375672,0.7261357359216376,0,16.63311453933599
mace_invariants,203,30,10,39,1.4300508094238935,1235.57699628535,-9.50692734226546,0.6955717466571383,0.7261357359216376,0,16.51934839026476
mace_invariants,203,31,10,45,1.4394065109802423,980.0869939629141,-23.45828087172235,0.532109269537835,0.7261357359216376,0,25.368807018755135
mace_invariants,203,32,10,46,1.4406600715260156,958.337429165698,33.94833078467322,0.7908209165449467,0.7261357359216376,1,9.20918225040025
mace_invariants,203,33,11,40,1.495849199003342,564.6158055610497,-23.798975466028192,0.7065460764447117,0.7261357359216376,0,16.187022319240317
mace_invariants,203,34,11,46,1.4415030636596076,894.989941528469,-6.035138507569235,0.8133670577956351,0.7261357359216376,1,-15.52779639356956
mace_invariants,203,35,11,47,1.3815737983683152,1012.2513853094719,-21.93572567764923,0.790293143533733,0.7261357359216376,1,19.078438673509876
mace_invariants,203,36,12,47,1.4964173427155596,514.4724118948585,-10.829791736156144,0.6773095138898839,0.7261357359216376,0,-13.86589691694138
mace_invariants,203,37,12,48,1.4367205516597172,893.8756324331982,-2.3914066815735118,0.36454266113154765,0.7261357359216376,0,72.2512644864433
mace_invariants,203,38,12,53,1.3745727221481323,766.2033802120646,-6.170536727811431,0.6546644440283149,0.7261357359216376,0,-22.576005191557886
mace_invariants,203,39,13,42,1.341561772302425,96.61471963844647,-89.60194657681427,0.474724892276733,0.7261357359216376,0,-327.7299417606735
mace_invariants,203,40,13,48,1.3215882077570944,-404.39257230296687,-63.81966464793282,0.4835314509484129,0.7261357359216376,0,-56.43280657438854
mace_invariants,203,41,13,49,1.4201359343488975,913.8755807125973,-60.49091556983107,0.47618617356612847,0.7261357359216376,0,-271.22569219214097
mace_invariants,203,42,14,43,1.3883538723918916,827.9507835724868,20.5253614247259,0.6698378816979655,0.7261357359216376,0,4.9960467473881085
mace_invariants,203,43,14,49,1.4213175998603595,1075.2379536736357,-19.952853092423858,0.472699487222102,0.7261357359216376,0,32.80279691101654
mace_invariants,203,44,14,50,1.4468311081428409,1261.6709052104272,-44.76504843992227,0.7200154434711705,0.7261357359216376,0,6.7789947095764544
mace_invariants,203,45,15,44,1.4470962679211528,1008.905658378834,-28.74380507210755,0.5188924136940363,0.7261357359216376,0,36.281017378100074
mace_invariants,203,46,15,50,1.4460314145565758,964.0076187862774,-30.583316549271387,0.6023400784063121,0.7261357359216376,0,16.069297040929175
mace_invariants,203,47,15,51,1.3892162801090473,843.860882059639,-40.20378492521421,0.39771476328991495,0.7261357359216376,0,-0.3887138484205055
mace_invariants,203,48,16,45,1.4473483852473683,914.100317713972,-24.990498629530602,0.5546999059921539,0.7261357359216376,0,30.16993674106968
mace_invariants,203,49,16,51,1.3842220842977415,800.9973178008802,-12.40642905397717,0.512916149729414,0.7261357359216376,0,-24.052703598041518
mace_invariants,203,50,16,52,1.43614012047294,947.3796142325256,-27.809461334427798,0.8167214072052371,0.7261357359216376,1,22.85090928783975
mace_invariants,203,51,17,46,1.4051845153026996,1063.9378134447895,27.960355930670477,1.1395806772331105,0.7261357359216376,1,39.12145875535362
mace_invariants,203,52,17,52,1.4989167232624225,479.61045665916265,-24.360092465204758,1.142890531439082,0.7261357359216376,1,0.3794981049968831
mace_invariants,203,53,17,53,1.4500418392100236,1232.6385352255988,-8.31963197020015,1.0938616931096392,0.7261357359216376,1,-6.807719432827301
mace_invariants,203,54,18,53,1.5227448556343297,188.1386102295064,4.426773427561236,0.8083702256707586,0.7261357359216376,1,-13.488928187095805
mace_invariants,203,55,18,54,1.3953048179524747,786.3550642212376,-13.491406233156479,0.6011930222809718,0.7261357359216376,0,-11.161646675455124
mace_invariants,203,56,18,59,1.4812616699478427,852.8477130370702,23.501549455696075,0.8479115122986371,0.7261357359216376,1,49.42529475595409
mace_invariants,203,57,19,48,1.493298637427794,753.2050870294622,-23.249784751215913,0.37363297265383666,0.7261357359216376,0,10.506187539649996
mace_invariants,203,58,19,54,1.3308750278520105,-55.20172220121944,-27.001676815527134,0.4565775521608172,0.7261357359216376,0,-180.19255915067995
mace_invariants,203,59,19,55,1.4189154961136752,1415.2260258811773,-28.43121872136589,0.49020523247404835,0.7261357359216376,0,-50.204911302830325
mace_invariants,203,60,20,49,1.4104772986460055,1144.1408479786544,-27.382510898577593,0.45496603903491994,0.7261357359216376,0,36.715611727392115
mace_invariants,203,61,20,55,1.4387999527498743,1024.7728617374148,-15.476229383922826,0.578883576237416,0.7261357359216376,0,18.815386776945736
mace_invariants,203,62,20,56,1.4751554767225539,834.6599648687348,-9.886533302613108,0.5654849755052966,0.7261357359216376,0,5.789467012716417
mace_invariants,203,63,21,50,1.3805352392519168,800.7289570974629,-5.839875853745437,0.8477386750695448,0.7261357359216376,1,-2.6981980446631733
mace_invariants,203,64,21,56,1.44755385402009,1151.0303385553193,-13.573511461629606,0.7109416552908531,0.7261357359216376,0,-25.37407333220625
mace_invariants,203,65,21,57,1.4614774376596267,849.6509135267275,-19.94630837632873,0.8565857487545221,0.7261357359216376,1,-17.227862947666555
mace_invariants,203,66,22,51,1.3998424584763134,873.8437204069353,-35.46072910988136,0.32957156006751015,0.7261357359216376,0,-3.54674004914735
mace_invariants,203,67,22,57,1.4093492648014458,1086.3911907903937,-45.35978631321573,0.5430439488688845,0.7261357359216376,0,25.73965964049655
mace_invariants,203,68,22,58,1.447986325861014,1030.627094338718,-13.547277459338824,0.3980765025762916,0.7261357359216376,0,49.636154504680555
mace_invariants,203,69,23,52,1.4341197718591014,1122.0876994394225,-7.480212320962673,0.7254038658193804,0.7261357359216376,0,21.207402184433455
mace_invariants,203,70,23,58,1.4340266617148005,1060.113306651266,-18.81852476257083,0.49010355085233887,0.7261357359216376,0,35.58256842933181
mace_invariants,203,71,23,59,1.4249831251115659,906.9977093995354,-12.99370475921718,0.7159163141178163,0.7261357359216376,0,40.822217731308605
mace_invariants,203,72,24,59,1.419566780433998,1037.8017152494192,12.184812242230306,0.701383497733028,0.7261357359216376,0,46.53669942985815
mace_invariants,203,73,24,60,1.4024182221373271,1343.0546707790297,-11.196230454351605,0.5839891209416131,0.7261357359216376,0,16.17596176052419
mace_invariants,203,74,24,65,1.4280073134381455,934.6518108240012,-7.347912834748484,0.57518524969419,0.7261357359216376,0,-66.50960076695605
mace_invariants,203,75,25,54,1.395910060373722,837.9084889061792,8.405519669905107,0.4173260272174071,0.7261357359216376,0,-39.394874394749074
mace_invariants,203,76,25,60,1.4658882535414208,827.3879329774387,-26.52608577055297,0.5466501404436577,0.7261357359216376,0,-8.96920053964158
mace_invariants,203,77,25,61,1.4170949802689699,951.9073184483531,-39.11106226549592,0.5809456807548783,0.7261357359216376,0,32.55284263489937
mace_invariants,203,78,26,55,1.397981651991643,1015.2755647370544,-24.540373603391803,0.5585004006163792,0.7261357359216376,0,17.31632936460442
mace_invariants,203,79,26,61,1.362333052933221,531.5225958401526,-6.815169321837013,0.6884923738406191,0.7261357359216376,0,-6.035135989070054
mace_invariants,203,80,26,62,1.4773008174540498,866.4512590616672,-20.49964779101429,0.7250205907667806,0.7261357359216376,0,5.73678042583919
mace_invariants,203,81,27,56,1.4419000516097646,1014.6643009348375,-13.101944350019759,0.43641804857264166,0.7261357359216376,0,16.957337664369774
mace_invariants,203,82,27,62,1.4287353353257062,1096.3697564482434,-18.4422572401031,0.6163368394551625,0.7261357359216376,0,20.01469933125081
mace_invariants,203,83,27,63,1.3915069653896068,1350.6977926652448,-15.402185517697053,0.615828487926048,0.7261357359216376,0,34.662019111104996
mace_invariants,203,84,28,57,1.371099344718443,716.2740459306141,4.952028971336214,0.7010965122666258,0.7261357359216376,0,-6.787062627855668
mace_invariants,203,85,28,63,1.401579754128577,1024.329829971205,6.254419157005836,0.7348628581563632,0.7261357359216376,1,3.7562383786688875
mace_invariants,203,86,28,64,1.4811479983025337,865.9111440792601,7.241387202404766,0.573250599433861,0.7261357359216376,0,23.394638228977918
mace_invariants,203,87,29,58,1.3972119247625052,956.3403639768803,-16.310487216107074,0.5469646414428555,0.7261357359216376,0,9.778674464210434
mace_invariants,203,88,29,64,1.4475820424790673,1098.7238799291672,-18.637360507065736,0.5640861749026838,0.7261357359216376,0,31.244549362269645
mace_invariants,203,89,29,65,1.3765515419186003,607.4006240859926,24.139243000011355,0.646579156669495,0.7261357359216376,0,-69.69666718814511
mace_invariants,203,90,30,65,1.3856481697193015,838.6267056884443,17.246102439286755,0.7467037532747438,0.7261357359216376,1,-7.721082051388591
mace_invariants,203,91,30,66,1.4554616205296569,861.6681339446175,-8.366713160756872,0.7172576578471679,0.7261357359216376,0,14.029465103966434
mace_invariants,203,92,30,71,1.5049335649674283,544.9630408961922,18.6831640007219,0.7626468628726152,0.7261357359216376,1,52.07668047977129
mace_invariants,203,93,31,60,1.4772447585697428,812.0683639559602,15.041394641900439,0.6727721928329216,0.7261357359216376,0,92.36409444125579
mace_invariants,203,94,31,66,1.44167576159425,1063.6477518001475,-48.2919961166477,0.6345222261579226,0.7261357359216376,0,133.48205168319268
mace_invariants,203,95,31,67,1.3152688232750522,-361.23452690398614,-69.0559467771158,0.6062888542533036,0.7261357359216376,0,32.65700157750347
mace_invariants,203,96,32,61,1.4697360521495229,825.3069489274578,-35.52207798808611,0.582250567065112,0.7261357359216376,0,54.82022762537879
mace_invariants,203,97,32,67,1.403439183598058,847.596193619339,-42.755901834192755,0.4814716881742733,0.7261357359216376,0,3.3313356199677786
mace_invariants,203,98,32,68,1.4508414199822681,1337.7945659651086,-41.95951827960645,0.6371631185232449,0.7261357359216376,0,49.30789161051012
mace_invariants,203,99,33,62,1.4009633079020236,1265.2359709602154,-34.71363772445979,0.7607000064755287,0.7261357359216376,1,37.78764922350603
mace_invariants,203,100,33,68,1.4877471348224043,683.0469227446937,-20.894385600302982,0.7790843410075001,0.7261357359216376,1,33.20142760479599
mace_invariants,203,101,33,69,1.4153528564923208,1003.1716976585745,-30.360242581979353,0.647972805581357,0.7261357359216376,0,31.264194604092122
mace_invariants,203,102,34,63,1.469027757391157,917.6459638801648,-6.385683050666488,0.7820535274580864,0.7261357359216376,1,-37.261444706875196
mace_invariants,203,103,34,69,1.3708579558542096,728.4037784381333,-7.536807524036175,0.6698346780930291,0.7261357359216376,0,-21.95310671365493
mace_invariants,203,104,34,70,1.4878793099880259,733.8068835981821,3.943556605295488,0.608627199732747,0.7261357359216376,0,4.6371267333258706
mace_invariants,203,105,35,64,1.3955445382601055,888.5975204841216,-24.933481442788718,0.502359441040678,0.7261357359216376,0,60.967571558061685
mace_invariants,203,106,35,70,1.4426688103495022,795.300367813554,-3.8916596032473856,0.49054537203784065,0.7261357359216376,0,51.518257495815
mace_invariants,203,107,35,71,1.3349269913793924,169.5294165514881,11.521116132705782,0.6007955324053607,0.7261357359216376,0,58.605207489796065
geometry_control,94,0,0,36,1.3910826091423445,855.4704186252889,24.11527135162293,0.4692382771242323,0.7093670850295455,0,25.05566408843145
geometry_control,94,1,0,41,1.4226454570369447,1203.9847919740234,-18.1591780282525,0.7444270209034045,0.7093670850295455,1,-9.511677664643564
geometry_control,94,2,0,71,1.4972993441168152,725.2194793780518,28.404877401502596,0.546820972729782,0.7093670850295455,0,-67.1141492900059
geometry_control,94,3,1,36,1.3733004800723627,587.7800713249309,2.358650756097674,0.34376444472378687,0.7093670850295455,0,180.90711770591633
geometry_control,94,4,1,37,1.4205248973080284,1360.6828287518686,52.194880351734845,0.4923227137387414,0.7093670850295455,0,-75.14228100353245
geometry_control,94,5,1,66,1.5862276990373492,-818.2929406113866,-52.10927624143533,0.3438686395226476,0.7093670850295455,0,-105.91538620027124
geometry_control,94,6,2,37,1.5110807960941954,499.70633959013,-0.054070796625624654,0.6114027911067625,0.7093670850295455,0,-62.3743738454634
geometry_control,94,7,2,38,1.4299303839246404,1058.6083563892448,-3.8238090623767174,0.7619312709667967,0.7093670850295455,1,-41.40640080707531
geometry_control,94,8,2,67,1.402797054080899,1319.9564595362717,13.664999527322918,0.7307988777535914,0.7093670850295455,1,-56.992544708271716
geometry_control,94,9,3,38,1.5037165072873289,523.3785951569885,-10.199742246642389,0.7305773915358851,0.7093670850295455,1,33.496389562248424
geometry_control,94,10,3,39,1.4030662531953084,1364.4174559519058,17.853769817772235,0.6327013247024921,0.7093670850295455,0,-11.126308699356393
geometry_control,94,11,3,68,1.4729952382035687,980.3590589448696,-10.050087936105289,0.67464326916273,0.7093670850295455,0,11.644875499766833
geometry_control,94,12,4,39,1.4282564842932257,930.8839274308517,16.64469588613416,0.6969465954763736,0.7093670850295455,0,22.052798951937135
geometry_control,94,13,4,40,1.4124189370887088,1114.4569878959683,-3.9187905939276346,0.6551545320152843,0.7093670850295455,0,-17.008328955632713
geometry_control,94,14,4,69,1.4024234838904601,1258.5286738009793,10.086929774631548,0.6632943145051118,0.7093670850295455,0,5.5863408313486715
geometry_control,94,15,5,40,1.3421399896087025,439.1339238360387,15.229163137750946,0.5764728728329197,0.7093670850295455,0,-52.465588604047745
geometry_control,94,16,5,41,1.4684663752195157,1013.3360545925651,13.439098188105334,0.6922429980315857,0.7093670850295455,0,43.29427733897259
geometry_control,94,17,5,70,1.4479660420284532,1130.9395917429563,-4.099432110892419,0.5514567539789597,0.7093670850295455,0,-28.726312584509653
geometry_control,94,18,6,41,1.435087344722947,1316.2242181537192,9.738749491103018,0.7215823435955449,0.7093670850295455,1,-26.33741631758456
geometry_control,94,19,6,42,1.4150505067149806,1066.3064624718158,44.26980795572984,0.6808853389590278,0.7093670850295455,0,-23.109143809789686
geometry_control,94,20,6,47,1.4793709409684563,903.3788152037047,16.785008315867206,0.6901121064471079,0.7093670850295455,0,-28.35351398605667
geometry_control,94,21,7,36,1.3678498966135975,751.9519273749839,19.107425327387297,0.4165485500907399,0.7093670850295455,0,-44.61092570903891
geometry_control,94,22,7,42,1.4114636346184672,1126.4498226044632,15.966340626680168,0.6510402892333951,0.7093670850295455,0,-48.57747753484538
geometry_control,94,23,7,43,1.477816454646723,880.9667086705224,-5.005767474033404,0.6462225303911865,0.7093670850295455,0,-59.106984234639995
geometry_control,94,24,8,37,1.3526949689094148,426.9685461969469,4.58111141485315,0.47369530997318854,0.7093670850295455,0,-34.68716799115825
geometry_control,94,25,8,43,1.3973134258174358,938.0054290726333,58.566388582418014,0.5548110212586805,0.7093670850295455,0,-22.299889340796533
geometry_control,94,26,8,44,1.3664490064738735,637.1492661684757,23.87212815190948,0.5279751741814814,0.7093670850295455,0,-24.053487555293973
geometry_control,94,27,9,38,1.3360377772378191,498.89524354959616,-1.534238308656663,0.7649957174097428,0.7093670850295455,1,-50.631688347198605
geometry_control,94,28,9,44,1.4658604777134931,981.2258602994892,-4.575766912280201,0.6687471017580018,0.7093670850295455,0,-32.02963068450384
geometry_control,94,29,9,45,1.4500734013598335,901.0914459867354,8.203921263045949,0.7650989526879237,0.7093670850295455,1,-21.115545128539416
geometry_control,94,30,10,39,1.512805124826537,348.4905483354954,-8.186300969180667,0.8908841924847826,0.7093670850295455,1,-66.7846475810677
geometry_control,94,31,10,45,1.4019351760126055,1243.6258470042171,14.286105489160656,0.9888634945963564,0.7093670850295455,1,-33.20725415738349
geometry_control,94,32,10,46,1.4190292190170481,1426.9696386776482,0.7634937694521692,0.9883837651168645,0.7093670850295455,1,-1.933932440425945
geometry_control,94,33,11,40,1.4494715879207785,943.5794268776751,-15.725593996518253,0.719749445458068,0.7093670850295455,1,32.57539563029111
geometry_control,94,34,11,46,1.450259628940738,1143.3395150966517,2.661515906970179,0.8590410815512395,0.7093670850295455,1,28.12236041016154
geometry_control,94,35,11,47,1.4205115775485926,1252.6804291151552,4.561444798657612,0.804049333508297,0.7093670850295455,1,29.41367997438283
geometry_control,94,36,12,47,1.4319351561503288,1003.436739439008,-33.15826918324367,0.6369958439446823,0.7093670850295455,0,-12.409343202456334
geometry_control,94,37,12,48,1.3747221988294773,804.05513403737,-18.06609111071925,0.6760682042356423,0.7093670850295455,0,-49.95009883254865
geometry_control,94,38,12,53,1.4833054609982357,870.4305873529892,-10.261098329274157,0.6453144301792253,0.7093670850295455,0,-63.702005462359516
geometry_control,94,39,13,42,1.400874009011166,1070.0120514041866,-3.169330657995628,0.7103799256611891,0.7093670850295455,1,-11.181338517940898
geometry_control,94,40,13,48,1.4994883272757629,593.6837686253473,-0.9041856305859958,0.7586790534402292,0.7093670850295455,1,-39.87996512473801
geometry_control,94,41,13,49,1.43566683057242,958.2220935157139,23.21575735270423,0.6701714252266382,0.7093670850295455,0,-31.946413068585375
geometry_control,94,42,14,43,1.44549195172947,1278.1618417212417,0.8006354728488165,0.6976022905385321,0.7093670850295455,0,-17.612857297626718
geometry_control,94,43,14,49,1.4263398774721714,1046.5089252670955,19.73448857859742,0.6622115489461898,0.7093670850295455,0,-57.98102646230889
geometry_control,94,44,14,50,1.3407454143611117,347.7934041333811,32.894184984366504,0.5841949607721201,0.7093670850295455,0,-94.340225397647
geometry_control,94,45,15,44,1.496603675661056,705.249187137618,19.307401589555482,0.6261356611971074,0.7093670850295455,0,-15.672638854742805
geometry_control,94,46,15,50,1.5146188469618211,473.1615673525943,-15.362691784801756,0.5395641785078944,0.7093670850295455,0,-21.72059022939596
geometry_control,94,47,15,51,1.4160443200756212,971.1274407489205,-42.81229539355004,0.6093689168331526,0.7093670850295455,0,47.52642485650681
geometry_control,94,48,16,45,1.3707324767622397,732.3722695465805,-23.316042808500615,0.777380513440043,0.7093670850295455,1,-48.624870622221756
geometry_control,94,49,16,51,1.4374983791935803,1101.3968700691062,-11.607865073887446,0.6642619181461663,0.7093670850295455,0,-27.709993106960816
geometry_control,94,50,16,52,1.457527728350745,1137.8349655783322,-18.040126162770505,0.6628190775907926,0.7093670850295455,0,-34.877545965564295
geometry_control,94,51,17,46,1.4271945033535822,961.7687652830953,-41.53188437359253,0.7182600351490696,0.7093670850295455,1,1.2406905790830862
geometry_control,94,52,17,52,1.4192501876847963,1025.1921481796574,-6.0196596608576085,0.6041783287793111,0.7093670850295455,0,-34.510043718237114
geometry_control,94,53,17,53,1.4054774701200734,998.9401751557916,-13.060207116813308,0.6715868733406702,0.7093670850295455,0,-66.73386900270233
geometry_control,94,54,18,53,1.4125083655224295,1128.1206983059933,-37.693601350116644,0.6564956343712862,0.7093670850295455,0,-90.94476969857664
geometry_control,94,55,18,54,1.401360932569208,1090.2577272170063,-14.999345147706283,0.6118517685847207,0.7093670850295455,0,-51.831003130661585
geometry_control,94,56,18,59,1.4726022443596138,876.6588599667201,-39.923836474354964,0.6097462388234254,0.7093670850295455,0,-4.252789085103377
geometry_control,94,57,19,48,1.4154163793725598,1269.1998889967274,-4.135296892806886,0.726268966470652,0.7093670850295455,1,-40.33075635856383
geometry_control,94,58,19,54,1.4631381105047145,1044.1267415852353,-5.593165087184656,0.6508713266276693,0.7093670850295455,0,-51.25168978705421
geometry_control,94,59,19,55,1.373679486902283,911.9229375114274,-0.32315917003294603,0.5571665187314192,0.7093670850295455,0,-108.5185496888037
geometry_control,94,60,20,49,1.3758587684781813,780.817592770126,31.67915342578666,0.5620578347743643,0.7093670850295455,0,-106.93801312231535
geometry_control,94,61,20,55,1.3435790312786378,437.50103332323863,36.76578738744761,0.4814630152487226,0.7093670850295455,0,-158.76941186189157
geometry_control,94,62,20,56,1.4561562442566156,977.5031844867024,15.02591872861484,0.4792382521789086,0.7093670850295455,0,-51.04376831546382
geometry_control,94,63,21,50,1.3662617455748776,671.0173180063586,19.3258185763602,0.5494296707000836,0.7093670850295455,0,-104.44124632063381
geometry_control,94,64,21,56,1.45299459756637,1083.5455645166485,39.352458188822744,0.5446266762786975,0.7093670850295455,0,-14.574354293630158
geometry_control,94,65,21,57,1.4864206457535838,773.7583916101053,-6.789767594560424,0.5794185574590809,0.7093670850295455,0,-43.26487466066668
geometry_control,94,66,22,51,1.333348821078626,241.10755562536983,-20.925230937853083,0.6554697842128694,0.7093670850295455,0,-58.913445012882725
geometry_control,94,67,22,57,1.4392385686925124,1261.4800763814087,-6.599929084065318,0.6156539326466085,0.7093670850295455,0,-23.191275289973852
geometry_control,94,68,22,58,1.4490732350006528,1045.3503059296754,-23.325845703817354,0.62597009806499,0.7093670850295455,0,11.718478314239896
geometry_control,94,69,23,52,1.4094316986697775,1087.6916683904797,-25.305138314461683,0.6670601549310452,0.7093670850295455,0,-15.501326898927225
geometry_control,94,70,23,58,1.4044997888009438,1105.5124682648193,-36.09287478186311,0.6390033093385394,0.7093670850295455,0,-8.661399427326767
geometry_control,94,71,23,59,1.4399494329129614,1012.475954789205,-37.773054395038805,0.6877193039445435,0.7093670850295455,0,24.43267641635117
geometry_control,94,72,24,59,1.4500545237232507,1146.7006404116726,-13.434299760598405,0.5770446508795788,0.7093670850295455,0,-15.870019938958192
geometry_control,94,73,24,60,1.4857509766468695,692.1983381096284,1.8790738750604905,0.56398914813705,0.7093670850295455,0,-18.043284025548203
geometry_control,94,74,24,65,1.4183908873987212,1020.8447269304222,-12.683168828402994,0.4750403876634778,0.7093670850295455,0,6.002977102088892
geometry_control,94,75,25,54,1.4144132311987314,1124.7470182481013,-22.787227267848422,0.5081709311691692,0.7093670850295455,0,-33.25869401986072
geometry_control,94,76,25,60,1.3550443817569098,680.8063179297761,36.44566509773155,0.4930098986653452,0.7093670850295455,0,-53.81037255096622
geometry_control,94,77,25,61,1.4641228847501944,789.8644240095708,21.702233517017877,0.4879281099670632,0.7093670850295455,0,-31.047294368182516
geometry_control,94,78,26,55,1.5011237332547276,610.0516542019695,7.357067252656493,0.5723929299814958,0.7093670850295455,0,-43.03874299351288
geometry_control,94,79,26,61,1.388735250411863,1141.515283830827,21.503506014995235,0.6458549166756398,0.7093670850295455,0,-29.252566634070504
geometry_control,94,80,26,62,1.4763609791364147,753.6799752606288,12.951243142916548,0.6354099191599266,0.7093670850295455,0,-20.80514572134968
geometry_control,94,81,27,56,1.4208606499921896,1139.1895111414278,30.93685327136208,0.4805838866862952,0.7093670850295455,0,-19.579751635815732
geometry_control,94,82,27,62,1.3281742144562902,-96.02090247305395,-2.4690412098009524,0.5458256389345401,0.7093670850295455,0,-122.26567341791218
geometry_control,94,83,27,63,1.480265447680916,828.2006984895296,10.499760163579507,0.444075294417953,0.7093670850295455,0,-79.8948744039632
geometry_control,94,84,28,57,1.3643409548128618,670.0612345766282,11.697406749224111,0.5340198238562882,0.7093670850295455,0,-37.20893300366811
geometry_control,94,85,28,63,1.3877845747513935,969.263100286114,20.018655599239548,0.4627193504075627,0.7093670850295455,0,-81.51540222536688
geometry_control,94,86,28,64,1.4191047664993053,1072.1188674109037,-13.378677818889074,0.6153955156391876,0.7093670850295455,0,-47.19305613864039
geometry_control,94,87,29,58,1.4516470406277315,987.3346340934634,-33.60502324880441,0.5192645796439156,0.7093670850295455,0,-22.595228762710896
geometry_control,94,88,29,64,1.3932753600365706,1078.490750138698,-23.77758287138638,0.5903241060084334,0.7093670850295455,0,-50.04449745542141
geometry_control,94,89,29,65,1.4183361444606206,1052.9195919345564,-12.414445261827217,0.46597631103381865,0.7093670850295455,0,-26.8843999686007
geometry_control,94,90,30,65,1.3874304765600594,1012.0145262043934,-12.17437797017724,0.5324021384632426,0.7093670850295455,0,-15.402277725227279
geometry_control,94,91,30,66,1.4469675523428345,1102.9092051488135,25.133312963026853,0.42922289916078704,0.7093670850295455,0,44.50957097031636
geometry_control,94,92,30,71,1.4628849171799836,962.0623237913977,28.752011573010925,0.506701399967476,0.7093670850295455,0,-10.145045754395216
geometry_control,94,93,31,60,1.4533968075619281,901.5250503325999,-1.5488800066085824,0.5595019555099183,0.7093670850295455,0,-93.39680226667326
geometry_control,94,94,31,66,1.3567595014175782,733.602972061671,53.421449090145934,0.3673739557338906,0.7093670850295455,0,-15.137386588362574
geometry_control,94,95,31,67,1.3470094404985156,333.1557546456199,-30.873265520738904,0.6352241165968133,0.7093670850295455,0,-141.4832301941075
geometry_control,94,96,32,61,1.4237382996860175,1134.024389486028,24.176857629413927,0.5977431648336122,0.7093670850295455,0,-73.1851601462786
geometry_control,94,97,32,67,1.4742746372600655,844.1795781118999,-11.870615247829992,0.6785471146187891,0.7093670850295455,0,-67.96920796815918
geometry_control,94,98,32,68,1.3674506281921135,845.4031212483717,19.94183108661502,0.6537453854588391,0.7093670850295455,0,-91.85392333339566
geometry_control,94,99,33,62,1.3828741504948483,1029.6383449262273,0.9434422797077631,0.5768641053589467,0.7093670850295455,0,-132.36900029753787
geometry_control,94,100,33,68,1.4064363930713153,1110.48416702743,2.3666520260637833,0.6433113234998867,0.7093670850295455,0,-111.5331258646853
geometry_control,94,101,33,69,1.4846895419231463,801.6228963290972,-1.4743008334712067,0.567717098068387,0.7093670850295455,0,-56.13436072205103
geometry_control,94,102,34,63,1.3771809475772032,1006.6262168806333,5.924693685439094,0.5995272810365402,0.7093670850295455,0,-73.18676945049187
geometry_control,94,103,34,69,1.4534300053205425,922.4949398948297,-7.5144033842409375,0.6921306182625675,0.7093670850295455,0,-3.27921473322402
geometry_control,94,104,34,70,1.4745318642219176,919.4903609051408,9.071460200263802,0.65897471691878,0.7093670850295455,0,-23.86906026152397
geometry_control,94,105,35,64,1.4602014177793732,1136.8235551373414,8.13226558205093,0.6029751521840279,0.7093670850295455,0,-68.22849704955982
geometry_control,94,106,35,70,1.341040769203884,353.25533908555633,-3.2404591362547577,0.5097464228346429,0.7093670850295455,0,-108.2968924226313
geometry_control,94,107,35,71,1.3624367392858336,603.9722478899307,5.360439744890978,0.45292661871364637,0.7093670850295455,0,-83.9405874905101
geometry_control,65,0,0,36,1.4622436022949392,1056.6072441230378,-16.11113941458642,0.6483614210531653,0.7104183019649406,0,5.257598220212998
geometry_control,65,1,0,41,1.442485067575715,1115.8583237674889,-1.056426960032636,0.620874439215264,0.7104183019649406,0,-28.759791168580332
geometry_control,65,2,0,71,1.3898080435681002,1009.3716108655926,-46.54136299728077,0.630154396570813,0.7104183019649406,0,-48.05017560473753
geometry_control,65,3,1,36,1.3198933492284028,-85.81062713413479,-105.24739188528113,0.619325363277677,0.7104183019649406,0,-65.30257237545354
geometry_control,65,4,1,37,1.4917086605498664,828.7385625310519,-2.656313141812458,0.8844536297366061,0.7104183019649406,1,13.327713607278724
geometry_control,65,5,1,66,1.399776704928703,881.0668491114235,-4.124093337120965,0.6538168362297868,0.7104183019649406,0,-13.263067821538424
geometry_control,65,6,2,37,1.4658647049579165,1715.29902216799,68.00263799920045,1.2828106838348956,0.7104183019649406,1,34.46993076610874
geometry_control,65,7,2,38,1.4979433143666026,896.9727686995084,0.8727681712786262,0.9249410274994398,0.7104183019649406,1,52.99593286116403
geometry_control,65,8,2,67,1.400968195847968,1033.7215145601206,-38.35116971221067,1.0385613590029494,0.7104183019649406,1,38.5463989183748
geometry_control,65,9,3,38,1.3118625119806846,-330.6214883911696,-66.48170489214178,0.4649915512088284,0.7104183019649406,0,-136.23094426121892
geometry_control,65,10,3,39,1.4290786076401183,1037.290206899253,1.4933796330918945,0.5485451959747867,0.7104183019649406,0,-40.78684250967307
geometry_control,65,11,3,68,1.457525015179946,1145.9315150413163,-53.23142893455914,0.5555759300503932,0.7104183019649406,0,-13.084843915225939
geometry_control,65,12,4,39,1.4443060089054314,1178.1604454205149,-13.93118349064194,0.6341239532890539,0.7104183019649406,0,-16.016937711127518
geometry_control,65,13,4,40,1.4574032943381332,1057.030249872799,6.054147205300708,0.5126741822169787,0.7104183019649406,0,-18.145601819479598
geometry_control,65,14,4,69,1.4366700772715324,1174.6456996675493,-5.191395943101716,0.6859653200996572,0.7104183019649406,0,47.240671381604024
geometry_control,65,15,5,40,1.4243779819184519,1185.0431863941828,4.055115315463375,0.5325288104877196,0.7104183019649406,0,-47.082227032645775
geometry_control,65,16,5,41,1.3959560347626712,1158.7320761124204,-28.796899845999103,0.6356793448324618,0.7104183019649406,0,-28.13839544442754
geometry_control,65,17,5,70,1.4972169285577346,644.9821894395966,-31.977561199496684,0.6971786086049734,0.7104183019649406,0,-8.656497190382852
geometry_control,65,18,6,41,1.390050777285507,985.3629953137162,8.16805570630499,0.6240671638154206,0.7104183019649406,0,-53.96571828138918
geometry_control,65,19,6,42,1.447806653915352,1019.2130516811646,-20.80041771384305,0.5345596107355529,0.7104183019649406,0,-14.650416529006744
geometry_control,65,20,6,47,1.420916595401595,1197.8913588504709,-9.614313332417117,0.5855945088415182,0.7104183019649406,0,-19.091796463833692
geometry_control,65,21,7,36,1.4574200621561477,1220.9022361179693,-8.431645078902609,0.5382877839995827,0.7104183019649406,0,3.2458896806806408
geometry_control,65,22,7,42,1.3391327118614944,262.52419746290576,-33.52556238642588,0.42129324908181365,0.7104183019649406,0,-43.26929466379991
geometry_control,65,23,7,43,1.5360806596388827,135.57726494703033,-9.753878865427136,0.4881611068340852,0.7104183019649406,0,-34.887947376603165
geometry_control,65,24,8,37,1.3927529576364828,814.8209766493686,-17.425095784389605,0.7869935310019983,0.7104183019649406,1,52.047321866544614
geometry_control,65,25,8,43,1.3575630510804555,616.9064826707946,12.321368083024819,0.4717385873775716,0.7104183019649406,0,55.51885151995045
geometry_control,65,26,8,44,1.4002809869949857,707.513413407286,-7.70489314168063,0.5310895512486379,0.7104183019649406,0,101.34234711220424
geometry_control,65,27,9,38,1.374432310514095,778.765574238224,-19.096267902714377,0.4101382311038646,0.7104183019649406,0,-115.37267143605055
geometry_control,65,28,9,44,1.5510591645991127,-221.25364666821326,-33.48565030695278,0.5121039076859599,0.7104183019649406,0,-69.89352872699118
geometry_control,65,29,9,45,1.391798758476647,947.3315523580676,-19.368372034176883,0.44020580570440027,0.7104183019649406,0,-45.765398401577045
geometry_control,65,30,10,39,1.41096963657844,1057.4372752636023,-4.557353249682986,0.5432466273765735,0.7104183019649406,0,-76.85024646706506
geometry_control,65,31,10,45,1.39229491504608,873.9663856653366,10.940197893367962,0.4897605572111509,0.7104183019649406,0,-91.03278895666023
geometry_control,65,32,10,46,1.3576217727735305,595.948092130021,-26.653790595782926,0.4374289100079928,0.7104183019649406,0,-109.2803430546785
geometry_control,65,33,11,40,1.403253715282966,1105.886970941727,-33.525021826778726,0.5204528698012665,0.7104183019649406,0,-59.660881136233776
geometry_control,65,34,11,46,1.373419000957773,877.9630072438596,-9.669950395180587,0.5360849235047609,0.7104183019649406,0,-107.62798163138996
geometry_control,65,35,11,47,1.4515167265535731,1194.6225165105343,12.666019234585477,0.5851307491721063,0.7104183019649406,0,-11.66544778745347
geometry_control,65,36,12,47,1.4494005910787482,1094.0309049632172,-17.833030287552297,0.6181572536741238,0.7104183019649406,0,-0.632087369752373
geometry_control,65,37,12,48,1.3949103676174117,940.2677368256784,-32.997673584581314,0.6191348581810285,0.7104183019649406,0,-24.90720071720592
geometry_control,65,38,12,53,1.4382265047970735,1250.756315548533,-2.9998596031222124,0.6711502802837046,0.7104183019649406,0,-28.84659660201458
geometry_control,65,39,13,42,1.4668780840530653,931.7819316673709,-25.760886032958087,0.5081080196753474,0.7104183019649406,0,-28.924431166962048
geometry_control,65,40,13,48,1.348069609005279,604.3746463866887,1.071048790136933,0.5601205222882175,0.7104183019649406,0,-47.644926983083856
geometry_control,65,41,13,49,1.4811646067349575,1023.9079746723725,-9.656774608205206,0.6230835779874937,0.7104183019649406,0,-22.936173770141576
geometry_control,65,42,14,43,1.4597187099506868,983.708913551904,-12.58460283496629,0.5528633937373002,0.7104183019649406,0,10.979903324213844
geometry_control,65,43,14,49,1.296308069719481,-838.6584585454666,-150.73980688144866,0.6009710942971749,0.7104183019649406,0,-74.33053405381659
geometry_control,65,44,14,50,1.4432589468508916,1309.394158100305,-38.733043095880866,0.5716391472157851,0.7104183019649406,0,-12.32341163454093
geometry_control,65,45,15,44,1.4273916589481437,1306.4523584702233,-2.1981630868477264,0.5736665496944516,0.7104183019649406,0,55.37613481585941
geometry_control,65,46,15,50,1.421472838103007,1101.9295711368138,-38.73033240453523,0.5330913393018704,0.7104183019649406,0,-19.938924610886033
geometry_control,65,47,15,51,1.4319536794719476,1042.8125470491932,-64.20790741642924,0.4659462731973863,0.7104183019649406,0,-27.338423884579953
geometry_control,65,48,16,45,1.437317563771016,1043.5714500469423,-33.69325705354457,0.5016157935470866,0.7104183019649406,0,-60.26804680521817
geometry_control,65,49,16,51,1.4260731281505619,1175.7157404607383,-20.661188271352277,0.46579361903158095,0.7104183019649406,0,-44.53667145545291
geometry_control,65,50,16,52,1.422784860907071,965.2459482281882,-12.117511737973794,0.5299869675025126,0.7104183019649406,0,-25.890705659400744
geometry_control,65,51,17,46,1.4596454530905298,880.3472110800561,-20.894104525448654,0.5277839150068169,0.7104183019649406,0,-48.94005842731835
geometry_control,65,52,17,52,1.3761633050430189,797.9069875684877,-12.088607582005887,0.608486736165401,0.7104183019649406,0,-17.148708651865817
geometry_control,65,53,17,53,1.472432601935258,1049.4032422758933,-31.56198386646454,0.629822767283743,0.7104183019649406,0,-21.250881290548627
geometry_control,65,54,18,53,1.381249731149028,882.6531158761775,-47.79468058692293,0.5496716687090777,0.7104183019649406,0,-56.83381267298208
geometry_control,65,55,18,54,1.46211997247719,966.688680440459,8.28092721613992,0.666550110909892,0.7104183019649406,0,34.49118664363678
geometry_control,65,56,18,59,1.3577838606015133,665.960988134094,-39.734195932574096,0.5026262782566728,0.7104183019649406,0,-54.65684508847155
geometry_control,65,57,19,48,1.4250439143849456,904.0979939633457,2.5545438660105457,0.5066076375066857,0.7104183019649406,0,-22.418144636896937
geometry_control,65,58,19,54,1.519834078689076,466.45610161907285,-7.5459102367567175,0.675501501810176,0.7104183019649406,0,37.94301745807007
geometry_control,65,59,19,55,1.3251074970658214,123.38434640866647,-23.927089102120693,0.4745916328770185,0.7104183019649406,0,-51.27010768488907
geometry_control,65,60,20,49,1.4173514219691496,980.7702992343794,-11.037022099614415,0.5450143628169732,0.7104183019649406,0,22.46502279316922
geometry_control,65,61,20,55,1.442147562724644,963.5503732416267,-26.455610876611455,0.45003530248803003,0.7104183019649406,0,13.191178175106337
geometry_control,65,62,20,56,1.4373484107456713,1125.9502360064241,-27.775414701281193,0.43401601286573926,0.7104183019649406,0,-59.01885669096056
geometry_control,65,63,21,50,1.3689541956154991,927.9067815830812,17.004772385209144,0.6247068022093183,0.7104183019649406,0,-69.57909829173794
geometry_control,65,64,21,56,1.4602990105821476,1115.44706583492,-31.22744790076972,0.5430403993394741,0.7104183019649406,0,-16.411483353523117
geometry_control,65,65,21,57,1.4114368663791956,962.9604739182076,-62.00338948116388,0.6154390722565813,0.7104183019649406,0,-56.081144030303804
geometry_control,65,66,22,51,1.4136379006954665,1092.3146064364141,-9.242278635533966,0.4294366309150559,0.7104183019649406,0,-48.444924744779286
geometry_control,65,67,22,57,1.369302900501576,991.6577366183245,-25.489909309676786,0.48731396706680297,0.7104183019649406,0,-94.98180777222476
geometry_control,65,68,22,58,1.412042226843043,1026.1136914182725,-11.338678878243982,0.5659725238929871,0.7104183019649406,0,-49.770925728273404
geometry_control,65,69,23,52,1.4264893886346734,1033.502718616764,-30.861479371632008,0.549187647664318,0.7104183019649406,0,6.103850147845662
geometry_control,65,70,23,58,1.4644458410832273,892.6220586665492,-23.761889387418197,0.6215301921713174,0.7104183019649406,0,-20.94279191658958
geometry_control,65,71,23,59,1.4673312561948402,932.0198612783332,-21.3210623499994,0.5234782883302551,0.7104183019649406,0,9.638849477092101
geometry_control,65,72,24,59,1.4711923856501437,827.797358932565,-37.417722226891655,0.5316909172425736,0.7104183019649406,0,-23.444229294866002
geometry_control,65,73,24,60,1.4545224991795536,1057.6146657896034,-26.96040231237181,0.5944065360068798,0.7104183019649406,0,41.736350755192056
geometry_control,65,74,24,65,1.3175206748177444,-302.1002676076353,-125.93164415551,0.464279882198961,0.7104183019649406,0,-67.89656950850198
geometry_control,65,75,25,54,1.4214568553458007,1201.0496772187191,-0.2711618036596759,0.671718615697128,0.7104183019649406,0,43.471140996586534
geometry_control,65,76,25,60,1.3929200767497565,1002.4340693762599,-32.41363939664436,0.570510401808215,0.7104183019649406,0,22.670561496584895
geometry_control,65,77,25,61,1.3869632124476805,875.6666574393367,-1.3072609102074435,0.5129405555048121,0.7104183019649406,0,-68.77855693030389
geometry_control,65,78,26,55,1.4545589739018574,1079.3268300497427,-38.356971090014774,0.5088400679896729,0.7104183019649406,0,4.270041817857276
geometry_control,65,79,26,61,1.4405037326233319,1114.8525617063156,-11.254311238646663,0.5509718767305145,0.7104183019649406,0,-35.2245424593287
geometry_control,65,80,26,62,1.3730997061111108,1033.0650033911656,-17.748898151436826,0.5953367364978327,0.7104183019649406,0,-45.980771238969595
geometry_control,65,81,27,56,1.4460717280646853,998.8814650784018,-36.34247139133202,0.5117129744941444,0.7104183019649406,0,3.8018994886378152
geometry_control,65,82,27,62,1.4606821127335028,855.7627983197923,-35.818786760956456,0.6142289326245951,0.7104183019649406,0,-15.023441864625257
geometry_control,65,83,27,63,1.3824479345777976,971.8043957467239,-39.7133209798928,0.5984536562838645,0.7104183019649406,0,51.32116818572192
geometry_control,65,84,28,57,1.379283360724125,1049.9859595715527,-29.467623372727125,0.6094555153463863,0.7104183019649406,0,-58.14830748376648
geometry_control,65,85,28,63,1.4977944743411533,1091.6802088891104,-19.60276104925366,0.623797524218999,0.7104183019649406,0,-8.36477514867483
geometry_control,65,86,28,64,1.372963519103916,795.4618944377671,-84.4033319999932,0.6457025232501346,0.7104183019649406,0,-96.13298547144785
geometry_control,65,87,29,58,1.4202438933528996,1148.1908573167923,-53.03578253965695,0.6087553888874926,0.7104183019649406,0,-54.9820465810976
geometry_control,65,88,29,64,1.3789693128419653,1013.2153076191132,-30.563438116834924,0.5663438399650567,0.7104183019649406,0,-80.01583462748877
geometry_control,65,89,29,65,1.5077180862249586,384.51812238787727,-50.762571100672716,0.4432924500028176,0.7104183019649406,0,-38.54323124548637
geometry_control,65,90,30,65,1.398430227951114,1009.5638566031296,-37.010797874677486,0.5263350030277454,0.7104183019649406,0,-28.27832255558701
geometry_control,65,91,30,66,1.4046977137579169,1145.5201298305494,-42.94520608309415,0.6882495116780956,0.7104183019649406,0,-55.41214149255648
geometry_control,65,92,30,71,1.4611375605078698,981.5564989279621,-42.67160787186088,0.6355510142436334,0.7104183019649406,0,-45.450942943081
geometry_control,65,93,31,60,1.5260215966255175,328.22842723209743,-12.786350291217913,0.5969078591618375,0.7104183019649406,0,-1.8910123200062152
geometry_control,65,94,31,66,1.4375601800557152,1004.0711461882472,-14.015748820416743,0.6286957140042688,0.7104183019649406,0,-8.892907568077796
geometry_control,65,95,31,67,1.465626230067246,954.3822457793535,-14.61563547951214,0.6150831826791421,0.7104183019649406,0,2.071946447614941
geometry_control,65,96,32,61,1.401891534443726,1191.2184337455233,14.59303296185132,0.5797158521207226,0.7104183019649406,0,-36.03017212351811
geometry_control,65,97,32,67,1.4161382827834514,1071.0844155124466,14.642424235381174,0.6554610219414301,0.7104183019649406,0,-33.07012940282288
geometry_control,65,98,32,68,1.5148292445263376,499.6450960941121,-43.81744511245976,0.6324250692794853,0.7104183019649406,0,-41.202360660949644
geometry_control,65,99,33,62,1.4192784754096361,1067.282999501439,-67.03660063963244,0.5460014951519332,0.7104183019649406,0,-46.193775328006545
geometry_control,65,100,33,68,1.391084458487832,996.9370676650618,-27.081057987138557,0.5543458525433775,0.7104183019649406,0,4.315920414258816
geometry_control,65,101,33,69,1.3475596008043589,217.8418574215507,-82.72162875782803,0.5991564852783743,0.7104183019649406,0,-35.36653316508724
geometry_control,65,102,34,63,1.5602966323152094,-433.80950075081023,-62.7136099521499,0.41398118255136007,0.7104183019649406,0,32.11594082717456
geometry_control,65,103,34,69,1.4667022593355685,916.8818125489739,-3.35042607674952,0.48291144901853167,0.7104183019649406,0,85.21789261330662
geometry_control,65,104,34,70,1.414855391344323,1193.1820209988339,-67.23295346713556,0.4742701092531071,0.7104183019649406,0,7.6843767225199855
geometry_control,65,105,35,64,1.4839054222554193,778.289548347106,-36.794522425642185,0.677956233996894,0.7104183019649406,0,15.528181228283124
geometry_control,65,106,35,70,1.413627303541222,1432.473571450145,-49.5699617420556,0.7163401616675055,0.7104183019649406,1,14.118628107314066
geometry_control,65,107,35,71,1.4319571212437552,1164.7656987203884,-44.82477446567621,0.6641208552505429,0.7104183019649406,0,7.1520506237384325
geometry_control,87,0,0,36,1.3676056508713499,856.3514717138005,11.551787832113918,0.306646535679281,0.7093946457344316,0,-120.19620392539137
geometry_control,87,1,0,41,1.4257492259192899,1083.5903519777273,22.416944856612698,0.39974335349784745,0.7093946457344316,0,-78.76360784437009
geometry_control,87,2,0,71,1.3339262991076744,327.38724565996336,47.78880635068327,0.3527372863212007,0.7093946457344316,0,-153.95248051923573
geometry_control,87,3,1,36,1.4110429873589032,1104.917740874781,-16.60090668236637,0.6344558435366617,0.7093946457344316,0,-40.166276310021324
geometry_control,87,4,1,37,1.477549198024956,840.5798750100541,-14.635460196415192,0.70829278162319,0.7093946457344316,0,-0.5248275159115536
geometry_control,87,5,1,66,1.4189209202942137,1419.7472088339382,-27.031695998289912,0.9239622749687371,0.7093946457344316,1,-27.92329902268041
geometry_control,87,6,2,37,1.4407934995457314,1059.9103930994013,-44.065059090983446,0.559038946265839,0.7093946457344316,0,2.77873278341729
geometry_control,87,7,2,38,1.4493368938337616,991.2879729468123,-31.638124627129145,0.6014498769936003,0.7093946457344316,0,-15.74648537883234
geometry_control,87,8,2,67,1.3761539358405541,901.2565884758199,-10.542968566452208,0.7070726227866073,0.7093946457344316,0,-51.36299935160942
geometry_control,87,9,3,38,1.4119615439412072,978.0986151586563,-15.839685072551859,0.5845649142224303,0.7093946457344316,0,-35.639288339138176
geometry_control,87,10,3,39,1.4094291914800903,1118.983994726869,-8.353017476211873,0.5768465233349154,0.7093946457344316,0,-58.632227197262864
geometry_control,87,11,3,68,1.471197783504387,940.7647579835545,-26.050346803389377,0.8658193559192375,0.7093946457344316,1,-19.466185883216024
geometry_control,87,12,4,39,1.4622780672995155,839.1184510572258,-28.257400618804702,0.5800166946852665,0.7093946457344316,0,-18.74169104740846
geometry_control,87,13,4,40,1.3738097124560567,780.5540241726403,-55.2150736655978,0.6121973536531937,0.7093946457344316,0,-63.99206740395289
geometry_control,87,14,4,69,1.4557074927983815,993.20357880115,-37.99760698742794,0.5918428420167934,0.7093946457344316,0,-22.205592078549188
geometry_control,87,15,5,40,1.4670615910998215,1405.9830929643774,-21.057261413041303,0.5795808635421807,0.7093946457344316,0,-23.145945516857353
geometry_control,87,16,5,41,1.3712875950607852,883.9309899161066,-15.51825819421318,0.5319675444660454,0.7093946457344316,0,-56.708800230078005
geometry_control,87,17,5,70,1.457947802531317,1049.8022290753138,6.941493119660025,0.6379375637847045,0.7093946457344316,0,-2.6769433398148053
geometry_control,87,18,6,41,1.4738740678976952,783.5917142846274,-38.16999368907584,0.5404488661731784,0.7093946457344316,0,20.802624544798263
geometry_control,87,19,6,42,1.4608151004685,1008.1425534786295,-4.767922939439371,0.6705176127251685,0.7093946457344316,0,59.88077482173121
geometry_control,87,20,6,47,1.4626965000014402,1190.1206082436195,-36.52155394748583,0.6765374728687392,0.7093946457344316,0,-9.901142426543693
geometry_control,87,21,7,36,1.3845442131715606,957.0208121832497,-3.9181325607782638,0.4120165148157569,0.7093946457344316,0,-48.048740073378184
geometry_control,87,22,7,42,1.3775834015847999,864.7646315159063,-34.35155124745471,0.6351820791863134,0.7093946457344316,0,-40.57807235137944
geometry_control,87,23,7,43,1.506900677466636,556.0292424430266,1.4301796315735402,0.6401214966574071,0.7093946457344316,0,-12.488143161343706
geometry_control,87,24,8,37,1.4534420954300336,993.505260302627,-23.206633719198685,0.5550160602663159,0.7093946457344316,0,-7.908322011616242
geometry_control,87,25,8,43,1.4212420212357686,1163.734698899952,-9.401667493613926,0.7092841040214379,0.7093946457344316,0,-19.630193195223235
geometry_control,87,26,8,44,1.3893984479940906,916.8514667689691,-28.7772460728469,0.6069787725509024,0.7093946457344316,0,-50.66806464800422
geometry_control,87,27,9,38,1.4011935797530486,1294.0275434952991,4.940330448078852,0.6525359002327736,0.7093946457344316,0,-34.75977736190645
geometry_control,87,28,9,44,1.4235564781130146,1038.1573884460759,-34.806223416611616,0.6620876817895989,0.7093946457344316,0,-33.723897640068884
geometry_control,87,29,9,45,1.4649057848561882,1023.1846519849528,-38.43464799396505,0.6084563571400131,0.7093946457344316,0,-4.712251959803972
geometry_control,87,30,10,39,1.4846562309528195,555.1021519474314,-81.1731756702023,0.48485653159475295,0.7093946457344316,0,-21.081584641599594
geometry_control,87,31,10,45,1.3124207731305897,-351.99405453104805,-144.83814043216208,0.44849537938950745,0.7093946457344316,0,-104.73411068284172
geometry_control,87,32,10,46,1.3622249107774889,614.1213597578832,-82.30489276134216,0.6544153189546176,0.7093946457344316,0,-75.28487871272247
geometry_control,87,33,11,40,1.3865241578003549,1243.9724467871765,-44.62520156761123,0.8244934237567312,0.7093946457344316,1,-29.645623574604357
geometry_control,87,34,11,46,1.4553593526262998,1420.6054685968738,-0.007796870576167597,0.9618715521486686,0.7093946457344316,1,31.145080897476987
geometry_control,87,35,11,47,1.4155227999913744,1227.9454007476133,-47.856306705261225,0.9129687113761566,0.7093946457344316,1,-5.314749840116477
geometry_control,87,36,12,47,1.3996420402550005,1304.879928730621,26.463305149918444,0.8328130592330483,0.7093946457344316,1,-18.060294898976508
geometry_control,87,37,12,48,1.3657089917376073,870.3405256951035,-24.24701949332888,0.6927157539699775,0.7093946457344316,0,-13.159123286853237
geometry_control,87,38,12,53,1.5380460693438465,1040.9596562488819,0.42263353672787085,0.8768164807828657,0.7093946457344316,1,38.81471630322959
geometry_control,87,39,13,42,1.462357812081196,1564.2495200944509,-25.13644734827163,0.8140711339002508,0.7093946457344316,1,48.89583351632332
geometry_control,87,40,13,48,1.4461009675450496,1295.320458296389,8.537923765905175,0.6799936887807507,0.7093946457344316,0,41.55314246445289
geometry_control,87,41,13,49,1.430861054826249,1146.5222028299863,-13.100207125141313,0.731854197237007,0.7093946457344316,1,41.10730444075918
geometry_control,87,42,14,43,1.4603777555527169,1264.6699384960175,-15.379303784255137,0.694538935925737,0.7093946457344316,0,47.044349024835086
geometry_control,87,43,14,49,1.4527701995036983,1019.5802353151499,-10.802034162569855,0.6073825817913995,0.7093946457344316,0,58.40807361673582
geometry_control,87,44,14,50,1.3430583377270968,458.52806169717,-14.53041676057655,0.6534027263128925,0.7093946457344316,0,-36.6800276327541
geometry_control,87,45,15,44,1.3918675649653125,1160.9898897288754,4.35097977840595,0.7557059309011727,0.7093946457344316,1,-24.474986551836796
geometry_control,87,46,15,50,1.467745393793857,1062.39734569203,-31.31106343413123,0.8168750527588637,0.7093946457344316,1,7.481944712974055
geometry_control,87,47,15,51,1.434333310799874,1136.3452391620078,-46.503941968290626,0.7931121426271901,0.7093946457344316,1,20.86757249312612
geometry_control,87,48,16,45,1.4543285937440267,990.8939305895263,19.725059198793303,0.5359659656792595,0.7093946457344316,0,-32.27142395710182
geometry_control,87,49,16,51,1.511589303080954,481.91809391770613,-11.51435592495296,0.6270035020548627,0.7093946457344316,0,-25.38593427494926
geometry_control,87,50,16,52,1.3693699110016269,756.6624153004371,6.764495722291121,0.5361303973928861,0.7093946457344316,0,-37.44827191601167
geometry_control,87,51,17,46,1.492496337688496,1171.273105655639,53.54018089210579,0.8465924766629576,0.7093946457344316,1,32.99863894616213
geometry_control,87,52,17,52,1.4611812058094016,1264.077890125756,-8.40638653850603,0.6408369688114741,0.7093946457344316,0,34.67127502768589
geometry_control,87,53,17,53,1.4322073830760726,1312.3803265371089,-20.385914489264003,0.841693057440263,0.7093946457344316,1,68.32455923371829
geometry_control,87,54,18,53,1.3742515299411462,994.6647443032348,16.491190267127358,0.8340446133187602,0.7093946457344316,1,115.95826444509667
geometry_control,87,55,18,54,1.4435241264441347,1546.2641418800943,-50.72083358207592,0.7344865549729369,0.7093946457344316,1,42.189838503902294
geometry_control,87,56,18,59,1.4506459026972989,1343.523429550546,26.94788893581022,0.8164180706166642,0.7093946457344316,1,58.35439625498677
geometry_control,87,57,19,48,1.4151356874045458,1108.880955186974,-38.81217747165601,0.6189623958387468,0.7093946457344316,0,12.646422772820742
geometry_control,87,58,19,54,1.501620507918092,797.0817727186671,16.854240356568603,0.7035050643058116,0.7093946457344316,0,2.9095073095301345
geometry_control,87,59,19,55,1.4622154539846681,1244.9181481773094,-36.63080165591152,0.6528995283578665,0.7093946457344316,0,14.606202731486768
geometry_control,87,60,20,49,1.4470983083497728,1413.578284521193,-2.31437004262473,0.5520648586106376,0.7093946457344316,0,12.904337521653552
geometry_control,87,61,20,55,1.4348392874094296,1240.0799535940266,-10.395138311734616,0.5341414826735009,0.7093946457344316,0,-10.977037878323756
geometry_control,87,62,20,56,1.3980298678995853,1287.0174366712902,31.767767393077143,0.7054661206374564,0.7093946457344316,0,-1.7293567908346716
geometry_control,87,63,21,50,1.480038198412267,821.0255087882867,-28.92837950714764,0.6684490299119735,0.7093946457344316,0,-6.965141268120256
geometry_control,87,64,21,56,1.406470147800349,1171.2131099808355,1.9388267292848456,0.7758301474172994,0.7093946457344316,1,11.273417015352521
geometry_control,87,65,21,57,1.4513493970900073,1097.8044128632846,-0.16294611176563034,0.5065033190329868,0.7093946457344316,0,-51.874731382238245
geometry_control,87,66,22,51,1.304118562534494,-654.5065711186134,-172.55228392976753,0.5122751922649794,0.7093946457344316,0,-54.28984703770422
geometry_control,87,67,22,57,1.4325845952428513,899.8146179321346,-2.0145263087726835,0.3740923915176664,0.7093946457344316,0,10.325153528270022
geometry_control,87,68,22,58,1.351405525092858,471.47199806815263,-18.447569393521988,0.22223726065359564,0.7093946457344316,0,-90.75661293236578
geometry_control,87,69,23,52,1.3966764378722314,1117.7777957819992,-5.522540539275658,0.4363104772447122,0.7093946457344316,0,25.845670219562024
geometry_control,87,70,23,58,1.538821244205001,168.00816071776558,-81.53158890079129,0.23714565029530488,0.7093946457344316,0,-51.29530215924195
geometry_control,87,71,23,59,1.4943554870222482,991.1822738891527,-12.188078358332689,0.6195400231714049,0.7093946457344316,0,23.359198338960027
geometry_control,87,72,24,59,1.3511986435958705,949.079233040473,35.17118680184911,0.7251615762469186,0.7093946457344316,1,-23.428541367849416
geometry_control,87,73,24,60,1.4450824295020779,1120.946420139529,36.012531705159965,0.7720677406139906,0.7093946457344316,1,30.283900941819233
geometry_control,87,74,24,65,1.4546553701221627,1188.7243310787453,26.004653867039103,0.6207671909167312,0.7093946457344316,0,5.797244485548106
geometry_control,87,75,25,54,1.3800260859345534,999.3965657003346,4.416161032949353,0.6494885450850885,0.7093946457344316,0,-74.27883868525846
geometry_control,87,76,25,60,1.5257754507360446,141.85691982961325,-20.116447692813008,0.7783262250958878,0.7093946457344316,1,-41.28464184584925
geometry_control,87,77,25,61,1.4323922582098096,1065.6209710380108,-3.361853848836376,0.714229009680935,0.7093946457344316,1,-28.66506782643495
geometry_control,87,78,26,55,1.4313492214582324,987.0151571011662,-49.725456581175976,0.624501744425312,0.7093946457344316,0,-16.57982234764836
geometry_control,87,79,26,61,1.4191169193758841,1074.491116127438,-35.97012921245893,0.7398477449691037,0.7093946457344316,1,-9.351834861436188
geometry_control,87,80,26,62,1.4246237166926345,1150.9140532346585,-52.24997068181264,0.5999891719957631,0.7093946457344316,0,12.062164525692197
geometry_control,87,81,27,56,1.4147547213509504,921.7020989395057,-3.9602822696848117,0.8093292863592323,0.7093946457344316,1,7.2342099732451075
geometry_control,87,82,27,62,1.4156506977505219,1005.4669469259208,4.001748621728362,0.6134920759657279,0.7093946457344316,0,-49.30996215254999
geometry_control,87,83,27,63,1.47643642237516,873.1698263476547,-22.46410533375045,0.5863134547826699,0.7093946457344316,0,-53.21146999088224
geometry_control,87,84,28,57,1.4374450544790984,1006.3538216935888,-1.9691336049491477,0.5653869429071632,0.7093946457344316,0,-35.03502232595996
geometry_control,87,85,28,63,1.427857474851477,1168.8518292083895,19.17649603426604,0.6116979397149134,0.7093946457344316,0,-43.23746875320297
geometry_control,87,86,28,64,1.351370440619685,491.33632205103595,-7.9409151312651565,0.5304564590543122,0.7093946457344316,0,-87.65144068291882
geometry_control,87,87,29,58,1.3905887970053608,1003.2696995199382,-53.91357917384261,0.2752606687034645,0.7093946457344316,0,-42.2351238699829
geometry_control,87,88,29,64,1.3387085669800558,246.5121617434486,-11.63693038682879,0.3921853157146842,0.7093946457344316,0,-81.90594661444126
geometry_control,87,89,29,65,1.4033558024208292,1008.9501805063452,9.671434335705605,0.5532606562493771,0.7093946457344316,0,-33.2637054822714
geometry_control,87,90,30,65,1.4643338105796446,927.7906983945613,-34.76360665594228,0.5400588092356753,0.7093946457344316,0,-81.39736328472338
geometry_control,87,91,30,66,1.3840306447836694,877.4391977586829,-42.05107879987943,0.6783973226360897,0.7093946457344316,0,-86.11281659095744
geometry_control,87,92,30,71,1.3887446216603396,910.69921316627,-10.3182941887945,0.434981641845934,0.7093946457344316,0,-130.58779290153956
geometry_control,87,93,31,60,1.3704026547479773,1137.2924453830542,-7.00632538914616,0.7669844284746798,0.7093946457344316,1,-7.2041434794980574
geometry_control,87,94,31,66,1.4611229673749808,938.4901463641793,-19.779843683145014,0.7540223921778346,0.7093946457344316,1,-7.2391758756042925
geometry_control,87,95,31,67,1.4261998788561028,1103.0881337721742,-25.343288734078623,0.6863865753530558,0.7093946457344316,0,-12.622706936343668
geometry_control,87,96,32,61,1.3834886069848509,844.9551455062983,-42.362408790241176,0.8081860683453953,0.7093946457344316,1,-41.26269913066703
geometry_control,87,97,32,67,1.403887979546066,1077.4020838674905,-17.05853035680413,0.7916854306387241,0.7093946457344316,1,-31.635508124870764
geometry_control,87,98,32,68,1.4029705444617766,1131.524289683715,-49.88999528152509,0.9673171265425242,0.7093946457344316,1,11.498177891581847
geometry_control,87,99,33,62,1.5182578937935352,297.5498636215733,-70.34595817912032,0.5458710731397575,0.7093946457344316,0,20.43609165437509
geometry_control,87,100,33,68,1.411302100465413,1186.2737922052088,-13.613643599342993,0.844860704310227,0.7093946457344316,1,-45.437202524509345
geometry_control,87,101,33,69,1.4444121611652234,1173.387316787514,-45.208665933426374,0.5677140190574317,0.7093946457344316,0,-27.383200658546034
geometry_control,87,102,34,63,1.395341019768232,1081.3005825075863,0.7076324453264491,0.4319331051391392,0.7093946457344316,0,-34.887195352914645
geometry_control,87,103,34,69,1.4204610811438707,1056.8978575114081,-7.122704703800054,0.48095467223987126,0.7093946457344316,0,-37.957477124440715
geometry_control,87,104,34,70,1.3794986411913712,949.2296076346754,-14.000791477382718,0.5596658841187955,0.7093946457344316,0,-12.756157449938986
geometry_control,87,105,35,64,1.5126237297240805,581.7911754314567,-92.81591078739362,0.4263674029870378,0.7093946457344316,0,22.466707123014146
geometry_control,87,106,35,70,1.474783178548835,966.5723380179436,-18.942174810635485,0.6353416626272952,0.7093946457344316,0,19.79515146946043
geometry_control,87,107,35,71,1.4561092613033069,856.2372672620884,-48.33666954747047,0.4823655761319894,0.7093946457344316,0,29.36703744823003
geometry_control,272,0,0,36,1.4766867076248007,866.5590683567858,-23.550834508425144,0.29299083533605985,0.7116076701000662,0,7.784139090122586
geometry_control,272,1,0,41,1.462651921041856,759.0523425860658,21.20298507978572,0.4648797575291602,0.7116076701000662,0,29.66688608298901
geometry_control,272,2,0,71,1.4586504185074207,896.5548293633459,-6.879490463853017,0.4031102715892867,0.7116076701000662,0,49.85101034854974
geometry_control,272,3,1,36,1.3644063362164927,316.3837198043118,9.002228307812224,0.24938287487261415,0.7116076701000662,0,-62.150442824967755
geometry_control,272,4,1,37,1.3618611546599386,525.1065000249613,42.87839197101796,0.27449110954216105,0.7116076701000662,0,20.69445784617747
geometry_control,272,5,1,66,1.3603401314695862,504.0591499505873,17.803170265377076,0.45902972877080744,0.7116076701000662,0,-36.36153710382121
geometry_control,272,6,2,37,1.493951967153799,518.6805779648615,-20.231535161727535,0.3267999158812136,0.7116076701000662,0,-7.178354122079995
geometry_control,272,7,2,38,1.5491541956850376,-318.6366212365721,-10.058512019788884,0.6034032587244536,0.7116076701000662,0,15.403839677732236
geometry_control,272,8,2,67,1.38526827942146,830.9273839552833,23.241174280289314,0.5534894852431368,0.7116076701000662,0,33.34384362581847
geometry_control,272,9,3,38,1.4032111019427984,1064.6905722857528,36.4786584652258,0.753053369840351,0.7116076701000662,1,0.4849789915427607
geometry_control,272,10,3,39,1.402975172531453,861.8275798339091,9.98179929434962,0.6437513833482471,0.7116076701000662,0,-42.28175228910356
geometry_control,272,11,3,68,1.4423791672354365,914.712499158506,13.8694318686935,0.5772863899675371,0.7116076701000662,0,-106.48016955582293
geometry_control,272,12,4,39,1.4408944264448333,831.9858318386704,-2.2659350346753704,0.632320510773329,0.7116076701000662,0,-35.85847049720453
geometry_control,272,13,4,40,1.4187015004453882,899.1079513667248,-21.132181519611834,0.6240574120781464,0.7116076701000662,0,-75.6011830188264
geometry_control,272,14,4,69,1.384312587588118,863.1157519510513,-30.03987776406436,0.6879674207411569,0.7116076701000662,0,-55.32752033728234
geometry_control,272,15,5,40,1.49026927874541,668.7319212302301,-10.19162773037844,0.5307143558259986,0.7116076701000662,0,-69.35037032375163
geometry_control,272,16,5,41,1.372974195950072,577.2077589362511,-15.270710442157268,0.5184567856935984,0.7116076701000662,0,-96.6443938705946
geometry_control,272,17,5,70,1.3872883397074307,1007.5230198631002,-17.125256376463746,0.48532451701736845,0.7116076701000662,0,-42.700777605899624
geometry_control,272,18,6,41,1.3477299219224605,263.72321408443963,11.823056142565292,0.418647537715167,0.7116076701000662,0,-86.86242681648184
geometry_control,272,19,6,42,1.389902901005301,992.5463268151128,39.69091680613514,0.480905980448813,0.7116076701000662,0,-41.29256394264284
geometry_control,272,20,6,47,1.551763549968447,-350.77091216632067,-97.2215240311535,0.3619472761743996,0.7116076701000662,0,-51.83880906444097
geometry_control,272,21,7,36,1.433784347960974,963.630338750188,-18.679314572491716,0.3266417462819557,0.7116076701000662,0,-99.14721215689883
geometry_control,272,22,7,42,1.4503332379724438,1115.2680694597937,30.966036353162433,0.560789111208702,0.7116076701000662,0,-35.03297568855193
geometry_control,272,23,7,43,1.4239893224496025,995.4341731521415,-22.038653404688148,0.48661218825586783,0.7116076701000662,0,-71.50812854775766
geometry_control,272,24,8,37,1.457107097895644,789.1288950510893,-30.16980148552091,0.2664922807513419,0.7116076701000662,0,-113.11695474255379
geometry_control,272,25,8,43,1.338532222971929,148.00068971969438,-27.69815273157931,0.4013544880557072,0.7116076701000662,0,-165.44142573247328
geometry_control,272,26,8,44,1.403193470375803,954.7779108556347,32.092185436572635,0.4770843505120302,0.7116076701000662,0,-97.72104397544535
geometry_control,272,27,9,38,1.4788021131006228,873.3510527098861,-6.179953004967931,0.7836698738821659,0.7116076701000662,1,46.772826921263736
geometry_control,272,28,9,44,1.4186879561815673,1016.537249018187,19.768382323004875,0.7176586007996142,0.7116076701000662,1,-17.297099407334088
geometry_control,272,29,9,45,1.3756702140951726,906.1865319679443,29.630702141128,0.7497685485889701,0.7116076701000662,1,-55.23813115789314
geometry_control,272,30,10,39,1.346076787489453,393.7925402780625,15.453472964149256,0.5729826471577093,0.7116076701000662,0,-109.82611565440152
geometry_control,272,31,10,45,1.4390088006094772,1033.1797974910346,-1.9764752141629114,0.6483833083566174,0.7116076701000662,0,-53.56072401855131
geometry_control,272,32,10,46,1.4414331395645763,916.9830727868563,-11.541320898879059,0.5250267288432595,0.7116076701000662,0,-15.12716625267889
geometry_control,272,33,11,40,1.3856876293032672,724.9571923787765,-37.276372311448526,0.7050906736920424,0.7116076701000662,0,-50.70104523280071
geometry_control,272,34,11,46,1.4371140951821166,1071.928327634883,2.1218664121860145,0.6653978540727751,0.7116076701000662,0,-11.064547322491855
geometry_control,272,35,11,47,1.385972130537111,1088.1719295302385,21.026737224313642,0.6361328420188749,0.7116076701000662,0,30.29020837416443
geometry_control,272,36,12,47,1.3243803896935384,-11.580256807251722,-38.540101272863964,0.4450906047129002,0.7116076701000662,0,-91.01539700039677
geometry_control,272,37,12,48,1.4148592788738539,1081.4203957521972,18.565944271393548,0.5740391941677568,0.7116076701000662,0,-18.863675606062017
geometry_control,272,38,12,53,1.534564704014107,-67.08279813610163,-59.12255979997225,0.47688963080554203,0.7116076701000662,0,16.1087341877572
geometry_control,272,39,13,42,1.4850817981726074,714.2657508591418,-37.573835883989574,0.5918979695711057,0.7116076701000662,0,66.40793432764434
geometry_control,272,40,13,48,1.477774043800502,828.8481637750277,25.3043668572625,0.6018878547515489,0.7116076701000662,0,88.2036475835722
geometry_control,272,41,13,49,1.4849809858129632,720.8525383476639,-22.036404761777213,0.6756113613352589,0.7116076701000662,0,129.32951310010745
geometry_control,272,42,14,43,1.4054046136215852,891.6025767669493,-8.480667551292997,0.48067500098333604,0.7116076701000662,0,-114.79771249880542
geometry_control,272,43,14,49,1.387308218671589,983.2860486221886,-2.9977950850373114,0.6385653157003234,0.7116076701000662,0,-37.71807759095492
geometry_control,272,44,14,50,1.3800698352592329,774.0302553550197,17.09047981511312,0.5325730371848925,0.7116076701000662,0,-100.66663410117164
geometry_control,272,45,15,44,1.4509657780127374,945.4888590274961,18.549032677537536,0.6791565718158574,0.7116076701000662,0,-40.75161616333355
geometry_control,272,46,15,50,1.4103893409056214,947.9327115174092,4.451949844179602,0.6553247455610909,0.7116076701000662,0,-52.26442887770709
geometry_control,272,47,15,51,1.415163566132608,842.532868664454,-12.371725568789481,0.635000444651697,0.7116076701000662,0,-58.21040402437049
geometry_control,272,48,16,45,1.4553410877107664,895.2412931211064,-8.700139628023525,0.7138969449981325,0.7116076701000662,1,-37.10998638901959
geometry_control,272,49,16,51,1.478147050396681,666.2354371548261,-27.69345504576074,0.6376308700446162,0.7116076701000662,0,-58.09748196901474
geometry_control,272,50,16,52,1.338875705760634,269.4305288997703,1.4958885147166034,0.6546701641122024,0.7116076701000662,0,-96.08651241372573
geometry_control,272,51,17,46,1.4779844641800706,825.5540478878206,0.3391946824592221,0.636295229509332,0.7116076701000662,0,-6.447564740724303
geometry_control,272,52,17,52,1.4284121325737922,808.1338690171788,14.274878862275575,0.7004250281367599,0.7116076701000662,0,44.04314329614484
geometry_control,272,53,17,53,1.5076829518003587,457.89343290885313,-0.43995626378622726,0.6388292435480738,0.7116076701000662,0,31.36149210274413
geometry_control,272,54,18,53,1.3915936892307803,690.1440228943022,-36.258275260703144,0.44992986916162436,0.7116076701000662,0,59.48987853187028
geometry_control,272,55,18,54,1.394643313107746,737.0561182386591,-4.017995312850986,0.4756008708456022,0.7116076701000662,0,-100.01447150371541
geometry_control,272,56,18,59,1.3586227970904872,462.3374060724528,13.510869934971907,0.4785506698001817,0.7116076701000662,0,-101.55744446854186
geometry_control,272,57,19,48,1.3976960556860405,1080.9663464658875,39.77117581394607,0.6521600775729155,0.7116076701000662,0,-43.15288372626279
geometry_control,272,58,19,54,1.4239075116319166,1157.3001053265855,26.247616576514883,0.5806815158946785,0.7116076701000662,0,-84.29211069200332
geometry_control,272,59,19,55,1.4400350590993476,1027.2328452980464,-4.834425982461657,0.5808501716622723,0.7116076701000662,0,-58.4734947678965
geometry_control,272,60,20,49,1.4482786101286846,1052.1114672557371,30.653782801695716,0.7081902445295294,0.7116076701000662,0,18.27769720435287
geometry_control,272,61,20,55,1.442694036782343,914.1187794162745,-1.0912975242875143,0.5631568320351763,0.7116076701000662,0,-12.73044909948609
geometry_control,272,62,20,56,1.4642188229377462,992.1891356100924,20.19120363799846,0.5390522589646655,0.7116076701000662,0,40.62975243012276
geometry_control,272,63,21,50,1.4696635184766897,683.1299293496031,21.406919773298203,0.6454975188357464,0.7116076701000662,0,-18.876291452262905
geometry_control,272,64,21,56,1.4854727850361757,617.1279597625494,4.400196560597114,0.5823518117863132,0.7116076701000662,0,17.12465231225577
geometry_control,272,65,21,57,1.4539879598120944,1014.5080163180733,2.10186536807658,0.4967672074015988,0.7116076701000662,0,-42.137905006847056
geometry_control,272,66,22,51,1.3729434134323442,646.2280807099261,-16.89400356704386,0.42507565137828834,0.7116076701000662,0,-62.5442582262607
geometry_control,272,67,22,57,1.5679932541893589,-778.7612119765253,-70.18393234190798,0.2966696408535347,0.7116076701000662,0,4.289043441386646
geometry_control,272,68,22,58,1.38302118373268,730.5825040829593,-12.561634096088296,0.4089765576416022,0.7116076701000662,0,-57.30197213781961
geometry_control,272,69,23,52,1.391189939517858,836.9499846549478,-24.71941408577176,0.6177352248630971,0.7116076701000662,0,-71.12362571603987
geometry_control,272,70,23,58,1.4192921902412998,990.7824704625623,-32.36098431751793,0.5845968370588248,0.7116076701000662,0,-91.98490349341522
geometry_control,272,71,23,59,1.4597590797694635,921.7977681407009,-34.79886884005011,0.5847602409129683,0.7116076701000662,0,-84.85741745891451
geometry_control,272,72,24,59,1.365370790663242,544.006153835231,-45.18125456686984,0.5149137534667565,0.7116076701000662,0,-119.15333632875826
geometry_control,272,73,24,60,1.4179637344998497,884.8118800683075,1.0642686758764748,0.5400998940955681,0.7116076701000662,0,-81.81282361491267
geometry_control,272,74,24,65,1.36922978134322,556.1443391159607,-23.79691728714823,0.6523220725122647,0.7116076701000662,0,-26.573376362304227
geometry_control,272,75,25,54,1.3952894014603732,898.9145004397483,2.7968803559490185,0.558617461699872,0.7116076701000662,0,-77.82411980960968
geometry_control,272,76,25,60,1.4210088577294262,891.3570388532726,-1.7810853048354276,0.5867534012832633,0.7116076701000662,0,-72.19895644707395
geometry_control,272,77,25,61,1.411259329516806,864.8458634128037,17.92374140231541,0.7061360968840957,0.7116076701000662,0,-81.42633807085433
geometry_control,272,78,26,55,1.3453568607620479,358.20803917667064,-31.604134629520622,0.7208642050122827,0.7116076701000662,1,-102.32529124992027
geometry_control,272,79,26,61,1.4699745602948722,1196.4439455656795,-12.708088044876412,0.8682141844289126,0.7116076701000662,1,-68.66666586118313
geometry_control,272,80,26,62,1.4579003484252144,966.7377771876683,1.7879500324185418,0.7106880982741682,0.7116076701000662,0,-24.93182056433023
geometry_control,272,81,27,56,1.3337586425438286,182.99816918658357,-23.37922098115952,0.49446609340329745,0.7116076701000662,0,-130.0087253045174
geometry_control,272,82,27,62,1.4035874269051787,907.551655224144,8.456450067050962,0.5083945597356938,0.7116076701000662,0,-48.98012682043503
geometry_control,272,83,27,63,1.4762188857051446,785.502828240605,-5.217428792488796,0.5883431269487625,0.7116076701000662,0,-66.49957922533147
geometry_control,272,84,28,57,1.4357755617954269,820.7181263633119,8.745034508161043,0.45785872053362875,0.7116076701000662,0,53.854072658575525
geometry_control,272,85,28,63,1.3499044339325905,479.93411553540756,11.827886800587786,0.6373203584638083,0.7116076701000662,0,-102.39950323232136
geometry_control,272,86,28,64,1.421627486482463,1091.568193231807,11.10739906003957,0.7008564992810647,0.7116076701000662,0,-7.869357966319917
geometry_control,272,87,29,58,1.5045118114186533,382.3627784580263,-34.45560458139331,0.5226455473714817,0.7116076701000662,0,-30.355877149395695
geometry_control,272,88,29,64,1.3839240027024111,1009.8514511380831,-12.741909629782555,0.6533364093308502,0.7116076701000662,0,-19.215089537603696
geometry_control,272,89,29,65,1.4539765386392123,942.6788709668166,-36.32478157010731,0.6602172702711334,0.7116076701000662,0,-19.679889042726998
geometry_control,272,90,30,65,1.5042504418341427,396.9752799557598,0.582286976278365,0.7244043537912814,0.7116076701000662,1,-15.558708898489328
geometry_control,272,91,30,66,1.4138807909858728,1327.6680152854713,-17.919827938602612,0.6210344012604343,0.7116076701000662,0,-79.61113084174802
geometry_control,272,92,30,71,1.355870100229959,332.53907383597505,-18.02676895413543,0.521506983615468,0.7116076701000662,0,-73.98312922698673
geometry_control,272,93,31,60,1.4000056889859762,1064.8465150732895,-2.3717085916677045,0.5553315595815272,0.7116076701000662,0,-80.29130268586906
geometry_control,272,94,31,66,1.4742061863240825,849.8412194347954,17.668635696351096,0.5641837854673768,0.7116076701000662,0,-66.82890519510843
geometry_control,272,95,31,67,1.4263174698451468,815.7349638010444,5.650194776085686,0.6063347356006535,0.7116076701000662,0,-60.28816974813617
geometry_control,272,96,32,61,1.3884939277158599,966.1568811483627,12.45016675190418,0.7580891500056152,0.7116076701000662,1,-61.51317701493727
geometry_control,272,97,32,67,1.3642134435966382,639.9137516377336,-8.511961415663668,0.689709630423909,0.7116076701000662,0,-102.44275752730732
geometry_control,272,98,32,68,1.4262752838465955,998.2877017083897,-4.994162389301924,0.5638564240324119,0.7116076701000662,0,-134.24276742508977
geometry_control,272,99,33,62,1.3957307147678037,778.1059694248012,-22.01858665457818,0.6269674900973836,0.7116076701000662,0,-48.48757509463263
geometry_control,272,100,33,68,1.355483403622705,499.5696656741198,-16.514668409228026,0.5902608502789247,0.7116076701000662,0,-144.00640466911324
geometry_control,272,101,33,69,1.4331020702380592,887.6174947679215,-46.16048771432205,0.7123727536274627,0.7116076701000662,1,-32.10012035566869
geometry_control,272,102,34,63,1.4199233841777372,990.6970781753313,-5.28297720077736,0.6485753743886083,0.7116076701000662,0,-23.600223992098435
geometry_control,272,103,34,69,1.4929114954212035,694.4903875035599,-5.499071567012667,0.6540320707056186,0.7116076701000662,0,-15.564526973654303
geometry_control,272,104,34,70,1.487815870981913,562.9607113908353,-22.649904205034613,0.5447322232339781,0.7116076701000662,0,5.272564997824638
geometry_control,272,105,35,64,1.4795904948901761,684.4639930814044,-13.652146804378779,0.6623856174686468,0.7116076701000662,0,-7.733762294566738
geometry_control,272,106,35,70,1.4772933388401066,674.4475373163397,-12.311832664351797,0.49500632549676005,0.7116076701000662,0,-23.10829509562481
geometry_control,272,107,35,71,1.3555789982095914,378.6202107837192,12.268309346081141,0.46636910823311656,0.7116076701000662,0,-54.19801423899533
geometry_control,216,0,0,36,1.577275804620516,-839.8423938022395,-95.49614883099825,0.24754516864635323,0.7161819468084722,0,77.6793581981648
geometry_control,216,1,0,41,1.2890980976895718,-1096.3794444328075,-136.34958203574996,0.22401214053714186,0.7161819468084722,0,-122.28986635050313
geometry_control,216,2,0,71,1.4647945168876988,740.976015816319,55.679134438426814,0.28853661423978055,0.7161819468084722,0,4.887095132090558
geometry_control,216,3,1,36,1.4160139612200675,1263.4890779031496,45.10960316345979,0.6283568142049346,0.7161819468084722,0,27.801279894391996
geometry_control,216,4,1,37,1.4728761922176914,992.7348217393563,50.150708501076046,0.703038004619163,0.7161819468084722,0,-18.130957500146117
geometry_control,216,5,1,66,1.3605362235755984,365.1962797113084,5.600259616612243,0.7569631308904599,0.7161819468084722,1,-53.71681036837915
geometry_control,216,6,2,37,1.4592216142594043,1631.0129989876616,156.84817029672772,0.9735728776445378,0.7161819468084722,1,69.28251919083135
geometry_control,216,7,2,38,1.507203274900311,1754.5875855264744,111.81644885193442,1.1565873470450185,0.7161819468084722,1,104.17792737792121
geometry_control,216,8,2,67,1.2975200124296349,-1130.4331838700646,82.62437454917699,1.269367173642335,0.7161819468084722,1,8.656516258702844
geometry_control,216,9,3,38,1.4079689039625443,1161.1273819414664,31.52301258270322,0.7426954241595938,0.7161819468084722,1,23.50885319617052
geometry_control,216,10,3,39,1.3642450617389035,523.9135032422389,-27.02144442370083,0.5722237613716368,0.7161819468084722,0,-72.90726641407974
geometry_control,216,11,3,68,1.414905891413333,893.6114138989235,31.10365713058786,0.5181276782685377,0.7161819468084722,0,-45.52742632672753
geometry_control,216,12,4,39,1.4933992160044904,438.5079680769803,6.5734689049143995,0.5991754189215999,0.7161819468084722,0,6.582437377286773
geometry_control,216,13,4,40,1.45271493499573,787.6532256382895,24.818617579630207,0.577107760478243,0.7161819468084722,0,-2.329260735118879
geometry_control,216,14,4,69,1.4438505873422611,754.9781969105987,-36.36370455417629,0.5352714309770101,0.7161819468084722,0,-2.21749994059077
geometry_control,216,15,5,40,1.3921728906281472,761.459054177068,52.37212231987148,0.5625463626948878,0.7161819468084722,0,-66.94391970740845
geometry_control,216,16,5,41,1.5296114121029891,-100.87201677154268,-32.59246037523644,0.47385699600228126,0.7161819468084722,0,10.301900016410734
geometry_control,216,17,5,70,1.3825808275558156,918.2937930362443,88.83121325734682,0.5095795719402569,0.7161819468084722,0,-70.88694007837043
geometry_control,216,18,6,41,1.423132327420138,767.6298325397378,35.08023785869703,0.622722213709437,0.7161819468084722,0,-10.235552968134787
geometry_control,216,19,6,42,1.4596861848220046,931.2181185528368,21.748566379172743,0.6250574479532347,0.7161819468084722,0,-35.992570034560046
geometry_control,216,20,6,47,1.3632141461133056,821.3352464746828,77.82352714563332,0.7114302158769167,0.7161819468084722,0,-62.57588153626736
geometry_control,216,21,7,36,1.4422759271323056,906.7576989670579,10.397944909525567,0.6037600997352157,0.7161819468084722,0,52.33501183322776
geometry_control,216,22,7,42,1.4327698726872296,716.9924439340598,15.686679450647583,0.582562305869802,0.7161819468084722,0,-24.04701637776815
geometry_control,216,23,7,43,1.4034817949738767,1027.31024356957,12.387859318181292,0.6790528418071307,0.7161819468084722,0,-26.150982044912627
geometry_control,216,24,8,37,1.4099219172370374,968.2841053646317,-1.022277271964838,0.5142335550927299,0.7161819468084722,0,-17.924061769518666
geometry_control,216,25,8,43,1.4131269758793508,785.6722123345369,26.361075484085582,0.5148451067504166,0.7161819468084722,0,-12.751823267708911
geometry_control,216,26,8,44,1.4175956529199045,868.7897414145394,39.49040254399084,0.43366130665953456,0.7161819468084722,0,-17.574552132546014
geometry_control,216,27,9,38,1.475048152561588,537.2474133741839,38.781235159234164,0.7926207820833652,0.7161819468084722,1,16.24504496662987
geometry_control,216,28,9,44,1.4165655470942453,845.9416391621801,35.85762256010344,0.5290340642496891,0.7161819468084722,0,-33.33627926384496
geometry_control,216,29,9,45,1.38111574462722,595.264142353273,54.718036036411235,0.4915688937850595,0.7161819468084722,0,-50.400318058261995
geometry_control,216,30,10,39,1.4355025600125257,906.9356172048331,-2.9778207183709107,0.6045677522852454,0.7161819468084722,0,-13.473189912942459
geometry_control,216,31,10,45,1.4458382570973571,910.4894048304765,6.51286204927265,0.47398752677489664,0.7161819468084722,0,-46.955502947137305
geometry_control,216,32,10,46,1.4620664185905463,884.3808319071072,22.85331872723747,0.3198899855604549,0.7161819468084722,0,5.2085494154895144
geometry_control,216,33,11,40,1.364940565329184,392.82085977732896,42.48599743773959,0.5243675157970014,0.7161819468084722,0,-76.54535529715658
geometry_control,216,34,11,46,1.5165839400327854,245.73454354189457,55.4819923142158,0.26175740751556775,0.7161819468084722,0,-56.978835175053845
geometry_control,216,35,11,47,1.4296695245009674,976.030196876323,44.51969137671985,0.5243861512718745,0.7161819468084722,0,-55.437115532946336
geometry_control,216,36,12,47,1.4904949728267243,534.9626817387878,11.118996655325647,0.2896718593514079,0.7161819468084722,0,-7.83787555508723
geometry_control,216,37,12,48,1.4910748505732245,770.8199136520832,1.4476859473808932,0.3207875845929336,0.7161819468084722,0,37.60144337823578
geometry_control,216,38,12,53,1.322006901781384,-312.4279502795636,-65.39242229624153,0.18012383194799847,0.7161819468084722,0,-158.94584829301922
geometry_control,216,39,13,42,1.325010579016772,-203.96961062151973,45.21761257740731,0.4636500281210568,0.7161819468084722,0,-118.75489540546525
geometry_control,216,40,13,48,1.4368748353535499,652.6607938217008,6.690992799814395,0.5811385212862645,0.7161819468084722,0,2.7302597481311537
geometry_control,216,41,13,49,1.4510873865609957,881.3150819531279,-11.44881151517907,0.5241299314235734,0.7161819468084722,0,-79.05598079969718
geometry_control,216,42,14,43,1.5047239444935023,281.67659454741545,-22.937330140633332,0.5687026995042532,0.7161819468084722,0,-23.453220637563664
geometry_control,216,43,14,49,1.3408025662448015,146.12416508819015,30.343426815413455,0.532692066869441,0.7161819468084722,0,-124.99457833628955
geometry_control,216,44,14,50,1.3676291269066039,560.4063338569787,40.19028196357948,0.4899750321739328,0.7161819468084722,0,-92.74305999372565
geometry_control,216,45,15,44,1.4846075687210625,756.6891692978833,42.60436659655067,0.44821871657977735,0.7161819468084722,0,2.005168177067283
geometry_control,216,46,15,50,1.443658578140514,864.6294801522582,51.75471689472829,0.45067484934033897,0.7161819468084722,0,8.316241811014798
geometry_control,216,47,15,51,1.4597757206165831,798.4426675107014,44.6393243435213,0.4427532134772961,0.7161819468084722,0,19.95091499792948
geometry_control,216,48,16,45,1.4401800280397026,894.1940536865819,38.82116041162219,0.5558565724928202,0.7161819468084722,0,-27.6572334583461
geometry_control,216,49,16,51,1.3515439945251781,414.5248558679598,70.96237060239535,0.5878562398549686,0.7161819468084722,0,-81.15757485088326
geometry_control,216,50,16,52,1.432982620080033,888.3021905769115,43.67244269145583,0.6267477493392495,0.7161819468084722,0,-44.92979035543594
geometry_control,216,51,17,46,1.3268529852264972,-314.01397328951754,-17.565356292581324,0.4007855727931285,0.7161819468084722,0,-109.32697719721918
geometry_control,216,52,17,52,1.3823836321445238,597.7835883954767,51.47270972583044,0.6257742908539995,0.7161819468084722,0,-62.79038154664073
geometry_control,216,53,17,53,1.433471233834455,858.6816684704446,5.051380323830981,0.5538662891460258,0.7161819468084722,0,-76.3592306382413
geometry_control,216,54,18,53,1.422064918538509,737.4944391095563,-8.96340525058617,0.5472719901245419,0.7161819468084722,0,-13.608953548941692
geometry_control,216,55,18,54,1.4122537806525826,865.932528120997,23.36407931748656,0.6745331666992866,0.7161819468084722,0,-20.83330031221537
geometry_control,216,56,18,59,1.42534524428055,747.5765494364814,-0.247432486790369,0.6529030552906201,0.7161819468084722,0,-22.873125069348525
geometry_control,216,57,19,48,1.435249628239922,985.3492203558251,-1.3045109498982193,0.595819199745634,0.7161819468084722,0,-24.669078301152013
geometry_control,216,58,19,54,1.4452460901971826,700.4730483541705,0.9578678139988868,0.5824166236754437,0.7161819468084722,0,-15.01809617130403
geometry_control,216,59,19,55,1.4081554127934812,801.4502697006118,-14.895759038497808,0.5768786812754407,0.7161819468084722,0,6.881246252134318
geometry_control,216,60,20,49,1.3839126511078235,754.4816704001806,20.444597319955854,0.557081370055208,0.7161819468084722,0,-111.6109971996776
geometry_control,216,61,20,55,1.328730166662616,-101.22588260790305,45.85616600590623,0.5951494414477057,0.7161819468084722,0,-76.98272685297093
geometry_control,216,62,20,56,1.4528399698333176,832.4357997994279,30.2971699736448,0.5720938363942228,0.7161819468084722,0,-47.24420395420339
geometry_control,216,63,21,50,1.4166709885033284,875.5235680171309,27.061560735558114,0.6595322975207534,0.7161819468084722,0,-49.765659430705114
geometry_control,216,64,21,56,1.3690798072427395,606.0841500117501,45.303913866972756,0.7172617985552766,0.7161819468084722,1,-15.1623539366628
geometry_control,216,65,21,57,1.4201091098930139,852.2187981687042,34.46118962976831,0.6511557332552361,0.7161819468084722,0,1.1976173295101589
geometry_control,216,66,22,51,1.411291375937245,896.6099916839188,23.55727497173419,0.450270068753803,0.7161819468084722,0,-58.82690251838005
geometry_control,216,67,22,57,1.3951530858360013,1003.9372096408728,55.054029900829306,0.4498151403513287,0.7161819468084722,0,-45.875769154152366
geometry_control,216,68,22,58,1.4666477416369281,676.475624711371,25.621129156184004,0.43784179302209203,0.7161819468084722,0,-27.673861440055916
geometry_control,216,69,23,52,1.4802382019941545,537.0091418321856,18.119946873222734,0.5574473541501658,0.7161819468084722,0,-27.02823641894529
geometry_control,216,70,23,58,1.363137200322377,512.1729183768841,32.54160306332081,0.506127568934174,0.7161819468084722,0,-42.31432203171933
geometry_control,216,71,23,59,1.4783319680413913,562.4602105543914,7.319998685790647,0.5911704176082704,0.7161819468084722,0,18.38710526302765
geometry_control,216,72,24,59,1.4354676406810745,887.2557287997503,36.84051987523758,0.5868577906212988,0.7161819468084722,0,-28.06369874191951
geometry_control,216,73,24,60,1.3637752439792865,339.00609133674,75.11037831800422,0.5219486944294821,0.7161819468084722,0,-85.07735550370099
geometry_control,216,74,24,65,1.476967920978945,682.7219980913114,46.687540316271026,0.6905963290515331,0.7161819468084722,0,-3.1223969379978413
geometry_control,216,75,25,54,1.4576118459241731,857.7595820021255,43.90970229603296,0.6849045539624772,0.7161819468084722,0,-5.524279069223489
geometry_control,216,76,25,60,1.468517326280184,854.6308112724108,44.784033889254744,0.5983653463619939,0.7161819468084722,0,-39.116625558456604
geometry_control,216,77,25,61,1.366136215578689,749.2086141865072,74.18272352401458,0.8033980356380126,0.7161819468084722,1,-58.81213191223646
geometry_control,216,78,26,55,1.5444050623650332,-38.90981016382433,17.305566009469032,0.5953111066555246,0.7161819468084722,0,-10.798968962223704
geometry_control,216,79,26,61,1.3666804110947868,533.0538017272067,95.9914410861932,0.719342530731063,0.7161819468084722,1,-14.271231403989354
geometry_control,216,80,26,62,1.4482346183939956,915.4557651915254,29.867910426248905,0.5149231715718385,0.7161819468084722,0,-4.364737890201418
geometry_control,216,81,27,56,1.5262976824047014,158.31655457152604,32.03960723073877,0.507213223158028,0.7161819468084722,0,-12.1071801519989
geometry_control,216,82,27,62,1.4101758611419706,802.071032774862,-6.764875147561775,0.44988089312782487,0.7161819468084722,0,-9.640433760687412
geometry_control,216,83,27,63,1.3941862150148667,931.8761814547826,11.043104353244876,0.5444537447902219,0.7161819468084722,0,-36.919635598662765
geometry_control,216,84,28,57,1.497608512234469,592.9036988437999,19.087705151164776,0.5237953449696702,0.7161819468084722,0,21.91002984524892
geometry_control,216,85,28,63,1.5050343493788296,382.56994434671947,18.68461251494127,0.6271419319019046,0.7161819468084722,0,40.71665227143503
geometry_control,216,86,28,64,1.3079501719758195,-649.5377946959311,-81.86794209137757,0.454621279386903,0.7161819468084722,0,-72.74360034294989
geometry_control,216,87,29,58,1.4413644171515663,846.7334343843427,58.936081941289785,0.558829238293566,0.7161819468084722,0,-45.73358618392642
geometry_control,216,88,29,64,1.4081907252735553,892.8340566046696,22.720291931167395,0.5016285200400356,0.7161819468084722,0,-21.34435876557275
geometry_control,216,89,29,65,1.4033728902466456,931.046107140997,43.30166848490286,0.7476106253978967,0.7161819468084722,1,-56.40893698653647
geometry_control,216,90,30,65,1.4511988250990195,882.6644211269065,10.151574341684078,0.6303788394393572,0.7161819468084722,0,-32.10567716821771
geometry_control,216,91,30,66,1.4633674182113836,996.4132546142863,28.174754050444054,0.5939886058737112,0.7161819468084722,0,14.034961091817976
geometry_control,216,92,30,71,1.4335658716690638,843.4543475843296,5.222133168358189,0.5063737347816133,0.7161819468084722,0,-10.430835353850643
geometry_control,216,93,31,60,1.4253124355550992,1412.4546475813106,78.34457493279525,0.49024184981846475,0.7161819468084722,0,-27.390603816065664
geometry_control,216,94,31,66,1.5013226905776724,534.7915503396306,52.0087659298708,0.6224992508748697,0.7161819468084722,0,3.5070645545764094
geometry_control,216,95,31,67,1.4352041617944669,1058.357692163416,74.80714368330835,0.86436842060137,0.7161819468084722,1,57.93061074151823
geometry_control,216,96,32,61,1.4262160130017016,728.5898593646937,72.69106187650947,0.6654027391285124,0.7161819468084722,0,-2.5758701921970264
geometry_control,216,97,32,67,1.467449990091574,921.711838286824,78.1112166091858,0.834496620635399,0.7161819468084722,1,83.99783948930394
geometry_control,216,98,32,68,1.47085133967112,995.1990079557547,11.708817342755435,0.4971490481470262,0.7161819468084722,0,-5.151910807089102
geometry_control,216,99,33,62,1.4288366384297155,934.2045788861151,-15.19679907345252,0.48842322981999786,0.7161819468084722,0,-21.662529409416656
geometry_control,216,100,33,68,1.3685468599273598,639.5763276555144,18.680365669340905,0.524588897997736,0.7161819468084722,0,-61.84012270582362
geometry_control,216,101,33,69,1.432587791101703,775.9375805195348,-26.01179570741929,0.5147809931562454,0.7161819468084722,0,-28.01736528466988
geometry_control,216,102,34,63,1.4251606112228064,947.6448034047534,32.03767002217971,0.5721597469970894,0.7161819468084722,0,-12.618994881363541
geometry_control,216,103,34,69,1.391789022690215,772.121650385194,23.790363605218698,0.50394465867094,0.7161819468084722,0,-45.081560192527135
geometry_control,216,104,34,70,1.4382589714816956,867.2580173964797,2.249435686570142,0.49281419741754195,0.7161819468084722,0,-13.526837815059881
geometry_control,216,105,35,64,1.4410293412512245,919.4087221039305,1.9073977778435447,0.4091329507717961,0.7161819468084722,0,-44.926139718264224
geometry_control,216,106,35,70,1.486906636709671,561.5231764134578,-14.374464196362533,0.5023080537072502,0.7161819468084722,0,-33.17198197714589
geometry_control,216,107,35,71,1.3555066919424585,671.2309549833377,62.03454819927278,0.5311099514719133,0.7161819468084722,0,-88.93770473460512
geometry_control,99,0,0,36,1.3952778937924082,1270.9118841491043,28.89219917567261,0.875023169898582,0.7129824528579742,1,-8.027559240759619
geometry_control,99,1,0,41,1.4310879081560666,1408.2836250678215,54.85471525459148,0.9157700087946721,0.7129824528579742,1,5.075867078442052
geometry_control,99,2,0,71,1.4676574620062197,1039.8000428422445,22.044822301836195,0.9624820782570698,0.7129824528579742,1,19.128421189505275
geometry_control,99,3,1,36,1.4641297904183548,1055.737219137371,2.4823840757351516,0.5041727406146543,0.7129824528579742,0,-38.68258771830049
geometry_control,99,4,1,37,1.4871363416473544,777.5190368847334,-32.59222392919832,0.576558921911648,0.7129824528579742,0,10.071085148121966
geometry_control,99,5,1,66,1.3609596931199148,699.9097918928001,-61.92734488842852,0.422496507307914,0.7129824528579742,0,-48.26667006970683
geometry_control,99,6,2,37,1.4146969108198413,1122.3608577785442,3.960282069636889,0.8067972882450316,0.7129824528579742,1,-25.00030577808562
geometry_control,99,7,2,38,1.4285716894116385,1672.328901451306,102.48711027802295,1.0620374446215743,0.7129824528579742,1,48.94382717787603
geometry_control,99,8,2,67,1.4634277341083601,895.3349654356422,-32.100709381853335,0.78930649910134,0.7129824528579742,1,-19.304456694591067
geometry_control,99,9,3,38,1.4409808026597435,1359.3608902824242,73.72818768604819,1.0095223879036275,0.7129824528579742,1,69.0229839858371
geometry_control,99,10,3,39,1.4854526873123652,798.8578243253789,14.21535426658669,0.60352984508014,0.7129824528579742,0,4.206808029849967
geometry_control,99,11,3,68,1.3719424198585595,897.4137116652506,-18.894123193930746,0.7346165755038898,0.7129824528579742,1,-47.93961495349066
geometry_control,99,12,4,39,1.424306556894283,1223.540177832682,66.20878323693378,0.4737148848144817,0.7129824528579742,0,-24.136064163375767
geometry_control,99,13,4,40,1.4600560396758386,1266.4991327174112,45.513467433386104,0.6939049307447378,0.7129824528579742,0,-2.73312511865446
geometry_control,99,14,4,69,1.4320139647036425,1136.9343178069257,79.06073855440899,0.6252625554226063,0.7129824528579742,0,-6.393045290339533
geometry_control,99,15,5,40,1.421409255525466,1067.4168993907635,23.953652935981058,0.7246335197666836,0.7129824528579742,1,38.3932957762283
geometry_control,99,16,5,41,1.4199146660146196,1179.8777147519643,33.30845136017675,0.6235565178824688,0.7129824528579742,0,5.554302168223032
geometry_control,99,17,5,70,1.3444407768812543,615.314853139371,-104.02598597544102,0.5942681292552092,0.7129824528579742,0,8.728854493153893
geometry_control,99,18,6,41,1.4500041159604158,1239.7017165921134,44.254547815167165,0.6708084318526877,0.7129824528579742,0,-25.93528630302065
geometry_control,99,19,6,42,1.4041579268143196,1023.2152375672639,-27.027743695539673,0.6682178832199307,0.7129824528579742,0,-38.37506418558473
geometry_control,99,20,6,47,1.4641720040969162,1082.0748396766196,81.304517683773,0.7356911271996885,0.7129824528579742,1,-15.525665659186815
geometry_control,99,21,7,36,1.3504144157683418,736.4301862221234,-48.375830249942894,0.566016435801137,0.7129824528579742,0,-72.17680011023405
geometry_control,99,22,7,42,1.4612646778881322,902.6144283961887,-13.364029070611467,0.6041727260644703,0.7129824528579742,0,-38.372248287076815
geometry_control,99,23,7,43,1.412120526414277,1188.5048296728764,24.96057088486617,0.5813585172657081,0.7129824528579742,0,-35.756599711516344
geometry_control,99,24,8,37,1.4754766903237728,771.2323608670808,-45.14702455584249,0.6738144349548045,0.7129824528579742,0,-21.618713395889028
geometry_control,99,25,8,43,1.4314892480523784,1201.1768432034123,53.75159514426628,0.6167703351223819,0.7129824528579742,0,-16.08538928245104
geometry_control,99,26,8,44,1.38105814429307,939.9888343102726,1.1159113891670291,0.6433935945348982,0.7129824528579742,0,-56.27035874926743
geometry_control,99,27,9,38,1.5224653899941771,550.6882020560836,-6.953856375870093,1.0030684551758302,0.7129824528579742,1,69.09327176949793
geometry_control,99,28,9,44,1.369840121017628,914.5835773339039,-4.047690621910433,0.717407458379381,0.7129824528579742,1,-4.813505596235055
geometry_control,99,29,9,45,1.4170163676458452,1228.4303304779826,44.59525379089498,0.7692500154714577,0.7129824528579742,1,39.9520988612157
geometry_control,99,30,10,39,1.4336383690555357,1203.196865297012,25.402275159166432,0.49081578916732516,0.7129824528579742,0,-11.115014747999826
geometry_control,99,31,10,45,1.4353534344742422,1131.9293851392574,23.858907312555168,0.6629898922864403,0.7129824528579742,0,-17.973743966942134
geometry_control,99,32,10,46,1.4006738712048694,1158.054430144965,36.91938028749509,0.5694751454272503,0.7129824528579742,0,-18.14599191409087
geometry_control,99,33,11,40,1.4413507468315678,1189.5924852270205,52.60986536340734,0.7283367447701623,0.7129824528579742,1,10.988668192536114
geometry_control,99,34,11,46,1.3791743196122297,951.2260098995035,-7.72878393282006,0.5868060550998314,0.7129824528579742,0,-19.22543861065114
geometry_control,99,35,11,47,1.4117443059031591,1108.809544388652,38.63457806307992,0.6921424382329485,0.7129824528579742,0,-18.089455642280683
geometry_control,99,36,12,47,1.4495254302786742,1455.8294820491978,98.81106492098975,0.4811199125838645,0.7129824528579742,0,134.39812033637048
geometry_control,99,37,12,48,1.2704604035168754,-1802.2724179385505,-974.8657523759887,0.21533880901403624,0.7129824528579742,0,35.98096850588741
geometry_control,99,38,12,53,1.55333753754407,-273.7161560566091,-243.70134357610536,0.3198473403084717,0.7129824528579742,0,45.61666500461581
geometry_control,99,39,13,42,1.4319337157112662,1391.8957339279655,65.41840395242961,0.5830422783502573,0.7129824528579742,0,-51.26994300464071
geometry_control,99,40,13,48,1.4359386454988354,1108.7197109517147,33.198920944899534,0.384734418760187,0.7129824528579742,0,80.45185429050461
geometry_control,99,41,13,49,1.4628433409085704,917.9445580635473,4.55369866831834,0.5030956483100912,0.7129824528579742,0,-42.303584605115894
geometry_control,99,42,14,43,1.4240894280828373,1142.1225216008186,17.408068669261493,0.6391945941629537,0.7129824528579742,0,-23.68711403256924
geometry_control,99,43,14,49,1.400252673546344,1064.6283779757157,25.192903139128806,0.5820621729215496,0.7129824528579742,0,-45.661810669530546
geometry_control,99,44,14,50,1.4503281157367895,1170.0611192483245,58.75555535874799,0.6873409268608586,0.7129824528579742,0,-1.9557386137913593
geometry_control,99,45,15,44,1.4354314862908337,998.5660068337272,19.008735173123107,0.6228447027372435,0.7129824528579742,0,-27.78356753779406
geometry_control,99,46,15,50,1.4914856416419717,642.7506295959911,0.7731051643249041,0.6443677760226321,0.7129824528579742,0,14.456920414759288
geometry_control,99,47,15,51,1.3276406306564732,184.67437023671613,-193.71122707808604,0.568905708199468,0.7129824528579742,0,-15.497329108039313
geometry_control,99,48,16,45,1.4280763974700144,1492.4823680387199,42.40327099768683,0.7310707335077807,0.7129824528579742,1,22.655828565084484
geometry_control,99,49,16,51,1.4799003374640132,886.278498310261,12.033901416399873,0.6252891818779287,0.7129824528579742,0,17.24948525768268
geometry_control,99,50,16,52,1.3498964485508096,476.55519576249793,-133.45044141267653,0.6254106366919867,0.7129824528579742,0,-25.08914890269746
geometry_control,99,51,17,46,1.4868790981195366,738.1088199752285,-13.72388822328064,0.5135637294718379,0.7129824528579742,0,-30.395924721575533
geometry_control,99,52,17,52,1.4821012895703054,906.1191786386738,23.726920827757112,0.5014183795152339,0.7129824528579742,0,-19.391541445539506
geometry_control,99,53,17,53,1.380055403993674,1074.2111080422312,51.71898773860656,0.4576275403295622,0.7129824528579742,0,-20.73866046279126
geometry_control,99,54,18,53,1.419191841171508,1154.7067301996053,66.56371880690898,0.5889706765169025,0.7129824528579742,0,27.614671661638234
geometry_control,99,55,18,54,1.4201794142353472,1095.524145820496,56.60503895916176,0.6958077363830835,0.7129824528579742,0,-32.610943421522876
geometry_control,99,56,18,59,1.4445125995750396,1260.2646472969961,60.83079194928974,0.7245795052793779,0.7129824528579742,1,-17.250754685629794
geometry_control,99,57,19,48,1.4682900394520144,895.9050546386873,-10.269160452447288,0.4052408636018795,0.7129824528579742,0,34.41140611308608
geometry_control,99,58,19,54,1.4041646998611172,1242.8559829577512,61.74983242383411,0.6165864547624959,0.7129824528579742,0,-45.72389708214187
geometry_control,99,59,19,55,1.3916108903505433,1152.074762844201,15.164183814292402,0.6419201781852035,0.7129824528579742,0,-60.07293046228044
geometry_control,99,60,20,49,1.3691116641820165,944.6191308563785,-9.294729638570018,0.5117361241887574,0.7129824528579742,0,-47.96571725564514
geometry_control,99,61,20,55,1.4583020479008901,1048.052547255351,24.71558520346241,0.630054209222177,0.7129824528579742,0,-28.899191652812735
geometry_control,99,62,20,56,1.489792017946348,932.8186872306034,60.49715880025694,0.7344187758560712,0.7129824528579742,1,1.9223568901436963
geometry_control,99,63,21,50,1.3925216990724605,1076.5153178957717,9.21293879721051,0.6776547779635279,0.7129824528579742,0,-25.474399416979768
geometry_control,99,64,21,56,1.3950347390893878,1208.6272694721733,30.12932983182802,0.7950586756915328,0.7129824528579742,1,4.4918029358364535
geometry_control,99,65,21,57,1.4497158138714759,1038.4706926418364,46.01264940800286,0.7295856909060477,0.7129824528579742,1,-44.091169850356906
geometry_control,99,66,22,51,1.5100465912950438,603.2536315287347,21.597194904647914,0.4988210414160394,0.7129824528579742,0,-9.122225248063963
geometry_control,99,67,22,57,1.4423877941975165,1204.350244720891,23.925358798198626,0.6262140221817233,0.7129824528579742,0,3.080307420195627
geometry_control,99,68,22,58,1.3153675920989896,-10.080947948946207,-176.60772065704361,0.49122726802444683,0.7129824528579742,0,-45.20804226711566
geometry_control,99,69,23,52,1.3992547644531308,1223.8827238367442,38.91936723556758,0.5547665974795992,0.7129824528579742,0,-22.317320933378458
geometry_control,99,70,23,58,1.400031666010393,1142.4302630885065,18.844122427398652,0.5470513692739485,0.7129824528579742,0,-20.009518199662008
geometry_control,99,71,23,59,1.4787104272193827,957.7931471716768,12.053562210890545,0.6465845870564029,0.7129824528579742,0,-43.655371956016765
geometry_control,99,72,24,59,1.3988010816067669,1100.21317678492,-11.508421239294297,0.6775765601671342,0.7129824528579742,0,-29.459352256904776
geometry_control,99,73,24,60,1.4343604846189026,1135.4183963184737,30.7982399197897,0.6984099050671865,0.7129824528579742,0,-40.631065070463244
geometry_control,99,74,24,65,1.4129397793022083,1161.2609291551746,44.937934248142895,0.7079673946587921,0.7129824528579742,0,-5.312703633262702
geometry_control,99,75,25,54,1.4282346451321806,1107.4801641535953,18.133308128425522,0.644871819723101,0.7129824528579742,0,-33.14173568026008
geometry_control,99,76,25,60,1.419391306627033,1236.164246770709,20.62189121484428,0.6944769335194478,0.7129824528579742,0,-35.40904611253037
geometry_control,99,77,25,61,1.4581918625480277,1035.485864612191,30.42285590148757,0.6653061681248753,0.7129824528579742,0,-25.563078630080092
geometry_control,99,78,26,55,1.3968719546369812,1074.6722790626154,23.854860747395012,0.6578556909855979,0.7129824528579742,0,-64.18177196418321
geometry_control,99,79,26,61,1.4218956578297974,1142.9195902017984,-16.80444077046604,0.6529563159646645,0.7129824528579742,0,-43.05096940812541
geometry_control,99,80,26,62,1.4293905872616626,1058.6142865204283,20.51838069219053,0.6276538140003225,0.7129824528579742,0,-58.9878065281183
geometry_control,99,81,27,56,1.3309348968133548,190.0534147813875,-216.16657167433598,0.6709303820705717,0.7129824528579742,0,-21.43743300906751
geometry_control,99,82,27,62,1.436825422005918,1262.9962681254622,34.31629602661104,0.5363639384514022,0.7129824528579742,0,-57.95152150367325
geometry_control,99,83,27,63,1.366135362112736,906.6360079300306,-28.53889110608225,0.4118088499375582,0.7129824528579742,0,-71.33480488545617
geometry_control,99,84,28,57,1.376512749553962,1070.860473645148,11.918283118130278,0.6746995065350039,0.7129824528579742,0,-29.441112236010394
geometry_control,99,85,28,63,1.438572462243123,1081.7249550651754,56.55523728661838,0.48105095918747537,0.7129824528579742,0,-47.30423450289477
geometry_control,99,86,28,64,1.487440230353101,766.3351152129275,1.370976485725317,0.5626009294914374,0.7129824528579742,0,-39.53033568282646
geometry_control,99,87,29,58,1.4939715799927091,593.8815621805068,-32.013881073997524,0.4465103563266191,0.7129824528579742,0,-10.090917625574045
geometry_control,99,88,29,64,1.3590505937147113,808.9994183007475,-9.282254027627099,0.4693985334403291,0.7129824528579742,0,-60.94880311438325
geometry_control,99,89,29,65,1.5172028048470592,527.943880844421,12.180559202630267,0.5764344086007314,0.7129824528579742,0,8.780475657547509
geometry_control,99,90,30,65,1.4592105560386663,1125.9553656643484,43.41048026315027,0.5399483373087716,0.7129824528579742,0,-3.7093930210985704
geometry_control,99,91,30,66,1.3567931264326132,512.3755090529887,-90.12895363760879,0.34791547878019957,0.7129824528579742,0,-93.18415782440543
geometry_control,99,92,30,71,1.4383860294534674,1167.5974282207849,38.64617678139716,0.5170506204454278,0.7129824528579742,0,-19.445907249489974
geometry_control,99,93,31,60,1.4413627598020127,1163.0230831466504,-4.922342192101651,0.7119715977230405,0.7129824528579742,0,-24.468801536735526
geometry_control,99,94,31,66,1.3947839595936422,982.681939561884,1.971575905720474,0.5294962287860742,0.7129824528579742,0,-39.53688641249812
geometry_control,99,95,31,67,1.364712789600622,892.7902500828127,-40.28936923456784,0.6660678542461166,0.7129824528579742,0,-59.56339823390673
geometry_control,99,96,32,61,1.460482444677104,1008.7490819684953,-1.1251342066586536,0.6899044684332022,0.7129824528579742,0,-1.0935754029486588
geometry_control,99,97,32,67,1.435574357374838,1255.1106485137182,23.063939194011674,0.6731714903508508,0.7129824528579742,0,-38.78093862928719
geometry_control,99,98,32,68,1.4125701275924019,1251.710025229517,7.350425440409602,0.6709966234713475,0.7129824528579742,0,-31.875900794249116
geometry_control,99,99,33,62,1.3543602829622987,752.2208163573429,-52.99904680718229,0.6541365210346702,0.7129824528579742,0,-54.753381952869965
geometry_control,99,100,33,68,1.4472621315201322,1011.5535726887383,12.722859156711202,0.6605311780371576,0.7129824528579742,0,-52.630502881515795
geometry_control,99,101,33,69,1.4623369474628525,1130.411985699421,44.39676490406011,0.6809921182215324,0.7129824528579742,0,-18.842139010395208
geometry_control,99,102,34,63,1.3609623746578443,590.469105766072,-78.81873261817864,0.5280805958791674,0.7129824528579742,0,-44.49060882571857
geometry_control,99,103,34,69,1.3788940341399767,1060.5536370117195,19.915157941600384,0.6794912815798736,0.7129824528579742,0,-27.974764587794397
geometry_control,99,104,34,70,1.4686334325071677,993.6854046011647,31.73422302095663,0.6177682663905307,0.7129824528579742,0,-17.67499864801785
geometry_control,99,105,35,64,1.3628421712751229,651.6656749163631,-37.30356020420213,0.7052721725530298,0.7129824528579742,0,-55.805082346908165
geometry_control,99,106,35,70,1.4669723386570621,1045.810920624688,31.250241267933617,0.713409872760431,0.7129824528579742,1,-6.630823495090022
geometry_control,99,107,35,71,1.435501704939438,1259.7962051466857,69.64810124675083,0.7894103308500882,0.7129824528579742,1,-0.04015186382803648
geometry_control,20,0,0,36,1.4272601312761404,1125.6422778969895,-71.89405148710254,0.7258573276651255,0.7107722822005328,1,-66.78527653391612
geometry_control,20,1,0,41,1.3793805609688585,1115.0126759310517,-59.12435765523996,0.7014387165617622,0.7107722822005328,0,-80.18930780174063
geometry_control,20,2,0,71,1.4121375606033402,1225.251743619501,-88.91586860827883,0.8139176760570163,0.7107722822005328,1,-40.108341966250265
geometry_control,20,3,1,36,1.4450267233765153,1039.5229841434364,-68.4778918527757,0.7895116150298382,0.7107722822005328,1,-66.94070978695513
geometry_control,20,4,1,37,1.4436903277492175,1317.0328173178546,-52.26792590205218,0.8130105495989689,0.7107722822005328,1,38.15233147277173
geometry_control,20,5,1,66,1.3794269971683102,1143.2875682076658,-80.45751862214895,0.9525949914618586,0.7107722822005328,1,9.054807132993023
geometry_control,20,6,2,37,1.4317919553624605,1340.0547659496938,-83.79405333635043,0.6981863563626729,0.7107722822005328,0,9.342809985798155
geometry_control,20,7,2,38,1.3777284112849286,846.9539541493348,-77.30617348065655,0.7766646767166396,0.7107722822005328,1,-25.093782983422244
geometry_control,20,8,2,67,1.493337448698108,913.0185040580252,-70.68095789414748,0.6947354624644736,0.7107722822005328,0,68.02836009865956
geometry_control,20,9,3,38,1.4371274387055495,1322.1185196238848,-30.108080457368555,0.7741816461513955,0.7107722822005328,1,1.8108757460213454
geometry_control,20,10,3,39,1.3821886450562697,1242.6933041925586,-63.55712583119227,0.7768285727995083,0.7107722822005328,1,-29.13934114370968
geometry_control,20,11,3,68,1.4839530741782816,902.2049641279189,-20.59889799636723,0.7926544867568854,0.7107722822005328,1,-19.78853149116239
geometry_control,20,12,4,39,1.450338701430025,968.5272763665934,-55.915333407355995,0.7037596918058888,0.7107722822005328,0,-37.78645073931865
geometry_control,20,13,4,40,1.3915885438910476,1114.3711276620552,-64.50447934644643,0.6543683411499827,0.7107722822005328,0,-71.05174517521522
geometry_control,20,14,4,69,1.4050879365332645,1145.8429777376102,-93.1631887140052,0.7285012462770891,0.7107722822005328,1,48.49463933837679
geometry_control,20,15,5,40,1.499869822295866,732.9355212593562,-83.07097902879457,0.6486908418071407,0.7107722822005328,0,-33.257759287242564
geometry_control,20,16,5,41,1.4525179927667715,1037.2892496425832,-57.202938424321516,0.5690393997884731,0.7107722822005328,0,-48.23548015648065
geometry_control,20,17,5,70,1.350827889230057,629.5886998187855,-98.58859678970843,0.6371594714869411,0.7107722822005328,0,-35.59629198421384
geometry_control,20,18,6,41,1.3744706699585065,849.5626942689793,-77.4405844821927,0.69688177364891,0.7107722822005328,0,-97.1992403481699
geometry_control,20,19,6,42,1.4426090634196853,1180.9334222019913,-70.62320591914484,0.7238862726927655,0.7107722822005328,1,-66.08739148867414
geometry_control,20,20,6,47,1.4150946466580918,1237.5526559241448,-62.61640892163446,0.7803441210063139,0.7107722822005328,1,-1.0900473751542208
geometry_control,20,21,7,36,1.386392749253066,885.618287529599,-89.38268207102918,0.6039227123747406,0.7107722822005328,0,-60.25018106013769
geometry_control,20,22,7,42,1.346649345535917,451.3167340813709,-140.12912984994674,0.6065086003152328,0.7107722822005328,0,-91.32154596009767
geometry_control,20,23,7,43,1.4157202436205707,1142.4295882550273,-63.11761987482545,0.6255830001709832,0.7107722822005328,0,-42.33116681714892
geometry_control,20,24,8,37,1.4538026701781,1283.233067610836,-43.84191307239549,0.8059872774316789,0.7107722822005328,1,55.995907791469286
geometry_control,20,25,8,43,1.3881583463257978,1044.609381519097,-40.616580160349365,0.8041486306587907,0.7107722822005328,1,6.021020535147532
geometry_control,20,26,8,44,1.4401596807695005,1634.2077956911728,-41.39980020888777,0.9746861070091405,0.7107722822005328,1,54.855430499005216
geometry_control,20,27,9,38,1.3693034469543006,816.9582891343704,-71.28930098431213,0.6863449556401033,0.7107722822005328,0,-74.89420015750034
geometry_control,20,28,9,44,1.399562205248922,1124.6498874507345,-78.03449068714838,0.7765654648635982,0.7107722822005328,1,-28.457583507196826
geometry_control,20,29,9,45,1.4600443538448846,941.4966501275262,-52.405343736689574,0.6172794641497228,0.7107722822005328,0,10.181714070057374
geometry_control,20,30,10,39,1.4100315209264727,1054.0856395191684,-27.89012292039078,0.6820600657657407,0.7107722822005328,0,-38.75194702828634
geometry_control,20,31,10,45,1.4416388473724464,1161.6892269434657,-31.445148655264905,0.6103476476272472,0.7107722822005328,0,16.00862327979287
geometry_control,20,32,10,46,1.439490223831727,1069.6405057752654,-60.909642916553224,0.627865867471418,0.7107722822005328,0,-13.995921372771827
geometry_control,20,33,11,40,1.3949974365362174,994.815485305047,-90.63485466353438,0.680619532796595,0.7107722822005328,0,-19.716594887888206
geometry_control,20,34,11,46,1.4119982886232738,1215.1960454438638,-58.457074415131736,0.6758166851581786,0.7107722822005328,0,2.0772639104125545
geometry_control,20,35,11,47,1.4605440402467758,1014.9098215435854,-69.77698083782442,0.6844304381353313,0.7107722822005328,0,31.087842975383822
geometry_control,20,36,12,47,1.4816659691761422,881.4980058809368,-55.80656349112493,0.6065978525766735,0.7107722822005328,0,-9.167480595052545
geometry_control,20,37,12,48,1.4011138622985861,1102.665463317842,-59.41152662028879,0.5456851998677135,0.7107722822005328,0,-66.08842125142979
geometry_control,20,38,12,53,1.392052153757254,1041.5185140078554,-92.89005480292754,0.5187294373925935,0.7107722822005328,0,-23.820043485056388
geometry_control,20,39,13,42,1.3739360121208932,894.7374180795812,-81.76388865220612,0.6152323609325729,0.7107722822005328,0,-87.92716423621258
geometry_control,20,40,13,48,1.4047724513012476,1090.7284121582315,-76.70536507654762,0.6107775565371613,0.7107722822005328,0,-56.79016461468542
geometry_control,20,41,13,49,1.4281866018008533,1121.7418256981548,-70.47753090665641,0.5946353411730372,0.7107722822005328,0,-38.37768367886292
geometry_control,20,42,14,43,1.4844020720213884,988.9049760861981,-62.311135251007,0.614846672045773,0.7107722822005328,0,4.769543486068585
geometry_control,20,43,14,49,1.4219433162773885,1065.6459743977853,-58.422423373198434,0.575175252430487,0.7107722822005328,0,14.543279387231998
geometry_control,20,44,14,50,1.445400318438671,1246.185439205805,-80.71405660098493,0.5710558356552953,0.7107722822005328,0,30.90698678203794
geometry_control,20,45,15,44,1.4670062928834338,1193.42317521869,-54.97374195880171,0.6867865935508817,0.7107722822005328,0,26.956834936685077
geometry_control,20,46,15,50,1.3782690745241761,944.3496827710832,-82.84438528330183,0.47245828081005403,0.7107722822005328,0,-3.8880005080852413
geometry_control,20,47,15,51,1.4153679141784008,1253.6121356298308,-58.45879178302575,0.5299460757065518,0.7107722822005328,0,13.495979559279554
geometry_control,20,48,16,45,1.4574379752827364,1126.9740999694764,-71.86710645209347,0.6200822629381026,0.7107722822005328,0,58.81957623444256
geometry_control,20,49,16,51,1.4441702989367102,1232.4826376765561,-48.66027520895647,0.6225277458076484,0.7107722822005328,0,39.617678328615916
geometry_control,20,50,16,52,1.3905866176737438,1011.4048210095993,-74.69251329048092,0.5937753662592611,0.7107722822005328,0,4.681434887167157
geometry_control,20,51,17,46,1.4743964569341839,957.9788737644143,-71.99958007244663,0.5161611367977713,0.7107722822005328,0,-40.89469121133879
geometry_control,20,52,17,52,1.4176850051998708,1228.7232843042789,-84.01421141514459,0.47233602027475885,0.7107722822005328,0,-39.414022762040105
geometry_control,20,53,17,53,1.3515001900725525,604.6042989646674,-118.33805560468419,0.4369064745908441,0.7107722822005328,0,-51.570476769617805
geometry_control,20,54,18,53,1.389162286845082,917.9804546720502,-61.70445899329494,0.45494222320002214,0.7107722822005328,0,-27.497722502404038
geometry_control,20,55,18,54,1.399803128845673,1077.266347091707,-83.6198410849597,0.5768742445550386,0.7107722822005328,0,1.7157813560534336
geometry_control,20,56,18,59,1.4200717133915812,1149.660023642019,-80.57683677984417,0.5456428967115792,0.7107722822005328,0,-4.422639381676692
geometry_control,20,57,19,48,1.472371820213334,923.0393942512261,-68.55404074943212,0.5931844230544565,0.7107722822005328,0,-48.38413835997049
geometry_control,20,58,19,54,1.4616454935583776,1172.8210699261754,-35.786745151612415,0.6881606819343529,0.7107722822005328,0,-0.9813454727495134
geometry_control,20,59,19,55,1.3635515708083792,712.9748317638891,-67.0390928059185,0.5129493626324036,0.7107722822005328,0,-40.63747169661152
geometry_control,20,60,20,49,1.4073228682591175,1175.591513338613,-94.27539451731394,0.478812535133911,0.7107722822005328,0,-48.269597225524265
geometry_control,20,61,20,55,1.3863916610802636,947.1277332134588,-92.19612773655084,0.4147196900759822,0.7107722822005328,0,-67.91739715786906
geometry_control,20,62,20,56,1.4314904018857733,1193.7216129833182,-58.601836077968954,0.47043775976367475,0.7107722822005328,0,-75.16261157477192
geometry_control,20,63,21,50,1.4657229135705323,1140.1870340155504,-92.30883012131132,0.6093004591845603,0.7107722822005328,0,-9.088277514924533
geometry_control,20,64,21,56,1.4059172675575764,1210.1872369993546,-71.98275630698501,0.6050451005895157,0.7107722822005328,0,-79.78224866612547
geometry_control,20,65,21,57,1.3936251592727273,1037.889928191827,-77.82364230324079,0.7016815685911606,0.7107722822005328,0,-54.94611506762601
geometry_control,20,66,22,51,1.5052072761152144,932.6153713874571,-81.32576538471427,0.5609726187740733,0.7107722822005328,0,58.82676063729402
geometry_control,20,67,22,57,1.4473606967411607,1095.4800024675255,-70.70534098912337,0.595865933284176,0.7107722822005328,0,21.17718744262703
geometry_control,20,68,22,58,1.2994879373050297,-674.7488388480166,-355.5950312667028,0.5511759080843249,0.7107722822005328,0,-40.756414631971374
geometry_control,20,69,23,52,1.4545311517318689,1147.387441153699,-82.32692422798276,0.5923969586959095,0.7107722822005328,0,5.733831700792756
geometry_control,20,70,23,58,1.4465094250986659,981.5559196596524,-99.07592555608657,0.6113526275545482,0.7107722822005328,0,50.34490837203288
geometry_control,20,71,23,59,1.4360431088312544,1142.142844361618,-81.81309661922614,0.6476680865235516,0.7107722822005328,0,-16.487745252836145
geometry_control,20,72,24,59,1.4763003501013354,892.9655106772003,-80.64351804766137,0.5916680824470795,0.7107722822005328,0,13.846994831345022
geometry_control,20,73,24,60,1.3499584875616006,647.9083628676578,-93.25023613334933,0.6804765776973152,0.7107722822005328,0,-6.476879949205177
geometry_control,20,74,24,65,1.4498066235136442,1056.0527930589894,-54.29857770563193,0.5280412350431511,0.7107722822005328,0,-0.634898957885671
geometry_control,20,75,25,54,1.4495882432617566,1159.5305246059133,-52.02195967897409,0.6539226066364587,0.7107722822005328,0,16.662538575201715
geometry_control,20,76,25,60,1.4461111321203888,1134.049011287786,-73.2216134371182,0.7114997540432351,0.7107722822005328,1,43.031960775510676
geometry_control,20,77,25,61,1.39768012510088,1127.9198843037543,-55.76038949607448,0.5259398025879667,0.7107722822005328,0,29.023768656318133
geometry_control,20,78,26,55,1.3932737239050235,950.6068725735441,-99.47455480326035,0.44446420878415777,0.7107722822005328,0,-31.46788810508437
geometry_control,20,79,26,61,1.519936737897425,308.01303956720284,-111.86826255569429,0.49169272403761505,0.7107722822005328,0,-31.67312985250566
geometry_control,20,80,26,62,1.3840744233908644,1081.280371591549,-72.25675169887252,0.6296257205769835,0.7107722822005328,0,-62.45895354694203
geometry_control,20,81,27,56,1.384727302161654,1088.056166045726,-80.71405014731404,0.4683983759993725,0.7107722822005328,0,-89.75970712600721
geometry_control,20,82,27,62,1.4492843682772458,1355.8574095685249,-89.31721541280253,0.5978418181045058,0.7107722822005328,0,-32.894610401836914
geometry_control,20,83,27,63,1.322545042012971,10.983454071398668,-161.93334984840706,0.4539189441774192,0.7107722822005328,0,-143.2944342200866
geometry_control,20,84,28,57,1.473325347120256,1231.294147402407,-76.27023336573745,0.6237017324454842,0.7107722822005328,0,-56.36649867022414
geometry_control,20,85,28,63,1.4228230206909196,1431.943657518294,-72.687019111014,0.512585832621886,0.7107722822005328,0,-85.4238748493373
geometry_control,20,86,28,64,1.3435284330709907,518.4318100778573,-124.72077600033317,0.5763266452273413,0.7107722822005328,0,-79.22043168050577
geometry_control,20,87,29,58,1.4428773209088557,1543.441939183716,-68.27366383954754,0.6952608385421462,0.7107722822005328,0,22.00161846428339
geometry_control,20,88,29,64,1.4316263847122916,1168.6625566681873,-37.860977412738464,0.6925757765238543,0.7107722822005328,0,3.2619903219921262
geometry_control,20,89,29,65,1.3965714723442864,1194.2359527783135,-63.17845527993318,0.6679494501072213,0.7107722822005328,0,-21.119139449705585
geometry_control,20,90,30,65,1.4138828456100274,1291.9839640535051,-38.13122117276087,0.6525842406645684,0.7107722822005328,0,-31.237070015670966
geometry_control,20,91,30,66,1.4056486968432185,1122.4134201239056,-67.22555630539243,0.8174184699189995,0.7107722822005328,1,-6.463973093282755
geometry_control,20,92,30,71,1.4363363995668261,1178.009729818796,-100.03196440230533,0.74239544187887,0.7107722822005328,1,-27.06246490640764
geometry_control,20,93,31,60,1.4603833153671382,1001.0012826061876,-35.582449077618314,0.650220784964074,0.7107722822005328,0,52.138431854421164
geometry_control,20,94,31,66,1.4868916088105226,760.6319565606113,-69.82826393148775,0.6626196715643411,0.7107722822005328,0,29.895245369382657
geometry_control,20,95,31,67,1.392660360963325,1061.3635438298566,-73.74535355701114,0.5195843358032521,0.7107722822005328,0,45.35313274494906
geometry_control,20,96,32,61,1.4532113505353323,1236.3939870002541,-56.739448914256435,0.5755893238466887,0.7107722822005328,0,56.65589538273472
geometry_control,20,97,32,67,1.474130816983689,897.5751171431621,-92.08334022551877,0.6305128261411352,0.7107722822005328,0,71.6666489825815
geometry_control,20,98,32,68,1.426315517219004,1173.3864122948864,-44.515008614159235,0.7309148809987913,0.7107722822005328,1,-3.1628474962480837
geometry_control,20,99,33,62,1.4724438091439795,1072.6428359188756,-34.996166039993795,0.889618346763555,0.7107722822005328,1,36.37577859679548
geometry_control,20,100,33,68,1.3786202263966547,957.2781405302144,-67.01054679013357,0.9070109073762891,0.7107722822005328,1,-0.7222102204913732
geometry_control,20,101,33,69,1.4961273207989454,949.3229891382236,-74.7411810926433,0.9159265478901123,0.7107722822005328,1,111.50626349910726
geometry_control,20,102,34,63,1.5040978475752855,669.0533225427691,-99.69127916182359,0.5294037860353967,0.7107722822005328,0,-32.14871659481908
geometry_control,20,103,34,69,1.4891694333419965,820.7586038935048,-87.63550890794697,0.6996348610890405,0.7107722822005328,0,67.63728056904009
geometry_control,20,104,34,70,1.3947236898514626,930.2693423136326,-89.2416044858045,0.6139705856417346,0.7107722822005328,0,29.160620731211132
geometry_control,20,105,35,64,1.4672970427720102,827.4361677571429,-57.54270964300937,0.6513916526183589,0.7107722822005328,0,17.613118061827805
geometry_control,20,106,35,70,1.4715779301356502,934.7971812671874,-73.0352947008631,0.6722176396192413,0.7107722822005328,0,1.2367936740476466
geometry_control,20,107,35,71,1.4039679464429167,1070.7118622223704,-76.78599328089389,0.7165765274160274,0.7107722822005328,1,-8.599640630323181
geometry_control,6,0,0,36,1.512807542241714,-256.2016586006752,-94.32037924312048,0.3831143877765711,0.7092555652966503,0,-97.74015889305628
geometry_control,6,1,0,41,1.3980260636793633,733.2810289553794,41.12989474453912,0.5129835668638405,0.7092555652966503,0,-41.531874006695894
geometry_control,6,2,0,71,1.4479451898230502,484.87072084168517,26.869213530271985,0.5823496619899331,0.7092555652966503,0,-35.57072630644793
geometry_control,6,3,1,36,1.3368541909021847,-93.70965018352706,-70.89140595658802,0.4077335040843593,0.7092555652966503,0,-87.04898759513591
geometry_control,6,4,1,37,1.4676871675821794,446.09412015764207,5.37378595809726,0.63356302782243,0.7092555652966503,0,-34.04024536461931
geometry_control,6,5,1,66,1.4895188235436283,407.79946652298406,-1.6677011378892352,0.5177651174780074,0.7092555652966503,0,19.444113523515377
geometry_control,6,6,2,37,1.407602352404,824.8432569137605,52.12562190324974,0.7000145476374438,0.7092555652966503,0,-9.68966200458447
geometry_control,6,7,2,38,1.4089936063053474,804.5398901563639,31.156387442786148,0.5157404149370779,0.7092555652966503,0,-41.96191688543142
geometry_control,6,8,2,67,1.409097238737353,977.7323514345298,54.897371356555965,0.6335274675653174,0.7092555652966503,0,-46.97610833365523
geometry_control,6,9,3,38,1.31106449947521,-540.2987049725883,-82.78255040431699,0.3965384855474394,0.7092555652966503,0,-140.18934482879774
geometry_control,6,10,3,39,1.3988345383515939,836.1464332239478,12.78005116050871,0.6273696285922523,0.7092555652966503,0,-39.98195117273378
geometry_control,6,11,3,68,1.456379939488702,512.8944715415444,22.957026348082632,0.564091259808255,0.7092555652966503,0,-110.75003490558282
geometry_control,6,12,4,39,1.4304908949047501,995.3038669162835,44.558125586056775,0.6047552415452581,0.7092555652966503,0,27.571032834909694
geometry_control,6,13,4,40,1.4573602841247348,824.2281057087254,25.39127777997881,0.40652363756949994,0.7092555652966503,0,48.64888385672369
geometry_control,6,14,4,69,1.4426351545184186,714.0036044150611,16.255965845361363,0.47598288136863937,0.7092555652966503,0,42.07315243389636
geometry_control,6,15,5,40,1.482806270524472,439.69943101205564,5.069402974932202,0.4281791430391456,0.7092555652966503,0,68.46096984768843
geometry_control,6,16,5,41,1.4683657022481278,573.1015191918025,54.193800574747165,0.4838933920196552,0.7092555652966503,0,-2.7640652289789926
geometry_control,6,17,5,70,1.3400064190985024,102.56486402668519,17.594981905057608,0.5711415026355765,0.7092555652966503,0,-42.857989302289496
geometry_control,6,18,6,41,1.408039849738852,494.15275467915086,-1.7754964037309737,0.5886319858145017,0.7092555652966503,0,-27.273423033513303
geometry_control,6,19,6,42,1.4418386972901165,722.88346626357,35.328869621830705,0.5818057120858582,0.7092555652966503,0,-26.194781385230655
geometry_control,6,20,6,47,1.4532042562822578,654.5872055161647,22.01797593920516,0.6009876517880917,0.7092555652966503,0,17.323308090762673
geometry_control,6,21,7,36,1.3503225166810224,252.82215227983974,-63.00564212803328,0.35021276822220904,0.7092555652966503,0,-146.1196326043596
geometry_control,6,22,7,42,1.3891898076777023,669.8263672533759,-54.145223396532536,0.47325567358083487,0.7092555652966503,0,-108.85462902373541
geometry_control,6,23,7,43,1.486197240791876,462.9397823873528,14.472660183568491,0.52101054548167,0.7092555652966503,0,-73.1616861706145
geometry_control,6,24,8,37,1.4356560500869449,805.1063334746575,30.046181561602445,0.6573649210430716,0.7092555652966503,0,-39.501998484486656
geometry_control,6,25,8,43,1.4660196517225863,660.4199166390712,-14.972797414030401,0.602333174564462,0.7092555652966503,0,-35.016483757885915
geometry_control,6,26,8,44,1.397948557628855,721.3879349687038,9.034091916255399,0.6693788281043833,0.7092555652966503,0,-49.712117450005735
geometry_control,6,27,9,38,1.4829563837218505,478.9596310696147,34.32464026515305,0.4307923526454733,0.7092555652966503,0,-0.9151585123672135
geometry_control,6,28,9,44,1.4359840414582226,792.7116590349145,18.72950527726045,0.6270803924071506,0.7092555652966503,0,3.8551662670040017
geometry_control,6,29,9,45,1.4758068530559516,801.6493179225904,-1.4753415852179659,0.6484194092827511,0.7092555652966503,0,-35.40758839133338
geometry_control,6,30,10,39,1.4787917995816042,759.5788388734167,33.036130478789595,0.790746067072223,0.7092555652966503,1,15.127971172022669
geometry_control,6,31,10,45,1.4008792418464744,809.5370280059533,-7.684597598239825,0.7775419806646879,0.7092555652966503,1,-23.40055933062801
geometry_control,6,32,10,46,1.4882454706764272,556.0280638258052,69.58673550469142,0.6635105931101469,0.7092555652966503,0,10.240094924937729
geometry_control,6,33,11,40,1.4605736530922442,713.2586949668214,32.064558957600156,0.4256078364184592,0.7092555652966503,0,39.46146413985239
geometry_control,6,34,11,46,1.3873164073563882,648.1061033396802,67.49477152817124,0.49660396643214133,0.7092555652966503,0,-2.376090562452898
geometry_control,6,35,11,47,1.4436925964536929,783.9306589528196,0.8867119376467503,0.49367775137255876,0.7092555652966503,0,21.487645697399174
geometry_control,6,36,12,47,1.480112320283898,599.6917391713025,13.269798457198439,0.5050578640256174,0.7092555652966503,0,80.32349501129252
geometry_control,6,37,12,48,1.4812090871162047,784.2550592045624,38.88811372284719,0.5306945710466888,0.7092555652966503,0,41.73762967632927
geometry_control,6,38,12,53,1.3194153794071812,-568.0670193697448,-86.86928453273113,0.4409973538497196,0.7092555652966503,0,-19.150820687476912
geometry_control,6,39,13,42,1.397917782024214,1001.5096772887766,18.145899631171982,0.7002110889137281,0.7092555652966503,0,-47.664460202121674
geometry_control,6,40,13,48,1.4715083994397427,646.2225431165698,3.12667661863697,0.745029735637033,0.7092555652966503,1,-10.347896272187
geometry_control,6,41,13,49,1.4419089529102878,712.3443846482569,62.14931856657238,0.8402975467160188,0.7092555652966503,1,-15.007509616122007
geometry_control,6,42,14,43,1.4265695169861161,721.2679775881014,-1.1024417639022253,0.5406240570848417,0.7092555652966503,0,3.4233606975324804
geometry_control,6,43,14,49,1.3207089036908124,-434.7137483222418,8.189985298127187,0.6329556429862973,0.7092555652966503,0,-82.09866819921163
geometry_control,6,44,14,50,1.4578976812396982,601.8560603092259,5.908872776268392,0.8793062226404846,0.7092555652966503,1,13.027057917931408
geometry_control,6,45,15,44,1.3602829853449783,308.2441037058094,-7.148064196970942,0.6665222321999806,0.7092555652966503,0,-36.970878701402086
geometry_control,6,46,15,50,1.4756196545175349,727.4604572716222,31.287295725537177,0.9381587442157022,0.7092555652966503,1,18.95187196924568
geometry_control,6,47,15,51,1.4377228773527535,923.4222074689098,37.44995080968772,0.656253258663222,0.7092555652966503,0,-9.90004493805575
geometry_control,6,48,16,45,1.4223240971496969,714.5571338403632,51.73429035531914,0.6173181948333133,0.7092555652966503,0,-47.01743761073858
geometry_control,6,49,16,51,1.415942312609071,845.357291310442,16.95884479938984,0.5857102044209542,0.7092555652966503,0,-39.27228823046717
geometry_control,6,50,16,52,1.344274885526911,69.85162216648311,55.243153043518845,0.5500464902835362,0.7092555652966503,0,-68.720992785737
geometry_control,6,51,17,46,1.450833774634021,1006.5934268276409,39.01741037870279,0.5817624773311517,0.7092555652966503,0,-26.912826784809493
geometry_control,6,52,17,52,1.39512949257262,856.938411896372,41.83491082578747,0.6285221603359157,0.7092555652966503,0,-63.31149703491219
geometry_control,6,53,17,53,1.4224028063041598,714.601468224737,-6.189269454458758,0.5147757520956714,0.7092555652966503,0,-17.092887955685327
geometry_control,6,54,18,53,1.435024321415325,763.041024059651,13.763632621811986,0.48317593706860906,0.7092555652966503,0,28.99870742401172
geometry_control,6,55,18,54,1.4238616492936855,821.0533677840799,24.24089683237808,0.6813331926862933,0.7092555652966503,0,-37.763023885921754
geometry_control,6,56,18,59,1.463673126969416,640.7662435263716,15.273919829256611,0.5505948420537081,0.7092555652966503,0,-44.587178197281446
geometry_control,6,57,19,48,1.4336382420139828,896.8715027942125,25.024024959926198,0.5579246481183855,0.7092555652966503,0,-17.901044605625806
geometry_control,6,58,19,54,1.4065661168710433,719.8676142988937,51.161228556870704,0.6663846865391005,0.7092555652966503,0,-87.25131940596273
geometry_control,6,59,19,55,1.3768596462504485,515.1441014859658,37.568250465230975,0.5644499038895385,0.7092555652966503,0,-97.66896440536388
geometry_control,6,60,20,49,1.4270843638198272,1038.693688927971,44.20409950056737,0.6669122482731868,0.7092555652966503,0,-68.950779648979
geometry_control,6,61,20,55,1.3812144462363012,636.9243695876023,29.723270173129613,0.5781696929653541,0.7092555652966503,0,-123.22842048278002
geometry_control,6,62,20,56,1.3978858485772656,808.783072739383,55.88909065552489,0.600729096643998,0.7092555652966503,0,-85.83596091291457
geometry_control,6,63,21,50,1.397960504732151,952.7557346577063,16.039288227372598,0.9087106747639004,0.7092555652966503,1,33.296649665022265
geometry_control,6,64,21,56,1.4816590616098297,530.0896536203685,-13.93311994428909,0.596176943480524,0.7092555652966503,0,7.6577197455928
geometry_control,6,65,21,57,1.4799537482967047,777.8627669984462,-26.617715996307954,0.4459480590298372,0.7092555652966503,0,35.60298074717172
geometry_control,6,66,22,51,1.4442117896862225,741.4584351847737,33.62307402969105,0.5940872808411991,0.7092555652966503,0,-11.559683693013334
geometry_control,6,67,22,57,1.4664342599864268,721.4186889222387,17.729393889440917,0.4132301506596161,0.7092555652966503,0,21.565719584962515
geometry_control,6,68,22,58,1.3690656837708408,473.39646535025025,11.457783257495878,0.5460604379986462,0.7092555652966503,0,-18.108928819838916
geometry_control,6,69,23,52,1.4912279101071433,423.13227829763946,36.665571689271594,0.5977862963272036,0.7092555652966503,0,-41.68254844338186
geometry_control,6,70,23,58,1.4542985560525066,821.9714147270487,24.90467249075032,0.5854231676220687,0.7092555652966503,0,-10.816213749779237
geometry_control,6,71,23,59,1.3809159875494637,571.0115668998727,52.46639718108995,0.5514587930720584,0.7092555652966503,0,-43.21769794273618
geometry_control,6,72,24,59,1.3861870292596297,616.2960842383745,5.2103945475055475,0.545870240280268,0.7092555652966503,0,-67.71964404855865
geometry_control,6,73,24,60,1.4111920707668226,1006.8702191691588,58.349161402479716,0.617491375431575,0.7092555652966503,0,-45.17169511031858
geometry_control,6,74,24,65,1.4859828262842856,729.4461056388369,10.414785589325081,0.6258657637723306,0.7092555652966503,0,-45.88595327771673
geometry_control,6,75,25,54,1.3674406621726005,526.0956691288001,20.94049694168619,0.6320545653216605,0.7092555652966503,0,-105.2035679476275
geometry_control,6,76,25,60,1.466955238260029,465.6002273680235,7.982400900108558,0.5729373498403822,0.7092555652966503,0,-70.20389155462874
geometry_control,6,77,25,61,1.3262199524890337,-388.51227312269646,7.931855907363179,0.370245552717426,0.7092555652966503,0,-161.6717703183845
geometry_control,6,78,26,55,1.494487326181354,265.99655970040067,2.380149229950432,0.46774134059133043,0.7092555652966503,0,-187.09924361718825
geometry_control,6,79,26,61,1.3934355123710542,718.4300737724627,11.5771819524762,0.30786711063665795,0.7092555652966503,0,-146.72929788559145
geometry_control,6,80,26,62,1.3651163352946603,376.7486539184517,0.7786553235979641,0.5235817289678913,0.7092555652966503,0,-89.68297807795278
geometry_control,6,81,27,56,1.4510156660016351,986.8610406287701,-2.2436059198357867,0.6564097486596374,0.7092555652966503,0,-16.506085744007258
geometry_control,6,82,27,62,1.388233981835233,564.1147053807254,14.925107755464975,0.6896907333575546,0.7092555652966503,0,-43.71592986343265
geometry_control,6,83,27,63,1.4763194850363341,448.1813015342878,-25.976917843924426,0.5324416555891438,0.7092555652966503,0,-15.25233367666328
geometry_control,6,84,28,57,1.4275298437884563,1080.2231874743054,25.813612512514922,0.7318014433073435,0.7092555652966503,1,64.13096407888608
geometry_control,6,85,28,63,1.4137767677796482,753.9769011887436,27.240926941442208,0.7580622346875368,0.7092555652966503,1,31.6855816470653
geometry_control,6,86,28,64,1.4522954268323225,647.2950157692477,69.6418864088152,0.7697162035327989,0.7092555652966503,1,61.36593183281389
geometry_control,6,87,29,58,1.4491530559997359,856.7360059951897,8.331043688661866,0.5707475500262347,0.7092555652966503,0,-13.866271962503653
geometry_control,6,88,29,64,1.4323299101795677,837.1625431209051,23.11287023559995,0.47583202291265986,0.7092555652966503,0,-5.77092522781572
geometry_control,6,89,29,65,1.410226190605933,773.1216251126207,7.528810833851885,0.6167786989682871,0.7092555652966503,0,-23.345190357119105
geometry_control,6,90,30,65,1.372758835880856,600.8085610000235,-19.164602223750528,0.6764187480353472,0.7092555652966503,0,-56.43400848352296
geometry_control,6,91,30,66,1.4596316717278746,672.7943463953821,-1.335227585759817,0.5608715980668718,0.7092555652966503,0,-8.155066695751763
geometry_control,6,92,30,71,1.4217443437784136,684.3724004381935,12.257566254236254,0.6500752588865857,0.7092555652966503,0,-58.975339361946794
geometry_control,6,93,31,60,1.4280590410291127,847.5490145420698,39.032913515964694,0.5240548745324232,0.7092555652966503,0,-0.5939971847864172
geometry_control,6,94,31,66,1.425701598520152,838.7871073445514,26.690531566042875,0.41688211290470356,0.7092555652966503,0,27.56764543380678
geometry_control,6,95,31,67,1.4275913768320054,699.3016751575121,48.27491960486826,0.466192943177,0.7092555652966503,0,-10.3575231182055
geometry_control,6,96,32,61,1.4625617539369167,634.3239431863183,-1.6191334357717815,0.3700194890531296,0.7092555652966503,0,-125.8364853276723
geometry_control,6,97,32,67,1.4400982265498263,815.62767379868,23.939545964797876,0.5148493548206627,0.7092555652966503,0,-74.29173090736364
geometry_control,6,98,32,68,1.339894564477318,-120.98292874536065,-9.32934625795509,0.5646150764532389,0.7092555652966503,0,-114.84909907990306
geometry_control,6,99,33,62,1.4327602065267253,761.1247264973075,17.601198277424782,0.6498713156267439,0.7092555652966503,0,-63.40977484105876
geometry_control,6,100,33,68,1.4166469526286936,873.9347833196986,53.6467393431806,0.6287522846956198,0.7092555652966503,0,-50.67028608601295
geometry_control,6,101,33,69,1.4893149490167876,383.02856530705327,29.655608932562874,0.5632582933029984,0.7092555652966503,0,-12.93956604847861
geometry_control,6,102,34,63,1.4164759061844763,870.6659204211877,30.75782059899617,0.42795321352114657,0.7092555652966503,0,-29.817469439842593
geometry_control,6,103,34,69,1.4474526207256062,749.8364272543629,10.010618007338392,0.49858926896581185,0.7092555652966503,0,11.455464991280088
geometry_control,6,104,34,70,1.4614241382681945,710.6084503593935,10.689372060243091,0.5720923847631032,0.7092555652966503,0,-4.2578830370337
geometry_control,6,105,35,64,1.483597669879744,486.1206222879838,12.326052449298054,0.6573479189625367,0.7092555652966503,0,5.2559608405603555
geometry_control,6,106,35,70,1.4268039629928706,822.3907634313291,52.1945158772231,0.7898331213592313,0.7092555652966503,1,-23.917349349541944
geometry_control,6,107,35,71,1.3990196091017715,861.0326517353498,28.39969222820914,0.7719511058694026,0.7092555652966503,1,-39.24846024187768
geometry_control,203,0,0,36,1.4139393697617595,891.3044817973534,-4.265684341438359,0.6366703441065539,0.7112178145468746,0,-61.806037151059314
geometry_control,203,1,0,41,1.3931206645434526,948.8012164229418,-14.532230441770432,0.563351863171504,0.7112178145468746,0,-88.2361926704107
geometry_control,203,2,0,71,1.4166507112839335,1091.7850321483536,-16.982498000487638,0.567329410397196,0.7112178145468746,0,-1.5632841342110062
geometry_control,203,3,1,36,1.451875188827167,858.5145080953671,-4.668080855435575,0.6179943178149798,0.7112178145468746,0,-42.10881362518527
geometry_control,203,4,1,37,1.3941923625063835,876.0938621631542,-31.069710686618166,0.5949082880701628,0.7112178145468746,0,-37.31361202651131
geometry_control,203,5,1,66,1.4784040646223675,778.0618902419145,37.73290927555079,0.5604480561101924,0.7112178145468746,0,-6.457154965196086
geometry_control,203,6,2,37,1.3754129235854633,788.098382879661,8.201541968936437,0.5171239461058591,0.7112178145468746,0,-86.30624467539346
geometry_control,203,7,2,38,1.4637738422214768,1028.307543711092,-8.528495274976608,0.5144976254272887,0.7112178145468746,0,-93.61895599455325
geometry_control,203,8,2,67,1.4182934286246207,1146.7259999845744,-15.027968524897572,0.5175253645861466,0.7112178145468746,0,-38.597639608288304
geometry_control,203,9,3,38,1.3725457553870497,800.8010127675198,-12.861209478516301,0.6205094025935962,0.7112178145468746,0,-82.69750262996062
geometry_control,203,10,3,39,1.4352767031212048,813.439213379288,-10.305132210328628,0.6663563840441202,0.7112178145468746,0,-34.32891547449668
geometry_control,203,11,3,68,1.3829347220792416,945.6599071627858,-44.13876743926656,0.6355878814937123,0.7112178145468746,0,-59.986464556145464
geometry_control,203,12,4,39,1.4350305675399686,949.0921404982058,-27.44535406756282,0.6395034777236811,0.7112178145468746,0,2.51456062692343
geometry_control,203,13,4,40,1.4624681734234721,1025.6634046099769,-23.08343757247909,0.6030875031374878,0.7112178145468746,0,31.168236637025952
geometry_control,203,14,4,69,1.4527147089291867,1172.9642881503778,-9.490402049885544,0.6019560010365494,0.7112178145468746,0,32.73354359277192
geometry_control,203,15,5,40,1.3890231646544415,823.7024019269109,-29.166099286890613,0.6544174497736999,0.7112178145468746,0,-29.83100154715131
geometry_control,203,16,5,41,1.396600024249873,954.7382509550357,-51.37954342964313,0.5973803123977066,0.7112178145468746,0,-81.08579646659481
geometry_control,203,17,5,70,1.4569002447474881,933.9235468622984,-29.01935466184532,0.58094879244482,0.7112178145468746,0,-14.365960202098865
geometry_control,203,18,6,41,1.4332414859939746,1001.345366178832,-47.71063659903135,0.6180258717262721,0.7112178145468746,0,-103.90090591254275
geometry_control,203,19,6,42,1.391157577586656,1077.934212687681,-28.545672864223867,0.1734454142107582,0.7112178145468746,0,-137.51600977560426
geometry_control,203,20,6,47,1.430196133340986,1177.61127414654,-41.03639249944069,0.8059718318652448,0.7112178145468746,1,-39.15780836860206
geometry_control,203,21,7,36,1.4026233507270818,1095.5975340375774,7.590013018935256,0.5950216273453364,0.7112178145468746,0,-101.71070803941757
geometry_control,203,22,7,42,1.4382060073696628,1005.4030697283764,-13.676521690718468,0.07712268889477253,0.7112178145468746,0,-122.89017385394304
geometry_control,203,23,7,43,1.4177250681488023,955.5914665661594,-0.7578757035474927,0.6506334275708143,0.7112178145468746,0,-68.04078011741909
geometry_control,203,24,8,37,1.506333426964476,396.67860365896223,-12.894493196447696,0.5790445057165294,0.7112178145468746,0,-54.823480349928204
geometry_control,203,25,8,43,1.4057245601636486,1076.2825155690825,-24.17150191632134,0.6577423356868244,0.7112178145468746,0,-25.45389845203631
geometry_control,203,26,8,44,1.4437413775934504,1222.0509575434266,-44.371609413988736,0.5281374496342346,0.7112178145468746,0,-23.283586970511582
geometry_control,203,27,9,38,1.3881322148271469,883.4861829828354,-24.97792874050977,0.48667295684866707,0.7112178145468746,0,-59.165672685920434
geometry_control,203,28,9,44,1.4018171800972192,890.2918223584345,-23.3787514773149,0.4383922214449425,0.7112178145468746,0,-25.5738062525227
geometry_control,203,29,9,45,1.4138695690077545,1037.1006479919802,-5.242600322285525,0.42340775703926536,0.7112178145468746,0,-33.80381647274474
geometry_control,203,30,10,39,1.4300508094238935,1235.57699628535,-9.50692734226546,0.5497147944851819,0.7112178145468746,0,-18.385439366502094
geometry_control,203,31,10,45,1.4394065109802423,980.0869939629141,-23.45828087172235,0.4406026132252562,0.7112178145468746,0,-9.88893038486906
geometry_control,203,32,10,46,1.4406600715260156,958.337429165698,33.94833078467322,0.5286394471669107,0.7112178145468746,0,-7.928403071773623
geometry_control,203,33,11,40,1.495849199003342,564.6158055610497,-23.798975466028192,0.6773087819768414,0.7112178145468746,0,-28.48326291502977
geometry_control,203,34,11,46,1.4415030636596076,894.989941528469,-6.035138507569235,0.6926494092447636,0.7112178145468746,0,2.6259828462162496
geometry_control,203,35,11,47,1.3815737983683152,1012.2513853094719,-21.93572567764923,0.8082176047398208,0.7112178145468746,1,-64.3805136564237
geometry_control,203,36,12,47,1.4964173427155596,514.4724118948585,-10.829791736156144,0.6387370914486052,0.7112178145468746,0,-43.95994218781766
geometry_control,203,37,12,48,1.4367205516597172,893.8756324331982,-2.3914066815735118,0.08851327523943131,0.7112178145468746,0,-75.06055452832814
geometry_control,203,38,12,53,1.3745727221481323,766.2033802120646,-6.170536727811431,0.4160819309290469,0.7112178145468746,0,-21.48385102309577
geometry_control,203,39,13,42,1.341561772302425,96.61471963844647,-89.60194657681427,-0.006468601277387742,0.7112178145468746,0,-180.59232604515788
geometry_control,203,40,13,48,1.3215882077570944,-404.39257230296687,-63.81966464793282,0.07583400016792496,0.7112178145468746,0,-92.86501133409513
geometry_control,203,41,13,49,1.4201359343488975,913.8755807125973,-60.49091556983107,0.4437916558652121,0.7112178145468746,0,-75.30653905640366
geometry_control,203,42,14,43,1.3883538723918916,827.9507835724868,20.5253614247259,0.749835056303635,0.7112178145468746,1,-56.66956635269429
geometry_control,203,43,14,49,1.4213175998603595,1075.2379536736357,-19.952853092423858,0.626584574770193,0.7112178145468746,0,-78.73042011133563
geometry_control,203,44,14,50,1.4468311081428409,1261.6709052104272,-44.76504843992227,0.7254949918217883,0.7112178145468746,1,-38.17596734035808
geometry_control,203,45,15,44,1.4470962679211528,1008.905658378834,-28.74380507210755,0.594531787307405,0.7112178145468746,0,-28.449704646120146
geometry_control,203,46,15,50,1.4460314145565758,964.0076187862774,-30.583316549271387,0.6997966088781483,0.7112178145468746,0,-37.51103674651863
geometry_control,203,47,15,51,1.3892162801090473,843.860882059639,-40.20378492521421,0.45667292639733925,0.7112178145468746,0,-42.257052859764755
geometry_control,203,48,16,45,1.4473483852473683,914.100317713972,-24.990498629530602,0.5652789234620981,0.7112178145468746,0,-26.571374710572158
geometry_control,203,49,16,51,1.3842220842977415,800.9973178008802,-12.40642905397717,0.4424045269577095,0.7112178145468746,0,-36.79042047144695
geometry_control,203,50,16,52,1.43614012047294,947.3796142325256,-27.809461334427798,0.6000710624696799,0.7112178145468746,0,-41.690164991525435
geometry_control,203,51,17,46,1.4051845153026996,1063.9378134447895,27.960355930670477,0.7639597133380198,0.7112178145468746,1,33.690186449959796
geometry_control,203,52,17,52,1.4989167232624225,479.61045665916265,-24.360092465204758,0.710715018403947,0.7112178145468746,0,-46.71736358767775
geometry_control,203,53,17,53,1.4500418392100236,1232.6385352255988,-8.31963197020015,0.6568727483135188,0.7112178145468746,0,12.422683021661452
geometry_control,203,54,18,53,1.5227448556343297,188.1386102295064,4.426773427561236,0.4345572068163106,0.7112178145468746,0,-37.538967363148465
geometry_control,203,55,18,54,1.3953048179524747,786.3550642212376,-13.491406233156479,0.41475217530828173,0.7112178145468746,0,-18.59894889043478
geometry_control,203,56,18,59,1.4812616699478427,852.8477130370702,23.501549455696075,0.5878758454285595,0.7112178145468746,0,-68.35504443615798
geometry_control,203,57,19,48,1.493298637427794,753.2050870294622,-23.249784751215913,0.31399802539647453,0.7112178145468746,0,-115.72526952171233
geometry_control,203,58,19,54,1.3308750278520105,-55.20172220121944,-27.001676815527134,0.6217616495780612,0.7112178145468746,0,-76.19545926023795
geometry_control,203,59,19,55,1.4189154961136752,1415.2260258811773,-28.43121872136589,0.7359543447836305,0.7112178145468746,1,-42.8756579149977
geometry_control,203,60,20,49,1.4104772986460055,1144.1408479786544,-27.382510898577593,0.6711554584630632,0.7112178145468746,0,-16.849196048034027
geometry_control,203,61,20,55,1.4387999527498743,1024.7728617374148,-15.476229383922826,0.7251541221529322,0.7112178145468746,1,-17.366350275853236
geometry_control,203,62,20,56,1.4751554767225539,834.6599648687348,-9.886533302613108,0.691732811963945,0.7112178145468746,0,9.015296337538519
geometry_control,203,63,21,50,1.3805352392519168,800.7289570974629,-5.839875853745437,0.7356971889477331,0.7112178145468746,1,-51.610654079657024
geometry_control,203,64,21,56,1.44755385402009,1151.0303385553193,-13.573511461629606,0.6573641253970195,0.7112178145468746,0,-28.201444291576344
geometry_control,203,65,21,57,1.4614774376596267,849.6509135267275,-19.94630837632873,0.7193950831971079,0.7112178145468746,1,-62.895885840516755
geometry_control,203,66,22,51,1.3998424584763134,873.8437204069353,-35.46072910988136,0.430445648680278,0.7112178145468746,0,-42.87970787226426
geometry_control,203,67,22,57,1.4093492648014458,1086.3911907903937,-45.35978631321573,0.6572672254104619,0.7112178145468746,0,-58.3389647068191
geometry_control,203,68,22,58,1.447986325861014,1030.627094338718,-13.547277459338824,0.6692745608014941,0.7112178145468746,0,-33.82664549028884
geometry_control,203,69,23,52,1.4341197718591014,1122.0876994394225,-7.480212320962673,0.5406575506202533,0.7112178145468746,0,-24.96677423314097
geometry_control,203,70,23,58,1.4340266617148005,1060.113306651266,-18.81852476257083,0.6218199272294989,0.7112178145468746,0,4.846413369072426
geometry_control,203,71,23,59,1.4249831251115659,906.9977093995354,-12.99370475921718,0.6401339191420738,0.7112178145468746,0,27.036434513496292
geometry_control,203,72,24,59,1.419566780433998,1037.8017152494192,12.184812242230306,0.7628992185113053,0.7112178145468746,1,21.90944174959714
geometry_control,203,73,24,60,1.4024182221373271,1343.0546707790297,-11.196230454351605,0.8330826226551052,0.7112178145468746,1,2.602383240816259
geometry_control,203,74,24,65,1.4280073134381455,934.6518108240012,-7.347912834748484,0.6279442570331677,0.7112178145468746,0,-51.02971737249827
geometry_control,203,75,25,54,1.395910060373722,837.9084889061792,8.405519669905107,0.4193793405674232,0.7112178145468746,0,-81.64448946649749
geometry_control,203,76,25,60,1.4658882535414208,827.3879329774387,-26.52608577055297,0.6626864148315009,0.7112178145468746,0,-45.17078124783184
geometry_control,203,77,25,61,1.4170949802689699,951.9073184483531,-39.11106226549592,0.5601439034033198,0.7112178145468746,0,-75.98602474548154
geometry_control,203,78,26,55,1.397981651991643,1015.2755647370544,-24.540373603391803,0.579512031539466,0.7112178145468746,0,-76.16931791289984
geometry_control,203,79,26,61,1.362333052933221,531.5225958401526,-6.815169321837013,0.6060838991697932,0.7112178145468746,0,-81.5300232227165
geometry_control,203,80,26,62,1.4773008174540498,866.4512590616672,-20.49964779101429,0.6787906248856551,0.7112178145468746,0,-19.585590636414615
geometry_control,203,81,27,56,1.4419000516097646,1014.6643009348375,-13.101944350019759,0.5969984821668175,0.7112178145468746,0,6.0612338068110425
geometry_control,203,82,27,62,1.4287353353257062,1096.3697564482434,-18.4422572401031,0.7296983857019939,0.7112178145468746,1,-0.6982924732338311
geometry_control,203,83,27,63,1.3915069653896068,1350.6977926652448,-15.402185517697053,0.8207346728409255,0.7112178145468746,1,-30.217879105482304
geometry_control,203,84,28,57,1.371099344718443,716.2740459306141,4.952028971336214,0.5352098292298986,0.7112178145468746,0,-64.87488411860781
geometry_control,203,85,28,63,1.401579754128577,1024.329829971205,6.254419157005836,0.6969150621039181,0.7112178145468746,0,-37.96383850452891
geometry_control,203,86,28,64,1.4811479983025337,865.9111440792601,7.241387202404766,0.5206460273460682,0.7112178145468746,0,-12.602197126561965
geometry_control,203,87,29,58,1.3972119247625052,956.3403639768803,-16.310487216107074,0.6283369901742881,0.7112178145468746,0,-67.56520563448143
geometry_control,203,88,29,64,1.4475820424790673,1098.7238799291672,-18.637360507065736,0.6017658528994259,0.7112178145468746,0,-43.06107936863386
geometry_control,203,89,29,65,1.3765515419186003,607.4006240859926,24.139243000011355,0.5116960206087255,0.7112178145468746,0,-106.55200585159808
geometry_control,203,90,30,65,1.3856481697193015,838.6267056884443,17.246102439286755,0.5408536694362474,0.7112178145468746,0,-38.85466490352222
geometry_control,203,91,30,66,1.4554616205296569,861.6681339446175,-8.366713160756872,0.5729714119129843,0.7112178145468746,0,-24.58238333607553
geometry_control,203,92,30,71,1.5049335649674283,544.9630408961922,18.6831640007219,0.5611767399084138,0.7112178145468746,0,-54.92180802540787
geometry_control,203,93,31,60,1.4772447585697428,812.0683639559602,15.041394641900439,0.7036325220919503,0.7112178145468746,0,-9.53249055176699
geometry_control,203,94,31,66,1.44167576159425,1063.6477518001475,-48.2919961166477,0.5306118989467494,0.7112178145468746,0,16.59426064934262
geometry_control,203,95,31,67,1.3152688232750522,-361.23452690398614,-69.0559467771158,0.5654735493870074,0.7112178145468746,0,-66.02366544446086
geometry_control,203,96,32,61,1.4697360521495229,825.3069489274578,-35.52207798808611,0.6955664514835858,0.7112178145468746,0,-25.699411349559394
geometry_control,203,97,32,67,1.403439183598058,847.596193619339,-42.755901834192755,0.659949990206824,0.7112178145468746,0,17.19938755973698
geometry_control,203,98,32,68,1.4508414199822681,1337.7945659651086,-41.95951827960645,0.6720007299480821,0.7112178145468746,0,-62.14247543617225
geometry_control,203,99,33,62,1.4009633079020236,1265.2359709602154,-34.71363772445979,0.678288036897635,0.7112178145468746,0,-29.394383502772335
geometry_control,203,100,33,68,1.4877471348224043,683.0469227446937,-20.894385600302982,0.5820155896462695,0.7112178145468746,0,-60.47216825720582
geometry_control,203,101,33,69,1.4153528564923208,1003.1716976585745,-30.360242581979353,0.5752366155095459,0.7112178145468746,0,-35.936532745738944
geometry_control,203,102,34,63,1.469027757391157,917.6459638801648,-6.385683050666488,0.8199035501438745,0.7112178145468746,1,6.690542762801083
geometry_control,203,103,34,69,1.3708579558542096,728.4037784381333,-7.536807524036175,0.6258158416168538,0.7112178145468746,0,-16.288570878620067
geometry_control,203,104,34,70,1.4878793099880259,733.8068835981821,3.943556605295488,0.5534786863889123,0.7112178145468746,0,19.062690602036017
geometry_control,203,105,35,64,1.3955445382601055,888.5975204841216,-24.933481442788718,0.5564607942711799,0.7112178145468746,0,-39.421776375230124
geometry_control,203,106,35,70,1.4426688103495022,795.300367813554,-3.8916596032473856,0.4663049652740674,0.7112178145468746,0,5.7515183155892196
geometry_control,203,107,35,71,1.3349269913793924,169.5294165514881,11.521116132705782,0.4867140324526461,0.7112178145468746,0,-99.80727483115484
bond_length_control,94,0,0,36,1.3910826091423445,855.4704186252889,24.11527135162293,0.4217488721784147,0.6859197792848324,0,8.811979167566479
bond_length_control,94,1,0,41,1.4226454570369447,1203.9847919740234,-18.1591780282525,0.5999016899544791,0.6859197792848324,0,10.179884927567073
bond_length_control,94,2,0,71,1.4972993441168152,725.2194793780518,28.404877401502596,0.6814861135241455,0.6859197792848324,0,11.736051277987182
bond_length_control,94,3,1,36,1.3733004800723627,587.7800713249309,2.358650756097674,0.26655167605434443,0.6859197792848324,0,7.866385025927412
bond_length_control,94,4,1,37,1.4205248973080284,1360.6828287518686,52.194880351734845,0.482410680506206,0.6859197792848324,0,10.100720299160924
bond_length_control,94,5,1,66,1.5862276990373492,-818.2929406113866,-52.10927624143533,0.37253533224686386,0.6859197792848324,0,10.215228288440695
bond_length_control,94,6,2,37,1.5110807960941954,499.70633959013,-0.054070796625624654,0.6236186020519991,0.6859197792848324,0,11.750260627589022
bond_length_control,94,7,2,38,1.4299303839246404,1058.6083563892448,-3.8238090623767174,0.6164751388174436,0.6859197792848324,0,10.43759996018086
bond_length_control,94,8,2,67,1.402797054080899,1319.9564595362717,13.664999527322918,0.6365959916548436,0.6859197792848324,0,9.366703345115265
bond_length_control,94,9,3,38,1.5037165072873289,523.3785951569885,-10.199742246642389,0.6472535440045639,0.6859197792848324,0,11.753654711541264
bond_length_control,94,10,3,39,1.4030662531953084,1364.4174559519058,17.853769817772235,0.6613902052063787,0.6859197792848324,0,9.378804696943563
bond_length_control,94,11,3,68,1.4729952382035687,980.3590589448696,-10.050087936105289,0.6790139867481897,0.6859197792848324,0,11.498773946890477
bond_length_control,94,12,4,39,1.4282564842932257,930.8839274308517,16.64469588613416,0.5296408694545447,0.6859197792848324,0,10.380343312940893
bond_length_control,94,13,4,40,1.4124189370887088,1114.4569878959683,-3.9187905939276346,0.5302360553132721,0.6859197792848324,0,9.781019656597678
bond_length_control,94,14,4,69,1.4024234838904601,1258.5286738009793,10.086929774631548,0.562704567595947,0.6859197792848324,0,9.349861810970815
bond_length_control,94,15,5,40,1.3421399896087025,439.1339238360387,15.229163137750946,0.6442859841309175,0.6859197792848324,0,5.917316291184125
bond_length_control,94,16,5,41,1.4684663752195157,1013.3360545925651,13.439098188105334,0.5989914136291337,0.6859197792848324,0,11.425202042968616
bond_length_control,94,17,5,70,1.4479660420284532,1130.9395917429563,-4.099432110892419,0.6612723068524727,0.6859197792848324,0,10.979430201892484
bond_length_control,94,18,6,41,1.435087344722947,1316.2242181537192,9.738749491103018,0.5711310232116061,0.6859197792848324,0,10.606601316856143
bond_length_control,94,19,6,42,1.4150505067149806,1066.3064624718158,44.26980795572984,0.4711667991407795,0.6859197792848324,0,9.887768257673793
bond_length_control,94,20,6,47,1.4793709409684563,903.3788152037047,16.785008315867206,0.5853289558580116,0.6859197792848324,0,11.586846870996041
bond_length_control,94,21,7,36,1.3678498966135975,751.9519273749839,19.107425327387297,0.4263375407574223,0.6859197792848324,0,7.551975777162467
bond_length_control,94,22,7,42,1.4114636346184672,1126.4498226044632,15.966340626680168,0.50452613446266,0.6859197792848324,0,9.741567478687822
bond_length_control,94,23,7,43,1.477816454646723,880.9667086705224,-5.005767474033404,0.6827992482392746,0.6859197792848324,0,11.567051678053549
bond_length_control,94,24,8,37,1.3526949689094148,426.9685461969469,4.58111141485315,0.44390571275718416,0.6859197792848324,0,6.618368174657725
bond_length_control,94,25,8,43,1.3973134258174358,938.0054290726333,58.566388582418014,0.48450841578717496,0.6859197792848324,0,9.113857798452251
bond_length_control,94,26,8,44,1.3664490064738735,637.1492661684757,23.87212815190948,0.49079893519358486,0.6859197792848324,0,7.469328404372742
bond_length_control,94,27,9,38,1.3360377772378191,498.89524354959616,-1.534238308656663,0.6174189229698104,0.6859197792848324,0,5.493286162757158
bond_length_control,94,28,9,44,1.4658604777134931,981.2258602994892,-4.575766912280201,0.6714556086407666,0.6859197792848324,0,11.378749526622867
bond_length_control,94,29,9,45,1.4500734013598335,901.0914459867354,8.203921263045949,0.6282618064965924,0.6859197792848324,0,11.033679387206726
bond_length_control,94,30,10,39,1.512805124826537,348.4905483354954,-8.186300969180667,0.6118676437231525,0.6859197792848324,0,11.745796718423314
bond_length_control,94,31,10,45,1.4019351760126055,1243.6258470042171,14.286105489160656,0.6085738660481197,0.6859197792848324,0,9.327762861942308
bond_length_control,94,32,10,46,1.4190292190170481,1426.9696386776482,0.7634937694521692,0.5396797072942523,0.6859197792848324,0,10.043765105128145
bond_length_control,94,33,11,40,1.4494715879207785,943.5794268776751,-15.725593996518253,0.5643940017798484,0.6859197792848324,0,11.018382258032078
bond_length_control,94,34,11,46,1.450259628940738,1143.3395150966517,2.661515906970179,0.49161087949222076,0.6859197792848324,0,11.03838134281791
bond_length_control,94,35,11,47,1.4205115775485926,1252.6804291151552,4.561444798657612,0.53329736392447,0.6859197792848324,0,10.100217164098078
bond_length_control,94,36,12,47,1.4319351561503288,1003.436739439008,-33.15826918324367,0.6376650396147021,0.6859197792848324,0,10.504628372804245
bond_length_control,94,37,12,48,1.3747221988294773,804.05513403737,-18.06609111071925,0.6830473475349738,0.6859197792848324,0,7.946515035437809
bond_length_control,94,38,12,53,1.4833054609982357,870.4305873529892,-10.261098329274157,0.6514785285725151,0.6859197792848324,0,11.632090788786495
bond_length_control,94,39,13,42,1.400874009011166,1070.0120514041866,-3.169330657995628,0.5037954158777305,0.6859197792848324,0,9.279407758287672
bond_length_control,94,40,13,48,1.4994883272757629,593.6837686253473,-0.9041856305859958,0.6633398805152342,0.6859197792848324,0,11.744196552055234
bond_length_control,94,41,13,49,1.43566683057242,958.2220935157139,23.21575735270423,0.6301968237494995,0.6859197792848324,0,10.62489159004442
bond_length_control,94,42,14,43,1.44549195172947,1278.1618417212417,0.8006354728488165,0.6571472057977327,0.6859197792848324,0,10.913303064946682
bond_length_control,94,43,14,49,1.4263398774721714,1046.5089252670955,19.73448857859742,0.6052754998928871,0.6859197792848324,0,10.313346103352721
bond_length_control,94,44,14,50,1.3407454143611117,347.7934041333811,32.894184984366504,0.5074875881493909,0.6859197792848324,0,5.821612220926765
bond_length_control,94,45,15,44,1.496603675661056,705.249187137618,19.307401589555482,0.6623087602304483,0.6859197792848324,0,11.733000070823481
bond_length_control,94,46,15,50,1.5146188469618211,473.1615673525943,-15.362691784801756,0.5063586231756967,0.6859197792848324,0,11.739591578914393
bond_length_control,94,47,15,51,1.4160443200756212,971.1274407489205,-42.81229539355004,0.5980245229790042,0.6859197792848324,0,9.927343489290417
bond_length_control,94,48,16,45,1.3707324767622397,732.3722695465805,-23.316042808500615,0.6530523478300977,0.6859197792848324,0,7.7196747356011794
bond_length_control,94,49,16,51,1.4374983791935803,1101.3968700691062,-11.607865073887446,0.6319619127228279,0.6859197792848324,0,10.681766903634212
bond_length_control,94,50,16,52,1.457527728350745,1137.8349655783322,-18.040126162770505,0.6194968012838586,0.6859197792848324,0,11.210160520475513
bond_length_control,94,51,17,46,1.4271945033535822,961.7687652830953,-41.53188437359253,0.45108525728155624,0.6859197792848324,0,10.343410028090085
bond_length_control,94,52,17,52,1.4192501876847963,1025.1921481796574,-6.0196596608576085,0.4864238694891846,0.6859197792848324,0,10.052237715396924
bond_length_control,94,53,17,53,1.4054774701200734,998.9401751557916,-13.060207116813308,0.5065852306716184,0.6859197792848324,0,9.485892582657202
bond_length_control,94,54,18,53,1.4125083655224295,1128.1206983059933,-37.693601350116644,0.5988144661548516,0.6859197792848324,0,9.784693799265689
bond_length_control,94,55,18,54,1.401360932569208,1090.2577272170063,-14.999345147706283,0.6001453176400986,0.6859197792848324,0,9.301652034574257
bond_length_control,94,56,18,59,1.4726022443596138,876.6588599667201,-39.923836474354964,0.5184758961530591,0.6859197792848324,0,11.49275097045025
bond_length_control,94,57,19,48,1.4154163793725598,1269.1998889967274,-4.135296892806886,0.6629876862601042,0.6859197792848324,0,9.902385044835965
bond_length_control,94,58,19,54,1.4631381105047145,1044.1267415852353,-5.593165087184656,0.6327497187828925,0.6859197792848324,0,11.327021681192024
bond_length_control,94,59,19,55,1.373679486902283,911.9229375114274,-0.32315917003294603,0.5783894158728318,0.6859197792848324,0,7.887822627025166
bond_length_control,94,60,20,49,1.3758587684781813,780.817592770126,31.67915342578666,0.5835723173017857,0.6859197792848324,0,8.010011956796601
bond_length_control,94,61,20,55,1.3435790312786378,437.50103332323863,36.76578738744761,0.5321171036802479,0.6859197792848324,0,6.015322365741191
bond_length_control,94,62,20,56,1.4561562442566156,977.5031844867024,15.02591872861484,0.5532436698851122,0.6859197792848324,0,11.17950171590195
bond_length_control,94,63,21,50,1.3662617455748776,671.0173180063586,19.3258185763602,0.556271946798311,0.6859197792848324,0,7.458223920507141
bond_length_control,94,64,21,56,1.45299459756637,1083.5455645166485,39.352458188822744,0.6237312111251336,0.6859197792848324,0,11.105709134548087
bond_length_control,94,65,21,57,1.4864206457535838,773.7583916101053,-6.789767594560424,0.7151212693723621,0.6859197792848324,1,11.662952141091022
bond_length_control,94,66,22,51,1.333348821078626,241.10755562536983,-20.925230937853083,0.5927734471196826,0.6859197792848324,0,5.302124407387971
bond_length_control,94,67,22,57,1.4392385686925124,1261.4800763814087,-6.599929084065318,0.6599568698904261,0.6859197792848324,0,10.734488374495385
bond_length_control,94,68,22,58,1.4490732350006528,1045.3503059296754,-23.325845703817354,0.6024756403390163,0.6859197792848324,0,11.008170891203969
bond_length_control,94,69,23,52,1.4094316986697775,1087.6916683904797,-25.305138314461683,0.5184720750258692,0.6859197792848324,0,9.656414531785757
bond_length_control,94,70,23,58,1.4044997888009438,1105.5124682648193,-36.09287478186311,0.5406393796841722,0.6859197792848324,0,9.442754428492302
bond_length_control,94,71,23,59,1.4399494329129614,1012.475954789205,-37.773054395038805,0.4582948662065106,0.6859197792848324,0,10.755655094655781
bond_length_control,94,72,24,59,1.4500545237232507,1146.7006404116726,-13.434299760598405,0.5267765899789666,0.6859197792848324,0,11.033201921100396
bond_length_control,94,73,24,60,1.4857509766468695,692.1983381096284,1.8790738750604905,0.6591410715876506,0.6859197792848324,0,11.656688925832748
bond_length_control,94,74,24,65,1.4183908873987212,1020.8447269304222,-12.683168828402994,0.5288937532139659,0.6859197792848324,0,10.01917639227246
bond_length_control,94,75,25,54,1.4144132311987314,1124.7470182481013,-22.787227267848422,0.6321083636474072,0.6859197792848324,0,9.862177689660795
bond_length_control,94,76,25,60,1.3550443817569098,680.8063179297761,36.44566509773155,0.6828034237690517,0.6859197792848324,0,6.768773414382647
bond_length_control,94,77,25,61,1.4641228847501944,789.8644240095708,21.702233517017877,0.665556217374306,0.6859197792848324,0,11.346110051306017
bond_length_control,94,78,26,55,1.5011237332547276,610.0516542019695,7.357067252656493,0.5984041986095996,0.6859197792848324,0,11.748837192453705
bond_length_control,94,79,26,61,1.388735250411863,1141.515283830827,21.503506014995235,0.6862123552465591,0.6859197792848324,1,8.694256730610524
bond_length_control,94,80,26,62,1.4763609791364147,753.6799752606288,12.951243142916548,0.6315701817719137,0.6859197792848324,0,11.547534773239262
bond_length_control,94,81,27,56,1.4208606499921896,1139.1895111414278,30.93685327136208,0.5695369890223516,0.6859197792848324,0,10.113378646040195
bond_length_control,94,82,27,62,1.3281742144562902,-96.02090247305395,-2.4690412098009524,0.5815764059798015,0.6859197792848324,0,4.926885961748848
bond_length_control,94,83,27,63,1.480265447680916,828.2006984895296,10.499760163579507,0.6019975397575966,0.6859197792848324,0,11.597745532163973
bond_length_control,94,84,28,57,1.3643409548128618,670.0612345766282,11.697406749224111,0.5863861169170268,0.6859197792848324,0,7.343550248069793
bond_length_control,94,85,28,63,1.3877845747513935,969.263100286114,20.018655599239548,0.5274566094050434,0.6859197792848324,0,8.645960318164354
bond_length_control,94,86,28,64,1.4191047664993053,1072.1188674109037,-13.378677818889074,0.5461934875858848,0.6859197792848324,0,10.046664092017604
bond_length_control,94,87,29,58,1.4516470406277315,987.3346340934634,-33.60502324880441,0.6007688929172113,0.6859197792848324,0,11.072939980198534
bond_length_control,94,88,29,64,1.3932753600365706,1078.490750138698,-23.77758287138638,0.6180574931374792,0.6859197792848324,0,8.91997688236698
bond_length_control,94,89,29,65,1.4183361444606206,1052.9195919345564,-12.414445261827217,0.520541542674549,0.6859197792848324,0,10.017059856637228
bond_length_control,94,90,30,65,1.3874304765600594,1012.0145262043934,-12.17437797017724,0.5619452021955775,0.6859197792848324,0,8.627880294826154
bond_length_control,94,91,30,66,1.4469675523428345,1102.9092051488135,25.133312963026853,0.5399860257746073,0.6859197792848324,0,10.95305905669876
bond_length_control,94,92,30,71,1.4628849171799836,962.0623237913977,28.752011573010925,0.6937396109278187,0.6859197792848324,1,11.322045015297642
bond_length_control,94,93,31,60,1.4533968075619281,901.5250503325999,-1.5488800066085824,0.6154959918761534,0.6859197792848324,0,11.1153374875832
bond_length_control,94,94,31,66,1.3567595014175782,733.602972061671,53.421449090145934,0.4632894970814986,0.6859197792848324,0,6.877265607714846
bond_length_control,94,95,31,67,1.3470094404985156,333.1557546456199,-30.873265520738904,0.5861422349436851,0.6859197792848324,0,6.2458702622724545
bond_length_control,94,96,32,61,1.4237382996860175,1134.024389486028,24.176857629413927,0.6794558012841183,0.6859197792848324,0,10.219954936022903
bond_length_control,94,97,32,67,1.4742746372600655,844.1795781118999,-11.870615247829992,0.6673492507463956,0.6859197792848324,0,11.517905019373085
bond_length_control,94,98,32,68,1.3674506281921135,845.4031212483717,19.94183108661502,0.6789888406526214,0.6859197792848324,0,7.52849680374751
bond_length_control,94,99,33,62,1.3828741504948483,1029.6383449262273,0.9434422797077631,0.5975898695182817,0.6859197792848324,0,8.390840590828972
bond_length_control,94,100,33,68,1.4064363930713153,1110.48416702743,2.3666520260637833,0.6517650823614304,0.6859197792848324,0,9.527827463412716
bond_length_control,94,101,33,69,1.4846895419231463,801.6228963290972,-1.4743008334712067,0.6672049989610218,0.6859197792848324,0,11.646345091889561
bond_length_control,94,102,34,63,1.3771809475772032,1006.6262168806333,5.924693685439094,0.6566055274032176,0.6859197792848324,0,8.083249125766164
bond_length_control,94,103,34,69,1.4534300053205425,922.4949398948297,-7.5144033842409375,0.7057995230681625,0.6859197792848324,1,11.116129064067232
bond_length_control,94,104,34,70,1.4745318642219176,919.4903609051408,9.071460200263802,0.6903173335070428,0.6859197792848324,1,11.521663211196778
bond_length_control,94,105,35,64,1.4602014177793732,1136.8235551373414,8.13226558205093,0.5885602323317822,0.6859197792848324,0,11.267570294531719
bond_length_control,94,106,35,70,1.341040769203884,353.25533908555633,-3.2404591362547577,0.603535160254766,0.6859197792848324,0,5.841940831163797
bond_length_control,94,107,35,71,1.3624367392858336,603.9722478899307,5.360439744890978,0.6228386906010932,0.6859197792848324,0,7.228480852633701
bond_length_control,65,0,0,36,1.4622436022949392,1056.6072441230378,-16.11113941458642,0.6134302913614164,0.6858347123962729,0,5.176757813638336
bond_length_control,65,1,0,41,1.442485067575715,1115.8583237674889,-1.056426960032636,0.6061192421506394,0.6858347123962729,0,6.9091417038214376
bond_length_control,65,2,0,71,1.3898080435681002,1009.3716108655926,-46.54136299728077,0.6733842367763521,0.6858347123962729,0,10.976012330132605
bond_length_control,65,3,1,36,1.3198933492284028,-85.81062713413479,-105.24739188528113,0.532450047849271,0.6858347123962729,0,15.207012227595595
bond_length_control,65,4,1,37,1.4917086605498664,828.7385625310519,-2.656313141812458,0.6171417934290235,0.6858347123962729,0,2.37457807691563
bond_length_control,65,5,1,66,1.399776704928703,881.0668491114235,-4.124093337120965,0.5029165481864404,0.6858347123962729,0,10.266351121626034
bond_length_control,65,6,2,37,1.4658647049579165,1715.29902216799,68.00263799920045,0.7103388985176633,0.6858347123962729,1,4.846634238327614
bond_length_control,65,7,2,38,1.4979433143666026,896.9727686995084,0.8727681712786262,0.5546192382883587,0.6858347123962729,0,1.7473154008601837
bond_length_control,65,8,2,67,1.400968195847968,1033.7215145601206,-38.35116971221067,0.6557833108314467,0.6858347123962729,0,10.179690115233425
bond_length_control,65,9,3,38,1.3118625119806846,-330.6214883911696,-66.48170489214178,0.4769038660556795,0.6858347123962729,0,15.612559461747832
bond_length_control,65,10,3,39,1.4290786076401183,1037.290206899253,1.4933796330918945,0.5292061345238656,0.6858347123962729,0,8.019242075510174
bond_length_control,65,11,3,68,1.457525015179946,1145.9315150413163,-53.23142893455914,0.6278590202276295,0.6858347123962729,0,5.6010266548131
bond_length_control,65,12,4,39,1.4443060089054314,1178.1604454205149,-13.93118349064194,0.4516004027725047,0.6858347123962729,0,6.754316643457379
bond_length_control,65,13,4,40,1.4574032943381332,1057.030249872799,6.054147205300708,0.49473226572226403,0.6858347123962729,0,5.611882952726768
bond_length_control,65,14,4,69,1.4366700772715324,1174.6456996675493,-5.191395943101716,0.5347395268686703,0.6858347123962729,0,7.397061829842342
bond_length_control,65,15,5,40,1.4243779819184519,1185.0431863941828,4.055115315463375,0.6275288726483484,0.6858347123962729,0,8.396156404598123
bond_length_control,65,16,5,41,1.3959560347626712,1158.7320761124204,-28.796899845999103,0.5958116066691781,0.6858347123962729,0,10.541584480519003
bond_length_control,65,17,5,70,1.4972169285577346,644.9821894395966,-31.977561199496684,0.6075164601621144,0.6858347123962729,0,1.8210223963847394
bond_length_control,65,18,6,41,1.390050777285507,985.3629953137162,8.16805570630499,0.5701717637625305,0.6858347123962729,0,10.95905740335528
bond_length_control,65,19,6,42,1.447806653915352,1019.2130516811646,-20.80041771384305,0.6272499153058841,0.6858347123962729,0,6.4539364069154415
bond_length_control,65,20,6,47,1.420916595401595,1197.8913588504709,-9.614313332417117,0.5552819810402887,0.6858347123962729,0,8.669653431703281
bond_length_control,65,21,7,36,1.4574200621561477,1220.9022361179693,-8.431645078902609,0.5337242425453057,0.6858347123962729,0,5.610387691628778
bond_length_control,65,22,7,42,1.3391327118614944,262.52419746290576,-33.52556238642588,0.5834913448778822,0.6858347123962729,0,14.169538184008452
bond_length_control,65,23,7,43,1.5360806596388827,135.57726494703033,-9.753878865427136,0.5624970432776069,0.6858347123962729,0,-2.358568044391448
bond_length_control,65,24,8,37,1.3927529576364828,814.8209766493686,-17.425095784389605,0.521241542300161,0.6858347123962729,0,10.769217854109215
bond_length_control,65,25,8,43,1.3575630510804555,616.9064826707946,12.321368083024819,0.46532259745270954,0.6858347123962729,0,13.086667716521724
bond_length_control,65,26,8,44,1.4002809869949857,707.513413407286,-7.70489314168063,0.43223990944700064,0.6858347123962729,0,10.229721209086083
bond_length_control,65,27,9,38,1.374432310514095,778.765574238224,-19.096267902714377,0.3939561340333753,0.6858347123962729,0,12.01729543825771
bond_length_control,65,28,9,44,1.5510591645991127,-221.25364666821326,-33.48565030695278,0.46067416140951956,0.6858347123962729,0,-4.1006037880177635
bond_length_control,65,29,9,45,1.391798758476647,947.3315523580676,-19.368372034176883,0.4381482113037414,0.6858347123962729,0,10.836483548862779
bond_length_control,65,30,10,39,1.41096963657844,1057.4372752636023,-4.557353249682986,0.46496864347288425,0.6858347123962729,0,9.436624176775883
bond_length_control,65,31,10,45,1.39229491504608,873.9663856653366,10.940197893367962,0.4568584522750643,0.6858347123962729,0,10.801538548030985
bond_length_control,65,32,10,46,1.3576217727735305,595.948092130021,-26.653790595782926,0.49736909384383954,0.6858347123962729,0,13.083075972131532
bond_length_control,65,33,11,40,1.403253715282966,1105.886970941727,-33.525021826778726,0.6097715413920015,0.6858347123962729,0,10.012351064916887
bond_length_control,65,34,11,46,1.373419000957773,877.9630072438596,-9.669950395180587,0.5990401288131975,0.6858347123962729,0,12.083673447072638
bond_length_control,65,35,11,47,1.4515167265535731,1194.6225165105343,12.666019234585477,0.5631644926905892,0.6858347123962729,0,6.131637938185939
bond_length_control,65,36,12,47,1.4494005910787482,1094.0309049632172,-17.833030287552297,0.560882586226561,0.6858347123962729,0,6.31596797503682
bond_length_control,65,37,12,48,1.3949103676174117,940.2677368256784,-32.997673584581314,0.5701045575324021,0.6858347123962729,0,10.616208188458842
bond_length_control,65,38,12,53,1.4382265047970735,1250.756315548533,-2.9998596031222124,0.6643126199965675,0.6858347123962729,0,7.267433708685119
bond_length_control,65,39,13,42,1.4668780840530653,931.7819316673709,-25.760886032958087,0.6505170601423792,0.6858347123962729,0,4.753540033826471
bond_length_control,65,40,13,48,1.348069609005279,604.3746463866887,1.071048790136933,0.5877710971826249,0.6858347123962729,0,13.65546855619824
bond_length_control,65,41,13,49,1.4811646067349575,1023.9079746723725,-9.656774608205206,0.556617910500155,0.6858347123962729,0,3.4079042193462836
bond_length_control,65,42,14,43,1.4597187099506868,983.708913551904,-12.58460283496629,0.5317131022827866,0.6858347123962729,0,5.404611506945662
bond_length_control,65,43,14,49,1.296308069719481,-838.6584585454666,-150.73980688144866,0.4588082542408377,0.6858347123962729,0,16.352838662552198
bond_length_control,65,44,14,50,1.4432589468508916,1309.394158100305,-38.733043095880866,0.5446686718869633,0.6858347123962729,0,6.843461725160973
bond_length_control,65,45,15,44,1.4273916589481437,1306.4523584702233,-2.1981630868477264,0.44806639467154996,0.6858347123962729,0,8.155238977774522
bond_length_control,65,46,15,50,1.421472838103007,1101.9295711368138,-38.73033240453523,0.49410465228143563,0.6858347123962729,0,8.625933557365954
bond_length_control,65,47,15,51,1.4319536794719476,1042.8125470491932,-64.20790741642924,0.38596403980793437,0.6858347123962729,0,7.7855706205098345
bond_length_control,65,48,16,45,1.437317563771016,1043.5714500469423,-33.69325705354457,0.43686547745443444,0.6858347123962729,0,7.343221200055458
bond_length_control,65,49,16,51,1.4260731281505619,1175.7157404607383,-20.661188271352277,0.397289072696597,0.6858347123962729,0,8.260965018850523
bond_length_control,65,50,16,52,1.422784860907071,965.2459482281882,-12.117511737973794,0.45709554365488464,0.6858347123962729,0,8.52246039971699
bond_length_control,65,51,17,46,1.4596454530905298,880.3472110800561,-20.894104525448654,0.6428150171629338,0.6858347123962729,0,5.411193889760436
bond_length_control,65,52,17,52,1.3761633050430189,797.9069875684877,-12.088607582005887,0.6225344417946087,0.6858347123962729,0,11.903266037757312
bond_length_control,65,53,17,53,1.472432601935258,1049.4032422758933,-31.56198386646454,0.7103694148103321,0.6858347123962729,1,4.237751757237199
bond_length_control,65,54,18,53,1.381249731149028,882.6531158761775,-47.79468058692293,0.6529740964075123,0.6858347123962729,0,11.563519752387958
bond_length_control,65,55,18,54,1.46211997247719,966.688680440459,8.28092721613992,0.6093716603399868,0.6858347123962729,0,5.187959077459383
bond_length_control,65,56,18,59,1.3577838606015133,665.960988134094,-39.734195932574096,0.6345541868220282,0.6858347123962729,0,13.073157076517063
bond_length_control,65,57,19,48,1.4250439143849456,904.0979939633457,2.5545438660105457,0.5024891363305908,0.6858347123962729,0,8.34314523214251
bond_length_control,65,58,19,54,1.519834078689076,466.45610161907285,-7.5459102367567175,0.5530947627272309,0.6858347123962729,0,-0.5523007993415581
bond_length_control,65,59,19,55,1.3251074970658214,123.38434640866647,-23.927089102120693,0.5347888481398649,0.6858347123962729,0,14.935083336820508
bond_length_control,65,60,20,49,1.4173514219691496,980.7702992343794,-11.037022099614415,0.463351563961956,0.6858347123962729,0,8.947777337953
bond_length_control,65,61,20,55,1.442147562724644,963.5503732416267,-26.455610876611455,0.5268044624537,0.6858347123962729,0,6.937731115980543
bond_length_control,65,62,20,56,1.4373484107456713,1125.9502360064241,-27.775414701281193,0.43484516142847535,0.6858347123962729,0,7.340653126110456
bond_length_control,65,63,21,50,1.3689541956154991,927.9067815830812,17.004772385209144,0.646584232569281,0.6858347123962729,0,12.372867881026199
bond_length_control,65,64,21,56,1.4602990105821476,1115.44706583492,-31.22744790076972,0.5322174123896748,0.6858347123962729,0,5.35241267735549
bond_length_control,65,65,21,57,1.4114368663791956,962.9604739182076,-62.00338948116388,0.523155150309544,0.6858347123962729,0,9.401224654186372
bond_length_control,65,66,22,51,1.4136379006954665,1092.3146064364141,-9.242278635533966,0.42902121310080576,0.6858347123962729,0,9.233635517596042
bond_length_control,65,67,22,57,1.369302900501576,991.6577366183245,-25.489909309676786,0.4137327433145699,0.6858347123962729,0,12.350473482636547
bond_length_control,65,68,22,58,1.412042226843043,1026.1136914182725,-11.338678878243982,0.5013056692077055,0.6858347123962729,0,9.355268174432656
bond_length_control,65,69,23,52,1.4264893886346734,1033.502718616764,-30.861479371632008,0.532672837962278,0.6858347123962729,0,8.227641253902902
bond_length_control,65,70,23,58,1.4644458410832273,892.6220586665492,-23.761889387418197,0.5451508231108901,0.6858347123962729,0,4.976457722221696
bond_length_control,65,71,23,59,1.4673312561948402,932.0198612783332,-21.3210623499994,0.6020879013925174,0.6858347123962729,0,4.711808932616621
bond_length_control,65,72,24,59,1.4711923856501437,827.797358932565,-37.417722226891655,0.6106471038886078,0.6858347123962729,0,4.353728922007905
bond_length_control,65,73,24,60,1.4545224991795536,1057.6146657896034,-26.96040231237181,0.6166622803153156,0.6858347123962729,0,5.867531326743517
bond_length_control,65,74,24,65,1.3175206748177444,-302.1002676076353,-125.93164415551,0.49683004506445916,0.6858347123962729,0,15.328499414975534
bond_length_control,65,75,25,54,1.4214568553458007,1201.0496772187191,-0.2711618036596759,0.5233495903813177,0.6858347123962729,0,8.627191011490307
bond_length_control,65,76,25,60,1.3929200767497565,1002.4340693762599,-32.41363939664436,0.554547293290067,0.6858347123962729,0,10.757411111803158
bond_length_control,65,77,25,61,1.3869632124476805,875.6666574393367,-1.3072609102074435,0.48727176260247695,0.6858347123962729,0,11.173520610456002
bond_length_control,65,78,26,55,1.4545589739018574,1079.3268300497427,-38.356971090014774,0.6321192631480621,0.6858347123962729,0,5.864309931342463
bond_length_control,65,79,26,61,1.4405037326233319,1114.8525617063156,-11.254311238646663,0.6143473499565872,0.6858347123962729,0,7.076499968494301
bond_length_control,65,80,26,62,1.3730997061111108,1033.0650033911656,-17.748898151436826,0.6764254671392381,0.6858347123962729,0,12.104532098941595
bond_length_control,65,81,27,56,1.4460717280646853,998.8814650784018,-36.34247139133202,0.545487301453357,0.6858347123962729,0,6.603256429652007
bond_length_control,65,82,27,62,1.4606821127335028,855.7627983197923,-35.818786760956456,0.6817528064697578,0.6858347123962729,0,5.317896813331224
bond_length_control,65,83,27,63,1.3824479345777976,971.8043957467239,-39.7133209798928,0.6332289738155326,0.6858347123962729,0,11.48246680576057
bond_length_control,65,84,28,57,1.379283360724125,1049.9859595715527,-29.467623372727125,0.45929037606985723,0.6858347123962729,0,11.695692200044526
bond_length_control,65,85,28,63,1.4977944743411533,1091.6802088891104,-19.60276104925366,0.5560943105121637,0.6858347123962729,0,1.762431808994119
bond_length_control,65,86,28,64,1.372963519103916,795.4618944377671,-84.4033319999932,0.549411442911806,0.6858347123962729,0,12.11342049798596
bond_length_control,65,87,29,58,1.4202438933528996,1148.1908573167923,-53.03578253965695,0.6066159652728904,0.6858347123962729,0,8.722408906255966
bond_length_control,65,88,29,64,1.3789693128419653,1013.2153076191132,-30.563438116834924,0.6091641062217036,0.6858347123962729,0,11.71670445923191
bond_length_control,65,89,29,65,1.5077180862249586,384.51812238787727,-50.762571100672716,0.5497359847303691,0.6858347123962729,0,0.7392976588530624
bond_length_control,65,90,30,65,1.398430227951114,1009.5638566031296,-37.010797874677486,0.5113114987882876,0.6858347123962729,0,10.36381022730076
bond_length_control,65,91,30,66,1.4046977137579169,1145.5201298305494,-42.94520608309415,0.5327857656981019,0.6858347123962729,0,9.905874760609663
bond_length_control,65,92,30,71,1.4611375605078698,981.5564989279621,-42.67160787186088,0.6222732107758682,0.6858347123962729,0,5.276805656394673
bond_length_control,65,93,31,60,1.5260215966255175,328.22842723209743,-12.786350291217913,0.6030738161945766,0.6858347123962729,0,-1.230104927255435
bond_length_control,65,94,31,66,1.4375601800557152,1004.0711461882472,-14.015748820416743,0.5047158478535343,0.6858347123962729,0,7.323015412836144
bond_length_control,65,95,31,67,1.465626230067246,954.3822457793535,-14.61563547951214,0.5643855054099011,0.6858347123962729,0,4.868496705724957
bond_length_control,65,96,32,61,1.401891534443726,1191.2184337455233,14.59303296185132,0.5682705624868237,0.6858347123962729,0,10.112261137860209
bond_length_control,65,97,32,67,1.4161382827834514,1071.0844155124466,14.642424235381174,0.5968577823897383,0.6858347123962729,0,9.04159185226428
bond_length_control,65,98,32,68,1.5148292445263376,499.6450960941121,-43.81744511245976,0.6466488640186002,0.6858347123962729,0,-0.013078320032882118
bond_length_control,65,99,33,62,1.4192784754096361,1067.282999501439,-67.03660063963244,0.5788785344198482,0.6858347123962729,0,8.79789471057989
bond_length_control,65,100,33,68,1.391084458487832,996.9370676650618,-27.081057987138557,0.5951787187689738,0.6858347123962729,0,10.886673859574955
bond_length_control,65,101,33,69,1.3475596008043589,217.8418574215507,-82.72162875782803,0.5796649571613754,0.6858347123962729,0,13.68536087610818
bond_length_control,65,102,34,63,1.5602966323152094,-433.80950075081023,-62.7136099521499,0.5887488596755808,0.6858347123962729,0,-5.212236455690642
bond_length_control,65,103,34,69,1.4667022593355685,916.8818125489739,-3.35042607674952,0.6380591150713332,0.6858347123962729,0,4.769714431864266
bond_length_control,65,104,34,70,1.414855391344323,1193.1820209988339,-67.23295346713556,0.5780394414386927,0.6858347123962729,0,9.140346391221506
bond_length_control,65,105,35,64,1.4839054222554193,778.289548347106,-36.794522425642185,0.5871553728012994,0.6858347123962729,0,3.1426077926892946
bond_length_control,65,106,35,70,1.413627303541222,1432.473571450145,-49.5699617420556,0.583128822164769,0.6858347123962729,0,9.234445674468455
bond_length_control,65,107,35,71,1.4319571212437552,1164.7656987203884,-44.82477446567621,0.6386889632975454,0.6858347123962729,0,7.785289459034198
bond_length_control,87,0,0,36,1.3676056508713499,856.3514717138005,11.551787832113918,0.4325587374735647,0.6863080362424848,0,24.086640656399197
bond_length_control,87,1,0,41,1.4257492259192899,1083.5903519777273,22.416944856612698,0.5888859697566411,0.6863080362424848,0,17.344937190645133
bond_length_control,87,2,0,71,1.3339262991076744,327.38724565996336,47.78880635068327,0.5307804282952077,0.6863080362424848,0,27.415797192100204
bond_length_control,87,3,1,36,1.4110429873589032,1104.917740874781,-16.60090668236637,0.48546839968878364,0.6863080362424848,0,19.173067566605194
bond_length_control,87,4,1,37,1.477549198024956,840.5798750100541,-14.635460196415192,0.5081470949919176,0.6863080362424848,0,10.211274476551994
bond_length_control,87,5,1,66,1.4189209202942137,1419.7472088339382,-27.031695998289912,0.6205477592464932,0.6863080362424848,0,18.204343004936508
bond_length_control,87,6,2,37,1.4407934995457314,1059.9103930994013,-44.065059090983446,0.5471304492019203,0.6863080362424848,0,15.385943835961218
bond_length_control,87,7,2,38,1.4493368938337616,991.2879729468123,-31.638124627129145,0.6045364243443854,0.6863080362424848,0,14.232820396922213
bond_length_control,87,8,2,67,1.3761539358405541,901.2565884758199,-10.542968566452208,0.5848145312621493,0.6863080362424848,0,23.175869498301147
bond_length_control,87,9,3,38,1.4119615439412072,978.0986151586563,-15.839685072551859,0.5550584951193556,0.6863080362424848,0,19.061365595052546
bond_length_control,87,10,3,39,1.4094291914800903,1118.983994726869,-8.353017476211873,0.6144461282977141,0.6863080362424848,0,19.368518855382824
bond_length_control,87,11,3,68,1.471197783504387,940.7647579835545,-26.050346803389377,0.5763645235475385,0.6863080362424848,0,11.145608381974492
bond_length_control,87,12,4,39,1.4622780672995155,839.1184510572258,-28.257400618804702,0.6812838970334948,0.6863080362424848,0,12.42918921762911
bond_length_control,87,13,4,40,1.3738097124560567,780.5540241726403,-55.2150736655978,0.6449578469303326,0.6863080362424848,0,23.428329971546205
bond_length_control,87,14,4,69,1.4557074927983815,993.20357880115,-37.99760698742794,0.60754393213466,0.6863080362424848,0,13.353563518700481
bond_length_control,87,15,5,40,1.4670615910998215,1405.9830929643774,-21.057261413041303,0.6488511101997547,0.6863080362424848,0,11.744953823852704
bond_length_control,87,16,5,41,1.3712875950607852,883.9309899161066,-15.51825819421318,0.702032088962036,0.6863080362424848,1,23.69766922202194
bond_length_control,87,17,5,70,1.457947802531317,1049.8022290753138,6.941493119660025,0.7096203058048143,0.6863080362424848,1,13.040393512583421
bond_length_control,87,18,6,41,1.4738740678976952,783.5917142846274,-38.16999368907584,0.4488985533087999,0.6863080362424848,0,10.753982207424194
bond_length_control,87,19,6,42,1.4608151004685,1008.1425534786295,-4.767922939439371,0.44205394172965473,0.6863080362424848,0,12.636551766903615
bond_length_control,87,20,6,47,1.4626965000014402,1190.1206082436195,-36.52155394748583,0.40043275995987554,0.6863080362424848,0,12.369716690577356
bond_length_control,87,21,7,36,1.3845442131715606,957.0208121832497,-3.9181325607782638,0.4550502561416284,0.6863080362424848,0,22.25545761200656
bond_length_control,87,22,7,42,1.3775834015847999,864.7646315159063,-34.35155124745471,0.6045328768455596,0.6863080362424848,0,23.02091900220298
bond_length_control,87,23,7,43,1.506900677466636,556.0292424430266,1.4301796315735402,0.5736992288552907,0.6863080362424848,0,5.669703531600103
bond_length_control,87,24,8,37,1.4534420954300336,993.505260302627,-23.206633719198685,0.532360920904548,0.6863080362424848,0,13.668137904470527
bond_length_control,87,25,8,43,1.4212420212357686,1163.734698899952,-9.401667493613926,0.6283311983150763,0.6863080362424848,0,17.914277299441643
bond_length_control,87,26,8,44,1.3893984479940906,916.8514667689691,-28.7772460728469,0.5261217863352288,0.6863080362424848,0,21.710858910290156
bond_length_control,87,27,9,38,1.4011935797530486,1294.0275434952991,4.940330448078852,0.5860570740864501,0.6863080362424848,0,20.35022996699789
bond_length_control,87,28,9,44,1.4235564781130146,1038.1573884460759,-34.806223416611616,0.5224119643746659,0.6863080362424848,0,17.6229246306392
bond_length_control,87,29,9,45,1.4649057848561882,1023.1846519849528,-38.43464799396505,0.5737769420878087,0.6863080362424848,0,12.054500352224208
bond_length_control,87,30,10,39,1.4846562309528195,555.1021519474314,-81.1731756702023,0.5449690966574372,0.6863080362424848,0,9.145541807537121
bond_length_control,87,31,10,45,1.3124207731305897,-351.99405453104805,-144.83814043216208,0.4733013314804374,0.6863080362424848,0,29.331284102804204
bond_length_control,87,32,10,46,1.3622249107774889,614.1213597578832,-82.30489276134216,0.5653609479825876,0.6863080362424848,0,24.646100041818706
bond_length_control,87,33,11,40,1.3865241578003549,1243.9724467871765,-44.62520156761123,0.6140230431363796,0.6863080362424848,0,22.034401716854696
bond_length_control,87,34,11,46,1.4553593526262998,1420.6054685968738,-0.007796870576167597,0.6707409445646921,0.6863080362424848,0,13.402043811161736
bond_length_control,87,35,11,47,1.4155227999913744,1227.9454007476133,-47.856306705261225,0.6187382285497365,0.6863080362424848,0,18.625180369179056
bond_length_control,87,36,12,47,1.3996420402550005,1304.879928730621,26.463305149918444,0.53693617642397,0.6863080362424848,0,20.532248524366334
bond_length_control,87,37,12,48,1.3657089917376073,870.3405256951035,-24.24701949332888,0.5527512935073244,0.6863080362424848,0,24.285058368943922
bond_length_control,87,38,12,53,1.5380460693438465,1040.9596562488819,0.42263353672787085,0.536252802126725,0.6863080362424848,0,0.43728484990319316
bond_length_control,87,39,13,42,1.462357812081196,1564.2495200944509,-25.13644734827163,0.5782007737672074,0.6863080362424848,0,12.41786057064261
bond_length_control,87,40,13,48,1.4461009675450496,1295.320458296389,8.537923765905175,0.5523947090807826,0.6863080362424848,0,14.673074656073641
bond_length_control,87,41,13,49,1.430861054826249,1146.5222028299863,-13.100207125141313,0.44799467470983956,0.6863080362424848,0,16.68946109869204
bond_length_control,87,42,14,43,1.4603777555527169,1264.6699384960175,-15.379303784255137,0.6359929789685737,0.6863080362424848,0,12.698369174059922
bond_length_control,87,43,14,49,1.4527701995036983,1019.5802353151499,-10.802034162569855,0.5366205279014749,0.6863080362424848,0,13.761032090210009
bond_length_control,87,44,14,50,1.3430583377270968,458.52806169717,-14.53041676057655,0.640501010620854,0.6863080362424848,0,26.553371720477095
bond_length_control,87,45,15,44,1.3918675649653125,1160.9898897288754,4.35097977840595,0.5510480109906591,0.6863080362424848,0,21.430424266542367
bond_length_control,87,46,15,50,1.467745393793857,1062.39734569203,-31.31106343413123,0.6577654546227871,0.6863080362424848,0,11.646363052599808
bond_length_control,87,47,15,51,1.434333310799874,1136.3452391620078,-46.503941968290626,0.5470047180899883,0.6863080362424848,0,16.23827362100222
bond_length_control,87,48,16,45,1.4543285937440267,990.8939305895263,19.725059198793303,0.6119744606229154,0.6863080362424848,0,13.545289664195447
bond_length_control,87,49,16,51,1.511589303080954,481.91809391770613,-11.51435592495296,0.5565661900091016,0.6863080362424848,0,4.90959144804498
bond_length_control,87,50,16,52,1.3693699110016269,756.6624153004371,6.764495722291121,0.6636601964045338,0.6863080362424848,0,23.90088384549902
bond_length_control,87,51,17,46,1.492496337688496,1171.273105655639,53.54018089210579,0.6276535698711476,0.6863080362424848,0,7.9448666896695705
bond_length_control,87,52,17,52,1.4611812058094016,1264.077890125756,-8.40638653850603,0.5872796891506158,0.6863080362424848,0,12.58474289059985
bond_length_control,87,53,17,53,1.4322073830760726,1312.3803265371089,-20.385914489264003,0.5749674795589468,0.6863080362424848,0,16.51509106663382
bond_length_control,87,54,18,53,1.3742515299411462,994.6647443032348,16.491190267127358,0.6346377194635641,0.6863080362424848,0,23.380904866080645
bond_length_control,87,55,18,54,1.4435241264441347,1546.2641418800943,-50.72083358207592,0.6907239422468515,0.6863080362424848,1,15.020609124151466
bond_length_control,87,56,18,59,1.4506459026972989,1343.523429550546,26.94788893581022,0.6733113547304106,0.6863080362424848,0,14.053512148323474
bond_length_control,87,57,19,48,1.4151356874045458,1108.880955186974,-38.81217747165601,0.646817458006003,0.6863080362424848,0,18.672834545311076
bond_length_control,87,58,19,54,1.501620507918092,797.0817727186671,16.854240356568603,0.6864051894086909,0.6863080362424848,1,6.514182018255401
bond_length_control,87,59,19,55,1.4622154539846681,1244.9181481773094,-36.63080165591152,0.5504802707808676,0.6863080362424848,0,12.438082295239177
bond_length_control,87,60,20,49,1.4470983083497728,1413.578284521193,-2.31437004262473,0.5114250749298292,0.6863080362424848,0,14.537839718162203
bond_length_control,87,61,20,55,1.4348392874094296,1240.0799535940266,-10.395138311734616,0.5194879220756369,0.6863080362424848,0,16.17212334581557
bond_length_control,87,62,20,56,1.3980298678995853,1287.0174366712902,31.767767393077143,0.4694093736447018,0.6863080362424848,0,20.72040086823423
bond_length_control,87,63,21,50,1.480038198412267,821.0255087882867,-28.92837950714764,0.6530207294056563,0.6863080362424848,0,9.840478534416995
bond_length_control,87,64,21,56,1.406470147800349,1171.2131099808355,1.9388267292848456,0.5071245454011496,0.6863080362424848,0,19.724267556882086
bond_length_control,87,65,21,57,1.4513493970900073,1097.8044128632846,-0.16294611176563034,0.531219018032647,0.6863080362424848,0,13.956857616414329
bond_length_control,87,66,22,51,1.304118562534494,-654.5065711186134,-172.55228392976753,0.424924137023516,0.6863080362424848,0,30.028132615001137
bond_length_control,87,67,22,57,1.4325845952428513,899.8146179321346,-2.0145263087726835,0.4138831621833056,0.6863080362424848,0,16.466106315425375
bond_length_control,87,68,22,58,1.351405525092858,471.47199806815263,-18.447569393521988,0.41562353947568653,0.6863080362424848,0,25.739048039544564
bond_length_control,87,69,23,52,1.3966764378722314,1117.7777957819992,-5.522540539275658,0.6332395970581388,0.6863080362424848,0,20.877586880117786
bond_length_control,87,70,23,58,1.538821244205001,168.00816071776558,-81.53158890079129,0.5168449931148771,0.6863080362424848,0,0.3014956875662449
bond_length_control,87,71,23,59,1.4943554870222482,991.1822738891527,-12.188078358332689,0.6596010227333163,0.6863080362424848,0,7.656271539509625
bond_length_control,87,72,24,59,1.3511986435958705,949.079233040473,35.17118680184911,0.6711793248391326,0.6863080362424848,0,25.759533328632834
bond_length_control,87,73,24,60,1.4450824295020779,1120.946420139529,36.012531705159965,0.6616099781386658,0.6863080362424848,0,14.810765880432115
bond_length_control,87,74,24,65,1.4546553701221627,1188.7243310787453,26.004653867039103,0.6549204513447208,0.6863080362424848,0,13.499924475082226
bond_length_control,87,75,25,54,1.3800260859345534,999.3965657003346,4.416161032949353,0.6806980615863933,0.6863080362424848,0,22.754371980582278
bond_length_control,87,76,25,60,1.5257754507360446,141.85691982961325,-20.116447692813008,0.6537161273694856,0.6863080362424848,0,2.550521206187881
bond_length_control,87,77,25,61,1.4323922582098096,1065.6209710380108,-3.361853848836376,0.5981878256617608,0.6863080362424848,0,16.491090307997382
bond_length_control,87,78,26,55,1.4313492214582324,987.0151571011662,-49.725456581175976,0.4051418643904178,0.6863080362424848,0,16.62631981841456
bond_length_control,87,79,26,61,1.4191169193758841,1074.491116127438,-35.97012921245893,0.45855654709360877,0.6863080362424848,0,18.17993123654428
bond_length_control,87,80,26,62,1.4246237166926345,1150.9140532346585,-52.24997068181264,0.4615208545233269,0.6863080362424848,0,17.487862628938817
bond_length_control,87,81,27,56,1.4147547213509504,921.7020989395057,-3.9602822696848117,0.44588150161245743,0.6863080362424848,0,18.71967477072149
bond_length_control,87,82,27,62,1.4156506977505219,1005.4669469259208,4.001748621728362,0.5523390401763015,0.6863080362424848,0,18.609423047237698
bond_length_control,87,83,27,63,1.47643642237516,873.1698263476547,-22.46410533375045,0.6096265848959688,0.6863080362424848,0,10.376200514897015
bond_length_control,87,84,28,57,1.4374450544790984,1006.3538216935888,-1.9691336049491477,0.49992845792622076,0.6863080362424848,0,15.829821982834954
bond_length_control,87,85,28,63,1.427857474851477,1168.8518292083895,19.17649603426604,0.6395790685782348,0.6863080362424848,0,17.07586263077665
bond_length_control,87,86,28,64,1.351370440619685,491.33632205103595,-7.9409151312651565,0.4679627463317566,0.6863080362424848,0,25.742523171345837
bond_length_control,87,87,29,58,1.3905887970053608,1003.2696995199382,-53.91357917384261,0.37860564768693117,0.6863080362424848,0,21.57595169076238
bond_length_control,87,88,29,64,1.3387085669800558,246.5121617434486,-11.63693038682879,0.34489955880008616,0.6863080362424848,0,26.967850881097938
bond_length_control,87,89,29,65,1.4033558024208292,1008.9501805063452,9.671434335705605,0.5051028038109586,0.6863080362424848,0,20.095023886382858
bond_length_control,87,90,30,65,1.4643338105796446,927.7906983945613,-34.76360665594228,0.6136419258078525,0.6863080362424848,0,12.136303376910586
bond_length_control,87,91,30,66,1.3840306447836694,877.4391977586829,-42.05107879987943,0.6191284589562203,0.6863080362424848,0,22.312554914738254
bond_length_control,87,92,30,71,1.3887446216603396,910.69921316627,-10.3182941887945,0.5822707902201536,0.6863080362424848,0,21.784731212994153
bond_length_control,87,93,31,60,1.3704026547479773,1137.2924453830542,-7.00632538914616,0.6746958384943076,0.6863080362424848,0,23.791614247121394
bond_length_control,87,94,31,66,1.4611229673749808,938.4901463641793,-19.779843683145014,0.6734928448487303,0.6863080362424848,0,12.592988137422779
bond_length_control,87,95,31,67,1.4261998788561028,1103.0881337721742,-25.343288734078623,0.5987762626543838,0.6863080362424848,0,17.287569036192203
bond_length_control,87,96,32,61,1.3834886069848509,844.9551455062983,-42.362408790241176,0.42770235769992804,0.6863080362424848,0,22.372709690168342
bond_length_control,87,97,32,67,1.403887979546066,1077.4020838674905,-17.05853035680413,0.4073110835677291,0.6863080362424848,0,20.031934834189812
bond_length_control,87,98,32,68,1.4029705444617766,1131.524289683715,-49.88999528152509,0.4483390050781479,0.6863080362424848,0,20.140627627810023
bond_length_control,87,99,33,62,1.5182578937935352,297.5498636215733,-70.34595817912032,0.5977575904582462,0.6863080362424848,0,3.8117855860713394
bond_length_control,87,100,33,68,1.411302100465413,1186.2737922052088,-13.613643599342993,0.6154299304067479,0.6863080362424848,0,19.14159116941056
bond_length_control,87,101,33,69,1.4444121611652234,1173.387316787514,-45.208665933426374,0.5797715702580886,0.6863080362424848,0,14.901146042673865
bond_length_control,87,102,34,63,1.395341019768232,1081.3005825075863,0.7076324453264491,0.558960342406212,0.6863080362424848,0,21.031994125942248
bond_length_control,87,103,34,69,1.4204610811438707,1056.8978575114081,-7.122704703800054,0.4836867774863871,0.6863080362424848,0,18.01210766804758
bond_length_control,87,104,34,70,1.3794986411913712,949.2296076346754,-14.000791477382718,0.5818698878871194,0.6863080362424848,0,22.812115936554413
bond_length_control,87,105,35,64,1.5126237297240805,581.7911754314567,-92.81591078739362,0.3376490842218942,0.6863080362424848,0,4.7405890705507545
bond_length_control,87,106,35,70,1.474783178548835,966.5723380179436,-18.942174810635485,0.5321749519492798,0.6863080362424848,0,10.620264146309317
bond_length_control,87,107,35,71,1.4561092613033069,856.2372672620884,-48.33666954747047,0.4664811936450679,0.6863080362424848,0,13.297553142933713
bond_length_control,272,0,0,36,1.4766867076248007,866.5590683567858,-23.550834508425144,0.47479988099537235,0.6881554696058523,0,17.645291073317246
bond_length_control,272,1,0,41,1.462651921041856,759.0523425860658,21.20298507978572,0.4029202262694034,0.6881554696058523,0,15.92272847205472
bond_length_control,272,2,0,71,1.4586504185074207,896.5548293633459,-6.879490463853017,0.3784884600868362,0.6881554696058523,0,15.426857111660759
bond_length_control,272,3,1,36,1.3644063362164927,316.3837198043118,9.002228307812224,0.2593343187041909,0.6881554696058523,0,3.180146834974587
bond_length_control,272,4,1,37,1.3618611546599386,525.1065000249613,42.87839197101796,0.2568679589698413,0.6881554696058523,0,2.8352607898138693
bond_length_control,272,5,1,66,1.3603401314695862,504.0591499505873,17.803170265377076,0.24204266030769706,0.6881554696058523,0,2.628821715358253
bond_length_control,272,6,2,37,1.493951967153799,518.6805779648615,-20.231535161727535,0.6542382643579869,0.6881554696058523,0,19.728040096527707
bond_length_control,272,7,2,38,1.5491541956850376,-318.6366212365721,-10.058512019788884,0.6181499084194853,0.6881554696058523,0,26.104290957080032
bond_length_control,272,8,2,67,1.38526827942146,830.9273839552833,23.241174280289314,0.5504346120470502,0.6881554696058523,0,5.9803771549124605
bond_length_control,272,9,3,38,1.4032111019427984,1064.6905722857528,36.4786584652258,0.5615980165172224,0.6881554696058523,0,8.349657708956741
bond_length_control,272,10,3,39,1.402975172531453,861.8275798339091,9.98179929434962,0.5444107232179193,0.6881554696058523,0,8.31874502624295
bond_length_control,272,11,3,68,1.4423791672354365,914.712499158506,13.8694318686935,0.5616307975476459,0.6881554696058523,0,13.389263165319056
bond_length_control,272,12,4,39,1.4408944264448333,831.9858318386704,-2.2659350346753704,0.5970984021878776,0.6881554696058523,0,13.20165939012345
bond_length_control,272,13,4,40,1.4187015004453882,899.1079513667248,-21.132181519611834,0.6313546708483613,0.6881554696058523,0,10.36492940822045
bond_length_control,272,14,4,69,1.384312587588118,863.1157519510513,-30.03987776406436,0.6487510950440315,0.6881554696058523,0,5.853153169244445
bond_length_control,272,15,5,40,1.49026927874541,668.7319212302301,-10.19162773037844,0.6229095027619643,0.6881554696058523,0,19.287205258706102
bond_length_control,272,16,5,41,1.372974195950072,577.2077589362511,-15.270710442157268,0.5725155883476662,0.6881554696058523,0,4.335981084906351
bond_length_control,272,17,5,70,1.3872883397074307,1007.5230198631002,-17.125256376463746,0.6397817257034448,0.6881554696058523,0,6.248953733312771
bond_length_control,272,18,6,41,1.3477299219224605,263.72321408443963,11.823056142565292,0.4336374869101132,0.6881554696058523,0,0.9078581102044456
bond_length_control,272,19,6,42,1.389902901005301,992.5463268151128,39.69091680613514,0.5098598277558014,0.6881554696058523,0,6.595886733206882
bond_length_control,272,20,6,47,1.551763549968447,-350.77091216632067,-97.2215240311535,0.24316257961054139,0.6881554696058523,0,26.39455075313922
bond_length_control,272,21,7,36,1.433784347960974,963.630338750188,-18.679314572491716,0.5846684458271204,0.6881554696058523,0,12.29944665994401
bond_length_control,272,22,7,42,1.4503332379724438,1115.2680694597937,30.966036353162433,0.5890111319468396,0.6881554696058523,0,14.389551862941488
bond_length_control,272,23,7,43,1.4239893224496025,995.4341731521415,-22.038653404688148,0.4889419033066069,0.6881554696058523,0,11.046299200964963
bond_length_control,272,24,8,37,1.457107097895644,789.1288950510893,-30.16980148552091,0.6656482068590952,0.6881554696058523,0,15.23505080375157
bond_length_control,272,25,8,43,1.338532222971929,148.00068971969438,-27.69815273157931,0.5723880240729313,0.6881554696058523,0,-0.3578594919576634
bond_length_control,272,26,8,44,1.403193470375803,954.7779108556347,32.092185436572635,0.5934558191906134,0.6881554696058523,0,8.347347755111036
bond_length_control,272,27,9,38,1.4788021131006228,873.3510527098861,-6.179953004967931,0.6612432815415812,0.6881554696058523,0,17.9026514856684
bond_length_control,272,28,9,44,1.4186879561815673,1016.537249018187,19.768382323004875,0.6251392498116011,0.6881554696058523,0,10.363179808870761
bond_length_control,272,29,9,45,1.3756702140951726,906.1865319679443,29.630702141128,0.6856675971232824,0.6881554696058523,0,4.69802264979935
bond_length_control,272,30,10,39,1.346076787489453,393.7925402780625,15.453472964149256,0.6093046041274128,0.6881554696058523,0,0.6810108757938522
bond_length_control,272,31,10,45,1.4390088006094772,1033.1797974910346,-1.9764752141629114,0.6509162130084174,0.6881554696058523,0,12.96300318831682
bond_length_control,272,32,10,46,1.4414331395645763,916.9830727868563,-11.541320898879059,0.5342649664743835,0.6881554696058523,0,13.26976027834824
bond_length_control,272,33,11,40,1.3856876293032672,724.9571923787765,-37.276372311448526,0.5827847548899352,0.6881554696058523,0,6.036169562245869
bond_length_control,272,34,11,46,1.4371140951821166,1071.928327634883,2.1218664121860145,0.47348884857642215,0.6881554696058523,0,12.722749874535474
bond_length_control,272,35,11,47,1.385972130537111,1088.1719295302385,21.026737224313642,0.3419159331760652,0.6881554696058523,0,6.074009747674953
bond_length_control,272,36,12,47,1.3243803896935384,-11.580256807251722,-38.540101272863964,0.28741957776251026,0.6881554696058523,0,-2.322142086216278
bond_length_control,272,37,12,48,1.4148592788738539,1081.4203957521972,18.565944271393548,0.5086027886365284,0.6881554696058523,0,9.867722310846323
bond_length_control,272,38,12,53,1.534564704014107,-67.08279813610163,-59.12255979997225,0.48236123800400266,0.6881554696058523,0,24.462426647481035
bond_length_control,272,39,13,42,1.4850817981726074,714.2657508591418,-37.573835883989574,0.34938704320280817,0.6881554696058523,0,18.66308122115283
bond_length_control,272,40,13,48,1.477774043800502,828.8481637750277,25.3043668572625,0.30387300593156635,0.6881554696058523,0,17.777651584927106
bond_length_control,272,41,13,49,1.4849809858129632,720.8525383476639,-22.036404761777213,0.35053034863118704,0.6881554696058523,0,18.65091573000512
bond_length_control,272,42,14,43,1.4054046136215852,891.6025767669493,-8.480667551292997,0.4120880332257411,0.6881554696058523,0,8.63675147572323
bond_length_control,272,43,14,49,1.387308218671589,983.2860486221886,-2.9977950850373114,0.5133005672943527,0.6881554696058523,0,6.251594446307703
bond_length_control,272,44,14,50,1.3800698352592329,774.0302553550197,17.09047981511312,0.48134730579942947,0.6881554696058523,0,5.287111189039731
bond_length_control,272,45,15,44,1.4509657780127374,945.4888590274961,18.549032677537536,0.5381080307513901,0.6881554696058523,0,14.468753487916697
bond_length_control,272,46,15,50,1.4103893409056214,947.9327115174092,4.451949844179602,0.5862995082073963,0.6881554696058523,0,9.28706732228697
bond_length_control,272,47,15,51,1.415163566132608,842.532868664454,-12.371725568789481,0.5971000476757355,0.6881554696058523,0,9.907163404564129
bond_length_control,272,48,16,45,1.4553410877107664,895.2412931211064,-8.700139628023525,0.6665139050989888,0.6881554696058523,0,15.015190254519425
bond_length_control,272,49,16,51,1.478147050396681,666.2354371548261,-27.69345504576074,0.6649775747116529,0.6881554696058523,0,17.823020781638647
bond_length_control,272,50,16,52,1.338875705760634,269.4305288997703,1.4958885147166034,0.5895102719239337,0.6881554696058523,0,-0.3104356204332088
bond_length_control,272,51,17,46,1.4779844641800706,825.5540478878206,0.3391946824592221,0.5172844480265922,0.6881554696058523,0,17.80324754308615
bond_length_control,272,52,17,52,1.4284121325737922,808.1338690171788,14.274878862275575,0.556932061385571,0.6881554696058523,0,11.613598019343058
bond_length_control,272,53,17,53,1.5076829518003587,457.89343290885313,-0.43995626378622726,0.5806531928677277,0.6881554696058523,0,21.355067992719384
bond_length_control,272,54,18,53,1.3915936892307803,690.1440228943022,-36.258275260703144,0.41765715549846755,0.6881554696058523,0,6.819828420926868
bond_length_control,272,55,18,54,1.394643313107746,737.0561182386591,-4.017995312850986,0.33245649158217294,0.6881554696058523,0,7.222920193309225
bond_length_control,272,56,18,59,1.3586227970904872,462.3374060724528,13.510869934971907,0.4016673239115678,0.6881554696058523,0,2.3954411151777535
bond_length_control,272,57,19,48,1.3976960556860405,1080.9663464658875,39.77117581394607,0.5899807817557006,0.6881554696058523,0,7.625355380694398
bond_length_control,272,58,19,54,1.4239075116319166,1157.3001053265855,26.247616576514883,0.47853856720688015,0.6881554696058523,0,11.035783146673829
bond_length_control,272,59,19,55,1.4400350590993476,1027.2328452980464,-4.834425982461657,0.5855180787514751,0.6881554696058523,0,13.092947922058435
bond_length_control,272,60,20,49,1.4482786101286846,1052.1114672557371,30.653782801695716,0.5450001125915533,0.6881554696058523,0,14.131935333651443
bond_length_control,272,61,20,55,1.442694036782343,914.1187794162745,-1.0912975242875143,0.4938800668877071,0.6881554696058523,0,13.429012732199235
bond_length_control,272,62,20,56,1.4642188229377462,992.1891356100924,20.19120363799846,0.4879239186622181,0.6881554696058523,0,16.11633157462751
bond_length_control,272,63,21,50,1.4696635184766897,683.1299293496031,21.406919773298203,0.4924238939293045,0.6881554696058523,0,16.786558484510962
bond_length_control,272,64,21,56,1.4854727850361757,617.1279597625494,4.400196560597114,0.4673009614948926,0.6881554696058523,0,18.71025031268711
bond_length_control,272,65,21,57,1.4539879598120944,1014.5080163180733,2.10186536807658,0.38456043021390407,0.6881554696058523,0,14.846459526482988
bond_length_control,272,66,22,51,1.3729434134323442,646.2280807099261,-16.89400356704386,0.4555166519110634,0.6881554696058523,0,4.33184275998649
bond_length_control,272,67,22,57,1.5679932541893589,-778.7612119765253,-70.18393234190798,0.3368526487273237,0.6881554696058523,0,28.176381736069814
bond_length_control,272,68,22,58,1.38302118373268,730.5825040829593,-12.561634096088296,0.4412501546396443,0.6881554696058523,0,5.681075365066057
bond_length_control,272,69,23,52,1.391189939517858,836.9499846549478,-24.71941408577176,0.5847581498419934,0.6881554696058523,0,6.766382129154255
bond_length_control,272,70,23,58,1.4192921902412998,990.7824704625623,-32.36098431751793,0.6459589553582934,0.6881554696058523,0,10.441211116058625
bond_length_control,272,71,23,59,1.4597590797694635,921.7977681407009,-34.79886884005011,0.5924894497372502,0.6881554696058523,0,15.564452575183871
bond_length_control,272,72,24,59,1.365370790663242,544.006153835231,-45.18125456686984,0.4796082756303233,0.6881554696058523,0,3.3106533051730915
bond_length_control,272,73,24,60,1.4179637344998497,884.8118800683075,1.0642686758764748,0.40862301273852397,0.6881554696058523,0,10.269595327786531
bond_length_control,272,74,24,65,1.36922978134322,556.1443391159607,-23.79691728714823,0.561428550813414,0.6881554696058523,0,3.831829786052767
bond_length_control,272,75,25,54,1.3952894014603732,898.9145004397483,2.7968803559490185,0.4117109706773198,0.6881554696058523,0,7.308181786180801
bond_length_control,272,76,25,60,1.4210088577294262,891.3570388532726,-1.7810853048354276,0.4099365401149153,0.6881554696058523,0,10.662662917134744
bond_length_control,272,77,25,61,1.411259329516806,864.8458634128037,17.92374140231541,0.5299731409365064,0.6881554696058523,0,9.400266818952137
bond_length_control,272,78,26,55,1.3453568607620479,358.20803917667064,-31.604134629520622,0.6421926859201614,0.6881554696058523,0,0.5821320068605971
bond_length_control,272,79,26,61,1.4699745602948722,1196.4439455656795,-12.708088044876412,0.6534753446347532,0.6881554696058523,0,16.82472871903667
bond_length_control,272,80,26,62,1.4579003484252144,966.7377771876683,1.7879500324185418,0.6202644623017812,0.6881554696058523,0,15.333675771726625
bond_length_control,272,81,27,56,1.3337586425438286,182.99816918658357,-23.37922098115952,0.6088396439828747,0.6881554696058523,0,-1.0181800806141297
bond_length_control,272,82,27,62,1.4035874269051787,907.551655224144,8.456450067050962,0.5928675685899835,0.6881554696058523,0,8.398952290094087
bond_length_control,272,83,27,63,1.4762188857051446,785.502828240605,-5.217428792488796,0.6415779667899335,0.6881554696058523,0,17.588294706598777
bond_length_control,272,84,28,57,1.4357755617954269,820.7181263633119,8.745034508161043,0.522273493330499,0.6881554696058523,0,12.552750760774709
bond_length_control,272,85,28,63,1.3499044339325905,479.93411553540756,11.827886800587786,0.6377523474185463,0.6881554696058523,0,1.205816417291171
bond_length_control,272,86,28,64,1.421627486482463,1091.568193231807,11.10739906003957,0.6429504369157178,0.6881554696058523,0,10.742379404954786
bond_length_control,272,87,29,58,1.5045118114186533,382.3627784580263,-34.45560458139331,0.6858426134080935,0.6881554696058523,0,20.98165873115934
bond_length_control,272,88,29,64,1.3839240027024111,1009.8514511380831,-12.741909629782555,0.7021220510809918,0.6881554696058523,1,5.801394454067303
bond_length_control,272,89,29,65,1.4539765386392123,942.6788709668166,-36.32478157010731,0.714193382970141,0.6881554696058523,1,14.845034339457928
bond_length_control,272,90,30,65,1.5042504418341427,396.9752799557598,0.582286976278365,0.6654719106465852,0.6881554696058523,0,20.950818527497873
bond_length_control,272,91,30,66,1.4138807909858728,1327.6680152854713,-17.919827938602612,0.6497627104379489,0.6881554696058523,0,9.740817795882853
bond_length_control,272,92,30,71,1.355870100229959,332.53907383597505,-18.02676895413543,0.5707429479259065,0.6881554696058523,0,2.020702546420903
bond_length_control,272,93,31,60,1.4000056889859762,1064.8465150732895,-2.3717085916677045,0.5266608680363204,0.6881554696058523,0,7.929113824116753
bond_length_control,272,94,31,66,1.4742061863240825,849.8412194347954,17.668635696351096,0.663757205902574,0.6881554696058523,0,17.342746398569027
bond_length_control,272,95,31,67,1.4263174698451468,815.7349638010444,5.650194776085686,0.5747788522537816,0.6881554696058523,0,11.34522040730878
bond_length_control,272,96,32,61,1.3884939277158599,966.1568811483627,12.45016675190418,0.5746340305416204,0.6881554696058523,0,6.409022644586702
bond_length_control,272,97,32,67,1.3642134435966382,639.9137516377336,-8.511961415663668,0.5027154139374906,0.6881554696058523,0,3.154033257855419
bond_length_control,272,98,32,68,1.4262752838465955,998.2877017083897,-4.994162389301924,0.5704634913403491,0.6881554696058523,0,11.33980983721465
bond_length_control,272,99,33,62,1.3957307147678037,778.1059694248012,-22.01858665457818,0.5693778406185646,0.6881554696058523,0,7.366392503619489
bond_length_control,272,100,33,68,1.355483403622705,499.5696656741198,-16.514668409228026,0.5984181837502651,0.6881554696058523,0,1.9679951442222219
bond_length_control,272,101,33,69,1.4331020702380592,887.6174947679215,-46.16048771432205,0.6328508022766923,0.6881554696058523,0,12.212540452741804
bond_length_control,272,102,34,63,1.4199233841777372,990.6970781753313,-5.28297720077736,0.6375504247431251,0.6881554696058523,0,10.522677081805783
bond_length_control,272,103,34,69,1.4929114954212035,694.4903875035599,-5.499071567012667,0.6523129882013028,0.6881554696058523,0,19.603680410652164
bond_length_control,272,104,34,70,1.487815870981913,562.9607113908353,-22.649904205034613,0.6517887869471131,0.6881554696058523,0,18.99248591794938
bond_length_control,272,105,35,64,1.4795904948901761,684.4639930814044,-13.652146804378779,0.6694056716929775,0.6881554696058523,0,17.99841211662079
bond_length_control,272,106,35,70,1.4772933388401066,674.4475373163397,-12.311832664351797,0.6784459443997939,0.6881554696058523,0,17.71915535021435
bond_length_control,272,107,35,71,1.3555789982095914,378.6202107837192,12.268309346081141,0.586748040861448,0.6881554696058523,0,1.9810263220855244
bond_length_control,216,0,0,36,1.577275804620516,-839.8423938022395,-95.49614883099825,0.2227290210755276,0.686293824712414,0,26.746112645360153
bond_length_control,216,1,0,41,1.2890980976895718,-1096.3794444328075,-136.34958203574996,0.07523590443231282,0.686293824712414,0,-32.44055106287364
bond_length_control,216,2,0,71,1.4647945168876988,740.976015816319,55.679134438426814,0.3165570392608018,0.686293824712414,0,6.822667910021205
bond_length_control,216,3,1,36,1.4160139612200675,1263.4890779031496,45.10960316345979,0.5913580615510852,0.686293824712414,0,-3.173765138951042
bond_length_control,216,4,1,37,1.4728761922176914,992.7348217393563,50.150708501076046,0.6637529124408601,0.686293824712414,0,8.404105020608558
bond_length_control,216,5,1,66,1.3605362235755984,365.1962797113084,5.600259616612243,0.683298724826287,0.686293824712414,0,-15.424104557415696
bond_length_control,216,6,2,37,1.4592216142594043,1631.0129989876616,156.84817029672772,0.494537368836507,0.686293824712414,0,5.7194773407694255
bond_length_control,216,7,2,38,1.507203274900311,1754.5875855264744,111.81644885193442,0.513364455374336,0.686293824712414,0,14.87228091170455
bond_length_control,216,8,2,67,1.2975200124296349,-1130.4331838700646,82.62437454917699,0.4073351006166256,0.686293824712414,0,-30.36713912305338
bond_length_control,216,9,3,38,1.4079689039625443,1161.1273819414664,31.52301258270322,0.5714884881254237,0.686293824712414,0,-4.894026804908823
bond_length_control,216,10,3,39,1.3642450617389035,523.9135032422389,-27.02144442370083,0.5807377156182973,0.686293824712414,0,-14.577593035715104
bond_length_control,216,11,3,68,1.414905891413333,893.6114138989235,31.10365713058786,0.571418854149837,0.686293824712414,0,-3.4095324980964876
bond_length_control,216,12,4,39,1.4933992160044904,438.5079680769803,6.5734689049143995,0.5695420612425106,0.686293824712414,0,12.320433939854958
bond_length_control,216,13,4,40,1.45271493499573,787.6532256382895,24.818617579630207,0.5267210176548872,0.686293824712414,0,4.418495296041388
bond_length_control,216,14,4,69,1.4438505873422611,754.9781969105987,-36.36370455417629,0.5190453606683042,0.686293824712414,0,2.6239308359591256
bond_length_control,216,15,5,40,1.3921728906281472,761.459054177068,52.37212231987148,0.545814071477092,0.686293824712414,0,-8.32819168110963
bond_length_control,216,16,5,41,1.5296114121029891,-100.87201677154268,-32.59246037523644,0.34067083350102323,0.686293824712414,0,18.86933780777739
bond_length_control,216,17,5,70,1.3825808275558156,918.2937930362443,88.83121325734682,0.5967545213058291,0.686293824712414,0,-10.4494045077803
bond_length_control,216,18,6,41,1.423132327420138,767.6298325397378,35.08023785869703,0.44363414839801407,0.686293824712414,0,-1.6681576101276958
bond_length_control,216,19,6,42,1.4596861848220046,931.2181185528368,21.748566379172743,0.6397981351307311,0.686293824712414,0,5.811834338102167
bond_length_control,216,20,6,47,1.3632141461133056,821.3352464746828,77.82352714563332,0.6888848934853442,0.686293824712414,1,-14.812507688829463
bond_length_control,216,21,7,36,1.4422759271323056,906.7576989670579,10.397944909525567,0.5229530419044839,0.686293824712414,0,2.3024950605040706
bond_length_control,216,22,7,42,1.4327698726872296,716.9924439340598,15.686679450647583,0.5716239119939861,0.686293824712414,0,0.34523386805032885
bond_length_control,216,23,7,43,1.4034817949738767,1027.31024356957,12.387859318181292,0.5684447891460249,0.686293824712414,0,-5.861995736867256
bond_length_control,216,24,8,37,1.4099219172370374,968.2841053646317,-1.022277271964838,0.4755741036900032,0.686293824712414,0,-4.474612327414806
bond_length_control,216,25,8,43,1.4131269758793508,785.6722123345369,26.361075484085582,0.4486710000417693,0.686293824712414,0,-3.7888214356259042
bond_length_control,216,26,8,44,1.4175956529199045,868.7897414145394,39.49040254399084,0.43021936758005735,0.686293824712414,0,-2.8378747436824536
bond_length_control,216,27,9,38,1.475048152561588,537.2474133741839,38.781235159234164,0.6810261874181975,0.686293824712414,0,8.825375983843742
bond_length_control,216,28,9,44,1.4165655470942453,845.9416391621801,35.85762256010344,0.6168443647704228,0.686293824712414,0,-3.056542525799591
bond_length_control,216,29,9,45,1.38111574462722,595.264142353273,54.718036036411235,0.6582463438185988,0.686293824712414,0,-10.775741687639364
bond_length_control,216,30,10,39,1.4355025600125257,906.9356172048331,-2.9778207183709107,0.5637978930589711,0.686293824712414,0,0.9108199230475695
bond_length_control,216,31,10,45,1.4458382570973571,910.4894048304765,6.51286204927265,0.5317688219664989,0.686293824712414,0,3.0285373748989786
bond_length_control,216,32,10,46,1.4620664185905463,884.3808319071072,22.85331872723747,0.4633992397718989,0.686293824712414,0,6.283908856994748
bond_length_control,216,33,11,40,1.364940565329184,392.82085977732896,42.48599743773959,0.630160751752427,0.686293824712414,0,-14.419275854011936
bond_length_control,216,34,11,46,1.5165839400327854,245.73454354189457,55.4819923142158,0.5725831420529781,0.686293824712414,0,16.56772180712357
bond_length_control,216,35,11,47,1.4296695245009674,976.030196876323,44.51969137671985,0.6702682588636883,0.686293824712414,0,-0.29929493231218895
bond_length_control,216,36,12,47,1.4904949728267243,534.9626817387878,11.118996655325647,0.5579923400172402,0.686293824712414,0,11.775037966039296
bond_length_control,216,37,12,48,1.4910748505732245,770.8199136520832,1.4476859473808932,0.449460382744072,0.686293824712414,0,11.884169195704672
bond_length_control,216,38,12,53,1.322006901781384,-312.4279502795636,-65.39242229624153,0.474424580925103,0.686293824712414,0,-24.438273710327962
bond_length_control,216,39,13,42,1.325010579016772,-203.96961062151973,45.21761257740731,0.5891552256421537,0.686293824712414,0,-23.721466386468784
bond_length_control,216,40,13,48,1.4368748353535499,652.6607938217008,6.690992799814395,0.5297100267235986,0.686293824712414,0,1.1939498967741073
bond_length_control,216,41,13,49,1.4510873865609957,881.3150819531279,-11.44881151517907,0.585592665783605,0.686293824712414,0,4.090910513106372
bond_length_control,216,42,14,43,1.5047239444935023,281.67659454741545,-22.937330140633332,0.5175506936477074,0.686293824712414,0,14.41890967000608
bond_length_control,216,43,14,49,1.3408025662448015,146.12416508819015,30.343426815413455,0.51716725663712,0.686293824712414,0,-19.991478709822317
bond_length_control,216,44,14,50,1.3676291269066039,560.4063338569787,40.19028196357948,0.5369217339912153,0.686293824712414,0,-13.808549849602684
bond_length_control,216,45,15,44,1.4846075687210625,756.6891692978833,42.60436659655067,0.4939437839513744,0.686293824712414,0,10.660457512324502
bond_length_control,216,46,15,50,1.443658578140514,864.6294801522582,51.75471689472829,0.5317664567565942,0.686293824712414,0,2.584778526698538
bond_length_control,216,47,15,51,1.4597757206165831,798.4426675107014,44.6393243435213,0.5456951421541442,0.686293824712414,0,5.829625945485876
bond_length_control,216,48,16,45,1.4401800280397026,894.1940536865819,38.82116041162219,0.626627279669815,0.686293824712414,0,1.8734273387373883
bond_length_control,216,49,16,51,1.3515439945251781,414.5248558679598,70.96237060239535,0.6369766588244088,0.686293824712414,0,-17.492247286865037
bond_length_control,216,50,16,52,1.432982620080033,888.3021905769115,43.67244269145583,0.6629759859097561,0.686293824712414,0,0.3893509152070016
bond_length_control,216,51,17,46,1.3268529852264972,-314.01397328951754,-17.565356292581324,0.5156402872517329,0.686293824712414,0,-23.282941045273066
bond_length_control,216,52,17,52,1.3823836321445238,597.7835883954767,51.47270972583044,0.6203585756862741,0.686293824712414,0,-10.493292455876588
bond_length_control,216,53,17,53,1.433471233834455,858.6816684704446,5.051380323830981,0.529757644970306,0.686293824712414,0,0.4906198737288472
bond_length_control,216,54,18,53,1.422064918538509,737.4944391095563,-8.96340525058617,0.44851789396991537,0.686293824712414,0,-1.8929299525296632
bond_length_control,216,55,18,54,1.4122537806525826,865.932528120997,23.36407931748656,0.47468270578395033,0.686293824712414,0,-3.9753511205599246
bond_length_control,216,56,18,59,1.42534524428055,747.5765494364814,-0.247432486790369,0.45383247229273693,0.686293824712414,0,-1.2032920674764194
bond_length_control,216,57,19,48,1.435249628239922,985.3492203558251,-1.3045109498982193,0.5090931701359893,0.686293824712414,0,0.8585695555110857
bond_length_control,216,58,19,54,1.4452460901971826,700.4730483541705,0.9578678139988868,0.5602221801310552,0.686293824712414,0,2.908129846123278
bond_length_control,216,59,19,55,1.4081554127934812,801.4502697006118,-14.895759038497808,0.4377909764814822,0.686293824712414,0,-4.853923822385438
bond_length_control,216,60,20,49,1.3839126511078235,754.4816704001806,20.444597319955854,0.5818072229783664,0.686293824712414,0,-10.153286466007547
bond_length_control,216,61,20,55,1.328730166662616,-101.22588260790305,45.85616600590623,0.45462239026385287,0.686293824712414,0,-22.837043821880954
bond_length_control,216,62,20,56,1.4528399698333176,832.4357997994279,30.2971699736448,0.6170193670371138,0.686293824712414,0,4.443625997153627
bond_length_control,216,63,21,50,1.4166709885033284,875.5235680171309,27.061560735558114,0.5641578633743056,0.686293824712414,0,-3.03414480139997
bond_length_control,216,64,21,56,1.3690798072427395,606.0841500117501,45.303913866972756,0.5796155300789577,0.686293824712414,0,-13.479858200607133
bond_length_control,216,65,21,57,1.4201091098930139,852.2187981687042,34.46118962976831,0.5748240881166545,0.686293824712414,0,-2.305692949122582
bond_length_control,216,66,22,51,1.411291375937245,896.6099916839188,23.55727497173419,0.6406490499695309,0.686293824712414,0,-4.181205915815235
bond_length_control,216,67,22,57,1.3951530858360013,1003.9372096408728,55.054029900829306,0.6373865893143298,0.686293824712414,0,-7.6746140970512915
bond_length_control,216,68,22,58,1.4666477416369281,676.475624711371,25.621129156184004,0.6624444422464073,0.686293824712414,0,7.187240896788224
bond_length_control,216,69,23,52,1.4802382019941545,537.0091418321856,18.119946873222734,0.6851146926828288,0.686293824712414,0,9.825556479306655
bond_length_control,216,70,23,58,1.363137200322377,512.1729183768841,32.54160306332081,0.6809107578743577,0.686293824712414,0,-14.830053173590997
bond_length_control,216,71,23,59,1.4783319680413913,562.4602105543914,7.319998685790647,0.5998283402896822,0.686293824712414,0,9.459267983089806
bond_length_control,216,72,24,59,1.4354676406810745,887.2557287997503,36.84051987523758,0.6244699029928418,0.686293824712414,0,0.903607530463713
bond_length_control,216,73,24,60,1.3637752439792865,339.00609133674,75.11037831800422,0.7025896713971839,0.686293824712414,1,-14.684613694871963
bond_length_control,216,74,24,65,1.476967920978945,682.7219980913114,46.687540316271026,0.6940545710531216,0.686293824712414,1,9.196403214942364
bond_length_control,216,75,25,54,1.4576118459241731,857.7595820021255,43.90970229603296,0.6390995499885099,0.686293824712414,0,5.398904235584546
bond_length_control,216,76,25,60,1.468517326280184,854.6308112724108,44.784033889254744,0.6963690849016386,0.686293824712414,1,7.5538709842301754
bond_length_control,216,77,25,61,1.366136215578689,749.2086141865072,74.18272352401458,0.5828366861707656,0.686293824712414,0,-14.14742586595617
bond_length_control,216,78,26,55,1.5444050623650332,-38.90981016382433,17.305566009469032,0.4662053473245893,0.686293824712414,0,21.40687376548443
bond_length_control,216,79,26,61,1.3666804110947868,533.0538017272067,95.9914410861932,0.532373687156418,0.686293824712414,0,-14.023826663049043
bond_length_control,216,80,26,62,1.4482346183939956,915.4557651915254,29.867910426248905,0.5649771822597983,0.686293824712414,0,3.514643766205391
bond_length_control,216,81,27,56,1.5262976824047014,158.31655457152604,32.03960723073877,0.6079710545904211,0.686293824712414,0,18.289784477802826
bond_length_control,216,82,27,62,1.4101758611419706,802.071032774862,-6.764875147561775,0.5443459127523693,0.686293824712414,0,-4.420161960443618
bond_length_control,216,83,27,63,1.3941862150148667,931.8761814547826,11.043104353244876,0.6069035978060324,0.686293824712414,0,-7.8863694077972
bond_length_control,216,84,28,57,1.497608512234469,592.9036988437999,19.087705151164776,0.4558311837938116,0.686293824712414,0,13.105684560522082
bond_length_control,216,85,28,63,1.5050343493788296,382.56994434671947,18.68461251494127,0.4595551689717262,0.686293824712414,0,14.475790163733677
bond_length_control,216,86,28,64,1.3079501719758195,-649.5377946959311,-81.86794209137757,0.38723486650931915,0.686293824712414,0,-27.82339149313187
bond_length_control,216,87,29,58,1.4413644171515663,846.7334343843427,58.936081941289785,0.6002045650339005,0.686293824712414,0,2.1160653463409833
bond_length_control,216,88,29,64,1.4081907252735553,892.8340566046696,22.720291931167395,0.5065503948173306,0.686293824712414,0,-4.846332142094909
bond_length_control,216,89,29,65,1.4033728902466456,931.046107140997,43.30166848490286,0.5887068155095048,0.686293824712414,0,-5.885563973292341
bond_length_control,216,90,30,65,1.4511988250990195,882.6644211269065,10.151574341684078,0.5670299869264916,0.686293824712414,0,4.113367789605863
bond_length_control,216,91,30,66,1.4633674182113836,996.4132546142863,28.174754050444054,0.569881534466614,0.686293824712414,0,6.541145134745427
bond_length_control,216,92,30,71,1.4335658716690638,843.4543475843296,5.222133168358189,0.5717688893766864,0.686293824712414,0,0.5102255904634534
bond_length_control,216,93,31,60,1.4253124355550992,1412.4546475813106,78.34457493279525,0.6259216345858456,0.686293824712414,0,-1.2101730616096757
bond_length_control,216,94,31,66,1.5013226905776724,534.7915503396306,52.0087659298708,0.6202380817819055,0.686293824712414,0,13.793404726338476
bond_length_control,216,95,31,67,1.4352041617944669,1058.357692163416,74.80714368330835,0.5134900011765973,0.686293824712414,0,0.8491750009003551
bond_length_control,216,96,32,61,1.4262160130017016,728.5898593646937,72.69106187650947,0.5062330433041466,0.686293824712414,0,-1.0207876034461867
bond_length_control,216,97,32,67,1.467449990091574,921.711838286824,78.1112166091858,0.5073338086257713,0.686293824712414,0,7.344706844078941
bond_length_control,216,98,32,68,1.47085133967112,995.1990079557547,11.708817342755435,0.6132935294078948,0.686293824712414,0,8.009934165721496
bond_length_control,216,99,33,62,1.4288366384297155,934.2045788861151,-15.19679907345252,0.5588969585944457,0.686293824712414,0,-0.472956798511474
bond_length_control,216,100,33,68,1.3685468599273598,639.5763276555144,18.680365669340905,0.6333539495948135,0.686293824712414,0,-13.600543480047644
bond_length_control,216,101,33,69,1.432587791101703,775.9375805195348,-26.01179570741929,0.5921761104890675,0.686293824712414,0,0.30746461140280834
bond_length_control,216,102,34,63,1.4251606112228064,947.6448034047534,32.03767002217971,0.612076016836833,0.686293824712414,0,-1.2420196299479664
bond_length_control,216,103,34,69,1.391789022690215,772.121650385194,23.790363605218698,0.5827974836777917,0.686293824712414,0,-8.412566182120115
bond_length_control,216,104,34,70,1.4382589714816956,867.2580173964797,2.249435686570142,0.6414135904931118,0.686293824712414,0,1.4789218147255978
bond_length_control,216,105,35,64,1.4410293412512245,919.4087221039305,1.9073977778435447,0.6044820759400223,0.686293824712414,0,2.0474660025454003
bond_length_control,216,106,35,70,1.486906636709671,561.5231764134578,-14.374464196362533,0.7061399520587082,0.686293824712414,1,11.09713249957171
bond_length_control,216,107,35,71,1.3555066919424585,671.2309549833377,62.03454819927278,0.6913773990823913,0.686293824712414,1,-16.57812582555275
bond_length_control,99,0,0,36,1.3952778937924082,1270.9118841491043,28.89219917567261,0.6523632026656594,0.6893684729333224,0,7.633167449111927
bond_length_control,99,1,0,41,1.4310879081560666,1408.2836250678215,54.85471525459148,0.5729832174597548,0.6893684729333224,0,5.2699855457998215
bond_length_control,99,2,0,71,1.4676574620062197,1039.8000428422445,22.044822301836195,0.5488820011023092,0.6893684729333224,0,2.6295272691126645
bond_length_control,99,3,1,36,1.4641297904183548,1055.737219137371,2.4823840757351516,0.6696317176447264,0.6893684729333224,0,2.8945195240011796
bond_length_control,99,4,1,37,1.4871363416473544,777.5190368847334,-32.59222392919832,0.6749060946675824,0.6893684729333224,0,1.125899019540472
bond_length_control,99,5,1,66,1.3609596931199148,699.9097918928001,-61.92734488842852,0.47904056210897195,0.6893684729333224,0,9.700125182188852
bond_length_control,99,6,2,37,1.4146969108198413,1122.3608577785442,3.960282069636889,0.6039713271358198,0.6893684729333224,0,6.3783996721118905
bond_length_control,99,7,2,38,1.4285716894116385,1672.328901451306,102.48711027802295,0.5465070062422893,0.6893684729333224,0,5.443112935201394
bond_length_control,99,8,2,67,1.4634277341083601,895.3349654356422,-32.100709381853335,0.6311053982247982,0.6893684729333224,0,2.9469914281572196
bond_length_control,99,9,3,38,1.4409808026597435,1359.3608902824242,73.72818768604819,0.628591441905097,0.6893684729333224,0,4.5787465167068415
bond_length_control,99,10,3,39,1.4854526873123652,798.8578243253789,14.21535426658669,0.6364217410923189,0.6893684729333224,0,1.2585892186203553
bond_length_control,99,11,3,68,1.3719424198585595,897.4137116652506,-18.894123193930746,0.6810061642249114,0.6893684729333224,0,9.059195808358178
bond_length_control,99,12,4,39,1.424306556894283,1223.540177832682,66.20878323693378,0.5183894354227803,0.6893684729333224,0,5.734101659283629
bond_length_control,99,13,4,40,1.4600560396758386,1266.4991327174112,45.513467433386104,0.5075968755117294,0.6893684729333224,0,3.1977694994579693
bond_length_control,99,14,4,69,1.4320139647036425,1136.9343178069257,79.06073855440899,0.5910215510218504,0.6893684729333224,0,5.205995319883727
bond_length_control,99,15,5,40,1.421409255525466,1067.4168993907635,23.953652935981058,0.5215094495008914,0.6893684729333224,0,5.930003429813998
bond_length_control,99,16,5,41,1.4199146660146196,1179.8777147519643,33.30845136017675,0.49728166888949027,0.6893684729333224,0,6.030503612273479
bond_length_control,99,17,5,70,1.3444407768812543,615.314853139371,-104.02598597544102,0.5749518291660908,0.6893684729333224,0,10.62847183974965
bond_length_control,99,18,6,41,1.4500041159604158,1239.7017165921134,44.254547815167165,0.5623708780940724,0.6893684729333224,0,3.9334544879534805
bond_length_control,99,19,6,42,1.4041579268143196,1023.2152375672639,-27.027743695539673,0.632296914953197,0.6893684729333224,0,7.067155589884271
bond_length_control,99,20,6,47,1.4641720040969162,1082.0748396766196,81.304517683773,0.6282586989100218,0.6893684729333224,0,2.8913616577503447
bond_length_control,99,21,7,36,1.3504144157683418,736.4301862221234,-48.375830249942894,0.6506013267009765,0.6893684729333224,0,10.2976597351457
bond_length_control,99,22,7,42,1.4612646778881322,902.6144283961887,-13.364029070611467,0.6411473783541963,0.6893684729333224,0,3.1081066533125914
bond_length_control,99,23,7,43,1.412120526414277,1188.5048296728764,24.96057088486617,0.5395781596619592,0.6893684729333224,0,6.548490629207405
bond_length_control,99,24,8,37,1.4754766903237728,771.2323608670808,-45.14702455584249,0.6783281993571759,0.6893684729333224,0,2.0341971523047278
bond_length_control,99,25,8,43,1.4314892480523784,1201.1768432034123,53.75159514426628,0.5620306552953027,0.6893684729333224,0,5.242271156227414
bond_length_control,99,26,8,44,1.38105814429307,939.9888343102726,1.1159113891670291,0.6242558386322978,0.6893684729333224,0,8.512616176235317
bond_length_control,99,27,9,38,1.5224653899941771,550.6882020560836,-6.953856375870093,0.5665838138891357,0.6893684729333224,0,-1.7798709506069263
bond_length_control,99,28,9,44,1.369840121017628,914.5835773339039,-4.047690621910433,0.569975774057788,0.6893684729333224,0,9.18336290684979
bond_length_control,99,29,9,45,1.4170163676458452,1228.4303304779826,44.59525379089498,0.5063047380607663,0.6893684729333224,0,6.224315979546015
bond_length_control,99,30,10,39,1.4336383690555357,1203.196865297012,25.402275159166432,0.5338179696109242,0.6893684729333224,0,5.0933935672083095
bond_length_control,99,31,10,45,1.4353534344742422,1131.9293851392574,23.858907312555168,0.46570859459533287,0.6893684729333224,0,4.974014437978388
bond_length_control,99,32,10,46,1.4006738712048694,1158.054430144965,36.91938028749509,0.5763288515066138,0.6893684729333224,0,7.290781672975566
bond_length_control,99,33,11,40,1.4413507468315678,1189.5924852270205,52.60986536340734,0.564083157846154,0.6893684729333224,0,4.552569330961103
bond_length_control,99,34,11,46,1.3791743196122297,951.2260098995035,-7.72878393282006,0.6173865996528947,0.6893684729333224,0,8.626664732120975
bond_length_control,99,35,11,47,1.4117443059031591,1108.809544388652,38.63457806307992,0.6057431980507022,0.6893684729333224,0,6.573235213913093
bond_length_control,99,36,12,47,1.4495254302786742,1455.8294820491978,98.81106492098975,0.24688966200654355,0.6893684729333224,0,3.9680447270954877
bond_length_control,99,37,12,48,1.2704604035168754,-1802.2724179385505,-974.8657523759887,0.08140266590968148,0.6893684729333224,0,14.282619395262287
bond_length_control,99,38,12,53,1.55333753754407,-273.7161560566091,-243.70134357610536,0.19410873705948695,0.6893684729333224,0,-4.5139161794234335
bond_length_control,99,39,13,42,1.4319337157112662,1391.8957339279655,65.41840395242961,0.5301185975902192,0.6893684729333224,0,5.2115463277397325
bond_length_control,99,40,13,48,1.4359386454988354,1108.7197109517147,33.198920944899534,0.36059338545018194,0.6893684729333224,0,4.9331641194519005
bond_length_control,99,41,13,49,1.4628433409085704,917.9445580635473,4.55369866831834,0.5456912126512673,0.6893684729333224,0,2.9906021201367627
bond_length_control,99,42,14,43,1.4240894280828373,1142.1225216008186,17.408068669261493,0.5005819813099737,0.6893684729333224,0,5.748832332095411
bond_length_control,99,43,14,49,1.400252673546344,1064.6283779757157,25.192903139128806,0.6177238150632589,0.6893684729333224,0,7.31768033243935
bond_length_control,99,44,14,50,1.4503281157367895,1170.0611192483245,58.75555535874799,0.6530927119318033,0.6893684729333224,0,3.9100191647834284
bond_length_control,99,45,15,44,1.4354314862908337,998.5660068337272,19.008735173123107,0.5642283788260418,0.6893684729333224,0,4.968569490074764
bond_length_control,99,46,15,50,1.4914856416419717,642.7506295959911,0.7731051643249041,0.6545139261108764,0.6893684729333224,0,0.7807189744802256
bond_length_control,99,47,15,51,1.3276406306564732,184.67437023671613,-193.71122707808604,0.5372712882567947,0.6893684729333224,0,11.529494798977922
bond_length_control,99,48,16,45,1.4280763974700144,1492.4823680387199,42.40327099768683,0.5473049552442046,0.6893684729333224,0,5.4770636201805285
bond_length_control,99,49,16,51,1.4799003374640132,886.278498310261,12.033901416399873,0.5840189006719794,0.6893684729333224,0,1.6925038787877567
bond_length_control,99,50,16,52,1.3498964485508096,476.55519576249793,-133.45044141267653,0.6564310088726637,0.6893684729333224,0,10.326562869465441
bond_length_control,99,51,17,46,1.4868790981195366,738.1088199752285,-13.72388822328064,0.6648476723899552,0.6893684729333224,0,1.1462062111906928
bond_length_control,99,52,17,52,1.4821012895703054,906.1191786386738,23.726920827757112,0.6633534691071333,0.6893684729333224,0,1.5211726513145307
bond_length_control,99,53,17,53,1.380055403993674,1074.2111080422312,51.71898773860656,0.6004233458407063,0.6893684729333224,0,8.57339424007101
bond_length_control,99,54,18,53,1.419191841171508,1154.7067301996053,66.56371880690898,0.4695738053321956,0.6893684729333224,0,6.078972587394507
bond_length_control,99,55,18,54,1.4201794142353472,1095.524145820496,56.60503895916176,0.4358911375904254,0.6893684729333224,0,6.012728812556863
bond_length_control,99,56,18,59,1.4445125995750396,1260.2646472969961,60.83079194928974,0.5631571148652614,0.6893684729333224,0,4.327866232231717
bond_length_control,99,57,19,48,1.4682900394520144,895.9050546386873,-10.269160452447288,0.44846047264887573,0.6893684729333224,0,2.5817736500126323
bond_length_control,99,58,19,54,1.4041646998611172,1242.8559829577512,61.74983242383411,0.5274838760569109,0.6893684729333224,0,7.066718897872537
bond_length_control,99,59,19,55,1.3916108903505433,1152.074762844201,15.164183814292402,0.599554444396956,0.6893684729333224,0,7.863115131666559
bond_length_control,99,60,20,49,1.3691116641820165,944.6191308563785,-9.294729638570018,0.6863329081685983,0.6893684729333224,0,9.226223246988795
bond_length_control,99,61,20,55,1.4583020479008901,1048.052547255351,24.71558520346241,0.6523290527155933,0.6893684729333224,0,3.3274280241521867
bond_length_control,99,62,20,56,1.489792017946348,932.8186872306034,60.49715880025694,0.6386874259331325,0.6893684729333224,0,0.9155460556549677
bond_length_control,99,63,21,50,1.3925216990724605,1076.5153178957717,9.21293879721051,0.6357266420567289,0.6893684729333224,0,7.806206437579364
bond_length_control,99,64,21,56,1.3950347390893878,1208.6272694721733,30.12932983182802,0.5527122629527187,0.6893684729333224,0,7.648483269032633
bond_length_control,99,65,21,57,1.4497158138714759,1038.4706926418364,46.01264940800286,0.6072790569331985,0.6893684729333224,0,3.9542922600457473
bond_length_control,99,66,22,51,1.5100465912950438,603.2536315287347,21.597194904647914,0.4762632810958686,0.6893684729333224,0,-0.73176160905681
bond_length_control,99,67,22,57,1.4423877941975165,1204.350244720891,23.925358798198626,0.5650583338264198,0.6893684729333224,0,4.479061279420564
bond_length_control,99,68,22,58,1.3153675920989896,-10.080947948946207,-176.60772065704361,0.4764074451573974,0.6893684729333224,0,12.160758198954706
bond_length_control,99,69,23,52,1.3992547644531308,1223.8827238367442,38.91936723556758,0.6050911123674116,0.6893684729333224,0,7.381292139756156
bond_length_control,99,70,23,58,1.400031666010393,1142.4302630885065,18.844122427398652,0.532823168228256,0.6893684729333224,0,7.331782658096495
bond_length_control,99,71,23,59,1.4787104272193827,957.7931471716768,12.053562210890545,0.6357442986340504,0.6893684729333224,0,1.7847644778684177
bond_length_control,99,72,24,59,1.3988010816067669,1100.21317678492,-11.508421239294297,0.5934680069070642,0.6893684729333224,0,7.410157835013697
bond_length_control,99,73,24,60,1.4343604846189026,1135.4183963184737,30.7982399197897,0.46826638498421924,0.6893684729333224,0,5.043191631217193
bond_length_control,99,74,24,65,1.4129397793022083,1161.2609291551746,44.937934248142895,0.5789896666034842,0.6893684729333224,0,6.494525021151584
bond_length_control,99,75,25,54,1.4282346451321806,1107.4801641535953,18.133308128425522,0.47398886212528696,0.6893684729333224,0,5.466220807109305
bond_length_control,99,76,25,60,1.419391306627033,1236.164246770709,20.62189121484428,0.4760532174772779,0.6893684729333224,0,6.065606274289498
bond_length_control,99,77,25,61,1.4581918625480277,1035.485864612191,30.42285590148757,0.5246145478261588,0.6893684729333224,0,3.3355549267962177
bond_length_control,99,78,26,55,1.3968719546369812,1074.6722790626154,23.854860747395012,0.5340418786263654,0.6893684729333224,0,7.532520163117747
bond_length_control,99,79,26,61,1.4218956578297974,1142.9195902017984,-16.80444077046604,0.5125969959871922,0.6893684729333224,0,5.897214777776142
bond_length_control,99,80,26,62,1.4293905872616626,1058.6142865204283,20.51838069219053,0.5485238446617471,0.6893684729333224,0,5.386888042221541
bond_length_control,99,81,27,56,1.3309348968133548,190.0534147813875,-216.16657167433598,0.5441271661530056,0.6893684729333224,0,11.356201618723663
bond_length_control,99,82,27,62,1.436825422005918,1262.9962681254622,34.31629602661104,0.5722507589708481,0.6893684729333224,0,4.871150548327645
bond_length_control,99,83,27,63,1.366135362112736,906.6360079300306,-28.53889110608225,0.5348862375462629,0.6893684729333224,0,9.400464727088192
bond_length_control,99,84,28,57,1.376512749553962,1070.860473645148,11.918283118130278,0.6929178918908994,0.6893684729333224,1,8.786825180924954
bond_length_control,99,85,28,63,1.438572462243123,1081.7249550651754,56.55523728661838,0.6291101693036769,0.6893684729333224,0,4.748579877272035
bond_length_control,99,86,28,64,1.487440230353101,766.3351152129275,1.370976485725317,0.6201032699541003,0.6893684729333224,0,1.101893953575904
bond_length_control,99,87,29,58,1.4939715799927091,593.8815621805068,-32.013881073997524,0.5406548546518426,0.6893684729333224,0,0.5818591036300544
bond_length_control,99,88,29,64,1.3590505937147113,808.9994183007475,-9.282254027627099,0.5564911213840659,0.6893684729333224,0,9.809592357302627
bond_length_control,99,89,29,65,1.5172028048470592,527.943880844421,12.180559202630267,0.6290976447540568,0.6893684729333224,0,-1.3321523743249069
bond_length_control,99,90,30,65,1.4592105560386663,1125.9553656643484,43.41048026315027,0.6747631708420871,0.6893684729333224,0,3.26033746013926
bond_length_control,99,91,30,66,1.3567931264326132,512.3755090529887,-90.12895363760879,0.4713401354138588,0.6893684729333224,0,9.938296632859903
bond_length_control,99,92,30,71,1.4383860294534674,1167.5974282207849,38.64617678139716,0.5584500893862632,0.6893684729333224,0,4.761684988882999
bond_length_control,99,93,31,60,1.4413627598020127,1163.0230831466504,-4.922342192101651,0.5193282725522659,0.6893684729333224,0,4.5517188967941635
bond_length_control,99,94,31,66,1.3947839595936422,982.681939561884,1.971575905720474,0.4266285187433025,0.6893684729333224,0,7.664269189936559
bond_length_control,99,95,31,67,1.364712789600622,892.7902500828127,-40.28936923456784,0.6496281223908913,0.6893684729333224,0,9.483250387415183
bond_length_control,99,96,32,61,1.460482444677104,1008.7490819684953,-1.1251342066586536,0.5580582112558297,0.6893684729333224,0,3.166166278102353
bond_length_control,99,97,32,67,1.435574357374838,1255.1106485137182,23.063939194011674,0.6397967307455743,0.6893684729333224,0,4.958599983943659
bond_length_control,99,98,32,68,1.4125701275924019,1251.710025229517,7.350425440409602,0.6076130610828799,0.6893684729333224,0,6.518888560373858
bond_length_control,99,99,33,62,1.3543602829622987,752.2208163573429,-52.99904680718229,0.6475136105644239,0.6893684729333224,0,10.076106500186459
bond_length_control,99,100,33,68,1.4472621315201322,1011.5535726887383,12.722859156711202,0.6611416117169193,0.6893684729333224,0,4.1310487474982285
bond_length_control,99,101,33,69,1.4623369474628525,1130.411985699421,44.39676490406011,0.6891893041833967,0.6893684729333224,0,3.0283428156042684
bond_length_control,99,102,34,63,1.3609623746578443,590.469105766072,-78.81873261817864,0.5680112314103705,0.6893684729333224,0,9.699971020573306
bond_length_control,99,103,34,69,1.3788940341399767,1060.5536370117195,19.915157941600384,0.6470514464539283,0.6893684729333224,0,8.64358462291301
bond_length_control,99,104,34,70,1.4686334325071677,993.6854046011647,31.73422302095663,0.6170691506090067,0.6893684729333224,0,2.5558206686639857
bond_length_control,99,105,35,64,1.3628421712751229,651.6656749163631,-37.30356020420213,0.6117627510737857,0.6893684729333224,0,9.591622855243674
bond_length_control,99,106,35,70,1.4669723386570621,1045.810920624688,31.250241267933617,0.6698275696219989,0.6893684729333224,0,2.6811667106627657
bond_length_control,99,107,35,71,1.435501704939438,1259.7962051466857,69.64810124675083,0.5680561929879528,0.6893684729333224,0,4.963670091479629
bond_length_control,20,0,0,36,1.4272601312761404,1125.6422778969895,-71.89405148710254,0.5667706968283065,0.6863870814859334,0,21.98543705434753
bond_length_control,20,1,0,41,1.3793805609688585,1115.0126759310517,-59.12435765523996,0.5408540847949693,0.6863870814859334,0,25.109252460114725
bond_length_control,20,2,0,71,1.4121375606033402,1225.251743619501,-88.91586860827883,0.49707479657129966,0.6863870814859334,0,23.04849773834796
bond_length_control,20,3,1,36,1.4450267233765153,1039.5229841434364,-68.4778918527757,0.6241773799890282,0.6863870814859334,0,20.643783226427345
bond_length_control,20,4,1,37,1.4436903277492175,1317.0328173178546,-52.26792590205218,0.5279689806651711,0.6863870814859334,0,20.748233535553055
bond_length_control,20,5,1,66,1.3794269971683102,1143.2875682076658,-80.45751862214895,0.6394766975578552,0.6863870814859334,0,25.10656060171039
bond_length_control,20,6,2,37,1.4317919553624605,1340.0547659496938,-83.79405333635043,0.5635820328243317,0.6863870814859334,0,21.65281209243836
bond_length_control,20,7,2,38,1.3777284112849286,846.9539541493348,-77.30617348065655,0.6160241841610254,0.6863870814859334,0,25.20460833519675
bond_length_control,20,8,2,67,1.493337448698108,913.0185040580252,-70.68095789414748,0.708277526977722,0.6863870814859334,1,16.471184590156657
bond_length_control,20,9,3,38,1.4371274387055495,1322.1185196238848,-30.108080457368555,0.6208518922411963,0.6863870814859334,0,21.252803838671362
bond_length_control,20,10,3,39,1.3821886450562697,1242.6933041925586,-63.55712583119227,0.6660016903897927,0.6863870814859334,0,24.945314649477947
bond_length_control,20,11,3,68,1.4839530741782816,902.2049641279189,-20.59889799636723,0.7076323836498789,0.6863870814859334,1,17.343158781518348
bond_length_control,20,12,4,39,1.450338701430025,968.5272763665934,-55.915333407355995,0.5969542467619808,0.6863870814859334,0,20.222872233151676
bond_length_control,20,13,4,40,1.3915885438910476,1114.3711276620552,-64.50447934644643,0.5703914695457033,0.6863870814859334,0,24.379342860841653
bond_length_control,20,14,4,69,1.4050879365332645,1145.8429777376102,-93.1631887140052,0.619236737525884,0.6863870814859334,0,23.519678806539833
bond_length_control,20,15,5,40,1.499869822295866,732.9355212593562,-83.07097902879457,0.6162025510444085,0.6863870814859334,0,15.846322378162697
bond_length_control,20,16,5,41,1.4525179927667715,1037.2892496425832,-57.202938424321516,0.6154651660659158,0.6863870814859334,0,20.047527727789834
bond_length_control,20,17,5,70,1.350827889230057,629.5886998187855,-98.58859678970843,0.6468513177046046,0.6863870814859334,0,26.644370738169457
bond_length_control,20,18,6,41,1.3744706699585065,849.5626942689793,-77.4405844821927,0.5873741846332152,0.6863870814859334,0,25.39025835372349
bond_length_control,20,19,6,42,1.4426090634196853,1180.9334222019913,-70.62320591914484,0.583435406857152,0.6863870814859334,0,20.832320022958427
bond_length_control,20,20,6,47,1.4150946466580918,1237.5526559241448,-62.61640892163446,0.6268185962663367,0.6863870814859334,0,22.846261305812337
bond_length_control,20,21,7,36,1.386392749253066,885.618287529599,-89.38268207102918,0.5345927605617483,0.6863870814859334,0,24.695467901617846
bond_length_control,20,22,7,42,1.346649345535917,451.3167340813709,-140.12912984994674,0.5047373707523479,0.6863870814859334,0,26.84921351790373
bond_length_control,20,23,7,43,1.4157202436205707,1142.4295882550273,-63.11761987482545,0.5585466416366384,0.6863870814859334,0,22.803127073244482
bond_length_control,20,24,8,37,1.4538026701781,1283.233067610836,-43.84191307239549,0.5381139396886646,0.6863870814859334,0,19.943435132189315
bond_length_control,20,25,8,43,1.3881583463257978,1044.609381519097,-40.616580160349365,0.6582762200874118,0.6863870814859334,0,24.588957536845754
bond_length_control,20,26,8,44,1.4401596807695005,1634.2077956911728,-41.39980020888777,0.6581516107924488,0.6863870814859334,0,21.021403562300222
bond_length_control,20,27,9,38,1.3693034469543006,816.9582891343704,-71.28930098431213,0.5808257012174635,0.6863870814859334,0,25.678290695018433
bond_length_control,20,28,9,44,1.399562205248922,1124.6498874507345,-78.03449068714838,0.6484212209845539,0.6863870814859334,0,23.87829671342527
bond_length_control,20,29,9,45,1.4600443538448846,941.4966501275262,-52.405343736689574,0.5024525525082189,0.6863870814859334,0,19.429976142409735
bond_length_control,20,30,10,39,1.4100315209264727,1054.0856395191684,-27.89012292039078,0.5642566587104619,0.6863870814859334,0,23.190872640691627
bond_length_control,20,31,10,45,1.4416388473724464,1161.6892269434657,-31.445148655264905,0.440733711852621,0.6863870814859334,0,20.907448870582584
bond_length_control,20,32,10,46,1.439490223831727,1069.6405057752654,-60.909642916553224,0.5674006814180697,0.6863870814859334,0,21.072746507326773
bond_length_control,20,33,11,40,1.3949974365362174,994.815485305047,-90.63485466353438,0.5866972801062229,0.6863870814859334,0,24.16750242485691
bond_length_control,20,34,11,46,1.4119982886232738,1215.1960454438638,-58.457074415131736,0.6164040800301082,0.6863870814859334,0,23.05795549798921
bond_length_control,20,35,11,47,1.4605440402467758,1014.9098215435854,-69.77698083782442,0.6254043067608519,0.6863870814859334,0,19.38831513431156
bond_length_control,20,36,12,47,1.4816659691761422,881.4980058809368,-55.80656349112493,0.6237499929328352,0.6863870814859334,0,17.55111271074181
bond_length_control,20,37,12,48,1.4011138622985861,1102.665463317842,-59.41152662028879,0.5943244794706166,0.6863870814859334,0,23.778540564679734
bond_length_control,20,38,12,53,1.392052153757254,1041.5185140078554,-92.89005480292754,0.4260725232420649,0.6863870814859334,0,24.350739498573073
bond_length_control,20,39,13,42,1.3739360121208932,894.7374180795812,-81.76388865220612,0.5409328570567404,0.6863870814859334,0,25.42042679506075
bond_length_control,20,40,13,48,1.4047724513012476,1090.7284121582315,-76.70536507654762,0.5548905330037066,0.6863870814859334,0,23.54040620664564
bond_length_control,20,41,13,49,1.4281866018008533,1121.7418256981548,-70.47753090665641,0.47426091874319226,0.6863870814859334,0,21.91796705338408
bond_length_control,20,42,14,43,1.4844020720213884,988.9049760861981,-62.311135251007,0.6269679960491203,0.6863870814859334,0,17.30212484770919
bond_length_control,20,43,14,49,1.4219433162773885,1065.6459743977853,-58.422423373198434,0.5064867868512817,0.6863870814859334,0,22.367381146663874
bond_length_control,20,44,14,50,1.445400318438671,1246.185439205805,-80.71405660098493,0.647886960557559,0.6863870814859334,0,20.614480152132646
bond_length_control,20,45,15,44,1.4670062928834338,1193.42317521869,-54.97374195880171,0.665870150368815,0.6863870814859334,0,18.84207089227003
bond_length_control,20,46,15,50,1.3782690745241761,944.3496827710832,-82.84438528330183,0.6869137241722166,0.6863870814859334,1,25.173492647045727
bond_length_control,20,47,15,51,1.4153679141784008,1253.6121356298308,-58.45879178302575,0.6530100501948227,0.6863870814859334,0,22.827434835634435
bond_length_control,20,48,16,45,1.4574379752827364,1126.9740999694764,-71.86710645209347,0.5164844164333181,0.6863870814859334,0,19.645944443513386
bond_length_control,20,49,16,51,1.4441702989367102,1232.4826376765561,-48.66027520895647,0.6495929847356607,0.6863870814859334,0,20.710786432011698
bond_length_control,20,50,16,52,1.3905866176737438,1011.4048210095993,-74.69251329048092,0.6426763278960148,0.6863870814859334,0,24.440936623828055
bond_length_control,20,51,17,46,1.4743964569341839,957.9788737644143,-71.99958007244663,0.6465146097131625,0.6863870814859334,0,18.200318382899237
bond_length_control,20,52,17,52,1.4176850051998708,1228.7232843042789,-84.01421141514459,0.6460395516104106,0.6863870814859334,0,22.666863642240656
bond_length_control,20,53,17,53,1.3515001900725525,604.6042989646674,-118.33805560468419,0.4578373667531359,0.6863870814859334,0,26.610946298519075
bond_length_control,20,54,18,53,1.389162286845082,917.9804546720502,-61.70445899329494,0.3316335166152551,0.6863870814859334,0,24.527975733173584
bond_length_control,20,55,18,54,1.399803128845673,1077.266347091707,-83.6198410849597,0.5348801873842337,0.6863870814859334,0,23.862856041677148
bond_length_control,20,56,18,59,1.4200717133915812,1149.660023642019,-80.57683677984417,0.4951834424848728,0.6863870814859334,0,22.499710357552033
bond_length_control,20,57,19,48,1.472371820213334,923.0393942512261,-68.55404074943212,0.6388989200163062,0.6863870814859334,0,18.37795598353416
bond_length_control,20,58,19,54,1.4616454935583776,1172.8210699261754,-35.786745151612415,0.6738936345567331,0.6863870814859334,0,19.29619051686336
bond_length_control,20,59,19,55,1.3635515708083792,712.9748317638891,-67.0390928059185,0.4660826660685088,0.6863870814859334,0,25.989689164295783
bond_length_control,20,60,20,49,1.4073228682591175,1175.591513338613,-94.27539451731394,0.46883458530025385,0.6863870814859334,0,23.37196500648375
bond_length_control,20,61,20,55,1.3863916610802636,947.1277332134588,-92.19612773655084,0.37664794561297077,0.6863870814859334,0,24.695533256955223
bond_length_control,20,62,20,56,1.4314904018857733,1193.7216129833182,-58.601836077968954,0.5183008974265524,0.6863870814859334,0,21.67514835411048
bond_length_control,20,63,21,50,1.4657229135705323,1140.1870340155504,-92.30883012131132,0.6557192906430894,0.6863870814859334,0,18.951657435202595
bond_length_control,20,64,21,56,1.4059172675575764,1210.1872369993546,-71.98275630698501,0.5637854290631106,0.6863870814859334,0,23.465045441811245
bond_length_control,20,65,21,57,1.3936251592727273,1037.889928191827,-77.82364230324079,0.6526661928769325,0.6863870814859334,0,24.253204409654106
bond_length_control,20,66,22,51,1.5052072761152144,932.6153713874571,-81.32576538471427,0.5159768898402701,0.6863870814859334,0,15.324765830718317
bond_length_control,20,67,22,57,1.4473606967411607,1095.4800024675255,-70.70534098912337,0.5468274660515071,0.6863870814859334,0,20.459974342311376
bond_length_control,20,68,22,58,1.2994879373050297,-674.7488388480166,-355.5950312667028,0.42449478803265245,0.6863870814859334,0,28.822886839670456
bond_length_control,20,69,23,52,1.4545311517318689,1147.387441153699,-82.32692422798276,0.505566308196966,0.6863870814859334,0,19.884168594493882
bond_length_control,20,70,23,58,1.4465094250986659,981.5559196596524,-99.07592555608657,0.4210008632289943,0.6863870814859334,0,20.52722007426863
bond_length_control,20,71,23,59,1.4360431088312544,1142.142844361618,-81.81309661922614,0.480914049209309,0.6863870814859334,0,21.33483544037406
bond_length_control,20,72,24,59,1.4763003501013354,892.9655106772003,-80.64351804766137,0.627344072175074,0.6863870814859334,0,18.032016143293074
bond_length_control,20,73,24,60,1.3499584875616006,647.9083628676578,-93.25023613334933,0.6741504155213363,0.6863870814859334,0,26.687402300202255
bond_length_control,20,74,24,65,1.4498066235136442,1056.0527930589894,-54.29857770563193,0.6292790650387619,0.6863870814859334,0,20.265447234470393
bond_length_control,20,75,25,54,1.4495882432617566,1159.5305246059133,-52.02195967897409,0.6321875470116447,0.6863870814859334,0,20.282894513677455
bond_length_control,20,76,25,60,1.4461111321203888,1134.049011287786,-73.2216134371182,0.6392971454585459,0.6863870814859334,0,20.558602137889615
bond_length_control,20,77,25,61,1.39768012510088,1127.9198843037543,-55.76038949607448,0.6527721981840788,0.6863870814859334,0,23.998307745569456
bond_length_control,20,78,26,55,1.3932737239050235,950.6068725735441,-99.47455480326035,0.3767821736151396,0.6863870814859334,0,24.275060435958835
bond_length_control,20,79,26,61,1.519936737897425,308.01303956720284,-111.86826255569429,0.605177793275798,0.6863870814859334,0,13.83359672920437
bond_length_control,20,80,26,62,1.3840744233908644,1081.280371591549,-72.25675169887252,0.6146329164261375,0.6863870814859334,0,24.83389937451987
bond_length_control,20,81,27,56,1.384727302161654,1088.056166045726,-80.71405014731404,0.5355272786405592,0.6863870814859334,0,24.795077907776975
bond_length_control,20,82,27,62,1.4492843682772458,1355.8574095685249,-89.31721541280253,0.6317250696379756,0.6863870814859334,0,20.30714642985311
bond_length_control,20,83,27,63,1.322545042012971,10.983454071398668,-161.93334984840706,0.538726085605514,0.6863870814859334,0,27.934610337923182
bond_length_control,20,84,28,57,1.473325347120256,1231.294147402407,-76.27023336573745,0.6785816999027524,0.6863870814859334,0,18.29446705679607
bond_length_control,20,85,28,63,1.4228230206909196,1431.943657518294,-72.687019111014,0.5928997430538854,0.6863870814859334,0,22.304801943880058
bond_length_control,20,86,28,64,1.3435284330709907,518.4318100778573,-124.72077600033317,0.6616166365744776,0.6863870814859334,0,26.998961235940552
bond_length_control,20,87,29,58,1.4428773209088557,1543.441939183716,-68.27366383954754,0.5143324236761445,0.6863870814859334,0,20.811493767526116
bond_length_control,20,88,29,64,1.4316263847122916,1168.6625566681873,-37.860977412738464,0.6197000383667244,0.6863870814859334,0,21.66507960684287
bond_length_control,20,89,29,65,1.3965714723442864,1194.2359527783135,-63.17845527993318,0.576180602520147,0.6863870814859334,0,24.06849518239795
bond_length_control,20,90,30,65,1.4138828456100274,1291.9839640535051,-38.13122117276087,0.5226256458507081,0.6863870814859334,0,22.92946633509578
bond_length_control,20,91,30,66,1.4056486968432185,1122.4134201239056,-67.22555630539243,0.5565897147772155,0.6863870814859334,0,23.4827611307197
bond_length_control,20,92,30,71,1.4363363995668261,1178.009729818796,-100.03196440230533,0.4715944969513817,0.6863870814859334,0,21.31268465601206
bond_length_control,20,93,31,60,1.4603833153671382,1001.0012826061876,-35.582449077618314,0.6923748866156878,0.6863870814859334,1,19.401724466528
bond_length_control,20,94,31,66,1.4868916088105226,760.6319565606113,-69.82826393148775,0.6814676050596209,0.6863870814859334,0,17.073358590245167
bond_length_control,20,95,31,67,1.392660360963325,1061.3635438298566,-73.74535355701114,0.714655382320327,0.6863870814859334,1,24.31311620012653
bond_length_control,20,96,32,61,1.4532113505353323,1236.3939870002541,-56.739448914256435,0.6226719570391221,0.6863870814859334,0,19.9914147188154
bond_length_control,20,97,32,67,1.474130816983689,897.5751171431621,-92.08334022551877,0.6314774000182284,0.6863870814859334,0,18.223703650366666
bond_length_control,20,98,32,68,1.426315517219004,1173.3864122948864,-44.515008614159235,0.6260045486102146,0.6863870814859334,0,22.053948198105
bond_length_control,20,99,33,62,1.4724438091439795,1072.6428359188756,-34.996166039993795,0.713296074702372,0.6863870814859334,1,18.371663430952225
bond_length_control,20,100,33,68,1.3786202263966547,957.2781405302144,-67.01054679013357,0.707173543123125,0.6863870814859334,1,25.1532369663327
bond_length_control,20,101,33,69,1.4961273207989454,949.3229891382236,-74.7411810926433,0.687825340626942,0.6863870814859334,1,16.20612138615732
bond_length_control,20,102,34,63,1.5040978475752855,669.0533225427691,-99.69127916182359,0.603773960263827,0.6863870814859334,0,15.433992849620363
bond_length_control,20,103,34,69,1.4891694333419965,820.7586038935048,-87.63550890794697,0.6713022102208586,0.6863870814859334,0,16.862191220723254
bond_length_control,20,104,34,70,1.3947236898514626,930.2693423136326,-89.2416044858045,0.6531057089008738,0.6863870814859334,0,24.184644232460034
bond_length_control,20,105,35,64,1.4672970427720102,827.4361677571429,-57.54270964300937,0.6621556715761833,0.6863870814859334,0,18.81716776567473
bond_length_control,20,106,35,70,1.4715779301356502,934.7971812671874,-73.0352947008631,0.642770526692638,0.6863870814859334,0,18.44723457929885
bond_length_control,20,107,35,71,1.4039679464429167,1070.7118622223704,-76.78599328089389,0.5676050868302795,0.6863870814859334,0,23.59312353789271
bond_length_control,6,0,0,36,1.512807542241714,-256.2016586006752,-94.32037924312048,0.5119754148587417,0.6863712456090333,0,0.43077103477413914
bond_length_control,6,1,0,41,1.3980260636793633,733.2810289553794,41.12989474453912,0.6473300366923636,0.6863712456090333,0,6.2266413491123185
bond_length_control,6,2,0,71,1.4479451898230502,484.87072084168517,26.869213530271985,0.6348938084376763,0.6863712456090333,0,4.644682041850377
bond_length_control,6,3,1,36,1.3368541909021847,-93.70965018352706,-70.89140595658802,0.46670239242243244,0.6863712456090333,0,6.348212121434781
bond_length_control,6,4,1,37,1.4676871675821794,446.09412015764207,5.37378595809726,0.6143305200202328,0.6863712456090333,0,3.6284599259103008
bond_length_control,6,5,1,66,1.4895188235436283,407.79946652298406,-1.6677011378892352,0.5983490759687478,0.6863712456090333,0,2.236078331367711
bond_length_control,6,6,2,37,1.407602352404,824.8432569137605,52.12562190324974,0.4304750674139518,0.6863712456090333,0,6.029904012883755
bond_length_control,6,7,2,38,1.4089936063053474,804.5398901563639,31.156387442786148,0.3779247965051439,0.6863712456090333,0,5.9971817478630465
bond_length_control,6,8,2,67,1.409097238737353,977.7323514345298,54.897371356555965,0.3659346876674512,0.6863712456090333,0,5.994702064586848
bond_length_control,6,9,3,38,1.31106449947521,-540.2987049725883,-82.78255040431699,0.528060778308662,0.6863712456090333,0,5.837889901698301
bond_length_control,6,10,3,39,1.3988345383515939,836.1464332239478,12.78005116050871,0.6025596124497292,0.6863712456090333,0,6.211946067664217
bond_length_control,6,11,3,68,1.456379939488702,512.8944715415444,22.957026348082632,0.5865962224101313,0.6863712456090333,0,4.238310296301561
bond_length_control,6,12,4,39,1.4304908949047501,995.3038669162835,44.558125586056775,0.5574661843043726,0.6863712456090333,0,5.356033176156547
bond_length_control,6,13,4,40,1.4573602841247348,824.2281057087254,25.39127777997881,0.36007062860069605,0.6863712456090333,0,4.18840018772007
bond_length_control,6,14,4,69,1.4426351545184186,714.0036044150611,16.255965845361363,0.4403948947189171,0.6863712456090333,0,4.879468253366211
bond_length_control,6,15,5,40,1.482806270524472,439.69943101205564,5.069402974932202,0.44598363303563937,0.6863712456090333,0,2.694692397228488
bond_length_control,6,16,5,41,1.4683657022481278,573.1015191918025,54.193800574747165,0.6091571197428782,0.6863712456090333,0,3.589470390187584
bond_length_control,6,17,5,70,1.3400064190985024,102.56486402668519,17.594981905057608,0.6339040434601677,0.6863712456090333,0,6.38838846061952
bond_length_control,6,18,6,41,1.408039849738852,494.15275467915086,-1.7754964037309737,0.5906307940198245,0.6863712456090333,0,6.01972782758223
bond_length_control,6,19,6,42,1.4418386972901165,722.88346626357,35.328869621830705,0.5584387788519309,0.6863712456090333,0,4.913291052337355
bond_length_control,6,20,6,47,1.4532042562822578,654.5872055161647,22.01797593920516,0.49822036457312546,0.6863712456090333,0,4.396147286827183
bond_length_control,6,21,7,36,1.3503225166810224,252.82215227983974,-63.00564212803328,0.45787962315054936,0.6863712456090333,0,6.485403124683112
bond_length_control,6,22,7,42,1.3891898076777023,669.8263672533759,-54.145223396532536,0.5610422298162775,0.6863712456090333,0,6.364438034896471
bond_length_control,6,23,7,43,1.486197240791876,462.9397823873528,14.472660183568491,0.5848346617010655,0.6863712456090333,0,2.466427683928024
bond_length_control,6,24,8,37,1.4356560500869449,805.1063334746575,30.046181561602445,0.6415405964558849,0.6863712456090333,0,5.163556787587519
bond_length_control,6,25,8,43,1.4660196517225863,660.4199166390712,-14.972797414030401,0.6208675074086005,0.6863712456090333,0,3.7231215981469754
bond_length_control,6,26,8,44,1.397948557628855,721.3879349687038,9.034091916255399,0.6158282920077633,0.6863712456090333,0,6.228031682119994
bond_length_control,6,27,9,38,1.4829563837218505,478.9596310696147,34.32464026515305,0.5094817023078,0.6863712456090333,0,2.684734435882964
bond_length_control,6,28,9,44,1.4359840414582226,792.7116590349145,18.72950527726045,0.5363196687684864,0.6863712456090333,0,5.150825403982765
bond_length_control,6,29,9,45,1.4758068530559516,801.6493179225904,-1.4753415852179659,0.5691283738602547,0.6863712456090333,0,3.14395865578403
bond_length_control,6,30,10,39,1.4787917995816042,759.5788388734167,33.036130478789595,0.6754562096009576,0.6863712456090333,0,2.9559632570416685
bond_length_control,6,31,10,45,1.4008792418464744,809.5370280059533,-7.684597598239825,0.6606040470123453,0.6863712456090333,0,6.1732099722675935
bond_length_control,6,32,10,46,1.4882454706764272,556.0280638258052,69.58673550469142,0.7040616549591108,0.6863712456090333,1,2.325176543516445
bond_length_control,6,33,11,40,1.4605736530922442,713.2586949668214,32.064558957600156,0.4764852025495028,0.6863712456090333,0,4.020871783125298
bond_length_control,6,34,11,46,1.3873164073563882,648.1061033396802,67.49477152817124,0.7024862036113324,0.6863712456090333,1,6.3883103493437
bond_length_control,6,35,11,47,1.4436925964536929,783.9306589528196,0.8867119376467503,0.5472482598100424,0.6863712456090333,0,4.834001923157937
bond_length_control,6,36,12,47,1.480112320283898,599.6917391713025,13.269798457198439,0.4442165393480726,0.6863712456090333,0,2.8710906841019384
bond_length_control,6,37,12,48,1.4812090871162047,784.2550592045624,38.88811372284719,0.49588884797719324,0.6863712456090333,0,2.7998024356196147
bond_length_control,6,38,12,53,1.3194153794071812,-568.0670193697448,-86.86928453273113,0.5008085323257176,0.6863712456090333,0,6.038211240391741
bond_length_control,6,39,13,42,1.397917782024214,1001.5096772887766,18.145899631171982,0.60675467674727,0.6863712456090333,0,6.228582851172691
bond_length_control,6,40,13,48,1.4715083994397427,646.2225431165698,3.12667661863697,0.5982085710975852,0.6863712456090333,0,3.40532915365373
bond_length_control,6,41,13,49,1.4419089529102878,712.3443846482569,62.14931856657238,0.6155158263234981,0.6863712456090333,0,4.910322110803902
bond_length_control,6,42,14,43,1.4265695169861161,721.2679775881014,-1.1024417639022253,0.5834191792297307,0.6863712456090333,0,5.49213814750344
bond_length_control,6,43,14,49,1.3207089036908124,-434.7137483222418,8.189985298127187,0.5683878969211709,0.6863712456090333,0,6.066259789115486
bond_length_control,6,44,14,50,1.4578976812396982,601.8560603092259,5.908872776268392,0.6386913381571795,0.6863712456090333,0,4.160803106003927
bond_length_control,6,45,15,44,1.3602829853449783,308.2441037058094,-7.148064196970942,0.6389844067014465,0.6863712456090333,0,6.5283941257398705
bond_length_control,6,46,15,50,1.4756196545175349,727.4604572716222,31.287295725537177,0.6992957810297326,0.6863712456090333,1,3.1555709476959795
bond_length_control,6,47,15,51,1.4377228773527535,923.4222074689098,37.44995080968772,0.5968673140025772,0.6863712456090333,0,5.082311751381189
bond_length_control,6,48,16,45,1.4223240971496969,714.5571338403632,51.73429035531914,0.577263061027776,0.6863712456090333,0,5.629796794531099
bond_length_control,6,49,16,51,1.415942312609071,845.357291310442,16.95884479938984,0.5023372632371383,0.6863712456090333,0,5.817892893567331
bond_length_control,6,50,16,52,1.344274885526911,69.85162216648311,55.243153043518845,0.5494235342888748,0.6863712456090333,0,6.434957141247271
bond_length_control,6,51,17,46,1.450833774634021,1006.5934268276409,39.01741037870279,0.6637968257885986,0.6863712456090333,0,4.510150922352808
bond_length_control,6,52,17,52,1.39512949257262,856.938411896372,41.83491082578747,0.5924996911029319,0.6863712456090333,0,6.276409854452001
bond_length_control,6,53,17,53,1.4224028063041598,714.601468224737,-6.189269454458758,0.5651508749649536,0.6863712456090333,0,5.627335982580573
bond_length_control,6,54,18,53,1.435024321415325,763.041024059651,13.763632621811986,0.519575562191704,0.6863712456090333,0,5.187906473824109
bond_length_control,6,55,18,54,1.4238616492936855,821.0533677840799,24.24089683237808,0.513188417322664,0.6863712456090333,0,5.581101809507061
bond_length_control,6,56,18,59,1.463673126969416,640.7662435263716,15.273919829256611,0.5449515351088148,0.6863712456090333,0,3.8535516280000444
bond_length_control,6,57,19,48,1.4336382420139828,896.8715027942125,25.024024959926198,0.535556519501708,0.6863712456090333,0,5.240541357341147
bond_length_control,6,58,19,54,1.4065661168710433,719.8676142988937,51.161228556870704,0.5340890589811922,0.6863712456090333,0,6.053591029458943
bond_length_control,6,59,19,55,1.3768596462504485,515.1441014859658,37.568250465230975,0.5483436225878554,0.6863712456090333,0,6.487568568131113
bond_length_control,6,60,20,49,1.4270843638198272,1038.693688927971,44.20409950056737,0.5207629493000706,0.6863712456090333,0,5.474760012404952
bond_length_control,6,61,20,55,1.3812144462363012,636.9243695876023,29.723270173129613,0.5162427971603052,0.6863712456090333,0,6.453210468759728
bond_length_control,6,62,20,56,1.3978858485772656,808.783072739383,55.88909065552489,0.5953134414580608,0.6863712456090333,0,6.229154218298654
bond_length_control,6,63,21,50,1.397960504732151,952.7557346577063,16.039288227372598,0.6841861091424848,0.6863712456090333,0,6.227817580903661
bond_length_control,6,64,21,56,1.4816590616098297,530.0896536203685,-13.93311994428909,0.6884331600644664,0.6863712456090333,1,2.770345308464366
bond_length_control,6,65,21,57,1.4799537482967047,777.8627669984462,-26.617715996307954,0.6187451310541765,0.6863712456090333,0,2.881337775666413
bond_length_control,6,66,22,51,1.4442117896862225,741.4584351847737,33.62307402969105,0.5969817047262036,0.6863712456090333,0,4.811444162324408
bond_length_control,6,67,22,57,1.4664342599864268,721.4186889222387,17.729393889440917,0.6339691936650507,0.6863712456090333,0,3.6997384622637624
bond_length_control,6,68,22,58,1.3690656837708408,473.39646535025025,11.457783257495878,0.6897085178294864,0.6863712456090333,1,6.524408245590679
bond_length_control,6,69,23,52,1.4912279101071433,423.13227829763946,36.665571689271594,0.6558689807237383,0.6863712456090333,0,2.1149397371555363
bond_length_control,6,70,23,58,1.4542985560525066,821.9714147270487,24.90467249075032,0.7015095227752848,0.6863712456090333,1,4.342420366392716
bond_length_control,6,71,23,59,1.3809159875494637,571.0115668998727,52.46639718108995,0.6538961375028708,0.6863712456090333,0,6.455882205027636
bond_length_control,6,72,24,59,1.3861870292596297,616.2960842383745,5.2103945475055475,0.6146621737941922,0.6863712456090333,0,6.401803786753422
bond_length_control,6,73,24,60,1.4111920707668226,1006.8702191691588,58.349161402479716,0.6196622742676992,0.6863712456090333,0,5.943319484942297
bond_length_control,6,74,24,65,1.4859828262842856,729.4461056388369,10.414785589325081,0.6568185468663776,0.6863712456090333,0,2.481067138387094
bond_length_control,6,75,25,54,1.3674406621726005,526.0956691288001,20.94049694168619,0.5173872880187365,0.6863712456090333,0,6.528130339055639
bond_length_control,6,76,25,60,1.466955238260029,465.6002273680235,7.982400900108558,0.5541505062783941,0.6863712456090333,0,3.670212385376347
bond_length_control,6,77,25,61,1.3262199524890337,-388.51227312269646,7.931855907363179,0.5479649789386827,0.6863712456090333,0,6.176732834855775
bond_length_control,6,78,26,55,1.494487326181354,265.99655970040067,2.380149229950432,0.569663517774561,0.6863712456090333,0,1.878972334807301
bond_length_control,6,79,26,61,1.3934355123710542,718.4300737724627,11.5771819524762,0.585986645087844,0.6863712456090333,0,6.303433204107301
bond_length_control,6,80,26,62,1.3651163352946603,376.7486539184517,0.7786553235979641,0.5656604813412421,0.6863712456090333,0,6.531093235675442
bond_length_control,6,81,27,56,1.4510156660016351,986.8610406287701,-2.2436059198357867,0.7076133724786454,0.6863712456090333,1,4.501518406075636
bond_length_control,6,82,27,62,1.388233981835233,564.1147053807254,14.925107755464975,0.624539691747571,0.6863712456090333,0,6.376850361800132
bond_length_control,6,83,27,63,1.4763194850363341,448.1813015342878,-25.976917843924426,0.635584745729854,0.6863712456090333,0,3.112051856909887
bond_length_control,6,84,28,57,1.4275298437884563,1080.2231874743054,25.813612512514922,0.5434463273938094,0.6863712456090333,0,5.459603582752473
bond_length_control,6,85,28,63,1.4137767677796482,753.9769011887436,27.240926941442208,0.5411057296553079,0.6863712456090333,0,5.87660983826775
bond_length_control,6,86,28,64,1.4522954268323225,647.2950157692477,69.6418864088152,0.5252597579272256,0.6863712456090333,0,4.440240250155335
bond_length_control,6,87,29,58,1.4491530559997359,856.7360059951897,8.331043688661866,0.6073934588446158,0.6863712456090333,0,4.589013189369791
bond_length_control,6,88,29,64,1.4323299101795677,837.1625431209051,23.11287023559995,0.5334675652135962,0.6863712456090333,0,5.289228510185334
bond_length_control,6,89,29,65,1.410226190605933,773.1216251126207,7.528810833851885,0.6019364466443873,0.6863712456090333,0,5.967308899658285
bond_length_control,6,90,30,65,1.372758835880856,600.8085610000235,-19.164602223750528,0.668813481243392,0.6863712456090333,0,6.5108790303022985
bond_length_control,6,91,30,66,1.4596316717278746,672.7943463953821,-1.335227585759817,0.6333916334358436,0.6863712456090333,0,4.070607216647665
bond_length_control,6,92,30,71,1.4217443437784136,684.3724004381935,12.257566254236254,0.6246633434684629,0.6863712456090333,0,5.647816469089847
bond_length_control,6,93,31,60,1.4280590410291127,847.5490145420698,39.032913515964694,0.43989358657968597,0.6863712456090333,0,5.441454443894012
bond_length_control,6,94,31,66,1.425701598520152,838.7871073445514,26.690531566042875,0.44162801137081603,0.6863712456090333,0,5.52109833697469
bond_length_control,6,95,31,67,1.4275913768320054,699.3016751575121,48.27491960486826,0.3930690756758004,0.6863712456090333,0,5.45750132918935
bond_length_control,6,96,32,61,1.4625617539369167,634.3239431863183,-1.6191334357717815,0.6125292078588307,0.6863712456090333,0,3.914195849016405
bond_length_control,6,97,32,67,1.4400982265498263,815.62767379868,23.939545964797876,0.5718902242946566,0.6863712456090333,0,4.985942688723285
bond_length_control,6,98,32,68,1.339894564477318,-120.98292874536065,-9.32934625795509,0.6424157772338186,0.6863712456090333,0,6.387046766288282
bond_length_control,6,99,33,62,1.4327602065267253,761.1247264973075,17.601198277424782,0.568055929041172,0.6863712456090333,0,5.273322393849351
bond_length_control,6,100,33,68,1.4166469526286936,873.9347833196986,53.6467393431806,0.6182686621627616,0.6863712456090333,0,5.798230275936691
bond_length_control,6,101,33,69,1.4893149490167876,383.02856530705327,29.655608932562874,0.517160762616904,0.6863712456090333,0,2.2504100177263364
bond_length_control,6,102,34,63,1.4164759061844763,870.6659204211877,30.75782059899617,0.5647233187520646,0.6863712456090333,0,5.803028401875517
bond_length_control,6,103,34,69,1.4474526207256062,749.8364272543629,10.010618007338392,0.5027830983455135,0.6863712456090333,0,4.667142641081191
bond_length_control,6,104,34,70,1.4614241382681945,710.6084503593935,10.689372060243091,0.6103792426518209,0.6863712456090333,0,3.975520820277911
bond_length_control,6,105,35,64,1.483597669879744,486.1206222879838,12.326052449298054,0.5938065438977018,0.6863712456090333,0,2.6420407023137606
bond_length_control,6,106,35,70,1.4268039629928706,822.3907634313291,52.1945158772231,0.6553084395255404,0.6863712456090333,0,5.484243047278528
bond_length_control,6,107,35,71,1.3990196091017715,861.0326517353498,28.39969222820914,0.6181252875535638,0.6863712456090333,0,6.208532664864328
bond_length_control,203,0,0,36,1.4139393697617595,891.3044817973534,-4.265684341438359,0.47478383479632214,0.6874222598744318,0,16.94410848260857
bond_length_control,203,1,0,41,1.3931206645434526,948.8012164229418,-14.532230441770432,0.43354290679316265,0.6874222598744318,0,17.141700087131603
bond_length_control,203,2,0,71,1.4166507112839335,1091.7850321483536,-16.982498000487638,0.48158197061028524,0.6874222598744318,0,16.904008903976656
bond_length_control,203,3,1,36,1.451875188827167,858.5145080953671,-4.668080855435575,0.6319930207097948,0.6874222598744318,0,16.073837425383594
bond_length_control,203,4,1,37,1.3941923625063835,876.0938621631542,-31.069710686618166,0.6382597690875592,0.6874222598744318,0,17.136244118649437
bond_length_control,203,5,1,66,1.4784040646223675,778.0618902419145,37.73290927555079,0.5710115124184679,0.6874222598744318,0,15.058174414882334
bond_length_control,203,6,2,37,1.3754129235854633,788.098382879661,8.201541968936437,0.622348726046654,0.6874222598744318,0,17.159086901739666
bond_length_control,203,7,2,38,1.4637738422214768,1028.307543711092,-8.528495274976608,0.639006634367224,0.6874222598744318,0,15.660669502874937
bond_length_control,203,8,2,67,1.4182934286246207,1146.7259999845744,-15.027968524897572,0.555658795112702,0.6874222598744318,0,16.87808425069771
bond_length_control,203,9,3,38,1.3725457553870497,800.8010127675198,-12.861209478516301,0.5606119917693702,0.6874222598744318,0,17.149126521598607
bond_length_control,203,10,3,39,1.4352767031212048,813.439213379288,-10.305132210328628,0.41819954767289724,0.6874222598744318,0,16.537275518539523
bond_length_control,203,11,3,68,1.3829347220792416,945.6599071627858,-44.13876743926656,0.6236535031399824,0.6874222598744318,0,17.168376235235275
bond_length_control,203,12,4,39,1.4350305675399686,949.0921404982058,-27.44535406756282,0.37989998175924106,0.6874222598744318,0,16.5431707561193
bond_length_control,203,13,4,40,1.4624681734234721,1025.6634046099769,-23.08343757247909,0.5838374619225605,0.6874222598744318,0,15.709350140782881
bond_length_control,203,14,4,69,1.4527147089291867,1172.9642881503778,-9.490402049885544,0.5466048239024994,0.6874222598744318,0,16.046920039002714
bond_length_control,203,15,5,40,1.3890231646544415,823.7024019269109,-29.166099286890613,0.6524052316059539,0.6874222598744318,0,17.157895837115497
bond_length_control,203,16,5,41,1.396600024249873,954.7382509550357,-51.37954342964313,0.5267146108376135,0.6874222598744318,0,17.12213538760899
bond_length_control,203,17,5,70,1.4569002447474881,933.9235468622984,-29.01935466184532,0.5134440559012472,0.6874222598744318,0,15.90767466128278
bond_length_control,203,18,6,41,1.4332414859939746,1001.345366178832,-47.71063659903135,0.507401552127425,0.6874222598744318,0,16.585170628131355
bond_length_control,203,19,6,42,1.391157577586656,1077.934212687681,-28.545672864223867,0.5523825499470281,0.6874222598744318,0,17.15038078039668
bond_length_control,203,20,6,47,1.430196133340986,1177.61127414654,-41.03639249944069,0.6198612289353574,0.6874222598744318,0,16.653230433521667
bond_length_control,203,21,7,36,1.4026233507270818,1095.5975340375774,7.590013018935256,0.529997440175209,0.6874222598744318,0,17.07556525928582
bond_length_control,203,22,7,42,1.4382060073696628,1005.4030697283764,-13.676521690718468,0.5337375099916527,0.6874222598744318,0,16.46493695588653
bond_length_control,203,23,7,43,1.4177250681488023,955.5914665661594,-0.7578757035474927,0.4564908055011064,0.6874222598744318,0,16.887193233354825
bond_length_control,203,24,8,37,1.506333426964476,396.67860365896223,-12.894493196447696,0.6204972909926763,0.6874222598744318,0,13.611559692782132
bond_length_control,203,25,8,43,1.4057245601636486,1076.2825155690825,-24.17150191632134,0.5407239079408093,0.6874222598744318,0,17.04527169436376
bond_length_control,203,26,8,44,1.4437413775934504,1222.0509575434266,-44.371609413988736,0.6285768072078803,0.6874222598744318,0,16.317226022483926
bond_length_control,203,27,9,38,1.3881322148271469,883.4861829828354,-24.97792874050977,0.4872321570828756,0.6874222598744318,0,17.16044144022129
bond_length_control,203,28,9,44,1.4018171800972192,890.2918223584345,-23.3787514773149,0.47865376497750955,0.6874222598744318,0,17.08273534845443
bond_length_control,203,29,9,45,1.4138695690077545,1037.1006479919802,-5.242600322285525,0.44651572859937916,0.6874222598744318,0,16.94509666845413
bond_length_control,203,30,10,39,1.4300508094238935,1235.57699628535,-9.50692734226546,0.3387796425124044,0.6874222598744318,0,16.656370401811344
bond_length_control,203,31,10,45,1.4394065109802423,980.0869939629141,-23.45828087172235,0.4404756581253809,0.6874222598744318,0,16.4341274319911
bond_length_control,203,32,10,46,1.4406600715260156,958.337429165698,33.94833078467322,0.4493491892321701,0.6874222598744318,0,16.40123264514698
bond_length_control,203,33,11,40,1.495849199003342,564.6158055610497,-23.798975466028192,0.7222918393473725,0.6874222598744318,1,14.200856066640114
bond_length_control,203,34,11,46,1.4415030636596076,894.989941528469,-6.035138507569235,0.6289239059038187,0.6874222598744318,0,16.378695266347737
bond_length_control,203,35,11,47,1.3815737983683152,1012.2513853094719,-21.93572567764923,0.7090608953869647,0.6874222598744318,1,17.168510283180698
bond_length_control,203,36,12,47,1.4964173427155596,514.4724118948585,-10.829791736156144,0.7053599702585707,0.6874222598744318,1,14.170358115576633
bond_length_control,203,37,12,48,1.4367205516597172,893.8756324331982,-2.3914066815735118,0.6387301823988194,0.6874222598744318,0,16.502122620944633
bond_length_control,203,38,12,53,1.3745727221481323,766.2033802120646,-6.170536727811431,0.6971439549653189,0.6874222598744318,1,17.156533653047312
bond_length_control,203,39,13,42,1.341561772302425,96.61471963844647,-89.60194657681427,0.4863384343439474,0.6874222598744318,0,16.819899056848744
bond_length_control,203,40,13,48,1.3215882077570944,-404.39257230296687,-63.81966464793282,0.4871873254725254,0.6874222598744318,0,16.398191985599176
bond_length_control,203,41,13,49,1.4201359343488975,913.8755807125973,-60.49091556983107,0.37634793625939733,0.6874222598744318,0,16.847539378748202
bond_length_control,203,42,14,43,1.3883538723918916,827.9507835724868,20.5253614247259,0.5091430637102392,0.6874222598744318,0,17.159840628382234
bond_length_control,203,43,14,49,1.4213175998603595,1075.2379536736357,-19.952853092423858,0.4763992701162355,0.6874222598744318,0,16.827131567078325
bond_length_control,203,44,14,50,1.4468311081428409,1261.6709052104272,-44.76504843992227,0.6254400035122076,0.6874222598744318,0,16.228478228069793
bond_length_control,203,45,15,44,1.4470962679211528,1008.905658378834,-28.74380507210755,0.6063138660470886,0.6874222598744318,0,16.22065081389391
bond_length_control,203,46,15,50,1.4460314145565758,964.0076187862774,-30.583316549271387,0.6347579065819859,0.6874222598744318,0,16.25188258313313
bond_length_control,203,47,15,51,1.3892162801090473,843.860882059639,-40.20378492521421,0.4298525849170681,0.6874222598744318,0,17.157298185543866
bond_length_control,203,48,16,45,1.4473483852473683,914.100317713972,-24.990498629530602,0.5791220008247058,0.6874222598744318,0,16.21317740887745
bond_length_control,203,49,16,51,1.3842220842977415,800.9973178008802,-12.40642905397717,0.4347987560728158,0.6874222598744318,0,17.167508404109036
bond_length_control,203,50,16,52,1.43614012047294,947.3796142325256,-27.809461334427798,0.5636819751694105,0.6874222598744318,0,16.516371523349534
bond_length_control,203,51,17,46,1.4051845153026996,1063.9378134447895,27.960355930670477,0.6131458798890317,0.6874222598744318,0,17.05085699260725
bond_length_control,203,52,17,52,1.4989167232624225,479.61045665916265,-24.360092465204758,0.5888323231269473,0.6874222598744318,0,14.034243190669027
bond_length_control,203,53,17,53,1.4500418392100236,1232.6385352255988,-8.31963197020015,0.6850668540789258,0.6874222598744318,0,16.13144794770224
bond_length_control,203,54,18,53,1.5227448556343297,188.1386102295064,4.426773427561236,0.6856986930981825,0.6874222598744318,0,12.575285282464073
bond_length_control,203,55,18,54,1.3953048179524747,786.3550642212376,-13.491406233156479,0.48422329102407524,0.6874222598744318,0,17.130043979416985
bond_length_control,203,56,18,59,1.4812616699478427,852.8477130370702,23.501549455696075,0.621706537219854,0.6874222598744318,0,14.928168982911707
bond_length_control,203,57,19,48,1.493298637427794,753.2050870294622,-23.249784751215913,0.5786209266795767,0.6874222598744318,0,14.335753902838658
bond_length_control,203,58,19,54,1.3308750278520105,-55.20172220121944,-27.001676815527134,0.43555929717196873,0.6874222598744318,0,16.61427611115863
bond_length_control,203,59,19,55,1.4189154961136752,1415.2260258811773,-28.43121872136589,0.5613558707145734,0.6874222598744318,0,16.86794532822225
bond_length_control,203,60,20,49,1.4104772986460055,1144.1408479786544,-27.382510898577593,0.48788526443474245,0.6874222598744318,0,16.99045926238111
bond_length_control,203,61,20,55,1.4387999527498743,1024.7728617374148,-15.476229383922826,0.5814595976828674,0.6874222598744318,0,16.44977871086583
bond_length_control,203,62,20,56,1.4751554767225539,834.6599648687348,-9.886533302613108,0.5217518306387148,0.6874222598744318,0,15.201050419295434
bond_length_control,203,63,21,50,1.3805352392519168,800.7289570974629,-5.839875853745437,0.6681185256181178,0.6874222598744318,0,17.168071879991352
bond_length_control,203,64,21,56,1.44755385402009,1151.0303385553193,-13.573511461629606,0.5529443584261179,0.6874222598744318,0,16.20706443138244
bond_length_control,203,65,21,57,1.4614774376596267,849.6509135267275,-19.94630837632873,0.6758442725417018,0.6874222598744318,0,15.745736562728142
bond_length_control,203,66,22,51,1.3998424584763134,873.8437204069353,-35.46072910988136,0.3882800899161372,0.6874222598744318,0,17.099073176605636
bond_length_control,203,67,22,57,1.4093492648014458,1086.3911907903937,-45.35978631321573,0.6009111585046389,0.6874222598744318,0,17.004390159604014
bond_length_control,203,68,22,58,1.447986325861014,1030.627094338718,-13.547277459338824,0.5724927221490849,0.6874222598744318,0,16.194132175410257
bond_length_control,203,69,23,52,1.4341197718591014,1122.0876994394225,-7.480212320962673,0.4216850438802803,0.6874222598744318,0,16.564739089798586
bond_length_control,203,70,23,58,1.4340266617148005,1060.113306651266,-18.81852476257083,0.4770144570166332,0.6874222598744318,0,16.56692217275915
bond_length_control,203,71,23,59,1.4249831251115659,906.9977093995354,-12.99370475921718,0.4539274189539301,0.6874222598744318,0,16.759745508537215
bond_length_control,203,72,24,59,1.419566780433998,1037.8017152494192,12.184812242230306,0.49918005268138127,0.6874222598744318,0,16.857140570828967
bond_length_control,203,73,24,60,1.4024182221373271,1343.0546707790297,-11.196230454351605,0.5623030578209259,0.6874222598744318,0,17.07741721915497
bond_length_control,203,74,24,65,1.4280073134381455,934.6518108240012,-7.347912834748484,0.46142886640230085,0.6874222598744318,0,16.699485824160213
bond_length_control,203,75,25,54,1.395910060373722,837.9084889061792,8.405519669905107,0.45510471396186525,0.6874222598744318,0,17.126440802903716
bond_length_control,203,76,25,60,1.4658882535414208,827.3879329774387,-26.52608577055297,0.6557109652971886,0.6874222598744318,0,15.580076923825816
bond_length_control,203,77,25,61,1.4170949802689699,951.9073184483531,-39.11106226549592,0.65639350928493,0.6874222598744318,0,16.897119126578698
bond_length_control,203,78,26,55,1.397981651991643,1015.2755647370544,-24.540373603391803,0.5842773578272318,0.6874222598744318,0,17.11287941611133
bond_length_control,203,79,26,61,1.362333052933221,531.5225958401526,-6.815169321837013,0.6597695796076918,0.6874222598744318,0,17.085142857981754
bond_length_control,203,80,26,62,1.4773008174540498,866.4512590616672,-20.49964779101429,0.6465359932432388,0.6874222598744318,0,15.107281934936104
bond_length_control,203,81,27,56,1.4419000516097646,1014.6643009348375,-13.101944350019759,0.4992800388972038,0.6874222598744318,0,16.367965705164156
bond_length_control,203,82,27,62,1.4287353353257062,1096.3697564482434,-18.4422572401031,0.6212464413573634,0.6874222598744318,0,16.684347444559602
bond_length_control,203,83,27,63,1.3915069653896068,1350.6977926652448,-15.402185517697053,0.5959724764343373,0.6874222598744318,0,17.148959930777945
bond_length_control,203,84,28,57,1.371099344718443,716.2740459306141,4.952028971336214,0.6508014537974428,0.6874222598744318,0,17.142764750165348
bond_length_control,203,85,28,63,1.401579754128577,1024.329829971205,6.254419157005836,0.6245939772189923,0.6874222598744318,0,17.084791683499088
bond_length_control,203,86,28,64,1.4811479983025337,865.9111440792601,7.241387202404766,0.6745117832809505,0.6874222598744318,0,14.933417941716726
bond_length_control,203,87,29,58,1.3972119247625052,956.3403639768803,-16.310487216107074,0.5956697895322169,0.6874222598744318,0,17.11814055032597
bond_length_control,203,88,29,64,1.4475820424790673,1098.7238799291672,-18.637360507065736,0.6477985553712786,0.6874222598744318,0,16.206224219681076
bond_length_control,203,89,29,65,1.3765515419186003,607.4006240859926,24.139243000011355,0.5348315651904334,0.6874222598744318,0,17.162062431789657
bond_length_control,203,90,30,65,1.3856481697193015,838.6267056884443,17.246102439286755,0.6008425189510586,0.6874222598744318,0,17.16570434663141
bond_length_control,203,91,30,66,1.4554616205296569,861.6681339446175,-8.366713160756872,0.5786016193056195,0.6874222598744318,0,15.956484628987013
bond_length_control,203,92,30,71,1.5049335649674283,544.9630408961922,18.6831640007219,0.6463812634109096,0.6874222598744318,0,13.69349694914262
bond_length_control,203,93,31,60,1.4772447585697428,812.0683639559602,15.041394641900439,0.6193226241808951,0.6874222598744318,0,15.109761120962254
bond_length_control,203,94,31,66,1.44167576159425,1063.6477518001475,-48.2919961166477,0.4962075331168311,0.6874222598744318,0,16.374036825748764
bond_length_control,203,95,31,67,1.3152688232750522,-361.23452690398614,-69.0559467771158,0.49676585885197033,0.6874222598744318,0,16.231529174835355
bond_length_control,203,96,32,61,1.4697360521495229,825.3069489274578,-35.52207798808611,0.673008065103947,0.6874222598744318,0,15.427817160029054
bond_length_control,203,97,32,67,1.403439183598058,847.596193619339,-42.755901834192755,0.5497687557872808,0.6874222598744318,0,17.068013459338033
bond_length_control,203,98,32,68,1.4508414199822681,1337.7945659651086,-41.95951827960645,0.6961581064124149,0.6874222598744318,1,16.106519706908642
bond_length_control,203,99,33,62,1.4009633079020236,1265.2359709602154,-34.71363772445979,0.6392694892072551,0.6874222598744318,0,17.090013237975782
bond_length_control,203,100,33,68,1.4877471348224043,683.0469227446937,-20.894385600302982,0.675653116880176,0.6874222598744318,0,14.618011958708426
bond_length_control,203,101,33,69,1.4153528564923208,1003.1716976585745,-30.360242581979353,0.6369040035563495,0.6874222598744318,0,16.923621008184476
bond_length_control,203,102,34,63,1.469027757391157,917.6459638801648,-6.385683050666488,0.6583015559023295,0.6874222598744318,0,15.456388672990355
bond_length_control,203,103,34,69,1.3708579558542096,728.4037784381333,-7.536807524036175,0.6812100351744501,0.6874222598744318,0,17.141615929716227
bond_length_control,203,104,34,70,1.4878793099880259,733.8068835981821,3.943556605295488,0.5794814974898044,0.6874222598744318,0,14.611471952238436
bond_length_control,203,105,35,64,1.3955445382601055,888.5975204841216,-24.933481442788718,0.6401071525761853,0.6874222598744318,0,17.128636249328228
bond_length_control,203,106,35,70,1.4426688103495022,795.300367813554,-3.8916596032473856,0.511369288101702,0.6874222598744318,0,16.346976586217224
bond_length_control,203,107,35,71,1.3349269913793924,169.5294165514881,11.521116132705782,0.572678906855191,0.6874222598744318,0,16.697695666969985
