                                                                                      
                                       ``:oss/                                        
                           `.+s+.     .+ys--yh+     `./ss+.                           
                          -sh//yy+`   +yy   +yy    -+h+-oyy                           
                          -yh- .oyy/.-sh.   .syo-.:sy-  /yh                           
                 `.-.`    `yh+   -oyyyo.     `/syys:    oys      `.`                  
               `/+ssys+-` `sh+      `                   oys`   .:osyo`                
               -yh- ./syyooyo`                          .sys+/oyo--yh/                
               `yy+    .-:-.                             `-/+/:`  -sh-                
                /yh.                                              oys                 
          ``..---hho---------`   .---------..`      `.-----.`    -hd+---.             
       `./osmNMMMMMMMMMMMMMMMs. +NNMMMMMMMMNNmh+.   yNMMMMMNm-  oNMMMMMNmo++:`        
       +sy--/sdMMMhyyyyyyyNMMh- .oyNMMmyyyyyhNMMm+` -yMMMdyyo:` .oyyNMMNhs+syy`       
       -yy/   /MMM+.`-+/``mMMy-   `mMMh:`````.dMMN:` `MMMy-`-dhhy```mMMy:``+hs        
        -yy+` /MMMo:-mMM+`-oo/.    mMMh:     `dMMN/`  dMMm:`dMMMMy..MMMo-.+yo`        
         .sys`/MMMMNNMMMs-         mMMmyooooymMMNo:   oMMM/sMMMMMM++MMN//oh:          
          `sh+/MMMhyyMMMs- `-`     mMMMMMMMMMNmy+-`   -MMMhMMMsmMMmdMMd/yy+           
    `-/+++oyy-/MMM+.`/hh/.`mNm:`   mMMd+/////:-.`      NMMMMMd/:NMMMMMy:/yyo/:.`      
   +os+//:-..-oMMMo:--:::-/MMMo. .-mMMd+---`           hMMMMN+. oMMMMMo. `-+osyso:`   
   syo     `mNMMMMMNNNNNNNNMMMo.oNNMMMMMNNNN:`         +MMMMs:`  dMMMN/`     ``:syo   
   /yh`     :syyyyyyyyyyyyyyyy+.`+syyyyyyyyo:`         .oyys:`   .oyys:`        +yh   
   -yh-        ````````````````    `````````              ``        ``          oys   
   -+h/------------------------::::::::://////++++++++++++++++++++++///////::::/yd:   
   shdddddddddddddddddddddddddddddhhhhhhhhyyyyyssssssssssssssssyyyyyyyhhhhhhhddddh`   
                                                                                      
 Lee, H., Poncé, S., Bushick, K., Hajinazar, S., Lafuente-Bartolome, J.,Leveillee, J.,
    Lian, C., Lihm, J., Macheda, F., Mori, H., Paudyal, H., Sio, W., Tiwari, S.,      
 Zacharias, M., Zhang, X., Bonini, N., Kioupakis, E., Margine, E.R., and Giustino F., 
                                                     npj Comput Mater 9, 156 (2023)   
                                                                                      

     Program EPW v.6.0 starts on 28Jun2026 at 21:44:40 

     This program is part of the open-source Quantum ESPRESSO suite
     for quantum simulation of materials; please cite
         "P. Giannozzi et al., J. Phys.:Condens. Matter 21 395502 (2009);
         "P. Giannozzi et al., J. Phys.:Condens. Matter 29 465901 (2017);
         "P. Giannozzi et al., J. Chem. Phys. 152 154105 (2020);
          URL http://www.quantum-espresso.org", 
     in publications or presentations arising from this work. More details at
     http://www.quantum-espresso.org/quote

     Parallel version (MPI & OpenMP), running on       2 processor cores
     Number of MPI processes:                 1
     Threads/MPI process:                     2

     MPI processes distributed on     1 nodes
     8219 MiB available memory on the printing compute node when the environment starts

     Reading input from epw.in

     No temperature supplied. Setting temps(:) to 300 K.

     Reading xml data from directory:

     ./tmp/graphene.save/

     IMPORTANT: XC functional enforced from input :
     Exchange-correlation= PBE
                           (   1   4   3   4   0   0   0)
     Any further DFT definition will be discarded
     Please, verify this is what you really want


     G-vector sticks info
     --------------------
     sticks:   dense  smooth     PW     G-vecs:    dense   smooth      PW
     Sum         361     361    151                65771    65771   18775

     Using Slab Decomposition

     Reading collected, re-writing distributed wavefunctions

     --                                                                         

     bravais-lattice index     =            4
     lattice parameter (a_0)   =       4.6488  a.u.
     unit-cell volume          =    1044.0817 (a.u.)^3
     number of atoms/cell      =            2
     number of atomic types    =            1
     kinetic-energy cut-off    =      60.0000  Ry
     charge density cut-off    =     240.0000  Ry
     Exchange-correlation= PBE
                           (   1   4   3   4   0   0   0)


     celldm(1)=    4.64880  celldm(2)=    0.00000  celldm(3)=   12.00000
     celldm(4)=    0.00000  celldm(5)=    0.00000  celldm(6)=    0.00000

     crystal axes: (cart. coord. in units of a_0)
               a(1) = (  1.0000  0.0000  0.0000 )  
               a(2) = ( -0.5000  0.8660  0.0000 )  
               a(3) = (  0.0000  0.0000 12.0000 )  

     reciprocal axes: (cart. coord. in units 2 pi/a_0)
               b(1) = (  1.0000  0.5774 -0.0000 )  
               b(2) = (  0.0000  1.1547  0.0000 )  
               b(3) = (  0.0000 -0.0000  0.0833 )  


     Atoms inside the unit cell: 

   Cartesian axes

     site n.  atom      mass           positions (a_0 units)
        1     C      12.0110   tau( 1) = (    0.00000    0.00000    0.00000  )
        2     C      12.0110   tau( 2) = (   -0.00000    0.57735    0.00000  )

     25 Sym.Ops. (with q -> -q+G )


     G cutoff =  131.3812  (  65771 G-vectors)     FFT grid: ( 24, 24,288)
     number of k points=  144  gaussian broad. (Ry)=  0.0200     ngauss = -99
                       cart. coord. in units 2pi/a_0
        k(    1) = (   0.0000000   0.0000000   0.0000000), wk =   0.0138889
        k(    2) = (   0.0000000   0.0962250   0.0000000), wk =   0.0138889
        k(    3) = (   0.0000000   0.1924501   0.0000000), wk =   0.0138889
        k(    4) = (   0.0000000   0.2886751   0.0000000), wk =   0.0138889
        k(    5) = (   0.0000000   0.3849002   0.0000000), wk =   0.0138889
        k(    6) = (   0.0000000   0.4811252   0.0000000), wk =   0.0138889
        k(    7) = (   0.0000000   0.5773503   0.0000000), wk =   0.0138889
        k(    8) = (   0.0000000   0.6735753   0.0000000), wk =   0.0138889
        k(    9) = (   0.0000000   0.7698004   0.0000000), wk =   0.0138889
        k(   10) = (   0.0000000   0.8660254   0.0000000), wk =   0.0138889
        k(   11) = (   0.0000000   0.9622504   0.0000000), wk =   0.0138889
        k(   12) = (   0.0000000   1.0584755   0.0000000), wk =   0.0138889
        k(   13) = (   0.0833333   0.0481125   0.0000000), wk =   0.0138889
        k(   14) = (   0.0833333   0.1443376   0.0000000), wk =   0.0138889
        k(   15) = (   0.0833333   0.2405626   0.0000000), wk =   0.0138889
        k(   16) = (   0.0833333   0.3367877   0.0000000), wk =   0.0138889
        k(   17) = (   0.0833333   0.4330127   0.0000000), wk =   0.0138889
        k(   18) = (   0.0833333   0.5292377   0.0000000), wk =   0.0138889
        k(   19) = (   0.0833333   0.6254628   0.0000000), wk =   0.0138889
        k(   20) = (   0.0833333   0.7216878   0.0000000), wk =   0.0138889
        k(   21) = (   0.0833333   0.8179129   0.0000000), wk =   0.0138889
        k(   22) = (   0.0833333   0.9141379   0.0000000), wk =   0.0138889
        k(   23) = (   0.0833333   1.0103630   0.0000000), wk =   0.0138889
        k(   24) = (   0.0833333   1.1065880   0.0000000), wk =   0.0138889
        k(   25) = (   0.1666667   0.0962250   0.0000000), wk =   0.0138889
        k(   26) = (   0.1666667   0.1924501   0.0000000), wk =   0.0138889
        k(   27) = (   0.1666667   0.2886751   0.0000000), wk =   0.0138889
        k(   28) = (   0.1666667   0.3849002   0.0000000), wk =   0.0138889
        k(   29) = (   0.1666667   0.4811252   0.0000000), wk =   0.0138889
        k(   30) = (   0.1666667   0.5773503   0.0000000), wk =   0.0138889
        k(   31) = (   0.1666667   0.6735753   0.0000000), wk =   0.0138889
        k(   32) = (   0.1666667   0.7698004   0.0000000), wk =   0.0138889
        k(   33) = (   0.1666667   0.8660254   0.0000000), wk =   0.0138889
        k(   34) = (   0.1666667   0.9622504   0.0000000), wk =   0.0138889
        k(   35) = (   0.1666667   1.0584755   0.0000000), wk =   0.0138889
        k(   36) = (   0.1666667   1.1547005   0.0000000), wk =   0.0138889
        k(   37) = (   0.2500000   0.1443376   0.0000000), wk =   0.0138889
        k(   38) = (   0.2500000   0.2405626   0.0000000), wk =   0.0138889
        k(   39) = (   0.2500000   0.3367877   0.0000000), wk =   0.0138889
        k(   40) = (   0.2500000   0.4330127   0.0000000), wk =   0.0138889
        k(   41) = (   0.2500000   0.5292377   0.0000000), wk =   0.0138889
        k(   42) = (   0.2500000   0.6254628   0.0000000), wk =   0.0138889
        k(   43) = (   0.2500000   0.7216878   0.0000000), wk =   0.0138889
        k(   44) = (   0.2500000   0.8179129   0.0000000), wk =   0.0138889
        k(   45) = (   0.2500000   0.9141379   0.0000000), wk =   0.0138889
        k(   46) = (   0.2500000   1.0103630   0.0000000), wk =   0.0138889
        k(   47) = (   0.2500000   1.1065880   0.0000000), wk =   0.0138889
        k(   48) = (   0.2500000   1.2028131   0.0000000), wk =   0.0138889
        k(   49) = (   0.3333333   0.1924501   0.0000000), wk =   0.0138889
        k(   50) = (   0.3333333   0.2886751   0.0000000), wk =   0.0138889
        k(   51) = (   0.3333333   0.3849002   0.0000000), wk =   0.0138889
        k(   52) = (   0.3333333   0.4811252   0.0000000), wk =   0.0138889
        k(   53) = (   0.3333333   0.5773503   0.0000000), wk =   0.0138889
        k(   54) = (   0.3333333   0.6735753   0.0000000), wk =   0.0138889
        k(   55) = (   0.3333333   0.7698004   0.0000000), wk =   0.0138889
        k(   56) = (   0.3333333   0.8660254   0.0000000), wk =   0.0138889
        k(   57) = (   0.3333333   0.9622504   0.0000000), wk =   0.0138889
        k(   58) = (   0.3333333   1.0584755   0.0000000), wk =   0.0138889
        k(   59) = (   0.3333333   1.1547005   0.0000000), wk =   0.0138889
        k(   60) = (   0.3333333   1.2509256   0.0000000), wk =   0.0138889
        k(   61) = (   0.4166667   0.2405626   0.0000000), wk =   0.0138889
        k(   62) = (   0.4166667   0.3367877   0.0000000), wk =   0.0138889
        k(   63) = (   0.4166667   0.4330127   0.0000000), wk =   0.0138889
        k(   64) = (   0.4166667   0.5292377   0.0000000), wk =   0.0138889
        k(   65) = (   0.4166667   0.6254628   0.0000000), wk =   0.0138889
        k(   66) = (   0.4166667   0.7216878   0.0000000), wk =   0.0138889
        k(   67) = (   0.4166667   0.8179129   0.0000000), wk =   0.0138889
        k(   68) = (   0.4166667   0.9141379   0.0000000), wk =   0.0138889
        k(   69) = (   0.4166667   1.0103630   0.0000000), wk =   0.0138889
        k(   70) = (   0.4166667   1.1065880   0.0000000), wk =   0.0138889
        k(   71) = (   0.4166667   1.2028131   0.0000000), wk =   0.0138889
        k(   72) = (   0.4166667   1.2990381   0.0000000), wk =   0.0138889
        k(   73) = (   0.5000000   0.2886751   0.0000000), wk =   0.0138889
        k(   74) = (   0.5000000   0.3849002   0.0000000), wk =   0.0138889
        k(   75) = (   0.5000000   0.4811252   0.0000000), wk =   0.0138889
        k(   76) = (   0.5000000   0.5773503   0.0000000), wk =   0.0138889
        k(   77) = (   0.5000000   0.6735753   0.0000000), wk =   0.0138889
        k(   78) = (   0.5000000   0.7698004   0.0000000), wk =   0.0138889
        k(   79) = (   0.5000000   0.8660254   0.0000000), wk =   0.0138889
        k(   80) = (   0.5000000   0.9622504   0.0000000), wk =   0.0138889
        k(   81) = (   0.5000000   1.0584755   0.0000000), wk =   0.0138889
        k(   82) = (   0.5000000   1.1547005   0.0000000), wk =   0.0138889
        k(   83) = (   0.5000000   1.2509256   0.0000000), wk =   0.0138889
        k(   84) = (   0.5000000   1.3471506   0.0000000), wk =   0.0138889
        k(   85) = (   0.5833333   0.3367877   0.0000000), wk =   0.0138889
        k(   86) = (   0.5833333   0.4330127   0.0000000), wk =   0.0138889
        k(   87) = (   0.5833333   0.5292377   0.0000000), wk =   0.0138889
        k(   88) = (   0.5833333   0.6254628   0.0000000), wk =   0.0138889
        k(   89) = (   0.5833333   0.7216878   0.0000000), wk =   0.0138889
        k(   90) = (   0.5833333   0.8179129   0.0000000), wk =   0.0138889
        k(   91) = (   0.5833333   0.9141379   0.0000000), wk =   0.0138889
        k(   92) = (   0.5833333   1.0103630   0.0000000), wk =   0.0138889
        k(   93) = (   0.5833333   1.1065880   0.0000000), wk =   0.0138889
        k(   94) = (   0.5833333   1.2028131   0.0000000), wk =   0.0138889
        k(   95) = (   0.5833333   1.2990381   0.0000000), wk =   0.0138889
        k(   96) = (   0.5833333   1.3952632   0.0000000), wk =   0.0138889
        k(   97) = (   0.6666667   0.3849002   0.0000000), wk =   0.0138889
        k(   98) = (   0.6666667   0.4811252   0.0000000), wk =   0.0138889
        k(   99) = (   0.6666667   0.5773503   0.0000000), wk =   0.0138889
        k(  100) = (   0.6666667   0.6735753   0.0000000), wk =   0.0138889
        k(  101) = (   0.6666667   0.7698004   0.0000000), wk =   0.0138889
        k(  102) = (   0.6666667   0.8660254   0.0000000), wk =   0.0138889
        k(  103) = (   0.6666667   0.9622504   0.0000000), wk =   0.0138889
        k(  104) = (   0.6666667   1.0584755   0.0000000), wk =   0.0138889
        k(  105) = (   0.6666667   1.1547005   0.0000000), wk =   0.0138889
        k(  106) = (   0.6666667   1.2509256   0.0000000), wk =   0.0138889
        k(  107) = (   0.6666667   1.3471506   0.0000000), wk =   0.0138889
        k(  108) = (   0.6666667   1.4433757   0.0000000), wk =   0.0138889
        k(  109) = (   0.7500000   0.4330127   0.0000000), wk =   0.0138889
        k(  110) = (   0.7500000   0.5292377   0.0000000), wk =   0.0138889
        k(  111) = (   0.7500000   0.6254628   0.0000000), wk =   0.0138889
        k(  112) = (   0.7500000   0.7216878   0.0000000), wk =   0.0138889
        k(  113) = (   0.7500000   0.8179129   0.0000000), wk =   0.0138889
        k(  114) = (   0.7500000   0.9141379   0.0000000), wk =   0.0138889
        k(  115) = (   0.7500000   1.0103630   0.0000000), wk =   0.0138889
        k(  116) = (   0.7500000   1.1065880   0.0000000), wk =   0.0138889
        k(  117) = (   0.7500000   1.2028131   0.0000000), wk =   0.0138889
        k(  118) = (   0.7500000   1.2990381   0.0000000), wk =   0.0138889
        k(  119) = (   0.7500000   1.3952632   0.0000000), wk =   0.0138889
        k(  120) = (   0.7500000   1.4914882   0.0000000), wk =   0.0138889
        k(  121) = (   0.8333333   0.4811252   0.0000000), wk =   0.0138889
        k(  122) = (   0.8333333   0.5773503   0.0000000), wk =   0.0138889
        k(  123) = (   0.8333333   0.6735753   0.0000000), wk =   0.0138889
        k(  124) = (   0.8333333   0.7698004   0.0000000), wk =   0.0138889
        k(  125) = (   0.8333333   0.8660254   0.0000000), wk =   0.0138889
        k(  126) = (   0.8333333   0.9622504   0.0000000), wk =   0.0138889
        k(  127) = (   0.8333333   1.0584755   0.0000000), wk =   0.0138889
        k(  128) = (   0.8333333   1.1547005   0.0000000), wk =   0.0138889
        k(  129) = (   0.8333333   1.2509256   0.0000000), wk =   0.0138889
        k(  130) = (   0.8333333   1.3471506   0.0000000), wk =   0.0138889
        k(  131) = (   0.8333333   1.4433757   0.0000000), wk =   0.0138889
        k(  132) = (   0.8333333   1.5396007   0.0000000), wk =   0.0138889
        k(  133) = (   0.9166667   0.5292377   0.0000000), wk =   0.0138889
        k(  134) = (   0.9166667   0.6254628   0.0000000), wk =   0.0138889
        k(  135) = (   0.9166667   0.7216878   0.0000000), wk =   0.0138889
        k(  136) = (   0.9166667   0.8179129   0.0000000), wk =   0.0138889
        k(  137) = (   0.9166667   0.9141379   0.0000000), wk =   0.0138889
        k(  138) = (   0.9166667   1.0103630   0.0000000), wk =   0.0138889
        k(  139) = (   0.9166667   1.1065880   0.0000000), wk =   0.0138889
        k(  140) = (   0.9166667   1.2028131   0.0000000), wk =   0.0138889
        k(  141) = (   0.9166667   1.2990381   0.0000000), wk =   0.0138889
        k(  142) = (   0.9166667   1.3952632   0.0000000), wk =   0.0138889
        k(  143) = (   0.9166667   1.4914882   0.0000000), wk =   0.0138889
        k(  144) = (   0.9166667   1.5877132   0.0000000), wk =   0.0138889

     PseudoPot. # 1 for C  read from file:
     /root/phonon/pseudo/C_ONCV_PBE-1.2.upf
     MD5 check sum: 1a5f83a7b1f58d24996abe00ed223ac6
     Pseudo is Norm-conserving, Zval =  4.0
     Generated using ONCVPSP code by D. R. Hamann
     Using radial grid of  602 points,  4 beta functions with: 
                l(1) =   0
                l(2) =   0
                l(3) =   1
                l(4) =   1
     EPW          :      1.67s CPU      2.04s WALL

     EPW          :      1.67s CPU      2.04s WALL

     -------------------------------------------------------------------
     Wannierization on 12 x 12 x  1 electronic grid
     -------------------------------------------------------------------

     Spin CASE ( default = unpolarized )

     Initializing Wannier90


     Initial Wannier projections

     (   0.00000   0.00000   0.00000) :  l =   1 mr =   1
     (   0.33333   0.66667   0.00000) :  l =   1 mr =   1

      - Number of bands is ( 14)
      - Number of total bands is ( 14)
      - Number of excluded bands is (  0)
      - Number of wannier functions is (  2)
      - All guiding functions are given 

  Reading data about k-point neighbours 

      - All neighbours are found 

     AMN
      k points =   144 in    1 pools
            1 of  144 on ionode
            2 of  144 on ionode
            3 of  144 on ionode
            4 of  144 on ionode
            5 of  144 on ionode
            6 of  144 on ionode
            7 of  144 on ionode
            8 of  144 on ionode
            9 of  144 on ionode
           10 of  144 on ionode
           11 of  144 on ionode
           12 of  144 on ionode
           13 of  144 on ionode
           14 of  144 on ionode
           15 of  144 on ionode
           16 of  144 on ionode
           17 of  144 on ionode
           18 of  144 on ionode
           19 of  144 on ionode
           20 of  144 on ionode
           21 of  144 on ionode
           22 of  144 on ionode
           23 of  144 on ionode
           24 of  144 on ionode
           25 of  144 on ionode
           26 of  144 on ionode
           27 of  144 on ionode
           28 of  144 on ionode
           29 of  144 on ionode
           30 of  144 on ionode
           31 of  144 on ionode
           32 of  144 on ionode
           33 of  144 on ionode
           34 of  144 on ionode
           35 of  144 on ionode
           36 of  144 on ionode
           37 of  144 on ionode
           38 of  144 on ionode
           39 of  144 on ionode
           40 of  144 on ionode
           41 of  144 on ionode
           42 of  144 on ionode
           43 of  144 on ionode
           44 of  144 on ionode
           45 of  144 on ionode
           46 of  144 on ionode
           47 of  144 on ionode
           48 of  144 on ionode
           49 of  144 on ionode
           50 of  144 on ionode
           51 of  144 on ionode
           52 of  144 on ionode
           53 of  144 on ionode
           54 of  144 on ionode
           55 of  144 on ionode
           56 of  144 on ionode
           57 of  144 on ionode
           58 of  144 on ionode
           59 of  144 on ionode
           60 of  144 on ionode
           61 of  144 on ionode
           62 of  144 on ionode
           63 of  144 on ionode
           64 of  144 on ionode
           65 of  144 on ionode
           66 of  144 on ionode
           67 of  144 on ionode
           68 of  144 on ionode
           69 of  144 on ionode
           70 of  144 on ionode
           71 of  144 on ionode
           72 of  144 on ionode
           73 of  144 on ionode
           74 of  144 on ionode
           75 of  144 on ionode
           76 of  144 on ionode
           77 of  144 on ionode
           78 of  144 on ionode
           79 of  144 on ionode
           80 of  144 on ionode
           81 of  144 on ionode
           82 of  144 on ionode
           83 of  144 on ionode
           84 of  144 on ionode
           85 of  144 on ionode
           86 of  144 on ionode
           87 of  144 on ionode
           88 of  144 on ionode
           89 of  144 on ionode
           90 of  144 on ionode
           91 of  144 on ionode
           92 of  144 on ionode
           93 of  144 on ionode
           94 of  144 on ionode
           95 of  144 on ionode
           96 of  144 on ionode
           97 of  144 on ionode
           98 of  144 on ionode
           99 of  144 on ionode
          100 of  144 on ionode
          101 of  144 on ionode
          102 of  144 on ionode
          103 of  144 on ionode
          104 of  144 on ionode
          105 of  144 on ionode
          106 of  144 on ionode
          107 of  144 on ionode
          108 of  144 on ionode
          109 of  144 on ionode
          110 of  144 on ionode
          111 of  144 on ionode
          112 of  144 on ionode
          113 of  144 on ionode
          114 of  144 on ionode
          115 of  144 on ionode
          116 of  144 on ionode
          117 of  144 on ionode
          118 of  144 on ionode
          119 of  144 on ionode
          120 of  144 on ionode
          121 of  144 on ionode
          122 of  144 on ionode
          123 of  144 on ionode
          124 of  144 on ionode
          125 of  144 on ionode
          126 of  144 on ionode
          127 of  144 on ionode
          128 of  144 on ionode
          129 of  144 on ionode
          130 of  144 on ionode
          131 of  144 on ionode
          132 of  144 on ionode
          133 of  144 on ionode
          134 of  144 on ionode
          135 of  144 on ionode
          136 of  144 on ionode
          137 of  144 on ionode
          138 of  144 on ionode
          139 of  144 on ionode
          140 of  144 on ionode
          141 of  144 on ionode
          142 of  144 on ionode
          143 of  144 on ionode
          144 of  144 on ionode

     AMN calculated

     MMN
      k points =   144 in    1 pools
            1 of  144 on ionode
            2 of  144 on ionode
            3 of  144 on ionode
            4 of  144 on ionode
            5 of  144 on ionode
            6 of  144 on ionode
            7 of  144 on ionode
            8 of  144 on ionode
            9 of  144 on ionode
           10 of  144 on ionode
           11 of  144 on ionode
           12 of  144 on ionode
           13 of  144 on ionode
           14 of  144 on ionode
           15 of  144 on ionode
           16 of  144 on ionode
           17 of  144 on ionode
           18 of  144 on ionode
           19 of  144 on ionode
           20 of  144 on ionode
           21 of  144 on ionode
           22 of  144 on ionode
           23 of  144 on ionode
           24 of  144 on ionode
           25 of  144 on ionode
           26 of  144 on ionode
           27 of  144 on ionode
           28 of  144 on ionode
           29 of  144 on ionode
           30 of  144 on ionode
           31 of  144 on ionode
           32 of  144 on ionode
           33 of  144 on ionode
           34 of  144 on ionode
           35 of  144 on ionode
           36 of  144 on ionode
           37 of  144 on ionode
           38 of  144 on ionode
           39 of  144 on ionode
           40 of  144 on ionode
           41 of  144 on ionode
           42 of  144 on ionode
           43 of  144 on ionode
           44 of  144 on ionode
           45 of  144 on ionode
           46 of  144 on ionode
           47 of  144 on ionode
           48 of  144 on ionode
           49 of  144 on ionode
           50 of  144 on ionode
           51 of  144 on ionode
           52 of  144 on ionode
           53 of  144 on ionode
           54 of  144 on ionode
           55 of  144 on ionode
           56 of  144 on ionode
           57 of  144 on ionode
           58 of  144 on ionode
           59 of  144 on ionode
           60 of  144 on ionode
           61 of  144 on ionode
           62 of  144 on ionode
           63 of  144 on ionode
           64 of  144 on ionode
           65 of  144 on ionode
           66 of  144 on ionode
           67 of  144 on ionode
           68 of  144 on ionode
           69 of  144 on ionode
           70 of  144 on ionode
           71 of  144 on ionode
           72 of  144 on ionode
           73 of  144 on ionode
           74 of  144 on ionode
           75 of  144 on ionode
           76 of  144 on ionode
           77 of  144 on ionode
           78 of  144 on ionode
           79 of  144 on ionode
           80 of  144 on ionode
           81 of  144 on ionode
           82 of  144 on ionode
           83 of  144 on ionode
           84 of  144 on ionode
           85 of  144 on ionode
           86 of  144 on ionode
           87 of  144 on ionode
           88 of  144 on ionode
           89 of  144 on ionode
           90 of  144 on ionode
           91 of  144 on ionode
           92 of  144 on ionode
           93 of  144 on ionode
           94 of  144 on ionode
           95 of  144 on ionode
           96 of  144 on ionode
           97 of  144 on ionode
           98 of  144 on ionode
           99 of  144 on ionode
          100 of  144 on ionode
          101 of  144 on ionode
          102 of  144 on ionode
          103 of  144 on ionode
          104 of  144 on ionode
          105 of  144 on ionode
          106 of  144 on ionode
          107 of  144 on ionode
          108 of  144 on ionode
          109 of  144 on ionode
          110 of  144 on ionode
          111 of  144 on ionode
          112 of  144 on ionode
          113 of  144 on ionode
          114 of  144 on ionode
          115 of  144 on ionode
          116 of  144 on ionode
          117 of  144 on ionode
          118 of  144 on ionode
          119 of  144 on ionode
          120 of  144 on ionode
          121 of  144 on ionode
          122 of  144 on ionode
          123 of  144 on ionode
          124 of  144 on ionode
          125 of  144 on ionode
          126 of  144 on ionode
          127 of  144 on ionode
          128 of  144 on ionode
          129 of  144 on ionode
          130 of  144 on ionode
          131 of  144 on ionode
          132 of  144 on ionode
          133 of  144 on ionode
          134 of  144 on ionode
          135 of  144 on ionode
          136 of  144 on ionode
          137 of  144 on ionode
          138 of  144 on ionode
          139 of  144 on ionode
          140 of  144 on ionode
          141 of  144 on ionode
          142 of  144 on ionode
          143 of  144 on ionode
          144 of  144 on ionode
     MMN calculated

     Running Wannier90

     Wannier Function centers (cartesian, alat) and spreads (ang):

     (  -0.00360  -0.00376  -0.26278) :   5.97213
     (  -0.00065   0.57704  -0.00914) :   2.31453

     -------------------------------------------------------------------
     WANNIER      :    130.87s CPU    106.01s WALL (       1 calls)
     -------------------------------------------------------------------
     HDF5 is used in the current build. Exciton-phonon coupling calculations are enabled.

     Dipole matrix elements calculated


     Calculating kgmap

     Progress kgmap: ########################################
     kmaps        :      0.30s CPU      0.25s WALL (       1 calls)
     Symmetries of Bravais lattice:  24
     Symmetries of crystal:          24


     ===================================================================
     irreducible q point #    1
     ===================================================================

     Symmetries of small group of q: 24
          in addition sym. q -> -q+G:

     Number of q in the star =    1
     List of q in the star:
          1   0.000000000   0.000000000   0.000000000
     Imposing acoustic sum rule on the dynamical matrix

        q(    1 ) = (   0.0000000   0.0000000   0.0000000 )


     ===================================================================
     irreducible q point #    2
     ===================================================================

     Symmetries of small group of q:  4

     Number of q in the star =    6
     List of q in the star:
          1   0.000000000   0.192450090   0.000000000
          2   0.000000000  -0.192450090   0.000000000
          3  -0.166666667   0.096225045   0.000000000
          4  -0.166666667  -0.096225045   0.000000000
          5   0.166666667  -0.096225045   0.000000000
          6   0.166666667   0.096225045   0.000000000
     Message from routine init_vloc:
     Interpolation table for Vloc re-allocated

        q(    2 ) = (   0.0000000   0.1924501   0.0000000 )
        q(    3 ) = (   0.0000000  -0.1924501   0.0000000 )
        q(    4 ) = (  -0.1666667   0.0962250   0.0000000 )
        q(    5 ) = (  -0.1666667  -0.0962250   0.0000000 )
        q(    6 ) = (   0.1666667  -0.0962250   0.0000000 )
        q(    7 ) = (   0.1666667   0.0962250   0.0000000 )


     ===================================================================
     irreducible q point #    3
     ===================================================================

     Symmetries of small group of q:  4

     Number of q in the star =    6
     List of q in the star:
          1   0.000000000   0.384900179   0.000000000
          2   0.000000000  -0.384900179   0.000000000
          3  -0.333333333   0.192450090   0.000000000
          4  -0.333333333  -0.192450090   0.000000000
          5   0.333333333  -0.192450090   0.000000000
          6   0.333333333   0.192450090   0.000000000

        q(    8 ) = (   0.0000000   0.3849002   0.0000000 )
        q(    9 ) = (   0.0000000  -0.3849002   0.0000000 )
        q(   10 ) = (  -0.3333333   0.1924501   0.0000000 )
        q(   11 ) = (  -0.3333333  -0.1924501   0.0000000 )
        q(   12 ) = (   0.3333333  -0.1924501   0.0000000 )
        q(   13 ) = (   0.3333333   0.1924501   0.0000000 )


     ===================================================================
     irreducible q point #    4
     ===================================================================

     Symmetries of small group of q:  8
          in addition sym. q -> -q+G:

     Number of q in the star =    3
     List of q in the star:
          1   0.000000000  -0.577350269   0.000000000
          2  -0.500000000   0.288675135   0.000000000
          3   0.500000000   0.288675135   0.000000000

        q(   14 ) = (   0.0000000  -0.5773503   0.0000000 )
        q(   15 ) = (  -0.5000000   0.2886751   0.0000000 )
        q(   16 ) = (   0.5000000   0.2886751   0.0000000 )


     ===================================================================
     irreducible q point #    5
     ===================================================================

     Symmetries of small group of q:  4

     Number of q in the star =    6
     List of q in the star:
          1   0.166666667   0.288675135   0.000000000
          2   0.166666667  -0.288675135   0.000000000
          3  -0.166666667  -0.288675135   0.000000000
          4  -0.333333333  -0.000000000   0.000000000
          5  -0.166666667   0.288675135   0.000000000
          6   0.333333333   0.000000000   0.000000000

        q(   17 ) = (   0.1666667   0.2886751   0.0000000 )
        q(   18 ) = (   0.1666667  -0.2886751   0.0000000 )
        q(   19 ) = (  -0.1666667  -0.2886751   0.0000000 )
        q(   20 ) = (  -0.3333333  -0.0000000   0.0000000 )
        q(   21 ) = (  -0.1666667   0.2886751   0.0000000 )
        q(   22 ) = (   0.3333333   0.0000000   0.0000000 )


     ===================================================================
     irreducible q point #    6
     ===================================================================

     Symmetries of small group of q:  2

     Number of q in the star =   12
     List of q in the star:
          1   0.166666667   0.481125224   0.000000000
          2   0.333333333   0.384900179   0.000000000
          3   0.166666667  -0.481125224   0.000000000
          4  -0.166666667  -0.481125224   0.000000000
          5   0.333333333  -0.384900179   0.000000000
          6  -0.500000000  -0.096225045   0.000000000
          7  -0.500000000   0.096225045   0.000000000
          8  -0.333333333   0.384900179   0.000000000
          9   0.500000000   0.096225045   0.000000000
         10  -0.333333333  -0.384900179   0.000000000
         11   0.500000000  -0.096225045   0.000000000
         12  -0.166666667   0.481125224   0.000000000

        q(   23 ) = (   0.1666667   0.4811252   0.0000000 )
        q(   24 ) = (   0.3333333   0.3849002   0.0000000 )
        q(   25 ) = (   0.1666667  -0.4811252   0.0000000 )
        q(   26 ) = (  -0.1666667  -0.4811252   0.0000000 )
        q(   27 ) = (   0.3333333  -0.3849002   0.0000000 )
        q(   28 ) = (  -0.5000000  -0.0962250   0.0000000 )
        q(   29 ) = (  -0.5000000   0.0962250   0.0000000 )
        q(   30 ) = (  -0.3333333   0.3849002   0.0000000 )
        q(   31 ) = (   0.5000000   0.0962250   0.0000000 )
        q(   32 ) = (  -0.3333333  -0.3849002   0.0000000 )
        q(   33 ) = (   0.5000000  -0.0962250   0.0000000 )
        q(   34 ) = (  -0.1666667   0.4811252   0.0000000 )


     ===================================================================
     irreducible q point #    7
     ===================================================================

     Symmetries of small group of q: 12

     Number of q in the star =    2
     List of q in the star:
          1   0.333333333   0.577350269   0.000000000
          2  -0.333333333   0.577350269   0.000000000

        q(   35 ) = (   0.3333333   0.5773503   0.0000000 )
        q(   36 ) = (  -0.3333333   0.5773503   0.0000000 )

     Writing epmatq on .epb files


     The .epb files have been correctly written


     Band disentanglement is used: nbndsub =    2
     Use zone-centred Wigner-Seitz cells 
     Number of WS vectors for electrons      157
     Number of WS vectors for phonons       43
     Number of WS vectors for electron-phonon       43
     Maximum number of cores for efficient parallelization      258
     Results may improve by using use_ws == .TRUE. 

     Inside velocity step 1
 

     Velocity matrix elements calculated
 
 
     Bloch2wane:          1 /         36
     Bloch2wane:          2 /         36
     Bloch2wane:          3 /         36
     Bloch2wane:          4 /         36
     Bloch2wane:          5 /         36
     Bloch2wane:          6 /         36
     Bloch2wane:          7 /         36
     Bloch2wane:          8 /         36
     Bloch2wane:          9 /         36
     Bloch2wane:         10 /         36
     Bloch2wane:         11 /         36
     Bloch2wane:         12 /         36
     Bloch2wane:         13 /         36
     Bloch2wane:         14 /         36
     Bloch2wane:         15 /         36
     Bloch2wane:         16 /         36
     Bloch2wane:         17 /         36
     Bloch2wane:         18 /         36
     Bloch2wane:         19 /         36
     Bloch2wane:         20 /         36
     Bloch2wane:         21 /         36
     Bloch2wane:         22 /         36
     Bloch2wane:         23 /         36
     Bloch2wane:         24 /         36
     Bloch2wane:         25 /         36
     Bloch2wane:         26 /         36
     Bloch2wane:         27 /         36
     Bloch2wane:         28 /         36
     Bloch2wane:         29 /         36
     Bloch2wane:         30 /         36
     Bloch2wane:         31 /         36
     Bloch2wane:         32 /         36
     Bloch2wane:         33 /         36
     Bloch2wane:         34 /         36
     Bloch2wane:         35 /         36
     Bloch2wane:         36 /         36
     Bloch2wanp:          1 /         43
     Bloch2wanp:          2 /         43
     Bloch2wanp:          3 /         43
     Bloch2wanp:          4 /         43
     Bloch2wanp:          5 /         43
     Bloch2wanp:          6 /         43
     Bloch2wanp:          7 /         43
     Bloch2wanp:          8 /         43
     Bloch2wanp:          9 /         43
     Bloch2wanp:         10 /         43
     Bloch2wanp:         11 /         43
     Bloch2wanp:         12 /         43
     Bloch2wanp:         13 /         43
     Bloch2wanp:         14 /         43
     Bloch2wanp:         15 /         43
     Bloch2wanp:         16 /         43
     Bloch2wanp:         17 /         43
     Bloch2wanp:         18 /         43
     Bloch2wanp:         19 /         43
     Bloch2wanp:         20 /         43
     Bloch2wanp:         21 /         43
     Bloch2wanp:         22 /         43
     Bloch2wanp:         23 /         43
     Bloch2wanp:         24 /         43
     Bloch2wanp:         25 /         43
     Bloch2wanp:         26 /         43
     Bloch2wanp:         27 /         43
     Bloch2wanp:         28 /         43
     Bloch2wanp:         29 /         43
     Bloch2wanp:         30 /         43
     Bloch2wanp:         31 /         43
     Bloch2wanp:         32 /         43
     Bloch2wanp:         33 /         43
     Bloch2wanp:         34 /         43
     Bloch2wanp:         35 /         43
     Bloch2wanp:         36 /         43
     Bloch2wanp:         37 /         43
     Bloch2wanp:         38 /         43
     Bloch2wanp:         39 /         43
     Bloch2wanp:         40 /         43
     Bloch2wanp:         41 /         43
     Bloch2wanp:         42 /         43
     Bloch2wanp:         43 /         43

     Writing Hamiltonian, Dynamical matrix and EP vertex in Wann rep to file

     ===================================================================
     Memory usage:  VmHWM =       267Mb
                   VmPeak =      5495Mb
     ===================================================================
     
     Using uniform q-mesh:    18   18    1
     Size of q point mesh for interpolation:        324
     Using uniform k-mesh:    18   18    1
     Size of k point mesh for interpolation:        324
     Max number of k points per pool:              324

     Fermi energy coarse grid =  -2.956083 eV

     ===================================================================

     Fermi energy is read from the input file: Ef =  -2.956100 eV

     ===================================================================

              ibndmin =     1  ebndmin =    -8.955 eV
              ibndmax =     2  ebndmax =     2.754 eV


     Number of ep-matrix elements per pool :         7776 ~=   60.75 Kb (@ 8 bytes/ DP)
     Number selected, total            100            100
     Number selected, total            200            200
     Number selected, total            300            300
     We only need to compute      324 q-points
      

     ===================================================================
     Phonon (Imaginary) Self-Energy in the Migdal Approximation
     ===================================================================


     Fermi Surface thickness =   6.000000 eV

     Golden Rule strictly enforced with T =   0.025852 eV

     On- and Off-shell dynamical frequency renormalization will be performed using:

      Omega^2 = omega^2 + 2omega(Re[Pi(Omega,T_low)]- Pi[0,T_high]).
     Smearing type for the static self-energy: Fermi-Dirac
     smearing value for the static self-energy: T_high =   0.020000 Ry.
     Gaussian Broadening:   0.100000 eV, ngauss=   1
     DOS =  0.102273 states/spin/eV/Unit Cell at Ef= -2.956100 eV

     ismear =     1 iq =       1 coord.:   0.00000  0.00000  0.00000 wt:   0.00309 Temp:  300.000K
     -------------------------------------------------------------------
     lambda___(   1 )=       0.000000   gamma___=       0.000000 meV  omega=     -0.0000 meV   on_shell_Omega=      0.0000 meV  off_shell_Omega=      0.0000 meV
     lambda_tr(   1 )=       0.000000   gamma_tr=       0.000000 meV  omega=     -0.0000 meV   on_shell_Omega=      0.0000 meV  off_shell_Omega=      0.0000 meV
     lambda___(   2 )=       0.000000   gamma___=       0.000000 meV  omega=      0.0000 meV   on_shell_Omega=      0.0000 meV  off_shell_Omega=      0.0000 meV
     lambda_tr(   2 )=       0.000000   gamma_tr=       0.000000 meV  omega=      0.0000 meV   on_shell_Omega=      0.0000 meV  off_shell_Omega=      0.0000 meV
     lambda___(   3 )=       0.000000   gamma___=       0.000000 meV  omega=      0.0000 meV   on_shell_Omega=      0.0000 meV  off_shell_Omega=      0.0000 meV
     lambda_tr(   3 )=       0.000000   gamma_tr=       0.000000 meV  omega=      0.0000 meV   on_shell_Omega=      0.0000 meV  off_shell_Omega=      0.0000 meV
     lambda___(   4 )=       0.000000   gamma___=       0.000000 meV  omega=    108.6719 meV   on_shell_Omega=    108.6719 meV  off_shell_Omega=    108.6719 meV
     lambda_tr(   4 )=       0.000000   gamma_tr=       0.000000 meV  omega=    108.6719 meV   on_shell_Omega=    108.6719 meV  off_shell_Omega=    108.6719 meV
     lambda___(   5 )=       0.000000   gamma___=       0.000000 meV  omega=    193.3486 meV   on_shell_Omega=    196.1010 meV  off_shell_Omega=    196.0392 meV
     lambda_tr(   5 )=       0.000000   gamma_tr=       0.000001 meV  omega=    193.3486 meV   on_shell_Omega=    196.1010 meV  off_shell_Omega=    196.0392 meV
     lambda___(   6 )=       0.000000   gamma___=       0.000000 meV  omega=    193.3486 meV   on_shell_Omega=    196.2060 meV  off_shell_Omega=    196.2752 meV
     lambda_tr(   6 )=       0.000000   gamma_tr=       0.000001 meV  omega=    193.3486 meV   on_shell_Omega=    196.2060 meV  off_shell_Omega=    196.2752 meV
     lambda___( tot )=       0.000000
     lambda_tr( tot )=       0.000000
     -------------------------------------------------------------------


     Number of (k,k+q) pairs on the Fermi surface:      324 out of      324


     ismear =     1 iq =       2 coord.:   0.00000  0.05556  0.00000 wt:   0.00309 Temp:  300.000K
     -------------------------------------------------------------------
     lambda___(   1 )=      -0.000000   gamma___=      -0.000000 meV  omega=      0.4424 meV   on_shell_Omega=      0.5633 meV  off_shell_Omega=      0.5633 meV
     lambda_tr(   1 )=      -0.000000   gamma_tr=      -0.000000 meV  omega=      0.4424 meV   on_shell_Omega=      0.5633 meV  off_shell_Omega=      0.5633 meV
     lambda___(   2 )=       0.000000   gamma___=       0.000000 meV  omega=     14.1546 meV   on_shell_Omega=     14.1177 meV  off_shell_Omega=     14.1177 meV
     lambda_tr(   2 )=       0.000000   gamma_tr=       0.000000 meV  omega=     14.1546 meV   on_shell_Omega=     14.1177 meV  off_shell_Omega=     14.1177 meV
     lambda___(   3 )=      -0.000000   gamma___=      -0.000000 meV  omega=     22.9476 meV   on_shell_Omega=     22.9610 meV  off_shell_Omega=     22.9610 meV
     lambda_tr(   3 )=      -0.000000   gamma_tr=      -0.000000 meV  omega=     22.9476 meV   on_shell_Omega=     22.9610 meV  off_shell_Omega=     22.9610 meV
     lambda___(   4 )=       0.000000   gamma___=       0.000000 meV  omega=    108.3789 meV   on_shell_Omega=    108.3795 meV  off_shell_Omega=    108.3795 meV
     lambda_tr(   4 )=       0.000000   gamma_tr=       0.000000 meV  omega=    108.3789 meV   on_shell_Omega=    108.3795 meV  off_shell_Omega=    108.3795 meV
     lambda___(   5 )=       0.000000   gamma___=       0.000000 meV  omega=    192.9461 meV   on_shell_Omega=    193.1520 meV  off_shell_Omega=    193.0403 meV
     lambda_tr(   5 )=       0.000000   gamma_tr=       0.000000 meV  omega=    192.9461 meV   on_shell_Omega=    193.1520 meV  off_shell_Omega=    193.0403 meV
     lambda___(   6 )=       0.000000   gamma___=       0.000000 meV  omega=    194.7228 meV   on_shell_Omega=    195.3694 meV  off_shell_Omega=    195.2933 meV
     lambda_tr(   6 )=       0.000000   gamma_tr=       0.000000 meV  omega=    194.7228 meV   on_shell_Omega=    195.3694 meV  off_shell_Omega=    195.2933 meV
     lambda___( tot )=      -0.000000
     lambda_tr( tot )=      -0.000000
     -------------------------------------------------------------------


     Number of (k,k+q) pairs on the Fermi surface:      324 out of      324


     ismear =     1 iq =       3 coord.:   0.00000  0.11111  0.00000 wt:   0.00309 Temp:  300.000K
     -------------------------------------------------------------------
     lambda___(   1 )=      -0.000000   gamma___=      -0.000000 meV  omega=      3.6109 meV   on_shell_Omega=      3.6551 meV  off_shell_Omega=      3.6551 meV
     lambda_tr(   1 )=      -0.000000   gamma_tr=      -0.000000 meV  omega=      3.6109 meV   on_shell_Omega=      3.6551 meV  off_shell_Omega=      3.6551 meV
     lambda___(   2 )=      -0.000000   gamma___=      -0.000000 meV  omega=     28.2866 meV   on_shell_Omega=     28.2842 meV  off_shell_Omega=     28.2842 meV
     lambda_tr(   2 )=      -0.000000   gamma_tr=      -0.000000 meV  omega=     28.2866 meV   on_shell_Omega=     28.2842 meV  off_shell_Omega=     28.2842 meV
     lambda___(   3 )=       0.000000   gamma___=       0.000000 meV  omega=     45.7522 meV   on_shell_Omega=     45.8099 meV  off_shell_Omega=     45.8099 meV
     lambda_tr(   3 )=      -0.000000   gamma_tr=      -0.000000 meV  omega=     45.7522 meV   on_shell_Omega=     45.8099 meV  off_shell_Omega=     45.8099 meV
     lambda___(   4 )=       0.000000   gamma___=       0.000000 meV  omega=    107.4720 meV   on_shell_Omega=    107.4728 meV  off_shell_Omega=    107.4728 meV
     lambda_tr(   4 )=       0.000000   gamma_tr=       0.000000 meV  omega=    107.4720 meV   on_shell_Omega=    107.4728 meV  off_shell_Omega=    107.4728 meV
     lambda___(   5 )=       0.000000   gamma___=       0.000000 meV  omega=    191.4071 meV   on_shell_Omega=    191.6390 meV  off_shell_Omega=    191.7342 meV
     lambda_tr(   5 )=       0.000000   gamma_tr=       0.000000 meV  omega=    191.4071 meV   on_shell_Omega=    191.6390 meV  off_shell_Omega=    191.7342 meV
     lambda___(   6 )=       0.000000   gamma___=       0.000000 meV  omega=    197.5612 meV   on_shell_Omega=    198.3609 meV  off_shell_Omega=    198.3812 meV
     lambda_tr(   6 )=       0.000000   gamma_tr=       0.000000 meV  omega=    197.5612 meV   on_shell_Omega=    198.3609 meV  off_shell_Omega=    198.3812 meV
     lambda___( tot )=      -0.000000
     lambda_tr( tot )=      -0.000000
     -------------------------------------------------------------------


     Number of (k,k+q) pairs on the Fermi surface:      324 out of      324


     ismear =     1 iq =       4 coord.:   0.00000  0.16667  0.00000 wt:   0.00309 Temp:  300.000K
     -------------------------------------------------------------------
     lambda___(   1 )=      -0.000000   gamma___=      -0.000000 meV  omega=      8.4745 meV   on_shell_Omega=      8.4836 meV  off_shell_Omega=      8.4836 meV
     lambda_tr(   1 )=      -0.000000   gamma_tr=      -0.000000 meV  omega=      8.4745 meV   on_shell_Omega=      8.4836 meV  off_shell_Omega=      8.4836 meV
     lambda___(   2 )=      -0.000000   gamma___=      -0.000000 meV  omega=     41.7244 meV   on_shell_Omega=     41.7164 meV  off_shell_Omega=     41.7164 meV
     lambda_tr(   2 )=      -0.000000   gamma_tr=      -0.000000 meV  omega=     41.7244 meV   on_shell_Omega=     41.7164 meV  off_shell_Omega=     41.7164 meV
     lambda___(   3 )=      -0.000000   gamma___=      -0.000000 meV  omega=     67.8228 meV   on_shell_Omega=     67.8676 meV  off_shell_Omega=     67.8676 meV
     lambda_tr(   3 )=      -0.000000   gamma_tr=      -0.000000 meV  omega=     67.8228 meV   on_shell_Omega=     67.8676 meV  off_shell_Omega=     67.8676 meV
     lambda___(   4 )=      -0.000000   gamma___=      -0.000000 meV  omega=    105.8769 meV   on_shell_Omega=    105.8770 meV  off_shell_Omega=    105.8770 meV
     lambda_tr(   4 )=      -0.000000   gamma_tr=      -0.000000 meV  omega=    105.8769 meV   on_shell_Omega=    105.8770 meV  off_shell_Omega=    105.8770 meV
     lambda___(   5 )=      -0.000000   gamma___=      -0.000000 meV  omega=    188.3942 meV   on_shell_Omega=    188.6142 meV  off_shell_Omega=    188.4862 meV
     lambda_tr(   5 )=      -0.000000   gamma_tr=      -0.000000 meV  omega=    188.3942 meV   on_shell_Omega=    188.6142 meV  off_shell_Omega=    188.4862 meV
     lambda___(   6 )=      -0.000000   gamma___=      -0.000000 meV  omega=    199.4306 meV   on_shell_Omega=    199.9053 meV  off_shell_Omega=    200.0149 meV
     lambda_tr(   6 )=      -0.000000   gamma_tr=      -0.000000 meV  omega=    199.4306 meV   on_shell_Omega=    199.9053 meV  off_shell_Omega=    200.0149 meV
     lambda___( tot )=      -0.000000
     lambda_tr( tot )=      -0.000000
     -------------------------------------------------------------------


     Number of (k,k+q) pairs on the Fermi surface:      324 out of      324


     ismear =     1 iq =       5 coord.:   0.00000  0.22222  0.00000 wt:   0.00309 Temp:  300.000K
     -------------------------------------------------------------------
     lambda___(   1 )=       0.000000   gamma___=       0.000000 meV  omega=     15.1042 meV   on_shell_Omega=     15.1129 meV  off_shell_Omega=     15.1129 meV
     lambda_tr(   1 )=      -0.000000   gamma_tr=      -0.000000 meV  omega=     15.1042 meV   on_shell_Omega=     15.1129 meV  off_shell_Omega=     15.1129 meV
     lambda___(   2 )=       0.000000   gamma___=       0.000000 meV  omega=     53.3747 meV   on_shell_Omega=     53.3634 meV  off_shell_Omega=     53.3634 meV
     lambda_tr(   2 )=      -0.000000   gamma_tr=      -0.000000 meV  omega=     53.3747 meV   on_shell_Omega=     53.3634 meV  off_shell_Omega=     53.3634 meV
     lambda___(   3 )=       0.000000   gamma___=       0.000000 meV  omega=     88.5004 meV   on_shell_Omega=     88.5378 meV  off_shell_Omega=     88.5378 meV
     lambda_tr(   3 )=      -0.000000   gamma_tr=      -0.000000 meV  omega=     88.5004 meV   on_shell_Omega=     88.5378 meV  off_shell_Omega=     88.5378 meV
     lambda___(   4 )=       0.000000   gamma___=       0.000000 meV  omega=    103.4592 meV   on_shell_Omega=    103.4599 meV  off_shell_Omega=    103.4599 meV
     lambda_tr(   4 )=      -0.000000   gamma_tr=      -0.000000 meV  omega=    103.4592 meV   on_shell_Omega=    103.4599 meV  off_shell_Omega=    103.4599 meV
     lambda___(   5 )=       0.000000   gamma___=       0.000000 meV  omega=    184.4817 meV   on_shell_Omega=    184.6846 meV  off_shell_Omega=    184.5718 meV
     lambda_tr(   5 )=       0.000000   gamma_tr=       0.000000 meV  omega=    184.4817 meV   on_shell_Omega=    184.6846 meV  off_shell_Omega=    184.5718 meV
     lambda___(   6 )=       0.000000   gamma___=       0.000000 meV  omega=    198.9205 meV   on_shell_Omega=    199.1949 meV  off_shell_Omega=    199.2605 meV
     lambda_tr(   6 )=       0.000000   gamma_tr=       0.000000 meV  omega=    198.9205 meV   on_shell_Omega=    199.1949 meV  off_shell_Omega=    199.2605 meV
     lambda___( tot )=       0.000000
     lambda_tr( tot )=       0.000000
     -------------------------------------------------------------------


     Number of (k,k+q) pairs on the Fermi surface:      324 out of      324


     ismear =     1 iq =       6 coord.:   0.00000  0.27778  0.00000 wt:   0.00309 Temp:  300.000K
     -------------------------------------------------------------------
     lambda___(   1 )=      -0.000000   gamma___=      -0.000000 meV  omega=     23.4597 meV   on_shell_Omega=     23.4643 meV  off_shell_Omega=     23.4643 meV
     lambda_tr(   1 )=      -0.000000   gamma_tr=      -0.000000 meV  omega=     23.4597 meV   on_shell_Omega=     23.4643 meV  off_shell_Omega=     23.4643 meV
     lambda___(   2 )=       0.000000   gamma___=       0.000000 meV  omega=     62.4222 meV   on_shell_Omega=     62.4188 meV  off_shell_Omega=     62.4188 meV
     lambda_tr(   2 )=       0.000000   gamma_tr=       0.000000 meV  omega=     62.4222 meV   on_shell_Omega=     62.4188 meV  off_shell_Omega=     62.4188 meV
     lambda___(   3 )=       0.000000   gamma___=       0.000000 meV  omega=     99.9876 meV   on_shell_Omega=     99.9906 meV  off_shell_Omega=     99.9906 meV
     lambda_tr(   3 )=       0.000000   gamma_tr=       0.000000 meV  omega=     99.9876 meV   on_shell_Omega=     99.9906 meV  off_shell_Omega=     99.9906 meV
     lambda___(   4 )=       0.000000   gamma___=       0.000000 meV  omega=    107.5249 meV   on_shell_Omega=    107.5538 meV  off_shell_Omega=    107.5538 meV
     lambda_tr(   4 )=       0.000000   gamma_tr=       0.000000 meV  omega=    107.5249 meV   on_shell_Omega=    107.5538 meV  off_shell_Omega=    107.5538 meV
     lambda___(   5 )=       0.000000   gamma___=       0.000000 meV  omega=    180.8707 meV   on_shell_Omega=    181.0399 meV  off_shell_Omega=    180.9591 meV
     lambda_tr(   5 )=       0.000000   gamma_tr=       0.000000 meV  omega=    180.8707 meV   on_shell_Omega=    181.0399 meV  off_shell_Omega=    180.9591 meV
     lambda___(   6 )=       0.000000   gamma___=       0.000000 meV  omega=    196.0496 meV   on_shell_Omega=    196.2162 meV  off_shell_Omega=    196.1454 meV
     lambda_tr(   6 )=       0.000000   gamma_tr=       0.000000 meV  omega=    196.0496 meV   on_shell_Omega=    196.2162 meV  off_shell_Omega=    196.1454 meV
     lambda___( tot )=       0.000000
     lambda_tr( tot )=       0.000000
     -------------------------------------------------------------------


     Number of (k,k+q) pairs on the Fermi surface:      324 out of      324


     ismear =     1 iq =       7 coord.:   0.00000  0.33333  0.00000 wt:   0.00309 Temp:  300.000K
     -------------------------------------------------------------------
     lambda___(   1 )=       0.000000   gamma___=       0.000000 meV  omega=     33.2149 meV   on_shell_Omega=     33.2107 meV  off_shell_Omega=     33.2107 meV
     lambda_tr(   1 )=       0.000000   gamma_tr=       0.000000 meV  omega=     33.2149 meV   on_shell_Omega=     33.2107 meV  off_shell_Omega=     33.2107 meV
     lambda___(   2 )=       0.000000   gamma___=       0.000000 meV  omega=     68.9215 meV   on_shell_Omega=     68.9219 meV  off_shell_Omega=     68.9219 meV
     lambda_tr(   2 )=       0.000000   gamma_tr=       0.000000 meV  omega=     68.9215 meV   on_shell_Omega=     68.9219 meV  off_shell_Omega=     68.9219 meV
     lambda___(   3 )=       0.000000   gamma___=       0.000000 meV  omega=     95.1973 meV   on_shell_Omega=     95.2074 meV  off_shell_Omega=     95.2074 meV
     lambda_tr(   3 )=       0.000000   gamma_tr=       0.000000 meV  omega=     95.1973 meV   on_shell_Omega=     95.2074 meV  off_shell_Omega=     95.2074 meV
     lambda___(   4 )=       0.000000   gamma___=       0.000000 meV  omega=    124.9297 meV   on_shell_Omega=    124.9546 meV  off_shell_Omega=    124.9546 meV
     lambda_tr(   4 )=       0.000000   gamma_tr=       0.000000 meV  omega=    124.9297 meV   on_shell_Omega=    124.9546 meV  off_shell_Omega=    124.9546 meV
     lambda___(   5 )=       0.000000   gamma___=       0.000000 meV  omega=    178.1805 meV   on_shell_Omega=    178.3220 meV  off_shell_Omega=    178.2675 meV
     lambda_tr(   5 )=       0.000000   gamma_tr=       0.000000 meV  omega=    178.1805 meV   on_shell_Omega=    178.3220 meV  off_shell_Omega=    178.2675 meV
     lambda___(   6 )=       0.000000   gamma___=       0.000000 meV  omega=    191.2842 meV   on_shell_Omega=    191.3899 meV  off_shell_Omega=    191.3899 meV
     lambda_tr(   6 )=       0.000000   gamma_tr=       0.000000 meV  omega=    191.2842 meV   on_shell_Omega=    191.3899 meV  off_shell_Omega=    191.3899 meV
     lambda___( tot )=       0.000000
     lambda_tr( tot )=       0.000000
     -------------------------------------------------------------------


     Number of (k,k+q) pairs on the Fermi surface:      324 out of      324


     ismear =     1 iq =       8 coord.:   0.00000  0.38889  0.00000 wt:   0.00309 Temp:  300.000K
     -------------------------------------------------------------------
     lambda___(   1 )=       0.000000   gamma___=       0.000000 meV  omega=     43.6090 meV   on_shell_Omega=     43.6047 meV  off_shell_Omega=     43.6047 meV
     lambda_tr(   1 )=       0.000000   gamma_tr=       0.000000 meV  omega=     43.6090 meV   on_shell_Omega=     43.6047 meV  off_shell_Omega=     43.6047 meV
     lambda___(   2 )=       0.000000   gamma___=       0.000000 meV  omega=     73.5438 meV   on_shell_Omega=     73.5452 meV  off_shell_Omega=     73.5452 meV
     lambda_tr(   2 )=       0.000000   gamma_tr=       0.000000 meV  omega=     73.5438 meV   on_shell_Omega=     73.5452 meV  off_shell_Omega=     73.5452 meV
     lambda___(   3 )=       0.000000   gamma___=       0.000000 meV  omega=     89.0397 meV   on_shell_Omega=     89.0570 meV  off_shell_Omega=     89.0570 meV
     lambda_tr(   3 )=       0.000000   gamma_tr=       0.000000 meV  omega=     89.0397 meV   on_shell_Omega=     89.0570 meV  off_shell_Omega=     89.0570 meV
     lambda___(   4 )=       0.000000   gamma___=       0.000000 meV  omega=    140.6598 meV   on_shell_Omega=    140.6818 meV  off_shell_Omega=    140.6818 meV
     lambda_tr(   4 )=       0.000000   gamma_tr=       0.000000 meV  omega=    140.6598 meV   on_shell_Omega=    140.6818 meV  off_shell_Omega=    140.6818 meV
     lambda___(   5 )=       0.000000   gamma___=       0.000000 meV  omega=    176.1057 meV   on_shell_Omega=    176.2343 meV  off_shell_Omega=    176.2343 meV
     lambda_tr(   5 )=       0.000000   gamma_tr=       0.000000 meV  omega=    176.1057 meV   on_shell_Omega=    176.2343 meV  off_shell_Omega=    176.2343 meV
     lambda___(   6 )=       0.000000   gamma___=       0.000000 meV  omega=    184.8014 meV   on_shell_Omega=    184.8678 meV  off_shell_Omega=    184.8678 meV
     lambda_tr(   6 )=       0.000000   gamma_tr=       0.000000 meV  omega=    184.8014 meV   on_shell_Omega=    184.8678 meV  off_shell_Omega=    184.8678 meV
     lambda___( tot )=       0.000000
     lambda_tr( tot )=       0.000000
     -------------------------------------------------------------------


     Number of (k,k+q) pairs on the Fermi surface:      324 out of      324


     ismear =     1 iq =       9 coord.:   0.00000  0.44444  0.00000 wt:   0.00309 Temp:  300.000K
     -------------------------------------------------------------------
     lambda___(   1 )=       0.000000   gamma___=       0.000000 meV  omega=     53.2284 meV   on_shell_Omega=     53.2218 meV  off_shell_Omega=     53.2218 meV
     lambda_tr(   1 )=       0.000000   gamma_tr=       0.000000 meV  omega=     53.2284 meV   on_shell_Omega=     53.2218 meV  off_shell_Omega=     53.2218 meV
     lambda___(   2 )=       0.000000   gamma___=       0.000000 meV  omega=     76.5962 meV   on_shell_Omega=     76.5990 meV  off_shell_Omega=     76.5990 meV
     lambda_tr(   2 )=       0.000000   gamma_tr=       0.000000 meV  omega=     76.5962 meV   on_shell_Omega=     76.5990 meV  off_shell_Omega=     76.5990 meV
     lambda___(   3 )=       0.000000   gamma___=       0.000000 meV  omega=     82.2251 meV   on_shell_Omega=     82.2471 meV  off_shell_Omega=     82.2471 meV
     lambda_tr(   3 )=       0.000000   gamma_tr=       0.000000 meV  omega=     82.2251 meV   on_shell_Omega=     82.2471 meV  off_shell_Omega=     82.2471 meV
     lambda___(   4 )=       0.000000   gamma___=       0.000000 meV  omega=    154.5185 meV   on_shell_Omega=    154.5427 meV  off_shell_Omega=    154.5427 meV
     lambda_tr(   4 )=       0.000000   gamma_tr=       0.000000 meV  omega=    154.5185 meV   on_shell_Omega=    154.5427 meV  off_shell_Omega=    154.5427 meV
     lambda___(   5 )=       0.000000   gamma___=       0.000000 meV  omega=    174.4597 meV   on_shell_Omega=    174.5886 meV  off_shell_Omega=    174.5886 meV
     lambda_tr(   5 )=       0.000000   gamma_tr=       0.000000 meV  omega=    174.4597 meV   on_shell_Omega=    174.5886 meV  off_shell_Omega=    174.5886 meV
     lambda___(   6 )=       0.000000   gamma___=       0.000000 meV  omega=    176.5649 meV   on_shell_Omega=    176.6162 meV  off_shell_Omega=    176.6162 meV
     lambda_tr(   6 )=       0.000000   gamma_tr=       0.000000 meV  omega=    176.5649 meV   on_shell_Omega=    176.6162 meV  off_shell_Omega=    176.6162 meV
     lambda___( tot )=       0.000000
     lambda_tr( tot )=       0.000000
     -------------------------------------------------------------------


     Number of (k,k+q) pairs on the Fermi surface:      324 out of      324


     ismear =     1 iq =      10 coord.:   0.00000  0.50000  0.00000 wt:   0.00309 Temp:  300.000K
     -------------------------------------------------------------------
     lambda___(   1 )=       0.000000   gamma___=       0.000000 meV  omega=     58.1492 meV   on_shell_Omega=     58.1369 meV  off_shell_Omega=     58.1369 meV
     lambda_tr(   1 )=       0.000000   gamma_tr=       0.000000 meV  omega=     58.1492 meV   on_shell_Omega=     58.1369 meV  off_shell_Omega=     58.1369 meV
     lambda___(   2 )=       0.000000   gamma___=       0.000000 meV  omega=     77.7148 meV   on_shell_Omega=     77.7174 meV  off_shell_Omega=     77.7174 meV
     lambda_tr(   2 )=       0.000000   gamma_tr=       0.000000 meV  omega=     77.7148 meV   on_shell_Omega=     77.7174 meV  off_shell_Omega=     77.7174 meV
     lambda___(   3 )=       0.000000   gamma___=       0.000000 meV  omega=     78.2781 meV   on_shell_Omega=     78.3054 meV  off_shell_Omega=     78.3054 meV
     lambda_tr(   3 )=       0.000000   gamma_tr=       0.000000 meV  omega=     78.2781 meV   on_shell_Omega=     78.3054 meV  off_shell_Omega=     78.3054 meV
     lambda___(   4 )=       0.000000   gamma___=       0.000000 meV  omega=    165.6696 meV   on_shell_Omega=    165.6479 meV  off_shell_Omega=    165.6479 meV
     lambda_tr(   4 )=       0.000000   gamma_tr=       0.000000 meV  omega=    165.6696 meV   on_shell_Omega=    165.6479 meV  off_shell_Omega=    165.6479 meV
     lambda___(   5 )=       0.000000   gamma___=       0.000000 meV  omega=    167.2864 meV   on_shell_Omega=    167.3835 meV  off_shell_Omega=    167.3835 meV
     lambda_tr(   5 )=       0.000000   gamma_tr=       0.000000 meV  omega=    167.2864 meV   on_shell_Omega=    167.3835 meV  off_shell_Omega=    167.3835 meV
     lambda___(   6 )=       0.000000   gamma___=       0.000000 meV  omega=    173.7722 meV   on_shell_Omega=    173.8974 meV  off_shell_Omega=    173.8974 meV
     lambda_tr(   6 )=       0.000000   gamma_tr=       0.000000 meV  omega=    173.7722 meV   on_shell_Omega=    173.8974 meV  off_shell_Omega=    173.8974 meV
     lambda___( tot )=       0.000000
     lambda_tr( tot )=       0.000000
     -------------------------------------------------------------------


     Number of (k,k+q) pairs on the Fermi surface:      324 out of      324


     ismear =     1 iq =      11 coord.:   0.00000  0.55556  0.00000 wt:   0.00309 Temp:  300.000K
     -------------------------------------------------------------------
     lambda___(   1 )=       0.000000   gamma___=       0.000000 meV  omega=     53.2284 meV   on_shell_Omega=     53.2223 meV  off_shell_Omega=     53.2223 meV
     lambda_tr(   1 )=      -0.000000   gamma_tr=      -0.000000 meV  omega=     53.2284 meV   on_shell_Omega=     53.2223 meV  off_shell_Omega=     53.2223 meV
     lambda___(   2 )=       0.000000   gamma___=       0.000000 meV  omega=     76.5962 meV   on_shell_Omega=     76.5988 meV  off_shell_Omega=     76.5988 meV
     lambda_tr(   2 )=      -0.000000   gamma_tr=      -0.000000 meV  omega=     76.5962 meV   on_shell_Omega=     76.5988 meV  off_shell_Omega=     76.5988 meV
     lambda___(   3 )=       0.000000   gamma___=       0.000000 meV  omega=     82.2251 meV   on_shell_Omega=     82.2460 meV  off_shell_Omega=     82.2460 meV
     lambda_tr(   3 )=      -0.000000   gamma_tr=      -0.000000 meV  omega=     82.2251 meV   on_shell_Omega=     82.2460 meV  off_shell_Omega=     82.2460 meV
     lambda___(   4 )=       0.000000   gamma___=       0.000000 meV  omega=    154.5185 meV   on_shell_Omega=    154.5412 meV  off_shell_Omega=    154.5412 meV
     lambda_tr(   4 )=      -0.000000   gamma_tr=      -0.000000 meV  omega=    154.5185 meV   on_shell_Omega=    154.5412 meV  off_shell_Omega=    154.5412 meV
     lambda___(   5 )=       0.000000   gamma___=       0.000000 meV  omega=    174.4597 meV   on_shell_Omega=    174.5786 meV  off_shell_Omega=    174.5786 meV
     lambda_tr(   5 )=      -0.000000   gamma_tr=      -0.000000 meV  omega=    174.4597 meV   on_shell_Omega=    174.5786 meV  off_shell_Omega=    174.5786 meV
     lambda___(   6 )=       0.000000   gamma___=       0.000000 meV  omega=    176.5649 meV   on_shell_Omega=    176.6162 meV  off_shell_Omega=    176.6162 meV
     lambda_tr(   6 )=      -0.000000   gamma_tr=      -0.000000 meV  omega=    176.5649 meV   on_shell_Omega=    176.6162 meV  off_shell_Omega=    176.6162 meV
     lambda___( tot )=       0.000000
     lambda_tr( tot )=      -0.000000
     -------------------------------------------------------------------


     Number of (k,k+q) pairs on the Fermi surface:      324 out of      324


     ismear =     1 iq =      12 coord.:   0.00000  0.61111  0.00000 wt:   0.00309 Temp:  300.000K
     -------------------------------------------------------------------
     lambda___(   1 )=       0.000000   gamma___=       0.000000 meV  omega=     43.6090 meV   on_shell_Omega=     43.6049 meV  off_shell_Omega=     43.6049 meV
     lambda_tr(   1 )=       0.000000   gamma_tr=       0.000000 meV  omega=     43.6090 meV   on_shell_Omega=     43.6049 meV  off_shell_Omega=     43.6049 meV
     lambda___(   2 )=       0.000000   gamma___=       0.000000 meV  omega=     73.5438 meV   on_shell_Omega=     73.5452 meV  off_shell_Omega=     73.5452 meV
     lambda_tr(   2 )=       0.000000   gamma_tr=       0.000000 meV  omega=     73.5438 meV   on_shell_Omega=     73.5452 meV  off_shell_Omega=     73.5452 meV
     lambda___(   3 )=       0.000000   gamma___=       0.000000 meV  omega=     89.0397 meV   on_shell_Omega=     89.0563 meV  off_shell_Omega=     89.0563 meV
     lambda_tr(   3 )=       0.000000   gamma_tr=       0.000000 meV  omega=     89.0397 meV   on_shell_Omega=     89.0563 meV  off_shell_Omega=     89.0563 meV
     lambda___(   4 )=       0.000000   gamma___=       0.000000 meV  omega=    140.6598 meV   on_shell_Omega=    140.6821 meV  off_shell_Omega=    140.6821 meV
     lambda_tr(   4 )=       0.000000   gamma_tr=       0.000000 meV  omega=    140.6598 meV   on_shell_Omega=    140.6821 meV  off_shell_Omega=    140.6821 meV
     lambda___(   5 )=       0.000000   gamma___=       0.000000 meV  omega=    176.1057 meV   on_shell_Omega=    176.2312 meV  off_shell_Omega=    176.2312 meV
     lambda_tr(   5 )=       0.000000   gamma_tr=       0.000000 meV  omega=    176.1057 meV   on_shell_Omega=    176.2312 meV  off_shell_Omega=    176.2312 meV
     lambda___(   6 )=       0.000000   gamma___=       0.000000 meV  omega=    184.8014 meV   on_shell_Omega=    184.8693 meV  off_shell_Omega=    184.8693 meV
     lambda_tr(   6 )=       0.000000   gamma_tr=       0.000000 meV  omega=    184.8014 meV   on_shell_Omega=    184.8693 meV  off_shell_Omega=    184.8693 meV
     lambda___( tot )=       0.000000
     lambda_tr( tot )=       0.000000
     -------------------------------------------------------------------


     Number of (k,k+q) pairs on the Fermi surface:      324 out of      324


     ismear =     1 iq =      13 coord.:   0.00000  0.66667  0.00000 wt:   0.00309 Temp:  300.000K
     -------------------------------------------------------------------
     lambda___(   1 )=       0.000000   gamma___=       0.000000 meV  omega=     33.2149 meV   on_shell_Omega=     33.2111 meV  off_shell_Omega=     33.2111 meV
     lambda_tr(   1 )=      -0.000000   gamma_tr=      -0.000000 meV  omega=     33.2149 meV   on_shell_Omega=     33.2111 meV  off_shell_Omega=     33.2111 meV
     lambda___(   2 )=       0.000000   gamma___=       0.000000 meV  omega=     68.9215 meV   on_shell_Omega=     68.9219 meV  off_shell_Omega=     68.9219 meV
     lambda_tr(   2 )=       0.000000   gamma_tr=       0.000000 meV  omega=     68.9215 meV   on_shell_Omega=     68.9219 meV  off_shell_Omega=     68.9219 meV
     lambda___(   3 )=       0.000000   gamma___=       0.000000 meV  omega=     95.1973 meV   on_shell_Omega=     95.2072 meV  off_shell_Omega=     95.2072 meV
     lambda_tr(   3 )=       0.000000   gamma_tr=       0.000000 meV  omega=     95.1973 meV   on_shell_Omega=     95.2072 meV  off_shell_Omega=     95.2072 meV
     lambda___(   4 )=       0.000000   gamma___=       0.000000 meV  omega=    124.9297 meV   on_shell_Omega=    124.9552 meV  off_shell_Omega=    124.9552 meV
     lambda_tr(   4 )=      -0.000000   gamma_tr=      -0.000000 meV  omega=    124.9297 meV   on_shell_Omega=    124.9552 meV  off_shell_Omega=    124.9552 meV
     lambda___(   5 )=       0.000000   gamma___=       0.000000 meV  omega=    178.1805 meV   on_shell_Omega=    178.3236 meV  off_shell_Omega=    178.2675 meV
     lambda_tr(   5 )=       0.000000   gamma_tr=       0.000000 meV  omega=    178.1805 meV   on_shell_Omega=    178.3236 meV  off_shell_Omega=    178.2675 meV
     lambda___(   6 )=       0.000000   gamma___=       0.000000 meV  omega=    191.2842 meV   on_shell_Omega=    191.3886 meV  off_shell_Omega=    191.3886 meV
     lambda_tr(   6 )=       0.000000   gamma_tr=       0.000000 meV  omega=    191.2842 meV   on_shell_Omega=    191.3886 meV  off_shell_Omega=    191.3886 meV
     lambda___( tot )=       0.000000
     lambda_tr( tot )=       0.000000
     -------------------------------------------------------------------


     Number of (k,k+q) pairs on the Fermi surface:      324 out of      324


     ismear =     1 iq =      14 coord.:   0.00000  0.72222  0.00000 wt:   0.00309 Temp:  300.000K
     -------------------------------------------------------------------
     lambda___(   1 )=       0.000000   gamma___=       0.000000 meV  omega=     23.4597 meV   on_shell_Omega=     23.4681 meV  off_shell_Omega=     23.4681 meV
     lambda_tr(   1 )=       0.000000   gamma_tr=       0.000000 meV  omega=     23.4597 meV   on_shell_Omega=     23.4681 meV  off_shell_Omega=     23.4681 meV
     lambda___(   2 )=       0.000000   gamma___=       0.000000 meV  omega=     62.4222 meV   on_shell_Omega=     62.4185 meV  off_shell_Omega=     62.4185 meV
     lambda_tr(   2 )=       0.000000   gamma_tr=       0.000000 meV  omega=     62.4222 meV   on_shell_Omega=     62.4185 meV  off_shell_Omega=     62.4185 meV
     lambda___(   3 )=       0.000000   gamma___=       0.000000 meV  omega=     99.9876 meV   on_shell_Omega=     99.9898 meV  off_shell_Omega=     99.9898 meV
     lambda_tr(   3 )=       0.000000   gamma_tr=       0.000000 meV  omega=     99.9876 meV   on_shell_Omega=     99.9898 meV  off_shell_Omega=     99.9898 meV
     lambda___(   4 )=       0.000000   gamma___=       0.000000 meV  omega=    107.5249 meV   on_shell_Omega=    107.5531 meV  off_shell_Omega=    107.5531 meV
     lambda_tr(   4 )=       0.000000   gamma_tr=       0.000000 meV  omega=    107.5249 meV   on_shell_Omega=    107.5531 meV  off_shell_Omega=    107.5531 meV
     lambda___(   5 )=       0.000000   gamma___=       0.000000 meV  omega=    180.8707 meV   on_shell_Omega=    181.0456 meV  off_shell_Omega=    180.9591 meV
     lambda_tr(   5 )=       0.000000   gamma_tr=       0.000000 meV  omega=    180.8707 meV   on_shell_Omega=    181.0456 meV  off_shell_Omega=    180.9591 meV
     lambda___(   6 )=       0.000000   gamma___=       0.000000 meV  omega=    196.0496 meV   on_shell_Omega=    196.2144 meV  off_shell_Omega=    196.1454 meV
     lambda_tr(   6 )=       0.000000   gamma_tr=       0.000000 meV  omega=    196.0496 meV   on_shell_Omega=    196.2144 meV  off_shell_Omega=    196.1454 meV
     lambda___( tot )=       0.000000
     lambda_tr( tot )=       0.000000
     -------------------------------------------------------------------


     Number of (k,k+q) pairs on the Fermi surface:      324 out of      324


     ismear =     1 iq =      15 coord.:   0.00000  0.77778  0.00000 wt:   0.00309 Temp:  300.000K
     -------------------------------------------------------------------
     lambda___(   1 )=      -0.000000   gamma___=      -0.000000 meV  omega=     15.1042 meV   on_shell_Omega=     15.1167 meV  off_shell_Omega=     15.1167 meV
     lambda_tr(   1 )=      -0.000000   gamma_tr=      -0.000000 meV  omega=     15.1042 meV   on_shell_Omega=     15.1167 meV  off_shell_Omega=     15.1167 meV
     lambda___(   2 )=      -0.000000   gamma___=      -0.000000 meV  omega=     53.3747 meV   on_shell_Omega=     53.3640 meV  off_shell_Omega=     53.3640 meV
     lambda_tr(   2 )=      -0.000000   gamma_tr=      -0.000000 meV  omega=     53.3747 meV   on_shell_Omega=     53.3640 meV  off_shell_Omega=     53.3640 meV
     lambda___(   3 )=      -0.000000   gamma___=      -0.000000 meV  omega=     88.5004 meV   on_shell_Omega=     88.5390 meV  off_shell_Omega=     88.5390 meV
     lambda_tr(   3 )=      -0.000000   gamma_tr=      -0.000000 meV  omega=     88.5004 meV   on_shell_Omega=     88.5390 meV  off_shell_Omega=     88.5390 meV
     lambda___(   4 )=       0.000000   gamma___=       0.000000 meV  omega=    103.4592 meV   on_shell_Omega=    103.4594 meV  off_shell_Omega=    103.4594 meV
     lambda_tr(   4 )=      -0.000000   gamma_tr=      -0.000000 meV  omega=    103.4592 meV   on_shell_Omega=    103.4594 meV  off_shell_Omega=    103.4594 meV
     lambda___(   5 )=       0.000000   gamma___=       0.000000 meV  omega=    184.4817 meV   on_shell_Omega=    184.6919 meV  off_shell_Omega=    184.5718 meV
     lambda_tr(   5 )=      -0.000000   gamma_tr=      -0.000000 meV  omega=    184.4817 meV   on_shell_Omega=    184.6919 meV  off_shell_Omega=    184.5718 meV
     lambda___(   6 )=       0.000000   gamma___=       0.000000 meV  omega=    198.9205 meV   on_shell_Omega=    199.1943 meV  off_shell_Omega=    199.2605 meV
     lambda_tr(   6 )=       0.000000   gamma_tr=       0.000000 meV  omega=    198.9205 meV   on_shell_Omega=    199.1943 meV  off_shell_Omega=    199.2605 meV
     lambda___( tot )=       0.000000
     lambda_tr( tot )=       0.000000
     -------------------------------------------------------------------


     Number of (k,k+q) pairs on the Fermi surface:      324 out of      324


     ismear =     1 iq =      16 coord.:   0.00000  0.83333  0.00000 wt:   0.00309 Temp:  300.000K
     -------------------------------------------------------------------
     lambda___(   1 )=       0.000000   gamma___=       0.000000 meV  omega=      8.4745 meV   on_shell_Omega=      8.4835 meV  off_shell_Omega=      8.4835 meV
     lambda_tr(   1 )=       0.000000   gamma_tr=       0.000000 meV  omega=      8.4745 meV   on_shell_Omega=      8.4835 meV  off_shell_Omega=      8.4835 meV
     lambda___(   2 )=       0.000000   gamma___=       0.000000 meV  omega=     41.7244 meV   on_shell_Omega=     41.7163 meV  off_shell_Omega=     41.7163 meV
     lambda_tr(   2 )=       0.000000   gamma_tr=       0.000000 meV  omega=     41.7244 meV   on_shell_Omega=     41.7163 meV  off_shell_Omega=     41.7163 meV
     lambda___(   3 )=       0.000000   gamma___=       0.000000 meV  omega=     67.8228 meV   on_shell_Omega=     67.8678 meV  off_shell_Omega=     67.8678 meV
     lambda_tr(   3 )=       0.000000   gamma_tr=       0.000000 meV  omega=     67.8228 meV   on_shell_Omega=     67.8678 meV  off_shell_Omega=     67.8678 meV
     lambda___(   4 )=       0.000000   gamma___=       0.000000 meV  omega=    105.8769 meV   on_shell_Omega=    105.8770 meV  off_shell_Omega=    105.8770 meV
     lambda_tr(   4 )=       0.000000   gamma_tr=       0.000000 meV  omega=    105.8769 meV   on_shell_Omega=    105.8770 meV  off_shell_Omega=    105.8770 meV
     lambda___(   5 )=       0.000000   gamma___=       0.000000 meV  omega=    188.3942 meV   on_shell_Omega=    188.6140 meV  off_shell_Omega=    188.4862 meV
     lambda_tr(   5 )=       0.000000   gamma_tr=       0.000000 meV  omega=    188.3942 meV   on_shell_Omega=    188.6140 meV  off_shell_Omega=    188.4862 meV
     lambda___(   6 )=       0.000000   gamma___=       0.000000 meV  omega=    199.4306 meV   on_shell_Omega=    199.9046 meV  off_shell_Omega=    200.0149 meV
     lambda_tr(   6 )=       0.000000   gamma_tr=       0.000000 meV  omega=    199.4306 meV   on_shell_Omega=    199.9046 meV  off_shell_Omega=    200.0149 meV
     lambda___( tot )=       0.000000
     lambda_tr( tot )=       0.000000
     -------------------------------------------------------------------


     Number of (k,k+q) pairs on the Fermi surface:      324 out of      324


     ismear =     1 iq =      17 coord.:   0.00000  0.88889  0.00000 wt:   0.00309 Temp:  300.000K
     -------------------------------------------------------------------
     lambda___(   1 )=      -0.000000   gamma___=      -0.000000 meV  omega=      3.6109 meV   on_shell_Omega=      3.6566 meV  off_shell_Omega=      3.6566 meV
     lambda_tr(   1 )=       0.000000   gamma_tr=       0.000000 meV  omega=      3.6109 meV   on_shell_Omega=      3.6566 meV  off_shell_Omega=      3.6566 meV
     lambda___(   2 )=       0.000000   gamma___=       0.000000 meV  omega=     28.2866 meV   on_shell_Omega=     28.2835 meV  off_shell_Omega=     28.2835 meV
     lambda_tr(   2 )=       0.000000   gamma_tr=       0.000000 meV  omega=     28.2866 meV   on_shell_Omega=     28.2835 meV  off_shell_Omega=     28.2835 meV
     lambda___(   3 )=       0.000000   gamma___=       0.000000 meV  omega=     45.7522 meV   on_shell_Omega=     45.8035 meV  off_shell_Omega=     45.8035 meV
     lambda_tr(   3 )=       0.000000   gamma_tr=       0.000000 meV  omega=     45.7522 meV   on_shell_Omega=     45.8035 meV  off_shell_Omega=     45.8035 meV
     lambda___(   4 )=       0.000000   gamma___=       0.000000 meV  omega=    107.4720 meV   on_shell_Omega=    107.4727 meV  off_shell_Omega=    107.4727 meV
     lambda_tr(   4 )=       0.000000   gamma_tr=       0.000000 meV  omega=    107.4720 meV   on_shell_Omega=    107.4727 meV  off_shell_Omega=    107.4727 meV
     lambda___(   5 )=       0.000000   gamma___=       0.000000 meV  omega=    191.4071 meV   on_shell_Omega=    191.6358 meV  off_shell_Omega=    191.5006 meV
     lambda_tr(   5 )=       0.000000   gamma_tr=       0.000000 meV  omega=    191.4071 meV   on_shell_Omega=    191.6358 meV  off_shell_Omega=    191.5006 meV
     lambda___(   6 )=       0.000000   gamma___=       0.000000 meV  omega=    197.5612 meV   on_shell_Omega=    198.3692 meV  off_shell_Omega=    198.3812 meV
     lambda_tr(   6 )=       0.000000   gamma_tr=       0.000000 meV  omega=    197.5612 meV   on_shell_Omega=    198.3692 meV  off_shell_Omega=    198.3812 meV
     lambda___( tot )=      -0.000000
     lambda_tr( tot )=       0.000000
     -------------------------------------------------------------------


     Number of (k,k+q) pairs on the Fermi surface:      324 out of      324


     ismear =     1 iq =      18 coord.:   0.00000  0.94444  0.00000 wt:   0.00309 Temp:  300.000K
     -------------------------------------------------------------------
     lambda___(   1 )=       0.000000   gamma___=       0.000000 meV  omega=      0.4424 meV   on_shell_Omega=      0.6378 meV  off_shell_Omega=      0.6360 meV
     lambda_tr(   1 )=      -0.000000   gamma_tr=      -0.000000 meV  omega=      0.4424 meV   on_shell_Omega=      0.6378 meV  off_shell_Omega=      0.6360 meV
     lambda___(   2 )=      -0.000000   gamma___=      -0.000000 meV  omega=     14.1546 meV   on_shell_Omega=     14.1214 meV  off_shell_Omega=     14.1214 meV
     lambda_tr(   2 )=      -0.000000   gamma_tr=      -0.000000 meV  omega=     14.1546 meV   on_shell_Omega=     14.1214 meV  off_shell_Omega=     14.1214 meV
     lambda___(   3 )=       0.000000   gamma___=       0.000000 meV  omega=     22.9476 meV   on_shell_Omega=     22.9594 meV  off_shell_Omega=     22.9594 meV
     lambda_tr(   3 )=       0.000000   gamma_tr=       0.000000 meV  omega=     22.9476 meV   on_shell_Omega=     22.9594 meV  off_shell_Omega=     22.9594 meV
     lambda___(   4 )=       0.000000   gamma___=       0.000000 meV  omega=    108.3789 meV   on_shell_Omega=    108.3797 meV  off_shell_Omega=    108.3797 meV
     lambda_tr(   4 )=       0.000000   gamma_tr=       0.000000 meV  omega=    108.3789 meV   on_shell_Omega=    108.3797 meV  off_shell_Omega=    108.3797 meV
     lambda___(   5 )=       0.000000   gamma___=       0.000000 meV  omega=    192.9461 meV   on_shell_Omega=    193.1462 meV  off_shell_Omega=    193.0403 meV
     lambda_tr(   5 )=       0.000000   gamma_tr=       0.000000 meV  omega=    192.9461 meV   on_shell_Omega=    193.1462 meV  off_shell_Omega=    193.0403 meV
     lambda___(   6 )=       0.000000   gamma___=       0.000000 meV  omega=    194.7228 meV   on_shell_Omega=    195.3761 meV  off_shell_Omega=    195.2933 meV
     lambda_tr(   6 )=       0.000000   gamma_tr=       0.000000 meV  omega=    194.7228 meV   on_shell_Omega=    195.3761 meV  off_shell_Omega=    195.2933 meV
     lambda___( tot )=       0.000000
     lambda_tr( tot )=      -0.000000
     -------------------------------------------------------------------


     Number of (k,k+q) pairs on the Fermi surface:      324 out of      324


     ismear =     1 iq =      19 coord.:   0.05556  0.00000  0.00000 wt:   0.00309 Temp:  300.000K
     -------------------------------------------------------------------
     lambda___(   1 )=       0.000000   gamma___=       0.000000 meV  omega=      1.2660 meV   on_shell_Omega=      1.3183 meV  off_shell_Omega=      1.3183 meV
     lambda_tr(   1 )=      -0.000000   gamma_tr=      -0.000000 meV  omega=      1.2660 meV   on_shell_Omega=      1.3183 meV  off_shell_Omega=      1.3183 meV
     lambda___(   2 )=       0.000000   gamma___=       0.000000 meV  omega=     15.0666 meV   on_shell_Omega=     15.0157 meV  off_shell_Omega=     15.0157 meV
     lambda_tr(   2 )=       0.000000   gamma_tr=       0.000000 meV  omega=     15.0666 meV   on_shell_Omega=     15.0157 meV  off_shell_Omega=     15.0157 meV
     lambda___(   3 )=       0.000000   gamma___=       0.000000 meV  omega=     23.6235 meV   on_shell_Omega=     23.6062 meV  off_shell_Omega=     23.6062 meV
     lambda_tr(   3 )=       0.000000   gamma_tr=       0.000000 meV  omega=     23.6235 meV   on_shell_Omega=     23.6062 meV  off_shell_Omega=     23.6062 meV
     lambda___(   4 )=       0.000000   gamma___=       0.000000 meV  omega=    108.3724 meV   on_shell_Omega=    108.3737 meV  off_shell_Omega=    108.3737 meV
     lambda_tr(   4 )=       0.000000   gamma_tr=       0.000000 meV  omega=    108.3724 meV   on_shell_Omega=    108.3737 meV  off_shell_Omega=    108.3737 meV
     lambda___(   5 )=       0.000000   gamma___=       0.000000 meV  omega=    192.8745 meV   on_shell_Omega=    192.9984 meV  off_shell_Omega=    192.9984 meV
     lambda_tr(   5 )=       0.000000   gamma_tr=       0.000000 meV  omega=    192.8745 meV   on_shell_Omega=    192.9984 meV  off_shell_Omega=    192.9984 meV
     lambda___(   6 )=       0.000000   gamma___=       0.000000 meV  omega=    194.6445 meV   on_shell_Omega=    195.3581 meV  off_shell_Omega=    195.4523 meV
     lambda_tr(   6 )=       0.000000   gamma_tr=       0.000000 meV  omega=    194.6445 meV   on_shell_Omega=    195.3581 meV  off_shell_Omega=    195.4523 meV
     lambda___( tot )=       0.000000
     lambda_tr( tot )=      -0.000000
     -------------------------------------------------------------------


     Number of (k,k+q) pairs on the Fermi surface:      324 out of      324


     ismear =     1 iq =      20 coord.:   0.05556  0.05556  0.00000 wt:   0.00309 Temp:  300.000K
     -------------------------------------------------------------------
     lambda___(   1 )=      -0.000000   gamma___=      -0.000000 meV  omega=      2.5929 meV   on_shell_Omega=      2.6810 meV  off_shell_Omega=      2.6810 meV
     lambda_tr(   1 )=      -0.000000   gamma_tr=      -0.000000 meV  omega=      2.5929 meV   on_shell_Omega=      2.6810 meV  off_shell_Omega=      2.6810 meV
     lambda___(   2 )=      -0.000000   gamma___=      -0.000000 meV  omega=     25.5335 meV   on_shell_Omega=     25.6073 meV  off_shell_Omega=     25.6073 meV
     lambda_tr(   2 )=      -0.000000   gamma_tr=      -0.000000 meV  omega=     25.5335 meV   on_shell_Omega=     25.6073 meV  off_shell_Omega=     25.6073 meV
     lambda___(   3 )=      -0.000000   gamma___=      -0.000000 meV  omega=     39.3090 meV   on_shell_Omega=     39.2940 meV  off_shell_Omega=     39.2940 meV
     lambda_tr(   3 )=      -0.000000   gamma_tr=      -0.000000 meV  omega=     39.3090 meV   on_shell_Omega=     39.2940 meV  off_shell_Omega=     39.2940 meV
     lambda___(   4 )=      -0.000000   gamma___=      -0.000000 meV  omega=    107.7786 meV   on_shell_Omega=    107.7790 meV  off_shell_Omega=    107.7790 meV
     lambda_tr(   4 )=      -0.000000   gamma_tr=      -0.000000 meV  omega=    107.7786 meV   on_shell_Omega=    107.7790 meV  off_shell_Omega=    107.7790 meV
     lambda___(   5 )=       0.000000   gamma___=       0.000000 meV  omega=    191.8747 meV   on_shell_Omega=    192.0848 meV  off_shell_Omega=    191.9684 meV
     lambda_tr(   5 )=       0.000000   gamma_tr=       0.000000 meV  omega=    191.8747 meV   on_shell_Omega=    192.0848 meV  off_shell_Omega=    191.9684 meV
     lambda___(   6 )=       0.000000   gamma___=       0.000000 meV  omega=    196.8159 meV   on_shell_Omega=    197.6267 meV  off_shell_Omega=    197.6328 meV
     lambda_tr(   6 )=       0.000000   gamma_tr=       0.000000 meV  omega=    196.8159 meV   on_shell_Omega=    197.6267 meV  off_shell_Omega=    197.6328 meV
     lambda___( tot )=      -0.000000
     lambda_tr( tot )=      -0.000000
     -------------------------------------------------------------------


     Number of (k,k+q) pairs on the Fermi surface:      324 out of      324


     ismear =     1 iq =      21 coord.:   0.05556  0.11111  0.00000 wt:   0.00309 Temp:  300.000K
     -------------------------------------------------------------------
     lambda___(   1 )=       0.000000   gamma___=       0.000000 meV  omega=      6.4533 meV   on_shell_Omega=      6.4844 meV  off_shell_Omega=      6.4844 meV
     lambda_tr(   1 )=       0.000000   gamma_tr=       0.000000 meV  omega=      6.4533 meV   on_shell_Omega=      6.4844 meV  off_shell_Omega=      6.4844 meV
     lambda___(   2 )=       0.000000   gamma___=       0.000000 meV  omega=     38.2006 meV   on_shell_Omega=     38.2677 meV  off_shell_Omega=     38.2677 meV
     lambda_tr(   2 )=       0.000000   gamma_tr=       0.000000 meV  omega=     38.2006 meV   on_shell_Omega=     38.2677 meV  off_shell_Omega=     38.2677 meV
     lambda___(   3 )=       0.000000   gamma___=       0.000000 meV  omega=     59.2946 meV   on_shell_Omega=     59.3004 meV  off_shell_Omega=     59.3004 meV
     lambda_tr(   3 )=       0.000000   gamma_tr=       0.000000 meV  omega=     59.2946 meV   on_shell_Omega=     59.3004 meV  off_shell_Omega=     59.3004 meV
     lambda___(   4 )=       0.000000   gamma___=       0.000000 meV  omega=    106.5297 meV   on_shell_Omega=    106.5304 meV  off_shell_Omega=    106.5304 meV
     lambda_tr(   4 )=       0.000000   gamma_tr=       0.000000 meV  omega=    106.5297 meV   on_shell_Omega=    106.5304 meV  off_shell_Omega=    106.5304 meV
     lambda___(   5 )=       0.000000   gamma___=       0.000000 meV  omega=    189.5344 meV   on_shell_Omega=    189.7405 meV  off_shell_Omega=    189.6269 meV
     lambda_tr(   5 )=       0.000000   gamma_tr=       0.000000 meV  omega=    189.5344 meV   on_shell_Omega=    189.7405 meV  off_shell_Omega=    189.6269 meV
     lambda___(   6 )=       0.000000   gamma___=       0.000000 meV  omega=    199.0183 meV   on_shell_Omega=    199.5574 meV  off_shell_Omega=    199.6014 meV
     lambda_tr(   6 )=       0.000000   gamma_tr=       0.000000 meV  omega=    199.0183 meV   on_shell_Omega=    199.5574 meV  off_shell_Omega=    199.6014 meV
     lambda___( tot )=       0.000000
     lambda_tr( tot )=       0.000000
     -------------------------------------------------------------------


     Number of (k,k+q) pairs on the Fermi surface:      324 out of      324


     ismear =     1 iq =      22 coord.:   0.05556  0.16667  0.00000 wt:   0.00309 Temp:  300.000K
     -------------------------------------------------------------------
     lambda___(   1 )=      -0.000000   gamma___=      -0.000000 meV  omega=     12.1827 meV   on_shell_Omega=     12.1956 meV  off_shell_Omega=     12.1956 meV
     lambda_tr(   1 )=      -0.000000   gamma_tr=      -0.000000 meV  omega=     12.1827 meV   on_shell_Omega=     12.1956 meV  off_shell_Omega=     12.1956 meV
     lambda___(   2 )=       0.000000   gamma___=       0.000000 meV  omega=     50.5202 meV   on_shell_Omega=     50.5393 meV  off_shell_Omega=     50.5393 meV
     lambda_tr(   2 )=       0.000000   gamma_tr=       0.000000 meV  omega=     50.5202 meV   on_shell_Omega=     50.5393 meV  off_shell_Omega=     50.5393 meV
     lambda___(   3 )=       0.000000   gamma___=       0.000000 meV  omega=     79.4476 meV   on_shell_Omega=     79.4694 meV  off_shell_Omega=     79.4694 meV
     lambda_tr(   3 )=       0.000000   gamma_tr=       0.000000 meV  omega=     79.4476 meV   on_shell_Omega=     79.4694 meV  off_shell_Omega=     79.4694 meV
     lambda___(   4 )=       0.000000   gamma___=       0.000000 meV  omega=    104.5217 meV   on_shell_Omega=    104.5224 meV  off_shell_Omega=    104.5224 meV
     lambda_tr(   4 )=       0.000000   gamma_tr=       0.000000 meV  omega=    104.5217 meV   on_shell_Omega=    104.5224 meV  off_shell_Omega=    104.5224 meV
     lambda___(   5 )=       0.000000   gamma___=       0.000000 meV  omega=    185.8991 meV   on_shell_Omega=    186.1196 meV  off_shell_Omega=    185.9899 meV
     lambda_tr(   5 )=       0.000000   gamma_tr=       0.000000 meV  omega=    185.8991 meV   on_shell_Omega=    186.1196 meV  off_shell_Omega=    185.9899 meV
     lambda___(   6 )=       0.000000   gamma___=       0.000000 meV  omega=    199.3525 meV   on_shell_Omega=    199.6808 meV  off_shell_Omega=    199.6931 meV
     lambda_tr(   6 )=       0.000000   gamma_tr=       0.000000 meV  omega=    199.3525 meV   on_shell_Omega=    199.6808 meV  off_shell_Omega=    199.6931 meV
     lambda___( tot )=       0.000000
     lambda_tr( tot )=       0.000000
     -------------------------------------------------------------------


     Number of (k,k+q) pairs on the Fermi surface:      324 out of      324


     ismear =     1 iq =      23 coord.:   0.05556  0.22222  0.00000 wt:   0.00309 Temp:  300.000K
     -------------------------------------------------------------------
     lambda___(   1 )=       0.000000   gamma___=       0.000000 meV  omega=     19.6072 meV   on_shell_Omega=     19.6144 meV  off_shell_Omega=     19.6144 meV
     lambda_tr(   1 )=       0.000000   gamma_tr=       0.000000 meV  omega=     19.6072 meV   on_shell_Omega=     19.6144 meV  off_shell_Omega=     19.6144 meV
     lambda___(   2 )=       0.000000   gamma___=       0.000000 meV  omega=     60.9360 meV   on_shell_Omega=     60.9427 meV  off_shell_Omega=     60.9427 meV
     lambda_tr(   2 )=       0.000000   gamma_tr=       0.000000 meV  omega=     60.9360 meV   on_shell_Omega=     60.9427 meV  off_shell_Omega=     60.9427 meV
     lambda___(   3 )=       0.000000   gamma___=       0.000000 meV  omega=     98.5449 meV   on_shell_Omega=     98.5719 meV  off_shell_Omega=     98.5719 meV
     lambda_tr(   3 )=       0.000000   gamma_tr=       0.000000 meV  omega=     98.5449 meV   on_shell_Omega=     98.5719 meV  off_shell_Omega=     98.5719 meV
     lambda___(   4 )=       0.000000   gamma___=       0.000000 meV  omega=    101.5818 meV   on_shell_Omega=    101.5840 meV  off_shell_Omega=    101.5840 meV
     lambda_tr(   4 )=       0.000000   gamma_tr=       0.000000 meV  omega=    101.5818 meV   on_shell_Omega=    101.5840 meV  off_shell_Omega=    101.5840 meV
     lambda___(   5 )=       0.000000   gamma___=       0.000000 meV  omega=    182.0007 meV   on_shell_Omega=    182.2026 meV  off_shell_Omega=    182.0896 meV
     lambda_tr(   5 )=       0.000000   gamma_tr=       0.000000 meV  omega=    182.0007 meV   on_shell_Omega=    182.2026 meV  off_shell_Omega=    182.0896 meV
     lambda___(   6 )=       0.000000   gamma___=       0.000000 meV  omega=    197.3049 meV   on_shell_Omega=    197.5080 meV  off_shell_Omega=    197.4013 meV
     lambda_tr(   6 )=       0.000000   gamma_tr=       0.000000 meV  omega=    197.3049 meV   on_shell_Omega=    197.5080 meV  off_shell_Omega=    197.4013 meV
     lambda___( tot )=       0.000000
     lambda_tr( tot )=       0.000000
     -------------------------------------------------------------------


     Number of (k,k+q) pairs on the Fermi surface:      324 out of      324


     ismear =     1 iq =      24 coord.:   0.05556  0.27778  0.00000 wt:   0.00309 Temp:  300.000K
     -------------------------------------------------------------------
     lambda___(   1 )=       0.000000   gamma___=       0.000000 meV  omega=     28.5725 meV   on_shell_Omega=     28.5682 meV  off_shell_Omega=     28.5682 meV
     lambda_tr(   1 )=      -0.000000   gamma_tr=      -0.000000 meV  omega=     28.5725 meV   on_shell_Omega=     28.5682 meV  off_shell_Omega=     28.5682 meV
     lambda___(   2 )=       0.000000   gamma___=       0.000000 meV  omega=     68.7646 meV   on_shell_Omega=     68.7692 meV  off_shell_Omega=     68.7692 meV
     lambda_tr(   2 )=      -0.000000   gamma_tr=      -0.000000 meV  omega=     68.7646 meV   on_shell_Omega=     68.7692 meV  off_shell_Omega=     68.7692 meV
     lambda___(   3 )=       0.000000   gamma___=       0.000000 meV  omega=     97.4574 meV   on_shell_Omega=     97.4659 meV  off_shell_Omega=     97.4659 meV
     lambda_tr(   3 )=       0.000000   gamma_tr=       0.000000 meV  omega=     97.4574 meV   on_shell_Omega=     97.4659 meV  off_shell_Omega=     97.4659 meV
     lambda___(   4 )=       0.000000   gamma___=       0.000000 meV  omega=    116.2844 meV   on_shell_Omega=    116.3095 meV  off_shell_Omega=    116.3095 meV
     lambda_tr(   4 )=       0.000000   gamma_tr=       0.000000 meV  omega=    116.2844 meV   on_shell_Omega=    116.3095 meV  off_shell_Omega=    116.3095 meV
     lambda___(   5 )=       0.000000   gamma___=       0.000000 meV  omega=    178.9012 meV   on_shell_Omega=    179.0544 meV  off_shell_Omega=    178.9886 meV
     lambda_tr(   5 )=       0.000000   gamma_tr=       0.000000 meV  omega=    178.9012 meV   on_shell_Omega=    179.0544 meV  off_shell_Omega=    178.9886 meV
     lambda___(   6 )=       0.000000   gamma___=       0.000000 meV  omega=    193.2746 meV   on_shell_Omega=    193.3985 meV  off_shell_Omega=    193.3985 meV
     lambda_tr(   6 )=       0.000000   gamma_tr=       0.000000 meV  omega=    193.2746 meV   on_shell_Omega=    193.3985 meV  off_shell_Omega=    193.3985 meV
     lambda___( tot )=       0.000000
     lambda_tr( tot )=       0.000000
     -------------------------------------------------------------------


     Number of (k,k+q) pairs on the Fermi surface:      324 out of      324


     ismear =     1 iq =      25 coord.:   0.05556  0.33333  0.00000 wt:   0.00309 Temp:  300.000K
     -------------------------------------------------------------------
     lambda___(   1 )=       0.000000   gamma___=       0.000000 meV  omega=     38.5963 meV   on_shell_Omega=     38.5932 meV  off_shell_Omega=     38.5932 meV
     lambda_tr(   1 )=       0.000000   gamma_tr=       0.000000 meV  omega=     38.5963 meV   on_shell_Omega=     38.5932 meV  off_shell_Omega=     38.5932 meV
     lambda___(   2 )=       0.000000   gamma___=       0.000000 meV  omega=     74.3374 meV   on_shell_Omega=     74.3413 meV  off_shell_Omega=     74.3413 meV
     lambda_tr(   2 )=       0.000000   gamma_tr=       0.000000 meV  omega=     74.3374 meV   on_shell_Omega=     74.3413 meV  off_shell_Omega=     74.3413 meV
     lambda___(   3 )=       0.000000   gamma___=       0.000000 meV  omega=     91.9574 meV   on_shell_Omega=     91.9763 meV  off_shell_Omega=     91.9763 meV
     lambda_tr(   3 )=       0.000000   gamma_tr=       0.000000 meV  omega=     91.9574 meV   on_shell_Omega=     91.9763 meV  off_shell_Omega=     91.9763 meV
     lambda___(   4 )=       0.000000   gamma___=       0.000000 meV  omega=    132.5836 meV   on_shell_Omega=    132.6051 meV  off_shell_Omega=    132.6051 meV
     lambda_tr(   4 )=       0.000000   gamma_tr=       0.000000 meV  omega=    132.5836 meV   on_shell_Omega=    132.6051 meV  off_shell_Omega=    132.6051 meV
     lambda___(   5 )=       0.000000   gamma___=       0.000000 meV  omega=    176.6628 meV   on_shell_Omega=    176.7907 meV  off_shell_Omega=    176.7907 meV
     lambda_tr(   5 )=       0.000000   gamma_tr=       0.000000 meV  omega=    176.6628 meV   on_shell_Omega=    176.7907 meV  off_shell_Omega=    176.7907 meV
     lambda___(   6 )=       0.000000   gamma___=       0.000000 meV  omega=    187.5819 meV   on_shell_Omega=    187.6537 meV  off_shell_Omega=    187.6537 meV
     lambda_tr(   6 )=       0.000000   gamma_tr=       0.000000 meV  omega=    187.5819 meV   on_shell_Omega=    187.6537 meV  off_shell_Omega=    187.6537 meV
     lambda___( tot )=       0.000000
     lambda_tr( tot )=       0.000000
     -------------------------------------------------------------------


     Number of (k,k+q) pairs on the Fermi surface:      324 out of      324


     ismear =     1 iq =      26 coord.:   0.05556  0.38889  0.00000 wt:   0.00309 Temp:  300.000K
     -------------------------------------------------------------------
     lambda___(   1 )=      -0.000000   gamma___=      -0.000000 meV  omega=     48.7101 meV   on_shell_Omega=     48.7119 meV  off_shell_Omega=     48.7119 meV
     lambda_tr(   1 )=      -0.000000   gamma_tr=      -0.000000 meV  omega=     48.7101 meV   on_shell_Omega=     48.7119 meV  off_shell_Omega=     48.7119 meV
     lambda___(   2 )=       0.000000   gamma___=       0.000000 meV  omega=     78.2282 meV   on_shell_Omega=     78.2320 meV  off_shell_Omega=     78.2320 meV
     lambda_tr(   2 )=       0.000000   gamma_tr=       0.000000 meV  omega=     78.2282 meV   on_shell_Omega=     78.2320 meV  off_shell_Omega=     78.2320 meV
     lambda___(   3 )=       0.000000   gamma___=       0.000000 meV  omega=     85.3017 meV   on_shell_Omega=     85.3263 meV  off_shell_Omega=     85.3263 meV
     lambda_tr(   3 )=       0.000000   gamma_tr=       0.000000 meV  omega=     85.3017 meV   on_shell_Omega=     85.3263 meV  off_shell_Omega=     85.3263 meV
     lambda___(   4 )=       0.000000   gamma___=       0.000000 meV  omega=    147.2254 meV   on_shell_Omega=    147.2448 meV  off_shell_Omega=    147.2448 meV
     lambda_tr(   4 )=       0.000000   gamma_tr=       0.000000 meV  omega=    147.2254 meV   on_shell_Omega=    147.2448 meV  off_shell_Omega=    147.2448 meV
     lambda___(   5 )=       0.000000   gamma___=       0.000000 meV  omega=    174.8210 meV   on_shell_Omega=    174.9484 meV  off_shell_Omega=    174.9484 meV
     lambda_tr(   5 )=       0.000000   gamma_tr=       0.000000 meV  omega=    174.8210 meV   on_shell_Omega=    174.9484 meV  off_shell_Omega=    174.9484 meV
     lambda___(   6 )=       0.000000   gamma___=       0.000000 meV  omega=    180.2368 meV   on_shell_Omega=    180.2940 meV  off_shell_Omega=    180.2940 meV
     lambda_tr(   6 )=       0.000000   gamma_tr=       0.000000 meV  omega=    180.2368 meV   on_shell_Omega=    180.2940 meV  off_shell_Omega=    180.2940 meV
     lambda___( tot )=       0.000000
     lambda_tr( tot )=       0.000000
     -------------------------------------------------------------------


     Number of (k,k+q) pairs on the Fermi surface:      324 out of      324


     ismear =     1 iq =      27 coord.:   0.05556  0.44444  0.00000 wt:   0.00309 Temp:  300.000K
     -------------------------------------------------------------------
     lambda___(   1 )=       0.000000   gamma___=       0.000000 meV  omega=     56.7195 meV   on_shell_Omega=     56.7151 meV  off_shell_Omega=     56.7151 meV
     lambda_tr(   1 )=       0.000000   gamma_tr=       0.000000 meV  omega=     56.7195 meV   on_shell_Omega=     56.7151 meV  off_shell_Omega=     56.7151 meV
     lambda___(   2 )=       0.000000   gamma___=       0.000000 meV  omega=     79.1440 meV   on_shell_Omega=     79.1762 meV  off_shell_Omega=     79.1762 meV
     lambda_tr(   2 )=       0.000000   gamma_tr=       0.000000 meV  omega=     79.1440 meV   on_shell_Omega=     79.1762 meV  off_shell_Omega=     79.1762 meV
     lambda___(   3 )=       0.000000   gamma___=       0.000000 meV  omega=     80.3889 meV   on_shell_Omega=     80.3915 meV  off_shell_Omega=     80.3915 meV
     lambda_tr(   3 )=       0.000000   gamma_tr=       0.000000 meV  omega=     80.3889 meV   on_shell_Omega=     80.3915 meV  off_shell_Omega=     80.3915 meV
     lambda___(   4 )=       0.000000   gamma___=       0.000000 meV  omega=    159.9609 meV   on_shell_Omega=    159.9772 meV  off_shell_Omega=    159.9772 meV
     lambda_tr(   4 )=      -0.000000   gamma_tr=      -0.000000 meV  omega=    159.9609 meV   on_shell_Omega=    159.9772 meV  off_shell_Omega=    159.9772 meV
     lambda___(   5 )=       0.000000   gamma___=       0.000000 meV  omega=    170.9691 meV   on_shell_Omega=    170.9961 meV  off_shell_Omega=    170.9961 meV
     lambda_tr(   5 )=      -0.000000   gamma_tr=      -0.000000 meV  omega=    170.9691 meV   on_shell_Omega=    170.9961 meV  off_shell_Omega=    170.9961 meV
     lambda___(   6 )=       0.000000   gamma___=       0.000000 meV  omega=    173.7937 meV   on_shell_Omega=    173.9512 meV  off_shell_Omega=    173.8786 meV
     lambda_tr(   6 )=       0.000000   gamma_tr=       0.000000 meV  omega=    173.7937 meV   on_shell_Omega=    173.9512 meV  off_shell_Omega=    173.8786 meV
     lambda___( tot )=       0.000000
     lambda_tr( tot )=       0.000000
     -------------------------------------------------------------------


     Number of (k,k+q) pairs on the Fermi surface:      324 out of      324


     ismear =     1 iq =      28 coord.:   0.05556  0.50000  0.00000 wt:   0.00309 Temp:  300.000K
     -------------------------------------------------------------------
     lambda___(   1 )=       0.000000   gamma___=       0.000000 meV  omega=     56.7195 meV   on_shell_Omega=     56.7159 meV  off_shell_Omega=     56.7159 meV
     lambda_tr(   1 )=       0.000000   gamma_tr=       0.000000 meV  omega=     56.7195 meV   on_shell_Omega=     56.7159 meV  off_shell_Omega=     56.7159 meV
     lambda___(   2 )=       0.000000   gamma___=       0.000000 meV  omega=     79.1440 meV   on_shell_Omega=     79.1751 meV  off_shell_Omega=     79.1751 meV
     lambda_tr(   2 )=       0.000000   gamma_tr=       0.000000 meV  omega=     79.1440 meV   on_shell_Omega=     79.1751 meV  off_shell_Omega=     79.1751 meV
     lambda___(   3 )=       0.000000   gamma___=       0.000000 meV  omega=     80.3889 meV   on_shell_Omega=     80.3916 meV  off_shell_Omega=     80.3916 meV
     lambda_tr(   3 )=       0.000000   gamma_tr=       0.000000 meV  omega=     80.3889 meV   on_shell_Omega=     80.3916 meV  off_shell_Omega=     80.3916 meV
     lambda___(   4 )=       0.000000   gamma___=       0.000000 meV  omega=    159.9609 meV   on_shell_Omega=    159.9764 meV  off_shell_Omega=    159.9764 meV
     lambda_tr(   4 )=       0.000000   gamma_tr=       0.000000 meV  omega=    159.9609 meV   on_shell_Omega=    159.9764 meV  off_shell_Omega=    159.9764 meV
     lambda___(   5 )=       0.000000   gamma___=       0.000000 meV  omega=    170.9691 meV   on_shell_Omega=    170.9957 meV  off_shell_Omega=    170.9957 meV
     lambda_tr(   5 )=       0.000000   gamma_tr=       0.000000 meV  omega=    170.9691 meV   on_shell_Omega=    170.9957 meV  off_shell_Omega=    170.9957 meV
     lambda___(   6 )=       0.000000   gamma___=       0.000000 meV  omega=    173.7937 meV   on_shell_Omega=    173.9451 meV  off_shell_Omega=    173.8786 meV
     lambda_tr(   6 )=       0.000000   gamma_tr=       0.000000 meV  omega=    173.7937 meV   on_shell_Omega=    173.9451 meV  off_shell_Omega=    173.8786 meV
     lambda___( tot )=       0.000000
     lambda_tr( tot )=       0.000000
     -------------------------------------------------------------------


     Number of (k,k+q) pairs on the Fermi surface:      324 out of      324


     ismear =     1 iq =      29 coord.:   0.05556  0.55556  0.00000 wt:   0.00309 Temp:  300.000K
     -------------------------------------------------------------------
     lambda___(   1 )=       0.000000   gamma___=       0.000000 meV  omega=     48.7101 meV   on_shell_Omega=     48.7121 meV  off_shell_Omega=     48.7121 meV
     lambda_tr(   1 )=       0.000000   gamma_tr=       0.000000 meV  omega=     48.7101 meV   on_shell_Omega=     48.7121 meV  off_shell_Omega=     48.7121 meV
     lambda___(   2 )=       0.000000   gamma___=       0.000000 meV  omega=     78.2282 meV   on_shell_Omega=     78.2318 meV  off_shell_Omega=     78.2318 meV
     lambda_tr(   2 )=       0.000000   gamma_tr=       0.000000 meV  omega=     78.2282 meV   on_shell_Omega=     78.2318 meV  off_shell_Omega=     78.2318 meV
     lambda___(   3 )=       0.000000   gamma___=       0.000000 meV  omega=     85.3017 meV   on_shell_Omega=     85.3254 meV  off_shell_Omega=     85.3254 meV
     lambda_tr(   3 )=       0.000000   gamma_tr=       0.000000 meV  omega=     85.3017 meV   on_shell_Omega=     85.3254 meV  off_shell_Omega=     85.3254 meV
     lambda___(   4 )=       0.000000   gamma___=       0.000000 meV  omega=    147.2254 meV   on_shell_Omega=    147.2431 meV  off_shell_Omega=    147.2431 meV
     lambda_tr(   4 )=       0.000000   gamma_tr=       0.000000 meV  omega=    147.2254 meV   on_shell_Omega=    147.2431 meV  off_shell_Omega=    147.2431 meV
     lambda___(   5 )=       0.000000   gamma___=       0.000000 meV  omega=    174.8210 meV   on_shell_Omega=    174.9456 meV  off_shell_Omega=    174.9456 meV
     lambda_tr(   5 )=       0.000000   gamma_tr=       0.000000 meV  omega=    174.8210 meV   on_shell_Omega=    174.9456 meV  off_shell_Omega=    174.9456 meV
     lambda___(   6 )=       0.000000   gamma___=       0.000000 meV  omega=    180.2368 meV   on_shell_Omega=    180.2939 meV  off_shell_Omega=    180.2939 meV
     lambda_tr(   6 )=       0.000000   gamma_tr=       0.000000 meV  omega=    180.2368 meV   on_shell_Omega=    180.2939 meV  off_shell_Omega=    180.2939 meV
     lambda___( tot )=       0.000000
     lambda_tr( tot )=       0.000000
     -------------------------------------------------------------------


     Number of (k,k+q) pairs on the Fermi surface:      324 out of      324


     ismear =     1 iq =      30 coord.:   0.05556  0.61111  0.00000 wt:   0.00309 Temp:  300.000K
     -------------------------------------------------------------------
     lambda___(   1 )=      -0.000000   gamma___=      -0.000000 meV  omega=     38.5963 meV   on_shell_Omega=     38.5946 meV  off_shell_Omega=     38.5946 meV
     lambda_tr(   1 )=       0.000000   gamma_tr=       0.000000 meV  omega=     38.5963 meV   on_shell_Omega=     38.5946 meV  off_shell_Omega=     38.5946 meV
     lambda___(   2 )=       0.000000   gamma___=       0.000000 meV  omega=     74.3374 meV   on_shell_Omega=     74.3404 meV  off_shell_Omega=     74.3404 meV
     lambda_tr(   2 )=      -0.000000   gamma_tr=      -0.000000 meV  omega=     74.3374 meV   on_shell_Omega=     74.3404 meV  off_shell_Omega=     74.3404 meV
     lambda___(   3 )=       0.000000   gamma___=       0.000000 meV  omega=     91.9574 meV   on_shell_Omega=     91.9757 meV  off_shell_Omega=     91.9757 meV
     lambda_tr(   3 )=       0.000000   gamma_tr=       0.000000 meV  omega=     91.9574 meV   on_shell_Omega=     91.9757 meV  off_shell_Omega=     91.9757 meV
     lambda___(   4 )=       0.000000   gamma___=       0.000000 meV  omega=    132.5836 meV   on_shell_Omega=    132.6043 meV  off_shell_Omega=    132.6043 meV
     lambda_tr(   4 )=      -0.000000   gamma_tr=      -0.000000 meV  omega=    132.5836 meV   on_shell_Omega=    132.6043 meV  off_shell_Omega=    132.6043 meV
     lambda___(   5 )=       0.000000   gamma___=       0.000000 meV  omega=    176.6628 meV   on_shell_Omega=    176.7935 meV  off_shell_Omega=    176.7935 meV
     lambda_tr(   5 )=       0.000000   gamma_tr=       0.000000 meV  omega=    176.6628 meV   on_shell_Omega=    176.7935 meV  off_shell_Omega=    176.7935 meV
     lambda___(   6 )=       0.000000   gamma___=       0.000000 meV  omega=    187.5819 meV   on_shell_Omega=    187.6541 meV  off_shell_Omega=    187.6541 meV
     lambda_tr(   6 )=      -0.000000   gamma_tr=      -0.000000 meV  omega=    187.5819 meV   on_shell_Omega=    187.6541 meV  off_shell_Omega=    187.6541 meV
     lambda___( tot )=       0.000000
     lambda_tr( tot )=      -0.000000
     -------------------------------------------------------------------


     Number of (k,k+q) pairs on the Fermi surface:      324 out of      324


     ismear =     1 iq =      31 coord.:   0.05556  0.66667  0.00000 wt:   0.00309 Temp:  300.000K
     -------------------------------------------------------------------
     lambda___(   1 )=       0.000000   gamma___=       0.000000 meV  omega=     28.5725 meV   on_shell_Omega=     28.5693 meV  off_shell_Omega=     28.5693 meV
     lambda_tr(   1 )=       0.000000   gamma_tr=       0.000000 meV  omega=     28.5725 meV   on_shell_Omega=     28.5693 meV  off_shell_Omega=     28.5693 meV
     lambda___(   2 )=       0.000000   gamma___=       0.000000 meV  omega=     68.7646 meV   on_shell_Omega=     68.7686 meV  off_shell_Omega=     68.7686 meV
     lambda_tr(   2 )=       0.000000   gamma_tr=       0.000000 meV  omega=     68.7646 meV   on_shell_Omega=     68.7686 meV  off_shell_Omega=     68.7686 meV
     lambda___(   3 )=       0.000000   gamma___=       0.000000 meV  omega=     97.4574 meV   on_shell_Omega=     97.4656 meV  off_shell_Omega=     97.4656 meV
     lambda_tr(   3 )=       0.000000   gamma_tr=       0.000000 meV  omega=     97.4574 meV   on_shell_Omega=     97.4656 meV  off_shell_Omega=     97.4656 meV
     lambda___(   4 )=       0.000000   gamma___=       0.000000 meV  omega=    116.2844 meV   on_shell_Omega=    116.3086 meV  off_shell_Omega=    116.3086 meV
     lambda_tr(   4 )=       0.000000   gamma_tr=       0.000000 meV  omega=    116.2844 meV   on_shell_Omega=    116.3086 meV  off_shell_Omega=    116.3086 meV
     lambda___(   5 )=       0.000000   gamma___=       0.000000 meV  omega=    178.9012 meV   on_shell_Omega=    179.0555 meV  off_shell_Omega=    178.9886 meV
     lambda_tr(   5 )=      -0.000000   gamma_tr=      -0.000000 meV  omega=    178.9012 meV   on_shell_Omega=    179.0555 meV  off_shell_Omega=    178.9886 meV
     lambda___(   6 )=       0.000000   gamma___=       0.000000 meV  omega=    193.2746 meV   on_shell_Omega=    193.3971 meV  off_shell_Omega=    193.3971 meV
     lambda_tr(   6 )=       0.000000   gamma_tr=       0.000000 meV  omega=    193.2746 meV   on_shell_Omega=    193.3971 meV  off_shell_Omega=    193.3971 meV
     lambda___( tot )=       0.000000
     lambda_tr( tot )=       0.000000
     -------------------------------------------------------------------


     Number of (k,k+q) pairs on the Fermi surface:      324 out of      324


     ismear =     1 iq =      32 coord.:   0.05556  0.72222  0.00000 wt:   0.00309 Temp:  300.000K
     -------------------------------------------------------------------
     lambda___(   1 )=      -0.000000   gamma___=      -0.000000 meV  omega=     19.6072 meV   on_shell_Omega=     19.6180 meV  off_shell_Omega=     19.6180 meV
     lambda_tr(   1 )=      -0.000000   gamma_tr=      -0.000000 meV  omega=     19.6072 meV   on_shell_Omega=     19.6180 meV  off_shell_Omega=     19.6180 meV
     lambda___(   2 )=      -0.000000   gamma___=      -0.000000 meV  omega=     60.9360 meV   on_shell_Omega=     60.9423 meV  off_shell_Omega=     60.9423 meV
     lambda_tr(   2 )=      -0.000000   gamma_tr=      -0.000000 meV  omega=     60.9360 meV   on_shell_Omega=     60.9423 meV  off_shell_Omega=     60.9423 meV
     lambda___(   3 )=      -0.000000   gamma___=      -0.000000 meV  omega=     98.5449 meV   on_shell_Omega=     98.5721 meV  off_shell_Omega=     98.5721 meV
     lambda_tr(   3 )=       0.000000   gamma_tr=       0.000000 meV  omega=     98.5449 meV   on_shell_Omega=     98.5721 meV  off_shell_Omega=     98.5721 meV
     lambda___(   4 )=      -0.000000   gamma___=      -0.000000 meV  omega=    101.5818 meV   on_shell_Omega=    101.5830 meV  off_shell_Omega=    101.5830 meV
     lambda_tr(   4 )=      -0.000000   gamma_tr=      -0.000000 meV  omega=    101.5818 meV   on_shell_Omega=    101.5830 meV  off_shell_Omega=    101.5830 meV
     lambda___(   5 )=       0.000000   gamma___=       0.000000 meV  omega=    182.0007 meV   on_shell_Omega=    182.2083 meV  off_shell_Omega=    182.0896 meV
     lambda_tr(   5 )=       0.000000   gamma_tr=       0.000000 meV  omega=    182.0007 meV   on_shell_Omega=    182.2083 meV  off_shell_Omega=    182.0896 meV
     lambda___(   6 )=       0.000000   gamma___=       0.000000 meV  omega=    197.3049 meV   on_shell_Omega=    197.5084 meV  off_shell_Omega=    197.4013 meV
     lambda_tr(   6 )=       0.000000   gamma_tr=       0.000000 meV  omega=    197.3049 meV   on_shell_Omega=    197.5084 meV  off_shell_Omega=    197.4013 meV
     lambda___( tot )=      -0.000000
     lambda_tr( tot )=      -0.000000
     -------------------------------------------------------------------


     Number of (k,k+q) pairs on the Fermi surface:      324 out of      324


     ismear =     1 iq =      33 coord.:   0.05556  0.77778  0.00000 wt:   0.00309 Temp:  300.000K
     -------------------------------------------------------------------
     lambda___(   1 )=       0.000000   gamma___=       0.000000 meV  omega=     12.1827 meV   on_shell_Omega=     12.1950 meV  off_shell_Omega=     12.1950 meV
     lambda_tr(   1 )=       0.000000   gamma_tr=       0.000000 meV  omega=     12.1827 meV   on_shell_Omega=     12.1950 meV  off_shell_Omega=     12.1950 meV
     lambda___(   2 )=       0.000000   gamma___=       0.000000 meV  omega=     50.5202 meV   on_shell_Omega=     50.5383 meV  off_shell_Omega=     50.5383 meV
     lambda_tr(   2 )=       0.000000   gamma_tr=       0.000000 meV  omega=     50.5202 meV   on_shell_Omega=     50.5383 meV  off_shell_Omega=     50.5383 meV
     lambda___(   3 )=       0.000000   gamma___=       0.000000 meV  omega=     79.4476 meV   on_shell_Omega=     79.4693 meV  off_shell_Omega=     79.4693 meV
     lambda_tr(   3 )=       0.000000   gamma_tr=       0.000000 meV  omega=     79.4476 meV   on_shell_Omega=     79.4693 meV  off_shell_Omega=     79.4693 meV
     lambda___(   4 )=       0.000000   gamma___=       0.000000 meV  omega=    104.5217 meV   on_shell_Omega=    104.5223 meV  off_shell_Omega=    104.5223 meV
     lambda_tr(   4 )=       0.000000   gamma_tr=       0.000000 meV  omega=    104.5217 meV   on_shell_Omega=    104.5223 meV  off_shell_Omega=    104.5223 meV
     lambda___(   5 )=       0.000000   gamma___=       0.000000 meV  omega=    185.8991 meV   on_shell_Omega=    186.1258 meV  off_shell_Omega=    185.9899 meV
     lambda_tr(   5 )=       0.000000   gamma_tr=       0.000000 meV  omega=    185.8991 meV   on_shell_Omega=    186.1258 meV  off_shell_Omega=    185.9899 meV
     lambda___(   6 )=       0.000000   gamma___=       0.000000 meV  omega=    199.3525 meV   on_shell_Omega=    199.6814 meV  off_shell_Omega=    199.6931 meV
     lambda_tr(   6 )=       0.000000   gamma_tr=       0.000000 meV  omega=    199.3525 meV   on_shell_Omega=    199.6814 meV  off_shell_Omega=    199.6931 meV
     lambda___( tot )=       0.000000
     lambda_tr( tot )=       0.000000
     -------------------------------------------------------------------


     Number of (k,k+q) pairs on the Fermi surface:      324 out of      324


     ismear =     1 iq =      34 coord.:   0.05556  0.83333  0.00000 wt:   0.00309 Temp:  300.000K
     -------------------------------------------------------------------
     lambda___(   1 )=      -0.000000   gamma___=      -0.000000 meV  omega=      6.4533 meV   on_shell_Omega=      6.4756 meV  off_shell_Omega=      6.4756 meV
     lambda_tr(   1 )=      -0.000000   gamma_tr=      -0.000000 meV  omega=      6.4533 meV   on_shell_Omega=      6.4756 meV  off_shell_Omega=      6.4756 meV
     lambda___(   2 )=       0.000000   gamma___=       0.000000 meV  omega=     38.2006 meV   on_shell_Omega=     38.2696 meV  off_shell_Omega=     38.2696 meV
     lambda_tr(   2 )=       0.000000   gamma_tr=       0.000000 meV  omega=     38.2006 meV   on_shell_Omega=     38.2696 meV  off_shell_Omega=     38.2696 meV
     lambda___(   3 )=       0.000000   gamma___=       0.000000 meV  omega=     59.2946 meV   on_shell_Omega=     59.2977 meV  off_shell_Omega=     59.2977 meV
     lambda_tr(   3 )=       0.000000   gamma_tr=       0.000000 meV  omega=     59.2946 meV   on_shell_Omega=     59.2977 meV  off_shell_Omega=     59.2977 meV
     lambda___(   4 )=       0.000000   gamma___=       0.000000 meV  omega=    106.5297 meV   on_shell_Omega=    106.5305 meV  off_shell_Omega=    106.5305 meV
     lambda_tr(   4 )=       0.000000   gamma_tr=       0.000000 meV  omega=    106.5297 meV   on_shell_Omega=    106.5305 meV  off_shell_Omega=    106.5305 meV
     lambda___(   5 )=       0.000000   gamma___=       0.000000 meV  omega=    189.5344 meV   on_shell_Omega=    189.7421 meV  off_shell_Omega=    189.6269 meV
     lambda_tr(   5 )=       0.000000   gamma_tr=       0.000000 meV  omega=    189.5344 meV   on_shell_Omega=    189.7421 meV  off_shell_Omega=    189.6269 meV
     lambda___(   6 )=       0.000000   gamma___=       0.000000 meV  omega=    199.0183 meV   on_shell_Omega=    199.5588 meV  off_shell_Omega=    199.6014 meV
     lambda_tr(   6 )=       0.000000   gamma_tr=       0.000000 meV  omega=    199.0183 meV   on_shell_Omega=    199.5588 meV  off_shell_Omega=    199.6014 meV
     lambda___( tot )=       0.000000
     lambda_tr( tot )=      -0.000000
     -------------------------------------------------------------------


     Number of (k,k+q) pairs on the Fermi surface:      324 out of      324


     ismear =     1 iq =      35 coord.:   0.05556  0.88889  0.00000 wt:   0.00309 Temp:  300.000K
     -------------------------------------------------------------------
     lambda___(   1 )=       0.000000   gamma___=       0.000000 meV  omega=      2.5929 meV   on_shell_Omega=      2.6771 meV  off_shell_Omega=      2.6771 meV
     lambda_tr(   1 )=       0.000000   gamma_tr=       0.000000 meV  omega=      2.5929 meV   on_shell_Omega=      2.6771 meV  off_shell_Omega=      2.6771 meV
     lambda___(   2 )=       0.000000   gamma___=       0.000000 meV  omega=     25.5335 meV   on_shell_Omega=     25.6109 meV  off_shell_Omega=     25.6109 meV
     lambda_tr(   2 )=       0.000000   gamma_tr=       0.000000 meV  omega=     25.5335 meV   on_shell_Omega=     25.6109 meV  off_shell_Omega=     25.6109 meV
     lambda___(   3 )=       0.000000   gamma___=       0.000000 meV  omega=     39.3090 meV   on_shell_Omega=     39.2929 meV  off_shell_Omega=     39.2929 meV
     lambda_tr(   3 )=       0.000000   gamma_tr=       0.000000 meV  omega=     39.3090 meV   on_shell_Omega=     39.2929 meV  off_shell_Omega=     39.2929 meV
     lambda___(   4 )=       0.000000   gamma___=       0.000000 meV  omega=    107.7786 meV   on_shell_Omega=    107.7791 meV  off_shell_Omega=    107.7791 meV
     lambda_tr(   4 )=       0.000000   gamma_tr=       0.000000 meV  omega=    107.7786 meV   on_shell_Omega=    107.7791 meV  off_shell_Omega=    107.7791 meV
     lambda___(   5 )=       0.000000   gamma___=       0.000000 meV  omega=    191.8747 meV   on_shell_Omega=    192.0996 meV  off_shell_Omega=    191.9684 meV
     lambda_tr(   5 )=       0.000000   gamma_tr=       0.000000 meV  omega=    191.8747 meV   on_shell_Omega=    192.0996 meV  off_shell_Omega=    191.9684 meV
     lambda___(   6 )=       0.000000   gamma___=       0.000000 meV  omega=    196.8159 meV   on_shell_Omega=    197.6264 meV  off_shell_Omega=    197.6328 meV
     lambda_tr(   6 )=       0.000000   gamma_tr=       0.000000 meV  omega=    196.8159 meV   on_shell_Omega=    197.6264 meV  off_shell_Omega=    197.6328 meV
     lambda___( tot )=       0.000000
     lambda_tr( tot )=       0.000000
     -------------------------------------------------------------------


     Number of (k,k+q) pairs on the Fermi surface:      324 out of      324


     ismear =     1 iq =      36 coord.:   0.05556  0.94444  0.00000 wt:   0.00309 Temp:  300.000K
     -------------------------------------------------------------------
     lambda___(   1 )=      -0.000000   gamma___=      -0.000000 meV  omega=      1.2660 meV   on_shell_Omega=      1.3019 meV  off_shell_Omega=      1.3019 meV
     lambda_tr(   1 )=      -0.000000   gamma_tr=      -0.000000 meV  omega=      1.2660 meV   on_shell_Omega=      1.3019 meV  off_shell_Omega=      1.3019 meV
     lambda___(   2 )=      -0.000000   gamma___=      -0.000000 meV  omega=     15.0666 meV   on_shell_Omega=     15.0190 meV  off_shell_Omega=     15.0190 meV
     lambda_tr(   2 )=      -0.000000   gamma_tr=      -0.000000 meV  omega=     15.0666 meV   on_shell_Omega=     15.0190 meV  off_shell_Omega=     15.0190 meV
     lambda___(   3 )=      -0.000000   gamma___=      -0.000000 meV  omega=     23.6235 meV   on_shell_Omega=     23.6053 meV  off_shell_Omega=     23.6053 meV
     lambda_tr(   3 )=      -0.000000   gamma_tr=      -0.000000 meV  omega=     23.6235 meV   on_shell_Omega=     23.6053 meV  off_shell_Omega=     23.6053 meV
     lambda___(   4 )=      -0.000000   gamma___=      -0.000000 meV  omega=    108.3724 meV   on_shell_Omega=    108.3738 meV  off_shell_Omega=    108.3738 meV
     lambda_tr(   4 )=      -0.000000   gamma_tr=      -0.000000 meV  omega=    108.3724 meV   on_shell_Omega=    108.3738 meV  off_shell_Omega=    108.3738 meV
     lambda___(   5 )=       0.000000   gamma___=       0.000000 meV  omega=    192.8745 meV   on_shell_Omega=    193.0251 meV  off_shell_Omega=    192.9686 meV
     lambda_tr(   5 )=       0.000000   gamma_tr=       0.000000 meV  omega=    192.8745 meV   on_shell_Omega=    193.0251 meV  off_shell_Omega=    192.9686 meV
     lambda___(   6 )=       0.000000   gamma___=       0.000000 meV  omega=    194.6445 meV   on_shell_Omega=    195.3247 meV  off_shell_Omega=    195.2147 meV
     lambda_tr(   6 )=       0.000000   gamma_tr=       0.000000 meV  omega=    194.6445 meV   on_shell_Omega=    195.3247 meV  off_shell_Omega=    195.2147 meV
     lambda___( tot )=      -0.000000
     lambda_tr( tot )=      -0.000000
     -------------------------------------------------------------------


     Number of (k,k+q) pairs on the Fermi surface:      324 out of      324


     ismear =     1 iq =      37 coord.:   0.11111  0.00000  0.00000 wt:   0.00309 Temp:  300.000K
     -------------------------------------------------------------------
     lambda___(   1 )=      -0.000000   gamma___=      -0.000000 meV  omega=      3.9197 meV   on_shell_Omega=      3.9543 meV  off_shell_Omega=      3.9543 meV
     lambda_tr(   1 )=      -0.000000   gamma_tr=      -0.000000 meV  omega=      3.9197 meV   on_shell_Omega=      3.9543 meV  off_shell_Omega=      3.9543 meV
     lambda___(   2 )=      -0.000000   gamma___=      -0.000000 meV  omega=     29.1767 meV   on_shell_Omega=     29.1602 meV  off_shell_Omega=     29.1602 meV
     lambda_tr(   2 )=      -0.000000   gamma_tr=      -0.000000 meV  omega=     29.1767 meV   on_shell_Omega=     29.1602 meV  off_shell_Omega=     29.1602 meV
     lambda___(   3 )=      -0.000000   gamma___=      -0.000000 meV  omega=     46.3377 meV   on_shell_Omega=     46.3696 meV  off_shell_Omega=     46.3696 meV
     lambda_tr(   3 )=      -0.000000   gamma_tr=      -0.000000 meV  omega=     46.3377 meV   on_shell_Omega=     46.3696 meV  off_shell_Omega=     46.3696 meV
     lambda___(   4 )=       0.000000   gamma___=       0.000000 meV  omega=    107.4612 meV   on_shell_Omega=    107.4622 meV  off_shell_Omega=    107.4622 meV
     lambda_tr(   4 )=       0.000000   gamma_tr=       0.000000 meV  omega=    107.4612 meV   on_shell_Omega=    107.4622 meV  off_shell_Omega=    107.4622 meV
     lambda___(   5 )=       0.000000   gamma___=       0.000000 meV  omega=    191.2712 meV   on_shell_Omega=    191.4962 meV  off_shell_Omega=    191.3646 meV
     lambda_tr(   5 )=       0.000000   gamma_tr=       0.000000 meV  omega=    191.2712 meV   on_shell_Omega=    191.4962 meV  off_shell_Omega=    191.3646 meV
     lambda___(   6 )=       0.000000   gamma___=       0.000000 meV  omega=    197.4269 meV   on_shell_Omega=    198.2323 meV  off_shell_Omega=    198.2463 meV
     lambda_tr(   6 )=       0.000000   gamma_tr=       0.000000 meV  omega=    197.4269 meV   on_shell_Omega=    198.2323 meV  off_shell_Omega=    198.2463 meV
     lambda___( tot )=      -0.000000
     lambda_tr( tot )=      -0.000000
     -------------------------------------------------------------------


     Number of (k,k+q) pairs on the Fermi surface:      324 out of      324


     ismear =     1 iq =      38 coord.:   0.11111  0.05556  0.00000 wt:   0.00309 Temp:  300.000K
     -------------------------------------------------------------------
     lambda___(   1 )=       0.000000   gamma___=       0.000000 meV  omega=      6.3702 meV   on_shell_Omega=      6.4000 meV  off_shell_Omega=      6.4000 meV
     lambda_tr(   1 )=       0.000000   gamma_tr=       0.000000 meV  omega=      6.3702 meV   on_shell_Omega=      6.4000 meV  off_shell_Omega=      6.4000 meV
     lambda___(   2 )=       0.000000   gamma___=       0.000000 meV  omega=     38.3724 meV   on_shell_Omega=     38.4434 meV  off_shell_Omega=     38.4434 meV
     lambda_tr(   2 )=       0.000000   gamma_tr=       0.000000 meV  omega=     38.3724 meV   on_shell_Omega=     38.4434 meV  off_shell_Omega=     38.4434 meV
     lambda___(   3 )=       0.000000   gamma___=       0.000000 meV  omega=     59.1544 meV   on_shell_Omega=     59.1586 meV  off_shell_Omega=     59.1586 meV
     lambda_tr(   3 )=       0.000000   gamma_tr=       0.000000 meV  omega=     59.1544 meV   on_shell_Omega=     59.1586 meV  off_shell_Omega=     59.1586 meV
     lambda___(   4 )=       0.000000   gamma___=       0.000000 meV  omega=    106.5347 meV   on_shell_Omega=    106.5353 meV  off_shell_Omega=    106.5353 meV
     lambda_tr(   4 )=       0.000000   gamma_tr=       0.000000 meV  omega=    106.5347 meV   on_shell_Omega=    106.5353 meV  off_shell_Omega=    106.5353 meV
     lambda___(   5 )=       0.000000   gamma___=       0.000000 meV  omega=    189.5059 meV   on_shell_Omega=    189.7247 meV  off_shell_Omega=    189.5984 meV
     lambda_tr(   5 )=       0.000000   gamma_tr=       0.000000 meV  omega=    189.5059 meV   on_shell_Omega=    189.7247 meV  off_shell_Omega=    189.5984 meV
     lambda___(   6 )=       0.000000   gamma___=       0.000000 meV  omega=    199.0541 meV   on_shell_Omega=    199.5851 meV  off_shell_Omega=    199.6373 meV
     lambda_tr(   6 )=       0.000000   gamma_tr=       0.000000 meV  omega=    199.0541 meV   on_shell_Omega=    199.5851 meV  off_shell_Omega=    199.6373 meV
     lambda___( tot )=       0.000000
     lambda_tr( tot )=       0.000000
     -------------------------------------------------------------------


     Number of (k,k+q) pairs on the Fermi surface:      324 out of      324


     ismear =     1 iq =      39 coord.:   0.11111  0.11111  0.00000 wt:   0.00309 Temp:  300.000K
     -------------------------------------------------------------------
     lambda___(   1 )=       0.000000   gamma___=       0.000000 meV  omega=     11.1119 meV   on_shell_Omega=     11.1279 meV  off_shell_Omega=     11.1279 meV
     lambda_tr(   1 )=       0.000000   gamma_tr=       0.000000 meV  omega=     11.1119 meV   on_shell_Omega=     11.1279 meV  off_shell_Omega=     11.1279 meV
     lambda___(   2 )=       0.000000   gamma___=       0.000000 meV  omega=     50.4214 meV   on_shell_Omega=     50.4940 meV  off_shell_Omega=     50.4940 meV
     lambda_tr(   2 )=       0.000000   gamma_tr=       0.000000 meV  omega=     50.4214 meV   on_shell_Omega=     50.4940 meV  off_shell_Omega=     50.4940 meV
     lambda___(   3 )=       0.000000   gamma___=       0.000000 meV  omega=     75.0990 meV   on_shell_Omega=     75.0858 meV  off_shell_Omega=     75.0858 meV
     lambda_tr(   3 )=       0.000000   gamma_tr=       0.000000 meV  omega=     75.0990 meV   on_shell_Omega=     75.0858 meV  off_shell_Omega=     75.0858 meV
     lambda___(   4 )=       0.000000   gamma___=       0.000000 meV  omega=    104.8688 meV   on_shell_Omega=    104.8705 meV  off_shell_Omega=    104.8705 meV
     lambda_tr(   4 )=       0.000000   gamma_tr=       0.000000 meV  omega=    104.8688 meV   on_shell_Omega=    104.8705 meV  off_shell_Omega=    104.8705 meV
     lambda___(   5 )=       0.000000   gamma___=       0.000000 meV  omega=    186.3498 meV   on_shell_Omega=    186.5798 meV  off_shell_Omega=    186.6682 meV
     lambda_tr(   5 )=       0.000000   gamma_tr=       0.000000 meV  omega=    186.3498 meV   on_shell_Omega=    186.5798 meV  off_shell_Omega=    186.6682 meV
     lambda___(   6 )=       0.000000   gamma___=       0.000000 meV  omega=    199.4338 meV   on_shell_Omega=    199.7743 meV  off_shell_Omega=    199.7746 meV
     lambda_tr(   6 )=       0.000000   gamma_tr=       0.000000 meV  omega=    199.4338 meV   on_shell_Omega=    199.7743 meV  off_shell_Omega=    199.7746 meV
     lambda___( tot )=       0.000000
     lambda_tr( tot )=       0.000000
     -------------------------------------------------------------------


     Number of (k,k+q) pairs on the Fermi surface:      324 out of      324


     ismear =     1 iq =      40 coord.:   0.11111  0.16667  0.00000 wt:   0.00309 Temp:  300.000K
     -------------------------------------------------------------------
     lambda___(   1 )=      -0.000000   gamma___=      -0.000000 meV  omega=     17.5406 meV   on_shell_Omega=     17.5478 meV  off_shell_Omega=     17.5478 meV
     lambda_tr(   1 )=      -0.000000   gamma_tr=      -0.000000 meV  omega=     17.5406 meV   on_shell_Omega=     17.5478 meV  off_shell_Omega=     17.5478 meV
     lambda___(   2 )=       0.000000   gamma___=       0.000000 meV  omega=     62.3017 meV   on_shell_Omega=     62.3505 meV  off_shell_Omega=     62.3505 meV
     lambda_tr(   2 )=       0.000000   gamma_tr=       0.000000 meV  omega=     62.3017 meV   on_shell_Omega=     62.3505 meV  off_shell_Omega=     62.3505 meV
     lambda___(   3 )=       0.000000   gamma___=       0.000000 meV  omega=     91.7904 meV   on_shell_Omega=     91.7924 meV  off_shell_Omega=     91.7924 meV
     lambda_tr(   3 )=       0.000000   gamma_tr=       0.000000 meV  omega=     91.7904 meV   on_shell_Omega=     91.7924 meV  off_shell_Omega=     91.7924 meV
     lambda___(   4 )=       0.000000   gamma___=       0.000000 meV  omega=    102.3367 meV   on_shell_Omega=    102.3389 meV  off_shell_Omega=    102.3389 meV
     lambda_tr(   4 )=      -0.000000   gamma_tr=      -0.000000 meV  omega=    102.3367 meV   on_shell_Omega=    102.3389 meV  off_shell_Omega=    102.3389 meV
     lambda___(   5 )=       0.000000   gamma___=       0.000000 meV  omega=    182.4124 meV   on_shell_Omega=    182.6738 meV  off_shell_Omega=    182.7242 meV
     lambda_tr(   5 )=       0.000000   gamma_tr=       0.000000 meV  omega=    182.4124 meV   on_shell_Omega=    182.6738 meV  off_shell_Omega=    182.7242 meV
     lambda___(   6 )=       0.000000   gamma___=       0.000000 meV  omega=    197.6739 meV   on_shell_Omega=    197.8967 meV  off_shell_Omega=    197.7705 meV
     lambda_tr(   6 )=       0.000000   gamma_tr=       0.000000 meV  omega=    197.6739 meV   on_shell_Omega=    197.8967 meV  off_shell_Omega=    197.7705 meV
     lambda___( tot )=       0.000000
     lambda_tr( tot )=       0.000000
     -------------------------------------------------------------------


     Number of (k,k+q) pairs on the Fermi surface:      324 out of      324


     ismear =     1 iq =      41 coord.:   0.11111  0.22222  0.00000 wt:   0.00309 Temp:  300.000K
     -------------------------------------------------------------------
     lambda___(   1 )=      -0.000000   gamma___=      -0.000000 meV  omega=     25.3925 meV   on_shell_Omega=     25.3842 meV  off_shell_Omega=     25.3842 meV
     lambda_tr(   1 )=       0.000000   gamma_tr=       0.000000 meV  omega=     25.3925 meV   on_shell_Omega=     25.3842 meV  off_shell_Omega=     25.3842 meV
     lambda___(   2 )=       0.000000   gamma___=       0.000000 meV  omega=     72.0901 meV   on_shell_Omega=     72.1215 meV  off_shell_Omega=     72.1215 meV
     lambda_tr(   2 )=       0.000000   gamma_tr=       0.000000 meV  omega=     72.0901 meV   on_shell_Omega=     72.1215 meV  off_shell_Omega=     72.1215 meV
     lambda___(   3 )=       0.000000   gamma___=       0.000000 meV  omega=     98.7579 meV   on_shell_Omega=     98.7672 meV  off_shell_Omega=     98.7672 meV
     lambda_tr(   3 )=       0.000000   gamma_tr=       0.000000 meV  omega=     98.7579 meV   on_shell_Omega=     98.7672 meV  off_shell_Omega=     98.7672 meV
     lambda___(   4 )=       0.000000   gamma___=       0.000000 meV  omega=    108.1926 meV   on_shell_Omega=    108.2098 meV  off_shell_Omega=    108.2098 meV
     lambda_tr(   4 )=       0.000000   gamma_tr=       0.000000 meV  omega=    108.1926 meV   on_shell_Omega=    108.2098 meV  off_shell_Omega=    108.2098 meV
     lambda___(   5 )=       0.000000   gamma___=       0.000000 meV  omega=    178.9211 meV   on_shell_Omega=    179.1468 meV  off_shell_Omega=    179.2269 meV
     lambda_tr(   5 )=       0.000000   gamma_tr=       0.000000 meV  omega=    178.9211 meV   on_shell_Omega=    179.1468 meV  off_shell_Omega=    179.2269 meV
     lambda___(   6 )=       0.000000   gamma___=       0.000000 meV  omega=    194.0005 meV   on_shell_Omega=    194.1422 meV  off_shell_Omega=    194.0953 meV
     lambda_tr(   6 )=       0.000000   gamma_tr=       0.000000 meV  omega=    194.0005 meV   on_shell_Omega=    194.1422 meV  off_shell_Omega=    194.0953 meV
     lambda___( tot )=       0.000000
     lambda_tr( tot )=       0.000000
     -------------------------------------------------------------------


     Number of (k,k+q) pairs on the Fermi surface:      324 out of      324


     ismear =     1 iq =      42 coord.:   0.11111  0.27778  0.00000 wt:   0.00309 Temp:  300.000K
     -------------------------------------------------------------------
     lambda___(   1 )=       0.000000   gamma___=       0.000000 meV  omega=     34.4555 meV   on_shell_Omega=     34.4499 meV  off_shell_Omega=     34.4499 meV
     lambda_tr(   1 )=       0.000000   gamma_tr=       0.000000 meV  omega=     34.4555 meV   on_shell_Omega=     34.4499 meV  off_shell_Omega=     34.4499 meV
     lambda___(   2 )=       0.000000   gamma___=       0.000000 meV  omega=     79.2212 meV   on_shell_Omega=     79.2369 meV  off_shell_Omega=     79.2369 meV
     lambda_tr(   2 )=       0.000000   gamma_tr=       0.000000 meV  omega=     79.2212 meV   on_shell_Omega=     79.2369 meV  off_shell_Omega=     79.2369 meV
     lambda___(   3 )=       0.000000   gamma___=       0.000000 meV  omega=     93.9181 meV   on_shell_Omega=     93.9418 meV  off_shell_Omega=     93.9418 meV
     lambda_tr(   3 )=       0.000000   gamma_tr=       0.000000 meV  omega=     93.9181 meV   on_shell_Omega=     93.9418 meV  off_shell_Omega=     93.9418 meV
     lambda___(   4 )=       0.000000   gamma___=       0.000000 meV  omega=    123.9329 meV   on_shell_Omega=    123.9558 meV  off_shell_Omega=    123.9558 meV
     lambda_tr(   4 )=       0.000000   gamma_tr=       0.000000 meV  omega=    123.9329 meV   on_shell_Omega=    123.9558 meV  off_shell_Omega=    123.9558 meV
     lambda___(   5 )=       0.000000   gamma___=       0.000000 meV  omega=    176.4468 meV   on_shell_Omega=    176.6173 meV  off_shell_Omega=    176.5330 meV
     lambda_tr(   5 )=       0.000000   gamma_tr=       0.000000 meV  omega=    176.4468 meV   on_shell_Omega=    176.6173 meV  off_shell_Omega=    176.5330 meV
     lambda___(   6 )=       0.000000   gamma___=       0.000000 meV  omega=    188.8167 meV   on_shell_Omega=    188.8913 meV  off_shell_Omega=    188.8913 meV
     lambda_tr(   6 )=       0.000000   gamma_tr=       0.000000 meV  omega=    188.8167 meV   on_shell_Omega=    188.8913 meV  off_shell_Omega=    188.8913 meV
     lambda___( tot )=       0.000000
     lambda_tr( tot )=       0.000000
     -------------------------------------------------------------------


     Number of (k,k+q) pairs on the Fermi surface:      324 out of      324


     ismear =     1 iq =      43 coord.:   0.11111  0.33333  0.00000 wt:   0.00309 Temp:  300.000K
     -------------------------------------------------------------------
     lambda___(   1 )=       0.000000   gamma___=       0.000000 meV  omega=     44.1852 meV   on_shell_Omega=     44.2074 meV  off_shell_Omega=     44.2074 meV
     lambda_tr(   1 )=       0.000000   gamma_tr=       0.000000 meV  omega=     44.1852 meV   on_shell_Omega=     44.2074 meV  off_shell_Omega=     44.2074 meV
     lambda___(   2 )=       0.000000   gamma___=       0.000000 meV  omega=     84.1870 meV   on_shell_Omega=     84.1960 meV  off_shell_Omega=     84.1960 meV
     lambda_tr(   2 )=       0.000000   gamma_tr=       0.000000 meV  omega=     84.1870 meV   on_shell_Omega=     84.1960 meV  off_shell_Omega=     84.1960 meV
     lambda___(   3 )=       0.000000   gamma___=       0.000000 meV  omega=     87.7798 meV   on_shell_Omega=     87.8111 meV  off_shell_Omega=     87.8111 meV
     lambda_tr(   3 )=       0.000000   gamma_tr=       0.000000 meV  omega=     87.7798 meV   on_shell_Omega=     87.8111 meV  off_shell_Omega=     87.8111 meV
     lambda___(   4 )=       0.000000   gamma___=       0.000000 meV  omega=    138.6531 meV   on_shell_Omega=    138.6726 meV  off_shell_Omega=    138.6726 meV
     lambda_tr(   4 )=       0.000000   gamma_tr=       0.000000 meV  omega=    138.6531 meV   on_shell_Omega=    138.6726 meV  off_shell_Omega=    138.6726 meV
     lambda___(   5 )=       0.000000   gamma___=       0.000000 meV  omega=    174.5361 meV   on_shell_Omega=    174.7094 meV  off_shell_Omega=    174.6213 meV
     lambda_tr(   5 )=       0.000000   gamma_tr=       0.000000 meV  omega=    174.5361 meV   on_shell_Omega=    174.7094 meV  off_shell_Omega=    174.6213 meV
     lambda___(   6 )=       0.000000   gamma___=       0.000000 meV  omega=    182.1617 meV   on_shell_Omega=    182.2154 meV  off_shell_Omega=    182.2154 meV
     lambda_tr(   6 )=       0.000000   gamma_tr=       0.000000 meV  omega=    182.1617 meV   on_shell_Omega=    182.2154 meV  off_shell_Omega=    182.2154 meV
     lambda___( tot )=       0.000000
     lambda_tr( tot )=       0.000000
     -------------------------------------------------------------------


     Number of (k,k+q) pairs on the Fermi surface:      324 out of      324


     ismear =     1 iq =      44 coord.:   0.11111  0.38889  0.00000 wt:   0.00309 Temp:  300.000K
     -------------------------------------------------------------------
     lambda___(   1 )=       0.000000   gamma___=       0.000000 meV  omega=     53.3438 meV   on_shell_Omega=     53.3677 meV  off_shell_Omega=     53.3677 meV
     lambda_tr(   1 )=       0.000000   gamma_tr=       0.000000 meV  omega=     53.3438 meV   on_shell_Omega=     53.3677 meV  off_shell_Omega=     53.3677 meV
     lambda___(   2 )=       0.000000   gamma___=       0.000000 meV  omega=     81.0127 meV   on_shell_Omega=     81.0483 meV  off_shell_Omega=     81.0483 meV
     lambda_tr(   2 )=       0.000000   gamma_tr=       0.000000 meV  omega=     81.0127 meV   on_shell_Omega=     81.0483 meV  off_shell_Omega=     81.0483 meV
     lambda___(   3 )=       0.000000   gamma___=       0.000000 meV  omega=     87.3777 meV   on_shell_Omega=     87.3812 meV  off_shell_Omega=     87.3812 meV
     lambda_tr(   3 )=       0.000000   gamma_tr=       0.000000 meV  omega=     87.3777 meV   on_shell_Omega=     87.3812 meV  off_shell_Omega=     87.3812 meV
     lambda___(   4 )=       0.000000   gamma___=       0.000000 meV  omega=    151.9061 meV   on_shell_Omega=    151.9183 meV  off_shell_Omega=    151.9183 meV
     lambda_tr(   4 )=       0.000000   gamma_tr=       0.000000 meV  omega=    151.9061 meV   on_shell_Omega=    151.9183 meV  off_shell_Omega=    151.9183 meV
     lambda___(   5 )=       0.000000   gamma___=       0.000000 meV  omega=    172.5554 meV   on_shell_Omega=    172.6356 meV  off_shell_Omega=    172.6356 meV
     lambda_tr(   5 )=       0.000000   gamma_tr=       0.000000 meV  omega=    172.5554 meV   on_shell_Omega=    172.6356 meV  off_shell_Omega=    172.6356 meV
     lambda___(   6 )=       0.000000   gamma___=       0.000000 meV  omega=    174.2980 meV   on_shell_Omega=    174.4517 meV  off_shell_Omega=    174.3831 meV
     lambda_tr(   6 )=       0.000000   gamma_tr=       0.000000 meV  omega=    174.2980 meV   on_shell_Omega=    174.4517 meV  off_shell_Omega=    174.3831 meV
     lambda___( tot )=       0.000000
     lambda_tr( tot )=       0.000000
     -------------------------------------------------------------------


     Number of (k,k+q) pairs on the Fermi surface:      324 out of      324


     ismear =     1 iq =      45 coord.:   0.11111  0.44444  0.00000 wt:   0.00309 Temp:  300.000K
     -------------------------------------------------------------------
     lambda___(   1 )=      -0.000000   gamma___=      -0.000000 meV  omega=     58.1244 meV   on_shell_Omega=     58.1456 meV  off_shell_Omega=     58.1456 meV
     lambda_tr(   1 )=      -0.000000   gamma_tr=      -0.000000 meV  omega=     58.1244 meV   on_shell_Omega=     58.1456 meV  off_shell_Omega=     58.1456 meV
     lambda___(   2 )=      -0.000000   gamma___=      -0.000000 meV  omega=     77.0665 meV   on_shell_Omega=     77.1081 meV  off_shell_Omega=     77.1081 meV
     lambda_tr(   2 )=      -0.000000   gamma_tr=      -0.000000 meV  omega=     77.0665 meV   on_shell_Omega=     77.1081 meV  off_shell_Omega=     77.1081 meV
     lambda___(   3 )=      -0.000000   gamma___=      -0.000000 meV  omega=     88.5320 meV   on_shell_Omega=     88.5342 meV  off_shell_Omega=     88.5342 meV
     lambda_tr(   3 )=      -0.000000   gamma_tr=      -0.000000 meV  omega=     88.5320 meV   on_shell_Omega=     88.5342 meV  off_shell_Omega=     88.5342 meV
     lambda___(   4 )=       0.000000   gamma___=       0.000000 meV  omega=    162.1684 meV   on_shell_Omega=    162.1496 meV  off_shell_Omega=    162.1496 meV
     lambda_tr(   4 )=       0.000000   gamma_tr=       0.000000 meV  omega=    162.1684 meV   on_shell_Omega=    162.1496 meV  off_shell_Omega=    162.1496 meV
     lambda___(   5 )=      -0.000000   gamma___=      -0.000000 meV  omega=    165.0811 meV   on_shell_Omega=    165.1142 meV  off_shell_Omega=    165.1142 meV
     lambda_tr(   5 )=      -0.000000   gamma_tr=      -0.000000 meV  omega=    165.0811 meV   on_shell_Omega=    165.1142 meV  off_shell_Omega=    165.1142 meV
     lambda___(   6 )=      -0.000000   gamma___=      -0.000000 meV  omega=    172.4963 meV   on_shell_Omega=    172.7110 meV  off_shell_Omega=    172.5805 meV
     lambda_tr(   6 )=      -0.000000   gamma_tr=      -0.000000 meV  omega=    172.4963 meV   on_shell_Omega=    172.7110 meV  off_shell_Omega=    172.5805 meV
     lambda___( tot )=      -0.000000
     lambda_tr( tot )=      -0.000000
     -------------------------------------------------------------------


     Number of (k,k+q) pairs on the Fermi surface:      324 out of      324


     ismear =     1 iq =      46 coord.:   0.11111  0.50000  0.00000 wt:   0.00309 Temp:  300.000K
     -------------------------------------------------------------------
     lambda___(   1 )=      -0.000000   gamma___=      -0.000000 meV  omega=     53.3438 meV   on_shell_Omega=     53.3673 meV  off_shell_Omega=     53.3673 meV
     lambda_tr(   1 )=      -0.000000   gamma_tr=      -0.000000 meV  omega=     53.3438 meV   on_shell_Omega=     53.3673 meV  off_shell_Omega=     53.3673 meV
     lambda___(   2 )=       0.000000   gamma___=       0.000000 meV  omega=     81.0127 meV   on_shell_Omega=     81.0472 meV  off_shell_Omega=     81.0472 meV
     lambda_tr(   2 )=       0.000000   gamma_tr=       0.000000 meV  omega=     81.0127 meV   on_shell_Omega=     81.0472 meV  off_shell_Omega=     81.0472 meV
     lambda___(   3 )=       0.000000   gamma___=       0.000000 meV  omega=     87.3777 meV   on_shell_Omega=     87.3816 meV  off_shell_Omega=     87.3816 meV
     lambda_tr(   3 )=       0.000000   gamma_tr=       0.000000 meV  omega=     87.3777 meV   on_shell_Omega=     87.3816 meV  off_shell_Omega=     87.3816 meV
     lambda___(   4 )=       0.000000   gamma___=       0.000000 meV  omega=    151.9061 meV   on_shell_Omega=    151.9172 meV  off_shell_Omega=    151.9172 meV
     lambda_tr(   4 )=       0.000000   gamma_tr=       0.000000 meV  omega=    151.9061 meV   on_shell_Omega=    151.9172 meV  off_shell_Omega=    151.9172 meV
     lambda___(   5 )=       0.000000   gamma___=       0.000000 meV  omega=    172.5554 meV   on_shell_Omega=    172.6339 meV  off_shell_Omega=    172.6339 meV
     lambda_tr(   5 )=       0.000000   gamma_tr=       0.000000 meV  omega=    172.5554 meV   on_shell_Omega=    172.6339 meV  off_shell_Omega=    172.6339 meV
     lambda___(   6 )=       0.000000   gamma___=       0.000000 meV  omega=    174.2980 meV   on_shell_Omega=    174.4492 meV  off_shell_Omega=    174.3831 meV
     lambda_tr(   6 )=       0.000000   gamma_tr=       0.000000 meV  omega=    174.2980 meV   on_shell_Omega=    174.4492 meV  off_shell_Omega=    174.3831 meV
     lambda___( tot )=       0.000000
     lambda_tr( tot )=       0.000000
     -------------------------------------------------------------------


     Number of (k,k+q) pairs on the Fermi surface:      324 out of      324


     ismear =     1 iq =      47 coord.:   0.11111  0.55556  0.00000 wt:   0.00309 Temp:  300.000K
     -------------------------------------------------------------------
     lambda___(   1 )=       0.000000   gamma___=       0.000000 meV  omega=     44.1852 meV   on_shell_Omega=     44.2065 meV  off_shell_Omega=     44.2065 meV
     lambda_tr(   1 )=      -0.000000   gamma_tr=      -0.000000 meV  omega=     44.1852 meV   on_shell_Omega=     44.2065 meV  off_shell_Omega=     44.2065 meV
     lambda___(   2 )=       0.000000   gamma___=       0.000000 meV  omega=     84.1870 meV   on_shell_Omega=     84.1952 meV  off_shell_Omega=     84.1952 meV
     lambda_tr(   2 )=       0.000000   gamma_tr=       0.000000 meV  omega=     84.1870 meV   on_shell_Omega=     84.1952 meV  off_shell_Omega=     84.1952 meV
     lambda___(   3 )=       0.000000   gamma___=       0.000000 meV  omega=     87.7798 meV   on_shell_Omega=     87.8091 meV  off_shell_Omega=     87.8091 meV
     lambda_tr(   3 )=       0.000000   gamma_tr=       0.000000 meV  omega=     87.7798 meV   on_shell_Omega=     87.8091 meV  off_shell_Omega=     87.8091 meV
     lambda___(   4 )=       0.000000   gamma___=       0.000000 meV  omega=    138.6531 meV   on_shell_Omega=    138.6707 meV  off_shell_Omega=    138.6707 meV
     lambda_tr(   4 )=       0.000000   gamma_tr=       0.000000 meV  omega=    138.6531 meV   on_shell_Omega=    138.6707 meV  off_shell_Omega=    138.6707 meV
     lambda___(   5 )=       0.000000   gamma___=       0.000000 meV  omega=    174.5361 meV   on_shell_Omega=    174.7118 meV  off_shell_Omega=    174.6213 meV
     lambda_tr(   5 )=       0.000000   gamma_tr=       0.000000 meV  omega=    174.5361 meV   on_shell_Omega=    174.7118 meV  off_shell_Omega=    174.6213 meV
     lambda___(   6 )=       0.000000   gamma___=       0.000000 meV  omega=    182.1617 meV   on_shell_Omega=    182.2152 meV  off_shell_Omega=    182.2152 meV
     lambda_tr(   6 )=       0.000000   gamma_tr=       0.000000 meV  omega=    182.1617 meV   on_shell_Omega=    182.2152 meV  off_shell_Omega=    182.2152 meV
     lambda___( tot )=       0.000000
     lambda_tr( tot )=       0.000000
     -------------------------------------------------------------------


     Number of (k,k+q) pairs on the Fermi surface:      324 out of      324


     ismear =     1 iq =      48 coord.:   0.11111  0.61111  0.00000 wt:   0.00309 Temp:  300.000K
     -------------------------------------------------------------------
     lambda___(   1 )=       0.000000   gamma___=       0.000000 meV  omega=     34.4555 meV   on_shell_Omega=     34.4526 meV  off_shell_Omega=     34.4526 meV
     lambda_tr(   1 )=       0.000000   gamma_tr=       0.000000 meV  omega=     34.4555 meV   on_shell_Omega=     34.4526 meV  off_shell_Omega=     34.4526 meV
     lambda___(   2 )=       0.000000   gamma___=       0.000000 meV  omega=     79.2212 meV   on_shell_Omega=     79.2355 meV  off_shell_Omega=     79.2355 meV
     lambda_tr(   2 )=       0.000000   gamma_tr=       0.000000 meV  omega=     79.2212 meV   on_shell_Omega=     79.2355 meV  off_shell_Omega=     79.2355 meV
     lambda___(   3 )=       0.000000   gamma___=       0.000000 meV  omega=     93.9181 meV   on_shell_Omega=     93.9406 meV  off_shell_Omega=     93.9406 meV
     lambda_tr(   3 )=       0.000000   gamma_tr=       0.000000 meV  omega=     93.9181 meV   on_shell_Omega=     93.9406 meV  off_shell_Omega=     93.9406 meV
     lambda___(   4 )=       0.000000   gamma___=       0.000000 meV  omega=    123.9329 meV   on_shell_Omega=    123.9544 meV  off_shell_Omega=    123.9544 meV
     lambda_tr(   4 )=       0.000000   gamma_tr=       0.000000 meV  omega=    123.9329 meV   on_shell_Omega=    123.9544 meV  off_shell_Omega=    123.9544 meV
     lambda___(   5 )=       0.000000   gamma___=       0.000000 meV  omega=    176.4468 meV   on_shell_Omega=    176.6164 meV  off_shell_Omega=    176.5330 meV
     lambda_tr(   5 )=       0.000000   gamma_tr=       0.000000 meV  omega=    176.4468 meV   on_shell_Omega=    176.6164 meV  off_shell_Omega=    176.5330 meV
     lambda___(   6 )=       0.000000   gamma___=       0.000000 meV  omega=    188.8167 meV   on_shell_Omega=    188.8912 meV  off_shell_Omega=    188.8912 meV
     lambda_tr(   6 )=       0.000000   gamma_tr=       0.000000 meV  omega=    188.8167 meV   on_shell_Omega=    188.8912 meV  off_shell_Omega=    188.8912 meV
     lambda___( tot )=       0.000000
     lambda_tr( tot )=       0.000000
     -------------------------------------------------------------------


     Number of (k,k+q) pairs on the Fermi surface:      324 out of      324


     ismear =     1 iq =      49 coord.:   0.11111  0.66667  0.00000 wt:   0.00309 Temp:  300.000K
     -------------------------------------------------------------------
     lambda___(   1 )=       0.000000   gamma___=       0.000000 meV  omega=     25.3925 meV   on_shell_Omega=     25.3849 meV  off_shell_Omega=     25.3849 meV
     lambda_tr(   1 )=       0.000000   gamma_tr=       0.000000 meV  omega=     25.3925 meV   on_shell_Omega=     25.3849 meV  off_shell_Omega=     25.3849 meV
     lambda___(   2 )=       0.000000   gamma___=       0.000000 meV  omega=     72.0901 meV   on_shell_Omega=     72.1211 meV  off_shell_Omega=     72.1211 meV
     lambda_tr(   2 )=       0.000000   gamma_tr=       0.000000 meV  omega=     72.0901 meV   on_shell_Omega=     72.1211 meV  off_shell_Omega=     72.1211 meV
     lambda___(   3 )=       0.000000   gamma___=       0.000000 meV  omega=     98.7579 meV   on_shell_Omega=     98.7668 meV  off_shell_Omega=     98.7668 meV
     lambda_tr(   3 )=       0.000000   gamma_tr=       0.000000 meV  omega=     98.7579 meV   on_shell_Omega=     98.7668 meV  off_shell_Omega=     98.7668 meV
     lambda___(   4 )=       0.000000   gamma___=       0.000000 meV  omega=    108.1926 meV   on_shell_Omega=    108.2101 meV  off_shell_Omega=    108.2101 meV
     lambda_tr(   4 )=       0.000000   gamma_tr=       0.000000 meV  omega=    108.1926 meV   on_shell_Omega=    108.2101 meV  off_shell_Omega=    108.2101 meV
     lambda___(   5 )=       0.000000   gamma___=       0.000000 meV  omega=    178.9211 meV   on_shell_Omega=    179.1453 meV  off_shell_Omega=    179.2269 meV
     lambda_tr(   5 )=       0.000000   gamma_tr=       0.000000 meV  omega=    178.9211 meV   on_shell_Omega=    179.1453 meV  off_shell_Omega=    179.2269 meV
     lambda___(   6 )=       0.000000   gamma___=       0.000000 meV  omega=    194.0005 meV   on_shell_Omega=    194.1434 meV  off_shell_Omega=    194.0953 meV
     lambda_tr(   6 )=       0.000000   gamma_tr=       0.000000 meV  omega=    194.0005 meV   on_shell_Omega=    194.1434 meV  off_shell_Omega=    194.0953 meV
     lambda___( tot )=       0.000000
     lambda_tr( tot )=       0.000000
     -------------------------------------------------------------------


     Number of (k,k+q) pairs on the Fermi surface:      324 out of      324


     ismear =     1 iq =      50 coord.:   0.11111  0.72222  0.00000 wt:   0.00309 Temp:  300.000K
     -------------------------------------------------------------------
     lambda___(   1 )=       0.000000   gamma___=       0.000000 meV  omega=     17.5406 meV   on_shell_Omega=     17.5481 meV  off_shell_Omega=     17.5481 meV
     lambda_tr(   1 )=       0.000000   gamma_tr=       0.000000 meV  omega=     17.5406 meV   on_shell_Omega=     17.5481 meV  off_shell_Omega=     17.5481 meV
     lambda___(   2 )=       0.000000   gamma___=       0.000000 meV  omega=     62.3017 meV   on_shell_Omega=     62.3490 meV  off_shell_Omega=     62.3490 meV
     lambda_tr(   2 )=       0.000000   gamma_tr=       0.000000 meV  omega=     62.3017 meV   on_shell_Omega=     62.3490 meV  off_shell_Omega=     62.3490 meV
     lambda___(   3 )=       0.000000   gamma___=       0.000000 meV  omega=     91.7904 meV   on_shell_Omega=     91.7919 meV  off_shell_Omega=     91.7919 meV
     lambda_tr(   3 )=       0.000000   gamma_tr=       0.000000 meV  omega=     91.7904 meV   on_shell_Omega=     91.7919 meV  off_shell_Omega=     91.7919 meV
     lambda___(   4 )=       0.000000   gamma___=       0.000000 meV  omega=    102.3367 meV   on_shell_Omega=    102.3386 meV  off_shell_Omega=    102.3386 meV
     lambda_tr(   4 )=       0.000000   gamma_tr=       0.000000 meV  omega=    102.3367 meV   on_shell_Omega=    102.3386 meV  off_shell_Omega=    102.3386 meV
     lambda___(   5 )=       0.000000   gamma___=       0.000000 meV  omega=    182.4124 meV   on_shell_Omega=    182.6815 meV  off_shell_Omega=    182.7242 meV
     lambda_tr(   5 )=       0.000000   gamma_tr=       0.000000 meV  omega=    182.4124 meV   on_shell_Omega=    182.6815 meV  off_shell_Omega=    182.7242 meV
     lambda___(   6 )=       0.000000   gamma___=       0.000000 meV  omega=    197.6739 meV   on_shell_Omega=    197.8982 meV  off_shell_Omega=    197.7705 meV
     lambda_tr(   6 )=       0.000000   gamma_tr=       0.000000 meV  omega=    197.6739 meV   on_shell_Omega=    197.8982 meV  off_shell_Omega=    197.7705 meV
     lambda___( tot )=       0.000000
     lambda_tr( tot )=       0.000000
     -------------------------------------------------------------------


     Number of (k,k+q) pairs on the Fermi surface:      324 out of      324


     ismear =     1 iq =      51 coord.:   0.11111  0.77778  0.00000 wt:   0.00309 Temp:  300.000K
     -------------------------------------------------------------------
     lambda___(   1 )=      -0.000000   gamma___=      -0.000000 meV  omega=     11.1119 meV   on_shell_Omega=     11.1261 meV  off_shell_Omega=     11.1261 meV
     lambda_tr(   1 )=      -0.000000   gamma_tr=      -0.000000 meV  omega=     11.1119 meV   on_shell_Omega=     11.1261 meV  off_shell_Omega=     11.1261 meV
     lambda___(   2 )=       0.000000   gamma___=       0.000000 meV  omega=     50.4214 meV   on_shell_Omega=     50.4966 meV  off_shell_Omega=     50.4966 meV
     lambda_tr(   2 )=      -0.000000   gamma_tr=      -0.000000 meV  omega=     50.4214 meV   on_shell_Omega=     50.4966 meV  off_shell_Omega=     50.4966 meV
     lambda___(   3 )=       0.000000   gamma___=       0.000000 meV  omega=     75.0990 meV   on_shell_Omega=     75.0851 meV  off_shell_Omega=     75.0851 meV
     lambda_tr(   3 )=       0.000000   gamma_tr=       0.000000 meV  omega=     75.0990 meV   on_shell_Omega=     75.0851 meV  off_shell_Omega=     75.0851 meV
     lambda___(   4 )=       0.000000   gamma___=       0.000000 meV  omega=    104.8688 meV   on_shell_Omega=    104.8707 meV  off_shell_Omega=    104.8707 meV
     lambda_tr(   4 )=      -0.000000   gamma_tr=      -0.000000 meV  omega=    104.8688 meV   on_shell_Omega=    104.8707 meV  off_shell_Omega=    104.8707 meV
     lambda___(   5 )=       0.000000   gamma___=       0.000000 meV  omega=    186.3498 meV   on_shell_Omega=    186.5823 meV  off_shell_Omega=    186.6682 meV
     lambda_tr(   5 )=       0.000000   gamma_tr=       0.000000 meV  omega=    186.3498 meV   on_shell_Omega=    186.5823 meV  off_shell_Omega=    186.6682 meV
     lambda___(   6 )=       0.000000   gamma___=       0.000000 meV  omega=    199.4338 meV   on_shell_Omega=    199.7749 meV  off_shell_Omega=    199.7746 meV
     lambda_tr(   6 )=       0.000000   gamma_tr=       0.000000 meV  omega=    199.4338 meV   on_shell_Omega=    199.7749 meV  off_shell_Omega=    199.7746 meV
     lambda___( tot )=       0.000000
     lambda_tr( tot )=       0.000000
     -------------------------------------------------------------------


     Number of (k,k+q) pairs on the Fermi surface:      324 out of      324


     ismear =     1 iq =      52 coord.:   0.11111  0.83333  0.00000 wt:   0.00309 Temp:  300.000K
     -------------------------------------------------------------------
     lambda___(   1 )=      -0.000000   gamma___=      -0.000000 meV  omega=      6.3702 meV   on_shell_Omega=      6.3953 meV  off_shell_Omega=      6.3953 meV
     lambda_tr(   1 )=      -0.000000   gamma_tr=      -0.000000 meV  omega=      6.3702 meV   on_shell_Omega=      6.3953 meV  off_shell_Omega=      6.3953 meV
     lambda___(   2 )=       0.000000   gamma___=       0.000000 meV  omega=     38.3724 meV   on_shell_Omega=     38.4477 meV  off_shell_Omega=     38.4477 meV
     lambda_tr(   2 )=       0.000000   gamma_tr=       0.000000 meV  omega=     38.3724 meV   on_shell_Omega=     38.4477 meV  off_shell_Omega=     38.4477 meV
     lambda___(   3 )=       0.000000   gamma___=       0.000000 meV  omega=     59.1544 meV   on_shell_Omega=     59.1608 meV  off_shell_Omega=     59.1608 meV
     lambda_tr(   3 )=       0.000000   gamma_tr=       0.000000 meV  omega=     59.1544 meV   on_shell_Omega=     59.1608 meV  off_shell_Omega=     59.1608 meV
     lambda___(   4 )=       0.000000   gamma___=       0.000000 meV  omega=    106.5347 meV   on_shell_Omega=    106.5353 meV  off_shell_Omega=    106.5353 meV
     lambda_tr(   4 )=       0.000000   gamma_tr=       0.000000 meV  omega=    106.5347 meV   on_shell_Omega=    106.5353 meV  off_shell_Omega=    106.5353 meV
     lambda___(   5 )=       0.000000   gamma___=       0.000000 meV  omega=    189.5059 meV   on_shell_Omega=    189.7228 meV  off_shell_Omega=    189.5984 meV
     lambda_tr(   5 )=       0.000000   gamma_tr=       0.000000 meV  omega=    189.5059 meV   on_shell_Omega=    189.7228 meV  off_shell_Omega=    189.5984 meV
     lambda___(   6 )=       0.000000   gamma___=       0.000000 meV  omega=    199.0541 meV   on_shell_Omega=    199.5842 meV  off_shell_Omega=    199.6373 meV
     lambda_tr(   6 )=       0.000000   gamma_tr=       0.000000 meV  omega=    199.0541 meV   on_shell_Omega=    199.5842 meV  off_shell_Omega=    199.6373 meV
     lambda___( tot )=       0.000000
     lambda_tr( tot )=       0.000000
     -------------------------------------------------------------------


     Number of (k,k+q) pairs on the Fermi surface:      324 out of      324


     ismear =     1 iq =      53 coord.:   0.11111  0.88889  0.00000 wt:   0.00309 Temp:  300.000K
     -------------------------------------------------------------------
     lambda___(   1 )=       0.000000   gamma___=       0.000000 meV  omega=      3.9197 meV   on_shell_Omega=      3.9554 meV  off_shell_Omega=      3.9554 meV
     lambda_tr(   1 )=       0.000000   gamma_tr=       0.000000 meV  omega=      3.9197 meV   on_shell_Omega=      3.9554 meV  off_shell_Omega=      3.9554 meV
     lambda___(   2 )=       0.000000   gamma___=       0.000000 meV  omega=     29.1767 meV   on_shell_Omega=     29.1620 meV  off_shell_Omega=     29.1620 meV
     lambda_tr(   2 )=       0.000000   gamma_tr=       0.000000 meV  omega=     29.1767 meV   on_shell_Omega=     29.1620 meV  off_shell_Omega=     29.1620 meV
     lambda___(   3 )=       0.000000   gamma___=       0.000000 meV  omega=     46.3377 meV   on_shell_Omega=     46.3714 meV  off_shell_Omega=     46.3714 meV
     lambda_tr(   3 )=       0.000000   gamma_tr=       0.000000 meV  omega=     46.3377 meV   on_shell_Omega=     46.3714 meV  off_shell_Omega=     46.3714 meV
     lambda___(   4 )=       0.000000   gamma___=       0.000000 meV  omega=    107.4612 meV   on_shell_Omega=    107.4623 meV  off_shell_Omega=    107.4623 meV
     lambda_tr(   4 )=       0.000000   gamma_tr=       0.000000 meV  omega=    107.4612 meV   on_shell_Omega=    107.4623 meV  off_shell_Omega=    107.4623 meV
     lambda___(   5 )=       0.000000   gamma___=       0.000000 meV  omega=    191.2712 meV   on_shell_Omega=    191.5128 meV  off_shell_Omega=    191.5981 meV
     lambda_tr(   5 )=       0.000000   gamma_tr=       0.000000 meV  omega=    191.2712 meV   on_shell_Omega=    191.5128 meV  off_shell_Omega=    191.5981 meV
     lambda___(   6 )=       0.000000   gamma___=       0.000000 meV  omega=    197.4269 meV   on_shell_Omega=    198.2253 meV  off_shell_Omega=    198.2463 meV
     lambda_tr(   6 )=       0.000000   gamma_tr=       0.000000 meV  omega=    197.4269 meV   on_shell_Omega=    198.2253 meV  off_shell_Omega=    198.2463 meV
     lambda___( tot )=       0.000000
     lambda_tr( tot )=       0.000000
     -------------------------------------------------------------------


     Number of (k,k+q) pairs on the Fermi surface:      324 out of      324


     ismear =     1 iq =      54 coord.:   0.11111  0.94444  0.00000 wt:   0.00309 Temp:  300.000K
     -------------------------------------------------------------------
     lambda___(   1 )=       0.000000   gamma___=       0.000000 meV  omega=      3.4710 meV   on_shell_Omega=      3.5170 meV  off_shell_Omega=      3.5170 meV
     lambda_tr(   1 )=       0.000000   gamma_tr=       0.000000 meV  omega=      3.4710 meV   on_shell_Omega=      3.5170 meV  off_shell_Omega=      3.5170 meV
     lambda___(   2 )=       0.000000   gamma___=       0.000000 meV  omega=     25.8642 meV   on_shell_Omega=     25.9048 meV  off_shell_Omega=     25.9048 meV
     lambda_tr(   2 )=       0.000000   gamma_tr=       0.000000 meV  omega=     25.8642 meV   on_shell_Omega=     25.9048 meV  off_shell_Omega=     25.9048 meV
     lambda___(   3 )=      -0.000000   gamma___=      -0.000000 meV  omega=     40.9551 meV   on_shell_Omega=     40.9464 meV  off_shell_Omega=     40.9464 meV
     lambda_tr(   3 )=      -0.000000   gamma_tr=      -0.000000 meV  omega=     40.9551 meV   on_shell_Omega=     40.9464 meV  off_shell_Omega=     40.9464 meV
     lambda___(   4 )=      -0.000000   gamma___=      -0.000000 meV  omega=    107.7539 meV   on_shell_Omega=    107.7570 meV  off_shell_Omega=    107.7570 meV
     lambda_tr(   4 )=      -0.000000   gamma_tr=      -0.000000 meV  omega=    107.7539 meV   on_shell_Omega=    107.7570 meV  off_shell_Omega=    107.7570 meV
     lambda___(   5 )=       0.000000   gamma___=       0.000000 meV  omega=    191.8305 meV   on_shell_Omega=    192.0466 meV  off_shell_Omega=    191.9242 meV
     lambda_tr(   5 )=       0.000000   gamma_tr=       0.000000 meV  omega=    191.8305 meV   on_shell_Omega=    192.0466 meV  off_shell_Omega=    191.9242 meV
     lambda___(   6 )=       0.000000   gamma___=       0.000000 meV  omega=    196.4799 meV   on_shell_Omega=    197.3957 meV  off_shell_Omega=    197.2954 meV
     lambda_tr(   6 )=       0.000000   gamma_tr=       0.000000 meV  omega=    196.4799 meV   on_shell_Omega=    197.3957 meV  off_shell_Omega=    197.2954 meV
     lambda___( tot )=       0.000000
     lambda_tr( tot )=       0.000000
     -------------------------------------------------------------------


     Number of (k,k+q) pairs on the Fermi surface:      324 out of      324


     ismear =     1 iq =      55 coord.:   0.16667  0.00000  0.00000 wt:   0.00309 Temp:  300.000K
     -------------------------------------------------------------------
     lambda___(   1 )=       0.000000   gamma___=       0.000000 meV  omega=      8.4745 meV   on_shell_Omega=      8.4822 meV  off_shell_Omega=      8.4822 meV
     lambda_tr(   1 )=       0.000000   gamma_tr=       0.000000 meV  omega=      8.4745 meV   on_shell_Omega=      8.4822 meV  off_shell_Omega=      8.4822 meV
     lambda___(   2 )=       0.000000   gamma___=       0.000000 meV  omega=     41.7244 meV   on_shell_Omega=     41.7180 meV  off_shell_Omega=     41.7180 meV
     lambda_tr(   2 )=       0.000000   gamma_tr=       0.000000 meV  omega=     41.7244 meV   on_shell_Omega=     41.7180 meV  off_shell_Omega=     41.7180 meV
     lambda___(   3 )=       0.000000   gamma___=       0.000000 meV  omega=     67.8228 meV   on_shell_Omega=     67.8641 meV  off_shell_Omega=     67.8641 meV
     lambda_tr(   3 )=       0.000000   gamma_tr=       0.000000 meV  omega=     67.8228 meV   on_shell_Omega=     67.8641 meV  off_shell_Omega=     67.8641 meV
     lambda___(   4 )=       0.000000   gamma___=       0.000000 meV  omega=    105.8769 meV   on_shell_Omega=    105.8771 meV  off_shell_Omega=    105.8771 meV
     lambda_tr(   4 )=       0.000000   gamma_tr=       0.000000 meV  omega=    105.8769 meV   on_shell_Omega=    105.8771 meV  off_shell_Omega=    105.8771 meV
     lambda___(   5 )=       0.000000   gamma___=       0.000000 meV  omega=    188.3942 meV   on_shell_Omega=    188.6356 meV  off_shell_Omega=    188.7161 meV
     lambda_tr(   5 )=       0.000000   gamma_tr=       0.000000 meV  omega=    188.3942 meV   on_shell_Omega=    188.6356 meV  off_shell_Omega=    188.7161 meV
     lambda___(   6 )=       0.000000   gamma___=       0.000000 meV  omega=    199.4306 meV   on_shell_Omega=    199.8962 meV  off_shell_Omega=    200.0149 meV
     lambda_tr(   6 )=       0.000000   gamma_tr=       0.000000 meV  omega=    199.4306 meV   on_shell_Omega=    199.8962 meV  off_shell_Omega=    200.0149 meV
     lambda___( tot )=       0.000000
     lambda_tr( tot )=       0.000000
     -------------------------------------------------------------------


     Number of (k,k+q) pairs on the Fermi surface:      324 out of      324


     ismear =     1 iq =      56 coord.:   0.16667  0.05556  0.00000 wt:   0.00309 Temp:  300.000K
     -------------------------------------------------------------------
     lambda___(   1 )=      -0.000000   gamma___=      -0.000000 meV  omega=     12.1010 meV   on_shell_Omega=     12.1106 meV  off_shell_Omega=     12.1106 meV
     lambda_tr(   1 )=      -0.000000   gamma_tr=      -0.000000 meV  omega=     12.1010 meV   on_shell_Omega=     12.1106 meV  off_shell_Omega=     12.1106 meV
     lambda___(   2 )=       0.000000   gamma___=       0.000000 meV  omega=     50.0788 meV   on_shell_Omega=     50.1021 meV  off_shell_Omega=     50.1021 meV
     lambda_tr(   2 )=       0.000000   gamma_tr=       0.000000 meV  omega=     50.0788 meV   on_shell_Omega=     50.1021 meV  off_shell_Omega=     50.1021 meV
     lambda___(   3 )=       0.000000   gamma___=       0.000000 meV  omega=     79.0890 meV   on_shell_Omega=     79.1103 meV  off_shell_Omega=     79.1103 meV
     lambda_tr(   3 )=       0.000000   gamma_tr=       0.000000 meV  omega=     79.0890 meV   on_shell_Omega=     79.1103 meV  off_shell_Omega=     79.1103 meV
     lambda___(   4 )=       0.000000   gamma___=       0.000000 meV  omega=    104.5312 meV   on_shell_Omega=    104.5322 meV  off_shell_Omega=    104.5322 meV
     lambda_tr(   4 )=       0.000000   gamma_tr=       0.000000 meV  omega=    104.5312 meV   on_shell_Omega=    104.5322 meV  off_shell_Omega=    104.5322 meV
     lambda___(   5 )=       0.000000   gamma___=       0.000000 meV  omega=    186.0335 meV   on_shell_Omega=    186.2653 meV  off_shell_Omega=    186.3514 meV
     lambda_tr(   5 )=       0.000000   gamma_tr=       0.000000 meV  omega=    186.0335 meV   on_shell_Omega=    186.2653 meV  off_shell_Omega=    186.3514 meV
     lambda___(   6 )=       0.000000   gamma___=       0.000000 meV  omega=    199.4810 meV   on_shell_Omega=    199.8142 meV  off_shell_Omega=    199.8219 meV
     lambda_tr(   6 )=       0.000000   gamma_tr=       0.000000 meV  omega=    199.4810 meV   on_shell_Omega=    199.8142 meV  off_shell_Omega=    199.8219 meV
     lambda___( tot )=       0.000000
     lambda_tr( tot )=       0.000000
     -------------------------------------------------------------------


     Number of (k,k+q) pairs on the Fermi surface:      324 out of      324


     ismear =     1 iq =      57 coord.:   0.16667  0.11111  0.00000 wt:   0.00309 Temp:  300.000K
     -------------------------------------------------------------------
     lambda___(   1 )=      -0.000000   gamma___=      -0.000000 meV  omega=     17.5993 meV   on_shell_Omega=     17.6053 meV  off_shell_Omega=     17.6053 meV
     lambda_tr(   1 )=       0.000000   gamma_tr=       0.000000 meV  omega=     17.5993 meV   on_shell_Omega=     17.6053 meV  off_shell_Omega=     17.6053 meV
     lambda___(   2 )=       0.000000   gamma___=       0.000000 meV  omega=     62.0836 meV   on_shell_Omega=     62.1348 meV  off_shell_Omega=     62.1348 meV
     lambda_tr(   2 )=       0.000000   gamma_tr=       0.000000 meV  omega=     62.0836 meV   on_shell_Omega=     62.1348 meV  off_shell_Omega=     62.1348 meV
     lambda___(   3 )=       0.000000   gamma___=       0.000000 meV  omega=     91.6686 meV   on_shell_Omega=     91.6695 meV  off_shell_Omega=     91.6695 meV
     lambda_tr(   3 )=       0.000000   gamma_tr=       0.000000 meV  omega=     91.6686 meV   on_shell_Omega=     91.6695 meV  off_shell_Omega=     91.6695 meV
     lambda___(   4 )=       0.000000   gamma___=       0.000000 meV  omega=    102.3266 meV   on_shell_Omega=    102.3287 meV  off_shell_Omega=    102.3287 meV
     lambda_tr(   4 )=       0.000000   gamma_tr=       0.000000 meV  omega=    102.3266 meV   on_shell_Omega=    102.3287 meV  off_shell_Omega=    102.3287 meV
     lambda___(   5 )=       0.000000   gamma___=       0.000000 meV  omega=    182.5008 meV   on_shell_Omega=    182.7652 meV  off_shell_Omega=    182.8127 meV
     lambda_tr(   5 )=       0.000000   gamma_tr=       0.000000 meV  omega=    182.5008 meV   on_shell_Omega=    182.7652 meV  off_shell_Omega=    182.8127 meV
     lambda___(   6 )=       0.000000   gamma___=       0.000000 meV  omega=    197.7175 meV   on_shell_Omega=    197.9438 meV  off_shell_Omega=    197.8140 meV
     lambda_tr(   6 )=       0.000000   gamma_tr=       0.000000 meV  omega=    197.7175 meV   on_shell_Omega=    197.9438 meV  off_shell_Omega=    197.8140 meV
     lambda___( tot )=       0.000000
     lambda_tr( tot )=       0.000000
     -------------------------------------------------------------------


     Number of (k,k+q) pairs on the Fermi surface:      324 out of      324


     ismear =     1 iq =      58 coord.:   0.16667  0.16667  0.00000 wt:   0.00309 Temp:  300.000K
     -------------------------------------------------------------------
     lambda___(   1 )=      -0.000000   gamma___=      -0.000000 meV  omega=     24.3505 meV   on_shell_Omega=     24.3397 meV  off_shell_Omega=     24.3397 meV
     lambda_tr(   1 )=      -0.000000   gamma_tr=      -0.000000 meV  omega=     24.3505 meV   on_shell_Omega=     24.3397 meV  off_shell_Omega=     24.3397 meV
     lambda___(   2 )=       0.000000   gamma___=       0.000000 meV  omega=     74.4015 meV   on_shell_Omega=     74.4598 meV  off_shell_Omega=     74.4598 meV
     lambda_tr(   2 )=       0.000000   gamma_tr=       0.000000 meV  omega=     74.4015 meV   on_shell_Omega=     74.4598 meV  off_shell_Omega=     74.4598 meV
     lambda___(   3 )=      -0.000000   gamma___=      -0.000000 meV  omega=     99.1544 meV   on_shell_Omega=     99.1637 meV  off_shell_Omega=     99.1637 meV
     lambda_tr(   3 )=       0.000000   gamma_tr=       0.000000 meV  omega=     99.1544 meV   on_shell_Omega=     99.1637 meV  off_shell_Omega=     99.1637 meV
     lambda___(   4 )=      -0.000000   gamma___=      -0.000000 meV  omega=    104.3973 meV   on_shell_Omega=    104.3971 meV  off_shell_Omega=    104.3971 meV
     lambda_tr(   4 )=      -0.000000   gamma_tr=      -0.000000 meV  omega=    104.3973 meV   on_shell_Omega=    104.3971 meV  off_shell_Omega=    104.3971 meV
     lambda___(   5 )=      -0.000000   gamma___=      -0.000000 meV  omega=    178.8158 meV   on_shell_Omega=    179.0980 meV  off_shell_Omega=    179.1214 meV
     lambda_tr(   5 )=      -0.000000   gamma_tr=      -0.000000 meV  omega=    178.8158 meV   on_shell_Omega=    179.0980 meV  off_shell_Omega=    179.1214 meV
     lambda___(   6 )=       0.000000   gamma___=       0.000000 meV  omega=    194.1238 meV   on_shell_Omega=    194.2740 meV  off_shell_Omega=    194.2186 meV
     lambda_tr(   6 )=       0.000000   gamma_tr=       0.000000 meV  omega=    194.1238 meV   on_shell_Omega=    194.2740 meV  off_shell_Omega=    194.2186 meV
     lambda___( tot )=      -0.000000
     lambda_tr( tot )=       0.000000
     -------------------------------------------------------------------


     Number of (k,k+q) pairs on the Fermi surface:      324 out of      324


     ismear =     1 iq =      59 coord.:   0.16667  0.22222  0.00000 wt:   0.00309 Temp:  300.000K
     -------------------------------------------------------------------
     lambda___(   1 )=       0.000000   gamma___=       0.000000 meV  omega=     32.1257 meV   on_shell_Omega=     32.1178 meV  off_shell_Omega=     32.1178 meV
     lambda_tr(   1 )=      -0.000000   gamma_tr=      -0.000000 meV  omega=     32.1257 meV   on_shell_Omega=     32.1178 meV  off_shell_Omega=     32.1178 meV
     lambda___(   2 )=       0.000000   gamma___=       0.000000 meV  omega=     84.5158 meV   on_shell_Omega=     84.5590 meV  off_shell_Omega=     84.5590 meV
     lambda_tr(   2 )=      -0.000000   gamma_tr=      -0.000000 meV  omega=     84.5158 meV   on_shell_Omega=     84.5590 meV  off_shell_Omega=     84.5590 meV
     lambda___(   3 )=       0.000000   gamma___=       0.000000 meV  omega=     94.8707 meV   on_shell_Omega=     94.8963 meV  off_shell_Omega=     94.8963 meV
     lambda_tr(   3 )=       0.000000   gamma_tr=       0.000000 meV  omega=     94.8707 meV   on_shell_Omega=     94.8963 meV  off_shell_Omega=     94.8963 meV
     lambda___(   4 )=       0.000000   gamma___=       0.000000 meV  omega=    117.2114 meV   on_shell_Omega=    117.2290 meV  off_shell_Omega=    117.2290 meV
     lambda_tr(   4 )=       0.000000   gamma_tr=       0.000000 meV  omega=    117.2114 meV   on_shell_Omega=    117.2290 meV  off_shell_Omega=    117.2290 meV
     lambda___(   5 )=       0.000000   gamma___=       0.000000 meV  omega=    175.9427 meV   on_shell_Omega=    176.1922 meV  off_shell_Omega=    176.2434 meV
     lambda_tr(   5 )=       0.000000   gamma_tr=       0.000000 meV  omega=    175.9427 meV   on_shell_Omega=    176.1922 meV  off_shell_Omega=    176.2434 meV
     lambda___(   6 )=       0.000000   gamma___=       0.000000 meV  omega=    189.1408 meV   on_shell_Omega=    189.2202 meV  off_shell_Omega=    189.2202 meV
     lambda_tr(   6 )=       0.000000   gamma_tr=       0.000000 meV  omega=    189.1408 meV   on_shell_Omega=    189.2202 meV  off_shell_Omega=    189.2202 meV
     lambda___( tot )=       0.000000
     lambda_tr( tot )=       0.000000
     -------------------------------------------------------------------


     Number of (k,k+q) pairs on the Fermi surface:      324 out of      324


     ismear =     1 iq =      60 coord.:   0.16667  0.27778  0.00000 wt:   0.00309 Temp:  300.000K
     -------------------------------------------------------------------
     lambda___(   1 )=       0.000000   gamma___=       0.000000 meV  omega=     40.7632 meV   on_shell_Omega=     40.7958 meV  off_shell_Omega=     40.7958 meV
     lambda_tr(   1 )=      -0.000000   gamma_tr=      -0.000000 meV  omega=     40.7632 meV   on_shell_Omega=     40.7958 meV  off_shell_Omega=     40.7958 meV
     lambda___(   2 )=       0.000000   gamma___=       0.000000 meV  omega=     89.3510 meV   on_shell_Omega=     89.3861 meV  off_shell_Omega=     89.3861 meV
     lambda_tr(   2 )=      -0.000000   gamma_tr=      -0.000000 meV  omega=     89.3510 meV   on_shell_Omega=     89.3861 meV  off_shell_Omega=     89.3861 meV
     lambda___(   3 )=       0.000000   gamma___=       0.000000 meV  omega=     91.6403 meV   on_shell_Omega=     91.6650 meV  off_shell_Omega=     91.6650 meV
     lambda_tr(   3 )=      -0.000000   gamma_tr=      -0.000000 meV  omega=     91.6403 meV   on_shell_Omega=     91.6650 meV  off_shell_Omega=     91.6650 meV
     lambda___(   4 )=       0.000000   gamma___=       0.000000 meV  omega=    130.2483 meV   on_shell_Omega=    130.2758 meV  off_shell_Omega=    130.2758 meV
     lambda_tr(   4 )=      -0.000000   gamma_tr=      -0.000000 meV  omega=    130.2483 meV   on_shell_Omega=    130.2758 meV  off_shell_Omega=    130.2758 meV
     lambda___(   5 )=       0.000000   gamma___=       0.000000 meV  omega=    173.7550 meV   on_shell_Omega=    174.0004 meV  off_shell_Omega=    174.0519 meV
     lambda_tr(   5 )=       0.000000   gamma_tr=       0.000000 meV  omega=    173.7550 meV   on_shell_Omega=    174.0004 meV  off_shell_Omega=    174.0519 meV
     lambda___(   6 )=       0.000000   gamma___=       0.000000 meV  omega=    182.8745 meV   on_shell_Omega=    182.9228 meV  off_shell_Omega=    182.9228 meV
     lambda_tr(   6 )=      -0.000000   gamma_tr=      -0.000000 meV  omega=    182.8745 meV   on_shell_Omega=    182.9228 meV  off_shell_Omega=    182.9228 meV
     lambda___( tot )=       0.000000
     lambda_tr( tot )=      -0.000000
     -------------------------------------------------------------------


     Number of (k,k+q) pairs on the Fermi surface:      324 out of      324


     ismear =     1 iq =      61 coord.:   0.16667  0.33333  0.00000 wt:   0.00309 Temp:  300.000K
     -------------------------------------------------------------------
     lambda___(   1 )=       0.000000   gamma___=       0.000000 meV  omega=     49.6959 meV   on_shell_Omega=     49.7487 meV  off_shell_Omega=     49.7487 meV
     lambda_tr(   1 )=       0.000000   gamma_tr=       0.000000 meV  omega=     49.6959 meV   on_shell_Omega=     49.7487 meV  off_shell_Omega=     49.7487 meV
     lambda___(   2 )=       0.000000   gamma___=       0.000000 meV  omega=     82.7890 meV   on_shell_Omega=     82.8217 meV  off_shell_Omega=     82.8217 meV
     lambda_tr(   2 )=       0.000000   gamma_tr=       0.000000 meV  omega=     82.7890 meV   on_shell_Omega=     82.8217 meV  off_shell_Omega=     82.8217 meV
     lambda___(   3 )=       0.000000   gamma___=       0.000000 meV  omega=     96.3073 meV   on_shell_Omega=     96.3167 meV  off_shell_Omega=     96.3167 meV
     lambda_tr(   3 )=       0.000000   gamma_tr=       0.000000 meV  omega=     96.3073 meV   on_shell_Omega=     96.3167 meV  off_shell_Omega=     96.3167 meV
     lambda___(   4 )=       0.000000   gamma___=       0.000000 meV  omega=    142.9779 meV   on_shell_Omega=    142.9964 meV  off_shell_Omega=    142.9964 meV
     lambda_tr(   4 )=       0.000000   gamma_tr=       0.000000 meV  omega=    142.9779 meV   on_shell_Omega=    142.9964 meV  off_shell_Omega=    142.9964 meV
     lambda___(   5 )=       0.000000   gamma___=       0.000000 meV  omega=    171.6789 meV   on_shell_Omega=    171.9337 meV  off_shell_Omega=    171.9723 meV
     lambda_tr(   5 )=       0.000000   gamma_tr=       0.000000 meV  omega=    171.6789 meV   on_shell_Omega=    171.9337 meV  off_shell_Omega=    171.9723 meV
     lambda___(   6 )=       0.000000   gamma___=       0.000000 meV  omega=    175.2104 meV   on_shell_Omega=    175.2758 meV  off_shell_Omega=    175.2758 meV
     lambda_tr(   6 )=       0.000000   gamma_tr=       0.000000 meV  omega=    175.2104 meV   on_shell_Omega=    175.2758 meV  off_shell_Omega=    175.2758 meV
     lambda___( tot )=       0.000000
     lambda_tr( tot )=       0.000000
     -------------------------------------------------------------------


     Number of (k,k+q) pairs on the Fermi surface:      324 out of      324


     ismear =     1 iq =      62 coord.:   0.16667  0.38889  0.00000 wt:   0.00309 Temp:  300.000K
     -------------------------------------------------------------------
     lambda___(   1 )=       0.000000   gamma___=       0.000000 meV  omega=     57.0838 meV   on_shell_Omega=     57.1348 meV  off_shell_Omega=     57.1348 meV
     lambda_tr(   1 )=       0.000000   gamma_tr=       0.000000 meV  omega=     57.0838 meV   on_shell_Omega=     57.1348 meV  off_shell_Omega=     57.1348 meV
     lambda___(   2 )=       0.000000   gamma___=       0.000000 meV  omega=     76.6795 meV   on_shell_Omega=     76.7167 meV  off_shell_Omega=     76.7167 meV
     lambda_tr(   2 )=       0.000000   gamma_tr=       0.000000 meV  omega=     76.6795 meV   on_shell_Omega=     76.7167 meV  off_shell_Omega=     76.7167 meV
     lambda___(   3 )=       0.000000   gamma___=       0.000000 meV  omega=     98.7881 meV   on_shell_Omega=     98.7909 meV  off_shell_Omega=     98.7909 meV
     lambda_tr(   3 )=       0.000000   gamma_tr=       0.000000 meV  omega=     98.7881 meV   on_shell_Omega=     98.7909 meV  off_shell_Omega=     98.7909 meV
     lambda___(   4 )=       0.000000   gamma___=       0.000000 meV  omega=    154.5636 meV   on_shell_Omega=    154.5650 meV  off_shell_Omega=    154.5650 meV
     lambda_tr(   4 )=       0.000000   gamma_tr=       0.000000 meV  omega=    154.5636 meV   on_shell_Omega=    154.5650 meV  off_shell_Omega=    154.5650 meV
     lambda___(   5 )=       0.000000   gamma___=       0.000000 meV  omega=    166.0342 meV   on_shell_Omega=    166.0446 meV  off_shell_Omega=    166.0446 meV
     lambda_tr(   5 )=       0.000000   gamma_tr=       0.000000 meV  omega=    166.0342 meV   on_shell_Omega=    166.0446 meV  off_shell_Omega=    166.0446 meV
     lambda___(   6 )=       0.000000   gamma___=       0.000000 meV  omega=    170.3743 meV   on_shell_Omega=    170.6930 meV  off_shell_Omega=    170.6655 meV
     lambda_tr(   6 )=       0.000000   gamma_tr=       0.000000 meV  omega=    170.3743 meV   on_shell_Omega=    170.6930 meV  off_shell_Omega=    170.6655 meV
     lambda___( tot )=       0.000000
     lambda_tr( tot )=       0.000000
     -------------------------------------------------------------------


     Number of (k,k+q) pairs on the Fermi surface:      324 out of      324


     ismear =     1 iq =      63 coord.:   0.16667  0.44444  0.00000 wt:   0.00309 Temp:  300.000K
     -------------------------------------------------------------------
     lambda___(   1 )=      -0.000000   gamma___=      -0.000000 meV  omega=     57.0838 meV   on_shell_Omega=     57.1353 meV  off_shell_Omega=     57.1353 meV
     lambda_tr(   1 )=       0.000000   gamma_tr=       0.000000 meV  omega=     57.0838 meV   on_shell_Omega=     57.1353 meV  off_shell_Omega=     57.1353 meV
     lambda___(   2 )=      -0.000000   gamma___=      -0.000000 meV  omega=     76.6795 meV   on_shell_Omega=     76.7166 meV  off_shell_Omega=     76.7166 meV
     lambda_tr(   2 )=       0.000000   gamma_tr=       0.000000 meV  omega=     76.6795 meV   on_shell_Omega=     76.7166 meV  off_shell_Omega=     76.7166 meV
     lambda___(   3 )=       0.000000   gamma___=       0.000000 meV  omega=     98.7881 meV   on_shell_Omega=     98.7910 meV  off_shell_Omega=     98.7910 meV
     lambda_tr(   3 )=       0.000000   gamma_tr=       0.000000 meV  omega=     98.7881 meV   on_shell_Omega=     98.7910 meV  off_shell_Omega=     98.7910 meV
     lambda___(   4 )=       0.000000   gamma___=       0.000000 meV  omega=    154.5636 meV   on_shell_Omega=    154.5662 meV  off_shell_Omega=    154.5662 meV
     lambda_tr(   4 )=       0.000000   gamma_tr=       0.000000 meV  omega=    154.5636 meV   on_shell_Omega=    154.5662 meV  off_shell_Omega=    154.5662 meV
     lambda___(   5 )=       0.000000   gamma___=       0.000000 meV  omega=    166.0342 meV   on_shell_Omega=    166.0444 meV  off_shell_Omega=    166.0444 meV
     lambda_tr(   5 )=       0.000000   gamma_tr=       0.000000 meV  omega=    166.0342 meV   on_shell_Omega=    166.0444 meV  off_shell_Omega=    166.0444 meV
     lambda___(   6 )=       0.000000   gamma___=       0.000000 meV  omega=    170.3743 meV   on_shell_Omega=    170.6882 meV  off_shell_Omega=    170.6655 meV
     lambda_tr(   6 )=       0.000000   gamma_tr=       0.000000 meV  omega=    170.3743 meV   on_shell_Omega=    170.6882 meV  off_shell_Omega=    170.6655 meV
     lambda___( tot )=       0.000000
     lambda_tr( tot )=       0.000000
     -------------------------------------------------------------------


     Number of (k,k+q) pairs on the Fermi surface:      324 out of      324


     ismear =     1 iq =      64 coord.:   0.16667  0.50000  0.00000 wt:   0.00309 Temp:  300.000K
     -------------------------------------------------------------------
     lambda___(   1 )=       0.000000   gamma___=       0.000000 meV  omega=     49.6959 meV   on_shell_Omega=     49.7484 meV  off_shell_Omega=     49.7484 meV
     lambda_tr(   1 )=       0.000000   gamma_tr=       0.000000 meV  omega=     49.6959 meV   on_shell_Omega=     49.7484 meV  off_shell_Omega=     49.7484 meV
     lambda___(   2 )=       0.000000   gamma___=       0.000000 meV  omega=     82.7890 meV   on_shell_Omega=     82.8218 meV  off_shell_Omega=     82.8218 meV
     lambda_tr(   2 )=       0.000000   gamma_tr=       0.000000 meV  omega=     82.7890 meV   on_shell_Omega=     82.8218 meV  off_shell_Omega=     82.8218 meV
     lambda___(   3 )=       0.000000   gamma___=       0.000000 meV  omega=     96.3073 meV   on_shell_Omega=     96.3167 meV  off_shell_Omega=     96.3167 meV
     lambda_tr(   3 )=       0.000000   gamma_tr=       0.000000 meV  omega=     96.3073 meV   on_shell_Omega=     96.3167 meV  off_shell_Omega=     96.3167 meV
     lambda___(   4 )=       0.000000   gamma___=       0.000000 meV  omega=    142.9779 meV   on_shell_Omega=    142.9969 meV  off_shell_Omega=    142.9969 meV
     lambda_tr(   4 )=       0.000000   gamma_tr=       0.000000 meV  omega=    142.9779 meV   on_shell_Omega=    142.9969 meV  off_shell_Omega=    142.9969 meV
     lambda___(   5 )=       0.000000   gamma___=       0.000000 meV  omega=    171.6789 meV   on_shell_Omega=    171.9312 meV  off_shell_Omega=    171.9723 meV
     lambda_tr(   5 )=       0.000000   gamma_tr=       0.000000 meV  omega=    171.6789 meV   on_shell_Omega=    171.9312 meV  off_shell_Omega=    171.9723 meV
     lambda___(   6 )=       0.000000   gamma___=       0.000000 meV  omega=    175.2104 meV   on_shell_Omega=    175.2749 meV  off_shell_Omega=    175.2749 meV
     lambda_tr(   6 )=       0.000000   gamma_tr=       0.000000 meV  omega=    175.2104 meV   on_shell_Omega=    175.2749 meV  off_shell_Omega=    175.2749 meV
     lambda___( tot )=       0.000000
     lambda_tr( tot )=       0.000000
     -------------------------------------------------------------------


     Number of (k,k+q) pairs on the Fermi surface:      324 out of      324


     ismear =     1 iq =      65 coord.:   0.16667  0.55556  0.00000 wt:   0.00309 Temp:  300.000K
     -------------------------------------------------------------------
     lambda___(   1 )=       0.000000   gamma___=       0.000000 meV  omega=     40.7632 meV   on_shell_Omega=     40.7968 meV  off_shell_Omega=     40.7968 meV
     lambda_tr(   1 )=       0.000000   gamma_tr=       0.000000 meV  omega=     40.7632 meV   on_shell_Omega=     40.7968 meV  off_shell_Omega=     40.7968 meV
     lambda___(   2 )=       0.000000   gamma___=       0.000000 meV  omega=     89.3510 meV   on_shell_Omega=     89.3836 meV  off_shell_Omega=     89.3836 meV
     lambda_tr(   2 )=       0.000000   gamma_tr=       0.000000 meV  omega=     89.3510 meV   on_shell_Omega=     89.3836 meV  off_shell_Omega=     89.3836 meV
     lambda___(   3 )=       0.000000   gamma___=       0.000000 meV  omega=     91.6403 meV   on_shell_Omega=     91.6642 meV  off_shell_Omega=     91.6642 meV
     lambda_tr(   3 )=       0.000000   gamma_tr=       0.000000 meV  omega=     91.6403 meV   on_shell_Omega=     91.6642 meV  off_shell_Omega=     91.6642 meV
     lambda___(   4 )=       0.000000   gamma___=       0.000000 meV  omega=    130.2483 meV   on_shell_Omega=    130.2751 meV  off_shell_Omega=    130.2751 meV
     lambda_tr(   4 )=       0.000000   gamma_tr=       0.000000 meV  omega=    130.2483 meV   on_shell_Omega=    130.2751 meV  off_shell_Omega=    130.2751 meV
     lambda___(   5 )=       0.000000   gamma___=       0.000000 meV  omega=    173.7550 meV   on_shell_Omega=    173.9978 meV  off_shell_Omega=    174.0519 meV
     lambda_tr(   5 )=       0.000000   gamma_tr=       0.000000 meV  omega=    173.7550 meV   on_shell_Omega=    173.9978 meV  off_shell_Omega=    174.0519 meV
     lambda___(   6 )=       0.000000   gamma___=       0.000000 meV  omega=    182.8745 meV   on_shell_Omega=    182.9220 meV  off_shell_Omega=    182.9220 meV
     lambda_tr(   6 )=       0.000000   gamma_tr=       0.000000 meV  omega=    182.8745 meV   on_shell_Omega=    182.9220 meV  off_shell_Omega=    182.9220 meV
     lambda___( tot )=       0.000000
     lambda_tr( tot )=       0.000000
     -------------------------------------------------------------------


     Number of (k,k+q) pairs on the Fermi surface:      324 out of      324


     ismear =     1 iq =      66 coord.:   0.16667  0.61111  0.00000 wt:   0.00309 Temp:  300.000K
     -------------------------------------------------------------------
     lambda___(   1 )=       0.000000   gamma___=       0.000000 meV  omega=     32.1257 meV   on_shell_Omega=     32.1193 meV  off_shell_Omega=     32.1193 meV
     lambda_tr(   1 )=      -0.000000   gamma_tr=      -0.000000 meV  omega=     32.1257 meV   on_shell_Omega=     32.1193 meV  off_shell_Omega=     32.1193 meV
     lambda___(   2 )=       0.000000   gamma___=       0.000000 meV  omega=     84.5158 meV   on_shell_Omega=     84.5586 meV  off_shell_Omega=     84.5586 meV
     lambda_tr(   2 )=       0.000000   gamma_tr=       0.000000 meV  omega=     84.5158 meV   on_shell_Omega=     84.5586 meV  off_shell_Omega=     84.5586 meV
     lambda___(   3 )=       0.000000   gamma___=       0.000000 meV  omega=     94.8707 meV   on_shell_Omega=     94.8953 meV  off_shell_Omega=     94.8953 meV
     lambda_tr(   3 )=      -0.000000   gamma_tr=      -0.000000 meV  omega=     94.8707 meV   on_shell_Omega=     94.8953 meV  off_shell_Omega=     94.8953 meV
     lambda___(   4 )=       0.000000   gamma___=       0.000000 meV  omega=    117.2114 meV   on_shell_Omega=    117.2289 meV  off_shell_Omega=    117.2289 meV
     lambda_tr(   4 )=       0.000000   gamma_tr=       0.000000 meV  omega=    117.2114 meV   on_shell_Omega=    117.2289 meV  off_shell_Omega=    117.2289 meV
     lambda___(   5 )=       0.000000   gamma___=       0.000000 meV  omega=    175.9427 meV   on_shell_Omega=    176.1846 meV  off_shell_Omega=    176.2434 meV
     lambda_tr(   5 )=       0.000000   gamma_tr=       0.000000 meV  omega=    175.9427 meV   on_shell_Omega=    176.1846 meV  off_shell_Omega=    176.2434 meV
     lambda___(   6 )=       0.000000   gamma___=       0.000000 meV  omega=    189.1408 meV   on_shell_Omega=    189.2198 meV  off_shell_Omega=    189.2198 meV
     lambda_tr(   6 )=       0.000000   gamma_tr=       0.000000 meV  omega=    189.1408 meV   on_shell_Omega=    189.2198 meV  off_shell_Omega=    189.2198 meV
     lambda___( tot )=       0.000000
     lambda_tr( tot )=       0.000000
     -------------------------------------------------------------------


     Number of (k,k+q) pairs on the Fermi surface:      324 out of      324


     ismear =     1 iq =      67 coord.:   0.16667  0.66667  0.00000 wt:   0.00309 Temp:  300.000K
     -------------------------------------------------------------------
     lambda___(   1 )=       0.000000   gamma___=       0.000000 meV  omega=     24.3505 meV   on_shell_Omega=     24.3394 meV  off_shell_Omega=     24.3394 meV
     lambda_tr(   1 )=       0.000000   gamma_tr=       0.000000 meV  omega=     24.3505 meV   on_shell_Omega=     24.3394 meV  off_shell_Omega=     24.3394 meV
     lambda___(   2 )=       0.000000   gamma___=       0.000000 meV  omega=     74.4015 meV   on_shell_Omega=     74.4601 meV  off_shell_Omega=     74.4601 meV
     lambda_tr(   2 )=       0.000000   gamma_tr=       0.000000 meV  omega=     74.4015 meV   on_shell_Omega=     74.4601 meV  off_shell_Omega=     74.4601 meV
     lambda___(   3 )=       0.000000   gamma___=       0.000000 meV  omega=     99.1544 meV   on_shell_Omega=     99.1637 meV  off_shell_Omega=     99.1637 meV
     lambda_tr(   3 )=       0.000000   gamma_tr=       0.000000 meV  omega=     99.1544 meV   on_shell_Omega=     99.1637 meV  off_shell_Omega=     99.1637 meV
     lambda___(   4 )=       0.000000   gamma___=       0.000000 meV  omega=    104.3973 meV   on_shell_Omega=    104.3967 meV  off_shell_Omega=    104.3967 meV
     lambda_tr(   4 )=       0.000000   gamma_tr=       0.000000 meV  omega=    104.3973 meV   on_shell_Omega=    104.3967 meV  off_shell_Omega=    104.3967 meV
     lambda___(   5 )=       0.000000   gamma___=       0.000000 meV  omega=    178.8158 meV   on_shell_Omega=    179.0963 meV  off_shell_Omega=    179.1214 meV
     lambda_tr(   5 )=       0.000000   gamma_tr=       0.000000 meV  omega=    178.8158 meV   on_shell_Omega=    179.0963 meV  off_shell_Omega=    179.1214 meV
     lambda___(   6 )=       0.000000   gamma___=       0.000000 meV  omega=    194.1238 meV   on_shell_Omega=    194.2733 meV  off_shell_Omega=    194.2186 meV
     lambda_tr(   6 )=       0.000000   gamma_tr=       0.000000 meV  omega=    194.1238 meV   on_shell_Omega=    194.2733 meV  off_shell_Omega=    194.2186 meV
     lambda___( tot )=       0.000000
     lambda_tr( tot )=       0.000000
     -------------------------------------------------------------------


     Number of (k,k+q) pairs on the Fermi surface:      324 out of      324


     ismear =     1 iq =      68 coord.:   0.16667  0.72222  0.00000 wt:   0.00309 Temp:  300.000K
     -------------------------------------------------------------------
     lambda___(   1 )=      -0.000000   gamma___=      -0.000000 meV  omega=     17.5993 meV   on_shell_Omega=     17.6047 meV  off_shell_Omega=     17.6047 meV
     lambda_tr(   1 )=      -0.000000   gamma_tr=      -0.000000 meV  omega=     17.5993 meV   on_shell_Omega=     17.6047 meV  off_shell_Omega=     17.6047 meV
     lambda___(   2 )=       0.000000   gamma___=       0.000000 meV  omega=     62.0836 meV   on_shell_Omega=     62.1356 meV  off_shell_Omega=     62.1356 meV
     lambda_tr(   2 )=       0.000000   gamma_tr=       0.000000 meV  omega=     62.0836 meV   on_shell_Omega=     62.1356 meV  off_shell_Omega=     62.1356 meV
     lambda___(   3 )=       0.000000   gamma___=       0.000000 meV  omega=     91.6686 meV   on_shell_Omega=     91.6689 meV  off_shell_Omega=     91.6689 meV
     lambda_tr(   3 )=       0.000000   gamma_tr=       0.000000 meV  omega=     91.6686 meV   on_shell_Omega=     91.6689 meV  off_shell_Omega=     91.6689 meV
     lambda___(   4 )=       0.000000   gamma___=       0.000000 meV  omega=    102.3266 meV   on_shell_Omega=    102.3290 meV  off_shell_Omega=    102.3290 meV
     lambda_tr(   4 )=       0.000000   gamma_tr=       0.000000 meV  omega=    102.3266 meV   on_shell_Omega=    102.3290 meV  off_shell_Omega=    102.3290 meV
     lambda___(   5 )=       0.000000   gamma___=       0.000000 meV  omega=    182.5008 meV   on_shell_Omega=    182.7624 meV  off_shell_Omega=    182.8127 meV
     lambda_tr(   5 )=       0.000000   gamma_tr=       0.000000 meV  omega=    182.5008 meV   on_shell_Omega=    182.7624 meV  off_shell_Omega=    182.8127 meV
     lambda___(   6 )=       0.000000   gamma___=       0.000000 meV  omega=    197.7175 meV   on_shell_Omega=    197.9421 meV  off_shell_Omega=    197.8140 meV
     lambda_tr(   6 )=       0.000000   gamma_tr=       0.000000 meV  omega=    197.7175 meV   on_shell_Omega=    197.9421 meV  off_shell_Omega=    197.8140 meV
     lambda___( tot )=       0.000000
     lambda_tr( tot )=       0.000000
     -------------------------------------------------------------------


     Number of (k,k+q) pairs on the Fermi surface:      324 out of      324


     ismear =     1 iq =      69 coord.:   0.16667  0.77778  0.00000 wt:   0.00309 Temp:  300.000K
     -------------------------------------------------------------------
     lambda___(   1 )=       0.000000   gamma___=       0.000000 meV  omega=     12.1010 meV   on_shell_Omega=     12.1087 meV  off_shell_Omega=     12.1087 meV
     lambda_tr(   1 )=       0.000000   gamma_tr=       0.000000 meV  omega=     12.1010 meV   on_shell_Omega=     12.1087 meV  off_shell_Omega=     12.1087 meV
     lambda___(   2 )=       0.000000   gamma___=       0.000000 meV  omega=     50.0788 meV   on_shell_Omega=     50.1040 meV  off_shell_Omega=     50.1040 meV
     lambda_tr(   2 )=       0.000000   gamma_tr=       0.000000 meV  omega=     50.0788 meV   on_shell_Omega=     50.1040 meV  off_shell_Omega=     50.1040 meV
     lambda___(   3 )=       0.000000   gamma___=       0.000000 meV  omega=     79.0890 meV   on_shell_Omega=     79.1113 meV  off_shell_Omega=     79.1113 meV
     lambda_tr(   3 )=       0.000000   gamma_tr=       0.000000 meV  omega=     79.0890 meV   on_shell_Omega=     79.1113 meV  off_shell_Omega=     79.1113 meV
     lambda___(   4 )=       0.000000   gamma___=       0.000000 meV  omega=    104.5312 meV   on_shell_Omega=    104.5323 meV  off_shell_Omega=    104.5323 meV
     lambda_tr(   4 )=       0.000000   gamma_tr=       0.000000 meV  omega=    104.5312 meV   on_shell_Omega=    104.5323 meV  off_shell_Omega=    104.5323 meV
     lambda___(   5 )=       0.000000   gamma___=       0.000000 meV  omega=    186.0335 meV   on_shell_Omega=    186.2532 meV  off_shell_Omega=    186.1243 meV
     lambda_tr(   5 )=       0.000000   gamma_tr=       0.000000 meV  omega=    186.0335 meV   on_shell_Omega=    186.2532 meV  off_shell_Omega=    186.1243 meV
     lambda___(   6 )=       0.000000   gamma___=       0.000000 meV  omega=    199.4810 meV   on_shell_Omega=    199.8132 meV  off_shell_Omega=    199.8219 meV
     lambda_tr(   6 )=       0.000000   gamma_tr=       0.000000 meV  omega=    199.4810 meV   on_shell_Omega=    199.8132 meV  off_shell_Omega=    199.8219 meV
     lambda___( tot )=       0.000000
     lambda_tr( tot )=       0.000000
     -------------------------------------------------------------------


     Number of (k,k+q) pairs on the Fermi surface:      324 out of      324


     ismear =     1 iq =      70 coord.:   0.16667  0.83333  0.00000 wt:   0.00309 Temp:  300.000K
     -------------------------------------------------------------------
     lambda___(   1 )=       0.000000   gamma___=       0.000000 meV  omega=      8.4745 meV   on_shell_Omega=      8.4820 meV  off_shell_Omega=      8.4820 meV
     lambda_tr(   1 )=       0.000000   gamma_tr=       0.000000 meV  omega=      8.4745 meV   on_shell_Omega=      8.4820 meV  off_shell_Omega=      8.4820 meV
     lambda___(   2 )=       0.000000   gamma___=       0.000000 meV  omega=     41.7244 meV   on_shell_Omega=     41.7181 meV  off_shell_Omega=     41.7181 meV
     lambda_tr(   2 )=       0.000000   gamma_tr=       0.000000 meV  omega=     41.7244 meV   on_shell_Omega=     41.7181 meV  off_shell_Omega=     41.7181 meV
     lambda___(   3 )=       0.000000   gamma___=       0.000000 meV  omega=     67.8228 meV   on_shell_Omega=     67.8640 meV  off_shell_Omega=     67.8640 meV
     lambda_tr(   3 )=       0.000000   gamma_tr=       0.000000 meV  omega=     67.8228 meV   on_shell_Omega=     67.8640 meV  off_shell_Omega=     67.8640 meV
     lambda___(   4 )=       0.000000   gamma___=       0.000000 meV  omega=    105.8769 meV   on_shell_Omega=    105.8771 meV  off_shell_Omega=    105.8771 meV
     lambda_tr(   4 )=       0.000000   gamma_tr=       0.000000 meV  omega=    105.8769 meV   on_shell_Omega=    105.8771 meV  off_shell_Omega=    105.8771 meV
     lambda___(   5 )=       0.000000   gamma___=       0.000000 meV  omega=    188.3942 meV   on_shell_Omega=    188.6304 meV  off_shell_Omega=    188.7161 meV
     lambda_tr(   5 )=       0.000000   gamma_tr=       0.000000 meV  omega=    188.3942 meV   on_shell_Omega=    188.6304 meV  off_shell_Omega=    188.7161 meV
     lambda___(   6 )=       0.000000   gamma___=       0.000000 meV  omega=    199.4306 meV   on_shell_Omega=    199.8956 meV  off_shell_Omega=    200.0149 meV
     lambda_tr(   6 )=       0.000000   gamma_tr=       0.000000 meV  omega=    199.4306 meV   on_shell_Omega=    199.8956 meV  off_shell_Omega=    200.0149 meV
     lambda___( tot )=       0.000000
     lambda_tr( tot )=       0.000000
     -------------------------------------------------------------------


     Number of (k,k+q) pairs on the Fermi surface:      324 out of      324


     ismear =     1 iq =      71 coord.:   0.16667  0.88889  0.00000 wt:   0.00309 Temp:  300.000K
     -------------------------------------------------------------------
     lambda___(   1 )=      -0.000000   gamma___=      -0.000000 meV  omega=      7.0542 meV   on_shell_Omega=      7.0748 meV  off_shell_Omega=      7.0748 meV
     lambda_tr(   1 )=      -0.000000   gamma_tr=      -0.000000 meV  omega=      7.0542 meV   on_shell_Omega=      7.0748 meV  off_shell_Omega=      7.0748 meV
     lambda___(   2 )=       0.000000   gamma___=       0.000000 meV  omega=     38.7562 meV   on_shell_Omega=     38.7980 meV  off_shell_Omega=     38.7980 meV
     lambda_tr(   2 )=       0.000000   gamma_tr=       0.000000 meV  omega=     38.7562 meV   on_shell_Omega=     38.7980 meV  off_shell_Omega=     38.7980 meV
     lambda___(   3 )=       0.000000   gamma___=       0.000000 meV  omega=     60.3571 meV   on_shell_Omega=     60.3603 meV  off_shell_Omega=     60.3603 meV
     lambda_tr(   3 )=       0.000000   gamma_tr=       0.000000 meV  omega=     60.3571 meV   on_shell_Omega=     60.3603 meV  off_shell_Omega=     60.3603 meV
     lambda___(   4 )=       0.000000   gamma___=       0.000000 meV  omega=    106.4916 meV   on_shell_Omega=    106.4924 meV  off_shell_Omega=    106.4924 meV
     lambda_tr(   4 )=       0.000000   gamma_tr=       0.000000 meV  omega=    106.4916 meV   on_shell_Omega=    106.4924 meV  off_shell_Omega=    106.4924 meV
     lambda___(   5 )=       0.000000   gamma___=       0.000000 meV  omega=    189.4279 meV   on_shell_Omega=    189.6787 meV  off_shell_Omega=    189.7516 meV
     lambda_tr(   5 )=       0.000000   gamma_tr=       0.000000 meV  omega=    189.4279 meV   on_shell_Omega=    189.6787 meV  off_shell_Omega=    189.7516 meV
     lambda___(   6 )=       0.000000   gamma___=       0.000000 meV  omega=    198.6926 meV   on_shell_Omega=    199.2198 meV  off_shell_Omega=    199.2748 meV
     lambda_tr(   6 )=       0.000000   gamma_tr=       0.000000 meV  omega=    198.6926 meV   on_shell_Omega=    199.2198 meV  off_shell_Omega=    199.2748 meV
     lambda___( tot )=       0.000000
     lambda_tr( tot )=       0.000000
     -------------------------------------------------------------------


     Number of (k,k+q) pairs on the Fermi surface:      324 out of      324


     ismear =     1 iq =      72 coord.:   0.16667  0.94444  0.00000 wt:   0.00309 Temp:  300.000K
     -------------------------------------------------------------------
     lambda___(   1 )=       0.000000   gamma___=       0.000000 meV  omega=      7.0542 meV   on_shell_Omega=      7.0750 meV  off_shell_Omega=      7.0750 meV
     lambda_tr(   1 )=      -0.000000   gamma_tr=      -0.000000 meV  omega=      7.0542 meV   on_shell_Omega=      7.0750 meV  off_shell_Omega=      7.0750 meV
     lambda___(   2 )=       0.000000   gamma___=       0.000000 meV  omega=     38.7562 meV   on_shell_Omega=     38.7962 meV  off_shell_Omega=     38.7962 meV
     lambda_tr(   2 )=       0.000000   gamma_tr=       0.000000 meV  omega=     38.7562 meV   on_shell_Omega=     38.7962 meV  off_shell_Omega=     38.7962 meV
     lambda___(   3 )=       0.000000   gamma___=       0.000000 meV  omega=     60.3571 meV   on_shell_Omega=     60.3609 meV  off_shell_Omega=     60.3609 meV
     lambda_tr(   3 )=       0.000000   gamma_tr=       0.000000 meV  omega=     60.3571 meV   on_shell_Omega=     60.3609 meV  off_shell_Omega=     60.3609 meV
     lambda___(   4 )=       0.000000   gamma___=       0.000000 meV  omega=    106.4916 meV   on_shell_Omega=    106.4926 meV  off_shell_Omega=    106.4926 meV
     lambda_tr(   4 )=       0.000000   gamma_tr=       0.000000 meV  omega=    106.4916 meV   on_shell_Omega=    106.4926 meV  off_shell_Omega=    106.4926 meV
     lambda___(   5 )=       0.000000   gamma___=       0.000000 meV  omega=    189.4279 meV   on_shell_Omega=    189.6789 meV  off_shell_Omega=    189.7516 meV
     lambda_tr(   5 )=       0.000000   gamma_tr=       0.000000 meV  omega=    189.4279 meV   on_shell_Omega=    189.6789 meV  off_shell_Omega=    189.7516 meV
     lambda___(   6 )=       0.000000   gamma___=       0.000000 meV  omega=    198.6926 meV   on_shell_Omega=    199.2211 meV  off_shell_Omega=    199.2748 meV
     lambda_tr(   6 )=       0.000000   gamma_tr=       0.000000 meV  omega=    198.6926 meV   on_shell_Omega=    199.2211 meV  off_shell_Omega=    199.2748 meV
     lambda___( tot )=       0.000000
     lambda_tr( tot )=       0.000000
     -------------------------------------------------------------------


     Number of (k,k+q) pairs on the Fermi surface:      324 out of      324


     ismear =     1 iq =      73 coord.:   0.22222  0.00000  0.00000 wt:   0.00309 Temp:  300.000K
     -------------------------------------------------------------------
     lambda___(   1 )=       0.000000   gamma___=       0.000000 meV  omega=     15.0491 meV   on_shell_Omega=     15.0570 meV  off_shell_Omega=     15.0570 meV
     lambda_tr(   1 )=      -0.000000   gamma_tr=      -0.000000 meV  omega=     15.0491 meV   on_shell_Omega=     15.0570 meV  off_shell_Omega=     15.0570 meV
     lambda___(   2 )=       0.000000   gamma___=       0.000000 meV  omega=     52.5809 meV   on_shell_Omega=     52.5737 meV  off_shell_Omega=     52.5737 meV
     lambda_tr(   2 )=      -0.000000   gamma_tr=      -0.000000 meV  omega=     52.5809 meV   on_shell_Omega=     52.5737 meV  off_shell_Omega=     52.5737 meV
     lambda___(   3 )=       0.000000   gamma___=       0.000000 meV  omega=     88.1728 meV   on_shell_Omega=     88.2014 meV  off_shell_Omega=     88.2014 meV
     lambda_tr(   3 )=      -0.000000   gamma_tr=      -0.000000 meV  omega=     88.1728 meV   on_shell_Omega=     88.2014 meV  off_shell_Omega=     88.2014 meV
     lambda___(   4 )=       0.000000   gamma___=       0.000000 meV  omega=    103.4673 meV   on_shell_Omega=    103.4683 meV  off_shell_Omega=    103.4683 meV
     lambda_tr(   4 )=       0.000000   gamma_tr=       0.000000 meV  omega=    103.4673 meV   on_shell_Omega=    103.4683 meV  off_shell_Omega=    103.4683 meV
     lambda___(   5 )=       0.000000   gamma___=       0.000000 meV  omega=    184.7081 meV   on_shell_Omega=    184.9274 meV  off_shell_Omega=    184.7983 meV
     lambda_tr(   5 )=       0.000000   gamma_tr=       0.000000 meV  omega=    184.7081 meV   on_shell_Omega=    184.9274 meV  off_shell_Omega=    184.7983 meV
     lambda___(   6 )=       0.000000   gamma___=       0.000000 meV  omega=    199.0673 meV   on_shell_Omega=    199.3463 meV  off_shell_Omega=    199.4075 meV
     lambda_tr(   6 )=       0.000000   gamma_tr=       0.000000 meV  omega=    199.0673 meV   on_shell_Omega=    199.3463 meV  off_shell_Omega=    199.4075 meV
     lambda___( tot )=       0.000000
     lambda_tr( tot )=       0.000000
     -------------------------------------------------------------------


     Number of (k,k+q) pairs on the Fermi surface:      324 out of      324


     ismear =     1 iq =      74 coord.:   0.22222  0.05556  0.00000 wt:   0.00309 Temp:  300.000K
     -------------------------------------------------------------------
     lambda___(   1 )=      -0.000000   gamma___=      -0.000000 meV  omega=     19.7003 meV   on_shell_Omega=     19.7070 meV  off_shell_Omega=     19.7070 meV
     lambda_tr(   1 )=      -0.000000   gamma_tr=      -0.000000 meV  omega=     19.7003 meV   on_shell_Omega=     19.7070 meV  off_shell_Omega=     19.7070 meV
     lambda___(   2 )=       0.000000   gamma___=       0.000000 meV  omega=     60.2779 meV   on_shell_Omega=     60.2863 meV  off_shell_Omega=     60.2863 meV
     lambda_tr(   2 )=       0.000000   gamma_tr=       0.000000 meV  omega=     60.2779 meV   on_shell_Omega=     60.2863 meV  off_shell_Omega=     60.2863 meV
     lambda___(   3 )=       0.000000   gamma___=       0.000000 meV  omega=     98.3469 meV   on_shell_Omega=     98.3713 meV  off_shell_Omega=     98.3713 meV
     lambda_tr(   3 )=       0.000000   gamma_tr=       0.000000 meV  omega=     98.3469 meV   on_shell_Omega=     98.3713 meV  off_shell_Omega=     98.3713 meV
     lambda___(   4 )=       0.000000   gamma___=       0.000000 meV  omega=    101.5638 meV   on_shell_Omega=    101.5659 meV  off_shell_Omega=    101.5659 meV
     lambda_tr(   4 )=       0.000000   gamma_tr=       0.000000 meV  omega=    101.5638 meV   on_shell_Omega=    101.5659 meV  off_shell_Omega=    101.5659 meV
     lambda___(   5 )=       0.000000   gamma___=       0.000000 meV  omega=    182.2325 meV   on_shell_Omega=    182.4484 meV  off_shell_Omega=    182.3215 meV
     lambda_tr(   5 )=       0.000000   gamma_tr=       0.000000 meV  omega=    182.2325 meV   on_shell_Omega=    182.4484 meV  off_shell_Omega=    182.3215 meV
     lambda___(   6 )=       0.000000   gamma___=       0.000000 meV  omega=    197.3919 meV   on_shell_Omega=    197.5963 meV  off_shell_Omega=    197.4883 meV
     lambda_tr(   6 )=       0.000000   gamma_tr=       0.000000 meV  omega=    197.3919 meV   on_shell_Omega=    197.5963 meV  off_shell_Omega=    197.4883 meV
     lambda___( tot )=       0.000000
     lambda_tr( tot )=       0.000000
     -------------------------------------------------------------------


     Number of (k,k+q) pairs on the Fermi surface:      324 out of      324


     ismear =     1 iq =      75 coord.:   0.22222  0.11111  0.00000 wt:   0.00309 Temp:  300.000K
     -------------------------------------------------------------------
     lambda___(   1 )=       0.000000   gamma___=       0.000000 meV  omega=     25.6265 meV   on_shell_Omega=     25.6184 meV  off_shell_Omega=     25.6184 meV
     lambda_tr(   1 )=      -0.000000   gamma_tr=      -0.000000 meV  omega=     25.6265 meV   on_shell_Omega=     25.6184 meV  off_shell_Omega=     25.6184 meV
     lambda___(   2 )=       0.000000   gamma___=       0.000000 meV  omega=     71.9858 meV   on_shell_Omega=     72.0179 meV  off_shell_Omega=     72.0179 meV
     lambda_tr(   2 )=       0.000000   gamma_tr=       0.000000 meV  omega=     71.9858 meV   on_shell_Omega=     72.0179 meV  off_shell_Omega=     72.0179 meV
     lambda___(   3 )=       0.000000   gamma___=       0.000000 meV  omega=     98.6974 meV   on_shell_Omega=     98.7066 meV  off_shell_Omega=     98.7066 meV
     lambda_tr(   3 )=      -0.000000   gamma_tr=      -0.000000 meV  omega=     98.6974 meV   on_shell_Omega=     98.7066 meV  off_shell_Omega=     98.7066 meV
     lambda___(   4 )=       0.000000   gamma___=       0.000000 meV  omega=    108.3008 meV   on_shell_Omega=    108.3154 meV  off_shell_Omega=    108.3154 meV
     lambda_tr(   4 )=       0.000000   gamma_tr=       0.000000 meV  omega=    108.3008 meV   on_shell_Omega=    108.3154 meV  off_shell_Omega=    108.3154 meV
     lambda___(   5 )=       0.000000   gamma___=       0.000000 meV  omega=    178.9592 meV   on_shell_Omega=    179.2030 meV  off_shell_Omega=    179.2650 meV
     lambda_tr(   5 )=      -0.000000   gamma_tr=      -0.000000 meV  omega=    178.9592 meV   on_shell_Omega=    179.2030 meV  off_shell_Omega=    179.2650 meV
     lambda___(   6 )=       0.000000   gamma___=       0.000000 meV  omega=    193.9438 meV   on_shell_Omega=    194.0891 meV  off_shell_Omega=    194.0385 meV
     lambda_tr(   6 )=      -0.000000   gamma_tr=      -0.000000 meV  omega=    193.9438 meV   on_shell_Omega=    194.0891 meV  off_shell_Omega=    194.0385 meV
     lambda___( tot )=       0.000000
     lambda_tr( tot )=      -0.000000
     -------------------------------------------------------------------


     Number of (k,k+q) pairs on the Fermi surface:      324 out of      324


     ismear =     1 iq =      76 coord.:   0.22222  0.16667  0.00000 wt:   0.00309 Temp:  300.000K
     -------------------------------------------------------------------
     lambda___(   1 )=       0.000000   gamma___=       0.000000 meV  omega=     32.2670 meV   on_shell_Omega=     32.2614 meV  off_shell_Omega=     32.2614 meV
     lambda_tr(   1 )=      -0.000000   gamma_tr=      -0.000000 meV  omega=     32.2670 meV   on_shell_Omega=     32.2614 meV  off_shell_Omega=     32.2614 meV
     lambda___(   2 )=      -0.000000   gamma___=      -0.000000 meV  omega=     84.6510 meV   on_shell_Omega=     84.6898 meV  off_shell_Omega=     84.6898 meV
     lambda_tr(   2 )=      -0.000000   gamma_tr=      -0.000000 meV  omega=     84.6510 meV   on_shell_Omega=     84.6898 meV  off_shell_Omega=     84.6898 meV
     lambda___(   3 )=       0.000000   gamma___=       0.000000 meV  omega=     94.8228 meV   on_shell_Omega=     94.8466 meV  off_shell_Omega=     94.8466 meV
     lambda_tr(   3 )=       0.000000   gamma_tr=       0.000000 meV  omega=     94.8228 meV   on_shell_Omega=     94.8466 meV  off_shell_Omega=     94.8466 meV
     lambda___(   4 )=       0.000000   gamma___=       0.000000 meV  omega=    117.3103 meV   on_shell_Omega=    117.3260 meV  off_shell_Omega=    117.3260 meV
     lambda_tr(   4 )=       0.000000   gamma_tr=       0.000000 meV  omega=    117.3103 meV   on_shell_Omega=    117.3260 meV  off_shell_Omega=    117.3260 meV
     lambda___(   5 )=       0.000000   gamma___=       0.000000 meV  omega=    175.8765 meV   on_shell_Omega=    176.1472 meV  off_shell_Omega=    176.1770 meV
     lambda_tr(   5 )=       0.000000   gamma_tr=       0.000000 meV  omega=    175.8765 meV   on_shell_Omega=    176.1472 meV  off_shell_Omega=    176.1770 meV
     lambda___(   6 )=       0.000000   gamma___=       0.000000 meV  omega=    189.0806 meV   on_shell_Omega=    189.1642 meV  off_shell_Omega=    189.1642 meV
     lambda_tr(   6 )=       0.000000   gamma_tr=       0.000000 meV  omega=    189.0806 meV   on_shell_Omega=    189.1642 meV  off_shell_Omega=    189.1642 meV
     lambda___( tot )=       0.000000
     lambda_tr( tot )=       0.000000
     -------------------------------------------------------------------


     Number of (k,k+q) pairs on the Fermi surface:      324 out of      324


     ismear =     1 iq =      77 coord.:   0.22222  0.22222  0.00000 wt:   0.00309 Temp:  300.000K
     -------------------------------------------------------------------
     lambda___(   1 )=       0.000000   gamma___=       0.000000 meV  omega=     39.5213 meV   on_shell_Omega=     39.5510 meV  off_shell_Omega=     39.5510 meV
     lambda_tr(   1 )=       0.000000   gamma_tr=       0.000000 meV  omega=     39.5213 meV   on_shell_Omega=     39.5510 meV  off_shell_Omega=     39.5510 meV
     lambda___(   2 )=       0.000000   gamma___=       0.000000 meV  omega=     89.8641 meV   on_shell_Omega=     89.8987 meV  off_shell_Omega=     89.8987 meV
     lambda_tr(   2 )=       0.000000   gamma_tr=       0.000000 meV  omega=     89.8641 meV   on_shell_Omega=     89.8987 meV  off_shell_Omega=     89.8987 meV
     lambda___(   3 )=       0.000000   gamma___=       0.000000 meV  omega=     95.7309 meV   on_shell_Omega=     95.7706 meV  off_shell_Omega=     95.7706 meV
     lambda_tr(   3 )=       0.000000   gamma_tr=       0.000000 meV  omega=     95.7309 meV   on_shell_Omega=     95.7706 meV  off_shell_Omega=     95.7706 meV
     lambda___(   4 )=       0.000000   gamma___=       0.000000 meV  omega=    126.0337 meV   on_shell_Omega=    126.0677 meV  off_shell_Omega=    126.0677 meV
     lambda_tr(   4 )=       0.000000   gamma_tr=       0.000000 meV  omega=    126.0337 meV   on_shell_Omega=    126.0677 meV  off_shell_Omega=    126.0677 meV
     lambda___(   5 )=       0.000000   gamma___=       0.000000 meV  omega=    173.2623 meV   on_shell_Omega=    173.5232 meV  off_shell_Omega=    173.5584 meV
     lambda_tr(   5 )=       0.000000   gamma_tr=       0.000000 meV  omega=    173.2623 meV   on_shell_Omega=    173.5232 meV  off_shell_Omega=    173.5584 meV
     lambda___(   6 )=       0.000000   gamma___=       0.000000 meV  omega=    183.0205 meV   on_shell_Omega=    183.0635 meV  off_shell_Omega=    183.0635 meV
     lambda_tr(   6 )=       0.000000   gamma_tr=       0.000000 meV  omega=    183.0205 meV   on_shell_Omega=    183.0635 meV  off_shell_Omega=    183.0635 meV
     lambda___( tot )=       0.000000
     lambda_tr( tot )=       0.000000
     -------------------------------------------------------------------


     Number of (k,k+q) pairs on the Fermi surface:      324 out of      324


     ismear =     1 iq =      78 coord.:   0.22222  0.27778  0.00000 wt:   0.00309 Temp:  300.000K
     -------------------------------------------------------------------
     lambda___(   1 )=       0.000000   gamma___=       0.000000 meV  omega=     47.3299 meV   on_shell_Omega=     47.3867 meV  off_shell_Omega=     47.3867 meV
     lambda_tr(   1 )=       0.000000   gamma_tr=       0.000000 meV  omega=     47.3299 meV   on_shell_Omega=     47.3867 meV  off_shell_Omega=     47.3867 meV
     lambda___(   2 )=       0.000000   gamma___=       0.000000 meV  omega=     83.8247 meV   on_shell_Omega=     83.8597 meV  off_shell_Omega=     83.8597 meV
     lambda_tr(   2 )=       0.000000   gamma_tr=       0.000000 meV  omega=     83.8247 meV   on_shell_Omega=     83.8597 meV  off_shell_Omega=     83.8597 meV
     lambda___(   3 )=       0.000000   gamma___=       0.000000 meV  omega=    103.7715 meV   on_shell_Omega=    103.7936 meV  off_shell_Omega=    103.7936 meV
     lambda_tr(   3 )=       0.000000   gamma_tr=       0.000000 meV  omega=    103.7715 meV   on_shell_Omega=    103.7936 meV  off_shell_Omega=    103.7936 meV
     lambda___(   4 )=       0.000000   gamma___=       0.000000 meV  omega=    135.5911 meV   on_shell_Omega=    135.6316 meV  off_shell_Omega=    135.6316 meV
     lambda_tr(   4 )=       0.000000   gamma_tr=       0.000000 meV  omega=    135.5911 meV   on_shell_Omega=    135.6316 meV  off_shell_Omega=    135.6316 meV
     lambda___(   5 )=       0.000000   gamma___=       0.000000 meV  omega=    170.5858 meV   on_shell_Omega=    170.8282 meV  off_shell_Omega=    170.8773 meV
     lambda_tr(   5 )=       0.000000   gamma_tr=       0.000000 meV  omega=    170.5858 meV   on_shell_Omega=    170.8282 meV  off_shell_Omega=    170.8773 meV
     lambda___(   6 )=       0.000000   gamma___=       0.000000 meV  omega=    175.6266 meV   on_shell_Omega=    175.6616 meV  off_shell_Omega=    175.6616 meV
     lambda_tr(   6 )=       0.000000   gamma_tr=       0.000000 meV  omega=    175.6266 meV   on_shell_Omega=    175.6616 meV  off_shell_Omega=    175.6616 meV
     lambda___( tot )=       0.000000
     lambda_tr( tot )=       0.000000
     -------------------------------------------------------------------


     Number of (k,k+q) pairs on the Fermi surface:      324 out of      324


     ismear =     1 iq =      79 coord.:   0.22222  0.33333  0.00000 wt:   0.00309 Temp:  300.000K
     -------------------------------------------------------------------
     lambda___(   1 )=       0.000000   gamma___=       0.000000 meV  omega=     55.0663 meV   on_shell_Omega=     55.1261 meV  off_shell_Omega=     55.1261 meV
     lambda_tr(   1 )=       0.000000   gamma_tr=       0.000000 meV  omega=     55.0663 meV   on_shell_Omega=     55.1261 meV  off_shell_Omega=     55.1261 meV
     lambda___(   2 )=       0.000000   gamma___=       0.000000 meV  omega=     77.2226 meV   on_shell_Omega=     77.2604 meV  off_shell_Omega=     77.2604 meV
     lambda_tr(   2 )=       0.000000   gamma_tr=       0.000000 meV  omega=     77.2226 meV   on_shell_Omega=     77.2604 meV  off_shell_Omega=     77.2604 meV
     lambda___(   3 )=       0.000000   gamma___=       0.000000 meV  omega=    108.6272 meV   on_shell_Omega=    108.6349 meV  off_shell_Omega=    108.6349 meV
     lambda_tr(   3 )=       0.000000   gamma_tr=       0.000000 meV  omega=    108.6272 meV   on_shell_Omega=    108.6349 meV  off_shell_Omega=    108.6349 meV
     lambda___(   4 )=       0.000000   gamma___=       0.000000 meV  omega=    145.8258 meV   on_shell_Omega=    145.8531 meV  off_shell_Omega=    145.8531 meV
     lambda_tr(   4 )=      -0.000000   gamma_tr=      -0.000000 meV  omega=    145.8258 meV   on_shell_Omega=    145.8531 meV  off_shell_Omega=    145.8531 meV
     lambda___(   5 )=       0.000000   gamma___=       0.000000 meV  omega=    166.9249 meV   on_shell_Omega=    166.9417 meV  off_shell_Omega=    166.9417 meV
     lambda_tr(   5 )=       0.000000   gamma_tr=       0.000000 meV  omega=    166.9249 meV   on_shell_Omega=    166.9417 meV  off_shell_Omega=    166.9417 meV
     lambda___(   6 )=       0.000000   gamma___=       0.000000 meV  omega=    168.0175 meV   on_shell_Omega=    168.3463 meV  off_shell_Omega=    168.3046 meV
     lambda_tr(   6 )=       0.000000   gamma_tr=       0.000000 meV  omega=    168.0175 meV   on_shell_Omega=    168.3463 meV  off_shell_Omega=    168.3046 meV
     lambda___( tot )=       0.000000
     lambda_tr( tot )=       0.000000
     -------------------------------------------------------------------


     Number of (k,k+q) pairs on the Fermi surface:      324 out of      324


     ismear =     1 iq =      80 coord.:   0.22222  0.38889  0.00000 wt:   0.00309 Temp:  300.000K
     -------------------------------------------------------------------
     lambda___(   1 )=       0.000000   gamma___=       0.000000 meV  omega=     59.5089 meV   on_shell_Omega=     59.5638 meV  off_shell_Omega=     59.5638 meV
     lambda_tr(   1 )=       0.000000   gamma_tr=       0.000000 meV  omega=     59.5089 meV   on_shell_Omega=     59.5638 meV  off_shell_Omega=     59.5638 meV
     lambda___(   2 )=       0.000000   gamma___=       0.000000 meV  omega=     73.1716 meV   on_shell_Omega=     73.2141 meV  off_shell_Omega=     73.2141 meV
     lambda_tr(   2 )=       0.000000   gamma_tr=       0.000000 meV  omega=     73.1716 meV   on_shell_Omega=     73.2141 meV  off_shell_Omega=     73.2141 meV
     lambda___(   3 )=       0.000000   gamma___=       0.000000 meV  omega=    110.3060 meV   on_shell_Omega=    110.3086 meV  off_shell_Omega=    110.3086 meV
     lambda_tr(   3 )=       0.000000   gamma_tr=       0.000000 meV  omega=    110.3060 meV   on_shell_Omega=    110.3086 meV  off_shell_Omega=    110.3086 meV
     lambda___(   4 )=       0.000000   gamma___=       0.000000 meV  omega=    153.8528 meV   on_shell_Omega=    153.8369 meV  off_shell_Omega=    153.8369 meV
     lambda_tr(   4 )=       0.000000   gamma_tr=       0.000000 meV  omega=    153.8528 meV   on_shell_Omega=    153.8369 meV  off_shell_Omega=    153.8369 meV
     lambda___(   5 )=       0.000000   gamma___=       0.000000 meV  omega=    159.4651 meV   on_shell_Omega=    159.5217 meV  off_shell_Omega=    159.5217 meV
     lambda_tr(   5 )=       0.000000   gamma_tr=       0.000000 meV  omega=    159.4651 meV   on_shell_Omega=    159.5217 meV  off_shell_Omega=    159.5217 meV
     lambda___(   6 )=       0.000000   gamma___=       0.000000 meV  omega=    166.8301 meV   on_shell_Omega=    167.2340 meV  off_shell_Omega=    167.3189 meV
     lambda_tr(   6 )=       0.000000   gamma_tr=       0.000000 meV  omega=    166.8301 meV   on_shell_Omega=    167.2340 meV  off_shell_Omega=    167.3189 meV
     lambda___( tot )=       0.000000
     lambda_tr( tot )=       0.000000
     -------------------------------------------------------------------


     Number of (k,k+q) pairs on the Fermi surface:      324 out of      324


     ismear =     1 iq =      81 coord.:   0.22222  0.44444  0.00000 wt:   0.00309 Temp:  300.000K
     -------------------------------------------------------------------
     lambda___(   1 )=      -0.000000   gamma___=      -0.000000 meV  omega=     55.0663 meV   on_shell_Omega=     55.1264 meV  off_shell_Omega=     55.1264 meV
     lambda_tr(   1 )=      -0.000000   gamma_tr=      -0.000000 meV  omega=     55.0663 meV   on_shell_Omega=     55.1264 meV  off_shell_Omega=     55.1264 meV
     lambda___(   2 )=       0.000000   gamma___=       0.000000 meV  omega=     77.2226 meV   on_shell_Omega=     77.2612 meV  off_shell_Omega=     77.2612 meV
     lambda_tr(   2 )=       0.000000   gamma_tr=       0.000000 meV  omega=     77.2226 meV   on_shell_Omega=     77.2612 meV  off_shell_Omega=     77.2612 meV
     lambda___(   3 )=       0.000000   gamma___=       0.000000 meV  omega=    108.6272 meV   on_shell_Omega=    108.6340 meV  off_shell_Omega=    108.6340 meV
     lambda_tr(   3 )=       0.000000   gamma_tr=       0.000000 meV  omega=    108.6272 meV   on_shell_Omega=    108.6340 meV  off_shell_Omega=    108.6340 meV
     lambda___(   4 )=       0.000000   gamma___=       0.000000 meV  omega=    145.8258 meV   on_shell_Omega=    145.8551 meV  off_shell_Omega=    145.8551 meV
     lambda_tr(   4 )=       0.000000   gamma_tr=       0.000000 meV  omega=    145.8258 meV   on_shell_Omega=    145.8551 meV  off_shell_Omega=    145.8551 meV
     lambda___(   5 )=      -0.000000   gamma___=      -0.000000 meV  omega=    166.9249 meV   on_shell_Omega=    166.9416 meV  off_shell_Omega=    166.9416 meV
     lambda_tr(   5 )=      -0.000000   gamma_tr=      -0.000000 meV  omega=    166.9249 meV   on_shell_Omega=    166.9416 meV  off_shell_Omega=    166.9416 meV
     lambda___(   6 )=       0.000000   gamma___=       0.000000 meV  omega=    168.0175 meV   on_shell_Omega=    168.3557 meV  off_shell_Omega=    168.3046 meV
     lambda_tr(   6 )=       0.000000   gamma_tr=       0.000000 meV  omega=    168.0175 meV   on_shell_Omega=    168.3557 meV  off_shell_Omega=    168.3046 meV
     lambda___( tot )=       0.000000
     lambda_tr( tot )=       0.000000
     -------------------------------------------------------------------


     Number of (k,k+q) pairs on the Fermi surface:      324 out of      324


     ismear =     1 iq =      82 coord.:   0.22222  0.50000  0.00000 wt:   0.00309 Temp:  300.000K
     -------------------------------------------------------------------
     lambda___(   1 )=       0.000000   gamma___=       0.000000 meV  omega=     47.3299 meV   on_shell_Omega=     47.3876 meV  off_shell_Omega=     47.3876 meV
     lambda_tr(   1 )=       0.000000   gamma_tr=       0.000000 meV  omega=     47.3299 meV   on_shell_Omega=     47.3876 meV  off_shell_Omega=     47.3876 meV
     lambda___(   2 )=       0.000000   gamma___=       0.000000 meV  omega=     83.8247 meV   on_shell_Omega=     83.8593 meV  off_shell_Omega=     83.8593 meV
     lambda_tr(   2 )=       0.000000   gamma_tr=       0.000000 meV  omega=     83.8247 meV   on_shell_Omega=     83.8593 meV  off_shell_Omega=     83.8593 meV
     lambda___(   3 )=       0.000000   gamma___=       0.000000 meV  omega=    103.7715 meV   on_shell_Omega=    103.7930 meV  off_shell_Omega=    103.7930 meV
     lambda_tr(   3 )=       0.000000   gamma_tr=       0.000000 meV  omega=    103.7715 meV   on_shell_Omega=    103.7930 meV  off_shell_Omega=    103.7930 meV
     lambda___(   4 )=       0.000000   gamma___=       0.000000 meV  omega=    135.5911 meV   on_shell_Omega=    135.6322 meV  off_shell_Omega=    135.6322 meV
     lambda_tr(   4 )=       0.000000   gamma_tr=       0.000000 meV  omega=    135.5911 meV   on_shell_Omega=    135.6322 meV  off_shell_Omega=    135.6322 meV
     lambda___(   5 )=       0.000000   gamma___=       0.000000 meV  omega=    170.5858 meV   on_shell_Omega=    170.8335 meV  off_shell_Omega=    170.8773 meV
     lambda_tr(   5 )=       0.000000   gamma_tr=       0.000000 meV  omega=    170.5858 meV   on_shell_Omega=    170.8335 meV  off_shell_Omega=    170.8773 meV
     lambda___(   6 )=       0.000000   gamma___=       0.000000 meV  omega=    175.6266 meV   on_shell_Omega=    175.6608 meV  off_shell_Omega=    175.6608 meV
     lambda_tr(   6 )=       0.000000   gamma_tr=       0.000000 meV  omega=    175.6266 meV   on_shell_Omega=    175.6608 meV  off_shell_Omega=    175.6608 meV
     lambda___( tot )=       0.000000
     lambda_tr( tot )=       0.000000
     -------------------------------------------------------------------


     Number of (k,k+q) pairs on the Fermi surface:      324 out of      324


     ismear =     1 iq =      83 coord.:   0.22222  0.55556  0.00000 wt:   0.00309 Temp:  300.000K
     -------------------------------------------------------------------
     lambda___(   1 )=      -0.000000   gamma___=      -0.000000 meV  omega=     39.5213 meV   on_shell_Omega=     39.5498 meV  off_shell_Omega=     39.5498 meV
     lambda_tr(   1 )=      -0.000000   gamma_tr=      -0.000000 meV  omega=     39.5213 meV   on_shell_Omega=     39.5498 meV  off_shell_Omega=     39.5498 meV
     lambda___(   2 )=      -0.000000   gamma___=      -0.000000 meV  omega=     89.8641 meV   on_shell_Omega=     89.8983 meV  off_shell_Omega=     89.8983 meV
     lambda_tr(   2 )=      -0.000000   gamma_tr=      -0.000000 meV  omega=     89.8641 meV   on_shell_Omega=     89.8983 meV  off_shell_Omega=     89.8983 meV
     lambda___(   3 )=      -0.000000   gamma___=      -0.000000 meV  omega=     95.7309 meV   on_shell_Omega=     95.7708 meV  off_shell_Omega=     95.7708 meV
     lambda_tr(   3 )=      -0.000000   gamma_tr=      -0.000000 meV  omega=     95.7309 meV   on_shell_Omega=     95.7708 meV  off_shell_Omega=     95.7708 meV
     lambda___(   4 )=      -0.000000   gamma___=      -0.000000 meV  omega=    126.0337 meV   on_shell_Omega=    126.0670 meV  off_shell_Omega=    126.0670 meV
     lambda_tr(   4 )=      -0.000000   gamma_tr=      -0.000000 meV  omega=    126.0337 meV   on_shell_Omega=    126.0670 meV  off_shell_Omega=    126.0670 meV
     lambda___(   5 )=      -0.000000   gamma___=      -0.000000 meV  omega=    173.2623 meV   on_shell_Omega=    173.5164 meV  off_shell_Omega=    173.5584 meV
     lambda_tr(   5 )=      -0.000000   gamma_tr=      -0.000000 meV  omega=    173.2623 meV   on_shell_Omega=    173.5164 meV  off_shell_Omega=    173.5584 meV
     lambda___(   6 )=      -0.000000   gamma___=      -0.000000 meV  omega=    183.0205 meV   on_shell_Omega=    183.0623 meV  off_shell_Omega=    183.0623 meV
     lambda_tr(   6 )=      -0.000000   gamma_tr=      -0.000000 meV  omega=    183.0205 meV   on_shell_Omega=    183.0623 meV  off_shell_Omega=    183.0623 meV
     lambda___( tot )=      -0.000000
     lambda_tr( tot )=      -0.000000
     -------------------------------------------------------------------


     Number of (k,k+q) pairs on the Fermi surface:      324 out of      324


     ismear =     1 iq =      84 coord.:   0.22222  0.61111  0.00000 wt:   0.00309 Temp:  300.000K
     -------------------------------------------------------------------
     lambda___(   1 )=       0.000000   gamma___=       0.000000 meV  omega=     32.2670 meV   on_shell_Omega=     32.2562 meV  off_shell_Omega=     32.2562 meV
     lambda_tr(   1 )=      -0.000000   gamma_tr=      -0.000000 meV  omega=     32.2670 meV   on_shell_Omega=     32.2562 meV  off_shell_Omega=     32.2562 meV
     lambda___(   2 )=       0.000000   gamma___=       0.000000 meV  omega=     84.6510 meV   on_shell_Omega=     84.6897 meV  off_shell_Omega=     84.6897 meV
     lambda_tr(   2 )=       0.000000   gamma_tr=       0.000000 meV  omega=     84.6510 meV   on_shell_Omega=     84.6897 meV  off_shell_Omega=     84.6897 meV
     lambda___(   3 )=       0.000000   gamma___=       0.000000 meV  omega=     94.8228 meV   on_shell_Omega=     94.8476 meV  off_shell_Omega=     94.8476 meV
     lambda_tr(   3 )=       0.000000   gamma_tr=       0.000000 meV  omega=     94.8228 meV   on_shell_Omega=     94.8476 meV  off_shell_Omega=     94.8476 meV
     lambda___(   4 )=       0.000000   gamma___=       0.000000 meV  omega=    117.3103 meV   on_shell_Omega=    117.3250 meV  off_shell_Omega=    117.3250 meV
     lambda_tr(   4 )=       0.000000   gamma_tr=       0.000000 meV  omega=    117.3103 meV   on_shell_Omega=    117.3250 meV  off_shell_Omega=    117.3250 meV
     lambda___(   5 )=       0.000000   gamma___=       0.000000 meV  omega=    175.8765 meV   on_shell_Omega=    176.1440 meV  off_shell_Omega=    176.1770 meV
     lambda_tr(   5 )=       0.000000   gamma_tr=       0.000000 meV  omega=    175.8765 meV   on_shell_Omega=    176.1440 meV  off_shell_Omega=    176.1770 meV
     lambda___(   6 )=       0.000000   gamma___=       0.000000 meV  omega=    189.0806 meV   on_shell_Omega=    189.1621 meV  off_shell_Omega=    189.1621 meV
     lambda_tr(   6 )=       0.000000   gamma_tr=       0.000000 meV  omega=    189.0806 meV   on_shell_Omega=    189.1621 meV  off_shell_Omega=    189.1621 meV
     lambda___( tot )=       0.000000
     lambda_tr( tot )=       0.000000
     -------------------------------------------------------------------


     Number of (k,k+q) pairs on the Fermi surface:      324 out of      324


     ismear =     1 iq =      85 coord.:   0.22222  0.66667  0.00000 wt:   0.00309 Temp:  300.000K
     -------------------------------------------------------------------
     lambda___(   1 )=      -0.000000   gamma___=      -0.000000 meV  omega=     25.6265 meV   on_shell_Omega=     25.6171 meV  off_shell_Omega=     25.6171 meV
     lambda_tr(   1 )=      -0.000000   gamma_tr=      -0.000000 meV  omega=     25.6265 meV   on_shell_Omega=     25.6171 meV  off_shell_Omega=     25.6171 meV
     lambda___(   2 )=       0.000000   gamma___=       0.000000 meV  omega=     71.9858 meV   on_shell_Omega=     72.0190 meV  off_shell_Omega=     72.0190 meV
     lambda_tr(   2 )=       0.000000   gamma_tr=       0.000000 meV  omega=     71.9858 meV   on_shell_Omega=     72.0190 meV  off_shell_Omega=     72.0190 meV
     lambda___(   3 )=       0.000000   gamma___=       0.000000 meV  omega=     98.6974 meV   on_shell_Omega=     98.7070 meV  off_shell_Omega=     98.7070 meV
     lambda_tr(   3 )=       0.000000   gamma_tr=       0.000000 meV  omega=     98.6974 meV   on_shell_Omega=     98.7070 meV  off_shell_Omega=     98.7070 meV
     lambda___(   4 )=       0.000000   gamma___=       0.000000 meV  omega=    108.3008 meV   on_shell_Omega=    108.3151 meV  off_shell_Omega=    108.3151 meV
     lambda_tr(   4 )=       0.000000   gamma_tr=       0.000000 meV  omega=    108.3008 meV   on_shell_Omega=    108.3151 meV  off_shell_Omega=    108.3151 meV
     lambda___(   5 )=       0.000000   gamma___=       0.000000 meV  omega=    178.9592 meV   on_shell_Omega=    179.1981 meV  off_shell_Omega=    179.2650 meV
     lambda_tr(   5 )=       0.000000   gamma_tr=       0.000000 meV  omega=    178.9592 meV   on_shell_Omega=    179.1981 meV  off_shell_Omega=    179.2650 meV
     lambda___(   6 )=       0.000000   gamma___=       0.000000 meV  omega=    193.9438 meV   on_shell_Omega=    194.0870 meV  off_shell_Omega=    194.0385 meV
     lambda_tr(   6 )=       0.000000   gamma_tr=       0.000000 meV  omega=    193.9438 meV   on_shell_Omega=    194.0870 meV  off_shell_Omega=    194.0385 meV
     lambda___( tot )=       0.000000
     lambda_tr( tot )=       0.000000
     -------------------------------------------------------------------


     Number of (k,k+q) pairs on the Fermi surface:      324 out of      324


     ismear =     1 iq =      86 coord.:   0.22222  0.72222  0.00000 wt:   0.00309 Temp:  300.000K
     -------------------------------------------------------------------
     lambda___(   1 )=       0.000000   gamma___=       0.000000 meV  omega=     19.7003 meV   on_shell_Omega=     19.7043 meV  off_shell_Omega=     19.7043 meV
     lambda_tr(   1 )=       0.000000   gamma_tr=       0.000000 meV  omega=     19.7003 meV   on_shell_Omega=     19.7043 meV  off_shell_Omega=     19.7043 meV
     lambda___(   2 )=       0.000000   gamma___=       0.000000 meV  omega=     60.2779 meV   on_shell_Omega=     60.2867 meV  off_shell_Omega=     60.2867 meV
     lambda_tr(   2 )=       0.000000   gamma_tr=       0.000000 meV  omega=     60.2779 meV   on_shell_Omega=     60.2867 meV  off_shell_Omega=     60.2867 meV
     lambda___(   3 )=       0.000000   gamma___=       0.000000 meV  omega=     98.3469 meV   on_shell_Omega=     98.3715 meV  off_shell_Omega=     98.3715 meV
     lambda_tr(   3 )=       0.000000   gamma_tr=       0.000000 meV  omega=     98.3469 meV   on_shell_Omega=     98.3715 meV  off_shell_Omega=     98.3715 meV
     lambda___(   4 )=       0.000000   gamma___=       0.000000 meV  omega=    101.5638 meV   on_shell_Omega=    101.5663 meV  off_shell_Omega=    101.5663 meV
     lambda_tr(   4 )=       0.000000   gamma_tr=       0.000000 meV  omega=    101.5638 meV   on_shell_Omega=    101.5663 meV  off_shell_Omega=    101.5663 meV
     lambda___(   5 )=       0.000000   gamma___=       0.000000 meV  omega=    182.2325 meV   on_shell_Omega=    182.4353 meV  off_shell_Omega=    182.3215 meV
     lambda_tr(   5 )=       0.000000   gamma_tr=       0.000000 meV  omega=    182.2325 meV   on_shell_Omega=    182.4353 meV  off_shell_Omega=    182.3215 meV
     lambda___(   6 )=       0.000000   gamma___=       0.000000 meV  omega=    197.3919 meV   on_shell_Omega=    197.5955 meV  off_shell_Omega=    197.4883 meV
     lambda_tr(   6 )=       0.000000   gamma_tr=       0.000000 meV  omega=    197.3919 meV   on_shell_Omega=    197.5955 meV  off_shell_Omega=    197.4883 meV
     lambda___( tot )=       0.000000
     lambda_tr( tot )=       0.000000
     -------------------------------------------------------------------


     Number of (k,k+q) pairs on the Fermi surface:      324 out of      324


     ismear =     1 iq =      87 coord.:   0.22222  0.77778  0.00000 wt:   0.00309 Temp:  300.000K
     -------------------------------------------------------------------
     lambda___(   1 )=       0.000000   gamma___=       0.000000 meV  omega=     15.0491 meV   on_shell_Omega=     15.0522 meV  off_shell_Omega=     15.0522 meV
     lambda_tr(   1 )=       0.000000   gamma_tr=       0.000000 meV  omega=     15.0491 meV   on_shell_Omega=     15.0522 meV  off_shell_Omega=     15.0522 meV
     lambda___(   2 )=       0.000000   gamma___=       0.000000 meV  omega=     52.5809 meV   on_shell_Omega=     52.5731 meV  off_shell_Omega=     52.5731 meV
     lambda_tr(   2 )=       0.000000   gamma_tr=       0.000000 meV  omega=     52.5809 meV   on_shell_Omega=     52.5731 meV  off_shell_Omega=     52.5731 meV
     lambda___(   3 )=       0.000000   gamma___=       0.000000 meV  omega=     88.1728 meV   on_shell_Omega=     88.1995 meV  off_shell_Omega=     88.1995 meV
     lambda_tr(   3 )=       0.000000   gamma_tr=       0.000000 meV  omega=     88.1728 meV   on_shell_Omega=     88.1995 meV  off_shell_Omega=     88.1995 meV
     lambda___(   4 )=       0.000000   gamma___=       0.000000 meV  omega=    103.4673 meV   on_shell_Omega=    103.4685 meV  off_shell_Omega=    103.4685 meV
     lambda_tr(   4 )=       0.000000   gamma_tr=       0.000000 meV  omega=    103.4673 meV   on_shell_Omega=    103.4685 meV  off_shell_Omega=    103.4685 meV
     lambda___(   5 )=       0.000000   gamma___=       0.000000 meV  omega=    184.7081 meV   on_shell_Omega=    184.9177 meV  off_shell_Omega=    184.7983 meV
     lambda_tr(   5 )=       0.000000   gamma_tr=       0.000000 meV  omega=    184.7081 meV   on_shell_Omega=    184.9177 meV  off_shell_Omega=    184.7983 meV
     lambda___(   6 )=       0.000000   gamma___=       0.000000 meV  omega=    199.0673 meV   on_shell_Omega=    199.3449 meV  off_shell_Omega=    199.4075 meV
     lambda_tr(   6 )=       0.000000   gamma_tr=       0.000000 meV  omega=    199.0673 meV   on_shell_Omega=    199.3449 meV  off_shell_Omega=    199.4075 meV
     lambda___( tot )=       0.000000
     lambda_tr( tot )=       0.000000
     -------------------------------------------------------------------


     Number of (k,k+q) pairs on the Fermi surface:      324 out of      324


     ismear =     1 iq =      88 coord.:   0.22222  0.83333  0.00000 wt:   0.00309 Temp:  300.000K
     -------------------------------------------------------------------
     lambda___(   1 )=       0.000000   gamma___=       0.000000 meV  omega=     12.3904 meV   on_shell_Omega=     12.4020 meV  off_shell_Omega=     12.4020 meV
     lambda_tr(   1 )=       0.000000   gamma_tr=       0.000000 meV  omega=     12.3904 meV   on_shell_Omega=     12.4020 meV  off_shell_Omega=     12.4020 meV
     lambda___(   2 )=       0.000000   gamma___=       0.000000 meV  omega=     50.4729 meV   on_shell_Omega=     50.4903 meV  off_shell_Omega=     50.4903 meV
     lambda_tr(   2 )=       0.000000   gamma_tr=       0.000000 meV  omega=     50.4729 meV   on_shell_Omega=     50.4903 meV  off_shell_Omega=     50.4903 meV
     lambda___(   3 )=       0.000000   gamma___=       0.000000 meV  omega=     79.5725 meV   on_shell_Omega=     79.5888 meV  off_shell_Omega=     79.5888 meV
     lambda_tr(   3 )=       0.000000   gamma_tr=       0.000000 meV  omega=     79.5725 meV   on_shell_Omega=     79.5888 meV  off_shell_Omega=     79.5888 meV
     lambda___(   4 )=       0.000000   gamma___=       0.000000 meV  omega=    104.4973 meV   on_shell_Omega=    104.4977 meV  off_shell_Omega=    104.4977 meV
     lambda_tr(   4 )=       0.000000   gamma_tr=       0.000000 meV  omega=    104.4973 meV   on_shell_Omega=    104.4977 meV  off_shell_Omega=    104.4977 meV
     lambda___(   5 )=       0.000000   gamma___=       0.000000 meV  omega=    185.9142 meV   on_shell_Omega=    186.1529 meV  off_shell_Omega=    186.2319 meV
     lambda_tr(   5 )=       0.000000   gamma_tr=       0.000000 meV  omega=    185.9142 meV   on_shell_Omega=    186.1529 meV  off_shell_Omega=    186.2319 meV
     lambda___(   6 )=       0.000000   gamma___=       0.000000 meV  omega=    199.3005 meV   on_shell_Omega=    199.6357 meV  off_shell_Omega=    199.6411 meV
     lambda_tr(   6 )=       0.000000   gamma_tr=       0.000000 meV  omega=    199.3005 meV   on_shell_Omega=    199.6357 meV  off_shell_Omega=    199.6411 meV
     lambda___( tot )=       0.000000
     lambda_tr( tot )=       0.000000
     -------------------------------------------------------------------


     Number of (k,k+q) pairs on the Fermi surface:      324 out of      324


     ismear =     1 iq =      89 coord.:   0.22222  0.88889  0.00000 wt:   0.00309 Temp:  300.000K
     -------------------------------------------------------------------
     lambda___(   1 )=      -0.000000   gamma___=      -0.000000 meV  omega=     11.6386 meV   on_shell_Omega=     11.6624 meV  off_shell_Omega=     11.6624 meV
     lambda_tr(   1 )=      -0.000000   gamma_tr=      -0.000000 meV  omega=     11.6386 meV   on_shell_Omega=     11.6624 meV  off_shell_Omega=     11.6624 meV
     lambda___(   2 )=      -0.000000   gamma___=      -0.000000 meV  omega=     50.9452 meV   on_shell_Omega=     50.9953 meV  off_shell_Omega=     50.9953 meV
     lambda_tr(   2 )=      -0.000000   gamma_tr=      -0.000000 meV  omega=     50.9452 meV   on_shell_Omega=     50.9953 meV  off_shell_Omega=     50.9953 meV
     lambda___(   3 )=      -0.000000   gamma___=      -0.000000 meV  omega=     75.8005 meV   on_shell_Omega=     75.7873 meV  off_shell_Omega=     75.7873 meV
     lambda_tr(   3 )=      -0.000000   gamma_tr=      -0.000000 meV  omega=     75.8005 meV   on_shell_Omega=     75.7873 meV  off_shell_Omega=     75.7873 meV
     lambda___(   4 )=      -0.000000   gamma___=      -0.000000 meV  omega=    104.8116 meV   on_shell_Omega=    104.8115 meV  off_shell_Omega=    104.8115 meV
     lambda_tr(   4 )=      -0.000000   gamma_tr=      -0.000000 meV  omega=    104.8116 meV   on_shell_Omega=    104.8115 meV  off_shell_Omega=    104.8115 meV
     lambda___(   5 )=       0.000000   gamma___=       0.000000 meV  omega=    186.2087 meV   on_shell_Omega=    186.4814 meV  off_shell_Omega=    186.5269 meV
     lambda_tr(   5 )=       0.000000   gamma_tr=       0.000000 meV  omega=    186.2087 meV   on_shell_Omega=    186.4814 meV  off_shell_Omega=    186.5269 meV
     lambda___(   6 )=       0.000000   gamma___=       0.000000 meV  omega=    199.1668 meV   on_shell_Omega=    199.4980 meV  off_shell_Omega=    199.5072 meV
     lambda_tr(   6 )=       0.000000   gamma_tr=       0.000000 meV  omega=    199.1668 meV   on_shell_Omega=    199.4980 meV  off_shell_Omega=    199.5072 meV
     lambda___( tot )=       0.000000
     lambda_tr( tot )=       0.000000
     -------------------------------------------------------------------


     Number of (k,k+q) pairs on the Fermi surface:      324 out of      324


     ismear =     1 iq =      90 coord.:   0.22222  0.94444  0.00000 wt:   0.00309 Temp:  300.000K
     -------------------------------------------------------------------
     lambda___(   1 )=      -0.000000   gamma___=      -0.000000 meV  omega=     12.3904 meV   on_shell_Omega=     12.4048 meV  off_shell_Omega=     12.4048 meV
     lambda_tr(   1 )=      -0.000000   gamma_tr=      -0.000000 meV  omega=     12.3904 meV   on_shell_Omega=     12.4048 meV  off_shell_Omega=     12.4048 meV
     lambda___(   2 )=       0.000000   gamma___=       0.000000 meV  omega=     50.4729 meV   on_shell_Omega=     50.4891 meV  off_shell_Omega=     50.4891 meV
     lambda_tr(   2 )=       0.000000   gamma_tr=       0.000000 meV  omega=     50.4729 meV   on_shell_Omega=     50.4891 meV  off_shell_Omega=     50.4891 meV
     lambda___(   3 )=       0.000000   gamma___=       0.000000 meV  omega=     79.5725 meV   on_shell_Omega=     79.5905 meV  off_shell_Omega=     79.5905 meV
     lambda_tr(   3 )=       0.000000   gamma_tr=       0.000000 meV  omega=     79.5725 meV   on_shell_Omega=     79.5905 meV  off_shell_Omega=     79.5905 meV
     lambda___(   4 )=       0.000000   gamma___=       0.000000 meV  omega=    104.4973 meV   on_shell_Omega=    104.4978 meV  off_shell_Omega=    104.4978 meV
     lambda_tr(   4 )=       0.000000   gamma_tr=       0.000000 meV  omega=    104.4973 meV   on_shell_Omega=    104.4978 meV  off_shell_Omega=    104.4978 meV
     lambda___(   5 )=       0.000000   gamma___=       0.000000 meV  omega=    185.9142 meV   on_shell_Omega=    186.1616 meV  off_shell_Omega=    186.2319 meV
     lambda_tr(   5 )=       0.000000   gamma_tr=       0.000000 meV  omega=    185.9142 meV   on_shell_Omega=    186.1616 meV  off_shell_Omega=    186.2319 meV
     lambda___(   6 )=       0.000000   gamma___=       0.000000 meV  omega=    199.3005 meV   on_shell_Omega=    199.6369 meV  off_shell_Omega=    199.6411 meV
     lambda_tr(   6 )=       0.000000   gamma_tr=       0.000000 meV  omega=    199.3005 meV   on_shell_Omega=    199.6369 meV  off_shell_Omega=    199.6411 meV
     lambda___( tot )=       0.000000
     lambda_tr( tot )=       0.000000
     -------------------------------------------------------------------


     Number of (k,k+q) pairs on the Fermi surface:      324 out of      324


     ismear =     1 iq =      91 coord.:   0.27778  0.00000  0.00000 wt:   0.00309 Temp:  300.000K
     -------------------------------------------------------------------
     lambda___(   1 )=       0.000000   gamma___=       0.000000 meV  omega=     23.4545 meV   on_shell_Omega=     23.4587 meV  off_shell_Omega=     23.4587 meV
     lambda_tr(   1 )=      -0.000000   gamma_tr=      -0.000000 meV  omega=     23.4545 meV   on_shell_Omega=     23.4587 meV  off_shell_Omega=     23.4587 meV
     lambda___(   2 )=       0.000000   gamma___=       0.000000 meV  omega=     61.7232 meV   on_shell_Omega=     61.7207 meV  off_shell_Omega=     61.7207 meV
     lambda_tr(   2 )=      -0.000000   gamma_tr=      -0.000000 meV  omega=     61.7232 meV   on_shell_Omega=     61.7207 meV  off_shell_Omega=     61.7207 meV
     lambda___(   3 )=       0.000000   gamma___=       0.000000 meV  omega=     99.9888 meV   on_shell_Omega=     99.9919 meV  off_shell_Omega=     99.9919 meV
     lambda_tr(   3 )=      -0.000000   gamma_tr=      -0.000000 meV  omega=     99.9888 meV   on_shell_Omega=     99.9919 meV  off_shell_Omega=     99.9919 meV
     lambda___(   4 )=       0.000000   gamma___=       0.000000 meV  omega=    107.3317 meV   on_shell_Omega=    107.3547 meV  off_shell_Omega=    107.3547 meV
     lambda_tr(   4 )=      -0.000000   gamma_tr=      -0.000000 meV  omega=    107.3317 meV   on_shell_Omega=    107.3547 meV  off_shell_Omega=    107.3547 meV
     lambda___(   5 )=       0.000000   gamma___=       0.000000 meV  omega=    181.1095 meV   on_shell_Omega=    181.3005 meV  off_shell_Omega=    181.1979 meV
     lambda_tr(   5 )=      -0.000000   gamma_tr=      -0.000000 meV  omega=    181.1095 meV   on_shell_Omega=    181.3005 meV  off_shell_Omega=    181.1979 meV
     lambda___(   6 )=       0.000000   gamma___=       0.000000 meV  omega=    196.1564 meV   on_shell_Omega=    196.3192 meV  off_shell_Omega=    196.2522 meV
     lambda_tr(   6 )=      -0.000000   gamma_tr=      -0.000000 meV  omega=    196.1564 meV   on_shell_Omega=    196.3192 meV  off_shell_Omega=    196.2522 meV
     lambda___( tot )=       0.000000
     lambda_tr( tot )=      -0.000000
     -------------------------------------------------------------------


     Number of (k,k+q) pairs on the Fermi surface:      324 out of      324


     ismear =     1 iq =      92 coord.:   0.27778  0.05556  0.00000 wt:   0.00309 Temp:  300.000K
     -------------------------------------------------------------------
     lambda___(   1 )=      -0.000000   gamma___=      -0.000000 meV  omega=     28.7857 meV   on_shell_Omega=     28.7816 meV  off_shell_Omega=     28.7816 meV
     lambda_tr(   1 )=      -0.000000   gamma_tr=      -0.000000 meV  omega=     28.7857 meV   on_shell_Omega=     28.7816 meV  off_shell_Omega=     28.7816 meV
     lambda___(   2 )=       0.000000   gamma___=       0.000000 meV  omega=     68.6079 meV   on_shell_Omega=     68.6139 meV  off_shell_Omega=     68.6139 meV
     lambda_tr(   2 )=       0.000000   gamma_tr=       0.000000 meV  omega=     68.6079 meV   on_shell_Omega=     68.6139 meV  off_shell_Omega=     68.6139 meV
     lambda___(   3 )=       0.000000   gamma___=       0.000000 meV  omega=     97.3947 meV   on_shell_Omega=     97.4036 meV  off_shell_Omega=     97.4036 meV
     lambda_tr(   3 )=       0.000000   gamma_tr=       0.000000 meV  omega=     97.3947 meV   on_shell_Omega=     97.4036 meV  off_shell_Omega=     97.4036 meV
     lambda___(   4 )=       0.000000   gamma___=       0.000000 meV  omega=    116.4405 meV   on_shell_Omega=    116.4635 meV  off_shell_Omega=    116.4635 meV
     lambda_tr(   4 )=       0.000000   gamma_tr=       0.000000 meV  omega=    116.4405 meV   on_shell_Omega=    116.4635 meV  off_shell_Omega=    116.4635 meV
     lambda___(   5 )=       0.000000   gamma___=       0.000000 meV  omega=    178.9570 meV   on_shell_Omega=    179.1344 meV  off_shell_Omega=    179.0444 meV
     lambda_tr(   5 )=       0.000000   gamma_tr=       0.000000 meV  omega=    178.9570 meV   on_shell_Omega=    179.1344 meV  off_shell_Omega=    179.0444 meV
     lambda___(   6 )=       0.000000   gamma___=       0.000000 meV  omega=    193.1847 meV   on_shell_Omega=    193.3057 meV  off_shell_Omega=    193.3057 meV
     lambda_tr(   6 )=       0.000000   gamma_tr=       0.000000 meV  omega=    193.1847 meV   on_shell_Omega=    193.3057 meV  off_shell_Omega=    193.3057 meV
     lambda___( tot )=       0.000000
     lambda_tr( tot )=       0.000000
     -------------------------------------------------------------------


     Number of (k,k+q) pairs on the Fermi surface:      324 out of      324


     ismear =     1 iq =      93 coord.:   0.27778  0.11111  0.00000 wt:   0.00309 Temp:  300.000K
     -------------------------------------------------------------------
     lambda___(   1 )=       0.000000   gamma___=       0.000000 meV  omega=     34.7400 meV   on_shell_Omega=     34.7379 meV  off_shell_Omega=     34.7379 meV
     lambda_tr(   1 )=      -0.000000   gamma_tr=      -0.000000 meV  omega=     34.7400 meV   on_shell_Omega=     34.7379 meV  off_shell_Omega=     34.7379 meV
     lambda___(   2 )=       0.000000   gamma___=       0.000000 meV  omega=     79.5115 meV   on_shell_Omega=     79.5267 meV  off_shell_Omega=     79.5267 meV
     lambda_tr(   2 )=       0.000000   gamma_tr=       0.000000 meV  omega=     79.5115 meV   on_shell_Omega=     79.5267 meV  off_shell_Omega=     79.5267 meV
     lambda___(   3 )=       0.000000   gamma___=       0.000000 meV  omega=     93.8133 meV   on_shell_Omega=     93.8361 meV  off_shell_Omega=     93.8361 meV
     lambda_tr(   3 )=      -0.000000   gamma_tr=      -0.000000 meV  omega=     93.8133 meV   on_shell_Omega=     93.8361 meV  off_shell_Omega=     93.8361 meV
     lambda___(   4 )=       0.000000   gamma___=       0.000000 meV  omega=    124.2322 meV   on_shell_Omega=    124.2481 meV  off_shell_Omega=    124.2481 meV
     lambda_tr(   4 )=       0.000000   gamma_tr=       0.000000 meV  omega=    124.2322 meV   on_shell_Omega=    124.2481 meV  off_shell_Omega=    124.2481 meV
     lambda___(   5 )=       0.000000   gamma___=       0.000000 meV  omega=    176.2974 meV   on_shell_Omega=    176.5179 meV  off_shell_Omega=    176.3835 meV
     lambda_tr(   5 )=       0.000000   gamma_tr=       0.000000 meV  omega=    176.2974 meV   on_shell_Omega=    176.5179 meV  off_shell_Omega=    176.3835 meV
     lambda___(   6 )=       0.000000   gamma___=       0.000000 meV  omega=    188.6374 meV   on_shell_Omega=    188.7176 meV  off_shell_Omega=    188.7176 meV
     lambda_tr(   6 )=       0.000000   gamma_tr=       0.000000 meV  omega=    188.6374 meV   on_shell_Omega=    188.7176 meV  off_shell_Omega=    188.7176 meV
     lambda___( tot )=       0.000000
     lambda_tr( tot )=       0.000000
     -------------------------------------------------------------------


     Number of (k,k+q) pairs on the Fermi surface:      324 out of      324


     ismear =     1 iq =      94 coord.:   0.27778  0.16667  0.00000 wt:   0.00309 Temp:  300.000K
     -------------------------------------------------------------------
     lambda___(   1 )=       0.000000   gamma___=       0.000000 meV  omega=     40.9045 meV   on_shell_Omega=     40.9356 meV  off_shell_Omega=     40.9356 meV
     lambda_tr(   1 )=      -0.000000   gamma_tr=      -0.000000 meV  omega=     40.9045 meV   on_shell_Omega=     40.9356 meV  off_shell_Omega=     40.9356 meV
     lambda___(   2 )=       0.000000   gamma___=       0.000000 meV  omega=     89.2864 meV   on_shell_Omega=     89.3181 meV  off_shell_Omega=     89.3181 meV
     lambda_tr(   2 )=       0.000000   gamma_tr=       0.000000 meV  omega=     89.2864 meV   on_shell_Omega=     89.3181 meV  off_shell_Omega=     89.3181 meV
     lambda___(   3 )=       0.000000   gamma___=       0.000000 meV  omega=     91.9370 meV   on_shell_Omega=     91.9579 meV  off_shell_Omega=     91.9579 meV
     lambda_tr(   3 )=      -0.000000   gamma_tr=      -0.000000 meV  omega=     91.9370 meV   on_shell_Omega=     91.9579 meV  off_shell_Omega=     91.9579 meV
     lambda___(   4 )=       0.000000   gamma___=       0.000000 meV  omega=    130.3064 meV   on_shell_Omega=    130.3323 meV  off_shell_Omega=    130.3323 meV
     lambda_tr(   4 )=      -0.000000   gamma_tr=      -0.000000 meV  omega=    130.3064 meV   on_shell_Omega=    130.3323 meV  off_shell_Omega=    130.3323 meV
     lambda___(   5 )=       0.000000   gamma___=       0.000000 meV  omega=    173.6211 meV   on_shell_Omega=    173.8975 meV  off_shell_Omega=    173.9178 meV
     lambda_tr(   5 )=       0.000000   gamma_tr=       0.000000 meV  omega=    173.6211 meV   on_shell_Omega=    173.8975 meV  off_shell_Omega=    173.9178 meV
     lambda___(   6 )=       0.000000   gamma___=       0.000000 meV  omega=    182.8114 meV   on_shell_Omega=    182.8612 meV  off_shell_Omega=    182.8612 meV
     lambda_tr(   6 )=      -0.000000   gamma_tr=      -0.000000 meV  omega=    182.8114 meV   on_shell_Omega=    182.8612 meV  off_shell_Omega=    182.8612 meV
     lambda___( tot )=       0.000000
     lambda_tr( tot )=      -0.000000
     -------------------------------------------------------------------


     Number of (k,k+q) pairs on the Fermi surface:      324 out of      324


     ismear =     1 iq =      95 coord.:   0.27778  0.22222  0.00000 wt:   0.00309 Temp:  300.000K
     -------------------------------------------------------------------
     lambda___(   1 )=       0.000000   gamma___=       0.000000 meV  omega=     47.3226 meV   on_shell_Omega=     47.3792 meV  off_shell_Omega=     47.3792 meV
     lambda_tr(   1 )=       0.000000   gamma_tr=       0.000000 meV  omega=     47.3226 meV   on_shell_Omega=     47.3792 meV  off_shell_Omega=     47.3792 meV
     lambda___(   2 )=       0.000000   gamma___=       0.000000 meV  omega=     83.8289 meV   on_shell_Omega=     83.8645 meV  off_shell_Omega=     83.8645 meV
     lambda_tr(   2 )=       0.000000   gamma_tr=       0.000000 meV  omega=     83.8289 meV   on_shell_Omega=     83.8645 meV  off_shell_Omega=     83.8645 meV
     lambda___(   3 )=       0.000000   gamma___=       0.000000 meV  omega=    103.8518 meV   on_shell_Omega=    103.8779 meV  off_shell_Omega=    103.8779 meV
     lambda_tr(   3 )=       0.000000   gamma_tr=       0.000000 meV  omega=    103.8518 meV   on_shell_Omega=    103.8779 meV  off_shell_Omega=    103.8779 meV
     lambda___(   4 )=       0.000000   gamma___=       0.000000 meV  omega=    135.4890 meV   on_shell_Omega=    135.5244 meV  off_shell_Omega=    135.5244 meV
     lambda_tr(   4 )=       0.000000   gamma_tr=       0.000000 meV  omega=    135.4890 meV   on_shell_Omega=    135.5244 meV  off_shell_Omega=    135.5244 meV
     lambda___(   5 )=       0.000000   gamma___=       0.000000 meV  omega=    170.5665 meV   on_shell_Omega=    170.8511 meV  off_shell_Omega=    170.8580 meV
     lambda_tr(   5 )=       0.000000   gamma_tr=       0.000000 meV  omega=    170.5665 meV   on_shell_Omega=    170.8511 meV  off_shell_Omega=    170.8580 meV
     lambda___(   6 )=       0.000000   gamma___=       0.000000 meV  omega=    175.6767 meV   on_shell_Omega=    175.7137 meV  off_shell_Omega=    175.7137 meV
     lambda_tr(   6 )=       0.000000   gamma_tr=       0.000000 meV  omega=    175.6767 meV   on_shell_Omega=    175.7137 meV  off_shell_Omega=    175.7137 meV
     lambda___( tot )=       0.000000
     lambda_tr( tot )=       0.000000
     -------------------------------------------------------------------


     Number of (k,k+q) pairs on the Fermi surface:      324 out of      324


     ismear =     1 iq =      96 coord.:   0.27778  0.27778  0.00000 wt:   0.00309 Temp:  300.000K
     -------------------------------------------------------------------
     lambda___(   1 )=       0.000000   gamma___=       0.000000 meV  omega=     54.0461 meV   on_shell_Omega=     54.1098 meV  off_shell_Omega=     54.1098 meV
     lambda_tr(   1 )=       0.000000   gamma_tr=       0.000000 meV  omega=     54.0461 meV   on_shell_Omega=     54.1098 meV  off_shell_Omega=     54.1098 meV
     lambda___(   2 )=       0.000000   gamma___=       0.000000 meV  omega=     77.5881 meV   on_shell_Omega=     77.6309 meV  off_shell_Omega=     77.6309 meV
     lambda_tr(   2 )=       0.000000   gamma_tr=       0.000000 meV  omega=     77.5881 meV   on_shell_Omega=     77.6309 meV  off_shell_Omega=     77.6309 meV
     lambda___(   3 )=       0.000000   gamma___=       0.000000 meV  omega=    113.5076 meV   on_shell_Omega=    113.5175 meV  off_shell_Omega=    113.5175 meV
     lambda_tr(   3 )=       0.000000   gamma_tr=       0.000000 meV  omega=    113.5076 meV   on_shell_Omega=    113.5175 meV  off_shell_Omega=    113.5175 meV
     lambda___(   4 )=      -0.000000   gamma___=      -0.000000 meV  omega=    141.1490 meV   on_shell_Omega=    141.1941 meV  off_shell_Omega=    141.1941 meV
     lambda_tr(   4 )=      -0.000000   gamma_tr=      -0.000000 meV  omega=    141.1490 meV   on_shell_Omega=    141.1941 meV  off_shell_Omega=    141.1941 meV
     lambda___(   5 )=       0.000000   gamma___=       0.000000 meV  omega=    166.9276 meV   on_shell_Omega=    166.9309 meV  off_shell_Omega=    166.9309 meV
     lambda_tr(   5 )=       0.000000   gamma_tr=       0.000000 meV  omega=    166.9276 meV   on_shell_Omega=    166.9309 meV  off_shell_Omega=    166.9309 meV
     lambda___(   6 )=       0.000000   gamma___=       0.000000 meV  omega=    167.2931 meV   on_shell_Omega=    167.3004 meV  off_shell_Omega=    167.3004 meV
     lambda_tr(   6 )=       0.000000   gamma_tr=       0.000000 meV  omega=    167.2931 meV   on_shell_Omega=    167.3004 meV  off_shell_Omega=    167.3004 meV
     lambda___( tot )=       0.000000
     lambda_tr( tot )=       0.000000
     -------------------------------------------------------------------


     Number of (k,k+q) pairs on the Fermi surface:      324 out of      324


     ismear =     1 iq =      97 coord.:   0.27778  0.33333  0.00000 wt:   0.00309 Temp:  300.000K
     -------------------------------------------------------------------
     lambda___(   1 )=      -0.000000   gamma___=      -0.000000 meV  omega=     60.3835 meV   on_shell_Omega=     60.4412 meV  off_shell_Omega=     60.4412 meV
     lambda_tr(   1 )=      -0.000000   gamma_tr=      -0.000000 meV  omega=     60.3835 meV   on_shell_Omega=     60.4412 meV  off_shell_Omega=     60.4412 meV
     lambda___(   2 )=      -0.000000   gamma___=      -0.000000 meV  omega=     71.4369 meV   on_shell_Omega=     71.4837 meV  off_shell_Omega=     71.4837 meV
     lambda_tr(   2 )=      -0.000000   gamma_tr=      -0.000000 meV  omega=     71.4369 meV   on_shell_Omega=     71.4837 meV  off_shell_Omega=     71.4837 meV
     lambda___(   3 )=       0.000000   gamma___=       0.000000 meV  omega=    119.0763 meV   on_shell_Omega=    119.0790 meV  off_shell_Omega=    119.0790 meV
     lambda_tr(   3 )=       0.000000   gamma_tr=       0.000000 meV  omega=    119.0763 meV   on_shell_Omega=    119.0790 meV  off_shell_Omega=    119.0790 meV
     lambda___(   4 )=       0.000000   gamma___=       0.000000 meV  omega=    148.0428 meV   on_shell_Omega=    148.0565 meV  off_shell_Omega=    148.0565 meV
     lambda_tr(   4 )=       0.000000   gamma_tr=       0.000000 meV  omega=    148.0428 meV   on_shell_Omega=    148.0565 meV  off_shell_Omega=    148.0565 meV
     lambda___(   5 )=       0.000000   gamma___=       0.000000 meV  omega=    158.3582 meV   on_shell_Omega=    158.3798 meV  off_shell_Omega=    158.3798 meV
     lambda_tr(   5 )=       0.000000   gamma_tr=       0.000000 meV  omega=    158.3582 meV   on_shell_Omega=    158.3798 meV  off_shell_Omega=    158.3798 meV
     lambda___(   6 )=       0.000000   gamma___=       0.000000 meV  omega=    164.2306 meV   on_shell_Omega=    163.5854 meV  off_shell_Omega=    163.5089 meV
     lambda_tr(   6 )=       0.000000   gamma_tr=       0.000000 meV  omega=    164.2306 meV   on_shell_Omega=    163.5854 meV  off_shell_Omega=    163.5089 meV
     lambda___( tot )=       0.000000
     lambda_tr( tot )=       0.000000
     -------------------------------------------------------------------


     Number of (k,k+q) pairs on the Fermi surface:      324 out of      324


     ismear =     1 iq =      98 coord.:   0.27778  0.38889  0.00000 wt:   0.00309 Temp:  300.000K
     -------------------------------------------------------------------
     lambda___(   1 )=       0.000000   gamma___=       0.000000 meV  omega=     60.3835 meV   on_shell_Omega=     60.4401 meV  off_shell_Omega=     60.4401 meV
     lambda_tr(   1 )=       0.000000   gamma_tr=       0.000000 meV  omega=     60.3835 meV   on_shell_Omega=     60.4401 meV  off_shell_Omega=     60.4401 meV
     lambda___(   2 )=       0.000000   gamma___=       0.000000 meV  omega=     71.4369 meV   on_shell_Omega=     71.4850 meV  off_shell_Omega=     71.4850 meV
     lambda_tr(   2 )=       0.000000   gamma_tr=       0.000000 meV  omega=     71.4369 meV   on_shell_Omega=     71.4850 meV  off_shell_Omega=     71.4850 meV
     lambda___(   3 )=       0.000000   gamma___=       0.000000 meV  omega=    119.0763 meV   on_shell_Omega=    119.0786 meV  off_shell_Omega=    119.0786 meV
     lambda_tr(   3 )=       0.000000   gamma_tr=       0.000000 meV  omega=    119.0763 meV   on_shell_Omega=    119.0786 meV  off_shell_Omega=    119.0786 meV
     lambda___(   4 )=       0.000000   gamma___=       0.000000 meV  omega=    148.0428 meV   on_shell_Omega=    148.0587 meV  off_shell_Omega=    148.0587 meV
     lambda_tr(   4 )=      -0.000000   gamma_tr=      -0.000000 meV  omega=    148.0428 meV   on_shell_Omega=    148.0587 meV  off_shell_Omega=    148.0587 meV
     lambda___(   5 )=       0.000000   gamma___=       0.000000 meV  omega=    158.3582 meV   on_shell_Omega=    158.3788 meV  off_shell_Omega=    158.3788 meV
     lambda_tr(   5 )=       0.000000   gamma_tr=       0.000000 meV  omega=    158.3582 meV   on_shell_Omega=    158.3788 meV  off_shell_Omega=    158.3788 meV
     lambda___(   6 )=       0.000000   gamma___=       0.000000 meV  omega=    164.2306 meV   on_shell_Omega=    163.5923 meV  off_shell_Omega=    163.5089 meV
     lambda_tr(   6 )=       0.000000   gamma_tr=       0.000000 meV  omega=    164.2306 meV   on_shell_Omega=    163.5923 meV  off_shell_Omega=    163.5089 meV
     lambda___( tot )=       0.000000
     lambda_tr( tot )=       0.000000
     -------------------------------------------------------------------


     Number of (k,k+q) pairs on the Fermi surface:      324 out of      324


     ismear =     1 iq =      99 coord.:   0.27778  0.44444  0.00000 wt:   0.00309 Temp:  300.000K
     -------------------------------------------------------------------
     lambda___(   1 )=      -0.000000   gamma___=      -0.000000 meV  omega=     54.0461 meV   on_shell_Omega=     54.1097 meV  off_shell_Omega=     54.1097 meV
     lambda_tr(   1 )=       0.000000   gamma_tr=       0.000000 meV  omega=     54.0461 meV   on_shell_Omega=     54.1097 meV  off_shell_Omega=     54.1097 meV
     lambda___(   2 )=      -0.000000   gamma___=      -0.000000 meV  omega=     77.5881 meV   on_shell_Omega=     77.6318 meV  off_shell_Omega=     77.6318 meV
     lambda_tr(   2 )=      -0.000000   gamma_tr=      -0.000000 meV  omega=     77.5881 meV   on_shell_Omega=     77.6318 meV  off_shell_Omega=     77.6318 meV
     lambda___(   3 )=      -0.000000   gamma___=      -0.000000 meV  omega=    113.5076 meV   on_shell_Omega=    113.5190 meV  off_shell_Omega=    113.5190 meV
     lambda_tr(   3 )=      -0.000000   gamma_tr=      -0.000000 meV  omega=    113.5076 meV   on_shell_Omega=    113.5190 meV  off_shell_Omega=    113.5190 meV
     lambda___(   4 )=       0.000000   gamma___=       0.000000 meV  omega=    141.1490 meV   on_shell_Omega=    141.1956 meV  off_shell_Omega=    141.1956 meV
     lambda_tr(   4 )=       0.000000   gamma_tr=       0.000000 meV  omega=    141.1490 meV   on_shell_Omega=    141.1956 meV  off_shell_Omega=    141.1956 meV
     lambda___(   5 )=      -0.000000   gamma___=      -0.000000 meV  omega=    166.9276 meV   on_shell_Omega=    166.9255 meV  off_shell_Omega=    166.9255 meV
     lambda_tr(   5 )=       0.000000   gamma_tr=       0.000000 meV  omega=    166.9276 meV   on_shell_Omega=    166.9255 meV  off_shell_Omega=    166.9255 meV
     lambda___(   6 )=      -0.000000   gamma___=      -0.000000 meV  omega=    167.2931 meV   on_shell_Omega=    167.3094 meV  off_shell_Omega=    167.3094 meV
     lambda_tr(   6 )=       0.000000   gamma_tr=       0.000000 meV  omega=    167.2931 meV   on_shell_Omega=    167.3094 meV  off_shell_Omega=    167.3094 meV
     lambda___( tot )=      -0.000000
     lambda_tr( tot )=       0.000000
     -------------------------------------------------------------------


     Number of (k,k+q) pairs on the Fermi surface:      324 out of      324


     ismear =     1 iq =     100 coord.:   0.27778  0.50000  0.00000 wt:   0.00309 Temp:  300.000K
     -------------------------------------------------------------------
     lambda___(   1 )=       0.000000   gamma___=       0.000000 meV  omega=     47.3226 meV   on_shell_Omega=     47.3774 meV  off_shell_Omega=     47.3774 meV
     lambda_tr(   1 )=       0.000000   gamma_tr=       0.000000 meV  omega=     47.3226 meV   on_shell_Omega=     47.3774 meV  off_shell_Omega=     47.3774 meV
     lambda___(   2 )=       0.000000   gamma___=       0.000000 meV  omega=     83.8289 meV   on_shell_Omega=     83.8648 meV  off_shell_Omega=     83.8648 meV
     lambda_tr(   2 )=       0.000000   gamma_tr=       0.000000 meV  omega=     83.8289 meV   on_shell_Omega=     83.8648 meV  off_shell_Omega=     83.8648 meV
     lambda___(   3 )=       0.000000   gamma___=       0.000000 meV  omega=    103.8518 meV   on_shell_Omega=    103.8804 meV  off_shell_Omega=    103.8804 meV
     lambda_tr(   3 )=       0.000000   gamma_tr=       0.000000 meV  omega=    103.8518 meV   on_shell_Omega=    103.8804 meV  off_shell_Omega=    103.8804 meV
     lambda___(   4 )=       0.000000   gamma___=       0.000000 meV  omega=    135.4890 meV   on_shell_Omega=    135.5240 meV  off_shell_Omega=    135.5240 meV
     lambda_tr(   4 )=       0.000000   gamma_tr=       0.000000 meV  omega=    135.4890 meV   on_shell_Omega=    135.5240 meV  off_shell_Omega=    135.5240 meV
     lambda___(   5 )=       0.000000   gamma___=       0.000000 meV  omega=    170.5665 meV   on_shell_Omega=    170.8409 meV  off_shell_Omega=    170.8580 meV
     lambda_tr(   5 )=       0.000000   gamma_tr=       0.000000 meV  omega=    170.5665 meV   on_shell_Omega=    170.8409 meV  off_shell_Omega=    170.8580 meV
     lambda___(   6 )=       0.000000   gamma___=       0.000000 meV  omega=    175.6767 meV   on_shell_Omega=    175.7150 meV  off_shell_Omega=    175.7150 meV
     lambda_tr(   6 )=       0.000000   gamma_tr=       0.000000 meV  omega=    175.6767 meV   on_shell_Omega=    175.7150 meV  off_shell_Omega=    175.7150 meV
     lambda___( tot )=       0.000000
     lambda_tr( tot )=       0.000000
     -------------------------------------------------------------------


     Number of (k,k+q) pairs on the Fermi surface:      324 out of      324


     ismear =     1 iq =     101 coord.:   0.27778  0.55556  0.00000 wt:   0.00309 Temp:  300.000K
     -------------------------------------------------------------------
     lambda___(   1 )=       0.000000   gamma___=       0.000000 meV  omega=     40.9045 meV   on_shell_Omega=     40.9320 meV  off_shell_Omega=     40.9320 meV
     lambda_tr(   1 )=       0.000000   gamma_tr=       0.000000 meV  omega=     40.9045 meV   on_shell_Omega=     40.9320 meV  off_shell_Omega=     40.9320 meV
     lambda___(   2 )=       0.000000   gamma___=       0.000000 meV  omega=     89.2864 meV   on_shell_Omega=     89.3206 meV  off_shell_Omega=     89.3206 meV
     lambda_tr(   2 )=       0.000000   gamma_tr=       0.000000 meV  omega=     89.2864 meV   on_shell_Omega=     89.3206 meV  off_shell_Omega=     89.3206 meV
     lambda___(   3 )=       0.000000   gamma___=       0.000000 meV  omega=     91.9370 meV   on_shell_Omega=     91.9580 meV  off_shell_Omega=     91.9580 meV
     lambda_tr(   3 )=       0.000000   gamma_tr=       0.000000 meV  omega=     91.9370 meV   on_shell_Omega=     91.9580 meV  off_shell_Omega=     91.9580 meV
     lambda___(   4 )=       0.000000   gamma___=       0.000000 meV  omega=    130.3064 meV   on_shell_Omega=    130.3313 meV  off_shell_Omega=    130.3313 meV
     lambda_tr(   4 )=       0.000000   gamma_tr=       0.000000 meV  omega=    130.3064 meV   on_shell_Omega=    130.3313 meV  off_shell_Omega=    130.3313 meV
     lambda___(   5 )=       0.000000   gamma___=       0.000000 meV  omega=    173.6211 meV   on_shell_Omega=    173.8928 meV  off_shell_Omega=    173.9178 meV
     lambda_tr(   5 )=       0.000000   gamma_tr=       0.000000 meV  omega=    173.6211 meV   on_shell_Omega=    173.8928 meV  off_shell_Omega=    173.9178 meV
     lambda___(   6 )=       0.000000   gamma___=       0.000000 meV  omega=    182.8114 meV   on_shell_Omega=    182.8600 meV  off_shell_Omega=    182.8600 meV
     lambda_tr(   6 )=       0.000000   gamma_tr=       0.000000 meV  omega=    182.8114 meV   on_shell_Omega=    182.8600 meV  off_shell_Omega=    182.8600 meV
     lambda___( tot )=       0.000000
     lambda_tr( tot )=       0.000000
     -------------------------------------------------------------------


     Number of (k,k+q) pairs on the Fermi surface:      324 out of      324


     ismear =     1 iq =     102 coord.:   0.27778  0.61111  0.00000 wt:   0.00309 Temp:  300.000K
     -------------------------------------------------------------------
     lambda___(   1 )=       0.000000   gamma___=       0.000000 meV  omega=     34.7400 meV   on_shell_Omega=     34.7323 meV  off_shell_Omega=     34.7323 meV
     lambda_tr(   1 )=       0.000000   gamma_tr=       0.000000 meV  omega=     34.7400 meV   on_shell_Omega=     34.7323 meV  off_shell_Omega=     34.7323 meV
     lambda___(   2 )=       0.000000   gamma___=       0.000000 meV  omega=     79.5115 meV   on_shell_Omega=     79.5275 meV  off_shell_Omega=     79.5275 meV
     lambda_tr(   2 )=       0.000000   gamma_tr=       0.000000 meV  omega=     79.5115 meV   on_shell_Omega=     79.5275 meV  off_shell_Omega=     79.5275 meV
     lambda___(   3 )=       0.000000   gamma___=       0.000000 meV  omega=     93.8133 meV   on_shell_Omega=     93.8376 meV  off_shell_Omega=     93.8376 meV
     lambda_tr(   3 )=       0.000000   gamma_tr=       0.000000 meV  omega=     93.8133 meV   on_shell_Omega=     93.8376 meV  off_shell_Omega=     93.8376 meV
     lambda___(   4 )=       0.000000   gamma___=       0.000000 meV  omega=    124.2322 meV   on_shell_Omega=    124.2485 meV  off_shell_Omega=    124.2485 meV
     lambda_tr(   4 )=       0.000000   gamma_tr=       0.000000 meV  omega=    124.2322 meV   on_shell_Omega=    124.2485 meV  off_shell_Omega=    124.2485 meV
     lambda___(   5 )=       0.000000   gamma___=       0.000000 meV  omega=    176.2974 meV   on_shell_Omega=    176.5142 meV  off_shell_Omega=    176.3835 meV
     lambda_tr(   5 )=       0.000000   gamma_tr=       0.000000 meV  omega=    176.2974 meV   on_shell_Omega=    176.5142 meV  off_shell_Omega=    176.3835 meV
     lambda___(   6 )=       0.000000   gamma___=       0.000000 meV  omega=    188.6374 meV   on_shell_Omega=    188.7157 meV  off_shell_Omega=    188.7157 meV
     lambda_tr(   6 )=       0.000000   gamma_tr=       0.000000 meV  omega=    188.6374 meV   on_shell_Omega=    188.7157 meV  off_shell_Omega=    188.7157 meV
     lambda___( tot )=       0.000000
     lambda_tr( tot )=       0.000000
     -------------------------------------------------------------------


     Number of (k,k+q) pairs on the Fermi surface:      324 out of      324


     ismear =     1 iq =     103 coord.:   0.27778  0.66667  0.00000 wt:   0.00309 Temp:  300.000K
     -------------------------------------------------------------------
     lambda___(   1 )=      -0.000000   gamma___=      -0.000000 meV  omega=     28.7857 meV   on_shell_Omega=     28.7803 meV  off_shell_Omega=     28.7803 meV
     lambda_tr(   1 )=       0.000000   gamma_tr=       0.000000 meV  omega=     28.7857 meV   on_shell_Omega=     28.7803 meV  off_shell_Omega=     28.7803 meV
     lambda___(   2 )=       0.000000   gamma___=       0.000000 meV  omega=     68.6079 meV   on_shell_Omega=     68.6147 meV  off_shell_Omega=     68.6147 meV
     lambda_tr(   2 )=       0.000000   gamma_tr=       0.000000 meV  omega=     68.6079 meV   on_shell_Omega=     68.6147 meV  off_shell_Omega=     68.6147 meV
     lambda___(   3 )=       0.000000   gamma___=       0.000000 meV  omega=     97.3947 meV   on_shell_Omega=     97.4038 meV  off_shell_Omega=     97.4038 meV
     lambda_tr(   3 )=       0.000000   gamma_tr=       0.000000 meV  omega=     97.3947 meV   on_shell_Omega=     97.4038 meV  off_shell_Omega=     97.4038 meV
     lambda___(   4 )=       0.000000   gamma___=       0.000000 meV  omega=    116.4405 meV   on_shell_Omega=    116.4651 meV  off_shell_Omega=    116.4651 meV
     lambda_tr(   4 )=       0.000000   gamma_tr=       0.000000 meV  omega=    116.4405 meV   on_shell_Omega=    116.4651 meV  off_shell_Omega=    116.4651 meV
     lambda___(   5 )=       0.000000   gamma___=       0.000000 meV  omega=    178.9570 meV   on_shell_Omega=    179.1249 meV  off_shell_Omega=    179.0444 meV
     lambda_tr(   5 )=       0.000000   gamma_tr=       0.000000 meV  omega=    178.9570 meV   on_shell_Omega=    179.1249 meV  off_shell_Omega=    179.0444 meV
     lambda___(   6 )=       0.000000   gamma___=       0.000000 meV  omega=    193.1847 meV   on_shell_Omega=    193.3066 meV  off_shell_Omega=    193.3066 meV
     lambda_tr(   6 )=       0.000000   gamma_tr=       0.000000 meV  omega=    193.1847 meV   on_shell_Omega=    193.3066 meV  off_shell_Omega=    193.3066 meV
     lambda___( tot )=       0.000000
     lambda_tr( tot )=       0.000000
     -------------------------------------------------------------------


     Number of (k,k+q) pairs on the Fermi surface:      324 out of      324


     ismear =     1 iq =     104 coord.:   0.27778  0.72222  0.00000 wt:   0.00309 Temp:  300.000K
     -------------------------------------------------------------------
     lambda___(   1 )=       0.000000   gamma___=       0.000000 meV  omega=     23.4545 meV   on_shell_Omega=     23.4562 meV  off_shell_Omega=     23.4562 meV
     lambda_tr(   1 )=      -0.000000   gamma_tr=      -0.000000 meV  omega=     23.4545 meV   on_shell_Omega=     23.4562 meV  off_shell_Omega=     23.4562 meV
     lambda___(   2 )=       0.000000   gamma___=       0.000000 meV  omega=     61.7232 meV   on_shell_Omega=     61.7206 meV  off_shell_Omega=     61.7206 meV
     lambda_tr(   2 )=       0.000000   gamma_tr=       0.000000 meV  omega=     61.7232 meV   on_shell_Omega=     61.7206 meV  off_shell_Omega=     61.7206 meV
     lambda___(   3 )=       0.000000   gamma___=       0.000000 meV  omega=     99.9888 meV   on_shell_Omega=     99.9927 meV  off_shell_Omega=     99.9927 meV
     lambda_tr(   3 )=       0.000000   gamma_tr=       0.000000 meV  omega=     99.9888 meV   on_shell_Omega=     99.9927 meV  off_shell_Omega=     99.9927 meV
     lambda___(   4 )=       0.000000   gamma___=       0.000000 meV  omega=    107.3317 meV   on_shell_Omega=    107.3542 meV  off_shell_Omega=    107.3542 meV
     lambda_tr(   4 )=      -0.000000   gamma_tr=      -0.000000 meV  omega=    107.3317 meV   on_shell_Omega=    107.3542 meV  off_shell_Omega=    107.3542 meV
     lambda___(   5 )=       0.000000   gamma___=       0.000000 meV  omega=    181.1095 meV   on_shell_Omega=    181.2922 meV  off_shell_Omega=    181.1979 meV
     lambda_tr(   5 )=      -0.000000   gamma_tr=      -0.000000 meV  omega=    181.1095 meV   on_shell_Omega=    181.2922 meV  off_shell_Omega=    181.1979 meV
     lambda___(   6 )=       0.000000   gamma___=       0.000000 meV  omega=    196.1564 meV   on_shell_Omega=    196.3200 meV  off_shell_Omega=    196.2522 meV
     lambda_tr(   6 )=      -0.000000   gamma_tr=      -0.000000 meV  omega=    196.1564 meV   on_shell_Omega=    196.3200 meV  off_shell_Omega=    196.2522 meV
     lambda___( tot )=       0.000000
     lambda_tr( tot )=      -0.000000
     -------------------------------------------------------------------


     Number of (k,k+q) pairs on the Fermi surface:      324 out of      324


     ismear =     1 iq =     105 coord.:   0.27778  0.77778  0.00000 wt:   0.00309 Temp:  300.000K
     -------------------------------------------------------------------
     lambda___(   1 )=      -0.000000   gamma___=      -0.000000 meV  omega=     19.5914 meV   on_shell_Omega=     19.5950 meV  off_shell_Omega=     19.5950 meV
     lambda_tr(   1 )=      -0.000000   gamma_tr=      -0.000000 meV  omega=     19.5914 meV   on_shell_Omega=     19.5950 meV  off_shell_Omega=     19.5950 meV
     lambda___(   2 )=       0.000000   gamma___=       0.000000 meV  omega=     60.3942 meV   on_shell_Omega=     60.4021 meV  off_shell_Omega=     60.4021 meV
     lambda_tr(   2 )=       0.000000   gamma_tr=       0.000000 meV  omega=     60.3942 meV   on_shell_Omega=     60.4021 meV  off_shell_Omega=     60.4021 meV
     lambda___(   3 )=       0.000000   gamma___=       0.000000 meV  omega=     98.2965 meV   on_shell_Omega=     98.3161 meV  off_shell_Omega=     98.3161 meV
     lambda_tr(   3 )=       0.000000   gamma_tr=       0.000000 meV  omega=     98.2965 meV   on_shell_Omega=     98.3161 meV  off_shell_Omega=     98.3161 meV
     lambda___(   4 )=       0.000000   gamma___=       0.000000 meV  omega=    101.5849 meV   on_shell_Omega=    101.5878 meV  off_shell_Omega=    101.5878 meV
     lambda_tr(   4 )=       0.000000   gamma_tr=       0.000000 meV  omega=    101.5849 meV   on_shell_Omega=    101.5878 meV  off_shell_Omega=    101.5878 meV
     lambda___(   5 )=       0.000000   gamma___=       0.000000 meV  omega=    182.1675 meV   on_shell_Omega=    182.3753 meV  off_shell_Omega=    182.2564 meV
     lambda_tr(   5 )=       0.000000   gamma_tr=       0.000000 meV  omega=    182.1675 meV   on_shell_Omega=    182.3753 meV  off_shell_Omega=    182.2564 meV
     lambda___(   6 )=       0.000000   gamma___=       0.000000 meV  omega=    197.4415 meV   on_shell_Omega=    197.6510 meV  off_shell_Omega=    197.5379 meV
     lambda_tr(   6 )=       0.000000   gamma_tr=       0.000000 meV  omega=    197.4415 meV   on_shell_Omega=    197.6510 meV  off_shell_Omega=    197.5379 meV
     lambda___( tot )=       0.000000
     lambda_tr( tot )=       0.000000
     -------------------------------------------------------------------


     Number of (k,k+q) pairs on the Fermi surface:      324 out of      324


     ismear =     1 iq =     106 coord.:   0.27778  0.83333  0.00000 wt:   0.00309 Temp:  300.000K
     -------------------------------------------------------------------
     lambda___(   1 )=       0.000000   gamma___=       0.000000 meV  omega=     17.7349 meV   on_shell_Omega=     17.7437 meV  off_shell_Omega=     17.7437 meV
     lambda_tr(   1 )=       0.000000   gamma_tr=       0.000000 meV  omega=     17.7349 meV   on_shell_Omega=     17.7437 meV  off_shell_Omega=     17.7437 meV
     lambda___(   2 )=       0.000000   gamma___=       0.000000 meV  omega=     62.4185 meV   on_shell_Omega=     62.4626 meV  off_shell_Omega=     62.4626 meV
     lambda_tr(   2 )=       0.000000   gamma_tr=       0.000000 meV  omega=     62.4185 meV   on_shell_Omega=     62.4626 meV  off_shell_Omega=     62.4626 meV
     lambda___(   3 )=       0.000000   gamma___=       0.000000 meV  omega=     91.8080 meV   on_shell_Omega=     91.8076 meV  off_shell_Omega=     91.8076 meV
     lambda_tr(   3 )=       0.000000   gamma_tr=       0.000000 meV  omega=     91.8080 meV   on_shell_Omega=     91.8076 meV  off_shell_Omega=     91.8076 meV
     lambda___(   4 )=       0.000000   gamma___=       0.000000 meV  omega=    102.3032 meV   on_shell_Omega=    102.3049 meV  off_shell_Omega=    102.3049 meV
     lambda_tr(   4 )=       0.000000   gamma_tr=       0.000000 meV  omega=    102.3032 meV   on_shell_Omega=    102.3049 meV  off_shell_Omega=    102.3049 meV
     lambda___(   5 )=       0.000000   gamma___=       0.000000 meV  omega=    182.3734 meV   on_shell_Omega=    182.6331 meV  off_shell_Omega=    182.6851 meV
     lambda_tr(   5 )=       0.000000   gamma_tr=       0.000000 meV  omega=    182.3734 meV   on_shell_Omega=    182.6331 meV  off_shell_Omega=    182.6851 meV
     lambda___(   6 )=       0.000000   gamma___=       0.000000 meV  omega=    197.6649 meV   on_shell_Omega=    197.8917 meV  off_shell_Omega=    197.7614 meV
     lambda_tr(   6 )=       0.000000   gamma_tr=       0.000000 meV  omega=    197.6649 meV   on_shell_Omega=    197.8917 meV  off_shell_Omega=    197.7614 meV
     lambda___( tot )=       0.000000
     lambda_tr( tot )=       0.000000
     -------------------------------------------------------------------


     Number of (k,k+q) pairs on the Fermi surface:      324 out of      324


     ismear =     1 iq =     107 coord.:   0.27778  0.88889  0.00000 wt:   0.00309 Temp:  300.000K
     -------------------------------------------------------------------
     lambda___(   1 )=       0.000000   gamma___=       0.000000 meV  omega=     17.7349 meV   on_shell_Omega=     17.7447 meV  off_shell_Omega=     17.7447 meV
     lambda_tr(   1 )=      -0.000000   gamma_tr=      -0.000000 meV  omega=     17.7349 meV   on_shell_Omega=     17.7447 meV  off_shell_Omega=     17.7447 meV
     lambda___(   2 )=       0.000000   gamma___=       0.000000 meV  omega=     62.4185 meV   on_shell_Omega=     62.4621 meV  off_shell_Omega=     62.4621 meV
     lambda_tr(   2 )=      -0.000000   gamma_tr=      -0.000000 meV  omega=     62.4185 meV   on_shell_Omega=     62.4621 meV  off_shell_Omega=     62.4621 meV
     lambda___(   3 )=       0.000000   gamma___=       0.000000 meV  omega=     91.8080 meV   on_shell_Omega=     91.8087 meV  off_shell_Omega=     91.8087 meV
     lambda_tr(   3 )=      -0.000000   gamma_tr=      -0.000000 meV  omega=     91.8080 meV   on_shell_Omega=     91.8087 meV  off_shell_Omega=     91.8087 meV
     lambda___(   4 )=       0.000000   gamma___=       0.000000 meV  omega=    102.3032 meV   on_shell_Omega=    102.3047 meV  off_shell_Omega=    102.3047 meV
     lambda_tr(   4 )=      -0.000000   gamma_tr=      -0.000000 meV  omega=    102.3032 meV   on_shell_Omega=    102.3047 meV  off_shell_Omega=    102.3047 meV
     lambda___(   5 )=       0.000000   gamma___=       0.000000 meV  omega=    182.3734 meV   on_shell_Omega=    182.6423 meV  off_shell_Omega=    182.6851 meV
     lambda_tr(   5 )=      -0.000000   gamma_tr=      -0.000000 meV  omega=    182.3734 meV   on_shell_Omega=    182.6423 meV  off_shell_Omega=    182.6851 meV
     lambda___(   6 )=       0.000000   gamma___=       0.000000 meV  omega=    197.6649 meV   on_shell_Omega=    197.8918 meV  off_shell_Omega=    197.7614 meV
     lambda_tr(   6 )=       0.000000   gamma_tr=       0.000000 meV  omega=    197.6649 meV   on_shell_Omega=    197.8918 meV  off_shell_Omega=    197.7614 meV
     lambda___( tot )=       0.000000
     lambda_tr( tot )=      -0.000000
     -------------------------------------------------------------------


     Number of (k,k+q) pairs on the Fermi surface:      324 out of      324


     ismear =     1 iq =     108 coord.:   0.27778  0.94444  0.00000 wt:   0.00309 Temp:  300.000K
     -------------------------------------------------------------------
     lambda___(   1 )=       0.000000   gamma___=       0.000000 meV  omega=     19.5914 meV   on_shell_Omega=     19.5972 meV  off_shell_Omega=     19.5972 meV
     lambda_tr(   1 )=       0.000000   gamma_tr=       0.000000 meV  omega=     19.5914 meV   on_shell_Omega=     19.5972 meV  off_shell_Omega=     19.5972 meV
     lambda___(   2 )=       0.000000   gamma___=       0.000000 meV  omega=     60.3942 meV   on_shell_Omega=     60.4023 meV  off_shell_Omega=     60.4023 meV
     lambda_tr(   2 )=       0.000000   gamma_tr=       0.000000 meV  omega=     60.3942 meV   on_shell_Omega=     60.4023 meV  off_shell_Omega=     60.4023 meV
     lambda___(   3 )=       0.000000   gamma___=       0.000000 meV  omega=     98.2965 meV   on_shell_Omega=     98.3179 meV  off_shell_Omega=     98.3179 meV
     lambda_tr(   3 )=       0.000000   gamma_tr=       0.000000 meV  omega=     98.2965 meV   on_shell_Omega=     98.3179 meV  off_shell_Omega=     98.3179 meV
     lambda___(   4 )=       0.000000   gamma___=       0.000000 meV  omega=    101.5849 meV   on_shell_Omega=    101.5872 meV  off_shell_Omega=    101.5872 meV
     lambda_tr(   4 )=       0.000000   gamma_tr=       0.000000 meV  omega=    101.5849 meV   on_shell_Omega=    101.5872 meV  off_shell_Omega=    101.5872 meV
     lambda___(   5 )=       0.000000   gamma___=       0.000000 meV  omega=    182.1675 meV   on_shell_Omega=    182.3830 meV  off_shell_Omega=    182.2564 meV
     lambda_tr(   5 )=       0.000000   gamma_tr=       0.000000 meV  omega=    182.1675 meV   on_shell_Omega=    182.3830 meV  off_shell_Omega=    182.2564 meV
     lambda___(   6 )=       0.000000   gamma___=       0.000000 meV  omega=    197.4415 meV   on_shell_Omega=    197.6511 meV  off_shell_Omega=    197.5379 meV
     lambda_tr(   6 )=       0.000000   gamma_tr=       0.000000 meV  omega=    197.4415 meV   on_shell_Omega=    197.6511 meV  off_shell_Omega=    197.5379 meV
     lambda___( tot )=       0.000000
     lambda_tr( tot )=       0.000000
     -------------------------------------------------------------------


     Number of (k,k+q) pairs on the Fermi surface:      324 out of      324


     ismear =     1 iq =     109 coord.:   0.33333  0.00000  0.00000 wt:   0.00309 Temp:  300.000K
     -------------------------------------------------------------------
     lambda___(   1 )=       0.000000   gamma___=       0.000000 meV  omega=     33.2149 meV   on_shell_Omega=     33.2105 meV  off_shell_Omega=     33.2105 meV
     lambda_tr(   1 )=       0.000000   gamma_tr=       0.000000 meV  omega=     33.2149 meV   on_shell_Omega=     33.2105 meV  off_shell_Omega=     33.2105 meV
     lambda___(   2 )=       0.000000   gamma___=       0.000000 meV  omega=     68.9215 meV   on_shell_Omega=     68.9219 meV  off_shell_Omega=     68.9219 meV
     lambda_tr(   2 )=       0.000000   gamma_tr=       0.000000 meV  omega=     68.9215 meV   on_shell_Omega=     68.9219 meV  off_shell_Omega=     68.9219 meV
     lambda___(   3 )=       0.000000   gamma___=       0.000000 meV  omega=     95.1973 meV   on_shell_Omega=     95.2077 meV  off_shell_Omega=     95.2077 meV
     lambda_tr(   3 )=       0.000000   gamma_tr=       0.000000 meV  omega=     95.1973 meV   on_shell_Omega=     95.2077 meV  off_shell_Omega=     95.2077 meV
     lambda___(   4 )=       0.000000   gamma___=       0.000000 meV  omega=    124.9297 meV   on_shell_Omega=    124.9525 meV  off_shell_Omega=    124.9525 meV
     lambda_tr(   4 )=       0.000000   gamma_tr=       0.000000 meV  omega=    124.9297 meV   on_shell_Omega=    124.9525 meV  off_shell_Omega=    124.9525 meV
     lambda___(   5 )=       0.000000   gamma___=       0.000000 meV  omega=    178.1805 meV   on_shell_Omega=    178.3402 meV  off_shell_Omega=    178.2675 meV
     lambda_tr(   5 )=       0.000000   gamma_tr=       0.000000 meV  omega=    178.1805 meV   on_shell_Omega=    178.3402 meV  off_shell_Omega=    178.2675 meV
     lambda___(   6 )=       0.000000   gamma___=       0.000000 meV  omega=    191.2842 meV   on_shell_Omega=    191.3867 meV  off_shell_Omega=    191.3867 meV
     lambda_tr(   6 )=       0.000000   gamma_tr=       0.000000 meV  omega=    191.2842 meV   on_shell_Omega=    191.3867 meV  off_shell_Omega=    191.3867 meV
     lambda___( tot )=       0.000000
     lambda_tr( tot )=       0.000000
     -------------------------------------------------------------------


     Number of (k,k+q) pairs on the Fermi surface:      324 out of      324


     ismear =     1 iq =     110 coord.:   0.33333  0.05556  0.00000 wt:   0.00309 Temp:  300.000K
     -------------------------------------------------------------------
     lambda___(   1 )=       0.000000   gamma___=       0.000000 meV  omega=     38.7741 meV   on_shell_Omega=     38.7729 meV  off_shell_Omega=     38.7729 meV
     lambda_tr(   1 )=      -0.000000   gamma_tr=      -0.000000 meV  omega=     38.7741 meV   on_shell_Omega=     38.7729 meV  off_shell_Omega=     38.7729 meV
     lambda___(   2 )=       0.000000   gamma___=       0.000000 meV  omega=     74.7172 meV   on_shell_Omega=     74.7217 meV  off_shell_Omega=     74.7217 meV
     lambda_tr(   2 )=      -0.000000   gamma_tr=      -0.000000 meV  omega=     74.7172 meV   on_shell_Omega=     74.7217 meV  off_shell_Omega=     74.7217 meV
     lambda___(   3 )=       0.000000   gamma___=       0.000000 meV  omega=     91.8825 meV   on_shell_Omega=     91.9011 meV  off_shell_Omega=     91.9011 meV
     lambda_tr(   3 )=      -0.000000   gamma_tr=      -0.000000 meV  omega=     91.8825 meV   on_shell_Omega=     91.9011 meV  off_shell_Omega=     91.9011 meV
     lambda___(   4 )=       0.000000   gamma___=       0.000000 meV  omega=    132.8700 meV   on_shell_Omega=    132.8880 meV  off_shell_Omega=    132.8880 meV
     lambda_tr(   4 )=      -0.000000   gamma_tr=      -0.000000 meV  omega=    132.8700 meV   on_shell_Omega=    132.8880 meV  off_shell_Omega=    132.8880 meV
     lambda___(   5 )=       0.000000   gamma___=       0.000000 meV  omega=    176.4916 meV   on_shell_Omega=    176.6530 meV  off_shell_Omega=    176.5778 meV
     lambda_tr(   5 )=      -0.000000   gamma_tr=      -0.000000 meV  omega=    176.4916 meV   on_shell_Omega=    176.6530 meV  off_shell_Omega=    176.5778 meV
     lambda___(   6 )=       0.000000   gamma___=       0.000000 meV  omega=    187.3894 meV   on_shell_Omega=    187.4636 meV  off_shell_Omega=    187.4636 meV
     lambda_tr(   6 )=      -0.000000   gamma_tr=      -0.000000 meV  omega=    187.3894 meV   on_shell_Omega=    187.4636 meV  off_shell_Omega=    187.4636 meV
     lambda___( tot )=       0.000000
     lambda_tr( tot )=      -0.000000
     -------------------------------------------------------------------


     Number of (k,k+q) pairs on the Fermi surface:      324 out of      324


     ismear =     1 iq =     111 coord.:   0.33333  0.11111  0.00000 wt:   0.00309 Temp:  300.000K
     -------------------------------------------------------------------
     lambda___(   1 )=       0.000000   gamma___=       0.000000 meV  omega=     44.3551 meV   on_shell_Omega=     44.3772 meV  off_shell_Omega=     44.3772 meV
     lambda_tr(   1 )=      -0.000000   gamma_tr=      -0.000000 meV  omega=     44.3551 meV   on_shell_Omega=     44.3772 meV  off_shell_Omega=     44.3772 meV
     lambda___(   2 )=       0.000000   gamma___=       0.000000 meV  omega=     84.5151 meV   on_shell_Omega=     84.5233 meV  off_shell_Omega=     84.5233 meV
     lambda_tr(   2 )=      -0.000000   gamma_tr=      -0.000000 meV  omega=     84.5151 meV   on_shell_Omega=     84.5233 meV  off_shell_Omega=     84.5233 meV
     lambda___(   3 )=       0.000000   gamma___=       0.000000 meV  omega=     87.6941 meV   on_shell_Omega=     87.7241 meV  off_shell_Omega=     87.7241 meV
     lambda_tr(   3 )=      -0.000000   gamma_tr=      -0.000000 meV  omega=     87.6941 meV   on_shell_Omega=     87.7241 meV  off_shell_Omega=     87.7241 meV
     lambda___(   4 )=       0.000000   gamma___=       0.000000 meV  omega=    138.9034 meV   on_shell_Omega=    138.9171 meV  off_shell_Omega=    138.9171 meV
     lambda_tr(   4 )=      -0.000000   gamma_tr=      -0.000000 meV  omega=    138.9034 meV   on_shell_Omega=    138.9171 meV  off_shell_Omega=    138.9171 meV
     lambda___(   5 )=       0.000000   gamma___=       0.000000 meV  omega=    174.3755 meV   on_shell_Omega=    174.5938 meV  off_shell_Omega=    174.4607 meV
     lambda_tr(   5 )=      -0.000000   gamma_tr=      -0.000000 meV  omega=    174.3755 meV   on_shell_Omega=    174.5938 meV  off_shell_Omega=    174.4607 meV
     lambda___(   6 )=       0.000000   gamma___=       0.000000 meV  omega=    181.9727 meV   on_shell_Omega=    182.0252 meV  off_shell_Omega=    182.0252 meV
     lambda_tr(   6 )=      -0.000000   gamma_tr=      -0.000000 meV  omega=    181.9727 meV   on_shell_Omega=    182.0252 meV  off_shell_Omega=    182.0252 meV
     lambda___( tot )=       0.000000
     lambda_tr( tot )=      -0.000000
     -------------------------------------------------------------------


     Number of (k,k+q) pairs on the Fermi surface:      324 out of      324


     ismear =     1 iq =     112 coord.:   0.33333  0.16667  0.00000 wt:   0.00309 Temp:  300.000K
     -------------------------------------------------------------------
     lambda___(   1 )=       0.000000   gamma___=       0.000000 meV  omega=     49.6959 meV   on_shell_Omega=     49.7472 meV  off_shell_Omega=     49.7472 meV
     lambda_tr(   1 )=       0.000000   gamma_tr=       0.000000 meV  omega=     49.6959 meV   on_shell_Omega=     49.7472 meV  off_shell_Omega=     49.7472 meV
     lambda___(   2 )=       0.000000   gamma___=       0.000000 meV  omega=     82.7890 meV   on_shell_Omega=     82.8227 meV  off_shell_Omega=     82.8227 meV
     lambda_tr(   2 )=       0.000000   gamma_tr=       0.000000 meV  omega=     82.7890 meV   on_shell_Omega=     82.8227 meV  off_shell_Omega=     82.8227 meV
     lambda___(   3 )=       0.000000   gamma___=       0.000000 meV  omega=     96.3073 meV   on_shell_Omega=     96.3172 meV  off_shell_Omega=     96.3172 meV
     lambda_tr(   3 )=       0.000000   gamma_tr=       0.000000 meV  omega=     96.3073 meV   on_shell_Omega=     96.3172 meV  off_shell_Omega=     96.3172 meV
     lambda___(   4 )=       0.000000   gamma___=       0.000000 meV  omega=    142.9779 meV   on_shell_Omega=    142.9940 meV  off_shell_Omega=    142.9940 meV
     lambda_tr(   4 )=       0.000000   gamma_tr=       0.000000 meV  omega=    142.9779 meV   on_shell_Omega=    142.9940 meV  off_shell_Omega=    142.9940 meV
     lambda___(   5 )=       0.000000   gamma___=       0.000000 meV  omega=    171.6789 meV   on_shell_Omega=    171.9650 meV  off_shell_Omega=    171.9723 meV
     lambda_tr(   5 )=       0.000000   gamma_tr=       0.000000 meV  omega=    171.6789 meV   on_shell_Omega=    171.9650 meV  off_shell_Omega=    171.9723 meV
     lambda___(   6 )=       0.000000   gamma___=       0.000000 meV  omega=    175.2104 meV   on_shell_Omega=    175.2733 meV  off_shell_Omega=    175.2733 meV
     lambda_tr(   6 )=       0.000000   gamma_tr=       0.000000 meV  omega=    175.2104 meV   on_shell_Omega=    175.2733 meV  off_shell_Omega=    175.2733 meV
     lambda___( tot )=       0.000000
     lambda_tr( tot )=       0.000000
     -------------------------------------------------------------------


     Number of (k,k+q) pairs on the Fermi surface:      324 out of      324


     ismear =     1 iq =     113 coord.:   0.33333  0.22222  0.00000 wt:   0.00309 Temp:  300.000K
     -------------------------------------------------------------------
     lambda___(   1 )=       0.000000   gamma___=       0.000000 meV  omega=     54.9183 meV   on_shell_Omega=     54.9826 meV  off_shell_Omega=     54.9826 meV
     lambda_tr(   1 )=       0.000000   gamma_tr=       0.000000 meV  omega=     54.9183 meV   on_shell_Omega=     54.9826 meV  off_shell_Omega=     54.9826 meV
     lambda___(   2 )=       0.000000   gamma___=       0.000000 meV  omega=     77.3279 meV   on_shell_Omega=     77.3672 meV  off_shell_Omega=     77.3672 meV
     lambda_tr(   2 )=       0.000000   gamma_tr=       0.000000 meV  omega=     77.3279 meV   on_shell_Omega=     77.3672 meV  off_shell_Omega=     77.3672 meV
     lambda___(   3 )=       0.000000   gamma___=       0.000000 meV  omega=    108.3925 meV   on_shell_Omega=    108.4046 meV  off_shell_Omega=    108.4046 meV
     lambda_tr(   3 )=       0.000000   gamma_tr=       0.000000 meV  omega=    108.3925 meV   on_shell_Omega=    108.4046 meV  off_shell_Omega=    108.4046 meV
     lambda___(   4 )=       0.000000   gamma___=       0.000000 meV  omega=    145.7825 meV   on_shell_Omega=    145.8021 meV  off_shell_Omega=    145.8021 meV
     lambda_tr(   4 )=       0.000000   gamma_tr=       0.000000 meV  omega=    145.7825 meV   on_shell_Omega=    145.8021 meV  off_shell_Omega=    145.8021 meV
     lambda___(   5 )=       0.000000   gamma___=       0.000000 meV  omega=    166.9258 meV   on_shell_Omega=    166.9454 meV  off_shell_Omega=    166.9454 meV
     lambda_tr(   5 )=       0.000000   gamma_tr=       0.000000 meV  omega=    166.9258 meV   on_shell_Omega=    166.9454 meV  off_shell_Omega=    166.9454 meV
     lambda___(   6 )=       0.000000   gamma___=       0.000000 meV  omega=    168.2056 meV   on_shell_Omega=    168.6094 meV  off_shell_Omega=    168.6984 meV
     lambda_tr(   6 )=       0.000000   gamma_tr=       0.000000 meV  omega=    168.2056 meV   on_shell_Omega=    168.6094 meV  off_shell_Omega=    168.6984 meV
     lambda___( tot )=       0.000000
     lambda_tr( tot )=       0.000000
     -------------------------------------------------------------------


     Number of (k,k+q) pairs on the Fermi surface:      324 out of      324


     ismear =     1 iq =     114 coord.:   0.33333  0.27778  0.00000 wt:   0.00309 Temp:  300.000K
     -------------------------------------------------------------------
     lambda___(   1 )=       0.000000   gamma___=       0.000000 meV  omega=     60.2378 meV   on_shell_Omega=     60.2974 meV  off_shell_Omega=     60.2974 meV
     lambda_tr(   1 )=       0.000000   gamma_tr=       0.000000 meV  omega=     60.2378 meV   on_shell_Omega=     60.2974 meV  off_shell_Omega=     60.2974 meV
     lambda___(   2 )=       0.000000   gamma___=       0.000000 meV  omega=     71.5598 meV   on_shell_Omega=     71.6064 meV  off_shell_Omega=     71.6064 meV
     lambda_tr(   2 )=       0.000000   gamma_tr=       0.000000 meV  omega=     71.5598 meV   on_shell_Omega=     71.6064 meV  off_shell_Omega=     71.6064 meV
     lambda___(   3 )=       0.000000   gamma___=       0.000000 meV  omega=    118.9053 meV   on_shell_Omega=    118.9090 meV  off_shell_Omega=    118.9090 meV
     lambda_tr(   3 )=       0.000000   gamma_tr=       0.000000 meV  omega=    118.9053 meV   on_shell_Omega=    118.9090 meV  off_shell_Omega=    118.9090 meV
     lambda___(   4 )=       0.000000   gamma___=       0.000000 meV  omega=    148.1372 meV   on_shell_Omega=    148.1439 meV  off_shell_Omega=    148.1439 meV
     lambda_tr(   4 )=       0.000000   gamma_tr=       0.000000 meV  omega=    148.1372 meV   on_shell_Omega=    148.1439 meV  off_shell_Omega=    148.1439 meV
     lambda___(   5 )=       0.000000   gamma___=       0.000000 meV  omega=    158.3249 meV   on_shell_Omega=    158.3415 meV  off_shell_Omega=    158.3415 meV
     lambda_tr(   5 )=       0.000000   gamma_tr=       0.000000 meV  omega=    158.3249 meV   on_shell_Omega=    158.3415 meV  off_shell_Omega=    158.3415 meV
     lambda___(   6 )=       0.000000   gamma___=       0.000000 meV  omega=    164.3014 meV   on_shell_Omega=    163.6497 meV  off_shell_Omega=    163.5793 meV
     lambda_tr(   6 )=       0.000000   gamma_tr=       0.000000 meV  omega=    164.3014 meV   on_shell_Omega=    163.6497 meV  off_shell_Omega=    163.5793 meV
     lambda___( tot )=       0.000000
     lambda_tr( tot )=       0.000000
     -------------------------------------------------------------------


     Number of (k,k+q) pairs on the Fermi surface:      324 out of      324


     ismear =     1 iq =     115 coord.:   0.33333  0.33333  0.00000 wt:   0.00309 Temp:  300.000K
     -------------------------------------------------------------------
     lambda___(   1 )=       0.000000   gamma___=       0.000000 meV  omega=     65.7923 meV   on_shell_Omega=     65.8429 meV  off_shell_Omega=     65.8429 meV
     lambda_tr(   1 )=       0.000000   gamma_tr=       0.000000 meV  omega=     65.7923 meV   on_shell_Omega=     65.8429 meV  off_shell_Omega=     65.8429 meV
     lambda___(   2 )=       0.000000   gamma___=       0.000000 meV  omega=     65.7923 meV   on_shell_Omega=     65.8480 meV  off_shell_Omega=     65.8480 meV
     lambda_tr(   2 )=       0.000000   gamma_tr=       0.000000 meV  omega=     65.7923 meV   on_shell_Omega=     65.8480 meV  off_shell_Omega=     65.8480 meV
     lambda___(   3 )=       0.000000   gamma___=       0.000000 meV  omega=    123.7972 meV   on_shell_Omega=    123.7972 meV  off_shell_Omega=    123.7972 meV
     lambda_tr(   3 )=       0.000000   gamma_tr=       0.000000 meV  omega=    123.7972 meV   on_shell_Omega=    123.7972 meV  off_shell_Omega=    123.7972 meV
     lambda___(   4 )=       0.000001   gamma___=       0.000009 meV  omega=    151.5135 meV   on_shell_Omega=    151.6430 meV  off_shell_Omega=    151.6430 meV
     lambda_tr(   4 )=       0.000001   gamma_tr=       0.000009 meV  omega=    151.5135 meV   on_shell_Omega=    151.6430 meV  off_shell_Omega=    151.6430 meV
     lambda___(   5 )=       0.000001   gamma___=       0.000009 meV  omega=    151.5135 meV   on_shell_Omega=    151.6480 meV  off_shell_Omega=    151.6480 meV
     lambda_tr(   5 )=       0.000001   gamma_tr=       0.000009 meV  omega=    151.5135 meV   on_shell_Omega=    151.6480 meV  off_shell_Omega=    151.6480 meV
     lambda___(   6 )=       0.000020   gamma___=       0.000169 meV  omega=    162.5497 meV   on_shell_Omega=    163.8831 meV  off_shell_Omega=    163.8196 meV
     lambda_tr(   6 )=       0.000040   gamma_tr=       0.000338 meV  omega=    162.5497 meV   on_shell_Omega=    163.8831 meV  off_shell_Omega=    163.8196 meV
     lambda___( tot )=       0.000022
     lambda_tr( tot )=       0.000042
     -------------------------------------------------------------------


     Number of (k,k+q) pairs on the Fermi surface:      324 out of      324


     ismear =     1 iq =     116 coord.:   0.33333  0.38889  0.00000 wt:   0.00309 Temp:  300.000K
     -------------------------------------------------------------------
     lambda___(   1 )=       0.000000   gamma___=       0.000000 meV  omega=     60.2378 meV   on_shell_Omega=     60.2990 meV  off_shell_Omega=     60.2990 meV
     lambda_tr(   1 )=       0.000000   gamma_tr=       0.000000 meV  omega=     60.2378 meV   on_shell_Omega=     60.2990 meV  off_shell_Omega=     60.2990 meV
     lambda___(   2 )=       0.000000   gamma___=       0.000000 meV  omega=     71.5598 meV   on_shell_Omega=     71.6067 meV  off_shell_Omega=     71.6067 meV
     lambda_tr(   2 )=      -0.000000   gamma_tr=      -0.000000 meV  omega=     71.5598 meV   on_shell_Omega=     71.6067 meV  off_shell_Omega=     71.6067 meV
     lambda___(   3 )=       0.000000   gamma___=       0.000000 meV  omega=    118.9053 meV   on_shell_Omega=    118.9096 meV  off_shell_Omega=    118.9096 meV
     lambda_tr(   3 )=       0.000000   gamma_tr=       0.000000 meV  omega=    118.9053 meV   on_shell_Omega=    118.9096 meV  off_shell_Omega=    118.9096 meV
     lambda___(   4 )=       0.000000   gamma___=       0.000000 meV  omega=    148.1372 meV   on_shell_Omega=    148.1464 meV  off_shell_Omega=    148.1464 meV
     lambda_tr(   4 )=       0.000000   gamma_tr=       0.000000 meV  omega=    148.1372 meV   on_shell_Omega=    148.1464 meV  off_shell_Omega=    148.1464 meV
     lambda___(   5 )=       0.000000   gamma___=       0.000000 meV  omega=    158.3249 meV   on_shell_Omega=    158.3443 meV  off_shell_Omega=    158.3443 meV
     lambda_tr(   5 )=       0.000000   gamma_tr=       0.000000 meV  omega=    158.3249 meV   on_shell_Omega=    158.3443 meV  off_shell_Omega=    158.3443 meV
     lambda___(   6 )=       0.000000   gamma___=       0.000000 meV  omega=    164.3014 meV   on_shell_Omega=    163.6444 meV  off_shell_Omega=    163.5793 meV
     lambda_tr(   6 )=       0.000000   gamma_tr=       0.000000 meV  omega=    164.3014 meV   on_shell_Omega=    163.6444 meV  off_shell_Omega=    163.5793 meV
     lambda___( tot )=       0.000000
     lambda_tr( tot )=       0.000000
     -------------------------------------------------------------------


     Number of (k,k+q) pairs on the Fermi surface:      324 out of      324


     ismear =     1 iq =     117 coord.:   0.33333  0.44444  0.00000 wt:   0.00309 Temp:  300.000K
     -------------------------------------------------------------------
     lambda___(   1 )=       0.000000   gamma___=       0.000000 meV  omega=     54.9183 meV   on_shell_Omega=     54.9823 meV  off_shell_Omega=     54.9823 meV
     lambda_tr(   1 )=       0.000000   gamma_tr=       0.000000 meV  omega=     54.9183 meV   on_shell_Omega=     54.9823 meV  off_shell_Omega=     54.9823 meV
     lambda___(   2 )=      -0.000000   gamma___=      -0.000000 meV  omega=     77.3279 meV   on_shell_Omega=     77.3670 meV  off_shell_Omega=     77.3670 meV
     lambda_tr(   2 )=      -0.000000   gamma_tr=      -0.000000 meV  omega=     77.3279 meV   on_shell_Omega=     77.3670 meV  off_shell_Omega=     77.3670 meV
     lambda___(   3 )=       0.000000   gamma___=       0.000000 meV  omega=    108.3925 meV   on_shell_Omega=    108.4061 meV  off_shell_Omega=    108.4061 meV
     lambda_tr(   3 )=       0.000000   gamma_tr=       0.000000 meV  omega=    108.3925 meV   on_shell_Omega=    108.4061 meV  off_shell_Omega=    108.4061 meV
     lambda___(   4 )=       0.000000   gamma___=       0.000000 meV  omega=    145.7825 meV   on_shell_Omega=    145.8032 meV  off_shell_Omega=    145.8032 meV
     lambda_tr(   4 )=       0.000000   gamma_tr=       0.000000 meV  omega=    145.7825 meV   on_shell_Omega=    145.8032 meV  off_shell_Omega=    145.8032 meV
     lambda___(   5 )=       0.000000   gamma___=       0.000000 meV  omega=    166.9258 meV   on_shell_Omega=    166.9459 meV  off_shell_Omega=    166.9459 meV
     lambda_tr(   5 )=       0.000000   gamma_tr=       0.000000 meV  omega=    166.9258 meV   on_shell_Omega=    166.9459 meV  off_shell_Omega=    166.9459 meV
     lambda___(   6 )=       0.000000   gamma___=       0.000000 meV  omega=    168.2056 meV   on_shell_Omega=    168.5981 meV  off_shell_Omega=    168.6984 meV
     lambda_tr(   6 )=       0.000000   gamma_tr=       0.000000 meV  omega=    168.2056 meV   on_shell_Omega=    168.5981 meV  off_shell_Omega=    168.6984 meV
     lambda___( tot )=       0.000000
     lambda_tr( tot )=       0.000000
     -------------------------------------------------------------------


     Number of (k,k+q) pairs on the Fermi surface:      324 out of      324


     ismear =     1 iq =     118 coord.:   0.33333  0.50000  0.00000 wt:   0.00309 Temp:  300.000K
     -------------------------------------------------------------------
     lambda___(   1 )=       0.000000   gamma___=       0.000000 meV  omega=     49.6959 meV   on_shell_Omega=     49.7466 meV  off_shell_Omega=     49.7466 meV
     lambda_tr(   1 )=       0.000000   gamma_tr=       0.000000 meV  omega=     49.6959 meV   on_shell_Omega=     49.7466 meV  off_shell_Omega=     49.7466 meV
     lambda___(   2 )=       0.000000   gamma___=       0.000000 meV  omega=     82.7890 meV   on_shell_Omega=     82.8229 meV  off_shell_Omega=     82.8229 meV
     lambda_tr(   2 )=       0.000000   gamma_tr=       0.000000 meV  omega=     82.7890 meV   on_shell_Omega=     82.8229 meV  off_shell_Omega=     82.8229 meV
     lambda___(   3 )=       0.000000   gamma___=       0.000000 meV  omega=     96.3073 meV   on_shell_Omega=     96.3173 meV  off_shell_Omega=     96.3173 meV
     lambda_tr(   3 )=       0.000000   gamma_tr=       0.000000 meV  omega=     96.3073 meV   on_shell_Omega=     96.3173 meV  off_shell_Omega=     96.3173 meV
     lambda___(   4 )=       0.000000   gamma___=       0.000000 meV  omega=    142.9779 meV   on_shell_Omega=    142.9940 meV  off_shell_Omega=    142.9940 meV
     lambda_tr(   4 )=       0.000000   gamma_tr=       0.000000 meV  omega=    142.9779 meV   on_shell_Omega=    142.9940 meV  off_shell_Omega=    142.9940 meV
     lambda___(   5 )=       0.000000   gamma___=       0.000000 meV  omega=    171.6789 meV   on_shell_Omega=    171.9596 meV  off_shell_Omega=    171.9723 meV
     lambda_tr(   5 )=       0.000000   gamma_tr=       0.000000 meV  omega=    171.6789 meV   on_shell_Omega=    171.9596 meV  off_shell_Omega=    171.9723 meV
     lambda___(   6 )=       0.000000   gamma___=       0.000000 meV  omega=    175.2104 meV   on_shell_Omega=    175.2728 meV  off_shell_Omega=    175.2728 meV
     lambda_tr(   6 )=       0.000000   gamma_tr=       0.000000 meV  omega=    175.2104 meV   on_shell_Omega=    175.2728 meV  off_shell_Omega=    175.2728 meV
     lambda___( tot )=       0.000000
     lambda_tr( tot )=       0.000000
     -------------------------------------------------------------------


     Number of (k,k+q) pairs on the Fermi surface:      324 out of      324


     ismear =     1 iq =     119 coord.:   0.33333  0.55556  0.00000 wt:   0.00309 Temp:  300.000K
     -------------------------------------------------------------------
     lambda___(   1 )=       0.000000   gamma___=       0.000000 meV  omega=     44.3551 meV   on_shell_Omega=     44.3763 meV  off_shell_Omega=     44.3763 meV
     lambda_tr(   1 )=       0.000000   gamma_tr=       0.000000 meV  omega=     44.3551 meV   on_shell_Omega=     44.3763 meV  off_shell_Omega=     44.3763 meV
     lambda___(   2 )=       0.000000   gamma___=       0.000000 meV  omega=     84.5151 meV   on_shell_Omega=     84.5229 meV  off_shell_Omega=     84.5229 meV
     lambda_tr(   2 )=       0.000000   gamma_tr=       0.000000 meV  omega=     84.5151 meV   on_shell_Omega=     84.5229 meV  off_shell_Omega=     84.5229 meV
     lambda___(   3 )=       0.000000   gamma___=       0.000000 meV  omega=     87.6941 meV   on_shell_Omega=     87.7260 meV  off_shell_Omega=     87.7260 meV
     lambda_tr(   3 )=       0.000000   gamma_tr=       0.000000 meV  omega=     87.6941 meV   on_shell_Omega=     87.7260 meV  off_shell_Omega=     87.7260 meV
     lambda___(   4 )=       0.000000   gamma___=       0.000000 meV  omega=    138.9034 meV   on_shell_Omega=    138.9181 meV  off_shell_Omega=    138.9181 meV
     lambda_tr(   4 )=       0.000000   gamma_tr=       0.000000 meV  omega=    138.9034 meV   on_shell_Omega=    138.9181 meV  off_shell_Omega=    138.9181 meV
     lambda___(   5 )=       0.000000   gamma___=       0.000000 meV  omega=    174.3755 meV   on_shell_Omega=    174.5871 meV  off_shell_Omega=    174.4607 meV
     lambda_tr(   5 )=       0.000000   gamma_tr=       0.000000 meV  omega=    174.3755 meV   on_shell_Omega=    174.5871 meV  off_shell_Omega=    174.4607 meV
     lambda___(   6 )=       0.000000   gamma___=       0.000000 meV  omega=    181.9727 meV   on_shell_Omega=    182.0236 meV  off_shell_Omega=    182.0236 meV
     lambda_tr(   6 )=       0.000000   gamma_tr=       0.000000 meV  omega=    181.9727 meV   on_shell_Omega=    182.0236 meV  off_shell_Omega=    182.0236 meV
     lambda___( tot )=       0.000000
     lambda_tr( tot )=       0.000000
     -------------------------------------------------------------------


     Number of (k,k+q) pairs on the Fermi surface:      324 out of      324


     ismear =     1 iq =     120 coord.:   0.33333  0.61111  0.00000 wt:   0.00309 Temp:  300.000K
     -------------------------------------------------------------------
     lambda___(   1 )=       0.000000   gamma___=       0.000000 meV  omega=     38.7741 meV   on_shell_Omega=     38.7699 meV  off_shell_Omega=     38.7699 meV
     lambda_tr(   1 )=      -0.000000   gamma_tr=      -0.000000 meV  omega=     38.7741 meV   on_shell_Omega=     38.7699 meV  off_shell_Omega=     38.7699 meV
     lambda___(   2 )=       0.000000   gamma___=       0.000000 meV  omega=     74.7172 meV   on_shell_Omega=     74.7216 meV  off_shell_Omega=     74.7216 meV
     lambda_tr(   2 )=      -0.000000   gamma_tr=      -0.000000 meV  omega=     74.7172 meV   on_shell_Omega=     74.7216 meV  off_shell_Omega=     74.7216 meV
     lambda___(   3 )=       0.000000   gamma___=       0.000000 meV  omega=     91.8825 meV   on_shell_Omega=     91.9020 meV  off_shell_Omega=     91.9020 meV
     lambda_tr(   3 )=      -0.000000   gamma_tr=      -0.000000 meV  omega=     91.8825 meV   on_shell_Omega=     91.9020 meV  off_shell_Omega=     91.9020 meV
     lambda___(   4 )=       0.000000   gamma___=       0.000000 meV  omega=    132.8700 meV   on_shell_Omega=    132.8890 meV  off_shell_Omega=    132.8890 meV
     lambda_tr(   4 )=      -0.000000   gamma_tr=      -0.000000 meV  omega=    132.8700 meV   on_shell_Omega=    132.8890 meV  off_shell_Omega=    132.8890 meV
     lambda___(   5 )=       0.000000   gamma___=       0.000000 meV  omega=    176.4916 meV   on_shell_Omega=    176.6462 meV  off_shell_Omega=    176.5778 meV
     lambda_tr(   5 )=      -0.000000   gamma_tr=      -0.000000 meV  omega=    176.4916 meV   on_shell_Omega=    176.6462 meV  off_shell_Omega=    176.5778 meV
     lambda___(   6 )=       0.000000   gamma___=       0.000000 meV  omega=    187.3894 meV   on_shell_Omega=    187.4614 meV  off_shell_Omega=    187.4614 meV
     lambda_tr(   6 )=      -0.000000   gamma_tr=      -0.000000 meV  omega=    187.3894 meV   on_shell_Omega=    187.4614 meV  off_shell_Omega=    187.4614 meV
     lambda___( tot )=       0.000000
     lambda_tr( tot )=      -0.000000
     -------------------------------------------------------------------


     Number of (k,k+q) pairs on the Fermi surface:      324 out of      324


     ismear =     1 iq =     121 coord.:   0.33333  0.66667  0.00000 wt:   0.00309 Temp:  300.000K
     -------------------------------------------------------------------
     lambda___(   1 )=       0.000000   gamma___=       0.000000 meV  omega=     33.2149 meV   on_shell_Omega=     33.2101 meV  off_shell_Omega=     33.2101 meV
     lambda_tr(   1 )=       0.000000   gamma_tr=       0.000000 meV  omega=     33.2149 meV   on_shell_Omega=     33.2101 meV  off_shell_Omega=     33.2101 meV
     lambda___(   2 )=       0.000000   gamma___=       0.000000 meV  omega=     68.9215 meV   on_shell_Omega=     68.9218 meV  off_shell_Omega=     68.9218 meV
     lambda_tr(   2 )=       0.000000   gamma_tr=       0.000000 meV  omega=     68.9215 meV   on_shell_Omega=     68.9218 meV  off_shell_Omega=     68.9218 meV
     lambda___(   3 )=       0.000000   gamma___=       0.000000 meV  omega=     95.1973 meV   on_shell_Omega=     95.2078 meV  off_shell_Omega=     95.2078 meV
     lambda_tr(   3 )=       0.000000   gamma_tr=       0.000000 meV  omega=     95.1973 meV   on_shell_Omega=     95.2078 meV  off_shell_Omega=     95.2078 meV
     lambda___(   4 )=       0.000000   gamma___=       0.000000 meV  omega=    124.9297 meV   on_shell_Omega=    124.9523 meV  off_shell_Omega=    124.9523 meV
     lambda_tr(   4 )=       0.000000   gamma_tr=       0.000000 meV  omega=    124.9297 meV   on_shell_Omega=    124.9523 meV  off_shell_Omega=    124.9523 meV
     lambda___(   5 )=       0.000000   gamma___=       0.000000 meV  omega=    178.1805 meV   on_shell_Omega=    178.3363 meV  off_shell_Omega=    178.2675 meV
     lambda_tr(   5 )=       0.000000   gamma_tr=       0.000000 meV  omega=    178.1805 meV   on_shell_Omega=    178.3363 meV  off_shell_Omega=    178.2675 meV
     lambda___(   6 )=       0.000000   gamma___=       0.000000 meV  omega=    191.2842 meV   on_shell_Omega=    191.3867 meV  off_shell_Omega=    191.3867 meV
     lambda_tr(   6 )=       0.000000   gamma_tr=       0.000000 meV  omega=    191.2842 meV   on_shell_Omega=    191.3867 meV  off_shell_Omega=    191.3867 meV
     lambda___( tot )=       0.000000
     lambda_tr( tot )=       0.000000
     -------------------------------------------------------------------


     Number of (k,k+q) pairs on the Fermi surface:      324 out of      324


     ismear =     1 iq =     122 coord.:   0.33333  0.72222  0.00000 wt:   0.00309 Temp:  300.000K
     -------------------------------------------------------------------
     lambda___(   1 )=       0.000000   gamma___=       0.000000 meV  omega=     28.4523 meV   on_shell_Omega=     28.4464 meV  off_shell_Omega=     28.4464 meV
     lambda_tr(   1 )=       0.000000   gamma_tr=       0.000000 meV  omega=     28.4523 meV   on_shell_Omega=     28.4464 meV  off_shell_Omega=     28.4464 meV
     lambda___(   2 )=       0.000000   gamma___=       0.000000 meV  omega=     68.4553 meV   on_shell_Omega=     68.4605 meV  off_shell_Omega=     68.4605 meV
     lambda_tr(   2 )=       0.000000   gamma_tr=       0.000000 meV  omega=     68.4553 meV   on_shell_Omega=     68.4605 meV  off_shell_Omega=     68.4605 meV
     lambda___(   3 )=       0.000000   gamma___=       0.000000 meV  omega=     97.4926 meV   on_shell_Omega=     97.5017 meV  off_shell_Omega=     97.5017 meV
     lambda_tr(   3 )=       0.000000   gamma_tr=       0.000000 meV  omega=     97.4926 meV   on_shell_Omega=     97.5017 meV  off_shell_Omega=     97.5017 meV
     lambda___(   4 )=       0.000000   gamma___=       0.000000 meV  omega=    116.0716 meV   on_shell_Omega=    116.0918 meV  off_shell_Omega=    116.0918 meV
     lambda_tr(   4 )=       0.000000   gamma_tr=       0.000000 meV  omega=    116.0716 meV   on_shell_Omega=    116.0918 meV  off_shell_Omega=    116.0918 meV
     lambda___(   5 )=       0.000000   gamma___=       0.000000 meV  omega=    179.0096 meV   on_shell_Omega=    179.1816 meV  off_shell_Omega=    179.0970 meV
     lambda_tr(   5 )=       0.000000   gamma_tr=       0.000000 meV  omega=    179.0096 meV   on_shell_Omega=    179.1816 meV  off_shell_Omega=    179.0970 meV
     lambda___(   6 )=       0.000000   gamma___=       0.000000 meV  omega=    193.4120 meV   on_shell_Omega=    193.5337 meV  off_shell_Omega=    193.5337 meV
     lambda_tr(   6 )=       0.000000   gamma_tr=       0.000000 meV  omega=    193.4120 meV   on_shell_Omega=    193.5337 meV  off_shell_Omega=    193.5337 meV
     lambda___( tot )=       0.000000
     lambda_tr( tot )=       0.000000
     -------------------------------------------------------------------


     Number of (k,k+q) pairs on the Fermi surface:      324 out of      324


     ismear =     1 iq =     123 coord.:   0.33333  0.77778  0.00000 wt:   0.00309 Temp:  300.000K
     -------------------------------------------------------------------
     lambda___(   1 )=       0.000000   gamma___=       0.000000 meV  omega=     25.3729 meV   on_shell_Omega=     25.3644 meV  off_shell_Omega=     25.3644 meV
     lambda_tr(   1 )=       0.000000   gamma_tr=       0.000000 meV  omega=     25.3729 meV   on_shell_Omega=     25.3644 meV  off_shell_Omega=     25.3644 meV
     lambda___(   2 )=       0.000000   gamma___=       0.000000 meV  omega=     71.9205 meV   on_shell_Omega=     71.9472 meV  off_shell_Omega=     71.9472 meV
     lambda_tr(   2 )=       0.000000   gamma_tr=       0.000000 meV  omega=     71.9205 meV   on_shell_Omega=     71.9472 meV  off_shell_Omega=     71.9472 meV
     lambda___(   3 )=       0.000000   gamma___=       0.000000 meV  omega=     98.7629 meV   on_shell_Omega=     98.7722 meV  off_shell_Omega=     98.7722 meV
     lambda_tr(   3 )=       0.000000   gamma_tr=       0.000000 meV  omega=     98.7629 meV   on_shell_Omega=     98.7722 meV  off_shell_Omega=     98.7722 meV
     lambda___(   4 )=       0.000000   gamma___=       0.000000 meV  omega=    108.0789 meV   on_shell_Omega=    108.0948 meV  off_shell_Omega=    108.0948 meV
     lambda_tr(   4 )=       0.000000   gamma_tr=       0.000000 meV  omega=    108.0789 meV   on_shell_Omega=    108.0948 meV  off_shell_Omega=    108.0948 meV
     lambda___(   5 )=       0.000000   gamma___=       0.000000 meV  omega=    178.9819 meV   on_shell_Omega=    179.2105 meV  off_shell_Omega=    179.2877 meV
     lambda_tr(   5 )=       0.000000   gamma_tr=       0.000000 meV  omega=    178.9819 meV   on_shell_Omega=    179.2105 meV  off_shell_Omega=    179.2877 meV
     lambda___(   6 )=       0.000000   gamma___=       0.000000 meV  omega=    194.0708 meV   on_shell_Omega=    194.2102 meV  off_shell_Omega=    194.1655 meV
     lambda_tr(   6 )=       0.000000   gamma_tr=       0.000000 meV  omega=    194.0708 meV   on_shell_Omega=    194.2102 meV  off_shell_Omega=    194.1655 meV
     lambda___( tot )=       0.000000
     lambda_tr( tot )=       0.000000
     -------------------------------------------------------------------


     Number of (k,k+q) pairs on the Fermi surface:      324 out of      324


     ismear =     1 iq =     124 coord.:   0.33333  0.83333  0.00000 wt:   0.00309 Temp:  300.000K
     -------------------------------------------------------------------
     lambda___(   1 )=       0.000000   gamma___=       0.000000 meV  omega=     24.3505 meV   on_shell_Omega=     24.3414 meV  off_shell_Omega=     24.3414 meV
     lambda_tr(   1 )=       0.000000   gamma_tr=       0.000000 meV  omega=     24.3505 meV   on_shell_Omega=     24.3414 meV  off_shell_Omega=     24.3414 meV
     lambda___(   2 )=       0.000000   gamma___=       0.000000 meV  omega=     74.4015 meV   on_shell_Omega=     74.4575 meV  off_shell_Omega=     74.4575 meV
     lambda_tr(   2 )=       0.000000   gamma_tr=       0.000000 meV  omega=     74.4015 meV   on_shell_Omega=     74.4575 meV  off_shell_Omega=     74.4575 meV
     lambda___(   3 )=       0.000000   gamma___=       0.000000 meV  omega=     99.1544 meV   on_shell_Omega=     99.1635 meV  off_shell_Omega=     99.1635 meV
     lambda_tr(   3 )=       0.000000   gamma_tr=       0.000000 meV  omega=     99.1544 meV   on_shell_Omega=     99.1635 meV  off_shell_Omega=     99.1635 meV
     lambda___(   4 )=       0.000000   gamma___=       0.000000 meV  omega=    104.3973 meV   on_shell_Omega=    104.3972 meV  off_shell_Omega=    104.3972 meV
     lambda_tr(   4 )=       0.000000   gamma_tr=       0.000000 meV  omega=    104.3973 meV   on_shell_Omega=    104.3972 meV  off_shell_Omega=    104.3972 meV
     lambda___(   5 )=       0.000000   gamma___=       0.000000 meV  omega=    178.8158 meV   on_shell_Omega=    179.0856 meV  off_shell_Omega=    179.1214 meV
     lambda_tr(   5 )=       0.000000   gamma_tr=       0.000000 meV  omega=    178.8158 meV   on_shell_Omega=    179.0856 meV  off_shell_Omega=    179.1214 meV
     lambda___(   6 )=       0.000000   gamma___=       0.000000 meV  omega=    194.1238 meV   on_shell_Omega=    194.2638 meV  off_shell_Omega=    194.2186 meV
     lambda_tr(   6 )=       0.000000   gamma_tr=       0.000000 meV  omega=    194.1238 meV   on_shell_Omega=    194.2638 meV  off_shell_Omega=    194.2186 meV
     lambda___( tot )=       0.000000
     lambda_tr( tot )=       0.000000
     -------------------------------------------------------------------


     Number of (k,k+q) pairs on the Fermi surface:      324 out of      324


     ismear =     1 iq =     125 coord.:   0.33333  0.88889  0.00000 wt:   0.00309 Temp:  300.000K
     -------------------------------------------------------------------
     lambda___(   1 )=       0.000000   gamma___=       0.000000 meV  omega=     25.3729 meV   on_shell_Omega=     25.3654 meV  off_shell_Omega=     25.3654 meV
     lambda_tr(   1 )=       0.000000   gamma_tr=       0.000000 meV  omega=     25.3729 meV   on_shell_Omega=     25.3654 meV  off_shell_Omega=     25.3654 meV
     lambda___(   2 )=       0.000000   gamma___=       0.000000 meV  omega=     71.9205 meV   on_shell_Omega=     71.9470 meV  off_shell_Omega=     71.9470 meV
     lambda_tr(   2 )=       0.000000   gamma_tr=       0.000000 meV  omega=     71.9205 meV   on_shell_Omega=     71.9470 meV  off_shell_Omega=     71.9470 meV
     lambda___(   3 )=       0.000000   gamma___=       0.000000 meV  omega=     98.7629 meV   on_shell_Omega=     98.7718 meV  off_shell_Omega=     98.7718 meV
     lambda_tr(   3 )=       0.000000   gamma_tr=       0.000000 meV  omega=     98.7629 meV   on_shell_Omega=     98.7718 meV  off_shell_Omega=     98.7718 meV
     lambda___(   4 )=       0.000000   gamma___=       0.000000 meV  omega=    108.0789 meV   on_shell_Omega=    108.0958 meV  off_shell_Omega=    108.0958 meV
     lambda_tr(   4 )=       0.000000   gamma_tr=       0.000000 meV  omega=    108.0789 meV   on_shell_Omega=    108.0958 meV  off_shell_Omega=    108.0958 meV
     lambda___(   5 )=       0.000000   gamma___=       0.000000 meV  omega=    178.9819 meV   on_shell_Omega=    179.2191 meV  off_shell_Omega=    179.2877 meV
     lambda_tr(   5 )=       0.000000   gamma_tr=       0.000000 meV  omega=    178.9819 meV   on_shell_Omega=    179.2191 meV  off_shell_Omega=    179.2877 meV
     lambda___(   6 )=       0.000000   gamma___=       0.000000 meV  omega=    194.0708 meV   on_shell_Omega=    194.2102 meV  off_shell_Omega=    194.1655 meV
     lambda_tr(   6 )=       0.000000   gamma_tr=       0.000000 meV  omega=    194.0708 meV   on_shell_Omega=    194.2102 meV  off_shell_Omega=    194.1655 meV
     lambda___( tot )=       0.000000
     lambda_tr( tot )=       0.000000
     -------------------------------------------------------------------


     Number of (k,k+q) pairs on the Fermi surface:      324 out of      324


     ismear =     1 iq =     126 coord.:   0.33333  0.94444  0.00000 wt:   0.00309 Temp:  300.000K
     -------------------------------------------------------------------
     lambda___(   1 )=       0.000000   gamma___=       0.000000 meV  omega=     28.4523 meV   on_shell_Omega=     28.4479 meV  off_shell_Omega=     28.4479 meV
     lambda_tr(   1 )=       0.000000   gamma_tr=       0.000000 meV  omega=     28.4523 meV   on_shell_Omega=     28.4479 meV  off_shell_Omega=     28.4479 meV
     lambda___(   2 )=       0.000000   gamma___=       0.000000 meV  omega=     68.4553 meV   on_shell_Omega=     68.4600 meV  off_shell_Omega=     68.4600 meV
     lambda_tr(   2 )=       0.000000   gamma_tr=       0.000000 meV  omega=     68.4553 meV   on_shell_Omega=     68.4600 meV  off_shell_Omega=     68.4600 meV
     lambda___(   3 )=       0.000000   gamma___=       0.000000 meV  omega=     97.4926 meV   on_shell_Omega=     97.5013 meV  off_shell_Omega=     97.5013 meV
     lambda_tr(   3 )=       0.000000   gamma_tr=       0.000000 meV  omega=     97.4926 meV   on_shell_Omega=     97.5013 meV  off_shell_Omega=     97.5013 meV
     lambda___(   4 )=       0.000000   gamma___=       0.000000 meV  omega=    116.0716 meV   on_shell_Omega=    116.0922 meV  off_shell_Omega=    116.0922 meV
     lambda_tr(   4 )=       0.000000   gamma_tr=       0.000000 meV  omega=    116.0716 meV   on_shell_Omega=    116.0922 meV  off_shell_Omega=    116.0922 meV
     lambda___(   5 )=       0.000000   gamma___=       0.000000 meV  omega=    179.0096 meV   on_shell_Omega=    179.1874 meV  off_shell_Omega=    179.0970 meV
     lambda_tr(   5 )=       0.000000   gamma_tr=       0.000000 meV  omega=    179.0096 meV   on_shell_Omega=    179.1874 meV  off_shell_Omega=    179.0970 meV
     lambda___(   6 )=       0.000000   gamma___=       0.000000 meV  omega=    193.4120 meV   on_shell_Omega=    193.5330 meV  off_shell_Omega=    193.5330 meV
     lambda_tr(   6 )=       0.000000   gamma_tr=       0.000000 meV  omega=    193.4120 meV   on_shell_Omega=    193.5330 meV  off_shell_Omega=    193.5330 meV
     lambda___( tot )=       0.000000
     lambda_tr( tot )=       0.000000
     -------------------------------------------------------------------


     Number of (k,k+q) pairs on the Fermi surface:      324 out of      324


     ismear =     1 iq =     127 coord.:   0.38889  0.00000  0.00000 wt:   0.00309 Temp:  300.000K
     -------------------------------------------------------------------
     lambda___(   1 )=       0.000000   gamma___=       0.000000 meV  omega=     43.5768 meV   on_shell_Omega=     43.5710 meV  off_shell_Omega=     43.5710 meV
     lambda_tr(   1 )=       0.000000   gamma_tr=       0.000000 meV  omega=     43.5768 meV   on_shell_Omega=     43.5710 meV  off_shell_Omega=     43.5710 meV
     lambda___(   2 )=       0.000000   gamma___=       0.000000 meV  omega=     73.9395 meV   on_shell_Omega=     73.9405 meV  off_shell_Omega=     73.9405 meV
     lambda_tr(   2 )=       0.000000   gamma_tr=       0.000000 meV  omega=     73.9395 meV   on_shell_Omega=     73.9405 meV  off_shell_Omega=     73.9405 meV
     lambda___(   3 )=       0.000000   gamma___=       0.000000 meV  omega=     89.0555 meV   on_shell_Omega=     89.0712 meV  off_shell_Omega=     89.0712 meV
     lambda_tr(   3 )=       0.000000   gamma_tr=       0.000000 meV  omega=     89.0555 meV   on_shell_Omega=     89.0712 meV  off_shell_Omega=     89.0712 meV
     lambda___(   4 )=       0.000000   gamma___=       0.000000 meV  omega=    140.6426 meV   on_shell_Omega=    140.6625 meV  off_shell_Omega=    140.6625 meV
     lambda_tr(   4 )=       0.000000   gamma_tr=       0.000000 meV  omega=    140.6426 meV   on_shell_Omega=    140.6625 meV  off_shell_Omega=    140.6625 meV
     lambda___(   5 )=       0.000000   gamma___=       0.000000 meV  omega=    175.9395 meV   on_shell_Omega=    176.0878 meV  off_shell_Omega=    176.0255 meV
     lambda_tr(   5 )=       0.000000   gamma_tr=       0.000000 meV  omega=    175.9395 meV   on_shell_Omega=    176.0878 meV  off_shell_Omega=    176.0255 meV
     lambda___(   6 )=       0.000000   gamma___=       0.000000 meV  omega=    184.8148 meV   on_shell_Omega=    184.8848 meV  off_shell_Omega=    184.8848 meV
     lambda_tr(   6 )=       0.000000   gamma_tr=       0.000000 meV  omega=    184.8148 meV   on_shell_Omega=    184.8848 meV  off_shell_Omega=    184.8848 meV
     lambda___( tot )=       0.000000
     lambda_tr( tot )=       0.000000
     -------------------------------------------------------------------


     Number of (k,k+q) pairs on the Fermi surface:      324 out of      324


     ismear =     1 iq =     128 coord.:   0.38889  0.05556  0.00000 wt:   0.00309 Temp:  300.000K
     -------------------------------------------------------------------
     lambda___(   1 )=       0.000000   gamma___=       0.000000 meV  omega=     48.7905 meV   on_shell_Omega=     48.7914 meV  off_shell_Omega=     48.7914 meV
     lambda_tr(   1 )=       0.000000   gamma_tr=       0.000000 meV  omega=     48.7905 meV   on_shell_Omega=     48.7914 meV  off_shell_Omega=     48.7914 meV
     lambda___(   2 )=       0.000000   gamma___=       0.000000 meV  omega=     78.5437 meV   on_shell_Omega=     78.5474 meV  off_shell_Omega=     78.5474 meV
     lambda_tr(   2 )=       0.000000   gamma_tr=       0.000000 meV  omega=     78.5437 meV   on_shell_Omega=     78.5474 meV  off_shell_Omega=     78.5474 meV
     lambda___(   3 )=       0.000000   gamma___=       0.000000 meV  omega=     85.2558 meV   on_shell_Omega=     85.2785 meV  off_shell_Omega=     85.2785 meV
     lambda_tr(   3 )=       0.000000   gamma_tr=       0.000000 meV  omega=     85.2558 meV   on_shell_Omega=     85.2785 meV  off_shell_Omega=     85.2785 meV
     lambda___(   4 )=       0.000000   gamma___=       0.000000 meV  omega=    147.4470 meV   on_shell_Omega=    147.4628 meV  off_shell_Omega=    147.4628 meV
     lambda_tr(   4 )=       0.000000   gamma_tr=       0.000000 meV  omega=    147.4470 meV   on_shell_Omega=    147.4628 meV  off_shell_Omega=    147.4628 meV
     lambda___(   5 )=       0.000000   gamma___=       0.000000 meV  omega=    174.6874 meV   on_shell_Omega=    174.8416 meV  off_shell_Omega=    174.7727 meV
     lambda_tr(   5 )=       0.000000   gamma_tr=       0.000000 meV  omega=    174.6874 meV   on_shell_Omega=    174.8416 meV  off_shell_Omega=    174.7727 meV
     lambda___(   6 )=       0.000000   gamma___=       0.000000 meV  omega=    180.0478 meV   on_shell_Omega=    180.1012 meV  off_shell_Omega=    180.1012 meV
     lambda_tr(   6 )=       0.000000   gamma_tr=       0.000000 meV  omega=    180.0478 meV   on_shell_Omega=    180.1012 meV  off_shell_Omega=    180.1012 meV
     lambda___( tot )=       0.000000
     lambda_tr( tot )=       0.000000
     -------------------------------------------------------------------


     Number of (k,k+q) pairs on the Fermi surface:      324 out of      324


     ismear =     1 iq =     129 coord.:   0.38889  0.11111  0.00000 wt:   0.00309 Temp:  300.000K
     -------------------------------------------------------------------
     lambda___(   1 )=       0.000000   gamma___=       0.000000 meV  omega=     53.3673 meV   on_shell_Omega=     53.3928 meV  off_shell_Omega=     53.3928 meV
     lambda_tr(   1 )=      -0.000000   gamma_tr=      -0.000000 meV  omega=     53.3673 meV   on_shell_Omega=     53.3928 meV  off_shell_Omega=     53.3928 meV
     lambda___(   2 )=       0.000000   gamma___=       0.000000 meV  omega=     80.9972 meV   on_shell_Omega=     81.0311 meV  off_shell_Omega=     81.0311 meV
     lambda_tr(   2 )=      -0.000000   gamma_tr=      -0.000000 meV  omega=     80.9972 meV   on_shell_Omega=     81.0311 meV  off_shell_Omega=     81.0311 meV
     lambda___(   3 )=       0.000000   gamma___=       0.000000 meV  omega=     87.2543 meV   on_shell_Omega=     87.2592 meV  off_shell_Omega=     87.2592 meV
     lambda_tr(   3 )=      -0.000000   gamma_tr=      -0.000000 meV  omega=     87.2543 meV   on_shell_Omega=     87.2592 meV  off_shell_Omega=     87.2592 meV
     lambda___(   4 )=       0.000000   gamma___=       0.000000 meV  omega=    152.1446 meV   on_shell_Omega=    152.1516 meV  off_shell_Omega=    152.1516 meV
     lambda_tr(   4 )=      -0.000000   gamma_tr=      -0.000000 meV  omega=    152.1446 meV   on_shell_Omega=    152.1516 meV  off_shell_Omega=    152.1516 meV
     lambda___(   5 )=       0.000000   gamma___=       0.000000 meV  omega=    172.6888 meV   on_shell_Omega=    172.7872 meV  off_shell_Omega=    172.7872 meV
     lambda_tr(   5 )=       0.000000   gamma_tr=       0.000000 meV  omega=    172.6888 meV   on_shell_Omega=    172.7872 meV  off_shell_Omega=    172.7872 meV
     lambda___(   6 )=       0.000000   gamma___=       0.000000 meV  omega=    174.0195 meV   on_shell_Omega=    174.1738 meV  off_shell_Omega=    174.1044 meV
     lambda_tr(   6 )=      -0.000000   gamma_tr=      -0.000000 meV  omega=    174.0195 meV   on_shell_Omega=    174.1738 meV  off_shell_Omega=    174.1044 meV
     lambda___( tot )=       0.000000
     lambda_tr( tot )=      -0.000000
     -------------------------------------------------------------------


     Number of (k,k+q) pairs on the Fermi surface:      324 out of      324


     ismear =     1 iq =     130 coord.:   0.38889  0.16667  0.00000 wt:   0.00309 Temp:  300.000K
     -------------------------------------------------------------------
     lambda___(   1 )=       0.000000   gamma___=       0.000000 meV  omega=     56.9418 meV   on_shell_Omega=     56.9983 meV  off_shell_Omega=     56.9983 meV
     lambda_tr(   1 )=       0.000000   gamma_tr=       0.000000 meV  omega=     56.9418 meV   on_shell_Omega=     56.9983 meV  off_shell_Omega=     56.9983 meV
     lambda___(   2 )=       0.000000   gamma___=       0.000000 meV  omega=     76.7850 meV   on_shell_Omega=     76.8184 meV  off_shell_Omega=     76.8184 meV
     lambda_tr(   2 )=       0.000000   gamma_tr=       0.000000 meV  omega=     76.7850 meV   on_shell_Omega=     76.8184 meV  off_shell_Omega=     76.8184 meV
     lambda___(   3 )=       0.000000   gamma___=       0.000000 meV  omega=     98.3227 meV   on_shell_Omega=     98.3256 meV  off_shell_Omega=     98.3256 meV
     lambda_tr(   3 )=       0.000000   gamma_tr=       0.000000 meV  omega=     98.3227 meV   on_shell_Omega=     98.3256 meV  off_shell_Omega=     98.3256 meV
     lambda___(   4 )=       0.000000   gamma___=       0.000000 meV  omega=    154.7788 meV   on_shell_Omega=    154.7807 meV  off_shell_Omega=    154.7807 meV
     lambda_tr(   4 )=       0.000000   gamma_tr=       0.000000 meV  omega=    154.7788 meV   on_shell_Omega=    154.7807 meV  off_shell_Omega=    154.7807 meV
     lambda___(   5 )=       0.000000   gamma___=       0.000000 meV  omega=    165.9629 meV   on_shell_Omega=    165.9778 meV  off_shell_Omega=    165.9778 meV
     lambda_tr(   5 )=       0.000000   gamma_tr=       0.000000 meV  omega=    165.9629 meV   on_shell_Omega=    165.9778 meV  off_shell_Omega=    165.9778 meV
     lambda___(   6 )=       0.000000   gamma___=       0.000000 meV  omega=    170.5176 meV   on_shell_Omega=    170.8831 meV  off_shell_Omega=    171.0171 meV
     lambda_tr(   6 )=       0.000000   gamma_tr=       0.000000 meV  omega=    170.5176 meV   on_shell_Omega=    170.8831 meV  off_shell_Omega=    171.0171 meV
     lambda___( tot )=       0.000000
     lambda_tr( tot )=       0.000000
     -------------------------------------------------------------------


     Number of (k,k+q) pairs on the Fermi surface:      324 out of      324


     ismear =     1 iq =     131 coord.:   0.38889  0.22222  0.00000 wt:   0.00309 Temp:  300.000K
     -------------------------------------------------------------------
     lambda___(   1 )=       0.000000   gamma___=       0.000000 meV  omega=     59.3143 meV   on_shell_Omega=     59.3774 meV  off_shell_Omega=     59.3774 meV
     lambda_tr(   1 )=       0.000000   gamma_tr=       0.000000 meV  omega=     59.3143 meV   on_shell_Omega=     59.3774 meV  off_shell_Omega=     59.3774 meV
     lambda___(   2 )=       0.000000   gamma___=       0.000000 meV  omega=     73.3293 meV   on_shell_Omega=     73.3628 meV  off_shell_Omega=     73.3628 meV
     lambda_tr(   2 )=       0.000000   gamma_tr=       0.000000 meV  omega=     73.3293 meV   on_shell_Omega=     73.3628 meV  off_shell_Omega=     73.3628 meV
     lambda___(   3 )=       0.000000   gamma___=       0.000000 meV  omega=    109.9052 meV   on_shell_Omega=    109.9073 meV  off_shell_Omega=    109.9073 meV
     lambda_tr(   3 )=       0.000000   gamma_tr=       0.000000 meV  omega=    109.9052 meV   on_shell_Omega=    109.9073 meV  off_shell_Omega=    109.9073 meV
     lambda___(   4 )=       0.000000   gamma___=       0.000000 meV  omega=    154.3527 meV   on_shell_Omega=    154.3370 meV  off_shell_Omega=    154.3370 meV
     lambda_tr(   4 )=       0.000000   gamma_tr=       0.000000 meV  omega=    154.3527 meV   on_shell_Omega=    154.3370 meV  off_shell_Omega=    154.3370 meV
     lambda___(   5 )=      -0.000000   gamma___=      -0.000000 meV  omega=    159.1018 meV   on_shell_Omega=    159.1622 meV  off_shell_Omega=    159.1622 meV
     lambda_tr(   5 )=      -0.000000   gamma_tr=      -0.000000 meV  omega=    159.1018 meV   on_shell_Omega=    159.1622 meV  off_shell_Omega=    159.1622 meV
     lambda___(   6 )=       0.000000   gamma___=       0.000000 meV  omega=    166.9795 meV   on_shell_Omega=    167.3938 meV  off_shell_Omega=    167.4687 meV
     lambda_tr(   6 )=       0.000000   gamma_tr=       0.000000 meV  omega=    166.9795 meV   on_shell_Omega=    167.3938 meV  off_shell_Omega=    167.4687 meV
     lambda___( tot )=       0.000000
     lambda_tr( tot )=       0.000000
     -------------------------------------------------------------------


     Number of (k,k+q) pairs on the Fermi surface:      324 out of      324


     ismear =     1 iq =     132 coord.:   0.38889  0.27778  0.00000 wt:   0.00309 Temp:  300.000K
     -------------------------------------------------------------------
     lambda___(   1 )=      -0.000000   gamma___=      -0.000000 meV  omega=     60.4225 meV   on_shell_Omega=     60.4906 meV  off_shell_Omega=     60.4906 meV
     lambda_tr(   1 )=      -0.000000   gamma_tr=      -0.000000 meV  omega=     60.4225 meV   on_shell_Omega=     60.4906 meV  off_shell_Omega=     60.4906 meV
     lambda___(   2 )=      -0.000000   gamma___=      -0.000000 meV  omega=     71.4038 meV   on_shell_Omega=     71.4414 meV  off_shell_Omega=     71.4414 meV
     lambda_tr(   2 )=      -0.000000   gamma_tr=      -0.000000 meV  omega=     71.4038 meV   on_shell_Omega=     71.4414 meV  off_shell_Omega=     71.4414 meV
     lambda___(   3 )=       0.000000   gamma___=       0.000000 meV  omega=    119.0915 meV   on_shell_Omega=    119.0937 meV  off_shell_Omega=    119.0937 meV
     lambda_tr(   3 )=       0.000000   gamma_tr=       0.000000 meV  omega=    119.0915 meV   on_shell_Omega=    119.0937 meV  off_shell_Omega=    119.0937 meV
     lambda___(   4 )=       0.000000   gamma___=       0.000000 meV  omega=    148.2013 meV   on_shell_Omega=    148.2187 meV  off_shell_Omega=    148.2187 meV
     lambda_tr(   4 )=       0.000000   gamma_tr=       0.000000 meV  omega=    148.2013 meV   on_shell_Omega=    148.2187 meV  off_shell_Omega=    148.2187 meV
     lambda___(   5 )=       0.000000   gamma___=       0.000000 meV  omega=    158.2268 meV   on_shell_Omega=    158.2355 meV  off_shell_Omega=    158.2355 meV
     lambda_tr(   5 )=       0.000000   gamma_tr=       0.000000 meV  omega=    158.2268 meV   on_shell_Omega=    158.2355 meV  off_shell_Omega=    158.2355 meV
     lambda___(   6 )=       0.000000   gamma___=       0.000000 meV  omega=    164.2032 meV   on_shell_Omega=    163.5651 meV  off_shell_Omega=    163.4816 meV
     lambda_tr(   6 )=       0.000000   gamma_tr=       0.000000 meV  omega=    164.2032 meV   on_shell_Omega=    163.5651 meV  off_shell_Omega=    163.4816 meV
     lambda___( tot )=       0.000000
     lambda_tr( tot )=       0.000000
     -------------------------------------------------------------------


     Number of (k,k+q) pairs on the Fermi surface:      324 out of      324


     ismear =     1 iq =     133 coord.:   0.38889  0.33333  0.00000 wt:   0.00309 Temp:  300.000K
     -------------------------------------------------------------------
     lambda___(   1 )=       0.000000   gamma___=       0.000000 meV  omega=     60.4225 meV   on_shell_Omega=     60.4907 meV  off_shell_Omega=     60.4907 meV
     lambda_tr(   1 )=       0.000000   gamma_tr=       0.000000 meV  omega=     60.4225 meV   on_shell_Omega=     60.4907 meV  off_shell_Omega=     60.4907 meV
     lambda___(   2 )=       0.000000   gamma___=       0.000000 meV  omega=     71.4038 meV   on_shell_Omega=     71.4429 meV  off_shell_Omega=     71.4429 meV
     lambda_tr(   2 )=       0.000000   gamma_tr=       0.000000 meV  omega=     71.4038 meV   on_shell_Omega=     71.4429 meV  off_shell_Omega=     71.4429 meV
     lambda___(   3 )=       0.000000   gamma___=       0.000000 meV  omega=    119.0915 meV   on_shell_Omega=    119.0933 meV  off_shell_Omega=    119.0933 meV
     lambda_tr(   3 )=       0.000000   gamma_tr=       0.000000 meV  omega=    119.0915 meV   on_shell_Omega=    119.0933 meV  off_shell_Omega=    119.0933 meV
     lambda___(   4 )=       0.000000   gamma___=       0.000000 meV  omega=    148.2013 meV   on_shell_Omega=    148.2221 meV  off_shell_Omega=    148.2221 meV
     lambda_tr(   4 )=       0.000000   gamma_tr=       0.000000 meV  omega=    148.2013 meV   on_shell_Omega=    148.2221 meV  off_shell_Omega=    148.2221 meV
     lambda___(   5 )=       0.000000   gamma___=       0.000000 meV  omega=    158.2268 meV   on_shell_Omega=    158.2358 meV  off_shell_Omega=    158.2358 meV
     lambda_tr(   5 )=       0.000000   gamma_tr=       0.000000 meV  omega=    158.2268 meV   on_shell_Omega=    158.2358 meV  off_shell_Omega=    158.2358 meV
     lambda___(   6 )=       0.000000   gamma___=       0.000000 meV  omega=    164.2032 meV   on_shell_Omega=    163.5820 meV  off_shell_Omega=    163.4816 meV
     lambda_tr(   6 )=       0.000000   gamma_tr=       0.000000 meV  omega=    164.2032 meV   on_shell_Omega=    163.5820 meV  off_shell_Omega=    163.4816 meV
     lambda___( tot )=       0.000000
     lambda_tr( tot )=       0.000000
     -------------------------------------------------------------------


     Number of (k,k+q) pairs on the Fermi surface:      324 out of      324


     ismear =     1 iq =     134 coord.:   0.38889  0.38889  0.00000 wt:   0.00309 Temp:  300.000K
     -------------------------------------------------------------------
     lambda___(   1 )=      -0.000000   gamma___=      -0.000000 meV  omega=     59.3143 meV   on_shell_Omega=     59.3782 meV  off_shell_Omega=     59.3782 meV
     lambda_tr(   1 )=      -0.000000   gamma_tr=      -0.000000 meV  omega=     59.3143 meV   on_shell_Omega=     59.3782 meV  off_shell_Omega=     59.3782 meV
     lambda___(   2 )=      -0.000000   gamma___=      -0.000000 meV  omega=     73.3293 meV   on_shell_Omega=     73.3638 meV  off_shell_Omega=     73.3638 meV
     lambda_tr(   2 )=      -0.000000   gamma_tr=      -0.000000 meV  omega=     73.3293 meV   on_shell_Omega=     73.3638 meV  off_shell_Omega=     73.3638 meV
     lambda___(   3 )=      -0.000000   gamma___=      -0.000000 meV  omega=    109.9052 meV   on_shell_Omega=    109.9079 meV  off_shell_Omega=    109.9079 meV
     lambda_tr(   3 )=      -0.000000   gamma_tr=      -0.000000 meV  omega=    109.9052 meV   on_shell_Omega=    109.9079 meV  off_shell_Omega=    109.9079 meV
     lambda___(   4 )=      -0.000000   gamma___=      -0.000000 meV  omega=    154.3527 meV   on_shell_Omega=    154.3392 meV  off_shell_Omega=    154.3392 meV
     lambda_tr(   4 )=      -0.000000   gamma_tr=      -0.000000 meV  omega=    154.3527 meV   on_shell_Omega=    154.3392 meV  off_shell_Omega=    154.3392 meV
     lambda___(   5 )=       0.000000   gamma___=       0.000000 meV  omega=    159.1018 meV   on_shell_Omega=    159.1635 meV  off_shell_Omega=    159.1635 meV
     lambda_tr(   5 )=       0.000000   gamma_tr=       0.000000 meV  omega=    159.1018 meV   on_shell_Omega=    159.1635 meV  off_shell_Omega=    159.1635 meV
     lambda___(   6 )=       0.000000   gamma___=       0.000000 meV  omega=    166.9795 meV   on_shell_Omega=    167.3900 meV  off_shell_Omega=    167.4687 meV
     lambda_tr(   6 )=       0.000000   gamma_tr=       0.000000 meV  omega=    166.9795 meV   on_shell_Omega=    167.3900 meV  off_shell_Omega=    167.4687 meV
     lambda___( tot )=       0.000000
     lambda_tr( tot )=       0.000000
     -------------------------------------------------------------------


     Number of (k,k+q) pairs on the Fermi surface:      324 out of      324


     ismear =     1 iq =     135 coord.:   0.38889  0.44444  0.00000 wt:   0.00309 Temp:  300.000K
     -------------------------------------------------------------------
     lambda___(   1 )=       0.000000   gamma___=       0.000000 meV  omega=     56.9418 meV   on_shell_Omega=     56.9967 meV  off_shell_Omega=     56.9967 meV
     lambda_tr(   1 )=       0.000000   gamma_tr=       0.000000 meV  omega=     56.9418 meV   on_shell_Omega=     56.9967 meV  off_shell_Omega=     56.9967 meV
     lambda___(   2 )=       0.000000   gamma___=       0.000000 meV  omega=     76.7850 meV   on_shell_Omega=     76.8185 meV  off_shell_Omega=     76.8185 meV
     lambda_tr(   2 )=       0.000000   gamma_tr=       0.000000 meV  omega=     76.7850 meV   on_shell_Omega=     76.8185 meV  off_shell_Omega=     76.8185 meV
     lambda___(   3 )=       0.000000   gamma___=       0.000000 meV  omega=     98.3227 meV   on_shell_Omega=     98.3256 meV  off_shell_Omega=     98.3256 meV
     lambda_tr(   3 )=       0.000000   gamma_tr=       0.000000 meV  omega=     98.3227 meV   on_shell_Omega=     98.3256 meV  off_shell_Omega=     98.3256 meV
     lambda___(   4 )=       0.000000   gamma___=       0.000000 meV  omega=    154.7788 meV   on_shell_Omega=    154.7807 meV  off_shell_Omega=    154.7807 meV
     lambda_tr(   4 )=       0.000000   gamma_tr=       0.000000 meV  omega=    154.7788 meV   on_shell_Omega=    154.7807 meV  off_shell_Omega=    154.7807 meV
     lambda___(   5 )=       0.000000   gamma___=       0.000000 meV  omega=    165.9629 meV   on_shell_Omega=    165.9779 meV  off_shell_Omega=    165.9779 meV
     lambda_tr(   5 )=       0.000000   gamma_tr=       0.000000 meV  omega=    165.9629 meV   on_shell_Omega=    165.9779 meV  off_shell_Omega=    165.9779 meV
     lambda___(   6 )=       0.000000   gamma___=       0.000000 meV  omega=    170.5176 meV   on_shell_Omega=    170.8812 meV  off_shell_Omega=    170.8090 meV
     lambda_tr(   6 )=       0.000000   gamma_tr=       0.000000 meV  omega=    170.5176 meV   on_shell_Omega=    170.8812 meV  off_shell_Omega=    170.8090 meV
     lambda___( tot )=       0.000000
     lambda_tr( tot )=       0.000000
     -------------------------------------------------------------------


     Number of (k,k+q) pairs on the Fermi surface:      324 out of      324


     ismear =     1 iq =     136 coord.:   0.38889  0.50000  0.00000 wt:   0.00309 Temp:  300.000K
     -------------------------------------------------------------------
     lambda___(   1 )=       0.000000   gamma___=       0.000000 meV  omega=     53.3673 meV   on_shell_Omega=     53.3922 meV  off_shell_Omega=     53.3922 meV
     lambda_tr(   1 )=      -0.000000   gamma_tr=      -0.000000 meV  omega=     53.3673 meV   on_shell_Omega=     53.3922 meV  off_shell_Omega=     53.3922 meV
     lambda___(   2 )=       0.000000   gamma___=       0.000000 meV  omega=     80.9972 meV   on_shell_Omega=     81.0321 meV  off_shell_Omega=     81.0321 meV
     lambda_tr(   2 )=      -0.000000   gamma_tr=      -0.000000 meV  omega=     80.9972 meV   on_shell_Omega=     81.0321 meV  off_shell_Omega=     81.0321 meV
     lambda___(   3 )=       0.000000   gamma___=       0.000000 meV  omega=     87.2543 meV   on_shell_Omega=     87.2587 meV  off_shell_Omega=     87.2587 meV
     lambda_tr(   3 )=      -0.000000   gamma_tr=      -0.000000 meV  omega=     87.2543 meV   on_shell_Omega=     87.2587 meV  off_shell_Omega=     87.2587 meV
     lambda___(   4 )=       0.000000   gamma___=       0.000000 meV  omega=    152.1446 meV   on_shell_Omega=    152.1533 meV  off_shell_Omega=    152.1533 meV
     lambda_tr(   4 )=      -0.000000   gamma_tr=      -0.000000 meV  omega=    152.1446 meV   on_shell_Omega=    152.1533 meV  off_shell_Omega=    152.1533 meV
     lambda___(   5 )=       0.000000   gamma___=       0.000000 meV  omega=    172.6888 meV   on_shell_Omega=    172.7830 meV  off_shell_Omega=    172.7830 meV
     lambda_tr(   5 )=      -0.000000   gamma_tr=      -0.000000 meV  omega=    172.6888 meV   on_shell_Omega=    172.7830 meV  off_shell_Omega=    172.7830 meV
     lambda___(   6 )=       0.000000   gamma___=       0.000000 meV  omega=    174.0195 meV   on_shell_Omega=    174.1751 meV  off_shell_Omega=    174.1044 meV
     lambda_tr(   6 )=      -0.000000   gamma_tr=      -0.000000 meV  omega=    174.0195 meV   on_shell_Omega=    174.1751 meV  off_shell_Omega=    174.1044 meV
     lambda___( tot )=       0.000000
     lambda_tr( tot )=      -0.000000
     -------------------------------------------------------------------


     Number of (k,k+q) pairs on the Fermi surface:      324 out of      324


     ismear =     1 iq =     137 coord.:   0.38889  0.55556  0.00000 wt:   0.00309 Temp:  300.000K
     -------------------------------------------------------------------
     lambda___(   1 )=       0.000000   gamma___=       0.000000 meV  omega=     48.7905 meV   on_shell_Omega=     48.7902 meV  off_shell_Omega=     48.7902 meV
     lambda_tr(   1 )=      -0.000000   gamma_tr=      -0.000000 meV  omega=     48.7905 meV   on_shell_Omega=     48.7902 meV  off_shell_Omega=     48.7902 meV
     lambda___(   2 )=       0.000000   gamma___=       0.000000 meV  omega=     78.5437 meV   on_shell_Omega=     78.5472 meV  off_shell_Omega=     78.5472 meV
     lambda_tr(   2 )=      -0.000000   gamma_tr=      -0.000000 meV  omega=     78.5437 meV   on_shell_Omega=     78.5472 meV  off_shell_Omega=     78.5472 meV
     lambda___(   3 )=       0.000000   gamma___=       0.000000 meV  omega=     85.2558 meV   on_shell_Omega=     85.2799 meV  off_shell_Omega=     85.2799 meV
     lambda_tr(   3 )=      -0.000000   gamma_tr=      -0.000000 meV  omega=     85.2558 meV   on_shell_Omega=     85.2799 meV  off_shell_Omega=     85.2799 meV
     lambda___(   4 )=       0.000000   gamma___=       0.000000 meV  omega=    147.4470 meV   on_shell_Omega=    147.4642 meV  off_shell_Omega=    147.4642 meV
     lambda_tr(   4 )=      -0.000000   gamma_tr=      -0.000000 meV  omega=    147.4470 meV   on_shell_Omega=    147.4642 meV  off_shell_Omega=    147.4642 meV
     lambda___(   5 )=       0.000000   gamma___=       0.000000 meV  omega=    174.6874 meV   on_shell_Omega=    174.8404 meV  off_shell_Omega=    174.7727 meV
     lambda_tr(   5 )=      -0.000000   gamma_tr=      -0.000000 meV  omega=    174.6874 meV   on_shell_Omega=    174.8404 meV  off_shell_Omega=    174.7727 meV
     lambda___(   6 )=       0.000000   gamma___=       0.000000 meV  omega=    180.0478 meV   on_shell_Omega=    180.1006 meV  off_shell_Omega=    180.1006 meV
     lambda_tr(   6 )=      -0.000000   gamma_tr=      -0.000000 meV  omega=    180.0478 meV   on_shell_Omega=    180.1006 meV  off_shell_Omega=    180.1006 meV
     lambda___( tot )=       0.000000
     lambda_tr( tot )=      -0.000000
     -------------------------------------------------------------------


     Number of (k,k+q) pairs on the Fermi surface:      324 out of      324


     ismear =     1 iq =     138 coord.:   0.38889  0.61111  0.00000 wt:   0.00309 Temp:  300.000K
     -------------------------------------------------------------------
     lambda___(   1 )=       0.000000   gamma___=       0.000000 meV  omega=     43.5768 meV   on_shell_Omega=     43.5704 meV  off_shell_Omega=     43.5704 meV
     lambda_tr(   1 )=      -0.000000   gamma_tr=      -0.000000 meV  omega=     43.5768 meV   on_shell_Omega=     43.5704 meV  off_shell_Omega=     43.5704 meV
     lambda___(   2 )=       0.000000   gamma___=       0.000000 meV  omega=     73.9395 meV   on_shell_Omega=     73.9407 meV  off_shell_Omega=     73.9407 meV
     lambda_tr(   2 )=      -0.000000   gamma_tr=      -0.000000 meV  omega=     73.9395 meV   on_shell_Omega=     73.9407 meV  off_shell_Omega=     73.9407 meV
     lambda___(   3 )=       0.000000   gamma___=       0.000000 meV  omega=     89.0555 meV   on_shell_Omega=     89.0726 meV  off_shell_Omega=     89.0726 meV
     lambda_tr(   3 )=      -0.000000   gamma_tr=      -0.000000 meV  omega=     89.0555 meV   on_shell_Omega=     89.0726 meV  off_shell_Omega=     89.0726 meV
     lambda___(   4 )=       0.000000   gamma___=       0.000000 meV  omega=    140.6426 meV   on_shell_Omega=    140.6627 meV  off_shell_Omega=    140.6627 meV
     lambda_tr(   4 )=       0.000000   gamma_tr=       0.000000 meV  omega=    140.6426 meV   on_shell_Omega=    140.6627 meV  off_shell_Omega=    140.6627 meV
     lambda___(   5 )=       0.000000   gamma___=       0.000000 meV  omega=    175.9395 meV   on_shell_Omega=    176.0907 meV  off_shell_Omega=    176.0255 meV
     lambda_tr(   5 )=       0.000000   gamma_tr=       0.000000 meV  omega=    175.9395 meV   on_shell_Omega=    176.0907 meV  off_shell_Omega=    176.0255 meV
     lambda___(   6 )=       0.000000   gamma___=       0.000000 meV  omega=    184.8148 meV   on_shell_Omega=    184.8825 meV  off_shell_Omega=    184.8825 meV
     lambda_tr(   6 )=       0.000000   gamma_tr=       0.000000 meV  omega=    184.8148 meV   on_shell_Omega=    184.8825 meV  off_shell_Omega=    184.8825 meV
     lambda___( tot )=       0.000000
     lambda_tr( tot )=       0.000000
     -------------------------------------------------------------------


     Number of (k,k+q) pairs on the Fermi surface:      324 out of      324


     ismear =     1 iq =     139 coord.:   0.38889  0.66667  0.00000 wt:   0.00309 Temp:  300.000K
     -------------------------------------------------------------------
     lambda___(   1 )=      -0.000000   gamma___=      -0.000000 meV  omega=     38.4314 meV   on_shell_Omega=     38.4278 meV  off_shell_Omega=     38.4278 meV
     lambda_tr(   1 )=      -0.000000   gamma_tr=      -0.000000 meV  omega=     38.4314 meV   on_shell_Omega=     38.4278 meV  off_shell_Omega=     38.4278 meV
     lambda___(   2 )=       0.000000   gamma___=       0.000000 meV  omega=     74.4941 meV   on_shell_Omega=     74.4985 meV  off_shell_Omega=     74.4985 meV
     lambda_tr(   2 )=       0.000000   gamma_tr=       0.000000 meV  omega=     74.4941 meV   on_shell_Omega=     74.4985 meV  off_shell_Omega=     74.4985 meV
     lambda___(   3 )=       0.000000   gamma___=       0.000000 meV  omega=     92.0264 meV   on_shell_Omega=     92.0451 meV  off_shell_Omega=     92.0451 meV
     lambda_tr(   3 )=       0.000000   gamma_tr=       0.000000 meV  omega=     92.0264 meV   on_shell_Omega=     92.0451 meV  off_shell_Omega=     92.0451 meV
     lambda___(   4 )=       0.000000   gamma___=       0.000000 meV  omega=    132.3554 meV   on_shell_Omega=    132.3725 meV  off_shell_Omega=    132.3725 meV
     lambda_tr(   4 )=       0.000000   gamma_tr=       0.000000 meV  omega=    132.3554 meV   on_shell_Omega=    132.3725 meV  off_shell_Omega=    132.3725 meV
     lambda___(   5 )=       0.000000   gamma___=       0.000000 meV  omega=    176.5961 meV   on_shell_Omega=    176.7464 meV  off_shell_Omega=    176.6823 meV
     lambda_tr(   5 )=       0.000000   gamma_tr=       0.000000 meV  omega=    176.5961 meV   on_shell_Omega=    176.7464 meV  off_shell_Omega=    176.6823 meV
     lambda___(   6 )=       0.000000   gamma___=       0.000000 meV  omega=    187.7436 meV   on_shell_Omega=    187.8148 meV  off_shell_Omega=    187.8148 meV
     lambda_tr(   6 )=       0.000000   gamma_tr=       0.000000 meV  omega=    187.7436 meV   on_shell_Omega=    187.8148 meV  off_shell_Omega=    187.8148 meV
     lambda___( tot )=       0.000000
     lambda_tr( tot )=       0.000000
     -------------------------------------------------------------------


     Number of (k,k+q) pairs on the Fermi surface:      324 out of      324


     ismear =     1 iq =     140 coord.:   0.38889  0.72222  0.00000 wt:   0.00309 Temp:  300.000K
     -------------------------------------------------------------------
     lambda___(   1 )=       0.000000   gamma___=       0.000000 meV  omega=     34.3373 meV   on_shell_Omega=     34.3331 meV  off_shell_Omega=     34.3331 meV
     lambda_tr(   1 )=       0.000000   gamma_tr=       0.000000 meV  omega=     34.3373 meV   on_shell_Omega=     34.3331 meV  off_shell_Omega=     34.3331 meV
     lambda___(   2 )=       0.000000   gamma___=       0.000000 meV  omega=     79.2351 meV   on_shell_Omega=     79.2477 meV  off_shell_Omega=     79.2477 meV
     lambda_tr(   2 )=       0.000000   gamma_tr=       0.000000 meV  omega=     79.2351 meV   on_shell_Omega=     79.2477 meV  off_shell_Omega=     79.2477 meV
     lambda___(   3 )=       0.000000   gamma___=       0.000000 meV  omega=     93.9614 meV   on_shell_Omega=     93.9847 meV  off_shell_Omega=     93.9847 meV
     lambda_tr(   3 )=       0.000000   gamma_tr=       0.000000 meV  omega=     93.9614 meV   on_shell_Omega=     93.9847 meV  off_shell_Omega=     93.9847 meV
     lambda___(   4 )=       0.000000   gamma___=       0.000000 meV  omega=    123.8234 meV   on_shell_Omega=    123.8421 meV  off_shell_Omega=    123.8421 meV
     lambda_tr(   4 )=       0.000000   gamma_tr=       0.000000 meV  omega=    123.8234 meV   on_shell_Omega=    123.8421 meV  off_shell_Omega=    123.8421 meV
     lambda___(   5 )=       0.000000   gamma___=       0.000000 meV  omega=    176.4492 meV   on_shell_Omega=    176.6503 meV  off_shell_Omega=    176.5353 meV
     lambda_tr(   5 )=       0.000000   gamma_tr=       0.000000 meV  omega=    176.4492 meV   on_shell_Omega=    176.6503 meV  off_shell_Omega=    176.5353 meV
     lambda___(   6 )=       0.000000   gamma___=       0.000000 meV  omega=    188.8805 meV   on_shell_Omega=    188.9537 meV  off_shell_Omega=    188.9537 meV
     lambda_tr(   6 )=       0.000000   gamma_tr=       0.000000 meV  omega=    188.8805 meV   on_shell_Omega=    188.9537 meV  off_shell_Omega=    188.9537 meV
     lambda___( tot )=       0.000000
     lambda_tr( tot )=       0.000000
     -------------------------------------------------------------------


     Number of (k,k+q) pairs on the Fermi surface:      324 out of      324


     ismear =     1 iq =     141 coord.:   0.38889  0.77778  0.00000 wt:   0.00309 Temp:  300.000K
     -------------------------------------------------------------------
     lambda___(   1 )=       0.000000   gamma___=       0.000000 meV  omega=     32.1196 meV   on_shell_Omega=     32.1146 meV  off_shell_Omega=     32.1146 meV
     lambda_tr(   1 )=       0.000000   gamma_tr=       0.000000 meV  omega=     32.1196 meV   on_shell_Omega=     32.1146 meV  off_shell_Omega=     32.1146 meV
     lambda___(   2 )=       0.000000   gamma___=       0.000000 meV  omega=     84.4359 meV   on_shell_Omega=     84.4720 meV  off_shell_Omega=     84.4720 meV
     lambda_tr(   2 )=       0.000000   gamma_tr=       0.000000 meV  omega=     84.4359 meV   on_shell_Omega=     84.4720 meV  off_shell_Omega=     84.4720 meV
     lambda___(   3 )=       0.000000   gamma___=       0.000000 meV  omega=     94.8728 meV   on_shell_Omega=     94.8961 meV  off_shell_Omega=     94.8961 meV
     lambda_tr(   3 )=       0.000000   gamma_tr=       0.000000 meV  omega=     94.8728 meV   on_shell_Omega=     94.8961 meV  off_shell_Omega=     94.8961 meV
     lambda___(   4 )=       0.000000   gamma___=       0.000000 meV  omega=    117.4201 meV   on_shell_Omega=    117.4382 meV  off_shell_Omega=    117.4382 meV
     lambda_tr(   4 )=       0.000000   gamma_tr=       0.000000 meV  omega=    117.4201 meV   on_shell_Omega=    117.4382 meV  off_shell_Omega=    117.4382 meV
     lambda___(   5 )=       0.000000   gamma___=       0.000000 meV  omega=    175.9892 meV   on_shell_Omega=    176.2475 meV  off_shell_Omega=    176.2900 meV
     lambda_tr(   5 )=       0.000000   gamma_tr=       0.000000 meV  omega=    175.9892 meV   on_shell_Omega=    176.2475 meV  off_shell_Omega=    176.2900 meV
     lambda___(   6 )=       0.000000   gamma___=       0.000000 meV  omega=    189.0038 meV   on_shell_Omega=    189.0811 meV  off_shell_Omega=    189.0811 meV
     lambda_tr(   6 )=       0.000000   gamma_tr=       0.000000 meV  omega=    189.0038 meV   on_shell_Omega=    189.0811 meV  off_shell_Omega=    189.0811 meV
     lambda___( tot )=       0.000000
     lambda_tr( tot )=       0.000000
     -------------------------------------------------------------------


     Number of (k,k+q) pairs on the Fermi surface:      324 out of      324


     ismear =     1 iq =     142 coord.:   0.38889  0.83333  0.00000 wt:   0.00309 Temp:  300.000K
     -------------------------------------------------------------------
     lambda___(   1 )=       0.000000   gamma___=       0.000000 meV  omega=     32.1196 meV   on_shell_Omega=     32.1182 meV  off_shell_Omega=     32.1182 meV
     lambda_tr(   1 )=      -0.000000   gamma_tr=      -0.000000 meV  omega=     32.1196 meV   on_shell_Omega=     32.1182 meV  off_shell_Omega=     32.1182 meV
     lambda___(   2 )=      -0.000000   gamma___=      -0.000000 meV  omega=     84.4359 meV   on_shell_Omega=     84.4718 meV  off_shell_Omega=     84.4718 meV
     lambda_tr(   2 )=      -0.000000   gamma_tr=      -0.000000 meV  omega=     84.4359 meV   on_shell_Omega=     84.4718 meV  off_shell_Omega=     84.4718 meV
     lambda___(   3 )=       0.000000   gamma___=       0.000000 meV  omega=     94.8728 meV   on_shell_Omega=     94.8953 meV  off_shell_Omega=     94.8953 meV
     lambda_tr(   3 )=       0.000000   gamma_tr=       0.000000 meV  omega=     94.8728 meV   on_shell_Omega=     94.8953 meV  off_shell_Omega=     94.8953 meV
     lambda___(   4 )=       0.000000   gamma___=       0.000000 meV  omega=    117.4201 meV   on_shell_Omega=    117.4393 meV  off_shell_Omega=    117.4393 meV
     lambda_tr(   4 )=       0.000000   gamma_tr=       0.000000 meV  omega=    117.4201 meV   on_shell_Omega=    117.4393 meV  off_shell_Omega=    117.4393 meV
     lambda___(   5 )=       0.000000   gamma___=       0.000000 meV  omega=    175.9892 meV   on_shell_Omega=    176.2533 meV  off_shell_Omega=    176.2900 meV
     lambda_tr(   5 )=       0.000000   gamma_tr=       0.000000 meV  omega=    175.9892 meV   on_shell_Omega=    176.2533 meV  off_shell_Omega=    176.2900 meV
     lambda___(   6 )=       0.000000   gamma___=       0.000000 meV  omega=    189.0038 meV   on_shell_Omega=    189.0811 meV  off_shell_Omega=    189.0811 meV
     lambda_tr(   6 )=       0.000000   gamma_tr=       0.000000 meV  omega=    189.0038 meV   on_shell_Omega=    189.0811 meV  off_shell_Omega=    189.0811 meV
     lambda___( tot )=       0.000000
     lambda_tr( tot )=       0.000000
     -------------------------------------------------------------------


     Number of (k,k+q) pairs on the Fermi surface:      324 out of      324


     ismear =     1 iq =     143 coord.:   0.38889  0.88889  0.00000 wt:   0.00309 Temp:  300.000K
     -------------------------------------------------------------------
     lambda___(   1 )=       0.000000   gamma___=       0.000000 meV  omega=     34.3373 meV   on_shell_Omega=     34.3381 meV  off_shell_Omega=     34.3381 meV
     lambda_tr(   1 )=       0.000000   gamma_tr=       0.000000 meV  omega=     34.3373 meV   on_shell_Omega=     34.3381 meV  off_shell_Omega=     34.3381 meV
     lambda___(   2 )=       0.000000   gamma___=       0.000000 meV  omega=     79.2351 meV   on_shell_Omega=     79.2461 meV  off_shell_Omega=     79.2461 meV
     lambda_tr(   2 )=       0.000000   gamma_tr=       0.000000 meV  omega=     79.2351 meV   on_shell_Omega=     79.2461 meV  off_shell_Omega=     79.2461 meV
     lambda___(   3 )=       0.000000   gamma___=       0.000000 meV  omega=     93.9614 meV   on_shell_Omega=     93.9830 meV  off_shell_Omega=     93.9830 meV
     lambda_tr(   3 )=       0.000000   gamma_tr=       0.000000 meV  omega=     93.9614 meV   on_shell_Omega=     93.9830 meV  off_shell_Omega=     93.9830 meV
     lambda___(   4 )=       0.000000   gamma___=       0.000000 meV  omega=    123.8234 meV   on_shell_Omega=    123.8423 meV  off_shell_Omega=    123.8423 meV
     lambda_tr(   4 )=       0.000000   gamma_tr=       0.000000 meV  omega=    123.8234 meV   on_shell_Omega=    123.8423 meV  off_shell_Omega=    123.8423 meV
     lambda___(   5 )=       0.000000   gamma___=       0.000000 meV  omega=    176.4492 meV   on_shell_Omega=    176.6600 meV  off_shell_Omega=    176.5353 meV
     lambda_tr(   5 )=       0.000000   gamma_tr=       0.000000 meV  omega=    176.4492 meV   on_shell_Omega=    176.6600 meV  off_shell_Omega=    176.5353 meV
     lambda___(   6 )=       0.000000   gamma___=       0.000000 meV  omega=    188.8805 meV   on_shell_Omega=    188.9541 meV  off_shell_Omega=    188.9541 meV
     lambda_tr(   6 )=       0.000000   gamma_tr=       0.000000 meV  omega=    188.8805 meV   on_shell_Omega=    188.9541 meV  off_shell_Omega=    188.9541 meV
     lambda___( tot )=       0.000000
     lambda_tr( tot )=       0.000000
     -------------------------------------------------------------------


     Number of (k,k+q) pairs on the Fermi surface:      324 out of      324


     ismear =     1 iq =     144 coord.:   0.38889  0.94444  0.00000 wt:   0.00309 Temp:  300.000K
     -------------------------------------------------------------------
     lambda___(   1 )=      -0.000000   gamma___=      -0.000000 meV  omega=     38.4314 meV   on_shell_Omega=     38.4304 meV  off_shell_Omega=     38.4304 meV
     lambda_tr(   1 )=       0.000000   gamma_tr=       0.000000 meV  omega=     38.4314 meV   on_shell_Omega=     38.4304 meV  off_shell_Omega=     38.4304 meV
     lambda___(   2 )=       0.000000   gamma___=       0.000000 meV  omega=     74.4941 meV   on_shell_Omega=     74.4974 meV  off_shell_Omega=     74.4974 meV
     lambda_tr(   2 )=      -0.000000   gamma_tr=      -0.000000 meV  omega=     74.4941 meV   on_shell_Omega=     74.4974 meV  off_shell_Omega=     74.4974 meV
     lambda___(   3 )=       0.000000   gamma___=       0.000000 meV  omega=     92.0264 meV   on_shell_Omega=     92.0442 meV  off_shell_Omega=     92.0442 meV
     lambda_tr(   3 )=       0.000000   gamma_tr=       0.000000 meV  omega=     92.0264 meV   on_shell_Omega=     92.0442 meV  off_shell_Omega=     92.0442 meV
     lambda___(   4 )=       0.000000   gamma___=       0.000000 meV  omega=    132.3554 meV   on_shell_Omega=    132.3719 meV  off_shell_Omega=    132.3719 meV
     lambda_tr(   4 )=       0.000000   gamma_tr=       0.000000 meV  omega=    132.3554 meV   on_shell_Omega=    132.3719 meV  off_shell_Omega=    132.3719 meV
     lambda___(   5 )=       0.000000   gamma___=       0.000000 meV  omega=    176.5961 meV   on_shell_Omega=    176.7510 meV  off_shell_Omega=    176.6823 meV
     lambda_tr(   5 )=       0.000000   gamma_tr=       0.000000 meV  omega=    176.5961 meV   on_shell_Omega=    176.7510 meV  off_shell_Omega=    176.6823 meV
     lambda___(   6 )=       0.000000   gamma___=       0.000000 meV  omega=    187.7436 meV   on_shell_Omega=    187.8163 meV  off_shell_Omega=    187.8163 meV
     lambda_tr(   6 )=       0.000000   gamma_tr=       0.000000 meV  omega=    187.7436 meV   on_shell_Omega=    187.8163 meV  off_shell_Omega=    187.8163 meV
     lambda___( tot )=       0.000000
     lambda_tr( tot )=       0.000000
     -------------------------------------------------------------------


     Number of (k,k+q) pairs on the Fermi surface:      324 out of      324


     ismear =     1 iq =     145 coord.:   0.44444  0.00000  0.00000 wt:   0.00309 Temp:  300.000K
     -------------------------------------------------------------------
     lambda___(   1 )=       0.000000   gamma___=       0.000000 meV  omega=     53.1995 meV   on_shell_Omega=     53.1914 meV  off_shell_Omega=     53.1914 meV
     lambda_tr(   1 )=      -0.000000   gamma_tr=      -0.000000 meV  omega=     53.1995 meV   on_shell_Omega=     53.1914 meV  off_shell_Omega=     53.1914 meV
     lambda___(   2 )=       0.000000   gamma___=       0.000000 meV  omega=     76.8006 meV   on_shell_Omega=     76.8023 meV  off_shell_Omega=     76.8023 meV
     lambda_tr(   2 )=       0.000000   gamma_tr=       0.000000 meV  omega=     76.8006 meV   on_shell_Omega=     76.8023 meV  off_shell_Omega=     76.8023 meV
     lambda___(   3 )=       0.000000   gamma___=       0.000000 meV  omega=     82.2439 meV   on_shell_Omega=     82.2648 meV  off_shell_Omega=     82.2648 meV
     lambda_tr(   3 )=       0.000000   gamma_tr=       0.000000 meV  omega=     82.2439 meV   on_shell_Omega=     82.2648 meV  off_shell_Omega=     82.2648 meV
     lambda___(   4 )=       0.000000   gamma___=       0.000000 meV  omega=    154.4488 meV   on_shell_Omega=    154.4710 meV  off_shell_Omega=    154.4710 meV
     lambda_tr(   4 )=       0.000000   gamma_tr=       0.000000 meV  omega=    154.4488 meV   on_shell_Omega=    154.4710 meV  off_shell_Omega=    154.4710 meV
     lambda___(   5 )=       0.000000   gamma___=       0.000000 meV  omega=    174.3696 meV   on_shell_Omega=    174.5147 meV  off_shell_Omega=    174.4547 meV
     lambda_tr(   5 )=       0.000000   gamma_tr=       0.000000 meV  omega=    174.3696 meV   on_shell_Omega=    174.5147 meV  off_shell_Omega=    174.4547 meV
     lambda___(   6 )=       0.000000   gamma___=       0.000000 meV  omega=    176.6262 meV   on_shell_Omega=    176.6755 meV  off_shell_Omega=    176.6755 meV
     lambda_tr(   6 )=       0.000000   gamma_tr=       0.000000 meV  omega=    176.6262 meV   on_shell_Omega=    176.6755 meV  off_shell_Omega=    176.6755 meV
     lambda___( tot )=       0.000000
     lambda_tr( tot )=       0.000000
     -------------------------------------------------------------------


     Number of (k,k+q) pairs on the Fermi surface:      324 out of      324


     ismear =     1 iq =     146 coord.:   0.44444  0.05556  0.00000 wt:   0.00309 Temp:  300.000K
     -------------------------------------------------------------------
     lambda___(   1 )=       0.000000   gamma___=       0.000000 meV  omega=     56.7369 meV   on_shell_Omega=     56.7337 meV  off_shell_Omega=     56.7337 meV
     lambda_tr(   1 )=       0.000000   gamma_tr=       0.000000 meV  omega=     56.7369 meV   on_shell_Omega=     56.7337 meV  off_shell_Omega=     56.7337 meV
     lambda___(   2 )=       0.000000   gamma___=       0.000000 meV  omega=     79.1316 meV   on_shell_Omega=     79.1623 meV  off_shell_Omega=     79.1623 meV
     lambda_tr(   2 )=       0.000000   gamma_tr=       0.000000 meV  omega=     79.1316 meV   on_shell_Omega=     79.1623 meV  off_shell_Omega=     79.1623 meV
     lambda___(   3 )=       0.000000   gamma___=       0.000000 meV  omega=     80.3174 meV   on_shell_Omega=     80.3209 meV  off_shell_Omega=     80.3209 meV
     lambda_tr(   3 )=       0.000000   gamma_tr=       0.000000 meV  omega=     80.3174 meV   on_shell_Omega=     80.3209 meV  off_shell_Omega=     80.3209 meV
     lambda___(   4 )=       0.000000   gamma___=       0.000000 meV  omega=    160.2053 meV   on_shell_Omega=    160.2192 meV  off_shell_Omega=    160.2192 meV
     lambda_tr(   4 )=       0.000000   gamma_tr=       0.000000 meV  omega=    160.2053 meV   on_shell_Omega=    160.2192 meV  off_shell_Omega=    160.2192 meV
     lambda___(   5 )=       0.000000   gamma___=       0.000000 meV  omega=    170.8254 meV   on_shell_Omega=    170.8543 meV  off_shell_Omega=    170.8543 meV
     lambda_tr(   5 )=       0.000000   gamma_tr=       0.000000 meV  omega=    170.8254 meV   on_shell_Omega=    170.8543 meV  off_shell_Omega=    170.8543 meV
     lambda___(   6 )=       0.000000   gamma___=       0.000000 meV  omega=    173.7429 meV   on_shell_Omega=    173.9078 meV  off_shell_Omega=    173.8277 meV
     lambda_tr(   6 )=       0.000000   gamma_tr=       0.000000 meV  omega=    173.7429 meV   on_shell_Omega=    173.9078 meV  off_shell_Omega=    173.8277 meV
     lambda___( tot )=       0.000000
     lambda_tr( tot )=       0.000000
     -------------------------------------------------------------------


     Number of (k,k+q) pairs on the Fermi surface:      324 out of      324


     ismear =     1 iq =     147 coord.:   0.44444  0.11111  0.00000 wt:   0.00309 Temp:  300.000K
     -------------------------------------------------------------------
     lambda___(   1 )=       0.000000   gamma___=       0.000000 meV  omega=     58.0542 meV   on_shell_Omega=     58.0803 meV  off_shell_Omega=     58.0803 meV
     lambda_tr(   1 )=       0.000000   gamma_tr=       0.000000 meV  omega=     58.0542 meV   on_shell_Omega=     58.0803 meV  off_shell_Omega=     58.0803 meV
     lambda___(   2 )=       0.000000   gamma___=       0.000000 meV  omega=     77.1195 meV   on_shell_Omega=     77.1579 meV  off_shell_Omega=     77.1579 meV
     lambda_tr(   2 )=       0.000000   gamma_tr=       0.000000 meV  omega=     77.1195 meV   on_shell_Omega=     77.1579 meV  off_shell_Omega=     77.1579 meV
     lambda___(   3 )=       0.000000   gamma___=       0.000000 meV  omega=     88.0985 meV   on_shell_Omega=     88.1020 meV  off_shell_Omega=     88.1020 meV
     lambda_tr(   3 )=       0.000000   gamma_tr=       0.000000 meV  omega=     88.0985 meV   on_shell_Omega=     88.1020 meV  off_shell_Omega=     88.1020 meV
     lambda___(   4 )=       0.000000   gamma___=       0.000000 meV  omega=    162.4311 meV   on_shell_Omega=    162.4112 meV  off_shell_Omega=    162.4112 meV
     lambda_tr(   4 )=       0.000000   gamma_tr=       0.000000 meV  omega=    162.4311 meV   on_shell_Omega=    162.4112 meV  off_shell_Omega=    162.4112 meV
     lambda___(   5 )=       0.000000   gamma___=       0.000000 meV  omega=    164.9634 meV   on_shell_Omega=    165.0006 meV  off_shell_Omega=    165.0006 meV
     lambda_tr(   5 )=       0.000000   gamma_tr=       0.000000 meV  omega=    164.9634 meV   on_shell_Omega=    165.0006 meV  off_shell_Omega=    165.0006 meV
     lambda___(   6 )=       0.000000   gamma___=       0.000000 meV  omega=    172.5836 meV   on_shell_Omega=    172.8137 meV  off_shell_Omega=    172.8785 meV
     lambda_tr(   6 )=       0.000000   gamma_tr=       0.000000 meV  omega=    172.5836 meV   on_shell_Omega=    172.8137 meV  off_shell_Omega=    172.8785 meV
     lambda___( tot )=       0.000000
     lambda_tr( tot )=       0.000000
     -------------------------------------------------------------------


     Number of (k,k+q) pairs on the Fermi surface:      324 out of      324


     ismear =     1 iq =     148 coord.:   0.44444  0.16667  0.00000 wt:   0.00309 Temp:  300.000K
     -------------------------------------------------------------------
     lambda___(   1 )=       0.000000   gamma___=       0.000000 meV  omega=     56.9924 meV   on_shell_Omega=     57.0530 meV  off_shell_Omega=     57.0530 meV
     lambda_tr(   1 )=      -0.000000   gamma_tr=      -0.000000 meV  omega=     56.9924 meV   on_shell_Omega=     57.0530 meV  off_shell_Omega=     57.0530 meV
     lambda___(   2 )=       0.000000   gamma___=       0.000000 meV  omega=     76.7475 meV   on_shell_Omega=     76.7761 meV  off_shell_Omega=     76.7761 meV
     lambda_tr(   2 )=      -0.000000   gamma_tr=      -0.000000 meV  omega=     76.7475 meV   on_shell_Omega=     76.7761 meV  off_shell_Omega=     76.7761 meV
     lambda___(   3 )=       0.000000   gamma___=       0.000000 meV  omega=     98.3594 meV   on_shell_Omega=     98.3621 meV  off_shell_Omega=     98.3621 meV
     lambda_tr(   3 )=      -0.000000   gamma_tr=      -0.000000 meV  omega=     98.3594 meV   on_shell_Omega=     98.3621 meV  off_shell_Omega=     98.3621 meV
     lambda___(   4 )=       0.000000   gamma___=       0.000000 meV  omega=    154.6472 meV   on_shell_Omega=    154.6510 meV  off_shell_Omega=    154.6510 meV
     lambda_tr(   4 )=      -0.000000   gamma_tr=      -0.000000 meV  omega=    154.6472 meV   on_shell_Omega=    154.6510 meV  off_shell_Omega=    154.6510 meV
     lambda___(   5 )=       0.000000   gamma___=       0.000000 meV  omega=    166.1160 meV   on_shell_Omega=    166.1332 meV  off_shell_Omega=    166.1332 meV
     lambda_tr(   5 )=      -0.000000   gamma_tr=      -0.000000 meV  omega=    166.1160 meV   on_shell_Omega=    166.1332 meV  off_shell_Omega=    166.1332 meV
     lambda___(   6 )=       0.000000   gamma___=       0.000000 meV  omega=    170.4667 meV   on_shell_Omega=    170.8125 meV  off_shell_Omega=    170.7580 meV
     lambda_tr(   6 )=      -0.000000   gamma_tr=      -0.000000 meV  omega=    170.4667 meV   on_shell_Omega=    170.8125 meV  off_shell_Omega=    170.7580 meV
     lambda___( tot )=       0.000000
     lambda_tr( tot )=      -0.000000
     -------------------------------------------------------------------


     Number of (k,k+q) pairs on the Fermi surface:      324 out of      324


     ismear =     1 iq =     149 coord.:   0.44444  0.22222  0.00000 wt:   0.00309 Temp:  300.000K
     -------------------------------------------------------------------
     lambda___(   1 )=       0.000000   gamma___=       0.000000 meV  omega=     55.1439 meV   on_shell_Omega=     55.2135 meV  off_shell_Omega=     55.2135 meV
     lambda_tr(   1 )=       0.000000   gamma_tr=       0.000000 meV  omega=     55.1439 meV   on_shell_Omega=     55.2135 meV  off_shell_Omega=     55.2135 meV
     lambda___(   2 )=      -0.000000   gamma___=      -0.000000 meV  omega=     77.1672 meV   on_shell_Omega=     77.1967 meV  off_shell_Omega=     77.1967 meV
     lambda_tr(   2 )=      -0.000000   gamma_tr=      -0.000000 meV  omega=     77.1672 meV   on_shell_Omega=     77.1967 meV  off_shell_Omega=     77.1967 meV
     lambda___(   3 )=      -0.000000   gamma___=      -0.000000 meV  omega=    108.5981 meV   on_shell_Omega=    108.6047 meV  off_shell_Omega=    108.6047 meV
     lambda_tr(   3 )=      -0.000000   gamma_tr=      -0.000000 meV  omega=    108.5981 meV   on_shell_Omega=    108.6047 meV  off_shell_Omega=    108.6047 meV
     lambda___(   4 )=       0.000000   gamma___=       0.000000 meV  omega=    146.0535 meV   on_shell_Omega=    146.0825 meV  off_shell_Omega=    146.0825 meV
     lambda_tr(   4 )=       0.000000   gamma_tr=       0.000000 meV  omega=    146.0535 meV   on_shell_Omega=    146.0825 meV  off_shell_Omega=    146.0825 meV
     lambda___(   5 )=       0.000000   gamma___=       0.000000 meV  omega=    166.7793 meV   on_shell_Omega=    166.8023 meV  off_shell_Omega=    166.8023 meV
     lambda_tr(   5 )=       0.000000   gamma_tr=       0.000000 meV  omega=    166.7793 meV   on_shell_Omega=    166.8023 meV  off_shell_Omega=    166.8023 meV
     lambda___(   6 )=       0.000000   gamma___=       0.000000 meV  omega=    167.9831 meV   on_shell_Omega=    168.3477 meV  off_shell_Omega=    168.4752 meV
     lambda_tr(   6 )=       0.000000   gamma_tr=       0.000000 meV  omega=    167.9831 meV   on_shell_Omega=    168.3477 meV  off_shell_Omega=    168.4752 meV
     lambda___( tot )=       0.000000
     lambda_tr( tot )=       0.000000
     -------------------------------------------------------------------


     Number of (k,k+q) pairs on the Fermi surface:      324 out of      324


     ismear =     1 iq =     150 coord.:   0.44444  0.27778  0.00000 wt:   0.00309 Temp:  300.000K
     -------------------------------------------------------------------
     lambda___(   1 )=       0.000000   gamma___=       0.000000 meV  omega=     54.2986 meV   on_shell_Omega=     54.3723 meV  off_shell_Omega=     54.3723 meV
     lambda_tr(   1 )=       0.000000   gamma_tr=       0.000000 meV  omega=     54.2986 meV   on_shell_Omega=     54.3723 meV  off_shell_Omega=     54.3723 meV
     lambda___(   2 )=      -0.000000   gamma___=      -0.000000 meV  omega=     77.4117 meV   on_shell_Omega=     77.4475 meV  off_shell_Omega=     77.4475 meV
     lambda_tr(   2 )=      -0.000000   gamma_tr=      -0.000000 meV  omega=     77.4117 meV   on_shell_Omega=     77.4475 meV  off_shell_Omega=     77.4475 meV
     lambda___(   3 )=       0.000000   gamma___=       0.000000 meV  omega=    113.8139 meV   on_shell_Omega=    113.8209 meV  off_shell_Omega=    113.8209 meV
     lambda_tr(   3 )=       0.000000   gamma_tr=       0.000000 meV  omega=    113.8139 meV   on_shell_Omega=    113.8209 meV  off_shell_Omega=    113.8209 meV
     lambda___(   4 )=      -0.000000   gamma___=      -0.000000 meV  omega=    141.4601 meV   on_shell_Omega=    141.5203 meV  off_shell_Omega=    141.5203 meV
     lambda_tr(   4 )=      -0.000000   gamma_tr=      -0.000000 meV  omega=    141.4601 meV   on_shell_Omega=    141.5203 meV  off_shell_Omega=    141.5203 meV
     lambda___(   5 )=       0.000000   gamma___=       0.000000 meV  omega=    166.8348 meV   on_shell_Omega=    166.9401 meV  off_shell_Omega=    166.9401 meV
     lambda_tr(   5 )=       0.000000   gamma_tr=       0.000000 meV  omega=    166.8348 meV   on_shell_Omega=    166.9401 meV  off_shell_Omega=    166.9401 meV
     lambda___(   6 )=       0.000000   gamma___=       0.000000 meV  omega=    166.9144 meV   on_shell_Omega=    166.9302 meV  off_shell_Omega=    166.9302 meV
     lambda_tr(   6 )=       0.000000   gamma_tr=       0.000000 meV  omega=    166.9144 meV   on_shell_Omega=    166.9302 meV  off_shell_Omega=    166.9302 meV
     lambda___( tot )=       0.000000
     lambda_tr( tot )=       0.000000
     -------------------------------------------------------------------


     Number of (k,k+q) pairs on the Fermi surface:      324 out of      324


     ismear =     1 iq =     151 coord.:   0.44444  0.33333  0.00000 wt:   0.00309 Temp:  300.000K
     -------------------------------------------------------------------
     lambda___(   1 )=      -0.000000   gamma___=      -0.000000 meV  omega=     55.1439 meV   on_shell_Omega=     55.2152 meV  off_shell_Omega=     55.2152 meV
     lambda_tr(   1 )=      -0.000000   gamma_tr=      -0.000000 meV  omega=     55.1439 meV   on_shell_Omega=     55.2152 meV  off_shell_Omega=     55.2152 meV
     lambda___(   2 )=       0.000000   gamma___=       0.000000 meV  omega=     77.1672 meV   on_shell_Omega=     77.1980 meV  off_shell_Omega=     77.1980 meV
     lambda_tr(   2 )=       0.000000   gamma_tr=       0.000000 meV  omega=     77.1672 meV   on_shell_Omega=     77.1980 meV  off_shell_Omega=     77.1980 meV
     lambda___(   3 )=       0.000000   gamma___=       0.000000 meV  omega=    108.5981 meV   on_shell_Omega=    108.6047 meV  off_shell_Omega=    108.6047 meV
     lambda_tr(   3 )=       0.000000   gamma_tr=       0.000000 meV  omega=    108.5981 meV   on_shell_Omega=    108.6047 meV  off_shell_Omega=    108.6047 meV
     lambda___(   4 )=       0.000000   gamma___=       0.000000 meV  omega=    146.0535 meV   on_shell_Omega=    146.0846 meV  off_shell_Omega=    146.0846 meV
     lambda_tr(   4 )=       0.000000   gamma_tr=       0.000000 meV  omega=    146.0535 meV   on_shell_Omega=    146.0846 meV  off_shell_Omega=    146.0846 meV
     lambda___(   5 )=       0.000000   gamma___=       0.000000 meV  omega=    166.7793 meV   on_shell_Omega=    166.8021 meV  off_shell_Omega=    166.8021 meV
     lambda_tr(   5 )=       0.000000   gamma_tr=       0.000000 meV  omega=    166.7793 meV   on_shell_Omega=    166.8021 meV  off_shell_Omega=    166.8021 meV
     lambda___(   6 )=       0.000000   gamma___=       0.000000 meV  omega=    167.9831 meV   on_shell_Omega=    168.3536 meV  off_shell_Omega=    168.4752 meV
     lambda_tr(   6 )=       0.000000   gamma_tr=       0.000000 meV  omega=    167.9831 meV   on_shell_Omega=    168.3536 meV  off_shell_Omega=    168.4752 meV
     lambda___( tot )=       0.000000
     lambda_tr( tot )=       0.000000
     -------------------------------------------------------------------


     Number of (k,k+q) pairs on the Fermi surface:      324 out of      324


     ismear =     1 iq =     152 coord.:   0.44444  0.38889  0.00000 wt:   0.00309 Temp:  300.000K
     -------------------------------------------------------------------
     lambda___(   1 )=       0.000000   gamma___=       0.000000 meV  omega=     56.9924 meV   on_shell_Omega=     57.0534 meV  off_shell_Omega=     57.0534 meV
     lambda_tr(   1 )=      -0.000000   gamma_tr=      -0.000000 meV  omega=     56.9924 meV   on_shell_Omega=     57.0534 meV  off_shell_Omega=     57.0534 meV
     lambda___(   2 )=       0.000000   gamma___=       0.000000 meV  omega=     76.7475 meV   on_shell_Omega=     76.7765 meV  off_shell_Omega=     76.7765 meV
     lambda_tr(   2 )=      -0.000000   gamma_tr=      -0.000000 meV  omega=     76.7475 meV   on_shell_Omega=     76.7765 meV  off_shell_Omega=     76.7765 meV
     lambda___(   3 )=       0.000000   gamma___=       0.000000 meV  omega=     98.3594 meV   on_shell_Omega=     98.3622 meV  off_shell_Omega=     98.3622 meV
     lambda_tr(   3 )=      -0.000000   gamma_tr=      -0.000000 meV  omega=     98.3594 meV   on_shell_Omega=     98.3622 meV  off_shell_Omega=     98.3622 meV
     lambda___(   4 )=       0.000000   gamma___=       0.000000 meV  omega=    154.6472 meV   on_shell_Omega=    154.6516 meV  off_shell_Omega=    154.6516 meV
     lambda_tr(   4 )=      -0.000000   gamma_tr=      -0.000000 meV  omega=    154.6472 meV   on_shell_Omega=    154.6516 meV  off_shell_Omega=    154.6516 meV
     lambda___(   5 )=       0.000000   gamma___=       0.000000 meV  omega=    166.1160 meV   on_shell_Omega=    166.1333 meV  off_shell_Omega=    166.1333 meV
     lambda_tr(   5 )=      -0.000000   gamma_tr=      -0.000000 meV  omega=    166.1160 meV   on_shell_Omega=    166.1333 meV  off_shell_Omega=    166.1333 meV
     lambda___(   6 )=       0.000000   gamma___=       0.000000 meV  omega=    170.4667 meV   on_shell_Omega=    170.8067 meV  off_shell_Omega=    170.7580 meV
     lambda_tr(   6 )=      -0.000000   gamma_tr=      -0.000000 meV  omega=    170.4667 meV   on_shell_Omega=    170.8067 meV  off_shell_Omega=    170.7580 meV
     lambda___( tot )=       0.000000
     lambda_tr( tot )=      -0.000000
     -------------------------------------------------------------------


     Number of (k,k+q) pairs on the Fermi surface:      324 out of      324


     ismear =     1 iq =     153 coord.:   0.44444  0.44444  0.00000 wt:   0.00309 Temp:  300.000K
     -------------------------------------------------------------------
     lambda___(   1 )=       0.000000   gamma___=       0.000000 meV  omega=     58.0542 meV   on_shell_Omega=     58.0792 meV  off_shell_Omega=     58.0792 meV
     lambda_tr(   1 )=       0.000000   gamma_tr=       0.000000 meV  omega=     58.0542 meV   on_shell_Omega=     58.0792 meV  off_shell_Omega=     58.0792 meV
     lambda___(   2 )=       0.000000   gamma___=       0.000000 meV  omega=     77.1195 meV   on_shell_Omega=     77.1580 meV  off_shell_Omega=     77.1580 meV
     lambda_tr(   2 )=       0.000000   gamma_tr=       0.000000 meV  omega=     77.1195 meV   on_shell_Omega=     77.1580 meV  off_shell_Omega=     77.1580 meV
     lambda___(   3 )=       0.000000   gamma___=       0.000000 meV  omega=     88.0985 meV   on_shell_Omega=     88.1017 meV  off_shell_Omega=     88.1017 meV
     lambda_tr(   3 )=       0.000000   gamma_tr=       0.000000 meV  omega=     88.0985 meV   on_shell_Omega=     88.1017 meV  off_shell_Omega=     88.1017 meV
     lambda___(   4 )=       0.000000   gamma___=       0.000000 meV  omega=    162.4311 meV   on_shell_Omega=    162.4115 meV  off_shell_Omega=    162.4115 meV
     lambda_tr(   4 )=       0.000000   gamma_tr=       0.000000 meV  omega=    162.4311 meV   on_shell_Omega=    162.4115 meV  off_shell_Omega=    162.4115 meV
     lambda___(   5 )=       0.000000   gamma___=       0.000000 meV  omega=    164.9634 meV   on_shell_Omega=    165.0003 meV  off_shell_Omega=    165.0003 meV
     lambda_tr(   5 )=       0.000000   gamma_tr=       0.000000 meV  omega=    164.9634 meV   on_shell_Omega=    165.0003 meV  off_shell_Omega=    165.0003 meV
     lambda___(   6 )=       0.000000   gamma___=       0.000000 meV  omega=    172.5836 meV   on_shell_Omega=    172.8112 meV  off_shell_Omega=    172.8785 meV
     lambda_tr(   6 )=       0.000000   gamma_tr=       0.000000 meV  omega=    172.5836 meV   on_shell_Omega=    172.8112 meV  off_shell_Omega=    172.8785 meV
     lambda___( tot )=       0.000000
     lambda_tr( tot )=       0.000000
     -------------------------------------------------------------------


     Number of (k,k+q) pairs on the Fermi surface:      324 out of      324


     ismear =     1 iq =     154 coord.:   0.44444  0.50000  0.00000 wt:   0.00309 Temp:  300.000K
     -------------------------------------------------------------------
     lambda___(   1 )=       0.000000   gamma___=       0.000000 meV  omega=     56.7369 meV   on_shell_Omega=     56.7319 meV  off_shell_Omega=     56.7319 meV
     lambda_tr(   1 )=       0.000000   gamma_tr=       0.000000 meV  omega=     56.7369 meV   on_shell_Omega=     56.7319 meV  off_shell_Omega=     56.7319 meV
     lambda___(   2 )=       0.000000   gamma___=       0.000000 meV  omega=     79.1316 meV   on_shell_Omega=     79.1639 meV  off_shell_Omega=     79.1639 meV
     lambda_tr(   2 )=       0.000000   gamma_tr=       0.000000 meV  omega=     79.1316 meV   on_shell_Omega=     79.1639 meV  off_shell_Omega=     79.1639 meV
     lambda___(   3 )=       0.000000   gamma___=       0.000000 meV  omega=     80.3174 meV   on_shell_Omega=     80.3209 meV  off_shell_Omega=     80.3209 meV
     lambda_tr(   3 )=       0.000000   gamma_tr=       0.000000 meV  omega=     80.3174 meV   on_shell_Omega=     80.3209 meV  off_shell_Omega=     80.3209 meV
     lambda___(   4 )=       0.000000   gamma___=       0.000000 meV  omega=    160.2053 meV   on_shell_Omega=    160.2205 meV  off_shell_Omega=    160.2205 meV
     lambda_tr(   4 )=       0.000000   gamma_tr=       0.000000 meV  omega=    160.2053 meV   on_shell_Omega=    160.2205 meV  off_shell_Omega=    160.2205 meV
     lambda___(   5 )=       0.000000   gamma___=       0.000000 meV  omega=    170.8254 meV   on_shell_Omega=    170.8540 meV  off_shell_Omega=    170.8540 meV
     lambda_tr(   5 )=       0.000000   gamma_tr=       0.000000 meV  omega=    170.8254 meV   on_shell_Omega=    170.8540 meV  off_shell_Omega=    170.8540 meV
     lambda___(   6 )=       0.000000   gamma___=       0.000000 meV  omega=    173.7429 meV   on_shell_Omega=    173.9087 meV  off_shell_Omega=    173.8277 meV
     lambda_tr(   6 )=       0.000000   gamma_tr=       0.000000 meV  omega=    173.7429 meV   on_shell_Omega=    173.9087 meV  off_shell_Omega=    173.8277 meV
     lambda___( tot )=       0.000000
     lambda_tr( tot )=       0.000000
     -------------------------------------------------------------------


     Number of (k,k+q) pairs on the Fermi surface:      324 out of      324


     ismear =     1 iq =     155 coord.:   0.44444  0.55556  0.00000 wt:   0.00309 Temp:  300.000K
     -------------------------------------------------------------------
     lambda___(   1 )=      -0.000000   gamma___=      -0.000000 meV  omega=     53.1995 meV   on_shell_Omega=     53.1913 meV  off_shell_Omega=     53.1913 meV
     lambda_tr(   1 )=      -0.000000   gamma_tr=      -0.000000 meV  omega=     53.1995 meV   on_shell_Omega=     53.1913 meV  off_shell_Omega=     53.1913 meV
     lambda___(   2 )=       0.000000   gamma___=       0.000000 meV  omega=     76.8006 meV   on_shell_Omega=     76.8026 meV  off_shell_Omega=     76.8026 meV
     lambda_tr(   2 )=       0.000000   gamma_tr=       0.000000 meV  omega=     76.8006 meV   on_shell_Omega=     76.8026 meV  off_shell_Omega=     76.8026 meV
     lambda___(   3 )=      -0.000000   gamma___=      -0.000000 meV  omega=     82.2439 meV   on_shell_Omega=     82.2664 meV  off_shell_Omega=     82.2664 meV
     lambda_tr(   3 )=      -0.000000   gamma_tr=      -0.000000 meV  omega=     82.2439 meV   on_shell_Omega=     82.2664 meV  off_shell_Omega=     82.2664 meV
     lambda___(   4 )=       0.000000   gamma___=       0.000000 meV  omega=    154.4488 meV   on_shell_Omega=    154.4723 meV  off_shell_Omega=    154.4723 meV
     lambda_tr(   4 )=       0.000000   gamma_tr=       0.000000 meV  omega=    154.4488 meV   on_shell_Omega=    154.4723 meV  off_shell_Omega=    154.4723 meV
     lambda___(   5 )=       0.000000   gamma___=       0.000000 meV  omega=    174.3696 meV   on_shell_Omega=    174.5229 meV  off_shell_Omega=    174.4547 meV
     lambda_tr(   5 )=       0.000000   gamma_tr=       0.000000 meV  omega=    174.3696 meV   on_shell_Omega=    174.5229 meV  off_shell_Omega=    174.4547 meV
     lambda___(   6 )=       0.000000   gamma___=       0.000000 meV  omega=    176.6262 meV   on_shell_Omega=    176.6757 meV  off_shell_Omega=    176.6757 meV
     lambda_tr(   6 )=       0.000000   gamma_tr=       0.000000 meV  omega=    176.6262 meV   on_shell_Omega=    176.6757 meV  off_shell_Omega=    176.6757 meV
     lambda___( tot )=       0.000000
     lambda_tr( tot )=       0.000000
     -------------------------------------------------------------------


     Number of (k,k+q) pairs on the Fermi surface:      324 out of      324


     ismear =     1 iq =     156 coord.:   0.44444  0.61111  0.00000 wt:   0.00309 Temp:  300.000K
     -------------------------------------------------------------------
     lambda___(   1 )=       0.000000   gamma___=       0.000000 meV  omega=     48.5664 meV   on_shell_Omega=     48.5683 meV  off_shell_Omega=     48.5683 meV
     lambda_tr(   1 )=       0.000000   gamma_tr=       0.000000 meV  omega=     48.5664 meV   on_shell_Omega=     48.5683 meV  off_shell_Omega=     48.5683 meV
     lambda___(   2 )=       0.000000   gamma___=       0.000000 meV  omega=     78.3952 meV   on_shell_Omega=     78.3997 meV  off_shell_Omega=     78.3997 meV
     lambda_tr(   2 )=       0.000000   gamma_tr=       0.000000 meV  omega=     78.3952 meV   on_shell_Omega=     78.3997 meV  off_shell_Omega=     78.3997 meV
     lambda___(   3 )=       0.000000   gamma___=       0.000000 meV  omega=     85.3837 meV   on_shell_Omega=     85.4061 meV  off_shell_Omega=     85.4061 meV
     lambda_tr(   3 )=       0.000000   gamma_tr=       0.000000 meV  omega=     85.3837 meV   on_shell_Omega=     85.4061 meV  off_shell_Omega=     85.4061 meV
     lambda___(   4 )=       0.000000   gamma___=       0.000000 meV  omega=    146.8968 meV   on_shell_Omega=    146.9151 meV  off_shell_Omega=    146.9151 meV
     lambda_tr(   4 )=       0.000000   gamma_tr=       0.000000 meV  omega=    146.8968 meV   on_shell_Omega=    146.9151 meV  off_shell_Omega=    146.9151 meV
     lambda___(   5 )=       0.000000   gamma___=       0.000000 meV  omega=    174.7440 meV   on_shell_Omega=    174.8944 meV  off_shell_Omega=    174.8293 meV
     lambda_tr(   5 )=       0.000000   gamma_tr=       0.000000 meV  omega=    174.7440 meV   on_shell_Omega=    174.8944 meV  off_shell_Omega=    174.8293 meV
     lambda___(   6 )=       0.000000   gamma___=       0.000000 meV  omega=    180.5068 meV   on_shell_Omega=    180.5593 meV  off_shell_Omega=    180.5593 meV
     lambda_tr(   6 )=       0.000000   gamma_tr=       0.000000 meV  omega=    180.5068 meV   on_shell_Omega=    180.5593 meV  off_shell_Omega=    180.5593 meV
     lambda___( tot )=       0.000000
     lambda_tr( tot )=       0.000000
     -------------------------------------------------------------------


     Number of (k,k+q) pairs on the Fermi surface:      324 out of      324


     ismear =     1 iq =     157 coord.:   0.44444  0.66667  0.00000 wt:   0.00309 Temp:  300.000K
     -------------------------------------------------------------------
     lambda___(   1 )=      -0.000000   gamma___=      -0.000000 meV  omega=     44.0454 meV   on_shell_Omega=     44.0704 meV  off_shell_Omega=     44.0704 meV
     lambda_tr(   1 )=       0.000000   gamma_tr=       0.000000 meV  omega=     44.0454 meV   on_shell_Omega=     44.0704 meV  off_shell_Omega=     44.0704 meV
     lambda___(   2 )=       0.000000   gamma___=       0.000000 meV  omega=     84.2995 meV   on_shell_Omega=     84.3083 meV  off_shell_Omega=     84.3083 meV
     lambda_tr(   2 )=       0.000000   gamma_tr=       0.000000 meV  omega=     84.2995 meV   on_shell_Omega=     84.3083 meV  off_shell_Omega=     84.3083 meV
     lambda___(   3 )=       0.000000   gamma___=       0.000000 meV  omega=     87.8501 meV   on_shell_Omega=     87.8805 meV  off_shell_Omega=     87.8805 meV
     lambda_tr(   3 )=       0.000000   gamma_tr=       0.000000 meV  omega=     87.8501 meV   on_shell_Omega=     87.8805 meV  off_shell_Omega=     87.8805 meV
     lambda___(   4 )=       0.000000   gamma___=       0.000000 meV  omega=    138.4064 meV   on_shell_Omega=    138.4233 meV  off_shell_Omega=    138.4233 meV
     lambda_tr(   4 )=       0.000000   gamma_tr=       0.000000 meV  omega=    138.4064 meV   on_shell_Omega=    138.4233 meV  off_shell_Omega=    138.4233 meV
     lambda___(   5 )=       0.000000   gamma___=       0.000000 meV  omega=    174.4848 meV   on_shell_Omega=    174.6785 meV  off_shell_Omega=    174.5700 meV
     lambda_tr(   5 )=       0.000000   gamma_tr=       0.000000 meV  omega=    174.4848 meV   on_shell_Omega=    174.6785 meV  off_shell_Omega=    174.5700 meV
     lambda___(   6 )=       0.000000   gamma___=       0.000000 meV  omega=    182.3463 meV   on_shell_Omega=    182.3951 meV  off_shell_Omega=    182.3951 meV
     lambda_tr(   6 )=       0.000000   gamma_tr=       0.000000 meV  omega=    182.3463 meV   on_shell_Omega=    182.3951 meV  off_shell_Omega=    182.3951 meV
     lambda___( tot )=       0.000000
     lambda_tr( tot )=       0.000000
     -------------------------------------------------------------------


     Number of (k,k+q) pairs on the Fermi surface:      324 out of      324


     ismear =     1 iq =     158 coord.:   0.44444  0.72222  0.00000 wt:   0.00309 Temp:  300.000K
     -------------------------------------------------------------------
     lambda___(   1 )=       0.000000   gamma___=       0.000000 meV  omega=     40.7801 meV   on_shell_Omega=     40.8172 meV  off_shell_Omega=     40.8172 meV
     lambda_tr(   1 )=      -0.000000   gamma_tr=      -0.000000 meV  omega=     40.7801 meV   on_shell_Omega=     40.8172 meV  off_shell_Omega=     40.8172 meV
     lambda___(   2 )=       0.000000   gamma___=       0.000000 meV  omega=     89.3433 meV   on_shell_Omega=     89.3746 meV  off_shell_Omega=     89.3746 meV
     lambda_tr(   2 )=      -0.000000   gamma_tr=      -0.000000 meV  omega=     89.3433 meV   on_shell_Omega=     89.3746 meV  off_shell_Omega=     89.3746 meV
     lambda___(   3 )=       0.000000   gamma___=       0.000000 meV  omega=     91.7639 meV   on_shell_Omega=     91.7840 meV  off_shell_Omega=     91.7840 meV
     lambda_tr(   3 )=      -0.000000   gamma_tr=      -0.000000 meV  omega=     91.7639 meV   on_shell_Omega=     91.7840 meV  off_shell_Omega=     91.7840 meV
     lambda___(   4 )=       0.000000   gamma___=       0.000000 meV  omega=    130.4322 meV   on_shell_Omega=    130.4592 meV  off_shell_Omega=    130.4592 meV
     lambda_tr(   4 )=      -0.000000   gamma_tr=      -0.000000 meV  omega=    130.4322 meV   on_shell_Omega=    130.4592 meV  off_shell_Omega=    130.4592 meV
     lambda___(   5 )=       0.000000   gamma___=       0.000000 meV  omega=    173.7240 meV   on_shell_Omega=    173.9839 meV  off_shell_Omega=    174.0209 meV
     lambda_tr(   5 )=       0.000000   gamma_tr=       0.000000 meV  omega=    173.7240 meV   on_shell_Omega=    173.9839 meV  off_shell_Omega=    174.0209 meV
     lambda___(   6 )=       0.000000   gamma___=       0.000000 meV  omega=    182.7108 meV   on_shell_Omega=    182.7594 meV  off_shell_Omega=    182.7594 meV
     lambda_tr(   6 )=       0.000000   gamma_tr=       0.000000 meV  omega=    182.7108 meV   on_shell_Omega=    182.7594 meV  off_shell_Omega=    182.7594 meV
     lambda___( tot )=       0.000000
     lambda_tr( tot )=       0.000000
     -------------------------------------------------------------------


     Number of (k,k+q) pairs on the Fermi surface:      324 out of      324


     ismear =     1 iq =     159 coord.:   0.44444  0.77778  0.00000 wt:   0.00309 Temp:  300.000K
     -------------------------------------------------------------------
     lambda___(   1 )=       0.000000   gamma___=       0.000000 meV  omega=     39.5955 meV   on_shell_Omega=     39.6348 meV  off_shell_Omega=     39.6348 meV
     lambda_tr(   1 )=       0.000000   gamma_tr=       0.000000 meV  omega=     39.5955 meV   on_shell_Omega=     39.6348 meV  off_shell_Omega=     39.6348 meV
     lambda___(   2 )=       0.000000   gamma___=       0.000000 meV  omega=     89.8314 meV   on_shell_Omega=     89.8598 meV  off_shell_Omega=     89.8598 meV
     lambda_tr(   2 )=       0.000000   gamma_tr=       0.000000 meV  omega=     89.8314 meV   on_shell_Omega=     89.8598 meV  off_shell_Omega=     89.8598 meV
     lambda___(   3 )=       0.000000   gamma___=       0.000000 meV  omega=     95.6719 meV   on_shell_Omega=     95.7042 meV  off_shell_Omega=     95.7042 meV
     lambda_tr(   3 )=       0.000000   gamma_tr=       0.000000 meV  omega=     95.6719 meV   on_shell_Omega=     95.7042 meV  off_shell_Omega=     95.7042 meV
     lambda___(   4 )=       0.000000   gamma___=       0.000000 meV  omega=    126.5694 meV   on_shell_Omega=    126.6005 meV  off_shell_Omega=    126.6005 meV
     lambda_tr(   4 )=       0.000000   gamma_tr=       0.000000 meV  omega=    126.5694 meV   on_shell_Omega=    126.6005 meV  off_shell_Omega=    126.6005 meV
     lambda___(   5 )=       0.000000   gamma___=       0.000000 meV  omega=    173.2934 meV   on_shell_Omega=    173.5119 meV  off_shell_Omega=    173.3781 meV
     lambda_tr(   5 )=       0.000000   gamma_tr=       0.000000 meV  omega=    173.2934 meV   on_shell_Omega=    173.5119 meV  off_shell_Omega=    173.3781 meV
     lambda___(   6 )=       0.000000   gamma___=       0.000000 meV  omega=    182.6518 meV   on_shell_Omega=    182.6932 meV  off_shell_Omega=    182.6932 meV
     lambda_tr(   6 )=       0.000000   gamma_tr=       0.000000 meV  omega=    182.6518 meV   on_shell_Omega=    182.6932 meV  off_shell_Omega=    182.6932 meV
     lambda___( tot )=       0.000000
     lambda_tr( tot )=       0.000000
     -------------------------------------------------------------------


     Number of (k,k+q) pairs on the Fermi surface:      324 out of      324


     ismear =     1 iq =     160 coord.:   0.44444  0.83333  0.00000 wt:   0.00309 Temp:  300.000K
     -------------------------------------------------------------------
     lambda___(   1 )=       0.000000   gamma___=       0.000000 meV  omega=     40.7801 meV   on_shell_Omega=     40.8198 meV  off_shell_Omega=     40.8198 meV
     lambda_tr(   1 )=       0.000000   gamma_tr=       0.000000 meV  omega=     40.7801 meV   on_shell_Omega=     40.8198 meV  off_shell_Omega=     40.8198 meV
     lambda___(   2 )=       0.000000   gamma___=       0.000000 meV  omega=     89.3433 meV   on_shell_Omega=     89.3721 meV  off_shell_Omega=     89.3721 meV
     lambda_tr(   2 )=       0.000000   gamma_tr=       0.000000 meV  omega=     89.3433 meV   on_shell_Omega=     89.3721 meV  off_shell_Omega=     89.3721 meV
     lambda___(   3 )=       0.000000   gamma___=       0.000000 meV  omega=     91.7639 meV   on_shell_Omega=     91.7837 meV  off_shell_Omega=     91.7837 meV
     lambda_tr(   3 )=       0.000000   gamma_tr=       0.000000 meV  omega=     91.7639 meV   on_shell_Omega=     91.7837 meV  off_shell_Omega=     91.7837 meV
     lambda___(   4 )=       0.000000   gamma___=       0.000000 meV  omega=    130.4322 meV   on_shell_Omega=    130.4600 meV  off_shell_Omega=    130.4600 meV
     lambda_tr(   4 )=       0.000000   gamma_tr=       0.000000 meV  omega=    130.4322 meV   on_shell_Omega=    130.4600 meV  off_shell_Omega=    130.4600 meV
     lambda___(   5 )=       0.000000   gamma___=       0.000000 meV  omega=    173.7240 meV   on_shell_Omega=    173.9895 meV  off_shell_Omega=    174.0209 meV
     lambda_tr(   5 )=       0.000000   gamma_tr=       0.000000 meV  omega=    173.7240 meV   on_shell_Omega=    173.9895 meV  off_shell_Omega=    174.0209 meV
     lambda___(   6 )=       0.000000   gamma___=       0.000000 meV  omega=    182.7108 meV   on_shell_Omega=    182.7588 meV  off_shell_Omega=    182.7588 meV
     lambda_tr(   6 )=       0.000000   gamma_tr=       0.000000 meV  omega=    182.7108 meV   on_shell_Omega=    182.7588 meV  off_shell_Omega=    182.7588 meV
     lambda___( tot )=       0.000000
     lambda_tr( tot )=       0.000000
     -------------------------------------------------------------------


     Number of (k,k+q) pairs on the Fermi surface:      324 out of      324


     ismear =     1 iq =     161 coord.:   0.44444  0.88889  0.00000 wt:   0.00309 Temp:  300.000K
     -------------------------------------------------------------------
     lambda___(   1 )=       0.000000   gamma___=       0.000000 meV  omega=     44.0454 meV   on_shell_Omega=     44.0708 meV  off_shell_Omega=     44.0708 meV
     lambda_tr(   1 )=       0.000000   gamma_tr=       0.000000 meV  omega=     44.0454 meV   on_shell_Omega=     44.0708 meV  off_shell_Omega=     44.0708 meV
     lambda___(   2 )=       0.000000   gamma___=       0.000000 meV  omega=     84.2995 meV   on_shell_Omega=     84.3071 meV  off_shell_Omega=     84.3071 meV
     lambda_tr(   2 )=       0.000000   gamma_tr=       0.000000 meV  omega=     84.2995 meV   on_shell_Omega=     84.3071 meV  off_shell_Omega=     84.3071 meV
     lambda___(   3 )=       0.000000   gamma___=       0.000000 meV  omega=     87.8501 meV   on_shell_Omega=     87.8777 meV  off_shell_Omega=     87.8777 meV
     lambda_tr(   3 )=       0.000000   gamma_tr=       0.000000 meV  omega=     87.8501 meV   on_shell_Omega=     87.8777 meV  off_shell_Omega=     87.8777 meV
     lambda___(   4 )=       0.000000   gamma___=       0.000000 meV  omega=    138.4064 meV   on_shell_Omega=    138.4218 meV  off_shell_Omega=    138.4218 meV
     lambda_tr(   4 )=       0.000000   gamma_tr=       0.000000 meV  omega=    138.4064 meV   on_shell_Omega=    138.4218 meV  off_shell_Omega=    138.4218 meV
     lambda___(   5 )=       0.000000   gamma___=       0.000000 meV  omega=    174.4848 meV   on_shell_Omega=    174.6864 meV  off_shell_Omega=    174.5700 meV
     lambda_tr(   5 )=       0.000000   gamma_tr=       0.000000 meV  omega=    174.4848 meV   on_shell_Omega=    174.6864 meV  off_shell_Omega=    174.5700 meV
     lambda___(   6 )=       0.000000   gamma___=       0.000000 meV  omega=    182.3463 meV   on_shell_Omega=    182.3958 meV  off_shell_Omega=    182.3958 meV
     lambda_tr(   6 )=       0.000000   gamma_tr=       0.000000 meV  omega=    182.3463 meV   on_shell_Omega=    182.3958 meV  off_shell_Omega=    182.3958 meV
     lambda___( tot )=       0.000000
     lambda_tr( tot )=       0.000000
     -------------------------------------------------------------------


     Number of (k,k+q) pairs on the Fermi surface:      324 out of      324


     ismear =     1 iq =     162 coord.:   0.44444  0.94444  0.00000 wt:   0.00309 Temp:  300.000K
     -------------------------------------------------------------------
     lambda___(   1 )=      -0.000000   gamma___=      -0.000000 meV  omega=     48.5664 meV   on_shell_Omega=     48.5692 meV  off_shell_Omega=     48.5692 meV
     lambda_tr(   1 )=      -0.000000   gamma_tr=      -0.000000 meV  omega=     48.5664 meV   on_shell_Omega=     48.5692 meV  off_shell_Omega=     48.5692 meV
     lambda___(   2 )=       0.000000   gamma___=       0.000000 meV  omega=     78.3952 meV   on_shell_Omega=     78.3989 meV  off_shell_Omega=     78.3989 meV
     lambda_tr(   2 )=       0.000000   gamma_tr=       0.000000 meV  omega=     78.3952 meV   on_shell_Omega=     78.3989 meV  off_shell_Omega=     78.3989 meV
     lambda___(   3 )=       0.000000   gamma___=       0.000000 meV  omega=     85.3837 meV   on_shell_Omega=     85.4049 meV  off_shell_Omega=     85.4049 meV
     lambda_tr(   3 )=       0.000000   gamma_tr=       0.000000 meV  omega=     85.3837 meV   on_shell_Omega=     85.4049 meV  off_shell_Omega=     85.4049 meV
     lambda___(   4 )=       0.000000   gamma___=       0.000000 meV  omega=    146.8968 meV   on_shell_Omega=    146.9127 meV  off_shell_Omega=    146.9127 meV
     lambda_tr(   4 )=       0.000000   gamma_tr=       0.000000 meV  omega=    146.8968 meV   on_shell_Omega=    146.9127 meV  off_shell_Omega=    146.9127 meV
     lambda___(   5 )=       0.000000   gamma___=       0.000000 meV  omega=    174.7440 meV   on_shell_Omega=    174.8920 meV  off_shell_Omega=    174.8293 meV
     lambda_tr(   5 )=       0.000000   gamma_tr=       0.000000 meV  omega=    174.7440 meV   on_shell_Omega=    174.8920 meV  off_shell_Omega=    174.8293 meV
     lambda___(   6 )=       0.000000   gamma___=       0.000000 meV  omega=    180.5068 meV   on_shell_Omega=    180.5599 meV  off_shell_Omega=    180.5599 meV
     lambda_tr(   6 )=       0.000000   gamma_tr=       0.000000 meV  omega=    180.5068 meV   on_shell_Omega=    180.5599 meV  off_shell_Omega=    180.5599 meV
     lambda___( tot )=       0.000000
     lambda_tr( tot )=       0.000000
     -------------------------------------------------------------------


     Number of (k,k+q) pairs on the Fermi surface:      324 out of      324


     ismear =     1 iq =     163 coord.:   0.50000  0.00000  0.00000 wt:   0.00309 Temp:  300.000K
     -------------------------------------------------------------------
     lambda___(   1 )=       0.000000   gamma___=       0.000000 meV  omega=     58.1492 meV   on_shell_Omega=     58.1362 meV  off_shell_Omega=     58.1362 meV
     lambda_tr(   1 )=       0.000000   gamma_tr=       0.000000 meV  omega=     58.1492 meV   on_shell_Omega=     58.1362 meV  off_shell_Omega=     58.1362 meV
     lambda___(   2 )=       0.000000   gamma___=       0.000000 meV  omega=     77.7148 meV   on_shell_Omega=     77.7171 meV  off_shell_Omega=     77.7171 meV
     lambda_tr(   2 )=       0.000000   gamma_tr=       0.000000 meV  omega=     77.7148 meV   on_shell_Omega=     77.7171 meV  off_shell_Omega=     77.7171 meV
     lambda___(   3 )=       0.000000   gamma___=       0.000000 meV  omega=     78.2781 meV   on_shell_Omega=     78.3079 meV  off_shell_Omega=     78.3079 meV
     lambda_tr(   3 )=       0.000000   gamma_tr=       0.000000 meV  omega=     78.2781 meV   on_shell_Omega=     78.3079 meV  off_shell_Omega=     78.3079 meV
     lambda___(   4 )=       0.000000   gamma___=       0.000000 meV  omega=    165.6696 meV   on_shell_Omega=    165.6466 meV  off_shell_Omega=    165.6466 meV
     lambda_tr(   4 )=       0.000000   gamma_tr=       0.000000 meV  omega=    165.6696 meV   on_shell_Omega=    165.6466 meV  off_shell_Omega=    165.6466 meV
     lambda___(   5 )=       0.000000   gamma___=       0.000000 meV  omega=    167.2864 meV   on_shell_Omega=    167.3796 meV  off_shell_Omega=    167.3796 meV
     lambda_tr(   5 )=       0.000000   gamma_tr=       0.000000 meV  omega=    167.2864 meV   on_shell_Omega=    167.3796 meV  off_shell_Omega=    167.3796 meV
     lambda___(   6 )=       0.000000   gamma___=       0.000000 meV  omega=    173.7722 meV   on_shell_Omega=    173.9207 meV  off_shell_Omega=    173.8570 meV
     lambda_tr(   6 )=       0.000000   gamma_tr=       0.000000 meV  omega=    173.7722 meV   on_shell_Omega=    173.9207 meV  off_shell_Omega=    173.8570 meV
     lambda___( tot )=       0.000000
     lambda_tr( tot )=       0.000000
     -------------------------------------------------------------------


     Number of (k,k+q) pairs on the Fermi surface:      324 out of      324


     ismear =     1 iq =     164 coord.:   0.50000  0.05556  0.00000 wt:   0.00309 Temp:  300.000K
     -------------------------------------------------------------------
     lambda___(   1 )=       0.000000   gamma___=       0.000000 meV  omega=     56.6560 meV   on_shell_Omega=     56.6532 meV  off_shell_Omega=     56.6532 meV
     lambda_tr(   1 )=      -0.000000   gamma_tr=      -0.000000 meV  omega=     56.6560 meV   on_shell_Omega=     56.6532 meV  off_shell_Omega=     56.6532 meV
     lambda___(   2 )=       0.000000   gamma___=       0.000000 meV  omega=     79.1895 meV   on_shell_Omega=     79.2205 meV  off_shell_Omega=     79.2205 meV
     lambda_tr(   2 )=      -0.000000   gamma_tr=      -0.000000 meV  omega=     79.1895 meV   on_shell_Omega=     79.2205 meV  off_shell_Omega=     79.2205 meV
     lambda___(   3 )=       0.000000   gamma___=       0.000000 meV  omega=     80.2713 meV   on_shell_Omega=     80.2749 meV  off_shell_Omega=     80.2749 meV
     lambda_tr(   3 )=      -0.000000   gamma_tr=      -0.000000 meV  omega=     80.2713 meV   on_shell_Omega=     80.2749 meV  off_shell_Omega=     80.2749 meV
     lambda___(   4 )=       0.000000   gamma___=       0.000000 meV  omega=    159.6696 meV   on_shell_Omega=    159.6865 meV  off_shell_Omega=    159.6865 meV
     lambda_tr(   4 )=      -0.000000   gamma_tr=      -0.000000 meV  omega=    159.6696 meV   on_shell_Omega=    159.6865 meV  off_shell_Omega=    159.6865 meV
     lambda___(   5 )=       0.000000   gamma___=       0.000000 meV  omega=    171.2971 meV   on_shell_Omega=    171.3233 meV  off_shell_Omega=    171.3233 meV
     lambda_tr(   5 )=      -0.000000   gamma_tr=      -0.000000 meV  omega=    171.2971 meV   on_shell_Omega=    171.3233 meV  off_shell_Omega=    171.3233 meV
     lambda___(   6 )=       0.000000   gamma___=       0.000000 meV  omega=    173.7929 meV   on_shell_Omega=    173.9650 meV  off_shell_Omega=    173.8778 meV
     lambda_tr(   6 )=      -0.000000   gamma_tr=      -0.000000 meV  omega=    173.7929 meV   on_shell_Omega=    173.9650 meV  off_shell_Omega=    173.8778 meV
     lambda___( tot )=       0.000000
     lambda_tr( tot )=      -0.000000
     -------------------------------------------------------------------


     Number of (k,k+q) pairs on the Fermi surface:      324 out of      324


     ismear =     1 iq =     165 coord.:   0.50000  0.11111  0.00000 wt:   0.00309 Temp:  300.000K
     -------------------------------------------------------------------
     lambda___(   1 )=       0.000000   gamma___=       0.000000 meV  omega=     53.2317 meV   on_shell_Omega=     53.2623 meV  off_shell_Omega=     53.2623 meV
     lambda_tr(   1 )=       0.000000   gamma_tr=       0.000000 meV  omega=     53.2317 meV   on_shell_Omega=     53.2623 meV  off_shell_Omega=     53.2623 meV
     lambda___(   2 )=       0.000000   gamma___=       0.000000 meV  omega=     81.0864 meV   on_shell_Omega=     81.1195 meV  off_shell_Omega=     81.1195 meV
     lambda_tr(   2 )=       0.000000   gamma_tr=       0.000000 meV  omega=     81.0864 meV   on_shell_Omega=     81.1195 meV  off_shell_Omega=     81.1195 meV
     lambda___(   3 )=       0.000000   gamma___=       0.000000 meV  omega=     87.1743 meV   on_shell_Omega=     87.1791 meV  off_shell_Omega=     87.1791 meV
     lambda_tr(   3 )=       0.000000   gamma_tr=       0.000000 meV  omega=     87.1743 meV   on_shell_Omega=     87.1791 meV  off_shell_Omega=     87.1791 meV
     lambda___(   4 )=       0.000000   gamma___=       0.000000 meV  omega=    151.6020 meV   on_shell_Omega=    151.6139 meV  off_shell_Omega=    151.6139 meV
     lambda_tr(   4 )=       0.000000   gamma_tr=       0.000000 meV  omega=    151.6020 meV   on_shell_Omega=    151.6139 meV  off_shell_Omega=    151.6139 meV
     lambda___(   5 )=       0.000000   gamma___=       0.000000 meV  omega=    172.7519 meV   on_shell_Omega=    172.8720 meV  off_shell_Omega=    172.8720 meV
     lambda_tr(   5 )=       0.000000   gamma_tr=       0.000000 meV  omega=    172.7519 meV   on_shell_Omega=    172.8720 meV  off_shell_Omega=    172.8720 meV
     lambda___(   6 )=       0.000000   gamma___=       0.000000 meV  omega=    174.4699 meV   on_shell_Omega=    174.5911 meV  off_shell_Omega=    174.5911 meV
     lambda_tr(   6 )=       0.000000   gamma_tr=       0.000000 meV  omega=    174.4699 meV   on_shell_Omega=    174.5911 meV  off_shell_Omega=    174.5911 meV
     lambda___( tot )=       0.000000
     lambda_tr( tot )=       0.000000
     -------------------------------------------------------------------


     Number of (k,k+q) pairs on the Fermi surface:      324 out of      324


     ismear =     1 iq =     166 coord.:   0.50000  0.16667  0.00000 wt:   0.00309 Temp:  300.000K
     -------------------------------------------------------------------
     lambda___(   1 )=       0.000000   gamma___=       0.000000 meV  omega=     49.6959 meV   on_shell_Omega=     49.7562 meV  off_shell_Omega=     49.7562 meV
     lambda_tr(   1 )=       0.000000   gamma_tr=       0.000000 meV  omega=     49.6959 meV   on_shell_Omega=     49.7562 meV  off_shell_Omega=     49.7562 meV
     lambda___(   2 )=       0.000000   gamma___=       0.000000 meV  omega=     82.7890 meV   on_shell_Omega=     82.8176 meV  off_shell_Omega=     82.8176 meV
     lambda_tr(   2 )=       0.000000   gamma_tr=       0.000000 meV  omega=     82.7890 meV   on_shell_Omega=     82.8176 meV  off_shell_Omega=     82.8176 meV
     lambda___(   3 )=       0.000000   gamma___=       0.000000 meV  omega=     96.3073 meV   on_shell_Omega=     96.3170 meV  off_shell_Omega=     96.3170 meV
     lambda_tr(   3 )=       0.000000   gamma_tr=       0.000000 meV  omega=     96.3073 meV   on_shell_Omega=     96.3170 meV  off_shell_Omega=     96.3170 meV
     lambda___(   4 )=       0.000000   gamma___=       0.000000 meV  omega=    142.9779 meV   on_shell_Omega=    142.9956 meV  off_shell_Omega=    142.9956 meV
     lambda_tr(   4 )=       0.000000   gamma_tr=       0.000000 meV  omega=    142.9779 meV   on_shell_Omega=    142.9956 meV  off_shell_Omega=    142.9956 meV
     lambda___(   5 )=       0.000000   gamma___=       0.000000 meV  omega=    171.6789 meV   on_shell_Omega=    171.9473 meV  off_shell_Omega=    171.9723 meV
     lambda_tr(   5 )=       0.000000   gamma_tr=       0.000000 meV  omega=    171.6789 meV   on_shell_Omega=    171.9473 meV  off_shell_Omega=    171.9723 meV
     lambda___(   6 )=       0.000000   gamma___=       0.000000 meV  omega=    175.2104 meV   on_shell_Omega=    175.2698 meV  off_shell_Omega=    175.2698 meV
     lambda_tr(   6 )=       0.000000   gamma_tr=       0.000000 meV  omega=    175.2104 meV   on_shell_Omega=    175.2698 meV  off_shell_Omega=    175.2698 meV
     lambda___( tot )=       0.000000
     lambda_tr( tot )=       0.000000
     -------------------------------------------------------------------


     Number of (k,k+q) pairs on the Fermi surface:      324 out of      324


     ismear =     1 iq =     167 coord.:   0.50000  0.22222  0.00000 wt:   0.00309 Temp:  300.000K
     -------------------------------------------------------------------
     lambda___(   1 )=       0.000000   gamma___=       0.000000 meV  omega=     47.5071 meV   on_shell_Omega=     47.5725 meV  off_shell_Omega=     47.5725 meV
     lambda_tr(   1 )=       0.000000   gamma_tr=       0.000000 meV  omega=     47.5071 meV   on_shell_Omega=     47.5725 meV  off_shell_Omega=     47.5725 meV
     lambda___(   2 )=       0.000000   gamma___=       0.000000 meV  omega=     83.7244 meV   on_shell_Omega=     83.7536 meV  off_shell_Omega=     83.7536 meV
     lambda_tr(   2 )=       0.000000   gamma_tr=       0.000000 meV  omega=     83.7244 meV   on_shell_Omega=     83.7536 meV  off_shell_Omega=     83.7536 meV
     lambda___(   3 )=       0.000000   gamma___=       0.000000 meV  omega=    103.9709 meV   on_shell_Omega=    103.9882 meV  off_shell_Omega=    103.9882 meV
     lambda_tr(   3 )=       0.000000   gamma_tr=       0.000000 meV  omega=    103.9709 meV   on_shell_Omega=    103.9882 meV  off_shell_Omega=    103.9882 meV
     lambda___(   4 )=       0.000000   gamma___=       0.000000 meV  omega=    136.0145 meV   on_shell_Omega=    136.0553 meV  off_shell_Omega=    136.0553 meV
     lambda_tr(   4 )=       0.000000   gamma_tr=       0.000000 meV  omega=    136.0145 meV   on_shell_Omega=    136.0553 meV  off_shell_Omega=    136.0553 meV
     lambda___(   5 )=       0.000000   gamma___=       0.000000 meV  omega=    170.4967 meV   on_shell_Omega=    170.7369 meV  off_shell_Omega=    170.7880 meV
     lambda_tr(   5 )=       0.000000   gamma_tr=       0.000000 meV  omega=    170.4967 meV   on_shell_Omega=    170.7369 meV  off_shell_Omega=    170.7880 meV
     lambda___(   6 )=       0.000000   gamma___=       0.000000 meV  omega=    175.2675 meV   on_shell_Omega=    175.2998 meV  off_shell_Omega=    175.2998 meV
     lambda_tr(   6 )=       0.000000   gamma_tr=       0.000000 meV  omega=    175.2675 meV   on_shell_Omega=    175.2998 meV  off_shell_Omega=    175.2998 meV
     lambda___( tot )=       0.000000
     lambda_tr( tot )=       0.000000
     -------------------------------------------------------------------


     Number of (k,k+q) pairs on the Fermi surface:      324 out of      324


     ismear =     1 iq =     168 coord.:   0.50000  0.27778  0.00000 wt:   0.00309 Temp:  300.000K
     -------------------------------------------------------------------
     lambda___(   1 )=       0.000000   gamma___=       0.000000 meV  omega=     47.5071 meV   on_shell_Omega=     47.5742 meV  off_shell_Omega=     47.5742 meV
     lambda_tr(   1 )=       0.000000   gamma_tr=       0.000000 meV  omega=     47.5071 meV   on_shell_Omega=     47.5742 meV  off_shell_Omega=     47.5742 meV
     lambda___(   2 )=       0.000000   gamma___=       0.000000 meV  omega=     83.7244 meV   on_shell_Omega=     83.7537 meV  off_shell_Omega=     83.7537 meV
     lambda_tr(   2 )=       0.000000   gamma_tr=       0.000000 meV  omega=     83.7244 meV   on_shell_Omega=     83.7537 meV  off_shell_Omega=     83.7537 meV
     lambda___(   3 )=       0.000000   gamma___=       0.000000 meV  omega=    103.9709 meV   on_shell_Omega=    103.9886 meV  off_shell_Omega=    103.9886 meV
     lambda_tr(   3 )=       0.000000   gamma_tr=       0.000000 meV  omega=    103.9709 meV   on_shell_Omega=    103.9886 meV  off_shell_Omega=    103.9886 meV
     lambda___(   4 )=       0.000000   gamma___=       0.000000 meV  omega=    136.0145 meV   on_shell_Omega=    136.0556 meV  off_shell_Omega=    136.0556 meV
     lambda_tr(   4 )=       0.000000   gamma_tr=       0.000000 meV  omega=    136.0145 meV   on_shell_Omega=    136.0556 meV  off_shell_Omega=    136.0556 meV
     lambda___(   5 )=       0.000000   gamma___=       0.000000 meV  omega=    170.4967 meV   on_shell_Omega=    170.7385 meV  off_shell_Omega=    170.7880 meV
     lambda_tr(   5 )=       0.000000   gamma_tr=       0.000000 meV  omega=    170.4967 meV   on_shell_Omega=    170.7385 meV  off_shell_Omega=    170.7880 meV
     lambda___(   6 )=       0.000000   gamma___=       0.000000 meV  omega=    175.2675 meV   on_shell_Omega=    175.2995 meV  off_shell_Omega=    175.2995 meV
     lambda_tr(   6 )=       0.000000   gamma_tr=       0.000000 meV  omega=    175.2675 meV   on_shell_Omega=    175.2995 meV  off_shell_Omega=    175.2995 meV
     lambda___( tot )=       0.000000
     lambda_tr( tot )=       0.000000
     -------------------------------------------------------------------


     Number of (k,k+q) pairs on the Fermi surface:      324 out of      324


     ismear =     1 iq =     169 coord.:   0.50000  0.33333  0.00000 wt:   0.00309 Temp:  300.000K
     -------------------------------------------------------------------
     lambda___(   1 )=       0.000000   gamma___=       0.000000 meV  omega=     49.6959 meV   on_shell_Omega=     49.7560 meV  off_shell_Omega=     49.7560 meV
     lambda_tr(   1 )=       0.000000   gamma_tr=       0.000000 meV  omega=     49.6959 meV   on_shell_Omega=     49.7560 meV  off_shell_Omega=     49.7560 meV
     lambda___(   2 )=       0.000000   gamma___=       0.000000 meV  omega=     82.7890 meV   on_shell_Omega=     82.8177 meV  off_shell_Omega=     82.8177 meV
     lambda_tr(   2 )=       0.000000   gamma_tr=       0.000000 meV  omega=     82.7890 meV   on_shell_Omega=     82.8177 meV  off_shell_Omega=     82.8177 meV
     lambda___(   3 )=       0.000000   gamma___=       0.000000 meV  omega=     96.3073 meV   on_shell_Omega=     96.3171 meV  off_shell_Omega=     96.3171 meV
     lambda_tr(   3 )=       0.000000   gamma_tr=       0.000000 meV  omega=     96.3073 meV   on_shell_Omega=     96.3171 meV  off_shell_Omega=     96.3171 meV
     lambda___(   4 )=       0.000000   gamma___=       0.000000 meV  omega=    142.9779 meV   on_shell_Omega=    142.9959 meV  off_shell_Omega=    142.9959 meV
     lambda_tr(   4 )=       0.000000   gamma_tr=       0.000000 meV  omega=    142.9779 meV   on_shell_Omega=    142.9959 meV  off_shell_Omega=    142.9959 meV
     lambda___(   5 )=       0.000000   gamma___=       0.000000 meV  omega=    171.6789 meV   on_shell_Omega=    171.9437 meV  off_shell_Omega=    171.9723 meV
     lambda_tr(   5 )=       0.000000   gamma_tr=       0.000000 meV  omega=    171.6789 meV   on_shell_Omega=    171.9437 meV  off_shell_Omega=    171.9723 meV
     lambda___(   6 )=       0.000000   gamma___=       0.000000 meV  omega=    175.2104 meV   on_shell_Omega=    175.2689 meV  off_shell_Omega=    175.2689 meV
     lambda_tr(   6 )=       0.000000   gamma_tr=       0.000000 meV  omega=    175.2104 meV   on_shell_Omega=    175.2689 meV  off_shell_Omega=    175.2689 meV
     lambda___( tot )=       0.000000
     lambda_tr( tot )=       0.000000
     -------------------------------------------------------------------


     Number of (k,k+q) pairs on the Fermi surface:      324 out of      324


     ismear =     1 iq =     170 coord.:   0.50000  0.38889  0.00000 wt:   0.00309 Temp:  300.000K
     -------------------------------------------------------------------
     lambda___(   1 )=       0.000000   gamma___=       0.000000 meV  omega=     53.2317 meV   on_shell_Omega=     53.2617 meV  off_shell_Omega=     53.2617 meV
     lambda_tr(   1 )=       0.000000   gamma_tr=       0.000000 meV  omega=     53.2317 meV   on_shell_Omega=     53.2617 meV  off_shell_Omega=     53.2617 meV
     lambda___(   2 )=       0.000000   gamma___=       0.000000 meV  omega=     81.0864 meV   on_shell_Omega=     81.1181 meV  off_shell_Omega=     81.1181 meV
     lambda_tr(   2 )=       0.000000   gamma_tr=       0.000000 meV  omega=     81.0864 meV   on_shell_Omega=     81.1181 meV  off_shell_Omega=     81.1181 meV
     lambda___(   3 )=       0.000000   gamma___=       0.000000 meV  omega=     87.1743 meV   on_shell_Omega=     87.1789 meV  off_shell_Omega=     87.1789 meV
     lambda_tr(   3 )=       0.000000   gamma_tr=       0.000000 meV  omega=     87.1743 meV   on_shell_Omega=     87.1789 meV  off_shell_Omega=     87.1789 meV
     lambda___(   4 )=       0.000000   gamma___=       0.000000 meV  omega=    151.6020 meV   on_shell_Omega=    151.6118 meV  off_shell_Omega=    151.6118 meV
     lambda_tr(   4 )=       0.000000   gamma_tr=       0.000000 meV  omega=    151.6020 meV   on_shell_Omega=    151.6118 meV  off_shell_Omega=    151.6118 meV
     lambda___(   5 )=       0.000000   gamma___=       0.000000 meV  omega=    172.7519 meV   on_shell_Omega=    172.8701 meV  off_shell_Omega=    172.8701 meV
     lambda_tr(   5 )=       0.000000   gamma_tr=       0.000000 meV  omega=    172.7519 meV   on_shell_Omega=    172.8701 meV  off_shell_Omega=    172.8701 meV
     lambda___(   6 )=       0.000000   gamma___=       0.000000 meV  omega=    174.4699 meV   on_shell_Omega=    174.5893 meV  off_shell_Omega=    174.5893 meV
     lambda_tr(   6 )=       0.000000   gamma_tr=       0.000000 meV  omega=    174.4699 meV   on_shell_Omega=    174.5893 meV  off_shell_Omega=    174.5893 meV
     lambda___( tot )=       0.000000
     lambda_tr( tot )=       0.000000
     -------------------------------------------------------------------


     Number of (k,k+q) pairs on the Fermi surface:      324 out of      324


     ismear =     1 iq =     171 coord.:   0.50000  0.44444  0.00000 wt:   0.00309 Temp:  300.000K
     -------------------------------------------------------------------
     lambda___(   1 )=       0.000000   gamma___=       0.000000 meV  omega=     56.6560 meV   on_shell_Omega=     56.6534 meV  off_shell_Omega=     56.6534 meV
     lambda_tr(   1 )=       0.000000   gamma_tr=       0.000000 meV  omega=     56.6560 meV   on_shell_Omega=     56.6534 meV  off_shell_Omega=     56.6534 meV
     lambda___(   2 )=       0.000000   gamma___=       0.000000 meV  omega=     79.1895 meV   on_shell_Omega=     79.2203 meV  off_shell_Omega=     79.2203 meV
     lambda_tr(   2 )=       0.000000   gamma_tr=       0.000000 meV  omega=     79.1895 meV   on_shell_Omega=     79.2203 meV  off_shell_Omega=     79.2203 meV
     lambda___(   3 )=       0.000000   gamma___=       0.000000 meV  omega=     80.2713 meV   on_shell_Omega=     80.2747 meV  off_shell_Omega=     80.2747 meV
     lambda_tr(   3 )=       0.000000   gamma_tr=       0.000000 meV  omega=     80.2713 meV   on_shell_Omega=     80.2747 meV  off_shell_Omega=     80.2747 meV
     lambda___(   4 )=       0.000000   gamma___=       0.000000 meV  omega=    159.6696 meV   on_shell_Omega=    159.6848 meV  off_shell_Omega=    159.6848 meV
     lambda_tr(   4 )=       0.000000   gamma_tr=       0.000000 meV  omega=    159.6696 meV   on_shell_Omega=    159.6848 meV  off_shell_Omega=    159.6848 meV
     lambda___(   5 )=       0.000000   gamma___=       0.000000 meV  omega=    171.2971 meV   on_shell_Omega=    171.3223 meV  off_shell_Omega=    171.3223 meV
     lambda_tr(   5 )=       0.000000   gamma_tr=       0.000000 meV  omega=    171.2971 meV   on_shell_Omega=    171.3223 meV  off_shell_Omega=    171.3223 meV
     lambda___(   6 )=       0.000000   gamma___=       0.000000 meV  omega=    173.7929 meV   on_shell_Omega=    173.9567 meV  off_shell_Omega=    173.8778 meV
     lambda_tr(   6 )=       0.000000   gamma_tr=       0.000000 meV  omega=    173.7929 meV   on_shell_Omega=    173.9567 meV  off_shell_Omega=    173.8778 meV
     lambda___( tot )=       0.000000
     lambda_tr( tot )=       0.000000
     -------------------------------------------------------------------


     Number of (k,k+q) pairs on the Fermi surface:      324 out of      324


     ismear =     1 iq =     172 coord.:   0.50000  0.50000  0.00000 wt:   0.00309 Temp:  300.000K
     -------------------------------------------------------------------
     lambda___(   1 )=       0.000000   gamma___=       0.000000 meV  omega=     58.1492 meV   on_shell_Omega=     58.1361 meV  off_shell_Omega=     58.1361 meV
     lambda_tr(   1 )=       0.000000   gamma_tr=       0.000000 meV  omega=     58.1492 meV   on_shell_Omega=     58.1361 meV  off_shell_Omega=     58.1361 meV
     lambda___(   2 )=       0.000000   gamma___=       0.000000 meV  omega=     77.7148 meV   on_shell_Omega=     77.7172 meV  off_shell_Omega=     77.7172 meV
     lambda_tr(   2 )=       0.000000   gamma_tr=       0.000000 meV  omega=     77.7148 meV   on_shell_Omega=     77.7172 meV  off_shell_Omega=     77.7172 meV
     lambda___(   3 )=       0.000000   gamma___=       0.000000 meV  omega=     78.2781 meV   on_shell_Omega=     78.3079 meV  off_shell_Omega=     78.3079 meV
     lambda_tr(   3 )=       0.000000   gamma_tr=       0.000000 meV  omega=     78.2781 meV   on_shell_Omega=     78.3079 meV  off_shell_Omega=     78.3079 meV
     lambda___(   4 )=       0.000000   gamma___=       0.000000 meV  omega=    165.6696 meV   on_shell_Omega=    165.6472 meV  off_shell_Omega=    165.6472 meV
     lambda_tr(   4 )=       0.000000   gamma_tr=       0.000000 meV  omega=    165.6696 meV   on_shell_Omega=    165.6472 meV  off_shell_Omega=    165.6472 meV
     lambda___(   5 )=       0.000000   gamma___=       0.000000 meV  omega=    167.2864 meV   on_shell_Omega=    167.3787 meV  off_shell_Omega=    167.3787 meV
     lambda_tr(   5 )=       0.000000   gamma_tr=       0.000000 meV  omega=    167.2864 meV   on_shell_Omega=    167.3787 meV  off_shell_Omega=    167.3787 meV
     lambda___(   6 )=       0.000000   gamma___=       0.000000 meV  omega=    173.7722 meV   on_shell_Omega=    173.9183 meV  off_shell_Omega=    173.8570 meV
     lambda_tr(   6 )=       0.000000   gamma_tr=       0.000000 meV  omega=    173.7722 meV   on_shell_Omega=    173.9183 meV  off_shell_Omega=    173.8570 meV
     lambda___( tot )=       0.000000
     lambda_tr( tot )=       0.000000
     -------------------------------------------------------------------


     Number of (k,k+q) pairs on the Fermi surface:      324 out of      324


     ismear =     1 iq =     173 coord.:   0.50000  0.55556  0.00000 wt:   0.00309 Temp:  300.000K
     -------------------------------------------------------------------
     lambda___(   1 )=       0.000000   gamma___=       0.000000 meV  omega=     56.6560 meV   on_shell_Omega=     56.6531 meV  off_shell_Omega=     56.6531 meV
     lambda_tr(   1 )=      -0.000000   gamma_tr=      -0.000000 meV  omega=     56.6560 meV   on_shell_Omega=     56.6531 meV  off_shell_Omega=     56.6531 meV
     lambda___(   2 )=       0.000000   gamma___=       0.000000 meV  omega=     79.1895 meV   on_shell_Omega=     79.2206 meV  off_shell_Omega=     79.2206 meV
     lambda_tr(   2 )=      -0.000000   gamma_tr=      -0.000000 meV  omega=     79.1895 meV   on_shell_Omega=     79.2206 meV  off_shell_Omega=     79.2206 meV
     lambda___(   3 )=       0.000000   gamma___=       0.000000 meV  omega=     80.2713 meV   on_shell_Omega=     80.2750 meV  off_shell_Omega=     80.2750 meV
     lambda_tr(   3 )=      -0.000000   gamma_tr=      -0.000000 meV  omega=     80.2713 meV   on_shell_Omega=     80.2750 meV  off_shell_Omega=     80.2750 meV
     lambda___(   4 )=       0.000000   gamma___=       0.000000 meV  omega=    159.6696 meV   on_shell_Omega=    159.6866 meV  off_shell_Omega=    159.6866 meV
     lambda_tr(   4 )=      -0.000000   gamma_tr=      -0.000000 meV  omega=    159.6696 meV   on_shell_Omega=    159.6866 meV  off_shell_Omega=    159.6866 meV
     lambda___(   5 )=       0.000000   gamma___=       0.000000 meV  omega=    171.2971 meV   on_shell_Omega=    171.3232 meV  off_shell_Omega=    171.3232 meV
     lambda_tr(   5 )=      -0.000000   gamma_tr=      -0.000000 meV  omega=    171.2971 meV   on_shell_Omega=    171.3232 meV  off_shell_Omega=    171.3232 meV
     lambda___(   6 )=       0.000000   gamma___=       0.000000 meV  omega=    173.7929 meV   on_shell_Omega=    173.9627 meV  off_shell_Omega=    173.8778 meV
     lambda_tr(   6 )=      -0.000000   gamma_tr=      -0.000000 meV  omega=    173.7929 meV   on_shell_Omega=    173.9627 meV  off_shell_Omega=    173.8778 meV
     lambda___( tot )=       0.000000
     lambda_tr( tot )=      -0.000000
     -------------------------------------------------------------------


     Number of (k,k+q) pairs on the Fermi surface:      324 out of      324


     ismear =     1 iq =     174 coord.:   0.50000  0.61111  0.00000 wt:   0.00309 Temp:  300.000K
     -------------------------------------------------------------------
     lambda___(   1 )=       0.000000   gamma___=       0.000000 meV  omega=     53.2317 meV   on_shell_Omega=     53.2621 meV  off_shell_Omega=     53.2621 meV
     lambda_tr(   1 )=       0.000000   gamma_tr=       0.000000 meV  omega=     53.2317 meV   on_shell_Omega=     53.2621 meV  off_shell_Omega=     53.2621 meV
     lambda___(   2 )=       0.000000   gamma___=       0.000000 meV  omega=     81.0864 meV   on_shell_Omega=     81.1195 meV  off_shell_Omega=     81.1195 meV
     lambda_tr(   2 )=       0.000000   gamma_tr=       0.000000 meV  omega=     81.0864 meV   on_shell_Omega=     81.1195 meV  off_shell_Omega=     81.1195 meV
     lambda___(   3 )=       0.000000   gamma___=       0.000000 meV  omega=     87.1743 meV   on_shell_Omega=     87.1791 meV  off_shell_Omega=     87.1791 meV
     lambda_tr(   3 )=       0.000000   gamma_tr=       0.000000 meV  omega=     87.1743 meV   on_shell_Omega=     87.1791 meV  off_shell_Omega=     87.1791 meV
     lambda___(   4 )=       0.000000   gamma___=       0.000000 meV  omega=    151.6020 meV   on_shell_Omega=    151.6139 meV  off_shell_Omega=    151.6139 meV
     lambda_tr(   4 )=       0.000000   gamma_tr=       0.000000 meV  omega=    151.6020 meV   on_shell_Omega=    151.6139 meV  off_shell_Omega=    151.6139 meV
     lambda___(   5 )=       0.000000   gamma___=       0.000000 meV  omega=    172.7519 meV   on_shell_Omega=    172.8704 meV  off_shell_Omega=    172.8704 meV
     lambda_tr(   5 )=       0.000000   gamma_tr=       0.000000 meV  omega=    172.7519 meV   on_shell_Omega=    172.8704 meV  off_shell_Omega=    172.8704 meV
     lambda___(   6 )=       0.000000   gamma___=       0.000000 meV  omega=    174.4699 meV   on_shell_Omega=    174.5896 meV  off_shell_Omega=    174.5896 meV
     lambda_tr(   6 )=       0.000000   gamma_tr=       0.000000 meV  omega=    174.4699 meV   on_shell_Omega=    174.5896 meV  off_shell_Omega=    174.5896 meV
     lambda___( tot )=       0.000000
     lambda_tr( tot )=       0.000000
     -------------------------------------------------------------------


     Number of (k,k+q) pairs on the Fermi surface:      324 out of      324


     ismear =     1 iq =     175 coord.:   0.50000  0.66667  0.00000 wt:   0.00309 Temp:  300.000K
     -------------------------------------------------------------------
     lambda___(   1 )=       0.000000   gamma___=       0.000000 meV  omega=     49.6959 meV   on_shell_Omega=     49.7560 meV  off_shell_Omega=     49.7560 meV
     lambda_tr(   1 )=       0.000000   gamma_tr=       0.000000 meV  omega=     49.6959 meV   on_shell_Omega=     49.7560 meV  off_shell_Omega=     49.7560 meV
     lambda___(   2 )=       0.000000   gamma___=       0.000000 meV  omega=     82.7890 meV   on_shell_Omega=     82.8177 meV  off_shell_Omega=     82.8177 meV
     lambda_tr(   2 )=       0.000000   gamma_tr=       0.000000 meV  omega=     82.7890 meV   on_shell_Omega=     82.8177 meV  off_shell_Omega=     82.8177 meV
     lambda___(   3 )=       0.000000   gamma___=       0.000000 meV  omega=     96.3073 meV   on_shell_Omega=     96.3170 meV  off_shell_Omega=     96.3170 meV
     lambda_tr(   3 )=       0.000000   gamma_tr=       0.000000 meV  omega=     96.3073 meV   on_shell_Omega=     96.3170 meV  off_shell_Omega=     96.3170 meV
     lambda___(   4 )=       0.000000   gamma___=       0.000000 meV  omega=    142.9779 meV   on_shell_Omega=    142.9957 meV  off_shell_Omega=    142.9957 meV
     lambda_tr(   4 )=       0.000000   gamma_tr=       0.000000 meV  omega=    142.9779 meV   on_shell_Omega=    142.9957 meV  off_shell_Omega=    142.9957 meV
     lambda___(   5 )=       0.000000   gamma___=       0.000000 meV  omega=    171.6789 meV   on_shell_Omega=    171.9436 meV  off_shell_Omega=    171.9723 meV
     lambda_tr(   5 )=       0.000000   gamma_tr=       0.000000 meV  omega=    171.6789 meV   on_shell_Omega=    171.9436 meV  off_shell_Omega=    171.9723 meV
     lambda___(   6 )=       0.000000   gamma___=       0.000000 meV  omega=    175.2104 meV   on_shell_Omega=    175.2691 meV  off_shell_Omega=    175.2691 meV
     lambda_tr(   6 )=       0.000000   gamma_tr=       0.000000 meV  omega=    175.2104 meV   on_shell_Omega=    175.2691 meV  off_shell_Omega=    175.2691 meV
     lambda___( tot )=       0.000000
     lambda_tr( tot )=       0.000000
     -------------------------------------------------------------------


     Number of (k,k+q) pairs on the Fermi surface:      324 out of      324


     ismear =     1 iq =     176 coord.:   0.50000  0.72222  0.00000 wt:   0.00309 Temp:  300.000K
     -------------------------------------------------------------------
     lambda___(   1 )=       0.000000   gamma___=       0.000000 meV  omega=     47.5071 meV   on_shell_Omega=     47.5728 meV  off_shell_Omega=     47.5728 meV
     lambda_tr(   1 )=       0.000000   gamma_tr=       0.000000 meV  omega=     47.5071 meV   on_shell_Omega=     47.5728 meV  off_shell_Omega=     47.5728 meV
     lambda___(   2 )=       0.000000   gamma___=       0.000000 meV  omega=     83.7244 meV   on_shell_Omega=     83.7534 meV  off_shell_Omega=     83.7534 meV
     lambda_tr(   2 )=       0.000000   gamma_tr=       0.000000 meV  omega=     83.7244 meV   on_shell_Omega=     83.7534 meV  off_shell_Omega=     83.7534 meV
     lambda___(   3 )=       0.000000   gamma___=       0.000000 meV  omega=    103.9709 meV   on_shell_Omega=    103.9883 meV  off_shell_Omega=    103.9883 meV
     lambda_tr(   3 )=       0.000000   gamma_tr=       0.000000 meV  omega=    103.9709 meV   on_shell_Omega=    103.9883 meV  off_shell_Omega=    103.9883 meV
     lambda___(   4 )=       0.000000   gamma___=       0.000000 meV  omega=    136.0145 meV   on_shell_Omega=    136.0555 meV  off_shell_Omega=    136.0555 meV
     lambda_tr(   4 )=       0.000000   gamma_tr=       0.000000 meV  omega=    136.0145 meV   on_shell_Omega=    136.0555 meV  off_shell_Omega=    136.0555 meV
     lambda___(   5 )=       0.000000   gamma___=       0.000000 meV  omega=    170.4967 meV   on_shell_Omega=    170.7351 meV  off_shell_Omega=    170.7880 meV
     lambda_tr(   5 )=       0.000000   gamma_tr=       0.000000 meV  omega=    170.4967 meV   on_shell_Omega=    170.7351 meV  off_shell_Omega=    170.7880 meV
     lambda___(   6 )=       0.000000   gamma___=       0.000000 meV  omega=    175.2675 meV   on_shell_Omega=    175.2997 meV  off_shell_Omega=    175.2997 meV
     lambda_tr(   6 )=       0.000000   gamma_tr=       0.000000 meV  omega=    175.2675 meV   on_shell_Omega=    175.2997 meV  off_shell_Omega=    175.2997 meV
     lambda___( tot )=       0.000000
     lambda_tr( tot )=       0.000000
     -------------------------------------------------------------------


     Number of (k,k+q) pairs on the Fermi surface:      324 out of      324


     ismear =     1 iq =     177 coord.:   0.50000  0.77778  0.00000 wt:   0.00309 Temp:  300.000K
     -------------------------------------------------------------------
     lambda___(   1 )=       0.000000   gamma___=       0.000000 meV  omega=     47.5071 meV   on_shell_Omega=     47.5747 meV  off_shell_Omega=     47.5747 meV
     lambda_tr(   1 )=       0.000000   gamma_tr=       0.000000 meV  omega=     47.5071 meV   on_shell_Omega=     47.5747 meV  off_shell_Omega=     47.5747 meV
     lambda___(   2 )=       0.000000   gamma___=       0.000000 meV  omega=     83.7244 meV   on_shell_Omega=     83.7535 meV  off_shell_Omega=     83.7535 meV
     lambda_tr(   2 )=       0.000000   gamma_tr=       0.000000 meV  omega=     83.7244 meV   on_shell_Omega=     83.7535 meV  off_shell_Omega=     83.7535 meV
     lambda___(   3 )=       0.000000   gamma___=       0.000000 meV  omega=    103.9709 meV   on_shell_Omega=    103.9886 meV  off_shell_Omega=    103.9886 meV
     lambda_tr(   3 )=       0.000000   gamma_tr=       0.000000 meV  omega=    103.9709 meV   on_shell_Omega=    103.9886 meV  off_shell_Omega=    103.9886 meV
     lambda___(   4 )=       0.000000   gamma___=       0.000000 meV  omega=    136.0145 meV   on_shell_Omega=    136.0557 meV  off_shell_Omega=    136.0557 meV
     lambda_tr(   4 )=       0.000000   gamma_tr=       0.000000 meV  omega=    136.0145 meV   on_shell_Omega=    136.0557 meV  off_shell_Omega=    136.0557 meV
     lambda___(   5 )=       0.000000   gamma___=       0.000000 meV  omega=    170.4967 meV   on_shell_Omega=    170.7419 meV  off_shell_Omega=    170.7880 meV
     lambda_tr(   5 )=       0.000000   gamma_tr=       0.000000 meV  omega=    170.4967 meV   on_shell_Omega=    170.7419 meV  off_shell_Omega=    170.7880 meV
     lambda___(   6 )=       0.000000   gamma___=       0.000000 meV  omega=    175.2675 meV   on_shell_Omega=    175.2996 meV  off_shell_Omega=    175.2996 meV
     lambda_tr(   6 )=       0.000000   gamma_tr=       0.000000 meV  omega=    175.2675 meV   on_shell_Omega=    175.2996 meV  off_shell_Omega=    175.2996 meV
     lambda___( tot )=       0.000000
     lambda_tr( tot )=       0.000000
     -------------------------------------------------------------------


     Number of (k,k+q) pairs on the Fermi surface:      324 out of      324


     ismear =     1 iq =     178 coord.:   0.50000  0.83333  0.00000 wt:   0.00309 Temp:  300.000K
     -------------------------------------------------------------------
     lambda___(   1 )=       0.000000   gamma___=       0.000000 meV  omega=     49.6959 meV   on_shell_Omega=     49.7562 meV  off_shell_Omega=     49.7562 meV
     lambda_tr(   1 )=       0.000000   gamma_tr=       0.000000 meV  omega=     49.6959 meV   on_shell_Omega=     49.7562 meV  off_shell_Omega=     49.7562 meV
     lambda___(   2 )=       0.000000   gamma___=       0.000000 meV  omega=     82.7890 meV   on_shell_Omega=     82.8176 meV  off_shell_Omega=     82.8176 meV
     lambda_tr(   2 )=       0.000000   gamma_tr=       0.000000 meV  omega=     82.7890 meV   on_shell_Omega=     82.8176 meV  off_shell_Omega=     82.8176 meV
     lambda___(   3 )=       0.000000   gamma___=       0.000000 meV  omega=     96.3073 meV   on_shell_Omega=     96.3170 meV  off_shell_Omega=     96.3170 meV
     lambda_tr(   3 )=       0.000000   gamma_tr=       0.000000 meV  omega=     96.3073 meV   on_shell_Omega=     96.3170 meV  off_shell_Omega=     96.3170 meV
     lambda___(   4 )=       0.000000   gamma___=       0.000000 meV  omega=    142.9779 meV   on_shell_Omega=    142.9958 meV  off_shell_Omega=    142.9958 meV
     lambda_tr(   4 )=       0.000000   gamma_tr=       0.000000 meV  omega=    142.9779 meV   on_shell_Omega=    142.9958 meV  off_shell_Omega=    142.9958 meV
     lambda___(   5 )=       0.000000   gamma___=       0.000000 meV  omega=    171.6789 meV   on_shell_Omega=    171.9471 meV  off_shell_Omega=    171.9723 meV
     lambda_tr(   5 )=       0.000000   gamma_tr=       0.000000 meV  omega=    171.6789 meV   on_shell_Omega=    171.9471 meV  off_shell_Omega=    171.9723 meV
     lambda___(   6 )=       0.000000   gamma___=       0.000000 meV  omega=    175.2104 meV   on_shell_Omega=    175.2694 meV  off_shell_Omega=    175.2694 meV
     lambda_tr(   6 )=       0.000000   gamma_tr=       0.000000 meV  omega=    175.2104 meV   on_shell_Omega=    175.2694 meV  off_shell_Omega=    175.2694 meV
     lambda___( tot )=       0.000000
     lambda_tr( tot )=       0.000000
     -------------------------------------------------------------------


     Number of (k,k+q) pairs on the Fermi surface:      324 out of      324


     ismear =     1 iq =     179 coord.:   0.50000  0.88889  0.00000 wt:   0.00309 Temp:  300.000K
     -------------------------------------------------------------------
     lambda___(   1 )=       0.000000   gamma___=       0.000000 meV  omega=     53.2317 meV   on_shell_Omega=     53.2617 meV  off_shell_Omega=     53.2617 meV
     lambda_tr(   1 )=       0.000000   gamma_tr=       0.000000 meV  omega=     53.2317 meV   on_shell_Omega=     53.2617 meV  off_shell_Omega=     53.2617 meV
     lambda___(   2 )=       0.000000   gamma___=       0.000000 meV  omega=     81.0864 meV   on_shell_Omega=     81.1180 meV  off_shell_Omega=     81.1180 meV
     lambda_tr(   2 )=       0.000000   gamma_tr=       0.000000 meV  omega=     81.0864 meV   on_shell_Omega=     81.1180 meV  off_shell_Omega=     81.1180 meV
     lambda___(   3 )=       0.000000   gamma___=       0.000000 meV  omega=     87.1743 meV   on_shell_Omega=     87.1788 meV  off_shell_Omega=     87.1788 meV
     lambda_tr(   3 )=       0.000000   gamma_tr=       0.000000 meV  omega=     87.1743 meV   on_shell_Omega=     87.1788 meV  off_shell_Omega=     87.1788 meV
     lambda___(   4 )=       0.000000   gamma___=       0.000000 meV  omega=    151.6020 meV   on_shell_Omega=    151.6118 meV  off_shell_Omega=    151.6118 meV
     lambda_tr(   4 )=       0.000000   gamma_tr=       0.000000 meV  omega=    151.6020 meV   on_shell_Omega=    151.6118 meV  off_shell_Omega=    151.6118 meV
     lambda___(   5 )=       0.000000   gamma___=       0.000000 meV  omega=    172.7519 meV   on_shell_Omega=    172.8715 meV  off_shell_Omega=    172.8715 meV
     lambda_tr(   5 )=       0.000000   gamma_tr=       0.000000 meV  omega=    172.7519 meV   on_shell_Omega=    172.8715 meV  off_shell_Omega=    172.8715 meV
     lambda___(   6 )=       0.000000   gamma___=       0.000000 meV  omega=    174.4699 meV   on_shell_Omega=    174.5905 meV  off_shell_Omega=    174.5905 meV
     lambda_tr(   6 )=       0.000000   gamma_tr=       0.000000 meV  omega=    174.4699 meV   on_shell_Omega=    174.5905 meV  off_shell_Omega=    174.5905 meV
     lambda___( tot )=       0.000000
     lambda_tr( tot )=       0.000000
     -------------------------------------------------------------------


     Number of (k,k+q) pairs on the Fermi surface:      324 out of      324


     ismear =     1 iq =     180 coord.:   0.50000  0.94444  0.00000 wt:   0.00309 Temp:  300.000K
     -------------------------------------------------------------------
     lambda___(   1 )=       0.000000   gamma___=       0.000000 meV  omega=     56.6560 meV   on_shell_Omega=     56.6535 meV  off_shell_Omega=     56.6535 meV
     lambda_tr(   1 )=       0.000000   gamma_tr=       0.000000 meV  omega=     56.6560 meV   on_shell_Omega=     56.6535 meV  off_shell_Omega=     56.6535 meV
     lambda___(   2 )=       0.000000   gamma___=       0.000000 meV  omega=     79.1895 meV   on_shell_Omega=     79.2202 meV  off_shell_Omega=     79.2202 meV
     lambda_tr(   2 )=       0.000000   gamma_tr=       0.000000 meV  omega=     79.1895 meV   on_shell_Omega=     79.2202 meV  off_shell_Omega=     79.2202 meV
     lambda___(   3 )=       0.000000   gamma___=       0.000000 meV  omega=     80.2713 meV   on_shell_Omega=     80.2747 meV  off_shell_Omega=     80.2747 meV
     lambda_tr(   3 )=       0.000000   gamma_tr=       0.000000 meV  omega=     80.2713 meV   on_shell_Omega=     80.2747 meV  off_shell_Omega=     80.2747 meV
     lambda___(   4 )=       0.000000   gamma___=       0.000000 meV  omega=    159.6696 meV   on_shell_Omega=    159.6849 meV  off_shell_Omega=    159.6849 meV
     lambda_tr(   4 )=       0.000000   gamma_tr=       0.000000 meV  omega=    159.6696 meV   on_shell_Omega=    159.6849 meV  off_shell_Omega=    159.6849 meV
     lambda___(   5 )=       0.000000   gamma___=       0.000000 meV  omega=    171.2971 meV   on_shell_Omega=    171.3222 meV  off_shell_Omega=    171.3222 meV
     lambda_tr(   5 )=       0.000000   gamma_tr=       0.000000 meV  omega=    171.2971 meV   on_shell_Omega=    171.3222 meV  off_shell_Omega=    171.3222 meV
     lambda___(   6 )=       0.000000   gamma___=       0.000000 meV  omega=    173.7929 meV   on_shell_Omega=    173.9595 meV  off_shell_Omega=    173.8778 meV
     lambda_tr(   6 )=       0.000000   gamma_tr=       0.000000 meV  omega=    173.7929 meV   on_shell_Omega=    173.9595 meV  off_shell_Omega=    173.8778 meV
     lambda___( tot )=       0.000000
     lambda_tr( tot )=       0.000000
     -------------------------------------------------------------------


     Number of (k,k+q) pairs on the Fermi surface:      324 out of      324


     ismear =     1 iq =     181 coord.:   0.55556  0.00000  0.00000 wt:   0.00309 Temp:  300.000K
     -------------------------------------------------------------------
     lambda___(   1 )=      -0.000000   gamma___=      -0.000000 meV  omega=     53.1995 meV   on_shell_Omega=     53.1914 meV  off_shell_Omega=     53.1914 meV
     lambda_tr(   1 )=      -0.000000   gamma_tr=      -0.000000 meV  omega=     53.1995 meV   on_shell_Omega=     53.1914 meV  off_shell_Omega=     53.1914 meV
     lambda___(   2 )=       0.000000   gamma___=       0.000000 meV  omega=     76.8006 meV   on_shell_Omega=     76.8026 meV  off_shell_Omega=     76.8026 meV
     lambda_tr(   2 )=       0.000000   gamma_tr=       0.000000 meV  omega=     76.8006 meV   on_shell_Omega=     76.8026 meV  off_shell_Omega=     76.8026 meV
     lambda___(   3 )=      -0.000000   gamma___=      -0.000000 meV  omega=     82.2439 meV   on_shell_Omega=     82.2663 meV  off_shell_Omega=     82.2663 meV
     lambda_tr(   3 )=      -0.000000   gamma_tr=      -0.000000 meV  omega=     82.2439 meV   on_shell_Omega=     82.2663 meV  off_shell_Omega=     82.2663 meV
     lambda___(   4 )=       0.000000   gamma___=       0.000000 meV  omega=    154.4488 meV   on_shell_Omega=    154.4724 meV  off_shell_Omega=    154.4724 meV
     lambda_tr(   4 )=       0.000000   gamma_tr=       0.000000 meV  omega=    154.4488 meV   on_shell_Omega=    154.4724 meV  off_shell_Omega=    154.4724 meV
     lambda___(   5 )=       0.000000   gamma___=       0.000000 meV  omega=    174.3696 meV   on_shell_Omega=    174.5251 meV  off_shell_Omega=    174.4547 meV
     lambda_tr(   5 )=       0.000000   gamma_tr=       0.000000 meV  omega=    174.3696 meV   on_shell_Omega=    174.5251 meV  off_shell_Omega=    174.4547 meV
     lambda___(   6 )=       0.000000   gamma___=       0.000000 meV  omega=    176.6262 meV   on_shell_Omega=    176.6759 meV  off_shell_Omega=    176.6759 meV
     lambda_tr(   6 )=       0.000000   gamma_tr=       0.000000 meV  omega=    176.6262 meV   on_shell_Omega=    176.6759 meV  off_shell_Omega=    176.6759 meV
     lambda___( tot )=       0.000000
     lambda_tr( tot )=       0.000000
     -------------------------------------------------------------------


     Number of (k,k+q) pairs on the Fermi surface:      324 out of      324


     ismear =     1 iq =     182 coord.:   0.55556  0.05556  0.00000 wt:   0.00309 Temp:  300.000K
     -------------------------------------------------------------------
     lambda___(   1 )=       0.000000   gamma___=       0.000000 meV  omega=     48.5664 meV   on_shell_Omega=     48.5683 meV  off_shell_Omega=     48.5683 meV
     lambda_tr(   1 )=       0.000000   gamma_tr=       0.000000 meV  omega=     48.5664 meV   on_shell_Omega=     48.5683 meV  off_shell_Omega=     48.5683 meV
     lambda___(   2 )=       0.000000   gamma___=       0.000000 meV  omega=     78.3952 meV   on_shell_Omega=     78.3997 meV  off_shell_Omega=     78.3997 meV
     lambda_tr(   2 )=       0.000000   gamma_tr=       0.000000 meV  omega=     78.3952 meV   on_shell_Omega=     78.3997 meV  off_shell_Omega=     78.3997 meV
     lambda___(   3 )=       0.000000   gamma___=       0.000000 meV  omega=     85.3837 meV   on_shell_Omega=     85.4061 meV  off_shell_Omega=     85.4061 meV
     lambda_tr(   3 )=       0.000000   gamma_tr=       0.000000 meV  omega=     85.3837 meV   on_shell_Omega=     85.4061 meV  off_shell_Omega=     85.4061 meV
     lambda___(   4 )=       0.000000   gamma___=       0.000000 meV  omega=    146.8968 meV   on_shell_Omega=    146.9152 meV  off_shell_Omega=    146.9152 meV
     lambda_tr(   4 )=       0.000000   gamma_tr=       0.000000 meV  omega=    146.8968 meV   on_shell_Omega=    146.9152 meV  off_shell_Omega=    146.9152 meV
     lambda___(   5 )=       0.000000   gamma___=       0.000000 meV  omega=    174.7440 meV   on_shell_Omega=    174.8963 meV  off_shell_Omega=    174.8293 meV
     lambda_tr(   5 )=       0.000000   gamma_tr=       0.000000 meV  omega=    174.7440 meV   on_shell_Omega=    174.8963 meV  off_shell_Omega=    174.8293 meV
     lambda___(   6 )=       0.000000   gamma___=       0.000000 meV  omega=    180.5068 meV   on_shell_Omega=    180.5596 meV  off_shell_Omega=    180.5596 meV
     lambda_tr(   6 )=       0.000000   gamma_tr=       0.000000 meV  omega=    180.5068 meV   on_shell_Omega=    180.5596 meV  off_shell_Omega=    180.5596 meV
     lambda___( tot )=       0.000000
     lambda_tr( tot )=       0.000000
     -------------------------------------------------------------------


     Number of (k,k+q) pairs on the Fermi surface:      324 out of      324


     ismear =     1 iq =     183 coord.:   0.55556  0.11111  0.00000 wt:   0.00309 Temp:  300.000K
     -------------------------------------------------------------------
     lambda___(   1 )=      -0.000000   gamma___=      -0.000000 meV  omega=     44.0454 meV   on_shell_Omega=     44.0705 meV  off_shell_Omega=     44.0705 meV
     lambda_tr(   1 )=       0.000000   gamma_tr=       0.000000 meV  omega=     44.0454 meV   on_shell_Omega=     44.0705 meV  off_shell_Omega=     44.0705 meV
     lambda___(   2 )=       0.000000   gamma___=       0.000000 meV  omega=     84.2995 meV   on_shell_Omega=     84.3082 meV  off_shell_Omega=     84.3082 meV
     lambda_tr(   2 )=       0.000000   gamma_tr=       0.000000 meV  omega=     84.2995 meV   on_shell_Omega=     84.3082 meV  off_shell_Omega=     84.3082 meV
     lambda___(   3 )=       0.000000   gamma___=       0.000000 meV  omega=     87.8501 meV   on_shell_Omega=     87.8805 meV  off_shell_Omega=     87.8805 meV
     lambda_tr(   3 )=       0.000000   gamma_tr=       0.000000 meV  omega=     87.8501 meV   on_shell_Omega=     87.8805 meV  off_shell_Omega=     87.8805 meV
     lambda___(   4 )=       0.000000   gamma___=       0.000000 meV  omega=    138.4064 meV   on_shell_Omega=    138.4234 meV  off_shell_Omega=    138.4234 meV
     lambda_tr(   4 )=       0.000000   gamma_tr=       0.000000 meV  omega=    138.4064 meV   on_shell_Omega=    138.4234 meV  off_shell_Omega=    138.4234 meV
     lambda___(   5 )=       0.000000   gamma___=       0.000000 meV  omega=    174.4848 meV   on_shell_Omega=    174.6814 meV  off_shell_Omega=    174.5700 meV
     lambda_tr(   5 )=       0.000000   gamma_tr=       0.000000 meV  omega=    174.4848 meV   on_shell_Omega=    174.6814 meV  off_shell_Omega=    174.5700 meV
     lambda___(   6 )=       0.000000   gamma___=       0.000000 meV  omega=    182.3463 meV   on_shell_Omega=    182.3955 meV  off_shell_Omega=    182.3955 meV
     lambda_tr(   6 )=       0.000000   gamma_tr=       0.000000 meV  omega=    182.3463 meV   on_shell_Omega=    182.3955 meV  off_shell_Omega=    182.3955 meV
     lambda___( tot )=       0.000000
     lambda_tr( tot )=       0.000000
     -------------------------------------------------------------------


     Number of (k,k+q) pairs on the Fermi surface:      324 out of      324


     ismear =     1 iq =     184 coord.:   0.55556  0.16667  0.00000 wt:   0.00309 Temp:  300.000K
     -------------------------------------------------------------------
     lambda___(   1 )=       0.000000   gamma___=       0.000000 meV  omega=     40.7801 meV   on_shell_Omega=     40.8169 meV  off_shell_Omega=     40.8169 meV
     lambda_tr(   1 )=      -0.000000   gamma_tr=      -0.000000 meV  omega=     40.7801 meV   on_shell_Omega=     40.8169 meV  off_shell_Omega=     40.8169 meV
     lambda___(   2 )=       0.000000   gamma___=       0.000000 meV  omega=     89.3433 meV   on_shell_Omega=     89.3746 meV  off_shell_Omega=     89.3746 meV
     lambda_tr(   2 )=      -0.000000   gamma_tr=      -0.000000 meV  omega=     89.3433 meV   on_shell_Omega=     89.3746 meV  off_shell_Omega=     89.3746 meV
     lambda___(   3 )=       0.000000   gamma___=       0.000000 meV  omega=     91.7639 meV   on_shell_Omega=     91.7839 meV  off_shell_Omega=     91.7839 meV
     lambda_tr(   3 )=      -0.000000   gamma_tr=      -0.000000 meV  omega=     91.7639 meV   on_shell_Omega=     91.7839 meV  off_shell_Omega=     91.7839 meV
     lambda___(   4 )=       0.000000   gamma___=       0.000000 meV  omega=    130.4322 meV   on_shell_Omega=    130.4592 meV  off_shell_Omega=    130.4592 meV
     lambda_tr(   4 )=      -0.000000   gamma_tr=      -0.000000 meV  omega=    130.4322 meV   on_shell_Omega=    130.4592 meV  off_shell_Omega=    130.4592 meV
     lambda___(   5 )=       0.000000   gamma___=       0.000000 meV  omega=    173.7240 meV   on_shell_Omega=    173.9876 meV  off_shell_Omega=    174.0209 meV
     lambda_tr(   5 )=       0.000000   gamma_tr=       0.000000 meV  omega=    173.7240 meV   on_shell_Omega=    173.9876 meV  off_shell_Omega=    174.0209 meV
     lambda___(   6 )=       0.000000   gamma___=       0.000000 meV  omega=    182.7108 meV   on_shell_Omega=    182.7593 meV  off_shell_Omega=    182.7593 meV
     lambda_tr(   6 )=       0.000000   gamma_tr=       0.000000 meV  omega=    182.7108 meV   on_shell_Omega=    182.7593 meV  off_shell_Omega=    182.7593 meV
     lambda___( tot )=       0.000000
     lambda_tr( tot )=       0.000000
     -------------------------------------------------------------------


     Number of (k,k+q) pairs on the Fermi surface:      324 out of      324


     ismear =     1 iq =     185 coord.:   0.55556  0.22222  0.00000 wt:   0.00309 Temp:  300.000K
     -------------------------------------------------------------------
     lambda___(   1 )=      -0.000000   gamma___=      -0.000000 meV  omega=     39.5955 meV   on_shell_Omega=     39.6345 meV  off_shell_Omega=     39.6345 meV
     lambda_tr(   1 )=      -0.000000   gamma_tr=      -0.000000 meV  omega=     39.5955 meV   on_shell_Omega=     39.6345 meV  off_shell_Omega=     39.6345 meV
     lambda___(   2 )=      -0.000000   gamma___=      -0.000000 meV  omega=     89.8314 meV   on_shell_Omega=     89.8599 meV  off_shell_Omega=     89.8599 meV
     lambda_tr(   2 )=      -0.000000   gamma_tr=      -0.000000 meV  omega=     89.8314 meV   on_shell_Omega=     89.8599 meV  off_shell_Omega=     89.8599 meV
     lambda___(   3 )=      -0.000000   gamma___=      -0.000000 meV  omega=     95.6719 meV   on_shell_Omega=     95.7042 meV  off_shell_Omega=     95.7042 meV
     lambda_tr(   3 )=      -0.000000   gamma_tr=      -0.000000 meV  omega=     95.6719 meV   on_shell_Omega=     95.7042 meV  off_shell_Omega=     95.7042 meV
     lambda___(   4 )=      -0.000000   gamma___=      -0.000000 meV  omega=    126.5694 meV   on_shell_Omega=    126.6005 meV  off_shell_Omega=    126.6005 meV
     lambda_tr(   4 )=      -0.000000   gamma_tr=      -0.000000 meV  omega=    126.5694 meV   on_shell_Omega=    126.6005 meV  off_shell_Omega=    126.6005 meV
     lambda___(   5 )=      -0.000000   gamma___=      -0.000000 meV  omega=    173.2934 meV   on_shell_Omega=    173.5114 meV  off_shell_Omega=    173.3781 meV
     lambda_tr(   5 )=      -0.000000   gamma_tr=      -0.000000 meV  omega=    173.2934 meV   on_shell_Omega=    173.5114 meV  off_shell_Omega=    173.3781 meV
     lambda___(   6 )=      -0.000000   gamma___=      -0.000000 meV  omega=    182.6518 meV   on_shell_Omega=    182.6930 meV  off_shell_Omega=    182.6930 meV
     lambda_tr(   6 )=      -0.000000   gamma_tr=      -0.000000 meV  omega=    182.6518 meV   on_shell_Omega=    182.6930 meV  off_shell_Omega=    182.6930 meV
     lambda___( tot )=      -0.000000
     lambda_tr( tot )=      -0.000000
     -------------------------------------------------------------------


     Number of (k,k+q) pairs on the Fermi surface:      324 out of      324


     ismear =     1 iq =     186 coord.:   0.55556  0.27778  0.00000 wt:   0.00309 Temp:  300.000K
     -------------------------------------------------------------------
     lambda___(   1 )=       0.000000   gamma___=       0.000000 meV  omega=     40.7801 meV   on_shell_Omega=     40.8196 meV  off_shell_Omega=     40.8196 meV
     lambda_tr(   1 )=       0.000000   gamma_tr=       0.000000 meV  omega=     40.7801 meV   on_shell_Omega=     40.8196 meV  off_shell_Omega=     40.8196 meV
     lambda___(   2 )=       0.000000   gamma___=       0.000000 meV  omega=     89.3433 meV   on_shell_Omega=     89.3721 meV  off_shell_Omega=     89.3721 meV
     lambda_tr(   2 )=       0.000000   gamma_tr=       0.000000 meV  omega=     89.3433 meV   on_shell_Omega=     89.3721 meV  off_shell_Omega=     89.3721 meV
     lambda___(   3 )=       0.000000   gamma___=       0.000000 meV  omega=     91.7639 meV   on_shell_Omega=     91.7837 meV  off_shell_Omega=     91.7837 meV
     lambda_tr(   3 )=       0.000000   gamma_tr=       0.000000 meV  omega=     91.7639 meV   on_shell_Omega=     91.7837 meV  off_shell_Omega=     91.7837 meV
     lambda___(   4 )=       0.000000   gamma___=       0.000000 meV  omega=    130.4322 meV   on_shell_Omega=    130.4599 meV  off_shell_Omega=    130.4599 meV
     lambda_tr(   4 )=       0.000000   gamma_tr=       0.000000 meV  omega=    130.4322 meV   on_shell_Omega=    130.4599 meV  off_shell_Omega=    130.4599 meV
     lambda___(   5 )=       0.000000   gamma___=       0.000000 meV  omega=    173.7240 meV   on_shell_Omega=    173.9858 meV  off_shell_Omega=    174.0209 meV
     lambda_tr(   5 )=       0.000000   gamma_tr=       0.000000 meV  omega=    173.7240 meV   on_shell_Omega=    173.9858 meV  off_shell_Omega=    174.0209 meV
     lambda___(   6 )=       0.000000   gamma___=       0.000000 meV  omega=    182.7108 meV   on_shell_Omega=    182.7585 meV  off_shell_Omega=    182.7585 meV
     lambda_tr(   6 )=       0.000000   gamma_tr=       0.000000 meV  omega=    182.7108 meV   on_shell_Omega=    182.7585 meV  off_shell_Omega=    182.7585 meV
     lambda___( tot )=       0.000000
     lambda_tr( tot )=       0.000000
     -------------------------------------------------------------------


     Number of (k,k+q) pairs on the Fermi surface:      324 out of      324


     ismear =     1 iq =     187 coord.:   0.55556  0.33333  0.00000 wt:   0.00309 Temp:  300.000K
     -------------------------------------------------------------------
     lambda___(   1 )=       0.000000   gamma___=       0.000000 meV  omega=     44.0454 meV   on_shell_Omega=     44.0707 meV  off_shell_Omega=     44.0707 meV
     lambda_tr(   1 )=       0.000000   gamma_tr=       0.000000 meV  omega=     44.0454 meV   on_shell_Omega=     44.0707 meV  off_shell_Omega=     44.0707 meV
     lambda___(   2 )=       0.000000   gamma___=       0.000000 meV  omega=     84.2995 meV   on_shell_Omega=     84.3072 meV  off_shell_Omega=     84.3072 meV
     lambda_tr(   2 )=       0.000000   gamma_tr=       0.000000 meV  omega=     84.2995 meV   on_shell_Omega=     84.3072 meV  off_shell_Omega=     84.3072 meV
     lambda___(   3 )=       0.000000   gamma___=       0.000000 meV  omega=     87.8501 meV   on_shell_Omega=     87.8777 meV  off_shell_Omega=     87.8777 meV
     lambda_tr(   3 )=       0.000000   gamma_tr=       0.000000 meV  omega=     87.8501 meV   on_shell_Omega=     87.8777 meV  off_shell_Omega=     87.8777 meV
     lambda___(   4 )=       0.000000   gamma___=       0.000000 meV  omega=    138.4064 meV   on_shell_Omega=    138.4218 meV  off_shell_Omega=    138.4218 meV
     lambda_tr(   4 )=       0.000000   gamma_tr=       0.000000 meV  omega=    138.4064 meV   on_shell_Omega=    138.4218 meV  off_shell_Omega=    138.4218 meV
     lambda___(   5 )=       0.000000   gamma___=       0.000000 meV  omega=    174.4848 meV   on_shell_Omega=    174.6836 meV  off_shell_Omega=    174.5700 meV
     lambda_tr(   5 )=       0.000000   gamma_tr=       0.000000 meV  omega=    174.4848 meV   on_shell_Omega=    174.6836 meV  off_shell_Omega=    174.5700 meV
     lambda___(   6 )=       0.000000   gamma___=       0.000000 meV  omega=    182.3463 meV   on_shell_Omega=    182.3955 meV  off_shell_Omega=    182.3955 meV
     lambda_tr(   6 )=       0.000000   gamma_tr=       0.000000 meV  omega=    182.3463 meV   on_shell_Omega=    182.3955 meV  off_shell_Omega=    182.3955 meV
     lambda___( tot )=       0.000000
     lambda_tr( tot )=       0.000000
     -------------------------------------------------------------------


     Number of (k,k+q) pairs on the Fermi surface:      324 out of      324


     ismear =     1 iq =     188 coord.:   0.55556  0.38889  0.00000 wt:   0.00309 Temp:  300.000K
     -------------------------------------------------------------------
     lambda___(   1 )=      -0.000000   gamma___=      -0.000000 meV  omega=     48.5664 meV   on_shell_Omega=     48.5692 meV  off_shell_Omega=     48.5692 meV
     lambda_tr(   1 )=      -0.000000   gamma_tr=      -0.000000 meV  omega=     48.5664 meV   on_shell_Omega=     48.5692 meV  off_shell_Omega=     48.5692 meV
     lambda___(   2 )=       0.000000   gamma___=       0.000000 meV  omega=     78.3952 meV   on_shell_Omega=     78.3990 meV  off_shell_Omega=     78.3990 meV
     lambda_tr(   2 )=       0.000000   gamma_tr=       0.000000 meV  omega=     78.3952 meV   on_shell_Omega=     78.3990 meV  off_shell_Omega=     78.3990 meV
     lambda___(   3 )=       0.000000   gamma___=       0.000000 meV  omega=     85.3837 meV   on_shell_Omega=     85.4050 meV  off_shell_Omega=     85.4050 meV
     lambda_tr(   3 )=       0.000000   gamma_tr=       0.000000 meV  omega=     85.3837 meV   on_shell_Omega=     85.4050 meV  off_shell_Omega=     85.4050 meV
     lambda___(   4 )=       0.000000   gamma___=       0.000000 meV  omega=    146.8968 meV   on_shell_Omega=    146.9128 meV  off_shell_Omega=    146.9128 meV
     lambda_tr(   4 )=       0.000000   gamma_tr=       0.000000 meV  omega=    146.8968 meV   on_shell_Omega=    146.9128 meV  off_shell_Omega=    146.9128 meV
     lambda___(   5 )=       0.000000   gamma___=       0.000000 meV  omega=    174.7440 meV   on_shell_Omega=    174.8900 meV  off_shell_Omega=    174.8293 meV
     lambda_tr(   5 )=       0.000000   gamma_tr=       0.000000 meV  omega=    174.7440 meV   on_shell_Omega=    174.8900 meV  off_shell_Omega=    174.8293 meV
     lambda___(   6 )=       0.000000   gamma___=       0.000000 meV  omega=    180.5068 meV   on_shell_Omega=    180.5597 meV  off_shell_Omega=    180.5597 meV
     lambda_tr(   6 )=       0.000000   gamma_tr=       0.000000 meV  omega=    180.5068 meV   on_shell_Omega=    180.5597 meV  off_shell_Omega=    180.5597 meV
     lambda___( tot )=       0.000000
     lambda_tr( tot )=       0.000000
     -------------------------------------------------------------------


     Number of (k,k+q) pairs on the Fermi surface:      324 out of      324


     ismear =     1 iq =     189 coord.:   0.55556  0.44444  0.00000 wt:   0.00309 Temp:  300.000K
     -------------------------------------------------------------------
     lambda___(   1 )=       0.000000   gamma___=       0.000000 meV  omega=     53.1995 meV   on_shell_Omega=     53.1913 meV  off_shell_Omega=     53.1913 meV
     lambda_tr(   1 )=      -0.000000   gamma_tr=      -0.000000 meV  omega=     53.1995 meV   on_shell_Omega=     53.1913 meV  off_shell_Omega=     53.1913 meV
     lambda___(   2 )=       0.000000   gamma___=       0.000000 meV  omega=     76.8006 meV   on_shell_Omega=     76.8024 meV  off_shell_Omega=     76.8024 meV
     lambda_tr(   2 )=       0.000000   gamma_tr=       0.000000 meV  omega=     76.8006 meV   on_shell_Omega=     76.8024 meV  off_shell_Omega=     76.8024 meV
     lambda___(   3 )=       0.000000   gamma___=       0.000000 meV  omega=     82.2439 meV   on_shell_Omega=     82.2649 meV  off_shell_Omega=     82.2649 meV
     lambda_tr(   3 )=       0.000000   gamma_tr=       0.000000 meV  omega=     82.2439 meV   on_shell_Omega=     82.2649 meV  off_shell_Omega=     82.2649 meV
     lambda___(   4 )=       0.000000   gamma___=       0.000000 meV  omega=    154.4488 meV   on_shell_Omega=    154.4709 meV  off_shell_Omega=    154.4709 meV
     lambda_tr(   4 )=       0.000000   gamma_tr=       0.000000 meV  omega=    154.4488 meV   on_shell_Omega=    154.4709 meV  off_shell_Omega=    154.4709 meV
     lambda___(   5 )=       0.000000   gamma___=       0.000000 meV  omega=    174.3696 meV   on_shell_Omega=    174.5124 meV  off_shell_Omega=    174.4547 meV
     lambda_tr(   5 )=       0.000000   gamma_tr=       0.000000 meV  omega=    174.3696 meV   on_shell_Omega=    174.5124 meV  off_shell_Omega=    174.4547 meV
     lambda___(   6 )=       0.000000   gamma___=       0.000000 meV  omega=    176.6262 meV   on_shell_Omega=    176.6753 meV  off_shell_Omega=    176.6753 meV
     lambda_tr(   6 )=       0.000000   gamma_tr=       0.000000 meV  omega=    176.6262 meV   on_shell_Omega=    176.6753 meV  off_shell_Omega=    176.6753 meV
     lambda___( tot )=       0.000000
     lambda_tr( tot )=       0.000000
     -------------------------------------------------------------------


     Number of (k,k+q) pairs on the Fermi surface:      324 out of      324


     ismear =     1 iq =     190 coord.:   0.55556  0.50000  0.00000 wt:   0.00309 Temp:  300.000K
     -------------------------------------------------------------------
     lambda___(   1 )=       0.000000   gamma___=       0.000000 meV  omega=     56.7369 meV   on_shell_Omega=     56.7334 meV  off_shell_Omega=     56.7334 meV
     lambda_tr(   1 )=       0.000000   gamma_tr=       0.000000 meV  omega=     56.7369 meV   on_shell_Omega=     56.7334 meV  off_shell_Omega=     56.7334 meV
     lambda___(   2 )=       0.000000   gamma___=       0.000000 meV  omega=     79.1316 meV   on_shell_Omega=     79.1624 meV  off_shell_Omega=     79.1624 meV
     lambda_tr(   2 )=       0.000000   gamma_tr=       0.000000 meV  omega=     79.1316 meV   on_shell_Omega=     79.1624 meV  off_shell_Omega=     79.1624 meV
     lambda___(   3 )=       0.000000   gamma___=       0.000000 meV  omega=     80.3174 meV   on_shell_Omega=     80.3209 meV  off_shell_Omega=     80.3209 meV
     lambda_tr(   3 )=       0.000000   gamma_tr=       0.000000 meV  omega=     80.3174 meV   on_shell_Omega=     80.3209 meV  off_shell_Omega=     80.3209 meV
     lambda___(   4 )=       0.000000   gamma___=       0.000000 meV  omega=    160.2053 meV   on_shell_Omega=    160.2192 meV  off_shell_Omega=    160.2192 meV
     lambda_tr(   4 )=       0.000000   gamma_tr=       0.000000 meV  omega=    160.2053 meV   on_shell_Omega=    160.2192 meV  off_shell_Omega=    160.2192 meV
     lambda___(   5 )=       0.000000   gamma___=       0.000000 meV  omega=    170.8254 meV   on_shell_Omega=    170.8539 meV  off_shell_Omega=    170.8539 meV
     lambda_tr(   5 )=       0.000000   gamma_tr=       0.000000 meV  omega=    170.8254 meV   on_shell_Omega=    170.8539 meV  off_shell_Omega=    170.8539 meV
     lambda___(   6 )=       0.000000   gamma___=       0.000000 meV  omega=    173.7429 meV   on_shell_Omega=    173.9052 meV  off_shell_Omega=    173.8277 meV
     lambda_tr(   6 )=       0.000000   gamma_tr=       0.000000 meV  omega=    173.7429 meV   on_shell_Omega=    173.9052 meV  off_shell_Omega=    173.8277 meV
     lambda___( tot )=       0.000000
     lambda_tr( tot )=       0.000000
     -------------------------------------------------------------------


     Number of (k,k+q) pairs on the Fermi surface:      324 out of      324


     ismear =     1 iq =     191 coord.:   0.55556  0.55556  0.00000 wt:   0.00309 Temp:  300.000K
     -------------------------------------------------------------------
     lambda___(   1 )=       0.000000   gamma___=       0.000000 meV  omega=     58.0542 meV   on_shell_Omega=     58.0799 meV  off_shell_Omega=     58.0799 meV
     lambda_tr(   1 )=       0.000000   gamma_tr=       0.000000 meV  omega=     58.0542 meV   on_shell_Omega=     58.0799 meV  off_shell_Omega=     58.0799 meV
     lambda___(   2 )=       0.000000   gamma___=       0.000000 meV  omega=     77.1195 meV   on_shell_Omega=     77.1581 meV  off_shell_Omega=     77.1581 meV
     lambda_tr(   2 )=       0.000000   gamma_tr=       0.000000 meV  omega=     77.1195 meV   on_shell_Omega=     77.1581 meV  off_shell_Omega=     77.1581 meV
     lambda___(   3 )=       0.000000   gamma___=       0.000000 meV  omega=     88.0985 meV   on_shell_Omega=     88.1021 meV  off_shell_Omega=     88.1021 meV
     lambda_tr(   3 )=       0.000000   gamma_tr=       0.000000 meV  omega=     88.0985 meV   on_shell_Omega=     88.1021 meV  off_shell_Omega=     88.1021 meV
     lambda___(   4 )=       0.000000   gamma___=       0.000000 meV  omega=    162.4311 meV   on_shell_Omega=    162.4117 meV  off_shell_Omega=    162.4117 meV
     lambda_tr(   4 )=       0.000000   gamma_tr=       0.000000 meV  omega=    162.4311 meV   on_shell_Omega=    162.4117 meV  off_shell_Omega=    162.4117 meV
     lambda___(   5 )=       0.000000   gamma___=       0.000000 meV  omega=    164.9634 meV   on_shell_Omega=    165.0000 meV  off_shell_Omega=    165.0000 meV
     lambda_tr(   5 )=       0.000000   gamma_tr=       0.000000 meV  omega=    164.9634 meV   on_shell_Omega=    165.0000 meV  off_shell_Omega=    165.0000 meV
     lambda___(   6 )=       0.000000   gamma___=       0.000000 meV  omega=    172.5836 meV   on_shell_Omega=    172.8108 meV  off_shell_Omega=    172.8785 meV
     lambda_tr(   6 )=       0.000000   gamma_tr=       0.000000 meV  omega=    172.5836 meV   on_shell_Omega=    172.8108 meV  off_shell_Omega=    172.8785 meV
     lambda___( tot )=       0.000000
     lambda_tr( tot )=       0.000000
     -------------------------------------------------------------------


     Number of (k,k+q) pairs on the Fermi surface:      324 out of      324


     ismear =     1 iq =     192 coord.:   0.55556  0.61111  0.00000 wt:   0.00309 Temp:  300.000K
     -------------------------------------------------------------------
     lambda___(   1 )=       0.000000   gamma___=       0.000000 meV  omega=     56.9924 meV   on_shell_Omega=     57.0526 meV  off_shell_Omega=     57.0526 meV
     lambda_tr(   1 )=      -0.000000   gamma_tr=      -0.000000 meV  omega=     56.9924 meV   on_shell_Omega=     57.0526 meV  off_shell_Omega=     57.0526 meV
     lambda___(   2 )=       0.000000   gamma___=       0.000000 meV  omega=     76.7475 meV   on_shell_Omega=     76.7764 meV  off_shell_Omega=     76.7764 meV
     lambda_tr(   2 )=      -0.000000   gamma_tr=      -0.000000 meV  omega=     76.7475 meV   on_shell_Omega=     76.7764 meV  off_shell_Omega=     76.7764 meV
     lambda___(   3 )=       0.000000   gamma___=       0.000000 meV  omega=     98.3594 meV   on_shell_Omega=     98.3621 meV  off_shell_Omega=     98.3621 meV
     lambda_tr(   3 )=      -0.000000   gamma_tr=      -0.000000 meV  omega=     98.3594 meV   on_shell_Omega=     98.3621 meV  off_shell_Omega=     98.3621 meV
     lambda___(   4 )=       0.000000   gamma___=       0.000000 meV  omega=    154.6472 meV   on_shell_Omega=    154.6511 meV  off_shell_Omega=    154.6511 meV
     lambda_tr(   4 )=      -0.000000   gamma_tr=      -0.000000 meV  omega=    154.6472 meV   on_shell_Omega=    154.6511 meV  off_shell_Omega=    154.6511 meV
     lambda___(   5 )=       0.000000   gamma___=       0.000000 meV  omega=    166.1160 meV   on_shell_Omega=    166.1330 meV  off_shell_Omega=    166.1330 meV
     lambda_tr(   5 )=      -0.000000   gamma_tr=      -0.000000 meV  omega=    166.1160 meV   on_shell_Omega=    166.1330 meV  off_shell_Omega=    166.1330 meV
     lambda___(   6 )=       0.000000   gamma___=       0.000000 meV  omega=    170.4667 meV   on_shell_Omega=    170.8074 meV  off_shell_Omega=    170.7580 meV
     lambda_tr(   6 )=      -0.000000   gamma_tr=      -0.000000 meV  omega=    170.4667 meV   on_shell_Omega=    170.8074 meV  off_shell_Omega=    170.7580 meV
     lambda___( tot )=       0.000000
     lambda_tr( tot )=      -0.000000
     -------------------------------------------------------------------


     Number of (k,k+q) pairs on the Fermi surface:      324 out of      324


     ismear =     1 iq =     193 coord.:   0.55556  0.66667  0.00000 wt:   0.00309 Temp:  300.000K
     -------------------------------------------------------------------
     lambda___(   1 )=       0.000000   gamma___=       0.000000 meV  omega=     55.1439 meV   on_shell_Omega=     55.2136 meV  off_shell_Omega=     55.2136 meV
     lambda_tr(   1 )=       0.000000   gamma_tr=       0.000000 meV  omega=     55.1439 meV   on_shell_Omega=     55.2136 meV  off_shell_Omega=     55.2136 meV
     lambda___(   2 )=      -0.000000   gamma___=      -0.000000 meV  omega=     77.1672 meV   on_shell_Omega=     77.1967 meV  off_shell_Omega=     77.1967 meV
     lambda_tr(   2 )=      -0.000000   gamma_tr=      -0.000000 meV  omega=     77.1672 meV   on_shell_Omega=     77.1967 meV  off_shell_Omega=     77.1967 meV
     lambda___(   3 )=      -0.000000   gamma___=      -0.000000 meV  omega=    108.5981 meV   on_shell_Omega=    108.6047 meV  off_shell_Omega=    108.6047 meV
     lambda_tr(   3 )=      -0.000000   gamma_tr=      -0.000000 meV  omega=    108.5981 meV   on_shell_Omega=    108.6047 meV  off_shell_Omega=    108.6047 meV
     lambda___(   4 )=      -0.000000   gamma___=      -0.000000 meV  omega=    146.0535 meV   on_shell_Omega=    146.0827 meV  off_shell_Omega=    146.0827 meV
     lambda_tr(   4 )=      -0.000000   gamma_tr=      -0.000000 meV  omega=    146.0535 meV   on_shell_Omega=    146.0827 meV  off_shell_Omega=    146.0827 meV
     lambda___(   5 )=       0.000000   gamma___=       0.000000 meV  omega=    166.7793 meV   on_shell_Omega=    166.8022 meV  off_shell_Omega=    166.8022 meV
     lambda_tr(   5 )=       0.000000   gamma_tr=       0.000000 meV  omega=    166.7793 meV   on_shell_Omega=    166.8022 meV  off_shell_Omega=    166.8022 meV
     lambda___(   6 )=       0.000000   gamma___=       0.000000 meV  omega=    167.9831 meV   on_shell_Omega=    168.3427 meV  off_shell_Omega=    168.4752 meV
     lambda_tr(   6 )=       0.000000   gamma_tr=       0.000000 meV  omega=    167.9831 meV   on_shell_Omega=    168.3427 meV  off_shell_Omega=    168.4752 meV
     lambda___( tot )=       0.000000
     lambda_tr( tot )=       0.000000
     -------------------------------------------------------------------


     Number of (k,k+q) pairs on the Fermi surface:      324 out of      324


     ismear =     1 iq =     194 coord.:   0.55556  0.72222  0.00000 wt:   0.00309 Temp:  300.000K
     -------------------------------------------------------------------
     lambda___(   1 )=      -0.000000   gamma___=      -0.000000 meV  omega=     54.2986 meV   on_shell_Omega=     54.3728 meV  off_shell_Omega=     54.3728 meV
     lambda_tr(   1 )=      -0.000000   gamma_tr=      -0.000000 meV  omega=     54.2986 meV   on_shell_Omega=     54.3728 meV  off_shell_Omega=     54.3728 meV
     lambda___(   2 )=       0.000000   gamma___=       0.000000 meV  omega=     77.4117 meV   on_shell_Omega=     77.4473 meV  off_shell_Omega=     77.4473 meV
     lambda_tr(   2 )=       0.000000   gamma_tr=       0.000000 meV  omega=     77.4117 meV   on_shell_Omega=     77.4473 meV  off_shell_Omega=     77.4473 meV
     lambda___(   3 )=      -0.000000   gamma___=      -0.000000 meV  omega=    113.8139 meV   on_shell_Omega=    113.8209 meV  off_shell_Omega=    113.8209 meV
     lambda_tr(   3 )=      -0.000000   gamma_tr=      -0.000000 meV  omega=    113.8139 meV   on_shell_Omega=    113.8209 meV  off_shell_Omega=    113.8209 meV
     lambda___(   4 )=       0.000000   gamma___=       0.000000 meV  omega=    141.4601 meV   on_shell_Omega=    141.5204 meV  off_shell_Omega=    141.5204 meV
     lambda_tr(   4 )=       0.000000   gamma_tr=       0.000000 meV  omega=    141.4601 meV   on_shell_Omega=    141.5204 meV  off_shell_Omega=    141.5204 meV
     lambda___(   5 )=      -0.000000   gamma___=      -0.000000 meV  omega=    166.8348 meV   on_shell_Omega=    166.9407 meV  off_shell_Omega=    166.9407 meV
     lambda_tr(   5 )=      -0.000000   gamma_tr=      -0.000000 meV  omega=    166.8348 meV   on_shell_Omega=    166.9407 meV  off_shell_Omega=    166.9407 meV
     lambda___(   6 )=      -0.000000   gamma___=      -0.000000 meV  omega=    166.9144 meV   on_shell_Omega=    166.9301 meV  off_shell_Omega=    166.9301 meV
     lambda_tr(   6 )=      -0.000000   gamma_tr=      -0.000000 meV  omega=    166.9144 meV   on_shell_Omega=    166.9301 meV  off_shell_Omega=    166.9301 meV
     lambda___( tot )=      -0.000000
     lambda_tr( tot )=      -0.000000
     -------------------------------------------------------------------


     Number of (k,k+q) pairs on the Fermi surface:      324 out of      324


     ismear =     1 iq =     195 coord.:   0.55556  0.77778  0.00000 wt:   0.00309 Temp:  300.000K
     -------------------------------------------------------------------
     lambda___(   1 )=      -0.000000   gamma___=      -0.000000 meV  omega=     55.1439 meV   on_shell_Omega=     55.2155 meV  off_shell_Omega=     55.2155 meV
     lambda_tr(   1 )=      -0.000000   gamma_tr=      -0.000000 meV  omega=     55.1439 meV   on_shell_Omega=     55.2155 meV  off_shell_Omega=     55.2155 meV
     lambda___(   2 )=       0.000000   gamma___=       0.000000 meV  omega=     77.1672 meV   on_shell_Omega=     77.1978 meV  off_shell_Omega=     77.1978 meV
     lambda_tr(   2 )=       0.000000   gamma_tr=       0.000000 meV  omega=     77.1672 meV   on_shell_Omega=     77.1978 meV  off_shell_Omega=     77.1978 meV
     lambda___(   3 )=       0.000000   gamma___=       0.000000 meV  omega=    108.5981 meV   on_shell_Omega=    108.6046 meV  off_shell_Omega=    108.6046 meV
     lambda_tr(   3 )=       0.000000   gamma_tr=       0.000000 meV  omega=    108.5981 meV   on_shell_Omega=    108.6046 meV  off_shell_Omega=    108.6046 meV
     lambda___(   4 )=       0.000000   gamma___=       0.000000 meV  omega=    146.0535 meV   on_shell_Omega=    146.0844 meV  off_shell_Omega=    146.0844 meV
     lambda_tr(   4 )=       0.000000   gamma_tr=       0.000000 meV  omega=    146.0535 meV   on_shell_Omega=    146.0844 meV  off_shell_Omega=    146.0844 meV
     lambda___(   5 )=       0.000000   gamma___=       0.000000 meV  omega=    166.7793 meV   on_shell_Omega=    166.8021 meV  off_shell_Omega=    166.8021 meV
     lambda_tr(   5 )=       0.000000   gamma_tr=       0.000000 meV  omega=    166.7793 meV   on_shell_Omega=    166.8021 meV  off_shell_Omega=    166.8021 meV
     lambda___(   6 )=       0.000000   gamma___=       0.000000 meV  omega=    167.9831 meV   on_shell_Omega=    168.3588 meV  off_shell_Omega=    168.4752 meV
     lambda_tr(   6 )=       0.000000   gamma_tr=       0.000000 meV  omega=    167.9831 meV   on_shell_Omega=    168.3588 meV  off_shell_Omega=    168.4752 meV
     lambda___( tot )=       0.000000
     lambda_tr( tot )=       0.000000
     -------------------------------------------------------------------


     Number of (k,k+q) pairs on the Fermi surface:      324 out of      324


     ismear =     1 iq =     196 coord.:   0.55556  0.83333  0.00000 wt:   0.00309 Temp:  300.000K
     -------------------------------------------------------------------
     lambda___(   1 )=       0.000000   gamma___=       0.000000 meV  omega=     56.9924 meV   on_shell_Omega=     57.0537 meV  off_shell_Omega=     57.0537 meV
     lambda_tr(   1 )=      -0.000000   gamma_tr=      -0.000000 meV  omega=     56.9924 meV   on_shell_Omega=     57.0537 meV  off_shell_Omega=     57.0537 meV
     lambda___(   2 )=       0.000000   gamma___=       0.000000 meV  omega=     76.7475 meV   on_shell_Omega=     76.7763 meV  off_shell_Omega=     76.7763 meV
     lambda_tr(   2 )=      -0.000000   gamma_tr=      -0.000000 meV  omega=     76.7475 meV   on_shell_Omega=     76.7763 meV  off_shell_Omega=     76.7763 meV
     lambda___(   3 )=       0.000000   gamma___=       0.000000 meV  omega=     98.3594 meV   on_shell_Omega=     98.3621 meV  off_shell_Omega=     98.3621 meV
     lambda_tr(   3 )=      -0.000000   gamma_tr=      -0.000000 meV  omega=     98.3594 meV   on_shell_Omega=     98.3621 meV  off_shell_Omega=     98.3621 meV
     lambda___(   4 )=       0.000000   gamma___=       0.000000 meV  omega=    154.6472 meV   on_shell_Omega=    154.6515 meV  off_shell_Omega=    154.6515 meV
     lambda_tr(   4 )=      -0.000000   gamma_tr=      -0.000000 meV  omega=    154.6472 meV   on_shell_Omega=    154.6515 meV  off_shell_Omega=    154.6515 meV
     lambda___(   5 )=       0.000000   gamma___=       0.000000 meV  omega=    166.1160 meV   on_shell_Omega=    166.1333 meV  off_shell_Omega=    166.1333 meV
     lambda_tr(   5 )=      -0.000000   gamma_tr=      -0.000000 meV  omega=    166.1160 meV   on_shell_Omega=    166.1333 meV  off_shell_Omega=    166.1333 meV
     lambda___(   6 )=       0.000000   gamma___=       0.000000 meV  omega=    170.4667 meV   on_shell_Omega=    170.8109 meV  off_shell_Omega=    170.7580 meV
     lambda_tr(   6 )=      -0.000000   gamma_tr=      -0.000000 meV  omega=    170.4667 meV   on_shell_Omega=    170.8109 meV  off_shell_Omega=    170.7580 meV
     lambda___( tot )=       0.000000
     lambda_tr( tot )=      -0.000000
     -------------------------------------------------------------------


     Number of (k,k+q) pairs on the Fermi surface:      324 out of      324


     ismear =     1 iq =     197 coord.:   0.55556  0.88889  0.00000 wt:   0.00309 Temp:  300.000K
     -------------------------------------------------------------------
     lambda___(   1 )=       0.000000   gamma___=       0.000000 meV  omega=     58.0542 meV   on_shell_Omega=     58.0795 meV  off_shell_Omega=     58.0795 meV
     lambda_tr(   1 )=       0.000000   gamma_tr=       0.000000 meV  omega=     58.0542 meV   on_shell_Omega=     58.0795 meV  off_shell_Omega=     58.0795 meV
     lambda___(   2 )=       0.000000   gamma___=       0.000000 meV  omega=     77.1195 meV   on_shell_Omega=     77.1578 meV  off_shell_Omega=     77.1578 meV
     lambda_tr(   2 )=       0.000000   gamma_tr=       0.000000 meV  omega=     77.1195 meV   on_shell_Omega=     77.1578 meV  off_shell_Omega=     77.1578 meV
     lambda___(   3 )=       0.000000   gamma___=       0.000000 meV  omega=     88.0985 meV   on_shell_Omega=     88.1016 meV  off_shell_Omega=     88.1016 meV
     lambda_tr(   3 )=       0.000000   gamma_tr=       0.000000 meV  omega=     88.0985 meV   on_shell_Omega=     88.1016 meV  off_shell_Omega=     88.1016 meV
     lambda___(   4 )=       0.000000   gamma___=       0.000000 meV  omega=    162.4311 meV   on_shell_Omega=    162.4109 meV  off_shell_Omega=    162.4109 meV
     lambda_tr(   4 )=       0.000000   gamma_tr=       0.000000 meV  omega=    162.4311 meV   on_shell_Omega=    162.4109 meV  off_shell_Omega=    162.4109 meV
     lambda___(   5 )=       0.000000   gamma___=       0.000000 meV  omega=    164.9634 meV   on_shell_Omega=    165.0007 meV  off_shell_Omega=    165.0007 meV
     lambda_tr(   5 )=       0.000000   gamma_tr=       0.000000 meV  omega=    164.9634 meV   on_shell_Omega=    165.0007 meV  off_shell_Omega=    165.0007 meV
     lambda___(   6 )=       0.000000   gamma___=       0.000000 meV  omega=    172.5836 meV   on_shell_Omega=    172.8141 meV  off_shell_Omega=    172.8785 meV
     lambda_tr(   6 )=       0.000000   gamma_tr=       0.000000 meV  omega=    172.5836 meV   on_shell_Omega=    172.8141 meV  off_shell_Omega=    172.8785 meV
     lambda___( tot )=       0.000000
     lambda_tr( tot )=       0.000000
     -------------------------------------------------------------------


     Number of (k,k+q) pairs on the Fermi surface:      324 out of      324


     ismear =     1 iq =     198 coord.:   0.55556  0.94444  0.00000 wt:   0.00309 Temp:  300.000K
     -------------------------------------------------------------------
     lambda___(   1 )=       0.000000   gamma___=       0.000000 meV  omega=     56.7369 meV   on_shell_Omega=     56.7322 meV  off_shell_Omega=     56.7322 meV
     lambda_tr(   1 )=       0.000000   gamma_tr=       0.000000 meV  omega=     56.7369 meV   on_shell_Omega=     56.7322 meV  off_shell_Omega=     56.7322 meV
     lambda___(   2 )=       0.000000   gamma___=       0.000000 meV  omega=     79.1316 meV   on_shell_Omega=     79.1638 meV  off_shell_Omega=     79.1638 meV
     lambda_tr(   2 )=       0.000000   gamma_tr=       0.000000 meV  omega=     79.1316 meV   on_shell_Omega=     79.1638 meV  off_shell_Omega=     79.1638 meV
     lambda___(   3 )=       0.000000   gamma___=       0.000000 meV  omega=     80.3174 meV   on_shell_Omega=     80.3209 meV  off_shell_Omega=     80.3209 meV
     lambda_tr(   3 )=       0.000000   gamma_tr=       0.000000 meV  omega=     80.3174 meV   on_shell_Omega=     80.3209 meV  off_shell_Omega=     80.3209 meV
     lambda___(   4 )=       0.000000   gamma___=       0.000000 meV  omega=    160.2053 meV   on_shell_Omega=    160.2204 meV  off_shell_Omega=    160.2204 meV
     lambda_tr(   4 )=       0.000000   gamma_tr=       0.000000 meV  omega=    160.2053 meV   on_shell_Omega=    160.2204 meV  off_shell_Omega=    160.2204 meV
     lambda___(   5 )=       0.000000   gamma___=       0.000000 meV  omega=    170.8254 meV   on_shell_Omega=    170.8542 meV  off_shell_Omega=    170.8542 meV
     lambda_tr(   5 )=       0.000000   gamma_tr=       0.000000 meV  omega=    170.8254 meV   on_shell_Omega=    170.8542 meV  off_shell_Omega=    170.8542 meV
     lambda___(   6 )=       0.000000   gamma___=       0.000000 meV  omega=    173.7429 meV   on_shell_Omega=    173.9115 meV  off_shell_Omega=    173.8277 meV
     lambda_tr(   6 )=       0.000000   gamma_tr=       0.000000 meV  omega=    173.7429 meV   on_shell_Omega=    173.9115 meV  off_shell_Omega=    173.8277 meV
     lambda___( tot )=       0.000000
     lambda_tr( tot )=       0.000000
     -------------------------------------------------------------------


     Number of (k,k+q) pairs on the Fermi surface:      324 out of      324


     ismear =     1 iq =     199 coord.:   0.61111  0.00000  0.00000 wt:   0.00309 Temp:  300.000K
     -------------------------------------------------------------------
     lambda___(   1 )=       0.000000   gamma___=       0.000000 meV  omega=     43.5768 meV   on_shell_Omega=     43.5705 meV  off_shell_Omega=     43.5705 meV
     lambda_tr(   1 )=      -0.000000   gamma_tr=      -0.000000 meV  omega=     43.5768 meV   on_shell_Omega=     43.5705 meV  off_shell_Omega=     43.5705 meV
     lambda___(   2 )=       0.000000   gamma___=       0.000000 meV  omega=     73.9395 meV   on_shell_Omega=     73.9407 meV  off_shell_Omega=     73.9407 meV
     lambda_tr(   2 )=      -0.000000   gamma_tr=      -0.000000 meV  omega=     73.9395 meV   on_shell_Omega=     73.9407 meV  off_shell_Omega=     73.9407 meV
     lambda___(   3 )=       0.000000   gamma___=       0.000000 meV  omega=     89.0555 meV   on_shell_Omega=     89.0726 meV  off_shell_Omega=     89.0726 meV
     lambda_tr(   3 )=      -0.000000   gamma_tr=      -0.000000 meV  omega=     89.0555 meV   on_shell_Omega=     89.0726 meV  off_shell_Omega=     89.0726 meV
     lambda___(   4 )=       0.000000   gamma___=       0.000000 meV  omega=    140.6426 meV   on_shell_Omega=    140.6628 meV  off_shell_Omega=    140.6628 meV
     lambda_tr(   4 )=       0.000000   gamma_tr=       0.000000 meV  omega=    140.6426 meV   on_shell_Omega=    140.6628 meV  off_shell_Omega=    140.6628 meV
     lambda___(   5 )=       0.000000   gamma___=       0.000000 meV  omega=    175.9395 meV   on_shell_Omega=    176.0928 meV  off_shell_Omega=    176.0255 meV
     lambda_tr(   5 )=       0.000000   gamma_tr=       0.000000 meV  omega=    175.9395 meV   on_shell_Omega=    176.0928 meV  off_shell_Omega=    176.0255 meV
     lambda___(   6 )=       0.000000   gamma___=       0.000000 meV  omega=    184.8148 meV   on_shell_Omega=    184.8828 meV  off_shell_Omega=    184.8828 meV
     lambda_tr(   6 )=       0.000000   gamma_tr=       0.000000 meV  omega=    184.8148 meV   on_shell_Omega=    184.8828 meV  off_shell_Omega=    184.8828 meV
     lambda___( tot )=       0.000000
     lambda_tr( tot )=       0.000000
     -------------------------------------------------------------------


     Number of (k,k+q) pairs on the Fermi surface:      324 out of      324


     ismear =     1 iq =     200 coord.:   0.61111  0.05556  0.00000 wt:   0.00309 Temp:  300.000K
     -------------------------------------------------------------------
     lambda___(   1 )=      -0.000000   gamma___=      -0.000000 meV  omega=     38.4314 meV   on_shell_Omega=     38.4278 meV  off_shell_Omega=     38.4278 meV
     lambda_tr(   1 )=      -0.000000   gamma_tr=      -0.000000 meV  omega=     38.4314 meV   on_shell_Omega=     38.4278 meV  off_shell_Omega=     38.4278 meV
     lambda___(   2 )=       0.000000   gamma___=       0.000000 meV  omega=     74.4941 meV   on_shell_Omega=     74.4984 meV  off_shell_Omega=     74.4984 meV
     lambda_tr(   2 )=       0.000000   gamma_tr=       0.000000 meV  omega=     74.4941 meV   on_shell_Omega=     74.4984 meV  off_shell_Omega=     74.4984 meV
     lambda___(   3 )=       0.000000   gamma___=       0.000000 meV  omega=     92.0264 meV   on_shell_Omega=     92.0451 meV  off_shell_Omega=     92.0451 meV
     lambda_tr(   3 )=       0.000000   gamma_tr=       0.000000 meV  omega=     92.0264 meV   on_shell_Omega=     92.0451 meV  off_shell_Omega=     92.0451 meV
     lambda___(   4 )=       0.000000   gamma___=       0.000000 meV  omega=    132.3554 meV   on_shell_Omega=    132.3725 meV  off_shell_Omega=    132.3725 meV
     lambda_tr(   4 )=       0.000000   gamma_tr=       0.000000 meV  omega=    132.3554 meV   on_shell_Omega=    132.3725 meV  off_shell_Omega=    132.3725 meV
     lambda___(   5 )=       0.000000   gamma___=       0.000000 meV  omega=    176.5961 meV   on_shell_Omega=    176.7486 meV  off_shell_Omega=    176.6823 meV
     lambda_tr(   5 )=       0.000000   gamma_tr=       0.000000 meV  omega=    176.5961 meV   on_shell_Omega=    176.7486 meV  off_shell_Omega=    176.6823 meV
     lambda___(   6 )=       0.000000   gamma___=       0.000000 meV  omega=    187.7436 meV   on_shell_Omega=    187.8152 meV  off_shell_Omega=    187.8152 meV
     lambda_tr(   6 )=       0.000000   gamma_tr=       0.000000 meV  omega=    187.7436 meV   on_shell_Omega=    187.8152 meV  off_shell_Omega=    187.8152 meV
     lambda___( tot )=       0.000000
     lambda_tr( tot )=       0.000000
     -------------------------------------------------------------------


     Number of (k,k+q) pairs on the Fermi surface:      324 out of      324


     ismear =     1 iq =     201 coord.:   0.61111  0.11111  0.00000 wt:   0.00309 Temp:  300.000K
     -------------------------------------------------------------------
     lambda___(   1 )=       0.000000   gamma___=       0.000000 meV  omega=     34.3373 meV   on_shell_Omega=     34.3329 meV  off_shell_Omega=     34.3329 meV
     lambda_tr(   1 )=       0.000000   gamma_tr=       0.000000 meV  omega=     34.3373 meV   on_shell_Omega=     34.3329 meV  off_shell_Omega=     34.3329 meV
     lambda___(   2 )=       0.000000   gamma___=       0.000000 meV  omega=     79.2351 meV   on_shell_Omega=     79.2476 meV  off_shell_Omega=     79.2476 meV
     lambda_tr(   2 )=       0.000000   gamma_tr=       0.000000 meV  omega=     79.2351 meV   on_shell_Omega=     79.2476 meV  off_shell_Omega=     79.2476 meV
     lambda___(   3 )=       0.000000   gamma___=       0.000000 meV  omega=     93.9614 meV   on_shell_Omega=     93.9846 meV  off_shell_Omega=     93.9846 meV
     lambda_tr(   3 )=       0.000000   gamma_tr=       0.000000 meV  omega=     93.9614 meV   on_shell_Omega=     93.9846 meV  off_shell_Omega=     93.9846 meV
     lambda___(   4 )=       0.000000   gamma___=       0.000000 meV  omega=    123.8234 meV   on_shell_Omega=    123.8421 meV  off_shell_Omega=    123.8421 meV
     lambda_tr(   4 )=       0.000000   gamma_tr=       0.000000 meV  omega=    123.8234 meV   on_shell_Omega=    123.8421 meV  off_shell_Omega=    123.8421 meV
     lambda___(   5 )=       0.000000   gamma___=       0.000000 meV  omega=    176.4492 meV   on_shell_Omega=    176.6535 meV  off_shell_Omega=    176.5353 meV
     lambda_tr(   5 )=       0.000000   gamma_tr=       0.000000 meV  omega=    176.4492 meV   on_shell_Omega=    176.6535 meV  off_shell_Omega=    176.5353 meV
     lambda___(   6 )=       0.000000   gamma___=       0.000000 meV  omega=    188.8805 meV   on_shell_Omega=    188.9538 meV  off_shell_Omega=    188.9538 meV
     lambda_tr(   6 )=       0.000000   gamma_tr=       0.000000 meV  omega=    188.8805 meV   on_shell_Omega=    188.9538 meV  off_shell_Omega=    188.9538 meV
     lambda___( tot )=       0.000000
     lambda_tr( tot )=       0.000000
     -------------------------------------------------------------------


     Number of (k,k+q) pairs on the Fermi surface:      324 out of      324


     ismear =     1 iq =     202 coord.:   0.61111  0.16667  0.00000 wt:   0.00309 Temp:  300.000K
     -------------------------------------------------------------------
     lambda___(   1 )=       0.000000   gamma___=       0.000000 meV  omega=     32.1196 meV   on_shell_Omega=     32.1145 meV  off_shell_Omega=     32.1145 meV
     lambda_tr(   1 )=       0.000000   gamma_tr=       0.000000 meV  omega=     32.1196 meV   on_shell_Omega=     32.1145 meV  off_shell_Omega=     32.1145 meV
     lambda___(   2 )=       0.000000   gamma___=       0.000000 meV  omega=     84.4359 meV   on_shell_Omega=     84.4720 meV  off_shell_Omega=     84.4720 meV
     lambda_tr(   2 )=       0.000000   gamma_tr=       0.000000 meV  omega=     84.4359 meV   on_shell_Omega=     84.4720 meV  off_shell_Omega=     84.4720 meV
     lambda___(   3 )=       0.000000   gamma___=       0.000000 meV  omega=     94.8728 meV   on_shell_Omega=     94.8961 meV  off_shell_Omega=     94.8961 meV
     lambda_tr(   3 )=       0.000000   gamma_tr=       0.000000 meV  omega=     94.8728 meV   on_shell_Omega=     94.8961 meV  off_shell_Omega=     94.8961 meV
     lambda___(   4 )=       0.000000   gamma___=       0.000000 meV  omega=    117.4201 meV   on_shell_Omega=    117.4384 meV  off_shell_Omega=    117.4384 meV
     lambda_tr(   4 )=       0.000000   gamma_tr=       0.000000 meV  omega=    117.4201 meV   on_shell_Omega=    117.4384 meV  off_shell_Omega=    117.4384 meV
     lambda___(   5 )=       0.000000   gamma___=       0.000000 meV  omega=    175.9892 meV   on_shell_Omega=    176.2499 meV  off_shell_Omega=    176.2900 meV
     lambda_tr(   5 )=       0.000000   gamma_tr=       0.000000 meV  omega=    175.9892 meV   on_shell_Omega=    176.2499 meV  off_shell_Omega=    176.2900 meV
     lambda___(   6 )=       0.000000   gamma___=       0.000000 meV  omega=    189.0038 meV   on_shell_Omega=    189.0811 meV  off_shell_Omega=    189.0811 meV
     lambda_tr(   6 )=       0.000000   gamma_tr=       0.000000 meV  omega=    189.0038 meV   on_shell_Omega=    189.0811 meV  off_shell_Omega=    189.0811 meV
     lambda___( tot )=       0.000000
     lambda_tr( tot )=       0.000000
     -------------------------------------------------------------------


     Number of (k,k+q) pairs on the Fermi surface:      324 out of      324


     ismear =     1 iq =     203 coord.:   0.61111  0.22222  0.00000 wt:   0.00309 Temp:  300.000K
     -------------------------------------------------------------------
     lambda___(   1 )=       0.000000   gamma___=       0.000000 meV  omega=     32.1196 meV   on_shell_Omega=     32.1182 meV  off_shell_Omega=     32.1182 meV
     lambda_tr(   1 )=      -0.000000   gamma_tr=      -0.000000 meV  omega=     32.1196 meV   on_shell_Omega=     32.1182 meV  off_shell_Omega=     32.1182 meV
     lambda___(   2 )=      -0.000000   gamma___=      -0.000000 meV  omega=     84.4359 meV   on_shell_Omega=     84.4718 meV  off_shell_Omega=     84.4718 meV
     lambda_tr(   2 )=      -0.000000   gamma_tr=      -0.000000 meV  omega=     84.4359 meV   on_shell_Omega=     84.4718 meV  off_shell_Omega=     84.4718 meV
     lambda___(   3 )=       0.000000   gamma___=       0.000000 meV  omega=     94.8728 meV   on_shell_Omega=     94.8953 meV  off_shell_Omega=     94.8953 meV
     lambda_tr(   3 )=       0.000000   gamma_tr=       0.000000 meV  omega=     94.8728 meV   on_shell_Omega=     94.8953 meV  off_shell_Omega=     94.8953 meV
     lambda___(   4 )=       0.000000   gamma___=       0.000000 meV  omega=    117.4201 meV   on_shell_Omega=    117.4390 meV  off_shell_Omega=    117.4390 meV
     lambda_tr(   4 )=       0.000000   gamma_tr=       0.000000 meV  omega=    117.4201 meV   on_shell_Omega=    117.4390 meV  off_shell_Omega=    117.4390 meV
     lambda___(   5 )=       0.000000   gamma___=       0.000000 meV  omega=    175.9892 meV   on_shell_Omega=    176.2509 meV  off_shell_Omega=    176.2900 meV
     lambda_tr(   5 )=       0.000000   gamma_tr=       0.000000 meV  omega=    175.9892 meV   on_shell_Omega=    176.2509 meV  off_shell_Omega=    176.2900 meV
     lambda___(   6 )=       0.000000   gamma___=       0.000000 meV  omega=    189.0038 meV   on_shell_Omega=    189.0809 meV  off_shell_Omega=    189.0809 meV
     lambda_tr(   6 )=       0.000000   gamma_tr=       0.000000 meV  omega=    189.0038 meV   on_shell_Omega=    189.0809 meV  off_shell_Omega=    189.0809 meV
     lambda___( tot )=       0.000000
     lambda_tr( tot )=       0.000000
     -------------------------------------------------------------------


     Number of (k,k+q) pairs on the Fermi surface:      324 out of      324


     ismear =     1 iq =     204 coord.:   0.61111  0.27778  0.00000 wt:   0.00309 Temp:  300.000K
     -------------------------------------------------------------------
     lambda___(   1 )=       0.000000   gamma___=       0.000000 meV  omega=     34.3373 meV   on_shell_Omega=     34.3382 meV  off_shell_Omega=     34.3382 meV
     lambda_tr(   1 )=       0.000000   gamma_tr=       0.000000 meV  omega=     34.3373 meV   on_shell_Omega=     34.3382 meV  off_shell_Omega=     34.3382 meV
     lambda___(   2 )=       0.000000   gamma___=       0.000000 meV  omega=     79.2351 meV   on_shell_Omega=     79.2461 meV  off_shell_Omega=     79.2461 meV
     lambda_tr(   2 )=       0.000000   gamma_tr=       0.000000 meV  omega=     79.2351 meV   on_shell_Omega=     79.2461 meV  off_shell_Omega=     79.2461 meV
     lambda___(   3 )=       0.000000   gamma___=       0.000000 meV  omega=     93.9614 meV   on_shell_Omega=     93.9830 meV  off_shell_Omega=     93.9830 meV
     lambda_tr(   3 )=       0.000000   gamma_tr=       0.000000 meV  omega=     93.9614 meV   on_shell_Omega=     93.9830 meV  off_shell_Omega=     93.9830 meV
     lambda___(   4 )=       0.000000   gamma___=       0.000000 meV  omega=    123.8234 meV   on_shell_Omega=    123.8422 meV  off_shell_Omega=    123.8422 meV
     lambda_tr(   4 )=       0.000000   gamma_tr=       0.000000 meV  omega=    123.8234 meV   on_shell_Omega=    123.8422 meV  off_shell_Omega=    123.8422 meV
     lambda___(   5 )=       0.000000   gamma___=       0.000000 meV  omega=    176.4492 meV   on_shell_Omega=    176.6566 meV  off_shell_Omega=    176.5353 meV
     lambda_tr(   5 )=       0.000000   gamma_tr=       0.000000 meV  omega=    176.4492 meV   on_shell_Omega=    176.6566 meV  off_shell_Omega=    176.5353 meV
     lambda___(   6 )=       0.000000   gamma___=       0.000000 meV  omega=    188.8805 meV   on_shell_Omega=    188.9540 meV  off_shell_Omega=    188.9540 meV
     lambda_tr(   6 )=       0.000000   gamma_tr=       0.000000 meV  omega=    188.8805 meV   on_shell_Omega=    188.9540 meV  off_shell_Omega=    188.9540 meV
     lambda___( tot )=       0.000000
     lambda_tr( tot )=       0.000000
     -------------------------------------------------------------------


     Number of (k,k+q) pairs on the Fermi surface:      324 out of      324


     ismear =     1 iq =     205 coord.:   0.61111  0.33333  0.00000 wt:   0.00309 Temp:  300.000K
     -------------------------------------------------------------------
     lambda___(   1 )=      -0.000000   gamma___=      -0.000000 meV  omega=     38.4314 meV   on_shell_Omega=     38.4305 meV  off_shell_Omega=     38.4305 meV
     lambda_tr(   1 )=       0.000000   gamma_tr=       0.000000 meV  omega=     38.4314 meV   on_shell_Omega=     38.4305 meV  off_shell_Omega=     38.4305 meV
     lambda___(   2 )=       0.000000   gamma___=       0.000000 meV  omega=     74.4941 meV   on_shell_Omega=     74.4974 meV  off_shell_Omega=     74.4974 meV
     lambda_tr(   2 )=       0.000000   gamma_tr=       0.000000 meV  omega=     74.4941 meV   on_shell_Omega=     74.4974 meV  off_shell_Omega=     74.4974 meV
     lambda___(   3 )=       0.000000   gamma___=       0.000000 meV  omega=     92.0264 meV   on_shell_Omega=     92.0441 meV  off_shell_Omega=     92.0441 meV
     lambda_tr(   3 )=       0.000000   gamma_tr=       0.000000 meV  omega=     92.0264 meV   on_shell_Omega=     92.0441 meV  off_shell_Omega=     92.0441 meV
     lambda___(   4 )=       0.000000   gamma___=       0.000000 meV  omega=    132.3554 meV   on_shell_Omega=    132.3720 meV  off_shell_Omega=    132.3720 meV
     lambda_tr(   4 )=       0.000000   gamma_tr=       0.000000 meV  omega=    132.3554 meV   on_shell_Omega=    132.3720 meV  off_shell_Omega=    132.3720 meV
     lambda___(   5 )=       0.000000   gamma___=       0.000000 meV  omega=    176.5961 meV   on_shell_Omega=    176.7483 meV  off_shell_Omega=    176.6823 meV
     lambda_tr(   5 )=       0.000000   gamma_tr=       0.000000 meV  omega=    176.5961 meV   on_shell_Omega=    176.7483 meV  off_shell_Omega=    176.6823 meV
     lambda___(   6 )=       0.000000   gamma___=       0.000000 meV  omega=    187.7436 meV   on_shell_Omega=    187.8162 meV  off_shell_Omega=    187.8162 meV
     lambda_tr(   6 )=       0.000000   gamma_tr=       0.000000 meV  omega=    187.7436 meV   on_shell_Omega=    187.8162 meV  off_shell_Omega=    187.8162 meV
     lambda___( tot )=       0.000000
     lambda_tr( tot )=       0.000000
     -------------------------------------------------------------------


     Number of (k,k+q) pairs on the Fermi surface:      324 out of      324


     ismear =     1 iq =     206 coord.:   0.61111  0.38889  0.00000 wt:   0.00309 Temp:  300.000K
     -------------------------------------------------------------------
     lambda___(   1 )=       0.000000   gamma___=       0.000000 meV  omega=     43.5768 meV   on_shell_Omega=     43.5709 meV  off_shell_Omega=     43.5709 meV
     lambda_tr(   1 )=       0.000000   gamma_tr=       0.000000 meV  omega=     43.5768 meV   on_shell_Omega=     43.5709 meV  off_shell_Omega=     43.5709 meV
     lambda___(   2 )=       0.000000   gamma___=       0.000000 meV  omega=     73.9395 meV   on_shell_Omega=     73.9405 meV  off_shell_Omega=     73.9405 meV
     lambda_tr(   2 )=       0.000000   gamma_tr=       0.000000 meV  omega=     73.9395 meV   on_shell_Omega=     73.9405 meV  off_shell_Omega=     73.9405 meV
     lambda___(   3 )=       0.000000   gamma___=       0.000000 meV  omega=     89.0555 meV   on_shell_Omega=     89.0712 meV  off_shell_Omega=     89.0712 meV
     lambda_tr(   3 )=       0.000000   gamma_tr=       0.000000 meV  omega=     89.0555 meV   on_shell_Omega=     89.0712 meV  off_shell_Omega=     89.0712 meV
     lambda___(   4 )=       0.000000   gamma___=       0.000000 meV  omega=    140.6426 meV   on_shell_Omega=    140.6625 meV  off_shell_Omega=    140.6625 meV
     lambda_tr(   4 )=       0.000000   gamma_tr=       0.000000 meV  omega=    140.6426 meV   on_shell_Omega=    140.6625 meV  off_shell_Omega=    140.6625 meV
     lambda___(   5 )=       0.000000   gamma___=       0.000000 meV  omega=    175.9395 meV   on_shell_Omega=    176.0857 meV  off_shell_Omega=    176.0255 meV
     lambda_tr(   5 )=       0.000000   gamma_tr=       0.000000 meV  omega=    175.9395 meV   on_shell_Omega=    176.0857 meV  off_shell_Omega=    176.0255 meV
     lambda___(   6 )=       0.000000   gamma___=       0.000000 meV  omega=    184.8148 meV   on_shell_Omega=    184.8847 meV  off_shell_Omega=    184.8847 meV
     lambda_tr(   6 )=       0.000000   gamma_tr=       0.000000 meV  omega=    184.8148 meV   on_shell_Omega=    184.8847 meV  off_shell_Omega=    184.8847 meV
     lambda___( tot )=       0.000000
     lambda_tr( tot )=       0.000000
     -------------------------------------------------------------------


     Number of (k,k+q) pairs on the Fermi surface:      324 out of      324


     ismear =     1 iq =     207 coord.:   0.61111  0.44444  0.00000 wt:   0.00309 Temp:  300.000K
     -------------------------------------------------------------------
     lambda___(   1 )=       0.000000   gamma___=       0.000000 meV  omega=     48.7905 meV   on_shell_Omega=     48.7912 meV  off_shell_Omega=     48.7912 meV
     lambda_tr(   1 )=       0.000000   gamma_tr=       0.000000 meV  omega=     48.7905 meV   on_shell_Omega=     48.7912 meV  off_shell_Omega=     48.7912 meV
     lambda___(   2 )=       0.000000   gamma___=       0.000000 meV  omega=     78.5437 meV   on_shell_Omega=     78.5474 meV  off_shell_Omega=     78.5474 meV
     lambda_tr(   2 )=       0.000000   gamma_tr=       0.000000 meV  omega=     78.5437 meV   on_shell_Omega=     78.5474 meV  off_shell_Omega=     78.5474 meV
     lambda___(   3 )=       0.000000   gamma___=       0.000000 meV  omega=     85.2558 meV   on_shell_Omega=     85.2786 meV  off_shell_Omega=     85.2786 meV
     lambda_tr(   3 )=       0.000000   gamma_tr=       0.000000 meV  omega=     85.2558 meV   on_shell_Omega=     85.2786 meV  off_shell_Omega=     85.2786 meV
     lambda___(   4 )=       0.000000   gamma___=       0.000000 meV  omega=    147.4470 meV   on_shell_Omega=    147.4627 meV  off_shell_Omega=    147.4627 meV
     lambda_tr(   4 )=       0.000000   gamma_tr=       0.000000 meV  omega=    147.4470 meV   on_shell_Omega=    147.4627 meV  off_shell_Omega=    147.4627 meV
     lambda___(   5 )=       0.000000   gamma___=       0.000000 meV  omega=    174.6874 meV   on_shell_Omega=    174.8389 meV  off_shell_Omega=    174.7727 meV
     lambda_tr(   5 )=       0.000000   gamma_tr=       0.000000 meV  omega=    174.6874 meV   on_shell_Omega=    174.8389 meV  off_shell_Omega=    174.7727 meV
     lambda___(   6 )=       0.000000   gamma___=       0.000000 meV  omega=    180.0478 meV   on_shell_Omega=    180.1008 meV  off_shell_Omega=    180.1008 meV
     lambda_tr(   6 )=       0.000000   gamma_tr=       0.000000 meV  omega=    180.0478 meV   on_shell_Omega=    180.1008 meV  off_shell_Omega=    180.1008 meV
     lambda___( tot )=       0.000000
     lambda_tr( tot )=       0.000000
     -------------------------------------------------------------------


     Number of (k,k+q) pairs on the Fermi surface:      324 out of      324


     ismear =     1 iq =     208 coord.:   0.61111  0.50000  0.00000 wt:   0.00309 Temp:  300.000K
     -------------------------------------------------------------------
     lambda___(   1 )=       0.000000   gamma___=       0.000000 meV  omega=     53.3673 meV   on_shell_Omega=     53.3924 meV  off_shell_Omega=     53.3924 meV
     lambda_tr(   1 )=      -0.000000   gamma_tr=      -0.000000 meV  omega=     53.3673 meV   on_shell_Omega=     53.3924 meV  off_shell_Omega=     53.3924 meV
     lambda___(   2 )=       0.000000   gamma___=       0.000000 meV  omega=     80.9972 meV   on_shell_Omega=     81.0313 meV  off_shell_Omega=     81.0313 meV
     lambda_tr(   2 )=      -0.000000   gamma_tr=      -0.000000 meV  omega=     80.9972 meV   on_shell_Omega=     81.0313 meV  off_shell_Omega=     81.0313 meV
     lambda___(   3 )=       0.000000   gamma___=       0.000000 meV  omega=     87.2543 meV   on_shell_Omega=     87.2592 meV  off_shell_Omega=     87.2592 meV
     lambda_tr(   3 )=      -0.000000   gamma_tr=      -0.000000 meV  omega=     87.2543 meV   on_shell_Omega=     87.2592 meV  off_shell_Omega=     87.2592 meV
     lambda___(   4 )=       0.000000   gamma___=       0.000000 meV  omega=    152.1446 meV   on_shell_Omega=    152.1517 meV  off_shell_Omega=    152.1517 meV
     lambda_tr(   4 )=      -0.000000   gamma_tr=      -0.000000 meV  omega=    152.1446 meV   on_shell_Omega=    152.1517 meV  off_shell_Omega=    152.1517 meV
     lambda___(   5 )=       0.000000   gamma___=       0.000000 meV  omega=    172.6888 meV   on_shell_Omega=    172.7853 meV  off_shell_Omega=    172.7853 meV
     lambda_tr(   5 )=       0.000000   gamma_tr=       0.000000 meV  omega=    172.6888 meV   on_shell_Omega=    172.7853 meV  off_shell_Omega=    172.7853 meV
     lambda___(   6 )=       0.000000   gamma___=       0.000000 meV  omega=    174.0195 meV   on_shell_Omega=    174.1726 meV  off_shell_Omega=    174.1044 meV
     lambda_tr(   6 )=      -0.000000   gamma_tr=      -0.000000 meV  omega=    174.0195 meV   on_shell_Omega=    174.1726 meV  off_shell_Omega=    174.1044 meV
     lambda___( tot )=       0.000000
     lambda_tr( tot )=      -0.000000
     -------------------------------------------------------------------


     Number of (k,k+q) pairs on the Fermi surface:      324 out of      324


     ismear =     1 iq =     209 coord.:   0.61111  0.55556  0.00000 wt:   0.00309 Temp:  300.000K
     -------------------------------------------------------------------
     lambda___(   1 )=       0.000000   gamma___=       0.000000 meV  omega=     56.9418 meV   on_shell_Omega=     56.9976 meV  off_shell_Omega=     56.9976 meV
     lambda_tr(   1 )=       0.000000   gamma_tr=       0.000000 meV  omega=     56.9418 meV   on_shell_Omega=     56.9976 meV  off_shell_Omega=     56.9976 meV
     lambda___(   2 )=       0.000000   gamma___=       0.000000 meV  omega=     76.7850 meV   on_shell_Omega=     76.8188 meV  off_shell_Omega=     76.8188 meV
     lambda_tr(   2 )=       0.000000   gamma_tr=       0.000000 meV  omega=     76.7850 meV   on_shell_Omega=     76.8188 meV  off_shell_Omega=     76.8188 meV
     lambda___(   3 )=       0.000000   gamma___=       0.000000 meV  omega=     98.3227 meV   on_shell_Omega=     98.3256 meV  off_shell_Omega=     98.3256 meV
     lambda_tr(   3 )=       0.000000   gamma_tr=       0.000000 meV  omega=     98.3227 meV   on_shell_Omega=     98.3256 meV  off_shell_Omega=     98.3256 meV
     lambda___(   4 )=       0.000000   gamma___=       0.000000 meV  omega=    154.7788 meV   on_shell_Omega=    154.7809 meV  off_shell_Omega=    154.7809 meV
     lambda_tr(   4 )=       0.000000   gamma_tr=       0.000000 meV  omega=    154.7788 meV   on_shell_Omega=    154.7809 meV  off_shell_Omega=    154.7809 meV
     lambda___(   5 )=       0.000000   gamma___=       0.000000 meV  omega=    165.9629 meV   on_shell_Omega=    165.9777 meV  off_shell_Omega=    165.9777 meV
     lambda_tr(   5 )=       0.000000   gamma_tr=       0.000000 meV  omega=    165.9629 meV   on_shell_Omega=    165.9777 meV  off_shell_Omega=    165.9777 meV
     lambda___(   6 )=       0.000000   gamma___=       0.000000 meV  omega=    170.5176 meV   on_shell_Omega=    170.8787 meV  off_shell_Omega=    170.8090 meV
     lambda_tr(   6 )=       0.000000   gamma_tr=       0.000000 meV  omega=    170.5176 meV   on_shell_Omega=    170.8787 meV  off_shell_Omega=    170.8090 meV
     lambda___( tot )=       0.000000
     lambda_tr( tot )=       0.000000
     -------------------------------------------------------------------


     Number of (k,k+q) pairs on the Fermi surface:      324 out of      324


     ismear =     1 iq =     210 coord.:   0.61111  0.61111  0.00000 wt:   0.00309 Temp:  300.000K
     -------------------------------------------------------------------
     lambda___(   1 )=       0.000000   gamma___=       0.000000 meV  omega=     59.3143 meV   on_shell_Omega=     59.3767 meV  off_shell_Omega=     59.3767 meV
     lambda_tr(   1 )=       0.000000   gamma_tr=       0.000000 meV  omega=     59.3143 meV   on_shell_Omega=     59.3767 meV  off_shell_Omega=     59.3767 meV
     lambda___(   2 )=       0.000000   gamma___=       0.000000 meV  omega=     73.3293 meV   on_shell_Omega=     73.3635 meV  off_shell_Omega=     73.3635 meV
     lambda_tr(   2 )=       0.000000   gamma_tr=       0.000000 meV  omega=     73.3293 meV   on_shell_Omega=     73.3635 meV  off_shell_Omega=     73.3635 meV
     lambda___(   3 )=       0.000000   gamma___=       0.000000 meV  omega=    109.9052 meV   on_shell_Omega=    109.9074 meV  off_shell_Omega=    109.9074 meV
     lambda_tr(   3 )=       0.000000   gamma_tr=       0.000000 meV  omega=    109.9052 meV   on_shell_Omega=    109.9074 meV  off_shell_Omega=    109.9074 meV
     lambda___(   4 )=       0.000000   gamma___=       0.000000 meV  omega=    154.3527 meV   on_shell_Omega=    154.3377 meV  off_shell_Omega=    154.3377 meV
     lambda_tr(   4 )=       0.000000   gamma_tr=       0.000000 meV  omega=    154.3527 meV   on_shell_Omega=    154.3377 meV  off_shell_Omega=    154.3377 meV
     lambda___(   5 )=      -0.000000   gamma___=      -0.000000 meV  omega=    159.1018 meV   on_shell_Omega=    159.1615 meV  off_shell_Omega=    159.1615 meV
     lambda_tr(   5 )=      -0.000000   gamma_tr=      -0.000000 meV  omega=    159.1018 meV   on_shell_Omega=    159.1615 meV  off_shell_Omega=    159.1615 meV
     lambda___(   6 )=       0.000000   gamma___=       0.000000 meV  omega=    166.9795 meV   on_shell_Omega=    167.3860 meV  off_shell_Omega=    167.4687 meV
     lambda_tr(   6 )=       0.000000   gamma_tr=       0.000000 meV  omega=    166.9795 meV   on_shell_Omega=    167.3860 meV  off_shell_Omega=    167.4687 meV
     lambda___( tot )=       0.000000
     lambda_tr( tot )=       0.000000
     -------------------------------------------------------------------


     Number of (k,k+q) pairs on the Fermi surface:      324 out of      324


     ismear =     1 iq =     211 coord.:   0.61111  0.66667  0.00000 wt:   0.00309 Temp:  300.000K
     -------------------------------------------------------------------
     lambda___(   1 )=       0.000000   gamma___=       0.000000 meV  omega=     60.4225 meV   on_shell_Omega=     60.4906 meV  off_shell_Omega=     60.4906 meV
     lambda_tr(   1 )=       0.000000   gamma_tr=       0.000000 meV  omega=     60.4225 meV   on_shell_Omega=     60.4906 meV  off_shell_Omega=     60.4906 meV
     lambda___(   2 )=      -0.000000   gamma___=      -0.000000 meV  omega=     71.4038 meV   on_shell_Omega=     71.4415 meV  off_shell_Omega=     71.4415 meV
     lambda_tr(   2 )=      -0.000000   gamma_tr=      -0.000000 meV  omega=     71.4038 meV   on_shell_Omega=     71.4415 meV  off_shell_Omega=     71.4415 meV
     lambda___(   3 )=       0.000000   gamma___=       0.000000 meV  omega=    119.0915 meV   on_shell_Omega=    119.0938 meV  off_shell_Omega=    119.0938 meV
     lambda_tr(   3 )=       0.000000   gamma_tr=       0.000000 meV  omega=    119.0915 meV   on_shell_Omega=    119.0938 meV  off_shell_Omega=    119.0938 meV
     lambda___(   4 )=       0.000000   gamma___=       0.000000 meV  omega=    148.2013 meV   on_shell_Omega=    148.2191 meV  off_shell_Omega=    148.2191 meV
     lambda_tr(   4 )=       0.000000   gamma_tr=       0.000000 meV  omega=    148.2013 meV   on_shell_Omega=    148.2191 meV  off_shell_Omega=    148.2191 meV
     lambda___(   5 )=       0.000000   gamma___=       0.000000 meV  omega=    158.2268 meV   on_shell_Omega=    158.2355 meV  off_shell_Omega=    158.2355 meV
     lambda_tr(   5 )=       0.000000   gamma_tr=       0.000000 meV  omega=    158.2268 meV   on_shell_Omega=    158.2355 meV  off_shell_Omega=    158.2355 meV
     lambda___(   6 )=       0.000000   gamma___=       0.000000 meV  omega=    164.2032 meV   on_shell_Omega=    163.5641 meV  off_shell_Omega=    163.4816 meV
     lambda_tr(   6 )=       0.000000   gamma_tr=       0.000000 meV  omega=    164.2032 meV   on_shell_Omega=    163.5641 meV  off_shell_Omega=    163.4816 meV
     lambda___( tot )=       0.000000
     lambda_tr( tot )=       0.000000
     -------------------------------------------------------------------


     Number of (k,k+q) pairs on the Fermi surface:      324 out of      324


     ismear =     1 iq =     212 coord.:   0.61111  0.72222  0.00000 wt:   0.00309 Temp:  300.000K
     -------------------------------------------------------------------
     lambda___(   1 )=       0.000000   gamma___=       0.000000 meV  omega=     60.4225 meV   on_shell_Omega=     60.4911 meV  off_shell_Omega=     60.4911 meV
     lambda_tr(   1 )=       0.000000   gamma_tr=       0.000000 meV  omega=     60.4225 meV   on_shell_Omega=     60.4911 meV  off_shell_Omega=     60.4911 meV
     lambda___(   2 )=       0.000000   gamma___=       0.000000 meV  omega=     71.4038 meV   on_shell_Omega=     71.4426 meV  off_shell_Omega=     71.4426 meV
     lambda_tr(   2 )=       0.000000   gamma_tr=       0.000000 meV  omega=     71.4038 meV   on_shell_Omega=     71.4426 meV  off_shell_Omega=     71.4426 meV
     lambda___(   3 )=       0.000000   gamma___=       0.000000 meV  omega=    119.0915 meV   on_shell_Omega=    119.0933 meV  off_shell_Omega=    119.0933 meV
     lambda_tr(   3 )=       0.000000   gamma_tr=       0.000000 meV  omega=    119.0915 meV   on_shell_Omega=    119.0933 meV  off_shell_Omega=    119.0933 meV
     lambda___(   4 )=      -0.000000   gamma___=      -0.000000 meV  omega=    148.2013 meV   on_shell_Omega=    148.2220 meV  off_shell_Omega=    148.2220 meV
     lambda_tr(   4 )=      -0.000000   gamma_tr=      -0.000000 meV  omega=    148.2013 meV   on_shell_Omega=    148.2220 meV  off_shell_Omega=    148.2220 meV
     lambda___(   5 )=       0.000000   gamma___=       0.000000 meV  omega=    158.2268 meV   on_shell_Omega=    158.2362 meV  off_shell_Omega=    158.2362 meV
     lambda_tr(   5 )=       0.000000   gamma_tr=       0.000000 meV  omega=    158.2268 meV   on_shell_Omega=    158.2362 meV  off_shell_Omega=    158.2362 meV
     lambda___(   6 )=       0.000000   gamma___=       0.000000 meV  omega=    164.2032 meV   on_shell_Omega=    163.5825 meV  off_shell_Omega=    163.4816 meV
     lambda_tr(   6 )=       0.000000   gamma_tr=       0.000000 meV  omega=    164.2032 meV   on_shell_Omega=    163.5825 meV  off_shell_Omega=    163.4816 meV
     lambda___( tot )=       0.000000
     lambda_tr( tot )=       0.000000
     -------------------------------------------------------------------


     Number of (k,k+q) pairs on the Fermi surface:      324 out of      324


     ismear =     1 iq =     213 coord.:   0.61111  0.77778  0.00000 wt:   0.00309 Temp:  300.000K
     -------------------------------------------------------------------
     lambda___(   1 )=      -0.000000   gamma___=      -0.000000 meV  omega=     59.3143 meV   on_shell_Omega=     59.3787 meV  off_shell_Omega=     59.3787 meV
     lambda_tr(   1 )=      -0.000000   gamma_tr=      -0.000000 meV  omega=     59.3143 meV   on_shell_Omega=     59.3787 meV  off_shell_Omega=     59.3787 meV
     lambda___(   2 )=      -0.000000   gamma___=      -0.000000 meV  omega=     73.3293 meV   on_shell_Omega=     73.3634 meV  off_shell_Omega=     73.3634 meV
     lambda_tr(   2 )=      -0.000000   gamma_tr=      -0.000000 meV  omega=     73.3293 meV   on_shell_Omega=     73.3634 meV  off_shell_Omega=     73.3634 meV
     lambda___(   3 )=      -0.000000   gamma___=      -0.000000 meV  omega=    109.9052 meV   on_shell_Omega=    109.9079 meV  off_shell_Omega=    109.9079 meV
     lambda_tr(   3 )=      -0.000000   gamma_tr=      -0.000000 meV  omega=    109.9052 meV   on_shell_Omega=    109.9079 meV  off_shell_Omega=    109.9079 meV
     lambda___(   4 )=      -0.000000   gamma___=      -0.000000 meV  omega=    154.3527 meV   on_shell_Omega=    154.3385 meV  off_shell_Omega=    154.3385 meV
     lambda_tr(   4 )=      -0.000000   gamma_tr=      -0.000000 meV  omega=    154.3527 meV   on_shell_Omega=    154.3385 meV  off_shell_Omega=    154.3385 meV
     lambda___(   5 )=       0.000000   gamma___=       0.000000 meV  omega=    159.1018 meV   on_shell_Omega=    159.1643 meV  off_shell_Omega=    159.1643 meV
     lambda_tr(   5 )=       0.000000   gamma_tr=       0.000000 meV  omega=    159.1018 meV   on_shell_Omega=    159.1643 meV  off_shell_Omega=    159.1643 meV
     lambda___(   6 )=       0.000000   gamma___=       0.000000 meV  omega=    166.9795 meV   on_shell_Omega=    167.3972 meV  off_shell_Omega=    167.4687 meV
     lambda_tr(   6 )=       0.000000   gamma_tr=       0.000000 meV  omega=    166.9795 meV   on_shell_Omega=    167.3972 meV  off_shell_Omega=    167.4687 meV
     lambda___( tot )=       0.000000
     lambda_tr( tot )=       0.000000
     -------------------------------------------------------------------


     Number of (k,k+q) pairs on the Fermi surface:      324 out of      324


     ismear =     1 iq =     214 coord.:   0.61111  0.83333  0.00000 wt:   0.00309 Temp:  300.000K
     -------------------------------------------------------------------
     lambda___(   1 )=       0.000000   gamma___=       0.000000 meV  omega=     56.9418 meV   on_shell_Omega=     56.9972 meV  off_shell_Omega=     56.9972 meV
     lambda_tr(   1 )=       0.000000   gamma_tr=       0.000000 meV  omega=     56.9418 meV   on_shell_Omega=     56.9972 meV  off_shell_Omega=     56.9972 meV
     lambda___(   2 )=       0.000000   gamma___=       0.000000 meV  omega=     76.7850 meV   on_shell_Omega=     76.8181 meV  off_shell_Omega=     76.8181 meV
     lambda_tr(   2 )=       0.000000   gamma_tr=       0.000000 meV  omega=     76.7850 meV   on_shell_Omega=     76.8181 meV  off_shell_Omega=     76.8181 meV
     lambda___(   3 )=       0.000000   gamma___=       0.000000 meV  omega=     98.3227 meV   on_shell_Omega=     98.3255 meV  off_shell_Omega=     98.3255 meV
     lambda_tr(   3 )=       0.000000   gamma_tr=       0.000000 meV  omega=     98.3227 meV   on_shell_Omega=     98.3255 meV  off_shell_Omega=     98.3255 meV
     lambda___(   4 )=       0.000000   gamma___=       0.000000 meV  omega=    154.7788 meV   on_shell_Omega=    154.7805 meV  off_shell_Omega=    154.7805 meV
     lambda_tr(   4 )=       0.000000   gamma_tr=       0.000000 meV  omega=    154.7788 meV   on_shell_Omega=    154.7805 meV  off_shell_Omega=    154.7805 meV
     lambda___(   5 )=       0.000000   gamma___=       0.000000 meV  omega=    165.9629 meV   on_shell_Omega=    165.9781 meV  off_shell_Omega=    165.9781 meV
     lambda_tr(   5 )=       0.000000   gamma_tr=       0.000000 meV  omega=    165.9629 meV   on_shell_Omega=    165.9781 meV  off_shell_Omega=    165.9781 meV
     lambda___(   6 )=       0.000000   gamma___=       0.000000 meV  omega=    170.5176 meV   on_shell_Omega=    170.8852 meV  off_shell_Omega=    171.0171 meV
     lambda_tr(   6 )=       0.000000   gamma_tr=       0.000000 meV  omega=    170.5176 meV   on_shell_Omega=    170.8852 meV  off_shell_Omega=    171.0171 meV
     lambda___( tot )=       0.000000
     lambda_tr( tot )=       0.000000
     -------------------------------------------------------------------


     Number of (k,k+q) pairs on the Fermi surface:      324 out of      324


     ismear =     1 iq =     215 coord.:   0.61111  0.88889  0.00000 wt:   0.00309 Temp:  300.000K
     -------------------------------------------------------------------
     lambda___(   1 )=       0.000000   gamma___=       0.000000 meV  omega=     53.3673 meV   on_shell_Omega=     53.3925 meV  off_shell_Omega=     53.3925 meV
     lambda_tr(   1 )=      -0.000000   gamma_tr=      -0.000000 meV  omega=     53.3673 meV   on_shell_Omega=     53.3925 meV  off_shell_Omega=     53.3925 meV
     lambda___(   2 )=       0.000000   gamma___=       0.000000 meV  omega=     80.9972 meV   on_shell_Omega=     81.0319 meV  off_shell_Omega=     81.0319 meV
     lambda_tr(   2 )=      -0.000000   gamma_tr=      -0.000000 meV  omega=     80.9972 meV   on_shell_Omega=     81.0319 meV  off_shell_Omega=     81.0319 meV
     lambda___(   3 )=       0.000000   gamma___=       0.000000 meV  omega=     87.2543 meV   on_shell_Omega=     87.2587 meV  off_shell_Omega=     87.2587 meV
     lambda_tr(   3 )=      -0.000000   gamma_tr=      -0.000000 meV  omega=     87.2543 meV   on_shell_Omega=     87.2587 meV  off_shell_Omega=     87.2587 meV
     lambda___(   4 )=       0.000000   gamma___=       0.000000 meV  omega=    152.1446 meV   on_shell_Omega=    152.1532 meV  off_shell_Omega=    152.1532 meV
     lambda_tr(   4 )=      -0.000000   gamma_tr=      -0.000000 meV  omega=    152.1446 meV   on_shell_Omega=    152.1532 meV  off_shell_Omega=    152.1532 meV
     lambda___(   5 )=       0.000000   gamma___=       0.000000 meV  omega=    172.6888 meV   on_shell_Omega=    172.7851 meV  off_shell_Omega=    172.7851 meV
     lambda_tr(   5 )=      -0.000000   gamma_tr=      -0.000000 meV  omega=    172.6888 meV   on_shell_Omega=    172.7851 meV  off_shell_Omega=    172.7851 meV
     lambda___(   6 )=       0.000000   gamma___=       0.000000 meV  omega=    174.0195 meV   on_shell_Omega=    174.1761 meV  off_shell_Omega=    174.1044 meV
     lambda_tr(   6 )=      -0.000000   gamma_tr=      -0.000000 meV  omega=    174.0195 meV   on_shell_Omega=    174.1761 meV  off_shell_Omega=    174.1044 meV
     lambda___( tot )=       0.000000
     lambda_tr( tot )=      -0.000000
     -------------------------------------------------------------------


     Number of (k,k+q) pairs on the Fermi surface:      324 out of      324


     ismear =     1 iq =     216 coord.:   0.61111  0.94444  0.00000 wt:   0.00309 Temp:  300.000K
     -------------------------------------------------------------------
     lambda___(   1 )=       0.000000   gamma___=       0.000000 meV  omega=     48.7905 meV   on_shell_Omega=     48.7904 meV  off_shell_Omega=     48.7904 meV
     lambda_tr(   1 )=      -0.000000   gamma_tr=      -0.000000 meV  omega=     48.7905 meV   on_shell_Omega=     48.7904 meV  off_shell_Omega=     48.7904 meV
     lambda___(   2 )=       0.000000   gamma___=       0.000000 meV  omega=     78.5437 meV   on_shell_Omega=     78.5472 meV  off_shell_Omega=     78.5472 meV
     lambda_tr(   2 )=      -0.000000   gamma_tr=      -0.000000 meV  omega=     78.5437 meV   on_shell_Omega=     78.5472 meV  off_shell_Omega=     78.5472 meV
     lambda___(   3 )=       0.000000   gamma___=       0.000000 meV  omega=     85.2558 meV   on_shell_Omega=     85.2797 meV  off_shell_Omega=     85.2797 meV
     lambda_tr(   3 )=      -0.000000   gamma_tr=      -0.000000 meV  omega=     85.2558 meV   on_shell_Omega=     85.2797 meV  off_shell_Omega=     85.2797 meV
     lambda___(   4 )=       0.000000   gamma___=       0.000000 meV  omega=    147.4470 meV   on_shell_Omega=    147.4643 meV  off_shell_Omega=    147.4643 meV
     lambda_tr(   4 )=      -0.000000   gamma_tr=      -0.000000 meV  omega=    147.4470 meV   on_shell_Omega=    147.4643 meV  off_shell_Omega=    147.4643 meV
     lambda___(   5 )=       0.000000   gamma___=       0.000000 meV  omega=    174.6874 meV   on_shell_Omega=    174.8431 meV  off_shell_Omega=    174.7727 meV
     lambda_tr(   5 )=      -0.000000   gamma_tr=      -0.000000 meV  omega=    174.6874 meV   on_shell_Omega=    174.8431 meV  off_shell_Omega=    174.7727 meV
     lambda___(   6 )=       0.000000   gamma___=       0.000000 meV  omega=    180.0478 meV   on_shell_Omega=    180.1008 meV  off_shell_Omega=    180.1008 meV
     lambda_tr(   6 )=      -0.000000   gamma_tr=      -0.000000 meV  omega=    180.0478 meV   on_shell_Omega=    180.1008 meV  off_shell_Omega=    180.1008 meV
     lambda___( tot )=       0.000000
     lambda_tr( tot )=      -0.000000
     -------------------------------------------------------------------


     Number of (k,k+q) pairs on the Fermi surface:      324 out of      324


     ismear =     1 iq =     217 coord.:   0.66667  0.00000  0.00000 wt:   0.00309 Temp:  300.000K
     -------------------------------------------------------------------
     lambda___(   1 )=       0.000000   gamma___=       0.000000 meV  omega=     33.2149 meV   on_shell_Omega=     33.2102 meV  off_shell_Omega=     33.2102 meV
     lambda_tr(   1 )=       0.000000   gamma_tr=       0.000000 meV  omega=     33.2149 meV   on_shell_Omega=     33.2102 meV  off_shell_Omega=     33.2102 meV
     lambda___(   2 )=       0.000000   gamma___=       0.000000 meV  omega=     68.9215 meV   on_shell_Omega=     68.9218 meV  off_shell_Omega=     68.9218 meV
     lambda_tr(   2 )=       0.000000   gamma_tr=       0.000000 meV  omega=     68.9215 meV   on_shell_Omega=     68.9218 meV  off_shell_Omega=     68.9218 meV
     lambda___(   3 )=       0.000000   gamma___=       0.000000 meV  omega=     95.1973 meV   on_shell_Omega=     95.2078 meV  off_shell_Omega=     95.2078 meV
     lambda_tr(   3 )=       0.000000   gamma_tr=       0.000000 meV  omega=     95.1973 meV   on_shell_Omega=     95.2078 meV  off_shell_Omega=     95.2078 meV
     lambda___(   4 )=       0.000000   gamma___=       0.000000 meV  omega=    124.9297 meV   on_shell_Omega=    124.9522 meV  off_shell_Omega=    124.9522 meV
     lambda_tr(   4 )=       0.000000   gamma_tr=       0.000000 meV  omega=    124.9297 meV   on_shell_Omega=    124.9522 meV  off_shell_Omega=    124.9522 meV
     lambda___(   5 )=       0.000000   gamma___=       0.000000 meV  omega=    178.1805 meV   on_shell_Omega=    178.3390 meV  off_shell_Omega=    178.2675 meV
     lambda_tr(   5 )=       0.000000   gamma_tr=       0.000000 meV  omega=    178.1805 meV   on_shell_Omega=    178.3390 meV  off_shell_Omega=    178.2675 meV
     lambda___(   6 )=       0.000000   gamma___=       0.000000 meV  omega=    191.2842 meV   on_shell_Omega=    191.3870 meV  off_shell_Omega=    191.3870 meV
     lambda_tr(   6 )=       0.000000   gamma_tr=       0.000000 meV  omega=    191.2842 meV   on_shell_Omega=    191.3870 meV  off_shell_Omega=    191.3870 meV
     lambda___( tot )=       0.000000
     lambda_tr( tot )=       0.000000
     -------------------------------------------------------------------


     Number of (k,k+q) pairs on the Fermi surface:      324 out of      324


     ismear =     1 iq =     218 coord.:   0.66667  0.05556  0.00000 wt:   0.00309 Temp:  300.000K
     -------------------------------------------------------------------
     lambda___(   1 )=       0.000000   gamma___=       0.000000 meV  omega=     28.4523 meV   on_shell_Omega=     28.4466 meV  off_shell_Omega=     28.4466 meV
     lambda_tr(   1 )=       0.000000   gamma_tr=       0.000000 meV  omega=     28.4523 meV   on_shell_Omega=     28.4466 meV  off_shell_Omega=     28.4466 meV
     lambda___(   2 )=       0.000000   gamma___=       0.000000 meV  omega=     68.4553 meV   on_shell_Omega=     68.4604 meV  off_shell_Omega=     68.4604 meV
     lambda_tr(   2 )=       0.000000   gamma_tr=       0.000000 meV  omega=     68.4553 meV   on_shell_Omega=     68.4604 meV  off_shell_Omega=     68.4604 meV
     lambda___(   3 )=       0.000000   gamma___=       0.000000 meV  omega=     97.4926 meV   on_shell_Omega=     97.5016 meV  off_shell_Omega=     97.5016 meV
     lambda_tr(   3 )=       0.000000   gamma_tr=       0.000000 meV  omega=     97.4926 meV   on_shell_Omega=     97.5016 meV  off_shell_Omega=     97.5016 meV
     lambda___(   4 )=       0.000000   gamma___=       0.000000 meV  omega=    116.0716 meV   on_shell_Omega=    116.0918 meV  off_shell_Omega=    116.0918 meV
     lambda_tr(   4 )=       0.000000   gamma_tr=       0.000000 meV  omega=    116.0716 meV   on_shell_Omega=    116.0918 meV  off_shell_Omega=    116.0918 meV
     lambda___(   5 )=       0.000000   gamma___=       0.000000 meV  omega=    179.0096 meV   on_shell_Omega=    179.1844 meV  off_shell_Omega=    179.0970 meV
     lambda_tr(   5 )=       0.000000   gamma_tr=       0.000000 meV  omega=    179.0096 meV   on_shell_Omega=    179.1844 meV  off_shell_Omega=    179.0970 meV
     lambda___(   6 )=       0.000000   gamma___=       0.000000 meV  omega=    193.4120 meV   on_shell_Omega=    193.5340 meV  off_shell_Omega=    193.5340 meV
     lambda_tr(   6 )=       0.000000   gamma_tr=       0.000000 meV  omega=    193.4120 meV   on_shell_Omega=    193.5340 meV  off_shell_Omega=    193.5340 meV
     lambda___( tot )=       0.000000
     lambda_tr( tot )=       0.000000
     -------------------------------------------------------------------


     Number of (k,k+q) pairs on the Fermi surface:      324 out of      324


     ismear =     1 iq =     219 coord.:   0.66667  0.11111  0.00000 wt:   0.00309 Temp:  300.000K
     -------------------------------------------------------------------
     lambda___(   1 )=       0.000000   gamma___=       0.000000 meV  omega=     25.3729 meV   on_shell_Omega=     25.3646 meV  off_shell_Omega=     25.3646 meV
     lambda_tr(   1 )=       0.000000   gamma_tr=       0.000000 meV  omega=     25.3729 meV   on_shell_Omega=     25.3646 meV  off_shell_Omega=     25.3646 meV
     lambda___(   2 )=       0.000000   gamma___=       0.000000 meV  omega=     71.9205 meV   on_shell_Omega=     71.9471 meV  off_shell_Omega=     71.9471 meV
     lambda_tr(   2 )=       0.000000   gamma_tr=       0.000000 meV  omega=     71.9205 meV   on_shell_Omega=     71.9471 meV  off_shell_Omega=     71.9471 meV
     lambda___(   3 )=       0.000000   gamma___=       0.000000 meV  omega=     98.7629 meV   on_shell_Omega=     98.7722 meV  off_shell_Omega=     98.7722 meV
     lambda_tr(   3 )=       0.000000   gamma_tr=       0.000000 meV  omega=     98.7629 meV   on_shell_Omega=     98.7722 meV  off_shell_Omega=     98.7722 meV
     lambda___(   4 )=       0.000000   gamma___=       0.000000 meV  omega=    108.0789 meV   on_shell_Omega=    108.0947 meV  off_shell_Omega=    108.0947 meV
     lambda_tr(   4 )=       0.000000   gamma_tr=       0.000000 meV  omega=    108.0789 meV   on_shell_Omega=    108.0947 meV  off_shell_Omega=    108.0947 meV
     lambda___(   5 )=       0.000000   gamma___=       0.000000 meV  omega=    178.9819 meV   on_shell_Omega=    179.2126 meV  off_shell_Omega=    179.2877 meV
     lambda_tr(   5 )=       0.000000   gamma_tr=       0.000000 meV  omega=    178.9819 meV   on_shell_Omega=    179.2126 meV  off_shell_Omega=    179.2877 meV
     lambda___(   6 )=       0.000000   gamma___=       0.000000 meV  omega=    194.0708 meV   on_shell_Omega=    194.2103 meV  off_shell_Omega=    194.1655 meV
     lambda_tr(   6 )=       0.000000   gamma_tr=       0.000000 meV  omega=    194.0708 meV   on_shell_Omega=    194.2103 meV  off_shell_Omega=    194.1655 meV
     lambda___( tot )=       0.000000
     lambda_tr( tot )=       0.000000
     -------------------------------------------------------------------


     Number of (k,k+q) pairs on the Fermi surface:      324 out of      324


     ismear =     1 iq =     220 coord.:   0.66667  0.16667  0.00000 wt:   0.00309 Temp:  300.000K
     -------------------------------------------------------------------
     lambda___(   1 )=       0.000000   gamma___=       0.000000 meV  omega=     24.3505 meV   on_shell_Omega=     24.3414 meV  off_shell_Omega=     24.3414 meV
     lambda_tr(   1 )=       0.000000   gamma_tr=       0.000000 meV  omega=     24.3505 meV   on_shell_Omega=     24.3414 meV  off_shell_Omega=     24.3414 meV
     lambda___(   2 )=       0.000000   gamma___=       0.000000 meV  omega=     74.4015 meV   on_shell_Omega=     74.4574 meV  off_shell_Omega=     74.4574 meV
     lambda_tr(   2 )=       0.000000   gamma_tr=       0.000000 meV  omega=     74.4015 meV   on_shell_Omega=     74.4574 meV  off_shell_Omega=     74.4574 meV
     lambda___(   3 )=       0.000000   gamma___=       0.000000 meV  omega=     99.1544 meV   on_shell_Omega=     99.1634 meV  off_shell_Omega=     99.1634 meV
     lambda_tr(   3 )=       0.000000   gamma_tr=       0.000000 meV  omega=     99.1544 meV   on_shell_Omega=     99.1634 meV  off_shell_Omega=     99.1634 meV
     lambda___(   4 )=       0.000000   gamma___=       0.000000 meV  omega=    104.3973 meV   on_shell_Omega=    104.3971 meV  off_shell_Omega=    104.3971 meV
     lambda_tr(   4 )=       0.000000   gamma_tr=       0.000000 meV  omega=    104.3973 meV   on_shell_Omega=    104.3971 meV  off_shell_Omega=    104.3971 meV
     lambda___(   5 )=       0.000000   gamma___=       0.000000 meV  omega=    178.8158 meV   on_shell_Omega=    179.0859 meV  off_shell_Omega=    179.1214 meV
     lambda_tr(   5 )=       0.000000   gamma_tr=       0.000000 meV  omega=    178.8158 meV   on_shell_Omega=    179.0859 meV  off_shell_Omega=    179.1214 meV
     lambda___(   6 )=       0.000000   gamma___=       0.000000 meV  omega=    194.1238 meV   on_shell_Omega=    194.2638 meV  off_shell_Omega=    194.2186 meV
     lambda_tr(   6 )=       0.000000   gamma_tr=       0.000000 meV  omega=    194.1238 meV   on_shell_Omega=    194.2638 meV  off_shell_Omega=    194.2186 meV
     lambda___( tot )=       0.000000
     lambda_tr( tot )=       0.000000
     -------------------------------------------------------------------


     Number of (k,k+q) pairs on the Fermi surface:      324 out of      324


     ismear =     1 iq =     221 coord.:   0.66667  0.22222  0.00000 wt:   0.00309 Temp:  300.000K
     -------------------------------------------------------------------
     lambda___(   1 )=       0.000000   gamma___=       0.000000 meV  omega=     25.3729 meV   on_shell_Omega=     25.3654 meV  off_shell_Omega=     25.3654 meV
     lambda_tr(   1 )=       0.000000   gamma_tr=       0.000000 meV  omega=     25.3729 meV   on_shell_Omega=     25.3654 meV  off_shell_Omega=     25.3654 meV
     lambda___(   2 )=       0.000000   gamma___=       0.000000 meV  omega=     71.9205 meV   on_shell_Omega=     71.9471 meV  off_shell_Omega=     71.9471 meV
     lambda_tr(   2 )=       0.000000   gamma_tr=       0.000000 meV  omega=     71.9205 meV   on_shell_Omega=     71.9471 meV  off_shell_Omega=     71.9471 meV
     lambda___(   3 )=       0.000000   gamma___=       0.000000 meV  omega=     98.7629 meV   on_shell_Omega=     98.7718 meV  off_shell_Omega=     98.7718 meV
     lambda_tr(   3 )=       0.000000   gamma_tr=       0.000000 meV  omega=     98.7629 meV   on_shell_Omega=     98.7718 meV  off_shell_Omega=     98.7718 meV
     lambda___(   4 )=       0.000000   gamma___=       0.000000 meV  omega=    108.0789 meV   on_shell_Omega=    108.0956 meV  off_shell_Omega=    108.0956 meV
     lambda_tr(   4 )=       0.000000   gamma_tr=       0.000000 meV  omega=    108.0789 meV   on_shell_Omega=    108.0956 meV  off_shell_Omega=    108.0956 meV
     lambda___(   5 )=       0.000000   gamma___=       0.000000 meV  omega=    178.9819 meV   on_shell_Omega=    179.2172 meV  off_shell_Omega=    179.2877 meV
     lambda_tr(   5 )=       0.000000   gamma_tr=       0.000000 meV  omega=    178.9819 meV   on_shell_Omega=    179.2172 meV  off_shell_Omega=    179.2877 meV
     lambda___(   6 )=       0.000000   gamma___=       0.000000 meV  omega=    194.0708 meV   on_shell_Omega=    194.2102 meV  off_shell_Omega=    194.1655 meV
     lambda_tr(   6 )=       0.000000   gamma_tr=       0.000000 meV  omega=    194.0708 meV   on_shell_Omega=    194.2102 meV  off_shell_Omega=    194.1655 meV
     lambda___( tot )=       0.000000
     lambda_tr( tot )=       0.000000
     -------------------------------------------------------------------


     Number of (k,k+q) pairs on the Fermi surface:      324 out of      324


     ismear =     1 iq =     222 coord.:   0.66667  0.27778  0.00000 wt:   0.00309 Temp:  300.000K
     -------------------------------------------------------------------
     lambda___(   1 )=       0.000000   gamma___=       0.000000 meV  omega=     28.4523 meV   on_shell_Omega=     28.4479 meV  off_shell_Omega=     28.4479 meV
     lambda_tr(   1 )=       0.000000   gamma_tr=       0.000000 meV  omega=     28.4523 meV   on_shell_Omega=     28.4479 meV  off_shell_Omega=     28.4479 meV
     lambda___(   2 )=       0.000000   gamma___=       0.000000 meV  omega=     68.4553 meV   on_shell_Omega=     68.4601 meV  off_shell_Omega=     68.4601 meV
     lambda_tr(   2 )=       0.000000   gamma_tr=       0.000000 meV  omega=     68.4553 meV   on_shell_Omega=     68.4601 meV  off_shell_Omega=     68.4601 meV
     lambda___(   3 )=       0.000000   gamma___=       0.000000 meV  omega=     97.4926 meV   on_shell_Omega=     97.5013 meV  off_shell_Omega=     97.5013 meV
     lambda_tr(   3 )=       0.000000   gamma_tr=       0.000000 meV  omega=     97.4926 meV   on_shell_Omega=     97.5013 meV  off_shell_Omega=     97.5013 meV
     lambda___(   4 )=       0.000000   gamma___=       0.000000 meV  omega=    116.0716 meV   on_shell_Omega=    116.0920 meV  off_shell_Omega=    116.0920 meV
     lambda_tr(   4 )=       0.000000   gamma_tr=       0.000000 meV  omega=    116.0716 meV   on_shell_Omega=    116.0920 meV  off_shell_Omega=    116.0920 meV
     lambda___(   5 )=       0.000000   gamma___=       0.000000 meV  omega=    179.0096 meV   on_shell_Omega=    179.1845 meV  off_shell_Omega=    179.0970 meV
     lambda_tr(   5 )=       0.000000   gamma_tr=       0.000000 meV  omega=    179.0096 meV   on_shell_Omega=    179.1845 meV  off_shell_Omega=    179.0970 meV
     lambda___(   6 )=       0.000000   gamma___=       0.000000 meV  omega=    193.4120 meV   on_shell_Omega=    193.5329 meV  off_shell_Omega=    193.5329 meV
     lambda_tr(   6 )=       0.000000   gamma_tr=       0.000000 meV  omega=    193.4120 meV   on_shell_Omega=    193.5329 meV  off_shell_Omega=    193.5329 meV
     lambda___( tot )=       0.000000
     lambda_tr( tot )=       0.000000
     -------------------------------------------------------------------


     Number of (k,k+q) pairs on the Fermi surface:      324 out of      324


     ismear =     1 iq =     223 coord.:   0.66667  0.33333  0.00000 wt:   0.00309 Temp:  300.000K
     -------------------------------------------------------------------
     lambda___(   1 )=       0.000000   gamma___=       0.000000 meV  omega=     33.2149 meV   on_shell_Omega=     33.2104 meV  off_shell_Omega=     33.2104 meV
     lambda_tr(   1 )=       0.000000   gamma_tr=       0.000000 meV  omega=     33.2149 meV   on_shell_Omega=     33.2104 meV  off_shell_Omega=     33.2104 meV
     lambda___(   2 )=       0.000000   gamma___=       0.000000 meV  omega=     68.9215 meV   on_shell_Omega=     68.9219 meV  off_shell_Omega=     68.9219 meV
     lambda_tr(   2 )=       0.000000   gamma_tr=       0.000000 meV  omega=     68.9215 meV   on_shell_Omega=     68.9219 meV  off_shell_Omega=     68.9219 meV
     lambda___(   3 )=       0.000000   gamma___=       0.000000 meV  omega=     95.1973 meV   on_shell_Omega=     95.2077 meV  off_shell_Omega=     95.2077 meV
     lambda_tr(   3 )=       0.000000   gamma_tr=       0.000000 meV  omega=     95.1973 meV   on_shell_Omega=     95.2077 meV  off_shell_Omega=     95.2077 meV
     lambda___(   4 )=       0.000000   gamma___=       0.000000 meV  omega=    124.9297 meV   on_shell_Omega=    124.9525 meV  off_shell_Omega=    124.9525 meV
     lambda_tr(   4 )=       0.000000   gamma_tr=       0.000000 meV  omega=    124.9297 meV   on_shell_Omega=    124.9525 meV  off_shell_Omega=    124.9525 meV
     lambda___(   5 )=       0.000000   gamma___=       0.000000 meV  omega=    178.1805 meV   on_shell_Omega=    178.3375 meV  off_shell_Omega=    178.2675 meV
     lambda_tr(   5 )=       0.000000   gamma_tr=       0.000000 meV  omega=    178.1805 meV   on_shell_Omega=    178.3375 meV  off_shell_Omega=    178.2675 meV
     lambda___(   6 )=       0.000000   gamma___=       0.000000 meV  omega=    191.2842 meV   on_shell_Omega=    191.3864 meV  off_shell_Omega=    191.3864 meV
     lambda_tr(   6 )=       0.000000   gamma_tr=       0.000000 meV  omega=    191.2842 meV   on_shell_Omega=    191.3864 meV  off_shell_Omega=    191.3864 meV
     lambda___( tot )=       0.000000
     lambda_tr( tot )=       0.000000
     -------------------------------------------------------------------


     Number of (k,k+q) pairs on the Fermi surface:      324 out of      324


     ismear =     1 iq =     224 coord.:   0.66667  0.38889  0.00000 wt:   0.00309 Temp:  300.000K
     -------------------------------------------------------------------
     lambda___(   1 )=       0.000000   gamma___=       0.000000 meV  omega=     38.7741 meV   on_shell_Omega=     38.7726 meV  off_shell_Omega=     38.7726 meV
     lambda_tr(   1 )=      -0.000000   gamma_tr=      -0.000000 meV  omega=     38.7741 meV   on_shell_Omega=     38.7726 meV  off_shell_Omega=     38.7726 meV
     lambda___(   2 )=       0.000000   gamma___=       0.000000 meV  omega=     74.7172 meV   on_shell_Omega=     74.7217 meV  off_shell_Omega=     74.7217 meV
     lambda_tr(   2 )=      -0.000000   gamma_tr=      -0.000000 meV  omega=     74.7172 meV   on_shell_Omega=     74.7217 meV  off_shell_Omega=     74.7217 meV
     lambda___(   3 )=       0.000000   gamma___=       0.000000 meV  omega=     91.8825 meV   on_shell_Omega=     91.9013 meV  off_shell_Omega=     91.9013 meV
     lambda_tr(   3 )=      -0.000000   gamma_tr=      -0.000000 meV  omega=     91.8825 meV   on_shell_Omega=     91.9013 meV  off_shell_Omega=     91.9013 meV
     lambda___(   4 )=       0.000000   gamma___=       0.000000 meV  omega=    132.8700 meV   on_shell_Omega=    132.8879 meV  off_shell_Omega=    132.8879 meV
     lambda_tr(   4 )=      -0.000000   gamma_tr=      -0.000000 meV  omega=    132.8700 meV   on_shell_Omega=    132.8879 meV  off_shell_Omega=    132.8879 meV
     lambda___(   5 )=       0.000000   gamma___=       0.000000 meV  omega=    176.4916 meV   on_shell_Omega=    176.6502 meV  off_shell_Omega=    176.5778 meV
     lambda_tr(   5 )=      -0.000000   gamma_tr=      -0.000000 meV  omega=    176.4916 meV   on_shell_Omega=    176.6502 meV  off_shell_Omega=    176.5778 meV
     lambda___(   6 )=       0.000000   gamma___=       0.000000 meV  omega=    187.3894 meV   on_shell_Omega=    187.4632 meV  off_shell_Omega=    187.4632 meV
     lambda_tr(   6 )=      -0.000000   gamma_tr=      -0.000000 meV  omega=    187.3894 meV   on_shell_Omega=    187.4632 meV  off_shell_Omega=    187.4632 meV
     lambda___( tot )=       0.000000
     lambda_tr( tot )=      -0.000000
     -------------------------------------------------------------------


     Number of (k,k+q) pairs on the Fermi surface:      324 out of      324


     ismear =     1 iq =     225 coord.:   0.66667  0.44444  0.00000 wt:   0.00309 Temp:  300.000K
     -------------------------------------------------------------------
     lambda___(   1 )=       0.000000   gamma___=       0.000000 meV  omega=     44.3551 meV   on_shell_Omega=     44.3768 meV  off_shell_Omega=     44.3768 meV
     lambda_tr(   1 )=      -0.000000   gamma_tr=      -0.000000 meV  omega=     44.3551 meV   on_shell_Omega=     44.3768 meV  off_shell_Omega=     44.3768 meV
     lambda___(   2 )=       0.000000   gamma___=       0.000000 meV  omega=     84.5151 meV   on_shell_Omega=     84.5233 meV  off_shell_Omega=     84.5233 meV
     lambda_tr(   2 )=      -0.000000   gamma_tr=      -0.000000 meV  omega=     84.5151 meV   on_shell_Omega=     84.5233 meV  off_shell_Omega=     84.5233 meV
     lambda___(   3 )=       0.000000   gamma___=       0.000000 meV  omega=     87.6941 meV   on_shell_Omega=     87.7243 meV  off_shell_Omega=     87.7243 meV
     lambda_tr(   3 )=      -0.000000   gamma_tr=      -0.000000 meV  omega=     87.6941 meV   on_shell_Omega=     87.7243 meV  off_shell_Omega=     87.7243 meV
     lambda___(   4 )=       0.000000   gamma___=       0.000000 meV  omega=    138.9034 meV   on_shell_Omega=    138.9170 meV  off_shell_Omega=    138.9170 meV
     lambda_tr(   4 )=      -0.000000   gamma_tr=      -0.000000 meV  omega=    138.9034 meV   on_shell_Omega=    138.9170 meV  off_shell_Omega=    138.9170 meV
     lambda___(   5 )=       0.000000   gamma___=       0.000000 meV  omega=    174.3755 meV   on_shell_Omega=    174.5905 meV  off_shell_Omega=    174.4607 meV
     lambda_tr(   5 )=       0.000000   gamma_tr=       0.000000 meV  omega=    174.3755 meV   on_shell_Omega=    174.5905 meV  off_shell_Omega=    174.4607 meV
     lambda___(   6 )=       0.000000   gamma___=       0.000000 meV  omega=    181.9727 meV   on_shell_Omega=    182.0250 meV  off_shell_Omega=    182.0250 meV
     lambda_tr(   6 )=      -0.000000   gamma_tr=      -0.000000 meV  omega=    181.9727 meV   on_shell_Omega=    182.0250 meV  off_shell_Omega=    182.0250 meV
     lambda___( tot )=       0.000000
     lambda_tr( tot )=       0.000000
     -------------------------------------------------------------------


     Number of (k,k+q) pairs on the Fermi surface:      324 out of      324


     ismear =     1 iq =     226 coord.:   0.66667  0.50000  0.00000 wt:   0.00309 Temp:  300.000K
     -------------------------------------------------------------------
     lambda___(   1 )=       0.000000   gamma___=       0.000000 meV  omega=     49.6959 meV   on_shell_Omega=     49.7466 meV  off_shell_Omega=     49.7466 meV
     lambda_tr(   1 )=       0.000000   gamma_tr=       0.000000 meV  omega=     49.6959 meV   on_shell_Omega=     49.7466 meV  off_shell_Omega=     49.7466 meV
     lambda___(   2 )=       0.000000   gamma___=       0.000000 meV  omega=     82.7890 meV   on_shell_Omega=     82.8231 meV  off_shell_Omega=     82.8231 meV
     lambda_tr(   2 )=       0.000000   gamma_tr=       0.000000 meV  omega=     82.7890 meV   on_shell_Omega=     82.8231 meV  off_shell_Omega=     82.8231 meV
     lambda___(   3 )=       0.000000   gamma___=       0.000000 meV  omega=     96.3073 meV   on_shell_Omega=     96.3173 meV  off_shell_Omega=     96.3173 meV
     lambda_tr(   3 )=       0.000000   gamma_tr=       0.000000 meV  omega=     96.3073 meV   on_shell_Omega=     96.3173 meV  off_shell_Omega=     96.3173 meV
     lambda___(   4 )=       0.000000   gamma___=       0.000000 meV  omega=    142.9779 meV   on_shell_Omega=    142.9940 meV  off_shell_Omega=    142.9940 meV
     lambda_tr(   4 )=       0.000000   gamma_tr=       0.000000 meV  omega=    142.9779 meV   on_shell_Omega=    142.9940 meV  off_shell_Omega=    142.9940 meV
     lambda___(   5 )=       0.000000   gamma___=       0.000000 meV  omega=    171.6789 meV   on_shell_Omega=    171.9612 meV  off_shell_Omega=    171.9723 meV
     lambda_tr(   5 )=       0.000000   gamma_tr=       0.000000 meV  omega=    171.6789 meV   on_shell_Omega=    171.9612 meV  off_shell_Omega=    171.9723 meV
     lambda___(   6 )=       0.000000   gamma___=       0.000000 meV  omega=    175.2104 meV   on_shell_Omega=    175.2732 meV  off_shell_Omega=    175.2732 meV
     lambda_tr(   6 )=       0.000000   gamma_tr=       0.000000 meV  omega=    175.2104 meV   on_shell_Omega=    175.2732 meV  off_shell_Omega=    175.2732 meV
     lambda___( tot )=       0.000000
     lambda_tr( tot )=       0.000000
     -------------------------------------------------------------------


     Number of (k,k+q) pairs on the Fermi surface:      324 out of      324


     ismear =     1 iq =     227 coord.:   0.66667  0.55556  0.00000 wt:   0.00309 Temp:  300.000K
     -------------------------------------------------------------------
     lambda___(   1 )=       0.000000   gamma___=       0.000000 meV  omega=     54.9183 meV   on_shell_Omega=     54.9818 meV  off_shell_Omega=     54.9818 meV
     lambda_tr(   1 )=       0.000000   gamma_tr=       0.000000 meV  omega=     54.9183 meV   on_shell_Omega=     54.9818 meV  off_shell_Omega=     54.9818 meV
     lambda___(   2 )=       0.000000   gamma___=       0.000000 meV  omega=     77.3279 meV   on_shell_Omega=     77.3678 meV  off_shell_Omega=     77.3678 meV
     lambda_tr(   2 )=       0.000000   gamma_tr=       0.000000 meV  omega=     77.3279 meV   on_shell_Omega=     77.3678 meV  off_shell_Omega=     77.3678 meV
     lambda___(   3 )=       0.000000   gamma___=       0.000000 meV  omega=    108.3925 meV   on_shell_Omega=    108.4046 meV  off_shell_Omega=    108.4046 meV
     lambda_tr(   3 )=       0.000000   gamma_tr=       0.000000 meV  omega=    108.3925 meV   on_shell_Omega=    108.4046 meV  off_shell_Omega=    108.4046 meV
     lambda___(   4 )=      -0.000000   gamma___=      -0.000000 meV  omega=    145.7825 meV   on_shell_Omega=    145.8016 meV  off_shell_Omega=    145.8016 meV
     lambda_tr(   4 )=      -0.000000   gamma_tr=      -0.000000 meV  omega=    145.7825 meV   on_shell_Omega=    145.8016 meV  off_shell_Omega=    145.8016 meV
     lambda___(   5 )=       0.000000   gamma___=       0.000000 meV  omega=    166.9258 meV   on_shell_Omega=    166.9448 meV  off_shell_Omega=    166.9448 meV
     lambda_tr(   5 )=       0.000000   gamma_tr=       0.000000 meV  omega=    166.9258 meV   on_shell_Omega=    166.9448 meV  off_shell_Omega=    166.9448 meV
     lambda___(   6 )=       0.000000   gamma___=       0.000000 meV  omega=    168.2056 meV   on_shell_Omega=    168.6000 meV  off_shell_Omega=    168.6984 meV
     lambda_tr(   6 )=       0.000000   gamma_tr=       0.000000 meV  omega=    168.2056 meV   on_shell_Omega=    168.6000 meV  off_shell_Omega=    168.6984 meV
     lambda___( tot )=       0.000000
     lambda_tr( tot )=       0.000000
     -------------------------------------------------------------------


     Number of (k,k+q) pairs on the Fermi surface:      324 out of      324


     ismear =     1 iq =     228 coord.:   0.66667  0.61111  0.00000 wt:   0.00309 Temp:  300.000K
     -------------------------------------------------------------------
     lambda___(   1 )=       0.000000   gamma___=       0.000000 meV  omega=     60.2378 meV   on_shell_Omega=     60.2966 meV  off_shell_Omega=     60.2966 meV
     lambda_tr(   1 )=       0.000000   gamma_tr=       0.000000 meV  omega=     60.2378 meV   on_shell_Omega=     60.2966 meV  off_shell_Omega=     60.2966 meV
     lambda___(   2 )=       0.000000   gamma___=       0.000000 meV  omega=     71.5598 meV   on_shell_Omega=     71.6071 meV  off_shell_Omega=     71.6071 meV
     lambda_tr(   2 )=       0.000000   gamma_tr=       0.000000 meV  omega=     71.5598 meV   on_shell_Omega=     71.6071 meV  off_shell_Omega=     71.6071 meV
     lambda___(   3 )=       0.000000   gamma___=       0.000000 meV  omega=    118.9053 meV   on_shell_Omega=    118.9091 meV  off_shell_Omega=    118.9091 meV
     lambda_tr(   3 )=       0.000000   gamma_tr=       0.000000 meV  omega=    118.9053 meV   on_shell_Omega=    118.9091 meV  off_shell_Omega=    118.9091 meV
     lambda___(   4 )=       0.000000   gamma___=       0.000000 meV  omega=    148.1372 meV   on_shell_Omega=    148.1443 meV  off_shell_Omega=    148.1443 meV
     lambda_tr(   4 )=       0.000000   gamma_tr=       0.000000 meV  omega=    148.1372 meV   on_shell_Omega=    148.1443 meV  off_shell_Omega=    148.1443 meV
     lambda___(   5 )=       0.000000   gamma___=       0.000000 meV  omega=    158.3249 meV   on_shell_Omega=    158.3416 meV  off_shell_Omega=    158.3416 meV
     lambda_tr(   5 )=       0.000000   gamma_tr=       0.000000 meV  omega=    158.3249 meV   on_shell_Omega=    158.3416 meV  off_shell_Omega=    158.3416 meV
     lambda___(   6 )=       0.000000   gamma___=       0.000000 meV  omega=    164.3014 meV   on_shell_Omega=    163.6505 meV  off_shell_Omega=    163.5793 meV
     lambda_tr(   6 )=       0.000000   gamma_tr=       0.000000 meV  omega=    164.3014 meV   on_shell_Omega=    163.6505 meV  off_shell_Omega=    163.5793 meV
     lambda___( tot )=       0.000000
     lambda_tr( tot )=       0.000000
     -------------------------------------------------------------------


     Number of (k,k+q) pairs on the Fermi surface:      324 out of      324


     ismear =     1 iq =     229 coord.:   0.66667  0.66667  0.00000 wt:   0.00309 Temp:  300.000K
     -------------------------------------------------------------------
     lambda___(   1 )=      -0.000000   gamma___=      -0.000000 meV  omega=     65.7923 meV   on_shell_Omega=     65.8451 meV  off_shell_Omega=     65.8451 meV
     lambda_tr(   1 )=      -0.000000   gamma_tr=      -0.000000 meV  omega=     65.7923 meV   on_shell_Omega=     65.8451 meV  off_shell_Omega=     65.8451 meV
     lambda___(   2 )=      -0.000000   gamma___=      -0.000000 meV  omega=     65.7923 meV   on_shell_Omega=     65.8458 meV  off_shell_Omega=     65.8458 meV
     lambda_tr(   2 )=      -0.000000   gamma_tr=      -0.000000 meV  omega=     65.7923 meV   on_shell_Omega=     65.8458 meV  off_shell_Omega=     65.8458 meV
     lambda___(   3 )=      -0.000000   gamma___=      -0.000000 meV  omega=    123.7972 meV   on_shell_Omega=    123.7972 meV  off_shell_Omega=    123.7972 meV
     lambda_tr(   3 )=      -0.000000   gamma_tr=      -0.000000 meV  omega=    123.7972 meV   on_shell_Omega=    123.7972 meV  off_shell_Omega=    123.7972 meV
     lambda___(   4 )=      -0.000001   gamma___=      -0.000009 meV  omega=    151.5135 meV   on_shell_Omega=    151.6443 meV  off_shell_Omega=    151.6443 meV
     lambda_tr(   4 )=      -0.000001   gamma_tr=      -0.000009 meV  omega=    151.5135 meV   on_shell_Omega=    151.6443 meV  off_shell_Omega=    151.6443 meV
     lambda___(   5 )=      -0.000001   gamma___=      -0.000009 meV  omega=    151.5135 meV   on_shell_Omega=    151.6467 meV  off_shell_Omega=    151.6467 meV
     lambda_tr(   5 )=      -0.000001   gamma_tr=      -0.000009 meV  omega=    151.5135 meV   on_shell_Omega=    151.6467 meV  off_shell_Omega=    151.6467 meV
     lambda___(   6 )=      -0.000020   gamma___=      -0.000169 meV  omega=    162.5497 meV   on_shell_Omega=    163.8823 meV  off_shell_Omega=    163.8196 meV
     lambda_tr(   6 )=      -0.000039   gamma_tr=      -0.000330 meV  omega=    162.5497 meV   on_shell_Omega=    163.8823 meV  off_shell_Omega=    163.8196 meV
     lambda___( tot )=      -0.000022
     lambda_tr( tot )=      -0.000041
     -------------------------------------------------------------------


     Number of (k,k+q) pairs on the Fermi surface:      324 out of      324


     ismear =     1 iq =     230 coord.:   0.66667  0.72222  0.00000 wt:   0.00309 Temp:  300.000K
     -------------------------------------------------------------------
     lambda___(   1 )=       0.000000   gamma___=       0.000000 meV  omega=     60.2378 meV   on_shell_Omega=     60.2994 meV  off_shell_Omega=     60.2994 meV
     lambda_tr(   1 )=       0.000000   gamma_tr=       0.000000 meV  omega=     60.2378 meV   on_shell_Omega=     60.2994 meV  off_shell_Omega=     60.2994 meV
     lambda___(   2 )=       0.000000   gamma___=       0.000000 meV  omega=     71.5598 meV   on_shell_Omega=     71.6064 meV  off_shell_Omega=     71.6064 meV
     lambda_tr(   2 )=       0.000000   gamma_tr=       0.000000 meV  omega=     71.5598 meV   on_shell_Omega=     71.6064 meV  off_shell_Omega=     71.6064 meV
     lambda___(   3 )=       0.000000   gamma___=       0.000000 meV  omega=    118.9053 meV   on_shell_Omega=    118.9096 meV  off_shell_Omega=    118.9096 meV
     lambda_tr(   3 )=       0.000000   gamma_tr=       0.000000 meV  omega=    118.9053 meV   on_shell_Omega=    118.9096 meV  off_shell_Omega=    118.9096 meV
     lambda___(   4 )=       0.000000   gamma___=       0.000000 meV  omega=    148.1372 meV   on_shell_Omega=    148.1453 meV  off_shell_Omega=    148.1453 meV
     lambda_tr(   4 )=       0.000000   gamma_tr=       0.000000 meV  omega=    148.1372 meV   on_shell_Omega=    148.1453 meV  off_shell_Omega=    148.1453 meV
     lambda___(   5 )=       0.000000   gamma___=       0.000000 meV  omega=    158.3249 meV   on_shell_Omega=    158.3443 meV  off_shell_Omega=    158.3443 meV
     lambda_tr(   5 )=       0.000000   gamma_tr=       0.000000 meV  omega=    158.3249 meV   on_shell_Omega=    158.3443 meV  off_shell_Omega=    158.3443 meV
     lambda___(   6 )=       0.000000   gamma___=       0.000000 meV  omega=    164.3014 meV   on_shell_Omega=    163.6444 meV  off_shell_Omega=    163.5793 meV
     lambda_tr(   6 )=       0.000000   gamma_tr=       0.000000 meV  omega=    164.3014 meV   on_shell_Omega=    163.6444 meV  off_shell_Omega=    163.5793 meV
     lambda___( tot )=       0.000000
     lambda_tr( tot )=       0.000000
     -------------------------------------------------------------------


     Number of (k,k+q) pairs on the Fermi surface:      324 out of      324


     ismear =     1 iq =     231 coord.:   0.66667  0.77778  0.00000 wt:   0.00309 Temp:  300.000K
     -------------------------------------------------------------------
     lambda___(   1 )=       0.000000   gamma___=       0.000000 meV  omega=     54.9183 meV   on_shell_Omega=     54.9829 meV  off_shell_Omega=     54.9829 meV
     lambda_tr(   1 )=       0.000000   gamma_tr=       0.000000 meV  omega=     54.9183 meV   on_shell_Omega=     54.9829 meV  off_shell_Omega=     54.9829 meV
     lambda___(   2 )=       0.000000   gamma___=       0.000000 meV  omega=     77.3279 meV   on_shell_Omega=     77.3665 meV  off_shell_Omega=     77.3665 meV
     lambda_tr(   2 )=       0.000000   gamma_tr=       0.000000 meV  omega=     77.3279 meV   on_shell_Omega=     77.3665 meV  off_shell_Omega=     77.3665 meV
     lambda___(   3 )=       0.000000   gamma___=       0.000000 meV  omega=    108.3925 meV   on_shell_Omega=    108.4061 meV  off_shell_Omega=    108.4061 meV
     lambda_tr(   3 )=       0.000000   gamma_tr=       0.000000 meV  omega=    108.3925 meV   on_shell_Omega=    108.4061 meV  off_shell_Omega=    108.4061 meV
     lambda___(   4 )=       0.000000   gamma___=       0.000000 meV  omega=    145.7825 meV   on_shell_Omega=    145.8033 meV  off_shell_Omega=    145.8033 meV
     lambda_tr(   4 )=       0.000000   gamma_tr=       0.000000 meV  omega=    145.7825 meV   on_shell_Omega=    145.8033 meV  off_shell_Omega=    145.8033 meV
     lambda___(   5 )=       0.000000   gamma___=       0.000000 meV  omega=    166.9258 meV   on_shell_Omega=    166.9463 meV  off_shell_Omega=    166.9463 meV
     lambda_tr(   5 )=       0.000000   gamma_tr=       0.000000 meV  omega=    166.9258 meV   on_shell_Omega=    166.9463 meV  off_shell_Omega=    166.9463 meV
     lambda___(   6 )=       0.000000   gamma___=       0.000000 meV  omega=    168.2056 meV   on_shell_Omega=    168.6089 meV  off_shell_Omega=    168.6984 meV
     lambda_tr(   6 )=       0.000000   gamma_tr=       0.000000 meV  omega=    168.2056 meV   on_shell_Omega=    168.6089 meV  off_shell_Omega=    168.6984 meV
     lambda___( tot )=       0.000000
     lambda_tr( tot )=       0.000000
     -------------------------------------------------------------------


     Number of (k,k+q) pairs on the Fermi surface:      324 out of      324


     ismear =     1 iq =     232 coord.:   0.66667  0.83333  0.00000 wt:   0.00309 Temp:  300.000K
     -------------------------------------------------------------------
     lambda___(   1 )=       0.000000   gamma___=       0.000000 meV  omega=     49.6959 meV   on_shell_Omega=     49.7473 meV  off_shell_Omega=     49.7473 meV
     lambda_tr(   1 )=       0.000000   gamma_tr=       0.000000 meV  omega=     49.6959 meV   on_shell_Omega=     49.7473 meV  off_shell_Omega=     49.7473 meV
     lambda___(   2 )=       0.000000   gamma___=       0.000000 meV  omega=     82.7890 meV   on_shell_Omega=     82.8226 meV  off_shell_Omega=     82.8226 meV
     lambda_tr(   2 )=       0.000000   gamma_tr=       0.000000 meV  omega=     82.7890 meV   on_shell_Omega=     82.8226 meV  off_shell_Omega=     82.8226 meV
     lambda___(   3 )=       0.000000   gamma___=       0.000000 meV  omega=     96.3073 meV   on_shell_Omega=     96.3173 meV  off_shell_Omega=     96.3173 meV
     lambda_tr(   3 )=       0.000000   gamma_tr=       0.000000 meV  omega=     96.3073 meV   on_shell_Omega=     96.3173 meV  off_shell_Omega=     96.3173 meV
     lambda___(   4 )=       0.000000   gamma___=       0.000000 meV  omega=    142.9779 meV   on_shell_Omega=    142.9939 meV  off_shell_Omega=    142.9939 meV
     lambda_tr(   4 )=       0.000000   gamma_tr=       0.000000 meV  omega=    142.9779 meV   on_shell_Omega=    142.9939 meV  off_shell_Omega=    142.9939 meV
     lambda___(   5 )=       0.000000   gamma___=       0.000000 meV  omega=    171.6789 meV   on_shell_Omega=    171.9634 meV  off_shell_Omega=    171.9723 meV
     lambda_tr(   5 )=       0.000000   gamma_tr=       0.000000 meV  omega=    171.6789 meV   on_shell_Omega=    171.9634 meV  off_shell_Omega=    171.9723 meV
     lambda___(   6 )=       0.000000   gamma___=       0.000000 meV  omega=    175.2104 meV   on_shell_Omega=    175.2730 meV  off_shell_Omega=    175.2730 meV
     lambda_tr(   6 )=       0.000000   gamma_tr=       0.000000 meV  omega=    175.2104 meV   on_shell_Omega=    175.2730 meV  off_shell_Omega=    175.2730 meV
     lambda___( tot )=       0.000000
     lambda_tr( tot )=       0.000000
     -------------------------------------------------------------------


     Number of (k,k+q) pairs on the Fermi surface:      324 out of      324


     ismear =     1 iq =     233 coord.:   0.66667  0.88889  0.00000 wt:   0.00309 Temp:  300.000K
     -------------------------------------------------------------------
     lambda___(   1 )=       0.000000   gamma___=       0.000000 meV  omega=     44.3551 meV   on_shell_Omega=     44.3767 meV  off_shell_Omega=     44.3767 meV
     lambda_tr(   1 )=       0.000000   gamma_tr=       0.000000 meV  omega=     44.3551 meV   on_shell_Omega=     44.3767 meV  off_shell_Omega=     44.3767 meV
     lambda___(   2 )=       0.000000   gamma___=       0.000000 meV  omega=     84.5151 meV   on_shell_Omega=     84.5229 meV  off_shell_Omega=     84.5229 meV
     lambda_tr(   2 )=       0.000000   gamma_tr=       0.000000 meV  omega=     84.5151 meV   on_shell_Omega=     84.5229 meV  off_shell_Omega=     84.5229 meV
     lambda___(   3 )=       0.000000   gamma___=       0.000000 meV  omega=     87.6941 meV   on_shell_Omega=     87.7257 meV  off_shell_Omega=     87.7257 meV
     lambda_tr(   3 )=       0.000000   gamma_tr=       0.000000 meV  omega=     87.6941 meV   on_shell_Omega=     87.7257 meV  off_shell_Omega=     87.7257 meV
     lambda___(   4 )=       0.000000   gamma___=       0.000000 meV  omega=    138.9034 meV   on_shell_Omega=    138.9181 meV  off_shell_Omega=    138.9181 meV
     lambda_tr(   4 )=       0.000000   gamma_tr=       0.000000 meV  omega=    138.9034 meV   on_shell_Omega=    138.9181 meV  off_shell_Omega=    138.9181 meV
     lambda___(   5 )=       0.000000   gamma___=       0.000000 meV  omega=    174.3755 meV   on_shell_Omega=    174.5907 meV  off_shell_Omega=    174.4607 meV
     lambda_tr(   5 )=       0.000000   gamma_tr=       0.000000 meV  omega=    174.3755 meV   on_shell_Omega=    174.5907 meV  off_shell_Omega=    174.4607 meV
     lambda___(   6 )=       0.000000   gamma___=       0.000000 meV  omega=    181.9727 meV   on_shell_Omega=    182.0237 meV  off_shell_Omega=    182.0237 meV
     lambda_tr(   6 )=       0.000000   gamma_tr=       0.000000 meV  omega=    181.9727 meV   on_shell_Omega=    182.0237 meV  off_shell_Omega=    182.0237 meV
     lambda___( tot )=       0.000000
     lambda_tr( tot )=       0.000000
     -------------------------------------------------------------------


     Number of (k,k+q) pairs on the Fermi surface:      324 out of      324


     ismear =     1 iq =     234 coord.:   0.66667  0.94444  0.00000 wt:   0.00309 Temp:  300.000K
     -------------------------------------------------------------------
     lambda___(   1 )=       0.000000   gamma___=       0.000000 meV  omega=     38.7741 meV   on_shell_Omega=     38.7701 meV  off_shell_Omega=     38.7701 meV
     lambda_tr(   1 )=      -0.000000   gamma_tr=      -0.000000 meV  omega=     38.7741 meV   on_shell_Omega=     38.7701 meV  off_shell_Omega=     38.7701 meV
     lambda___(   2 )=       0.000000   gamma___=       0.000000 meV  omega=     74.7172 meV   on_shell_Omega=     74.7217 meV  off_shell_Omega=     74.7217 meV
     lambda_tr(   2 )=      -0.000000   gamma_tr=      -0.000000 meV  omega=     74.7172 meV   on_shell_Omega=     74.7217 meV  off_shell_Omega=     74.7217 meV
     lambda___(   3 )=       0.000000   gamma___=       0.000000 meV  omega=     91.8825 meV   on_shell_Omega=     91.9019 meV  off_shell_Omega=     91.9019 meV
     lambda_tr(   3 )=      -0.000000   gamma_tr=      -0.000000 meV  omega=     91.8825 meV   on_shell_Omega=     91.9019 meV  off_shell_Omega=     91.9019 meV
     lambda___(   4 )=       0.000000   gamma___=       0.000000 meV  omega=    132.8700 meV   on_shell_Omega=    132.8889 meV  off_shell_Omega=    132.8889 meV
     lambda_tr(   4 )=      -0.000000   gamma_tr=      -0.000000 meV  omega=    132.8700 meV   on_shell_Omega=    132.8889 meV  off_shell_Omega=    132.8889 meV
     lambda___(   5 )=       0.000000   gamma___=       0.000000 meV  omega=    176.4916 meV   on_shell_Omega=    176.6494 meV  off_shell_Omega=    176.5778 meV
     lambda_tr(   5 )=      -0.000000   gamma_tr=      -0.000000 meV  omega=    176.4916 meV   on_shell_Omega=    176.6494 meV  off_shell_Omega=    176.5778 meV
     lambda___(   6 )=       0.000000   gamma___=       0.000000 meV  omega=    187.3894 meV   on_shell_Omega=    187.4617 meV  off_shell_Omega=    187.4617 meV
     lambda_tr(   6 )=      -0.000000   gamma_tr=      -0.000000 meV  omega=    187.3894 meV   on_shell_Omega=    187.4617 meV  off_shell_Omega=    187.4617 meV
     lambda___( tot )=       0.000000
     lambda_tr( tot )=      -0.000000
     -------------------------------------------------------------------


     Number of (k,k+q) pairs on the Fermi surface:      324 out of      324


     ismear =     1 iq =     235 coord.:   0.72222  0.00000  0.00000 wt:   0.00309 Temp:  300.000K
     -------------------------------------------------------------------
     lambda___(   1 )=       0.000000   gamma___=       0.000000 meV  omega=     23.4545 meV   on_shell_Omega=     23.4564 meV  off_shell_Omega=     23.4564 meV
     lambda_tr(   1 )=      -0.000000   gamma_tr=      -0.000000 meV  omega=     23.4545 meV   on_shell_Omega=     23.4564 meV  off_shell_Omega=     23.4564 meV
     lambda___(   2 )=       0.000000   gamma___=       0.000000 meV  omega=     61.7232 meV   on_shell_Omega=     61.7206 meV  off_shell_Omega=     61.7206 meV
     lambda_tr(   2 )=       0.000000   gamma_tr=       0.000000 meV  omega=     61.7232 meV   on_shell_Omega=     61.7206 meV  off_shell_Omega=     61.7206 meV
     lambda___(   3 )=       0.000000   gamma___=       0.000000 meV  omega=     99.9888 meV   on_shell_Omega=     99.9927 meV  off_shell_Omega=     99.9927 meV
     lambda_tr(   3 )=       0.000000   gamma_tr=       0.000000 meV  omega=     99.9888 meV   on_shell_Omega=     99.9927 meV  off_shell_Omega=     99.9927 meV
     lambda___(   4 )=       0.000000   gamma___=       0.000000 meV  omega=    107.3317 meV   on_shell_Omega=    107.3541 meV  off_shell_Omega=    107.3541 meV
     lambda_tr(   4 )=      -0.000000   gamma_tr=      -0.000000 meV  omega=    107.3317 meV   on_shell_Omega=    107.3541 meV  off_shell_Omega=    107.3541 meV
     lambda___(   5 )=       0.000000   gamma___=       0.000000 meV  omega=    181.1095 meV   on_shell_Omega=    181.2946 meV  off_shell_Omega=    181.1979 meV
     lambda_tr(   5 )=      -0.000000   gamma_tr=      -0.000000 meV  omega=    181.1095 meV   on_shell_Omega=    181.2946 meV  off_shell_Omega=    181.1979 meV
     lambda___(   6 )=       0.000000   gamma___=       0.000000 meV  omega=    196.1564 meV   on_shell_Omega=    196.3202 meV  off_shell_Omega=    196.2522 meV
     lambda_tr(   6 )=      -0.000000   gamma_tr=      -0.000000 meV  omega=    196.1564 meV   on_shell_Omega=    196.3202 meV  off_shell_Omega=    196.2522 meV
     lambda___( tot )=       0.000000
     lambda_tr( tot )=      -0.000000
     -------------------------------------------------------------------


     Number of (k,k+q) pairs on the Fermi surface:      324 out of      324


     ismear =     1 iq =     236 coord.:   0.72222  0.05556  0.00000 wt:   0.00309 Temp:  300.000K
     -------------------------------------------------------------------
     lambda___(   1 )=      -0.000000   gamma___=      -0.000000 meV  omega=     19.5914 meV   on_shell_Omega=     19.5951 meV  off_shell_Omega=     19.5951 meV
     lambda_tr(   1 )=      -0.000000   gamma_tr=      -0.000000 meV  omega=     19.5914 meV   on_shell_Omega=     19.5951 meV  off_shell_Omega=     19.5951 meV
     lambda___(   2 )=       0.000000   gamma___=       0.000000 meV  omega=     60.3942 meV   on_shell_Omega=     60.4019 meV  off_shell_Omega=     60.4019 meV
     lambda_tr(   2 )=       0.000000   gamma_tr=       0.000000 meV  omega=     60.3942 meV   on_shell_Omega=     60.4019 meV  off_shell_Omega=     60.4019 meV
     lambda___(   3 )=       0.000000   gamma___=       0.000000 meV  omega=     98.2965 meV   on_shell_Omega=     98.3162 meV  off_shell_Omega=     98.3162 meV
     lambda_tr(   3 )=       0.000000   gamma_tr=       0.000000 meV  omega=     98.2965 meV   on_shell_Omega=     98.3162 meV  off_shell_Omega=     98.3162 meV
     lambda___(   4 )=       0.000000   gamma___=       0.000000 meV  omega=    101.5849 meV   on_shell_Omega=    101.5879 meV  off_shell_Omega=    101.5879 meV
     lambda_tr(   4 )=       0.000000   gamma_tr=       0.000000 meV  omega=    101.5849 meV   on_shell_Omega=    101.5879 meV  off_shell_Omega=    101.5879 meV
     lambda___(   5 )=       0.000000   gamma___=       0.000000 meV  omega=    182.1675 meV   on_shell_Omega=    182.3775 meV  off_shell_Omega=    182.2564 meV
     lambda_tr(   5 )=       0.000000   gamma_tr=       0.000000 meV  omega=    182.1675 meV   on_shell_Omega=    182.3775 meV  off_shell_Omega=    182.2564 meV
     lambda___(   6 )=       0.000000   gamma___=       0.000000 meV  omega=    197.4415 meV   on_shell_Omega=    197.6511 meV  off_shell_Omega=    197.5379 meV
     lambda_tr(   6 )=       0.000000   gamma_tr=       0.000000 meV  omega=    197.4415 meV   on_shell_Omega=    197.6511 meV  off_shell_Omega=    197.5379 meV
     lambda___( tot )=       0.000000
     lambda_tr( tot )=       0.000000
     -------------------------------------------------------------------


     Number of (k,k+q) pairs on the Fermi surface:      324 out of      324


     ismear =     1 iq =     237 coord.:   0.72222  0.11111  0.00000 wt:   0.00309 Temp:  300.000K
     -------------------------------------------------------------------
     lambda___(   1 )=       0.000000   gamma___=       0.000000 meV  omega=     17.7349 meV   on_shell_Omega=     17.7436 meV  off_shell_Omega=     17.7436 meV
     lambda_tr(   1 )=       0.000000   gamma_tr=       0.000000 meV  omega=     17.7349 meV   on_shell_Omega=     17.7436 meV  off_shell_Omega=     17.7436 meV
     lambda___(   2 )=       0.000000   gamma___=       0.000000 meV  omega=     62.4185 meV   on_shell_Omega=     62.4625 meV  off_shell_Omega=     62.4625 meV
     lambda_tr(   2 )=       0.000000   gamma_tr=       0.000000 meV  omega=     62.4185 meV   on_shell_Omega=     62.4625 meV  off_shell_Omega=     62.4625 meV
     lambda___(   3 )=       0.000000   gamma___=       0.000000 meV  omega=     91.8080 meV   on_shell_Omega=     91.8076 meV  off_shell_Omega=     91.8076 meV
     lambda_tr(   3 )=       0.000000   gamma_tr=       0.000000 meV  omega=     91.8080 meV   on_shell_Omega=     91.8076 meV  off_shell_Omega=     91.8076 meV
     lambda___(   4 )=       0.000000   gamma___=       0.000000 meV  omega=    102.3032 meV   on_shell_Omega=    102.3049 meV  off_shell_Omega=    102.3049 meV
     lambda_tr(   4 )=       0.000000   gamma_tr=       0.000000 meV  omega=    102.3032 meV   on_shell_Omega=    102.3049 meV  off_shell_Omega=    102.3049 meV
     lambda___(   5 )=       0.000000   gamma___=       0.000000 meV  omega=    182.3734 meV   on_shell_Omega=    182.6342 meV  off_shell_Omega=    182.6851 meV
     lambda_tr(   5 )=       0.000000   gamma_tr=       0.000000 meV  omega=    182.3734 meV   on_shell_Omega=    182.6342 meV  off_shell_Omega=    182.6851 meV
     lambda___(   6 )=       0.000000   gamma___=       0.000000 meV  omega=    197.6649 meV   on_shell_Omega=    197.8914 meV  off_shell_Omega=    197.7614 meV
     lambda_tr(   6 )=       0.000000   gamma_tr=       0.000000 meV  omega=    197.6649 meV   on_shell_Omega=    197.8914 meV  off_shell_Omega=    197.7614 meV
     lambda___( tot )=       0.000000
     lambda_tr( tot )=       0.000000
     -------------------------------------------------------------------


     Number of (k,k+q) pairs on the Fermi surface:      324 out of      324


     ismear =     1 iq =     238 coord.:   0.72222  0.16667  0.00000 wt:   0.00309 Temp:  300.000K
     -------------------------------------------------------------------
     lambda___(   1 )=       0.000000   gamma___=       0.000000 meV  omega=     17.7349 meV   on_shell_Omega=     17.7445 meV  off_shell_Omega=     17.7445 meV
     lambda_tr(   1 )=      -0.000000   gamma_tr=      -0.000000 meV  omega=     17.7349 meV   on_shell_Omega=     17.7445 meV  off_shell_Omega=     17.7445 meV
     lambda___(   2 )=       0.000000   gamma___=       0.000000 meV  omega=     62.4185 meV   on_shell_Omega=     62.4622 meV  off_shell_Omega=     62.4622 meV
     lambda_tr(   2 )=      -0.000000   gamma_tr=      -0.000000 meV  omega=     62.4185 meV   on_shell_Omega=     62.4622 meV  off_shell_Omega=     62.4622 meV
     lambda___(   3 )=       0.000000   gamma___=       0.000000 meV  omega=     91.8080 meV   on_shell_Omega=     91.8088 meV  off_shell_Omega=     91.8088 meV
     lambda_tr(   3 )=      -0.000000   gamma_tr=      -0.000000 meV  omega=     91.8080 meV   on_shell_Omega=     91.8088 meV  off_shell_Omega=     91.8088 meV
     lambda___(   4 )=       0.000000   gamma___=       0.000000 meV  omega=    102.3032 meV   on_shell_Omega=    102.3047 meV  off_shell_Omega=    102.3047 meV
     lambda_tr(   4 )=      -0.000000   gamma_tr=      -0.000000 meV  omega=    102.3032 meV   on_shell_Omega=    102.3047 meV  off_shell_Omega=    102.3047 meV
     lambda___(   5 )=       0.000000   gamma___=       0.000000 meV  omega=    182.3734 meV   on_shell_Omega=    182.6420 meV  off_shell_Omega=    182.6851 meV
     lambda_tr(   5 )=      -0.000000   gamma_tr=      -0.000000 meV  omega=    182.3734 meV   on_shell_Omega=    182.6420 meV  off_shell_Omega=    182.6851 meV
     lambda___(   6 )=       0.000000   gamma___=       0.000000 meV  omega=    197.6649 meV   on_shell_Omega=    197.8916 meV  off_shell_Omega=    197.7614 meV
     lambda_tr(   6 )=       0.000000   gamma_tr=       0.000000 meV  omega=    197.6649 meV   on_shell_Omega=    197.8916 meV  off_shell_Omega=    197.7614 meV
     lambda___( tot )=       0.000000
     lambda_tr( tot )=      -0.000000
     -------------------------------------------------------------------


     Number of (k,k+q) pairs on the Fermi surface:      324 out of      324


     ismear =     1 iq =     239 coord.:   0.72222  0.22222  0.00000 wt:   0.00309 Temp:  300.000K
     -------------------------------------------------------------------
     lambda___(   1 )=       0.000000   gamma___=       0.000000 meV  omega=     19.5914 meV   on_shell_Omega=     19.5970 meV  off_shell_Omega=     19.5970 meV
     lambda_tr(   1 )=       0.000000   gamma_tr=       0.000000 meV  omega=     19.5914 meV   on_shell_Omega=     19.5970 meV  off_shell_Omega=     19.5970 meV
     lambda___(   2 )=       0.000000   gamma___=       0.000000 meV  omega=     60.3942 meV   on_shell_Omega=     60.4025 meV  off_shell_Omega=     60.4025 meV
     lambda_tr(   2 )=       0.000000   gamma_tr=       0.000000 meV  omega=     60.3942 meV   on_shell_Omega=     60.4025 meV  off_shell_Omega=     60.4025 meV
     lambda___(   3 )=       0.000000   gamma___=       0.000000 meV  omega=     98.2965 meV   on_shell_Omega=     98.3178 meV  off_shell_Omega=     98.3178 meV
     lambda_tr(   3 )=       0.000000   gamma_tr=       0.000000 meV  omega=     98.2965 meV   on_shell_Omega=     98.3178 meV  off_shell_Omega=     98.3178 meV
     lambda___(   4 )=       0.000000   gamma___=       0.000000 meV  omega=    101.5849 meV   on_shell_Omega=    101.5872 meV  off_shell_Omega=    101.5872 meV
     lambda_tr(   4 )=       0.000000   gamma_tr=       0.000000 meV  omega=    101.5849 meV   on_shell_Omega=    101.5872 meV  off_shell_Omega=    101.5872 meV
     lambda___(   5 )=       0.000000   gamma___=       0.000000 meV  omega=    182.1675 meV   on_shell_Omega=    182.3813 meV  off_shell_Omega=    182.2564 meV
     lambda_tr(   5 )=       0.000000   gamma_tr=       0.000000 meV  omega=    182.1675 meV   on_shell_Omega=    182.3813 meV  off_shell_Omega=    182.2564 meV
     lambda___(   6 )=       0.000000   gamma___=       0.000000 meV  omega=    197.4415 meV   on_shell_Omega=    197.6507 meV  off_shell_Omega=    197.5379 meV
     lambda_tr(   6 )=       0.000000   gamma_tr=       0.000000 meV  omega=    197.4415 meV   on_shell_Omega=    197.6507 meV  off_shell_Omega=    197.5379 meV
     lambda___( tot )=       0.000000
     lambda_tr( tot )=       0.000000
     -------------------------------------------------------------------


     Number of (k,k+q) pairs on the Fermi surface:      324 out of      324


     ismear =     1 iq =     240 coord.:   0.72222  0.27778  0.00000 wt:   0.00309 Temp:  300.000K
     -------------------------------------------------------------------
     lambda___(   1 )=       0.000000   gamma___=       0.000000 meV  omega=     23.4545 meV   on_shell_Omega=     23.4585 meV  off_shell_Omega=     23.4585 meV
     lambda_tr(   1 )=      -0.000000   gamma_tr=      -0.000000 meV  omega=     23.4545 meV   on_shell_Omega=     23.4585 meV  off_shell_Omega=     23.4585 meV
     lambda___(   2 )=       0.000000   gamma___=       0.000000 meV  omega=     61.7232 meV   on_shell_Omega=     61.7208 meV  off_shell_Omega=     61.7208 meV
     lambda_tr(   2 )=      -0.000000   gamma_tr=      -0.000000 meV  omega=     61.7232 meV   on_shell_Omega=     61.7208 meV  off_shell_Omega=     61.7208 meV
     lambda___(   3 )=       0.000000   gamma___=       0.000000 meV  omega=     99.9888 meV   on_shell_Omega=     99.9919 meV  off_shell_Omega=     99.9919 meV
     lambda_tr(   3 )=      -0.000000   gamma_tr=      -0.000000 meV  omega=     99.9888 meV   on_shell_Omega=     99.9919 meV  off_shell_Omega=     99.9919 meV
     lambda___(   4 )=       0.000000   gamma___=       0.000000 meV  omega=    107.3317 meV   on_shell_Omega=    107.3548 meV  off_shell_Omega=    107.3548 meV
     lambda_tr(   4 )=      -0.000000   gamma_tr=      -0.000000 meV  omega=    107.3317 meV   on_shell_Omega=    107.3548 meV  off_shell_Omega=    107.3548 meV
     lambda___(   5 )=       0.000000   gamma___=       0.000000 meV  omega=    181.1095 meV   on_shell_Omega=    181.2983 meV  off_shell_Omega=    181.1979 meV
     lambda_tr(   5 )=      -0.000000   gamma_tr=      -0.000000 meV  omega=    181.1095 meV   on_shell_Omega=    181.2983 meV  off_shell_Omega=    181.1979 meV
     lambda___(   6 )=       0.000000   gamma___=       0.000000 meV  omega=    196.1564 meV   on_shell_Omega=    196.3186 meV  off_shell_Omega=    196.2522 meV
     lambda_tr(   6 )=      -0.000000   gamma_tr=      -0.000000 meV  omega=    196.1564 meV   on_shell_Omega=    196.3186 meV  off_shell_Omega=    196.2522 meV
     lambda___( tot )=       0.000000
     lambda_tr( tot )=      -0.000000
     -------------------------------------------------------------------


     Number of (k,k+q) pairs on the Fermi surface:      324 out of      324


     ismear =     1 iq =     241 coord.:   0.72222  0.33333  0.00000 wt:   0.00309 Temp:  300.000K
     -------------------------------------------------------------------
     lambda___(   1 )=      -0.000000   gamma___=      -0.000000 meV  omega=     28.7857 meV   on_shell_Omega=     28.7813 meV  off_shell_Omega=     28.7813 meV
     lambda_tr(   1 )=       0.000000   gamma_tr=       0.000000 meV  omega=     28.7857 meV   on_shell_Omega=     28.7813 meV  off_shell_Omega=     28.7813 meV
     lambda___(   2 )=       0.000000   gamma___=       0.000000 meV  omega=     68.6079 meV   on_shell_Omega=     68.6139 meV  off_shell_Omega=     68.6139 meV
     lambda_tr(   2 )=       0.000000   gamma_tr=       0.000000 meV  omega=     68.6079 meV   on_shell_Omega=     68.6139 meV  off_shell_Omega=     68.6139 meV
     lambda___(   3 )=       0.000000   gamma___=       0.000000 meV  omega=     97.3947 meV   on_shell_Omega=     97.4036 meV  off_shell_Omega=     97.4036 meV
     lambda_tr(   3 )=       0.000000   gamma_tr=       0.000000 meV  omega=     97.3947 meV   on_shell_Omega=     97.4036 meV  off_shell_Omega=     97.4036 meV
     lambda___(   4 )=       0.000000   gamma___=       0.000000 meV  omega=    116.4405 meV   on_shell_Omega=    116.4635 meV  off_shell_Omega=    116.4635 meV
     lambda_tr(   4 )=       0.000000   gamma_tr=       0.000000 meV  omega=    116.4405 meV   on_shell_Omega=    116.4635 meV  off_shell_Omega=    116.4635 meV
     lambda___(   5 )=       0.000000   gamma___=       0.000000 meV  omega=    178.9570 meV   on_shell_Omega=    179.1316 meV  off_shell_Omega=    179.0444 meV
     lambda_tr(   5 )=       0.000000   gamma_tr=       0.000000 meV  omega=    178.9570 meV   on_shell_Omega=    179.1316 meV  off_shell_Omega=    179.0444 meV
     lambda___(   6 )=       0.000000   gamma___=       0.000000 meV  omega=    193.1847 meV   on_shell_Omega=    193.3052 meV  off_shell_Omega=    193.3052 meV
     lambda_tr(   6 )=       0.000000   gamma_tr=       0.000000 meV  omega=    193.1847 meV   on_shell_Omega=    193.3052 meV  off_shell_Omega=    193.3052 meV
     lambda___( tot )=       0.000000
     lambda_tr( tot )=       0.000000
     -------------------------------------------------------------------


     Number of (k,k+q) pairs on the Fermi surface:      324 out of      324


     ismear =     1 iq =     242 coord.:   0.72222  0.38889  0.00000 wt:   0.00309 Temp:  300.000K
     -------------------------------------------------------------------
     lambda___(   1 )=       0.000000   gamma___=       0.000000 meV  omega=     34.7400 meV   on_shell_Omega=     34.7375 meV  off_shell_Omega=     34.7375 meV
     lambda_tr(   1 )=      -0.000000   gamma_tr=      -0.000000 meV  omega=     34.7400 meV   on_shell_Omega=     34.7375 meV  off_shell_Omega=     34.7375 meV
     lambda___(   2 )=       0.000000   gamma___=       0.000000 meV  omega=     79.5115 meV   on_shell_Omega=     79.5267 meV  off_shell_Omega=     79.5267 meV
     lambda_tr(   2 )=       0.000000   gamma_tr=       0.000000 meV  omega=     79.5115 meV   on_shell_Omega=     79.5267 meV  off_shell_Omega=     79.5267 meV
     lambda___(   3 )=       0.000000   gamma___=       0.000000 meV  omega=     93.8133 meV   on_shell_Omega=     93.8363 meV  off_shell_Omega=     93.8363 meV
     lambda_tr(   3 )=      -0.000000   gamma_tr=      -0.000000 meV  omega=     93.8133 meV   on_shell_Omega=     93.8363 meV  off_shell_Omega=     93.8363 meV
     lambda___(   4 )=       0.000000   gamma___=       0.000000 meV  omega=    124.2322 meV   on_shell_Omega=    124.2479 meV  off_shell_Omega=    124.2479 meV
     lambda_tr(   4 )=       0.000000   gamma_tr=       0.000000 meV  omega=    124.2322 meV   on_shell_Omega=    124.2479 meV  off_shell_Omega=    124.2479 meV
     lambda___(   5 )=       0.000000   gamma___=       0.000000 meV  omega=    176.2974 meV   on_shell_Omega=    176.5146 meV  off_shell_Omega=    176.3835 meV
     lambda_tr(   5 )=       0.000000   gamma_tr=       0.000000 meV  omega=    176.2974 meV   on_shell_Omega=    176.5146 meV  off_shell_Omega=    176.3835 meV
     lambda___(   6 )=       0.000000   gamma___=       0.000000 meV  omega=    188.6374 meV   on_shell_Omega=    188.7173 meV  off_shell_Omega=    188.7173 meV
     lambda_tr(   6 )=       0.000000   gamma_tr=       0.000000 meV  omega=    188.6374 meV   on_shell_Omega=    188.7173 meV  off_shell_Omega=    188.7173 meV
     lambda___( tot )=       0.000000
     lambda_tr( tot )=       0.000000
     -------------------------------------------------------------------


     Number of (k,k+q) pairs on the Fermi surface:      324 out of      324


     ismear =     1 iq =     243 coord.:   0.72222  0.44444  0.00000 wt:   0.00309 Temp:  300.000K
     -------------------------------------------------------------------
     lambda___(   1 )=       0.000000   gamma___=       0.000000 meV  omega=     40.9045 meV   on_shell_Omega=     40.9351 meV  off_shell_Omega=     40.9351 meV
     lambda_tr(   1 )=      -0.000000   gamma_tr=      -0.000000 meV  omega=     40.9045 meV   on_shell_Omega=     40.9351 meV  off_shell_Omega=     40.9351 meV
     lambda___(   2 )=       0.000000   gamma___=       0.000000 meV  omega=     89.2864 meV   on_shell_Omega=     89.3183 meV  off_shell_Omega=     89.3183 meV
     lambda_tr(   2 )=       0.000000   gamma_tr=       0.000000 meV  omega=     89.2864 meV   on_shell_Omega=     89.3183 meV  off_shell_Omega=     89.3183 meV
     lambda___(   3 )=       0.000000   gamma___=       0.000000 meV  omega=     91.9370 meV   on_shell_Omega=     91.9580 meV  off_shell_Omega=     91.9580 meV
     lambda_tr(   3 )=      -0.000000   gamma_tr=      -0.000000 meV  omega=     91.9370 meV   on_shell_Omega=     91.9580 meV  off_shell_Omega=     91.9580 meV
     lambda___(   4 )=       0.000000   gamma___=       0.000000 meV  omega=    130.3064 meV   on_shell_Omega=    130.3322 meV  off_shell_Omega=    130.3322 meV
     lambda_tr(   4 )=      -0.000000   gamma_tr=      -0.000000 meV  omega=    130.3064 meV   on_shell_Omega=    130.3322 meV  off_shell_Omega=    130.3322 meV
     lambda___(   5 )=       0.000000   gamma___=       0.000000 meV  omega=    173.6211 meV   on_shell_Omega=    173.8942 meV  off_shell_Omega=    173.9178 meV
     lambda_tr(   5 )=       0.000000   gamma_tr=       0.000000 meV  omega=    173.6211 meV   on_shell_Omega=    173.8942 meV  off_shell_Omega=    173.9178 meV
     lambda___(   6 )=       0.000000   gamma___=       0.000000 meV  omega=    182.8114 meV   on_shell_Omega=    182.8612 meV  off_shell_Omega=    182.8612 meV
     lambda_tr(   6 )=      -0.000000   gamma_tr=      -0.000000 meV  omega=    182.8114 meV   on_shell_Omega=    182.8612 meV  off_shell_Omega=    182.8612 meV
     lambda___( tot )=       0.000000
     lambda_tr( tot )=      -0.000000
     -------------------------------------------------------------------


     Number of (k,k+q) pairs on the Fermi surface:      324 out of      324


     ismear =     1 iq =     244 coord.:   0.72222  0.50000  0.00000 wt:   0.00309 Temp:  300.000K
     -------------------------------------------------------------------
     lambda___(   1 )=       0.000000   gamma___=       0.000000 meV  omega=     47.3226 meV   on_shell_Omega=     47.3785 meV  off_shell_Omega=     47.3785 meV
     lambda_tr(   1 )=       0.000000   gamma_tr=       0.000000 meV  omega=     47.3226 meV   on_shell_Omega=     47.3785 meV  off_shell_Omega=     47.3785 meV
     lambda___(   2 )=       0.000000   gamma___=       0.000000 meV  omega=     83.8289 meV   on_shell_Omega=     83.8650 meV  off_shell_Omega=     83.8650 meV
     lambda_tr(   2 )=       0.000000   gamma_tr=       0.000000 meV  omega=     83.8289 meV   on_shell_Omega=     83.8650 meV  off_shell_Omega=     83.8650 meV
     lambda___(   3 )=       0.000000   gamma___=       0.000000 meV  omega=    103.8518 meV   on_shell_Omega=    103.8779 meV  off_shell_Omega=    103.8779 meV
     lambda_tr(   3 )=       0.000000   gamma_tr=       0.000000 meV  omega=    103.8518 meV   on_shell_Omega=    103.8779 meV  off_shell_Omega=    103.8779 meV
     lambda___(   4 )=       0.000000   gamma___=       0.000000 meV  omega=    135.4890 meV   on_shell_Omega=    135.5239 meV  off_shell_Omega=    135.5239 meV
     lambda_tr(   4 )=       0.000000   gamma_tr=       0.000000 meV  omega=    135.4890 meV   on_shell_Omega=    135.5239 meV  off_shell_Omega=    135.5239 meV
     lambda___(   5 )=       0.000000   gamma___=       0.000000 meV  omega=    170.5665 meV   on_shell_Omega=    170.8439 meV  off_shell_Omega=    170.8580 meV
     lambda_tr(   5 )=       0.000000   gamma_tr=       0.000000 meV  omega=    170.5665 meV   on_shell_Omega=    170.8439 meV  off_shell_Omega=    170.8580 meV
     lambda___(   6 )=       0.000000   gamma___=       0.000000 meV  omega=    175.6767 meV   on_shell_Omega=    175.7135 meV  off_shell_Omega=    175.7135 meV
     lambda_tr(   6 )=       0.000000   gamma_tr=       0.000000 meV  omega=    175.6767 meV   on_shell_Omega=    175.7135 meV  off_shell_Omega=    175.7135 meV
     lambda___( tot )=       0.000000
     lambda_tr( tot )=       0.000000
     -------------------------------------------------------------------


     Number of (k,k+q) pairs on the Fermi surface:      324 out of      324


     ismear =     1 iq =     245 coord.:   0.72222  0.55556  0.00000 wt:   0.00309 Temp:  300.000K
     -------------------------------------------------------------------
     lambda___(   1 )=       0.000000   gamma___=       0.000000 meV  omega=     54.0461 meV   on_shell_Omega=     54.1090 meV  off_shell_Omega=     54.1090 meV
     lambda_tr(   1 )=       0.000000   gamma_tr=       0.000000 meV  omega=     54.0461 meV   on_shell_Omega=     54.1090 meV  off_shell_Omega=     54.1090 meV
     lambda___(   2 )=       0.000000   gamma___=       0.000000 meV  omega=     77.5881 meV   on_shell_Omega=     77.6315 meV  off_shell_Omega=     77.6315 meV
     lambda_tr(   2 )=       0.000000   gamma_tr=       0.000000 meV  omega=     77.5881 meV   on_shell_Omega=     77.6315 meV  off_shell_Omega=     77.6315 meV
     lambda___(   3 )=       0.000000   gamma___=       0.000000 meV  omega=    113.5076 meV   on_shell_Omega=    113.5176 meV  off_shell_Omega=    113.5176 meV
     lambda_tr(   3 )=       0.000000   gamma_tr=       0.000000 meV  omega=    113.5076 meV   on_shell_Omega=    113.5176 meV  off_shell_Omega=    113.5176 meV
     lambda___(   4 )=       0.000000   gamma___=       0.000000 meV  omega=    141.1490 meV   on_shell_Omega=    141.1937 meV  off_shell_Omega=    141.1937 meV
     lambda_tr(   4 )=      -0.000000   gamma_tr=      -0.000000 meV  omega=    141.1490 meV   on_shell_Omega=    141.1937 meV  off_shell_Omega=    141.1937 meV
     lambda___(   5 )=       0.000000   gamma___=       0.000000 meV  omega=    166.9276 meV   on_shell_Omega=    166.9250 meV  off_shell_Omega=    166.9250 meV
     lambda_tr(   5 )=       0.000000   gamma_tr=       0.000000 meV  omega=    166.9276 meV   on_shell_Omega=    166.9250 meV  off_shell_Omega=    166.9250 meV
     lambda___(   6 )=       0.000000   gamma___=       0.000000 meV  omega=    167.2931 meV   on_shell_Omega=    167.2990 meV  off_shell_Omega=    167.2990 meV
     lambda_tr(   6 )=       0.000000   gamma_tr=       0.000000 meV  omega=    167.2931 meV   on_shell_Omega=    167.2990 meV  off_shell_Omega=    167.2990 meV
     lambda___( tot )=       0.000000
     lambda_tr( tot )=       0.000000
     -------------------------------------------------------------------


     Number of (k,k+q) pairs on the Fermi surface:      324 out of      324


     ismear =     1 iq =     246 coord.:   0.72222  0.61111  0.00000 wt:   0.00309 Temp:  300.000K
     -------------------------------------------------------------------
     lambda___(   1 )=      -0.000000   gamma___=      -0.000000 meV  omega=     60.3835 meV   on_shell_Omega=     60.4408 meV  off_shell_Omega=     60.4408 meV
     lambda_tr(   1 )=      -0.000000   gamma_tr=      -0.000000 meV  omega=     60.3835 meV   on_shell_Omega=     60.4408 meV  off_shell_Omega=     60.4408 meV
     lambda___(   2 )=      -0.000000   gamma___=      -0.000000 meV  omega=     71.4369 meV   on_shell_Omega=     71.4839 meV  off_shell_Omega=     71.4839 meV
     lambda_tr(   2 )=      -0.000000   gamma_tr=      -0.000000 meV  omega=     71.4369 meV   on_shell_Omega=     71.4839 meV  off_shell_Omega=     71.4839 meV
     lambda___(   3 )=       0.000000   gamma___=       0.000000 meV  omega=    119.0763 meV   on_shell_Omega=    119.0790 meV  off_shell_Omega=    119.0790 meV
     lambda_tr(   3 )=       0.000000   gamma_tr=       0.000000 meV  omega=    119.0763 meV   on_shell_Omega=    119.0790 meV  off_shell_Omega=    119.0790 meV
     lambda___(   4 )=       0.000000   gamma___=       0.000000 meV  omega=    148.0428 meV   on_shell_Omega=    148.0562 meV  off_shell_Omega=    148.0562 meV
     lambda_tr(   4 )=       0.000000   gamma_tr=       0.000000 meV  omega=    148.0428 meV   on_shell_Omega=    148.0562 meV  off_shell_Omega=    148.0562 meV
     lambda___(   5 )=       0.000000   gamma___=       0.000000 meV  omega=    158.3582 meV   on_shell_Omega=    158.3797 meV  off_shell_Omega=    158.3797 meV
     lambda_tr(   5 )=       0.000000   gamma_tr=       0.000000 meV  omega=    158.3582 meV   on_shell_Omega=    158.3797 meV  off_shell_Omega=    158.3797 meV
     lambda___(   6 )=       0.000000   gamma___=       0.000000 meV  omega=    164.2306 meV   on_shell_Omega=    163.5786 meV  off_shell_Omega=    163.5089 meV
     lambda_tr(   6 )=       0.000000   gamma_tr=       0.000000 meV  omega=    164.2306 meV   on_shell_Omega=    163.5786 meV  off_shell_Omega=    163.5089 meV
     lambda___( tot )=       0.000000
     lambda_tr( tot )=       0.000000
     -------------------------------------------------------------------


     Number of (k,k+q) pairs on the Fermi surface:      324 out of      324


     ismear =     1 iq =     247 coord.:   0.72222  0.66667  0.00000 wt:   0.00309 Temp:  300.000K
     -------------------------------------------------------------------
     lambda___(   1 )=       0.000000   gamma___=       0.000000 meV  omega=     60.3835 meV   on_shell_Omega=     60.4402 meV  off_shell_Omega=     60.4402 meV
     lambda_tr(   1 )=       0.000000   gamma_tr=       0.000000 meV  omega=     60.3835 meV   on_shell_Omega=     60.4402 meV  off_shell_Omega=     60.4402 meV
     lambda___(   2 )=       0.000000   gamma___=       0.000000 meV  omega=     71.4369 meV   on_shell_Omega=     71.4848 meV  off_shell_Omega=     71.4848 meV
     lambda_tr(   2 )=       0.000000   gamma_tr=       0.000000 meV  omega=     71.4369 meV   on_shell_Omega=     71.4848 meV  off_shell_Omega=     71.4848 meV
     lambda___(   3 )=       0.000000   gamma___=       0.000000 meV  omega=    119.0763 meV   on_shell_Omega=    119.0786 meV  off_shell_Omega=    119.0786 meV
     lambda_tr(   3 )=       0.000000   gamma_tr=       0.000000 meV  omega=    119.0763 meV   on_shell_Omega=    119.0786 meV  off_shell_Omega=    119.0786 meV
     lambda___(   4 )=      -0.000000   gamma___=      -0.000000 meV  omega=    148.0428 meV   on_shell_Omega=    148.0593 meV  off_shell_Omega=    148.0593 meV
     lambda_tr(   4 )=      -0.000000   gamma_tr=      -0.000000 meV  omega=    148.0428 meV   on_shell_Omega=    148.0593 meV  off_shell_Omega=    148.0593 meV
     lambda___(   5 )=       0.000000   gamma___=       0.000000 meV  omega=    158.3582 meV   on_shell_Omega=    158.3787 meV  off_shell_Omega=    158.3787 meV
     lambda_tr(   5 )=       0.000000   gamma_tr=       0.000000 meV  omega=    158.3582 meV   on_shell_Omega=    158.3787 meV  off_shell_Omega=    158.3787 meV
     lambda___(   6 )=       0.000000   gamma___=       0.000000 meV  omega=    164.2306 meV   on_shell_Omega=    163.5989 meV  off_shell_Omega=    163.5089 meV
     lambda_tr(   6 )=       0.000000   gamma_tr=       0.000000 meV  omega=    164.2306 meV   on_shell_Omega=    163.5989 meV  off_shell_Omega=    163.5089 meV
     lambda___( tot )=       0.000000
     lambda_tr( tot )=       0.000000
     -------------------------------------------------------------------


     Number of (k,k+q) pairs on the Fermi surface:      324 out of      324


     ismear =     1 iq =     248 coord.:   0.72222  0.72222  0.00000 wt:   0.00309 Temp:  300.000K
     -------------------------------------------------------------------
     lambda___(   1 )=      -0.000000   gamma___=      -0.000000 meV  omega=     54.0461 meV   on_shell_Omega=     54.1101 meV  off_shell_Omega=     54.1101 meV
     lambda_tr(   1 )=      -0.000000   gamma_tr=      -0.000000 meV  omega=     54.0461 meV   on_shell_Omega=     54.1101 meV  off_shell_Omega=     54.1101 meV
     lambda___(   2 )=      -0.000000   gamma___=      -0.000000 meV  omega=     77.5881 meV   on_shell_Omega=     77.6316 meV  off_shell_Omega=     77.6316 meV
     lambda_tr(   2 )=      -0.000000   gamma_tr=      -0.000000 meV  omega=     77.5881 meV   on_shell_Omega=     77.6316 meV  off_shell_Omega=     77.6316 meV
     lambda___(   3 )=      -0.000000   gamma___=      -0.000000 meV  omega=    113.5076 meV   on_shell_Omega=    113.5190 meV  off_shell_Omega=    113.5190 meV
     lambda_tr(   3 )=      -0.000000   gamma_tr=      -0.000000 meV  omega=    113.5076 meV   on_shell_Omega=    113.5190 meV  off_shell_Omega=    113.5190 meV
     lambda___(   4 )=       0.000000   gamma___=       0.000000 meV  omega=    141.1490 meV   on_shell_Omega=    141.1960 meV  off_shell_Omega=    141.1960 meV
     lambda_tr(   4 )=       0.000000   gamma_tr=       0.000000 meV  omega=    141.1490 meV   on_shell_Omega=    141.1960 meV  off_shell_Omega=    141.1960 meV
     lambda___(   5 )=      -0.000000   gamma___=      -0.000000 meV  omega=    166.9276 meV   on_shell_Omega=    166.9327 meV  off_shell_Omega=    166.9327 meV
     lambda_tr(   5 )=      -0.000000   gamma_tr=      -0.000000 meV  omega=    166.9276 meV   on_shell_Omega=    166.9327 meV  off_shell_Omega=    166.9327 meV
     lambda___(   6 )=      -0.000000   gamma___=      -0.000000 meV  omega=    167.2931 meV   on_shell_Omega=    167.3116 meV  off_shell_Omega=    167.3116 meV
     lambda_tr(   6 )=      -0.000000   gamma_tr=      -0.000000 meV  omega=    167.2931 meV   on_shell_Omega=    167.3116 meV  off_shell_Omega=    167.3116 meV
     lambda___( tot )=      -0.000000
     lambda_tr( tot )=       0.000000
     -------------------------------------------------------------------


     Number of (k,k+q) pairs on the Fermi surface:      324 out of      324


     ismear =     1 iq =     249 coord.:   0.72222  0.77778  0.00000 wt:   0.00309 Temp:  300.000K
     -------------------------------------------------------------------
     lambda___(   1 )=       0.000000   gamma___=       0.000000 meV  omega=     47.3226 meV   on_shell_Omega=     47.3780 meV  off_shell_Omega=     47.3780 meV
     lambda_tr(   1 )=       0.000000   gamma_tr=       0.000000 meV  omega=     47.3226 meV   on_shell_Omega=     47.3780 meV  off_shell_Omega=     47.3780 meV
     lambda___(   2 )=       0.000000   gamma___=       0.000000 meV  omega=     83.8289 meV   on_shell_Omega=     83.8644 meV  off_shell_Omega=     83.8644 meV
     lambda_tr(   2 )=       0.000000   gamma_tr=       0.000000 meV  omega=     83.8289 meV   on_shell_Omega=     83.8644 meV  off_shell_Omega=     83.8644 meV
     lambda___(   3 )=       0.000000   gamma___=       0.000000 meV  omega=    103.8518 meV   on_shell_Omega=    103.8803 meV  off_shell_Omega=    103.8803 meV
     lambda_tr(   3 )=       0.000000   gamma_tr=       0.000000 meV  omega=    103.8518 meV   on_shell_Omega=    103.8803 meV  off_shell_Omega=    103.8803 meV
     lambda___(   4 )=       0.000000   gamma___=       0.000000 meV  omega=    135.4890 meV   on_shell_Omega=    135.5246 meV  off_shell_Omega=    135.5246 meV
     lambda_tr(   4 )=       0.000000   gamma_tr=       0.000000 meV  omega=    135.4890 meV   on_shell_Omega=    135.5246 meV  off_shell_Omega=    135.5246 meV
     lambda___(   5 )=       0.000000   gamma___=       0.000000 meV  omega=    170.5665 meV   on_shell_Omega=    170.8487 meV  off_shell_Omega=    170.8580 meV
     lambda_tr(   5 )=       0.000000   gamma_tr=       0.000000 meV  omega=    170.5665 meV   on_shell_Omega=    170.8487 meV  off_shell_Omega=    170.8580 meV
     lambda___(   6 )=       0.000000   gamma___=       0.000000 meV  omega=    175.6767 meV   on_shell_Omega=    175.7152 meV  off_shell_Omega=    175.7152 meV
     lambda_tr(   6 )=       0.000000   gamma_tr=       0.000000 meV  omega=    175.6767 meV   on_shell_Omega=    175.7152 meV  off_shell_Omega=    175.7152 meV
     lambda___( tot )=       0.000000
     lambda_tr( tot )=       0.000000
     -------------------------------------------------------------------


     Number of (k,k+q) pairs on the Fermi surface:      324 out of      324


     ismear =     1 iq =     250 coord.:   0.72222  0.83333  0.00000 wt:   0.00309 Temp:  300.000K
     -------------------------------------------------------------------
     lambda___(   1 )=       0.000000   gamma___=       0.000000 meV  omega=     40.9045 meV   on_shell_Omega=     40.9326 meV  off_shell_Omega=     40.9326 meV
     lambda_tr(   1 )=       0.000000   gamma_tr=       0.000000 meV  omega=     40.9045 meV   on_shell_Omega=     40.9326 meV  off_shell_Omega=     40.9326 meV
     lambda___(   2 )=       0.000000   gamma___=       0.000000 meV  omega=     89.2864 meV   on_shell_Omega=     89.3203 meV  off_shell_Omega=     89.3203 meV
     lambda_tr(   2 )=       0.000000   gamma_tr=       0.000000 meV  omega=     89.2864 meV   on_shell_Omega=     89.3203 meV  off_shell_Omega=     89.3203 meV
     lambda___(   3 )=       0.000000   gamma___=       0.000000 meV  omega=     91.9370 meV   on_shell_Omega=     91.9580 meV  off_shell_Omega=     91.9580 meV
     lambda_tr(   3 )=       0.000000   gamma_tr=       0.000000 meV  omega=     91.9370 meV   on_shell_Omega=     91.9580 meV  off_shell_Omega=     91.9580 meV
     lambda___(   4 )=       0.000000   gamma___=       0.000000 meV  omega=    130.3064 meV   on_shell_Omega=    130.3313 meV  off_shell_Omega=    130.3313 meV
     lambda_tr(   4 )=       0.000000   gamma_tr=       0.000000 meV  omega=    130.3064 meV   on_shell_Omega=    130.3313 meV  off_shell_Omega=    130.3313 meV
     lambda___(   5 )=       0.000000   gamma___=       0.000000 meV  omega=    173.6211 meV   on_shell_Omega=    173.8962 meV  off_shell_Omega=    173.9178 meV
     lambda_tr(   5 )=       0.000000   gamma_tr=       0.000000 meV  omega=    173.6211 meV   on_shell_Omega=    173.8962 meV  off_shell_Omega=    173.9178 meV
     lambda___(   6 )=       0.000000   gamma___=       0.000000 meV  omega=    182.8114 meV   on_shell_Omega=    182.8599 meV  off_shell_Omega=    182.8599 meV
     lambda_tr(   6 )=       0.000000   gamma_tr=       0.000000 meV  omega=    182.8114 meV   on_shell_Omega=    182.8599 meV  off_shell_Omega=    182.8599 meV
     lambda___( tot )=       0.000000
     lambda_tr( tot )=       0.000000
     -------------------------------------------------------------------


     Number of (k,k+q) pairs on the Fermi surface:      324 out of      324


     ismear =     1 iq =     251 coord.:   0.72222  0.88889  0.00000 wt:   0.00309 Temp:  300.000K
     -------------------------------------------------------------------
     lambda___(   1 )=       0.000000   gamma___=       0.000000 meV  omega=     34.7400 meV   on_shell_Omega=     34.7326 meV  off_shell_Omega=     34.7326 meV
     lambda_tr(   1 )=       0.000000   gamma_tr=       0.000000 meV  omega=     34.7400 meV   on_shell_Omega=     34.7326 meV  off_shell_Omega=     34.7326 meV
     lambda___(   2 )=       0.000000   gamma___=       0.000000 meV  omega=     79.5115 meV   on_shell_Omega=     79.5275 meV  off_shell_Omega=     79.5275 meV
     lambda_tr(   2 )=       0.000000   gamma_tr=       0.000000 meV  omega=     79.5115 meV   on_shell_Omega=     79.5275 meV  off_shell_Omega=     79.5275 meV
     lambda___(   3 )=       0.000000   gamma___=       0.000000 meV  omega=     93.8133 meV   on_shell_Omega=     93.8375 meV  off_shell_Omega=     93.8375 meV
     lambda_tr(   3 )=       0.000000   gamma_tr=       0.000000 meV  omega=     93.8133 meV   on_shell_Omega=     93.8375 meV  off_shell_Omega=     93.8375 meV
     lambda___(   4 )=       0.000000   gamma___=       0.000000 meV  omega=    124.2322 meV   on_shell_Omega=    124.2486 meV  off_shell_Omega=    124.2486 meV
     lambda_tr(   4 )=       0.000000   gamma_tr=       0.000000 meV  omega=    124.2322 meV   on_shell_Omega=    124.2486 meV  off_shell_Omega=    124.2486 meV
     lambda___(   5 )=       0.000000   gamma___=       0.000000 meV  omega=    176.2974 meV   on_shell_Omega=    176.5183 meV  off_shell_Omega=    176.3835 meV
     lambda_tr(   5 )=       0.000000   gamma_tr=       0.000000 meV  omega=    176.2974 meV   on_shell_Omega=    176.5183 meV  off_shell_Omega=    176.3835 meV
     lambda___(   6 )=       0.000000   gamma___=       0.000000 meV  omega=    188.6374 meV   on_shell_Omega=    188.7156 meV  off_shell_Omega=    188.7156 meV
     lambda_tr(   6 )=       0.000000   gamma_tr=       0.000000 meV  omega=    188.6374 meV   on_shell_Omega=    188.7156 meV  off_shell_Omega=    188.7156 meV
     lambda___( tot )=       0.000000
     lambda_tr( tot )=       0.000000
     -------------------------------------------------------------------


     Number of (k,k+q) pairs on the Fermi surface:      324 out of      324


     ismear =     1 iq =     252 coord.:   0.72222  0.94444  0.00000 wt:   0.00309 Temp:  300.000K
     -------------------------------------------------------------------
     lambda___(   1 )=      -0.000000   gamma___=      -0.000000 meV  omega=     28.7857 meV   on_shell_Omega=     28.7805 meV  off_shell_Omega=     28.7805 meV
     lambda_tr(   1 )=      -0.000000   gamma_tr=      -0.000000 meV  omega=     28.7857 meV   on_shell_Omega=     28.7805 meV  off_shell_Omega=     28.7805 meV
     lambda___(   2 )=       0.000000   gamma___=       0.000000 meV  omega=     68.6079 meV   on_shell_Omega=     68.6148 meV  off_shell_Omega=     68.6148 meV
     lambda_tr(   2 )=       0.000000   gamma_tr=       0.000000 meV  omega=     68.6079 meV   on_shell_Omega=     68.6148 meV  off_shell_Omega=     68.6148 meV
     lambda___(   3 )=       0.000000   gamma___=       0.000000 meV  omega=     97.3947 meV   on_shell_Omega=     97.4038 meV  off_shell_Omega=     97.4038 meV
     lambda_tr(   3 )=       0.000000   gamma_tr=       0.000000 meV  omega=     97.3947 meV   on_shell_Omega=     97.4038 meV  off_shell_Omega=     97.4038 meV
     lambda___(   4 )=       0.000000   gamma___=       0.000000 meV  omega=    116.4405 meV   on_shell_Omega=    116.4650 meV  off_shell_Omega=    116.4650 meV
     lambda_tr(   4 )=       0.000000   gamma_tr=       0.000000 meV  omega=    116.4405 meV   on_shell_Omega=    116.4650 meV  off_shell_Omega=    116.4650 meV
     lambda___(   5 )=       0.000000   gamma___=       0.000000 meV  omega=    178.9570 meV   on_shell_Omega=    179.1283 meV  off_shell_Omega=    179.0444 meV
     lambda_tr(   5 )=       0.000000   gamma_tr=       0.000000 meV  omega=    178.9570 meV   on_shell_Omega=    179.1283 meV  off_shell_Omega=    179.0444 meV
     lambda___(   6 )=       0.000000   gamma___=       0.000000 meV  omega=    193.1847 meV   on_shell_Omega=    193.3067 meV  off_shell_Omega=    193.3067 meV
     lambda_tr(   6 )=       0.000000   gamma_tr=       0.000000 meV  omega=    193.1847 meV   on_shell_Omega=    193.3067 meV  off_shell_Omega=    193.3067 meV
     lambda___( tot )=       0.000000
     lambda_tr( tot )=       0.000000
     -------------------------------------------------------------------


     Number of (k,k+q) pairs on the Fermi surface:      324 out of      324


     ismear =     1 iq =     253 coord.:   0.77778  0.00000  0.00000 wt:   0.00309 Temp:  300.000K
     -------------------------------------------------------------------
     lambda___(   1 )=       0.000000   gamma___=       0.000000 meV  omega=     15.0491 meV   on_shell_Omega=     15.0522 meV  off_shell_Omega=     15.0522 meV
     lambda_tr(   1 )=       0.000000   gamma_tr=       0.000000 meV  omega=     15.0491 meV   on_shell_Omega=     15.0522 meV  off_shell_Omega=     15.0522 meV
     lambda___(   2 )=       0.000000   gamma___=       0.000000 meV  omega=     52.5809 meV   on_shell_Omega=     52.5731 meV  off_shell_Omega=     52.5731 meV
     lambda_tr(   2 )=       0.000000   gamma_tr=       0.000000 meV  omega=     52.5809 meV   on_shell_Omega=     52.5731 meV  off_shell_Omega=     52.5731 meV
     lambda___(   3 )=       0.000000   gamma___=       0.000000 meV  omega=     88.1728 meV   on_shell_Omega=     88.1994 meV  off_shell_Omega=     88.1994 meV
     lambda_tr(   3 )=       0.000000   gamma_tr=       0.000000 meV  omega=     88.1728 meV   on_shell_Omega=     88.1994 meV  off_shell_Omega=     88.1994 meV
     lambda___(   4 )=       0.000000   gamma___=       0.000000 meV  omega=    103.4673 meV   on_shell_Omega=    103.4685 meV  off_shell_Omega=    103.4685 meV
     lambda_tr(   4 )=       0.000000   gamma_tr=       0.000000 meV  omega=    103.4673 meV   on_shell_Omega=    103.4685 meV  off_shell_Omega=    103.4685 meV
     lambda___(   5 )=       0.000000   gamma___=       0.000000 meV  omega=    184.7081 meV   on_shell_Omega=    184.9198 meV  off_shell_Omega=    184.7983 meV
     lambda_tr(   5 )=       0.000000   gamma_tr=       0.000000 meV  omega=    184.7081 meV   on_shell_Omega=    184.9198 meV  off_shell_Omega=    184.7983 meV
     lambda___(   6 )=       0.000000   gamma___=       0.000000 meV  omega=    199.0673 meV   on_shell_Omega=    199.3455 meV  off_shell_Omega=    199.4075 meV
     lambda_tr(   6 )=       0.000000   gamma_tr=       0.000000 meV  omega=    199.0673 meV   on_shell_Omega=    199.3455 meV  off_shell_Omega=    199.4075 meV
     lambda___( tot )=       0.000000
     lambda_tr( tot )=       0.000000
     -------------------------------------------------------------------


     Number of (k,k+q) pairs on the Fermi surface:      324 out of      324


     ismear =     1 iq =     254 coord.:   0.77778  0.05556  0.00000 wt:   0.00309 Temp:  300.000K
     -------------------------------------------------------------------
     lambda___(   1 )=       0.000000   gamma___=       0.000000 meV  omega=     12.3904 meV   on_shell_Omega=     12.4019 meV  off_shell_Omega=     12.4019 meV
     lambda_tr(   1 )=       0.000000   gamma_tr=       0.000000 meV  omega=     12.3904 meV   on_shell_Omega=     12.4019 meV  off_shell_Omega=     12.4019 meV
     lambda___(   2 )=       0.000000   gamma___=       0.000000 meV  omega=     50.4729 meV   on_shell_Omega=     50.4899 meV  off_shell_Omega=     50.4899 meV
     lambda_tr(   2 )=       0.000000   gamma_tr=       0.000000 meV  omega=     50.4729 meV   on_shell_Omega=     50.4899 meV  off_shell_Omega=     50.4899 meV
     lambda___(   3 )=       0.000000   gamma___=       0.000000 meV  omega=     79.5725 meV   on_shell_Omega=     79.5889 meV  off_shell_Omega=     79.5889 meV
     lambda_tr(   3 )=       0.000000   gamma_tr=       0.000000 meV  omega=     79.5725 meV   on_shell_Omega=     79.5889 meV  off_shell_Omega=     79.5889 meV
     lambda___(   4 )=       0.000000   gamma___=       0.000000 meV  omega=    104.4973 meV   on_shell_Omega=    104.4977 meV  off_shell_Omega=    104.4977 meV
     lambda_tr(   4 )=       0.000000   gamma_tr=       0.000000 meV  omega=    104.4973 meV   on_shell_Omega=    104.4977 meV  off_shell_Omega=    104.4977 meV
     lambda___(   5 )=       0.000000   gamma___=       0.000000 meV  omega=    185.9142 meV   on_shell_Omega=    186.1546 meV  off_shell_Omega=    186.2319 meV
     lambda_tr(   5 )=       0.000000   gamma_tr=       0.000000 meV  omega=    185.9142 meV   on_shell_Omega=    186.1546 meV  off_shell_Omega=    186.2319 meV
     lambda___(   6 )=       0.000000   gamma___=       0.000000 meV  omega=    199.3005 meV   on_shell_Omega=    199.6360 meV  off_shell_Omega=    199.6411 meV
     lambda_tr(   6 )=       0.000000   gamma_tr=       0.000000 meV  omega=    199.3005 meV   on_shell_Omega=    199.6360 meV  off_shell_Omega=    199.6411 meV
     lambda___( tot )=       0.000000
     lambda_tr( tot )=       0.000000
     -------------------------------------------------------------------


     Number of (k,k+q) pairs on the Fermi surface:      324 out of      324


     ismear =     1 iq =     255 coord.:   0.77778  0.11111  0.00000 wt:   0.00309 Temp:  300.000K
     -------------------------------------------------------------------
     lambda___(   1 )=       0.000000   gamma___=       0.000000 meV  omega=     11.6386 meV   on_shell_Omega=     11.6624 meV  off_shell_Omega=     11.6624 meV
     lambda_tr(   1 )=       0.000000   gamma_tr=       0.000000 meV  omega=     11.6386 meV   on_shell_Omega=     11.6624 meV  off_shell_Omega=     11.6624 meV
     lambda___(   2 )=       0.000000   gamma___=       0.000000 meV  omega=     50.9452 meV   on_shell_Omega=     50.9952 meV  off_shell_Omega=     50.9952 meV
     lambda_tr(   2 )=       0.000000   gamma_tr=       0.000000 meV  omega=     50.9452 meV   on_shell_Omega=     50.9952 meV  off_shell_Omega=     50.9952 meV
     lambda___(   3 )=       0.000000   gamma___=       0.000000 meV  omega=     75.8005 meV   on_shell_Omega=     75.7874 meV  off_shell_Omega=     75.7874 meV
     lambda_tr(   3 )=       0.000000   gamma_tr=       0.000000 meV  omega=     75.8005 meV   on_shell_Omega=     75.7874 meV  off_shell_Omega=     75.7874 meV
     lambda___(   4 )=       0.000000   gamma___=       0.000000 meV  omega=    104.8116 meV   on_shell_Omega=    104.8115 meV  off_shell_Omega=    104.8115 meV
     lambda_tr(   4 )=       0.000000   gamma_tr=       0.000000 meV  omega=    104.8116 meV   on_shell_Omega=    104.8115 meV  off_shell_Omega=    104.8115 meV
     lambda___(   5 )=       0.000000   gamma___=       0.000000 meV  omega=    186.2087 meV   on_shell_Omega=    186.4815 meV  off_shell_Omega=    186.5269 meV
     lambda_tr(   5 )=       0.000000   gamma_tr=       0.000000 meV  omega=    186.2087 meV   on_shell_Omega=    186.4815 meV  off_shell_Omega=    186.5269 meV
     lambda___(   6 )=       0.000000   gamma___=       0.000000 meV  omega=    199.1668 meV   on_shell_Omega=    199.4976 meV  off_shell_Omega=    199.5072 meV
     lambda_tr(   6 )=       0.000000   gamma_tr=       0.000000 meV  omega=    199.1668 meV   on_shell_Omega=    199.4976 meV  off_shell_Omega=    199.5072 meV
     lambda___( tot )=       0.000000
     lambda_tr( tot )=       0.000000
     -------------------------------------------------------------------


     Number of (k,k+q) pairs on the Fermi surface:      324 out of      324


     ismear =     1 iq =     256 coord.:   0.77778  0.16667  0.00000 wt:   0.00309 Temp:  300.000K
     -------------------------------------------------------------------
     lambda___(   1 )=       0.000000   gamma___=       0.000000 meV  omega=     12.3904 meV   on_shell_Omega=     12.4046 meV  off_shell_Omega=     12.4046 meV
     lambda_tr(   1 )=      -0.000000   gamma_tr=      -0.000000 meV  omega=     12.3904 meV   on_shell_Omega=     12.4046 meV  off_shell_Omega=     12.4046 meV
     lambda___(   2 )=       0.000000   gamma___=       0.000000 meV  omega=     50.4729 meV   on_shell_Omega=     50.4894 meV  off_shell_Omega=     50.4894 meV
     lambda_tr(   2 )=       0.000000   gamma_tr=       0.000000 meV  omega=     50.4729 meV   on_shell_Omega=     50.4894 meV  off_shell_Omega=     50.4894 meV
     lambda___(   3 )=       0.000000   gamma___=       0.000000 meV  omega=     79.5725 meV   on_shell_Omega=     79.5904 meV  off_shell_Omega=     79.5904 meV
     lambda_tr(   3 )=       0.000000   gamma_tr=       0.000000 meV  omega=     79.5725 meV   on_shell_Omega=     79.5904 meV  off_shell_Omega=     79.5904 meV
     lambda___(   4 )=       0.000000   gamma___=       0.000000 meV  omega=    104.4973 meV   on_shell_Omega=    104.4978 meV  off_shell_Omega=    104.4978 meV
     lambda_tr(   4 )=       0.000000   gamma_tr=       0.000000 meV  omega=    104.4973 meV   on_shell_Omega=    104.4978 meV  off_shell_Omega=    104.4978 meV
     lambda___(   5 )=       0.000000   gamma___=       0.000000 meV  omega=    185.9142 meV   on_shell_Omega=    186.1604 meV  off_shell_Omega=    186.2319 meV
     lambda_tr(   5 )=       0.000000   gamma_tr=       0.000000 meV  omega=    185.9142 meV   on_shell_Omega=    186.1604 meV  off_shell_Omega=    186.2319 meV
     lambda___(   6 )=       0.000000   gamma___=       0.000000 meV  omega=    199.3005 meV   on_shell_Omega=    199.6362 meV  off_shell_Omega=    199.6411 meV
     lambda_tr(   6 )=       0.000000   gamma_tr=       0.000000 meV  omega=    199.3005 meV   on_shell_Omega=    199.6362 meV  off_shell_Omega=    199.6411 meV
     lambda___( tot )=       0.000000
     lambda_tr( tot )=       0.000000
     -------------------------------------------------------------------


     Number of (k,k+q) pairs on the Fermi surface:      324 out of      324


     ismear =     1 iq =     257 coord.:   0.77778  0.22222  0.00000 wt:   0.00309 Temp:  300.000K
     -------------------------------------------------------------------
     lambda___(   1 )=       0.000000   gamma___=       0.000000 meV  omega=     15.0491 meV   on_shell_Omega=     15.0568 meV  off_shell_Omega=     15.0568 meV
     lambda_tr(   1 )=      -0.000000   gamma_tr=      -0.000000 meV  omega=     15.0491 meV   on_shell_Omega=     15.0568 meV  off_shell_Omega=     15.0568 meV
     lambda___(   2 )=       0.000000   gamma___=       0.000000 meV  omega=     52.5809 meV   on_shell_Omega=     52.5738 meV  off_shell_Omega=     52.5738 meV
     lambda_tr(   2 )=      -0.000000   gamma_tr=      -0.000000 meV  omega=     52.5809 meV   on_shell_Omega=     52.5738 meV  off_shell_Omega=     52.5738 meV
     lambda___(   3 )=       0.000000   gamma___=       0.000000 meV  omega=     88.1728 meV   on_shell_Omega=     88.2015 meV  off_shell_Omega=     88.2015 meV
     lambda_tr(   3 )=      -0.000000   gamma_tr=      -0.000000 meV  omega=     88.1728 meV   on_shell_Omega=     88.2015 meV  off_shell_Omega=     88.2015 meV
     lambda___(   4 )=       0.000000   gamma___=       0.000000 meV  omega=    103.4673 meV   on_shell_Omega=    103.4683 meV  off_shell_Omega=    103.4683 meV
     lambda_tr(   4 )=      -0.000000   gamma_tr=      -0.000000 meV  omega=    103.4673 meV   on_shell_Omega=    103.4683 meV  off_shell_Omega=    103.4683 meV
     lambda___(   5 )=       0.000000   gamma___=       0.000000 meV  omega=    184.7081 meV   on_shell_Omega=    184.9255 meV  off_shell_Omega=    184.7983 meV
     lambda_tr(   5 )=       0.000000   gamma_tr=       0.000000 meV  omega=    184.7081 meV   on_shell_Omega=    184.9255 meV  off_shell_Omega=    184.7983 meV
     lambda___(   6 )=       0.000000   gamma___=       0.000000 meV  omega=    199.0673 meV   on_shell_Omega=    199.3456 meV  off_shell_Omega=    199.4075 meV
     lambda_tr(   6 )=       0.000000   gamma_tr=       0.000000 meV  omega=    199.0673 meV   on_shell_Omega=    199.3456 meV  off_shell_Omega=    199.4075 meV
     lambda___( tot )=       0.000000
     lambda_tr( tot )=       0.000000
     -------------------------------------------------------------------


     Number of (k,k+q) pairs on the Fermi surface:      324 out of      324


     ismear =     1 iq =     258 coord.:   0.77778  0.27778  0.00000 wt:   0.00309 Temp:  300.000K
     -------------------------------------------------------------------
     lambda___(   1 )=      -0.000000   gamma___=      -0.000000 meV  omega=     19.7003 meV   on_shell_Omega=     19.7069 meV  off_shell_Omega=     19.7069 meV
     lambda_tr(   1 )=      -0.000000   gamma_tr=      -0.000000 meV  omega=     19.7003 meV   on_shell_Omega=     19.7069 meV  off_shell_Omega=     19.7069 meV
     lambda___(   2 )=       0.000000   gamma___=       0.000000 meV  omega=     60.2779 meV   on_shell_Omega=     60.2862 meV  off_shell_Omega=     60.2862 meV
     lambda_tr(   2 )=       0.000000   gamma_tr=       0.000000 meV  omega=     60.2779 meV   on_shell_Omega=     60.2862 meV  off_shell_Omega=     60.2862 meV
     lambda___(   3 )=       0.000000   gamma___=       0.000000 meV  omega=     98.3469 meV   on_shell_Omega=     98.3714 meV  off_shell_Omega=     98.3714 meV
     lambda_tr(   3 )=       0.000000   gamma_tr=       0.000000 meV  omega=     98.3469 meV   on_shell_Omega=     98.3714 meV  off_shell_Omega=     98.3714 meV
     lambda___(   4 )=       0.000000   gamma___=       0.000000 meV  omega=    101.5638 meV   on_shell_Omega=    101.5659 meV  off_shell_Omega=    101.5659 meV
     lambda_tr(   4 )=       0.000000   gamma_tr=       0.000000 meV  omega=    101.5638 meV   on_shell_Omega=    101.5659 meV  off_shell_Omega=    101.5659 meV
     lambda___(   5 )=       0.000000   gamma___=       0.000000 meV  omega=    182.2325 meV   on_shell_Omega=    182.4457 meV  off_shell_Omega=    182.3215 meV
     lambda_tr(   5 )=       0.000000   gamma_tr=       0.000000 meV  omega=    182.2325 meV   on_shell_Omega=    182.4457 meV  off_shell_Omega=    182.3215 meV
     lambda___(   6 )=       0.000000   gamma___=       0.000000 meV  omega=    197.3919 meV   on_shell_Omega=    197.5958 meV  off_shell_Omega=    197.4883 meV
     lambda_tr(   6 )=       0.000000   gamma_tr=       0.000000 meV  omega=    197.3919 meV   on_shell_Omega=    197.5958 meV  off_shell_Omega=    197.4883 meV
     lambda___( tot )=       0.000000
     lambda_tr( tot )=       0.000000
     -------------------------------------------------------------------


     Number of (k,k+q) pairs on the Fermi surface:      324 out of      324


     ismear =     1 iq =     259 coord.:   0.77778  0.33333  0.00000 wt:   0.00309 Temp:  300.000K
     -------------------------------------------------------------------
     lambda___(   1 )=       0.000000   gamma___=       0.000000 meV  omega=     25.6265 meV   on_shell_Omega=     25.6181 meV  off_shell_Omega=     25.6181 meV
     lambda_tr(   1 )=      -0.000000   gamma_tr=      -0.000000 meV  omega=     25.6265 meV   on_shell_Omega=     25.6181 meV  off_shell_Omega=     25.6181 meV
     lambda___(   2 )=       0.000000   gamma___=       0.000000 meV  omega=     71.9858 meV   on_shell_Omega=     72.0180 meV  off_shell_Omega=     72.0180 meV
     lambda_tr(   2 )=       0.000000   gamma_tr=       0.000000 meV  omega=     71.9858 meV   on_shell_Omega=     72.0180 meV  off_shell_Omega=     72.0180 meV
     lambda___(   3 )=       0.000000   gamma___=       0.000000 meV  omega=     98.6974 meV   on_shell_Omega=     98.7066 meV  off_shell_Omega=     98.7066 meV
     lambda_tr(   3 )=      -0.000000   gamma_tr=      -0.000000 meV  omega=     98.6974 meV   on_shell_Omega=     98.7066 meV  off_shell_Omega=     98.7066 meV
     lambda___(   4 )=       0.000000   gamma___=       0.000000 meV  omega=    108.3008 meV   on_shell_Omega=    108.3151 meV  off_shell_Omega=    108.3151 meV
     lambda_tr(   4 )=       0.000000   gamma_tr=       0.000000 meV  omega=    108.3008 meV   on_shell_Omega=    108.3151 meV  off_shell_Omega=    108.3151 meV
     lambda___(   5 )=       0.000000   gamma___=       0.000000 meV  omega=    178.9592 meV   on_shell_Omega=    179.2001 meV  off_shell_Omega=    179.2650 meV
     lambda_tr(   5 )=      -0.000000   gamma_tr=      -0.000000 meV  omega=    178.9592 meV   on_shell_Omega=    179.2001 meV  off_shell_Omega=    179.2650 meV
     lambda___(   6 )=       0.000000   gamma___=       0.000000 meV  omega=    193.9438 meV   on_shell_Omega=    194.0887 meV  off_shell_Omega=    194.0385 meV
     lambda_tr(   6 )=      -0.000000   gamma_tr=      -0.000000 meV  omega=    193.9438 meV   on_shell_Omega=    194.0887 meV  off_shell_Omega=    194.0385 meV
     lambda___( tot )=       0.000000
     lambda_tr( tot )=      -0.000000
     -------------------------------------------------------------------


     Number of (k,k+q) pairs on the Fermi surface:      324 out of      324


     ismear =     1 iq =     260 coord.:   0.77778  0.38889  0.00000 wt:   0.00309 Temp:  300.000K
     -------------------------------------------------------------------
     lambda___(   1 )=       0.000000   gamma___=       0.000000 meV  omega=     32.2670 meV   on_shell_Omega=     32.2609 meV  off_shell_Omega=     32.2609 meV
     lambda_tr(   1 )=      -0.000000   gamma_tr=      -0.000000 meV  omega=     32.2670 meV   on_shell_Omega=     32.2609 meV  off_shell_Omega=     32.2609 meV
     lambda___(   2 )=      -0.000000   gamma___=      -0.000000 meV  omega=     84.6510 meV   on_shell_Omega=     84.6901 meV  off_shell_Omega=     84.6901 meV
     lambda_tr(   2 )=      -0.000000   gamma_tr=      -0.000000 meV  omega=     84.6510 meV   on_shell_Omega=     84.6901 meV  off_shell_Omega=     84.6901 meV
     lambda___(   3 )=       0.000000   gamma___=       0.000000 meV  omega=     94.8228 meV   on_shell_Omega=     94.8467 meV  off_shell_Omega=     94.8467 meV
     lambda_tr(   3 )=       0.000000   gamma_tr=       0.000000 meV  omega=     94.8228 meV   on_shell_Omega=     94.8467 meV  off_shell_Omega=     94.8467 meV
     lambda___(   4 )=       0.000000   gamma___=       0.000000 meV  omega=    117.3103 meV   on_shell_Omega=    117.3256 meV  off_shell_Omega=    117.3256 meV
     lambda_tr(   4 )=       0.000000   gamma_tr=       0.000000 meV  omega=    117.3103 meV   on_shell_Omega=    117.3256 meV  off_shell_Omega=    117.3256 meV
     lambda___(   5 )=       0.000000   gamma___=       0.000000 meV  omega=    175.8765 meV   on_shell_Omega=    176.1440 meV  off_shell_Omega=    176.1770 meV
     lambda_tr(   5 )=       0.000000   gamma_tr=       0.000000 meV  omega=    175.8765 meV   on_shell_Omega=    176.1440 meV  off_shell_Omega=    176.1770 meV
     lambda___(   6 )=       0.000000   gamma___=       0.000000 meV  omega=    189.0806 meV   on_shell_Omega=    189.1641 meV  off_shell_Omega=    189.1641 meV
     lambda_tr(   6 )=       0.000000   gamma_tr=       0.000000 meV  omega=    189.0806 meV   on_shell_Omega=    189.1641 meV  off_shell_Omega=    189.1641 meV
     lambda___( tot )=       0.000000
     lambda_tr( tot )=       0.000000
     -------------------------------------------------------------------


     Number of (k,k+q) pairs on the Fermi surface:      324 out of      324


     ismear =     1 iq =     261 coord.:   0.77778  0.44444  0.00000 wt:   0.00309 Temp:  300.000K
     -------------------------------------------------------------------
     lambda___(   1 )=       0.000000   gamma___=       0.000000 meV  omega=     39.5213 meV   on_shell_Omega=     39.5505 meV  off_shell_Omega=     39.5505 meV
     lambda_tr(   1 )=       0.000000   gamma_tr=       0.000000 meV  omega=     39.5213 meV   on_shell_Omega=     39.5505 meV  off_shell_Omega=     39.5505 meV
     lambda___(   2 )=       0.000000   gamma___=       0.000000 meV  omega=     89.8641 meV   on_shell_Omega=     89.8990 meV  off_shell_Omega=     89.8990 meV
     lambda_tr(   2 )=       0.000000   gamma_tr=       0.000000 meV  omega=     89.8641 meV   on_shell_Omega=     89.8990 meV  off_shell_Omega=     89.8990 meV
     lambda___(   3 )=       0.000000   gamma___=       0.000000 meV  omega=     95.7309 meV   on_shell_Omega=     95.7708 meV  off_shell_Omega=     95.7708 meV
     lambda_tr(   3 )=       0.000000   gamma_tr=       0.000000 meV  omega=     95.7309 meV   on_shell_Omega=     95.7708 meV  off_shell_Omega=     95.7708 meV
     lambda___(   4 )=       0.000000   gamma___=       0.000000 meV  omega=    126.0337 meV   on_shell_Omega=    126.0672 meV  off_shell_Omega=    126.0672 meV
     lambda_tr(   4 )=       0.000000   gamma_tr=       0.000000 meV  omega=    126.0337 meV   on_shell_Omega=    126.0672 meV  off_shell_Omega=    126.0672 meV
     lambda___(   5 )=       0.000000   gamma___=       0.000000 meV  omega=    173.2623 meV   on_shell_Omega=    173.5193 meV  off_shell_Omega=    173.5584 meV
     lambda_tr(   5 )=       0.000000   gamma_tr=       0.000000 meV  omega=    173.2623 meV   on_shell_Omega=    173.5193 meV  off_shell_Omega=    173.5584 meV
     lambda___(   6 )=       0.000000   gamma___=       0.000000 meV  omega=    183.0205 meV   on_shell_Omega=    183.0636 meV  off_shell_Omega=    183.0636 meV
     lambda_tr(   6 )=       0.000000   gamma_tr=       0.000000 meV  omega=    183.0205 meV   on_shell_Omega=    183.0636 meV  off_shell_Omega=    183.0636 meV
     lambda___( tot )=       0.000000
     lambda_tr( tot )=       0.000000
     -------------------------------------------------------------------


     Number of (k,k+q) pairs on the Fermi surface:      324 out of      324


     ismear =     1 iq =     262 coord.:   0.77778  0.50000  0.00000 wt:   0.00309 Temp:  300.000K
     -------------------------------------------------------------------
     lambda___(   1 )=       0.000000   gamma___=       0.000000 meV  omega=     47.3299 meV   on_shell_Omega=     47.3860 meV  off_shell_Omega=     47.3860 meV
     lambda_tr(   1 )=       0.000000   gamma_tr=       0.000000 meV  omega=     47.3299 meV   on_shell_Omega=     47.3860 meV  off_shell_Omega=     47.3860 meV
     lambda___(   2 )=       0.000000   gamma___=       0.000000 meV  omega=     83.8247 meV   on_shell_Omega=     83.8600 meV  off_shell_Omega=     83.8600 meV
     lambda_tr(   2 )=       0.000000   gamma_tr=       0.000000 meV  omega=     83.8247 meV   on_shell_Omega=     83.8600 meV  off_shell_Omega=     83.8600 meV
     lambda___(   3 )=       0.000000   gamma___=       0.000000 meV  omega=    103.7715 meV   on_shell_Omega=    103.7937 meV  off_shell_Omega=    103.7937 meV
     lambda_tr(   3 )=       0.000000   gamma_tr=       0.000000 meV  omega=    103.7715 meV   on_shell_Omega=    103.7937 meV  off_shell_Omega=    103.7937 meV
     lambda___(   4 )=       0.000000   gamma___=       0.000000 meV  omega=    135.5911 meV   on_shell_Omega=    135.6311 meV  off_shell_Omega=    135.6311 meV
     lambda_tr(   4 )=       0.000000   gamma_tr=       0.000000 meV  omega=    135.5911 meV   on_shell_Omega=    135.6311 meV  off_shell_Omega=    135.6311 meV
     lambda___(   5 )=       0.000000   gamma___=       0.000000 meV  omega=    170.5858 meV   on_shell_Omega=    170.8228 meV  off_shell_Omega=    170.8773 meV
     lambda_tr(   5 )=       0.000000   gamma_tr=       0.000000 meV  omega=    170.5858 meV   on_shell_Omega=    170.8228 meV  off_shell_Omega=    170.8773 meV
     lambda___(   6 )=       0.000000   gamma___=       0.000000 meV  omega=    175.6266 meV   on_shell_Omega=    175.6617 meV  off_shell_Omega=    175.6617 meV
     lambda_tr(   6 )=       0.000000   gamma_tr=       0.000000 meV  omega=    175.6266 meV   on_shell_Omega=    175.6617 meV  off_shell_Omega=    175.6617 meV
     lambda___( tot )=       0.000000
     lambda_tr( tot )=       0.000000
     -------------------------------------------------------------------


     Number of (k,k+q) pairs on the Fermi surface:      324 out of      324


     ismear =     1 iq =     263 coord.:   0.77778  0.55556  0.00000 wt:   0.00309 Temp:  300.000K
     -------------------------------------------------------------------
     lambda___(   1 )=       0.000000   gamma___=       0.000000 meV  omega=     55.0663 meV   on_shell_Omega=     55.1254 meV  off_shell_Omega=     55.1254 meV
     lambda_tr(   1 )=       0.000000   gamma_tr=       0.000000 meV  omega=     55.0663 meV   on_shell_Omega=     55.1254 meV  off_shell_Omega=     55.1254 meV
     lambda___(   2 )=       0.000000   gamma___=       0.000000 meV  omega=     77.2226 meV   on_shell_Omega=     77.2606 meV  off_shell_Omega=     77.2606 meV
     lambda_tr(   2 )=       0.000000   gamma_tr=       0.000000 meV  omega=     77.2226 meV   on_shell_Omega=     77.2606 meV  off_shell_Omega=     77.2606 meV
     lambda___(   3 )=       0.000000   gamma___=       0.000000 meV  omega=    108.6272 meV   on_shell_Omega=    108.6349 meV  off_shell_Omega=    108.6349 meV
     lambda_tr(   3 )=       0.000000   gamma_tr=       0.000000 meV  omega=    108.6272 meV   on_shell_Omega=    108.6349 meV  off_shell_Omega=    108.6349 meV
     lambda___(   4 )=      -0.000000   gamma___=      -0.000000 meV  omega=    145.8258 meV   on_shell_Omega=    145.8527 meV  off_shell_Omega=    145.8527 meV
     lambda_tr(   4 )=      -0.000000   gamma_tr=      -0.000000 meV  omega=    145.8258 meV   on_shell_Omega=    145.8527 meV  off_shell_Omega=    145.8527 meV
     lambda___(   5 )=       0.000000   gamma___=       0.000000 meV  omega=    166.9249 meV   on_shell_Omega=    166.9415 meV  off_shell_Omega=    166.9415 meV
     lambda_tr(   5 )=       0.000000   gamma_tr=       0.000000 meV  omega=    166.9249 meV   on_shell_Omega=    166.9415 meV  off_shell_Omega=    166.9415 meV
     lambda___(   6 )=       0.000000   gamma___=       0.000000 meV  omega=    168.0175 meV   on_shell_Omega=    168.3419 meV  off_shell_Omega=    168.3046 meV
     lambda_tr(   6 )=       0.000000   gamma_tr=       0.000000 meV  omega=    168.0175 meV   on_shell_Omega=    168.3419 meV  off_shell_Omega=    168.3046 meV
     lambda___( tot )=       0.000000
     lambda_tr( tot )=       0.000000
     -------------------------------------------------------------------


     Number of (k,k+q) pairs on the Fermi surface:      324 out of      324


     ismear =     1 iq =     264 coord.:   0.77778  0.61111  0.00000 wt:   0.00309 Temp:  300.000K
     -------------------------------------------------------------------
     lambda___(   1 )=      -0.000000   gamma___=      -0.000000 meV  omega=     59.5089 meV   on_shell_Omega=     59.5635 meV  off_shell_Omega=     59.5635 meV
     lambda_tr(   1 )=      -0.000000   gamma_tr=      -0.000000 meV  omega=     59.5089 meV   on_shell_Omega=     59.5635 meV  off_shell_Omega=     59.5635 meV
     lambda___(   2 )=      -0.000000   gamma___=      -0.000000 meV  omega=     73.1716 meV   on_shell_Omega=     73.2142 meV  off_shell_Omega=     73.2142 meV
     lambda_tr(   2 )=      -0.000000   gamma_tr=      -0.000000 meV  omega=     73.1716 meV   on_shell_Omega=     73.2142 meV  off_shell_Omega=     73.2142 meV
     lambda___(   3 )=      -0.000000   gamma___=      -0.000000 meV  omega=    110.3060 meV   on_shell_Omega=    110.3085 meV  off_shell_Omega=    110.3085 meV
     lambda_tr(   3 )=      -0.000000   gamma_tr=      -0.000000 meV  omega=    110.3060 meV   on_shell_Omega=    110.3085 meV  off_shell_Omega=    110.3085 meV
     lambda___(   4 )=       0.000000   gamma___=       0.000000 meV  omega=    153.8528 meV   on_shell_Omega=    153.8370 meV  off_shell_Omega=    153.8370 meV
     lambda_tr(   4 )=       0.000000   gamma_tr=       0.000000 meV  omega=    153.8528 meV   on_shell_Omega=    153.8370 meV  off_shell_Omega=    153.8370 meV
     lambda___(   5 )=      -0.000000   gamma___=      -0.000000 meV  omega=    159.4651 meV   on_shell_Omega=    159.5218 meV  off_shell_Omega=    159.5218 meV
     lambda_tr(   5 )=      -0.000000   gamma_tr=      -0.000000 meV  omega=    159.4651 meV   on_shell_Omega=    159.5218 meV  off_shell_Omega=    159.5218 meV
     lambda___(   6 )=      -0.000000   gamma___=      -0.000000 meV  omega=    166.8301 meV   on_shell_Omega=    167.2349 meV  off_shell_Omega=    167.3189 meV
     lambda_tr(   6 )=      -0.000000   gamma_tr=      -0.000000 meV  omega=    166.8301 meV   on_shell_Omega=    167.2349 meV  off_shell_Omega=    167.3189 meV
     lambda___( tot )=      -0.000000
     lambda_tr( tot )=      -0.000000
     -------------------------------------------------------------------


     Number of (k,k+q) pairs on the Fermi surface:      324 out of      324


     ismear =     1 iq =     265 coord.:   0.77778  0.66667  0.00000 wt:   0.00309 Temp:  300.000K
     -------------------------------------------------------------------
     lambda___(   1 )=      -0.000000   gamma___=      -0.000000 meV  omega=     55.0663 meV   on_shell_Omega=     55.1266 meV  off_shell_Omega=     55.1266 meV
     lambda_tr(   1 )=      -0.000000   gamma_tr=      -0.000000 meV  omega=     55.0663 meV   on_shell_Omega=     55.1266 meV  off_shell_Omega=     55.1266 meV
     lambda___(   2 )=       0.000000   gamma___=       0.000000 meV  omega=     77.2226 meV   on_shell_Omega=     77.2610 meV  off_shell_Omega=     77.2610 meV
     lambda_tr(   2 )=       0.000000   gamma_tr=       0.000000 meV  omega=     77.2226 meV   on_shell_Omega=     77.2610 meV  off_shell_Omega=     77.2610 meV
     lambda___(   3 )=       0.000000   gamma___=       0.000000 meV  omega=    108.6272 meV   on_shell_Omega=    108.6340 meV  off_shell_Omega=    108.6340 meV
     lambda_tr(   3 )=       0.000000   gamma_tr=       0.000000 meV  omega=    108.6272 meV   on_shell_Omega=    108.6340 meV  off_shell_Omega=    108.6340 meV
     lambda___(   4 )=       0.000000   gamma___=       0.000000 meV  omega=    145.8258 meV   on_shell_Omega=    145.8556 meV  off_shell_Omega=    145.8556 meV
     lambda_tr(   4 )=       0.000000   gamma_tr=       0.000000 meV  omega=    145.8258 meV   on_shell_Omega=    145.8556 meV  off_shell_Omega=    145.8556 meV
     lambda___(   5 )=      -0.000000   gamma___=      -0.000000 meV  omega=    166.9249 meV   on_shell_Omega=    166.9417 meV  off_shell_Omega=    166.9417 meV
     lambda_tr(   5 )=      -0.000000   gamma_tr=      -0.000000 meV  omega=    166.9249 meV   on_shell_Omega=    166.9417 meV  off_shell_Omega=    166.9417 meV
     lambda___(   6 )=       0.000000   gamma___=       0.000000 meV  omega=    168.0175 meV   on_shell_Omega=    168.3606 meV  off_shell_Omega=    168.3046 meV
     lambda_tr(   6 )=       0.000000   gamma_tr=       0.000000 meV  omega=    168.0175 meV   on_shell_Omega=    168.3606 meV  off_shell_Omega=    168.3046 meV
     lambda___( tot )=       0.000000
     lambda_tr( tot )=       0.000000
     -------------------------------------------------------------------


     Number of (k,k+q) pairs on the Fermi surface:      324 out of      324


     ismear =     1 iq =     266 coord.:   0.77778  0.72222  0.00000 wt:   0.00309 Temp:  300.000K
     -------------------------------------------------------------------
     lambda___(   1 )=       0.000000   gamma___=       0.000000 meV  omega=     47.3299 meV   on_shell_Omega=     47.3881 meV  off_shell_Omega=     47.3881 meV
     lambda_tr(   1 )=       0.000000   gamma_tr=       0.000000 meV  omega=     47.3299 meV   on_shell_Omega=     47.3881 meV  off_shell_Omega=     47.3881 meV
     lambda___(   2 )=       0.000000   gamma___=       0.000000 meV  omega=     83.8247 meV   on_shell_Omega=     83.8590 meV  off_shell_Omega=     83.8590 meV
     lambda_tr(   2 )=       0.000000   gamma_tr=       0.000000 meV  omega=     83.8247 meV   on_shell_Omega=     83.8590 meV  off_shell_Omega=     83.8590 meV
     lambda___(   3 )=       0.000000   gamma___=       0.000000 meV  omega=    103.7715 meV   on_shell_Omega=    103.7929 meV  off_shell_Omega=    103.7929 meV
     lambda_tr(   3 )=       0.000000   gamma_tr=       0.000000 meV  omega=    103.7715 meV   on_shell_Omega=    103.7929 meV  off_shell_Omega=    103.7929 meV
     lambda___(   4 )=       0.000000   gamma___=       0.000000 meV  omega=    135.5911 meV   on_shell_Omega=    135.6328 meV  off_shell_Omega=    135.6328 meV
     lambda_tr(   4 )=       0.000000   gamma_tr=       0.000000 meV  omega=    135.5911 meV   on_shell_Omega=    135.6328 meV  off_shell_Omega=    135.6328 meV
     lambda___(   5 )=       0.000000   gamma___=       0.000000 meV  omega=    170.5858 meV   on_shell_Omega=    170.8383 meV  off_shell_Omega=    170.8773 meV
     lambda_tr(   5 )=       0.000000   gamma_tr=       0.000000 meV  omega=    170.5858 meV   on_shell_Omega=    170.8383 meV  off_shell_Omega=    170.8773 meV
     lambda___(   6 )=       0.000000   gamma___=       0.000000 meV  omega=    175.6266 meV   on_shell_Omega=    175.6608 meV  off_shell_Omega=    175.6608 meV
     lambda_tr(   6 )=       0.000000   gamma_tr=       0.000000 meV  omega=    175.6266 meV   on_shell_Omega=    175.6608 meV  off_shell_Omega=    175.6608 meV
     lambda___( tot )=       0.000000
     lambda_tr( tot )=       0.000000
     -------------------------------------------------------------------


     Number of (k,k+q) pairs on the Fermi surface:      324 out of      324


     ismear =     1 iq =     267 coord.:   0.77778  0.77778  0.00000 wt:   0.00309 Temp:  300.000K
     -------------------------------------------------------------------
     lambda___(   1 )=      -0.000000   gamma___=      -0.000000 meV  omega=     39.5213 meV   on_shell_Omega=     39.5504 meV  off_shell_Omega=     39.5504 meV
     lambda_tr(   1 )=      -0.000000   gamma_tr=      -0.000000 meV  omega=     39.5213 meV   on_shell_Omega=     39.5504 meV  off_shell_Omega=     39.5504 meV
     lambda___(   2 )=      -0.000000   gamma___=      -0.000000 meV  omega=     89.8641 meV   on_shell_Omega=     89.8980 meV  off_shell_Omega=     89.8980 meV
     lambda_tr(   2 )=      -0.000000   gamma_tr=      -0.000000 meV  omega=     89.8641 meV   on_shell_Omega=     89.8980 meV  off_shell_Omega=     89.8980 meV
     lambda___(   3 )=      -0.000000   gamma___=      -0.000000 meV  omega=     95.7309 meV   on_shell_Omega=     95.7706 meV  off_shell_Omega=     95.7706 meV
     lambda_tr(   3 )=      -0.000000   gamma_tr=      -0.000000 meV  omega=     95.7309 meV   on_shell_Omega=     95.7706 meV  off_shell_Omega=     95.7706 meV
     lambda___(   4 )=      -0.000000   gamma___=      -0.000000 meV  omega=    126.0337 meV   on_shell_Omega=    126.0675 meV  off_shell_Omega=    126.0675 meV
     lambda_tr(   4 )=      -0.000000   gamma_tr=      -0.000000 meV  omega=    126.0337 meV   on_shell_Omega=    126.0675 meV  off_shell_Omega=    126.0675 meV
     lambda___(   5 )=      -0.000000   gamma___=      -0.000000 meV  omega=    173.2623 meV   on_shell_Omega=    173.5202 meV  off_shell_Omega=    173.5584 meV
     lambda_tr(   5 )=      -0.000000   gamma_tr=      -0.000000 meV  omega=    173.2623 meV   on_shell_Omega=    173.5202 meV  off_shell_Omega=    173.5584 meV
     lambda___(   6 )=      -0.000000   gamma___=      -0.000000 meV  omega=    183.0205 meV   on_shell_Omega=    183.0623 meV  off_shell_Omega=    183.0623 meV
     lambda_tr(   6 )=      -0.000000   gamma_tr=      -0.000000 meV  omega=    183.0205 meV   on_shell_Omega=    183.0623 meV  off_shell_Omega=    183.0623 meV
     lambda___( tot )=      -0.000000
     lambda_tr( tot )=      -0.000000
     -------------------------------------------------------------------


     Number of (k,k+q) pairs on the Fermi surface:      324 out of      324


     ismear =     1 iq =     268 coord.:   0.77778  0.83333  0.00000 wt:   0.00309 Temp:  300.000K
     -------------------------------------------------------------------
     lambda___(   1 )=       0.000000   gamma___=       0.000000 meV  omega=     32.2670 meV   on_shell_Omega=     32.2567 meV  off_shell_Omega=     32.2567 meV
     lambda_tr(   1 )=      -0.000000   gamma_tr=      -0.000000 meV  omega=     32.2670 meV   on_shell_Omega=     32.2567 meV  off_shell_Omega=     32.2567 meV
     lambda___(   2 )=       0.000000   gamma___=       0.000000 meV  omega=     84.6510 meV   on_shell_Omega=     84.6896 meV  off_shell_Omega=     84.6896 meV
     lambda_tr(   2 )=       0.000000   gamma_tr=       0.000000 meV  omega=     84.6510 meV   on_shell_Omega=     84.6896 meV  off_shell_Omega=     84.6896 meV
     lambda___(   3 )=       0.000000   gamma___=       0.000000 meV  omega=     94.8228 meV   on_shell_Omega=     94.8474 meV  off_shell_Omega=     94.8474 meV
     lambda_tr(   3 )=       0.000000   gamma_tr=       0.000000 meV  omega=     94.8228 meV   on_shell_Omega=     94.8474 meV  off_shell_Omega=     94.8474 meV
     lambda___(   4 )=       0.000000   gamma___=       0.000000 meV  omega=    117.3103 meV   on_shell_Omega=    117.3253 meV  off_shell_Omega=    117.3253 meV
     lambda_tr(   4 )=       0.000000   gamma_tr=       0.000000 meV  omega=    117.3103 meV   on_shell_Omega=    117.3253 meV  off_shell_Omega=    117.3253 meV
     lambda___(   5 )=       0.000000   gamma___=       0.000000 meV  omega=    175.8765 meV   on_shell_Omega=    176.1473 meV  off_shell_Omega=    176.1770 meV
     lambda_tr(   5 )=       0.000000   gamma_tr=       0.000000 meV  omega=    175.8765 meV   on_shell_Omega=    176.1473 meV  off_shell_Omega=    176.1770 meV
     lambda___(   6 )=       0.000000   gamma___=       0.000000 meV  omega=    189.0806 meV   on_shell_Omega=    189.1622 meV  off_shell_Omega=    189.1622 meV
     lambda_tr(   6 )=       0.000000   gamma_tr=       0.000000 meV  omega=    189.0806 meV   on_shell_Omega=    189.1622 meV  off_shell_Omega=    189.1622 meV
     lambda___( tot )=       0.000000
     lambda_tr( tot )=       0.000000
     -------------------------------------------------------------------


     Number of (k,k+q) pairs on the Fermi surface:      324 out of      324


     ismear =     1 iq =     269 coord.:   0.77778  0.88889  0.00000 wt:   0.00309 Temp:  300.000K
     -------------------------------------------------------------------
     lambda___(   1 )=      -0.000000   gamma___=      -0.000000 meV  omega=     25.6265 meV   on_shell_Omega=     25.6174 meV  off_shell_Omega=     25.6174 meV
     lambda_tr(   1 )=      -0.000000   gamma_tr=      -0.000000 meV  omega=     25.6265 meV   on_shell_Omega=     25.6174 meV  off_shell_Omega=     25.6174 meV
     lambda___(   2 )=       0.000000   gamma___=       0.000000 meV  omega=     71.9858 meV   on_shell_Omega=     72.0188 meV  off_shell_Omega=     72.0188 meV
     lambda_tr(   2 )=       0.000000   gamma_tr=       0.000000 meV  omega=     71.9858 meV   on_shell_Omega=     72.0188 meV  off_shell_Omega=     72.0188 meV
     lambda___(   3 )=       0.000000   gamma___=       0.000000 meV  omega=     98.6974 meV   on_shell_Omega=     98.7070 meV  off_shell_Omega=     98.7070 meV
     lambda_tr(   3 )=       0.000000   gamma_tr=       0.000000 meV  omega=     98.6974 meV   on_shell_Omega=     98.7070 meV  off_shell_Omega=     98.7070 meV
     lambda___(   4 )=       0.000000   gamma___=       0.000000 meV  omega=    108.3008 meV   on_shell_Omega=    108.3153 meV  off_shell_Omega=    108.3153 meV
     lambda_tr(   4 )=       0.000000   gamma_tr=       0.000000 meV  omega=    108.3008 meV   on_shell_Omega=    108.3153 meV  off_shell_Omega=    108.3153 meV
     lambda___(   5 )=       0.000000   gamma___=       0.000000 meV  omega=    178.9592 meV   on_shell_Omega=    179.2019 meV  off_shell_Omega=    179.2650 meV
     lambda_tr(   5 )=       0.000000   gamma_tr=       0.000000 meV  omega=    178.9592 meV   on_shell_Omega=    179.2019 meV  off_shell_Omega=    179.2650 meV
     lambda___(   6 )=       0.000000   gamma___=       0.000000 meV  omega=    193.9438 meV   on_shell_Omega=    194.0872 meV  off_shell_Omega=    194.0385 meV
     lambda_tr(   6 )=       0.000000   gamma_tr=       0.000000 meV  omega=    193.9438 meV   on_shell_Omega=    194.0872 meV  off_shell_Omega=    194.0385 meV
     lambda___( tot )=       0.000000
     lambda_tr( tot )=       0.000000
     -------------------------------------------------------------------


     Number of (k,k+q) pairs on the Fermi surface:      324 out of      324


     ismear =     1 iq =     270 coord.:   0.77778  0.94444  0.00000 wt:   0.00309 Temp:  300.000K
     -------------------------------------------------------------------
     lambda___(   1 )=       0.000000   gamma___=       0.000000 meV  omega=     19.7003 meV   on_shell_Omega=     19.7045 meV  off_shell_Omega=     19.7045 meV
     lambda_tr(   1 )=       0.000000   gamma_tr=       0.000000 meV  omega=     19.7003 meV   on_shell_Omega=     19.7045 meV  off_shell_Omega=     19.7045 meV
     lambda___(   2 )=       0.000000   gamma___=       0.000000 meV  omega=     60.2779 meV   on_shell_Omega=     60.2868 meV  off_shell_Omega=     60.2868 meV
     lambda_tr(   2 )=       0.000000   gamma_tr=       0.000000 meV  omega=     60.2779 meV   on_shell_Omega=     60.2868 meV  off_shell_Omega=     60.2868 meV
     lambda___(   3 )=       0.000000   gamma___=       0.000000 meV  omega=     98.3469 meV   on_shell_Omega=     98.3712 meV  off_shell_Omega=     98.3712 meV
     lambda_tr(   3 )=       0.000000   gamma_tr=       0.000000 meV  omega=     98.3469 meV   on_shell_Omega=     98.3712 meV  off_shell_Omega=     98.3712 meV
     lambda___(   4 )=       0.000000   gamma___=       0.000000 meV  omega=    101.5638 meV   on_shell_Omega=    101.5663 meV  off_shell_Omega=    101.5663 meV
     lambda_tr(   4 )=       0.000000   gamma_tr=       0.000000 meV  omega=    101.5638 meV   on_shell_Omega=    101.5663 meV  off_shell_Omega=    101.5663 meV
     lambda___(   5 )=       0.000000   gamma___=       0.000000 meV  omega=    182.2325 meV   on_shell_Omega=    182.4385 meV  off_shell_Omega=    182.3215 meV
     lambda_tr(   5 )=       0.000000   gamma_tr=       0.000000 meV  omega=    182.2325 meV   on_shell_Omega=    182.4385 meV  off_shell_Omega=    182.3215 meV
     lambda___(   6 )=       0.000000   gamma___=       0.000000 meV  omega=    197.3919 meV   on_shell_Omega=    197.5956 meV  off_shell_Omega=    197.4883 meV
     lambda_tr(   6 )=       0.000000   gamma_tr=       0.000000 meV  omega=    197.3919 meV   on_shell_Omega=    197.5956 meV  off_shell_Omega=    197.4883 meV
     lambda___( tot )=       0.000000
     lambda_tr( tot )=       0.000000
     -------------------------------------------------------------------


     Number of (k,k+q) pairs on the Fermi surface:      324 out of      324


     ismear =     1 iq =     271 coord.:   0.83333  0.00000  0.00000 wt:   0.00309 Temp:  300.000K
     -------------------------------------------------------------------
     lambda___(   1 )=       0.000000   gamma___=       0.000000 meV  omega=      8.4745 meV   on_shell_Omega=      8.4821 meV  off_shell_Omega=      8.4821 meV
     lambda_tr(   1 )=       0.000000   gamma_tr=       0.000000 meV  omega=      8.4745 meV   on_shell_Omega=      8.4821 meV  off_shell_Omega=      8.4821 meV
     lambda___(   2 )=       0.000000   gamma___=       0.000000 meV  omega=     41.7244 meV   on_shell_Omega=     41.7180 meV  off_shell_Omega=     41.7180 meV
     lambda_tr(   2 )=       0.000000   gamma_tr=       0.000000 meV  omega=     41.7244 meV   on_shell_Omega=     41.7180 meV  off_shell_Omega=     41.7180 meV
     lambda___(   3 )=       0.000000   gamma___=       0.000000 meV  omega=     67.8228 meV   on_shell_Omega=     67.8640 meV  off_shell_Omega=     67.8640 meV
     lambda_tr(   3 )=       0.000000   gamma_tr=       0.000000 meV  omega=     67.8228 meV   on_shell_Omega=     67.8640 meV  off_shell_Omega=     67.8640 meV
     lambda___(   4 )=       0.000000   gamma___=       0.000000 meV  omega=    105.8769 meV   on_shell_Omega=    105.8771 meV  off_shell_Omega=    105.8771 meV
     lambda_tr(   4 )=       0.000000   gamma_tr=       0.000000 meV  omega=    105.8769 meV   on_shell_Omega=    105.8771 meV  off_shell_Omega=    105.8771 meV
     lambda___(   5 )=       0.000000   gamma___=       0.000000 meV  omega=    188.3942 meV   on_shell_Omega=    188.6334 meV  off_shell_Omega=    188.7161 meV
     lambda_tr(   5 )=       0.000000   gamma_tr=       0.000000 meV  omega=    188.3942 meV   on_shell_Omega=    188.6334 meV  off_shell_Omega=    188.7161 meV
     lambda___(   6 )=       0.000000   gamma___=       0.000000 meV  omega=    199.4306 meV   on_shell_Omega=    199.8964 meV  off_shell_Omega=    200.0149 meV
     lambda_tr(   6 )=       0.000000   gamma_tr=       0.000000 meV  omega=    199.4306 meV   on_shell_Omega=    199.8964 meV  off_shell_Omega=    200.0149 meV
     lambda___( tot )=       0.000000
     lambda_tr( tot )=       0.000000
     -------------------------------------------------------------------


     Number of (k,k+q) pairs on the Fermi surface:      324 out of      324


     ismear =     1 iq =     272 coord.:   0.83333  0.05556  0.00000 wt:   0.00309 Temp:  300.000K
     -------------------------------------------------------------------
     lambda___(   1 )=      -0.000000   gamma___=      -0.000000 meV  omega=      7.0542 meV   on_shell_Omega=      7.0748 meV  off_shell_Omega=      7.0748 meV
     lambda_tr(   1 )=      -0.000000   gamma_tr=      -0.000000 meV  omega=      7.0542 meV   on_shell_Omega=      7.0748 meV  off_shell_Omega=      7.0748 meV
     lambda___(   2 )=       0.000000   gamma___=       0.000000 meV  omega=     38.7562 meV   on_shell_Omega=     38.7977 meV  off_shell_Omega=     38.7977 meV
     lambda_tr(   2 )=       0.000000   gamma_tr=       0.000000 meV  omega=     38.7562 meV   on_shell_Omega=     38.7977 meV  off_shell_Omega=     38.7977 meV
     lambda___(   3 )=       0.000000   gamma___=       0.000000 meV  omega=     60.3571 meV   on_shell_Omega=     60.3604 meV  off_shell_Omega=     60.3604 meV
     lambda_tr(   3 )=       0.000000   gamma_tr=       0.000000 meV  omega=     60.3571 meV   on_shell_Omega=     60.3604 meV  off_shell_Omega=     60.3604 meV
     lambda___(   4 )=       0.000000   gamma___=       0.000000 meV  omega=    106.4916 meV   on_shell_Omega=    106.4924 meV  off_shell_Omega=    106.4924 meV
     lambda_tr(   4 )=       0.000000   gamma_tr=       0.000000 meV  omega=    106.4916 meV   on_shell_Omega=    106.4924 meV  off_shell_Omega=    106.4924 meV
     lambda___(   5 )=       0.000000   gamma___=       0.000000 meV  omega=    189.4279 meV   on_shell_Omega=    189.6799 meV  off_shell_Omega=    189.7516 meV
     lambda_tr(   5 )=       0.000000   gamma_tr=       0.000000 meV  omega=    189.4279 meV   on_shell_Omega=    189.6799 meV  off_shell_Omega=    189.7516 meV
     lambda___(   6 )=       0.000000   gamma___=       0.000000 meV  omega=    198.6926 meV   on_shell_Omega=    199.2199 meV  off_shell_Omega=    199.2748 meV
     lambda_tr(   6 )=       0.000000   gamma_tr=       0.000000 meV  omega=    198.6926 meV   on_shell_Omega=    199.2199 meV  off_shell_Omega=    199.2748 meV
     lambda___( tot )=       0.000000
     lambda_tr( tot )=       0.000000
     -------------------------------------------------------------------


     Number of (k,k+q) pairs on the Fermi surface:      324 out of      324


     ismear =     1 iq =     273 coord.:   0.83333  0.11111  0.00000 wt:   0.00309 Temp:  300.000K
     -------------------------------------------------------------------
     lambda___(   1 )=      -0.000000   gamma___=      -0.000000 meV  omega=      7.0542 meV   on_shell_Omega=      7.0751 meV  off_shell_Omega=      7.0751 meV
     lambda_tr(   1 )=      -0.000000   gamma_tr=      -0.000000 meV  omega=      7.0542 meV   on_shell_Omega=      7.0751 meV  off_shell_Omega=      7.0751 meV
     lambda___(   2 )=       0.000000   gamma___=       0.000000 meV  omega=     38.7562 meV   on_shell_Omega=     38.7965 meV  off_shell_Omega=     38.7965 meV
     lambda_tr(   2 )=       0.000000   gamma_tr=       0.000000 meV  omega=     38.7562 meV   on_shell_Omega=     38.7965 meV  off_shell_Omega=     38.7965 meV
     lambda___(   3 )=       0.000000   gamma___=       0.000000 meV  omega=     60.3571 meV   on_shell_Omega=     60.3607 meV  off_shell_Omega=     60.3607 meV
     lambda_tr(   3 )=       0.000000   gamma_tr=       0.000000 meV  omega=     60.3571 meV   on_shell_Omega=     60.3607 meV  off_shell_Omega=     60.3607 meV
     lambda___(   4 )=       0.000000   gamma___=       0.000000 meV  omega=    106.4916 meV   on_shell_Omega=    106.4925 meV  off_shell_Omega=    106.4925 meV
     lambda_tr(   4 )=       0.000000   gamma_tr=       0.000000 meV  omega=    106.4916 meV   on_shell_Omega=    106.4925 meV  off_shell_Omega=    106.4925 meV
     lambda___(   5 )=       0.000000   gamma___=       0.000000 meV  omega=    189.4279 meV   on_shell_Omega=    189.6775 meV  off_shell_Omega=    189.7516 meV
     lambda_tr(   5 )=       0.000000   gamma_tr=       0.000000 meV  omega=    189.4279 meV   on_shell_Omega=    189.6775 meV  off_shell_Omega=    189.7516 meV
     lambda___(   6 )=       0.000000   gamma___=       0.000000 meV  omega=    198.6926 meV   on_shell_Omega=    199.2208 meV  off_shell_Omega=    199.2748 meV
     lambda_tr(   6 )=       0.000000   gamma_tr=       0.000000 meV  omega=    198.6926 meV   on_shell_Omega=    199.2208 meV  off_shell_Omega=    199.2748 meV
     lambda___( tot )=       0.000000
     lambda_tr( tot )=       0.000000
     -------------------------------------------------------------------


     Number of (k,k+q) pairs on the Fermi surface:      324 out of      324


     ismear =     1 iq =     274 coord.:   0.83333  0.16667  0.00000 wt:   0.00309 Temp:  300.000K
     -------------------------------------------------------------------
     lambda___(   1 )=      -0.000000   gamma___=      -0.000000 meV  omega=      8.4745 meV   on_shell_Omega=      8.4821 meV  off_shell_Omega=      8.4821 meV
     lambda_tr(   1 )=      -0.000000   gamma_tr=      -0.000000 meV  omega=      8.4745 meV   on_shell_Omega=      8.4821 meV  off_shell_Omega=      8.4821 meV
     lambda___(   2 )=       0.000000   gamma___=       0.000000 meV  omega=     41.7244 meV   on_shell_Omega=     41.7181 meV  off_shell_Omega=     41.7181 meV
     lambda_tr(   2 )=       0.000000   gamma_tr=       0.000000 meV  omega=     41.7244 meV   on_shell_Omega=     41.7181 meV  off_shell_Omega=     41.7181 meV
     lambda___(   3 )=       0.000000   gamma___=       0.000000 meV  omega=     67.8228 meV   on_shell_Omega=     67.8640 meV  off_shell_Omega=     67.8640 meV
     lambda_tr(   3 )=       0.000000   gamma_tr=       0.000000 meV  omega=     67.8228 meV   on_shell_Omega=     67.8640 meV  off_shell_Omega=     67.8640 meV
     lambda___(   4 )=       0.000000   gamma___=       0.000000 meV  omega=    105.8769 meV   on_shell_Omega=    105.8771 meV  off_shell_Omega=    105.8771 meV
     lambda_tr(   4 )=       0.000000   gamma_tr=       0.000000 meV  omega=    105.8769 meV   on_shell_Omega=    105.8771 meV  off_shell_Omega=    105.8771 meV
     lambda___(   5 )=       0.000000   gamma___=       0.000000 meV  omega=    188.3942 meV   on_shell_Omega=    188.6328 meV  off_shell_Omega=    188.7161 meV
     lambda_tr(   5 )=       0.000000   gamma_tr=       0.000000 meV  omega=    188.3942 meV   on_shell_Omega=    188.6328 meV  off_shell_Omega=    188.7161 meV
     lambda___(   6 )=       0.000000   gamma___=       0.000000 meV  omega=    199.4306 meV   on_shell_Omega=    199.8955 meV  off_shell_Omega=    200.0149 meV
     lambda_tr(   6 )=       0.000000   gamma_tr=       0.000000 meV  omega=    199.4306 meV   on_shell_Omega=    199.8955 meV  off_shell_Omega=    200.0149 meV
     lambda___( tot )=      -0.000000
     lambda_tr( tot )=      -0.000000
     -------------------------------------------------------------------


     Number of (k,k+q) pairs on the Fermi surface:      324 out of      324


     ismear =     1 iq =     275 coord.:   0.83333  0.22222  0.00000 wt:   0.00309 Temp:  300.000K
     -------------------------------------------------------------------
     lambda___(   1 )=       0.000000   gamma___=       0.000000 meV  omega=     12.1010 meV   on_shell_Omega=     12.1104 meV  off_shell_Omega=     12.1104 meV
     lambda_tr(   1 )=      -0.000000   gamma_tr=      -0.000000 meV  omega=     12.1010 meV   on_shell_Omega=     12.1104 meV  off_shell_Omega=     12.1104 meV
     lambda___(   2 )=       0.000000   gamma___=       0.000000 meV  omega=     50.0788 meV   on_shell_Omega=     50.1021 meV  off_shell_Omega=     50.1021 meV
     lambda_tr(   2 )=       0.000000   gamma_tr=       0.000000 meV  omega=     50.0788 meV   on_shell_Omega=     50.1021 meV  off_shell_Omega=     50.1021 meV
     lambda___(   3 )=       0.000000   gamma___=       0.000000 meV  omega=     79.0890 meV   on_shell_Omega=     79.1102 meV  off_shell_Omega=     79.1102 meV
     lambda_tr(   3 )=       0.000000   gamma_tr=       0.000000 meV  omega=     79.0890 meV   on_shell_Omega=     79.1102 meV  off_shell_Omega=     79.1102 meV
     lambda___(   4 )=       0.000000   gamma___=       0.000000 meV  omega=    104.5312 meV   on_shell_Omega=    104.5322 meV  off_shell_Omega=    104.5322 meV
     lambda_tr(   4 )=       0.000000   gamma_tr=       0.000000 meV  omega=    104.5312 meV   on_shell_Omega=    104.5322 meV  off_shell_Omega=    104.5322 meV
     lambda___(   5 )=       0.000000   gamma___=       0.000000 meV  omega=    186.0335 meV   on_shell_Omega=    186.2619 meV  off_shell_Omega=    186.3514 meV
     lambda_tr(   5 )=       0.000000   gamma_tr=       0.000000 meV  omega=    186.0335 meV   on_shell_Omega=    186.2619 meV  off_shell_Omega=    186.3514 meV
     lambda___(   6 )=       0.000000   gamma___=       0.000000 meV  omega=    199.4810 meV   on_shell_Omega=    199.8139 meV  off_shell_Omega=    199.8219 meV
     lambda_tr(   6 )=       0.000000   gamma_tr=       0.000000 meV  omega=    199.4810 meV   on_shell_Omega=    199.8139 meV  off_shell_Omega=    199.8219 meV
     lambda___( tot )=       0.000000
     lambda_tr( tot )=       0.000000
     -------------------------------------------------------------------


     Number of (k,k+q) pairs on the Fermi surface:      324 out of      324


     ismear =     1 iq =     276 coord.:   0.83333  0.27778  0.00000 wt:   0.00309 Temp:  300.000K
     -------------------------------------------------------------------
     lambda___(   1 )=      -0.000000   gamma___=      -0.000000 meV  omega=     17.5993 meV   on_shell_Omega=     17.6052 meV  off_shell_Omega=     17.6052 meV
     lambda_tr(   1 )=       0.000000   gamma_tr=       0.000000 meV  omega=     17.5993 meV   on_shell_Omega=     17.6052 meV  off_shell_Omega=     17.6052 meV
     lambda___(   2 )=       0.000000   gamma___=       0.000000 meV  omega=     62.0836 meV   on_shell_Omega=     62.1348 meV  off_shell_Omega=     62.1348 meV
     lambda_tr(   2 )=       0.000000   gamma_tr=       0.000000 meV  omega=     62.0836 meV   on_shell_Omega=     62.1348 meV  off_shell_Omega=     62.1348 meV
     lambda___(   3 )=       0.000000   gamma___=       0.000000 meV  omega=     91.6686 meV   on_shell_Omega=     91.6692 meV  off_shell_Omega=     91.6692 meV
     lambda_tr(   3 )=       0.000000   gamma_tr=       0.000000 meV  omega=     91.6686 meV   on_shell_Omega=     91.6692 meV  off_shell_Omega=     91.6692 meV
     lambda___(   4 )=       0.000000   gamma___=       0.000000 meV  omega=    102.3266 meV   on_shell_Omega=    102.3287 meV  off_shell_Omega=    102.3287 meV
     lambda_tr(   4 )=       0.000000   gamma_tr=       0.000000 meV  omega=    102.3266 meV   on_shell_Omega=    102.3287 meV  off_shell_Omega=    102.3287 meV
     lambda___(   5 )=       0.000000   gamma___=       0.000000 meV  omega=    182.5008 meV   on_shell_Omega=    182.7623 meV  off_shell_Omega=    182.8127 meV
     lambda_tr(   5 )=       0.000000   gamma_tr=       0.000000 meV  omega=    182.5008 meV   on_shell_Omega=    182.7623 meV  off_shell_Omega=    182.8127 meV
     lambda___(   6 )=       0.000000   gamma___=       0.000000 meV  omega=    197.7175 meV   on_shell_Omega=    197.9432 meV  off_shell_Omega=    197.8140 meV
     lambda_tr(   6 )=       0.000000   gamma_tr=       0.000000 meV  omega=    197.7175 meV   on_shell_Omega=    197.9432 meV  off_shell_Omega=    197.8140 meV
     lambda___( tot )=       0.000000
     lambda_tr( tot )=       0.000000
     -------------------------------------------------------------------


     Number of (k,k+q) pairs on the Fermi surface:      324 out of      324


     ismear =     1 iq =     277 coord.:   0.83333  0.33333  0.00000 wt:   0.00309 Temp:  300.000K
     -------------------------------------------------------------------
     lambda___(   1 )=      -0.000000   gamma___=      -0.000000 meV  omega=     24.3505 meV   on_shell_Omega=     24.3394 meV  off_shell_Omega=     24.3394 meV
     lambda_tr(   1 )=      -0.000000   gamma_tr=      -0.000000 meV  omega=     24.3505 meV   on_shell_Omega=     24.3394 meV  off_shell_Omega=     24.3394 meV
     lambda___(   2 )=       0.000000   gamma___=       0.000000 meV  omega=     74.4015 meV   on_shell_Omega=     74.4601 meV  off_shell_Omega=     74.4601 meV
     lambda_tr(   2 )=       0.000000   gamma_tr=       0.000000 meV  omega=     74.4015 meV   on_shell_Omega=     74.4601 meV  off_shell_Omega=     74.4601 meV
     lambda___(   3 )=      -0.000000   gamma___=      -0.000000 meV  omega=     99.1544 meV   on_shell_Omega=     99.1637 meV  off_shell_Omega=     99.1637 meV
     lambda_tr(   3 )=       0.000000   gamma_tr=       0.000000 meV  omega=     99.1544 meV   on_shell_Omega=     99.1637 meV  off_shell_Omega=     99.1637 meV
     lambda___(   4 )=      -0.000000   gamma___=      -0.000000 meV  omega=    104.3973 meV   on_shell_Omega=    104.3967 meV  off_shell_Omega=    104.3967 meV
     lambda_tr(   4 )=      -0.000000   gamma_tr=      -0.000000 meV  omega=    104.3973 meV   on_shell_Omega=    104.3967 meV  off_shell_Omega=    104.3967 meV
     lambda___(   5 )=      -0.000000   gamma___=      -0.000000 meV  omega=    178.8158 meV   on_shell_Omega=    179.0948 meV  off_shell_Omega=    179.1214 meV
     lambda_tr(   5 )=      -0.000000   gamma_tr=      -0.000000 meV  omega=    178.8158 meV   on_shell_Omega=    179.0948 meV  off_shell_Omega=    179.1214 meV
     lambda___(   6 )=       0.000000   gamma___=       0.000000 meV  omega=    194.1238 meV   on_shell_Omega=    194.2738 meV  off_shell_Omega=    194.2186 meV
     lambda_tr(   6 )=       0.000000   gamma_tr=       0.000000 meV  omega=    194.1238 meV   on_shell_Omega=    194.2738 meV  off_shell_Omega=    194.2186 meV
     lambda___( tot )=      -0.000000
     lambda_tr( tot )=       0.000000
     -------------------------------------------------------------------


     Number of (k,k+q) pairs on the Fermi surface:      324 out of      324


     ismear =     1 iq =     278 coord.:   0.83333  0.38889  0.00000 wt:   0.00309 Temp:  300.000K
     -------------------------------------------------------------------
     lambda___(   1 )=       0.000000   gamma___=       0.000000 meV  omega=     32.1257 meV   on_shell_Omega=     32.1173 meV  off_shell_Omega=     32.1173 meV
     lambda_tr(   1 )=      -0.000000   gamma_tr=      -0.000000 meV  omega=     32.1257 meV   on_shell_Omega=     32.1173 meV  off_shell_Omega=     32.1173 meV
     lambda___(   2 )=       0.000000   gamma___=       0.000000 meV  omega=     84.5158 meV   on_shell_Omega=     84.5593 meV  off_shell_Omega=     84.5593 meV
     lambda_tr(   2 )=      -0.000000   gamma_tr=      -0.000000 meV  omega=     84.5158 meV   on_shell_Omega=     84.5593 meV  off_shell_Omega=     84.5593 meV
     lambda___(   3 )=       0.000000   gamma___=       0.000000 meV  omega=     94.8707 meV   on_shell_Omega=     94.8965 meV  off_shell_Omega=     94.8965 meV
     lambda_tr(   3 )=       0.000000   gamma_tr=       0.000000 meV  omega=     94.8707 meV   on_shell_Omega=     94.8965 meV  off_shell_Omega=     94.8965 meV
     lambda___(   4 )=       0.000000   gamma___=       0.000000 meV  omega=    117.2113 meV   on_shell_Omega=    117.2285 meV  off_shell_Omega=    117.2285 meV
     lambda_tr(   4 )=       0.000000   gamma_tr=       0.000000 meV  omega=    117.2113 meV   on_shell_Omega=    117.2285 meV  off_shell_Omega=    117.2285 meV
     lambda___(   5 )=       0.000000   gamma___=       0.000000 meV  omega=    175.9427 meV   on_shell_Omega=    176.1880 meV  off_shell_Omega=    176.2434 meV
     lambda_tr(   5 )=       0.000000   gamma_tr=       0.000000 meV  omega=    175.9427 meV   on_shell_Omega=    176.1880 meV  off_shell_Omega=    176.2434 meV
     lambda___(   6 )=       0.000000   gamma___=       0.000000 meV  omega=    189.1408 meV   on_shell_Omega=    189.2205 meV  off_shell_Omega=    189.2205 meV
     lambda_tr(   6 )=       0.000000   gamma_tr=       0.000000 meV  omega=    189.1408 meV   on_shell_Omega=    189.2205 meV  off_shell_Omega=    189.2205 meV
     lambda___( tot )=       0.000000
     lambda_tr( tot )=       0.000000
     -------------------------------------------------------------------


     Number of (k,k+q) pairs on the Fermi surface:      324 out of      324


     ismear =     1 iq =     279 coord.:   0.83333  0.44444  0.00000 wt:   0.00309 Temp:  300.000K
     -------------------------------------------------------------------
     lambda___(   1 )=       0.000000   gamma___=       0.000000 meV  omega=     40.7632 meV   on_shell_Omega=     40.7952 meV  off_shell_Omega=     40.7952 meV
     lambda_tr(   1 )=      -0.000000   gamma_tr=      -0.000000 meV  omega=     40.7632 meV   on_shell_Omega=     40.7952 meV  off_shell_Omega=     40.7952 meV
     lambda___(   2 )=       0.000000   gamma___=       0.000000 meV  omega=     89.3510 meV   on_shell_Omega=     89.3864 meV  off_shell_Omega=     89.3864 meV
     lambda_tr(   2 )=      -0.000000   gamma_tr=      -0.000000 meV  omega=     89.3510 meV   on_shell_Omega=     89.3864 meV  off_shell_Omega=     89.3864 meV
     lambda___(   3 )=       0.000000   gamma___=       0.000000 meV  omega=     91.6403 meV   on_shell_Omega=     91.6650 meV  off_shell_Omega=     91.6650 meV
     lambda_tr(   3 )=      -0.000000   gamma_tr=      -0.000000 meV  omega=     91.6403 meV   on_shell_Omega=     91.6650 meV  off_shell_Omega=     91.6650 meV
     lambda___(   4 )=       0.000000   gamma___=       0.000000 meV  omega=    130.2483 meV   on_shell_Omega=    130.2756 meV  off_shell_Omega=    130.2756 meV
     lambda_tr(   4 )=      -0.000000   gamma_tr=      -0.000000 meV  omega=    130.2483 meV   on_shell_Omega=    130.2756 meV  off_shell_Omega=    130.2756 meV
     lambda___(   5 )=       0.000000   gamma___=       0.000000 meV  omega=    173.7550 meV   on_shell_Omega=    173.9963 meV  off_shell_Omega=    174.0519 meV
     lambda_tr(   5 )=       0.000000   gamma_tr=       0.000000 meV  omega=    173.7550 meV   on_shell_Omega=    173.9963 meV  off_shell_Omega=    174.0519 meV
     lambda___(   6 )=       0.000000   gamma___=       0.000000 meV  omega=    182.8745 meV   on_shell_Omega=    182.9231 meV  off_shell_Omega=    182.9231 meV
     lambda_tr(   6 )=      -0.000000   gamma_tr=      -0.000000 meV  omega=    182.8745 meV   on_shell_Omega=    182.9231 meV  off_shell_Omega=    182.9231 meV
     lambda___( tot )=       0.000000
     lambda_tr( tot )=      -0.000000
     -------------------------------------------------------------------


     Number of (k,k+q) pairs on the Fermi surface:      324 out of      324


     ismear =     1 iq =     280 coord.:   0.83333  0.50000  0.00000 wt:   0.00309 Temp:  300.000K
     -------------------------------------------------------------------
     lambda___(   1 )=       0.000000   gamma___=       0.000000 meV  omega=     49.6959 meV   on_shell_Omega=     49.7482 meV  off_shell_Omega=     49.7482 meV
     lambda_tr(   1 )=       0.000000   gamma_tr=       0.000000 meV  omega=     49.6959 meV   on_shell_Omega=     49.7482 meV  off_shell_Omega=     49.7482 meV
     lambda___(   2 )=       0.000000   gamma___=       0.000000 meV  omega=     82.7890 meV   on_shell_Omega=     82.8220 meV  off_shell_Omega=     82.8220 meV
     lambda_tr(   2 )=       0.000000   gamma_tr=       0.000000 meV  omega=     82.7890 meV   on_shell_Omega=     82.8220 meV  off_shell_Omega=     82.8220 meV
     lambda___(   3 )=       0.000000   gamma___=       0.000000 meV  omega=     96.3073 meV   on_shell_Omega=     96.3167 meV  off_shell_Omega=     96.3167 meV
     lambda_tr(   3 )=       0.000000   gamma_tr=       0.000000 meV  omega=     96.3073 meV   on_shell_Omega=     96.3167 meV  off_shell_Omega=     96.3167 meV
     lambda___(   4 )=       0.000000   gamma___=       0.000000 meV  omega=    142.9779 meV   on_shell_Omega=    142.9964 meV  off_shell_Omega=    142.9964 meV
     lambda_tr(   4 )=       0.000000   gamma_tr=       0.000000 meV  omega=    142.9779 meV   on_shell_Omega=    142.9964 meV  off_shell_Omega=    142.9964 meV
     lambda___(   5 )=       0.000000   gamma___=       0.000000 meV  omega=    171.6789 meV   on_shell_Omega=    171.9312 meV  off_shell_Omega=    171.9723 meV
     lambda_tr(   5 )=       0.000000   gamma_tr=       0.000000 meV  omega=    171.6789 meV   on_shell_Omega=    171.9312 meV  off_shell_Omega=    171.9723 meV
     lambda___(   6 )=       0.000000   gamma___=       0.000000 meV  omega=    175.2104 meV   on_shell_Omega=    175.2759 meV  off_shell_Omega=    175.2759 meV
     lambda_tr(   6 )=       0.000000   gamma_tr=       0.000000 meV  omega=    175.2104 meV   on_shell_Omega=    175.2759 meV  off_shell_Omega=    175.2759 meV
     lambda___( tot )=       0.000000
     lambda_tr( tot )=       0.000000
     -------------------------------------------------------------------


     Number of (k,k+q) pairs on the Fermi surface:      324 out of      324


     ismear =     1 iq =     281 coord.:   0.83333  0.55556  0.00000 wt:   0.00309 Temp:  300.000K
     -------------------------------------------------------------------
     lambda___(   1 )=       0.000000   gamma___=       0.000000 meV  omega=     57.0838 meV   on_shell_Omega=     57.1344 meV  off_shell_Omega=     57.1344 meV
     lambda_tr(   1 )=       0.000000   gamma_tr=       0.000000 meV  omega=     57.0838 meV   on_shell_Omega=     57.1344 meV  off_shell_Omega=     57.1344 meV
     lambda___(   2 )=       0.000000   gamma___=       0.000000 meV  omega=     76.6795 meV   on_shell_Omega=     76.7169 meV  off_shell_Omega=     76.7169 meV
     lambda_tr(   2 )=       0.000000   gamma_tr=       0.000000 meV  omega=     76.6795 meV   on_shell_Omega=     76.7169 meV  off_shell_Omega=     76.7169 meV
     lambda___(   3 )=       0.000000   gamma___=       0.000000 meV  omega=     98.7881 meV   on_shell_Omega=     98.7908 meV  off_shell_Omega=     98.7908 meV
     lambda_tr(   3 )=       0.000000   gamma_tr=       0.000000 meV  omega=     98.7881 meV   on_shell_Omega=     98.7908 meV  off_shell_Omega=     98.7908 meV
     lambda___(   4 )=       0.000000   gamma___=       0.000000 meV  omega=    154.5636 meV   on_shell_Omega=    154.5650 meV  off_shell_Omega=    154.5650 meV
     lambda_tr(   4 )=       0.000000   gamma_tr=       0.000000 meV  omega=    154.5636 meV   on_shell_Omega=    154.5650 meV  off_shell_Omega=    154.5650 meV
     lambda___(   5 )=       0.000000   gamma___=       0.000000 meV  omega=    166.0342 meV   on_shell_Omega=    166.0445 meV  off_shell_Omega=    166.0445 meV
     lambda_tr(   5 )=       0.000000   gamma_tr=       0.000000 meV  omega=    166.0342 meV   on_shell_Omega=    166.0445 meV  off_shell_Omega=    166.0445 meV
     lambda___(   6 )=       0.000000   gamma___=       0.000000 meV  omega=    170.3743 meV   on_shell_Omega=    170.6924 meV  off_shell_Omega=    170.6655 meV
     lambda_tr(   6 )=       0.000000   gamma_tr=       0.000000 meV  omega=    170.3743 meV   on_shell_Omega=    170.6924 meV  off_shell_Omega=    170.6655 meV
     lambda___( tot )=       0.000000
     lambda_tr( tot )=       0.000000
     -------------------------------------------------------------------


     Number of (k,k+q) pairs on the Fermi surface:      324 out of      324


     ismear =     1 iq =     282 coord.:   0.83333  0.61111  0.00000 wt:   0.00309 Temp:  300.000K
     -------------------------------------------------------------------
     lambda___(   1 )=      -0.000000   gamma___=      -0.000000 meV  omega=     57.0838 meV   on_shell_Omega=     57.1353 meV  off_shell_Omega=     57.1353 meV
     lambda_tr(   1 )=       0.000000   gamma_tr=       0.000000 meV  omega=     57.0838 meV   on_shell_Omega=     57.1353 meV  off_shell_Omega=     57.1353 meV
     lambda___(   2 )=       0.000000   gamma___=       0.000000 meV  omega=     76.6795 meV   on_shell_Omega=     76.7165 meV  off_shell_Omega=     76.7165 meV
     lambda_tr(   2 )=       0.000000   gamma_tr=       0.000000 meV  omega=     76.6795 meV   on_shell_Omega=     76.7165 meV  off_shell_Omega=     76.7165 meV
     lambda___(   3 )=       0.000000   gamma___=       0.000000 meV  omega=     98.7881 meV   on_shell_Omega=     98.7909 meV  off_shell_Omega=     98.7909 meV
     lambda_tr(   3 )=       0.000000   gamma_tr=       0.000000 meV  omega=     98.7881 meV   on_shell_Omega=     98.7909 meV  off_shell_Omega=     98.7909 meV
     lambda___(   4 )=       0.000000   gamma___=       0.000000 meV  omega=    154.5636 meV   on_shell_Omega=    154.5663 meV  off_shell_Omega=    154.5663 meV
     lambda_tr(   4 )=       0.000000   gamma_tr=       0.000000 meV  omega=    154.5636 meV   on_shell_Omega=    154.5663 meV  off_shell_Omega=    154.5663 meV
     lambda___(   5 )=       0.000000   gamma___=       0.000000 meV  omega=    166.0342 meV   on_shell_Omega=    166.0445 meV  off_shell_Omega=    166.0445 meV
     lambda_tr(   5 )=       0.000000   gamma_tr=       0.000000 meV  omega=    166.0342 meV   on_shell_Omega=    166.0445 meV  off_shell_Omega=    166.0445 meV
     lambda___(   6 )=       0.000000   gamma___=       0.000000 meV  omega=    170.3743 meV   on_shell_Omega=    170.6897 meV  off_shell_Omega=    170.6655 meV
     lambda_tr(   6 )=       0.000000   gamma_tr=       0.000000 meV  omega=    170.3743 meV   on_shell_Omega=    170.6897 meV  off_shell_Omega=    170.6655 meV
     lambda___( tot )=       0.000000
     lambda_tr( tot )=       0.000000
     -------------------------------------------------------------------


     Number of (k,k+q) pairs on the Fermi surface:      324 out of      324


     ismear =     1 iq =     283 coord.:   0.83333  0.66667  0.00000 wt:   0.00309 Temp:  300.000K
     -------------------------------------------------------------------
     lambda___(   1 )=       0.000000   gamma___=       0.000000 meV  omega=     49.6959 meV   on_shell_Omega=     49.7490 meV  off_shell_Omega=     49.7490 meV
     lambda_tr(   1 )=       0.000000   gamma_tr=       0.000000 meV  omega=     49.6959 meV   on_shell_Omega=     49.7490 meV  off_shell_Omega=     49.7490 meV
     lambda___(   2 )=       0.000000   gamma___=       0.000000 meV  omega=     82.7890 meV   on_shell_Omega=     82.8215 meV  off_shell_Omega=     82.8215 meV
     lambda_tr(   2 )=       0.000000   gamma_tr=       0.000000 meV  omega=     82.7890 meV   on_shell_Omega=     82.8215 meV  off_shell_Omega=     82.8215 meV
     lambda___(   3 )=       0.000000   gamma___=       0.000000 meV  omega=     96.3073 meV   on_shell_Omega=     96.3167 meV  off_shell_Omega=     96.3167 meV
     lambda_tr(   3 )=       0.000000   gamma_tr=       0.000000 meV  omega=     96.3073 meV   on_shell_Omega=     96.3167 meV  off_shell_Omega=     96.3167 meV
     lambda___(   4 )=       0.000000   gamma___=       0.000000 meV  omega=    142.9779 meV   on_shell_Omega=    142.9970 meV  off_shell_Omega=    142.9970 meV
     lambda_tr(   4 )=       0.000000   gamma_tr=       0.000000 meV  omega=    142.9779 meV   on_shell_Omega=    142.9970 meV  off_shell_Omega=    142.9970 meV
     lambda___(   5 )=       0.000000   gamma___=       0.000000 meV  omega=    171.6789 meV   on_shell_Omega=    171.9338 meV  off_shell_Omega=    171.9723 meV
     lambda_tr(   5 )=       0.000000   gamma_tr=       0.000000 meV  omega=    171.6789 meV   on_shell_Omega=    171.9338 meV  off_shell_Omega=    171.9723 meV
     lambda___(   6 )=       0.000000   gamma___=       0.000000 meV  omega=    175.2104 meV   on_shell_Omega=    175.2748 meV  off_shell_Omega=    175.2748 meV
     lambda_tr(   6 )=       0.000000   gamma_tr=       0.000000 meV  omega=    175.2104 meV   on_shell_Omega=    175.2748 meV  off_shell_Omega=    175.2748 meV
     lambda___( tot )=       0.000000
     lambda_tr( tot )=       0.000000
     -------------------------------------------------------------------


     Number of (k,k+q) pairs on the Fermi surface:      324 out of      324


     ismear =     1 iq =     284 coord.:   0.83333  0.72222  0.00000 wt:   0.00309 Temp:  300.000K
     -------------------------------------------------------------------
     lambda___(   1 )=       0.000000   gamma___=       0.000000 meV  omega=     40.7632 meV   on_shell_Omega=     40.7974 meV  off_shell_Omega=     40.7974 meV
     lambda_tr(   1 )=       0.000000   gamma_tr=       0.000000 meV  omega=     40.7632 meV   on_shell_Omega=     40.7974 meV  off_shell_Omega=     40.7974 meV
     lambda___(   2 )=       0.000000   gamma___=       0.000000 meV  omega=     89.3510 meV   on_shell_Omega=     89.3833 meV  off_shell_Omega=     89.3833 meV
     lambda_tr(   2 )=       0.000000   gamma_tr=       0.000000 meV  omega=     89.3510 meV   on_shell_Omega=     89.3833 meV  off_shell_Omega=     89.3833 meV
     lambda___(   3 )=       0.000000   gamma___=       0.000000 meV  omega=     91.6403 meV   on_shell_Omega=     91.6642 meV  off_shell_Omega=     91.6642 meV
     lambda_tr(   3 )=       0.000000   gamma_tr=       0.000000 meV  omega=     91.6403 meV   on_shell_Omega=     91.6642 meV  off_shell_Omega=     91.6642 meV
     lambda___(   4 )=       0.000000   gamma___=       0.000000 meV  omega=    130.2483 meV   on_shell_Omega=    130.2753 meV  off_shell_Omega=    130.2753 meV
     lambda_tr(   4 )=       0.000000   gamma_tr=       0.000000 meV  omega=    130.2483 meV   on_shell_Omega=    130.2753 meV  off_shell_Omega=    130.2753 meV
     lambda___(   5 )=       0.000000   gamma___=       0.000000 meV  omega=    173.7550 meV   on_shell_Omega=    174.0017 meV  off_shell_Omega=    174.0519 meV
     lambda_tr(   5 )=       0.000000   gamma_tr=       0.000000 meV  omega=    173.7550 meV   on_shell_Omega=    174.0017 meV  off_shell_Omega=    174.0519 meV
     lambda___(   6 )=       0.000000   gamma___=       0.000000 meV  omega=    182.8745 meV   on_shell_Omega=    182.9219 meV  off_shell_Omega=    182.9219 meV
     lambda_tr(   6 )=       0.000000   gamma_tr=       0.000000 meV  omega=    182.8745 meV   on_shell_Omega=    182.9219 meV  off_shell_Omega=    182.9219 meV
     lambda___( tot )=       0.000000
     lambda_tr( tot )=       0.000000
     -------------------------------------------------------------------


     Number of (k,k+q) pairs on the Fermi surface:      324 out of      324


     ismear =     1 iq =     285 coord.:   0.83333  0.77778  0.00000 wt:   0.00309 Temp:  300.000K
     -------------------------------------------------------------------
     lambda___(   1 )=       0.000000   gamma___=       0.000000 meV  omega=     32.1257 meV   on_shell_Omega=     32.1197 meV  off_shell_Omega=     32.1197 meV
     lambda_tr(   1 )=      -0.000000   gamma_tr=      -0.000000 meV  omega=     32.1257 meV   on_shell_Omega=     32.1197 meV  off_shell_Omega=     32.1197 meV
     lambda___(   2 )=       0.000000   gamma___=       0.000000 meV  omega=     84.5158 meV   on_shell_Omega=     84.5583 meV  off_shell_Omega=     84.5583 meV
     lambda_tr(   2 )=       0.000000   gamma_tr=       0.000000 meV  omega=     84.5158 meV   on_shell_Omega=     84.5583 meV  off_shell_Omega=     84.5583 meV
     lambda___(   3 )=       0.000000   gamma___=       0.000000 meV  omega=     94.8707 meV   on_shell_Omega=     94.8951 meV  off_shell_Omega=     94.8951 meV
     lambda_tr(   3 )=      -0.000000   gamma_tr=      -0.000000 meV  omega=     94.8707 meV   on_shell_Omega=     94.8951 meV  off_shell_Omega=     94.8951 meV
     lambda___(   4 )=       0.000000   gamma___=       0.000000 meV  omega=    117.2114 meV   on_shell_Omega=    117.2294 meV  off_shell_Omega=    117.2294 meV
     lambda_tr(   4 )=      -0.000000   gamma_tr=      -0.000000 meV  omega=    117.2114 meV   on_shell_Omega=    117.2294 meV  off_shell_Omega=    117.2294 meV
     lambda___(   5 )=       0.000000   gamma___=       0.000000 meV  omega=    175.9427 meV   on_shell_Omega=    176.1889 meV  off_shell_Omega=    176.2434 meV
     lambda_tr(   5 )=       0.000000   gamma_tr=       0.000000 meV  omega=    175.9427 meV   on_shell_Omega=    176.1889 meV  off_shell_Omega=    176.2434 meV
     lambda___(   6 )=       0.000000   gamma___=       0.000000 meV  omega=    189.1408 meV   on_shell_Omega=    189.2198 meV  off_shell_Omega=    189.2198 meV
     lambda_tr(   6 )=       0.000000   gamma_tr=       0.000000 meV  omega=    189.1408 meV   on_shell_Omega=    189.2198 meV  off_shell_Omega=    189.2198 meV
     lambda___( tot )=       0.000000
     lambda_tr( tot )=       0.000000
     -------------------------------------------------------------------


     Number of (k,k+q) pairs on the Fermi surface:      324 out of      324


     ismear =     1 iq =     286 coord.:   0.83333  0.83333  0.00000 wt:   0.00309 Temp:  300.000K
     -------------------------------------------------------------------
     lambda___(   1 )=       0.000000   gamma___=       0.000000 meV  omega=     24.3505 meV   on_shell_Omega=     24.3396 meV  off_shell_Omega=     24.3396 meV
     lambda_tr(   1 )=       0.000000   gamma_tr=       0.000000 meV  omega=     24.3505 meV   on_shell_Omega=     24.3396 meV  off_shell_Omega=     24.3396 meV
     lambda___(   2 )=       0.000000   gamma___=       0.000000 meV  omega=     74.4015 meV   on_shell_Omega=     74.4597 meV  off_shell_Omega=     74.4597 meV
     lambda_tr(   2 )=       0.000000   gamma_tr=       0.000000 meV  omega=     74.4015 meV   on_shell_Omega=     74.4597 meV  off_shell_Omega=     74.4597 meV
     lambda___(   3 )=       0.000000   gamma___=       0.000000 meV  omega=     99.1544 meV   on_shell_Omega=     99.1637 meV  off_shell_Omega=     99.1637 meV
     lambda_tr(   3 )=       0.000000   gamma_tr=       0.000000 meV  omega=     99.1544 meV   on_shell_Omega=     99.1637 meV  off_shell_Omega=     99.1637 meV
     lambda___(   4 )=       0.000000   gamma___=       0.000000 meV  omega=    104.3973 meV   on_shell_Omega=    104.3971 meV  off_shell_Omega=    104.3971 meV
     lambda_tr(   4 )=       0.000000   gamma_tr=       0.000000 meV  omega=    104.3973 meV   on_shell_Omega=    104.3971 meV  off_shell_Omega=    104.3971 meV
     lambda___(   5 )=       0.000000   gamma___=       0.000000 meV  omega=    178.8158 meV   on_shell_Omega=    179.0996 meV  off_shell_Omega=    179.1214 meV
     lambda_tr(   5 )=       0.000000   gamma_tr=       0.000000 meV  omega=    178.8158 meV   on_shell_Omega=    179.0996 meV  off_shell_Omega=    179.1214 meV
     lambda___(   6 )=       0.000000   gamma___=       0.000000 meV  omega=    194.1238 meV   on_shell_Omega=    194.2736 meV  off_shell_Omega=    194.2186 meV
     lambda_tr(   6 )=       0.000000   gamma_tr=       0.000000 meV  omega=    194.1238 meV   on_shell_Omega=    194.2736 meV  off_shell_Omega=    194.2186 meV
     lambda___( tot )=       0.000000
     lambda_tr( tot )=       0.000000
     -------------------------------------------------------------------


     Number of (k,k+q) pairs on the Fermi surface:      324 out of      324


     ismear =     1 iq =     287 coord.:   0.83333  0.88889  0.00000 wt:   0.00309 Temp:  300.000K
     -------------------------------------------------------------------
     lambda___(   1 )=      -0.000000   gamma___=      -0.000000 meV  omega=     17.5993 meV   on_shell_Omega=     17.6048 meV  off_shell_Omega=     17.6048 meV
     lambda_tr(   1 )=      -0.000000   gamma_tr=      -0.000000 meV  omega=     17.5993 meV   on_shell_Omega=     17.6048 meV  off_shell_Omega=     17.6048 meV
     lambda___(   2 )=       0.000000   gamma___=       0.000000 meV  omega=     62.0836 meV   on_shell_Omega=     62.1353 meV  off_shell_Omega=     62.1353 meV
     lambda_tr(   2 )=       0.000000   gamma_tr=       0.000000 meV  omega=     62.0836 meV   on_shell_Omega=     62.1353 meV  off_shell_Omega=     62.1353 meV
     lambda___(   3 )=       0.000000   gamma___=       0.000000 meV  omega=     91.6686 meV   on_shell_Omega=     91.6689 meV  off_shell_Omega=     91.6689 meV
     lambda_tr(   3 )=       0.000000   gamma_tr=       0.000000 meV  omega=     91.6686 meV   on_shell_Omega=     91.6689 meV  off_shell_Omega=     91.6689 meV
     lambda___(   4 )=       0.000000   gamma___=       0.000000 meV  omega=    102.3266 meV   on_shell_Omega=    102.3290 meV  off_shell_Omega=    102.3290 meV
     lambda_tr(   4 )=       0.000000   gamma_tr=       0.000000 meV  omega=    102.3266 meV   on_shell_Omega=    102.3290 meV  off_shell_Omega=    102.3290 meV
     lambda___(   5 )=       0.000000   gamma___=       0.000000 meV  omega=    182.5008 meV   on_shell_Omega=    182.7661 meV  off_shell_Omega=    182.8127 meV
     lambda_tr(   5 )=       0.000000   gamma_tr=       0.000000 meV  omega=    182.5008 meV   on_shell_Omega=    182.7661 meV  off_shell_Omega=    182.8127 meV
     lambda___(   6 )=       0.000000   gamma___=       0.000000 meV  omega=    197.7175 meV   on_shell_Omega=    197.9424 meV  off_shell_Omega=    197.8140 meV
     lambda_tr(   6 )=       0.000000   gamma_tr=       0.000000 meV  omega=    197.7175 meV   on_shell_Omega=    197.9424 meV  off_shell_Omega=    197.8140 meV
     lambda___( tot )=       0.000000
     lambda_tr( tot )=       0.000000
     -------------------------------------------------------------------


     Number of (k,k+q) pairs on the Fermi surface:      324 out of      324


     ismear =     1 iq =     288 coord.:   0.83333  0.94444  0.00000 wt:   0.00309 Temp:  300.000K
     -------------------------------------------------------------------
     lambda___(   1 )=       0.000000   gamma___=       0.000000 meV  omega=     12.1010 meV   on_shell_Omega=     12.1088 meV  off_shell_Omega=     12.1088 meV
     lambda_tr(   1 )=       0.000000   gamma_tr=       0.000000 meV  omega=     12.1010 meV   on_shell_Omega=     12.1088 meV  off_shell_Omega=     12.1088 meV
     lambda___(   2 )=       0.000000   gamma___=       0.000000 meV  omega=     50.0788 meV   on_shell_Omega=     50.1039 meV  off_shell_Omega=     50.1039 meV
     lambda_tr(   2 )=       0.000000   gamma_tr=       0.000000 meV  omega=     50.0788 meV   on_shell_Omega=     50.1039 meV  off_shell_Omega=     50.1039 meV
     lambda___(   3 )=       0.000000   gamma___=       0.000000 meV  omega=     79.0890 meV   on_shell_Omega=     79.1111 meV  off_shell_Omega=     79.1111 meV
     lambda_tr(   3 )=       0.000000   gamma_tr=       0.000000 meV  omega=     79.0890 meV   on_shell_Omega=     79.1111 meV  off_shell_Omega=     79.1111 meV
     lambda___(   4 )=       0.000000   gamma___=       0.000000 meV  omega=    104.5312 meV   on_shell_Omega=    104.5323 meV  off_shell_Omega=    104.5323 meV
     lambda_tr(   4 )=       0.000000   gamma_tr=       0.000000 meV  omega=    104.5312 meV   on_shell_Omega=    104.5323 meV  off_shell_Omega=    104.5323 meV
     lambda___(   5 )=       0.000000   gamma___=       0.000000 meV  omega=    186.0335 meV   on_shell_Omega=    186.2570 meV  off_shell_Omega=    186.1243 meV
     lambda_tr(   5 )=       0.000000   gamma_tr=       0.000000 meV  omega=    186.0335 meV   on_shell_Omega=    186.2570 meV  off_shell_Omega=    186.1243 meV
     lambda___(   6 )=       0.000000   gamma___=       0.000000 meV  omega=    199.4810 meV   on_shell_Omega=    199.8135 meV  off_shell_Omega=    199.8219 meV
     lambda_tr(   6 )=       0.000000   gamma_tr=       0.000000 meV  omega=    199.4810 meV   on_shell_Omega=    199.8135 meV  off_shell_Omega=    199.8219 meV
     lambda___( tot )=       0.000000
     lambda_tr( tot )=       0.000000
     -------------------------------------------------------------------


     Number of (k,k+q) pairs on the Fermi surface:      324 out of      324


     ismear =     1 iq =     289 coord.:   0.88889  0.00000  0.00000 wt:   0.00309 Temp:  300.000K
     -------------------------------------------------------------------
     lambda___(   1 )=       0.000000   gamma___=       0.000000 meV  omega=      3.9197 meV   on_shell_Omega=      3.9548 meV  off_shell_Omega=      3.9548 meV
     lambda_tr(   1 )=       0.000000   gamma_tr=       0.000000 meV  omega=      3.9197 meV   on_shell_Omega=      3.9548 meV  off_shell_Omega=      3.9548 meV
     lambda___(   2 )=       0.000000   gamma___=       0.000000 meV  omega=     29.1767 meV   on_shell_Omega=     29.1620 meV  off_shell_Omega=     29.1620 meV
     lambda_tr(   2 )=       0.000000   gamma_tr=       0.000000 meV  omega=     29.1767 meV   on_shell_Omega=     29.1620 meV  off_shell_Omega=     29.1620 meV
     lambda___(   3 )=       0.000000   gamma___=       0.000000 meV  omega=     46.3377 meV   on_shell_Omega=     46.3718 meV  off_shell_Omega=     46.3718 meV
     lambda_tr(   3 )=       0.000000   gamma_tr=       0.000000 meV  omega=     46.3377 meV   on_shell_Omega=     46.3718 meV  off_shell_Omega=     46.3718 meV
     lambda___(   4 )=       0.000000   gamma___=       0.000000 meV  omega=    107.4612 meV   on_shell_Omega=    107.4623 meV  off_shell_Omega=    107.4623 meV
     lambda_tr(   4 )=       0.000000   gamma_tr=       0.000000 meV  omega=    107.4612 meV   on_shell_Omega=    107.4623 meV  off_shell_Omega=    107.4623 meV
     lambda___(   5 )=       0.000000   gamma___=       0.000000 meV  omega=    191.2712 meV   on_shell_Omega=    191.5150 meV  off_shell_Omega=    191.5981 meV
     lambda_tr(   5 )=       0.000000   gamma_tr=       0.000000 meV  omega=    191.2712 meV   on_shell_Omega=    191.5150 meV  off_shell_Omega=    191.5981 meV
     lambda___(   6 )=       0.000000   gamma___=       0.000000 meV  omega=    197.4269 meV   on_shell_Omega=    198.2257 meV  off_shell_Omega=    198.2463 meV
     lambda_tr(   6 )=       0.000000   gamma_tr=       0.000000 meV  omega=    197.4269 meV   on_shell_Omega=    198.2257 meV  off_shell_Omega=    198.2463 meV
     lambda___( tot )=       0.000000
     lambda_tr( tot )=       0.000000
     -------------------------------------------------------------------


     Number of (k,k+q) pairs on the Fermi surface:      324 out of      324


     ismear =     1 iq =     290 coord.:   0.88889  0.05556  0.00000 wt:   0.00309 Temp:  300.000K
     -------------------------------------------------------------------
     lambda___(   1 )=       0.000000   gamma___=       0.000000 meV  omega=      3.4710 meV   on_shell_Omega=      3.5164 meV  off_shell_Omega=      3.5164 meV
     lambda_tr(   1 )=       0.000000   gamma_tr=       0.000000 meV  omega=      3.4710 meV   on_shell_Omega=      3.5164 meV  off_shell_Omega=      3.5164 meV
     lambda___(   2 )=      -0.000000   gamma___=      -0.000000 meV  omega=     25.8642 meV   on_shell_Omega=     25.9051 meV  off_shell_Omega=     25.9051 meV
     lambda_tr(   2 )=      -0.000000   gamma_tr=      -0.000000 meV  omega=     25.8642 meV   on_shell_Omega=     25.9051 meV  off_shell_Omega=     25.9051 meV
     lambda___(   3 )=      -0.000000   gamma___=      -0.000000 meV  omega=     40.9551 meV   on_shell_Omega=     40.9465 meV  off_shell_Omega=     40.9465 meV
     lambda_tr(   3 )=      -0.000000   gamma_tr=      -0.000000 meV  omega=     40.9551 meV   on_shell_Omega=     40.9465 meV  off_shell_Omega=     40.9465 meV
     lambda___(   4 )=      -0.000000   gamma___=      -0.000000 meV  omega=    107.7539 meV   on_shell_Omega=    107.7570 meV  off_shell_Omega=    107.7570 meV
     lambda_tr(   4 )=      -0.000000   gamma_tr=      -0.000000 meV  omega=    107.7539 meV   on_shell_Omega=    107.7570 meV  off_shell_Omega=    107.7570 meV
     lambda___(   5 )=       0.000000   gamma___=       0.000000 meV  omega=    191.8305 meV   on_shell_Omega=    192.0465 meV  off_shell_Omega=    191.9242 meV
     lambda_tr(   5 )=       0.000000   gamma_tr=       0.000000 meV  omega=    191.8305 meV   on_shell_Omega=    192.0465 meV  off_shell_Omega=    191.9242 meV
     lambda___(   6 )=       0.000000   gamma___=       0.000000 meV  omega=    196.4799 meV   on_shell_Omega=    197.3953 meV  off_shell_Omega=    197.2954 meV
     lambda_tr(   6 )=       0.000000   gamma_tr=       0.000000 meV  omega=    196.4799 meV   on_shell_Omega=    197.3953 meV  off_shell_Omega=    197.2954 meV
     lambda___( tot )=       0.000000
     lambda_tr( tot )=       0.000000
     -------------------------------------------------------------------


     Number of (k,k+q) pairs on the Fermi surface:      324 out of      324


     ismear =     1 iq =     291 coord.:   0.88889  0.11111  0.00000 wt:   0.00309 Temp:  300.000K
     -------------------------------------------------------------------
     lambda___(   1 )=      -0.000000   gamma___=      -0.000000 meV  omega=      3.9197 meV   on_shell_Omega=      3.9538 meV  off_shell_Omega=      3.9538 meV
     lambda_tr(   1 )=      -0.000000   gamma_tr=      -0.000000 meV  omega=      3.9197 meV   on_shell_Omega=      3.9538 meV  off_shell_Omega=      3.9538 meV
     lambda___(   2 )=      -0.000000   gamma___=      -0.000000 meV  omega=     29.1767 meV   on_shell_Omega=     29.1605 meV  off_shell_Omega=     29.1605 meV
     lambda_tr(   2 )=      -0.000000   gamma_tr=      -0.000000 meV  omega=     29.1767 meV   on_shell_Omega=     29.1605 meV  off_shell_Omega=     29.1605 meV
     lambda___(   3 )=      -0.000000   gamma___=      -0.000000 meV  omega=     46.3377 meV   on_shell_Omega=     46.3695 meV  off_shell_Omega=     46.3695 meV
     lambda_tr(   3 )=      -0.000000   gamma_tr=      -0.000000 meV  omega=     46.3377 meV   on_shell_Omega=     46.3695 meV  off_shell_Omega=     46.3695 meV
     lambda___(   4 )=       0.000000   gamma___=       0.000000 meV  omega=    107.4612 meV   on_shell_Omega=    107.4622 meV  off_shell_Omega=    107.4622 meV
     lambda_tr(   4 )=       0.000000   gamma_tr=       0.000000 meV  omega=    107.4612 meV   on_shell_Omega=    107.4622 meV  off_shell_Omega=    107.4622 meV
     lambda___(   5 )=       0.000000   gamma___=       0.000000 meV  omega=    191.2712 meV   on_shell_Omega=    191.4944 meV  off_shell_Omega=    191.3646 meV
     lambda_tr(   5 )=       0.000000   gamma_tr=       0.000000 meV  omega=    191.2712 meV   on_shell_Omega=    191.4944 meV  off_shell_Omega=    191.3646 meV
     lambda___(   6 )=       0.000000   gamma___=       0.000000 meV  omega=    197.4269 meV   on_shell_Omega=    198.2315 meV  off_shell_Omega=    198.2463 meV
     lambda_tr(   6 )=       0.000000   gamma_tr=       0.000000 meV  omega=    197.4269 meV   on_shell_Omega=    198.2315 meV  off_shell_Omega=    198.2463 meV
     lambda___( tot )=      -0.000000
     lambda_tr( tot )=      -0.000000
     -------------------------------------------------------------------


     Number of (k,k+q) pairs on the Fermi surface:      324 out of      324


     ismear =     1 iq =     292 coord.:   0.88889  0.16667  0.00000 wt:   0.00309 Temp:  300.000K
     -------------------------------------------------------------------
     lambda___(   1 )=       0.000000   gamma___=       0.000000 meV  omega=      6.3702 meV   on_shell_Omega=      6.3998 meV  off_shell_Omega=      6.3998 meV
     lambda_tr(   1 )=       0.000000   gamma_tr=       0.000000 meV  omega=      6.3702 meV   on_shell_Omega=      6.3998 meV  off_shell_Omega=      6.3998 meV
     lambda___(   2 )=       0.000000   gamma___=       0.000000 meV  omega=     38.3724 meV   on_shell_Omega=     38.4436 meV  off_shell_Omega=     38.4436 meV
     lambda_tr(   2 )=       0.000000   gamma_tr=       0.000000 meV  omega=     38.3724 meV   on_shell_Omega=     38.4436 meV  off_shell_Omega=     38.4436 meV
     lambda___(   3 )=       0.000000   gamma___=       0.000000 meV  omega=     59.1544 meV   on_shell_Omega=     59.1584 meV  off_shell_Omega=     59.1584 meV
     lambda_tr(   3 )=       0.000000   gamma_tr=       0.000000 meV  omega=     59.1544 meV   on_shell_Omega=     59.1584 meV  off_shell_Omega=     59.1584 meV
     lambda___(   4 )=       0.000000   gamma___=       0.000000 meV  omega=    106.5347 meV   on_shell_Omega=    106.5353 meV  off_shell_Omega=    106.5353 meV
     lambda_tr(   4 )=       0.000000   gamma_tr=       0.000000 meV  omega=    106.5347 meV   on_shell_Omega=    106.5353 meV  off_shell_Omega=    106.5353 meV
     lambda___(   5 )=       0.000000   gamma___=       0.000000 meV  omega=    189.5059 meV   on_shell_Omega=    189.7219 meV  off_shell_Omega=    189.5984 meV
     lambda_tr(   5 )=       0.000000   gamma_tr=       0.000000 meV  omega=    189.5059 meV   on_shell_Omega=    189.7219 meV  off_shell_Omega=    189.5984 meV
     lambda___(   6 )=       0.000000   gamma___=       0.000000 meV  omega=    199.0541 meV   on_shell_Omega=    199.5845 meV  off_shell_Omega=    199.6373 meV
     lambda_tr(   6 )=       0.000000   gamma_tr=       0.000000 meV  omega=    199.0541 meV   on_shell_Omega=    199.5845 meV  off_shell_Omega=    199.6373 meV
     lambda___( tot )=       0.000000
     lambda_tr( tot )=       0.000000
     -------------------------------------------------------------------


     Number of (k,k+q) pairs on the Fermi surface:      324 out of      324


     ismear =     1 iq =     293 coord.:   0.88889  0.22222  0.00000 wt:   0.00309 Temp:  300.000K
     -------------------------------------------------------------------
     lambda___(   1 )=      -0.000000   gamma___=      -0.000000 meV  omega=     11.1119 meV   on_shell_Omega=     11.1275 meV  off_shell_Omega=     11.1275 meV
     lambda_tr(   1 )=       0.000000   gamma_tr=       0.000000 meV  omega=     11.1119 meV   on_shell_Omega=     11.1275 meV  off_shell_Omega=     11.1275 meV
     lambda___(   2 )=       0.000000   gamma___=       0.000000 meV  omega=     50.4214 meV   on_shell_Omega=     50.4942 meV  off_shell_Omega=     50.4942 meV
     lambda_tr(   2 )=       0.000000   gamma_tr=       0.000000 meV  omega=     50.4214 meV   on_shell_Omega=     50.4942 meV  off_shell_Omega=     50.4942 meV
     lambda___(   3 )=       0.000000   gamma___=       0.000000 meV  omega=     75.0990 meV   on_shell_Omega=     75.0855 meV  off_shell_Omega=     75.0855 meV
     lambda_tr(   3 )=       0.000000   gamma_tr=       0.000000 meV  omega=     75.0990 meV   on_shell_Omega=     75.0855 meV  off_shell_Omega=     75.0855 meV
     lambda___(   4 )=       0.000000   gamma___=       0.000000 meV  omega=    104.8688 meV   on_shell_Omega=    104.8705 meV  off_shell_Omega=    104.8705 meV
     lambda_tr(   4 )=       0.000000   gamma_tr=       0.000000 meV  omega=    104.8688 meV   on_shell_Omega=    104.8705 meV  off_shell_Omega=    104.8705 meV
     lambda___(   5 )=       0.000000   gamma___=       0.000000 meV  omega=    186.3498 meV   on_shell_Omega=    186.5768 meV  off_shell_Omega=    186.4408 meV
     lambda_tr(   5 )=       0.000000   gamma_tr=       0.000000 meV  omega=    186.3498 meV   on_shell_Omega=    186.5768 meV  off_shell_Omega=    186.4408 meV
     lambda___(   6 )=       0.000000   gamma___=       0.000000 meV  omega=    199.4338 meV   on_shell_Omega=    199.7737 meV  off_shell_Omega=    199.7746 meV
     lambda_tr(   6 )=       0.000000   gamma_tr=       0.000000 meV  omega=    199.4338 meV   on_shell_Omega=    199.7737 meV  off_shell_Omega=    199.7746 meV
     lambda___( tot )=       0.000000
     lambda_tr( tot )=       0.000000
     -------------------------------------------------------------------


     Number of (k,k+q) pairs on the Fermi surface:      324 out of      324


     ismear =     1 iq =     294 coord.:   0.88889  0.27778  0.00000 wt:   0.00309 Temp:  300.000K
     -------------------------------------------------------------------
     lambda___(   1 )=      -0.000000   gamma___=      -0.000000 meV  omega=     17.5406 meV   on_shell_Omega=     17.5476 meV  off_shell_Omega=     17.5476 meV
     lambda_tr(   1 )=      -0.000000   gamma_tr=      -0.000000 meV  omega=     17.5406 meV   on_shell_Omega=     17.5476 meV  off_shell_Omega=     17.5476 meV
     lambda___(   2 )=       0.000000   gamma___=       0.000000 meV  omega=     62.3017 meV   on_shell_Omega=     62.3506 meV  off_shell_Omega=     62.3506 meV
     lambda_tr(   2 )=       0.000000   gamma_tr=       0.000000 meV  omega=     62.3017 meV   on_shell_Omega=     62.3506 meV  off_shell_Omega=     62.3506 meV
     lambda___(   3 )=       0.000000   gamma___=       0.000000 meV  omega=     91.7904 meV   on_shell_Omega=     91.7921 meV  off_shell_Omega=     91.7921 meV
     lambda_tr(   3 )=       0.000000   gamma_tr=       0.000000 meV  omega=     91.7904 meV   on_shell_Omega=     91.7921 meV  off_shell_Omega=     91.7921 meV
     lambda___(   4 )=       0.000000   gamma___=       0.000000 meV  omega=    102.3367 meV   on_shell_Omega=    102.3389 meV  off_shell_Omega=    102.3389 meV
     lambda_tr(   4 )=      -0.000000   gamma_tr=      -0.000000 meV  omega=    102.3367 meV   on_shell_Omega=    102.3389 meV  off_shell_Omega=    102.3389 meV
     lambda___(   5 )=       0.000000   gamma___=       0.000000 meV  omega=    182.4124 meV   on_shell_Omega=    182.6716 meV  off_shell_Omega=    182.7242 meV
     lambda_tr(   5 )=       0.000000   gamma_tr=       0.000000 meV  omega=    182.4124 meV   on_shell_Omega=    182.6716 meV  off_shell_Omega=    182.7242 meV
     lambda___(   6 )=       0.000000   gamma___=       0.000000 meV  omega=    197.6739 meV   on_shell_Omega=    197.8962 meV  off_shell_Omega=    197.7705 meV
     lambda_tr(   6 )=       0.000000   gamma_tr=       0.000000 meV  omega=    197.6739 meV   on_shell_Omega=    197.8962 meV  off_shell_Omega=    197.7705 meV
     lambda___( tot )=       0.000000
     lambda_tr( tot )=       0.000000
     -------------------------------------------------------------------


     Number of (k,k+q) pairs on the Fermi surface:      324 out of      324


     ismear =     1 iq =     295 coord.:   0.88889  0.33333  0.00000 wt:   0.00309 Temp:  300.000K
     -------------------------------------------------------------------
     lambda___(   1 )=      -0.000000   gamma___=      -0.000000 meV  omega=     25.3925 meV   on_shell_Omega=     25.3840 meV  off_shell_Omega=     25.3840 meV
     lambda_tr(   1 )=       0.000000   gamma_tr=       0.000000 meV  omega=     25.3925 meV   on_shell_Omega=     25.3840 meV  off_shell_Omega=     25.3840 meV
     lambda___(   2 )=       0.000000   gamma___=       0.000000 meV  omega=     72.0901 meV   on_shell_Omega=     72.1215 meV  off_shell_Omega=     72.1215 meV
     lambda_tr(   2 )=       0.000000   gamma_tr=       0.000000 meV  omega=     72.0901 meV   on_shell_Omega=     72.1215 meV  off_shell_Omega=     72.1215 meV
     lambda___(   3 )=       0.000000   gamma___=       0.000000 meV  omega=     98.7579 meV   on_shell_Omega=     98.7673 meV  off_shell_Omega=     98.7673 meV
     lambda_tr(   3 )=       0.000000   gamma_tr=       0.000000 meV  omega=     98.7579 meV   on_shell_Omega=     98.7673 meV  off_shell_Omega=     98.7673 meV
     lambda___(   4 )=       0.000000   gamma___=       0.000000 meV  omega=    108.1926 meV   on_shell_Omega=    108.2096 meV  off_shell_Omega=    108.2096 meV
     lambda_tr(   4 )=       0.000000   gamma_tr=       0.000000 meV  omega=    108.1926 meV   on_shell_Omega=    108.2096 meV  off_shell_Omega=    108.2096 meV
     lambda___(   5 )=       0.000000   gamma___=       0.000000 meV  omega=    178.9211 meV   on_shell_Omega=    179.1441 meV  off_shell_Omega=    179.0085 meV
     lambda_tr(   5 )=       0.000000   gamma_tr=       0.000000 meV  omega=    178.9211 meV   on_shell_Omega=    179.1441 meV  off_shell_Omega=    179.0085 meV
     lambda___(   6 )=       0.000000   gamma___=       0.000000 meV  omega=    194.0005 meV   on_shell_Omega=    194.1420 meV  off_shell_Omega=    194.0953 meV
     lambda_tr(   6 )=       0.000000   gamma_tr=       0.000000 meV  omega=    194.0005 meV   on_shell_Omega=    194.1420 meV  off_shell_Omega=    194.0953 meV
     lambda___( tot )=       0.000000
     lambda_tr( tot )=       0.000000
     -------------------------------------------------------------------


     Number of (k,k+q) pairs on the Fermi surface:      324 out of      324


     ismear =     1 iq =     296 coord.:   0.88889  0.38889  0.00000 wt:   0.00309 Temp:  300.000K
     -------------------------------------------------------------------
     lambda___(   1 )=       0.000000   gamma___=       0.000000 meV  omega=     34.4555 meV   on_shell_Omega=     34.4494 meV  off_shell_Omega=     34.4494 meV
     lambda_tr(   1 )=       0.000000   gamma_tr=       0.000000 meV  omega=     34.4555 meV   on_shell_Omega=     34.4494 meV  off_shell_Omega=     34.4494 meV
     lambda___(   2 )=       0.000000   gamma___=       0.000000 meV  omega=     79.2212 meV   on_shell_Omega=     79.2368 meV  off_shell_Omega=     79.2368 meV
     lambda_tr(   2 )=       0.000000   gamma_tr=       0.000000 meV  omega=     79.2212 meV   on_shell_Omega=     79.2368 meV  off_shell_Omega=     79.2368 meV
     lambda___(   3 )=       0.000000   gamma___=       0.000000 meV  omega=     93.9181 meV   on_shell_Omega=     93.9420 meV  off_shell_Omega=     93.9420 meV
     lambda_tr(   3 )=       0.000000   gamma_tr=       0.000000 meV  omega=     93.9181 meV   on_shell_Omega=     93.9420 meV  off_shell_Omega=     93.9420 meV
     lambda___(   4 )=       0.000000   gamma___=       0.000000 meV  omega=    123.9329 meV   on_shell_Omega=    123.9556 meV  off_shell_Omega=    123.9556 meV
     lambda_tr(   4 )=       0.000000   gamma_tr=       0.000000 meV  omega=    123.9329 meV   on_shell_Omega=    123.9556 meV  off_shell_Omega=    123.9556 meV
     lambda___(   5 )=       0.000000   gamma___=       0.000000 meV  omega=    176.4468 meV   on_shell_Omega=    176.6148 meV  off_shell_Omega=    176.5330 meV
     lambda_tr(   5 )=       0.000000   gamma_tr=       0.000000 meV  omega=    176.4468 meV   on_shell_Omega=    176.6148 meV  off_shell_Omega=    176.5330 meV
     lambda___(   6 )=       0.000000   gamma___=       0.000000 meV  omega=    188.8167 meV   on_shell_Omega=    188.8914 meV  off_shell_Omega=    188.8914 meV
     lambda_tr(   6 )=       0.000000   gamma_tr=       0.000000 meV  omega=    188.8167 meV   on_shell_Omega=    188.8914 meV  off_shell_Omega=    188.8914 meV
     lambda___( tot )=       0.000000
     lambda_tr( tot )=       0.000000
     -------------------------------------------------------------------


     Number of (k,k+q) pairs on the Fermi surface:      324 out of      324


     ismear =     1 iq =     297 coord.:   0.88889  0.44444  0.00000 wt:   0.00309 Temp:  300.000K
     -------------------------------------------------------------------
     lambda___(   1 )=      -0.000000   gamma___=      -0.000000 meV  omega=     44.1852 meV   on_shell_Omega=     44.2070 meV  off_shell_Omega=     44.2070 meV
     lambda_tr(   1 )=       0.000000   gamma_tr=       0.000000 meV  omega=     44.1852 meV   on_shell_Omega=     44.2070 meV  off_shell_Omega=     44.2070 meV
     lambda___(   2 )=       0.000000   gamma___=       0.000000 meV  omega=     84.1870 meV   on_shell_Omega=     84.1959 meV  off_shell_Omega=     84.1959 meV
     lambda_tr(   2 )=       0.000000   gamma_tr=       0.000000 meV  omega=     84.1870 meV   on_shell_Omega=     84.1959 meV  off_shell_Omega=     84.1959 meV
     lambda___(   3 )=       0.000000   gamma___=       0.000000 meV  omega=     87.7798 meV   on_shell_Omega=     87.8114 meV  off_shell_Omega=     87.8114 meV
     lambda_tr(   3 )=       0.000000   gamma_tr=       0.000000 meV  omega=     87.7798 meV   on_shell_Omega=     87.8114 meV  off_shell_Omega=     87.8114 meV
     lambda___(   4 )=       0.000000   gamma___=       0.000000 meV  omega=    138.6531 meV   on_shell_Omega=    138.6727 meV  off_shell_Omega=    138.6727 meV
     lambda_tr(   4 )=       0.000000   gamma_tr=       0.000000 meV  omega=    138.6531 meV   on_shell_Omega=    138.6727 meV  off_shell_Omega=    138.6727 meV
     lambda___(   5 )=       0.000000   gamma___=       0.000000 meV  omega=    174.5361 meV   on_shell_Omega=    174.7086 meV  off_shell_Omega=    174.6213 meV
     lambda_tr(   5 )=       0.000000   gamma_tr=       0.000000 meV  omega=    174.5361 meV   on_shell_Omega=    174.7086 meV  off_shell_Omega=    174.6213 meV
     lambda___(   6 )=       0.000000   gamma___=       0.000000 meV  omega=    182.1617 meV   on_shell_Omega=    182.2156 meV  off_shell_Omega=    182.2156 meV
     lambda_tr(   6 )=       0.000000   gamma_tr=       0.000000 meV  omega=    182.1617 meV   on_shell_Omega=    182.2156 meV  off_shell_Omega=    182.2156 meV
     lambda___( tot )=       0.000000
     lambda_tr( tot )=       0.000000
     -------------------------------------------------------------------


     Number of (k,k+q) pairs on the Fermi surface:      324 out of      324


     ismear =     1 iq =     298 coord.:   0.88889  0.50000  0.00000 wt:   0.00309 Temp:  300.000K
     -------------------------------------------------------------------
     lambda___(   1 )=       0.000000   gamma___=       0.000000 meV  omega=     53.3438 meV   on_shell_Omega=     53.3675 meV  off_shell_Omega=     53.3675 meV
     lambda_tr(   1 )=       0.000000   gamma_tr=       0.000000 meV  omega=     53.3438 meV   on_shell_Omega=     53.3675 meV  off_shell_Omega=     53.3675 meV
     lambda___(   2 )=       0.000000   gamma___=       0.000000 meV  omega=     81.0127 meV   on_shell_Omega=     81.0487 meV  off_shell_Omega=     81.0487 meV
     lambda_tr(   2 )=       0.000000   gamma_tr=       0.000000 meV  omega=     81.0127 meV   on_shell_Omega=     81.0487 meV  off_shell_Omega=     81.0487 meV
     lambda___(   3 )=       0.000000   gamma___=       0.000000 meV  omega=     87.3777 meV   on_shell_Omega=     87.3811 meV  off_shell_Omega=     87.3811 meV
     lambda_tr(   3 )=       0.000000   gamma_tr=       0.000000 meV  omega=     87.3777 meV   on_shell_Omega=     87.3811 meV  off_shell_Omega=     87.3811 meV
     lambda___(   4 )=       0.000000   gamma___=       0.000000 meV  omega=    151.9061 meV   on_shell_Omega=    151.9183 meV  off_shell_Omega=    151.9183 meV
     lambda_tr(   4 )=       0.000000   gamma_tr=       0.000000 meV  omega=    151.9061 meV   on_shell_Omega=    151.9183 meV  off_shell_Omega=    151.9183 meV
     lambda___(   5 )=       0.000000   gamma___=       0.000000 meV  omega=    172.5554 meV   on_shell_Omega=    172.6348 meV  off_shell_Omega=    172.6348 meV
     lambda_tr(   5 )=       0.000000   gamma_tr=       0.000000 meV  omega=    172.5554 meV   on_shell_Omega=    172.6348 meV  off_shell_Omega=    172.6348 meV
     lambda___(   6 )=       0.000000   gamma___=       0.000000 meV  omega=    174.2980 meV   on_shell_Omega=    174.4522 meV  off_shell_Omega=    174.3831 meV
     lambda_tr(   6 )=       0.000000   gamma_tr=       0.000000 meV  omega=    174.2980 meV   on_shell_Omega=    174.4522 meV  off_shell_Omega=    174.3831 meV
     lambda___( tot )=       0.000000
     lambda_tr( tot )=       0.000000
     -------------------------------------------------------------------


     Number of (k,k+q) pairs on the Fermi surface:      324 out of      324


     ismear =     1 iq =     299 coord.:   0.88889  0.55556  0.00000 wt:   0.00309 Temp:  300.000K
     -------------------------------------------------------------------
     lambda___(   1 )=       0.000000   gamma___=       0.000000 meV  omega=     58.1244 meV   on_shell_Omega=     58.1454 meV  off_shell_Omega=     58.1454 meV
     lambda_tr(   1 )=       0.000000   gamma_tr=       0.000000 meV  omega=     58.1244 meV   on_shell_Omega=     58.1454 meV  off_shell_Omega=     58.1454 meV
     lambda___(   2 )=       0.000000   gamma___=       0.000000 meV  omega=     77.0665 meV   on_shell_Omega=     77.1083 meV  off_shell_Omega=     77.1083 meV
     lambda_tr(   2 )=       0.000000   gamma_tr=       0.000000 meV  omega=     77.0665 meV   on_shell_Omega=     77.1083 meV  off_shell_Omega=     77.1083 meV
     lambda___(   3 )=       0.000000   gamma___=       0.000000 meV  omega=     88.5320 meV   on_shell_Omega=     88.5341 meV  off_shell_Omega=     88.5341 meV
     lambda_tr(   3 )=       0.000000   gamma_tr=       0.000000 meV  omega=     88.5320 meV   on_shell_Omega=     88.5341 meV  off_shell_Omega=     88.5341 meV
     lambda___(   4 )=       0.000000   gamma___=       0.000000 meV  omega=    162.1684 meV   on_shell_Omega=    162.1496 meV  off_shell_Omega=    162.1496 meV
     lambda_tr(   4 )=      -0.000000   gamma_tr=      -0.000000 meV  omega=    162.1684 meV   on_shell_Omega=    162.1496 meV  off_shell_Omega=    162.1496 meV
     lambda___(   5 )=       0.000000   gamma___=       0.000000 meV  omega=    165.0811 meV   on_shell_Omega=    165.1143 meV  off_shell_Omega=    165.1143 meV
     lambda_tr(   5 )=       0.000000   gamma_tr=       0.000000 meV  omega=    165.0811 meV   on_shell_Omega=    165.1143 meV  off_shell_Omega=    165.1143 meV
     lambda___(   6 )=       0.000000   gamma___=       0.000000 meV  omega=    172.4963 meV   on_shell_Omega=    172.7111 meV  off_shell_Omega=    172.5805 meV
     lambda_tr(   6 )=       0.000000   gamma_tr=       0.000000 meV  omega=    172.4963 meV   on_shell_Omega=    172.7111 meV  off_shell_Omega=    172.5805 meV
     lambda___( tot )=       0.000000
     lambda_tr( tot )=       0.000000
     -------------------------------------------------------------------


     Number of (k,k+q) pairs on the Fermi surface:      324 out of      324


     ismear =     1 iq =     300 coord.:   0.88889  0.61111  0.00000 wt:   0.00309 Temp:  300.000K
     -------------------------------------------------------------------
     lambda___(   1 )=      -0.000000   gamma___=      -0.000000 meV  omega=     53.3438 meV   on_shell_Omega=     53.3677 meV  off_shell_Omega=     53.3677 meV
     lambda_tr(   1 )=      -0.000000   gamma_tr=      -0.000000 meV  omega=     53.3438 meV   on_shell_Omega=     53.3677 meV  off_shell_Omega=     53.3677 meV
     lambda___(   2 )=       0.000000   gamma___=       0.000000 meV  omega=     81.0127 meV   on_shell_Omega=     81.0470 meV  off_shell_Omega=     81.0470 meV
     lambda_tr(   2 )=       0.000000   gamma_tr=       0.000000 meV  omega=     81.0127 meV   on_shell_Omega=     81.0470 meV  off_shell_Omega=     81.0470 meV
     lambda___(   3 )=       0.000000   gamma___=       0.000000 meV  omega=     87.3777 meV   on_shell_Omega=     87.3816 meV  off_shell_Omega=     87.3816 meV
     lambda_tr(   3 )=       0.000000   gamma_tr=       0.000000 meV  omega=     87.3777 meV   on_shell_Omega=     87.3816 meV  off_shell_Omega=     87.3816 meV
     lambda___(   4 )=       0.000000   gamma___=       0.000000 meV  omega=    151.9061 meV   on_shell_Omega=    151.9172 meV  off_shell_Omega=    151.9172 meV
     lambda_tr(   4 )=       0.000000   gamma_tr=       0.000000 meV  omega=    151.9061 meV   on_shell_Omega=    151.9172 meV  off_shell_Omega=    151.9172 meV
     lambda___(   5 )=       0.000000   gamma___=       0.000000 meV  omega=    172.5554 meV   on_shell_Omega=    172.6349 meV  off_shell_Omega=    172.6349 meV
     lambda_tr(   5 )=       0.000000   gamma_tr=       0.000000 meV  omega=    172.5554 meV   on_shell_Omega=    172.6349 meV  off_shell_Omega=    172.6349 meV
     lambda___(   6 )=       0.000000   gamma___=       0.000000 meV  omega=    174.2980 meV   on_shell_Omega=    174.4491 meV  off_shell_Omega=    174.3831 meV
     lambda_tr(   6 )=       0.000000   gamma_tr=       0.000000 meV  omega=    174.2980 meV   on_shell_Omega=    174.4491 meV  off_shell_Omega=    174.3831 meV
     lambda___( tot )=       0.000000
     lambda_tr( tot )=       0.000000
     -------------------------------------------------------------------


     Number of (k,k+q) pairs on the Fermi surface:      324 out of      324


     ismear =     1 iq =     301 coord.:   0.88889  0.66667  0.00000 wt:   0.00309 Temp:  300.000K
     -------------------------------------------------------------------
     lambda___(   1 )=       0.000000   gamma___=       0.000000 meV  omega=     44.1852 meV   on_shell_Omega=     44.2069 meV  off_shell_Omega=     44.2069 meV
     lambda_tr(   1 )=      -0.000000   gamma_tr=      -0.000000 meV  omega=     44.1852 meV   on_shell_Omega=     44.2069 meV  off_shell_Omega=     44.2069 meV
     lambda___(   2 )=       0.000000   gamma___=       0.000000 meV  omega=     84.1870 meV   on_shell_Omega=     84.1951 meV  off_shell_Omega=     84.1951 meV
     lambda_tr(   2 )=       0.000000   gamma_tr=       0.000000 meV  omega=     84.1870 meV   on_shell_Omega=     84.1951 meV  off_shell_Omega=     84.1951 meV
     lambda___(   3 )=       0.000000   gamma___=       0.000000 meV  omega=     87.7798 meV   on_shell_Omega=     87.8089 meV  off_shell_Omega=     87.8089 meV
     lambda_tr(   3 )=       0.000000   gamma_tr=       0.000000 meV  omega=     87.7798 meV   on_shell_Omega=     87.8089 meV  off_shell_Omega=     87.8089 meV
     lambda___(   4 )=       0.000000   gamma___=       0.000000 meV  omega=    138.6531 meV   on_shell_Omega=    138.6708 meV  off_shell_Omega=    138.6708 meV
     lambda_tr(   4 )=       0.000000   gamma_tr=       0.000000 meV  omega=    138.6531 meV   on_shell_Omega=    138.6708 meV  off_shell_Omega=    138.6708 meV
     lambda___(   5 )=       0.000000   gamma___=       0.000000 meV  omega=    174.5361 meV   on_shell_Omega=    174.7131 meV  off_shell_Omega=    174.6213 meV
     lambda_tr(   5 )=       0.000000   gamma_tr=       0.000000 meV  omega=    174.5361 meV   on_shell_Omega=    174.7131 meV  off_shell_Omega=    174.6213 meV
     lambda___(   6 )=       0.000000   gamma___=       0.000000 meV  omega=    182.1617 meV   on_shell_Omega=    182.2153 meV  off_shell_Omega=    182.2153 meV
     lambda_tr(   6 )=       0.000000   gamma_tr=       0.000000 meV  omega=    182.1617 meV   on_shell_Omega=    182.2153 meV  off_shell_Omega=    182.2153 meV
     lambda___( tot )=       0.000000
     lambda_tr( tot )=       0.000000
     -------------------------------------------------------------------


     Number of (k,k+q) pairs on the Fermi surface:      324 out of      324


     ismear =     1 iq =     302 coord.:   0.88889  0.72222  0.00000 wt:   0.00309 Temp:  300.000K
     -------------------------------------------------------------------
     lambda___(   1 )=      -0.000000   gamma___=      -0.000000 meV  omega=     34.4555 meV   on_shell_Omega=     34.4527 meV  off_shell_Omega=     34.4527 meV
     lambda_tr(   1 )=       0.000000   gamma_tr=       0.000000 meV  omega=     34.4555 meV   on_shell_Omega=     34.4527 meV  off_shell_Omega=     34.4527 meV
     lambda___(   2 )=       0.000000   gamma___=       0.000000 meV  omega=     79.2212 meV   on_shell_Omega=     79.2354 meV  off_shell_Omega=     79.2354 meV
     lambda_tr(   2 )=       0.000000   gamma_tr=       0.000000 meV  omega=     79.2212 meV   on_shell_Omega=     79.2354 meV  off_shell_Omega=     79.2354 meV
     lambda___(   3 )=       0.000000   gamma___=       0.000000 meV  omega=     93.9181 meV   on_shell_Omega=     93.9406 meV  off_shell_Omega=     93.9406 meV
     lambda_tr(   3 )=       0.000000   gamma_tr=       0.000000 meV  omega=     93.9181 meV   on_shell_Omega=     93.9406 meV  off_shell_Omega=     93.9406 meV
     lambda___(   4 )=       0.000000   gamma___=       0.000000 meV  omega=    123.9329 meV   on_shell_Omega=    123.9545 meV  off_shell_Omega=    123.9545 meV
     lambda_tr(   4 )=       0.000000   gamma_tr=       0.000000 meV  omega=    123.9329 meV   on_shell_Omega=    123.9545 meV  off_shell_Omega=    123.9545 meV
     lambda___(   5 )=       0.000000   gamma___=       0.000000 meV  omega=    176.4468 meV   on_shell_Omega=    176.6194 meV  off_shell_Omega=    176.5330 meV
     lambda_tr(   5 )=       0.000000   gamma_tr=       0.000000 meV  omega=    176.4468 meV   on_shell_Omega=    176.6194 meV  off_shell_Omega=    176.5330 meV
     lambda___(   6 )=       0.000000   gamma___=       0.000000 meV  omega=    188.8167 meV   on_shell_Omega=    188.8913 meV  off_shell_Omega=    188.8913 meV
     lambda_tr(   6 )=       0.000000   gamma_tr=       0.000000 meV  omega=    188.8167 meV   on_shell_Omega=    188.8913 meV  off_shell_Omega=    188.8913 meV
     lambda___( tot )=       0.000000
     lambda_tr( tot )=       0.000000
     -------------------------------------------------------------------


     Number of (k,k+q) pairs on the Fermi surface:      324 out of      324


     ismear =     1 iq =     303 coord.:   0.88889  0.77778  0.00000 wt:   0.00309 Temp:  300.000K
     -------------------------------------------------------------------
     lambda___(   1 )=       0.000000   gamma___=       0.000000 meV  omega=     25.3925 meV   on_shell_Omega=     25.3850 meV  off_shell_Omega=     25.3850 meV
     lambda_tr(   1 )=       0.000000   gamma_tr=       0.000000 meV  omega=     25.3925 meV   on_shell_Omega=     25.3850 meV  off_shell_Omega=     25.3850 meV
     lambda___(   2 )=       0.000000   gamma___=       0.000000 meV  omega=     72.0901 meV   on_shell_Omega=     72.1208 meV  off_shell_Omega=     72.1208 meV
     lambda_tr(   2 )=       0.000000   gamma_tr=       0.000000 meV  omega=     72.0901 meV   on_shell_Omega=     72.1208 meV  off_shell_Omega=     72.1208 meV
     lambda___(   3 )=       0.000000   gamma___=       0.000000 meV  omega=     98.7579 meV   on_shell_Omega=     98.7668 meV  off_shell_Omega=     98.7668 meV
     lambda_tr(   3 )=       0.000000   gamma_tr=       0.000000 meV  omega=     98.7579 meV   on_shell_Omega=     98.7668 meV  off_shell_Omega=     98.7668 meV
     lambda___(   4 )=       0.000000   gamma___=       0.000000 meV  omega=    108.1926 meV   on_shell_Omega=    108.2103 meV  off_shell_Omega=    108.2103 meV
     lambda_tr(   4 )=       0.000000   gamma_tr=       0.000000 meV  omega=    108.1926 meV   on_shell_Omega=    108.2103 meV  off_shell_Omega=    108.2103 meV
     lambda___(   5 )=       0.000000   gamma___=       0.000000 meV  omega=    178.9211 meV   on_shell_Omega=    179.1485 meV  off_shell_Omega=    179.2269 meV
     lambda_tr(   5 )=       0.000000   gamma_tr=       0.000000 meV  omega=    178.9211 meV   on_shell_Omega=    179.1485 meV  off_shell_Omega=    179.2269 meV
     lambda___(   6 )=       0.000000   gamma___=       0.000000 meV  omega=    194.0005 meV   on_shell_Omega=    194.1436 meV  off_shell_Omega=    194.0953 meV
     lambda_tr(   6 )=       0.000000   gamma_tr=       0.000000 meV  omega=    194.0005 meV   on_shell_Omega=    194.1436 meV  off_shell_Omega=    194.0953 meV
     lambda___( tot )=       0.000000
     lambda_tr( tot )=       0.000000
     -------------------------------------------------------------------


     Number of (k,k+q) pairs on the Fermi surface:      324 out of      324


     ismear =     1 iq =     304 coord.:   0.88889  0.83333  0.00000 wt:   0.00309 Temp:  300.000K
     -------------------------------------------------------------------
     lambda___(   1 )=       0.000000   gamma___=       0.000000 meV  omega=     17.5406 meV   on_shell_Omega=     17.5482 meV  off_shell_Omega=     17.5482 meV
     lambda_tr(   1 )=       0.000000   gamma_tr=       0.000000 meV  omega=     17.5406 meV   on_shell_Omega=     17.5482 meV  off_shell_Omega=     17.5482 meV
     lambda___(   2 )=       0.000000   gamma___=       0.000000 meV  omega=     62.3017 meV   on_shell_Omega=     62.3486 meV  off_shell_Omega=     62.3486 meV
     lambda_tr(   2 )=       0.000000   gamma_tr=       0.000000 meV  omega=     62.3017 meV   on_shell_Omega=     62.3486 meV  off_shell_Omega=     62.3486 meV
     lambda___(   3 )=       0.000000   gamma___=       0.000000 meV  omega=     91.7904 meV   on_shell_Omega=     91.7921 meV  off_shell_Omega=     91.7921 meV
     lambda_tr(   3 )=       0.000000   gamma_tr=       0.000000 meV  omega=     91.7904 meV   on_shell_Omega=     91.7921 meV  off_shell_Omega=     91.7921 meV
     lambda___(   4 )=       0.000000   gamma___=       0.000000 meV  omega=    102.3367 meV   on_shell_Omega=    102.3386 meV  off_shell_Omega=    102.3386 meV
     lambda_tr(   4 )=       0.000000   gamma_tr=       0.000000 meV  omega=    102.3367 meV   on_shell_Omega=    102.3386 meV  off_shell_Omega=    102.3386 meV
     lambda___(   5 )=       0.000000   gamma___=       0.000000 meV  omega=    182.4124 meV   on_shell_Omega=    182.6846 meV  off_shell_Omega=    182.7242 meV
     lambda_tr(   5 )=       0.000000   gamma_tr=       0.000000 meV  omega=    182.4124 meV   on_shell_Omega=    182.6846 meV  off_shell_Omega=    182.7242 meV
     lambda___(   6 )=       0.000000   gamma___=       0.000000 meV  omega=    197.6739 meV   on_shell_Omega=    197.8982 meV  off_shell_Omega=    197.7705 meV
     lambda_tr(   6 )=       0.000000   gamma_tr=       0.000000 meV  omega=    197.6739 meV   on_shell_Omega=    197.8982 meV  off_shell_Omega=    197.7705 meV
     lambda___( tot )=       0.000000
     lambda_tr( tot )=       0.000000
     -------------------------------------------------------------------


     Number of (k,k+q) pairs on the Fermi surface:      324 out of      324


     ismear =     1 iq =     305 coord.:   0.88889  0.88889  0.00000 wt:   0.00309 Temp:  300.000K
     -------------------------------------------------------------------
     lambda___(   1 )=      -0.000000   gamma___=      -0.000000 meV  omega=     11.1119 meV   on_shell_Omega=     11.1261 meV  off_shell_Omega=     11.1261 meV
     lambda_tr(   1 )=      -0.000000   gamma_tr=      -0.000000 meV  omega=     11.1119 meV   on_shell_Omega=     11.1261 meV  off_shell_Omega=     11.1261 meV
     lambda___(   2 )=       0.000000   gamma___=       0.000000 meV  omega=     50.4214 meV   on_shell_Omega=     50.4959 meV  off_shell_Omega=     50.4959 meV
     lambda_tr(   2 )=      -0.000000   gamma_tr=      -0.000000 meV  omega=     50.4214 meV   on_shell_Omega=     50.4959 meV  off_shell_Omega=     50.4959 meV
     lambda___(   3 )=       0.000000   gamma___=       0.000000 meV  omega=     75.0990 meV   on_shell_Omega=     75.0853 meV  off_shell_Omega=     75.0853 meV
     lambda_tr(   3 )=       0.000000   gamma_tr=       0.000000 meV  omega=     75.0990 meV   on_shell_Omega=     75.0853 meV  off_shell_Omega=     75.0853 meV
     lambda___(   4 )=       0.000000   gamma___=       0.000000 meV  omega=    104.8688 meV   on_shell_Omega=    104.8707 meV  off_shell_Omega=    104.8707 meV
     lambda_tr(   4 )=      -0.000000   gamma_tr=      -0.000000 meV  omega=    104.8688 meV   on_shell_Omega=    104.8707 meV  off_shell_Omega=    104.8707 meV
     lambda___(   5 )=       0.000000   gamma___=       0.000000 meV  omega=    186.3498 meV   on_shell_Omega=    186.5860 meV  off_shell_Omega=    186.6682 meV
     lambda_tr(   5 )=       0.000000   gamma_tr=       0.000000 meV  omega=    186.3498 meV   on_shell_Omega=    186.5860 meV  off_shell_Omega=    186.6682 meV
     lambda___(   6 )=       0.000000   gamma___=       0.000000 meV  omega=    199.4338 meV   on_shell_Omega=    199.7749 meV  off_shell_Omega=    199.7746 meV
     lambda_tr(   6 )=       0.000000   gamma_tr=       0.000000 meV  omega=    199.4338 meV   on_shell_Omega=    199.7749 meV  off_shell_Omega=    199.7746 meV
     lambda___( tot )=       0.000000
     lambda_tr( tot )=       0.000000
     -------------------------------------------------------------------


     Number of (k,k+q) pairs on the Fermi surface:      324 out of      324


     ismear =     1 iq =     306 coord.:   0.88889  0.94444  0.00000 wt:   0.00309 Temp:  300.000K
     -------------------------------------------------------------------
     lambda___(   1 )=       0.000000   gamma___=       0.000000 meV  omega=      6.3702 meV   on_shell_Omega=      6.3957 meV  off_shell_Omega=      6.3957 meV
     lambda_tr(   1 )=      -0.000000   gamma_tr=      -0.000000 meV  omega=      6.3702 meV   on_shell_Omega=      6.3957 meV  off_shell_Omega=      6.3957 meV
     lambda___(   2 )=       0.000000   gamma___=       0.000000 meV  omega=     38.3724 meV   on_shell_Omega=     38.4471 meV  off_shell_Omega=     38.4471 meV
     lambda_tr(   2 )=       0.000000   gamma_tr=       0.000000 meV  omega=     38.3724 meV   on_shell_Omega=     38.4471 meV  off_shell_Omega=     38.4471 meV
     lambda___(   3 )=       0.000000   gamma___=       0.000000 meV  omega=     59.1544 meV   on_shell_Omega=     59.1610 meV  off_shell_Omega=     59.1610 meV
     lambda_tr(   3 )=       0.000000   gamma_tr=       0.000000 meV  omega=     59.1544 meV   on_shell_Omega=     59.1610 meV  off_shell_Omega=     59.1610 meV
     lambda___(   4 )=       0.000000   gamma___=       0.000000 meV  omega=    106.5347 meV   on_shell_Omega=    106.5353 meV  off_shell_Omega=    106.5353 meV
     lambda_tr(   4 )=       0.000000   gamma_tr=       0.000000 meV  omega=    106.5347 meV   on_shell_Omega=    106.5353 meV  off_shell_Omega=    106.5353 meV
     lambda___(   5 )=       0.000000   gamma___=       0.000000 meV  omega=    189.5059 meV   on_shell_Omega=    189.7254 meV  off_shell_Omega=    189.5984 meV
     lambda_tr(   5 )=       0.000000   gamma_tr=       0.000000 meV  omega=    189.5059 meV   on_shell_Omega=    189.7254 meV  off_shell_Omega=    189.5984 meV
     lambda___(   6 )=       0.000000   gamma___=       0.000000 meV  omega=    199.0541 meV   on_shell_Omega=    199.5842 meV  off_shell_Omega=    199.6373 meV
     lambda_tr(   6 )=       0.000000   gamma_tr=       0.000000 meV  omega=    199.0541 meV   on_shell_Omega=    199.5842 meV  off_shell_Omega=    199.6373 meV
     lambda___( tot )=       0.000000
     lambda_tr( tot )=       0.000000
     -------------------------------------------------------------------


     Number of (k,k+q) pairs on the Fermi surface:      324 out of      324


     ismear =     1 iq =     307 coord.:   0.94444  0.00000  0.00000 wt:   0.00309 Temp:  300.000K
     -------------------------------------------------------------------
     lambda___(   1 )=      -0.000000   gamma___=      -0.000000 meV  omega=      1.2660 meV   on_shell_Omega=      1.3018 meV  off_shell_Omega=      1.3018 meV
     lambda_tr(   1 )=      -0.000000   gamma_tr=      -0.000000 meV  omega=      1.2660 meV   on_shell_Omega=      1.3018 meV  off_shell_Omega=      1.3018 meV
     lambda___(   2 )=      -0.000000   gamma___=      -0.000000 meV  omega=     15.0666 meV   on_shell_Omega=     15.0193 meV  off_shell_Omega=     15.0193 meV
     lambda_tr(   2 )=      -0.000000   gamma_tr=      -0.000000 meV  omega=     15.0666 meV   on_shell_Omega=     15.0193 meV  off_shell_Omega=     15.0193 meV
     lambda___(   3 )=      -0.000000   gamma___=      -0.000000 meV  omega=     23.6235 meV   on_shell_Omega=     23.6058 meV  off_shell_Omega=     23.6058 meV
     lambda_tr(   3 )=      -0.000000   gamma_tr=      -0.000000 meV  omega=     23.6235 meV   on_shell_Omega=     23.6058 meV  off_shell_Omega=     23.6058 meV
     lambda___(   4 )=      -0.000000   gamma___=      -0.000000 meV  omega=    108.3724 meV   on_shell_Omega=    108.3739 meV  off_shell_Omega=    108.3739 meV
     lambda_tr(   4 )=      -0.000000   gamma_tr=      -0.000000 meV  omega=    108.3724 meV   on_shell_Omega=    108.3739 meV  off_shell_Omega=    108.3739 meV
     lambda___(   5 )=       0.000000   gamma___=       0.000000 meV  omega=    192.8745 meV   on_shell_Omega=    193.0256 meV  off_shell_Omega=    192.9686 meV
     lambda_tr(   5 )=       0.000000   gamma_tr=       0.000000 meV  omega=    192.8745 meV   on_shell_Omega=    193.0256 meV  off_shell_Omega=    192.9686 meV
     lambda___(   6 )=       0.000000   gamma___=       0.000000 meV  omega=    194.6445 meV   on_shell_Omega=    195.3279 meV  off_shell_Omega=    195.2147 meV
     lambda_tr(   6 )=       0.000000   gamma_tr=       0.000000 meV  omega=    194.6445 meV   on_shell_Omega=    195.3279 meV  off_shell_Omega=    195.2147 meV
     lambda___( tot )=      -0.000000
     lambda_tr( tot )=      -0.000000
     -------------------------------------------------------------------


     Number of (k,k+q) pairs on the Fermi surface:      324 out of      324


     ismear =     1 iq =     308 coord.:   0.94444  0.05556  0.00000 wt:   0.00309 Temp:  300.000K
     -------------------------------------------------------------------
     lambda___(   1 )=       0.000000   gamma___=       0.000000 meV  omega=      1.2660 meV   on_shell_Omega=      1.3185 meV  off_shell_Omega=      1.3185 meV
     lambda_tr(   1 )=       0.000000   gamma_tr=       0.000000 meV  omega=      1.2660 meV   on_shell_Omega=      1.3185 meV  off_shell_Omega=      1.3185 meV
     lambda___(   2 )=       0.000000   gamma___=       0.000000 meV  omega=     15.0666 meV   on_shell_Omega=     15.0157 meV  off_shell_Omega=     15.0157 meV
     lambda_tr(   2 )=       0.000000   gamma_tr=       0.000000 meV  omega=     15.0666 meV   on_shell_Omega=     15.0157 meV  off_shell_Omega=     15.0157 meV
     lambda___(   3 )=       0.000000   gamma___=       0.000000 meV  omega=     23.6235 meV   on_shell_Omega=     23.6061 meV  off_shell_Omega=     23.6061 meV
     lambda_tr(   3 )=       0.000000   gamma_tr=       0.000000 meV  omega=     23.6235 meV   on_shell_Omega=     23.6061 meV  off_shell_Omega=     23.6061 meV
     lambda___(   4 )=       0.000000   gamma___=       0.000000 meV  omega=    108.3724 meV   on_shell_Omega=    108.3737 meV  off_shell_Omega=    108.3737 meV
     lambda_tr(   4 )=       0.000000   gamma_tr=       0.000000 meV  omega=    108.3724 meV   on_shell_Omega=    108.3737 meV  off_shell_Omega=    108.3737 meV
     lambda___(   5 )=       0.000000   gamma___=       0.000000 meV  omega=    192.8745 meV   on_shell_Omega=    192.9976 meV  off_shell_Omega=    192.9976 meV
     lambda_tr(   5 )=       0.000000   gamma_tr=       0.000000 meV  omega=    192.8745 meV   on_shell_Omega=    192.9976 meV  off_shell_Omega=    192.9976 meV
     lambda___(   6 )=       0.000000   gamma___=       0.000000 meV  omega=    194.6445 meV   on_shell_Omega=    195.3550 meV  off_shell_Omega=    195.4523 meV
     lambda_tr(   6 )=       0.000000   gamma_tr=       0.000000 meV  omega=    194.6445 meV   on_shell_Omega=    195.3550 meV  off_shell_Omega=    195.4523 meV
     lambda___( tot )=       0.000000
     lambda_tr( tot )=       0.000000
     -------------------------------------------------------------------


     Number of (k,k+q) pairs on the Fermi surface:      324 out of      324


     ismear =     1 iq =     309 coord.:   0.94444  0.11111  0.00000 wt:   0.00309 Temp:  300.000K
     -------------------------------------------------------------------
     lambda___(   1 )=      -0.000000   gamma___=      -0.000000 meV  omega=      2.5929 meV   on_shell_Omega=      2.6805 meV  off_shell_Omega=      2.6805 meV
     lambda_tr(   1 )=      -0.000000   gamma_tr=      -0.000000 meV  omega=      2.5929 meV   on_shell_Omega=      2.6805 meV  off_shell_Omega=      2.6805 meV
     lambda___(   2 )=      -0.000000   gamma___=      -0.000000 meV  omega=     25.5335 meV   on_shell_Omega=     25.6077 meV  off_shell_Omega=     25.6077 meV
     lambda_tr(   2 )=      -0.000000   gamma_tr=      -0.000000 meV  omega=     25.5335 meV   on_shell_Omega=     25.6077 meV  off_shell_Omega=     25.6077 meV
     lambda___(   3 )=      -0.000000   gamma___=      -0.000000 meV  omega=     39.3090 meV   on_shell_Omega=     39.2938 meV  off_shell_Omega=     39.2938 meV
     lambda_tr(   3 )=      -0.000000   gamma_tr=      -0.000000 meV  omega=     39.3090 meV   on_shell_Omega=     39.2938 meV  off_shell_Omega=     39.2938 meV
     lambda___(   4 )=      -0.000000   gamma___=      -0.000000 meV  omega=    107.7786 meV   on_shell_Omega=    107.7790 meV  off_shell_Omega=    107.7790 meV
     lambda_tr(   4 )=      -0.000000   gamma_tr=      -0.000000 meV  omega=    107.7786 meV   on_shell_Omega=    107.7790 meV  off_shell_Omega=    107.7790 meV
     lambda___(   5 )=       0.000000   gamma___=       0.000000 meV  omega=    191.8747 meV   on_shell_Omega=    192.0847 meV  off_shell_Omega=    191.9684 meV
     lambda_tr(   5 )=       0.000000   gamma_tr=       0.000000 meV  omega=    191.8747 meV   on_shell_Omega=    192.0847 meV  off_shell_Omega=    191.9684 meV
     lambda___(   6 )=       0.000000   gamma___=       0.000000 meV  omega=    196.8159 meV   on_shell_Omega=    197.6257 meV  off_shell_Omega=    197.6328 meV
     lambda_tr(   6 )=       0.000000   gamma_tr=       0.000000 meV  omega=    196.8159 meV   on_shell_Omega=    197.6257 meV  off_shell_Omega=    197.6328 meV
     lambda___( tot )=      -0.000000
     lambda_tr( tot )=      -0.000000
     -------------------------------------------------------------------


     Number of (k,k+q) pairs on the Fermi surface:      324 out of      324


     ismear =     1 iq =     310 coord.:   0.94444  0.16667  0.00000 wt:   0.00309 Temp:  300.000K
     -------------------------------------------------------------------
     lambda___(   1 )=       0.000000   gamma___=       0.000000 meV  omega=      6.4533 meV   on_shell_Omega=      6.4837 meV  off_shell_Omega=      6.4837 meV
     lambda_tr(   1 )=       0.000000   gamma_tr=       0.000000 meV  omega=      6.4533 meV   on_shell_Omega=      6.4837 meV  off_shell_Omega=      6.4837 meV
     lambda___(   2 )=       0.000000   gamma___=       0.000000 meV  omega=     38.2006 meV   on_shell_Omega=     38.2682 meV  off_shell_Omega=     38.2682 meV
     lambda_tr(   2 )=       0.000000   gamma_tr=       0.000000 meV  omega=     38.2006 meV   on_shell_Omega=     38.2682 meV  off_shell_Omega=     38.2682 meV
     lambda___(   3 )=       0.000000   gamma___=       0.000000 meV  omega=     59.2946 meV   on_shell_Omega=     59.3003 meV  off_shell_Omega=     59.3003 meV
     lambda_tr(   3 )=       0.000000   gamma_tr=       0.000000 meV  omega=     59.2946 meV   on_shell_Omega=     59.3003 meV  off_shell_Omega=     59.3003 meV
     lambda___(   4 )=       0.000000   gamma___=       0.000000 meV  omega=    106.5297 meV   on_shell_Omega=    106.5304 meV  off_shell_Omega=    106.5304 meV
     lambda_tr(   4 )=       0.000000   gamma_tr=       0.000000 meV  omega=    106.5297 meV   on_shell_Omega=    106.5304 meV  off_shell_Omega=    106.5304 meV
     lambda___(   5 )=       0.000000   gamma___=       0.000000 meV  omega=    189.5344 meV   on_shell_Omega=    189.7386 meV  off_shell_Omega=    189.6269 meV
     lambda_tr(   5 )=       0.000000   gamma_tr=       0.000000 meV  omega=    189.5344 meV   on_shell_Omega=    189.7386 meV  off_shell_Omega=    189.6269 meV
     lambda___(   6 )=       0.000000   gamma___=       0.000000 meV  omega=    199.0183 meV   on_shell_Omega=    199.5564 meV  off_shell_Omega=    199.6014 meV
     lambda_tr(   6 )=       0.000000   gamma_tr=       0.000000 meV  omega=    199.0183 meV   on_shell_Omega=    199.5564 meV  off_shell_Omega=    199.6014 meV
     lambda___( tot )=       0.000000
     lambda_tr( tot )=       0.000000
     -------------------------------------------------------------------


     Number of (k,k+q) pairs on the Fermi surface:      324 out of      324


     ismear =     1 iq =     311 coord.:   0.94444  0.22222  0.00000 wt:   0.00309 Temp:  300.000K
     -------------------------------------------------------------------
     lambda___(   1 )=      -0.000000   gamma___=      -0.000000 meV  omega=     12.1827 meV   on_shell_Omega=     12.1953 meV  off_shell_Omega=     12.1953 meV
     lambda_tr(   1 )=      -0.000000   gamma_tr=      -0.000000 meV  omega=     12.1827 meV   on_shell_Omega=     12.1953 meV  off_shell_Omega=     12.1953 meV
     lambda___(   2 )=       0.000000   gamma___=       0.000000 meV  omega=     50.5202 meV   on_shell_Omega=     50.5394 meV  off_shell_Omega=     50.5394 meV
     lambda_tr(   2 )=       0.000000   gamma_tr=       0.000000 meV  omega=     50.5202 meV   on_shell_Omega=     50.5394 meV  off_shell_Omega=     50.5394 meV
     lambda___(   3 )=       0.000000   gamma___=       0.000000 meV  omega=     79.4476 meV   on_shell_Omega=     79.4694 meV  off_shell_Omega=     79.4694 meV
     lambda_tr(   3 )=       0.000000   gamma_tr=       0.000000 meV  omega=     79.4476 meV   on_shell_Omega=     79.4694 meV  off_shell_Omega=     79.4694 meV
     lambda___(   4 )=       0.000000   gamma___=       0.000000 meV  omega=    104.5217 meV   on_shell_Omega=    104.5224 meV  off_shell_Omega=    104.5224 meV
     lambda_tr(   4 )=       0.000000   gamma_tr=       0.000000 meV  omega=    104.5217 meV   on_shell_Omega=    104.5224 meV  off_shell_Omega=    104.5224 meV
     lambda___(   5 )=       0.000000   gamma___=       0.000000 meV  omega=    185.8991 meV   on_shell_Omega=    186.1179 meV  off_shell_Omega=    185.9899 meV
     lambda_tr(   5 )=       0.000000   gamma_tr=       0.000000 meV  omega=    185.8991 meV   on_shell_Omega=    186.1179 meV  off_shell_Omega=    185.9899 meV
     lambda___(   6 )=       0.000000   gamma___=       0.000000 meV  omega=    199.3525 meV   on_shell_Omega=    199.6806 meV  off_shell_Omega=    199.6931 meV
     lambda_tr(   6 )=       0.000000   gamma_tr=       0.000000 meV  omega=    199.3525 meV   on_shell_Omega=    199.6806 meV  off_shell_Omega=    199.6931 meV
     lambda___( tot )=       0.000000
     lambda_tr( tot )=       0.000000
     -------------------------------------------------------------------


     Number of (k,k+q) pairs on the Fermi surface:      324 out of      324


     ismear =     1 iq =     312 coord.:   0.94444  0.27778  0.00000 wt:   0.00309 Temp:  300.000K
     -------------------------------------------------------------------
     lambda___(   1 )=       0.000000   gamma___=       0.000000 meV  omega=     19.6072 meV   on_shell_Omega=     19.6143 meV  off_shell_Omega=     19.6143 meV
     lambda_tr(   1 )=       0.000000   gamma_tr=       0.000000 meV  omega=     19.6072 meV   on_shell_Omega=     19.6143 meV  off_shell_Omega=     19.6143 meV
     lambda___(   2 )=       0.000000   gamma___=       0.000000 meV  omega=     60.9360 meV   on_shell_Omega=     60.9426 meV  off_shell_Omega=     60.9426 meV
     lambda_tr(   2 )=       0.000000   gamma_tr=       0.000000 meV  omega=     60.9360 meV   on_shell_Omega=     60.9426 meV  off_shell_Omega=     60.9426 meV
     lambda___(   3 )=       0.000000   gamma___=       0.000000 meV  omega=     98.5449 meV   on_shell_Omega=     98.5720 meV  off_shell_Omega=     98.5720 meV
     lambda_tr(   3 )=       0.000000   gamma_tr=       0.000000 meV  omega=     98.5449 meV   on_shell_Omega=     98.5720 meV  off_shell_Omega=     98.5720 meV
     lambda___(   4 )=       0.000000   gamma___=       0.000000 meV  omega=    101.5818 meV   on_shell_Omega=    101.5840 meV  off_shell_Omega=    101.5840 meV
     lambda_tr(   4 )=       0.000000   gamma_tr=       0.000000 meV  omega=    101.5818 meV   on_shell_Omega=    101.5840 meV  off_shell_Omega=    101.5840 meV
     lambda___(   5 )=       0.000000   gamma___=       0.000000 meV  omega=    182.0007 meV   on_shell_Omega=    182.2014 meV  off_shell_Omega=    182.0896 meV
     lambda_tr(   5 )=       0.000000   gamma_tr=       0.000000 meV  omega=    182.0007 meV   on_shell_Omega=    182.2014 meV  off_shell_Omega=    182.0896 meV
     lambda___(   6 )=       0.000000   gamma___=       0.000000 meV  omega=    197.3049 meV   on_shell_Omega=    197.5077 meV  off_shell_Omega=    197.4013 meV
     lambda_tr(   6 )=       0.000000   gamma_tr=       0.000000 meV  omega=    197.3049 meV   on_shell_Omega=    197.5077 meV  off_shell_Omega=    197.4013 meV
     lambda___( tot )=       0.000000
     lambda_tr( tot )=       0.000000
     -------------------------------------------------------------------


     Number of (k,k+q) pairs on the Fermi surface:      324 out of      324


     ismear =     1 iq =     313 coord.:   0.94444  0.33333  0.00000 wt:   0.00309 Temp:  300.000K
     -------------------------------------------------------------------
     lambda___(   1 )=       0.000000   gamma___=       0.000000 meV  omega=     28.5725 meV   on_shell_Omega=     28.5682 meV  off_shell_Omega=     28.5682 meV
     lambda_tr(   1 )=      -0.000000   gamma_tr=      -0.000000 meV  omega=     28.5725 meV   on_shell_Omega=     28.5682 meV  off_shell_Omega=     28.5682 meV
     lambda___(   2 )=       0.000000   gamma___=       0.000000 meV  omega=     68.7646 meV   on_shell_Omega=     68.7691 meV  off_shell_Omega=     68.7691 meV
     lambda_tr(   2 )=      -0.000000   gamma_tr=      -0.000000 meV  omega=     68.7646 meV   on_shell_Omega=     68.7691 meV  off_shell_Omega=     68.7691 meV
     lambda___(   3 )=       0.000000   gamma___=       0.000000 meV  omega=     97.4574 meV   on_shell_Omega=     97.4659 meV  off_shell_Omega=     97.4659 meV
     lambda_tr(   3 )=       0.000000   gamma_tr=       0.000000 meV  omega=     97.4574 meV   on_shell_Omega=     97.4659 meV  off_shell_Omega=     97.4659 meV
     lambda___(   4 )=       0.000000   gamma___=       0.000000 meV  omega=    116.2844 meV   on_shell_Omega=    116.3095 meV  off_shell_Omega=    116.3095 meV
     lambda_tr(   4 )=       0.000000   gamma_tr=       0.000000 meV  omega=    116.2844 meV   on_shell_Omega=    116.3095 meV  off_shell_Omega=    116.3095 meV
     lambda___(   5 )=       0.000000   gamma___=       0.000000 meV  omega=    178.9012 meV   on_shell_Omega=    179.0533 meV  off_shell_Omega=    178.9886 meV
     lambda_tr(   5 )=       0.000000   gamma_tr=       0.000000 meV  omega=    178.9012 meV   on_shell_Omega=    179.0533 meV  off_shell_Omega=    178.9886 meV
     lambda___(   6 )=       0.000000   gamma___=       0.000000 meV  omega=    193.2746 meV   on_shell_Omega=    193.3983 meV  off_shell_Omega=    193.3983 meV
     lambda_tr(   6 )=       0.000000   gamma_tr=       0.000000 meV  omega=    193.2746 meV   on_shell_Omega=    193.3983 meV  off_shell_Omega=    193.3983 meV
     lambda___( tot )=       0.000000
     lambda_tr( tot )=       0.000000
     -------------------------------------------------------------------


     Number of (k,k+q) pairs on the Fermi surface:      324 out of      324


     ismear =     1 iq =     314 coord.:   0.94444  0.38889  0.00000 wt:   0.00309 Temp:  300.000K
     -------------------------------------------------------------------
     lambda___(   1 )=       0.000000   gamma___=       0.000000 meV  omega=     38.5963 meV   on_shell_Omega=     38.5930 meV  off_shell_Omega=     38.5930 meV
     lambda_tr(   1 )=       0.000000   gamma_tr=       0.000000 meV  omega=     38.5963 meV   on_shell_Omega=     38.5930 meV  off_shell_Omega=     38.5930 meV
     lambda___(   2 )=       0.000000   gamma___=       0.000000 meV  omega=     74.3374 meV   on_shell_Omega=     74.3412 meV  off_shell_Omega=     74.3412 meV
     lambda_tr(   2 )=       0.000000   gamma_tr=       0.000000 meV  omega=     74.3374 meV   on_shell_Omega=     74.3412 meV  off_shell_Omega=     74.3412 meV
     lambda___(   3 )=       0.000000   gamma___=       0.000000 meV  omega=     91.9574 meV   on_shell_Omega=     91.9762 meV  off_shell_Omega=     91.9762 meV
     lambda_tr(   3 )=       0.000000   gamma_tr=       0.000000 meV  omega=     91.9574 meV   on_shell_Omega=     91.9762 meV  off_shell_Omega=     91.9762 meV
     lambda___(   4 )=       0.000000   gamma___=       0.000000 meV  omega=    132.5836 meV   on_shell_Omega=    132.6050 meV  off_shell_Omega=    132.6050 meV
     lambda_tr(   4 )=       0.000000   gamma_tr=       0.000000 meV  omega=    132.5836 meV   on_shell_Omega=    132.6050 meV  off_shell_Omega=    132.6050 meV
     lambda___(   5 )=       0.000000   gamma___=       0.000000 meV  omega=    176.6628 meV   on_shell_Omega=    176.7900 meV  off_shell_Omega=    176.7900 meV
     lambda_tr(   5 )=       0.000000   gamma_tr=       0.000000 meV  omega=    176.6628 meV   on_shell_Omega=    176.7900 meV  off_shell_Omega=    176.7900 meV
     lambda___(   6 )=       0.000000   gamma___=       0.000000 meV  omega=    187.5819 meV   on_shell_Omega=    187.6538 meV  off_shell_Omega=    187.6538 meV
     lambda_tr(   6 )=       0.000000   gamma_tr=       0.000000 meV  omega=    187.5819 meV   on_shell_Omega=    187.6538 meV  off_shell_Omega=    187.6538 meV
     lambda___( tot )=       0.000000
     lambda_tr( tot )=       0.000000
     -------------------------------------------------------------------


     Number of (k,k+q) pairs on the Fermi surface:      324 out of      324


     ismear =     1 iq =     315 coord.:   0.94444  0.44444  0.00000 wt:   0.00309 Temp:  300.000K
     -------------------------------------------------------------------
     lambda___(   1 )=      -0.000000   gamma___=      -0.000000 meV  omega=     48.7101 meV   on_shell_Omega=     48.7117 meV  off_shell_Omega=     48.7117 meV
     lambda_tr(   1 )=      -0.000000   gamma_tr=      -0.000000 meV  omega=     48.7101 meV   on_shell_Omega=     48.7117 meV  off_shell_Omega=     48.7117 meV
     lambda___(   2 )=       0.000000   gamma___=       0.000000 meV  omega=     78.2282 meV   on_shell_Omega=     78.2319 meV  off_shell_Omega=     78.2319 meV
     lambda_tr(   2 )=       0.000000   gamma_tr=       0.000000 meV  omega=     78.2282 meV   on_shell_Omega=     78.2319 meV  off_shell_Omega=     78.2319 meV
     lambda___(   3 )=       0.000000   gamma___=       0.000000 meV  omega=     85.3017 meV   on_shell_Omega=     85.3263 meV  off_shell_Omega=     85.3263 meV
     lambda_tr(   3 )=       0.000000   gamma_tr=       0.000000 meV  omega=     85.3017 meV   on_shell_Omega=     85.3263 meV  off_shell_Omega=     85.3263 meV
     lambda___(   4 )=       0.000000   gamma___=       0.000000 meV  omega=    147.2254 meV   on_shell_Omega=    147.2447 meV  off_shell_Omega=    147.2447 meV
     lambda_tr(   4 )=       0.000000   gamma_tr=       0.000000 meV  omega=    147.2254 meV   on_shell_Omega=    147.2447 meV  off_shell_Omega=    147.2447 meV
     lambda___(   5 )=       0.000000   gamma___=       0.000000 meV  omega=    174.8210 meV   on_shell_Omega=    174.9479 meV  off_shell_Omega=    174.9479 meV
     lambda_tr(   5 )=       0.000000   gamma_tr=       0.000000 meV  omega=    174.8210 meV   on_shell_Omega=    174.9479 meV  off_shell_Omega=    174.9479 meV
     lambda___(   6 )=       0.000000   gamma___=       0.000000 meV  omega=    180.2368 meV   on_shell_Omega=    180.2942 meV  off_shell_Omega=    180.2942 meV
     lambda_tr(   6 )=       0.000000   gamma_tr=       0.000000 meV  omega=    180.2368 meV   on_shell_Omega=    180.2942 meV  off_shell_Omega=    180.2942 meV
     lambda___( tot )=       0.000000
     lambda_tr( tot )=       0.000000
     -------------------------------------------------------------------


     Number of (k,k+q) pairs on the Fermi surface:      324 out of      324


     ismear =     1 iq =     316 coord.:   0.94444  0.50000  0.00000 wt:   0.00309 Temp:  300.000K
     -------------------------------------------------------------------
     lambda___(   1 )=       0.000000   gamma___=       0.000000 meV  omega=     56.7195 meV   on_shell_Omega=     56.7150 meV  off_shell_Omega=     56.7150 meV
     lambda_tr(   1 )=       0.000000   gamma_tr=       0.000000 meV  omega=     56.7195 meV   on_shell_Omega=     56.7150 meV  off_shell_Omega=     56.7150 meV
     lambda___(   2 )=       0.000000   gamma___=       0.000000 meV  omega=     79.1440 meV   on_shell_Omega=     79.1763 meV  off_shell_Omega=     79.1763 meV
     lambda_tr(   2 )=       0.000000   gamma_tr=       0.000000 meV  omega=     79.1440 meV   on_shell_Omega=     79.1763 meV  off_shell_Omega=     79.1763 meV
     lambda___(   3 )=       0.000000   gamma___=       0.000000 meV  omega=     80.3889 meV   on_shell_Omega=     80.3915 meV  off_shell_Omega=     80.3915 meV
     lambda_tr(   3 )=       0.000000   gamma_tr=       0.000000 meV  omega=     80.3889 meV   on_shell_Omega=     80.3915 meV  off_shell_Omega=     80.3915 meV
     lambda___(   4 )=       0.000000   gamma___=       0.000000 meV  omega=    159.9609 meV   on_shell_Omega=    159.9773 meV  off_shell_Omega=    159.9773 meV
     lambda_tr(   4 )=      -0.000000   gamma_tr=      -0.000000 meV  omega=    159.9609 meV   on_shell_Omega=    159.9773 meV  off_shell_Omega=    159.9773 meV
     lambda___(   5 )=       0.000000   gamma___=       0.000000 meV  omega=    170.9691 meV   on_shell_Omega=    170.9959 meV  off_shell_Omega=    170.9959 meV
     lambda_tr(   5 )=      -0.000000   gamma_tr=      -0.000000 meV  omega=    170.9691 meV   on_shell_Omega=    170.9959 meV  off_shell_Omega=    170.9959 meV
     lambda___(   6 )=       0.000000   gamma___=       0.000000 meV  omega=    173.7937 meV   on_shell_Omega=    173.9510 meV  off_shell_Omega=    173.8786 meV
     lambda_tr(   6 )=       0.000000   gamma_tr=       0.000000 meV  omega=    173.7937 meV   on_shell_Omega=    173.9510 meV  off_shell_Omega=    173.8786 meV
     lambda___( tot )=       0.000000
     lambda_tr( tot )=       0.000000
     -------------------------------------------------------------------


     Number of (k,k+q) pairs on the Fermi surface:      324 out of      324


     ismear =     1 iq =     317 coord.:   0.94444  0.55556  0.00000 wt:   0.00309 Temp:  300.000K
     -------------------------------------------------------------------
     lambda___(   1 )=       0.000000   gamma___=       0.000000 meV  omega=     56.7195 meV   on_shell_Omega=     56.7160 meV  off_shell_Omega=     56.7160 meV
     lambda_tr(   1 )=       0.000000   gamma_tr=       0.000000 meV  omega=     56.7195 meV   on_shell_Omega=     56.7160 meV  off_shell_Omega=     56.7160 meV
     lambda___(   2 )=       0.000000   gamma___=       0.000000 meV  omega=     79.1440 meV   on_shell_Omega=     79.1750 meV  off_shell_Omega=     79.1750 meV
     lambda_tr(   2 )=       0.000000   gamma_tr=       0.000000 meV  omega=     79.1440 meV   on_shell_Omega=     79.1750 meV  off_shell_Omega=     79.1750 meV
     lambda___(   3 )=       0.000000   gamma___=       0.000000 meV  omega=     80.3889 meV   on_shell_Omega=     80.3916 meV  off_shell_Omega=     80.3916 meV
     lambda_tr(   3 )=       0.000000   gamma_tr=       0.000000 meV  omega=     80.3889 meV   on_shell_Omega=     80.3916 meV  off_shell_Omega=     80.3916 meV
     lambda___(   4 )=       0.000000   gamma___=       0.000000 meV  omega=    159.9609 meV   on_shell_Omega=    159.9764 meV  off_shell_Omega=    159.9764 meV
     lambda_tr(   4 )=       0.000000   gamma_tr=       0.000000 meV  omega=    159.9609 meV   on_shell_Omega=    159.9764 meV  off_shell_Omega=    159.9764 meV
     lambda___(   5 )=       0.000000   gamma___=       0.000000 meV  omega=    170.9691 meV   on_shell_Omega=    170.9961 meV  off_shell_Omega=    170.9961 meV
     lambda_tr(   5 )=       0.000000   gamma_tr=       0.000000 meV  omega=    170.9691 meV   on_shell_Omega=    170.9961 meV  off_shell_Omega=    170.9961 meV
     lambda___(   6 )=       0.000000   gamma___=       0.000000 meV  omega=    173.7937 meV   on_shell_Omega=    173.9455 meV  off_shell_Omega=    173.8786 meV
     lambda_tr(   6 )=       0.000000   gamma_tr=       0.000000 meV  omega=    173.7937 meV   on_shell_Omega=    173.9455 meV  off_shell_Omega=    173.8786 meV
     lambda___( tot )=       0.000000
     lambda_tr( tot )=       0.000000
     -------------------------------------------------------------------


     Number of (k,k+q) pairs on the Fermi surface:      324 out of      324


     ismear =     1 iq =     318 coord.:   0.94444  0.61111  0.00000 wt:   0.00309 Temp:  300.000K
     -------------------------------------------------------------------
     lambda___(   1 )=       0.000000   gamma___=       0.000000 meV  omega=     48.7101 meV   on_shell_Omega=     48.7124 meV  off_shell_Omega=     48.7124 meV
     lambda_tr(   1 )=       0.000000   gamma_tr=       0.000000 meV  omega=     48.7101 meV   on_shell_Omega=     48.7124 meV  off_shell_Omega=     48.7124 meV
     lambda___(   2 )=       0.000000   gamma___=       0.000000 meV  omega=     78.2282 meV   on_shell_Omega=     78.2317 meV  off_shell_Omega=     78.2317 meV
     lambda_tr(   2 )=       0.000000   gamma_tr=       0.000000 meV  omega=     78.2282 meV   on_shell_Omega=     78.2317 meV  off_shell_Omega=     78.2317 meV
     lambda___(   3 )=       0.000000   gamma___=       0.000000 meV  omega=     85.3017 meV   on_shell_Omega=     85.3253 meV  off_shell_Omega=     85.3253 meV
     lambda_tr(   3 )=       0.000000   gamma_tr=       0.000000 meV  omega=     85.3017 meV   on_shell_Omega=     85.3253 meV  off_shell_Omega=     85.3253 meV
     lambda___(   4 )=       0.000000   gamma___=       0.000000 meV  omega=    147.2254 meV   on_shell_Omega=    147.2433 meV  off_shell_Omega=    147.2433 meV
     lambda_tr(   4 )=       0.000000   gamma_tr=       0.000000 meV  omega=    147.2254 meV   on_shell_Omega=    147.2433 meV  off_shell_Omega=    147.2433 meV
     lambda___(   5 )=       0.000000   gamma___=       0.000000 meV  omega=    174.8210 meV   on_shell_Omega=    174.9466 meV  off_shell_Omega=    174.9466 meV
     lambda_tr(   5 )=       0.000000   gamma_tr=       0.000000 meV  omega=    174.8210 meV   on_shell_Omega=    174.9466 meV  off_shell_Omega=    174.9466 meV
     lambda___(   6 )=       0.000000   gamma___=       0.000000 meV  omega=    180.2368 meV   on_shell_Omega=    180.2939 meV  off_shell_Omega=    180.2939 meV
     lambda_tr(   6 )=       0.000000   gamma_tr=       0.000000 meV  omega=    180.2368 meV   on_shell_Omega=    180.2939 meV  off_shell_Omega=    180.2939 meV
     lambda___( tot )=       0.000000
     lambda_tr( tot )=       0.000000
     -------------------------------------------------------------------


     Number of (k,k+q) pairs on the Fermi surface:      324 out of      324


     ismear =     1 iq =     319 coord.:   0.94444  0.66667  0.00000 wt:   0.00309 Temp:  300.000K
     -------------------------------------------------------------------
     lambda___(   1 )=      -0.000000   gamma___=      -0.000000 meV  omega=     38.5963 meV   on_shell_Omega=     38.5949 meV  off_shell_Omega=     38.5949 meV
     lambda_tr(   1 )=       0.000000   gamma_tr=       0.000000 meV  omega=     38.5963 meV   on_shell_Omega=     38.5949 meV  off_shell_Omega=     38.5949 meV
     lambda___(   2 )=       0.000000   gamma___=       0.000000 meV  omega=     74.3374 meV   on_shell_Omega=     74.3404 meV  off_shell_Omega=     74.3404 meV
     lambda_tr(   2 )=      -0.000000   gamma_tr=      -0.000000 meV  omega=     74.3374 meV   on_shell_Omega=     74.3404 meV  off_shell_Omega=     74.3404 meV
     lambda___(   3 )=       0.000000   gamma___=       0.000000 meV  omega=     91.9574 meV   on_shell_Omega=     91.9757 meV  off_shell_Omega=     91.9757 meV
     lambda_tr(   3 )=      -0.000000   gamma_tr=      -0.000000 meV  omega=     91.9574 meV   on_shell_Omega=     91.9757 meV  off_shell_Omega=     91.9757 meV
     lambda___(   4 )=       0.000000   gamma___=       0.000000 meV  omega=    132.5836 meV   on_shell_Omega=    132.6044 meV  off_shell_Omega=    132.6044 meV
     lambda_tr(   4 )=      -0.000000   gamma_tr=      -0.000000 meV  omega=    132.5836 meV   on_shell_Omega=    132.6044 meV  off_shell_Omega=    132.6044 meV
     lambda___(   5 )=       0.000000   gamma___=       0.000000 meV  omega=    176.6628 meV   on_shell_Omega=    176.7941 meV  off_shell_Omega=    176.7941 meV
     lambda_tr(   5 )=       0.000000   gamma_tr=       0.000000 meV  omega=    176.6628 meV   on_shell_Omega=    176.7941 meV  off_shell_Omega=    176.7941 meV
     lambda___(   6 )=       0.000000   gamma___=       0.000000 meV  omega=    187.5819 meV   on_shell_Omega=    187.6543 meV  off_shell_Omega=    187.6543 meV
     lambda_tr(   6 )=      -0.000000   gamma_tr=      -0.000000 meV  omega=    187.5819 meV   on_shell_Omega=    187.6543 meV  off_shell_Omega=    187.6543 meV
     lambda___( tot )=       0.000000
     lambda_tr( tot )=      -0.000000
     -------------------------------------------------------------------


     Number of (k,k+q) pairs on the Fermi surface:      324 out of      324


     ismear =     1 iq =     320 coord.:   0.94444  0.72222  0.00000 wt:   0.00309 Temp:  300.000K
     -------------------------------------------------------------------
     lambda___(   1 )=       0.000000   gamma___=       0.000000 meV  omega=     28.5725 meV   on_shell_Omega=     28.5694 meV  off_shell_Omega=     28.5694 meV
     lambda_tr(   1 )=       0.000000   gamma_tr=       0.000000 meV  omega=     28.5725 meV   on_shell_Omega=     28.5694 meV  off_shell_Omega=     28.5694 meV
     lambda___(   2 )=       0.000000   gamma___=       0.000000 meV  omega=     68.7646 meV   on_shell_Omega=     68.7686 meV  off_shell_Omega=     68.7686 meV
     lambda_tr(   2 )=       0.000000   gamma_tr=       0.000000 meV  omega=     68.7646 meV   on_shell_Omega=     68.7686 meV  off_shell_Omega=     68.7686 meV
     lambda___(   3 )=       0.000000   gamma___=       0.000000 meV  omega=     97.4574 meV   on_shell_Omega=     97.4657 meV  off_shell_Omega=     97.4657 meV
     lambda_tr(   3 )=       0.000000   gamma_tr=       0.000000 meV  omega=     97.4574 meV   on_shell_Omega=     97.4657 meV  off_shell_Omega=     97.4657 meV
     lambda___(   4 )=       0.000000   gamma___=       0.000000 meV  omega=    116.2844 meV   on_shell_Omega=    116.3085 meV  off_shell_Omega=    116.3085 meV
     lambda_tr(   4 )=       0.000000   gamma_tr=       0.000000 meV  omega=    116.2844 meV   on_shell_Omega=    116.3085 meV  off_shell_Omega=    116.3085 meV
     lambda___(   5 )=       0.000000   gamma___=       0.000000 meV  omega=    178.9012 meV   on_shell_Omega=    179.0567 meV  off_shell_Omega=    178.9886 meV
     lambda_tr(   5 )=      -0.000000   gamma_tr=      -0.000000 meV  omega=    178.9012 meV   on_shell_Omega=    179.0567 meV  off_shell_Omega=    178.9886 meV
     lambda___(   6 )=       0.000000   gamma___=       0.000000 meV  omega=    193.2746 meV   on_shell_Omega=    193.3974 meV  off_shell_Omega=    193.3974 meV
     lambda_tr(   6 )=       0.000000   gamma_tr=       0.000000 meV  omega=    193.2746 meV   on_shell_Omega=    193.3974 meV  off_shell_Omega=    193.3974 meV
     lambda___( tot )=       0.000000
     lambda_tr( tot )=       0.000000
     -------------------------------------------------------------------


     Number of (k,k+q) pairs on the Fermi surface:      324 out of      324


     ismear =     1 iq =     321 coord.:   0.94444  0.77778  0.00000 wt:   0.00309 Temp:  300.000K
     -------------------------------------------------------------------
     lambda___(   1 )=      -0.000000   gamma___=      -0.000000 meV  omega=     19.6072 meV   on_shell_Omega=     19.6180 meV  off_shell_Omega=     19.6180 meV
     lambda_tr(   1 )=      -0.000000   gamma_tr=      -0.000000 meV  omega=     19.6072 meV   on_shell_Omega=     19.6180 meV  off_shell_Omega=     19.6180 meV
     lambda___(   2 )=      -0.000000   gamma___=      -0.000000 meV  omega=     60.9360 meV   on_shell_Omega=     60.9422 meV  off_shell_Omega=     60.9422 meV
     lambda_tr(   2 )=      -0.000000   gamma_tr=      -0.000000 meV  omega=     60.9360 meV   on_shell_Omega=     60.9422 meV  off_shell_Omega=     60.9422 meV
     lambda___(   3 )=       0.000000   gamma___=       0.000000 meV  omega=     98.5449 meV   on_shell_Omega=     98.5721 meV  off_shell_Omega=     98.5721 meV
     lambda_tr(   3 )=       0.000000   gamma_tr=       0.000000 meV  omega=     98.5449 meV   on_shell_Omega=     98.5721 meV  off_shell_Omega=     98.5721 meV
     lambda___(   4 )=      -0.000000   gamma___=      -0.000000 meV  omega=    101.5818 meV   on_shell_Omega=    101.5830 meV  off_shell_Omega=    101.5830 meV
     lambda_tr(   4 )=      -0.000000   gamma_tr=      -0.000000 meV  omega=    101.5818 meV   on_shell_Omega=    101.5830 meV  off_shell_Omega=    101.5830 meV
     lambda___(   5 )=       0.000000   gamma___=       0.000000 meV  omega=    182.0007 meV   on_shell_Omega=    182.2100 meV  off_shell_Omega=    182.0896 meV
     lambda_tr(   5 )=       0.000000   gamma_tr=       0.000000 meV  omega=    182.0007 meV   on_shell_Omega=    182.2100 meV  off_shell_Omega=    182.0896 meV
     lambda___(   6 )=       0.000000   gamma___=       0.000000 meV  omega=    197.3049 meV   on_shell_Omega=    197.5084 meV  off_shell_Omega=    197.4013 meV
     lambda_tr(   6 )=       0.000000   gamma_tr=       0.000000 meV  omega=    197.3049 meV   on_shell_Omega=    197.5084 meV  off_shell_Omega=    197.4013 meV
     lambda___( tot )=      -0.000000
     lambda_tr( tot )=      -0.000000
     -------------------------------------------------------------------


     Number of (k,k+q) pairs on the Fermi surface:      324 out of      324


     ismear =     1 iq =     322 coord.:   0.94444  0.83333  0.00000 wt:   0.00309 Temp:  300.000K
     -------------------------------------------------------------------
     lambda___(   1 )=       0.000000   gamma___=       0.000000 meV  omega=     12.1827 meV   on_shell_Omega=     12.1950 meV  off_shell_Omega=     12.1950 meV
     lambda_tr(   1 )=       0.000000   gamma_tr=       0.000000 meV  omega=     12.1827 meV   on_shell_Omega=     12.1950 meV  off_shell_Omega=     12.1950 meV
     lambda___(   2 )=       0.000000   gamma___=       0.000000 meV  omega=     50.5202 meV   on_shell_Omega=     50.5382 meV  off_shell_Omega=     50.5382 meV
     lambda_tr(   2 )=       0.000000   gamma_tr=       0.000000 meV  omega=     50.5202 meV   on_shell_Omega=     50.5382 meV  off_shell_Omega=     50.5382 meV
     lambda___(   3 )=       0.000000   gamma___=       0.000000 meV  omega=     79.4476 meV   on_shell_Omega=     79.4694 meV  off_shell_Omega=     79.4694 meV
     lambda_tr(   3 )=       0.000000   gamma_tr=       0.000000 meV  omega=     79.4476 meV   on_shell_Omega=     79.4694 meV  off_shell_Omega=     79.4694 meV
     lambda___(   4 )=       0.000000   gamma___=       0.000000 meV  omega=    104.5217 meV   on_shell_Omega=    104.5223 meV  off_shell_Omega=    104.5223 meV
     lambda_tr(   4 )=       0.000000   gamma_tr=       0.000000 meV  omega=    104.5217 meV   on_shell_Omega=    104.5223 meV  off_shell_Omega=    104.5223 meV
     lambda___(   5 )=       0.000000   gamma___=       0.000000 meV  omega=    185.8991 meV   on_shell_Omega=    186.1276 meV  off_shell_Omega=    186.2168 meV
     lambda_tr(   5 )=       0.000000   gamma_tr=       0.000000 meV  omega=    185.8991 meV   on_shell_Omega=    186.1276 meV  off_shell_Omega=    186.2168 meV
     lambda___(   6 )=       0.000000   gamma___=       0.000000 meV  omega=    199.3525 meV   on_shell_Omega=    199.6812 meV  off_shell_Omega=    199.6931 meV
     lambda_tr(   6 )=       0.000000   gamma_tr=       0.000000 meV  omega=    199.3525 meV   on_shell_Omega=    199.6812 meV  off_shell_Omega=    199.6931 meV
     lambda___( tot )=       0.000000
     lambda_tr( tot )=       0.000000
     -------------------------------------------------------------------


     Number of (k,k+q) pairs on the Fermi surface:      324 out of      324


     ismear =     1 iq =     323 coord.:   0.94444  0.88889  0.00000 wt:   0.00309 Temp:  300.000K
     -------------------------------------------------------------------
     lambda___(   1 )=       0.000000   gamma___=       0.000000 meV  omega=      6.4533 meV   on_shell_Omega=      6.4756 meV  off_shell_Omega=      6.4756 meV
     lambda_tr(   1 )=      -0.000000   gamma_tr=      -0.000000 meV  omega=      6.4533 meV   on_shell_Omega=      6.4756 meV  off_shell_Omega=      6.4756 meV
     lambda___(   2 )=       0.000000   gamma___=       0.000000 meV  omega=     38.2006 meV   on_shell_Omega=     38.2689 meV  off_shell_Omega=     38.2689 meV
     lambda_tr(   2 )=       0.000000   gamma_tr=       0.000000 meV  omega=     38.2006 meV   on_shell_Omega=     38.2689 meV  off_shell_Omega=     38.2689 meV
     lambda___(   3 )=       0.000000   gamma___=       0.000000 meV  omega=     59.2946 meV   on_shell_Omega=     59.2979 meV  off_shell_Omega=     59.2979 meV
     lambda_tr(   3 )=       0.000000   gamma_tr=       0.000000 meV  omega=     59.2946 meV   on_shell_Omega=     59.2979 meV  off_shell_Omega=     59.2979 meV
     lambda___(   4 )=       0.000000   gamma___=       0.000000 meV  omega=    106.5297 meV   on_shell_Omega=    106.5305 meV  off_shell_Omega=    106.5305 meV
     lambda_tr(   4 )=       0.000000   gamma_tr=       0.000000 meV  omega=    106.5297 meV   on_shell_Omega=    106.5305 meV  off_shell_Omega=    106.5305 meV
     lambda___(   5 )=       0.000000   gamma___=       0.000000 meV  omega=    189.5344 meV   on_shell_Omega=    189.7431 meV  off_shell_Omega=    189.6269 meV
     lambda_tr(   5 )=       0.000000   gamma_tr=       0.000000 meV  omega=    189.5344 meV   on_shell_Omega=    189.7431 meV  off_shell_Omega=    189.6269 meV
     lambda___(   6 )=       0.000000   gamma___=       0.000000 meV  omega=    199.0183 meV   on_shell_Omega=    199.5596 meV  off_shell_Omega=    199.6014 meV
     lambda_tr(   6 )=       0.000000   gamma_tr=       0.000000 meV  omega=    199.0183 meV   on_shell_Omega=    199.5596 meV  off_shell_Omega=    199.6014 meV
     lambda___( tot )=       0.000000
     lambda_tr( tot )=       0.000000
     -------------------------------------------------------------------


     Number of (k,k+q) pairs on the Fermi surface:      324 out of      324


     ismear =     1 iq =     324 coord.:   0.94444  0.94444  0.00000 wt:   0.00309 Temp:  300.000K
     -------------------------------------------------------------------
     lambda___(   1 )=       0.000000   gamma___=       0.000000 meV  omega=      2.5929 meV   on_shell_Omega=      2.6772 meV  off_shell_Omega=      2.6772 meV
     lambda_tr(   1 )=       0.000000   gamma_tr=       0.000000 meV  omega=      2.5929 meV   on_shell_Omega=      2.6772 meV  off_shell_Omega=      2.6772 meV
     lambda___(   2 )=       0.000000   gamma___=       0.000000 meV  omega=     25.5335 meV   on_shell_Omega=     25.6103 meV  off_shell_Omega=     25.6103 meV
     lambda_tr(   2 )=       0.000000   gamma_tr=       0.000000 meV  omega=     25.5335 meV   on_shell_Omega=     25.6103 meV  off_shell_Omega=     25.6103 meV
     lambda___(   3 )=       0.000000   gamma___=       0.000000 meV  omega=     39.3090 meV   on_shell_Omega=     39.2928 meV  off_shell_Omega=     39.2928 meV
     lambda_tr(   3 )=       0.000000   gamma_tr=       0.000000 meV  omega=     39.3090 meV   on_shell_Omega=     39.2928 meV  off_shell_Omega=     39.2928 meV
     lambda___(   4 )=       0.000000   gamma___=       0.000000 meV  omega=    107.7786 meV   on_shell_Omega=    107.7791 meV  off_shell_Omega=    107.7791 meV
     lambda_tr(   4 )=       0.000000   gamma_tr=       0.000000 meV  omega=    107.7786 meV   on_shell_Omega=    107.7791 meV  off_shell_Omega=    107.7791 meV
     lambda___(   5 )=       0.000000   gamma___=       0.000000 meV  omega=    191.8747 meV   on_shell_Omega=    192.0976 meV  off_shell_Omega=    191.9684 meV
     lambda_tr(   5 )=       0.000000   gamma_tr=       0.000000 meV  omega=    191.8747 meV   on_shell_Omega=    192.0976 meV  off_shell_Omega=    191.9684 meV
     lambda___(   6 )=       0.000000   gamma___=       0.000000 meV  omega=    196.8159 meV   on_shell_Omega=    197.6274 meV  off_shell_Omega=    197.6328 meV
     lambda_tr(   6 )=       0.000000   gamma_tr=       0.000000 meV  omega=    196.8159 meV   on_shell_Omega=    197.6274 meV  off_shell_Omega=    197.6328 meV
     lambda___( tot )=       0.000000
     lambda_tr( tot )=       0.000000
     -------------------------------------------------------------------


     Number of (k,k+q) pairs on the Fermi surface:      324 out of      324

     ===================================================================
     Memory usage:  VmHWM =       267Mb
                   VmPeak =      5495Mb
     ===================================================================


     Finish writing phdos files graphene.phdos and graphene.phdos_proj


     ===================================================================
     Eliashberg Spectral Function in the Migdal Approximation
     ===================================================================

     lambda :    0.0000001
     lambda_tr :    0.0000001
 
     Estimated Allen-Dynes Tc
 
     logavg =    0.0085973 l_a2f =    0.0000000
     a2F          :      0.23s CPU      0.23s WALL (       1 calls)

     Unfolding on the coarse grid
     elphon_wrap  :  10967.95s CPU   5609.56s WALL (       1 calls)
     dvqpsi_us3   :  10198.27s CPU   5203.85s WALL (   31104 calls)
     com_dvloc    :    704.25s CPU    357.19s WALL (   31104 calls)
                                        0.00s GPU  (   31104 calls)
     dvqpsi_us_on :    263.62s CPU    132.73s WALL (   31104 calls)
     calbec       :    224.86s CPU    110.97s WALL (  121536 calls)
     fft          :      0.82s CPU      0.72s WALL (      13 calls)
     ffts         :    557.48s CPU    283.02s WALL (   31104 calls)
     fftw         :   8051.54s CPU   4115.20s WALL (  881990 calls)

     INITIALIZATION: 

     init_vloc    :      0.04s CPU      0.04s WALL (       1 calls)
     init_us_1    :      0.00s CPU      0.00s WALL (       1 calls)



     Electron-Phonon interpolation
     ep-interp    :     10.90s CPU     12.91s WALL (     324 calls)
     PH SELF-ENER :      0.33s CPU      0.39s WALL (     324 calls)

     Ham: step 1  :      0.00s CPU      0.00s WALL (       1 calls)
     Ham: step 2  :      0.00s CPU      0.00s WALL (       1 calls)
     ep: step 1   :      0.05s CPU      0.05s WALL (      36 calls)
     ep: step 2   :      0.26s CPU      0.26s WALL (      36 calls)
     wigner_seitz :      0.00s CPU      0.00s WALL (       1 calls)
     DynW2B       :      0.01s CPU      0.02s WALL (     648 calls)
     HamW2B       :      0.99s CPU      1.17s WALL (  210924 calls)
     ephW2Bp      :      0.47s CPU      0.72s WALL (     324 calls)
     ephW2B       :      0.95s CPU      1.12s WALL (  104976 calls)
     vmeW2B       :      3.88s CPU      4.56s WALL (  209952 calls)



     Total program execution
     EPW          :      3h 5m CPU      1h35m WALL

     % Copyright (C) 2016-2023 EPW-Collaboration                                    
                                                                                    
     ===============================================================================
     Please consider citing the following papers.                                   
                                                                                                 
     % Paper describing the method on which EPW relies                                           
       F. Giustino and M. L. Cohen and S. G. Louie, Phys. Rev. B 76, 165108 (2007)               
                                                                                                 
     % Papers describing the EPW software                                                        
       H. Lee et al., npj Comput. Mater. 9, 156 (2023)                                           
       S. Ponc\'e, E.R. Margine, C. Verdi and F. Giustino, Comput. Phys. Commun. 209, 116 (2016) 
       J. Noffsinger et al., Comput. Phys. Commun. 181, 2140 (2010)                              
                                                                                                 
                                                                                    
     For your convenience, this information is also reported in the                 
     functionality-dependent EPW.bib file.                                          
     ===============================================================================
                                                                                    
Note: The following floating-point exceptions are signalling: IEEE_UNDERFLOW_FLAG IEEE_DENORMAL
