smearing_degauss_Ry,lattice_temperature_K,direction,distance,signed_distance,q1,q2,short_range_background_cm-1,full_EPC_response_Ry2,long_range_correction_cm-2,MLIP_plus_full_EPC_cm-1
0.0,,K,0.0,0.0,0.3333333333333333,0.3333333333333333,1380.070552374435,-7.521315993779703e-06,-260601.5558443251,1282.182972
0.0,,KG,0.0005,-0.0005,0.33316666666666667,0.33316666666666667,1380.0705574726148,-7.456731374386654e-06,-259823.80987381324,1282.4862313993708
0.0,,KG,0.001,-0.001,0.333,0.333,1380.0705728352552,-7.38747643365213e-06,-258989.82259324234,1282.8113514514077
0.0,,KG,0.0015,-0.0015,0.33283333333333337,0.33283333333333337,1380.0705985660052,-7.317242709463547e-06,-258144.04852977244,1283.1409932258262
0.0,,KG,0.002,-0.002,0.33266666666666667,0.33266666666666667,1380.0706347705172,-7.248040496517137e-06,-257310.6962119082,1283.4657224655398
0.0,,KG,0.0025,-0.0025,0.3325,0.3325,1380.0706815564383,-7.1782202587157544e-06,-256469.9014666495,1283.793279552827
0.0,,KG,0.003,-0.003,0.3323333333333333,0.3323333333333333,1380.0707390334194,-7.109713017010742e-06,-255644.918185991,1284.114608027748
0.0,,KG,0.0035,-0.0035,0.33216666666666667,0.33216666666666667,1380.0708073131073,-7.041523169659608e-06,-254823.75705652137,1284.4343798502632
0.0,,KG,0.004,-0.004,0.332,0.332,1380.070886509147,-6.974502816916782e-06,-254016.67930677417,1284.7486028337873
0.0,,KG,0.0045000000000000005,-0.0045000000000000005,0.33183333333333337,0.33183333333333337,1380.0709767371786,-6.90622186717056e-06,-253194.42109689512,1285.0686673230405
0.0,,KG,0.005,-0.005,0.33166666666666667,0.33166666666666667,1380.07107811484,-6.839385929055529e-06,-252389.56411944667,1285.381895208428
0.0,,KG,0.0055,-0.0055,0.3315,0.3315,1380.07119076176,-6.77295368456019e-06,-251589.5685329762,1285.6931683094556
0.0,,KG,0.006,-0.006,0.3313333333333333,0.3313333333333333,1380.071314799563,-6.707890039215085e-06,-250806.05399856344,1285.9979704237603
0.0,,KG,0.006500000000000001,-0.006500000000000001,0.33116666666666666,0.33116666666666666,1380.0714503518636,-6.641195374216149e-06,-250002.89827131695,1286.3103473909318
0.0,,KG,0.007,-0.007,0.331,0.331,1380.071597544267,-6.576069077556567e-06,-249218.6292723298,1286.61532132804
0.0,,KG,0.0075,-0.0075,0.33083333333333337,0.33083333333333337,1380.0717565043672,-6.5113669404209415e-06,-248439.46812043863,1286.9182510869177
0.0,,KG,0.008,-0.008,0.33066666666666666,0.33066666666666666,1380.0719273617449,-6.4481821304212885e-06,-247678.57904442312,1287.214024802223
0.0,,KG,0.0085,-0.0085,0.3305,0.3305,1380.0721102479674,-6.383082835672519e-06,-246894.63520996476,1287.518696669805
0.0,,KG,0.009000000000000001,-0.009000000000000001,0.3303333333333333,0.3303333333333333,1380.0723052965848,-6.319662374200119e-06,-246130.90835329657,1287.8154601857104
0.0,,KG,0.0095,-0.0095,0.33016666666666666,0.33016666666666666,1380.0725126431305,-6.2566598622186125e-06,-245372.21456077707,1288.1102148466748
0.0,,KG,0.01,-0.01,0.33,0.33,1380.072732425116,-6.1952812286107056e-06,-244633.0759638062,1288.397326456214
0.0,,KG,0.0105,-0.0105,0.32983333333333337,0.32983333333333337,1380.0729647820333,-6.131806998755965e-06,-243868.70161330584,1288.6941788139518
0.0,,KG,0.011,-0.011,0.32966666666666666,0.32966666666666666,1380.0732098553492,-6.070074345527167e-06,-243125.29981348244,1288.9828411375242
0.0,,KG,0.0115,-0.0115,0.3295,0.3295,1380.0734677885052,-6.008760349924149e-06,-242386.93960536504,1289.269497385409
0.0,,KG,0.012,-0.012,0.3293333333333333,0.3293333333333333,1380.0737387269146,-5.949133277326007e-06,-241668.8937938012,1289.548227298957
0.0,,KG,0.0125,-0.0125,0.32916666666666666,0.32916666666666666,1380.0740228179593,-5.887290425232708e-06,-240924.16494856623,1289.837254659819
0.0,,KG,0.013000000000000001,-0.013000000000000001,0.329,0.329,1380.0743202109907,-5.827211977415813e-06,-240200.68355093134,1290.1179968339704
0.0,,KG,0.0135,-0.0135,0.32883333333333337,0.32883333333333337,1380.074631057321,-5.76756662288554e-06,-239482.4175832501,1290.3966714560104
0.0,,KG,0.014,-0.014,0.32866666666666666,0.32866666666666666,1380.0749555102302,-5.709654016428812e-06,-238785.01785035938,1290.6672169758572
0.0,,KG,0.0145,-0.0145,0.3285,0.3285,1380.075293724952,-5.649426669306083e-06,-238059.74336582219,1290.9485167829855
0.0,,KG,0.015,-0.015,0.3283333333333333,0.3283333333333333,1380.075645858681,-5.590995580235822e-06,-237356.09992092627,1291.221394018597
0.0,,KG,0.0155,-0.0155,0.32816666666666666,0.32816666666666666,1380.0760120705636,-5.532992346951517e-06,-236657.60883454257,1291.4922339131767
0.0,,KG,0.016,-0.016,0.328,0.328,1380.0763925217,-5.476751189362358e-06,-235980.337154335,1291.754818857423
0.0,,KG,0.0165,-0.0165,0.32783333333333337,0.32783333333333337,1380.0767873751365,-5.4181255206816295e-06,-235274.35052758857,1292.0284782171364
0.0,,KG,0.017,-0.017,0.32766666666666666,0.32766666666666666,1380.0771967958651,-5.361322918461689e-06,-234590.31777480122,1292.293601060197
0.0,,KG,0.0175,-0.0175,0.3275,0.3275,1380.0776209508215,-5.304940742043699e-06,-233911.34790658986,1292.5567267794052
0.0,,KG,0.018000000000000002,-0.018000000000000002,0.3273333333333333,0.3273333333333333,1380.0780600088783,-5.250343996001282e-06,-233253.87868811953,1292.811499418902
0.0,,KG,0.0185,-0.0185,0.32716666666666666,0.32716666666666666,1380.0785141408446,-5.193303064981975e-06,-232566.97591356683,1293.0776192014287
0.0,,KG,0.019,-0.019,0.327,0.327,1380.0789835194637,-5.138100430942854e-06,-231902.2104231289,1293.3351423080512
0.0,,KG,0.0195,-0.0195,0.32683333333333336,0.32683333333333336,1380.0794683194047,-5.083314540970879e-06,-231242.46348079114,1293.5906908276588
0.0,,KG,0.02,-0.02,0.32666666666666666,0.32666666666666666,1380.0799687172641,-5.030319347249285e-06,-230604.2806013252,1293.83787216688
0.0,,KG,0.0205,-0.0205,0.3265,0.3265,1380.080484891561,-4.974858633093548e-06,-229936.4072382598,1294.0964946789193
0.0,,KG,0.021,-0.021,0.3263333333333333,0.3263333333333333,1380.0810170227319,-4.921261495421044e-06,-229290.9755821239,1294.3464134320357
0.0,,KG,0.021500000000000002,-0.021500000000000002,0.32616666666666666,0.32616666666666666,1380.0815652931267,-4.868003878948797e-06,-228649.63253482222,1294.5947220374044
0.0,,KG,0.022,-0.022,0.326,0.326,1380.0821298870073,-4.816580136451916e-06,-228030.37350857956,1294.8344727125855
0.0,,KG,0.0225,-0.0225,0.32583333333333336,0.32583333333333336,1380.0827109905422,-4.76266246361418e-06,-227381.08187872998,1295.0857914811183
0.0,,KG,0.023,-0.023,0.32566666666666666,0.32566666666666666,1380.0833087918027,-4.710592314473975e-06,-226754.0386436946,1295.3284913727618
0.0,,KG,0.0235,-0.0235,0.3255,0.3255,1380.0839234807581,-4.6589207392425415e-06,-226131.79514665267,1295.5693114238968
0.0,,KG,0.024,-0.024,0.3253333333333333,0.3253333333333333,1380.0845552492738,-4.609042219373769e-06,-225531.14412156958,1295.80177323386
0.0,,KG,0.0245,-0.0245,0.32516666666666666,0.32516666666666666,1380.085204291103,-4.556655104327066e-06,-224900.28389482806,1296.04586616693
0.0,,KG,0.025,-0.025,0.325,0.325,1380.0858708018882,-4.506109652804503e-06,-224291.60149306094,1296.281377361391
0.0,,KG,0.025500000000000002,-0.025500000000000002,0.32483333333333336,0.32483333333333336,1380.0865549791502,-4.455960540285708e-06,-223687.69191593892,1296.5150239462248
0.0,,KG,0.026000000000000002,-0.026000000000000002,0.32466666666666666,0.32466666666666666,1380.0872570222903,-4.4075902163451405e-06,-223105.20300618495,1296.7403880457816
0.0,,KG,0.0265,-0.0265,0.3245,0.3245,1380.0879771325795,-4.356711317694974e-06,-222492.5051412579,1296.9773781699653
0.0,,KG,0.027,-0.027,0.3243333333333333,0.3243333333333333,1380.0887155131586,-4.307666707406052e-06,-221901.89628753997,1297.2058303905437
0.0,,KG,0.0275,-0.0275,0.32416666666666666,0.32416666666666666,1380.0894723690317,-4.259002122374997e-06,-221315.86380379647,1297.432498413708
0.0,,KG,0.028,-0.028,0.324,0.324,1380.0902479070614,-4.212119393579424e-06,-220751.28892900387,1297.6508788727308
0.0,,KG,0.0285,-0.0285,0.32383333333333336,0.32383333333333336,1380.0910423359626,-4.162722676605749e-06,-220156.43990854302,1297.8809056409686
0.0,,KG,0.029,-0.029,0.32366666666666666,0.32366666666666666,1380.0918558663009,-4.115145782026571e-06,-219583.50569609168,1298.1024708906455
0.0,,KG,0.029500000000000002,-0.029500000000000002,0.3235,0.3235,1380.092688710485,-4.067953429025396e-06,-219015.20224039943,1298.322235499237
0.0,,KG,0.03,-0.03,0.3233333333333333,0.3233333333333333,1380.0935410827624,-4.022517634485859e-06,-218468.05175082118,1298.53383875336
0.0,,KG,0.0305,-0.0305,0.32316666666666666,0.32316666666666666,1380.0944131992137,-3.974579977478459e-06,-217890.77313675382,1298.7570273946271
0.0,,KG,0.031,-0.031,0.323,0.323,1380.0953052777486,-3.9284463784396455e-06,-217335.21949108958,1298.9718365532767
0.0,,KG,0.0315,-0.0315,0.32283333333333336,0.32283333333333336,1380.096217538099,-3.882686111938417e-06,-216784.1616197984,1299.1849014067125
0.0,,KG,0.032,-0.032,0.32266666666666666,0.32266666666666666,1380.0971502018156,-3.83868315538797e-06,-216254.26576426282,1299.389809961164
0.0,,KG,0.0325,-0.0325,0.3225,0.3225,1380.0981034922595,-3.7921731990087572e-06,-215694.17991870764,1299.606323216467
0.0,,KG,0.033,-0.033,0.3223333333333333,0.3223333333333333,1380.0990776346,-3.7474559101196286e-06,-215155.68187424168,1299.81451838854
0.0,,KG,0.0335,-0.0335,0.32216666666666666,0.32216666666666666,1380.100072855807,-3.703105168851597e-06,-214621.5978982952,1300.021004906578
0.0,,KG,0.034,-0.034,0.322,0.322,1380.1010893846453,-3.6604952890990094e-06,-214108.47786146583,1300.21941958241
0.0,,KG,0.0345,-0.0345,0.32183333333333336,0.32183333333333336,1380.1021274516695,-3.615392475276031e-06,-213565.3372183959,1300.4293694692644
0.0,,KG,0.035,-0.035,0.32166666666666666,0.32166666666666666,1380.1031872892179,-3.5720635156333697e-06,-213043.5578213003,1300.6310967159588
0.0,,KG,0.035500000000000004,-0.035500000000000004,0.3215,0.3215,1380.104269131407,-3.5290939858272614e-06,-212526.1067783808,1300.8311523392856
0.0,,KG,0.036000000000000004,-0.036000000000000004,0.3213333333333333,0.3213333333333333,1380.1053732141243,-3.4878526803339364e-06,-212029.46749386512,1301.0232025911882
0.0,,KG,0.0365,-0.0365,0.32116666666666666,0.32116666666666666,1380.1064997750238,-3.4441244585821376e-06,-211502.88007127558,1301.2267560459984
0.0,,KG,0.037,-0.037,0.321,0.321,1380.1076490535195,-3.4021553191086803e-06,-210997.4760073035,1301.4221632386352
0.0,,KG,0.0375,-0.0375,0.32083333333333336,0.32083333333333336,1380.1088212907773,-3.360538744342357e-06,-210496.31762570754,1301.6159345132924
0.0,,KG,0.038,-0.038,0.32066666666666666,0.32066666666666666,1380.1100167297118,-3.320636801547416e-06,-210015.80731975532,1301.8017709920086
0.0,,KG,0.0385,-0.0385,0.3205,0.3205,1380.1112356149779,-3.2782543506093053e-06,-209505.4260440381,1301.9990770452423
0.0,,KG,0.039,-0.039,0.3203333333333333,0.3203333333333333,1380.1124781929639,-3.2376164402058477e-06,-209016.05301121174,1302.1883118246426
0.0,,KG,0.0395,-0.0395,0.32016666666666665,0.32016666666666665,1380.113744711787,-3.1973264148823802e-06,-208530.86930738826,1302.3759361394093
0.0,,KG,0.04,-0.04,0.32,0.32,1380.1150354212862,-3.1587338361447692e-06,-208066.12672801077,1302.5557125389635
0.0,,KG,0.0405,-0.0405,0.31983333333333336,0.31983333333333336,1380.1163505730133,-3.1176681458823315e-06,-207571.602251006,1302.7469204983624
0.0,,KG,0.041,-0.041,0.31966666666666665,0.31966666666666665,1380.1176904202302,-3.0783348811116945e-06,-207097.94012417254,1302.9301206460375
0.0,,KG,0.0415,-0.0415,0.3195,0.3195,1380.1190552178987,-3.0394027421670434e-06,-206629.10846623027,1303.1114680292376
0.0,,KG,0.042,-0.042,0.3193333333333333,0.3193333333333333,1380.1204452226752,-3.002002576234054e-06,-206178.72525387694,1303.285739225193
0.0,,KG,0.0425,-0.0425,0.31916666666666665,0.31916666666666665,1380.1218606929037,-2.9622089499684817e-06,-205699.5193257325,1303.4710702722598
0.0,,KG,0.043000000000000003,-0.043000000000000003,0.319,0.319,1380.123301888608,-2.924144660231149e-06,-205241.13854959997,1303.648414974802
0.0,,KG,0.043500000000000004,-0.043500000000000004,0.31883333333333336,0.31883333333333336,1380.1247690714858,-2.886411238565084e-06,-204786.74217891286,1303.824235096782
0.0,,KG,0.044,-0.044,0.31866666666666665,0.31866666666666665,1380.1262625049017,-2.8503562934195376e-06,-204352.5584898627,1303.9923090133184
0.0,,KG,0.0445,-0.0445,0.3185,0.3185,1380.1277824538786,-2.81183451409339e-06,-203888.66849671234,1304.1717783345675
0.0,,KG,0.045,-0.045,0.3183333333333333,0.3183333333333333,1380.1293291850895,-2.7750154717775106e-06,-203445.28333677183,1304.3433911129819
0.0,,KG,0.0455,-0.0455,0.31816666666666665,0.31816666666666665,1380.130902966855,-2.738521147793994e-06,-203005.8085254085,1304.5135111598875
0.0,,KG,0.046,-0.046,0.318,0.318,1380.132504069131,-2.7036891064726915e-06,-202586.35138473107,1304.6759664389465
0.0,,KG,0.0465,-0.0465,0.31783333333333336,0.31783333333333336,1380.1341327635032,-2.666394476096469e-06,-202137.239060939,1304.8497941747655
0.0,,KG,0.047,-0.047,0.31766666666666665,0.31766666666666665,1380.1357893231793,-2.63079001714712e-06,-201708.48025210266,1305.0158300643761
0.0,,KG,0.0475,-0.0475,0.3175,0.3175,1380.1374740229815,-2.5955009143543707e-06,-201283.51904991595,1305.180419770623
0.0,,KG,0.048,-0.048,0.3173333333333333,0.3173333333333333,1380.1391871393398,-2.5618689342866323e-06,-200878.51338101464,1305.3373749711693
0.0,,KG,0.0485,-0.0485,0.31716666666666665,0.31716666666666665,1380.1409289502806,-2.525769680947961e-06,-200443.7961203651,1305.505721030505
0.0,,KG,0.049,-0.049,0.317,0.317,1380.142699735425,-2.491350217912919e-06,-200029.30736229446,1305.6663296074892
0.0,,KG,0.0495,-0.0495,0.31683333333333336,0.31683333333333336,1380.1444997759747,-2.457238756065826e-06,-199618.527640293,1305.8255291659686
0.0,,KG,0.05,-0.05,0.31666666666666665,0.31666666666666665,1380.146329354708,-2.424771350861123e-06,-199227.54610617174,1305.9771607210835
0.0,,KG,0.0505,-0.0505,0.3165,0.3165,1380.1481887559723,-2.389843732620094e-06,-198806.93800161325,1306.1401475051512
0.0,,KG,0.051000000000000004,-0.051000000000000004,0.3163333333333333,0.3163333333333333,1380.150078265671,-2.3565788731735095e-06,-198406.3533014577,1306.2954815949108
0.0,,KG,0.051500000000000004,-0.051500000000000004,0.31616666666666665,0.31616666666666665,1380.1519981712615,-2.3236158214699226e-06,-198009.4030541826,1306.4494383641272
0.0,,KG,0.052000000000000005,-0.052000000000000005,0.316,0.316,1380.153948761744,-2.2922878436941063e-06,-197632.14282243693,1306.59587457645
0.0,,KG,0.0525,-0.0525,0.31583333333333335,0.31583333333333335,1380.1559303276536,-2.2584966647401656e-06,-197225.22003621852,1306.7536768581797
0.0,,KG,0.053,-0.053,0.31566666666666665,0.31566666666666665,1380.1579431610503,-2.226361272169375e-06,-196838.23669068475,1306.9038646280974
0.0,,KG,0.0535,-0.0535,0.3155,0.3155,1380.1599875555155,-2.194520172975812e-06,-196454.79730794637,1307.0527127630676
0.0,,KG,0.054,-0.054,0.3153333333333333,0.3153333333333333,1380.1620638061374,-2.164302221536095e-06,-196090.90432243014,1307.19410113693
0.0,,KG,0.0545,-0.0545,0.31516666666666665,0.31516666666666665,1380.1641722095087,-2.1316228664783e-06,-195697.37042915984,1307.3468444990406
0.0,,KG,0.055,-0.055,0.315,0.315,1380.1663130637128,-2.1005879186703375e-06,-195323.63894588215,1307.4920316277266
0.0,,KG,0.0555,-0.0555,0.31483333333333335,0.31483333333333335,1380.1684866683172,-2.069839599392921e-06,-194953.35912318184,1307.635917397932
0.0,,KG,0.056,-0.056,0.31466666666666665,0.31466666666666665,1380.170693324366,-2.0407042095943255e-06,-194602.50264639058,1307.7723961244444
0.0,,KG,0.0565,-0.0565,0.3145,0.3145,1380.1729333343712,-2.009108674012631e-06,-194222.02040904423,1307.9202213819308
0.0,,KG,0.057,-0.057,0.3143333333333333,0.3143333333333333,1380.1752070023006,-1.979145141379116e-06,-193861.19120563602,1308.0605531924764
0.0,,KG,0.0575,-0.0575,0.31416666666666665,0.31416666666666665,1380.1775146335729,-1.9494608988670847e-06,-193503.72529163986,1308.199620321175
0.0,,KG,0.058,-0.058,0.314,0.314,1380.1798565350475,-1.921379868598539e-06,-193165.56570589903,1308.3313306189702
0.0,,KG,0.0585,-0.0585,0.31383333333333335,0.31383333333333335,1380.182233015013,-1.8908380226559292e-06,-192797.7722925896,1308.4743879945522
0.0,,KG,0.059000000000000004,-0.059000000000000004,0.31366666666666665,0.31366666666666665,1380.184644383184,-1.8619177548637243e-06,-192449.50637490064,1308.610005393599
0.0,,KG,0.059500000000000004,-0.059500000000000004,0.3135,0.3135,1380.1870909506856,-1.8332684752294263e-06,-192104.50377206662,1308.7443991302691
0.0,,KG,0.06,-0.06,0.3133333333333333,0.3133333333333333,1380.1895730300491,-1.8062126145122535e-06,-191778.68956352497,1308.8714864100846
0.0,,KM,0.0005,0.0005,0.33349999999999996,0.333,1380.0705574390659,-7.458273895236475e-06,-259842.38533940632,1282.4789893681564
0.0,,KM,0.001,0.001,0.3336666666666666,0.33266666666666667,1380.07057256686,-7.386566115578126e-06,-258978.86028951436,1282.8156239208759
0.0,,KM,0.0015,0.0015,0.33383333333333337,0.3323333333333333,1380.070597660173,-7.316185214763655e-06,-258131.31388413376,1283.1459545359496
0.0,,KM,0.002,0.002,0.334,0.332,1380.07063262336,-7.246528256271695e-06,-257292.48539378477,1283.4728145292586
0.0,,KM,0.0025,0.0025,0.33416666666666667,0.33166666666666667,1380.0706773627815,-7.177239072491e-06,-256458.08574891678,1283.7978769135154
0.0,,KM,0.003,0.003,0.3343333333333333,0.3313333333333333,1380.0707317867982,-7.107859162850098e-06,-255622.5935579773,1284.1232928253312
0.0,,KM,0.0035,0.0035,0.3345,0.331,1380.070795805774,-7.0389406041189615e-06,-254792.65708315774,1284.4464739150576
0.0,,KM,0.004,0.004,0.33466666666666667,0.33066666666666666,1380.070869332077,-6.970572192782941e-06,-253969.3456364604,1284.7670056249633
0.0,,KM,0.0045000000000000005,0.0045000000000000005,0.3348333333333333,0.3303333333333333,1380.0709522800762,-6.90260982677403e-06,-253150.92390065663,1285.0855650214812
0.0,,KM,0.005,0.005,0.33499999999999996,0.33,1380.0710445661437,-6.834756757004082e-06,-252333.81834059628,1285.4035435260364
0.0,,KM,0.0055,0.0055,0.33516666666666667,0.32966666666666666,1380.0711461086544,-6.767317266720464e-06,-251521.69321987283,1285.7195164971954
0.0,,KM,0.006,0.006,0.3353333333333333,0.3293333333333333,1380.071256827983,-6.700339477233299e-06,-250715.12802870222,1286.0332600263753
0.0,,KM,0.006500000000000001,0.006500000000000001,0.33549999999999996,0.329,1380.0713766465092,-6.633792206093482e-06,-249913.74725934945,1286.3449216208076
0.0,,KM,0.007,0.007,0.3356666666666666,0.32866666666666666,1380.0715054886093,-6.5674086332152305e-06,-249114.33779004478,1286.655751345927
0.0,,KM,0.0075,0.0075,0.3358333333333334,0.3283333333333333,1380.0716432806637,-6.501441548227093e-06,-248319.9437838851,1286.9645670349694
0.0,,KM,0.008,0.008,0.336,0.328,1380.0717899510503,-6.435873616747046e-06,-247530.35649541538,1287.2714511412426
0.0,,KM,0.0085,0.0085,0.33616666666666667,0.32766666666666666,1380.0719454301475,-6.3708147753177745e-06,-246746.89981109474,1287.5758908710031
0.0,,KM,0.009000000000000001,0.009000000000000001,0.3363333333333333,0.3273333333333333,1380.0721096503316,-6.305837219748924e-06,-245964.4219937396,1287.8798879713036
0.0,,KM,0.0095,0.0095,0.3365,0.327,1380.0722825459761,-6.2413326510067846e-06,-245187.6400154563,1288.1816118219529
0.0,,KM,0.01,0.01,0.33666666666666667,0.32666666666666666,1380.0724640534493,-6.177246033507076e-06,-244415.89112241415,1288.481321135912
0.0,,KM,0.0105,0.0105,0.3368333333333333,0.3263333333333333,1380.0726541111178,-6.1135461606610285e-06,-243648.79951618158,1288.7791630489387
0.0,,KM,0.011,0.011,0.33699999999999997,0.326,1380.072852659341,-6.050045527337658e-06,-242884.10720775987,1289.0760146087316
0.0,,KM,0.0115,0.0115,0.33716666666666667,0.32566666666666666,1380.0730596404708,-5.986996929433895e-06,-242124.8584357318,1289.3706959248293
0.0,,KM,0.012,0.012,0.3373333333333333,0.3253333333333333,1380.0732749988506,-5.924278079820949e-06,-241369.58058444108,1289.6637793555387
0.0,,KM,0.0125,0.0125,0.33749999999999997,0.325,1380.073498680816,-5.862082904839624e-06,-240620.6089688831,1289.9543607400324
0.0,,KM,0.013000000000000001,0.013000000000000001,0.3376666666666666,0.32466666666666666,1380.07373063469,-5.800040024756877e-06,-239873.4713309008,1290.2441748200417
0.0,,KM,0.0135,0.0135,0.3378333333333334,0.3243333333333333,1380.0739708107833,-5.738435092390141e-06,-239131.60758126253,1290.53188931083
0.0,,KM,0.014,0.014,0.338,0.324,1380.0742191613926,-5.677155717071968e-06,-238393.66428025544,1290.8180298220475
0.0,,KM,0.0145,0.0145,0.33816666666666667,0.32366666666666666,1380.0744756407985,-5.616377234656499e-06,-237661.75287105778,1291.1017796611416
0.0,,KM,0.015,0.015,0.3383333333333333,0.3233333333333333,1380.0747402052639,-5.555804572842148e-06,-236932.3200108502,1291.3845161460533
0.0,,KM,0.0155,0.0155,0.3385,0.323,1380.0750128130326,-5.4956411855920804e-06,-236207.81574890937,1291.6652914907881
0.0,,KM,0.016,0.016,0.33866666666666667,0.32266666666666666,1380.075293424327,-5.435780663419067e-06,-235486.95867256017,1291.9446028555876
0.0,,KM,0.0165,0.0165,0.3388333333333333,0.3223333333333333,1380.0755820013458,-5.376518333052921e-06,-234773.3051885176,1292.221075067202
0.0,,KM,0.017,0.017,0.33899999999999997,0.322,1380.0758785082626,-5.3173152543081425e-06,-234060.3652289983,1292.4972205816748
0.0,,KM,0.0175,0.0175,0.33916666666666667,0.32166666666666666,1380.0761829112234,-5.2586077819136285e-06,-233353.39349915192,1292.771007232008
0.0,,KM,0.018000000000000002,0.018000000000000002,0.3393333333333333,0.3213333333333333,1380.076495178344,-5.200149396015676e-06,-232649.4213382561,1293.0435844183621
0.0,,KM,0.0185,0.0185,0.33949999999999997,0.321,1380.0768152797089,-5.142275995457769e-06,-231952.49373371596,1293.313389066574
0.0,,KM,0.019,0.019,0.3396666666666666,0.32066666666666666,1380.0771431873666,-5.0847125345154345e-06,-231259.2985083302,1293.5817031173071
0.0,,KM,0.0195,0.0195,0.3398333333333334,0.3203333333333333,1380.0774788753304,-5.027292063195835e-06,-230567.82520379726,1293.849304399508
0.0,,KM,0.02,0.02,0.34,0.32,1380.077822319574,-4.970258855439167e-06,-229881.01543492387,1294.1150567949564
0.0,,KM,0.0205,0.0205,0.3401666666666667,0.31966666666666665,1380.0781734980276,-4.913849830885849e-06,-229201.72225399088,1294.3778593253444
0.0,,KM,0.021,0.021,0.3403333333333333,0.3193333333333333,1380.0785323905777,-4.857573995590815e-06,-228524.0329751931,1294.6399972927368
0.0,,KM,0.021500000000000002,0.021500000000000002,0.3405,0.319,1380.0788989790638,-4.801738417807863e-06,-227851.64539994684,1294.9000432494076
0.0,,KM,0.022,0.022,0.3406666666666667,0.31866666666666665,1380.0792732472742,-4.746095133899986e-06,-227181.57348108903,1295.1591512110144
0.0,,KM,0.0225,0.0225,0.3408333333333333,0.3183333333333333,1380.0796551809437,-4.691219069229065e-06,-226520.74062991719,1295.4146494518407
0.0,,KM,0.023,0.023,0.34099999999999997,0.318,1380.0800447677518,-4.636199362195641e-06,-225858.1779974184,1295.6707729854609
0.0,,KM,0.0235,0.0235,0.3411666666666667,0.31766666666666665,1380.0804419973192,-4.58179031542209e-06,-225202.96910580917,1295.92401678405
0.0,,KM,0.024,0.024,0.3413333333333333,0.3173333333333333,1380.0808468612024,-4.527614673690814e-06,-224550.57094271138,1296.1761349949406
0.0,,KM,0.0245,0.0245,0.34149999999999997,0.317,1380.081259352894,-4.473978421508502e-06,-223904.6682587568,1296.4257071495895
0.0,,KM,0.025,0.025,0.3416666666666666,0.31666666666666665,1380.0816794678167,-4.420510597902279e-06,-223260.79383861495,1296.6744572806601
0.0,,KM,0.025500000000000002,0.025500000000000002,0.3418333333333334,0.3163333333333333,1380.082107203321,-4.367521950106756e-06,-222622.6897870135,1296.9209431710728
0.0,,KM,0.026000000000000002,0.026000000000000002,0.342,0.316,1380.0825425586831,-4.314706176546569e-06,-221986.66753509134,1297.1665878907565
0.0,,KM,0.0265,0.0265,0.3421666666666667,0.31566666666666665,1380.0829855350983,-4.262520795805619e-06,-221358.2366490332,1297.4092686251463
0.0,,KM,0.027,0.027,0.3423333333333333,0.3153333333333333,1380.08343613568,-4.210487567805423e-06,-220731.6380286466,1297.6512060902262
0.0,,KM,0.0275,0.0275,0.3425,0.315,1380.0838943654553,-4.158945885814951e-06,-220110.95874218154,1297.8908262040916
0.0,,KM,0.028,0.028,0.3426666666666667,0.31466666666666665,1380.0843602313616,-4.107413305091716e-06,-219490.3890557108,1298.130367990633
0.0,,KM,0.0285,0.0285,0.3428333333333333,0.3143333333333333,1380.0848337422412,-4.056638572916091e-06,-218878.9455924756,1298.3663592117882
0.0,,KM,0.029,0.029,0.34299999999999997,0.314,1380.0853149088398,-4.005963575213682e-06,-218268.7031595382,1298.6018532512162
0.0,,KM,0.029500000000000002,0.029500000000000002,0.3431666666666667,0.31366666666666665,1380.085803743801,-3.955777066981688e-06,-217664.34325282497,1298.8350482037156
0.0,,KM,0.03,0.03,0.3433333333333333,0.3133333333333333,1380.0863002616625,-3.9057553184153645e-06,-217061.96742788347,1299.0674458018107
0.0,,KM,0.0305,0.0305,0.34349999999999997,0.313,1380.0868044788533,-3.856339697736262e-06,-216466.89076373808,1299.2970011251912
0.0,,KM,0.031,0.031,0.3436666666666666,0.31266666666666665,1380.0873164136876,-3.8070100613172423e-06,-215872.84954599518,1299.5261257011875
0.0,,KM,0.0315,0.0315,0.3438333333333334,0.31233333333333335,1380.0878360863612,-3.7581894670834153e-06,-215284.9383559907,1299.7528599535929
0.0,,KM,0.032,0.032,0.34400000000000003,0.312,1380.0883635189489,-3.709461444053173e-06,-214698.14193419646,1299.9791341349344
0.0,,KM,0.0325,0.0325,0.3441666666666667,0.3116666666666667,1380.088898735397,-3.6614529721400993e-06,-214120.0105473164,1300.202045016606
0.0,,KM,0.033,0.033,0.3443333333333333,0.3113333333333333,1380.0894417615211,-3.6134840251329653e-06,-213542.3551303594,1300.4247429710292
0.0,,KM,0.0335,0.0335,0.34450000000000003,0.311,1380.0899926250036,-3.566008377456826e-06,-212970.640161307,1300.645127458822
0.0,,KM,0.034,0.034,0.3446666666666667,0.31066666666666665,1380.0905513553828,-3.5186477051405492e-06,-212400.30975755327,1300.8649507857651
0.0,,KM,0.0345,0.0345,0.3448333333333333,0.31033333333333335,1380.0911179840552,-3.472042081169902e-06,-211839.0718562231,1301.081251145468
0.0,,KM,0.035,0.035,0.345,0.31,1380.0916925442664,-3.4254113937326386e-06,-211277.53213364893,1301.297639933328
0.0,,KM,0.035500000000000004,0.035500000000000004,0.3451666666666667,0.3096666666666667,1380.0922750711068,-3.379308546409128e-06,-210722.3488087032,1301.5115592657025
0.0,,KM,0.036000000000000004,0.036000000000000004,0.3453333333333333,0.3093333333333333,1380.0928656015092,-3.33320324818747e-06,-210167.13596935954,1301.7254632659015
0.0,,KM,0.0365,0.0365,0.3455,0.309,1380.0934641742426,-3.2879909760649357e-06,-209622.6771989673,1301.9352106220547
0.0,,KM,0.037,0.037,0.3456666666666666,0.3086666666666667,1380.0940708299047,-3.242594581464221e-06,-209076.00117442344,1302.1457841445538
0.0,,KM,0.0375,0.0375,0.3458333333333334,0.30833333333333335,1380.0946856109224,-3.1977864380961648e-06,-208536.40903502353,1302.353612586262
0.0,,KM,0.038,0.038,0.34600000000000003,0.308,1380.0953085615408,-3.15320421948333e-06,-207999.53754443536,1302.5603721782493
0.0,,KM,0.0385,0.0385,0.3461666666666667,0.3076666666666667,1380.095939727821,-3.10920559496702e-06,-207469.69385646115,1302.7644103968898
0.0,,KM,0.039,0.039,0.3463333333333333,0.30733333333333335,1380.0965791576352,-3.065083851769423e-06,-206938.36753904406,1302.9689943600204
0.0,,KM,0.0395,0.0395,0.34650000000000003,0.307,1380.097226900661,-3.021656244745844e-06,-206415.4002027188,1303.1703478425898
0.0,,KM,0.04,0.04,0.3466666666666667,0.3066666666666667,1380.0978830083745,-2.978123318245335e-06,-205891.16457992588,1303.3721656166636
0.0,,KM,0.0405,0.0405,0.3468333333333333,0.30633333333333335,1380.0985475340476,-2.9355601201344373e-06,-205378.60669642437,1303.5694819261316
0.0,,KM,0.041,0.041,0.347,0.306,1380.0992205327402,-2.893013663026801e-06,-204866.25041274575,1303.7667000281651
0.0,,KM,0.0415,0.0415,0.3471666666666667,0.3056666666666667,1380.0999020612946,-2.851382279323069e-06,-204364.91369780188,1303.9596719115946
0.0,,KM,0.042,0.042,0.3473333333333333,0.30533333333333335,1380.1005921783321,-2.8084177129649018e-06,-203847.52242610458,1304.1587794838779
0.0,,KM,0.0425,0.0425,0.3475,0.305,1380.1012909442456,-2.7670453990231545e-06,-203349.30550137325,1304.350515683802
0.0,,KM,0.043000000000000003,0.043000000000000003,0.3476666666666666,0.3046666666666667,1380.1019984211946,-2.7253470485920476e-06,-202847.16235445125,1304.5437377457774
0.0,,KM,0.043500000000000004,0.043500000000000004,0.3478333333333334,0.30433333333333334,1380.1027146730974,-2.6843123538214247e-06,-202353.01113378967,1304.7338778135038
0.0,,KM,0.044,0.044,0.34800000000000003,0.304,1380.1034397656279,-2.6433434362162282e-06,-201859.65202007,1304.923696019368
0.0,,KM,0.0445,0.0445,0.3481666666666667,0.3036666666666667,1380.1041737662085,-2.6030749423655503e-06,-201374.72760423739,1305.110264630032
0.0,,KM,0.045,0.045,0.34833333333333333,0.30333333333333334,1380.1049167440046,-2.5628826239877254e-06,-200890.72051466012,1305.2964646800801
0.0,,KM,0.0455,0.0455,0.34850000000000003,0.303,1380.1056687699172,-2.5230503982085856e-06,-200411.0497604251,1305.4809869203134
0.0,,KM,0.046,0.046,0.3486666666666667,0.3026666666666667,1380.1064299165778,-2.4832175332066694e-06,-199931.3713084914,1305.6654956720693
0.0,,KM,0.0465,0.0465,0.34883333333333333,0.30233333333333334,1380.1072002583421,-2.444193839585961e-06,-199461.43712364638,1305.8462570614022
0.0,,KM,0.047,0.047,0.349,0.302,1380.1079798712844,-2.4051404203945367e-06,-198991.1449752017,1306.0271402728183
0.0,,KM,0.0475,0.0475,0.3491666666666667,0.3016666666666667,1380.1087688331893,-2.3666687329904867e-06,-198527.85820292548,1306.2053267412962
0.0,,KM,0.048,0.048,0.34933333333333333,0.30133333333333334,1380.1095672235483,-2.3278778838763645e-06,-198060.72799646505,1306.3849698865586
0.0,,KM,0.0485,0.0485,0.3495,0.301,1380.11037512355,-2.2901813242621204e-06,-197606.7755288703,1306.559555471849
0.0,,KM,0.049,0.049,0.3496666666666666,0.3006666666666667,1380.1111926160768,-2.252078497696836e-06,-197147.93068152491,1306.7359998494894
0.0,,KM,0.0495,0.0495,0.3498333333333334,0.30033333333333334,1380.112019785695,-2.2147875358090386e-06,-196698.862534692,1306.9086902390154
0.0,,KM,0.05,0.05,0.35000000000000003,0.3,1380.1128567186531,-2.177066615475974e-06,-196244.6167085379,1307.0833487469663
0.0,,KM,0.0505,0.0505,0.3501666666666667,0.2996666666666667,1380.1137035028685,-2.1403004314489457e-06,-195801.86808283033,1307.2535968638883
0.0,,KM,0.051000000000000004,0.051000000000000004,0.35033333333333333,0.29933333333333334,1380.1145602279282,-2.1034849710806706e-06,-195358.52605770028,1307.424060240375
0.0,,KM,0.051500000000000004,0.051500000000000004,0.35050000000000003,0.299,1380.1154269850747,-2.067090819959832e-06,-194920.25755584275,1307.5925719605293
0.0,,KM,0.052000000000000005,0.052000000000000005,0.3506666666666667,0.2986666666666667,1380.1163038672044,-2.0306402934792386e-06,-194481.3101662051,1307.7613322138977
0.0,,KM,0.0525,0.0525,0.35083333333333333,0.29833333333333334,1380.117190968859,-1.9949745903741835e-06,-194051.81383819215,1307.92646848727
0.0,,KM,0.053,0.053,0.351,0.298,1380.118088386219,-1.9592561923248134e-06,-193621.68294298666,1308.091837352349
0.0,,KM,0.0535,0.0535,0.3511666666666667,0.2976666666666667,1380.1189962170945,-1.9239223237441313e-06,-193196.18265871645,1308.255426535875
0.0,,KM,0.054,0.054,0.35133333333333333,0.29733333333333334,1380.1199145609216,-1.8886387249657106e-06,-192771.28773740295,1308.4187750220656
0.0,,KM,0.0545,0.0545,0.3515,0.297,1380.1208435187527,-1.8540656637851106e-06,-192354.94930769363,1308.5788449333957
0.0,,KM,0.055,0.055,0.3516666666666666,0.2966666666666667,1380.1217831932518,-1.8193654339889162e-06,-191937.0794781049,1308.7394916355263
0.0,,KM,0.0555,0.0555,0.3518333333333334,0.29633333333333334,1380.122733688683,-1.7850726409763767e-06,-191524.11611571693,1308.8982557588677
0.0,,KM,0.056,0.056,0.35200000000000004,0.296,1380.1236951109076,-1.7508472438563088e-06,-191111.9643534327,1309.0567021535594
0.0,,KM,0.0565,0.0565,0.3521666666666667,0.2956666666666667,1380.124667567375,-1.7174117651235769e-06,-190709.32500832388,1309.2115081298489
0.0,,KM,0.057,0.057,0.35233333333333333,0.29533333333333334,1380.1256511671156,-1.6839845989399456e-06,-190306.78576524602,1309.36626932429
0.0,,KM,0.0575,0.0575,0.35250000000000004,0.295,1380.126646020732,-1.6510324761305958e-06,-189909.96712675848,1309.5188398528967
0.0,,KM,0.058,0.058,0.3526666666666667,0.2946666666666667,1380.1276522403941,-1.6181669573102753e-06,-189514.191397622,1309.6710064290803
0.0,,KM,0.0585,0.0585,0.35283333333333333,0.29433333333333334,1380.1286699398295,-1.5862510423487135e-06,-189129.85106257268,1309.8188021735334
0.0,,KM,0.059000000000000004,0.059000000000000004,0.353,0.294,1380.1296992343161,-1.554469505982364e-06,-188747.1289519851,1309.9659758011346
0.0,,KM,0.059500000000000004,0.059500000000000004,0.3531666666666667,0.2936666666666667,1380.130740240676,-1.5234473418677848e-06,-188373.55141350278,1310.1096552364513
0.0,,KM,0.06,0.06,0.35333333333333333,0.29333333333333333,1380.1317930772655,-1.492981636893443e-06,-188006.67491093487,1310.2507742229093
0.0019000869,300,K,0.0,0.0,0.3333333333333333,0.3333333333333333,1319.9802395490622,-6.763138838637188e-06,-79960.64117405585,1289.3359498695224
0.0019000869,300,KG,0.0005,-0.0005,0.33316666666666667,0.33316666666666667,1319.9804075129953,-6.759524898652059e-06,-79917.12110244254,1289.3529986453402
0.0019000869,300,KG,0.001,-0.001,0.333,0.333,1319.9809114184661,-6.751253031171315e-06,-79817.50897091311,1289.3921426541312
0.0019000869,300,KG,0.0015,-0.0015,0.33283333333333337,0.33283333333333337,1319.981751283294,-6.740138248081057e-06,-79683.66165799559,1289.444904624822
0.0019000869,300,KG,0.002,-0.002,0.33266666666666667,0.33266666666666667,1319.9829271217168,-6.728163777232341e-06,-79539.46174570806,1289.5020225447913
0.0019000869,300,KG,0.0025,-0.0025,0.3325,0.3325,1319.984438944398,-6.710864589152671e-06,-79331.1401058419,1289.5843434802996
0.0019000869,300,KG,0.003,-0.003,0.3323333333333333,0.3323333333333333,1319.9862867584357,-6.693192660324916e-06,-79118.32981809652,1289.6687432872934
0.0019000869,300,KG,0.0035,-0.0035,0.33216666666666667,0.33216666666666667,1319.9884705673658,-6.673024155277098e-06,-78875.45506433006,1289.765136513793
0.0019000869,300,KG,0.004,-0.004,0.332,0.332,1319.990990371171,-6.6470275541913344e-06,-78562.39675522382,1289.8890719382969
0.0019000869,300,KG,0.0045000000000000005,-0.0045000000000000005,0.33183333333333337,0.33183333333333337,1319.99384616629,-6.623559756145587e-06,-78279.79099647822,1290.0015360147434
0.0019000869,300,KG,0.005,-0.005,0.33166666666666667,0.33166666666666667,1319.9970379456208,-6.594025367006968e-06,-77924.12965853185,1290.1426473559738
0.0019000869,300,KG,0.0055,-0.0055,0.3315,0.3315,1320.0005656985304,-6.561789156425031e-06,-77535.93223443469,1290.2966950318075
0.0019000869,300,KG,0.006,-0.006,0.3313333333333333,0.3313333333333333,1320.0044294108618,-6.531490895168684e-06,-77171.07213574414,1290.4420256363906
0.0019000869,300,KG,0.006500000000000001,-0.006500000000000001,0.33116666666666666,0.33116666666666666,1320.0086290649413,-6.4931156463765925e-06,-76708.94670408677,1290.6253655115488
0.0019000869,300,KG,0.007,-0.007,0.331,0.331,1320.0131646395857,-6.45708531872936e-06,-76275.05946580607,1290.7980846577082
0.0019000869,300,KG,0.0075,-0.0075,0.33083333333333337,0.33083333333333337,1320.018036110111,-6.41891977526251e-06,-75815.45936406833,1290.9810828559519
0.0019000869,300,KG,0.008,-0.008,0.33066666666666666,0.33066666666666666,1320.023243448339,-6.3744216957158326e-06,-75279.60109954367,1291.1939289449624
0.0019000869,300,KG,0.0085,-0.0085,0.3305,0.3305,1320.0287866226047,-6.3347995020185974e-06,-74802.459610123,1291.384349410439
0.0019000869,300,KG,0.009000000000000001,-0.009000000000000001,0.3303333333333333,0.3303333333333333,1320.0346655977673,-6.289119255968113e-06,-74252.36536738164,1291.603326494798
0.0019000869,300,KG,0.0095,-0.0095,0.33016666666666666,0.33016666666666666,1320.0408803352136,-6.241814710119951e-06,-73682.71085418556,1291.8301803650434
0.0019000869,300,KG,0.01,-0.01,0.33,0.33,1320.0474307928703,-6.19739642717693e-06,-73147.8135225817,1292.0438870333608
0.0019000869,300,KG,0.0105,-0.0105,0.32983333333333337,0.32983333333333337,1320.0543169252087,-6.146109105776246e-06,-72530.19731716636,1292.289906451224
0.0019000869,300,KG,0.011,-0.011,0.32966666666666666,0.32966666666666666,1320.0615386832555,-6.097776405563449e-06,-71948.16148281864,1292.5224579975334
0.0019000869,300,KG,0.0115,-0.0115,0.3295,0.3295,1320.0690960145998,-6.048112014587173e-06,-71350.08905748381,1292.7615128844604
0.0019000869,300,KG,0.012,-0.012,0.3293333333333333,0.3293333333333333,1320.0769888634009,-5.994076608527306e-06,-70699.37965139018,1293.0212205819644
0.0019000869,300,KG,0.0125,-0.0125,0.32916666666666666,0.32916666666666666,1320.0852171703996,-5.944244143415413e-06,-70099.28323051352,1293.261650773465
0.0019000869,300,KG,0.013000000000000001,-0.013000000000000001,0.329,0.329,1320.093780872922,-5.890430941886568e-06,-69451.24967325594,1293.5209084611313
0.0019000869,300,KG,0.0135,-0.0135,0.32883333333333337,0.32883333333333337,1320.1026799048936,-5.836036647842458e-06,-68796.21843812258,1293.7831607552941
0.0019000869,300,KG,0.014,-0.014,0.32866666666666666,0.32866666666666666,1320.111914196844,-5.7837718390009584e-06,-68166.83105676061,1294.0357935342033
0.0019000869,300,KG,0.0145,-0.0145,0.3285,0.3285,1320.1214836759173,-5.727732809343844e-06,-67491.99345739394,1294.306276816006
0.0019000869,300,KG,0.015,-0.015,0.3283333333333333,0.3283333333333333,1320.13138826588,-5.673676848710297e-06,-66841.03652740053,1294.567821999836
0.0019000869,300,KG,0.0155,-0.0155,0.32816666666666666,0.32816666666666666,1320.1416278871318,-5.6190989422098066e-06,-66183.79417994,1294.8320831291394
0.0019000869,300,KG,0.016,-0.016,0.328,0.328,1320.1522024567123,-5.562734366110439e-06,-65505.0362596663,1295.1049383704944
0.0019000869,300,KG,0.0165,-0.0165,0.32783333333333337,0.32783333333333337,1320.1631118883124,-5.508513846642905e-06,-64852.09766637215,1295.3681115128088
0.0019000869,300,KG,0.017,-0.017,0.32766666666666666,0.32766666666666666,1320.1743560922798,-5.452798279396611e-06,-64181.15529142563,1295.638520264136
0.0019000869,300,KG,0.0175,-0.0175,0.3275,0.3275,1320.185934975634,-5.397189078651413e-06,-63511.49381150336,1295.908719430495
0.0019000869,300,KG,0.018000000000000002,-0.018000000000000002,0.3273333333333333,0.3273333333333333,1320.19784844207,-5.342455460249494e-06,-62852.37633796739,1296.175135810398
0.0019000869,300,KG,0.0185,-0.0185,0.32716666666666666,0.32716666666666666,1320.2100963919709,-5.2870484818934135e-06,-62185.15007636433,1296.444965487904
0.0019000869,300,KG,0.019,-0.019,0.327,0.327,1320.2226787224154,-5.2323892356646685e-06,-61526.92821324688,1296.711607567289
0.0019000869,300,KG,0.0195,-0.0195,0.32683333333333336,0.32683333333333336,1320.2355953271892,-5.177957288277698e-06,-60871.44354607414,1296.9774799983475
0.0019000869,300,KG,0.02,-0.02,0.32666666666666666,0.32666666666666666,1320.2488460967945,-5.123965232738447e-06,-60221.25617902081,1297.2415964040379
0.0019000869,300,KG,0.0205,-0.0205,0.3265,0.3265,1320.2624309184573,-5.069931998022312e-06,-59570.572920852996,1297.506190187107
0.0019000869,300,KG,0.021,-0.021,0.3263333333333333,0.3263333333333333,1320.2763496761402,-5.0157650079460385e-06,-58918.2789433938,1297.7716904643744
0.0019000869,300,KG,0.021500000000000002,-0.021500000000000002,0.32616666666666666,0.32616666666666666,1320.2906022505497,-4.961121564824324e-06,-58260.24738569163,1298.0396862212756
0.0019000869,300,KG,0.022,-0.022,0.326,0.326,1320.3051885191471,-4.905705859611086e-06,-57592.916032844645,1298.3115476640173
0.0019000869,300,KG,0.0225,-0.0225,0.32583333333333336,0.32583333333333336,1320.32010835616,-4.851832765946616e-06,-56944.16123781273,1298.5765388654645
0.0019000869,300,KG,0.023,-0.023,0.32566666666666666,0.32566666666666666,1320.3353616325892,-4.797544009115634e-06,-56290.40091118704,1298.8437420514729
0.0019000869,300,KG,0.0235,-0.0235,0.3255,0.3255,1320.3509482162206,-4.743722434091469e-06,-55642.266517967204,1299.1090639116892
0.0019000869,300,KG,0.024,-0.024,0.3253333333333333,0.3253333333333333,1320.366867971637,-4.691711443179353e-06,-55015.935682787225,1299.3662802899123
0.0019000869,300,KG,0.0245,-0.0245,0.32516666666666666,0.32516666666666666,1320.383120760223,-4.638058891582704e-06,-54369.836716746606,1299.6313896146703
0.0019000869,300,KG,0.025,-0.025,0.325,0.325,1320.3997064401824,-4.5863153821431915e-06,-53746.72696794073,1299.8879404777085
0.0019000869,300,KG,0.025500000000000002,-0.025500000000000002,0.32483333333333336,0.32483333333333336,1320.4166248665422,-4.535130489490364e-06,-53130.34423802867,1300.142191833617
0.0019000869,300,KG,0.026000000000000002,-0.026000000000000002,0.32466666666666666,0.32466666666666666,1320.4338758911667,-4.4825052567282225e-06,-52496.6165314532,1300.4034005144388
0.0019000869,300,KG,0.0265,-0.0265,0.3245,0.3245,1320.451459362768,-4.432875666103311e-06,-51898.963181639774,1300.6510267368508
0.0019000869,300,KG,0.027,-0.027,0.3243333333333333,0.3243333333333333,1320.4693751269133,-4.3816950736933695e-06,-51282.632236449936,1300.906122059394
0.0019000869,300,KG,0.0275,-0.0275,0.32416666666666666,0.32416666666666666,1320.48762302604,-4.3309163496203706e-06,-50671.140701675016,1301.1596450333393
0.0019000869,300,KG,0.028,-0.028,0.324,0.324,1320.5062028994614,-4.282782178359593e-06,-50091.4956082485,1301.4012203343384
0.0019000869,300,KG,0.0285,-0.0285,0.32383333333333336,0.32383333333333336,1320.5251145833831,-4.2316927148192106e-06,-49476.26206228101,1301.656758205932
0.0019000869,300,KG,0.029,-0.029,0.32366666666666666,0.32366666666666666,1320.5443579109083,-4.183365551627732e-06,-48894.2929062858,1301.8998073216108
0.0019000869,300,KG,0.029500000000000002,-0.029500000000000002,0.3235,0.3235,1320.5639327120523,-4.13559232168438e-06,-48318.99436870894,1302.140586116266
0.0019000869,300,KG,0.03,-0.03,0.3233333333333333,0.3233333333333333,1320.583838813753,-4.08559290748656e-06,-47716.887500452096,1302.3919486220789
0.0019000869,300,KG,0.0305,-0.0305,0.32316666666666666,0.32316666666666666,1320.6040760398778,-4.039633885022363e-06,-47163.436154510695,1302.6249227995866
0.0019000869,300,KG,0.031,-0.031,0.323,0.323,1320.6246442112422,-3.991386339428569e-06,-46582.42577579658,1302.8687674214443
0.0019000869,300,KG,0.0315,-0.0315,0.32283333333333336,0.32283333333333336,1320.6455431456136,-3.943602636790854e-06,-46007.001123118025,1303.1107587259246
0.0019000869,300,KG,0.032,-0.032,0.32266666666666666,0.32266666666666666,1320.6667726577268,-3.89910480122185e-06,-45471.14579664044,1303.3378604972447
0.0019000869,300,KG,0.0325,-0.0325,0.3225,0.3225,1320.6883325592923,-3.850720620347354e-06,-44888.490017829594,1303.5832085986742
0.0019000869,300,KG,0.033,-0.033,0.3223333333333333,0.3223333333333333,1320.7102226590112,-3.805686485850005e-06,-44346.17643032283,1303.813374607613
0.0019000869,300,KG,0.0335,-0.0335,0.32216666666666666,0.32216666666666666,1320.732442762583,-3.761207739795682e-06,-43810.550985096546,1304.041270198349
0.0019000869,300,KG,0.034,-0.034,0.322,0.322,1320.7549926727172,-3.7139964128296324e-06,-43242.01903963591,1304.2820751778631
0.0019000869,300,KG,0.0345,-0.0345,0.32183333333333336,0.32183333333333336,1320.7778721891484,-3.671519637992576e-06,-42730.50188926284,1304.50131689287
0.0019000869,300,KG,0.035,-0.035,0.32166666666666666,0.32166666666666666,1320.801081108643,-3.6262187809180643e-06,-42184.976354212165,1304.7338883862672
0.0019000869,300,KG,0.035500000000000004,-0.035500000000000004,0.3215,0.3215,1320.824619225014,-3.5814208099142955e-06,-41645.50671325553,1304.9644317136185
0.0019000869,300,KG,0.036000000000000004,-0.036000000000000004,0.3213333333333333,0.3213333333333333,1320.8484863291321,-3.5403717926866263e-06,-41151.18301757808,1305.177972852891
0.0019000869,300,KG,0.0365,-0.0365,0.32116666666666666,0.32116666666666666,1320.8726822089343,-3.4947913721982527e-06,-40602.29090205241,1305.4127131692
0.0019000869,300,KG,0.037,-0.037,0.321,0.321,1320.8972066494396,-3.452999202293081e-06,-40099.01795489939,1305.6302740743233
0.0019000869,300,KG,0.0375,-0.0375,0.32083333333333336,0.32083333333333336,1320.9220594327596,-3.4117974286649527e-06,-39602.854724112156,1305.8454090634048
0.0019000869,300,KG,0.038,-0.038,0.32066666666666666,0.32066666666666666,1320.9472403381083,-3.367510417062332e-06,-39069.5381985423,1306.0750642893086
0.0019000869,300,KG,0.0385,-0.0385,0.3205,0.3205,1320.9727491418162,-3.3285675760393878e-06,-38600.577663193224,1306.2803781394307
0.0019000869,300,KG,0.039,-0.039,0.3203333333333333,0.3203333333333333,1320.9985856173412,-3.2865908123028106e-06,-38095.08178572172,1306.4999737532696
0.0019000869,300,KG,0.0395,-0.0395,0.32016666666666665,0.32016666666666665,1321.0247495352814,-3.24538910762973e-06,-37598.91938531035,1306.7162926586027
0.0019000869,300,KG,0.04,-0.04,0.32,0.32,1321.0512406633843,-3.208724339889084e-06,-37157.39204276305,1306.9120048478794
0.0019000869,300,KG,0.0405,-0.0405,0.31983333333333336,0.31983333333333336,1321.0780587665631,-3.1677907788588116e-06,-36664.458702763775,1307.1276826124015
0.0019000869,300,KG,0.041,-0.041,0.31966666666666665,0.31966666666666665,1321.105203606905,-3.1318182429064385e-06,-36231.26740816487,1307.320806684066
0.0019000869,300,KG,0.0415,-0.0415,0.3195,0.3195,1321.1326749436848,-3.0959868294667995e-06,-35799.775550160295,1307.5135828180507
0.0019000869,300,KG,0.042,-0.042,0.3193333333333333,0.3193333333333333,1321.1604725333789,-3.0535615593240543e-06,-35288.87863365776,1307.7370207923927
0.0019000869,300,KG,0.0425,-0.0425,0.31916666666666665,0.31916666666666665,1321.1885961296732,-3.014251972767848e-06,-34815.50164647575,1307.946407501707
0.0019000869,300,KG,0.043000000000000003,-0.043000000000000003,0.319,0.319,1321.2170454834795,-2.971590158590878e-06,-34301.75620084668,1308.1715197462634
0.0019000869,300,KG,0.043500000000000004,-0.043500000000000004,0.31883333333333336,0.31883333333333336,1321.245820342945,-2.930326021282404e-06,-33804.84196925536,1308.3904905663471
0.0019000869,300,KG,0.044,-0.044,0.31866666666666665,0.31866666666666665,1321.2749204534664,-2.8940369990267364e-06,-33367.83945846562,1308.586862214675
0.0019000869,300,KG,0.0445,-0.0445,0.3185,0.3185,1321.3043455577015,-2.852729468166157e-06,-32870.40266963678,1308.806620903191
0.0019000869,300,KG,0.045,-0.045,0.3183333333333333,0.3183333333333333,1321.3340953955817,-2.8159838655722525e-06,-32427.901891277827,1309.005687445086
0.0019000869,300,KG,0.0455,-0.0455,0.31816666666666665,0.31816666666666665,1321.364169704323,-2.7799029518856437e-06,-31993.405481825146,1309.2019949177325
0.0019000869,300,KG,0.046,-0.046,0.318,0.318,1321.3945682184428,-2.74020043916019e-06,-31515.29676830159,1309.415254282958
0.0019000869,300,KG,0.0465,-0.0465,0.31783333333333336,0.31783333333333336,1321.4252906697666,-2.7064490104796398e-06,-31108.852665943952,1309.6014455381962
0.0019000869,300,KG,0.047,-0.047,0.31766666666666665,0.31766666666666665,1321.4563367874462,-2.6689860439404544e-06,-30657.713191203788,1309.8049995493575
0.0019000869,300,KG,0.0475,-0.0475,0.3175,0.3175,1321.487706297967,-2.632025575464372e-06,-30212.624938061606,1310.0065392808542
0.0019000869,300,KG,0.048,-0.048,0.3173333333333333,0.3173333333333333,1321.519398925165,-2.599544438591443e-06,-29821.478043367897,1310.187789476059
0.0019000869,300,KG,0.0485,-0.0485,0.31716666666666665,0.31716666666666665,1321.5514143902378,-2.561332216796457e-06,-29361.315828205014,1310.3956749961567
0.0019000869,300,KG,0.049,-0.049,0.317,0.317,1321.583752411756,-2.5276044007119647e-06,-28955.156075304098,1310.5832512905974
0.0019000869,300,KG,0.0495,-0.0495,0.31683333333333336,0.31683333333333336,1321.616412705679,-2.4943733013124487e-06,-28554.977923035927,1310.7688447663043
0.0019000869,300,KG,0.05,-0.05,0.31666666666666665,0.31666666666666665,1321.649394985365,-2.457240489403317e-06,-28107.814262283413,1310.972657610714
0.0019000869,300,KG,0.0505,-0.0505,0.3165,0.3165,1321.682698961584,-2.4262226230938823e-06,-27734.288479167386,1311.1486827416675
0.0019000869,300,KG,0.051000000000000004,-0.051000000000000004,0.3163333333333333,0.3163333333333333,1321.716324342534,-2.3912681815516158e-06,-27313.357360946422,1311.3430842737505
0.0019000869,300,KG,0.051500000000000004,-0.051500000000000004,0.31616666666666665,0.31616666666666665,1321.750270833849,-2.3567834365257844e-06,-26898.082458964767,1311.5356251320009
0.0019000869,300,KG,0.052000000000000005,-0.052000000000000005,0.316,0.316,1321.784538138616,-2.3268818688038347e-06,-26537.999454275923,1311.7074238594666
0.0019000869,300,KG,0.0525,-0.0525,0.31583333333333335,0.31583333333333335,1321.8191259573857,-2.291007084580412e-06,-26105.985313216297,1311.9069389379458
0.0019000869,300,KG,0.053,-0.053,0.31566666666666665,0.31566666666666665,1321.8540339881863,-2.2597360168215965e-06,-25729.41040774212,1312.0856209726176
0.0019000869,300,KG,0.0535,-0.0535,0.3155,0.3155,1321.8892619265357,-2.2289524037403873e-06,-25358.705567228884,1312.26236524159
0.0019000869,300,KG,0.054,-0.054,0.3153333333333333,0.3153333333333333,1321.9248094654565,-2.194110301644536e-06,-24939.127271902908,1312.458027751128
0.0019000869,300,KG,0.0545,-0.0545,0.31516666666666665,0.31516666666666665,1321.9606762954866,-2.1655351157660323e-06,-24595.01692670783,1312.6252369754714
0.0019000869,300,KG,0.055,-0.055,0.315,0.315,1321.9968621046949,-2.132888462077446e-06,-24201.876832431328,1312.8114207997385
0.0019000869,300,KG,0.0555,-0.0555,0.31483333333333335,0.31483333333333335,1322.033366578692,-2.100709186534427e-06,-23814.36503592659,1312.9957567758793
0.0019000869,300,KG,0.056,-0.056,0.31466666666666665,0.31466666666666665,1322.0701894006454,-2.0732190480193415e-06,-23483.321133216494,1313.1588877849633
0.0019000869,300,KG,0.0565,-0.0565,0.3145,0.3145,1322.1073302512905,-2.03960366305181e-06,-23078.515307132795,1313.3504016053987
0.0019000869,300,KG,0.057,-0.057,0.3143333333333333,0.3143333333333333,1322.144788808946,-2.0106909457146838e-06,-22730.34031412634,1313.5206516307715
0.0019000869,300,KG,0.0575,-0.0575,0.31416666666666665,0.31416666666666665,1322.1825647495268,-1.9822780724463962e-06,-22388.184582579925,1313.6889091200615
0.0019000869,300,KG,0.058,-0.058,0.314,0.314,1322.2206577465565,-1.949757079217724e-06,-21996.557726552244,1313.8762917585448
0.0019000869,300,KG,0.0585,-0.0585,0.31383333333333335,0.31383333333333335,1322.25906747118,-1.923678276402781e-06,-21682.50952133391,1314.034448554687
0.0019000869,300,KG,0.059000000000000004,-0.059000000000000004,0.31366666666666665,0.31366666666666665,1322.2977935921795,-1.8935377082347371e-06,-21319.548406722795,1314.211515142073
0.0019000869,300,KG,0.059500000000000004,-0.059500000000000004,0.3135,0.3135,1322.336835775985,-1.864044284888804e-06,-20964.380390258957,1314.3859124548565
0.0019000869,300,KG,0.06,-0.06,0.3133333333333333,0.3133333333333333,1322.3761936866902,-1.8396046447678454e-06,-20670.07143863135,1314.5374571272846
0.0019000869,300,KM,0.0005,0.0005,0.33349999999999996,0.333,1319.9804075052612,-6.759056588885263e-06,-79911.48158582851,1289.3551855915912
0.0019000869,300,KM,0.001,0.001,0.3336666666666666,0.33266666666666667,1319.9809113565914,-6.751086886296775e-06,-79815.50820807037,1289.3929184456176
0.0019000869,300,KM,0.0015,0.0015,0.33383333333333337,0.3323333333333333,1319.981751074453,-6.740601585250496e-06,-79689.24129320758,1289.4427408289102
0.0019000869,300,KM,0.002,0.002,0.334,0.332,1319.9829266266374,-6.726728567909079e-06,-79522.17855539899,1289.5087235185438
0.0019000869,300,KM,0.0025,0.0025,0.33416666666666667,0.33166666666666667,1319.9844379773242,-6.711606510928103e-06,-79340.07453445198,1289.5808784127735
0.0019000869,300,KM,0.003,0.003,0.3343333333333333,0.3313333333333333,1319.9862850870722,-6.692710294623697e-06,-79112.52103600629,1289.6709936189009
0.0019000869,300,KM,0.0035,0.0035,0.3345,0.331,1319.9884679128168,-6.671155454620498e-06,-78852.95165067799,1289.7738576092117
0.0019000869,300,KM,0.004,0.004,0.33466666666666667,0.33066666666666666,1319.9909864078593,-6.64870922376934e-06,-78582.64788854808,1289.8812179070774
0.0019000869,300,KM,0.0045000000000000005,0.0045000000000000005,0.3348333333333333,0.3303333333333333,1319.9938405218645,-6.621171575286783e-06,-78251.0318575804,1290.0126771307641
0.0019000869,300,KM,0.005,0.005,0.33499999999999996,0.33,1319.9970302008546,-6.5929432657845276e-06,-77911.09869429689,1290.1476896250208
0.0019000869,300,KM,0.0055,0.0055,0.33516666666666667,0.32966666666666666,1320.000555387202,-6.562344406924398e-06,-77542.61871555923,1290.2940934170638
0.0019000869,300,KM,0.006,0.006,0.3353333333333333,0.3293333333333333,1320.0044160196246,-6.527196708829558e-06,-77119.36034811933,1290.4620482459725
0.0019000869,300,KM,0.006500000000000001,0.006500000000000001,0.33549999999999996,0.329,1320.0086120331796,-6.492734528564661e-06,-76704.35717727208,1290.6271261152422
0.0019000869,300,KM,0.007,0.007,0.3356666666666666,0.32866666666666666,1320.013143359258,-6.4538487997051935e-06,-76236.08440249866,1290.8131600811523
0.0019000869,300,KM,0.0075,0.0075,0.3358333333333334,0.3283333333333333,1320.0180099255808,-6.413042542852503e-06,-75744.68409485403,1291.00846721973
0.0019000869,300,KM,0.008,0.008,0.336,0.328,1320.0232116561924,-6.372653429868997e-06,-75258.30714983713,1291.2021422539895
0.0019000869,300,KM,0.0085,0.0085,0.33616666666666667,0.32766666666666666,1320.0287484714552,-6.327104441572438e-06,-74709.79354951768,1291.4201884907943
0.0019000869,300,KM,0.009000000000000001,0.009000000000000001,0.3363333333333333,0.3273333333333333,1320.0346202880455,-6.282139021089858e-06,-74168.30743531037,1291.6358199290132
0.0019000869,300,KM,0.0095,0.0095,0.3365,0.327,1320.040827018947,-6.2357528593328575e-06,-73609.71235906686,1291.8583794819767
0.0019000869,300,KM,0.01,0.01,0.33666666666666667,0.32666666666666666,1320.0473685734482,-6.185718201499582e-06,-73007.18107713816,1292.098244794314
0.0019000869,300,KM,0.0105,0.0105,0.3368333333333333,0.3263333333333333,1320.0542448571368,-6.13723793765159e-06,-72423.36824040588,1292.3311654235304
0.0019000869,300,KM,0.011,0.011,0.33699999999999997,0.326,1320.0614557718927,-6.0854755971027425e-06,-71800.0317221378,1292.5796746400088
0.0019000869,300,KM,0.0115,0.0115,0.33716666666666667,0.32566666666666666,1320.069001215887,-6.032816145882533e-06,-71165.89194736206,1292.8326558467447
0.0019000869,300,KM,0.012,0.012,0.3373333333333333,0.3253333333333333,1320.0768810835757,-5.980977914564137e-06,-70541.6415313151,1293.0821050652685
0.0019000869,300,KM,0.0125,0.0125,0.33749999999999997,0.325,1320.0850952656956,-5.925774092058292e-06,-69876.8617290299,1293.3475159498357
0.0019000869,300,KM,0.013000000000000001,0.013000000000000001,0.3376666666666666,0.32466666666666666,1320.093643649259,-5.871453659774395e-06,-69222.71995778008,1293.6091017171289
0.0019000869,300,KM,0.0135,0.0135,0.3378333333333334,0.3243333333333333,1320.1025261175519,-5.816490669952343e-06,-68560.84032973372,1293.8739657061687
0.0019000869,300,KM,0.014,0.014,0.338,0.324,1320.1117425501284,-5.759580832378998e-06,-67875.51621896068,1294.148174128363
0.0019000869,300,KM,0.0145,0.0145,0.33816666666666667,0.32366666666666666,1320.121292822806,-5.703888521474241e-06,-67204.85390335477,1294.417001534205
0.0019000869,300,KM,0.015,0.015,0.3383333333333333,0.3233333333333333,1320.131176807664,-5.646556673679879e-06,-66514.44782799021,1294.6937383611605
0.0019000869,300,KM,0.0155,0.0155,0.3385,0.323,1320.1413943730372,-5.589013395461747e-06,-65821.49564858923,1294.9717392625207
0.0019000869,300,KM,0.016,0.016,0.33866666666666667,0.32266666666666666,1320.151945383515,-5.532191688988372e-06,-65137.23283706243,1295.2466661075864
0.0019000869,300,KM,0.0165,0.0165,0.3388333333333333,0.3223333333333333,1320.1628296999345,-5.474003994745382e-06,-64436.5204204505,1295.5282229657862
0.0019000869,300,KM,0.017,0.017,0.33899999999999997,0.322,1320.174047179382,-5.416431637595234e-06,-63743.21806445306,1295.8071989233335
0.0019000869,300,KM,0.0175,0.0175,0.33916666666666667,0.32166666666666666,1320.1855976751822,-5.358728783182574e-06,-63048.34422408308,1296.087060380164
0.0019000869,300,KM,0.018000000000000002,0.018000000000000002,0.3393333333333333,0.3213333333333333,1320.1974810369043,-5.3005459149113835e-06,-62347.68992316739,1296.3694299901629
0.0019000869,300,KM,0.0185,0.0185,0.33949999999999997,0.321,1320.2096971103506,-5.242899143683156e-06,-61653.49145212087,1296.6495875494206
0.0019000869,300,KM,0.019,0.019,0.3396666666666666,0.32066666666666666,1320.2222457375588,-5.18503553166316e-06,-60956.68172387993,1296.9310299381548
0.0019000869,300,KM,0.0195,0.0195,0.3398333333333334,0.3203333333333333,1320.2351267567956,-5.127283480564854e-06,-60261.21544332245,1297.2122318569193
0.0019000869,300,KM,0.02,0.02,0.34,0.32,1320.2483400025576,-5.069759558207896e-06,-59568.49635259142,1297.4926523595104
0.0019000869,300,KM,0.0205,0.0205,0.3401666666666667,0.31966666666666665,1320.2618853055646,-5.012586246594883e-06,-58879.999414067555,1297.7717235232615
0.0019000869,300,KM,0.021,0.021,0.3403333333333333,0.3193333333333333,1320.27576249276,-4.955358665123037e-06,-58190.84894279203,1298.0513241328506
0.0019000869,300,KM,0.021500000000000002,0.021500000000000002,0.3405,0.319,1320.2899713873069,-4.898246698214967e-06,-57503.09073428674,1298.330665821157
0.0019000869,300,KM,0.022,0.022,0.3406666666666667,0.31866666666666665,1320.304511808587,-4.841766431140735e-06,-56822.93963107922,1298.6073556972608
0.0019000869,300,KM,0.0225,0.0225,0.3408333333333333,0.3183333333333333,1320.3193835721963,-4.784982184850385e-06,-56139.1279255073,1298.885732738241
0.0019000869,300,KM,0.023,0.023,0.34099999999999997,0.318,1320.3345864899454,-4.729020889009548e-06,-55465.22641840142,1299.1605727788901
0.0019000869,300,KM,0.0235,0.0235,0.3411666666666667,0.31766666666666665,1320.3501203698545,-4.6732908343305e-06,-54794.109581755605,1299.4346196630802
0.0019000869,300,KM,0.024,0.024,0.3413333333333333,0.3173333333333333,1320.3659850161555,-4.617135052919599e-06,-54117.86602525994,1299.7109172282976
0.0019000869,300,KM,0.0245,0.0245,0.34149999999999997,0.317,1320.382180229286,-4.562443761109815e-06,-53459.25826033241,1299.980708936371
0.0019000869,300,KM,0.025,0.025,0.3416666666666666,0.31666666666666665,1320.3987058058897,-4.507344106448885e-06,-52795.73287624154,1300.2526713749244
0.0019000869,300,KM,0.025500000000000002,0.025500000000000002,0.3418333333333334,0.3163333333333333,1320.4155615388158,-4.452592206922065e-06,-52136.395256309086,1300.523302327781
0.0019000869,300,KM,0.026000000000000002,0.026000000000000002,0.342,0.316,1320.4327472171155,-4.399128941893729e-06,-51492.57573183153,1300.7882472529907
0.0019000869,300,KM,0.0265,0.0265,0.3421666666666667,0.31566666666666665,1320.4502626260414,-4.344550028576822e-06,-50835.321260007375,1301.0586361917647
0.0019000869,300,KM,0.027,0.027,0.3423333333333333,0.3153333333333333,1320.4681075470455,-4.2913379536954876e-06,-50194.52663722464,1301.3229792836407
0.0019000869,300,KM,0.0275,0.0275,0.3425,0.315,1320.4862817577805,-4.238475726545328e-06,-49557.94497823685,1301.585984609642
0.0019000869,300,KM,0.028,0.028,0.3426666666666667,0.31466666666666665,1320.5047850320957,-4.184761785638223e-06,-48911.106745025696,1301.8532100615782
0.0019000869,300,KM,0.0285,0.0285,0.3428333333333333,0.3143333333333333,1320.5236171400386,-4.133286772151851e-06,-48291.23029925105,1302.1103613462878
0.0019000869,300,KM,0.029,0.029,0.34299999999999997,0.314,1320.5427778478518,-4.080988725164448e-06,-47661.442654880855,1302.3716003780335
0.0019000869,300,KM,0.029500000000000002,0.029500000000000002,0.3431666666666667,0.31366666666666665,1320.5622669179731,-4.028945342657882e-06,-47034.721751100966,1302.6319430508509
0.0019000869,300,KM,0.03,0.03,0.3433333333333333,0.3133333333333333,1320.5820841090376,-3.9786283344980715e-06,-46428.79032791882,1302.8845883430545
0.0019000869,300,KM,0.0305,0.0305,0.34349999999999997,0.313,1320.602229175872,-3.926707935045754e-06,-45803.55042032321,1303.1449256640487
0.0019000869,300,KM,0.031,0.031,0.3436666666666666,0.31266666666666665,1320.6227018694983,-3.876663848528521e-06,-45200.90559555685,1303.3968755131864
0.0019000869,300,KM,0.0315,0.0315,0.3438333333333334,0.31233333333333335,1320.6435019371331,-3.826977637007131e-06,-44602.570401141784,1303.6474557209217
0.0019000869,300,KM,0.032,0.032,0.34400000000000003,0.312,1320.6646291221855,-3.776081938732653e-06,-43989.67023046082,1303.9039045819209
0.0019000869,300,KM,0.0325,0.0325,0.3441666666666667,0.3116666666666667,1320.6860831642584,-3.7278736495052856e-06,-43409.132587842265,1304.1482268806367
0.0019000869,300,KM,0.033,0.033,0.3443333333333333,0.3113333333333333,1320.7078637991483,-3.6784208333233395e-06,-42813.608005094415,1304.398579229453
0.0019000869,300,KM,0.0335,0.0335,0.34450000000000003,0.311,1320.7299707588465,-3.629310576744858e-06,-42222.20862047824,1304.647633286546
0.0019000869,300,KM,0.034,0.034,0.3446666666666667,0.31066666666666665,1320.7524037715377,-3.5823606601506908e-06,-41656.82465150631,1304.8870017809163
0.0019000869,300,KM,0.0345,0.0345,0.3448333333333333,0.31033333333333335,1320.7751625616013,-3.533365995556738e-06,-41066.81725775477,1305.136089755344
0.0019000869,300,KM,0.035,0.035,0.345,0.31,1320.7982468496116,-3.4864370854261867e-06,-40501.686254467015,1305.375931533342
0.0019000869,300,KM,0.035500000000000004,0.035500000000000004,0.3451666666666667,0.3096666666666667,1320.8216563523408,-3.4397110398014323e-06,-39938.99820204631,1305.6151231076083
0.0019000869,300,KM,0.036000000000000004,0.036000000000000004,0.3453333333333333,0.3093333333333333,1320.845390782754,-3.3915461101669703e-06,-39358.98270771913,1305.8612344519333
0.0019000869,300,KM,0.0365,0.0365,0.3455,0.309,1320.8694498500172,-3.3465870137889947e-06,-38817.57275014043,1306.0928492251026
0.0019000869,300,KM,0.037,0.037,0.3456666666666666,0.3086666666666667,1320.8938332594923,-3.3001645455278614e-06,-38258.540460864475,1306.3314963216997
0.0019000869,300,KM,0.0375,0.0375,0.3458333333333334,0.30833333333333335,1320.9185407127422,-3.2540593489727545e-06,-37703.32884581773,1306.5689657851447
0.0019000869,300,KM,0.038,0.038,0.34600000000000003,0.308,1320.9435719075304,-3.2103095863384064e-06,-37176.482021922406,1306.7958670511255
0.0019000869,300,KM,0.0385,0.0385,0.3461666666666667,0.3076666666666667,1320.968926537822,-3.164089276381338e-06,-36619.88417923558,1307.034437457273
0.0019000869,300,KM,0.039,0.039,0.3463333333333333,0.30733333333333335,1320.9946042937863,-3.120123880471547e-06,-36090.44063939365,1307.262905437886
0.0019000869,300,KM,0.0395,0.0395,0.34650000000000003,0.307,1321.020604861796,-3.0765520402916525e-06,-35565.7364072379,1307.4898477855145
0.0019000869,300,KM,0.04,0.04,0.3466666666666667,0.3066666666666667,1321.0469279244337,-3.031447113192917e-06,-35022.570315512814,1307.7241358417573
0.0019000869,300,KM,0.0405,0.0405,0.3468333333333333,0.30633333333333335,1321.0735731604875,-2.9898907530884148e-06,-34522.137055641404,1307.9423720666657
0.0019000869,300,KM,0.041,0.041,0.347,0.306,1321.1005402449573,-2.9465326621162347e-06,-34000.006850964055,1308.1691903513681
0.0019000869,300,KM,0.0415,0.0415,0.3471666666666667,0.3056666666666667,1321.1278288490557,-2.903136114175357e-06,-33477.41353676119,1308.3964714957995
0.0019000869,300,KM,0.042,0.042,0.3473333333333333,0.30533333333333335,1321.1554386402088,-2.8619629688498013e-06,-32981.595055965154,1308.6138078106303
0.0019000869,300,KM,0.0425,0.0425,0.3475,0.305,1321.1833692820603,-2.8178984393781046e-06,-32450.957722166713,1308.8447339334525
0.0019000869,300,KM,0.043000000000000003,0.043000000000000003,0.3476666666666666,0.3046666666666667,1321.2116204344734,-2.776209929943293e-06,-31948.93308326234,1309.0650147673432
0.0019000869,300,KM,0.043500000000000004,0.043500000000000004,0.3478333333333334,0.30433333333333334,1321.2401917535326,-2.7348145024647695e-06,-31450.437818885126,1309.2842344143714
0.0019000869,300,KM,0.044,0.044,0.34800000000000003,0.304,1321.2690828915463,-2.6915688897650553e-06,-30929.66210888473,1309.5122478603182
0.0019000869,300,KM,0.0445,0.0445,0.3481666666666667,0.3036666666666667,1321.29829349705,-2.651993177435244e-06,-30453.080361033455,1309.7236731605576
0.0019000869,300,KM,0.045,0.045,0.34833333333333333,0.30333333333333334,1321.3278232148095,-2.610538060360878e-06,-29953.86629792236,1309.9440255612699
0.0019000869,300,KM,0.0455,0.0455,0.34850000000000003,0.303,1321.3576716858229,-2.569283740020519e-06,-29457.07028499464,1310.1637402393583
0.0019000869,300,KM,0.046,0.046,0.3486666666666667,0.3026666666666667,1321.387838547324,-2.530582774568402e-06,-28991.02248262045,1310.3720072476167
0.0019000869,300,KM,0.0465,0.0465,0.34883333333333333,0.30233333333333334,1321.418323432785,-2.488985895062133e-06,-28490.101276830203,1310.5938670034595
0.0019000869,300,KM,0.047,0.047,0.349,0.302,1321.4491259719218,-2.4500803993776905e-06,-28021.5904644463,1310.8036474115831
0.0019000869,300,KM,0.0475,0.0475,0.3491666666666667,0.3016666666666667,1321.4802457906937,-2.411404548890015e-06,-27555.845103467247,1311.0126600882102
0.0019000869,300,KM,0.048,0.048,0.34933333333333333,0.30133333333333334,1321.5116825113112,-2.370662770402219e-06,-27065.22126224691,1311.2314462945242
0.0019000869,300,KM,0.0485,0.0485,0.3495,0.301,1321.5434357522358,-2.333720861094146e-06,-26620.356503773743,1311.433069613562
0.0019000869,300,KM,0.049,0.049,0.3496666666666666,0.3006666666666667,1321.5755051281863,-2.2946534833644543e-06,-26149.896262724404,1311.6447382931462
0.0019000869,300,KM,0.0495,0.0495,0.3498333333333334,0.30033333333333334,1321.6078902501404,-2.2557300466518874e-06,-25681.169399484075,1311.8560310384455
0.0019000869,300,KM,0.05,0.05,0.35000000000000003,0.3,1321.640590725342,-2.219475880112329e-06,-25244.58663093341,1312.0553587489735
0.0019000869,300,KM,0.0505,0.0505,0.3501666666666667,0.2996666666666667,1321.6736061573013,-2.1802303353780985e-06,-24771.980853204266,1312.2686997561289
0.0019000869,300,KM,0.051000000000000004,0.051000000000000004,0.35033333333333333,0.29933333333333334,1321.7069361458023,-2.143847152184828e-06,-24333.84443018453,1312.469192257761
0.0019000869,300,KM,0.051500000000000004,0.051500000000000004,0.35050000000000003,0.299,1321.7405802869057,-2.107567361015208e-06,-23896.95308270339,1312.669497053414
0.0019000869,300,KM,0.052000000000000005,0.052000000000000005,0.3506666666666667,0.2986666666666667,1321.774538172951,-2.0689554470469344e-06,-23431.977663094294,1312.8807836582969
0.0019000869,300,KM,0.0525,0.0525,0.35083333333333333,0.29833333333333334,1321.8088093925658,-2.034303373231219e-06,-23014.687741231653,1313.0741947226595
0.0019000869,300,KM,0.053,0.053,0.351,0.298,1321.843393530667,-1.9973391665773808e-06,-22569.554471912037,1313.2784939032383
0.0019000869,300,KM,0.0535,0.0535,0.3511666666666667,0.2976666666666667,1321.8782901684672,-1.960432859077824e-06,-22125.11844033045,1313.4828112991734
0.0019000869,300,KM,0.054,0.054,0.35133333333333333,0.29733333333333334,1321.913498883477,-1.92623327685933e-06,-21713.277548279206,1313.6750058450823
0.0019000869,300,KM,0.0545,0.0545,0.3515,0.297,1321.9490192495127,-1.8886846869841936e-06,-21261.10697348544,1313.882834396303
0.0019000869,300,KM,0.055,0.055,0.3516666666666666,0.2966666666666667,1321.9848508367018,-1.8539691178781411e-06,-20843.052423656118,1314.0779632191084
0.0019000869,300,KM,0.0555,0.0555,0.3518333333333334,0.29633333333333334,1322.020993211485,-1.8193529912367327e-06,-20426.19538767608,1314.2729210876275
0.0019000869,300,KM,0.056,0.056,0.35200000000000004,0.296,1322.057445936623,-1.7823286967700514e-06,-19980.33852418256,1314.4791941420315
0.0019000869,300,KM,0.0565,0.0565,0.3521666666666667,0.2956666666666667,1322.094208571204,-1.7493403867046218e-06,-19583.08410868088,1314.6672629334153
0.0019000869,300,KM,0.057,0.057,0.35233333333333333,0.29533333333333334,1322.1312806706464,-1.7138844091175202e-06,-19156.113353753797,1314.8669172102743
0.0019000869,300,KM,0.0575,0.0575,0.35250000000000004,0.295,1322.168661786705,-1.6784617838669326e-06,-18729.544236950067,1315.066700199612
0.0019000869,300,KM,0.058,0.058,0.3526666666666667,0.2946666666666667,1322.2063514674783,-1.645864622101077e-06,-18337.00013818826,1315.253829389123
0.0019000869,300,KM,0.0585,0.0585,0.35283333333333333,0.29433333333333334,1322.244349257412,-1.6098182463302903e-06,-17902.919643935093,1315.4570306548299
0.0019000869,300,KM,0.059000000000000004,0.059000000000000004,0.353,0.294,1322.282654697307,-1.5766926842826852e-06,-17504.01240184583,1315.6471436184977
0.0019000869,300,KM,0.059500000000000004,0.059500000000000004,0.3531666666666667,0.2936666666666667,1322.3212673243243,-1.5436608536995231e-06,-17106.233900151172,1315.8371100246625
0.0019000869,300,KM,0.06,0.06,0.35333333333333333,0.29333333333333333,1322.3601866719914,-1.508254646880499e-06,-16679.86249867211,1316.038221632074
0.00285013035,450,K,0.0,0.0,0.3333333333333333,0.3333333333333333,1308.652883105797,-6.435258190407339e-06,-76080.37329550202,1279.2544684954642
0.00285013035,450,KG,0.0005,-0.0005,0.33316666666666667,0.33316666666666667,1308.6530531627702,-6.432435076631142e-06,-76046.37657330457,1279.2679300986701
0.00285013035,450,KG,0.001,-0.001,0.333,0.333,1308.653563356551,-6.426322458331237e-06,-75972.76672166026,1279.297221979372
0.00285013035,450,KG,0.0015,-0.0015,0.33283333333333337,0.33283333333333337,1308.654413718637,-6.4183380680418846e-06,-75876.61647051845,1279.335670602032
0.00285013035,450,KG,0.002,-0.002,0.33266666666666667,0.33266666666666667,1308.6556042767986,-6.4098025223092565e-06,-75773.82905205786,1279.3770599604384
0.00285013035,450,KG,0.0025,-0.0025,0.3325,0.3325,1308.6571350550928,-6.397614058023979e-06,-75627.05217122017,1279.435987050303
0.00285013035,450,KG,0.003,-0.003,0.3323333333333333,0.3323333333333333,1308.6590060738636,-6.385171916684858e-06,-75477.22044066292,1279.4964531946032
0.00285013035,450,KG,0.0035,-0.0035,0.33216666666666667,0.33216666666666667,1308.661217349754,-6.3710030667496466e-06,-75306.5952043844,1279.565389728464
0.00285013035,450,KG,0.004,-0.004,0.332,0.332,1308.6637688957135,-6.3526962620775285e-06,-75086.13956493813,1279.6541409519195
0.00285013035,450,KG,0.0045000000000000005,-0.0045000000000000005,0.33183333333333337,0.33183333333333337,1308.6666607210025,-6.336205552566299e-06,-74887.55384911642,1279.7346893139777
0.00285013035,450,KG,0.005,-0.005,0.33166666666666667,0.33166666666666667,1308.6698928312032,-6.31530028446791e-06,-74635.80678954108,1279.8363495436797
0.00285013035,450,KG,0.0055,-0.0055,0.3315,0.3315,1308.6734652282255,-6.292349274158923e-06,-74359.42433262266,1279.947973262909
0.00285013035,450,KG,0.006,-0.006,0.3313333333333333,0.3313333333333333,1308.677377910315,-6.270889140142564e-06,-74100.99542315902,1280.052922355579
0.00285013035,450,KG,0.006500000000000001,-0.006500000000000001,0.33116666666666666,0.33116666666666666,1308.6816308720631,-6.24316860550916e-06,-73767.17702623764,1280.1876557582193
0.00285013035,450,KG,0.007,-0.007,0.331,0.331,1308.686224104412,-6.217275115948771e-06,-73455.36041483171,1280.3141304952594
0.00285013035,450,KG,0.0075,-0.0075,0.33083333333333337,0.33083333333333337,1308.6911575946647,-6.189706334394649e-06,-73123.36947074711,1280.4488183819437
0.00285013035,450,KG,0.008,-0.008,0.33066666666666666,0.33066666666666666,1308.6964313264923,-6.156804073223341e-06,-72727.151279989,1280.6089169167562
0.00285013035,450,KG,0.0085,-0.0085,0.3305,0.3305,1308.7020452799438,-6.128066982593379e-06,-72381.09123269403,1280.7497616971139
0.00285013035,450,KG,0.009000000000000001,-0.009000000000000001,0.3303333333333333,0.3303333333333333,1308.7079994314533,-6.094018203178168e-06,-71971.06634999138,1280.915907242113
0.00285013035,450,KG,0.0095,-0.0095,0.33016666666666666,0.33016666666666666,1308.7142937538483,-6.058392921964394e-06,-71542.0567936488,1281.0897883762814
0.00285013035,450,KG,0.01,-0.01,0.33,0.33,1308.7209282163594,-6.025521309184383e-06,-71146.20767935282,1281.2510527886939
0.00285013035,450,KG,0.0105,-0.0105,0.32983333333333337,0.32983333333333337,1308.7279027846284,-5.985878450575631e-06,-70668.81733731348,1281.4444608291608
0.00285013035,450,KG,0.011,-0.011,0.32966666666666666,0.32966666666666666,1308.7352174207163,-5.949134505067841e-06,-70226.33651404693,1281.6245678057214
0.00285013035,450,KG,0.0115,-0.0115,0.3295,0.3295,1308.7428720831147,-5.911034347159177e-06,-69767.52380340766,1281.8113673333344
0.00285013035,450,KG,0.012,-0.012,0.3293333333333333,0.3293333333333333,1308.7508667267502,-5.867945131868256e-06,-69248.63147455327,1282.0219185659296
0.00285013035,450,KG,0.0125,-0.0125,0.32916666666666666,0.32916666666666666,1308.759201302999,-5.829628110400709e-06,-68787.20723255163,1282.210372662268
0.00285013035,450,KG,0.013000000000000001,-0.013000000000000001,0.329,0.329,1308.7678757596923,-5.786472231868846e-06,-68267.51212638723,1282.4218652589132
0.00285013035,450,KG,0.0135,-0.0135,0.32883333333333337,0.32883333333333337,1308.7768900411263,-5.74234045747817e-06,-67736.0650105499,1282.638250987071
0.00285013035,450,KG,0.014,-0.014,0.32866666666666666,0.32866666666666666,1308.7862440880715,-5.701046055959435e-06,-67238.78632891145,1282.8416295027416
0.00285013035,450,KG,0.0145,-0.0145,0.3285,0.3285,1308.7959378377827,-5.654141802144695e-06,-66673.95224384432,1283.0716482943722
0.00285013035,450,KG,0.015,-0.015,0.3283333333333333,0.3283333333333333,1308.8059712240085,-5.610037605674365e-06,-66142.83722900295,1283.288834628673
0.00285013035,450,KG,0.0155,-0.0155,0.32816666666666666,0.32816666666666666,1308.816344176999,-5.565045923176206e-06,-65601.03486029127,1283.5104938895333
0.00285013035,450,KG,0.016,-0.016,0.328,0.328,1308.8270566235176,-5.516407634165581e-06,-65015.31904054804,1283.7495647941746
0.00285013035,450,KG,0.0165,-0.0165,0.32783333333333337,0.32783333333333337,1308.8381084868508,-5.471740636844092e-06,-64477.4266211434,1283.9703141452665
0.00285013035,450,KG,0.017,-0.017,0.32766666666666666,0.32766666666666666,1308.849499686815,-5.423612607249056e-06,-63897.85548736593,1284.20759900534
0.00285013035,450,KG,0.0175,-0.0175,0.3275,0.3275,1308.86123013977,-5.3750688094915614e-06,-63313.27755760423,1284.447134842609
0.00285013035,450,KG,0.018000000000000002,-0.018000000000000002,0.3273333333333333,0.3273333333333333,1308.8732997586264,-5.328750720962332e-06,-62755.50223812468,1284.6765400609254
0.00285013035,450,KG,0.0185,-0.0185,0.32716666666666666,0.32716666666666666,1308.8857084528577,-5.278910661272906e-06,-62155.31436123066,1284.9227538770215
0.00285013035,450,KG,0.019,-0.019,0.327,0.327,1308.8984561285076,-5.231233416871033e-06,-61581.17170827174,1285.1591328498268
0.00285013035,450,KG,0.0195,-0.0195,0.32683333333333336,0.32683333333333336,1308.9115426882045,-5.1833193208455055e-06,-61004.176822108726,1285.396923039847
0.00285013035,450,KG,0.02,-0.02,0.32666666666666666,0.32666666666666666,1308.9249680311655,-5.1335577154974365e-06,-60404.933714239145,1285.643666892638
0.00285013035,450,KG,0.0205,-0.0205,0.3265,0.3265,1308.9387320532128,-5.0861716374486615e-06,-59834.297367580366,1285.879584915124
0.00285013035,450,KG,0.021,-0.021,0.3263333333333333,0.3263333333333333,1308.9528346467803,-5.036370602211953e-06,-59234.57943401243,1286.1271103183499
0.00285013035,450,KG,0.021500000000000002,-0.021500000000000002,0.32616666666666666,0.32616666666666666,1308.967275700927,-4.985644007761825e-06,-58623.71565867176,1286.37926491266
0.00285013035,450,KG,0.022,-0.022,0.326,0.326,1308.9820551013438,-4.935716783883651e-06,-58022.47812634568,1286.627973600369
0.00285013035,450,KG,0.0225,-0.0225,0.32583333333333336,0.32583333333333336,1308.997172730367,-4.884392547185029e-06,-57404.41737663337,1286.8835148681721
0.00285013035,450,KG,0.023,-0.023,0.32566666666666666,0.32566666666666666,1309.0126284669882,-4.834235777285461e-06,-56800.415587199896,1287.1338881013326
0.00285013035,450,KG,0.0235,-0.0235,0.3255,0.3255,1309.0284221868646,-4.784138141451578e-06,-56197.125906651476,1287.384279920483
0.00285013035,450,KG,0.024,-0.024,0.3253333333333333,0.3253333333333333,1309.0445537623311,-4.733718075877202e-06,-55589.9534373865,1287.6364744357913
0.00285013035,450,KG,0.0245,-0.0245,0.32516666666666666,0.32516666666666666,1309.0610230624088,-4.6840583276633495e-06,-54991.936921489585,1287.885408403912
0.00285013035,450,KG,0.025,-0.025,0.325,0.325,1309.0778299528188,-4.634233396005996e-06,-54391.931220570215,1288.1354096729935
0.00285013035,450,KG,0.025500000000000002,-0.025500000000000002,0.32483333333333336,0.32483333333333336,1309.0949742959901,-4.584651092596217e-06,-53794.8473165687,1288.3845716285375
0.00285013035,450,KG,0.026000000000000002,-0.026000000000000002,0.32466666666666666,0.32466666666666666,1309.1124559510747,-4.535106491672854e-06,-53198.217436406965,1288.6338521433647
0.00285013035,450,KG,0.0265,-0.0265,0.3245,0.3245,1309.1302747739546,-4.4860278048342855e-06,-52607.198223389496,1288.8812505837536
0.00285013035,450,KG,0.027,-0.027,0.3243333333333333,0.3243333333333333,1309.1484306172551,-4.4368537718617204e-06,-52015.03082567705,1289.1293893794932
0.00285013035,450,KG,0.0275,-0.0275,0.32416666666666666,0.32416666666666666,1309.1669233303562,-4.3877805040194175e-06,-51424.07686972154,1289.3773521636515
0.00285013035,450,KG,0.028,-0.028,0.324,0.324,1309.1857527594034,-4.3396195363875375e-06,-50844.10908693269,1289.6213499090627
0.00285013035,450,KG,0.0285,-0.0285,0.32383333333333336,0.32383333333333336,1309.2049187473206,-4.290566996732407e-06,-50253.404745578955,1289.8698052619882
0.00285013035,450,KG,0.029,-0.029,0.32366666666666666,0.32366666666666666,1309.224421133817,-4.242614003849357e-06,-49675.94145262671,1290.1134227038146
0.00285013035,450,KG,0.029500000000000002,-0.029500000000000002,0.3235,0.3235,1309.2442597554052,-4.195019029447883e-06,-49102.789517920915,1290.3556649949494
0.00285013035,450,KG,0.03,-0.03,0.3233333333333333,0.3233333333333333,1309.2644344454081,-4.14643365720466e-06,-48517.71093662553,1290.6028236320533
0.00285013035,450,KG,0.0305,-0.0305,0.32316666666666666,0.32316666666666666,1309.2849450339709,-4.099919015999226e-06,-47957.56867508848,1290.8406170467056
0.00285013035,450,KG,0.031,-0.031,0.323,0.323,1309.3057913480757,-4.0523156617241624e-06,-47384.315827611514,1291.0837848218832
0.00285013035,450,KG,0.0315,-0.0315,0.32283333333333336,0.32283333333333336,1309.32697321155,-4.004976230170883e-06,-46814.24121104035,1291.3260167627222
0.00285013035,450,KG,0.032,-0.032,0.32266666666666666,0.32266666666666666,1309.3484904450804,-3.9596236006942394e-06,-46268.092218307036,1291.5592813388412
0.00285013035,450,KG,0.0325,-0.0325,0.3225,0.3225,1309.370342866224,-3.9120130203309e-06,-45694.752352262934,1291.8033683286906
0.00285013035,450,KG,0.033,-0.033,0.3223333333333333,0.3223333333333333,1309.3925302894206,-3.866514491699997e-06,-45146.846401287956,1292.0379065555483
0.00285013035,450,KG,0.0335,-0.0335,0.32216666666666666,0.32216666666666666,1309.4150525260034,-3.821461852147119e-06,-44604.30997074972,1292.270664300218
0.00285013035,450,KG,0.034,-0.034,0.322,0.322,1309.4379093842126,-3.774638597113394e-06,-44040.45129555793,1292.5119679279335
0.00285013035,450,KG,0.0345,-0.0345,0.32183333333333336,0.32183333333333336,1309.4611006692076,-3.731106628627961e-06,-43516.227209449266,1292.7382360541376
0.00285013035,450,KG,0.035,-0.035,0.32166666666666666,0.32166666666666666,1309.4846261830774,-3.6856756697191156e-06,-42969.13495188231,1292.9736467762796
0.00285013035,450,KG,0.035500000000000004,-0.035500000000000004,0.3215,0.3215,1309.5084857248553,-3.6406247146275303e-06,-42426.618806096,1293.2075840248183
0.00285013035,450,KG,0.036000000000000004,-0.036000000000000004,0.3213333333333333,0.3213333333333333,1309.5326790905283,-3.598395811326942e-06,-41918.08659378566,1293.4286802959919
0.00285013035,450,KG,0.0365,-0.0365,0.32116666666666666,0.32116666666666666,1309.557206073051,-3.552853622926695e-06,-41369.654879711044,1293.6654981478575
0.00285013035,450,KG,0.037,-0.037,0.321,0.321,1309.5820664623595,-3.510220019811611e-06,-40856.24915954466,1293.8890754776003
0.00285013035,450,KG,0.0375,-0.0375,0.32083333333333336,0.32083333333333336,1309.6072600453808,-3.468122567672997e-06,-40349.29991872977,1294.1104572813094
0.00285013035,450,KG,0.038,-0.038,0.32066666666666666,0.32066666666666666,1309.632786606047,-3.4236551927729066e-06,-39813.811408109104,1294.343163286078
0.00285013035,450,KG,0.0385,-0.0385,0.3205,0.3205,1309.658645925307,-3.3835151343275556e-06,-39330.43364719063,1294.5560378754246
0.00285013035,450,KG,0.039,-0.039,0.3203333333333333,0.3203333333333333,1309.6848377811405,-3.341024481200644e-06,-38818.749370586665,1294.7801454081791
0.00285013035,450,KG,0.0395,-0.0395,0.32016666666666665,0.32016666666666665,1309.7113619485685,-3.2992384855667585e-06,-38315.55077572772,1295.00127445553
0.00285013035,450,KG,0.04,-0.04,0.32,0.32,1309.7382181996684,-3.2613495066757182e-06,-37859.28114162211,1295.2045857976336
0.00285013035,450,KG,0.0405,-0.0405,0.31983333333333336,0.31983333333333336,1309.765406303584,-3.2200715870473058e-06,-37362.20093949635,1295.4239532331092
0.00285013035,450,KG,0.041,-0.041,0.31966666666666665,0.31966666666666665,1309.792926026541,-3.18314881667329e-06,-36917.5666573964,1295.6233798491642
0.00285013035,450,KG,0.0415,-0.0415,0.3195,0.3195,1309.8207771318575,-3.146345357198779e-06,-36474.36915037077,1295.822556932828
0.00285013035,450,KG,0.042,-0.042,0.3193333333333333,0.3193333333333333,1309.8489593799575,-3.1034639731559956e-06,-35957.97958327769,1296.050275570157
0.00285013035,450,KG,0.0425,-0.0425,0.31916666666666665,0.31916666666666665,1309.877472528386,-3.06300064002894e-06,-35470.70885862532,1296.2670574301915
0.00285013035,450,KG,0.043000000000000003,-0.043000000000000003,0.319,0.319,1309.9063163318178,-3.019675577235808e-06,-34948.97638847686,1296.4974281414968
0.00285013035,450,KG,0.043500000000000004,-0.043500000000000004,0.31883333333333336,0.31883333333333336,1309.9354905420732,-2.9777110486985258e-06,-34443.6278506822,1296.7217749120357
0.00285013035,450,KG,0.044,-0.044,0.31866666666666665,0.31866666666666665,1309.964994908131,-2.9402898933019885e-06,-33992.99187736424,1296.9253239902812
0.00285013035,450,KG,0.0445,-0.0445,0.3185,0.3185,1309.9948291761414,-2.8984709362493876e-06,-33489.396351922915,1297.1495889512146
0.00285013035,450,KG,0.045,-0.045,0.3183333333333333,0.3183333333333333,1310.024993089438,-2.8608057193061998e-06,-33035.82132150052,1297.3548709576273
0.00285013035,450,KG,0.0455,-0.0455,0.31816666666666665,0.31816666666666665,1310.055486388551,-2.8238010828520375e-06,-32590.201185267593,1297.5573884154314
0.00285013035,450,KG,0.046,-0.046,0.318,0.318,1310.0863088112221,-2.7835394276588033e-06,-32105.359122452137,1297.7753185402166
0.00285013035,450,KG,0.0465,-0.0465,0.31783333333333336,0.31783333333333336,1310.1174600924169,-2.748759285534433e-06,-31686.52696635567,1297.9681168166844
0.00285013035,450,KG,0.047,-0.047,0.31766666666666665,0.31766666666666665,1310.1489399643367,-2.710613045109624e-06,-31227.159317225174,1298.17683139565
0.00285013035,450,KG,0.0475,-0.0475,0.3175,0.3175,1310.1807481564342,-2.6729522431272753e-06,-30773.63745299056,1298.3835933139187
0.00285013035,450,KG,0.048,-0.048,0.3173333333333333,0.3173333333333333,1310.212884395424,-2.6394845118491058e-06,-30370.60971374878,1298.5712120334517
0.00285013035,450,KG,0.0485,-0.0485,0.31716666666666665,0.31716666666666665,1310.2453484052994,-2.6007166642877594e-06,-29903.756498391725,1298.7837065960339
0.00285013035,450,KG,0.049,-0.049,0.317,0.317,1310.278139907342,-2.566162781841493e-06,-29487.649024341677,1298.9769647282826
0.00285013035,450,KG,0.0495,-0.0495,0.31683333333333336,0.31683333333333336,1310.3112586201387,-2.5321103408089195e-06,-29077.58004742318,1299.1682009729413
0.00285013035,450,KG,0.05,-0.05,0.31666666666666665,0.31666666666666665,1310.344704259593,-2.494410298122012e-06,-28623.58563569757,1299.3766422194385
0.00285013035,450,KG,0.0505,-0.0505,0.3165,0.3165,1310.3784765389382,-2.462513627622958e-06,-28239.47704782449,1299.5584922306052
0.00285013035,450,KG,0.051000000000000004,-0.051000000000000004,0.3163333333333333,0.3163333333333333,1310.4125751687534,-2.426920506089695e-06,-27810.85476730959,1299.7577706607851
0.00285013035,450,KG,0.051500000000000004,-0.051500000000000004,0.31616666666666665,0.31616666666666665,1310.4469998569723,-2.391791430636181e-06,-27387.820658902056,1299.9551987569562
0.00285013035,450,KG,0.052000000000000005,-0.052000000000000005,0.316,0.316,1310.4817503089037,-2.361058238894774e-06,-27017.723006202694,1300.132568196984
0.00285013035,450,KG,0.0525,-0.0525,0.31583333333333335,0.31583333333333335,1310.5168262272396,-2.3246477265569863e-06,-26579.257478014784,1300.3365311897924
0.00285013035,450,KG,0.053,-0.053,0.31566666666666665,0.31566666666666665,1310.552227312069,-2.29266402646327e-06,-26194.10085552912,1300.5202957497802
0.00285013035,450,KG,0.0535,-0.0535,0.3155,0.3155,1310.5879532608963,-2.2611761456450654e-06,-25814.91502682153,1300.7020674258051
0.00285013035,450,KG,0.054,-0.054,0.3153333333333333,0.3153333333333333,1310.6240037686482,-2.2258051997124223e-06,-25388.96824675477,1300.9021143067632
0.00285013035,450,KG,0.0545,-0.0545,0.31516666666666665,0.31516666666666665,1310.6603785276943,-2.1964967092363716e-06,-25036.02724340516,1301.0744024070852
0.00285013035,450,KG,0.055,-0.055,0.315,0.315,1310.6970772278555,-2.1632822150615933e-06,-24636.049055877054,1301.26506876876
0.00285013035,450,KG,0.0555,-0.0555,0.31483333333333335,0.31483333333333335,1310.7340995564216,-2.1305355457510686e-06,-24241.70454563151,1301.4538697911469
0.00285013035,450,KG,0.056,-0.056,0.31466666666666665,0.31466666666666665,1310.7714451981612,-2.1023569073595715e-06,-23902.369535694816,1301.6218390958188
0.00285013035,450,KG,0.0565,-0.0565,0.3145,0.3145,1310.80911383534,-2.0682547542168567e-06,-23491.70191170351,1301.8175106373726
0.00285013035,450,KG,0.057,-0.057,0.3143333333333333,0.3143333333333333,1310.8471051477309,-2.038740927420198e-06,-23136.28819120463,1301.9922599166946
0.00285013035,450,KG,0.0575,-0.0575,0.31416666666666665,0.31416666666666665,1310.8854188126306,-2.009736338590138e-06,-22787.00685609838,1302.164956677712
0.00285013035,450,KG,0.058,-0.058,0.314,0.314,1310.9240545048717,-1.976744147032249e-06,-22389.705698583668,1302.3563916919625
0.00285013035,450,KG,0.0585,-0.0585,0.31383333333333335,0.31383333333333335,1310.9630118968369,-1.9500613621258106e-06,-22068.384172838923,1302.518957400923
0.00285013035,450,KG,0.059000000000000004,-0.059000000000000004,0.31366666666666665,0.31366666666666665,1311.0022906584738,-1.919430331273357e-06,-21699.516770011352,1302.7000765109958
0.00285013035,450,KG,0.059500000000000004,-0.059500000000000004,0.3135,0.3135,1311.0418904573094,-1.8894499216033276e-06,-21338.484328629944,1302.878487889506
0.00285013035,450,KG,0.06,-0.06,0.3133333333333333,0.3133333333333333,1311.0818109584616,-1.8644458761969848e-06,-21037.378651395396,1303.0342038391484
0.00285013035,450,KM,0.0005,0.0005,0.33349999999999996,0.333,1308.653053150405,-6.432094097399143e-06,-76042.27040644617,1279.269534974327
0.00285013035,450,KM,0.001,0.001,0.3336666666666666,0.33266666666666667,1308.6535632576279,-6.426152486390593e-06,-75970.7198722218,1279.2980218677212
0.00285013035,450,KM,0.0015,0.0015,0.33383333333333337,0.3323333333333333,1308.6544133847547,-6.4185742583072e-06,-75879.46073946128,1279.3345586405203
0.00285013035,450,KM,0.002,0.002,0.334,0.332,1308.6556034853222,-6.408726523480735e-06,-75760.87157454972,1279.3821231199784
0.00285013035,450,KM,0.0025,0.0025,0.33416666666666667,0.33166666666666667,1308.6571335091087,-6.3980508157548315e-06,-75632.31172943157,1279.4339300467395
0.00285013035,450,KM,0.003,0.003,0.3343333333333333,0.3313333333333333,1308.6590034021285,-6.384778961139043e-06,-75472.48836056057,1279.4982996568974
0.00285013035,450,KM,0.0035,0.0035,0.3345,0.331,1308.6612131066206,-6.369656528136681e-06,-75290.37981145932,1279.5717216624603
0.00285013035,450,KM,0.004,0.004,0.33466666666666667,0.33066666666666666,1308.663762561049,-6.353936277816853e-06,-75101.07217975716,1279.6482998311233
0.00285013035,450,KM,0.0045000000000000005,0.0045000000000000005,0.3348333333333333,0.3303333333333333,1308.6666517000926,-6.334571899060277e-06,-74867.8809387012,1279.7423663899037
0.00285013035,450,KM,0.005,0.005,0.33499999999999996,0.33,1308.6698804546388,-6.314692146485523e-06,-74628.48342261933,1279.8391979411083
0.00285013035,450,KM,0.0055,0.0055,0.33516666666666667,0.32966666666666666,1308.6734487517776,-6.2930471327356236e-06,-74367.82813992408,1279.9446735417698
0.00285013035,450,KM,0.006,0.006,0.3353333333333333,0.3293333333333333,1308.677356514798,-6.267934294628531e-06,-74065.41235069347,1280.066799469413
0.00285013035,450,KM,0.006500000000000001,0.006500000000000001,0.33549999999999996,0.329,1308.681603663179,-6.243341146403693e-06,-73769.25481173415,1280.186816427468
0.00285013035,450,KM,0.007,0.007,0.3356666666666666,0.32866666666666666,1308.6861901125865,-6.2152601550458076e-06,-73431.0956945663,1280.3235717961418
0.00285013035,450,KM,0.0075,0.0075,0.3358333333333334,0.3283333333333333,1308.6911157748646,-6.185588973591535e-06,-73073.78706546458,1280.4681368322272
0.00285013035,450,KM,0.008,0.008,0.336,0.328,1308.696380558033,-6.1562881682001294e-06,-72720.93860804419,1280.6112907036436
0.00285013035,450,KM,0.0085,0.0085,0.33616666666666667,0.32766666666666666,1308.7019843662792,-6.122564984796075e-06,-72314.8346431711,1280.7755655231192
0.00285013035,450,KM,0.009000000000000001,0.009000000000000001,0.3363333333333333,0.3273333333333333,1308.7079270999561,-6.089306877982155e-06,-71914.33126009836,1280.9379794487186
0.00285013035,450,KM,0.0095,0.0095,0.3365,0.327,1308.7142086555734,-6.054777293845497e-06,-71498.51639305857,1281.1066948322164
0.00285013035,450,KM,0.01,0.01,0.33666666666666667,0.32666666666666666,1308.7208289257942,-6.016748364316997e-06,-71040.561434407,1281.2921784783557
0.00285013035,450,KM,0.0105,0.0105,0.3368333333333333,0.3263333333333333,1308.7277877994302,-5.980210334603576e-06,-70600.56030647409,1281.4709759693803
0.00285013035,450,KM,0.011,0.011,0.33699999999999997,0.326,1308.735085161436,-5.940322308583072e-06,-70120.21759019482,1281.6658322442383
0.00285013035,450,KM,0.0115,0.0115,0.33716666666666667,0.32566666666666666,1308.742720892906,-5.89937219923758e-06,-69627.08497077574,1281.8659931987395
0.00285013035,450,KM,0.012,0.012,0.3373333333333333,0.3253333333333333,1308.7506948710668,-5.859315004755862e-06,-69144.70508078106,1282.0622747139544
0.00285013035,450,KM,0.0125,0.0125,0.33749999999999997,0.325,1308.7590069692749,-5.815272170571086e-06,-68614.32900766884,1282.2775866853221
0.00285013035,450,KM,0.013000000000000001,0.013000000000000001,0.3376666666666666,0.32466666666666666,1308.767657057012,-5.772184861272165e-06,-68095.45963130087,1282.4887214035061
0.00285013035,450,KM,0.0135,0.0135,0.3378333333333334,0.3243333333333333,1308.7766449998808,-5.728227896926699e-06,-67566.11762670432,1282.7042484027406
0.00285013035,450,KM,0.014,0.014,0.338,0.324,1308.7859706595978,-5.681466063184038e-06,-67002.99860380245,1282.9332478315398
0.00285013035,450,KM,0.0145,0.0145,0.33816666666666667,0.32366666666666666,1308.7956338939957,-5.636367172914668e-06,-66459.90520925757,1283.1547475229668
0.00285013035,450,KM,0.015,0.015,0.3383333333333333,0.3233333333333333,1308.8056345570108,-5.58863102285639e-06,-65885.05319798178,1283.3889261834067
0.00285013035,450,KM,0.0155,0.0155,0.3385,0.323,1308.8159724986879,-5.540294704770656e-06,-65302.97379620075,1283.626221324372
0.00285013035,450,KM,0.016,0.016,0.33866666666666667,0.32266666666666666,1308.82664756517,-5.493061934938084e-06,-64734.1836297706,1283.85864087403
0.00285013035,450,KM,0.0165,0.0165,0.3388333333333333,0.3223333333333333,1308.8376595986979,-5.44286018355011e-06,-64129.64016072852,1284.1052834651325
0.00285013035,450,KM,0.017,0.017,0.33899999999999997,0.322,1308.8490084376047,-5.393692023813213e-06,-63537.54349015538,1284.3473764515368
0.00285013035,450,KM,0.0175,0.0175,0.33916666666666667,0.32166666666666666,1308.8606939163146,-5.344030186111081e-06,-62939.50181205878,1284.5920808828917
0.00285013035,450,KM,0.018000000000000002,0.018000000000000002,0.3393333333333333,0.3213333333333333,1308.8727158653387,-5.292521363805345e-06,-62319.21823106719,1284.8457370850558
0.00285013035,450,KM,0.0185,0.0185,0.33949999999999997,0.321,1308.8850741112708,-5.2424285701398825e-06,-61715.986861259196,1285.0930512496002
0.00285013035,450,KM,0.019,0.019,0.3396666666666666,0.32066666666666666,1308.8977684767854,-5.190717325746293e-06,-61093.26565712063,1285.3482417875662
0.00285013035,450,KM,0.0195,0.0195,0.3398333333333334,0.3203333333333333,1308.910798780635,-5.1387486844021505e-06,-60467.44480723057,1285.604929345454
0.00285013035,450,KM,0.02,0.02,0.34,0.32,1308.9241648376467,-5.087624432926349e-06,-59851.79233525794,1285.8579536483307
0.00285013035,450,KM,0.0205,0.0205,0.3401666666666667,0.31966666666666665,1308.9378664587184,-5.034947675447818e-06,-59217.444153700504,1286.1185381199516
0.00285013035,450,KM,0.021,0.021,0.3403333333333333,0.3193333333333333,1308.9519034508196,-4.982867456734883e-06,-58590.279658066385,1286.3766189920655
0.00285013035,450,KM,0.021500000000000002,0.021500000000000002,0.3405,0.319,1308.9662756169857,-4.9305801869894e-06,-57960.62179624433,1286.6359581895565
0.00285013035,450,KM,0.022,0.022,0.3406666666666667,0.31866666666666665,1308.9809827563167,-4.877532416394691e-06,-57321.80577143216,1286.8991442402394
0.00285013035,450,KM,0.0225,0.0225,0.3408333333333333,0.3183333333333333,1308.9960246639744,-4.825233485243874e-06,-56692.00747971992,1287.159114137164
0.00285013035,450,KM,0.023,0.023,0.34099999999999997,0.318,1309.0114011311825,-4.772393255165365e-06,-56055.690715594115,1287.4219034861212
0.00285013035,450,KM,0.0235,0.0235,0.3411666666666667,0.31766666666666665,1309.0271119452227,-4.719532286559351e-06,-55419.124212345385,1287.6850762493543
0.00285013035,450,KM,0.024,0.024,0.3413333333333333,0.3173333333333333,1309.0431568894323,-4.666937953165046e-06,-54785.76860456144,1287.9472885155237
0.00285013035,450,KM,0.0245,0.0245,0.34149999999999997,0.317,1309.0595357432048,-4.614070732149616e-06,-54149.126808057525,1288.2110624087022
0.00285013035,450,KM,0.025,0.025,0.3416666666666666,0.31666666666666665,1309.0762482819862,-4.561505998247911e-06,-53516.127645605506,1288.4737079857061
0.00285013035,450,KM,0.025500000000000002,0.025500000000000002,0.3418333333333334,0.3163333333333333,1309.093294277274,-4.5090678508544815e-06,-52884.65287313456,1288.7360475475928
0.00285013035,450,KM,0.026000000000000002,0.026000000000000002,0.342,0.316,1309.1106734966174,-4.4567498370850805e-06,-52254.624783215724,1288.9981112009248
0.00285013035,450,KM,0.0265,0.0265,0.3421666666666667,0.31566666666666665,1309.128385703613,-4.404325096766319e-06,-51623.31146247116,1289.2609583759513
0.00285013035,450,KM,0.027,0.027,0.3423333333333333,0.3153333333333333,1309.1464306579078,-4.352147251123741e-06,-50994.97131616577,1289.5229372090187
0.00285013035,450,KM,0.0275,0.0275,0.3425,0.315,1309.1648081151934,-4.300183066981382e-06,-50369.2041411407,1289.7842031387074
0.00285013035,450,KM,0.028,0.028,0.3426666666666667,0.31466666666666665,1309.18351782721,-4.248014109276624e-06,-49740.97102585739,1290.0467093576772
0.00285013035,450,KM,0.0285,0.0285,0.3428333333333333,0.3143333333333333,1309.2025595417424,-4.196697894062985e-06,-49123.006873100865,1290.3055200368433
0.00285013035,450,KM,0.029,0.029,0.34299999999999997,0.314,1309.2219330026196,-4.145209480499358e-06,-48502.96905986463,1290.565419029679
0.00285013035,450,KM,0.029500000000000002,0.029500000000000002,0.3431666666666667,0.31366666666666665,1309.2416379497172,-4.093849300419638e-06,-47884.47546994859,1290.8250040463695
0.00285013035,450,KM,0.03,0.03,0.3433333333333333,0.3133333333333333,1309.2616741189531,-4.04333346506297e-06,-47276.14971429786,1291.0809353415711
0.00285013035,450,KM,0.0305,0.0305,0.34349999999999997,0.313,1309.2820412422889,-3.992067974801782e-06,-46658.79640554325,1291.3406472012066
0.00285013035,450,KM,0.031,0.031,0.3436666666666666,0.31266666666666665,1309.3027390477332,-3.941843536549851e-06,-46053.979734968176,1291.5957892246818
0.00285013035,450,KM,0.0315,0.0315,0.3438333333333334,0.31233333333333335,1309.3237672593339,-3.8919222138782325e-06,-45452.81326661464,1291.8498032834775
0.00285013035,450,KM,0.032,0.032,0.34400000000000003,0.312,1309.3451255971872,-3.841333499631269e-06,-44843.609883073645,1292.1072122862097
0.00285013035,450,KM,0.0325,0.0325,0.3441666666666667,0.3116666666666667,1309.366813777431,-3.7924104967517797e-06,-44254.46545964207,1292.3571439667983
0.00285013035,450,KM,0.033,0.033,0.3443333333333333,0.3113333333333333,1309.388831512249,-3.742780282679454e-06,-43656.8046021013,1292.6106557996927
0.00285013035,450,KM,0.0335,0.0335,0.34450000000000003,0.311,1309.4111785098705,-3.6934330628298817e-06,-43062.551639791505,1292.863133810697
0.00285013035,450,KM,0.034,0.034,0.3446666666666667,0.31066666666666665,1309.4338544745701,-3.6456220881856522e-06,-42486.798570016545,1293.1087427877492
0.00285013035,450,KM,0.0345,0.0345,0.3448333333333333,0.31033333333333335,1309.4568591066698,-3.5964350630601726e-06,-41894.47471718099,1293.36104438951
0.00285013035,450,KM,0.035,0.035,0.345,0.31,1309.4801921025391,-3.548726751669272e-06,-41319.957946889495,1293.606746875577
0.00285013035,450,KM,0.035500000000000004,0.035500000000000004,0.3451666666666667,0.3096666666666667,1309.5038531545965,-3.5012135784242466e-06,-40747.79108448743,1293.851827042899
0.00285013035,450,KM,0.036000000000000004,0.036000000000000004,0.3453333333333333,0.3093333333333333,1309.5278419513102,-3.452684962416059e-06,-40163.395977578286,1294.1019174964842
0.00285013035,450,KM,0.0365,0.0365,0.3455,0.309,1309.5521581771998,-3.4066459747658523e-06,-39608.98166860042,1294.340709905225
0.00285013035,450,KM,0.037,0.037,0.3456666666666666,0.3086666666666667,1309.576801512839,-3.359558553808816e-06,-39041.94183380234,1294.5846659167546
0.00285013035,450,KM,0.0375,0.0375,0.3458333333333334,0.30833333333333335,1309.6017716348533,-3.3127686298055956e-06,-38478.48454016101,1294.8275235447327
0.00285013035,450,KM,0.038,0.038,0.34600000000000003,0.308,1309.627068215927,-3.2679104487847657e-06,-37938.28983341325,1295.0616850059425
0.00285013035,450,KM,0.0385,0.0385,0.3461666666666667,0.3076666666666667,1309.6526909248005,-3.2210788802630207e-06,-37374.3310448838,1295.3053075633125
0.00285013035,450,KM,0.039,0.039,0.3463333333333333,0.30733333333333335,1309.6786394262745,-3.17610500279948e-06,-36832.74308935691,1295.5405804065347
0.00285013035,450,KM,0.0395,0.0395,0.34650000000000003,0.307,1309.7049133812118,-3.1315389881079907e-06,-36296.06673090164,1295.7742447679634
0.00285013035,450,KM,0.04,0.04,0.3466666666666667,0.3066666666666667,1309.7315124465406,-3.085754586486154e-06,-35744.71821776767,1296.0138565917168
0.00285013035,450,KM,0.0405,0.0405,0.3468333333333333,0.30633333333333335,1309.758436275253,-3.043032635841833e-06,-35230.248592053584,1296.2395275573656
0.00285013035,450,KM,0.041,0.041,0.347,0.306,1309.7856845164126,-2.998814378104751e-06,-34697.76001967727,1296.4724367854685
0.00285013035,450,KM,0.0415,0.0415,0.3471666666666667,0.3056666666666667,1309.8132568151548,-2.9545575976410784e-06,-34164.80754590059,1296.7058109620787
0.00285013035,450,KM,0.042,0.042,0.3473333333333333,0.30533333333333335,1309.8411528126867,-2.9122436582556833e-06,-33655.251305378435,1296.9304508323835
0.00285013035,450,KM,0.0425,0.0425,0.3475,0.305,1309.8693721462957,-2.8673937039914897e-06,-33115.15566752486,1297.1671505320378
0.00285013035,450,KM,0.043000000000000003,0.043000000000000003,0.3476666666666666,0.3046666666666667,1309.897914449348,-2.8246567704461152e-06,-32600.505613544243,1297.3943273597304
0.00285013035,450,KM,0.043500000000000004,0.043500000000000004,0.3478333333333334,0.30433333333333334,1309.9267793512938,-2.7822334314996673e-06,-32089.631953045275,1297.6203355791738
0.00285013035,450,KM,0.044,0.044,0.34800000000000003,0.304,1309.9559664776693,-2.7381843241075564e-06,-31559.180336223522,1297.8541727691218
0.00285013035,450,KM,0.0445,0.0445,0.3481666666666667,0.3036666666666667,1309.9854754501016,-2.69748107114087e-06,-31069.020430055927,1298.0727735609328
0.00285013035,450,KM,0.045,0.045,0.34833333333333333,0.30333333333333334,1310.0153058863118,-2.655114172271129e-06,-30558.826436676565,1298.2993781172856
0.00285013035,450,KM,0.0455,0.0455,0.34850000000000003,0.303,1310.0454574001171,-2.6129544713624665e-06,-30051.127578839398,1298.525306983211
0.00285013035,450,KM,0.046,0.046,0.3486666666666667,0.3026666666666667,1310.0759296014367,-2.5731638857010963e-06,-29571.95826649737,1298.7405372338892
0.00285013035,450,KM,0.0465,0.0465,0.34883333333333333,0.30233333333333334,1310.1067220962939,-2.5307226375543225e-06,-29060.86893842119,1298.9683423176543
0.00285013035,450,KM,0.047,0.047,0.349,0.302,1310.1378344868226,-2.490799673582735e-06,-28580.105489606387,1299.1847597105711
0.00285013035,450,KM,0.0475,0.0475,0.3491666666666667,0.3016666666666667,1310.1692663712683,-2.4511244510217425e-06,-28102.325411842306,1299.4003159657864
0.00285013035,450,KM,0.048,0.048,0.34933333333333333,0.30133333333333334,1310.2010173439953,-2.409537437411135e-06,-27601.523013914804,1299.625016239425
0.00285013035,450,KM,0.0485,0.0485,0.3495,0.301,1310.2330869954897,-2.3715362298673856e-06,-27143.901891122863,1299.8333894644372
0.00285013035,450,KM,0.049,0.049,0.3496666666666666,0.3006666666666667,1310.2654749123624,-2.3315572583510973e-06,-26662.4639838593,1300.0512108234273
0.00285013035,450,KM,0.0495,0.0495,0.3498333333333334,0.30033333333333334,1310.2981806773585,-2.2917298633157493e-06,-26182.851402786153,1300.268614896018
0.00285013035,450,KM,0.05,0.05,0.35000000000000003,0.3,1310.331203869357,-2.2544529148975545e-06,-25733.952010056266,1300.4744948762595
0.00285013035,450,KM,0.0505,0.0505,0.3501666666666667,0.2996666666666667,1310.364544063377,-2.2143523759190228e-06,-25251.050153561533,1300.6937334303032
0.00285013035,450,KM,0.051000000000000004,0.051000000000000004,0.35033333333333333,0.29933333333333334,1310.398200830588,-2.177005243534655e-06,-24801.30558596806,1300.900510859333
0.00285013035,450,KM,0.051500000000000004,0.051500000000000004,0.35050000000000003,0.299,1310.432173738306,-2.13978158435102e-06,-24353.047917039294,1301.1070033058243
0.00285013035,450,KM,0.052000000000000005,0.052000000000000005,0.3506666666666667,0.2986666666666667,1310.466462350006,-2.1003381018924115e-06,-23878.058518116843,1301.3240528116057
0.00285013035,450,KM,0.0525,0.0525,0.35083333333333333,0.29833333333333334,1310.5010662253246,-2.064726501374261e-06,-23449.213708520387,1301.5236574373869
0.00285013035,450,KM,0.053,0.053,0.351,0.298,1310.5359849200659,-2.026917844922516e-06,-22993.911339594793,1301.7337117977747
0.00285013035,450,KM,0.0535,0.0535,0.3511666666666667,0.2976666666666667,1310.5712179862082,-1.989194551313546e-06,-22539.636933791437,1301.9436548791434
0.00285013035,450,KM,0.054,0.054,0.35133333333333333,0.29733333333333334,1310.6067649719084,-1.9541281022680712e-06,-22117.356990028013,1302.1415957568145
0.00285013035,450,KM,0.0545,0.0545,0.3515,0.297,1310.6426254215085,-1.915857700196379e-06,-21656.494151772553,1302.354635811618
0.00285013035,450,KM,0.055,0.055,0.3516666666666666,0.2966666666666667,1310.6787988755418,-1.8803911834438024e-06,-21229.396481280157,1302.554995898658
0.00285013035,450,KM,0.0555,0.0555,0.3518333333333334,0.29633333333333334,1310.7152848707397,-1.8450876824783044e-06,-20804.261892288006,1302.7548871915608
0.00285013035,450,KM,0.056,0.056,0.35200000000000004,0.296,1310.7520829400362,-1.8075078216833124e-06,-20351.714744369863,1302.9655821192184
0.00285013035,450,KM,0.0565,0.0565,0.3521666666666667,0.2956666666666667,1310.789192612578,-1.7739463059813273e-06,-19947.557626981943,1303.1579911288393
0.00285013035,450,KM,0.057,0.057,0.35233333333333333,0.29533333333333334,1310.8266134137261,-1.738064658960046e-06,-19515.460842199536,1303.3614040593263
0.00285013035,450,KM,0.0575,0.0575,0.35250000000000004,0.295,1310.8643448650676,-1.7023109856397196e-06,-19084.905152358697,1303.5645076045007
0.00285013035,450,KM,0.058,0.058,0.3526666666666667,0.2946666666666667,1310.9023864844175,-1.6694283007259265e-06,-18688.922704344644,1303.754633428467
0.00285013035,450,KM,0.0585,0.0585,0.35283333333333333,0.29433333333333334,1310.9407377858315,-1.6332659394795213e-06,-18253.445480697585,1303.9601882364977
0.00285013035,450,KM,0.059000000000000004,0.059000000000000004,0.353,0.294,1310.9793982796073,-1.6000733495980393e-06,-17853.731070768656,1304.1523115199361
0.00285013035,450,KM,0.059500000000000004,0.059500000000000004,0.3531666666666667,0.2936666666666667,1311.018367472295,-1.5670713138749023e-06,-17456.3113670749,1304.3438382890636
0.00285013035,450,KM,0.06,0.06,0.35333333333333333,0.29333333333333333,1311.057644866705,-1.531818598314022e-06,-17031.788350066505,1304.5460359118665
0.0038001738,600,K,0.0,0.0,0.3333333333333333,0.3333333333333333,1299.6751959106193,-6.096623890359599e-06,-72042.44230412181,1271.6576475455904
0.0038001738,600,KG,0.0005,-0.0005,0.33316666666666667,0.33316666666666667,1299.675362615706,-6.094296030581687e-06,-72014.40956847665,1271.668839997973
0.0038001738,600,KG,0.001,-0.001,0.333,0.333,1299.6758627396905,-6.089508109393989e-06,-71956.7520883234,1271.692020931104
0.0038001738,600,KG,0.0015,-0.0015,0.33283333333333337,0.33283333333333337,1299.6766962928791,-6.083423097699017e-06,-71883.47468310279,1271.7216834683877
0.0038001738,600,KG,0.002,-0.002,0.33266666666666667,0.33266666666666667,1299.6778632818734,-6.076970779122206e-06,-71805.77406613338,1271.7534250941897
0.0038001738,600,KG,0.0025,-0.0025,0.3325,0.3325,1299.679363709579,-6.067859167827447e-06,-71696.04950576644,1271.7980967695974
0.0038001738,600,KG,0.003,-0.003,0.3323333333333333,0.3323333333333333,1299.6811975752134,-6.0585712710840455e-06,-71584.20206693972,1271.84394218143
0.0038001738,600,KG,0.0035,-0.0035,0.33216666666666667,0.33216666666666667,1299.6833648743163,-6.048023711927466e-06,-71457.18542257675,1271.8960899021777
0.0038001738,600,KG,0.004,-0.004,0.332,0.332,1299.6858655987578,-6.034406167179563e-06,-71293.19915687632,1271.9631087733308
0.0038001738,600,KG,0.0045000000000000005,-0.0045000000000000005,0.33183333333333337,0.33183333333333337,1299.688699736747,-6.022147108291307e-06,-71145.57215617226,1272.024034390555
0.0038001738,600,KG,0.005,-0.005,0.33166666666666667,0.33166666666666667,1299.691867272842,-6.006563275795064e-06,-70957.90730588768,1272.1010347253396
0.0038001738,600,KG,0.0055,-0.0055,0.3315,0.3315,1299.6953681879568,-5.989406123413149e-06,-70751.29609944417,1272.1858173984585
0.0038001738,600,KG,0.006,-0.006,0.3313333333333333,0.3313333333333333,1299.6992024593726,-5.973400376037694e-06,-70558.55043270062,1272.265485832587
0.0038001738,600,KG,0.006500000000000001,-0.006500000000000001,0.33116666666666666,0.33116666666666666,1299.7033700607465,-5.9525319744244655e-06,-70307.24732960515,1272.3685011888879
0.0038001738,600,KG,0.007,-0.007,0.331,0.331,1299.7078709621221,-5.933088665223567e-06,-70073.10558616022,1272.4651053190937
0.0038001738,600,KG,0.0075,-0.0075,0.33083333333333337,0.33083333333333337,1299.712705129935,-5.912339509248482e-06,-69823.23847224361,1272.5682211197677
0.0038001738,600,KG,0.008,-0.008,0.33066666666666666,0.33066666666666666,1299.7178725270278,-5.887287193851707e-06,-69521.55151434331,1272.692027417411
0.0038001738,600,KG,0.0085,-0.0085,0.3305,0.3305,1299.7233731126555,-5.865622107031929e-06,-69260.65450615123,1272.800138320698
0.0038001738,600,KG,0.009000000000000001,-0.009000000000000001,0.3303333333333333,0.3303333333333333,1299.7292068424983,-5.839592529485699e-06,-68947.19908532566,1272.9292250687406
0.0038001738,600,KG,0.0095,-0.0095,0.33016666666666666,0.33016666666666666,1299.7353736686673,-5.812212541319516e-06,-68617.4816437887,1273.0650258026262
0.0038001738,600,KG,0.01,-0.01,0.33,0.33,1299.7418735397196,-5.787196997763625e-06,-68316.23750263562,1273.1899702439948
0.0038001738,600,KG,0.0105,-0.0105,0.32983333333333337,0.32983333333333337,1299.7487064006652,-5.756314260279077e-06,-67944.33897845588,1273.3429863205542
0.0038001738,600,KG,0.011,-0.011,0.32966666666666666,0.32966666666666666,1299.7558721929765,-5.7279554141811874e-06,-67602.83385713944,1273.4843907339366
0.0038001738,600,KG,0.0115,-0.0115,0.3295,0.3295,1299.7633708546014,-5.698413724102925e-06,-67247.08459924489,1273.6317111379062
0.0038001738,600,KG,0.012,-0.012,0.3293333333333333,0.3293333333333333,1299.7712023199701,-5.66428058289376e-06,-66836.04380832864,1273.801057689925
0.0038001738,600,KG,0.0125,-0.0125,0.32916666666666666,0.32916666666666666,1299.779366520009,-5.634564495036417e-06,-66478.19440381684,1273.9498448633444
0.0038001738,600,KG,0.013000000000000001,-0.013000000000000001,0.329,0.329,1299.7878633821474,-5.600276306118911e-06,-66065.28648522329,1274.1205607438822
0.0038001738,600,KG,0.0135,-0.0135,0.32883333333333337,0.32883333333333337,1299.7966928303308,-5.564981478731158e-06,-65640.2563458695,1274.296349499125
0.0038001738,600,KG,0.014,-0.014,0.32866666666666666,0.32866666666666666,1299.805854785031,-5.532501633902503e-06,-65249.12501033272,1274.4591539641874
0.0038001738,600,KG,0.0145,-0.0145,0.3285,0.3285,1299.8153491632559,-5.494305812873559e-06,-64789.16029776134,1274.649277888877
0.0038001738,600,KG,0.015,-0.015,0.3283333333333333,0.3283333333333333,1299.8251758785595,-5.45894795490043e-06,-64363.37112654741,1274.8263084519322
0.0038001738,600,KG,0.0155,-0.0155,0.32816666666666666,0.32816666666666666,1299.8353348410562,-5.42267006933819e-06,-63926.50272692098,1275.0079980041066
0.0038001738,600,KG,0.016,-0.016,0.328,0.328,1299.845825957428,-5.382315377024809e-06,-63440.540285198265,1275.2092498777406
0.0038001738,600,KG,0.0165,-0.0165,0.32783333333333337,0.32783333333333337,1299.8566491309373,-5.346362987174005e-06,-63007.59159556417,1275.3900253233692
0.0038001738,600,KG,0.017,-0.017,0.32766666666666666,0.32766666666666666,1299.8678042614365,-5.306402337613022e-06,-62526.37432638822,1275.590033760479
0.0038001738,600,KG,0.0175,-0.0175,0.3275,0.3275,1299.8792912453814,-5.265816800127876e-06,-62037.631982827574,1275.7932982367354
0.0038001738,600,KG,0.018000000000000002,-0.018000000000000002,0.3273333333333333,0.3273333333333333,1299.891109975841,-5.22793826141072e-06,-61581.48807220296,1275.9840946195295
0.0038001738,600,KG,0.0185,-0.0185,0.32716666666666666,0.32716666666666666,1299.9032603425082,-5.1854322815975945e-06,-61069.61922737585,1276.1970329936153
0.0038001738,600,KG,0.019,-0.019,0.327,0.327,1299.9157422317119,-5.145636826376479e-06,-60590.39127443942,1276.3974873163074
0.0038001738,600,KG,0.0195,-0.0195,0.32683333333333336,0.32683333333333336,1299.92855552643,-5.105422346064165e-06,-60106.117304675994,1276.6002240985056
0.0038001738,600,KG,0.02,-0.02,0.32666666666666666,0.32666666666666666,1299.9417001062968,-5.062253950967383e-06,-59586.27147055157,1276.8171960796494
0.0038001738,600,KG,0.0205,-0.0205,0.3265,0.3265,1299.9551758476184,-5.022632879901342e-06,-59109.14350016833,1277.0177429123075
0.0038001738,600,KG,0.021,-0.021,0.3263333333333333,0.3263333333333333,1299.9689826233835,-4.979418100290379e-06,-58588.739090808245,1277.2355368889744
0.0038001738,600,KG,0.021500000000000002,-0.021500000000000002,0.32616666666666666,0.32616666666666666,1299.9831203032727,-4.934989138472053e-06,-58053.713161214386,1277.4593535264512
0.0038001738,600,KG,0.022,-0.022,0.326,0.326,1299.9975887536739,-4.8922586729319545e-06,-57539.14099675436,1277.675463397733
0.0038001738,600,KG,0.0225,-0.0225,0.32583333333333336,0.32583333333333336,1300.0123878376905,-4.846347745161599e-06,-56986.26882050834,1277.9068587776442
0.0038001738,600,KG,0.023,-0.023,0.32566666666666666,0.32566666666666666,1300.0275174151573,-4.802551689955749e-06,-56458.86452857668,1278.1285856704874
0.0038001738,600,KG,0.0235,-0.0235,0.3255,0.3255,1300.0429773426483,-4.758559479585494e-06,-55929.09808153527,1278.3515341471618
0.0038001738,600,KG,0.024,-0.024,0.3253333333333333,0.3253333333333333,1300.0587674734923,-4.71275481272574e-06,-55377.50552876336,1278.583314984179
0.0038001738,600,KG,0.0245,-0.0245,0.32516666666666666,0.32516666666666666,1300.0748876577813,-4.66936514601854e-06,-54854.995080292545,1278.8040187761767
0.0038001738,600,KG,0.025,-0.025,0.325,0.325,1300.091337742387,-4.624293737940189e-06,-54312.23263394441,1279.032936964035
0.0038001738,600,KG,0.025500000000000002,-0.025500000000000002,0.32483333333333336,0.32483333333333336,1300.1081175709687,-4.579172580470529e-06,-53768.87109157325,1279.2623836736366
0.0038001738,600,KG,0.026000000000000002,-0.026000000000000002,0.32466666666666666,0.32466666666666666,1300.1252269839893,-4.535229443295519e-06,-53239.695597613565,1279.4865807199997
0.0038001738,600,KG,0.0265,-0.0265,0.3245,0.3245,1300.1426658187247,-4.489670647932164e-06,-52691.063897864966,1279.718675172147
0.0038001738,600,KG,0.027,-0.027,0.3243333333333333,0.3243333333333333,1300.1604339092771,-4.445180368824353e-06,-52155.29956839715,1279.9460357119601
0.0038001738,600,KG,0.0275,-0.0275,0.32416666666666666,0.32416666666666666,1300.1785310865898,-4.400524876195402e-06,-51617.54569170359,1280.1744674093366
0.0038001738,600,KG,0.028,-0.028,0.324,0.324,1300.1969571784557,-4.355181307484456e-06,-51071.5058112338,1280.4064283050445
0.0038001738,600,KG,0.0285,-0.0285,0.32383333333333336,0.32383333333333336,1300.2157120095321,-4.31079669421282e-06,-50537.0139391882,1280.634172516596
0.0038001738,600,KG,0.029,-0.029,0.32366666666666666,0.32366666666666666,1300.2347954013533,-4.265917847630643e-06,-49996.570371996306,1280.8645333525333
0.0038001738,600,KG,0.029500000000000002,-0.029500000000000002,0.3235,0.3235,1300.2542071723433,-4.221142909738356e-06,-49457.378102181756,1281.0946979701373
0.0038001738,600,KG,0.03,-0.03,0.3233333333333333,0.3233333333333333,1300.2739471378275,-4.1765888570595105e-06,-48920.845793613626,1281.3241166120974
0.0038001738,600,KG,0.0305,-0.0305,0.32316666666666666,0.32316666666666666,1300.2940151100468,-4.13202428096936e-06,-48384.18675919628,1281.5538767339476
0.0038001738,600,KG,0.031,-0.031,0.323,0.323,1300.31441089817,-4.0875846399269364e-06,-47849.0322274122,1281.7833416619374
0.0038001738,600,KG,0.0315,-0.0315,0.32283333333333336,0.32283333333333336,1300.3351343083054,-4.0431695121608304e-06,-47314.17289132734,1282.0129830174385
0.0038001738,600,KG,0.032,-0.032,0.32266666666666666,0.32266666666666666,1300.356185143516,-3.9992186825954375e-06,-46784.90476346068,1282.2407353837802
0.0038001738,600,KG,0.0325,-0.0325,0.3225,0.3225,1300.3775632038316,-3.954833880392383e-06,-46250.410616250316,1282.4708169263288
0.0038001738,600,KG,0.033,-0.033,0.3223333333333333,0.3223333333333333,1300.3992682862604,-3.911063736682363e-06,-45723.31835776659,1282.6983038118024
0.0038001738,600,KG,0.0335,-0.0335,0.32216666666666666,0.32216666666666666,1300.4213001848034,-3.867538548742272e-06,-45199.17592487301,1282.9249323516406
0.0038001738,600,KG,0.034,-0.034,0.322,0.322,1300.4436586904687,-3.823402538874797e-06,-44667.67780424467,1283.1547185059203
0.0038001738,600,KG,0.0345,-0.0345,0.32183333333333336,0.32183333333333336,1300.4663435912828,-3.780659019926302e-06,-44152.948447005954,1283.3782616074943
0.0038001738,600,KG,0.035,-0.035,0.32166666666666666,0.32166666666666666,1300.4893546723026,-3.7371645777166874e-06,-43629.17626276001,1283.605619087585
0.0038001738,600,KG,0.035500000000000004,-0.035500000000000004,0.3215,0.3215,1300.5126917156338,-3.6938530496511305e-06,-43107.60678156979,1283.8324090518486
0.0038001738,600,KG,0.036000000000000004,-0.036000000000000004,0.3213333333333333,0.3213333333333333,1300.5363545004386,-3.652020146733272e-06,-42603.84331613577,1284.0525558018078
0.0038001738,600,KG,0.0365,-0.0365,0.32116666666666666,0.32116666666666666,1300.5603428029528,-3.6085352787554125e-06,-42080.186427454595,1284.2807398868363
0.0038001738,600,KG,0.037,-0.037,0.321,0.321,1300.5846563964956,-3.5666479950985332e-06,-41575.768094018815,1284.5017245453475
0.0038001738,600,KG,0.0375,-0.0375,0.32083333333333336,0.32083333333333336,1300.6092950514885,-3.525148160974444e-06,-41076.015535743354,1284.7211848640882
0.0038001738,600,KG,0.038,-0.038,0.32066666666666666,0.32066666666666666,1300.6342585354628,-3.4823165284328973e-06,-40560.225090081614,1284.9471776637401
0.0038001738,600,KG,0.0385,-0.0385,0.3205,0.3205,1300.659546613077,-3.4421800791660313e-06,-40076.89079189545,1285.1608325045702
0.0038001738,600,KG,0.039,-0.039,0.3203333333333333,0.3203333333333333,1300.6851590461301,-3.400711991050558e-06,-39577.520527895525,1285.381018389085
0.0038001738,600,KG,0.0395,-0.0395,0.32016666666666665,0.32016666666666665,1300.7110955935725,-3.3597958063396444e-06,-39084.79643837246,1285.598910143385
0.0038001738,600,KG,0.04,-0.04,0.32,0.32,1300.7373560115238,-3.3216491671740808e-06,-38625.42398749477,1285.804124015923
0.0038001738,600,KG,0.0405,-0.0405,0.31983333333333336,0.31983333333333336,1300.7639400532823,-3.2815484513400252e-06,-38142.52000125658,1286.0187820330161
0.0038001738,600,KG,0.041,-0.041,0.31966666666666665,0.31966666666666665,1300.790847469343,-3.2447081598278605e-06,-37698.87895257752,1286.2184689652975
0.0038001738,600,KG,0.0415,-0.0415,0.3195,0.3195,1300.8180780074058,-3.2078828072276255e-06,-37255.41780243571,1286.4183822802152
0.0038001738,600,KG,0.042,-0.042,0.3193333333333333,0.3193333333333333,1300.8456314123962,-3.1658673408981266e-06,-36749.455857563386,1286.6428800981073
0.0038001738,600,KG,0.0425,-0.0425,0.31916666666666665,0.31916666666666665,1300.873507426473,-3.1249237727249943e-06,-36256.40200876328,1286.8626501360939
0.0038001738,600,KG,0.043000000000000003,-0.043000000000000003,0.319,0.319,1300.9017057890453,-3.0819839476147653e-06,-35739.30867806294,1287.0920477754437
0.0038001738,600,KG,0.043500000000000004,-0.043500000000000004,0.31883333333333336,0.31883333333333336,1300.930226236788,-3.040291353829302e-06,-35237.234854270704,1287.3158970051716
0.0038001738,600,KG,0.044,-0.044,0.31866666666666665,0.31866666666666665,1300.9590685036503,-3.0022285227927764e-06,-34778.871644219515,1287.523058542124
0.0038001738,600,KG,0.0445,-0.0445,0.3185,0.3185,1300.988232320875,-2.9609620538005368e-06,-34281.929333843014,1287.7454916650076
0.0038001738,600,KG,0.045,-0.045,0.3183333333333333,0.3183333333333333,1301.01771741701,-2.9229654406055326e-06,-33824.36353747797,1287.9529251861222
0.0038001738,600,KG,0.0455,-0.0455,0.31816666666666665,0.31816666666666665,1301.047523517923,-2.8855593213396484e-06,-33373.90863343219,1288.157890096819
0.0038001738,600,KG,0.046,-0.046,0.318,0.318,1301.0776503468167,-2.8456297883940477e-06,-32893.06607920317,1288.3749400515326
0.0038001738,600,KG,0.0465,-0.0465,0.31783333333333336,0.31783333333333336,1301.1080976242392,-2.8101026804329024e-06,-32465.23875250538,1288.5717065615174
0.0038001738,600,KG,0.047,-0.047,0.31766666666666665,0.31766666666666665,1301.1388650681015,-2.7719218998483954e-06,-32005.455161153994,1288.7811649110772
0.0038001738,600,KG,0.0475,-0.0475,0.3175,0.3175,1301.1699523936925,-2.734145749873644e-06,-31550.54424427588,1288.9890227491962
0.0038001738,600,KG,0.048,-0.048,0.3173333333333333,0.3173333333333333,1301.2013593136896,-2.699841060520978e-06,-31137.437622847516,1289.1809569866234
0.0038001738,600,KG,0.0485,-0.0485,0.31716666666666665,0.31716666666666665,1301.2330855381756,-2.661203729061594e-06,-30672.15611873289,1289.3934181546251
0.0038001738,600,KG,0.049,-0.049,0.317,0.317,1301.2651307746523,-2.626083816056277e-06,-30249.23234707785,1289.589744152339
0.0038001738,600,KG,0.0495,-0.0495,0.31683333333333336,0.31683333333333336,1301.297494728054,-2.5914205928483065e-06,-29831.808161129098,1289.7842306464988
0.0038001738,600,KG,0.05,-0.05,0.31666666666666665,0.31666666666666665,1301.3301771007625,-2.553701937733886e-06,-29377.589613368706,1289.9932713854491
0.0038001738,600,KG,0.0505,-0.0505,0.3165,0.3165,1301.3631775926233,-2.520940331695067e-06,-28983.065230881868,1290.1794661065908
0.0038001738,600,KG,0.051000000000000004,-0.051000000000000004,0.3163333333333333,0.3163333333333333,1301.396495900955,-2.485055341491662e-06,-28550.92818656942,1290.380529672048
0.0038001738,600,KG,0.051500000000000004,-0.051500000000000004,0.31616666666666665,0.31616666666666665,1301.4301317205693,-2.4495785164351757e-06,-28123.706380610965,1290.579978679976
0.0038001738,600,KG,0.052000000000000005,-0.052000000000000005,0.316,0.316,1301.4640847437815,-2.4179381863626144e-06,-27742.684715532465,1290.7618212367595
0.0038001738,600,KG,0.0525,-0.0525,0.31583333333333335,0.31583333333333335,1301.4983546604271,-2.381388814071431e-06,-27302.546997119804,1290.9668547978602
0.0038001738,600,KG,0.053,-0.053,0.31566666666666665,0.31566666666666665,1301.5329411578746,-2.348727178810936e-06,-26909.226490582703,1291.1540459714652
0.0038001738,600,KG,0.0535,-0.0535,0.3155,0.3155,1301.5678439210415,-2.3165344394607295e-06,-26521.55255916278,1291.339343383491
0.0038001738,600,KG,0.054,-0.054,0.3153333333333333,0.3153333333333333,1301.6030626324082,-2.2809280901798925e-06,-26092.770986428295,1291.5408478509833
0.0038001738,600,KG,0.0545,-0.0545,0.31516666666666665,0.31516666666666665,1301.6385969720316,-2.250731073658096e-06,-25729.130105023083,1291.7174253768878
0.0038001738,600,KG,0.055,-0.055,0.315,0.315,1301.6744466175614,-2.21708114495771e-06,-25323.908293689557,1291.910390345803
0.0038001738,600,KG,0.0555,-0.0555,0.31483333333333335,0.31483333333333335,1301.710611244253,-2.183861637201616e-06,-24923.86973121918,1292.1016390728198
0.0038001738,600,KG,0.056,-0.056,0.31466666666666665,0.31466666666666665,1301.7470905249834,-2.154782732955742e-06,-24573.69346918234,1292.2738851424172
0.0038001738,600,KG,0.0565,-0.0565,0.3145,0.3145,1301.7838841302637,-2.1203813061494698e-06,-24159.421908400836,1292.4712217580995
0.0038001738,600,KG,0.057,-0.057,0.3143333333333333,0.3143333333333333,1301.8209917282577,-2.0901567749913174e-06,-23795.4496880831,1292.6493897481487
0.0038001738,600,KG,0.0575,-0.0575,0.31416666666666665,0.31416666666666665,1301.858412984792,-2.0604266869044176e-06,-23437.43168890853,1292.8255473072818
0.0038001738,600,KG,0.058,-0.058,0.314,0.314,1301.8961475633728,-2.027076128125564e-06,-23035.81497353055,1293.0188568102249
0.0038001738,600,KG,0.0585,-0.0585,0.31383333333333335,0.31383333333333335,1301.9341951252013,-1.9995371973498545e-06,-22704.183500831656,1293.1853946497672
0.0038001738,600,KG,0.059000000000000004,-0.059000000000000004,0.31366666666666665,0.31366666666666665,1301.9725553291867,-1.968403590255445e-06,-22329.263934954593,1293.3689616252036
0.0038001738,600,KG,0.059500000000000004,-0.059500000000000004,0.3135,0.3135,1302.0112278319616,-1.937896447964679e-06,-21961.888432684005,1293.549902001391
0.0038001738,600,KG,0.06,-0.06,0.3133333333333333,0.3133333333333333,1302.050212287897,-1.9120426680112307e-06,-21650.55001542208,1293.7094748449265
0.0038001738,600,KM,0.0005,0.0005,0.33349999999999996,0.333,1299.6753626104135,-6.094029248963327e-06,-72011.19690994221,1271.670103158271
0.0038001738,600,KM,0.001,0.001,0.3336666666666666,0.33266666666666667,1299.6758626973472,-6.0893356550208545e-06,-71954.67534474166,1271.6928374152903
0.0038001738,600,KM,0.0015,0.0015,0.33383333333333337,0.3323333333333333,1299.676696149951,-6.083521609146764e-06,-71884.66098538735,1271.7212169063882
0.0038001738,600,KM,0.002,0.002,0.334,0.332,1299.6778629430194,-6.076095184671097e-06,-71795.22991394125,1271.757570258653
0.0038001738,600,KM,0.0025,0.0025,0.33416666666666667,0.33166666666666667,1299.6793630475981,-6.0680927278677725e-06,-71698.86210080753,1271.7969903372955
0.0038001738,600,KM,0.003,0.003,0.3343333333333333,0.3313333333333333,1299.6811964309823,-6.058204064337621e-06,-71579.78006104946,1271.845679434113
0.0038001738,600,KM,0.0035,0.0035,0.3345,0.331,1299.6833630567035,-6.046966624393785e-06,-71444.45568014694,1271.9010922733873
0.0038001738,600,KM,0.004,0.004,0.33466666666666667,0.33066666666666666,1299.6858628845248,-6.035315271214615e-06,-71304.14684080916,1271.9588025329606
0.0038001738,600,KM,0.0045000000000000005,0.0045000000000000005,0.3348333333333333,0.3303333333333333,1299.6886958704342,-6.02095391414268e-06,-71131.20337998604,1272.0296784247623
0.0038001738,600,KM,0.005,0.005,0.33499999999999996,0.33,1299.6918619666326,-6.006201907283984e-06,-70953.5556056531,1272.1027397410319
0.0038001738,600,KM,0.0055,0.0055,0.33516666666666667,0.32966666666666666,1299.6953611215306,-5.990096268575091e-06,-70759.60701965725,1272.1825437810285
0.0038001738,600,KM,0.006,0.006,0.3353333333333333,0.3293333333333333,1299.6991932797393,-5.971315162842358e-06,-70533.43971476851,1272.2753449223312
0.0038001738,600,KM,0.006500000000000001,0.006500000000000001,0.33549999999999996,0.329,1299.703358382065,-5.952927791381214e-06,-70312.01386761475,1272.3666161613971
0.0038001738,600,KM,0.007,0.007,0.3356666666666666,0.32866666666666666,1299.707856365498,-5.931810336695632e-06,-70057.71159807239,1272.4711392798367
0.0038001738,600,KM,0.0075,0.0075,0.3358333333333334,0.3283333333333333,1299.7126871632115,-5.909423165436545e-06,-69788.11904799555,1272.5820013362677
0.0038001738,600,KM,0.008,0.008,0.336,0.328,1299.7178507045485,-5.887348162442202e-06,-69522.28571508695,1272.6917166874955
0.0038001738,600,KM,0.0085,0.0085,0.33616666666666667,0.32766666666666666,1299.72334691502,-5.861682892553221e-06,-69213.21738851252,1272.8187463765096
0.0038001738,600,KM,0.009000000000000001,0.009000000000000001,0.3363333333333333,0.3273333333333333,1299.7291757162961,-5.836380347341745e-06,-68908.51709350642,1272.94438728275
0.0038001738,600,KM,0.0095,0.0095,0.3365,0.327,1299.7353370261994,-5.810036216947684e-06,-68591.27373969906,1273.0752815819296
0.0038001738,600,KM,0.01,0.01,0.33666666666666667,0.32666666666666666,1299.7418307586986,-5.780698973708606e-06,-68237.98648757082,1273.2206564992584
0.0038001738,600,KM,0.0105,0.0105,0.3368333333333333,0.3263333333333333,1299.748656823903,-5.7526427134385e-06,-67900.12518904843,1273.3602969020558
0.0038001738,600,KM,0.011,0.011,0.33699999999999997,0.326,1299.755815128056,-5.721651704539268e-06,-67526.9228303446,1273.5141366034586
0.0038001738,600,KM,0.0115,0.0115,0.33716666666666667,0.32566666666666666,1299.7633055735284,-5.689681504773225e-06,-67141.92878256399,1273.6729257281327
0.0038001738,600,KM,0.012,0.012,0.3373333333333333,0.3253333333333333,1299.771128058813,-5.658527757404467e-06,-66766.76668189508,1273.828174697586
0.0038001738,600,KM,0.0125,0.0125,0.33749999999999997,0.325,1299.7792824785183,-5.623668810836184e-06,-66346.98554074172,1274.001254952141
0.0038001738,600,KM,0.013000000000000001,0.013000000000000001,0.3376666666666666,0.32466666666666666,1299.7877687233638,-5.589676318380355e-06,-65937.63848127723,1274.170555789759
0.0038001738,600,KM,0.0135,0.0135,0.3378333333333334,0.3243333333333333,1299.7965866801724,-5.554845875866569e-06,-65518.20059388511,1274.3441317601544
0.0038001738,600,KM,0.014,0.014,0.338,0.324,1299.805736231868,-5.517202014124925e-06,-65064.882728746146,1274.531313547267
0.0038001738,600,KM,0.0145,0.0145,0.33816666666666667,0.32366666666666666,1299.8152172574657,-5.481219134600425e-06,-64631.566873971504,1274.7109602337705
0.0038001738,600,KM,0.015,0.015,0.3383333333333333,0.3233333333333333,1299.8250296320718,-5.4424892907237675e-06,-64165.17130956771,1274.903892985055
0.0038001738,600,KM,0.0155,0.0155,0.3385,0.323,1299.8351732268736,-5.4030554909297975e-06,-63690.29851198899,1275.1004584132763
0.0038001738,600,KM,0.016,0.016,0.33866666666666667,0.32266666666666666,1299.8456479091378,-5.364802978585059e-06,-63229.65110680695,1275.291753788724
0.0038001738,600,KM,0.0165,0.0165,0.3388333333333333,0.3223333333333333,1299.856453542205,-5.323172769408459e-06,-62728.32853584584,1275.4993027357846
0.0038001738,600,KM,0.017,0.017,0.33899999999999997,0.322,1299.867589985483,-5.282665846256607e-06,-62240.532887977126,1275.7018533366997
0.0038001738,600,KM,0.0175,0.0175,0.33916666666666667,0.32166666666666666,1299.879057094444,-5.2415510411801805e-06,-61745.4169567061,1275.9075774193188
0.0038001738,600,KM,0.018000000000000002,0.018000000000000002,0.3393333333333333,0.3213333333333333,1299.8908547206206,-5.19808276715594e-06,-61221.95989703505,1276.1247095363644
0.0038001738,600,KM,0.0185,0.0185,0.33949999999999997,0.321,1299.9029827115996,-5.156355854881804e-06,-60719.472800446165,1276.3339263931157
0.0038001738,600,KM,0.019,0.019,0.3396666666666666,0.32066666666666666,1299.9154409110179,-5.112427693045566e-06,-60190.47764368587,1276.5538280367186
0.0038001738,600,KM,0.0195,0.0195,0.3398333333333334,0.3203333333333333,1299.9282291585598,-5.068043557114712e-06,-59655.99151991088,1276.7761782878777
0.0038001738,600,KM,0.02,0.02,0.34,0.32,1299.9413472899519,-5.024789945914736e-06,-59135.11948974313,1276.9934952474393
0.0038001738,600,KM,0.0205,0.0205,0.3401666666666667,0.31966666666666665,1299.954795136959,-4.979021421783124e-06,-58583.96217776755,1277.2229669176036
0.0038001738,600,KM,0.021,0.021,0.3403333333333333,0.3193333333333333,1299.9685725273816,-4.934158159239066e-06,-58043.706277902136,1277.4484659981304
0.0038001738,600,KM,0.021500000000000002,0.021500000000000002,0.3405,0.319,1299.9826792850492,-4.888903593640323e-06,-57498.738197692655,1277.676104591239
0.0038001738,600,KM,0.022,0.022,0.3406666666666667,0.31866666666666665,1299.9971152298217,-4.842050042084602e-06,-56934.51468334683,1277.9115716365166
0.0038001738,600,KM,0.0225,0.0225,0.3408333333333333,0.3183333333333333,1300.0118801775805,-4.796561326552972e-06,-56386.72690444581,1278.1409005655057
0.0038001738,600,KM,0.023,0.023,0.34099999999999997,0.318,1300.0269739402302,-4.749652704098379e-06,-55821.840211001094,1278.3772106703057
0.0038001738,600,KM,0.0235,0.0235,0.3411666666666667,0.31766666666666665,1300.042396325692,-4.702510182253274e-06,-55254.136835965866,1278.6149128679367
0.0038001738,600,KM,0.024,0.024,0.3413333333333333,0.3173333333333333,1300.0581471379007,-4.656092516063843e-06,-54695.1623745745,1278.8494921471631
0.0038001738,600,KM,0.0245,0.0245,0.34149999999999997,0.317,1300.0742261768053,-4.608132526577368e-06,-54117.61482657558,1279.0916224972484
0.0038001738,600,KM,0.025,0.025,0.3416666666666666,0.31666666666666665,1300.090633238362,-4.560955153441644e-06,-53549.491762594276,1279.330357207055
0.0038001738,600,KM,0.025500000000000002,0.025500000000000002,0.3418333333333334,0.3163333333333333,1300.1073681145335,-4.513712483405074e-06,-52980.58237515086,1279.5696879226814
0.0038001738,600,KM,0.026000000000000002,0.026000000000000002,0.342,0.316,1300.1244305932885,-4.465611917173687e-06,-52401.34196284569,1279.8133430554149
0.0038001738,600,KM,0.0265,0.0265,0.3421666666666667,0.31566666666666665,1300.1418204585943,-4.418199637725216e-06,-51830.39009163593,1280.054046989326
0.0038001738,600,KM,0.027,0.027,0.3423333333333333,0.3153333333333333,1300.1595374904198,-4.370046748630399e-06,-51250.519592839875,1280.2985211795187
0.0038001738,600,KM,0.0275,0.0275,0.3425,0.315,1300.17758146473,-4.3219266996457225e-06,-50671.04456379457,1280.5431264817598
0.0038001738,600,KM,0.028,0.028,0.3426666666666667,0.31466666666666665,1300.1959521534857,-4.2741580507920696e-06,-50095.80119297547,1280.7863650130469
0.0038001738,600,KM,0.0285,0.0285,0.3428333333333333,0.3143333333333333,1300.2146493246407,-4.225893821493791e-06,-49514.58990444633,1281.0322183356484
0.0038001738,600,KM,0.029,0.029,0.34299999999999997,0.314,1300.233672742141,-4.178029052936802e-06,-48938.189033394825,1281.2764786333673
0.0038001738,600,KM,0.029500000000000002,0.029500000000000002,0.3431666666666667,0.31366666666666665,1300.2530221659217,-4.130128560053588e-06,-48361.35796005938,1281.5211912768175
0.0038001738,600,KM,0.03,0.03,0.3433333333333333,0.3133333333333333,1300.272697351909,-4.082103321974457e-06,-47783.02467033903,1281.7667739524497
0.0038001738,600,KM,0.0305,0.0305,0.34349999999999997,0.313,1300.2926980520137,-4.0341846421090405e-06,-47205.97458429969,1282.0121395771125
0.0038001738,600,KM,0.031,0.031,0.3436666666666666,0.31266666666666665,1300.3130240141354,-3.9863479086290355e-06,-46629.91131945168,1282.2574036055842
0.0038001738,600,KM,0.0315,0.0315,0.3438333333333334,0.31233333333333335,1300.3336749821567,-3.938682440969168e-06,-46055.91048529926,1282.5021465117718
0.0038001738,600,KM,0.032,0.032,0.34400000000000003,0.312,1300.3546506959462,-3.8909308582820436e-06,-45480.87263000962,1282.7475764765907
0.0038001738,600,KM,0.0325,0.0325,0.3441666666666667,0.3116666666666667,1300.375950891356,-3.8435734309571865e-06,-44910.581303346145,1282.9914389243804
0.0038001738,600,KM,0.033,0.033,0.3443333333333333,0.3113333333333333,1300.3975753002203,-3.7960980015410662e-06,-44338.868962641645,1283.236137616164
0.0038001738,600,KM,0.0335,0.0335,0.34450000000000003,0.311,1300.419523650357,-3.7487819812757276e-06,-43769.076271318816,1283.480370406849
0.0038001738,600,KM,0.034,0.034,0.3446666666666667,0.31066666666666665,1300.4417956655652,-3.7021296997503623e-06,-43207.276506722774,1283.721771805385
0.0038001738,600,KM,0.0345,0.0345,0.3448333333333333,0.31033333333333335,1300.4643910656268,-3.6549289831766446e-06,-42638.87233456109,1283.9660276250033
0.0038001738,600,KM,0.035,0.035,0.345,0.31,1300.4873095663054,-3.6083538536049813e-06,-42078.001655274726,1284.2076314551837
0.0038001738,600,KM,0.035500000000000004,0.035500000000000004,0.3451666666666667,0.3096666666666667,1300.5105508793467,-3.5618891034723506e-06,-41518.46019592868,1284.4489996697314
0.0038001738,600,KM,0.036000000000000004,0.036000000000000004,0.3453333333333333,0.3093333333333333,1300.534114712479,-3.5149616475566105e-06,-40953.34670470063,1284.6928180799762
0.0038001738,600,KM,0.0365,0.0365,0.3455,0.309,1300.5580007694123,-3.4694110156028207e-06,-40404.81331100312,1284.9304650658444
0.0038001738,600,KM,0.037,0.037,0.3456666666666666,0.3086666666666667,1300.5822087498404,-3.4233663549689085e-06,-39850.33068637582,1285.1707089061117
0.0038001738,600,KM,0.0375,0.0375,0.3458333333333334,0.30833333333333335,1300.6067383494415,-3.3775344887120333e-06,-39298.410590890024,1285.4102369473655
0.0038001738,600,KM,0.038,0.038,0.34600000000000003,0.308,1300.6315892598773,-3.3328960518090554e-06,-38760.86210399786,1285.6444566351445
0.0038001738,600,KM,0.0385,0.0385,0.3461666666666667,0.3076666666666667,1300.6567611687947,-3.287028871759325e-06,-38208.51674998527,1285.8847124155857
0.0038001738,600,KM,0.039,0.039,0.3463333333333333,0.30733333333333335,1300.682253759829,-3.2423030643246596e-06,-37669.91612282193,1286.119904644558
0.0038001738,600,KM,0.0395,0.0395,0.34650000000000003,0.307,1300.7080667126017,-3.1979376749653215e-06,-37135.655750481164,1286.3536912765294
0.0038001738,600,KM,0.04,0.04,0.3466666666666667,0.3066666666666667,1300.7341997027238,-3.152846671459412e-06,-36592.65733053796,1286.5911553192598
0.0038001738,600,KM,0.0405,0.0405,0.3468333333333333,0.30633333333333335,1300.760652401797,-3.1098922231597063e-06,-36075.38790331806,1286.8189021511264
0.0038001738,600,KM,0.041,0.041,0.347,0.306,1300.7874244774148,-3.065931870492123e-06,-35546.005095603105,1287.0516378852026
0.0038001738,600,KM,0.0415,0.0415,0.3471666666666667,0.3056666666666667,1300.8145155931652,-3.0218800911995996e-06,-35015.521303012574,1287.285082130166
0.0038001738,600,KM,0.042,0.042,0.3473333333333333,0.30533333333333335,1300.8419254086311,-2.9791728905406975e-06,-34501.22930073009,1287.5125186187918
0.0038001738,600,KM,0.0425,0.0425,0.3475,0.305,1300.8696535793954,-2.9345673638987275e-06,-33964.07712836492,1287.749113172054
0.0038001738,600,KM,0.043000000000000003,0.043000000000000003,0.3476666666666666,0.3046666666666667,1300.8976997570394,-2.8914976251505236e-06,-33445.41934146124,1287.978806460609
0.0038001738,600,KM,0.043500000000000004,0.043500000000000004,0.3478333333333334,0.30433333333333334,1300.9260635891462,-2.8487209452819963e-06,-32930.290651189745,1288.2074104251851
0.0038001738,600,KM,0.044,0.044,0.34800000000000003,0.304,1300.9547447193067,-2.804738811138826e-06,-32400.645544880637,1288.4419281685907
0.0038001738,600,KM,0.0445,0.0445,0.3481666666666667,0.3036666666666667,1300.9837427871164,-2.7633601695349224e-06,-31902.352420679686,1288.6645593697742
0.0038001738,600,KM,0.045,0.045,0.34833333333333333,0.30333333333333334,1301.0130574281825,-2.7207339805219333e-06,-31389.03598319521,1288.8933003221919
0.0038001738,600,KM,0.0455,0.0455,0.34850000000000003,0.303,1301.042688274125,-2.678286640121556e-06,-30877.873290504736,1289.1214851289453
0.0038001738,600,KM,0.046,0.046,0.3486666666666667,0.3026666666666667,1301.0726349525814,-2.6377399353539817e-06,-30389.598581342158,1289.3410731226672
0.0038001738,600,KM,0.0465,0.0465,0.34883333333333333,0.30233333333333334,1301.1028970872078,-2.5950711134053337e-06,-29875.768746175207,1289.5708511216242
0.0038001738,600,KM,0.047,0.047,0.349,0.302,1301.1334742976815,-2.5544714425902933e-06,-29386.856205120494,1289.791247346963
0.0038001738,600,KM,0.0475,0.0475,0.3491666666666667,0.3016666666666667,1301.1643661997089,-2.5141194931237397e-06,-28900.926793523016,1290.0107678133415
0.0038001738,600,KM,0.048,0.048,0.34933333333333333,0.30133333333333334,1301.1955724050238,-2.472206272523017e-06,-28396.196120187247,1290.237854632335
0.0038001738,600,KM,0.0485,0.0485,0.3495,0.301,1301.2270925213963,-2.433303965844558e-06,-27927.723710701364,1290.4511701730466
0.0038001738,600,KM,0.049,0.049,0.3496666666666666,0.3006666666666667,1301.2589261526316,-2.392771132980241e-06,-27439.616050860495,1290.672373935787
0.0038001738,600,KM,0.0495,0.0495,0.3498333333333334,0.30033333333333334,1301.2910728985778,-2.3523845228533917e-06,-26953.269245940362,1290.8931741858391
0.0038001738,600,KM,0.05,0.05,0.35000000000000003,0.3,1301.3235323551282,-2.314197375987195e-06,-26493.40899005215,1291.1039953741822
0.0038001738,600,KM,0.0505,0.0505,0.3501666666666667,0.2996666666666667,1301.356304114227,-2.273621224529465e-06,-26004.77967564721,1291.3262370842594
0.0038001738,600,KM,0.051000000000000004,0.051000000000000004,0.35033333333333333,0.29933333333333334,1301.389387763872,-2.235466160326704e-06,-25545.30576812559,1291.5374686072023
0.0038001738,600,KM,0.051500000000000004,0.051500000000000004,0.35050000000000003,0.299,1301.4227828881208,-2.197456804813099e-06,-25087.586525211824,1291.7483010614137
0.0038001738,600,KM,0.052000000000000005,0.052000000000000005,0.3506666666666667,0.2986666666666667,1301.456489067095,-2.1575237393094524e-06,-24606.701430935165,1291.968378678021
0.0038001738,600,KM,0.0525,0.0525,0.35083333333333333,0.29833333333333334,1301.490505876984,-2.120998880947591e-06,-24166.85891608536,1292.1728514296537
0.0038001738,600,KM,0.053,0.053,0.351,0.298,1301.5248328900532,-2.08257264425364e-06,-23704.119473916056,1292.3864635454693
0.0038001738,600,KM,0.0535,0.0535,0.3511666666666667,0.2976666666666667,1301.5594696746448,-2.0442544168648544e-06,-23242.680709875058,1292.599850065699
0.0038001738,600,KM,0.054,0.054,0.35133333333333333,0.29733333333333334,1301.5944157951867,-2.0083498999674363e-06,-22810.308519676022,1292.802272085541
0.0038001738,600,KM,0.0545,0.0545,0.3515,0.297,1301.629670812197,-1.9696057407592484e-06,-22343.740566063803,1293.0181976185038
0.0038001738,600,KM,0.055,0.055,0.3516666666666666,0.2966666666666667,1301.6652342822874,-1.9334392229169913e-06,-21908.213287532068,1293.2223972896657
0.0038001738,600,KM,0.0555,0.0555,0.3518333333333334,0.29633333333333334,1301.7011057581726,-1.8974834589563713e-06,-21475.22396592806,1293.4258945784723
0.0038001738,600,KM,0.056,0.056,0.35200000000000004,0.296,1301.7372847886745,-1.8595082891411776e-06,-21017.916396713685,1293.6390695291625
0.0038001738,600,KM,0.0565,0.0565,0.3521666666666667,0.2956666666666667,1301.7737709187256,-1.8252561000612398e-06,-20605.44199818837,1293.835193776151
0.0038001738,600,KM,0.057,0.057,0.35233333333333333,0.29533333333333334,1301.8105636893808,-1.7889376473857297e-06,-20168.085078087912,1294.0412121162044
0.0038001738,600,KM,0.0575,0.0575,0.35250000000000004,0.295,1301.8476626378192,-1.7527898045759594e-06,-19732.7826894975,1294.2467129670663
0.0038001738,600,KM,0.058,0.058,0.3526666666666667,0.2946666666666667,1301.8850672973513,-1.7193501915962289e-06,-19330.093558635155,1294.4398923446363
0.0038001738,600,KM,0.0585,0.0585,0.35283333333333333,0.29433333333333334,1301.9227771974274,-1.6829260153250574e-06,-18891.46348555667,1294.6472316040017
0.0038001738,600,KM,0.059000000000000004,0.059000000000000004,0.353,0.294,1301.9607918636423,-1.6493133221708002e-06,-18486.690075037986,1294.8417715980454
0.0038001738,600,KM,0.059500000000000004,0.059500000000000004,0.3531666666666667,0.2936666666666667,1301.9991108177428,-1.6159356360665244e-06,-18084.746684853584,1295.0354967665323
0.0038001738,600,KM,0.06,0.06,0.35333333333333333,0.29333333333333333,1302.0377335776361,-1.5805033544787903e-06,-17658.061283749106,1295.239050668346
