signed_distance,MLIP_full_EPC_LR_original_cm-1,MLIP_full_EPC_LR_reanchored_cm-1,DFPT_N_infinity_local_cusp_cm-1,K_aligned_model_minus_DFPT_cm-1
-0.003,1284.114608027748,1286.136441054065,1286.2504607368433,-0.11401968277823471
-0.0029950000000000003,1284.1114255716705,1286.1332585979874,1286.2470513106591,-0.11379271267173863
-0.00299,1284.1082424869323,1286.1300755132493,1286.2436418844748,-0.11356637122548818
-0.0029850000000000002,1284.105058773713,1286.1268918000299,1286.2402324582906,-0.11334065826076767
-0.00298,1284.1018744321914,1286.1237074585083,1286.2368230321065,-0.11311557359817925
-0.002975,1284.0986894625473,1286.1205224888643,1286.2334136059221,-0.11289111705787036
-0.00297,1284.0955038649602,1286.117336891277,1286.230004179738,-0.11266728846089791
-0.002965,1284.092317639609,1286.114150665926,1286.2265947535539,-0.11244408762786406
-0.00296,1284.0891307866734,1286.1109638129903,1286.2231853273695,-0.11222151437914363
-0.002955,1284.0859433063329,1286.1077763326498,1286.2197759011854,-0.11199956853556614
-0.00295,1284.082755198766,1286.104588225083,1286.2163664750012,-0.11177824991818852
-0.002945,1284.0795664641535,1286.1013994904704,1286.2129570488169,-0.11155755834647607
-0.00294,1284.0763771026732,1286.09821012899,1286.2095476226327,-0.11133749364262258
-0.002935,1284.0731871145056,1286.0950201408225,1286.2061381964486,-0.11111805562609334
-0.00293,1284.0699964998298,1286.0918295261467,1286.2027287702642,-0.11089924411749053
-0.002925,1284.0668052588248,1286.0886382851418,1286.19931934408,-0.1106810589383258
-0.00292,1284.0636133916705,1286.0854464179874,1286.195909917896,-0.11046349990851922
-0.002915,1284.0604208985458,1286.0822539248627,1286.1925004917116,-0.11024656684890033
-0.0029100000000000003,1284.0572277796302,1286.0790608059472,1286.1890910655275,-0.11003025958029866
-0.002905,1284.0540340351033,1286.0758670614202,1286.1856816393433,-0.10981457792308902
-0.0029000000000000002,1284.0508396651442,1286.072672691461,1286.182272213159,-0.10959952169787357
-0.002895,1284.0476446699322,1286.0694776962491,1286.1788627869748,-0.10938509072570923
-0.00289,1284.044449049647,1286.066282075964,1286.1754533607907,-0.10917128482674343
-0.002885,1284.0412528044678,1286.0630858307848,1286.1720439346063,-0.10895810382157833
-0.00288,1284.0380559345738,1286.0598889608907,1286.1686345084222,-0.10874554753149823
-0.002875,1284.0348584401443,1286.0566914664612,1286.165225082238,-0.10853361577687792
-0.00287,1284.0316603213591,1286.053493347676,1286.1618156560537,-0.10832230837763746
-0.002865,1284.0284615783971,1286.050294604714,1286.1584062298696,-0.10811162515551587
-0.00286,1284.0252622114383,1286.0470952377552,1286.1549968036854,-0.10790156593020583
-0.002855,1284.0220622206614,1286.0438952469783,1286.151587377501,-0.10769213052276427
-0.00285,1284.018861606246,1286.040694632563,1286.148177951317,-0.10748331875402073
-0.002845,1284.0156603683715,1286.0374933946885,1286.1447685251328,-0.10727513044435
-0.00284,1284.0124585072174,1286.0342915335343,1286.1413590989484,-0.10706756541412688
-0.002835,1284.0092560229627,1286.0310890492797,1286.1379496727643,-0.10686062348463565
-0.00283,1284.0060529157872,1286.0278859421041,1286.1345402465802,-0.10665430447602375
-0.0028250000000000003,1284.0028491858698,1286.0246822121867,1286.1311308203958,-0.10644860820912072
-0.00282,1283.9996448333904,1286.0214778597074,1286.1277213942117,-0.10624353450430135
-0.0028150000000000002,1283.996439858528,1286.018272884845,1286.1243119680275,-0.10603908318262256
-0.00281,1283.9932342614618,1286.0150672877787,1286.1209025418432,-0.10583525406445915
-0.002805,1283.9900280423715,1286.0118610686884,1286.117493115659,-0.10563204697064066
-0.0028,1283.9868212014364,1286.0086542277534,1286.114083689475,-0.10542946172154188
-0.002795,1283.9836137388359,1286.0054467651528,1286.1106742632905,-0.105227498137765
-0.00279,1283.9804056547491,1286.002238681066,1286.1072648371064,-0.10502615604036691
-0.002785,1283.9771969493556,1285.9990299756726,1286.1038554109223,-0.10482543524972243
-0.00278,1283.973987622835,1285.995820649152,1286.100445984738,-0.10462533558597897
-0.002775,1283.970777675366,1285.992610701683,1286.0970365585538,-0.10442585687087558
-0.00277,1283.9675671071286,1285.9894001334455,1286.0936271323696,-0.10422699892410492
-0.002765,1283.9643559183019,1285.9861889446188,1286.0902177061853,-0.10402876156649654
-0.00276,1283.961144109065,1285.9829771353818,1286.0868082800012,-0.10383114461933474
-0.002755,1283.9579316795978,1285.9797647059147,1286.083398853817,-0.10363414790231218
-0.00275,1283.9547186300792,1285.9765516563962,1286.0799894276327,-0.10343777123648579
-0.002745,1283.951504960689,1285.9733379870058,1286.0765800014485,-0.1032420144426851
-0.0027400000000000002,1283.9482906716062,1285.970123697923,1286.0731705752644,-0.10304687734128493
-0.002735,1283.9450757630104,1285.9669087893274,1286.06976114908,-0.10285235975266005
-0.0027300000000000002,1283.9418602350806,1285.9636932613976,1286.066351722896,-0.10265846149832214
-0.002725,1283.9386440879966,1285.9604771143136,1286.0629422967118,-0.10246518239819125
-0.00272,1283.9354273219376,1285.9572603482545,1286.0595328705274,-0.10227252227286954
-0.002715,1283.9322099370831,1285.9540429634,1286.0561234443433,-0.10208048094318656
-0.00271,1283.928991933612,1285.950824959929,1286.0527140181591,-0.10188905823019923
-0.002705,1283.9257733117042,1285.9476063380212,1286.0493045919748,-0.10169825395360022
-0.0027,1283.9225540715386,1285.9443870978555,1286.0458951657906,-0.10150806793512857
-0.002695,1283.919334213295,1285.941167239612,1286.0424857396065,-0.10131849999447695
-0.00269,1283.9161137371527,1285.9379467634697,1286.0390763134221,-0.10112954995247492
-0.002685,1283.912892643291,1285.9347256696078,1286.035666887238,-0.10094121763017938
-0.00268,1283.909670931889,1285.931503958206,1286.0322574610539,-0.10075350284796514
-0.002675,1283.9064486031261,1285.928281629443,1286.0288480348695,-0.10056640542643436
-0.00267,1283.903225657182,1285.925058683499,1286.0254386086854,-0.10037992518641659
-0.002665,1283.9000020942358,1285.9218351205527,1286.0220291825012,-0.10019406194851399
-0.00266,1283.8967779144673,1285.9186109407842,1286.0186197563169,-0.10000881553264662
-0.0026550000000000002,1283.893553118055,1285.915386144372,1286.0152103301327,-0.09982418576078089
-0.00265,1283.890327705179,1285.912160731496,1286.0118009039486,-0.09964017245260948
-0.002645,1283.8871016760186,1285.9089347023355,1286.0083914777642,-0.09945677542873455
-0.00264,1283.8838750307527,1285.9057080570697,1286.00498205158,-0.09927399451044039
-0.002635,1283.8806477695614,1285.9024807958783,1286.001572625396,-0.09909182951764706
-0.00263,1283.8774198926235,1285.8992529189404,1285.9981631992116,-0.09891028027118409
-0.002625,1283.8741914001184,1285.8960244264354,1285.9947537730275,-0.09872934659210841
-0.00262,1283.8709622922254,1285.8927953185423,1285.9913443468433,-0.09854902830102219
-0.002615,1283.8677325691244,1285.8895655954414,1285.987934920659,-0.0983693252176181
-0.00261,1283.8645022309943,1285.8863352573112,1285.9845254944748,-0.09819023716363517
-0.002605,1283.8612712780146,1285.8831043043315,1285.9811160682907,-0.09801176395922084
-0.0026,1283.8580397103644,1285.8798727366814,1285.9777066421063,-0.09783390542497727
-0.002595,1283.8548075282233,1285.8766405545402,1285.9742972159222,-0.09765666138196138
-0.00259,1283.8515747317708,1285.8734077580878,1285.970887789738,-0.0974800316503206
-0.002585,1283.8483413211861,1285.870174347503,1285.9674783635537,-0.09730401605065708
-0.00258,1283.8451072966486,1285.8669403229655,1285.9640689373696,-0.09712861440402776
-0.002575,1283.8418726583377,1285.8637056846546,1285.9606595111854,-0.09695382653080742
-0.0025700000000000002,1283.8386374064328,1285.8604704327497,1285.957250085001,-0.09677965225137086
-0.002565,1283.835401541113,1285.85723456743,1285.953840658817,-0.09660609138700238
-0.00256,1283.8321650625578,1285.8539980888747,1285.9504312326328,-0.09643314375807677
-0.002555,1283.8289279709466,1285.8507609972635,1285.9470218064484,-0.09626080918496882
-0.00255,1283.8256902664589,1285.8475232927758,1285.9436123802643,-0.09608908748850808
-0.002545,1283.822451949274,1285.8442849755909,1285.9402029540802,-0.09591797848929673
-0.00254,1283.819213019571,1285.8410460458879,1285.9367935278958,-0.09574748200793692
-0.002535,1283.8159734775295,1285.8378065038464,1285.9333841017117,-0.09557759786525821
-0.00253,1283.812733323329,1285.834566349646,1285.9299746755275,-0.09540832588163539
-0.002525,1283.8094925571486,1285.8313255834655,1285.9265652493432,-0.09523966587767063
-0.00252,1283.8062511791677,1285.8280842054846,1285.923155823159,-0.09507161767442085
-0.002515,1283.8030091895657,1285.8248422158827,1285.919746396975,-0.09490418109226084
-0.00251,1283.799766588522,1285.821599614839,1285.9163369707906,-0.0947373559515654
-0.0025050000000000003,1283.796523376216,1285.818356402533,1285.9129275446064,-0.09457114207339146
-0.0025,1283.793279552827,1285.815112579144,1285.9095181184223,-0.09440553927834117
-0.002495,1283.7900346576753,1285.8118676839922,1285.906108692238,-0.09424100824571724
-0.00249,1283.7867882482178,1285.8086212745347,1285.9026992660538,-0.09407799151904328
-0.0024850000000000002,1283.7835403518413,1285.8053733781583,1285.8992898398697,-0.09391646171138746
-0.00248,1283.7802909959298,1285.8021240222467,1285.8958804136853,-0.09375639143854642
-0.0024749999999999998,1283.7770402078702,1285.798873234187,1285.8924709875012,-0.09359775331404308
-0.00247,1283.773788015047,1285.795621041364,1285.889061561317,-0.09344051995299196
-0.002465,1283.7705344448466,1285.7923674711635,1285.8856521351327,-0.09328466396914337
-0.00246,1283.767279524654,1285.789112550971,1285.8822427089485,-0.09313015797761182
-0.002455,1283.7640232818542,1285.785856308171,1285.8788332827644,-0.09297697459328447
-0.00245,1283.7607657438339,1285.7825987701508,1285.87542385658,-0.09282508642922949
-0.002445,1283.7575069379775,1285.7793399642944,1285.872014430396,-0.0926744661014709
-0.00244,1283.7542468916715,1285.7760799179885,1285.8686050042118,-0.09252508622330424
-0.002435,1283.7509856323009,1285.7728186586178,1285.8651955780274,-0.09237691940961668
-0.00243,1283.7477231872513,1285.7695562135682,1285.8617861518433,-0.09222993827506798
-0.002425,1283.744459583908,1285.766292610225,1285.8583767256591,-0.09208411543409056
-0.0024200000000000003,1283.741194849657,1285.7630278759739,1285.8549672994748,-0.09193942350088946
-0.002415,1283.7379290118836,1285.7597620382005,1285.8515578732906,-0.09179583509012446
-0.00241,1283.7346620979731,1285.75649512429,1285.8481484471065,-0.09165332281645533
-0.002405,1283.7313941353113,1285.7532271616283,1285.8447390209221,-0.09151185929385974
-0.0024000000000000002,1283.7281251512834,1285.7499581776003,1285.841329594738,-0.0913714171376796
-0.002395,1283.7248551732755,1285.7466881995924,1285.8379201685539,-0.09123196896143781
-0.0023899999999999998,1283.7215842286726,1285.7434172549895,1285.8345107423695,-0.09109348738002154
-0.002385,1283.7183123448606,1285.7401453711775,1285.8311013161854,-0.09095594500786319
-0.00238,1283.7150395492247,1285.7368725755416,1285.8276918900012,-0.09081931445962255
-0.002375,1283.7117658691502,1285.7335988954671,1285.8242824638169,-0.09068356834973201
-0.00237,1283.7084913320234,1285.7303243583403,1285.8208730376327,-0.09054867929239663
-0.002365,1283.7052159652292,1285.727048991546,1285.8174636114486,-0.09041461990250355
-0.00236,1283.7019397961535,1285.7237728224704,1285.8140541852642,-0.09028136279380305
-0.002355,1283.6986628521813,1285.7204958784982,1285.81064475908,-0.09014888058186443
-0.00235,1283.6953851606988,1285.7172181870158,1285.807235332896,-0.09001714588021059
-0.002345,1283.6921067490912,1285.713939775408,1285.8038259067116,-0.08988613130350132
-0.00234,1283.6888276447437,1285.7106606710606,1285.8004164805275,-0.08975580946685113
-0.0023350000000000003,1283.6855478750424,1285.7073809013593,1285.7970070543433,-0.08962615298401033
-0.00233,1283.6822674673724,1285.7041004936893,1285.793597628159,-0.0894971344696387
-0.002325,1283.6789864491195,1285.7008194754364,1285.7901882019748,-0.089368726538396
-0.00232,1283.6757048476688,1285.6975378739858,1285.7867787757907,-0.08924090180494204
-0.0023150000000000002,1283.6724226904064,1285.6942557167233,1285.7833693496063,-0.0891136328830271
-0.00231,1283.6691400047175,1285.6909730310344,1285.7799599234222,-0.08898689238776569
-0.0023049999999999998,1283.6658568179876,1285.6876898443045,1285.776550497238,-0.08886065293359025
-0.0023,1283.6625731576023,1285.6844061839192,1285.7731410710537,-0.08873488713447841
-0.002295,1283.659289050947,1285.681122077264,1285.7697316448696,-0.08860956760554473
-0.00229,1283.6560045254075,1285.6778375517245,1285.7663222186854,-0.08848466696099422
-0.002285,1283.652719608369,1285.6745526346858,1285.762912792501,-0.0883601578152593
-0.00228,1283.6494343272175,1285.6712673535344,1285.759503366317,-0.088236012782545
-0.002275,1283.6461487093381,1285.667981735655,1285.7560939401328,-0.08811220447773849
-0.00227,1283.642862782116,1285.664695808433,1285.7526845139485,-0.08798870551549953
-0.002265,1283.6395765729376,1285.6614095992545,1285.7492750877643,-0.0878654885098058
-0.00226,1283.6362901091877,1285.6581231355046,1285.7458656615802,-0.08774252607554445
-0.002255,1283.6330034182522,1285.6548364445691,1285.7424562353958,-0.08761979082669313
-0.0022500000000000003,1283.6297165275164,1285.6515495538333,1285.7390468092117,-0.08749725537836639
-0.002245,1283.626429464366,1285.648262490683,1285.7356373830276,-0.08737489234454188
-0.00224,1283.6231422561868,1285.6449752825038,1285.7322279568432,-0.08725267433942463
-0.002235,1283.6198549303635,1285.6416879566805,1285.728818530659,-0.08713057397858393
-0.00223,1283.6165675142822,1285.6384005405992,1285.725409104475,-0.08700856387577005
-0.002225,1283.6132800353284,1285.6351130616454,1285.7219996782906,-0.08688661664518804
-0.0022199999999999998,1283.6099925208875,1285.6318255472045,1285.7185902521064,-0.08676470490195243
-0.002215,1283.606704998345,1285.628538024662,1285.7151808259223,-0.08664280126026824
-0.00221,1283.603417495087,1285.6252505214038,1285.711771399738,-0.08652087833411315
-0.002205,1283.600130038498,1285.621963064815,1285.7083619735538,-0.08639890873882905
-0.0022,1283.596842655964,1285.618675682281,1285.7049525473697,-0.08627686508862098
-0.002195,1283.593555374871,1285.6153884011878,1285.7015431211853,-0.0861547199974666
-0.00219,1283.5902682226035,1285.6121012489205,1285.6981336950012,-0.08603244608070781
-0.002185,1283.586981226548,1285.608814252865,1285.694724268817,-0.08591001595209491
-0.00218,1283.5836944140895,1285.6055274404064,1285.6913148426327,-0.08578740222628767
-0.002175,1283.5804078126137,1285.6022408389306,1285.6879054164485,-0.08566457751794587
-0.00217,1283.577121449506,1285.598954475823,1285.6844959902644,-0.08554151444150193
-0.0021650000000000003,1283.5738353521522,1285.595668378469,1285.68108656408,-0.0854181856109335
-0.00216,1283.5705495479374,1285.5923825742543,1285.677677137896,-0.0852945636415825
-0.002155,1283.5672640642472,1285.589097090564,1285.6742677117118,-0.08517062114765395
-0.00215,1283.5639789284676,1285.5858119547845,1285.6708582855274,-0.08504633074289814
-0.002145,1283.5606941679835,1285.5825271943004,1285.6674488593433,-0.08492166504288434
-0.00214,1283.557409810181,1285.579242836498,1285.6640394331591,-0.08479659666113548
-0.0021349999999999997,1283.554125882445,1285.575958908762,1285.6606300069748,-0.08467109821276608
-0.00213,1283.5508424121617,1285.5726754384787,1285.6572205807906,-0.08454514231198118
-0.002125,1283.5475594267164,1285.5693924530333,1285.6538111546065,-0.08441870157321318
-0.00212,1283.544276953494,1285.566109979811,1285.6504017284221,-0.08429174861112188
-0.002115,1283.5409950198807,1285.5628280461976,1285.646992302238,-0.08416425604036704
-0.00211,1283.5377136532618,1285.5595466795787,1285.6435828760539,-0.0840361964751537
-0.002105,1283.5344328810231,1285.55626590734,1285.6401734498695,-0.08390754252945953
-0.0021,1283.5311527305496,1285.5529857568665,1285.6367640236854,-0.08377826681885381
-0.002095,1283.5278732292272,1285.5497062555442,1285.6333545975012,-0.08364834195708681
-0.00209,1283.5245944044416,1285.5464274307585,1285.6299451713169,-0.08351774055836358
-0.002085,1283.5213162835778,1285.5431493098947,1285.6265357451327,-0.08338643523802602
-0.0020800000000000003,1283.5180388940216,1285.5398719203386,1285.6231263189486,-0.0832543986100518
-0.002075,1283.5147622631584,1285.5365952894754,1285.6197168927642,-0.0831216032888733
-0.00207,1283.511486418374,1285.533319444691,1285.61630746658,-0.08298802188915033
-0.002065,1283.5082113870535,1285.5300444133704,1285.612898040396,-0.08285362702554266
-0.00206,1283.504937196583,1285.5267702228998,1285.6094886142116,-0.08271839131180059
-0.002055,1283.5016638743477,1285.5234969006647,1285.6060791880275,-0.08258228736281126
-0.0020499999999999997,1283.4983914477327,1285.5202244740497,1285.6026697618433,-0.0824452877936892
-0.002045,1283.4951199441246,1285.5169529704415,1285.599260335659,-0.08230736521750259
-0.00204,1283.4918493909074,1285.5136824172243,1285.5958509094748,-0.08216849225050282
-0.002035,1283.4885798154683,1285.5104128417852,1285.5924414832907,-0.08202864150553069
-0.00203,1283.4853112451913,1285.5071442715082,1285.5890320571064,-0.08188778559815546
-0.002025,1283.4820437074632,1285.50387673378,1285.5856226309222,-0.08174589714212743
-0.00202,1283.4787772296688,1285.5006102559857,1285.582213204738,-0.08160294875233376
-0.0020150000000000003,1283.4755118391936,1285.4973448655105,1285.5788037785537,-0.08145891304320685
-0.00201,1283.4722475634235,1285.4940805897404,1285.5753943523696,-0.08131376262917911
-0.002005,1283.4689844297436,1285.4908174560605,1285.5719849261855,-0.08116747012491032
-0.002,1283.4657224655398,1285.4875554918567,1285.568575500001,-0.08102000814437815
-0.0019950000000000002,1283.4624616166984,1285.4842946430153,1285.565166073817,-0.08087143080160786
-0.00199,1283.4592017954662,1285.4810348217832,1285.5617566476328,-0.08072182584965049
-0.001985,1283.4559429787698,1285.4777760050868,1285.5583472214485,-0.0805712163617045
-0.00198,1283.4526851435355,1285.4745181698524,1285.5549377952643,-0.08041962541187786
-0.001975,1283.4494282666892,1285.4712612930061,1285.5515283690802,-0.08026707607405115
-0.00197,1283.4461723251572,1285.4680053514742,1285.5481189428958,-0.0801135914216502
-0.0019649999999999997,1283.4429172958662,1285.4647503221831,1285.5447095167117,-0.0799591945285556
-0.00196,1283.4396631557422,1285.4614961820591,1285.5413000905276,-0.07980390846842056
-0.001955,1283.4364098817114,1285.4582429080283,1285.5378906643432,-0.07964775631489829
-0.00195,1283.4331574507003,1285.4549904770172,1285.534481238159,-0.07949076114186937
-0.001945,1283.4299058396346,1285.4517388659515,1285.531071811975,-0.07933294602344176
-0.0019399999999999999,1283.4266550254415,1285.4484880517584,1285.5276623857906,-0.07917433403213181
-0.0019349999999999999,1283.4234049850463,1285.4452380113632,1285.5242529596064,-0.07901494824318434
-0.00193,1283.420155695376,1285.441988721693,1285.5208435334223,-0.07885481172934306
-0.001925,1283.4169071333567,1285.4387401596737,1285.517434107238,-0.07869394756426118
-0.00192,1283.4136592759144,1285.4354923022313,1285.5140246810538,-0.07853237882250141
-0.001915,1283.4104120999755,1285.4322451262924,1285.5106152548697,-0.07837012857726222
-0.00191,1283.4071655824664,1285.4289986087833,1285.5072058286853,-0.07820721990196944
-0.001905,1283.4039197003133,1285.4257527266302,1285.5037964025012,-0.0780436758709584
-0.0019,1283.4006744304422,1285.4225074567591,1285.500386976317,-0.0778795195578823
-0.001895,1283.3974297497803,1285.4192627760972,1285.4969775501327,-0.07771477403548488
-0.00189,1283.3941856352524,1285.4160186615693,1285.4935681239485,-0.07754946237923832
-0.001885,1283.3909420637858,1285.4127750901027,1285.4901586977644,-0.07738360766165897
-0.00188,1283.387699012307,1285.4095320386239,1285.48674927158,-0.07721723295617267
-0.001875,1283.3844564577414,1285.4062894840583,1285.483339845396,-0.07705036133756948
-0.00187,1283.3812143770158,1285.4030474033327,1285.4799304192118,-0.07688301587904789
-0.001865,1283.3779727470562,1285.3998057733731,1285.4765209930274,-0.07671521965426109
-0.0018599999999999999,1283.3747315447893,1285.3965645711062,1285.4731115668433,-0.07654699573708967
-0.0018549999999999999,1283.3714907471408,1285.3933237734577,1285.4697021406591,-0.07637836720141422
-0.0018499999999999999,1283.3682503310374,1285.3900833573543,1285.4662927144748,-0.0762093571204332
-0.001845,1283.3650102734055,1285.3868432997224,1285.4628832882906,-0.07603998856825456
-0.00184,1283.3617705511706,1285.3836035774875,1285.4594738621065,-0.07587028461898626
-0.001835,1283.3585311412596,1285.3803641675765,1285.4560644359221,-0.0757002683455994
-0.00183,1283.3552920205989,1285.3771250469158,1285.452655009738,-0.07552996282220192
-0.001825,1283.3520531661143,1285.3738861924312,1285.4492455835539,-0.07535939112267442
-0.00182,1283.3488145547321,1285.370647581049,1285.4458361573695,-0.07518857632044273
-0.001815,1283.3455761633795,1285.3674091896964,1285.4424267311854,-0.07501754148893269
-0.00181,1283.3423379689812,1285.364170995298,1285.4390173050012,-0.07484630970316175
-0.001805,1283.3390999484645,1285.3609329747815,1285.4356078788169,-0.07467490403541888
-0.0018,1283.335862078756,1285.357695105073,1285.4321984526327,-0.07450334755981203
-0.001795,1283.332624336781,1285.354457363098,1285.4287890264486,-0.07433166335067654
-0.00179,1283.329386699466,1285.351219725783,1285.4253796002643,-0.07415987448121086
-0.001785,1283.3261491437381,1285.347982170055,1285.4219701740801,-0.07398800402506822
-0.00178,1283.3229116465225,1285.3447446728394,1285.418560747896,-0.07381607505658394
-0.0017749999999999999,1283.319674184746,1285.341507211063,1285.4151513217116,-0.07364411064872911
-0.0017699999999999999,1283.3164367353352,1285.338269761652,1285.4117418955275,-0.07347213387538432
-0.0017649999999999999,1283.3131992752153,1285.3350323015322,1285.4083324693433,-0.07330016781111226
-0.00176,1283.3099617813136,1285.3317948076306,1285.404923043159,-0.07312823552842929
-0.001755,1283.3067242305563,1285.3285572568732,1285.4015136169749,-0.07295636010167073
-0.00175,1283.3034865998686,1285.3253196261855,1285.3981041907907,-0.07278456460517191
-0.001745,1283.3002488661782,1285.3220818924951,1285.3946947646064,-0.0726128721112218
-0.00174,1283.2970110064105,1285.3188440327274,1285.3912853384222,-0.07244130569483787
-0.001735,1283.2937729974922,1285.315606023809,1285.387875912238,-0.07226988842899118
-0.00173,1283.2905348163488,1285.3123678426657,1285.3844664860537,-0.07209864338801708
-0.001725,1283.2872964399075,1285.3091294662245,1285.3810570598696,-0.07192759364511403
-0.00172,1283.2840578450944,1285.3058908714113,1285.3776476336855,-0.07175676227416261
-0.001715,1283.2808190088354,1285.3026520351523,1285.374238207501,-0.07158617234881604
-0.00171,1283.2775799080569,1285.2994129343738,1285.370828781317,-0.07141584694318226
-0.001705,1283.2743405196854,1285.2961735460024,1285.3674193551328,-0.07124580913045975
-0.0017,1283.2711008206468,1285.2929338469637,1285.3640099289485,-0.07107608198475646
-0.001695,1283.2678607878674,1285.2896938141844,1285.3606005027643,-0.07090668857995297
-0.0016899999999999999,1283.264620398274,1285.286453424591,1285.3571910765802,-0.07073765198924775
-0.0016849999999999999,1283.2613796287924,1285.2832126551093,1285.3537816503958,-0.07056899528652139
-0.0016799999999999999,1283.2581384563487,1285.2799714826656,1285.3503722242117,-0.0704007415461092
-0.001675,1283.2548968578699,1285.2767298841868,1285.3469627980276,-0.07023291384075492
-0.00167,1283.2516548102815,1285.2734878365984,1285.3435533718432,-0.07006553524479386
-0.001665,1283.2484122905103,1285.2702453168272,1285.340143945659,-0.06989862883187925
-0.00166,1283.245169275482,1285.267002301799,1285.336734519475,-0.06973221767589166
-0.001655,1283.2419257421236,1285.2637587684405,1285.3333250932906,-0.06956632485002956
-0.00165,1283.2386816673607,1285.2605146936776,1285.3299156671064,-0.06940097342885565
-0.001645,1283.2354370281198,1285.2572700544367,1285.3265062409223,-0.0692361864855684
-0.00164,1283.2321918013276,1285.2540248276446,1285.323096814738,-0.06907198709336626
-0.001635,1283.2289459639098,1285.2507789902268,1285.3196873885538,-0.06890839832703932
-0.00163,1283.225699492793,1285.2475325191099,1285.3162779623697,-0.06874544325978604
-0.001625,1283.2224523649031,1285.24428539122,1285.3128685361853,-0.06858314496525963
-0.00162,1283.219204557167,1285.2410375834838,1285.3094591100012,-0.06842152651734068
-0.001615,1283.2159560465102,1285.2377890728271,1285.306049683817,-0.06826061098990976
-0.0016099999999999999,1283.2127068098598,1285.2345398361767,1285.3026402576327,-0.06810042145593798
-0.0016049999999999999,1283.2094568241412,1285.231289850458,1285.2992308314485,-0.06794098099044277
-0.0015999999999999999,1283.2062060662813,1285.2280390925982,1285.2958214052644,-0.06778231266616785
-0.0015949999999999998,1283.2029545132064,1285.2247875395233,1285.29241197908,-0.06762443955676645
-0.00159,1283.1997021418422,1285.221535168159,1285.289002552896,-0.06746738473680125
-0.001585,1283.1964489291151,1285.218281955432,1285.2855931267118,-0.0673111712796981
-0.00158,1283.1931948519523,1285.2150278782692,1285.2821837005274,-0.06715582225820071
-0.001575,1283.189939887279,1285.211772913596,1285.2787742743433,-0.06700136074732654
-0.00157,1283.1866840120217,1285.2085170383386,1285.2753648481591,-0.06684780982050142
-0.001565,1283.1834272031072,1285.205260229424,1285.2719554219748,-0.06669519255069645
-0.00156,1283.1801694374608,1285.2020024637777,1285.2685459957906,-0.06654353201292906
-0.001555,1283.1769106920094,1285.1987437183263,1285.2651365696065,-0.06639285128017036
-0.00155,1283.1736509436796,1285.1954839699965,1285.2617271434221,-0.0662431734256188
-0.001545,1283.1703901693973,1285.1922231957142,1285.258317717238,-0.0660945215238371
-0.00154,1283.1671283460885,1285.1889613724054,1285.2549082910539,-0.06594691864847846
-0.001535,1283.1638654506796,1285.1856984769965,1285.2514988648695,-0.06580038787296871
-0.00153,1283.1606014600973,1285.1824344864142,1285.2480894386854,-0.06565495227118845
-0.0015249999999999999,1283.1573363512673,1285.1791693775842,1285.2446800125012,-0.06551063491701825
-0.0015199999999999999,1283.1540701011163,1285.1759031274332,1285.241270586317,-0.06536745888365658
-0.0015149999999999999,1283.1508026865706,1285.1726357128875,1285.2378611601328,-0.0652254472452114
-0.0015099999999999998,1283.147534084556,1285.1693671108728,1285.2344517339486,-0.06508462307579066
-0.001505,1283.144264271999,1285.166097298316,1285.2310423077643,-0.06494500944836545
-0.0015,1283.1409932258262,1285.162826252143,1285.2276328815801,-0.06480662943704374
-0.001495,1283.1377208373162,1285.1595538636332,1285.224223455396,-0.06466959176282217
-0.00149,1283.1344470321355,1285.1562800584525,1285.2208140292116,-0.06453397075915746
-0.001485,1283.1311718387915,1285.1530048651084,1285.2174046030275,-0.06439973791907505
-0.00148,1283.1278952857906,1285.1497283121075,1285.2139951768434,-0.06426686473582777
-0.001475,1283.1246174016408,1285.1464504279577,1285.210585750659,-0.06413532270130418
-0.00147,1283.121338214848,1285.143171241165,1285.2071763244749,-0.06400508330989396
-0.001465,1283.1180577539205,1285.1398907802375,1285.2037668982907,-0.06387611805325832
-0.00146,1283.1147760473646,1285.1366090736815,1285.2003574721064,-0.06374839842487745
-0.001455,1283.1114931236878,1285.1333261500047,1285.1969480459222,-0.06362189591754941
-0.00145,1283.1082090113969,1285.1300420377138,1285.193538619738,-0.06349658202429964
-0.0014449999999999999,1283.104923738999,1285.126756765316,1285.1901291935537,-0.06337242823769884
-0.0014399999999999999,1283.1016373350014,1285.1234703613184,1285.1867197673696,-0.0632494060512272
-0.0014349999999999999,1283.0983498279115,1285.1201828542285,1285.1833103411855,-0.06312748695700066
-0.0014299999999999998,1283.0950612462354,1285.1168942725524,1285.179900915001,-0.06300664244872678
-0.0014249999999999998,1283.0917716184813,1285.1136046447982,1285.176491488817,-0.06288684401874889
-0.00142,1283.0884809731554,1285.1103139994723,1285.1730820626328,-0.06276806316054717
-0.001415,1283.0851893387655,1285.1070223650825,1285.1696726364485,-0.0626502713660102
-0.00141,1283.081896743818,1285.103729770135,1285.1662632102643,-0.06253344012930029
-0.001405,1283.0786032168207,1285.1004362431377,1285.1628537840802,-0.06241754094253338
-0.0014,1283.07530878628,1285.0971418125969,1285.1594443578958,-0.062302545298962286
-0.001395,1283.0720134807036,1285.0938465070205,1285.1560349317117,-0.06218842469115771
-0.00139,1283.068717328598,1285.090550354915,1285.1526255055276,-0.06207515061259983
-0.001385,1283.0654203584709,1285.0872533847878,1285.1492160793432,-0.061962694555404596
-0.00138,1283.0621225988289,1285.0839556251458,1285.145806653159,-0.061851028013279574
-0.001375,1283.0588240781797,1285.0806571044966,1285.142397226975,-0.06174012247834071
-0.00137,1283.0555248250296,1285.0773578513465,1285.1389878007906,-0.06162994944406819
-0.001365,1283.0522248678863,1285.0740578942032,1285.1355783746064,-0.06152048040326008
-0.0013599999999999999,1283.0489242352562,1285.0707572615731,1285.1321689484223,-0.0614116868491692
-0.0013549999999999999,1283.0456229556473,1285.0674559819643,1285.128759522238,-0.06130354027368412
-0.0013499999999999999,1283.042321057566,1285.0641540838828,1285.1253500960538,-0.06119601217096715
-0.0013449999999999998,1283.0390185695198,1285.0608515958368,1285.1219406698697,-0.061089074032906865
-0.0013399999999999998,1283.0357155200154,1285.0575485463323,1285.1185312436853,-0.06098269735298345
-0.001335,1283.0324119375603,1285.0542449638772,1285.1151218175012,-0.060876853623994975
-0.00133,1283.0291078506611,1285.050940876978,1285.111712391317,-0.06077151433896688
-0.001325,1283.0258032878257,1285.0476363141427,1285.1083029651327,-0.060666650990015114
-0.00132,1283.0224982775603,1285.0443313038772,1285.1048935389485,-0.060562235071301984
-0.001315,1283.0191928483725,1285.0410258746895,1285.1014841127644,-0.06045823807494344
-0.00131,1283.0158870287692,1285.037720055086,1285.09807468658,-0.060354631493964916
-0.001305,1283.0125808472576,1285.0344138735745,1285.094665260396,-0.06025138682139186
-0.0013,1283.0092743323446,1285.0311073586615,1285.0912558342118,-0.060148475550249714
-0.001295,1283.0059675125376,1285.0278005388545,1285.0878464080274,-0.060045869172881794
-0.00129,1283.0026604163436,1285.0244934426605,1285.0844369818433,-0.05994353918276829
-0.001285,1282.9993530722693,1285.0211860985862,1285.0810275556591,-0.059841457072934645
-0.0012799999999999999,1282.9960455088224,1285.0178785351393,1285.0776181294748,-0.059739594335496804
-0.0012749999999999999,1282.9927377545093,1285.0145707808263,1285.0742087032907,-0.0596379224643897
-0.0012699999999999999,1282.9894298378379,1285.0112628641548,1285.0707992771065,-0.05953641295172929
-0.0012649999999999998,1282.9861217873147,1285.0079548136316,1285.0673898509222,-0.059435037290541004
-0.0012599999999999998,1282.9828136314468,1285.0046466577637,1285.063980424738,-0.059333766974305036
-0.0012549999999999998,1282.9795053987416,1285.0013384250585,1285.0605709985539,-0.059232573495364704
-0.00125,1282.9761971177063,1284.9980301440232,1285.0571615723695,-0.059131428346290704
-0.001245,1282.9728888168474,1284.9947218431644,1285.0537521461854,-0.05903030302101797
-0.00124,1282.9695805246724,1284.9914135509894,1285.0503427200013,-0.058929169011889826
-0.001235,1282.9662722696883,1284.9881052960052,1285.046933293817,-0.058827997811704336
-0.00123,1282.962964080402,1284.9847971067188,1285.0435238676328,-0.05872676091394169
-0.001225,1282.9596559853212,1284.9814890116381,1285.0401144414486,-0.05862542981049046
-0.00122,1282.9563480129523,1284.9781810392692,1285.0367050152643,-0.05852397599505821
-0.001215,1282.9530401918025,1284.9748732181195,1285.0332955890801,-0.05842237096067038
-0.00121,1282.9497325503794,1284.9715655766963,1285.029886162896,-0.05832058619967029
-0.001205,1282.9464251171896,1284.9682581435065,1285.0264767367116,-0.05821859320508338
-0.0012,1282.9431179207404,1284.9649509470573,1285.0230673105275,-0.05811636347016247
-0.0011949999999999999,1282.939810989539,1284.9616440158559,1285.0196578843434,-0.05801386848747825
-0.0011899999999999999,1282.936504352092,1284.958337378409,1285.016248458159,-0.05791107975005616
-0.0011849999999999999,1282.933198036907,1284.955031063224,1285.0128390319749,-0.057807968750921646
-0.0011799999999999998,1282.9298920724907,1284.9517250988076,1285.0094296057907,-0.057704506983100146
-0.0011749999999999998,1282.9265864873507,1284.9484195136677,1285.0060201796064,-0.05760066593870761
-0.0011699999999999998,1282.9232813099934,1284.9451143363103,1285.0026107534222,-0.05749641711190634
-0.001165,1282.9199765689266,1284.9418095952435,1284.999201327238,-0.057391731994584916
-0.00116,1282.9166722926568,1284.9385053189737,1284.9957919010537,-0.05728658207999615
-0.001155,1282.9133685096917,1284.9352015360087,1284.9923824748696,-0.05718093886093811
-0.00115,1282.9100652485376,1284.9318982748546,1284.9889730486855,-0.05707477383089099
-0.001145,1282.9067625377024,1284.9285955640194,1284.985563622501,-0.056968058481743356
-0.00114,1282.9034604056926,1284.9252934320095,1284.982154196317,-0.056860764307430145
-0.001135,1282.9001588810156,1284.9219919073325,1284.9787447701328,-0.05675286280029468
-0.00113,1282.8968579921784,1284.9186910184953,1284.9753353439485,-0.056644325453135025
-0.001125,1282.8935577676882,1284.9153907940051,1284.9719259177643,-0.056535123759204
-0.00112,1282.8902582360517,1284.9120912623687,1284.9685164915802,-0.05642522921152704
-0.0011149999999999999,1282.8869594257767,1284.9087924520936,1284.9651070653958,-0.056314613302220096
-0.0011099999999999999,1282.8836613653696,1284.9054943916865,1284.9616976392117,-0.0562032475252181
-0.0011049999999999999,1282.8803640833376,1284.9021971096545,1284.9582882130276,-0.056091103373091755
-0.0010999999999999998,1282.877067608188,1284.898900634505,1284.9548787868432,-0.05597815233818437
-0.0010949999999999998,1282.873771968428,1284.8956049947449,1284.951469360659,-0.05586436591420352
-0.0010899999999999998,1282.8704771925645,1284.8923102188814,1284.948059934475,-0.05574971559349251
-0.0010849999999999998,1282.8671833091043,1284.8890163354213,1284.9446505082906,-0.055634172869304166
-0.0010799999999999998,1282.8638903465553,1284.8857233728722,1284.9412410821064,-0.05551770923420918
-0.001075,1282.8605983334235,1284.8824313597404,1284.9378316559223,-0.05540029618191511
-0.00107,1282.8573072982172,1284.879140324534,1284.934422229738,-0.055281905203855786
-0.001065,1282.8540172694425,1284.8758502957594,1284.9310128035538,-0.05516250779442089
-0.00106,1282.850728275607,1284.872561301924,1284.9276033773697,-0.05504207544572637
-0.001055,1282.8474403452176,1284.8692733715345,1284.9241939511853,-0.05492057965079766
-0.00105,1282.8441535067814,1284.8659865330983,1284.9207845250012,-0.05479799190288759
-0.001045,1282.8408677888053,1284.8627008151223,1284.917375098817,-0.05467428369479421
-0.0010399999999999997,1282.8375832197974,1284.8594162461143,1284.9139656726327,-0.05454942651840611
-0.001035,1282.8342998282633,1284.8561328545802,1284.9105562464486,-0.05442339186834033
-0.00103,1282.831017642711,1284.852850669028,1284.9071468202644,-0.05429615123648546
-0.0010249999999999999,1282.8277366916473,1284.8495697179642,1284.90373739408,-0.054167676115866925
-0.00102,1282.8244570035795,1284.8462900298964,1284.900327967896,-0.05403793799951018
-0.0010149999999999998,1282.8211786070144,1284.8430116333313,1284.8969185417118,-0.053906908380440655
-0.00101,1282.8179015304597,1284.8397345567766,1284.8935091155274,-0.053774558750774304
-0.0010049999999999998,1282.8146258024215,1284.8364588287384,1284.8900996893433,-0.05364086060490081
-0.001,1282.8113514514077,1284.8331844777247,1284.8866902631592,-0.05350578543448137
-0.0009949999999999998,1282.8080771254654,1284.8299101517823,1284.8832808369748,-0.05337068519247623
-0.00099,1282.8048014898977,1284.8266345162147,1284.8798714107907,-0.05323689457600267
-0.0009849999999999998,1282.801524599097,1284.823357625414,1284.8764619846065,-0.05310435919250267
-0.00098,1282.7982465074556,1284.8200795337725,1284.8730525584222,-0.052973024649645595
-0.0009749999999999997,1282.794967269365,1284.816800295682,1284.869643132238,-0.0528428365560103
-0.0009699999999999999,1282.7916869392175,1284.8135199655344,1284.866233706054,-0.05271374051949351
-0.0009649999999999997,1282.788405571405,1284.810238597722,1284.8628242798695,-0.05258568214753723
-0.0009599999999999999,1282.7851232203195,1284.8069562466364,1284.8594148536854,-0.05245860704894767
-0.0009549999999999997,1282.781839940353,1284.8036729666699,1284.8560054275013,-0.0523324608313942
-0.0009499999999999999,1282.7785557858974,1284.8003888122144,1284.852596001317,-0.05220718910254618
-0.0009450000000000001,1282.7752708113449,1284.7971038376618,1284.8491865751328,-0.052082737470982465
-0.0009399999999999999,1282.7719850710873,1284.7938180974043,1284.8457771489486,-0.051959051544372414
-0.0009350000000000001,1282.7686986195165,1284.7905316458334,1284.8423677227643,-0.051836076930840136
-0.0009299999999999998,1282.7654115110247,1284.7872445373416,1284.8389582965801,-0.05171375923850974
-0.000925,1282.762123800004,1284.783956826321,1284.835548870396,-0.05159204407505058
-0.0009199999999999998,1282.7588355408463,1284.7806685671633,1284.8321394442116,-0.0514708770483594
-0.000915,1282.7555467879433,1284.7773798142603,1284.8287300180275,-0.05135020376724242
-0.0009099999999999998,1282.7522575956875,1284.7740906220045,1284.8253205918434,-0.05122996983891426
-0.000905,1282.7489680184708,1284.7708010447877,1284.821911165659,-0.05111012087127165
-0.0008999999999999998,1282.7456781106848,1284.7675111370017,1284.8185017394749,-0.050990602473120816
-0.000895,1282.742387926722,1284.7642209530388,1284.8150923132907,-0.05087136025190375
-0.0008899999999999997,1282.739097520974,1284.7609305472909,1284.8116828871064,-0.05075233981551719
-0.0008849999999999999,1282.735806947833,1284.75763997415,1284.8082734609222,-0.05063348677231261
-0.0008799999999999997,1282.7325162616908,1284.7543492880077,1284.804864034738,-0.05051474673041412
-0.0008749999999999999,1282.7292255169396,1284.7510585432565,1284.8014546085537,-0.050396065297263704
-0.0008699999999999997,1282.7259347679712,1284.7477677942882,1284.7980451823696,-0.05027738808144022
-0.0008649999999999999,1282.722644069178,1284.7444770954949,1284.7946357561855,-0.05015866069061303
-0.0008600000000000001,1282.7193534749517,1284.7411865012687,1284.791226330001,-0.0500398287324515
-0.0008549999999999999,1282.716063039684,1284.737896066001,1284.787816903817,-0.049920837815989216
-0.0008500000000000001,1282.7127728177677,1284.7346058440846,1284.7844074776328,-0.04980163354821343
-0.0008449999999999998,1282.709482863594,1284.731315889911,1284.7809980514485,-0.04968216153747562
-0.00084,1282.7061932315553,1284.7280262578722,1284.7775886252643,-0.04956236739212727
-0.0008349999999999998,1282.7029039760434,1284.7247370023604,1284.7741791990802,-0.04944219671983774
-0.00083,1282.6996151514506,1284.7214481777676,1284.7707697728958,-0.049321595128276385
-0.0008249999999999998,1282.6963268121685,1284.7181598384855,1284.7673603467117,-0.04920050822624944
-0.00082,1282.6930390125897,1284.7148720389066,1284.7639509205276,-0.049078881620971515
-0.0008149999999999998,1282.6897518071057,1284.7115848334226,1284.7605414943432,-0.04895666092056672
-0.00081,1282.6864652501083,1284.7082982764252,1284.757132068159,-0.04883379173384128
-0.0008049999999999997,1282.68317939599,1284.705012422307,1284.753722641975,-0.04871021966800981
-0.0007999999999999999,1282.6798942991425,1284.7017273254594,1284.7503132157906,-0.048585890331196424
-0.0007949999999999997,1282.676610013958,1284.698443040275,1284.7469037896064,-0.04846074933152522
-0.0007899999999999999,1282.6733265948283,1284.6951596211452,1284.7434943634223,-0.04833474227712031
-0.0007849999999999997,1282.6700440961458,1284.6918771224628,1284.740084937238,-0.04820781477519631
-0.0007799999999999999,1282.6667625723016,1284.6885955986186,1284.7366755110538,-0.04807991243524157
-0.0007750000000000001,1282.6634820776887,1284.6853151040057,1284.7332660848697,-0.047950980864015946
-0.0007699999999999999,1282.6602026666988,1284.6820356930157,1284.7298566586853,-0.047820965669643556
-0.0007650000000000001,1282.6569243937233,1284.6787574200403,1284.7264472325012,-0.047689812460930625
-0.0007599999999999998,1282.6536473131553,1284.6754803394722,1284.723037806317,-0.04755746684486439
-0.000755,1282.6503714793857,1284.6722045057027,1284.7196283801327,-0.047423874430023716
-0.0007499999999999998,1282.647096946807,1284.668929973124,1284.7162189539486,-0.0472889808245327
-0.000745,1282.643823769811,1284.665656796128,1284.7128095277644,-0.047152731636515455
-0.0007399999999999998,1282.6405520027904,1284.6623850291073,1284.70940010158,-0.047015072472731845
-0.000735,1282.6372817001363,1284.6591147264533,1284.705990675396,-0.04687594894267022
-0.0007299999999999997,1282.6340129162413,1284.6558459425582,1284.7025812492118,-0.046735306653545194
-0.000725,1282.630745705497,1284.652578731814,1284.6991718230274,-0.046593091213480875
-0.0007199999999999997,1282.6274801222955,1284.6493131486125,1284.6957623968433,-0.046449248230828744
-0.0007149999999999999,1282.624216221029,1284.646049247346,1284.6923529706592,-0.04630372331325816
-0.0007099999999999997,1282.620954056089,1284.642787082406,1284.6889435444748,-0.046156462068893234
-0.0007049999999999999,1282.617693681868,1284.639526708185,1284.6855341182907,-0.0460074101056307
-0.0006999999999999997,1282.614435152758,1284.636268179075,1284.6821246921065,-0.04585651303159466
-0.0006949999999999999,1282.6111785231508,1284.6330115494677,1284.6787152659222,-0.04570371645445448
-0.0006900000000000001,1282.6079238474383,1284.6297568737552,1284.675305839738,-0.045548965982789014
-0.0006849999999999998,1282.6046711800127,1284.6265042063296,1284.671896413554,-0.04539220722426762
-0.00068,1282.6014205752663,1284.6232536015832,1284.6684869873695,-0.04523338578633229
-0.0006749999999999998,1282.5981720875902,1284.6200051139072,1284.6650775611854,-0.045072447278244
-0.00067,1282.5949257713771,1284.616758797694,1284.6616681350013,-0.044909337307217356
-0.0006649999999999998,1282.5916816810186,1284.6135147073355,1284.658258708817,-0.04474400148137647
-0.00066,1282.5884398709072,1284.6102728972241,1284.6548492826328,-0.04457638540861808
-0.0006549999999999998,1282.5852003954346,1284.6070334217516,1284.6514398564486,-0.04440643469706629
-0.00065,1282.581963308993,1284.6037963353099,1284.6480304302643,-0.04423409495439046
-0.0006449999999999997,1282.5787286659738,1284.6005616922907,1284.6446210040801,-0.044059311789396816
-0.0006399999999999999,1282.5754965207695,1284.5973295470865,1284.641211577896,-0.04388203080952735
-0.0006349999999999997,1282.5722669277723,1284.5940999540892,1284.6378021517116,-0.04370219762245142
-0.0006299999999999999,1282.5690399413736,1284.5908729676905,1284.6343927255275,-0.04351975783697526
-0.0006249999999999997,1282.565815615966,1284.5876486422828,1284.6309832993434,-0.04333465706054085
-0.0006199999999999999,1282.5625940059406,1284.5844270322575,1284.627573873159,-0.04314684090149967
-0.0006149999999999997,1282.5593751656904,1284.5812081920074,1284.6241644469749,-0.04295625496752109
-0.0006099999999999999,1282.556159149607,1284.577992175924,1284.6207550207907,-0.04276284486672921
-0.0006050000000000001,1282.5529460120824,1284.5747790383994,1284.6173455946064,-0.04256655620702077
-0.0005999999999999998,1282.5497358075083,1284.5715688338253,1284.6139361684222,-0.042367334596974615
-0.000595,1282.5465285902774,1284.5683616165943,1284.610526742238,-0.04216512564380537
-0.0005899999999999998,1282.5433244147812,1284.565157441098,1284.6071173160537,-0.04195987495563713
-0.000585,1282.5401233354116,1284.5619563617286,1284.6037078898696,-0.041751528141048766
-0.0005799999999999998,1282.5369254065606,1284.5587584328775,1284.6002984636855,-0.041540030807937
-0.000575,1282.5337306826207,1284.5555637089376,1284.5968890375011,-0.04132532856351645
-0.0005699999999999998,1282.5305392179835,1284.5523722443004,1284.593479611317,-0.041107367016593344
-0.000565,1282.5273510670409,1284.5491840933578,1284.5900701851328,-0.040886091775064415
-0.0005599999999999997,1282.5241662841854,1284.5459993105023,1284.5866607589485,-0.04066144844614428
-0.0005549999999999999,1282.520984923808,1284.542817950125,1284.5832513327643,-0.04043338263932128
-0.0005499999999999997,1282.5178070403022,1284.539640066619,1284.5798419065802,-0.040201839961127916
-0.0005449999999999999,1282.5146326880588,1284.5364657143757,1284.5764324803959,-0.03996676602014304
-0.0005399999999999997,1282.51146192147,1284.533294947787,1284.5730230542117,-0.039728106424718135
-0.0005349999999999999,1282.5082947949281,1284.530127821245,1284.5696136280276,-0.03948580678252256
-0.0005299999999999997,1282.5051313628248,1284.5269643891418,1284.5662042018432,-0.03923981270145305
-0.0005249999999999999,1282.5019716795525,1284.5238047058695,1284.562794775659,-0.03899006978963371
-0.0005200000000000001,1282.4988157995026,1284.5206488258195,1284.559385349475,-0.03873652365541602
-0.0005149999999999998,1282.4956637770676,1284.5174968033846,1284.5559759232906,-0.0384791199060146
-0.00051,1282.492515666639,1284.514348692956,1284.5525664971065,-0.03821780415046305
-0.0005049999999999998,1282.4893715226099,1284.5112045489268,1284.5491570709223,-0.03795252199552124
-0.0005,1282.486231399371,1284.508064425688,1284.545747644738,-0.03768321904999539
-0.0004949999999999998,1282.4830943220202,1284.504927348337,1284.5423382185538,-0.03741087021671774
-0.00049,1282.4799592809145,1284.5017923072314,1284.5389287923697,-0.03713648513826229
-0.00048499999999999975,1282.4768262783352,1284.4986593046522,1284.5355193661853,-0.03686006153316157
-0.00047999999999999996,1282.473695316564,1284.495528342881,1284.5321099400012,-0.0365815971201755
-0.00047499999999999973,1282.4705663978827,1284.4923994241997,1284.528700513817,-0.036301089617381876
-0.00046999999999999993,1282.4674395245722,1284.4892725508892,1284.5252910876327,-0.03601853674354061
-0.0004649999999999997,1282.4643146989144,1284.4861477252314,1284.5218816614486,-0.03573393621718424
-0.0004599999999999999,1282.461191923191,1284.483024949508,1284.5184722352644,-0.035447285756390556
-0.0004549999999999997,1282.458071199683,1284.479904226,1284.51506280908,-0.035158583080146855
-0.0004499999999999999,1282.4549525306725,1284.4767855569894,1284.511653382896,-0.034867825906530925
-0.00044499999999999965,1282.4518359184406,1284.4736689447575,1284.5082439567118,-0.03457501195430268
-0.00043999999999999985,1282.448721365269,1284.470554391586,1284.5048345305274,-0.03428013894153992
-0.00043500000000000006,1282.4456088734394,1284.4674418997563,1284.5014251043433,-0.03398320458700255
-0.0004299999999999998,1282.442498445233,1284.46433147155,1284.4980156781592,-0.03368420660922311
-0.00042500000000000003,1282.4393900829314,1284.4612231092483,1284.4946062519748,-0.033383142726506776
-0.0004199999999999998,1282.4362837888161,1284.458116815133,1284.4911968257907,-0.03308001065761346
-0.000415,1282.4331795651688,1284.4550125914857,1284.4877873996065,-0.03277480812084832
-0.0004099999999999998,1282.4300774142712,1284.451910440588,1284.4843779734222,-0.032467532834061785
-0.000405,1282.4269773384044,1284.4488103647213,1284.480968547238,-0.03215818251669589
-0.00039999999999999975,1282.4238793398501,1284.445712366167,1284.477559121054,-0.03184675488682842
-0.00039499999999999995,1282.4207834208898,1284.4426164472068,1284.4741496948695,-0.03153324766276455
-0.0003899999999999997,1282.4176895838052,1284.4395226101221,1284.4707402686854,-0.031217658563264195
-0.0003849999999999999,1282.4145978308775,1284.4364308571944,1284.4673308425013,-0.03089998530685989
-0.0003799999999999997,1282.4115081643886,1284.4333411907055,1284.463921416317,-0.030580225611402057
-0.0003749999999999999,1282.4084205866195,1284.4302536129364,1284.4605119901328,-0.03025837719633273
-0.00036999999999999967,1282.4053350998524,1284.4271681261694,1284.4571025639486,-0.02993443777927496
-0.0003649999999999999,1282.4022517063681,1284.424084732685,1284.4536931377643,-0.029608405079216027
-0.00035999999999999964,1282.3991704084488,1284.4210034347657,1284.4502837115801,-0.029280276814461104
-0.00035499999999999985,1282.3960912083758,1284.4179242346927,1284.446874285396,-0.028950050703315355
-0.00035000000000000005,1282.3930141084304,1284.4148471347473,1284.4434648592116,-0.028617724464311323
-0.0003449999999999998,1282.3899391108944,1284.4117721372113,1284.4400554330275,-0.02828329581620892
-0.00034,1282.3868662180491,1284.408699244366,1284.4366460068434,-0.027946762477313314
-0.0003349999999999998,1282.3837954321764,1284.4056284584933,1284.433236580659,-0.027608122165702298
-0.00033,1282.3807267555574,1284.4025597818743,1284.4298271544749,-0.027267372600590534
-0.00032499999999999977,1282.3776601904738,1284.3994932167907,1284.4264177282907,-0.026924511500055814
-0.00031999999999999997,1282.374595739207,1284.396428765524,1284.4230083021064,-0.026579536582403307
-0.00031499999999999974,1282.3715334040387,1284.3933664303556,1284.4195988759222,-0.0262324455666203
-0.00030999999999999995,1282.3684731872506,1284.3903062135676,1284.416189449738,-0.02588323617055721
-0.0003049999999999997,1282.3654150911239,1284.3872481174408,1284.4127800235538,-0.025531906112973957
-0.0002999999999999999,1282.3623591179403,1284.3841921442572,1284.4093705973696,-0.025178453112403076
-0.0002949999999999997,1282.359305269981,1284.3811382962979,1284.4059611711855,-0.024822874887604485
-0.0002899999999999999,1282.356253549528,1284.378086575845,1284.4025517450011,-0.024465169156201227
-0.00028499999999999966,1282.3532039588624,1284.3750369851793,1284.399142318817,-0.02410533363763534
-0.00027999999999999987,1282.3501565002662,1284.371989526583,1284.3957328926329,-0.023743366049757242
-0.00027499999999999964,1282.3471111760202,1284.3689442023372,1284.3923234664485,-0.023379264111326847
-0.00026999999999999984,1282.344067988407,1284.365901014724,1284.3889140402644,-0.02301302554042195
-0.00026500000000000004,1282.341026939707,1284.362859966024,1284.3855046140802,-0.02264464805625721
-0.0002599999999999998,1282.3379880322027,1284.3598210585196,1284.3820951878959,-0.022274129376228302
-0.000255,1282.334951268175,1284.356784294492,1284.3786857617117,-0.02190146721977726
-0.0002499999999999998,1282.3319166499055,1284.3537496762224,1284.3752763355276,-0.02152665930520925
-0.000245,1282.328884179676,1284.3507172059929,1284.3718669093432,-0.021149703350374693
-0.00023999999999999976,1282.3258538597677,1284.3476868860846,1284.368457483159,-0.02077059707448825
-0.00023499999999999997,1282.3228256924624,1284.3446587187793,1284.365048056975,-0.020389338195627715
-0.00022999999999999974,1282.3197996800413,1284.3416327063583,1284.3616386307906,-0.020005924432325628
-0.00022499999999999994,1282.3167758247862,1284.3386088511031,1284.3582292046065,-0.019620353503341903
-0.0002199999999999997,1282.3137541289789,1284.3355871552958,1284.3548197784223,-0.01923262312652696
-0.0002149999999999999,1282.3107345949002,1284.332567621217,1284.351410352238,-0.018842731020868086
-0.00020999999999999968,1282.307717224832,1284.329550251149,1284.3480009260538,-0.018450674904897824
-0.0002049999999999999,1282.304702021056,1284.326535047373,1284.3445914998697,-0.018056452496693964
-0.00019999999999999966,1282.3016889858536,1284.3235220121705,1284.3411820736853,-0.01766006151478905
-0.00019499999999999986,1282.2986781215063,1284.3205111478233,1284.3377726475012,-0.017261499677942993
-0.00018999999999999963,1282.295669430295,1284.317502456612,1284.334363221317,-0.016860764705143083
-0.00018499999999999983,1282.2926629145024,1284.3144959408194,1284.3309537951327,-0.016457854313330245
-0.00018000000000000004,1282.2896585764097,1284.3114916027266,1284.3275443689486,-0.016052766221946513
-0.0001749999999999998,1282.2866564182978,1284.3084894446147,1284.3241349427644,-0.015645498149751802
-0.00017,1282.2836564424488,1284.3054894687657,1284.32072551658,-0.015236047814369158
-0.00016499999999999978,1282.280658651144,1284.302491677461,1284.317316090396,-0.014824412935013243
-0.00015999999999999999,1282.2776630466649,1284.2994960729818,1284.3139066642118,-0.014410591229989222
-0.00015499999999999976,1282.2746696312931,1284.29650265761,1284.3104972380274,-0.013994580417374891
-0.00014999999999999996,1282.2716784073102,1284.2935114336271,1284.3070878118433,-0.013576378216157536
-0.00014499999999999973,1282.2686893769976,1284.2905224033145,1284.3036783856592,-0.013155982344642325
-0.00013999999999999993,1282.265702542637,1284.287535568954,1284.3002689594748,-0.01273339052090705
-0.0001349999999999997,1282.26271790651,1284.284550932827,1284.2968595332907,-0.012308600463711628
-0.0001299999999999999,1282.2597354708976,1284.2815684972145,1284.2934501071065,-0.011881609892043343
-0.00012499999999999968,1282.2567552380817,1284.2785882643986,1284.2900406809222,-0.011452416523525244
-0.00011999999999999988,1282.253777210344,1284.275610236661,1284.286631254738,-0.011021018077144618
-0.00011499999999999965,1282.2508013899655,1284.2726344162825,1284.283221828554,-0.010587412271434005
-0.00010999999999999985,1282.2478277792281,1284.269660805545,1284.2798124023695,-0.010151596824471198
-0.00010499999999999962,1282.2448563804132,1284.2666894067302,1284.2764029761854,-0.009713569455243487
-9.999999999999983e-05,1282.2418871958025,1284.2637202221194,1284.2729935500013,-0.009273327881828664
-9.500000000000003e-05,1282.2389202276777,1284.2607532539946,1284.269584123817,-0.008830869822304521
-8.99999999999998e-05,1282.2359554783195,1284.2577885046364,1284.2661746976328,-0.008386192996340469
-8.5e-05,1282.2329929500104,1284.2548259763273,1284.2627652714486,-0.00793929512133218
-7.999999999999978e-05,1282.2300326450313,1284.2518656713482,1284.2593558452643,-0.007490173916039566
-7.499999999999998e-05,1282.2270745656642,1284.2489075919812,1284.2559464190801,-0.007038827098995171
-6.999999999999975e-05,1282.2241187141901,1284.245951740507,1284.252536992896,-0.0065852523889589065
-6.499999999999995e-05,1282.221165092891,1284.2429981192079,1284.2491275667116,-0.0061294475037811935
-5.9999999999999724e-05,1282.218213704048,1284.2400467303648,1284.2457181405275,-0.005671410162676693
-5.499999999999993e-05,1282.2152645499427,1284.2370975762597,1284.2423087143434,-0.005211138083723199
-4.99999999999997e-05,1282.2123176328569,1284.2341506591738,1284.238899288159,-0.004748628985225878
-4.49999999999999e-05,1282.2093729550722,1284.2312059813892,1284.2354898619749,-0.00428388058571727
-3.999999999999967e-05,1282.2064305188696,1284.2282635451866,1284.2320804357907,-0.003816890604184664
-3.4999999999999875e-05,1282.2034903265314,1284.2253233528484,1284.2286710096064,-0.0033476567580237315
-2.9999999999999645e-05,1282.2005523803382,1284.2223854066551,1284.2252615834223,-0.0028761767671312555
-2.499999999999985e-05,1282.1976166825723,1284.2194497088892,1284.2218521572381,-0.002402448348902908
-1.999999999999962e-05,1282.1946832355143,1284.2165162618312,1284.2184427310538,-0.0019264692225533508
-1.4999999999999823e-05,1282.191752041447,1284.213585067764,1284.2150333048696,-0.0014482371057056298
-1.0000000000000026e-05,1282.188823102651,1284.210656128968,1284.2116238786855,-0.0009677497175744065
-4.999999999999796e-06,1282.1858964214082,1284.2077294477251,1284.2082144525011,-0.0004850047760101006
0.0,1282.182972,1284.204805026317,1284.204805026317,0.0
5.00000000000023e-06,1282.1857312476984,1284.2075642740153,1284.2082692401327,-0.0007049661173823552
1.0000000000000026e-05,1282.1884948100603,1284.2103278363772,1284.2117334539487,-0.0014056175714358687
1.5000000000000256e-05,1282.1912626792628,1284.2130957055797,1284.2151976677644,-0.0021019621847244707
2.0000000000000052e-05,1282.1940348474834,1284.2158678738003,1284.2186618815801,-0.002794007779812091
2.5000000000000282e-05,1282.1968113068983,1284.2186443332153,1284.2221260953959,-0.0034817621806269017
3.000000000000008e-05,1282.1995920496845,1284.2214250760014,1284.2255903092118,-0.004165233210414954
3.500000000000031e-05,1282.2023770680191,1284.224210094336,1284.2290545230276,-0.004844428691512803
4.0000000000000105e-05,1282.2051663540794,1284.2269993803964,1284.2325187368433,-0.005519356446939128
4.5000000000000335e-05,1282.207959900042,1284.2297929263589,1284.235982950659,-0.006190024300167352
5.000000000000013e-05,1282.210757698084,1284.232590724401,1284.239447164475,-0.006856440073988779
5.500000000000036e-05,1282.2135597403824,1284.2353927666993,1284.2429113782907,-0.007518611591422086
6.000000000000016e-05,1282.2163660191136,1284.2381990454305,1284.2463755921065,-0.008176546675940699
6.500000000000039e-05,1282.2191765264552,1284.241009552772,1284.2498398059222,-0.008830253150108547
7.000000000000018e-05,1282.2219912545838,1284.2438242809008,1284.2533040197382,-0.009479738837399054
7.499999999999998e-05,1282.2248101956766,1284.2466432219935,1284.2567682335539,-0.010125011560376151
8.000000000000021e-05,1282.2276333419104,1284.2494663682273,1284.2602324473696,-0.01076607914228589
8.5e-05,1282.2304606854623,1284.2522937117792,1284.2636966611853,-0.011402949406146945
9.000000000000024e-05,1282.233292218509,1284.2551252448259,1284.2671608750013,-0.012035630175432743
9.500000000000003e-05,1282.2361279332274,1284.2579609595443,1284.270625088817,-0.012664129272707214
0.00010000000000000026,1282.2389678217949,1284.2608008481118,1284.2740893026328,-0.013288454520989035
0.00010500000000000006,1282.2418118763878,1284.2636449027048,1284.2775535164485,-0.01390861374375163
0.00011000000000000029,1282.244660089184,1284.266493115501,1284.2810177302645,-0.01452461476355893
0.00011500000000000008,1282.2475124523596,1284.2693454786765,1284.2844819440802,-0.015136465403656985
0.00012000000000000031,1282.2503689580917,1284.2722019844086,1284.287946157896,-0.015744173487291846
0.0001250000000000001,1282.2532295985575,1284.2750626248744,1284.2914103717117,-0.016347746837254817
0.00013000000000000034,1282.2560943659337,1284.2779273922506,1284.2948745855276,-0.016947193277019323
0.00013500000000000014,1282.2589632523975,1284.2807962787144,1284.2983387993434,-0.01754252062892192
0.00014000000000000037,1282.261836250126,1284.2836692764429,1284.301803013159,-0.01813373671620866
0.00014500000000000016,1282.2647133512955,1284.2865463776125,1284.3052672269748,-0.018720849362352965
0.0001500000000000004,1282.2675945480835,1284.2894275744004,1284.3087314407908,-0.019303866390373514
0.0001550000000000002,1282.2704798326668,1284.2923128589837,1284.3121956546065,-0.019882795622834237
0.00015999999999999999,1282.273369197222,1284.295202223539,1284.3156598684222,-0.02045764488320856
0.00016500000000000022,1282.2762626339268,1284.2980956602437,1284.319124082238,-0.021028421994287783
0.00017,1282.2791601349577,1284.3009931612746,1284.322588296054,-0.02159513477931796
0.00017500000000000024,1282.2820616924917,1284.3038947188086,1284.3260525098697,-0.022157791061090393
0.00018000000000000004,1282.2849672987054,1284.3068003250223,1284.3295167236854,-0.022716398663078508
0.00018500000000000027,1282.2878769457766,1284.3097099720935,1284.3329809375011,-0.02327096540761886
0.00019000000000000006,1282.2907906258813,1284.3126236521982,1284.336445151317,-0.023821499118866996
0.0001950000000000003,1282.293708331197,1284.315541357514,1284.3399093651328,-0.024368007618932097
0.0002000000000000001,1282.2966300539008,1284.3184630802177,1284.3433735789486,-0.024910498730832842
0.00020500000000000032,1282.2995557861693,1284.3213888124862,1284.3468377927643,-0.025448980278042654
0.00021000000000000012,1282.3024855201793,1284.3243185464962,1284.3503020065803,-0.02598346008403496
0.00021500000000000035,1282.3054192481081,1284.327252274425,1284.353766220396,-0.02651394597091894
0.00022000000000000014,1282.3083569621326,1284.3301899884495,1284.3572304342117,-0.02704044576216802
0.00022500000000000037,1282.3112986544295,1284.3331316807464,1284.3606946480274,-0.02756296728102825
0.00023000000000000017,1282.3142443171764,1284.3360773434933,1284.3641588618434,-0.02808151835006356
0.0002350000000000004,1282.3171939425495,1284.3390269688664,1284.3676230756591,-0.028596106792747378
0.0002400000000000002,1282.3201475227263,1284.3419805490432,1284.3710872894749,-0.02910674043164363
0.000245,1282.323105049883,1284.3449380762,1284.3745515032906,-0.02961342709068049
0.0002500000000000002,1282.3260665161974,1284.3478995425144,1284.3780157171066,-0.03011617459219451
0.000255,1282.3290319138462,1284.350864940163,1284.3814799309223,-0.030614990759204375
0.00026000000000000025,1282.3320012350061,1284.353834261323,1284.384944144738,-0.03110988341495613
0.00026500000000000004,1282.3349744718541,1284.356807498171,1284.3884083585538,-0.03160086038269583
0.0002700000000000003,1282.3379516165678,1284.3597846428847,1284.3918725723697,-0.0320879294849874
0.00027500000000000007,1282.3409326613228,1284.3627656876397,1284.3953367861855,-0.032571098545759014
0.0002800000000000003,1282.3439175982974,1284.3657506246143,1284.3988010000012,-0.03305037538689248
0.0002850000000000001,1282.346906419668,1284.3687394459848,1284.402265213817,-0.033525767832088604
0.0002900000000000003,1282.3498991176114,1284.3717321439283,1284.4057294276329,-0.03399728370459343
0.0002950000000000001,1282.3528956843047,1284.3747287106216,1284.4091936414486,-0.034464930826970885
0.00030000000000000035,1282.355896111925,1284.3777291382419,1284.4126578552643,-0.034928717022467026
0.00030500000000000015,1282.358900392649,1284.380733418966,1284.41612206908,-0.03538865011410053
0.0003100000000000004,1282.3619085186535,1284.3837415449705,1284.419586282896,-0.03584473792557219
0.0003150000000000002,1282.364920482116,1284.386753508433,1284.4230504967118,-0.03629698827876382
0.0003200000000000004,1282.3679362752134,1284.3897693015304,1284.4265147105275,-0.03674540899714884
0.0003250000000000002,1282.370955890122,1284.392788916439,1284.4299789243432,-0.037190007904200684
0.00033,1282.3739793190193,1284.3958123453363,1284.433443138159,-0.037630792822710646
0.00033500000000000023,1282.3770065540823,1284.3988395803992,1284.436907351975,-0.03806777157569741
0.00034,1282.3800375874878,1284.4018706138047,1284.4403715657907,-0.03850095198595227
0.00034500000000000025,1282.3830724114123,1284.4049054377292,1284.4438357796064,-0.03893034187717603
0.00035000000000000005,1282.3861110180337,1284.4079440443506,1284.4472999934223,-0.039355949071705254
0.0003550000000000003,1282.3891533995281,1284.410986425845,1284.450764207238,-0.039777781393013356
0.0003600000000000001,1282.3921995480725,1284.4140325743895,1284.4542284210538,-0.04019584666434639
0.0003650000000000003,1282.3952494558446,1284.4170824821615,1284.4576926348695,-0.040610152708040914
0.0003700000000000001,1282.3983031150206,1284.4201361413375,1284.4611568486855,-0.0410207073480251
0.00037500000000000033,1282.401360517778,1284.4231935440948,1284.4646210625012,-0.041427518406408126
0.00038000000000000013,1282.4044216562934,1284.4262546826103,1284.468085276317,-0.04183059370666342
0.00038500000000000036,1282.4074865227437,1284.4293195490607,1284.4715494901327,-0.042229941072037036
0.00039000000000000016,1282.4105551093062,1284.4323881356231,1284.4750137039487,-0.04262556832554765
0.0003950000000000004,1282.4136274081573,1284.4354604344742,1284.4784779177644,-0.04301748329021393
0.0004000000000000002,1282.4167034114744,1284.4385364377913,1284.4819421315801,-0.04340569378882719
0.0004050000000000004,1282.4197831114343,1284.4416161377512,1284.4854063453959,-0.04379020764463348
0.0004100000000000002,1282.4228665002142,1284.4446995265312,1284.4888705592118,-0.04417103268065148
0.000415,1282.4259535699907,1284.4477865963077,1284.4923347730276,-0.04454817671989986
0.00042000000000000023,1282.4290443129407,1284.4508773392577,1284.4957989868433,-0.04492164758562467
0.00042500000000000003,1282.4321387212415,1284.4539717475584,1284.499263200659,-0.04529145310061722
0.00043000000000000026,1282.4352367870697,1284.4570698133866,1284.502727414475,-0.04565760108835093
0.00043500000000000006,1282.4383385026026,1284.4601715289195,1284.5061916282907,-0.04602009937116236
0.0004400000000000003,1282.4414438600174,1284.4632768863344,1284.5096558421064,-0.046378955772070185
0.0004450000000000001,1282.4445528514902,1284.4663858778072,1284.5131200559222,-0.04673417811500258
0.0004500000000000003,1282.4476654691985,1284.4694984955154,1284.5165842697381,-0.04708577422275084
0.0004550000000000001,1282.4507817053188,1284.4726147316358,1284.5200484835539,-0.04743375191810628
0.00046000000000000034,1282.4539015520288,1284.4757345783457,1284.5235126973696,-0.0477781190238602
0.00046500000000000014,1282.457025001505,1284.4788580278218,1284.5269769111853,-0.04811888336348602
0.00047000000000000037,1282.4601520459241,1284.481985072241,1284.5304411250013,-0.048456052760229795
0.00047500000000000016,1282.463282677464,1284.4851157037808,1284.533905338817,-0.04878963503620071
0.0004800000000000004,1282.4664168883003,1284.4882499146172,1284.5373695526328,-0.0491196380155543
0.0004850000000000002,1282.4695546706107,1284.4913876969276,1284.5408337664485,-0.04944606952085451
0.0004900000000000004,1282.4726960165724,1284.4945290428893,1284.5442979802644,-0.049768937375120004
0.0004950000000000002,1282.4758409183619,1284.4976739446788,1284.5477621940802,-0.05008824940136947
0.0005,1282.4789893681564,1284.5008223944733,1284.551226407896,-0.050404013422621574
0.0005050000000000002,1282.4821442052141,1284.503977231531,1284.5546906217116,-0.05071339018059007
0.00051,1282.4853081748324,1284.5071412011494,1284.5581548355276,-0.05101363437825057
0.0005150000000000003,1282.488481128246,1284.5103141545628,1284.5616190493433,-0.05130489478051459
0.0005200000000000001,1282.4916629166892,1284.513495943006,1284.565083263159,-0.051587320152975735
0.0005250000000000003,1282.4948533913978,1284.5166864177147,1284.5685474769748,-0.05186105926009077
0.0005300000000000001,1282.4980524036057,1284.5198854299226,1284.5720116907908,-0.05212626086813543
0.0005350000000000003,1282.5012598045487,1284.5230928308656,1284.5754759046065,-0.052383073740884356
0.0005400000000000001,1282.5044754454607,1284.5263084717776,1284.5789401184222,-0.052631646644613284
0.0005450000000000003,1282.507699177577,1284.529532203894,1284.582404332238,-0.05287212834400634
0.0005500000000000001,1282.5109308521326,1284.5327638784495,1284.585868546054,-0.05310466760442978
0.0005550000000000004,1282.5141703203617,1284.5360033466786,1284.5893327598696,-0.05332941319102247
0.0005600000000000002,1282.5174174334998,1284.5392504598167,1284.5927969736854,-0.05354651386869591
0.0005650000000000004,1282.5206720427816,1284.5425050690985,1284.596261187501,-0.05375611840258898
0.0005700000000000002,1282.5239339994416,1284.5457670257586,1284.599725401317,-0.053958375558522675
0.0005750000000000004,1282.5272031547152,1284.549036181032,1284.6031896151328,-0.05415343410072637
0.0005800000000000002,1282.5304793598366,1284.5523123861535,1284.6066538289485,-0.05434144279502107
0.000585,1282.533762466041,1284.555595492358,1284.6101180427643,-0.05452255040631826
0.0005900000000000002,1282.537052324563,1284.55888535088,1284.6135822565802,-0.05469690570021157
0.000595,1282.5403487866383,1284.5621818129553,1284.617046470396,-0.05486465744070301
0.0006000000000000003,1282.5436517035002,1284.5654847298172,1284.6205106842117,-0.05502595439452307
0.0006050000000000001,1282.546960926385,1284.568793952702,1284.6239748980274,-0.05518094532544637
0.0006100000000000003,1282.550276306527,1284.5721093328439,1284.6274391118434,-0.055329778999521295
0.0006150000000000001,1282.5535976951603,1284.5754307214772,1284.6309033256591,-0.05547260418188671
0.0006200000000000003,1282.556924943521,1284.5787579698379,1284.6343675394749,-0.05560956963699937
0.0006250000000000001,1282.5602579028427,1284.5820909291597,1284.6378317532906,-0.05574082413090764
0.0006300000000000004,1282.5635964243613,1284.5854294506782,1284.6412959671065,-0.055866516428295654
0.0006350000000000001,1282.5669403593113,1284.5887733856282,1284.6447601809223,-0.05598679529407491
0.0006400000000000004,1282.570289558927,1284.592122585244,1284.648224394738,-0.0561018094940664
0.0006450000000000002,1282.5736438744439,1284.5954769007608,1284.6516886085537,-0.05621170779295426
0.0006500000000000004,1282.5770031570967,1284.5988361834136,1284.6551528223697,-0.056316638956104725
0.0006550000000000002,1282.58036725812,1284.602200284437,1284.6586170361854,-0.056416751748429306
0.0006600000000000004,1282.583736028749,1284.6055690550659,1284.6620812500012,-0.05651219493529425
0.0006650000000000002,1282.587109320218,1284.6089423465348,1284.665545463817,-0.056603117282065796
0.00067,1282.590486983762,1284.612320010079,1284.6690096776329,-0.05668966755388283
0.0006750000000000003,1282.5938688706165,1284.6157018969334,1284.6724738914486,-0.056771994515202095
0.00068,1282.5972548320158,1284.6190878583327,1284.6759381052643,-0.05685024693161722
0.0006850000000000003,1282.6006447191942,1284.622477745511,1284.67940231908,-0.0569245735689492
0.0006900000000000001,1282.6040383833877,1284.6258714097046,1284.6828665328958,-0.05699512319120004
0.0006950000000000003,1282.6074356758302,1284.629268702147,1284.6863307467117,-0.057062044564645475
0.0007000000000000001,1282.6108364477568,1284.6326694740737,1284.6897949605275,-0.05712548645374227
0.0007050000000000003,1282.6142405504027,1284.6360735767196,1284.6932591743432,-0.05718559762362929
0.0007100000000000001,1282.6176478350021,1284.639480861319,1284.6967233881592,-0.05724252684012754
0.0007150000000000004,1282.6210581527903,1284.6428911791072,1284.700187601975,-0.057296422867693764
0.0007200000000000002,1282.624471355002,1284.646304381319,1284.7036518157906,-0.057347434471694214
0.0007250000000000004,1282.627887292872,1284.6497203191889,1284.7071160296064,-0.05739571041749514
0.0007300000000000002,1282.6313058176354,1284.6531388439523,1284.7105802434223,-0.05744139947000804
0.0007350000000000004,1282.6347267805265,1284.6565598068435,1284.714044457238,-0.05748465039459916
0.0007400000000000002,1282.6381500327807,1284.6599830590976,1284.7175086710538,-0.05752561195618
0.0007450000000000004,1282.6415754256327,1284.6634084519496,1284.7209728848695,-0.05756443291988944
0.0007500000000000002,1282.645002810317,1284.666835836634,1284.7244370986855,-0.057601262051548474
0.000755,1282.6484320380687,1284.6702650643856,1284.7279013125012,-0.05763624811561385
0.0007600000000000003,1282.6518629601226,1284.6736959864395,1284.731365526317,-0.057669539877451825
0.0007650000000000001,1282.6552954277133,1284.6771284540303,1284.7348297401327,-0.05770128610242864
0.0007700000000000003,1282.658729292076,1284.680562318393,1284.7382939539486,-0.05773163555568317
0.0007750000000000001,1282.6621644044458,1284.6839974307627,1284.7417581677644,-0.05776073700167217
0.0007800000000000003,1282.6656006160567,1284.6874336423737,1284.74522238158,-0.057788739206444006
0.0007850000000000001,1282.6690377781442,1284.6908708044612,1284.7486865953958,-0.05781579093468281
0.0007900000000000003,1282.672475741943,1284.6943087682598,1284.7521508092118,-0.0578420409519822
0.0007950000000000001,1282.6759143586874,1284.6977473850043,1284.7556150230275,-0.057867638023253676
0.0008000000000000004,1282.679353479613,1284.7011865059299,1284.7590792368433,-0.05789273091340874
0.0008050000000000002,1282.6827929559543,1284.7046259822712,1284.762543450659,-0.05791746838781364
0.0008100000000000004,1282.6862326389462,1284.7080656652631,1284.766007664475,-0.05794199921183463
0.0008150000000000002,1282.6896723798232,1284.71150540614,1284.7694718782907,-0.05796647215061057
0.0008200000000000004,1282.6931120298207,1284.7149450561376,1284.7729360921064,-0.0579910359688256
0.0008250000000000002,1282.6965514401732,1284.71838446649,1284.7764003059222,-0.058015839432073335
0.0008300000000000004,1282.6999904621157,1284.7218234884326,1284.779864519738,-0.05804103130549265
0.0008350000000000002,1282.7034289468827,1284.7252619731996,1284.7833287335538,-0.058066760354222424
0.0008400000000000005,1282.7068667457092,1284.7286997720262,1284.7867929473696,-0.058093175343401526
0.0008450000000000003,1282.7103037098304,1284.7321367361474,1284.7902571611853,-0.05812042503794146
0.0008500000000000001,1282.713739690481,1284.7355727167978,1284.793721375001,-0.05814865820320847
0.0008550000000000003,1282.7171745388955,1284.7390075652124,1284.797185588817,-0.05817802360456881
0.0008600000000000001,1282.7206081063086,1284.7424411326256,1284.8006498026327,-0.058208670007161345
0.0008650000000000003,1282.7240402439556,1284.7458732702726,1284.8041140164485,-0.058240746175897584
0.0008700000000000001,1282.7274708030716,1284.7493038293885,1284.8075782302644,-0.0582744008759164
0.0008750000000000003,1282.7308996348906,1284.7527326612076,1284.8110424440802,-0.05830978287258404
0.0008800000000000001,1282.734326590648,1284.7561596169649,1284.814506657896,-0.05834704093103937
0.0008850000000000004,1282.7377515215785,1284.7595845478954,1284.8179708717116,-0.05838632381619391
0.0008900000000000002,1282.7411742789168,1284.7630073052337,1284.8214350855274,-0.05842778029364126
0.0008950000000000004,1282.7445947138979,1284.7664277402148,1284.8248992993433,-0.05847155912852031
0.0009000000000000002,1282.7480126777566,1284.7698457040735,1284.828363513159,-0.05851780908551518
0.0009050000000000004,1282.7514280217279,1284.7732610480448,1284.8318277269748,-0.05856667892999212
0.0009100000000000002,1282.7548405970463,1284.7766736233632,1284.8352919407907,-0.05861831742754475
0.000915,1282.7582502549471,1284.780083281264,1284.8387561546065,-0.058672873342402454
0.0009200000000000007,1282.7616568466644,1284.7834898729814,1284.8422203684222,-0.05873049544084097
0.0009250000000000005,1282.765060223434,1284.7868932497508,1284.845684582238,-0.058791332487089676
0.0009300000000000003,1282.7684602364898,1284.7902932628067,1284.849148796054,-0.058855533247196945
0.0009350000000000001,1282.771856737067,1284.793689763384,1284.8526130098696,-0.05892324648561953
0.0009399999999999999,1282.775249576401,1284.7970826027179,1284.8560772236854,-0.0589946209674963
0.0009450000000000005,1282.7786386057255,1284.8004716320424,1284.859541437501,-0.05906980545864826
0.0009500000000000003,1282.7820236762761,1284.803856702593,1284.863005651317,-0.059148948723986905
0.0009550000000000001,1282.785404639288,1284.8072376656048,1284.8664698651328,-0.05923219952796899
0.0009599999999999999,1282.7887813459952,1284.810614372312,1284.8699340789485,-0.0593197066364155
0.0009650000000000006,1282.7921536476329,1284.8139866739498,1284.8733982927643,-0.05941161881446533
0.0009700000000000004,1282.7955213954358,1284.8173544217527,1284.8768625065802,-0.05950808482748471
0.0009750000000000002,1282.7988844406389,1284.8207174669558,1284.880326720396,-0.05960925344015777
0.00098,1282.8022426344771,1284.824075660794,1284.8837909342117,-0.059715273417623393
0.0009850000000000006,1282.805595828185,1284.827428854502,1284.8872551480274,-0.059826293525475194
0.0009900000000000004,1282.8089438729974,1284.8307768993143,1284.8907193618434,-0.05994246252907942
0.0009950000000000002,1282.8122866201495,1284.8341196464664,1284.894183575659,-0.060063929192665455
0.001,1282.8156239208759,1284.8374569471928,1284.8976477894748,-0.06019084228205429
0.0010050000000000007,1282.8189580001906,1284.8407910265075,1284.9011120032906,-0.060320976783032165
0.0010100000000000005,1282.822291187796,1284.844124214113,1284.9045762171065,-0.06045200299354292
0.0010150000000000003,1282.8256234919572,1284.8474565182742,1284.9080404309223,-0.0605839126480987
0.00102,1282.8289549209417,1284.8507879472586,1284.911504644738,-0.06071669747939268
0.0010249999999999999,1282.8322854830149,1284.8541185093318,1284.9149688585537,-0.060850349221936995
0.0010300000000000005,1282.835615186443,1284.85744821276,1284.9184330723697,-0.060984859609789055
0.0010350000000000003,1282.8389440394924,1284.8607770658093,1284.9218972861854,-0.06112022037609677
0.0010400000000000001,1282.8422720504298,1284.8641050767467,1284.9253615000011,-0.06125642325446279
0.001045,1282.8455992275206,1284.8674322538375,1284.9288257138169,-0.06139345997939927
0.0010500000000000006,1282.8489255790312,1284.870758605348,1284.9322899276328,-0.061531322284736234
0.0010550000000000004,1282.8522511132282,1284.8740841395452,1284.9357541414486,-0.06167000190339422
0.0010600000000000002,1282.8555758383777,1284.8774088646946,1284.9392183552643,-0.06180949056965801
0.001065,1282.8588997627458,1284.8807327890627,1284.94268256908,-0.061949780017357625
0.0010700000000000006,1282.8622228945985,1284.8840559209154,1284.946146782896,-0.06209086198055047
0.0010750000000000004,1282.8655452422024,1284.8873782685193,1284.9496109967117,-0.06223272819238446
0.0010800000000000002,1282.8688668138234,1284.8906998401403,1284.9530752105275,-0.06237537038714436
0.001085,1282.872187617728,1284.894020644045,1284.9565394243432,-0.06251878029820546
0.0010900000000000007,1282.8755076621824,1284.8973406884993,1284.9600036381592,-0.06266294965985253
0.0010950000000000005,1282.8788269554523,1284.9006599817692,1284.9634678519749,-0.06280787020568823
0.0011000000000000003,1282.8821455058044,1284.9039785321213,1284.9669320657906,-0.06295353366931522
0.001105,1282.8854633215053,1284.9072963478222,1284.9703962796063,-0.06309993178410878
0.0011099999999999999,1282.8887804108203,1284.9106134371373,1284.973860493422,-0.06324705628480842
0.0011150000000000005,1282.892096782016,1284.913929808333,1284.977324707238,-0.06339489890501682
0.0011200000000000003,1282.895412443359,1284.917245469676,1284.9807889210538,-0.06354345137788187
0.0011250000000000001,1282.898727403115,1284.9205604294318,1284.9842531348695,-0.06369270543768835
0.00113,1282.9020416695503,1284.9238746958672,1284.9877173486852,-0.06384265281803891
0.0011350000000000006,1282.905355250931,1284.927188277248,1284.9911815625012,-0.06399328525321835
0.0011400000000000004,1282.908668155524,1284.930501181841,1284.994645776317,-0.0641445944759198
0.0011450000000000002,1282.911980391595,1284.933813417912,1284.9981099901327,-0.06429657222065543
0.00115,1282.91529196741,1284.937124993727,1285.0015742039484,-0.06444921022148264
0.0011550000000000006,1282.9186028912357,1284.9404359175526,1285.0050384177644,-0.06460250021177671
0.0011600000000000004,1282.9219131713378,1284.9437461976547,1285.00850263158,-0.06475643392536767
0.0011650000000000002,1282.925222815983,1284.9470558423,1285.0119668453958,-0.06491100309585818
0.00117,1282.9285318334373,1284.9503648597542,1285.0154310592116,-0.06506619945730563
0.0011750000000000007,1282.9318402319666,1284.9536732582835,1285.0188952730275,-0.0652220147439948
0.0011800000000000005,1282.9351480198377,1284.9569810461546,1285.0223594868432,-0.06537844068861887
0.0011850000000000003,1282.9384552053168,1284.9602882316337,1285.025823700659,-0.06553546902523522
0.00119,1282.9417617966697,1284.9635948229866,1285.029287914475,-0.065693091488356
0.0011949999999999999,1282.9450678021626,1284.9669008284795,1285.0327521282907,-0.06585129981112914
0.0012000000000000005,1282.948373230062,1284.970206256379,1285.0362163421064,-0.06601008572738465
0.0012050000000000003,1282.9516780886338,1284.9735111149507,1285.0396805559221,-0.06616944097140731
0.0012100000000000001,1282.9549823861446,1284.9768154124615,1285.043144769738,-0.06632935727657241
0.001215,1282.9582861308604,1284.9801191571773,1285.0466089835538,-0.0664898263764826
0.0012200000000000006,1282.9615893310477,1284.9834223573646,1285.0500731973696,-0.0666508400049679
0.0012250000000000004,1282.964891994972,1284.986725021289,1285.0535374111853,-0.0668123898963131
0.0012300000000000002,1282.9681941309002,1284.9900271572171,1285.0570016250012,-0.06697446778412086
0.001235,1282.9714957470985,1284.9933287734154,1285.060465838817,-0.06713706540153908
0.0012400000000000007,1282.974796851833,1284.9966298781499,1285.0639300526327,-0.06730017448285253
0.0012450000000000004,1282.9780974533692,1284.999930479686,1285.0673942664484,-0.06746378676234599
0.0012500000000000002,1282.9813975599745,1285.0032305862915,1285.0708584802644,-0.06762789397294
0.001255,1282.9846971799143,1285.0065302062312,1285.0743226940801,-0.06779248784891934
0.0012600000000000007,1282.987996321455,1285.009829347772,1285.0777869078959,-0.06795756012388665
0.0012650000000000005,1282.9912949928632,1285.0131280191802,1285.0812511217116,-0.0681231025314446
0.0012700000000000003,1282.9945932024045,1285.0164262287215,1285.0847153355276,-0.06828910680610534
0.001275,1282.9978909583456,1285.0197239846625,1285.0881795493433,-0.0684555646807894
0.0012799999999999999,1283.0011882689523,1285.0230212952692,1285.091643763159,-0.06862246788978155
0.0012850000000000006,1283.0044851424914,1285.0263181688083,1285.0951079769748,-0.06878980816645708
0.0012900000000000003,1283.0077815872282,1285.0296146135452,1285.0985721907907,-0.06895757724555551
0.0012950000000000001,1283.01107761143,1285.032910637747,1285.1020364046065,-0.06912576685954264
0.0013,1283.0143732233623,1285.0362062496793,1285.1055006184222,-0.0692943687429306
0.0013050000000000006,1283.0176684312914,1285.0395014576084,1285.108964832238,-0.06946337462954943
0.0013100000000000004,1283.0209632434835,1285.0427962698004,1285.1124290460539,-0.06963277625345654
0.0013150000000000002,1283.0242576682053,1285.0460906945223,1285.1158932598696,-0.06980256534734508
0.00132,1283.0275517137222,1285.0493847400392,1285.1193574736853,-0.06997273364618195
0.0013250000000000007,1283.030845388301,1285.052678414618,1285.122821687501,-0.07014327288311506
0.0013300000000000005,1283.034138700208,1285.0559717265248,1285.126285901317,-0.07031417479220181
0.0013350000000000002,1283.037431657709,1285.059264684026,1285.1297501151328,-0.07048543110681749
0.00134,1283.0407242690703,1285.0625572953873,1285.1332143289485,-0.07065703356124686
0.0013450000000000007,1283.0440165425584,1285.0658495688754,1285.1366785427642,-0.07082897388886522
0.0013500000000000005,1283.047308486439,1285.069141512756,1285.1401427565802,-0.07100124382418471
0.0013550000000000003,1283.050600108979,1285.072433135296,1285.143606970396,-0.0711738350998985
0.00136,1283.0538914184442,1285.0757244447611,1285.1470711842117,-0.07134673945051873
0.001365,1283.0571824231008,1285.0790154494177,1285.1505353980274,-0.07151994860964805
0.0013700000000000006,1283.0604731312148,1285.0823061575318,1285.1539996118433,-0.07169345431157126
0.0013750000000000004,1283.0637635510532,1285.08559657737,1285.157463825659,-0.0718672482889815
0.0013800000000000002,1283.0670536908813,1285.0888867171982,1285.1609280394748,-0.0720413222766183
0.001385,1283.070343558966,1285.092176585283,1285.1643922532905,-0.07221566800762957
0.0013900000000000006,1283.073633163573,1285.09546618989,1285.1678564671065,-0.07239027721652747
0.0013950000000000004,1283.076922512969,1285.098755539286,1285.1713206809222,-0.07256514163623251
0.0014000000000000002,1283.08021161542,1285.102044641737,1285.174784894738,-0.07274025300102949
0.001405,1283.0835004791918,1285.1053335055087,1285.1782491085537,-0.0729156030449758
0.0014100000000000007,1283.0867891125513,1285.1086221388682,1285.1817133223697,-0.07309118350144672
0.0014150000000000005,1283.0900775237642,1285.1119105500811,1285.1851775361854,-0.07326698610427229
0.0014200000000000003,1283.0933657210971,1285.115198747414,1285.1886417500011,-0.07344300258705516
0.001425,1283.0966537128163,1285.1184867391332,1285.1921059638169,-0.07361922468362536
0.0014300000000000007,1283.0999415071874,1285.1217745335043,1285.1955701776328,-0.07379564412849504
0.0014350000000000005,1283.1032291124766,1285.1250621387935,1285.1990343914485,-0.07397225265503948
0.0014400000000000003,1283.1065165369512,1285.128349563268,1285.2024986052643,-0.07414904199617922
0.001445,1283.1098037888762,1285.1316368151931,1285.20596281908,-0.07432600388688115
0.00145,1283.1130908765185,1285.1349239028355,1285.2094270328957,-0.07450313006029319
0.0014550000000000006,1283.1163778081443,1285.1382108344612,1285.2128912467117,-0.07468041225047273
0.0014600000000000004,1283.1196645920195,1285.1414976183364,1285.2163554605274,-0.07485784219102243
0.0014650000000000002,1283.1229512364102,1285.1447842627272,1285.2198196743432,-0.07503541161599969
0.00147,1283.1262377495834,1285.1480707759004,1285.2232838881591,-0.0752131122587798
0.0014750000000000006,1283.1295241398043,1285.1513571661212,1285.2267481019749,-0.07539093585364753
0.0014800000000000004,1283.1328104153395,1285.1546434416564,1285.2302123157906,-0.07556887413420554
0.0014850000000000002,1283.1360965844556,1285.1579296107725,1285.2336765296063,-0.07574691883382911
0.00149,1283.1393826554186,1285.1612156817355,1285.237140743422,-0.07592506168657565
0.0014950000000000007,1283.1426686364946,1285.1645016628115,1285.240604957238,-0.07610329442650254
0.0015000000000000005,1283.1459545359496,1285.1677875622665,1285.2440691710538,-0.07628160878721246
0.0015050000000000003,1283.1492401430737,1285.1710731693906,1285.2475333848695,-0.0764602154788463
0.00151,1283.1525252449446,1285.1743582712616,1285.2509975986854,-0.07663932742389079
0.0015150000000000007,1283.1558098465118,1285.1776428728288,1285.2544618125012,-0.07681893967242104
0.0015200000000000005,1283.1590939527248,1285.1809269790417,1285.257926026317,-0.07699904727519424
0.0015250000000000003,1283.1623775685323,1285.1842105948492,1285.2613902401326,-0.07717964528342236
0.0015300000000000001,1283.1656606988836,1285.1874937252005,1285.2648544539484,-0.0773607287478626
0.001535,1283.1689433487277,1285.1907763750446,1285.2683186677643,-0.0775422927197269
0.0015400000000000006,1283.172225523014,1285.194058549331,1285.27178288158,-0.07772433224909037
0.0015450000000000004,1283.175507226692,1285.1973402530089,1285.2752470953958,-0.07790684238693757
0.0015500000000000002,1283.17878846471,1285.2006214910268,1285.2787113092118,-0.07808981818493521
0.001555,1283.182069242018,1285.203902268335,1285.2821755230275,-0.07827325469247626
0.0015600000000000006,1283.1853495635648,1285.2071825898818,1285.2856397368432,-0.07845714696145478
0.0015650000000000004,1283.1886294342999,1285.2104624606168,1285.289103950659,-0.07864149004217325
0.0015700000000000002,1283.1919088591721,1285.213741885489,1285.292568164475,-0.0788262789858436
0.001575,1283.1951878431307,1285.2170208694477,1285.2960323782906,-0.07901150884299568
0.0015800000000000007,1283.1984663911255,1285.2202994174424,1285.2994965921064,-0.07919717466393195
0.0015850000000000005,1283.2017445081046,1285.2235775344216,1285.302960805922,-0.07938327150054647
0.0015900000000000003,1283.2050221990178,1285.2268552253347,1285.306425019738,-0.07956979440336909
0.001595,1283.2082994688142,1285.230132495131,1285.3098892335538,-0.07975673842270226
0.0016000000000000007,1283.2115763224429,1285.2334093487598,1285.3133534473695,-0.07994409860975793
0.0016050000000000005,1283.214852764853,1285.23668579117,1285.3168176611853,-0.08013187001529332
0.0016100000000000003,1283.218128800994,1285.239961827311,1285.3202818750012,-0.080320047690293
0.0016150000000000001,1283.2214044358147,1285.2432374621317,1285.323746088817,-0.0805086266852868
0.00162,1283.224679674265,1285.246512700582,1285.3272103026327,-0.08069760205080456
0.0016250000000000006,1283.2279545212932,1285.2497875476101,1285.3306745164484,-0.08088696883828561
0.0016300000000000004,1283.2312289818494,1285.2530620081664,1285.3341387302644,-0.0810767220980324
0.0016350000000000002,1283.2345030608817,1285.2563360871986,1285.3376029440801,-0.08126685688148427
0.00164,1283.23777676334,1285.259609789657,1285.3410671578958,-0.08145736823894367
0.0016450000000000006,1283.2410500941733,1285.2628831204902,1285.3445313717116,-0.08164825122139518
0.0016500000000000004,1283.2443230583306,1285.2661560846475,1285.3479955855275,-0.08183950088005076
0.0016550000000000002,1283.2475956607616,1285.2694286870785,1285.3514597993433,-0.08203111226475812
0.00166,1283.250867906415,1285.2727009327318,1285.354924013159,-0.08222308042718396
0.0016650000000000007,1283.2541398002402,1285.275972826557,1285.3583882269747,-0.08241540041763074
0.0016700000000000005,1283.2574113471862,1285.2792443735032,1285.3618524407907,-0.08260806728753778
0.0016750000000000003,1283.2606825522023,1285.2825155785192,1285.3653166546064,-0.08280107608720755
0.00168,1283.2639534202378,1285.2857864465548,1285.3687808684222,-0.08299442186739725
0.0016850000000000007,1283.267223956242,1285.289056982559,1285.372245082238,-0.08318809967886409
0.0016900000000000005,1283.2704941651637,1285.2923271914806,1285.3757092960539,-0.08338210457327477
0.0016950000000000003,1283.2737640519522,1285.295597078269,1285.3791735098696,-0.08357643160047701
0.0017000000000000001,1283.2770336215567,1285.2988666478736,1285.3826377236853,-0.08377107581168275
0.001705,1283.2803028789265,1285.3021359052434,1285.386101937501,-0.0839660322576492
0.0017100000000000006,1283.2835718290105,1285.3054048553274,1285.389566151317,-0.08416129598958833
0.0017150000000000004,1283.2868404767582,1285.3086735030752,1285.3930303651327,-0.0843568620575752
0.0017200000000000002,1283.2901088271187,1285.3119418534357,1285.3964945789485,-0.08455272551282178
0.001725,1283.2933768850412,1285.3152099113581,1285.3999587927642,-0.08474888140608527
0.0017300000000000006,1283.2966446554747,1285.3184776817916,1285.4034230065802,-0.08494532478857764
0.0017350000000000004,1283.2999121433686,1285.3217451696855,1285.406887220396,-0.08514205071037395
0.0017400000000000002,1283.303179353672,1285.325012379989,1285.4103514342116,-0.08533905422268617
0.001745,1283.306446291334,1285.3282793176509,1285.4138156480274,-0.08553633037649888
0.0017500000000000007,1283.3097129613038,1285.3315459876208,1285.4172798618433,-0.08573387422256928
0.0017550000000000005,1283.312979368531,1285.3348123948479,1285.420744075659,-0.08593168081119984
0.0017600000000000003,1283.3162455179638,1285.3380785442807,1285.4242082894748,-0.08612974519405725
0.001765,1283.3195114145524,1285.3413444408693,1285.4276725032905,-0.0863280624212166
0.0017700000000000007,1283.3227770632454,1285.3446100895624,1285.4311367171065,-0.08652662754411722
0.0017750000000000005,1283.3260424689922,1285.3478754953092,1285.4346009309222,-0.08672543561306156
0.0017800000000000003,1283.3293076367422,1285.3511406630591,1285.438065144738,-0.08692448167880684
0.0017850000000000001,1283.3325725714444,1285.3544055977613,1285.4415293585537,-0.08712376079233763
0.00179,1283.3358372780476,1285.3576703043645,1285.4449935723696,-0.08732326800509327
0.0017950000000000006,1283.3391017615015,1285.3609347878185,1285.4484577861854,-0.08752299836692146
0.0018000000000000004,1283.342366026755,1285.3641990530718,1285.451922000001,-0.08772294692926152
0.0018050000000000002,1283.3456300787573,1285.3674631050742,1285.4553862138168,-0.08792310874264331
0.00181,1283.3488939224578,1285.3707269487747,1285.4588504276326,-0.08812347885782401
0.0018150000000000006,1283.3521575628054,1285.3739905891223,1285.4623146414485,-0.08832405232624296
0.0018200000000000004,1283.3554210047494,1285.3772540310663,1285.4657788552643,-0.08852482419797525
0.0018250000000000002,1283.358684253239,1285.380517279556,1285.46924306908,-0.08872578952400545
0.00183,1283.3619473132235,1285.3837803395404,1285.472707282896,-0.08892694335554552
0.0018350000000000007,1283.3652101896519,1285.3870432159688,1285.4761714967117,-0.08912828074289791
0.0018400000000000005,1283.3684728874737,1285.3903059137906,1285.4796357105274,-0.08932979673681984
0.0018450000000000003,1283.3717354116377,1285.3935684379546,1285.4830999243432,-0.08953148638852326
0.00185,1283.3749977670932,1285.3968307934101,1285.4865641381589,-0.08973334474876538
0.0018550000000000007,1283.3782599587892,1285.400092985106,1285.4900283519748,-0.08993536686875814
0.0018600000000000005,1283.3815219916753,1285.4033550179922,1285.4934925657906,-0.09013754779834926
0.0018650000000000003,1283.3847838707002,1285.406616897017,1285.4969567796063,-0.09033988258920544
0.0018700000000000001,1283.3880456008137,1285.4098786271306,1285.5004209934223,-0.09054236629162915
0.001875,1283.3913071869642,1285.4131402132812,1285.503885207238,-0.09074499395683233
0.0018800000000000006,1283.3945686341017,1285.4164016604186,1285.5073494210537,-0.09094776063511745
0.0018850000000000004,1283.3978299471748,1285.4196629734918,1285.5108136348695,-0.09115066137769645
0.0018900000000000002,1283.4010911311334,1285.4229241574503,1285.5142778486852,-0.0913536912348718
0.001895,1283.4043521909255,1285.4261852172424,1285.5177420625012,-0.09155684525876495
0.0019000000000000006,1283.407613131501,1285.429446157818,1285.521206276317,-0.09176011849899623
0.0019050000000000004,1283.4108739578094,1285.4327069841263,1285.5246704901326,-0.09196350600632286
0.0019100000000000002,1283.4141346747992,1285.4359677011162,1285.5281347039486,-0.09216700283241153
0.001915,1283.41739528742,1285.439228313737,1285.5315989177643,-0.09237060402733732
0.0019200000000000007,1283.4206558006208,1285.4424888269377,1285.53506313158,-0.0925743046423122
0.0019250000000000005,1283.423916219351,1285.445749245668,1285.5385273453958,-0.09277809972786599
0.0019300000000000003,1283.4271765485596,1285.4490095748765,1285.5419915592117,-0.09298198433521065
0.001935,1283.4304367931957,1285.4522698195126,1285.5454557730275,-0.09318595351487602
0.0019400000000000008,1283.4336969582089,1285.4555299845258,1285.5489199868432,-0.09339000231739192
0.0019450000000000005,1283.436957048548,1285.458790074865,1285.552384200659,-0.0935941257939703
0.0019500000000000003,1283.440217069162,1285.4620500954788,1285.555848414475,-0.09379831899605051
0.001955,1283.4434770250004,1285.4653100513174,1285.5593126282906,-0.09400257697325287
0.00196,1283.4467369210126,1285.4685699473296,1285.5627768421064,-0.09420689477678934
0.0019650000000000006,1283.4499967621473,1285.4718297884642,1285.566241055922,-0.09441126745787187
0.0019700000000000004,1283.453256553354,1285.475089579671,1285.569705269738,-0.0946156900670303
0.001975,1283.4565162995818,1285.4783493258988,1285.5731694835538,-0.09482015765502183
0.00198,1283.4597760057798,1285.4816090320967,1285.5766336973695,-0.09502466527283104
0.0019850000000000007,1283.4630356768976,1285.4848687032145,1285.5800979111852,-0.0952292079707604
0.0019900000000000004,1283.4662953178836,1285.4881283442005,1285.5835621250012,-0.09543378080070397
0.0019950000000000002,1283.4695549336877,1285.4913879600047,1285.587026338817,-0.0956383788122821
0.002,1283.4728145292586,1285.4946475555755,1285.5904905526327,-0.09584299705716148
0.0020050000000000007,1283.4760739205037,1285.4979069468206,1285.5939547664484,-0.09604781962775633
0.0020100000000000005,1283.4793329243232,1285.5011659506401,1285.5974189802644,-0.09625302962422211
0.0020150000000000003,1283.482591547154,1285.504424573471,1285.60088319408,-0.09645862060915533
0.00202,1283.485849795435,1285.5076828217518,1285.6043474078958,-0.09666458614401563
0.0020250000000000008,1283.489107675604,1285.5109407019208,1285.6078116217116,-0.09687091979071738
0.0020300000000000006,1283.4923651940985,1285.5141982204154,1285.6112758355275,-0.09707761511208446
0.0020350000000000004,1283.4956223573565,1285.5174553836735,1285.6147400493433,-0.09728466566980387
0.00204,1283.498879171817,1285.5207121981339,1285.618204263159,-0.09749206502510788
0.002045,1283.5021356439167,1285.5239686702337,1285.6216684769747,-0.09769980674104772
0.0020500000000000006,1283.5053917800942,1285.5272248064111,1285.6251326907907,-0.09790788437953779
0.0020550000000000004,1283.5086475867872,1285.5304806131041,1285.6285969046064,-0.09811629150226509
0.00206,1283.511903070434,1285.533736096751,1285.6320611184221,-0.09832502167114399
0.002065,1283.5151582374722,1285.536991263789,1285.6355253322379,-0.098534068448771
0.0020700000000000007,1283.51841309434,1285.540246120657,1285.6389895460538,-0.09874342539683312
0.0020750000000000005,1283.5216676474754,1285.5435006737923,1285.6424537598696,-0.09895308607724473
0.0020800000000000003,1283.5249219033158,1285.5467549296327,1285.6459179736853,-0.09916304405260234
0.002085,1283.5281758683,1285.550008894617,1285.649382187501,-0.09937329288413821
0.0020900000000000007,1283.5314295488654,1285.5532625751823,1285.652846401317,-0.0995838261346762
0.0020950000000000005,1283.5346829514501,1285.556515977767,1285.6563106151327,-0.09979463736567595
0.0021000000000000003,1283.5379360824925,1285.5597691088094,1285.6597748289485,-0.10000572013905185
0.002105,1283.5411889484296,1285.5630219747466,1285.6632390427642,-0.10021706801762775
0.0021100000000000008,1283.5444415557001,1285.566274582017,1285.6667032565801,-0.10042867456309068
0.0021150000000000006,1283.5476939107418,1285.5695269370588,1285.6701674703959,-0.10064053333712764
0.0021200000000000004,1283.5509460199928,1285.5727790463097,1285.6736316842116,-0.10085263790188037
0.002125,1283.5541978898907,1285.5760309162076,1285.6770958980273,-0.10106498181971801
0.00213,1283.557449526874,1285.579282553191,1285.680560111843,-0.1012775586521002
0.0021350000000000006,1283.56070093738,1285.582533963697,1285.684024325659,-0.10149036196207817
0.0021400000000000004,1283.5639521278472,1285.5857851541641,1285.6874885394748,-0.10170338531065681
0.002145,1283.5672031047131,1285.58903613103,1285.6909527532905,-0.10191662226043263
0.00215,1283.570453874416,1285.592286900733,1285.6944169671065,-0.10213006637354738
0.0021550000000000007,1283.573704443394,1285.595537469711,1285.6978811809222,-0.10234371121123331
0.0021600000000000005,1283.5769548180847,1285.5987878444016,1285.701345394738,-0.10255755033631431
0.0021650000000000003,1283.5802050049263,1285.6020380312432,1285.7048096085537,-0.10277157731047737
0.00217,1283.5834550103566,1285.6052880366735,1285.7082738223694,-0.10298578569586425
0.0021750000000000007,1283.5867048408136,1285.6085378671305,1285.7117380361854,-0.10320016905484408
0.0021800000000000005,1283.5899545027353,1285.6117875290522,1285.715202250001,-0.10341472094887649
0.0021850000000000003,1283.59320400256,1285.615037028877,1285.7186664638168,-0.10362943493987586
0.00219,1283.596453346725,1285.6182863730419,1285.7221306776328,-0.10384430459089344
0.0021950000000000008,1283.5997025416686,1285.6215355679856,1285.7255948914485,-0.10405932346293412
0.0022000000000000006,1283.602951593829,1285.6247846201459,1285.7290591052642,-0.10427448511836701
0.0022050000000000004,1283.6062005096437,1285.6280335359606,1285.73252331908,-0.10448978311933388
0.00221,1283.6094492955506,1285.6312823218675,1285.7359875328957,-0.10470521102820385
0.002215,1283.6126979579888,1285.6345309843057,1285.7394517467117,-0.1049207624059818
0.0022200000000000006,1283.6159465033948,1285.6377795297117,1285.7429159605274,-0.105136430815719
0.0022250000000000004,1283.619194938207,1285.641027964524,1285.7463801743431,-0.10535220981910243
0.00223,1283.6224432688641,1285.644276295181,1285.749844388159,-0.10556809297804648
0.002235,1283.625691501803,1285.64752452812,1285.7533086019748,-0.10578407385492028
0.0022400000000000007,1283.6289396434622,1285.6507726697791,1285.7567728157906,-0.10600014601141083
0.0022450000000000005,1283.63218770028,1285.6540207265969,1285.7602370296063,-0.10621630300943252
0.0022500000000000003,1283.6354356786937,1285.6572687050107,1285.7637012434222,-0.10643253841158185
0.002255,1283.6386835851417,1285.6605166114587,1285.767165457238,-0.10664884577931844
0.0022600000000000007,1283.6419314260618,1285.6637644523787,1285.7706296710537,-0.10686521867501142
0.0022650000000000005,1283.645179207892,1285.6670122342089,1285.7740938848694,-0.10708165066057518
0.0022700000000000003,1283.64842693707,1285.670259963387,1285.7775580986854,-0.10729813529837884
0.002275,1283.6516746200346,1285.6735076463515,1285.7810223125011,-0.10751466614965466
0.0022800000000000008,1283.6549222632225,1285.6767552895394,1285.7844865263169,-0.10773123677745389
0.0022850000000000006,1283.6581698730727,1285.6800028993896,1285.7879507401326,-0.10794784074300878
0.0022900000000000004,1283.6614174560227,1285.6832504823396,1285.7914149539486,-0.10816447160891585
0.002295,1283.6646650185105,1285.6864980448274,1285.7948791677643,-0.10838112293686208
0.0023,1283.667912566974,1285.689745593291,1285.79834338158,-0.10859778828898925
0.0023050000000000006,1283.6711601078518,1285.6929931341688,1285.8018075953958,-0.10881446122698435
0.0023100000000000004,1283.674407647581,1285.6962406738978,1285.8052718092117,-0.10903113531389863
0.0023150000000000002,1283.6776551925998,1285.6994882189167,1285.8087360230274,-0.10924780411073698
0.00232,1283.6809027493466,1285.7027357756635,1285.8122002368432,-0.10946446117964115
0.0023250000000000007,1283.6841503242588,1285.7059833505757,1285.815664450659,-0.10968110008320764
0.0023300000000000005,1283.6873979237744,1285.7092309500913,1285.8191286644749,-0.1098977143835782
0.0023350000000000003,1283.690645554332,1285.7124785806488,1285.8225928782906,-0.11011429764175773
0.00234,1283.693893222369,1285.715726248686,1285.8260570921063,-0.11033084342034272
0.0023450000000000007,1283.6971409343232,1285.7189739606401,1285.829521305922,-0.11054734528192967
0.0023500000000000005,1283.7003886966334,1285.7222217229503,1285.832985519738,-0.11076379678775083
0.0023550000000000003,1283.7036365157367,1285.7254695420536,1285.8364497335538,-0.11098019150017535
0.00236,1283.7068843980715,1285.7287174243884,1285.8399139473695,-0.1111965229811176
0.0023650000000000008,1283.7101323500754,1285.7319653763923,1285.8433781611852,-0.1114127847929467
0.0023700000000000006,1283.713380378187,1285.7352134045038,1285.8468423750012,-0.11162897049734966
0.0023750000000000004,1283.7166284888433,1285.7384615151602,1285.850306588817,-0.1118450736566956
0.00238,1283.7198766884835,1285.7417097148004,1285.8537708026327,-0.1120610878322168
0.002385,1283.7231249835443,1285.7449580098612,1285.8572350164484,-0.11227700658719186
0.0023900000000000006,1283.7263733804648,1285.7482064067817,1285.8606992302643,-0.11249282348262568
0.0023950000000000004,1283.729621885682,1285.751454911999,1285.86416344408,-0.11270853208111475
0.0024000000000000002,1283.7328705056343,1285.7547035319512,1285.8676276578958,-0.11292412594457346
0.002405,1283.7361192467602,1285.757952273077,1285.8710918717115,-0.11313959863446144
0.0024100000000000007,1283.7393681154963,1285.7612011418132,1285.8745560855275,-0.11335494371428467
0.0024150000000000005,1283.742617118282,1285.7644501445989,1285.8780202993432,-0.11357015474436594
0.0024200000000000003,1283.7458662615545,1285.7676992878714,1285.881484513159,-0.1137852252875291
0.002425,1283.7491155517519,1285.7709485780688,1285.8849487269747,-0.11400014890591592
0.0024300000000000007,1283.7523649953118,1285.7741980216288,1285.8884129407907,-0.11421491916189552
0.0024350000000000005,1283.755614598673,1285.77744762499,1285.8918771546064,-0.11442952961647279
0.0024400000000000003,1283.7588643682727,1285.7806973945897,1285.8953413684221,-0.1146439738324716
0.002445,1283.7621143105494,1285.7839473368663,1285.8988055822379,-0.11485824537157896
0.002450000000000001,1283.7653644319407,1285.7871974582577,1285.9022697960538,-0.11507233779616399
0.0024550000000000006,1283.7686147388847,1285.7904477652016,1285.9057340098695,-0.1152862446679137
0.0024600000000000004,1283.7718652378194,1285.7936982641363,1285.9091982236853,-0.11549995954896985
0.002465,1283.7751159351828,1285.7969489614998,1285.912662437501,-0.11571347600124682
0.00247,1283.7783668374125,1285.8001998637294,1285.916126651317,-0.11592678758756847
0.0024750000000000006,1283.7816179509466,1285.8034509772635,1285.9195908651327,-0.11613988786916707
0.0024800000000000004,1283.7848692822238,1285.8067023085407,1285.9230550789484,-0.11635277040772962
0.0024850000000000002,1283.7881208376812,1285.809953863998,1285.9265192927642,-0.11656542876608
0.00249,1283.7913726237568,1285.8132056500738,1285.92998350658,-0.1167778565061326
0.0024950000000000007,1283.794624646889,1285.8164576732058,1285.9334477203959,-0.11699004719002914
0.0025000000000000005,1283.7978769135154,1285.8197099398324,1285.9369119342116,-0.11720199437922929
0.0025050000000000003,1283.8011293217307,1285.8229623480477,1285.9403761480273,-0.1174137999796585
0.00251,1283.8043817653365,1285.8262147916535,1285.9438403618433,-0.11762557018982989
0.0025150000000000007,1283.8076342443321,1285.829467270649,1285.947304575659,-0.1178373050099708
0.0025200000000000005,1283.8108867587175,1285.8327197850344,1285.9507687894748,-0.11804900444030864
0.0025250000000000003,1283.8141393084916,1285.8359723348085,1285.9542330032905,-0.11826066848198025
0.00253,1283.817391893654,1285.839224919971,1285.9576972171062,-0.11847229713521301
0.002535000000000001,1283.8206445142043,1285.8424775405213,1285.9611614309222,-0.11868389040091643
0.0025400000000000006,1283.8238971701414,1285.8457301964584,1285.964625644738,-0.11889544827954523
0.0025450000000000004,1283.8271498614654,1285.8489828877823,1285.9680898585536,-0.11910697077132681
0.00255,1283.8304025881753,1285.8522356144922,1285.9715540723696,-0.11931845787739803
0.002555,1283.8336553502706,1285.8554883765876,1285.9750182861853,-0.11952990959775889
0.0025600000000000006,1283.8369081477506,1285.8587411740675,1285.978482500001,-0.11974132593354625
0.0025650000000000004,1283.840160980615,1285.861994006932,1285.9819467138168,-0.11995270688476012
0.0025700000000000002,1283.8434138488633,1285.8652468751802,1285.9854109276325,-0.12016405245230999
0.002575,1283.8466667524945,1285.8684997788114,1285.9888751414485,-0.12037536263710535
0.0025800000000000007,1283.8499196915081,1285.871752717825,1285.9923393552642,-0.12058663743914622
0.0025850000000000005,1283.8531726659037,1285.8750056922206,1285.99580356908,-0.12079787685934207
0.0025900000000000003,1283.856425675681,1285.878258701998,1285.999267782896,-0.12100908089792028
0.002595,1283.859678720839,1285.8815117471559,1286.0027319967116,-0.12122024955579036
0.0026000000000000007,1283.862931801377,1285.884764827694,1286.0061962105274,-0.12143138283340704
0.0026050000000000005,1283.866184917295,1285.8880179436119,1286.009660424343,-0.12164248073122508
0.0026100000000000003,1283.8694380685915,1285.8912710949085,1286.013124638159,-0.12185354325060871
0.002615,1283.872691255267,1285.894524281584,1286.0165888519748,-0.12206457039087582
0.002620000000000001,1283.8759444773204,1285.8977775036374,1286.0200530657905,-0.12227556215316326
0.0026250000000000006,1283.879197734751,1285.901030761068,1286.0235172796063,-0.12248651853838055
0.0026300000000000004,1283.8824510275585,1285.9042840538755,1286.0269814934222,-0.12269743954675505
0.002635,1283.885704355742,1285.907537382059,1286.030445707238,-0.12290832517896888
0.00264,1283.8889577193013,1285.9107907456182,1286.0339099210537,-0.12311917543547679
0.0026450000000000006,1283.8922111182355,1285.9140441445525,1286.0373741348694,-0.1233299903169609
0.0026500000000000004,1283.8954645525444,1285.9172975788613,1286.0408383486854,-0.12354076982410334
0.0026550000000000002,1283.898718022227,1285.920551048544,1286.0443025625011,-0.12375151395713146
0.00266,1283.9019715272827,1285.9238045535997,1286.0477667763168,-0.12396222271718216
0.0026650000000000007,1283.9052250677116,1285.9270580940286,1286.0512309901326,-0.12417289610402804
0.0026700000000000005,1283.9084786435124,1285.9303116698293,1286.0546952039485,-0.12438353411926073
0.0026750000000000003,1283.9117322546851,1285.933565281002,1286.0581594177643,-0.1245941367621981
0.00268,1283.9149859012282,1285.9368189275451,1286.06162363158,-0.12480470403488653
0.0026850000000000008,1283.9182395831422,1285.940072609459,1286.0650878453957,-0.12501523593664388
0.0026900000000000006,1283.921493300426,1285.9433263267429,1286.0685520592117,-0.1252257324688344
0.0026950000000000003,1283.924747053079,1285.946580079396,1286.0720162730274,-0.12543619363145808
0.0027,1283.9280008411008,1285.9498338674177,1286.0754804868432,-0.12564661942542443
0.002705000000000001,1283.9312546644906,1285.9530876908075,1286.078944700659,-0.12585700985141557
0.0027100000000000006,1283.934508523248,1285.956341549565,1286.0824089144749,-0.12606736490988624
0.0027150000000000004,1283.9377624173724,1285.9595954436893,1286.0858731282906,-0.12627768460129118
0.00272,1283.941016346863,1285.96284937318,1286.0893373421063,-0.12648796892631253
0.002725,1283.9442703117197,1285.9661033380366,1286.092801555922,-0.12669821788540503
0.0027300000000000007,1283.9475243119414,1285.9693573382583,1286.096265769738,-0.12690843147970554
0.0027350000000000005,1283.950778347528,1285.972611373845,1286.0997299835537,-0.12711860970875932
0.0027400000000000002,1283.9540324184786,1285.9758654447955,1286.1031941973695,-0.12732875257393061
0.002745,1283.9572865247928,1285.9791195511098,1286.1066584111852,-0.1275388600754468
0.0027500000000000007,1283.9605406664698,1285.9823736927867,1286.1101226250012,-0.12774893221444472
0.0027550000000000005,1283.9637948435093,1285.9856278698262,1286.113586838817,-0.12795896899069703
0.0027600000000000003,1283.9670490559104,1285.9888820822273,1286.1170510526326,-0.1281689704053406
0.002765,1283.9703033036728,1285.9921363299898,1286.1205152664484,-0.12837893645860277
0.0027700000000000008,1283.973557586796,1285.995390613113,1286.1239794802643,-0.12858886715139306
0.0027750000000000006,1283.9768119052792,1285.9986449315961,1286.12744369408,-0.12879876248393884
0.0027800000000000004,1283.9800662591215,1286.0018992854384,1286.1309079078958,-0.129008622457377
0.002785,1283.9833206483231,1286.00515367464,1286.1343721217115,-0.1292184470714801
0.002790000000000001,1283.986575072883,1286.0084080991999,1286.1378363355275,-0.12942823632761247
0.0027950000000000006,1283.9898295328005,1286.0116625591174,1286.1413005493432,-0.12963799022577405
0.0028000000000000004,1283.993084028075,1286.0149170543918,1286.144764763159,-0.12984770876710172
0.002805,1283.9963385587066,1286.0181715850235,1286.1482289769747,-0.13005739195114074
0.00281,1283.999593124694,1286.021426151011,1286.1516931907904,-0.13026703977948273
0.0028150000000000007,1284.0028477260366,1286.0246807523536,1286.1551574046064,-0.1304766522528098
0.0028200000000000005,1284.0061023627345,1286.0279353890514,1286.158621618422,-0.1306862293706672
0.0028250000000000003,1284.0093570347863,1286.0311900611032,1286.1620858322378,-0.13089577113464657
0.00283,1284.012611742192,1286.0344447685088,1286.1655500460538,-0.13110527754497525
0.0028350000000000007,1284.015866484951,1286.0376995112679,1286.1690142598695,-0.13131474860165326
0.0028400000000000005,1284.0191212630623,1286.0409542893792,1286.1724784736853,-0.13152418430604484
0.0028450000000000003,1284.022376076526,1286.0442091028428,1286.175942687501,-0.13173358465815
0.00285,1284.0256309253405,1286.0474639516574,1286.179406901317,-0.13194294965956033
0.0028550000000000008,1284.0288858095062,1286.050718835823,1286.1828711151327,-0.13215227930959372
0.0028600000000000006,1284.032140729022,1286.053973755339,1286.1863353289484,-0.13236157360938705
0.0028650000000000004,1284.0353956838876,1286.0572287102045,1286.1897995427641,-0.13257083255962243
0.00287,1284.0386506741022,1286.0604837004191,1286.19326375658,-0.13278005616098199
0.002875000000000001,1284.0419056996652,1286.0637387259821,1286.1967279703958,-0.1329892444136931
0.0028800000000000006,1284.0451607605764,1286.0669937868934,1286.2001921842116,-0.13319839731821048
0.0028850000000000004,1284.048415856835,1286.0702488831519,1286.2036563980273,-0.13340751487544367
0.00289,1284.0516709884405,1286.0735040147574,1286.207120611843,-0.13361659708562001
0.002895,1284.0549261553917,1286.0767591817087,1286.210584825659,-0.13382564395033114
0.0029000000000000007,1284.0581813576891,1286.080014384006,1286.2140490394747,-0.13403465546866755
0.0029050000000000005,1284.0614365953313,1286.0832696216482,1286.2175132532905,-0.13424363164222086
0.0029100000000000003,1284.0646918683183,1286.0865248946352,1286.2209774671064,-0.13445257247121845
0.002915,1284.0679471766489,1286.0897802029658,1286.2244416809222,-0.13466147795634242
0.0029200000000000007,1284.0712025203227,1286.0930355466396,1286.227905894738,-0.13487034809827492
0.0029250000000000005,1284.0744578993394,1286.0962909256564,1286.2313701085536,-0.1350791828972433
0.0029300000000000003,1284.0777133136987,1286.0995463400156,1286.2348343223696,-0.1352879823539297
0.002935,1284.0809687633994,1286.1028017897163,1286.2382985361853,-0.13549674646901622
0.0029400000000000008,1284.084224248441,1286.1060572747579,1286.241762750001,-0.135705475243185
0.0029450000000000006,1284.0874797688227,1286.1093127951397,1286.2452269638168,-0.13591416867711814
0.0029500000000000004,1284.090735324545,1286.112568350862,1286.2486911776327,-0.13612282677081566
0.002955,1284.0939909156061,1286.115823941923,1286.2521553914485,-0.13633144952541443
0.002960000000000001,1284.0972465420064,1286.1190795683233,1286.2556196052642,-0.13654003694091443
0.0029650000000000006,1284.1005022037443,1286.1223352300613,1286.25908381908,-0.13674858901867992
0.0029700000000000004,1284.10375790082,1286.125590927137,1286.2625480328957,-0.1369571057587109
0.002975,1284.1070136332328,1286.1288466595497,1286.2660122467116,-0.13716558716191685
0.00298,1284.110269400982,1286.1321024272988,1286.2694764605274,-0.13737403322852515
0.0029850000000000007,1284.113525204067,1286.1353582303839,1286.272940674343,-0.13758244395921793
0.0029900000000000005,1284.1167810424872,1286.1386140688041,1286.276404888159,-0.13779081935490467
0.0029950000000000003,1284.120036916242,1286.141869942559,1286.2798691019748,-0.13799915941581276
0.003,1284.1232928253312,1286.1451258516481,1286.2833333157905,-0.13820746414239693
