feature_family,held_support_configuration,bond_index,atom_i,atom_j,distance_A,target_delta_minimum_norm_tension_meV_A,remaining_repair_minimum_norm_tension_meV_A,LOCO_router_score,LOCO_router_threshold,LOCO_router_active,LOCO_tension_prediction_meV_A
mace_invariants,94,0,0,36,1.3910826091423445,855.4704186252889,24.11519566007473,0.6511798873434935,0.6564821976577678,0,-7.6120411749168095
mace_invariants,94,1,0,41,1.4226454570369447,1203.9847919740234,-18.159512476333784,0.6628497444831685,0.6564821976577678,1,-4.653736248046503
mace_invariants,94,2,0,71,1.4972993441168152,725.2194793780518,28.404816135523408,0.6856722696778742,0.6564821976577678,1,-22.156280442782165
mace_invariants,94,3,1,36,1.3733004800723627,587.7800713249309,2.358562444688989,0.4442213718432084,0.6564821976577678,0,24.772131662977227
mace_invariants,94,4,1,37,1.4205248973080284,1360.6828287518686,52.19479009979836,0.4668963851755028,0.6564821976577678,0,-64.5366552687787
mace_invariants,94,5,1,66,1.5862276990373492,-818.2929406113866,-52.109343010803165,0.15544558761478572,0.6564821976577678,0,-43.69492451058521
mace_invariants,94,6,2,37,1.5110807960941954,499.70633959013,-0.05423059488360131,0.5820451004115166,0.6564821976577678,0,-25.724952218661127
mace_invariants,94,7,2,38,1.4299303839246404,1058.6083563892448,-3.8239971122115413,0.5845109274020699,0.6564821976577678,0,5.720476861919167
mace_invariants,94,8,2,67,1.402797054080899,1319.9564595362717,13.664856484029368,0.5066388096052838,0.6564821976577678,0,-49.478837238357436
mace_invariants,94,9,3,38,1.5037165072873289,523.3785951569885,-10.199841646147043,0.7754024035676628,0.6564821976577678,1,-5.377487062518547
mace_invariants,94,10,3,39,1.4030662531953084,1364.4174559519058,17.85373723031474,0.6942983270713111,0.6564821976577678,1,-47.15674630847508
mace_invariants,94,11,3,68,1.4729952382035687,980.3590589448696,-10.050109210001743,0.722913076466343,0.6564821976577678,1,-20.292439694477565
mace_invariants,94,12,4,39,1.4282564842932257,930.8839274308517,16.644654491531153,0.6325236040521398,0.6564821976577678,0,-25.01255979697637
mace_invariants,94,13,4,40,1.4124189370887088,1114.4569878959683,-3.91883252369264,0.6338098944303101,0.6564821976577678,0,-34.278893482422056
mace_invariants,94,14,4,69,1.4024234838904601,1258.5286738009793,10.08676987590192,0.6494144643152384,0.6564821976577678,0,-4.90429733515824
mace_invariants,94,15,5,40,1.3421399896087025,439.1339238360387,15.229275929805247,0.5434659071408938,0.6564821976577678,0,-93.53492826748617
mace_invariants,94,16,5,41,1.4684663752195157,1013.3360545925651,13.438985167334934,0.6098127100759025,0.6564821976577678,0,-15.85935822603331
mace_invariants,94,17,5,70,1.4479660420284532,1130.9395917429563,-4.099577154415633,0.6205789683128936,0.6564821976577678,0,-20.135029572741487
mace_invariants,94,18,6,41,1.435087344722947,1316.2242181537192,9.738525277711345,0.6598812215590454,0.6564821976577678,1,5.394687907132102
mace_invariants,94,19,6,42,1.4150505067149806,1066.3064624718158,44.269800320041924,0.644111652242767,0.6564821976577678,0,-26.137463924467326
mace_invariants,94,20,6,47,1.4793709409684563,903.3788152037047,16.784945262030515,0.6222598700830317,0.6564821976577678,0,2.450623930540033
mace_invariants,94,21,7,36,1.3678498966135975,751.9519273749839,19.10723277807304,0.6087944229338327,0.6564821976577678,0,-22.797111586895436
mace_invariants,94,22,7,42,1.4114636346184672,1126.4498226044632,15.966252743209306,0.6046947107572294,0.6564821976577678,0,-14.431053992887943
mace_invariants,94,23,7,43,1.477816454646723,880.9667086705224,-5.005901965572483,0.4591721902999997,0.6564821976577678,0,15.191472346550395
mace_invariants,94,24,8,37,1.3526949689094148,426.9685461969469,4.581012953076521,0.711248761614669,0.6564821976577678,1,-30.21352320417303
mace_invariants,94,25,8,43,1.3973134258174358,938.0054290726333,58.56623950906567,0.5389515156485416,0.6564821976577678,0,98.65201899975773
mace_invariants,94,26,8,44,1.3664490064738735,637.1492661684757,23.87209215832841,0.6503686081398687,0.6564821976577678,0,50.345271012638946
mace_invariants,94,27,9,38,1.3360377772378191,498.89524354959616,-1.5344186096190455,0.636213761438946,0.6564821976577678,0,-49.47252971037038
mace_invariants,94,28,9,44,1.4658604777134931,981.2258602994892,-4.575857452682061,0.5728677809735925,0.6564821976577678,0,-7.295410562903557
mace_invariants,94,29,9,45,1.4500734013598335,901.0914459867354,8.20387079745788,0.5844148575142019,0.6564821976577678,0,-29.3815456274708
mace_invariants,94,30,10,39,1.512805124826537,348.4905483354954,-8.186481872384364,0.7937044470873637,0.6564821976577678,1,-8.664253116135775
mace_invariants,94,31,10,45,1.4019351760126055,1243.6258470042171,14.286016084967011,0.8230096196589711,0.6564821976577678,1,-4.289208781332846
mace_invariants,94,32,10,46,1.4190292190170481,1426.9696386776482,0.7635201174946045,0.9030696613549196,0.6564821976577678,1,13.227408430880768
mace_invariants,94,33,11,40,1.4494715879207785,943.5794268776751,-15.7255293786446,0.6186652530983018,0.6564821976577678,0,-4.830311136529797
mace_invariants,94,34,11,46,1.450259628940738,1143.3395150966517,2.6615190631414967,0.7267441769876875,0.6564821976577678,1,29.583354540886642
mace_invariants,94,35,11,47,1.4205115775485926,1252.6804291151552,4.561405773222645,0.6473907045572969,0.6564821976577678,0,9.989100090313524
mace_invariants,94,36,12,47,1.4319351561503288,1003.436739439008,-33.15822411178653,0.6155724713378508,0.6564821976577678,0,-18.888416922760026
mace_invariants,94,37,12,48,1.3747221988294773,804.05513403737,-18.066129277296508,0.7297332493421197,0.6564821976577678,1,-78.8387506339479
mace_invariants,94,38,12,53,1.4833054609982357,870.4305873529892,-10.26098634802446,0.5971312771610087,0.6564821976577678,0,-6.585635399789169
mace_invariants,94,39,13,42,1.400874009011166,1070.0120514041866,-3.1693530526807416,0.8617226460308351,0.6564821976577678,1,-0.8485065307874713
mace_invariants,94,40,13,48,1.4994883272757629,593.6837686253473,-0.9042965481219911,0.9540316418753688,0.6564821976577678,1,-36.178723170058454
mace_invariants,94,41,13,49,1.43566683057242,958.2220935157139,23.21559575009992,0.7252522512458343,0.6564821976577678,1,-38.50522095779186
mace_invariants,94,42,14,43,1.44549195172947,1278.1618417212417,0.8006119999577378,0.4707204933794185,0.6564821976577678,0,30.608403110615935
mace_invariants,94,43,14,49,1.4263398774721714,1046.5089252670955,19.73434213995429,0.47977261905164725,0.6564821976577678,0,-39.646444847883316
mace_invariants,94,44,14,50,1.3407454143611117,347.7934041333811,32.8941710321232,0.5369557128444729,0.6564821976577678,0,-88.96398498747213
mace_invariants,94,45,15,44,1.496603675661056,705.249187137618,19.3073439821074,0.6097731199052338,0.6564821976577678,0,-10.313744488463179
mace_invariants,94,46,15,50,1.5146188469618211,473.1615673525943,-15.362602989214963,0.5645912468789609,0.6564821976577678,0,1.2476776902649398
mace_invariants,94,47,15,51,1.4160443200756212,971.1274407489205,-42.812444647793754,0.5524326984088275,0.6564821976577678,0,19.002699101600395
mace_invariants,94,48,16,45,1.3707324767622397,732.3722695465805,-23.316211120347432,0.5277268821531556,0.6564821976577678,0,-28.948319398567165
mace_invariants,94,49,16,51,1.4374983791935803,1101.3968700691062,-11.607885753105734,0.4588393841161401,0.6564821976577678,0,-19.43540705763286
mace_invariants,94,50,16,52,1.457527728350745,1137.8349655783322,-18.04010127698911,0.4570565400128166,0.6564821976577678,0,-12.555071564014332
mace_invariants,94,51,17,46,1.4271945033535822,961.7687652830953,-41.53190389027065,0.6623847214404888,0.6564821976577678,1,4.7087821155725855
mace_invariants,94,52,17,52,1.4192501876847963,1025.1921481796574,-6.019712522188449,0.5116543376042013,0.6564821976577678,0,-19.37184454289863
mace_invariants,94,53,17,53,1.4054774701200734,998.9401751557916,-13.060188465233358,0.5645900548332561,0.6564821976577678,0,-10.833636510664052
mace_invariants,94,54,18,53,1.4125083655224295,1128.1206983059933,-37.69361748057763,0.5410877991940896,0.6564821976577678,0,-21.071354337854626
mace_invariants,94,55,18,54,1.401360932569208,1090.2577272170063,-14.999314601297035,0.4767646992215978,0.6564821976577678,0,-23.10154307711511
mace_invariants,94,56,18,59,1.4726022443596138,876.6588599667201,-39.92376882906027,0.5375011306802931,0.6564821976577678,0,-0.01623633433581162
mace_invariants,94,57,19,48,1.4154163793725598,1269.1998889967274,-4.135368153438889,0.6460521692625133,0.6564821976577678,0,-51.10795434812054
mace_invariants,94,58,19,54,1.4631381105047145,1044.1267415852353,-5.593139073649601,0.4491270971089104,0.6564821976577678,0,-18.84375850762948
mace_invariants,94,59,19,55,1.373679486902283,911.9229375114274,-0.32323405149644463,0.4661608257328691,0.6564821976577678,0,-96.58047618705177
mace_invariants,94,60,20,49,1.3758587684781813,780.817592770126,31.678923004688457,0.5012792967178035,0.6564821976577678,0,-81.79948792137222
mace_invariants,94,61,20,55,1.3435790312786378,437.50103332323863,36.76548930598987,0.5501673438176939,0.6564821976577678,0,-138.20880116229284
mace_invariants,94,62,20,56,1.4561562442566156,977.5031844867024,15.02585791492735,0.4886229084660977,0.6564821976577678,0,-5.642459153440871
mace_invariants,94,63,21,50,1.3662617455748776,671.0173180063586,19.325735274493535,0.46404669840815965,0.6564821976577678,0,-105.02299359483014
mace_invariants,94,64,21,56,1.45299459756637,1083.5455645166485,39.352374059070534,0.3942072163636283,0.6564821976577678,0,-6.782785458967755
mace_invariants,94,65,21,57,1.4864206457535838,773.7583916101053,-6.789900553928073,0.39281454820684736,0.6564821976577678,0,-10.797629854119396
mace_invariants,94,66,22,51,1.333348821078626,241.10755562536983,-20.9257008460519,0.5143317152345577,0.6564821976577678,0,-64.4412887286645
mace_invariants,94,67,22,57,1.4392385686925124,1261.4800763814087,-6.600076336449816,0.45525811350337864,0.6564821976577678,0,-5.745488375305975
mace_invariants,94,68,22,58,1.4490732350006528,1045.3503059296754,-23.325789261588472,0.4848558795736782,0.6564821976577678,0,-4.172655337838332
mace_invariants,94,69,23,52,1.4094316986697775,1087.6916683904797,-25.305176918223896,0.6115419332508587,0.6564821976577678,0,4.467398971270882
mace_invariants,94,70,23,58,1.4044997888009438,1105.5124682648193,-36.092978245510565,0.5838489416933028,0.6564821976577678,0,25.71542000757326
mace_invariants,94,71,23,59,1.4399494329129614,1012.475954789205,-37.772988599999955,0.6608909819661172,0.6564821976577678,1,23.10772112438033
mace_invariants,94,72,24,59,1.4500545237232507,1146.7006404116726,-13.434177405567274,0.5952869089782462,0.6564821976577678,0,1.8353973848139375
mace_invariants,94,73,24,60,1.4857509766468695,692.1983381096284,1.8791740913198969,0.5683330914731748,0.6564821976577678,0,-12.72077487330655
mace_invariants,94,74,24,65,1.4183908873987212,1020.8447269304222,-12.683128401199406,0.5926460010331878,0.6564821976577678,0,-12.901805839441728
mace_invariants,94,75,25,54,1.4144132311987314,1124.7470182481013,-22.787298354102745,0.49363747430360067,0.6564821976577678,0,-36.70909849433602
mace_invariants,94,76,25,60,1.3550443817569098,680.8063179297761,36.445690680406756,0.5274200882572246,0.6564821976577678,0,-75.93013643481244
mace_invariants,94,77,25,61,1.4641228847501944,789.8644240095708,21.70229857744146,0.48029748340037304,0.6564821976577678,0,-39.59301872567548
mace_invariants,94,78,26,55,1.5011237332547276,610.0516542019695,7.357050715361255,0.5693224682225568,0.6564821976577678,0,-73.21312150546963
mace_invariants,94,79,26,61,1.388735250411863,1141.515283830827,21.50353107235678,0.5389487486953706,0.6564821976577678,0,-1.3254220996228874
mace_invariants,94,80,26,62,1.4763609791364147,753.6799752606288,12.951177391627574,0.6429438194747474,0.6564821976577678,0,-57.64948901210708
mace_invariants,94,81,27,56,1.4208606499921896,1139.1895111414278,30.93667475872058,0.5291878546222745,0.6564821976577678,0,-60.998557509670675
mace_invariants,94,82,27,62,1.3281742144562902,-96.02090247305395,-2.4689837819571356,0.6643536412260612,0.6564821976577678,1,-177.492306038031
mace_invariants,94,83,27,63,1.480265447680916,828.2006984895296,10.499501465310573,0.6624427057065507,0.6564821976577678,1,-109.21235872792533
mace_invariants,94,84,28,57,1.3643409548128618,670.0612345766282,11.697251914256782,0.4264959277951356,0.6564821976577678,0,-26.781111344218544
mace_invariants,94,85,28,63,1.3877845747513935,969.263100286114,20.018532408014625,0.5611434470361929,0.6564821976577678,0,-76.3646205114207
mace_invariants,94,86,28,64,1.4191047664993053,1072.1188674109037,-13.378801621062042,0.5233746668407229,0.6564821976577678,0,-18.01962774900963
mace_invariants,94,87,29,58,1.4516470406277315,987.3346340934634,-33.605071386248355,0.4245363139524813,0.6564821976577678,0,-1.3119306643982718
mace_invariants,94,88,29,64,1.3932753600365706,1078.490750138698,-23.77773163392814,0.49181728692776905,0.6564821976577678,0,-9.508229262919363
mace_invariants,94,89,29,65,1.4183361444606206,1052.9195919345564,-12.414570661492856,0.4989374462802372,0.6564821976577678,0,-32.01643029687696
mace_invariants,94,90,30,65,1.3874304765600594,1012.0145262043934,-12.174526388038977,0.5850062221429881,0.6564821976577678,0,-28.420897689319553
mace_invariants,94,91,30,66,1.4469675523428345,1102.9092051488135,25.133358814992082,0.34685070288660097,0.6564821976577678,0,1.342756338186934
mace_invariants,94,92,30,71,1.4628849171799836,962.0623237913977,28.751935577122076,0.6701188694494044,0.6564821976577678,1,-11.522835898366099
mace_invariants,94,93,31,60,1.4533968075619281,901.5250503325999,-1.5488203021766753,0.5990908160430699,0.6564821976577678,0,-81.57889708800586
mace_invariants,94,94,31,66,1.3567595014175782,733.602972061671,53.42127128434463,0.38524820634669577,0.6564821976577678,0,-88.47527808582548
mace_invariants,94,95,31,67,1.3470094404985156,333.1557546456199,-30.8733052962357,0.6212927131011801,0.6564821976577678,0,-117.35803187440784
mace_invariants,94,96,32,61,1.4237382996860175,1134.024389486028,24.17690570075085,0.5267425154743095,0.6564821976577678,0,-38.84915913212552
mace_invariants,94,97,32,67,1.4742746372600655,844.1795781118999,-11.87072521110747,0.5960670173892713,0.6564821976577678,0,-61.29132678150894
mace_invariants,94,98,32,68,1.3674506281921135,845.4031212483717,19.941737301760416,0.6214498080847375,0.6564821976577678,0,-71.89251224776987
mace_invariants,94,99,33,62,1.3828741504948483,1029.6383449262273,0.9433277790050105,0.5523859190434945,0.6564821976577678,0,-75.03569633913577
mace_invariants,94,100,33,68,1.4064363930713153,1110.48416702743,2.3665404422931475,0.5430981408745457,0.6564821976577678,0,-45.42051975222961
mace_invariants,94,101,33,69,1.4846895419231463,801.6228963290972,-1.474491034690939,0.5313742517426125,0.6564821976577678,0,-18.16893897242237
mace_invariants,94,102,34,63,1.3771809475772032,1006.6262168806333,5.924506036878092,0.684722604163416,0.6564821976577678,1,-88.35562992685293
mace_invariants,94,103,34,69,1.4534300053205425,922.4949398948297,-7.5147097000122995,0.6656218723820444,0.6564821976577678,1,-21.19658768093897
mace_invariants,94,104,34,70,1.4745318642219176,919.4903609051408,9.071273652494202,0.7271303636691158,0.6564821976577678,1,-5.8523469048138175
mace_invariants,94,105,35,64,1.4602014177793732,1136.8235551373414,8.13231192207876,0.7472978023385859,0.6564821976577678,1,23.263262821177346
mace_invariants,94,106,35,70,1.341040769203884,353.25533908555633,-3.2405845168551726,0.8274743420397557,0.6564821976577678,1,-43.883665672639665
mace_invariants,94,107,35,71,1.3624367392858336,603.9722478899307,5.3602790102785605,0.8395306089974703,0.6564821976577678,1,-47.70441166411747
mace_invariants,65,0,0,36,1.4622436022949392,1056.6072441230378,-16.111319604570255,0.4530218785706387,0.6539687473509345,0,8.859260023027375
mace_invariants,65,1,0,41,1.442485067575715,1115.8583237674889,-1.0565519857526906,0.5431968607621113,0.6539687473509345,0,-31.09750060146574
mace_invariants,65,2,0,71,1.3898080435681002,1009.3716108655926,-46.541454569208334,0.4721352455336292,0.6539687473509345,0,-23.64345490803386
mace_invariants,65,3,1,36,1.3198933492284028,-85.81062713413479,-105.24785810570444,0.47196814450465924,0.6539687473509345,0,-99.55373140566522
mace_invariants,65,4,1,37,1.4917086605498664,828.7385625310519,-2.656607439833522,0.7452787446510726,0.6539687473509345,1,10.85411970418081
mace_invariants,65,5,1,66,1.399776704928703,881.0668491114235,-4.124269206620179,0.45796573876385854,0.6539687473509345,0,-99.49743843408814
mace_invariants,65,6,2,37,1.4658647049579165,1715.29902216799,68.00244857240773,1.0826286321774568,0.6539687473509345,1,59.52536785005241
mace_invariants,65,7,2,38,1.4979433143666026,896.9727686995084,0.8726548497045988,0.8375980471011221,0.6539687473509345,1,2.656030586390017
mace_invariants,65,8,2,67,1.400968195847968,1033.7215145601206,-38.35126322568395,0.8722034580972127,0.6539687473509345,1,53.94855317037932
mace_invariants,65,9,3,38,1.3118625119806846,-330.6214883911696,-66.4817532372816,0.47109946366589694,0.6539687473509345,0,-125.21648928114138
mace_invariants,65,10,3,39,1.4290786076401183,1037.290206899253,1.4932992987605544,0.40726561446710197,0.6539687473509345,0,-72.46790363438774
mace_invariants,65,11,3,68,1.457525015179946,1145.9315150413163,-53.23149980217692,0.4817575863412185,0.6539687473509345,0,5.546212228042624
mace_invariants,65,12,4,39,1.4443060089054314,1178.1604454205149,-13.931286175959395,0.3969131819738425,0.6539687473509345,0,-21.439500088208504
mace_invariants,65,13,4,40,1.4574032943381332,1057.030249872799,6.054074545865317,0.44954777019524683,0.6539687473509345,0,11.343996439219257
mace_invariants,65,14,4,69,1.4366700772715324,1174.6456996675493,-5.191568884544067,0.6253811596316544,0.6539687473509345,0,-30.44736008546115
mace_invariants,65,15,5,40,1.4243779819184519,1185.0431863941828,4.054904288164657,0.5354255110952667,0.6539687473509345,0,-10.555288417802839
mace_invariants,65,16,5,41,1.3959560347626712,1158.7320761124204,-28.79702822520778,0.6085197391940513,0.6539687473509345,0,-37.59036248681237
mace_invariants,65,17,5,70,1.4972169285577346,644.9821894395966,-31.977715763666293,0.6837350117393579,0.6539687473509345,1,-16.068278753476747
mace_invariants,65,18,6,41,1.390050777285507,985.3629953137162,8.167910207615554,0.552412364639032,0.6539687473509345,0,-59.10317547539616
mace_invariants,65,19,6,42,1.447806653915352,1019.2130516811646,-20.800593434566586,0.40024347320458653,0.6539687473509345,0,-116.10837923883741
mace_invariants,65,20,6,47,1.420916595401595,1197.8913588504709,-9.614517484615128,0.4762873889383163,0.6539687473509345,0,2.310934645164995
mace_invariants,65,21,7,36,1.4574200621561477,1220.9022361179693,-8.431845542016557,0.36744363197886437,0.6539687473509345,0,10.5234847019758
mace_invariants,65,22,7,42,1.3391327118614944,262.52419746290576,-33.5259096710521,0.3054497227358915,0.6539687473509345,0,1.0246178277808724
mace_invariants,65,23,7,43,1.5360806596388827,135.57726494703033,-9.754112549731218,0.2449779433142767,0.6539687473509345,0,29.39316525454271
mace_invariants,65,24,8,37,1.3927529576364828,814.8209766493686,-17.42525474189991,0.7922333390102564,0.6539687473509345,1,131.77495151203593
mace_invariants,65,25,8,43,1.3575630510804555,616.9064826707946,12.321267095713141,0.39645705019925537,0.6539687473509345,0,67.45732801166051
mace_invariants,65,26,8,44,1.4002809869949857,707.513413407286,-7.705042927734169,0.6532076610010784,0.6539687473509345,0,119.66115892796827
mace_invariants,65,27,9,38,1.374432310514095,778.765574238224,-19.096381697996534,0.4017088668101536,0.6539687473509345,0,-101.51676699205336
mace_invariants,65,28,9,44,1.5510591645991127,-221.25364666821326,-33.48578648695841,0.5077137738773103,0.6539687473509345,0,-53.24200041242175
mace_invariants,65,29,9,45,1.391798758476647,947.3315523580676,-19.36855590987706,0.3679487962042015,0.6539687473509345,0,-28.274010839902473
mace_invariants,65,30,10,39,1.41096963657844,1057.4372752636023,-4.557549341180012,0.4215636362972571,0.6539687473509345,0,-54.39958604120658
mace_invariants,65,31,10,45,1.39229491504608,873.9663856653366,10.940026499996023,0.4516374148901,0.6539687473509345,0,-94.93200457905763
mace_invariants,65,32,10,46,1.3576217727735305,595.948092130021,-26.65392352055172,0.471259144241574,0.6539687473509345,0,-115.19888257302367
mace_invariants,65,33,11,40,1.403253715282966,1105.886970941727,-33.52520173379464,0.4777675236935712,0.6539687473509345,0,-46.02182482668967
mace_invariants,65,34,11,46,1.373419000957773,877.9630072438596,-9.670167819700994,0.4748284434164838,0.6539687473509345,0,-92.79377580503385
mace_invariants,65,35,11,47,1.4515167265535731,1194.6225165105343,12.665820928900521,0.4747367760916401,0.6539687473509345,0,-5.386643916766541
mace_invariants,65,36,12,47,1.4494005910787482,1094.0309049632172,-17.83328075901701,0.463364709071824,0.6539687473509345,0,19.492153048102978
mace_invariants,65,37,12,48,1.3949103676174117,940.2677368256784,-32.99788286735434,0.42096377460520906,0.6539687473509345,0,-17.94399618124578
mace_invariants,65,38,12,53,1.4382265047970735,1250.756315548533,-3.0001547285613066,0.4465152454965172,0.6539687473509345,0,13.045987454765687
mace_invariants,65,39,13,42,1.4668780840530653,931.7819316673709,-25.761253829865144,0.3790691043432672,0.6539687473509345,0,4.777142106365183
mace_invariants,65,40,13,48,1.348069609005279,604.3746463866887,1.0706711647722258,0.41271208561038203,0.6539687473509345,0,-29.14927580443888
mace_invariants,65,41,13,49,1.4811646067349575,1023.9079746723725,-9.657122646478676,0.485343162491339,0.6539687473509345,0,16.521510233598427
mace_invariants,65,42,14,43,1.4597187099506868,983.708913551904,-12.584730636906283,0.2805097318134173,0.6539687473509345,0,38.76010066375748
mace_invariants,65,43,14,49,1.296308069719481,-838.6584585454666,-150.74015123465495,0.44725556938310396,0.6539687473509345,0,-51.15816305131536
mace_invariants,65,44,14,50,1.4432589468508916,1309.394158100305,-38.73302275439046,0.37313211948559627,0.6539687473509345,0,1.8409333054640484
mace_invariants,65,45,15,44,1.4273916589481437,1306.4523584702233,-2.198320112858407,0.5711510762726815,0.6539687473509345,0,60.90503524458514
mace_invariants,65,46,15,50,1.421472838103007,1101.9295711368138,-38.73037346910346,0.4070228531430374,0.6539687473509345,0,-28.179102622325786
mace_invariants,65,47,15,51,1.4319536794719476,1042.8125470491932,-64.20796686186361,0.4080596414407315,0.6539687473509345,0,0.1693404809769099
mace_invariants,65,48,16,45,1.437317563771016,1043.5714500469423,-33.69353446897722,0.3933324117448488,0.6539687473509345,0,-18.054808802461473
mace_invariants,65,49,16,51,1.4260731281505619,1175.7157404607383,-20.661251302983075,0.37000595458600766,0.6539687473509345,0,1.464404966279055
mace_invariants,65,50,16,52,1.422784860907071,965.2459482281882,-12.117746366850293,0.43863402504680044,0.6539687473509345,0,9.02485492765992
mace_invariants,65,51,17,46,1.4596454530905298,880.3472110800561,-20.89424167068176,0.4926830167201426,0.6539687473509345,0,-75.60727577732298
mace_invariants,65,52,17,52,1.3761633050430189,797.9069875684877,-12.088789938287565,0.5183629006706203,0.6539687473509345,0,-4.687882390838475
mace_invariants,65,53,17,53,1.472432601935258,1049.4032422758933,-31.562245231226907,0.4757418858199922,0.6539687473509345,0,3.674079015238785
mace_invariants,65,54,18,53,1.381249731149028,882.6531158761775,-47.79496122304771,0.4870549975327423,0.6539687473509345,0,-21.307036584898803
mace_invariants,65,55,18,54,1.46211997247719,966.688680440459,8.28076789362274,0.6436418390319677,0.6539687473509345,0,69.33719816568521
mace_invariants,65,56,18,59,1.3577838606015133,665.960988134094,-39.73436034087976,0.5113223136928915,0.6539687473509345,0,-54.3527559750225
mace_invariants,65,57,19,48,1.4250439143849456,904.0979939633457,2.5542178795463406,0.388320975079839,0.6539687473509345,0,-34.72299538530052
mace_invariants,65,58,19,54,1.519834078689076,466.45610161907285,-7.546090245990893,0.5704592874703724,0.6539687473509345,0,1.361610499620351
mace_invariants,65,59,19,55,1.3251074970658214,123.38434640866647,-23.927296833234614,0.41821158724776064,0.6539687473509345,0,-15.887284661237075
mace_invariants,65,60,20,49,1.4173514219691496,980.7702992343794,-11.03707563835558,0.37436077228213965,0.6539687473509345,0,17.98839533649636
mace_invariants,65,61,20,55,1.442147562724644,963.5503732416267,-26.455782483030323,0.3316203075691043,0.6539687473509345,0,-59.842310127368414
mace_invariants,65,62,20,56,1.4373484107456713,1125.9502360064241,-27.775628757911743,0.37823071710871486,0.6539687473509345,0,-12.411135565321102
mace_invariants,65,63,21,50,1.3689541956154991,927.9067815830812,17.004744930653807,0.44162076778163145,0.6539687473509345,0,-52.02950067990938
mace_invariants,65,64,21,56,1.4602990105821476,1115.44706583492,-31.22751556238713,0.5196141625057143,0.6539687473509345,0,-28.107590557083338
mace_invariants,65,65,21,57,1.4114368663791956,962.9604739182076,-62.003647721878814,0.5383094287703829,0.6539687473509345,0,-74.98247921037277
mace_invariants,65,66,22,51,1.4136379006954665,1092.3146064364141,-9.242334937157436,0.466174466851334,0.6539687473509345,0,-56.61684490349049
mace_invariants,65,67,22,57,1.369302900501576,991.6577366183245,-25.490265044208865,0.5618263395423914,0.6539687473509345,0,-105.79369121331669
mace_invariants,65,68,22,58,1.412042226843043,1026.1136914182725,-11.338774664971796,0.5299462411231463,0.6539687473509345,0,-58.486954826249004
mace_invariants,65,69,23,52,1.4264893886346734,1033.502718616764,-30.861606972677823,0.5407056737160385,0.6539687473509345,0,12.19680112926008
mace_invariants,65,70,23,58,1.4644458410832273,892.6220586665492,-23.762003845660338,0.5358493775270579,0.6539687473509345,0,18.646260101317537
mace_invariants,65,71,23,59,1.4673312561948402,932.0198612783332,-21.32122749713824,0.5223519750255595,0.6539687473509345,0,0.6334365406568878
mace_invariants,65,72,24,59,1.4711923856501437,827.797358932565,-37.41798286070638,0.530350401336705,0.6539687473509345,0,-1.2809817074317493
mace_invariants,65,73,24,60,1.4545224991795536,1057.6146657896034,-26.960605886823032,0.5487329891906287,0.6539687473509345,0,-24.5417549289858
mace_invariants,65,74,24,65,1.3175206748177444,-302.1002676076353,-125.93196767738934,0.6181400280755684,0.6539687473509345,0,-74.67740813697516
mace_invariants,65,75,25,54,1.4214568553458007,1201.0496772187191,-0.27135713460281485,0.6567916937302245,0.6539687473509345,1,82.7645555946786
mace_invariants,65,76,25,60,1.3929200767497565,1002.4340693762599,-32.413841262304274,0.5428547562450721,0.6539687473509345,0,7.193731545845871
mace_invariants,65,77,25,61,1.3869632124476805,875.6666574393367,-1.3073952608780512,0.5775853926364529,0.6539687473509345,0,-59.02666189069543
mace_invariants,65,78,26,55,1.4545589739018574,1079.3268300497427,-38.35715688045208,0.4681447004508905,0.6539687473509345,0,-7.127916928295759
mace_invariants,65,79,26,61,1.4405037326233319,1114.8525617063156,-11.254490791457465,0.5411860995797307,0.6539687473509345,0,-18.765892927588325
mace_invariants,65,80,26,62,1.3730997061111108,1033.0650033911656,-17.749037061762415,0.4934882171586422,0.6539687473509345,0,-17.569594476173954
mace_invariants,65,81,27,56,1.4460717280646853,998.8814650784018,-36.3426159456536,0.6696861021486932,0.6539687473509345,1,-33.412620674089766
mace_invariants,65,82,27,62,1.4606821127335028,855.7627983197923,-35.818921302423924,0.6484192093168344,0.6539687473509345,0,-16.950241297802705
mace_invariants,65,83,27,63,1.3824479345777976,971.8043957467239,-39.71350418329081,0.8912269263939618,0.6539687473509345,1,68.05767974346645
mace_invariants,65,84,28,57,1.379283360724125,1049.9859595715527,-29.46784976474596,0.6400042278158261,0.6539687473509345,0,-78.81584767351909
mace_invariants,65,85,28,63,1.4977944743411533,1091.6802088891104,-19.60288304352984,0.8428497857964262,0.6539687473509345,1,-86.87584898707732
mace_invariants,65,86,28,64,1.372963519103916,795.4618944377671,-84.4034386056783,0.6948968564180696,0.6539687473509345,1,-71.9498622199022
mace_invariants,65,87,29,58,1.4202438933528996,1148.1908573167923,-53.03589676747763,0.5696149233397791,0.6539687473509345,0,1.0678200110774334
mace_invariants,65,88,29,64,1.3789693128419653,1013.2153076191132,-30.563593971703654,0.6563876503612678,0.6539687473509345,1,-79.2043903174069
mace_invariants,65,89,29,65,1.5077180862249586,384.51812238787727,-50.76274354498778,0.6439071475771442,0.6539687473509345,0,-63.13069860049338
mace_invariants,65,90,30,65,1.398430227951114,1009.5638566031296,-37.01091741640111,0.5406378633853839,0.6539687473509345,0,-57.20216748262035
mace_invariants,65,91,30,66,1.4046977137579169,1145.5201298305494,-42.94539397441056,0.4173779718301206,0.6539687473509345,0,-19.00846713316613
mace_invariants,65,92,30,71,1.4611375605078698,981.5564989279621,-42.671705303281875,0.4504937445339118,0.6539687473509345,0,-12.431753115462799
mace_invariants,65,93,31,60,1.5260215966255175,328.22842723209743,-12.7864406796383,0.5826945150530259,0.6539687473509345,0,1.4230700008282398
mace_invariants,65,94,31,66,1.4375601800557152,1004.0711461882472,-14.015812699182321,0.5288416623827021,0.6539687473509345,0,-22.453072502208503
mace_invariants,65,95,31,67,1.465626230067246,954.3822457793535,-14.615679339346428,0.6057294941896723,0.6539687473509345,0,23.232396248212204
mace_invariants,65,96,32,61,1.401891534443726,1191.2184337455233,14.592901921764472,0.537283787458492,0.6539687473509345,0,-42.10609341280361
mace_invariants,65,97,32,67,1.4161382827834514,1071.0844155124466,14.642391823449861,0.5255881302037574,0.6539687473509345,0,6.619828251984018
mace_invariants,65,98,32,68,1.5148292445263376,499.6450960941121,-43.81738169384054,0.5016408418829883,0.6539687473509345,0,30.198700900741336
mace_invariants,65,99,33,62,1.4192784754096361,1067.282999501439,-67.03657236957012,0.5698607622994956,0.6539687473509345,0,-38.49318581527915
mace_invariants,65,100,33,68,1.391084458487832,996.9370676650618,-27.081161063346485,0.5819156991450803,0.6539687473509345,0,30.82744619672261
mace_invariants,65,101,33,69,1.3475596008043589,217.8418574215507,-82.72177502954534,0.7358917049287758,0.6539687473509345,1,-96.03586506317293
mace_invariants,65,102,34,63,1.5602966323152094,-433.80950075081023,-62.71374836313988,0.8380290203909593,0.6539687473509345,1,-10.603109011176834
mace_invariants,65,103,34,69,1.4667022593355685,916.8818125489739,-3.3505787352332077,0.7612522459431119,0.6539687473509345,1,-25.730551961542012
mace_invariants,65,104,34,70,1.414855391344323,1193.1820209988339,-67.23309972256767,0.7337283571507955,0.6539687473509345,1,12.881521287121622
mace_invariants,65,105,35,64,1.4839054222554193,778.289548347106,-36.79471338067142,0.8281959348482107,0.6539687473509345,1,-14.939732694096953
mace_invariants,65,106,35,70,1.413627303541222,1432.473571450145,-49.570121023276805,0.8718482009864036,0.6539687473509345,1,-9.645496610022043
mace_invariants,65,107,35,71,1.4319571212437552,1164.7656987203884,-44.82498629929833,0.7255713132126149,0.6539687473509345,1,6.323520002375638
mace_invariants,87,0,0,36,1.3676056508713499,856.3514717138005,11.55208370559596,0.4650248305163257,0.6546745674348857,0,-138.7005889250242
mace_invariants,87,1,0,41,1.4257492259192899,1083.5903519777273,22.417069341158573,0.3773793020571319,0.6546745674348857,0,-114.65774387576467
mace_invariants,87,2,0,71,1.3339262991076744,327.38724565996336,47.78980445752104,0.516251124759239,0.6546745674348857,0,-132.15915063891416
mace_invariants,87,3,1,36,1.4110429873589032,1104.917740874781,-16.600843502229623,0.6418245500515503,0.6546745674348857,0,-25.035069044211998
mace_invariants,87,4,1,37,1.477549198024956,840.5798750100541,-14.635290132828564,0.6497482677334029,0.6546745674348857,0,24.74637095144971
mace_invariants,87,5,1,66,1.4189209202942137,1419.7472088339382,-27.031468965229955,0.7074186815406169,0.6546745674348857,1,22.142246390212048
mace_invariants,87,6,2,37,1.4407934995457314,1059.9103930994013,-44.064942984819,0.5616387709956127,0.6546745674348857,0,-10.910032784625932
mace_invariants,87,7,2,38,1.4493368938337616,991.2879729468123,-31.637992169723265,0.5914028938790511,0.6546745674348857,0,-13.861959100796113
mace_invariants,87,8,2,67,1.3761539358405541,901.2565884758199,-10.542785015332779,0.6323352905176053,0.6546745674348857,0,-40.13126399567236
mace_invariants,87,9,3,38,1.4119615439412072,978.0986151586563,-15.839531039852847,0.5614204548405288,0.6546745674348857,0,-24.59431475686795
mace_invariants,87,10,3,39,1.4094291914800903,1118.983994726869,-8.352803210687973,0.5254747233343988,0.6546745674348857,0,-19.299230944146494
mace_invariants,87,11,3,68,1.471197783504387,940.7647579835545,-26.05018398727795,0.8072510634652057,0.6546745674348857,1,27.98271498635815
mace_invariants,87,12,4,39,1.4622780672995155,839.1184510572258,-28.257128916379287,0.544759710832291,0.6546745674348857,0,-29.135088005586
mace_invariants,87,13,4,40,1.3738097124560567,780.5540241726403,-55.215009296560396,0.5570858681184605,0.6546745674348857,0,-76.66644292431853
mace_invariants,87,14,4,69,1.4557074927983815,993.20357880115,-37.99746115731604,0.5054951652350853,0.6546745674348857,0,-23.808694118471827
mace_invariants,87,15,5,40,1.4670615910998215,1405.9830929643774,-21.057366312397644,0.58058344174325,0.6546745674348857,0,-36.3442237351943
mace_invariants,87,16,5,41,1.3712875950607852,883.9309899161066,-15.518064694811526,0.4788696469387256,0.6546745674348857,0,-52.59706956026206
mace_invariants,87,17,5,70,1.457947802531317,1049.8022290753138,6.941471238473242,0.6039734236679943,0.6546745674348857,0,-12.405675410067463
mace_invariants,87,18,6,41,1.4738740678976952,783.5917142846274,-38.1699801750079,0.5167667412509597,0.6546745674348857,0,-16.41149794222144
mace_invariants,87,19,6,42,1.4608151004685,1008.1425534786295,-4.767894238516254,0.6445071850753652,0.6546745674348857,0,-16.08568891856736
mace_invariants,87,20,6,47,1.4626965000014402,1190.1206082436195,-36.52163350739514,0.5683584560429998,0.6546745674348857,0,-16.354563041444155
mace_invariants,87,21,7,36,1.3845442131715606,957.0208121832497,-3.9181030381215702,0.5979414399916227,0.6546745674348857,0,-98.31016622630437
mace_invariants,87,22,7,42,1.3775834015847999,864.7646315159063,-34.35170164688775,0.6380363553568345,0.6546745674348857,0,-77.28205138622855
mace_invariants,87,23,7,43,1.506900677466636,556.0292424430266,1.430235593125613,0.7078396482038504,0.6546745674348857,1,-15.129919897098816
mace_invariants,87,24,8,37,1.4534420954300336,993.505260302627,-23.20662451210349,0.5637594039568817,0.6546745674348857,0,-2.521186223744163
mace_invariants,87,25,8,43,1.4212420212357686,1163.734698899952,-9.401624571890153,0.6657338944872567,0.6546745674348857,1,27.576468625582752
mace_invariants,87,26,8,44,1.3893984479940906,916.8514667689691,-28.777219655497728,0.5640642312070409,0.6546745674348857,0,-52.175184133163896
mace_invariants,87,27,9,38,1.4011935797530486,1294.0275434952991,4.940396851053394,0.5389462770248816,0.6546745674348857,0,12.432064516029737
mace_invariants,87,28,9,44,1.4235564781130146,1038.1573884460759,-34.80613149755309,0.5094869813916023,0.6546745674348857,0,14.82665493718326
mace_invariants,87,29,9,45,1.4649057848561882,1023.1846519849528,-38.43458850559896,0.4159048672602888,0.6546745674348857,0,8.154752608619848
mace_invariants,87,30,10,39,1.4846562309528195,555.1021519474314,-81.17276917809247,0.5043320211224633,0.6546745674348857,0,-53.0676186318281
mace_invariants,87,31,10,45,1.3124207731305897,-351.99405453104805,-144.83778415911553,0.41723634286400046,0.6546745674348857,0,-140.36001045853038
mace_invariants,87,32,10,46,1.3622249107774889,614.1213597578832,-82.30506789950675,0.5495189356389151,0.6546745674348857,0,-75.56156620374863
mace_invariants,87,33,11,40,1.3865241578003549,1243.9724467871765,-44.62517650142846,0.7522598514802513,0.6546745674348857,1,18.242532644624124
mace_invariants,87,34,11,46,1.4553593526262998,1420.6054685968738,-0.008047657436905872,0.7851206087105335,0.6546745674348857,1,48.170036498325004
mace_invariants,87,35,11,47,1.4155227999913744,1227.9454007476133,-47.85651213122,0.702137771467767,0.6546745674348857,1,37.109676043679116
mace_invariants,87,36,12,47,1.3996420402550005,1304.879928730621,26.463118780546658,0.6714966891897319,0.6546745674348857,1,13.410770053836433
mace_invariants,87,37,12,48,1.3657089917376073,870.3405256951035,-24.24701934129409,0.744986296075439,0.6546745674348857,1,-1.9177880453794245
mace_invariants,87,38,12,53,1.5380460693438465,1040.9596562488819,0.42254253351165644,0.8979850286640065,0.6546745674348857,1,10.28315278823992
mace_invariants,87,39,13,42,1.462357812081196,1564.2495200944509,-25.13639421953548,0.7709193870517902,0.6546745674348857,1,25.85985286258033
mace_invariants,87,40,13,48,1.4461009675450496,1295.320458296389,8.537995135991663,0.7682602649051319,0.6546745674348857,1,14.476910348493472
mace_invariants,87,41,13,49,1.430861054826249,1146.5222028299863,-13.100059878294978,0.7708559128035875,0.6546745674348857,1,43.92858516566979
mace_invariants,87,42,14,43,1.4603777555527169,1264.6699384960175,-15.379245669431574,0.6700698638928686,0.6546745674348857,1,7.208756116084064
mace_invariants,87,43,14,49,1.4527701995036983,1019.5802353151499,-10.801806554067165,0.6002030967976499,0.6546745674348857,0,-24.638425402697788
mace_invariants,87,44,14,50,1.3430583377270968,458.52806169717,-14.530309261844065,0.5879015007289321,0.6546745674348857,0,-80.1840569256528
mace_invariants,87,45,15,44,1.3918675649653125,1160.9898897288754,4.35117047920611,0.5353044349679036,0.6546745674348857,0,28.1151181410164
mace_invariants,87,46,15,50,1.467745393793857,1062.39734569203,-31.310927497779293,0.5548057350841828,0.6546745674348857,0,52.11449370100401
mace_invariants,87,47,15,51,1.434333310799874,1136.3452391620078,-46.50392760945891,0.557291403688768,0.6546745674348857,0,57.44609031915854
mace_invariants,87,48,16,45,1.4543285937440267,990.8939305895263,19.72520596236851,0.37594816072054127,0.6546745674348857,0,-4.331682594188191
mace_invariants,87,49,16,51,1.511589303080954,481.91809391770613,-11.514336184192537,0.4915172435727192,0.6546745674348857,0,23.855969682827652
mace_invariants,87,50,16,52,1.3693699110016269,756.6624153004371,6.764559889331778,0.46907739794691744,0.6546745674348857,0,19.454304488706118
mace_invariants,87,51,17,46,1.492496337688496,1171.273105655639,53.53982745446538,0.7269905852921106,0.6546745674348857,1,0.2927756138967368
mace_invariants,87,52,17,52,1.4611812058094016,1264.077890125756,-8.406455078395124,0.6878372297435722,0.6546745674348857,1,22.457284084033336
mace_invariants,87,53,17,53,1.4322073830760726,1312.3803265371089,-20.38566636708513,0.8704960875236187,0.6546745674348857,1,-21.293051579927276
mace_invariants,87,54,18,53,1.3742515299411462,994.6647443032348,16.491498945883386,0.9410376215919298,0.6546745674348857,1,3.8851863954448227
mace_invariants,87,55,18,54,1.4435241264441347,1546.2641418800943,-50.720483521076126,0.7847726068728482,0.6546745674348857,1,-9.780643504901324
mace_invariants,87,56,18,59,1.4506459026972989,1343.523429550546,26.947923965508206,0.852591324991147,0.6546745674348857,1,17.618278875479465
mace_invariants,87,57,19,48,1.4151356874045458,1108.880955186974,-38.81195093118513,0.6364274507290177,0.6546745674348857,0,-25.30725231958923
mace_invariants,87,58,19,54,1.501620507918092,797.0817727186671,16.85441039979453,0.6331611685985037,0.6546745674348857,0,-5.186461598338433
mace_invariants,87,59,19,55,1.4622154539846681,1244.9181481773094,-36.6306478009489,0.5955028817319518,0.6546745674348857,0,13.48237709370736
mace_invariants,87,60,20,49,1.4470983083497728,1413.578284521193,-2.3142035507172296,0.5732410936921749,0.6546745674348857,0,18.314730785004354
mace_invariants,87,61,20,55,1.4348392874094296,1240.0799535940266,-10.39493879236855,0.5297208767966535,0.6546745674348857,0,-8.354134626516263
mace_invariants,87,62,20,56,1.3980298678995853,1287.0174366712902,31.76791769874727,0.7259120041720043,0.6546745674348857,1,-8.347435738049034
mace_invariants,87,63,21,50,1.480038198412267,821.0255087882867,-28.92837680999473,0.53464432222072,0.6546745674348857,0,6.3325003203943595
mace_invariants,87,64,21,56,1.406470147800349,1171.2131099808355,1.9388921911123362,0.6996168287692672,0.6546745674348857,1,22.322192142603317
mace_invariants,87,65,21,57,1.4513493970900073,1097.8044128632846,-0.1629959637587438,0.3999576066218763,0.6546745674348857,0,4.191949487089364
mace_invariants,87,66,22,51,1.304118562534494,-654.5065711186134,-172.55215748630908,0.49380766258618874,0.6546745674348857,0,-108.19248221021735
mace_invariants,87,67,22,57,1.4325845952428513,899.8146179321346,-2.0144093074279597,0.35663527838276,0.6546745674348857,0,8.874065088822753
mace_invariants,87,68,22,58,1.351405525092858,471.47199806815263,-18.447248231806547,0.34097061272001405,0.6546745674348857,0,-5.944834717156894
mace_invariants,87,69,23,52,1.3966764378722314,1117.7777957819992,-5.522605862226755,0.5624311032910139,0.6546745674348857,0,60.79222783170414
mace_invariants,87,70,23,58,1.538821244205001,168.00816071776558,-81.53138437549568,0.4320338990506409,0.6546745674348857,0,-106.23998240620003
mace_invariants,87,71,23,59,1.4943554870222482,991.1822738891527,-12.187980433645794,0.6566436644702776,0.6546745674348857,1,4.184111451038284
mace_invariants,87,72,24,59,1.3511986435958705,949.079233040473,35.17146891789046,0.7270807143721956,0.6546745674348857,1,-35.72500775058971
mace_invariants,87,73,24,60,1.4450824295020779,1120.946420139529,36.01276559119621,0.7318016234136024,0.6546745674348857,1,-11.511841423711957
mace_invariants,87,74,24,65,1.4546553701221627,1188.7243310787453,26.004859949229157,0.5762975082501927,0.6546745674348857,0,69.50030649378755
mace_invariants,87,75,25,54,1.3800260859345534,999.3965657003346,4.416295884674633,0.5643599627690339,0.6546745674348857,0,-64.60868937351738
mace_invariants,87,76,25,60,1.5257754507360446,141.85691982961325,-20.116349019285128,0.6368995899287395,0.6546745674348857,0,-15.4406234296654
mace_invariants,87,77,25,61,1.4323922582098096,1065.6209710380108,-3.3619226362325785,0.5194527278315262,0.6546745674348857,0,-40.27185624167
mace_invariants,87,78,26,55,1.4313492214582324,987.0151571011662,-49.7252798608981,0.5479159784145102,0.6546745674348857,0,-11.577661645778672
mace_invariants,87,79,26,61,1.4191169193758841,1074.491116127438,-35.96998267517015,0.5406670303435543,0.6546745674348857,0,-22.475703251947053
mace_invariants,87,80,26,62,1.4246237166926345,1150.9140532346585,-52.249806379950414,0.5648799455002634,0.6546745674348857,0,-30.896339046023343
mace_invariants,87,81,27,56,1.4147547213509504,921.7020989395057,-3.96017133688939,0.8022007387583072,0.6546745674348857,1,6.875650178803156
mace_invariants,87,82,27,62,1.4156506977505219,1005.4669469259208,4.001840422137658,0.6229735784687094,0.6546745674348857,0,-41.04611082380991
mace_invariants,87,83,27,63,1.47643642237516,873.1698263476547,-22.46406250526152,0.6128346809468384,0.6546745674348857,0,1.094587532783617
mace_invariants,87,84,28,57,1.4374450544790984,1006.3538216935888,-1.9689923291512486,0.4486219186963264,0.6546745674348857,0,15.529988867657668
mace_invariants,87,85,28,63,1.427857474851477,1168.8518292083895,19.17659508009687,0.5589150830322485,0.6546745674348857,0,3.0173926929027814
mace_invariants,87,86,28,64,1.351370440619685,491.33632205103595,-7.940389275110168,0.7104196187058409,0.6546745674348857,1,-121.63691049911354
mace_invariants,87,87,29,58,1.3905887970053608,1003.2696995199382,-53.91344709109576,0.31607354935360543,0.6546745674348857,0,34.93379064769272
mace_invariants,87,88,29,64,1.3387085669800558,246.5121617434486,-11.636566664357828,0.5935359150258659,0.6546745674348857,0,-120.41327794719635
mace_invariants,87,89,29,65,1.4033558024208292,1008.9501805063452,9.671627375114177,0.3899001086512392,0.6546745674348857,0,36.74407884218604
mace_invariants,87,90,30,65,1.4643338105796446,927.7906983945613,-34.76341637011823,0.4667210725174771,0.6546745674348857,0,16.653836237795968
mace_invariants,87,91,30,66,1.3840306447836694,877.4391977586829,-42.05088096554845,0.5811101809222086,0.6546745674348857,0,-61.57375109392284
mace_invariants,87,92,30,71,1.3887446216603396,910.69921316627,-10.31786797723798,0.566742343676055,0.6546745674348857,0,-88.48952193697134
mace_invariants,87,93,31,60,1.3704026547479773,1137.2924453830542,-7.005987810313351,0.6491981691679187,0.6546745674348857,0,-31.50812734056725
mace_invariants,87,94,31,66,1.4611229673749808,938.4901463641793,-19.77955618419962,0.6080831624092404,0.6546745674348857,0,-20.706793476741183
mace_invariants,87,95,31,67,1.4261998788561028,1103.0881337721742,-25.343197573724257,0.621109268124019,0.6546745674348857,0,-30.79596998407709
mace_invariants,87,96,32,61,1.3834886069848509,844.9551455062983,-42.362359016662616,0.6947500329955656,0.6546745674348857,1,-19.364854184953487
mace_invariants,87,97,32,67,1.403887979546066,1077.4020838674905,-17.05842549285357,0.7841079940488793,0.6546745674348857,1,-24.37608644304325
mace_invariants,87,98,32,68,1.4029705444617766,1131.524289683715,-49.89002315392871,0.989006206035002,0.6546745674348857,1,28.652805095870146
mace_invariants,87,99,33,62,1.5182578937935352,297.5498636215733,-70.34571183223129,0.5813510396064812,0.6546745674348857,0,-17.842378723677612
mace_invariants,87,100,33,68,1.411302100465413,1186.2737922052088,-13.61351389157095,0.8513942974892084,0.6546745674348857,1,-23.76157383432556
mace_invariants,87,101,33,69,1.4444121611652234,1173.387316787514,-45.20862387108355,0.5303534117611959,0.6546745674348857,0,-15.939866827815493
mace_invariants,87,102,34,63,1.395341019768232,1081.3005825075863,0.7077080172138359,0.587885106039659,0.6546745674348857,0,13.173894415116859
mace_invariants,87,103,34,69,1.4204610811438707,1056.8978575114081,-7.122587084542774,0.5470263757162449,0.6546745674348857,0,-8.189648776176
mace_invariants,87,104,34,70,1.3794986411913712,949.2296076346754,-14.000585919217425,0.6220070605243644,0.6546745674348857,0,-48.072601274660315
mace_invariants,87,105,35,64,1.5126237297240805,581.7911754314567,-92.8155623103524,0.7819834524440414,0.6546745674348857,1,-103.84541003053403
mace_invariants,87,106,35,70,1.474783178548835,966.5723380179436,-18.942078521260015,0.6646008712551544,0.6546745674348857,1,23.603659144214976
mace_invariants,87,107,35,71,1.4561092613033069,856.2372672620884,-48.336560159118264,0.6783689172279928,0.6546745674348857,1,-55.64290857993956
mace_invariants,272,0,0,36,1.4766867076248007,866.5590683567858,-23.55086658400405,0.6351316857739221,0.6513202737368325,0,-42.04375100694553
mace_invariants,272,1,0,41,1.462651921041856,759.0523425860658,21.20295574967172,0.5720922451587511,0.6513202737368325,0,-36.80668897039207
mace_invariants,272,2,0,71,1.4586504185074207,896.5548293633459,-6.879518568434,0.6130195667451531,0.6513202737368325,0,22.23900267693208
mace_invariants,272,3,1,36,1.3644063362164927,316.3837198043118,9.001976250247408,0.7498360180300403,0.6513202737368325,1,9.941629129891066
mace_invariants,272,4,1,37,1.3618611546599386,525.1065000249613,42.878157674911826,0.8116879487818591,0.6513202737368325,1,94.96691944211435
mace_invariants,272,5,1,66,1.3603401314695862,504.0591499505873,17.803151369183702,0.5303249135790399,0.6513202737368325,0,-12.610304648388173
mace_invariants,272,6,2,37,1.493951967153799,518.6805779648615,-20.231454529987314,0.7243028915948773,0.6513202737368325,1,0.4589045921890573
mace_invariants,272,7,2,38,1.5491541956850376,-318.6366212365721,-10.058674298206284,0.7059225754231382,0.6513202737368325,1,-3.3347537721324443
mace_invariants,272,8,2,67,1.38526827942146,830.9273839552833,23.241224460416063,0.629044079781043,0.6513202737368325,0,-2.6370158556067302
mace_invariants,272,9,3,38,1.4032111019427984,1064.6905722857528,36.47848706006389,0.7226243356630272,0.6513202737368325,1,-18.0136301774526
mace_invariants,272,10,3,39,1.402975172531453,861.8275798339091,9.981671080980911,0.5816526418054478,0.6513202737368325,0,-77.59209574380836
mace_invariants,272,11,3,68,1.4423791672354365,914.712499158506,13.869377108875945,0.6167183182342365,0.6513202737368325,0,-32.10106835861718
mace_invariants,272,12,4,39,1.4408944264448333,831.9858318386704,-2.265997824460089,0.5144783583786726,0.6513202737368325,0,-83.0784177830284
mace_invariants,272,13,4,40,1.4187015004453882,899.1079513667248,-21.13225312887972,0.5040068263457639,0.6513202737368325,0,-29.629892579662958
mace_invariants,272,14,4,69,1.384312587588118,863.1157519510513,-30.04004634784784,0.5215490346931545,0.6513202737368325,0,-31.108998813231036
mace_invariants,272,15,5,40,1.49026927874541,668.7319212302301,-10.191728197221098,0.5727722002512357,0.6513202737368325,0,-22.11727814235774
mace_invariants,272,16,5,41,1.372974195950072,577.2077589362511,-15.270788821255396,0.617704370946473,0.6513202737368325,0,-130.72418255853447
mace_invariants,272,17,5,70,1.3872883397074307,1007.5230198631002,-17.125363828016646,0.5836397236951821,0.6513202737368325,0,-69.22612233055112
mace_invariants,272,18,6,41,1.3477299219224605,263.72321408443963,11.822997432337681,0.5854924518114655,0.6513202737368325,0,-126.08831199061044
mace_invariants,272,19,6,42,1.389902901005301,992.5463268151128,39.69096022232799,0.5563128480000069,0.6513202737368325,0,-5.7897517734330854
mace_invariants,272,20,6,47,1.551763549968447,-350.77091216632067,-97.22141895240091,0.48512202813969807,0.6513202737368325,0,-124.62817391249718
mace_invariants,272,21,7,36,1.433784347960974,963.630338750188,-18.67928545580739,0.7635717349282012,0.6513202737368325,1,9.490463796113254
mace_invariants,272,22,7,42,1.4503332379724438,1115.2680694597937,30.966048376229743,0.6713526905015716,0.6513202737368325,1,-1.2541133144387828
mace_invariants,272,23,7,43,1.4239893224496025,995.4341731521415,-22.03861190326985,0.677072139591625,0.6513202737368325,1,-6.016373107421213
mace_invariants,272,24,8,37,1.457107097895644,789.1288950510893,-30.16985472211836,0.8571201099586936,0.6513202737368325,1,30.083894253432703
mace_invariants,272,25,8,43,1.338532222971929,148.00068971969438,-27.698392525882763,0.7087685838702988,0.6513202737368325,1,-129.27352953421982
mace_invariants,272,26,8,44,1.403193470375803,954.7779108556347,32.09205274199173,0.6401833210813628,0.6513202737368325,0,-65.27708036784563
mace_invariants,272,27,9,38,1.4788021131006228,873.3510527098861,-6.180120414881938,0.7893562709401609,0.6513202737368325,1,-4.79128411733042
mace_invariants,272,28,9,44,1.4186879561815673,1016.537249018187,19.768340107127777,0.590799798234569,0.6513202737368325,0,3.1906013920573493
mace_invariants,272,29,9,45,1.3756702140951726,906.1865319679443,29.630639849088084,0.6350168693379783,0.6513202737368325,0,-19.5246739330274
mace_invariants,272,30,10,39,1.346076787489453,393.7925402780625,15.453382999870973,0.6025320641889478,0.6513202737368325,0,-108.3543491193324
mace_invariants,272,31,10,45,1.4390088006094772,1033.1797974910346,-1.9765095573617761,0.5891643564443445,0.6513202737368325,0,-19.841632962856497
mace_invariants,272,32,10,46,1.4414331395645763,916.9830727868563,-11.541388212453505,0.5656875439564542,0.6513202737368325,0,-24.481159248883333
mace_invariants,272,33,11,40,1.3856876293032672,724.9571923787765,-37.27644801551606,0.6205704846186717,0.6513202737368325,0,-23.148011026332032
mace_invariants,272,34,11,46,1.4371140951821166,1071.928327634883,2.1218273132369845,0.5941974964190867,0.6513202737368325,0,-10.861117782917788
mace_invariants,272,35,11,47,1.385972130537111,1088.1719295302385,21.026620854934215,0.5651322316421417,0.6513202737368325,0,2.622375792704247
mace_invariants,272,36,12,47,1.3243803896935384,-11.580256807251722,-38.540116859034875,0.4204563935579428,0.6513202737368325,0,-124.16042102721266
mace_invariants,272,37,12,48,1.4148592788738539,1081.4203957521972,18.565963382426627,0.4349411949375839,0.6513202737368325,0,-9.740587999933364
mace_invariants,272,38,12,53,1.534564704014107,-67.08279813610163,-59.12268657791486,0.5160560907085672,0.6513202737368325,0,-11.470090793076857
mace_invariants,272,39,13,42,1.4850817981726074,714.2657508591418,-37.573827063200525,0.7117175486298867,0.6513202737368325,1,-29.627311035695826
mace_invariants,272,40,13,48,1.477774043800502,828.8481637750277,25.30438111985193,0.655011530149219,0.6513202737368325,1,-42.36337446322143
mace_invariants,272,41,13,49,1.4849809858129632,720.8525383476639,-22.036441100214258,0.7374707637370219,0.6513202737368325,1,-29.19283396689633
mace_invariants,272,42,14,43,1.4054046136215852,891.6025767669493,-8.480865141440676,0.619773621385147,0.6513202737368325,0,-128.89873730873032
mace_invariants,272,43,14,49,1.387308218671589,983.2860486221886,-2.997868114027141,0.6398073874022288,0.6513202737368325,0,-59.80211623780104
mace_invariants,272,44,14,50,1.3800698352592329,774.0302553550197,17.090353610437635,0.5784261348059727,0.6513202737368325,0,-110.85147970433042
mace_invariants,272,45,15,44,1.4509657780127374,945.4888590274961,18.548964895831098,0.5534463003110808,0.6513202737368325,0,2.162449732084493
mace_invariants,272,46,15,50,1.4103893409056214,947.9327115174092,4.451840808296241,0.5806840765208425,0.6513202737368325,0,-60.57666987228448
mace_invariants,272,47,15,51,1.415163566132608,842.532868664454,-12.371738794229746,0.638157341695305,0.6513202737368325,0,-43.64446054600109
mace_invariants,272,48,16,45,1.4553410877107664,895.2412931211064,-8.700180718601667,0.5800542935746776,0.6513202737368325,0,-33.71180837474393
mace_invariants,272,49,16,51,1.478147050396681,666.2354371548261,-27.693469210597026,0.6205482638554926,0.6513202737368325,0,-64.00616143779763
mace_invariants,272,50,16,52,1.338875705760634,269.4305288997703,1.4957673629171637,0.6388823629489374,0.6513202737368325,0,-110.3520898311298
mace_invariants,272,51,17,46,1.4779844641800706,825.5540478878206,0.3391408042336119,0.6328425924869903,0.6513202737368325,0,23.32482972343378
mace_invariants,272,52,17,52,1.4284121325737922,808.1338690171788,14.274812294982395,0.7151474743491405,0.6513202737368325,1,18.265348197611075
mace_invariants,272,53,17,53,1.5076829518003587,457.89343290885313,-0.4400766545236724,0.6993770248606695,0.6513202737368325,1,7.282097880196886
mace_invariants,272,54,18,53,1.3915936892307803,690.1440228943022,-36.25834119343108,0.613642256493258,0.6513202737368325,0,-48.861898637181866
mace_invariants,272,55,18,54,1.394643313107746,737.0561182386591,-4.018151702232951,0.5490739987512238,0.6513202737368325,0,-82.51404722983278
mace_invariants,272,56,18,59,1.3586227970904872,462.3374060724528,13.510729541826343,0.5274658225498727,0.6513202737368325,0,-106.6731577032242
mace_invariants,272,57,19,48,1.3976960556860405,1080.9663464658875,39.77118882871519,0.47131336883175146,0.6513202737368325,0,-44.14256873886812
mace_invariants,272,58,19,54,1.4239075116319166,1157.3001053265855,26.247570432118653,0.4878600068607004,0.6513202737368325,0,-51.23428827500938
mace_invariants,272,59,19,55,1.4400350590993476,1027.2328452980464,-4.834407737282762,0.48510091053235443,0.6513202737368325,0,-18.411546259613978
mace_invariants,272,60,20,49,1.4482786101286846,1052.1114672557371,30.653679097011263,0.5245145746369946,0.6513202737368325,0,-1.1041125703095602
mace_invariants,272,61,20,55,1.442694036782343,914.1187794162745,-1.0912911478873182,0.45584288274979456,0.6513202737368325,0,-16.623087663675648
mace_invariants,272,62,20,56,1.4642188229377462,992.1891356100924,20.191165631168143,0.4626732273268148,0.6513202737368325,0,33.83972026135489
mace_invariants,272,63,21,50,1.4696635184766897,683.1299293496031,21.406886141586153,0.718625099185797,0.6513202737368325,1,-32.02895718332279
mace_invariants,272,64,21,56,1.4854727850361757,617.1279597625494,4.400186357849239,0.7181650044718733,0.6513202737368325,1,8.433889451266726
mace_invariants,272,65,21,57,1.4539879598120944,1014.5080163180733,2.1016991192379186,0.8247583226598552,0.6513202737368325,1,-32.38594545568355
mace_invariants,272,66,22,51,1.3729434134323442,646.2280807099261,-16.893978817339,0.5479560591834427,0.6513202737368325,0,-142.58047810675072
mace_invariants,272,67,22,57,1.5679932541893589,-778.7612119765253,-70.18362821081153,0.5966160174830385,0.6513202737368325,0,-10.65395875202109
mace_invariants,272,68,22,58,1.38302118373268,730.5825040829593,-12.561680352186153,0.5510804983713503,0.6513202737368325,0,-137.33770377096877
mace_invariants,272,69,23,52,1.391189939517858,836.9499846549478,-24.719548767505948,0.5487180760297078,0.6513202737368325,0,29.769521043207284
mace_invariants,272,70,23,58,1.4192921902412998,990.7824704625623,-32.36093458912137,0.5335084161241705,0.6513202737368325,0,-27.665116320295006
mace_invariants,272,71,23,59,1.4597590797694635,921.7977681407009,-34.79883772547021,0.4467711925978516,0.6513202737368325,0,-71.18549386971998
mace_invariants,272,72,24,59,1.365370790663242,544.006153835231,-45.18134260227093,0.4927467374057855,0.6513202737368325,0,-131.26420824757105
mace_invariants,272,73,24,60,1.4179637344998497,884.8118800683075,1.0641890804675251,0.46078867865006035,0.6513202737368325,0,-91.12361514975967
mace_invariants,272,74,24,65,1.36922978134322,556.1443391159607,-23.79701252407044,0.5573391311896332,0.6513202737368325,0,-57.324985521130024
mace_invariants,272,75,25,54,1.3952894014603732,898.9145004397483,2.796802100590766,0.43788290699101645,0.6513202737368325,0,-56.7732792240908
mace_invariants,272,76,25,60,1.4210088577294262,891.3570388532726,-1.7810807417624301,0.38431667203394027,0.6513202737368325,0,-42.53854587138065
mace_invariants,272,77,25,61,1.411259329516806,864.8458634128037,17.923686693483074,0.49283159650645086,0.6513202737368325,0,-8.901186602376669
mace_invariants,272,78,26,55,1.3453568607620479,358.20803917667064,-31.60407766326205,0.6310295180296643,0.6513202737368325,0,-43.640684237794815
mace_invariants,272,79,26,61,1.4699745602948722,1196.4439455656795,-12.708085080286432,0.6887373038734448,0.6513202737368325,1,24.85521617072144
mace_invariants,272,80,26,62,1.4579003484252144,966.7377771876683,1.787907387183157,0.6957386208275786,0.6513202737368325,1,-31.101612683899234
mace_invariants,272,81,27,56,1.3337586425438286,182.99816918658357,-23.37924542288781,0.5589732605252828,0.6513202737368325,0,-87.0103367142761
mace_invariants,272,82,27,62,1.4035874269051787,907.551655224144,8.456442370476415,0.616852018746177,0.6513202737368325,0,-69.92493374927034
mace_invariants,272,83,27,63,1.4762188857051446,785.502828240605,-5.217490236173996,0.7849238749906587,0.6513202737368325,1,-89.92698466136122
mace_invariants,272,84,28,57,1.4357755617954269,820.7181263633119,8.744886510295887,0.7136770468938569,0.6513202737368325,1,-31.0746425178869
mace_invariants,272,85,28,63,1.3499044339325905,479.93411553540756,11.82780253265419,0.8330343431712509,0.6513202737368325,1,-70.68245259813219
mace_invariants,272,86,28,64,1.421627486482463,1091.568193231807,11.107272273790974,0.7614470327812867,0.6513202737368325,1,-28.147663088826764
mace_invariants,272,87,29,58,1.5045118114186533,382.3627784580263,-34.455649861371555,0.6100280736885322,0.6513202737368325,0,-14.023008970716937
mace_invariants,272,88,29,64,1.3839240027024111,1009.8514511380831,-12.741889659827338,0.7033335786876501,0.6513202737368325,1,-30.57134888680218
mace_invariants,272,89,29,65,1.4539765386392123,942.6788709668166,-36.3246995251594,0.5878832439460608,0.6513202737368325,0,-7.050048875057779
mace_invariants,272,90,30,65,1.5042504418341427,396.9752799557598,0.582401447588754,0.5450882509078125,0.6513202737368325,0,9.003410784597634
mace_invariants,272,91,30,66,1.4138807909858728,1327.6680152854713,-17.919767694731974,0.41497135375266386,0.6513202737368325,0,-21.668903291478273
mace_invariants,272,92,30,71,1.355870100229959,332.53907383597505,-18.02694087882614,0.6123703391748954,0.6513202737368325,0,-28.31472583349819
mace_invariants,272,93,31,60,1.4000056889859762,1064.8465150732895,-2.37176124448483,0.42602116675915747,0.6513202737368325,0,-11.827028133051346
mace_invariants,272,94,31,66,1.4742061863240825,849.8412194347954,17.668634857734915,0.3924547221435815,0.6513202737368325,0,-1.3146040774014551
mace_invariants,272,95,31,67,1.4263174698451468,815.7349638010444,5.650127015407569,0.5785589455325665,0.6513202737368325,0,7.685116069366568
mace_invariants,272,96,32,61,1.3884939277158599,966.1568811483627,12.450059372370564,0.584827581454959,0.6513202737368325,0,-31.804308264476326
mace_invariants,272,97,32,67,1.3642134435966382,639.9137516377336,-8.511999745987465,0.6288504357558573,0.6513202737368325,0,-95.84909982603628
mace_invariants,272,98,32,68,1.4262752838465955,998.2877017083897,-4.994309734942957,0.5998229139691619,0.6513202737368325,0,-49.32615774448515
mace_invariants,272,99,33,62,1.3957307147678037,778.1059694248012,-22.01853276977144,0.7229057611898961,0.6513202737368325,1,-89.04356547606531
mace_invariants,272,100,33,68,1.355483403622705,499.5696656741198,-16.514694770407473,0.7308997767499651,0.6513202737368325,1,-119.35492996379745
mace_invariants,272,101,33,69,1.4331020702380592,887.6174947679215,-46.16058847960514,0.7029047766356583,0.6513202737368325,1,-48.6979738392383
mace_invariants,272,102,34,63,1.4199233841777372,990.6970781753313,-5.28300684693783,0.7978679933711268,0.6513202737368325,1,-40.14027145580875
mace_invariants,272,103,34,69,1.4929114954212035,694.4903875035599,-5.499220824505565,0.6097951525724072,0.6513202737368325,0,1.901425921397255
mace_invariants,272,104,34,70,1.487815870981913,562.9607113908353,-22.65007891937467,0.6031204676689631,0.6513202737368325,0,-4.68108243367125
mace_invariants,272,105,35,64,1.4795904948901761,684.4639930814044,-13.652058358134981,0.6607258830060385,0.6513202737368325,1,18.667748663681564
mace_invariants,272,106,35,70,1.4772933388401066,674.4475373163397,-12.311897423196985,0.5375656676938392,0.6513202737368325,0,-6.861465641514952
mace_invariants,272,107,35,71,1.3555789982095914,378.6202107837192,12.26822583272446,0.612557636531532,0.6513202737368325,0,-56.83426114703783
mace_invariants,216,0,0,36,1.577275804620516,-839.8423938022395,-95.4965933038039,0.25529687652511696,0.6534822898628183,0,150.77896284059582
mace_invariants,216,1,0,41,1.2890980976895718,-1096.3794444328075,-136.35036790009974,0.17899700003303198,0.6534822898628183,0,11.534109114454935
mace_invariants,216,2,0,71,1.4647945168876988,740.976015816319,55.67889400315268,0.25791338190011315,0.6534822898628183,0,318.3700933902992
mace_invariants,216,3,1,36,1.4160139612200675,1263.4890779031496,45.10965458330378,0.6142593704283865,0.6534822898628183,0,17.962902898525137
mace_invariants,216,4,1,37,1.4728761922176914,992.7348217393563,50.15075089999346,0.6050029241057454,0.6534822898628183,0,-34.71441398498703
mace_invariants,216,5,1,66,1.3605362235755984,365.1962797113084,5.600254209709305,0.8268027382384644,0.6534822898628183,1,-68.9191569080374
mace_invariants,216,6,2,37,1.4592216142594043,1631.0129989876616,156.84816068240502,0.7631837213845459,0.6534822898628183,1,170.83399364488582
mace_invariants,216,7,2,38,1.507203274900311,1754.5875855264744,111.81633370776476,0.9298962407016376,0.6534822898628183,1,163.11768283027124
mace_invariants,216,8,2,67,1.2975200124296349,-1130.4331838700646,82.62465620853098,0.9840937902774554,0.6534822898628183,1,-43.68688110094869
mace_invariants,216,9,3,38,1.4079689039625443,1161.1273819414664,31.52296366567893,0.6718557797921322,0.6534822898628183,1,43.32726529467064
mace_invariants,216,10,3,39,1.3642450617389035,523.9135032422389,-27.021527641123754,0.5758285468402458,0.6534822898628183,0,-43.40824005133494
mace_invariants,216,11,3,68,1.414905891413333,893.6114138989235,31.103700462162617,0.527328452548101,0.6534822898628183,0,-50.027326675388
mace_invariants,216,12,4,39,1.4933992160044904,438.5079680769803,6.57349740255133,0.5771181548441202,0.6534822898628183,0,7.388273783692803
mace_invariants,216,13,4,40,1.45271493499573,787.6532256382895,24.818673237991355,0.5331946709512658,0.6534822898628183,0,-50.326287554770275
mace_invariants,216,14,4,69,1.4438505873422611,754.9781969105987,-36.36369359742185,0.5472836851665416,0.6534822898628183,0,16.662392030456665
mace_invariants,216,15,5,40,1.3921728906281472,761.459054177068,52.37221236606996,0.44725082041233244,0.6534822898628183,0,-65.60440137480134
mace_invariants,216,16,5,41,1.5296114121029891,-100.87201677154268,-32.59243209127001,0.3534455877705378,0.6534822898628183,0,162.68816134481563
mace_invariants,216,17,5,70,1.3825808275558156,918.2937930362443,88.83124317112728,0.4313715425430502,0.6534822898628183,0,-6.598098692068971
mace_invariants,216,18,6,41,1.423132327420138,767.6298325397378,35.080336855102395,0.3274342841931495,0.6534822898628183,0,128.08575496781097
mace_invariants,216,19,6,42,1.4596861848220046,931.2181185528368,21.7487269581665,0.44446900498484465,0.6534822898628183,0,-35.54553822465617
mace_invariants,216,20,6,47,1.3632141461133056,821.3352464746828,77.82372870703281,0.3512576842169224,0.6534822898628183,0,-37.47000980789342
mace_invariants,216,21,7,36,1.4422759271323056,906.7576989670579,10.398099565974523,0.4925998751146551,0.6534822898628183,0,33.83797708176145
mace_invariants,216,22,7,42,1.4327698726872296,716.9924439340598,15.686789563633347,0.5333347194142652,0.6534822898628183,0,-54.025259559161626
mace_invariants,216,23,7,43,1.4034817949738767,1027.31024356957,12.387981925047548,0.5421556955912556,0.6534822898628183,0,-2.8302958208004902
mace_invariants,216,24,8,37,1.4099219172370374,968.2841053646317,-1.0221857592077264,0.4550454879318558,0.6534822898628183,0,-39.41348882726487
mace_invariants,216,25,8,43,1.4131269758793508,785.6722123345369,26.36117364448515,0.5138577547310974,0.6534822898628183,0,-23.582732057599664
mace_invariants,216,26,8,44,1.4175956529199045,868.7897414145394,39.49046010046761,0.5370193235025724,0.6534822898628183,0,-30.018258261399005
mace_invariants,216,27,9,38,1.475048152561588,537.2474133741839,38.78116406276331,0.676758061137192,0.6534822898628183,1,40.26216109595341
mace_invariants,216,28,9,44,1.4165655470942453,845.9416391621801,35.857717862818404,0.592019377390817,0.6534822898628183,0,-23.026060177289942
mace_invariants,216,29,9,45,1.38111574462722,595.264142353273,54.71817505413383,0.5248695152707711,0.6534822898628183,0,-53.66064796823243
mace_invariants,216,30,10,39,1.4355025600125257,906.9356172048331,-2.9776636550743403,0.47407902787014855,0.6534822898628183,0,42.50207872875029
mace_invariants,216,31,10,45,1.4458382570973571,910.4894048304765,6.512749957250097,0.4182177149556141,0.6534822898628183,0,30.013305795671315
mace_invariants,216,32,10,46,1.4620664185905463,884.3808319071072,22.853373338499594,0.44698425538203934,0.6534822898628183,0,98.04507941182462
mace_invariants,216,33,11,40,1.364940565329184,392.82085977732896,42.48598388226731,0.5086750947537606,0.6534822898628183,0,-40.63606513476111
mace_invariants,216,34,11,46,1.5165839400327854,245.73454354189457,55.48203049709777,0.5255038061585059,0.6534822898628183,0,48.54131989040857
mace_invariants,216,35,11,47,1.4296695245009674,976.030196876323,44.51941847331725,0.4386932621357389,0.6534822898628183,0,-37.614819482514804
mace_invariants,216,36,12,47,1.4904949728267243,534.9626817387878,11.118946943130217,0.35271367384656116,0.6534822898628183,0,45.10880132712822
mace_invariants,216,37,12,48,1.4910748505732245,770.8199136520832,1.4476909306743673,0.4339132109314604,0.6534822898628183,0,113.33386250624204
mace_invariants,216,38,12,53,1.322006901781384,-312.4279502795636,-65.39204430950973,0.2860331035406244,0.6534822898628183,0,-39.92159995499111
mace_invariants,216,39,13,42,1.325010579016772,-203.96961062151973,45.217349646735386,0.5534520968918417,0.6534822898628183,0,-147.58271126435804
mace_invariants,216,40,13,48,1.4368748353535499,652.6607938217008,6.691012969538376,0.5414403132088186,0.6534822898628183,0,-5.38356763915662
mace_invariants,216,41,13,49,1.4510873865609957,881.3150819531279,-11.448705300719814,0.4303974393662644,0.6534822898628183,0,-127.56681494481033
mace_invariants,216,42,14,43,1.5047239444935023,281.67659454741545,-22.93728969127591,0.5198394434638998,0.6534822898628183,0,-49.9487928076234
mace_invariants,216,43,14,49,1.3408025662448015,146.12416508819015,30.343476534614492,0.38796380976133216,0.6534822898628183,0,-124.99909455848574
mace_invariants,216,44,14,50,1.3676291269066039,560.4063338569787,40.190296341538826,0.4539004482628496,0.6534822898628183,0,-47.94907510484864
mace_invariants,216,45,15,44,1.4846075687210625,756.6891692978833,42.604329415767644,0.5742372728430181,0.6534822898628183,0,32.942841878275146
mace_invariants,216,46,15,50,1.443658578140514,864.6294801522582,51.7547860294969,0.48513670887049276,0.6534822898628183,0,-4.712150799149237
mace_invariants,216,47,15,51,1.4597757206165831,798.4426675107014,44.63940086965457,0.5146262831680384,0.6534822898628183,0,-0.14172847760767127
mace_invariants,216,48,16,45,1.4401800280397026,894.1940536865819,38.821076132773705,0.5894894599829759,0.6534822898628183,0,-27.052190034658942
mace_invariants,216,49,16,51,1.3515439945251781,414.5248558679598,70.96267610591376,0.5970283324280421,0.6534822898628183,0,-74.35727807368167
mace_invariants,216,50,16,52,1.432982620080033,888.3021905769115,43.67226313745023,0.5657727809758029,0.6534822898628183,0,11.358568559534707
mace_invariants,216,51,17,46,1.3268529852264972,-314.01397328951754,-17.564881093952156,0.5783171550935515,0.6534822898628183,0,-13.909550031995707
mace_invariants,216,52,17,52,1.3823836321445238,597.7835883954767,51.4726030677303,0.5258339356599533,0.6534822898628183,0,1.0810905113415004
mace_invariants,216,53,17,53,1.433471233834455,858.6816684704446,5.051318104397927,0.42482604076484765,0.6534822898628183,0,-140.8151340700098
mace_invariants,216,54,18,53,1.422064918538509,737.4944391095563,-8.963362143071786,0.3420611792601028,0.6534822898628183,0,-30.057428313696228
mace_invariants,216,55,18,54,1.4122537806525826,865.932528120997,23.36399657448471,0.46333241798458213,0.6534822898628183,0,0.5889972072603982
mace_invariants,216,56,18,59,1.42534524428055,747.5765494364814,-0.24744465074593314,0.5309682236929704,0.6534822898628183,0,4.861343441937649
mace_invariants,216,57,19,48,1.435249628239922,985.3492203558251,-1.3044323263629483,0.4630061374406451,0.6534822898628183,0,35.2769391029386
mace_invariants,216,58,19,54,1.4452460901971826,700.4730483541705,0.9579108000723549,0.43639726877428836,0.6534822898628183,0,20.422769079788495
mace_invariants,216,59,19,55,1.4081554127934812,801.4502697006118,-14.895751090891958,0.4519412764342628,0.6534822898628183,0,15.353139291120748
mace_invariants,216,60,20,49,1.3839126511078235,754.4816704001806,20.444605177291034,0.34410221407629593,0.6534822898628183,0,-132.39599913784346
mace_invariants,216,61,20,55,1.328730166662616,-101.22588260790305,45.856088547915384,0.44408022691246785,0.6534822898628183,0,-123.00554123240728
mace_invariants,216,62,20,56,1.4528399698333176,832.4357997994279,30.297204613192466,0.46980525724738675,0.6534822898628183,0,-52.11153441099038
mace_invariants,216,63,21,50,1.4166709885033284,875.5235680171309,27.061668033583942,0.5504680746591492,0.6534822898628183,0,-59.08702187694179
mace_invariants,216,64,21,56,1.3690798072427395,606.0841500117501,45.30392646626368,0.6102344793287225,0.6534822898628183,0,1.1097640835611422
mace_invariants,216,65,21,57,1.4201091098930139,852.2187981687042,34.46121310797823,0.5877285301713686,0.6534822898628183,0,3.306465932805118
mace_invariants,216,66,22,51,1.411291375937245,896.6099916839188,23.557335454647855,0.4721460001731746,0.6534822898628183,0,-42.62566368298322
mace_invariants,216,67,22,57,1.3951530858360013,1003.9372096408728,55.05415777938387,0.47991688138784844,0.6534822898628183,0,-11.484614756107979
mace_invariants,216,68,22,58,1.4666477416369281,676.475624711371,25.62120193761931,0.4804725526579679,0.6534822898628183,0,-4.6700992318404975
mace_invariants,216,69,23,52,1.4802382019941545,537.0091418321856,18.119789677424794,0.6057456573359596,0.6534822898628183,0,-21.84308884878105
mace_invariants,216,70,23,58,1.363137200322377,512.1729183768841,32.541808802108015,0.6453277612729921,0.6534822898628183,0,-53.70819746383798
mace_invariants,216,71,23,59,1.4783319680413913,562.4602105543914,7.319947083816572,0.6936448068737214,0.6534822898628183,1,-23.802990222554506
mace_invariants,216,72,24,59,1.4354676406810745,887.2557287997503,36.84051943082107,0.6669316779801409,0.6534822898628183,1,-13.733231649651046
mace_invariants,216,73,24,60,1.3637752439792865,339.00609133674,75.11045154238852,0.6840923845639533,0.6534822898628183,1,-73.48715472300245
mace_invariants,216,74,24,65,1.476967920978945,682.7219980913114,46.68746446622211,0.707750684890394,0.6534822898628183,1,-4.867952743507585
mace_invariants,216,75,25,54,1.4576118459241731,857.7595820021255,43.90963370649705,0.6032503793670507,0.6534822898628183,0,21.456884705221384
mace_invariants,216,76,25,60,1.468517326280184,854.6308112724108,44.784038621838754,0.6880468916592515,0.6534822898628183,1,-37.29516185764822
mace_invariants,216,77,25,61,1.366136215578689,749.2086141865072,74.18278199889052,0.9301383449223888,0.6534822898628183,1,-78.76113894741948
mace_invariants,216,78,26,55,1.5444050623650332,-38.90981016382433,17.305604862445477,0.5655721540547286,0.6534822898628183,0,-12.813218220819902
mace_invariants,216,79,26,61,1.3666804110947868,533.0538017272067,95.99154090598971,0.8769161119500923,0.6534822898628183,1,-2.4412234535525386
mace_invariants,216,80,26,62,1.4482346183939956,915.4557651915254,29.867973035016085,0.5723905534407554,0.6534822898628183,0,39.57298641034255
mace_invariants,216,81,27,56,1.5262976824047014,158.31655457152604,32.0396358584587,0.6405539440161591,0.6534822898628183,0,-25.233424209985568
mace_invariants,216,82,27,62,1.4101758611419706,802.071032774862,-6.764835928355486,0.6216473130672668,0.6534822898628183,0,-33.6575929181119
mace_invariants,216,83,27,63,1.3941862150148667,931.8761814547826,11.043017343910403,0.6067168120959661,0.6534822898628183,0,-52.86403139872977
mace_invariants,216,84,28,57,1.497608512234469,592.9036988437999,19.087569717488865,0.5007850492716917,0.6534822898628183,0,109.23363458554493
mace_invariants,216,85,28,63,1.5050343493788296,382.56994434671947,18.68455584703524,0.4894538665088526,0.6534822898628183,0,75.05720421822357
mace_invariants,216,86,28,64,1.3079501719758195,-649.5377946959311,-81.86796850388234,0.4386607086274171,0.6534822898628183,0,-68.94153575754362
mace_invariants,216,87,29,58,1.4413644171515663,846.7334343843427,58.93611111141221,0.47638179284395493,0.6534822898628183,0,-19.37813230641168
mace_invariants,216,88,29,64,1.4081907252735553,892.8340566046696,22.720441301815956,0.41370178092956084,0.6534822898628183,0,-14.069709445528511
mace_invariants,216,89,29,65,1.4033728902466456,931.046107140997,43.301696120457315,0.5655178453549375,0.6534822898628183,0,-17.265484949414404
mace_invariants,216,90,30,65,1.4511988250990195,882.6644211269065,10.15161636699333,0.6113766654687589,0.6534822898628183,0,11.97223863211422
mace_invariants,216,91,30,66,1.4633674182113836,996.4132546142863,28.17465243382586,0.713351028709965,0.6534822898628183,1,-43.92278633932725
mace_invariants,216,92,30,71,1.4335658716690638,843.4543475843296,5.222011385578973,0.5034241662748833,0.6534822898628183,0,-49.30124888459969
mace_invariants,216,93,31,60,1.4253124355550992,1412.4546475813106,78.34472417193189,0.582472899072048,0.6534822898628183,0,-37.77742990752397
mace_invariants,216,94,31,66,1.5013226905776724,534.7915503396306,52.00899373753519,0.7081055626396948,0.6534822898628183,1,-32.51047834352805
mace_invariants,216,95,31,67,1.4352041617944669,1058.357692163416,74.80763525105611,0.7072158173998853,0.6534822898628183,1,117.72833482028122
mace_invariants,216,96,32,61,1.4262160130017016,728.5898593646937,72.69131741845396,0.7171591053369173,0.6534822898628183,1,-41.495630770654714
mace_invariants,216,97,32,67,1.467449990091574,921.711838286824,78.11146954843298,0.5998105704016172,0.6534822898628183,0,149.92891122824966
mace_invariants,216,98,32,68,1.47085133967112,995.1990079557547,11.70900555924527,0.40108569358176827,0.6534822898628183,0,26.803841839476142
mace_invariants,216,99,33,62,1.4288366384297155,934.2045788861151,-15.196769471287528,0.5394052710163398,0.6534822898628183,0,-19.80393943253493
mace_invariants,216,100,33,68,1.3685468599273598,639.5763276555144,18.68052219828444,0.5278574177705277,0.6534822898628183,0,-48.17464520319484
mace_invariants,216,101,33,69,1.432587791101703,775.9375805195348,-26.011519565136656,0.5465230423850937,0.6534822898628183,0,-28.984628074040796
mace_invariants,216,102,34,63,1.4251606112228064,947.6448034047534,32.03767368269925,0.5311162658805038,0.6534822898628183,0,-7.117549540514686
mace_invariants,216,103,34,69,1.391789022690215,772.121650385194,23.790366806821257,0.5531645382205587,0.6534822898628183,0,-27.506330159618948
mace_invariants,216,104,34,70,1.4382589714816956,867.2580173964797,2.2495564678336883,0.5231962461360007,0.6534822898628183,0,2.9720462929503064
mace_invariants,216,105,35,64,1.4410293412512245,919.4087221039305,1.907378846661159,0.42210576323195326,0.6534822898628183,0,-31.515836175530154
mace_invariants,216,106,35,70,1.486906636709671,561.5231764134578,-14.374457323252383,0.46497890136888553,0.6534822898628183,0,5.015934763555936
mace_invariants,216,107,35,71,1.3555066919424585,671.2309549833377,62.034470953327634,0.4659693284634543,0.6534822898628183,0,-70.78204770603966
mace_invariants,99,0,0,36,1.3952778937924082,1270.9118841491043,28.89221498538477,0.6850984001922272,0.6544662006118689,1,5.5036433733399015
mace_invariants,99,1,0,41,1.4310879081560666,1408.2836250678215,54.85464713657657,0.6277109645680248,0.6544662006118689,0,41.288463284786275
mace_invariants,99,2,0,71,1.4676574620062197,1039.8000428422445,22.044703252792218,0.7053568696914482,0.6544662006118689,1,48.100614885469426
mace_invariants,99,3,1,36,1.4641297904183548,1055.737219137371,2.4823660613810388,0.7026075239041039,0.6544662006118689,1,31.264806039560195
mace_invariants,99,4,1,37,1.4871363416473544,777.5190368847334,-32.59230402487505,0.8301910019632798,0.6544662006118689,1,22.841832324138554
mace_invariants,99,5,1,66,1.3609596931199148,699.9097918928001,-61.92748541900368,0.8120390507765509,0.6544662006118689,1,-2.165534194291375
mace_invariants,99,6,2,37,1.4146969108198413,1122.3608577785442,3.960216749934159,0.8411316474713408,0.6544662006118689,1,12.175143762631617
mace_invariants,99,7,2,38,1.4285716894116385,1672.328901451306,102.4870644473355,1.074562699192238,0.6544662006118689,1,18.0573947145821
mace_invariants,99,8,2,67,1.4634277341083601,895.3349654356422,-32.10083330625346,0.8695885099570246,0.6544662006118689,1,-11.976575932392995
mace_invariants,99,9,3,38,1.4409808026597435,1359.3608902824242,73.72814561722623,0.979194195157993,0.6544662006118689,1,-9.884839945493226
mace_invariants,99,10,3,39,1.4854526873123652,798.8578243253789,14.215322922416854,0.6454519877779398,0.6544662006118689,0,-16.624907546922586
mace_invariants,99,11,3,68,1.3719424198585595,897.4137116652506,-18.894129896776754,0.7123887314925821,0.6544662006118689,1,-59.760816415935594
mace_invariants,99,12,4,39,1.424306556894283,1223.540177832682,66.20872639637476,0.503540595399655,0.6544662006118689,0,-12.397557722100299
mace_invariants,99,13,4,40,1.4600560396758386,1266.4991327174112,45.51342817647105,0.5468055174332498,0.6544662006118689,0,21.514296062818705
mace_invariants,99,14,4,69,1.4320139647036425,1136.9343178069257,79.06065266021639,0.5345971973448157,0.6544662006118689,0,-13.5540089646607
mace_invariants,99,15,5,40,1.421409255525466,1067.4168993907635,23.953481715798738,0.563424629691065,0.6544662006118689,0,8.2976268333021
mace_invariants,99,16,5,41,1.4199146660146196,1179.8777147519643,33.30825120476961,0.4354999496332481,0.6544662006118689,0,-17.608538918306095
mace_invariants,99,17,5,70,1.3444407768812543,615.314853139371,-104.02610016803916,0.4197566130934547,0.6544662006118689,0,5.861578523366962
mace_invariants,99,18,6,41,1.4500041159604158,1239.7017165921134,44.25445607819831,0.44880242943723125,0.6544662006118689,0,1.4633220691224587
mace_invariants,99,19,6,42,1.4041579268143196,1023.2152375672639,-27.02771565684149,0.5110706766064581,0.6544662006118689,0,-19.056483890087442
mace_invariants,99,20,6,47,1.4641720040969162,1082.0748396766196,81.30446582466735,0.41660629434922936,0.6544662006118689,0,11.030779415899087
mace_invariants,99,21,7,36,1.3504144157683418,736.4301862221234,-48.37585612821313,0.49183027843261684,0.6544662006118689,0,-60.19441158203027
mace_invariants,99,22,7,42,1.4612646778881322,902.6144283961887,-13.364082818005711,0.4967110899776413,0.6544662006118689,0,-16.724212309422732
mace_invariants,99,23,7,43,1.412120526414277,1188.5048296728764,24.960536980811835,0.41068962617484284,0.6544662006118689,0,-15.464355194443053
mace_invariants,99,24,8,37,1.4754766903237728,771.2323608670808,-45.14710849748683,0.6047779519972705,0.6544662006118689,0,11.662321958751146
mace_invariants,99,25,8,43,1.4314892480523784,1201.1768432034123,53.751558753984675,0.39605382168032055,0.6544662006118689,0,-0.3029774566390824
mace_invariants,99,26,8,44,1.38105814429307,939.9888343102726,1.1159020284620262,0.5118466770433707,0.6544662006118689,0,-41.80711187731265
mace_invariants,99,27,9,38,1.5224653899941771,550.6882020560836,-6.953966749799839,0.9737998831845205,0.6544662006118689,1,8.588306916334158
mace_invariants,99,28,9,44,1.369840121017628,914.5835773339039,-4.04769593495069,0.6474375565097235,0.6544662006118689,0,-32.32239480223362
mace_invariants,99,29,9,45,1.4170163676458452,1228.4303304779826,44.595239169373485,0.6852640340355204,0.6544662006118689,1,11.307581086199477
mace_invariants,99,30,10,39,1.4336383690555357,1203.196865297012,25.402157483333188,0.5735352689889235,0.6544662006118689,0,-12.623317238639515
mace_invariants,99,31,10,45,1.4353534344742422,1131.9293851392574,23.858756133993957,0.6187416272199766,0.6544662006118689,0,-2.342943299061888
mace_invariants,99,32,10,46,1.4006738712048694,1158.054430144965,36.919287659163466,0.6571216839173379,0.6544662006118689,1,-38.229404740049645
mace_invariants,99,33,11,40,1.4413507468315678,1189.5924852270205,52.60983967264349,0.5872581444889526,0.6544662006118689,0,3.9483063913710126
mace_invariants,99,34,11,46,1.3791743196122297,951.2260098995035,-7.728858642696512,0.6275796373837723,0.6544662006118689,0,-55.15321817567258
mace_invariants,99,35,11,47,1.4117443059031591,1108.809544388652,38.6344278764067,0.42713732934313386,0.6544662006118689,0,-9.493978041985802
mace_invariants,99,36,12,47,1.4495254302786742,1455.8294820491978,98.81103644040235,0.2012078624790911,0.6544662006118689,0,146.12820895771856
mace_invariants,99,37,12,48,1.2704604035168754,-1802.2724179385505,-974.8658471555576,0.046709677447565046,0.6544662006118689,0,190.40253648086576
mace_invariants,99,38,12,53,1.55333753754407,-273.7161560566091,-243.70134581573276,0.2294264656200678,0.6544662006118689,0,85.46697498142116
mace_invariants,99,39,13,42,1.4319337157112662,1391.8957339279655,65.41848999006464,0.3845582734720836,0.6544662006118689,0,17.09235756343356
mace_invariants,99,40,13,48,1.4359386454988354,1108.7197109517147,33.19891985422177,0.13559570618332886,0.6544662006118689,0,95.25013995062359
mace_invariants,99,41,13,49,1.4628433409085704,917.9445580635473,4.553765155545619,0.3871725973425383,0.6544662006118689,0,15.141204035104561
mace_invariants,99,42,14,43,1.4240894280828373,1142.1225216008186,17.408061759701408,0.41018958539129746,0.6544662006118689,0,-1.5291017767729578
mace_invariants,99,43,14,49,1.400252673546344,1064.6283779757157,25.192878797832055,0.4988253730645506,0.6544662006118689,0,-39.41594846016711
mace_invariants,99,44,14,50,1.4503281157367895,1170.0611192483245,58.75561941184877,0.5001894528392355,0.6544662006118689,0,14.429352167411015
mace_invariants,99,45,15,44,1.4354314862908337,998.5660068337272,19.008741356463585,0.4936220157451299,0.6544662006118689,0,-126.4993985369525
mace_invariants,99,46,15,50,1.4914856416419717,642.7506295959911,0.7731808748939404,0.46782902783001795,0.6544662006118689,0,-66.30910259990408
mace_invariants,99,47,15,51,1.3276406306564732,184.67437023671613,-193.7112020332467,0.4021747915253485,0.6544662006118689,0,-41.22712246242336
mace_invariants,99,48,16,45,1.4280763974700144,1492.4823680387199,42.40313107816085,0.5920501125492685,0.6544662006118689,0,-5.018446282451514
mace_invariants,99,49,16,51,1.4799003374640132,886.278498310261,12.033827530799693,0.4627764108036902,0.6544662006118689,0,30.707627813312005
mace_invariants,99,50,16,52,1.3498964485508096,476.55519576249793,-133.45058154987709,0.6471002315970789,0.6544662006118689,0,-53.08813944928819
mace_invariants,99,51,17,46,1.4868790981195366,738.1088199752285,-13.724058455714065,0.6836022072109442,0.6544662006118689,1,-20.770797146573802
mace_invariants,99,52,17,52,1.4821012895703054,906.1191786386738,23.726730365765043,0.7002722695613934,0.6544662006118689,1,-25.71827183336201
mace_invariants,99,53,17,53,1.380055403993674,1074.2111080422312,51.718842704463626,0.5113785023112825,0.6544662006118689,0,-26.989672670360285
mace_invariants,99,54,18,53,1.419191841171508,1154.7067301996053,66.56363871898978,0.46271382224555424,0.6544662006118689,0,-0.35276440081681315
mace_invariants,99,55,18,54,1.4201794142353472,1095.524145820496,56.60501555639842,0.5147310415645594,0.6544662006118689,0,-30.779548995538086
mace_invariants,99,56,18,59,1.4445125995750396,1260.2646472969961,60.8306989809647,0.6144221736037454,0.6544662006118689,0,-5.837389232724574
mace_invariants,99,57,19,48,1.4682900394520144,895.9050546386873,-10.269300003849388,0.16146701585555,0.6544662006118689,0,119.60022007597165
mace_invariants,99,58,19,54,1.4041646998611172,1242.8559829577512,61.7497468272078,0.39620102334705787,0.6544662006118689,0,-10.61937804119282
mace_invariants,99,59,19,55,1.3916108903505433,1152.074762844201,15.164102864903581,0.4055526389960333,0.6544662006118689,0,-15.528830898784404
mace_invariants,99,60,20,49,1.3691116641820165,944.6191308563785,-9.294768412334397,0.453906246491179,0.6544662006118689,0,-4.221889801995362
mace_invariants,99,61,20,55,1.4583020479008901,1048.052547255351,24.71552150944941,0.4464149784724528,0.6544662006118689,0,16.30875528585132
mace_invariants,99,62,20,56,1.489792017946348,932.8186872306034,60.49716840539678,0.6216937962198441,0.6544662006118689,0,22.189370204321317
mace_invariants,99,63,21,50,1.3925216990724605,1076.5153178957717,9.21291305671644,0.6025868939206767,0.6544662006118689,0,-19.814225357404382
mace_invariants,99,64,21,56,1.3950347390893878,1208.6272694721733,30.129245514903104,0.7690103638746568,0.6544662006118689,1,-33.6555375606205
mace_invariants,99,65,21,57,1.4497158138714759,1038.4706926418364,46.012542658046215,0.5656535602363775,0.6544662006118689,0,-21.955780505559837
mace_invariants,99,66,22,51,1.5100465912950438,603.2536315287347,21.59716510645483,0.5156095746482368,0.6544662006118689,0,36.01947826407208
mace_invariants,99,67,22,57,1.4423877941975165,1204.350244720891,23.92526137947006,0.544330477268607,0.6544662006118689,0,2.3649450015186453
mace_invariants,99,68,22,58,1.3153675920989896,-10.080947948946207,-176.60780387787673,0.7602145250974912,0.6544662006118689,1,-36.08690628769329
mace_invariants,99,69,23,52,1.3992547644531308,1223.8827238367442,38.91922991931304,0.6101358547930189,0.6544662006118689,0,-23.93736070704957
mace_invariants,99,70,23,58,1.400031666010393,1142.4302630885065,18.843968659987926,0.6704169844488849,0.6544662006118689,1,-16.87124803925586
mace_invariants,99,71,23,59,1.4787104272193827,957.7931471716768,12.053420616588282,0.5729504389010993,0.6544662006118689,0,-0.9357706097489515
mace_invariants,99,72,24,59,1.3988010816067669,1100.21317678492,-11.508487911523687,0.6108576329079336,0.6544662006118689,0,-17.559090616278922
mace_invariants,99,73,24,60,1.4343604846189026,1135.4183963184737,30.798188171498612,0.6118820147234423,0.6544662006118689,0,-9.331005835395139
mace_invariants,99,74,24,65,1.4129397793022083,1161.2609291551746,44.93788803293292,0.6511027996709784,0.6544662006118689,0,12.42443586972324
mace_invariants,99,75,25,54,1.4282346451321806,1107.4801641535953,18.13333560527948,0.4822433644276309,0.6544662006118689,0,-18.624403620577706
mace_invariants,99,76,25,60,1.419391306627033,1236.164246770709,20.621842573149063,0.5829588782823256,0.6544662006118689,0,6.320649455103041
mace_invariants,99,77,25,61,1.4581918625480277,1035.485864612191,30.422855444271825,0.5220585966423638,0.6544662006118689,0,-4.782650461352077
mace_invariants,99,78,26,55,1.3968719546369812,1074.6722790626154,23.854855138781968,0.5021216354231501,0.6544662006118689,0,-41.2880186382114
mace_invariants,99,79,26,61,1.4218956578297974,1142.9195902017984,-16.80449913273231,0.5325852519889076,0.6544662006118689,0,-26.778309024278233
mace_invariants,99,80,26,62,1.4293905872616626,1058.6142865204283,20.51829950073991,0.5911431127010294,0.6544662006118689,0,-34.093686651770156
mace_invariants,99,81,27,56,1.3309348968133548,190.0534147813875,-216.16659984028502,0.6138916537977018,0.6544662006118689,0,-73.48207480270787
mace_invariants,99,82,27,62,1.436825422005918,1262.9962681254622,34.3161708460585,0.52763431332819,0.6544662006118689,0,-48.50172811616713
mace_invariants,99,83,27,63,1.366135362112736,906.6360079300306,-28.539045631492137,0.3862444483269508,0.6544662006118689,0,-99.22271382993767
mace_invariants,99,84,28,57,1.376512749553962,1070.860473645148,11.91816678571453,0.42451433505086095,0.6544662006118689,0,12.361707524504208
mace_invariants,99,85,28,63,1.438572462243123,1081.7249550651754,56.555082306124746,0.4002239332183892,0.6544662006118689,0,-27.316364030426698
mace_invariants,99,86,28,64,1.487440230353101,766.3351152129275,1.370905258398782,0.5910101085912937,0.6544662006118689,0,7.692836444287014
mace_invariants,99,87,29,58,1.4939715799927091,593.8815621805068,-32.013983394378926,0.7029997937485436,0.6544662006118689,1,23.306005765272804
mace_invariants,99,88,29,64,1.3590505937147113,808.9994183007475,-9.282309863068368,0.653611519460092,0.6544662006118689,0,-11.82062019454808
mace_invariants,99,89,29,65,1.5172028048470592,527.943880844421,12.180648471546144,0.6457784149638028,0.6544662006118689,0,18.436008055400638
mace_invariants,99,90,30,65,1.4592105560386663,1125.9553656643484,43.4104815448352,0.8113334196576794,0.6544662006118689,1,-31.202055554130258
mace_invariants,99,91,30,66,1.3567931264326132,512.3755090529887,-90.12907548770401,0.790176395980118,0.6544662006118689,1,-83.80541848016341
mace_invariants,99,92,30,71,1.4383860294534674,1167.5974282207849,38.645990460840565,0.7010033386068919,0.6544662006118689,1,-37.844404765975185
mace_invariants,99,93,31,60,1.4413627598020127,1163.0230831466504,-4.922401946080374,0.6127968925602616,0.6544662006118689,0,-18.13660634889545
mace_invariants,99,94,31,66,1.3947839595936422,982.681939561884,1.971565383294266,0.6308606538302364,0.6544662006118689,0,-106.62231922882741
mace_invariants,99,95,31,67,1.364712789600622,892.7902500828127,-40.289555634828886,0.6774694675026491,0.6544662006118689,1,-44.75739674171082
mace_invariants,99,96,32,61,1.460482444677104,1008.7490819684953,-1.1251645787852693,0.6488888858181615,0.6544662006118689,0,0.5969057633757302
mace_invariants,99,97,32,67,1.435574357374838,1255.1106485137182,23.063888076717788,0.7744617424005109,0.6544662006118689,1,-4.21674155749009
mace_invariants,99,98,32,68,1.4125701275924019,1251.710025229517,7.350426750426689,0.7126304679703133,0.6544662006118689,1,-33.50918509235325
mace_invariants,99,99,33,62,1.3543602829622987,752.2208163573429,-52.999118412784654,0.6599194665598405,0.6544662006118689,1,-54.9769152942463
mace_invariants,99,100,33,68,1.4472621315201322,1011.5535726887383,12.722724962974622,0.6651031879998702,0.6544662006118689,1,-50.03587620339644
mace_invariants,99,101,33,69,1.4623369474628525,1130.411985699421,44.39667896081252,0.6292230462303885,0.6544662006118689,0,-25.602234820015365
mace_invariants,99,102,34,63,1.3609623746578443,590.469105766072,-78.81884238763044,0.4313969293220206,0.6544662006118689,0,-65.32960399032923
mace_invariants,99,103,34,69,1.3788940341399767,1060.5536370117195,19.915163033082695,0.5420903739938079,0.6544662006118689,0,-22.555061090598265
mace_invariants,99,104,34,70,1.4686334325071677,993.6854046011647,31.73417417678323,0.41063067748463167,0.6544662006118689,0,12.382647856605534
mace_invariants,99,105,35,64,1.3628421712751229,651.6656749163631,-37.30367825152384,0.6953682000120793,0.6544662006118689,1,-54.358019009722696
mace_invariants,99,106,35,70,1.4669723386570621,1045.810920624688,31.25017925085908,0.4838157728017859,0.6544662006118689,0,34.27812724652682
mace_invariants,99,107,35,71,1.435501704939438,1259.7962051466857,69.64802762475134,0.5772050144650027,0.6544662006118689,0,13.748702294494588
mace_invariants,20,0,0,36,1.4272601312761404,1125.6422778969895,-71.89405879473269,0.5010366914866331,0.6543958675006132,0,25.10324098359005
mace_invariants,20,1,0,41,1.3793805609688585,1115.0126759310517,-59.124351965558375,0.5661019661942484,0.6543958675006132,0,-48.45447362115422
mace_invariants,20,2,0,71,1.4121375606033402,1225.251743619501,-88.91572430407268,0.6582192906819452,0.6543958675006132,1,-2.9399447339911706
mace_invariants,20,3,1,36,1.4450267233765153,1039.5229841434364,-68.47780086677152,0.610825289783387,0.6543958675006132,0,26.810201599637278
mace_invariants,20,4,1,37,1.4436903277492175,1317.0328173178546,-52.26798912885477,0.7112311504100388,0.6543958675006132,1,26.063141457669598
mace_invariants,20,5,1,66,1.3794269971683102,1143.2875682076658,-80.45749786540519,0.8120060622838083,0.6543958675006132,1,-12.660132032357637
mace_invariants,20,6,2,37,1.4317919553624605,1340.0547659496938,-83.79416116320243,0.5674541324123247,0.6543958675006132,0,-4.423079695238512
mace_invariants,20,7,2,38,1.3777284112849286,846.9539541493348,-77.30611427470396,0.7485478005317254,0.6543958675006132,1,-42.703248276313104
mace_invariants,20,8,2,67,1.493337448698108,913.0185040580252,-70.68106282917618,0.6525900675560024,0.6543958675006132,0,-0.016004360691120212
mace_invariants,20,9,3,38,1.4371274387055495,1322.1185196238848,-30.108032733902473,0.7456589157225908,0.6543958675006132,1,3.437793785368145
mace_invariants,20,10,3,39,1.3821886450562697,1242.6933041925586,-63.55705334331228,0.6917475808076312,0.6543958675006132,1,3.2549817149328337
mace_invariants,20,11,3,68,1.4839530741782816,902.2049641279189,-20.598793691059743,0.9710870789767815,0.6543958675006132,1,1.1328972198788545
mace_invariants,20,12,4,39,1.450338701430025,968.5272763665934,-55.91526013749906,0.7261928463577317,0.6543958675006132,1,-15.624924080681637
mace_invariants,20,13,4,40,1.3915885438910476,1114.3711276620552,-64.50431995797838,0.6311943629501895,0.6543958675006132,0,-8.279968448817
mace_invariants,20,14,4,69,1.4050879365332645,1145.8429777376102,-93.16311647000042,0.7567624505704081,0.6543958675006132,1,11.054084763549113
mace_invariants,20,15,5,40,1.499869822295866,732.9355212593562,-83.07087738950649,0.5595438656306221,0.6543958675006132,0,9.851568330147924
mace_invariants,20,16,5,41,1.4525179927667715,1037.2892496425832,-57.202837567436475,0.49201942991468656,0.6543958675006132,0,-19.96732862552868
mace_invariants,20,17,5,70,1.350827889230057,629.5886998187855,-98.58843504813001,0.6108114896059393,0.6543958675006132,0,19.132225870550105
mace_invariants,20,18,6,41,1.3744706699585065,849.5626942689793,-77.44045096693597,0.516026852946923,0.6543958675006132,0,-46.7315975946907
mace_invariants,20,19,6,42,1.4426090634196853,1180.9334222019913,-70.62312414001856,0.48074708914663244,0.6543958675006132,0,-54.766033646535476
mace_invariants,20,20,6,47,1.4150946466580918,1237.5526559241448,-62.616315919743094,0.5301699058786291,0.6543958675006132,0,7.209121652070081
mace_invariants,20,21,7,36,1.386392749253066,885.618287529599,-89.38261078669198,0.4181660956193064,0.6543958675006132,0,-43.228870787774795
mace_invariants,20,22,7,42,1.346649345535917,451.3167340813709,-140.1290297717378,0.44795160652663113,0.6543958675006132,0,-139.82549958263536
mace_invariants,20,23,7,43,1.4157202436205707,1142.4295882550273,-63.11752102886345,0.4500074211522438,0.6543958675006132,0,-77.39363731286987
mace_invariants,20,24,8,37,1.4538026701781,1283.233067610836,-43.84196159641861,0.7682743203530848,0.6543958675006132,1,57.93809262635071
mace_invariants,20,25,8,43,1.3881583463257978,1044.609381519097,-40.61651841006064,0.6997097852593704,0.6543958675006132,1,30.512334221666155
mace_invariants,20,26,8,44,1.4401596807695005,1634.2077956911728,-41.399756533694365,0.860192364339438,0.6543958675006132,1,63.935749596728456
mace_invariants,20,27,9,38,1.3693034469543006,816.9582891343704,-71.28904217998583,0.8483942524960383,0.6543958675006132,1,-83.03367506980496
mace_invariants,20,28,9,44,1.399562205248922,1124.6498874507345,-78.03447925869334,0.7592186283629907,0.6543958675006132,1,-24.35679826600455
mace_invariants,20,29,9,45,1.4600443538448846,941.4966501275262,-52.40526916780166,0.7118502057136644,0.6543958675006132,1,-23.91363760029759
mace_invariants,20,30,10,39,1.4100315209264727,1054.0856395191684,-27.889924731081766,0.6609992172364401,0.6543958675006132,1,-12.517453626812012
mace_invariants,20,31,10,45,1.4416388473724464,1161.6892269434657,-31.44511470377906,0.5783665053690257,0.6543958675006132,0,33.08688953672306
mace_invariants,20,32,10,46,1.439490223831727,1069.6405057752654,-60.90955685619945,0.5533605417771164,0.6543958675006132,0,28.955241281118635
mace_invariants,20,33,11,40,1.3949974365362174,994.815485305047,-90.63470645549465,0.5452486403763122,0.6543958675006132,0,-14.487041152594706
mace_invariants,20,34,11,46,1.4119982886232738,1215.1960454438638,-58.45693203297914,0.5326084483245307,0.6543958675006132,0,7.819467995440455
mace_invariants,20,35,11,47,1.4605440402467758,1014.9098215435854,-69.77698958301607,0.4918672575920828,0.6543958675006132,0,39.95676720844526
mace_invariants,20,36,12,47,1.4816659691761422,881.4980058809368,-55.80653424810324,0.4639537262688278,0.6543958675006132,0,8.906912259762443
mace_invariants,20,37,12,48,1.4011138622985861,1102.665463317842,-59.41145234110816,0.46261118653460875,0.6543958675006132,0,-32.90427746655237
mace_invariants,20,38,12,53,1.392052153757254,1041.5185140078554,-92.89004075939486,0.5344373994413637,0.6543958675006132,0,-69.56171000718949
mace_invariants,20,39,13,42,1.3739360121208932,894.7374180795812,-81.76384404196472,0.3723292072847738,0.6543958675006132,0,-91.68579341491933
mace_invariants,20,40,13,48,1.4047724513012476,1090.7284121582315,-76.7052940201684,0.4204094842825513,0.6543958675006132,0,-29.02882200861449
mace_invariants,20,41,13,49,1.4281866018008533,1121.7418256981548,-70.47751328580303,0.3884044241455696,0.6543958675006132,0,-17.08540249058828
mace_invariants,20,42,14,43,1.4844020720213884,988.9049760861981,-62.311154254488685,0.46887782011447743,0.6543958675006132,0,26.81867413869556
mace_invariants,20,43,14,49,1.4219433162773885,1065.6459743977853,-58.42237124916635,0.4828972223496606,0.6543958675006132,0,14.990861548142504
mace_invariants,20,44,14,50,1.445400318438671,1246.185439205805,-80.71401848209983,0.5403514956221185,0.6543958675006132,0,11.491841779397348
mace_invariants,20,45,15,44,1.4670062928834338,1193.42317521869,-54.97369274632775,0.7019356841551041,0.6543958675006132,1,3.936104675375219
mace_invariants,20,46,15,50,1.3782690745241761,944.3496827710832,-82.84433434885281,0.6129267805826777,0.6543958675006132,0,-37.72213646180346
mace_invariants,20,47,15,51,1.4153679141784008,1253.6121356298308,-58.45882816657049,0.6453617324543786,0.6543958675006132,0,0.17004221954395504
mace_invariants,20,48,16,45,1.4574379752827364,1126.9740999694764,-71.86706461455147,0.5634470602011472,0.6543958675006132,0,16.04332611812863
mace_invariants,20,49,16,51,1.4441702989367102,1232.4826376765561,-48.66028357715621,0.554241531149748,0.6543958675006132,0,20.098667129589476
mace_invariants,20,50,16,52,1.3905866176737438,1011.4048210095993,-74.69240434570855,0.4779920703450714,0.6543958675006132,0,-24.195423224156627
mace_invariants,20,51,17,46,1.4743964569341839,957.9788737644143,-71.99954182223134,0.6529460680955135,0.6543958675006132,0,-7.491139877900336
mace_invariants,20,52,17,52,1.4176850051998708,1228.7232843042789,-84.01408160944655,0.5924970418313471,0.6543958675006132,0,-20.860222536553863
mace_invariants,20,53,17,53,1.3515001900725525,604.6042989646674,-118.33798045511018,0.6826885505356015,0.6543958675006132,1,-67.81692842457663
mace_invariants,20,54,18,53,1.389162286845082,917.9804546720502,-61.70434467929946,0.6783075712187847,0.6543958675006132,1,-102.88274885158117
mace_invariants,20,55,18,54,1.399803128845673,1077.266347091707,-83.61972228648845,0.620754555732307,0.6543958675006132,0,-45.19903913001018
mace_invariants,20,56,18,59,1.4200717133915812,1149.660023642019,-80.57688797887275,0.6129674422563169,0.6543958675006132,0,-58.659260026455755
mace_invariants,20,57,19,48,1.472371820213334,923.0393942512261,-68.55411539577116,0.5117935056290441,0.6543958675006132,0,14.332901551743639
mace_invariants,20,58,19,54,1.4616454935583776,1172.8210699261754,-35.78670867048508,0.5260667030493213,0.6543958675006132,0,31.923484420804986
mace_invariants,20,59,19,55,1.3635515708083792,712.9748317638891,-67.03901380000451,0.5613890436257396,0.6543958675006132,0,-29.586452977402114
mace_invariants,20,60,20,49,1.4073228682591175,1175.591513338613,-94.2752534630399,0.39419487142394616,0.6543958675006132,0,-5.1694069069631805
mace_invariants,20,61,20,55,1.3863916610802636,947.1277332134588,-92.19604155478417,0.47579546955762336,0.6543958675006132,0,-40.00042976666947
mace_invariants,20,62,20,56,1.4314904018857733,1193.7216129833182,-58.60172404559196,0.3345803420531091,0.6543958675006132,0,-17.560063503476737
mace_invariants,20,63,21,50,1.4657229135705323,1140.1870340155504,-92.30886640704173,0.5364998629693007,0.6543958675006132,0,-5.994075127336979
mace_invariants,20,64,21,56,1.4059172675575764,1210.1872369993546,-71.98272441526152,0.4194310603260058,0.6543958675006132,0,-21.936286978084603
mace_invariants,20,65,21,57,1.3936251592727273,1037.889928191827,-77.82351901197765,0.5041262854518345,0.6543958675006132,0,-1.9052278837228913
mace_invariants,20,66,22,51,1.5052072761152144,932.6153713874571,-81.3256459800198,0.6029144706485965,0.6543958675006132,0,-33.961753264338576
mace_invariants,20,67,22,57,1.4473606967411607,1095.4800024675255,-70.70510788451084,0.5381059412594293,0.6543958675006132,0,4.943524467516994
mace_invariants,20,68,22,58,1.2994879373050297,-674.7488388480166,-355.5945151013409,0.5383556563247737,0.6543958675006132,0,-72.85344221664865
mace_invariants,20,69,23,52,1.4545311517318689,1147.387441153699,-82.32682454657039,0.3908752964800225,0.6543958675006132,0,9.192750558867502
mace_invariants,20,70,23,58,1.4465094250986659,981.5559196596524,-99.07592454874559,0.4025659429608763,0.6543958675006132,0,14.024143975988377
mace_invariants,20,71,23,59,1.4360431088312544,1142.142844361618,-81.81315367292869,0.41572667622180925,0.6543958675006132,0,31.104212907132233
mace_invariants,20,72,24,59,1.4763003501013354,892.9655106772003,-80.64342414025721,0.5153033475929438,0.6543958675006132,0,6.77301210975193
mace_invariants,20,73,24,60,1.3499584875616006,647.9083628676578,-93.25011282623507,0.6389902421898538,0.6543958675006132,0,-25.82006544947111
mace_invariants,20,74,24,65,1.4498066235136442,1056.0527930589894,-54.29849204618946,0.4223248790306717,0.6543958675006132,0,-21.77975895936835
mace_invariants,20,75,25,54,1.4495882432617566,1159.5305246059133,-52.02186414368177,0.5433097185913703,0.6543958675006132,0,18.943742429781366
mace_invariants,20,76,25,60,1.4461111321203888,1134.049011287786,-73.22152530125624,0.6592094997122903,0.6543958675006132,1,-16.692023810393135
mace_invariants,20,77,25,61,1.39768012510088,1127.9198843037543,-55.760223117947874,0.6316220075524255,0.6543958675006132,0,-38.14591281035257
mace_invariants,20,78,26,55,1.3932737239050235,950.6068725735441,-99.47451950555454,0.7100737952608609,0.6543958675006132,1,-33.812795403878184
mace_invariants,20,79,26,61,1.519936737897425,308.01303956720284,-111.86813264489581,0.7630637436454979,0.6543958675006132,1,-70.57202457033438
mace_invariants,20,80,26,62,1.3840744233908644,1081.280371591549,-72.25663326816948,0.7428264137321253,0.6543958675006132,1,-45.86982098981794
mace_invariants,20,81,27,56,1.384727302161654,1088.056166045726,-80.71395950223683,0.38494064584790627,0.6543958675006132,0,-65.18714989436796
mace_invariants,20,82,27,62,1.4492843682772458,1355.8574095685249,-89.31716058446953,0.5589083918236849,0.6543958675006132,0,-47.73651845233556
mace_invariants,20,83,27,63,1.322545042012971,10.983454071398668,-161.9331550010514,0.4699214012074737,0.6543958675006132,0,-50.783543135176274
mace_invariants,20,84,28,57,1.473325347120256,1231.294147402407,-76.27011789882583,0.40359724964717814,0.6543958675006132,0,27.75237845852345
mace_invariants,20,85,28,63,1.4228230206909196,1431.943657518294,-72.6868230386064,0.40388277988091686,0.6543958675006132,0,15.086273355236084
mace_invariants,20,86,28,64,1.3435284330709907,518.4318100778573,-124.72048547766252,0.37443969372465136,0.6543958675006132,0,-54.84178819536315
mace_invariants,20,87,29,58,1.4428773209088557,1543.441939183716,-68.27333537492588,0.42423850180713407,0.6543958675006132,0,60.533892636890684
mace_invariants,20,88,29,64,1.4316263847122916,1168.6625566681873,-37.86082802839472,0.3948312308192629,0.6543958675006132,0,0.5630815803355773
mace_invariants,20,89,29,65,1.3965714723442864,1194.2359527783135,-63.178309650746,0.3444207665057949,0.6543958675006132,0,-1.5037631833587062
mace_invariants,20,90,30,65,1.4138828456100274,1291.9839640535051,-38.13100826476141,0.46412717687525523,0.6543958675006132,0,-6.7970636859713665
mace_invariants,20,91,30,66,1.4056486968432185,1122.4134201239056,-67.22545157070282,0.6739345460885593,0.6543958675006132,1,-8.299013713297917
mace_invariants,20,92,30,71,1.4363363995668261,1178.009729818796,-100.03187267289829,0.6299363727834499,0.6543958675006132,0,22.576435214421387
mace_invariants,20,93,31,60,1.4603833153671382,1001.0012826061876,-35.58244371487505,0.6876487456130391,0.6543958675006132,1,-2.9597281421296913
mace_invariants,20,94,31,66,1.4868916088105226,760.6319565606113,-69.82820657737334,0.6807907516671611,0.6543958675006132,1,-24.439348669494144
mace_invariants,20,95,31,67,1.392660360963325,1061.3635438298566,-73.74534775403858,0.6651517749370692,0.6543958675006132,1,-28.07069027206092
mace_invariants,20,96,32,61,1.4532113505353323,1236.3939870002541,-56.73942145708768,0.7261813642329031,0.6543958675006132,1,-18.865099926807062
mace_invariants,20,97,32,67,1.474130816983689,897.5751171431621,-92.08335780697895,0.7312718857167979,0.6543958675006132,1,6.012925900296931
mace_invariants,20,98,32,68,1.426315517219004,1173.3864122948864,-44.51497085189213,1.0526577819467118,0.6543958675006132,1,-8.659390397570844
mace_invariants,20,99,33,62,1.4724438091439795,1072.6428359188756,-34.996136701608016,0.925014942973378,0.6543958675006132,1,10.127948001442444
mace_invariants,20,100,33,68,1.3786202263966547,957.2781405302144,-67.01041008616649,1.2717286906005592,0.6543958675006132,1,-27.83069468292378
mace_invariants,20,101,33,69,1.4961273207989454,949.3229891382236,-74.74114878489613,1.0229587966440854,0.6543958675006132,1,-18.729686789982132
mace_invariants,20,102,34,63,1.5040978475752855,669.0533225427691,-99.69125169865403,0.519113470293392,0.6543958675006132,0,-30.038380905425623
mace_invariants,20,103,34,69,1.4891694333419965,820.7586038935048,-87.63554856303004,0.7060443145803106,0.6543958675006132,1,5.678189389945343
mace_invariants,20,104,34,70,1.3947236898514626,930.2693423136326,-89.24143746970884,0.6317438509354092,0.6543958675006132,0,29.0653209765573
mace_invariants,20,105,35,64,1.4672970427720102,827.4361677571429,-57.542577954461585,0.4613433833190683,0.6543958675006132,0,-3.145392580222957
mace_invariants,20,106,35,70,1.4715779301356502,934.7971812671874,-73.03525879956577,0.603416850117351,0.6543958675006132,0,31.2444850650928
mace_invariants,20,107,35,71,1.4039679464429167,1070.7118622223704,-76.78589828925472,0.576742114913795,0.6543958675006132,0,35.377010863731584
mace_invariants,6,0,0,36,1.512807542241714,-256.2016586006752,-94.3205945723181,0.6651887863395296,0.6524038753241663,1,-9.869529282960464
mace_invariants,6,1,0,41,1.3980260636793633,733.2810289553794,41.12988053165215,0.6658845530499892,0.6524038753241663,1,-31.840278646922005
mace_invariants,6,2,0,71,1.4479451898230502,484.87072084168517,26.86918440739529,0.6257540894985092,0.6524038753241663,0,-20.089897255189587
mace_invariants,6,3,1,36,1.3368541909021847,-93.70965018352706,-70.89136155766292,0.832058533808043,0.6524038753241663,1,-38.892012032888566
mace_invariants,6,4,1,37,1.4676871675821794,446.09412015764207,5.373773462562209,0.834028630990092,0.6524038753241663,1,-20.632469277934163
mace_invariants,6,5,1,66,1.4895188235436283,407.79946652298406,-1.6675941690679625,0.8314326783983566,0.6524038753241663,1,-28.67164453107772
mace_invariants,6,6,2,37,1.407602352404,824.8432569137605,52.12568843077288,0.5256926816633297,0.6524038753241663,0,-6.016699625380976
mace_invariants,6,7,2,38,1.4089936063053474,804.5398901563639,31.156423678691468,0.43841451390914876,0.6524038753241663,0,-14.456015580208982
mace_invariants,6,8,2,67,1.409097238737353,977.7323514345298,54.897524348773814,0.463640504797752,0.6524038753241663,0,-23.719633855505442
mace_invariants,6,9,3,38,1.31106449947521,-540.2987049725883,-82.78239534746096,0.4257488267769183,0.6524038753241663,0,-86.3474231953253
mace_invariants,6,10,3,39,1.3988345383515939,836.1464332239478,12.779937179747131,0.3702133763308375,0.6524038753241663,0,-89.14993052559234
mace_invariants,6,11,3,68,1.456379939488702,512.8944715415444,22.957046099996504,0.476059744814447,0.6524038753241663,0,-94.21151191193748
mace_invariants,6,12,4,39,1.4304908949047501,995.3038669162835,44.55803610476242,0.577160626913281,0.6524038753241663,0,2.135879476277754
mace_invariants,6,13,4,40,1.4573602841247348,824.2281057087254,25.39114645060568,0.7346197447867814,0.6524038753241663,1,-20.979456324739317
mace_invariants,6,14,4,69,1.4426351545184186,714.0036044150611,16.255849989954882,0.7384732491612045,0.6524038753241663,1,-36.870910202355944
mace_invariants,6,15,5,40,1.482806270524472,439.69943101205564,5.069174875339775,0.6634726953688534,0.6524038753241663,1,-34.64783461241511
mace_invariants,6,16,5,41,1.4683657022481278,573.1015191918025,54.193699152310984,0.6475528652240253,0.6524038753241663,0,-44.100403100697946
mace_invariants,6,17,5,70,1.3400064190985024,102.56486402668519,17.595036312731857,0.6384431631768166,0.6524038753241663,0,-88.47274947370042
mace_invariants,6,18,6,41,1.408039849738852,494.15275467915086,-1.7755804627414205,0.617568812020287,0.6524038753241663,0,-34.31066066291877
mace_invariants,6,19,6,42,1.4418386972901165,722.88346626357,35.328667253885726,0.5221923099081005,0.6524038753241663,0,-17.80818532319214
mace_invariants,6,20,6,47,1.4532042562822578,654.5872055161647,22.017873874372622,0.5633962300586745,0.6524038753241663,0,-25.015789007707795
mace_invariants,6,21,7,36,1.3503225166810224,252.82215227983974,-63.005620653630714,0.5331623156531755,0.6524038753241663,0,-44.82804572820801
mace_invariants,6,22,7,42,1.3891898076777023,669.8263672533759,-54.145294568525514,0.43848158025144857,0.6524038753241663,0,-47.793992090074575
mace_invariants,6,23,7,43,1.486197240791876,462.9397823873528,14.472709206718754,0.42578736035186027,0.6524038753241663,0,-17.5605063603953
mace_invariants,6,24,8,37,1.4356560500869449,805.1063334746575,30.046232235894497,0.5900596055038427,0.6524038753241663,0,-5.561453534536195
mace_invariants,6,25,8,43,1.4660196517225863,660.4199166390712,-14.97270007001678,0.48071455302047855,0.6524038753241663,0,0.1959100829854421
mace_invariants,6,26,8,44,1.397948557628855,721.3879349687038,9.034037012388467,0.6285233375156546,0.6524038753241663,0,-53.450864144976094
mace_invariants,6,27,9,38,1.4829563837218505,478.9596310696147,34.324758652404405,0.5739342218671708,0.6524038753241663,0,-29.88992723369171
mace_invariants,6,28,9,44,1.4359840414582226,792.7116590349145,18.729482741282727,0.6996761216331635,0.6524038753241663,1,52.29052351934456
mace_invariants,6,29,9,45,1.4758068530559516,801.6493179225904,-1.475447847334093,0.6665984166672614,0.6524038753241663,1,11.205202559146521
mace_invariants,6,30,10,39,1.4787917995816042,759.5788388734167,33.03597914017116,0.5715727054446944,0.6524038753241663,0,-8.070620515374578
mace_invariants,6,31,10,45,1.4008792418464744,809.5370280059533,-7.684596848894148,0.7197723506908658,0.6524038753241663,1,-44.739126701587445
mace_invariants,6,32,10,46,1.4882454706764272,556.0280638258052,69.5866124288877,0.7142830843412371,0.6524038753241663,1,-40.1154082622122
mace_invariants,6,33,11,40,1.4605736530922442,713.2586949668214,32.06444725648225,0.6401078249704582,0.6524038753241663,0,-16.114951398130135
mace_invariants,6,34,11,46,1.3873164073563882,648.1061033396802,67.49486059449714,0.6253590859935004,0.6524038753241663,0,-59.92710564322818
mace_invariants,6,35,11,47,1.4436925964536929,783.9306589528196,0.8866854146396992,0.5700154128640175,0.6524038753241663,0,0.2965293320435194
mace_invariants,6,36,12,47,1.480112320283898,599.6917391713025,13.269789225705049,0.5766036159445642,0.6524038753241663,0,39.77844092051106
mace_invariants,6,37,12,48,1.4812090871162047,784.2550592045624,38.88799145567418,0.5885653898861096,0.6524038753241663,0,79.78793793483267
mace_invariants,6,38,12,53,1.3194153794071812,-568.0670193697448,-86.86939187079092,0.4752800744307285,0.6524038753241663,0,17.3083741392932
mace_invariants,6,39,13,42,1.397917782024214,1001.5096772887766,18.145841451750677,0.5191875147113005,0.6524038753241663,0,11.8409315738487
mace_invariants,6,40,13,48,1.4715083994397427,646.2225431165698,3.1263950634203184,0.5723532088034198,0.6524038753241663,0,1.8267320298881593
mace_invariants,6,41,13,49,1.4419089529102878,712.3443846482569,62.14951691634346,0.6949640144008025,0.6524038753241663,1,-17.713544272024375
mace_invariants,6,42,14,43,1.4265695169861161,721.2679775881014,-1.1025178092690588,0.41198225663792154,0.6524038753241663,0,10.596849730715618
mace_invariants,6,43,14,49,1.3207089036908124,-434.7137483222418,8.189862691784047,0.6004529762270118,0.6524038753241663,0,-63.593654527441075
mace_invariants,6,44,14,50,1.4578976812396982,601.8560603092259,5.908910281428828,0.7196821513454859,0.6524038753241663,1,4.623466176245664
mace_invariants,6,45,15,44,1.3602829853449783,308.2441037058094,-7.148077176526959,0.648223980587683,0.6524038753241663,0,-62.721980696275615
mace_invariants,6,46,15,50,1.4756196545175349,727.4604572716222,31.287184014709908,0.8081150908000714,0.6524038753241663,1,-14.728556772922252
mace_invariants,6,47,15,51,1.4377228773527535,923.4222074689098,37.449800988856374,0.46700042039897116,0.6524038753241663,0,-28.783155530782942
mace_invariants,6,48,16,45,1.4223240971496969,714.5571338403632,51.734236439347164,0.5740925746807413,0.6524038753241663,0,-83.07310713816993
mace_invariants,6,49,16,51,1.415942312609071,845.357291310442,16.95863331421399,0.4259467194579315,0.6524038753241663,0,-6.282161438044888
mace_invariants,6,50,16,52,1.344274885526911,69.85162216648311,55.243096939467875,0.48333007456486166,0.6524038753241663,0,-95.12174846241582
mace_invariants,6,51,17,46,1.450833774634021,1006.5934268276409,39.017275569005065,0.5092993999602915,0.6524038753241663,0,-45.79067910300034
mace_invariants,6,52,17,52,1.39512949257262,856.938411896372,41.834858958828086,0.4240261661940405,0.6524038753241663,0,-34.836627162578424
mace_invariants,6,53,17,53,1.4224028063041598,714.601468224737,-6.189350585492908,0.3526321853169728,0.6524038753241663,0,-5.184986474756105
mace_invariants,6,54,18,53,1.435024321415325,763.041024059651,13.763601597929641,0.322558081228249,0.6524038753241663,0,58.3436385245043
mace_invariants,6,55,18,54,1.4238616492936855,821.0533677840799,24.240913754552558,0.39378639813829996,0.6524038753241663,0,14.016772982485342
mace_invariants,6,56,18,59,1.463673126969416,640.7662435263716,15.273948448078855,0.3999891941746938,0.6524038753241663,0,25.845922436720635
mace_invariants,6,57,19,48,1.4336382420139828,896.8715027942125,25.023920026222555,0.5784663506637762,0.6524038753241663,0,-41.42497167720418
mace_invariants,6,58,19,54,1.4065661168710433,719.8676142988937,51.16119549859859,0.5364093521184461,0.6524038753241663,0,-68.72037097477059
mace_invariants,6,59,19,55,1.3768596462504485,515.1441014859658,37.56814419976065,0.8244090397937459,0.6524038753241663,1,-81.66748388468
mace_invariants,6,60,20,49,1.4270843638198272,1038.693688927971,44.204206375037465,0.6607080477080834,0.6524038753241663,1,-58.51493459873771
mace_invariants,6,61,20,55,1.3812144462363012,636.9243695876023,29.723294808108196,0.7840399312406705,0.6524038753241663,1,-86.09720077025185
mace_invariants,6,62,20,56,1.3978858485772656,808.783072739383,55.88905569977596,0.6108952315257282,0.6524038753241663,0,-36.98580472050985
mace_invariants,6,63,21,50,1.397960504732151,952.7557346577063,16.03921846611956,0.8835925816844626,0.6524038753241663,1,-49.348890083076284
mace_invariants,6,64,21,56,1.4816590616098297,530.0896536203685,-13.933286520726593,0.7145505903836333,0.6524038753241663,1,-67.3314421613925
mace_invariants,6,65,21,57,1.4799537482967047,777.8627669984462,-26.617799739587362,0.6870920442424432,0.6524038753241663,1,-43.97147531927505
mace_invariants,6,66,22,51,1.4442117896862225,741.4584351847737,33.622918366702784,0.4385561072170174,0.6524038753241663,0,-2.2007033168323744
mace_invariants,6,67,22,57,1.4664342599864268,721.4186889222387,17.729205887102907,0.5831702401760982,0.6524038753241663,0,-33.75200516767282
mace_invariants,6,68,22,58,1.3690656837708408,473.39646535025025,11.457783942849353,0.5273086343309475,0.6524038753241663,0,-65.59257368608183
mace_invariants,6,69,23,52,1.4912279101071433,423.13227829763946,36.66547017025387,0.45735308199082875,0.6524038753241663,0,-50.362590107494576
mace_invariants,6,70,23,58,1.4542985560525066,821.9714147270487,24.904646668867386,0.4887222539978288,0.6524038753241663,0,-12.817972700172481
mace_invariants,6,71,23,59,1.3809159875494637,571.0115668998727,52.466416687472176,0.46339021406020586,0.6524038753241663,0,-20.77655130785068
mace_invariants,6,72,24,59,1.3861870292596297,616.2960842383745,5.210414165931085,0.4891481523671015,0.6524038753241663,0,-53.62489312218783
mace_invariants,6,73,24,60,1.4111920707668226,1006.8702191691588,58.34926324033722,0.502724820706814,0.6524038753241663,0,-17.51466262043112
mace_invariants,6,74,24,65,1.4859828262842856,729.4461056388369,10.414873227919477,0.6490415987229612,0.6524038753241663,0,-31.148506296412997
mace_invariants,6,75,25,54,1.3674406621726005,526.0956691288001,20.94038906316263,0.4728430594457485,0.6524038753241663,0,-76.680613190488
mace_invariants,6,76,25,60,1.466955238260029,465.6002273680235,7.982480488061192,0.49262252382185484,0.6524038753241663,0,-55.515190868565
mace_invariants,6,77,25,61,1.3262199524890337,-388.51227312269646,7.931748968328919,0.4040374600003451,0.6524038753241663,0,-121.87017661985708
mace_invariants,6,78,26,55,1.494487326181354,265.99655970040067,2.380001296881283,0.7732268373328377,0.6524038753241663,1,-41.015330353035885
mace_invariants,6,79,26,61,1.3934355123710542,718.4300737724627,11.576986961257745,0.41642155021213456,0.6524038753241663,0,-65.59247372778364
mace_invariants,6,80,26,62,1.3651163352946603,376.7486539184517,0.7785353421628921,0.538632608226742,0.6524038753241663,0,-28.274251144414883
mace_invariants,6,81,27,56,1.4510156660016351,986.8610406287701,-2.2436273781989735,0.7083504364622806,0.6524038753241663,1,-18.02540874129695
mace_invariants,6,82,27,62,1.388233981835233,564.1147053807254,14.924954518068606,0.6469009070711271,0.6524038753241663,0,-42.27589186739456
mace_invariants,6,83,27,63,1.4763194850363341,448.1813015342878,-25.976910534356588,0.7090175589901335,0.6524038753241663,1,-19.69989119881022
mace_invariants,6,84,28,57,1.4275298437884563,1080.2231874743054,25.81346146702054,0.9879790559105903,0.6524038753241663,1,-3.394061144701073
mace_invariants,6,85,28,63,1.4137767677796482,753.9769011887436,27.24085821423866,1.0161047245796335,0.6524038753241663,1,-14.637227218501353
mace_invariants,6,86,28,64,1.4522954268323225,647.2950157692477,69.64180825913402,0.9845209729037793,0.6524038753241663,1,10.177229019031294
mace_invariants,6,87,29,58,1.4491530559997359,856.7360059951897,8.331008191475524,0.5188881144908699,0.6524038753241663,0,-36.52579806615206
mace_invariants,6,88,29,64,1.4323299101795677,837.1625431209051,23.112879276054063,0.5712916373292096,0.6524038753241663,0,-24.602544275450928
mace_invariants,6,89,29,65,1.410226190605933,773.1216251126207,7.528836785036149,0.6534495209091067,0.6524038753241663,1,-35.38454571349644
mace_invariants,6,90,30,65,1.372758835880856,600.8085610000235,-19.164565719421464,0.6820449733985963,0.6524038753241663,1,-59.00334973453902
mace_invariants,6,91,30,66,1.4596316717278746,672.7943463953821,-1.3351986806062008,0.5988949154515941,0.6524038753241663,0,5.033942492204922
mace_invariants,6,92,30,71,1.4217443437784136,684.3724004381935,12.257632140658767,0.5600860740202601,0.6524038753241663,0,-64.51577989152679
mace_invariants,6,93,31,60,1.4280590410291127,847.5490145420698,39.03303035075672,0.4731352769002576,0.6524038753241663,0,-5.2001263178653865
mace_invariants,6,94,31,66,1.425701598520152,838.7871073445514,26.690586607279855,0.5363019969694026,0.6524038753241663,0,19.816916204033383
mace_invariants,6,95,31,67,1.4275913768320054,699.3016751575121,48.274932720034876,0.47684577269556017,0.6524038753241663,0,-48.36890042851334
mace_invariants,6,96,32,61,1.4625617539369167,634.3239431863183,-1.6190876256978322,0.38966972878771056,0.6524038753241663,0,-96.39107452453518
mace_invariants,6,97,32,67,1.4400982265498263,815.62767379868,23.939603508821794,0.4819652884045228,0.6524038753241663,0,-32.31900651594509
mace_invariants,6,98,32,68,1.339894564477318,-120.98292874536065,-9.329399921633952,0.5070502155534484,0.6524038753241663,0,-79.07295668948238
mace_invariants,6,99,33,62,1.4327602065267253,761.1247264973075,17.60112543409094,0.6194643107866664,0.6524038753241663,0,12.387911347657528
mace_invariants,6,100,33,68,1.4166469526286936,873.9347833196986,53.64673126628271,0.6146337395377968,0.6524038753241663,0,-10.64241534904302
mace_invariants,6,101,33,69,1.4893149490167876,383.02856530705327,29.65547494182725,0.6700999933021109,0.6524038753241663,1,-45.203805375081814
mace_invariants,6,102,34,63,1.4164759061844763,870.6659204211877,30.757757613417624,0.6907625956501667,0.6524038753241663,1,-45.554727883864885
mace_invariants,6,103,34,69,1.4474526207256062,749.8364272543629,10.010522804191368,0.6792816262466048,0.6524038753241663,1,-37.27246238659788
mace_invariants,6,104,34,70,1.4614241382681945,710.6084503593935,10.689334095679188,0.6503985896801447,0.6524038753241663,0,-35.86304969333663
mace_invariants,6,105,35,64,1.483597669879744,486.1206222879838,12.325980566295996,0.7581182572325809,0.6524038753241663,1,-33.018044320301755
mace_invariants,6,106,35,70,1.4268039629928706,822.3907634313291,52.19444242451439,0.749338002938413,0.6524038753241663,1,-31.633888576890293
mace_invariants,6,107,35,71,1.3990196091017715,861.0326517353498,28.39970767188432,0.7183172414341418,0.6524038753241663,1,-41.3588014915636
mace_invariants,203,0,0,36,1.4139393697617595,891.3044817973534,-4.265890389263673,0.4617916087867474,0.650990242586641,0,-36.3257768576283
mace_invariants,203,1,0,41,1.3931206645434526,948.8012164229418,-14.532435569154732,0.44079810852092816,0.650990242586641,0,-36.049324504591596
mace_invariants,203,2,0,71,1.4166507112839335,1091.7850321483536,-16.98265974127857,0.4466942841372261,0.650990242586641,0,-13.637091981582167
mace_invariants,203,3,1,36,1.451875188827167,858.5145080953671,-4.668210205399648,0.5736847292011933,0.650990242586641,0,-28.14563153269651
mace_invariants,203,4,1,37,1.3941923625063835,876.0938621631542,-31.0697108763056,0.6342078778201865,0.650990242586641,0,-54.7034702032571
mace_invariants,203,5,1,66,1.4784040646223675,778.0618902419145,37.73284956469834,0.5253531376967404,0.650990242586641,0,5.412884529176967
mace_invariants,203,6,2,37,1.3754129235854633,788.098382879661,8.201450564857195,0.5076125646962518,0.650990242586641,0,-54.121769194549586
mace_invariants,203,7,2,38,1.4637738422214768,1028.307543711092,-8.52859088750997,0.3747318369976664,0.650990242586641,0,-9.82287225180175
mace_invariants,203,8,2,67,1.4182934286246207,1146.7259999845744,-15.028006143626031,0.4569197823392604,0.650990242586641,0,8.814786053631845
mace_invariants,203,9,3,38,1.3725457553870497,800.8010127675198,-12.861382530511667,0.5172406235938475,0.650990242586641,0,-33.47108420209658
mace_invariants,203,10,3,39,1.4352767031212048,813.439213379288,-10.305316842752571,0.6230159993954056,0.650990242586641,0,-23.763324245638405
mace_invariants,203,11,3,68,1.3829347220792416,945.6599071627858,-44.138933348405,0.6219355548432193,0.650990242586641,0,-12.570304681141375
mace_invariants,203,12,4,39,1.4350305675399686,949.0921404982058,-27.445552601500662,0.5972943713522336,0.650990242586641,0,-6.541355576310474
mace_invariants,203,13,4,40,1.4624681734234721,1025.6634046099769,-23.083562582406582,0.5804588570213665,0.650990242586641,0,2.043870126447384
mace_invariants,203,14,4,69,1.4527147089291867,1172.9642881503778,-9.490502506462875,0.6615851081206878,0.650990242586641,1,7.393755499605081
mace_invariants,203,15,5,40,1.3890231646544415,823.7024019269109,-29.166286567669204,0.5745555686505807,0.650990242586641,0,-33.583485378947515
mace_invariants,203,16,5,41,1.396600024249873,954.7382509550357,-51.37964238089216,0.5369797859936626,0.650990242586641,0,-55.82494522005105
mace_invariants,203,17,5,70,1.4569002447474881,933.9235468622984,-29.019386601135178,0.5613536934006638,0.650990242586641,0,19.86915683063489
mace_invariants,203,18,6,41,1.4332414859939746,1001.345366178832,-47.71077095631225,0.5644067091262466,0.650990242586641,0,20.67028718157538
mace_invariants,203,19,6,42,1.391157577586656,1077.934212687681,-28.54590388989202,0.6871586085095918,0.650990242586641,1,-58.87621694660129
mace_invariants,203,20,6,47,1.430196133340986,1177.61127414654,-41.03651781704929,0.7103404267863334,0.650990242586641,1,31.269279010273355
mace_invariants,203,21,7,36,1.4026233507270818,1095.5975340375774,7.58980531818259,0.5770178902491638,0.650990242586641,0,-41.69140687386767
mace_invariants,203,22,7,42,1.4382060073696628,1005.4030697283764,-13.676647828376455,0.6787762893666898,0.650990242586641,1,-58.69491595663466
mace_invariants,203,23,7,43,1.4177250681488023,955.5914665661594,-0.7579823868125307,0.655665794713262,0.650990242586641,1,-4.454063626242254
mace_invariants,203,24,8,37,1.506333426964476,396.67860365896223,-12.894392273097797,0.6233004673129805,0.650990242586641,0,16.962017447977654
mace_invariants,203,25,8,43,1.4057245601636486,1076.2825155690825,-24.171576938173594,0.6414252231580855,0.650990242586641,0,-9.189360593265565
mace_invariants,203,26,8,44,1.4437413775934504,1222.0509575434266,-44.37164781703309,0.5533318178179314,0.650990242586641,0,19.08614112062123
mace_invariants,203,27,9,38,1.3881322148271469,883.4861829828354,-24.978070040767708,0.4102439659629523,0.650990242586641,0,-35.22733798787079
mace_invariants,203,28,9,44,1.4018171800972192,890.2918223584345,-23.378940882202198,0.4731560441664886,0.650990242586641,0,-23.081625361419327
mace_invariants,203,29,9,45,1.4138695690077545,1037.1006479919802,-5.242627422314121,0.45249319980302494,0.650990242586641,0,-21.843026504740173
mace_invariants,203,30,10,39,1.4300508094238935,1235.57699628535,-9.507079637948415,0.5539820696915382,0.650990242586641,0,-10.8174711150767
mace_invariants,203,31,10,45,1.4394065109802423,980.0869939629141,-23.45832245891286,0.49045592773005264,0.650990242586641,0,-7.720050572100921
mace_invariants,203,32,10,46,1.4406600715260156,958.337429165698,33.948244178227576,0.6107442762016098,0.650990242586641,0,-36.25252979440819
mace_invariants,203,33,11,40,1.495849199003342,564.6158055610497,-23.799122136933832,0.6191078045253469,0.650990242586641,0,1.1435855893466353
mace_invariants,203,34,11,46,1.4415030636596076,894.989941528469,-6.035161891600415,0.6927055253662857,0.650990242586641,1,-36.18931979834696
mace_invariants,203,35,11,47,1.3815737983683152,1012.2513853094719,-21.935898026071833,0.7274657395285156,0.650990242586641,1,-32.50795334174019
mace_invariants,203,36,12,47,1.4964173427155596,514.4724118948585,-10.829892762906683,0.6646888754476762,0.650990242586641,1,14.736781787922425
mace_invariants,203,37,12,48,1.4367205516597172,893.8756324331982,-2.391614877660266,0.6981860366757108,0.650990242586641,1,-35.933771370692924
mace_invariants,203,38,12,53,1.3745727221481323,766.2033802120646,-6.1708165809715165,0.6812134494076589,0.650990242586641,1,-85.0768669010915
mace_invariants,203,39,13,42,1.341561772302425,96.61471963844647,-89.60209201508218,0.5558701639912793,0.650990242586641,0,-57.5811016175809
mace_invariants,203,40,13,48,1.3215882077570944,-404.39257230296687,-63.819866076834764,0.6125491434960554,0.650990242586641,0,-127.32153704335718
mace_invariants,203,41,13,49,1.4201359343488975,913.8755807125973,-60.491008532389266,0.3291000392918183,0.650990242586641,0,-51.98043663822732
mace_invariants,203,42,14,43,1.3883538723918916,827.9507835724868,20.525243643806792,0.6794829743715768,0.650990242586641,1,-28.873967378734076
mace_invariants,203,43,14,49,1.4213175998603595,1075.2379536736357,-19.952929377085585,0.4758233443255436,0.650990242586641,0,0.7229134268532018
mace_invariants,203,44,14,50,1.4468311081428409,1261.6709052104272,-44.76519406616856,0.6611237257918214,0.650990242586641,1,-8.994220604969511
mace_invariants,203,45,15,44,1.4470962679211528,1008.905658378834,-28.743916202679635,0.48721741340647207,0.650990242586641,0,7.895679922854448
mace_invariants,203,46,15,50,1.4460314145565758,964.0076187862774,-30.583351536940153,0.5569515701668709,0.650990242586641,0,-13.366598084132512
mace_invariants,203,47,15,51,1.3892162801090473,843.860882059639,-40.203962194171446,0.47901390148205814,0.650990242586641,0,-40.10674322442858
mace_invariants,203,48,16,45,1.4473483852473683,914.100317713972,-24.99054718323394,0.49720587346358547,0.650990242586641,0,4.165191047440008
mace_invariants,203,49,16,51,1.3842220842977415,800.9973178008802,-12.406536547544718,0.5096652059026352,0.650990242586641,0,-48.802640807680376
mace_invariants,203,50,16,52,1.43614012047294,947.3796142325256,-27.809513783480252,0.5844162335484469,0.650990242586641,0,-25.962294594997445
mace_invariants,203,51,17,46,1.4051845153026996,1063.9378134447895,27.96018804827506,0.9179737388835807,0.650990242586641,1,-19.35602756830359
mace_invariants,203,52,17,52,1.4989167232624225,479.61045665916265,-24.36021822893506,0.8848957504968848,0.650990242586641,1,0.8302767313640267
mace_invariants,203,53,17,53,1.4500418392100236,1232.6385352255988,-8.319805466398677,0.9692585270057934,0.650990242586641,1,-12.329311751281736
mace_invariants,203,54,18,53,1.5227448556343297,188.1386102295064,4.426549562046316,0.7421370845907163,0.650990242586641,1,8.615315292084802
mace_invariants,203,55,18,54,1.3953048179524747,786.3550642212376,-13.491593846277246,0.6902983671839278,0.650990242586641,1,-13.082774180501254
mace_invariants,203,56,18,59,1.4812616699478427,852.8477130370702,23.501498547623935,0.6465663564754167,0.650990242586641,0,35.468152795632065
mace_invariants,203,57,19,48,1.493298637427794,753.2050870294622,-23.249760740763545,0.778825289641044,0.650990242586641,1,41.327669104156044
mace_invariants,203,58,19,54,1.3308750278520105,-55.20172220121944,-27.001853698149965,0.7100139849662037,0.650990242586641,1,-85.07615225223734
mace_invariants,203,59,19,55,1.4189154961136752,1415.2260258811773,-28.431088748525365,0.5728017175700156,0.650990242586641,0,-9.435648502793986
mace_invariants,203,60,20,49,1.4104772986460055,1144.1408479786544,-27.382568280710583,0.42828649473950675,0.650990242586641,0,-8.653397878751814
mace_invariants,203,61,20,55,1.4387999527498743,1024.7728617374148,-15.476161541671273,0.5057120268727154,0.650990242586641,0,-5.500821142909237
mace_invariants,203,62,20,56,1.4751554767225539,834.6599648687348,-9.886547256016867,0.5742295092685414,0.650990242586641,0,11.22226230283919
mace_invariants,203,63,21,50,1.3805352392519168,800.7289570974629,-5.840086576532093,0.7496135685260885,0.650990242586641,1,-48.90201455056817
mace_invariants,203,64,21,56,1.44755385402009,1151.0303385553193,-13.57356114714255,0.7102562015888452,0.650990242586641,1,-12.50184002887183
mace_invariants,203,65,21,57,1.4614774376596267,849.6509135267275,-19.946378021866735,0.7199717746943727,0.650990242586641,1,-16.71943635380732
mace_invariants,203,66,22,51,1.3998424584763134,873.8437204069353,-35.46092725707333,0.4510985341170951,0.650990242586641,0,-33.09010165957979
mace_invariants,203,67,22,57,1.4093492648014458,1086.3911907903937,-45.35995026177254,0.4993944089701921,0.650990242586641,0,-15.368243778893884
mace_invariants,203,68,22,58,1.447986325861014,1030.627094338718,-13.547349614776513,0.4537756921362953,0.650990242586641,0,18.511902460321824
mace_invariants,203,69,23,52,1.4341197718591014,1122.0876994394225,-7.4803436252069835,0.605413601479458,0.650990242586641,0,-11.094034328796283
mace_invariants,203,70,23,58,1.4340266617148005,1060.113306651266,-18.818608334879602,0.5333397318528466,0.650990242586641,0,-8.243582219989152
mace_invariants,203,71,23,59,1.4249831251115659,906.9977093995354,-12.99373199051582,0.594205649873067,0.650990242586641,0,-11.36295850161246
mace_invariants,203,72,24,59,1.419566780433998,1037.8017152494192,12.184816273899138,0.5973216477825447,0.650990242586641,0,-14.20146946083832
mace_invariants,203,73,24,60,1.4024182221373271,1343.0546707790297,-11.196453713505198,0.6411627064991554,0.650990242586641,0,32.77296692427993
mace_invariants,203,74,24,65,1.4280073134381455,934.6518108240012,-7.348046151147408,0.6210468924721713,0.650990242586641,0,-75.46498374467642
mace_invariants,203,75,25,54,1.395910060373722,837.9084889061792,8.4054711808251,0.5956976641580973,0.650990242586641,0,-13.299714742112268
mace_invariants,203,76,25,60,1.4658882535414208,827.3879329774387,-26.52614652122223,0.595806712166197,0.650990242586641,0,2.260140141841834
mace_invariants,203,77,25,61,1.4170949802689699,951.9073184483531,-39.11124715687609,0.5263092878278078,0.650990242586641,0,-26.830776332603968
mace_invariants,203,78,26,55,1.397981651991643,1015.2755647370544,-24.540459448398813,0.48698410677402576,0.650990242586641,0,-27.936577335075654
mace_invariants,203,79,26,61,1.362333052933221,531.5225958401526,-6.81540878998161,0.5548079978399243,0.650990242586641,0,-71.66382238753808
mace_invariants,203,80,26,62,1.4773008174540498,866.4512590616672,-20.499865090709495,0.6814673290193942,0.650990242586641,1,16.180677295734885
mace_invariants,203,81,27,56,1.4419000516097646,1014.6643009348375,-13.102005715478292,0.5290630415477036,0.650990242586641,0,-0.6516196310160183
mace_invariants,203,82,27,62,1.4287353353257062,1096.3697564482434,-18.44231165446332,0.655028781397246,0.650990242586641,1,18.841599082404432
mace_invariants,203,83,27,63,1.3915069653896068,1350.6977926652448,-15.402388950203752,0.6713952879536105,0.650990242586641,1,-5.841649752018954
mace_invariants,203,84,28,57,1.371099344718443,716.2740459306141,4.951925027734526,0.6007299756310907,0.650990242586641,0,-76.31650764150245
mace_invariants,203,85,28,63,1.401579754128577,1024.329829971205,6.25434188767688,0.73334664893147,0.650990242586641,1,-21.07578190908424
mace_invariants,203,86,28,64,1.4811479983025337,865.9111440792601,7.241358593378787,0.5492874342932295,0.650990242586641,0,12.53429837079749
mace_invariants,203,87,29,58,1.3972119247625052,956.3403639768803,-16.310784858324215,0.5442588586992179,0.650990242586641,0,-40.61329345424025
mace_invariants,203,88,29,64,1.4475820424790673,1098.7238799291672,-18.637600505551685,0.5384350341952535,0.650990242586641,0,14.505639008528014
mace_invariants,203,89,29,65,1.3765515419186003,607.4006240859926,24.139093167128575,0.6288500214090649,0.650990242586641,0,-97.92170091266865
mace_invariants,203,90,30,65,1.3856481697193015,838.6267056884443,17.245857925715217,0.7352567972211498,0.650990242586641,1,-23.47498201580963
mace_invariants,203,91,30,66,1.4554616205296569,861.6681339446175,-8.36679772768853,0.6173058977881196,0.650990242586641,0,-2.9488061555623855
mace_invariants,203,92,30,71,1.5049335649674283,544.9630408961922,18.683111915651224,0.6505401646430512,0.650990242586641,0,17.431925550526483
mace_invariants,203,93,31,60,1.4772447585697428,812.0683639559602,15.041318896676433,0.7141231338129177,0.650990242586641,1,47.0180193286304
mace_invariants,203,94,31,66,1.44167576159425,1063.6477518001475,-48.292145334929224,0.5760564203529035,0.650990242586641,0,-25.53021088638054
mace_invariants,203,95,31,67,1.3152688232750522,-361.23452690398614,-69.05619958551154,0.6342183781193582,0.650990242586641,0,-5.957958640309723
mace_invariants,203,96,32,61,1.4697360521495229,825.3069489274578,-35.52222474212119,0.5399036745873949,0.650990242586641,0,51.215564783167196
mace_invariants,203,97,32,67,1.403439183598058,847.596193619339,-42.75609172535343,0.5294963432322244,0.650990242586641,0,57.83310414225025
mace_invariants,203,98,32,68,1.4508414199822681,1337.7945659651086,-41.95952085787468,0.5520033291400022,0.650990242586641,0,17.83939895453567
mace_invariants,203,99,33,62,1.4009633079020236,1265.2359709602154,-34.71394167408509,0.7072975780479616,0.650990242586641,1,-11.31272582713251
mace_invariants,203,100,33,68,1.4877471348224043,683.0469227446937,-20.894598039129278,0.5927379014210991,0.650990242586641,0,-2.0283783827983335
mace_invariants,203,101,33,69,1.4153528564923208,1003.1716976585745,-30.360352347700424,0.6581090827417397,0.650990242586641,1,-26.639240672512866
mace_invariants,203,102,34,63,1.469027757391157,917.6459638801648,-6.385759312756414,0.7210282318056183,0.650990242586641,1,17.392057566903144
mace_invariants,203,103,34,69,1.3708579558542096,728.4037784381333,-7.536850831264739,0.6554732299430319,0.650990242586641,1,-34.930082296972394
mace_invariants,203,104,34,70,1.4878793099880259,733.8068835981821,3.9434790764634258,0.5611451035937935,0.650990242586641,0,11.74539492980514
mace_invariants,203,105,35,64,1.3955445382601055,888.5975204841216,-24.933554748576842,0.5076408714675336,0.650990242586641,0,59.642280260398024
mace_invariants,203,106,35,70,1.4426688103495022,795.300367813554,-3.891782183172884,0.5318169578939496,0.650990242586641,0,14.027456897870284
mace_invariants,203,107,35,71,1.3349269913793924,169.5294165514881,11.521057381409621,0.5133392261032464,0.650990242586641,0,-46.22046763242924
geometry_control,94,0,0,36,1.3910826091423445,855.4704186252889,24.11519566007473,0.44741033079022274,0.6268074855418904,0,-3.193443336089267
geometry_control,94,1,0,41,1.4226454570369447,1203.9847919740234,-18.159512476333784,0.6469146208399318,0.6268074855418904,1,-45.94410048421781
geometry_control,94,2,0,71,1.4972993441168152,725.2194793780518,28.404816135523408,0.5369868506884885,0.6268074855418904,0,-63.30164113937987
geometry_control,94,3,1,36,1.3733004800723627,587.7800713249309,2.358562444688989,0.41216148987456824,0.6268074855418904,0,150.46800196437752
geometry_control,94,4,1,37,1.4205248973080284,1360.6828287518686,52.19479009979836,0.47126697717309785,0.6268074855418904,0,-120.82321562875353
geometry_control,94,5,1,66,1.5862276990373492,-818.2929406113866,-52.109343010803165,0.3924741754898269,0.6268074855418904,0,-157.77005447865895
geometry_control,94,6,2,37,1.5110807960941954,499.70633959013,-0.05423059488360131,0.5059779014102421,0.6268074855418904,0,-82.98891060922202
geometry_control,94,7,2,38,1.4299303839246404,1058.6083563892448,-3.8239971122115413,0.6240255386394837,0.6268074855418904,0,-40.344513042412416
geometry_control,94,8,2,67,1.402797054080899,1319.9564595362717,13.664856484029368,0.5221209121065503,0.6268074855418904,0,-76.22757620588587
geometry_control,94,9,3,38,1.5037165072873289,523.3785951569885,-10.199841646147043,0.6263372858985021,0.6268074855418904,0,2.346612022203871
geometry_control,94,10,3,39,1.4030662531953084,1364.4174559519058,17.85373723031474,0.5328451947584043,0.6268074855418904,0,-69.69516346665233
geometry_control,94,11,3,68,1.4729952382035687,980.3590589448696,-10.050109210001743,0.5616535953092113,0.6268074855418904,0,-28.57025672940959
geometry_control,94,12,4,39,1.4282564842932257,930.8839274308517,16.644654491531153,0.5980653818275199,0.6268074855418904,0,-7.266803000496822
geometry_control,94,13,4,40,1.4124189370887088,1114.4569878959683,-3.91883252369264,0.5373215357334378,0.6268074855418904,0,-44.89490487815939
geometry_control,94,14,4,69,1.4024234838904601,1258.5286738009793,10.08676987590192,0.5608818529804799,0.6268074855418904,0,-39.761736498655296
geometry_control,94,15,5,40,1.3421399896087025,439.1339238360387,15.229275929805247,0.42221295518107793,0.6268074855418904,0,-88.25166333310293
geometry_control,94,16,5,41,1.4684663752195157,1013.3360545925651,13.438985167334934,0.5988000579371959,0.6268074855418904,0,-10.025141785557082
geometry_control,94,17,5,70,1.4479660420284532,1130.9395917429563,-4.099577154415633,0.5364303859719635,0.6268074855418904,0,-46.20717588393283
geometry_control,94,18,6,41,1.435087344722947,1316.2242181537192,9.738525277711345,0.628319336999509,0.6268074855418904,1,-51.014419573441124
geometry_control,94,19,6,42,1.4150505067149806,1066.3064624718158,44.269800320041924,0.5772640862444692,0.6268074855418904,0,-17.443830843716537
geometry_control,94,20,6,47,1.4793709409684563,903.3788152037047,16.784945262030515,0.563847324176266,0.6268074855418904,0,-42.136879764597595
geometry_control,94,21,7,36,1.3678498966135975,751.9519273749839,19.10723277807304,0.40066009468182906,0.6268074855418904,0,-60.15723345035082
geometry_control,94,22,7,42,1.4114636346184672,1126.4498226044632,15.966252743209306,0.5491091339764983,0.6268074855418904,0,-45.46768380437945
geometry_control,94,23,7,43,1.477816454646723,880.9667086705224,-5.005901965572483,0.5306837210506188,0.6268074855418904,0,-89.02452428690808
geometry_control,94,24,8,37,1.3526949689094148,426.9685461969469,4.581012953076521,0.4819140162756911,0.6268074855418904,0,-18.0723041528652
geometry_control,94,25,8,43,1.3973134258174358,938.0054290726333,58.56623950906567,0.5528321553459512,0.6268074855418904,0,-19.907913777669805
geometry_control,94,26,8,44,1.3664490064738735,637.1492661684757,23.87209215832841,0.5376189307081451,0.6268074855418904,0,13.58953682645214
geometry_control,94,27,9,38,1.3360377772378191,498.89524354959616,-1.5344186096190455,0.6143724939488615,0.6268074855418904,0,-48.064279076136955
geometry_control,94,28,9,44,1.4658604777134931,981.2258602994892,-4.575857452682061,0.5520297711520741,0.6268074855418904,0,-33.22671301669839
geometry_control,94,29,9,45,1.4500734013598335,901.0914459867354,8.20387079745788,0.6029130497024231,0.6268074855418904,0,-32.63988774248587
geometry_control,94,30,10,39,1.512805124826537,348.4905483354954,-8.186481872384364,0.8333704284287939,0.6268074855418904,1,-60.233531017328346
geometry_control,94,31,10,45,1.4019351760126055,1243.6258470042171,14.286016084967011,0.9154030753224532,0.6268074855418904,1,-19.74443681524123
geometry_control,94,32,10,46,1.4190292190170481,1426.9696386776482,0.7635201174946045,0.9656207556110499,0.6268074855418904,1,2.020996627783788
geometry_control,94,33,11,40,1.4494715879207785,943.5794268776751,-15.7255293786446,0.5901256308415272,0.6268074855418904,0,2.5845669297354803
geometry_control,94,34,11,46,1.450259628940738,1143.3395150966517,2.6615190631414967,0.7831198041178653,0.6268074855418904,1,7.1721629334792
geometry_control,94,35,11,47,1.4205115775485926,1252.6804291151552,4.561405773222645,0.7022407207744022,0.6268074855418904,1,-3.7574315495545534
geometry_control,94,36,12,47,1.4319351561503288,1003.436739439008,-33.15822411178653,0.5080550337209836,0.6268074855418904,0,-46.51562895530295
geometry_control,94,37,12,48,1.3747221988294773,804.05513403737,-18.066129277296508,0.5739110202887819,0.6268074855418904,0,-73.65295715661787
geometry_control,94,38,12,53,1.4833054609982357,870.4305873529892,-10.26098634802446,0.5493824811849956,0.6268074855418904,0,-54.5554606623886
geometry_control,94,39,13,42,1.400874009011166,1070.0120514041866,-3.1693530526807416,0.6358951597743765,0.6268074855418904,1,-10.467035350897348
geometry_control,94,40,13,48,1.4994883272757629,593.6837686253473,-0.9042965481219911,0.6883343842739718,0.6268074855418904,1,-56.25449518013249
geometry_control,94,41,13,49,1.43566683057242,958.2220935157139,23.21559575009992,0.570212135249343,0.6268074855418904,0,-68.89096531754475
geometry_control,94,42,14,43,1.44549195172947,1278.1618417212417,0.8006119999577378,0.5858097419024324,0.6268074855418904,0,-40.434087461690424
geometry_control,94,43,14,49,1.4263398774721714,1046.5089252670955,19.73434213995429,0.5385521303032785,0.6268074855418904,0,-63.70898040084465
geometry_control,94,44,14,50,1.3407454143611117,347.7934041333811,32.8941710321232,0.4576877766945274,0.6268074855418904,0,-97.45320639374549
geometry_control,94,45,15,44,1.496603675661056,705.249187137618,19.3073439821074,0.5991616014968733,0.6268074855418904,0,-58.08487845856983
geometry_control,94,46,15,50,1.5146188469618211,473.1615673525943,-15.362602989214963,0.4862528609267743,0.6268074855418904,0,-74.27173025051324
geometry_control,94,47,15,51,1.4160443200756212,971.1274407489205,-42.812444647793754,0.5326542027454064,0.6268074855418904,0,19.49025302285235
geometry_control,94,48,16,45,1.3707324767622397,732.3722695465805,-23.316211120347432,0.6036812970993559,0.6268074855418904,0,-66.45252004252319
geometry_control,94,49,16,51,1.4374983791935803,1101.3968700691062,-11.607885753105734,0.4862906197975402,0.6268074855418904,0,-27.875171112982663
geometry_control,94,50,16,52,1.457527728350745,1137.8349655783322,-18.04010127698911,0.5349330085277224,0.6268074855418904,0,-48.19139110781536
geometry_control,94,51,17,46,1.4271945033535822,961.7687652830953,-41.53190389027065,0.6914300275083854,0.6268074855418904,1,-28.165274843173677
geometry_control,94,52,17,52,1.4192501876847963,1025.1921481796574,-6.019712522188449,0.5724640586481553,0.6268074855418904,0,-52.85659781906728
geometry_control,94,53,17,53,1.4054774701200734,998.9401751557916,-13.060188465233358,0.6518783916289344,0.6268074855418904,1,-66.11695786843667
geometry_control,94,54,18,53,1.4125083655224295,1128.1206983059933,-37.69361748057763,0.6191098285442078,0.6268074855418904,0,-63.8050240466774
geometry_control,94,55,18,54,1.401360932569208,1090.2577272170063,-14.999314601297035,0.5245242301966448,0.6268074855418904,0,-60.22367053650726
geometry_control,94,56,18,59,1.4726022443596138,876.6588599667201,-39.92376882906027,0.5493614679169827,0.6268074855418904,0,-34.917300621915324
geometry_control,94,57,19,48,1.4154163793725598,1269.1998889967274,-4.135368153438889,0.5930976044380012,0.6268074855418904,0,-64.85644499046559
geometry_control,94,58,19,54,1.4631381105047145,1044.1267415852353,-5.593139073649601,0.4739834669866519,0.6268074855418904,0,-61.71294816926812
geometry_control,94,59,19,55,1.373679486902283,911.9229375114274,-0.32323405149644463,0.36347724127525477,0.6268074855418904,0,-140.5320475206481
geometry_control,94,60,20,49,1.3758587684781813,780.817592770126,31.678923004688457,0.4876950420744524,0.6268074855418904,0,-118.74987673070564
geometry_control,94,61,20,55,1.3435790312786378,437.50103332323863,36.76548930598987,0.3761969279363347,0.6268074855418904,0,-162.95081968709033
geometry_control,94,62,20,56,1.4561562442566156,977.5031844867024,15.02585791492735,0.46428077651677446,0.6268074855418904,0,-83.57036916950415
geometry_control,94,63,21,50,1.3662617455748776,671.0173180063586,19.325735274493535,0.40367710794351747,0.6268074855418904,0,-125.43369856396583
geometry_control,94,64,21,56,1.45299459756637,1083.5455645166485,39.352374059070534,0.4611271959945905,0.6268074855418904,0,-34.977098507757034
geometry_control,94,65,21,57,1.4864206457535838,773.7583916101053,-6.789900553928073,0.48184491626715564,0.6268074855418904,0,-46.156017810632335
geometry_control,94,66,22,51,1.333348821078626,241.10755562536983,-20.9257008460519,0.5424186868258448,0.6268074855418904,0,-53.921445114469904
geometry_control,94,67,22,57,1.4392385686925124,1261.4800763814087,-6.600076336449816,0.5741851533308509,0.6268074855418904,0,-38.235027516369684
geometry_control,94,68,22,58,1.4490732350006528,1045.3503059296754,-23.325789261588472,0.5643415861543326,0.6268074855418904,0,-16.965774523432486
geometry_control,94,69,23,52,1.4094316986697775,1087.6916683904797,-25.305176918223896,0.6331542268871484,0.6268074855418904,1,-21.488117694480337
geometry_control,94,70,23,58,1.4044997888009438,1105.5124682648193,-36.092978245510565,0.606434737485454,0.6268074855418904,0,-29.586196394533832
geometry_control,94,71,23,59,1.4399494329129614,1012.475954789205,-37.772988599999955,0.6428201992407023,0.6268074855418904,1,-8.604182625639133
geometry_control,94,72,24,59,1.4500545237232507,1146.7006404116726,-13.434177405567274,0.5122741494316579,0.6268074855418904,0,-40.79524636271818
geometry_control,94,73,24,60,1.4857509766468695,692.1983381096284,1.8791740913198969,0.43429448801658416,0.6268074855418904,0,-23.408878241408345
geometry_control,94,74,24,65,1.4183908873987212,1020.8447269304222,-12.683128401199406,0.45340438131988436,0.6268074855418904,0,-14.543702718526134
geometry_control,94,75,25,54,1.4144132311987314,1124.7470182481013,-22.787298354102745,0.4141122059843666,0.6268074855418904,0,-61.78012457631755
geometry_control,94,76,25,60,1.3550443817569098,680.8063179297761,36.445690680406756,0.3609697822896306,0.6268074855418904,0,-85.05395057923633
geometry_control,94,77,25,61,1.4641228847501944,789.8644240095708,21.70229857744146,0.38416329801016585,0.6268074855418904,0,-48.834253473634874
geometry_control,94,78,26,55,1.5011237332547276,610.0516542019695,7.357050715361255,0.44577050390435663,0.6268074855418904,0,-86.6288552684817
geometry_control,94,79,26,61,1.388735250411863,1141.515283830827,21.50353107235678,0.526327821641553,0.6268074855418904,0,-51.155673445093946
geometry_control,94,80,26,62,1.4763609791364147,753.6799752606288,12.951177391627574,0.5223569485033995,0.6268074855418904,0,-57.82270187071951
geometry_control,94,81,27,56,1.4208606499921896,1139.1895111414278,30.93667475872058,0.4382237056125594,0.6268074855418904,0,-50.74534184874088
geometry_control,94,82,27,62,1.3281742144562902,-96.02090247305395,-2.4689837819571356,0.42672630163116265,0.6268074855418904,0,-129.79644464979654
geometry_control,94,83,27,63,1.480265447680916,828.2006984895296,10.499501465310573,0.369227563522599,0.6268074855418904,0,-94.15660775708851
geometry_control,94,84,28,57,1.3643409548128618,670.0612345766282,11.697251914256782,0.5057919182691202,0.6268074855418904,0,-34.90191457319119
geometry_control,94,85,28,63,1.3877845747513935,969.263100286114,20.018532408014625,0.41607805590659463,0.6268074855418904,0,-81.73326911656355
geometry_control,94,86,28,64,1.4191047664993053,1072.1188674109037,-13.378801621062042,0.5719274002708915,0.6268074855418904,0,-46.42879033251569
geometry_control,94,87,29,58,1.4516470406277315,987.3346340934634,-33.605071386248355,0.4524120568278518,0.6268074855418904,0,-59.28452774486762
geometry_control,94,88,29,64,1.3932753600365706,1078.490750138698,-23.77773163392814,0.5283911060061413,0.6268074855418904,0,-75.44499857254996
geometry_control,94,89,29,65,1.4183361444606206,1052.9195919345564,-12.414570661492856,0.42992775047132653,0.6268074855418904,0,-56.53201463315377
geometry_control,94,90,30,65,1.3874304765600594,1012.0145262043934,-12.174526388038977,0.44050311419075405,0.6268074855418904,0,-51.957681325460584
geometry_control,94,91,30,66,1.4469675523428345,1102.9092051488135,25.133358814992082,0.37307420385453327,0.6268074855418904,0,1.211243838771118
geometry_control,94,92,30,71,1.4628849171799836,962.0623237913977,28.751935577122076,0.4823380381375405,0.6268074855418904,0,-15.744639586094738
geometry_control,94,93,31,60,1.4533968075619281,901.5250503325999,-1.5488203021766753,0.39202876323717706,0.6268074855418904,0,-85.79459535992606
geometry_control,94,94,31,66,1.3567595014175782,733.602972061671,53.42127128434463,0.34370974620425654,0.6268074855418904,0,1.671735983250123
geometry_control,94,95,31,67,1.3470094404985156,333.1557546456199,-30.8733052962357,0.43864555858383575,0.6268074855418904,0,-133.26715607286528
geometry_control,94,96,32,61,1.4237382996860175,1134.024389486028,24.17690570075085,0.4326064891534809,0.6268074855418904,0,-73.69945940292556
geometry_control,94,97,32,67,1.4742746372600655,844.1795781118999,-11.87072521110747,0.4560297687796043,0.6268074855418904,0,-69.72465295528521
geometry_control,94,98,32,68,1.3674506281921135,845.4031212483717,19.941737301760416,0.49325070472324684,0.6268074855418904,0,-97.21088021312985
geometry_control,94,99,33,62,1.3828741504948483,1029.6383449262273,0.9433277790050105,0.4209973610090749,0.6268074855418904,0,-137.17259889519232
geometry_control,94,100,33,68,1.4064363930713153,1110.48416702743,2.3665404422931475,0.48561244971699435,0.6268074855418904,0,-99.44881622522814
geometry_control,94,101,33,69,1.4846895419231463,801.6228963290972,-1.474491034690939,0.41962052031914726,0.6268074855418904,0,-91.35031941929861
geometry_control,94,102,34,63,1.3771809475772032,1006.6262168806333,5.924506036878092,0.48428771392318615,0.6268074855418904,0,-118.16104271537196
geometry_control,94,103,34,69,1.4534300053205425,922.4949398948297,-7.5147097000122995,0.5404096113418222,0.6268074855418904,0,-54.42755550217455
geometry_control,94,104,34,70,1.4745318642219176,919.4903609051408,9.071273652494202,0.6310667248856655,0.6268074855418904,1,-36.741518980254284
geometry_control,94,105,35,64,1.4602014177793732,1136.8235551373414,8.13231192207876,0.4988016443477242,0.6268074855418904,0,-88.80756917814861
geometry_control,94,106,35,70,1.341040769203884,353.25533908555633,-3.2405845168551726,0.4897313109459067,0.6268074855418904,0,-127.17428242410273
geometry_control,94,107,35,71,1.3624367392858336,603.9722478899307,5.3602790102785605,0.4421732127596959,0.6268074855418904,0,-101.85045181380873
geometry_control,65,0,0,36,1.4622436022949392,1056.6072441230378,-16.111319604570255,0.5314127193689568,0.6252718120748928,0,-14.863517578585345
geometry_control,65,1,0,41,1.442485067575715,1115.8583237674889,-1.0565519857526906,0.4874112754493588,0.6252718120748928,0,-48.16266726037999
geometry_control,65,2,0,71,1.3898080435681002,1009.3716108655926,-46.541454569208334,0.471069526932179,0.6252718120748928,0,-67.01917137499423
geometry_control,65,3,1,36,1.3198933492284028,-85.81062713413479,-105.24785810570444,0.478958726112117,0.6252718120748928,0,-99.80477185884094
geometry_control,65,4,1,37,1.4917086605498664,828.7385625310519,-2.656607439833522,0.8002194581106892,0.6252718120748928,1,-40.196661196699296
geometry_control,65,5,1,66,1.399776704928703,881.0668491114235,-4.124269206620179,0.4826902792634159,0.6252718120748928,0,-61.56915509683556
geometry_control,65,6,2,37,1.4658647049579165,1715.29902216799,68.00244857240773,1.3266257546692222,0.6252718120748928,1,36.872366450611054
geometry_control,65,7,2,38,1.4979433143666026,896.9727686995084,0.8726548497045988,0.9365628226052255,0.6252718120748928,1,-0.6915533391763944
geometry_control,65,8,2,67,1.400968195847968,1033.7215145601206,-38.35126322568395,1.007305232598499,0.6252718120748928,1,32.8792148878002
geometry_control,65,9,3,38,1.3118625119806846,-330.6214883911696,-66.4817532372816,0.42545009467453376,0.6252718120748928,0,-136.90295625183995
geometry_control,65,10,3,39,1.4290786076401183,1037.290206899253,1.4932992987605544,0.5166083999266458,0.6252718120748928,0,-42.0634459238053
geometry_control,65,11,3,68,1.457525015179946,1145.9315150413163,-53.23149980217692,0.5608692682240853,0.6252718120748928,0,-8.133829777004756
geometry_control,65,12,4,39,1.4443060089054314,1178.1604454205149,-13.931286175959395,0.5792452894238225,0.6252718120748928,0,-21.958195834529874
geometry_control,65,13,4,40,1.4574032943381332,1057.030249872799,6.054074545865317,0.4856626301380138,0.6252718120748928,0,-40.463572505256685
geometry_control,65,14,4,69,1.4366700772715324,1174.6456996675493,-5.191568884544067,0.6151913071648747,0.6252718120748928,0,26.141554878704895
geometry_control,65,15,5,40,1.4243779819184519,1185.0431863941828,4.054904288164657,0.4612577243562177,0.6252718120748928,0,-48.252701117557464
geometry_control,65,16,5,41,1.3959560347626712,1158.7320761124204,-28.79702822520778,0.4884828345357408,0.6252718120748928,0,-36.95317471827487
geometry_control,65,17,5,70,1.4972169285577346,644.9821894395966,-31.977715763666293,0.5260442723680939,0.6252718120748928,0,-27.901893567534458
geometry_control,65,18,6,41,1.390050777285507,985.3629953137162,8.167910207615554,0.4883709715876595,0.6252718120748928,0,-75.37605362775288
geometry_control,65,19,6,42,1.447806653915352,1019.2130516811646,-20.800593434566586,0.4279328054143682,0.6252718120748928,0,-44.16306659841787
geometry_control,65,20,6,47,1.420916595401595,1197.8913588504709,-9.614517484615128,0.5356134972811153,0.6252718120748928,0,-46.94847727690662
geometry_control,65,21,7,36,1.4574200621561477,1220.9022361179693,-8.431845542016557,0.5655391730172786,0.6252718120748928,0,-1.4636722595004414
geometry_control,65,22,7,42,1.3391327118614944,262.52419746290576,-33.5259096710521,0.46109956292438925,0.6252718120748928,0,-33.605161699454754
geometry_control,65,23,7,43,1.5360806596388827,135.57726494703033,-9.754112549731218,0.5027332065197381,0.6252718120748928,0,-65.91900891833554
geometry_control,65,24,8,37,1.3927529576364828,814.8209766493686,-17.42525474189991,0.7896868611404233,0.6252718120748928,1,52.76576993753139
geometry_control,65,25,8,43,1.3575630510804555,616.9064826707946,12.321267095713141,0.40562016264431056,0.6252718120748928,0,64.08654473191238
geometry_control,65,26,8,44,1.4002809869949857,707.513413407286,-7.705042927734169,0.4989728975202461,0.6252718120748928,0,118.38781867001988
geometry_control,65,27,9,38,1.374432310514095,778.765574238224,-19.096381697996534,0.39762964387392236,0.6252718120748928,0,-157.93864735226526
geometry_control,65,28,9,44,1.5510591645991127,-221.25364666821326,-33.48578648695841,0.49697861231774165,0.6252718120748928,0,-108.21110402511616
geometry_control,65,29,9,45,1.391798758476647,947.3315523580676,-19.36855590987706,0.4106788062256428,0.6252718120748928,0,-51.65632508507194
geometry_control,65,30,10,39,1.41096963657844,1057.4372752636023,-4.557549341180012,0.49139097406216986,0.6252718120748928,0,-103.5920130998743
geometry_control,65,31,10,45,1.39229491504608,873.9663856653366,10.940026499996023,0.41328183116177836,0.6252718120748928,0,-104.51546270959274
geometry_control,65,32,10,46,1.3576217727735305,595.948092130021,-26.65392352055172,0.37957984942428546,0.6252718120748928,0,-122.53375182176735
geometry_control,65,33,11,40,1.403253715282966,1105.886970941727,-33.52520173379464,0.42849148609299503,0.6252718120748928,0,-80.91304778107337
geometry_control,65,34,11,46,1.373419000957773,877.9630072438596,-9.670167819700994,0.41026302074091925,0.6252718120748928,0,-121.43154983286956
geometry_control,65,35,11,47,1.4515167265535731,1194.6225165105343,12.665820928900521,0.5029591219659739,0.6252718120748928,0,-42.124487962654364
geometry_control,65,36,12,47,1.4494005910787482,1094.0309049632172,-17.83328075901701,0.5670444139876656,0.6252718120748928,0,-17.792003880768444
geometry_control,65,37,12,48,1.3949103676174117,940.2677368256784,-32.99788286735434,0.47983440278191725,0.6252718120748928,0,-45.368089429338895
geometry_control,65,38,12,53,1.4382265047970735,1250.756315548533,-3.0001547285613066,0.5000198686207648,0.6252718120748928,0,-35.37461130015812
geometry_control,65,39,13,42,1.4668780840530653,931.7819316673709,-25.761253829865144,0.40620723448141116,0.6252718120748928,0,-48.18797354675876
geometry_control,65,40,13,48,1.348069609005279,604.3746463866887,1.0706711647722258,0.4266779151424099,0.6252718120748928,0,-85.33831769552364
geometry_control,65,41,13,49,1.4811646067349575,1023.9079746723725,-9.657122646478676,0.5726040317861829,0.6252718120748928,0,-46.15824268737259
geometry_control,65,42,14,43,1.4597187099506868,983.708913551904,-12.584730636906283,0.4848585556299792,0.6252718120748928,0,-8.2398665047659
geometry_control,65,43,14,49,1.296308069719481,-838.6584585454666,-150.74015123465495,0.6096217093394021,0.6252718120748928,0,-70.23930613312449
geometry_control,65,44,14,50,1.4432589468508916,1309.394158100305,-38.73302275439046,0.5153490173587161,0.6252718120748928,0,-20.001769492893985
geometry_control,65,45,15,44,1.4273916589481437,1306.4523584702233,-2.198320112858407,0.546892248003776,0.6252718120748928,0,48.14343856461355
geometry_control,65,46,15,50,1.421472838103007,1101.9295711368138,-38.73037346910346,0.48402997485657734,0.6252718120748928,0,-51.14466011063248
geometry_control,65,47,15,51,1.4319536794719476,1042.8125470491932,-64.20796686186361,0.4559154671816021,0.6252718120748928,0,-52.16100468169372
geometry_control,65,48,16,45,1.437317563771016,1043.5714500469423,-33.69353446897722,0.4300555799092246,0.6252718120748928,0,-77.91383773324192
geometry_control,65,49,16,51,1.4260731281505619,1175.7157404607383,-20.661251302983075,0.4253786051791496,0.6252718120748928,0,-59.901262878793645
geometry_control,65,50,16,52,1.422784860907071,965.2459482281882,-12.117746366850293,0.4374646508654675,0.6252718120748928,0,-31.454160274050476
geometry_control,65,51,17,46,1.4596454530905298,880.3472110800561,-20.89424167068176,0.4262916146209995,0.6252718120748928,0,-90.5759129822296
geometry_control,65,52,17,52,1.3761633050430189,797.9069875684877,-12.088789938287565,0.46740266731473523,0.6252718120748928,0,-28.81905927037077
geometry_control,65,53,17,53,1.472432601935258,1049.4032422758933,-31.562245231226907,0.45196317047915324,0.6252718120748928,0,-47.898937444059115
geometry_control,65,54,18,53,1.381249731149028,882.6531158761775,-47.79496122304771,0.38125077569102317,0.6252718120748928,0,-60.46948395614652
geometry_control,65,55,18,54,1.46211997247719,966.688680440459,8.28076789362274,0.5901513093457207,0.6252718120748928,0,6.922213904320429
geometry_control,65,56,18,59,1.3577838606015133,665.960988134094,-39.73436034087976,0.37383904584492483,0.6252718120748928,0,-66.22079353314257
geometry_control,65,57,19,48,1.4250439143849456,904.0979939633457,2.5542178795463406,0.3960351323929382,0.6252718120748928,0,-44.61692771203608
geometry_control,65,58,19,54,1.519834078689076,466.45610161907285,-7.546090245990893,0.6251211318864832,0.6252718120748928,0,-37.83655731127142
geometry_control,65,59,19,55,1.3251074970658214,123.38434640866647,-23.927296833234614,0.3935567217714784,0.6252718120748928,0,-61.45326309513078
geometry_control,65,60,20,49,1.4173514219691496,980.7702992343794,-11.03707563835558,0.5893294238808733,0.6252718120748928,0,-14.372864709342611
geometry_control,65,61,20,55,1.442147562724644,963.5503732416267,-26.455782483030323,0.44092489661564044,0.6252718120748928,0,-5.67426241279459
geometry_control,65,62,20,56,1.4373484107456713,1125.9502360064241,-27.775628757911743,0.5230606295797195,0.6252718120748928,0,-82.27530980795225
geometry_control,65,63,21,50,1.3689541956154991,927.9067815830812,17.004744930653807,0.4963757294480726,0.6252718120748928,0,-96.3831394108192
geometry_control,65,64,21,56,1.4602990105821476,1115.44706583492,-31.22751556238713,0.5243796271276051,0.6252718120748928,0,-58.875410364045635
geometry_control,65,65,21,57,1.4114368663791956,962.9604739182076,-62.003647721878814,0.5267627181710054,0.6252718120748928,0,-79.8981287803714
geometry_control,65,66,22,51,1.4136379006954665,1092.3146064364141,-9.242334937157436,0.4436834601456915,0.6252718120748928,0,-64.42309860324782
geometry_control,65,67,22,57,1.369302900501576,991.6577366183245,-25.490265044208865,0.5021849565435995,0.6252718120748928,0,-110.47354557052451
geometry_control,65,68,22,58,1.412042226843043,1026.1136914182725,-11.338774664971796,0.5162217401826336,0.6252718120748928,0,-66.21197829089729
geometry_control,65,69,23,52,1.4264893886346734,1033.502718616764,-30.861606972677823,0.47365377478660514,0.6252718120748928,0,-12.819237954953476
geometry_control,65,70,23,58,1.4644458410832273,892.6220586665492,-23.762003845660338,0.5341060091372293,0.6252718120748928,0,-62.18218981907693
geometry_control,65,71,23,59,1.4673312561948402,932.0198612783332,-21.32122749713824,0.45080254810492476,0.6252718120748928,0,-30.787352189908237
geometry_control,65,72,24,59,1.4711923856501437,827.797358932565,-37.41798286070638,0.45873980081113713,0.6252718120748928,0,9.70141187358287
geometry_control,65,73,24,60,1.4545224991795536,1057.6146657896034,-26.960605886823032,0.5175083552927562,0.6252718120748928,0,35.219044129461196
geometry_control,65,74,24,65,1.3175206748177444,-302.1002676076353,-125.93196767738934,0.40658870760808175,0.6252718120748928,0,-56.82354282084545
geometry_control,65,75,25,54,1.4214568553458007,1201.0496772187191,-0.27135713460281485,0.650842710790787,0.6252718120748928,1,58.95813341301188
geometry_control,65,76,25,60,1.3929200767497565,1002.4340693762599,-32.413841262304274,0.4932990017716102,0.6252718120748928,0,34.4080884424166
geometry_control,65,77,25,61,1.3869632124476805,875.6666574393367,-1.3073952608780512,0.4435699071758885,0.6252718120748928,0,-53.25512393336427
geometry_control,65,78,26,55,1.4545589739018574,1079.3268300497427,-38.35715688045208,0.42545088815737947,0.6252718120748928,0,-11.324211805463133
geometry_control,65,79,26,61,1.4405037326233319,1114.8525617063156,-11.254490791457465,0.44974249465748584,0.6252718120748928,0,-60.56525521272061
geometry_control,65,80,26,62,1.3730997061111108,1033.0650033911656,-17.749037061762415,0.4537433164897585,0.6252718120748928,0,-59.68428630117896
geometry_control,65,81,27,56,1.4460717280646853,998.8814650784018,-36.3426159456536,0.49798780660375586,0.6252718120748928,0,-5.988386960051223
geometry_control,65,82,27,62,1.4606821127335028,855.7627983197923,-35.818921302423924,0.44414450197205574,0.6252718120748928,0,-18.581181674711665
geometry_control,65,83,27,63,1.3824479345777976,971.8043957467239,-39.71350418329081,0.5302949734775937,0.6252718120748928,0,45.74489737967603
geometry_control,65,84,28,57,1.379283360724125,1049.9859595715527,-29.46784976474596,0.577471357638226,0.6252718120748928,0,-75.79583709965246
geometry_control,65,85,28,63,1.4977944743411533,1091.6802088891104,-19.60288304352984,0.6073954334686635,0.6252718120748928,0,-61.27451524100959
geometry_control,65,86,28,64,1.372963519103916,795.4618944377671,-84.4034386056783,0.5345704651643784,0.6252718120748928,0,-123.49982762804716
geometry_control,65,87,29,58,1.4202438933528996,1148.1908573167923,-53.03589676747763,0.5138369206923382,0.6252718120748928,0,-71.33581073048349
geometry_control,65,88,29,64,1.3789693128419653,1013.2153076191132,-30.563593971703654,0.4568992445794566,0.6252718120748928,0,-101.49806460317822
geometry_control,65,89,29,65,1.5077180862249586,384.51812238787727,-50.76274354498778,0.3783823664569783,0.6252718120748928,0,-68.11095990545881
geometry_control,65,90,30,65,1.398430227951114,1009.5638566031296,-37.01091741640111,0.4466835799428672,0.6252718120748928,0,-41.07719228015675
geometry_control,65,91,30,66,1.4046977137579169,1145.5201298305494,-42.94539397441056,0.5737614197363629,0.6252718120748928,0,-65.23811066855929
geometry_control,65,92,30,71,1.4611375605078698,981.5564989279621,-42.671705303281875,0.5096866741482862,0.6252718120748928,0,-48.63004780254999
geometry_control,65,93,31,60,1.5260215966255175,328.22842723209743,-12.7864406796383,0.5183616535186749,0.6252718120748928,0,-42.11666736858372
geometry_control,65,94,31,66,1.4375601800557152,1004.0711461882472,-14.015812699182321,0.5345198456274962,0.6252718120748928,0,-33.18649070676735
geometry_control,65,95,31,67,1.465626230067246,954.3822457793535,-14.615679339346428,0.5327285024040465,0.6252718120748928,0,9.448452716522084
geometry_control,65,96,32,61,1.401891534443726,1191.2184337455233,14.592901921764472,0.44575155487116225,0.6252718120748928,0,-35.006681571630494
geometry_control,65,97,32,67,1.4161382827834514,1071.0844155124466,14.642391823449861,0.5098474983522555,0.6252718120748928,0,-17.344828028828125
geometry_control,65,98,32,68,1.5148292445263376,499.6450960941121,-43.81738169384054,0.5745242619085336,0.6252718120748928,0,-37.68862572083942
geometry_control,65,99,33,62,1.4192784754096361,1067.282999501439,-67.03657236957012,0.3952436208391273,0.6252718120748928,0,-52.51201487308004
geometry_control,65,100,33,68,1.391084458487832,996.9370676650618,-27.081161063346485,0.5200155060442259,0.6252718120748928,0,13.219579636754318
geometry_control,65,101,33,69,1.3475596008043589,217.8418574215507,-82.72177502954534,0.5117006554878385,0.6252718120748928,0,-8.929079881408601
geometry_control,65,102,34,63,1.5602966323152094,-433.80950075081023,-62.71374836313988,0.5111070521898065,0.6252718120748928,0,6.045557763423517
geometry_control,65,103,34,69,1.4667022593355685,916.8818125489739,-3.3505787352332077,0.5414136153329797,0.6252718120748928,0,89.88103303244706
geometry_control,65,104,34,70,1.414855391344323,1193.1820209988339,-67.23309972256767,0.47667148631799505,0.6252718120748928,0,-19.198435215672376
geometry_control,65,105,35,64,1.4839054222554193,778.289548347106,-36.79471338067142,0.6207809287755595,0.6252718120748928,0,-23.007750948414674
geometry_control,65,106,35,70,1.413627303541222,1432.473571450145,-49.570121023276805,0.6591703312080331,0.6252718120748928,1,-13.334790255935243
geometry_control,65,107,35,71,1.4319571212437552,1164.7656987203884,-44.82498629929833,0.6052671448585003,0.6252718120748928,0,-13.484192300557595
geometry_control,87,0,0,36,1.3676056508713499,856.3514717138005,11.55208370559596,0.4134868656834842,0.6266128531070333,0,-136.97000376595537
geometry_control,87,1,0,41,1.4257492259192899,1083.5903519777273,22.417069341158573,0.3525642904940415,0.6266128531070333,0,-101.32329046863927
geometry_control,87,2,0,71,1.3339262991076744,327.38724565996336,47.78980445752104,0.4411849338205075,0.6266128531070333,0,-164.18248563585794
geometry_control,87,3,1,36,1.4110429873589032,1104.917740874781,-16.600843502229623,0.6691256100461331,0.6266128531070333,1,-54.04400452418659
geometry_control,87,4,1,37,1.477549198024956,840.5798750100541,-14.635290132828564,0.6586601008238204,0.6266128531070333,1,-43.73371902535728
geometry_control,87,5,1,66,1.4189209202942137,1419.7472088339382,-27.031468965229955,0.7773225734413887,0.6266128531070333,1,-63.329793860638986
geometry_control,87,6,2,37,1.4407934995457314,1059.9103930994013,-44.064942984819,0.49031191125921414,0.6266128531070333,0,-22.60902244708604
geometry_control,87,7,2,38,1.4493368938337616,991.2879729468123,-31.637992169723265,0.5222953821306835,0.6266128531070333,0,-26.050030267685795
geometry_control,87,8,2,67,1.3761539358405541,901.2565884758199,-10.542785015332779,0.5897763718160582,0.6266128531070333,0,-58.60639505494037
geometry_control,87,9,3,38,1.4119615439412072,978.0986151586563,-15.839531039852847,0.51155246166634,0.6266128531070333,0,-48.46572746889982
geometry_control,87,10,3,39,1.4094291914800903,1118.983994726869,-8.352803210687973,0.4546187689651442,0.6266128531070333,0,-89.1771204687273
geometry_control,87,11,3,68,1.471197783504387,940.7647579835545,-26.05018398727795,0.7715516833784758,0.6266128531070333,1,-14.436245430912166
geometry_control,87,12,4,39,1.4622780672995155,839.1184510572258,-28.257128916379287,0.42832954967827686,0.6266128531070333,0,-74.74108231913829
geometry_control,87,13,4,40,1.3738097124560567,780.5540241726403,-55.215009296560396,0.44191277506972587,0.6266128531070333,0,-99.5743594846494
geometry_control,87,14,4,69,1.4557074927983815,993.20357880115,-37.99746115731604,0.4562337851457148,0.6266128531070333,0,-59.16732373110088
geometry_control,87,15,5,40,1.4670615910998215,1405.9830929643774,-21.057366312397644,0.4698261212900143,0.6266128531070333,0,-50.431795327953914
geometry_control,87,16,5,41,1.3712875950607852,883.9309899161066,-15.518064694811526,0.43073605176116164,0.6266128531070333,0,-91.11066648643188
geometry_control,87,17,5,70,1.457947802531317,1049.8022290753138,6.941471238473242,0.5137713069046295,0.6266128531070333,0,-42.34275262782356
geometry_control,87,18,6,41,1.4738740678976952,783.5917142846274,-38.1699801750079,0.5227737831324905,0.6266128531070333,0,-21.125184910591337
geometry_control,87,19,6,42,1.4608151004685,1008.1425534786295,-4.767894238516254,0.6391213553966252,0.6266128531070333,1,33.72727719092896
geometry_control,87,20,6,47,1.4626965000014402,1190.1206082436195,-36.52163350739514,0.6245730430398794,0.6266128531070333,0,-31.441440207874862
geometry_control,87,21,7,36,1.3845442131715606,957.0208121832497,-3.9181030381215702,0.45230803854552026,0.6266128531070333,0,-50.11937878662673
geometry_control,87,22,7,42,1.3775834015847999,864.7646315159063,-34.35170164688775,0.5077330356202123,0.6266128531070333,0,-64.73770364765069
geometry_control,87,23,7,43,1.506900677466636,556.0292424430266,1.430235593125613,0.5714377548304521,0.6266128531070333,0,-67.12567848004471
geometry_control,87,24,8,37,1.4534420954300336,993.505260302627,-23.20662451210349,0.4707360330426803,0.6266128531070333,0,-34.85878628785596
geometry_control,87,25,8,43,1.4212420212357686,1163.734698899952,-9.401624571890153,0.6003312585499249,0.6266128531070333,0,-41.695988276859154
geometry_control,87,26,8,44,1.3893984479940906,916.8514667689691,-28.777219655497728,0.4712625251653647,0.6266128531070333,0,-66.67947738533661
geometry_control,87,27,9,38,1.4011935797530486,1294.0275434952991,4.940396851053394,0.5539883811846051,0.6266128531070333,0,-69.98605802244693
geometry_control,87,28,9,44,1.4235564781130146,1038.1573884460759,-34.80613149755309,0.5225314024358201,0.6266128531070333,0,-68.57638788016783
geometry_control,87,29,9,45,1.4649057848561882,1023.1846519849528,-38.43458850559896,0.4554243931044825,0.6266128531070333,0,-58.26946050846034
geometry_control,87,30,10,39,1.4846562309528195,555.1021519474314,-81.17276917809247,0.4242027115672128,0.6266128531070333,0,-72.84510623312482
geometry_control,87,31,10,45,1.3124207731305897,-351.99405453104805,-144.83778415911553,0.38257241618828597,0.6266128531070333,0,-144.91731580595211
geometry_control,87,32,10,46,1.3622249107774889,614.1213597578832,-82.30506789950675,0.5864774263108729,0.6266128531070333,0,-121.71853332562816
geometry_control,87,33,11,40,1.3865241578003549,1243.9724467871765,-44.62517650142846,0.7678143171986639,0.6266128531070333,1,-21.942658418141203
geometry_control,87,34,11,46,1.4553593526262998,1420.6054685968738,-0.008047657436905872,0.9165058065508749,0.6266128531070333,1,8.940127195645246
geometry_control,87,35,11,47,1.4155227999913744,1227.9454007476133,-47.85651213122,0.8305235075772002,0.6266128531070333,1,3.522326173399179
geometry_control,87,36,12,47,1.3996420402550005,1304.879928730621,26.463118780546658,0.6951022023650368,0.6266128531070333,1,-19.616928321972168
geometry_control,87,37,12,48,1.3657089917376073,870.3405256951035,-24.24701934129409,0.6004242992304617,0.6266128531070333,0,-18.596056884661856
geometry_control,87,38,12,53,1.5380460693438465,1040.9596562488819,0.42254253351165644,0.919212057386496,0.6266128531070333,1,15.011782777295153
geometry_control,87,39,13,42,1.462357812081196,1564.2495200944509,-25.13639421953548,0.7965944188261862,0.6266128531070333,1,49.29320744018439
geometry_control,87,40,13,48,1.4461009675450496,1295.320458296389,8.537995135991663,0.6873682033348653,0.6266128531070333,1,20.00261380803589
geometry_control,87,41,13,49,1.430861054826249,1146.5222028299863,-13.100059878294978,0.8228593971898858,0.6266128531070333,1,22.969884622206152
geometry_control,87,42,14,43,1.4603777555527169,1264.6699384960175,-15.379245669431574,0.6009478057666054,0.6266128531070333,0,21.001308291115436
geometry_control,87,43,14,49,1.4527701995036983,1019.5802353151499,-10.801806554067165,0.5635080649200652,0.6266128531070333,0,37.11480045101763
geometry_control,87,44,14,50,1.3430583377270968,458.52806169717,-14.530309261844065,0.5028136527000081,0.6266128531070333,0,-58.751215458544166
geometry_control,87,45,15,44,1.3918675649653125,1160.9898897288754,4.35117047920611,0.6363286877644033,0.6266128531070333,1,-41.41986152759871
geometry_control,87,46,15,50,1.467745393793857,1062.39734569203,-31.310927497779293,0.667263268082366,0.6266128531070333,1,-15.51843578255819
geometry_control,87,47,15,51,1.434333310799874,1136.3452391620078,-46.50392760945891,0.7060589246703525,0.6266128531070333,1,-16.01918121410013
geometry_control,87,48,16,45,1.4543285937440267,990.8939305895263,19.72520596236851,0.40361985571640835,0.6266128531070333,0,-71.99904046629506
geometry_control,87,49,16,51,1.511589303080954,481.91809391770613,-11.514336184192537,0.5404571019536951,0.6266128531070333,0,-74.60770123290283
geometry_control,87,50,16,52,1.3693699110016269,756.6624153004371,6.764559889331778,0.41250540574855105,0.6266128531070333,0,-73.94785803017864
geometry_control,87,51,17,46,1.492496337688496,1171.273105655639,53.53982745446538,0.7694914431197166,0.6266128531070333,1,-7.364663760833338
geometry_control,87,52,17,52,1.4611812058094016,1264.077890125756,-8.406455078395124,0.5744719830292725,0.6266128531070333,0,-8.191519321746313
geometry_control,87,53,17,53,1.4322073830760726,1312.3803265371089,-20.38566636708513,0.9076189991675011,0.6266128531070333,1,33.106789454443515
geometry_control,87,54,18,53,1.3742515299411462,994.6647443032348,16.491498945883386,1.0040878233013364,0.6266128531070333,1,89.58035810443823
geometry_control,87,55,18,54,1.4435241264441347,1546.2641418800943,-50.720483521076126,0.7409457248707354,0.6266128531070333,1,35.564152988100844
geometry_control,87,56,18,59,1.4506459026972989,1343.523429550546,26.947923965508206,0.8446919301379417,0.6266128531070333,1,36.75610018780246
geometry_control,87,57,19,48,1.4151356874045458,1108.880955186974,-38.81195093118513,0.5519407236247368,0.6266128531070333,0,-4.3447106472269255
geometry_control,87,58,19,54,1.501620507918092,797.0817727186671,16.85441039979453,0.6075863833501702,0.6266128531070333,0,-20.389089655549395
geometry_control,87,59,19,55,1.4622154539846681,1244.9181481773094,-36.6306478009489,0.6233800072054259,0.6266128531070333,0,1.8655918795222064
geometry_control,87,60,20,49,1.4470983083497728,1413.578284521193,-2.3142035507172296,0.545974483883258,0.6266128531070333,0,-7.711081874710487
geometry_control,87,61,20,55,1.4348392874094296,1240.0799535940266,-10.39493879236855,0.4819225736089266,0.6266128531070333,0,-20.81971941181373
geometry_control,87,62,20,56,1.3980298678995853,1287.0174366712902,31.76791769874727,0.6425421007829722,0.6266128531070333,1,-6.859572297974907
geometry_control,87,63,21,50,1.480038198412267,821.0255087882867,-28.92837680999473,0.53207460560844,0.6266128531070333,0,-32.427086187126676
geometry_control,87,64,21,56,1.406470147800349,1171.2131099808355,1.9388921911123362,0.6893366347282113,0.6266128531070333,1,9.110041662067601
geometry_control,87,65,21,57,1.4513493970900073,1097.8044128632846,-0.1629959637587438,0.5419547171103638,0.6266128531070333,0,-65.93464475009269
geometry_control,87,66,22,51,1.304118562534494,-654.5065711186134,-172.55215748630908,0.5190235646037891,0.6266128531070333,0,-87.34512253768804
geometry_control,87,67,22,57,1.4325845952428513,899.8146179321346,-2.0144093074279597,0.4901080195177265,0.6266128531070333,0,-17.05997934146095
geometry_control,87,68,22,58,1.351405525092858,471.47199806815263,-18.447248231806547,0.46391590407270533,0.6266128531070333,0,-70.45959945294184
geometry_control,87,69,23,52,1.3966764378722314,1117.7777957819992,-5.522605862226755,0.3841566808716946,0.6266128531070333,0,-34.56801079406195
geometry_control,87,70,23,58,1.538821244205001,168.00816071776558,-81.53138437549568,0.4570007165457549,0.6266128531070333,0,-100.21553384278944
geometry_control,87,71,23,59,1.4943554870222482,991.1822738891527,-12.187980433645794,0.5579078038465286,0.6266128531070333,0,-26.100070147875808
geometry_control,87,72,24,59,1.3511986435958705,949.079233040473,35.17146891789046,0.6132973509556692,0.6266128531070333,0,-49.78744904245473
geometry_control,87,73,24,60,1.4450824295020779,1120.946420139529,36.01276559119621,0.6714587987859393,0.6266128531070333,1,12.719576800418487
geometry_control,87,74,24,65,1.4546553701221627,1188.7243310787453,26.004859949229157,0.5667783546852929,0.6266128531070333,0,7.487414497290402
geometry_control,87,75,25,54,1.3800260859345534,999.3965657003346,4.416295884674633,0.48354799417059735,0.6266128531070333,0,-72.43786401621526
geometry_control,87,76,25,60,1.5257754507360446,141.85691982961325,-20.116349019285128,0.6454556472680738,0.6266128531070333,1,-36.01648198052155
geometry_control,87,77,25,61,1.4323922582098096,1065.6209710380108,-3.3619226362325785,0.5397000819880796,0.6266128531070333,0,-15.13573989734175
geometry_control,87,78,26,55,1.4313492214582324,987.0151571011662,-49.7252798608981,0.5464089590158242,0.6266128531070333,0,-24.037408157138394
geometry_control,87,79,26,61,1.4191169193758841,1074.491116127438,-35.96998267517015,0.5867674229780507,0.6266128531070333,0,-44.06074417719812
geometry_control,87,80,26,62,1.4246237166926345,1150.9140532346585,-52.249806379950414,0.5921885115238542,0.6266128531070333,0,-8.13185558826568
geometry_control,87,81,27,56,1.4147547213509504,921.7020989395057,-3.96017133688939,0.6991204445552817,0.6266128531070333,1,10.93986590808823
geometry_control,87,82,27,62,1.4156506977505219,1005.4669469259208,4.001840422137658,0.5842804698892661,0.6266128531070333,0,-66.93562538966204
geometry_control,87,83,27,63,1.47643642237516,873.1698263476547,-22.46406250526152,0.48968390019226204,0.6266128531070333,0,-70.3213641246765
geometry_control,87,84,28,57,1.4374450544790984,1006.3538216935888,-1.9689923291512486,0.5947794498738945,0.6266128531070333,0,-39.75696005270595
geometry_control,87,85,28,63,1.427857474851477,1168.8518292083895,19.17659508009687,0.5327248231287225,0.6266128531070333,0,-52.74162294125218
geometry_control,87,86,28,64,1.351370440619685,491.33632205103595,-7.940389275110168,0.6611365312760542,0.6266128531070333,1,-92.2722397246166
geometry_control,87,87,29,58,1.3905887970053608,1003.2696995199382,-53.91344709109576,0.49561999071829543,0.6266128531070333,0,12.362701487976167
geometry_control,87,88,29,64,1.3387085669800558,246.5121617434486,-11.636566664357828,0.5881691875654762,0.6266128531070333,0,-49.01092297117705
geometry_control,87,89,29,65,1.4033558024208292,1008.9501805063452,9.671627375114177,0.5500080817486929,0.6266128531070333,0,3.0618504409084295
geometry_control,87,90,30,65,1.4643338105796446,927.7906983945613,-34.76341637011823,0.5086558536967314,0.6266128531070333,0,-87.9862612268187
geometry_control,87,91,30,66,1.3840306447836694,877.4391977586829,-42.05088096554845,0.5577811667863523,0.6266128531070333,0,-123.2152917486611
geometry_control,87,92,30,71,1.3887446216603396,910.69921316627,-10.31786797723798,0.47728227152812014,0.6266128531070333,0,-158.20984238310191
geometry_control,87,93,31,60,1.3704026547479773,1137.2924453830542,-7.005987810313351,0.6620831203043489,0.6266128531070333,1,-32.281598178052135
geometry_control,87,94,31,66,1.4611229673749808,938.4901463641793,-19.77955618419962,0.6065279892933233,0.6266128531070333,0,-29.508381682260634
geometry_control,87,95,31,67,1.4261998788561028,1103.0881337721742,-25.343197573724257,0.5873299772325993,0.6266128531070333,0,-30.57279756609689
geometry_control,87,96,32,61,1.3834886069848509,844.9551455062983,-42.362359016662616,0.7376923944559184,0.6266128531070333,1,-44.47839846929922
geometry_control,87,97,32,67,1.403887979546066,1077.4020838674905,-17.05842549285357,0.7686948166641632,0.6266128531070333,1,-31.373853768145068
geometry_control,87,98,32,68,1.4029705444617766,1131.524289683715,-49.89002315392871,0.961213048690924,0.6266128531070333,1,27.598256747452808
geometry_control,87,99,33,62,1.5182578937935352,297.5498636215733,-70.34571183223129,0.6559918163316345,0.6266128531070333,1,-55.60863514464816
geometry_control,87,100,33,68,1.411302100465413,1186.2737922052088,-13.61351389157095,0.8740913820208367,0.6266128531070333,1,-42.47020164571896
geometry_control,87,101,33,69,1.4444121611652234,1173.387316787514,-45.20862387108355,0.5850627030749431,0.6266128531070333,0,-49.86817470885705
geometry_control,87,102,34,63,1.395341019768232,1081.3005825075863,0.7077080172138359,0.42605034639511186,0.6266128531070333,0,-60.897826030402264
geometry_control,87,103,34,69,1.4204610811438707,1056.8978575114081,-7.122587084542774,0.4497178028354245,0.6266128531070333,0,-45.497823626348485
geometry_control,87,104,34,70,1.3794986411913712,949.2296076346754,-14.000585919217425,0.47934197837405074,0.6266128531070333,0,-43.09684940089224
geometry_control,87,105,35,64,1.5126237297240805,581.7911754314567,-92.8155623103524,0.6835161883352723,0.6266128531070333,1,-37.874374904794266
geometry_control,87,106,35,70,1.474783178548835,966.5723380179436,-18.942078521260015,0.6083961121668795,0.6266128531070333,0,-12.219454749043173
geometry_control,87,107,35,71,1.4561092613033069,856.2372672620884,-48.336560159118264,0.6139815003498776,0.6266128531070333,0,-7.562118968626898
geometry_control,272,0,0,36,1.4766867076248007,866.5590683567858,-23.55086658400405,0.559415411868193,0.6244465170907872,0,2.176847991791732
geometry_control,272,1,0,41,1.462651921041856,759.0523425860658,21.20295574967172,0.42862442640808296,0.6244465170907872,0,-51.74182831645379
geometry_control,272,2,0,71,1.4586504185074207,896.5548293633459,-6.879518568434,0.45085987705613473,0.6244465170907872,0,-37.48749619746077
geometry_control,272,3,1,36,1.3644063362164927,316.3837198043118,9.001976250247408,0.6179602156051216,0.6244465170907872,0,-13.99272892119096
geometry_control,272,4,1,37,1.3618611546599386,525.1065000249613,42.878157674911826,0.6469768844275441,0.6244465170907872,1,35.095388546415364
geometry_control,272,5,1,66,1.3603401314695862,504.0591499505873,17.803151369183702,0.5005418609190971,0.6244465170907872,0,-27.2766855926652
geometry_control,272,6,2,37,1.493951967153799,518.6805779648615,-20.231454529987314,0.5409890282403855,0.6244465170907872,0,-26.47098959831895
geometry_control,272,7,2,38,1.5491541956850376,-318.6366212365721,-10.058674298206284,0.6203843959522285,0.6244465170907872,0,-28.446691368029384
geometry_control,272,8,2,67,1.38526827942146,830.9273839552833,23.241224460416063,0.4829888550461039,0.6244465170907872,0,10.424518524909459
geometry_control,272,9,3,38,1.4032111019427984,1064.6905722857528,36.47848706006389,0.7325757449055306,0.6244465170907872,1,-20.102818832266543
geometry_control,272,10,3,39,1.402975172531453,861.8275798339091,9.981671080980911,0.561772704061098,0.6244465170907872,0,-81.33231594857494
geometry_control,272,11,3,68,1.4423791672354365,914.712499158506,13.869377108875945,0.5950255066935821,0.6244465170907872,0,-100.15273468532394
geometry_control,272,12,4,39,1.4408944264448333,831.9858318386704,-2.265997824460089,0.5918983227142102,0.6244465170907872,0,-29.826261988396354
geometry_control,272,13,4,40,1.4187015004453882,899.1079513667248,-21.13225312887972,0.5620012661752196,0.6244465170907872,0,-46.542887490301275
geometry_control,272,14,4,69,1.384312587588118,863.1157519510513,-30.04004634784784,0.6086289000059502,0.6244465170907872,0,-41.21383393291021
geometry_control,272,15,5,40,1.49026927874541,668.7319212302301,-10.191728197221098,0.39878702184315407,0.6244465170907872,0,-118.38750608426855
geometry_control,272,16,5,41,1.372974195950072,577.2077589362511,-15.270788821255396,0.3602840972322018,0.6244465170907872,0,-137.5798538478831
geometry_control,272,17,5,70,1.3872883397074307,1007.5230198631002,-17.125363828016646,0.39662983375033356,0.6244465170907872,0,-109.20350449472298
geometry_control,272,18,6,41,1.3477299219224605,263.72321408443963,11.822997432337681,0.3131416132103072,0.6244465170907872,0,-122.04347351561017
geometry_control,272,19,6,42,1.389902901005301,992.5463268151128,39.69096022232799,0.37646776543593374,0.6244465170907872,0,-89.11457540091739
geometry_control,272,20,6,47,1.551763549968447,-350.77091216632067,-97.22141895240091,0.35362303542282747,0.6244465170907872,0,-120.14369513924649
geometry_control,272,21,7,36,1.433784347960974,963.630338750188,-18.67928545580739,0.7364494267364216,0.6244465170907872,1,-51.04139149486188
geometry_control,272,22,7,42,1.4503332379724438,1115.2680694597937,30.966048376229743,0.6689845935019381,0.6244465170907872,1,-2.7232791350594
geometry_control,272,23,7,43,1.4239893224496025,995.4341731521415,-22.03861190326985,0.7052536780528553,0.6244465170907872,1,3.3345991444399488
geometry_control,272,24,8,37,1.457107097895644,789.1288950510893,-30.16985472211836,0.5956955460302871,0.6244465170907872,0,-100.65208122254515
geometry_control,272,25,8,43,1.338532222971929,148.00068971969438,-27.698392525882763,0.5354831285242984,0.6244465170907872,0,-114.27664809701719
geometry_control,272,26,8,44,1.403193470375803,954.7779108556347,32.09205274199173,0.5585266967346183,0.6244465170907872,0,-69.46266841452491
geometry_control,272,27,9,38,1.4788021131006228,873.3510527098861,-6.180120414881938,0.7698314938498472,0.6244465170907872,1,10.562990697379227
geometry_control,272,28,9,44,1.4186879561815673,1016.537249018187,19.768340107127777,0.6532672768423353,0.6244465170907872,1,-20.37976677583585
geometry_control,272,29,9,45,1.3756702140951726,906.1865319679443,29.630639849088084,0.6213177783320718,0.6244465170907872,0,-60.52487985254655
geometry_control,272,30,10,39,1.346076787489453,393.7925402780625,15.453382999870973,0.5158955097593277,0.6244465170907872,0,-114.95523118870261
geometry_control,272,31,10,45,1.4390088006094772,1033.1797974910346,-1.9765095573617761,0.5381848350859849,0.6244465170907872,0,-70.2973635094859
geometry_control,272,32,10,46,1.4414331395645763,916.9830727868563,-11.541388212453505,0.5176872580674763,0.6244465170907872,0,-31.570029419710952
geometry_control,272,33,11,40,1.3856876293032672,724.9571923787765,-37.27644801551606,0.5880323237831282,0.6244465170907872,0,-56.32879873320706
geometry_control,272,34,11,46,1.4371140951821166,1071.928327634883,2.1218273132369845,0.6197211286302673,0.6244465170907872,0,-24.98700516661436
geometry_control,272,35,11,47,1.385972130537111,1088.1719295302385,21.026620854934215,0.5900108213846962,0.6244465170907872,0,13.714513926339976
geometry_control,272,36,12,47,1.3243803896935384,-11.580256807251722,-38.540116859034875,0.42681340586078953,0.6244465170907872,0,-135.68967865148372
geometry_control,272,37,12,48,1.4148592788738539,1081.4203957521972,18.565963382426627,0.4679101050311785,0.6244465170907872,0,-66.8846917617648
geometry_control,272,38,12,53,1.534564704014107,-67.08279813610163,-59.12268657791486,0.44918444054009904,0.6244465170907872,0,-50.842482320107045
geometry_control,272,39,13,42,1.4850817981726074,714.2657508591418,-37.573827063200525,0.5996721003550594,0.6244465170907872,0,21.441488843699858
geometry_control,272,40,13,48,1.477774043800502,828.8481637750277,25.30438111985193,0.617924069512342,0.6244465170907872,0,10.366910543475086
geometry_control,272,41,13,49,1.4849809858129632,720.8525383476639,-22.036441100214258,0.8170193281645305,0.6244465170907872,1,81.60542966726959
geometry_control,272,42,14,43,1.4054046136215852,891.6025767669493,-8.480865141440676,0.5348619978793759,0.6244465170907872,0,-102.00410119185874
geometry_control,272,43,14,49,1.387308218671589,983.2860486221886,-2.997868114027141,0.7159401411379298,0.6244465170907872,1,14.401080548529592
geometry_control,272,44,14,50,1.3800698352592329,774.0302553550197,17.090353610437635,0.48843036331471656,0.6244465170907872,0,-83.98044109706396
geometry_control,272,45,15,44,1.4509657780127374,945.4888590274961,18.548964895831098,0.5923723921693635,0.6244465170907872,0,-39.13566085582982
geometry_control,272,46,15,50,1.4103893409056214,947.9327115174092,4.451840808296241,0.5228971893943843,0.6244465170907872,0,-73.40329648018461
geometry_control,272,47,15,51,1.415163566132608,842.532868664454,-12.371738794229746,0.47989883021736685,0.6244465170907872,0,-86.0261491495983
geometry_control,272,48,16,45,1.4553410877107664,895.2412931211064,-8.700180718601667,0.5681019054507817,0.6244465170907872,0,-55.73061569335637
geometry_control,272,49,16,51,1.478147050396681,666.2354371548261,-27.693469210597026,0.4875778420090485,0.6244465170907872,0,-86.91200001782288
geometry_control,272,50,16,52,1.338875705760634,269.4305288997703,1.4957673629171637,0.5427874603906749,0.6244465170907872,0,-108.7751575668956
geometry_control,272,51,17,46,1.4779844641800706,825.5540478878206,0.3391408042336119,0.6688607539550978,0.6244465170907872,1,-22.416396471489254
geometry_control,272,52,17,52,1.4284121325737922,808.1338690171788,14.274812294982395,0.6640438859134996,0.6244465170907872,1,-3.185036553562469
geometry_control,272,53,17,53,1.5076829518003587,457.89343290885313,-0.4400766545236724,0.6615214813888362,0.6244465170907872,1,-8.944511587961436
geometry_control,272,54,18,53,1.3915936892307803,690.1440228943022,-36.25834119343108,0.4882037937914565,0.6244465170907872,0,29.170836292562313
geometry_control,272,55,18,54,1.394643313107746,737.0561182386591,-4.018151702232951,0.519094045337132,0.6244465170907872,0,-87.0259472002237
geometry_control,272,56,18,59,1.3586227970904872,462.3374060724528,13.510729541826343,0.4578821282629588,0.6244465170907872,0,-123.29381699108215
geometry_control,272,57,19,48,1.3976960556860405,1080.9663464658875,39.77118882871519,0.5314889572817985,0.6244465170907872,0,-48.30200857980426
geometry_control,272,58,19,54,1.4239075116319166,1157.3001053265855,26.247570432118653,0.5436535443363946,0.6244465170907872,0,-62.56062353180103
geometry_control,272,59,19,55,1.4400350590993476,1027.2328452980464,-4.834407737282762,0.4740380794863542,0.6244465170907872,0,-69.85311271292852
geometry_control,272,60,20,49,1.4482786101286846,1052.1114672557371,30.653679097011263,0.7579784564681217,0.6244465170907872,1,2.496313461347043
geometry_control,272,61,20,55,1.442694036782343,914.1187794162745,-1.0912911478873182,0.5014323200204889,0.6244465170907872,0,-25.77669005453796
geometry_control,272,62,20,56,1.4642188229377462,992.1891356100924,20.191165631168143,0.559879631899175,0.6244465170907872,0,7.528949973791242
geometry_control,272,63,21,50,1.4696635184766897,683.1299293496031,21.406886141586153,0.615215337120855,0.6244465170907872,0,-39.86913207859922
geometry_control,272,64,21,56,1.4854727850361757,617.1279597625494,4.400186357849239,0.6446262903751214,0.6244465170907872,1,4.03332867344907
geometry_control,272,65,21,57,1.4539879598120944,1014.5080163180733,2.1016991192379186,0.6310089021899945,0.6244465170907872,1,-15.189422956013374
geometry_control,272,66,22,51,1.3729434134323442,646.2280807099261,-16.893978817339,0.33156540544904944,0.6244465170907872,0,-86.31299446268137
geometry_control,272,67,22,57,1.5679932541893589,-778.7612119765253,-70.18362821081153,0.39035732969520653,0.6244465170907872,0,-79.25717396057476
geometry_control,272,68,22,58,1.38302118373268,730.5825040829593,-12.561680352186153,0.3558343592800037,0.6244465170907872,0,-130.94231432505626
geometry_control,272,69,23,52,1.391189939517858,836.9499846549478,-24.719548767505948,0.4840491348044174,0.6244465170907872,0,-84.2642398660984
geometry_control,272,70,23,58,1.4192921902412998,990.7824704625623,-32.36093458912137,0.45310847025374523,0.6244465170907872,0,-115.3522257679554
geometry_control,272,71,23,59,1.4597590797694635,921.7977681407009,-34.79883772547021,0.45120506475125616,0.6244465170907872,0,-141.50143060175964
geometry_control,272,72,24,59,1.365370790663242,544.006153835231,-45.18134260227093,0.4562152899590697,0.6244465170907872,0,-126.25704405759694
geometry_control,272,73,24,60,1.4179637344998497,884.8118800683075,1.0641890804675251,0.5023129748834403,0.6244465170907872,0,-90.21471874424003
geometry_control,272,74,24,65,1.36922978134322,556.1443391159607,-23.79701252407044,0.5453862259654142,0.6244465170907872,0,-56.00337383443753
geometry_control,272,75,25,54,1.3952894014603732,898.9145004397483,2.796802100590766,0.5521219737913117,0.6244465170907872,0,-96.46150229257827
geometry_control,272,76,25,60,1.4210088577294262,891.3570388532726,-1.7810807417624301,0.5370077416415091,0.6244465170907872,0,-89.84238760064315
geometry_control,272,77,25,61,1.411259329516806,864.8458634128037,17.923686693483074,0.6425580458380801,0.6244465170907872,1,-80.01818715282859
geometry_control,272,78,26,55,1.3453568607620479,358.20803917667064,-31.60407766326205,0.5908910281526639,0.6244465170907872,0,-93.58282207716103
geometry_control,272,79,26,61,1.4699745602948722,1196.4439455656795,-12.708085080286432,0.7509425650494728,0.6244465170907872,1,-64.85737276490508
geometry_control,272,80,26,62,1.4579003484252144,966.7377771876683,1.787907387183157,0.7181579489643786,0.6244465170907872,1,-56.29713589016721
geometry_control,272,81,27,56,1.3337586425438286,182.99816918658357,-23.37924542288781,0.4606122890121034,0.6244465170907872,0,-111.94745665941868
geometry_control,272,82,27,62,1.4035874269051787,907.551655224144,8.456442370476415,0.5294318979451319,0.6244465170907872,0,-78.90367091744068
geometry_control,272,83,27,63,1.4762188857051446,785.502828240605,-5.217490236173996,0.4676148061433444,0.6244465170907872,0,-90.60716484789255
geometry_control,272,84,28,57,1.4357755617954269,820.7181263633119,8.744886510295887,0.4890766060520888,0.6244465170907872,0,84.85653904899436
geometry_control,272,85,28,63,1.3499044339325905,479.93411553540756,11.82780253265419,0.5096965113684567,0.6244465170907872,0,-71.21634009155312
geometry_control,272,86,28,64,1.421627486482463,1091.568193231807,11.107272273790974,0.6219659563423595,0.6244465170907872,0,14.48457782078576
geometry_control,272,87,29,58,1.5045118114186533,382.3627784580263,-34.455649861371555,0.420649301365264,0.6244465170907872,0,-81.1972392854928
geometry_control,272,88,29,64,1.3839240027024111,1009.8514511380831,-12.741889659827338,0.5880616220707375,0.6244465170907872,0,-33.965944467762895
geometry_control,272,89,29,65,1.4539765386392123,942.6788709668166,-36.3246995251594,0.5079168318691194,0.6244465170907872,0,-64.18729414256342
geometry_control,272,90,30,65,1.5042504418341427,396.9752799557598,0.582401447588754,0.5343842500284137,0.6244465170907872,0,-72.9732093315157
geometry_control,272,91,30,66,1.4138807909858728,1327.6680152854713,-17.919767694731974,0.4260551534328227,0.6244465170907872,0,-132.72607333292518
geometry_control,272,92,30,71,1.355870100229959,332.53907383597505,-18.02694087882614,0.434917973306789,0.6244465170907872,0,-98.93284153950461
geometry_control,272,93,31,60,1.4000056889859762,1064.8465150732895,-2.37176124448483,0.47725234614188694,0.6244465170907872,0,-104.4799879303277
geometry_control,272,94,31,66,1.4742061863240825,849.8412194347954,17.668634857734915,0.41199650062826976,0.6244465170907872,0,-113.72465021311629
geometry_control,272,95,31,67,1.4263174698451468,815.7349638010444,5.650127015407569,0.5004313509424351,0.6244465170907872,0,-38.334570960266774
geometry_control,272,96,32,61,1.3884939277158599,966.1568811483627,12.450059372370564,0.6513549245547373,0.6244465170907872,1,-88.28987611163353
geometry_control,272,97,32,67,1.3642134435966382,639.9137516377336,-8.511999745987465,0.5689836251587144,0.6244465170907872,0,-96.1380098581177
geometry_control,272,98,32,68,1.4262752838465955,998.2877017083897,-4.994309734942957,0.5688289278528905,0.6244465170907872,0,-108.84224975984793
geometry_control,272,99,33,62,1.3957307147678037,778.1059694248012,-22.01853276977144,0.6540098948626893,0.6244465170907872,1,-78.79572299605223
geometry_control,272,100,33,68,1.355483403622705,499.5696656741198,-16.514694770407473,0.6042685142459367,0.6244465170907872,0,-122.69962817362583
geometry_control,272,101,33,69,1.4331020702380592,887.6174947679215,-46.16058847960514,0.5877462889051928,0.6244465170907872,0,-43.061206689598755
geometry_control,272,102,34,63,1.4199233841777372,990.6970781753313,-5.28300684693783,0.5673974185332546,0.6244465170907872,0,-50.66658295672248
geometry_control,272,103,34,69,1.4929114954212035,694.4903875035599,-5.499220824505565,0.5629509043775456,0.6244465170907872,0,-30.03768574503132
geometry_control,272,104,34,70,1.487815870981913,562.9607113908353,-22.65007891937467,0.5141660824539945,0.6244465170907872,0,-10.679232145902773
geometry_control,272,105,35,64,1.4795904948901761,684.4639930814044,-13.652058358134981,0.5835834506822042,0.6244465170907872,0,-12.453903371370956
geometry_control,272,106,35,70,1.4772933388401066,674.4475373163397,-12.311897423196985,0.4180826696290413,0.6244465170907872,0,-40.35095683107594
geometry_control,272,107,35,71,1.3555789982095914,378.6202107837192,12.26822583272446,0.4039723837589614,0.6244465170907872,0,-111.97701956304729
geometry_control,216,0,0,36,1.577275804620516,-839.8423938022395,-95.4965933038039,0.4664006244177259,0.630838702025013,0,4.070429846281492
geometry_control,216,1,0,41,1.2890980976895718,-1096.3794444328075,-136.35036790009974,0.41087539171094006,0.630838702025013,0,-117.19150283819006
geometry_control,216,2,0,71,1.4647945168876988,740.976015816319,55.67889400315268,0.40526300903990764,0.630838702025013,0,54.865746094154915
geometry_control,216,3,1,36,1.4160139612200675,1263.4890779031496,45.10965458330378,0.5529368943510744,0.630838702025013,0,25.871542310181766
geometry_control,216,4,1,37,1.4728761922176914,992.7348217393563,50.15075089999346,0.5384996099028663,0.630838702025013,0,-22.738853359903068
geometry_control,216,5,1,66,1.3605362235755984,365.1962797113084,5.600254209709305,0.5724792064287711,0.630838702025013,0,-64.96438037891727
geometry_control,216,6,2,37,1.4592216142594043,1631.0129989876616,156.84816068240502,1.0341583564331254,0.630838702025013,1,66.49875177967782
geometry_control,216,7,2,38,1.507203274900311,1754.5875855264744,111.81633370776476,1.2693908836381618,0.630838702025013,1,89.76810054654173
geometry_control,216,8,2,67,1.2975200124296349,-1130.4331838700646,82.62465620853098,1.3860886538842547,0.630838702025013,1,17.65959936829192
geometry_control,216,9,3,38,1.4079689039625443,1161.1273819414664,31.52296366567893,0.7158453392234545,0.630838702025013,1,24.612988394029855
geometry_control,216,10,3,39,1.3642450617389035,523.9135032422389,-27.021527641123754,0.48887230730784303,0.630838702025013,0,-29.312294887530225
geometry_control,216,11,3,68,1.414905891413333,893.6114138989235,31.103700462162617,0.41914735977106377,0.630838702025013,0,-53.526859718943435
geometry_control,216,12,4,39,1.4933992160044904,438.5079680769803,6.57349740255133,0.5474258146757371,0.630838702025013,0,-17.049745674623743
geometry_control,216,13,4,40,1.45271493499573,787.6532256382895,24.818673237991355,0.5308070104130507,0.630838702025013,0,-31.809315641295168
geometry_control,216,14,4,69,1.4438505873422611,754.9781969105987,-36.36369359742185,0.5065816229491344,0.630838702025013,0,-27.344008313427747
geometry_control,216,15,5,40,1.3921728906281472,761.459054177068,52.37221236606996,0.4513373577576546,0.630838702025013,0,-66.68611690692802
geometry_control,216,16,5,41,1.5296114121029891,-100.87201677154268,-32.59243209127001,0.4186087184723384,0.630838702025013,0,-53.29076464088787
geometry_control,216,17,5,70,1.3825808275558156,918.2937930362443,88.83124317112728,0.38311258969559836,0.630838702025013,0,-106.32381138432798
geometry_control,216,18,6,41,1.423132327420138,767.6298325397378,35.080336855102395,0.5263677569134599,0.630838702025013,0,-31.694445654483633
geometry_control,216,19,6,42,1.4596861848220046,931.2181185528368,21.7487269581665,0.5053924678333068,0.630838702025013,0,-69.62342812262955
geometry_control,216,20,6,47,1.3632141461133056,821.3352464746828,77.82372870703281,0.5259357242562593,0.630838702025013,0,-90.7984323845001
geometry_control,216,21,7,36,1.4422759271323056,906.7576989670579,10.398099565974523,0.5739211053161051,0.630838702025013,0,96.55567511076912
geometry_control,216,22,7,42,1.4327698726872296,716.9924439340598,15.686789563633347,0.497420583529166,0.630838702025013,0,-50.88374477769636
geometry_control,216,23,7,43,1.4034817949738767,1027.31024356957,12.387981925047548,0.5340773520790163,0.630838702025013,0,-34.223911755762664
geometry_control,216,24,8,37,1.4099219172370374,968.2841053646317,-1.0221857592077264,0.4926118246357908,0.630838702025013,0,-17.359679376649375
geometry_control,216,25,8,43,1.4131269758793508,785.6722123345369,26.36117364448515,0.46720535584691025,0.630838702025013,0,-2.777204813802271
geometry_control,216,26,8,44,1.4175956529199045,868.7897414145394,39.49046010046761,0.4392471710924903,0.630838702025013,0,-19.815982913074095
geometry_control,216,27,9,38,1.475048152561588,537.2474133741839,38.78116406276331,0.6958526280509807,0.630838702025013,1,-20.90059040087997
geometry_control,216,28,9,44,1.4165655470942453,845.9416391621801,35.857717862818404,0.4072554473026438,0.630838702025013,0,-84.15945061440226
geometry_control,216,29,9,45,1.38111574462722,595.264142353273,54.71817505413383,0.38633511118010777,0.630838702025013,0,-86.53223526503086
geometry_control,216,30,10,39,1.4355025600125257,906.9356172048331,-2.9776636550743403,0.5315660562011846,0.630838702025013,0,-24.982766629074618
geometry_control,216,31,10,45,1.4458382570973571,910.4894048304765,6.512749957250097,0.449021571245923,0.630838702025013,0,-54.538252586404894
geometry_control,216,32,10,46,1.4620664185905463,884.3808319071072,22.853373338499594,0.600588090269188,0.630838702025013,0,-46.77813658122824
geometry_control,216,33,11,40,1.364940565329184,392.82085977732896,42.48598388226731,0.41042846847757397,0.630838702025013,0,-81.43951287430319
geometry_control,216,34,11,46,1.5165839400327854,245.73454354189457,55.48203049709777,0.4960693068082639,0.630838702025013,0,-71.9294438501766
geometry_control,216,35,11,47,1.4296695245009674,976.030196876323,44.51941847331725,0.37726779653505704,0.630838702025013,0,-97.43241887563823
geometry_control,216,36,12,47,1.4904949728267243,534.9626817387878,11.118946943130217,0.6454103820935966,0.630838702025013,1,-45.252857332581726
geometry_control,216,37,12,48,1.4910748505732245,770.8199136520832,1.4476909306743673,0.7645574683299928,0.630838702025013,1,-48.210401498182954
geometry_control,216,38,12,53,1.322006901781384,-312.4279502795636,-65.39204430950973,0.6453617618012765,0.630838702025013,1,-110.95166059575367
geometry_control,216,39,13,42,1.325010579016772,-203.96961062151973,45.217349646735386,0.3862896088495659,0.630838702025013,0,-130.2073780776979
geometry_control,216,40,13,48,1.4368748353535499,652.6607938217008,6.691012969538376,0.5259799515089146,0.630838702025013,0,-42.49212572124307
geometry_control,216,41,13,49,1.4510873865609957,881.3150819531279,-11.448705300719814,0.39061654993635414,0.630838702025013,0,-117.59388869234387
geometry_control,216,42,14,43,1.5047239444935023,281.67659454741545,-22.93728969127591,0.4183793811993579,0.630838702025013,0,-94.61722442995517
geometry_control,216,43,14,49,1.3408025662448015,146.12416508819015,30.343476534614492,0.3860495537362958,0.630838702025013,0,-149.23541283498577
geometry_control,216,44,14,50,1.3676291269066039,560.4063338569787,40.190296341538826,0.41483829295126584,0.630838702025013,0,-129.47535239552818
geometry_control,216,45,15,44,1.4846075687210625,756.6891692978833,42.604329415767644,0.4663372984918337,0.630838702025013,0,-43.19229173869235
geometry_control,216,46,15,50,1.443658578140514,864.6294801522582,51.7547860294969,0.4907543949981616,0.630838702025013,0,-40.578753883601564
geometry_control,216,47,15,51,1.4597757206165831,798.4426675107014,44.63940086965457,0.43063926750013876,0.630838702025013,0,-42.041214896788915
geometry_control,216,48,16,45,1.4401800280397026,894.1940536865819,38.821076132773705,0.4810726532419388,0.630838702025013,0,-55.75225759899996
geometry_control,216,49,16,51,1.3515439945251781,414.5248558679598,70.96267610591376,0.46629495837277984,0.630838702025013,0,-90.65837017774126
geometry_control,216,50,16,52,1.432982620080033,888.3021905769115,43.67226313745023,0.5674237668333354,0.630838702025013,0,-41.5311910242224
geometry_control,216,51,17,46,1.3268529852264972,-314.01397328951754,-17.564881093952156,0.6719478761954598,0.630838702025013,1,-89.94906080973942
geometry_control,216,52,17,52,1.3823836321445238,597.7835883954767,51.4726030677303,0.6067324707635915,0.630838702025013,0,-69.05075184001673
geometry_control,216,53,17,53,1.433471233834455,858.6816684704446,5.051318104397927,0.5530977456299329,0.630838702025013,0,-83.46388576777034
geometry_control,216,54,18,53,1.422064918538509,737.4944391095563,-8.963362143071786,0.5510140337162325,0.630838702025013,0,-48.10003805249183
geometry_control,216,55,18,54,1.4122537806525826,865.932528120997,23.36399657448471,0.6088507513222943,0.630838702025013,0,-13.740002169418403
geometry_control,216,56,18,59,1.42534524428055,747.5765494364814,-0.24744465074593314,0.6025568276066546,0.630838702025013,0,-17.31554431232352
geometry_control,216,57,19,48,1.435249628239922,985.3492203558251,-1.3044323263629483,0.5671969748368445,0.630838702025013,0,-11.680726293567758
geometry_control,216,58,19,54,1.4452460901971826,700.4730483541705,0.9579108000723549,0.5058379859141899,0.630838702025013,0,-20.30101515809603
geometry_control,216,59,19,55,1.4081554127934812,801.4502697006118,-14.895751090891958,0.5469147214188259,0.630838702025013,0,1.7233172411667965
geometry_control,216,60,20,49,1.3839126511078235,754.4816704001806,20.444605177291034,0.4019819550615792,0.630838702025013,0,-142.8124382505699
geometry_control,216,61,20,55,1.328730166662616,-101.22588260790305,45.856088547915384,0.517063103216121,0.630838702025013,0,-76.3672128266611
geometry_control,216,62,20,56,1.4528399698333176,832.4357997994279,30.297204613192466,0.45596121296066683,0.630838702025013,0,-86.34032039298191
geometry_control,216,63,21,50,1.4166709885033284,875.5235680171309,27.061668033583942,0.579619281705883,0.630838702025013,0,-61.94366378923708
geometry_control,216,64,21,56,1.3690798072427395,606.0841500117501,45.30392646626368,0.6048098003900004,0.630838702025013,0,0.5124484777850355
geometry_control,216,65,21,57,1.4201091098930139,852.2187981687042,34.46121310797823,0.5462927312328767,0.630838702025013,0,-11.159245259437256
geometry_control,216,66,22,51,1.411291375937245,896.6099916839188,23.557335454647855,0.3511642542895888,0.630838702025013,0,-93.2328834137947
geometry_control,216,67,22,57,1.3951530858360013,1003.9372096408728,55.05415777938387,0.3779528313146055,0.630838702025013,0,-88.52275551718732
geometry_control,216,68,22,58,1.4666477416369281,676.475624711371,25.62120193761931,0.36230632643382404,0.630838702025013,0,-71.4077662826
geometry_control,216,69,23,52,1.4802382019941545,537.0091418321856,18.119789677424794,0.572575979302643,0.630838702025013,0,-29.46776036432609
geometry_control,216,70,23,58,1.363137200322377,512.1729183768841,32.541808802108015,0.4825892429863228,0.630838702025013,0,-74.79569101733097
geometry_control,216,71,23,59,1.4783319680413913,562.4602105543914,7.319947083816572,0.5704840480594067,0.630838702025013,0,-17.93428028885169
geometry_control,216,72,24,59,1.4354676406810745,887.2557287997503,36.84051943082107,0.651392798696824,0.630838702025013,1,-32.41773833273033
geometry_control,216,73,24,60,1.3637752439792865,339.00609133674,75.11045154238852,0.5743111380341615,0.630838702025013,0,-72.71432488694032
geometry_control,216,74,24,65,1.476967920978945,682.7219980913114,46.68746446622211,0.7125826690212487,0.630838702025013,1,-24.442104748760862
geometry_control,216,75,25,54,1.4576118459241731,857.7595820021255,43.90963370649705,0.6119199135808133,0.630838702025013,0,4.644752908444616
geometry_control,216,76,25,60,1.468517326280184,854.6308112724108,44.784038621838754,0.5285443292025113,0.630838702025013,0,-32.192832691568505
geometry_control,216,77,25,61,1.366136215578689,749.2086141865072,74.18278199889052,0.7742893872859004,0.630838702025013,1,-52.09026636930109
geometry_control,216,78,26,55,1.5444050623650332,-38.90981016382433,17.305604862445477,0.582144661042614,0.630838702025013,0,-50.84926042804812
geometry_control,216,79,26,61,1.3666804110947868,533.0538017272067,95.99154090598971,0.7034373992430649,0.630838702025013,1,15.034558943474863
geometry_control,216,80,26,62,1.4482346183939956,915.4557651915254,29.867973035016085,0.4906010934856426,0.630838702025013,0,6.8032646035757125
geometry_control,216,81,27,56,1.5262976824047014,158.31655457152604,32.0396358584587,0.4965971016707181,0.630838702025013,0,-38.23939295655312
geometry_control,216,82,27,62,1.4101758611419706,802.071032774862,-6.764835928355486,0.4661554243692009,0.630838702025013,0,-27.161892963369162
geometry_control,216,83,27,63,1.3941862150148667,931.8761814547826,11.043017343910403,0.4597178329740147,0.630838702025013,0,-93.72640968110873
geometry_control,216,84,28,57,1.497608512234469,592.9036988437999,19.087569717488865,0.5005085698191195,0.630838702025013,0,-38.317759230465384
geometry_control,216,85,28,63,1.5050343493788296,382.56994434671947,18.68455584703524,0.5221463702795398,0.630838702025013,0,-38.425659402074075
geometry_control,216,86,28,64,1.3079501719758195,-649.5377946959311,-81.86796850388234,0.48443763406473056,0.630838702025013,0,-75.06509685805672
geometry_control,216,87,29,58,1.4413644171515663,846.7334343843427,58.93611111141221,0.4849879453006363,0.630838702025013,0,-54.85676269761662
geometry_control,216,88,29,64,1.4081907252735553,892.8340566046696,22.720441301815956,0.48456351442702883,0.630838702025013,0,-39.255064790665074
geometry_control,216,89,29,65,1.4033728902466456,931.046107140997,43.301696120457315,0.6340726206981449,0.630838702025013,1,-55.133917403281
geometry_control,216,90,30,65,1.4511988250990195,882.6644211269065,10.15161636699333,0.585438152019893,0.630838702025013,0,-36.00275206722797
geometry_control,216,91,30,66,1.4633674182113836,996.4132546142863,28.17465243382586,0.5482536855390496,0.630838702025013,0,14.721042004085248
geometry_control,216,92,30,71,1.4335658716690638,843.4543475843296,5.222011385578973,0.46757375808353463,0.630838702025013,0,-27.68796767513839
geometry_control,216,93,31,60,1.4253124355550992,1412.4546475813106,78.34472417193189,0.46784366794861143,0.630838702025013,0,-48.30434222484756
geometry_control,216,94,31,66,1.5013226905776724,534.7915503396306,52.00899373753519,0.5689307324548551,0.630838702025013,0,4.737121301733438
geometry_control,216,95,31,67,1.4352041617944669,1058.357692163416,74.80763525105611,0.8868814333800796,0.630838702025013,1,29.989480880235604
geometry_control,216,96,32,61,1.4262160130017016,728.5898593646937,72.69131741845396,0.658121770673605,0.630838702025013,1,-37.4710315996643
geometry_control,216,97,32,67,1.467449990091574,921.711838286824,78.11146954843298,0.8314144780216842,0.630838702025013,1,45.647731312312104
geometry_control,216,98,32,68,1.47085133967112,995.1990079557547,11.70900555924527,0.4180187283232006,0.630838702025013,0,-63.5761427949414
geometry_control,216,99,33,62,1.4288366384297155,934.2045788861151,-15.196769471287528,0.4517356195286045,0.630838702025013,0,-57.484718008842876
geometry_control,216,100,33,68,1.3685468599273598,639.5763276555144,18.68052219828444,0.42446888293562246,0.630838702025013,0,-87.20446170877955
geometry_control,216,101,33,69,1.432587791101703,775.9375805195348,-26.011519565136656,0.45334963874579903,0.630838702025013,0,-61.293749988820295
geometry_control,216,102,34,63,1.4251606112228064,947.6448034047534,32.03767368269925,0.44046621779675255,0.630838702025013,0,-45.00311567316652
geometry_control,216,103,34,69,1.391789022690215,772.121650385194,23.790366806821257,0.4485178284091333,0.630838702025013,0,-76.21675284401184
geometry_control,216,104,34,70,1.4382589714816956,867.2580173964797,2.2495564678336883,0.4045184478109932,0.630838702025013,0,-44.09421657165779
geometry_control,216,105,35,64,1.4410293412512245,919.4087221039305,1.907378846661159,0.3576085931637951,0.630838702025013,0,-50.58330577515584
geometry_control,216,106,35,70,1.486906636709671,561.5231764134578,-14.374457323252383,0.3593695593928451,0.630838702025013,0,-56.522422174515974
geometry_control,216,107,35,71,1.3555066919424585,671.2309549833377,62.034470953327634,0.3892533054985527,0.630838702025013,0,-70.18927038370384
geometry_control,99,0,0,36,1.3952778937924082,1270.9118841491043,28.89221498538477,0.7265538393561743,0.6318875865462121,1,-23.36139759989318
geometry_control,99,1,0,41,1.4310879081560666,1408.2836250678215,54.85464713657657,0.8215782546267347,0.6318875865462121,1,-12.562675026803
geometry_control,99,2,0,71,1.4676574620062197,1039.8000428422445,22.044703252792218,0.8974922640130494,0.6318875865462121,1,5.504585556598975
geometry_control,99,3,1,36,1.4641297904183548,1055.737219137371,2.4823660613810388,0.615283774110887,0.6318875865462121,0,-36.81323643967461
geometry_control,99,4,1,37,1.4871363416473544,777.5190368847334,-32.59230402487505,0.760526977673283,0.6318875865462121,1,6.289158941995055
geometry_control,99,5,1,66,1.3609596931199148,699.9097918928001,-61.92748541900368,0.7058438806418548,0.6318875865462121,1,-32.344873355614354
geometry_control,99,6,2,37,1.4146969108198413,1122.3608577785442,3.960216749934159,0.785837242436134,0.6318875865462121,1,-13.447918468502689
geometry_control,99,7,2,38,1.4285716894116385,1672.328901451306,102.4870644473355,1.1795372190794065,0.6318875865462121,1,52.94946960662657
geometry_control,99,8,2,67,1.4634277341083601,895.3349654356422,-32.10083330625346,0.7561835437167239,0.6318875865462121,1,-5.8788660469714245
geometry_control,99,9,3,38,1.4409808026597435,1359.3608902824242,73.72814561722623,1.0281377419837399,0.6318875865462121,1,41.21051485100964
geometry_control,99,10,3,39,1.4854526873123652,798.8578243253789,14.215322922416854,0.518409686791336,0.6318875865462121,0,-28.510447363000463
geometry_control,99,11,3,68,1.3719424198585595,897.4137116652506,-18.894129896776754,0.5635766577417889,0.6318875865462121,0,-32.196588570123595
geometry_control,99,12,4,39,1.424306556894283,1223.540177832682,66.20872639637476,0.45078624858175254,0.6318875865462121,0,-47.99799419268707
geometry_control,99,13,4,40,1.4600560396758386,1266.4991327174112,45.51342817647105,0.6134132996443333,0.6318875865462121,0,-20.68289607545281
geometry_control,99,14,4,69,1.4320139647036425,1136.9343178069257,79.06065266021639,0.5201128080905811,0.6318875865462121,0,-28.50608265027222
geometry_control,99,15,5,40,1.421409255525466,1067.4168993907635,23.953481715798738,0.6139312016066827,0.6318875865462121,0,13.937443621357097
geometry_control,99,16,5,41,1.4199146660146196,1179.8777147519643,33.30825120476961,0.5171134408013978,0.6318875865462121,0,-21.94734840485709
geometry_control,99,17,5,70,1.3444407768812543,615.314853139371,-104.02610016803916,0.4473793268906242,0.6318875865462121,0,-12.635674349416245
geometry_control,99,18,6,41,1.4500041159604158,1239.7017165921134,44.25445607819831,0.5595023436007658,0.6318875865462121,0,-40.912705434670855
geometry_control,99,19,6,42,1.4041579268143196,1023.2152375672639,-27.02771565684149,0.5415195157257473,0.6318875865462121,0,-45.98839346121442
geometry_control,99,20,6,47,1.4641720040969162,1082.0748396766196,81.30446582466735,0.6090203106132841,0.6318875865462121,0,-26.39802020829354
geometry_control,99,21,7,36,1.3504144157683418,736.4301862221234,-48.37585612821313,0.36821422327865727,0.6318875865462121,0,-85.86197933503371
geometry_control,99,22,7,42,1.4612646778881322,902.6144283961887,-13.364082818005711,0.4452558106741992,0.6318875865462121,0,-56.66344687046405
geometry_control,99,23,7,43,1.412120526414277,1188.5048296728764,24.960536980811835,0.43340694051486806,0.6318875865462121,0,-61.11723546712078
geometry_control,99,24,8,37,1.4754766903237728,771.2323608670808,-45.14710849748683,0.5967070213929675,0.6318875865462121,0,-34.252319707543876
geometry_control,99,25,8,43,1.4314892480523784,1201.1768432034123,53.751558753984675,0.5166565350667824,0.6318875865462121,0,-26.684457103612335
geometry_control,99,26,8,44,1.38105814429307,939.9888343102726,1.1159020284620262,0.5381940796520037,0.6318875865462121,0,-49.623529887328345
geometry_control,99,27,9,38,1.5224653899941771,550.6882020560836,-6.953966749799839,1.0645923205887242,0.6318875865462121,1,30.39626549061692
geometry_control,99,28,9,44,1.369840121017628,914.5835773339039,-4.04769593495069,0.6123794022044877,0.6318875865462121,0,-8.664580860626831
geometry_control,99,29,9,45,1.4170163676458452,1228.4303304779826,44.595239169373485,0.7196348425703296,0.6318875865462121,1,16.902477797382936
geometry_control,99,30,10,39,1.4336383690555357,1203.196865297012,25.402157483333188,0.5054447621456751,0.6318875865462121,0,-21.96338779903342
geometry_control,99,31,10,45,1.4353534344742422,1131.9293851392574,23.858756133993957,0.6702153393196844,0.6318875865462121,1,-19.11196129333144
geometry_control,99,32,10,46,1.4006738712048694,1158.054430144965,36.919287659163466,0.486073102534002,0.6318875865462121,0,-32.348301861850416
geometry_control,99,33,11,40,1.4413507468315678,1189.5924852270205,52.60983967264349,0.6083673044565826,0.6318875865462121,0,2.6371367288154914
geometry_control,99,34,11,46,1.3791743196122297,951.2260098995035,-7.728858642696512,0.4263685937823286,0.6318875865462121,0,-40.34353289213328
geometry_control,99,35,11,47,1.4117443059031591,1108.809544388652,38.6344278764067,0.5610675106638159,0.6318875865462121,0,-32.74381193503234
geometry_control,99,36,12,47,1.4495254302786742,1455.8294820491978,98.81103644040235,0.5451705612119321,0.6318875865462121,0,74.05015493752492
geometry_control,99,37,12,48,1.2704604035168754,-1802.2724179385505,-974.8658471555576,0.3728056581175494,0.6318875865462121,0,-4.687007652546285
geometry_control,99,38,12,53,1.55333753754407,-273.7161560566091,-243.70134581573276,0.3922836684811165,0.6318875865462121,0,-24.379714072643477
geometry_control,99,39,13,42,1.4319337157112662,1391.8957339279655,65.41848999006464,0.5663716083327419,0.6318875865462121,0,-45.294693032130795
geometry_control,99,40,13,48,1.4359386454988354,1108.7197109517147,33.19891985422177,0.46150750012589614,0.6318875865462121,0,10.838768101089542
geometry_control,99,41,13,49,1.4628433409085704,917.9445580635473,4.553765155545619,0.49649651836391706,0.6318875865462121,0,-42.492397348052876
geometry_control,99,42,14,43,1.4240894280828373,1142.1225216008186,17.408061759701408,0.5127569376819535,0.6318875865462121,0,-48.07033396716709
geometry_control,99,43,14,49,1.400252673546344,1064.6283779757157,25.192878797832055,0.4547307178724598,0.6318875865462121,0,-64.42636783551848
geometry_control,99,44,14,50,1.4503281157367895,1170.0611192483245,58.75561941184877,0.5145583037701115,0.6318875865462121,0,-37.10600832957593
geometry_control,99,45,15,44,1.4354314862908337,998.5660068337272,19.008741356463585,0.4817810005954497,0.6318875865462121,0,-33.88900313456852
geometry_control,99,46,15,50,1.4914856416419717,642.7506295959911,0.7731808748939404,0.4620448220983863,0.6318875865462121,0,-20.096534455622518
geometry_control,99,47,15,51,1.3276406306564732,184.67437023671613,-193.7112020332467,0.4999874620123842,0.6318875865462121,0,-39.0721930906689
geometry_control,99,48,16,45,1.4280763974700144,1492.4823680387199,42.40313107816085,0.6107583232552602,0.6318875865462121,0,-13.09387122299242
geometry_control,99,49,16,51,1.4799003374640132,886.278498310261,12.033827530799693,0.521709344306353,0.6318875865462121,0,-17.343044124064996
geometry_control,99,50,16,52,1.3498964485508096,476.55519576249793,-133.45058154987709,0.4800895506011728,0.6318875865462121,0,-69.06541719843958
geometry_control,99,51,17,46,1.4868790981195366,738.1088199752285,-13.724058455714065,0.3905639622914029,0.6318875865462121,0,-66.5666447744477
geometry_control,99,52,17,52,1.4821012895703054,906.1191786386738,23.726730365765043,0.4440374264229978,0.6318875865462121,0,-57.74388841142219
geometry_control,99,53,17,53,1.380055403993674,1074.2111080422312,51.718842704463626,0.3723759864420746,0.6318875865462121,0,-41.5551018819881
geometry_control,99,54,18,53,1.419191841171508,1154.7067301996053,66.56363871898978,0.4874288469168594,0.6318875865462121,0,16.740360892106132
geometry_control,99,55,18,54,1.4201794142353472,1095.524145820496,56.60501555639842,0.5718723740368008,0.6318875865462121,0,-45.864949584570695
geometry_control,99,56,18,59,1.4445125995750396,1260.2646472969961,60.8306989809647,0.5769983400840686,0.6318875865462121,0,-29.804441970052203
geometry_control,99,57,19,48,1.4682900394520144,895.9050546386873,-10.269300003849388,0.349540466877428,0.6318875865462121,0,-31.951574963704626
geometry_control,99,58,19,54,1.4041646998611172,1242.8559829577512,61.7497468272078,0.45346200436093653,0.6318875865462121,0,-59.07478332374106
geometry_control,99,59,19,55,1.3916108903505433,1152.074762844201,15.164102864903581,0.4575866475211029,0.6318875865462121,0,-78.31264362715592
geometry_control,99,60,20,49,1.3691116641820165,944.6191308563785,-9.294768412334397,0.3757783605142949,0.6318875865462121,0,-65.75581584046991
geometry_control,99,61,20,55,1.4583020479008901,1048.052547255351,24.71552150944941,0.44883552291994877,0.6318875865462121,0,-62.832601865663165
geometry_control,99,62,20,56,1.489792017946348,932.8186872306034,60.49716840539678,0.6064470655297803,0.6318875865462121,0,-50.11509183008109
geometry_control,99,63,21,50,1.3925216990724605,1076.5153178957717,9.21291305671644,0.6217489166621903,0.6318875865462121,0,-50.30490740494927
geometry_control,99,64,21,56,1.3950347390893878,1208.6272694721733,30.129245514903104,0.7925900357800241,0.6318875865462121,1,-15.756911045920841
geometry_control,99,65,21,57,1.4497158138714759,1038.4706926418364,46.012542658046215,0.6810786626432582,0.6318875865462121,1,-44.122926358344436
geometry_control,99,66,22,51,1.5100465912950438,603.2536315287347,21.59716510645483,0.5174361282619993,0.6318875865462121,0,-26.080931874014542
geometry_control,99,67,22,57,1.4423877941975165,1204.350244720891,23.92526137947006,0.5388232343290693,0.6318875865462121,0,3.4503679779912417
geometry_control,99,68,22,58,1.3153675920989896,-10.080947948946207,-176.60780387787673,0.4592422367378223,0.6318875865462121,0,-61.33117803424045
geometry_control,99,69,23,52,1.3992547644531308,1223.8827238367442,38.91922991931304,0.5436318769705878,0.6318875865462121,0,-61.12855785040935
geometry_control,99,70,23,58,1.400031666010393,1142.4302630885065,18.843968659987926,0.5270577791515911,0.6318875865462121,0,-52.31277157177847
geometry_control,99,71,23,59,1.4787104272193827,957.7931471716768,12.053420616588282,0.5615399301568738,0.6318875865462121,0,-60.568359201551466
geometry_control,99,72,24,59,1.3988010816067669,1100.21317678492,-11.508487911523687,0.5185210810059317,0.6318875865462121,0,-28.41615450630847
geometry_control,99,73,24,60,1.4343604846189026,1135.4183963184737,30.798188171498612,0.646237339937125,0.6318875865462121,1,-30.034401961317634
geometry_control,99,74,24,65,1.4129397793022083,1161.2609291551746,44.93788803293292,0.6065801323029145,0.6318875865462121,0,-4.081260996689686
geometry_control,99,75,25,54,1.4282346451321806,1107.4801641535953,18.13333560527948,0.5189105140922446,0.6318875865462121,0,-45.88448261463215
geometry_control,99,76,25,60,1.419391306627033,1236.164246770709,20.621842573149063,0.6517527390707056,0.6318875865462121,1,-36.62604526526779
geometry_control,99,77,25,61,1.4581918625480277,1035.485864612191,30.422855444271825,0.597810514270967,0.6318875865462121,0,-42.411404368904385
geometry_control,99,78,26,55,1.3968719546369812,1074.6722790626154,23.854855138781968,0.5590532896915498,0.6318875865462121,0,-59.61094189428737
geometry_control,99,79,26,61,1.4218956578297974,1142.9195902017984,-16.80449913273231,0.6338286467101057,0.6318875865462121,1,-29.699314976433488
geometry_control,99,80,26,62,1.4293905872616626,1058.6142865204283,20.51829950073991,0.6196006049033626,0.6318875865462121,0,-36.211643484742496
geometry_control,99,81,27,56,1.3309348968133548,190.0534147813875,-216.16659984028502,0.6517736073510831,0.6318875865462121,1,-65.14441065641294
geometry_control,99,82,27,62,1.436825422005918,1262.9962681254622,34.3161708460585,0.5547093799530642,0.6318875865462121,0,-92.5215790476113
geometry_control,99,83,27,63,1.366135362112736,906.6360079300306,-28.539045631492137,0.4259871272000116,0.6318875865462121,0,-113.4123885125758
geometry_control,99,84,28,57,1.376512749553962,1070.860473645148,11.91816678571453,0.5268546685174067,0.6318875865462121,0,-33.5775990253951
geometry_control,99,85,28,63,1.438572462243123,1081.7249550651754,56.555082306124746,0.41257956150310104,0.6318875865462121,0,-91.9143485757711
geometry_control,99,86,28,64,1.487440230353101,766.3351152129275,1.370905258398782,0.46415785279924815,0.6318875865462121,0,-63.71227365335544
geometry_control,99,87,29,58,1.4939715799927091,593.8815621805068,-32.013983394378926,0.42529805397497167,0.6318875865462121,0,-51.21851978875996
geometry_control,99,88,29,64,1.3590505937147113,808.9994183007475,-9.282309863068368,0.44218223584806016,0.6318875865462121,0,-105.24470097581067
geometry_control,99,89,29,65,1.5172028048470592,527.943880844421,12.180648471546144,0.5478392562772372,0.6318875865462121,0,-27.379469380528914
geometry_control,99,90,30,65,1.4592105560386663,1125.9553656643484,43.4104815448352,0.6612593795419768,0.6318875865462121,1,-11.728435117276156
geometry_control,99,91,30,66,1.3567931264326132,512.3755090529887,-90.12907548770401,0.5825354520564894,0.6318875865462121,0,-79.50933126738829
geometry_control,99,92,30,71,1.4383860294534674,1167.5974282207849,38.645990460840565,0.6629137701823966,0.6318875865462121,1,-33.42627492940545
geometry_control,99,93,31,60,1.4413627598020127,1163.0230831466504,-4.922401946080374,0.6149227204667955,0.6318875865462121,0,-47.83996932364211
geometry_control,99,94,31,66,1.3947839595936422,982.681939561884,1.971565383294266,0.4965415853470977,0.6318875865462121,0,-66.31300420984316
geometry_control,99,95,31,67,1.364712789600622,892.7902500828127,-40.289555634828886,0.5215709836591159,0.6318875865462121,0,-72.34087053137307
geometry_control,99,96,32,61,1.460482444677104,1008.7490819684953,-1.1251645787852693,0.7999334477555882,0.6318875865462121,1,-13.92745847127236
geometry_control,99,97,32,67,1.435574357374838,1255.1106485137182,23.063888076717788,0.7605239357476472,0.6318875865462121,1,-37.6337843456881
geometry_control,99,98,32,68,1.4125701275924019,1251.710025229517,7.350426750426689,0.7193165268683788,0.6318875865462121,1,-22.186107265059647
geometry_control,99,99,33,62,1.3543602829622987,752.2208163573429,-52.999118412784654,0.61837343766365,0.6318875865462121,0,-34.535085892365224
geometry_control,99,100,33,68,1.4472621315201322,1011.5535726887383,12.722724962974622,0.5519845585831838,0.6318875865462121,0,-29.268066558040978
geometry_control,99,101,33,69,1.4623369474628525,1130.411985699421,44.39667896081252,0.5761441471415596,0.6318875865462121,0,-15.519928640764153
geometry_control,99,102,34,63,1.3609623746578443,590.469105766072,-78.81884238763044,0.4164325505941786,0.6318875865462121,0,-65.43511327704593
geometry_control,99,103,34,69,1.3788940341399767,1060.5536370117195,19.915163033082695,0.5029255128251409,0.6318875865462121,0,-66.41894573578936
geometry_control,99,104,34,70,1.4686334325071677,993.6854046011647,31.73417417678323,0.42967412966283447,0.6318875865462121,0,-71.33264612901255
geometry_control,99,105,35,64,1.3628421712751229,651.6656749163631,-37.30367825152384,0.5762112850739101,0.6318875865462121,0,-68.69520910477527
geometry_control,99,106,35,70,1.4669723386570621,1045.810920624688,31.25017925085908,0.5378745728464188,0.6318875865462121,0,-24.728955530840466
geometry_control,99,107,35,71,1.435501704939438,1259.7962051466857,69.64802762475134,0.683522696143507,0.6318875865462121,1,-12.942222919317143
geometry_control,20,0,0,36,1.4272601312761404,1125.6422778969895,-71.89405879473269,0.6819308053594708,0.6312784011439843,1,-80.06569293392465
geometry_control,20,1,0,41,1.3793805609688585,1115.0126759310517,-59.124351965558375,0.6383317892318493,0.6312784011439843,1,-79.75288059238905
geometry_control,20,2,0,71,1.4121375606033402,1225.251743619501,-88.91572430407268,0.7810754520482209,0.6312784011439843,1,-36.33346769586916
geometry_control,20,3,1,36,1.4450267233765153,1039.5229841434364,-68.47780086677152,0.7260536020799113,0.6312784011439843,1,-1.8313940116702803
geometry_control,20,4,1,37,1.4436903277492175,1317.0328173178546,-52.26798912885477,0.7584237420600926,0.6312784011439843,1,44.24624190865978
geometry_control,20,5,1,66,1.3794269971683102,1143.2875682076658,-80.45749786540519,0.7884192940202321,0.6312784011439843,1,-11.589439326166097
geometry_control,20,6,2,37,1.4317919553624605,1340.0547659496938,-83.79416116320243,0.6375882132561101,0.6312784011439843,1,40.05401619895086
geometry_control,20,7,2,38,1.3777284112849286,846.9539541493348,-77.30611427470396,0.6796239789644976,0.6312784011439843,1,10.354149562738098
geometry_control,20,8,2,67,1.493337448698108,913.0185040580252,-70.68106282917618,0.606677902936068,0.6312784011439843,0,60.674096374065286
geometry_control,20,9,3,38,1.4371274387055495,1322.1185196238848,-30.108032733902473,0.6581799194491514,0.6312784011439843,1,7.082000071265998
geometry_control,20,10,3,39,1.3821886450562697,1242.6933041925586,-63.55705334331228,0.6117888174901036,0.6312784011439843,0,-30.575035421227703
geometry_control,20,11,3,68,1.4839530741782816,902.2049641279189,-20.598793691059743,0.6441895637932418,0.6312784011439843,1,-33.24543557082035
geometry_control,20,12,4,39,1.450338701430025,968.5272763665934,-55.91526013749906,0.573599848180086,0.6312784011439843,0,-39.60836945650215
geometry_control,20,13,4,40,1.3915885438910476,1114.3711276620552,-64.50431995797838,0.5296618008535873,0.6312784011439843,0,-98.99426666511643
geometry_control,20,14,4,69,1.4050879365332645,1145.8429777376102,-93.16311647000042,0.6513800198677944,0.6312784011439843,1,21.713658836617224
geometry_control,20,15,5,40,1.499869822295866,732.9355212593562,-83.07087738950649,0.4999441403920467,0.6312784011439843,0,-75.56938120934267
geometry_control,20,16,5,41,1.4525179927667715,1037.2892496425832,-57.202837567436475,0.4722683678614032,0.6312784011439843,0,-68.4656189627883
geometry_control,20,17,5,70,1.350827889230057,629.5886998187855,-98.58843504813001,0.5252190714110057,0.6312784011439843,0,-25.328984708342343
geometry_control,20,18,6,41,1.3744706699585065,849.5626942689793,-77.44045096693597,0.5993348278849375,0.6312784011439843,0,-112.68751510897465
geometry_control,20,19,6,42,1.4426090634196853,1180.9334222019913,-70.62312414001856,0.5734054991313364,0.6312784011439843,0,-100.74029854700139
geometry_control,20,20,6,47,1.4150946466580918,1237.5526559241448,-62.616315919743094,0.6390198759698886,0.6312784011439843,1,-40.79809961937004
geometry_control,20,21,7,36,1.386392749253066,885.618287529599,-89.38261078669198,0.5416170679434271,0.6312784011439843,0,-58.63363477812079
geometry_control,20,22,7,42,1.346649345535917,451.3167340813709,-140.1290297717378,0.4720887230622045,0.6312784011439843,0,-117.83617829225199
geometry_control,20,23,7,43,1.4157202436205707,1142.4295882550273,-63.11752102886345,0.48437219217010696,0.6312784011439843,0,-64.18552569332738
geometry_control,20,24,8,37,1.4538026701781,1283.233067610836,-43.84196159641861,0.8337105972374191,0.6312784011439843,1,60.32954119430559
geometry_control,20,25,8,43,1.3881583463257978,1044.609381519097,-40.61651841006064,0.7440955814839179,0.6312784011439843,1,7.003266142248048
geometry_control,20,26,8,44,1.4401596807695005,1634.2077956911728,-41.399756533694365,0.9313552652721413,0.6312784011439843,1,42.70645570852393
geometry_control,20,27,9,38,1.3693034469543006,816.9582891343704,-71.28904217998583,0.6563419482984514,0.6312784011439843,1,-68.86220760385395
geometry_control,20,28,9,44,1.399562205248922,1124.6498874507345,-78.03447925869334,0.7119508506247861,0.6312784011439843,1,-52.88992207012947
geometry_control,20,29,9,45,1.4600443538448846,941.4966501275262,-52.40526916780166,0.6243229180108583,0.6312784011439843,0,-30.28539966032721
geometry_control,20,30,10,39,1.4100315209264727,1054.0856395191684,-27.889924731081766,0.5655625096187415,0.6312784011439843,0,-54.665012092571324
geometry_control,20,31,10,45,1.4416388473724464,1161.6892269434657,-31.44511470377906,0.5799345812901964,0.6312784011439843,0,-6.542475729229942
geometry_control,20,32,10,46,1.439490223831727,1069.6405057752654,-60.90955685619945,0.5364417651231366,0.6312784011439843,0,-31.79820236843561
geometry_control,20,33,11,40,1.3949974365362174,994.815485305047,-90.63470645549465,0.49744869364757555,0.6312784011439843,0,-59.21797139422901
geometry_control,20,34,11,46,1.4119982886232738,1215.1960454438638,-58.45693203297914,0.5122659964784693,0.6312784011439843,0,-27.50987073869402
geometry_control,20,35,11,47,1.4605440402467758,1014.9098215435854,-69.77698958301607,0.5094579692018832,0.6312784011439843,0,-4.279637242837069
geometry_control,20,36,12,47,1.4816659691761422,881.4980058809368,-55.80653424810324,0.47043855725293676,0.6312784011439843,0,-58.556858067407674
geometry_control,20,37,12,48,1.4011138622985861,1102.665463317842,-59.41145234110816,0.4139505343532559,0.6312784011439843,0,-108.43055159448569
geometry_control,20,38,12,53,1.392052153757254,1041.5185140078554,-92.89004075939486,0.48326063034986616,0.6312784011439843,0,-16.265102259353515
geometry_control,20,39,13,42,1.3739360121208932,894.7374180795812,-81.76384404196472,0.44730259783249016,0.6312784011439843,0,-127.53531830213812
geometry_control,20,40,13,48,1.4047724513012476,1090.7284121582315,-76.7052940201684,0.4564289517713615,0.6312784011439843,0,-83.03951078814559
geometry_control,20,41,13,49,1.4281866018008533,1121.7418256981548,-70.47751328580303,0.48908772178876325,0.6312784011439843,0,-62.77238701276288
geometry_control,20,42,14,43,1.4844020720213884,988.9049760861981,-62.311154254488685,0.4899740631858801,0.6312784011439843,0,-22.94562685251487
geometry_control,20,43,14,49,1.4219433162773885,1065.6459743977853,-58.42237124916635,0.5194757180342509,0.6312784011439843,0,-1.6977117698903825
geometry_control,20,44,14,50,1.445400318438671,1246.185439205805,-80.71401848209983,0.4704712283951017,0.6312784011439843,0,-7.014844177611373
geometry_control,20,45,15,44,1.4670062928834338,1193.42317521869,-54.97369274632775,0.6212880930263205,0.6312784011439843,0,-1.611646565054837
geometry_control,20,46,15,50,1.3782690745241761,944.3496827710832,-82.84433434885281,0.41452557444731847,0.6312784011439843,0,-38.79757416078228
geometry_control,20,47,15,51,1.4153679141784008,1253.6121356298308,-58.45882816657049,0.5018172372244447,0.6312784011439843,0,-21.01062377299141
geometry_control,20,48,16,45,1.4574379752827364,1126.9740999694764,-71.86706461455147,0.5452768319238694,0.6312784011439843,0,11.701959957656324
geometry_control,20,49,16,51,1.4441702989367102,1232.4826376765561,-48.66028357715621,0.5134339087359217,0.6312784011439843,0,8.350718071158841
geometry_control,20,50,16,52,1.3905866176737438,1011.4048210095993,-74.69240434570855,0.4441064178958468,0.6312784011439843,0,-27.52753593527551
geometry_control,20,51,17,46,1.4743964569341839,957.9788737644143,-71.99954182223134,0.5834107683071015,0.6312784011439843,0,-7.626486933806358
geometry_control,20,52,17,52,1.4176850051998708,1228.7232843042789,-84.01408160944655,0.5257331704461388,0.6312784011439843,0,7.118816705901754
geometry_control,20,53,17,53,1.3515001900725525,604.6042989646674,-118.33798045511018,0.593424814127445,0.6312784011439843,0,6.713571191331827
geometry_control,20,54,18,53,1.389162286845082,917.9804546720502,-61.70434467929946,0.6306148482744951,0.6312784011439843,0,6.0090849831448985
geometry_control,20,55,18,54,1.399803128845673,1077.266347091707,-83.61972228648845,0.6663669673776118,0.6312784011439843,1,8.949923518170134
geometry_control,20,56,18,59,1.4200717133915812,1149.660023642019,-80.57688797887275,0.6191462874125259,0.6312784011439843,0,9.74160806219798
geometry_control,20,57,19,48,1.472371820213334,923.0393942512261,-68.55411539577116,0.478826663158326,0.6312784011439843,0,-51.23674829901486
geometry_control,20,58,19,54,1.4616454935583776,1172.8210699261754,-35.78670867048508,0.5838888782580529,0.6312784011439843,0,-18.52826434785274
geometry_control,20,59,19,55,1.3635515708083792,712.9748317638891,-67.03901380000451,0.47027571490482273,0.6312784011439843,0,-30.071374061036934
geometry_control,20,60,20,49,1.4073228682591175,1175.591513338613,-94.2752534630399,0.43582178449712755,0.6312784011439843,0,-72.58256561642104
geometry_control,20,61,20,55,1.3863916610802636,947.1277332134588,-92.19604155478417,0.39461206622622247,0.6312784011439843,0,-88.81605610486635
geometry_control,20,62,20,56,1.4314904018857733,1193.7216129833182,-58.60172404559196,0.4252206911464228,0.6312784011439843,0,-79.32849533911197
geometry_control,20,63,21,50,1.4657229135705323,1140.1870340155504,-92.30886640704173,0.4739280928130723,0.6312784011439843,0,-31.36828880855191
geometry_control,20,64,21,56,1.4059172675575764,1210.1872369993546,-71.98272441526152,0.5123314891015167,0.6312784011439843,0,-68.49010526861423
geometry_control,20,65,21,57,1.3936251592727273,1037.889928191827,-77.82351901197765,0.5801546769198962,0.6312784011439843,0,-71.02709811331064
geometry_control,20,66,22,51,1.5052072761152144,932.6153713874571,-81.3256459800198,0.47775994087930174,0.6312784011439843,0,-14.964589005742566
geometry_control,20,67,22,57,1.4473606967411607,1095.4800024675255,-70.70510788451084,0.4966948622089994,0.6312784011439843,0,-34.68462960320747
geometry_control,20,68,22,58,1.2994879373050297,-674.7488388480166,-355.5945151013409,0.4739697212233127,0.6312784011439843,0,-53.78751223580518
geometry_control,20,69,23,52,1.4545311517318689,1147.387441153699,-82.32682454657039,0.4935429274950579,0.6312784011439843,0,-7.616631246744721
geometry_control,20,70,23,58,1.4465094250986659,981.5559196596524,-99.07592454874559,0.5590801986791436,0.6312784011439843,0,1.0302936401257412
geometry_control,20,71,23,59,1.4360431088312544,1142.142844361618,-81.81315367292869,0.5497660103143949,0.6312784011439843,0,-38.532224455481675
geometry_control,20,72,24,59,1.4763003501013354,892.9655106772003,-80.64342414025721,0.4520250911697392,0.6312784011439843,0,-32.994793287589395
geometry_control,20,73,24,60,1.3499584875616006,647.9083628676578,-93.25011282623507,0.5230783229224915,0.6312784011439843,0,-26.29343392261736
geometry_control,20,74,24,65,1.4498066235136442,1056.0527930589894,-54.29849204618946,0.3959723859075155,0.6312784011439843,0,-34.30343197706594
geometry_control,20,75,25,54,1.4495882432617566,1159.5305246059133,-52.02186414368177,0.5422105243013222,0.6312784011439843,0,-9.125630059456707
geometry_control,20,76,25,60,1.4461111321203888,1134.049011287786,-73.22152530125624,0.5660430760889885,0.6312784011439843,0,8.563499403371726
geometry_control,20,77,25,61,1.39768012510088,1127.9198843037543,-55.760223117947874,0.4584685884061598,0.6312784011439843,0,7.6302391296915495
geometry_control,20,78,26,55,1.3932737239050235,950.6068725735441,-99.47451950555454,0.41553297238995096,0.6312784011439843,0,-27.803278919284818
geometry_control,20,79,26,61,1.519936737897425,308.01303956720284,-111.86813264489581,0.4454041998480188,0.6312784011439843,0,-33.84422141265297
geometry_control,20,80,26,62,1.3840744233908644,1081.280371591549,-72.25663326816948,0.49826789132732213,0.6312784011439843,0,-111.45579138818948
geometry_control,20,81,27,56,1.384727302161654,1088.056166045726,-80.71395950223683,0.41482753161277247,0.6312784011439843,0,-106.0061065581206
geometry_control,20,82,27,62,1.4492843682772458,1355.8574095685249,-89.31716058446953,0.46695382562994336,0.6312784011439843,0,-81.24473272763868
geometry_control,20,83,27,63,1.322545042012971,10.983454071398668,-161.9331550010514,0.5388231718047782,0.6312784011439843,0,-135.0896775278429
geometry_control,20,84,28,57,1.473325347120256,1231.294147402407,-76.27011789882583,0.5128766956483339,0.6312784011439843,0,-58.89020759993963
geometry_control,20,85,28,63,1.4228230206909196,1431.943657518294,-72.6868230386064,0.5690491480219602,0.6312784011439843,0,-110.98881443717626
geometry_control,20,86,28,64,1.3435284330709907,518.4318100778573,-124.72048547766252,0.4398071537301791,0.6312784011439843,0,-75.5283677330546
geometry_control,20,87,29,58,1.4428773209088557,1543.441939183716,-68.27333537492588,0.5957860562074695,0.6312784011439843,0,-10.413272675061645
geometry_control,20,88,29,64,1.4316263847122916,1168.6625566681873,-37.86082802839472,0.5454416552750014,0.6312784011439843,0,-28.628659139243425
geometry_control,20,89,29,65,1.3965714723442864,1194.2359527783135,-63.178309650746,0.530419162580497,0.6312784011439843,0,-51.24029433982001
geometry_control,20,90,30,65,1.4138828456100274,1291.9839640535051,-38.13100826476141,0.5475515590832223,0.6312784011439843,0,-44.60886934126388
geometry_control,20,91,30,66,1.4056486968432185,1122.4134201239056,-67.22545157070282,0.668530412093477,0.6312784011439843,1,-21.48933051368148
geometry_control,20,92,30,71,1.4363363995668261,1178.009729818796,-100.03187267289829,0.7053093668419064,0.6312784011439843,1,-23.270835294472572
geometry_control,20,93,31,60,1.4603833153671382,1001.0012826061876,-35.58244371487505,0.5310312685879084,0.6312784011439843,0,18.79636233996293
geometry_control,20,94,31,66,1.4868916088105226,760.6319565606113,-69.82820657737334,0.524904184583187,0.6312784011439843,0,-18.624828521531867
geometry_control,20,95,31,67,1.392660360963325,1061.3635438298566,-73.74534775403858,0.4639983223030053,0.6312784011439843,0,7.626803754489362
geometry_control,20,96,32,61,1.4532113505353323,1236.3939870002541,-56.73942145708768,0.6104016549865351,0.6312784011439843,0,73.41670145029515
geometry_control,20,97,32,67,1.474130816983689,897.5751171431621,-92.08335780697895,0.6509431963844607,0.6312784011439843,1,91.6546450180588
geometry_control,20,98,32,68,1.426315517219004,1173.3864122948864,-44.51497085189213,0.7098989167569807,0.6312784011439843,1,22.374199075720785
geometry_control,20,99,33,62,1.4724438091439795,1072.6428359188756,-34.996136701608016,0.7802398829209249,0.6312784011439843,1,90.48816071964144
geometry_control,20,100,33,68,1.3786202263966547,957.2781405302144,-67.01041008616649,0.8268734532120672,0.6312784011439843,1,19.659941795205167
geometry_control,20,101,33,69,1.4961273207989454,949.3229891382236,-74.74114878489613,0.8722528785966374,0.6312784011439843,1,127.81759687443427
geometry_control,20,102,34,63,1.5040978475752855,669.0533225427691,-99.69125169865403,0.6043303719330609,0.6312784011439843,0,-44.034077285901084
geometry_control,20,103,34,69,1.4891694333419965,820.7586038935048,-87.63554856303004,0.6244740214339385,0.6312784011439843,0,54.51314202661702
geometry_control,20,104,34,70,1.3947236898514626,930.2693423136326,-89.24143746970884,0.5280307334386902,0.6312784011439843,0,5.603464267636799
geometry_control,20,105,35,64,1.4672970427720102,827.4361677571429,-57.542577954461585,0.5116268722422985,0.6312784011439843,0,-17.07302368447526
geometry_control,20,106,35,70,1.4715779301356502,934.7971812671874,-73.03525879956577,0.5645692280397088,0.6312784011439843,0,-8.898769479051005
geometry_control,20,107,35,71,1.4039679464429167,1070.7118622223704,-76.78589828925472,0.654362187306478,0.6312784011439843,1,-38.82030038430086
geometry_control,6,0,0,36,1.512807542241714,-256.2016586006752,-94.3205945723181,0.6801796477212503,0.6247647925284906,1,-77.22586710292458
geometry_control,6,1,0,41,1.3980260636793633,733.2810289553794,41.12988053165215,0.49776976264478073,0.6247647925284906,0,-41.50658083010293
geometry_control,6,2,0,71,1.4479451898230502,484.87072084168517,26.86918440739529,0.5113778044906935,0.6247647925284906,0,-36.46270493145867
geometry_control,6,3,1,36,1.3368541909021847,-93.70965018352706,-70.89136155766292,0.7643271482880074,0.6247647925284906,1,-106.93461681267675
geometry_control,6,4,1,37,1.4676871675821794,446.09412015764207,5.373773462562209,0.7676855936348042,0.6247647925284906,1,21.757729028040316
geometry_control,6,5,1,66,1.4895188235436283,407.79946652298406,-1.6675941690679625,0.623136838791486,0.6247647925284906,0,59.038350104753036
geometry_control,6,6,2,37,1.407602352404,824.8432569137605,52.12568843077288,0.7623770487508272,0.6247647925284906,1,4.639704131060469
geometry_control,6,7,2,38,1.4089936063053474,804.5398901563639,31.156423678691468,0.6196553575930001,0.6247647925284906,0,-51.60817156148204
geometry_control,6,8,2,67,1.409097238737353,977.7323514345298,54.897524348773814,0.6692467332324923,0.6247647925284906,1,-41.563544595731656
geometry_control,6,9,3,38,1.31106449947521,-540.2987049725883,-82.78239534746096,0.44148316749041794,0.6247647925284906,0,-151.83223573052794
geometry_control,6,10,3,39,1.3988345383515939,836.1464332239478,12.779937179747131,0.45651903488469225,0.6247647925284906,0,-58.318626398634066
geometry_control,6,11,3,68,1.456379939488702,512.8944715415444,22.957046099996504,0.4953766804831863,0.6247647925284906,0,-93.45792204188307
geometry_control,6,12,4,39,1.4304908949047501,995.3038669162835,44.55803610476242,0.6145395659075764,0.6247647925284906,0,-2.769007316080007
geometry_control,6,13,4,40,1.4573602841247348,824.2281057087254,25.39114645060568,0.6063025234632196,0.6247647925284906,0,26.614875745956425
geometry_control,6,14,4,69,1.4426351545184186,714.0036044150611,16.255849989954882,0.607078004730027,0.6247647925284906,0,27.337150465658326
geometry_control,6,15,5,40,1.482806270524472,439.69943101205564,5.069174875339775,0.45404871604724806,0.6247647925284906,0,9.636719502274289
geometry_control,6,16,5,41,1.4683657022481278,573.1015191918025,54.193699152310984,0.40420325183189143,0.6247647925284906,0,-42.42461720129482
geometry_control,6,17,5,70,1.3400064190985024,102.56486402668519,17.595036312731857,0.40674683610078627,0.6247647925284906,0,-83.21072039348753
geometry_control,6,18,6,41,1.408039849738852,494.15275467915086,-1.7755804627414205,0.5461960320818595,0.6247647925284906,0,-32.836516218067274
geometry_control,6,19,6,42,1.4418386972901165,722.88346626357,35.328667253885726,0.6314248085593218,0.6247647925284906,1,-18.84869604175732
geometry_control,6,20,6,47,1.4532042562822578,654.5872055161647,22.017873874372622,0.6217264924588779,0.6247647925284906,0,15.373208240844733
geometry_control,6,21,7,36,1.3503225166810224,252.82215227983974,-63.005620653630714,0.6758618160064294,0.6247647925284906,1,-134.46587265363962
geometry_control,6,22,7,42,1.3891898076777023,669.8263672533759,-54.145294568525514,0.5786807074074221,0.6247647925284906,0,-93.69499596502915
geometry_control,6,23,7,43,1.486197240791876,462.9397823873528,14.472709206718754,0.5820001398291827,0.6247647925284906,0,-58.03993395863499
geometry_control,6,24,8,37,1.4356560500869449,805.1063334746575,30.046232235894497,0.6422847689188105,0.6247647925284906,1,-61.3979594351359
geometry_control,6,25,8,43,1.4660196517225863,660.4199166390712,-14.97270007001678,0.5450646473947671,0.6247647925284906,0,-64.94848429846598
geometry_control,6,26,8,44,1.397948557628855,721.3879349687038,9.034037012388467,0.5249856059099538,0.6247647925284906,0,-79.13522907683969
geometry_control,6,27,9,38,1.4829563837218505,478.9596310696147,34.324758652404405,0.563608250702468,0.6247647925284906,0,-57.28703701971712
geometry_control,6,28,9,44,1.4359840414582226,792.7116590349145,18.729482741282727,0.5890307788514384,0.6247647925284906,0,-23.238413088829585
geometry_control,6,29,9,45,1.4758068530559516,801.6493179225904,-1.475447847334093,0.6057083154512906,0.6247647925284906,0,-50.892740397948884
geometry_control,6,30,10,39,1.4787917995816042,759.5788388734167,33.03597914017116,0.641008289960918,0.6247647925284906,1,-15.621921805513217
geometry_control,6,31,10,45,1.4008792418464744,809.5370280059533,-7.684596848894148,0.6680724873154662,0.6247647925284906,1,-59.021170830054785
geometry_control,6,32,10,46,1.4882454706764272,556.0280638258052,69.5866124288877,0.588209604995859,0.6247647925284906,0,-16.47555860597207
geometry_control,6,33,11,40,1.4605736530922442,713.2586949668214,32.06444725648225,0.4798156523918895,0.6247647925284906,0,9.20266120158287
geometry_control,6,34,11,46,1.3873164073563882,648.1061033396802,67.49486059449714,0.43525400987118745,0.6247647925284906,0,-4.841081595803743
geometry_control,6,35,11,47,1.4436925964536929,783.9306589528196,0.8866854146396992,0.5055006485535511,0.6247647925284906,0,7.4975591074328065
geometry_control,6,36,12,47,1.480112320283898,599.6917391713025,13.269789225705049,0.6226763477588348,0.6247647925284906,0,24.51878745321477
geometry_control,6,37,12,48,1.4812090871162047,784.2550592045624,38.88799145567418,0.5991694268119006,0.6247647925284906,0,-5.737026014818007
geometry_control,6,38,12,53,1.3194153794071812,-568.0670193697448,-86.86939187079092,0.5068055555421289,0.6247647925284906,0,-36.08033800178599
geometry_control,6,39,13,42,1.397917782024214,1001.5096772887766,18.145841451750677,0.7140382237777989,0.6247647925284906,1,-73.03617210492192
geometry_control,6,40,13,48,1.4715083994397427,646.2225431165698,3.1263950634203184,0.6808329867304206,0.6247647925284906,1,-35.14972963496194
geometry_control,6,41,13,49,1.4419089529102878,712.3443846482569,62.14951691634346,0.893496880214693,0.6247647925284906,1,-20.98544627040308
geometry_control,6,42,14,43,1.4265695169861161,721.2679775881014,-1.1025178092690588,0.49342995995256905,0.6247647925284906,0,-43.12700708559188
geometry_control,6,43,14,49,1.3207089036908124,-434.7137483222418,8.189862691784047,0.6695691839677025,0.6247647925284906,1,-72.26012070353619
geometry_control,6,44,14,50,1.4578976812396982,601.8560603092259,5.908910281428828,0.7885864581749094,0.6247647925284906,1,1.1400268213268063
geometry_control,6,45,15,44,1.3602829853449783,308.2441037058094,-7.148077176526959,0.501503712010896,0.6247647925284906,0,-46.15444635870242
geometry_control,6,46,15,50,1.4756196545175349,727.4604572716222,31.287184014709908,0.8167392517180496,0.6247647925284906,1,25.888064124210686
geometry_control,6,47,15,51,1.4377228773527535,923.4222074689098,37.449800988856374,0.4844554382396267,0.6247647925284906,0,-25.528572094897715
geometry_control,6,48,16,45,1.4223240971496969,714.5571338403632,51.734236439347164,0.473800760693603,0.6247647925284906,0,-66.92721776721568
geometry_control,6,49,16,51,1.415942312609071,845.357291310442,16.95863331421399,0.4400749503224815,0.6247647925284906,0,-74.7195361347267
geometry_control,6,50,16,52,1.344274885526911,69.85162216648311,55.243096939467875,0.39603066236973594,0.6247647925284906,0,-84.87670816271446
geometry_control,6,51,17,46,1.450833774634021,1006.5934268276409,39.017275569005065,0.480126805934824,0.6247647925284906,0,-39.702981114701
geometry_control,6,52,17,52,1.39512949257262,856.938411896372,41.834858958828086,0.48221958993056413,0.6247647925284906,0,-87.80020291006714
geometry_control,6,53,17,53,1.4224028063041598,714.601468224737,-6.189350585492908,0.4345026524004818,0.6247647925284906,0,-37.82629581122685
geometry_control,6,54,18,53,1.435024321415325,763.041024059651,13.763601597929641,0.4554180202298068,0.6247647925284906,0,-1.635007003171708
geometry_control,6,55,18,54,1.4238616492936855,821.0533677840799,24.240913754552558,0.6105366237619021,0.6247647925284906,0,-66.67451583502854
geometry_control,6,56,18,59,1.463673126969416,640.7662435263716,15.273948448078855,0.48158242628006986,0.6247647925284906,0,-56.405152830969215
geometry_control,6,57,19,48,1.4336382420139828,896.8715027942125,25.023920026222555,0.5413354595782847,0.6247647925284906,0,-50.546832674633585
geometry_control,6,58,19,54,1.4065661168710433,719.8676142988937,51.16119549859859,0.6040901918406083,0.6247647925284906,0,-104.28165475961491
geometry_control,6,59,19,55,1.3768596462504485,515.1441014859658,37.56814419976065,0.4931048633058477,0.6247647925284906,0,-119.89528587797419
geometry_control,6,60,20,49,1.4270843638198272,1038.693688927971,44.204206375037465,0.7670571217559641,0.6247647925284906,1,-58.24432092902021
geometry_control,6,61,20,55,1.3812144462363012,636.9243695876023,29.723294808108196,0.5061626319992548,0.6247647925284906,0,-103.73105542211233
geometry_control,6,62,20,56,1.3978858485772656,808.783072739383,55.88905569977596,0.5393599897150203,0.6247647925284906,0,-67.38425762848561
geometry_control,6,63,21,50,1.397960504732151,952.7557346577063,16.03921846611956,0.8474986942799985,0.6247647925284906,1,31.626804648516867
geometry_control,6,64,21,56,1.4816590616098297,530.0896536203685,-13.933286520726593,0.5007842880318478,0.6247647925284906,0,38.839407014522735
geometry_control,6,65,21,57,1.4799537482967047,777.8627669984462,-26.617799739587362,0.47274411594134647,0.6247647925284906,0,10.164599366451874
geometry_control,6,66,22,51,1.4442117896862225,741.4584351847737,33.622918366702784,0.46121029662189705,0.6247647925284906,0,-38.71718480106389
geometry_control,6,67,22,57,1.4664342599864268,721.4186889222387,17.729205887102907,0.418739531761668,0.6247647925284906,0,-18.879980900637452
geometry_control,6,68,22,58,1.3690656837708408,473.39646535025025,11.457783942849353,0.4258810620595478,0.6247647925284906,0,-46.31694266925933
geometry_control,6,69,23,52,1.4912279101071433,423.13227829763946,36.66547017025387,0.43217590787231724,0.6247647925284906,0,-75.87823020700486
geometry_control,6,70,23,58,1.4542985560525066,821.9714147270487,24.904646668867386,0.44089096126271354,0.6247647925284906,0,-32.49271818343495
geometry_control,6,71,23,59,1.3809159875494637,571.0115668998727,52.466416687472176,0.410623376392498,0.6247647925284906,0,-79.23351227078692
geometry_control,6,72,24,59,1.3861870292596297,616.2960842383745,5.210414165931085,0.39412835989508666,0.6247647925284906,0,-93.79508513199946
geometry_control,6,73,24,60,1.4111920707668226,1006.8702191691588,58.34926324033722,0.5279030323553398,0.6247647925284906,0,-63.26731903947221
geometry_control,6,74,24,65,1.4859828262842856,729.4461056388369,10.414873227919477,0.5070853544367571,0.6247647925284906,0,-65.22953211563767
geometry_control,6,75,25,54,1.3674406621726005,526.0956691288001,20.94038906316263,0.5819769283167303,0.6247647925284906,0,-122.5922107946267
geometry_control,6,76,25,60,1.466955238260029,465.6002273680235,7.982480488061192,0.5867974032951511,0.6247647925284906,0,-99.37162460269542
geometry_control,6,77,25,61,1.3262199524890337,-388.51227312269646,7.931748968328919,0.5247649101951294,0.6247647925284906,0,-171.83819206267458
geometry_control,6,78,26,55,1.494487326181354,265.99655970040067,2.380001296881283,0.4015203552774932,0.6247647925284906,0,-181.15729871788375
geometry_control,6,79,26,61,1.3934355123710542,718.4300737724627,11.576986961257745,0.4552936656906529,0.6247647925284906,0,-135.79041267892399
geometry_control,6,80,26,62,1.3651163352946603,376.7486539184517,0.7785353421628921,0.4634641635606087,0.6247647925284906,0,-10.641957326895508
geometry_control,6,81,27,56,1.4510156660016351,986.8610406287701,-2.2436273781989735,0.5365804920575284,0.6247647925284906,0,-4.841584779394161
geometry_control,6,82,27,62,1.388233981835233,564.1147053807254,14.924954518068606,0.5653269426248784,0.6247647925284906,0,-64.0532539453484
geometry_control,6,83,27,63,1.4763194850363341,448.1813015342878,-25.976910534356588,0.49464165126389015,0.6247647925284906,0,-31.13168111995139
geometry_control,6,84,28,57,1.4275298437884563,1080.2231874743054,25.81346146702054,0.8581536011082376,0.6247647925284906,1,54.77466172381516
geometry_control,6,85,28,63,1.4137767677796482,753.9769011887436,27.24085821423866,0.8442549324051005,0.6247647925284906,1,25.3770840351702
geometry_control,6,86,28,64,1.4522954268323225,647.2950157692477,69.64180825913402,0.8779873879438924,0.6247647925284906,1,57.624065638674
geometry_control,6,87,29,58,1.4491530559997359,856.7360059951897,8.331008191475524,0.46863005076817477,0.6247647925284906,0,-34.411851729113174
geometry_control,6,88,29,64,1.4323299101795677,837.1625431209051,23.112879276054063,0.4813223073059499,0.6247647925284906,0,-29.669190272288112
geometry_control,6,89,29,65,1.410226190605933,773.1216251126207,7.528836785036149,0.5513194604396296,0.6247647925284906,0,-45.41359979992579
geometry_control,6,90,30,65,1.372758835880856,600.8085610000235,-19.164565719421464,0.5329537391553922,0.6247647925284906,0,-77.74467352615257
geometry_control,6,91,30,66,1.4596316717278746,672.7943463953821,-1.3351986806062008,0.47539224598309443,0.6247647925284906,0,-40.51523753507916
geometry_control,6,92,30,71,1.4217443437784136,684.3724004381935,12.257632140658767,0.44778071224905913,0.6247647925284906,0,-83.18168711744096
geometry_control,6,93,31,60,1.4280590410291127,847.5490145420698,39.03303035075672,0.580646811091661,0.6247647925284906,0,-5.099026006698033
geometry_control,6,94,31,66,1.425701598520152,838.7871073445514,26.690586607279855,0.5022676400007806,0.6247647925284906,0,1.3033295332574966
geometry_control,6,95,31,67,1.4275913768320054,699.3016751575121,48.274932720034876,0.5536860793257639,0.6247647925284906,0,0.32677747140162694
geometry_control,6,96,32,61,1.4625617539369167,634.3239431863183,-1.6190876256978322,0.5176253918809508,0.6247647925284906,0,-134.80938842577748
geometry_control,6,97,32,67,1.4400982265498263,815.62767379868,23.939603508821794,0.5526971532150754,0.6247647925284906,0,-97.44546226551273
geometry_control,6,98,32,68,1.339894564477318,-120.98292874536065,-9.329399921633952,0.5569992905683516,0.6247647925284906,0,-140.0551505116659
geometry_control,6,99,33,62,1.4327602065267253,761.1247264973075,17.60112543409094,0.6200197311644773,0.6247647925284906,0,-52.06500841460416
geometry_control,6,100,33,68,1.4166469526286936,873.9347833196986,53.64673126628271,0.6512231319819224,0.6247647925284906,1,-99.92884921028016
geometry_control,6,101,33,69,1.4893149490167876,383.02856530705327,29.65547494182725,0.6049039252058789,0.6247647925284906,0,-29.056147531052332
geometry_control,6,102,34,63,1.4164759061844763,870.6659204211877,30.757757613417624,0.4328491870188189,0.6247647925284906,0,-57.874135562149
geometry_control,6,103,34,69,1.4474526207256062,749.8364272543629,10.010522804191368,0.4884186724212088,0.6247647925284906,0,-7.307368810887809
geometry_control,6,104,34,70,1.4614241382681945,710.6084503593935,10.689334095679188,0.4403413112079395,0.6247647925284906,0,-44.254282878053296
geometry_control,6,105,35,64,1.483597669879744,486.1206222879838,12.325980566295996,0.6338015556738685,0.6247647925284906,1,-33.16274062322699
geometry_control,6,106,35,70,1.4268039629928706,822.3907634313291,52.19444242451439,0.6075612243241972,0.6247647925284906,0,-64.20806518720968
geometry_control,6,107,35,71,1.3990196091017715,861.0326517353498,28.39970767188432,0.6186256819012151,0.6247647925284906,0,-69.8636880142974
geometry_control,203,0,0,36,1.4139393697617595,891.3044817973534,-4.265890389263673,0.521441268963323,0.6240620682138445,0,-51.37998025351267
geometry_control,203,1,0,41,1.3931206645434526,948.8012164229418,-14.532435569154732,0.47221560224332965,0.6240620682138445,0,-81.445828843388
geometry_control,203,2,0,71,1.4166507112839335,1091.7850321483536,-16.98265974127857,0.42371949483317617,0.6240620682138445,0,-20.230706069848253
geometry_control,203,3,1,36,1.451875188827167,858.5145080953671,-4.668210205399648,0.4884371079355764,0.6240620682138445,0,-44.437597834770756
geometry_control,203,4,1,37,1.3941923625063835,876.0938621631542,-31.0697108763056,0.43416415269162645,0.6240620682138445,0,-84.76986750187777
geometry_control,203,5,1,66,1.4784040646223675,778.0618902419145,37.73284956469834,0.46641505050264864,0.6240620682138445,0,-20.221814193289585
geometry_control,203,6,2,37,1.3754129235854633,788.098382879661,8.201450564857195,0.45726148046848614,0.6240620682138445,0,-103.38661596501296
geometry_control,203,7,2,38,1.4637738422214768,1028.307543711092,-8.52859088750997,0.44389134878562203,0.6240620682138445,0,-105.20485583323095
geometry_control,203,8,2,67,1.4182934286246207,1146.7259999845744,-15.028006143626031,0.5503056270033946,0.6240620682138445,0,-43.53300003710277
geometry_control,203,9,3,38,1.3725457553870497,800.8010127675198,-12.861382530511667,0.4748726988209534,0.6240620682138445,0,-95.14149520738619
geometry_control,203,10,3,39,1.4352767031212048,813.439213379288,-10.305316842752571,0.6238528022643037,0.6240620682138445,0,-19.39990036008913
geometry_control,203,11,3,68,1.3829347220792416,945.6599071627858,-44.138933348405,0.518598958751777,0.6240620682138445,0,-51.90100028646212
geometry_control,203,12,4,39,1.4350305675399686,949.0921404982058,-27.445552601500662,0.6600780494564873,0.6240620682138445,1,8.48029715841858
geometry_control,203,13,4,40,1.4624681734234721,1025.6634046099769,-23.083562582406582,0.5377760394998654,0.6240620682138445,0,6.372603369022158
geometry_control,203,14,4,69,1.4527147089291867,1172.9642881503778,-9.490502506462875,0.5599980870334145,0.6240620682138445,0,2.3585807269711196
geometry_control,203,15,5,40,1.3890231646544415,823.7024019269109,-29.166286567669204,0.48905866515607443,0.6240620682138445,0,-40.64583427471587
geometry_control,203,16,5,41,1.396600024249873,954.7382509550357,-51.37964238089216,0.48079799187616656,0.6240620682138445,0,-47.04890585434108
geometry_control,203,17,5,70,1.4569002447474881,933.9235468622984,-29.019386601135178,0.5254203599115181,0.6240620682138445,0,-17.487618566970582
geometry_control,203,18,6,41,1.4332414859939746,1001.345366178832,-47.71077095631225,0.6158220180711447,0.6240620682138445,0,-57.97138635808098
geometry_control,203,19,6,42,1.391157577586656,1077.934212687681,-28.54590388989202,0.7717741650612204,0.6240620682138445,1,-50.83182601660735
geometry_control,203,20,6,47,1.430196133340986,1177.61127414654,-41.03651781704929,0.7621371220553059,0.6240620682138445,1,1.999187047048757
geometry_control,203,21,7,36,1.4026233507270818,1095.5975340375774,7.58980531818259,0.5601170934664859,0.6240620682138445,0,-73.93568175927801
geometry_control,203,22,7,42,1.4382060073696628,1005.4030697283764,-13.676647828376455,0.6668435737365681,0.6240620682138445,1,-76.77094647861118
geometry_control,203,23,7,43,1.4177250681488023,955.5914665661594,-0.7579823868125307,0.6411627965633167,0.6240620682138445,1,-50.25629068576723
geometry_control,203,24,8,37,1.506333426964476,396.67860365896223,-12.894392273097797,0.4765123407315293,0.6240620682138445,0,-71.05583516476597
geometry_control,203,25,8,43,1.4057245601636486,1076.2825155690825,-24.171576938173594,0.6118309990723101,0.6240620682138445,0,14.937874670640454
geometry_control,203,26,8,44,1.4437413775934504,1222.0509575434266,-44.37164781703309,0.5249417818464865,0.6240620682138445,0,-7.21305037322356
geometry_control,203,27,9,38,1.3881322148271469,883.4861829828354,-24.978070040767708,0.394955339868973,0.6240620682138445,0,-63.10708195498917
geometry_control,203,28,9,44,1.4018171800972192,890.2918223584345,-23.378940882202198,0.45675491266679447,0.6240620682138445,0,-40.13708534787777
geometry_control,203,29,9,45,1.4138695690077545,1037.1006479919802,-5.242627422314121,0.4357964183830492,0.6240620682138445,0,-47.665958081720696
geometry_control,203,30,10,39,1.4300508094238935,1235.57699628535,-9.507079637948415,0.5844122858611908,0.6240620682138445,0,-11.629875559429735
geometry_control,203,31,10,45,1.4394065109802423,980.0869939629141,-23.45832245891286,0.4762732609319166,0.6240620682138445,0,-32.86298140217294
geometry_control,203,32,10,46,1.4406600715260156,958.337429165698,33.948244178227576,0.5733577487851219,0.6240620682138445,0,20.161932676682994
geometry_control,203,33,11,40,1.495849199003342,564.6158055610497,-23.799122136933832,0.5643624355228336,0.6240620682138445,0,-11.005711788203346
geometry_control,203,34,11,46,1.4415030636596076,894.989941528469,-6.035161891600415,0.6756099084033866,0.6240620682138445,1,36.13768110816213
geometry_control,203,35,11,47,1.3815737983683152,1012.2513853094719,-21.935898026071833,0.702416866227087,0.6240620682138445,1,-35.042771402849894
geometry_control,203,36,12,47,1.4964173427155596,514.4724118948585,-10.829892762906683,0.5213643219698987,0.6240620682138445,0,-60.51294248751762
geometry_control,203,37,12,48,1.4367205516597172,893.8756324331982,-2.391614877660266,0.5357786403200508,0.6240620682138445,0,-64.43368443355557
geometry_control,203,38,12,53,1.3745727221481323,766.2033802120646,-6.1708165809715165,0.40131647438942786,0.6240620682138445,0,-67.24415044689039
geometry_control,203,39,13,42,1.341561772302425,96.61471963844647,-89.60209201508218,0.5830267887816283,0.6240620682138445,0,-136.43962259113897
geometry_control,203,40,13,48,1.3215882077570944,-404.39257230296687,-63.819866076834764,0.587804064125866,0.6240620682138445,0,-102.1432155014362
geometry_control,203,41,13,49,1.4201359343488975,913.8755807125973,-60.491008532389266,0.448724646468546,0.6240620682138445,0,-100.96197014948422
geometry_control,203,42,14,43,1.3883538723918916,827.9507835724868,20.525243643806792,0.7447046866417587,0.6240620682138445,1,-33.42395047937814
geometry_control,203,43,14,49,1.4213175998603595,1075.2379536736357,-19.952929377085585,0.6360833215019277,0.6240620682138445,1,-44.49919548533365
geometry_control,203,44,14,50,1.4468311081428409,1261.6709052104272,-44.76519406616856,0.6707002484305187,0.6240620682138445,1,-27.899713500478303
geometry_control,203,45,15,44,1.4470962679211528,1008.905658378834,-28.743916202679635,0.5197914665913801,0.6240620682138445,0,-45.430056097690525
geometry_control,203,46,15,50,1.4460314145565758,964.0076187862774,-30.583351536940153,0.5326762456059636,0.6240620682138445,0,-58.60962907406436
geometry_control,203,47,15,51,1.3892162801090473,843.860882059639,-40.203962194171446,0.4513845008030106,0.6240620682138445,0,-50.632012967850116
geometry_control,203,48,16,45,1.4473483852473683,914.100317713972,-24.99054718323394,0.4763161497938687,0.6240620682138445,0,-56.67985372489729
geometry_control,203,49,16,51,1.3842220842977415,800.9973178008802,-12.406536547544718,0.4288676782892445,0.6240620682138445,0,-54.53759612193081
geometry_control,203,50,16,52,1.43614012047294,947.3796142325256,-27.809513783480252,0.4786835224789264,0.6240620682138445,0,-38.5754008743687
geometry_control,203,51,17,46,1.4051845153026996,1063.9378134447895,27.96018804827506,0.8861871947724593,0.6240620682138445,1,46.95399126209509
geometry_control,203,52,17,52,1.4989167232624225,479.61045665916265,-24.36021822893506,0.7914700796043117,0.6240620682138445,1,-1.4949038707456879
geometry_control,203,53,17,53,1.4500418392100236,1232.6385352255988,-8.319805466398677,0.7929463050156889,0.6240620682138445,1,24.230430730431095
geometry_control,203,54,18,53,1.5227448556343297,188.1386102295064,4.426549562046316,0.50919139019247,0.6240620682138445,0,-30.41869289729536
geometry_control,203,55,18,54,1.3953048179524747,786.3550642212376,-13.491593846277246,0.5629678261822145,0.6240620682138445,0,25.956099944059545
geometry_control,203,56,18,59,1.4812616699478427,852.8477130370702,23.501498547623935,0.6198131121179151,0.6240620682138445,0,-62.17919742940433
geometry_control,203,57,19,48,1.493298637427794,753.2050870294622,-23.249760740763545,0.7364473030413436,0.6240620682138445,1,-92.74508245815704
geometry_control,203,58,19,54,1.3308750278520105,-55.20172220121944,-27.001853698149965,0.6557615731004653,0.6240620682138445,1,-33.67261440143556
geometry_control,203,59,19,55,1.4189154961136752,1415.2260258811773,-28.431088748525365,0.6751403104888798,0.6240620682138445,1,-33.757567455144184
geometry_control,203,60,20,49,1.4104772986460055,1144.1408479786544,-27.382568280710583,0.5832335907569415,0.6240620682138445,0,-4.867046873413244
geometry_control,203,61,20,55,1.4387999527498743,1024.7728617374148,-15.476161541671273,0.6610060158617976,0.6240620682138445,1,-20.775605692593277
geometry_control,203,62,20,56,1.4751554767225539,834.6599648687348,-9.886547256016867,0.6128688077971302,0.6240620682138445,0,-21.602097785385578
geometry_control,203,63,21,50,1.3805352392519168,800.7289570974629,-5.840086576532093,0.5754939346110827,0.6240620682138445,0,-39.24907589231568
geometry_control,203,64,21,56,1.44755385402009,1151.0303385553193,-13.57356114714255,0.5705122247226804,0.6240620682138445,0,-43.04945809830105
geometry_control,203,65,21,57,1.4614774376596267,849.6509135267275,-19.946378021866735,0.5339129337484617,0.6240620682138445,0,-59.35751084412787
geometry_control,203,66,22,51,1.3998424584763134,873.8437204069353,-35.46092725707333,0.4302387411700981,0.6240620682138445,0,-52.36458419498846
geometry_control,203,67,22,57,1.4093492648014458,1086.3911907903937,-45.35995026177254,0.4699494851104301,0.6240620682138445,0,-87.69353944228322
geometry_control,203,68,22,58,1.447986325861014,1030.627094338718,-13.547349614776513,0.5012854889272078,0.6240620682138445,0,-73.5111917829646
geometry_control,203,69,23,52,1.4341197718591014,1122.0876994394225,-7.4803436252069835,0.512348204958803,0.6240620682138445,0,-16.616767768683943
geometry_control,203,70,23,58,1.4340266617148005,1060.113306651266,-18.818608334879602,0.5335791085262307,0.6240620682138445,0,-30.398718478301106
geometry_control,203,71,23,59,1.4249831251115659,906.9977093995354,-12.99373199051582,0.6244461522956255,0.6240620682138445,1,-6.999494076270885
geometry_control,203,72,24,59,1.419566780433998,1037.8017152494192,12.184816273899138,0.6781836411220905,0.6240620682138445,1,-12.820065442349616
geometry_control,203,73,24,60,1.4024182221373271,1343.0546707790297,-11.196453713505198,0.7266553691518178,0.6240620682138445,1,-1.073598211036412
geometry_control,203,74,24,65,1.4280073134381455,934.6518108240012,-7.348046151147408,0.5152223332751594,0.6240620682138445,0,-74.14705694208746
geometry_control,203,75,25,54,1.395910060373722,837.9084889061792,8.4054711808251,0.549866716420766,0.6240620682138445,0,-49.396327136515865
geometry_control,203,76,25,60,1.4658882535414208,827.3879329774387,-26.52614652122223,0.655183730386194,0.6240620682138445,1,-28.217095985006196
geometry_control,203,77,25,61,1.4170949802689699,951.9073184483531,-39.11124715687609,0.4890444373808799,0.6240620682138445,0,-96.16204634874327
geometry_control,203,78,26,55,1.397981651991643,1015.2755647370544,-24.540459448398813,0.527485439551815,0.6240620682138445,0,-74.42432749437371
geometry_control,203,79,26,61,1.362333052933221,531.5225958401526,-6.81540878998161,0.44728442312351446,0.6240620682138445,0,-105.82371607006033
geometry_control,203,80,26,62,1.4773008174540498,866.4512590616672,-20.499865090709495,0.6187971300560424,0.6240620682138445,0,-41.715816213419146
geometry_control,203,81,27,56,1.4419000516097646,1014.6643009348375,-13.102005715478292,0.5026046724886768,0.6240620682138445,0,-36.9648527307224
geometry_control,203,82,27,62,1.4287353353257062,1096.3697564482434,-18.44231165446332,0.6420535710575717,0.6240620682138445,1,-24.428975899539587
geometry_control,203,83,27,63,1.3915069653896068,1350.6977926652448,-15.402388950203752,0.6579343975226721,0.6240620682138445,1,-54.2551355655707
geometry_control,203,84,28,57,1.371099344718443,716.2740459306141,4.951925027734526,0.42894561780330465,0.6240620682138445,0,-90.95506891320501
geometry_control,203,85,28,63,1.401579754128577,1024.329829971205,6.25434188767688,0.6208746338115188,0.6240620682138445,0,-62.95073823191788
geometry_control,203,86,28,64,1.4811479983025337,865.9111440792601,7.241358593378787,0.4699344071551459,0.6240620682138445,0,-58.549452656906304
geometry_control,203,87,29,58,1.3972119247625052,956.3403639768803,-16.310784858324215,0.5239699300366596,0.6240620682138445,0,-76.74073407954015
geometry_control,203,88,29,64,1.4475820424790673,1098.7238799291672,-18.637600505551685,0.533622715571723,0.6240620682138445,0,-56.68226296082815
geometry_control,203,89,29,65,1.3765515419186003,607.4006240859926,24.139093167128575,0.45187566595912315,0.6240620682138445,0,-106.14512398195384
geometry_control,203,90,30,65,1.3856481697193015,838.6267056884443,17.245857925715217,0.46684975361231346,0.6240620682138445,0,-64.70095962009646
geometry_control,203,91,30,66,1.4554616205296569,861.6681339446175,-8.36679772768853,0.5201256924171745,0.6240620682138445,0,-36.37386249361248
geometry_control,203,92,30,71,1.5049335649674283,544.9630408961922,18.683111915651224,0.4444259757199554,0.6240620682138445,0,-95.32815481623915
geometry_control,203,93,31,60,1.4772447585697428,812.0683639559602,15.041318896676433,0.7717251151149846,0.6240620682138445,1,-10.71199786483718
geometry_control,203,94,31,66,1.44167576159425,1063.6477518001475,-48.292145334929224,0.6135680180431873,0.6240620682138445,0,-24.360261414862222
geometry_control,203,95,31,67,1.3152688232750522,-361.23452690398614,-69.05619958551154,0.6743612667670735,0.6240620682138445,1,-64.10129608640841
geometry_control,203,96,32,61,1.4697360521495229,825.3069489274578,-35.52222474212119,0.6254831592196805,0.6240620682138445,1,-44.428244612659924
geometry_control,203,97,32,67,1.403439183598058,847.596193619339,-42.75609172535343,0.6942586038770835,0.6240620682138445,1,6.114134956562069
geometry_control,203,98,32,68,1.4508414199822681,1337.7945659651086,-41.95952085787468,0.6315705855901343,0.6240620682138445,1,-36.685662552442444
geometry_control,203,99,33,62,1.4009633079020236,1265.2359709602154,-34.71394167408509,0.615123997369071,0.6240620682138445,0,-58.71745596458592
geometry_control,203,100,33,68,1.4877471348224043,683.0469227446937,-20.894598039129278,0.4496987168069969,0.6240620682138445,0,-61.38898283755078
geometry_control,203,101,33,69,1.4153528564923208,1003.1716976585745,-30.360352347700424,0.45487259789645096,0.6240620682138445,0,-51.422547195698655
geometry_control,203,102,34,63,1.469027757391157,917.6459638801648,-6.385759312756414,0.662043445660733,0.6240620682138445,1,-35.42133390942334
geometry_control,203,103,34,69,1.3708579558542096,728.4037784381333,-7.536850831264739,0.48591121972301254,0.6240620682138445,0,-46.559865751911445
geometry_control,203,104,34,70,1.4878793099880259,733.8068835981821,3.9434790764634258,0.5000508669449073,0.6240620682138445,0,-20.010222738692743
geometry_control,203,105,35,64,1.3955445382601055,888.5975204841216,-24.933554748576842,0.45484563370210956,0.6240620682138445,0,-61.3508129926958
geometry_control,203,106,35,70,1.4426688103495022,795.300367813554,-3.891782183172884,0.4437932816426567,0.6240620682138445,0,-24.98385512584838
geometry_control,203,107,35,71,1.3349269913793924,169.5294165514881,11.521057381409621,0.3506748061971516,0.6240620682138445,0,-94.40682388670024
bond_length_control,94,0,0,36,1.3910826091423445,855.4704186252889,24.11519566007473,0.45801400378233087,0.5688657644571326,0,2.3718658200948433
bond_length_control,94,1,0,41,1.4226454570369447,1203.9847919740234,-18.159512476333784,0.5268048811420376,0.5688657644571326,0,-2.1091420775763554
bond_length_control,94,2,0,71,1.4972993441168152,725.2194793780518,28.404816135523408,0.5575414286953537,0.5688657644571326,0,-24.068816920780645
bond_length_control,94,3,1,36,1.3733004800723627,587.7800713249309,2.358562444688989,0.40695150008851677,0.5688657644571326,0,3.709462311308588
bond_length_control,94,4,1,37,1.4205248973080284,1360.6828287518686,52.19479009979836,0.4755205861895048,0.5688657644571326,0,-1.7217486162096929
bond_length_control,94,5,1,66,1.5862276990373492,-818.2929406113866,-52.109343010803165,0.4444778578212195,0.5688657644571326,0,-72.96360759504168
bond_length_control,94,6,2,37,1.5110807960941954,499.70633959013,-0.05423059488360131,0.5251291920655327,0.5688657644571326,0,-29.96531551230355
bond_length_control,94,7,2,38,1.4299303839246404,1058.6083563892448,-3.8239971122115413,0.5280656721557987,0.5688657644571326,0,-3.5364470900039624
bond_length_control,94,8,2,67,1.402797054080899,1319.9564595362717,13.664856484029368,0.5153079012008419,0.5688657644571326,0,1.0276390916026372
bond_length_control,94,9,3,38,1.5037165072873289,523.3785951569885,-10.199841646147043,0.5558289160293788,0.5688657644571326,0,-26.740429590889303
bond_length_control,94,10,3,39,1.4030662531953084,1364.4174559519058,17.85373723031474,0.554047289281572,0.5688657644571326,0,0.992364642474735
bond_length_control,94,11,3,68,1.4729952382035687,980.3590589448696,-10.050109210001743,0.548810032949751,0.5688657644571326,0,-15.100703678408752
bond_length_control,94,12,4,39,1.4282564842932257,930.8839274308517,16.644654491531153,0.5045011454431775,0.5688657644571326,0,-3.195217310622149
bond_length_control,94,13,4,40,1.4124189370887088,1114.4569878959683,-3.91883252369264,0.4937896300351017,0.5688657644571326,0,-0.3566803886364207
bond_length_control,94,14,4,69,1.4024234838904601,1258.5286738009793,10.08676987590192,0.5250241372863311,0.5688657644571326,0,1.0762617358264315
bond_length_control,94,15,5,40,1.3421399896087025,439.1339238360387,15.229275929805247,0.5305691746653025,0.5688657644571326,0,4.067720872709831
bond_length_control,94,16,5,41,1.4684663752195157,1013.3360545925651,13.438985167334934,0.5403476279896376,0.5688657644571326,0,-13.62764419650966
bond_length_control,94,17,5,70,1.4479660420284532,1130.9395917429563,-4.099577154415633,0.5582323279539602,0.5688657644571326,0,-7.721148230420221
bond_length_control,94,18,6,41,1.435087344722947,1316.2242181537192,9.738525277711345,0.5276101603049955,0.5688657644571326,0,-4.63776320019289
bond_length_control,94,19,6,42,1.4150505067149806,1066.3064624718158,44.269800320041924,0.5004717125239355,0.5688657644571326,0,-0.779796593779845
bond_length_control,94,20,6,47,1.4793709409684563,903.3788152037047,16.784945262030515,0.5276638537656029,0.5688657644571326,0,-17.27909102149135
bond_length_control,94,21,7,36,1.3678498966135975,751.9519273749839,19.10723277807304,0.4534635331252843,0.5688657644571326,0,3.9525538465753023
bond_length_control,94,22,7,42,1.4114636346184672,1126.4498226044632,15.966252743209306,0.4951159627039311,0.5688657644571326,0,-0.20783084766907578
bond_length_control,94,23,7,43,1.477816454646723,880.9667086705224,-5.005901965572483,0.5404064956517736,0.5688657644571326,0,-16.736644502896848
bond_length_control,94,24,8,37,1.3526949689094148,426.9685461969469,4.581012953076521,0.4518655240728768,0.5688657644571326,0,4.22434709192137
bond_length_control,94,25,8,43,1.3973134258174358,938.0054290726333,58.56623950906567,0.47023940049837804,0.5688657644571326,0,1.7031898551974791
bond_length_control,94,26,8,44,1.3664490064738735,637.1492661684757,23.87209215832841,0.48496910716637165,0.5688657644571326,0,4.002529548284773
bond_length_control,94,27,9,38,1.3360377772378191,498.89524354959616,-1.5344186096190455,0.5417468284579492,0.5688657644571326,0,3.8495912367817304
bond_length_control,94,28,9,44,1.4658604777134931,981.2258602994892,-4.575857452682061,0.571913931461178,0.5688657644571326,1,-12.807860796646043
bond_length_control,94,29,9,45,1.4500734013598335,901.0914459867354,8.20387079745788,0.5270092057849018,0.5688657644571326,0,-8.271381300837014
bond_length_control,94,30,10,39,1.512805124826537,348.4905483354954,-8.186481872384364,0.5188785166111471,0.5688657644571326,0,-30.745125714221945
bond_length_control,94,31,10,45,1.4019351760126055,1243.6258470042171,14.286016084967011,0.5059225206859066,0.5688657644571326,0,1.1392435828684473
bond_length_control,94,32,10,46,1.4190292190170481,1426.9696386776482,0.7635201174946045,0.5107339050571047,0.5688657644571326,0,-1.4560877505580816
bond_length_control,94,33,11,40,1.4494715879207785,943.5794268776751,-15.7255293786446,0.5190294050400481,0.5688657644571326,0,-8.112927855014464
bond_length_control,94,34,11,46,1.450259628940738,1143.3395150966517,2.6615190631414967,0.5215963088940815,0.5688657644571326,0,-8.320627719080733
bond_length_control,94,35,11,47,1.4205115775485926,1252.6804291151552,4.561405773222645,0.5288615518249906,0.5688657644571326,0,-1.719355143331999
bond_length_control,94,36,12,47,1.4319351561503288,1003.436739439008,-33.15822411178653,0.536071350464467,0.5688657644571326,0,-3.955590173609586
bond_length_control,94,37,12,48,1.3747221988294773,804.05513403737,-18.066129277296508,0.5369230773954841,0.5688657644571326,0,3.6332769964160114
bond_length_control,94,38,12,53,1.4833054609982357,870.4305873529892,-10.26098634802446,0.5300913021640318,0.5688657644571326,0,-18.68484682094287
bond_length_control,94,39,13,42,1.400874009011166,1070.0120514041866,-3.1693530526807416,0.5051535427557705,0.5688657644571326,0,1.2738695350842306
bond_length_control,94,40,13,48,1.4994883272757629,593.6837686253473,-0.9042965481219911,0.5331974109284552,0.5688657644571326,0,-24.965717194057905
bond_length_control,94,41,13,49,1.43566683057242,958.2220935157139,23.21559575009992,0.5312615464434756,0.5688657644571326,0,-4.766257042996837
bond_length_control,94,42,14,43,1.44549195172947,1278.1618417212417,0.8006119999577378,0.5386237603625388,0.5688657644571326,0,-7.091639146542295
bond_length_control,94,43,14,49,1.4263398774721714,1046.5089252670955,19.73434213995429,0.5194412311024013,0.5688657644571326,0,-2.814249854655744
bond_length_control,94,44,14,50,1.3407454143611117,347.7934041333811,32.8941710321232,0.4765596725453727,0.5688657644571326,0,4.026062362689334
bond_length_control,94,45,15,44,1.496603675661056,705.249187137618,19.3073439821074,0.5903276285319928,0.5688657644571326,1,-23.7868957767319
bond_length_control,94,46,15,50,1.5146188469618211,473.1615673525943,-15.362602989214963,0.5135338340468331,0.5688657644571326,0,-31.57552946108864
bond_length_control,94,47,15,51,1.4160443200756212,971.1274407489205,-42.812444647793754,0.5422709361266663,0.5688657644571326,0,-0.9445901778319064
bond_length_control,94,48,16,45,1.3707324767622397,732.3722695465805,-23.316211120347432,0.5246018367168526,0.5688657644571326,0,3.8336556278315363
bond_length_control,94,49,16,51,1.4374983791935803,1101.3968700691062,-11.607885753105734,0.5214498699878023,0.5688657644571326,0,-5.1786979722977105
bond_length_control,94,50,16,52,1.457527728350745,1137.8349655783322,-18.04010127698911,0.5307037796930295,0.5688657644571326,0,-10.321890173099085
bond_length_control,94,51,17,46,1.4271945033535822,961.7687652830953,-41.53190389027065,0.49932782496189854,0.5688657644571326,0,-2.9828425715632365
bond_length_control,94,52,17,52,1.4192501876847963,1025.1921481796574,-6.019712522188449,0.5006183835668773,0.5688657644571326,0,-1.4949420408094678
bond_length_control,94,53,17,53,1.4054774701200734,998.9401751557916,-13.060188465233358,0.5006130195923726,0.5688657644571326,0,0.6675690218974495
bond_length_control,94,54,18,53,1.4125083655224295,1128.1206983059933,-37.69361748057763,0.5118795329279988,0.5688657644571326,0,-0.370743915338835
bond_length_control,94,55,18,54,1.401360932569208,1090.2577272170063,-14.999314601297035,0.5128430405986734,0.5688657644571326,0,1.2124767864017283
bond_length_control,94,56,18,59,1.4726022443596138,876.6588599667201,-39.92376882906027,0.5161397174315396,0.5688657644571326,0,-14.970439752822138
bond_length_control,94,57,19,48,1.4154163793725598,1269.1998889967274,-4.135368153438889,0.5242256653870585,0.5688657644571326,0,-0.8401458952090284
bond_length_control,94,58,19,54,1.4631381105047145,1044.1267415852353,-5.593139073649601,0.5183573978262808,0.5688657644571326,0,-11.97304062999363
bond_length_control,94,59,19,55,1.373679486902283,911.9229375114274,-0.32323405149644463,0.48944696401792565,0.5688657644571326,0,3.6896708369178874
bond_length_control,94,60,20,49,1.3758587684781813,780.817592770126,31.678923004688457,0.4878862755761028,0.5688657644571326,0,3.5685546728948445
bond_length_control,94,61,20,55,1.3435790312786378,437.50103332323863,36.76548930598987,0.45504343869194946,0.5688657644571326,0,4.1056007090741495
bond_length_control,94,62,20,56,1.4561562442566156,977.5031844867024,15.02585791492735,0.4986095549989613,0.5688657644571326,0,-9.932388749709098
bond_length_control,94,63,21,50,1.3662617455748776,671.0173180063586,19.325735274493535,0.5050402601071685,0.5688657644571326,0,4.008823846272232
bond_length_control,94,64,21,56,1.45299459756637,1083.5455645166485,39.352374059070534,0.5586450980870556,0.5688657644571326,0,-9.055534329371593
bond_length_control,94,65,21,57,1.4864206457535838,773.7583916101053,-6.789900553928073,0.5665604830324832,0.5688657644571326,0,-19.83132762461381
bond_length_control,94,66,22,51,1.333348821078626,241.10755562536983,-20.9257008460519,0.5119679731333564,0.5688657644571326,0,3.724082080398855
bond_length_control,94,67,22,57,1.4392385686925124,1261.4800763814087,-6.600076336449816,0.5447510939788378,0.5688657644571326,0,-5.579474982665509
bond_length_control,94,68,22,58,1.4490732350006528,1045.3503059296754,-23.325789261588472,0.5406636180334551,0.5688657644571326,0,-8.008624718051063
bond_length_control,94,69,23,52,1.4094316986697775,1087.6916683904797,-25.305176918223896,0.5003686853046009,0.5688657644571326,0,0.10038356952568961
bond_length_control,94,70,23,58,1.4044997888009438,1105.5124682648193,-36.092978245510565,0.5198104204994723,0.5688657644571326,0,0.8011836172846856
bond_length_control,94,71,23,59,1.4399494329129614,1012.475954789205,-37.772988599999955,0.5046235058336371,0.5688657644571326,0,-5.745693939734018
bond_length_control,94,72,24,59,1.4500545237232507,1146.7006404116726,-13.434177405567274,0.5335822580661627,0.5688657644571326,0,-8.266394904466509
bond_length_control,94,73,24,60,1.4857509766468695,692.1983381096284,1.8791740913198969,0.5603515417105001,0.5688657644571326,0,-19.58236699264275
bond_length_control,94,74,24,65,1.4183908873987212,1020.8447269304222,-12.683128401199406,0.5182815420957707,0.5688657644571326,0,-1.3446123420652398
bond_length_control,94,75,25,54,1.4144132311987314,1124.7470182481013,-22.787298354102745,0.5163296454426202,0.5688657644571326,0,-0.6755687832724622
bond_length_control,94,76,25,60,1.3550443817569098,680.8063179297761,36.445690680406756,0.5463956059198238,0.5688657644571326,0,4.220803111682866
bond_length_control,94,77,25,61,1.4641228847501944,789.8644240095708,21.70229857744146,0.526048401807143,0.5688657644571326,0,-12.272480436124287
bond_length_control,94,78,26,55,1.5011237332547276,610.0516542019695,7.357050715361255,0.5254815166200528,0.5688657644571326,0,-25.645534220774554
bond_length_control,94,79,26,61,1.388735250411863,1141.515283830827,21.50353107235678,0.5641107067929306,0.5688657644571326,0,2.5966679916147264
bond_length_control,94,80,26,62,1.4763609791364147,753.6799752606288,12.951177391627574,0.527847511359778,0.5688657644571326,0,-16.235378203485855
bond_length_control,94,81,27,56,1.4208606499921896,1139.1895111414278,30.93667475872058,0.527928124701744,0.5688657644571326,0,-1.7822453089927066
bond_length_control,94,82,27,62,1.3281742144562902,-96.02090247305395,-2.4689837819571356,0.4867280031344574,0.5688657644571326,0,3.432310397660114
bond_length_control,94,83,27,63,1.480265447680916,828.2006984895296,10.499501465310573,0.5009001211694397,0.5688657644571326,0,-17.59455495635147
bond_length_control,94,84,28,57,1.3643409548128618,670.0612345766282,11.697251914256782,0.5033658286946063,0.5688657644571326,0,4.068138464510287
bond_length_control,94,85,28,63,1.3877845747513935,969.263100286114,20.018532408014625,0.4684224402168744,0.5688657644571326,0,2.683509989137903
bond_length_control,94,86,28,64,1.4191047664993053,1072.1188674109037,-13.378801621062042,0.4856780318765933,0.5688657644571326,0,-1.4693563774553358
bond_length_control,94,87,29,58,1.4516470406277315,987.3346340934634,-33.605071386248355,0.5334531431898211,0.5688657644571326,0,-8.690703807035142
bond_length_control,94,88,29,64,1.3932753600365706,1078.490750138698,-23.77773163392814,0.5198528223171909,0.5688657644571326,0,2.1484920637308385
bond_length_control,94,89,29,65,1.4183361444606206,1052.9195919345564,-12.414570661492856,0.5029655125535938,0.5688657644571326,0,-1.3351052667784007
bond_length_control,94,90,30,65,1.3874304765600594,1012.0145262043934,-12.174526388038977,0.5253550700822137,0.5688657644571326,0,2.7152378377894344
bond_length_control,94,91,30,66,1.4469675523428345,1102.9092051488135,25.133358814992082,0.5110574367618885,0.5688657644571326,0,-7.46495303430547
bond_length_control,94,92,30,71,1.4628849171799836,962.0623237913977,28.751935577122076,0.5730585039422087,0.5688657644571326,1,-11.896517559227831
bond_length_control,94,93,31,60,1.4533968075619281,901.5250503325999,-1.5488203021766753,0.49938462815931917,0.5688657644571326,0,-9.165456356869115
bond_length_control,94,94,31,66,1.3567595014175782,733.602972061671,53.42127128434463,0.44301699522426474,0.5688657644571326,0,4.209321825712255
bond_length_control,94,95,31,67,1.3470094404985156,333.1557546456199,-30.8733052962357,0.46423843272785925,0.5688657644571326,0,4.17491438612095
bond_length_control,94,96,32,61,1.4237382996860175,1134.024389486028,24.17690570075085,0.5350561153511177,0.5688657644571326,0,-2.3137173714379835
bond_length_control,94,97,32,67,1.4742746372600655,844.1795781118999,-11.87072521110747,0.5202571240323388,0.5688657644571326,0,-15.52799891071513
bond_length_control,94,98,32,68,1.3674506281921135,845.4031212483717,19.941737301760416,0.5259960119076679,0.5688657644571326,0,3.9673169289641557
bond_length_control,94,99,33,62,1.3828741504948483,1029.6383449262273,0.9433277790050105,0.48672740504329676,0.5688657644571326,0,3.0936394927563917
bond_length_control,94,100,33,68,1.4064363930713153,1110.48416702743,2.3665404422931475,0.5139304970329994,0.5688657644571326,0,0.5339713232864245
bond_length_control,94,101,33,69,1.4846895419231463,801.6228963290972,-1.474491034690939,0.5396907452079741,0.5688657644571326,0,-19.190570383383434
bond_length_control,94,102,34,63,1.3771809475772032,1006.6262168806333,5.924506036878092,0.5316672201013977,0.5688657644571326,0,3.4889870231797637
bond_length_control,94,103,34,69,1.4534300053205425,922.4949398948297,-7.5147097000122995,0.5704584422310928,0.5688657644571326,1,-9.174550309745694
bond_length_control,94,104,34,70,1.4745318642219176,919.4903609051408,9.071273652494202,0.5668870882685211,0.5688657644571326,0,-15.614502946999472
bond_length_control,94,105,35,64,1.4602014177793732,1136.8235551373414,8.13231192207876,0.4785674762227996,0.5688657644571326,0,-11.09715669066102
bond_length_control,94,106,35,70,1.341040769203884,353.25533908555633,-3.2405845168551726,0.496531752730204,0.5688657644571326,0,4.03529125537904
bond_length_control,94,107,35,71,1.3624367392858336,603.9722478899307,5.3602790102785605,0.5093836003191976,0.5688657644571326,0,4.117519474059318
bond_length_control,65,0,0,36,1.4622436022949392,1056.6072441230378,-16.111319604570255,0.5466173498270136,0.5670879813714752,0,-12.236689426117412
bond_length_control,65,1,0,41,1.442485067575715,1115.8583237674889,-1.0565519857526906,0.5186533418107969,0.5670879813714752,0,-5.205520944794706
bond_length_control,65,2,0,71,1.3898080435681002,1009.3716108655926,-46.541454569208334,0.5475985639173618,0.5670879813714752,0,10.020612816256307
bond_length_control,65,3,1,36,1.3198933492284028,-85.81062713413479,-105.24785810570444,0.5069417242641727,0.5670879813714752,0,22.814950680438045
bond_length_control,65,4,1,37,1.4917086605498664,828.7385625310519,-2.656607439833522,0.529066333663878,0.5670879813714752,0,-24.120724510846316
bond_length_control,65,5,1,66,1.399776704928703,881.0668491114235,-4.124269206620179,0.4803751174431502,0.5670879813714752,0,7.521036545626247
bond_length_control,65,6,2,37,1.4658647049579165,1715.29902216799,68.00244857240773,0.5808523926414841,0.5670879813714752,1,-13.606008299947176
bond_length_control,65,7,2,38,1.4979433143666026,896.9727686995084,0.8726548497045988,0.5029839762581612,0.5670879813714752,0,-26.855162996816162
bond_length_control,65,8,2,67,1.400968195847968,1033.7215145601206,-38.35126322568395,0.5483278202295985,0.5670879813714752,0,7.210574965420808
bond_length_control,65,9,3,38,1.3118625119806846,-330.6214883911696,-66.4817532372816,0.4607452072757049,0.5670879813714752,0,23.7752034998476
bond_length_control,65,10,3,39,1.4290786076401183,1037.290206899253,1.4932992987605544,0.5042052568131818,0.5670879813714752,0,-0.8519937226382532
bond_length_control,65,11,3,68,1.457525015179946,1145.9315150413163,-53.23149980217692,0.5306468723258264,0.5670879813714752,0,-10.49012908830966
bond_length_control,65,12,4,39,1.4443060089054314,1178.1604454205149,-13.931286175959395,0.5135306170274099,0.5670879813714752,0,-5.822655893987439
bond_length_control,65,13,4,40,1.4574032943381332,1057.030249872799,6.054074545865317,0.517907979248533,0.5670879813714752,0,-10.445638194486525
bond_length_control,65,14,4,69,1.4366700772715324,1174.6456996675493,-5.191568884544067,0.5279069697622712,0.5670879813714752,0,-3.276239902418696
bond_length_control,65,15,5,40,1.4243779819184519,1185.0431863941828,4.054904288164657,0.5287207998620889,0.5670879813714752,0,0.5959134872611345
bond_length_control,65,16,5,41,1.3959560347626712,1158.7320761124204,-28.79702822520778,0.5086631870708899,0.5670879813714752,0,8.499670702277225
bond_length_control,65,17,5,70,1.4972169285577346,644.9821894395966,-31.977715763666293,0.5220163404349604,0.5670879813714752,0,-26.532568394304896
bond_length_control,65,18,6,41,1.390050777285507,985.3629953137162,8.167910207615554,0.5015031921143794,0.5670879813714752,0,9.961816403562596
bond_length_control,65,19,6,42,1.447806653915352,1019.2130516811646,-20.800593434566586,0.5349833118746112,0.5670879813714752,0,-7.026545696428251
bond_length_control,65,20,6,47,1.420916595401595,1197.8913588504709,-9.614517484615128,0.5268960596663955,0.5670879813714752,0,1.636283127465667
bond_length_control,65,21,7,36,1.4574200621561477,1220.9022361179693,-8.431845542016557,0.5396722705753269,0.5670879813714752,0,-10.451765417856182
bond_length_control,65,22,7,42,1.3391327118614944,262.52419746290576,-33.5259096710521,0.545188382319342,0.5670879813714752,0,20.097806534219075
bond_length_control,65,23,7,43,1.5360806596388827,135.57726494703033,-9.754112549731218,0.5468626365471915,0.5670879813714752,0,-45.306355230721785
bond_length_control,65,24,8,37,1.3927529576364828,814.8209766493686,-17.42525474189991,0.5049673166991737,0.5670879813714752,0,9.300331537132736
bond_length_control,65,25,8,43,1.3575630510804555,616.9064826707946,12.321267095713141,0.49003307327133305,0.5670879813714752,0,16.931356094413452
bond_length_control,65,26,8,44,1.4002809869949857,707.513413407286,-7.705042927734169,0.46119305625420803,0.5670879813714752,0,7.389944427458039
bond_length_control,65,27,9,38,1.374432310514095,778.765574238224,-19.096381697996534,0.4426746305912468,0.5670879813714752,0,13.537133281773682
bond_length_control,65,28,9,44,1.5510591645991127,-221.25364666821326,-33.48578648695841,0.47676878652960414,0.5670879813714752,0,-53.38430865613092
bond_length_control,65,29,9,45,1.391798758476647,947.3315523580676,-19.36855590987706,0.4653836644429665,0.5670879813714752,0,9.535373674784696
bond_length_control,65,30,10,39,1.41096963657844,1057.4372752636023,-4.557549341180012,0.4784442177690714,0.5670879813714752,0,4.505067593885786
bond_length_control,65,31,10,45,1.39229491504608,873.9663856653366,10.940026499996023,0.4576932020833143,0.5670879813714752,0,9.413357181516615
bond_length_control,65,32,10,46,1.3576217727735305,595.948092130021,-26.65392352055172,0.45246066734961515,0.5670879813714752,0,16.920370166047036
bond_length_control,65,33,11,40,1.403253715282966,1105.886970941727,-33.52520173379464,0.5129170907706422,0.5670879813714752,0,6.608010251172514
bond_length_control,65,34,11,46,1.373419000957773,877.9630072438596,-9.670167819700994,0.48255617813006274,0.5670879813714752,0,13.75461672851751
bond_length_control,65,35,11,47,1.4515167265535731,1194.6225165105343,12.665820928900521,0.5182523455314594,0.5670879813714752,0,-8.327670510539832
bond_length_control,65,36,12,47,1.4494005910787482,1094.0309049632172,-17.83328075901701,0.5368748646293002,0.5670879813714752,0,-7.5823546018926
bond_length_control,65,37,12,48,1.3949103676174117,940.2677368256784,-32.99788286735434,0.4994703157757737,0.5670879813714752,0,8.763031298032796
bond_length_control,65,38,12,53,1.4382265047970735,1250.756315548533,-3.0001547285613066,0.5472396086405783,0.5670879813714752,0,-3.7864523045585057
bond_length_control,65,39,13,42,1.4668780840530653,931.7819316673709,-25.761253829865144,0.5653419620778334,0.5670879813714752,0,-13.993743597260481
bond_length_control,65,40,13,48,1.348069609005279,604.3746463866887,1.0706711647722258,0.5198501610160912,0.5670879813714752,0,18.632183537851716
bond_length_control,65,41,13,49,1.4811646067349575,1023.9079746723725,-9.657122646478676,0.5211010504879832,0.5670879813714752,0,-19.672393148860372
bond_length_control,65,42,14,43,1.4597187099506868,983.708913551904,-12.584730636906283,0.5200785983357017,0.5670879813714752,0,-11.296811415768682
bond_length_control,65,43,14,49,1.296308069719481,-838.6584585454666,-150.74015123465495,0.474163432518002,0.5670879813714752,0,25.34967877077343
bond_length_control,65,44,14,50,1.4432589468508916,1309.394158100305,-38.73302275439046,0.5029078736490638,0.5670879813714752,0,-5.4670371573266054
bond_length_control,65,45,15,44,1.4273916589481437,1306.4523584702233,-2.198320112858407,0.49366736564100405,0.5670879813714752,0,-0.3277124040041539
bond_length_control,65,46,15,50,1.421472838103007,1101.9295711368138,-38.73037346910346,0.5053366579714911,0.5670879813714752,0,1.4705683167746537
bond_length_control,65,47,15,51,1.4319536794719476,1042.8125470491932,-64.20796686186361,0.4944428706496698,0.5670879813714752,0,-1.757591118965594
bond_length_control,65,48,16,45,1.437317563771016,1043.5714500469423,-33.69353446897722,0.48339216404975305,0.5670879813714752,0,-3.4879453918514156
bond_length_control,65,49,16,51,1.4260731281505619,1175.7157404607383,-20.661251302983075,0.49555279114505635,0.5670879813714752,0,0.07843436150959704
bond_length_control,65,50,16,52,1.422784860907071,965.2459482281882,-12.117746366850293,0.49926487003108827,0.5670879813714752,0,1.077461702572748
bond_length_control,65,51,17,46,1.4596454530905298,880.3472110800561,-20.89424167068176,0.5209736379378775,0.5670879813714752,0,-11.269724304095696
bond_length_control,65,52,17,52,1.3761633050430189,797.9069875684877,-12.088789938287565,0.542078878652912,0.5670879813714752,0,13.161560209208291
bond_length_control,65,53,17,53,1.472432601935258,1049.4032422758933,-31.562245231226907,0.5670345493505523,0.5670879813714752,0,-16.154307345673203
bond_length_control,65,54,18,53,1.381249731149028,882.6531158761775,-47.79496122304771,0.5149604704535818,0.5670879813714752,0,12.028251972538596
bond_length_control,65,55,18,54,1.46211997247719,966.688680440459,8.28076789362274,0.5113115770233585,0.5670879813714752,0,-12.190384112227997
bond_length_control,65,56,18,59,1.3577838606015133,665.960988134094,-39.73436034087976,0.5294815831040939,0.5670879813714752,0,16.89001618371912
bond_length_control,65,57,19,48,1.4250439143849456,904.0979939633457,2.5542178795463406,0.48081070700204975,0.5670879813714752,0,0.39325030623774415
bond_length_control,65,58,19,54,1.519834078689076,466.45610161907285,-7.546090245990893,0.5249311064366311,0.5670879813714752,0,-37.07935211029115
bond_length_control,65,59,19,55,1.3251074970658214,123.38434640866647,-23.927296833234614,0.5133543271546023,0.5670879813714752,0,22.137013661312515
bond_length_control,65,60,20,49,1.4173514219691496,980.7702992343794,-11.03707563835558,0.48936841797681097,0.5670879813714752,0,2.6850709550770446
bond_length_control,65,61,20,55,1.442147562724644,963.5503732416267,-26.455782483030323,0.5206611486574715,0.5670879813714752,0,-5.091819344622961
bond_length_control,65,62,20,56,1.4373484107456713,1125.9502360064241,-27.775628757911743,0.5159450548146305,0.5670879813714752,0,-3.498050717180179
bond_length_control,65,63,21,50,1.3689541956154991,927.9067815830812,17.004744930653807,0.5184877262224374,0.5670879813714752,0,14.692074269130211
bond_length_control,65,64,21,56,1.4602990105821476,1115.44706583492,-31.22751556238713,0.5163199219291952,0.5670879813714752,0,-11.51174373670597
bond_length_control,65,65,21,57,1.4114368663791956,962.9604739182076,-62.003647721878814,0.4727341258844789,0.5670879813714752,0,4.374307035066624
bond_length_control,65,66,22,51,1.4136379006954665,1092.3146064364141,-9.242334937157436,0.48623964270596626,0.5670879813714752,0,3.7530415423307186
bond_length_control,65,67,22,57,1.369302900501576,991.6577366183245,-25.490265044208865,0.45137982968982904,0.5670879813714752,0,14.620076344762248
bond_length_control,65,68,22,58,1.412042226843043,1026.1136914182725,-11.338774664971796,0.49501950751275403,0.5670879813714752,0,4.20430581966244
bond_length_control,65,69,23,52,1.4264893886346734,1033.502718616764,-30.861606972677823,0.5285151688493113,0.5670879813714752,0,-0.04944214080522791
bond_length_control,65,70,23,58,1.4644458410832273,892.6220586665492,-23.762003845660338,0.5335829547700672,0.5670879813714752,0,-13.066457083611928
bond_length_control,65,71,23,59,1.4673312561948402,932.0198612783332,-21.32122749713824,0.5679919521974637,0.5670879813714752,1,-14.167776547756745
bond_length_control,65,72,24,59,1.4711923856501437,827.797358932565,-37.41798286070638,0.5600852520199603,0.5670879813714752,0,-15.666703776417023
bond_length_control,65,73,24,60,1.4545224991795536,1057.6146657896034,-26.960605886823032,0.546226978071707,0.5670879813714752,0,-9.400906119265512
bond_length_control,65,74,24,65,1.3175206748177444,-302.1002676076353,-125.93196767738934,0.5009478535357565,0.5670879813714752,0,23.109204291947805
bond_length_control,65,75,25,54,1.4214568553458007,1201.0496772187191,-0.27135713460281485,0.5030320048217027,0.5670879813714752,0,1.4753377257111544
bond_length_control,65,76,25,60,1.3929200767497565,1002.4340693762599,-32.413841262304274,0.5073437369541847,0.5670879813714752,0,9.259002144579476
bond_length_control,65,77,25,61,1.3869632124476805,875.6666574393367,-1.3073952608780512,0.4745339285076611,0.5670879813714752,0,10.702057549719273
bond_length_control,65,78,26,55,1.4545589739018574,1079.3268300497427,-38.35715688045208,0.5373439498077239,0.5670879813714752,0,-9.414035071229558
bond_length_control,65,79,26,61,1.4405037326233319,1114.8525617063156,-11.254490791457465,0.5204226527757112,0.5670879813714752,0,-4.541075980939612
bond_length_control,65,80,26,62,1.3730997061111108,1033.0650033911656,-17.749037061762415,0.5392301322714358,0.5670879813714752,0,13.822783270569454
bond_length_control,65,81,27,56,1.4460717280646853,998.8814650784018,-36.3426159456536,0.5371171911015632,0.5670879813714752,0,-6.427015690442465
bond_length_control,65,82,27,62,1.4606821127335028,855.7627983197923,-35.818921302423924,0.543719467408116,0.5670879813714752,0,-11.653990996854944
bond_length_control,65,83,27,63,1.3824479345777976,971.8043957467239,-39.71350418329081,0.562169836853446,0.5670879813714752,0,11.754804471164686
bond_length_control,65,84,28,57,1.379283360724125,1049.9859595715527,-29.46784976474596,0.45362164701797103,0.5670879813714752,0,12.47164766352849
bond_length_control,65,85,28,63,1.4977944743411533,1091.6802088891104,-19.60288304352984,0.5222600888145701,0.5670879813714752,0,-26.78897537508898
bond_length_control,65,86,28,64,1.372963519103916,795.4618944377671,-84.4034386056783,0.47993254111797934,0.5670879813714752,0,13.851805114894663
bond_length_control,65,87,29,58,1.4202438933528996,1148.1908573167923,-53.03589676747763,0.5228045829155097,0.5670879813714752,0,1.8359416451651467
bond_length_control,65,88,29,64,1.3789693128419653,1013.2153076191132,-30.563593971703654,0.505475799192593,0.5670879813714752,0,12.541846395489825
bond_length_control,65,89,29,65,1.5077180862249586,384.51812238787727,-50.76274354498778,0.4980761818587024,0.5670879813714752,0,-31.299834049351183
bond_length_control,65,90,30,65,1.398430227951114,1009.5638566031296,-37.01091741640111,0.48442220851634066,0.5670879813714752,0,7.868862734451932
bond_length_control,65,91,30,66,1.4046977137579169,1145.5201298305494,-42.94539397441056,0.49467828398193225,0.5670879813714752,0,6.222528477811418
bond_length_control,65,92,30,71,1.4611375605078698,981.5564989279621,-42.671705303281875,0.522226104893303,0.5670879813714752,0,-11.823466482378999
bond_length_control,65,93,31,60,1.5260215966255175,328.22842723209743,-12.7864406796383,0.5414032656052978,0.5670879813714752,0,-40.14767041472579
bond_length_control,65,94,31,66,1.4375601800557152,1004.0711461882472,-14.015812699182321,0.506380216534939,0.5670879813714752,0,-3.5674731125575367
bond_length_control,65,95,31,67,1.465626230067246,954.3822457793535,-14.615679339346428,0.5225468603437811,0.5670879813714752,0,-13.515052074027931
bond_length_control,65,96,32,61,1.401891534443726,1191.2184337455233,14.592901921764472,0.502105503676896,0.5670879813714752,0,6.968256604114252
bond_length_control,65,97,32,67,1.4161382827834514,1071.0844155124466,14.642391823449861,0.5160589068619028,0.5670879813714752,0,3.0366961255684366
bond_length_control,65,98,32,68,1.5148292445263376,499.6450960941121,-43.81738169384054,0.540616727940587,0.5670879813714752,0,-34.65544259841685
bond_length_control,65,99,33,62,1.4192784754096361,1067.282999501439,-67.03657236957012,0.4874447886746571,0.5670879813714752,0,2.1210420151270744
bond_length_control,65,100,33,68,1.391084458487832,996.9370676650618,-27.081161063346485,0.5071485334426236,0.5670879813714752,0,9.710281077437747
bond_length_control,65,101,33,69,1.3475596008043589,217.8418574215507,-82.72177502954534,0.4950832706648404,0.5670879813714752,0,18.71934206175809
bond_length_control,65,102,34,63,1.5602966323152094,-433.80950075081023,-62.71374836313988,0.5409846299927846,0.5670879813714752,0,-58.60589417602382
bond_length_control,65,103,34,69,1.4667022593355685,916.8818125489739,-3.3505787352332077,0.530172742537638,0.5670879813714752,0,-13.926328004446859
bond_length_control,65,104,34,70,1.414855391344323,1193.1820209988339,-67.23309972256767,0.5134692925967712,0.5670879813714752,0,3.4056459910133636
bond_length_control,65,105,35,64,1.4839054222554193,778.289548347106,-36.79471338067142,0.5063056678502786,0.5670879813714752,0,-20.80752201202847
bond_length_control,65,106,35,70,1.413627303541222,1432.473571450145,-49.570121023276805,0.5211178781508561,0.5670879813714752,0,3.756053581963652
bond_length_control,65,107,35,71,1.4319571212437552,1164.7656987203884,-44.82498629929833,0.5367099468933505,0.5670879813714752,0,-1.7586843472617235
bond_length_control,87,0,0,36,1.3676056508713499,856.3514717138005,11.55208370559596,0.4186251714995136,0.5691626879912758,0,5.34912734653422
bond_length_control,87,1,0,41,1.4257492259192899,1083.5903519777273,22.417069341158573,0.47373356777512565,0.5691626879912758,0,1.930601726313141
bond_length_control,87,2,0,71,1.3339262991076744,327.38724565996336,47.78980445752104,0.43568237454224024,0.5691626879912758,0,5.181860900749924
bond_length_control,87,3,1,36,1.4110429873589032,1104.917740874781,-16.600843502229623,0.4736298730410695,0.5691626879912758,0,3.2552771199144965
bond_length_control,87,4,1,37,1.477549198024956,840.5798750100541,-14.635290132828564,0.5203110722619082,0.5691626879912758,0,-5.345661682493234
bond_length_control,87,5,1,66,1.4189209202942137,1419.7472088339382,-27.031468965229955,0.5213169443768411,0.5691626879912758,0,2.585339707591311
bond_length_control,87,6,2,37,1.4407934995457314,1059.9103930994013,-44.064942984819,0.5362579967611313,0.5691626879912758,0,0.24203003202868167
bond_length_control,87,7,2,38,1.4493368938337616,991.2879729468123,-31.637992169723265,0.5253073587268317,0.5691626879912758,0,-0.8696710456635737
bond_length_control,87,8,2,67,1.3761539358405541,901.2565884758199,-10.542785015332779,0.5134470059830342,0.5691626879912758,0,5.146870130081715
bond_length_control,87,9,3,38,1.4119615439412072,978.0986151586563,-15.839531039852847,0.5046196048019487,0.5691626879912758,0,3.1818478957726812
bond_length_control,87,10,3,39,1.4094291914800903,1118.983994726869,-8.352803210687973,0.5395207616671147,0.5691626879912758,0,3.381302017014595
bond_length_control,87,11,3,68,1.471197783504387,940.7647579835545,-26.05018398727795,0.5090054270334851,0.5691626879912758,0,-4.228733425424324
bond_length_control,87,12,4,39,1.4622780672995155,839.1184510572258,-28.257128916379287,0.5729300406919744,0.5691626879912758,1,-2.7679555088026246
bond_length_control,87,13,4,40,1.3738097124560567,780.5540241726403,-55.215009296560396,0.5290926163046186,0.5691626879912758,0,5.212386254167774
bond_length_control,87,14,4,69,1.4557074927983815,993.20357880115,-37.99746115731604,0.5527646322445008,0.5691626879912758,0,-1.7716618785862837
bond_length_control,87,15,5,40,1.4670615910998215,1405.9830929643774,-21.057366312397644,0.5313539494133918,0.5691626879912758,0,-3.5357659604896705
bond_length_control,87,16,5,41,1.3712875950607852,883.9309899161066,-15.518064694811526,0.5596680520246544,0.5691626879912758,0,5.274377533662
bond_length_control,87,17,5,70,1.457947802531317,1049.8022290753138,6.941471238473242,0.5793124830273375,0.5691626879912758,1,-2.1038013270658658
bond_length_control,87,18,6,41,1.4738740678976952,783.5917142846274,-38.1699801750079,0.5198186675849554,0.5691626879912758,0,-4.691547388050577
bond_length_control,87,19,6,42,1.4608151004685,1008.1425534786295,-4.767894238516254,0.5391159551737463,0.5691626879912758,0,-2.5402975290364003
bond_length_control,87,20,6,47,1.4626965000014402,1190.1206082436195,-36.52163350739514,0.5071856930086597,0.5691626879912758,0,-2.833685484940106
bond_length_control,87,21,7,36,1.3845442131715606,957.0208121832497,-3.9181030381215702,0.4557565219968554,0.5691626879912758,0,4.849632906686451
bond_length_control,87,22,7,42,1.3775834015847999,864.7646315159063,-34.35170164688775,0.5301622058612583,0.5691626879912758,0,5.103173919679999
bond_length_control,87,23,7,43,1.506900677466636,556.0292424430266,1.430235593125613,0.5176879427200782,0.5691626879912758,0,-11.35317013346464
bond_length_control,87,24,8,37,1.4534420954300336,993.505260302627,-23.20662451210349,0.5237084656666771,0.5691626879912758,0,-1.4437236081754241
bond_length_control,87,25,8,43,1.4212420212357686,1163.734698899952,-9.401624571890153,0.5389586871690613,0.5691626879912758,0,2.37053104832679
bond_length_control,87,26,8,44,1.3893984479940906,916.8514667689691,-28.777219655497728,0.48932436522697703,0.5691626879912758,0,4.632540184910556
bond_length_control,87,27,9,38,1.4011935797530486,1294.0275434952991,4.940396851053394,0.514284637783856,0.5691626879912758,0,3.9655540815682526
bond_length_control,87,28,9,44,1.4235564781130146,1038.1573884460759,-34.80613149755309,0.4908511753784556,0.5691626879912758,0,2.1483952732638336
bond_length_control,87,29,9,45,1.4649057848561882,1023.1846519849528,-38.43458850559896,0.5288199781212005,0.5691626879912758,0,-3.1852846565019943
bond_length_control,87,30,10,39,1.4846562309528195,555.1021519474314,-81.17276917809247,0.4901681673335211,0.5691626879912758,0,-6.671921956383994
bond_length_control,87,31,10,45,1.3124207731305897,-351.99405453104805,-144.83778415911553,0.46980235080569954,0.5691626879912758,0,4.295167546088357
bond_length_control,87,32,10,46,1.3622249107774889,614.1213597578832,-82.30506789950675,0.4927904448454614,0.5691626879912758,0,5.424932480043586
bond_length_control,87,33,11,40,1.3865241578003549,1243.9724467871765,-44.62517650142846,0.501065893177571,0.5691626879912758,0,4.765099167719634
bond_length_control,87,34,11,46,1.4553593526262998,1420.6054685968738,-0.008047657436905872,0.547525595076867,0.5691626879912758,0,-1.720747866008531
bond_length_control,87,35,11,47,1.4155227999913744,1227.9454007476133,-47.85651213122,0.516747021212538,0.5691626879912758,0,2.885489082650526
bond_length_control,87,36,12,47,1.3996420402550005,1304.879928730621,26.463118780546658,0.49838931728543473,0.5691626879912758,0,4.064658756178209
bond_length_control,87,37,12,48,1.3657089917376073,870.3405256951035,-24.24701934129409,0.4967268431768928,0.5691626879912758,0,5.3803663622454065
bond_length_control,87,38,12,53,1.5380460693438465,1040.9596562488819,0.42254253351165644,0.5033310715536081,0.5691626879912758,0,-19.293953000581276
bond_length_control,87,39,13,42,1.462357812081196,1564.2495200944509,-25.13639421953548,0.5521624167881464,0.5691626879912758,0,-2.7804611590259514
bond_length_control,87,40,13,48,1.4461009675450496,1295.320458296389,8.537995135991663,0.5185696805145179,0.5691626879912758,0,-0.4354566968998217
bond_length_control,87,41,13,49,1.430861054826249,1146.5222028299863,-13.100059878294978,0.5227491518568892,0.5691626879912758,0,1.3950208473775967
bond_length_control,87,42,14,43,1.4603777555527169,1264.6699384960175,-15.379245669431574,0.5568741742704676,0.5691626879912758,0,-2.472890249172539
bond_length_control,87,43,14,49,1.4527701995036983,1019.5802353151499,-10.801806554067165,0.5399351724803905,0.5691626879912758,0,-1.347988014382815
bond_length_control,87,44,14,50,1.3430583377270968,458.52806169717,-14.530309261844065,0.5707053695966056,0.5691626879912758,1,5.376751514233841
bond_length_control,87,45,15,44,1.3918675649653125,1160.9898897288754,4.35117047920611,0.5007913804435985,0.5691626879912758,0,4.5093291649071405
bond_length_control,87,46,15,50,1.467745393793857,1062.39734569203,-31.310927497779293,0.5642568977118207,0.5691626879912758,0,-3.6484644706356706
bond_length_control,87,47,15,51,1.434333310799874,1136.3452391620078,-46.50392760945891,0.5196810314614022,0.5691626879912758,0,1.0088804560523426
bond_length_control,87,48,16,45,1.4543285937440267,990.8939305895263,19.72520596236851,0.5514479569277522,0.5691626879912758,0,-1.5711058452598516
bond_length_control,87,49,16,51,1.511589303080954,481.91809391770613,-11.514336184192537,0.5323688052028109,0.5691626879912758,0,-12.443947741452039
bond_length_control,87,50,16,52,1.3693699110016269,756.6624153004371,6.764559889331778,0.5340588156906094,0.5691626879912758,0,5.315637437636343
bond_length_control,87,51,17,46,1.492496337688496,1171.273105655639,53.53982745446538,0.5615230535999438,0.5691626879912758,0,-8.229536282174053
bond_length_control,87,52,17,52,1.4611812058094016,1264.077890125756,-8.406455078395124,0.5211458183230392,0.5691626879912758,0,-2.596954589833209
bond_length_control,87,53,17,53,1.4322073830760726,1312.3803265371089,-20.38566636708513,0.5356862340037882,0.5691626879912758,0,1.2474510657661035
bond_length_control,87,54,18,53,1.3742515299411462,994.6647443032348,16.491498945883386,0.5391599300780534,0.5691626879912758,0,5.2006210761008544
bond_length_control,87,55,18,54,1.4435241264441347,1546.2641418800943,-50.720483521076126,0.5574653643021501,0.5691626879912758,0,-0.10115827387624865
bond_length_control,87,56,18,59,1.4506459026972989,1343.523429550546,26.947923965508206,0.560030377902439,0.5691626879912758,0,-1.0498940332389806
bond_length_control,87,57,19,48,1.4151356874045458,1108.880955186974,-38.81195093118513,0.5385427820510454,0.5691626879912758,0,2.918604362406479
bond_length_control,87,58,19,54,1.501620507918092,797.0817727186671,16.85441039979453,0.5634524446518576,0.5691626879912758,0,-10.16847666488611
bond_length_control,87,59,19,55,1.4622154539846681,1244.9181481773094,-36.6306478009489,0.5374500678045981,0.5691626879912758,0,-2.758143409325876
bond_length_control,87,60,20,49,1.4470983083497728,1413.578284521193,-2.3142035507172296,0.5266102109491856,0.5691626879912758,0,-0.5675719937986514
bond_length_control,87,61,20,55,1.4348392874094296,1240.0799535940266,-10.39493879236855,0.5213380253603668,0.5691626879912758,0,0.9510970070641713
bond_length_control,87,62,20,56,1.3980298678995853,1287.0174366712902,31.76791769874727,0.4966987416208094,0.5691626879912758,0,4.163973066058767
bond_length_control,87,63,21,50,1.480038198412267,821.0255087882867,-28.92837680999473,0.5718060688892483,0.5691626879912758,1,-5.800916579289997
bond_length_control,87,64,21,56,1.406470147800349,1171.2131099808355,1.9388921911123362,0.5111244024446571,0.5691626879912758,0,3.602533270815557
bond_length_control,87,65,21,57,1.4513493970900073,1097.8044128632846,-0.1629959637587438,0.5335183619848849,0.5691626879912758,0,-1.1478412470117183
bond_length_control,87,66,22,51,1.304118562534494,-654.5065711186134,-172.55215748630908,0.4220920506248429,0.5691626879912758,0,3.7952958134453487
bond_length_control,87,67,22,57,1.4325845952428513,899.8146179321346,-2.0144093074279597,0.42838020997089804,0.5691626879912758,0,1.2056168043312698
bond_length_control,87,68,22,58,1.351405525092858,471.47199806815263,-18.447248231806547,0.4067683608228949,0.5691626879912758,0,5.458335240862165
bond_length_control,87,69,23,52,1.3966764378722314,1117.7777957819992,-5.522605862226755,0.5425441998863151,0.5691626879912758,0,4.244471455998222
bond_length_control,87,70,23,58,1.538821244205001,168.00816071776558,-81.53138437549568,0.5255304995965686,0.5691626879912758,0,-19.51270625015794
bond_length_control,87,71,23,59,1.4943554870222482,991.1822738891527,-12.187980433645794,0.5779550633914496,0.5691626879912758,1,-8.613555785377898
bond_length_control,87,72,24,59,1.3511986435958705,949.079233040473,35.17146891789046,0.5594965899812935,0.5691626879912758,0,5.457437198211589
bond_length_control,87,73,24,60,1.4450824295020779,1120.946420139529,36.01276559119621,0.5518576069782649,0.5691626879912758,0,-0.30210612241415546
bond_length_control,87,74,24,65,1.4546553701221627,1188.7243310787453,26.004859949229157,0.5574519712712811,0.5691626879912758,0,-1.6183678248624114
bond_length_control,87,75,25,54,1.3800260859345534,999.3965657003346,4.416295884674633,0.5490283934753211,0.5691626879912758,0,5.021918300871271
bond_length_control,87,76,25,60,1.5257754507360446,141.85691982961325,-20.116349019285128,0.5439544240725814,0.5691626879912758,0,-15.96891149648441
bond_length_control,87,77,25,61,1.4323922582098096,1065.6209710380108,-3.3619226362325785,0.5203903400025625,0.5691626879912758,0,1.2269744418440265
bond_length_control,87,78,26,55,1.4313492214582324,987.0151571011662,-49.7252798608981,0.49927267581532225,0.5691626879912758,0,1.3418278797256362
bond_length_control,87,79,26,61,1.4191169193758841,1074.491116127438,-35.96998267517015,0.49663699918982307,0.5691626879912758,0,2.5675084678781745
bond_length_control,87,80,26,62,1.4246237166926345,1150.9140532346585,-52.249806379950414,0.4996826502218818,0.5691626879912758,0,2.04328572693776
bond_length_control,87,81,27,56,1.4147547213509504,921.7020989395057,-3.96017133688939,0.48474569739408957,0.5691626879912758,0,2.9509790630100166
bond_length_control,87,82,27,62,1.4156506977505219,1005.4669469259208,4.001840422137658,0.5097949555402065,0.5691626879912758,0,2.8744997889427464
bond_length_control,87,83,27,63,1.47643642237516,873.1698263476547,-22.46406250526152,0.5236618517753735,0.5691626879912758,0,-5.145331977876325
bond_length_control,87,84,28,57,1.4374450544790984,1006.3538216935888,-1.9689923291512486,0.5113682347037961,0.5691626879912758,0,0.647391909184984
bond_length_control,87,85,28,63,1.427857474851477,1168.8518292083895,19.17659508009687,0.5278904295448523,0.5691626879912758,0,1.7144469784656005
bond_length_control,87,86,28,64,1.351370440619685,491.33632205103595,-7.940389275110168,0.4649217856158472,0.5691626879912758,0,5.458186983357833
bond_length_control,87,87,29,58,1.3905887970053608,1003.2696995199382,-53.91344709109576,0.4386956958639193,0.5691626879912758,0,4.574220214747796
bond_length_control,87,88,29,64,1.3387085669800558,246.5121617434486,-11.636566664357828,0.41386109592397347,0.5691626879912758,0,5.29760193874323
bond_length_control,87,89,29,65,1.4033558024208292,1008.9501805063452,9.671627375114177,0.48907564094878797,0.5691626879912758,0,3.821660186344829
bond_length_control,87,90,30,65,1.4643338105796446,927.7906983945613,-34.76341637011823,0.5242269508670281,0.5691626879912758,0,-3.0935223055522902
bond_length_control,87,91,30,66,1.3840306447836694,877.4391977586829,-42.05088096554845,0.5056710171209365,0.5691626879912758,0,4.870658764439489
bond_length_control,87,92,30,71,1.3887446216603396,910.69921316627,-10.31786797723798,0.4750411488278917,0.5691626879912758,0,4.6637199516073595
bond_length_control,87,93,31,60,1.3704026547479773,1137.2924453830542,-7.005987810313351,0.5444805015242686,0.5691626879912758,0,5.294047049131339
bond_length_control,87,94,31,66,1.4611229673749808,938.4901463641793,-19.77955618419962,0.5315189320711933,0.5691626879912758,0,-2.5879278191655333
bond_length_control,87,95,31,67,1.4261998788561028,1103.0881337721742,-25.343197573724257,0.5077020691781633,0.5691626879912758,0,1.8849542215823716
bond_length_control,87,96,32,61,1.3834886069848509,844.9551455062983,-42.362359016662616,0.4754191029161216,0.5691626879912758,0,4.892448210174723
bond_length_control,87,97,32,67,1.403887979546066,1077.4020838674905,-17.05842549285357,0.4622047546400353,0.5691626879912758,0,3.7852097961060727
bond_length_control,87,98,32,68,1.4029705444617766,1131.524289683715,-49.89002315392871,0.4784509296153691,0.5691626879912758,0,3.847792435193197
bond_length_control,87,99,33,62,1.5182578937935352,297.5498636215733,-70.34571183223129,0.5254613393447005,0.5691626879912758,0,-14.058687807865692
bond_length_control,87,100,33,68,1.411302100465413,1186.2737922052088,-13.61351389157095,0.5254475150118894,0.5691626879912758,0,3.234688445487593
bond_length_control,87,101,33,69,1.4444121611652234,1173.387316787514,-45.20862387108355,0.5357974411980455,0.5691626879912758,0,-0.21521819437687828
bond_length_control,87,102,34,63,1.395341019768232,1081.3005825075863,0.7077080172138359,0.4989271677000243,0.5691626879912758,0,4.321330240235832
bond_length_control,87,103,34,69,1.4204610811438707,1056.8978575114081,-7.122587084542774,0.49539637331820224,0.5691626879912758,0,2.4436930281866998
bond_length_control,87,104,34,70,1.3794986411913712,949.2296076346754,-14.000585919217425,0.5196828909922658,0.5691626879912758,0,5.04016833483229
bond_length_control,87,105,35,64,1.5126237297240805,581.7911754314567,-92.8155623103524,0.46445740899474286,0.5691626879912758,0,-12.689538989681875
bond_length_control,87,106,35,70,1.474783178548835,966.5723380179436,-18.942078521260015,0.5481817762159895,0.5691626879912758,0,-4.8513509977424265
bond_length_control,87,107,35,71,1.4561092613033069,856.2372672620884,-48.336560159118264,0.490486151980421,0.5691626879912758,0,-1.8306526079375027
bond_length_control,272,0,0,36,1.4766867076248007,866.5590683567858,-23.55086658400405,0.5257689844160056,0.5692391655686346,0,-12.704499588334498
bond_length_control,272,1,0,41,1.462651921041856,759.0523425860658,21.20295574967172,0.47778572084828197,0.5692391655686346,0,-9.82215542887994
bond_length_control,272,2,0,71,1.4586504185074207,896.5548293633459,-6.879518568434,0.4648679577911284,0.5692391655686346,0,-9.07528262790052
bond_length_control,272,3,1,36,1.3644063362164927,316.3837198043118,9.001976250247408,0.43216821290817764,0.5692391655686346,0,-0.6222957544408896
bond_length_control,272,4,1,37,1.3618611546599386,525.1065000249613,42.878157674911826,0.4457759143910692,0.5692391655686346,0,-0.625998892745125
bond_length_control,272,5,1,66,1.3603401314695862,504.0591499505873,17.803151369183702,0.41827633490042415,0.5692391655686346,0,-0.6337681943822968
bond_length_control,272,6,2,37,1.493951967153799,518.6805779648615,-20.231454529987314,0.5765884445621547,0.5692391655686346,1,-16.820157976458013
bond_length_control,272,7,2,38,1.5491541956850376,-318.6366212365721,-10.058674298206284,0.5615745115569913,0.5692391655686346,0,-34.3609050018411
bond_length_control,272,8,2,67,1.38526827942146,830.9273839552833,23.241224460416063,0.5142263637438718,0.5692391655686346,0,-1.0359382625097684
bond_length_control,272,9,3,38,1.4032111019427984,1064.6905722857528,36.47848706006389,0.5162822829621072,0.5692391655686346,0,-2.037399835001297
bond_length_control,272,10,3,39,1.402975172531453,861.8275798339091,9.981671080980911,0.48563179933838574,0.5692391655686346,0,-2.0202863508519506
bond_length_control,272,11,3,68,1.4423791672354365,914.712499158506,13.869377108875945,0.5044531761492974,0.5692391655686346,0,-6.375487649222695
bond_length_control,272,12,4,39,1.4408944264448333,831.9858318386704,-2.265997824460089,0.500786903909406,0.5692391655686346,0,-6.15581942871392
bond_length_control,272,13,4,40,1.4187015004453882,899.1079513667248,-21.13225312887972,0.5213902185336055,0.5692391655686346,0,-3.394708848694343
bond_length_control,272,14,4,69,1.384312587588118,863.1157519510513,-30.04004634784784,0.5309555447327179,0.5692391655686346,0,-0.99950490392356
bond_length_control,272,15,5,40,1.49026927874541,668.7319212302301,-10.191728197221098,0.5073040659868244,0.5692391655686346,0,-15.888892379465327
bond_length_control,272,16,5,41,1.372974195950072,577.2077589362511,-15.270788821255396,0.4707742029408946,0.5692391655686346,0,-0.6958917055311264
bond_length_control,272,17,5,70,1.3872883397074307,1007.5230198631002,-17.125363828016646,0.5433924027587385,0.5692391655686346,0,-1.118533004149855
bond_length_control,272,18,6,41,1.3477299219224605,263.72321408443963,11.822997432337681,0.4458182929214376,0.5692391655686346,0,-0.8569827409222714
bond_length_control,272,19,6,42,1.389902901005301,992.5463268151128,39.69096022232799,0.5023619623593647,0.5692391655686346,0,-1.2367234956313506
bond_length_control,272,20,6,47,1.551763549968447,-350.77091216632067,-97.22141895240091,0.4239946561405441,0.5692391655686346,0,-35.360686542882256
bond_length_control,272,21,7,36,1.433784347960974,963.630338750188,-18.67928545580739,0.5311242142605276,0.5692391655686346,0,-5.165043783860272
bond_length_control,272,22,7,42,1.4503332379724438,1115.2680694597937,30.966048376229743,0.5396846201307312,0.5692391655686346,0,-7.6280080598775974
bond_length_control,272,23,7,43,1.4239893224496025,995.4341731521415,-22.03861190326985,0.49036526699747485,0.5692391655686346,0,-3.96447515908532
bond_length_control,272,24,8,37,1.457107097895644,789.1288950510893,-30.16985472211836,0.5359314873011384,0.5692391655686346,0,-8.796030659443502
bond_length_control,272,25,8,43,1.338532222971929,148.00068971969438,-27.698392525882763,0.4815648385551941,0.5692391655686346,0,-1.1965256248610618
bond_length_control,272,26,8,44,1.403193470375803,954.7779108556347,32.09205274199173,0.5021252610299148,0.5692391655686346,0,-2.0361172379692665
bond_length_control,272,27,9,38,1.4788021131006228,873.3510527098861,-6.180120414881938,0.5402121142735261,0.5692391655686346,0,-13.174728715981994
bond_length_control,272,28,9,44,1.4186879561815673,1016.537249018187,19.768340107127777,0.5214198210074659,0.5692391655686346,0,-3.393319500929754
bond_length_control,272,29,9,45,1.3756702140951726,906.1865319679443,29.630639849088084,0.5419070440821803,0.5692391655686346,0,-0.7466809734878712
bond_length_control,272,30,10,39,1.346076787489453,393.7925402780625,15.453382999870973,0.5120989496031279,0.5692391655686346,0,-0.9070972000283763
bond_length_control,272,31,10,45,1.4390088006094772,1033.1797974910346,-1.9765095573617761,0.5444443630355034,0.5692391655686346,0,-5.883216100729491
bond_length_control,272,32,10,46,1.4414331395645763,916.9830727868563,-11.541388212453505,0.5243156504233164,0.5692391655686346,0,-6.235010462737005
bond_length_control,272,33,11,40,1.3856876293032672,724.9571923787765,-37.27644801551606,0.49601990443710564,0.5692391655686346,0,-1.0524602608075018
bond_length_control,272,34,11,46,1.4371140951821166,1071.928327634883,2.1218273132369845,0.4876332906330949,0.5692391655686346,0,-5.616469010990603
bond_length_control,272,35,11,47,1.385972130537111,1088.1719295302385,21.026620854934215,0.4376664046102824,0.5692391655686346,0,-1.0638554008868741
bond_length_control,272,36,12,47,1.3243803896935384,-11.580256807251722,-38.540116859034875,0.44332119215769017,0.5692391655686346,0,-2.005015001000759
bond_length_control,272,37,12,48,1.4148592788738539,1081.4203957521972,18.565963382426627,0.496526171588575,0.5692391655686346,0,-3.0148723900469108
bond_length_control,272,38,12,53,1.534564704014107,-67.08279813610163,-59.12268657791486,0.5387932499859418,0.5692391655686346,0,-29.05966669377429
bond_length_control,272,39,13,42,1.4850817981726074,714.2657508591418,-37.573827063200525,0.5257452321718066,0.5692391655686346,0,-14.626398257487919
bond_length_control,272,40,13,48,1.477774043800502,828.8481637750277,25.30438111985193,0.5005829053838706,0.5692391655686346,0,-12.945022536995276
bond_length_control,272,41,13,49,1.4849809858129632,720.8525383476639,-22.036441100214258,0.5250149035204601,0.5692391655686346,0,-14.602432154652833
bond_length_control,272,42,14,43,1.4054046136215852,891.6025767669493,-8.480865141440676,0.4499670262103645,0.5692391655686346,0,-2.2015898188053047
bond_length_control,272,43,14,49,1.387308218671589,983.2860486221886,-2.997868114027141,0.4985560506922744,0.5692391655686346,0,-1.1193835308978972
bond_length_control,272,44,14,50,1.3800698352592329,774.0302553550197,17.090353610437635,0.47406910863045504,0.5692391655686346,0,-0.8581824557046449
bond_length_control,272,45,15,44,1.4509657780127374,945.4888590274961,18.548964895831098,0.5057837697380223,0.5692391655686346,0,-7.73311587706916
bond_length_control,272,46,15,50,1.4103893409056214,947.9327115174092,4.451840808296241,0.509325429683392,0.5692391655686346,0,-2.6089402221401627
bond_length_control,272,47,15,51,1.415163566132608,842.532868664454,-12.371738794229746,0.5137264884374363,0.5692391655686346,0,-3.0439095689405518
bond_length_control,272,48,16,45,1.4553410877107664,895.2412931211064,-8.700180718601667,0.5599145171329181,0.5692391655686346,0,-8.48247900104896
bond_length_control,272,49,16,51,1.478147050396681,666.2354371548261,-27.693469210597026,0.5473700127576178,0.5692391655686346,0,-13.028107265855256
bond_length_control,272,50,16,52,1.338875705760634,269.4305288997703,1.4957673629171637,0.5109866915969459,0.5692391655686346,0,-1.1811939570274692
bond_length_control,272,51,17,46,1.4779844641800706,825.5540478878206,0.3391408042336119,0.5361711194858874,0.5692391655686346,0,-12.991856185678737
bond_length_control,272,52,17,52,1.4284121325737922,808.1338690171788,14.274812294982395,0.5073720065621021,0.5692391655686346,0,-4.483127274235596
bond_length_control,272,53,17,53,1.5076829518003587,457.89343290885313,-0.4400766545236724,0.5816762912913265,0.5692391655686346,1,-20.551123514132314
bond_length_control,272,54,18,53,1.3915936892307803,690.1440228943022,-36.25834119343108,0.510784696911414,0.5692391655686346,0,-1.3199566749344704
bond_length_control,272,55,18,54,1.394643313107746,737.0561182386591,-4.018151702232951,0.43949771616468636,0.5692391655686346,0,-1.4836363566141628
bond_length_control,272,56,18,59,1.3586227970904872,462.3374060724528,13.510729541826343,0.4326624950005609,0.5692391655686346,0,-0.6475224747630737
bond_length_control,272,57,19,48,1.3976960556860405,1080.9663464658875,39.77118882871519,0.5163409401242313,0.5692391655686346,0,-1.6650143603693
bond_length_control,272,58,19,54,1.4239075116319166,1157.3001053265855,26.247570432118653,0.48732103777487024,0.5692391655686346,0,-3.9552434449761065
bond_length_control,272,59,19,55,1.4400350590993476,1027.2328452980464,-4.834407737282762,0.5264821804757325,0.5692391655686346,0,-6.030697543113626
bond_length_control,272,60,20,49,1.4482786101286846,1052.1114672557371,30.653679097011263,0.5381044773247516,0.5692391655686346,0,-7.292203129852256
bond_length_control,272,61,20,55,1.442694036782343,914.1187794162745,-1.0912911478873182,0.5238137195396634,0.5692391655686346,0,-6.422642223322621
bond_length_control,272,62,20,56,1.4642188229377462,992.1891356100924,20.191165631168143,0.5415661261100744,0.5692391655686346,0,-10.123621781454327
bond_length_control,272,63,21,50,1.4696635184766897,683.1299293496031,21.406886141586153,0.5176684788831984,0.5692391655686346,0,-11.210766138848689
bond_length_control,272,64,21,56,1.4854727850361757,617.1279597625494,4.400186357849239,0.5456170697303406,0.5692391655686346,0,-14.719552257867305
bond_length_control,272,65,21,57,1.4539879598120944,1014.5080163180733,2.1016991192379186,0.4863630222012132,0.5692391655686346,0,-8.24655361046625
bond_length_control,272,66,22,51,1.3729434134323442,646.2280807099261,-16.893978817339,0.46674805327908975,0.5692391655686346,0,-0.6953884920153275
bond_length_control,272,67,22,57,1.5679932541893589,-778.7612119765253,-70.18362821081153,0.4310415378430602,0.5692391655686346,0,-41.93599357646084
bond_length_control,272,68,22,58,1.38302118373268,730.5825040829593,-12.561680352186153,0.46609726960348424,0.5692391655686346,0,-0.9529640721789097
bond_length_control,272,69,23,52,1.391189939517858,836.9499846549478,-24.719548767505948,0.488942582035992,0.5692391655686346,0,-1.2995946834368226
bond_length_control,272,70,23,58,1.4192921902412998,990.7824704625623,-32.36093458912137,0.5246751195210584,0.5692391655686346,0,-3.455648286230344
bond_length_control,272,71,23,59,1.4597590797694635,921.7977681407009,-34.79883772547021,0.4851246648543631,0.5692391655686346,0,-9.278907917746421
bond_length_control,272,72,24,59,1.365370790663242,544.006153835231,-45.18134260227093,0.433130079041861,0.5692391655686346,0,-0.6239408055749909
bond_length_control,272,73,24,60,1.4179637344998497,884.8118800683075,1.0641890804675251,0.45280823087395083,0.5692391655686346,0,-3.3195499136113367
bond_length_control,272,74,24,65,1.36922978134322,556.1443391159607,-23.79701252407044,0.49591746513808804,0.5692391655686346,0,-0.6473453519469086
bond_length_control,272,75,25,54,1.3952894014603732,898.9145004397483,2.796802100590766,0.4699436400733495,0.5692391655686346,0,-1.5205577394243601
bond_length_control,272,76,25,60,1.4210088577294262,891.3570388532726,-1.7810807417624301,0.4827865707413139,0.5692391655686346,0,-3.636611299434416
bond_length_control,272,77,25,61,1.411259329516806,864.8458634128037,17.923686693483074,0.49824835728838324,0.5692391655686346,0,-2.684926522957019
bond_length_control,272,78,26,55,1.3453568607620479,358.20803917667064,-31.60407766326205,0.5562176686264717,0.5692391655686346,0,-0.9304214664308663
bond_length_control,272,79,26,61,1.4699745602948722,1196.4439455656795,-12.708085080286432,0.5453612431406434,0.5692391655686346,0,-11.27473530529882
bond_length_control,272,80,26,62,1.4579003484252144,966.7377771876683,1.787907387183157,0.5361364575833619,0.5692391655686346,0,-8.938952265841072
bond_length_control,272,81,27,56,1.3337586425438286,182.99816918658357,-23.37924542288781,0.53473498778725,0.5692391655686346,0,-1.4307500807504372
bond_length_control,272,82,27,62,1.4035874269051787,907.551655224144,8.456442370476415,0.49690137017372926,0.5692391655686346,0,-2.0649165870016493
bond_length_control,272,83,27,63,1.4762188857051446,785.502828240605,-5.217490236173996,0.5120035955158957,0.5692391655686346,0,-12.601781883305156
bond_length_control,272,84,28,57,1.4357755617954269,820.7181263633119,8.744886510295887,0.48339143631491266,0.5692391655686346,0,-5.432344376366324
bond_length_control,272,85,28,63,1.3499044339325905,479.93411553540756,11.82780253265419,0.5199140915726856,0.5692391655686346,0,-0.7983860383702552
bond_length_control,272,86,28,64,1.421627486482463,1091.568193231807,11.107272273790974,0.5225778794240263,0.5692391655686346,0,-3.703234111760627
bond_length_control,272,87,29,58,1.5045118114186533,382.3627784580263,-34.455649861371555,0.54791515075942,0.5692391655686346,0,-19.65300607499885
bond_length_control,272,88,29,64,1.3839240027024111,1009.8514511380831,-12.741889659827338,0.5520458621081097,0.5692391655686346,0,-0.9851756334118296
bond_length_control,272,89,29,65,1.4539765386392123,942.6788709668166,-36.3246995251594,0.5711520821889517,0.5692391655686346,1,-8.244578194030206
bond_length_control,272,90,30,65,1.5042504418341427,396.9752799557598,0.582401447588754,0.5449626818287722,0.5692391655686346,0,-19.579963216218815
bond_length_control,272,91,30,66,1.4138807909858728,1327.6680152854713,-17.919767694731974,0.5207404621560103,0.5692391655686346,0,-2.922713127638376
bond_length_control,272,92,30,71,1.355870100229959,332.53907383597505,-18.02694087882614,0.47373131353888664,0.5692391655686346,0,-0.6805604789834039
bond_length_control,272,93,31,60,1.4000056889859762,1064.8465150732895,-2.37176124448483,0.5090392295535255,0.5692391655686346,0,-1.8139420284759922
bond_length_control,272,94,31,66,1.4742061863240825,849.8412194347954,17.668634857734915,0.5279262441449009,0.5692391655686346,0,-12.165112158081774
bond_length_control,272,95,31,67,1.4263174698451468,815.7349638010444,5.650127015407569,0.49306374281726295,0.5692391655686346,0,-4.2326951447753896
bond_length_control,272,96,32,61,1.3884939277158599,966.1568811483627,12.450059372370564,0.4878923155498198,0.5692391655686346,0,-1.1714464528456379
bond_length_control,272,97,32,67,1.3642134435966382,639.9137516377336,-8.511999745987465,0.4564550422664879,0.5692391655686346,0,-0.6221680139469594
bond_length_control,272,98,32,68,1.4262752838465955,998.2877017083897,-4.994309734942957,0.49197408326679765,0.5692391655686346,0,-4.2277402523052245
bond_length_control,272,99,33,62,1.3957307147678037,778.1059694248012,-22.01853276977144,0.4864236360591092,0.5692391655686346,0,-1.5462290092779192
bond_length_control,272,100,33,68,1.355483403622705,499.5696656741198,-16.514694770407473,0.49973018933336844,0.5692391655686346,0,-0.6862835082824166
bond_length_control,272,101,33,69,1.4331020702380592,887.6174947679215,-46.16058847960514,0.5110774533457687,0.5692391655686346,0,-5.075268545927194
bond_length_control,272,102,34,63,1.4199233841777372,990.6970781753313,-5.28300684693783,0.5577813300165045,0.5692391655686346,0,-3.521517669530016
bond_length_control,272,103,34,69,1.4929114954212035,694.4903875035599,-5.499220824505565,0.5673329219609977,0.5692391655686346,0,-16.554091555349828
bond_length_control,272,104,34,70,1.487815870981913,562.9607113908353,-22.65007891937467,0.5938559325337993,0.5692391655686346,1,-15.284631273768975
bond_length_control,272,105,35,64,1.4795904948901761,684.4639930814044,-13.652058358134981,0.5679305389408884,0.5692391655686346,0,-13.35239246304805
bond_length_control,272,106,35,70,1.4772933388401066,674.4475373163397,-12.311897423196985,0.6013413536068424,0.5692391655686346,1,-12.838381453197227
bond_length_control,272,107,35,71,1.3555789982095914,378.6202107837192,12.26822583272446,0.515805390731845,0.5692391655686346,0,-0.6848439655490726
bond_length_control,216,0,0,36,1.577275804620516,-839.8423938022395,-95.4965933038039,0.4392496447567145,0.5655274531277208,0,-68.36916042599825
bond_length_control,216,1,0,41,1.2890980976895718,-1096.3794444328075,-136.35036790009974,0.42510998156035884,0.5655274531277208,0,11.577384556976511
bond_length_control,216,2,0,71,1.4647945168876988,740.976015816319,55.67889400315268,0.479583719316626,0.5655274531277208,0,-9.270029688300212
bond_length_control,216,3,1,36,1.4160139612200675,1263.4890779031496,45.10965458330378,0.4939943113069718,0.5655274531277208,0,4.623688180489353
bond_length_control,216,4,1,37,1.4728761922176914,992.7348217393563,50.15075089999346,0.5454676518824206,0.5655274531277208,0,-12.22618037984098
bond_length_control,216,5,1,66,1.3605362235755984,365.1962797113084,5.600254209709305,0.552422498256721,0.5655274531277208,0,12.599093315023893
bond_length_control,216,6,2,37,1.4592216142594043,1631.0129989876616,156.84816068240502,0.5342390929658282,0.5655274531277208,0,-7.342003706450381
bond_length_control,216,7,2,38,1.507203274900311,1754.5875855264744,111.81633370776476,0.5414621642722817,0.5655274531277208,0,-26.940942614423733
bond_length_control,216,8,2,67,1.2975200124296349,-1130.4331838700646,82.62465620853098,0.4914245332317642,0.5655274531277208,0,12.321313095251128
bond_length_control,216,9,3,38,1.4079689039625443,1161.1273819414664,31.52296366567893,0.5248797542335782,0.5655274531277208,0,6.283003978245855
bond_length_control,216,10,3,39,1.3642450617389035,523.9135032422389,-27.021527641123754,0.5110686640764152,0.5655274531277208,0,12.313728506879144
bond_length_control,216,11,3,68,1.414905891413333,893.6114138989235,31.103700462162617,0.49860883109861054,0.5655274531277208,0,4.862616972780324
bond_length_control,216,12,4,39,1.4933992160044904,438.5079680769803,6.57349740255133,0.535249841664938,0.5655274531277208,0,-20.59831105991634
bond_length_control,216,13,4,40,1.45271493499573,787.6532256382895,24.818673237991355,0.5037358821372369,0.5655274531277208,0,-5.203990657321889
bond_length_control,216,14,4,69,1.4438505873422611,754.9781969105987,-36.36369359742185,0.52479804792266,0.5655274531277208,0,-2.4854548350519625
bond_length_control,216,15,5,40,1.3921728906281472,761.459054177068,52.37221236606996,0.48480273224786574,0.5655274531277208,0,9.037449512055655
bond_length_control,216,16,5,41,1.5296114121029891,-100.87201677154268,-32.59243209127001,0.4572917068544719,0.5655274531277208,0,-38.4855675671495
bond_length_control,216,17,5,70,1.3825808275558156,918.2937930362443,88.83124317112728,0.5187176405938204,0.5655274531277208,0,10.389511576262134
bond_length_control,216,18,6,41,1.423132327420138,767.6298325397378,35.080336855102395,0.48211119572074934,0.5655274531277208,0,3.0091021643449847
bond_length_control,216,19,6,42,1.4596861848220046,931.2181185528368,21.7487269581665,0.5223879684717085,0.5655274531277208,0,-7.499304035906523
bond_length_control,216,20,6,47,1.3632141461133056,821.3352464746828,77.82372870703281,0.537811952890684,0.5655274531277208,0,12.396523331525422
bond_length_control,216,21,7,36,1.4422759271323056,906.7576989670579,10.398099565974523,0.4926660187758768,0.5655274531277208,0,-2.0257827581847287
bond_length_control,216,22,7,42,1.4327698726872296,716.9924439340598,15.686789563633347,0.5188031283304803,0.5655274531277208,0,0.6015729490723136
bond_length_control,216,23,7,43,1.4034817949738767,1027.31024356957,12.387981925047548,0.5192927949500437,0.5655274531277208,0,7.132900884877547
bond_length_control,216,24,8,37,1.4099219172370374,968.2841053646317,-1.0221857592077264,0.5168661106568853,0.5655274531277208,0,5.896228882949668
bond_length_control,216,25,8,43,1.4131269758793508,785.6722123345369,26.36117364448515,0.4920195462556033,0.5655274531277208,0,5.239241694313674
bond_length_control,216,26,8,44,1.4175956529199045,868.7897414145394,39.49046010046761,0.4913829704551813,0.5655274531277208,0,4.27686001107886
bond_length_control,216,27,9,38,1.475048152561588,537.2474133741839,38.78116406276331,0.5545138653165589,0.5655274531277208,0,-13.053203561406281
bond_length_control,216,28,9,44,1.4165655470942453,845.9416391621801,35.857717862818404,0.5218076538084016,0.5655274531277208,0,4.50350999088577
bond_length_control,216,29,9,45,1.38111574462722,595.264142353273,54.71817505413383,0.536618673190463,0.5655274531277208,0,10.574967736569043
bond_length_control,216,30,10,39,1.4355025600125257,906.9356172048331,-2.9776636550743403,0.5352588207579767,0.5655274531277208,0,-0.1278632669667683
bond_length_control,216,31,10,45,1.4458382570973571,910.4894048304765,6.512749957250097,0.5311747187890437,0.5655274531277208,0,-3.075675070601502
bond_length_control,216,32,10,46,1.4620664185905463,884.3808319071072,22.853373338499594,0.5321351354755255,0.5655274531277208,0,-8.314993715598451
bond_length_control,216,33,11,40,1.364940565329184,392.82085977732896,42.48598388226731,0.5123446708277737,0.5655274531277208,0,12.256356982800668
bond_length_control,216,34,11,46,1.5165839400327854,245.73454354189457,55.48203049709777,0.5407349450730237,0.5655274531277208,0,-31.583914543233767
bond_length_control,216,35,11,47,1.4296695245009674,976.030196876323,44.51941847331725,0.5405344026043144,0.5655274531277208,0,1.4040420276061472
bond_length_control,216,36,12,47,1.4904949728267243,534.9626817387878,11.118946943130217,0.5603071187338716,0.5655274531277208,0,-19.33729535660929
bond_length_control,216,37,12,48,1.4910748505732245,770.8199136520832,1.4476909306743673,0.5451711710623726,0.5655274531277208,0,-19.587052054510785
bond_length_control,216,38,12,53,1.322006901781384,-312.4279502795636,-65.39204430950973,0.5268824717506202,0.5655274531277208,0,13.555832454645959
bond_length_control,216,39,13,42,1.325010579016772,-203.96961062151973,45.217349646735386,0.5137821828803234,0.5655274531277208,0,13.61039637415221
bond_length_control,216,40,13,48,1.4368748353535499,652.6607938217008,6.691012969538376,0.5140702196277998,0.5655274531277208,0,-0.5020109536312063
bond_length_control,216,41,13,49,1.4510873865609957,881.3150819531279,-11.448705300719814,0.4885005528859654,0.5655274531277208,0,-4.688126839750138
bond_length_control,216,42,14,43,1.5047239444935023,281.67659454741545,-22.93728969127591,0.4818547263787669,0.5655274531277208,0,-25.75900802744208
bond_length_control,216,43,14,49,1.3408025662448015,146.12416508819015,30.343476534614492,0.4560834297648455,0.5655274531277208,0,13.54150462027772
bond_length_control,216,44,14,50,1.3676291269066039,560.4063338569787,40.190296341538826,0.48117753826095394,0.5655274531277208,0,12.023081233347021
bond_length_control,216,45,15,44,1.4846075687210625,756.6891692978833,42.604329415767644,0.5204931632050082,0.5655274531277208,0,-16.858538332025958
bond_length_control,216,46,15,50,1.443658578140514,864.6294801522582,51.7547860294969,0.5204525508876172,0.5655274531277208,0,-2.429029907760027
bond_length_control,216,47,15,51,1.4597757206165831,798.4426675107014,44.63940086965457,0.5193825056012953,0.5655274531277208,0,-7.529691658576027
bond_length_control,216,48,16,45,1.4401800280397026,894.1940536865819,38.821076132773705,0.5335595895234937,0.5655274531277208,0,-1.4247703613546747
bond_length_control,216,49,16,51,1.3515439945251781,414.5248558679598,70.96267610591376,0.5176379125377194,0.5655274531277208,0,13.148044725040954
bond_length_control,216,50,16,52,1.432982620080033,888.3021905769115,43.67226313745023,0.5369245022594062,0.5655274531277208,0,0.5455297004668869
bond_length_control,216,51,17,46,1.3268529852264972,-314.01397328951754,-17.564881093952156,0.4890811378522511,0.5655274531277208,0,13.633237117864205
bond_length_control,216,52,17,52,1.3823836321445238,597.7835883954767,51.4726030677303,0.4914856339016818,0.5655274531277208,0,10.414796855426552
bond_length_control,216,53,17,53,1.433471233834455,858.6816684704446,5.051318104397927,0.45545594840029036,0.5655274531277208,0,0.41633996507209137
bond_length_control,216,54,18,53,1.422064918538509,737.4944391095563,-8.963362143071786,0.48282342692970637,0.5655274531277208,0,3.260029047897109
bond_length_control,216,55,18,54,1.4122537806525826,865.932528120997,23.36399657448471,0.5147533461722139,0.5655274531277208,0,5.420979863670587
bond_length_control,216,56,18,59,1.42534524428055,747.5765494364814,-0.24744465074593314,0.5063873416199949,0.5655274531277208,0,2.4789363535964255
bond_length_control,216,57,19,48,1.435249628239922,985.3492203558251,-1.3044323263629483,0.5201100109134056,0.5655274531277208,0,-0.0594752143355155
bond_length_control,216,58,19,54,1.4452460901971826,700.4730483541705,0.9579108000723549,0.5337512308441608,0.5655274531277208,0,-2.898669897903172
bond_length_control,216,59,19,55,1.4081554127934812,801.4502697006118,-14.895751090891958,0.49371722475957835,0.5655274531277208,0,6.246510276709541
bond_length_control,216,60,20,49,1.3839126511078235,754.4816704001806,20.444605177291034,0.4582209346290889,0.5655274531277208,0,10.21610100423825
bond_length_control,216,61,20,55,1.328730166662616,-101.22588260790305,45.856088547915384,0.45739781521709605,0.5655274531277208,0,13.648169947896385
bond_length_control,216,62,20,56,1.4528399698333176,832.4357997994279,30.297204613192466,0.5046213698303648,0.5655274531277208,0,-5.2439338063657
bond_length_control,216,63,21,50,1.4166709885033284,875.5235680171309,27.061668033583942,0.5014655742013174,0.5655274531277208,0,4.480442615684059
bond_length_control,216,64,21,56,1.3690798072427395,606.0841500117501,45.30392646626368,0.5227719009064848,0.5655274531277208,0,11.889605067991262
bond_length_control,216,65,21,57,1.4201091098930139,852.2187981687042,34.46121310797823,0.5096949583620878,0.5655274531277208,0,3.7117140217195415
bond_length_control,216,66,22,51,1.411291375937245,896.6099916839188,23.557335454647855,0.5142973490052628,0.5655274531277208,0,5.618900631196526
bond_length_control,216,67,22,57,1.3951530858360013,1003.9372096408728,55.05415777938387,0.5235967784523552,0.5655274531277208,0,8.56834765489982
bond_length_control,216,68,22,58,1.4666477416369281,676.475624711371,25.62120193761931,0.5359846492006355,0.5655274531277208,0,-9.931100489821883
bond_length_control,216,69,23,52,1.4802382019941545,537.0091418321856,18.119789677424794,0.5731345299375423,0.5655274531277208,1,-15.085667689130837
bond_length_control,216,70,23,58,1.363137200322377,512.1729183768841,32.541808802108015,0.5755352404112282,0.5655274531277208,1,12.402595583508287
bond_length_control,216,71,23,59,1.4783319680413913,562.4602105543914,7.319947083816572,0.5606687591264394,0.5655274531277208,0,-14.329936458473018
bond_length_control,216,72,24,59,1.4354676406810745,887.2557287997503,36.84051943082107,0.5381090870715926,0.5655274531277208,0,-0.11841111955064498
bond_length_control,216,73,24,60,1.3637752439792865,339.00609133674,75.11045154238852,0.5441901402543332,0.5655274531277208,0,12.351792745923369
bond_length_control,216,74,24,65,1.476967920978945,682.7219980913114,46.68746446622211,0.5563890528187598,0.5655274531277208,0,-13.795743244216073
bond_length_control,216,75,25,54,1.4576118459241731,857.7595820021255,43.90963370649705,0.5577973476020324,0.5655274531277208,0,-6.801750573756781
bond_length_control,216,76,25,60,1.468517326280184,854.6308112724108,44.784038621838754,0.5555123962325539,0.5655274531277208,0,-10.608123620963138
bond_length_control,216,77,25,61,1.366136215578689,749.2086141865072,74.18278199889052,0.501863467692036,0.5655274531277208,0,12.154873134930547
bond_length_control,216,78,26,55,1.5444050623650332,-38.90981016382433,17.305604862445477,0.497573234211539,0.5655274531277208,0,-46.97278891300698
bond_length_control,216,79,26,61,1.3666804110947868,533.0538017272067,95.99154090598971,0.48167336038612507,0.5655274531277208,0,12.107486022248828
bond_length_control,216,80,26,62,1.4482346183939956,915.4557651915254,29.867973035016085,0.5262000061699522,0.5655274531277208,0,-3.802104402836825
bond_length_control,216,81,27,56,1.5262976824047014,158.31655457152604,32.0396358584587,0.5299511236070923,0.5655274531277208,0,-36.67959438535388
bond_length_control,216,82,27,62,1.4101758611419706,802.071032774862,-6.764835928355486,0.5113543409522368,0.5655274531277208,0,5.845184297354606
bond_length_control,216,83,27,63,1.3941862150148667,931.8761814547826,11.043017343910403,0.5189689358110043,0.5655274531277208,0,8.723100288201032
bond_length_control,216,84,28,57,1.497608512234469,592.9036988437999,19.087569717488865,0.5445154288370193,0.5655274531277208,0,-22.47108983227242
bond_length_control,216,85,28,63,1.5050343493788296,382.56994434671947,18.68455584703524,0.5466101835853283,0.5655274531277208,0,-25.905952729765552
bond_length_control,216,86,28,64,1.3079501719758195,-649.5377946959311,-81.86796850388234,0.5036211452353726,0.5655274531277208,0,13.017688068865795
bond_length_control,216,87,29,58,1.4413644171515663,846.7334343843427,58.93611111141221,0.5241127510009699,0.5655274531277208,0,-1.7628849640964042
bond_length_control,216,88,29,64,1.4081907252735553,892.8340566046696,22.720441301815956,0.47083059665104293,0.5655274531277208,0,6.239590262004386
bond_length_control,216,89,29,65,1.4033728902466456,931.046107140997,43.301696120457315,0.5275262354633484,0.5655274531277208,0,7.152859561898509
bond_length_control,216,90,30,65,1.4511988250990195,882.6644211269065,10.15161636699333,0.5448484388376934,0.5655274531277208,0,-4.723207438228171
bond_length_control,216,91,30,66,1.4633674182113836,996.4132546142863,28.17465243382586,0.5532962983596594,0.5655274531277208,0,-8.767752712837144
bond_length_control,216,92,30,71,1.4335658716690638,843.4543475843296,5.222011385578973,0.5352021859698217,0.5655274531277208,0,0.3912409674119175
bond_length_control,216,93,31,60,1.4253124355550992,1412.4546475813106,78.34472417193189,0.5301085122798268,0.5655274531277208,0,2.4868948083590317
bond_length_control,216,94,31,66,1.5013226905776724,534.7915503396306,52.00899373753519,0.5507552843662193,0.5655274531277208,0,-24.1681306437939
bond_length_control,216,95,31,67,1.4352041617944669,1058.357692163416,74.80763525105611,0.500985878257855,0.5655274531277208,0,-0.04720083628265481
bond_length_control,216,96,32,61,1.4262160130017016,728.5898593646937,72.69131741845396,0.49332314959021095,0.5655274531277208,0,2.266630989084468
bond_length_control,216,97,32,67,1.467449990091574,921.711838286824,78.11146954843298,0.5178494441087571,0.5655274531277208,0,-10.220368565381499
bond_length_control,216,98,32,68,1.47085133967112,995.1990079557547,11.70900555924527,0.5416161520143069,0.5655274531277208,0,-11.46762703633306
bond_length_control,216,99,33,62,1.4288366384297155,934.2045788861151,-15.196769471287528,0.5185387040845346,0.5655274531277208,0,1.6150853069717837
bond_length_control,216,100,33,68,1.3685468599273598,639.5763276555144,18.68052219828444,0.5223050607248034,0.5655274531277208,0,11.939261845484971
bond_length_control,216,101,33,69,1.432587791101703,775.9375805195348,-26.011519565136656,0.52431309996033,0.5655274531277208,0,0.6494381936431988
bond_length_control,216,102,34,63,1.4251606112228064,947.6448034047534,32.03767368269925,0.5256499165698754,0.5655274531277208,0,2.5236845064261697
bond_length_control,216,103,34,69,1.391789022690215,772.121650385194,23.790366806821257,0.5238097175869033,0.5655274531277208,0,9.096175804275525
bond_length_control,216,104,34,70,1.4382589714816956,867.2580173964797,2.2495564678336883,0.5366624601474348,0.5655274531277208,0,-0.8847198734252313
bond_length_control,216,105,35,64,1.4410293412512245,919.4087221039305,1.907378846661159,0.5016178778985126,0.5655274531277208,0,-1.666829318983929
bond_length_control,216,106,35,70,1.486906636709671,561.5231764134578,-14.374457323252383,0.5556194598260278,0.5655274531277208,0,-17.8141845989999
bond_length_control,216,107,35,71,1.3555066919424585,671.2309549833377,62.034470953327634,0.5486672638429464,0.5655274531277208,0,12.930969411716035
bond_length_control,99,0,0,36,1.3952778937924082,1270.9118841491043,28.89221498538477,0.5165376786267986,0.566918278356306,0,6.8935559435671365
bond_length_control,99,1,0,41,1.4310879081560666,1408.2836250678215,54.85464713657657,0.5284554139373091,0.566918278356306,0,1.1629681218263823
bond_length_control,99,2,0,71,1.4676574620062197,1039.8000428422445,22.044703252792218,0.5278332663780494,0.566918278356306,0,-8.283961924622204
bond_length_control,99,3,1,36,1.4641297904183548,1055.737219137371,2.4823660613810388,0.5370786354770491,0.566918278356306,0,-7.209332173622357
bond_length_control,99,4,1,37,1.4871363416473544,777.5190368847334,-32.59230402487505,0.5820119967077266,0.566918278356306,1,-14.861728267213074
bond_length_control,99,5,1,66,1.3609596931199148,699.9097918928001,-61.92748541900368,0.4773049299963055,0.566918278356306,0,9.275221554908363
bond_length_control,99,6,2,37,1.4146969108198413,1122.3608577785442,3.960216749934159,0.5526441471243665,0.566918278356306,0,4.207779921884658
bond_length_control,99,7,2,38,1.4285716894116385,1672.328901451306,102.4870644473355,0.5201362952558128,0.566918278356306,0,1.6773671945582187
bond_length_control,99,8,2,67,1.4634277341083601,895.3349654356422,-32.10083330625346,0.536127700617994,0.566918278356306,0,-6.999687668542677
bond_length_control,99,9,3,38,1.4409808026597435,1359.3608902824242,73.72814561722623,0.5381506975015394,0.566918278356306,0,-1.0266870375767745
bond_length_control,99,10,3,39,1.4854526873123652,798.8578243253789,14.215322922416854,0.5429000022895956,0.566918278356306,0,-14.249718881657188
bond_length_control,99,11,3,68,1.3719424198585595,897.4137116652506,-18.894129896776754,0.5361778502532446,0.566918278356306,0,8.835024535860747
bond_length_control,99,12,4,39,1.424306556894283,1223.540177832682,66.20872639637476,0.5212715132638623,0.566918278356306,0,2.510206059520966
bond_length_control,99,13,4,40,1.4600560396758386,1266.4991327174112,45.51342817647105,0.5241888212995984,0.566918278356306,0,-6.012311474301875
bond_length_control,99,14,4,69,1.4320139647036425,1136.9343178069257,79.06065266021639,0.5310626258763432,0.566918278356306,0,0.9693270017265077
bond_length_control,99,15,5,40,1.421409255525466,1067.4168993907635,23.953481715798738,0.5072128415361974,0.566918278356306,0,3.048027032843053
bond_length_control,99,16,5,41,1.4199146660146196,1179.8777147519643,33.30825120476961,0.49903845466079183,0.566918278356306,0,3.3166669730484504
bond_length_control,99,17,5,70,1.3444407768812543,615.314853139371,-104.02610016803916,0.5284522987575411,0.566918278356306,0,9.380366033213129
bond_length_control,99,18,6,41,1.4500041159604158,1239.7017165921134,44.25445607819831,0.5362600084487348,0.566918278356306,0,-3.258659885592605
bond_length_control,99,19,6,42,1.4041579268143196,1023.2152375672639,-27.02771565684149,0.5466236382516407,0.566918278356306,0,5.787856954028792
bond_length_control,99,20,6,47,1.4641720040969162,1082.0748396766196,81.30446582466735,0.554567796063127,0.566918278356306,0,-7.221982408694917
bond_length_control,99,21,7,36,1.3504144157683418,736.4301862221234,-48.37585612821313,0.5013540184186075,0.566918278356306,0,9.418764461602557
bond_length_control,99,22,7,42,1.4612646778881322,902.6144283961887,-13.364082818005711,0.523635383532024,0.566918278356306,0,-6.362552795078074
bond_length_control,99,23,7,43,1.412120526414277,1188.5048296728764,24.960536980811835,0.5047058861418656,0.566918278356306,0,4.621106850052838
bond_length_control,99,24,8,37,1.4754766903237728,771.2323608670808,-45.14710849748683,0.5646703764200176,0.566918278356306,0,-10.792749357823688
bond_length_control,99,25,8,43,1.4314892480523784,1201.1768432034123,53.751558753984675,0.5230888829125983,0.566918278356306,0,1.0793328349994806
bond_length_control,99,26,8,44,1.38105814429307,939.9888343102726,1.1159020284620262,0.5040711359921255,0.566918278356306,0,8.241040940305933
bond_length_control,99,27,9,38,1.5224653899941771,550.6882020560836,-6.953966749799839,0.5171529894980261,0.566918278356306,0,-29.6470396728564
bond_length_control,99,28,9,44,1.369840121017628,914.5835773339039,-4.04769593495069,0.48906160093868767,0.566918278356306,0,8.942456967217161
bond_length_control,99,29,9,45,1.4170163676458452,1228.4303304779826,44.595239169373485,0.5102288680613443,0.566918278356306,0,3.8206042381830496
bond_length_control,99,30,10,39,1.4336383690555357,1203.196865297012,25.402157483333188,0.5232546080060808,0.566918278356306,0,0.6240261639699485
bond_length_control,99,31,10,45,1.4353534344742422,1131.9293851392574,23.858756133993957,0.5115811817813428,0.566918278356306,0,0.2516506970940444
bond_length_control,99,32,10,46,1.4006738712048694,1158.054430144965,36.919287659163466,0.5160861807848278,0.566918278356306,0,6.246114749371637
bond_length_control,99,33,11,40,1.4413507468315678,1189.5924852270205,52.60983967264349,0.5188367708510684,0.566918278356306,0,-1.113770944814556
bond_length_control,99,34,11,46,1.3791743196122297,951.2260098995035,-7.728858642696512,0.5087510355940792,0.566918278356306,0,8.380940672001604
bond_length_control,99,35,11,47,1.4117443059031591,1108.809544388652,38.6344278764067,0.528970171590055,0.566918278356306,0,4.679993249236501
bond_length_control,99,36,12,47,1.4495254302786742,1455.8294820491978,98.81103644040235,0.47096546594965716,0.566918278356306,0,-3.134580384601831
bond_length_control,99,37,12,48,1.2704604035168754,-1802.2724179385505,-974.8658471555576,0.40321475920341754,0.566918278356306,0,2.0418576177316297
bond_length_control,99,38,12,53,1.55333753754407,-273.7161560566091,-243.70134581573276,0.44054291826128084,0.566918278356306,0,-45.6951638539657
bond_length_control,99,39,13,42,1.4319337157112662,1391.8957339279655,65.41848999006464,0.5246691014386433,0.566918278356306,0,0.9861995165483917
bond_length_control,99,40,13,48,1.4359386454988354,1108.7197109517147,33.19891985422177,0.46486255250388997,0.566918278356306,0,0.12275229647640451
bond_length_control,99,41,13,49,1.4628433409085704,917.9445580635473,4.553765155545619,0.5092696572045028,0.566918278356306,0,-6.826245695228472
bond_length_control,99,42,14,43,1.4240894280828373,1142.1225216008186,17.408061759701408,0.5099970353671798,0.566918278356306,0,2.5512928076475414
bond_length_control,99,43,14,49,1.400252673546344,1064.6283779757157,25.192878797832055,0.5135270885231977,0.566918278356306,0,6.299371512444022
bond_length_control,99,44,14,50,1.4503281157367895,1170.0611192483245,58.75561941184877,0.5451641239569037,0.566918278356306,0,-3.34300573297865
bond_length_control,99,45,15,44,1.4354314862908337,998.5660068337272,19.008741356463585,0.49223612557950247,0.566918278356306,0,0.23451309759385275
bond_length_control,99,46,15,50,1.4914856416419717,642.7506295959911,0.7731808748939404,0.5464209610896993,0.566918278356306,0,-16.48116615744277
bond_length_control,99,47,15,51,1.3276406306564732,184.67437023671613,-193.7112020332467,0.5461126259564557,0.566918278356306,0,8.815740439796443
bond_length_control,99,48,16,45,1.4280763974700144,1492.4823680387199,42.40313107816085,0.5192352910349705,0.566918278356306,0,1.776601687606247
bond_length_control,99,49,16,51,1.4799003374640132,886.278498310261,12.033827530799693,0.5519445242892671,0.566918278356306,0,-12.290032394828138
bond_length_control,99,50,16,52,1.3498964485508096,476.55519576249793,-133.45058154987709,0.5183762757918089,0.566918278356306,0,9.418844672143635
bond_length_control,99,51,17,46,1.4868790981195366,738.1088199752285,-13.724058455714065,0.5577271423098467,0.566918278356306,0,-14.767683278027704
bond_length_control,99,52,17,52,1.4821012895703054,906.1191786386738,23.726730365765043,0.5523631280632,0.566918278356306,0,-13.05611830908849
bond_length_control,99,53,17,53,1.380055403993674,1074.2111080422312,51.718842704463626,0.5475237306174461,0.566918278356306,0,8.316624560708743
bond_length_control,99,54,18,53,1.419191841171508,1154.7067301996053,66.56363871898978,0.4944951076758155,0.566918278356306,0,3.4444454614753237
bond_length_control,99,55,18,54,1.4201794142353472,1095.524145820496,56.60501555639842,0.49686856906661836,0.566918278356306,0,3.269516278499001
bond_length_control,99,56,18,59,1.4445125995750396,1260.2646472969961,60.8306989809647,0.528471368847944,0.566918278356306,0,-1.8734570381473041
bond_length_control,99,57,19,48,1.4682900394520144,895.9050546386873,-10.269300003849388,0.4631023970246846,0.566918278356306,0,-8.480412908904352
bond_length_control,99,58,19,54,1.4041646998611172,1242.8559829577512,61.7497468272078,0.5028040174733508,0.566918278356306,0,5.786935229984211
bond_length_control,99,59,19,55,1.3916108903505433,1152.074762844201,15.164102864903581,0.503278674963409,0.566918278356306,0,7.290594864779656
bond_length_control,99,60,20,49,1.3691116641820165,944.6191308563785,-9.294768412334397,0.5419512513238179,0.566918278356306,0,8.977113510846372
bond_length_control,99,61,20,55,1.4583020479008901,1048.052547255351,24.71552150944941,0.5377204245619294,0.566918278356306,0,-5.511373221361644
bond_length_control,99,62,20,56,1.489792017946348,932.8186872306034,60.49716840539678,0.5285826918718677,0.566918278356306,0,-15.843948769950657
bond_length_control,99,63,21,50,1.3925216990724605,1076.5153178957717,9.21291305671644,0.5282080542330175,0.566918278356306,0,7.195210298999353
bond_length_control,99,64,21,56,1.3950347390893878,1208.6272694721733,30.129245514903104,0.4832024593473612,0.566918278356306,0,6.92095617700582
bond_length_control,99,65,21,57,1.4497158138714759,1038.4706926418364,46.012542658046215,0.5191145675275962,0.566918278356306,0,-3.1838530326662084
bond_length_control,99,66,22,51,1.5100465912950438,603.2536315287347,21.59716510645483,0.5392897301016918,0.566918278356306,0,-24.02237548292456
bond_length_control,99,67,22,57,1.4423877941975165,1204.350244720891,23.92526137947006,0.5305045785295142,0.566918278356306,0,-1.3598987202830006
bond_length_control,99,68,22,58,1.3153675920989896,-10.080947948946207,-176.60780387787673,0.4876122117628652,0.566918278356306,0,7.984728816887447
bond_length_control,99,69,23,52,1.3992547644531308,1223.8827238367442,38.91922991931304,0.5021048741747564,0.566918278356306,0,6.423707348185461
bond_length_control,99,70,23,58,1.400031666010393,1142.4302630885065,18.843968659987926,0.48399560433338784,0.566918278356306,0,6.3271313980113675
bond_length_control,99,71,23,59,1.4787104272193827,957.7931471716768,12.053420616588282,0.5312417379011309,0.566918278356306,0,-11.881714078982178
bond_length_control,99,72,24,59,1.3988010816067669,1100.21317678492,-11.508487911523687,0.5272521412533308,0.566918278356306,0,6.479379168856248
bond_length_control,99,73,24,60,1.4343604846189026,1135.4183963184737,30.798188171498612,0.504270007611357,0.566918278356306,0,0.4682181274921451
bond_length_control,99,74,24,65,1.4129397793022083,1161.2609291551746,44.93788803293292,0.5259475009895569,0.566918278356306,0,4.491581319703241
bond_length_control,99,75,25,54,1.4282346451321806,1107.4801641535953,18.13333560527948,0.5061824956536162,0.566918278356306,0,1.744968015848126
bond_length_control,99,76,25,60,1.419391306627033,1236.164246770709,20.621842573149063,0.514803161792968,0.566918278356306,0,3.4093241042795537
bond_length_control,99,77,25,61,1.4581918625480277,1035.485864612191,30.422855444271825,0.5333150592980951,0.566918278356306,0,-5.48019399847588
bond_length_control,99,78,26,55,1.3968719546369812,1074.6722790626154,23.854855138781968,0.4996069092018091,0.566918278356306,0,6.710142806078039
bond_length_control,99,79,26,61,1.4218956578297974,1142.9195902017984,-16.80449913273231,0.5262648153562298,0.566918278356306,0,2.959310238114536
bond_length_control,99,80,26,62,1.4293905872616626,1058.6142865204283,20.51829950073991,0.5104553092730922,0.566918278356306,0,1.5118403590461247
bond_length_control,99,81,27,56,1.3309348968133548,190.0534147813875,-216.16659984028502,0.44653337580956187,0.566918278356306,0,8.979047404905181
bond_length_control,99,82,27,62,1.436825422005918,1262.9962681254622,34.3161708460585,0.46651950857090674,0.566918278356306,0,-0.07435293506276608
bond_length_control,99,83,27,63,1.366135362112736,906.6360079300306,-28.539045631492137,0.42697807153635026,0.566918278356306,0,9.105011509151346
bond_length_control,99,84,28,57,1.376512749553962,1070.860473645148,11.91816678571453,0.5538996404283949,0.566918278356306,0,8.563336795368631
bond_length_control,99,85,28,63,1.438572462243123,1081.7249550651754,56.555082306124746,0.49843222797494824,0.566918278356306,0,-0.4689687772953164
bond_length_control,99,86,28,64,1.487440230353101,766.3351152129275,1.370905258398782,0.5062939635802851,0.566918278356306,0,-14.973075829194023
bond_length_control,99,87,29,58,1.4939715799927091,593.8815621805068,-32.013983394378926,0.5332981904120488,0.566918278356306,0,-17.43179419324626
bond_length_control,99,88,29,64,1.3590505937147113,808.9994183007475,-9.282309863068368,0.5285848803305879,0.566918278356306,0,9.321352915732795
bond_length_control,99,89,29,65,1.5172028048470592,527.943880844421,12.180648471546144,0.5792396837160181,0.566918278356306,1,-27.20622605909378
bond_length_control,99,90,30,65,1.4592105560386663,1125.9553656643484,43.4104815448352,0.5510386464984679,0.566918278356306,0,-5.769758731497987
bond_length_control,99,91,30,66,1.3567931264326132,512.3755090529887,-90.12907548770401,0.45879034487284304,0.566918278356306,0,9.364374221986758
bond_length_control,99,92,30,71,1.4383860294534674,1167.5974282207849,38.645990460840565,0.5298596381048375,0.566918278356306,0,-0.42645923847160283
bond_length_control,99,93,31,60,1.4413627598020127,1163.0230831466504,-4.922401946080374,0.4976295108681734,0.566918278356306,0,-1.1166050834144876
bond_length_control,99,94,31,66,1.3947839595936422,982.681939561884,1.971565383294266,0.4270587026207485,0.566918278356306,0,6.949055726542952
bond_length_control,99,95,31,67,1.364712789600622,892.7902500828127,-40.289555634828886,0.515249322825797,0.566918278356306,0,9.158386436401052
bond_length_control,99,96,32,61,1.460482444677104,1008.7490819684953,-1.1251645787852693,0.5414293265678709,0.566918278356306,0,-6.135404488056846
bond_length_control,99,97,32,67,1.435574357374838,1255.1106485137182,23.063888076717788,0.5405372410203676,0.566918278356306,0,0.20310022296685926
bond_length_control,99,98,32,68,1.4125701275924019,1251.710025229517,7.350426750426689,0.5225729884098916,0.566918278356306,0,4.550243881609683
bond_length_control,99,99,33,62,1.3543602829622987,752.2208163573429,-52.999118412784654,0.5372525674220613,0.566918278356306,0,9.396797286523672
bond_length_control,99,100,33,68,1.4472621315201322,1011.5535726887383,12.722724962974622,0.5342057353472196,0.566918278356306,0,-2.556546574461782
bond_length_control,99,101,33,69,1.4623369474628525,1130.411985699421,44.39667896081252,0.5507189999960516,0.566918278356306,0,-6.676736271826357
bond_length_control,99,102,34,63,1.3609623746578443,590.469105766072,-78.81884238763044,0.45732573503820295,0.566918278356306,0,9.275150462534043
bond_length_control,99,103,34,69,1.3788940341399767,1060.5536370117195,19.915163033082695,0.5103336046467497,0.566918278356306,0,8.400989624488385
bond_length_control,99,104,34,70,1.4686334325071677,993.6854046011647,31.73417417678323,0.5246992572913486,0.566918278356306,0,-8.587534318822819
bond_length_control,99,105,35,64,1.3628421712751229,651.6656749163631,-37.30367825152384,0.5016351642975234,0.566918278356306,0,9.220959851479215
bond_length_control,99,106,35,70,1.4669723386570621,1045.810920624688,31.25017925085908,0.5611469509453322,0.566918278356306,0,-8.072480458408037
bond_length_control,99,107,35,71,1.435501704939438,1259.7962051466857,69.64802762475134,0.5311109592893232,0.566918278356306,0,0.2190811846531222
bond_length_control,20,0,0,36,1.4272601312761404,1125.6422778969895,-71.89405879473269,0.5074489512564528,0.5682616581922364,0,17.745041916841263
bond_length_control,20,1,0,41,1.3793805609688585,1115.0126759310517,-59.124351965558375,0.47925378307666705,0.5682616581922364,0,25.08676114531179
bond_length_control,20,2,0,71,1.4121375606033402,1225.251743619501,-88.91572430407268,0.4901316725402143,0.5682616581922364,0,20.851013688283707
bond_length_control,20,3,1,36,1.4450267233765153,1039.5229841434364,-68.47780086677152,0.5355542954978694,0.5682616581922364,0,13.13885099219842
bond_length_control,20,4,1,37,1.4436903277492175,1317.0328173178546,-52.26798912885477,0.5314338609827464,0.5682616581922364,0,13.521818033645749
bond_length_control,20,5,1,66,1.3794269971683102,1143.2875682076658,-80.45749786540519,0.5315140047111799,0.5682616581922364,0,25.08311630894695
bond_length_control,20,6,2,37,1.4317919553624605,1340.0547659496938,-83.79416116320243,0.5335013815695028,0.5682616581922364,0,16.669252234389276
bond_length_control,20,7,2,38,1.3777284112849286,846.9539541493348,-77.30611427470396,0.5016074234486395,0.5682616581922364,0,25.21215170908266
bond_length_control,20,8,2,67,1.493337448698108,913.0185040580252,-70.68106282917618,0.5720266475768742,0.5682616581922364,1,-4.8128502218007885
bond_length_control,20,9,3,38,1.4371274387055495,1322.1185196238848,-30.108032733902473,0.5045469590412146,0.5682616581922364,0,15.315980304148118
bond_length_control,20,10,3,39,1.3821886450562697,1242.6933041925586,-63.55705334331228,0.5321951699126112,0.5682616581922364,0,24.854474250160685
bond_length_control,20,11,3,68,1.4839530741782816,902.2049641279189,-20.598793691059743,0.5495751203231733,0.5682616581922364,0,-0.688788606013718
bond_length_control,20,12,4,39,1.450338701430025,968.5272763665934,-55.91526013749906,0.5040814008802349,0.5682616581922364,0,11.557300399954132
bond_length_control,20,13,4,40,1.3915885438910476,1114.3711276620552,-64.50431995797838,0.49941071476273546,0.5682616581922364,0,23.900137637014403
bond_length_control,20,14,4,69,1.4050879365332645,1145.8429777376102,-93.16311647000042,0.5509259189871835,0.5682616581922364,0,22.047561423341058
bond_length_control,20,15,5,40,1.499869822295866,732.9355212593562,-83.07087738950649,0.5326403057127227,0.5682616581922364,0,-7.869301673133295
bond_length_control,20,16,5,41,1.4525179927667715,1037.2892496425832,-57.202837567436475,0.517482005415026,0.5682616581922364,0,10.880925128010917
bond_length_control,20,17,5,70,1.350827889230057,629.5886998187855,-98.58843504813001,0.5294852429679806,0.5682616581922364,0,26.095930857325122
bond_length_control,20,18,6,41,1.3744706699585065,849.5626942689793,-77.44045096693597,0.48904082883043365,0.5682616581922364,0,25.43501252220606
bond_length_control,20,19,6,42,1.4426090634196853,1180.9334222019913,-70.62312414001856,0.4764700390920459,0.5682616581922364,0,13.827297872699695
bond_length_control,20,20,6,47,1.4150946466580918,1237.5526559241448,-62.616315919743094,0.5371576898902949,0.5682616581922364,0,20.30178653885463
bond_length_control,20,21,7,36,1.386392749253066,885.618287529599,-89.38261078669198,0.47812337600923094,0.5682616581922364,0,24.46140814764675
bond_length_control,20,22,7,42,1.346649345535917,451.3167340813709,-140.1290297717378,0.4373574180910573,0.5682616581922364,0,26.04052056639494
bond_length_control,20,23,7,43,1.4157202436205707,1142.4295882550273,-63.11752102886345,0.4797157295499719,0.5682616581922364,0,20.181991234405736
bond_length_control,20,24,8,37,1.4538026701781,1283.233067610836,-43.84196159641861,0.5318649850757801,0.5682616581922364,0,10.47467285389689
bond_length_control,20,25,8,43,1.3881583463257978,1044.609381519097,-40.61651841006064,0.537577773131644,0.5682616581922364,0,24.280068354039763
bond_length_control,20,26,8,44,1.4401596807695005,1634.2077956911728,-41.399756533694365,0.547964089983235,0.5682616581922364,0,14.504858863647865
bond_length_control,20,27,9,38,1.3693034469543006,816.9582891343704,-71.28904217998583,0.47704739678206753,0.5682616581922364,0,25.722447060246886
bond_length_control,20,28,9,44,1.399562205248922,1124.6498874507345,-78.03447925869334,0.5250404598103857,0.5682616581922364,0,22.875149900654208
bond_length_control,20,29,9,45,1.4600443538448846,941.4966501275262,-52.40526916780166,0.5117585700268832,0.5682616581922364,0,8.420993116126501
bond_length_control,20,30,10,39,1.4100315209264727,1054.0856395191684,-27.889924731081766,0.5167023578945527,0.5682616581922364,0,21.225084469593014
bond_length_control,20,31,10,45,1.4416388473724464,1161.6892269434657,-31.44511470377906,0.5237653202679717,0.5682616581922364,0,14.098078312974627
bond_length_control,20,32,10,46,1.439490223831727,1069.6405057752654,-60.90955685619945,0.533696712710885,0.5682616581922364,0,14.686567610520628
bond_length_control,20,33,11,40,1.3949974365362174,994.815485305047,-90.63470645549465,0.5064586283610567,0.5682616581922364,0,23.486283788965828
bond_length_control,20,34,11,46,1.4119982886232738,1215.1960454438638,-58.45693203297914,0.5281236692948885,0.5682616581922364,0,20.87618927308807
bond_length_control,20,35,11,47,1.4605440402467758,1014.9098215435854,-69.77698958301607,0.5394171891232212,0.5682616581922364,0,8.250834466866385
bond_length_control,20,36,12,47,1.4816659691761422,881.4980058809368,-55.80653424810324,0.5364478155884346,0.5682616581922364,0,0.26900030524590157
bond_length_control,20,37,12,48,1.4011138622985861,1102.665463317842,-59.41145234110816,0.5070595017617519,0.5682616581922364,0,22.6524963897986
bond_length_control,20,38,12,53,1.392052153757254,1041.5185140078554,-92.89004075939486,0.4538028083229345,0.5682616581922364,0,23.84598242713289
bond_length_control,20,39,13,42,1.3739360121208932,894.7374180795812,-81.76384404196472,0.46248191770802893,0.5682616581922364,0,25.46850490487447
bond_length_control,20,40,13,48,1.4047724513012476,1090.7284121582315,-76.7052940201684,0.4937812546795951,0.5682616581922364,0,22.097411937945367
bond_length_control,20,41,13,49,1.4281866018008533,1121.7418256981548,-70.47751328580303,0.48663537704559656,0.5682616581922364,0,17.530589742612413
bond_length_control,20,42,14,43,1.4844020720213884,988.9049760861981,-62.311154254488685,0.5351297934968198,0.5682616581922364,0,-0.8789873677660527
bond_length_control,20,43,14,49,1.4219433162773885,1065.6459743977853,-58.42237124916635,0.5169249413754728,0.5682616581922364,0,18.921538908702715
bond_length_control,20,44,14,50,1.445400318438671,1246.185439205805,-80.71401848209983,0.5514535199182835,0.5682616581922364,0,13.03072041583113
bond_length_control,20,45,15,44,1.4670062928834338,1193.42317521869,-54.97369274632775,0.5372306764596265,0.5682616581922364,0,5.9730046719099565
bond_length_control,20,46,15,50,1.3782690745241761,944.3496827710832,-82.84433434885281,0.5431680860294994,0.5682616581922364,0,25.17203573569867
bond_length_control,20,47,15,51,1.4153679141784008,1253.6121356298308,-58.45882816657049,0.5349098617784221,0.5682616581922364,0,20.24961359972373
bond_length_control,20,48,16,45,1.4574379752827364,1126.9740999694764,-71.86706461455147,0.5377787293044972,0.5682616581922364,0,9.294707580795679
bond_length_control,20,49,16,51,1.4441702989367102,1232.4826376765561,-48.66028357715621,0.5487398044067954,0.5682616581922364,0,13.384962504510396
bond_length_control,20,50,16,52,1.3905866176737438,1011.4048210095993,-74.69240434570855,0.5360430134969443,0.5682616581922364,0,24.014890044184703
bond_length_control,20,51,17,46,1.4743964569341839,957.9788737644143,-71.99954182223134,0.5333250752412297,0.5682616581922364,0,3.1912289287711584
bond_length_control,20,52,17,52,1.4176850051998708,1228.7232843042789,-84.01408160944655,0.5216579669907635,0.5682616581922364,0,19.797560490369307
bond_length_control,20,53,17,53,1.3515001900725525,604.6042989646674,-118.33798045511018,0.4619735878040624,0.5682616581922364,0,26.10006869568096
bond_length_control,20,54,18,53,1.389162286845082,917.9804546720502,-61.70434467929946,0.43125923773614316,0.5682616581922364,0,24.172651674208332
bond_length_control,20,55,18,54,1.399803128845673,1077.266347091707,-83.61972228648845,0.5100653691827818,0.5682616581922364,0,22.841076262988388
bond_length_control,20,56,18,59,1.4200717133915812,1149.660023642019,-80.57688797887275,0.4971368671012959,0.5682616581922364,0,19.313799876271432
bond_length_control,20,57,19,48,1.472371820213334,923.0393942512261,-68.55411539577116,0.5431578465005777,0.5682616581922364,0,3.972202946444254
bond_length_control,20,58,19,54,1.4616454935583776,1172.8210699261754,-35.78670867048508,0.5687072845083989,0.5682616581922364,1,7.872735377332171
bond_length_control,20,59,19,55,1.3635515708083792,712.9748317638891,-67.03901380000451,0.49157938072796953,0.5682616581922364,0,25.947757356761862
bond_length_control,20,60,20,49,1.4073228682591175,1175.591513338613,-94.2752534630399,0.4895291670301944,0.5682616581922364,0,21.6853650775191
bond_length_control,20,61,20,55,1.3863916610802636,947.1277332134588,-92.19604155478417,0.4450965788915848,0.5682616581922364,0,24.461516938610345
bond_length_control,20,62,20,56,1.4314904018857733,1193.7216129833182,-58.60172404559196,0.4863217284000014,0.5682616581922364,0,16.74293214305075
bond_length_control,20,63,21,50,1.4657229135705323,1140.1870340155504,-92.30886640704173,0.5350129934595231,0.5682616581922364,0,6.436812140272059
bond_length_control,20,64,21,56,1.4059172675575764,1210.1872369993546,-71.98272441526152,0.49727697628651946,0.5682616581922364,0,21.915010590504288
bond_length_control,20,65,21,57,1.3936251592727273,1037.889928191827,-77.82351901197765,0.5357542523488217,0.5682616581922364,0,23.657244773462338
bond_length_control,20,66,22,51,1.5052072761152144,932.6153713874571,-81.3256459800198,0.5222935753808968,0.5682616581922364,0,-10.480889039000468
bond_length_control,20,67,22,57,1.4473606967411607,1095.4800024675255,-70.70510788451084,0.5312930585212726,0.5682616581922364,0,12.455643141679532
bond_length_control,20,68,22,58,1.2994879373050297,-674.7488388480166,-355.5945151013409,0.49020303453242203,0.5682616581922364,0,21.957777970255556
bond_length_control,20,69,23,52,1.4545311517318689,1147.387441153699,-82.32682454657039,0.5171214961238321,0.5682616581922364,0,10.241818383068539
bond_length_control,20,70,23,58,1.4465094250986659,981.5559196596524,-99.07592454874559,0.4977277461852085,0.5682616581922364,0,12.706949639140076
bond_length_control,20,71,23,59,1.4360431088312544,1142.142844361618,-81.81315367292869,0.5233147463022838,0.5682616581922364,0,15.59862800651922
bond_length_control,20,72,24,59,1.4763003501013354,892.9655106772003,-80.64342414025721,0.5468610217913927,0.5682616581922364,0,2.443784900344168
bond_length_control,20,73,24,60,1.3499584875616006,647.9083628676578,-93.25011282623507,0.5569873288598537,0.5682616581922364,0,26.088613263557953
bond_length_control,20,74,24,65,1.4498066235136442,1056.0527930589894,-54.29849204618946,0.535400977923282,0.5682616581922364,0,11.720000741463236
bond_length_control,20,75,25,54,1.4495882432617566,1159.5305246059133,-52.02186414368177,0.5521729237027848,0.5682616581922364,0,11.786501116530838
bond_length_control,20,76,25,60,1.4461111321203888,1134.049011287786,-73.22152530125624,0.54937072868976,0.5682616581922364,0,12.823694710618463
bond_length_control,20,77,25,61,1.39768012510088,1127.9198843037543,-55.760223117947874,0.5537602265440815,0.5682616581922364,0,23.13504683486049
bond_length_control,20,78,26,55,1.3932737239050235,950.6068725735441,-99.47451950555454,0.44703670388224065,0.5682616581922364,0,23.70008132685905
bond_length_control,20,79,26,61,1.519936737897425,308.01303956720284,-111.86813264489581,0.5257519105039669,0.5682616581922364,0,-18.227079851905565
bond_length_control,20,80,26,62,1.3840744233908644,1081.280371591549,-72.25663326816948,0.5291146383363554,0.5682616581922364,0,24.68489476758233
bond_length_control,20,81,27,56,1.384727302161654,1088.056166045726,-80.71395950223683,0.4637843029124501,0.5682616581922364,0,24.62363383002201
bond_length_control,20,82,27,62,1.4492843682772458,1355.8574095685249,-89.31716058446953,0.5046370878581483,0.5682616581922364,0,11.878768343564525
bond_length_control,20,83,27,63,1.322545042012971,10.983454071398668,-161.9331550010514,0.4735008849112009,0.5682616581922364,0,24.736299544394676
bond_length_control,20,84,28,57,1.473325347120256,1231.294147402407,-76.27011789882583,0.5438657210308517,0.5682616581922364,0,3.606172839071297
bond_length_control,20,85,28,63,1.4228230206909196,1431.943657518294,-72.6868230386064,0.5151050269673002,0.5682616581922364,0,18.73323661338916
bond_length_control,20,86,28,64,1.3435284330709907,518.4318100778573,-124.72048547766252,0.5295108279696426,0.5682616581922364,0,25.965893732563423
bond_length_control,20,87,29,58,1.4428773209088557,1543.441939183716,-68.27333537492588,0.5027147692373115,0.5682616581922364,0,13.75187415208169
bond_length_control,20,88,29,64,1.4316263847122916,1168.6625566681873,-37.86082802839472,0.5294499001649529,0.5682616581922364,0,16.709743909627946
bond_length_control,20,89,29,65,1.3965714723442864,1194.2359527783135,-63.178309650746,0.5168417254862763,0.5682616581922364,0,23.282934147020562
bond_length_control,20,90,30,65,1.4138828456100274,1291.9839640535051,-38.13100826476141,0.5001689829903442,0.5682616581922364,0,20.53025304496076
bond_length_control,20,91,30,66,1.4056486968432185,1122.4134201239056,-67.22545157070282,0.5044344210920373,0.5682616581922364,0,21.958174930654607
bond_length_control,20,92,30,71,1.4363363995668261,1178.009729818796,-100.03187267289829,0.4911574331624881,0.5682616581922364,0,15.522561578076388
bond_length_control,20,93,31,60,1.4603833153671382,1001.0012826061876,-35.58244371487505,0.565726929606067,0.5682616581922364,0,8.305659497503589
bond_length_control,20,94,31,66,1.4868916088105226,760.6319565606113,-69.82820657737334,0.5484060167711886,0.5682616581922364,0,-1.9465157762139231
bond_length_control,20,95,31,67,1.392660360963325,1061.3635438298566,-73.74534775403858,0.5868511390501263,0.5682616581922364,1,23.77392123758088
bond_length_control,20,96,32,61,1.4532113505353323,1236.3939870002541,-56.73942145708768,0.5522832504013455,0.5682616581922364,0,10.662360277082024
bond_length_control,20,97,32,67,1.474130816983689,897.5751171431621,-92.08335780697895,0.5690179619910831,0.5682616581922364,1,3.294509822179199
bond_length_control,20,98,32,68,1.426315517219004,1173.3864122948864,-44.51497085189213,0.5436268991448072,0.5682616581922364,0,17.960802200377643
bond_length_control,20,99,33,62,1.4724438091439795,1072.6428359188756,-34.996136701608016,0.5812176191362253,0.5682616581922364,1,3.9446790160884486
bond_length_control,20,100,33,68,1.3786202263966547,957.2781405302144,-67.01041008616649,0.5691985400472985,0.5682616581922364,1,25.145502918442716
bond_length_control,20,101,33,69,1.4961273207989454,949.3229891382236,-74.74114878489613,0.5986631077436849,0.5682616581922364,1,-6.099460694677861
bond_length_control,20,102,34,63,1.5040978475752855,669.0533225427691,-99.69125169865403,0.5556018659346704,0.5682616581922364,0,-9.929554375949012
bond_length_control,20,103,34,69,1.4891694333419965,820.7586038935048,-87.63554856303004,0.6041835574890775,0.5682616581922364,1,-2.942516668817257
bond_length_control,20,104,34,70,1.3947236898514626,930.2693423136326,-89.24143746970884,0.5495132905198874,0.5682616581922364,0,23.52085759887016
bond_length_control,20,105,35,64,1.4672970427720102,827.4361677571429,-57.542577954461585,0.556145942493087,0.5682616581922364,0,5.867138903820747
bond_length_control,20,106,35,70,1.4715779301356502,934.7971812671874,-73.03525879956577,0.5356515660759616,0.5682616581922364,0,4.274540013876104
bond_length_control,20,107,35,71,1.4039679464429167,1070.7118622223704,-76.78589828925472,0.5345262179865542,0.5682616581922364,0,22.223105192036034
bond_length_control,6,0,0,36,1.512807542241714,-256.2016586006752,-94.3205945723181,0.4860377932814729,0.5690597545691363,0,-33.849508603027424
bond_length_control,6,1,0,41,1.3980260636793633,733.2810289553794,41.12988053165215,0.5342916342140185,0.5690597545691363,0,7.461740081592842
bond_length_control,6,2,0,71,1.4479451898230502,484.87072084168517,26.86918440739529,0.5370932464994314,0.5690597545691363,0,-6.691538902697479
bond_length_control,6,3,1,36,1.3368541909021847,-93.70965018352706,-70.89136155766292,0.49447004838728664,0.5690597545691363,0,17.41364160840635
bond_length_control,6,4,1,37,1.4676871675821794,446.09412015764207,5.373773462562209,0.5572918074798479,0.5690597545691363,0,-13.876110139211832
bond_length_control,6,5,1,66,1.4895188235436283,407.79946652298406,-1.6675941690679625,0.564968990186956,0.5690597545691363,0,-22.911870545904556
bond_length_control,6,6,2,37,1.407602352404,824.8432569137605,52.12568843077288,0.4940653966701495,0.5690597545691363,0,5.180602525064904
bond_length_control,6,7,2,38,1.4089936063053474,804.5398901563639,31.156423678691468,0.46173134444326946,0.5690597545691363,0,4.832358534372112
bond_length_control,6,8,2,67,1.409097238737353,977.7323514345298,54.897524348773814,0.4793945092737145,0.5690597545691363,0,4.806246539269959
bond_length_control,6,9,3,38,1.31106449947521,-540.2987049725883,-82.78239534746096,0.4625673065260246,0.5690597545691363,0,19.32185439468266
bond_length_control,6,10,3,39,1.3988345383515939,836.1464332239478,12.779937179747131,0.4961565384165602,0.5690597545691363,0,7.276941694802236
bond_length_control,6,11,3,68,1.456379939488702,512.8944715415444,22.957046099996504,0.478971708848263,0.5690597545691363,0,-9.648188857706016
bond_length_control,6,12,4,39,1.4304908949047501,995.3038669162835,44.55803610476242,0.5305037227043587,0.5690597545691363,0,-1.0996829461114297
bond_length_control,6,13,4,40,1.4573602841247348,824.2281057087254,25.39114645060568,0.5134737725964923,0.5690597545691363,0,-10.002712756639857
bond_length_control,6,14,4,69,1.4426351545184186,714.0036044150611,16.255849989954882,0.518639259987925,0.5690597545691363,0,-4.915688161366175
bond_length_control,6,15,5,40,1.482806270524472,439.69943101205564,5.069174875339775,0.5430068105190666,0.5690597545691363,0,-20.009832873864298
bond_length_control,6,16,5,41,1.4683657022481278,573.1015191918025,54.193699152310984,0.544213662803262,0.5690597545691363,0,-14.139541921314688
bond_length_control,6,17,5,70,1.3400064190985024,102.56486402668519,17.595036312731857,0.5508389295991176,0.5690597545691363,0,17.089928075837854
bond_length_control,6,18,6,41,1.408039849738852,494.15275467915086,-1.7755804627414205,0.5241025363115102,0.5690597545691363,0,5.071555372092211
bond_length_control,6,19,6,42,1.4418386972901165,722.88346626357,35.328667253885726,0.5105911252297433,0.5690597545691363,0,-4.654986562444473
bond_length_control,6,20,6,47,1.4532042562822578,654.5872055161647,22.017873874372622,0.5301994688329474,0.5690597545691363,0,-8.515356616266427
bond_length_control,6,21,7,36,1.3503225166810224,252.82215227983974,-63.005620653630714,0.4500352574671589,0.5690597545691363,0,15.890108288208854
bond_length_control,6,22,7,42,1.3891898076777023,669.8263672533759,-54.145294568525514,0.4847776873179376,0.5690597545691363,0,9.38868466814583
bond_length_control,6,23,7,43,1.486197240791876,462.9397823873528,14.472709206718754,0.5235224666784453,0.5690597545691363,0,-21.461998169642825
bond_length_control,6,24,8,37,1.4356560500869449,805.1063334746575,30.046232235894497,0.5416607605861777,0.5690597545691363,0,-2.6811825294413865
bond_length_control,6,25,8,43,1.4660196517225863,660.4199166390712,-14.97270007001678,0.552326210704903,0.5690597545691363,0,-13.233414721681012
bond_length_control,6,26,8,44,1.397948557628855,721.3879349687038,9.034037012388467,0.5107222898343067,0.5690597545691363,0,7.479381061195303
bond_length_control,6,27,9,38,1.4829563837218505,478.9596310696147,34.324758652404405,0.5164333217478535,0.5690597545691363,0,-20.073521427163218
bond_length_control,6,28,9,44,1.4359840414582226,792.7116590349145,18.729482741282727,0.5178289032228625,0.5690597545691363,0,-2.783677537508588
bond_length_control,6,29,9,45,1.4758068530559516,801.6493179225904,-1.475447847334093,0.5439647379582218,0.5690597545691363,0,-17.101285529161657
bond_length_control,6,30,10,39,1.4787917995816042,759.5788388734167,33.03597914017116,0.568957900664103,0.5690597545691363,0,-18.32705065756058
bond_length_control,6,31,10,45,1.4008792418464744,809.5370280059533,-7.684596848894148,0.5629000849839356,0.5690597545691363,0,6.803182354185932
bond_length_control,6,32,10,46,1.4882454706764272,556.0280638258052,69.5866124288877,0.5840072441358688,0.5690597545691363,1,-22.352836212634692
bond_length_control,6,33,11,40,1.4605736530922442,713.2586949668214,32.06444725648225,0.531516689292012,0.5690597545691363,0,-11.180745633172105
bond_length_control,6,34,11,46,1.3873164073563882,648.1061033396802,67.49486059449714,0.5635959828716444,0.5690597545691363,0,9.77548656076032
bond_length_control,6,35,11,47,1.4436925964536929,783.9306589528196,0.8866854146396992,0.5388204740976446,0.5690597545691363,0,-5.264094060521723
bond_length_control,6,36,12,47,1.480112320283898,599.6917391713025,13.269789225705049,0.5458222794356842,0.5690597545691363,0,-18.87624180476961
bond_length_control,6,37,12,48,1.4812090871162047,784.2550592045624,38.88799145567418,0.563268647810653,0.5690597545691363,0,-19.335610784474273
bond_length_control,6,38,12,53,1.3194153794071812,-568.0670193697448,-86.86939187079092,0.5228555990218353,0.5690597545691363,0,18.84694535990421
bond_length_control,6,39,13,42,1.397917782024214,1001.5096772887766,18.145841451750677,0.5184159112525394,0.5690597545691363,0,7.486382185571198
bond_length_control,6,40,13,48,1.4715083994397427,646.2225431165698,3.1263950634203184,0.5554706232307125,0.5690597545691363,0,-15.374097242585293
bond_length_control,6,41,13,49,1.4419089529102878,712.3443846482569,62.14951691634346,0.5221038699255043,0.5690597545691363,0,-4.677923877909257
bond_length_control,6,42,14,43,1.4265695169861161,721.2679775881014,-1.1025178092690588,0.5308142994019531,0.5690597545691363,0,0.060252396868702096
bond_length_control,6,43,14,49,1.3207089036908124,-434.7137483222418,8.189862691784047,0.4957574787144102,0.5690597545691363,0,18.761231301297094
bond_length_control,6,44,14,50,1.4578976812396982,601.8560603092259,5.908910281428828,0.5375238847264648,0.5690597545691363,0,-10.198018512925005
bond_length_control,6,45,15,44,1.3602829853449783,308.2441037058094,-7.148077176526959,0.515330967575224,0.5690597545691363,0,14.525228412003546
bond_length_control,6,46,15,50,1.4756196545175349,727.4604572716222,31.287184014709908,0.5636444737703321,0.5690597545691363,0,-17.025134076226138
bond_length_control,6,47,15,51,1.4377228773527535,923.4222074689098,37.449800988856374,0.5367701807371068,0.5690597545691363,0,-3.3311911273997055
bond_length_control,6,48,16,45,1.4223240971496969,714.5571338403632,51.734236439347164,0.5035463237297143,0.5690597545691363,0,1.2766368207897987
bond_length_control,6,49,16,51,1.415942312609071,845.357291310442,16.95863331421399,0.49884970215623786,0.5690597545691363,0,3.028556746320354
bond_length_control,6,50,16,52,1.344274885526911,69.85162216648311,55.243096939467875,0.48452288695852586,0.5690597545691363,0,16.61966409640643
bond_length_control,6,51,17,46,1.450833774634021,1006.5934268276409,39.017275569005065,0.5459897558962181,0.5690597545691363,0,-7.685247494250154
bond_length_control,6,52,17,52,1.39512949257262,856.938411896372,41.834858958828086,0.5058591599730965,0.5690597545691363,0,8.112108285417856
bond_length_control,6,53,17,53,1.4224028063041598,714.601468224737,-6.189350585492908,0.49824756670836956,0.5690597545691363,0,1.2544566650101903
bond_length_control,6,54,18,53,1.435024321415325,763.041024059651,13.763601597929641,0.4988092132904092,0.5690597545691363,0,-2.484469234202326
bond_length_control,6,55,18,54,1.4238616492936855,821.0533677840799,24.240913754552558,0.4993835519907438,0.5690597545691363,0,0.8408195831250773
bond_length_control,6,56,18,59,1.463673126969416,640.7662435263716,15.273948448078855,0.5022635185521994,0.5690597545691363,0,-12.340295391564393
bond_length_control,6,57,19,48,1.4336382420139828,896.8715027942125,25.023920026222555,0.5229481624505394,0.5690597545691363,0,-2.056073724738754
bond_length_control,6,58,19,54,1.4065661168710433,719.8676142988937,51.16119549859859,0.4831094523620563,0.5690597545691363,0,5.437195429356739
bond_length_control,6,59,19,55,1.3768596462504485,515.1441014859658,37.56814419976065,0.4854641661784297,0.5690597545691363,0,11.796186373251356
bond_length_control,6,60,20,49,1.4270843638198272,1038.693688927971,44.204206375037465,0.47984587150996705,0.5690597545691363,0,-0.09004081344093073
bond_length_control,6,61,20,55,1.3812144462363012,636.9243695876023,29.723294808108196,0.4757286285430655,0.5690597545691363,0,10.98305035676669
bond_length_control,6,62,20,56,1.3978858485772656,808.783072739383,55.88905569977596,0.5182987184047994,0.5690597545691363,0,7.493644518131958
bond_length_control,6,63,21,50,1.397960504732151,952.7557346577063,16.03921846611956,0.586223278609159,0.5690597545691363,1,7.4766626637405125
bond_length_control,6,64,21,56,1.4816590616098297,530.0896536203685,-13.933286520726593,0.5829097194919366,0.5690597545691363,1,-19.524928012411866
bond_length_control,6,65,21,57,1.4799537482967047,777.8627669984462,-26.617799739587362,0.5788215850820071,0.5690597545691363,1,-18.810068637414997
bond_length_control,6,66,22,51,1.4442117896862225,741.4584351847737,33.622918366702784,0.5401417424847323,0.5690597545691363,0,-5.436109630681711
bond_length_control,6,67,22,57,1.4664342599864268,721.4186889222387,17.729205887102907,0.5596143419908056,0.5690597545691363,0,-13.392590533377437
bond_length_control,6,68,22,58,1.3690656837708408,473.39646535025025,11.457783942849353,0.5599257884965831,0.5690597545691363,0,13.151148867758227
bond_length_control,6,69,23,52,1.4912279101071433,423.13227829763946,36.66547017025387,0.5340912291130673,0.5690597545691363,0,-23.668500480594954
bond_length_control,6,70,23,58,1.4542985560525066,821.9714147270487,24.904646668867386,0.5682020903226299,0.5690597545691363,0,-8.90302826697053
bond_length_control,6,71,23,59,1.3809159875494637,571.0115668998727,52.466416687472176,0.5299339411101305,0.5690597545691363,0,11.040069144510085
bond_length_control,6,72,24,59,1.3861870292596297,616.2960842383745,5.210414165931085,0.5027888356332398,0.5690597545691363,0,10.005016066867626
bond_length_control,6,73,24,60,1.4111920707668226,1006.8702191691588,58.34926324033722,0.524524752755864,0.5690597545691363,0,4.273300956451025
bond_length_control,6,74,24,65,1.4859828262842856,729.4461056388369,10.414873227919477,0.522575912499576,0.5690597545691363,0,-21.369339881354136
bond_length_control,6,75,25,54,1.3674406621726005,526.0956691288001,20.94038906316263,0.4536905935656388,0.5690597545691363,0,13.417539682176916
bond_length_control,6,76,25,60,1.466955238260029,465.6002273680235,7.982480488061192,0.47830647724971853,0.5690597545691363,0,-13.593188022534381
bond_length_control,6,77,25,61,1.3262199524890337,-388.51227312269646,7.931748968328919,0.4481099199744908,0.5690597545691363,0,18.359246586757678
bond_length_control,6,78,26,55,1.494487326181354,265.99655970040067,2.380001296881283,0.49016847474711445,0.5690597545691363,0,-25.131538300101912
bond_length_control,6,79,26,61,1.3934355123710542,718.4300737724627,11.576986961257745,0.48223308733959314,0.5690597545691363,0,8.483987030242696
bond_length_control,6,80,26,62,1.3651163352946603,376.7486539184517,0.7785353421628921,0.47993166494082173,0.5690597545691363,0,13.78895628919052
bond_length_control,6,81,27,56,1.4510156660016351,986.8610406287701,-2.2436273781989735,0.5685629645022884,0.5690597545691363,0,-7.748475330959543
bond_length_control,6,82,27,62,1.388233981835233,564.1147053807254,14.924954518068606,0.5157560648342618,0.5690597545691363,0,9.586980323067555
bond_length_control,6,83,27,63,1.4763194850363341,448.1813015342878,-25.976910534356588,0.5412808930795974,0.5690597545691363,0,-17.31025710084262
bond_length_control,6,84,28,57,1.4275298437884563,1080.2231874743054,25.81346146702054,0.5372353973683084,0.5690597545691363,0,-0.22057113388171112
bond_length_control,6,85,28,63,1.4137767677796482,753.9769011887436,27.24085821423866,0.5140414603555469,0.5690597545691363,0,3.6022630219900877
bond_length_control,6,86,28,64,1.4522954268323225,647.2950157692477,69.64180825913402,0.5265931681530963,0.5690597545691363,0,-8.19553500946093
bond_length_control,6,87,29,58,1.4491530559997359,856.7360059951897,8.331008191475524,0.5408909250891003,0.5690597545691363,0,-7.104680849552874
bond_length_control,6,88,29,64,1.4323299101795677,837.1625431209051,23.112879276054063,0.5299372493681108,0.5690597545691363,0,-1.6557528835922444
bond_length_control,6,89,29,65,1.410226190605933,773.1216251126207,7.528836785036149,0.522409852742937,0.5690597545691363,0,4.520242286704305
bond_length_control,6,90,30,65,1.372758835880856,600.8085610000235,-19.164565719421464,0.5260955984966158,0.5690597545691363,0,12.525088484211363
bond_length_control,6,91,30,66,1.4596316717278746,672.7943463953821,-1.3351986806062008,0.5419690651280249,0.5690597545691363,0,-10.83287160337556
bond_length_control,6,92,30,71,1.4217443437784136,684.3724004381935,12.257632140658767,0.5225255765463139,0.5690597545691363,0,1.4395793953766636
bond_length_control,6,93,31,60,1.4280590410291127,847.5490145420698,39.03303035075672,0.5039140499188891,0.5690597545691363,0,-0.37621853308985287
bond_length_control,6,94,31,66,1.425701598520152,838.7871073445514,26.690586607279855,0.5178386762940101,0.5690597545691363,0,0.31224983063986045
bond_length_control,6,95,31,67,1.4275913768320054,699.3016751575121,48.274932720034876,0.4954906061904669,0.5690597545691363,0,-0.23863646296743912
bond_length_control,6,96,32,61,1.4625617539369167,634.3239431863183,-1.6190876256978322,0.5030341377342251,0.5690597545691363,0,-11.921883734508151
bond_length_control,6,97,32,67,1.4400982265498263,815.62767379868,23.939603508821794,0.5248072512810307,0.5690597545691363,0,-4.0904047963087855
bond_length_control,6,98,32,68,1.339894564477318,-120.98292874536065,-9.329399921633952,0.5235484887728239,0.5690597545691363,0,17.10175681331139
bond_length_control,6,99,33,62,1.4327602065267253,761.1247264973075,17.60112543409094,0.4968285523803956,0.5690597545691363,0,-1.7869810145967002
bond_length_control,6,100,33,68,1.4166469526286936,873.9347833196986,53.64673126628271,0.5196443258177659,0.5690597545691363,0,2.839615920161558
bond_length_control,6,101,33,69,1.4893149490167876,383.02856530705327,29.65547494182725,0.5249646926696293,0.5690597545691363,0,-22.82209528162201
bond_length_control,6,102,34,63,1.4164759061844763,870.6659204211877,30.757757613417624,0.5276769094751677,0.5690597545691363,0,2.8855822949761887
bond_length_control,6,103,34,69,1.4474526207256062,749.8364272543629,10.010522804191368,0.530288221519066,0.5690597545691363,0,-6.524039180042529
bond_length_control,6,104,34,70,1.4614241382681945,710.6084503593935,10.689334095679188,0.5329548532076841,0.5690597545691363,0,-11.496643217997793
bond_length_control,6,105,35,64,1.483597669879744,486.1206222879838,12.325980566295996,0.5375717876486128,0.5690597545691363,0,-20.34622173655471
bond_length_control,6,106,35,70,1.4268039629928706,822.3907634313291,52.19444242451439,0.5302980235835798,0.5690597545691363,0,-0.008111937998894536
bond_length_control,6,107,35,71,1.3990196091017715,861.0326517353498,28.39970767188432,0.5264743690731373,0.5690597545691363,0,7.234437685338376
bond_length_control,203,0,0,36,1.4139393697617595,891.3044817973534,-4.265890389263673,0.48963577542599823,0.5700325325637331,0,7.348292102728091
bond_length_control,203,1,0,41,1.3931206645434526,948.8012164229418,-14.532435569154732,0.47189561650082273,0.5700325325637331,0,11.146245489002911
bond_length_control,203,2,0,71,1.4166507112839335,1091.7850321483536,-16.98265974127857,0.49249206300779924,0.5700325325637331,0,6.767286519319513
bond_length_control,203,3,1,36,1.451875188827167,858.5145080953671,-4.668210205399648,0.5377322663893715,0.5700325325637331,0,-2.639647455572458
bond_length_control,203,4,1,37,1.3941923625063835,876.0938621631542,-31.0697108763056,0.5334392482857933,0.5700325325637331,0,10.979090494140607
bond_length_control,203,5,1,66,1.4784040646223675,778.0618902419145,37.73284956469834,0.5488486390980176,0.5700325325637331,0,-12.070832366956008
bond_length_control,203,6,2,37,1.3754129235854633,788.098382879661,8.201450564857195,0.512021673583759,0.5700325325637331,0,13.47057748734371
bond_length_control,203,7,2,38,1.4637738422214768,1028.307543711092,-8.52859088750997,0.5061050173452167,0.5700325325637331,0,-6.615065237194173
bond_length_control,203,8,2,67,1.4182934286246207,1146.7259999845744,-15.028006143626031,0.47684757302384057,0.5700325325637331,0,6.4054764394312755
bond_length_control,203,9,3,38,1.3725457553870497,800.8010127675198,-12.861382530511667,0.4704635356022622,0.5700325325637331,0,13.770087749589663
bond_length_control,203,10,3,39,1.4352767031212048,813.439213379288,-10.305316842752571,0.47433812652180285,0.5700325325637331,0,2.2273393095733036
bond_length_control,203,11,3,68,1.3829347220792416,945.6599071627858,-44.138933348405,0.5147460240850533,0.5700325325637331,0,12.58354406260948
bond_length_control,203,12,4,39,1.4350305675399686,949.0921404982058,-27.445552601500662,0.5105496712523049,0.5700325325637331,0,2.2936386992241395
bond_length_control,203,13,4,40,1.4624681734234721,1025.6634046099769,-23.083562582406582,0.5567018692581993,0.5700325325637331,0,-6.158745289921818
bond_length_control,203,14,4,69,1.4527147089291867,1172.9642881503778,-9.490502506462875,0.5225963777125342,0.5700325325637331,0,-2.9067109912636084
bond_length_control,203,15,5,40,1.3890231646544415,823.7024019269109,-29.166286567669204,0.538043705854921,0.5700325325637331,0,11.757291411813394
bond_length_control,203,16,5,41,1.396600024249873,954.7382509550357,-51.37964238089216,0.48048643234643096,0.5700325325637331,0,10.592429098922974
bond_length_control,203,17,5,70,1.4569002447474881,933.9235468622984,-29.019386601135178,0.5099290270793198,0.5700325325637331,0,-4.268511229555607
bond_length_control,203,18,6,41,1.4332414859939746,1001.345366178832,-47.71077095631225,0.49308377127153413,0.5700325325637331,0,2.7704342854873385
bond_length_control,203,19,6,42,1.391157577586656,1077.934212687681,-28.54590388989202,0.4876313525283854,0.5700325325637331,0,11.444534810646037
bond_length_control,203,20,6,47,1.430196133340986,1177.61127414654,-41.03651781704929,0.5319651567681629,0.5700325325637331,0,3.5614011786681443
bond_length_control,203,21,7,36,1.4026233507270818,1095.5975340375774,7.58980531818259,0.5022291411827841,0.5700325325637331,0,9.557314183695311
bond_length_control,203,22,7,42,1.4382060073696628,1005.4030697283764,-13.676647828376455,0.4790365635144598,0.5700325325637331,0,1.42520523432227
bond_length_control,203,23,7,43,1.4177250681488023,955.5914665661594,-0.7579823868125307,0.4824775316580918,0.5700325325637331,0,6.5314962222009205
bond_length_control,203,24,8,37,1.506333426964476,396.67860365896223,-12.894392273097797,0.5242347518094905,0.5700325325637331,0,-24.267020597925075
bond_length_control,203,25,8,43,1.4057245601636486,1076.2825155690825,-24.171576938173594,0.5087761603883765,0.5700325325637331,0,8.986389654979932
bond_length_control,203,26,8,44,1.4437413775934504,1222.0509575434266,-44.37164781703309,0.5462123430135999,0.5700325325637331,0,-0.15676326330966006
bond_length_control,203,27,9,38,1.3881322148271469,883.4861829828354,-24.978070040767708,0.4700250595374937,0.5700325325637331,0,11.88428657353679
bond_length_control,203,28,9,44,1.4018171800972192,890.2918223584345,-23.378940882202198,0.4979193069801454,0.5700325325637331,0,9.701490073194638
bond_length_control,203,29,9,45,1.4138695690077545,1037.1006479919802,-5.242627422314121,0.49078483367640474,0.5700325325637331,0,7.362984149363178
bond_length_control,203,30,10,39,1.4300508094238935,1235.57699628535,-9.507079637948415,0.49803259637054376,0.5700325325637331,0,3.598497815566532
bond_length_control,203,31,10,45,1.4394065109802423,980.0869939629141,-23.45832245891286,0.5149177795899141,0.5700325325637331,0,1.0894778293243856
bond_length_control,203,32,10,46,1.4406600715260156,958.337429165698,33.948244178227576,0.5166823137404009,0.5700325325637331,0,0.7345634247264066
bond_length_control,203,33,11,40,1.495849199003342,564.6158055610497,-23.799122136933832,0.5734757622741056,0.5700325325637331,1,-19.410860029649996
bond_length_control,203,34,11,46,1.4415030636596076,894.989941528469,-6.035161891600415,0.5459732816380685,0.5700325325637331,0,0.49338875491573475
bond_length_control,203,35,11,47,1.3815737983683152,1012.2513853094719,-21.935898026071833,0.5547998742622444,0.5700325325637331,0,12.754950253407511
bond_length_control,203,36,12,47,1.4964173427155596,514.4724118948585,-10.829892762906683,0.552084877116361,0.5700325325637331,0,-19.665389414153125
bond_length_control,203,37,12,48,1.4367205516597172,893.8756324331982,-2.391614877660266,0.5410647411613028,0.5700325325637331,0,1.8349901761033864
bond_length_control,203,38,12,53,1.3745727221481323,766.2033802120646,-6.1708165809715165,0.5594702917038279,0.5700325325637331,0,13.56054542330136
bond_length_control,203,39,13,42,1.341561772302425,96.61471963844647,-89.60209201508218,0.4003082249965422,0.5700325325637331,0,15.673753865960428
bond_length_control,203,40,13,48,1.3215882077570944,-404.39257230296687,-63.819866076834764,0.4336218932812614,0.5700325325637331,0,15.640572657034937
bond_length_control,203,41,13,49,1.4201359343488975,913.8755807125973,-60.491008532389266,0.4096422419471273,0.5700325325637331,0,5.990841945193489
bond_length_control,203,42,14,43,1.3883538723918916,827.9507835724868,20.525243643806792,0.4920730259856242,0.5700325325637331,0,11.852887178488292
bond_length_control,203,43,14,49,1.4213175998603595,1075.2379536736357,-19.952929377085585,0.4979660747925773,0.5700325325637331,0,5.720002568558158
bond_length_control,203,44,14,50,1.4468311081428409,1261.6709052104272,-44.76519406616856,0.5348546422027299,0.5700325325637331,0,-1.0776422256059934
bond_length_control,203,45,15,44,1.4470962679211528,1008.905658378834,-28.743916202679635,0.5451443883442093,0.5700325325637331,0,-1.1579405593273258
bond_length_control,203,46,15,50,1.4460314145565758,964.0076187862774,-30.583351536940153,0.5504898219360916,0.5700325325637331,0,-0.8366868105700362
bond_length_control,203,47,15,51,1.3892162801090473,843.860882059639,-40.203962194171446,0.48288007381605175,0.5700325325637331,0,11.729488966130258
bond_length_control,203,48,16,45,1.4473483852473683,914.100317713972,-24.99054718323394,0.5327000407670099,0.5700325325637331,0,-1.2344755538037209
bond_length_control,203,49,16,51,1.3842220842977415,800.9973178008802,-12.406536547544718,0.477570199542593,0.5700325325637331,0,12.416946167750744
bond_length_control,203,50,16,52,1.43614012047294,947.3796142325256,-27.809513783480252,0.5269681824788364,0.5700325325637331,0,1.9934209255537603
bond_length_control,203,51,17,46,1.4051845153026996,1063.9378134447895,27.96018804827506,0.5458223546892425,0.5700325325637331,0,9.087674286311948
bond_length_control,203,52,17,52,1.4989167232624225,479.61045665916265,-24.36021822893506,0.5383259622505822,0.5700325325637331,0,-20.796819641696203
bond_length_control,203,53,17,53,1.4500418392100236,1232.6385352255988,-8.319805466398677,0.5620343619008854,0.5700325325637331,0,-2.0634749034463074
bond_length_control,203,54,18,53,1.5227448556343297,188.1386102295064,4.426549562046316,0.5775153891213392,0.5700325325637331,1,-32.55228163577158
bond_length_control,203,55,18,54,1.3953048179524747,786.3550642212376,-13.491593846277246,0.49537208641382297,0.5700325325637331,0,10.80235122514081
bond_length_control,203,56,18,59,1.4812616699478427,852.8477130370702,23.501498547623935,0.5555046806964258,0.5700325325637331,0,-13.210518043977793
bond_length_control,203,57,19,48,1.493298637427794,753.2050870294622,-23.249760740763545,0.5191127868464992,0.5700325325637331,0,-18.280316592541617
bond_length_control,203,58,19,54,1.3308750278520105,-55.20172220121944,-27.001853698149965,0.4553750346815081,0.5700325325637331,0,15.776412424157598
bond_length_control,203,59,19,55,1.4189154961136752,1415.2260258811773,-28.431088748525365,0.5082997203919153,0.5700325325637331,0,6.266531322288738
bond_length_control,203,60,20,49,1.4104772986460055,1144.1408479786544,-27.382568280710583,0.5103980514620664,0.5700325325637331,0,8.060999930702145
bond_length_control,203,61,20,55,1.4387999527498743,1024.7728617374148,-15.476161541671273,0.5235646363416165,0.5700325325637331,0,1.2596140728452685
bond_length_control,203,62,20,56,1.4751554767225539,834.6599648687348,-9.886547256016867,0.5301294320628487,0.5700325325637331,0,-10.804755697439933
bond_length_control,203,63,21,50,1.3805352392519168,800.7289570974629,-5.840086576532093,0.5571626564320016,0.5700325325637331,0,12.882503243680372
bond_length_control,203,64,21,56,1.44755385402009,1151.0303385553193,-13.57356114714255,0.5400054696226313,0.5700325325637331,0,-1.2969838528927955
bond_length_control,203,65,21,57,1.4614774376596267,849.6509135267275,-19.946378021866735,0.5384019430767932,0.5700325325637331,0,-5.81581018064886
bond_length_control,203,66,22,51,1.3998424584763134,873.8437204069353,-35.46092725707333,0.4570579999443546,0.5700325325637331,0,10.047282092242295
bond_length_control,203,67,22,57,1.4093492648014458,1086.3911907903937,-45.35995026177254,0.5059070347091861,0.5700325325637331,0,8.286176066016397
bond_length_control,203,68,22,58,1.447986325861014,1030.627094338718,-13.547349614776513,0.5149332053213662,0.5700325325637331,0,-1.4289460928281237
bond_length_control,203,69,23,52,1.4341197718591014,1122.0876994394225,-7.4803436252069835,0.5056573791234862,0.5700325325637331,0,2.5374913199741664
bond_length_control,203,70,23,58,1.4340266617148005,1060.113306651266,-18.818608334879602,0.5141346015642543,0.5700325325637331,0,2.5622889873112467
bond_length_control,203,71,23,59,1.4249831251115659,906.9977093995354,-12.99373199051582,0.5073550703488758,0.5700325325637331,0,4.855325488730415
bond_length_control,203,72,24,59,1.419566780433998,1037.8017152494192,12.184816273899138,0.5046418768035195,0.5700325325637331,0,6.119920268383269
bond_length_control,203,73,24,60,1.4024182221373271,1343.0546707790297,-11.196453713505198,0.5362531273347766,0.5700325325637331,0,9.59416508547451
bond_length_control,203,74,24,65,1.4280073134381455,934.6518108240012,-7.348046151147408,0.4714923665194878,0.5700325325637331,0,4.113900139362304
bond_length_control,203,75,25,54,1.395910060373722,837.9084889061792,8.4054711808251,0.45974512199451484,0.5700325325637331,0,10.704811832226461
bond_length_control,203,76,25,60,1.4658882535414208,827.3879329774387,-26.52614652122223,0.5514889668083747,0.5700325325637331,0,-7.364602102530238
bond_length_control,203,77,25,61,1.4170949802689699,951.9073184483531,-39.11124715687609,0.523963574411892,0.5700325325637331,0,6.670166190989844
bond_length_control,203,78,26,55,1.397981651991643,1015.2755647370544,-24.540459448398813,0.503145619398591,0.5700325325637331,0,10.363571150464736
bond_length_control,203,79,26,61,1.362333052933221,531.5225958401526,-6.81540878998161,0.5144393861055612,0.5700325325637331,0,14.665467177377245
bond_length_control,203,80,26,62,1.4773008174540498,866.4512590616672,-20.499865090709495,0.5199803548719668,0.5700325325637331,0,-11.637343490555004
bond_length_control,203,81,27,56,1.4419000516097646,1014.6643009348375,-13.102005715478292,0.5199044162387167,0.5700325325637331,0,0.3791152508696989
bond_length_control,203,82,27,62,1.4287353353257062,1096.3697564482434,-18.44231165446332,0.5301743559908605,0.5700325325637331,0,3.931616158786537
bond_length_control,203,83,27,63,1.3915069653896068,1350.6977926652448,-15.402388950203752,0.5129602257500065,0.5700325325637331,0,11.392192101880546
bond_length_control,203,84,28,57,1.371099344718443,716.2740459306141,4.951925027734526,0.5117525827126483,0.5700325325637331,0,13.913140808249445
bond_length_control,203,85,28,63,1.401579754128577,1024.329829971205,6.25434188767688,0.5064119187697762,0.5700325325637331,0,9.743618716681706
bond_length_control,203,86,28,64,1.4811479983025337,865.9111440792601,7.241358593378787,0.537203516283101,0.5700325325637331,0,-13.164717146749616
bond_length_control,203,87,29,58,1.3972119247625052,956.3403639768803,-16.310784858324215,0.5099213542426577,0.5700325325637331,0,10.491699898313534
bond_length_control,203,88,29,64,1.4475820424790673,1098.7238799291672,-18.637600505551685,0.5263461172009303,0.5700325325637331,0,-1.30556884100978
bond_length_control,203,89,29,65,1.3765515419186003,607.4006240859926,24.139093167128575,0.4699923127432475,0.5700325325637331,0,13.345740882136514
bond_length_control,203,90,30,65,1.3856481697193015,838.6267056884443,17.245857925715217,0.5139850436250882,0.5700325325637331,0,12.227327954442107
bond_length_control,203,91,30,66,1.4554616205296569,861.6681339446175,-8.36679772768853,0.5517349938837592,0.5700325325637331,0,-3.79473638212486
bond_length_control,203,92,30,71,1.5049335649674283,544.9630408961922,18.683111915651224,0.5434749087569142,0.5700325325637331,0,-23.599075842520087
bond_length_control,203,93,31,60,1.4772447585697428,812.0683639559602,15.041318896676433,0.5521834057661905,0.5700325325637331,0,-11.615413492872825
bond_length_control,203,94,31,66,1.44167576159425,1063.6477518001475,-48.292145334929224,0.5251725952095727,0.5700325325637331,0,0.44373235916518006
bond_length_control,203,95,31,67,1.3152688232750522,-361.23452690398614,-69.05619958551154,0.47458910383743,0.5700325325637331,0,15.430027281400825
bond_length_control,203,96,32,61,1.4697360521495229,825.3069489274578,-35.52222474212119,0.5439504158529376,0.5700325325637331,0,-8.762242883585028
bond_length_control,203,97,32,67,1.403439183598058,847.596193619339,-42.75609172535343,0.4938815063206598,0.5700325325637331,0,9.409631849586882
bond_length_control,203,98,32,68,1.4508414199822681,1337.7945659651086,-41.95952085787468,0.5674214391248271,0.5700325325637331,0,-2.3135747260978192
bond_length_control,203,99,33,62,1.4009633079020236,1265.2359709602154,-34.71394167408509,0.5294369074595204,0.5700325325637331,0,9.852294103852676
bond_length_control,203,100,33,68,1.4877471348224043,683.0469227446937,-20.894598039129278,0.5473669619650042,0.5700325325637331,0,-15.887831038375502
bond_length_control,203,101,33,69,1.4153528564923208,1003.1716976585745,-30.360352347700424,0.5190057708619831,0.5700325325637331,0,7.047909441445462
bond_length_control,203,102,34,63,1.469027757391157,917.6459638801648,-6.385759312756414,0.54919999568923,0.5700325325637331,0,-8.501700143121518
bond_length_control,203,103,34,69,1.3708579558542096,728.4037784381333,-7.536850831264739,0.5559829893325464,0.5700325325637331,0,13.936490678377197
bond_length_control,203,104,34,70,1.4878793099880259,733.8068835981821,3.9434790764634258,0.5619738021026102,0.5700325325637331,0,-15.94371061896463
bond_length_control,203,105,35,64,1.3955445382601055,888.5975204841216,-24.933554748576842,0.51441836453644,0.5700325325637331,0,10.763835092302322
bond_length_control,203,106,35,70,1.4426688103495022,795.300367813554,-3.891782183172884,0.49640057343649535,0.5700325325637331,0,0.15655553060259386
bond_length_control,203,107,35,71,1.3349269913793924,169.5294165514881,11.521057381409621,0.4875544252105831,0.5700325325637331,0,15.770320223475444
