short_model,lattice_temperature_K,smearing_degauss_Ry,direction,path_distance_d,signed_q_2pi_over_a,q1,q2,thermal_short_cm-1,finite_q6_cm-1,full_EPC_cm-1
R2AO,300,0.0019000869,KG,0.06,-0.039999999999999994,0.3133333333333333,0.3133333333333333,1309.0859288474971,1281.3063433516818,1300.5971465948999
R2AO,300,0.0019000869,KG,0.059500000000000004,-0.03966666666666667,0.3135,0.3135,1309.0362084752962,1281.2066181592754,1300.433948638696
R2AO,300,0.0019000869,KG,0.059000000000000004,-0.03933333333333333,0.31366666666666665,0.31366666666666665,1308.9868761701405,1281.1076107956721,1300.2477201063848
R2AO,300,0.0019000869,KG,0.0585,-0.039,0.31383333333333335,0.31383333333333335,1308.9379326073374,1281.0093237044089,1300.0588609597446
R2AO,300,0.0019000869,KG,0.058,-0.03866666666666667,0.314,0.314,1308.8893784578229,1280.9117593207172,1299.8891827290754
R2AO,300,0.0019000869,KG,0.0575,-0.03833333333333333,0.31416666666666665,0.31416666666666665,1308.8412143881349,1280.8149200714201,1299.690032262054
R2AO,300,0.0019000869,KG,0.057,-0.038,0.3143333333333333,0.3143333333333333,1308.7934410603787,1280.718808374822,1299.5102812642356
R2AO,300,0.0019000869,KG,0.0565,-0.03766666666666667,0.3145,0.3145,1308.7460591322022,1280.6234266405968,1299.3285850968757
R2AO,300,0.0019000869,KG,0.056,-0.03733333333333333,0.31466666666666665,0.31466666666666665,1308.6990692567622,1280.5287772696852,1299.1254646119494
R2AO,300,0.0019000869,KG,0.0555,-0.037,0.31483333333333335,0.31483333333333335,1308.6524720826944,1280.434862654175,1298.9511028961526
R2AO,300,0.0019000869,KG,0.055,-0.03666666666666667,0.315,0.315,1308.6062682540849,1280.3416851771951,1298.7553767143227
R2AO,300,0.0019000869,KG,0.0545,-0.03633333333333333,0.31516666666666665,0.31516666666666665,1308.5604584104408,1280.249247212801,1298.557852562428
R2AO,300,0.0019000869,KG,0.054,-0.036,0.3153333333333333,0.3153333333333333,1308.5150431866596,1280.1575511258604,1298.37957895093
R2AO,300,0.0019000869,KG,0.0535,-0.035666666666666666,0.3155,0.3155,1308.4700232129987,1280.066599271941,1298.1726141552617
R2AO,300,0.0019000869,KG,0.053,-0.03533333333333333,0.31566666666666665,0.31566666666666665,1308.4253991150479,1279.976393997192,1297.984843788456
R2AO,300,0.0019000869,KG,0.0525,-0.034999999999999996,0.31583333333333335,0.31583333333333335,1308.3811715136994,1279.886937638231,1297.7951859678228
R2AO,300,0.0019000869,KG,0.052000000000000005,-0.034666666666666665,0.316,0.316,1308.337341025116,1279.7982325220237,1297.5845400317116
R2AO,300,0.0019000869,KG,0.051500000000000004,-0.034333333333333334,0.31616666666666665,0.31616666666666665,1308.2939082607068,1279.7102809657665,1297.401983964885
R2AO,300,0.0019000869,KG,0.051000000000000004,-0.034,0.3163333333333333,0.3163333333333333,1308.2508738270924,1279.6230852767687,1297.1985320571855
R2AO,300,0.0019000869,KG,0.0505,-0.033666666666666664,0.3165,0.3165,1308.2082383260813,1279.5366477523314,1296.9932715353511
R2AO,300,0.0019000869,KG,0.05,-0.03333333333333333,0.31666666666666665,0.31666666666666665,1308.166002354636,1279.4509706796257,1296.8066608084407
R2AO,300,0.0019000869,KG,0.0495,-0.033,0.31683333333333336,0.31683333333333336,1308.1241665048485,1279.3660563355697,1296.5920318796811
R2AO,300,0.0019000869,KG,0.049,-0.03266666666666666,0.317,0.317,1308.0827313639081,1279.2819069867082,1296.3958948099425
R2AO,300,0.0019000869,KG,0.0485,-0.03233333333333333,0.31716666666666665,0.31716666666666665,1308.0416975140763,1279.198524889087,1296.197826980979
R2AO,300,0.0019000869,KG,0.048,-0.032,0.3173333333333333,0.3173333333333333,1308.0010655326532,1279.1159122881245,1295.9793013216292
R2AO,300,0.0019000869,KG,0.0475,-0.03166666666666666,0.3175,0.3175,1307.960835991955,1279.0340714184913,1295.7877772280544
R2AO,300,0.0019000869,KG,0.047,-0.03133333333333333,0.31766666666666665,0.31766666666666665,1307.9210094592818,1278.9530045039783,1295.5758155571962
R2AO,300,0.0019000869,KG,0.0465,-0.031,0.31783333333333336,0.31783333333333336,1307.8815864968913,1278.8727137573703,1295.3618921732227
R2AO,300,0.0019000869,KG,0.046,-0.030666666666666665,0.318,0.318,1307.8425676619681,1278.7932013803168,1295.165597552398
R2AO,300,0.0019000869,KG,0.0455,-0.03033333333333333,0.31816666666666665,0.31816666666666665,1307.8039535065996,1278.714469563198,1294.942012365257
R2AO,300,0.0019000869,KG,0.045,-0.03,0.3183333333333333,0.3183333333333333,1307.7657445777463,1278.6365204850001,1294.7356413039
R2AO,300,0.0019000869,KG,0.0445,-0.029666666666666664,0.3185,0.3185,1307.7279414172135,1278.559356313175,1294.5265567598747
R2AO,300,0.0019000869,KG,0.044,-0.02933333333333333,0.31866666666666665,0.31866666666666665,1307.6905445616237,1278.4829792035114,1294.2966278795298
R2AO,300,0.0019000869,KG,0.043500000000000004,-0.029,0.31883333333333336,0.31883333333333336,1307.6535545423912,1278.4073912999982,1294.0904206433981
R2AO,300,0.0019000869,KG,0.043000000000000003,-0.028666666666666667,0.319,0.319,1307.6169718856927,1278.332594734689,1293.861441200554
R2AO,300,0.0019000869,KG,0.0425,-0.028333333333333335,0.31916666666666665,0.31916666666666665,1307.5807971124416,1278.2585916275655,1293.626329120447
R2AO,300,0.0019000869,KG,0.042,-0.028,0.3193333333333333,0.3193333333333333,1307.5450307382591,1278.185384086397,1293.4071937474175
R2AO,300,0.0019000869,KG,0.0415,-0.027666666666666666,0.3195,0.3195,1307.5096732734498,1278.1129742066034,1293.1739288341666
R2AO,300,0.0019000869,KG,0.041,-0.027333333333333334,0.31966666666666665,0.31966666666666665,1307.4747252229727,1278.0413640711151,1292.9717436013955
R2AO,300,0.0019000869,KG,0.0405,-0.027,0.31983333333333336,0.31983333333333336,1307.4401870864162,1277.9705557502286,1292.769284972655
R2AO,300,0.0019000869,KG,0.04,-0.026666666666666665,0.32,0.32,1307.40605935797,1277.900551301466,1292.5441006271644
R2AO,300,0.0019000869,KG,0.0395,-0.026333333333333334,0.32016666666666665,0.32016666666666665,1307.372342526401,1277.8313527694304,1292.3391825215897
R2AO,300,0.0019000869,KG,0.039,-0.026,0.3203333333333333,0.3203333333333333,1307.3390370750253,1277.7629621856613,1292.1135074510457
R2AO,300,0.0019000869,KG,0.0385,-0.025666666666666664,0.3205,0.3205,1307.3061434816818,1277.6953815684883,1291.884598245782
R2AO,300,0.0019000869,KG,0.038,-0.025333333333333333,0.32066666666666666,0.32066666666666666,1307.2736622187092,1277.628612922882,1291.6702093781855
R2AO,300,0.0019000869,KG,0.0375,-0.024999999999999998,0.32083333333333336,0.32083333333333336,1307.241593752917,1277.562658240308,1291.4312872841763
R2AO,300,0.0019000869,KG,0.037,-0.024666666666666663,0.321,0.321,1307.2099385455613,1277.497519498577,1291.2071272806318
R2AO,300,0.0019000869,KG,0.0365,-0.024333333333333332,0.32116666666666666,0.32116666666666666,1307.1786970523199,1277.433198661691,1290.9805944274526
R2AO,300,0.0019000869,KG,0.036000000000000004,-0.024,0.3213333333333333,0.3213333333333333,1307.1478697232662,1277.369697679695,1290.736770363115
R2AO,300,0.0019000869,KG,0.035500000000000004,-0.02366666666666667,0.3215,0.3215,1307.1174570028445,1277.3070184885219,1290.514463208855
R2AO,300,0.0019000869,KG,0.035,-0.023333333333333334,0.32166666666666666,0.32166666666666666,1307.0874593298452,1277.245163009838,1290.275044339791
R2AO,300,0.0019000869,KG,0.0345,-0.023,0.32183333333333336,0.32183333333333336,1307.0578771373796,1277.1841331508876,1290.033655514662
R2AO,300,0.0019000869,KG,0.034,-0.02266666666666667,0.322,0.322,1307.0287108528553,1277.123930804338,1289.8058272534486
R2AO,300,0.0019000869,KG,0.0335,-0.022333333333333334,0.32216666666666666,0.32216666666666666,1306.999960897953,1277.064557848119,1289.5562751834707
R2AO,300,0.0019000869,KG,0.033,-0.022,0.3223333333333333,0.3223333333333333,1306.9716276886006,1277.0060161452648,1289.319859156594
R2AO,300,0.0019000869,KG,0.0325,-0.021666666666666667,0.3225,0.3225,1306.9437116349498,1276.948307543756,1289.0812291811635
R2AO,300,0.0019000869,KG,0.032,-0.021333333333333333,0.32266666666666666,0.32266666666666666,1306.916213141352,1276.891433876355,1288.8273284028398
R2AO,300,0.0019000869,KG,0.0315,-0.020999999999999998,0.32283333333333336,0.32283333333333336,1306.8891326063363,1276.8353969604445,1288.5919617413165
R2AO,300,0.0019000869,KG,0.031,-0.020666666666666667,0.323,0.323,1306.8624704225829,1276.780198597867,1288.3416204121215
R2AO,300,0.0019000869,KG,0.0305,-0.02033333333333333,0.32316666666666666,0.32316666666666666,1306.836226976902,1276.725840574754,1288.0894875930107
R2AO,300,0.0019000869,KG,0.03,-0.019999999999999997,0.3233333333333333,0.3233333333333333,1306.81040265021,1276.6723246613658,1287.848430925497
R2AO,300,0.0019000869,KG,0.029500000000000002,-0.019666666666666666,0.3235,0.3235,1306.7849978175052,1276.6196526119213,1287.5888614830042
R2AO,300,0.0019000869,KG,0.029,-0.019333333333333334,0.32366666666666666,0.32366666666666666,1306.7600128478493,1276.5678261644307,1287.3400787417195
R2AO,300,0.0019000869,KG,0.0285,-0.019,0.32383333333333336,0.32383333333333336,1306.7354481043396,1276.5168470405258,1287.0890836818871
R2AO,300,0.0019000869,KG,0.028,-0.018666666666666665,0.324,0.324,1306.7113039440885,1276.4667169452916,1286.82554229776
R2AO,300,0.0019000869,KG,0.0275,-0.018333333333333333,0.32416666666666666,0.32416666666666666,1306.6875807182041,1276.4174375670923,1286.5762056576477
R2AO,300,0.0019000869,KG,0.027,-0.018,0.3243333333333333,0.3243333333333333,1306.664278771763,1276.3690105773985,1286.3148701793789
R2AO,300,0.0019000869,KG,0.0265,-0.017666666666666664,0.3245,0.3245,1306.641398443793,1276.321437630617,1286.0520288885757
R2AO,300,0.0019000869,KG,0.026000000000000002,-0.017333333333333333,0.32466666666666666,0.32466666666666666,1306.6189400672483,1276.2747203639133,1285.796826125309
R2AO,300,0.0019000869,KG,0.025500000000000002,-0.017,0.32483333333333336,0.32483333333333336,1306.5969039689912,1276.2288603970358,1285.527971413394
R2AO,300,0.0019000869,KG,0.025,-0.016666666666666666,0.325,0.325,1306.5752904697686,1276.1838593321409,1285.2662380849858
R2AO,300,0.0019000869,KG,0.0245,-0.01633333333333333,0.32516666666666666,0.32516666666666666,1306.5540998841914,1276.1397187536131,1285.0022643055358
R2AO,300,0.0019000869,KG,0.024,-0.016,0.3253333333333333,0.3253333333333333,1306.5333325207139,1276.0964402278892,1284.729719967514
R2AO,300,0.0019000869,KG,0.0235,-0.015666666666666666,0.3255,0.3255,1306.5129886816148,1276.0540253032734,1284.4652440368754
R2AO,300,0.0019000869,KG,0.023,-0.015333333333333332,0.32566666666666666,0.32566666666666666,1306.4930686629734,1276.012475509764,1284.192655957866
R2AO,300,0.0019000869,KG,0.0225,-0.015,0.32583333333333336,0.32583333333333336,1306.4735727546529,1275.971792358864,1283.9182509534653
R2AO,300,0.0019000869,KG,0.022,-0.014666666666666665,0.326,0.326,1306.4545012402796,1275.9319773434038,1283.6461692542275
R2AO,300,0.0019000869,KG,0.021500000000000002,-0.014333333333333333,0.32616666666666666,0.32616666666666666,1306.435854397221,1275.8930319373574,1283.3672250497182
R2AO,300,0.0019000869,KG,0.021,-0.014,0.3263333333333333,0.3263333333333333,1306.4176324965697,1275.8549575956545,1283.0922771248602
R2AO,300,0.0019000869,KG,0.0205,-0.013666666666666667,0.3265,0.3265,1306.3998358031217,1275.8177557539987,1282.8199398701604
R2AO,300,0.0019000869,KG,0.02,-0.013333333333333332,0.32666666666666666,0.32666666666666666,1306.3824645753593,1275.78142782868,1282.548606343588
R2AO,300,0.0019000869,KG,0.0195,-0.013,0.32683333333333336,0.32683333333333336,1306.3655190654306,1275.7459752163893,1282.2778427158169
R2AO,300,0.0019000869,KG,0.019,-0.012666666666666666,0.327,0.327,1306.3489995191323,1275.7113992940283,1282.0053901580538
R2AO,300,0.0019000869,KG,0.0185,-0.012333333333333332,0.32716666666666666,0.32716666666666666,1306.3329061758898,1275.6777014185236,1281.7322465103596
R2AO,300,0.0019000869,KG,0.018000000000000002,-0.012,0.3273333333333333,0.3273333333333333,1306.317239268742,1275.6448829266367,1281.4559662101738
R2AO,300,0.0019000869,KG,0.0175,-0.011666666666666667,0.3275,0.3275,1306.3019990243197,1275.6129451347747,1281.1832261258894
R2AO,300,0.0019000869,KG,0.017,-0.011333333333333334,0.32766666666666666,0.32766666666666666,1306.2871856628321,1275.5818893387973,1280.9067476590203
R2AO,300,0.0019000869,KG,0.0165,-0.011,0.32783333333333337,0.32783333333333337,1306.2727993980461,1275.5517168138304,1280.6301452190435
R2AO,300,0.0019000869,KG,0.016,-0.010666666666666666,0.328,0.328,1306.2588404372698,1275.5224288140703,1280.360949898022
R2AO,300,0.0019000869,KG,0.0155,-0.010333333333333333,0.32816666666666666,0.32816666666666666,1306.2453089813375,1275.4940265725925,1280.0820493697738
R2AO,300,0.0019000869,KG,0.015,-0.009999999999999998,0.3283333333333333,0.3283333333333333,1306.2322052245927,1275.466511301161,1279.8119305200328
R2AO,300,0.0019000869,KG,0.0145,-0.009666666666666667,0.3285,0.3285,1306.21952935487,1275.4398841900338,1279.5446477061967
R2AO,300,0.0019000869,KG,0.014,-0.009333333333333332,0.32866666666666666,0.32866666666666666,1306.2072815534798,1275.4141464077657,1279.268412566137
R2AO,300,0.0019000869,KG,0.0135,-0.009,0.32883333333333337,0.32883333333333337,1306.1954619951935,1275.3892991010214,1279.0103230864188
R2AO,300,0.0019000869,KG,0.013000000000000001,-0.008666666666666666,0.329,0.329,1306.1840708482277,1275.3653433943755,1278.7425922863847
R2AO,300,0.0019000869,KG,0.0125,-0.008333333333333333,0.32916666666666666,0.32916666666666666,1306.1731082742267,1275.3422803901183,1278.4779801041363
R2AO,300,0.0019000869,KG,0.012,-0.008,0.3293333333333333,0.3293333333333333,1306.162574428251,1275.3201111680632,1278.2325028133798
R2AO,300,0.0019000869,KG,0.0115,-0.007666666666666666,0.3295,0.3295,1306.1524694587588,1275.2988367853493,1277.9676148004066
R2AO,300,0.0019000869,KG,0.011,-0.007333333333333332,0.32966666666666666,0.32966666666666666,1306.1427935075951,1275.278458276247,1277.7237086365412
R2AO,300,0.0019000869,KG,0.0105,-0.007,0.32983333333333337,0.32983333333333337,1306.1335467099748,1275.2589766519611,1277.486471390959
R2AO,300,0.0019000869,KG,0.01,-0.006666666666666666,0.33,0.33,1306.12472919447,1275.2403929004365,1277.2357005477324
R2AO,300,0.0019000869,KG,0.0095,-0.006333333333333333,0.33016666666666666,0.33016666666666666,1306.1163410829959,1275.2227079861616,1277.0177076504297
R2AO,300,0.0019000869,KG,0.009000000000000001,-0.006,0.3303333333333333,0.3303333333333333,1306.1083824907962,1275.2059228499727,1276.786505845145
R2AO,300,0.0019000869,KG,0.0085,-0.005666666666666667,0.3305,0.3305,1306.1008535264339,1275.1900384088576,1276.5633631102164
R2AO,300,0.0019000869,KG,0.008,-0.005333333333333333,0.33066666666666666,0.33066666666666666,1306.0937542917727,1275.1750555557621,1276.3691997080412
R2AO,300,0.0019000869,KG,0.0075,-0.004999999999999999,0.33083333333333337,0.33083333333333337,1306.0870848819686,1275.1609751593915,1276.1524415187716
R2AO,300,0.0019000869,KG,0.007,-0.004666666666666666,0.331,0.331,1306.0808453854572,1275.147798064018,1275.9659694834713
R2AO,300,0.0019000869,KG,0.006500000000000001,-0.004333333333333333,0.33116666666666666,0.33116666666666666,1306.0750358839389,1275.1355250892834,1275.7899877009763
R2AO,300,0.0019000869,KG,0.006,-0.004,0.3313333333333333,0.3313333333333333,1306.0696564523705,1275.124157030007,1275.6033534891556
R2AO,300,0.0019000869,KG,0.0055,-0.003666666666666666,0.3315,0.3315,1306.0647071589522,1275.1136946559898,1275.4552626864952
R2AO,300,0.0019000869,KG,0.005,-0.003333333333333333,0.33166666666666667,0.33166666666666667,1306.0601880651152,1275.1041387118216,1275.298445562082
R2AO,300,0.0019000869,KG,0.0045000000000000005,-0.003,0.33183333333333337,0.33183333333333337,1306.0560992255132,1275.0954899166848,1275.154807617725
R2AO,300,0.0019000869,KG,0.004,-0.0026666666666666666,0.332,0.332,1306.052440688011,1275.0877489641662,1275.0402429471771
R2AO,300,0.0019000869,KG,0.0035,-0.002333333333333333,0.33216666666666667,0.33216666666666667,1306.049212493672,1275.0809165220624,1274.9141659162485
R2AO,300,0.0019000869,KG,0.003,-0.002,0.3323333333333333,0.3323333333333333,1306.0464146767529,1275.0749932321883,1274.8160445863614
R2AO,300,0.0019000869,KG,0.0025,-0.0016666666666666666,0.3325,0.3325,1306.0440472646878,1275.0699797101868,1274.7301492286886
R2AO,300,0.0019000869,KG,0.002,-0.0013333333333333333,0.33266666666666667,0.33266666666666667,1306.0421102780847,1275.0658765453416,1274.6464498584837
R2AO,300,0.0019000869,KG,0.0015,-0.001,0.33283333333333337,0.33283333333333337,1306.0406037307125,1275.062684300384,1274.5883402095749
R2AO,300,0.0019000869,KG,0.001,-0.0006666666666666666,0.333,0.333,1306.039527629494,1275.0604035113074,1274.5347303320802
R2AO,300,0.0019000869,KG,0.0005,-0.0003333333333333333,0.33316666666666667,0.33316666666666667,1306.0388819744962,1275.0590346871813,1274.4949902567919
R2AO,300,0.0019000869,K,0.0,0.0,0.3333333333333333,0.3333333333333333,1306.038666758923,1275.0585783099639,1274.4776961399834
R2AO,300,0.0019000869,KM,0.0005,0.0003333333333333333,0.33349999999999996,0.333,1306.038881968661,1275.0590348341302,1274.4972027003564
R2AO,300,0.0019000869,KM,0.001,0.0006666666666666666,0.3336666666666666,0.33266666666666667,1306.0395275836568,1275.0604046871279,1274.5355151841718
R2AO,300,0.0019000869,KM,0.0015,0.001,0.33383333333333337,0.3323333333333333,1306.040603576477,1275.0626882684835,1274.5861512507156
R2AO,300,0.0019000869,KM,0.002,0.0013333333333333333,0.334,0.332,1306.042109912796,1275.0658859498828,1274.6532290678042
R2AO,300,0.0019000869,KM,0.0025,0.0016666666666666666,0.33416666666666667,0.33166666666666667,1306.044046551388,1275.069998074992,1274.726644053847
R2AO,300,0.0019000869,KM,0.003,0.002,0.3343333333333333,0.3313333333333333,1306.046413444121,1275.0750249592802,1274.8183216039674
R2AO,300,0.0019000869,KM,0.0035,0.002333333333333333,0.3345,0.331,1306.0492105359504,1275.0809668898453,1274.9229893424201
R2AO,300,0.0019000869,KM,0.004,0.0026666666666666666,0.33466666666666667,0.33066666666666666,1306.0524377649133,1275.0878241252385,1275.0322985579758
R2AO,300,0.0019000869,KM,0.0045000000000000005,0.003,0.3348333333333333,0.3303333333333333,1306.0560950621232,1275.0955968952924,1275.166080028108
R2AO,300,0.0019000869,KM,0.005,0.003333333333333333,0.33499999999999996,0.33,1306.0601823517654,1275.1042854009504,1275.3035486868773
R2AO,300,0.0019000869,KM,0.0055,0.003666666666666666,0.33516666666666667,0.32966666666666666,1306.0646995510913,1275.1138898141012,1275.4526336798374
R2AO,300,0.0019000869,KM,0.006,0.004,0.3353333333333333,0.3293333333333333,1306.0696465704143,1275.1244102774072,1275.6236127507832
R2AO,300,0.0019000869,KM,0.006500000000000001,0.004333333333333333,0.33549999999999996,0.329,1306.0750233131068,1275.135846904146,1275.79177353045
R2AO,300,0.0019000869,KM,0.007,0.004666666666666666,0.3356666666666666,0.32866666666666666,1306.0808296755924,1275.1481997780454,1275.9812260791682
R2AO,300,0.0019000869,KM,0.0075,0.004999999999999999,0.3358333333333334,0.3283333333333333,1306.0870655473484,1275.1614689531243,1276.1801513728933
R2AO,300,0.0019000869,KM,0.008,0.005333333333333333,0.336,0.328,1306.0937308108976,1275.1756544535358,1276.3775172638395
R2AO,300,0.0019000869,KM,0.0085,0.005666666666666667,0.33616666666666667,0.32766666666666666,1306.100825341807,1275.1907562734127,1276.5996288860274
R2AO,300,0.0019000869,KM,0.009000000000000001,0.006,0.3363333333333333,0.3273333333333333,1306.1083490086871,1275.2067743767152,1276.8193889418346
R2AO,300,0.0019000869,KM,0.0095,0.006333333333333333,0.3365,0.327,1306.1163016731869,1275.2237086970808,1277.0462486536212
R2AO,300,0.0019000869,KM,0.01,0.006666666666666666,0.33666666666666667,0.32666666666666666,1306.1246831899923,1275.2415591376787,1277.2907057611949
R2AO,300,0.0019000869,KM,0.0105,0.007,0.3368333333333333,0.3263333333333333,1306.133493406827,1275.2603255710644,1277.5282284245725
R2AO,300,0.0019000869,KM,0.011,0.007333333333333332,0.33699999999999997,0.326,1306.1427321644494,1275.2800078390403,1277.781610889273
R2AO,300,0.0019000869,KM,0.0115,0.007666666666666666,0.33716666666666667,0.32566666666666666,1306.152399296651,1275.300605752516,1278.039607486383
R2AO,300,0.0019000869,KM,0.012,0.008,0.3373333333333333,0.3253333333333333,1306.1624946302582,1275.3221190913741,1278.294121440889
R2AO,300,0.0019000869,KM,0.0125,0.008333333333333333,0.33749999999999997,0.325,1306.1730179851288,1275.3445476043387,1278.5648717395063
R2AO,300,0.0019000869,KM,0.013000000000000001,0.008666666666666666,0.3376666666666666,0.32466666666666666,1306.1839691741554,1275.3678910088454,1278.8318425159273
R2AO,300,0.0019000869,KM,0.0135,0.009,0.3378333333333334,0.3243333333333333,1306.1953480032632,1275.3921489909176,1279.102219089054
R2AO,300,0.0019000869,KM,0.014,0.009333333333333332,0.338,0.324,1306.207154271412,1275.4173212050428,1279.382137484251
R2AO,300,0.0019000869,KM,0.0145,0.009666666666666667,0.33816666666666667,0.32366666666666666,1306.2193877705993,1275.4434072740562,1279.6567020679242
R2AO,300,0.0019000869,KM,0.015,0.009999999999999998,0.3383333333333333,0.3233333333333333,1306.2320482858563,1275.4704067890243,1279.9393564556028
R2AO,300,0.0019000869,KM,0.0155,0.010333333333333333,0.3385,0.323,1306.245135595254,1275.498319309134,1280.223378430727
R2AO,300,0.0019000869,KM,0.016,0.010666666666666666,0.33866666666666667,0.32266666666666666,1306.2586494699053,1275.5271443615857,1280.504379742915
R2AO,300,0.0019000869,KM,0.0165,0.011,0.3388333333333333,0.3223333333333333,1306.2725896739655,1275.556881441489,1280.7921760285653
R2AO,300,0.0019000869,KM,0.017,0.011333333333333334,0.33899999999999997,0.322,1306.2869559646347,1275.5875300117625,1281.0774501652147
R2AO,300,0.0019000869,KM,0.0175,0.011666666666666667,0.33916666666666667,0.32166666666666666,1306.3017480921637,1275.6190895030416,1281.3637082840573
R2AO,300,0.0019000869,KM,0.018000000000000002,0.012,0.3393333333333333,0.3213333333333333,1306.316965799855,1275.6515593135794,1281.6525914912677
R2AO,300,0.0019000869,KM,0.0185,0.012333333333333332,0.33949999999999997,0.321,1306.3326088240676,1275.6849388091675,1281.9393251975243
R2AO,300,0.0019000869,KM,0.019,0.012666666666666666,0.3396666666666666,0.32066666666666666,1306.3486768942198,1275.7192273230469,1282.227446267748
R2AO,300,0.0019000869,KM,0.0195,0.013,0.3398333333333334,0.3203333333333333,1306.3651697327955,1275.754424155832,1282.515411724391
R2AO,300,0.0019000869,KM,0.02,0.013333333333333332,0.34,0.32,1306.3820870553477,1275.7905285754334,1282.8026742603115
R2AO,300,0.0019000869,KM,0.0205,0.013666666666666667,0.3401666666666667,0.31966666666666665,1306.3994285705046,1275.8275398169908,1283.0886592976278
R2AO,300,0.0019000869,KM,0.021,0.014,0.3403333333333333,0.3193333333333333,1306.4171939799733,1275.8654570828032,1283.375266960769
R2AO,300,0.0019000869,KM,0.021500000000000002,0.014333333333333333,0.3405,0.319,1306.435382978547,1275.9042795422727,1283.6616996806158
R2AO,300,0.0019000869,KM,0.022,0.014666666666666665,0.3406666666666667,0.31866666666666665,1306.4539952541115,1275.944006331843,1283.9455370642725
R2AO,300,0.0019000869,KM,0.0225,0.015,0.3408333333333333,0.3183333333333333,1306.4730304876505,1275.9846365549522,1284.2311674807572
R2AO,300,0.0019000869,KM,0.023,0.015333333333333332,0.34099999999999997,0.318,1306.492488353252,1276.0261692819827,1284.5133069641518
R2AO,300,0.0019000869,KM,0.0235,0.015666666666666666,0.3411666666666667,0.31766666666666665,1306.5123685181168,1276.0686035502201,1284.7947305200062
R2AO,300,0.0019000869,KM,0.024,0.016,0.3413333333333333,0.3173333333333333,1306.5326706425658,1276.1119383638168,1285.0785164705103
R2AO,300,0.0019000869,KM,0.0245,0.01633333333333333,0.34149999999999997,0.317,1306.5533943800476,1276.1561726937587,1285.3558083926032
R2AO,300,0.0019000869,KM,0.025,0.016666666666666666,0.3416666666666666,0.31666666666666665,1306.574539377145,1276.2013054778383,1285.6353814885724
R2AO,300,0.0019000869,KM,0.025500000000000002,0.017,0.3418333333333334,0.3163333333333333,1306.596105273585,1276.2473356206344,1285.9136934968474
R2AO,300,0.0019000869,KM,0.026000000000000002,0.017333333333333333,0.342,0.316,1306.6180917022496,1276.2942619934931,1286.1863402690567
R2AO,300,0.0019000869,KM,0.0265,0.017666666666666664,0.3421666666666667,0.31566666666666665,1306.6404982891797,1276.3420834345163,1286.4645780480314
R2AO,300,0.0019000869,KM,0.027,0.018,0.3423333333333333,0.3153333333333333,1306.6633246535903,1276.3907987485584,1286.7367863788068
R2AO,300,0.0019000869,KM,0.0275,0.018333333333333333,0.3425,0.315,1306.6865704078757,1276.4404067072205,1287.0077266158783
R2AO,300,0.0019000869,KM,0.028,0.018666666666666665,0.3426666666666667,0.31466666666666665,1306.7102351576214,1276.4909060488585,1287.283019379799
R2AO,300,0.0019000869,KM,0.0285,0.019,0.3428333333333333,0.3143333333333333,1306.7343185016175,1276.5422954785922,1287.548208384271
R2AO,300,0.0019000869,KM,0.029,0.019333333333333334,0.34299999999999997,0.314,1306.7588200318633,1276.594573668321,1287.8176156347208
R2AO,300,0.0019000869,KM,0.029500000000000002,0.019666666666666666,0.3431666666666667,0.31366666666666665,1306.7837393335826,1276.6477392567413,1288.086200414581
R2AO,300,0.0019000869,KM,0.03,0.019999999999999997,0.3433333333333333,0.3133333333333333,1306.8090759852366,1276.7017908493779,1288.3470847610824
R2AO,300,0.0019000869,KM,0.0305,0.02033333333333333,0.34349999999999997,0.313,1306.8348295585304,1276.7567270186123,1288.6158315766036
R2AO,300,0.0019000869,KM,0.031,0.020666666666666667,0.3436666666666666,0.31266666666666665,1306.8609996184305,1276.8125463037225,1288.87617977486
R2AO,300,0.0019000869,KM,0.0315,0.020999999999999998,0.3438333333333334,0.31233333333333335,1306.8875857231724,1276.8692472109242,1289.1352261803697
R2AO,300,0.0019000869,KM,0.032,0.021333333333333333,0.34400000000000003,0.312,1306.914587424278,1276.9268282134221,1289.4002903112835
R2AO,300,0.0019000869,KM,0.0325,0.021666666666666667,0.3441666666666667,0.3116666666666667,1306.9420042665656,1276.9852877514602,1289.6531743036094
R2AO,300,0.0019000869,KM,0.033,0.022,0.3443333333333333,0.3113333333333333,1306.9698357881648,1277.0446242323887,1289.9122387658626
R2AO,300,0.0019000869,KM,0.0335,0.022333333333333334,0.34450000000000003,0.311,1306.998081520528,1277.104836030725,1290.170072719396
R2AO,300,0.0019000869,KM,0.034,0.02266666666666667,0.3446666666666667,0.31066666666666665,1307.0267409884475,1277.1659214882268,1290.418194644777
R2AO,300,0.0019000869,KM,0.0345,0.023,0.3448333333333333,0.31033333333333335,1307.055813710069,1277.2278789139696,1290.6762270060017
R2AO,300,0.0019000869,KM,0.035,0.023333333333333334,0.345,0.31,1307.0852991969039,1277.2907065844322,1290.9249913085982
R2AO,300,0.0019000869,KM,0.035500000000000004,0.02366666666666667,0.3451666666666667,0.3096666666666667,1307.1151969538475,1277.3544027435823,1291.1731796968838
R2AO,300,0.0019000869,KM,0.036000000000000004,0.024,0.3453333333333333,0.3093333333333333,1307.1455064791926,1277.4189656029764,1291.4284465133692
R2AO,300,0.0019000869,KM,0.0365,0.024333333333333332,0.3455,0.309,1307.1762272646454,1277.4843933418547,1291.6691358233356
R2AO,300,0.0019000869,KM,0.037,0.024666666666666663,0.3456666666666666,0.3086666666666667,1307.2073587953416,1277.5506841072533,1291.9170168748226
R2AO,300,0.0019000869,KM,0.0375,0.024999999999999998,0.3458333333333334,0.30833333333333335,1307.2389005498635,1277.617836014115,1292.1637877327742
R2AO,300,0.0019000869,KM,0.038,0.025333333333333333,0.34600000000000003,0.308,1307.2708520002543,1277.6858471454048,1292.3999530062124
R2AO,300,0.0019000869,KM,0.0385,0.025666666666666664,0.3461666666666667,0.3076666666666667,1307.3032126120374,1277.7547155522384,1292.6479975575057
R2AO,300,0.0019000869,KM,0.039,0.026,0.3463333333333333,0.30733333333333335,1307.3359818442323,1277.8244392540103,1292.8859071272063
R2AO,300,0.0019000869,KM,0.0395,0.026333333333333334,0.34650000000000003,0.307,1307.369159149372,1277.8950162385268,1293.1223538206311
R2AO,300,0.0019000869,KM,0.04,0.026666666666666665,0.3466666666666667,0.3066666666666667,1307.402743973523,1277.9664444621549,1293.3663072373956
R2AO,300,0.0019000869,KM,0.0405,0.027,0.3468333333333333,0.30633333333333335,1307.4367357562996,1278.0387218499607,1293.5941098398514
R2AO,300,0.0019000869,KM,0.041,0.027333333333333334,0.347,0.306,1307.4711339308853,1278.1118462958684,1293.8306687022305
R2AO,300,0.0019000869,KM,0.0415,0.027666666666666666,0.3471666666666667,0.3056666666666667,1307.5059379240504,1278.185815662816,1294.0677742038092
R2AO,300,0.0019000869,KM,0.042,0.028,0.3473333333333333,0.30533333333333335,1307.541147156172,1278.2606277829216,1294.2949032246959
R2AO,300,0.0019000869,KM,0.0425,0.028333333333333335,0.3475,0.305,1307.5767610412508,1278.336280457653,1294.5358505487106
R2AO,300,0.0019000869,KM,0.043000000000000003,0.028666666666666667,0.3476666666666666,0.3046666666666667,1307.6127789869347,1278.4127714579997,1294.766112759204
R2AO,300,0.0019000869,KM,0.043500000000000004,0.029,0.3478333333333334,0.30433333333333334,1307.6492003945343,1278.4900985246595,1294.9953797355768
R2AO,300,0.0019000869,KM,0.044,0.02933333333333333,0.34800000000000003,0.304,1307.6860246590472,1278.5682593682232,1295.2336148520112
R2AO,300,0.0019000869,KM,0.0445,0.029666666666666664,0.3481666666666667,0.3036666666666667,1307.7232511691748,1278.6472516693623,1295.455156055336
R2AO,300,0.0019000869,KM,0.045,0.03,0.34833333333333333,0.30333333333333334,1307.7608793073455,1278.7270730790335,1295.685799571683
R2AO,300,0.0019000869,KM,0.0455,0.03033333333333333,0.34850000000000003,0.303,1307.7989084497358,1278.8077212186768,1295.915874862345
R2AO,300,0.0019000869,KM,0.046,0.030666666666666665,0.3486666666666667,0.3026666666666667,1307.837337966289,1278.8891936804246,1296.1344529635187
R2AO,300,0.0019000869,KM,0.0465,0.031,0.34883333333333333,0.30233333333333334,1307.8761672207406,1278.9714880273161,1296.36684914807
R2AO,300,0.0019000869,KM,0.047,0.03133333333333333,0.349,0.302,1307.9153955706377,1279.0546017935155,1296.587109132727
R2AO,300,0.0019000869,KM,0.0475,0.03166666666666666,0.3491666666666667,0.3016666666666667,1307.9550223673607,1279.1385324845342,1296.806668511327
R2AO,300,0.0019000869,KM,0.048,0.032,0.34933333333333333,0.30133333333333334,1307.9950469561477,1279.2232775774628,1297.0361836365553
R2AO,300,0.0019000869,KM,0.0485,0.03233333333333333,0.3495,0.301,1308.035468676117,1279.308834521201,1297.2484229606478
R2AO,300,0.0019000869,KM,0.049,0.03266666666666666,0.3496666666666666,0.3006666666666667,1308.0762868602885,1279.3952007366995,1297.4708921769254
R2AO,300,0.0019000869,KM,0.0495,0.033,0.3498333333333334,0.30033333333333334,1308.1175008356072,1279.4823736172016,1297.6930556398233
R2AO,300,0.0019000869,KM,0.05,0.03333333333333333,0.35000000000000003,0.3,1308.1591099229686,1279.570350528493,1297.9031975869507
R2AO,300,0.0019000869,KM,0.0505,0.033666666666666664,0.3501666666666667,0.2996666666666667,1308.2011134372399,1279.6591288091536,1298.1275794035585
R2AO,300,0.0019000869,KM,0.051000000000000004,0.034,0.35033333333333333,0.29933333333333334,1308.2435106872877,1279.7487057708158,1298.3390462002317
R2AO,300,0.0019000869,KM,0.051500000000000004,0.034333333333333334,0.35050000000000003,0.299,1308.286300975997,1279.8390786984266,1298.5503965197747
R2AO,300,0.0019000869,KM,0.052000000000000005,0.034666666666666665,0.3506666666666667,0.2986666666666667,1308.3294836002995,1279.9302448505143,1298.7729208978926
R2AO,300,0.0019000869,KM,0.0525,0.034999999999999996,0.35083333333333333,0.29833333333333334,1308.3730578511997,1280.0222014594583,1298.97744816166
R2AO,300,0.0019000869,KM,0.053,0.03533333333333333,0.351,0.298,1308.4170230137952,1280.1149457317674,1299.1930540544317
R2AO,300,0.0019000869,KM,0.0535,0.035666666666666666,0.3511666666666667,0.2976666666666667,1308.4613783673053,1280.208474848355,1299.4087502789298
R2AO,300,0.0019000869,KM,0.054,0.036,0.35133333333333333,0.29733333333333334,1308.5061231850973,1280.3027859648269,1299.6122640724523
R2AO,300,0.0019000869,KM,0.0545,0.03633333333333333,0.3515,0.297,1308.5512567347087,1280.397876211765,1299.8316524040379
R2AO,300,0.0019000869,KM,0.055,0.03666666666666667,0.3516666666666666,0.2966666666666667,1308.5967782778766,1280.4937426950214,1300.038274728284
R2AO,300,0.0019000869,KM,0.0555,0.037,0.3518333333333334,0.29633333333333334,1308.6426870705625,1280.5903824960124,1300.2447950668734
R2AO,300,0.0019000869,KM,0.056,0.03733333333333333,0.35200000000000004,0.296,1308.6889823629776,1280.687792672018,1300.4628230353123
R2AO,300,0.0019000869,KM,0.0565,0.03766666666666667,0.3521666666666667,0.2956666666666667,1308.7356633996133,1280.7859702564824,1300.6625206440972
R2AO,300,0.0019000869,KM,0.057,0.038,0.35233333333333333,0.29533333333333334,1308.7827294192637,1280.8849122593228,1300.8739983316198
R2AO,300,0.0019000869,KM,0.0575,0.03833333333333333,0.35250000000000004,0.295,1308.8301796550559,1280.984615667236,1301.0856755040559
R2AO,300,0.0019000869,KM,0.058,0.03866666666666667,0.3526666666666667,0.2946666666666667,1308.8780133344749,1281.0850774440125,1301.2846320905833
R2AO,300,0.0019000869,KM,0.0585,0.039,0.35283333333333333,0.29433333333333334,1308.9262296793938,1281.186294530852,1301.4999020982252
R2AO,300,0.0019000869,KM,0.059000000000000004,0.03933333333333333,0.353,0.294,1308.9748279061002,1281.28826384668,1301.7020118878472
R2AO,300,0.0019000869,KM,0.059500000000000004,0.03966666666666667,0.3531666666666667,0.2936666666666667,1309.023807225323,1281.3909822884737,1301.9040417962615
R2AO,300,0.0019000869,KM,0.06,0.039999999999999994,0.35333333333333333,0.29333333333333333,1309.0731668422638,1281.4944467315813,1302.117403965815
R2AO,450,0.0019000869,KG,0.06,-0.039999999999999994,0.3133333333333333,0.3133333333333333,1301.091627041364,1273.1308447499673,1292.5503435384724
R2AO,450,0.0019000869,KG,0.059500000000000004,-0.03966666666666667,0.3135,0.3135,1301.0422251067473,1273.0312459288243,1292.3867575858892
R2AO,450,0.0019000869,KG,0.059000000000000004,-0.03933333333333333,0.31366666666666665,0.31366666666666665,1300.9932014736935,1272.9323562898082,1292.1999852720003
R2AO,450,0.0019000869,KG,0.0585,-0.039,0.31383333333333335,0.31383333333333335,1300.944556912584,1272.8341783619212,1292.0105536341625
R2AO,450,0.0019000869,KG,0.058,-0.03866666666666667,0.314,0.314,1300.8962921902107,1272.7367146668973,1291.8404101786712
R2AO,450,0.0019000869,KG,0.0575,-0.03833333333333333,0.31416666666666665,0.31416666666666665,1300.8484080697478,1272.6399677190961,1291.6405987185174
R2AO,450,0.0019000869,KG,0.057,-0.038,0.3143333333333333,0.3143333333333333,1300.8009053107155,1272.5439400254018,1291.4602955592404
R2AO,450,0.0019000869,KG,0.0565,-0.03766666666666667,0.3145,0.3145,1300.7537846689438,1272.448634085117,1291.278023156269
R2AO,450,0.0019000869,KG,0.056,-0.03733333333333333,0.31466666666666665,0.31466666666666665,1300.7070468965458,1272.3540523898605,1291.0741809733581
R2AO,450,0.0019000869,KG,0.0555,-0.037,0.31483333333333335,0.31483333333333335,1300.6606927418763,1272.2601974234576,1290.8992651135732
R2AO,450,0.0019000869,KG,0.055,-0.03666666666666667,0.315,0.315,1300.6147229495039,1272.1670716618344,1290.7028398448244
R2AO,450,0.0019000869,KG,0.0545,-0.03633333333333333,0.31516666666666665,0.31516666666666665,1300.5691382601726,1272.0746775729092,1290.5045937659472
R2AO,450,0.0019000869,KG,0.054,-0.036,0.3153333333333333,0.3153333333333333,1300.5239394107725,1271.9830176164853,1290.3257068552584
R2AO,450,0.0019000869,KG,0.0535,-0.035666666666666666,0.3155,0.3155,1300.4791271343013,1271.892094244138,1290.1179382551338
R2AO,450,0.0019000869,KG,0.053,-0.03533333333333333,0.31566666666666665,0.31566666666666665,1300.4347021598362,1271.801909899106,1289.9294725824009
R2AO,450,0.0019000869,KG,0.0525,-0.034999999999999996,0.31583333333333335,0.31583333333333335,1300.3906652124952,1271.7124670161788,1289.73909645381
R2AO,450,0.0019000869,KG,0.052000000000000005,-0.034666666666666665,0.316,0.316,1300.3470170134071,1271.623768021581,1289.5275899585483
R2AO,450,0.0019000869,KG,0.051500000000000004,-0.034333333333333334,0.31616666666666665,0.31616666666666665,1300.3037582796758,1271.5358153328616,1289.3443377935153
R2AO,450,0.0019000869,KG,0.051000000000000004,-0.034,0.3163333333333333,0.3163333333333333,1300.2608897243472,1271.4486113587784,1289.1400482681133
R2AO,450,0.0019000869,KG,0.0505,-0.033666666666666664,0.3165,0.3165,1300.2184120563754,1271.3621584991783,1288.9339279552491
R2AO,450,0.0019000869,KG,0.05,-0.03333333333333333,0.31666666666666665,0.31666666666666665,1300.1763259805912,1271.2764591448845,1288.7465633090999
R2AO,450,0.0019000869,KG,0.0495,-0.033,0.31683333333333336,0.31683333333333336,1300.1346321976657,1271.1915156775738,1288.530994574688
R2AO,450,0.0019000869,KG,0.049,-0.03266666666666666,0.317,0.317,1300.093331404078,1271.1073304696613,1288.3340228174375
R2AO,450,0.0019000869,KG,0.0485,-0.03233333333333333,0.31716666666666665,0.31716666666666665,1300.052424292083,1271.0239058841748,1288.13509778378
R2AO,450,0.0019000869,KG,0.048,-0.032,0.3173333333333333,0.3173333333333333,1300.0119115496775,1270.9412442746375,1287.9155764997138
R2AO,450,0.0019000869,KG,0.0475,-0.03166666666666666,0.3175,0.3175,1299.9717938605631,1270.8593479849426,1287.7232155855152
R2AO,450,0.0019000869,KG,0.047,-0.03133333333333333,0.31766666666666665,0.31766666666666665,1299.9320719041207,1270.7782193492292,1287.5102789634918
R2AO,450,0.0019000869,KG,0.0465,-0.031,0.31783333333333336,0.31783333333333336,1299.8927463553696,1270.697860691756,1287.2953582703044
R2AO,450,0.0019000869,KG,0.046,-0.030666666666666665,0.318,0.318,1299.8538178849371,1270.6182743267782,1287.0981668717652
R2AO,450,0.0019000869,KG,0.0455,-0.03033333333333333,0.31816666666666665,0.31816666666666665,1299.815287159028,1270.539462558416,1286.8735040062766
R2AO,450,0.0019000869,KG,0.045,-0.03,0.3183333333333333,0.3183333333333333,1299.7771548393873,1270.4614276805269,1286.6661534423013
R2AO,450,0.0019000869,KG,0.0445,-0.029666666666666664,0.3185,0.3185,1299.7394215832699,1270.3841719765762,1286.4560627595822
R2AO,450,0.0019000869,KG,0.044,-0.02933333333333333,0.31866666666666665,0.31866666666666665,1299.7020880434047,1270.3076977195049,1286.2249874220422
R2AO,450,0.0019000869,KG,0.043500000000000004,-0.029,0.31883333333333336,0.31883333333333336,1299.6651548679663,1270.2320071715958,1286.0177731554227
R2AO,450,0.0019000869,KG,0.043000000000000003,-0.028666666666666667,0.319,0.319,1299.6286227005369,1270.157102584342,1285.7876344111262
R2AO,450,0.0019000869,KG,0.0425,-0.028333333333333335,0.31916666666666665,0.31916666666666665,1299.592492180077,1270.0829861983088,1285.5513152524322
R2AO,450,0.0019000869,KG,0.042,-0.028,0.3193333333333333,0.3193333333333333,1299.5567639408912,1270.0096602429996,1285.3310640196073
R2AO,450,0.0019000869,KG,0.0415,-0.027666666666666666,0.3195,0.3195,1299.5214386125963,1269.9371269367164,1285.0965854465965
R2AO,450,0.0019000869,KG,0.041,-0.027333333333333334,0.31966666666666665,0.31966666666666665,1299.4865168200863,1269.8653884864204,1284.8933730282627
R2AO,450,0.0019000869,KG,0.0405,-0.027,0.31983333333333336,0.31983333333333336,1299.4519991835039,1269.7944470875927,1284.689876796012
R2AO,450,0.0019000869,KG,0.04,-0.026666666666666665,0.32,0.32,1299.4178863182042,1269.724304924091,1284.4635032977067
R2AO,450,0.0019000869,KG,0.0395,-0.026333333333333334,0.32016666666666665,0.32016666666666665,1299.3841788347233,1269.654964168008,1284.2575150193165
R2AO,450,0.0019000869,KG,0.039,-0.026,0.3203333333333333,0.3203333333333333,1299.3508773387468,1269.5864269795252,1284.0306307554192
R2AO,450,0.0019000869,KG,0.0385,-0.025666666666666664,0.3205,0.3205,1299.3179824310778,1269.5186955067668,1283.8004836688933
R2AO,450,0.0019000869,KG,0.038,-0.025333333333333333,0.32066666666666666,0.32066666666666666,1299.2854947076023,1269.4517718856548,1283.5849401663877
R2AO,450,0.0019000869,KG,0.0375,-0.024999999999999998,0.32083333333333336,0.32083333333333336,1299.2534147592594,1269.3856582397568,1283.3447008120604
R2AO,450,0.0019000869,KG,0.037,-0.024666666666666663,0.321,0.321,1299.2217431720078,1269.3203566801376,1283.1193085753646
R2AO,450,0.0019000869,KG,0.0365,-0.024333333333333332,0.32116666666666666,0.32116666666666666,1299.190480526795,1269.2558693052092,1282.8915206876627
R2AO,450,0.0019000869,KG,0.036000000000000004,-0.024,0.3213333333333333,0.3213333333333333,1299.1596273995244,1269.1921982005745,1282.6463247950326
R2AO,450,0.0019000869,KG,0.035500000000000004,-0.02366666666666667,0.3215,0.3215,1299.1291843610236,1269.1293454388745,1282.4227738964219
R2AO,450,0.0019000869,KG,0.035,-0.023333333333333334,0.32166666666666666,0.32166666666666666,1299.0991519770137,1269.0673130796342,1282.1819958087442
R2AO,450,0.0019000869,KG,0.0345,-0.023,0.32183333333333336,0.32183333333333336,1299.069530808075,1269.0061031691018,1281.9392279072983
R2AO,450,0.0019000869,KG,0.034,-0.02266666666666667,0.322,0.322,1299.0403214096198,1268.9457177400934,1281.7100989191288
R2AO,450,0.0019000869,KG,0.0335,-0.022333333333333334,0.32216666666666666,0.32216666666666666,1299.0115243318562,1268.8861588118302,1281.459101737074
R2AO,450,0.0019000869,KG,0.033,-0.022,0.3223333333333333,0.3223333333333333,1298.983140119761,1268.8274283897795,1281.2213165366798
R2AO,450,0.0019000869,KG,0.0325,-0.021666666666666667,0.3225,0.3225,1298.9551693130445,1268.769528465489,1280.9812964794457
R2AO,450,0.0019000869,KG,0.032,-0.021333333333333333,0.32266666666666666,0.32266666666666666,1298.9276124461228,1268.7124610164249,1280.7259022293783
R2AO,450,0.0019000869,KG,0.0315,-0.020999999999999998,0.32283333333333336,0.32283333333333336,1298.9004700480837,1268.656228005804,1280.4891526408676
R2AO,450,0.0019000869,KG,0.031,-0.020666666666666667,0.323,0.323,1298.8737426426599,1268.6008313824275,1280.2373270662224
R2AO,450,0.0019000869,KG,0.0305,-0.02033333333333333,0.32316666666666666,0.32316666666666666,1298.8474307481927,1268.5462730805111,1279.9836921889212
R2AO,450,0.0019000869,KG,0.03,-0.019999999999999997,0.3233333333333333,0.3233333333333333,1298.8215348776073,1268.4925550195164,1279.7411972833731
R2AO,450,0.0019000869,KG,0.029500000000000002,-0.019666666666666666,0.3235,0.3235,1298.7960555383754,1268.439679103978,1279.4800661113263
R2AO,450,0.0019000869,KG,0.029,-0.019333333333333334,0.32366666666666666,0.32366666666666666,1298.7709932324915,1268.3876472233296,1279.2297839007413
R2AO,450,0.0019000869,KG,0.0285,-0.019,0.32383333333333336,0.32383333333333336,1298.7463484564387,1268.3364612517323,1278.977269395185
R2AO,450,0.0019000869,KG,0.028,-0.018666666666666665,0.324,0.324,1298.722121701159,1268.2861230478934,1278.7121231342983
R2AO,450,0.0019000869,KG,0.0275,-0.018333333333333333,0.32416666666666666,0.32416666666666666,1298.6983134520237,1268.2366344548955,1278.4612660242651
R2AO,450,0.0019000869,KG,0.027,-0.018,0.3243333333333333,0.3243333333333333,1298.6749241888033,1268.1879973000116,1278.1983283290804
R2AO,450,0.0019000869,KG,0.0265,-0.017666666666666664,0.3245,0.3245,1298.6519543856375,1268.1402133945287,1277.9338697721828
R2AO,450,0.0019000869,KG,0.026000000000000002,-0.017333333333333333,0.32466666666666666,0.32466666666666666,1298.6294045110053,1268.0932845335633,1277.677092927656
R2AO,450,0.0019000869,KG,0.025500000000000002,-0.017,0.32483333333333336,0.32483333333333336,1298.6072750276971,1268.0472124958799,1277.406572153025
R2AO,450,0.0019000869,KG,0.025,-0.016666666666666666,0.325,0.325,1298.5855663927819,1268.0019990437056,1277.1432129321418
R2AO,450,0.0019000869,KG,0.0245,-0.01633333333333333,0.32516666666666666,0.32516666666666666,1298.5642790575816,1267.9576459225455,1276.8775940514035
R2AO,450,0.0019000869,KG,0.024,-0.016,0.3253333333333333,0.3253333333333333,1298.5434134676402,1267.9141548609928,1276.603345225256
R2AO,450,0.0019000869,KG,0.0235,-0.015666666666666666,0.3255,0.3255,1298.5229700626944,1267.871527570541,1276.3372114474234
R2AO,450,0.0019000869,KG,0.023,-0.015333333333333332,0.32566666666666666,0.32566666666666666,1298.5029492766444,1267.829765745396,1276.0629092767597
R2AO,450,0.0019000869,KG,0.0225,-0.015,0.32583333333333336,0.32583333333333336,1298.4833515375285,1267.7888710622804,1275.786774130078
R2AO,450,0.0019000869,KG,0.022,-0.014666666666666665,0.326,0.326,1298.4641772674902,1267.7488451802442,1275.5129727591984
R2AO,450,0.0019000869,KG,0.021500000000000002,-0.014333333333333333,0.32616666666666666,0.32616666666666666,1298.4454268827533,1267.7096897404688,1275.2322609116957
R2AO,450,0.0019000869,KG,0.021,-0.014,0.3263333333333333,0.3263333333333333,1298.4271007935897,1267.6714063660738,1274.9555667531176
R2AO,450,0.0019000869,KG,0.0205,-0.013666666666666667,0.3265,0.3265,1298.4091994042958,1267.633996661916,1274.6814959980245
R2AO,450,0.0019000869,KG,0.02,-0.013333333333333332,0.32666666666666666,0.32666666666666666,1298.3917231131627,1267.5974622143951,1274.408431599799
R2AO,450,0.0019000869,KG,0.0195,-0.013,0.32683333333333336,0.32683333333333336,1298.3746723124473,1267.561804591254,1274.1359371037659
R2AO,450,0.0019000869,KG,0.019,-0.012666666666666666,0.327,0.327,1298.3580473883464,1267.5270253413776,1273.8617393845163
R2AO,450,0.0019000869,KG,0.0185,-0.012333333333333332,0.32716666666666666,0.32716666666666666,1298.3418487209694,1267.49312599459,1273.586842789581
R2AO,450,0.0019000869,KG,0.018000000000000002,-0.012,0.3273333333333333,0.3273333333333333,1298.3260766843096,1267.4601080614545,1273.3087862429188
R2AO,450,0.0019000869,KG,0.0175,-0.011666666666666667,0.3275,0.3275,1298.3107316462183,1267.4279730330668,1273.034289467156
R2AO,450,0.0019000869,KG,0.017,-0.011333333333333334,0.32766666666666666,0.32766666666666666,1298.2958139683772,1267.3967223808515,1272.7560274221046
R2AO,450,0.0019000869,KG,0.0165,-0.011,0.32783333333333337,0.32783333333333337,1298.281324006273,1267.3663575563567,1272.477637783871
R2AO,450,0.0019000869,KG,0.016,-0.010666666666666666,0.328,0.328,1298.26726210917,1267.3368799910431,1272.2067000561208
R2AO,450,0.0019000869,KG,0.0155,-0.010333333333333333,0.32816666666666666,0.32816666666666666,1298.2536286200836,1267.3082910960816,1271.9259923864226
R2AO,450,0.0019000869,KG,0.015,-0.009999999999999998,0.3283333333333333,0.3283333333333333,1298.2404238757558,1267.2805922621376,1271.6541203175545
R2AO,450,0.0019000869,KG,0.0145,-0.009666666666666667,0.3285,0.3285,1298.2276482066263,1267.2537848591667,1271.385100264128
R2AO,450,0.0019000869,KG,0.014,-0.009333333333333332,0.32866666666666666,0.32866666666666666,1298.2153019368102,1267.227870236198,1271.107068342016
R2AO,450,0.0019000869,KG,0.0135,-0.009,0.32883333333333337,0.32883333333333337,1298.2033853840699,1267.2028497211281,1270.8472966676397
R2AO,450,0.0019000869,KG,0.013000000000000001,-0.008666666666666666,0.329,0.329,1298.191898859792,1267.1787246205008,1270.577819991694
R2AO,450,0.0019000869,KG,0.0125,-0.008333333333333333,0.32916666666666666,0.32916666666666666,1298.1808426689593,1267.1554962193024,1270.3114803484561
R2AO,450,0.0019000869,KG,0.012,-0.008,0.3293333333333333,0.3293333333333333,1298.170217110129,1267.133165780739,1270.0643971875127
R2AO,450,0.0019000869,KG,0.0115,-0.007666666666666666,0.3295,0.3295,1298.1600224754068,1267.1117345460252,1269.7977771908315
R2AO,450,0.0019000869,KG,0.011,-0.007333333333333332,0.32966666666666666,0.32966666666666666,1298.1502590504224,1267.0912037341693,1269.552272910718
R2AO,450,0.0019000869,KG,0.0105,-0.007,0.32983333333333337,0.32983333333333337,1298.1409271143038,1267.0715745417538,1269.3134795608726
R2AO,450,0.0019000869,KG,0.01,-0.006666666666666666,0.33,0.33,1298.132026939657,1267.0528481427216,1269.0610646879022
R2AO,450,0.0019000869,KG,0.0095,-0.006333333333333333,0.33016666666666666,0.33016666666666666,1298.1235587925378,1267.0350256881552,1268.8416383067388
R2AO,450,0.0019000869,KG,0.009000000000000001,-0.006,0.3303333333333333,0.3303333333333333,1298.115522932432,1267.0181083060604,1268.6089175051825
R2AO,450,0.0019000869,KG,0.0085,-0.005666666666666667,0.3305,0.3305,1298.1079196122294,1267.0020971011477,1268.3843074607864
R2AO,450,0.0019000869,KG,0.008,-0.005333333333333333,0.33066666666666666,0.33066666666666666,1298.1007490782029,1266.9869931546139,1268.188863584899
R2AO,450,0.0019000869,KG,0.0075,-0.004999999999999999,0.33083333333333337,0.33083333333333337,1298.094011569983,1266.9727975239207,1267.97067930323
R2AO,450,0.0019000869,KG,0.007,-0.004666666666666666,0.331,0.331,1298.0877073205384,1266.9595112425784,1267.7829768906802
R2AO,450,0.0019000869,KG,0.006500000000000001,-0.004333333333333333,0.33116666666666666,0.33116666666666666,1298.0818365561493,1266.947135319923,1267.605832960629
R2AO,450,0.0019000869,KG,0.006,-0.004,0.3313333333333333,0.3313333333333333,1298.0763994963902,1266.9356707408997,1267.417968492115
R2AO,450,0.0019000869,KG,0.0055,-0.003666666666666666,0.3315,0.3315,1298.0713963541054,1266.92511846584,1267.2688972199917
R2AO,450,0.0019000869,KG,0.005,-0.003333333333333333,0.33166666666666667,0.33166666666666667,1298.0668273353867,1266.9154794302426,1267.111044318112
R2AO,450,0.0019000869,KG,0.0045000000000000005,-0.003,0.33183333333333337,0.33183333333333337,1298.062692639553,1266.9067545445548,1266.966456970776
R2AO,450,0.0019000869,KG,0.004,-0.0026666666666666666,0.332,0.332,1298.058992459129,1266.8989446939522,1266.851132221816
R2AO,450,0.0019000869,KG,0.0035,-0.002333333333333333,0.33216666666666667,0.33216666666666667,1298.0557269798242,1266.892050738119,1266.7242222929585
R2AO,450,0.0019000869,KG,0.003,-0.002,0.3323333333333333,0.3323333333333333,1298.0528963805132,1266.8860735110268,1266.6254505759202
R2AO,450,0.0019000869,KG,0.0025,-0.0016666666666666666,0.3325,0.3325,1298.050500833213,1266.881013820718,1266.5389858470303
R2AO,450,0.0019000869,KG,0.002,-0.0013333333333333333,0.33266666666666667,0.33266666666666667,1298.0485405030663,1266.876872449088,1266.4547334268766
R2AO,450,0.0019000869,KG,0.0015,-0.001,0.33283333333333337,0.33283333333333337,1298.0470155483172,1266.8736501516637,1266.3962385362681
R2AO,450,0.0019000869,KG,0.001,-0.0006666666666666666,0.333,0.333,1298.0459261202968,1266.8713476573894,1266.3422749831486
R2AO,450,0.0019000869,KG,0.0005,-0.0003333333333333333,0.33316666666666667,0.33316666666666667,1298.0452723633994,1266.869965668406,1266.3022735766685
R2AO,450,0.0019000869,K,0.0,0.0,0.3333333333333333,0.3333333333333333,1298.045054415066,1266.8695048598393,1266.2848661262078
R2AO,450,0.0019000869,KM,0.0005,0.0003333333333333333,0.33349999999999996,0.333,1298.045272405728,1266.8699658799612,1266.304500383673
R2AO,450,0.0019000869,KM,0.001,0.0006666666666666666,0.3336666666666666,0.33266666666666667,1298.0459264589451,1266.8713493489113,1266.3430653071473
R2AO,450,0.0019000869,KM,0.0015,0.001,0.33383333333333337,0.3323333333333333,1298.0470166911848,1266.873655859472,1266.394036747879
R2AO,450,0.0019000869,KM,0.002,0.0013333333333333333,0.334,0.332,1298.0485432118878,1266.876885976552,1266.461559638513
R2AO,450,0.0019000869,KM,0.0025,0.0016666666666666666,0.33416666666666667,0.33166666666666667,1298.050506123449,1266.8810402369772,1266.5354641603217
R2AO,450,0.0019000869,KM,0.003,0.002,0.3343333333333333,0.3313333333333333,1298.0529055212016,1266.8861191492747,1266.627752956226
R2AO,450,0.0019000869,KM,0.0035,0.002333333333333333,0.3345,0.331,1298.0557414933999,1266.8921231934698,1266.7331196571022
R2AO,450,0.0019000869,KM,0.004,0.0026666666666666666,0.33466666666666667,0.33066666666666666,1298.059014121201,1266.8990528208724,1266.8431616880077
R2AO,450,0.0019000869,KM,0.0045000000000000005,0.003,0.3348333333333333,0.3303333333333333,1298.0627234786498,1266.906908453877,1266.9778381211488
R2AO,450,0.0019000869,KM,0.005,0.003333333333333333,0.33499999999999996,0.33,1298.0668696326634,1266.9156904857525,1267.1162296358432
R2AO,450,0.0019000869,KM,0.0055,0.003666666666666666,0.33516666666666667,0.32966666666666666,1298.071452643014,1266.9253992804443,1267.266316728294
R2AO,450,0.0019000869,KM,0.006,0.004,0.3353333333333333,0.3293333333333333,1298.0764725623137,1266.9360351723672,1267.4384436076612
R2AO,450,0.0019000869,KM,0.006500000000000001,0.004333333333333333,0.33549999999999996,0.329,1298.0819294359992,1266.947598466213,1267.6077383851543
R2AO,450,0.0019000869,KM,0.007,0.004666666666666666,0.3356666666666666,0.32866666666666666,1298.087823302317,1266.9600894367481,1267.7984668969118
R2AO,450,0.0019000869,KM,0.0075,0.004999999999999999,0.3358333333333334,0.3283333333333333,1298.0941541923096,1266.9735083286193,1267.9987338780368
R2AO,450,0.0019000869,KM,0.008,0.005333333333333333,0.336,0.328,1298.1009221298,1266.9878553561614,1268.1974361065827
R2AO,450,0.0019000869,KM,0.0085,0.005666666666666667,0.33616666666666667,0.32766666666666666,1298.1081271313778,1267.0031307032054,1268.4210484842677
R2AO,450,0.0019000869,KM,0.009000000000000001,0.006,0.3363333333333333,0.3273333333333333,1298.1157692063873,1267.0193345228904,1268.6422990306964
R2AO,450,0.0019000869,KM,0.0095,0.006333333333333333,0.3365,0.327,1298.123848356911,1267.0364669374771,1268.8707000229779
R2AO,450,0.0019000869,KM,0.01,0.006666666666666666,0.33666666666666667,0.32666666666666666,1298.132364577759,1267.0545280381643,1269.1168169045816
R2AO,450,0.0019000869,KM,0.0105,0.007,0.3368333333333333,0.3263333333333333,1298.1413178564576,1267.0735178849072,1269.355959905892
R2AO,450,0.0019000869,KM,0.011,0.007333333333333332,0.33699999999999997,0.326,1298.1507081732332,1267.0934365062396,1269.611070159456
R2AO,450,0.0019000869,KM,0.0115,0.007666666666666666,0.33716666666666667,0.32566666666666666,1298.1605355010017,1267.1142838991004,1269.8708296704026
R2AO,450,0.0019000869,KM,0.012,0.008,0.3373333333333333,0.3253333333333333,1298.1707998053587,1267.1360600286564,1270.127089703578
R2AO,450,0.0019000869,KM,0.0125,0.008333333333333333,0.33749999999999997,0.325,1298.1815010445669,1267.1587648281368,1270.3996961540124
R2AO,450,0.0019000869,KM,0.013000000000000001,0.008666666666666666,0.3376666666666666,0.32466666666666666,1298.1926391695438,1267.1823981986654,1270.668504567228
R2AO,450,0.0019000869,KM,0.0135,0.009,0.3378333333333334,0.3243333333333333,1298.2042141238537,1267.206960009098,1270.9407465740128
R2AO,450,0.0019000869,KM,0.014,0.009333333333333332,0.338,0.324,1298.2162258436945,1267.2324500958612,1271.2225976939665
R2AO,450,0.0019000869,KM,0.0145,0.009666666666666667,0.33816666666666667,0.32366666666666666,1298.228674257889,1267.2588682627984,1271.4990667809996
R2AO,450,0.0019000869,KM,0.015,0.009999999999999998,0.3383333333333333,0.3233333333333333,1298.2415592878774,1267.2862142810159,1271.7836838460933
R2AO,450,0.0019000869,KM,0.0155,0.010333333333333333,0.3385,0.323,1298.2548808477038,1267.3144878887322,1272.0696836491345
R2AO,450,0.0019000869,KM,0.016,0.010666666666666666,0.33866666666666667,0.32266666666666666,1298.2686388440104,1267.3436887911362,1272.3526499487978
R2AO,450,0.0019000869,KM,0.0165,0.011,0.3388333333333333,0.3223333333333333,1298.2828331760277,1267.3738166602427,1272.642461401486
R2AO,450,0.0019000869,KM,0.017,0.011333333333333334,0.33899999999999997,0.322,1298.2974637355667,1267.404871134756,1272.9297413214376
R2AO,450,0.0019000869,KM,0.0175,0.011666666666666667,0.33916666666666667,0.32166666666666666,1298.312530407011,1267.4368518199371,1273.218018428377
R2AO,450,0.0019000869,KM,0.018000000000000002,0.012,0.3393333333333333,0.3213333333333333,1298.328033067309,1267.4697582874737,1273.5089444476512
R2AO,450,0.0019000869,KM,0.0185,0.012333333333333332,0.33949999999999997,0.321,1298.343971585967,1267.5035900753535,1273.797714381845
R2AO,450,0.0019000869,KM,0.019,0.012666666666666666,0.3396666666666666,0.32066666666666666,1298.3603458250413,1267.5383466877488,1274.0878878436733
R2AO,450,0.0019000869,KM,0.0195,0.013,0.3398333333333334,0.3203333333333333,1298.3771556391353,1267.5740275948938,1274.3779121222879
R2AO,450,0.0019000869,KM,0.02,0.013333333333333332,0.34,0.32,1298.3944008753876,1267.6106322329772,1274.6672365503389
R2AO,450,0.0019000869,KM,0.0205,0.013666666666666667,0.3401666666666667,0.31966666666666665,1298.4120813734721,1267.6481600040338,1274.955283021893
R2AO,450,0.0019000869,KM,0.021,0.014,0.3403333333333333,0.3193333333333333,1298.4301969655887,1267.6866102758431,1275.2439639191468
R2AO,450,0.0019000869,KM,0.021500000000000002,0.014333333333333333,0.3405,0.319,1298.4487474764612,1267.7259823818306,1275.5324767138686
R2AO,450,0.0019000869,KM,0.022,0.014666666666666665,0.3406666666666667,0.31866666666666665,1298.4677327233298,1267.7662756209763,1275.8183857256079
R2AO,450,0.0019000869,KM,0.0225,0.015,0.3408333333333333,0.3183333333333333,1298.4871525159488,1267.8074892577276,1276.1061074167703
R2AO,450,0.0019000869,KM,0.023,0.015333333333333332,0.34099999999999997,0.318,1298.5070066565836,1267.8496225219155,1276.3903243055197
R2AO,450,0.0019000869,KM,0.0235,0.015666666666666666,0.3411666666666667,0.31766666666666665,1298.5272949400035,1267.8926746086793,1276.6738292082903
R2AO,450,0.0019000869,KM,0.024,0.016,0.3413333333333333,0.3173333333333333,1298.5480171534834,1267.9366446783936,1276.9597201520864
R2AO,450,0.0019000869,KM,0.0245,0.01633333333333333,0.34149999999999997,0.317,1298.5691730767974,1267.981531856602,1277.239084536617
R2AO,450,0.0019000869,KM,0.025,0.016666666666666666,0.3416666666666666,0.31666666666666665,1298.5907624822187,1268.027335233956,1277.5207534873239
R2AO,450,0.0019000869,KM,0.025500000000000002,0.017,0.3418333333333334,0.3163333333333333,1298.6127851345152,1268.0740538661605,1277.8011623572052
R2AO,450,0.0019000869,KM,0.026000000000000002,0.017333333333333333,0.342,0.316,1298.6352407909515,1268.1216867739224,1278.0758791852893
R2AO,450,0.0019000869,KM,0.0265,0.017666666666666664,0.3421666666666667,0.31566666666666665,1298.6581292012834,1268.1702329429083,1278.356231784975
R2AO,450,0.0019000869,KM,0.027,0.018,0.3423333333333333,0.3153333333333333,1298.681450107762,1268.2196913237042,1278.6305261019256
R2AO,450,0.0019000869,KM,0.0275,0.018333333333333333,0.3425,0.315,1298.7052032451274,1268.2700608317837,1278.9035538384594
R2AO,450,0.0019000869,KM,0.028,0.018666666666666665,0.3426666666666667,0.31466666666666665,1298.7293883406146,1268.3213403474822,1279.1809713474763
R2AO,450,0.0019000869,KM,0.0285,0.019,0.3428333333333333,0.3143333333333333,1298.7540051139506,1268.3735287159734,1279.4482309039263
R2AO,450,0.0019000869,KM,0.029,0.019333333333333334,0.34299999999999997,0.314,1298.7790532773533,1268.4266247472597,1279.7197453505391
R2AO,450,0.0019000869,KM,0.029500000000000002,0.019666666666666666,0.3431666666666667,0.31366666666666665,1298.8045325355383,1268.4806272161584,1279.990442170045
R2AO,450,0.0019000869,KM,0.03,0.019999999999999997,0.3433333333333333,0.3133333333333333,1298.830442585715,1268.5355348623011,1280.2534000432868
R2AO,450,0.0019000869,KM,0.0305,0.02033333333333333,0.34349999999999997,0.313,1298.8567831175908,1268.5913463901393,1280.5242803996982
R2AO,450,0.0019000869,KM,0.031,0.020666666666666667,0.3436666666666666,0.31266666666666665,1298.8835538133733,1268.648060468952,1280.786719494785
R2AO,450,0.0019000869,KM,0.0315,0.020999999999999998,0.3438333333333334,0.31233333333333335,1298.9107543477733,1268.7056757328628,1281.0478591458136
R2AO,450,0.0019000869,KM,0.032,0.021333333333333333,0.34400000000000003,0.312,1298.9383843880069,1268.7641907808643,1281.3150651845842
R2AO,450,0.0019000869,KM,0.0325,0.021666666666666667,0.3441666666666667,0.3116666666666667,1298.9664435937982,1268.823604176844,1281.5700250309346
R2AO,450,0.0019000869,KM,0.033,0.022,0.3443333333333333,0.3113333333333333,1298.9949316173872,1268.883914449621,1281.8312152641145
R2AO,450,0.0019000869,KM,0.0335,0.022333333333333334,0.34450000000000003,0.311,1299.023848103529,1268.9451200929916,1282.0911782646867
R2AO,450,0.0019000869,KM,0.034,0.02266666666666667,0.3446666666666667,0.31066666666666665,1299.053192689501,1269.0072195657726,1282.3413792154533
R2AO,450,0.0019000869,KM,0.0345,0.023,0.3448333333333333,0.31033333333333335,1299.0829650051082,1269.0702112918589,1282.6015643104524
R2AO,450,0.0019000869,KM,0.035,0.023333333333333334,0.345,0.31,1299.1131646726883,1269.1340936602853,1282.8524343954496
R2AO,450,0.0019000869,KM,0.035500000000000004,0.02366666666666667,0.3451666666666667,0.3096666666666667,1299.1437913071154,1269.1988650252954,1283.1027364761912
R2AO,450,0.0019000869,KM,0.036000000000000004,0.024,0.3453333333333333,0.3093333333333333,1299.1748445158094,1269.2645237064137,1283.3601731306264
R2AO,450,0.0019000869,KM,0.0365,0.024333333333333332,0.3455,0.309,1299.2063238987416,1269.33106798853,1283.6029523849081
R2AO,450,0.0019000869,KM,0.037,0.024666666666666663,0.3456666666666666,0.3086666666666667,1299.2382290484416,1269.3984961219874,1283.8529804549185
R2AO,450,0.0019000869,KM,0.0375,0.024999999999999998,0.3458333333333334,0.30833333333333335,1299.270559550002,1269.466806322675,1284.1019033279522
R2AO,450,0.0019000869,KM,0.038,0.025333333333333333,0.34600000000000003,0.308,1299.303314981091,1269.5359967721308,1284.3401661405132
R2AO,450,0.0019000869,KM,0.0385,0.025666666666666664,0.3461666666666667,0.3076666666666667,1299.3364949119577,1269.6060656176512,1284.5903949873546
R2AO,450,0.0019000869,KM,0.039,0.026,0.3463333333333333,0.30733333333333335,1299.3700989054416,1269.677010972403,1284.8304375881876
R2AO,450,0.0019000869,KM,0.0395,0.026333333333333334,0.34650000000000003,0.307,1299.404126516979,1269.7488309155467,1285.0690205841183
R2AO,450,0.0019000869,KM,0.04,0.026666666666666665,0.3466666666666667,0.3066666666666667,1299.4385772946168,1269.8215234923657,1285.315169874244
R2AO,450,0.0019000869,KM,0.0405,0.027,0.3468333333333333,0.30633333333333335,1299.4734507790197,1269.8950867143967,1285.5450798345437
R2AO,450,0.0019000869,KM,0.041,0.027333333333333334,0.347,0.306,1299.5087465034794,1269.9695185595774,1285.7838136525877
R2AO,450,0.0019000869,KM,0.0415,0.027666666666666666,0.3471666666666667,0.3056666666666667,1299.5444639939274,1270.0448169723898,1286.023110376876
R2AO,450,0.0019000869,KM,0.042,0.028,0.3473333333333333,0.30533333333333335,1299.5806027689441,1270.1209798640173,1286.252381183506
R2AO,450,0.0019000869,KM,0.0425,0.028333333333333335,0.3475,0.305,1299.6171623397713,1270.198005112502,1286.4955697509515
R2AO,450,0.0019000869,KM,0.043000000000000003,0.028666666666666667,0.3476666666666666,0.3046666666666667,1299.6541422103242,1270.2758905629187,1286.7280195690553
R2AO,450,0.0019000869,KM,0.043500000000000004,0.029,0.3478333333333334,0.30433333333333334,1299.6915418772012,1270.3546340275448,1286.959481207999
R2AO,450,0.0019000869,KM,0.044,0.02933333333333333,0.34800000000000003,0.304,1299.7293608296993,1270.4342332860401,1287.1999803281558
R2AO,450,0.0019000869,KM,0.0445,0.029666666666666664,0.3481666666666667,0.3036666666666667,1299.7675985498245,1270.5146860856369,1287.42369480364
R2AO,450,0.0019000869,KM,0.045,0.03,0.34833333333333333,0.30333333333333334,1299.8062545123078,1270.5959901413323,1287.6565819481152
R2AO,450,0.0019000869,KM,0.0455,0.03033333333333333,0.34850000000000003,0.303,1299.8453281846162,1270.6781431360869,1287.8889109629324
R2AO,450,0.0019000869,KM,0.046,0.030666666666666665,0.3486666666666667,0.3026666666666667,1299.8848190269669,1270.7611427210318,1288.1096848937439
R2AO,450,0.0019000869,KM,0.0465,0.031,0.34883333333333333,0.30233333333333334,1299.924726492345,1270.8449865156788,1288.3443768388477
R2AO,450,0.0019000869,KM,0.047,0.03133333333333333,0.349,0.302,1299.9650500265132,1270.9296721081428,1288.5668709418612
R2AO,450,0.0019000869,KM,0.0475,0.03166666666666666,0.3491666666666667,0.3016666666666667,1300.005789068032,1271.0151970553625,1288.7886741315817
R2AO,450,0.0019000869,KM,0.048,0.032,0.34933333333333333,0.30133333333333334,1300.0469430482713,1271.1015588833313,1289.0205091191604
R2AO,450,0.0019000869,KM,0.0485,0.03233333333333333,0.3495,0.301,1300.0885113914285,1271.1887550873344,1289.23497509613
R2AO,450,0.0019000869,KM,0.049,0.03266666666666666,0.3496666666666666,0.3006666666666667,1300.130493514545,1271.276783132191,1289.4597488741408
R2AO,450,0.0019000869,KM,0.0495,0.033,0.3498333333333334,0.30033333333333334,1300.1728888275206,1271.3656404525022,1289.6842293776908
R2AO,450,0.0019000869,KM,0.05,0.03333333333333333,0.35000000000000003,0.3,1300.215696733133,1271.4553244529036,1289.896628208324
R2AO,450,0.0019000869,KM,0.0505,0.033666666666666664,0.3501666666666667,0.2996666666666667,1300.2589166270543,1271.5458325083255,1290.123369867343
R2AO,450,0.0019000869,KM,0.051000000000000004,0.034,0.35033333333333333,0.29933333333333334,1300.3025478978695,1271.637161964257,1290.3371310252292
R2AO,450,0.0019000869,KM,0.051500000000000004,0.034333333333333334,0.35050000000000003,0.299,1300.346589927093,1271.7293101370174,1290.5507897464659
R2AO,450,0.0019000869,KM,0.052000000000000005,0.034666666666666665,0.3506666666666667,0.2986666666666667,1300.3910420891882,1271.82227431403,1290.7757065987955
R2AO,450,0.0019000869,KM,0.0525,0.034999999999999996,0.35083333333333333,0.29833333333333334,1300.4359037515865,1271.9160517541027,1290.982529737674
R2AO,450,0.0019000869,KM,0.053,0.03533333333333333,0.351,0.298,1300.4811742747077,1272.0106396877177,1291.2005151152641
R2AO,450,0.0019000869,KM,0.0535,0.035666666666666666,0.3511666666666667,0.2976666666666667,1300.5268530119765,1272.1060353173175,1291.41860642776
R2AO,450,0.0019000869,KM,0.054,0.036,0.35133333333333333,0.29733333333333334,1300.5729393098454,1272.202235817602,1291.624455087346
R2AO,450,0.0019000869,KM,0.0545,0.03633333333333333,0.3515,0.297,1300.6194325078138,1272.2992383358317,1291.8462916718743
R2AO,450,0.0019000869,KM,0.055,0.03666666666666667,0.3516666666666666,0.2966666666666667,1300.6663319384493,1272.3970399921293,1292.0552986143725
R2AO,450,0.0019000869,KM,0.0555,0.037,0.3518333333333334,0.29633333333333334,1300.7136369274078,1272.4956378797938,1292.264218325401
R2AO,450,0.0019000869,KM,0.056,0.03733333333333333,0.35200000000000004,0.296,1300.7613467934557,1272.5950290656097,1292.4847321537898
R2AO,450,0.0019000869,KM,0.0565,0.03766666666666667,0.3521666666666667,0.2956666666666667,1300.809460848492,1272.6952105901712,1292.6868179830622
R2AO,450,0.0019000869,KM,0.057,0.038,0.35233333333333333,0.29533333333333334,1300.857978397569,1272.796179468201,1292.9007721669004
R2AO,450,0.0019000869,KM,0.0575,0.03833333333333333,0.35250000000000004,0.295,1300.9068987389164,1272.8979326888805,1293.1149426916643
R2AO,450,0.0019000869,KM,0.058,0.03866666666666667,0.3526666666666667,0.2946666666666667,1300.9562211639627,1273.0004672161779,1293.3163299479136
R2AO,450,0.0019000869,KM,0.0585,0.039,0.35283333333333333,0.29433333333333334,1301.0059449573603,1273.1037799891856,1293.534146914324
R2AO,450,0.0019000869,KM,0.059000000000000004,0.03933333333333333,0.353,0.294,1301.0560693970049,1273.207867922457,1293.7387384537294
R2AO,450,0.0019000869,KM,0.059500000000000004,0.03966666666666667,0.3531666666666667,0.2936666666666667,1301.106593754066,1273.3127279063503,1293.9432655542003
R2AO,450,0.0019000869,KM,0.06,0.039999999999999994,0.35333333333333333,0.29333333333333333,1301.1575172930036,1273.418356807374,1294.1592105967225
R2AO,600,0.0019000869,KG,0.06,-0.039999999999999994,0.3133333333333333,0.3133333333333333,1291.26880139993,1263.0718475704573,1282.6621090891758
R2AO,600,0.0019000869,KG,0.059500000000000004,-0.03966666666666667,0.3135,0.3135,1291.220432238534,1262.9731345760051,1282.4986800394447
R2AO,600,0.0019000869,KG,0.059000000000000004,-0.03933333333333333,0.31366666666666665,0.31366666666666665,1291.172437619686,1262.875129745217,1282.3118791171478
R2AO,600,0.0019000869,KG,0.0585,-0.039,0.31383333333333335,0.31383333333333335,1291.1248182186414,1262.7778354876702,1282.1223914906475
R2AO,600,0.0019000869,KG,0.058,-0.03866666666666667,0.314,0.314,1291.0775747072466,1262.68125420557,1281.9523338440883
R2AO,600,0.0019000869,KG,0.0575,-0.03833333333333333,0.31416666666666665,0.31416666666666665,1291.0307077539103,1262.585388293656,1281.7523722794099
R2AO,600,0.0019000869,KG,0.057,-0.038,0.3143333333333333,0.3143333333333333,1290.9842180235748,1262.490240139113,1281.5720623260813
R2AO,600,0.0019000869,KG,0.0565,-0.03766666666666667,0.3145,0.3145,1290.938106177688,1262.3958121214732,1281.3897606651215
R2AO,600,0.0019000869,KG,0.056,-0.03733333333333333,0.31466666666666665,0.31466666666666665,1290.892372874177,1262.302106612526,1281.18571537245
R2AO,600,0.0019000869,KG,0.0555,-0.037,0.31483333333333335,0.31483333333333335,1290.8470187674125,1262.2091259762194,1281.0108121665874
R2AO,600,0.0019000869,KG,0.055,-0.03666666666666667,0.315,0.315,1290.802044508189,1262.116872568567,1280.8142259270085
R2AO,600,0.0019000869,KG,0.0545,-0.03633333333333333,0.31516666666666665,0.31516666666666665,1290.7574507436914,1262.0253487375496,1280.6157971017526
R2AO,600,0.0019000869,KG,0.054,-0.036,0.3153333333333333,0.3153333333333333,1290.7132381174665,1261.9345568230194,1280.4368691359539
R2AO,600,0.0019000869,KG,0.0535,-0.035666666666666666,0.3155,0.3155,1290.669407269397,1261.8444991566,1280.2288285134098
R2AO,600,0.0019000869,KG,0.053,-0.03533333333333333,0.31566666666666665,0.31566666666666665,1290.6259588356706,1261.7551780615881,1280.0402318972885
R2AO,600,0.0019000869,KG,0.0525,-0.034999999999999996,0.31583333333333335,0.31583333333333335,1290.5828934487533,1261.6665958528533,1279.8497019620115
R2AO,600,0.0019000869,KG,0.052000000000000005,-0.034666666666666665,0.316,0.316,1290.540211737359,1261.578754836738,1279.637870149107
R2AO,600,0.0019000869,KG,0.051500000000000004,-0.034333333333333334,0.31616666666666665,0.31616666666666665,1290.4979143264243,1261.491657310955,1279.454502702146
R2AO,600,0.0019000869,KG,0.051000000000000004,-0.034,0.3163333333333333,0.3163333333333333,1290.456001837076,1261.4053055644838,1279.24992686312
R2AO,600,0.0019000869,KG,0.0505,-0.033666666666666664,0.3165,0.3165,1290.4144748866072,1261.319701877468,1279.0434975326757
R2AO,600,0.0019000869,KG,0.05,-0.03333333333333333,0.31666666666666665,0.31666666666666665,1290.373334088445,1261.2348485211132,1278.8559602735395
R2AO,600,0.0019000869,KG,0.0495,-0.033,0.31683333333333336,0.31683333333333336,1290.3325800521256,1261.1507477575751,1278.6399920555625
R2AO,600,0.0019000869,KG,0.049,-0.03266666666666666,0.317,0.317,1290.2922133832628,1261.0674018398602,1278.4427558186112
R2AO,600,0.0019000869,KG,0.0485,-0.03233333333333333,0.31716666666666665,0.31716666666666665,1290.252234683523,1260.9848130117125,1278.243542264357
R2AO,600,0.0019000869,KG,0.048,-0.032,0.3173333333333333,0.3173333333333333,1290.2126445505942,1260.902983507509,1278.0235640150697
R2AO,600,0.0019000869,KG,0.0475,-0.03166666666666666,0.3175,0.3175,1290.173443578159,1260.8219155521479,1277.8309472067017
R2AO,600,0.0019000869,KG,0.047,-0.03133333333333333,0.31766666666666665,0.31766666666666665,1290.134632355868,1260.7416113609395,1277.6175861640745
R2AO,600,0.0019000869,KG,0.0465,-0.031,0.31783333333333336,0.31783333333333336,1290.0962114693093,1260.6620731394942,1277.4022163142015
R2AO,600,0.0019000869,KG,0.046,-0.030666666666666665,0.318,0.318,1290.0581814999805,1260.5833030836086,1277.2047036202325
R2AO,600,0.0019000869,KG,0.0455,-0.03033333333333333,0.31816666666666665,0.31816666666666665,1290.0205430252627,1260.505303379154,1276.9794970978503
R2AO,600,0.0019000869,KG,0.045,-0.03,0.3183333333333333,0.3183333333333333,1289.983296618391,1260.4280762019594,1276.7717273365995
R2AO,600,0.0019000869,KG,0.0445,-0.029666666666666664,0.3185,0.3185,1289.946442848427,1260.3516237176973,1276.5611864734822
R2AO,600,0.0019000869,KG,0.044,-0.02933333333333333,0.31866666666666665,0.31866666666666665,1289.9099822802311,1260.2759480817665,1276.329488412233
R2AO,600,0.0019000869,KG,0.043500000000000004,-0.029,0.31883333333333336,0.31883333333333336,1289.8739154744337,1260.2010514391727,1276.121826439389
R2AO,600,0.0019000869,KG,0.043000000000000003,-0.028666666666666667,0.319,0.319,1289.8382429874077,1260.1269359244109,1275.891052141564
R2AO,600,0.0019000869,KG,0.0425,-0.028333333333333335,0.31916666666666665,0.31916666666666665,1289.8029653712422,1260.0536036613437,1275.6540392664801
R2AO,600,0.0019000869,KG,0.042,-0.028,0.3193333333333333,0.3193333333333333,1289.7680831737136,1259.9810567630796,1275.4332086796426
R2AO,600,0.0019000869,KG,0.0415,-0.027666666666666666,0.3195,0.3195,1289.7335969382573,1259.9092973318513,1275.198029948308
R2AO,600,0.0019000869,KG,0.041,-0.027333333333333334,0.31966666666666665,0.31966666666666665,1289.699507203941,1259.8383274588914,1274.9943496097678
R2AO,600,0.0019000869,KG,0.0405,-0.027,0.31983333333333336,0.31983333333333336,1289.6658145054364,1259.7681492243075,1274.7903727531511
R2AO,600,0.0019000869,KG,0.04,-0.026666666666666665,0.32,0.32,1289.6325193729929,1259.6987646969526,1274.5633303388577
R2AO,600,0.0019000869,KG,0.0395,-0.026333333333333334,0.32016666666666665,0.32016666666666665,1289.5996223324098,1259.6301759343035,1274.3568207521373
R2AO,600,0.0019000869,KG,0.039,-0.026,0.3203333333333333,0.3203333333333333,1289.5671239050068,1259.5623849823266,1274.129242005622
R2AO,600,0.0019000869,KG,0.0385,-0.025666666666666664,0.3205,0.3205,1289.5350246076,1259.4953938753492,1273.8983641128684
R2AO,600,0.0019000869,KG,0.038,-0.025333333333333333,0.32066666666666666,0.32066666666666666,1289.5033249524724,1259.429204635931,1273.68219227869
R2AO,600,0.0019000869,KG,0.0375,-0.024999999999999998,0.32083333333333336,0.32083333333333336,1289.4720254473466,1259.363819274725,1273.4411214304655
R2AO,600,0.0019000869,KG,0.037,-0.024666666666666663,0.321,0.321,1289.4411265953597,1259.2992397903506,1273.21500190012
R2AO,600,0.0019000869,KG,0.0365,-0.024333333333333332,0.32116666666666666,0.32116666666666666,1289.410628895034,1259.2354681692536,1272.9864567497746
R2AO,600,0.0019000869,KG,0.036000000000000004,-0.024,0.3213333333333333,0.3213333333333333,1289.3805328402505,1259.1725063855715,1272.740356676389
R2AO,600,0.0019000869,KG,0.035500000000000004,-0.02366666666666667,0.3215,0.3215,1289.3508389202227,1259.1103564009954,1272.5160585131875
R2AO,600,0.0019000869,KG,0.035,-0.023333333333333334,0.32166666666666666,0.32166666666666666,1289.3215476194694,1259.049020164629,1272.274387411993
R2AO,600,0.0019000869,KG,0.0345,-0.023,0.32183333333333336,0.32183333333333336,1289.2926594177864,1258.9884996128512,1272.0306992373396
R2AO,600,0.0019000869,KG,0.034,-0.02266666666666667,0.322,0.322,1289.2641747902228,1258.928796669171,1271.8007443860017
R2AO,600,0.0019000869,KG,0.0335,-0.022333333333333334,0.32216666666666666,0.32216666666666666,1289.236094207051,1258.8699132440854,1271.5487390124172
R2AO,600,0.0019000869,KG,0.033,-0.022,0.3223333333333333,0.3223333333333333,1289.2084181337439,1258.8118512349356,1271.310036544783
R2AO,600,0.0019000869,KG,0.0325,-0.021666666666666667,0.3225,0.3225,1289.181147030943,1258.754612525759,1271.069069683115
R2AO,600,0.0019000869,KG,0.032,-0.021333333333333333,0.32266666666666666,0.32266666666666666,1289.1542813544384,1258.6981989871433,1270.8125964912165
R2AO,600,0.0019000869,KG,0.0315,-0.020999999999999998,0.32283333333333336,0.32283333333333336,1289.1278215551365,1258.6426124760771,1270.574901077179
R2AO,600,0.0019000869,KG,0.031,-0.020666666666666667,0.323,0.323,1289.1017680790385,1258.5878548357985,1270.3219996330133
R2AO,600,0.0019000869,KG,0.0305,-0.02033333333333333,0.32316666666666666,0.32316666666666666,1289.0761213672104,1258.5339278956467,1270.0672622296552
R2AO,600,0.0019000869,KG,0.03,-0.019999999999999997,0.3233333333333333,0.3233333333333333,1289.0508818557603,1258.480833470904,1269.823739176258
R2AO,600,0.0019000869,KG,0.029500000000000002,-0.019666666666666666,0.3235,0.3235,1289.0260499758092,1258.4285733626461,1269.5614215981984
R2AO,600,0.0019000869,KG,0.029,-0.019333333333333334,0.32366666666666666,0.32366666666666666,1289.0016261534663,1258.3771493575825,1269.3100249280735
R2AO,600,0.0019000869,KG,0.0285,-0.019,0.32383333333333336,0.32383333333333336,1288.9776108098063,1258.3265632279029,1269.0563656392837
R2AO,600,0.0019000869,KG,0.028,-0.018666666666666665,0.324,0.324,1288.9540043608379,1258.2768167311142,1268.789962843536
R2AO,600,0.0019000869,KG,0.0275,-0.018333333333333333,0.32416666666666666,0.32416666666666666,1288.9308072174824,1258.2279116098834,1268.5379478579052
R2AO,600,0.0019000869,KG,0.027,-0.018,0.3243333333333333,0.3243333333333333,1288.9080197855458,1258.179849591875,1268.2737446205997
R2AO,600,0.0019000869,KG,0.0265,-0.017666666666666664,0.3245,0.3245,1288.8856424656954,1258.1326323895878,1268.007995335786
R2AO,600,0.0019000869,KG,0.026000000000000002,-0.017333333333333333,0.32466666666666666,0.32466666666666666,1288.8636756534343,1258.0862617001908,1267.7499745416435
R2AO,600,0.0019000869,KG,0.025500000000000002,-0.017,0.32483333333333336,0.32483333333333336,1288.8421197390726,1258.0407392053582,1267.4780887409408
R2AO,600,0.0019000869,KG,0.025,-0.016666666666666666,0.325,0.325,1288.820975107708,1257.9960665710994,1267.2134070363022
R2AO,600,0.0019000869,KG,0.0245,-0.01633333333333333,0.32516666666666666,0.32516666666666666,1288.800242139195,1257.952245447594,1266.946434338963
R2AO,600,0.0019000869,KG,0.024,-0.016,0.3253333333333333,0.3253333333333333,1288.7799212081254,1257.9092774690178,1266.670750309387
R2AO,600,0.0019000869,KG,0.0235,-0.015666666666666666,0.3255,0.3255,1288.7600126837988,1257.8671642533748,1266.403231138364
R2AO,600,0.0019000869,KG,0.023,-0.015333333333333332,0.32566666666666666,0.32566666666666666,1288.7405169302012,1257.8259074023222,1266.1274655931163
R2AO,600,0.0019000869,KG,0.0225,-0.015,0.32583333333333336,0.32583333333333336,1288.721434305979,1257.7855085009955,1265.849838671537
R2AO,600,0.0019000869,KG,0.022,-0.014666666666666665,0.326,0.326,1288.7027651644137,1257.7459691178371,1265.5745497490352
R2AO,600,0.0019000869,KG,0.021500000000000002,-0.014333333333333333,0.32616666666666666,0.32616666666666666,1288.6845098533997,1257.7072908044129,1265.2922818911516
R2AO,600,0.0019000869,KG,0.021,-0.014,0.3263333333333333,0.3263333333333333,1288.666668715419,1257.669475095238,1265.014049004047
R2AO,600,0.0019000869,KG,0.0205,-0.013666666666666667,0.3265,0.3265,1288.6492420875156,1257.6325235075974,1264.7384457961207
R2AO,600,0.0019000869,KG,0.02,-0.013333333333333332,0.32666666666666666,0.32666666666666666,1288.6322303012753,1257.5964375413614,1264.463842446722
R2AO,600,0.0019000869,KG,0.0195,-0.013,0.32683333333333336,0.32683333333333336,1288.6156336827971,1257.561218678806,1264.1897989971899
R2AO,600,0.0019000869,KG,0.019,-0.012666666666666666,0.327,0.327,1288.599452552674,1257.5268683844286,1263.9140243579525
R2AO,600,0.0019000869,KG,0.0185,-0.012333333333333332,0.32716666666666666,0.32716666666666666,1288.5836872259651,1257.493388104762,1263.637530691224
R2AO,600,0.0019000869,KG,0.018000000000000002,-0.012,0.3273333333333333,0.3273333333333333,1288.5683380121777,1257.4607792681886,1263.357837452402
R2AO,600,0.0019000869,KG,0.0175,-0.011666666666666667,0.3275,0.3275,1288.5534052152364,1257.4290432847542,1263.0817172072398
R2AO,600,0.0019000869,KG,0.017,-0.011333333333333334,0.32766666666666666,0.32766666666666666,1288.5388891334676,1257.3981815459756,1262.8017871308218
R2AO,600,0.0019000869,KG,0.0165,-0.011,0.32783333333333337,0.32783333333333337,1288.5247900595712,1257.3681954246535,1262.5217134745055
R2AO,600,0.0019000869,KG,0.016,-0.010666666666666666,0.328,0.328,1288.5111082805997,1257.339086274681,1262.2491354585054
R2AO,600,0.0019000869,KG,0.0155,-0.010333333333333333,0.32816666666666666,0.32816666666666666,1288.4978440779364,1257.3108554308487,1261.9666953119095
R2AO,600,0.0019000869,KG,0.015,-0.009999999999999998,0.3283333333333333,0.3283333333333333,1288.4849977272697,1257.2835042086538,1261.693145302673
R2AO,600,0.0019000869,KG,0.0145,-0.009666666666666667,0.3285,0.3285,1288.4725694985736,1257.2570339041047,1261.4224545947218
R2AO,600,0.0019000869,KG,0.014,-0.009333333333333332,0.32866666666666666,0.32866666666666666,1288.4605596560846,1257.231445793523,1261.1426655202104
R2AO,600,0.0019000869,KG,0.0135,-0.009,0.32883333333333337,0.32883333333333337,1288.448968458279,1257.206741133349,1260.8812656019568
R2AO,600,0.0019000869,KG,0.013000000000000001,-0.008666666666666666,0.329,0.329,1288.4377961578502,1257.1829211599425,1260.6100685611527
R2AO,600,0.0019000869,KG,0.0125,-0.008333333333333333,0.32916666666666666,0.32916666666666666,1288.4270430016882,1257.1599870893833,1260.3420178548645
R2AO,600,0.0019000869,KG,0.012,-0.008,0.3293333333333333,0.3293333333333333,1288.4167092308583,1257.1379401172728,1260.0933604446914
R2AO,600,0.0019000869,KG,0.0115,-0.007666666666666666,0.3295,0.3295,1288.4067950805768,1257.1167814185324,1259.8249960273179
R2AO,600,0.0019000869,KG,0.011,-0.007333333333333332,0.32966666666666666,0.32966666666666666,1288.3973007801937,1257.0965121471988,1259.5778988366624
R2AO,600,0.0019000869,KG,0.0105,-0.007,0.32983333333333337,0.32983333333333337,1288.3882265531672,1257.0771334362257,1259.3375500899506
R2AO,600,0.0019000869,KG,0.01,-0.006666666666666666,0.33,0.33,1288.3795726170456,1257.0586463972775,1259.0834562002676
R2AO,600,0.0019000869,KG,0.0095,-0.006333333333333333,0.33016666666666666,0.33016666666666666,1288.3713391834458,1257.0410521205245,1258.862596488621
R2AO,600,0.0019000869,KG,0.009000000000000001,-0.006,0.3303333333333333,0.3303333333333333,1288.363526458031,1257.0243516744385,1258.6283212302603
R2AO,600,0.0019000869,KG,0.0085,-0.005666666666666667,0.3305,0.3305,1288.3561346404922,1257.0085461055885,1258.4022052263654
R2AO,600,0.0019000869,KG,0.008,-0.005333333333333333,0.33066666666666666,0.33066666666666666,1288.3491639245267,1256.9936364384298,1258.2054709579013
R2AO,600,0.0019000869,KG,0.0075,-0.004999999999999999,0.33083333333333337,0.33083333333333337,1288.3426144978187,1256.9796236751013,1257.985800011239
R2AO,600,0.0019000869,KG,0.007,-0.004666666666666666,0.331,0.331,1288.3364865420176,1256.9665087952153,1257.7968369941686
R2AO,600,0.0019000869,KG,0.006500000000000001,-0.004333333333333333,0.33116666666666666,0.33116666666666666,1288.33078023272,1256.9542927556483,1257.6185004419558
R2AO,600,0.0019000869,KG,0.006,-0.004,0.3313333333333333,0.3313333333333333,1288.32549573945,1256.9429764903357,1257.429342308929
R2AO,600,0.0019000869,KG,0.0055,-0.003666666666666666,0.3315,0.3315,1288.3206332256373,1256.9325609100574,1257.2792696228562
R2AO,600,0.0019000869,KG,0.005,-0.003333333333333333,0.33166666666666667,0.33166666666666667,1288.3161928486,1256.9230469022339,1257.1203296265198
R2AO,600,0.0019000869,KG,0.0045000000000000005,-0.003,0.33183333333333337,0.33183333333333337,1288.312174759527,1256.91443533071,1256.9747446548215
R2AO,600,0.0019000869,KG,0.004,-0.0026666666666666666,0.332,0.332,1288.308579103454,1256.9067270355504,1256.858638948409
R2AO,600,0.0019000869,KG,0.0035,-0.002333333333333333,0.33216666666666667,0.33216666666666667,1288.3054060192503,1256.8999228328262,1256.730839988025
R2AO,600,0.0019000869,KG,0.003,-0.002,0.3323333333333333,0.3323333333333333,1288.3026556395976,1256.8940235144044,1256.6313869917685
R2AO,600,0.0019000869,KG,0.0025,-0.0016666666666666666,0.3325,0.3325,1288.3003280909716,1256.8890298477374,1256.5443228618615
R2AO,600,0.0019000869,KG,0.002,-0.0013333333333333333,0.33266666666666667,0.33266666666666667,1288.2984234936223,1256.8849425756534,1256.45947260282
R2AO,600,0.0019000869,KG,0.0015,-0.001,0.33283333333333337,0.33283333333333337,1288.296941961562,1256.8817624161443,1256.4005687170106
R2AO,600,0.0019000869,KG,0.001,-0.0006666666666666666,0.333,0.333,1288.2958836025389,1256.8794900621556,1256.3462161359996
R2AO,600,0.0019000869,KG,0.0005,-0.0003333333333333333,0.33316666666666667,0.33316666666666667,1288.295248518028,1256.8781261813765,1256.305920671632
R2AO,600,0.0019000869,K,0.0,0.0,0.3333333333333333,0.3333333333333333,1288.2950368032084,1256.8776714160297,1256.2883827929936
R2AO,600,0.0019000869,KM,0.0005,0.0003333333333333333,0.33349999999999996,0.333,1288.295248546445,1256.8781263825945,1256.3081651825837
R2AO,600,0.0019000869,KM,0.001,0.0006666666666666666,0.3336666666666666,0.33266666666666667,1288.295883830824,1256.8794916718723,1256.3470126323718
R2AO,600,0.0019000869,KM,0.0015,0.001,0.33383333333333337,0.3323333333333333,1288.2969427325402,1256.8817678484284,1256.3983490214055
R2AO,600,0.0019000869,KM,0.002,0.0013333333333333333,0.334,0.332,1288.2984253214254,1256.8849554505243,1256.4663521929965
R2AO,600,0.0019000869,KM,0.0025,0.0016666666666666666,0.33416666666666667,0.33166666666666667,1288.300331660935,1256.8890549899118,1256.5407713584682
R2AO,600,0.0019000869,KM,0.003,0.002,0.3343333333333333,0.3313333333333333,1288.3026618081303,1256.8940669516228,1256.6337045650253
R2AO,600,0.0019000869,KM,0.0035,0.002333333333333333,0.3345,0.331,1288.3054158136617,1256.8999917937667,1256.739803152206
R2AO,600,0.0019000869,KM,0.004,0.0026666666666666666,0.33466666666666667,0.33066666666666666,1288.308593721756,1256.9068299473222,1256.850597657371
R2AO,600,0.0019000869,KM,0.0045000000000000005,0.003,0.3348333333333333,0.3303333333333333,1288.3121955701977,1256.9145818159334,1256.986205755749
R2AO,600,0.0019000869,KM,0.005,0.003333333333333333,0.33499999999999996,0.33,1288.3162213903163,1256.9232477757073,1257.1255417284451
R2AO,600,0.0019000869,KM,0.0055,0.003666666666666666,0.33516666666666667,0.32966666666666666,1288.3206712069707,1256.9328281750104,1257.2766494318314
R2AO,600,0.0019000869,KM,0.006,0.004,0.3353333333333333,0.3293333333333333,1288.3255450385343,1256.943323334269,1257.4499551527401
R2AO,600,0.0019000869,KM,0.006500000000000001,0.004333333333333333,0.33549999999999996,0.329,1288.3308428968805,1256.954733545768,1257.6203893246266
R2AO,600,0.0019000869,KM,0.007,0.004666666666666666,0.3356666666666666,0.32866666666666666,1288.3365647873686,1256.9670590734522,1257.812410428729
R2AO,600,0.0019000869,KM,0.0075,0.004999999999999999,0.3358333333333334,0.3283333333333333,1288.3427107088287,1256.9803001527316,1258.0140286199635
R2AO,600,0.0019000869,KM,0.008,0.005333333333333333,0.336,0.328,1288.3492806535514,1256.9944569902832,1258.2140524861409
R2AO,600,0.0019000869,KM,0.0085,0.005666666666666667,0.33616666666666667,0.32766666666666666,1288.356274607271,1257.0095297638597,1258.4391669180193
R2AO,600,0.0019000869,KM,0.009000000000000001,0.006,0.3363333333333333,0.3273333333333333,1288.3636925491528,1257.025518622096,1258.6618834724793
R2AO,600,0.0019000869,KM,0.0095,0.006333333333333333,0.3365,0.327,1288.37153445178,1257.0424236843187,1258.8917898252726
R2AO,600,0.0019000869,KM,0.01,0.006666666666666666,0.33666666666666667,0.32666666666666666,1288.3798002811436,1257.0602450403608,1259.1395350628356
R2AO,600,0.0019000869,KM,0.0105,0.007,0.3368333333333333,0.3263333333333333,1288.3884899966258,1257.078982750371,1259.3802336777762
R2AO,600,0.0019000869,KM,0.011,0.007333333333333332,0.33699999999999997,0.326,1288.3976035509904,1257.0986368446347,1259.63700849757
R2AO,600,0.0019000869,KM,0.0115,0.007666666666666666,0.33716666666666667,0.32566666666666666,1288.40714089037,1257.1192073233883,1259.8984517860345
R2AO,600,0.0019000869,KM,0.012,0.008,0.3373333333333333,0.3253333333333333,1288.4171019542555,1257.1406941566422,1260.1563502755507
R2AO,600,0.0019000869,KM,0.0125,0.008333333333333333,0.33749999999999997,0.325,1288.4274866754808,1257.1630972840028,1260.430706843806
R2AO,600,0.0019000869,KM,0.013000000000000001,0.008666666666666666,0.3376666666666666,0.32466666666666666,1288.438294980217,1257.186416614497,1260.7012176073526
R2AO,600,0.0019000869,KM,0.0135,0.009,0.3378333333333334,0.3243333333333333,1288.4495267879574,1257.2106520264042,1260.9751713706694
R2AO,600,0.0019000869,KM,0.014,0.009333333333333332,0.338,0.324,1288.4611820115078,1257.2358033670835,1261.2587923952972
R2AO,600,0.0019000869,KM,0.0145,0.009666666666666667,0.33816666666666667,0.32366666666666666,1288.4732605569773,1257.261870452807,1261.5369710515363
R2AO,600,0.0019000869,KM,0.015,0.009999999999999998,0.3383333333333333,0.3233333333333333,1288.4857623237665,1257.2888530686023,1261.8233441912457
R2AO,600,0.0019000869,KM,0.0155,0.010333333333333333,0.3385,0.323,1288.498687204558,1257.3167509680857,1262.1110931063845
R2AO,600,0.0019000869,KM,0.016,0.010666666666666666,0.33866666666666667,0.32266666666666666,1288.5120350853074,1257.3455638733087,1262.3957667013656
R2AO,600,0.0019000869,KM,0.0165,0.011,0.3388333333333333,0.3223333333333333,1288.5258058452337,1257.3752914746033,1262.6873215375092
R2AO,600,0.0019000869,KM,0.017,0.011333333333333334,0.33899999999999997,0.322,1288.5399993568092,1257.4059334304322,1262.9763069594387
R2AO,600,0.0019000869,KM,0.0175,0.011666666666666667,0.33916666666666667,0.32166666666666666,1288.5546154857527,1257.4374893672411,1263.266279502648
R2AO,600,0.0019000869,KM,0.018000000000000002,0.012,0.3393333333333333,0.3213333333333333,1288.5696540910185,1257.469958879316,1263.5589038837843
R2AO,600,0.0019000869,KM,0.0185,0.012333333333333332,0.33949999999999997,0.321,1288.5851150247909,1257.5033415286437,1263.8493372527612
R2AO,600,0.0019000869,KM,0.019,0.012666666666666666,0.3396666666666666,0.32066666666666666,1288.6009981324723,1257.5376368447742,1264.141167246379
R2AO,600,0.0019000869,KM,0.0195,0.013,0.3398333333333334,0.3203333333333333,1288.6173032526813,1257.5728443246912,1264.4328289244158
R2AO,600,0.0019000869,KM,0.02,0.013333333333333332,0.34,0.32,1288.6340302172391,1257.6089634326825,1264.7237672884323
R2AO,600,0.0019000869,KM,0.0205,0.013666666666666667,0.3401666666666667,0.31966666666666665,1288.6511788511657,1257.6459936002157,1265.013399693198
R2AO,600,0.0019000869,KM,0.021,0.014,0.3403333333333333,0.3193333333333333,1288.6687489726744,1257.6839342258197,1265.3036535547167
R2AO,600,0.0019000869,KM,0.021500000000000002,0.014333333333333333,0.3405,0.319,1288.6867403931599,1257.7227846749686,1265.593720035688
R2AO,600,0.0019000869,KM,0.022,0.014666666666666665,0.3406666666666667,0.31866666666666665,1288.7051529171993,1257.7625442799697,1265.8811443366926
R2AO,600,0.0019000869,KM,0.0225,0.015,0.3408333333333333,0.3183333333333333,1288.7239863425393,1257.803212339859,1266.1703776001118
R2AO,600,0.0019000869,KM,0.023,0.015333333333333332,0.34099999999999997,0.318,1288.7432404600963,1257.8447881202967,1266.456060618014
R2AO,600,0.0019000869,KM,0.0235,0.015666666666666666,0.3411666666666667,0.31766666666666665,1288.7629150539453,1257.8872708534705,1266.7410081384032
R2AO,600,0.0019000869,KM,0.024,0.016,0.3413333333333333,0.3173333333333333,1288.7830099013192,1257.9306597380053,1267.0283424801337
R2AO,600,0.0019000869,KM,0.0245,0.01633333333333333,0.34149999999999997,0.317,1288.8035247726034,1257.9749539388706,1267.3090811908774
R2AO,600,0.0019000869,KM,0.025,0.016666666666666666,0.3416666666666666,0.31666666666666665,1288.824459431329,1258.0201525873038,1267.5921246265011
R2AO,600,0.0019000869,KM,0.025500000000000002,0.017,0.3418333333333334,0.3163333333333333,1288.8458136341712,1258.0662547807256,1267.8738802140106
R2AO,600,0.0019000869,KM,0.026000000000000002,0.017333333333333333,0.342,0.316,1288.8675871309424,1258.1132595826737,1268.1498813183791
R2AO,600,0.0019000869,KM,0.0265,0.017666666666666664,0.3421666666666667,0.31566666666666665,1288.8897796645938,1258.1611660227297,1268.431544438543
R2AO,600,0.0019000869,KM,0.027,0.018,0.3423333333333333,0.3153333333333333,1288.912390971205,1258.2099730964628,1268.7070840130102
R2AO,600,0.0019000869,KM,0.0275,0.018333333333333333,0.3425,0.315,1288.935420779988,1258.2596797653678,1268.981329266101
R2AO,600,0.0019000869,KM,0.028,0.018666666666666665,0.3426666666666667,0.31466666666666665,1288.9588688132792,1258.3102849568156,1269.259980780255
R2AO,600,0.0019000869,KM,0.0285,0.019,0.3428333333333333,0.3143333333333333,1288.9827347865394,1258.3617875640089,1269.5283771312265
R2AO,600,0.0019000869,KM,0.029,0.019333333333333334,0.34299999999999997,0.314,1289.0070184083534,1258.4141864459402,1269.801043830892
R2AO,600,0.0019000869,KM,0.029500000000000002,0.019666666666666666,0.3431666666666667,0.31366666666666665,1289.0317193804233,1258.4674804273582,1270.0728687286644
R2AO,600,0.0019000869,KM,0.03,0.019999999999999997,0.3433333333333333,0.3133333333333333,1289.0568373975723,1258.5216682987384,1270.3368764923832
R2AO,600,0.0019000869,KM,0.0305,0.02033333333333333,0.34349999999999997,0.313,1289.0823721477414,1258.5767488162614,1270.6088508367302
R2AO,600,0.0019000869,KM,0.031,0.020666666666666667,0.3436666666666666,0.31266666666666665,1289.1083233119869,1258.6327207017953,1270.872300311718
R2AO,600,0.0019000869,KM,0.0315,0.020999999999999998,0.3438333333333334,0.31233333333333335,1289.1346905644828,1258.6895826428831,1271.1344225055636
R2AO,600,0.0019000869,KM,0.032,0.021333333333333333,0.34400000000000003,0.312,1289.161473572519,1258.7473332927414,1271.4026406988933
R2AO,600,0.0019000869,KM,0.0325,0.021666666666666667,0.3441666666666667,0.3116666666666667,1289.188671996502,1258.8059712702589,1271.6584995505566
R2AO,600,0.0019000869,KM,0.033,0.022,0.3443333333333333,0.3113333333333333,1289.2162854899552,1258.8654951600029,1271.9206197048356
R2AO,600,0.0019000869,KM,0.0335,0.022333333333333334,0.34450000000000003,0.311,1289.244313699519,1258.925903512236,1272.1814854213912
R2AO,600,0.0019000869,KM,0.034,0.02266666666666667,0.3446666666666667,0.31066666666666665,1289.272756264953,1258.9871948429334,1272.432495442659
R2AO,600,0.0019000869,KM,0.0345,0.023,0.3448333333333333,0.31033333333333335,1289.3016128191366,1259.0493676338087,1272.6935497688291
R2AO,600,0.0019000869,KM,0.035,0.023333333333333334,0.345,0.31,1289.3308829880712,1259.1124203323484,1272.945198991395
R2AO,600,0.0019000869,KM,0.035500000000000004,0.02366666666666667,0.3451666666666667,0.3096666666666667,1289.3605663908822,1259.1763513518492,1273.1962582511317
R2AO,600,0.0019000869,KM,0.036000000000000004,0.024,0.3453333333333333,0.3093333333333333,1289.3906626398198,1259.2411590714632,1273.4544900615595
R2AO,600,0.0019000869,KM,0.0365,0.024333333333333332,0.3455,0.309,1289.4211713402658,1259.3068418362493,1273.6979329547773
R2AO,600,0.0019000869,KM,0.037,0.024666666666666663,0.3456666666666666,0.3086666666666667,1289.4520920907307,1259.3733979572328,1273.948663565063
R2AO,600,0.0019000869,KM,0.0375,0.024999999999999998,0.3458333333333334,0.30833333333333335,1289.4834244828633,1259.4408257114694,1274.1982629218837
R2AO,600,0.0019000869,KM,0.038,0.025333333333333333,0.34600000000000003,0.308,1289.5151681014481,1259.5091233421147,1274.4371019413607
R2AO,600,0.0019000869,KM,0.0385,0.025666666666666664,0.3461666666666667,0.3076666666666667,1289.5473225244157,1259.578289058505,1274.6879825720355
R2AO,600,0.0019000869,KM,0.039,0.026,0.3463333333333333,0.30733333333333335,1289.5798873228412,1259.6483210362408,1274.9285804354333
R2AO,600,0.0019000869,KM,0.0395,0.026333333333333334,0.34650000000000003,0.307,1289.6128620609527,1259.7192174172742,1275.167690011285
R2AO,600,0.0019000869,KM,0.04,0.026666666666666665,0.3466666666666667,0.3066666666666667,1289.6462462961351,1259.7909763100122,1275.4144072940023
R2AO,600,0.0019000869,KM,0.0405,0.027,0.3468333333333333,0.30633333333333335,1289.6800395789346,1259.8635957894178,1275.6447418837238
R2AO,600,0.0019000869,KM,0.041,0.027333333333333334,0.347,0.306,1289.7142414530663,1259.93707389712,1275.8839515484183
R2AO,600,0.0019000869,KM,0.0415,0.027666666666666666,0.3471666666666667,0.3056666666666667,1289.7488514554175,1260.0114086415329,1276.1237112273707
R2AO,600,0.0019000869,KM,0.042,0.028,0.3473333333333333,0.30533333333333335,1289.783869116056,1260.0865979979799,1276.3533499932255
R2AO,600,0.0019000869,KM,0.0425,0.028333333333333335,0.3475,0.305,1289.8192939582354,1260.1626399088227,1276.5969972578134
R2AO,600,0.0019000869,KM,0.043000000000000003,0.028666666666666667,0.3476666666666666,0.3046666666666667,1289.8551254984036,1260.2395322835998,1276.829805320252
R2AO,600,0.0019000869,KM,0.043500000000000004,0.029,0.3478333333333334,0.30433333333333334,1289.891363246208,1260.3172729991695,1277.0616004019485
R2AO,600,0.0019000869,KM,0.044,0.02933333333333333,0.34800000000000003,0.304,1289.9280067045052,1260.3958598998613,1277.302485879787
R2AO,600,0.0019000869,KM,0.0445,0.029666666666666664,0.3481666666666667,0.3036666666666667,1289.9650553693677,1260.475290797633,1277.5264395604393
R2AO,600,0.0019000869,KM,0.045,0.03,0.34833333333333333,0.30333333333333334,1290.00250873009,1260.5555634722307,1277.7596199187528
R2AO,600,0.0019000869,KM,0.0455,0.03033333333333333,0.34850000000000003,0.303,1290.0403662692033,1260.6366756713626,1277.9922207830123
R2AO,600,0.0019000869,KM,0.046,0.030666666666666665,0.3486666666666667,0.3026666666666667,1290.0786274624775,1260.7186251108753,1278.2131600854998
R2AO,600,0.0019000869,KM,0.0465,0.031,0.34883333333333333,0.30233333333333334,1290.1172917789343,1260.8014094749312,1278.4481081894146
R2AO,600,0.0019000869,KM,0.047,0.03133333333333333,0.349,0.302,1290.1563586808559,1260.8850264162052,1278.6707470819495
R2AO,600,0.0019000869,KM,0.0475,0.03166666666666666,0.3491666666666667,0.3016666666666667,1290.1958276237947,1260.9694735560724,1278.8926728139834
R2AO,600,0.0019000869,KM,0.048,0.032,0.34933333333333333,0.30133333333333334,1290.2356980565837,1261.0547484848162,1279.124691083799
R2AO,600,0.0019000869,KM,0.0485,0.03233333333333333,0.3495,0.301,1290.2759694213466,1261.1408487618307,1279.3391891227802
R2AO,600,0.0019000869,KM,0.049,0.03266666666666666,0.3496666666666666,0.3006666666666667,1290.3166411535087,1261.2277719158394,1279.5640578876307
R2AO,600,0.0019000869,KM,0.0495,0.033,0.3498333333333334,0.30033333333333334,1290.3577126818097,1261.3155154451094,1279.7886143191224
R2AO,600,0.0019000869,KM,0.05,0.03333333333333333,0.35000000000000003,0.3,1290.399183428312,1261.4040768176828,1280.0009789154192
R2AO,600,0.0019000869,KM,0.0505,0.033666666666666664,0.3501666666666667,0.2996666666666667,1290.4410528084143,1261.4934534716065,1280.2277805074352
R2AO,600,0.0019000869,KM,0.051000000000000004,0.034,0.35033333333333333,0.29933333333333334,1290.4833202308653,1261.5836428151679,1280.4414845774113
R2AO,600,0.0019000869,KM,0.051500000000000004,0.034333333333333334,0.35050000000000003,0.299,1290.5259850977739,1261.674642227142,1280.655068780344
R2AO,600,0.0019000869,KM,0.052000000000000005,0.034666666666666665,0.3506666666666667,0.2986666666666667,1290.5690468046214,1261.766449057037,1280.8799814853871
R2AO,600,0.0019000869,KM,0.0525,0.034999999999999996,0.35083333333333333,0.29833333333333334,1290.6125047402782,1261.8590606253538,1281.0866441086857
R2AO,600,0.0019000869,KM,0.053,0.03533333333333333,0.351,0.298,1290.6563582870126,1261.9524742238402,1281.304538654918
R2AO,600,0.0019000869,KM,0.0535,0.035666666666666666,0.3511666666666667,0.2976666666666667,1290.700606820509,1262.0466871157614,1281.5225234342977
R2AO,600,0.0019000869,KM,0.054,0.036,0.35133333333333333,0.29733333333333334,1290.7452497098773,1262.1416965361705,1281.728154548867
R2AO,600,0.0019000869,KM,0.0545,0.03633333333333333,0.3515,0.297,1290.7902863176716,1262.2374996921837,1281.949880588739
R2AO,600,0.0019000869,KM,0.055,0.03666666666666667,0.3516666666666666,0.2966666666666667,1290.835715999903,1262.3340937632615,1282.1586615314961
R2AO,600,0.0019000869,KM,0.0555,0.037,0.3518333333333334,0.29633333333333334,1290.881538106054,1262.4314759014965,1282.367338206291
R2AO,600,0.0019000869,KM,0.056,0.03733333333333333,0.35200000000000004,0.296,1290.9277519790958,1262.5296432319042,1282.587682136598
R2AO,600,0.0019000869,KM,0.0565,0.03766666666666667,0.3521666666666667,0.2956666666666667,1290.9743569555005,1262.6285928527213,1282.7894395694477
R2AO,600,0.0019000869,KM,0.057,0.038,0.35233333333333333,0.29533333333333334,1291.0213523652615,1262.7283218357031,1283.0031406712085
R2AO,600,0.0019000869,KM,0.0575,0.03833333333333333,0.35250000000000004,0.295,1291.0687375319064,1262.8288272264322,1283.2170435503854
R2AO,600,0.0019000869,KM,0.058,0.03866666666666667,0.3526666666666667,0.2946666666666667,1291.1165117725157,1262.9301060446276,1283.418048375646
R2AO,600,0.0019000869,KM,0.0585,0.039,0.35283333333333333,0.29433333333333334,1291.1646743977371,1263.0321552844605,1283.6355934733156
R2AO,600,0.0019000869,KM,0.059000000000000004,0.03933333333333333,0.353,0.294,1291.2132247118057,1263.1349719148702,1283.8397950413148
R2AO,600,0.0019000869,KM,0.059500000000000004,0.03966666666666667,0.3531666666666667,0.2936666666666667,1291.26216201256,1263.2385528798911,1284.043915607294
R2AO,600,0.0019000869,KM,0.06,0.039999999999999994,0.35333333333333333,0.29333333333333333,1291.3114855914603,1263.342895098975,1284.259526102362
S0,300,0.0019000869,KG,0.06,-0.039999999999999994,0.3133333333333333,0.3133333333333333,1315.0065080266927,1287.3371774320938,1306.5561927360172
S0,300,0.0019000869,KG,0.059500000000000004,-0.03966666666666667,0.3135,0.3135,1314.961631663518,1287.2427949035514,1306.398389626929
S0,300,0.0019000869,KG,0.059000000000000004,-0.03933333333333333,0.31366666666666665,0.31366666666666665,1314.9171082312007,1287.1490946688887,1306.2176285655041
S0,300,0.0019000869,KG,0.0585,-0.039,0.31383333333333335,0.31383333333333335,1314.8729382884096,1287.056079011769,1306.0342163912749
S0,300,0.0019000869,KG,0.058,-0.03866666666666667,0.314,0.314,1314.8291223899628,1286.9637502074686,1305.8698646577002
S0,300,0.0019000869,KG,0.0575,-0.03833333333333333,0.31416666666666665,0.31416666666666665,1314.7856610868018,1286.8721105227705,1305.6761428776242
S0,300,0.0019000869,KG,0.057,-0.038,0.3143333333333333,0.3143333333333333,1314.7425549259663,1286.7811622158576,1305.5016987664328
S0,300,0.0019000869,KG,0.0565,-0.03766666666666667,0.3145,0.3145,1314.6998044505694,1286.6909075362084,1305.3252853515648
S0,300,0.0019000869,KG,0.056,-0.03733333333333333,0.31466666666666665,0.31466666666666665,1314.6574101997703,1286.6013487244882,1305.127512974446
S0,300,0.0019000869,KG,0.0555,-0.037,0.31483333333333335,0.31483333333333335,1314.6153727087526,1286.512488012442,1304.9583338900736
S0,300,0.0019000869,KG,0.055,-0.03666666666666667,0.315,0.315,1314.5736925086956,1286.4243276227853,1304.7678553161966
S0,300,0.0019000869,KG,0.0545,-0.03633333333333333,0.31516666666666665,0.31516666666666665,1314.5323701267512,1286.3368697690955,1304.5755536753165
S0,300,0.0019000869,KG,0.054,-0.036,0.3153333333333333,0.3153333333333333,1314.491406086018,1286.2501166556997,1304.4023801975388
S0,300,0.0019000869,KG,0.0535,-0.035666666666666666,0.3155,0.3155,1314.4508009055173,1286.164070477567,1304.200614359937
S0,300,0.0019000869,KG,0.053,-0.03533333333333333,0.31566666666666665,0.31566666666666665,1314.4105551001674,1286.0787334201939,1304.017920511025
S0,300,0.0019000869,KG,0.0525,-0.034999999999999996,0.31583333333333335,0.31583333333333335,1314.3706691807586,1285.994107659493,1303.833314021532
S0,300,0.0019000869,KG,0.052000000000000005,-0.034666666666666665,0.316,0.316,1314.3311436539307,1285.9101953616807,1303.6277826846454
S0,300,0.0019000869,KG,0.051500000000000004,-0.034333333333333334,0.31616666666666665,0.31616666666666665,1314.2919790221447,1285.8269986831617,1303.4501769250294
S0,300,0.0019000869,KG,0.051000000000000004,-0.034,0.3163333333333333,0.3163333333333333,1314.253175783663,1285.7445197704142,1303.2517380611505
S0,300,0.0019000869,KG,0.0505,-0.033666666666666664,0.3165,0.3165,1314.2147344325208,1285.6627607598764,1303.0514647485284
S0,300,0.0019000869,KG,0.05,-0.03333333333333333,0.31666666666666665,0.31666666666666665,1314.176655458504,1285.5817237778274,1302.8697200997217
S0,300,0.0019000869,KG,0.0495,-0.033,0.31683333333333336,0.31683333333333336,1314.1389393471252,1285.5014109402714,1302.6600531405966
S0,300,0.0019000869,KG,0.049,-0.03266666666666666,0.317,0.317,1314.1015865795994,1285.421824352821,1302.4687573368608
S0,300,0.0019000869,KG,0.0485,-0.03233333333333333,0.31716666666666665,0.31716666666666665,1314.0645976328187,1285.342966110575,1302.27550502442
S0,300,0.0019000869,KG,0.048,-0.032,0.3173333333333333,0.3173333333333333,1314.0279729793294,1285.2648382980035,1302.061855593546
S0,300,0.0019000869,KG,0.0475,-0.03166666666666666,0.3175,0.3175,1313.9917130873098,1285.187442988821,1301.8750466872666
S0,300,0.0019000869,KG,0.047,-0.03133333333333333,0.31766666666666665,0.31766666666666665,1313.955818420544,1285.110782245873,1301.667860720587
S0,300,0.0019000869,KG,0.0465,-0.031,0.31783333333333336,0.31783333333333336,1313.9202894383998,1285.0348581210064,1301.458687164082
S0,300,0.0019000869,KG,0.046,-0.030666666666666665,0.318,0.318,1313.8851265958044,1284.9596726549532,1301.2670245511802
S0,300,0.0019000869,KG,0.0455,-0.03033333333333333,0.31816666666666665,0.31816666666666665,1313.8503303432224,1284.8852278772017,1301.0481640293262
S0,300,0.0019000869,KG,0.045,-0.03,0.3183333333333333,0.3183333333333333,1313.8159011266323,1284.811525805874,1300.846401472833
S0,300,0.0019000869,KG,0.0445,-0.029666666666666664,0.3185,0.3185,1313.781839387502,1284.7385684476008,1300.6419026379554
S0,300,0.0019000869,KG,0.044,-0.02933333333333333,0.31866666666666665,0.31866666666666665,1313.7481455627656,1284.6663577973939,1300.4166219231633
S0,300,0.0019000869,KG,0.043500000000000004,-0.029,0.31883333333333336,0.31883333333333336,1313.7148200848058,1284.5948958385218,1300.214915544392
S0,300,0.0019000869,KG,0.043000000000000003,-0.028666666666666667,0.319,0.319,1313.6818633814232,1284.524184542377,1299.990508442024
S0,300,0.0019000869,KG,0.0425,-0.028333333333333335,0.31916666666666665,0.31916666666666665,1313.6492758758197,1284.454225868352,1299.7599618489178
S0,300,0.0019000869,KG,0.042,-0.028,0.3193333333333333,0.3193333333333333,1313.6170579865727,1284.385021763707,1299.5452806511025
S0,300,0.0019000869,KG,0.0415,-0.027666666666666666,0.3195,0.3195,1313.5852101276148,1284.3165741634396,1299.316500618214
S0,300,0.0019000869,KG,0.041,-0.027333333333333334,0.31966666666666665,0.31966666666666665,1313.5537327082113,1284.2488849901542,1299.1186171271745
S0,300,0.0019000869,KG,0.0405,-0.027,0.31983333333333336,0.31983333333333336,1313.5226261329367,1284.181956153929,1298.9204250928208
S0,300,0.0019000869,KG,0.04,-0.026666666666666665,0.32,0.32,1313.4918908016537,1284.1157895521824,1298.699578509923
S0,300,0.0019000869,KG,0.0395,-0.026333333333333334,0.32016666666666665,0.32016666666666665,1313.4615271094922,1284.0503870695406,1298.4988655653106
S0,300,0.0019000869,KG,0.039,-0.026,0.3203333333333333,0.3203333333333333,1313.4315354468254,1283.9857505777024,1298.2774574733226
S0,300,0.0019000869,KG,0.0385,-0.025666666666666664,0.3205,0.3205,1313.4019161992503,1283.9218819353007,1298.0527939477581
S0,300,0.0019000869,KG,0.038,-0.025333333333333333,0.32066666666666666,0.32066666666666666,1313.3726697475668,1283.85878298777,1297.842544958447
S0,300,0.0019000869,KG,0.0375,-0.024999999999999998,0.32083333333333336,0.32083333333333336,1313.3437964677516,1283.796455567207,1297.60784255457
S0,300,0.0019000869,KG,0.037,-0.024666666666666663,0.321,0.321,1313.3152967309443,1283.7349014922324,1297.3877950464544
S0,300,0.0019000869,KG,0.0365,-0.024333333333333332,0.32116666666666666,0.32116666666666666,1313.2871709034205,1283.6741225678516,1297.1653489129167
S0,300,0.0019000869,KG,0.036000000000000004,-0.024,0.3213333333333333,0.3213333333333333,1313.259419346574,1283.6141205853148,1296.9256569086117
S0,300,0.0019000869,KG,0.035500000000000004,-0.02366666666666667,0.3215,0.3215,1313.2320424168945,1283.5548973219773,1296.7073419164808
S0,300,0.0019000869,KG,0.035,-0.023333333333333334,0.32166666666666666,0.32166666666666666,1313.2050404659492,1283.4964545411558,1296.4719595941417
S0,300,0.0019000869,KG,0.0345,-0.023,0.32183333333333336,0.32183333333333336,1313.1784138403593,1283.438793991988,1296.234579368229
S0,300,0.0019000869,KG,0.034,-0.02266666666666667,0.322,0.322,1313.1521628817818,1283.3819174092873,1296.0106573266962
S0,300,0.0019000869,KG,0.0335,-0.022333333333333334,0.32216666666666666,0.32216666666666666,1313.1262879268893,1283.325826513401,1295.7650779066653
S0,300,0.0019000869,KG,0.033,-0.022,0.3223333333333333,0.3223333333333333,1313.1007893073493,1283.2705230100632,1295.5325339458573
S0,300,0.0019000869,KG,0.0325,-0.021666666666666667,0.3225,0.3225,1313.0756673498056,1283.2160085902499,1295.2977488713625
S0,300,0.0019000869,KG,0.032,-0.021333333333333333,0.32266666666666666,0.32266666666666666,1313.0509223758565,1283.162284930032,1295.047728471178
S0,300,0.0019000869,KG,0.0315,-0.020999999999999998,0.32283333333333336,0.32283333333333336,1313.0265547020372,1283.1093536904293,1294.816115242815
S0,300,0.0019000869,KG,0.031,-0.020666666666666667,0.323,0.323,1313.0025646398005,1283.05721651726,1294.569561297425
S0,300,0.0019000869,KG,0.0305,-0.02033333333333333,0.32316666666666666,0.32316666666666666,1312.9789524954963,1283.0058750409928,1294.32118641571
S0,300,0.0019000869,KG,0.03,-0.019999999999999997,0.3233333333333333,0.3233333333333333,1312.9557185703532,1282.9553308765994,1294.0837961619998
S0,300,0.0019000869,KG,0.029500000000000002,-0.019666666666666666,0.3235,0.3235,1312.9328631604603,1282.9055856233995,1293.8279440717479
S0,300,0.0019000869,KG,0.029,-0.019333333333333334,0.32366666666666666,0.32366666666666666,1312.9103865567488,1282.856640864913,1293.5827883383488
S0,300,0.0019000869,KG,0.0285,-0.019,0.32383333333333336,0.32383333333333336,1312.88828904497,1282.8084981687077,1293.3353925073184
S0,300,0.0019000869,KG,0.028,-0.018666666666666665,0.324,0.324,1312.8665709056827,1282.7611590862443,1293.0754724517474
S0,300,0.0019000869,KG,0.0275,-0.018333333333333333,0.32416666666666666,0.32416666666666666,1312.8452324142302,1282.7146251527256,1292.8296498897332
S0,300,0.0019000869,KG,0.027,-0.018,0.3243333333333333,0.3243333333333333,1312.824273840725,1282.66889788694,1292.571847833569
S0,300,0.0019000869,KG,0.0265,-0.017666666666666664,0.3245,0.3245,1312.80369545003,1282.623978791109,1292.3125085166223
S0,300,0.0019000869,KG,0.026000000000000002,-0.017333333333333333,0.32466666666666666,0.32466666666666666,1312.7834975017402,1282.57986935073,1292.0607318715172
S0,300,0.0019000869,KG,0.025500000000000002,-0.017,0.32483333333333336,0.32483333333333336,1312.7636802501675,1282.5365710344206,1291.7953305415092
S0,300,0.0019000869,KG,0.025,-0.016666666666666666,0.325,0.325,1312.7442439443207,1282.4940852937616,1291.5369770563736
S0,300,0.0019000869,KG,0.0245,-0.01633333333333333,0.32516666666666666,0.32516666666666666,1312.7251888278904,1282.4524135631395,1291.2763549021504
S0,300,0.0019000869,KG,0.024,-0.016,0.3253333333333333,0.3253333333333333,1312.706515139231,1282.41155725959,1291.0071646854283
S0,300,0.0019000869,KG,0.0235,-0.015666666666666666,0.3255,0.3255,1312.6882231113443,1282.371517782635,1290.7459644097912
S0,300,0.0019000869,KG,0.023,-0.015333333333333332,0.32566666666666666,0.32566666666666666,1312.6703129718637,1282.3322965141283,1290.4766521364786
S0,300,0.0019000869,KG,0.0225,-0.015,0.32583333333333336,0.32583333333333336,1312.6527849430367,1282.2938948180933,1290.2054924095655
S0,300,0.0019000869,KG,0.022,-0.014666666666666665,0.326,0.326,1312.6356392417094,1282.2563140405632,1289.9366052010298
S0,300,0.0019000869,KG,0.021500000000000002,-0.014333333333333333,0.32616666666666666,0.32616666666666666,1312.6188760793104,1282.2195555094188,1289.6608494162067
S0,300,0.0019000869,KG,0.021,-0.014,0.3263333333333333,0.3263333333333333,1312.602495661834,1282.1836205342297,1289.389030796056
S0,300,0.0019000869,KG,0.0205,-0.013666666666666667,0.3265,0.3265,1312.5864981898276,1282.14851040609,1289.1197703752318
S0,300,0.0019000869,KG,0.02,-0.013333333333333332,0.32666666666666666,0.32666666666666666,1312.570883858372,1282.1142263974568,1288.8514689585604
S0,300,0.0019000869,KG,0.0195,-0.013,0.32683333333333336,0.32683333333333336,1312.5556528570717,1282.0807697619884,1288.5836947454711
S0,300,0.0019000869,KG,0.019,-0.012666666666666666,0.327,0.327,1312.5408053700335,1282.0481417343797,1288.3141998794702
S0,300,0.0019000869,KG,0.0185,-0.012333333333333332,0.32716666666666666,0.32716666666666666,1312.5263415758563,1282.0163435301997,1288.0439772449731
S0,300,0.0019000869,KG,0.018000000000000002,-0.012,0.3273333333333333,0.3273333333333333,1312.512261647616,1281.9853763457274,1287.7705931959638
S0,300,0.0019000869,KG,0.0175,-0.011666666666666667,0.3275,0.3275,1312.4985657528498,1281.9552413577874,1287.5006917880453
S0,300,0.0019000869,KG,0.017,-0.011333333333333334,0.32766666666666666,0.32766666666666666,1312.485254053542,1281.925939723585,1287.2270300453902
S0,300,0.0019000869,KG,0.0165,-0.011,0.32783333333333337,0.32783333333333337,1312.4723267061127,1281.8974725805435,1286.9532045750134
S0,300,0.0019000869,KG,0.016,-0.010666666666666666,0.328,0.328,1312.459783861399,1281.8698410461361,1286.686709365087
S0,300,0.0019000869,KG,0.0155,-0.010333333333333333,0.32816666666666666,0.32816666666666666,1312.4476256646465,1281.8430462177237,1286.4105161245136
S0,300,0.0019000869,KG,0.015,-0.009999999999999998,0.3283333333333333,0.3283333333333333,1312.4358522554935,1281.8170891723878,1286.1430207489036
S0,300,0.0019000869,KG,0.0145,-0.009666666666666667,0.3285,0.3285,1312.4244637679583,1281.791970966765,1285.878306723513
S0,300,0.0019000869,KG,0.014,-0.009333333333333332,0.32866666666666666,0.32866666666666666,1312.4134603304262,1281.7676926368824,1285.6046436842992
S0,300,0.0019000869,KG,0.0135,-0.009,0.32883333333333337,0.32883333333333337,1312.4028420656373,1281.7442551979916,1285.3489959877627
S0,300,0.0019000869,KG,0.013000000000000001,-0.008666666666666666,0.329,0.329,1312.3926090906734,1281.7216596444011,1285.083713532111
S0,300,0.0019000869,KG,0.0125,-0.008333333333333333,0.32916666666666666,0.32916666666666666,1312.3827615169457,1281.6999069493156,1284.8214932663775
S0,300,0.0019000869,KG,0.012,-0.008,0.3293333333333333,0.3293333333333333,1312.3732994501834,1281.6789980646638,1284.578272243962
S0,300,0.0019000869,KG,0.0115,-0.007666666666666666,0.3295,0.3295,1312.3642229904228,1281.658933920938,1284.3156951430133
S0,300,0.0019000869,KG,0.011,-0.007333333333333332,0.32966666666666666,0.32966666666666666,1312.3555322319921,1281.6397154270264,1284.0739548639747
S0,300,0.0019000869,KG,0.0105,-0.007,0.32983333333333337,0.32983333333333337,1312.347227263505,1281.6213434700473,1283.8388090613073
S0,300,0.0019000869,KG,0.01,-0.006666666666666666,0.33,0.33,1312.339308167845,1281.603818915185,1283.5901551129114
S0,300,0.0019000869,KG,0.0095,-0.006333333333333333,0.33016666666666666,0.33016666666666666,1312.3317750221581,1281.5871426055253,1283.3740752179526
S0,300,0.0019000869,KG,0.009000000000000001,-0.006,0.3303333333333333,0.3303333333333333,1312.3246278978393,1281.5713153618894,1283.1448100985062
S0,300,0.0019000869,KG,0.0085,-0.005666666666666667,0.3305,0.3305,1312.3178668605246,1281.5563379826715,1282.9235223247504
S0,300,0.0019000869,KG,0.008,-0.005333333333333333,0.33066666666666666,0.33066666666666666,1312.3114919700786,1281.5422112436727,1282.731028283054
S0,300,0.0019000869,KG,0.0075,-0.004999999999999999,0.33083333333333337,0.33083333333333337,1312.3055032805864,1281.528935897938,1282.5160095060637
S0,300,0.0019000869,KG,0.007,-0.004666666666666666,0.331,0.331,1312.2999008403426,1281.5165126755965,1282.3310845264095
S0,300,0.0019000869,KG,0.006500000000000001,-0.004333333333333333,0.33116666666666666,0.33116666666666666,1312.2946846918428,1281.5049422836928,1282.1565555068878
S0,300,0.0019000869,KG,0.006,-0.004,0.3313333333333333,0.3313333333333333,1312.2898548717721,1281.4942254060302,1281.971384675393
S0,300,0.0019000869,KG,0.0055,-0.003666666666666666,0.3315,0.3315,1312.285411411,1281.484362703007,1281.8245234159833
S0,300,0.0019000869,KG,0.005,-0.003333333333333333,0.33166666666666667,0.33166666666666667,1312.281354334567,1281.4753548114559,1281.6689367143701
S0,300,0.0019000869,KG,0.0045000000000000005,-0.003,0.33183333333333337,0.33183333333333337,1312.27768366168,1281.467202344484,1281.5264211489746
S0,300,0.0019000869,KG,0.004,-0.0026666666666666666,0.332,0.332,1312.2743994057018,1281.4599058913127,1281.4127916652315
S0,300,0.0019000869,KG,0.0035,-0.002333333333333333,0.33216666666666667,0.33216666666666667,1312.2715015741435,1281.453466017121,1281.2876643604427
S0,300,0.0019000869,KG,0.003,-0.002,0.3323333333333333,0.3323333333333333,1312.2689901686567,1281.447883262886,1281.1903109230416
S0,300,0.0019000869,KG,0.0025,-0.0016666666666666666,0.3325,0.3325,1312.2668651850258,1281.4431581452275,1281.1050797727728
S0,300,0.0019000869,KG,0.002,-0.0013333333333333333,0.33266666666666667,0.33266666666666667,1312.2651266131616,1281.4392911562502,1281.0219907723128
S0,300,0.0019000869,KG,0.0015,-0.001,0.33283333333333337,0.33283333333333337,1312.2637744370925,1281.4362827633906,1280.9643211677678
S0,300,0.0019000869,KG,0.001,-0.0006666666666666666,0.333,0.333,1312.2628086349594,1281.4341334092624,1280.9110859144398
S0,300,0.0019000869,KG,0.0005,-0.0003333333333333333,0.33316666666666667,0.33316666666666667,1312.2622291790071,1281.4328435115035,1280.871608355157
S0,300,0.0019000869,K,0.0,0.0,0.3333333333333333,0.3333333333333333,1312.2620360355806,1281.4324134626254,1280.854421903248
S0,300,0.0019000869,KM,0.0005,0.0003333333333333333,0.33349999999999996,0.333,1312.262229164716,1281.4328436296337,1280.8738097757457
S0,300,0.0019000869,KM,0.001,0.0006666666666666666,0.3336666666666666,0.33266666666666667,1312.2628085213826,1281.4341343546346,1280.9118667899313
S0,300,0.0019000869,KM,0.0015,0.001,0.33383333333333337,0.3323333333333333,1312.263774054185,1281.436285953862,1280.9621428694284
S0,300,0.0019000869,KM,0.002,0.0013333333333333333,0.334,0.332,1312.265125705805,1281.4392987178296,1281.0287356851854
S0,300,0.0019000869,KM,0.0025,0.0016666666666666666,0.33416666666666667,0.33166666666666667,1312.266863412994,1281.4431729111861,1281.1015909521914
S0,300,0.0019000869,KM,0.003,0.002,0.3343333333333333,0.3313333333333333,1312.2689871065688,1281.4479087725724,1281.192574732076
S0,300,0.0019000869,KM,0.0035,0.002333333333333333,0.3345,0.331,1312.2714967114098,1281.4535065144787,1281.2964409118742
S0,300,0.0019000869,KM,0.004,0.0026666666666666666,0.33466666666666667,0.33066666666666666,1312.2743921464532,1281.4599663231047,1281.4048823294322
S0,300,0.0019000869,KM,0.0045000000000000005,0.003,0.3348333333333333,0.3303333333333333,1312.2776733246876,1281.467288358222,1281.5376311727198
S0,300,0.0019000869,KM,0.005,0.003333333333333333,0.33499999999999996,0.33,1312.2813401531523,1281.4754727530371,1281.674005776339
S0,300,0.0019000869,KM,0.0055,0.003666666666666666,0.33516666666666667,0.32966666666666666,1312.2853925329305,1281.4845196140557,1281.8218958976552
S0,300,0.0019000869,KM,0.006,0.004,0.3353333333333333,0.3293333333333333,1312.2898303591498,1281.4944290209503,1281.991528278888
S0,300,0.0019000869,KM,0.006500000000000001,0.004333333333333333,0.33549999999999996,0.329,1312.2946535209765,1281.5052010264308,1282.1583133706145
S0,300,0.0019000869,KM,0.007,0.004666666666666666,0.3356666666666666,0.32866666666666666,1312.2998619016132,1281.5168356561114,1282.3462415460988
S0,300,0.0019000869,KM,0.0075,0.004999999999999999,0.3358333333333334,0.3283333333333333,1312.3054553782974,1281.529332908389,1282.5435525484886
S0,300,0.0019000869,KM,0.008,0.005333333333333333,0.336,0.328,1312.3114338222974,1281.5426927543142,1282.7392690074655
S0,300,0.0019000869,KM,0.0085,0.005666666666666667,0.33616666666666667,0.32766666666666666,1312.3177970989132,1281.5569151374707,1282.959565651209
S0,300,0.0019000869,KM,0.009000000000000001,0.006,0.3363333333333333,0.3273333333333333,1312.3245450674726,1281.5719999738533,1283.17747962398
S0,300,0.0019000869,KM,0.0095,0.006333333333333333,0.3365,0.327,1312.331677581329,1281.5879471517528,1283.4024153348273
S0,300,0.0019000869,KM,0.01,0.006666666666666666,0.33666666666666667,0.32666666666666666,1312.3391944878626,1281.6047565316364,1283.6448186218906
S0,300,0.0019000869,KM,0.0105,0.007,0.3368333333333333,0.3263333333333333,1312.347095628479,1281.6224279460382,1283.8802791643031
S0,300,0.0019000869,KM,0.011,0.007333333333333332,0.33699999999999997,0.326,1312.3553808386073,1281.6409611994457,1284.1314784541419
S0,300,0.0019000869,KM,0.0115,0.007666666666666666,0.33716666666666667,0.32566666666666666,1312.3640499477,1281.6603560681936,1284.3872265445032
S0,300,0.0019000869,KM,0.012,0.008,0.3373333333333333,0.3253333333333333,1312.3731027792353,1281.6806123003573,1284.6394667104055
S0,300,0.0019000869,KM,0.0125,0.008333333333333333,0.33749999999999997,0.325,1312.3825391507132,1281.7017296156487,1284.9078205854119
S0,300,0.0019000869,KM,0.013000000000000001,0.008666666666666666,0.3376666666666666,0.32466666666666666,1312.3923588736584,1281.7237077053207,1285.1723712152766
S0,300,0.0019000869,KM,0.0135,0.009,0.3378333333333334,0.3243333333333333,1312.4025617536215,1281.746546232064,1285.4402684802767
S0,300,0.0019000869,KM,0.014,0.009333333333333332,0.338,0.324,1312.413147590179,1281.7702448299171,1285.717618223967
S0,300,0.0019000869,KM,0.0145,0.009666666666666667,0.33816666666666667,0.32366666666666666,1312.4241161769344,1281.794803104174,1285.9895982792254
S0,300,0.0019000869,KM,0.015,0.009999999999999998,0.3383333333333333,0.3233333333333333,1312.4354673015205,1281.820220631293,1286.2695860766833
S0,300,0.0019000869,KM,0.0155,0.010333333333333333,0.3385,0.323,1312.4472007456,1281.8464969588154,1286.5508925648
S0,300,0.0019000869,KM,0.016,0.010666666666666666,0.33866666666666667,0.32266666666666666,1312.459316284869,1281.8736316052805,1286.8291511031273
S0,300,0.0019000869,KM,0.0165,0.011,0.3388333333333333,0.3223333333333333,1312.4718136890579,1281.9016240601475,1287.1141291162594
S0,300,0.0019000869,KM,0.017,0.011333333333333334,0.33899999999999997,0.322,1312.4846927219362,1281.9304737837208,1287.3965553114745
S0,300,0.0019000869,KM,0.0175,0.011666666666666667,0.33916666666666667,0.32166666666666666,1312.4979531413114,1281.9601802070738,1287.6799186284454
S0,300,0.0019000869,KM,0.018000000000000002,0.012,0.3393333333333333,0.3213333333333333,1312.511594699037,1281.9907427319843,1287.9658521712263
S0,300,0.0019000869,KM,0.0185,0.012333333333333332,0.33949999999999997,0.321,1312.5256171410122,1282.0221607308656,1288.249604797993
S0,300,0.0019000869,KM,0.019,0.012666666666666666,0.3396666666666666,0.32066666666666666,1312.5400202071876,1282.054433546706,1288.534696073224
S0,300,0.0019000869,KM,0.0195,0.013,0.3398333333333334,0.3203333333333333,1312.5548036315688,1282.0875604930084,1288.8195906161168
S0,300,0.0019000869,KM,0.02,0.013333333333333332,0.34,0.32,1312.569967142219,1282.1215408537366,1289.1037438290389
S0,300,0.0019000869,KM,0.0205,0.013666666666666667,0.3401666666666667,0.31966666666666665,1312.5855104612658,1282.1563738832629,1289.3865839699533
S0,300,0.0019000869,KM,0.021,0.014,0.3403333333333333,0.3193333333333333,1312.6014333049047,1282.192058806321,1289.6700019129737
S0,300,0.0019000869,KM,0.021500000000000002,0.014333333333333333,0.3405,0.319,1312.6177353834046,1282.2285948179606,1289.953204023961
S0,300,0.0019000869,KM,0.022,0.014666666666666665,0.3406666666666667,0.31866666666666665,1312.634416401113,1282.2659810835087,1290.23378174365
S0,300,0.0019000869,KM,0.0225,0.015,0.3408333333333333,0.3183333333333333,1312.6514760564617,1282.304216738532,1290.5161020811056
S0,300,0.0019000869,KM,0.023,0.015333333333333332,0.34099999999999997,0.318,1312.6689140419712,1282.3433008888048,1290.7949068448627
S0,300,0.0019000869,KM,0.0235,0.015666666666666666,0.3411666666666667,0.31766666666666665,1312.6867300442598,1282.3832326102793,1291.0729575494363
S0,300,0.0019000869,KM,0.024,0.016,0.3413333333333333,0.3173333333333333,1312.7049237440472,1282.4240109490631,1291.3533175934137
S0,300,0.0019000869,KM,0.0245,0.01633333333333333,0.34149999999999997,0.317,1312.7234948161636,1282.4656349213958,1291.6271736243946
S0,300,0.0019000869,KM,0.025,0.016666666666666666,0.3416666666666666,0.31666666666666665,1312.7424429295527,1282.5081035136348,1291.9032582416226
S0,300,0.0019000869,KM,0.025500000000000002,0.017,0.3418333333333334,0.3163333333333333,1312.7617677472845,1282.5514156822417,1292.1780464261021
S0,300,0.0019000869,KM,0.026000000000000002,0.017333333333333333,0.342,0.316,1312.7814689265583,1282.5955703537736,1292.447155394777
S0,300,0.0019000869,KM,0.0265,0.017666666666666664,0.3421666666666667,0.31566666666666665,1312.8015461187106,1282.64056642488,1292.7217868878754
S0,300,0.0019000869,KM,0.027,0.018,0.3423333333333333,0.3153333333333333,1312.821998969227,1282.686402762303,1292.9903767635874
S0,300,0.0019000869,KM,0.0275,0.018333333333333333,0.3425,0.315,1312.8428271177465,1282.7330782028787,1293.2576633444678
S0,300,0.0019000869,KM,0.028,0.018666666666666665,0.3426666666666667,0.31466666666666665,1312.8640301980715,1282.780591553551,1293.5292401433403
S0,300,0.0019000869,KM,0.0285,0.019,0.3428333333333333,0.3143333333333333,1312.8856078381764,1282.8289415913803,1293.7907207242904
S0,300,0.0019000869,KM,0.029,0.019333333333333334,0.34299999999999997,0.314,1312.9075596602172,1282.8781270635632,1294.056357977108
S0,300,0.0019000869,KM,0.029500000000000002,0.019666666666666666,0.3431666666666667,0.31366666666666665,1312.9298852805405,1282.9281466874522,1294.321135566666
S0,300,0.0019000869,KM,0.03,0.019999999999999997,0.3433333333333333,0.3133333333333333,1312.9525843096928,1282.9789991505838,1294.5782086766692
S0,300,0.0019000869,KM,0.0305,0.02033333333333333,0.34349999999999997,0.313,1312.9756563524302,1283.030683110709,1294.8430653236255
S0,300,0.0019000869,KM,0.031,0.020666666666666667,0.3436666666666666,0.31266666666666665,1312.9991010077297,1283.083197195828,1295.0995227064448
S0,300,0.0019000869,KM,0.0315,0.020999999999999998,0.3438333333333334,0.31233333333333335,1313.0229178687985,1283.1365400042287,1295.354643528352
S0,300,0.0019000869,KM,0.032,0.021333333333333333,0.34400000000000003,0.312,1313.0471065230852,1283.1907101045317,1295.615712231484
S0,300,0.0019000869,KM,0.0325,0.021666666666666667,0.3441666666666667,0.3116666666666667,1313.0716665522898,1283.245706035741,1295.8646183060469
S0,300,0.0019000869,KM,0.033,0.022,0.3443333333333333,0.3113333333333333,1313.0965975323763,1283.3015263072925,1296.1196343350869
S0,300,0.0019000869,KM,0.0335,0.022333333333333334,0.34450000000000003,0.311,1313.1218990335838,1283.358169399117,1296.3733849335217
S0,300,0.0019000869,KM,0.034,0.02266666666666667,0.3446666666666667,0.31066666666666665,1313.1475706204362,1283.4156337616992,1296.617429173987
S0,300,0.0019000869,KM,0.0345,0.023,0.3448333333333333,0.31033333333333335,1313.1736118517583,1283.4739178161449,1296.871295722497
S0,300,0.0019000869,KM,0.035,0.023333333333333334,0.345,0.31,1313.2000222806823,1283.5330199542552,1297.1158978003582
S0,300,0.0019000869,KM,0.035500000000000004,0.02366666666666667,0.3451666666666667,0.3096666666666667,1313.226801454666,1283.5929385385984,1297.3598860453938
S0,300,0.0019000869,KM,0.036000000000000004,0.024,0.3453333333333333,0.3093333333333333,1313.2539489155024,1283.6536719025955,1297.6108783827885
S0,300,0.0019000869,KM,0.0365,0.024333333333333332,0.3455,0.309,1313.281464199332,1283.7152183506016,1297.8473221154761
S0,300,0.0019000869,KM,0.037,0.024666666666666663,0.3456666666666666,0.3086666666666667,1313.3093468366594,1283.7775761579985,1298.0908828316221
S0,300,0.0019000869,KM,0.0375,0.024999999999999998,0.3458333333333334,0.30833333333333335,1313.3375963523624,1283.8407435712877,1298.3332981979993
S0,300,0.0019000869,KM,0.038,0.025333333333333333,0.34600000000000003,0.308,1313.366212265709,1283.9047188081913,1298.5651179521815
S0,300,0.0019000869,KM,0.0385,0.025666666666666664,0.3461666666666667,0.3076666666666667,1313.3951940903705,1283.9695000577542,1298.8087202291783
S0,300,0.0019000869,KM,0.039,0.026,0.3463333333333333,0.30733333333333335,1313.4245413344354,1284.0350854804544,1299.0421953127966
S0,300,0.0019000869,KM,0.0395,0.026333333333333334,0.34650000000000003,0.307,1313.4542535004239,1284.1014732083133,1299.2741741811192
S0,300,0.0019000869,KM,0.04,0.026666666666666665,0.3466666666666667,0.3066666666666667,1313.4843300853026,1284.1686613450174,1299.5135840486755
S0,300,0.0019000869,KM,0.0405,0.027,0.3468333333333333,0.30633333333333335,1313.5147705805005,1284.2366479660363,1299.7368793492071
S0,300,0.0019000869,KM,0.041,0.027333333333333334,0.347,0.306,1313.545574471921,1284.305431118752,1299.9688494062912
S0,300,0.0019000869,KM,0.0415,0.027666666666666666,0.3471666666666667,0.3056666666666667,1313.5767412399632,1284.3750088225904,1300.2013235083061
S0,300,0.0019000869,KM,0.042,0.028,0.3473333333333333,0.30533333333333335,1313.6082703595312,1284.4453790691546,1300.4238282052142
S0,300,0.0019000869,KM,0.0425,0.028333333333333335,0.3475,0.305,1313.640161300054,1284.5165398223678,1300.660046177007
S0,300,0.0019000869,KM,0.043000000000000003,0.028666666666666667,0.3476666666666666,0.3046666666666667,1313.6724135254992,1284.588489018617,1300.8855895264417
S0,300,0.0019000869,KM,0.043500000000000004,0.029,0.3478333333333334,0.30433333333333334,1313.705026494393,1284.6612245669032,1301.110102520405
S0,300,0.0019000869,KM,0.044,0.02933333333333333,0.34800000000000003,0.304,1313.7379996598324,1284.7347443489923,1301.3435018104344
S0,300,0.0019000869,KM,0.0445,0.029666666666666664,0.3481666666666667,0.3036666666666667,1313.771332469506,1284.8090462195762,1301.5602459051133
S0,300,0.0019000869,KM,0.045,0.03,0.34833333333333333,0.30333333333333334,1313.8050243657076,1284.8841280064332,1301.7860099930272
S0,300,0.0019000869,KM,0.0455,0.03033333333333333,0.34850000000000003,0.303,1313.839074785356,1284.9599875105955,1302.011169003844
S0,300,0.0019000869,KM,0.046,0.030666666666666665,0.3486666666666667,0.3026666666666667,1313.8734831600125,1285.0366225065195,1302.2248451520622
S0,300,0.0019000869,KM,0.0465,0.031,0.34883333333333333,0.30233333333333334,1313.9082489158968,1285.114030742262,1302.4522353450504
S0,300,0.0019000869,KM,0.047,0.03133333333333333,0.349,0.302,1313.943371473907,1285.192209939657,1302.6675067102433
S0,300,0.0019000869,KM,0.0475,0.03166666666666666,0.3491666666666667,0.3016666666666667,1313.9788502496358,1285.2711577945024,1302.8820414230904
S0,300,0.0019000869,KM,0.048,0.032,0.34933333333333333,0.30133333333333334,1314.0146846533917,1285.3508719767458,1303.106446260403
S0,300,0.0019000869,KM,0.0485,0.03233333333333333,0.3495,0.301,1314.0508740902153,1285.431350130675,1303.3136166158918
S0,300,0.0019000869,KM,0.049,0.03266666666666666,0.3496666666666666,0.3006666666666667,1314.0874179598977,1285.512589875117,1303.5309301434693
S0,300,0.0019000869,KM,0.0495,0.033,0.3498333333333334,0.30033333333333334,1314.1243156570042,1285.5945888036333,1303.7479003489966
S0,300,0.0019000869,KM,0.05,0.03333333333333333,0.35000000000000003,0.3,1314.161566570887,1285.6773444847274,1303.9528658981603
S0,300,0.0019000869,KM,0.0505,0.033666666666666664,0.3501666666666667,0.2996666666666667,1314.1991700857097,1285.760854462048,1304.1719663693416
S0,300,0.0019000869,KM,0.051000000000000004,0.034,0.35033333333333333,0.29933333333333334,1314.237125580465,1285.8451162546032,1304.3781728803685
S0,300,0.0019000869,KM,0.051500000000000004,0.034333333333333334,0.35050000000000003,0.299,1314.275432428995,1285.930127356975,1304.5842246733748
S0,300,0.0019000869,KM,0.052000000000000005,0.034666666666666665,0.3506666666666667,0.2986666666666667,1314.3140900000117,1286.0158852395361,1304.8013601971663
S0,300,0.0019000869,KM,0.0525,0.034999999999999996,0.35083333333333333,0.29833333333333334,1314.3530976571162,1286.102387348672,1305.000543157947
S0,300,0.0019000869,KM,0.053,0.03533333333333333,0.351,0.298,1314.3924547588208,1286.1896311070088,1305.2107150640154
S0,300,0.0019000869,KM,0.0535,0.035666666666666666,0.3511666666666667,0.2976666666666667,1314.4321606585695,1286.2776139136402,1305.4209384700928
S0,300,0.0019000869,KM,0.054,0.036,0.35133333333333333,0.29733333333333334,1314.472214704757,1286.3663331443615,1305.6189971601448
S0,300,0.0019000869,KM,0.0545,0.03633333333333333,0.3515,0.297,1314.512616240753,1286.4557861519017,1305.8328190643451
S0,300,0.0019000869,KM,0.055,0.03666666666666667,0.3516666666666666,0.2966666666666667,1314.553364604921,1286.5459702661676,1306.0338954381589
S0,300,0.0019000869,KM,0.0555,0.037,0.3518333333333334,0.29633333333333334,1314.5944591306413,1286.6368827944832,1306.2348321233123
S0,300,0.0019000869,KM,0.056,0.03733333333333333,0.35200000000000004,0.296,1314.6358991463308,1286.7285210218347,1306.447185638597
S0,300,0.0019000869,KM,0.0565,0.03766666666666667,0.3521666666666667,0.2956666666666667,1314.677683975469,1286.8208822111208,1306.6412547816378
S0,300,0.0019000869,KM,0.057,0.038,0.35233333333333333,0.29533333333333334,1314.7198129366145,1286.9139636034015,1306.8470121774942
S0,300,0.0019000869,KM,0.0575,0.03833333333333333,0.35250000000000004,0.295,1314.7622853434334,1287.0077624181556,1307.052930369481
S0,300,0.0019000869,KM,0.058,0.03866666666666667,0.3526666666666667,0.2946666666666667,1314.8051005047146,1287.1022758535332,1307.2461482972276
S0,300,0.0019000869,KM,0.0585,0.039,0.35283333333333333,0.29433333333333334,1314.8482577244001,1287.1975010866208,1307.4555676044474
S0,300,0.0019000869,KM,0.059000000000000004,0.03933333333333333,0.353,0.294,1314.891756301603,1287.2934352736995,1307.6518490985973
S0,300,0.0019000869,KM,0.059500000000000004,0.03966666666666667,0.3531666666666667,0.2936666666666667,1314.935595530631,1287.390075550511,1307.84801355366
S0,300,0.0019000869,KM,0.06,0.039999999999999994,0.35333333333333333,0.29333333333333333,1314.9797747010116,1287.4874190325268,1308.0554213935127
S0,450,0.0019000869,KG,0.06,-0.039999999999999994,0.3133333333333333,0.3133333333333333,1304.3076000467063,1276.4060207178572,1295.7875150517075
S0,450,0.0019000869,KG,0.059500000000000004,-0.03966666666666667,0.3135,0.3135,1304.2614510090991,1276.3099669306027,1295.6274897751337
S0,450,0.0019000869,KG,0.059000000000000004,-0.03933333333333333,0.31366666666666665,0.31366666666666665,1304.2156589488184,1276.2146011278617,1295.4443163268309
S0,450,0.0019000869,KG,0.0585,-0.039,0.31383333333333335,0.31383333333333335,1304.1702245354584,1276.119925711914,1295.258470385909
S0,450,0.0019000869,KG,0.058,-0.03866666666666667,0.314,0.314,1304.1251484349561,1276.0259430772464,1295.0918442785653
S0,450,0.0019000869,KG,0.0575,-0.03833333333333333,0.31416666666666665,0.31416666666666665,1304.0804313095562,1275.9326556104477,1294.895604597084
S0,450,0.0019000869,KG,0.057,-0.038,0.3143333333333333,0.3143333333333333,1304.0360738177833,1275.8400656901092,1294.7188040524024
S0,450,0.0019000869,KG,0.0565,-0.03766666666666667,0.3145,0.3145,1303.9920766144119,1275.748175686717,1294.5400189368202
S0,450,0.0019000869,KG,0.056,-0.03733333333333333,0.31466666666666665,0.31466666666666665,1303.9484403504332,1275.65698796255,1294.3396980785303
S0,450,0.0019000869,KG,0.0555,-0.037,0.31483333333333335,0.31483333333333335,1303.9051656730262,1275.566504871571,1294.1682101240888
S0,450,0.0019000869,KG,0.055,-0.03666666666666667,0.315,0.315,1303.8622532255267,1275.4767287593238,1293.9752465239926
S0,450,0.0019000869,KG,0.0545,-0.03633333333333333,0.31516666666666665,0.31516666666666665,1303.8197036473957,1275.3876619628227,1293.7804461172632
S0,450,0.0019000869,KG,0.054,-0.036,0.3153333333333333,0.3153333333333333,1303.7775175741908,1275.2993068104458,1293.6049351030351
S0,450,0.0019000869,KG,0.0535,-0.035666666666666666,0.3155,0.3155,1303.735695637535,1275.2116656218252,1293.4005947791925
S0,450,0.0019000869,KG,0.053,-0.03533333333333333,0.31566666666666665,0.31566666666666665,1303.6942384650843,1275.1247407077392,1293.215487481582
S0,450,0.0019000869,KG,0.0525,-0.034999999999999996,0.31583333333333335,0.31583333333333335,1303.6531466805006,1275.0385343699961,1293.0284535151059
S0,450,0.0019000869,KG,0.052000000000000005,-0.034666666666666665,0.316,0.316,1303.6124209034192,1274.953048901329,1292.8203218321985
S0,450,0.0019000869,KG,0.051500000000000004,-0.034333333333333334,0.31616666666666665,0.31616666666666665,1303.5720617494194,1274.8682865852786,1292.6403512878512
S0,450,0.0019000869,KG,0.051000000000000004,-0.034,0.3163333333333333,0.3163333333333333,1303.532069829994,1274.7842496960805,1292.4393756680556
S0,450,0.0019000869,KG,0.0505,-0.033666666666666664,0.3165,0.3165,1303.4924457525183,1274.7009404985508,1292.236552538902
S0,450,0.0019000869,KG,0.05,-0.03333333333333333,0.31666666666666665,0.31666666666666665,1303.4531901202217,1274.6183612479729,1292.05241559126
S0,450,0.0019000869,KG,0.0495,-0.033,0.31683333333333336,0.31683333333333336,1303.4143035321563,1274.5365141899758,1291.8401250898244
S0,450,0.0019000869,KG,0.049,-0.03266666666666666,0.317,0.317,1303.3757865831678,1274.455401560423,1291.6463622210604
S0,450,0.0019000869,KG,0.0485,-0.03233333333333333,0.31716666666666665,0.31716666666666665,1303.337639863865,1274.3750255852872,1291.4506292230515
S0,450,0.0019000869,KG,0.048,-0.032,0.3173333333333333,0.3173333333333333,1303.2998639605898,1274.295388480538,1291.2343309481962
S0,450,0.0019000869,KG,0.0475,-0.03166666666666666,0.3175,0.3175,1303.2624594553884,1274.2164924520152,1291.0451012069861
S0,450,0.0019000869,KG,0.047,-0.03133333333333333,0.31766666666666665,0.31766666666666665,1303.2254269259797,1274.1383396953127,1290.8353265456092
S0,450,0.0019000869,KG,0.0465,-0.031,0.31783333333333336,0.31783333333333336,1303.1887669457283,1274.0609323956505,1290.6235507267381
S0,450,0.0019000869,KG,0.046,-0.030666666666666665,0.318,0.318,1303.1524800836119,1273.9842727277571,1290.429436134606
S0,450,0.0019000869,KG,0.0455,-0.03033333333333333,0.31816666666666665,0.31816666666666665,1303.116566904195,1273.9083628557405,1290.2078985656772
S0,450,0.0019000869,KG,0.045,-0.03,0.3183333333333333,0.3183333333333333,1303.0810279675964,1273.8332049329656,1290.0036060495024
S0,450,0.0019000869,KG,0.0445,-0.029666666666666664,0.3185,0.3185,1303.0458638294617,1273.7588011019245,1289.7965578479195
S0,450,0.0019000869,KG,0.044,-0.02933333333333333,0.31866666666666665,0.31866666666666665,1303.0110750409337,1273.6851534941125,1289.568556643568
S0,450,0.0019000869,KG,0.043500000000000004,-0.029,0.31883333333333336,0.31883333333333336,1302.9766621486233,1273.612264229896,1289.3643318308539
S0,450,0.0019000869,KG,0.043000000000000003,-0.028666666666666667,0.319,0.319,1302.94262569458,1273.5401354183848,1289.1372191174805
S0,450,0.0019000869,KG,0.0425,-0.028333333333333335,0.31916666666666665,0.31916666666666665,1302.9089662162626,1273.4687691573015,1288.9039190968294
S0,450,0.0019000869,KG,0.042,-0.028,0.3193333333333333,0.3193333333333333,1302.8756842465104,1273.3981675328457,1288.6866221196158
S0,450,0.0019000869,KG,0.0415,-0.027666666666666666,0.3195,0.3195,1302.842780313516,1273.328332619567,1288.455111646426
S0,450,0.0019000869,KG,0.041,-0.027333333333333334,0.31966666666666665,0.31966666666666665,1302.810254940794,1273.2592664802253,1288.2547624727201
S0,450,0.0019000869,KG,0.0405,-0.027,0.31983333333333336,0.31983333333333336,1302.778108647154,1273.1909711656588,1288.0541066781334
S0,450,0.0019000869,KG,0.04,-0.026666666666666665,0.32,0.32,1302.7463419466721,1273.123448714645,1287.8306097758289
S0,450,0.0019000869,KG,0.0395,-0.026333333333333334,0.32016666666666665,0.32016666666666665,1302.71495534866,1273.0567011537655,1287.6274210992324
S0,450,0.0019000869,KG,0.039,-0.026,0.3203333333333333,0.3203333333333333,1302.6839493576394,1272.9907304972653,1287.4033673216823
S0,450,0.0019000869,KG,0.0385,-0.025666666666666664,0.3205,0.3205,1302.6533244733146,1272.925538746915,1287.1760354206
S0,450,0.0019000869,KG,0.038,-0.025333333333333333,0.32066666666666666,0.32066666666666666,1302.6230811905396,1272.8611278918668,1286.9632448188665
S0,450,0.0019000869,KG,0.0375,-0.024999999999999998,0.32083333333333336,0.32083333333333336,1302.5932199992947,1272.7974999085147,1286.7257991223041
S0,450,0.0019000869,KG,0.037,-0.024666666666666663,0.321,0.321,1302.5637413846564,1272.7346567603502,1286.5031373758895
S0,450,0.0019000869,KG,0.0365,-0.024333333333333332,0.32116666666666666,0.32116666666666666,1302.5346458267697,1272.672600397819,1286.2780619834614
S0,450,0.0019000869,KG,0.036000000000000004,-0.024,0.3213333333333333,0.3213333333333333,1302.5059338008211,1272.611332758172,1286.0356000638872
S0,450,0.0019000869,KG,0.035500000000000004,-0.02366666666666667,0.3215,0.3215,1302.4776057770102,1272.5508557653231,1285.8147016192759
S0,450,0.0019000869,KG,0.035,-0.023333333333333334,0.32166666666666666,0.32166666666666666,1302.4496622205224,1272.4911713296963,1285.5765968339078
S0,450,0.0019000869,KG,0.0345,-0.023,0.32183333333333336,0.32183333333333336,1302.422103591501,1272.4322813480799,1285.336482831386
S0,450,0.0019000869,KG,0.034,-0.02266666666666667,0.322,0.322,1302.3949303450215,1272.3741877034759,1285.1099468962523
S0,450,0.0019000869,KG,0.0335,-0.022333333333333334,0.32216666666666666,0.32216666666666666,1302.3681429310625,1272.316892264947,1284.8615757347238
S0,450,0.0019000869,KG,0.033,-0.022,0.3223333333333333,0.3223333333333333,1302.3417417944802,1272.2603968874637,1284.626356592791
S0,450,0.0019000869,KG,0.0325,-0.021666666666666667,0.3225,0.3225,1302.3157273749807,1272.2047034117509,1284.3888834045963
S0,450,0.0019000869,KG,0.032,-0.021333333333333333,0.32266666666666666,0.32266666666666666,1302.2901001070932,1272.1498136641344,1284.1360516328532
S0,450,0.0019000869,KG,0.0315,-0.020999999999999998,0.32283333333333336,0.32283333333333336,1302.2648604201438,1272.0957294563823,1283.901789711694
S0,450,0.0019000869,KG,0.031,-0.020666666666666667,0.323,0.323,1302.2400087382282,1272.0424525855474,1283.6524664587603
S0,450,0.0019000869,KG,0.0305,-0.02033333333333333,0.32316666666666666,0.32316666666666666,1302.215545480187,1271.9899848338111,1283.4013132292887
S0,450,0.0019000869,KG,0.03,-0.019999999999999997,0.3233333333333333,0.3233333333333333,1302.1914710595765,1271.938327968321,1283.1612446854697
S0,450,0.0019000869,KG,0.029500000000000002,-0.019666666666666666,0.3235,0.3235,1302.167785884646,1271.8874837410317,1282.9025638332491
S0,450,0.0019000869,KG,0.029,-0.019333333333333334,0.32366666666666666,0.32366666666666666,1302.1444903583085,1271.8374538885407,1282.6546771937972
S0,450,0.0019000869,KG,0.0285,-0.019,0.32383333333333336,0.32383333333333336,1302.1215848781194,1271.788240131928,1282.4045382819481
S0,450,0.0019000869,KG,0.028,-0.018666666666666665,0.324,0.324,1302.099069836245,1271.7398441765877,1282.1417753599155
S0,450,0.0019000869,KG,0.0275,-0.018333333333333333,0.32416666666666666,0.32416666666666666,1302.076945619441,1271.692267712066,1281.8932372373642
S0,450,0.0019000869,KG,0.027,-0.018,0.3243333333333333,0.3243333333333333,1302.0552126090267,1271.645512411894,1281.6326246271979
S0,450,0.0019000869,KG,0.0265,-0.017666666666666664,0.3245,0.3245,1302.0338711808586,1271.5995799334173,1281.3704689056501
S0,450,0.0019000869,KG,0.026000000000000002,-0.017333333333333333,0.32466666666666666,0.32466666666666666,1302.012921705306,1271.5544719176294,1281.1159478435372
S0,450,0.0019000869,KG,0.025500000000000002,-0.017,0.32483333333333336,0.32483333333333336,1301.992364547226,1271.510189989001,1280.8476931954708
S0,450,0.0019000869,KG,0.025,-0.016666666666666666,0.325,0.325,1301.9722000659378,1271.4667357553087,1280.586554216273
S0,450,0.0019000869,KG,0.0245,-0.01633333333333333,0.32516666666666666,0.32516666666666666,1301.9524286152007,1271.424110807463,1280.3231348855593
S0,450,0.0019000869,KG,0.024,-0.016,0.3253333333333333,0.3253333333333333,1301.9330505431865,1271.382316719334,1280.0510819794692
S0,450,0.0019000869,KG,0.0235,-0.015666666666666666,0.3255,0.3255,1301.9140661924575,1271.34135504758,1279.7870952993405
S0,450,0.0019000869,KG,0.023,-0.015333333333333332,0.32566666666666666,0.32566666666666666,1301.895475899941,1271.301227331466,1279.5149351689718
S0,450,0.0019000869,KG,0.0225,-0.015,0.32583333333333336,0.32583333333333336,1301.877279996906,1271.2619350926957,1279.2409198416226
S0,450,0.0019000869,KG,0.022,-0.014666666666666665,0.326,0.326,1301.8594788089395,1271.2234798352265,1278.9692047093042
S0,450,0.0019000869,KG,0.021500000000000002,-0.014333333333333333,0.32616666666666666,0.32616666666666666,1301.8420726559227,1271.1858630450945,1278.690570393905
S0,450,0.0019000869,KG,0.021,-0.014,0.3263333333333333,0.3263333333333333,1301.8250618520085,1271.1490861902355,1278.41591541466
S0,450,0.0019000869,KG,0.0205,-0.013666666666666667,0.3265,0.3265,1301.8084467055955,1271.1131507203027,1278.1438491250092
S0,450,0.0019000869,KG,0.02,-0.013333333333333332,0.32666666666666666,0.32666666666666666,1301.7922275193084,1271.078058066487,1277.8727587336596
S0,450,0.0019000869,KG,0.0195,-0.013,0.32683333333333336,0.32683333333333336,1301.7764045899733,1271.0438096413343,1277.6022088522056
S0,450,0.0019000869,KG,0.019,-0.012666666666666666,0.327,0.327,1301.7609782085947,1271.010406838562,1277.3299324122415
S0,450,0.0019000869,KG,0.0185,-0.012333333333333332,0.32716666666666666,0.32716666666666666,1301.7459486603343,1270.977851032875,1277.056930931483
S0,450,0.0019000869,KG,0.018000000000000002,-0.012,0.3273333333333333,0.3273333333333333,1301.7313162244875,1270.9461435797807,1276.780749919296
S0,450,0.0019000869,KG,0.0175,-0.011666666666666667,0.3275,0.3275,1301.7170811744625,1270.9152858154057,1276.5080907196675
S0,450,0.0019000869,KG,0.017,-0.011333333333333334,0.32766666666666666,0.32766666666666666,1301.703243777757,1270.8852790563046,1276.2316481082191
S0,450,0.0019000869,KG,0.0165,-0.011,0.32783333333333337,0.32783333333333337,1301.689804295937,1270.8561245992787,1275.9550497586245
S0,450,0.0019000869,KG,0.016,-0.010666666666666666,0.328,0.328,1301.676762984616,1270.8278237211816,1275.6858543925907
S0,450,0.0019000869,KG,0.0155,-0.010333333333333333,0.32816666666666666,0.32816666666666666,1301.664120093433,1270.8003776787368,1275.4068870057054
S0,450,0.0019000869,KG,0.015,-0.009999999999999998,0.3283333333333333,0.3283333333333333,1301.6518758660307,1270.7737877083441,1275.1367022719824
S0,450,0.0019000869,KG,0.0145,-0.009666666666666667,0.3285,0.3285,1301.6400305400362,1270.7480550258915,1274.869332798379
S0,450,0.0019000869,KG,0.014,-0.009333333333333332,0.32866666666666666,0.32866666666666666,1301.6285843470391,1270.7231808265637,1274.592947020902
S0,450,0.0019000869,KG,0.0135,-0.009,0.32883333333333337,0.32883333333333337,1301.617537512572,1270.699166284653,1274.3347423597459
S0,450,0.0019000869,KG,0.013000000000000001,-0.008666666666666666,0.329,0.329,1301.6068902560883,1270.6760125533651,1274.0668299393797
S0,450,0.0019000869,KG,0.0125,-0.008333333333333333,0.32916666666666666,0.32916666666666666,1301.5966427909445,1270.6537207646272,1273.8020165461562
S0,450,0.0019000869,KG,0.012,-0.008,0.3293333333333333,0.3293333333333333,1301.586795324379,1270.6322920288983,1273.5563773050287
S0,450,0.0019000869,KG,0.0115,-0.007666666666666666,0.3295,0.3295,1301.5773480574924,1270.611727434973,1273.2912251255816
S0,450,0.0019000869,KG,0.011,-0.007333333333333332,0.32966666666666666,0.32966666666666666,1301.5683011852295,1270.5920280497892,1273.0471009472892
S0,450,0.0019000869,KG,0.0105,-0.007,0.32983333333333337,0.32983333333333337,1301.5596548963572,1270.573194918235,1272.809639341118
S0,450,0.0019000869,KG,0.01,-0.006666666666666666,0.33,0.33,1301.551409373449,1270.5552290629546,1272.5585635963246
S0,450,0.0019000869,KG,0.0095,-0.006333333333333333,0.33016666666666666,0.33016666666666666,1301.5435647928643,1270.538131484152,1272.3403555112297
S0,450,0.0019000869,KG,0.009000000000000001,-0.006,0.3303333333333333,0.3303333333333333,1301.5361213247293,1270.5219031594006,1272.1088592603035
S0,450,0.0019000869,KG,0.0085,-0.005666666666666667,0.3305,0.3305,1301.5290791329217,1270.5065450434447,1271.885421050725
S0,450,0.0019000869,KG,0.008,-0.005333333333333333,0.33066666666666666,0.33066666666666666,1301.5224383750492,1270.492058068008,1271.6910381681162
S0,450,0.0019000869,KG,0.0075,-0.004999999999999999,0.33083333333333337,0.33083333333333337,1301.5161992024337,1270.4784431415958,1271.4739468369742
S0,450,0.0019000869,KG,0.007,-0.004666666666666666,0.331,0.331,1301.5103617600923,1270.4657011493023,1271.2872226078541
S0,450,0.0019000869,KG,0.006500000000000001,-0.004333333333333333,0.33116666666666666,0.33116666666666666,1301.5049261867232,1270.453832952617,1271.1109968240903
S0,450,0.0019000869,KG,0.006,-0.004,0.3313333333333333,0.3313333333333333,1301.4998926146839,1270.4428393892274,1270.9240490301538
S0,450,0.0019000869,KG,0.0055,-0.003666666666666666,0.3315,0.3315,1301.495261169979,1270.432721272826,1270.7757562514275
S0,450,0.0019000869,KG,0.005,-0.003333333333333333,0.33166666666666667,0.33166666666666667,1301.4910319722396,1270.4234793929177,1270.6186747834865
S0,450,0.0019000869,KG,0.0045000000000000005,-0.003,0.33183333333333337,0.33183333333333337,1301.4872051347102,1270.4151145146222,1270.4747908541092
S0,450,0.0019000869,KG,0.004,-0.0026666666666666666,0.332,0.332,1301.4837807642311,1270.407627378485,1270.3600571885304
S0,450,0.0019000869,KG,0.0035,-0.002333333333333333,0.33216666666666667,0.33216666666666667,1301.4807589612233,1270.401018700281,1270.23373870515
S0,450,0.0019000869,KG,0.003,-0.002,0.3323333333333333,0.3323333333333333,1301.4781398196717,1270.3952891708238,1270.1354489475864
S0,450,0.0019000869,KG,0.0025,-0.0016666666666666666,0.3325,0.3325,1301.4759234271103,1270.3904394557728,1270.0494003059557
S0,450,0.0019000869,KG,0.002,-0.0013333333333333333,0.33266666666666667,0.33266666666666667,1301.474109864608,1270.3864701954406,1269.9655258963046
S0,450,0.0019000869,KG,0.0015,-0.001,0.33283333333333337,0.33283333333333337,1301.4726992067547,1270.3833820046054,1269.9073057453568
S0,450,0.0019000869,KG,0.001,-0.0006666666666666666,0.333,0.333,1301.4716915216422,1270.3811754723174,1269.8535722374463
S0,450,0.0019000869,KG,0.0005,-0.0003333333333333333,0.33316666666666667,0.33316666666666667,1301.4710868708569,1270.379851161711,1269.813730009752
S0,450,0.0019000869,K,0.0,0.0,0.3333333333333333,0.3333333333333333,1301.4708853094596,1270.3794096098181,1269.7963869050202
S0,450,0.0019000869,KM,0.0005,0.0003333333333333333,0.33349999999999996,0.333,1301.4710868859465,1270.379851327683,1269.8159506311022
S0,450,0.0019000869,KM,0.001,0.0006666666666666666,0.3336666666666666,0.33266666666666667,1301.471691642366,1270.3811767993327,1269.8543601536683
S0,450,0.0019000869,KM,0.0015,0.001,0.33383333333333337,0.3323333333333333,1301.4726996141305,1270.3833864823648,1269.905109293839
S0,450,0.0019000869,KM,0.002,0.0013333333333333333,0.334,0.332,1301.4741108300739,1270.38648080753,1269.9723314578328
S0,450,0.0019000869,KM,0.0025,0.0016666666666666666,0.33416666666666667,0.33166666666666667,1301.4759253124428,1270.390460178546,1270.0458848783137
S0,450,0.0019000869,KM,0.003,0.002,0.3343333333333333,0.3313333333333333,1301.4781430768833,1270.395324971919,1270.1377389613133
S0,450,0.0019000869,KM,0.0035,0.002333333333333333,0.3345,0.331,1301.4807641324282,1270.4010755367633,1270.2426019540367
S0,450,0.0019000869,KM,0.004,0.0026666666666666666,0.33466666666666667,0.33066666666666666,1301.483788481484,1270.4077121946202,1270.3520944425127
S0,450,0.0019000869,KM,0.0045000000000000005,0.003,0.3348333333333333,0.3303333333333333,1301.487216119823,1270.4152352392814,1270.486120321138
S0,450,0.0019000869,KM,0.005,0.003333333333333333,0.33499999999999996,0.33,1301.4910470365692,1270.4236449366153,1270.62381800632
S0,450,0.0019000869,KM,0.0055,0.003666666666666666,0.33516666666666667,0.32966666666666666,1301.495281214188,1270.4329415243888,1270.773145911634
S0,450,0.0019000869,KM,0.006,0.004,0.3353333333333333,0.3293333333333333,1301.4999186284774,1270.4431252120999,1270.94441967567
S0,450,0.0019000869,KM,0.006500000000000001,0.004333333333333333,0.33549999999999996,0.329,1301.5049592485539,1270.4541961808031,1271.1128359961676
S0,450,0.0019000869,KM,0.007,0.004666666666666666,0.3356666666666666,0.32866666666666666,1301.5104030368484,1270.4661545829447,1271.3025937492428
S0,450,0.0019000869,KM,0.0075,0.004999999999999999,0.3358333333333334,0.3283333333333333,1301.5162499490898,1270.4790005421914,1271.5018304546788
S0,450,0.0019000869,KM,0.008,0.005333333333333333,0.336,0.328,1301.5224999343004,1270.4927341532707,1271.6994734402879
S0,450,0.0019000869,KM,0.0085,0.005666666666666667,0.33616666666666667,0.32766666666666666,1301.5291529347846,1270.5073554818064,1271.9219246685432
S0,450,0.0019000869,KM,0.009000000000000001,0.006,0.3363333333333333,0.3273333333333333,1301.5362088861236,1270.5228645641587,1272.141987228337
S0,450,0.0019000869,KM,0.0095,0.006333333333333333,0.3365,0.327,1301.5436677171604,1270.5392614072675,1272.369147173289
S0,450,0.0019000869,KM,0.01,0.006666666666666666,0.33666666666666667,0.32666666666666666,1301.5515293499968,1270.5565459884956,1272.6139408866645
S0,450,0.0019000869,KM,0.0105,0.007,0.3368333333333333,0.3263333333333333,1301.5597936999854,1270.574718255478,1272.8517464335166
S0,450,0.0019000869,KM,0.011,0.007333333333333332,0.33699999999999997,0.326,1301.5684606757202,1270.5937781259713,1273.1054418886663
S0,450,0.0019000869,KM,0.0115,0.007666666666666666,0.33716666666666667,0.32566666666666666,1301.577530179029,1270.6137254877049,1273.3637403281484
S0,450,0.0019000869,KM,0.012,0.008,0.3373333333333333,0.3253333333333333,1301.5870021049689,1270.6345601982378,1273.6185153256047
S0,450,0.0019000869,KM,0.0125,0.008333333333333333,0.33749999999999997,0.325,1301.5968763418177,1270.6562820848187,1273.889558335674
S0,450,0.0019000869,KM,0.013000000000000001,0.008666666666666666,0.3376666666666666,0.32466666666666666,1301.6071527710683,1270.6788909442425,1274.156780090244
S0,450,0.0019000869,KM,0.0135,0.009,0.3378333333333334,0.3243333333333333,1301.6178312674228,1270.7023865427186,1274.4273923635221
S0,450,0.0019000869,KM,0.014,0.009333333333333332,0.338,0.324,1301.6289116987869,1270.726768615738,1274.7075537605158
S0,450,0.0019000869,KM,0.0145,0.009666666666666667,0.33816666666666667,0.32366666666666666,1301.6403939262639,1270.7520368679418,1274.9823140969734
S0,450,0.0019000869,KM,0.015,0.009999999999999998,0.3383333333333333,0.3233333333333333,1301.65227780415,1270.7781909729968,1275.265166366451
S0,450,0.0019000869,KM,0.0155,0.010333333333333333,0.3385,0.323,1301.6645631799308,1270.8052305734725,1275.5493637851587
S0,450,0.0019000869,KM,0.016,0.010666666666666666,0.33866666666666667,0.32266666666666666,1301.677249894276,1270.8331552807217,1275.830502111536
S0,450,0.0019000869,KM,0.0165,0.011,0.3388333333333333,0.3223333333333333,1301.6903377810345,1270.8619646747647,1276.1184330284407
S0,450,0.0019000869,KM,0.017,0.011333333333333334,0.33899999999999997,0.322,1301.7038266672319,1270.891658304178,1276.4038053682593
S0,450,0.0019000869,KM,0.0175,0.011666666666666667,0.33916666666666667,0.32166666666666666,1301.7177163730669,1270.9222356859852,1276.690138192639
S0,450,0.0019000869,KM,0.018000000000000002,0.012,0.3393333333333333,0.3213333333333333,1301.7320067119078,1270.9536963055525,1276.9790787001773
S0,450,0.0019000869,KM,0.0185,0.012333333333333332,0.33949999999999997,0.321,1301.7466974902907,1270.9860396164881,1277.2658349136527
S0,450,0.0019000869,KM,0.019,0.012666666666666666,0.3396666666666666,0.32066666666666666,1301.7617885079167,1271.0192650405468,1277.553956730737
S0,450,0.0019000869,KM,0.0195,0.013,0.3398333333333334,0.3203333333333333,1301.7772795576489,1271.053371967535,1277.8418956162384
S0,450,0.0019000869,KM,0.02,0.013333333333333332,0.34,0.32,1301.793170425511,1271.0883597552252,1278.129102351098
S0,450,0.0019000869,KM,0.0205,0.013666666666666667,0.3401666666666667,0.31966666666666665,1301.8094608906888,1271.1242277292672,1278.415000347442
S0,450,0.0019000869,KM,0.021,0.014,0.3403333333333333,0.3193333333333333,1301.8261507255245,1271.1609751831147,1278.7014967665264
S0,450,0.0019000869,KM,0.021500000000000002,0.014333333333333333,0.3405,0.319,1301.8432396955188,1271.1986013779433,1278.9877912120778
S0,450,0.0019000869,KM,0.022,0.014666666666666665,0.3406666666666667,0.31866666666666665,1301.8607275593306,1271.2371055425817,1279.2714545369731
S0,450,0.0019000869,KM,0.0225,0.015,0.3408333333333333,0.3183333333333333,1301.878614068776,1271.2764868734482,1279.556891235025
S0,450,0.0019000869,KM,0.023,0.015333333333333332,0.34099999999999997,0.318,1301.8968989688283,1271.3167445344811,1279.8387981262179
S0,450,0.0019000869,KM,0.0235,0.015666666666666666,0.3411666666666667,0.31766666666666665,1301.9155819976213,1271.3578776570898,1280.119960444864
S0,450,0.0019000869,KM,0.024,0.016,0.3413333333333333,0.3173333333333333,1301.9346628864455,1271.399885340097,1280.403467842419
S0,450,0.0019000869,KM,0.0245,0.01633333333333333,0.34149999999999997,0.317,1301.9541413597542,1271.4427666496908,1280.6804316481107
S0,450,0.0019000869,KM,0.025,0.016666666666666666,0.3416666666666666,0.31666666666666665,1301.9740171351632,1271.4865206193833,1280.9596591937402
S0,450,0.0019000869,KM,0.025500000000000002,0.017,0.3418333333333334,0.3163333333333333,1301.994289923452,1271.5311462499722,1281.2375953740498
S0,450,0.0019000869,KM,0.026000000000000002,0.017333333333333333,0.342,0.316,1302.0149594285667,1271.5766425095062,1281.5098200586883
S0,450,0.0019000869,KM,0.0265,0.017666666666666664,0.3421666666666667,0.31566666666666665,1302.0360253476254,1271.6230083332605,1281.7876306572573
S0,450,0.0019000869,KM,0.027,0.018,0.3423333333333333,0.3153333333333333,1302.0574873709147,1271.670242623709,1282.0593643994596
S0,450,0.0019000869,KM,0.0275,0.018333333333333333,0.3425,0.315,1302.079345181902,1271.7183442505104,1282.3298001037042
S0,450,0.0019000869,KM,0.028,0.018666666666666665,0.3426666666666667,0.31466666666666665,1302.1015984572296,1271.7673120504937,1282.6045789808952
S0,450,0.0019000869,KM,0.0285,0.019,0.3428333333333333,0.3143333333333333,1302.1242468667283,1271.817144827651,1282.8691921010131
S0,450,0.0019000869,KM,0.029,0.019333333333333334,0.34299999999999997,0.314,1302.1472900734136,1271.8678413531368,1283.1380137980343
S0,450,0.0019000869,KM,0.029500000000000002,0.019666666666666666,0.3431666666666667,0.31366666666666665,1302.1707277334954,1271.9194003652703,1283.40598505609
S0,450,0.0019000869,KM,0.03,0.019999999999999997,0.3433333333333333,0.3133333333333333,1302.1945594963825,1271.9718205695444,1283.6662029191893
S0,450,0.0019000869,KM,0.0305,0.02033333333333333,0.34349999999999997,0.313,1302.218785004686,1272.0251006386402,1283.9342871275267
S0,450,0.0019000869,KM,0.031,0.020666666666666667,0.3436666666666666,0.31266666666666665,1302.2434038942267,1272.0792392124483,1284.1939173868473
S0,450,0.0019000869,KM,0.0315,0.020999999999999998,0.3438333333333334,0.31233333333333335,1302.2684157940425,1272.1342348980907,1284.4522164862706
S0,450,0.0019000869,KM,0.032,0.021333333333333333,0.34400000000000003,0.312,1302.293820326391,1272.1900862699554,1284.7165307151438
S0,450,0.0019000869,KM,0.0325,0.021666666666666667,0.3441666666666667,0.3116666666666667,1302.3196171067596,1272.246791869732,1284.9685959493975
S0,450,0.0019000869,KM,0.033,0.022,0.3443333333333333,0.3113333333333333,1302.3458057438731,1272.3043502064534,1285.2268398210776
S0,450,0.0019000869,KM,0.0335,0.022333333333333334,0.34450000000000003,0.311,1302.3723858396982,1272.362759756544,1285.483824417958
S0,450,0.0019000869,KM,0.034,0.02266666666666667,0.3446666666666667,0.31066666666666665,1302.3993569894546,1272.4220189638731,1285.7310373861055
S0,450,0.0019000869,KM,0.0345,0.023,0.3448333333333333,0.31033333333333335,1302.4267187816204,1272.4821262398161,1285.98817280775
S0,450,0.0019000869,KM,0.035,0.023333333333333334,0.345,0.31,1302.4544707979442,1272.5430799633184,1286.235982357046
S0,450,0.0019000869,KM,0.035500000000000004,0.02366666666666667,0.3451666666666667,0.3096666666666667,1302.4826126134487,1272.6048784809661,1286.4831899489473
S0,450,0.0019000869,KM,0.036000000000000004,0.024,0.3453333333333333,0.3093333333333333,1302.511143796446,1272.6675201070636,1286.7374779142476
S0,450,0.0019000869,KM,0.0365,0.024333333333333332,0.3455,0.309,1302.5400639085433,1272.7310031237168,1286.977111451343
S0,450,0.0019000869,KM,0.037,0.024666666666666663,0.3456666666666666,0.3086666666666667,1302.5693725046542,1272.7953257809204,1287.2239392542447
S0,450,0.0019000869,KM,0.0375,0.024999999999999998,0.3458333333333334,0.30833333333333335,1302.5990691330082,1272.8604862966522,1287.4696292042279
S0,450,0.0019000869,KM,0.038,0.025333333333333333,0.34600000000000003,0.308,1302.629153335162,1272.9264828569744,1287.7046513698979
S0,450,0.0019000869,KM,0.0385,0.025666666666666664,0.3461666666666667,0.3076666666666667,1302.6596246460117,1272.993313616139,1287.9515726790985
S0,450,0.0019000869,KM,0.039,0.026,0.3463333333333333,0.30733333333333335,1302.6904825938009,1273.0609766967004,1288.1882986830724
S0,450,0.0019000869,KM,0.0395,0.026333333333333334,0.34650000000000003,0.307,1302.7217267001356,1273.1294701896297,1288.4235331878467
S0,450,0.0019000869,KM,0.04,0.026666666666666665,0.3466666666666667,0.3066666666666667,1302.7533564799946,1273.1987921544437,1288.6662785870078
S0,450,0.0019000869,KM,0.0405,0.027,0.3468333333333333,0.30633333333333335,1302.7853714417408,1273.2689406193308,1288.8927911389158
S0,450,0.0019000869,KM,0.041,0.027333333333333334,0.347,0.306,1302.8177710871382,1273.3399135812845,1289.1280688404881
S0,450,0.0019000869,KM,0.0415,0.027666666666666666,0.3471666666666667,0.3056666666666667,1302.8505549113588,1273.4117090062475,1289.3638722094652
S0,450,0.0019000869,KM,0.042,0.028,0.3473333333333333,0.30533333333333335,1302.8837224030024,1273.4843248292586,1289.5896398116915
S0,450,0.0019000869,KM,0.0425,0.028333333333333335,0.3475,0.305,1302.917273044103,1273.5577589546008,1289.8292533267443
S0,450,0.0019000869,KM,0.043000000000000003,0.028666666666666667,0.3476666666666666,0.3046666666666667,1302.9512063101506,1273.632009255964,1290.0581200103838
S0,450,0.0019000869,KM,0.043500000000000004,0.029,0.3478333333333334,0.30433333333333334,1302.9855216701,1273.7070735766058,1290.2859651743593
S0,450,0.0019000869,KM,0.044,0.02933333333333333,0.34800000000000003,0.304,1303.0202185863875,1273.7829497295222,1290.5227886399152
S0,450,0.0019000869,KM,0.0445,0.029666666666666664,0.3481666666666667,0.3036666666666667,1303.0552965149473,1273.8596354976232,1290.7428347573868
S0,450,0.0019000869,KM,0.045,0.03,0.34833333333333333,0.30333333333333334,1303.0907549052226,1273.9371286339097,1290.9719939969468
S0,450,0.0019000869,KM,0.0455,0.03033333333333333,0.34850000000000003,0.303,1303.1265932001868,1274.0154268616648,1291.2005605960062
S0,450,0.0019000869,KM,0.046,0.030666666666666665,0.3486666666666667,0.3026666666666667,1303.1628108363548,1274.0945278746403,1291.417565749823
S0,450,0.0019000869,KM,0.0465,0.031,0.34883333333333333,0.30233333333333334,1303.1994072438029,1274.174429337258,1291.6484172663545
S0,450,0.0019000869,KM,0.047,0.03133333333333333,0.349,0.302,1303.2363818461827,1274.2551288848085,1291.8670661356743
S0,450,0.0019000869,KM,0.0475,0.03166666666666666,0.3491666666666667,0.3016666666666667,1303.273734060741,1274.3366241236606,1292.08498979443
S0,450,0.0019000869,KM,0.048,0.032,0.34933333333333333,0.30133333333333334,1303.311463298333,1274.4189126314745,1292.3128836181686
S0,450,0.0019000869,KM,0.0485,0.03233333333333333,0.3495,0.301,1303.3495689634447,1274.5019919574179,1292.5234166065754
S0,450,0.0019000869,KM,0.049,0.03266666666666666,0.3496666666666666,0.3006666666666667,1303.3880504542071,1274.5858596223911,1292.7441950621962
S0,450,0.0019000869,KM,0.0495,0.033,0.3498333333333334,0.30033333333333334,1303.4269071624178,1274.6705131192539,1292.9646449065856
S0,450,0.0019000869,KM,0.05,0.03333333333333333,0.35000000000000003,0.3,1303.4661384735564,1274.755949913061,1293.1730075976461
S0,450,0.0019000869,KM,0.0505,0.033666666666666664,0.3501666666666667,0.2996666666666667,1303.5057437668033,1274.8421674412973,1293.3956406462623
S0,450,0.0019000869,KM,0.051000000000000004,0.034,0.35033333333333333,0.29933333333333334,1303.5457224150641,1274.929163114123,1293.6052899008018
S0,450,0.0019000869,KM,0.051500000000000004,0.034333333333333334,0.35050000000000003,0.299,1303.5860737849825,1275.0169343146206,1293.8148007911925
S0,450,0.0019000869,KM,0.052000000000000005,0.034666666666666665,0.3506666666666667,0.2986666666666667,1303.6267972369646,1275.1054783990476,1294.0355052602388
S0,450,0.0019000869,KM,0.0525,0.034999999999999996,0.35083333333333333,0.29833333333333334,1303.667892125197,1275.1947926970934,1294.2381254158113
S0,450,0.0019000869,KM,0.053,0.03533333333333333,0.351,0.298,1303.7093577976684,1275.2848745121405,1294.4518435230445
S0,450,0.0019000869,KM,0.0535,0.035666666666666666,0.3511666666666667,0.2976666666666667,1303.751193596189,1275.375721121533,1294.665631128775
S0,450,0.0019000869,KM,0.054,0.036,0.35133333333333333,0.29733333333333334,1303.7933988564125,1275.4673297768431,1294.8671705685442
S0,450,0.0019000869,KM,0.0545,0.03633333333333333,0.3515,0.297,1303.8359729078581,1275.5596977041482,1295.0846216900293
S0,450,0.0019000869,KM,0.055,0.03666666666666667,0.3516666666666666,0.2966666666666667,1303.8789150739312,1275.6528221043097,1295.2892390557513
S0,450,0.0019000869,KM,0.0555,0.037,0.3518333333333334,0.29633333333333334,1303.922224671945,1275.7467001532564,1295.4937331645685
S0,450,0.0019000869,KM,0.056,0.03733333333333333,0.35200000000000004,0.296,1303.965901013144,1275.8413290022677,1295.7097562894826
S0,450,0.0019000869,KM,0.0565,0.03766666666666667,0.3521666666666667,0.2956666666666667,1304.0099434027254,1275.936705778269,1295.9073610591963
S0,450,0.0019000869,KM,0.057,0.038,0.35233333333333333,0.29533333333333334,1304.0543511398616,1276.0328275841243,1296.11676844178
S0,450,0.0019000869,KM,0.0575,0.03833333333333333,0.35250000000000004,0.295,1304.0991235177262,1276.1296914989334,1296.3263554312477
S0,450,0.0019000869,KM,0.058,0.03866666666666667,0.3526666666666667,0.2946666666666667,1304.1442598235142,1276.2272945783352,1296.5231545774045
S0,450,0.0019000869,KM,0.0585,0.039,0.35283333333333333,0.29433333333333334,1304.1897593384665,1276.3256338548106,1296.7363065721197
S0,450,0.0019000869,KM,0.059000000000000004,0.03933333333333333,0.353,0.294,1304.2356213378941,1276.4247063379935,1296.9362295917665
S0,450,0.0019000869,KM,0.059500000000000004,0.03966666666666667,0.3531666666666667,0.2936666666666667,1304.2818450912032,1276.5245090149808,1297.1360520767573
S0,450,0.0019000869,KM,0.06,0.039999999999999994,0.35333333333333333,0.29333333333333333,1304.3284298619183,1276.6250388506487,1297.3472281969455
S0,600,0.0019000869,KG,0.06,-0.039999999999999994,0.3133333333333333,0.3133333333333333,1297.1187950972228,1269.016442154622,1288.551177570666
S0,600,0.0019000869,KG,0.059500000000000004,-0.03966666666666667,0.3135,0.3135,1297.0698441232894,1268.9177472752658,1288.3876901797332
S0,600,0.0019000869,KG,0.059000000000000004,-0.03933333333333333,0.31366666666666665,0.31366666666666665,1297.0212717030504,1268.819764475638,1288.2009435279836
S0,600,0.0019000869,KG,0.0585,-0.039,0.31383333333333335,0.31383333333333335,1296.9730785763245,1268.7224961781453,1288.0115283231455
S0,600,0.0019000869,KG,0.058,-0.03866666666666667,0.314,0.314,1296.925265478322,1268.6259447958664,1287.8414601853658
S0,600,0.0019000869,KG,0.0575,-0.03833333333333333,0.31416666666666665,0.31416666666666665,1296.877833139611,1268.5301127324508,1287.6416308776388
S0,600,0.0019000869,KG,0.057,-0.038,0.3143333333333333,0.3143333333333333,1296.830782286086,1268.4350023820182,1287.461369375223
S0,600,0.0019000869,KG,0.0565,-0.03766666666666667,0.3145,0.3145,1296.7841136389325,1268.3406161290534,1287.2791314016126
S0,600,0.0019000869,KG,0.056,-0.03733333333333333,0.31466666666666665,0.31466666666666665,1296.7378279145958,1268.2469563483037,1287.0752554821179
S0,600,0.0019000869,KG,0.0555,-0.037,0.31483333333333335,0.31483333333333335,1296.6919258247476,1268.154025404675,1286.9003945628724
S0,600,0.0019000869,KG,0.055,-0.03666666666666667,0.315,0.315,1296.6464080762526,1268.0618256531257,1286.7039561637828
S0,600,0.0019000869,KG,0.0545,-0.03633333333333333,0.31516666666666665,0.31516666666666665,1296.6012753711373,1267.9703594385649,1286.5056900108386
S0,600,0.0019000869,KG,0.054,-0.036,0.3153333333333333,0.3153333333333333,1296.5565284065553,1267.879629095739,1286.326841881435
S0,600,0.0019000869,KG,0.0535,-0.035666666666666666,0.3155,0.3155,1296.5121678747548,1267.7896369491325,1286.1190209086326
S0,600,0.0019000869,KG,0.053,-0.03533333333333333,0.31566666666666665,0.31566666666666665,1296.4681944630504,1267.7003853128565,1285.9305614649068
S0,600,0.0019000869,KG,0.0525,-0.034999999999999996,0.31583333333333335,0.31583333333333335,1296.4246088537839,1267.6118764905418,1285.7401841707303
S0,600,0.0019000869,KG,0.052000000000000005,-0.034666666666666665,0.316,0.316,1296.3814117242973,1267.524112775228,1285.5286092782676
S0,600,0.0019000869,KG,0.051500000000000004,-0.034333333333333334,0.31616666666666665,0.31616666666666665,1296.3386037468988,1267.4370964492568,1285.3453750523267
S0,600,0.0019000869,KG,0.051000000000000004,-0.034,0.3163333333333333,0.3163333333333333,1296.296185588831,1267.3508297841615,1285.1410364135597
S0,600,0.0019000869,KG,0.0505,-0.033666666666666664,0.3165,0.3165,1296.2541579122387,1267.265315040552,1284.9348596284985
S0,600,0.0019000869,KG,0.05,-0.03333333333333333,0.31666666666666665,0.31666666666666665,1296.2125213741374,1267.1805544680083,1284.747495178615
S0,600,0.0019000869,KG,0.0495,-0.033,0.31683333333333336,0.31683333333333336,1296.171276626381,1267.0965503049642,1284.5318370874024
S0,600,0.0019000869,KG,0.049,-0.03266666666666666,0.317,0.317,1296.1304243156314,1267.0133047785976,1284.3348320528512
S0,600,0.0019000869,KG,0.0485,-0.03233333333333333,0.31716666666666665,0.31716666666666665,1296.0899650833267,1266.9308201047106,1284.1358657962971
S0,600,0.0019000869,KG,0.048,-0.032,0.3173333333333333,0.3173333333333333,1296.0498995656474,1266.8490984876225,1283.9162372147441
S0,600,0.0019000869,KG,0.0475,-0.03166666666666666,0.3175,0.3175,1296.0102283934884,1266.7681421200484,1283.7238516228451
S0,600,0.0019000869,KG,0.047,-0.03133333333333333,0.31766666666666665,0.31766666666666665,1295.970952192428,1266.687953182983,1283.5108241842975
S0,600,0.0019000869,KG,0.0465,-0.031,0.31783333333333336,0.31783333333333336,1295.9320715826925,1266.608533845589,1283.295804385558
S0,600,0.0019000869,KG,0.046,-0.030666666666666665,0.318,0.318,1295.8935871791316,1266.529886265071,1283.0985669801855
S0,600,0.0019000869,KG,0.0455,-0.03033333333333333,0.31816666666666665,0.31816666666666665,1295.8554995911807,1266.452012586563,1282.8737702524727
S0,600,0.0019000869,KG,0.045,-0.03,0.3183333333333333,0.3183333333333333,1295.8178094228383,1266.374914943006,1282.6663375130095
S0,600,0.0019000869,KG,0.0445,-0.029666666666666664,0.3185,0.3185,1295.7805172726275,1266.2985954550286,1282.4561537676802
S0,600,0.0019000869,KG,0.044,-0.02933333333333333,0.31866666666666665,0.31866666666666665,1295.7436237335708,1266.2230562308255,1282.2249174971807
S0,600,0.0019000869,KG,0.043500000000000004,-0.029,0.31883333333333336,0.31883333333333336,1295.7071293931583,1266.1482993660338,1282.017614252595
S0,600,0.0019000869,KG,0.043000000000000003,-0.028666666666666667,0.319,0.319,1295.6710348333174,1266.0743269436114,1281.7873124540222
S0,600,0.0019000869,KG,0.0425,-0.028333333333333335,0.31916666666666665,0.31916666666666665,1295.6353406303829,1266.0011410337138,1281.5508083204681
S0,600,0.0019000869,KG,0.042,-0.028,0.3193333333333333,0.3193333333333333,1295.6000473550678,1265.928743693568,1281.3304195779117
S0,600,0.0019000869,KG,0.0415,-0.027666666666666666,0.3195,0.3195,1295.5651555724323,1265.8571369673468,1281.0957563141692
S0,600,0.0019000869,KG,0.041,-0.027333333333333334,0.31966666666666665,0.31966666666666665,1295.5306658418567,1265.786322886042,1280.8924540301537
S0,600,0.0019000869,KG,0.0405,-0.027,0.31983333333333336,0.31983333333333336,1295.496578717008,1265.7163034673395,1280.6888641772523
S0,600,0.0019000869,KG,0.04,-0.026666666666666665,0.32,0.32,1295.4628947458148,1265.6470807154867,1280.4623226332567
S0,600,0.0019000869,KG,0.0395,-0.026333333333333334,0.32016666666666665,0.32016666666666665,1295.4296144704363,1265.578656621167,1280.2562269813895
S0,600,0.0019000869,KG,0.039,-0.026,0.3203333333333333,0.3203333333333333,1295.3967384272332,1265.5110331613673,1280.0291669353105
S0,600,0.0019000869,KG,0.0385,-0.025666666666666664,0.3205,0.3205,1295.3642671467392,1265.4442122992477,1279.7988306762616
S0,600,0.0019000869,KG,0.038,-0.025333333333333333,0.32066666666666666,0.32066666666666666,1295.332201153632,1265.3781959840092,1279.583140405453
S0,600,0.0019000869,KG,0.0375,-0.024999999999999998,0.32083333333333336,0.32083333333333336,1295.3005409667055,1265.31298615076,1279.3426737068683
S0,600,0.0019000869,KG,0.037,-0.024666666666666663,0.321,0.321,1295.2692870988412,1265.248584720384,1279.1170971453519
S0,600,0.0019000869,KG,0.0365,-0.024333333333333332,0.32116666666666666,0.32116666666666666,1295.23844005698,1265.1849935994026,1278.8891139430732
S0,600,0.0019000869,KG,0.036000000000000004,-0.024,0.3213333333333333,0.3213333333333333,1295.2080003420938,1265.1222146798405,1278.643664667955
S0,600,0.0019000869,KG,0.035500000000000004,-0.02366666666666667,0.3215,0.3215,1295.177968449158,1265.060249839089,1278.4199244793335
S0,600,0.0019000869,KG,0.035,-0.023333333333333334,0.32166666666666666,0.32166666666666666,1295.1483448671243,1264.9991009397675,1278.1788994193068
S0,600,0.0019000869,KG,0.0345,-0.023,0.32183333333333336,0.32183333333333336,1295.1191300788926,1264.938769829586,1277.9358744749109
S0,600,0.0019000869,KG,0.034,-0.02266666666666667,0.322,0.322,1295.0903245612835,1264.879258341203,1277.70652725715
S0,600,0.0019000869,KG,0.0335,-0.022333333333333334,0.32216666666666666,0.32216666666666666,1295.0619287850113,1264.8205682920882,1277.45523932002
S0,600,0.0019000869,KG,0.033,-0.022,0.3223333333333333,0.3223333333333333,1295.033943214658,1264.7627014843767,1277.2172006791545
S0,600,0.0019000869,KG,0.0325,-0.021666666666666667,0.3225,0.3225,1295.0063683086457,1264.705659704731,1276.976916003195
S0,600,0.0019000869,KG,0.032,-0.021333333333333333,0.32266666666666666,0.32266666666666666,1294.9792045192078,1264.6494447241919,1276.7212046502054
S0,600,0.0019000869,KG,0.0315,-0.020999999999999998,0.32283333333333336,0.32283333333333336,1294.9524522923675,1264.5940582980402,1276.4841920830074
S0,600,0.0019000869,KG,0.031,-0.020666666666666667,0.323,0.323,1294.9261120679075,1264.5395021656448,1276.2320517846358
S0,600,0.0019000869,KG,0.0305,-0.02033333333333333,0.32316666666666666,0.32316666666666666,1294.9001842793446,1264.4857780503223,1275.9780919573345
S0,600,0.0019000869,KG,0.03,-0.019999999999999997,0.3233333333333333,0.3233333333333333,1294.8746693539047,1264.432887659183,1275.7353024420242
S0,600,0.0019000869,KG,0.029500000000000002,-0.019666666666666666,0.3235,0.3235,1294.849567712498,1264.3808326829878,1275.4738134118802
S0,600,0.0019000869,KG,0.029,-0.019333333333333334,0.32366666666666666,0.32366666666666666,1294.8248797696901,1264.329614795997,1275.2232025913017
S0,600,0.0019000869,KG,0.0285,-0.019,0.32383333333333336,0.32383333333333336,1294.8006059336803,1264.2792356558186,1274.9703475480735
S0,600,0.0019000869,KG,0.028,-0.018666666666666665,0.324,0.324,1294.7767466062746,1264.2296969032589,1274.7048160287898
S0,600,0.0019000869,KG,0.0275,-0.018333333333333333,0.32416666666666666,0.32416666666666666,1294.7533021828617,1264.1810001621666,1274.453613465261
S0,600,0.0019000869,KG,0.027,-0.018,0.3243333333333333,0.3243333333333333,1294.7302730523872,1264.1331470392854,1274.1902871175757
S0,600,0.0019000869,KG,0.0265,-0.017666666666666664,0.3245,0.3245,1294.7076595973294,1264.0861391240949,1273.9254298039846
S0,600,0.0019000869,KG,0.026000000000000002,-0.017333333333333333,0.32466666666666666,0.32466666666666666,1294.6854621936761,1264.0399779886563,1273.6682729608638
S0,600,0.0019000869,KG,0.025500000000000002,-0.017,0.32483333333333336,0.32483333333333336,1294.6636812108986,1263.9946651874577,1273.3973234114476
S0,600,0.0019000869,KG,0.025,-0.016666666666666666,0.325,0.325,1294.6423170119301,1263.9502022572567,1273.1335523396551
S0,600,0.0019000869,KG,0.0245,-0.01633333333333333,0.32516666666666666,0.32516666666666666,1294.6213699531404,1263.9065907169204,1272.8675087712431
S0,600,0.0019000869,KG,0.024,-0.016,0.3253333333333333,0.3253333333333333,1294.6008403843111,1263.8638320672696,1272.5928022363978
S0,600,0.0019000869,KG,0.0235,-0.015666666666666666,0.3255,0.3255,1294.5807286486167,1263.8219277909172,1272.3262303879965
S0,600,0.0019000869,KG,0.023,-0.015333333333333332,0.32566666666666666,0.32566666666666666,1294.5610350825973,1263.7808793521074,1272.0514583560885
S0,600,0.0019000869,KG,0.0225,-0.015,0.32583333333333336,0.32583333333333336,1294.5417600161377,1263.740688196555,1271.7748414128891
S0,600,0.0019000869,KG,0.022,-0.014666666666666665,0.326,0.326,1294.5229037724448,1263.7013557512835,1271.5005593476983
S0,600,0.0019000869,KG,0.021500000000000002,-0.014333333333333333,0.32616666666666666,0.32616666666666666,1294.5044666680235,1263.6628834244596,1271.2193386275565
S0,600,0.0019000869,KG,0.021,-0.014,0.3263333333333333,0.3263333333333333,1294.4864490126577,1263.6252726052314,1270.94214179754
S0,600,0.0019000869,KG,0.0205,-0.013666666666666667,0.3265,0.3265,1294.4688511093855,1263.5885246635637,1270.66757007272
S0,600,0.0019000869,KG,0.02,-0.013333333333333332,0.32666666666666666,0.32666666666666666,1294.4516732544794,1263.552640950069,1270.3940011961681
S0,600,0.0019000869,KG,0.0195,-0.013,0.32683333333333336,0.32683333333333336,1294.434915737423,1263.5176227958464,1270.1209972270306
S0,600,0.0019000869,KG,0.019,-0.012666666666666666,0.327,0.327,1294.4185788408915,1263.4834715123088,1269.8462777431519
S0,600,0.0019000869,KG,0.0185,-0.012333333333333332,0.32716666666666666,0.32716666666666666,1294.4026628407303,1263.450188391019,1269.5708501520187
S0,600,0.0019000869,KG,0.018000000000000002,-0.012,0.3273333333333333,0.3273333333333333,1294.3871680059328,1263.4177747035194,1269.2922454751558
S0,600,0.0019000869,KG,0.0175,-0.011666666666666667,0.3275,0.3275,1294.3720945986224,1263.3862317011622,1269.0172045827562
S0,600,0.0019000869,KG,0.017,-0.011333333333333334,0.32766666666666666,0.32766666666666666,1294.3574428740299,1263.3555606149403,1268.7383791368818
S0,600,0.0019000869,KG,0.0165,-0.011,0.32783333333333337,0.32783333333333337,1294.343213080474,1263.325762655316,1268.459418209359
S0,600,0.0019000869,KG,0.016,-0.010666666666666666,0.328,0.328,1294.3294054593434,1263.296839012051,1268.187925206664
S0,600,0.0019000869,KG,0.0155,-0.010333333333333333,0.32816666666666666,0.32816666666666666,1294.316020245075,1263.2687908540308,1267.906623591036
S0,600,0.0019000869,KG,0.015,-0.009999999999999998,0.3283333333333333,0.3283333333333333,1294.3030576651345,1263.241619329097,1267.6341777566695
S0,600,0.0019000869,KG,0.0145,-0.009666666666666667,0.3285,0.3285,1294.2905179399995,1263.21532556387,1267.3645850484022
S0,600,0.0019000869,KG,0.014,-0.009333333333333332,0.32866666666666666,0.32866666666666666,1294.2784012831394,1263.189910663579,1267.0859438231444
S0,600,0.0019000869,KG,0.0135,-0.009,0.32883333333333337,0.32883333333333337,1294.2667079009957,1263.1653757118843,1266.8256126261692
S0,600,0.0019000869,KG,0.013000000000000001,-0.008666666666666666,0.329,0.329,1294.255437992966,1263.141721770706,1266.5555373389755
S0,600,0.0019000869,KG,0.0125,-0.008333333333333333,0.32916666666666666,0.32916666666666666,1294.2445917513849,1263.118949880047,1266.2886006397227
S0,600,0.0019000869,KG,0.012,-0.008,0.3293333333333333,0.3293333333333333,1294.2341693615065,1263.0970610578177,1266.0409730946267
S0,600,0.0019000869,KG,0.0115,-0.007666666666666666,0.3295,0.3295,1294.224171001486,1263.0760562996613,1265.7737379997698
S0,600,0.0019000869,KG,0.011,-0.007333333333333332,0.32966666666666666,0.32966666666666666,1294.2145968423629,1263.0559365787774,1265.5276770027326
S0,600,0.0019000869,KG,0.0105,-0.007,0.32983333333333337,0.32983333333333337,1294.205447048045,1263.0367028457454,1265.2883394367373
S0,600,0.0019000869,KG,0.01,-0.006666666666666666,0.33,0.33,1294.196721775291,1263.018356028346,1265.035328041964
S0,600,0.0019000869,KG,0.0095,-0.006333333333333333,0.33016666666666666,0.33016666666666666,1294.188421173695,1263.0008970313895,1264.815401040321
S0,600,0.0019000869,KG,0.009000000000000001,-0.006,0.3303333333333333,0.3303333333333333,1294.1805453856673,1262.9843267365336,1264.5821281159529
S0,600,0.0019000869,KG,0.0085,-0.005666666666666667,0.3305,0.3305,1294.173094546422,1262.9686460021082,1264.3569824620936
S0,600,0.0019000869,KG,0.008,-0.005333333333333333,0.33066666666666666,0.33066666666666666,1294.1660687839606,1262.9538556629393,1264.1610864739898
S0,600,0.0019000869,KG,0.0075,-0.004999999999999999,0.33083333333333337,0.33083333333333337,1294.1594682190555,1262.93995653017,1263.9423681006474
S0,600,0.0019000869,KG,0.007,-0.004666666666666666,0.331,0.331,1294.153292965236,1262.926949391086,1263.7542190987417
S0,600,0.0019000869,KG,0.006500000000000001,-0.004333333333333333,0.33116666666666666,0.33116666666666666,1294.1475431287733,1262.914835008934,1263.576652500775
S0,600,0.0019000869,KG,0.006,-0.004,0.3313333333333333,0.3313333333333333,1294.1422188086651,1262.9036141227489,1263.38832131304
S0,600,0.0019000869,KG,0.0055,-0.003666666666666666,0.3315,0.3315,1294.1373200966236,1262.8932874471745,1263.2388970797836
S0,600,0.0019000869,KG,0.005,-0.003333333333333333,0.33166666666666667,0.33166666666666667,1294.1328470770604,1262.883855672289,1263.0806531208361
S0,600,0.0019000869,KG,0.0045000000000000005,-0.003,0.33183333333333337,0.33183333333333337,1294.1287998270716,1262.875319463426,1262.9357068387485
S0,600,0.0019000869,KG,0.004,-0.0026666666666666666,0.332,0.332,1294.1251784164263,1262.8676794609999,1262.8201062380324
S0,600,0.0019000869,KG,0.0035,-0.002333333333333333,0.33216666666666667,0.33216666666666667,1294.1219829075535,1262.860936280329,1262.692873046791
S0,600,0.0019000869,KG,0.003,-0.002,0.3323333333333333,0.3323333333333333,1294.1192133555287,1262.8550905114637,1262.5938573511073
S0,600,0.0019000869,KG,0.0025,-0.0016666666666666666,0.3325,0.3325,1294.116869808062,1262.8501427190067,1262.507177278167
S0,600,0.0019000869,KG,0.002,-0.0013333333333333333,0.33266666666666667,0.33266666666666667,1294.1149523054846,1262.8460934419415,1262.4227057914595
S0,600,0.0019000869,KG,0.0015,-0.001,0.33283333333333337,0.33283333333333337,1294.113460880739,1262.8429431934585,1262.364063191614
S0,600,0.0019000869,KG,0.001,-0.0006666666666666666,0.333,0.333,1294.1123955593673,1262.8406924607823,1262.3099553724524
S0,600,0.0019000869,KG,0.0005,-0.0003333333333333333,0.33316666666666667,0.33316666666666667,1294.1117563594978,1262.839341704998,1262.2698431430315
S0,600,0.0019000869,K,0.0,0.0,0.3333333333333333,0.3333333333333333,1294.1115432918361,1262.8388913608815,1262.2523857652372
S0,600,0.0019000869,KM,0.0005,0.0003333333333333333,0.33349999999999996,0.333,1294.1117563592163,1262.8393418366709,1262.2720770199344
S0,600,0.0019000869,KM,0.001,0.0006666666666666666,0.3336666666666666,0.33266666666666667,1294.1123955579465,1262.8406935141354,1262.3107478713657
S0,600,0.0019000869,KM,0.0015,0.001,0.33383333333333337,0.3323333333333333,1294.1134608764,1262.8429467481005,1262.3618531907546
S0,600,0.0019000869,KM,0.002,0.0013333333333333333,0.334,0.332,1294.1149522954872,1262.8461018664027,1262.429551009585
S0,600,0.0019000869,KM,0.0025,0.0016666666666666666,0.33416666666666667,0.33166666666666667,1294.1168697886453,1262.850159169726,1262.5036388858528
S0,600,0.0019000869,KM,0.003,0.002,0.3343333333333333,0.3313333333333333,1294.1192133218285,1262.855118931435,1262.5961576512154
S0,600,0.0019000869,KM,0.0035,0.002333333333333333,0.3345,0.331,1294.121982853502,1262.8609813974106,1262.7017838416614
S0,600,0.0019000869,KM,0.004,0.0026666666666666666,0.33466666666666667,0.33066666666666666,1294.1251783346302,1262.867746785887,1262.8120879109454
S0,600,0.0019000869,KM,0.0045000000000000005,0.003,0.3348333333333333,0.3303333333333333,1294.1287997086702,1262.875415287293,1262.9470924946677
S0,600,0.0019000869,KM,0.005,0.003333333333333333,0.33499999999999996,0.33,1294.1328469115654,1262.8839870640873,1263.0858113461836
S0,600,0.0019000869,KM,0.0055,0.003666666666666666,0.33516666666666667,0.32966666666666666,1294.1373198717351,1262.8934622506022,1263.2362502842252
S0,600,0.0019000869,KM,0.006,0.004,0.3353333333333333,0.3293333333333333,1294.1422185100705,1262.9038409528894,1263.4087863573527
S0,600,0.0019000869,KM,0.006500000000000001,0.004333333333333333,0.33549999999999996,0.329,1294.147542739925,1262.9151232485606,1263.5784681868488
S0,600,0.0019000869,KM,0.007,0.004666666666666666,0.3356666666666666,0.32866666666666666,1294.153292467111,1262.9273091866378,1263.7696388439936
S0,600,0.0019000869,KM,0.0075,0.004999999999999999,0.3358333333333334,0.3283333333333333,1294.1594675898893,1262.9403987873982,1263.9703649692904
S0,600,0.0019000869,KM,0.008,0.005333333333333333,0.336,0.328,1294.1660679989695,1262.9543920422286,1264.1695078085795
S0,600,0.0019000869,KM,0.0085,0.005666666666666667,0.33616666666666667,0.32766666666666666,1294.173093577497,1262.9692889134749,1264.3936264681743
S0,600,0.0019000869,KM,0.009000000000000001,0.006,0.3363333333333333,0.3273333333333333,1294.180544201055,1262.9850893342975,1264.615361924779
S0,600,0.0019000869,KM,0.0095,0.006333333333333333,0.3365,0.327,1294.1884197376555,1263.0017932085282,1264.844256613
S0,600,0.0019000869,KM,0.01,0.006666666666666666,0.33666666666666667,0.32666666666666666,1294.1967200477352,1263.0194004105306,1265.0909094480478
S0,600,0.0019000869,KM,0.0105,0.007,0.3368333333333333,0.3263333333333333,1294.2054449841532,1263.0379107850576,1265.330551930655
S0,600,0.0019000869,KM,0.011,0.007333333333333332,0.33699999999999997,0.326,1294.2145943921857,1263.057324147119,1265.586198043619
S0,600,0.0019000869,KM,0.0115,0.007666666666666666,0.33716666666666667,0.32566666666666666,1294.2241681095225,1263.077640281847,1265.8464936295932
S0,600,0.0019000869,KM,0.012,0.008,0.3373333333333333,0.3253333333333333,1294.2341659662643,1263.0988589443627,1266.1032639109608
S0,600,0.0019000869,KM,0.0125,0.008333333333333333,0.33749999999999997,0.325,1294.2445877849204,1263.12097985965,1266.376417714907
S0,600,0.0019000869,KM,0.013000000000000001,0.008666666666666666,0.3376666666666666,0.32466666666666666,1294.2554333804062,1263.1440027224273,1266.6457464262983
S0,600,0.0019000869,KM,0.0135,0.009,0.3378333333333334,0.3243333333333333,1294.2667025600392,1263.167927197029,1266.9185045174822
S0,600,0.0019000869,KM,0.014,0.009333333333333332,0.338,0.324,1294.2783951235403,1263.1927529172806,1267.20088696604
S0,600,0.0019000869,KM,0.0145,0.009666666666666667,0.33816666666666667,0.32366666666666666,1294.2905108630298,1263.2184794863838,1267.4778549030505
S0,600,0.0019000869,KM,0.015,0.009999999999999998,0.3383333333333333,0.3233333333333333,1294.303049563028,1263.2451064768038,1267.7629811376712
S0,600,0.0019000869,KM,0.0155,0.010333333333333333,0.3385,0.323,1294.3160110004537,1263.2726334301549,1268.0494788242488
S0,600,0.0019000869,KM,0.016,0.010666666666666666,0.33866666666666667,0.32266666666666666,1294.3293949446233,1263.3010598570966,1268.332917590474
S0,600,0.0019000869,KM,0.0165,0.011,0.3388333333333333,0.3223333333333333,1294.3432011572536,1263.330385237227,1268.623207270176
S0,600,0.0019000869,KM,0.017,0.011333333333333334,0.33899999999999997,0.322,1294.3574293924569,1263.3606090189828,1268.9109413279982
S0,600,0.0019000869,KM,0.0175,0.011666666666666667,0.33916666666666667,0.32166666666666666,1294.372079396747,1263.3917306195426,1269.1996595337896
S0,600,0.0019000869,KM,0.018000000000000002,0.012,0.3393333333333333,0.3213333333333333,1294.387150909038,1263.4237494247318,1269.491018707167
S0,600,0.0019000869,KM,0.0185,0.012333333333333332,0.33949999999999997,0.321,1294.4026436606441,1263.456664788933,1269.780198509354
S0,600,0.0019000869,KM,0.019,0.012666666666666666,0.3396666666666666,0.32066666666666666,1294.4185573752852,1263.4904760349998,1270.0707696882664
S0,600,0.0019000869,KM,0.0195,0.013,0.3398333333333334,0.3203333333333333,1294.4348917690836,1263.5251824541735,1270.361174488904
S0,600,0.0019000869,KM,0.02,0.013333333333333332,0.34,0.32,1294.4516465505726,1263.5607833060067,1270.6508603734576
S0,600,0.0019000869,KM,0.0205,0.013666666666666667,0.3401666666666667,0.31966666666666665,1294.4688214206944,1263.5972778182838,1270.9392472809727
S0,600,0.0019000869,KM,0.021,0.014,0.3403333333333333,0.3193333333333333,1294.4864160728066,1263.6346651869555,1271.2282535080542
S0,600,0.0019000869,KM,0.021500000000000002,0.014333333333333333,0.3405,0.319,1294.5044301926814,1263.6729445760698,1271.5170738598451
S0,600,0.0019000869,KM,0.022,0.014666666666666665,0.3406666666666667,0.31866666666666665,1294.5228634585148,1263.712115117709,1271.8032648364542
S0,600,0.0019000869,KM,0.0225,0.015,0.3408333333333333,0.3183333333333333,1294.5417155409264,1263.7521759119325,1272.0912567159046
S0,600,0.0019000869,KM,0.023,0.015333333333333332,0.34099999999999997,0.318,1294.560986102968,1263.7931260267244,1272.375715103207
S0,600,0.0019000869,KM,0.0235,0.015666666666666666,0.3411666666666667,0.31766666666666665,1294.5806748001228,1263.8349644979412,1272.659441503145
S0,600,0.0019000869,KM,0.024,0.016,0.3413333333333333,0.3173333333333333,1294.6007812803177,1263.8776903292678,1272.9455435835653
S0,600,0.0019000869,KM,0.0245,0.01633333333333333,0.34149999999999997,0.317,1294.6213051839215,1263.9213024921812,1273.2250805096087
S0,600,0.0019000869,KM,0.025,0.016666666666666666,0.3416666666666666,0.31666666666666665,1294.6422461437587,1263.9657999259077,1273.5069111264481
S0,600,0.0019000869,KM,0.025500000000000002,0.017,0.3418333333333334,0.3163333333333333,1294.6636037851085,1264.011181537399,1273.7874594187397
S0,600,0.0019000869,KM,0.026000000000000002,0.017333333333333333,0.342,0.316,1294.685377725717,1264.0574462013005,1274.0622793364
S0,600,0.0019000869,KM,0.0265,0.017666666666666664,0.3421666666666667,0.31566666666666665,1294.7075675757999,1264.104592759933,1274.342734252033
S0,600,0.0019000869,KM,0.027,0.018,0.3423333333333333,0.3153333333333333,1294.7301729380542,1264.1526200232756,1274.6170931467568
S0,600,0.0019000869,KM,0.0275,0.018333333333333333,0.3425,0.315,1294.7531934076615,1264.2015267689535,1274.8901626901086
S0,600,0.0019000869,KM,0.028,0.018666666666666665,0.3426666666666667,0.31466666666666665,1294.7766285723008,1264.251311742233,1275.167616909612
S0,600,0.0019000869,KM,0.0285,0.019,0.3428333333333333,0.3143333333333333,1294.8004780121526,1264.3019736560177,1275.4348621643355
S0,600,0.0019000869,KM,0.029,0.019333333333333334,0.34299999999999997,0.314,1294.824741299909,1264.3535111908534,1275.7063565297485
S0,600,0.0019000869,KM,0.029500000000000002,0.019666666666666666,0.3431666666666667,0.31366666666666665,1294.8494180007867,1264.4059229949376,1275.9770113951063
S0,600,0.0019000869,KM,0.03,0.019999999999999997,0.3433333333333333,0.3133333333333333,1294.8745076725302,1264.4592076841325,1276.2398835466513
S0,600,0.0019000869,KM,0.0305,0.02033333333333333,0.34349999999999997,0.313,1294.9000098654262,1264.5133638419834,1276.5106835401216
S0,600,0.0019000869,KM,0.031,0.020666666666666667,0.3436666666666666,0.31266666666666665,1294.9259241223112,1264.5683900197462,1276.7729960456459
S0,600,0.0019000869,KM,0.0315,0.020999999999999998,0.3438333333333334,0.31233333333333335,1294.9522499785849,1264.6242847364142,1277.0339852119716
S0,600,0.0019000869,KM,0.032,0.021333333333333333,0.34400000000000003,0.312,1294.9789869622189,1264.6810464787538,1277.30103989081
S0,600,0.0019000869,KM,0.0325,0.021666666666666667,0.3441666666666667,0.3116666666666667,1295.0061345937686,1264.7386737013485,1277.555789823114
S0,600,0.0019000869,KM,0.033,0.022,0.3443333333333333,0.3113333333333333,1295.0336923863836,1264.79716482664,1277.8167695228174
S0,600,0.0019000869,KM,0.0335,0.022333333333333334,0.34450000000000003,0.311,1295.061659845823,1264.8565182449845,1278.0764978063914
S0,600,0.0019000869,KM,0.034,0.02266666666666667,0.3446666666666667,0.31066666666666665,1295.0900364704644,1264.916732314707,1278.3264129229576
S0,600,0.0019000869,KM,0.0345,0.023,0.3448333333333333,0.31033333333333335,1295.118821751319,1264.9778053621656,1278.586322959729
S0,600,0.0019000869,KM,0.035,0.023333333333333334,0.345,0.31,1295.1480151720418,1265.0397356818185,1278.8368680220806
S0,600,0.0019000869,KM,0.035500000000000004,0.02366666666666667,0.3451666666666667,0.3096666666666667,1295.1776162089488,1265.1025215362986,1279.086822459508
S0,600,0.0019000869,KM,0.036000000000000004,0.024,0.3453333333333333,0.3093333333333333,1295.2076243310266,1265.1661611564948,1279.3439129023964
S0,600,0.0019000869,KM,0.0365,0.024333333333333332,0.3455,0.309,1295.23803899995,1265.2306527416335,1279.5862788359398
S0,600,0.0019000869,KM,0.037,0.024666666666666663,0.3456666666666666,0.3086666666666667,1295.268859670095,1265.295994459373,1279.8358951182433
S0,600,0.0019000869,KM,0.0375,0.024999999999999998,0.3458333333333334,0.30833333333333335,1295.3000857885525,1265.362184445898,1280.0843813830882
S0,600,0.0019000869,KM,0.038,0.025333333333333333,0.34600000000000003,0.308,1295.3317167951454,1265.4292208060224,1280.3221526539512
S0,600,0.0019000869,KM,0.0385,0.025666666666666664,0.3461666666666667,0.3076666666666667,1295.363752122443,1265.4971016132972,1280.5719059062667
S0,600,0.0019000869,KM,0.039,0.026,0.3463333333333333,0.30733333333333335,1295.3961911957772,1265.565824910123,1280.8114192136334
S0,600,0.0019000869,KM,0.0395,0.026333333333333334,0.34650000000000003,0.307,1295.429033433257,1265.6353887078712,1281.0494464764017
S0,600,0.0019000869,KM,0.04,0.026666666666666665,0.3466666666666667,0.3066666666666667,1295.462278245789,1265.7057909870084,1281.2950417859145
S0,600,0.0019000869,KM,0.0405,0.027,0.3468333333333333,0.30633333333333335,1295.4959250370896,1265.7770296972237,1281.5243246989016
S0,600,0.0019000869,KM,0.041,0.027333333333333334,0.347,0.306,1295.5299732037051,1265.8491027575706,1281.7624369129949
S0,600,0.0019000869,KM,0.0415,0.027666666666666666,0.3471666666666667,0.3056666666666667,1295.5644221350283,1265.9220080566029,1282.0010914301977
S0,600,0.0019000869,KM,0.042,0.028,0.3473333333333333,0.30533333333333335,1295.5992712133157,1265.9957434525272,1282.2296660799188
S0,600,0.0019000869,KM,0.0425,0.028333333333333335,0.3475,0.305,1295.634519813707,1266.070306773353,1282.4721795320318
S0,600,0.0019000869,KM,0.043000000000000003,0.028666666666666667,0.3476666666666666,0.3046666666666667,1295.6701673042433,1266.145695817051,1282.7038977963134
S0,600,0.0019000869,KM,0.043500000000000004,0.029,0.3478333333333334,0.30433333333333334,1295.7062130458849,1266.2219083517195,1282.9346019067905
S0,600,0.0019000869,KM,0.044,0.02933333333333333,0.34800000000000003,0.304,1295.742656392532,1266.298942115751,1283.1743488510047
S0,600,0.0019000869,KM,0.0445,0.029666666666666664,0.3481666666666667,0.3036666666666667,1295.7794966910421,1266.3767948180118,1283.3972353666531
S0,600,0.0019000869,KM,0.045,0.03,0.34833333333333333,0.30333333333333334,1295.8167332812525,1266.4554641380178,1283.6293000772007
S0,600,0.0019000869,KM,0.0455,0.03033333333333333,0.34850000000000003,0.303,1295.8543654959976,1266.5349477261227,1283.860781530829
S0,600,0.0019000869,KM,0.046,0.030666666666666665,0.3486666666666667,0.3026666666666667,1295.8923926611335,1266.6152432037113,1284.0806481437555
S0,600,0.0019000869,KM,0.0465,0.031,0.34883333333333333,0.30233333333333334,1295.9308140955527,1266.6963481633918,1284.3144528145913
S0,600,0.0019000869,KM,0.047,0.03133333333333333,0.349,0.302,1295.9696291112111,1266.7782601692006,1284.5359976182506
S0,600,0.0019000869,KM,0.0475,0.03166666666666666,0.3491666666666667,0.3016666666666667,1296.0088370131457,1266.860976756811,1284.756825463718
S0,600,0.0019000869,KM,0.048,0.032,0.34933333333333333,0.30133333333333334,1296.0484370994984,1266.9444954337403,1284.9876925903668
S0,600,0.0019000869,KM,0.0485,0.03233333333333333,0.3495,0.301,1296.088428661537,1267.0288136795741,1285.2011120713632
S0,600,0.0019000869,KM,0.049,0.03266666666666666,0.3496666666666666,0.3006666666666667,1296.1288109836785,1267.1139289461828,1285.424847457894
S0,600,0.0019000869,KM,0.0495,0.033,0.3498333333333334,0.30033333333333334,1296.169583343509,1267.1998386579523,1285.648264280831
S0,600,0.0019000869,KM,0.05,0.03333333333333333,0.35000000000000003,0.3,1296.210745011812,1267.2865402120153,1285.8595370086332
S0,600,0.0019000869,KM,0.0505,0.033666666666666664,0.3501666666666667,0.2996666666666667,1296.2522952525862,1267.3740309784898,1286.0851729793426
S0,600,0.0019000869,KM,0.051000000000000004,0.034,0.35033333333333333,0.29933333333333334,1296.2942333230721,1267.462308300719,1286.2977629535774
S0,600,0.0019000869,KM,0.051500000000000004,0.034333333333333334,0.35050000000000003,0.299,1296.3365584737762,1267.551369495519,1286.5102253055904
S0,600,0.0019000869,KM,0.052000000000000005,0.034666666666666665,0.3506666666666667,0.2986666666666667,1296.3792699484927,1267.6412118534327,1286.733956166544
S0,600,0.0019000869,KM,0.0525,0.034999999999999996,0.35083333333333333,0.29833333333333334,1296.4223669843311,1267.7318326389789,1286.9395113753155
S0,600,0.0019000869,KM,0.053,0.03533333333333333,0.351,0.298,1296.4658488117382,1267.8232290909218,1287.1562386618564
S0,600,0.0019000869,KM,0.0535,0.035666666666666666,0.3511666666666667,0.2976666666666667,1296.5097146545247,1267.9153984225277,1287.3730468734145
S0,600,0.0019000869,KM,0.054,0.036,0.35133333333333333,0.29733333333333334,1296.5539637298918,1268.0083378218374,1287.5775484910905
S0,600,0.0019000869,KM,0.0545,0.03633333333333333,0.3515,0.297,1296.5985952484539,1268.1020444519418,1287.7980626983756
S0,600,0.0019000869,KM,0.055,0.03666666666666667,0.3516666666666666,0.2966666666666667,1296.643608414266,1268.1965154512523,1288.005681230026
S0,600,0.0019000869,KM,0.0555,0.037,0.3518333333333334,0.29633333333333334,1296.6890024248517,1268.29174793379,1288.21318642715
S0,600,0.0019000869,KM,0.056,0.03733333333333333,0.35200000000000004,0.296,1296.7347764712263,1268.3877389894647,1288.4322962610845
S0,600,0.0019000869,KM,0.0565,0.03766666666666667,0.3521666666666667,0.2956666666666667,1296.780929737926,1268.4844856843677,1288.6328940727033
S0,600,0.0019000869,KM,0.057,0.038,0.35233333333333333,0.29533333333333334,1296.8274614030345,1268.5819850610621,1288.8453713918507
S0,600,0.0019000869,KM,0.0575,0.03833333333333333,0.35250000000000004,0.295,1296.8743706382113,1268.680234138881,1289.0580394397368
S0,600,0.0019000869,KM,0.058,0.03866666666666667,0.3526666666666667,0.2946666666666667,1296.921656608715,1268.7792299142247,1289.2578575697787
S0,600,0.0019000869,KM,0.0585,0.039,0.35283333333333333,0.29433333333333334,1296.9693184734383,1268.8789693608685,1289.4741305975983
S0,600,0.0019000869,KM,0.059000000000000004,0.03933333333333333,0.353,0.294,1297.01735538493,1268.979449430263,1289.6771099119278
S0,600,0.0019000869,KM,0.059500000000000004,0.03966666666666667,0.3531666666666667,0.2936666666666667,1297.0657664894259,1269.080667051848,1289.8799978143556
S0,600,0.0019000869,KM,0.06,0.039999999999999994,0.35333333333333333,0.29333333333333333,1297.1145509268774,1269.1826191333653,1290.0943127502244
