sscha_index,atom_index,local_knn_score,local_knn_percentile,nearest_corrected_config,nearest_corrected_atom,force_error_norm_meV_A,force_error_x_meV_A,force_error_y_meV_A,force_error_z_meV_A,nearest_distance_A,second_distance_A,third_distance_A
94,0,1.8905087078386622,44.35648148148148,80,50,48.80019482206763,-29.6940479359436,28.232531464996324,-26.507483828678133,1.3910826091423445,1.4226454570369447,1.4972993441168152
94,1,3.217698722788777,97.43055555555556,133,11,92.87427443373612,-39.991250731201134,-79.33017814636223,-27.074961713981605,1.3733004800723627,1.4205248973080284,1.5862276990373492
94,2,1.972246445643887,51.77314814814815,214,13,30.092048871328913,-1.5360868130493421,18.537378412628147,-23.654543837585447,1.402797054080899,1.4299303839246404,1.5110807960941954
94,3,1.889512257723012,44.254629629629626,234,18,29.92750674638859,-22.410195652160624,-16.67367767776489,10.743708092880249,1.4030662531953084,1.4729952382035687,1.5037165072873289
94,4,1.7487699490961315,30.055555555555557,28,14,28.162157358397728,28.04745999664307,-2.510584159088114,-0.379554997329723,1.4024234838904601,1.4124189370887088,1.4282564842932257
94,5,1.487762964985459,7.4907407407407405,58,10,15.392492054856973,0.21275309326174163,-13.158056966094955,-7.984302390136699,1.3421399896087025,1.4479660420284532,1.4684663752195157
94,6,1.8775367535577339,42.97222222222222,55,67,25.575619448772187,-7.299475822219847,-18.581578276367196,15.986084938735962,1.4150505067149806,1.435087344722947,1.4793709409684563
94,7,2.0012952766584324,54.43055555555556,290,51,34.33911809873752,26.87671496694566,16.249775215988137,-13.883876613340375,1.3678498966135975,1.4114636346184672,1.477816454646723
94,8,2.1886230213473254,69.06944444444446,84,32,51.61133493287697,27.236815117759715,-36.840520414657576,-23.76261457356453,1.3526949689094148,1.3664490064738735,1.3973134258174358
94,9,1.7924807309613509,34.513888888888886,281,18,23.092861552008454,-18.27351317947387,-12.681190420684828,-6.2085731254577645,1.3360377772378191,1.4500734013598335,1.4658604777134931
94,10,2.721229556888198,90.60185185185186,275,39,35.35969869528993,3.8665042028808716,-32.95624794113161,12.216552652587865,1.4019351760126055,1.4190292190170481,1.512805124826537
94,11,1.68210223201771,23.26851851851852,19,17,36.28475527458073,-9.680008578948962,-12.886676243896499,32.508683065185565,1.4205115775485926,1.4494715879207785,1.450259628940738
94,12,1.6385112759419393,19.300925925925927,279,17,33.39103396050615,-2.4885627010345495,-33.20852313117981,2.441760856552122,1.3747221988294773,1.4319351561503288,1.4833054609982357
94,13,2.2409616048977954,72.3287037037037,258,47,36.95063465338378,-35.51140008773801,-10.19554972190856,0.5836359863281015,1.400874009011166,1.43566683057242,1.4994883272757629
94,14,1.8159853866888092,36.91203703703704,119,4,32.96658724372179,-17.54095273803713,-15.434020075073217,23.257297260475152,1.3407454143611117,1.4263398774721714,1.44549195172947
94,15,2.2626332430522504,73.75462962962963,64,20,53.308751795567396,21.73674653274538,44.82220444698334,18.981750622253436,1.4160443200756212,1.496603675661056,1.5146188469618211
94,16,1.5491034365144916,11.555555555555555,55,27,27.07566838113552,12.910837311515808,-10.316156757354754,21.447121204452525,1.3707324767622397,1.4374983791935803,1.457527728350745
94,17,2.1020213263704166,63.07870370370371,287,36,28.228262050394793,10.043447815885544,-26.350135847473144,1.2783877248525624,1.4054774701200734,1.4192501876847963,1.4271945033535822
94,18,2.269470066420199,74.11574074074075,268,3,30.014958798483686,-28.410510912933347,-2.465772728691112,9.362723225173951,1.401360932569208,1.4125083655224295,1.4726022443596138
94,19,1.5445507501900613,11.25,206,66,12.459943561334669,-9.873645595664977,-1.1149476427459448,7.517859266891483,1.373679486902283,1.4154163793725598,1.4631381105047145
94,20,1.7627958973042976,31.51851851851852,103,68,21.685388845326383,14.43654107192993,3.4588762436294496,15.80754713365555,1.3435790312786378,1.3758587684781813,1.4561562442566156
94,21,1.5999491555447598,15.643518518518517,170,10,46.863852803408804,46.03295671527863,3.700712483749369,-7.968206996650684,1.3662617455748776,1.45299459756637,1.4864206457535838
94,22,2.085973725419752,61.77777777777778,137,37,23.22774665330883,17.252395322837817,-14.640676293029786,-5.247253367004406,1.333348821078626,1.4392385686925124,1.4490732350006528
94,23,1.8620488380870346,41.55555555555556,252,9,26.735334114758423,0.7386590989685027,17.769583511390685,-19.961822932662965,1.4044997888009438,1.4094316986697775,1.4399494329129614
94,24,1.7992094969254608,35.2037037037037,214,49,12.385530881384422,-10.02049658790588,1.8084207931518548,7.051286235885606,1.4183908873987212,1.4500545237232507,1.4857509766468695
94,25,1.8785344984757,43.083333333333336,210,16,50.614467881886625,22.29831902896881,-45.41726472023011,-1.3716387211656564,1.3550443817569098,1.4144132311987314,1.4641228847501944
94,26,1.8854779302607436,43.800925925925924,141,9,24.244038002671385,15.800840740203881,-13.401483224792454,12.589958616027852,1.388735250411863,1.4763609791364147,1.5011237332547276
94,27,1.575625646712448,13.703703703703704,8,24,30.53935957420694,-14.713797129669137,17.864911727905273,-19.924898649272922,1.3281742144562902,1.4208606499921896,1.480265447680916
94,28,1.4975773382640905,8.069444444444445,128,56,25.255631968537898,24.125537844924924,5.57793303344728,4.969107857322699,1.3643409548128618,1.3877845747513935,1.4191047664993053
94,29,1.4273183336476944,4.1990740740740735,281,48,29.818990763563207,-16.48472429956436,-13.032719809532162,21.15595162811279,1.3932753600365706,1.4183361444606206,1.4516470406277315
94,30,2.0853220473030065,61.70833333333333,111,50,42.770244610349145,1.9742603995323154,-39.92222829200745,15.21879785346985,1.3874304765600594,1.4469675523428345,1.4628849171799836
94,31,2.2943219199583065,75.47685185185186,47,17,74.81265682506991,74.26450234153748,-9.030152628784204,0.4167213581228249,1.3470094404985156,1.3567595014175782,1.4533968075619281
94,32,1.5130176887022027,9.101851851851851,21,13,37.05757336186771,-28.38359360774994,23.700117604980477,2.437166980409619,1.3674506281921135,1.4237382996860175,1.4742746372600655
94,33,2.217264246488686,71.0,190,51,8.630765426030605,5.6818216907501276,3.4156966873168937,-5.526303489127159,1.3828741504948483,1.4064363930713153,1.4846895419231463
94,34,1.6391348269604566,19.34259259259259,148,57,6.063918418430579,-3.853587912702558,-0.4068910837364201,4.664269120712286,1.3771809475772032,1.4534300053205425,1.4745318642219176
94,35,1.683361593148288,23.39351851851852,153,58,14.348584067822392,-4.4990930693435685,13.433187954101534,2.278044708633409,1.341040769203884,1.3624367392858336,1.4602014177793732
94,36,2.289005794769765,75.26851851851852,16,63,24.182383429273614,21.95605411411286,-3.7416804509353643,9.419086126670834,1.3678498966135975,1.3733004800723627,1.3910826091423445
94,37,1.8641583027879691,41.726851851851855,192,21,51.5849118358874,37.698923235473636,24.320663526229858,25.46172896026611,1.3526949689094148,1.4205248973080284,1.5110807960941954
94,38,2.3843327857204244,79.92592592592592,209,42,17.032753056435396,5.897166162796008,-12.952377416839578,9.358099549674987,1.3360377772378191,1.4299303839246404,1.5037165072873289
94,39,2.281405691913158,74.79629629629629,196,64,33.233666634601576,4.655768651580794,6.434556509399392,-32.27068172149658,1.4030662531953084,1.4282564842932257,1.512805124826537
94,40,1.8810001389354383,43.3287037037037,262,24,38.87451935402613,-18.45853111907958,28.891747304496757,-18.324241365623482,1.3421399896087025,1.4124189370887088,1.4494715879207785
94,41,1.5710800395517384,13.310185185185187,71,36,32.67722338147379,29.32934215339661,-11.489683846511834,8.693548290481578,1.4226454570369447,1.435087344722947,1.4684663752195157
94,42,1.9690695492916306,51.53240740740741,295,15,61.43097304255692,38.35145519962311,39.98134287258148,-26.54095995121003,1.400874009011166,1.4114636346184672,1.4150505067149806
94,43,1.8111414442413287,36.375,23,45,64.70475013879482,-49.89860033924222,40.957955827331524,4.390925774230947,1.3973134258174358,1.44549195172947,1.477816454646723
94,44,3.427746443782309,98.5462962962963,224,66,43.22376793821576,20.37476841239927,-13.648163562412261,35.5934061069107,1.3664490064738735,1.4658604777134931,1.496603675661056
94,45,1.991868251884776,53.55092592592593,89,27,47.07170071390741,-15.378000621147137,30.81571672431943,-32.08821758468628,1.3707324767622397,1.4019351760126055,1.4500734013598335
94,46,1.4743864595767946,6.7175925925925934,131,8,51.27227645002885,-18.41646206649783,47.848896255645755,-0.4042084089660447,1.4190292190170481,1.4271945033535822,1.450259628940738
94,47,1.7466471565421553,29.824074074074076,257,34,29.085628172305164,-2.681623991699217,28.793178335952753,-3.12018272842407,1.4205115775485926,1.4319351561503288,1.4793709409684563
94,48,2.664169149069733,89.30092592592592,101,42,34.123729718391274,-31.122193650856016,-4.8689179269408855,13.119894453582749,1.3747221988294773,1.4154163793725598,1.4994883272757629
94,49,2.575272227913419,87.05555555555556,178,52,20.765730130591237,-6.188902898693081,-13.15926654796601,-14.823856876220704,1.3758587684781813,1.4263398774721714,1.43566683057242
94,50,2.1899869542843122,69.16666666666667,280,34,41.16096220880141,40.188237382164,-8.492968504028308,2.645727132339487,1.3407454143611117,1.3662617455748776,1.5146188469618211
94,51,2.1092808698215593,63.629629629629626,281,5,35.26485095959413,-25.4564386779213,-16.66871966369632,-17.825073010025033,1.333348821078626,1.4160443200756212,1.4374983791935803
94,52,1.9523018495846796,50.101851851851855,65,27,18.88862343682641,-7.065100186614992,17.51746562035561,-0.05341283535003488,1.4094316986697775,1.4192501876847963,1.457527728350745
94,53,2.9827321150499158,95.13425925925925,285,43,38.35816976194035,2.790498707675934,33.61809185600281,-18.25886646015168,1.4054774701200734,1.4125083655224295,1.4833054609982357
94,54,1.3383488196025024,1.3981481481481481,188,18,21.596608803262964,-9.012759789943695,18.66769175861359,6.058131492080676,1.401360932569208,1.4144132311987314,1.4631381105047145
94,55,2.5076414665068323,84.74537037037037,221,45,36.22299792447036,-35.45923381683347,6.194432696571349,-4.046890080909721,1.3435790312786378,1.373679486902283,1.5011237332547276
94,56,2.0413752976302693,57.986111111111114,27,33,31.27925036097546,-22.026561710214608,-9.61286565044403,20.020362043609616,1.4208606499921896,1.45299459756637,1.4561562442566156
94,57,2.241428365402333,72.35185185185186,9,19,23.323268983539847,7.16461891921999,-21.619259034347525,-5.025012500152581,1.3643409548128618,1.4392385686925124,1.4864206457535838
94,58,1.5424285112725795,11.083333333333334,111,39,10.37813654305808,6.383987248229979,4.742461545028692,6.667794494037635,1.4044997888009438,1.4490732350006528,1.4516470406277315
94,59,1.6707466900700432,22.26851851851852,283,30,15.642658403475115,-0.12590864688873105,-14.815136802902224,-5.018827597332,1.4399494329129614,1.4500545237232507,1.4726022443596138
94,60,2.2576894263002574,73.42592592592592,184,26,31.79199746240447,-22.02588240463257,22.024171216430688,6.366120417976378,1.3550443817569098,1.4533968075619281,1.4857509766468695
94,61,1.5909648326044377,14.944444444444443,118,5,14.860464411296055,13.571401160888675,0.8938006013107236,5.987620022573471,1.388735250411863,1.4237382996860175,1.4641228847501944
94,62,2.1413425100137085,65.93981481481481,53,68,30.93298481517011,18.271669260864208,8.952573087768535,23.29907910423279,1.3281742144562902,1.3828741504948483,1.4763609791364147
94,63,1.5739081470171257,13.546296296296296,75,62,15.078438712914897,-13.756871862869266,3.5035701341247503,-5.0825964706039395,1.3771809475772032,1.3877845747513935,1.480265447680916
94,64,1.6997987181576792,25.004629629629633,155,37,31.158289129451926,2.6428839743518826,-23.922223524150848,-19.788414980316137,1.3932753600365706,1.4191047664993053,1.4602014177793732
94,65,1.3615079772565248,1.949074074074074,186,61,4.966763568173555,-3.584425601353646,-3.4117307999610853,-0.425119276313779,1.3874304765600594,1.4183361444606206,1.4183908873987212
94,66,2.93794765644065,94.54629629629629,55,0,93.12036336471475,-29.77799921203611,86.99289545715328,14.727829985618584,1.3567595014175782,1.4469675523428345,1.5862276990373492
94,67,2.1077982205842063,63.51851851851852,199,63,39.5040555201812,-18.528965383300733,-32.91124392791745,-11.580063362655629,1.3470094404985156,1.402797054080899,1.4742746372600655
94,68,1.7365979873725181,28.64814814814815,29,22,31.988443022666708,15.265337056655891,20.249939954700473,-19.497946132659926,1.3674506281921135,1.4064363930713153,1.4729952382035687
94,69,1.343858030812395,1.5462962962962963,236,44,29.75556785220944,14.421510188522335,-22.378574366683946,13.289592597389225,1.4024234838904601,1.4534300053205425,1.4846895419231463
94,70,2.2091882050549883,70.4074074074074,244,62,20.987986343380168,14.335287528686514,12.415636506881711,-8.991500005493162,1.341040769203884,1.4479660420284532,1.4745318642219176
94,71,2.3160739884749306,76.64814814814814,261,46,24.47532617571785,-17.202541005706784,-8.138317658843992,-15.390970081138613,1.3624367392858336,1.4628849171799836,1.4972993441168152
65,0,1.601082472483192,15.75,98,61,40.56856701869958,15.171211793594361,-37.44581438327789,-3.6679623550033567,1.3898080435681002,1.442485067575715,1.4622436022949392
65,1,2.20012706690325,69.80092592592592,250,33,93.34472532056064,-79.08306696884159,47.694340738220205,-13.577780581493379,1.3198933492284028,1.399776704928703,1.4917086605498664
65,2,2.655119219229387,89.07407407407408,12,20,96.6424203165859,67.32466447738649,-69.22905426452635,3.8059168795776532,1.400968195847968,1.4658647049579165,1.4979433143666026
65,3,2.352842071144053,78.46296296296296,63,6,69.40344270709147,-64.61757885528563,-20.685018529510547,-14.612883730163562,1.3118625119806846,1.4290786076401183,1.457525015179946
65,4,1.9618241844545032,51.01851851851852,152,7,22.54625495205683,-18.528354256458282,-2.8653234987545027,12.522923866167067,1.4366700772715324,1.4443060089054314,1.4574032943381332
65,5,1.6300541275507148,18.50925925925926,73,51,33.888559928037665,24.95735333797455,-14.191177182235727,18.00487429953575,1.3959560347626712,1.4243779819184519,1.4972169285577346
65,6,1.5911662438620666,14.958333333333334,82,44,19.789766927219183,4.692407164630888,19.006461311035146,2.893202113075255,1.390050777285507,1.420916595401595,1.447806653915352
65,7,2.6347565187723068,88.5925925925926,40,44,25.935744995120263,-22.753061533279418,0.656020219574005,-12.431037639160147,1.3391327118614944,1.4574200621561477,1.5360806596388827
65,8,3.1222465969814883,96.68981481481481,52,27,39.719282423590364,9.037278510932916,-15.317049613342293,35.51530634111404,1.3575630510804555,1.3927529576364828,1.4002809869949857
65,9,2.945367469810143,94.66666666666667,146,17,32.24708536842629,-20.625413908538782,24.67742524627686,2.343394775629046,1.374432310514095,1.391798758476647,1.5510591645991127
65,10,2.001824264218573,54.47685185185185,277,1,43.743925396872804,40.729452260284404,-4.271896717452983,-15.375097597732545,1.3576217727735305,1.39229491504608,1.41096963657844
65,11,1.72350930701991,27.361111111111114,62,22,32.24619046978701,-11.308488434524532,-28.946852054729465,8.603176463470447,1.373419000957773,1.403253715282966,1.4515167265535731
65,12,1.5338716275321667,10.444444444444445,196,13,29.848811813598243,28.794812926139834,7.861693108701707,-0.06400544355392168,1.3949103676174117,1.4382265047970735,1.4494005910787482
65,13,2.023584417395603,56.39351851851851,260,59,35.95494306670366,5.394741037826556,-32.347555645980826,14.740771478958138,1.348069609005279,1.4668780840530653,1.4811646067349575
65,14,2.329798989271655,77.32870370370371,238,8,126.56393798554949,-100.96275239379881,75.92599316146853,-7.758646139831543,1.296308069719481,1.4432589468508916,1.4597187099506868
65,15,1.5203310038596187,9.606481481481481,89,14,70.57825748315521,22.01311901160717,61.90166865791322,-25.785585859260564,1.421472838103007,1.4273916589481437,1.4319536794719476
65,16,2.002869053187665,54.56481481481481,100,25,26.24229385926138,-6.2315195298004165,-24.731000949440002,-6.180917681407927,1.422784860907071,1.4260731281505619,1.437317563771016
65,17,1.5757954592542425,13.717592592592592,156,69,18.518966341858885,12.452333708724977,0.5759014315414451,13.69524870597838,1.3761633050430189,1.4596454530905298,1.472432601935258
65,18,1.8820767503615368,43.449074074074076,266,32,54.82314465330041,-42.09503158935546,-34.96462114934921,3.325774052810676,1.3577838606015133,1.381249731149028,1.46211997247719
65,19,2.2601435309384756,73.59722222222223,15,37,36.071375615597255,9.772366667175291,23.98882723312379,25.103409260559097,1.3251074970658214,1.4250439143849456,1.519834078689076
65,20,1.9889068927422613,53.31481481481482,200,65,14.300769951240772,-2.7657692506027343,13.883680587749483,-2.0263156190681446,1.4173514219691496,1.4373484107456713,1.442147562724644
65,21,1.5658269701996514,12.981481481481483,9,11,74.67963465499881,40.41472143295288,62.75005319877624,-2.4756710709762513,1.3689541956154991,1.4114368663791956,1.4602990105821476
65,22,1.950730785092107,49.96296296296296,168,41,12.47745583883649,-1.0501859666728965,10.417011278648372,6.7874803621101325,1.369302900501576,1.412042226843043,1.4136379006954665
65,23,1.767011572461287,31.944444444444443,192,69,20.15653634343544,-6.49504410233498,-8.89896259513856,-16.879242406082156,1.4264893886346734,1.4644458410832273,1.4673312561948402
65,24,2.745534651996884,91.12962962962963,126,0,96.16217523218928,-88.34594961181641,31.090822539978024,-21.806372608947758,1.3175206748177444,1.4545224991795536,1.4711923856501437
65,25,1.7486348942758305,30.02314814814815,85,58,25.43991589561599,-13.508018807716377,17.416649133605965,12.703664102268219,1.3869632124476805,1.3929200767497565,1.4214568553458007
65,26,1.3735545948434926,2.273148148148148,45,20,23.378220309114653,6.506879248085018,-22.4527211642313,-0.2775240415191782,1.3730997061111108,1.4405037326233319,1.4545589739018574
65,27,1.945998562265261,49.574074074074076,112,36,21.011094169623963,-5.415549612426754,-16.773865752487183,11.435704102401745,1.3824479345777976,1.4460717280646853,1.4606821127335028
65,28,3.0976826574758944,96.43518518518519,226,7,56.47300933710724,45.50130620140075,27.05248432281493,-19.672188732299812,1.372963519103916,1.379283360724125,1.4977944743411533
65,29,1.8267019089574554,38.06481481481481,223,48,20.15397501351644,18.361513190154998,-2.1069891407776153,8.037296745414729,1.3789693128419653,1.4202438933528996,1.5077180862249586
65,30,2.1289179593922642,65.0324074074074,72,61,23.68791766842393,-0.586200743980414,13.098590002021792,-19.728171534957873,1.398430227951114,1.4046977137579169,1.4611375605078698
65,31,2.5294986796530594,85.55092592592592,286,36,20.13565822757008,2.268718672809599,-15.915210273437452,-12.124509466094974,1.4375601800557152,1.465626230067246,1.5260215966255175
65,32,1.9335376694202207,48.36574074074074,12,67,63.859523113120304,50.557932775115944,38.25402250350951,7.652704622745515,1.401891534443726,1.4161382827834514,1.5148292445263376
65,33,1.9113764967295785,46.26851851851852,259,15,52.92329052918738,49.27803010299681,-9.128757401809684,17.006358161106114,1.3475596008043589,1.391084458487832,1.4192784754096361
65,34,2.844633638340654,93.03703703703704,81,34,69.14941354360796,59.6513956742859,-33.95229126617427,8.402041734695443,1.414855391344323,1.4667022593355685,1.5602966323152094
65,35,1.6021423772456274,15.847222222222221,128,2,31.743252152023427,-6.2988415506744495,9.471100545654254,-29.63539955459593,1.413627303541222,1.4319571212437552,1.4839054222554193
65,36,2.487407457419118,84.05555555555554,127,31,108.49738539080491,82.73516471710197,-62.75766853118891,31.433265761041635,1.3198933492284028,1.4574200621561477,1.4622436022949392
65,37,2.718713570608702,90.53703703703704,131,41,79.53202084199565,-60.22970986541753,51.755811083526616,4.365822697448785,1.3927529576364828,1.4658647049579165,1.4917086605498664
65,38,2.692907377892131,90.00925925925925,244,37,60.20357602857108,59.63009425353994,3.020877496795693,7.719891520690913,1.3118625119806846,1.374432310514095,1.4979433143666026
65,39,2.940268088499856,94.59722222222223,297,34,12.729085001928025,7.028440561408999,-10.564454237499243,-1.0114024544334437,1.41096963657844,1.4290786076401183,1.4443060089054314
65,40,1.6050859226889478,16.09259259259259,241,56,45.12496814872024,-4.5858659270668065,44.05641526409149,-8.617706086883558,1.403253715282966,1.4243779819184519,1.4574032943381332
65,41,1.531518060137134,10.328703703703704,231,52,38.07897690032698,-24.252901659717566,-27.519445937385562,-10.221806990890508,1.390050777285507,1.3959560347626712,1.442485067575715
65,42,1.482362616111822,7.12037037037037,106,60,20.23055093884116,9.644757741851805,-12.045516313705429,13.082789309864044,1.3391327118614944,1.447806653915352,1.4668780840530653
65,43,2.1805713779751876,68.61574074074073,209,14,38.422999237192876,-31.009681184082037,13.638792017517055,18.13035839540482,1.3575630510804555,1.4597187099506868,1.5360806596388827
65,44,2.3975193384770828,80.50462962962963,108,12,15.822262368886525,11.787359968566946,-6.776163869628871,-8.092325664062482,1.4002809869949857,1.4273916589481437,1.5510591645991127
65,45,1.7734038695903795,32.63888888888889,90,19,29.047426249846918,-17.208155379543303,22.338680267105115,-6.972497694358829,1.391798758476647,1.39229491504608,1.437317563771016
65,46,2.0638196828171775,59.898148148148145,191,44,15.583053124259777,-10.795646471252446,2.8215767314910822,10.877695835494992,1.3576217727735305,1.373419000957773,1.4596454530905298
65,47,1.4318373550025933,4.462962962962963,79,38,37.603588216931776,23.745774843096733,26.47220813236237,-12.222529218063356,1.420916595401595,1.4494005910787482,1.4515167265535731
65,48,1.7965138581483522,35.00925925925926,11,36,35.380617200593626,-25.813600325927723,-13.292774839668272,20.21752330949783,1.348069609005279,1.3949103676174117,1.4250439143849456
65,49,2.6209982501191873,88.26388888888889,261,21,139.25985626245824,120.71842534454346,-65.89486643981934,-21.86860593299866,1.296308069719481,1.4173514219691496,1.4811646067349575
65,50,1.4513872696896002,5.467592592592593,94,1,57.09494496828154,-8.921875543632495,-55.52514584983825,9.858552432746887,1.3689541956154991,1.421472838103007,1.4432589468508916
65,51,1.6334466225739497,18.828703703703702,100,0,44.48044811351156,-32.19930940280914,-30.655321993999483,1.4021311654663082,1.4136379006954665,1.4260731281505619,1.4319536794719476
65,52,1.6998732673612458,25.013888888888893,188,51,20.925690633551476,-2.64325122795106,20.67146766162872,-1.8942481757354759,1.3761633050430189,1.422784860907071,1.4264893886346734
65,53,1.6881168331860352,23.916666666666668,172,5,42.46709447098276,-28.767286177825923,27.057562226028452,15.613637793769842,1.381249731149028,1.4382265047970735,1.472432601935258
65,54,2.2417210164311294,72.36574074074073,22,15,12.856381641410561,9.044801430664052,1.9753608203125217,8.920541778335567,1.4214568553458007,1.46211997247719,1.519834078689076
65,55,1.9437570004539477,49.324074074074076,83,52,15.15194767046283,1.1221687426757887,14.510011376190235,4.216850173320768,1.3251074970658214,1.442147562724644,1.4545589739018574
65,56,1.8677773425504665,42.05555555555556,221,54,18.89185765811232,7.947608628349305,-10.761232421283726,-13.339178372001658,1.4373484107456713,1.4460717280646853,1.4602990105821476
65,57,1.6484459946752885,20.189814814814817,68,69,22.730434578491295,-19.565341018915174,-11.124399514780045,-3.180852460613254,1.369302900501576,1.379283360724125,1.4114368663791956
65,58,2.7119263721836595,90.43518518518519,290,45,52.3391751553467,17.28996413059235,47.45124264755249,13.741396126594557,1.412042226843043,1.4202438933528996,1.4644458410832273
65,59,1.9262131080826546,47.708333333333336,213,20,14.783164871766584,11.294338759307854,4.189536375808718,-8.568994140014649,1.3577838606015133,1.4673312561948402,1.4711923856501437
65,60,1.7240609136360425,27.421296296296294,260,69,31.922830134670573,8.339604670772548,-30.089596399688666,6.643362570724482,1.3929200767497565,1.4545224991795536,1.5260215966255175
65,61,1.497580333910564,8.069444444444445,286,39,22.473666394764372,16.4186673612976,-11.03654275684357,-10.662446589717863,1.3869632124476805,1.401891534443726,1.4405037326233319
65,62,1.5724181515347322,13.412037037037036,150,60,50.75625079413609,21.71544558753967,41.473985079422,-19.609818439846034,1.3730997061111108,1.4192784754096361,1.4606821127335028
65,63,2.8654741937791193,93.41666666666667,299,24,46.43804416923285,-33.063370654668816,32.02560586792003,-6.137266167297373,1.3824479345777976,1.4977944743411533,1.5602966323152094
65,64,1.6864362598420577,23.699074074074076,87,61,56.45864797558431,-50.41898741233825,-24.514866104202284,6.672778989181519,1.372963519103916,1.3789693128419653,1.4839054222554193
65,65,1.9394226868589761,48.89351851851852,260,52,81.52725855186304,70.30463957626343,-41.00245941497804,4.769681641063686,1.3175206748177444,1.398430227951114,1.5077180862249586
65,66,2.283218577539453,74.88425925925925,179,28,36.04375119365517,-16.432388351974485,-31.902174868087773,3.373403599624635,1.399776704928703,1.4046977137579169,1.4375601800557152
65,67,2.645094303244078,88.86574074074073,180,11,57.318087130480876,-34.781945005836484,39.814934534721374,-22.143856978950495,1.400968195847968,1.4161382827834514,1.465626230067246
65,68,2.434216786620546,82.08333333333333,196,17,25.222418657207566,-12.40677260559081,17.548379425964377,-13.202150429191594,1.391084458487832,1.457525015179946,1.5148292445263376
65,69,2.7950278827117168,92.0925925925926,49,31,74.00662592334278,-62.15829674804685,-40.16159267883302,0.6109823555946331,1.3475596008043589,1.4366700772715324,1.4667022593355685
65,70,2.4208106697359613,81.56944444444446,229,51,31.207697843152566,-21.326770476989747,-17.817741127929665,14.199203033599852,1.413627303541222,1.414855391344323,1.4972169285577346
65,71,1.4974396892074409,8.060185185185185,129,29,17.214104277161933,-4.3949384283447355,1.1216333295440695,-16.605777336521147,1.3898080435681002,1.4319571212437552,1.4611375605078698
87,0,1.7404436563815344,29.106481481481485,119,47,14.391266841371573,1.5954529567337172,13.977668146667455,3.0311523129081737,1.3339262991076744,1.3676056508713499,1.4257492259192899
87,1,2.629138309820156,88.44907407407408,207,59,23.054818933802498,-2.4787142615509126,-3.499374556427015,-22.652483956375146,1.4110429873589032,1.4189209202942137,1.477549198024956
87,2,1.5387206768416426,10.842592592592592,96,62,29.623700374772135,-0.9307205171012883,25.672187235794063,-14.752497610359192,1.3761539358405541,1.4407934995457314,1.4493368938337616
87,3,1.9368909247362958,48.638888888888886,236,64,19.64254774360536,-8.878946797637926,-9.602932709102632,14.6552949137497,1.4094291914800903,1.4119615439412072,1.471197783504387
87,4,2.240214964876624,72.28240740740742,196,70,29.62749218812865,24.94205212348938,-4.215349338912961,-15.42443383653641,1.3738097124560567,1.4557074927983815,1.4622780672995155
87,5,1.4822126117788854,7.111111111111111,86,61,39.059137054844534,-9.21235603759768,36.95463774171829,8.666223692245485,1.3712875950607852,1.457947802531317,1.4670615910998215
87,6,1.7727624397924582,32.5462962962963,203,41,45.849042862389254,-20.052642700691223,-19.528300462799074,36.313519977416995,1.4608151004685,1.4626965000014402,1.4738740678976952
87,7,1.932721032551223,48.2962962962963,54,9,23.960393315724307,-23.26430857040404,4.663998321723928,-3.3345935644674314,1.3775834015847999,1.3845442131715606,1.506900677466636
87,8,2.0058742693986398,54.86574074074074,13,0,16.556485705972037,9.860149200668356,-11.765730010099409,6.201796030349732,1.3893984479940906,1.4212420212357686,1.4534420954300336
87,9,1.4633649811656193,6.064814814814815,291,37,53.76166785185758,6.198616601943969,53.306197505798345,-3.216114100646983,1.4011935797530486,1.4235564781130146,1.4649057848561882
87,10,2.8950651520725437,93.92129629629629,269,7,65.37618958533542,-59.7612233161926,12.670298674316404,23.283167395212647,1.3124207731305897,1.3622249107774889,1.4846562309528195
87,11,2.4945393353367455,84.3425925925926,77,29,79.33960425085445,40.85465553834915,-2.2800503866958617,-67.97404867858886,1.3865241578003549,1.4155227999913744,1.4553593526262998
87,12,2.353372051000069,78.47685185185185,147,57,59.36007089067362,13.244035262565623,54.989890008544926,18.00904058959962,1.3657089917376073,1.3996420402550005,1.5380460693438465
87,13,1.7658517527946824,31.796296296296294,63,40,35.36821414327508,14.400802039680485,-31.207873602371205,-8.342427555389387,1.430861054826249,1.4461009675450496,1.462357812081196
87,14,1.9254091553662214,47.64814814814815,74,58,14.029871489996093,-0.5433310681152159,-0.9624682762146008,13.986269702587123,1.3430583377270968,1.4527701995036983,1.4603777555527169
87,15,1.6530614179333263,20.675925925925924,120,57,41.084994435928465,-0.7257116020202639,41.03196834578037,1.956446815490731,1.3918675649653125,1.434333310799874,1.467745393793857
87,16,1.8865991888209621,43.916666666666664,118,21,43.92449170541713,-25.980336974525454,34.43225790863036,-8.29473794540405,1.3693699110016269,1.4543285937440267,1.511589303080954
87,17,2.186270337819066,68.94444444444444,34,66,77.71199143221342,29.76959208602905,68.27607242561339,22.165354351425194,1.4322073830760726,1.4611812058094016,1.492496337688496
87,18,2.1097327698712953,63.65277777777778,53,39,84.3823102399251,68.00583507278442,47.70399981674189,14.82933170997619,1.3742515299411462,1.4435241264441347,1.4506459026972989
87,19,2.2268830387646354,71.53703703703704,116,57,74.38312469200037,62.9643276363373,-29.349952264781002,26.58802336212157,1.4151356874045458,1.4622154539846681,1.501620507918092
87,20,1.350478565008932,1.6851851851851851,33,46,46.813489326951974,-40.04901748634338,-13.217510503883368,20.319360162734974,1.3980298678995853,1.4348392874094296,1.4470983083497728
87,21,1.3014235544961434,0.6990740740740741,98,10,28.295558982626925,-12.133607579803467,-25.560912100601186,-0.23237431870818098,1.406470147800349,1.4513493970900073,1.480038198412267
87,22,2.4694469122118616,83.46759259259258,256,30,161.17036487458802,14.458767033996567,-160.08068190368664,11.874588452453594,1.304118562534494,1.351405525092858,1.4325845952428513
87,23,2.2449481666069415,72.63425925925927,256,47,84.25450965356104,-80.19335609710699,18.88904325042723,17.636668617630004,1.3966764378722314,1.4943554870222482,1.538821244205001
87,24,1.6567206542991422,21.01851851851852,8,5,25.76138402044982,-17.909014300627707,-7.398644067611704,-16.975752689933774,1.3511986435958705,1.4450824295020779,1.4546553701221627
87,25,2.4762631488233593,83.70833333333333,174,6,24.37199809305673,-3.8872278369140867,9.486466257858261,-22.11087308837889,1.3800260859345534,1.4323922582098096,1.5257754507360446
87,26,1.7405335438372116,29.11574074074074,168,49,28.86423594696229,28.859426570434582,0.3924069100570693,-0.35161291862487176,1.4191169193758841,1.4246237166926345,1.4313492214582324
87,27,2.0145853597393284,55.54629629629629,232,58,40.8903288352205,33.798156278991684,9.305570872430808,21.050177555818557,1.4147547213509504,1.4156506977505219,1.47643642237516
87,28,2.731142419232831,90.79629629629629,171,65,40.514784495943736,34.046715999298094,-18.69354621387481,-11.524765610008242,1.351370440619685,1.427857474851477,1.4374450544790984
87,29,2.5185024971214287,85.13425925925927,114,26,54.17703863762859,-22.51219400695803,-48.43019585891722,-9.103228306655886,1.3387085669800558,1.3905887970053608,1.4033558024208292
87,30,2.0910233874789395,62.217592592592595,20,34,41.05107692321602,41.04961660934448,-0.31400874255180233,-0.14591535638809605,1.3840306447836694,1.3887446216603396,1.4643338105796446
87,31,1.3458907219275313,1.5787037037037037,82,20,15.776533907807831,-0.41286917839050696,-6.437143399944306,14.397629875583648,1.3704026547479773,1.4261998788561028,1.4611229673749808
87,32,1.9322205402081523,48.25925925925926,26,29,32.675439587681964,14.963612924766542,-8.233089098510755,27.856612938079838,1.3834886069848509,1.4029705444617766,1.403887979546066
87,33,2.5746815227744575,87.03703703703704,81,46,59.05755063960627,30.466071248111724,-41.68319072845461,28.672711782283784,1.411302100465413,1.4444121611652234,1.5182578937935352
87,34,1.6804352107065121,23.14351851851852,271,1,18.065070549425066,13.721300153570176,7.3637411647605875,-9.156856016654968,1.3794986411913712,1.395341019768232,1.4204610811438707
87,35,2.597068818706549,87.6574074074074,66,32,59.3956725671249,14.763277062530527,-56.03792708587646,-13.024680341339135,1.4561092613033069,1.474783178548835,1.5126237297240805
87,36,2.162527129634305,67.49074074074073,261,18,29.47306496748355,9.293958984146117,-6.786947395019532,27.13339694980621,1.3676056508713499,1.3845442131715606,1.4110429873589032
87,37,1.4260075811110067,4.148148148148148,167,28,36.70256146994536,33.709971810989394,-14.424748572387694,-1.625560697364803,1.4407934995457314,1.4534420954300336,1.477549198024956
87,38,1.1943286356301368,0.05555555555555555,126,8,22.33386691306974,-10.47476095140934,-17.74033275032044,8.623316543502819,1.4011935797530486,1.4119615439412072,1.4493368938337616
87,39,1.8617224623555124,41.5,86,25,60.32044616484339,19.763689028930663,56.06584300605771,-10.2261463667202,1.4094291914800903,1.4622780672995155,1.4846562309528195
87,40,1.6245514184251941,17.925925925925927,290,10,40.80602940598199,-37.45470650375371,12.9603590763855,-9.711132231140118,1.3738097124560567,1.3865241578003549,1.4670615910998215
87,41,1.6211007019034014,17.63425925925926,34,62,56.81425895574082,-31.20950889110566,39.86883716024398,25.77406446325302,1.3712875950607852,1.4257492259192899,1.4738740678976952
87,42,2.079989208093399,61.22685185185185,266,7,48.542161916379634,34.287632069244374,3.3193492100525024,-34.200609518280025,1.3775834015847999,1.4608151004685,1.462357812081196
87,43,1.9019915834196492,45.43981481481482,238,68,21.686727291373284,9.86112186172483,14.476944368362442,12.786340289306642,1.4212420212357686,1.4603777555527169,1.506900677466636
87,44,1.7409210603806926,29.14351851851852,122,45,43.9097208435529,-2.0922883206176692,-41.061617639389034,-15.415235028333665,1.3893984479940906,1.3918675649653125,1.4235564781130146
87,45,2.4326903972425056,82.02777777777777,151,23,135.2198460962064,97.67337997863778,-91.26957866012575,20.351452848224636,1.3124207731305897,1.4543285937440267,1.4649057848561882
87,46,2.540760486947072,85.97685185185185,187,52,121.37174258714083,-85.03768858947758,-83.6755771159172,-22.317912364654525,1.3622249107774889,1.4553593526262998,1.492496337688496
87,47,2.2242741097226046,71.375,241,59,58.449257283514065,-2.960468230562209,-56.27069118810653,-15.529346994094862,1.3996420402550005,1.4155227999913744,1.4626965000014402
87,48,1.6883324976877803,23.939814814814813,277,7,53.35859104641642,-24.91360895202638,31.53690659139634,-35.09807473480225,1.3657089917376073,1.4151356874045458,1.4461009675450496
87,49,1.3105371212843928,0.8518518518518519,278,10,17.02621950258847,-10.09829806343078,-12.903662391967774,4.627312788925197,1.430861054826249,1.4470983083497728,1.4527701995036983
87,50,1.8539975080361422,40.754629629629626,16,53,16.73772357086188,9.05868479522709,13.028232614631651,5.325107985229504,1.3430583377270968,1.467745393793857,1.480038198412267
87,51,2.3164064071954154,76.68055555555556,39,68,149.7478940891243,-45.60757862518305,142.2054467498779,-11.044974909114838,1.304118562534494,1.434333310799874,1.511589303080954
87,52,1.7406570135415371,29.125,124,0,33.56492764283962,24.980021247253404,-16.721764115524284,-14.932699388275129,1.3693699110016269,1.3966764378722314,1.4611812058094016
87,53,2.864932230173929,93.40277777777779,245,39,51.81599721664196,-15.143970504150396,-6.888001986236569,49.07252952072139,1.3742515299411462,1.4322073830760726,1.5380460693438465
87,54,1.9997515939727637,54.29166666666667,22,67,55.45057020533785,-38.850377326660194,-24.845981342697137,30.79108846389772,1.3800260859345534,1.4435241264441347,1.501620507918092
87,55,1.707256490892344,25.731481481481485,135,22,48.63511809572232,-18.408900391426084,31.636520637016275,-32.025265971527105,1.4313492214582324,1.4348392874094296,1.4622154539846681
87,56,1.9569707708176627,50.57407407407407,155,13,34.2667193762144,14.222071193618776,24.560506153945948,-19.20214272506715,1.3980298678995853,1.406470147800349,1.4147547213509504
87,57,2.1193489694411505,64.30555555555556,202,1,13.997151569276205,-3.6717455322647083,-8.606816666421894,10.409670680198671,1.4325845952428513,1.4374450544790984,1.4513493970900073
87,58,4.542856878689756,99.8888888888889,85,55,61.95922173003822,58.37671446338655,11.834265591278093,17.060320154304502,1.351405525092858,1.3905887970053608,1.538821244205001
87,59,2.5854374572842054,87.33796296296296,283,0,65.80898726489076,-42.0195593663025,-41.11759140373228,-29.572336949386603,1.3511986435958705,1.4506459026972989,1.4943554870222482
87,60,2.0827824761742377,61.458333333333336,179,71,49.37043469871244,48.318847235717776,-9.725141778335555,-2.8548978164673056,1.3704026547479773,1.4450824295020779,1.5257754507360446
87,61,2.3905709481529462,80.18518518518518,77,26,40.730034645684086,34.461379313287736,21.355932715072633,-3.908093644428248,1.3834886069848509,1.4191169193758841,1.4323922582098096
87,62,2.4164903919951364,81.39814814814815,218,47,71.02207343027993,-42.38980104629517,55.66761640487672,-12.180154571723945,1.4156506977505219,1.4246237166926345,1.5182578937935352
87,63,2.1473822113032366,66.40277777777777,76,43,23.060466757277485,-19.930779355506882,-6.486394314966199,9.616436457252492,1.395341019768232,1.427857474851477,1.47643642237516
87,64,3.5133755379286598,98.87037037037038,48,31,87.46771763533526,5.5931677884674125,87.1642716506958,-4.659168383789075,1.3387085669800558,1.351370440619685,1.5126237297240805
87,65,2.034019229558049,57.35648148148148,17,47,67.03222184447885,-15.786126345710748,62.55144985618591,18.205304207668306,1.4033558024208292,1.4546553701221627,1.4643338105796446
87,66,1.405075512130041,3.2870370370370368,157,36,9.810424921667662,-6.084726322317123,4.487401260376,-6.251701580734236,1.3840306447836694,1.4189209202942137,1.4611229673749808
87,67,1.5287286608021209,10.13425925925926,178,63,25.97246656090698,-22.90858100218773,-11.966968654022219,-2.560780536727897,1.3761539358405541,1.403887979546066,1.4261998788561028
87,68,2.1238752429463412,64.6574074074074,271,48,47.62907254189384,-40.77987443950176,-2.7171779816436703,-24.45705083847044,1.4029705444617766,1.411302100465413,1.471197783504387
87,69,1.90306849585386,45.52777777777778,126,29,31.026676362600444,-30.413785309028622,4.045643971424109,4.614008467953205,1.4204610811438707,1.4444121611652234,1.4557074927983815
87,70,1.6026186956751318,15.875,249,63,13.381193306638822,5.058568703155519,-10.281942036361707,6.910056797595025,1.3794986411913712,1.457947802531317,1.474783178548835
87,71,3.0686272303865154,96.11574074074073,2,64,109.14619105161964,-27.45876828503132,-93.89293843109125,-48.40478466144561,1.3339262991076744,1.3887446216603396,1.4561092613033069
272,0,2.1549210479862984,66.94444444444444,147,3,54.11732945572725,50.680844154434205,-17.08678131761551,-8.257074991645814,1.4586504185074207,1.462651921041856,1.4766867076248007
272,1,2.9226980139348187,94.32870370370371,222,41,28.464227045582003,-26.6707975263977,-9.743520555725096,-1.9860986351394605,1.3603401314695862,1.3618611546599386,1.3644063362164927
272,2,2.8609537848877613,93.31481481481482,232,31,28.869635144239982,-14.762559736022919,21.825608704833964,11.796841444444658,1.38526827942146,1.493951967153799,1.5491541956850376
272,3,2.189275242206832,69.12962962962963,0,64,46.312088258627654,23.554946559448233,-5.557571036186218,39.48528099981308,1.402975172531453,1.4032111019427984,1.4423791672354365
272,4,2.4027177951624488,80.76388888888889,147,34,25.359636530551207,18.560564699554444,-9.396684389915464,14.502376545643806,1.384312587588118,1.4187015004453882,1.4408944264448333
272,5,1.845199940160096,39.93981481481482,117,28,26.716899348676264,17.186363427677154,0.6210874193572913,-20.445925593051918,1.372974195950072,1.3872883397074307,1.49026927874541
272,6,2.195423744679376,69.49537037037037,67,10,129.19120962737463,-118.3613063482667,41.45492464481354,-31.02352377162933,1.3477299219224605,1.389902901005301,1.551763549968447
272,7,2.649288754729026,88.96296296296296,116,62,61.16874809192402,58.44425130397796,-15.45403717609406,9.330485925750754,1.4239893224496025,1.433784347960974,1.4503332379724438
272,8,2.9276837186741442,94.39814814814815,60,19,64.13325801839278,-56.13928294509884,-30.95501503814696,1.8007605204391486,1.338532222971929,1.403193470375803,1.457107097895644
272,9,2.3649220849106483,79.00925925925925,35,20,48.345165215833205,-21.37246086910248,-42.21674789209843,-9.910555663528442,1.3756702140951726,1.4186879561815673,1.4788021131006228
272,10,2.144045531010158,66.14351851851852,127,42,35.691477736386275,12.070740592365265,30.441394340057325,-14.19508066873551,1.346076787489453,1.4390088006094772,1.4414331395645763
272,11,1.7404347405756955,29.10185185185185,287,14,50.7254357201054,4.094172319412226,-50.49064767620087,2.6461442234420876,1.3856876293032672,1.385972130537111,1.4371140951821166
272,12,3.505995569244648,98.86111111111111,169,66,90.90429027766395,-80.07640052093512,2.906546160125756,42.92915163284302,1.3243803896935384,1.4148592788738539,1.534564704014107
272,13,2.5520164272067802,86.31481481481481,113,54,64.80515607345225,43.992671871500015,-47.033182076292036,-7.227230388565042,1.477774043800502,1.4849809858129632,1.4850817981726074
272,14,1.7304933650778878,28.000000000000004,89,54,18.053986385906647,-17.671510568904882,-2.839073159351349,2.367235144939417,1.3800698352592329,1.387308218671589,1.4054046136215852
272,15,2.0274052783844283,56.75925925925925,200,12,30.19802632989247,12.173659504776001,25.141121141605375,-11.47374551860808,1.4103893409056214,1.415163566132608,1.4509657780127374
272,16,1.9486065499314933,49.78703703703704,102,19,40.92967859539696,-33.39167992782593,-10.720794045715355,21.10210597427368,1.338875705760634,1.4553410877107664,1.478147050396681
272,17,2.2958772904027436,75.58333333333334,121,17,27.036516151594306,1.25059585418702,-21.018385461235052,16.959855194778438,1.4284121325737922,1.4779844641800706,1.5076829518003587
272,18,2.247919848320039,72.83796296296296,227,22,43.93330118674809,12.774650202865612,-39.29192128368378,-14.936136956949234,1.3586227970904872,1.3915936892307803,1.394643313107746
272,19,2.5390862984528835,85.87962962962963,283,28,32.5951517839101,21.35902564506531,24.258118232688904,-4.216591409950253,1.3976960556860405,1.4239075116319166,1.4400350590993476
272,20,2.2348733524434605,71.94907407407408,171,8,32.613807927395584,-17.36007864635468,27.54088623538971,-1.946207154121398,1.442694036782343,1.4482786101286846,1.4642188229377462
272,21,3.7805280018530114,99.4074074074074,237,43,28.12809644438033,1.031829093322778,27.88579560123444,-3.536600343933105,1.4539879598120944,1.4696635184766897,1.4854727850361757
272,22,3.224813028181591,97.4861111111111,34,19,44.82105413444549,-35.716178304138204,26.019576748199434,-7.500875076580049,1.3729434134323442,1.38302118373268,1.5679932541893589
272,23,1.7956404105785804,34.90277777777778,233,45,13.502271648322365,7.320467575073236,-1.0339766370391912,-11.298362114105231,1.391189939517858,1.4192921902412998,1.4597590797694635
272,24,2.364586656114717,78.99537037037037,205,71,43.79166570778922,-31.468474218368513,-30.346718017768865,-2.5537856959152174,1.365370790663242,1.36922978134322,1.4179637344998497
272,25,2.0817734045110363,61.38425925925925,221,43,20.170318607642926,-8.849649900436408,-7.037518115692136,16.703256812515257,1.3952894014603732,1.411259329516806,1.4210088577294262
272,26,2.9572386717776213,94.81481481481482,259,22,44.61976708585189,-13.939474631347649,-31.22398628021239,-28.664914836273205,1.3453568607620479,1.4579003484252144,1.4699745602948722
272,27,1.5352758970358988,10.564814814814815,244,19,14.53813575146156,2.6854364582347863,-14.27733277801513,0.5509908370590205,1.3337586425438286,1.4035874269051787,1.4762188857051446
272,28,2.6230503400676675,88.29166666666667,274,32,12.756548758144856,-7.02939564392091,-7.213440618209832,7.828371960229876,1.3499044339325905,1.421627486482463,1.4357755617954269
272,29,1.644753669270025,19.875,286,34,29.795907631246042,10.558587391309738,-9.27185233032224,-26.274419084625244,1.3839240027024111,1.4539765386392123,1.5045118114186533
272,30,2.0716976280471795,60.56018518518519,231,12,17.84325300861088,1.1817192068481752,16.57530725830081,6.499569750251774,1.355870100229959,1.4138807909858728,1.5042504418341427
272,31,2.033285322604077,57.30555555555556,245,52,30.544733778154033,-1.9327482949447612,-28.70643553306579,-10.25601309440613,1.4000056889859762,1.4263174698451468,1.4742061863240825
272,32,1.340140781592393,1.4537037037037037,111,13,26.282267808340393,0.6304271115112337,26.200690704536427,-1.9707788845062255,1.3642134435966382,1.3884939277158599,1.4262752838465955
272,33,2.049502641653624,58.65277777777778,280,0,38.026249305576,31.271244130630482,18.799015676879886,-10.709898988914501,1.355483403622705,1.3957307147678037,1.4331020702380592
272,34,1.9752391603617163,52.074074074074076,205,52,19.580734504780064,16.834689322090146,9.87501010162356,1.5756188207244892,1.4199233841777372,1.487815870981913,1.4929114954212035
272,35,2.0760065159867698,60.842592592592595,31,67,41.68004031193665,-28.838032644729616,-11.260674454650871,27.906824334068297,1.3555789982095914,1.4772933388401066,1.4795904948901761
272,36,3.0461687045574655,95.89351851851852,43,25,30.11581449762485,-24.068088525695753,17.977259736404406,2.1230944266510123,1.3644063362164927,1.433784347960974,1.4766867076248007
272,37,2.9555489543626683,94.78703703703704,156,24,70.97877339867577,57.532742604837416,41.458416890792854,3.0281133491516092,1.3618611546599386,1.457107097895644,1.493951967153799
272,38,3.6193884536840755,99.14814814814815,131,36,49.07553108361284,-46.6995455810546,7.426135846710203,-13.13060166358948,1.4032111019427984,1.4788021131006228,1.5491541956850376
272,39,2.310972368182655,76.375,284,9,23.918558082660297,12.574320258808134,-3.829849531402585,19.982896270294177,1.346076787489453,1.402975172531453,1.4408944264448333
272,40,1.4840968721893681,7.263888888888889,17,61,21.131212896492958,0.30262075366974117,20.65453232795715,-4.45273774993897,1.3856876293032672,1.4187015004453882,1.49026927874541
272,41,1.959533417411145,50.84722222222222,232,19,17.44203421085299,-13.989838279190064,-10.101709868392927,2.5425263163805014,1.3477299219224605,1.372974195950072,1.462651921041856
272,42,2.0481538943867714,58.53703703703703,241,66,71.74741862761732,8.265201851005557,67.16973058418274,-23.8244792458725,1.389902901005301,1.4503332379724438,1.4850817981726074
272,43,2.8528540915721083,93.18981481481482,50,51,30.076472249695563,11.339478277893056,-7.013649763946528,26.959583312072752,1.338532222971929,1.4054046136215852,1.4239893224496025
272,44,1.9899253479601906,53.39814814814815,63,0,11.344795880532741,4.10084488973618,5.9670525852394105,8.733942306098946,1.403193470375803,1.4186879561815673,1.4509657780127374
272,45,1.4732395349653864,6.6157407407407405,208,40,17.54508843398371,16.713445934371933,5.282770102272034,0.7636708726120045,1.3756702140951726,1.4390088006094772,1.4553410877107664
272,46,2.1967332619624003,69.57870370370371,186,57,26.315461758364947,3.056101184158333,-15.385981808738707,-21.129016467628478,1.4371140951821166,1.4414331395645763,1.4779844641800706
272,47,2.3507866273802622,78.35185185185185,242,38,118.21062662597123,114.37820171020508,19.882853131027222,-22.272210761718743,1.3243803896935384,1.385972130537111,1.551763549968447
272,48,2.634723708110892,88.5925925925926,167,55,30.011625617776247,-2.027768227844229,-21.36332246931076,-20.980807451286303,1.3976960556860405,1.4148592788738539,1.477774043800502
272,49,3.5194812551305397,98.89351851851852,117,20,41.539185953543324,-19.037821389312732,-35.17644934211731,-11.210831285552974,1.387308218671589,1.4482786101286846,1.4849809858129632
272,50,2.7970665768182648,92.13888888888889,65,16,14.416039945501876,14.370665501060476,-0.6688636016464189,0.9267158406591411,1.3800698352592329,1.4103893409056214,1.4696635184766897
272,51,2.2609627749419996,73.63425925925927,114,34,17.317240701947537,13.52343608596801,-4.8795403060913065,9.653682631988527,1.3729434134323442,1.415163566132608,1.478147050396681
272,52,2.642403121964442,88.76388888888889,243,53,35.65356798207131,-15.962022162933353,21.906964980926535,-23.161943865890517,1.338875705760634,1.391189939517858,1.4284121325737922
272,53,2.5029152793638207,84.56944444444444,259,10,27.708564910306645,26.471233563537588,6.971023703155499,4.294553707122784,1.3915936892307803,1.5076829518003587,1.534564704014107
272,54,2.7983518025028764,92.17592592592592,50,51,30.53255804208828,-28.417972765426626,6.632264504566193,-8.981591843233108,1.394643313107746,1.3952894014603732,1.4239075116319166
272,55,2.45335324258584,82.86111111111111,19,65,24.12933351842943,-5.9016727236747695,23.318625018157956,-1.907019236602789,1.3453568607620479,1.4400350590993476,1.442694036782343
272,56,3.6933810492170105,99.29166666666667,114,28,50.48369684911172,15.800705951538097,47.92905868591313,1.3216173683547883,1.3337586425438286,1.4642188229377462,1.4854727850361757
272,57,2.6790473130345878,89.64351851851852,0,2,89.9643576894413,70.42299183868406,-52.14702184631348,20.368504793491365,1.4357755617954269,1.4539879598120944,1.5679932541893589
272,58,1.7880962549944321,34.166666666666664,49,39,34.73849803264052,31.578467759704576,10.618345015106224,9.839429284935003,1.38302118373268,1.4192921902412998,1.5045118114186533
272,59,2.3069148526750025,76.20833333333333,170,33,55.72619116637857,-42.4612596481323,35.97298510993957,2.8972665196227987,1.3586227970904872,1.365370790663242,1.4597590797694635
272,60,1.6905236471045928,24.11111111111111,158,59,12.90184953237259,3.4027917374420125,-11.54697602725982,4.641774916286464,1.4000056889859762,1.4179637344998497,1.4210088577294262
272,61,2.0550520469087745,59.17129629629629,149,1,28.472656740713415,28.35247840339661,-2.557376853370666,-0.5375629165649265,1.3884939277158599,1.411259329516806,1.4699745602948722
272,62,2.333358163401619,77.46296296296296,235,7,40.227068809594606,-13.642909540138241,37.81801417510985,-1.3732764261627228,1.3957307147678037,1.4035874269051787,1.4579003484252144
272,63,1.9104691878698759,46.19444444444444,113,47,23.443054408266637,-18.505200287017825,9.604978747406012,-10.71815028762818,1.3499044339325905,1.4199233841777372,1.4762188857051446
272,64,1.9578297942366405,50.66666666666667,127,67,20.340718846914868,12.950272203578951,12.959991438140861,-8.835944487476349,1.3839240027024111,1.421627486482463,1.4795904948901761
272,65,2.1132773348993767,63.87037037037037,57,45,40.09914338983241,-22.65084464385986,-30.63303091613767,12.50991424467087,1.36922978134322,1.4539765386392123,1.5042504418341427
272,66,1.5489031405136668,11.537037037037038,264,29,35.947232433056406,-32.12645738830566,-15.314896375122068,5.054523151874546,1.3603401314695862,1.4138807909858728,1.4742061863240825
272,67,1.868474594494769,42.11574074074074,9,30,44.221842975066956,3.449182990112293,-42.547748241462706,-11.548318162975315,1.3642134435966382,1.38526827942146,1.4263174698451468
272,68,2.6019982128847277,87.76388888888889,52,28,34.378176945735454,15.383113938293446,-18.539185625953664,24.525852727279666,1.355483403622705,1.4262752838465955,1.4423791672354365
272,69,1.958750244115248,50.75925925925926,276,22,28.323750023474172,-26.265685205612176,10.546823198747633,1.0550433575439444,1.384312587588118,1.4331020702380592,1.4929114954212035
272,70,2.0021866399995156,54.50462962962963,99,40,17.562601393013818,-11.118931524276732,7.107554331665044,11.588658286046982,1.3872883397074307,1.4772933388401066,1.487815870981913
272,71,2.122094391573585,64.51388888888889,101,5,29.489231836520066,24.826587671175,-2.8685760998534704,15.65332584701537,1.3555789982095914,1.355870100229959,1.4586504185074207
216,0,4.167781462906447,99.74074074074075,70,14,192.65957265337585,-15.150774462680817,189.1862829174804,33.11669252853394,1.2890980976895718,1.4647945168876988,1.577275804620516
216,1,2.237663169879866,72.16203703703704,171,45,67.1518189640453,2.198472759246839,-66.41761881927488,9.655745340690608,1.3605362235755984,1.4160139612200675,1.4728761922176914
216,2,3.176659351404711,97.17592592592592,249,58,158.7076203061572,25.296654216098787,-5.008675594482259,-156.59853510650646,1.2975200124296349,1.4592216142594043,1.507203274900311
216,3,1.3019569371094264,0.7083333333333333,46,49,51.604372580329844,45.18099438949585,21.311711248016355,12.942178296833037,1.3642450617389035,1.4079689039625443,1.414905891413333
216,4,2.324086440603489,77.00925925925925,178,25,49.12589307446647,-16.500973995666495,-43.9458124942398,14.485744433040619,1.4438505873422611,1.45271493499573,1.4933992160044904
216,5,2.273720437204078,74.36111111111111,153,14,106.95190918073932,72.79905764190676,74.89578990219114,-23.013664175491332,1.3825808275558156,1.3921728906281472,1.5296114121029891
216,6,2.30317851942281,75.96296296296296,199,54,42.269627805741386,36.56226265953064,-18.580227671890256,10.232180789651872,1.3632141461133056,1.423132327420138,1.4596861848220046
216,7,1.7856481566371738,33.949074074074076,154,57,12.685439304942962,-1.2909829901123215,-0.7527536255836492,12.597106622467047,1.4034817949738767,1.4327698726872296,1.4422759271323056
216,8,1.889041851471184,44.208333333333336,295,16,29.850969667243746,-7.544147332534792,-28.677339590377798,3.43167963508606,1.4099219172370374,1.4131269758793508,1.4175956529199045
216,9,2.043103748686405,58.14351851851852,66,25,27.58591340386575,-12.49816154022218,-24.587143981780997,-0.5009264010429337,1.38111574462722,1.4165655470942453,1.475048152561588
216,10,2.8131284112388273,92.45370370370371,84,34,29.731364728409282,-9.787183709220882,-24.825637847509388,13.109263485031136,1.4355025600125257,1.4458382570973571,1.4620664185905463
216,11,2.0491053017329555,58.61574074074074,216,71,17.129490635766942,12.207108124694832,-7.31755987754823,-9.532013329372404,1.364940565329184,1.4296695245009674,1.5165839400327854
216,12,4.073706317599844,99.68981481481481,207,44,90.57242421154872,-69.56542304382319,54.79388253700257,19.017002413940443,1.322006901781384,1.4904949728267243,1.4910748505732245
216,13,2.8747637118265743,93.58333333333333,262,13,47.35727291971126,25.178516531410207,40.0191125660706,-2.687793350257872,1.325010579016772,1.4368748353535499,1.4510873865609957
216,14,2.7641018798786012,91.55555555555556,274,38,61.146897218142705,-10.465187330627456,-59.91540858216762,-6.29020730762482,1.3408025662448015,1.3676291269066039,1.5047239444935023
216,15,1.5496312204267197,11.597222222222223,211,44,15.956218928916615,8.505473361980913,-9.147956646556848,-9.928380260086051,1.443658578140514,1.4597757206165831,1.4846075687210625
216,16,1.445686831909457,5.171296296296296,119,4,37.59077501503386,11.875679121093775,-33.483807833557115,12.282883399639129,1.3515439945251781,1.432982620080033,1.4401800280397026
216,17,1.978599395063138,52.43981481481481,67,36,60.724998192706025,26.99745081809998,-45.08288037628172,-30.433484056320193,1.3268529852264972,1.3823836321445238,1.433471233834455
216,18,1.4683928722748183,6.347222222222222,194,62,24.731212011466933,-20.16058962718964,-12.18888913969994,7.524257769393916,1.4122537806525826,1.422064918538509,1.42534524428055
216,19,1.6210620170524528,17.63425925925926,85,29,44.66274668519836,22.567176591148375,-13.070953464202894,-36.25787718147278,1.4081554127934812,1.435249628239922,1.4452460901971826
216,20,2.140521813029915,65.87962962962963,152,61,23.084417840757506,15.992588714904832,-11.653249160308853,11.888197392806997,1.328730166662616,1.3839126511078235,1.4528399698333176
216,21,1.6234333735792823,17.833333333333336,104,55,24.766153349783444,16.401467290878298,-18.516834619331345,-1.2169873177528405,1.3690798072427395,1.4166709885033284,1.4201091098930139
216,22,1.286443379988355,0.5416666666666667,171,41,27.91740200075643,21.82175306957246,-16.872899582014085,-4.300893760337828,1.3951530858360013,1.411291375937245,1.4666477416369281
216,23,2.0948377828276685,62.5,51,8,11.017820248318621,10.568621148033142,-2.1047969970798484,2.294872470245374,1.363137200322377,1.4783319680413913,1.4802382019941545
216,24,2.483896253528415,83.94907407407408,202,18,28.822886962980714,-4.382533807373024,-23.34954469276429,-16.320262649497984,1.3637752439792865,1.4354676406810745,1.476967920978945
216,25,2.2739393461229684,74.36574074074073,184,32,40.52270772995808,-31.021395869636535,-23.887956742105484,10.446452161102293,1.366136215578689,1.4576118459241731,1.468517326280184
216,26,2.258147046503012,73.46296296296296,169,51,70.94382320771953,57.27324925140381,-37.48322762298584,18.64962783752444,1.3666804110947868,1.4482346183939956,1.5444050623650332
216,27,1.904473762439073,45.66203703703703,49,54,27.50479840585268,-11.245633475303663,25.07208496490476,1.2000910791778452,1.3941862150148667,1.4101758611419706,1.5262976824047014
216,28,2.691417169514602,90.0,182,68,111.21160536974536,94.5987650032043,58.09121329330446,6.671264265213014,1.3079501719758195,1.497608512234469,1.5050343493788296
216,29,1.984895956409354,52.916666666666664,20,18,36.370823841398995,-8.638929962339406,35.11422680001259,3.898306330337525,1.4033728902466456,1.4081907252735553,1.4413644171515663
216,30,2.1808372665743234,68.625,136,57,42.983859759725355,-32.09789482187272,-5.255008825397492,28.101996905784603,1.4335658716690638,1.4511988250990195,1.4633674182113836
216,31,2.15075223467111,66.63425925925925,44,34,59.80054019919408,-7.8828188114929425,20.083683692016628,-55.77285562941552,1.4253124355550992,1.4352041617944669,1.5013226905776724
216,32,1.8597263945227716,41.25462962962963,268,43,55.22875833510717,46.939217321033475,27.57934709030152,9.29006128069878,1.4262160130017016,1.467449990091574,1.47085133967112
216,33,1.3933798753117212,2.8935185185185186,240,18,48.50083283547242,39.57745764579773,-12.433939292640694,-25.12673448135376,1.3685468599273598,1.4288366384297155,1.432587791101703
216,34,1.289258655570889,0.5879629629629629,299,5,21.412495053483934,7.277587457418439,17.11839315149307,10.606237840347296,1.391789022690215,1.4251606112228064,1.4382589714816956
216,35,2.1023316484594363,63.10648148148148,108,18,73.42965781728695,-70.22068376602172,-19.496318710022,-8.992428779449474,1.3555066919424585,1.4410293412512245,1.486906636709671
216,36,2.5766913807037426,87.07870370370371,277,67,103.87515460111973,-100.95568901763907,-24.315604047088655,-2.5976909372520396,1.4160139612200675,1.4422759271323056,1.577275804620516
216,37,1.59735355518693,15.407407407407408,116,54,154.85830765197855,-89.65949154800418,107.407474846344,66.37699429260252,1.4099219172370374,1.4592216142594043,1.4728761922176914
216,38,1.939909375491022,48.93055555555556,131,44,64.88492514496771,54.870433605194116,11.676299333648664,32.60296092254633,1.4079689039625443,1.475048152561588,1.507203274900311
216,39,2.2643021781132298,73.83796296296296,221,69,39.763977574139965,-36.07748227853775,-12.75222726432801,10.815261659221656,1.3642450617389035,1.4355025600125257,1.4933992160044904
216,40,2.610280329755462,88.00925925925925,224,65,33.357906317756935,-19.262078839788437,-0.3163468009948489,27.232740541038524,1.364940565329184,1.3921728906281472,1.45271493499573
216,41,2.7180337590472683,90.52777777777777,82,66,159.05981692902213,86.74536682464596,-133.30355090484613,2.3302386381530704,1.2890980976895718,1.423132327420138,1.5296114121029891
216,42,2.2798912182722137,74.70833333333333,248,48,47.11568257286099,-3.27069775852204,-33.22273215942384,33.24816007453918,1.325010579016772,1.4327698726872296,1.4596861848220046
216,43,1.7275008460806724,27.740740740740737,145,18,41.805387619924886,-13.186638577156074,39.01376210357665,7.192312813911444,1.4034817949738767,1.4131269758793508,1.5047239444935023
216,44,1.8192502749061685,37.31944444444444,176,59,16.839267577482683,12.796360511547329,-9.07556553329468,6.119493480300914,1.4165655470942453,1.4175956529199045,1.4846075687210625
216,45,1.459864084655567,5.87962962962963,26,15,47.11312328464144,40.3888390786743,-18.73965192741395,-15.401737212085736,1.38111574462722,1.4401800280397026,1.4458382570973571
216,46,3.2533092022299357,97.67129629629629,198,62,74.0126153763726,-27.28877420623782,56.40246692382811,39.39481897506714,1.3268529852264972,1.4620664185905463,1.5165839400327854
216,47,1.8809991892644746,43.3287037037037,186,13,72.20656034342753,-27.12501807434081,58.2457096058655,-32.94629058945656,1.3632141461133056,1.4296695245009674,1.4904949728267243
216,48,2.308925912083279,76.29166666666667,217,57,13.478785849314002,-1.0546624027633622,-11.719704129867559,-6.573727275772101,1.435249628239922,1.4368748353535499,1.4910748505732245
216,49,2.2958398944454546,75.58333333333334,60,68,34.7635622917601,-33.935580027770975,-7.296981305732725,-1.9067603980636727,1.3408025662448015,1.3839126511078235,1.4510873865609957
216,50,1.6994213684487547,24.97685185185185,87,19,14.896146328857707,-9.761297403259261,10.766179640426643,-3.2713337350273144,1.3676291269066039,1.4166709885033284,1.443658578140514
216,51,1.5043754485497391,8.467592592592593,244,16,43.96603104774425,-21.655879588012684,37.432661713104224,7.9265757066345195,1.3515439945251781,1.411291375937245,1.4597757206165831
216,52,2.1378154308388013,65.63425925925927,127,19,37.85189662193284,-24.007689789199816,26.779867677459713,11.799813390083319,1.3823836321445238,1.432982620080033,1.4802382019941545
216,53,1.878614947523514,43.083333333333336,40,20,58.01071952599023,49.19027916641239,-12.770187169952374,27.972885712738037,1.322006901781384,1.422064918538509,1.433471233834455
216,54,1.8403230765099465,39.47222222222222,106,50,51.577249131931005,28.05351522342682,-43.279890180988325,0.2530168923759457,1.4122537806525826,1.4452460901971826,1.4576118459241731
216,55,2.5855622633550697,87.33796296296296,221,52,54.4844719637317,-52.87989869125364,1.147709701385502,-13.075043480262755,1.328730166662616,1.4081554127934812,1.5444050623650332
216,56,3.1166484196432505,96.64351851851852,273,23,11.88329449703377,-6.4330069443512,-1.2263627606201588,-9.91590359657285,1.3690798072427395,1.4528399698333176,1.5262976824047014
216,57,1.4182828236190756,3.7592592592592595,115,52,37.4891599590048,-18.591594145355216,30.956514897079458,-10.073923118286142,1.3951530858360013,1.4201091098930139,1.497608512234469
216,58,1.742835332501718,29.375,120,0,29.473619261669725,-10.58232429458618,-23.341879148788465,-14.555594206676483,1.363137200322377,1.4413644171515663,1.4666477416369281
216,59,1.7875834806725532,34.125,160,69,43.564067217792,-1.804031007003798,-37.06557597846982,22.819213441009513,1.42534524428055,1.4354676406810745,1.4783319680413913
216,60,1.5351164124004029,10.546296296296296,266,22,37.348954905758184,33.56560188064572,0.9514612005615541,16.352049551239034,1.3637752439792865,1.4253124355550992,1.468517326280184
216,61,2.216663933617606,70.96759259259258,250,67,37.416609710920845,-24.89341398017883,15.907558830699921,22.962364745788584,1.366136215578689,1.3666804110947868,1.4262160130017016
216,62,1.5503305439960102,11.657407407407408,260,51,45.96005617206971,38.368557707748415,25.222794773750305,-1.997790421504976,1.4101758611419706,1.4288366384297155,1.4482346183939956
216,63,1.6647477548268288,21.712962962962962,106,48,23.263213982509612,-5.122553576202393,-20.255475225296028,-10.2299703348732,1.3941862150148667,1.4251606112228064,1.5050343493788296
216,64,2.0091479528321856,55.120370370370374,193,33,86.94370747742752,-81.31785676818848,-30.284690488586396,-5.426966239013675,1.3079501719758195,1.4081907252735553,1.4410293412512245
216,65,2.09008257873244,62.14814814814815,173,55,35.97519092923522,11.677841083374025,30.707236036376955,14.659742324905384,1.4033728902466456,1.4511988250990195,1.476967920978945
216,66,2.4065095639604976,80.9675925925926,122,59,28.944413107394585,-24.92030403282164,12.420014069290165,-7.905741430244445,1.3605362235755984,1.4633674182113836,1.5013226905776724
216,67,2.950995253513306,94.74074074074073,106,29,34.02949968898065,7.896200125541688,33.04152215270983,1.9785566688156064,1.2975200124296349,1.4352041617944669,1.467449990091574
216,68,1.3036791994045571,0.7268518518518519,75,62,42.888247274186284,-4.859226281738294,-19.35851800543785,-37.96099912841797,1.3685468599273598,1.414905891413333,1.47085133967112
216,69,1.4849196626382302,7.324074074074074,46,6,65.7236142390437,-48.01304470636368,44.88005507684708,-0.3488021882438602,1.391789022690215,1.432587791101703,1.4438505873422611
216,70,2.0733214672321725,60.64351851851851,114,44,99.65530448375588,9.287746551246645,-97.83218340969086,-16.54633992889404,1.3825808275558156,1.4382589714816956,1.486906636709671
216,71,1.682185195867244,23.26851851851852,242,21,50.02507230537702,42.453464705352786,-6.010352511444092,-25.76988273853302,1.3555066919424585,1.4335658716690638,1.4647945168876988
99,0,1.6476065116129803,20.13425925925926,195,65,50.215304183687465,34.48869114700317,-35.05752751045227,-10.152670687103294,1.3952778937924082,1.4310879081560666,1.4676574620062197
99,1,3.3737846982770856,98.32407407407408,163,18,63.74548285540277,45.70509401161193,-29.66914006500243,33.079798875770564,1.3609596931199148,1.4641297904183548,1.4871363416473544
99,2,1.8310486695568133,38.46296296296296,247,42,118.43650383381252,-86.97473677413942,-79.95683846229551,-8.336941079330417,1.4146969108198413,1.4285716894116385,1.4634277341083601
99,3,2.1801795022015433,68.57407407407408,291,51,80.11081533121008,35.17535850021364,-71.9691876448822,0.9343003523635818,1.3719424198585595,1.4409808026597435,1.4854526873123652
99,4,1.4699223349714703,6.388888888888888,271,33,17.33763752423461,10.545028992385866,8.374745283966062,10.92060803710937,1.424306556894283,1.4320139647036425,1.4600560396758386
99,5,1.9053112800562435,45.708333333333336,116,25,135.7391755330933,-19.46643896854401,-118.81098856559757,62.6907531008625,1.3444407768812543,1.4199146660146196,1.421409255525466
99,6,1.6842992857330614,23.458333333333332,171,32,118.50990254211992,85.74658830456734,12.61289590728759,80.82718881355285,1.4041579268143196,1.4500041159604158,1.4641720040969162
99,7,1.9294715471103672,48.00462962962963,116,45,117.86048882800961,-47.82559003314971,-44.13619593940737,98.26395052488327,1.3504144157683418,1.412120526414277,1.4612646778881322
99,8,2.7175500092790634,90.51851851851852,22,51,90.0565847516169,43.87019849048615,-69.4068209388733,36.99036832324981,1.38105814429307,1.4314892480523784,1.4754766903237728
99,9,2.2403938878138754,72.30555555555556,66,7,50.35775753460831,-36.0982298969269,-17.11163366958618,-30.65964017044065,1.369840121017628,1.4170163676458452,1.5224653899941771
99,10,1.7218699612515942,27.175925925925924,111,20,27.54241249938009,-5.104586299481392,-20.929830604963303,17.160124587097176,1.4006738712048694,1.4336383690555357,1.4353534344742422
99,11,1.4648405968377942,6.138888888888889,9,64,114.20291229129909,-48.46021706926346,38.65039127353667,95.91694215213775,1.3791743196122297,1.4117443059031591,1.4413507468315678
99,12,3.0337756593383944,95.72222222222221,174,7,961.6965276143904,629.3374280786132,727.1503834741213,6.85074144969941,1.2704604035168754,1.4495254302786742,1.55333753754407
99,13,1.8694704511536653,42.2037037037037,268,9,88.70370202829992,24.757121540603638,51.86191417335512,67.57050795150754,1.4319337157112662,1.4359386454988354,1.4628433409085704
99,14,1.367305110010298,2.101851851851852,149,19,38.637627929622646,-19.680322423362735,-32.93578361660004,-4.559096281166076,1.400252673546344,1.4240894280828373,1.4503281157367895
99,15,2.1177165518711805,64.21296296296296,246,15,195.0801370906286,155.8633830506897,107.55934204422002,46.83859146373748,1.3276406306564732,1.4354314862908337,1.4914856416419717
99,16,1.8391800616421912,39.33796296296296,110,43,184.6861266215786,113.5771559890747,104.02366334106449,101.92287510181427,1.3498964485508096,1.4280763974700144,1.4799003374640132
99,17,1.7911554472070441,34.39351851851852,85,22,86.68770930862229,-16.983337981529235,-48.48747504138948,69.82327649353027,1.380055403993674,1.4821012895703054,1.4868790981195366
99,18,1.8564949989457644,40.967592592592595,76,71,30.34670906790109,6.079971941223144,23.71941965555191,17.92612126617432,1.419191841171508,1.4201794142353472,1.4445125995750396
99,19,1.7210047767799135,27.111111111111114,129,36,74.83030385482468,41.287042391929624,-39.93314947319032,-47.96142281755447,1.3916108903505433,1.4041646998611172,1.4682900394520144
99,20,1.5556006449486341,12.12037037037037,240,49,117.36441138262984,-31.38503411125182,-56.21071308625221,-98.13124083268166,1.3691116641820165,1.4583020479008901,1.489792017946348
99,21,1.862719821153655,41.60648148148148,198,64,112.75384604463494,-8.034310503768932,-16.704099844789503,-111.2198395114899,1.3925216990724605,1.3950347390893878,1.4497158138714759
99,22,2.0766157468609996,60.89351851851852,82,58,216.0564333657457,185.97538735595708,93.33435969121933,58.156985801868444,1.3153675920989896,1.4423877941975165,1.5100465912950438
99,23,2.5684143575308083,86.80555555555556,87,31,68.81161753816394,-5.476691549072266,10.431276000022887,67.79552373797416,1.3992547644531308,1.400031666010393,1.4787104272193827
99,24,1.6274894392886607,18.24074074074074,101,59,117.41845874086233,21.79017606830597,-53.755066507072456,-102.09150554679871,1.3988010816067669,1.4129397793022083,1.4343604846189026
99,25,1.106530425263966,0.0,213,32,92.81908088754832,7.513101062393196,2.459773203291893,-92.48180688667297,1.419391306627033,1.4282346451321806,1.4581918625480277
99,26,2.0636659098691834,59.88425925925925,7,33,35.92045947785352,-18.46315582012177,30.725252711448668,2.313035252571106,1.3968719546369812,1.4218956578297974,1.4293905872616626
99,27,2.506345343822089,84.68981481481481,157,22,261.248483726537,67.69869207290652,-237.9851713598633,-83.84936227455137,1.3309348968133548,1.366135362112736,1.436825422005918
99,28,1.6932351614544239,24.40740740740741,23,45,100.78074030828394,41.93825258590697,-11.454398674812321,-90.9215999536133,1.376512749553962,1.438572462243123,1.487440230353101
99,29,2.2165524787054287,70.96296296296296,40,46,67.33989019740885,-20.714000555152907,-24.15349082592964,-59.3481244330597,1.3590505937147113,1.4939715799927091,1.5172028048470592
99,30,2.748428988235389,91.22222222222223,181,7,156.54734618019438,113.69468374298097,46.9791256031799,-96.8171071774292,1.3567931264326132,1.4383860294534674,1.4592105560386663
99,31,1.87505011376074,42.78703703703704,238,38,55.410446026184616,20.295273094204664,18.885982728767402,-47.97644291963578,1.364712789600622,1.3947839595936422,1.4413627598020127
99,32,2.1345082963322546,65.38425925925925,50,37,46.39156177334145,3.3754686649322547,-5.620019053649894,45.926012246856665,1.4125701275924019,1.435574357374838,1.460482444677104
99,33,2.234551055891179,71.94444444444444,175,40,103.2280955482347,-29.900028990097056,-87.57763123847961,-45.740425047912595,1.3543602829622987,1.4472621315201322,1.4623369474628525
99,34,2.213610408367578,70.74537037037038,269,18,110.96275802744319,-5.018704687118528,-98.25016268325804,-51.32691111915588,1.3609623746578443,1.3788940341399767,1.4686334325071677
99,35,1.846183776525697,39.98148148148148,41,69,98.69055093291752,-25.441726090011606,-89.37482938812258,-33.23677615003586,1.3628421712751229,1.435501704939438,1.4669723386570621
99,36,2.293783297449215,75.45833333333334,239,62,75.66896028681529,29.900040636291507,69.03422534774778,8.12741357826233,1.3504144157683418,1.3952778937924082,1.4641297904183548
99,37,1.888383269851964,44.120370370370374,257,30,113.77808123760514,-14.687901258010838,32.361376163444504,108.08542297439577,1.4146969108198413,1.4754766903237728,1.4871363416473544
99,38,2.431139553493047,81.94907407407406,73,28,108.7894172044332,25.83169055892942,103.47065237045283,21.48686009124756,1.4285716894116385,1.4409808026597435,1.5224653899941771
99,39,1.312014056341877,0.8796296296296297,278,54,53.22701792195952,-53.095442923507704,-0.6001653531265139,-3.6917718198776277,1.424306556894283,1.4336383690555357,1.4854526873123652
99,40,1.7156827007073823,26.532407407407412,190,26,21.256362352783853,2.7055921800231975,-10.333782085723879,18.37731371101381,1.421409255525466,1.4413507468315678,1.4600560396758386
99,41,1.7739084184317377,32.68981481481482,12,40,54.656842009355515,-18.33441029479982,-11.38732310535431,50.2150241468811,1.4199146660146196,1.4310879081560666,1.4500041159604158
99,42,1.389374407638411,2.814814814814815,201,46,109.457021924706,-26.521924632034303,-82.89674344833375,66.37437071716309,1.4041579268143196,1.4319337157112662,1.4612646778881322
99,43,1.4758764087177216,6.782407407407407,279,44,107.92738104848667,-28.974479604244234,14.742132758722306,102.91486109096527,1.412120526414277,1.4240894280828373,1.4314892480523784
99,44,2.050177287713784,58.7037037037037,250,20,36.379214300255256,7.520673738708496,-25.735105978260037,24.58843264438629,1.369840121017628,1.38105814429307,1.4354314862908337
99,45,1.4639670248513474,6.092592592592593,256,35,68.23231201987079,30.187754859733587,-19.55879004196165,57.98104511131286,1.4170163676458452,1.4280763974700144,1.4353534344742422
99,46,1.8731322929620149,42.629629629629626,164,45,79.39961675771698,31.124880694313045,33.328577445831286,64.99805280525207,1.3791743196122297,1.4006738712048694,1.4868790981195366
99,47,1.5404107812657015,10.953703703703704,100,10,85.47200492809742,-52.93158787658692,-38.57012279922484,54.91863307243347,1.4117443059031591,1.4495254302786742,1.4641720040969162
99,48,2.7052694489702716,90.32870370370371,44,48,979.9960344448367,-859.4305254522707,-470.8911619976808,-5.736985350627902,1.2704604035168754,1.4359386454988354,1.4682900394520144
99,49,1.7569219547177142,30.89351851851852,253,61,19.788577082759282,-11.402979572448736,14.865797366294862,-6.369294191265112,1.3691116641820165,1.400252673546344,1.4628433409085704
99,50,1.6754362367863274,22.666666666666664,251,20,82.37364921183945,43.787949158020034,31.350038206634512,62.33144228599549,1.3925216990724605,1.4503281157367895,1.4914856416419717
99,51,2.822712630993972,92.62962962962963,115,47,240.28863696926268,-193.74999371315005,-115.349037352252,83.03113015375138,1.3276406306564732,1.4799003374640132,1.5100465912950438
99,52,1.6967743703998714,24.75462962962963,98,24,193.50859235993192,-138.32193143875122,-111.96621292175291,76.00122212265015,1.3498964485508096,1.3992547644531308,1.4821012895703054
99,53,2.411094224325095,81.16203703703704,277,6,297.05450645924293,260.679880800476,-140.86390789550785,-21.088836051330578,1.380055403993674,1.419191841171508,1.55333753754407
99,54,1.4334738348411509,4.564814814814815,226,42,66.54407402169504,-2.5293556228256215,46.436475466718676,-47.59590206905365,1.4041646998611172,1.4201794142353472,1.4282346451321806
99,55,1.6733405998422008,22.48611111111111,210,54,23.490378101435073,-7.7399256414413395,6.565295953636169,-21.184624222641002,1.3916108903505433,1.3968719546369812,1.4583020479008901
99,56,2.1166724009880147,64.1574074074074,244,51,253.283113461025,30.206174219207764,246.2353276457214,-51.069423560028085,1.3309348968133548,1.3950347390893878,1.489792017946348
99,57,1.6822694341626523,23.27777777777778,35,36,54.73669528078694,25.92163467283249,27.036742749757764,-39.914774302673344,1.376512749553962,1.4423877941975165,1.4497158138714759
99,58,2.302161011350983,75.90277777777777,87,56,182.46982663383912,-165.83468328399653,-39.65390271883011,64.97432916964532,1.3153675920989896,1.400031666010393,1.4939715799927091
99,59,1.545373183934777,11.314814814814815,241,45,69.40884301618638,-52.344718919830335,38.06940807746887,-25.066672269783012,1.3988010816067669,1.4445125995750396,1.4787104272193827
99,60,1.3982140476428384,3.060185185185185,137,16,100.08057553139398,19.52524665857315,29.817123054275516,-93.51911844314576,1.419391306627033,1.4343604846189026,1.4413627598020127
99,61,2.017902514092208,55.85648148148148,66,52,66.17217971694052,55.08574107263565,20.656559491672514,-30.292326568565368,1.4218956578297974,1.4581918625480277,1.460482444677104
99,62,2.9382962968253494,94.55092592592592,236,40,87.43432573151797,4.444985323848724,75.95578063819886,-43.078101272430416,1.3543602829622987,1.4293905872616626,1.436825422005918
99,63,2.4853540353664814,83.99074074074075,134,42,185.3853523591321,-73.85173207126616,101.35083723892213,-136.53445839920042,1.3609623746578443,1.366135362112736,1.438572462243123
99,64,1.8521685317782093,40.61574074074074,209,43,87.53903402443997,3.826405107860559,37.75874690177916,-78.88420712848662,1.3590505937147113,1.3628421712751229,1.487440230353101
99,65,2.5355083446679343,85.75925925925925,126,42,34.19354529852346,-17.70453968276975,-28.523850472259525,-6.49136110069276,1.4129397793022083,1.4592105560386663,1.5172028048470592
99,66,2.4750266276214505,83.67129629629629,181,22,103.56550497420413,-97.983101678772,33.48782528024674,1.9212402163696292,1.3567931264326132,1.3609596931199148,1.3947839595936422
99,67,1.6860671283758237,23.65740740740741,168,18,67.97256939230752,-62.010684808654794,19.058340461483,-20.29100338100434,1.364712789600622,1.435574357374838,1.4634277341083601
99,68,1.954293277691137,50.3287037037037,71,30,25.580715491920593,-9.42754382461547,22.368061845855713,8.072436545028687,1.3719424198585595,1.4125701275924019,1.4472621315201322
99,69,1.8793840992598128,43.175925925925924,180,38,65.82386202088063,14.470841101360321,-59.240163125848774,24.77859241333008,1.3788940341399767,1.4320139647036425,1.4623369474628525
99,70,2.0073482690911346,54.99074074074074,280,60,151.01758462648036,8.378256803474427,142.32420320755003,-49.79896445396426,1.3444407768812543,1.4669723386570621,1.4686334325071677
99,71,1.7397814728141647,29.01388888888889,49,62,130.96780103368405,29.591105095996856,22.0176821108818,-125.66683365653991,1.435501704939438,1.4383860294534674,1.4676574620062197
20,0,2.0122623394984283,55.34259259259259,214,43,24.87120549924362,2.5395434155273433,-24.588864653549194,2.7414079002761884,1.3793805609688585,1.4121375606033402,1.4272601312761404
20,1,1.8724282760874662,42.56481481481482,259,52,69.5166805747383,-26.25416702350619,-26.118553060808182,58.831188820571896,1.3794269971683102,1.4436903277492175,1.4450267233765153
20,2,2.2643589233966677,73.83796296296296,126,0,45.264967118052716,-10.314278133544907,16.946524141445167,-40.685970976562515,1.3777284112849286,1.4317919553624605,1.493337448698108
20,3,2.982450248129478,95.13425925925925,285,54,40.837516160399474,27.976390257720947,24.4731993652344,-16.9141014283371,1.3821886450562697,1.4371274387055495,1.4839530741782816
20,4,2.380117887804102,79.77314814814814,67,61,26.51495401965083,-1.7258138931274396,-25.164910367851263,8.172615202522271,1.3915885438910476,1.4050879365332645,1.450338701430025
20,5,1.9542197779911816,50.31944444444445,19,50,42.94176560371875,-35.58088737243653,-20.379425332412715,-12.754399636020667,1.350827889230057,1.4525179927667715,1.499869822295866
20,6,2.0178901081200027,55.85648148148148,244,36,26.641532497959,24.173262790927893,-11.020757536926274,1.991864250602715,1.3744706699585065,1.4150946466580918,1.4426090634196853
20,7,2.2206238388618553,71.20833333333333,244,27,88.81804878229566,-70.40118613967894,9.020103988075261,53.394348986244204,1.346649345535917,1.386392749253066,1.4157202436205707
20,8,2.099271155554282,62.89351851851852,125,64,34.273432909547275,-4.530949447174026,-10.294235331813097,32.37541381118769,1.3881583463257978,1.4401596807695005,1.4538026701781
20,9,2.0613056049179597,59.638888888888886,125,4,72.39805331305918,-16.13282921329498,-5.015628737640387,-70.39924298926353,1.3693034469543006,1.399562205248922,1.4600443538448846
20,10,1.8067022947569735,35.95833333333333,87,68,45.385998253271886,37.31936764648439,20.18200340607643,-16.11956495782852,1.4100315209264727,1.439490223831727,1.4416388473724464
20,11,1.6719062447145128,22.37962962962963,211,33,26.368704557539367,15.88846542877198,-20.963131933631903,1.8472536086463904,1.3949974365362174,1.4119982886232738,1.4605440402467758
20,12,1.7552839408882477,30.754629629629633,200,63,16.400738379531735,-16.314677954444885,0.99503937011719,1.3510733838367484,1.392052153757254,1.4011138622985861,1.4816659691761422
20,13,1.6440413850567954,19.810185185185187,282,59,21.647126413950247,-5.550107729911804,13.024461279907252,-16.375524252252582,1.3739360121208932,1.4047724513012476,1.4281866018008533
20,14,1.505440420287084,8.550925925925926,14,48,37.615468718944584,37.55999516952516,-1.3402579047965961,-1.5407655758666872,1.4219433162773885,1.445400318438671,1.4844020720213884
20,15,1.601692799223129,15.810185185185185,225,35,15.084163016209038,-11.471533356781027,6.753461691322321,-7.094127961044306,1.3782690745241761,1.4153679141784008,1.4670062928834338
20,16,1.694686628343505,24.583333333333332,299,15,28.094642790309035,19.66910847179412,-19.020242653503416,-6.376950277500154,1.3905866176737438,1.4441702989367102,1.4574379752827364
20,17,3.0129012311272776,95.46296296296296,269,53,47.23114761993811,38.0134572940064,27.2543404220581,-6.554334307289134,1.3515001900725525,1.4176850051998708,1.4743964569341839
20,18,2.3450728570132933,78.01851851851852,99,39,19.364149171605415,-14.221306556711198,12.61398258094787,3.6894655992126406,1.389162286845082,1.399803128845673,1.4200717133915812
20,19,2.4380984595066604,82.25,84,44,30.60852220935865,25.76589049346922,-8.787376535682679,-13.992231149444589,1.3635515708083792,1.4616454935583776,1.472371820213334
20,20,1.6661457817771066,21.85185185185185,110,20,61.87697553100317,-31.480127403182983,-31.84115680091859,-42.70717051178932,1.3863916610802636,1.4073228682591175,1.4314904018857733
20,21,1.7619848741924735,31.435185185185183,99,71,61.47653054106841,5.007199100189208,-15.043185847015382,59.39692184036255,1.3936251592727273,1.4059172675575764,1.4657229135705323
20,22,2.0006386200027806,54.37499999999999,247,47,278.8760522924467,242.06407598815915,133.90976272857668,35.28471488044739,1.2994879373050297,1.4473606967411607,1.5052072761152144
20,23,1.8960936675221731,44.93055555555556,32,1,42.66416623213575,-10.922602192382808,-1.3187551349830573,41.221216946182246,1.4360431088312544,1.4465094250986659,1.4545311517318689
20,24,1.5204106093470746,9.606481481481481,260,41,46.98082801479692,32.89678804901125,2.96039113992691,33.41011256061554,1.3499584875616006,1.4498066235136442,1.4763003501013354
20,25,1.5187971061834857,9.532407407407408,213,11,23.13681137077892,-22.031783198852537,-7.016698423404695,-0.8237188359832837,1.39768012510088,1.4461111321203888,1.4495882432617566
20,26,2.3593416669414835,78.7361111111111,207,40,65.59547132943698,-45.971992623290994,-8.221401688690177,-46.06246093564987,1.3840744233908644,1.3932737239050235,1.519936737897425
20,27,2.225881149225815,71.45833333333333,299,54,70.6940492412133,52.25370951324471,45.262468392334,14.781995645294199,1.322545042012971,1.384727302161654,1.4492843682772458
20,28,2.471376333482727,83.53703703703704,71,27,36.431122840313805,30.396670693359383,17.314036631774886,-10.17316360229492,1.3435284330709907,1.4228230206909196,1.473325347120256
20,29,1.382393309367806,2.574074074074074,49,0,23.99091020973119,14.799810598735807,-15.874034903106683,-10.224695341568001,1.3965714723442864,1.4316263847122916,1.4428773209088557
20,30,1.722875702615544,27.287037037037038,239,22,62.45553101468408,-25.62732211891175,52.29193131055831,-22.571832782287583,1.4056486968432185,1.4138828456100274,1.4363363995668261
20,31,1.5147269256222278,9.226851851851851,249,55,58.41054408385151,16.57091178524017,33.346038729014396,45.00264707614898,1.392660360963325,1.4603833153671382,1.4868916088105226
20,32,2.7047597661742353,90.31944444444444,264,33,48.36162777110905,-47.459059673881534,9.025383344345105,-2.242130912742616,1.426315517219004,1.4532113505353323,1.474130816983689
20,33,3.5871573601300177,99.06018518518519,186,66,61.90770443212383,13.684555309295654,48.59662853466988,-35.82826410957335,1.3786202263966547,1.4724438091439795,1.4961273207989454
20,34,2.1754689597697743,68.31944444444444,3,4,41.07667975720406,-4.99557183134079,-2.5584790355682174,40.69142498092651,1.3947236898514626,1.4891694333419965,1.5040978475752855
20,35,2.1231519051483403,64.5925925925926,202,63,59.38296938458658,1.3213030089378326,16.166973988265998,-57.1246020848465,1.4039679464429167,1.4672970427720102,1.4715779301356502
20,36,2.835526157056818,92.86574074074075,261,64,50.847781220227056,-13.02771620946884,9.419828160400378,48.239426849975594,1.386392749253066,1.4272601312761404,1.4450267233765153
20,37,1.6348304595565424,18.958333333333332,122,44,42.045336616330154,11.64087082780838,-22.132338731451032,33.800296445846534,1.4317919553624605,1.4436903277492175,1.4538026701781
20,38,2.0332225116288556,57.2962962962963,151,12,60.84143318092119,-41.3453421043396,27.148058794136038,-35.42916286752701,1.3693034469543006,1.3777284112849286,1.4371274387055495
20,39,1.5917771972865848,15.00462962962963,154,7,28.148548702977976,-7.544416457290648,-26.871133553009035,-3.655783907623278,1.3821886450562697,1.4100315209264727,1.450338701430025
20,40,2.1168416928390466,64.16666666666667,255,51,24.55679234809939,11.650152137145986,19.86142844517708,-8.534264217033376,1.3915885438910476,1.3949974365362174,1.499869822295866
20,41,1.9348043448907344,48.486111111111114,246,65,13.022172268877755,-2.5299595266914388,12.570112979507442,2.273441240949631,1.3744706699585065,1.3793805609688585,1.4525179927667715
20,42,1.9762473620431138,52.175925925925924,50,29,62.67521099950432,59.419340401306144,-12.863417208042145,-15.23340270057677,1.346649345535917,1.3739360121208932,1.4426090634196853
20,43,1.449259767695749,5.351851851851852,155,60,43.99416424578503,-26.070141968727118,6.791662040061958,34.78084979049684,1.3881583463257978,1.4157202436205707,1.4844020720213884
20,44,1.920483171430238,47.18518518518518,32,62,35.7080195353188,30.482402853698744,-11.738635460548402,-14.425332333221409,1.399562205248922,1.4401596807695005,1.4670062928834338
20,45,2.701975417415904,90.24074074074075,217,12,36.553162321405345,-7.37490382068634,21.04094656322479,-28.965894376907343,1.4416388473724464,1.4574379752827364,1.4600443538448846
20,46,1.3201378204469862,1.0185185185185186,137,26,25.80415238466572,5.777695166282654,22.776466002998347,-10.663260067672736,1.4119982886232738,1.439490223831727,1.4743964569341839
20,47,1.6020689427222732,15.837962962962962,178,0,31.94887708140176,4.568230032825471,-23.76085374122619,-20.863457302608495,1.4150946466580918,1.4605440402467758,1.4816659691761422
20,48,1.4788131849244437,6.912037037037037,151,57,19.374522614035957,10.369286592092514,12.303950415687549,-10.791794394869804,1.4011138622985861,1.4047724513012476,1.472371820213334
20,49,1.6882448903582756,23.935185185185183,138,41,18.659662241242025,6.529254250345231,17.35122150072098,-2.118241328201292,1.4073228682591175,1.4219433162773885,1.4281866018008533
20,50,1.416870919998701,3.7129629629629632,224,31,31.11106135298851,14.752184109802224,14.745760270404821,23.083192078819273,1.3782690745241761,1.445400318438671,1.4657229135705323
20,51,1.658021606375317,21.125,18,34,29.625158455548664,-2.2843929166984562,26.246678595428452,13.547819943695083,1.4153679141784008,1.4441702989367102,1.5052072761152144
20,52,1.4317833613702824,4.458333333333334,151,38,16.93393672243766,9.552298178520214,3.6918230049896303,13.486372949314116,1.3905866176737438,1.4176850051998708,1.4545311517318689
20,53,2.281455254052414,74.79629629629629,261,40,45.55143544290579,-9.418508213500987,-41.72249334045411,15.667115988502497,1.3515001900725525,1.389162286845082,1.392052153757254
20,54,1.8505944642723933,40.4537037037037,32,6,60.205776021941425,-54.03451293704986,-24.404952150421156,10.459693523025503,1.399803128845673,1.4495882432617566,1.4616454935583776
20,55,1.841439548246457,39.59259259259259,41,11,42.750311895005225,27.502726161651616,23.54009071243285,-22.738807137751582,1.3635515708083792,1.3863916610802636,1.3932737239050235
20,56,1.4654752234917148,6.194444444444445,201,55,22.702137143452465,7.17019706946373,16.991067564582824,13.239294840774539,1.384727302161654,1.4059172675575764,1.4314904018857733
20,57,1.6544629752535438,20.77777777777778,234,52,47.09848675166595,-1.59320104705811,1.2368268325042842,47.05528051246644,1.3936251592727273,1.4473606967411607,1.473325347120256
20,58,1.924259839959803,47.523148148148145,120,35,273.48300679206704,-213.24664018524174,-166.5665602734374,39.67879096458438,1.2994879373050297,1.4428773209088557,1.4465094250986659
20,59,1.8950548827329983,44.81481481481481,88,54,50.669311522577814,-12.72214843252182,13.475737335968018,47.158568390960696,1.4200717133915812,1.4360431088312544,1.4763003501013354
20,60,1.9751297619138577,52.06018518518518,218,12,54.094357846408435,-12.630021566314708,-45.340132756843566,26.66372943984985,1.3499584875616006,1.4461111321203888,1.4603833153671382
20,61,2.4491909433289067,82.72685185185186,199,11,64.71921302126808,42.76655562438969,-25.526286704025235,-41.32804061677933,1.39768012510088,1.4532113505353323,1.519936737897425
20,62,1.998860447048783,54.19907407407407,115,34,66.61013820056462,-1.018944733810423,-36.26293069244385,-55.86476635879517,1.3840744233908644,1.4492843682772458,1.4724438091439795
20,63,2.902928959100133,94.02314814814815,239,70,91.3359542311383,-78.94921615570061,-7.157550976028437,45.36570585517884,1.322545042012971,1.4228230206909196,1.5040978475752855
20,64,1.4965085817120882,8.01388888888889,127,69,100.48730598285462,-80.14829189437866,-18.74904683807373,-57.64046506378173,1.3435284330709907,1.4316263847122916,1.4672970427720102
20,65,1.366149328320248,2.0925925925925926,192,57,24.348804856541566,-12.46665140698433,-14.972896619949328,-14.603399174404148,1.3965714723442864,1.4138828456100274,1.4498066235136442
20,66,1.5667528756300038,13.060185185185185,131,32,20.205578440787363,13.426211290893553,-2.0454935538482544,14.960555023803723,1.3794269971683102,1.4056486968432185,1.4868916088105226
20,67,1.9566484792277379,50.53703703703704,195,35,27.349487014219978,26.07017444694519,1.9415280519485405,-8.035602844238266,1.392660360963325,1.474130816983689,1.493337448698108
20,68,2.301092989581759,75.87037037037037,199,36,52.276909857372395,19.26407806015015,-38.007654856834414,-30.285124616088872,1.3786202263966547,1.426315517219004,1.4839530741782816
20,69,2.242112471152707,72.38425925925925,273,47,35.15823507176484,22.099393326053615,17.647341502990717,-20.887547626724235,1.4050879365332645,1.4891694333419965,1.4961273207989454
20,70,2.6573115810689782,89.14814814814814,36,32,20.926851784891973,-6.633119439373017,19.721518745498656,2.2352965129470714,1.350827889230057,1.3947236898514626,1.4715779301356502
20,71,1.7331026346522311,28.27314814814815,66,14,36.20562836189387,23.08423936510086,-5.948707750358579,-27.25028979873656,1.4039679464429167,1.4121375606033402,1.4363363995668261
6,0,2.3827733712008357,79.86574074074075,172,66,142.99245879762108,132.41388855865478,53.78616662216187,-4.522573366851808,1.3980260636793633,1.4479451898230502,1.512807542241714
6,1,2.993604313957024,95.25462962962963,68,24,63.90164502326768,-59.51955576553347,19.173276661758443,-13.161617689514154,1.3368541909021847,1.4676871675821794,1.4895188235436283
6,2,1.8554038292269766,40.879629629629626,57,50,23.95805878588067,4.711757751760483,16.903305087356575,16.311535697174083,1.407602352404,1.4089936063053474,1.409097238737353
6,3,2.2941959640668967,75.47222222222221,63,45,106.44503015728581,-83.7385378063964,65.50617335044862,5.229051942100521,1.31106449947521,1.3988345383515939,1.456379939488702
6,4,1.957160512634843,50.601851851851855,244,57,34.53507574599496,28.865278498306278,-18.228953536529534,-5.2127158909606734,1.4304908949047501,1.4426351545184186,1.4573602841247348
6,5,1.8463105805753361,39.986111111111114,143,66,33.61442535551611,-32.72921039333343,-6.730095388641333,3.665268758258816,1.3400064190985024,1.4683657022481278,1.482806270524472
6,6,2.272364511271286,74.25925925925925,231,4,47.06205388952526,-12.549899276399614,-41.08464872505188,19.21948447778702,1.408039849738852,1.4418386972901165,1.4532042562822578
6,7,2.999645852164092,95.30092592592592,258,46,63.04003620112913,-46.39829603591919,-41.91324354354858,8.03270221420288,1.3503225166810224,1.3891898076777023,1.486197240791876
6,8,2.211563809428876,70.56018518518519,23,31,47.16279612714159,-25.810208357019427,24.106409170336725,31.257695372657782,1.397948557628855,1.4356560500869449,1.4660196517225863
6,9,2.7660436617548902,91.59722222222221,65,2,24.44747390466843,14.14034170032501,19.367186103057875,4.758342081756572,1.4359840414582226,1.4758068530559516,1.4829563837218505
6,10,2.0702655164223893,60.44444444444444,194,12,71.72363400475213,-69.63383038238524,2.922384018383031,16.937207939147935,1.4008792418464744,1.4787917995816042,1.4882454706764272
6,11,1.8742546041725323,42.72685185185185,242,15,55.85017184458461,55.11427823654175,6.479128922452928,-6.29912041009903,1.3873164073563882,1.4436925964536929,1.4605736530922442
6,12,3.0738520589494973,96.20833333333333,91,34,123.77825558255506,-115.04106641937261,36.56488676834102,-27.379164482727035,1.3194153794071812,1.480112320283898,1.4812090871162047
6,13,2.320295384139236,76.85185185185185,178,70,61.16936698396992,-57.60591202110291,-15.96969284133909,-12.969937085037241,1.397917782024214,1.4419089529102878,1.4715083994397427
6,14,2.0084941009573947,55.08333333333333,156,8,72.99130090902513,14.8151091056824,3.1224398263549613,-71.4037318360138,1.3207089036908124,1.4265695169861161,1.4578976812396982
6,15,1.6812770675186552,23.208333333333332,31,31,51.223517246317904,-8.159036761055006,-50.54551213180547,-1.5588590536308318,1.3602829853449783,1.4377228773527535,1.4756196545175349
6,16,1.9748725633519393,52.041666666666664,18,67,50.14385544026086,-49.09774028015135,10.189067640724192,-0.0322243592643795,1.344274885526911,1.415942312609071,1.4223240971496969
6,17,1.3749631819678318,2.314814814814815,268,9,40.764156081637196,30.808804273338318,26.337322256774875,-4.345049670371997,1.39512949257262,1.4224028063041598,1.450833774634021
6,18,1.7259520077954034,27.620370370370374,294,16,13.058014944434067,-5.845655217533108,-9.965154764318466,-6.085701265258786,1.4238616492936855,1.435024321415325,1.463673126969416
6,19,1.9072673160387488,45.9212962962963,108,0,23.8865497531234,13.84163189361573,-19.14514869453432,3.527005400371555,1.3768596462504485,1.4065661168710433,1.4336382420139828
6,20,2.6864265796415414,89.84722222222223,257,43,26.753012286006822,-25.85505197074889,-5.860930639495832,3.590187460861205,1.3812144462363012,1.3978858485772656,1.4270843638198272
6,21,2.239148109941355,72.24074074074073,222,50,52.496109916635604,-1.3775312918853644,51.28056194213865,-11.14665558891298,1.397960504732151,1.4799537482967047,1.4816590616098297
6,22,1.3842162586251994,2.6064814814814814,213,11,31.793889982333763,18.814244276885994,24.23686028360367,-8.33368202486038,1.3690656837708408,1.4442117896862225,1.4664342599864268
6,23,1.7530068056032224,30.458333333333332,94,18,17.734299297791008,-4.657119813842758,-14.785694594764697,-8.613933014221198,1.3809159875494637,1.4542985560525066,1.4912279101071433
6,24,1.5436990641437762,11.171296296296296,117,39,49.87989046048533,-41.54068498840333,-25.023926986389167,11.669534747543342,1.3861870292596297,1.4111920707668226,1.4859828262842856
6,25,2.5836838238036917,87.30555555555556,29,12,13.883011741079768,0.22670199279783976,13.737589802703898,1.9912929523468041,1.3262199524890337,1.3674406621726005,1.466955238260029
6,26,3.8680053265711623,99.51851851851852,205,61,22.295034800354774,8.34575081016542,-5.951200439987176,19.79899576965332,1.3651163352946603,1.3934355123710542,1.494487326181354
6,27,1.9142637007391001,46.5787037037037,254,4,36.909022964826804,27.54125891750335,22.79608622741702,9.170250060348522,1.388233981835233,1.4510156660016351,1.4763194850363341
6,28,2.794305957028589,92.0925925925926,167,37,40.38960361337801,-24.206373807945255,-26.03610222702024,19.170105058135988,1.4137767677796482,1.4275298437884563,1.4522954268323225
6,29,1.3913542710998428,2.861111111111111,137,12,25.91349490298877,14.07607384231567,-9.428180833439825,19.608232185611723,1.410226190605933,1.4323299101795677,1.4491530559997359
6,30,2.3850168326729713,79.94444444444444,220,34,27.4445581089924,-2.9414252887916548,-25.840365201301562,8.76511912820816,1.372758835880856,1.4217443437784136,1.4596316717278746
6,31,2.0145982739367154,55.55092592592593,179,35,10.11312641933853,-3.765577625427258,9.003844829349516,2.650760156898496,1.425701598520152,1.4275913768320054,1.4280590410291127
6,32,2.770170621593683,91.69444444444444,8,53,40.436732860362106,39.28331058273316,-8.848697463073707,3.6947837944602964,1.339894564477318,1.4400982265498263,1.4625617539369167
6,33,2.6702568564753806,89.44907407407408,299,47,42.2161735908354,8.94620471870422,-12.851363374671937,-39.20475982830049,1.4166469526286936,1.4327602065267253,1.4893149490167876
6,34,2.048096485019939,58.53703703703703,193,0,19.761132113647946,-4.4389373624229425,11.966539888572687,15.086421066665634,1.4164759061844763,1.4474526207256062,1.4614241382681945
6,35,1.6328893671951021,18.78240740740741,3,66,40.53522703067483,2.2114431304359403,-22.56208212417604,-33.60307426309586,1.3990196091017715,1.4268039629928706,1.483597669879744
6,36,4.671268228988481,99.92592592592592,216,27,52.79152846779023,-20.59433525932311,-36.45781576812745,32.1503732888031,1.3368541909021847,1.3503225166810224,1.512807542241714
6,37,1.9568823456047841,50.56481481481482,261,67,59.3373546623136,-49.31592041915894,-0.8796986201476953,-32.98617561752321,1.407602352404,1.4356560500869449,1.4676871675821794
6,38,3.1817486753773485,97.22685185185185,221,3,116.60175734868257,98.93920201843254,-61.62952353439333,-2.9674820438385097,1.31106449947521,1.4089936063053474,1.4829563837218505
6,39,1.560763519623987,12.574074074074074,31,28,23.758991932575057,-16.816167522354124,-5.184153848495493,-15.963419320039748,1.3988345383515939,1.4304908949047501,1.4787917995816042
6,40,2.007827541322938,55.041666666666664,224,64,29.05282257679161,27.10704573005679,-10.431928043823243,0.6704093940544109,1.4573602841247348,1.4605736530922442,1.482806270524472
6,41,1.867316980406596,42.01388888888889,242,3,56.56892903978275,26.747367896842956,42.33024130596161,26.32057587284087,1.3980260636793633,1.408039849738852,1.4683657022481278
6,42,2.8155207204177737,92.50462962962963,117,71,85.30095198477596,71.42298666125298,-38.10581485969544,26.88784594894409,1.3891898076777023,1.397917782024214,1.4418386972901165
6,43,1.8776531588496386,42.986111111111114,46,62,29.00923980593611,26.017665028915406,7.479248320846565,-10.42487146762848,1.4265695169861161,1.4660196517225863,1.486197240791876
6,44,2.2285824718780995,71.64351851851852,229,36,18.09911113606499,-10.953000231981278,14.396688003845192,-0.5873536871337861,1.3602829853449783,1.397948557628855,1.4359840414582226
6,45,2.029100652316591,56.91666666666667,62,57,66.7550497032223,1.5721379378414169,-64.77107849430085,-16.07707790206908,1.4008792418464744,1.4223240971496969,1.4758068530559516
6,46,1.7943879473560778,34.708333333333336,128,36,32.27046977655845,1.4098241580677018,28.65587798171998,14.77282209125519,1.3873164073563882,1.450833774634021,1.4882454706764272
6,47,2.345873700474569,78.06018518518518,209,4,16.780262669788772,-16.003680836181644,-2.65648643798827,4.289812905654916,1.4436925964536929,1.4532042562822578,1.480112320283898
6,48,2.294578464112579,75.49074074074073,31,22,30.50753047060645,26.527588187456132,-6.270802444496154,-13.69939842014313,1.4336382420139828,1.4715083994397427,1.4812090871162047
6,49,2.767314522123685,91.61111111111111,221,3,63.39934438513774,53.53650178924552,-20.85499632507326,-26.802779201354987,1.3207089036908124,1.4270843638198272,1.4419089529102878
6,50,2.1511940915825654,66.64814814814815,70,26,26.23980261119348,-11.337670095911022,17.404125889053322,-16.033741918487554,1.397960504732151,1.4578976812396982,1.4756196545175349
6,51,1.755973061895526,30.819444444444443,247,18,8.172302994428383,6.435167526397705,-1.0791347986602724,-4.920429170942306,1.415942312609071,1.4377228773527535,1.4442117896862225
6,52,1.8939273536855388,44.72222222222222,275,59,17.151290889307226,-5.878000358581548,-1.1483937947845448,16.071623522415173,1.344274885526911,1.39512949257262,1.4912279101071433
6,53,1.8347220870709258,38.875,108,21,90.07103431445347,64.16571521774284,-63.15300322219852,2.6926561399412154,1.3194153794071812,1.4224028063041598,1.435024321415325
6,54,1.7579355968729558,31.01851851851852,68,26,30.48814285614298,-24.9648727097702,16.56735395626069,5.639571640605926,1.3674406621726005,1.4065661168710433,1.4238616492936855
6,55,2.1175689667779873,64.20833333333333,24,49,30.876467223107124,10.554363420562748,28.946829817352302,-2.010642805557239,1.3768596462504485,1.3812144462363012,1.494487326181354
6,56,2.810015776725067,92.39351851851852,41,22,64.20594050240592,48.98723177413938,39.73289004486086,-11.997973478393542,1.3978858485772656,1.4510156660016351,1.4816590616098297
6,57,2.010114747693924,55.19444444444444,235,50,53.345943949357775,-34.61133567707061,-38.83182728141787,11.829385803298953,1.4275298437884563,1.4664342599864268,1.4799537482967047
6,58,1.6951169399254162,24.62037037037037,7,8,9.207287014947198,6.86372728942869,3.6414633907317917,4.939952048950202,1.3690656837708408,1.4491530559997359,1.4542985560525066
6,59,1.816741463308142,37.00462962962963,133,51,50.40164656099017,36.6159458227539,34.42604745355606,-3.8007557524299687,1.3809159875494637,1.3861870292596297,1.463673126969416
6,60,1.5049045749110905,8.49074074074074,211,29,46.697646368140674,45.6822014757538,0.38521505657196364,-9.677719463424689,1.4111920707668226,1.4280590410291127,1.466955238260029
6,61,2.966983838345037,94.93518518518519,166,36,12.44625956646677,-3.6643408163452573,11.546436786956772,2.8568831096744547,1.3262199524890337,1.3934355123710542,1.4625617539369167
6,62,2.4656838376509067,83.3287037037037,54,60,27.648529766196937,-22.761784399185192,5.536551240386989,14.686353174285877,1.3651163352946603,1.388233981835233,1.4327602065267253
6,63,2.1667154563357527,67.73611111111111,0,31,55.89008804664947,-41.31426649948122,-37.396958833198546,4.2779429051971425,1.4137767677796482,1.4164759061844763,1.4763194850363341
6,64,1.497743160014894,8.074074074074074,81,40,66.64013621810261,47.61363379138947,42.814586210021986,18.45970855705262,1.4323299101795677,1.4522954268323225,1.483597669879744
6,65,1.463058494139623,6.041666666666667,21,36,28.455301402167958,-4.5686073370075215,27.864788083744056,3.519316686019902,1.372758835880856,1.410226190605933,1.4859828262842856
6,66,1.5589775396370362,12.416666666666666,223,20,27.933203248613093,-26.335300563125607,-8.30281551376344,4.216520191173551,1.425701598520152,1.4596316717278746,1.4895188235436283
6,67,2.0071491512162267,54.98148148148149,184,25,48.68872066201315,38.16267642871857,-11.49395873184203,-27.965882073898303,1.409097238737353,1.4275913768320054,1.4400982265498263
6,68,2.128714195150827,64.99537037037038,233,44,63.853663022287954,-51.351555990600595,14.774977750244139,34.95723117164612,1.339894564477318,1.4166469526286936,1.456379939488702
6,69,1.9981435375829801,54.125,149,39,17.449620755807462,16.447666736145006,1.507794596786488,-5.629394186954497,1.4426351545184186,1.4474526207256062,1.4893149490167876
6,70,1.9304317841209706,48.092592592592595,266,67,55.964104738949914,-51.18336575881958,21.945691495361295,5.534502111434941,1.3400064190985024,1.4268039629928706,1.4614241382681945
6,71,2.1878169647413084,69.03703703703704,261,61,9.069339657925298,-2.3991704769897595,-8.01975137054442,-3.490055989208221,1.3990196091017715,1.4217443437784136,1.4479451898230502
203,0,1.6050572286897271,16.087962962962962,239,35,18.59511853432505,-5.059598692512518,-5.821304959754942,16.92014488536836,1.3931206645434526,1.4139393697617595,1.4166507112839335
203,1,1.3263824882555766,1.1574074074074074,20,43,64.16350063143501,18.206521624670028,58.384436880302424,19.40966032110214,1.3941923625063835,1.451875188827167,1.4784040646223675
203,2,1.7632859915168482,31.550925925925927,124,16,28.058529572276043,9.93036933151245,-16.77671501228334,20.179461838579176,1.3754129235854633,1.4182934286246207,1.4637738422214768
203,3,2.1290100693244134,65.03703703703704,102,37,33.58355145206243,-4.816242522401808,-32.537680834350574,-6.779237569274906,1.3725457553870497,1.3829347220792416,1.4352767031212048
203,4,1.5354828673368073,10.583333333333334,56,43,19.3534351445141,-1.3202609563636725,15.001074731445325,-12.156484681091317,1.4350305675399686,1.4527147089291867,1.4624681734234721
203,5,2.1171423601876618,64.18518518518519,208,58,30.220474800982657,18.124568653793332,12.343246659793861,-20.794743811988827,1.3890231646544415,1.396600024249873,1.4569002447474881
203,6,2.250285491532748,73.0,295,52,30.225203939304343,-22.457787236213694,-13.741668660888662,14.845109903259267,1.391157577586656,1.430196133340986,1.4332414859939746
203,7,2.4069102471081414,80.99537037037037,28,30,31.325105477426153,-16.391040378723147,26.324756261844634,4.427554204006194,1.4026233507270818,1.4177250681488023,1.4382060073696628
203,8,1.897438793066953,45.05092592592593,16,71,27.046692864368794,19.014056404457094,18.64274548416134,4.736802166061399,1.4057245601636486,1.4437413775934504,1.506333426964476
203,9,1.4840727651825023,7.263888888888889,24,28,20.657891129179887,-16.963029857177737,-8.739257561607358,7.913877762603757,1.3881322148271469,1.4018171800972192,1.4138695690077545
203,10,1.5370012955271235,10.699074074074074,278,10,58.039922972984954,-49.58610039722443,-23.762466450500508,18.579464316692352,1.4300508094238935,1.4394065109802423,1.4406600715260156
203,11,2.463801083401255,83.26851851851852,56,62,14.373705063922522,7.232345061874396,-5.568969755401609,-11.103294917907707,1.3815737983683152,1.4415030636596076,1.495849199003342
203,12,2.404673199563074,80.90277777777779,188,5,9.658535631473306,-7.574906781711577,-5.163944485588074,-3.0400288062095644,1.3745727221481323,1.4367205516597172,1.4964173427155596
203,13,2.31988363312169,76.83796296296296,230,27,30.63432974361679,6.767593736877409,-28.18974405101776,9.899503229522711,1.3215882077570944,1.341561772302425,1.4201359343488975
203,14,2.0928497960964494,62.37037037037037,185,13,57.350940856203074,18.10096770557404,54.12070174270628,-5.695175861244184,1.3883538723918916,1.4213175998603595,1.4468311081428409
203,15,1.9558038751562568,50.47222222222222,109,58,13.395591650982823,6.028431988143929,10.701190652427666,5.346438259682655,1.3892162801090473,1.4460314145565758,1.4470962679211528
203,16,1.920200353528455,47.175925925925924,257,7,25.218368430771218,17.156955405616763,-10.412715577507017,-15.270243672637934,1.3842220842977415,1.43614012047294,1.4473483852473683
203,17,3.3305334921269525,98.09722222222223,186,53,45.53538537537621,-1.450343301391599,44.91417595973968,7.354224870758042,1.4051845153026996,1.4500418392100236,1.4989167232624225
203,18,3.370572306205189,98.31018518518519,228,34,50.84574316812782,48.483208358983994,14.094721907043418,6.000576630764004,1.3953048179524747,1.4812616699478427,1.5227448556343297
203,19,2.3088826416376182,76.29166666666667,164,8,15.113529245205116,3.026955145873922,-14.777827959022522,0.9338680870819016,1.3308750278520105,1.4189154961136752,1.493298637427794
203,20,1.3998709439869002,3.1064814814814814,198,40,21.56702452343957,-21.183017859382634,-1.3947702043914934,-3.8040658827972473,1.4104772986460055,1.4387999527498743,1.4751554767225539
203,21,1.9740772124989552,51.96296296296297,256,10,30.82995100517516,14.00063527397155,9.91200849761964,-25.61679485122681,1.3805352392519168,1.44755385402009,1.4614774376596267
203,22,1.347789015819596,1.6203703703703702,182,36,25.610551761777096,-22.23312177045822,-7.8675368899536195,-9.984514067687995,1.3998424584763134,1.4093492648014458,1.447986325861014
203,23,1.6793545331220574,23.01851851851852,98,22,23.528463239706127,-6.712172457122801,1.2681037360763592,22.51504466445922,1.4249831251115659,1.4340266617148005,1.4341197718591014
203,24,1.7326154382614063,28.24537037037037,148,69,31.96086968003887,-6.591375723266624,11.75721795841217,28.97962702757835,1.4024182221373271,1.419566780433998,1.4280073134381455
203,25,2.2146123187711972,70.8287037037037,293,24,50.79945761453341,10.94076991003036,47.8502549400711,-13.08577662489891,1.395910060373722,1.4170949802689699,1.4658882535414208
203,26,2.1011962666855486,63.01851851851852,206,48,27.418050007224796,21.72514232048034,-3.332175321960451,-16.39098120849608,1.362333052933221,1.397981651991643,1.4773008174540498
203,27,1.3327138121889792,1.2824074074074074,203,15,17.304401335683796,-8.389265577239986,-14.223788927612308,-5.171688041992188,1.3915069653896068,1.4287353353257062,1.4419000516097646
203,28,1.584434503346264,14.384259259259261,268,59,37.90530664811398,-3.352611648712145,-0.733685321273797,37.74962215797426,1.371099344718443,1.401579754128577,1.4811479983025337
203,29,1.7349891344742,28.439814814814813,244,18,53.62523404432642,-38.22278898574827,-21.298851567325595,31.00069435307503,1.3765515419186003,1.3972119247625052,1.4475820424790673
203,30,2.459985316129239,83.0925925925926,212,58,38.293121453402804,30.28763631294251,14.574519373703007,-18.346815043640134,1.3856481697193015,1.4554616205296569,1.5049335649674283
203,31,2.8098210563279373,92.38888888888889,120,62,65.38428141463547,18.69152829284659,59.035208120422396,-20.98988395309448,1.3152688232750522,1.44167576159425,1.4772447585697428
203,32,1.761283036032911,31.333333333333336,19,20,10.884209089477249,-6.513955141143779,5.096627858734104,-7.075222992401098,1.403439183598058,1.4508414199822681,1.4697360521495229
203,33,1.474732434575381,6.7407407407407405,130,34,9.731375017683945,7.893118045043945,2.3486107705688597,5.184821569752694,1.4009633079020236,1.4153528564923208,1.4877471348224043
203,34,1.617299638628868,17.26851851851852,112,47,41.733856811673384,-7.71752861034393,-7.180809451484693,40.3805712211609,1.3708579558542096,1.469027757391157,1.4878793099880259
203,35,2.017630764689238,55.833333333333336,238,43,27.389425665253047,-11.640733859863307,-23.894955305252097,6.610980595664978,1.3349269913793924,1.3955445382601055,1.4426688103495022
203,36,2.0583587033334085,59.39351851851852,166,42,7.479189617924816,0.6968393997287756,-1.7419136270904467,-7.240057258586882,1.4026233507270818,1.4139393697617595,1.451875188827167
203,37,1.9152825348656233,46.67129629629629,145,21,37.7084367000522,-37.556697697410584,0.9137423248291032,3.253572097091678,1.3754129235854633,1.3941923625063835,1.506333426964476
203,38,1.785250846979259,33.916666666666664,0,9,17.4596491454189,-1.499637030334483,15.074475420570375,-8.68047394172669,1.3725457553870497,1.3881322148271469,1.4637738422214768
203,39,1.949966761114251,49.888888888888886,279,67,25.07812235051214,13.001320308589943,-17.173431814727802,12.843330197639474,1.4300508094238935,1.4350305675399686,1.4352767031212048
203,40,1.812114181269969,36.48148148148148,262,45,7.135116460993762,3.854628180503833,5.915279127655049,-1.0301462730789197,1.3890231646544415,1.4624681734234721,1.495849199003342
203,41,2.044846950781196,58.31481481481482,280,30,33.43041413935112,-29.806258838729857,14.993243149642947,-2.09336652854919,1.3931206645434526,1.396600024249873,1.4332414859939746
203,42,3.61980709756532,99.14814814814815,238,25,71.60560637885219,-15.548280476665497,67.92605242507932,-16.482270506439217,1.341561772302425,1.391157577586656,1.4382060073696628
203,43,2.2111149564070316,70.52777777777777,284,46,39.61148306186433,21.03913126472473,-33.529723827667226,1.4772156330108699,1.3883538723918916,1.4057245601636486,1.4177250681488023
203,44,1.4239129936899568,4.032407407407407,219,3,23.405320854644824,-17.82680222045896,0.37537845753669863,-15.16157174949645,1.4018171800972192,1.4437413775934504,1.4470962679211528
203,45,1.8059056589488152,35.84722222222222,282,7,27.526113871692623,17.636062301049236,5.755661859970091,20.335402822284703,1.4138695690077545,1.4394065109802423,1.4473483852473683
203,46,2.635620666964992,88.61111111111111,95,49,29.320990965969255,21.672904525337216,-9.819785410270704,-17.13410444576263,1.4051845153026996,1.4406600715260156,1.4415030636596076
203,47,2.2152453040670252,70.86574074074075,68,55,18.05298401599198,9.133666167869563,-15.48650494644166,-1.6292755320739816,1.3815737983683152,1.430196133340986,1.4964173427155596
203,48,3.564549644121251,99.01388888888889,124,3,65.37235765194286,58.73017006072989,-28.688584865722678,1.1302070666504016,1.3215882077570944,1.4367205516597172,1.493298637427794
203,49,1.9405214496734957,49.0,30,43,29.802913992151034,-29.363775827274328,0.4844806537628171,-5.0742122625351,1.4104772986460055,1.4201359343488975,1.4213175998603595
203,50,1.75492242575286,30.694444444444446,60,10,41.87849574276596,-12.34365488685607,-33.977638031311045,-21.141492462081914,1.3805352392519168,1.4460314145565758,1.4468311081428409
203,51,1.740081018128429,29.060185185185183,193,49,20.75913837123185,-19.729000670928954,5.685764600505829,3.0627502918243454,1.3842220842977415,1.3892162801090473,1.3998424584763134
203,52,2.733784139851801,90.82407407407408,69,27,28.956280312667182,2.798673825378406,-23.94617220588685,16.037906068153376,1.4341197718591014,1.43614012047294,1.4989167232624225
203,53,2.8576605581627135,93.26388888888889,267,2,3.5751960569580645,1.8403511135864359,2.0789543734741622,2.2523506248855463,1.3745727221481323,1.4500418392100236,1.5227448556343297
203,54,3.0204518651975336,95.56481481481481,64,7,36.265618164717495,29.18390086349487,-21.180219060974114,3.8591853787994372,1.3308750278520105,1.3953048179524747,1.395910060373722
203,55,1.8872358827001996,43.99074074074074,218,2,44.66321220023244,-34.382138815155,8.808360495185852,-27.112429620475776,1.397981651991643,1.4189154961136752,1.4387999527498743
203,56,1.5962723288479606,15.305555555555555,47,6,27.509326673501782,3.003867514495856,-15.625109515571594,-22.440939967193604,1.4419000516097646,1.44755385402009,1.4751554767225539
203,57,1.5325708417186088,10.38888888888889,68,59,48.75687612365044,28.940704807205204,-37.73100291267395,10.772186119956977,1.371099344718443,1.4093492648014458,1.4614774376596267
203,58,1.33833995837576,1.3981481481481481,82,55,10.666454118181038,8.21428883459091,-1.5027686038970867,6.636293311805735,1.3972119247625052,1.4340266617148005,1.447986325861014
203,59,2.4884926061289585,84.10648148148148,222,15,38.9484195857962,-31.328847163937095,-20.244532266159048,-11.208998034362788,1.419566780433998,1.4249831251115659,1.4812616699478427
203,60,1.8592704652218885,41.2037037037037,278,23,52.56816113597426,2.1255491064453014,-46.77286883148191,23.89963069770812,1.4024182221373271,1.4658882535414208,1.4772447585697428
203,61,1.3935068395283214,2.8935185185185186,47,15,27.351678954961013,-23.539794596710184,10.348755827693942,-9.321784422454849,1.362333052933221,1.4170949802689699,1.4697360521495229
203,62,1.628011757649374,18.27777777777778,123,32,30.306482368056322,7.4205533901214595,25.899485597381588,13.879297774047838,1.4009633079020236,1.4287353353257062,1.4773008174540498
203,63,1.6664037326804255,21.875,61,4,36.251226326705094,-28.591536083374002,-4.444409494514467,-21.83855990737915,1.3915069653896068,1.401579754128577,1.469027757391157
203,64,1.6312585504294954,18.625,220,6,43.4524271527602,26.462814288177483,22.359126237678524,-26.22789277282714,1.3955445382601055,1.4475820424790673,1.4811479983025337
203,65,1.8126350820315404,36.55555555555556,49,21,24.818997403217203,23.22424473999024,-5.970113192863474,-6.401159021797179,1.3765515419186003,1.3856481697193015,1.4280073134381455
203,66,2.2112916357456895,70.54629629629629,83,24,76.22421993961648,46.998905015106175,-59.805697357215884,-4.951080326671599,1.44167576159425,1.4554616205296569,1.4784040646223675
203,67,1.720224280223714,26.98611111111111,283,62,47.63656608656881,-25.53974038513185,-40.177476166992186,1.6536318909835812,1.3152688232750522,1.403439183598058,1.4182934286246207
203,68,1.98479162405383,52.907407407407405,194,39,33.36096750604782,-28.699051985473623,11.7237812502861,-12.323616403884907,1.3829347220792416,1.4508414199822681,1.4877471348224043
203,69,1.7024877964057872,25.25,297,28,17.964075837675455,-14.429940751113895,-9.69752082427977,-4.521384797134376,1.3708579558542096,1.4153528564923208,1.4527147089291867
203,70,1.7194796256490232,26.89814814814815,274,64,34.46139308263977,7.8215759332275345,33.486015722122204,-2.257723228111269,1.4426688103495022,1.4569002447474881,1.4878793099880259
203,71,2.273781431788316,74.36111111111111,231,12,36.02882296330079,-1.050855303039555,34.73341200698854,9.516400454254143,1.3349269913793924,1.4166507112839335,1.5049335649674283
