smearing_degauss_Ry,lattice_temperature_K,lattice_condition,direction,distance,signed_distance,q1,q2,short_range_background_cm-1,full_EPC_response_Ry2,long_range_correction_cm-2,MLIP_plus_full_EPC_cm-1
0.0,,fixed_static_lattice_reference,K,0.0,0.0,0.3333333333333333,0.3333333333333333,1380.070552374435,-7.521315993779705e-06,-260601.55584432505,1282.182972
0.0,,fixed_static_lattice_reference,KG,0.001,-0.001,0.333,0.333,1380.0705728352552,-7.38747643365213e-06,-258989.82259324222,1282.8113514514077
0.0,,fixed_static_lattice_reference,KG,0.002,-0.002,0.33266666666666667,0.33266666666666667,1380.0706347705172,-7.248040496517137e-06,-257310.69621190813,1283.4657224655398
0.0,,fixed_static_lattice_reference,KG,0.003,-0.003,0.3323333333333333,0.3323333333333333,1380.0707390334194,-7.109713017010743e-06,-255644.91818599094,1284.114608027748
0.0,,fixed_static_lattice_reference,KG,0.004,-0.004,0.332,0.332,1380.070886509147,-6.974502816916783e-06,-254016.6793067741,1284.7486028337873
0.0,,fixed_static_lattice_reference,KG,0.005,-0.005,0.33166666666666667,0.33166666666666667,1380.07107811484,-6.839385929055529e-06,-252389.56411944656,1285.381895208428
0.0,,fixed_static_lattice_reference,KG,0.006,-0.006,0.3313333333333333,0.3313333333333333,1380.071314799563,-6.707890039215085e-06,-250806.05399856338,1285.9979704237603
0.0,,fixed_static_lattice_reference,KG,0.007,-0.007,0.331,0.331,1380.071597544267,-6.576069077556564e-06,-249218.62927232968,1286.61532132804
0.0,,fixed_static_lattice_reference,KG,0.008,-0.008,0.33066666666666666,0.33066666666666666,1380.0719273617449,-6.4481821304212885e-06,-247678.57904442307,1287.214024802223
0.0,,fixed_static_lattice_reference,KG,0.009000000000000001,-0.009000000000000001,0.3303333333333333,0.3303333333333333,1380.0723052965848,-6.31966237420012e-06,-246130.90835329652,1287.8154601857104
0.0,,fixed_static_lattice_reference,KG,0.01,-0.01,0.33,0.33,1380.072732425116,-6.195281228610707e-06,-244633.0759638061,1288.397326456214
0.0,,fixed_static_lattice_reference,KG,0.011,-0.011,0.32966666666666666,0.32966666666666666,1380.0732098553492,-6.070074345527167e-06,-243125.29981348233,1288.9828411375245
0.0,,fixed_static_lattice_reference,KG,0.012,-0.012,0.3293333333333333,0.3293333333333333,1380.0737387269146,-5.949133277326006e-06,-241668.89379380108,1289.5482272989573
0.0,,fixed_static_lattice_reference,KG,0.013000000000000001,-0.013000000000000001,0.329,0.329,1380.0743202109907,-5.827211977415812e-06,-240200.68355093122,1290.1179968339704
0.0,,fixed_static_lattice_reference,KG,0.014,-0.014,0.32866666666666666,0.32866666666666666,1380.0749555102302,-5.709654016428813e-06,-238785.0178503593,1290.6672169758574
0.0,,fixed_static_lattice_reference,KG,0.015,-0.015,0.3283333333333333,0.3283333333333333,1380.075645858681,-5.5909955802358216e-06,-237356.09992092615,1291.221394018597
0.0,,fixed_static_lattice_reference,KG,0.016,-0.016,0.328,0.328,1380.0763925217,-5.476751189362357e-06,-235980.33715433493,1291.7548188574233
0.0,,fixed_static_lattice_reference,KG,0.017,-0.017,0.32766666666666666,0.32766666666666666,1380.0771967958651,-5.36132291846169e-06,-234590.31777480117,1292.2936010601973
0.0,,fixed_static_lattice_reference,KG,0.018000000000000002,-0.018000000000000002,0.3273333333333333,0.3273333333333333,1380.0780600088783,-5.250343996001281e-06,-233253.8786881194,1292.811499418902
0.0,,fixed_static_lattice_reference,KG,0.019,-0.019,0.327,0.327,1380.0789835194637,-5.138100430942854e-06,-231902.2104231288,1293.3351423080514
0.0,,fixed_static_lattice_reference,KG,0.02,-0.02,0.32666666666666666,0.32666666666666666,1380.0799687172641,-5.030319347249286e-06,-230604.28060132512,1293.83787216688
0.0,,fixed_static_lattice_reference,KG,0.021,-0.021,0.3263333333333333,0.3263333333333333,1380.0810170227319,-4.921261495421046e-06,-229290.97558212382,1294.3464134320357
0.0,,fixed_static_lattice_reference,KG,0.022,-0.022,0.326,0.326,1380.0821298870073,-4.816580136451916e-06,-228030.37350857948,1294.8344727125855
0.0,,fixed_static_lattice_reference,KG,0.023,-0.023,0.32566666666666666,0.32566666666666666,1380.0833087918027,-4.7105923144739735e-06,-226754.03864369448,1295.328491372762
0.0,,fixed_static_lattice_reference,KG,0.024,-0.024,0.3253333333333333,0.3253333333333333,1380.0845552492738,-4.609042219373767e-06,-225531.1441215695,1295.80177323386
0.0,,fixed_static_lattice_reference,KG,0.025,-0.025,0.325,0.325,1380.0858708018882,-4.506109652804503e-06,-224291.60149306082,1296.2813773613912
0.0,,fixed_static_lattice_reference,KG,0.026000000000000002,-0.026000000000000002,0.32466666666666666,0.32466666666666666,1380.0872570222903,-4.4075902163451405e-06,-223105.20300618486,1296.7403880457816
0.0,,fixed_static_lattice_reference,KG,0.027,-0.027,0.3243333333333333,0.3243333333333333,1380.0887155131586,-4.307666707406052e-06,-221901.8962875399,1297.2058303905437
0.0,,fixed_static_lattice_reference,KG,0.028,-0.028,0.324,0.324,1380.0902479070614,-4.212119393579425e-06,-220751.2889290038,1297.6508788727308
0.0,,fixed_static_lattice_reference,KG,0.029,-0.029,0.32366666666666666,0.32366666666666666,1380.0918558663009,-4.115145782026571e-06,-219583.5056960916,1298.1024708906455
0.0,,fixed_static_lattice_reference,KG,0.03,-0.03,0.3233333333333333,0.3233333333333333,1380.0935410827624,-4.022517634485861e-06,-218468.05175082112,1298.53383875336
0.0,,fixed_static_lattice_reference,KG,0.031,-0.031,0.323,0.323,1380.0953052777486,-3.928446378439644e-06,-217335.21949108943,1298.9718365532767
0.0,,fixed_static_lattice_reference,KG,0.032,-0.032,0.32266666666666666,0.32266666666666666,1380.0971502018156,-3.838683155387968e-06,-216254.26576426273,1299.389809961164
0.0,,fixed_static_lattice_reference,KG,0.033,-0.033,0.3223333333333333,0.3223333333333333,1380.0990776346,-3.7474559101196286e-06,-215155.68187424156,1299.81451838854
0.0,,fixed_static_lattice_reference,KG,0.034,-0.034,0.322,0.322,1380.1010893846453,-3.6604952890990098e-06,-214108.47786146577,1300.21941958241
0.0,,fixed_static_lattice_reference,KG,0.035,-0.035,0.32166666666666666,0.32166666666666666,1380.1031872892179,-3.5720635156333697e-06,-213043.55782130023,1300.6310967159588
0.0,,fixed_static_lattice_reference,KG,0.036000000000000004,-0.036000000000000004,0.3213333333333333,0.3213333333333333,1380.1053732141243,-3.487852680333938e-06,-212029.46749386503,1301.0232025911885
0.0,,fixed_static_lattice_reference,KG,0.037,-0.037,0.321,0.321,1380.1076490535195,-3.4021553191086803e-06,-210997.47600730346,1301.4221632386352
0.0,,fixed_static_lattice_reference,KG,0.038,-0.038,0.32066666666666666,0.32066666666666666,1380.1100167297118,-3.3206368015474162e-06,-210015.8073197552,1301.8017709920086
0.0,,fixed_static_lattice_reference,KG,0.039,-0.039,0.3203333333333333,0.3203333333333333,1380.1124781929639,-3.2376164402058485e-06,-209016.05301121168,1302.1883118246426
0.0,,fixed_static_lattice_reference,KG,0.04,-0.04,0.32,0.32,1380.1150354212862,-3.158733836144769e-06,-208066.12672801065,1302.5557125389637
0.0,,fixed_static_lattice_reference,KG,0.041,-0.041,0.31966666666666665,0.31966666666666665,1380.1176904202302,-3.078334881111695e-06,-207097.94012417246,1302.9301206460375
0.0,,fixed_static_lattice_reference,KG,0.042,-0.042,0.3193333333333333,0.3193333333333333,1380.1204452226752,-3.002002576234054e-06,-206178.72525387688,1303.285739225193
0.0,,fixed_static_lattice_reference,KG,0.043000000000000003,-0.043000000000000003,0.319,0.319,1380.123301888608,-2.924144660231148e-06,-205241.13854959985,1303.648414974802
0.0,,fixed_static_lattice_reference,KG,0.044,-0.044,0.31866666666666665,0.31866666666666665,1380.1262625049017,-2.8503562934195384e-06,-204352.5584898626,1303.9923090133186
0.0,,fixed_static_lattice_reference,KG,0.045,-0.045,0.3183333333333333,0.3183333333333333,1380.1293291850895,-2.7750154717775106e-06,-203445.28333677177,1304.343391112982
0.0,,fixed_static_lattice_reference,KG,0.046,-0.046,0.318,0.318,1380.132504069131,-2.7036891064726915e-06,-202586.35138473098,1304.6759664389465
0.0,,fixed_static_lattice_reference,KG,0.047,-0.047,0.31766666666666665,0.31766666666666665,1380.1357893231793,-2.63079001714712e-06,-201708.48025210257,1305.0158300643761
0.0,,fixed_static_lattice_reference,KG,0.048,-0.048,0.3173333333333333,0.3173333333333333,1380.1391871393398,-2.5618689342866327e-06,-200878.51338101455,1305.3373749711693
0.0,,fixed_static_lattice_reference,KG,0.049,-0.049,0.317,0.317,1380.142699735425,-2.4913502179129195e-06,-200029.3073622944,1305.6663296074894
0.0,,fixed_static_lattice_reference,KG,0.05,-0.05,0.31666666666666665,0.31666666666666665,1380.146329354708,-2.424771350861123e-06,-199227.54610617162,1305.9771607210835
0.0,,fixed_static_lattice_reference,KG,0.051000000000000004,-0.051000000000000004,0.3163333333333333,0.3163333333333333,1380.150078265671,-2.3565788731735095e-06,-198406.35330145762,1306.2954815949108
0.0,,fixed_static_lattice_reference,KG,0.052000000000000005,-0.052000000000000005,0.316,0.316,1380.153948761744,-2.2922878436941063e-06,-197632.14282243684,1306.59587457645
0.0,,fixed_static_lattice_reference,KG,0.053,-0.053,0.31566666666666665,0.31566666666666665,1380.1579431610503,-2.226361272169375e-06,-196838.23669068463,1306.9038646280974
0.0,,fixed_static_lattice_reference,KG,0.054,-0.054,0.3153333333333333,0.3153333333333333,1380.1620638061374,-2.164302221536095e-06,-196090.90432243005,1307.19410113693
0.0,,fixed_static_lattice_reference,KG,0.055,-0.055,0.315,0.315,1380.1663130637128,-2.100587918670338e-06,-195323.63894588206,1307.4920316277269
0.0,,fixed_static_lattice_reference,KG,0.056,-0.056,0.31466666666666665,0.31466666666666665,1380.170693324366,-2.040704209594325e-06,-194602.5026463905,1307.7723961244444
0.0,,fixed_static_lattice_reference,KG,0.057,-0.057,0.3143333333333333,0.3143333333333333,1380.1752070023006,-1.9791451413791167e-06,-193861.19120563593,1308.0605531924764
0.0,,fixed_static_lattice_reference,KG,0.058,-0.058,0.314,0.314,1380.1798565350475,-1.921379868598539e-06,-193165.56570589892,1308.3313306189702
0.0,,fixed_static_lattice_reference,KG,0.059000000000000004,-0.059000000000000004,0.31366666666666665,0.31366666666666665,1380.184644383184,-1.8619177548637243e-06,-192449.50637490052,1308.610005393599
0.0,,fixed_static_lattice_reference,KG,0.06,-0.06,0.3133333333333333,0.3133333333333333,1380.1895730300491,-1.8062126145122533e-06,-191778.68956352485,1308.8714864100846
0.0,,fixed_static_lattice_reference,KG,0.061,-0.061,0.313,0.313,1380.194644981451,-1.748789393664049e-06,-191087.18314840287,1309.1409683021423
0.0,,fixed_static_lattice_reference,KG,0.062,-0.062,0.31266666666666665,0.31266666666666665,1380.1998627653716,-1.695097161668162e-06,-190440.60633994552,1309.393391932923
0.0,,fixed_static_lattice_reference,KG,0.063,-0.063,0.31233333333333335,0.31233333333333335,1380.2052289316744,-1.6395708618719993e-06,-189771.94317633554,1309.6543554671211
0.0,,fixed_static_lattice_reference,KG,0.064,-0.064,0.312,0.312,1380.2107460517989,-1.5878073312155935e-06,-189148.59232646087,1309.898130081268
0.0,,fixed_static_lattice_reference,KG,0.065,-0.065,0.3116666666666667,0.3116666666666667,1380.216416718459,-1.5342898410944547e-06,-188504.11980831664,1310.1500819260464
0.0,,fixed_static_lattice_reference,KG,0.066,-0.066,0.3113333333333333,0.3113333333333333,1380.2222435453364,-1.4844263341503197e-06,-187903.64957305245,1310.3853601152102
0.0,,fixed_static_lattice_reference,KG,0.067,-0.067,0.311,0.311,1380.2282291667698,-1.4327790977819583e-06,-187281.6991713769,1310.6289579501363
0.0,,fixed_static_lattice_reference,KG,0.068,-0.068,0.31066666666666665,0.31066666666666665,1380.2343762374414,-1.3847520993733502e-06,-186703.34468327882,1310.8560518471431
0.0,,fixed_static_lattice_reference,KG,0.069,-0.069,0.31033333333333335,0.31033333333333335,1380.2406874320623,-1.3349169601120832e-06,-186103.2160595508,1311.0915830648066
0.0,,fixed_static_lattice_reference,KG,0.07,-0.07,0.31,0.31,1380.2471654450524,-1.288667594324029e-06,-185546.26831845654,1311.310782919383
0.0,,fixed_static_lattice_reference,KG,0.07100000000000001,-0.07100000000000001,0.3096666666666667,0.3096666666666667,1380.2538129902184,-1.2405924511648164e-06,-184967.33405786564,1311.5385065701164
0.0,,fixed_static_lattice_reference,KG,0.07200000000000001,-0.07200000000000001,0.3093333333333333,0.3093333333333333,1380.2606328004308,-1.1960672707174982e-06,-184431.1494367491,1311.750077195308
0.0,,fixed_static_lattice_reference,KG,0.073,-0.073,0.309,0.309,1380.267627627295,-1.1496975926065954e-06,-183872.7528611618,1311.970263007024
0.0,,fixed_static_lattice_reference,KG,0.074,-0.074,0.3086666666666667,0.3086666666666667,1380.2748002408223,-1.1068484478680068e-06,-183356.75152874697,1312.1744444436856
0.0,,fixed_static_lattice_reference,KG,0.075,-0.075,0.30833333333333335,0.30833333333333335,1380.2821534290986,-1.0621384646762185e-06,-182818.34146152265,1312.3873214921528
0.0,,fixed_static_lattice_reference,KG,0.076,-0.076,0.308,0.308,1380.289689997948,-1.0209182660449434e-06,-182321.956351717,1312.5843485136163
0.0,,fixed_static_lattice_reference,KG,0.077,-0.077,0.3076666666666667,0.3076666666666667,1380.297412770596,-9.778155949669663e-07,-181802.9019845281,1312.7901758151122
0.0,,fixed_static_lattice_reference,KG,0.078,-0.078,0.30733333333333335,0.30733333333333335,1380.3053245873323,-9.381729315385939e-07,-181325.5139929052,1312.9803026288077
0.0,,fixed_static_lattice_reference,KG,0.079,-0.079,0.307,0.307,1380.313428305167,-8.9662978456806e-07,-180825.23984927227,1313.1793177286531
0.0,,fixed_static_lattice_reference,KG,0.08,-0.08,0.3066666666666667,0.3066666666666667,1380.321726797487,-8.58511474766198e-07,-180366.20854848067,1313.3628062803955
0.0,,fixed_static_lattice_reference,KG,0.081,-0.081,0.30633333333333335,0.30633333333333335,1380.3302229537114,-8.184751261004466e-07,-179884.07968960644,1313.555268997021
0.0,,fixed_static_lattice_reference,KG,0.082,-0.082,0.306,0.306,1380.338919678945,-7.818300938510654e-07,-179442.79000734034,1313.732371213063
0.0,,fixed_static_lattice_reference,KG,0.083,-0.083,0.3056666666666667,0.3056666666666667,1380.3478198936255,-7.432732281456311e-07,-178978.4774942407,1313.9184245571885
0.0,,fixed_static_lattice_reference,KG,0.084,-0.084,0.30533333333333335,0.30533333333333335,1380.3569265331753,-7.078820612025415e-07,-178552.28720713552,1314.0901633529484
0.0,,fixed_static_lattice_reference,KG,0.085,-0.085,0.305,0.305,1380.3662425476473,-6.706944810090204e-07,-178104.46401145202,1314.2703297090968
0.0,,fixed_static_lattice_reference,KG,0.08600000000000001,-0.08600000000000001,0.3046666666666667,0.3046666666666667,1380.37577090137,-6.368366976854333e-07,-177696.73915686816,1314.4354414480324
0.0,,fixed_static_lattice_reference,KG,0.08700000000000001,-0.08700000000000001,0.30433333333333334,0.30433333333333334,1380.3855145725936,-6.01007449651123e-07,-177265.27337527752,1314.609788289501
0.0,,fixed_static_lattice_reference,KG,0.088,-0.088,0.304,0.304,1380.3954765531284,-5.684722886887166e-07,-176873.47590745514,1314.7692557178555
0.0,,fixed_static_lattice_reference,KG,0.089,-0.089,0.3036666666666667,0.3036666666666667,1380.40565984799,-5.339530843882057e-07,-176457.78603729254,1314.938021240192
0.0,,fixed_static_lattice_reference,KG,0.09,-0.09,0.30333333333333334,0.30333333333333334,1380.416067475038,-5.026996954921962e-07,-176081.42402560698,1315.0920482299487
0.0,,fixed_static_lattice_reference,KG,0.091,-0.091,0.303,0.303,1380.4267024646117,-4.6945170503238514e-07,-175681.04246648736,1315.2554270600194
0.0,,fixed_static_lattice_reference,KG,0.092,-0.092,0.3026666666666667,0.3026666666666667,1380.4375678591737,-4.39441661943692e-07,-175319.6531712269,1315.4042061608757
0.0,,fixed_static_lattice_reference,KG,0.093,-0.093,0.30233333333333334,0.30233333333333334,1380.4486667129397,-4.074254651728301e-07,-174934.10521470624,1315.5623954092132
0.0,,fixed_static_lattice_reference,KG,0.094,-0.094,0.302,0.302,1380.4600020915184,-3.7861464959675504e-07,-174587.15735108123,1315.7061450124163
0.0,,fixed_static_lattice_reference,KG,0.095,-0.095,0.3016666666666667,0.3016666666666667,1380.4715770715454,-3.477784773450311e-07,-174215.8195784014,1315.8593980832445
0.0,,fixed_static_lattice_reference,KG,0.096,-0.096,0.30133333333333334,0.30133333333333334,1380.4833947403167,-3.2010304824968266e-07,-173882.54435492906,1315.9984265943558
0.0,,fixed_static_lattice_reference,KG,0.097,-0.097,0.301,0.301,1380.4954581954232,-2.903707347140574e-07,-173524.49955628125,1316.1471082450892
0.0,,fixed_static_lattice_reference,KG,0.098,-0.098,0.3006666666666667,0.3006666666666667,1380.5077705443803,-2.637428019797619e-07,-173203.8385756672,1316.2818337870306
0.0,,fixed_static_lattice_reference,KG,0.099,-0.099,0.30033333333333334,0.30033333333333334,1380.5203349042642,-2.350272169296136e-07,-172858.03750455263,1316.4263585858607
0.0,,fixed_static_lattice_reference,KG,0.1,-0.1,0.3,0.3,1380.533154401342,-2.093800128249405e-07,-172549.18673118332,1316.5571023203424
0.0,,fixed_static_lattice_reference,KG,0.101,-0.101,0.2996666666666667,0.2996666666666667,1380.5462321707025,-1.8165329564852895e-07,-172215.29388235748,1316.6976134551037
0.0,,fixed_static_lattice_reference,KG,0.10200000000000001,-0.10200000000000001,0.29933333333333334,0.29933333333333334,1380.559571355888,-1.5701244876545583e-07,-171918.56194287387,1316.8242738192062
0.0,,fixed_static_lattice_reference,KG,0.10300000000000001,-0.10300000000000001,0.299,0.299,1380.5731751085257,-1.303655865153006e-07,-171597.67300775886,1316.9603710140548
0.0,,fixed_static_lattice_reference,KG,0.10400000000000001,-0.10400000000000001,0.2986666666666667,0.2986666666666667,1380.5870465879595,-1.0700694659541047e-07,-171316.38176156025,1317.081702646007
0.0,,fixed_static_lattice_reference,KG,0.105,-0.105,0.29833333333333334,0.29833333333333334,1380.6011889608792,-8.125965530295641e-08,-171006.32571040612,1317.214226027713
0.0,,fixed_static_lattice_reference,KG,0.106,-0.106,0.298,0.298,1380.6156054009534,-5.904980849473366e-08,-170738.8685507431,1317.3308549206224
0.0,,fixed_static_lattice_reference,KG,0.107,-0.107,0.2976666666666667,0.2976666666666667,1380.6302990884606,-3.492388066338783e-08,-170448.33740986112,1317.456521237506
0.0,,fixed_static_lattice_reference,KG,0.108,-0.108,0.29733333333333334,0.29733333333333334,1380.6452732099187,-1.3852997827658075e-08,-170194.5959715028,1317.5685084523645
0.0,,fixed_static_lattice_reference,KG,0.109,-0.109,0.297,0.297,1380.660530957721,9.395675962757394e-09,-169914.62896805574,1317.690734875373
0.0,,fixed_static_lattice_reference,KG,0.11,-0.11,0.2966666666666667,0.2966666666666667,1380.6760755297669,3.0027240168467076e-08,-169666.1779269697,1317.8012929168451
0.0,,fixed_static_lattice_reference,KG,0.111,-0.111,0.29633333333333334,0.29633333333333334,1380.691910129092,5.336536864687656e-08,-169385.1336852609,1317.9245111199123
0.0,,fixed_static_lattice_reference,KG,0.112,-0.112,0.296,0.296,1380.7080379635065,7.464473823582527e-08,-169128.88159136655,1318.0386202633324
0.0,,fixed_static_lattice_reference,KG,0.113,-0.113,0.2956666666666667,0.2956666666666667,1380.7244622452274,9.892832803793529e-08,-168836.45184113117,1318.1667530328784
0.0,,fixed_static_lattice_reference,KG,0.114,-0.114,0.29533333333333334,0.29533333333333334,1380.7411861905125,1.2093923573202938e-07,-168571.3903616757,1318.2848071949809
0.0,,fixed_static_lattice_reference,KG,0.115,-0.115,0.295,0.295,1380.7582130192989,1.4496863411648633e-07,-168282.02165527208,1318.412386609355
0.0,,fixed_static_lattice_reference,KG,0.116,-0.116,0.2946666666666667,0.2946666666666667,1380.7755459548378,1.651862430890395e-07,-168038.55557837078,1318.522867730594
0.0,,fixed_static_lattice_reference,KG,0.117,-0.117,0.29433333333333334,0.29433333333333334,1380.793188223333,1.857942133593539e-07,-167790.3886620246,1318.6354462026006
0.0,,fixed_static_lattice_reference,KG,0.11800000000000001,-0.11800000000000001,0.294,0.294,1380.8111430535826,2.0148854411976702e-07,-167601.3931608743,1318.7259076927498
0.0,,fixed_static_lattice_reference,KG,0.11900000000000001,-0.11900000000000001,0.2936666666666667,0.2936666666666667,1380.829413676614,2.171367654285189e-07,-167412.95292258018,1318.816483348582
0.0,,fixed_static_lattice_reference,KG,0.12,-0.12,0.29333333333333333,0.29333333333333333,1380.8480033253297,2.2799968817761445e-07,-167282.13858202216,1318.8855407902263
0.0,,fixed_static_lattice_reference,KG,0.121,-0.121,0.293,0.293,1380.8669152341502,2.3945829077602966e-07,-167144.15089884982,1318.9576515906142
0.0,,fixed_static_lattice_reference,KG,0.122,-0.122,0.2926666666666667,0.2926666666666667,1380.8861526386556,2.473452551413535e-07,-167049.17387781374,1319.013795481827
0.0,,fixed_static_lattice_reference,KG,0.123,-0.123,0.29233333333333333,0.29233333333333333,1380.9057187752337,2.5675471331634755e-07,-166935.86256237864,1319.0772310914044
0.0,,fixed_static_lattice_reference,KG,0.124,-0.124,0.292,0.292,1380.925616880727,2.630547028108539e-07,-166859.99633463484,1319.1268184002556
0.0,,fixed_static_lattice_reference,KG,0.125,-0.125,0.2916666666666667,0.2916666666666667,1380.9458501920806,2.8821317310219355e-07,-166557.03102993508,1319.262828299499
0.0,,fixed_static_lattice_reference,KG,0.126,-0.126,0.29133333333333333,0.29133333333333333,1380.9664219459962,3.428055084076063e-07,-165899.61492678794,1319.533494692552
0.0,,fixed_static_lattice_reference,KG,0.127,-0.127,0.291,0.291,1380.987335378579,3.5068256623178745e-07,-165804.7572030788,1319.591324339831
0.0,,fixed_static_lattice_reference,KG,0.128,-0.128,0.2906666666666667,0.2906666666666667,1381.0085937249994,3.559556565194014e-07,-165741.25718152756,1319.6376316098192
0.0,,fixed_static_lattice_reference,KG,0.129,-0.129,0.29033333333333333,0.29033333333333333,1381.0302002191431,3.634978970431219e-07,-165650.43142098145,1319.6946550230266
0.0,,fixed_static_lattice_reference,KG,0.13,-0.13,0.29,0.29,1381.052158093275,3.688432214386935e-07,-165586.06153618838,1319.7420209411778
0.0,,fixed_static_lattice_reference,KG,0.131,-0.131,0.2896666666666667,0.2896666666666667,1381.0744705776951,3.7692471519521925e-07,-165488.74193805613,1319.8022394826448
0.0,,fixed_static_lattice_reference,KG,0.132,-0.132,0.28933333333333333,0.28933333333333333,1381.097140900404,3.833972751205148e-07,-165410.79756913203,1319.8554902087342
0.0,,fixed_static_lattice_reference,KG,0.133,-0.133,0.289,0.289,1381.1201722867677,3.931050727382725e-07,-165293.89356705366,1319.923875354324
0.0,,fixed_static_lattice_reference,KG,0.134,-0.134,0.2886666666666667,0.2886666666666667,1381.1435679591834,4.0149596931651877e-07,-165192.8480539881,1319.986631470575
0.0,,fixed_static_lattice_reference,KG,0.135,-0.135,0.28833333333333333,0.28833333333333333,1381.1673311367513,4.1284444414941376e-07,-165056.18656003356,1320.063259862717
0.0,,fixed_static_lattice_reference,KG,0.136,-0.136,0.288,0.288,1381.191465034945,4.220002204999229e-07,-164945.93015176736,1320.1302711981157
0.0,,fixed_static_lattice_reference,KG,0.137,-0.137,0.2876666666666667,0.2876666666666667,1381.2159728652875,4.3273975572016007e-07,-164816.6016781895,1320.20489395397
0.0,,fixed_static_lattice_reference,KG,0.138,-0.138,0.28733333333333333,0.28733333333333333,1381.240857835026,4.400123495533728e-07,-164729.02307817442,1320.2640964120262
0.0,,fixed_static_lattice_reference,KG,0.139,-0.139,0.287,0.287,1381.266123146815,4.4803025600299537e-07,-164632.469216098,1320.3270934646969
0.0,,fixed_static_lattice_reference,KG,0.14,-0.14,0.2866666666666667,0.2866666666666667,1381.2917719983961,4.524111090675991e-07,-164579.71376363238,1320.3739037207745
0.0,,fixed_static_lattice_reference,KG,0.14100000000000001,-0.14100000000000001,0.28633333333333333,0.28633333333333333,1381.317807582285,4.577572132275867e-07,-164515.33448869907,1320.425518935177
0.0,,fixed_static_lattice_reference,KG,0.14200000000000002,-0.14200000000000002,0.286,0.286,1381.3442330854568,4.599481592961414e-07,-164488.95050606603,1320.4631535080343
0.0,,fixed_static_lattice_reference,KG,0.14300000000000002,-0.14300000000000002,0.2856666666666667,0.2856666666666667,1381.3710516890403,4.635484501498402e-07,-164445.59480109403,1320.5076249849492
0.0,,fixed_static_lattice_reference,KG,0.14400000000000002,-0.14400000000000002,0.2853333333333333,0.2853333333333333,1381.3982665680096,4.644282676791823e-07,-164434.99979341787,1320.540105821737
0.0,,fixed_static_lattice_reference,KG,0.145,-0.145,0.285,0.285,1381.425880890881,4.6699146175710926e-07,-164404.1330966024,1320.5806795870308
0.0,,fixed_static_lattice_reference,KG,0.146,-0.146,0.2846666666666667,0.2846666666666667,1381.4538978194137,5.248258176661739e-07,-163707.67567859573,1320.873648810459
0.0,,fixed_static_lattice_reference,KG,0.147,-0.147,0.2843333333333333,0.2843333333333333,1381.4823205083107,5.273613089385308e-07,-163677.14258667885,1320.9149326471968
0.0,,fixed_static_lattice_reference,KG,0.148,-0.148,0.284,0.284,1381.5111521049287,5.274924665854247e-07,-163675.56314977372,1320.9456840614278
0.0,,fixed_static_lattice_reference,KG,0.149,-0.149,0.2836666666666667,0.2836666666666667,1381.5403957489807,5.296088710967592e-07,-163650.07681732907,1320.9859152424453
0.0,,fixed_static_lattice_reference,KG,0.15,-0.15,0.2833333333333333,0.2833333333333333,1381.5700545722555,5.297467461593283e-07,-163648.4164874339,1321.0175620344155
0.0,,fixed_static_lattice_reference,KM,0.001,0.001,0.3336666666666666,0.33266666666666667,1380.07057256686,-7.386566115578128e-06,-258978.8602895143,1282.8156239208759
0.0,,fixed_static_lattice_reference,KM,0.002,0.002,0.334,0.332,1380.07063262336,-7.246528256271697e-06,-257292.4853937847,1283.4728145292586
0.0,,fixed_static_lattice_reference,KM,0.003,0.003,0.3343333333333333,0.3313333333333333,1380.0707317867982,-7.107859162850103e-06,-255622.5935579773,1284.1232928253312
0.0,,fixed_static_lattice_reference,KM,0.004,0.004,0.33466666666666667,0.33066666666666666,1380.070869332077,-6.970572192782939e-06,-253969.3456364603,1284.7670056249635
0.0,,fixed_static_lattice_reference,KM,0.005,0.005,0.33499999999999996,0.33,1380.0710445661437,-6.8347567570040835e-06,-252333.81834059622,1285.4035435260364
0.0,,fixed_static_lattice_reference,KM,0.006,0.006,0.3353333333333333,0.3293333333333333,1380.071256827983,-6.7003394772332966e-06,-250715.12802870208,1286.0332600263753
0.0,,fixed_static_lattice_reference,KM,0.007,0.007,0.3356666666666666,0.32866666666666666,1380.0715054886093,-6.56740863321523e-06,-249114.33779004466,1286.655751345927
0.0,,fixed_static_lattice_reference,KM,0.008,0.008,0.336,0.328,1380.0717899510503,-6.435873616747048e-06,-247530.35649541533,1287.2714511412426
0.0,,fixed_static_lattice_reference,KM,0.009000000000000001,0.009000000000000001,0.3363333333333333,0.3273333333333333,1380.0721096503316,-6.305837219748925e-06,-245964.42199373955,1287.8798879713036
0.0,,fixed_static_lattice_reference,KM,0.01,0.01,0.33666666666666667,0.32666666666666666,1380.0724640534493,-6.177246033507077e-06,-244415.89112241406,1288.481321135912
0.0,,fixed_static_lattice_reference,KM,0.011,0.011,0.33699999999999997,0.326,1380.072852659341,-6.050045527337658e-06,-242884.1072077598,1289.0760146087316
0.0,,fixed_static_lattice_reference,KM,0.012,0.012,0.3373333333333333,0.3253333333333333,1380.0732749988506,-5.9242780798209485e-06,-241369.58058444096,1289.663779355539
0.0,,fixed_static_lattice_reference,KM,0.013000000000000001,0.013000000000000001,0.3376666666666666,0.32466666666666666,1380.07373063469,-5.800040024756877e-06,-239873.4713309007,1290.2441748200417
0.0,,fixed_static_lattice_reference,KM,0.014,0.014,0.338,0.324,1380.0742191613926,-5.677155717071966e-06,-238393.6642802553,1290.8180298220475
0.0,,fixed_static_lattice_reference,KM,0.015,0.015,0.3383333333333333,0.3233333333333333,1380.0747402052639,-5.555804572842146e-06,-236932.32001085006,1291.3845161460533
0.0,,fixed_static_lattice_reference,KM,0.016,0.016,0.33866666666666667,0.32266666666666666,1380.075293424327,-5.435780663419068e-06,-235486.9586725601,1291.9446028555876
0.0,,fixed_static_lattice_reference,KM,0.017,0.017,0.33899999999999997,0.322,1380.0758785082626,-5.3173152543081425e-06,-234060.36522899818,1292.4972205816748
0.0,,fixed_static_lattice_reference,KM,0.018000000000000002,0.018000000000000002,0.3393333333333333,0.3213333333333333,1380.076495178344,-5.200149396015676e-06,-232649.42133825598,1293.0435844183621
0.0,,fixed_static_lattice_reference,KM,0.019,0.019,0.3396666666666666,0.32066666666666666,1380.0771431873666,-5.0847125345154345e-06,-231259.29850833007,1293.5817031173071
0.0,,fixed_static_lattice_reference,KM,0.02,0.02,0.34,0.32,1380.077822319574,-4.970258855439167e-06,-229881.01543492376,1294.1150567949564
0.0,,fixed_static_lattice_reference,KM,0.021,0.021,0.3403333333333333,0.3193333333333333,1380.0785323905777,-4.857573995590817e-06,-228524.03297519305,1294.6399972927368
0.0,,fixed_static_lattice_reference,KM,0.022,0.022,0.3406666666666667,0.31866666666666665,1380.0792732472742,-4.746095133899988e-06,-227181.57348108897,1295.1591512110144
0.0,,fixed_static_lattice_reference,KM,0.023,0.023,0.34099999999999997,0.318,1380.0800447677518,-4.636199362195641e-06,-225858.1779974183,1295.6707729854609
0.0,,fixed_static_lattice_reference,KM,0.024,0.024,0.3413333333333333,0.3173333333333333,1380.0808468612024,-4.527614673690814e-06,-224550.57094271126,1296.1761349949406
0.0,,fixed_static_lattice_reference,KM,0.025,0.025,0.3416666666666666,0.31666666666666665,1380.0816794678167,-4.420510597902279e-06,-223260.7938386149,1296.6744572806601
0.0,,fixed_static_lattice_reference,KM,0.026000000000000002,0.026000000000000002,0.342,0.316,1380.0825425586831,-4.314706176546569e-06,-221986.66753509126,1297.1665878907565
0.0,,fixed_static_lattice_reference,KM,0.027,0.027,0.3423333333333333,0.3153333333333333,1380.08343613568,-4.210487567805423e-06,-220731.63802864647,1297.6512060902262
0.0,,fixed_static_lattice_reference,KM,0.028,0.028,0.3426666666666667,0.31466666666666665,1380.0843602313616,-4.107413305091716e-06,-219490.3890557107,1298.130367990633
0.0,,fixed_static_lattice_reference,KM,0.029,0.029,0.34299999999999997,0.314,1380.0853149088398,-4.005963575213682e-06,-218268.70315953813,1298.6018532512162
0.0,,fixed_static_lattice_reference,KM,0.03,0.03,0.3433333333333333,0.3133333333333333,1380.0863002616625,-3.9057553184153645e-06,-217061.9674278834,1299.0674458018107
0.0,,fixed_static_lattice_reference,KM,0.031,0.031,0.3436666666666666,0.31266666666666665,1380.0873164136876,-3.807010061317243e-06,-215872.8495459951,1299.5261257011875
0.0,,fixed_static_lattice_reference,KM,0.032,0.032,0.34400000000000003,0.312,1380.0883635189489,-3.709461444053173e-06,-214698.14193419638,1299.9791341349344
0.0,,fixed_static_lattice_reference,KM,0.033,0.033,0.3443333333333333,0.3113333333333333,1380.0894417615211,-3.6134840251329636e-06,-213542.35513035933,1300.4247429710292
0.0,,fixed_static_lattice_reference,KM,0.034,0.034,0.3446666666666667,0.31066666666666665,1380.0905513553828,-3.5186477051405492e-06,-212400.3097575532,1300.8649507857651
0.0,,fixed_static_lattice_reference,KM,0.035,0.035,0.345,0.31,1380.0916925442664,-3.4254113937326394e-06,-211277.53213364884,1301.297639933328
0.0,,fixed_static_lattice_reference,KM,0.036000000000000004,0.036000000000000004,0.3453333333333333,0.3093333333333333,1380.0928656015092,-3.33320324818747e-06,-210167.1359693595,1301.7254632659015
0.0,,fixed_static_lattice_reference,KM,0.037,0.037,0.3456666666666666,0.3086666666666667,1380.0940708299047,-3.2425945814642213e-06,-209076.00117442335,1302.1457841445538
0.0,,fixed_static_lattice_reference,KM,0.038,0.038,0.34600000000000003,0.308,1380.0953085615408,-3.15320421948333e-06,-207999.5375444353,1302.5603721782493
0.0,,fixed_static_lattice_reference,KM,0.039,0.039,0.3463333333333333,0.30733333333333335,1380.0965791576352,-3.065083851769424e-06,-206938.367539044,1302.9689943600204
0.0,,fixed_static_lattice_reference,KM,0.04,0.04,0.3466666666666667,0.3066666666666667,1380.0978830083745,-2.978123318245334e-06,-205891.16457992577,1303.3721656166636
0.0,,fixed_static_lattice_reference,KM,0.041,0.041,0.347,0.306,1380.0992205327402,-2.8930136630268016e-06,-204866.25041274566,1303.7667000281651
0.0,,fixed_static_lattice_reference,KM,0.042,0.042,0.3473333333333333,0.30533333333333335,1380.1005921783321,-2.8084177129649018e-06,-203847.52242610446,1304.158779483878
0.0,,fixed_static_lattice_reference,KM,0.043000000000000003,0.043000000000000003,0.3476666666666666,0.3046666666666667,1380.1019984211946,-2.7253470485920485e-06,-202847.16235445114,1304.5437377457774
0.0,,fixed_static_lattice_reference,KM,0.044,0.044,0.34800000000000003,0.304,1380.1034397656279,-2.6433434362162282e-06,-201859.65202006995,1304.923696019368
0.0,,fixed_static_lattice_reference,KM,0.045,0.045,0.34833333333333333,0.30333333333333334,1380.1049167440046,-2.5628826239877258e-06,-200890.72051466003,1305.2964646800804
0.0,,fixed_static_lattice_reference,KM,0.046,0.046,0.3486666666666667,0.3026666666666667,1380.1064299165778,-2.483217533206669e-06,-199931.3713084913,1305.6654956720693
0.0,,fixed_static_lattice_reference,KM,0.047,0.047,0.349,0.302,1380.1079798712844,-2.405140420394537e-06,-198991.14497520158,1306.0271402728185
0.0,,fixed_static_lattice_reference,KM,0.048,0.048,0.34933333333333333,0.30133333333333334,1380.1095672235483,-2.3278778838763645e-06,-198060.72799646494,1306.3849698865586
0.0,,fixed_static_lattice_reference,KM,0.049,0.049,0.3496666666666666,0.3006666666666667,1380.1111926160768,-2.252078497696836e-06,-197147.93068152483,1306.7359998494894
0.0,,fixed_static_lattice_reference,KM,0.05,0.05,0.35000000000000003,0.3,1380.1128567186531,-2.1770666154759745e-06,-196244.61670853785,1307.0833487469663
0.0,,fixed_static_lattice_reference,KM,0.051000000000000004,0.051000000000000004,0.35033333333333333,0.29933333333333334,1380.1145602279282,-2.1034849710806706e-06,-195358.52605770022,1307.424060240375
0.0,,fixed_static_lattice_reference,KM,0.052000000000000005,0.052000000000000005,0.3506666666666667,0.2986666666666667,1380.1163038672044,-2.0306402934792386e-06,-194481.31016620502,1307.7613322138977
0.0,,fixed_static_lattice_reference,KM,0.053,0.053,0.351,0.298,1380.118088386219,-1.9592561923248134e-06,-193621.68294298655,1308.091837352349
0.0,,fixed_static_lattice_reference,KM,0.054,0.054,0.35133333333333333,0.29733333333333334,1380.1199145609216,-1.8886387249657102e-06,-192771.28773740283,1308.4187750220656
0.0,,fixed_static_lattice_reference,KM,0.055,0.055,0.3516666666666666,0.2966666666666667,1380.1217831932518,-1.8193654339889158e-06,-191937.07947810483,1308.7394916355263
0.0,,fixed_static_lattice_reference,KM,0.056,0.056,0.35200000000000004,0.296,1380.1236951109076,-1.7508472438563084e-06,-191111.96435343262,1309.0567021535594
0.0,,fixed_static_lattice_reference,KM,0.057,0.057,0.35233333333333333,0.29533333333333334,1380.1256511671156,-1.6839845989399452e-06,-190306.78576524594,1309.36626932429
0.0,,fixed_static_lattice_reference,KM,0.058,0.058,0.3526666666666667,0.2946666666666667,1380.1276522403941,-1.6181669573102753e-06,-189514.1913976219,1309.6710064290803
0.0,,fixed_static_lattice_reference,KM,0.059000000000000004,0.059000000000000004,0.353,0.294,1380.1296992343161,-1.554469505982364e-06,-188747.128951985,1309.9659758011348
0.0,,fixed_static_lattice_reference,KM,0.06,0.06,0.35333333333333333,0.29333333333333333,1380.1317930772655,-1.4929816368934428e-06,-188006.67491093482,1310.2507742229093
0.0,,fixed_static_lattice_reference,KM,0.061,0.061,0.35366666666666663,0.2926666666666667,1380.1339347221929,-1.4354260048444598e-06,-187313.57396326275,1310.5174946594568
0.0,,fixed_static_lattice_reference,KM,0.062,0.062,0.35400000000000004,0.292,1380.1361251463657,-1.3804091213935206e-06,-186651.0453331305,1310.7725502927249
0.0,,fixed_static_lattice_reference,KM,0.063,0.063,0.35433333333333333,0.29133333333333333,1380.138365351118,-1.2165187168096585e-06,-184677.43144535736,1311.5275353833401
0.0,,fixed_static_lattice_reference,KM,0.064,0.064,0.3546666666666667,0.2906666666666667,1380.1406563615933,-1.1627291356278996e-06,-184029.68233089655,1311.7768670819412
0.0,,fixed_static_lattice_reference,KM,0.065,0.065,0.355,0.29,1380.1429992264907,-1.1107868248685832e-06,-183404.17856124078,1312.0177284444949
0.0,,fixed_static_lattice_reference,KM,0.066,0.066,0.35533333333333333,0.28933333333333333,1380.1453950177963,-1.0596331766974267e-06,-182788.1720860771,1312.2549825787487
0.0,,fixed_static_lattice_reference,KM,0.067,0.067,0.35566666666666663,0.2886666666666667,1380.1478448305281,-1.0096641772533446e-06,-182186.43148075382,1312.486815975535
0.0,,fixed_static_lattice_reference,KM,0.068,0.068,0.35600000000000004,0.288,1380.1503497824622,-9.594655337268168e-07,-181581.92543744468,1312.7197197296946
0.0,,fixed_static_lattice_reference,KM,0.069,0.069,0.35633333333333334,0.28733333333333333,1380.1529110138654,-9.096871893721062e-07,-180982.4807537961,1312.9507138602921
0.0,,fixed_static_lattice_reference,KM,0.07,0.07,0.3566666666666667,0.2866666666666667,1380.1555296872218,-8.591682528680119e-07,-180374.11765326455,1313.1851234585897
0.0,,fixed_static_lattice_reference,KM,0.07100000000000001,0.07100000000000001,0.357,0.286,1380.1582069869587,-8.081370852817642e-07,-179759.58612340942,1313.4219010622776
0.0,,fixed_static_lattice_reference,KM,0.07200000000000001,0.07200000000000001,0.35733333333333334,0.2853333333333333,1380.1609441191667,-7.561278575574836e-07,-179133.2765210283,1313.6631817748723
0.0,,fixed_static_lattice_reference,KM,0.073,0.073,0.35766666666666663,0.2846666666666667,1380.163742311318,-7.042758426241709e-07,-178508.86011885243,1313.9037618760094
0.0,,fixed_static_lattice_reference,KM,0.074,0.074,0.35800000000000004,0.284,1380.166602811984,-6.529798093653034e-07,-177891.13900281498,1314.1418159828709
0.0,,fixed_static_lattice_reference,KM,0.075,0.075,0.35833333333333334,0.2833333333333333,1380.1695268905494,-6.037218109397476e-07,-177297.96046973715,1314.3705575246067
0.0,,fixed_static_lattice_reference,KM,0.076,0.076,0.3586666666666667,0.2826666666666667,1380.1725158369209,-5.569810308732994e-07,-176735.09498106674,1314.5877979391673
0.0,,fixed_static_lattice_reference,KM,0.077,0.077,0.359,0.282,1380.1755709612394,-5.133915574202842e-07,-176210.17840412603,1314.7906404724888
0.0,,fixed_static_lattice_reference,KM,0.078,0.078,0.35933333333333334,0.2813333333333333,1380.1786935935822,-4.7227365913619487e-07,-175715.02522358703,1314.9822055929503
0.0,,fixed_static_lattice_reference,KM,0.079,0.079,0.35966666666666663,0.2806666666666667,1380.1818850836696,-4.337918559936469e-07,-175251.61663477105,1315.1617464321037
0.0,,fixed_static_lattice_reference,KM,0.08,0.08,0.36000000000000004,0.27999999999999997,1380.1851468005646,-3.969617049807693e-07,-174808.09770080808,1315.3337757953636
0.0,,fixed_static_lattice_reference,KM,0.081,0.081,0.36033333333333334,0.2793333333333333,1380.1884801323736,-3.6209458743405663e-07,-174388.2181624572,1315.4968728688236
0.0,,fixed_static_lattice_reference,KM,0.082,0.082,0.3606666666666667,0.2786666666666667,1380.1918864859401,-3.2824929268969194e-07,-173980.64369882183,1315.65534993888
0.0,,fixed_static_lattice_reference,KM,0.083,0.083,0.361,0.27799999999999997,1380.1953672865416,-2.9617559082612964e-07,-173594.4032499624,1315.8057792201967
0.0,,fixed_static_lattice_reference,KM,0.084,0.084,0.36133333333333334,0.2773333333333333,1380.1989239775844,-1.8255751792618024e-07,-172226.18277880835,1316.3293231445061
0.0,,fixed_static_lattice_reference,KM,0.085,0.085,0.36166666666666664,0.27666666666666667,1380.202558020286,-1.5110039090075486e-07,-171847.3672958369,1316.4770160811408
0.0,,fixed_static_lattice_reference,KM,0.08600000000000001,0.08600000000000001,0.36200000000000004,0.27599999999999997,1380.206270893372,-1.2015074502538333e-07,-171474.66304218405,1316.6224543016135
0.0,,fixed_static_lattice_reference,KM,0.08700000000000001,0.08700000000000001,0.36233333333333334,0.2753333333333333,1380.210064092757,-9.001389914785273e-08,-171111.7467524318,1316.7642439975732
0.0,,fixed_static_lattice_reference,KM,0.088,0.088,0.3626666666666667,0.27466666666666667,1380.213939131228,-6.019011802322407e-08,-170752.6004756078,1316.9046728205249
0.0,,fixed_static_lattice_reference,KM,0.089,0.089,0.363,0.274,1380.2178975381312,-3.049061317775463e-08,-170394.9507683425,1317.0446058946663
0.0,,fixed_static_lattice_reference,KM,0.09,0.09,0.36333333333333334,0.2733333333333334,1380.2219408590477,-4.5834151437045446e-10,-170033.293790396,1317.1861342415962
0.0,,fixed_static_lattice_reference,KM,0.091,0.091,0.36366666666666664,0.27266666666666667,1380.2260706554746,2.9785633949142602e-08,-169669.0874163388,1317.3287056390718
0.0,,fixed_static_lattice_reference,KM,0.092,0.092,0.36400000000000005,0.272,1380.230288504499,6.10546131898431e-08,-169292.5376613813,1317.4760383566113
0.0,,fixed_static_lattice_reference,KM,0.093,0.093,0.36433333333333334,0.27133333333333337,1380.2345959984746,9.264172946452545e-08,-168912.1568116744,1317.6249023069495
0.0,,fixed_static_lattice_reference,KM,0.094,0.094,0.3646666666666667,0.27066666666666667,1380.238994744696,1.2448410874809027e-07,-168528.70201373578,1317.7750113733805
0.0,,fixed_static_lattice_reference,KM,0.095,0.095,0.365,0.27,1380.243486365065,1.5533421499884104e-07,-168157.19644395972,1317.9206672668995
0.0,,fixed_static_lattice_reference,KM,0.096,0.096,0.36533333333333334,0.26933333333333337,1380.248072495768,1.8475804486768924e-07,-167802.86649152543,1318.059890572791
0.0,,fixed_static_lattice_reference,KM,0.097,0.097,0.36566666666666664,0.26866666666666666,1380.2527547869347,2.1209910560600494e-07,-167473.61782491434,1318.1896863774984
0.0,,fixed_static_lattice_reference,KM,0.098,0.098,0.36600000000000005,0.268,1380.2575349023134,2.3739996854622077e-07,-167168.93778828718,1318.3102536452957
0.0,,fixed_static_lattice_reference,KM,0.099,0.099,0.36633333333333334,0.26733333333333337,1380.2624145189297,2.605186714728476e-07,-166890.53593017263,1318.420948333063
0.0,,fixed_static_lattice_reference,KM,0.1,0.1,0.3666666666666667,0.26666666666666666,1380.2673953267538,2.8216514949321185e-07,-166629.86301432474,1318.5250166711955
0.0,,fixed_static_lattice_reference,KM,0.101,0.101,0.367,0.266,1380.2724790283619,3.022093523620266e-07,-166388.48514201012,1318.6218681718765
0.0,,fixed_static_lattice_reference,KM,0.10200000000000001,0.10200000000000001,0.36733333333333335,0.26533333333333337,1380.2776673385933,3.213276183317e-07,-166158.25765966484,1318.7145943281298
0.0,,fixed_static_lattice_reference,KM,0.10300000000000001,0.10300000000000001,0.36766666666666664,0.26466666666666666,1380.282961984215,3.3930511637813123e-07,-165941.76762230153,1318.8022169838873
0.0,,fixed_static_lattice_reference,KM,0.10400000000000001,0.10400000000000001,0.36800000000000005,0.264,1380.2883647035771,3.5571319170771946e-07,-165744.17701030488,1318.882782026428
0.0,,fixed_static_lattice_reference,KM,0.105,0.105,0.36833333333333335,0.26333333333333336,1380.2938772462678,4.37439239001781e-07,-164760.00919192703,1319.2616034629402
0.0,,fixed_static_lattice_reference,KM,0.106,0.106,0.3686666666666667,0.26266666666666666,1380.2995013727716,4.5421592358804466e-07,-164557.97968462115,1319.344054371452
0.0,,fixed_static_lattice_reference,KM,0.107,0.107,0.369,0.262,1380.305238854123,4.702839827640857e-07,-164364.48364182404,1319.4233849550772
0.0,,fixed_static_lattice_reference,KM,0.108,0.108,0.36933333333333335,0.26133333333333336,1380.3110914715583,4.861467390230473e-07,-164173.4599139216,1319.5018944001115
0.0,,fixed_static_lattice_reference,KM,0.109,0.109,0.36966666666666664,0.26066666666666666,1380.3170610161685,5.016963473784053e-07,-163986.20720027134,1319.5790926397863
0.0,,fixed_static_lattice_reference,KM,0.11,0.11,0.37000000000000005,0.26,1380.3231492885498,5.173910853230235e-07,-163797.20679569544,1319.657072752677
0.0,,fixed_static_lattice_reference,KM,0.111,0.111,0.37033333333333335,0.25933333333333336,1380.3293580984523,5.332294660865917e-07,-163606.47660429598,1319.7358297114577
0.0,,fixed_static_lattice_reference,KM,0.112,0.112,0.3706666666666667,0.25866666666666666,1380.335689264431,5.498322493539458e-07,-163406.54126509573,1319.8181972499153
0.0,,fixed_static_lattice_reference,KM,0.113,0.113,0.371,0.258,1380.3421446134912,5.670011595739218e-07,-163199.7884674923,1319.9032721107558
0.0,,fixed_static_lattice_reference,KM,0.114,0.114,0.37133333333333335,0.25733333333333336,1380.3487259807362,5.847034190569667e-07,-162986.61292955026,1319.9909061759067
0.0,,fixed_static_lattice_reference,KM,0.115,0.115,0.37166666666666665,0.25666666666666665,1380.3554352090123,6.023426644269093e-07,-162774.19622510468,1320.078380735764
0.0,,fixed_static_lattice_reference,KM,0.116,0.116,0.37200000000000005,0.256,1380.3622741485556,6.193958757797106e-07,-162568.83670547645,1320.163312316736
0.0,,fixed_static_lattice_reference,KM,0.117,0.117,0.37233333333333335,0.25533333333333336,1380.3692446566326,6.351162231905629e-07,-162379.52790457712,1320.2422973414182
0.0,,fixed_static_lattice_reference,KM,0.11800000000000001,0.11800000000000001,0.3726666666666667,0.25466666666666665,1380.3763485971872,6.492586053919359e-07,-162209.22140011948,1320.3142210725384
0.0,,fixed_static_lattice_reference,KM,0.11900000000000001,0.11900000000000001,0.373,0.254,1380.3835878404786,6.616985306562453e-07,-162059.41635615221,1320.3785189191774
0.0,,fixed_static_lattice_reference,KM,0.12,0.12,0.37333333333333335,0.25333333333333335,1380.3909642627264,6.728215098549527e-07,-161925.4703434145,1320.436951874176
0.0,,fixed_static_lattice_reference,KM,0.121,0.121,0.37366666666666665,0.25266666666666665,1380.3984797457497,6.827065083890489e-07,-161806.43243855942,1320.4898827502684
0.0,,fixed_static_lattice_reference,KM,0.122,0.122,0.37399999999999994,0.252,1380.406136176608,6.915759429438838e-07,-161699.62423792947,1320.5383283176989
0.0,,fixed_static_lattice_reference,KM,0.123,0.123,0.37433333333333335,0.25133333333333335,1380.4139354472381,6.996531492181519e-07,-161602.35627085247,1320.5833093395051
0.0,,fixed_static_lattice_reference,KM,0.124,0.124,0.3746666666666667,0.25066666666666665,1380.4218794540952,7.070671799563091e-07,-161513.0744482445,1320.6254165460136
0.0,,fixed_static_lattice_reference,KM,0.125,0.125,0.375,0.25,1380.4299700977895,6.984953663520079e-07,-161616.29861451467,1320.5947916486984
0.0,,fixed_static_lattice_reference,KM,0.126,0.126,0.3753333333333333,0.24933333333333332,1380.4382092827234,7.731061197722769e-07,-160717.81514623994,1320.9435394828395
0.0,,fixed_static_lattice_reference,KM,0.127,0.127,0.37566666666666665,0.24866666666666667,1380.4465989167293,7.796197169703383e-07,-160639.3765950502,1320.9819967984859
0.0,,fixed_static_lattice_reference,KM,0.128,0.128,0.37600000000000006,0.248,1380.4551409107037,7.858566131299588e-07,-160564.27015481365,1321.0193510740019
0.0,,fixed_static_lattice_reference,KM,0.129,0.129,0.37633333333333335,0.24733333333333332,1380.4638371782446,7.920277648220441e-07,-160489.95542776186,1321.0565659081828
0.0,,fixed_static_lattice_reference,KM,0.13,0.13,0.37666666666666665,0.24666666666666667,1380.4726896352838,7.98131226563933e-07,-160416.45584193882,1321.0936344509937
0.0,,fixed_static_lattice_reference,KM,0.131,0.131,0.377,0.246,1380.4817001997244,8.043996720033261e-07,-160340.96947649025,1321.1316191469462
0.0,,fixed_static_lattice_reference,KM,0.132,0.132,0.37733333333333335,0.24533333333333332,1380.4908707910718,8.11063346384363e-07,-160260.7236540737,1321.1715712515986
0.0,,fixed_static_lattice_reference,KM,0.133,0.133,0.37766666666666665,0.24466666666666667,1380.5002033300698,8.182926312079804e-07,-160173.66659321167,1321.2142690726407
0.0,,fixed_static_lattice_reference,KM,0.134,0.134,0.37799999999999995,0.244,1380.5096997383298,8.261763182079187e-07,-160078.72903912215,1321.26011898963
0.0,,fixed_static_lattice_reference,KM,0.135,0.135,0.37833333333333335,0.24333333333333332,1380.5193619379675,8.345103316720801e-07,-159978.3685283557,1321.3081927231274
0.0,,fixed_static_lattice_reference,KM,0.136,0.136,0.3786666666666667,0.24266666666666667,1380.5291918512316,8.428133429995155e-07,-159878.38135395234,1321.356298732277
0.0,,fixed_static_lattice_reference,KM,0.137,0.137,0.379,0.242,1380.5391914001364,8.506488363142116e-07,-159784.02416164018,1321.4024499864158
0.0,,fixed_static_lattice_reference,KM,0.138,0.138,0.3793333333333333,0.24133333333333332,1380.5493625060933,8.574125536573076e-07,-159702.57359401725,1321.4438954121222
0.0,,fixed_static_lattice_reference,KM,0.139,0.139,0.37966666666666665,0.24066666666666667,1380.5597070895399,8.629132588930006e-07,-159636.33256988117,1321.4797661217804
0.0,,fixed_static_lattice_reference,KM,0.14,0.14,0.38000000000000006,0.24,1380.5702270695742,8.671682641474959e-07,-159585.09261178758,1321.5101434567757
0.0,,fixed_static_lattice_reference,KM,0.14100000000000001,0.14100000000000001,0.38033333333333336,0.23933333333333331,1380.5809243635797,8.703118205375144e-07,-159547.23703040628,1321.5356414740354
0.0,,fixed_static_lattice_reference,KM,0.14200000000000002,0.14200000000000002,0.38066666666666665,0.23866666666666667,1380.5918008868584,8.726053877320455e-07,-159519.61725559906,1321.557453696365
0.0,,fixed_static_lattice_reference,KM,0.14300000000000002,0.14300000000000002,0.381,0.238,1380.6028585522586,8.741706406134384e-07,-159500.76804455198,1321.576136663384
0.0,,fixed_static_lattice_reference,KM,0.14400000000000002,0.14400000000000002,0.38133333333333336,0.2373333333333333,1380.6140992698042,8.752368332376371e-07,-159487.92865608685,1321.5927369831018
0.0,,fixed_static_lattice_reference,KM,0.145,0.145,0.38166666666666665,0.23666666666666666,1380.6255249463231,8.758882019695997e-07,-159480.08469244099,1321.6076405048775
0.0,,fixed_static_lattice_reference,KM,0.146,0.146,0.38199999999999995,0.236,1380.6371374850771,9.197501215272638e-07,-158951.88724364465,1321.819586085538
0.0,,fixed_static_lattice_reference,KM,0.147,0.147,0.38233333333333336,0.2353333333333333,1380.6489387853878,9.204593294856461e-07,-158943.34676392874,1321.835143051239
0.0,,fixed_static_lattice_reference,KM,0.148,0.148,0.38266666666666665,0.23466666666666666,1380.6609307422652,9.206535140523222e-07,-158941.00833930555,1321.8485531023562
0.0,,fixed_static_lattice_reference,KM,0.149,0.149,0.383,0.23399999999999999,1380.6731152460345,9.206995281253897e-07,-158940.4542250249,1321.8614893165488
0.0,,fixed_static_lattice_reference,KM,0.15,0.15,0.3833333333333333,0.2333333333333333,1380.6854941819654,9.207226750425466e-07,-158940.17548340317,1321.874524439099
0.0019000869,,fixed_static_lattice_reference,K,0.0,0.0,0.3333333333333333,0.3333333333333333,1380.070552374435,-6.763138838637188e-06,-251471.37542539812,1285.738447004553
0.0019000869,,fixed_static_lattice_reference,KG,0.001,-0.001,0.333,0.333,1380.0705728352552,-6.751253031171315e-06,-251328.24322225538,1285.7941292382595
0.0019000869,,fixed_static_lattice_reference,KG,0.002,-0.002,0.33266666666666667,0.33266666666666667,1380.0706347705172,-6.728163777232341e-06,-251050.19599705026,1285.9023139254584
0.0019000869,,fixed_static_lattice_reference,KG,0.003,-0.003,0.3323333333333333,0.3323333333333333,1380.0707390334194,-6.693192660324916e-06,-250629.06406943878,1286.0661649646217
0.0019000869,,fixed_static_lattice_reference,KG,0.004,-0.004,0.332,0.332,1380.070886509147,-6.6470275541913344e-06,-250073.13100656605,1286.2824420723377
0.0019000869,,fixed_static_lattice_reference,KG,0.005,-0.005,0.33166666666666667,0.33166666666666667,1380.07107811484,-6.594025367006968e-06,-249434.86390987405,1286.5307290302796
0.0019000869,,fixed_static_lattice_reference,KG,0.006,-0.006,0.3313333333333333,0.3313333333333333,1380.071314799563,-6.531490895168684e-06,-248681.80638708637,1286.8236194387746
0.0019000869,,fixed_static_lattice_reference,KG,0.007,-0.007,0.331,0.331,1380.071597544267,-6.45708531872936e-06,-247785.7937171483,1287.1720244906028
0.0019000869,,fixed_static_lattice_reference,KG,0.008,-0.008,0.33066666666666666,0.33066666666666666,1380.0719273617449,-6.3744216957158326e-06,-246790.33535088587,1287.5590042173117
0.0019000869,,fixed_static_lattice_reference,KG,0.009000000000000001,-0.009000000000000001,0.3303333333333333,0.3303333333333333,1380.0723052965848,-6.289119255968113e-06,-245763.09961872388,1287.9582556231805
0.0019000869,,fixed_static_lattice_reference,KG,0.01,-0.01,0.33,0.33,1380.072732425116,-6.19739642717693e-06,-244658.54777392393,1288.3874413426274
0.0019000869,,fixed_static_lattice_reference,KG,0.011,-0.011,0.32966666666666666,0.32966666666666666,1380.0732098553492,-6.097776405563449e-06,-243458.89573416085,1288.853431863486
0.0019000869,,fixed_static_lattice_reference,KG,0.012,-0.012,0.3293333333333333,0.3293333333333333,1380.0737387269146,-5.994076608527306e-06,-242210.11390273238,1289.3383614943566
0.0019000869,,fixed_static_lattice_reference,KG,0.013000000000000001,-0.013000000000000001,0.329,0.329,1380.0743202109907,-5.890430941886568e-06,-240961.98392459817,1289.8229124113238
0.0019000869,,fixed_static_lattice_reference,KG,0.014,-0.014,0.32866666666666666,0.32866666666666666,1380.0749555102302,-5.7837718390009584e-06,-239677.56530810287,1290.321400860445
0.0019000869,,fixed_static_lattice_reference,KG,0.015,-0.015,0.3283333333333333,0.3283333333333333,1380.075645858681,-5.673676848710297e-06,-238351.77077874276,1290.8357825507908
0.0019000869,,fixed_static_lattice_reference,KG,0.016,-0.016,0.328,0.328,1380.0763925217,-5.562734366110439e-06,-237015.77051100857,1291.3539711034696
0.0019000869,,fixed_static_lattice_reference,KG,0.017,-0.017,0.32766666666666666,0.32766666666666666,1380.0771967958651,-5.452798279396611e-06,-235691.88954276787,1291.8673227437737
0.0019000869,,fixed_static_lattice_reference,KG,0.018000000000000002,-0.018000000000000002,0.3273333333333333,0.3273333333333333,1380.0780600088783,-5.342455460249494e-06,-234363.11058930965,1292.382428358015
0.0019000869,,fixed_static_lattice_reference,KG,0.019,-0.019,0.327,0.327,1380.0789835194637,-5.2323892356646685e-06,-233037.6624645891,1292.8961049858287
0.0019000869,,fixed_static_lattice_reference,KG,0.02,-0.02,0.32666666666666666,0.32666666666666666,1380.0799687172641,-5.123965232738447e-06,-231731.99043036305,1293.4019984615309
0.0019000869,,fixed_static_lattice_reference,KG,0.021,-0.021,0.3263333333333333,0.3263333333333333,1380.0810170227319,-5.0157650079460385e-06,-230429.01319473604,1293.9067201122969
0.0019000869,,fixed_static_lattice_reference,KG,0.022,-0.022,0.326,0.326,1380.0821298870073,-4.905705859611086e-06,-229103.65028418688,1294.4199608122829
0.0019000869,,fixed_static_lattice_reference,KG,0.023,-0.023,0.32566666666666666,0.32566666666666666,1380.0833087918027,-4.797544009115634e-06,-227801.13516252927,1294.9242464496526
0.0019000869,,fixed_static_lattice_reference,KG,0.024,-0.024,0.3253333333333333,0.3253333333333333,1380.0845552492738,-4.691711443179353e-06,-226526.66993412946,1295.417581208259
0.0019000869,,fixed_static_lattice_reference,KG,0.025,-0.025,0.325,0.325,1380.0858708018882,-4.5863153821431915e-06,-225257.461219283,1295.9087736286544
0.0019000869,,fixed_static_lattice_reference,KG,0.026000000000000002,-0.026000000000000002,0.32466666666666666,0.32466666666666666,1380.0872570222903,-4.4825052567282225e-06,-224007.35078279543,1296.39248926107
0.0019000869,,fixed_static_lattice_reference,KG,0.027,-0.027,0.3243333333333333,0.3243333333333333,1380.0887155131586,-4.3816950736933695e-06,-222793.36648779217,1296.8621731699047
0.0019000869,,fixed_static_lattice_reference,KG,0.028,-0.028,0.324,0.324,1380.0902479070614,-4.282782178359593e-06,-221602.22985959073,1297.3229599866734
0.0019000869,,fixed_static_lattice_reference,KG,0.029,-0.029,0.32366666666666666,0.32366666666666666,1380.0918558663009,-4.183365551627732e-06,-220405.02715762804,1297.7860006452768
0.0019000869,,fixed_static_lattice_reference,KG,0.03,-0.03,0.3233333333333333,0.3233333333333333,1380.0935410827624,-4.08559290748656e-06,-219227.62175179433,1298.2413336458533
0.0019000869,,fixed_static_lattice_reference,KG,0.031,-0.031,0.323,0.323,1380.0953052777486,-3.991386339428569e-06,-218093.16002713883,1298.68005745162
0.0019000869,,fixed_static_lattice_reference,KG,0.032,-0.032,0.32266666666666666,0.32266666666666666,1380.0971502018156,-3.89910480122185e-06,-216981.88004798268,1299.1097967251228
0.0019000869,,fixed_static_lattice_reference,KG,0.033,-0.033,0.3223333333333333,0.3223333333333333,1380.0990776346,-3.805686485850005e-06,-215856.91068166506,1299.544748520115
0.0019000869,,fixed_static_lattice_reference,KG,0.034,-0.034,0.322,0.322,1380.1010893846453,-3.7139964128296324e-06,-214752.75329097814,1299.9716395482274
0.0019000869,,fixed_static_lattice_reference,KG,0.035,-0.035,0.32166666666666666,0.32166666666666666,1380.1031872892179,-3.6262187809180643e-06,-213695.7106055544,1300.3803662622347
0.0019000869,,fixed_static_lattice_reference,KG,0.036000000000000004,-0.036000000000000004,0.3213333333333333,0.3213333333333333,1380.1053732141243,-3.5403717926866263e-06,-212661.9172689203,1300.7801212755278
0.0019000869,,fixed_static_lattice_reference,KG,0.037,-0.037,0.321,0.321,1380.1076490535195,-3.452999202293081e-06,-211609.75220624162,1301.1869084684915
0.0019000869,,fixed_static_lattice_reference,KG,0.038,-0.038,0.32066666666666666,0.32066666666666666,1380.1100167297118,-3.367510417062332e-06,-210580.27244988453,1301.5849514448917
0.0019000869,,fixed_static_lattice_reference,KG,0.039,-0.039,0.3203333333333333,0.3203333333333333,1380.1124781929639,-3.2865908123028106e-06,-209605.81603706395,1301.9618413866285
0.0019000869,,fixed_static_lattice_reference,KG,0.04,-0.04,0.32,0.32,1380.1150354212862,-3.208724339889084e-06,-208668.12629410528,1302.3246080381775
0.0019000869,,fixed_static_lattice_reference,KG,0.041,-0.041,0.31966666666666665,0.31966666666666665,1380.1176904202302,-3.1318182429064385e-06,-207742.0016595071,1302.6829383051593
0.0019000869,,fixed_static_lattice_reference,KG,0.042,-0.042,0.3193333333333333,0.3193333333333333,1380.1204452226752,-3.0535615593240543e-06,-206799.612885,1303.0475165689988
0.0019000869,,fixed_static_lattice_reference,KG,0.043000000000000003,-0.043000000000000003,0.319,0.319,1380.123301888608,-2.971590158590878e-06,-205812.4904521889,1303.4292608207493
0.0019000869,,fixed_static_lattice_reference,KG,0.044,-0.044,0.31866666666666665,0.31866666666666665,1380.1262625049017,-2.8940369990267364e-06,-204878.57370980785,1303.7905992704277
0.0019000869,,fixed_static_lattice_reference,KG,0.045,-0.045,0.3183333333333333,0.3183333333333333,1380.1293291850895,-2.8159838655722525e-06,-203938.63614262006,1304.1542581820086
0.0019000869,,fixed_static_lattice_reference,KG,0.046,-0.046,0.318,0.318,1380.132504069131,-2.74020043916019e-06,-203026.03101964382,1304.5074540869768
0.0019000869,,fixed_static_lattice_reference,KG,0.047,-0.047,0.31766666666666665,0.31766666666666665,1380.1357893231793,-2.6689860439404544e-06,-202168.44744254602,1304.8395876613222
0.0019000869,,fixed_static_lattice_reference,KG,0.048,-0.048,0.3173333333333333,0.3173333333333333,1380.1391871393398,-2.599544438591443e-06,-201332.21229471013,1305.163577327734
0.0019000869,,fixed_static_lattice_reference,KG,0.049,-0.049,0.317,0.317,1380.142699735425,-2.5276044007119647e-06,-200465.89032664633,1305.499131101335
0.0019000869,,fixed_static_lattice_reference,KG,0.05,-0.05,0.31666666666666665,0.31666666666666665,1380.146329354708,-2.457240489403317e-06,-199618.54851362566,1305.8274548797206
0.0019000869,,fixed_static_lattice_reference,KG,0.051000000000000004,-0.051000000000000004,0.3163333333333333,0.3163333333333333,1380.150078265671,-2.3912681815516158e-06,-198824.09161228864,1306.1355775433303
0.0019000869,,fixed_static_lattice_reference,KG,0.052000000000000005,-0.052000000000000005,0.316,0.316,1380.153948761744,-2.3268818688038347e-06,-198048.73370561816,1306.4364464362652
0.0019000869,,fixed_static_lattice_reference,KG,0.053,-0.053,0.31566666666666665,0.31566666666666665,1380.1579431610503,-2.2597360168215965e-06,-197240.14465908436,1306.7500921796243
0.0019000869,,fixed_static_lattice_reference,KG,0.054,-0.054,0.3153333333333333,0.3153333333333333,1380.1620638061374,-2.194110301644536e-06,-196449.86152324514,1307.0567932750173
0.0019000869,,fixed_static_lattice_reference,KG,0.055,-0.055,0.315,0.315,1380.1663130637128,-2.132888462077446e-06,-195712.61108377358,1307.3432757436392
0.0019000869,,fixed_static_lattice_reference,KG,0.056,-0.056,0.31466666666666665,0.31466666666666665,1380.170693324366,-2.0732190480193415e-06,-194994.0553845587,1307.6226853824855
0.0019000869,,fixed_static_lattice_reference,KG,0.057,-0.057,0.3143333333333333,0.3143333333333333,1380.1752070023006,-2.0106909457146838e-06,-194241.0745654686,1307.915336502472
0.0019000869,,fixed_static_lattice_reference,KG,0.058,-0.058,0.314,0.314,1380.1798565350475,-1.949757079217724e-06,-193507.29197789446,1308.2007278729093
0.0019000869,,fixed_static_lattice_reference,KG,0.059000000000000004,-0.059000000000000004,0.31366666666666665,0.31366666666666665,1380.184644383184,-1.8935377082347371e-06,-192830.28265806503,1308.46450847284
0.0019000869,,fixed_static_lattice_reference,KG,0.06,-0.06,0.3133333333333333,0.3133333333333333,1380.1895730300491,-1.8396046447678454e-06,-192180.80568997358,1308.7178656268493
0.0019000869,,fixed_static_lattice_reference,KG,0.061,-0.061,0.313,0.313,1380.194644981451,-1.7852257841250985e-06,-191525.96030815694,1308.9733754845117
0.0019000869,,fixed_static_lattice_reference,KG,0.062,-0.062,0.31266666666666665,0.31266666666666665,1380.1998627653716,-1.739740069613323e-06,-190978.20866837262,1309.1880890495368
0.0019000869,,fixed_static_lattice_reference,KG,0.063,-0.063,0.31233333333333335,0.31233333333333335,1380.2052289316744,-1.6870837105061917e-06,-190344.10612968355,1309.4358968046706
0.0019000869,,fixed_static_lattice_reference,KG,0.064,-0.064,0.312,0.312,1380.2107460517989,-1.6238066649491288e-06,-189582.10632740246,1309.7326434007289
0.0019000869,,fixed_static_lattice_reference,KG,0.065,-0.065,0.3116666666666667,0.3116666666666667,1380.216416718459,-1.5649310488882725e-06,-188873.10976470594,1310.0092546293085
0.0019000869,,fixed_static_lattice_reference,KG,0.066,-0.066,0.3113333333333333,0.3113333333333333,1380.2222435453364,-1.510050337911536e-06,-188212.22096142563,1310.2676141215948
0.0019000869,,fixed_static_lattice_reference,KG,0.067,-0.067,0.311,0.311,1380.2282291667698,-1.460332851222899e-06,-187613.50914273792,1310.5023675850798
0.0019000869,,fixed_static_lattice_reference,KG,0.068,-0.068,0.31066666666666665,0.31066666666666665,1380.2343762374414,-1.4122717808173831e-06,-187034.74435016562,1310.7296399324284
0.0019000869,,fixed_static_lattice_reference,KG,0.069,-0.069,0.31033333333333335,0.31033333333333335,1380.2406874320623,-1.3611416450007168e-06,-186419.0210173218,1310.9711416448533
0.0019000869,,fixed_static_lattice_reference,KG,0.07,-0.07,0.31,0.31,1380.2471654450524,-1.3113877171865271e-06,-185819.87036445303,1311.2064548936025
0.0019000869,,fixed_static_lattice_reference,KG,0.07100000000000001,-0.07100000000000001,0.3096666666666667,0.3096666666666667,1380.2538129902184,-1.2659196464187783e-06,-185272.33119554725,1311.422226850868
0.0019000869,,fixed_static_lattice_reference,KG,0.07200000000000001,-0.07200000000000001,0.3093333333333333,0.3093333333333333,1380.2606328004308,-1.2217272002822363e-06,-184740.15345365196,1311.6322887932401
0.0019000869,,fixed_static_lattice_reference,KG,0.073,-0.073,0.309,0.309,1380.267627627295,-1.1743093625934556e-06,-184169.13464856468,1311.8573052078937
0.0019000869,,fixed_static_lattice_reference,KG,0.074,-0.074,0.3086666666666667,0.3086666666666667,1380.2748002408223,-1.1281552931853524e-06,-183613.33449301336,1312.0766706587037
0.0019000869,,fixed_static_lattice_reference,KG,0.075,-0.075,0.30833333333333335,0.30833333333333335,1380.2821534290986,-1.0861835411551089e-06,-183107.89896790506,1312.276999762994
0.0019000869,,fixed_static_lattice_reference,KG,0.076,-0.076,0.308,0.308,1380.289689997948,-1.0454297033938596e-06,-182617.12990555583,1312.471903855117
0.0019000869,,fixed_static_lattice_reference,KG,0.077,-0.077,0.3076666666666667,0.3076666666666667,1380.297412770596,-1.0014899555816081e-06,-182087.99522724625,1312.6815883808058
0.0019000869,,fixed_static_lattice_reference,KG,0.078,-0.078,0.30733333333333335,0.30733333333333335,1380.3053245873323,-9.58845701092629e-07,-181574.46124026953,1312.885496851828
0.0019000869,,fixed_static_lattice_reference,KG,0.079,-0.079,0.307,0.307,1380.313428305167,-9.204656395631158e-07,-181112.27785228798,1313.070021936102
0.0019000869,,fixed_static_lattice_reference,KG,0.08,-0.08,0.3066666666666667,0.3066666666666667,1380.321726797487,-8.83694958950845e-07,-180669.47507744882,1313.2473469958913
0.0019000869,,fixed_static_lattice_reference,KG,0.081,-0.081,0.30633333333333335,0.30633333333333335,1380.3302229537114,-8.450123794892382e-07,-180203.64868429198,1313.4336205972309
0.0019000869,,fixed_static_lattice_reference,KG,0.082,-0.082,0.306,0.306,1380.338919678945,-8.120364275365617e-07,-179806.5430886252,1313.5939213059005
0.0019000869,,fixed_static_lattice_reference,KG,0.083,-0.083,0.3056666666666667,0.3056666666666667,1380.3478198936255,-7.974677253254749e-07,-179631.10271990052,1313.6700503418597
0.0019000869,,fixed_static_lattice_reference,KG,0.084,-0.084,0.30533333333333335,0.30533333333333335,1380.3569265331753,-7.53708756825124e-07,-179104.14503640338,1313.8801694186996
0.0019000869,,fixed_static_lattice_reference,KG,0.085,-0.085,0.305,0.305,1380.3662425476473,-6.997033888638215e-07,-178453.79735745685,1314.137422877704
0.0019000869,,fixed_static_lattice_reference,KG,0.08600000000000001,-0.08600000000000001,0.3046666666666667,0.3046666666666667,1380.37577090137,-6.579916563838608e-07,-177951.49306017626,1314.3385316695906
0.0019000869,,fixed_static_lattice_reference,KG,0.08700000000000001,-0.08700000000000001,0.30433333333333334,0.30433333333333334,1380.3855145725936,-6.230416489553023e-07,-177530.61533878726,1314.5088639880132
0.0019000869,,fixed_static_lattice_reference,KG,0.088,-0.088,0.304,0.304,1380.3954765531284,-5.899988842219824e-07,-177132.70516501178,1314.6706684654248
0.0019000869,,fixed_static_lattice_reference,KG,0.089,-0.089,0.3036666666666667,0.3036666666666667,1380.40565984799,-5.54192146662042e-07,-176701.5104608216,1314.845342722688
0.0019000869,,fixed_static_lattice_reference,KG,0.09,-0.09,0.30333333333333334,0.30333333333333334,1380.416067475038,-5.19579149782472e-07,-176284.6911143051,1315.0147635022747
0.0019000869,,fixed_static_lattice_reference,KG,0.091,-0.091,0.303,0.303,1380.4267024646117,-4.887352376875884e-07,-175913.26013627878,1315.1671455526262
0.0019000869,,fixed_static_lattice_reference,KG,0.092,-0.092,0.3026666666666667,0.3026666666666667,1380.4375678591737,-4.5887817434244217e-07,-175553.71306568777,1315.3152343416625
0.0019000869,,fixed_static_lattice_reference,KG,0.093,-0.093,0.30233333333333334,0.30233333333333334,1380.4486667129397,-4.2599709046900697e-07,-175157.74989784753,1315.4773930142946
0.0019000869,,fixed_static_lattice_reference,KG,0.094,-0.094,0.302,0.302,1380.4600020915184,-3.941129493841044e-07,-174773.7921926685,1315.6352173691027
0.0019000869,,fixed_static_lattice_reference,KG,0.095,-0.095,0.3016666666666667,0.3016666666666667,1380.4715770715454,-3.657774999807889e-07,-174432.56882086297,1315.7770351702968
0.0019000869,,fixed_static_lattice_reference,KG,0.096,-0.096,0.30133333333333334,0.30133333333333334,1380.4833947403167,-3.3833569092560635e-07,-174102.1069149665,1315.9150034249105
0.0019000869,,fixed_static_lattice_reference,KG,0.097,-0.097,0.301,0.301,1380.4954581954232,-3.079456086812147e-07,-173736.14108237007,1316.0667038626202
0.0019000869,,fixed_static_lattice_reference,KG,0.098,-0.098,0.3006666666666667,0.3006666666666667,1380.5077705443803,-2.7851365800284937e-07,-173381.71333688634,1316.2142649266984
0.0019000869,,fixed_static_lattice_reference,KG,0.099,-0.099,0.30033333333333334,0.30033333333333334,1380.5203349042642,-2.5256766393690625e-07,-173069.26445160445,1316.346128733844
0.0019000869,,fixed_static_lattice_reference,KG,0.1,-0.1,0.3,0.3,1380.533154401342,-2.2769756488542303e-07,-172769.7717936729,1316.4733262043887
0.0019000869,,fixed_static_lattice_reference,KG,0.101,-0.101,0.2996666666666667,0.2996666666666667,1380.5462321707025,-2.0059265370803607e-07,-172443.36690583106,1316.6110026332349
0.0019000869,,fixed_static_lattice_reference,KG,0.10200000000000001,-0.10200000000000001,0.29933333333333334,0.29933333333333334,1380.559571355888,-1.7623194892837305e-07,-172150.00851556312,1316.7363903024743
0.0019000869,,fixed_static_lattice_reference,KG,0.10300000000000001,-0.10300000000000001,0.299,0.299,1380.5731751085257,-1.6235851033424002e-07,-171982.94070491203,1316.814091329647
0.0019000869,,fixed_static_lattice_reference,KG,0.10400000000000001,-0.10400000000000001,0.2986666666666667,0.2986666666666667,1380.5870465879595,-1.7108960465237252e-07,-172088.08297389036,1316.7887113096672
0.0019000869,,fixed_static_lattice_reference,KG,0.105,-0.105,0.29833333333333334,0.29833333333333334,1380.6011889608792,-1.206020271921182e-07,-171480.09750769674,1317.0343751977382
0.0019000869,,fixed_static_lattice_reference,KG,0.106,-0.106,0.298,0.298,1380.6156054009534,-7.867251721120917e-08,-170975.17067310892,1317.2411621276995
0.0019000869,,fixed_static_lattice_reference,KG,0.107,-0.107,0.2976666666666667,0.2976666666666667,1380.6302990884606,-5.179609837432356e-08,-170651.5173536558,1317.3794082979423
0.0019000869,,fixed_static_lattice_reference,KG,0.108,-0.108,0.29733333333333334,0.29733333333333334,1380.6452732099187,-2.841694708947196e-08,-170369.97910388888,1317.501951168575
0.0019000869,,fixed_static_lattice_reference,KG,0.109,-0.109,0.297,0.297,1380.660530957721,-3.1796196549525567e-09,-170066.06417951293,1317.6332712727556
0.0019000869,,fixed_static_lattice_reference,KG,0.11,-0.11,0.2966666666666667,0.2966666666666667,1380.6760755297669,2.1088851779553856e-08,-169773.81648887004,1317.760452074431
0.0019000869,,fixed_static_lattice_reference,KG,0.111,-0.111,0.29633333333333334,0.29633333333333334,1380.691910129092,4.2463061187050985e-08,-169516.4223074723,1317.8747013234788
0.0019000869,,fixed_static_lattice_reference,KG,0.112,-0.112,0.296,0.296,1380.7080379635065,6.323102249460887e-08,-169266.32873450563,1317.9864784444983
0.0019000869,,fixed_static_lattice_reference,KG,0.113,-0.113,0.2956666666666667,0.2956666666666667,1380.7244622452274,8.653146214045662e-08,-168985.73835221308,1318.1101252513613
0.0019000869,,fixed_static_lattice_reference,KG,0.114,-0.114,0.29533333333333334,0.29533333333333334,1380.7411861905125,1.0899995540892589e-07,-168715.16649985488,1318.230274551047
0.0019000869,,fixed_static_lattice_reference,KG,0.115,-0.115,0.295,0.295,1380.7582130192989,1.2845211797216604e-07,-168480.9181417554,1318.3369541503766
0.0019000869,,fixed_static_lattice_reference,KG,0.116,-0.116,0.2946666666666667,0.2946666666666667,1380.7755459548378,1.4686208708812878e-07,-168259.2201673499,1318.4391863637588
0.0019000869,,fixed_static_lattice_reference,KG,0.117,-0.117,0.29433333333333334,0.29433333333333334,1380.793188223333,1.6711783558954071e-07,-168015.29480362203,1318.550163566155
0.0019000869,,fixed_static_lattice_reference,KG,0.11800000000000001,-0.11800000000000001,0.294,0.294,1380.8111430535826,1.8609259188728578e-07,-167786.79550470685,1318.6556098072895
0.0019000869,,fixed_static_lattice_reference,KG,0.11900000000000001,-0.11900000000000001,0.2936666666666667,0.2936666666666667,1380.829413676614,2.0187920545219514e-07,-167596.68870832835,1318.7468221634406
0.0019000869,,fixed_static_lattice_reference,KG,0.12,-0.12,0.29333333333333333,0.29333333333333333,1380.8480033253297,2.1651674959300279e-07,-167420.4193259167,1318.8331164183105
0.0019000869,,fixed_static_lattice_reference,KG,0.121,-0.121,0.293,0.293,1380.8669152341502,2.3279024980869275e-07,-167224.44930491448,1318.9272111391754
0.0019000869,,fixed_static_lattice_reference,KG,0.122,-0.122,0.2926666666666667,0.2926666666666667,1380.8861526386556,2.4743724151479385e-07,-167048.06615229088,1319.0142153884838
0.0019000869,,fixed_static_lattice_reference,KG,0.123,-0.123,0.29233333333333333,0.29233333333333333,1380.9057187752337,2.5702417421553617e-07,-166932.6176391984,1319.0784610882502
0.0019000869,,fixed_static_lattice_reference,KG,0.124,-0.124,0.292,0.292,1380.925616880727,2.5523771156226154e-07,-166954.130719915,1319.0911373508281
0.0019000869,,fixed_static_lattice_reference,KG,0.125,-0.125,0.2916666666666667,0.2916666666666667,1380.9458501920806,2.3169817876397242e-07,-167237.60032852547,1319.0048676309739
0.0019000869,,fixed_static_lattice_reference,KG,0.126,-0.126,0.29133333333333333,0.29133333333333333,1380.9664219459962,2.849986039343869e-07,-166595.74176696021,1319.269690690788
0.0019000869,,fixed_static_lattice_reference,KG,0.127,-0.127,0.291,0.291,1380.987335378579,3.1161397953389657e-07,-166275.23200285985,1319.4130469542765
0.0019000869,,fixed_static_lattice_reference,KG,0.128,-0.128,0.2906666666666667,0.2906666666666667,1381.0085937249994,3.2672493682107167e-07,-166093.26164751634,1319.5042532310322
0.0019000869,,fixed_static_lattice_reference,KG,0.129,-0.129,0.29033333333333333,0.29033333333333333,1381.0302002191431,3.4103638296345386e-07,-165920.9192280047,1319.5921698348022
0.0019000869,,fixed_static_lattice_reference,KG,0.13,-0.13,0.29,0.29,1381.052158093275,3.5375246612760636e-07,-165767.78861371052,1319.6731696751215
0.0019000869,,fixed_static_lattice_reference,KG,0.131,-0.131,0.2896666666666667,0.2896666666666667,1381.0744705776951,3.6388274038741184e-07,-165645.79703026873,1319.742738662044
0.0019000869,,fixed_static_lattice_reference,KG,0.132,-0.132,0.28933333333333333,0.28933333333333333,1381.097140900404,3.733705486014074e-07,-165531.54220184716,1319.8097478051234
0.0019000869,,fixed_static_lattice_reference,KG,0.133,-0.133,0.289,0.289,1381.1201722867677,3.8468127588428767e-07,-165395.3352744008,1319.8854476896963
0.0019000869,,fixed_static_lattice_reference,KG,0.134,-0.134,0.2886666666666667,0.2886666666666667,1381.1435679591834,3.955007041581068e-07,-165265.04470642525,1319.9592836934776
0.0019000869,,fixed_static_lattice_reference,KG,0.135,-0.135,0.28833333333333333,0.28833333333333333,1381.1673311367513,4.0435834248029264e-07,-165158.37855931357,1320.0245520595831
0.0019000869,,fixed_static_lattice_reference,KG,0.136,-0.136,0.288,0.288,1381.191465034945,4.127527346798324e-07,-165057.29095100303,1320.0880925659371
0.0019000869,,fixed_static_lattice_reference,KG,0.137,-0.137,0.2876666666666667,0.2876666666666667,1381.2159728652875,4.227541145836432e-07,-164936.85154928715,1320.1593510440002
0.0019000869,,fixed_static_lattice_reference,KG,0.138,-0.138,0.28733333333333333,0.28733333333333333,1381.240857835026,4.320963839338236e-07,-164824.34934038937,1320.2279947086597
0.0019000869,,fixed_static_lattice_reference,KG,0.139,-0.139,0.287,0.287,1381.266123146815,4.393938712666806e-07,-164736.4709659199,1320.2877080345452
0.0019000869,,fixed_static_lattice_reference,KG,0.14,-0.14,0.2866666666666667,0.2866666666666667,1381.2917719983961,4.4610303562650284e-07,-164655.677340512,1320.3451374735157
0.0019000869,,fixed_static_lattice_reference,KG,0.14100000000000001,-0.14100000000000001,0.28633333333333333,0.28633333333333333,1381.317807582285,4.5419743987878515e-07,-164558.2022705949,1320.4092862720013
0.0019000869,,fixed_static_lattice_reference,KG,0.14200000000000002,-0.14200000000000002,0.286,0.286,1381.3442330854568,4.615130771595951e-07,-164470.10532939827,1320.4702893094757
0.0019000869,,fixed_static_lattice_reference,KG,0.14300000000000002,-0.14300000000000002,0.2856666666666667,0.2856666666666667,1381.3710516890403,4.662423593971954e-07,-164413.15399581028,1320.5199083878572
0.0019000869,,fixed_static_lattice_reference,KG,0.14400000000000002,-0.14400000000000002,0.2853333333333333,0.2853333333333333,1381.3982665680096,4.6747222487507674e-07,-164398.3436132659,1320.5539849865418
0.0019000869,,fixed_static_lattice_reference,KG,0.145,-0.145,0.285,0.285,1381.425880890881,4.5515862989183544e-07,-164546.6273528115,1320.5267271215432
0.0019000869,,fixed_static_lattice_reference,KG,0.146,-0.146,0.2846666666666667,0.2846666666666667,1381.4538978194137,4.2849495393252596e-07,-164867.718763294,1320.4344561685587
0.0019000869,,fixed_static_lattice_reference,KG,0.147,-0.147,0.2843333333333333,0.2843333333333333,1381.4823205083107,4.795216400012266e-07,-164253.24120112104,1320.6968466214742
0.0019000869,,fixed_static_lattice_reference,KG,0.148,-0.148,0.284,0.284,1381.5111521049287,4.972923114535832e-07,-164039.24182719504,1320.8080184353412
0.0019000869,,fixed_static_lattice_reference,KG,0.149,-0.149,0.2836666666666667,0.2836666666666667,1381.5403957489807,5.075333791917872e-07,-163915.9160378356,1320.8852898902367
0.0019000869,,fixed_static_lattice_reference,KG,0.15,-0.15,0.2833333333333333,0.2833333333333333,1381.5700545722555,5.151083484970476e-07,-163824.69614818876,1320.9508391846368
0.0019000869,,fixed_static_lattice_reference,KM,0.001,0.001,0.3336666666666666,0.33266666666666667,1380.07057256686,-6.751086886296775e-06,-251326.2424594126,1285.794906976073
0.0019000869,,fixed_static_lattice_reference,KM,0.002,0.002,0.334,0.332,1380.07063262336,-6.726728567909079e-06,-251032.91280674122,1285.909031861391
0.0019000869,,fixed_static_lattice_reference,KM,0.003,0.003,0.3343333333333333,0.3313333333333333,1380.0707317867982,-6.692710294623697e-06,-250623.25528734853,1286.0684155390802
0.0019000869,,fixed_static_lattice_reference,KM,0.004,0.004,0.33466666666666667,0.33066666666666666,1380.070869332077,-6.64870922376934e-06,-250093.38213989034,1286.27455165649
0.0019000869,,fixed_static_lattice_reference,KM,0.005,0.005,0.33499999999999996,0.33,1380.0710445661437,-6.5929432657845276e-06,-249421.8329456391,1286.5357574137797
0.0019000869,,fixed_static_lattice_reference,KM,0.006,0.006,0.3353333333333333,0.3293333333333333,1380.071256827983,-6.527196708829558e-06,-248630.09459946156,1286.8436499137363
0.0019000869,,fixed_static_lattice_reference,KM,0.007,0.007,0.3356666666666666,0.32866666666666666,1380.0715054886093,-6.4538487997051935e-06,-247746.81865384086,1287.1870655067023
0.0019000869,,fixed_static_lattice_reference,KM,0.008,0.008,0.336,0.328,1380.0717899510503,-6.372653429868997e-06,-246769.04140117936,1287.5671260239276
0.0019000869,,fixed_static_lattice_reference,KM,0.009000000000000001,0.009000000000000001,0.3363333333333333,0.3273333333333333,1380.0721096503316,-6.282139021089858e-06,-245679.04168665264,1287.9906778187737
0.0019000869,,fixed_static_lattice_reference,KM,0.01,0.01,0.33666666666666667,0.32666666666666666,1380.0724640534493,-6.185718201499582e-06,-244517.91532848036,1288.4417296525592
0.0019000869,,fixed_static_lattice_reference,KM,0.011,0.011,0.33699999999999997,0.326,1380.072852659341,-6.0854755971027425e-06,-243310.76597348007,1288.91051383477
0.0019000869,,fixed_static_lattice_reference,KM,0.012,0.012,0.3373333333333333,0.3253333333333333,1380.0732749988506,-5.980977914564137e-06,-242052.37578265733,1289.399033884932
0.0019000869,,fixed_static_lattice_reference,KM,0.013000000000000001,0.013000000000000001,0.3376666666666666,0.32466666666666666,1380.07373063469,-5.871453659774395e-06,-240733.4542091223,1289.910868152846
0.0019000869,,fixed_static_lattice_reference,KM,0.014,0.014,0.338,0.324,1380.0742191613926,-5.759580832378998e-06,-239386.25047030294,1290.433493026132
0.0019000869,,fixed_static_lattice_reference,KM,0.015,0.015,0.3383333333333333,0.3233333333333333,1380.0747402052639,-5.646556673679879e-06,-238025.18207933247,1290.9613109901063
0.0019000869,,fixed_static_lattice_reference,KM,0.016,0.016,0.33866666666666667,0.32266666666666666,1380.075293424327,-5.532191688988372e-06,-236647.96708840464,1291.4951987645318
0.0019000869,,fixed_static_lattice_reference,KM,0.017,0.017,0.33899999999999997,0.322,1380.0758785082626,-5.416431637595234e-06,-235253.9523157953,1292.0354012659861
0.0019000869,,fixed_static_lattice_reference,KM,0.018000000000000002,0.018000000000000002,0.3393333333333333,0.3213333333333333,1380.076495178344,-5.3005459149113835e-06,-233858.42417450962,1292.575997134881
0.0019000869,,fixed_static_lattice_reference,KM,0.019,0.019,0.3396666666666666,0.32066666666666666,1380.0771431873666,-5.18503553166316e-06,-232467.41597522216,1293.1146527562746
0.0019000869,,fixed_static_lattice_reference,KM,0.02,0.02,0.34,0.32,1380.077822319574,-5.069759558207896e-06,-231079.23060393363,1293.6520262630147
0.0019000869,,fixed_static_lattice_reference,KM,0.021,0.021,0.3403333333333333,0.3193333333333333,1380.0785323905777,-4.955358665123037e-06,-229701.5831941343,1294.185138367458
0.0019000869,,fixed_static_lattice_reference,KM,0.022,0.022,0.3406666666666667,0.31866666666666665,1380.0792732472742,-4.841766431140735e-06,-228333.67388242146,1294.7143030662412
0.0019000869,,fixed_static_lattice_reference,KM,0.023,0.023,0.34099999999999997,0.318,1380.0800447677518,-4.729020889009548e-06,-226975.96066974365,1295.2393482659552
0.0019000869,,fixed_static_lattice_reference,KM,0.024,0.024,0.3413333333333333,0.3173333333333333,1380.0808468612024,-4.617135052919599e-06,-225628.60027660214,1295.760218403286
0.0019000869,,fixed_static_lattice_reference,KM,0.025,0.025,0.3416666666666666,0.31666666666666665,1380.0816794678167,-4.507344106448885e-06,-224306.46712758378,1296.2711810709693
0.0019000869,,fixed_static_lattice_reference,KM,0.026000000000000002,0.026000000000000002,0.342,0.316,1380.0825425586831,-4.399128941893729e-06,-223003.30998317373,1296.7746582548818
0.0019000869,,fixed_static_lattice_reference,KM,0.027,0.027,0.3423333333333333,0.3153333333333333,1380.08343613568,-4.2913379536954876e-06,-221705.26088856685,1297.276003712201
0.0019000869,,fixed_static_lattice_reference,KM,0.028,0.028,0.3426666666666667,0.31466666666666665,1380.0843602313616,-4.184761785638223e-06,-220421.84099636792,1297.7715516834382
0.0019000869,,fixed_static_lattice_reference,KM,0.029,0.029,0.34299999999999997,0.314,1380.0853149088398,-4.080988725164448e-06,-219172.1769062231,1298.253942617086
0.0019000869,,fixed_static_lattice_reference,KM,0.03,0.03,0.3433333333333333,0.3133333333333333,1380.0863002616625,-3.9786283344980715e-06,-217939.52457926105,1298.7296376038635
0.0019000869,,fixed_static_lattice_reference,KM,0.031,0.031,0.3436666666666666,0.31266666666666665,1380.0873164136876,-3.876663848528521e-06,-216711.63984689908,1299.2033563222637
0.0019000869,,fixed_static_lattice_reference,KM,0.032,0.032,0.34400000000000003,0.312,1380.0883635189489,-3.776081938732653e-06,-215500.40448180307,1299.6705300339033
0.0019000869,,fixed_static_lattice_reference,KM,0.033,0.033,0.3443333333333333,0.3113333333333333,1380.0894417615211,-3.6784208333233395e-06,-214324.34225643665,1300.124042161051
0.0019000869,,fixed_static_lattice_reference,KM,0.034,0.034,0.3446666666666667,0.31066666666666665,1380.0905513553828,-3.5823606601506908e-06,-213167.55890284854,1300.5700177374365
0.0019000869,,fixed_static_lattice_reference,KM,0.035,0.035,0.345,0.31,1380.0916925442664,-3.4864370854261867e-06,-212012.42050580925,1301.0152417723202
0.0019000869,,fixed_static_lattice_reference,KM,0.036000000000000004,0.036000000000000004,0.3453333333333333,0.3093333333333333,1380.0928656015092,-3.3915461101669703e-06,-210869.71695906136,1301.4555700157896
0.0019000869,,fixed_static_lattice_reference,KM,0.037,0.037,0.3456666666666666,0.3086666666666667,1380.0940708299047,-3.3001645455278614e-06,-209769.2747122067,1301.8795526574843
0.0019000869,,fixed_static_lattice_reference,KM,0.038,0.038,0.34600000000000003,0.308,1380.0953085615408,-3.2103095863384064e-06,-208687.21627326464,1302.2963735034778
0.0019000869,,fixed_static_lattice_reference,KM,0.039,0.039,0.3463333333333333,0.30733333333333335,1380.0965791576352,-3.120123880471547e-06,-207601.17489073589,1302.714624509862
0.0019000869,,fixed_static_lattice_reference,KM,0.04,0.04,0.3466666666666667,0.3066666666666667,1380.0978830083745,-3.031447113192917e-06,-206533.30456685505,1303.1258044092833
0.0019000869,,fixed_static_lattice_reference,KM,0.041,0.041,0.347,0.306,1380.0992205327402,-2.9465326621162347e-06,-205510.7411023063,1303.5195117115702
0.0019000869,,fixed_static_lattice_reference,KM,0.042,0.042,0.3473333333333333,0.30533333333333335,1380.1005921783321,-2.8619629688498013e-06,-204492.32930730737,1303.911544248181
0.0019000869,,fixed_static_lattice_reference,KM,0.043000000000000003,0.043000000000000003,0.3476666666666666,0.3046666666666667,1380.1019984211946,-2.776209929943293e-06,-203459.66733460457,1304.3089583038102
0.0019000869,,fixed_static_lattice_reference,KM,0.044,0.044,0.34800000000000003,0.304,1380.1034397656279,-2.6915688897650553e-06,-202440.39636022697,1304.7011566227307
0.0019000869,,fixed_static_lattice_reference,KM,0.045,0.045,0.34833333333333333,0.30333333333333334,1380.1049167440046,-2.610538060360878e-06,-201464.6005492646,1305.076618697811
0.0019000869,,fixed_static_lattice_reference,KM,0.046,0.046,0.3486666666666667,0.3026666666666667,1380.1064299165778,-2.530582774568402e-06,-200501.75673396268,1305.4470503100151
0.0019000869,,fixed_static_lattice_reference,KM,0.047,0.047,0.349,0.302,1380.1079798712844,-2.4500803993776905e-06,-199532.32471578853,1305.8199383485494
0.0019000869,,fixed_static_lattice_reference,KM,0.048,0.048,0.34933333333333333,0.30133333333333334,1380.1095672235483,-2.370662770402219e-06,-198575.95551358914,1306.1877591021823
0.0019000869,,fixed_static_lattice_reference,KM,0.049,0.049,0.3496666666666666,0.3006666666666667,1380.1111926160768,-2.2946534833644543e-06,-197660.63051406664,1306.5398093705767
0.0019000869,,fixed_static_lattice_reference,KM,0.05,0.05,0.35000000000000003,0.3,1380.1128567186531,-2.219475880112329e-06,-196755.32088227564,1306.8879739280815
0.0019000869,,fixed_static_lattice_reference,KM,0.051000000000000004,0.051000000000000004,0.35033333333333333,0.29933333333333334,1380.1145602279282,-2.143847152184828e-06,-195844.57868152676,1307.2381652444215
0.0019000869,,fixed_static_lattice_reference,KM,0.052000000000000005,0.052000000000000005,0.3506666666666667,0.2986666666666667,1380.1163038672044,-2.0689554470469344e-06,-194942.71191443654,1307.5849113100217
0.0019000869,,fixed_static_lattice_reference,KM,0.053,0.053,0.351,0.298,1380.118088386219,-1.9973391665773808e-06,-194080.28872325426,1307.916529893088
0.0019000869,,fixed_static_lattice_reference,KM,0.054,0.054,0.35133333333333333,0.29733333333333334,1380.1199145609216,-1.92623327685933e-06,-193224.01179962142,1308.2457593158956
0.0019000869,,fixed_static_lattice_reference,KM,0.055,0.055,0.3516666666666666,0.2966666666666667,1380.1217831932518,-1.8539691178781411e-06,-192353.78667499835,1308.5802802157468
0.0019000869,,fixed_static_lattice_reference,KM,0.056,0.056,0.35200000000000004,0.296,1380.1236951109076,-1.7823286967700514e-06,-191491.0727755248,1308.9118920045996
0.0019000869,,fixed_static_lattice_reference,KM,0.057,0.057,0.35233333333333333,0.29533333333333334,1380.1256511671156,-1.7138844091175202e-06,-190666.84760509603,1309.2287674063532
0.0019000869,,fixed_static_lattice_reference,KM,0.058,0.058,0.3526666666666667,0.2946666666666667,1380.1276522403941,-1.645864622101077e-06,-189847.7343895305,1309.5436617727
0.0019000869,,fixed_static_lattice_reference,KM,0.059000000000000004,0.059000000000000004,0.353,0.294,1380.1296992343161,-1.5766926842826852e-06,-189014.74665318805,1309.8638250044987
0.0019000869,,fixed_static_lattice_reference,KM,0.06,0.06,0.35333333333333333,0.29333333333333333,1380.1317930772655,-1.508254646880499e-06,-188190.59675001435,1310.1805866034856
0.0019000869,,fixed_static_lattice_reference,KM,0.061,0.061,0.35366666666666663,0.2926666666666667,1380.1339347221929,-1.4446562810221027e-06,-187424.72751919198,1310.475085704635
0.0019000869,,fixed_static_lattice_reference,KM,0.062,0.062,0.35400000000000004,0.292,1380.1361251463657,-1.38350558336564e-06,-186688.33379041785,1310.758326368216
0.0019000869,,fixed_static_lattice_reference,KM,0.063,0.063,0.35433333333333333,0.29133333333333333,1380.138365351118,-1.3157855087597218e-06,-185872.82979515567,1311.0717286704416
0.0019000869,,fixed_static_lattice_reference,KM,0.064,0.064,0.3546666666666667,0.2906666666666667,1380.1406563615933,-1.2457953928509655e-06,-185029.98933042493,1311.3955322524873
0.0019000869,,fixed_static_lattice_reference,KM,0.065,0.065,0.355,0.29,1380.1429992264907,-1.1821496046503244e-06,-184263.54902655238,1311.690187996899
0.0019000869,,fixed_static_lattice_reference,KM,0.066,0.066,0.35533333333333333,0.28933333333333333,1380.1453950177963,-1.1209929935055536e-06,-183527.0840859054,1311.9734095258652
0.0019000869,,fixed_static_lattice_reference,KM,0.067,0.067,0.35566666666666663,0.2886666666666667,1380.1478448305281,-1.0599957412337052e-06,-182792.53818918014,1312.255895548262
0.0019000869,,fixed_static_lattice_reference,KM,0.068,0.068,0.35600000000000004,0.288,1380.1503497824622,-1.000575684101801e-06,-182076.98531550477,1312.5311435120875
0.0019000869,,fixed_static_lattice_reference,KM,0.069,0.069,0.35633333333333334,0.28733333333333333,1380.1529110138654,-9.457961833952709e-07,-181417.31531448063,1312.7851090203476
0.0019000869,,fixed_static_lattice_reference,KM,0.07,0.07,0.3566666666666667,0.2866666666666667,1380.1555296872218,-8.92285148365262e-07,-180772.92053034122,1313.033269036194
0.0019000869,,fixed_static_lattice_reference,KM,0.07100000000000001,0.07100000000000001,0.357,0.286,1380.1582069869587,-8.378874345803428e-07,-180117.8481137368,1313.2855090191622
0.0019000869,,fixed_static_lattice_reference,KM,0.07200000000000001,0.07200000000000001,0.35733333333333334,0.2853333333333333,1380.1609441191667,-7.842590347352023e-07,-179472.039989813,1313.5342369660932
0.0019000869,,fixed_static_lattice_reference,KM,0.073,0.073,0.35766666666666663,0.2846666666666667,1380.163742311318,-7.343587352610797e-07,-178871.12668865768,1313.7658957752421
0.0019000869,,fixed_static_lattice_reference,KM,0.074,0.074,0.35800000000000004,0.284,1380.166602811984,-6.852020514314688e-07,-178279.1682141556,1313.9941717159238
0.0019000869,,fixed_static_lattice_reference,KM,0.075,0.075,0.35833333333333334,0.2833333333333333,1380.1695268905494,-6.353016938152131e-07,-177678.25421283653,1314.2258819337133
0.0019000869,,fixed_static_lattice_reference,KM,0.076,0.076,0.3586666666666667,0.2826666666666667,1380.1725158369209,-5.864431892058749e-07,-177089.88649553386,1314.452846996073
0.0019000869,,fixed_static_lattice_reference,KM,0.077,0.077,0.359,0.282,1380.1755709612394,-5.418434854833294e-07,-176552.80444438584,1314.660337210261
0.0019000869,,fixed_static_lattice_reference,KM,0.078,0.078,0.35933333333333334,0.2813333333333333,1380.1786935935822,-4.981540347797805e-07,-176026.68391355523,1314.8636972462705
0.0019000869,,fixed_static_lattice_reference,KM,0.079,0.079,0.35966666666666663,0.2806666666666667,1380.1818850836696,-4.5376893285150407e-07,-175492.1861569703,1315.0702832001573
0.0019000869,,fixed_static_lattice_reference,KM,0.08,0.08,0.36000000000000004,0.27999999999999997,1380.1851468005646,-4.1046819019590707e-07,-174970.74655669005,1315.2719463640233
0.0019000869,,fixed_static_lattice_reference,KM,0.081,0.081,0.36033333333333334,0.2793333333333333,1380.1884801323736,-3.7185448588121475e-07,-174505.74957723086,1315.4522002387166
0.0019000869,,fixed_static_lattice_reference,KM,0.082,0.082,0.3606666666666667,0.2786666666666667,1380.1918864859401,-3.371127215617981e-07,-174087.37957734807,1315.6147855448685
0.0019000869,,fixed_static_lattice_reference,KM,0.083,0.083,0.361,0.27799999999999997,1380.1953672865416,-3.0874462130384187e-07,-173745.76301485923,1315.7482619651723
0.0019000869,,fixed_static_lattice_reference,KM,0.084,0.084,0.36133333333333334,0.2773333333333333,1380.1989239775844,-2.6009359411693767e-07,-173159.8937984502,1315.9746106785008
0.0019000869,,fixed_static_lattice_reference,KM,0.085,0.085,0.36166666666666664,0.27666666666666667,1380.202558020286,-2.1289763029797315e-07,-172591.5468602847,1316.1943451882235
0.0019000869,,fixed_static_lattice_reference,KM,0.08600000000000001,0.08600000000000001,0.36200000000000004,0.27599999999999997,1380.206270893372,-1.7236012040312913e-07,-172103.38287833988,1316.3836702629853
0.0019000869,,fixed_static_lattice_reference,KM,0.08700000000000001,0.08700000000000001,0.36233333333333334,0.2753333333333333,1380.210064092757,-1.3274322614102205e-07,-171626.30520619266,1316.5688420347565
0.0019000869,,fixed_static_lattice_reference,KM,0.088,0.088,0.3626666666666667,0.27466666666666667,1380.213939131228,-9.475266787051038e-08,-171168.81232491438,1316.7466367708053
0.0019000869,,fixed_static_lattice_reference,KM,0.089,0.089,0.363,0.274,1380.2178975381312,-6.09533137579655e-08,-170761.79109115968,1316.9053320544417
0.0019000869,,fixed_static_lattice_reference,KM,0.09,0.09,0.36333333333333334,0.2733333333333334,1380.2219408590477,-2.7758815967808008e-08,-170362.05370566322,1317.0613320278799
0.0019000869,,fixed_static_lattice_reference,KM,0.091,0.091,0.36366666666666664,0.27266666666666667,1380.2260706554746,6.450586519756691e-09,-169950.09455519734,1317.2220433783568
0.0019000869,,fixed_static_lattice_reference,KM,0.092,0.092,0.36400000000000005,0.272,1380.230288504499,4.0104316899458286e-08,-169544.8269629829,1317.38028767028
0.0019000869,,fixed_static_lattice_reference,KM,0.093,0.093,0.36433333333333334,0.27133333333333337,1380.2345959984746,7.031968170048637e-08,-169180.96512649005,1317.5228934878446
0.0019000869,,fixed_static_lattice_reference,KM,0.094,0.094,0.3646666666666667,0.27066666666666667,1380.238994744696,1.0015097635830807e-07,-168821.72836960715,1317.6638244424264
0.0019000869,,fixed_static_lattice_reference,KM,0.095,0.095,0.365,0.27,1380.243486365065,1.3124393369797545e-07,-168447.29831939575,1317.8106022239288
0.0019000869,,fixed_static_lattice_reference,KM,0.096,0.096,0.36533333333333334,0.26933333333333337,1380.248072495768,1.6172482621181322e-07,-168080.23892424826,1317.954666407018
0.0019000869,,fixed_static_lattice_reference,KM,0.097,0.097,0.36566666666666664,0.26866666666666666,1380.2527547869347,1.8865923931514175e-07,-167755.88722168995,1318.0826149658571
0.0019000869,,fixed_static_lattice_reference,KM,0.098,0.098,0.36600000000000005,0.268,1380.2575349023134,2.1502693246503618e-07,-167438.36011861573,1318.2080649639477
0.0019000869,,fixed_static_lattice_reference,KM,0.099,0.099,0.36633333333333334,0.26733333333333337,1380.2624145189297,2.4231075236533106e-07,-167109.800762115,1318.3377913765162
0.0019000869,,fixed_static_lattice_reference,KM,0.1,0.1,0.3666666666666667,0.26666666666666666,1380.2673953267538,2.686992763136246e-07,-166792.02280876605,1318.4635223597713
0.0019000869,,fixed_static_lattice_reference,KM,0.101,0.101,0.367,0.266,1380.2724790283619,2.9121133056374673e-07,-166520.92638293712,1318.5716476476214
0.0019000869,,fixed_static_lattice_reference,KM,0.10200000000000001,0.10200000000000001,0.36733333333333335,0.26533333333333337,1380.2776673385933,3.1193895474724266e-07,-166271.3185608504,1318.671725788044
0.0019000869,,fixed_static_lattice_reference,KM,0.10300000000000001,0.10300000000000001,0.36766666666666664,0.26466666666666666,1380.282961984215,3.283936686125849e-07,-166073.16631461956,1318.7523986060835
0.0019000869,,fixed_static_lattice_reference,KM,0.10400000000000001,0.10400000000000001,0.36800000000000005,0.264,1380.2883647035771,3.2996454920831956e-07,-166054.2493330693,1318.7652256573215
0.0019000869,,fixed_static_lattice_reference,KM,0.105,0.105,0.36833333333333335,0.26333333333333336,1380.2938772462678,3.7198285785359355e-07,-165548.25316023896,1318.9628252544862
0.0019000869,,fixed_static_lattice_reference,KM,0.106,0.106,0.3686666666666667,0.26266666666666666,1380.2995013727716,4.048597510889992e-07,-165152.3404572288,1319.1187865513452
0.0019000869,,fixed_static_lattice_reference,KM,0.107,0.107,0.369,0.262,1380.305238854123,4.312057260167088e-07,-164835.07489103364,1319.2450407400074
0.0019000869,,fixed_static_lattice_reference,KM,0.108,0.108,0.36933333333333335,0.26133333333333336,1380.3110914715583,4.5500795073587387e-07,-164548.44187316464,1319.359794508776
0.0019000869,,fixed_static_lattice_reference,KM,0.109,0.109,0.36966666666666664,0.26066666666666666,1380.3170610161685,4.746664633500279e-07,-164311.70859029327,1319.4557515665388
0.0019000869,,fixed_static_lattice_reference,KM,0.11,0.11,0.37000000000000005,0.26,1380.3231492885498,4.936935165904959e-07,-164082.57951703155,1319.5489445052156
0.0019000869,,fixed_static_lattice_reference,KM,0.111,0.111,0.37033333333333335,0.25933333333333336,1380.3293580984523,5.137754821085185e-07,-163840.74689638006,1319.6470702169217
0.0019000869,,fixed_static_lattice_reference,KM,0.112,0.112,0.3706666666666667,0.25866666666666666,1380.335689264431,5.334940739226722e-07,-163603.29012305304,1319.7436587966843
0.0019000869,,fixed_static_lattice_reference,KM,0.113,0.113,0.371,0.258,1380.3421446134912,5.502892198991509e-07,-163401.03829854555,1319.8270333258167
0.0019000869,,fixed_static_lattice_reference,KM,0.114,0.114,0.37133333333333335,0.25733333333333336,1380.3487259807362,5.669854952518833e-07,-163199.97710162005,1319.9100833825846
0.0019000869,,fixed_static_lattice_reference,KM,0.115,0.115,0.37166666666666665,0.25666666666666665,1380.3554352090123,5.847752709808174e-07,-162985.74766867587,1319.9982499391376
0.0019000869,,fixed_static_lattice_reference,KM,0.116,0.116,0.37200000000000005,0.256,1380.3622741485556,6.021628284124502e-07,-162776.36186046668,1320.0847116878922
0.0019000869,,fixed_static_lattice_reference,KM,0.117,0.117,0.37233333333333335,0.25533333333333336,1380.3692446566326,6.166701284874433e-07,-162601.66091336243,1320.1581688118133
0.0019000869,,fixed_static_lattice_reference,KM,0.11800000000000001,0.11800000000000001,0.3726666666666667,0.25466666666666665,1380.3763485971872,6.310222723263656e-07,-162428.82840085667,1320.2310537802264
0.0019000869,,fixed_static_lattice_reference,KM,0.11900000000000001,0.11900000000000001,0.373,0.254,1380.3835878404786,6.467552371335022e-07,-162239.36765775795,1320.310373329542
0.0019000869,,fixed_static_lattice_reference,KM,0.12,0.12,0.37333333333333335,0.25333333333333335,1380.3909642627264,6.648383906490763e-07,-162021.60528781512,1320.4005486708813
0.0019000869,,fixed_static_lattice_reference,KM,0.121,0.121,0.37366666666666665,0.25266666666666665,1380.3984797457497,6.806032522693599e-07,-161831.7604344107,1320.4802923368325
0.0019000869,,fixed_static_lattice_reference,KM,0.122,0.122,0.37399999999999994,0.252,1380.406136176608,6.9094051664786e-07,-161707.27621832257,1320.535431018687
0.0019000869,,fixed_static_lattice_reference,KM,0.123,0.123,0.37433333333333335,0.25133333333333335,1380.4139354472381,6.949381218681185e-07,-161659.13594311505,1320.5618112128705
0.0019000869,,fixed_static_lattice_reference,KM,0.124,0.124,0.3746666666666667,0.25066666666666665,1380.4218794540952,6.735243268113783e-07,-161917.00682592372,1320.4724754608303
0.0019000869,,fixed_static_lattice_reference,KM,0.125,0.125,0.375,0.25,1380.4299700977895,5.494064834601899e-07,-163411.66845654414,1319.914858575219
0.0019000869,,fixed_static_lattice_reference,KM,0.126,0.126,0.3753333333333333,0.24933333333333332,1380.4382092827234,6.984854765785748e-07,-161616.41770992018,1320.603359051374
0.0019000869,,fixed_static_lattice_reference,KM,0.127,0.127,0.37566666666666665,0.24866666666666667,1380.4465989167293,7.432358322324664e-07,-161077.5214662654,1320.8161457956592
0.0019000869,,fixed_static_lattice_reference,KM,0.128,0.128,0.37600000000000006,0.248,1380.4551409107037,7.627954783036361e-07,-160841.97876183433,1320.914235408551
0.0019000869,,fixed_static_lattice_reference,KM,0.129,0.129,0.37633333333333335,0.24733333333333332,1380.4638371782446,7.764080821393881e-07,-160678.05199597386,1320.9853722736332
0.0019000869,,fixed_static_lattice_reference,KM,0.13,0.13,0.37666666666666665,0.24666666666666667,1380.4726896352838,7.87728521208752e-07,-160541.7281164904,1321.046221262672
0.0019000869,,fixed_static_lattice_reference,KM,0.131,0.131,0.377,0.246,1380.4817001997244,7.977396925940873e-07,-160421.17080302752,1321.1012655293666
0.0019000869,,fixed_static_lattice_reference,KM,0.132,0.132,0.37733333333333335,0.24533333333333332,1380.4908707910718,8.069641788547175e-07,-160310.08697089116,1321.1528894744167
0.0019000869,,fixed_static_lattice_reference,KM,0.133,0.133,0.37766666666666665,0.24466666666666667,1380.5002033300698,8.156611623862932e-07,-160205.3554735028,1321.202276686224
0.0019000869,,fixed_static_lattice_reference,KM,0.134,0.134,0.37799999999999995,0.244,1380.5096997383298,8.239032502277898e-07,-160106.10195668146,1321.2497603083727
0.0019000869,,fixed_static_lattice_reference,KM,0.135,0.135,0.37833333333333335,0.24333333333333332,1380.5193619379675,8.318549044070825e-07,-160010.34592289248,1321.2960920106896
0.0019000869,,fixed_static_lattice_reference,KM,0.136,0.136,0.3786666666666667,0.24266666666666667,1380.5291918512316,8.394585324378687e-07,-159918.78091689275,1321.3410114866344
0.0019000869,,fixed_static_lattice_reference,KM,0.137,0.137,0.379,0.242,1380.5391914001364,8.466239667876335e-07,-159832.4927612162,1321.3841100265001
0.0019000869,,fixed_static_lattice_reference,KM,0.138,0.138,0.3793333333333333,0.24133333333333332,1380.5493625060933,8.532667938985685e-07,-159752.4979874312,1321.425005185141
0.0019000869,,fixed_static_lattice_reference,KM,0.139,0.139,0.37966666666666665,0.24066666666666667,1380.5597070895399,8.593732906367756e-07,-159678.96185333742,1321.4636366490827
0.0019000869,,fixed_static_lattice_reference,KM,0.14,0.14,0.38000000000000006,0.24,1380.5702270695742,8.648233524044741e-07,-159613.33069194475,1321.4994593941349
0.0019000869,,fixed_static_lattice_reference,KM,0.14100000000000001,0.14100000000000001,0.38033333333333336,0.23933333333333331,1380.5809243635797,8.696029218905657e-07,-159555.7737853078,1321.5324116083148
0.0019000869,,fixed_static_lattice_reference,KM,0.14200000000000002,0.14200000000000002,0.38066666666666665,0.23866666666666667,1380.5918008868584,8.734140134551868e-07,-159509.87955947674,1321.5611378655708
0.0019000869,,fixed_static_lattice_reference,KM,0.14300000000000002,0.14300000000000002,0.381,0.238,1380.6028585522586,8.752901879531787e-07,-159487.28614374553,1321.5812373437063
0.0019000869,,fixed_static_lattice_reference,KM,0.14400000000000002,0.14400000000000002,0.38133333333333336,0.2373333333333333,1380.6140992698042,8.717335416242919e-07,-159530.1162691968,1321.576775988961
0.0019000869,,fixed_static_lattice_reference,KM,0.145,0.145,0.38166666666666665,0.23666666666666666,1380.6255249463231,8.409841922460071e-07,-159900.40849665858,1321.4486110464727
0.0019000869,,fixed_static_lattice_reference,KM,0.146,0.146,0.38199999999999995,0.236,1380.6371374850771,7.569808220482051e-07,-160912.00047157067,1321.0779329515035
0.0019000869,,fixed_static_lattice_reference,KM,0.147,0.147,0.38233333333333336,0.2353333333333333,1380.6489387853878,8.699233998547251e-07,-159551.91450042534,1321.604924956317
0.0019000869,,fixed_static_lattice_reference,KM,0.148,0.148,0.38266666666666665,0.23466666666666666,1380.6609307422652,8.942586158844454e-07,-159258.8630527816,1321.7283164952305
0.0019000869,,fixed_static_lattice_reference,KM,0.149,0.149,0.383,0.23399999999999999,1380.6731152460345,9.037200899644364e-07,-159144.92534733456,1321.7841449404118
0.0019000869,,fixed_static_lattice_reference,KM,0.15,0.15,0.3833333333333333,0.2333333333333333,1380.6854941819654,9.092962808468917e-07,-159077.77530402096,1321.822476182213
0.00285013035,,fixed_static_lattice_reference,K,0.0,0.0,0.3333333333333333,0.3333333333333333,1380.070552374435,-6.435258190407339e-06,-247522.94536006526,1287.2730029682953
0.00285013035,,fixed_static_lattice_reference,KG,0.001,-0.001,0.333,0.333,1380.0705728352552,-6.426322458331237e-06,-247415.33878622347,1287.3148205546327
0.00285013035,,fixed_static_lattice_reference,KG,0.002,-0.002,0.33266666666666667,0.33266666666666667,1380.0706347705172,-6.4098025223092565e-06,-247216.4011166211,1287.3921530906102
0.00285013035,,fixed_static_lattice_reference,KG,0.003,-0.003,0.3323333333333333,0.3323333333333333,1380.0707390334194,-6.385171916684858e-06,-246919.79250522613,1287.5074571555003
0.00285013035,,fixed_static_lattice_reference,KG,0.004,-0.004,0.332,0.332,1380.070886509147,-6.3526962620775285e-06,-246528.7116295013,1287.6594814471105
0.00285013035,,fixed_static_lattice_reference,KG,0.005,-0.005,0.33166666666666667,0.33166666666666667,1380.07107811484,-6.31530028446791e-06,-246078.3788541043,1287.8345397584865
0.00285013035,,fixed_static_lattice_reference,KG,0.006,-0.006,0.3313333333333333,0.3313333333333333,1380.071314799563,-6.270889140142564e-06,-245543.56748772226,1288.0424163997366
0.00285013035,,fixed_static_lattice_reference,KG,0.007,-0.007,0.331,0.331,1380.071597544267,-6.217275115948771e-06,-244897.9324793949,1288.2933213631864
0.00285013035,,fixed_static_lattice_reference,KG,0.008,-0.008,0.33066666666666666,0.33066666666666666,1380.0719273617449,-6.156804073223341e-06,-244169.7233445522,1288.576269123178
0.00285013035,,fixed_static_lattice_reference,KG,0.009000000000000001,-0.009000000000000001,0.3303333333333333,0.3303333333333333,1380.0723052965848,-6.094018203178168e-06,-243413.6384145546,1288.870020379121
0.00285013035,,fixed_static_lattice_reference,KG,0.01,-0.01,0.33,0.33,1380.072732425116,-6.025521309184383e-06,-242588.77974391606,1289.190430867143
0.00285013035,,fixed_static_lattice_reference,KG,0.011,-0.011,0.32966666666666666,0.32966666666666666,1380.0732098553492,-5.949134505067841e-06,-241668.90857861014,1289.5476555683533
0.00285013035,,fixed_static_lattice_reference,KG,0.012,-0.012,0.3293333333333333,0.3293333333333333,1380.0737387269146,-5.867945131868256e-06,-240691.20353911648,1289.927254066898
0.00285013035,,fixed_static_lattice_reference,KG,0.013000000000000001,-0.013000000000000001,0.329,0.329,1380.0743202109907,-5.786472231868846e-06,-239710.08419095044,1290.3081202235678
0.00285013035,,fixed_static_lattice_reference,KG,0.014,-0.014,0.32866666666666666,0.32866666666666666,1380.0749555102302,-5.701046055959435e-06,-238681.35839347466,1290.7073736649563
0.00285013035,,fixed_static_lattice_reference,KG,0.015,-0.015,0.3283333333333333,0.3283333333333333,1380.075645858681,-5.610037605674365e-06,-237585.40929356613,1291.1325954365373
0.00285013035,,fixed_static_lattice_reference,KG,0.016,-0.016,0.328,0.328,1380.0763925217,-5.516407634165581e-06,-236457.89110511122,1291.56995865133
0.00285013035,,fixed_static_lattice_reference,KG,0.017,-0.017,0.32766666666666666,0.32766666666666666,1380.0771967958651,-5.423612607249056e-06,-235340.42755192914,1292.0033442541871
0.00285013035,,fixed_static_lattice_reference,KG,0.018000000000000002,-0.018000000000000002,0.3273333333333333,0.3273333333333333,1380.0780600088783,-5.328750720962332e-06,-234198.0743026879,1292.4462764135233
0.00285013035,,fixed_static_lattice_reference,KG,0.019,-0.019,0.327,0.327,1380.0789835194637,-5.231233416871033e-06,-233023.74377283495,1292.9014877318693
0.00285013035,,fixed_static_lattice_reference,KG,0.02,-0.02,0.32666666666666666,0.32666666666666666,1380.0799687172641,-5.1335577154974365e-06,-231847.50577880236,1293.3573420659282
0.00285013035,,fixed_static_lattice_reference,KG,0.021,-0.021,0.3263333333333333,0.3263333333333333,1380.0810170227319,-5.036370602211953e-06,-230677.15149857564,1293.8108293131272
0.00285013035,,fixed_static_lattice_reference,KG,0.022,-0.022,0.326,0.326,1380.0821298870073,-4.935716783883651e-06,-229465.0501909089,1294.2803541128753
0.00285013035,,fixed_static_lattice_reference,KG,0.023,-0.023,0.32566666666666666,0.32566666666666666,1380.0833087918027,-4.834235777285461e-06,-228242.98765176313,1294.7536258122495
0.00285013035,,fixed_static_lattice_reference,KG,0.024,-0.024,0.3253333333333333,0.3253333333333333,1380.0845552492738,-4.733718075877202e-06,-227032.5255019497,1295.2223184209095
0.00285013035,,fixed_static_lattice_reference,KG,0.025,-0.025,0.325,0.325,1380.0858708018882,-4.634233396005996e-06,-225834.50328513343,1295.6861145747732
0.00285013035,,fixed_static_lattice_reference,KG,0.026000000000000002,-0.026000000000000002,0.32466666666666666,0.32466666666666666,1380.0872570222903,-4.535106491672854e-06,-224640.78950097016,1296.1481580029108
0.00285013035,,fixed_static_lattice_reference,KG,0.027,-0.027,0.3243333333333333,0.3243333333333333,1380.0887155131586,-4.4368537718617204e-06,-223457.60289024026,1296.6060542032494
0.00285013035,,fixed_static_lattice_reference,KG,0.028,-0.028,0.324,0.324,1380.0902479070614,-4.3396195363875375e-06,-222286.6811514959,1297.0591394445662
0.00285013035,,fixed_static_lattice_reference,KG,0.029,-0.029,0.32366666666666666,0.32366666666666666,1380.0918558663009,-4.242614003849357e-06,-221118.51351718992,1297.5110855446671
0.00285013035,,fixed_static_lattice_reference,KG,0.03,-0.03,0.3233333333333333,0.3233333333333333,1380.0935410827624,-4.14643365720466e-06,-219960.28300118874,1297.9591284540395
0.00285013035,,fixed_static_lattice_reference,KG,0.031,-0.031,0.323,0.323,1380.0953052777486,-4.0523156617241624e-06,-218826.8878921747,1298.397536872859
0.00285013035,,fixed_static_lattice_reference,KG,0.032,-0.032,0.32266666666666666,0.32266666666666666,1380.0971502018156,-3.9596236006942394e-06,-217710.66428287025,1298.8292727346047
0.00285013035,,fixed_static_lattice_reference,KG,0.033,-0.033,0.3223333333333333,0.3223333333333333,1380.0990776346,-3.866514491699997e-06,-216589.41846585117,1299.2628854939337
0.00285013035,,fixed_static_lattice_reference,KG,0.034,-0.034,0.322,0.322,1380.1010893846453,-3.774638597113394e-06,-215483.02336012112,1299.6907299663885
0.00285013035,,fixed_static_lattice_reference,KG,0.035,-0.035,0.32166666666666666,0.32166666666666666,1380.1031872892179,-3.6856756697191156e-06,-214411.70701644552,1300.105034429685
0.00285013035,,fixed_static_lattice_reference,KG,0.036000000000000004,-0.036000000000000004,0.3213333333333333,0.3213333333333333,1380.1053732141243,-3.598395811326942e-06,-213360.65865834887,1300.5115080291093
0.00285013035,,fixed_static_lattice_reference,KG,0.037,-0.037,0.321,0.321,1380.1076490535195,-3.510220019811611e-06,-212298.82122410787,1300.9220967267504
0.00285013035,,fixed_static_lattice_reference,KG,0.038,-0.038,0.32066666666666666,0.32066666666666666,1380.1100167297118,-3.4236551927729066e-06,-211256.3834726723,1301.3251994812877
0.00285013035,,fixed_static_lattice_reference,KG,0.039,-0.039,0.3203333333333333,0.3203333333333333,1380.1124781929639,-3.341024481200644e-06,-210261.32143514988,1301.7100794834364
0.00285013035,,fixed_static_lattice_reference,KG,0.04,-0.04,0.32,0.32,1380.1150354212862,-3.2613495066757182e-06,-209301.85320618533,1302.081279256296
0.00285013035,,fixed_static_lattice_reference,KG,0.041,-0.041,0.31966666666666665,0.31966666666666665,1380.1176904202302,-3.18314881667329e-06,-208360.1387219596,1302.445661319086
0.00285013035,,fixed_static_lattice_reference,KG,0.042,-0.042,0.3193333333333333,0.3193333333333333,1380.1204452226752,-3.1034639731559956e-06,-207400.55164784088,1302.8169064276817
0.00285013035,,fixed_static_lattice_reference,KG,0.043000000000000003,-0.043000000000000003,0.319,0.319,1380.123301888608,-3.019675577235808e-06,-206391.54845304007,1303.2071132260112
0.00285013035,,fixed_static_lattice_reference,KG,0.044,-0.044,0.31866666666666665,0.31866666666666665,1380.1262625049017,-2.9402898933019885e-06,-205435.56394192745,1303.5769775942736
0.00285013035,,fixed_static_lattice_reference,KG,0.045,-0.045,0.3183333333333333,0.3183333333333333,1380.1293291850895,-2.8608057193061998e-06,-204478.39338606375,1303.9473041081153
0.00285013035,,fixed_static_lattice_reference,KG,0.046,-0.046,0.318,0.318,1380.132504069131,-2.7835394276588033e-06,-203547.93118701535,1304.3074014974825
0.00285013035,,fixed_static_lattice_reference,KG,0.047,-0.047,0.31766666666666665,0.31766666666666665,1380.1357893231793,-2.710613045109624e-06,-202669.73138178838,1304.6474870971572
0.00285013035,,fixed_static_lattice_reference,KG,0.048,-0.048,0.3173333333333333,0.3173333333333333,1380.1391871393398,-2.6394845118491058e-06,-201813.181778312,1304.979307919986
0.00285013035,,fixed_static_lattice_reference,KG,0.049,-0.049,0.317,0.317,1380.142699735425,-2.566162781841493e-06,-200930.2210889049,1305.321282498712
0.00285013035,,fixed_static_lattice_reference,KG,0.05,-0.05,0.31666666666666665,0.31666666666666665,1380.146329354708,-2.494410298122012e-06,-200066.15770026078,1305.656054530064
0.00285013035,,fixed_static_lattice_reference,KG,0.051000000000000004,-0.051000000000000004,0.3163333333333333,0.3163333333333333,1380.150078265671,-2.426920506089695e-06,-199253.4268318728,1305.9712139648657
0.00285013035,,fixed_static_lattice_reference,KG,0.052000000000000005,-0.052000000000000005,0.316,0.316,1380.153948761744,-2.361058238894774e-06,-198460.2950707659,1306.2789239713961
0.00285013035,,fixed_static_lattice_reference,KG,0.053,-0.053,0.31566666666666665,0.31566666666666665,1380.1579431610503,-2.29266402646327e-06,-197636.67292009233,1306.5983603045156
0.00285013035,,fixed_static_lattice_reference,KG,0.054,-0.054,0.3153333333333333,0.3153333333333333,1380.1620638061374,-2.2258051997124223e-06,-196831.54031131798,1306.9107781552261
0.00285013035,,fixed_static_lattice_reference,KG,0.055,-0.055,0.315,0.315,1380.1663130637128,-2.1632822150615933e-06,-196078.62112044025,1307.2032858723398
0.00285013035,,fixed_static_lattice_reference,KG,0.056,-0.056,0.31466666666666665,0.31466666666666665,1380.170693324366,-2.1023569073595715e-06,-195344.94160025803,1307.4885089786462
0.00285013035,,fixed_static_lattice_reference,KG,0.057,-0.057,0.3143333333333333,0.3143333333333333,1380.1752070023006,-2.038740927420198e-06,-194578.86025576785,1307.786198798594
0.00285013035,,fixed_static_lattice_reference,KG,0.058,-0.058,0.314,0.314,1380.1798565350475,-1.976744147032249e-06,-193832.27776314688,1308.0765109969514
0.00285013035,,fixed_static_lattice_reference,KG,0.059000000000000004,-0.059000000000000004,0.31366666666666665,0.31366666666666665,1380.184644383184,-1.919430331273357e-06,-193142.08883457456,1308.3453533973977
0.00285013035,,fixed_static_lattice_reference,KG,0.06,-0.06,0.3133333333333333,0.3133333333333333,1380.1895730300491,-1.8644458761969848e-06,-192479.9507159586,1308.6035712869314
0.00285013035,,fixed_static_lattice_reference,KG,0.061,-0.061,0.313,0.313,1380.194644981451,-1.8091388925344884e-06,-191813.92861829948,1308.863373090245
0.00285013035,,fixed_static_lattice_reference,KG,0.062,-0.062,0.31266666666666665,0.31266666666666665,1380.1998627653716,-1.7627521922924317e-06,-191255.32705746897,1309.0822487987841
0.00285013035,,fixed_static_lattice_reference,KG,0.063,-0.063,0.31233333333333335,0.31233333333333335,1380.2052289316744,-1.709183660341857e-06,-190610.2398794019,1309.334271334457
0.00285013035,,fixed_static_lattice_reference,KG,0.064,-0.064,0.312,0.312,1380.2107460517989,-1.645031950347712e-06,-189837.70712441654,1309.635062295007
0.00285013035,,fixed_static_lattice_reference,KG,0.065,-0.065,0.3116666666666667,0.3116666666666667,1380.216416718459,-1.5853713134674477e-06,-189119.2571224213,1309.9153025507876
0.00285013035,,fixed_static_lattice_reference,KG,0.066,-0.066,0.3113333333333333,0.3113333333333333,1380.2222435453364,-1.5297312253293146e-06,-188449.2236879126,1310.177170419867
0.00285013035,,fixed_static_lattice_reference,KG,0.067,-0.067,0.311,0.311,1380.2282291667698,-1.479254213143105e-06,-187841.36545169097,1310.4154299828533
0.00285013035,,fixed_static_lattice_reference,KG,0.068,-0.068,0.31066666666666665,0.31066666666666665,1380.2343762374414,-1.4304653676085923e-06,-187253.83658836412,1310.6460608261846
0.00285013035,,fixed_static_lattice_reference,KG,0.069,-0.069,0.31033333333333335,0.31033333333333335,1380.2406874320623,-1.3786732281179192e-06,-186630.141222941,1310.890618632993
0.00285013035,,fixed_static_lattice_reference,KG,0.07,-0.07,0.31,0.31,1380.2471654450524,-1.3282804873261614e-06,-186023.297806317,1311.1288799781603
0.00285013035,,fixed_static_lattice_reference,KG,0.07100000000000001,-0.07100000000000001,0.3096666666666667,0.3096666666666667,1380.2538129902184,-1.2821792857629127e-06,-185468.13430007463,1311.347571765
0.00285013035,,fixed_static_lattice_reference,KG,0.07200000000000001,-0.07200000000000001,0.3093333333333333,0.3093333333333333,1380.2606328004308,-1.2373798582069176e-06,-184928.64711891048,1311.5604322103252
0.00285013035,,fixed_static_lattice_reference,KG,0.073,-0.073,0.309,0.309,1380.267627627295,-1.1894028872480114e-06,-184350.895075292,1311.788027388796
0.00285013035,,fixed_static_lattice_reference,KG,0.074,-0.074,0.3086666666666667,0.3086666666666667,1380.2748002408223,-1.1427089654016049e-06,-183788.5938663551,1312.00988194201
0.00285013035,,fixed_static_lattice_reference,KG,0.075,-0.075,0.30833333333333335,0.30833333333333335,1380.2821534290986,-1.1002046291567414e-06,-183276.74481383467,1312.2126650284379
0.00285013035,,fixed_static_lattice_reference,KG,0.076,-0.076,0.308,0.308,1380.289689997948,-1.0589386205399122e-06,-182779.80804742707,1312.4099284397403
0.00285013035,,fixed_static_lattice_reference,KG,0.077,-0.077,0.3076666666666667,0.3076666666666667,1380.297412770596,-1.01452114651511e-06,-182244.92045704165,1312.6218142496946
0.00285013035,,fixed_static_lattice_reference,KG,0.078,-0.078,0.30733333333333335,0.30733333333333335,1380.3053245873323,-9.714148020482547e-07,-181725.821853881,1312.8278513309579
0.00285013035,,fixed_static_lattice_reference,KG,0.079,-0.079,0.307,0.307,1380.313428305167,-9.325803467430328e-07,-181258.16652952507,1313.0144682485559
0.00285013035,,fixed_static_lattice_reference,KG,0.08,-0.08,0.3066666666666667,0.3066666666666667,1380.321726797487,-8.953715229188504e-07,-180810.08751212576,1313.1938097467068
0.00285013035,,fixed_static_lattice_reference,KG,0.081,-0.081,0.30633333333333335,0.30633333333333335,1380.3302229537114,-8.562760329129267e-07,-180339.28873521808,1313.3819839118491
0.00285013035,,fixed_static_lattice_reference,KG,0.082,-0.082,0.306,0.306,1380.338919678945,-8.228997741185824e-07,-179937.36253309733,1313.5441258851338
0.00285013035,,fixed_static_lattice_reference,KG,0.083,-0.083,0.3056666666666667,0.3056666666666667,1380.3478198936255,-8.079377701346427e-07,-179757.18591490787,1313.6220605524927
0.00285013035,,fixed_static_lattice_reference,KG,0.084,-0.084,0.30533333333333335,0.30533333333333335,1380.3569265331753,-7.637980927285716e-07,-179225.64362875852,1313.833932047485
0.00285013035,,fixed_static_lattice_reference,KG,0.085,-0.085,0.305,0.305,1380.3662425476473,-7.094301045722651e-07,-178570.92917645106,1314.0928560754978
0.00285013035,,fixed_static_lattice_reference,KG,0.08600000000000001,-0.08600000000000001,0.3046666666666667,0.3046666666666667,1380.37577090137,-6.673652625242051e-07,-178064.37263542702,1314.29558937711
0.00285013035,,fixed_static_lattice_reference,KG,0.08700000000000001,-0.08700000000000001,0.30433333333333334,0.30433333333333334,1380.3855145725936,-6.320676837035115e-07,-177639.30936255163,1314.4675193702171
0.00285013035,,fixed_static_lattice_reference,KG,0.088,-0.088,0.304,0.304,1380.3954765531284,-5.986857723586231e-07,-177237.31509084324,1314.6308822622018
0.00285013035,,fixed_static_lattice_reference,KG,0.089,-0.089,0.3036666666666667,0.3036666666666667,1380.40565984799,-5.625510958257642e-07,-176802.1712542256,1314.8070635975982
0.00285013035,,fixed_static_lattice_reference,KG,0.09,-0.09,0.30333333333333334,0.30333333333333334,1380.416067475038,-5.276147276499812e-07,-176381.4577805164,1314.977969991411
0.00285013035,,fixed_static_lattice_reference,KG,0.091,-0.091,0.303,0.303,1380.4267024646117,-4.964483949134074e-07,-176006.14412334384,1315.1318324616655
0.00285013035,,fixed_static_lattice_reference,KG,0.092,-0.092,0.3026666666666667,0.3026666666666667,1380.4375678591737,-4.66271317056684e-07,-175642.74334889543,1315.2813902006123
0.00285013035,,fixed_static_lattice_reference,KG,0.093,-0.093,0.30233333333333334,0.30233333333333334,1380.4486667129397,-4.3307507985681957e-07,-175242.98501694293,1315.4449955861287
0.00285013035,,fixed_static_lattice_reference,KG,0.094,-0.094,0.302,0.302,1380.4600020915184,-4.0087848533944653e-07,-174855.2646605265,1315.604253836992
0.00285013035,,fixed_static_lattice_reference,KG,0.095,-0.095,0.3016666666666667,0.3016666666666667,1380.4715770715454,-3.722348182129773e-07,-174510.3296450746,1315.7474854459442
0.00285013035,,fixed_static_lattice_reference,KG,0.096,-0.096,0.30133333333333334,0.30133333333333334,1380.4833947403167,-3.4449527539451873e-07,-174176.28234629592,1315.8868191480046
0.00285013035,,fixed_static_lattice_reference,KG,0.097,-0.097,0.301,0.301,1380.4954581954232,-3.138251909993799e-07,-173806.94464983276,1316.0398038996993
0.00285013035,,fixed_static_lattice_reference,KG,0.098,-0.098,0.3006666666666667,0.3006666666666667,1380.5077705443803,-2.841338662614313e-07,-173449.39344970003,1316.188554533018
0.00285013035,,fixed_static_lattice_reference,KG,0.099,-0.099,0.30033333333333334,0.30033333333333334,1380.5203349042642,-2.5795105580997665e-07,-173134.09275556158,1316.3215041655365
0.00285013035,,fixed_static_lattice_reference,KG,0.1,-0.1,0.3,0.3,1380.533154401342,-2.3286651913120214e-07,-172832.01778001137,1316.4496848042877
0.00285013035,,fixed_static_lattice_reference,KG,0.101,-0.101,0.2996666666666667,0.2996666666666667,1380.5462321707025,-2.0556404894344575e-07,-172503.2338315558,1316.588267200178
0.00285013035,,fixed_static_lattice_reference,KG,0.10200000000000001,-0.10200000000000001,0.29933333333333334,0.29933333333333334,1380.559571355888,-1.810094733721597e-07,-172207.5407952312,1316.714543576975
0.00285013035,,fixed_static_lattice_reference,KG,0.10300000000000001,-0.10300000000000001,0.299,0.299,1380.5731751085257,-1.6693074053478226e-07,-172038.00077413814,1316.7931846175002
0.00285013035,,fixed_static_lattice_reference,KG,0.10400000000000001,-0.10400000000000001,0.2986666666666667,0.2986666666666667,1380.5870465879595,-1.7543319361595745e-07,-172140.3896816752,1316.768849694125
0.00285013035,,fixed_static_lattice_reference,KG,0.105,-0.105,0.29833333333333334,0.29833333333333334,1380.6011889608792,-1.246902147593118e-07,-171529.32860074897,1317.015684932964
0.00285013035,,fixed_static_lattice_reference,KG,0.106,-0.106,0.298,0.298,1380.6156054009534,-8.248748842607948e-08,-171021.11161876857,1317.2237236923243
0.00285013035,,fixed_static_lattice_reference,KG,0.107,-0.107,0.2976666666666667,0.2976666666666667,1380.6302990884606,-5.534862111847651e-08,-170694.29782175148,1317.3631712399358
0.00285013035,,fixed_static_lattice_reference,KG,0.108,-0.108,0.29733333333333334,0.29733333333333334,1380.6452732099187,-3.176576462254472e-08,-170410.3064971104,1317.4866465887922
0.00285013035,,fixed_static_lattice_reference,KG,0.109,-0.109,0.297,0.297,1380.660530957721,-6.442881227472993e-09,-170105.3612840342,1317.6183591846395
0.00285013035,,fixed_static_lattice_reference,KG,0.11,-0.11,0.2966666666666667,0.2966666666666667,1380.6760755297669,1.7737324942348433e-08,-169814.17650828636,1317.7451381173796
0.00285013035,,fixed_static_lattice_reference,KG,0.111,-0.111,0.29633333333333334,0.29633333333333334,1380.691910129092,3.8814554315984493e-08,-169560.35864315135,1317.8580318276963
0.00285013035,,fixed_static_lattice_reference,KG,0.112,-0.112,0.296,0.296,1380.7080379635065,5.907969947846037e-08,-169316.3201222144,1317.967513247129
0.00285013035,,fixed_static_lattice_reference,KG,0.113,-0.113,0.2956666666666667,0.2956666666666667,1380.7244622452274,8.172149810785255e-08,-169043.6612784426,1318.088153108103
0.00285013035,,fixed_static_lattice_reference,KG,0.114,-0.114,0.29533333333333334,0.29533333333333334,1380.7411861905125,1.0346860244632768e-07,-168781.7765924523,1318.2050093404785
0.00285013035,,fixed_static_lattice_reference,KG,0.115,-0.115,0.295,0.295,1380.7582130192989,1.2225308866183126e-07,-168555.56857884873,1318.3086414953818
0.00285013035,,fixed_static_lattice_reference,KG,0.116,-0.116,0.2946666666666667,0.2946666666666667,1380.7755459548378,1.4016082100046366e-07,-168339.9186795652,1318.4085822032998
0.00285013035,,fixed_static_lattice_reference,KG,0.117,-0.117,0.29433333333333334,0.29433333333333334,1380.793188223333,1.6015762294814293e-07,-168099.11162234182,1318.5183794781226
0.00285013035,,fixed_static_lattice_reference,KG,0.11800000000000001,-0.11800000000000001,0.294,0.294,1380.8111430535826,1.7913871243540886e-07,-167870.53605739493,1318.623857179729
0.00285013035,,fixed_static_lattice_reference,KG,0.11900000000000001,-0.11900000000000001,0.2936666666666667,0.2936666666666667,1380.829413676614,1.951550324483592e-07,-167677.66307200666,1318.7161205515365
0.00285013035,,fixed_static_lattice_reference,KG,0.12,-0.12,0.29333333333333333,0.29333333333333333,1380.8480033253297,2.1015240950891155e-07,-167497.06048137893,1318.8040596715537
0.00285013035,,fixed_static_lattice_reference,KG,0.121,-0.121,0.293,0.293,1380.8669152341502,2.2680264757234298e-07,-167296.5536783104,1318.8998763780241
0.00285013035,,fixed_static_lattice_reference,KG,0.122,-0.122,0.2926666666666667,0.2926666666666667,1380.8861526386556,2.417493698078487e-07,-167116.56108719084,1318.9882506914144
0.00285013035,,fixed_static_lattice_reference,KG,0.123,-0.123,0.29233333333333333,0.29233333333333333,1380.9057187752337,2.515140597487419e-07,-166998.97197191542,1319.0533090721653
0.00285013035,,fixed_static_lattice_reference,KG,0.124,-0.124,0.292,0.292,1380.925616880727,2.497950458614475e-07,-167019.6728158108,1319.0662934597356
0.00285013035,,fixed_static_lattice_reference,KG,0.125,-0.125,0.2916666666666667,0.2916666666666667,1380.9458501920806,2.2626659439051142e-07,-167303.00897999163,1318.9800727011523
0.00285013035,,fixed_static_lattice_reference,KG,0.126,-0.126,0.29133333333333333,0.29133333333333333,1380.9664219459962,2.7959352875407745e-07,-166660.8311873409,1319.2450217283317
0.00285013035,,fixed_static_lattice_reference,KG,0.127,-0.127,0.291,0.291,1380.987335378579,3.063180620158912e-07,-166339.00691627577,1319.388878822219
0.00285013035,,fixed_static_lattice_reference,KG,0.128,-0.128,0.2906666666666667,0.2906666666666667,1381.0085937249994,3.2166434900900103e-07,-166154.20265508513,1319.4811606412634
0.00285013035,,fixed_static_lattice_reference,KG,0.129,-0.129,0.29033333333333333,0.29033333333333333,1381.0302002191431,3.3634259291621763e-07,-165977.44315475342,1319.5707524655786
0.00285013035,,fixed_static_lattice_reference,KG,0.13,-0.13,0.29,0.29,1381.052158093275,3.4951822209399e-07,-165818.77855940128,1319.653850376943
0.00285013035,,fixed_static_lattice_reference,KG,0.131,-0.131,0.2896666666666667,0.2896666666666667,1381.0744705776951,3.601281751012223e-07,-165691.01055091497,1319.7256088788101
0.00285013035,,fixed_static_lattice_reference,KG,0.132,-0.132,0.28933333333333333,0.28933333333333333,1381.097140900404,3.7003500674159745e-07,-165571.7097257146,1319.7945305529781
0.00285013035,,fixed_static_lattice_reference,KG,0.133,-0.133,0.289,0.289,1381.1201722867677,3.816454715618479e-07,-165431.89327538043,1319.8715986875582
0.00285013035,,fixed_static_lattice_reference,KG,0.134,-0.134,0.2886666666666667,0.2886666666666667,1381.1435679591834,3.9262994122844403e-07,-165299.6152329968,1319.9461883281556
0.00285013035,,fixed_static_lattice_reference,KG,0.135,-0.135,0.28833333333333333,0.28833333333333333,1381.1673311367513,4.0154895609775683e-07,-165192.2099724141,1320.0117373065295
0.00285013035,,fixed_static_lattice_reference,KG,0.136,-0.136,0.288,0.288,1381.191465034945,4.0996435421684167e-07,-165090.86940497128,1320.0753742420945
0.00285013035,,fixed_static_lattice_reference,KG,0.137,-0.137,0.2876666666666667,0.2876666666666667,1381.2159728652875,4.200168466359259e-07,-164969.81449211403,1320.1468665289058
0.00285013035,,fixed_static_lattice_reference,KG,0.138,-0.138,0.28733333333333333,0.28733333333333333,1381.240857835026,4.294909830788253e-07,-164855.72430296693,1320.2161122520326
0.00285013035,,fixed_static_lattice_reference,KG,0.139,-0.139,0.287,0.287,1381.266123146815,4.370116819311801e-07,-164765.15795322575,1320.2768440746836
0.00285013035,,fixed_static_lattice_reference,KG,0.14,-0.14,0.2866666666666667,0.2866666666666667,1381.2917719983961,4.4399997554150665e-07,-164681.00297565892,1320.3355469026842
0.00285013035,,fixed_static_lattice_reference,KG,0.14100000000000001,-0.14100000000000001,0.28633333333333333,0.28633333333333333,1381.317807582285,4.523600306672446e-07,-164580.32886395237,1320.4009075579954
0.00285013035,,fixed_static_lattice_reference,KG,0.14200000000000002,-0.14200000000000002,0.286,0.286,1381.3442330854568,4.5985175456277397e-07,-164490.11143870943,1320.4627139149895
0.00285013035,,fixed_static_lattice_reference,KG,0.14300000000000002,-0.14300000000000002,0.2856666666666667,0.2856666666666667,1381.3710516890403,4.646164885805036e-07,-164432.73318491346,1320.51249492747
0.00285013035,,fixed_static_lattice_reference,KG,0.14400000000000002,-0.14400000000000002,0.2853333333333333,0.2853333333333333,1381.3982665680096,4.6573627793012024e-07,-164419.24836975668,1320.546069816326
0.00285013035,,fixed_static_lattice_reference,KG,0.145,-0.145,0.285,0.285,1381.425880890881,4.5320878615734046e-07,-164570.10791400212,1320.517836487317
0.00285013035,,fixed_static_lattice_reference,KG,0.146,-0.146,0.2846666666666667,0.2846666666666667,1381.4538978194137,4.2629805560758455e-07,-164894.17442465585,1320.4244383438968
0.00285013035,,fixed_static_lattice_reference,KG,0.147,-0.147,0.2843333333333333,0.2843333333333333,1381.4823205083107,4.771206979430682e-07,-164282.1540139349,1320.6859005316487
0.00285013035,,fixed_static_lattice_reference,KG,0.148,-0.148,0.284,0.284,1381.5111521049287,4.947926731908066e-07,-164069.34316718718,1320.7966233387713
0.00285013035,,fixed_static_lattice_reference,KG,0.149,-0.149,0.2836666666666667,0.2836666666666667,1381.5403957489807,5.050741064643408e-07,-163945.53128481138,1320.8740794645942
0.00285013035,,fixed_static_lattice_reference,KG,0.15,-0.15,0.2833333333333333,0.2833333333333333,1381.5700545722555,5.128236427254155e-07,-163852.2092112739,1320.9404250304065
0.00285013035,,fixed_static_lattice_reference,KM,0.001,0.001,0.3336666666666666,0.33266666666666667,1380.07057256686,-6.426152486390593e-06,-247413.29193678504,1287.315615273984
0.00285013035,,fixed_static_lattice_reference,KM,0.002,0.002,0.334,0.332,1380.07063262336,-6.408726523480735e-06,-247203.44363911293,1287.3971832306952
0.00285013035,,fixed_static_lattice_reference,KM,0.003,0.003,0.3343333333333333,0.3313333333333333,1380.0707317867982,-6.384778961139043e-06,-246915.06042512378,1287.509287076961
0.00285013035,,fixed_static_lattice_reference,KM,0.004,0.004,0.33466666666666667,0.33066666666666666,1380.070869332077,-6.353936277816853e-06,-246543.64424432037,1287.6536646686773
0.00285013035,,fixed_static_lattice_reference,KM,0.005,0.005,0.33499999999999996,0.33,1380.0710445661437,-6.314692146485523e-06,-246071.05548718252,1287.8373470911242
0.00285013035,,fixed_static_lattice_reference,KM,0.006,0.006,0.3353333333333333,0.3293333333333333,1380.071256827983,-6.267934294628531e-06,-245507.98441525668,1288.056167062412
0.00285013035,,fixed_static_lattice_reference,KM,0.007,0.007,0.3356666666666666,0.32866666666666666,1380.0715054886093,-6.2152601550458076e-06,-244873.66775912952,1288.30264010537
0.00285013035,,fixed_static_lattice_reference,KM,0.008,0.008,0.336,0.328,1380.0717899510503,-6.1562881682001294e-06,-244163.5106726074,1288.578532626587
0.00285013035,,fixed_static_lattice_reference,KM,0.009000000000000001,0.009000000000000001,0.3363333333333333,0.3273333333333333,1380.0721096503316,-6.089306877982155e-06,-243356.90332466157,1288.8918203286323
0.00285013035,,fixed_static_lattice_reference,KM,0.01,0.01,0.33666666666666667,0.32666666666666666,1380.0724640534493,-6.016748364316997e-06,-242483.1334989702,1289.2311168055123
0.00285013035,,fixed_static_lattice_reference,KM,0.011,0.011,0.33699999999999997,0.326,1380.072852659341,-5.940322308583072e-06,-241562.78965475803,1289.5884184469605
0.00285013035,,fixed_static_lattice_reference,KM,0.012,0.012,0.3373333333333333,0.3253333333333333,1380.0732749988506,-5.859315004755862e-06,-240587.2771453443,1289.967041137373
0.00285013035,,fixed_static_lattice_reference,KM,0.013000000000000001,0.013000000000000001,0.3376666666666666,0.32466666666666666,1380.07373063469,-5.772184861272165e-06,-239538.03169586405,1290.3741590298866
0.00285013035,,fixed_static_lattice_reference,KM,0.014,0.014,0.338,0.324,1380.0742191613926,-5.681466063184038e-06,-238445.57066836566,1290.7979236602305
0.00285013035,,fixed_static_lattice_reference,KM,0.015,0.015,0.3383333333333333,0.3233333333333333,1380.0747402052639,-5.58863102285639e-06,-237327.62526254496,1291.2314522540416
0.00285013035,,fixed_static_lattice_reference,KM,0.016,0.016,0.33866666666666667,0.32266666666666666,1380.075293424327,-5.493061934938084e-06,-236176.7556943338,1291.67761450987
0.00285013035,,fixed_static_lattice_reference,KM,0.017,0.017,0.33899999999999997,0.322,1380.0758785082626,-5.393692023813213e-06,-234980.1155547186,1292.1413679956363
0.00285013035,,fixed_static_lattice_reference,KM,0.018000000000000002,0.018000000000000002,0.3393333333333333,0.3213333333333333,1380.076495178344,-5.292521363805345e-06,-233761.7902956304,1292.6133769415012
0.00285013035,,fixed_static_lattice_reference,KM,0.019,0.019,0.3396666666666666,0.32066666666666666,1380.0771431873666,-5.190717325746293e-06,-232535.83772168384,1293.0881963062377
0.00285013035,,fixed_static_lattice_reference,KM,0.02,0.02,0.34,0.32,1380.077822319574,-5.087624432926349e-06,-231294.36439982115,1293.568873797803
0.00285013035,,fixed_static_lattice_reference,KM,0.021,0.021,0.3403333333333333,0.3193333333333333,1380.0785323905777,-4.982867456734883e-06,-230032.8517226296,1294.0571485999765
0.00285013035,,fixed_static_lattice_reference,KM,0.022,0.022,0.3406666666666667,0.31866666666666665,1380.0792732472742,-4.877532416394691e-06,-228764.37783599537,1294.547960722479
0.00285013035,,fixed_static_lattice_reference,KM,0.023,0.023,0.34099999999999997,0.318,1380.0800447677518,-4.772393255165365e-06,-227498.26278015733,1295.0377087892084
0.00285013035,,fixed_static_lattice_reference,KM,0.024,0.024,0.3413333333333333,0.3173333333333333,1380.0808468612024,-4.666937953165046e-06,-226228.34066912465,1295.528773591698
0.00285013035,,fixed_static_lattice_reference,KM,0.025,0.025,0.3416666666666666,0.31666666666666665,1380.0816794678167,-4.561505998247911e-06,-224958.6997101687,1296.0195763538993
0.00285013035,,fixed_static_lattice_reference,KM,0.026000000000000002,0.026000000000000002,0.342,0.316,1380.0825425586831,-4.4567498370850805e-06,-223697.19684777892,1296.5070873032128
0.00285013035,,fixed_static_lattice_reference,KM,0.027,0.027,0.3423333333333333,0.3153333333333333,1380.08343613568,-4.352147251123741e-06,-222437.54338072898,1296.9937344934772
0.00285013035,,fixed_static_lattice_reference,KM,0.028,0.028,0.3426666666666667,0.31466666666666665,1380.0843602313616,-4.248014109276624e-06,-221183.5430904206,1297.4780530956145
0.00285013035,,fixed_static_lattice_reference,KM,0.029,0.029,0.34299999999999997,0.314,1380.0853149088398,-4.145209480499358e-06,-219945.54112442784,1297.95606062093
0.00285013035,,fixed_static_lattice_reference,KM,0.03,0.03,0.3433333333333333,0.3133333333333333,1380.0863002616625,-4.04333346506297e-06,-218718.72177886107,1298.4296185743233
0.00285013035,,fixed_static_lattice_reference,KM,0.031,0.031,0.3436666666666666,0.31266666666666665,1380.0873164136876,-3.941843536549851e-06,-217496.5517995314,1298.901246872295
0.00285013035,,fixed_static_lattice_reference,KM,0.032,0.032,0.34400000000000003,0.312,1380.0883635189489,-3.841333499631269e-06,-216286.18194763685,1299.368196152566
0.00285013035,,fixed_static_lattice_reference,KM,0.033,0.033,0.3443333333333333,0.3113333333333333,1380.0894417615211,-3.742780282679454e-06,-215099.3766666645,1299.8259462693313
0.00285013035,,fixed_static_lattice_reference,KM,0.034,0.034,0.3446666666666667,0.31066666666666665,1380.0905513553828,-3.6456220881856522e-06,-213929.37063457974,1300.2771086602365
0.00285013035,,fixed_static_lattice_reference,KM,0.035,0.035,0.345,0.31,1380.0916925442664,-3.548726751669272e-06,-212762.5300114527,1300.7269313035097
0.00285013035,,fixed_static_lattice_reference,KM,0.036000000000000004,0.036000000000000004,0.3453333333333333,0.3093333333333333,1380.0928656015092,-3.452684962416059e-06,-211605.9680421415,1301.172682483783
0.00285013035,,fixed_static_lattice_reference,KM,0.037,0.037,0.3456666666666666,0.3086666666666667,1380.0940708299047,-3.359558553808816e-06,-210484.51389836555,1301.604828833042
0.00285013035,,fixed_static_lattice_reference,KM,0.038,0.038,0.34600000000000003,0.308,1380.0953085615408,-3.2679104487847657e-06,-209380.86189797646,1302.030029920815
0.00285013035,,fixed_static_lattice_reference,KM,0.039,0.039,0.3463333333333333,0.30733333333333335,1380.0965791576352,-3.17610500279948e-06,-208275.31515392012,1302.4558543953367
0.00285013035,,fixed_static_lattice_reference,KM,0.04,0.04,0.3466666666666667,0.3066666666666667,1380.0978830083745,-3.085754586486154e-06,-207187.29028233088,1302.8748506291256
0.00285013035,,fixed_static_lattice_reference,KM,0.041,0.041,0.347,0.306,1380.0992205327402,-2.998814378104751e-06,-206140.33208424048,1303.2779927670215
0.00285013035,,fixed_static_lattice_reference,KM,0.042,0.042,0.3473333333333333,0.30533333333333335,1380.1005921783321,-2.9122436582556833e-06,-205097.82336994165,1303.6793398535704
0.00285013035,,fixed_static_lattice_reference,KM,0.043000000000000003,0.043000000000000003,0.3476666666666666,0.3046666666666667,1380.1019984211946,-2.8246567704461152e-06,-204043.07767810745,1304.0852918302803
0.00285013035,,fixed_static_lattice_reference,KM,0.044,0.044,0.34800000000000003,0.304,1380.1034397656279,-2.7381843241075564e-06,-203001.75240078673,1304.4860106770525
0.00285013035,,fixed_static_lattice_reference,KM,0.045,0.045,0.34833333333333333,0.30333333333333334,1380.1049167440046,-2.655114172271129e-06,-202001.39850123978,1304.870944852301
0.00285013035,,fixed_static_lattice_reference,KM,0.046,0.046,0.3486666666666667,0.3026666666666667,1380.1064299165778,-2.5731638857010963e-06,-201014.53033106058,1305.2506378339838
0.00285013035,,fixed_static_lattice_reference,KM,0.047,0.047,0.349,0.302,1380.1079798712844,-2.490799673582735e-06,-200022.67755416958,1305.6321681661448
0.00285013035,,fixed_static_lattice_reference,KM,0.048,0.048,0.34933333333333333,0.30133333333333334,1380.1095672235483,-2.409537437411135e-06,-199044.095078478,1306.0085460912926
0.00285013035,,fixed_static_lattice_reference,KM,0.049,0.049,0.3496666666666666,0.3006666666666667,1380.1111926160768,-2.3315572583510973e-06,-198105.0360484225,1306.3697286510228
0.00285013035,,fixed_static_lattice_reference,KM,0.05,0.05,0.35000000000000003,0.3,1380.1128567186531,-2.2544529148975545e-06,-197176.52407461946,1306.726816593852
0.00285013035,,fixed_static_lattice_reference,KM,0.051000000000000004,0.051000000000000004,0.35033333333333333,0.29933333333333334,1380.1145602279282,-2.177005243534655e-06,-196243.87765053127,1307.0854301470108
0.00285013035,,fixed_static_lattice_reference,KM,0.052000000000000005,0.052000000000000005,0.3506666666666667,0.2986666666666667,1380.1163038672044,-2.1003381018924115e-06,-195320.63058268005,1307.440393141268
0.00285013035,,fixed_static_lattice_reference,KM,0.053,0.053,0.351,0.298,1380.118088386219,-2.026917844922516e-06,-194436.483404158,1307.780354068172
0.00285013035,,fixed_static_lattice_reference,KM,0.054,0.054,0.35133333333333333,0.29733333333333334,1380.1199145609216,-1.9541281022680712e-06,-193559.92905459122,1308.1173684012665
0.00285013035,,fixed_static_lattice_reference,KM,0.055,0.055,0.3516666666666666,0.2966666666666667,1380.1217831932518,-1.8803911834438024e-06,-192671.96854584338,1308.458699347701
0.00285013035,,fixed_static_lattice_reference,KM,0.056,0.056,0.35200000000000004,0.296,1380.1236951109076,-1.8075078216833124e-06,-191794.28680893307,1308.7960601245911
0.00285013035,,fixed_static_lattice_reference,KM,0.057,0.057,0.35233333333333333,0.29533333333333334,1380.1256511671156,-1.738064658960046e-06,-190958.03290676273,1309.1175577856604
0.00285013035,,fixed_static_lattice_reference,KM,0.058,0.058,0.3526666666666667,0.2946666666666667,1380.1276522403941,-1.6694283007259265e-06,-190131.49476890787,1309.4353140608644
0.00285013035,,fixed_static_lattice_reference,KM,0.059000000000000004,0.059000000000000004,0.353,0.294,1380.1296992343161,-1.6000733495980393e-06,-189296.30313533187,1309.7563451166297
0.00285013035,,fixed_static_lattice_reference,KM,0.06,0.06,0.35333333333333333,0.29333333333333333,1380.1317930772655,-1.531818598314022e-06,-188474.36041462971,1310.072290313797
0.00285013035,,fixed_static_lattice_reference,KM,0.061,0.061,0.35366666666666663,0.2926666666666667,1380.1339347221929,-1.4686262805767007e-06,-187713.38092834665,1310.3649479604585
0.00285013035,,fixed_static_lattice_reference,KM,0.062,0.062,0.35400000000000004,0.292,1380.1361251463657,-1.4079971803546741e-06,-186983.26842111838,1310.6458161963155
0.00285013035,,fixed_static_lattice_reference,KM,0.063,0.063,0.35433333333333333,0.29133333333333333,1380.138365351118,-1.3407560419265734e-06,-186173.5319086707,1310.957045675176
0.00285013035,,fixed_static_lattice_reference,KM,0.064,0.064,0.3546666666666667,0.2906666666666667,1380.1406563615933,-1.2710193969353669e-06,-185333.7438113088,1311.2797136884642
0.00285013035,,fixed_static_lattice_reference,KM,0.065,0.065,0.355,0.29,1380.1429992264907,-1.2072504380538186e-06,-184565.82025179954,1311.5749609008606
0.00285013035,,fixed_static_lattice_reference,KM,0.066,0.066,0.35533333333333333,0.28933333333333333,1380.1453950177963,-1.1455594252999716e-06,-183822.91989817034,1311.8606600895762
0.00285013035,,fixed_static_lattice_reference,KM,0.067,0.067,0.35566666666666663,0.2886666666666667,1380.1478448305281,-1.0836417378604277e-06,-183077.28986485774,1312.1473940550634
0.00285013035,,fixed_static_lattice_reference,KM,0.068,0.068,0.35600000000000004,0.288,1380.1503497824622,-1.0230021143906779e-06,-182347.05063375016,1312.4282598949562
0.00285013035,,fixed_static_lattice_reference,KM,0.069,0.069,0.35633333333333334,0.28733333333333333,1380.1529110138654,-9.668473036047444e-07,-181670.8187657906,1312.6885536997174
0.00285013035,,fixed_static_lattice_reference,KM,0.07,0.07,0.3566666666666667,0.2866666666666667,1380.1555296872218,-9.119954879374307e-07,-181010.27792787238,1312.9428807828401
0.00285013035,,fixed_static_lattice_reference,KM,0.07100000000000001,0.07100000000000001,0.357,0.286,1380.1582069869587,-8.564273392391658e-07,-180341.11080813035,1313.2005046851477
0.00285013035,,fixed_static_lattice_reference,KM,0.07200000000000001,0.07200000000000001,0.35733333333333334,0.2853333333333333,1380.1609441191667,-8.018456684748137e-07,-179683.82313035626,1313.453618724907
0.00285013035,,fixed_static_lattice_reference,KM,0.073,0.073,0.35766666666666663,0.2846666666666667,1380.163742311318,-7.511749073260571e-07,-179073.63171517765,1313.6888230763038
0.00285013035,,fixed_static_lattice_reference,KM,0.074,0.074,0.35800000000000004,0.284,1380.166602811984,-7.013618081563678e-07,-178473.7685043695,1313.9201204841956
0.00285013035,,fixed_static_lattice_reference,KM,0.075,0.075,0.35833333333333334,0.2833333333333333,1380.1695268905494,-6.508226034932469e-07,-177865.16132902322,1314.154770804512
0.00285013035,,fixed_static_lattice_reference,KM,0.076,0.076,0.3586666666666667,0.2826666666666667,1380.1725158369209,-6.012598377589428e-07,-177268.3127031501,1314.3849743391263
0.00285013035,,fixed_static_lattice_reference,KM,0.077,0.077,0.359,0.282,1380.1755709612394,-5.558605471346085e-07,-176721.60180388336,1314.5961375549145
0.00285013035,,fixed_static_lattice_reference,KM,0.078,0.078,0.35933333333333334,0.2813333333333333,1380.1786935935822,-5.113251512704603e-07,-176185.29416587285,1314.8033815304152
0.00285013035,,fixed_static_lattice_reference,KM,0.079,0.079,0.35966666666666663,0.2806666666666667,1380.1818850836696,-4.661386911270157e-07,-175641.14623052027,1315.0136461963396
0.00285013035,,fixed_static_lattice_reference,KM,0.08,0.08,0.36000000000000004,0.27999999999999997,1380.1851468005646,-4.221762140417363e-07,-175111.73783997586,1315.2183475031513
0.00285013035,,fixed_static_lattice_reference,KM,0.081,0.081,0.36033333333333334,0.2793333333333333,1380.1884801323736,-3.8310315197543777e-07,-174641.20914656227,1315.4007113969299
0.00285013035,,fixed_static_lattice_reference,KM,0.082,0.082,0.3606666666666667,0.2786666666666667,1380.1918864859401,-3.481195375396832e-07,-174219.92672023462,1315.5644099782357
0.00285013035,,fixed_static_lattice_reference,KM,0.083,0.083,0.361,0.27799999999999997,1380.1953672865416,-3.196817361782736e-07,-173877.47079764953,1315.6982104880974
0.00285013035,,fixed_static_lattice_reference,KM,0.084,0.084,0.36133333333333334,0.2773333333333333,1380.1989239775844,-2.7104617251103887e-07,-173291.78779725026,1315.924497055827
0.00285013035,,fixed_static_lattice_reference,KM,0.085,0.085,0.36166666666666664,0.27666666666666667,1380.202558020286,-2.2384665231876382e-07,-172723.39803224706,1316.1442562019918
0.00285013035,,fixed_static_lattice_reference,KM,0.08600000000000001,0.08600000000000001,0.36200000000000004,0.27599999999999997,1380.206270893372,-1.8319687838359915e-07,-172233.88213546842,1316.3341019961156
0.00285013035,,fixed_static_lattice_reference,KM,0.08700000000000001,0.08700000000000001,0.36233333333333334,0.2753333333333333,1380.210064092757,-1.4330095133133888e-07,-171753.44427276467,1316.5205569037528
0.00285013035,,fixed_static_lattice_reference,KM,0.088,0.088,0.3626666666666667,0.27466666666666667,1380.213939131228,-1.048591624139382e-07,-171290.51754639,1316.7004215939749
0.00285013035,,fixed_static_lattice_reference,KM,0.089,0.089,0.363,0.274,1380.2178975381312,-7.048993132305038e-08,-170876.63369537817,1316.8617281207626
0.00285013035,,fixed_static_lattice_reference,KM,0.09,0.09,0.36333333333333334,0.2733333333333334,1380.2219408590477,-3.6703464942180446e-08,-170469.76765927693,1317.0204396171837
0.00285013035,,fixed_static_lattice_reference,KM,0.091,0.091,0.36366666666666664,0.27266666666666667,1380.2260706554746,-1.97795538037313e-09,-170051.59340371145,1317.1835151995108
0.00285013035,,fixed_static_lattice_reference,KM,0.092,0.092,0.36400000000000005,0.272,1380.230288504499,3.2052793655853475e-08,-169641.78564785316,1317.3434873476847
0.00285013035,,fixed_static_lattice_reference,KM,0.093,0.093,0.36433333333333334,0.27133333333333337,1380.2345959984746,6.249689867679368e-08,-169275.16925793872,1317.4871425304816
0.00285013035,,fixed_static_lattice_reference,KM,0.094,0.094,0.3646666666666667,0.27066666666666667,1380.238994744696,9.244981181814384e-08,-168914.46793741218,1317.6286330664025
0.00285013035,,fixed_static_lattice_reference,KM,0.095,0.095,0.365,0.27,1380.243486365065,1.2363195961695451e-07,-168538.9638308564,1317.7758222938883
0.00285013035,,fixed_static_lattice_reference,KM,0.096,0.096,0.36533333333333334,0.26933333333333337,1380.248072495768,1.5424764610756723e-07,-168170.2812091068,1317.9205061077
0.00285013035,,fixed_static_lattice_reference,KM,0.097,0.097,0.36566666666666664,0.26866666666666666,1380.2527547869347,1.8141296591123046e-07,-167843.14886376637,1318.049512815492
0.00285013035,,fixed_static_lattice_reference,KM,0.098,0.098,0.36600000000000005,0.268,1380.2575349023134,2.0810919825399557e-07,-167521.66540024892,1318.176466659287
0.00285013035,,fixed_static_lattice_reference,KM,0.099,0.099,0.36633333333333334,0.26733333333333337,1380.2624145189297,2.3577184940951323e-07,-167188.54405228607,1318.3079264274108
0.00285013035,,fixed_static_lattice_reference,KM,0.1,0.1,0.3666666666666667,0.26666666666666666,1380.2673953267538,2.6251179637547503e-07,-166866.5341651036,1318.4352651673867
0.00285013035,,fixed_static_lattice_reference,KM,0.101,0.101,0.367,0.266,1380.2724790283619,2.852714661377481e-07,-166592.45588432805,1318.5445235102118
0.00285013035,,fixed_static_lattice_reference,KM,0.10200000000000001,0.10200000000000001,0.36733333333333335,0.26533333333333337,1380.2776673385933,3.0609794870948363e-07,-166341.65758200272,1318.6450551121275
0.00285013035,,fixed_static_lattice_reference,KM,0.10300000000000001,0.10300000000000001,0.36766666666666664,0.26466666666666666,1380.282961984215,3.225058951431483e-07,-166144.06852220668,1318.725516027392
0.00285013035,,fixed_static_lattice_reference,KM,0.10400000000000001,0.10400000000000001,0.36800000000000005,0.264,1380.2883647035771,3.239308257979055e-07,-166126.9091104859,1318.7376769568652
0.00285013035,,fixed_static_lattice_reference,KM,0.105,0.105,0.36833333333333335,0.26333333333333336,1380.2938772462678,3.6577562549693543e-07,-165623.00238070032,1318.934488586463
0.00285013035,,fixed_static_lattice_reference,KM,0.106,0.106,0.3686666666666667,0.26266666666666666,1380.2995013727716,3.985297659572479e-07,-165228.56790078865,1319.0898929144796
0.00285013035,,fixed_static_lattice_reference,KM,0.107,0.107,0.369,0.262,1380.305238854123,4.2486917820683523e-07,-164911.38136419086,1319.216119915136
0.00285013035,,fixed_static_lattice_reference,KM,0.108,0.108,0.36933333333333335,0.26133333333333336,1380.3110914715583,4.4881512936598047e-07,-164623.01755251057,1319.3315321354576
0.00285013035,,fixed_static_lattice_reference,KM,0.109,0.109,0.36966666666666664,0.26066666666666666,1380.3170610161685,4.687564734025502e-07,-164382.8783348952,1319.4287819345984
0.00285013035,,fixed_static_lattice_reference,KM,0.11,0.11,0.37000000000000005,0.26,1380.3231492885498,4.881498257807618e-07,-164149.3381854197,1319.5236482444868
0.00285013035,,fixed_static_lattice_reference,KM,0.111,0.111,0.37033333333333335,0.25933333333333336,1380.3293580984523,5.086016247940928e-07,-163903.05192683646,1319.623463303699
0.00285013035,,fixed_static_lattice_reference,KM,0.112,0.112,0.3706666666666667,0.25866666666666666,1380.335689264431,5.286194347932721e-07,-163661.99188480715,1319.7214187745476
0.00285013035,,fixed_static_lattice_reference,KM,0.113,0.113,0.371,0.258,1380.3421446134912,5.456013377650643e-07,-163457.49108055906,1319.805646720612
0.00285013035,,fixed_static_lattice_reference,KM,0.114,0.114,0.37133333333333335,0.25733333333333336,1380.3487259807362,5.623745209822937e-07,-163255.50373771405,1319.8890489654527
0.00285013035,,fixed_static_lattice_reference,KM,0.115,0.115,0.37166666666666665,0.25666666666666665,1380.3554352090123,5.801736612546335e-07,-163041.1615343306,1319.9772596437906
0.00285013035,,fixed_static_lattice_reference,KM,0.116,0.116,0.37200000000000005,0.256,1380.3622741485556,5.975662535994822e-07,-162831.71509429446,1320.0637457328633
0.00285013035,,fixed_static_lattice_reference,KM,0.117,0.117,0.37233333333333335,0.25533333333333336,1380.3692446566326,6.121332043739422e-07,-162656.29581685734,1320.1374760899205
0.00285013035,,fixed_static_lattice_reference,KM,0.11800000000000001,0.11800000000000001,0.3726666666666667,0.25466666666666665,1380.3763485971872,6.266310968250105e-07,-162481.70815897998,1320.2110269224097
0.00285013035,,fixed_static_lattice_reference,KM,0.11900000000000001,0.11900000000000001,0.373,0.254,1380.3835878404786,6.425869816986197e-07,-162289.562950368,1320.291364293876
0.00285013035,,fixed_static_lattice_reference,KM,0.12,0.12,0.37333333333333335,0.25333333333333335,1380.3909642627264,6.609232937523421e-07,-162068.75197481606,1320.3826953740963
0.00285013035,,fixed_static_lattice_reference,KM,0.121,0.121,0.37366666666666665,0.25266666666666665,1380.3984797457497,6.76905048539537e-07,-161876.29523350115,1320.46342912285
0.00285013035,,fixed_static_lattice_reference,KM,0.122,0.122,0.37399999999999994,0.252,1380.406136176608,6.87364040300332e-07,-161750.34514238004,1320.519123546362
0.00285013035,,fixed_static_lattice_reference,KM,0.123,0.123,0.37433333333333335,0.25133333333333335,1380.4139354472381,6.91360528951408e-07,-161702.21831320954,1320.5454989752236
0.00285013035,,fixed_static_lattice_reference,KM,0.124,0.124,0.3746666666666667,0.25066666666666665,1380.4218794540952,6.698353385384555e-07,-161961.4306499161,1320.4556541685376
0.00285013035,,fixed_static_lattice_reference,KM,0.125,0.125,0.375,0.25,1380.4299700977895,5.455415626325734e-07,-163458.2109093491,1319.897227603284
0.00285013035,,fixed_static_lattice_reference,KM,0.126,0.126,0.3753333333333333,0.24933333333333332,1380.4382092827234,6.94439674392802e-07,-161665.138386407,1320.5849125524967
0.00285013035,,fixed_static_lattice_reference,KM,0.127,0.127,0.37566666666666665,0.24866666666666667,1380.4465989167293,7.390696318177706e-07,-161127.69201175016,1320.7971534073713
0.00285013035,,fixed_static_lattice_reference,KM,0.128,0.128,0.37600000000000006,0.248,1380.4551409107037,7.586169238389241e-07,-160892.2980782294,1320.8951881162113
0.00285013035,,fixed_static_lattice_reference,KM,0.129,0.129,0.37633333333333335,0.24733333333333332,1380.4638371782446,7.723441460025233e-07,-160726.99104654917,1320.966848452426
0.00285013035,,fixed_static_lattice_reference,KM,0.13,0.13,0.37666666666666665,0.24666666666666667,1380.4726896352838,7.838871997547791e-07,-160587.9863790666,1321.028712954343
0.00285013035,,fixed_static_lattice_reference,KM,0.131,0.131,0.377,0.246,1380.4817001997244,7.941765075885612e-07,-160464.0796690436,1321.0850256199553
0.00285013035,,fixed_static_lattice_reference,KM,0.132,0.132,0.37733333333333335,0.24533333333333332,1380.4908707910718,8.03667439419457e-07,-160349.78722515755,1321.1378645366024
0.00285013035,,fixed_static_lattice_reference,KM,0.133,0.133,0.37766666666666665,0.24466666666666667,1380.5002033300698,8.125622555032077e-07,-160242.67337308882,1321.1881539058982
0.00285013035,,fixed_static_lattice_reference,KM,0.134,0.134,0.37799999999999995,0.244,1380.5096997383298,8.209068766369313e-07,-160142.18512181178,1321.2361053005636
0.00285013035,,fixed_static_lattice_reference,KM,0.135,0.135,0.37833333333333335,0.24333333333333332,1380.5193619379675,8.288763982642463e-07,-160046.21392323848,1321.282518904407
0.00285013035,,fixed_static_lattice_reference,KM,0.136,0.136,0.3786666666666667,0.24266666666666667,1380.5291918512316,8.364540665142304e-07,-159954.96153214772,1321.3273205459982
0.00285013035,,fixed_static_lattice_reference,KM,0.137,0.137,0.379,0.242,1380.5391914001364,8.436033902306181e-07,-159868.8673852044,1321.3703461204727
0.00285013035,,fixed_static_lattice_reference,KM,0.138,0.138,0.3793333333333333,0.24133333333333332,1380.5493625060933,8.502853482489146e-07,-159788.40138613683,1321.4114200088645
0.00285013035,,fixed_static_lattice_reference,KM,0.139,0.139,0.37966666666666665,0.24066666666666667,1380.5597070895399,8.565054266551348e-07,-159713.49746996965,1321.4505694006064
0.00285013035,,fixed_static_lattice_reference,KM,0.14,0.14,0.38000000000000006,0.24,1380.5702270695742,8.621281482560521e-07,-159645.78709078772,1321.4871791962826
0.00285013035,,fixed_static_lattice_reference,KM,0.14100000000000001,0.14100000000000001,0.38033333333333336,0.23933333333333331,1380.5809243635797,8.670945698944778e-07,-159585.9800585028,1321.5209830563015
0.00285013035,,fixed_static_lattice_reference,KM,0.14200000000000002,0.14200000000000002,0.38066666666666665,0.23866666666666667,1380.5918008868584,8.710500225391286e-07,-159538.34739634828,1321.5503672882355
0.00285013035,,fixed_static_lattice_reference,KM,0.14300000000000002,0.14300000000000002,0.381,0.238,1380.6028585522586,8.729828864868182e-07,-159515.07131047844,1321.5707252100392
0.00285013035,,fixed_static_lattice_reference,KM,0.14400000000000002,0.14400000000000002,0.38133333333333336,0.2373333333333333,1380.6140992698042,8.693795166611578e-07,-159558.46409328817,1321.5660509445922
0.00285013035,,fixed_static_lattice_reference,KM,0.145,0.145,0.38166666666666665,0.23666666666666666,1380.6255249463231,8.384980869230482e-07,-159930.34686922113,1321.4372831368462
0.00285013035,,fixed_static_lattice_reference,KM,0.146,0.146,0.38199999999999995,0.236,1380.6371374850771,7.543204088651303e-07,-160944.03790792127,1321.0658074051673
0.00285013035,,fixed_static_lattice_reference,KM,0.147,0.147,0.38233333333333336,0.2353333333333333,1380.6489387853878,8.671002332914037e-07,-159585.91185830004,1321.5920627451262
0.00285013035,,fixed_static_lattice_reference,KM,0.148,0.148,0.38266666666666665,0.23466666666666666,1380.6609307422652,8.913354818739419e-07,-159294.06424649153,1321.7150000781585
0.00285013035,,fixed_static_lattice_reference,KM,0.149,0.149,0.383,0.23399999999999999,1380.6731152460345,9.007953261152326e-07,-159180.14616801593,1321.7708216612946
0.00285013035,,fixed_static_lattice_reference,KM,0.15,0.15,0.3833333333333333,0.2333333333333333,1380.6854941819654,9.064770140189794e-07,-159111.725700196,1321.80963385213
0.0038001738,,fixed_static_lattice_reference,K,0.0,0.0,0.3333333333333333,0.3333333333333333,1380.070552374435,-6.096623890359599e-06,-243445.01682515477,1288.8559705048208
0.0038001738,,fixed_static_lattice_reference,KG,0.001,-0.001,0.333,0.333,1380.0705728352552,-6.089508109393989e-06,-243359.3266093564,1288.8892347275125
0.0038001738,,fixed_static_lattice_reference,KG,0.002,-0.002,0.33266666666666667,0.33266666666666667,1380.0706347705172,-6.076970779122206e-06,-243208.3485871664,1288.9478687552619
0.0038001738,,fixed_static_lattice_reference,KG,0.003,-0.003,0.3323333333333333,0.3323333333333333,1380.0707390334194,-6.0585712710840455e-06,-242986.7765879727,1289.0339282378395
0.0038001738,,fixed_static_lattice_reference,KG,0.004,-0.004,0.332,0.332,1380.070886509147,-6.034406167179563e-06,-242695.77367790934,1289.1469575313101
0.0038001738,,fixed_static_lattice_reference,KG,0.005,-0.005,0.33166666666666667,0.33166666666666667,1380.07107811484,-6.006563275795064e-06,-242360.48182692064,1289.27720014826
0.0038001738,,fixed_static_lattice_reference,KG,0.006,-0.006,0.3313333333333333,0.3313333333333333,1380.071314799563,-5.973400376037694e-06,-241961.12495373358,1289.4323204336322
0.0038001738,,fixed_static_lattice_reference,KG,0.007,-0.007,0.331,0.331,1380.071597544267,-5.933088665223567e-06,-241475.68010719318,1289.620849025477
0.0038001738,,fixed_static_lattice_reference,KG,0.008,-0.008,0.33066666666666666,0.33066666666666666,1380.0719273617449,-5.887287193851707e-06,-240924.12603537634,1289.8350276902022
0.0038001738,,fixed_static_lattice_reference,KG,0.009000000000000001,-0.009000000000000001,0.3303333333333333,0.3303333333333333,1380.0723052965848,-5.839592529485699e-06,-240349.77360635862,1290.0580584765444
0.0038001738,,fixed_static_lattice_reference,KG,0.01,-0.01,0.33,0.33,1380.072732425116,-5.787196997763625e-06,-239718.8120236686,1290.3030398939845
0.0038001738,,fixed_static_lattice_reference,KG,0.011,-0.011,0.32966666666666666,0.32966666666666666,1380.0732098553492,-5.7279554141811874e-06,-239005.40837817243,1290.5799689218309
0.0038001738,,fixed_static_lattice_reference,KG,0.012,-0.012,0.3293333333333333,0.3293333333333333,1380.0737387269146,-5.66428058289376e-06,-238238.61832936166,1290.8775720393946
0.0038001738,,fixed_static_lattice_reference,KG,0.013000000000000001,-0.013000000000000001,0.329,0.329,1380.0743202109907,-5.600276306118911e-06,-237467.86100625625,1291.1766991003096
0.0038001738,,fixed_static_lattice_reference,KG,0.014,-0.014,0.32866666666666666,0.32866666666666666,1380.0749555102302,-5.532501633902503e-06,-236651.6995313657,1291.4933926641663
0.0038001738,,fixed_static_lattice_reference,KG,0.015,-0.015,0.3283333333333333,0.3283333333333333,1380.075645858681,-5.45894795490043e-06,-235765.94564758043,1291.8370031256554
0.0038001738,,fixed_static_lattice_reference,KG,0.016,-0.016,0.328,0.328,1380.0763925217,-5.382315377024809e-06,-234843.11480623123,1292.194928944344
0.0038001738,,fixed_static_lattice_reference,KG,0.017,-0.017,0.32766666666666666,0.32766666666666666,1380.0771967958651,-5.306402337613022e-06,-233928.9488474212,1292.5494653081992
0.0038001738,,fixed_static_lattice_reference,KG,0.018000000000000002,-0.018000000000000002,0.3273333333333333,0.3273333333333333,1380.0780600088783,-5.22793826141072e-06,-232984.06259323593,1292.915847657779
0.0038001738,,fixed_static_lattice_reference,KG,0.019,-0.019,0.327,0.327,1380.0789835194637,-5.145636826376479e-06,-231992.9657954724,1293.3000560413827
0.0038001738,,fixed_static_lattice_reference,KG,0.02,-0.02,0.32666666666666666,0.32666666666666666,1380.0799687172641,-5.062253950967383e-06,-230988.84599158456,1293.6892494192955
0.0038001738,,fixed_static_lattice_reference,KG,0.021,-0.021,0.3263333333333333,0.3263333333333333,1380.0810170227319,-4.979418100290379e-06,-229991.31361184124,1294.0758478291202
0.0038001738,,fixed_static_lattice_reference,KG,0.022,-0.022,0.326,0.326,1380.0821298870073,-4.8922586729319545e-06,-228941.71551778735,1294.4825103938915
0.0038001738,,fixed_static_lattice_reference,KG,0.023,-0.023,0.32566666666666666,0.32566666666666666,1380.0833087918027,-4.802551689955749e-06,-227861.43904960967,1294.9009615241316
0.0038001738,,fixed_static_lattice_reference,KG,0.024,-0.024,0.3253333333333333,0.3253333333333333,1380.0845552492738,-4.71275481272574e-06,-226780.08004979635,1295.3197673114503
0.0038001738,,fixed_static_lattice_reference,KG,0.025,-0.025,0.325,0.325,1380.0858708018882,-4.624293737940189e-06,-225714.8071549774,1295.7323040011113
0.0038001738,,fixed_static_lattice_reference,KG,0.026000000000000002,-0.026000000000000002,0.32466666666666666,0.32466666666666666,1380.0872570222903,-4.535229443295519e-06,-224642.27011864656,1296.1475868421244
0.0038001738,,fixed_static_lattice_reference,KG,0.027,-0.027,0.3243333333333333,0.3243333333333333,1380.0887155131586,-4.445180368824353e-06,-223557.87408943014,1296.5673868323736
0.0038001738,,fixed_static_lattice_reference,KG,0.028,-0.028,0.324,0.324,1380.0902479070614,-4.355181307484456e-06,-222474.0803322668,1296.9868974033268
0.0038001738,,fixed_static_lattice_reference,KG,0.029,-0.029,0.32366666666666666,0.32366666666666666,1380.0918558663009,-4.265917847630643e-06,-221399.1448930293,1297.4029388495546
0.0038001738,,fixed_static_lattice_reference,KG,0.03,-0.03,0.3233333333333333,0.3233333333333333,1380.0935410827624,-4.1765888570595105e-06,-220323.42031464662,1297.8192331074893
0.0038001738,,fixed_static_lattice_reference,KG,0.031,-0.031,0.323,0.323,1380.0953052777486,-4.0875846399269364e-06,-219251.6067484452,1298.233971555681
0.0038001738,,fixed_static_lattice_reference,KG,0.032,-0.032,0.32266666666666666,0.32266666666666666,1380.0971502018156,-3.9992186825954375e-06,-218187.47928449366,1298.645704074317
0.0038001738,,fixed_static_lattice_reference,KG,0.033,-0.033,0.3223333333333333,0.3223333333333333,1380.0990776346,-3.911063736682363e-06,-217125.89287879958,1299.056415714527
0.0038001738,,fixed_static_lattice_reference,KG,0.034,-0.034,0.322,0.322,1380.1010893846453,-3.823402538874797e-06,-216070.25232527766,1299.4647992906184
0.0038001738,,fixed_static_lattice_reference,KG,0.035,-0.035,0.32166666666666666,0.32166666666666666,1380.1031872892179,-3.7371645777166874e-06,-215031.750783793,1299.8665534515708
0.0038001738,,fixed_static_lattice_reference,KG,0.036000000000000004,-0.036000000000000004,0.3213333333333333,0.3213333333333333,1380.1053732141243,-3.652020146733272e-06,-214006.41783716876,1300.263213098536
0.0038001738,,fixed_static_lattice_reference,KG,0.037,-0.037,0.321,0.321,1380.1076490535195,-3.5666479950985332e-06,-212978.3426150518,1300.6609013732136
0.0038001738,,fixed_static_lattice_reference,KG,0.038,-0.038,0.32066666666666666,0.32066666666666666,1380.1100167297118,-3.4823165284328973e-06,-211962.7996111146,1301.0537493380398
0.0038001738,,fixed_static_lattice_reference,KG,0.039,-0.039,0.3203333333333333,0.3203333333333333,1380.1124781929639,-3.400711991050558e-06,-210980.09504892852,1301.4339619876976
0.0038001738,,fixed_static_lattice_reference,KG,0.04,-0.04,0.32,0.32,1380.1150354212862,-3.3216491671740808e-06,-210027.99850852776,1301.802409157154
0.0038001738,,fixed_static_lattice_reference,KG,0.041,-0.041,0.31966666666666665,0.31966666666666665,1380.1176904202302,-3.2447081598278605e-06,-209101.4534736105,1302.161044547586
0.0038001738,,fixed_static_lattice_reference,KG,0.042,-0.042,0.3193333333333333,0.3193333333333333,1380.1204452226752,-3.1658673408981266e-06,-208152.0303785964,1302.5284691487702
0.0038001738,,fixed_static_lattice_reference,KG,0.043000000000000003,-0.043000000000000003,0.319,0.319,1380.123301888608,-3.0819839476147653e-06,-207141.88319909593,1302.919201338601
0.0038001738,,fixed_static_lattice_reference,KG,0.044,-0.044,0.31866666666666665,0.31866666666666665,1380.1262625049017,-3.0022285227927764e-06,-206181.4461652525,1303.290855599968
0.0038001738,,fixed_static_lattice_reference,KG,0.045,-0.045,0.3183333333333333,0.3183333333333333,1380.1293291850895,-2.9229654406055326e-06,-205226.93805851095,1303.6602422480998
0.0038001738,,fixed_static_lattice_reference,KG,0.046,-0.046,0.318,0.318,1380.132504069131,-2.8456297883940477e-06,-204295.64060023616,1304.0207391709282
0.0038001738,,fixed_static_lattice_reference,KG,0.047,-0.047,0.31766666666666665,0.31766666666666665,1380.1357893231793,-2.7719218998483954e-06,-203408.02968218699,1304.364507064083
0.0038001738,,fixed_static_lattice_reference,KG,0.048,-0.048,0.3173333333333333,0.3173333333333333,1380.1391871393398,-2.699841060520978e-06,-202540.0121438805,1304.700794716458
0.0038001738,,fixed_static_lattice_reference,KG,0.049,-0.049,0.317,0.317,1380.142699735425,-2.626083816056277e-06,-201651.80686811084,1305.0448516295814
0.0038001738,,fixed_static_lattice_reference,KG,0.05,-0.05,0.31666666666666665,0.31666666666666665,1380.146329354708,-2.553701937733886e-06,-200780.1641344017,1305.3825976689259
0.0038001738,,fixed_static_lattice_reference,KG,0.051000000000000004,-0.051000000000000004,0.3163333333333333,0.3163333333333333,1380.150078265671,-2.485055341491662e-06,-199953.5027076024,1305.703157623943
0.0038001738,,fixed_static_lattice_reference,KG,0.052000000000000005,-0.052000000000000005,0.316,0.316,1380.153948761744,-2.4179381863626144e-06,-199145.25923656544,1306.0167162199991
0.0038001738,,fixed_static_lattice_reference,KG,0.053,-0.053,0.31566666666666665,0.31566666666666665,1380.1579431610503,-2.348727178810936e-06,-198311.8010116157,1306.3399814209642
0.0038001738,,fixed_static_lattice_reference,KG,0.054,-0.054,0.3153333333333333,0.3153333333333333,1380.1620638061374,-2.2809280901798925e-06,-197495.3455074613,1306.656793830023
0.0038001738,,fixed_static_lattice_reference,KG,0.055,-0.055,0.315,0.315,1380.1663130637128,-2.21708114495771e-06,-196726.48281472255,1306.9554578872073
0.0038001738,,fixed_static_lattice_reference,KG,0.056,-0.056,0.31466666666666665,0.31466666666666665,1380.170693324366,-2.154782732955742e-06,-195976.26799021533,1307.2470595573147
0.0038001738,,fixed_static_lattice_reference,KG,0.057,-0.057,0.3143333333333333,0.3143333333333333,1380.1752070023006,-2.0901567749913174e-06,-195198.0242091161,1307.549455207996
0.0038001738,,fixed_static_lattice_reference,KG,0.058,-0.058,0.314,0.314,1380.1798565350475,-2.027076128125564e-06,-194438.38949456354,1307.8448099413558
0.0038001738,,fixed_static_lattice_reference,KG,0.059000000000000004,-0.059000000000000004,0.31366666666666665,0.31366666666666665,1380.184644383184,-1.968403590255445e-06,-193731.83845598757,1308.1199540314137
0.0038001738,,fixed_static_lattice_reference,KG,0.06,-0.06,0.3133333333333333,0.3133333333333333,1380.1895730300491,-1.9120426680112307e-06,-193053.12453645506,1308.3845508734862
0.0038001738,,fixed_static_lattice_reference,KG,0.061,-0.061,0.313,0.313,1380.194644981451,-1.8556546188368967e-06,-192374.08394687646,1308.6493701861461
0.0038001738,,fixed_static_lattice_reference,KG,0.062,-0.062,0.31266666666666665,0.31266666666666665,1380.1998627653716,-1.8081449861817263e-06,-191801.95972124333,1308.873447456364
0.0038001738,,fixed_static_lattice_reference,KG,0.063,-0.063,0.31233333333333335,0.31233333333333335,1380.2052289316744,-1.7532622687414187e-06,-191141.04675557002,1309.1315545867672
0.0038001738,,fixed_static_lattice_reference,KG,0.064,-0.064,0.312,0.312,1380.2107460517989,-1.68780062791971e-06,-190352.73944880496,1309.438415530894
0.0038001738,,fixed_static_lattice_reference,KG,0.065,-0.065,0.3116666666666667,0.3116666666666667,1380.216416718459,-1.6270663788658899e-06,-189621.36071006523,1309.7236335460536
0.0038001738,,fixed_static_lattice_reference,KG,0.066,-0.066,0.3113333333333333,0.3113333333333333,1380.2222435453364,-1.5703340887374324e-06,-188938.17467506215,1309.9905598523449
0.0038001738,,fixed_static_lattice_reference,KG,0.067,-0.067,0.311,0.311,1380.2282291667698,-1.5186296348821447e-06,-188315.53524447666,1310.2344940293551
0.0038001738,,fixed_static_lattice_reference,KG,0.068,-0.068,0.31066666666666665,0.31066666666666665,1380.2343762374414,-1.4686260026054014e-06,-187713.37758093886,1310.4707382336396
0.0038001738,,fixed_static_lattice_reference,KG,0.069,-0.069,0.31033333333333335,0.31033333333333335,1380.2406874320623,-1.4158089025884227e-06,-187077.33935545463,1310.7200371885208
0.0038001738,,fixed_static_lattice_reference,KG,0.07,-0.07,0.31,0.31,1380.2471654450524,-1.3643872647044794e-06,-186458.10567354705,1310.9630551794946
0.0038001738,,fixed_static_lattice_reference,KG,0.07100000000000001,-0.07100000000000001,0.3096666666666667,0.3096666666666667,1380.2538129902184,-1.3171646482034376e-06,-185889.43777636244,1311.1869243161611
0.0038001738,,fixed_static_lattice_reference,KG,0.07200000000000001,-0.07200000000000001,0.3093333333333333,0.3093333333333333,1380.2606328004308,-1.2712621084453005e-06,-185336.6666108952,1311.404875638241
0.0038001738,,fixed_static_lattice_reference,KG,0.073,-0.073,0.309,0.309,1380.267627627295,-1.2223322461138974e-06,-184747.43958403365,1311.6368721150864
0.0038001738,,fixed_static_lattice_reference,KG,0.074,-0.074,0.3086666666666667,0.3086666666666667,1380.2748002408223,-1.1746898496689128e-06,-184173.7165798751,1311.8631055106196
0.0038001738,,fixed_static_lattice_reference,KG,0.075,-0.075,0.30833333333333335,0.30833333333333335,1380.2821534290986,-1.1311746618648432e-06,-183649.69457140405,1312.0705501242933
0.0038001738,,fixed_static_lattice_reference,KG,0.076,-0.076,0.308,0.308,1380.289689997948,-1.0889180993473214e-06,-183140.8292791016,1312.2723798950924
0.0038001738,,fixed_static_lattice_reference,KG,0.077,-0.077,0.3076666666666667,0.3076666666666667,1380.297412770596,-1.0436282194446913e-06,-182595.43593421136,1312.488290144712
0.0038001738,,fixed_static_lattice_reference,KG,0.078,-0.078,0.30733333333333335,0.30733333333333335,1380.3053245873323,-9.99658494722252e-07,-182065.94026560214,1312.6983083780287
0.0038001738,,fixed_static_lattice_reference,KG,0.079,-0.079,0.307,0.307,1380.313428305167,-9.599195951688524e-07,-181587.39337176442,1312.889091655422
0.0038001738,,fixed_static_lattice_reference,KG,0.08,-0.08,0.3066666666666667,0.3066666666666667,1380.321726797487,-9.218267783449509e-07,-181128.669064512,1313.0725038643845
0.0038001738,,fixed_static_lattice_reference,KG,0.081,-0.081,0.30633333333333335,0.30633333333333335,1380.3302229537114,-8.819400691419893e-07,-180648.34220571624,1313.264323049144
0.0038001738,,fixed_static_lattice_reference,KG,0.082,-0.082,0.306,0.306,1380.338919678945,-8.477835273242799e-07,-180237.019618156,1313.4300565931485
0.0038001738,,fixed_static_lattice_reference,KG,0.083,-0.083,0.3056666666666667,0.3056666666666667,1380.3478198936255,-8.320127386335364e-07,-180047.10338931868,1313.5117055039007
0.0038001738,,fixed_static_lattice_reference,KG,0.084,-0.084,0.30533333333333335,0.30533333333333335,1380.3569265331753,-7.870912473429222e-07,-179506.14628267323,1313.7271780493243
0.0038001738,,fixed_static_lattice_reference,KG,0.085,-0.085,0.305,0.305,1380.3662425476473,-7.32016345028501e-07,-178842.9189732314,1313.9893624348254
0.0038001738,,fixed_static_lattice_reference,KG,0.08600000000000001,-0.08600000000000001,0.3046666666666667,0.3046666666666667,1380.37577090137,-6.892558280442346e-07,-178327.98492091277,1314.1952990216632
0.0038001738,,fixed_static_lattice_reference,KG,0.08700000000000001,-0.08700000000000001,0.30433333333333334,0.30433333333333334,1380.3855145725936,-6.532476713408975e-07,-177894.36467131204,1314.3704972991945
0.0038001738,,fixed_static_lattice_reference,KG,0.088,-0.088,0.304,0.304,1380.3954765531284,-6.191743098679924e-07,-177484.04376462573,1314.5370393882831
0.0038001738,,fixed_static_lattice_reference,KG,0.089,-0.089,0.3036666666666667,0.3036666666666667,1380.40565984799,-5.824065626925651e-07,-177041.27631504985,1314.7161326405462
0.0038001738,,fixed_static_lattice_reference,KG,0.09,-0.09,0.30333333333333334,0.30333333333333334,1380.416067475038,-5.468506800120537e-07,-176613.10247516906,1314.8898877351212
0.0038001738,,fixed_static_lattice_reference,KG,0.091,-0.091,0.303,0.303,1380.4267024646117,-5.15057735909326e-07,-176230.24298944345,1315.0466295488834
0.0038001738,,fixed_static_lattice_reference,KG,0.092,-0.092,0.3026666666666667,0.3026666666666667,1380.4375678591737,-4.842723612657203e-07,-175859.51693570532,1315.1989818355416
0.0038001738,,fixed_static_lattice_reference,KG,0.093,-0.093,0.30233333333333334,0.30233333333333334,1380.4486667129397,-4.505160821900554e-07,-175453.0144235391,1315.365161088735
0.0038001738,,fixed_static_lattice_reference,KG,0.094,-0.094,0.302,0.302,1380.4600020915184,-4.177763619155335e-07,-175058.7535955201,1315.526914882016
0.0038001738,,fixed_static_lattice_reference,KG,0.095,-0.095,0.3016666666666667,0.3016666666666667,1380.4715770715454,-3.885934596001335e-07,-174707.32495977147,1315.6726227077268
0.0038001738,,fixed_static_lattice_reference,KG,0.096,-0.096,0.30133333333333334,0.30133333333333334,1380.4833947403167,-3.603397672184552e-07,-174367.08612878597,1315.8143170770575
0.0038001738,,fixed_static_lattice_reference,KG,0.097,-0.097,0.301,0.301,1380.4954581954232,-3.2920468602344626e-07,-173992.14881137904,1315.9694378239992
0.0038001738,,fixed_static_lattice_reference,KG,0.098,-0.098,0.3006666666666667,0.3006666666666667,1380.5077705443803,-2.9907553750805376e-07,-173629.325215405,1316.1201994187347
0.0038001738,,fixed_static_lattice_reference,KG,0.099,-0.099,0.30033333333333334,0.30033333333333334,1380.5203349042642,-2.72472100739261e-07,-173308.9592220285,1316.25508008978
0.0038001738,,fixed_static_lattice_reference,KG,0.1,-0.1,0.3,0.3,1380.533154401342,-2.469977772631117e-07,-173002.19032532698,1316.3850500807098
0.0038001738,,fixed_static_lattice_reference,KG,0.101,-0.101,0.2996666666666667,0.2996666666666667,1380.5462321707025,-2.193506758584701e-07,-172669.25623179408,1316.525215455036
0.0038001738,,fixed_static_lattice_reference,KG,0.10200000000000001,-0.10200000000000001,0.29933333333333334,0.29933333333333334,1380.559571355888,-1.9447652620154511e-07,-172369.71479534387,1316.6529593127452
0.0038001738,,fixed_static_lattice_reference,KG,0.10300000000000001,-0.10300000000000001,0.299,0.299,1380.5731751085257,-1.8009226665054384e-07,-172196.49553649055,1316.7330011406052
0.0038001738,,fixed_static_lattice_reference,KG,0.10400000000000001,-0.10400000000000001,0.2986666666666667,0.2986666666666667,1380.5870465879595,-1.883104945261916e-07,-172295.46172495926,1316.7099648295768
0.0038001738,,fixed_static_lattice_reference,KG,0.105,-0.105,0.29833333333333334,0.29833333333333334,1380.6011889608792,-1.3733049190901681e-07,-171681.54633790875,1316.957894779588
0.0038001738,,fixed_static_lattice_reference,KG,0.106,-0.106,0.298,0.298,1380.6156054009534,-9.491995449672415e-08,-171170.8268370487,1317.166892629629
0.0038001738,,fixed_static_lattice_reference,KG,0.107,-0.107,0.2976666666666667,0.2976666666666667,1380.6302990884606,-6.760525043862572e-08,-170841.8955649199,1317.307149907026
0.0038001738,,fixed_static_lattice_reference,KG,0.108,-0.108,0.29733333333333334,0.29733333333333334,1380.6452732099187,-4.389801786991885e-08,-170556.40646897757,1317.4311989504097
0.0038001738,,fixed_static_lattice_reference,KG,0.109,-0.109,0.297,0.297,1380.660530957721,-1.8520853530223097e-08,-170250.8075896515,1317.5631651479957
0.0038001738,,fixed_static_lattice_reference,KG,0.11,-0.11,0.2966666666666667,0.2966666666666667,1380.6760755297669,5.64717066982466e-09,-169959.76951257576,1317.6898937260248
0.0038001738,,fixed_static_lattice_reference,KG,0.111,-0.111,0.29633333333333334,0.29633333333333334,1380.691910129092,2.6651573339344353e-08,-169706.82864689056,1317.8024594183419
0.0038001738,,fixed_static_lattice_reference,KG,0.112,-0.112,0.296,0.296,1380.7080379635065,4.678841087069144e-08,-169464.33524217532,1317.9113592555686
0.0038001738,,fixed_static_lattice_reference,KG,0.113,-0.113,0.2956666666666667,0.2956666666666667,1380.7244622452274,6.926026674454766e-08,-169193.72289638672,1318.0312279100165
0.0038001738,,fixed_static_lattice_reference,KG,0.114,-0.114,0.29533333333333334,0.29533333333333334,1380.7411861905125,9.082998483073981e-08,-168933.97434504016,1318.1472789099644
0.0038001738,,fixed_static_lattice_reference,KG,0.115,-0.115,0.295,0.295,1380.7582130192989,1.0946303999012872e-07,-168709.58990638077,1318.2502239384853
0.0038001738,,fixed_static_lattice_reference,KG,0.116,-0.116,0.2946666666666667,0.2946666666666667,1380.7755459548378,1.2726903888609255e-07,-168495.16510954182,1318.349704440115
0.0038001738,,fixed_static_lattice_reference,KG,0.117,-0.117,0.29433333333333334,0.29433333333333334,1380.793188223333,1.4722973683435643e-07,-168254.79282673268,1318.4593417383883
0.0038001738,,fixed_static_lattice_reference,KG,0.11800000000000001,-0.11800000000000001,0.294,0.294,1380.8111430535826,1.6625526186239952e-07,-168025.6821566305,1318.5650270746266
0.0038001738,,fixed_static_lattice_reference,KG,0.11900000000000001,-0.11900000000000001,0.2936666666666667,0.2936666666666667,1380.829413676614,1.8239729149360634e-07,-167831.295341015,1318.6578685669328
0.0038001738,,fixed_static_lattice_reference,KG,0.12,-0.12,0.29333333333333333,0.29333333333333333,1380.8480033253297,1.9758754250593097e-07,-167648.37010855367,1318.7466921964187
0.0038001738,,fixed_static_lattice_reference,KG,0.121,-0.121,0.293,0.293,1380.8669152341502,2.1447801655347912e-07,-167444.97031687,1318.8436098610812
0.0038001738,,fixed_static_lattice_reference,KG,0.122,-0.122,0.2926666666666667,0.2926666666666667,1380.8861526386556,2.2969918591614978e-07,-167261.6727570245,1318.9332408397947
0.0038001738,,fixed_static_lattice_reference,KG,0.123,-0.123,0.29233333333333333,0.29233333333333333,1380.9057187752337,2.3976127017430675e-07,-167140.50233657024,1318.9996595183695
0.0038001738,,fixed_static_lattice_reference,KG,0.124,-0.124,0.292,0.292,1380.925616880727,2.3835394606969655e-07,-167157.44972531157,1319.014067260886
0.0038001738,,fixed_static_lattice_reference,KG,0.125,-0.125,0.2916666666666667,0.2916666666666667,1380.9458501920806,2.1514894796602134e-07,-167436.8907739773,1318.9293197092675
0.0038001738,,fixed_static_lattice_reference,KG,0.126,-0.126,0.29133333333333333,0.29133333333333333,1380.9664219459962,2.6880678264595295e-07,-166790.7281875767,1319.1957892423516
0.0038001738,,fixed_static_lattice_reference,KG,0.127,-0.127,0.291,0.291,1380.987335378579,2.9588292408894226e-07,-166464.6697528875,1319.3412563560423
0.0038001738,,fixed_static_lattice_reference,KG,0.128,-0.128,0.2906666666666667,0.2906666666666667,1381.0085937249994,3.11597957850418e-07,-166275.4249404336,1319.4352242538725
0.0038001738,,fixed_static_lattice_reference,KG,0.129,-0.129,0.29033333333333333,0.29033333333333333,1381.0302002191431,3.2665465412953894e-07,-166094.1080112582,1319.526546116473
0.0038001738,,fixed_static_lattice_reference,KG,0.13,-0.13,0.29,0.29,1381.052158093275,3.4021079488220527e-07,-165930.86118956658,1319.6113830156687
0.0038001738,,fixed_static_lattice_reference,KG,0.131,-0.131,0.2896666666666667,0.2896666666666667,1381.0744705776951,3.5119218495952495e-07,-165798.62023245453,1319.6848385311573
0.0038001738,,fixed_static_lattice_reference,KG,0.132,-0.132,0.28933333333333333,0.28933333333333333,1381.097140900404,3.614487977357433e-07,-165675.10724541874,1319.7553581470513
0.0038001738,,fixed_static_lattice_reference,KG,0.133,-0.133,0.289,0.289,1381.1201722867677,3.733785304506122e-07,-165531.44608219646,1319.8338850837383
0.0038001738,,fixed_static_lattice_reference,KG,0.134,-0.134,0.2886666666666667,0.2886666666666667,1381.1435679591834,3.846514721149545e-07,-165395.69417969006,1319.9097928022709
0.0038001738,,fixed_static_lattice_reference,KG,0.135,-0.135,0.28833333333333333,0.28833333333333333,1381.1673311367513,3.938330258854313e-07,-165285.12735255482,1319.9765411729338
0.0038001738,,fixed_static_lattice_reference,KG,0.136,-0.136,0.288,0.288,1381.191465034945,4.024923462423636e-07,-165180.84940560296,1320.0412924146633
0.0038001738,,fixed_static_lattice_reference,KG,0.137,-0.137,0.2876666666666667,0.2876666666666667,1381.2159728652875,4.1277817794564434e-07,-165056.9845561114,1320.1138508257882
0.0038001738,,fixed_static_lattice_reference,KG,0.138,-0.138,0.28733333333333333,0.28733333333333333,1381.240857835026,4.224825398691181e-07,-164940.12192762026,1320.184148300993
0.0038001738,,fixed_static_lattice_reference,KG,0.139,-0.139,0.287,0.287,1381.266123146815,4.3023241475832364e-07,-164846.79577622854,1320.2459267790996
0.0038001738,,fixed_static_lattice_reference,KG,0.14,-0.14,0.2866666666666667,0.2866666666666667,1381.2917719983961,4.374444905088571e-07,-164759.9459518165,1320.3056515211365
0.0038001738,,fixed_static_lattice_reference,KG,0.14100000000000001,-0.14100000000000001,0.28633333333333333,0.28633333333333333,1381.317807582285,4.4601484777169986e-07,-164656.7393232157,1320.371972673123
0.0038001738,,fixed_static_lattice_reference,KG,0.14200000000000002,-0.14200000000000002,0.286,0.286,1381.3442330854568,4.536960965953619e-07,-164564.23958601442,1320.4346446123088
0.0038001738,,fixed_static_lattice_reference,KG,0.14300000000000002,-0.14300000000000002,0.2856666666666667,0.2856666666666667,1381.3710516890403,4.5862457486656043e-07,-164504.8894783231,1320.4851733231094
0.0038001738,,fixed_static_lattice_reference,KG,0.14400000000000002,-0.14400000000000002,0.2853333333333333,0.2853333333333333,1381.3982665680096,4.5988164237552564e-07,-164489.75152134593,1320.519374850576
0.0038001738,,fixed_static_lattice_reference,KG,0.145,-0.145,0.285,0.285,1381.425880890881,4.474702996205601e-07,-164639.2123667768,1320.491670563798
0.0038001738,,fixed_static_lattice_reference,KG,0.146,-0.146,0.2846666666666667,0.2846666666666667,1381.4538978194137,4.2066468092008207e-07,-164962.01309127282,1320.3987498892818
0.0038001738,,fixed_static_lattice_reference,KG,0.147,-0.147,0.2843333333333333,0.2843333333333333,1381.4823205083107,4.7158850774125477e-07,-164348.77418880007,1320.6606784818828
0.0038001738,,fixed_static_lattice_reference,KG,0.148,-0.148,0.284,0.284,1381.5111521049287,4.893715732225217e-07,-164134.62556252678,1320.771909842029
0.0038001738,,fixed_static_lattice_reference,KG,0.149,-0.149,0.2836666666666667,0.2836666666666667,1381.5403957489807,4.99777035319204e-07,-164009.32009052645,1320.8499328067983
0.0038001738,,fixed_static_lattice_reference,KG,0.15,-0.15,0.2833333333333333,0.2833333333333333,1381.5700545722555,5.076626326435914e-07,-163914.35953177797,1320.9168997930972
0.0038001738,,fixed_static_lattice_reference,KM,0.001,0.001,0.3336666666666666,0.33266666666666667,1380.07057256686,-6.0893356550208545e-06,-243357.24986577465,1288.8900400729483
0.0038001738,,fixed_static_lattice_reference,KM,0.002,0.002,0.334,0.332,1380.07063262336,-6.076095184671097e-06,-243197.8044349742,1288.9519566665265
0.0038001738,,fixed_static_lattice_reference,KM,0.003,0.003,0.3343333333333333,0.3313333333333333,1380.0707317867982,-6.058204064337621e-06,-242982.35458208242,1289.0356357186042
0.0038001738,,fixed_static_lattice_reference,KM,0.004,0.004,0.33466666666666667,0.33066666666666666,1380.070869332077,-6.035315271214615e-06,-242706.72136184218,1289.142693039507
0.0038001738,,fixed_static_lattice_reference,KM,0.005,0.005,0.33499999999999996,0.33,1380.0710445661437,-6.006201907283984e-06,-242356.1301266861,1289.2788518870543
0.0038001738,,fixed_static_lattice_reference,KM,0.006,0.006,0.3353333333333333,0.3293333333333333,1380.071256827983,-5.971315162842358e-06,-241936.0142358015,1289.4419954720597
0.0038001738,,fixed_static_lattice_reference,KM,0.007,0.007,0.3356666666666666,0.32866666666666666,1380.0715054886093,-5.931810336695632e-06,-241460.2861191054,1289.626718916172
0.0038001738,,fixed_static_lattice_reference,KM,0.008,0.008,0.336,0.328,1380.0717899510503,-5.887348162442202e-06,-240924.86023611994,1289.834596055857
0.0038001738,,fixed_static_lattice_reference,KM,0.009000000000000001,0.009000000000000001,0.3363333333333333,0.3273333333333333,1380.0721096503316,-5.836380347341745e-06,-240311.0916145394,1290.072841439652
0.0038001738,,fixed_static_lattice_reference,KM,0.01,0.01,0.33666666666666667,0.32666666666666666,1380.0724640534493,-5.780698973708606e-06,-239640.56100860378,1290.3330752290105
0.0038001738,,fixed_static_lattice_reference,KM,0.011,0.011,0.33699999999999997,0.326,1380.072852659341,-5.721651704539268e-06,-238929.4973513776,1290.608996286603
0.0038001738,,fixed_static_lattice_reference,KM,0.012,0.012,0.3373333333333333,0.3253333333333333,1380.0732749988506,-5.658527757404467e-06,-238169.3412029281,1290.9039093453566
0.0038001738,,fixed_static_lattice_reference,KM,0.013000000000000001,0.013000000000000001,0.3376666666666666,0.32466666666666666,1380.07373063469,-5.589676318380355e-06,-237340.21300231022,1291.2254988907403
0.0038001738,,fixed_static_lattice_reference,KM,0.014,0.014,0.338,0.324,1380.0742191613926,-5.517202014124925e-06,-236467.45724977914,1291.5639330455726
0.0038001738,,fixed_static_lattice_reference,KM,0.015,0.015,0.3383333333333333,0.3233333333333333,1380.0747402052639,-5.4424892907237675e-06,-235567.74583060067,1291.9127457851114
0.0038001738,,fixed_static_lattice_reference,KM,0.016,0.016,0.33866666666666667,0.32266666666666666,1380.075293424327,-5.364802978585059e-06,-234632.22562783994,1292.275353743312
0.0038001738,,fixed_static_lattice_reference,KM,0.017,0.017,0.33899999999999997,0.322,1380.0758785082626,-5.282665846256607e-06,-233643.10740901012,1292.6586258681534
0.0038001738,,fixed_static_lattice_reference,KM,0.018000000000000002,0.018000000000000002,0.3393333333333333,0.3213333333333333,1380.076495178344,-5.19808276715594e-06,-232624.53441806804,1293.0532077705363
0.0038001738,,fixed_static_lattice_reference,KM,0.019,0.019,0.3396666666666666,0.32066666666666666,1380.0771431873666,-5.112427693045566e-06,-231593.05216471886,1293.4526929824237
0.0038001738,,fixed_static_lattice_reference,KM,0.02,0.02,0.34,0.32,1380.077822319574,-5.024789945914736e-06,-230537.69401077612,1293.8613146885416
0.0038001738,,fixed_static_lattice_reference,KM,0.021,0.021,0.3403333333333333,0.3193333333333333,1380.0785323905777,-4.934158159239066e-06,-229446.2807989351,1294.2837690268682
0.0038001738,,fixed_static_lattice_reference,KM,0.022,0.022,0.3406666666666667,0.31866666666666665,1380.0792732472742,-4.842050042084602e-06,-228337.08920437982,1294.7129841174624
0.0038001738,,fixed_static_lattice_reference,KM,0.023,0.023,0.34099999999999997,0.318,1380.0800447677518,-4.749652704098379e-06,-227224.41473203409,1295.1434342319485
0.0038001738,,fixed_static_lattice_reference,KM,0.024,0.024,0.3413333333333333,0.3173333333333333,1380.0808468612024,-4.656092516063843e-06,-226097.7368956075,1295.579178196966
0.0038001738,,fixed_static_lattice_reference,KM,0.025,0.025,0.3416666666666666,0.31666666666666665,1380.0816794678167,-4.560955153441644e-06,-224952.06628362727,1296.0221355050546
0.0038001738,,fixed_static_lattice_reference,KM,0.026000000000000002,0.026000000000000002,0.342,0.316,1380.0825425586831,-4.465611917173687e-06,-223803.91648387868,1296.4659300542228
0.0038001738,,fixed_static_lattice_reference,KM,0.027,0.027,0.3423333333333333,0.3153333333333333,1380.08343613568,-4.370046748630399e-06,-222653.09411387285,1296.9106355420918
0.0038001738,,fixed_static_lattice_reference,KM,0.028,0.028,0.3426666666666667,0.31466666666666665,1380.0843602313616,-4.2741580507920696e-06,-221498.37571400846,1297.3567225868135
0.0038001738,,fixed_static_lattice_reference,KM,0.029,0.029,0.34299999999999997,0.314,1380.0853149088398,-4.178029052936802e-06,-220340.76355442783,1297.8038036901432
0.0038001738,,fixed_static_lattice_reference,KM,0.03,0.03,0.3433333333333333,0.3133333333333333,1380.0863002616625,-4.082103321974457e-06,-219185.59919137202,1298.2498207119274
0.0038001738,,fixed_static_lattice_reference,KM,0.031,0.031,0.3436666666666666,0.31266666666666665,1380.0873164136876,-3.9863479086290355e-06,-218032.48584048467,1298.69492764292
0.0038001738,,fixed_static_lattice_reference,KM,0.032,0.032,0.34400000000000003,0.312,1380.0883635189489,-3.8909308582820436e-06,-216883.4471510426,1299.1383467396256
0.0038001738,,fixed_static_lattice_reference,KM,0.033,0.033,0.3443333333333333,0.3113333333333333,1380.0894417615211,-3.7960980015410662e-06,-215741.44348367464,1299.5789409566287
0.0038001738,,fixed_static_lattice_reference,KM,0.034,0.034,0.3446666666666667,0.31066666666666665,1380.0905513553828,-3.7021296997503623e-06,-214609.85102775577,1300.0154148750116
0.0038001738,,fixed_static_lattice_reference,KM,0.035,0.035,0.345,0.31,1380.0916925442664,-3.6083538536049813e-06,-213480.57617630772,1300.4508847524348
0.0038001738,,fixed_static_lattice_reference,KM,0.036000000000000004,0.036000000000000004,0.3453333333333333,0.3093333333333333,1380.0928656015092,-3.5149616475566105e-06,-212355.92122573362,1300.8844669909975
0.0038001738,,fixed_static_lattice_reference,KM,0.037,0.037,0.3456666666666666,0.3086666666666667,1380.0940708299047,-3.4233663549689085e-06,-211252.90520740882,1301.3096246214616
0.0038001738,,fixed_static_lattice_reference,KM,0.038,0.038,0.34600000000000003,0.308,1380.0953085615408,-3.3328960518090554e-06,-210163.43662503085,1301.7294742336226
0.0038001738,,fixed_static_lattice_reference,KM,0.039,0.039,0.3463333333333333,0.30733333333333335,1380.0965791576352,-3.2423030643246596e-06,-209072.49064385492,1302.1497905996653
0.0038001738,,fixed_static_lattice_reference,KM,0.04,0.04,0.3466666666666667,0.3066666666666667,1380.0978830083745,-3.152846671459412e-06,-207995.23185157095,1302.5647526448065
0.0038001738,,fixed_static_lattice_reference,KM,0.041,0.041,0.347,0.306,1380.0992205327402,-3.065931870492123e-06,-206948.5796166361,1302.96787331785
0.0038001738,,fixed_static_lattice_reference,KM,0.042,0.042,0.3473333333333333,0.30533333333333335,1380.1005921783321,-2.9791728905406975e-06,-205903.80382176308,1303.3701855993254
0.0038001738,,fixed_static_lattice_reference,KM,0.043000000000000003,0.043000000000000003,0.3476666666666666,0.3046666666666667,1380.1019984211946,-2.8914976251505236e-06,-204847.99386249424,1303.7766419842321
0.0038001738,,fixed_static_lattice_reference,KM,0.044,0.044,0.34800000000000003,0.304,1380.1034397656279,-2.804738811138826e-06,-203803.22006591363,1304.1787777705188
0.0038001738,,fixed_static_lattice_reference,KM,0.045,0.045,0.34833333333333333,0.30333333333333334,1380.1049167440046,-2.7207339805219333e-06,-202791.6105042282,1304.568116549208
0.0038001738,,fixed_static_lattice_reference,KM,0.046,0.046,0.3486666666666667,0.3026666666666667,1380.1064299165778,-2.6377399353539817e-06,-201792.17310237515,1304.9527136240251
0.0038001738,,fixed_static_lattice_reference,KM,0.047,0.047,0.349,0.302,1380.1079798712844,-2.5544714425902933e-06,-200789.43072615349,1305.3385022201114
0.0038001738,,fixed_static_lattice_reference,KM,0.048,0.048,0.34933333333333333,0.30133333333333334,1380.1095672235483,-2.472206272523017e-06,-199798.77064122024,1305.719589690202
0.0038001738,,fixed_static_lattice_reference,KM,0.049,0.049,0.3496666666666666,0.3006666666666667,1380.1111926160768,-2.392771132980241e-06,-198842.19057189347,1306.087559626948
0.0038001738,,fixed_static_lattice_reference,KM,0.05,0.05,0.35000000000000003,0.3,1380.1128567186531,-2.314197375987195e-06,-197895.98351108516,1306.4514969064242
0.0038001738,,fixed_static_lattice_reference,KM,0.051000000000000004,0.051000000000000004,0.35033333333333333,0.29933333333333334,1380.1145602279282,-2.235466160326704e-06,-196947.88028915858,1306.8160999406034
0.0038001738,,fixed_static_lattice_reference,KM,0.052000000000000005,0.052000000000000005,0.3506666666666667,0.2986666666666667,1380.1163038672044,-2.1575237393094524e-06,-196009.27595196816,1307.1770102966566
0.0038001738,,fixed_static_lattice_reference,KM,0.053,0.053,0.351,0.298,1380.118088386219,-2.08257264425364e-06,-195106.69399494905,1307.5240892220236
0.0038001738,,fixed_static_lattice_reference,KM,0.054,0.054,0.35133333333333333,0.29733333333333334,1380.1199145609216,-2.0083498999674363e-06,-194212.883040709,1307.8677668353696
0.0038001738,,fixed_static_lattice_reference,KM,0.055,0.055,0.3516666666666666,0.2966666666666667,1380.1217831932518,-1.9334392229169913e-06,-193310.78780856507,1308.2145652131976
0.0038001738,,fixed_static_lattice_reference,KM,0.056,0.056,0.35200000000000004,0.296,1380.1236951109076,-1.8595082891411776e-06,-192420.49091774668,1308.5568091943271
0.0038001738,,fixed_static_lattice_reference,KM,0.057,0.057,0.35233333333333333,0.29533333333333334,1380.1256511671156,-1.7889376473857297e-06,-191570.6595991209,1308.8835522728268
0.0038001738,,fixed_static_lattice_reference,KM,0.058,0.058,0.3526666666666667,0.2946666666666667,1380.1276522403941,-1.7193501915962289e-06,-190732.66807966813,1309.2057395225986
0.0038001738,,fixed_static_lattice_reference,KM,0.059000000000000004,0.059000000000000004,0.353,0.294,1380.1296992343161,-1.6493133221708002e-06,-189889.26459607098,1309.5299622813268
0.0038001738,,fixed_static_lattice_reference,KM,0.06,0.06,0.35333333333333333,0.29333333333333333,1380.1317930772655,-1.5805033544787903e-06,-189060.6358047821,1309.8485143167838
0.0038001738,,fixed_static_lattice_reference,KM,0.061,0.061,0.35366666666666663,0.2926666666666667,1380.1339347221929,-1.5166756205099427e-06,-188292.00445930543,1310.1441421891168
0.0038001738,,fixed_static_lattice_reference,KM,0.062,0.062,0.35400000000000004,0.292,1380.1361251463657,-1.4554713329422082e-06,-187554.9653858975,1310.4277006184382
0.0038001738,,fixed_static_lattice_reference,KM,0.063,0.063,0.35433333333333333,0.29133333333333333,1380.138365351118,-1.3877436986682133e-06,-186739.37035500736,1310.741216701088
0.0038001738,,fixed_static_lattice_reference,KM,0.064,0.064,0.3546666666666667,0.2906666666666667,1380.1406563615933,-1.317467052967621e-06,-185893.07941873823,1311.0664178154634
0.0038001738,,fixed_static_lattice_reference,KM,0.065,0.065,0.355,0.29,1380.1429992264907,-1.2529330159446466e-06,-185115.94257521158,1311.3652259148407
0.0038001738,,fixed_static_lattice_reference,KM,0.066,0.066,0.35533333333333333,0.28933333333333333,1380.1453950177963,-1.1903709534678399e-06,-184362.5527982721,1311.6549693385668
0.0038001738,,fixed_static_lattice_reference,KM,0.067,0.067,0.35566666666666663,0.2886666666666667,1380.1478448305281,-1.1275261167779514e-06,-183605.7577755194,1311.946003391463
0.0038001738,,fixed_static_lattice_reference,KM,0.068,0.068,0.35600000000000004,0.288,1380.1503497824622,-1.0658494454269172e-06,-182863.03012505628,1312.2316708110639
0.0038001738,,fixed_static_lattice_reference,KM,0.069,0.069,0.35633333333333334,0.28733333333333333,1380.1529110138654,-1.0084799747294433e-06,-182172.17098421627,1312.4975759199826
0.0038001738,,fixed_static_lattice_reference,KM,0.07,0.07,0.3566666666666667,0.2866666666666667,1380.1555296872218,-9.523732866760641e-07,-181496.51862360205,1312.7576956554524
0.0038001738,,fixed_static_lattice_reference,KM,0.07100000000000001,0.07100000000000001,0.357,0.286,1380.1582069869587,-8.95580441088794e-07,-180812.60336290213,1313.0209720147484
0.0038001738,,fixed_static_lattice_reference,KM,0.07200000000000001,0.07200000000000001,0.35733333333333334,0.2853333333333333,1380.1609441191667,-8.397786602429753e-07,-180140.62277978368,1313.2797146427436
0.0038001738,,fixed_static_lattice_reference,KM,0.073,0.073,0.35766666666666663,0.2846666666666667,1380.163742311318,-7.878368882795938e-07,-179515.1254984586,1313.5207764220265
0.0038001738,,fixed_static_lattice_reference,KM,0.074,0.074,0.35800000000000004,0.284,1380.166602811984,-7.367835334496373e-07,-178900.3267836366,1313.7577876967794
0.0038001738,,fixed_static_lattice_reference,KM,0.075,0.075,0.35833333333333334,0.2833333333333333,1380.1695268905494,-6.850619365413127e-07,-178277.48091163294,1313.9978850993825
0.0038001738,,fixed_static_lattice_reference,KM,0.076,0.076,0.3586666666666667,0.2826666666666667,1380.1725158369209,-6.34336398751975e-07,-177666.62986089571,1314.2334433466224
0.0038001738,,fixed_static_lattice_reference,KM,0.077,0.077,0.359,0.282,1380.1755709612394,-5.877446365676301e-07,-177105.55888705605,1314.4500933056102
0.0038001738,,fixed_static_lattice_reference,KM,0.078,0.078,0.35933333333333334,0.2813333333333333,1380.1786935935822,-5.420502941615148e-07,-176555.29489207504,1314.662668275635
0.0038001738,,fixed_static_lattice_reference,KM,0.079,0.079,0.35966666666666663,0.2806666666666667,1380.1818850836696,-4.957703212019587e-07,-175997.9785708989,1314.8779629084263
0.0038001738,,fixed_static_lattice_reference,KM,0.08,0.08,0.36000000000000004,0.27999999999999997,1380.1851468005646,-4.507666408228285e-07,-175456.03172036377,1315.0874525021263
0.0038001738,,fixed_static_lattice_reference,KM,0.081,0.081,0.36033333333333334,0.2793333333333333,1380.1884801323736,-4.1067826515598427e-07,-174973.2763378553,1315.2744825139184
0.0038001738,,fixed_static_lattice_reference,KM,0.082,0.082,0.3606666666666667,0.2786666666666667,1380.1918864859401,-3.7474942993276135e-07,-174540.61129960543,1315.4425233441457
0.0038001738,,fixed_static_lattice_reference,KM,0.083,0.083,0.361,0.27799999999999997,1380.1953672865416,-3.454440864446805e-07,-174187.70819316123,1315.5803068175162
0.0038001738,,fixed_static_lattice_reference,KM,0.084,0.084,0.36133333333333334,0.2773333333333333,1380.1989239775844,-2.960083217211639e-07,-173592.38894882382,1315.8102753816972
0.0038001738,,fixed_static_lattice_reference,KM,0.085,0.085,0.36166666666666664,0.27666666666666667,1380.202558020286,-2.4802125733763064e-07,-173014.51535737544,1316.033656791636
0.0038001738,,fixed_static_lattice_reference,KM,0.08600000000000001,0.08600000000000001,0.36200000000000004,0.27599999999999997,1380.206270893372,-2.066084504456946e-07,-172515.8108052626,1316.2270090710515
0.0038001738,,fixed_static_lattice_reference,KM,0.08700000000000001,0.08700000000000001,0.36233333333333334,0.2753333333333333,1380.210064092757,-1.6597737296821377e-07,-172026.52005643348,1316.4168416449627
0.0038001738,,fixed_static_lattice_reference,KM,0.088,0.088,0.3626666666666667,0.27466666666666667,1380.213939131228,-1.2681239951883031e-07,-171554.88454055178,1316.6000278108722
0.0038001738,,fixed_static_lattice_reference,KM,0.089,0.089,0.363,0.274,1380.2178975381312,-9.171722993368652e-08,-171132.25873605235,1316.7646661224346
0.0038001738,,fixed_static_lattice_reference,KM,0.09,0.09,0.36333333333333334,0.2733333333333334,1380.2219408590477,-5.723260003969053e-08,-170716.98522052032,1316.9265814039127
0.0038001738,,fixed_static_lattice_reference,KM,0.091,0.091,0.36366666666666664,0.27266666666666667,1380.2260706554746,-2.1854291453308318e-08,-170290.94977732707,1317.0926529062883
0.0038001738,,fixed_static_lattice_reference,KM,0.092,0.092,0.36400000000000005,0.272,1380.230288504499,1.2786317629481036e-08,-169873.7979169707,1317.2554237459954
0.0038001738,,fixed_static_lattice_reference,KM,0.093,0.093,0.36433333333333334,0.27133333333333337,1380.2345959984746,4.3809478137590476e-08,-169500.20837964007,1317.4017350874533
0.0038001738,,fixed_static_lattice_reference,KM,0.094,0.094,0.3646666666666667,0.27066666666666667,1380.238994744696,7.430020732312542e-08,-169133.03052855295,1317.545692598665
0.0038001738,,fixed_static_lattice_reference,KM,0.095,0.095,0.365,0.27,1380.243486365065,1.0598323577968989e-07,-168751.49467764478,1317.6951798407495
0.0038001738,,fixed_static_lattice_reference,KM,0.096,0.096,0.36533333333333334,0.26933333333333337,1380.248072495768,1.3708051061203308e-07,-168377.01263498433,1317.8420728574795
0.0038001738,,fixed_static_lattice_reference,KM,0.097,0.097,0.36566666666666664,0.26866666666666666,1380.2527547869347,1.6472614960019103e-07,-168044.09615227793,1317.9732815746472
0.0038001738,,fixed_static_lattice_reference,KM,0.098,0.098,0.36600000000000005,0.268,1380.2575349023134,1.9189370650587664e-07,-167716.93686713203,1318.1023957900536
0.0038001738,,fixed_static_lattice_reference,KM,0.099,0.099,0.36633333333333334,0.26733333333333337,1380.2624145189297,2.200123837978846e-07,-167378.32392545172,1318.235945879255
0.0038001738,,fixed_static_lattice_reference,KM,0.1,0.1,0.3666666666666667,0.26666666666666666,1380.2673953267538,2.471908976834267e-07,-167051.0326933034,1318.365294563232
0.0038001738,,fixed_static_lattice_reference,KM,0.101,0.101,0.367,0.266,1380.2724790283619,2.7037027427944214e-07,-166771.9001859673,1318.4764753976965
0.0038001738,,fixed_static_lattice_reference,KM,0.10200000000000001,0.10200000000000001,0.36733333333333335,0.26533333333333337,1380.2776673385933,2.9158397610144563e-07,-166516.4388816079,1318.578780381385
0.0038001738,,fixed_static_lattice_reference,KM,0.10300000000000001,0.10300000000000001,0.36766666666666664,0.26466666666666666,1380.282961984215,3.083439704152452e-07,-166314.61036321046,1318.6608528278632
0.0038001738,,fixed_static_lattice_reference,KM,0.10400000000000001,0.10400000000000001,0.36800000000000005,0.264,1380.2883647035771,3.100974794437442e-07,-166293.49411921945,1318.6745146611638
0.0038001738,,fixed_static_lattice_reference,KM,0.105,0.105,0.36833333333333335,0.26333333333333336,1380.2938772462678,3.522436892165216e-07,-165785.95772539725,1318.872711764914
0.0038001738,,fixed_static_lattice_reference,KM,0.106,0.106,0.3686666666666667,0.26266666666666666,1380.2995013727716,3.852945979176372e-07,-165387.94947969387,1319.0294780671993
0.0038001738,,fixed_static_lattice_reference,KM,0.107,0.107,0.369,0.262,1380.305238854123,4.119323679263146e-07,-165067.17003588247,1319.1570726688522
0.0038001738,,fixed_static_lattice_reference,KM,0.108,0.108,0.36933333333333335,0.26133333333333336,1380.3110914715583,4.361846556174802e-07,-164775.11723438327,1319.2738881691782
0.0038001738,,fixed_static_lattice_reference,KM,0.109,0.109,0.36966666666666664,0.26066666666666666,1380.3170610161685,4.564430857673955e-07,-164531.15957749743,1319.3725892843217
0.0038001738,,fixed_static_lattice_reference,KM,0.11,0.11,0.37000000000000005,0.26,1380.3231492885498,4.7615454209343583e-07,-164293.78873170516,1319.4689112404865
0.0038001738,,fixed_static_lattice_reference,KM,0.111,0.111,0.37033333333333335,0.25933333333333336,1380.3293580984523,4.969152671029203e-07,-164043.78230025485,1319.5701400563105
0.0038001738,,fixed_static_lattice_reference,KM,0.112,0.112,0.3706666666666667,0.25866666666666666,1380.335689264431,5.172256762713428e-07,-163799.1986975544,1319.6694345022763
0.0038001738,,fixed_static_lattice_reference,KM,0.113,0.113,0.371,0.258,1380.3421446134912,5.344806370397347e-07,-163591.4096552859,1319.7549115426266
0.0038001738,,fixed_static_lattice_reference,KM,0.114,0.114,0.37133333333333335,0.25733333333333336,1380.3487259807362,5.515040632051837e-07,-163386.40881717755,1319.839458608305
0.0038001738,,fixed_static_lattice_reference,KM,0.115,0.115,0.37166666666666665,0.25666666666666665,1380.3554352090123,5.695342106247133e-07,-163169.28476140302,1319.9287263900496
0.0038001738,,fixed_static_lattice_reference,KM,0.116,0.116,0.37200000000000005,0.256,1380.3622741485556,5.871472973101996e-07,-162957.18306711962,1320.0162214251204
0.0038001738,,fixed_static_lattice_reference,KM,0.117,0.117,0.37233333333333335,0.25533333333333336,1380.3692446566326,6.019336543692443e-07,-162779.12163810915,1320.0909551829425
0.0038001738,,fixed_static_lattice_reference,KM,0.11800000000000001,0.11800000000000001,0.3726666666666667,0.25466666666666665,1380.3763485971872,6.166530254842992e-07,-162601.86687248867,1320.165518749075
0.0038001738,,fixed_static_lattice_reference,KM,0.11900000000000001,0.11900000000000001,0.373,0.254,1380.3835878404786,6.328323474190427e-07,-162407.03097256983,1320.2468779007897
0.0038001738,,fixed_static_lattice_reference,KM,0.12,0.12,0.37333333333333335,0.25333333333333335,1380.3909642627264,6.513898693792528e-07,-162183.55612572737,1320.3392208415428
0.0038001738,,fixed_static_lattice_reference,KM,0.121,0.121,0.37366666666666665,0.25266666666666665,1380.3984797457497,6.675859147985172e-07,-161988.5188369512,1320.4209344172887
0.0038001738,,fixed_static_lattice_reference,KM,0.122,0.122,0.37399999999999994,0.252,1380.406136176608,6.782457940177537e-07,-161860.14960311787,1320.4775466439837
0.0038001738,,fixed_static_lattice_reference,KM,0.123,0.123,0.37433333333333335,0.25133333333333335,1380.4139354472381,6.824247955573835e-07,-161809.82490292212,1320.5047551122295
0.0038001738,,fixed_static_lattice_reference,KM,0.124,0.124,0.3746666666666667,0.25066666666666665,1380.4218794540952,6.610679816567128e-07,-162067.00960278284,1320.4156753359125
0.0038001738,,fixed_static_lattice_reference,KM,0.125,0.125,0.375,0.25,1380.4299700977895,5.369555018315272e-07,-163561.60664432964,1319.8580589214337
0.0038001738,,fixed_static_lattice_reference,KM,0.126,0.126,0.3753333333333333,0.24933333333333332,1380.4382092827234,6.859552051291701e-07,-161767.31072780554,1320.5462274831148
0.0038001738,,fixed_static_lattice_reference,KM,0.127,0.127,0.37566666666666665,0.24866666666666667,1380.4465989167293,7.307191991678082e-07,-161228.250246924,1320.7590856071524
0.0038001738,,fixed_static_lattice_reference,KM,0.128,0.128,0.37600000000000006,0.248,1380.4551409107037,7.504145433896238e-07,-160991.07342757727,1320.8577980385373
0.0038001738,,fixed_static_lattice_reference,KM,0.129,0.129,0.37633333333333335,0.24733333333333332,1380.4638371782446,7.643025788907079e-07,-160823.82983690812,1320.9301934318767
0.0038001738,,fixed_static_lattice_reference,KM,0.13,0.13,0.37666666666666665,0.24666666666666667,1380.4726896352838,7.760166311596637e-07,-160682.7659576724,1320.9928390688583
0.0038001738,,fixed_static_lattice_reference,KM,0.131,0.131,0.377,0.246,1380.4817001997244,7.86480932642388e-07,-160556.75192540133,1321.0499508576202
0.0038001738,,fixed_static_lattice_reference,KM,0.132,0.132,0.37733333333333335,0.24533333333333332,1380.4908707910718,7.961428371246142e-07,-160440.4005812401,1321.1035704123472
0.0038001738,,fixed_static_lattice_reference,KM,0.133,0.133,0.37766666666666665,0.24466666666666667,1380.5002033300698,8.051974591186205e-07,-160331.36230190165,1321.1545893999166
0.0038001738,,fixed_static_lattice_reference,KM,0.134,0.134,0.37799999999999995,0.244,1380.5096997383298,8.136868047203377e-07,-160229.13123828205,1321.2032015679238
0.0038001738,,fixed_static_lattice_reference,KM,0.135,0.135,0.37833333333333335,0.24333333333333332,1380.5193619379675,8.21786425015043e-07,-160131.59335532968,1321.2502092072807
0.0038001738,,fixed_static_lattice_reference,KM,0.136,0.136,0.3786666666666667,0.24266666666666667,1380.5291918512316,8.29483931120579e-07,-160038.89784341317,1321.2955580452094
0.0038001738,,fixed_static_lattice_reference,KM,0.137,0.137,0.379,0.242,1380.5391914001364,8.36749264326759e-07,-159951.40667789054,1321.3391132914562
0.0038001738,,fixed_static_lattice_reference,KM,0.138,0.138,0.3793333333333333,0.24133333333333332,1380.5493625060933,8.435493852177664e-07,-159869.517728607,1321.3807265838918
0.0038001738,,fixed_static_lattice_reference,KM,0.139,0.139,0.37966666666666665,0.24066666666666667,1380.5597070895399,8.498930404841892e-07,-159793.1256654789,1321.4204399711991
0.0038001738,,fixed_static_lattice_reference,KM,0.14,0.14,0.38000000000000006,0.24,1380.5702270695742,8.556440898435568e-07,-159723.86992769648,1321.4576353191346
0.0038001738,,fixed_static_lattice_reference,KM,0.14100000000000001,0.14100000000000001,0.38033333333333336,0.23933333333333331,1380.5809243635797,8.607392986936898e-07,-159662.512003947,1321.492026730638
0.0038001738,,fixed_static_lattice_reference,KM,0.14200000000000002,0.14200000000000002,0.38066666666666665,0.23866666666666667,1380.5918008868584,8.648177516377656e-07,-159613.398137937,1321.521972022441
0.0038001738,,fixed_static_lattice_reference,KM,0.14300000000000002,0.14300000000000002,0.381,0.238,1380.6028585522586,8.668620529546654e-07,-159588.78009223705,1321.5428381064423
0.0038001738,,fixed_static_lattice_reference,KM,0.14400000000000002,0.14400000000000002,0.38133333333333336,0.2373333333333333,1380.6140992698042,8.633555790105832e-07,-159631.00602785987,1321.538605215418
0.0038001738,,fixed_static_lattice_reference,KM,0.145,0.145,0.38166666666666665,0.23666666666666666,1380.6255249463231,8.325582891579264e-07,-160001.87556786323,1321.4102181251085
0.0038001738,,fixed_static_lattice_reference,KM,0.146,0.146,0.38199999999999995,0.236,1380.6371374850771,7.484581280768632e-07,-161014.63312554325,1321.0390880959749
0.0038001738,,fixed_static_lattice_reference,KM,0.147,0.147,0.38233333333333336,0.2353333333333333,1380.6489387853878,8.613042747598399e-07,-159655.70840483916,1321.5656562442816
0.0038001738,,fixed_static_lattice_reference,KM,0.148,0.148,0.38266666666666665,0.23466666666666666,1380.6609307422652,8.856153746452001e-07,-159362.94737052103,1321.6889415848107
0.0038001738,,fixed_static_lattice_reference,KM,0.149,0.149,0.383,0.23399999999999999,1380.6731152460345,8.951619200515172e-07,-159247.98521247398,1321.7451592310508
0.0038001738,,fixed_static_lattice_reference,KM,0.15,0.15,0.3833333333333333,0.2333333333333333,1380.6854941819654,9.00942165107175e-07,-159178.37789198718,1321.7844211339877
0.005,,fixed_static_lattice_reference,K,0.0,0.0,0.3333333333333333,0.3333333333333333,1380.070552374435,-5.6625105148708e-06,-238217.30267734843,1290.8824217773397
0.005,,fixed_static_lattice_reference,KG,0.001,-0.001,0.333,0.333,1380.0705728352552,-5.656867241135652e-06,-238149.3448036433,1290.9087656384497
0.005,,fixed_static_lattice_reference,KG,0.002,-0.002,0.33266666666666667,0.33266666666666667,1380.0706347705172,-5.647501185006443e-06,-238036.55614772893,1290.952516868134
0.005,,fixed_static_lattice_reference,KG,0.003,-0.003,0.3323333333333333,0.3323333333333333,1380.0707390334194,-5.634021710595806e-06,-237874.23256347602,1291.0154964882383
0.005,,fixed_static_lattice_reference,KG,0.004,-0.004,0.332,0.332,1380.070886509147,-5.616433431136455e-06,-237662.4296047174,1291.0976811168957
0.005,,fixed_static_lattice_reference,KG,0.005,-0.005,0.33166666666666667,0.33166666666666667,1380.07107811484,-5.596181965820292e-06,-237418.55582029896,1291.1923268160936
0.005,,fixed_static_lattice_reference,KG,0.006,-0.006,0.3313333333333333,0.3313333333333333,1380.071314799563,-5.572022134800909e-06,-237127.6164077862,1291.305237937494
0.005,,fixed_static_lattice_reference,KG,0.007,-0.007,0.331,0.331,1380.071597544267,-5.542536519419534e-06,-236772.54241700572,1291.4430192352195
0.005,,fixed_static_lattice_reference,KG,0.008,-0.008,0.33066666666666666,0.33066666666666666,1380.0719273617449,-5.508889448381875e-06,-236367.3550184425,1291.6002360148123
0.005,,fixed_static_lattice_reference,KG,0.009000000000000001,-0.009000000000000001,0.3303333333333333,0.3303333333333333,1380.0723052965848,-5.473787116882869e-06,-235944.64296818204,1291.7642683084434
0.005,,fixed_static_lattice_reference,KG,0.01,-0.01,0.33,0.33,1380.072732425116,-5.435063274268989e-06,-235478.31967265572,1291.9452105684165
0.005,,fixed_static_lattice_reference,KG,0.011,-0.011,0.32966666666666666,0.32966666666666666,1380.0732098553492,-5.390877005978051e-06,-234946.21632609743,1292.1516351552357
0.005,,fixed_static_lattice_reference,KG,0.012,-0.012,0.3293333333333333,0.3293333333333333,1380.0737387269146,-5.343017653047401e-06,-234369.8806715263,1292.3751946134519
0.005,,fixed_static_lattice_reference,KG,0.013000000000000001,-0.013000000000000001,0.329,0.329,1380.0743202109907,-5.294870259583868e-06,-233790.07635265245,1292.600113319342
0.005,,fixed_static_lattice_reference,KG,0.014,-0.014,0.32866666666666666,0.32866666666666666,1380.0749555102302,-5.243552897564563e-06,-233172.09838974275,1292.839813912312
0.005,,fixed_static_lattice_reference,KG,0.015,-0.015,0.3283333333333333,0.3283333333333333,1380.075645858681,-5.1871035967882774e-06,-232492.32019131776,1293.10342513696
0.005,,fixed_static_lattice_reference,KG,0.016,-0.016,0.328,0.328,1380.0763925217,-5.1277445761494335e-06,-231777.50233608764,1293.38058855838
0.005,,fixed_static_lattice_reference,KG,0.017,-0.017,0.32766666666666666,0.32766666666666666,1380.0771967958651,-5.0690012161637216e-06,-231070.09843787507,1293.65488855338
0.005,,fixed_static_lattice_reference,KG,0.018000000000000002,-0.018000000000000002,0.3273333333333333,0.3273333333333333,1380.0780600088783,-5.007815094942232e-06,-230333.2781286671,1293.9405602998934
0.005,,fixed_static_lattice_reference,KG,0.019,-0.019,0.327,0.327,1380.0789835194637,-4.942643124532048e-06,-229548.4591136572,1294.2447765544425
0.005,,fixed_static_lattice_reference,KG,0.02,-0.02,0.32666666666666666,0.32666666666666666,1380.0799687172641,-4.876077333096472e-06,-228746.8553177459,1294.555469934332
0.005,,fixed_static_lattice_reference,KG,0.021,-0.021,0.3263333333333333,0.3263333333333333,1380.0810170227319,-4.810012073071812e-06,-227951.27906045935,1294.8638285495654
0.005,,fixed_static_lattice_reference,KG,0.022,-0.022,0.326,0.326,1380.0821298870073,-4.739330927751294e-06,-227100.11702713295,1295.1936412005448
0.005,,fixed_static_lattice_reference,KG,0.023,-0.023,0.32566666666666666,0.32566666666666666,1380.0833087918027,-4.665283253135904e-06,-226208.41431061755,1295.5390865948864
0.005,,fixed_static_lattice_reference,KG,0.024,-0.024,0.3253333333333333,0.3253333333333333,1380.0845552492738,-4.590519850196507e-06,-225308.09259432773,1295.8878373699083
0.005,,fixed_static_lattice_reference,KG,0.025,-0.025,0.325,0.325,1380.0858708018882,-4.5172135493484326e-06,-224425.3177071561,1296.229799487672
0.005,,fixed_static_lattice_reference,KG,0.026000000000000002,-0.026000000000000002,0.32466666666666666,0.32466666666666666,1380.0872570222903,-4.44273596680389e-06,-223528.43791964866,1296.5771859305794
0.005,,fixed_static_lattice_reference,KG,0.027,-0.027,0.3243333333333333,0.3243333333333333,1380.0887155131586,-4.365993162996306e-06,-222604.27970693406,1296.9350727695762
0.005,,fixed_static_lattice_reference,KG,0.028,-0.028,0.324,0.324,1380.0902479070614,-4.288524973255304e-06,-221671.38619482334,1297.2963062359158
0.005,,fixed_static_lattice_reference,KG,0.029,-0.029,0.32366666666666666,0.32366666666666666,1380.0918558663009,-4.212116419986129e-06,-220751.25312016532,1297.6526027825496
0.005,,fixed_static_lattice_reference,KG,0.03,-0.03,0.3233333333333333,0.3233333333333333,1380.0935410827624,-4.134937001077742e-06,-219821.83706683005,1298.0124595209124
0.005,,fixed_static_lattice_reference,KG,0.031,-0.031,0.323,0.323,1380.0953052777486,-4.056557712434195e-06,-218877.9718480367,1298.3778647996296
0.005,,fixed_static_lattice_reference,KG,0.032,-0.032,0.32266666666666666,0.32266666666666666,1380.0971502018156,-3.9780167589349955e-06,-217932.15981603545,1298.7440025575236
0.005,,fixed_static_lattice_reference,KG,0.033,-0.033,0.3223333333333333,0.3223333333333333,1380.0990776346,-3.900191020357165e-06,-216994.9606012711,1299.1068098838534
0.005,,fixed_static_lattice_reference,KG,0.034,-0.034,0.322,0.322,1380.1010893846453,-3.822122705940158e-06,-216054.84022070543,1299.4707294510251
0.005,,fixed_static_lattice_reference,KG,0.035,-0.035,0.32166666666666666,0.32166666666666666,1380.1031872892179,-3.743886738869776e-06,-215112.7009202044,1299.8354152144238
0.005,,fixed_static_lattice_reference,KG,0.036000000000000004,-0.036000000000000004,0.3213333333333333,0.3213333333333333,1380.1053732141243,-3.6660007682848965e-06,-214174.7763748394,1300.1984713110755
0.005,,fixed_static_lattice_reference,KG,0.037,-0.037,0.321,0.321,1380.1076490535195,-3.588522061047713e-06,-213241.75620811104,1300.559635990569
0.005,,fixed_static_lattice_reference,KG,0.038,-0.038,0.32066666666666666,0.32066666666666666,1380.1100167297118,-3.5113875252552122e-06,-212312.8806497551,1300.9192048808911
0.005,,fixed_static_lattice_reference,KG,0.039,-0.039,0.3203333333333333,0.3203333333333333,1380.1124781929639,-3.435446339628806e-06,-211398.37574639122,1301.273252133284
0.005,,fixed_static_lattice_reference,KG,0.04,-0.04,0.32,0.32,1380.1150354212862,-3.361398853762383e-06,-210506.67530284345,1301.6185446178363
0.005,,fixed_static_lattice_reference,KG,0.041,-0.041,0.31966666666666665,0.31966666666666665,1380.1176904202302,-3.2901763425024055e-06,-209648.9939901291,1301.9507845616674
0.005,,fixed_static_lattice_reference,KG,0.042,-0.042,0.3193333333333333,0.3193333333333333,1380.1204452226752,-3.216445887971127e-06,-208761.11132619745,1302.2946410069565
0.005,,fixed_static_lattice_reference,KG,0.043000000000000003,-0.043000000000000003,0.319,0.319,1380.123301888608,-3.1362935105919057e-06,-207795.8940791272,1302.6681980983442
0.005,,fixed_static_lattice_reference,KG,0.044,-0.044,0.31866666666666665,0.31866666666666665,1380.1262625049017,-3.05972996596453e-06,-206873.8945553759,1303.0251746993888
0.005,,fixed_static_lattice_reference,KG,0.045,-0.045,0.3183333333333333,0.3183333333333333,1380.1293291850895,-2.9843899835891834e-06,-205966.62950896815,1303.3765134326754
0.005,,fixed_static_lattice_reference,KG,0.046,-0.046,0.318,0.318,1380.132504069131,-2.9104551178653535e-06,-205076.28526853686,1303.7213826272825
0.005,,fixed_static_lattice_reference,KG,0.047,-0.047,0.31766666666666665,0.31766666666666665,1380.1357893231793,-2.83891720170809e-06,-204214.805762224,1304.0552101841745
0.005,,fixed_static_lattice_reference,KG,0.048,-0.048,0.3173333333333333,0.3173333333333333,1380.1391871393398,-2.7685838530069984e-06,-203367.83199263373,1304.3835110445868
0.005,,fixed_static_lattice_reference,KG,0.049,-0.049,0.317,0.317,1380.142699735425,-2.6972961651706263e-06,-202509.36580543785,1304.7162549104496
0.005,,fixed_static_lattice_reference,KG,0.05,-0.05,0.31666666666666665,0.31666666666666665,1380.146329354708,-2.626959311760948e-06,-201662.3498311709,1305.0446508070534
0.005,,fixed_static_lattice_reference,KG,0.051000000000000004,-0.051000000000000004,0.3163333333333333,0.3163333333333333,1380.150078265671,-2.5593059327827373e-06,-200847.6490032292,1305.360712421478
0.005,,fixed_static_lattice_reference,KG,0.052000000000000005,-0.052000000000000005,0.316,0.316,1380.153948761744,-2.492857648069712e-06,-200047.46025599094,1305.6712687451784
0.005,,fixed_static_lattice_reference,KG,0.053,-0.053,0.31566666666666665,0.31566666666666665,1380.1579431610503,-2.4249970466559823e-06,-199230.263997779,1305.9883935444304
0.005,,fixed_static_lattice_reference,KG,0.054,-0.054,0.3153333333333333,0.3153333333333333,1380.1620638061374,-2.358212092980908e-06,-198426.02098915327,1306.3006167725955
0.005,,fixed_static_lattice_reference,KG,0.055,-0.055,0.315,0.315,1380.1663130637128,-2.2944988075057933e-06,-197658.7678643067,1306.598746307211
0.005,,fixed_static_lattice_reference,KG,0.056,-0.056,0.31466666666666665,0.31466666666666665,1380.170693324366,-2.232092052816222e-06,-196907.248346987,1306.8909267281927
0.005,,fixed_static_lattice_reference,KG,0.057,-0.057,0.3143333333333333,0.3143333333333333,1380.1752070023006,-2.167982085262695e-06,-196135.21826609486,1307.1910280283248
0.005,,fixed_static_lattice_reference,KG,0.058,-0.058,0.314,0.314,1380.1798565350475,-2.1051571532884305e-06,-195378.66294147022,1307.485286128924
0.005,,fixed_static_lattice_reference,KG,0.059000000000000004,-0.059000000000000004,0.31366666666666665,0.31366666666666665,1380.184644383184,-2.0460145021926435e-06,-194666.45066852632,1307.7626703353362
0.005,,fixed_static_lattice_reference,KG,0.06,-0.06,0.3133333333333333,0.3133333333333333,1380.1895730300491,-1.989005924240823e-06,-193979.93749862115,1308.0303207503441
0.005,,fixed_static_lattice_reference,KG,0.061,-0.061,0.313,0.313,1380.194644981451,-1.9325223283851288e-06,-193299.74630930036,1308.2956514970815
0.005,,fixed_static_lattice_reference,KG,0.062,-0.062,0.31266666666666665,0.31266666666666665,1380.1998627653716,-1.884698879395929e-06,-192723.84301998973,1308.52123336137
0.005,,fixed_static_lattice_reference,KG,0.063,-0.063,0.31233333333333335,0.31233333333333335,1380.2052289316744,-1.828948255739559e-06,-192052.4784859915,1308.7834028151274
0.005,,fixed_static_lattice_reference,KG,0.064,-0.064,0.312,0.312,1380.2107460517989,-1.7625293140857552e-06,-191252.64309604306,1309.0947484505543
0.005,,fixed_static_lattice_reference,KG,0.065,-0.065,0.3116666666666667,0.3116666666666667,1380.216416718459,-1.7013074402594267e-06,-190515.3922440122,1309.3822836494812
0.005,,fixed_static_lattice_reference,KG,0.066,-0.066,0.3113333333333333,0.3113333333333333,1380.2222435453364,-1.6439351822182145e-06,-189824.49953720276,1309.6522217902427
0.005,,fixed_static_lattice_reference,KG,0.067,-0.067,0.311,0.311,1380.2282291667698,-1.5911151428585881e-06,-189188.4259153359,1309.9013469240733
0.005,,fixed_static_lattice_reference,KG,0.068,-0.068,0.31066666666666665,0.31066666666666665,1380.2343762374414,-1.5399125049729216e-06,-188571.82949238876,1310.1431615877596
0.005,,fixed_static_lattice_reference,KG,0.069,-0.069,0.31033333333333335,0.31033333333333335,1380.2406874320623,-1.4863237145989873e-06,-187926.49835674657,1310.3960687083068
0.005,,fixed_static_lattice_reference,KG,0.07,-0.07,0.31,0.31,1380.2471654450524,-1.4340259085343784e-06,-187296.71361363574,1310.6431719218874
0.005,,fixed_static_lattice_reference,KG,0.07100000000000001,-0.07100000000000001,0.3096666666666667,0.3096666666666667,1380.2538129902184,-1.3855503509956834e-06,-186712.9574515905,1310.8728507458097
0.005,,fixed_static_lattice_reference,KG,0.07200000000000001,-0.07200000000000001,0.3093333333333333,0.3093333333333333,1380.2606328004308,-1.3383426042391362e-06,-186144.46862000963,1311.0968483825427
0.005,,fixed_static_lattice_reference,KG,0.073,-0.073,0.309,0.309,1380.267627627295,-1.2884750369770649e-06,-185543.94948926623,1311.333204943204
0.005,,fixed_static_lattice_reference,KG,0.074,-0.074,0.3086666666666667,0.3086666666666667,1380.2748002408223,-1.2398223115349078e-06,-184958.05982199457,1311.5641289536122
0.005,,fixed_static_lattice_reference,KG,0.075,-0.075,0.30833333333333335,0.30833333333333335,1380.2821534290986,-1.1949997225014802e-06,-184418.2937238698,1311.7776219127234
0.005,,fixed_static_lattice_reference,KG,0.076,-0.076,0.308,0.308,1380.289689997948,-1.1514060265532452e-06,-183893.3262984659,1311.985633311648
0.005,,fixed_static_lattice_reference,KG,0.077,-0.077,0.3076666666666667,0.3076666666666667,1380.297412770596,-1.1050922932955786e-06,-183335.60342637927,1312.2062887651553
0.005,,fixed_static_lattice_reference,KG,0.078,-0.078,0.30733333333333335,0.30733333333333335,1380.3053245873323,-1.0600503912353292e-06,-182793.19629971715,1312.4212710804497
0.005,,fixed_static_lattice_reference,KG,0.079,-0.079,0.307,0.307,1380.313428305167,-1.0190069107338268e-06,-182298.93927883793,1312.618078909751
0.005,,fixed_static_lattice_reference,KG,0.08,-0.08,0.3066666666666667,0.3066666666666667,1380.321726797487,-9.7959547007123e-07,-181824.33573614518,1312.8075768112594
0.005,,fixed_static_lattice_reference,KG,0.081,-0.081,0.30633333333333335,0.30633333333333335,1380.3302229537114,-9.386529508004892e-07,-181331.29451851975,1313.0042764137986
0.005,,fixed_static_lattice_reference,KG,0.082,-0.082,0.306,0.306,1380.338919678945,-9.033998025490185e-07,-180906.76629093077,1313.1750709214314
0.005,,fixed_static_lattice_reference,KG,0.083,-0.083,0.3056666666666667,0.3056666666666667,1380.3478198936255,-8.863133181122982e-07,-180701.006087561,1313.262767993338
0.005,,fixed_static_lattice_reference,KG,0.084,-0.084,0.30533333333333335,0.30533333333333335,1380.3569265331753,-8.401626434099378e-07,-180145.2468120015,1313.483916085809
0.005,,fixed_static_lattice_reference,KG,0.085,-0.085,0.305,0.305,1380.3662425476473,-7.840991433220523e-07,-179470.11453289358,1313.7506799359674
0.005,,fixed_static_lattice_reference,KG,0.08600000000000001,-0.08600000000000001,0.3046666666666667,0.3046666666666667,1380.37577090137,-7.403056975727613e-07,-178942.74166476444,1313.9613872663028
0.005,,fixed_static_lattice_reference,KG,0.08700000000000001,-0.08700000000000001,0.30433333333333334,0.30433333333333334,1380.3855145725936,-7.031222256567596e-07,-178494.96794210275,1314.1420018018378
0.005,,fixed_static_lattice_reference,KG,0.088,-0.088,0.304,0.304,1380.3954765531284,-6.678812775143892e-07,-178070.58663162473,1314.3139218073868
0.005,,fixed_static_lattice_reference,KG,0.089,-0.089,0.3036666666666667,0.3036666666666667,1380.40565984799,-6.301371861556661e-07,-177616.06177352765,1314.4975176723754
0.005,,fixed_static_lattice_reference,KG,0.09,-0.09,0.30333333333333334,0.30333333333333334,1380.416067475038,-5.936030568169265e-07,-177176.10761499274,1314.675781981343
0.005,,fixed_static_lattice_reference,KG,0.091,-0.091,0.303,0.303,1380.4267024646117,-5.607321801708149e-07,-176780.26736542617,1314.8374855897193
0.005,,fixed_static_lattice_reference,KG,0.092,-0.092,0.3026666666666667,0.3026666666666667,1380.4375678591737,-5.288868727526893e-07,-176396.77730607582,1314.994715369942
0.005,,fixed_static_lattice_reference,KG,0.093,-0.093,0.30233333333333334,0.30233333333333334,1380.4486667129397,-4.942356417188783e-07,-175979.49753322755,1315.165017743517
0.005,,fixed_static_lattice_reference,KG,0.094,-0.094,0.302,0.302,1380.4600020915184,-4.60610701146581e-07,-175574.5766358905,1315.3308483946632
0.005,,fixed_static_lattice_reference,KG,0.095,-0.095,0.3016666666666667,0.3016666666666667,1380.4715770715454,-4.304741235172615e-07,-175211.66357645788,1315.480943049325
0.005,,fixed_static_lattice_reference,KG,0.096,-0.096,0.30133333333333334,0.30133333333333334,1380.4833947403167,-4.0129375205162493e-07,-174860.2654179068,1315.6268991381419
0.005,,fixed_static_lattice_reference,KG,0.097,-0.097,0.301,0.301,1380.4954581954232,-3.6937713781506474e-07,-174475.91666199328,1315.7856183422125
0.005,,fixed_static_lattice_reference,KG,0.098,-0.098,0.3006666666666667,0.3006666666666667,1380.5077705443803,-3.384869531102202e-07,-174103.92845631303,1315.9398831546607
0.005,,fixed_static_lattice_reference,KG,0.099,-0.099,0.30033333333333334,0.30033333333333334,1380.5203349042642,-3.1107967294657486e-07,-173773.88235694313,1316.078459943494
0.005,,fixed_static_lattice_reference,KG,0.1,-0.1,0.3,0.3,1380.533154401342,-2.848343565196503e-07,-173457.82894844312,1316.2119743616058
0.005,,fixed_static_lattice_reference,KG,0.101,-0.101,0.2996666666666667,0.2996666666666667,1380.5462321707025,-2.565417190476044e-07,-173117.12112983505,1316.3551109145617
0.005,,fixed_static_lattice_reference,KG,0.10200000000000001,-0.10200000000000001,0.29933333333333334,0.29933333333333334,1380.559571355888,-2.3104410474916554e-07,-172810.07175856613,1316.485722787675
0.005,,fixed_static_lattice_reference,KG,0.10300000000000001,-0.10300000000000001,0.299,0.299,1380.5731751085257,-2.1599559264753337e-07,-172628.853385535,1316.5688126504062
0.005,,fixed_static_lattice_reference,KG,0.10400000000000001,-0.10400000000000001,0.2986666666666667,0.2986666666666667,1380.5870465879595,-2.2353469138161186e-07,-172719.6413117754,1316.5488794172015
0.005,,fixed_static_lattice_reference,KG,0.105,-0.105,0.29833333333333334,0.29833333333333334,1380.6011889608792,-1.7211299097913463e-07,-172100.4068770022,1316.798859387109
0.005,,fixed_static_lattice_reference,KG,0.106,-0.106,0.298,0.298,1380.6156054009534,-1.2926601644289992e-07,-171584.43167876842,1317.0098777905475
0.005,,fixed_static_lattice_reference,KG,0.107,-0.107,0.2976666666666667,0.2976666666666667,1380.6302990884606,-1.0147731858046796e-07,-171249.79244126283,1317.1523185720887
0.005,,fixed_static_lattice_reference,KG,0.108,-0.108,0.29733333333333334,0.29733333333333334,1380.6452732099187,-7.73261571290531e-08,-170958.9574301016,1317.2784113492446
0.005,,fixed_static_lattice_reference,KG,0.109,-0.109,0.297,0.297,1380.660530957721,-5.159647167061141e-08,-170649.11339330304,1317.412004025754
0.005,,fixed_static_lattice_reference,KG,0.11,-0.11,0.2966666666666667,0.2966666666666667,1380.6760755297669,-2.7101040009726465e-08,-170354.1325844163,1317.540243391397
0.005,,fixed_static_lattice_reference,KG,0.111,-0.111,0.29633333333333334,0.29633333333333334,1380.691910129092,-5.756670487784103e-09,-170097.09774322942,1317.6543753779636
0.005,,fixed_static_lattice_reference,KG,0.112,-0.112,0.296,0.296,1380.7080379635065,1.470142114765162e-08,-169850.7357071386,1317.7647553299857
0.005,,fixed_static_lattice_reference,KG,0.113,-0.113,0.2956666666666667,0.2956666666666667,1380.7244622452274,3.743824046271543e-08,-169576.93259781113,1317.8858478808252
0.005,,fixed_static_lattice_reference,KG,0.114,-0.114,0.29533333333333334,0.29533333333333334,1380.7411861905125,5.92781634822132e-08,-169313.93016341832,1318.0031460809814
0.005,,fixed_static_lattice_reference,KG,0.115,-0.115,0.295,0.295,1380.7582130192989,7.822360871986364e-08,-169085.78383645054,1318.1075293707252
0.005,,fixed_static_lattice_reference,KG,0.116,-0.116,0.2946666666666667,0.2946666666666667,1380.7755459548378,9.636353407797098e-08,-168867.33780417164,1318.208545907175
0.005,,fixed_static_lattice_reference,KG,0.117,-0.117,0.29433333333333334,0.29433333333333334,1380.793188223333,1.1665084148024011e-07,-168623.03239937196,1318.3196866635135
0.005,,fixed_static_lattice_reference,KG,0.11800000000000001,-0.11800000000000001,0.294,0.294,1380.8111430535826,1.3604181057687242e-07,-168389.52095003688,1318.4270521461945
0.005,,fixed_static_lattice_reference,KG,0.11900000000000001,-0.11900000000000001,0.2936666666666667,0.2936666666666667,1380.829413676614,1.5261176957885003e-07,-168189.98088978033,1318.5218575301362
0.005,,fixed_static_lattice_reference,KG,0.12,-0.12,0.29333333333333333,0.29333333333333333,1380.8480033253297,1.6826837093758651e-07,-168001.43973659087,1318.6128198038114
0.005,,fixed_static_lattice_reference,KG,0.121,-0.121,0.293,0.293,1380.8669152341502,1.856326390328574e-07,-167792.33438505512,1318.711910617032
0.005,,fixed_static_lattice_reference,KG,0.122,-0.122,0.2926666666666667,0.2926666666666667,1380.8861526386556,2.0136436522458613e-07,-167602.88855770804,1318.8038815500508
0.005,,fixed_static_lattice_reference,KG,0.123,-0.123,0.29233333333333333,0.29233333333333333,1380.9057187752337,2.1198848824445403e-07,-167474.94990998387,1318.8728726591357
0.005,,fixed_static_lattice_reference,KG,0.124,-0.124,0.292,0.292,1380.925616880727,2.1118303041352238e-07,-167484.64945746612,1318.89002949448
0.005,,fixed_static_lattice_reference,KG,0.125,-0.125,0.2916666666666667,0.2916666666666667,1380.9458501920806,1.8861442536474065e-07,-167756.42688375924,1318.8081794859208
0.005,,fixed_static_lattice_reference,KG,0.126,-0.126,0.29133333333333333,0.29133333333333333,1380.9664219459962,2.4280550734692775e-07,-167103.84278486058,1319.077107586007
0.005,,fixed_static_lattice_reference,KG,0.127,-0.127,0.291,0.291,1380.987335378579,2.7048318794990827e-07,-166770.5404481064,1319.2253333028143
0.005,,fixed_static_lattice_reference,KG,0.128,-0.128,0.2906666666666667,0.2906666666666667,1381.0085937249994,2.8682188588305327e-07,-166573.78529803606,1319.3221557467548
0.005,,fixed_static_lattice_reference,KG,0.129,-0.129,0.29033333333333333,0.29033333333333333,1381.0302002191431,3.0248964198578406e-07,-166385.10981631334,1319.4162740018835
0.005,,fixed_static_lattice_reference,KG,0.13,-0.13,0.29,0.29,1381.052158093275,3.1665706885318885e-07,-166214.5017170136,1319.503907405006
0.005,,fixed_static_lattice_reference,KG,0.131,-0.131,0.2896666666666667,0.2896666666666667,1381.0744705776951,3.282549906138879e-07,-166074.83631369518,1319.5801820911702
0.005,,fixed_static_lattice_reference,KG,0.132,-0.132,0.28933333333333333,0.28933333333333333,1381.097140900404,3.391170807891136e-07,-165944.03199922355,1319.6534698942926
0.005,,fixed_static_lattice_reference,KG,0.133,-0.133,0.289,0.289,1381.1201722867677,3.5162385004966224e-07,-165793.42200124066,1319.7346355598122
0.005,,fixed_static_lattice_reference,KG,0.134,-0.134,0.2886666666666667,0.2886666666666667,1381.1435679591834,3.6345911173338495e-07,-165650.89848448118,1319.813114357689
0.005,,fixed_static_lattice_reference,KG,0.135,-0.135,0.28833333333333333,0.28833333333333333,1381.1673311367513,3.731955110596921e-07,-165533.65005266422,1319.8823987563255
0.005,,fixed_static_lattice_reference,KG,0.136,-0.136,0.288,0.288,1381.191465034945,3.823926743669715e-07,-165422.8952511403,1319.9496080662464
0.005,,fixed_static_lattice_reference,KG,0.137,-0.137,0.2876666666666667,0.2876666666666667,1381.2159728652875,3.9318857427195047e-07,-165292.88801833385,1320.024498136254
0.005,,fixed_static_lattice_reference,KG,0.138,-0.138,0.28733333333333333,0.28733333333333333,1381.240857835026,4.0338788653151166e-07,-165170.06506007514,1320.0970579062598
0.005,,fixed_static_lattice_reference,KG,0.139,-0.139,0.287,0.287,1381.266123146815,4.116239898900818e-07,-165070.88361006358,1320.1610581072935
0.005,,fixed_static_lattice_reference,KG,0.14,-0.14,0.2866666666666667,0.2866666666666667,1381.2917719983961,4.1930576858206745e-07,-164978.3774920404,1320.2229288640722
0.005,,fixed_static_lattice_reference,KG,0.14100000000000001,-0.14100000000000001,0.28633333333333333,0.28633333333333333,1381.317807582285,4.283200658872714e-07,-164869.82481383302,1320.2912787449964
0.005,,fixed_static_lattice_reference,KG,0.14200000000000002,-0.14200000000000002,0.286,0.286,1381.3442330854568,4.364287680604128e-07,-164772.17756437164,1320.3559038055146
0.005,,fixed_static_lattice_reference,KG,0.14300000000000002,-0.14300000000000002,0.2856666666666667,0.2856666666666667,1381.3710516890403,4.417735851097688e-07,-164707.81378918298,1320.4083340600748
0.005,,fixed_static_lattice_reference,KG,0.14400000000000002,-0.14400000000000002,0.2853333333333333,0.2853333333333333,1381.3982665680096,4.434325003913442e-07,-164687.83666943232,1320.444369978406
0.005,,fixed_static_lattice_reference,KG,0.145,-0.145,0.285,0.285,1381.425880890881,4.314136997358428e-07,-164832.57041359693,1320.4184541203404
0.005,,fixed_static_lattice_reference,KG,0.146,-0.146,0.2846666666666667,0.2846666666666667,1381.4538978194137,4.050004136560414e-07,-165150.64655942854,1320.3273174637502
0.005,,fixed_static_lattice_reference,KG,0.147,-0.147,0.2843333333333333,0.2843333333333333,1381.4823205083107,4.5623374142799984e-07,-164533.68056032498,1320.590671372739
0.005,,fixed_static_lattice_reference,KG,0.148,-0.148,0.284,0.284,1381.5111521049287,4.743481128434206e-07,-164315.54225573948,1320.7034190667289
0.005,,fixed_static_lattice_reference,KG,0.149,-0.149,0.2836666666666667,0.2836666666666667,1381.5403957489807,4.850771714873744e-07,-164186.33994401045,1320.7829212789813
0.005,,fixed_static_lattice_reference,KG,0.15,-0.15,0.2833333333333333,0.2833333333333333,1381.5700545722555,4.932791706863798e-07,-164087.56918578479,1320.8513339906956
0.005,,fixed_static_lattice_reference,KM,0.001,0.001,0.3336666666666666,0.33266666666666667,1380.07057256686,-5.656695821026535e-06,-238147.28051495686,1290.9095648999057
0.005,,fixed_static_lattice_reference,KM,0.002,0.002,0.334,0.332,1380.07063262336,-5.646777653037227e-06,-238027.843174286,1290.9558891980607
0.005,,fixed_static_lattice_reference,KM,0.003,0.003,0.3343333333333333,0.3313333333333333,1380.0707317867982,-5.6336546501647746e-06,-237869.81231955648,1291.017200665813
0.005,,fixed_static_lattice_reference,KM,0.004,0.004,0.33466666666666667,0.33066666666666666,1380.070869332077,-5.61703240543174e-06,-237669.6426199674,1291.0948693876169
0.005,,fixed_static_lattice_reference,KM,0.005,0.005,0.33499999999999996,0.33,1380.0710445661437,-5.595961620523248e-06,-237415.90236087615,1291.1933184806257
0.005,,fixed_static_lattice_reference,KM,0.006,0.006,0.3353333333333333,0.3293333333333333,1380.071256827983,-5.570604111525189e-06,-237110.54017664716,1291.3117879683905
0.005,,fixed_static_lattice_reference,KM,0.007,0.007,0.3356666666666666,0.32866666666666666,1380.0715054886093,-5.541782768871458e-06,-236763.4655430217,1291.4464350946093
0.005,,fixed_static_lattice_reference,KM,0.008,0.008,0.336,0.328,1380.0717899510503,-5.509251207012505e-06,-236371.7114166053,1291.598402756093
0.005,,fixed_static_lattice_reference,KM,0.009000000000000001,0.009000000000000001,0.3363333333333333,0.3273333333333333,1380.0721096503316,-5.47174942120592e-06,-235920.1044694378,1291.7735573099797
0.005,,fixed_static_lattice_reference,KM,0.01,0.01,0.33666666666666667,0.32666666666666666,1380.0724640534493,-5.4305578563966475e-06,-235424.06417608986,1291.9659213239602
0.005,,fixed_static_lattice_reference,KM,0.011,0.011,0.33699999999999997,0.326,1380.072852659341,-5.386673701143262e-06,-234895.59895885407,1292.1708399776078
0.005,,fixed_static_lattice_reference,KM,0.012,0.012,0.3373333333333333,0.3253333333333333,1380.0732749988506,-5.339494804614784e-06,-234327.45754975302,1292.3911121701124
0.005,,fixed_static_lattice_reference,KM,0.013000000000000001,0.013000000000000001,0.3376666666666666,0.32466666666666666,1380.07373063469,-5.287542544065694e-06,-233701.83396195824,1292.6336170879947
0.005,,fixed_static_lattice_reference,KM,0.014,0.014,0.338,0.324,1380.0742191613926,-5.232423711903832e-06,-233038.07763706113,1292.8908587954618
0.005,,fixed_static_lattice_reference,KM,0.015,0.015,0.3383333333333333,0.3233333333333333,1380.0747402052639,-5.175295303742669e-06,-232350.12143840798,1293.1574409615475
0.005,,fixed_static_lattice_reference,KM,0.016,0.016,0.33866666666666667,0.32266666666666666,1380.075293424327,-5.11547069467754e-06,-231629.69683770402,1293.4365537909225
0.005,,fixed_static_lattice_reference,KM,0.017,0.017,0.33899999999999997,0.322,1380.0758785082626,-5.051429430900517e-06,-230858.4941068193,1293.7352651657654
0.005,,fixed_static_lattice_reference,KM,0.018000000000000002,0.018000000000000002,0.3393333333333333,0.3213333333333333,1380.076495178344,-4.984885440990196e-06,-230057.15285094583,1294.045586404434
0.005,,fixed_static_lattice_reference,KM,0.019,0.019,0.3396666666666666,0.32066666666666666,1380.0771431873666,-4.917179955098234e-06,-229241.82453703939,1294.3612697431747
0.005,,fixed_static_lattice_reference,KM,0.02,0.02,0.34,0.32,1380.077822319574,-4.847338368162012e-06,-228400.77269955425,1294.6868435875847
0.005,,fixed_static_lattice_reference,KM,0.021,0.021,0.3403333333333333,0.3193333333333333,1380.0785323905777,-4.774064785590823e-06,-227518.39181498333,1295.0283254625542
0.005,,fixed_static_lattice_reference,KM,0.022,0.022,0.3406666666666667,0.31866666666666665,1380.0792732472742,-4.698888930381472e-06,-226613.1032336102,1295.3785922320603
0.005,,fixed_static_lattice_reference,KM,0.023,0.023,0.34099999999999997,0.318,1380.0800447677518,-4.623166495542917e-06,-225701.23258814542,1295.7313368819998
0.005,,fixed_static_lattice_reference,KM,0.024,0.024,0.3413333333333333,0.3173333333333333,1380.0808468612024,-4.54583336956532e-06,-224769.96555148254,1296.0915007520307
0.005,,fixed_static_lattice_reference,KM,0.025,0.025,0.3416666666666666,0.31666666666666665,1380.0816794678167,-4.465976486643761e-06,-223808.30673095278,1296.4633181358263
0.005,,fixed_static_lattice_reference,KM,0.026000000000000002,0.026000000000000002,0.342,0.316,1380.0825425586831,-4.385286454110567e-06,-222836.61489080673,1296.8389296225005
0.005,,fixed_static_lattice_reference,KM,0.027,0.027,0.3423333333333333,0.3153333333333333,1380.08343613568,-4.304076494788581e-06,-221858.66194749484,1297.2168780695733
0.005,,fixed_static_lattice_reference,KM,0.028,0.028,0.3426666666666667,0.31466666666666665,1380.0843602313616,-4.221944859679574e-06,-220869.60992771227,1297.5990256729906
0.005,,fixed_static_lattice_reference,KM,0.029,0.029,0.34299999999999997,0.314,1380.0853149088398,-4.138320441401302e-06,-219862.58139733545,1297.9880180609125
0.005,,fixed_static_lattice_reference,KM,0.03,0.03,0.3433333333333333,0.3133333333333333,1380.0863002616625,-4.0542132774272424e-06,-218849.739508868,1298.379165213712
0.005,,fixed_static_lattice_reference,KM,0.031,0.031,0.3436666666666666,0.31266666666666665,1380.0873164136876,-3.970022535666167e-06,-217835.8911534168,1298.7706147632525
0.005,,fixed_static_lattice_reference,KM,0.032,0.032,0.34400000000000003,0.312,1380.0883635189489,-3.885538014761987e-06,-216818.50502772065,1299.163340805416
0.005,,fixed_static_lattice_reference,KM,0.033,0.033,0.3443333333333333,0.3113333333333333,1380.0894417615211,-3.8002620945459223e-06,-215791.58865114328,1299.5596479617561
0.005,,fixed_static_lattice_reference,KM,0.034,0.034,0.3446666666666667,0.31066666666666665,1380.0905513553828,-3.7152035177301343e-06,-214767.28958431198,1299.9548608917512
0.005,,fixed_static_lattice_reference,KM,0.035,0.035,0.345,0.31,1380.0916925442664,-3.630170061924018e-06,-213743.29303167414,1300.3498709186017
0.005,,fixed_static_lattice_reference,KM,0.036000000000000004,0.036000000000000004,0.3453333333333333,0.3093333333333333,1380.0928656015092,-3.5449322716564586e-06,-212716.83582655407,1300.7457406648045
0.005,,fixed_static_lattice_reference,KM,0.037,0.037,0.3456666666666666,0.3086666666666667,1380.0940708299047,-3.4601304227945903e-06,-211695.6283492305,1301.139506736548
0.005,,fixed_static_lattice_reference,KM,0.038,0.038,0.34600000000000003,0.308,1380.0953085615408,-3.375899400965949e-06,-210681.29492998958,1301.5305473877995
0.005,,fixed_static_lattice_reference,KM,0.039,0.039,0.3463333333333333,0.30733333333333335,1380.0965791576352,-3.291475307974549e-06,-209664.6364940455,1301.922398343527
0.005,,fixed_static_lattice_reference,KM,0.04,0.04,0.3466666666666667,0.3066666666666667,1380.0978830083745,-3.207686761604965e-06,-208655.63148749113,1302.311228238744
0.005,,fixed_static_lattice_reference,KM,0.041,0.041,0.347,0.306,1380.0992205327402,-3.12518502331426e-06,-207662.12258213822,1302.69403005193
0.005,,fixed_static_lattice_reference,KM,0.042,0.042,0.3473333333333333,0.30533333333333335,1380.1005921783321,-3.042407230540052e-06,-206665.28935182677,1303.0780311167694
0.005,,fixed_static_lattice_reference,KM,0.043000000000000003,0.043000000000000003,0.3476666666666666,0.3046666666666667,1380.1019984211946,-2.9587421844949373e-06,-205657.77157056873,1303.4660542091638
0.005,,fixed_static_lattice_reference,KM,0.044,0.044,0.34800000000000003,0.304,1380.1034397656279,-2.875604164539252e-06,-204656.60038423157,1303.8515651977746
0.005,,fixed_static_lattice_reference,KM,0.045,0.045,0.34833333333333333,0.30333333333333334,1380.1049167440046,-2.7941243469793845e-06,-203675.3977328763,1304.2293446660751
0.005,,fixed_static_lattice_reference,KM,0.046,0.046,0.3486666666666667,0.3026666666666667,1380.1064299165778,-2.713344462635519e-06,-202702.6238722066,1304.6038226315586
0.005,,fixed_static_lattice_reference,KM,0.047,0.047,0.349,0.302,1380.1079798712844,-2.632399543092845e-06,-201727.86261171833,1304.978993506286
0.005,,fixed_static_lattice_reference,KM,0.048,0.048,0.34933333333333333,0.30133333333333334,1380.1095672235483,-2.552187258784533e-06,-200761.9239487267,1305.3507167015473
0.005,,fixed_static_lattice_reference,KM,0.049,0.049,0.3496666666666666,0.3006666666666667,1380.1111926160768,-2.4739018965765536e-06,-199819.18981822452,1305.7134885440776
0.005,,fixed_static_lattice_reference,KM,0.05,0.05,0.35000000000000003,0.3,1380.1128567186531,-2.396297814668569e-06,-198884.65985479942,1306.0730597578843
0.005,,fixed_static_lattice_reference,KM,0.051000000000000004,0.051000000000000004,0.35033333333333333,0.29933333333333334,1380.1145602279282,-2.318728616760117e-06,-197950.54997421024,1306.432412862953
0.005,,fixed_static_lattice_reference,KM,0.052000000000000005,0.052000000000000005,0.3506666666666667,0.2986666666666667,1380.1163038672044,-2.2418024113786964e-06,-197024.18318867477,1306.788746894998
0.005,,fixed_static_lattice_reference,KM,0.053,0.053,0.351,0.298,1380.118088386219,-2.1671661585082948e-06,-196125.39264892112,1307.1344786371103
0.005,,fixed_static_lattice_reference,KM,0.054,0.054,0.35133333333333333,0.29733333333333334,1380.1199145609216,-2.0931982989829573e-06,-195234.6510879449,1307.4770848774754
0.005,,fixed_static_lattice_reference,KM,0.055,0.055,0.3516666666666666,0.2966666666666667,1380.1217831932518,-2.018798792485666e-06,-194338.71151393896,1307.821633454112
0.005,,fixed_static_lattice_reference,KM,0.056,0.056,0.35200000000000004,0.296,1380.1236951109076,-1.9453332092308583e-06,-193454.0185036728,1308.161838345284
0.005,,fixed_static_lattice_reference,KM,0.057,0.057,0.35233333333333333,0.29533333333333334,1380.1256511671156,-1.8746923700719047e-06,-192603.34184836733,1308.4890030722793
0.005,,fixed_static_lattice_reference,KM,0.058,0.058,0.3526666666666667,0.2946666666666667,1380.1276522403941,-1.8050406223311431e-06,-191764.5761073352,1308.8115832201543
0.005,,fixed_static_lattice_reference,KM,0.059000000000000004,0.059000000000000004,0.353,0.294,1380.1296992343161,-1.7351928896384152e-06,-190923.4502609389,1309.1350336950215
0.005,,fixed_static_lattice_reference,KM,0.06,0.06,0.35333333333333333,0.29333333333333333,1380.1317930772655,-1.6665441354163702e-06,-190096.7628471457,1309.4529405119995
0.005,,fixed_static_lattice_reference,KM,0.061,0.061,0.35366666666666663,0.2926666666666667,1380.1339347221929,-1.6024063439399202e-06,-189324.39770282607,1309.7500830574265
0.005,,fixed_static_lattice_reference,KM,0.062,0.062,0.35400000000000004,0.292,1380.1361251463657,-1.5408556672007847e-06,-188583.18731456302,1310.0353188442905
0.005,,fixed_static_lattice_reference,KM,0.063,0.063,0.35433333333333333,0.29133333333333333,1380.138365351118,-1.472999605378723e-06,-187766.04572337802,1310.3495189416747
0.005,,fixed_static_lattice_reference,KM,0.064,0.064,0.3546666666666667,0.2906666666666667,1380.1406563615933,-1.402546112558105e-06,-186917.62514484592,1310.6756296648548
0.005,,fixed_static_lattice_reference,KM,0.065,0.065,0.355,0.29,1380.1429992264907,-1.3373678354062999e-06,-186132.7301822973,1310.977485745501
0.005,,fixed_static_lattice_reference,KM,0.066,0.066,0.35533333333333333,0.28933333333333333,1380.1453950177963,-1.2740763917495232e-06,-185370.55699409026,1311.2706640487077
0.005,,fixed_static_lattice_reference,KM,0.067,0.067,0.35566666666666663,0.2886666666666667,1380.1478448305281,-1.2105857636388725e-06,-184605.98517122614,1311.564748084945
0.005,,fixed_static_lattice_reference,KM,0.068,0.068,0.35600000000000004,0.288,1380.1503497824622,-1.1481577514225922e-06,-183854.20966485064,1311.8539470306143
0.005,,fixed_static_lattice_reference,KM,0.069,0.069,0.35633333333333334,0.28733333333333333,1380.1529110138654,-1.089642453628531e-06,-183149.55215505452,1312.125186719999
0.005,,fixed_static_lattice_reference,KM,0.07,0.07,0.3566666666666667,0.2866666666666667,1380.1555296872218,-1.0323206966289905e-06,-182459.26759585107,1312.3909549102982
0.005,,fixed_static_lattice_reference,KM,0.07100000000000001,0.07100000000000001,0.357,0.286,1380.1582069869587,-9.74390943181124e-07,-181761.6613741184,1312.6595198067694
0.005,,fixed_static_lattice_reference,KM,0.07200000000000001,0.07200000000000001,0.35733333333333334,0.2853333333333333,1380.1609441191667,-9.173856367135651e-07,-181075.18760033767,1312.9238531124233
0.005,,fixed_static_lattice_reference,KM,0.073,0.073,0.35766666666666663,0.2846666666666667,1380.163742311318,-8.639448727825459e-07,-180431.63904033948,1313.1718533956027
0.005,,fixed_static_lattice_reference,KM,0.074,0.074,0.35800000000000004,0.284,1380.166602811984,-8.113681302237275e-07,-179798.4952662947,1313.415911374336
0.005,,fixed_static_lattice_reference,KM,0.075,0.075,0.35833333333333334,0.2833333333333333,1380.1695268905494,-7.582191449927646e-07,-179158.4603866492,1313.6626136762186
0.005,,fixed_static_lattice_reference,KM,0.076,0.076,0.3586666666666667,0.2826666666666667,1380.1725158369209,-7.060448367743893e-07,-178530.1628389911,1313.9048712264616
0.005,,fixed_static_lattice_reference,KM,0.077,0.077,0.359,0.282,1380.1755709612394,-6.577970630988011e-07,-177949.1497136525,1314.1291629685913
0.005,,fixed_static_lattice_reference,KM,0.078,0.078,0.35933333333333334,0.2813333333333333,1380.1786935935822,-6.10459777754225e-07,-177379.10094232415,1314.3493163186731
0.005,,fixed_static_lattice_reference,KM,0.079,0.079,0.35966666666666663,0.2806666666666667,1380.1818850836696,-5.626460774016029e-07,-176803.31504880975,1314.5716872290768
0.005,,fixed_static_lattice_reference,KM,0.08,0.08,0.36000000000000004,0.27999999999999997,1380.1851468005646,-5.161224649330831e-07,-176243.06475282452,1314.7881862475306
0.005,,fixed_static_lattice_reference,KM,0.081,0.081,0.36033333333333334,0.2793333333333333,1380.1884801323736,-4.743744467696222e-07,-175740.32349323935,1314.9828581380336
0.005,,fixed_static_lattice_reference,KM,0.082,0.082,0.3606666666666667,0.2786666666666667,1380.1918864859401,-4.3680901864159515e-07,-175287.95014751563,1315.1584290016556
0.005,,fixed_static_lattice_reference,KM,0.083,0.083,0.361,0.27799999999999997,1380.1953672865416,-4.059282904756832e-07,-174916.07582011042,1315.303453982814
0.005,,fixed_static_lattice_reference,KM,0.084,0.084,0.36133333333333334,0.2773333333333333,1380.1989239775844,-3.550891445582249e-07,-174303.85666865986,1315.5398941424094
0.005,,fixed_static_lattice_reference,KM,0.085,0.085,0.36166666666666664,0.27666666666666667,1380.202558020286,-3.0561136776236415e-07,-173708.0315032489,1315.770143171858
0.005,,fixed_static_lattice_reference,KM,0.08600000000000001,0.08600000000000001,0.36200000000000004,0.27599999999999997,1380.206270893372,-2.627180366460726e-07,-173191.49806616994,1315.9703082316175
0.005,,fixed_static_lattice_reference,KM,0.08700000000000001,0.08700000000000001,0.36233333333333334,0.2753333333333333,1380.210064092757,-2.2070029396290908e-07,-172685.50870881294,1316.16652149875
0.005,,fixed_static_lattice_reference,KM,0.088,0.088,0.3626666666666667,0.27466666666666667,1380.213939131228,-1.801843939250636e-07,-172197.60495878343,1316.3559217830707
0.005,,fixed_static_lattice_reference,KM,0.089,0.089,0.363,0.274,1380.2178975381312,-1.436768217645666e-07,-171757.97060918386,1316.5270502634555
0.005,,fixed_static_lattice_reference,KM,0.09,0.09,0.36333333333333334,0.2733333333333334,1380.2219408590477,-1.0782914185309753e-07,-171326.28286579606,1316.6952278955523
0.005,,fixed_static_lattice_reference,KM,0.091,0.091,0.36366666666666664,0.27266666666666667,1380.2260706554746,-7.118143775698059e-08,-170884.96100840758,1316.867132670811
0.005,,fixed_static_lattice_reference,KM,0.092,0.092,0.36400000000000005,0.272,1380.230288504499,-3.531444579449212e-08,-170453.0407039239,1317.0355380935202
0.005,,fixed_static_lattice_reference,KM,0.093,0.093,0.36433333333333334,0.27133333333333337,1380.2345959984746,-3.0289493438847296e-09,-170064.24976567246,1317.187644272979
0.005,,fixed_static_lattice_reference,KM,0.094,0.094,0.3646666666666667,0.27066666666666667,1380.238994744696,2.8674539016128783e-08,-169682.46753090984,1317.3371683373011
0.005,,fixed_static_lattice_reference,KM,0.095,0.095,0.365,0.27,1380.243486365065,6.148897783015491e-08,-169287.30692143252,1317.4918499678688
0.005,,fixed_static_lattice_reference,KM,0.096,0.096,0.36533333333333334,0.26933333333333337,1380.248072495768,9.367875618894776e-08,-168899.6686470957,1317.6437579942415
0.005,,fixed_static_lattice_reference,KM,0.097,0.097,0.36566666666666664,0.26866666666666666,1380.2527547869347,1.224420433264855e-07,-168553.29313416197,1317.7800931728937
0.005,,fixed_static_lattice_reference,KM,0.098,0.098,0.36600000000000005,0.268,1380.2575349023134,1.506858007032249e-07,-168213.1739432724,1317.9141431486873
0.005,,fixed_static_lattice_reference,KM,0.099,0.099,0.36633333333333334,0.26733333333333337,1380.2624145189297,1.7981440118267266e-07,-167862.3992253528,1318.0523258612584
0.005,,fixed_static_lattice_reference,KM,0.1,0.1,0.3666666666666667,0.26666666666666666,1380.2673953267538,2.079688374745562e-07,-167523.3556638388,1318.1861503362347
0.005,,fixed_static_lattice_reference,KM,0.101,0.101,0.367,0.266,1380.2724790283619,2.321396361192071e-07,-167232.2841761286,1318.3018744532571
0.005,,fixed_static_lattice_reference,KM,0.10200000000000001,0.10200000000000001,0.36733333333333335,0.26533333333333337,1380.2776673385933,2.543097273414436e-07,-166965.3057643021,1318.408560799484
0.005,,fixed_static_lattice_reference,KM,0.10300000000000001,0.10300000000000001,0.36766666666666664,0.26466666666666666,1380.282961984215,2.719848483525946e-07,-166752.4570353954,1318.494822935806
0.005,,fixed_static_lattice_reference,KM,0.10400000000000001,0.10400000000000001,0.36800000000000005,0.264,1380.2883647035771,2.7468274547391327e-07,-166719.96820702293,1318.5127991525346
0.005,,fixed_static_lattice_reference,KM,0.105,0.105,0.36833333333333335,0.26333333333333336,1380.2938772462678,3.176169819530777e-07,-166202.94217617405,1318.7146186295809
0.005,,fixed_static_lattice_reference,KM,0.106,0.106,0.3686666666666667,0.26266666666666666,1380.2995013727716,3.5146869550189803e-07,-165795.29041550806,1318.875059690801
0.005,,fixed_static_lattice_reference,KM,0.107,0.107,0.369,0.262,1380.305238854123,3.788863512795391e-07,-165465.1193701053,1319.0062293401165
0.005,,fixed_static_lattice_reference,KM,0.108,0.108,0.36933333333333335,0.26133333333333336,1380.3110914715583,4.038989095740353e-07,-165163.91117830118,1319.1265284502103
0.005,,fixed_static_lattice_reference,KM,0.109,0.109,0.36966666666666664,0.26066666666666666,1380.3170610161685,4.249248093359377e-07,-164910.71143864357,1319.228743430672
0.005,,fixed_static_lattice_reference,KM,0.11,0.11,0.37000000000000005,0.26,1380.3231492885498,4.453778408338332e-07,-164664.410338138,1319.3284602871727
0.005,,fixed_static_lattice_reference,KM,0.111,0.111,0.37033333333333335,0.25933333333333336,1380.3293580984523,4.668421613394282e-07,-164405.93101380524,1319.432910691059
0.005,,fixed_static_lattice_reference,KM,0.112,0.112,0.3706666666666667,0.25866666666666666,1380.335689264431,4.878325218349125e-07,-164153.15924788985,1319.535318136359
0.005,,fixed_static_lattice_reference,KM,0.113,0.113,0.371,0.258,1380.3421446134912,5.057664108080417e-07,-163937.19436313031,1319.6239016602578
0.005,,fixed_static_lattice_reference,KM,0.114,0.114,0.37133333333333335,0.25733333333333336,1380.3487259807362,5.234430747625324e-07,-163724.32705367028,1319.7114374979749
0.005,,fixed_static_lattice_reference,KM,0.115,0.115,0.37166666666666665,0.25666666666666665,1380.3554352090123,5.420929786188504e-07,-163499.73971831088,1319.803541362407
0.005,,fixed_static_lattice_reference,KM,0.116,0.116,0.37200000000000005,0.256,1380.3622741485556,5.603050706460471e-07,-163280.42463490777,1319.8937772630281
0.005,,fixed_static_lattice_reference,KM,0.117,0.117,0.37233333333333335,0.25533333333333336,1380.3692446566326,5.756885980458935e-07,-163095.17191436954,1319.9712419895945
0.005,,fixed_static_lattice_reference,KM,0.11800000000000001,0.11800000000000001,0.3726666666666667,0.25466666666666665,1380.3763485971872,5.909849384254656e-07,-162910.96912420692,1320.0484440513144
0.005,,fixed_static_lattice_reference,KM,0.11900000000000001,0.11900000000000001,0.373,0.254,1380.3835878404786,6.077137343150113e-07,-162709.51630592166,1320.1323165779372
0.005,,fixed_static_lattice_reference,KM,0.12,0.12,0.37333333333333335,0.25333333333333335,1380.3909642627264,6.267905357178782e-07,-162479.78815143582,1320.2270358035937
0.005,,fixed_static_lattice_reference,KM,0.121,0.121,0.37366666666666665,0.25266666666666665,1380.3984797457497,6.435009526984216e-07,-162278.55665709043,1320.3111020616643
0.005,,fixed_static_lattice_reference,KM,0.122,0.122,0.37399999999999994,0.252,1380.406136176608,6.546794800189162e-07,-162143.9417184026,1320.3700841338498
0.005,,fixed_static_lattice_reference,KM,0.123,0.123,0.37433333333333335,0.25133333333333335,1380.4139354472381,6.593780850749878e-07,-162087.35980797673,1320.3996642566049
0.005,,fixed_static_lattice_reference,KM,0.124,0.124,0.3746666666666667,0.25066666666666665,1380.4218794540952,6.386006551193169e-07,-162337.56740504055,1320.3132196075808
0.005,,fixed_static_lattice_reference,KM,0.125,0.125,0.375,0.25,1380.4299700977895,5.154261274471915e-07,-163820.86936558463,1319.7598391293013
0.005,,fixed_static_lattice_reference,KM,0.126,0.126,0.3753333333333333,0.24933333333333332,1380.4382092827234,6.643865489161973e-07,-162027.04649177913,1320.4478797574377
0.005,,fixed_static_lattice_reference,KM,0.127,0.127,0.37566666666666665,0.24866666666666667,1380.4465989167293,7.094985103436394e-07,-161483.79569070903,1320.6623401801296
0.005,,fixed_static_lattice_reference,KM,0.128,0.128,0.37600000000000006,0.248,1380.4551409107037,7.296017380164216e-07,-161241.7070252694,1320.7629193165294
0.005,,fixed_static_lattice_reference,KM,0.129,0.129,0.37633333333333335,0.24733333333333332,1380.4638371782446,7.439005314868124e-07,-161069.51697275706,1320.8371923837267
0.005,,fixed_static_lattice_reference,KM,0.13,0.13,0.37666666666666665,0.24666666666666667,1380.4726896352838,7.560192971407043e-07,-160923.5794222463,1320.9016872601187
0.005,,fixed_static_lattice_reference,KM,0.131,0.131,0.377,0.246,1380.4817001997244,7.668796448965919e-07,-160792.7960904735,1320.9606082301805
0.005,,fixed_static_lattice_reference,KM,0.132,0.132,0.37733333333333335,0.24533333333333332,1380.4908707910718,7.769275768931331e-07,-160671.79609549438,1321.0159909107826
0.005,,fixed_static_lattice_reference,KM,0.133,0.133,0.37766666666666665,0.24466666666666667,1380.5002033300698,7.863573492480842e-07,-160558.2401510477,1321.0687231341587
0.005,,fixed_static_lattice_reference,KM,0.134,0.134,0.37799999999999995,0.244,1380.5096997383298,7.952105861934986e-07,-160451.62700654066,1321.1189969359584
0.005,,fixed_static_lattice_reference,KM,0.135,0.135,0.37833333333333335,0.24333333333333332,1380.5193619379675,8.036629991494943e-07,-160349.84069612485,1321.167615402939
0.005,,fixed_static_lattice_reference,KM,0.136,0.136,0.3786666666666667,0.24266666666666667,1380.5291918512316,8.117028583248875e-07,-160253.0224732119,1321.21452727413
0.005,,fixed_static_lattice_reference,KM,0.137,0.137,0.379,0.242,1380.5391914001364,8.193010775341634e-07,-160161.52260174687,1321.259602194056
0.005,,fixed_static_lattice_reference,KM,0.138,0.138,0.3793333333333333,0.24133333333333332,1380.5493625060933,8.264256284994051e-07,-160075.7267751709,1321.302696410179
0.005,,fixed_static_lattice_reference,KM,0.139,0.139,0.37966666666666665,0.24066666666666667,1380.5597070895399,8.330860391462176e-07,-159995.52025555065,1321.343855543895
0.005,,fixed_static_lattice_reference,KM,0.14,0.14,0.38000000000000006,0.24,1380.5702270695742,8.39146557966901e-07,-159922.53780034237,1321.3824632068465
0.005,,fixed_static_lattice_reference,KM,0.14100000000000001,0.14100000000000001,0.38033333333333336,0.23933333333333331,1380.5809243635797,8.445439629139239e-07,-159857.54074704673,1321.418233554218
0.005,,fixed_static_lattice_reference,KM,0.14200000000000002,0.14200000000000002,0.38066666666666665,0.23866666666666667,1380.5918008868584,8.489172175741949e-07,-159804.87679668187,1321.4495237727913
0.005,,fixed_static_lattice_reference,KM,0.14300000000000002,0.14300000000000002,0.381,0.238,1380.6028585522586,8.512492800467084e-07,-159776.79345101808,1321.47170215319
0.005,,fixed_static_lattice_reference,KM,0.14400000000000002,0.14400000000000002,0.38133333333333336,0.2373333333333333,1380.6140992698042,8.480264208079406e-07,-159815.60401938614,1321.4687612967575
0.005,,fixed_static_lattice_reference,KM,0.145,0.145,0.38166666666666665,0.23666666666666666,1380.6255249463231,8.175297100095814e-07,-160182.8539027205,1321.34173711065
0.005,,fixed_static_lattice_reference,KM,0.146,0.146,0.38199999999999995,0.236,1380.6371374850771,7.33780379309808e-07,-161191.38666325924,1320.972186966754
0.005,,fixed_static_lattice_reference,KM,0.147,0.147,0.38233333333333336,0.2353333333333333,1380.6489387853878,8.46768225855896e-07,-159830.75555334683,1321.4994273989946
0.005,,fixed_static_lattice_reference,KM,0.148,0.148,0.38266666666666665,0.23466666666666666,1380.6609307422652,8.713112652166189e-07,-159535.20143928213,1321.6237756028816
0.005,,fixed_static_lattice_reference,KM,0.149,0.149,0.383,0.23399999999999999,1380.6731152460345,8.810970888416153e-07,-159417.35782629802,1321.6810860933479
0.005,,fixed_static_lattice_reference,KM,0.15,0.15,0.3833333333333333,0.2333333333333333,1380.6854941819654,8.871146895528067e-07,-159344.8922029149,1321.7214311804069
0.01,,fixed_static_lattice_reference,K,0.0,0.0,0.3333333333333333,0.3333333333333333,1380.070552374435,-3.817353490484949e-06,-215997.40800019144,1299.4603962918172
0.01,,fixed_static_lattice_reference,KG,0.001,-0.001,0.333,0.333,1380.0705728352552,-3.814468002618535e-06,-215962.66015183134,1299.4737880596122
0.01,,fixed_static_lattice_reference,KG,0.002,-0.002,0.33266666666666667,0.33266666666666667,1380.0706347705172,-3.8107514356366165e-06,-215917.90421734587,1299.4910745128466
0.01,,fixed_static_lattice_reference,KG,0.003,-0.003,0.3323333333333333,0.3323333333333333,1380.0707390334194,-3.805841463410411e-06,-215858.77696460142,1299.5139351971748
0.01,,fixed_static_lattice_reference,KG,0.004,-0.004,0.332,0.332,1380.070886509147,-3.799638969182159e-06,-215784.08480200171,1299.542829993741
0.01,,fixed_static_lattice_reference,KG,0.005,-0.005,0.33166666666666667,0.33166666666666667,1380.07107811484,-3.7925507153670176e-06,-215698.72607581428,1299.5758748812023
0.01,,fixed_static_lattice_reference,KG,0.006,-0.006,0.3313333333333333,0.3313333333333333,1380.071314799563,-3.7840726543478316e-06,-215596.63090427974,1299.6154058137026
0.01,,fixed_static_lattice_reference,KG,0.007,-0.007,0.331,0.331,1380.071597544267,-3.7736843653284505e-06,-215471.53223525814,1299.6638342714348
0.01,,fixed_static_lattice_reference,KG,0.008,-0.008,0.33066666666666666,0.33066666666666666,1380.0719273617449,-3.7617913775007863e-06,-215328.3135641993,1299.7192816634529
0.01,,fixed_static_lattice_reference,KG,0.009000000000000001,-0.009000000000000001,0.3303333333333333,0.3303333333333333,1380.0723052965848,-3.749352389174927e-06,-215178.51980310574,1299.7773070966905
0.01,,fixed_static_lattice_reference,KG,0.01,-0.01,0.33,0.33,1380.072732425116,-3.7355857607595902e-06,-215012.73823036932,1299.8415320926458
0.01,,fixed_static_lattice_reference,KG,0.011,-0.011,0.32966666666666666,0.32966666666666666,1380.0732098553492,-3.7197178636069286e-06,-214821.65259439347,1299.915540320237
0.01,,fixed_static_lattice_reference,KG,0.012,-0.012,0.3293333333333333,0.3293333333333333,1380.0737387269146,-3.7023609952855496e-06,-214612.6363529954,1299.9964953686178
0.01,,fixed_static_lattice_reference,KG,0.013000000000000001,-0.013000000000000001,0.329,0.329,1380.0743202109907,-3.6848926456571934e-06,-214402.27762265646,1300.0780175370905
0.01,,fixed_static_lattice_reference,KG,0.014,-0.014,0.32866666666666666,0.32866666666666666,1380.0749555102302,-3.6661461180051145e-06,-214176.52671664333,1300.165511044621
0.01,,fixed_static_lattice_reference,KG,0.015,-0.015,0.3283333333333333,0.3283333333333333,1380.075645858681,-3.6451463075988595e-06,-213923.64115227107,1300.2634914277892
0.01,,fixed_static_lattice_reference,KG,0.016,-0.016,0.328,0.328,1380.0763925217,-3.622795930338574e-06,-213654.4916857732,1300.367777788244
0.01,,fixed_static_lattice_reference,KG,0.017,-0.017,0.32766666666666666,0.32766666666666666,1380.0771967958651,-3.6007650222143814e-06,-213389.18935556928,1300.470637792474
0.01,,fixed_static_lattice_reference,KG,0.018000000000000002,-0.018000000000000002,0.3273333333333333,0.3273333333333333,1380.0780600088783,-3.577651676759569e-06,-213110.85201362212,1300.5785634494546
0.01,,fixed_static_lattice_reference,KG,0.019,-0.019,0.327,0.327,1380.0789835194637,-3.55259446933921e-06,-212809.10614461167,1300.6955426261384
0.01,,fixed_static_lattice_reference,KG,0.02,-0.02,0.32666666666666666,0.32666666666666666,1380.0799687172641,-3.526961333154644e-06,-212500.42478105356,1300.8152425589083
0.01,,fixed_static_lattice_reference,KG,0.021,-0.021,0.3263333333333333,0.3263333333333333,1380.0810170227319,-3.501442236770939e-06,-212193.1167165321,1300.9344706133227
0.01,,fixed_static_lattice_reference,KG,0.022,-0.022,0.326,0.326,1380.0821298870073,-3.472467933585779e-06,-211844.20008959487,1301.0697464563011
0.01,,fixed_static_lattice_reference,KG,0.023,-0.023,0.32566666666666666,0.32566666666666666,1380.0833087918027,-3.4412940063669246e-06,-211468.79497755197,1301.2152566843727
0.01,,fixed_static_lattice_reference,KG,0.024,-0.024,0.3253333333333333,0.3253333333333333,1380.0845552492738,-3.409619324739508e-06,-211087.35964148463,1301.3631391721917
0.01,,fixed_static_lattice_reference,KG,0.025,-0.025,0.325,0.325,1380.0858708018882,-3.3789568646002274e-06,-210718.1137584335,1301.5063953083643
0.01,,fixed_static_lattice_reference,KG,0.026000000000000002,-0.026000000000000002,0.32466666666666666,0.32466666666666666,1380.0872570222903,-3.3474203766661606e-06,-210338.34258930187,1301.6537536557128
0.01,,fixed_static_lattice_reference,KG,0.027,-0.027,0.3243333333333333,0.3243333333333333,1380.0887155131586,-3.3137973766967915e-06,-209933.44506124564,1301.8108225182007
0.01,,fixed_static_lattice_reference,KG,0.028,-0.028,0.324,0.324,1380.0902479070614,-3.2792300213472423e-06,-209517.1753427427,1301.9723180718672
0.01,,fixed_static_lattice_reference,KG,0.029,-0.029,0.32366666666666666,0.32366666666666666,1380.0918558663009,-3.2455529772784277e-06,-209111.62700059218,1302.1297568322054
0.01,,fixed_static_lattice_reference,KG,0.03,-0.03,0.3233333333333333,0.3233333333333333,1380.0935410827624,-3.2109672519008443e-06,-208695.13606509648,1302.2914597252266
0.01,,fixed_static_lattice_reference,KG,0.031,-0.031,0.323,0.323,1380.0953052777486,-3.1744726385361963e-06,-208255.65776892492,1302.4620508409284
0.01,,fixed_static_lattice_reference,KG,0.032,-0.032,0.32266666666666666,0.32266666666666666,1380.0971502018156,-3.137196902279335e-06,-207806.77297337935,1302.6363157158614
0.01,,fixed_static_lattice_reference,KG,0.033,-0.033,0.3223333333333333,0.3223333333333333,1380.0990776346,-3.1008004719891906e-06,-207368.47702513036,1302.8065808333727
0.01,,fixed_static_lattice_reference,KG,0.034,-0.034,0.322,0.322,1380.1010893846453,-3.063654407675471e-06,-206921.15377523162,1302.9803771145032
0.01,,fixed_static_lattice_reference,KG,0.035,-0.035,0.32166666666666666,0.32166666666666666,1380.1031872892179,-3.024863913296214e-06,-206454.0278405872,1303.1618394218235
0.01,,fixed_static_lattice_reference,KG,0.036000000000000004,-0.036000000000000004,0.3213333333333333,0.3213333333333333,1380.1053732141243,-2.985509144597186e-06,-205980.10675746025,1303.3459764840022
0.01,,fixed_static_lattice_reference,KG,0.037,-0.037,0.321,0.321,1380.1076490535195,-2.947081040897019e-06,-205517.3448322822,1303.5259023677859
0.01,,fixed_static_lattice_reference,KG,0.038,-0.038,0.32066666666666666,0.32066666666666666,1380.1100167297118,-2.908187161496941e-06,-205048.9739064292,1303.7080518165315
0.01,,fixed_static_lattice_reference,KG,0.039,-0.039,0.3203333333333333,0.3203333333333333,1380.1124781929639,-2.8683340792965325e-06,-204569.05199336173,1303.894704518184
0.01,,fixed_static_lattice_reference,KG,0.04,-0.04,0.32,0.32,1380.1150354212862,-2.829084771723773e-06,-204096.40090248323,1304.0786441367004
0.01,,fixed_static_lattice_reference,KG,0.041,-0.041,0.31966666666666665,0.31966666666666665,1380.1176904202302,-2.7930937413854064e-06,-203662.98689333838,1304.2476193259974
0.01,,fixed_static_lattice_reference,KG,0.042,-0.042,0.3193333333333333,0.3193333333333333,1380.1204452226752,-2.754114685708531e-06,-203193.5902510426,1304.430470768984
0.01,,fixed_static_lattice_reference,KG,0.043000000000000003,-0.043000000000000003,0.319,0.319,1380.123301888608,-2.7074370832145717e-06,-202631.48556429206,1304.6489347144777
0.01,,fixed_static_lattice_reference,KG,0.044,-0.044,0.31866666666666665,0.31866666666666665,1380.1262625049017,-2.6627330143021846e-06,-202093.14671846715,1304.8583653934559
0.01,,fixed_static_lattice_reference,KG,0.045,-0.045,0.3183333333333333,0.3183333333333333,1380.1293291850895,-2.620184994844465e-06,-201580.77162053378,1305.0579273183055
0.01,,fixed_static_lattice_reference,KG,0.046,-0.046,0.318,0.318,1380.132504069131,-2.577863267077861e-06,-201071.1215901564,1305.2565292684706
0.01,,fixed_static_lattice_reference,KG,0.047,-0.047,0.31766666666666665,0.31766666666666665,1380.1357893231793,-2.5350801314599466e-06,-200555.91515795316,1305.4573458419704
0.01,,fixed_static_lattice_reference,KG,0.048,-0.048,0.3173333333333333,0.3173333333333333,1380.1391871393398,-2.4922658700289117e-06,-200040.33390004124,1305.658394059333
0.01,,fixed_static_lattice_reference,KG,0.049,-0.049,0.317,0.317,1380.142699735425,-2.449977915145757e-06,-199531.09057213055,1305.857105911997
0.01,,fixed_static_lattice_reference,KG,0.05,-0.05,0.31666666666666665,0.31666666666666665,1380.146329354708,-2.407514452827653e-06,-199019.73373481762,1306.05672032131
0.01,,fixed_static_lattice_reference,KG,0.051000000000000004,-0.051000000000000004,0.3163333333333333,0.3163333333333333,1380.150078265671,-2.3647498441860914e-06,-198504.7504096225,1306.2578183984642
0.01,,fixed_static_lattice_reference,KG,0.052000000000000005,-0.052000000000000005,0.316,0.316,1380.153948761744,-2.3219929928523667e-06,-197989.86050008843,1306.4589782241715
0.01,,fixed_static_lattice_reference,KG,0.053,-0.053,0.31566666666666665,0.31566666666666665,1380.1579431610503,-2.2795206236641694e-06,-197478.39640376568,1306.6589270604534
0.01,,fixed_static_lattice_reference,KG,0.054,-0.054,0.3153333333333333,0.3153333333333333,1380.1620638061374,-2.237000679446835e-06,-196966.35939569466,1306.859197838054
0.01,,fixed_static_lattice_reference,KG,0.055,-0.055,0.315,0.315,1380.1663130637128,-2.1945078878683327e-06,-196454.64936726118,1307.0594486665943
0.01,,fixed_static_lattice_reference,KG,0.056,-0.056,0.31466666666666665,0.31466666666666665,1380.170693324366,-2.1521760016700852e-06,-195944.87700622133,1307.259066025262
0.01,,fixed_static_lattice_reference,KG,0.057,-0.057,0.3143333333333333,0.3143333333333333,1380.1752070023006,-2.1099747906787922e-06,-195436.6782724105,1307.458191970754
0.01,,fixed_static_lattice_reference,KG,0.058,-0.058,0.314,0.314,1380.1798565350475,-2.0679484998684214e-06,-194930.5859761254,1307.6566255745347
0.01,,fixed_static_lattice_reference,KG,0.059000000000000004,-0.059000000000000004,0.31366666666666665,0.31366666666666665,1380.184644383184,-2.026533658493113e-06,-194431.85692419726,1307.8523600418125
0.01,,fixed_static_lattice_reference,KG,0.06,-0.06,0.3133333333333333,0.3133333333333333,1380.1895730300491,-1.9860533404863113e-06,-193944.38166289352,1308.0439120449953
0.01,,fixed_static_lattice_reference,KG,0.061,-0.061,0.313,0.313,1380.194644981451,-1.9476001150351166e-06,-193481.31721459437,1308.2262575032191
0.01,,fixed_static_lattice_reference,KG,0.062,-0.062,0.31266666666666665,0.31266666666666665,1380.1998627653716,-1.915501944987302e-06,-193094.78211304697,1308.379485877283
0.01,,fixed_static_lattice_reference,KG,0.063,-0.063,0.31233333333333335,0.31233333333333335,1380.2052289316744,-1.8745268227493092e-06,-192601.34828141148,1308.5736989902114
0.01,,fixed_static_lattice_reference,KG,0.064,-0.064,0.312,0.312,1380.2107460517989,-1.8239164179346574e-06,-191991.88369401457,1308.8123699838907
0.01,,fixed_static_lattice_reference,KG,0.065,-0.065,0.3116666666666667,0.3116666666666667,1380.216416718459,-1.7791778463557987e-06,-191453.12935747262,1309.0241508932027
0.01,,fixed_static_lattice_reference,KG,0.066,-0.066,0.3113333333333333,0.3113333333333333,1380.2222435453364,-1.736896926933621e-06,-190943.97075254205,1309.2247594759197
0.01,,fixed_static_lattice_reference,KG,0.067,-0.067,0.311,0.311,1380.2282291667698,-1.696231117263847e-06,-190454.26174898207,1309.41807794144
0.01,,fixed_static_lattice_reference,KG,0.068,-0.068,0.31066666666666665,0.31066666666666665,1380.2343762374414,-1.6562571470574515e-06,-189972.8840688849,1309.6083572116795
0.01,,fixed_static_lattice_reference,KG,0.069,-0.069,0.31033333333333335,0.31033333333333335,1380.2406874320623,-1.6158512236546267e-06,-189486.3046881176,1309.800767504285
0.01,,fixed_static_lattice_reference,KG,0.07,-0.07,0.31,0.31,1380.2471654450524,-1.5758537529287386e-06,-189004.64400822087,1309.9914479533372
0.01,,fixed_static_lattice_reference,KG,0.07100000000000001,-0.07100000000000001,0.3096666666666667,0.3096666666666667,1380.2538129902184,-1.5370352421828035e-06,-188537.1806926877,1310.1768611837674
0.01,,fixed_static_lattice_reference,KG,0.07200000000000001,-0.07200000000000001,0.3093333333333333,0.3093333333333333,1380.2606328004308,-1.4987060198786335e-06,-188075.60952481406,1310.3601813752705
0.01,,fixed_static_lattice_reference,KG,0.073,-0.073,0.309,0.309,1380.267627627295,-1.4596585290458838e-06,-187605.38876731528,1310.546960283593
0.01,,fixed_static_lattice_reference,KG,0.074,-0.074,0.3086666666666667,0.3086666666666667,1380.2748002408223,-1.421038209447398e-06,-187140.31212476658,1310.7319375276836
0.01,,fixed_static_lattice_reference,KG,0.075,-0.075,0.30833333333333335,0.30833333333333335,1380.2821534290986,-1.3837882985135852e-06,-186691.73832495228,1310.910784435736
0.01,,fixed_static_lattice_reference,KG,0.076,-0.076,0.308,0.308,1380.289689997948,-1.347082264768895e-06,-186249.71404569363,1311.0873023063482
0.01,,fixed_static_lattice_reference,KG,0.077,-0.077,0.3076666666666667,0.3076666666666667,1380.297412770596,-1.3095319118234824e-06,-185797.5222395167,1311.2678694537149
0.01,,fixed_static_lattice_reference,KG,0.078,-0.078,0.30733333333333335,0.30733333333333335,1380.3053245873323,-1.2725370276670597e-06,-185352.0195431687,1311.4460604771255
0.01,,fixed_static_lattice_reference,KG,0.079,-0.079,0.307,0.307,1380.313428305167,-1.2372404103421306e-06,-184926.96784889302,1311.6166332090602
0.01,,fixed_static_lattice_reference,KG,0.08,-0.08,0.3066666666666667,0.3066666666666667,1380.321726797487,-1.2029085844392863e-06,-184513.5344415712,1311.7829603359028
0.01,,fixed_static_lattice_reference,KG,0.081,-0.081,0.30633333333333335,0.30633333333333335,1380.3302229537114,-1.168640332417846e-06,-184100.86660863154,1311.9491826251544
0.01,,fixed_static_lattice_reference,KG,0.082,-0.082,0.306,0.306,1380.338919678945,-1.1386984660006716e-06,-183740.2983158335,1312.0957415008265
0.01,,fixed_static_lattice_reference,KG,0.083,-0.083,0.3056666666666667,0.3056666666666667,1380.3478198936255,-1.122376204419657e-06,-183543.74109689228,1312.1800039583718
0.01,,fixed_static_lattice_reference,KG,0.084,-0.084,0.30533333333333335,0.30533333333333335,1380.3569265331753,-1.081658049398305e-06,-183053.4017360329,1312.3764105210369
0.01,,fixed_static_lattice_reference,KG,0.085,-0.085,0.305,0.305,1380.3662425476473,-1.0337911480053126e-06,-182476.97518077632,1312.6058008344828
0.01,,fixed_static_lattice_reference,KG,0.08600000000000001,-0.08600000000000001,0.3046666666666667,0.3046666666666667,1380.37577090137,-9.957716718880142e-07,-182019.13406273478,1312.7902097550914
0.01,,fixed_static_lattice_reference,KG,0.08700000000000001,-0.08700000000000001,0.30433333333333334,0.30433333333333334,1380.3855145725936,-9.62007563444008e-07,-181612.53726713487,1312.9553044847753
0.01,,fixed_static_lattice_reference,KG,0.088,-0.088,0.304,0.304,1380.3954765531284,-9.29611500202606e-07,-181222.414852801,1313.1143350201983
0.01,,fixed_static_lattice_reference,KG,0.089,-0.089,0.3036666666666667,0.3036666666666667,1380.40565984799,-8.962679916904146e-07,-180820.88303869736,1313.2779228714944
0.01,,fixed_static_lattice_reference,KG,0.09,-0.09,0.30333333333333334,0.30333333333333334,1380.416067475038,-8.636421089286636e-07,-180427.99307370553,1313.4384364215719
0.01,,fixed_static_lattice_reference,KG,0.091,-0.091,0.303,0.303,1380.4267024646117,-8.329652205941547e-07,-180058.5734423099,1313.5902357413486
0.01,,fixed_static_lattice_reference,KG,0.092,-0.092,0.3026666666666667,0.3026666666666667,1380.4375678591737,-8.02943597051711e-07,-179697.04469200075,1313.7392564983927
0.01,,fixed_static_lattice_reference,KG,0.093,-0.093,0.30233333333333334,0.30233333333333334,1380.4486667129397,-7.716149968717734e-07,-179319.77696509135,1313.8944951800513
0.01,,fixed_static_lattice_reference,KG,0.094,-0.094,0.302,0.302,1380.4600020915184,-7.409069077343772e-07,-178949.98160493938,1314.04712083303
0.01,,fixed_static_lattice_reference,KG,0.095,-0.095,0.3016666666666667,0.3016666666666667,1380.4715770715454,-7.121547078257345e-07,-178603.7396075033,1314.1910194088591
0.01,,fixed_static_lattice_reference,KG,0.096,-0.096,0.30133333333333334,0.30133333333333334,1380.4833947403167,-6.840498507806345e-07,-178265.29309308453,1314.3321916702278
0.01,,fixed_static_lattice_reference,KG,0.097,-0.097,0.301,0.301,1380.4954581954232,-6.545938212800682e-07,-177910.57538371903,1314.4797962366986
0.01,,fixed_static_lattice_reference,KG,0.098,-0.098,0.3006666666666667,0.3006666666666667,1380.5077705443803,-6.258066532854716e-07,-177563.9122908549,1314.6245822448934
0.01,,fixed_static_lattice_reference,KG,0.099,-0.099,0.30033333333333334,0.30033333333333334,1380.5203349042642,-5.99111384316654e-07,-177242.44042855478,1314.7600369100162
0.01,,fixed_static_lattice_reference,KG,0.1,-0.1,0.3,0.3,1380.533154401342,-5.732795525277887e-07,-176931.36631720228,1314.8917917776039
0.01,,fixed_static_lattice_reference,KG,0.101,-0.101,0.2996666666666667,0.2996666666666667,1380.5462321707025,-5.465790774597934e-07,-176609.83176160618,1315.0277819875582
0.01,,fixed_static_lattice_reference,KG,0.10200000000000001,-0.10200000000000001,0.29933333333333334,0.29933333333333334,1380.559571355888,-5.220920199840891e-07,-176314.95179698922,1315.153899080014
0.01,,fixed_static_lattice_reference,KG,0.10300000000000001,-0.10300000000000001,0.299,0.299,1380.5731751085257,-5.057277563703902e-07,-176117.88877787482,1315.2430965609974
0.01,,fixed_static_lattice_reference,KG,0.10400000000000001,-0.10400000000000001,0.2986666666666667,0.2986666666666667,1380.5870465879595,-5.082234786248224e-07,-176147.94296020403,1315.2462317932186
0.01,,fixed_static_lattice_reference,KG,0.105,-0.105,0.29833333333333334,0.29833333333333334,1380.6011889608792,-4.619204242222121e-07,-175590.34868586354,1315.4730306145884
0.01,,fixed_static_lattice_reference,KG,0.106,-0.106,0.298,0.298,1380.6156054009534,-4.2248258387953573e-07,-175115.4272308722,1315.6686599010288
0.01,,fixed_static_lattice_reference,KG,0.107,-0.107,0.2976666666666667,0.2976666666666667,1380.6302990884606,-3.95161476260292e-07,-174786.41884527702,1315.8091061836496
0.01,,fixed_static_lattice_reference,KG,0.108,-0.108,0.29733333333333334,0.29733333333333334,1380.6452732099187,-3.708602236803966e-07,-174493.7763949533,1315.9360144178509
0.01,,fixed_static_lattice_reference,KG,0.109,-0.109,0.297,0.297,1380.660530957721,-3.458808715502934e-07,-174192.96808102715,1316.0663105115293
0.01,,fixed_static_lattice_reference,KG,0.11,-0.11,0.2966666666666667,0.2966666666666667,1380.6760755297669,-3.218296336958947e-07,-173903.33637764523,1316.1926489547923
0.01,,fixed_static_lattice_reference,KG,0.111,-0.111,0.29633333333333334,0.29633333333333334,1380.691910129092,-2.9989774753520154e-07,-173639.22649749875,1316.3095852414135
0.01,,fixed_static_lattice_reference,KG,0.112,-0.112,0.296,0.296,1380.7080379635065,-2.7864294947547127e-07,-173383.27030080126,1316.4237219817312
0.01,,fixed_static_lattice_reference,KG,0.113,-0.113,0.2956666666666667,0.2956666666666667,1380.7244622452274,-2.5600380244350004e-07,-173110.64338830393,1316.5444911791126
0.01,,fixed_static_lattice_reference,KG,0.114,-0.114,0.29533333333333334,0.29533333333333334,1380.7411861905125,-2.34007666973427e-07,-172845.75980008347,1316.662623242074
0.01,,fixed_static_lattice_reference,KG,0.115,-0.115,0.295,0.295,1380.7582130192989,-2.1398014105794414e-07,-172604.58275628462,1316.7720607849951
0.01,,fixed_static_lattice_reference,KG,0.116,-0.116,0.2946666666666667,0.2946666666666667,1380.7755459548378,-1.9455839680867175e-07,-172370.700703992,1316.8790406118887
0.01,,fixed_static_lattice_reference,KG,0.117,-0.117,0.29433333333333334,0.29433333333333334,1380.793188223333,-1.7376669056787033e-07,-172120.32118792736,1316.992599620829
0.01,,fixed_static_lattice_reference,KG,0.11800000000000001,-0.11800000000000001,0.294,0.294,1380.8111430535826,-1.5362277754449097e-07,-171877.7425781669,1317.1035153710488
0.01,,fixed_static_lattice_reference,KG,0.11900000000000001,-0.11900000000000001,0.2936666666666667,0.2936666666666667,1380.829413676614,-1.3545078295269432e-07,-171658.91035924613,1317.2057391748851
0.01,,fixed_static_lattice_reference,KG,0.12,-0.12,0.29333333333333333,0.29333333333333333,1380.8480033253297,-1.1798425727905875e-07,-171448.5735934778,1317.3050651591955
0.01,,fixed_static_lattice_reference,KG,0.121,-0.121,0.293,0.293,1380.8669152341502,-9.94499947863435e-08,-171225.3788436196,1317.4096017354125
0.01,,fixed_static_lattice_reference,KG,0.122,-0.122,0.2926666666666667,0.2926666666666667,1380.8861526386556,-8.22198068614928e-08,-171017.8881228311,1317.508511709263
0.01,,fixed_static_lattice_reference,KG,0.123,-0.123,0.29233333333333333,0.29233333333333333,1380.9057187752337,-6.902135820510391e-08,-170858.94872896327,1317.5893348904967
0.01,,fixed_static_lattice_reference,KG,0.124,-0.124,0.292,0.292,1380.925616880727,-6.565220710806613e-08,-170818.37647330252,1317.6255852419206
0.01,,fixed_static_lattice_reference,KG,0.125,-0.125,0.2916666666666667,0.2916666666666667,1380.9458501920806,-8.125587724599054e-08,-171006.2802139921,1317.575485863613
0.01,,fixed_static_lattice_reference,KG,0.126,-0.126,0.29133333333333333,0.29133333333333333,1380.9664219459962,-3.081946671570687e-08,-170398.9109142168,1317.8275105749274
0.01,,fixed_static_lattice_reference,KG,0.127,-0.127,0.291,0.291,1380.987335378579,-2.684034762516308e-09,-170060.09620824113,1317.9779680509787
0.01,,fixed_static_lattice_reference,KG,0.128,-0.128,0.2906666666666667,0.2906666666666667,1381.0085937249994,1.5662186185465975e-08,-169839.16590702534,1318.0840527201879
0.01,,fixed_static_lattice_reference,KG,0.129,-0.129,0.29033333333333333,0.29033333333333333,1381.0302002191431,3.3101748633529756e-08,-169629.1538399273,1318.1863525607444
0.01,,fixed_static_lattice_reference,KG,0.13,-0.13,0.29,0.29,1381.052158093275,4.9288026829251263e-08,-169434.2341707768,1318.2832886763435
0.01,,fixed_static_lattice_reference,KG,0.131,-0.131,0.2896666666666667,0.2896666666666667,1381.0744705776951,6.349424411667028e-08,-169263.1589464379,1318.371546391617
0.01,,fixed_static_lattice_reference,KG,0.132,-0.132,0.28933333333333333,0.28933333333333333,1381.097140900404,7.707291246036086e-08,-169099.64084122228,1318.4573075234737
0.01,,fixed_static_lattice_reference,KG,0.133,-0.133,0.289,0.289,1381.1201722867677,9.179574100953642e-08,-168922.3444402174,1318.5486664728055
0.01,,fixed_static_lattice_reference,KG,0.134,-0.134,0.2886666666666667,0.2886666666666667,1381.1435679591834,1.059585039265461e-07,-168751.79250550698,1318.637843689281
0.01,,fixed_static_lattice_reference,KG,0.135,-0.135,0.28833333333333333,0.28833333333333333,1381.1673311367513,1.1848662106147646e-07,-168600.9254304764,1318.7199365934148
0.01,,fixed_static_lattice_reference,KG,0.136,-0.136,0.288,0.288,1381.191465034945,1.3053544229588622e-07,-168455.83017014127,1318.8002247934432
0.01,,fixed_static_lattice_reference,KG,0.137,-0.137,0.2876666666666667,0.2876666666666667,1381.2159728652875,1.4371961851168213e-07,-168297.06264897727,1318.8860834238967
0.01,,fixed_static_lattice_reference,KG,0.138,-0.138,0.28733333333333333,0.28733333333333333,1381.240857835026,1.5638551542685156e-07,-168144.53639146785,1318.969965905733
0.01,,fixed_static_lattice_reference,KG,0.139,-0.139,0.287,0.287,1381.266123146815,1.674801740168934e-07,-168010.93142338563,1319.0470694898065
0.01,,fixed_static_lattice_reference,KG,0.14,-0.14,0.2866666666666667,0.2866666666666667,1381.2917719983961,1.7806398657077217e-07,-167883.47820551752,1319.1222389092497
0.01,,fixed_static_lattice_reference,KG,0.14100000000000001,-0.14100000000000001,0.28633333333333333,0.28633333333333333,1381.317807582285,1.8957852571296225e-07,-167744.81691890932,1319.2020575427487
0.01,,fixed_static_lattice_reference,KG,0.14200000000000002,-0.14200000000000002,0.286,0.286,1381.3442330854568,2.0028247701663488e-07,-167615.9169567632,1319.278580634767
0.01,,fixed_static_lattice_reference,KG,0.14300000000000002,-0.14300000000000002,0.2856666666666667,0.2856666666666667,1381.3710516890403,2.086579562060075e-07,-167515.0571041875,1319.3448849108022
0.01,,fixed_static_lattice_reference,KG,0.14400000000000002,-0.14400000000000002,0.2853333333333333,0.2853333333333333,1381.3982665680096,2.137283356511988e-07,-167453.99818304615,1319.39651837272
0.01,,fixed_static_lattice_reference,KG,0.145,-0.145,0.285,0.285,1381.425880890881,2.0647081954889694e-07,-167541.39521282716,1319.392310566618
0.01,,fixed_static_lattice_reference,KG,0.146,-0.146,0.2846666666666667,0.2846666666666667,1381.4538978194137,1.865689932432127e-07,-167781.0585469234,1319.3308202469643
0.01,,fixed_static_lattice_reference,KG,0.147,-0.147,0.2843333333333333,0.2843333333333333,1381.4823205083107,2.3522182254105172e-07,-167195.1676289927,1319.5825984939459
0.01,,fixed_static_lattice_reference,KG,0.148,-0.148,0.284,0.284,1381.5111521049287,2.547381424191575e-07,-166960.1466706428,1319.7018287172464
0.01,,fixed_static_lattice_reference,KG,0.149,-0.149,0.2836666666666667,0.2836666666666667,1381.5403957489807,2.6750428250391647e-07,-166806.41325697218,1319.7906848547152
0.01,,fixed_static_lattice_reference,KG,0.15,-0.15,0.2833333333333333,0.2833333333333333,1381.5700545722555,2.779942042810092e-07,-166680.09069798226,1319.8695863579867
0.01,,fixed_static_lattice_reference,KM,0.001,0.001,0.3336666666666666,0.33266666666666667,1380.07057256686,-3.8143353143618313e-06,-215961.0622828967,1299.4744025882633
0.01,,fixed_static_lattice_reference,KM,0.002,0.002,0.334,0.332,1380.07063262336,-3.810350457389309e-06,-215913.0755256382,1299.49293014768
0.01,,fixed_static_lattice_reference,KM,0.003,0.003,0.3343333333333333,0.3313333333333333,1380.0707317867982,-3.805510717031533e-06,-215854.79402460967,1299.5154599734237
0.01,,fixed_static_lattice_reference,KM,0.004,0.004,0.33466666666666667,0.33066666666666666,1380.070869332077,-3.7996358955035173e-06,-215784.04778790765,1299.5428259934674
0.01,,fixed_static_lattice_reference,KM,0.005,0.005,0.33499999999999996,0.33,1380.0710445661437,-3.792367226637191e-06,-215696.51645343672,1299.576689386375
0.01,,fixed_static_lattice_reference,KM,0.006,0.006,0.3353333333333333,0.3293333333333333,1380.071256827983,-3.783537573147958e-06,-215590.1873074759,1299.6178232908676
0.01,,fixed_static_lattice_reference,KM,0.007,0.007,0.3356666666666666,0.32866666666666666,1380.0715054886093,-3.7734103032519774e-06,-215468.23190341986,1299.6650062066674
0.01,,fixed_static_lattice_reference,KM,0.008,0.008,0.336,0.328,1380.0717899510503,-3.7619634683775977e-06,-215330.3859304571,1299.718338521173
0.01,,fixed_static_lattice_reference,KM,0.009000000000000001,0.009000000000000001,0.3363333333333333,0.3273333333333333,1380.0721096503316,-3.748720103746098e-06,-215170.90564591,1299.7800283851136
0.01,,fixed_static_lattice_reference,KM,0.01,0.01,0.33666666666666667,0.32666666666666666,1380.0724640534493,-3.734118306432511e-06,-214995.0667367456,1299.8480446966919
0.01,,fixed_static_lattice_reference,KM,0.011,0.011,0.33699999999999997,0.326,1380.072852659341,-3.718479370201507e-06,-214806.7383119432,1299.920897722376
0.01,,fixed_static_lattice_reference,KM,0.012,0.012,0.3373333333333333,0.3253333333333333,1380.0732749988506,-3.7015504714532396e-06,-214602.87579931394,1299.9997571410308
0.01,,fixed_static_lattice_reference,KM,0.013000000000000001,0.013000000000000001,0.3376666666666666,0.32466666666666666,1380.07373063469,-3.682709203223082e-06,-214375.98400087882,1300.0875039731256
0.01,,fixed_static_lattice_reference,KM,0.014,0.014,0.338,0.324,1380.0742191613926,-3.66250117120496e-06,-214132.6332523295,1300.181609292178
0.01,,fixed_static_lattice_reference,KM,0.015,0.015,0.3383333333333333,0.3233333333333333,1380.0747402052639,-3.641373631342017e-06,-213878.20953427316,1300.280000237777
0.01,,fixed_static_lattice_reference,KM,0.016,0.016,0.33866666666666667,0.32266666666666666,1380.075293424327,-3.619060312958208e-06,-213609.50634108495,1300.3839083821197
0.01,,fixed_static_lattice_reference,KM,0.017,0.017,0.33899999999999997,0.322,1380.0758785082626,-3.594773493633773e-06,-213317.0377000425,1300.4969791354035
0.01,,fixed_static_lattice_reference,KM,0.018000000000000002,0.018000000000000002,0.3393333333333333,0.3213333333333333,1380.076495178344,-3.56918452828326e-06,-213008.88825396754,1300.6161018108971
0.01,,fixed_static_lattice_reference,KM,0.019,0.019,0.3396666666666666,0.32066666666666666,1380.0771431873666,-3.543009008761029e-06,-212693.67535922898,1300.7379620004078
0.01,,fixed_static_lattice_reference,KM,0.02,0.02,0.34,0.32,1380.077822319574,-3.515658130388503e-06,-212364.308465933,1300.8652840292127
0.01,,fixed_static_lattice_reference,KM,0.021,0.021,0.3403333333333333,0.3193333333333333,1380.0785323905777,-3.486354979332863e-06,-212011.43176137074,1301.0016617222132
0.01,,fixed_static_lattice_reference,KM,0.022,0.022,0.3406666666666667,0.31866666666666665,1380.0792732472742,-3.4557294204836476e-06,-211642.63025392988,1301.1441773273225
0.01,,fixed_static_lattice_reference,KM,0.023,0.023,0.34099999999999997,0.318,1380.0800447677518,-3.424760549226246e-06,-211269.69448287325,1301.2882983733032
0.01,,fixed_static_lattice_reference,KM,0.024,0.024,0.3413333333333333,0.3173333333333333,1380.0808468612024,-3.3926297169095225e-06,-210882.7660531887,1301.4378117374433
0.01,,fixed_static_lattice_reference,KM,0.025,0.025,0.3416666666666666,0.31666666666666665,1380.0816794678167,-3.3585949877282955e-06,-210472.91036731604,1301.5961476723082
0.01,,fixed_static_lattice_reference,KM,0.026000000000000002,0.026000000000000002,0.342,0.316,1380.0825425586831,-3.3237651933596833e-06,-210053.48028506862,1301.7581741591528
0.01,,fixed_static_lattice_reference,KM,0.027,0.027,0.3423333333333333,0.3153333333333333,1380.08343613568,-3.2883782272358665e-06,-209627.34058539884,1301.9227896118366
0.01,,fixed_static_lattice_reference,KM,0.028,0.028,0.3426666666666667,0.31466666666666665,1380.0843602313616,-3.252075018861876e-06,-209190.1672414221,1302.0916534997775
0.01,,fixed_static_lattice_reference,KM,0.029,0.029,0.34299999999999997,0.314,1380.0853149088398,-3.2140687653336094e-06,-208732.48535347954,1302.2684020867403
0.01,,fixed_static_lattice_reference,KM,0.03,0.03,0.3433333333333333,0.3133333333333333,1380.0863002616625,-3.1752174915917234e-06,-208264.62749682614,1302.4490656732405
0.01,,fixed_static_lattice_reference,KM,0.031,0.031,0.3436666666666666,0.31266666666666665,1380.0873164136876,-3.1360883444096607e-06,-207793.42341083146,1302.6310212470385
0.01,,fixed_static_lattice_reference,KM,0.032,0.032,0.34400000000000003,0.312,1380.0883635189489,-3.096306517402252e-06,-207314.3595726393,1302.8160006492747
0.01,,fixed_static_lattice_reference,KM,0.033,0.033,0.3443333333333333,0.3113333333333333,1380.0894417615211,-3.0547974549215103e-06,-206814.49588392337,1303.008968264495
0.01,,fixed_static_lattice_reference,KM,0.034,0.034,0.3446666666666667,0.31066666666666665,1380.0905513553828,-3.0128322382258076e-06,-206309.1390591334,1303.204048060499
0.01,,fixed_static_lattice_reference,KM,0.035,0.035,0.345,0.31,1380.0916925442664,-2.970671591440036e-06,-205801.4288107807,1303.4000349159567
0.01,,fixed_static_lattice_reference,KM,0.036000000000000004,0.036000000000000004,0.3453333333333333,0.3093333333333333,1380.0928656015092,-2.927710104883509e-06,-205284.07462691233,1303.599725014267
0.01,,fixed_static_lattice_reference,KM,0.037,0.037,0.3456666666666666,0.3086666666666667,1380.0940708299047,-2.883624027224799e-06,-204753.17780384573,1303.8046121010666
0.01,,fixed_static_lattice_reference,KM,0.038,0.038,0.34600000000000003,0.308,1380.0953085615408,-2.839245838232017e-06,-204218.76329475493,1304.0108501921368
0.01,,fixed_static_lattice_reference,KM,0.039,0.039,0.3463333333333333,0.30733333333333335,1380.0965791576352,-2.7944908771352702e-06,-203679.8115910749,1304.218829879224
0.01,,fixed_static_lattice_reference,KM,0.04,0.04,0.3466666666666667,0.3066666666666667,1380.0978830083745,-2.7495764762072487e-06,-203138.9398685501,1304.4275475531965
0.01,,fixed_static_lattice_reference,KM,0.041,0.041,0.347,0.306,1380.0992205327402,-2.703942654308211e-06,-202589.40467836746,1304.6395877163584
0.01,,fixed_static_lattice_reference,KM,0.042,0.042,0.3473333333333333,0.30533333333333335,1380.1005921783321,-2.6572837412614072e-06,-202027.5250551437,1304.856359710079
0.01,,fixed_static_lattice_reference,KM,0.043000000000000003,0.043000000000000003,0.3476666666666666,0.3046666666666667,1380.1019984211946,-2.609870319031175e-06,-201456.55942223774,1305.076613315838
0.01,,fixed_static_lattice_reference,KM,0.044,0.044,0.34800000000000003,0.304,1380.1034397656279,-2.5622311260978444e-06,-200882.87499565855,1305.2979083172006
0.01,,fixed_static_lattice_reference,KM,0.045,0.045,0.34833333333333333,0.30333333333333334,1380.1049167440046,-2.5139315718639567e-06,-200301.23831441847,1305.5222491043794
0.01,,fixed_static_lattice_reference,KM,0.046,0.046,0.3486666666666667,0.3026666666666667,1380.1064299165778,-2.4654156553037412e-06,-199716.996137798,1305.7475873074718
0.01,,fixed_static_lattice_reference,KM,0.047,0.047,0.349,0.302,1380.1079798712844,-2.4167991467712137e-06,-199131.5426046368,1305.9733892770407
0.01,,fixed_static_lattice_reference,KM,0.048,0.048,0.34933333333333333,0.30133333333333334,1380.1095672235483,-2.368119753902197e-06,-198545.3318007853,1306.1994816034742
0.01,,fixed_static_lattice_reference,KM,0.049,0.049,0.3496666666666666,0.3006666666666667,1380.1111926160768,-2.3189176274660947e-06,-197952.8260937622,1306.4279841959938
0.01,,fixed_static_lattice_reference,KM,0.05,0.05,0.35000000000000003,0.3,1380.1128567186531,-2.269571839058182e-06,-197358.5903692715,1306.6571497186437
0.01,,fixed_static_lattice_reference,KM,0.051000000000000004,0.051000000000000004,0.35033333333333333,0.29933333333333334,1380.1145602279282,-2.2204881320626295e-06,-196767.51070212576,1306.8851092008822
0.01,,fixed_static_lattice_reference,KM,0.052000000000000005,0.052000000000000005,0.3506666666666667,0.2986666666666667,1380.1163038672044,-2.1713220341543624e-06,-196175.4388606671,1307.113450829501
0.01,,fixed_static_lattice_reference,KM,0.053,0.053,0.351,0.298,1380.118088386219,-2.121927476330475e-06,-195580.61584128923,1307.34284793605
0.01,,fixed_static_lattice_reference,KM,0.054,0.054,0.35133333333333333,0.29733333333333334,1380.1199145609216,-2.072475662582826e-06,-194985.1033301343,1307.5725124204437
0.01,,fixed_static_lattice_reference,KM,0.055,0.055,0.3516666666666666,0.2966666666666667,1380.1217831932518,-2.022962354156933e-06,-194388.8502829406,1307.8024645035582
0.01,,fixed_static_lattice_reference,KM,0.056,0.056,0.35200000000000004,0.296,1380.1236951109076,-1.9737091512185473e-06,-193795.7294984546,1308.0312245157343
0.01,,fixed_static_lattice_reference,KM,0.057,0.057,0.35233333333333333,0.29533333333333334,1380.1256511671156,-1.9247169373652456e-06,-193205.7516172044,1308.2587899159137
0.01,,fixed_static_lattice_reference,KM,0.058,0.058,0.3526666666666667,0.2946666666666667,1380.1276522403941,-1.8760145627466392e-06,-192619.264060725,1308.4850294970354
0.01,,fixed_static_lattice_reference,KM,0.059000000000000004,0.059000000000000004,0.353,0.294,1380.1296992343161,-1.827486317183799e-06,-192034.87341482186,1308.710477261408
0.01,,fixed_static_lattice_reference,KM,0.06,0.06,0.35333333333333333,0.29333333333333333,1380.1317930772655,-1.779380014481235e-06,-191455.56392233344,1308.9339946461528
0.01,,fixed_static_lattice_reference,KM,0.061,0.061,0.35366666666666663,0.2926666666666667,1380.1339347221929,-1.7328618308029641e-06,-190895.37900135206,1309.1502200933282
0.01,,fixed_static_lattice_reference,KM,0.062,0.062,0.35400000000000004,0.292,1380.1361251463657,-1.6877764876278175e-06,-190352.44874468807,1309.3598722999482
0.01,,fixed_static_lattice_reference,KM,0.063,0.063,0.35433333333333333,0.29133333333333333,1380.138365351118,-1.6383858807968501e-06,-189757.67330426705,1309.5893380024859
0.01,,fixed_static_lattice_reference,KM,0.064,0.064,0.3546666666666667,0.2906666666666667,1380.1406563615933,-1.5867522936483862e-06,-189135.8872702982,1309.8291278147358
0.01,,fixed_static_lattice_reference,KM,0.065,0.065,0.355,0.29,1380.1429992264907,-1.5372624352945954e-06,-188539.9166154025,1310.0590756521212
0.01,,fixed_static_lattice_reference,KM,0.066,0.066,0.35533333333333333,0.28933333333333333,1380.1453950177963,-1.4887307676335668e-06,-187955.4847596401,1310.2846357296528
0.01,,fixed_static_lattice_reference,KM,0.067,0.067,0.35566666666666663,0.2886666666666667,1380.1478448305281,-1.4403088427653782e-06,-187372.3744571473,1310.5097096676561
0.01,,fixed_static_lattice_reference,KM,0.068,0.068,0.35600000000000004,0.288,1380.1503497824622,-1.3922734229153795e-06,-186793.91855570703,1310.7330275265615
0.01,,fixed_static_lattice_reference,KM,0.069,0.069,0.35633333333333334,0.28733333333333333,1380.1529110138654,-1.345644404877969e-06,-186232.39893651073,1310.949907068739
0.01,,fixed_static_lattice_reference,KM,0.07,0.07,0.3566666666666667,0.2866666666666667,1380.1555296872218,-1.299610892889839e-06,-185678.0505669803,1311.1640765210261
0.01,,fixed_static_lattice_reference,KM,0.07100000000000001,0.07100000000000001,0.357,0.286,1380.1582069869587,-1.2534005121387428e-06,-185121.57229455662,1311.3790847878047
0.01,,fixed_static_lattice_reference,KM,0.07200000000000001,0.07200000000000001,0.35733333333333334,0.2853333333333333,1380.1609441191667,-1.2075359140126914e-06,-184569.2580327879,1311.5925333879886
0.01,,fixed_static_lattice_reference,KM,0.073,0.073,0.35766666666666663,0.2846666666666667,1380.163742311318,-1.1628907621742415e-06,-184031.62868277298,1311.8004142810785
0.01,,fixed_static_lattice_reference,KM,0.074,0.074,0.35800000000000004,0.284,1380.166602811984,-1.1186041817878863e-06,-183498.31735002948,1312.0066822114677
0.01,,fixed_static_lattice_reference,KM,0.075,0.075,0.35833333333333334,0.2833333333333333,1380.1695268905494,-1.0742018507487578e-06,-182963.61211569418,1312.213515721275
0.01,,fixed_static_lattice_reference,KM,0.076,0.076,0.3586666666666667,0.2826666666666667,1380.1725158369209,-1.0302673094724102e-06,-182434.54013593972,1312.4182387241028
0.01,,fixed_static_lattice_reference,KM,0.077,0.077,0.359,0.282,1380.1755709612394,-9.88069938133919e-07,-181926.38764029712,1312.6150307831638
0.01,,fixed_static_lattice_reference,KM,0.078,0.078,0.35933333333333334,0.2813333333333333,1380.1786935935822,-9.463499174446346e-07,-181423.98353409197,1312.809674977906
0.01,,fixed_static_lattice_reference,KM,0.079,0.079,0.35966666666666663,0.2806666666666667,1380.1818850836696,-9.046041913416275e-07,-180921.26987613703,1313.0044805852624
0.01,,fixed_static_lattice_reference,KM,0.08,0.08,0.36000000000000004,0.27999999999999997,1380.1851468005646,-8.636450345656359e-07,-180428.0283050406,1313.1957246137588
0.01,,fixed_static_lattice_reference,KM,0.081,0.081,0.36033333333333334,0.2793333333333333,1380.1884801323736,-8.252372635585381e-07,-179965.51123181422,1313.3753193426078
0.01,,fixed_static_lattice_reference,KM,0.082,0.082,0.3606666666666667,0.2786666666666667,1380.1918864859401,-7.899146210488351e-07,-179540.1461350167,1313.5408244080584
0.01,,fixed_static_lattice_reference,KM,0.083,0.083,0.361,0.27799999999999997,1380.1953672865416,-7.598120893343687e-07,-179177.64306597094,1313.6824611805018
0.01,,fixed_static_lattice_reference,KM,0.084,0.084,0.36133333333333334,0.2773333333333333,1380.1989239775844,-7.146089745344108e-07,-178633.29457060708,1313.8933652234775
0.01,,fixed_static_lattice_reference,KM,0.085,0.085,0.36166666666666664,0.27666666666666667,1380.202558020286,-6.692856900024363e-07,-178087.49895786867,1314.1048672795762
0.01,,fixed_static_lattice_reference,KM,0.08600000000000001,0.08600000000000001,0.36200000000000004,0.27599999999999997,1380.206270893372,-6.288437398963384e-07,-177600.48573350883,1314.29405555982
0.01,,fixed_static_lattice_reference,KM,0.08700000000000001,0.08700000000000001,0.36233333333333334,0.2753333333333333,1380.210064092757,-5.89399630517352e-07,-177125.48878503664,1314.4787302341167
0.01,,fixed_static_lattice_reference,KM,0.088,0.088,0.3626666666666667,0.27466666666666667,1380.213939131228,-5.510724036740094e-07,-176663.94164705792,1314.6583495817777
0.01,,fixed_static_lattice_reference,KM,0.089,0.089,0.363,0.274,1380.2178975381312,-5.150998115265506e-07,-176230.74967574215,1314.8272491125354
0.01,,fixed_static_lattice_reference,KM,0.09,0.09,0.36333333333333334,0.2733333333333334,1380.2219408590477,-4.79614514656031e-07,-175803.4258498401,1314.9939848451309
0.01,,fixed_static_lattice_reference,KM,0.091,0.091,0.36366666666666664,0.27266666666666667,1380.2260706554746,-4.4386296240663463e-07,-175372.89570252603,1315.1620091891816
0.01,,fixed_static_lattice_reference,KM,0.092,0.092,0.36400000000000005,0.272,1380.230288504499,-4.087126453190122e-07,-174949.60579644574,1315.3273522240638
0.01,,fixed_static_lattice_reference,KM,0.093,0.093,0.36433333333333334,0.27133333333333337,1380.2345959984746,-3.757254906741391e-07,-174552.36529484013,1315.4828675038805
0.01,,fixed_static_lattice_reference,KM,0.094,0.094,0.3646666666666667,0.27066666666666667,1380.238994744696,-3.432362104259228e-07,-174161.12033535365,1315.6361815785149
0.01,,fixed_static_lattice_reference,KM,0.095,0.095,0.365,0.27,1380.243486365065,-3.1017802470214163e-07,-173763.02445771702,1315.7921785736046
0.01,,fixed_static_lattice_reference,KM,0.096,0.096,0.36533333333333334,0.26933333333333337,1380.248072495768,-2.7762699892148883e-07,-173371.03594133572,1315.9459357006074
0.01,,fixed_static_lattice_reference,KM,0.097,0.097,0.36566666666666664,0.26866666666666666,1380.2527547869347,-2.47247943992609e-07,-173005.20290274327,1316.0898389525614
0.01,,fixed_static_lattice_reference,KM,0.098,0.098,0.36600000000000005,0.268,1380.2575349023134,-2.173468692990289e-07,-172645.12583523933,1316.2316425384142
0.01,,fixed_static_lattice_reference,KM,0.099,0.099,0.36633333333333334,0.26733333333333337,1380.2624145189297,-1.8706631854995007e-07,-172280.47901140884,1316.3752709323496
0.01,,fixed_static_lattice_reference,KM,0.1,0.1,0.3666666666666667,0.26666666666666666,1380.2673953267538,-1.5764491926864773e-07,-171926.1783287866,1316.515060405051
0.01,,fixed_static_lattice_reference,KM,0.101,0.101,0.367,0.266,1380.2724790283619,-1.310110665837267e-07,-171605.4460584787,1316.6421952469173
0.01,,fixed_static_lattice_reference,KM,0.10200000000000001,0.10200000000000001,0.36733333333333335,0.26533333333333337,1380.2776673385933,-1.0611773083828225e-07,-171305.67357780813,1316.7614686707159
0.01,,fixed_static_lattice_reference,KM,0.10300000000000001,0.10300000000000001,0.36766666666666664,0.26466666666666666,1380.282961984215,-8.519815988447002e-08,-171053.7542792651,1316.86267350269
0.01,,fixed_static_lattice_reference,KM,0.10400000000000001,0.10400000000000001,0.36800000000000005,0.264,1380.2883647035771,-7.599656337117917e-08,-170942.94609183993,1316.9104083589875
0.01,,fixed_static_lattice_reference,KM,0.105,0.105,0.36833333333333335,0.26333333333333336,1380.2938772462678,-3.44564729680254e-08,-170442.7087562425,1317.1061000569744
0.01,,fixed_static_lattice_reference,KM,0.106,0.106,0.3686666666666667,0.26266666666666666,1380.2995013727716,1.0912380848830339e-10,-170026.46021496571,1317.2700001423232
0.01,,fixed_static_lattice_reference,KM,0.107,0.107,0.369,0.262,1380.305238854123,2.919920246788823e-08,-169676.14938752964,1317.4089733338726
0.01,,fixed_static_lattice_reference,KM,0.108,0.108,0.36933333333333335,0.26133333333333336,1380.3110914715583,5.623425538169173e-08,-169350.58575235013,1317.538661097675
0.01,,fixed_static_lattice_reference,KM,0.109,0.109,0.36966666666666664,0.26066666666666666,1380.3170610161685,8.024274586638438e-08,-169061.46882469734,1317.6546285380005
0.01,,fixed_static_lattice_reference,KM,0.11,0.11,0.37000000000000005,0.26,1380.3231492885498,1.0366951944853064e-07,-168779.35709396584,1317.7680521882044
0.01,,fixed_static_lattice_reference,KM,0.111,0.111,0.37033333333333335,0.25933333333333336,1380.3293580984523,1.2768822019694003e-07,-168490.1172114743,1317.8842967487742
0.01,,fixed_static_lattice_reference,KM,0.112,0.112,0.3706666666666667,0.25866666666666666,1380.335689264431,1.5123742526765243e-07,-168206.53112666606,1317.9985143885579
0.01,,fixed_static_lattice_reference,KM,0.113,0.113,0.371,0.258,1380.3421446134912,1.7247483423868768e-07,-167950.78433421667,1318.102291881004
0.01,,fixed_static_lattice_reference,KM,0.114,0.114,0.37133333333333335,0.25733333333333336,1380.3487259807362,1.933902113234915e-07,-167698.91553941206,1318.204722255701
0.01,,fixed_static_lattice_reference,KM,0.115,0.115,0.37166666666666665,0.25666666666666665,1380.3554352090123,2.1487515475149152e-07,-167440.1878681052,1318.3098799762356
0.01,,fixed_static_lattice_reference,KM,0.116,0.116,0.37200000000000005,0.256,1380.3622741485556,2.3590209444085816e-07,-167186.97560535147,1318.4130734664386
0.01,,fixed_static_lattice_reference,KM,0.117,0.117,0.37233333333333335,0.25533333333333336,1380.3692446566326,2.547386480851902e-07,-166960.14058127164,1318.5063939976367
0.01,,fixed_static_lattice_reference,KM,0.11800000000000001,0.11800000000000001,0.3726666666666667,0.25466666666666665,1380.3763485971872,2.733922021374434e-07,-166735.50928923636,1318.5990120113343
0.01,,fixed_static_lattice_reference,KM,0.11900000000000001,0.11900000000000001,0.373,0.254,1380.3835878404786,2.9301887843108574e-07,-166499.15938820151,1318.6962084540742
0.01,,fixed_static_lattice_reference,KM,0.12,0.12,0.37333333333333335,0.25333333333333335,1380.3909642627264,3.143430477398745e-07,-166242.36780360623,1318.8012914819933
0.01,,fixed_static_lattice_reference,KM,0.121,0.121,0.37366666666666665,0.25266666666666665,1380.3984797457497,3.337522838904976e-07,-166008.63637732045,1318.89776954359
0.01,,fixed_static_lattice_reference,KM,0.122,0.122,0.37399999999999994,0.252,1380.406136176608,3.4866433380273804e-07,-165829.06131997227,1318.973858525657
0.01,,fixed_static_lattice_reference,KM,0.123,0.123,0.37433333333333335,0.25133333333333335,1380.4139354472381,3.58164049738291e-07,-165714.66309545198,1319.0253864431418
0.01,,fixed_static_lattice_reference,KM,0.124,0.124,0.3746666666666667,0.25066666666666665,1380.4218794540952,3.468166045115541e-07,-165851.31219060248,1318.9819002112858
0.01,,fixed_static_lattice_reference,KM,0.125,0.125,0.375,0.25,1380.4299700977895,2.543028782887838e-07,-166965.38824250136,1318.5679785667794
0.01,,fixed_static_lattice_reference,KM,0.126,0.126,0.3753333333333333,0.24933333333333332,1380.4382092827234,3.787502241867872e-07,-165466.75865046124,1319.1447574080833
0.01,,fixed_static_lattice_reference,KM,0.127,0.127,0.37566666666666665,0.24866666666666667,1380.4465989167293,4.2132569708570516e-07,-164954.05295054446,1319.3478538695626
0.01,,fixed_static_lattice_reference,KM,0.128,0.128,0.37600000000000006,0.248,1380.4551409107037,4.433716971653768e-07,-164688.56887881027,1319.4573987772324
0.01,,fixed_static_lattice_reference,KM,0.129,0.129,0.37633333333333335,0.24733333333333332,1380.4638371782446,4.604972632206994e-07,-164482.33804370687,1319.5446440773333
0.01,,fixed_static_lattice_reference,KM,0.13,0.13,0.37666666666666665,0.24666666666666667,1380.4726896352838,4.7571349361783487e-07,-164299.09996025963,1319.6233352243416
0.01,,fixed_static_lattice_reference,KM,0.131,0.131,0.377,0.246,1380.4817001997244,4.897750115629717e-07,-164129.7672456925,1319.6969187433263
0.01,,fixed_static_lattice_reference,KM,0.132,0.132,0.37733333333333335,0.24533333333333332,1380.4908707910718,5.030666365078007e-07,-163969.70579701406,1319.7671531525846
0.01,,fixed_static_lattice_reference,KM,0.133,0.133,0.37766666666666665,0.24466666666666667,1380.5002033300698,5.157555571654742e-07,-163816.90228118637,1319.8348037209723
0.01,,fixed_static_lattice_reference,KM,0.134,0.134,0.37799999999999995,0.244,1380.5096997383298,5.278702168454276e-07,-163671.01417595707,1319.900002612189
0.01,,fixed_static_lattice_reference,KM,0.135,0.135,0.37833333333333335,0.24333333333333332,1380.5193619379675,5.395780770706803e-07,-163530.02486303583,1319.9635160952657
0.01,,fixed_static_lattice_reference,KM,0.136,0.136,0.3786666666666667,0.24266666666666667,1380.5291918512316,5.508631589894497e-07,-163394.1267642051,1320.02527354184
0.01,,fixed_static_lattice_reference,KM,0.137,0.137,0.379,0.242,1380.5391914001364,5.616946000597127e-07,-163263.6915347898,1320.085136442704
0.01,,fixed_static_lattice_reference,KM,0.138,0.138,0.3793333333333333,0.24133333333333332,1380.5493625060933,5.720404953879215e-07,-163139.10338240195,1320.1429615513537
0.01,,fixed_static_lattice_reference,KM,0.139,0.139,0.37966666666666665,0.24066666666666667,1380.5597070895399,5.819124145385047e-07,-163020.22298312516,1320.1988039140283
0.01,,fixed_static_lattice_reference,KM,0.14,0.14,0.38000000000000006,0.24,1380.5702270695742,5.911808703007532e-07,-162908.60965800687,1320.2520752541648
0.01,,fixed_static_lattice_reference,KM,0.14100000000000001,0.14100000000000001,0.38033333333333336,0.23933333333333331,1380.5809243635797,5.99796934431318e-07,-162804.85261457774,1320.3025547585744
0.01,,fixed_static_lattice_reference,KM,0.14200000000000002,0.14200000000000002,0.38066666666666665,0.23866666666666667,1380.5918008868584,6.074362726626662e-07,-162712.85757639923,1320.348765705342
0.01,,fixed_static_lattice_reference,KM,0.14300000000000002,0.14300000000000002,0.381,0.238,1380.6028585522586,6.13189788569472e-07,-162643.57213576572,1320.3865649524391
0.01,,fixed_static_lattice_reference,KM,0.14400000000000002,0.14400000000000002,0.38133333333333336,0.2373333333333333,1380.6140992698042,6.139631160959746e-07,-162634.2595103562,1320.401844739781
0.01,,fixed_static_lattice_reference,KM,0.145,0.145,0.38166666666666665,0.23666666666666666,1380.6255249463231,5.90752457588923e-07,-162913.76872317554,1320.3079456740895
0.01,,fixed_static_lattice_reference,KM,0.146,0.146,0.38199999999999995,0.236,1380.6371374850771,5.214856660267051e-07,-163747.89871471343,1320.0041691935196
0.01,,fixed_static_lattice_reference,KM,0.147,0.147,0.38233333333333336,0.2353333333333333,1380.6489387853878,6.233562249495748e-07,-162521.14507800186,1320.4811044052149
0.01,,fixed_static_lattice_reference,KM,0.148,0.148,0.38266666666666665,0.23466666666666666,1380.6609307422652,6.485435268241249e-07,-162217.83257534885,1320.608485927131
0.01,,fixed_static_lattice_reference,KM,0.149,0.149,0.383,0.23399999999999999,1380.6731152460345,6.606360998691878e-07,-162072.210443527,1320.6763572956331
0.01,,fixed_static_lattice_reference,KM,0.15,0.15,0.3833333333333333,0.2333333333333333,1380.6854941819654,6.692964057197711e-07,-161967.92062898615,1320.7287810960704
0.02,,fixed_static_lattice_reference,K,0.0,0.0,0.3333333333333333,0.3333333333333333,1380.070552374435,0.0,-170027.7743142534,1317.0295954217677
0.02,,fixed_static_lattice_reference,KG,0.001,-0.001,0.333,0.333,1380.0705728352552,0.0,-170027.7743142534,1317.0296168619657
0.02,,fixed_static_lattice_reference,KG,0.002,-0.002,0.33266666666666667,0.33266666666666667,1380.0706347705172,0.0,-170027.7743142534,1317.0296817618216
0.02,,fixed_static_lattice_reference,KG,0.003,-0.003,0.3323333333333333,0.3323333333333333,1380.0707390334194,0.0,-170027.7743142534,1317.0297910153722
0.02,,fixed_static_lattice_reference,KG,0.004,-0.004,0.332,0.332,1380.070886509147,0.0,-170027.7743142534,1317.0299455501722
0.02,,fixed_static_lattice_reference,KG,0.005,-0.005,0.33166666666666667,0.33166666666666667,1380.07107811484,0.0,-170027.7743142534,1317.03014632726
0.02,,fixed_static_lattice_reference,KG,0.006,-0.006,0.3313333333333333,0.3313333333333333,1380.071314799563,0.0,-170027.7743142534,1317.0303943411257
0.02,,fixed_static_lattice_reference,KG,0.007,-0.007,0.331,0.331,1380.071597544267,0.0,-170027.7743142534,1317.0306906196727
0.02,,fixed_static_lattice_reference,KG,0.008,-0.008,0.33066666666666666,0.33066666666666666,1380.0719273617449,0.0,-170027.7743142534,1317.031036224169
0.02,,fixed_static_lattice_reference,KG,0.009000000000000001,-0.009000000000000001,0.3303333333333333,0.3303333333333333,1380.0723052965848,0.0,-170027.7743142534,1317.031432249199
0.02,,fixed_static_lattice_reference,KG,0.01,-0.01,0.33,0.33,1380.072732425116,0.0,-170027.7743142534,1317.031879822608
0.02,,fixed_static_lattice_reference,KG,0.011,-0.011,0.32966666666666666,0.32966666666666666,1380.0732098553492,0.0,-170027.7743142534,1317.0323801054374
0.02,,fixed_static_lattice_reference,KG,0.012,-0.012,0.3293333333333333,0.3293333333333333,1380.0737387269146,0.0,-170027.7743142534,1317.0329342918615
0.02,,fixed_static_lattice_reference,KG,0.013000000000000001,-0.013000000000000001,0.329,0.329,1380.0743202109907,0.0,-170027.7743142534,1317.033543609112
0.02,,fixed_static_lattice_reference,KG,0.014,-0.014,0.32866666666666666,0.32866666666666666,1380.0749555102302,0.0,-170027.7743142534,1317.0342093174006
0.02,,fixed_static_lattice_reference,KG,0.015,-0.015,0.3283333333333333,0.3283333333333333,1380.075645858681,0.0,-170027.7743142534,1317.0349327098359
0.02,,fixed_static_lattice_reference,KG,0.016,-0.016,0.328,0.328,1380.0763925217,0.0,-170027.7743142534,1317.0357151123335
0.02,,fixed_static_lattice_reference,KG,0.017,-0.017,0.32766666666666666,0.32766666666666666,1380.0771967958651,0.0,-170027.7743142534,1317.0365578835235
0.02,,fixed_static_lattice_reference,KG,0.018000000000000002,-0.018000000000000002,0.3273333333333333,0.3273333333333333,1380.0780600088783,0.0,-170027.7743142534,1317.0374624146482
0.02,,fixed_static_lattice_reference,KG,0.019,-0.019,0.327,0.327,1380.0789835194637,0.0,-170027.7743142534,1317.0384301294564
0.02,,fixed_static_lattice_reference,KG,0.02,-0.02,0.32666666666666666,0.32666666666666666,1380.0799687172641,0.0,-170027.7743142534,1317.0394624840942
0.02,,fixed_static_lattice_reference,KG,0.021,-0.021,0.3263333333333333,0.3263333333333333,1380.0810170227319,0.0,-170027.7743142534,1317.0405609669904
0.02,,fixed_static_lattice_reference,KG,0.022,-0.022,0.326,0.326,1380.0821298870073,0.0,-170027.7743142534,1317.0417270987298
0.02,,fixed_static_lattice_reference,KG,0.023,-0.023,0.32566666666666666,0.32566666666666666,1380.0833087918027,0.0,-170027.7743142534,1317.042962431931
0.02,,fixed_static_lattice_reference,KG,0.024,-0.024,0.3253333333333333,0.3253333333333333,1380.0845552492738,0.0,-170027.7743142534,1317.0442685511116
0.02,,fixed_static_lattice_reference,KG,0.025,-0.025,0.325,0.325,1380.0858708018882,0.0,-170027.7743142534,1317.0456470725503
0.02,,fixed_static_lattice_reference,KG,0.026000000000000002,-0.026000000000000002,0.32466666666666666,0.32466666666666666,1380.0872570222903,0.0,-170027.7743142534,1317.0470996441454
0.02,,fixed_static_lattice_reference,KG,0.027,-0.027,0.3243333333333333,0.3243333333333333,1380.0887155131586,0.0,-170027.7743142534,1317.0486279452657
0.02,,fixed_static_lattice_reference,KG,0.028,-0.028,0.324,0.324,1380.0902479070614,0.0,-170027.7743142534,1317.0502336865975
0.02,,fixed_static_lattice_reference,KG,0.029,-0.029,0.32366666666666666,0.32366666666666666,1380.0918558663009,0.0,-170027.7743142534,1317.051918609983
0.02,,fixed_static_lattice_reference,KG,0.03,-0.03,0.3233333333333333,0.3233333333333333,1380.0935410827624,0.0,-170027.7743142534,1317.0536844882615
0.02,,fixed_static_lattice_reference,KG,0.031,-0.031,0.323,0.323,1380.0953052777486,0.0,-170027.7743142534,1317.055533125095
0.02,,fixed_static_lattice_reference,KG,0.032,-0.032,0.32266666666666666,0.32266666666666666,1380.0971502018156,0.0,-170027.7743142534,1317.0574663547977
0.02,,fixed_static_lattice_reference,KG,0.033,-0.033,0.3223333333333333,0.3223333333333333,1380.0990776346,0.0,-170027.7743142534,1317.0594860421531
0.02,,fixed_static_lattice_reference,KG,0.034,-0.034,0.322,0.322,1380.1010893846453,0.0,-170027.7743142534,1317.0615940822324
0.02,,fixed_static_lattice_reference,KG,0.035,-0.035,0.32166666666666666,0.32166666666666666,1380.1031872892179,0.0,-170027.7743142534,1317.0637924002028
0.02,,fixed_static_lattice_reference,KG,0.036000000000000004,-0.036000000000000004,0.3213333333333333,0.3213333333333333,1380.1053732141243,0.0,-170027.7743142534,1317.0660829511341
0.02,,fixed_static_lattice_reference,KG,0.037,-0.037,0.321,0.321,1380.1076490535195,0.0,-170027.7743142534,1317.068467719799
0.02,,fixed_static_lattice_reference,KG,0.038,-0.038,0.32066666666666666,0.32066666666666666,1380.1100167297118,0.0,-170027.7743142534,1317.0709487204674
0.02,,fixed_static_lattice_reference,KG,0.039,-0.039,0.3203333333333333,0.3203333333333333,1380.1124781929639,0.0,-170027.7743142534,1317.0735279966987
0.02,,fixed_static_lattice_reference,KG,0.04,-0.04,0.32,0.32,1380.1150354212862,0.0,-170027.7743142534,1317.076207621125
0.02,,fixed_static_lattice_reference,KG,0.041,-0.041,0.31966666666666665,0.31966666666666665,1380.1176904202302,0.0,-170027.7743142534,1317.0789896952335
0.02,,fixed_static_lattice_reference,KG,0.042,-0.042,0.3193333333333333,0.3193333333333333,1380.1204452226752,0.0,-170027.7743142534,1317.081876349144
0.02,,fixed_static_lattice_reference,KG,0.043000000000000003,-0.043000000000000003,0.319,0.319,1380.123301888608,0.0,-170027.7743142534,1317.0848697413771
0.02,,fixed_static_lattice_reference,KG,0.044,-0.044,0.31866666666666665,0.31866666666666665,1380.1262625049017,0.0,-170027.7743142534,1317.0879720586227
0.02,,fixed_static_lattice_reference,KG,0.045,-0.045,0.3183333333333333,0.3183333333333333,1380.1293291850895,0.0,-170027.7743142534,1317.0911855155025
0.02,,fixed_static_lattice_reference,KG,0.046,-0.046,0.318,0.318,1380.132504069131,0.0,-170027.7743142534,1317.0945123543247
0.02,,fixed_static_lattice_reference,KG,0.047,-0.047,0.31766666666666665,0.31766666666666665,1380.1357893231793,0.0,-170027.7743142534,1317.0979548448406
0.02,,fixed_static_lattice_reference,KG,0.048,-0.048,0.3173333333333333,0.3173333333333333,1380.1391871393398,0.0,-170027.7743142534,1317.1015152839907
0.02,,fixed_static_lattice_reference,KG,0.049,-0.049,0.317,0.317,1380.142699735425,0.0,-170027.7743142534,1317.1051959956478
0.02,,fixed_static_lattice_reference,KG,0.05,-0.05,0.31666666666666665,0.31666666666666665,1380.146329354708,0.0,-170027.7743142534,1317.1089993303594
0.02,,fixed_static_lattice_reference,KG,0.051000000000000004,-0.051000000000000004,0.3163333333333333,0.3163333333333333,1380.150078265671,0.0,-170027.7743142534,1317.1129276650825
0.02,,fixed_static_lattice_reference,KG,0.052000000000000005,-0.052000000000000005,0.316,0.316,1380.153948761744,0.0,-170027.7743142534,1317.11698340291
0.02,,fixed_static_lattice_reference,KG,0.053,-0.053,0.31566666666666665,0.31566666666666665,1380.1579431610503,0.0,-170027.7743142534,1317.1211689728048
0.02,,fixed_static_lattice_reference,KG,0.054,-0.054,0.3153333333333333,0.3153333333333333,1380.1620638061374,0.0,-170027.7743142534,1317.125486829316
0.02,,fixed_static_lattice_reference,KG,0.055,-0.055,0.315,0.315,1380.1663130637128,0.0,-170027.7743142534,1317.1299394523037
0.02,,fixed_static_lattice_reference,KG,0.056,-0.056,0.31466666666666665,0.31466666666666665,1380.170693324366,0.0,-170027.7743142534,1317.134529346645
0.02,,fixed_static_lattice_reference,KG,0.057,-0.057,0.3143333333333333,0.3143333333333333,1380.1752070023006,0.0,-170027.7743142534,1317.1392590419548
0.02,,fixed_static_lattice_reference,KG,0.058,-0.058,0.314,0.314,1380.1798565350475,0.0,-170027.7743142534,1317.1441310922853
0.02,,fixed_static_lattice_reference,KG,0.059000000000000004,-0.059000000000000004,0.31366666666666665,0.31366666666666665,1380.184644383184,0.0,-170027.7743142534,1317.149148075829
0.02,,fixed_static_lattice_reference,KG,0.06,-0.06,0.3133333333333333,0.3133333333333333,1380.1895730300491,0.0,-170027.7743142534,1317.1543125946237
0.02,,fixed_static_lattice_reference,KG,0.061,-0.061,0.313,0.313,1380.194644981451,0.0,-170027.7743142534,1317.159627274242
0.02,,fixed_static_lattice_reference,KG,0.062,-0.062,0.31266666666666665,0.31266666666666665,1380.1998627653716,0.0,-170027.7743142534,1317.1650947634837
0.02,,fixed_static_lattice_reference,KG,0.063,-0.063,0.31233333333333335,0.31233333333333335,1380.2052289316744,0.0,-170027.7743142534,1317.1707177340688
0.02,,fixed_static_lattice_reference,KG,0.064,-0.064,0.312,0.312,1380.2107460517989,0.0,-170027.7743142534,1317.176498880317
0.02,,fixed_static_lattice_reference,KG,0.065,-0.065,0.3116666666666667,0.3116666666666667,1380.216416718459,0.0,-170027.7743142534,1317.182440918831
0.02,,fixed_static_lattice_reference,KG,0.066,-0.066,0.3113333333333333,0.3113333333333333,1380.2222435453364,0.0,-170027.7743142534,1317.1885465881749
0.02,,fixed_static_lattice_reference,KG,0.067,-0.067,0.311,0.311,1380.2282291667698,0.0,-170027.7743142534,1317.194818648549
0.02,,fixed_static_lattice_reference,KG,0.068,-0.068,0.31066666666666665,0.31066666666666665,1380.2343762374414,0.0,-170027.7743142534,1317.2012598814601
0.02,,fixed_static_lattice_reference,KG,0.069,-0.069,0.31033333333333335,0.31033333333333335,1380.2406874320623,0.0,-170027.7743142534,1317.2078730893916
0.02,,fixed_static_lattice_reference,KG,0.07,-0.07,0.31,0.31,1380.2471654450524,0.0,-170027.7743142534,1317.214661095468
0.02,,fixed_static_lattice_reference,KG,0.07100000000000001,-0.07100000000000001,0.3096666666666667,0.3096666666666667,1380.2538129902184,0.0,-170027.7743142534,1317.221626743117
0.02,,fixed_static_lattice_reference,KG,0.07200000000000001,-0.07200000000000001,0.3093333333333333,0.3093333333333333,1380.2606328004308,0.0,-170027.7743142534,1317.2287728957306
0.02,,fixed_static_lattice_reference,KG,0.073,-0.073,0.309,0.309,1380.267627627295,0.0,-170027.7743142534,1317.2361024363202
0.02,,fixed_static_lattice_reference,KG,0.074,-0.074,0.3086666666666667,0.3086666666666667,1380.2748002408223,0.0,-170027.7743142534,1317.243618267171
0.02,,fixed_static_lattice_reference,KG,0.075,-0.075,0.30833333333333335,0.30833333333333335,1380.2821534290986,0.0,-170027.7743142534,1317.251323309495
0.02,,fixed_static_lattice_reference,KG,0.076,-0.076,0.308,0.308,1380.289689997948,0.0,-170027.7743142534,1317.2592205030785
0.02,,fixed_static_lattice_reference,KG,0.077,-0.077,0.3076666666666667,0.3076666666666667,1380.297412770596,0.0,-170027.7743142534,1317.267312805927
0.02,,fixed_static_lattice_reference,KG,0.078,-0.078,0.30733333333333335,0.30733333333333335,1380.3053245873323,0.0,-170027.7743142534,1317.275603193913
0.02,,fixed_static_lattice_reference,KG,0.079,-0.079,0.307,0.307,1380.313428305167,0.0,-170027.7743142534,1317.2840946604153
0.02,,fixed_static_lattice_reference,KG,0.08,-0.08,0.3066666666666667,0.3066666666666667,1380.321726797487,0.0,-170027.7743142534,1317.2927902159574
0.02,,fixed_static_lattice_reference,KG,0.081,-0.081,0.30633333333333335,0.30633333333333335,1380.3302229537114,0.0,-170027.7743142534,1317.3016928878476
0.02,,fixed_static_lattice_reference,KG,0.082,-0.082,0.306,0.306,1380.338919678945,0.0,-170027.7743142534,1317.3108057198133
0.02,,fixed_static_lattice_reference,KG,0.083,-0.083,0.3056666666666667,0.3056666666666667,1380.3478198936255,0.0,-170027.7743142534,1317.3201317716325
0.02,,fixed_static_lattice_reference,KG,0.084,-0.084,0.30533333333333335,0.30533333333333335,1380.3569265331753,0.0,-170027.7743142534,1317.3296741187685
0.02,,fixed_static_lattice_reference,KG,0.085,-0.085,0.305,0.305,1380.3662425476473,0.0,-170027.7743142534,1317.3394358519968
0.02,,fixed_static_lattice_reference,KG,0.08600000000000001,-0.08600000000000001,0.3046666666666667,0.3046666666666667,1380.37577090137,0.0,-170027.7743142534,1317.3494200770342
0.02,,fixed_static_lattice_reference,KG,0.08700000000000001,-0.08700000000000001,0.30433333333333334,0.30433333333333334,1380.3855145725936,0.0,-170027.7743142534,1317.3596299141668
0.02,,fixed_static_lattice_reference,KG,0.088,-0.088,0.304,0.304,1380.3954765531284,0.0,-170027.7743142534,1317.370068497871
0.02,,fixed_static_lattice_reference,KG,0.089,-0.089,0.3036666666666667,0.3036666666666667,1380.40565984799,0.0,-170027.7743142534,1317.38073897644
0.02,,fixed_static_lattice_reference,KG,0.09,-0.09,0.30333333333333334,0.30333333333333334,1380.416067475038,0.0,-170027.7743142534,1317.3916445116067
0.02,,fixed_static_lattice_reference,KG,0.091,-0.091,0.303,0.303,1380.4267024646117,0.0,-170027.7743142534,1317.402788278159
0.02,,fixed_static_lattice_reference,KG,0.092,-0.092,0.3026666666666667,0.3026666666666667,1380.4375678591737,0.0,-170027.7743142534,1317.4141734635684
0.02,,fixed_static_lattice_reference,KG,0.093,-0.093,0.30233333333333334,0.30233333333333334,1380.4486667129397,0.0,-170027.7743142534,1317.4258032675993
0.02,,fixed_static_lattice_reference,KG,0.094,-0.094,0.302,0.302,1380.4600020915184,0.0,-170027.7743142534,1317.4376809019323
0.02,,fixed_static_lattice_reference,KG,0.095,-0.095,0.3016666666666667,0.3016666666666667,1380.4715770715454,0.0,-170027.7743142534,1317.4498095897795
0.02,,fixed_static_lattice_reference,KG,0.096,-0.096,0.30133333333333334,0.30133333333333334,1380.4833947403167,0.0,-170027.7743142534,1317.4621925655006
0.02,,fixed_static_lattice_reference,KG,0.097,-0.097,0.301,0.301,1380.4954581954232,0.0,-170027.7743142534,1317.474833074218
0.02,,fixed_static_lattice_reference,KG,0.098,-0.098,0.3006666666666667,0.3006666666666667,1380.5077705443803,0.0,-170027.7743142534,1317.4877343714293
0.02,,fixed_static_lattice_reference,KG,0.099,-0.099,0.30033333333333334,0.30033333333333334,1380.5203349042642,0.0,-170027.7743142534,1317.5008997226257
0.02,,fixed_static_lattice_reference,KG,0.1,-0.1,0.3,0.3,1380.533154401342,0.0,-170027.7743142534,1317.5143324029027
0.02,,fixed_static_lattice_reference,KG,0.101,-0.101,0.2996666666666667,0.2996666666666667,1380.5462321707025,0.0,-170027.7743142534,1317.528035696573
0.02,,fixed_static_lattice_reference,KG,0.10200000000000001,-0.10200000000000001,0.29933333333333334,0.29933333333333334,1380.559571355888,0.0,-170027.7743142534,1317.5420128967803
0.02,,fixed_static_lattice_reference,KG,0.10300000000000001,-0.10300000000000001,0.299,0.299,1380.5731751085257,0.0,-170027.7743142534,1317.5562673051131
0.02,,fixed_static_lattice_reference,KG,0.10400000000000001,-0.10400000000000001,0.2986666666666667,0.2986666666666667,1380.5870465879595,0.0,-170027.7743142534,1317.5708022312165
0.02,,fixed_static_lattice_reference,KG,0.105,-0.105,0.29833333333333334,0.29833333333333334,1380.6011889608792,0.0,-170027.7743142534,1317.5856209924045
0.02,,fixed_static_lattice_reference,KG,0.106,-0.106,0.298,0.298,1380.6156054009534,0.0,-170027.7743142534,1317.600726913274
0.02,,fixed_static_lattice_reference,KG,0.107,-0.107,0.2976666666666667,0.2976666666666667,1380.6302990884606,0.0,-170027.7743142534,1317.6161233253176
0.02,,fixed_static_lattice_reference,KG,0.108,-0.108,0.29733333333333334,0.29733333333333334,1380.6452732099187,0.0,-170027.7743142534,1317.6318135665356
0.02,,fixed_static_lattice_reference,KG,0.109,-0.109,0.297,0.297,1380.660530957721,0.0,-170027.7743142534,1317.6478009810523
0.02,,fixed_static_lattice_reference,KG,0.11,-0.11,0.2966666666666667,0.2966666666666667,1380.6760755297669,0.0,-170027.7743142534,1317.6640889187292
0.02,,fixed_static_lattice_reference,KG,0.111,-0.111,0.29633333333333334,0.29633333333333334,1380.691910129092,0.0,-170027.7743142534,1317.6806807347778
0.02,,fixed_static_lattice_reference,KG,0.112,-0.112,0.296,0.296,1380.7080379635065,0.0,-170027.7743142534,1317.6975797893772
0.02,,fixed_static_lattice_reference,KG,0.113,-0.113,0.2956666666666667,0.2956666666666667,1380.7244622452274,0.0,-170027.7743142534,1317.7147894472912
0.02,,fixed_static_lattice_reference,KG,0.114,-0.114,0.29533333333333334,0.29533333333333334,1380.7411861905125,0.0,-170027.7743142534,1317.7323130774816
0.02,,fixed_static_lattice_reference,KG,0.115,-0.115,0.295,0.295,1380.7582130192989,0.0,-170027.7743142534,1317.7501540527303
0.02,,fixed_static_lattice_reference,KG,0.116,-0.116,0.2946666666666667,0.2946666666666667,1380.7755459548378,0.0,-170027.7743142534,1317.7683157492545
0.02,,fixed_static_lattice_reference,KG,0.117,-0.117,0.29433333333333334,0.29433333333333334,1380.793188223333,0.0,-170027.7743142534,1317.7868015463287
0.02,,fixed_static_lattice_reference,KG,0.11800000000000001,-0.11800000000000001,0.294,0.294,1380.8111430535826,0.0,-170027.7743142534,1317.8056148259075
0.02,,fixed_static_lattice_reference,KG,0.11900000000000001,-0.11900000000000001,0.2936666666666667,0.2936666666666667,1380.829413676614,0.0,-170027.7743142534,1317.824758972242
0.02,,fixed_static_lattice_reference,KG,0.12,-0.12,0.29333333333333333,0.29333333333333333,1380.8480033253297,0.0,-170027.7743142534,1317.84423737151
0.02,,fixed_static_lattice_reference,KG,0.121,-0.121,0.293,0.293,1380.8669152341502,0.0,-170027.7743142534,1317.8640534114377
0.02,,fixed_static_lattice_reference,KG,0.122,-0.122,0.2926666666666667,0.2926666666666667,1380.8861526386556,0.0,-170027.7743142534,1317.8842104809266
0.02,,fixed_static_lattice_reference,KG,0.123,-0.123,0.29233333333333333,0.29233333333333333,1380.9057187752337,0.0,-170027.7743142534,1317.9047119696825
0.02,,fixed_static_lattice_reference,KG,0.124,-0.124,0.292,0.292,1380.925616880727,0.0,-170027.7743142534,1317.9255612678444
0.02,,fixed_static_lattice_reference,KG,0.125,-0.125,0.2916666666666667,0.2916666666666667,1380.9458501920806,0.0,-170027.7743142534,1317.9467617656167
0.02,,fixed_static_lattice_reference,KG,0.126,-0.126,0.29133333333333333,0.29133333333333333,1380.9664219459962,0.0,-170027.7743142534,1317.968316852903
0.02,,fixed_static_lattice_reference,KG,0.127,-0.127,0.291,0.291,1380.987335378579,0.0,-170027.7743142534,1317.9902299189378
0.02,,fixed_static_lattice_reference,KG,0.128,-0.128,0.2906666666666667,0.2906666666666667,1381.0085937249994,0.0,-170027.7743142534,1318.0125043519304
0.02,,fixed_static_lattice_reference,KG,0.129,-0.129,0.29033333333333333,0.29033333333333333,1381.0302002191431,0.0,-170027.7743142534,1318.035143538697
0.02,,fixed_static_lattice_reference,KG,0.13,-0.13,0.29,0.29,1381.052158093275,0.0,-170027.7743142534,1318.0581508643081
0.02,,fixed_static_lattice_reference,KG,0.131,-0.131,0.2896666666666667,0.2896666666666667,1381.0744705776951,0.0,-170027.7743142534,1318.0815297117276
0.02,,fixed_static_lattice_reference,KG,0.132,-0.132,0.28933333333333333,0.28933333333333333,1381.097140900404,0.0,-170027.7743142534,1318.1052834614604
0.02,,fixed_static_lattice_reference,KG,0.133,-0.133,0.289,0.289,1381.1201722867677,0.0,-170027.7743142534,1318.1294154912018
0.02,,fixed_static_lattice_reference,KG,0.134,-0.134,0.2886666666666667,0.2886666666666667,1381.1435679591834,0.0,-170027.7743142534,1318.1539291754852
0.02,,fixed_static_lattice_reference,KG,0.135,-0.135,0.28833333333333333,0.28833333333333333,1381.1673311367513,0.0,-170027.7743142534,1318.1788278853378
0.02,,fixed_static_lattice_reference,KG,0.136,-0.136,0.288,0.288,1381.191465034945,0.0,-170027.7743142534,1318.2041149879346
0.02,,fixed_static_lattice_reference,KG,0.137,-0.137,0.2876666666666667,0.2876666666666667,1381.2159728652875,0.0,-170027.7743142534,1318.2297938462586
0.02,,fixed_static_lattice_reference,KG,0.138,-0.138,0.28733333333333333,0.28733333333333333,1381.240857835026,0.0,-170027.7743142534,1318.2558678187572
0.02,,fixed_static_lattice_reference,KG,0.139,-0.139,0.287,0.287,1381.266123146815,0.0,-170027.7743142534,1318.2823402590125
0.02,,fixed_static_lattice_reference,KG,0.14,-0.14,0.2866666666666667,0.2866666666666667,1381.2917719983961,0.0,-170027.7743142534,1318.309214515402
0.02,,fixed_static_lattice_reference,KG,0.14100000000000001,-0.14100000000000001,0.28633333333333333,0.28633333333333333,1381.317807582285,0.0,-170027.7743142534,1318.3364939307708
0.02,,fixed_static_lattice_reference,KG,0.14200000000000002,-0.14200000000000002,0.286,0.286,1381.3442330854568,0.0,-170027.7743142534,1318.3641818421022
0.02,,fixed_static_lattice_reference,KG,0.14300000000000002,-0.14300000000000002,0.2856666666666667,0.2856666666666667,1381.3710516890403,0.0,-170027.7743142534,1318.3922815801948
0.02,,fixed_static_lattice_reference,KG,0.14400000000000002,-0.14400000000000002,0.2853333333333333,0.2853333333333333,1381.3982665680096,0.0,-170027.7743142534,1318.4207964693398
0.02,,fixed_static_lattice_reference,KG,0.145,-0.145,0.285,0.285,1381.425880890881,0.0,-170027.7743142534,1318.4497298270014
0.02,,fixed_static_lattice_reference,KG,0.146,-0.146,0.2846666666666667,0.2846666666666667,1381.4538978194137,0.0,-170027.7743142534,1318.4790849635035
0.02,,fixed_static_lattice_reference,KG,0.147,-0.147,0.2843333333333333,0.2843333333333333,1381.4823205083107,0.0,-170027.7743142534,1318.508865181715
0.02,,fixed_static_lattice_reference,KG,0.148,-0.148,0.284,0.284,1381.5111521049287,0.0,-170027.7743142534,1318.539073776744
0.02,,fixed_static_lattice_reference,KG,0.149,-0.149,0.2836666666666667,0.2836666666666667,1381.5403957489807,0.0,-170027.7743142534,1318.5697140356276
0.02,,fixed_static_lattice_reference,KG,0.15,-0.15,0.2833333333333333,0.2833333333333333,1381.5700545722555,0.0,-170027.7743142534,1318.600789237035
0.02,,fixed_static_lattice_reference,KM,0.001,0.001,0.3336666666666666,0.33266666666666667,1380.07057256686,0.0,-170027.7743142534,1317.0296165807233
0.02,,fixed_static_lattice_reference,KM,0.002,0.002,0.334,0.332,1380.07063262336,0.0,-170027.7743142534,1317.0296795118886
0.02,,fixed_static_lattice_reference,KM,0.003,0.003,0.3343333333333333,0.3313333333333333,1380.0707317867982,0.0,-170027.7743142534,1317.0297834218843
0.02,,fixed_static_lattice_reference,KM,0.004,0.004,0.33466666666666667,0.33066666666666666,1380.070869332077,0.0,-170027.7743142534,1317.0299275509049
0.02,,fixed_static_lattice_reference,KM,0.005,0.005,0.33499999999999996,0.33,1380.0710445661437,0.0,-170027.7743142534,1317.0301111727224
0.02,,fixed_static_lattice_reference,KM,0.006,0.006,0.3353333333333333,0.3293333333333333,1380.071256827983,0.0,-170027.7743142534,1317.0303335946803
0.02,,fixed_static_lattice_reference,KM,0.007,0.007,0.3356666666666666,0.32866666666666666,1380.0715054886093,0.0,-170027.7743142534,1317.0305941576844
0.02,,fixed_static_lattice_reference,KM,0.008,0.008,0.336,0.328,1380.0717899510503,0.0,-170027.7743142534,1317.0308922361853
0.02,,fixed_static_lattice_reference,KM,0.009000000000000001,0.009000000000000001,0.3363333333333333,0.3273333333333333,1380.0721096503316,0.0,-170027.7743142534,1317.0312272381636
0.02,,fixed_static_lattice_reference,KM,0.01,0.01,0.33666666666666667,0.32666666666666666,1380.0724640534493,0.0,-170027.7743142534,1317.0315986051
0.02,,fixed_static_lattice_reference,KM,0.011,0.011,0.33699999999999997,0.326,1380.072852659341,0.0,-170027.7743142534,1317.032005811946
0.02,,fixed_static_lattice_reference,KM,0.012,0.012,0.3373333333333333,0.3253333333333333,1380.0732749988506,0.0,-170027.7743142534,1317.0324483670854
0.02,,fixed_static_lattice_reference,KM,0.013000000000000001,0.013000000000000001,0.3376666666666666,0.32466666666666666,1380.07373063469,0.0,-170027.7743142534,1317.0329258122963
0.02,,fixed_static_lattice_reference,KM,0.014,0.014,0.338,0.324,1380.0742191613926,0.0,-170027.7743142534,1317.0334377227005
0.02,,fixed_static_lattice_reference,KM,0.015,0.015,0.3383333333333333,0.3233333333333333,1380.0747402052639,0.0,-170027.7743142534,1317.0339837067124
0.02,,fixed_static_lattice_reference,KM,0.016,0.016,0.33866666666666667,0.32266666666666666,1380.075293424327,0.0,-170027.7743142534,1317.0345634059831
0.02,,fixed_static_lattice_reference,KM,0.017,0.017,0.33899999999999997,0.322,1380.0758785082626,0.0,-170027.7743142534,1317.0351764953355
0.02,,fixed_static_lattice_reference,KM,0.018000000000000002,0.018000000000000002,0.3393333333333333,0.3213333333333333,1380.076495178344,0.0,-170027.7743142534,1317.035822682697
0.02,,fixed_static_lattice_reference,KM,0.019,0.019,0.3396666666666666,0.32066666666666666,1380.0771431873666,0.0,-170027.7743142534,1317.0365017090262
0.02,,fixed_static_lattice_reference,KM,0.02,0.02,0.34,0.32,1380.077822319574,0.0,-170027.7743142534,1317.037213348235
0.02,,fixed_static_lattice_reference,KM,0.021,0.021,0.3403333333333333,0.3193333333333333,1380.0785323905777,0.0,-170027.7743142534,1317.0379574071044
0.02,,fixed_static_lattice_reference,KM,0.022,0.022,0.3406666666666667,0.31866666666666665,1380.0792732472742,0.0,-170027.7743142534,1317.0387337251973
0.02,,fixed_static_lattice_reference,KM,0.023,0.023,0.34099999999999997,0.318,1380.0800447677518,0.0,-170027.7743142534,1317.039542174762
0.02,,fixed_static_lattice_reference,KM,0.024,0.024,0.3413333333333333,0.3173333333333333,1380.0808468612024,0.0,-170027.7743142534,1317.0403826606382
0.02,,fixed_static_lattice_reference,KM,0.025,0.025,0.3416666666666666,0.31666666666666665,1380.0816794678167,0.0,-170027.7743142534,1317.0412551201484
0.02,,fixed_static_lattice_reference,KM,0.026000000000000002,0.026000000000000002,0.342,0.316,1380.0825425586831,0.0,-170027.7743142534,1317.0421595229918
0.02,,fixed_static_lattice_reference,KM,0.027,0.027,0.3423333333333333,0.3153333333333333,1380.08343613568,0.0,-170027.7743142534,1317.0430958711304
0.02,,fixed_static_lattice_reference,KM,0.028,0.028,0.3426666666666667,0.31466666666666665,1380.0843602313616,0.0,-170027.7743142534,1317.044064198671
0.02,,fixed_static_lattice_reference,KM,0.029,0.029,0.34299999999999997,0.314,1380.0853149088398,0.0,-170027.7743142534,1317.0450645717397
0.02,,fixed_static_lattice_reference,KM,0.03,0.03,0.3433333333333333,0.3133333333333333,1380.0863002616625,0.0,-170027.7743142534,1317.0460970883555
0.02,,fixed_static_lattice_reference,KM,0.031,0.031,0.3436666666666666,0.31266666666666665,1380.0873164136876,0.0,-170027.7743142534,1317.0471618782983
0.02,,fixed_static_lattice_reference,KM,0.032,0.032,0.34400000000000003,0.312,1380.0883635189489,0.0,-170027.7743142534,1317.0482591029672
0.02,,fixed_static_lattice_reference,KM,0.033,0.033,0.3443333333333333,0.3113333333333333,1380.0894417615211,0.0,-170027.7743142534,1317.049388955241
0.02,,fixed_static_lattice_reference,KM,0.034,0.034,0.3446666666666667,0.31066666666666665,1380.0905513553828,0.0,-170027.7743142534,1317.050551659332
0.02,,fixed_static_lattice_reference,KM,0.035,0.035,0.345,0.31,1380.0916925442664,0.0,-170027.7743142534,1317.0517474706317
0.02,,fixed_static_lattice_reference,KM,0.036000000000000004,0.036000000000000004,0.3453333333333333,0.3093333333333333,1380.0928656015092,0.0,-170027.7743142534,1317.052976675552
0.02,,fixed_static_lattice_reference,KM,0.037,0.037,0.3456666666666666,0.3086666666666667,1380.0940708299047,0.0,-170027.7743142534,1317.054239591371
0.02,,fixed_static_lattice_reference,KM,0.038,0.038,0.34600000000000003,0.308,1380.0953085615408,0.0,-170027.7743142534,1317.0555365660634
0.02,,fixed_static_lattice_reference,KM,0.039,0.039,0.3463333333333333,0.30733333333333335,1380.0965791576352,0.0,-170027.7743142534,1317.056867978127
0.02,,fixed_static_lattice_reference,KM,0.04,0.04,0.3466666666666667,0.3066666666666667,1380.0978830083745,0.0,-170027.7743142534,1317.058234236415
0.02,,fixed_static_lattice_reference,KM,0.041,0.041,0.347,0.306,1380.0992205327402,0.0,-170027.7743142534,1317.0596357799534
0.02,,fixed_static_lattice_reference,KM,0.042,0.042,0.3473333333333333,0.30533333333333335,1380.1005921783321,0.0,-170027.7743142534,1317.0610730777557
0.02,,fixed_static_lattice_reference,KM,0.043000000000000003,0.043000000000000003,0.3476666666666666,0.3046666666666667,1380.1019984211946,0.0,-170027.7743142534,1317.0625466286413
0.02,,fixed_static_lattice_reference,KM,0.044,0.044,0.34800000000000003,0.304,1380.1034397656279,0.0,-170027.7743142534,1317.0640569610366
0.02,,fixed_static_lattice_reference,KM,0.045,0.045,0.34833333333333333,0.30333333333333334,1380.1049167440046,0.0,-170027.7743142534,1317.0656046327847
0.02,,fixed_static_lattice_reference,KM,0.046,0.046,0.3486666666666667,0.3026666666666667,1380.1064299165778,0.0,-170027.7743142534,1317.067190230942
0.02,,fixed_static_lattice_reference,KM,0.047,0.047,0.349,0.302,1380.1079798712844,0.0,-170027.7743142534,1317.0688143715743
0.02,,fixed_static_lattice_reference,KM,0.048,0.048,0.34933333333333333,0.30133333333333334,1380.1095672235483,0.0,-170027.7743142534,1317.0704776995483
0.02,,fixed_static_lattice_reference,KM,0.049,0.049,0.3496666666666666,0.3006666666666667,1380.1111926160768,0.0,-170027.7743142534,1317.0721808883204
0.02,,fixed_static_lattice_reference,KM,0.05,0.05,0.35000000000000003,0.3,1380.1128567186531,0.0,-170027.7743142534,1317.0739246397175
0.02,,fixed_static_lattice_reference,KM,0.051000000000000004,0.051000000000000004,0.35033333333333333,0.29933333333333334,1380.1145602279282,0.0,-170027.7743142534,1317.0757096837199
0.02,,fixed_static_lattice_reference,KM,0.052000000000000005,0.052000000000000005,0.3506666666666667,0.2986666666666667,1380.1163038672044,0.0,-170027.7743142534,1317.077536778234
0.02,,fixed_static_lattice_reference,KM,0.053,0.053,0.351,0.298,1380.118088386219,0.0,-170027.7743142534,1317.0794067088657
0.02,,fixed_static_lattice_reference,KM,0.054,0.054,0.35133333333333333,0.29733333333333334,1380.1199145609216,0.0,-170027.7743142534,1317.0813202886875
0.02,,fixed_static_lattice_reference,KM,0.055,0.055,0.3516666666666666,0.2966666666666667,1380.1217831932518,0.0,-170027.7743142534,1317.083278358004
0.02,,fixed_static_lattice_reference,KM,0.056,0.056,0.35200000000000004,0.296,1380.1236951109076,0.0,-170027.7743142534,1317.0852817841114
0.02,,fixed_static_lattice_reference,KM,0.057,0.057,0.35233333333333333,0.29533333333333334,1380.1256511671156,0.0,-170027.7743142534,1317.0873314610544
0.02,,fixed_static_lattice_reference,KM,0.058,0.058,0.3526666666666667,0.2946666666666667,1380.1276522403941,0.0,-170027.7743142534,1317.0894283093799
0.02,,fixed_static_lattice_reference,KM,0.059000000000000004,0.059000000000000004,0.353,0.294,1380.1296992343161,0.0,-170027.7743142534,1317.0915732758867
0.02,,fixed_static_lattice_reference,KM,0.06,0.06,0.35333333333333333,0.29333333333333333,1380.1317930772655,0.0,-170027.7743142534,1317.093767333372
0.02,,fixed_static_lattice_reference,KM,0.061,0.061,0.35366666666666663,0.2926666666666667,1380.1339347221929,0.0,-170027.7743142534,1317.0960114803736
0.02,,fixed_static_lattice_reference,KM,0.062,0.062,0.35400000000000004,0.292,1380.1361251463657,0.0,-170027.7743142534,1317.0983067409097
0.02,,fixed_static_lattice_reference,KM,0.063,0.063,0.35433333333333333,0.29133333333333333,1380.138365351118,0.0,-170027.7743142534,1317.1006541642148
0.02,,fixed_static_lattice_reference,KM,0.064,0.064,0.3546666666666667,0.2906666666666667,1380.1406563615933,0.0,-170027.7743142534,1317.103054824472
0.02,,fixed_static_lattice_reference,KM,0.065,0.065,0.355,0.29,1380.1429992264907,0.0,-170027.7743142534,1317.1055098205456
0.02,,fixed_static_lattice_reference,KM,0.066,0.066,0.35533333333333333,0.28933333333333333,1380.1453950177963,0.0,-170027.7743142534,1317.1080202757007
0.02,,fixed_static_lattice_reference,KM,0.067,0.067,0.35566666666666663,0.2886666666666667,1380.1478448305281,0.0,-170027.7743142534,1317.1105873373344
0.02,,fixed_static_lattice_reference,KM,0.068,0.068,0.35600000000000004,0.288,1380.1503497824622,0.0,-170027.7743142534,1317.1132121766905
0.02,,fixed_static_lattice_reference,KM,0.069,0.069,0.35633333333333334,0.28733333333333333,1380.1529110138654,0.0,-170027.7743142534,1317.1158959885774
0.02,,fixed_static_lattice_reference,KM,0.07,0.07,0.3566666666666667,0.2866666666666667,1380.1555296872218,0.0,-170027.7743142534,1317.118639991084
0.02,,fixed_static_lattice_reference,KM,0.07100000000000001,0.07100000000000001,0.357,0.286,1380.1582069869587,0.0,-170027.7743142534,1317.1214454252893
0.02,,fixed_static_lattice_reference,KM,0.07200000000000001,0.07200000000000001,0.35733333333333334,0.2853333333333333,1380.1609441191667,0.0,-170027.7743142534,1317.124313554972
0.02,,fixed_static_lattice_reference,KM,0.073,0.073,0.35766666666666663,0.2846666666666667,1380.163742311318,0.0,-170027.7743142534,1317.1272456663132
0.02,,fixed_static_lattice_reference,KM,0.074,0.074,0.35800000000000004,0.284,1380.166602811984,0.0,-170027.7743142534,1317.1302430676017
0.02,,fixed_static_lattice_reference,KM,0.075,0.075,0.35833333333333334,0.2833333333333333,1380.1695268905494,0.0,-170027.7743142534,1317.133307088933
0.02,,fixed_static_lattice_reference,KM,0.076,0.076,0.3586666666666667,0.2826666666666667,1380.1725158369209,0.0,-170027.7743142534,1317.1364390819056
0.02,,fixed_static_lattice_reference,KM,0.077,0.077,0.359,0.282,1380.1755709612394,0.0,-170027.7743142534,1317.1396404193179
0.02,,fixed_static_lattice_reference,KM,0.078,0.078,0.35933333333333334,0.2813333333333333,1380.1786935935822,0.0,-170027.7743142534,1317.1429124948568
0.02,,fixed_static_lattice_reference,KM,0.079,0.079,0.35966666666666663,0.2806666666666667,1380.1818850836696,0.0,-170027.7743142534,1317.1462567227902
0.02,,fixed_static_lattice_reference,KM,0.08,0.08,0.36000000000000004,0.27999999999999997,1380.1851468005646,0.0,-170027.7743142534,1317.149674537652
0.02,,fixed_static_lattice_reference,KM,0.081,0.081,0.36033333333333334,0.2793333333333333,1380.1884801323736,0.0,-170027.7743142534,1317.1531673939285
0.02,,fixed_static_lattice_reference,KM,0.082,0.082,0.3606666666666667,0.2786666666666667,1380.1918864859401,0.0,-170027.7743142534,1317.156736765737
0.02,,fixed_static_lattice_reference,KM,0.083,0.083,0.361,0.27799999999999997,1380.1953672865416,0.0,-170027.7743142534,1317.1603841465085
0.02,,fixed_static_lattice_reference,KM,0.084,0.084,0.36133333333333334,0.2773333333333333,1380.1989239775844,0.0,-170027.7743142534,1317.1641110486682
0.02,,fixed_static_lattice_reference,KM,0.085,0.085,0.36166666666666664,0.27666666666666667,1380.202558020286,0.0,-170027.7743142534,1317.1679190033014
0.02,,fixed_static_lattice_reference,KM,0.08600000000000001,0.08600000000000001,0.36200000000000004,0.27599999999999997,1380.206270893372,0.0,-170027.7743142534,1317.1718095598367
0.02,,fixed_static_lattice_reference,KM,0.08700000000000001,0.08700000000000001,0.36233333333333334,0.2753333333333333,1380.210064092757,0.0,-170027.7743142534,1317.1757842857114
0.02,,fixed_static_lattice_reference,KM,0.088,0.088,0.3626666666666667,0.27466666666666667,1380.213939131228,0.0,-170027.7743142534,1317.1798447660394
0.02,,fixed_static_lattice_reference,KM,0.089,0.089,0.363,0.274,1380.2178975381312,0.0,-170027.7743142534,1317.183992603283
0.02,,fixed_static_lattice_reference,KM,0.09,0.09,0.36333333333333334,0.2733333333333334,1380.2219408590477,0.0,-170027.7743142534,1317.1882294169134
0.02,,fixed_static_lattice_reference,KM,0.091,0.091,0.36366666666666664,0.27266666666666667,1380.2260706554746,0.0,-170027.7743142534,1317.1925568430752
0.02,,fixed_static_lattice_reference,KM,0.092,0.092,0.36400000000000005,0.272,1380.230288504499,0.0,-170027.7743142534,1317.196976534246
0.02,,fixed_static_lattice_reference,KM,0.093,0.093,0.36433333333333334,0.27133333333333337,1380.2345959984746,0.0,-170027.7743142534,1317.201490158897
0.02,,fixed_static_lattice_reference,KM,0.094,0.094,0.3646666666666667,0.27066666666666667,1380.238994744696,0.0,-170027.7743142534,1317.2060994011513
0.02,,fixed_static_lattice_reference,KM,0.095,0.095,0.365,0.27,1380.243486365065,0.0,-170027.7743142534,1317.210805960434
0.02,,fixed_static_lattice_reference,KM,0.096,0.096,0.36533333333333334,0.26933333333333337,1380.248072495768,0.0,-170027.7743142534,1317.2156115511345
0.02,,fixed_static_lattice_reference,KM,0.097,0.097,0.36566666666666664,0.26866666666666666,1380.2527547869347,0.0,-170027.7743142534,1317.220517902249
0.02,,fixed_static_lattice_reference,KM,0.098,0.098,0.36600000000000005,0.268,1380.2575349023134,0.0,-170027.7743142534,1317.2255267570386
0.02,,fixed_static_lattice_reference,KM,0.099,0.099,0.36633333333333334,0.26733333333333337,1380.2624145189297,0.0,-170027.7743142534,1317.2306398726735
0.02,,fixed_static_lattice_reference,KM,0.1,0.1,0.3666666666666667,0.26666666666666666,1380.2673953267538,0.0,-170027.7743142534,1317.2358590198826
0.02,,fixed_static_lattice_reference,KM,0.101,0.101,0.367,0.266,1380.2724790283619,0.0,-170027.7743142534,1317.2411859826
0.02,,fixed_static_lattice_reference,KM,0.10200000000000001,0.10200000000000001,0.36733333333333335,0.26533333333333337,1380.2776673385933,0.0,-170027.7743142534,1317.246622557604
0.02,,fixed_static_lattice_reference,KM,0.10300000000000001,0.10300000000000001,0.36766666666666664,0.26466666666666666,1380.282961984215,0.0,-170027.7743142534,1317.2521705541672
0.02,,fixed_static_lattice_reference,KM,0.10400000000000001,0.10400000000000001,0.36800000000000005,0.264,1380.2883647035771,0.0,-170027.7743142534,1317.2578317936932
0.02,,fixed_static_lattice_reference,KM,0.105,0.105,0.36833333333333335,0.26333333333333336,1380.2938772462678,0.0,-170027.7743142534,1317.263608109357
0.02,,fixed_static_lattice_reference,KM,0.106,0.106,0.3686666666666667,0.26266666666666666,1380.2995013727716,0.0,-170027.7743142534,1317.2695013457453
0.02,,fixed_static_lattice_reference,KM,0.107,0.107,0.369,0.262,1380.305238854123,0.0,-170027.7743142534,1317.2755133584942
0.02,,fixed_static_lattice_reference,KM,0.108,0.108,0.36933333333333335,0.26133333333333336,1380.3110914715583,0.0,-170027.7743142534,1317.2816460139234
0.02,,fixed_static_lattice_reference,KM,0.109,0.109,0.36966666666666664,0.26066666666666666,1380.3170610161685,0.0,-170027.7743142534,1317.2879011886732
0.02,,fixed_static_lattice_reference,KM,0.11,0.11,0.37000000000000005,0.26,1380.3231492885498,0.0,-170027.7743142534,1317.2942807693375
0.02,,fixed_static_lattice_reference,KM,0.111,0.111,0.37033333333333335,0.25933333333333336,1380.3293580984523,0.0,-170027.7743142534,1317.3007866520963
0.02,,fixed_static_lattice_reference,KM,0.112,0.112,0.3706666666666667,0.25866666666666666,1380.335689264431,0.0,-170027.7743142534,1317.3074207423485
0.02,,fixed_static_lattice_reference,KM,0.113,0.113,0.371,0.258,1380.3421446134912,0.0,-170027.7743142534,1317.3141849543406
0.02,,fixed_static_lattice_reference,KM,0.114,0.114,0.37133333333333335,0.25733333333333336,1380.3487259807362,0.0,-170027.7743142534,1317.3210812107989
0.02,,fixed_static_lattice_reference,KM,0.115,0.115,0.37166666666666665,0.25666666666666665,1380.3554352090123,0.0,-170027.7743142534,1317.328111442555
0.02,,fixed_static_lattice_reference,KM,0.116,0.116,0.37200000000000005,0.256,1380.3622741485556,0.0,-170027.7743142534,1317.3352775881767
0.02,,fixed_static_lattice_reference,KM,0.117,0.117,0.37233333333333335,0.25533333333333336,1380.3692446566326,0.0,-170027.7743142534,1317.3425815935918
0.02,,fixed_static_lattice_reference,KM,0.11800000000000001,0.11800000000000001,0.3726666666666667,0.25466666666666665,1380.3763485971872,0.0,-170027.7743142534,1317.3500254117164
0.02,,fixed_static_lattice_reference,KM,0.11900000000000001,0.11900000000000001,0.373,0.254,1380.3835878404786,0.0,-170027.7743142534,1317.3576110020767
0.02,,fixed_static_lattice_reference,KM,0.12,0.12,0.37333333333333335,0.25333333333333335,1380.3909642627264,0.0,-170027.7743142534,1317.3653403304363
0.02,,fixed_static_lattice_reference,KM,0.121,0.121,0.37366666666666665,0.25266666666666665,1380.3984797457497,0.0,-170027.7743142534,1317.3732153684177
0.02,,fixed_static_lattice_reference,KM,0.122,0.122,0.37399999999999994,0.252,1380.406136176608,0.0,-170027.7743142534,1317.3812380931265
0.02,,fixed_static_lattice_reference,KM,0.123,0.123,0.37433333333333335,0.25133333333333335,1380.4139354472381,0.0,-170027.7743142534,1317.3894104867695
0.02,,fixed_static_lattice_reference,KM,0.124,0.124,0.3746666666666667,0.25066666666666665,1380.4218794540952,0.0,-170027.7743142534,1317.3977345362803
0.02,,fixed_static_lattice_reference,KM,0.125,0.125,0.375,0.25,1380.4299700977895,0.0,-170027.7743142534,1317.4062122329356
0.02,,fixed_static_lattice_reference,KM,0.126,0.126,0.3753333333333333,0.24933333333333332,1380.4382092827234,0.0,-170027.7743142534,1317.414845571978
0.02,,fixed_static_lattice_reference,KM,0.127,0.127,0.37566666666666665,0.24866666666666667,1380.4465989167293,0.0,-170027.7743142534,1317.4236365522336
0.02,,fixed_static_lattice_reference,KM,0.128,0.128,0.37600000000000006,0.248,1380.4551409107037,0.0,-170027.7743142534,1317.4325871757299
0.02,,fixed_static_lattice_reference,KM,0.129,0.129,0.37633333333333335,0.24733333333333332,1380.4638371782446,0.0,-170027.7743142534,1317.4416994473152
0.02,,fixed_static_lattice_reference,KM,0.13,0.13,0.37666666666666665,0.24666666666666667,1380.4726896352838,0.0,-170027.7743142534,1317.4509753742723
0.02,,fixed_static_lattice_reference,KM,0.131,0.131,0.377,0.246,1380.4817001997244,0.0,-170027.7743142534,1317.4604169659399
0.02,,fixed_static_lattice_reference,KM,0.132,0.132,0.37733333333333335,0.24533333333333332,1380.4908707910718,0.0,-170027.7743142534,1317.4700262333251
0.02,,fixed_static_lattice_reference,KM,0.133,0.133,0.37766666666666665,0.24466666666666667,1380.5002033300698,0.0,-170027.7743142534,1317.4798051887212
0.02,,fixed_static_lattice_reference,KM,0.134,0.134,0.37799999999999995,0.244,1380.5096997383298,0.0,-170027.7743142534,1317.4897558453197
0.02,,fixed_static_lattice_reference,KM,0.135,0.135,0.37833333333333335,0.24333333333333332,1380.5193619379675,0.0,-170027.7743142534,1317.4998802168293
0.02,,fixed_static_lattice_reference,KM,0.136,0.136,0.3786666666666667,0.24266666666666667,1380.5291918512316,0.0,-170027.7743142534,1317.5101803170865
0.02,,fixed_static_lattice_reference,KM,0.137,0.137,0.379,0.242,1380.5391914001364,0.0,-170027.7743142534,1317.5206581596697
0.02,,fixed_static_lattice_reference,KM,0.138,0.138,0.3793333333333333,0.24133333333333332,1380.5493625060933,0.0,-170027.7743142534,1317.5313157575144
0.02,,fixed_static_lattice_reference,KM,0.139,0.139,0.37966666666666665,0.24066666666666667,1380.5597070895399,0.0,-170027.7743142534,1317.5421551225231
0.02,,fixed_static_lattice_reference,KM,0.14,0.14,0.38000000000000006,0.24,1380.5702270695742,0.0,-170027.7743142534,1317.553178265182
0.02,,fixed_static_lattice_reference,KM,0.14100000000000001,0.14100000000000001,0.38033333333333336,0.23933333333333331,1380.5809243635797,0.0,-170027.7743142534,1317.5643871941677
0.02,,fixed_static_lattice_reference,KM,0.14200000000000002,0.14200000000000002,0.38066666666666665,0.23866666666666667,1380.5918008868584,0.0,-170027.7743142534,1317.5757839159635
0.02,,fixed_static_lattice_reference,KM,0.14300000000000002,0.14300000000000002,0.381,0.238,1380.6028585522586,0.0,-170027.7743142534,1317.5873704344674
0.02,,fixed_static_lattice_reference,KM,0.14400000000000002,0.14400000000000002,0.38133333333333336,0.2373333333333333,1380.6140992698042,0.0,-170027.7743142534,1317.5991487506053
0.02,,fixed_static_lattice_reference,KM,0.145,0.145,0.38166666666666665,0.23666666666666666,1380.6255249463231,0.0,-170027.7743142534,1317.6111208619398
0.02,,fixed_static_lattice_reference,KM,0.146,0.146,0.38199999999999995,0.236,1380.6371374850771,0.0,-170027.7743142534,1317.623288762283
0.02,,fixed_static_lattice_reference,KM,0.147,0.147,0.38233333333333336,0.2353333333333333,1380.6489387853878,0.0,-170027.7743142534,1317.6356544413043
0.02,,fixed_static_lattice_reference,KM,0.148,0.148,0.38266666666666665,0.23466666666666666,1380.6609307422652,0.0,-170027.7743142534,1317.6482198841406
0.02,,fixed_static_lattice_reference,KM,0.149,0.149,0.383,0.23399999999999999,1380.6731152460345,0.0,-170027.7743142534,1317.6609870710054
0.02,,fixed_static_lattice_reference,KM,0.15,0.15,0.3833333333333333,0.2333333333333333,1380.6854941819654,0.0,-170027.7743142534,1317.6739579767996
