feature_family,held_support_configuration,bond_index,atom_i,atom_j,distance_A,target_delta_minimum_norm_tension_meV_A,remaining_repair_minimum_norm_tension_meV_A,LOCO_router_score,LOCO_router_threshold,LOCO_router_active,LOCO_tension_prediction_meV_A
mace_invariants,94,0,0,36,1.3910826091423445,855.4704186252884,24.115266981261236,0.6431641110048536,0.6378026724794844,1,-4.570624108877128
mace_invariants,94,1,0,41,1.4226454570369447,1203.9847919740257,-18.159731400178075,0.6242484604896695,0.6378026724794844,0,-7.4739775104938
mace_invariants,94,2,0,71,1.4972993441168152,725.2194793780516,28.40484017159536,0.6174439640645871,0.6378026724794844,0,-15.86045951110968
mace_invariants,94,3,1,36,1.3733004800723627,587.780071324929,2.358378190265617,0.4498687266607202,0.6378026724794844,0,44.44961351249182
mace_invariants,94,4,1,37,1.4205248973080284,1360.6828287518672,52.19482921247856,0.35847115058220813,0.6378026724794844,0,-32.866235048669445
mace_invariants,94,5,1,66,1.5862276990373492,-818.2929406113848,-52.10915505618942,0.17215570642210587,0.6378026724794844,0,-41.14678762251932
mace_invariants,94,6,2,37,1.5110807960941954,499.70633959013,-0.05405322118524512,0.4916769298153989,0.6378026724794844,0,-31.697109869292454
mace_invariants,94,7,2,38,1.4299303839246404,1058.608356389243,-3.8239927279764085,0.5595761279380015,0.6378026724794844,0,51.722693701773636
mace_invariants,94,8,2,67,1.402797054080899,1319.9564595362706,13.664673690041766,0.48806155456537537,0.6378026724794844,0,-55.88635564617837
mace_invariants,94,9,3,38,1.5037165072873289,523.3785951569869,-10.199585285526409,0.6762687931930207,0.6378026724794844,1,53.135599847974476
mace_invariants,94,10,3,39,1.4030662531953084,1364.4174559519051,17.853636565040556,0.630188393000376,0.6378026724794844,0,-29.943265548197957
mace_invariants,94,11,3,68,1.4729952382035687,980.3590589448696,-10.050060960976126,0.6148450260995493,0.6378026724794844,0,-8.801683170108037
mace_invariants,94,12,4,39,1.4282564842932257,930.8839274308507,16.644761746209582,0.5891131718334657,0.6378026724794844,0,-39.05551751553908
mace_invariants,94,13,4,40,1.4124189370887088,1114.4569878959678,-3.918824083703861,0.5881132688002951,0.6378026724794844,0,-28.732924982246253
mace_invariants,94,14,4,69,1.4024234838904601,1258.5286738009786,10.08663437637872,0.5632763710505484,0.6378026724794844,0,-10.750317280490194
mace_invariants,94,15,5,40,1.3421399896087025,439.13392383603775,15.229440916281089,0.5092525774349566,0.6378026724794844,0,-50.67711601635554
mace_invariants,94,16,5,41,1.4684663752195157,1013.3360545925653,13.439116975479067,0.5609156081014972,0.6378026724794844,0,1.7600886288544118
mace_invariants,94,17,5,70,1.4479660420284532,1130.939591742957,-4.0997441160598775,0.5108061728400469,0.6378026724794844,0,-21.066899509130145
mace_invariants,94,18,6,41,1.435087344722947,1316.2242181537179,9.738419964372701,0.6242183030611651,0.6378026724794844,0,1.0189198090204918
mace_invariants,94,19,6,42,1.4150505067149806,1066.3064624718163,44.270008266440016,0.5698559048123629,0.6378026724794844,0,-35.13868733689729
mace_invariants,94,20,6,47,1.4793709409684563,903.3788152037052,16.784840057370346,0.6171504636181706,0.6378026724794844,0,-0.033466362977325304
mace_invariants,94,21,7,36,1.3678498966135975,751.9519273749837,19.107190826105608,0.6170622593713195,0.6378026724794844,0,-7.062989897116676
mace_invariants,94,22,7,42,1.4114636346184672,1126.4498226044655,15.966444262625403,0.5437842106073334,0.6378026724794844,0,-17.321791489551355
mace_invariants,94,23,7,43,1.477816454646723,880.9667086705217,-5.0061186126441335,0.4317250298719227,0.6378026724794844,0,-1.7997866863170628
mace_invariants,94,24,8,37,1.3526949689094148,426.96854619694597,4.581081400998108,0.6079207013356448,0.6378026724794844,0,-7.129327674814421
mace_invariants,94,25,8,43,1.3973134258174358,938.0054290726318,58.5663112097108,0.51398104791476,0.6378026724794844,0,75.66327359017578
mace_invariants,94,26,8,44,1.3664490064738735,637.1492661684741,23.871943128752818,0.6138072753572398,0.6378026724794844,0,34.775293665827604
mace_invariants,94,27,9,38,1.3360377772378191,498.8952435495959,-1.5342956901935914,0.5813472309770936,0.6378026724794844,0,-16.687663585481637
mace_invariants,94,28,9,44,1.4658604777134931,981.2258602994896,-4.5757008081381265,0.519334606876086,0.6378026724794844,0,31.687414586160592
mace_invariants,94,29,9,45,1.4500734013598335,901.0914459867367,8.203731811623767,0.5360785039002277,0.6378026724794844,0,4.92296059195777
mace_invariants,94,30,10,39,1.512805124826537,348.4905483354967,-8.187026249237745,0.6499737198730153,0.6378026724794844,1,5.001722388469998
mace_invariants,94,31,10,45,1.4019351760126055,1243.625847004217,14.286066732878966,0.6507853929887941,0.6378026724794844,1,9.284883399455646
mace_invariants,94,32,10,46,1.4190292190170481,1426.9696386776482,0.7634327453591507,0.7148988916105408,0.6378026724794844,1,20.149799034487984
mace_invariants,94,33,11,40,1.4494715879207785,943.5794268776725,-15.725557623728882,0.6076009988097327,0.6378026724794844,0,-7.790935236034498
mace_invariants,94,34,11,46,1.450259628940738,1143.3395150966517,2.661363597627201,0.6735260735804287,0.6378026724794844,1,15.40421169079204
mace_invariants,94,35,11,47,1.4205115775485926,1252.680429115152,4.561407324830609,0.6521961900332789,0.6378026724794844,1,-1.088802368934683
mace_invariants,94,36,12,47,1.4319351561503288,1003.4367394390069,-33.15819916062582,0.6424171896706665,0.6378026724794844,1,-23.580188073373897
mace_invariants,94,37,12,48,1.3747221988294773,804.0551340373687,-18.066146099920285,0.7018721415937662,0.6378026724794844,1,-45.62680718949662
mace_invariants,94,38,12,53,1.4833054609982357,870.4305873529892,-10.261271391508352,0.5876862988178762,0.6378026724794844,0,-28.044408184967345
mace_invariants,94,39,13,42,1.400874009011166,1070.0120514041864,-3.169154684878904,0.6047284472640971,0.6378026724794844,0,7.078116922441216
mace_invariants,94,40,13,48,1.4994883272757629,593.6837686253456,-0.9045921176635743,0.7114779579930045,0.6378026724794844,1,2.260333795844618
mace_invariants,94,41,13,49,1.43566683057242,958.2220935157128,23.215449017171533,0.44345800998130813,0.6378026724794844,0,-40.84123975075542
mace_invariants,94,42,14,43,1.44549195172947,1278.1618417212408,0.8005084465795044,0.40476135597147767,0.6378026724794844,0,30.831623074006067
mace_invariants,94,43,14,49,1.4263398774721714,1046.508925267096,19.734253941384143,0.3555500994240993,0.6378026724794844,0,-31.91595147299264
mace_invariants,94,44,14,50,1.3407454143611117,347.79340413338394,32.89417055806083,0.511008627956298,0.6378026724794844,0,-78.28977713976484
mace_invariants,94,45,15,44,1.496603675661056,705.2491871376185,19.307150382703714,0.5476295835958672,0.6378026724794844,0,18.969210241805165
mace_invariants,94,46,15,50,1.5146188469618211,473.1615673525955,-15.36293293834433,0.5540506281382077,0.6378026724794844,0,20.99232436564506
mace_invariants,94,47,15,51,1.4160443200756212,971.1274407489199,-42.81221426489183,0.5337187521981206,0.6378026724794844,0,45.2968008833884
mace_invariants,94,48,16,45,1.3707324767622397,732.3722695465791,-23.316523839138384,0.49775967903703605,0.6378026724794844,0,-16.761193480298267
mace_invariants,94,49,16,51,1.4374983791935803,1101.3968700691055,-11.607844608452558,0.46710495061514773,0.6378026724794844,0,-0.5145534500725315
mace_invariants,94,50,16,52,1.457527728350745,1137.8349655783313,-18.04010034782004,0.44573904107871537,0.6378026724794844,0,-24.035658881014058
mace_invariants,94,51,17,46,1.4271945033535822,961.7687652830946,-41.532159428066194,0.6003804124809771,0.6378026724794844,0,-23.61415074693095
mace_invariants,94,52,17,52,1.4192501876847963,1025.1921481796558,-6.019857711831541,0.48424627590090974,0.6378026724794844,0,-36.36372607648358
mace_invariants,94,53,17,53,1.4054774701200734,998.9401751557921,-13.060290584314359,0.5243196380810369,0.6378026724794844,0,-45.13228603446577
mace_invariants,94,54,18,53,1.4125083655224295,1128.1206983059951,-37.69394598322609,0.545920278347837,0.6378026724794844,0,-41.31285396098772
mace_invariants,94,55,18,54,1.401360932569208,1090.2577272170054,-14.999315890836431,0.5351710314245192,0.6378026724794844,0,-41.67318423007123
mace_invariants,94,56,18,59,1.4726022443596138,876.6588599667193,-39.92378367688592,0.5589604549521549,0.6378026724794844,0,-17.22456081640599
mace_invariants,94,57,19,48,1.4154163793725598,1269.1998889967265,-4.135592863415704,0.5888878574995848,0.6378026724794844,0,-37.08363237403456
mace_invariants,94,58,19,54,1.4631381105047145,1044.1267415852346,-5.593161612792956,0.4639527678003771,0.6378026724794844,0,-27.183249254449464
mace_invariants,94,59,19,55,1.373679486902283,911.9229375114248,-0.3232775358170785,0.460297492225456,0.6378026724794844,0,-82.42663041299414
mace_invariants,94,60,20,49,1.3758587684781813,780.817592770125,31.679065725920935,0.4069683902184421,0.6378026724794844,0,-56.55630402422185
mace_invariants,94,61,20,55,1.3435790312786378,437.50103332323727,36.76552192565351,0.5463979729560097,0.6378026724794844,0,-70.06503929687631
mace_invariants,94,62,20,56,1.4561562442566156,977.5031844867028,15.02598370197287,0.4476930487006231,0.6378026724794844,0,-3.9707093216154075
mace_invariants,94,63,21,50,1.3662617455748776,671.0173180063583,19.32562572438732,0.49464541579587873,0.6378026724794844,0,-65.17325393217153
mace_invariants,94,64,21,56,1.45299459756637,1083.545564516648,39.35211345457481,0.37991154574586106,0.6378026724794844,0,-3.462651496583085
mace_invariants,94,65,21,57,1.4864206457535838,773.7583916101045,-6.789706148093131,0.420246191423736,0.6378026724794844,0,-7.7602102048321235
mace_invariants,94,66,22,51,1.333348821078626,241.10755562537096,-20.925804542042314,0.4976414545918394,0.6378026724794844,0,-18.902969662424105
mace_invariants,94,67,22,57,1.4392385686925124,1261.4800763814078,-6.600280479849726,0.44357410615978377,0.6378026724794844,0,13.155271999765683
mace_invariants,94,68,22,58,1.4490732350006528,1045.3503059296745,-23.3257597493766,0.4527195487124209,0.6378026724794844,0,4.631795473403416
mace_invariants,94,69,23,52,1.4094316986697775,1087.6916683904797,-25.305259679440738,0.591250612535869,0.6378026724794844,0,5.409399502072626
mace_invariants,94,70,23,58,1.4044997888009438,1105.512468264819,-36.09249845266794,0.5676946161928829,0.6378026724794844,0,19.00423807672236
mace_invariants,94,71,23,59,1.4399494329129614,1012.4759547892039,-37.77306329645223,0.6443641513203141,0.6378026724794844,1,11.964515027195676
mace_invariants,94,72,24,59,1.4500545237232507,1146.7006404116707,-13.433965341375105,0.6035644698018776,0.6378026724794844,0,-2.246972130519195
mace_invariants,94,73,24,60,1.4857509766468695,692.198338109627,1.8791759976272815,0.6032015962189397,0.6378026724794844,0,10.302265611975416
mace_invariants,94,74,24,65,1.4183908873987212,1020.8447269304206,-12.683407211350886,0.6247399384635701,0.6378026724794844,0,-22.060417496724156
mace_invariants,94,75,25,54,1.4144132311987314,1124.7470182480995,-22.787290772372504,0.5427809953415204,0.6378026724794844,0,-35.68197875119982
mace_invariants,94,76,25,60,1.3550443817569098,680.8063179297739,36.446089844273246,0.5662075452862181,0.6378026724794844,0,-35.83808883170835
mace_invariants,94,77,25,61,1.4641228847501944,789.8644240095699,21.702052332325625,0.550821717039266,0.6378026724794844,0,-32.83322147581263
mace_invariants,94,78,26,55,1.5011237332547276,610.05165420197,7.356915429874185,0.5880405994884532,0.6378026724794844,0,-51.11363171362636
mace_invariants,94,79,26,61,1.388735250411863,1141.5152838308256,21.503751954405534,0.5997365967611199,0.6378026724794844,0,5.291958978384438
mace_invariants,94,80,26,62,1.4763609791364147,753.6799752606288,12.951196707386943,0.6058325085137721,0.6378026724794844,0,-20.021738122679853
mace_invariants,94,81,27,56,1.4208606499921896,1139.1895111414287,30.936671150169662,0.35990024648555785,0.6378026724794844,0,-34.186969544112785
mace_invariants,94,82,27,62,1.3281742144562902,-96.02090247305351,-2.46872128357227,0.47639707976626333,0.6378026724794844,0,-88.07611799235657
mace_invariants,94,83,27,63,1.480265447680916,828.2006984895302,10.499390318746855,0.4408622226699416,0.6378026724794844,0,-55.034447368326
mace_invariants,94,84,28,57,1.3643409548128618,670.0612345766268,11.697250268181067,0.45567217890037626,0.6378026724794844,0,-25.781327644244648
mace_invariants,94,85,28,63,1.3877845747513935,969.263100286112,20.018619853475407,0.49629950940688505,0.6378026724794844,0,-61.46900355981335
mace_invariants,94,86,28,64,1.4191047664993053,1072.1188674109028,-13.378871284542072,0.513507224121263,0.6378026724794844,0,-20.029095743066808
mace_invariants,94,87,29,58,1.4516470406277315,987.3346340934618,-33.60498661762997,0.44554903757284137,0.6378026724794844,0,-16.62102493205501
mace_invariants,94,88,29,64,1.3932753600365706,1078.4907501386963,-23.777727648247254,0.49423864024109104,0.6378026724794844,0,-16.994357546304954
mace_invariants,94,89,29,65,1.4183361444606206,1052.9195919345539,-12.41439859279941,0.5433940413619651,0.6378026724794844,0,-38.11423225733166
mace_invariants,94,90,30,65,1.3874304765600594,1012.0145262043916,-12.174406624811038,0.5729148485071001,0.6378026724794844,0,-38.51498633606197
mace_invariants,94,91,30,66,1.4469675523428345,1102.9092051488135,25.133178403947777,0.3417005638134441,0.6378026724794844,0,9.241700603330477
mace_invariants,94,92,30,71,1.4628849171799836,962.0623237913956,28.752177304779778,0.5936934371117919,0.6378026724794844,0,-21.547061485856215
mace_invariants,94,93,31,60,1.4533968075619281,901.5250503325989,-1.549384058209759,0.6347316560883869,0.6378026724794844,0,-39.84501152296612
mace_invariants,94,94,31,66,1.3567595014175782,733.60297206167,53.42168221248815,0.42505571363936145,0.6378026724794844,0,-30.93144160560113
mace_invariants,94,95,31,67,1.3470094404985156,333.15575464561823,-30.873283708238205,0.6077557825494402,0.6378026724794844,0,-62.712511150337285
mace_invariants,94,96,32,61,1.4237382996860175,1134.0243894860268,24.17686543975021,0.5371113064459161,0.6378026724794844,0,-34.81599137597764
mace_invariants,94,97,32,67,1.4742746372600655,844.1795781118992,-11.870473470888378,0.5255212611539215,0.6378026724794844,0,-47.49285026318837
mace_invariants,94,98,32,68,1.3674506281921135,845.4031212483726,19.94171463968121,0.5356120674330762,0.6378026724794844,0,-49.50007003046847
mace_invariants,94,99,33,62,1.3828741504948483,1029.6383449262285,0.943583952319256,0.5138152274741464,0.6378026724794844,0,-48.68469771070886
mace_invariants,94,100,33,68,1.4064363930713153,1110.4841670274304,2.366806055633323,0.5062200767086543,0.6378026724794844,0,-28.639883743238137
mace_invariants,94,101,33,69,1.4846895419231463,801.6228963290976,-1.4746213946164253,0.49572664282656376,0.6378026724794844,0,-26.71458446005719
mace_invariants,94,102,34,63,1.3771809475772032,1006.6262168806335,5.924621400212432,0.5193141793973927,0.6378026724794844,0,-80.99988486906992
mace_invariants,94,103,34,69,1.4534300053205425,922.4949398948293,-7.514876210558005,0.5367604518461317,0.6378026724794844,0,-25.486223370169327
mace_invariants,94,104,34,70,1.4745318642219176,919.4903609051404,9.071388609298694,0.5631509450009688,0.6378026724794844,0,-0.6338843896155151
mace_invariants,94,105,35,64,1.4602014177793732,1136.8235551373418,8.131944887045055,0.5289432947581261,0.6378026724794844,0,-71.96326092404014
mace_invariants,94,106,35,70,1.341040769203884,353.255339085556,-3.24046893921088,0.5555723456473243,0.6378026724794844,0,-73.82742705960119
mace_invariants,94,107,35,71,1.3624367392858336,603.9722478899295,5.360389392241166,0.5988772844836922,0.6378026724794844,0,-84.59213744340336
mace_invariants,65,0,0,36,1.4622436022949392,1056.6072441230367,-16.111577939814147,0.466785946674631,0.6375598425194077,0,9.093614370910903
mace_invariants,65,1,0,41,1.442485067575715,1115.8583237674895,-1.056656630592498,0.5261888464626787,0.6375598425194077,0,-49.26980095712223
mace_invariants,65,2,0,71,1.3898080435681002,1009.3716108655941,-46.541556520004384,0.5226491036539994,0.6375598425194077,0,-48.31829360978822
mace_invariants,65,3,1,36,1.3198933492284028,-85.81062713413657,-105.2477178803085,0.41589770303789775,0.6375598425194077,0,-35.17235476303934
mace_invariants,65,4,1,37,1.4917086605498664,828.7385625310502,-2.6568823534061092,0.6143163650686498,0.6375598425194077,0,29.378537131750278
mace_invariants,65,5,1,66,1.399776704928703,881.0668491114226,-4.124502034733607,0.4141036632846997,0.6375598425194077,0,-28.783550289781182
mace_invariants,65,6,2,37,1.4658647049579165,1715.2990221679909,68.00223329865356,0.8867987520144867,0.6375598425194077,1,40.124512145377544
mace_invariants,65,7,2,38,1.4979433143666026,896.972768699511,0.872397596875199,0.728934354687371,0.6375598425194077,1,-38.19374345013786
mace_invariants,65,8,2,67,1.400968195847968,1033.721514560118,-38.351815131758876,0.78785648942883,0.6375598425194077,1,62.53977245817497
mace_invariants,65,9,3,38,1.3118625119806846,-330.6214883911702,-66.48154676802456,0.4393214395441609,0.6375598425194077,0,-36.53525517949189
mace_invariants,65,10,3,39,1.4290786076401183,1037.2902068992528,1.4931427873175247,0.3716478482992457,0.6375598425194077,0,-9.717116628339012
mace_invariants,65,11,3,68,1.457525015179946,1145.9315150413177,-53.23163703482785,0.4355520980363039,0.6375598425194077,0,2.912852614400105
mace_invariants,65,12,4,39,1.4443060089054314,1178.1604454205153,-13.931604384871028,0.43262819858706714,0.6375598425194077,0,-53.77916602425051
mace_invariants,65,13,4,40,1.4574032943381332,1057.0302498727988,6.053942996865968,0.5141732792299547,0.6375598425194077,0,-25.21868316385506
mace_invariants,65,14,4,69,1.4366700772715324,1174.6456996675488,-5.191546695304255,0.5993339851666084,0.6375598425194077,0,-20.129524375744005
mace_invariants,65,15,5,40,1.4243779819184519,1185.043186394181,4.054767298005746,0.5636067859667975,0.6375598425194077,0,-38.69983982920854
mace_invariants,65,16,5,41,1.3959560347626712,1158.7320761124195,-28.79726726285387,0.5685839316532364,0.6375598425194077,0,-58.42063181175598
mace_invariants,65,17,5,70,1.4972169285577346,644.9821894395945,-31.977803837685663,0.6879149680344185,0.6375598425194077,1,-15.207765104329786
mace_invariants,65,18,6,41,1.390050777285507,985.3629953137169,8.167750248121918,0.5308085223619949,0.6375598425194077,0,-65.17057448332994
mace_invariants,65,19,6,42,1.447806653915352,1019.2130516811621,-20.80065320957742,0.4818457791360394,0.6375598425194077,0,-16.658107513257093
mace_invariants,65,20,6,47,1.420916595401595,1197.8913588504704,-9.614726041182392,0.5203195999510719,0.6375598425194077,0,-31.216917665540905
mace_invariants,65,21,7,36,1.4574200621561477,1220.9022361179707,-8.432143461773677,0.45792602958111295,0.6375598425194077,0,13.15967575027188
mace_invariants,65,22,7,42,1.3391327118614944,262.524197462906,-33.525781971810666,0.468366186143205,0.6375598425194077,0,6.215216214839703
mace_invariants,65,23,7,43,1.5360806596388827,135.57726494702928,-9.753925697566151,0.40970592915736015,0.6375598425194077,0,6.319818191614175
mace_invariants,65,24,8,37,1.3927529576364828,814.8209766493688,-17.425635581449743,0.7508331185987968,0.6375598425194077,1,143.07506825353065
mace_invariants,65,25,8,43,1.3575630510804555,616.9064826707942,12.320703889882056,0.5041943561442919,0.6375598425194077,0,113.17558155235722
mace_invariants,65,26,8,44,1.4002809869949857,707.5134134072847,-7.705034002142557,0.65007230343095,0.6375598425194077,1,143.21511387913532
mace_invariants,65,27,9,38,1.374432310514095,778.7655742382244,-19.09679730086785,0.4233458454851279,0.6375598425194077,0,-50.405457535192376
mace_invariants,65,28,9,44,1.5510591645991127,-221.25364666821451,-33.485897995484045,0.4804494276443968,0.6375598425194077,0,-35.37367775136363
mace_invariants,65,29,9,45,1.391798758476647,947.3315523580657,-19.368722880673033,0.381357016158631,0.6375598425194077,0,-32.03273880345195
mace_invariants,65,30,10,39,1.41096963657844,1057.4372752636023,-4.557758651475618,0.449726945360275,0.6375598425194077,0,-82.6677663597512
mace_invariants,65,31,10,45,1.39229491504608,873.9663856653361,10.93994764456832,0.47541170727869336,0.6375598425194077,0,-97.42616778480368
mace_invariants,65,32,10,46,1.3576217727735305,595.9480921300215,-26.653910522251188,0.47626139572783877,0.6375598425194077,0,-93.59636786562265
mace_invariants,65,33,11,40,1.403253715282966,1105.886970941727,-33.5251376979284,0.5207816055781388,0.6375598425194077,0,-61.19866831747161
mace_invariants,65,34,11,46,1.373419000957773,877.9630072438608,-9.670575248850819,0.4657709753028149,0.6375598425194077,0,-88.16224201060075
mace_invariants,65,35,11,47,1.4515167265535731,1194.6225165105348,12.665651545886531,0.5152698288536546,0.6375598425194077,0,-41.15846485046385
mace_invariants,65,36,12,47,1.4494005910787482,1094.0309049632172,-17.83339500265374,0.4757753586931977,0.6375598425194077,0,-32.50593021241988
mace_invariants,65,37,12,48,1.3949103676174117,940.2677368256786,-32.998109061183456,0.4223497000592193,0.6375598425194077,0,-25.512245462860786
mace_invariants,65,38,12,53,1.4382265047970735,1250.756315548532,-3.000105896795349,0.4483786979515922,0.6375598425194077,0,-33.51851169485571
mace_invariants,65,39,13,42,1.4668780840530653,931.7819316673704,-25.761286587947456,0.41243426847744546,0.6375598425194077,0,15.919239752829085
mace_invariants,65,40,13,48,1.348069609005279,604.3746463866886,1.0705218618821608,0.39748243065849953,0.6375598425194077,0,-19.42980300627275
mace_invariants,65,41,13,49,1.4811646067349575,1023.9079746723729,-9.657317476750347,0.38154848661053203,0.6375598425194077,0,13.319073862621003
mace_invariants,65,42,14,43,1.4597187099506868,983.7089135519037,-12.584846080524288,0.29168843526091404,0.6375598425194077,0,-2.7525590380664937
mace_invariants,65,43,14,49,1.296308069719481,-838.6584585454654,-150.74036268929618,0.3194629103798455,0.6375598425194077,0,35.080228320722206
mace_invariants,65,44,14,50,1.4432589468508916,1309.3941581003064,-38.73308613364313,0.3039743439725493,0.6375598425194077,0,33.92108489460311
mace_invariants,65,45,15,44,1.4273916589481437,1306.452358470225,-2.19836246430689,0.5696209408256212,0.6375598425194077,0,27.651998084390684
mace_invariants,65,46,15,50,1.421472838103007,1101.929571136815,-38.73046084829549,0.4360289022505984,0.6375598425194077,0,-51.08768502939522
mace_invariants,65,47,15,51,1.4319536794719476,1042.8125470491923,-64.20808132031456,0.45604244826996027,0.6375598425194077,0,-41.96274300800463
mace_invariants,65,48,16,45,1.437317563771016,1043.5714500469403,-33.69348135638415,0.4153481272376579,0.6375598425194077,0,-63.472499690472
mace_invariants,65,49,16,51,1.4260731281505619,1175.7157404607358,-20.661477899097246,0.4008620461677627,0.6375598425194077,0,-55.83496003889452
mace_invariants,65,50,16,52,1.422784860907071,965.2459482281877,-12.117919552149196,0.4992974424909781,0.6375598425194077,0,-12.352054900015643
mace_invariants,65,51,17,46,1.4596454530905298,880.3472110800552,-20.89449095707581,0.4421154211399613,0.6375598425194077,0,-90.43539267147196
mace_invariants,65,52,17,52,1.3761633050430189,797.906987568487,-12.089016662816368,0.5252150479441361,0.6375598425194077,0,-14.09521571863477
mace_invariants,65,53,17,53,1.472432601935258,1049.4032422758908,-31.562042461512217,0.46421761394919536,0.6375598425194077,0,-36.66204918489025
mace_invariants,65,54,18,53,1.381249731149028,882.6531158761766,-47.7949569697426,0.5329212909190285,0.6375598425194077,0,-4.8922322904188995
mace_invariants,65,55,18,54,1.46211997247719,966.6886804404579,8.280867071304195,0.6178032238129015,0.6375598425194077,0,99.23661426213204
mace_invariants,65,56,18,59,1.3577838606015133,665.9609881340933,-39.73422463648962,0.5389460373177253,0.6375598425194077,0,-17.536138242866706
mace_invariants,65,57,19,48,1.4250439143849456,904.0979939633455,2.554289169373139,0.391225712272684,0.6375598425194077,0,21.81283348116824
mace_invariants,65,58,19,54,1.519834078689076,466.4561016190714,-7.546652753524683,0.5021366430589299,0.6375598425194077,0,54.181844611039104
mace_invariants,65,59,19,55,1.3251074970658214,123.38434640866491,-23.92710442988464,0.3837300888459213,0.6375598425194077,0,6.745912460830155
mace_invariants,65,60,20,49,1.4173514219691496,980.7702992343787,-11.037146483591012,0.30749363160385773,0.6375598425194077,0,-0.48253256209589424
mace_invariants,65,61,20,55,1.442147562724644,963.5503732416242,-26.4559150534251,0.31593195222506254,0.6375598425194077,0,-11.925312862603336
mace_invariants,65,62,20,56,1.4373484107456713,1125.9502360064237,-27.77566399166599,0.3977768797294472,0.6375598425194077,0,-36.65026337262935
mace_invariants,65,63,21,50,1.3689541956154991,927.90678158308,17.00443242370163,0.40542193075437516,0.6375598425194077,0,-67.93500693780449
mace_invariants,65,64,21,56,1.4602990105821476,1115.4470658349176,-31.227411708277955,0.5111937452872608,0.6375598425194077,0,-54.73001768554183
mace_invariants,65,65,21,57,1.4114368663791956,962.9604739182067,-62.003803240535824,0.47072459732570215,0.6375598425194077,0,-79.27766466672159
mace_invariants,65,66,22,51,1.4136379006954665,1092.3146064364137,-9.242447794517819,0.46903549652179877,0.6375598425194077,0,-76.77178847989614
mace_invariants,65,67,22,57,1.369302900501576,991.6577366183228,-25.49039338747588,0.5143246170737639,0.6375598425194077,0,-101.37169431018819
mace_invariants,65,68,22,58,1.412042226843043,1026.1136914182712,-11.339156302010469,0.544692715750299,0.6375598425194077,0,-64.38004142099423
mace_invariants,65,69,23,52,1.4264893886346734,1033.5027186167608,-30.861736651408304,0.5552856913138768,0.6375598425194077,0,1.134538730729087
mace_invariants,65,70,23,58,1.4644458410832273,892.6220586665473,-23.762157236546106,0.5325075142191618,0.6375598425194077,0,-12.310496433578324
mace_invariants,65,71,23,59,1.4673312561948402,932.0198612783299,-21.321430468953483,0.5003130037176329,0.6375598425194077,0,-17.600762749278918
mace_invariants,65,72,24,59,1.4711923856501437,827.7973589325632,-37.41803561963736,0.5114651742230083,0.6375598425194077,0,7.716381756004921
mace_invariants,65,73,24,60,1.4545224991795536,1057.6146657896015,-26.96040436416467,0.536438291342012,0.6375598425194077,0,9.095130780969622
mace_invariants,65,74,24,65,1.3175206748177444,-302.10026760763805,-125.93201894804831,0.5234952592321876,0.6375598425194077,0,-24.206274064974888
mace_invariants,65,75,25,54,1.4214568553458007,1201.0496772187178,-0.2716212120588684,0.6356645159216278,0.6375598425194077,0,98.3692915660175
mace_invariants,65,76,25,60,1.3929200767497565,1002.4340693762576,-32.41401311684197,0.5817804465454554,0.6375598425194077,0,19.402398477368422
mace_invariants,65,77,25,61,1.3869632124476805,875.6666574393348,-1.3074474533182594,0.5946839415932738,0.6375598425194077,0,-44.8625189792882
mace_invariants,65,78,26,55,1.4545589739018574,1079.3268300497411,-38.35754705035471,0.43659800285419215,0.6375598425194077,0,-1.0117939121332071
mace_invariants,65,79,26,61,1.4405037326233319,1114.8525617063126,-11.254474421093372,0.5140239827388468,0.6375598425194077,0,-50.89012699527888
mace_invariants,65,80,26,62,1.3730997061111108,1033.0650033911618,-17.749444619633632,0.5029021597675256,0.6375598425194077,0,-54.539141729838796
mace_invariants,65,81,27,56,1.4460717280646853,998.8814650784011,-36.342790534163974,0.6300555194228155,0.6375598425194077,0,-24.080341152767062
mace_invariants,65,82,27,62,1.4606821127335028,855.7627983197902,-35.81927351786591,0.6145147488317643,0.6375598425194077,0,-16.91546843802262
mace_invariants,65,83,27,63,1.3824479345777976,971.804395746723,-39.713710710080406,0.7002998368318458,0.6375598425194077,1,57.97260344310664
mace_invariants,65,84,28,57,1.379283360724125,1049.9859595715534,-29.467950950406426,0.5589273983059986,0.6375598425194077,0,-68.93257719385814
mace_invariants,65,85,28,63,1.4977944743411533,1091.6802088891093,-19.60317127835422,0.6696408636765876,0.6375598425194077,1,-38.97860468314124
mace_invariants,65,86,28,64,1.372963519103916,795.4618944377669,-84.40390375678942,0.6209502197939815,0.6375598425194077,0,-45.851918984231105
mace_invariants,65,87,29,58,1.4202438933528996,1148.19085731679,-53.03618180427694,0.5758144283962772,0.6375598425194077,0,-27.985110915304542
mace_invariants,65,88,29,64,1.3789693128419653,1013.2153076191139,-30.56372909467415,0.6074691512077248,0.6375598425194077,0,-58.787507667962636
mace_invariants,65,89,29,65,1.5077180862249586,384.5181223878753,-50.76294394602708,0.5556500029039277,0.6375598425194077,0,-40.82677229744139
mace_invariants,65,90,30,65,1.398430227951114,1009.5638566031271,-37.01091163967035,0.47545006015711394,0.6375598425194077,0,-44.28815351226951
mace_invariants,65,91,30,66,1.4046977137579169,1145.5201298305456,-42.94579626513669,0.43408387236052065,0.6375598425194077,0,-42.678210041775635
mace_invariants,65,92,30,71,1.4611375605078698,981.5564989279603,-42.67207053418756,0.49174106909308707,0.6375598425194077,0,-38.41024954778841
mace_invariants,65,93,31,60,1.5260215966255175,328.2284272320973,-12.78634785503472,0.5465591526303094,0.6375598425194077,0,-21.1348045359585
mace_invariants,65,94,31,66,1.4375601800557152,1004.0711461882456,-14.015954690524552,0.4922499327238917,0.6375598425194077,0,-26.676263126677078
mace_invariants,65,95,31,67,1.465626230067246,954.3822457793522,-14.615948598791675,0.5935203719221851,0.6375598425194077,0,33.3095302552965
mace_invariants,65,96,32,61,1.401891534443726,1191.218433745522,14.592696538096934,0.5633641057705947,0.6375598425194077,0,-63.699689049424954
mace_invariants,65,97,32,67,1.4161382827834514,1071.0844155124448,14.642277279431951,0.5974218300146521,0.6375598425194077,0,-5.22419066846512
mace_invariants,65,98,32,68,1.5148292445263376,499.64509609411124,-43.817643615372084,0.5347303537653361,0.6375598425194077,0,-9.556020087605212
mace_invariants,65,99,33,62,1.4192784754096361,1067.2829995014388,-67.03686034767955,0.5670905009388301,0.6375598425194077,0,-42.23180923810705
mace_invariants,65,100,33,68,1.391084458487832,996.9370676650591,-27.08131029171993,0.5495785719048926,0.6375598425194077,0,8.61837516686963
mace_invariants,65,101,33,69,1.3475596008043589,217.84185742154915,-82.72192850964313,0.6523801087473756,0.6375598425194077,1,-52.81505078789183
mace_invariants,65,102,34,63,1.5602966323152094,-433.8095007508097,-62.71392631017403,0.6856903307481012,0.6375598425194077,1,-18.23630968520742
mace_invariants,65,103,34,69,1.4667022593355685,916.8818125489726,-3.3510357695796107,0.6851948505565651,0.6375598425194077,1,-5.553055453234105
mace_invariants,65,104,34,70,1.414855391344323,1193.1820209988339,-67.23319221656945,0.7243423266875326,0.6375598425194077,1,30.736378301575535
mace_invariants,65,105,35,64,1.4839054222554193,778.2895483471044,-36.7948482066064,0.7272500222221769,0.6375598425194077,1,-23.121111980299418
mace_invariants,65,106,35,70,1.413627303541222,1432.4735714501442,-49.570577872850414,0.8145926620442145,0.6375598425194077,1,1.4236673403970457
mace_invariants,65,107,35,71,1.4319571212437552,1164.7656987203886,-44.825015936076056,0.691721882854353,0.6375598425194077,1,-11.09068973221977
mace_invariants,87,0,0,36,1.3676056508713499,856.3514717137994,11.551718896041999,0.4686900419616594,0.6386786855431555,0,-105.93961502543884
mace_invariants,87,1,0,41,1.4257492259192899,1083.5903519777276,22.41685016283887,0.4128310491434936,0.6386786855431555,0,-85.71025134020343
mace_invariants,87,2,0,71,1.3339262991076744,327.38724565996205,47.7884375975177,0.4821404546859114,0.6386786855431555,0,-76.03692334513353
mace_invariants,87,3,1,36,1.4110429873589032,1104.9177408747823,-16.600956679807226,0.6138739369309458,0.6386786855431555,0,-47.87852596598723
mace_invariants,87,4,1,37,1.477549198024956,840.5798750100555,-14.635336358820688,0.6117817055726618,0.6386786855431555,0,2.087734671956488
mace_invariants,87,5,1,66,1.4189209202942137,1419.747208833935,-27.031610746056824,0.6122738239120642,0.6386786855431555,0,-5.239592963522448
mace_invariants,87,6,2,37,1.4407934995457314,1059.910393099404,-44.065254268072884,0.5449486433090842,0.6386786855431555,0,-30.742601432143346
mace_invariants,87,7,2,38,1.4493368938337616,991.2879729468104,-31.638119072204095,0.568308705363527,0.6386786855431555,0,-29.600772708851494
mace_invariants,87,8,2,67,1.3761539358405541,901.2565884758191,-10.542843386229066,0.5296643575901093,0.6386786855431555,0,-47.62201909185946
mace_invariants,87,9,3,38,1.4119615439412072,978.0986151586568,-15.839765184199022,0.5854288512280367,0.6386786855431555,0,-37.44102704417623
mace_invariants,87,10,3,39,1.4094291914800903,1118.9839947268692,-8.353089478622202,0.5544284472619421,0.6386786855431555,0,-25.724081341844006
mace_invariants,87,11,3,68,1.471197783504387,940.764757983556,-26.050719425835865,0.7194185140871443,0.6386786855431555,1,10.293015412863356
mace_invariants,87,12,4,39,1.4622780672995155,839.1184510572257,-28.2573255787888,0.48805436174899736,0.6386786855431555,0,-28.741544625578918
mace_invariants,87,13,4,40,1.3738097124560567,780.5540241726401,-55.2152054850087,0.5123044028929391,0.6386786855431555,0,-63.66447153651614
mace_invariants,87,14,4,69,1.4557074927983815,993.2035788011518,-37.99762812250708,0.4610081252430759,0.6386786855431555,0,-40.288953697393715
mace_invariants,87,15,5,40,1.4670615910998215,1405.9830929643783,-21.057303814859637,0.582605637675062,0.6386786855431555,0,-25.897410702870758
mace_invariants,87,16,5,41,1.3712875950607852,883.9309899161066,-15.51851875415445,0.5122291769828904,0.6386786855431555,0,-40.123508042046296
mace_invariants,87,17,5,70,1.457947802531317,1049.8022290753138,6.94119607177484,0.5917898143802018,0.6386786855431555,0,-11.018936664040368
mace_invariants,87,18,6,41,1.4738740678976952,783.5917142846286,-38.17015817248973,0.5417744886108957,0.6386786855431555,0,-11.761753256520668
mace_invariants,87,19,6,42,1.4608151004685,1008.1425534786301,-4.7678224869532775,0.6475580541799493,0.6386786855431555,1,12.334851684068804
mace_invariants,87,20,6,47,1.4626965000014402,1190.1206082436192,-36.5218953278881,0.5837811826758157,0.6386786855431555,0,-9.965368819461053
mace_invariants,87,21,7,36,1.3845442131715606,957.0208121832507,-3.9186029305674124,0.5548658138418459,0.6386786855431555,0,-70.61251041942741
mace_invariants,87,22,7,42,1.3775834015847999,864.7646315159069,-34.35204366626689,0.6047903865927335,0.6386786855431555,0,-65.8955963250804
mace_invariants,87,23,7,43,1.506900677466636,556.029242443027,1.4300526823944892,0.6325407691400065,0.6386786855431555,0,-25.21746102702337
mace_invariants,87,24,8,37,1.4534420954300336,993.5052603026279,-23.206800934200864,0.5745842161656558,0.6386786855431555,0,-11.580703651373494
mace_invariants,87,25,8,43,1.4212420212357686,1163.7346988999527,-9.401765832329195,0.6543514028221005,0.6386786855431555,1,18.96623858763835
mace_invariants,87,26,8,44,1.3893984479940906,916.8514667689695,-28.77734970803225,0.5811722149232734,0.6386786855431555,0,-45.00666370459187
mace_invariants,87,27,9,38,1.4011935797530486,1294.027543495299,4.9401294401186995,0.5056904869618171,0.6386786855431555,0,-18.172113497520954
mace_invariants,87,28,9,44,1.4235564781130146,1038.1573884460765,-34.806410913067005,0.48891842366499194,0.6386786855431555,0,-12.317071794859007
mace_invariants,87,29,9,45,1.4649057848561882,1023.1846519849523,-38.43478922990434,0.34053815883965066,0.6386786855431555,0,21.275527024385028
mace_invariants,87,30,10,39,1.4846562309528195,555.1021519474323,-81.17297681127214,0.5387417091387202,0.6386786855431555,0,18.42257571221564
mace_invariants,87,31,10,45,1.3124207731305897,-351.9940545310469,-144.83763181512197,0.4045897849826485,0.6386786855431555,0,-12.59532632968221
mace_invariants,87,32,10,46,1.3622249107774889,614.1213597578834,-82.30478754655681,0.47398558774104893,0.6386786855431555,0,2.7371579852699757
mace_invariants,87,33,11,40,1.3865241578003549,1243.9724467871765,-44.625309136419084,0.6416304431678669,0.6386786855431555,1,-19.215292242686346
mace_invariants,87,34,11,46,1.4553593526262998,1420.6054685968747,-0.00830669297798535,0.5526242806262538,0.6386786855431555,0,28.37923696426661
mace_invariants,87,35,11,47,1.4155227999913744,1227.9454007476154,-47.85655322622459,0.6132606765406152,0.6386786855431555,0,3.7657942010174867
mace_invariants,87,36,12,47,1.3996420402550005,1304.8799287306215,26.463092576621772,0.6457541148953527,0.6386786855431555,1,6.77375184596824
mace_invariants,87,37,12,48,1.3657089917376073,870.3405256951052,-24.24743747919111,0.7038694411654909,0.6386786855431555,1,19.181759845914456
mace_invariants,87,38,12,53,1.5380460693438465,1040.9596562488834,0.42291822395493056,0.826476581970931,0.6386786855431555,1,38.03046143632325
mace_invariants,87,39,13,42,1.462357812081196,1564.2495200944527,-25.136547001092787,0.733235529199872,0.6386786855431555,1,21.668139199670563
mace_invariants,87,40,13,48,1.4461009675450496,1295.3204582963908,8.537815067304361,0.7275739839658766,0.6386786855431555,1,12.755081729577183
mace_invariants,87,41,13,49,1.430861054826249,1146.5222028299884,-13.100328164095451,0.7296467825635449,0.6386786855431555,1,23.616644102157792
mace_invariants,87,42,14,43,1.4603777555527169,1264.6699384960184,-15.379302304258692,0.6219956308855966,0.6386786855431555,0,70.36457354355939
mace_invariants,87,43,14,49,1.4527701995036983,1019.5802353151508,-10.802226300369526,0.5906565017019967,0.6386786855431555,0,18.557009022887428
mace_invariants,87,44,14,50,1.3430583377270968,458.52806169717036,-14.530303501842875,0.5623114379733449,0.6386786855431555,0,-23.853722255570133
mace_invariants,87,45,15,44,1.3918675649653125,1160.989889728875,4.350966992343393,0.47923781248469954,0.6386786855431555,0,-0.639226539024552
mace_invariants,87,46,15,50,1.467745393793857,1062.3973456920291,-31.311140413773973,0.49273280747127485,0.6386786855431555,0,26.17443247814323
mace_invariants,87,47,15,51,1.434333310799874,1136.3452391620083,-46.5041506213199,0.3227499450275992,0.6386786855431555,0,33.08212388526666
mace_invariants,87,48,16,45,1.4543285937440267,990.8939305895273,19.72486576276622,0.33051403625945897,0.6386786855431555,0,-0.5485777474113025
mace_invariants,87,49,16,51,1.511589303080954,481.9180939177051,-11.51448172886006,0.3224064336276999,0.6386786855431555,0,2.719335217519875
mace_invariants,87,50,16,52,1.3693699110016269,756.6624153004384,6.764688461845869,0.5204416365799499,0.6386786855431555,0,51.581239673435675
mace_invariants,87,51,17,46,1.492496337688496,1171.2731056556386,53.53952762532427,0.5705187474144798,0.6386786855431555,0,21.674430724786596
mace_invariants,87,52,17,52,1.4611812058094016,1264.0778901257559,-8.40662858745548,0.6910505449765704,0.6386786855431555,1,63.55871540065938
mace_invariants,87,53,17,53,1.4322073830760726,1312.3803265371082,-20.386294127876695,0.8118776104044194,0.6386786855431555,1,24.302305839757317
mace_invariants,87,54,18,53,1.3742515299411462,994.6647443032322,16.49129298630217,0.8497968873556632,0.6386786855431555,1,16.347150150160566
mace_invariants,87,55,18,54,1.4435241264441347,1546.2641418800927,-50.72127639927196,0.722330755586802,0.6386786855431555,1,-11.918611255557419
mace_invariants,87,56,18,59,1.4506459026972989,1343.5234295505452,26.947701737474237,0.7297260045666938,0.6386786855431555,1,20.311135525424532
mace_invariants,87,57,19,48,1.4151356874045458,1108.880955186974,-38.81232039617174,0.6470474395903397,0.6386786855431555,1,-1.0164136533862536
mace_invariants,87,58,19,54,1.501620507918092,797.0817727186676,16.854529602586936,0.6421884486269187,0.6386786855431555,1,-4.904358142603774
mace_invariants,87,59,19,55,1.4622154539846681,1244.9181481773098,-36.63083266625714,0.6291524277212162,0.6386786855431555,0,0.29607997375232564
mace_invariants,87,60,20,49,1.4470983083497728,1413.5782845211945,-2.3143235196009004,0.6193649304538115,0.6386786855431555,0,-12.312773976470151
mace_invariants,87,61,20,55,1.4348392874094296,1240.0799535940282,-10.395368835009762,0.5993971199870196,0.6386786855431555,0,-28.568944087947
mace_invariants,87,62,20,56,1.3980298678995853,1287.0174366712909,31.767595104928244,0.6770502100767455,0.6386786855431555,1,-20.36167596497684
mace_invariants,87,63,21,50,1.480038198412267,821.0255087882861,-28.928896110100563,0.5421509259218213,0.6386786855431555,0,16.880637265831794
mace_invariants,87,64,21,56,1.406470147800349,1171.2131099808348,1.9386219934850684,0.6281812692734071,0.6386786855431555,0,5.94796129972678
mace_invariants,87,65,21,57,1.4513493970900073,1097.8044128632826,-0.16307263429665708,0.41688055171170246,0.6386786855431555,0,-20.020033872692935
mace_invariants,87,66,22,51,1.304118562534494,-654.5065711186148,-172.55275532622198,0.3956561425480571,0.6386786855431555,0,33.535868703064665
mace_invariants,87,67,22,57,1.4325845952428513,899.8146179321325,-2.0149748669078607,0.4403686307816139,0.6386786855431555,0,-24.464012118372693
mace_invariants,87,68,22,58,1.351405525092858,471.4719980681532,-18.447643511644433,0.4517535865134885,0.6386786855431555,0,29.570445815389895
mace_invariants,87,69,23,52,1.3966764378722314,1117.7777957819992,-5.52287132080357,0.623131967055233,0.6386786855431555,0,110.91318776206076
mace_invariants,87,70,23,58,1.538821244205001,168.0081607177679,-81.53193407988307,0.4811942080684144,0.6386786855431555,0,-84.09623602172327
mace_invariants,87,71,23,59,1.4943554870222482,991.182273889154,-12.18875720088268,0.6238881496941129,0.6386786855431555,0,36.30340720842577
mace_invariants,87,72,24,59,1.3511986435958705,949.0792330404734,35.1710356745063,0.6201341813366756,0.6386786855431555,0,-15.673291337054883
mace_invariants,87,73,24,60,1.4450824295020779,1120.9464201395285,36.012313548237984,0.6358677686083096,0.6386786855431555,0,26.273815088738218
mace_invariants,87,74,24,65,1.4546553701221627,1188.7243310787442,26.004424241978814,0.5266023369949824,0.6386786855431555,0,58.876545538843004
mace_invariants,87,75,25,54,1.3800260859345534,999.3965657003337,4.41596984155718,0.6262697254785947,0.6386786855431555,0,-57.26235316129261
mace_invariants,87,76,25,60,1.5257754507360446,141.85691982961356,-20.11647108892671,0.6493985617301206,0.6386786855431555,1,3.861262320766274
mace_invariants,87,77,25,61,1.4323922582098096,1065.6209710380106,-3.3617571355355014,0.6043525583985672,0.6386786855431555,0,-43.746594690096444
mace_invariants,87,78,26,55,1.4313492214582324,987.0151571011666,-49.72560567749544,0.6020523240078912,0.6386786855431555,0,-26.30363999655519
mace_invariants,87,79,26,61,1.4191169193758841,1074.4911161274397,-35.97008274117723,0.5931711778335661,0.6386786855431555,0,-44.27580049651108
mace_invariants,87,80,26,62,1.4246237166926345,1150.9140532346596,-52.249790573074954,0.5625629754496109,0.6386786855431555,0,-43.92783995019262
mace_invariants,87,81,27,56,1.4147547213509504,921.7020989395071,-3.960233461281611,0.7027831447061683,0.6386786855431555,1,-1.011368294550529
mace_invariants,87,82,27,62,1.4156506977505219,1005.4669469259219,4.0018458673642465,0.585640706058162,0.6386786855431555,0,-51.92209929938244
mace_invariants,87,83,27,63,1.47643642237516,873.169826347656,-22.464211657412985,0.56337720962095,0.6386786855431555,0,-20.53381396132181
mace_invariants,87,84,28,57,1.4374450544790984,1006.3538216935888,-1.9691563269905987,0.4598633061872406,0.6386786855431555,0,3.0690223596627266
mace_invariants,87,85,28,63,1.427857474851477,1168.85182920839,19.17649486869384,0.5317580886637269,0.6386786855431555,0,-9.439650756742022
mace_invariants,87,86,28,64,1.351370440619685,491.33632205103675,-7.941170851113672,0.6310990689935934,0.6386786855431555,0,-107.19001760387611
mace_invariants,87,87,29,58,1.3905887970053608,1003.2696995199401,-53.913616264054454,0.30615908544290527,0.6386786855431555,0,-24.687676864563603
mace_invariants,87,88,29,64,1.3387085669800558,246.51216174344776,-11.637360312719773,0.4660098925173834,0.6386786855431555,0,-134.4622079322339
mace_invariants,87,89,29,65,1.4033558024208292,1008.950180506344,9.670978061242595,0.3553211827269104,0.6386786855431555,0,-41.96159758165306
mace_invariants,87,90,30,65,1.4643338105796446,927.7906983945602,-34.764092902675515,0.45222806270658567,0.6386786855431555,0,-29.6942404925321
mace_invariants,87,91,30,66,1.3840306447836694,877.4391977586799,-42.05121239426461,0.4973605084960344,0.6386786855431555,0,-64.68709501888024
mace_invariants,87,92,30,71,1.3887446216603396,910.6992131662674,-10.318483553723754,0.5124110342391679,0.6386786855431555,0,-46.72358242887953
mace_invariants,87,93,31,60,1.3704026547479773,1137.2924453830549,-7.006388136905382,0.6240745726106759,0.6386786855431555,0,0.5621391114134671
mace_invariants,87,94,31,66,1.4611229673749808,938.4901463641773,-19.77959845762321,0.5599415867867974,0.6386786855431555,0,-16.892324190346958
mace_invariants,87,95,31,67,1.4261998788561028,1103.0881337721744,-25.343529979181614,0.54416518272842,0.6386786855431555,0,-26.62163615035506
mace_invariants,87,96,32,61,1.3834886069848509,844.9551455062998,-42.362822290529635,0.6213895776720757,0.6386786855431555,0,-23.758822535887
mace_invariants,87,97,32,67,1.403887979546066,1077.4020838674926,-17.058527393044386,0.5865261911213732,0.6386786855431555,0,-30.964071707866204
mace_invariants,87,98,32,68,1.4029705444617766,1131.5242896837153,-49.89021421085484,0.7591602017538983,0.6386786855431555,1,14.480907324082894
mace_invariants,87,99,33,62,1.5182578937935352,297.5498636215736,-70.34595339310927,0.5410153896604977,0.6386786855431555,0,-32.11507524996562
mace_invariants,87,100,33,68,1.411302100465413,1186.2737922052088,-13.613701483452381,0.7093942161262755,0.6386786855431555,1,-17.685479700472207
mace_invariants,87,101,33,69,1.4444121611652234,1173.387316787515,-45.20859482419555,0.5173579127951518,0.6386786855431555,0,-40.92180546393583
mace_invariants,87,102,34,63,1.395341019768232,1081.3005825075877,0.7076729007965583,0.5674802402622924,0.6386786855431555,0,2.1707480953686247
mace_invariants,87,103,34,69,1.4204610811438707,1056.897857511412,-7.122763916570218,0.5660862598341585,0.6386786855431555,0,-20.059559114363058
mace_invariants,87,104,34,70,1.3794986411913712,949.2296076346764,-14.000643628007587,0.6265667141891617,0.6386786855431555,0,-27.556490846467646
mace_invariants,87,105,35,64,1.5126237297240805,581.791175431458,-92.81589214967642,0.688546257902672,0.6386786855431555,1,-69.76154951300579
mace_invariants,87,106,35,70,1.474783178548835,966.5723380179427,-18.94209547888464,0.6482917514996748,0.6386786855431555,1,57.30182662714846
mace_invariants,87,107,35,71,1.4561092613033069,856.2372672620877,-48.33668009497064,0.6380405196447811,0.6386786855431555,0,14.65231694121883
mace_invariants,272,0,0,36,1.4766867076248007,866.5590683567851,-23.551380673277244,0.6524189018896454,0.6344362412536378,1,-36.51555160562745
mace_invariants,272,1,0,41,1.462651921041856,759.0523425860667,21.202624905797904,0.5292540396976129,0.6344362412536378,0,-6.736307299647743
mace_invariants,272,2,0,71,1.4586504185074207,896.5548293633481,-6.879944246086126,0.5493314361823426,0.6344362412536378,0,48.6130650716177
mace_invariants,272,3,1,36,1.3644063362164927,316.3837198043127,9.001321677397575,0.7597180428907859,0.6344362412536378,1,-18.6094418039937
mace_invariants,272,4,1,37,1.3618611546599386,525.1065000249633,42.87705056498572,0.7248663827234065,0.6344362412536378,1,14.507460921935685
mace_invariants,272,5,1,66,1.3603401314695862,504.0591499505824,17.802613807498034,0.47128756024209517,0.6344362412536378,0,-26.628539819089774
mace_invariants,272,6,2,37,1.493951967153799,518.6805779648598,-20.23212912792495,0.62097794250764,0.6344362412536378,0,-49.22624793127392
mace_invariants,272,7,2,38,1.5491541956850376,-318.63662123657167,-10.058762580569429,0.5644206917288362,0.6344362412536378,0,2.7313599920984153
mace_invariants,272,8,2,67,1.38526827942146,830.9273839552853,23.2407692553664,0.5803788554166577,0.6344362412536378,0,-12.72384515984469
mace_invariants,272,9,3,38,1.4032111019427984,1064.6905722857528,36.47809456179927,0.6157783675079551,0.6344362412536378,0,-43.00392087301991
mace_invariants,272,10,3,39,1.402975172531453,861.8275798339085,9.980897732484353,0.5524239984211599,0.6344362412536378,0,-70.13878182749185
mace_invariants,272,11,3,68,1.4423791672354365,914.7124991585059,13.868622885677254,0.5693748628743194,0.6344362412536378,0,-45.98154342236067
mace_invariants,272,12,4,39,1.4408944264448333,831.9858318386698,-2.266515701891361,0.5170040704795903,0.6344362412536378,0,-79.76139571735406
mace_invariants,272,13,4,40,1.4187015004453882,899.1079513667255,-21.132619790476053,0.520818165185656,0.6344362412536378,0,-64.90738064253749
mace_invariants,272,14,4,69,1.384312587588118,863.1157519510522,-30.040481870763315,0.5754080274845363,0.6344362412536378,0,-64.12473716103418
mace_invariants,272,15,5,40,1.49026927874541,668.7319212302292,-10.192209333422444,0.5631524150680658,0.6344362412536378,0,-35.410986694472996
mace_invariants,272,16,5,41,1.372974195950072,577.2077589362539,-15.271298546133075,0.590936738202946,0.6344362412536378,0,-74.98271628273098
mace_invariants,272,17,5,70,1.3872883397074307,1007.5230198630986,-17.125620582213823,0.6150407032061616,0.6344362412536378,0,-75.94633898740442
mace_invariants,272,18,6,41,1.3477299219224605,263.72321408444094,11.822471539310236,0.5494561010102516,0.6344362412536378,0,-59.69278570502526
mace_invariants,272,19,6,42,1.389902901005301,992.546326815114,39.69058520364352,0.531478301315536,0.6344362412536378,0,-95.40097342260553
mace_invariants,272,20,6,47,1.551763549968447,-350.7709121663217,-97.22219042700777,0.5517494382982895,0.6344362412536378,0,-25.722155361291914
mace_invariants,272,21,7,36,1.433784347960974,963.6303387501902,-18.67989664164749,0.8194366201707908,0.6344362412536378,1,-26.44964961766498
mace_invariants,272,22,7,42,1.4503332379724438,1115.2680694597946,30.96573868265834,0.6782939582840428,0.6344362412536378,1,-24.55384808697184
mace_invariants,272,23,7,43,1.4239893224496025,995.4341731521422,-22.039026752255495,0.6329418983358261,0.6344362412536378,0,-61.30291069275171
mace_invariants,272,24,8,37,1.457107097895644,789.1288950510889,-30.170495419111724,0.7284130799915605,0.6344362412536378,1,-26.251880756733097
mace_invariants,272,25,8,43,1.338532222971929,148.0006897196945,-27.698981012464284,0.5767700183239752,0.6344362412536378,0,-100.99919014297873
mace_invariants,272,26,8,44,1.403193470375803,954.7779108556329,32.091452236197945,0.60609372500337,0.6344362412536378,0,-92.82457307177565
mace_invariants,272,27,9,38,1.4788021131006228,873.3510527098862,-6.180458432261164,0.626398703112371,0.6344362412536378,0,6.446023431470522
mace_invariants,272,28,9,44,1.4186879561815673,1016.5372490181875,19.76762539701855,0.5606365989029842,0.6344362412536378,0,-22.866646086616043
mace_invariants,272,29,9,45,1.3756702140951726,906.1865319679439,29.630119748739393,0.5384359369022292,0.6344362412536378,0,-45.6512547964683
mace_invariants,272,30,10,39,1.346076787489453,393.792540278063,15.452985801090627,0.5678770686107157,0.6344362412536378,0,-85.25207644311016
mace_invariants,272,31,10,45,1.4390088006094772,1033.1797974910323,-1.9768566348559031,0.5432686714873693,0.6344362412536378,0,-40.051028045427074
mace_invariants,272,32,10,46,1.4414331395645763,916.983072786855,-11.541855619976593,0.5954496467780831,0.6344362412536378,0,-44.12971500171962
mace_invariants,272,33,11,40,1.3856876293032672,724.9571923787774,-37.27680526790749,0.5519378554762487,0.6344362412536378,0,-38.98232216200378
mace_invariants,272,34,11,46,1.4371140951821166,1071.9283276348838,2.121641339890741,0.5756963389375503,0.6344362412536378,0,-28.04464737908104
mace_invariants,272,35,11,47,1.385972130537111,1088.1719295302403,21.02624465409956,0.5820155158991669,0.6344362412536378,0,11.879919466824415
mace_invariants,272,36,12,47,1.3243803896935384,-11.580256807250944,-38.54101661577506,0.5548839707118371,0.6344362412536378,0,-29.458559130589574
mace_invariants,272,37,12,48,1.4148592788738539,1081.420395752197,18.565726805320455,0.5059577219343754,0.6344362412536378,0,22.284037986405036
mace_invariants,272,38,12,53,1.534564704014107,-67.0827981361018,-59.12291422696467,0.5836507123050798,0.6344362412536378,0,54.60112827879054
mace_invariants,272,39,13,42,1.4850817981726074,714.2657508591404,-37.57414066929771,0.6455301329750052,0.6344362412536378,1,-9.415898114146156
mace_invariants,272,40,13,48,1.477774043800502,828.8481637750284,25.303917977194224,0.6168750211802968,0.6344362412536378,0,-28.591863797529506
mace_invariants,272,41,13,49,1.4849809858129632,720.8525383476647,-22.036902080946923,0.6836753954741954,0.6344362412536378,1,0.4389611540786085
mace_invariants,272,42,14,43,1.4054046136215852,891.6025767669495,-8.481191976561549,0.5319721178846089,0.6344362412536378,0,-84.72386314064924
mace_invariants,272,43,14,49,1.387308218671589,983.2860486221881,-2.998297335291454,0.6154694403320158,0.6344362412536378,0,-75.58637448321518
mace_invariants,272,44,14,50,1.3800698352592329,774.0302553550193,17.089942600473933,0.4595047178709599,0.6344362412536378,0,-103.53592196631224
mace_invariants,272,45,15,44,1.4509657780127374,945.4888590274956,18.54874509721415,0.53105415488236,0.6344362412536378,0,-37.5990353238507
mace_invariants,272,46,15,50,1.4103893409056214,947.9327115174094,4.451264522800632,0.4292630481893164,0.6344362412536378,0,-83.65566111824178
mace_invariants,272,47,15,51,1.415163566132608,842.5328686644514,-12.37231703753576,0.5960558074384719,0.6344362412536378,0,-57.21407519104686
mace_invariants,272,48,16,45,1.4553410877107664,895.2412931211057,-8.700797109289885,0.4238546311606092,0.6344362412536378,0,-15.301083949011968
mace_invariants,272,49,16,51,1.478147050396681,666.2354371548261,-27.69404850773867,0.5110569457174761,0.6344362412536378,0,-21.932650230164704
mace_invariants,272,50,16,52,1.338875705760634,269.43052889976906,1.4954119059604616,0.5136320525258942,0.6344362412536378,0,-9.981667663583448
mace_invariants,272,51,17,46,1.4779844641800706,825.5540478878198,0.33869482579011734,0.6419127490896522,0.6344362412536378,1,22.592186371798267
mace_invariants,272,52,17,52,1.4284121325737922,808.1338690171796,14.274366528622886,0.6795091951642235,0.6344362412536378,1,13.992468707193613
mace_invariants,272,53,17,53,1.5076829518003587,457.89343290885125,-0.44021623418252775,0.6769986676445116,0.6344362412536378,1,31.819198880551337
mace_invariants,272,54,18,53,1.3915936892307803,690.1440228943029,-36.25897597441478,0.6182705333422652,0.6344362412536378,0,-51.75390696068882
mace_invariants,272,55,18,54,1.394643313107746,737.0561182386608,-4.018497658263073,0.5300112498772183,0.6344362412536378,0,-64.45927023052774
mace_invariants,272,56,18,59,1.3586227970904872,462.3374060724537,13.51019859879318,0.47303285916253096,0.6344362412536378,0,-78.48272775754383
mace_invariants,272,57,19,48,1.3976960556860405,1080.9663464658859,39.77073725167727,0.5132831351659343,0.6344362412536378,0,-66.69263267329907
mace_invariants,272,58,19,54,1.4239075116319166,1157.3001053265864,26.2469739505121,0.5027168420715917,0.6344362412536378,0,-78.49027797881637
mace_invariants,272,59,19,55,1.4400350590993476,1027.2328452980469,-4.834623655647054,0.5349010361309154,0.6344362412536378,0,-20.955189076832436
mace_invariants,272,60,20,49,1.4482786101286846,1052.1114672557385,30.653385283640507,0.517406928503559,0.6344362412536378,0,-5.393327261144634
mace_invariants,272,61,20,55,1.442694036782343,914.118779416276,-1.0917757135861863,0.4722244551746414,0.6344362412536378,0,-10.777912786310484
mace_invariants,272,62,20,56,1.4642188229377462,992.1891356100898,20.19066897827775,0.49886810424372807,0.6344362412536378,0,46.66887482441892
mace_invariants,272,63,21,50,1.4696635184766897,683.1299293496031,21.406277318629613,0.5629147015099827,0.6344362412536378,0,-79.72907744016052
mace_invariants,272,64,21,56,1.4854727850361757,617.1279597625496,4.39971834409777,0.7003405997112077,0.6344362412536378,1,28.105179191442584
mace_invariants,272,65,21,57,1.4539879598120944,1014.5080163180711,2.101592298532015,0.7142859192109668,0.6344362412536378,1,14.745518964393245
mace_invariants,272,66,22,51,1.3729434134323442,646.2280807099261,-16.894651031925395,0.6080078743517996,0.6344362412536378,0,-114.33719259710242
mace_invariants,272,67,22,57,1.5679932541893589,-778.7612119765244,-70.18409710499715,0.5925863328036283,0.6344362412536378,0,-32.92153292844516
mace_invariants,272,68,22,58,1.38302118373268,730.582504082958,-12.562156965560709,0.6024200439061282,0.6344362412536378,0,-110.3277251110176
mace_invariants,272,69,23,52,1.391189939517858,836.9499846549469,-24.720265008010728,0.5174964860908968,0.6344362412536378,0,28.69258501746282
mace_invariants,272,70,23,58,1.4192921902412998,990.7824704625616,-32.361616711735806,0.5093335488368075,0.6344362412536378,0,-50.0836449137695
mace_invariants,272,71,23,59,1.4597590797694635,921.7977681407012,-34.79954205674677,0.36974828439145063,0.6344362412536378,0,-95.74933481476438
mace_invariants,272,72,24,59,1.365370790663242,544.0061538352325,-45.18202087468207,0.46517499691132097,0.6344362412536378,0,-90.82075965747758
mace_invariants,272,73,24,60,1.4179637344998497,884.8118800683095,1.063799789405147,0.4876334043726807,0.6344362412536378,0,-78.24303527836163
mace_invariants,272,74,24,65,1.36922978134322,556.1443391159622,-23.797593283362133,0.5661969547097695,0.6344362412536378,0,-66.80243655929483
mace_invariants,272,75,25,54,1.3952894014603732,898.9145004397466,2.7960550040798915,0.4168142069469948,0.6344362412536378,0,-80.92276928764069
mace_invariants,272,76,25,60,1.4210088577294262,891.3570388532718,-1.7815154536408984,0.3822942236936673,0.6344362412536378,0,-71.04276158501675
mace_invariants,272,77,25,61,1.411259329516806,864.8458634128018,17.923047883137762,0.4345351731514816,0.6344362412536378,0,-46.80573360610636
mace_invariants,272,78,26,55,1.3453568607620479,358.2080391766703,-31.604517095897254,0.6068177955908179,0.6344362412536378,0,-28.491887304135275
mace_invariants,272,79,26,61,1.4699745602948722,1196.4439455656773,-12.70877326609493,0.5923545677359812,0.6344362412536378,0,21.21017273720307
mace_invariants,272,80,26,62,1.4579003484252144,966.7377771876664,1.7873633670098295,0.5812696389290436,0.6344362412536378,0,-20.075642888391634
mace_invariants,272,81,27,56,1.3337586425438286,182.9981691865839,-23.379741051835065,0.5619549947085666,0.6344362412536378,0,-35.09000918863747
mace_invariants,272,82,27,62,1.4035874269051787,907.5516552241429,8.455960536501449,0.5097631889777056,0.6344362412536378,0,-31.188700291552614
mace_invariants,272,83,27,63,1.4762188857051446,785.5028282406046,-5.2179090875351,0.6240745785672697,0.6344362412536378,0,-31.87069435543441
mace_invariants,272,84,28,57,1.4357755617954269,820.7181263633134,8.744188115008507,0.6157019162342622,0.6344362412536378,0,1.8394555627440035
mace_invariants,272,85,28,63,1.3499044339325905,479.93411553540847,11.827526093319468,0.6638761805932061,0.6344362412536378,1,-64.88891115087213
mace_invariants,272,86,28,64,1.421627486482463,1091.5681932318075,11.106697078459222,0.6784302170655533,0.6344362412536378,1,-27.37186671217869
mace_invariants,272,87,29,58,1.5045118114186533,382.36277845802584,-34.45631702138457,0.6414480766352938,0.6344362412536378,1,-16.941859297751307
mace_invariants,272,88,29,64,1.3839240027024111,1009.8514511380831,-12.742380226826281,0.6943426663640848,0.6344362412536378,1,-34.36546003857127
mace_invariants,272,89,29,65,1.4539765386392123,942.6788709668174,-36.32517472773166,0.6028847699883855,0.6344362412536378,0,-22.978961559933246
mace_invariants,272,90,30,65,1.5042504418341427,396.97527995575877,0.5819660148585135,0.5187122737699303,0.6344362412536378,0,-11.633863438835554
mace_invariants,272,91,30,66,1.4138807909858728,1327.668015285471,-17.92027759212378,0.3666022908132772,0.6344362412536378,0,-50.737900844214124
mace_invariants,272,92,30,71,1.355870100229959,332.5390738359764,-18.027697275350608,0.5519453077546652,0.6344362412536378,0,10.98175028591794
mace_invariants,272,93,31,60,1.4000056889859762,1064.8465150732889,-2.3722094161578746,0.43294692692140585,0.6344362412536378,0,-52.08841907696113
mace_invariants,272,94,31,66,1.4742061863240825,849.841219434796,17.668172015400316,0.3594004943018415,0.6344362412536378,0,-50.066679900890165
mace_invariants,272,95,31,67,1.4263174698451468,815.7349638010452,5.649655593418783,0.5723802296921705,0.6344362412536378,0,1.946465582944537
mace_invariants,272,96,32,61,1.3884939277158599,966.1568811483625,12.449645478195576,0.49663329196415434,0.6344362412536378,0,-39.0011301603208
mace_invariants,272,97,32,67,1.3642134435966382,639.9137516377349,-8.51265911267311,0.5838256452771047,0.6344362412536378,0,-55.6459768003531
mace_invariants,272,98,32,68,1.4262752838465955,998.2877017083886,-4.994787466537541,0.5214639769556475,0.6344362412536378,0,-50.97942479637915
mace_invariants,272,99,33,62,1.3957307147678037,778.1059694248004,-22.019277330657914,0.46316310619769996,0.6344362412536378,0,-112.49518575135926
mace_invariants,272,100,33,68,1.355483403622705,499.56966567412144,-16.515079548702946,0.49907871999613057,0.6344362412536378,0,-117.13442208810862
mace_invariants,272,101,33,69,1.4331020702380592,887.6174947679198,-46.16087344772915,0.540531812547917,0.6344362412536378,0,-98.94726361322945
mace_invariants,272,102,34,63,1.4199233841777372,990.6970781753321,-5.283564946046799,0.6778408691537992,0.6344362412536378,1,-61.778440898824456
mace_invariants,272,103,34,69,1.4929114954212035,694.4903875035607,-5.499611501222546,0.640898185914452,0.6344362412536378,1,-14.052430772262507
mace_invariants,272,104,34,70,1.487815870981913,562.9607113908353,-22.650070929773,0.6381966117536677,0.6344362412536378,1,6.2086168297798245
mace_invariants,272,105,35,64,1.4795904948901761,684.4639930814054,-13.652349186385273,0.6106588422645753,0.6344362412536378,0,8.831783767654407
mace_invariants,272,106,35,70,1.4772933388401066,674.4475373163391,-12.312080142750961,0.5564605483920968,0.6344362412536378,0,-14.72565920584725
mace_invariants,272,107,35,71,1.3555789982095914,378.620210783722,12.267271095679362,0.5524339798736109,0.6344362412536378,0,-15.970256899318866
mace_invariants,216,0,0,36,1.577275804620516,-839.842393802238,-95.49540256385615,0.25314870323448374,0.6376269058744319,0,100.56618759161334
mace_invariants,216,1,0,41,1.2890980976895718,-1096.3794444328075,-136.34971239748074,0.16654219474714188,0.6376269058744319,0,102.07977723550587
mace_invariants,216,2,0,71,1.4647945168876988,740.9760158163257,55.678926539834414,0.2171745938025727,0.6376269058744319,0,356.0676247586435
mace_invariants,216,3,1,36,1.4160139612200675,1263.4890779031482,45.109473381838505,0.5744197243389816,0.6376269058744319,0,20.69264491855905
mace_invariants,216,4,1,37,1.4728761922176914,992.734821739357,50.150679773522306,0.5682580355170457,0.6376269058744319,0,-17.700141511107553
mace_invariants,216,5,1,66,1.3605362235755984,365.1962797113102,5.600277730712685,0.7517468378846686,0.6376269058744319,1,-48.68918412176599
mace_invariants,216,6,2,37,1.4592216142594043,1631.0129989876593,156.84820812591835,0.44078815836354357,0.6376269058744319,0,183.79237610618287
mace_invariants,216,7,2,38,1.507203274900311,1754.5875855264703,111.8165886114271,0.558021925368743,0.6376269058744319,0,158.75608512687043
mace_invariants,216,8,2,67,1.2975200124296349,-1130.4331838700627,82.62256148981582,0.4560710606168602,0.6376269058744319,0,115.49316421610898
mace_invariants,216,9,3,38,1.4079689039625443,1161.1273819414655,31.52283631226798,0.6119164515041116,0.6376269058744319,0,34.036634236770055
mace_invariants,216,10,3,39,1.3642450617389035,523.9135032422387,-27.02164307741138,0.5744643118550132,0.6376269058744319,0,-37.83335688959299
mace_invariants,216,11,3,68,1.414905891413333,893.6114138989228,31.103640589000143,0.5275659631936891,0.6376269058744319,0,-35.644330143836335
mace_invariants,216,12,4,39,1.4933992160044904,438.50796807697986,6.5731875848121515,0.5524192489849575,0.6376269058744319,0,4.385209673031483
mace_invariants,216,13,4,40,1.45271493499573,787.6532256382893,24.81840245782152,0.571418405793616,0.6376269058744319,0,-27.72376222020753
mace_invariants,216,14,4,69,1.4438505873422611,754.9781969105961,-36.36389126528726,0.5417896139124372,0.6376269058744319,0,-3.2965641543052904
mace_invariants,216,15,5,40,1.3921728906281472,761.4590541770715,52.37196844122911,0.5486016595515011,0.6376269058744319,0,-43.93887587475426
mace_invariants,216,16,5,41,1.5296114121029891,-100.87201677153976,-32.59272316032084,0.3693760557213356,0.6376269058744319,0,41.920803671702146
mace_invariants,216,17,5,70,1.3825808275558156,918.2937930362441,88.83124322739025,0.5504285400390528,0.6376269058744319,0,-6.546464736806289
mace_invariants,216,18,6,41,1.423132327420138,767.6298325397395,35.08029162199239,0.30131530526392497,0.6376269058744319,0,143.3183725967766
mace_invariants,216,19,6,42,1.4596861848220046,931.2181185528369,21.748721885164933,0.3418642619578464,0.6376269058744319,0,-12.488598658728504
mace_invariants,216,20,6,47,1.3632141461133056,821.3352464746833,77.82364378492876,0.38682296206274347,0.6376269058744319,0,-38.76830324481726
mace_invariants,216,21,7,36,1.4422759271323056,906.7576989670576,10.398029671749635,0.47867480281899283,0.6376269058744319,0,38.987381944328334
mace_invariants,216,22,7,42,1.4327698726872296,716.9924439340587,15.68686628574071,0.4326172510255724,0.6376269058744319,0,-38.34784311470136
mace_invariants,216,23,7,43,1.4034817949738767,1027.3102435695712,12.387954509747258,0.5567196020856329,0.6376269058744319,0,-25.148058085482308
mace_invariants,216,24,8,37,1.4099219172370374,968.2841053646314,-1.0224269882588324,0.4837299721580225,0.6376269058744319,0,-37.27019363795567
mace_invariants,216,25,8,43,1.4131269758793508,785.6722123345386,26.36102729618715,0.5679364602465984,0.6376269058744319,0,-34.48070189761658
mace_invariants,216,26,8,44,1.4175956529199045,868.7897414145384,39.49062149213933,0.5873618920256758,0.6376269058744319,0,-33.20814932890917
mace_invariants,216,27,9,38,1.475048152561588,537.2474133741844,38.78128792719544,0.6205279840482782,0.6376269058744319,0,36.36493377842265
mace_invariants,216,28,9,44,1.4165655470942453,845.9416391621817,35.85763578196945,0.6069261369107322,0.6376269058744319,0,-28.947535547597546
mace_invariants,216,29,9,45,1.38111574462722,595.2641423532762,54.71800500346763,0.5561942985530426,0.6376269058744319,0,-53.16045633707394
mace_invariants,216,30,10,39,1.4355025600125257,906.9356172048351,-2.9779555073641757,0.4333578182850542,0.6376269058744319,0,35.109380959281154
mace_invariants,216,31,10,45,1.4458382570973571,910.4894048304777,6.512642125729856,0.4064762724389168,0.6376269058744319,0,13.929270849050052
mace_invariants,216,32,10,46,1.4620664185905463,884.3808319071076,22.852980873092218,0.4594978027401698,0.6376269058744319,0,120.8471424067793
mace_invariants,216,33,11,40,1.364940565329184,392.82085977733,42.48565825611909,0.5527851656851491,0.6376269058744319,0,-41.6293322055116
mace_invariants,216,34,11,46,1.5165839400327854,245.73454354189627,55.48184263364394,0.5599259933316063,0.6376269058744319,0,34.991796999944185
mace_invariants,216,35,11,47,1.4296695245009674,976.0301968763233,44.519002671856654,0.4590672186538022,0.6376269058744319,0,-47.75226000583364
mace_invariants,216,36,12,47,1.4904949728267243,534.9626817387887,11.118655771258913,0.4646854058267551,0.6376269058744319,0,50.06324604694174
mace_invariants,216,37,12,48,1.4910748505732245,770.8199136520834,1.4475807049332112,0.45903132333323615,0.6376269058744319,0,118.68068610709624
mace_invariants,216,38,12,53,1.322006901781384,-312.42795027956385,-65.39239055859773,0.45636394893054955,0.6376269058744319,0,9.580454720020235
mace_invariants,216,39,13,42,1.325010579016772,-203.96961062152192,45.217642213178905,0.2850645442156781,0.6376269058744319,0,-85.00017142276519
mace_invariants,216,40,13,48,1.4368748353535499,652.6607938217019,6.690801352480603,0.3243691618270563,0.6376269058744319,0,-2.262233186863739
mace_invariants,216,41,13,49,1.4510873865609957,881.3150819531279,-11.448964574009908,0.281112004187493,0.6376269058744319,0,-61.136110676930784
mace_invariants,216,42,14,43,1.5047239444935023,281.67659454741766,-22.936607770373143,0.5446799619734611,0.6376269058744319,0,-88.48441869616896
mace_invariants,216,43,14,49,1.3408025662448015,146.12416508819126,30.343448065188802,0.4166250708852156,0.6376269058744319,0,-96.11965328475493
mace_invariants,216,44,14,50,1.3676291269066039,560.4063338569786,40.19017328350127,0.47393766908219026,0.6376269058744319,0,-89.06821339911163
mace_invariants,216,45,15,44,1.4846075687210625,756.6891692978833,42.604310990785464,0.5795690070228365,0.6376269058744319,0,27.595924485683557
mace_invariants,216,46,15,50,1.443658578140514,864.62948015226,51.754734282115386,0.48940128235248825,0.6376269058744319,0,-5.631835963708703
mace_invariants,216,47,15,51,1.4597757206165831,798.4426675107019,44.63908673165623,0.5237587422984521,0.6376269058744319,0,2.8765341802315163
mace_invariants,216,48,16,45,1.4401800280397026,894.1940536865825,38.820950351668984,0.5460693590141784,0.6376269058744319,0,-27.50028465750716
mace_invariants,216,49,16,51,1.3515439945251781,414.5248558679602,70.96249306126096,0.5409909326474835,0.6376269058744319,0,-48.76026525556507
mace_invariants,216,50,16,52,1.432982620080033,888.3021905769112,43.67237307030288,0.48017098576288053,0.6376269058744319,0,-4.001332071696654
mace_invariants,216,51,17,46,1.3268529852264972,-314.0139732895178,-17.564768344657438,0.5384275784040647,0.6376269058744319,0,-1.5041933318465617
mace_invariants,216,52,17,52,1.3823836321445238,597.7835883954754,51.472675911746606,0.41950767485151386,0.6376269058744319,0,-2.320079148163977
mace_invariants,216,53,17,53,1.433471233834455,858.6816684704455,5.051168592921828,0.42924734683005505,0.6376269058744319,0,-29.7673167167545
mace_invariants,216,54,18,53,1.422064918538509,737.4944391095574,-8.96369184532488,0.4322300492549875,0.6376269058744319,0,0.26772389633085325
mace_invariants,216,55,18,54,1.4122537806525826,865.9325281210001,23.364051254934836,0.5236083220701632,0.6376269058744319,0,-6.437172964095295
mace_invariants,216,56,18,59,1.42534524428055,747.5765494364847,-0.24771433564444756,0.4976342950690699,0.6376269058744319,0,-11.270601380343146
mace_invariants,216,57,19,48,1.435249628239922,985.3492203558276,-1.3048999422931602,0.408421493998359,0.6376269058744319,0,15.716415661400458
mace_invariants,216,58,19,54,1.4452460901971826,700.4730483541732,0.9577947072450035,0.49713239241084806,0.6376269058744319,0,4.692635884405142
mace_invariants,216,59,19,55,1.4081554127934812,801.4502697006122,-14.895863505445822,0.46418796334686024,0.6376269058744319,0,44.68377845922164
mace_invariants,216,60,20,49,1.3839126511078235,754.4816704001811,20.44440660632691,0.3867971814569302,0.6376269058744319,0,-54.35463196166418
mace_invariants,216,61,20,55,1.328730166662616,-101.22588260790252,45.8554650213759,0.48582080844499476,0.6376269058744319,0,-23.838122537009323
mace_invariants,216,62,20,56,1.4528399698333176,832.4357997994284,30.29719620597992,0.5200405673021832,0.6376269058744319,0,-40.62477015658102
mace_invariants,216,63,21,50,1.4166709885033284,875.5235680171313,27.061594495781296,0.5121129919796676,0.6376269058744319,0,-43.50980285613829
mace_invariants,216,64,21,56,1.3690798072427395,606.0841500117486,45.30397440512877,0.588043779627946,0.6376269058744319,0,-5.369008448795366
mace_invariants,216,65,21,57,1.4201091098930139,852.2187981687038,34.46136947266097,0.5305116266321457,0.6376269058744319,0,6.5458401992879445
mace_invariants,216,66,22,51,1.411291375937245,896.6099916839203,23.557440391613483,0.492032616583216,0.6376269058744319,0,-41.29996885874942
mace_invariants,216,67,22,57,1.3951530858360013,1003.9372096408712,55.054077112906185,0.4760737912897302,0.6376269058744319,0,-26.914981077443027
mace_invariants,216,68,22,58,1.4666477416369281,676.4756247113702,25.62138778545455,0.526002992508118,0.6376269058744319,0,-15.047694784514754
mace_invariants,216,69,23,52,1.4802382019941545,537.0091418321841,18.1200380443325,0.5385678928739541,0.6376269058744319,0,-22.473420667255052
mace_invariants,216,70,23,58,1.363137200322377,512.1729183768847,32.541664154230304,0.6333582156834592,0.6376269058744319,0,-35.611023422149785
mace_invariants,216,71,23,59,1.4783319680413913,562.4602105543917,7.3198331914359205,0.6137118106665778,0.6376269058744319,0,7.742058146133463
mace_invariants,216,72,24,59,1.4354676406810745,887.2557287997523,36.84066699435663,0.5887140602550287,0.6376269058744319,0,-13.360932262702509
mace_invariants,216,73,24,60,1.3637752439792865,339.00609133674004,75.11043505335874,0.6403487172569842,0.6376269058744319,1,-54.258932981646936
mace_invariants,216,74,24,65,1.476967920978945,682.7219980913113,46.68729163705221,0.6253616421697581,0.6376269058744319,0,-0.20202113667448174
mace_invariants,216,75,25,54,1.4576118459241731,857.7595820021262,43.9094264583783,0.6013213671674689,0.6376269058744319,0,12.430936116652049
mace_invariants,216,76,25,60,1.468517326280184,854.6308112724107,44.7842431282495,0.626981997168331,0.6376269058744319,0,-35.532316341491224
mace_invariants,216,77,25,61,1.366136215578689,749.2086141865066,74.18278570764062,0.6658160362613794,0.6376269058744319,1,-53.403580594121095
mace_invariants,216,78,26,55,1.5444050623650332,-38.90981016382389,17.305711510566304,0.5622128920225674,0.6376269058744319,0,-10.794639842425479
mace_invariants,216,79,26,61,1.3666804110947868,533.053801727206,95.99133004849756,0.6596519901804658,0.6376269058744319,1,-3.2974673767855087
mace_invariants,216,80,26,62,1.4482346183939956,915.455765191525,29.867351751851324,0.5806886249325074,0.6376269058744319,0,1.0695250486132224
mace_invariants,216,81,27,56,1.5262976824047014,158.31655457152604,32.03987938988265,0.6527180956009924,0.6376269058744319,1,-30.11958234103484
mace_invariants,216,82,27,62,1.4101758611419706,802.0710327748621,-6.765042698697377,0.6369740696537438,0.6376269058744319,0,-44.497257578894704
mace_invariants,216,83,27,63,1.3941862150148667,931.8761814547833,11.04342721654121,0.640762407290665,0.6376269058744319,1,-59.94557412289777
mace_invariants,216,84,28,57,1.497608512234469,592.9036988437977,19.08773056603769,0.4477834985761878,0.6376269058744319,0,178.36200123430007
mace_invariants,216,85,28,63,1.5050343493788296,382.5699443467207,18.68438297686779,0.49335996326166076,0.6376269058744319,0,114.79176358259026
mace_invariants,216,86,28,64,1.3079501719758195,-649.5377946959303,-81.86766796268888,0.4157114541292476,0.6376269058744319,0,86.77911068065224
mace_invariants,216,87,29,58,1.4413644171515663,846.7334343843434,58.935979543806816,0.49233298103147605,0.6376269058744319,0,-25.57240782743555
mace_invariants,216,88,29,64,1.4081907252735553,892.8340566046704,22.720547492421716,0.410331735366148,0.6376269058744319,0,-0.9474670262805205
mace_invariants,216,89,29,65,1.4033728902466456,931.0461071409951,43.301811941642306,0.5093341579293239,0.6376269058744319,0,-25.10177557953935
mace_invariants,216,90,30,65,1.4511988250990195,882.6644211269055,10.151588029242076,0.5604020707950765,0.6376269058744319,0,-5.878402895893487
mace_invariants,216,91,30,66,1.4633674182113836,996.4132546142893,28.175088068007156,0.6450976651966807,0.6376269058744319,1,-30.91019364735176
mace_invariants,216,92,30,71,1.4335658716690638,843.4543475843302,5.222044838744934,0.43179644221908264,0.6376269058744319,0,-50.01882368837349
mace_invariants,216,93,31,60,1.4253124355550992,1412.4546475813115,78.34489080662397,0.5596529733449844,0.6376269058744319,0,-35.352781196799896
mace_invariants,216,94,31,66,1.5013226905776724,534.7915503396321,52.009037943643285,0.6293614926593624,0.6376269058744319,0,-14.01013828587675
mace_invariants,216,95,31,67,1.4352041617944669,1058.3576921634165,74.80735512620173,0.4611555925450561,0.6376269058744319,0,93.69286093923576
mace_invariants,216,96,32,61,1.4262160130017016,728.5898593646945,72.69116507382311,0.5070427461959721,0.6376269058744319,0,-6.5463683335262175
mace_invariants,216,97,32,67,1.467449990091574,921.7118382868258,78.11126241980105,0.3697113263029954,0.6376269058744319,0,128.67051890504533
mace_invariants,216,98,32,68,1.47085133967112,995.199007955757,11.709132039890248,0.38731170274445564,0.6376269058744319,0,9.316362900313134
mace_invariants,216,99,33,62,1.4288366384297155,934.2045788861127,-15.196698243955531,0.5495668196131271,0.6376269058744319,0,-27.64109398018679
mace_invariants,216,100,33,68,1.3685468599273598,639.5763276555126,18.679947079012717,0.5087991414095692,0.6376269058744319,0,-47.029846796074445
mace_invariants,216,101,33,69,1.432587791101703,775.9375805195339,-26.012049975009027,0.5450678549983732,0.6376269058744319,0,-34.327168049013736
mace_invariants,216,102,34,63,1.4251606112228064,947.6448034047553,32.037394326765565,0.5592721889929477,0.6376269058744319,0,-24.85826208687724
mace_invariants,216,103,34,69,1.391789022690215,772.1216503851938,23.790290816941614,0.5509848867412726,0.6376269058744319,0,-38.352390942454676
mace_invariants,216,104,34,70,1.4382589714816956,867.258017396477,2.249473143107219,0.582440559110003,0.6376269058744319,0,-10.345971767443984
mace_invariants,216,105,35,64,1.4410293412512245,919.4087221039322,1.9075102714288112,0.4159948161397519,0.6376269058744319,0,-12.491706825775017
mace_invariants,216,106,35,70,1.486906636709671,561.5231764134581,-14.374306345247751,0.5168116953892203,0.6376269058744319,0,6.265506239072522
mace_invariants,216,107,35,71,1.3555066919424585,671.2309549833395,62.03433050733445,0.38639161012693396,0.6376269058744319,0,-59.49027920721424
mace_invariants,99,0,0,36,1.3952778937924082,1270.9118841491054,28.892337308239686,0.6182317907324243,0.6444522512581137,0,-33.325554283915714
mace_invariants,99,1,0,41,1.4310879081560666,1408.2836250678206,54.85517275903869,0.515822262889594,0.6444522512581137,0,-1.610095471807245
mace_invariants,99,2,0,71,1.4676574620062197,1039.8000428422467,22.045020889287088,0.5993881109529542,0.6444522512581137,0,30.42951323917773
mace_invariants,99,3,1,36,1.4641297904183548,1055.737219137373,2.482729037987873,0.6936158908414222,0.6444522512581137,1,19.67993680571732
mace_invariants,99,4,1,37,1.4871363416473544,777.519036884732,-32.59208237366256,0.7271097277306653,0.6444522512581137,1,14.305342401726932
mace_invariants,99,5,1,66,1.3609596931199148,699.9097918928005,-61.92710879847636,0.7202536711773053,0.6444522512581137,1,-65.28231562997789
mace_invariants,99,6,2,37,1.4146969108198413,1122.3608577785428,3.9602597443838814,0.7406481112309244,0.6444522512581137,1,13.111815958371459
mace_invariants,99,7,2,38,1.4285716894116385,1672.3289014513084,102.48705592557619,0.9776001648634067,0.6444522512581137,1,30.388426697716064
mace_invariants,99,8,2,67,1.4634277341083601,895.3349654356404,-32.100670822109684,0.7517840388353887,0.6444522512581137,1,-12.443354559130151
mace_invariants,99,9,3,38,1.4409808026597435,1359.360890282426,73.72830224396625,0.9081238341430751,0.6444522512581137,1,-5.233680700318896
mace_invariants,99,10,3,39,1.4854526873123652,798.8578243253799,14.215465915439895,0.6496154520231234,0.6444522512581137,1,-7.335875296119751
mace_invariants,99,11,3,68,1.3719424198585595,897.4137116652499,-18.894093800838736,0.6496058756375029,0.6444522512581137,1,-79.94442144398081
mace_invariants,99,12,4,39,1.424306556894283,1223.5401778326811,66.208867197952,0.572799547673515,0.6444522512581137,0,-21.48652714461904
mace_invariants,99,13,4,40,1.4600560396758386,1266.4991327174127,45.51339336626775,0.5366903775187291,0.6444522512581137,0,5.977533872113277
mace_invariants,99,14,4,69,1.4320139647036425,1136.9343178069234,79.06067878797899,0.5507776031409447,0.6444522512581137,0,-23.19413712391095
mace_invariants,99,15,5,40,1.421409255525466,1067.4168993907633,23.95360329703207,0.5403828094978027,0.6444522512581137,0,25.166917227883218
mace_invariants,99,16,5,41,1.4199146660146196,1179.8777147519647,33.308298478508725,0.4621449434079846,0.6444522512581137,0,1.2648359421185837
mace_invariants,99,17,5,70,1.3444407768812543,615.3148531393699,-104.02613797567611,0.5067820457526162,0.6444522512581137,0,18.71229572557526
mace_invariants,99,18,6,41,1.4500041159604158,1239.7017165921145,44.25448643531663,0.4719657609190695,0.6444522512581137,0,-21.69600003078902
mace_invariants,99,19,6,42,1.4041579268143196,1023.215237567263,-27.02760651049213,0.5764210963661682,0.6444522512581137,0,-38.3042381334284
mace_invariants,99,20,6,47,1.4641720040969162,1082.0748396766203,81.30445406222927,0.44861702190605435,0.6444522512581137,0,-3.7792141602886193
mace_invariants,99,21,7,36,1.3504144157683418,736.4301862221258,-48.37578345728119,0.5608842671147354,0.6444522512581137,0,-53.79509610496632
mace_invariants,99,22,7,42,1.4612646778881322,902.6144283961894,-13.363919745105978,0.5629300747190038,0.6444522512581137,0,-12.484982622367866
mace_invariants,99,23,7,43,1.412120526414277,1188.5048296728783,24.960379934034478,0.46981626815089556,0.6444522512581137,0,-18.180302171670274
mace_invariants,99,24,8,37,1.4754766903237728,771.2323608670819,-45.14707544277681,0.5262684361901798,0.6444522512581137,0,-3.3597463129331615
mace_invariants,99,25,8,43,1.4314892480523784,1201.176843203414,53.75159055412619,0.40170660033709693,0.6444522512581137,0,-21.950567399695814
mace_invariants,99,26,8,44,1.38105814429307,939.9888343102733,1.1158679233799762,0.49811759548929946,0.6444522512581137,0,-47.158509377022625
mace_invariants,99,27,9,38,1.5224653899941771,550.6882020560846,-6.953522635686077,0.8810776301702073,0.6444522512581137,1,24.71864567916562
mace_invariants,99,28,9,44,1.369840121017628,914.5835773339045,-4.047484427462944,0.6159747358368447,0.6444522512581137,0,-41.82051931022914
mace_invariants,99,29,9,45,1.4170163676458452,1228.4303304779824,44.59524605018702,0.5969468879819426,0.6444522512581137,0,-4.938839375562996
mace_invariants,99,30,10,39,1.4336383690555357,1203.1968652970124,25.402162057374778,0.6029018067903034,0.6444522512581137,0,-12.999901107081769
mace_invariants,99,31,10,45,1.4353534344742422,1131.9293851392574,23.858880484229502,0.5772794467219904,0.6444522512581137,0,0.5466466336956444
mace_invariants,99,32,10,46,1.4006738712048694,1158.0544301449643,36.91934610466585,0.6263585903089064,0.6444522512581137,0,-38.94916377744262
mace_invariants,99,33,11,40,1.4413507468315678,1189.5924852270211,52.60989456262767,0.5523282786457507,0.6444522512581137,0,-4.037529128039809
mace_invariants,99,34,11,46,1.3791743196122297,951.2260098995047,-7.728609317793373,0.6118942323191396,0.6444522512581137,0,-49.99528957572032
mace_invariants,99,35,11,47,1.4117443059031591,1108.809544388651,38.634685055253264,0.4507416735429175,0.6444522512581137,0,-17.546807762013604
mace_invariants,99,36,12,47,1.4495254302786742,1455.8294820491963,98.81126181427472,0.16866281073418343,0.6444522512581137,0,100.07689444806196
mace_invariants,99,37,12,48,1.2704604035168754,-1802.2724179385489,-974.8659636599222,0.12863535780266305,0.6444522512581137,0,250.9499546510457
mace_invariants,99,38,12,53,1.55333753754407,-273.7161560566068,-243.70164612218056,0.25722293560523324,0.6444522512581137,0,51.76891216236682
mace_invariants,99,39,13,42,1.4319337157112662,1391.8957339279646,65.41846394813689,0.4070062652298191,0.6444522512581137,0,-11.642170593992429
mace_invariants,99,40,13,48,1.4359386454988354,1108.7197109517165,33.19888810327407,0.23917473783818483,0.6444522512581137,0,89.70402115819098
mace_invariants,99,41,13,49,1.4628433409085704,917.9445580635467,4.553691705875343,0.3999734313074713,0.6444522512581137,0,9.415926796535565
mace_invariants,99,42,14,43,1.4240894280828373,1142.1225216008195,17.40804824612548,0.44418962833799097,0.6444522512581137,0,-18.476563866454903
mace_invariants,99,43,14,49,1.400252673546344,1064.6283779757146,25.192960306120696,0.5302706009837515,0.6444522512581137,0,-39.01374299891585
mace_invariants,99,44,14,50,1.4503281157367895,1170.0611192483277,58.75568768871771,0.5102107908870627,0.6444522512581137,0,-5.640252509258328
mace_invariants,99,45,15,44,1.4354314862908337,998.5660068337279,19.009331193965444,0.4929540099511823,0.6444522512581137,0,-34.64925507487417
mace_invariants,99,46,15,50,1.4914856416419717,642.7506295959894,0.7732184112934846,0.46256417734805144,0.6444522512581137,0,51.77793174045097
mace_invariants,99,47,15,51,1.3276406306564732,184.6743702367166,-193.71100943825815,0.4983797160462605,0.6444522512581137,0,-10.782120320662557
mace_invariants,99,48,16,45,1.4280763974700144,1492.482368038719,42.40324525453585,0.5252498523300912,0.6444522512581137,0,-24.56735352687388
mace_invariants,99,49,16,51,1.4799003374640132,886.2784983102609,12.033838223649624,0.5497034062800715,0.6444522512581137,0,26.388435832837786
mace_invariants,99,50,16,52,1.3498964485508096,476.5551957624997,-133.45023300887246,0.5581105339694737,0.6444522512581137,0,-55.947068309356
mace_invariants,99,51,17,46,1.4868790981195366,738.1088199752298,-13.72385913910186,0.700108719252525,0.6444522512581137,1,-17.339010211236886
mace_invariants,99,52,17,52,1.4821012895703054,906.1191786386722,23.726785843476843,0.6838902573049915,0.6444522512581137,1,-6.201762982452161
mace_invariants,99,53,17,53,1.380055403993674,1074.2111080422321,51.71887347790382,0.6275162853473527,0.6444522512581137,0,-54.17406801149388
mace_invariants,99,54,18,53,1.419191841171508,1154.7067301996062,66.56364900724337,0.5390412873891368,0.6444522512581137,0,-43.904228160804365
mace_invariants,99,55,18,54,1.4201794142353472,1095.5241458204955,56.60483423254074,0.547109193083292,0.6444522512581137,0,-39.734635089262134
mace_invariants,99,56,18,59,1.4445125995750396,1260.264647296998,60.83093722681161,0.5835590923476544,0.6444522512581137,0,-16.61254982928518
mace_invariants,99,57,19,48,1.4682900394520144,895.9050546386889,-10.269169943492189,0.2583828131123931,0.6444522512581137,0,63.261784766774255
mace_invariants,99,58,19,54,1.4041646998611172,1242.8559829577507,61.749740152535196,0.39503829660911843,0.6444522512581137,0,-43.648453499562606
mace_invariants,99,59,19,55,1.3916108903505433,1152.0747628442027,15.16430181099488,0.38991093030596236,0.6444522512581137,0,-44.04144822960972
mace_invariants,99,60,20,49,1.3691116641820165,944.6191308563805,-9.294682716510808,0.5202930334654357,0.6444522512581137,0,-12.395593470125561
mace_invariants,99,61,20,55,1.4583020479008901,1048.0525472553527,24.71553968608565,0.49102245718971843,0.6444522512581137,0,-7.311952288397368
mace_invariants,99,62,20,56,1.489792017946348,932.818687230604,60.4972517129823,0.45764550560831896,0.6444522512581137,0,-4.095182309132383
mace_invariants,99,63,21,50,1.3925216990724605,1076.515317895771,9.212998964833623,0.5540778420290403,0.6444522512581137,0,-45.139605767184364
mace_invariants,99,64,21,56,1.3950347390893878,1208.6272694721708,30.129527004214058,0.5114901242686124,0.6444522512581137,0,-31.357437785136455
mace_invariants,99,65,21,57,1.4497158138714759,1038.4706926418353,46.01268381823615,0.5071348741850252,0.6444522512581137,0,-32.40717226745871
mace_invariants,99,66,22,51,1.5100465912950438,603.2536315287365,21.597478619963695,0.525967646760634,0.6444522512581137,0,54.08796719551657
mace_invariants,99,67,22,57,1.4423877941975165,1204.350244720892,23.925708458464598,0.44320914021840985,0.6444522512581137,0,10.725549281732569
mace_invariants,99,68,22,58,1.3153675920989896,-10.08094794894604,-176.6075089339628,0.4451253009494217,0.6444522512581137,0,-14.034730808179987
mace_invariants,99,69,23,52,1.3992547644531308,1223.882723836744,38.9194721444474,0.5383146703587937,0.6444522512581137,0,-21.5460315489998
mace_invariants,99,70,23,58,1.400031666010393,1142.4302630885077,18.84432533866201,0.44906519685817914,0.6444522512581137,0,-24.819356859863916
mace_invariants,99,71,23,59,1.4787104272193827,957.7931471716782,12.053411229454476,0.5264585033596724,0.6444522512581137,0,-8.19993151051497
mace_invariants,99,72,24,59,1.3988010816067669,1100.2131767849214,-11.508661701082904,0.6017867618477083,0.6444522512581137,0,-16.215386112375015
mace_invariants,99,73,24,60,1.4343604846189026,1135.4183963184742,30.798133333682934,0.6391593562084205,0.6444522512581137,0,-9.917389014318484
mace_invariants,99,74,24,65,1.4129397793022083,1161.260929155175,44.93785774825003,0.6396694688906225,0.6444522512581137,0,1.8101322381966511
mace_invariants,99,75,25,54,1.4282346451321806,1107.4801641535958,18.13336149565048,0.5182752734657303,0.6444522512581137,0,-37.127058847025424
mace_invariants,99,76,25,60,1.419391306627033,1236.1642467707109,20.621740467490586,0.5920977670908049,0.6444522512581137,0,-15.457330800825321
mace_invariants,99,77,25,61,1.4581918625480277,1035.4858646121925,30.423052310650796,0.5516941642182958,0.6444522512581137,0,-20.558198047512555
mace_invariants,99,78,26,55,1.3968719546369812,1074.6722790626172,23.85495646716625,0.5499046983383656,0.6444522512581137,0,-49.944856236449354
mace_invariants,99,79,26,61,1.4218956578297974,1142.9195902017973,-16.804341796896686,0.5884509553940871,0.6444522512581137,0,-48.69492291830526
mace_invariants,99,80,26,62,1.4293905872616626,1058.614286520428,20.518584586292327,0.561806463872645,0.6444522512581137,0,-53.88777215539008
mace_invariants,99,81,27,56,1.3309348968133548,190.0534147813908,-216.16647785128455,0.4386897489488145,0.6444522512581137,0,-75.10023204286054
mace_invariants,99,82,27,62,1.436825422005918,1262.9962681254628,34.316250283575755,0.4839684660644933,0.6444522512581137,0,-54.44042508367819
mace_invariants,99,83,27,63,1.366135362112736,906.6360079300308,-28.539007061988517,0.42048438623544737,0.6444522512581137,0,-87.34852805721843
mace_invariants,99,84,28,57,1.376512749553962,1070.8604736451464,11.918315213200845,0.43891898253620276,0.6444522512581137,0,-27.276918188540982
mace_invariants,99,85,28,63,1.438572462243123,1081.7249550651738,56.55525586671821,0.4250688699064228,0.6444522512581137,0,-61.87356237211125
mace_invariants,99,86,28,64,1.487440230353101,766.335115212928,1.3711254062349263,0.5720978426801387,0.6444522512581137,0,19.053811754752218
mace_invariants,99,87,29,58,1.4939715799927091,593.8815621805076,-32.01403778173091,0.5155818157615791,0.6444522512581137,0,24.107139600920924
mace_invariants,99,88,29,64,1.3590505937147113,808.9994183007491,-9.282318904275298,0.6468445151745033,0.6444522512581137,1,-9.192437479202386
mace_invariants,99,89,29,65,1.5172028048470592,527.9438808444213,12.180756352723098,0.6308578293059866,0.6444522512581137,0,12.995919296307207
mace_invariants,99,90,30,65,1.4592105560386663,1125.9553656643493,43.41058475009612,0.7278177889702966,0.6444522512581137,1,-44.87246072914071
mace_invariants,99,91,30,66,1.3567931264326132,512.3755090529888,-90.12884761297242,0.7092531992895437,0.6444522512581137,1,-104.2018485301613
mace_invariants,99,92,30,71,1.4383860294534674,1167.5974282207867,38.64619796517127,0.6637717391741904,0.6444522512581137,1,-46.26481580980587
mace_invariants,99,93,31,60,1.4413627598020127,1163.0230831466515,-4.922396685698743,0.5448257412656117,0.6444522512581137,0,-62.20276103930023
mace_invariants,99,94,31,66,1.3947839595936422,982.6819395618852,1.971827066067522,0.5267712642670608,0.6444522512581137,0,-105.84423881491216
mace_invariants,99,95,31,67,1.364712789600622,892.7902500828142,-40.289546235327805,0.544763248424885,0.6444522512581137,0,-84.71526867294902
mace_invariants,99,96,32,61,1.460482444677104,1008.7490819684941,-1.1252544642240543,0.5442002957298758,0.6444522512581137,0,-34.80455036896659
mace_invariants,99,97,32,67,1.435574357374838,1255.1106485137195,23.063772496731723,0.5845414057616583,0.6444522512581137,0,-36.01070326716967
mace_invariants,99,98,32,68,1.4125701275924019,1251.7100252295202,7.350461388978092,0.5518395732841042,0.6444522512581137,0,-61.036250315269825
mace_invariants,99,99,33,62,1.3543602829622987,752.2208163573418,-52.99897534451305,0.530709602087268,0.6444522512581137,0,-78.74474691459245
mace_invariants,99,100,33,68,1.4472621315201322,1011.5535726887383,12.722878426876235,0.5649933711629385,0.6444522512581137,0,-43.237324919134856
mace_invariants,99,101,33,69,1.4623369474628525,1130.4119856994203,44.3968991569081,0.5429810030159887,0.6444522512581137,0,-27.3281734789418
mace_invariants,99,102,34,63,1.3609623746578443,590.46910576607,-78.81874274510321,0.4158387240762158,0.6444522512581137,0,-73.42189669895124
mace_invariants,99,103,34,69,1.3788940341399767,1060.5536370117184,19.9154783668552,0.4915942048339824,0.6444522512581137,0,-69.87904607170209
mace_invariants,99,104,34,70,1.4686334325071677,993.6854046011656,31.734258042560082,0.44390621546658016,0.6444522512581137,0,-16.773275410190813
mace_invariants,99,105,35,64,1.3628421712751229,651.6656749163632,-37.30351597279317,0.6186570467437713,0.6444522512581137,0,-48.77194434049262
mace_invariants,99,106,35,70,1.4669723386570621,1045.8109206246886,31.2502880728922,0.49969556536041976,0.6444522512581137,0,27.17581757127904
mace_invariants,99,107,35,71,1.435501704939438,1259.7962051466875,69.64838819880191,0.5386243110791484,0.6444522512581137,0,6.388044508982322
mace_invariants,20,0,0,36,1.4272601312761404,1125.6422778969873,-71.89405221314445,0.4185593179648145,0.6362707333239296,0,-13.247367059860668
mace_invariants,20,1,0,41,1.3793805609688585,1115.0126759310508,-59.124230887621614,0.4762227572181386,0.6362707333239296,0,-50.258358174399625
mace_invariants,20,2,0,71,1.4121375606033402,1225.251743619496,-88.91579830588798,0.5238832470270586,0.6362707333239296,0,-12.787991747871487
mace_invariants,20,3,1,36,1.4450267233765153,1039.522984143436,-68.47786785020615,0.543902935024904,0.6362707333239296,0,-0.3646629999873592
mace_invariants,20,4,1,37,1.4436903277492175,1317.0328173178523,-52.26811380791291,0.6053659698427905,0.6362707333239296,0,18.38636889426323
mace_invariants,20,5,1,66,1.3794269971683102,1143.2875682076622,-80.45760914307981,0.6945638724786525,0.6362707333239296,1,-0.7109293400497743
mace_invariants,20,6,2,37,1.4317919553624605,1340.0547659496942,-83.79436161292686,0.5673982216234112,0.6362707333239296,0,-9.957038641685003
mace_invariants,20,7,2,38,1.3777284112849286,846.9539541493409,-77.3063203647698,0.6270815983684301,0.6362707333239296,0,-44.26180184573689
mace_invariants,20,8,2,67,1.493337448698108,913.0185040580217,-70.68078977632719,0.6860679490877426,0.6362707333239296,1,1.9948404184530464
mace_invariants,20,9,3,38,1.4371274387055495,1322.118519623883,-30.108225824452564,0.6307503241191548,0.6362707333239296,0,-15.36156521777912
mace_invariants,20,10,3,39,1.3821886450562697,1242.6933041925595,-63.557264391189086,0.6403696154249502,0.6362707333239296,1,-13.4445949159924
mace_invariants,20,11,3,68,1.4839530741782816,902.2049641279193,-20.59902643284177,0.6932367434402317,0.6362707333239296,1,-44.07641873286647
mace_invariants,20,12,4,39,1.450338701430025,968.5272763665932,-55.915310335641855,0.6437677204074559,0.6362707333239296,1,-17.317792585054253
mace_invariants,20,13,4,40,1.3915885438910476,1114.3711276620556,-64.50426922122305,0.6246788504008409,0.6362707333239296,0,-10.076971652411478
mace_invariants,20,14,4,69,1.4050879365332645,1145.8429777376116,-93.16347324888153,0.6564319155461502,0.6362707333239296,1,-12.26863340118981
mace_invariants,20,15,5,40,1.499869822295866,732.9355212593568,-83.07081256568345,0.5722457694538989,0.6362707333239296,0,21.804544150715696
mace_invariants,20,16,5,41,1.4525179927667715,1037.2892496425789,-57.20304299694846,0.5182323758451373,0.6362707333239296,0,-8.829944060152839
mace_invariants,20,17,5,70,1.350827889230057,629.5886998187849,-98.58862585760944,0.6143166160483811,0.6362707333239296,0,73.8738784986568
mace_invariants,20,18,6,41,1.3744706699585065,849.5626942689796,-77.44070444051069,0.5323393721646724,0.6362707333239296,0,-43.87190139777925
mace_invariants,20,19,6,42,1.4426090634196853,1180.9334222019888,-70.62351144094986,0.46119762311021906,0.6362707333239296,0,-61.45405756936379
mace_invariants,20,20,6,47,1.4150946466580918,1237.5526559241453,-62.616626243363086,0.5473924561535725,0.6362707333239296,0,-19.609401521807218
mace_invariants,20,21,7,36,1.386392749253066,885.618287529597,-89.38275683577992,0.45107093805276594,0.6362707333239296,0,-48.47835444813207
mace_invariants,20,22,7,42,1.346649345535917,451.31673408137203,-140.1290520390642,0.4375926282516367,0.6362707333239296,0,-94.42262796216018
mace_invariants,20,23,7,43,1.4157202436205707,1142.4295882550264,-63.11754470257935,0.48370540934930395,0.6362707333239296,0,-62.125547576924966
mace_invariants,20,24,8,37,1.4538026701781,1283.2330676108375,-43.84212060223435,0.650441184028365,0.6362707333239296,1,53.83148407934219
mace_invariants,20,25,8,43,1.3881583463257978,1044.6093815190968,-40.61649327508025,0.6216126205070167,0.6362707333239296,0,19.710445575516562
mace_invariants,20,26,8,44,1.4401596807695005,1634.2077956911733,-41.39989860533357,0.7258658391815429,0.6362707333239296,1,64.05456148885435
mace_invariants,20,27,9,38,1.3693034469543006,816.9582891343694,-71.28927101507063,0.6482507353070504,0.6362707333239296,1,-62.3131878988741
mace_invariants,20,28,9,44,1.399562205248922,1124.6498874507301,-78.03471784973574,0.6639920137152093,0.6362707333239296,1,-25.984951674423968
mace_invariants,20,29,9,45,1.4600443538448846,941.496650127527,-52.405317759461106,0.6546963487883906,0.6362707333239296,1,-28.224041669379808
mace_invariants,20,30,10,39,1.4100315209264727,1054.0856395191688,-27.889972865344628,0.6010204079310457,0.6362707333239296,0,-20.85763116519165
mace_invariants,20,31,10,45,1.4416388473724464,1161.689226943467,-31.445389314236113,0.5978467301065904,0.6362707333239296,0,17.296694954510567
mace_invariants,20,32,10,46,1.439490223831727,1069.6405057752665,-60.90937738788022,0.5711743613512031,0.6362707333239296,0,14.271031715338978
mace_invariants,20,33,11,40,1.3949974365362174,994.8154853050465,-90.6351710698763,0.5839440880852518,0.6362707333239296,0,-7.862245358518312
mace_invariants,20,34,11,46,1.4119982886232738,1215.1960454438633,-58.457096786928275,0.573186911512024,0.6362707333239296,0,6.075444219164237
mace_invariants,20,35,11,47,1.4605440402467758,1014.9098215435844,-69.77697175281513,0.5449837784653901,0.6362707333239296,0,33.245102927114914
mace_invariants,20,36,12,47,1.4816659691761422,881.4980058809352,-55.80646360676967,0.4958882482393983,0.6362707333239296,0,-18.293780097055546
mace_invariants,20,37,12,48,1.4011138622985861,1102.665463317841,-59.411565533596665,0.4345085482219914,0.6362707333239296,0,-45.00160649440217
mace_invariants,20,38,12,53,1.392052153757254,1041.5185140078543,-92.89011946074416,0.5073675884212392,0.6362707333239296,0,-69.47129073889177
mace_invariants,20,39,13,42,1.3739360121208932,894.7374180795813,-81.76402192172426,0.3722770294640212,0.6362707333239296,0,-86.93216067804109
mace_invariants,20,40,13,48,1.4047724513012476,1090.728412158232,-76.7053087867436,0.3970921624899677,0.6362707333239296,0,-53.358167697038056
mace_invariants,20,41,13,49,1.4281866018008533,1121.741825698151,-70.47761397648333,0.42423348942846556,0.6362707333239296,0,-38.43306752286926
mace_invariants,20,42,14,43,1.4844020720213884,988.904976086199,-62.31076634827348,0.5100471547189743,0.6362707333239296,0,4.279028469914317
mace_invariants,20,43,14,49,1.4219433162773885,1065.645974397786,-58.4225741561631,0.5158908335857515,0.6362707333239296,0,-11.440386091518263
mace_invariants,20,44,14,50,1.445400318438671,1246.1854392058065,-80.71398270349852,0.5911805491485967,0.6362707333239296,0,12.450015671681626
mace_invariants,20,45,15,44,1.4670062928834338,1193.4231752186884,-54.97376777965748,0.6613553121538067,0.6362707333239296,1,21.017367375917953
mace_invariants,20,46,15,50,1.3782690745241761,944.3496827710807,-82.84448530943868,0.6382354879089029,0.6362707333239296,1,-12.26074385181282
mace_invariants,20,47,15,51,1.4153679141784008,1253.6121356298293,-58.458759448015044,0.6427483912672319,0.6362707333239296,1,18.879922348588906
mace_invariants,20,48,16,45,1.4574379752827364,1126.9740999694761,-71.86715372450998,0.6129345209565318,0.6362707333239296,0,17.331068197533373
mace_invariants,20,49,16,51,1.4441702989367102,1232.4826376765566,-48.66060483505435,0.6036232649967757,0.6362707333239296,0,24.851846863241896
mace_invariants,20,50,16,52,1.3905866176737438,1011.4048210095985,-74.69236526264079,0.5782463635249508,0.6362707333239296,0,-19.242601776896805
mace_invariants,20,51,17,46,1.4743964569341839,957.9788737644153,-71.99984438296545,0.6619813027278492,0.6362707333239296,1,-13.134206125001967
mace_invariants,20,52,17,52,1.4176850051998708,1228.7232843042793,-84.01415086526731,0.6539655140516556,0.6362707333239296,1,-13.427015266606023
mace_invariants,20,53,17,53,1.3515001900725525,604.6042989646697,-118.33820826125536,0.6452575098630561,0.6362707333239296,1,-66.38027990027442
mace_invariants,20,54,18,53,1.389162286845082,917.9804546720508,-61.70464470951486,0.6589289155332572,0.6362707333239296,1,-93.7504252912103
mace_invariants,20,55,18,54,1.399803128845673,1077.2663470917073,-83.61971211790686,0.6560870649884845,0.6362707333239296,1,-63.511737845737436
mace_invariants,20,56,18,59,1.4200717133915812,1149.660023642019,-80.57686266904652,0.6672904833362856,0.6362707333239296,1,-63.31036396308267
mace_invariants,20,57,19,48,1.472371820213334,923.0393942512264,-68.55433936812969,0.4572110466345994,0.6362707333239296,0,-11.432624306262518
mace_invariants,20,58,19,54,1.4616454935583776,1172.8210699261758,-35.786986398676945,0.5272282362890746,0.6362707333239296,0,6.054265621513678
mace_invariants,20,59,19,55,1.3635515708083792,712.9748317638919,-67.03902084535738,0.5478353986810047,0.6362707333239296,0,-31.06458515687636
mace_invariants,20,60,20,49,1.4073228682591175,1175.591513338612,-94.27551192317665,0.4181805462377506,0.6362707333239296,0,-42.376990949606764
mace_invariants,20,61,20,55,1.3863916610802636,947.1277332134596,-92.19584182543899,0.481663571345658,0.6362707333239296,0,-49.06084483973918
mace_invariants,20,62,20,56,1.4314904018857733,1193.7216129833196,-58.60192655020716,0.3313359564004742,0.6362707333239296,0,-54.356218629913855
mace_invariants,20,63,21,50,1.4657229135705323,1140.1870340155515,-92.30882444275481,0.5762937092977358,0.6362707333239296,0,-4.9671106452978515
mace_invariants,20,64,21,56,1.4059172675575764,1210.1872369993555,-71.98283165882167,0.4141594038976142,0.6362707333239296,0,-37.79661597453711
mace_invariants,20,65,21,57,1.3936251592727273,1037.8899281918266,-77.82370574430148,0.4856415532811104,0.6362707333239296,0,-7.1014827920090955
mace_invariants,20,66,22,51,1.5052072761152144,932.6153713874569,-81.32576419191149,0.4219475588100516,0.6362707333239296,0,60.58338117154831
mace_invariants,20,67,22,57,1.4473606967411607,1095.4800024675274,-70.70502882195767,0.32678249943509713,0.6362707333239296,0,37.801681728454454
mace_invariants,20,68,22,58,1.2994879373050297,-674.7488388480168,-355.5948932502951,0.29489370274654875,0.6362707333239296,0,84.33014192036687
mace_invariants,20,69,23,52,1.4545311517318689,1147.3874411536976,-82.32698314657979,0.44221631329365624,0.6362707333239296,0,-5.920478773838557
mace_invariants,20,70,23,58,1.4465094250986659,981.5559196596532,-99.07604338383966,0.34053935870197827,0.6362707333239296,0,64.26136444731986
mace_invariants,20,71,23,59,1.4360431088312544,1142.1428443616194,-81.81323406410431,0.4418698769080852,0.6362707333239296,0,11.767954394382087
mace_invariants,20,72,24,59,1.4763003501013354,892.9655106772012,-80.64340785950222,0.5501281731390817,0.6362707333239296,0,37.11635208661574
mace_invariants,20,73,24,60,1.3499584875616006,647.908362867656,-93.2501743432376,0.6144584204073629,0.6362707333239296,0,19.38013204584815
mace_invariants,20,74,24,65,1.4498066235136442,1056.052793058989,-54.298443126150524,0.482455487926814,0.6362707333239296,0,4.526987700331279
mace_invariants,20,75,25,54,1.4495882432617566,1159.530524605913,-52.02192417416589,0.5867501180055379,0.6362707333239296,0,9.282977621780738
mace_invariants,20,76,25,60,1.4461111321203888,1134.0490112877849,-73.22172416259465,0.6622837836216202,0.6362707333239296,1,23.725698417782326
mace_invariants,20,77,25,61,1.39768012510088,1127.9198843037545,-55.76058381313664,0.7258849047174121,0.6362707333239296,1,-24.18695222792748
mace_invariants,20,78,26,55,1.3932737239050235,950.606872573545,-99.47479354393934,0.5765169912377177,0.6362707333239296,0,-60.041653754674726
mace_invariants,20,79,26,61,1.519936737897425,308.01303956720204,-111.86778099004555,0.6950446155576617,0.6362707333239296,1,-93.53145571998698
mace_invariants,20,80,26,62,1.3840744233908644,1081.2803715915481,-72.25671105148133,0.5695210470302445,0.6362707333239296,0,-107.6946658496529
mace_invariants,20,81,27,56,1.384727302161654,1088.056166045728,-80.71391718105632,0.382160049019712,0.6362707333239296,0,-26.803429174684517
mace_invariants,20,82,27,62,1.4492843682772458,1355.8574095685262,-89.31735662572483,0.5254917197574226,0.6362707333239296,0,-5.121501718993921
mace_invariants,20,83,27,63,1.322545042012971,10.983454071399002,-161.93351379780424,0.4559077883690094,0.6362707333239296,0,21.007713783558902
mace_invariants,20,84,28,57,1.473325347120256,1231.2941474024065,-76.27041043468499,0.41740005313694367,0.6362707333239296,0,35.59420088504298
mace_invariants,20,85,28,63,1.4228230206909196,1431.9436575182958,-72.68676960507689,0.4196656431027449,0.6362707333239296,0,42.34150400018007
mace_invariants,20,86,28,64,1.3435284330709907,518.4318100778597,-124.72046038392851,0.4427064695827552,0.6362707333239296,0,5.030478305047063
mace_invariants,20,87,29,58,1.4428773209088557,1543.4419391837148,-68.2735776062566,0.3546355119413211,0.6362707333239296,0,58.00152221449885
mace_invariants,20,88,29,64,1.4316263847122916,1168.6625566681885,-37.860794699393544,0.411830725075681,0.6362707333239296,0,26.25132064670823
mace_invariants,20,89,29,65,1.3965714723442864,1194.2359527783137,-63.17840143441196,0.3882933449351604,0.6362707333239296,0,-19.431283596421235
mace_invariants,20,90,30,65,1.4138828456100274,1291.9839640535047,-38.1313214234911,0.47746779854442617,0.6362707333239296,0,-18.51284054159612
mace_invariants,20,91,30,66,1.4056486968432185,1122.413420123906,-67.2256836481528,0.6032439899833486,0.6362707333239296,0,-12.459934791979421
mace_invariants,20,92,30,71,1.4363363995668261,1178.0097298187973,-100.03191583855198,0.5579069815918444,0.6362707333239296,0,10.040349370677433
mace_invariants,20,93,31,60,1.4603833153671382,1001.0012826061871,-35.5824582436488,0.6962059347190555,0.6362707333239296,1,33.47614226881976
mace_invariants,20,94,31,66,1.4868916088105226,760.6319565606111,-69.82830434639335,0.6899791936774291,0.6362707333239296,1,-2.5896334846354554
mace_invariants,20,95,31,67,1.392660360963325,1061.363543829854,-73.74552417145684,0.7194510185058984,0.6362707333239296,1,-3.5270974875443946
mace_invariants,20,96,32,61,1.4532113505353323,1236.3939870002553,-56.73970267682103,0.783899921165324,0.6362707333239296,1,-8.804402898329538
mace_invariants,20,97,32,67,1.474130816983689,897.5751171431599,-92.08349125309311,0.7435438838563752,0.6362707333239296,1,12.93698930272723
mace_invariants,20,98,32,68,1.426315517219004,1173.386412294887,-44.5152918928657,0.7470439524581396,0.6362707333239296,1,-69.24522244272073
mace_invariants,20,99,33,62,1.4724438091439795,1072.642835918875,-34.996534650524936,0.6774117651571547,0.6362707333239296,1,-37.89765749225941
mace_invariants,20,100,33,68,1.3786202263966547,957.278140530215,-67.0101735168536,0.7660793649773876,0.6362707333239296,1,-61.525280835167884
mace_invariants,20,101,33,69,1.4961273207989454,949.3229891382242,-74.74147558015376,0.7258764321008004,0.6362707333239296,1,-8.730770327590974
mace_invariants,20,102,34,63,1.5040978475752855,669.0533225427681,-99.69146032665955,0.48474277983205,0.6362707333239296,0,27.656708920635307
mace_invariants,20,103,34,69,1.4891694333419965,820.7586038935042,-87.6357953737891,0.6027913781641089,0.6362707333239296,0,16.60567805440775
mace_invariants,20,104,34,70,1.3947236898514626,930.2693423136342,-89.2415225049592,0.6131091596132817,0.6362707333239296,0,79.93956722874752
mace_invariants,20,105,35,64,1.4672970427720102,827.4361677571441,-57.54269367470864,0.4797925806259101,0.6362707333239296,0,35.55984232354282
mace_invariants,20,106,35,70,1.4715779301356502,934.7971812671874,-73.03512053817505,0.5851181339271315,0.6362707333239296,0,73.6801462556202
mace_invariants,20,107,35,71,1.4039679464429167,1070.7118622223707,-76.78591817086601,0.5366943835328077,0.6362707333239296,0,13.321304858859165
mace_invariants,6,0,0,36,1.512807542241714,-256.2016586006757,-94.32052697934259,0.6510836234500843,0.6388712740085323,1,13.37312693829741
mace_invariants,6,1,0,41,1.3980260636793633,733.2810289553784,41.12987586470926,0.6782880566181931,0.6388712740085323,1,-15.106354057038967
mace_invariants,6,2,0,71,1.4479451898230502,484.87072084168426,26.86910616483245,0.5827288328741469,0.6388712740085323,0,-16.070853169608615
mace_invariants,6,3,1,36,1.3368541909021847,-93.7096501835284,-70.89106173641399,0.5959327491587343,0.6388712740085323,0,7.44688007564185
mace_invariants,6,4,1,37,1.4676871675821794,446.0941201576456,5.373655200626243,0.6011168177473192,0.6388712740085323,0,-24.377274180141086
mace_invariants,6,5,1,66,1.4895188235436283,407.79946652298673,-1.667828761043183,0.6195947335145835,0.6388712740085323,0,-47.84994574813055
mace_invariants,6,6,2,37,1.407602352404,824.8432569137588,52.125684305200174,0.4878732002783336,0.6388712740085323,0,-23.612249637877472
mace_invariants,6,7,2,38,1.4089936063053474,804.539890156359,31.156625752292445,0.4191583287640085,0.6388712740085323,0,-0.10078037070873691
mace_invariants,6,8,2,67,1.409097238737353,977.732351434529,54.89778229121338,0.3879555397356931,0.6388712740085323,0,-32.66059774370662
mace_invariants,6,9,3,38,1.31106449947521,-540.2987049725903,-82.78235655252526,0.45769888507174383,0.6388712740085323,0,18.58046042159932
mace_invariants,6,10,3,39,1.3988345383515939,836.1464332239464,12.779740898498291,0.3784241227529631,0.6388712740085323,0,-51.714418799008925
mace_invariants,6,11,3,68,1.456379939488702,512.8944715415427,22.956978792711237,0.4394453534572603,0.6388712740085323,0,-31.110606117491038
mace_invariants,6,12,4,39,1.4304908949047501,995.303866916282,44.558141234770055,0.5968877323582672,0.6388712740085323,0,-31.935519638821674
mace_invariants,6,13,4,40,1.4573602841247348,824.2281057087235,25.391275953754935,0.7579233441344848,0.6388712740085323,1,-14.094992903154333
mace_invariants,6,14,4,69,1.4426351545184186,714.0036044150602,16.25586852930047,0.7681355238182677,0.6388712740085323,1,-36.19411301370021
mace_invariants,6,15,5,40,1.482806270524472,439.69943101205513,5.069047858621448,0.640982248139708,0.6388712740085323,1,-17.25948394921638
mace_invariants,6,16,5,41,1.4683657022481278,573.1015191918001,54.193876009183796,0.6499566347761202,0.6388712740085323,1,-44.451840235954904
mace_invariants,6,17,5,70,1.3400064190985024,102.56486402668396,17.59510860079231,0.6093850450478504,0.6388712740085323,0,-39.36455217288871
mace_invariants,6,18,6,41,1.408039849738852,494.1527546791502,-1.7754282287582925,0.6687402019018188,0.6388712740085323,1,-46.83835149750337
mace_invariants,6,19,6,42,1.4418386972901165,722.8834662635694,35.3285240499458,0.5189686541461423,0.6388712740085323,0,-52.218180086580546
mace_invariants,6,20,6,47,1.4532042562822578,654.5872055161626,22.018003140876193,0.5697210495558958,0.6388712740085323,0,-45.313499253763936
mace_invariants,6,21,7,36,1.3503225166810224,252.82215227983895,-63.00562660643581,0.5727597013325728,0.6388712740085323,0,2.4099829449397205
mace_invariants,6,22,7,42,1.3891898076777023,669.8263672533744,-54.14530297706029,0.4501925867450052,0.6388712740085323,0,-48.65137793467608
mace_invariants,6,23,7,43,1.486197240791876,462.93978238735235,14.472373370119293,0.4669694488087087,0.6388712740085323,0,-21.36361871642391
mace_invariants,6,24,8,37,1.4356560500869449,805.1063334746563,30.046292699906967,0.6171008562495804,0.6388712740085323,0,-20.580321063032677
mace_invariants,6,25,8,43,1.4660196517225863,660.4199166390721,-14.97273976479991,0.5061265351371315,0.6388712740085323,0,0.8292522837863565
mace_invariants,6,26,8,44,1.397948557628855,721.3879349687054,9.033872440434472,0.588096207319552,0.6388712740085323,0,-42.91439502190714
mace_invariants,6,27,9,38,1.4829563837218505,478.95963106961295,34.324755365077664,0.4973581047074527,0.6388712740085323,0,18.663996109540435
mace_invariants,6,28,9,44,1.4359840414582226,792.7116590349133,18.729394842182167,0.5370683272917494,0.6388712740085323,0,68.98817474083228
mace_invariants,6,29,9,45,1.4758068530559516,801.6493179225879,-1.4750625448706514,0.5353797120649574,0.6388712740085323,0,31.68783143134678
mace_invariants,6,30,10,39,1.4787917995816042,759.5788388734144,33.035926244296995,0.5688639727168879,0.6388712740085323,0,-30.61111212987319
mace_invariants,6,31,10,45,1.4008792418464744,809.5370280059518,-7.6847516122960915,0.6861603423931734,0.6388712740085323,1,-24.73378284018523
mace_invariants,6,32,10,46,1.4882454706764272,556.0280638258026,69.58686179706883,0.714972928002264,0.6388712740085323,1,-31.97172591877448
mace_invariants,6,33,11,40,1.4605736530922442,713.2586949668197,32.06436386028285,0.6840179538249989,0.6388712740085323,1,-4.608058050395925
mace_invariants,6,34,11,46,1.3873164073563882,648.1061033396796,67.49487951429394,0.6690912973341573,0.6388712740085323,1,-48.3651264584564
mace_invariants,6,35,11,47,1.4436925964536929,783.93065895282,0.8867634659588363,0.5939731881154879,0.6388712740085323,0,-0.7999370828017831
mace_invariants,6,36,12,47,1.480112320283898,599.6917391713013,13.269682950057259,0.5416799182739079,0.6388712740085323,0,43.35011078829607
mace_invariants,6,37,12,48,1.4812090871162047,784.255059204561,38.88795181808332,0.5185039857576038,0.6388712740085323,0,81.97769673154355
mace_invariants,6,38,12,53,1.3194153794071812,-568.0670193697476,-86.86939242987145,0.46960223434686055,0.6388712740085323,0,26.314746247070346
mace_invariants,6,39,13,42,1.397917782024214,1001.5096772887753,18.145901786147924,0.44464978268922717,0.6388712740085323,0,-22.10045863809068
mace_invariants,6,40,13,48,1.4715083994397427,646.2225431165689,3.1263872257340055,0.47222624558267645,0.6388712740085323,0,-21.631989642707275
mace_invariants,6,41,13,49,1.4419089529102878,712.3443846482545,62.14941855192017,0.5431946070982269,0.6388712740085323,0,31.858212969796334
mace_invariants,6,42,14,43,1.4265695169861161,721.2679775881002,-1.1026666036922372,0.4178075231419319,0.6388712740085323,0,43.558301538102846
mace_invariants,6,43,14,49,1.3207089036908124,-434.7137483222426,8.191289990954095,0.4995754854872281,0.6388712740085323,0,22.910957983794724
mace_invariants,6,44,14,50,1.4578976812396982,601.8560603092232,5.908720085953758,0.6195935257923961,0.6388712740085323,0,23.36848419666677
mace_invariants,6,45,15,44,1.3602829853449783,308.2441037058075,-7.147978995634841,0.5904971818503155,0.6388712740085323,0,-38.001693494339975
mace_invariants,6,46,15,50,1.4756196545175349,727.460457271621,31.286857230608415,0.7103135123183592,0.6388712740085323,1,-4.722411663828119
mace_invariants,6,47,15,51,1.4377228773527535,923.422207468908,37.44986153158727,0.45891744620723446,0.6388712740085323,0,-27.086777653386257
mace_invariants,6,48,16,45,1.4223240971496969,714.5571338403607,51.73461514566796,0.568139515301905,0.6388712740085323,0,-49.12266020987308
mace_invariants,6,49,16,51,1.415942312609071,845.3572913104397,16.958626074961764,0.43824839488561596,0.6388712740085323,0,-14.552045980078487
mace_invariants,6,50,16,52,1.344274885526911,69.85162216648033,55.24320776273564,0.536680259046437,0.6388712740085323,0,-35.53949296759028
mace_invariants,6,51,17,46,1.450833774634021,1006.5934268276388,39.017402339827846,0.49669109761911945,0.6388712740085323,0,-36.853012449347645
mace_invariants,6,52,17,52,1.39512949257262,856.9384118963699,41.83480001270838,0.43641925575456086,0.6388712740085323,0,-26.072907739823403
mace_invariants,6,53,17,53,1.4224028063041598,714.6014682247355,-6.189191446264685,0.3494953044734027,0.6388712740085323,0,10.964072848999763
mace_invariants,6,54,18,53,1.435024321415325,763.0410240596475,13.763902602310448,0.3392470554518088,0.6388712740085323,0,71.1051947589304
mace_invariants,6,55,18,54,1.4238616492936855,821.0533677840788,24.24089637544157,0.3418708762107907,0.6388712740085323,0,-16.177758163983583
mace_invariants,6,56,18,59,1.463673126969416,640.7662435263702,15.274001251128016,0.4418373540750111,0.6388712740085323,0,40.02476770592378
mace_invariants,6,57,19,48,1.4336382420139828,896.8715027942109,25.02384938691602,0.49292536510639345,0.6388712740085323,0,-42.73587236248038
mace_invariants,6,58,19,54,1.4065661168710433,719.8676142988922,51.16118808340139,0.4466474344546321,0.6388712740085323,0,-50.342769182244055
mace_invariants,6,59,19,55,1.3768596462504485,515.144101485965,37.56810375568408,0.5445145246560381,0.6388712740085323,0,-63.65629337905478
mace_invariants,6,60,20,49,1.4270843638198272,1038.6936889279705,44.20415062143554,0.524502146744469,0.6388712740085323,0,-3.287928764704329
mace_invariants,6,61,20,55,1.3812144462363012,636.9243695875999,29.723399310426462,0.5051229447785633,0.6388712740085323,0,-101.42132941063872
mace_invariants,6,62,20,56,1.3978858485772656,808.7830727393814,55.88906677818071,0.5464891303293223,0.6388712740085323,0,-60.66509463679983
mace_invariants,6,63,21,50,1.397960504732151,952.7557346577053,16.039046958983022,0.7910066299342509,0.6388712740085323,1,-11.581675558342948
mace_invariants,6,64,21,56,1.4816590616098297,530.0896536203664,-13.9337354340445,0.6929755732139361,0.6388712740085323,1,-20.950451799150215
mace_invariants,6,65,21,57,1.4799537482967047,777.8627669984453,-26.61750771315868,0.697845590467593,0.6388712740085323,1,-47.519815387708945
mace_invariants,6,66,22,51,1.4442117896862225,741.4584351847731,33.62295475201195,0.4729935821385359,0.6388712740085323,0,-0.8798617480024227
mace_invariants,6,67,22,57,1.4664342599864268,721.4186889222358,17.729298177366676,0.6312286087830026,0.6388712740085323,0,-35.81672278927576
mace_invariants,6,68,22,58,1.3690656837708408,473.3964653502482,11.457839694140445,0.6084815943408819,0.6388712740085323,0,-47.12592547383585
mace_invariants,6,69,23,52,1.4912279101071433,423.13227829763827,36.66521790831903,0.5135354277930106,0.6388712740085323,0,-36.354678294762266
mace_invariants,6,70,23,58,1.4542985560525066,821.9714147270485,24.90471869721756,0.5505915758345356,0.6388712740085323,0,-11.313190521468412
mace_invariants,6,71,23,59,1.3809159875494637,571.011566899871,52.466557726465666,0.5292017751350548,0.6388712740085323,0,-11.835924479089929
mace_invariants,6,72,24,59,1.3861870292596297,616.2960842383741,5.210516809886552,0.5477716596380082,0.6388712740085323,0,-44.51512776004745
mace_invariants,6,73,24,60,1.4111920707668226,1006.8702191691576,58.349202139272386,0.5329093182079198,0.6388712740085323,0,-27.284836744153846
mace_invariants,6,74,24,65,1.4859828262842856,729.4461056388362,10.414717445477635,0.620093859634776,0.6388712740085323,0,-34.02372458244664
mace_invariants,6,75,25,54,1.3674406621726005,526.0956691287969,20.940576574672566,0.4328055525787452,0.6388712740085323,0,-41.86077205892365
mace_invariants,6,76,25,60,1.466955238260029,465.6002273680216,7.98242636915544,0.5179096890128772,0.6388712740085323,0,-53.48875487002255
mace_invariants,6,77,25,61,1.3262199524890337,-388.51227312269987,7.931964528693228,0.4135661406311818,0.6388712740085323,0,-24.27491088921132
mace_invariants,6,78,26,55,1.494487326181354,265.9965597003987,2.3800666075005394,0.5577607495699768,0.6388712740085323,0,-27.00164056546746
mace_invariants,6,79,26,61,1.3934355123710542,718.4300737724603,11.577086493696633,0.4406542474210074,0.6388712740085323,0,-28.791737204190525
mace_invariants,6,80,26,62,1.3651163352946603,376.7486539184483,0.7787665231073979,0.5632399832725479,0.6388712740085323,0,10.564119846081077
mace_invariants,6,81,27,56,1.4510156660016351,986.8610406287684,-2.243733481554246,0.6010017531912963,0.6388712740085323,0,-21.013930861865944
mace_invariants,6,82,27,62,1.388233981835233,564.1147053807227,14.92493697576593,0.5651148013431084,0.6388712740085323,0,-37.512707453264966
mace_invariants,6,83,27,63,1.4763194850363341,448.1813015342872,-25.976762980158234,0.6232286743198043,0.6388712740085323,0,-58.73281733491928
mace_invariants,6,84,28,57,1.4275298437884563,1080.2231874743045,25.813083084551266,0.8518809805909767,0.6388712740085323,1,7.221626890309391
mace_invariants,6,85,28,63,1.4137767677796482,753.9769011887423,27.240561348387395,0.8692378844658277,0.6388712740085323,1,-8.169647572843841
mace_invariants,6,86,28,64,1.4522954268323225,647.2950157692455,69.64160852767812,0.8712107556514356,0.6388712740085323,1,14.858566344412132
mace_invariants,6,87,29,58,1.4491530559997359,856.7360059951884,8.331024497864995,0.5857650170702965,0.6388712740085323,0,-41.811227472904335
mace_invariants,6,88,29,64,1.4323299101795677,837.1625431209027,23.11288448033802,0.6278418065728761,0.6388712740085323,0,-38.700133979777
mace_invariants,6,89,29,65,1.410226190605933,773.1216251126198,7.5290462328592955,0.6366974163675836,0.6388712740085323,0,-37.830511944066224
mace_invariants,6,90,30,65,1.372758835880856,600.808561000022,-19.16452540373606,0.6530942585483404,0.6388712740085323,1,-35.68631187351474
mace_invariants,6,91,30,66,1.4596316717278746,672.7943463953796,-1.3351197522903837,0.6457361473890811,0.6388712740085323,1,-4.381589434027411
mace_invariants,6,92,30,71,1.4217443437784136,684.3724004381926,12.257194931231465,0.5537193724572944,0.6388712740085323,0,-55.95392814159653
mace_invariants,6,93,31,60,1.4280590410291127,847.5490145420699,39.032926017657786,0.5570838090774326,0.6388712740085323,0,-11.410617645569172
mace_invariants,6,94,31,66,1.425701598520152,838.7871073445493,26.690537081080183,0.6369102393450297,0.6388712740085323,0,-6.035593382100682
mace_invariants,6,95,31,67,1.4275913768320054,699.3016751575103,48.27505417583126,0.5185146630351247,0.6388712740085323,0,-29.277221280046867
mace_invariants,6,96,32,61,1.4625617539369167,634.3239431863165,-1.6191173010271371,0.42175262315436757,0.6388712740085323,0,-34.048144473769995
mace_invariants,6,97,32,67,1.4400982265498263,815.6276737986767,23.9397747230451,0.48752702549375504,0.6388712740085323,0,-22.559531648636547
mace_invariants,6,98,32,68,1.339894564477318,-120.98292874536287,-9.329396916943864,0.500476282907587,0.6388712740085323,0,-17.609601186168547
mace_invariants,6,99,33,62,1.4327602065267253,761.1247264973049,17.60097088362853,0.5729197034192451,0.6388712740085323,0,11.3119410309613
mace_invariants,6,100,33,68,1.4166469526286936,873.9347833196957,53.64647294685279,0.529057627320924,0.6388712740085323,0,5.462211533016937
mace_invariants,6,101,33,69,1.4893149490167876,383.0285653070512,29.655472905865487,0.6392841880766272,0.6388712740085323,1,-17.621601548474008
mace_invariants,6,102,34,63,1.4164759061844763,870.6659204211869,30.757738904925674,0.6668774882765267,0.6388712740085323,1,-61.310202489904526
mace_invariants,6,103,34,69,1.4474526207256062,749.8364272543623,10.010556425777851,0.6751280999572129,0.6388712740085323,1,-54.91085797496005
mace_invariants,6,104,34,70,1.4614241382681945,710.6084503593921,10.689301401355088,0.6333187171815724,0.6388712740085323,0,-26.559233170736285
mace_invariants,6,105,35,64,1.483597669879744,486.12062228798254,12.326052509808761,0.6873816694577073,0.6388712740085323,1,-37.91726926288514
mace_invariants,6,106,35,70,1.4268039629928706,822.3907634313276,52.194471620741865,0.6518500271771452,0.6388712740085323,1,2.1917530723140963
mace_invariants,6,107,35,71,1.3990196091017715,861.0326517353491,28.39935663444671,0.5968623931613688,0.6388712740085323,0,-39.665814766462745
mace_invariants,203,0,0,36,1.4139393697617595,891.3044817973536,-4.266203054901745,0.4343048469047892,0.6379558820442194,0,-69.221658954982
mace_invariants,203,1,0,41,1.3931206645434526,948.8012164229433,-14.532546136280809,0.4394572064171044,0.6379558820442194,0,-65.32296063196607
mace_invariants,203,2,0,71,1.4166507112839335,1091.7850321483552,-16.982664797260266,0.408033546080134,0.6379558820442194,0,0.7783277298217124
mace_invariants,203,3,1,36,1.451875188827167,858.5145080953685,-4.668133522655493,0.5359184650120868,0.6379558820442194,0,-47.64323814205135
mace_invariants,203,4,1,37,1.3941923625063835,876.0938621631556,-31.06967393889832,0.6080424247036893,0.6379558820442194,0,-60.797043307586044
mace_invariants,203,5,1,66,1.4784040646223675,778.0618902419136,37.73264473049908,0.5108555991675718,0.6379558820442194,0,-10.033728411460064
mace_invariants,203,6,2,37,1.3754129235854633,788.098382879661,8.2014294224068,0.5195693220609265,0.6379558820442194,0,-37.77684755838
mace_invariants,203,7,2,38,1.4637738422214768,1028.3075437110901,-8.52887438138629,0.407843490473684,0.6379558820442194,0,-34.8762238814307
mace_invariants,203,8,2,67,1.4182934286246207,1146.7259999845755,-15.028170684343706,0.4104684786006486,0.6379558820442194,0,46.696957109369244
mace_invariants,203,9,3,38,1.3725457553870497,800.8010127675202,-12.861153904217101,0.5132837114346009,0.6379558820442194,0,-35.06972593671222
mace_invariants,203,10,3,39,1.4352767031212048,813.4392133792892,-10.305333190587529,0.6097005754300241,0.6379558820442194,0,-46.9744242547863
mace_invariants,203,11,3,68,1.3829347220792416,945.6599071627876,-44.13891605312669,0.5720241689704895,0.6379558820442194,0,-34.179659103259496
mace_invariants,203,12,4,39,1.4350305675399686,949.0921404982054,-27.44546483779822,0.6349905805556526,0.6379558820442194,0,-22.664880925369552
mace_invariants,203,13,4,40,1.4624681734234721,1025.6634046099794,-23.083721211458347,0.634476169780442,0.6379558820442194,0,-11.600351353640587
mace_invariants,203,14,4,69,1.4527147089291867,1172.9642881503798,-9.490507042539113,0.6733235473657391,0.6379558820442194,1,-2.210218908996433
mace_invariants,203,15,5,40,1.3890231646544415,823.7024019269106,-29.166347208022568,0.6462156139900218,0.6379558820442194,1,-36.24563326666901
mace_invariants,203,16,5,41,1.396600024249873,954.7382509550368,-51.37955010733132,0.5950673921777647,0.6379558820442194,0,-48.387345007160526
mace_invariants,203,17,5,70,1.4569002447474881,933.9235468622991,-29.019573147041914,0.5886645547903541,0.6379558820442194,0,13.515268641961185
mace_invariants,203,18,6,41,1.4332414859939746,1001.3453661788317,-47.710752052943455,0.5122724742677782,0.6379558820442194,0,-29.104475570066086
mace_invariants,203,19,6,42,1.391157577586656,1077.9342126876816,-28.545944368120196,0.6691153049813872,0.6379558820442194,1,-61.34521431455929
mace_invariants,203,20,6,47,1.430196133340986,1177.6112741465397,-41.03681110291181,0.6386413853022739,0.6379558820442194,1,18.777189219708273
mace_invariants,203,21,7,36,1.4026233507270818,1095.5975340375805,7.590127715294777,0.5036698503209459,0.6379558820442194,0,-76.60870390526209
mace_invariants,203,22,7,42,1.4382060073696628,1005.4030697283762,-13.676810586331161,0.6656650405468701,0.6379558820442194,1,-67.83513529382151
mace_invariants,203,23,7,43,1.4177250681488023,955.5914665661592,-0.7583981193490172,0.5592551345641126,0.6379558820442194,0,-32.65290647190002
mace_invariants,203,24,8,37,1.506333426964476,396.67860365895984,-12.894431895079652,0.644624814157468,0.6379558820442194,1,-7.402733477893629
mace_invariants,203,25,8,43,1.4057245601636486,1076.2825155690803,-24.17193755737774,0.6280861387090322,0.6379558820442194,0,-37.50998321855298
mace_invariants,203,26,8,44,1.4437413775934504,1222.050957543424,-44.37173009948347,0.5938270241645172,0.6379558820442194,0,-14.557578504804152
mace_invariants,203,27,9,38,1.3881322148271469,883.4861829828357,-24.97814874496334,0.4534204868630609,0.6379558820442194,0,-46.574894416486906
mace_invariants,203,28,9,44,1.4018171800972192,890.2918223584339,-23.379106102900693,0.5143485284573528,0.6379558820442194,0,-48.72580441122623
mace_invariants,203,29,9,45,1.4138695690077545,1037.1006479919827,-5.242790905759176,0.48740297244869324,0.6379558820442194,0,-48.37340669121934
mace_invariants,203,30,10,39,1.4300508094238935,1235.5769962853506,-9.50721397775744,0.6202870834074405,0.6379558820442194,0,-34.168683120215235
mace_invariants,203,31,10,45,1.4394065109802423,980.0869939629143,-23.45826698496227,0.5578527049976496,0.6379558820442194,0,-33.12451473719222
mace_invariants,203,32,10,46,1.4406600715260156,958.3374291656996,33.9481565287016,0.6037140182971554,0.6379558820442194,0,-58.926599280440946
mace_invariants,203,33,11,40,1.495849199003342,564.6158055610509,-23.799163401340376,0.6181256749815974,0.6379558820442194,0,-11.133929665188319
mace_invariants,203,34,11,46,1.4415030636596076,894.989941528468,-6.035320395823367,0.6020670206465231,0.6379558820442194,0,-54.02514550870424
mace_invariants,203,35,11,47,1.3815737983683152,1012.2513853094719,-21.93589135721363,0.693346364203836,0.6379558820442194,1,-32.93903096492627
mace_invariants,203,36,12,47,1.4964173427155596,514.4724118948585,-10.829840905255933,0.7036589069024604,0.6379558820442194,1,6.896542750787099
mace_invariants,203,37,12,48,1.4367205516597172,893.8756324331983,-2.391580290133712,0.748030884693222,0.6379558820442194,1,34.43312251030922
mace_invariants,203,38,12,53,1.3745727221481323,766.2033802120665,-6.170710048912959,0.74372950546474,0.6379558820442194,1,-61.18331078959267
mace_invariants,203,39,13,42,1.341561772302425,96.61471963844659,-89.60236013884963,0.5879091035836972,0.6379558820442194,0,-23.292239468977215
mace_invariants,203,40,13,48,1.3215882077570944,-404.3925723029672,-63.82009332435369,0.6018071616953455,0.6379558820442194,0,25.95289529510642
mace_invariants,203,41,13,49,1.4201359343488975,913.8755807125959,-60.49123137449218,0.3136575373233898,0.6379558820442194,0,-101.9844570644867
mace_invariants,203,42,14,43,1.3883538723918916,827.9507835724859,20.52482161801905,0.5992098750715715,0.6379558820442194,0,-50.401259908935224
mace_invariants,203,43,14,49,1.4213175998603595,1075.2379536736348,-19.952941565054516,0.43136821479402165,0.6379558820442194,0,-45.64817502937257
mace_invariants,203,44,14,50,1.4468311081428409,1261.6709052104266,-44.76533194056051,0.5363681305963953,0.6379558820442194,0,-42.01954034723023
mace_invariants,203,45,15,44,1.4470962679211528,1008.9056583788342,-28.74399013823397,0.5040566351449973,0.6379558820442194,0,-24.31462890866049
mace_invariants,203,46,15,50,1.4460314145565758,964.007618786277,-30.58349739930545,0.47547400521433614,0.6379558820442194,0,-41.90504246433365
mace_invariants,203,47,15,51,1.3892162801090473,843.86088205964,-40.20397922908325,0.5217985020537876,0.6379558820442194,0,-58.06860989584981
mace_invariants,203,48,16,45,1.4473483852473683,914.1003177139713,-24.990561547944893,0.5096721601137151,0.6379558820442194,0,-26.628027453747166
mace_invariants,203,49,16,51,1.3842220842977415,800.9973178008804,-12.406532385155092,0.554359583031165,0.6379558820442194,0,-66.97121255553098
mace_invariants,203,50,16,52,1.43614012047294,947.3796142325266,-27.8096127093561,0.56163524123208,0.6379558820442194,0,-38.50516198825942
mace_invariants,203,51,17,46,1.4051845153026996,1063.9378134447898,27.960089912317848,0.6748951325664616,0.6379558820442194,1,-58.821101178131855
mace_invariants,203,52,17,52,1.4989167232624225,479.61045665916294,-24.359927665505445,0.6809969003853206,0.6379558820442194,1,-23.530983107452276
mace_invariants,203,53,17,53,1.4500418392100236,1232.6385352255998,-8.31990610974294,0.8062450746860543,0.6379558820442194,1,-33.23462674404381
mace_invariants,203,54,18,53,1.5227448556343297,188.13861022950806,4.426624073039194,0.685877108716975,0.6379558820442194,1,24.680775494517356
mace_invariants,203,55,18,54,1.3953048179524747,786.3550642212385,-13.491475870989603,0.6234534971869684,0.6379558820442194,0,40.45617206440326
mace_invariants,203,56,18,59,1.4812616699478427,852.8477130370707,23.50157850211605,0.5620117311685888,0.6379558820442194,0,2.899260529828669
mace_invariants,203,57,19,48,1.493298637427794,753.2050870294634,-23.249755195814977,0.6319713639547561,0.6379558820442194,0,67.51856538050343
mace_invariants,203,58,19,54,1.3308750278520105,-55.201722201218104,-27.00232199795037,0.5652463731962676,0.6379558820442194,0,77.76165841196119
mace_invariants,203,59,19,55,1.4189154961136752,1415.226025881178,-28.431587736211032,0.44800819654743185,0.6379558820442194,0,1.3265869082763482
mace_invariants,203,60,20,49,1.4104772986460055,1144.1408479786548,-27.382868410558153,0.43775033704004207,0.6379558820442194,0,-40.622139923399345
mace_invariants,203,61,20,55,1.4387999527498743,1024.7728617374164,-15.476449652273333,0.5419367940046736,0.6379558820442194,0,-29.313035744832728
mace_invariants,203,62,20,56,1.4751554767225539,834.6599648687361,-9.88652592379426,0.5755259138347946,0.6379558820442194,0,-1.9342785756271619
mace_invariants,203,63,21,50,1.3805352392519168,800.7289570974644,-5.840014861845945,0.5814962924343181,0.6379558820442194,0,-64.37004770973024
mace_invariants,203,64,21,56,1.44755385402009,1151.0303385553204,-13.573955423966437,0.6142719534266969,0.6379558820442194,0,-25.77552605341321
mace_invariants,203,65,21,57,1.4614774376596267,849.6509135267281,-19.946646746182015,0.6266891589792885,0.6379558820442194,0,-29.193654563483648
mace_invariants,203,66,22,51,1.3998424584763134,873.8437204069355,-35.46093977204137,0.4774980829229291,0.6379558820442194,0,-47.93277225541645
mace_invariants,203,67,22,57,1.4093492648014458,1086.3911907903937,-45.360289702753626,0.47636645262844796,0.6379558820442194,0,-35.47412950723068
mace_invariants,203,68,22,58,1.447986325861014,1030.6270943387185,-13.547254925346223,0.4335882328703533,0.6379558820442194,0,-18.065291733087264
mace_invariants,203,69,23,52,1.4341197718591014,1122.087699439423,-7.48033278824593,0.6084232388647852,0.6379558820442194,0,-15.421911192690544
mace_invariants,203,70,23,58,1.4340266617148005,1060.1133066512662,-18.818692803522683,0.5572377306112944,0.6379558820442194,0,-19.619562223171958
mace_invariants,203,71,23,59,1.4249831251115659,906.9977093995354,-12.99392993856132,0.6098060356171329,0.6379558820442194,0,-28.30319507528162
mace_invariants,203,72,24,59,1.419566780433998,1037.8017152494187,12.184671108159112,0.58424123027168,0.6379558820442194,0,-47.1966675462698
mace_invariants,203,73,24,60,1.4024182221373271,1343.0546707790297,-11.196607200849341,0.6273040878030292,0.6379558820442194,0,1.4015946045146288
mace_invariants,203,74,24,65,1.4280073134381455,934.6518108240007,-7.347874859223964,0.5724662815057646,0.6379558820442194,0,-80.9177598436863
mace_invariants,203,75,25,54,1.395910060373722,837.9084889061811,8.405268605189555,0.5785869382560958,0.6379558820442194,0,24.35381305991958
mace_invariants,203,76,25,60,1.4658882535414208,827.3879329774404,-26.52619492136659,0.5602080297690655,0.6379558820442194,0,-16.278962467723172
mace_invariants,203,77,25,61,1.4170949802689699,951.9073184483522,-39.111308578822204,0.4778397602980142,0.6379558820442194,0,-24.00117919695594
mace_invariants,203,78,26,55,1.397981651991643,1015.2755647370544,-24.54030472018556,0.5353106517029702,0.6379558820442194,0,-43.858993678982166
mace_invariants,203,79,26,61,1.362333052933221,531.5225958401537,-6.815258346452964,0.5518016503937244,0.6379558820442194,0,-53.26528728141186
mace_invariants,203,80,26,62,1.4773008174540498,866.4512590616679,-20.499769085682974,0.6738113568427848,0.6379558820442194,1,-12.163854332849379
mace_invariants,203,81,27,56,1.4419000516097646,1014.6643009348395,-13.101896889144738,0.5344903177410675,0.6379558820442194,0,-14.209341897427056
mace_invariants,203,82,27,62,1.4287353353257062,1096.3697564482445,-18.442289625701854,0.6394019030507611,0.6379558820442194,1,-2.6730993817168
mace_invariants,203,83,27,63,1.3915069653896068,1350.697792665248,-15.402320245964559,0.6115013465906693,0.6379558820442194,0,-21.492916270495567
mace_invariants,203,84,28,57,1.371099344718443,716.2740459306145,4.951812157535422,0.5596137068691448,0.6379558820442194,0,-66.28977141938117
mace_invariants,203,85,28,63,1.401579754128577,1024.3298299712076,6.2543021288330065,0.6242075301661552,0.6379558820442194,0,-35.300132650069884
mace_invariants,203,86,28,64,1.4811479983025337,865.9111440792606,7.24119644756762,0.5089784641671947,0.6379558820442194,0,-9.142858140305197
mace_invariants,203,87,29,58,1.3972119247625052,956.3403639768794,-16.310774656621625,0.5164285249030816,0.6379558820442194,0,-57.0520463151296
mace_invariants,203,88,29,64,1.4475820424790673,1098.723879929167,-18.637453651173537,0.5085715019592261,0.6379558820442194,0,-11.34305976104391
mace_invariants,203,89,29,65,1.3765515419186003,607.4006240859927,24.1387680016161,0.5572218811430045,0.6379558820442194,0,-86.26221479757865
mace_invariants,203,90,30,65,1.3856481697193015,838.6267056884445,17.245477315352495,0.6160048097268807,0.6379558820442194,0,-46.34594110670287
mace_invariants,203,91,30,66,1.4554616205296569,861.668133944617,-8.36670322768418,0.5549904010875765,0.6379558820442194,0,-19.219312247166407
mace_invariants,203,92,30,71,1.5049335649674283,544.9630408961928,18.683183479876945,0.5537819661074364,0.6379558820442194,0,10.020345664225228
mace_invariants,203,93,31,60,1.4772447585697428,812.0683639559611,15.04119638738697,0.6550080057862032,0.6379558820442194,1,78.47022073895559
mace_invariants,203,94,31,66,1.44167576159425,1063.6477518001477,-48.29215683892927,0.5391557908496344,0.6379558820442194,0,17.537159814112833
mace_invariants,203,95,31,67,1.3152688232750522,-361.23452690398534,-69.05627410196875,0.5272417729254738,0.6379558820442194,0,77.70835759562138
mace_invariants,203,96,32,61,1.4697360521495229,825.3069489274596,-35.52254008453532,0.47323837626243426,0.6379558820442194,0,23.577444459982352
mace_invariants,203,97,32,67,1.403439183598058,847.596193619341,-42.75604050215269,0.4278404128727561,0.6379558820442194,0,60.59895848740775
mace_invariants,203,98,32,68,1.4508414199822681,1337.7945659651114,-41.95955973374368,0.48395588228168007,0.6379558820442194,0,-13.443986995902804
mace_invariants,203,99,33,62,1.4009633079020236,1265.235970960217,-34.71398907785469,0.6707028532816796,0.6379558820442194,1,-24.88858963821173
mace_invariants,203,100,33,68,1.4877471348224043,683.0469227446973,-20.89429359848264,0.559410652851865,0.6379558820442194,0,-18.470780935489447
mace_invariants,203,101,33,69,1.4153528564923208,1003.1716976585781,-30.36038042672081,0.6354200261214861,0.6379558820442194,0,-15.590035745656596
mace_invariants,203,102,34,63,1.469027757391157,917.6459638801664,-6.386038164690098,0.6587919757400025,0.6379558820442194,1,5.286428886871863
mace_invariants,203,103,34,69,1.3708579558542096,728.4037784381352,-7.5371167273118065,0.6514097050399008,0.6379558820442194,1,-14.789783204221855
mace_invariants,203,104,34,70,1.4878793099880259,733.8068835981824,3.943658427241356,0.555011268254936,0.6379558820442194,0,20.793516958803124
mace_invariants,203,105,35,64,1.3955445382601055,888.5975204841235,-24.933727189672073,0.5020307592131577,0.6379558820442194,0,75.02112491855397
mace_invariants,203,106,35,70,1.4426688103495022,795.3003678135532,-3.8918686208107958,0.5134791177270516,0.6379558820442194,0,36.399053498608495
mace_invariants,203,107,35,71,1.3349269913793924,169.52941655148967,11.520961246200383,0.48845829477749175,0.6379558820442194,0,35.41900880513261
geometry_control,94,0,0,36,1.3910826091423445,855.4704186252884,24.115266981261236,0.44741035552935166,0.6268074400311908,0,-3.1936015442501073
geometry_control,94,1,0,41,1.4226454570369447,1203.9847919740257,-18.159731400178075,0.6469146366775035,0.6268074400311908,1,-45.94468499967576
geometry_control,94,2,0,71,1.4972993441168152,725.2194793780516,28.40484017159536,0.5369868555175201,0.6268074400311908,0,-63.301399727068016
geometry_control,94,3,1,36,1.3733004800723627,587.780071324929,2.358378190265617,0.41216148778744044,0.6268074400311908,0,150.46800357373496
geometry_control,94,4,1,37,1.4205248973080284,1360.6828287518672,52.19482921247856,0.4712669728145448,0.6268074400311908,0,-120.82361111156249
geometry_control,94,5,1,66,1.5862276990373492,-818.2929406113848,-52.10915505618942,0.3924741288313519,0.6268074400311908,0,-157.76967853169225
geometry_control,94,6,2,37,1.5110807960941954,499.70633959013,-0.05405322118524512,0.505977897321177,0.6268074400311908,0,-82.98858355512337
geometry_control,94,7,2,38,1.4299303839246404,1058.608356389243,-3.8239927279764085,0.6240255250874123,0.6268074400311908,0,-40.344837278943714
geometry_control,94,8,2,67,1.402797054080899,1319.9564595362706,13.664673690041766,0.5221209253336053,0.6268074400311908,0,-76.22830639078461
geometry_control,94,9,3,38,1.5037165072873289,523.3785951569869,-10.199585285526409,0.6263372690198623,0.6268074400311908,0,2.3466251351167458
geometry_control,94,10,3,39,1.4030662531953084,1364.4174559519051,17.853636565040556,0.5328451495887767,0.6268074400311908,0,-69.696108484218
geometry_control,94,11,3,68,1.4729952382035687,980.3590589448696,-10.050060960976126,0.5616535928937905,0.6268074400311908,0,-28.57031790875879
geometry_control,94,12,4,39,1.4282564842932257,930.8839274308507,16.644761746209582,0.5980653592335092,0.6268074400311908,0,-7.267165443435758
geometry_control,94,13,4,40,1.4124189370887088,1114.4569878959678,-3.918824083703861,0.5373215360514976,0.6268074400311908,0,-44.894892075713614
geometry_control,94,14,4,69,1.4024234838904601,1258.5286738009786,10.08663437637872,0.5608818554062939,0.6268074400311908,0,-39.76234198618681
geometry_control,94,15,5,40,1.3421399896087025,439.13392383603775,15.229440916281089,0.42221295584134433,0.6268074400311908,0,-88.25196945920575
geometry_control,94,16,5,41,1.4684663752195157,1013.3360545925653,13.439116975479067,0.5988000668092539,0.6268074400311908,0,-10.025375135365394
geometry_control,94,17,5,70,1.4479660420284532,1130.939591742957,-4.0997441160598775,0.5364303920484123,0.6268074400311908,0,-46.20692653184241
geometry_control,94,18,6,41,1.435087344722947,1316.2242181537179,9.738419964372701,0.6283193336906371,0.6268074400311908,1,-51.01480441231578
geometry_control,94,19,6,42,1.4150505067149806,1066.3064624718163,44.270008266440016,0.5772640853892227,0.6268074400311908,0,-17.444332557159484
geometry_control,94,20,6,47,1.4793709409684563,903.3788152037052,16.784840057370346,0.5638473199609926,0.6268074400311908,0,-42.13743144028379
geometry_control,94,21,7,36,1.3678498966135975,751.9519273749837,19.107190826105608,0.40066011667414697,0.6268074400311908,0,-60.15708949846204
geometry_control,94,22,7,42,1.4114636346184672,1126.4498226044655,15.966444262625403,0.5491091495208844,0.6268074400311908,0,-45.467829288360036
geometry_control,94,23,7,43,1.477816454646723,880.9667086705217,-5.0061186126441335,0.5306837425460302,0.6268074400311908,0,-89.02471681691526
geometry_control,94,24,8,37,1.3526949689094148,426.96854619694597,4.581081400998108,0.4819140456106902,0.6268074400311908,0,-18.071912758738417
geometry_control,94,25,8,43,1.3973134258174358,938.0054290726318,58.5663112097108,0.552832186455469,0.6268074400311908,0,-19.90768863946496
geometry_control,94,26,8,44,1.3664490064738735,637.1492661684741,23.871943128752818,0.5376189144629724,0.6268074400311908,0,13.590613641164929
geometry_control,94,27,9,38,1.3360377772378191,498.8952435495959,-1.5342956901935914,0.6143724775478486,0.6268074400311908,0,-48.06465169580922
geometry_control,94,28,9,44,1.4658604777134931,981.2258602994896,-4.5757008081381265,0.5520297186338956,0.6268074400311908,0,-33.226004129278415
geometry_control,94,29,9,45,1.4500734013598335,901.0914459867367,8.203731811623767,0.60291303076506,0.6268074400311908,0,-32.63975076984785
geometry_control,94,30,10,39,1.512805124826537,348.4905483354967,-8.187026249237745,0.8333704062290226,0.6268074400311908,1,-60.23344988761502
geometry_control,94,31,10,45,1.4019351760126055,1243.625847004217,14.286066732878966,0.9154030788773196,0.6268074400311908,1,-19.744739608163677
geometry_control,94,32,10,46,1.4190292190170481,1426.9696386776482,0.7634327453591507,0.9656207762789283,0.6268074400311908,1,2.0208427822908845
geometry_control,94,33,11,40,1.4494715879207785,943.5794268776725,-15.725557623728882,0.5901256342783736,0.6268074400311908,0,2.584267889472592
geometry_control,94,34,11,46,1.450259628940738,1143.3395150966517,2.661363597627201,0.7831198275102909,0.6268074400311908,1,7.171581213263586
geometry_control,94,35,11,47,1.4205115775485926,1252.680429115152,4.561407324830609,0.7022407315166386,0.6268074400311908,1,-3.758699145871006
geometry_control,94,36,12,47,1.4319351561503288,1003.4367394390069,-33.15819916062582,0.5080550284835473,0.6268074400311908,0,-46.516116862442026
geometry_control,94,37,12,48,1.3747221988294773,804.0551340373687,-18.066146099920285,0.5739110013459326,0.6268074400311908,0,-73.653349381134
geometry_control,94,38,12,53,1.4833054609982357,870.4305873529892,-10.261271391508352,0.5493824985364384,0.6268074400311908,0,-54.55513545990423
geometry_control,94,39,13,42,1.400874009011166,1070.0120514041864,-3.169154684878904,0.6358951589636797,0.6268074400311908,1,-10.467528260274044
geometry_control,94,40,13,48,1.4994883272757629,593.6837686253456,-0.9045921176635743,0.6883343663978349,0.6268074400311908,1,-56.25465732400559
geometry_control,94,41,13,49,1.43566683057242,958.2220935157128,23.215449017171533,0.570212102381503,0.6268074400311908,0,-68.89159327715741
geometry_control,94,42,14,43,1.44549195172947,1278.1618417212408,0.8005084465795044,0.585809755290209,0.6268074400311908,0,-40.434115625396174
geometry_control,94,43,14,49,1.4263398774721714,1046.508925267096,19.734253941384143,0.5385521056828866,0.6268074400311908,0,-63.70866409045333
geometry_control,94,44,14,50,1.3407454143611117,347.79340413338394,32.89417055806083,0.4576877976051995,0.6268074400311908,0,-97.45331189654807
geometry_control,94,45,15,44,1.496603675661056,705.2491871376185,19.307150382703714,0.5991615469102007,0.6268074400311908,0,-58.08508657290146
geometry_control,94,46,15,50,1.5146188469618211,473.1615673525955,-15.36293293834433,0.4862528612176879,0.6268074400311908,0,-74.27186252364379
geometry_control,94,47,15,51,1.4160443200756212,971.1274407489199,-42.81221426489183,0.5326541817788231,0.6268074400311908,0,19.489795084174723
geometry_control,94,48,16,45,1.3707324767622397,732.3722695465791,-23.316523839138384,0.6036812803208227,0.6268074400311908,0,-66.45298391426313
geometry_control,94,49,16,51,1.4374983791935803,1101.3968700691055,-11.607844608452558,0.4862906030582808,0.6268074400311908,0,-27.875014062018213
geometry_control,94,50,16,52,1.457527728350745,1137.8349655783313,-18.04010034782004,0.5349329834287542,0.6268074400311908,0,-48.191572361997885
geometry_control,94,51,17,46,1.4271945033535822,961.7687652830946,-41.532159428066194,0.6914300187342073,0.6268074400311908,1,-28.165779742914275
geometry_control,94,52,17,52,1.4192501876847963,1025.1921481796558,-6.019857711831541,0.5724640244405301,0.6268074400311908,0,-52.85729496769639
geometry_control,94,53,17,53,1.4054774701200734,998.9401751557921,-13.060290584314359,0.6518783927934462,0.6268074400311908,1,-66.11790540371537
geometry_control,94,54,18,53,1.4125083655224295,1128.1206983059951,-37.69394598322609,0.6191098258716782,0.6268074400311908,0,-63.80582565984685
geometry_control,94,55,18,54,1.401360932569208,1090.2577272170054,-14.999315890836431,0.5245242125278595,0.6268074400311908,0,-60.22399189505887
geometry_control,94,56,18,59,1.4726022443596138,876.6588599667193,-39.92378367688592,0.5493614350057513,0.6268074400311908,0,-34.91789111539883
geometry_control,94,57,19,48,1.4154163793725598,1269.1998889967265,-4.135592863415704,0.593097585620415,0.6268074400311908,0,-64.85681270790207
geometry_control,94,58,19,54,1.4631381105047145,1044.1267415852346,-5.593161612792956,0.4739834694671022,0.6268074400311908,0,-61.71277125342144
geometry_control,94,59,19,55,1.373679486902283,911.9229375114248,-0.3232775358170785,0.3634772312624175,0.6268074400311908,0,-140.53226841240564
geometry_control,94,60,20,49,1.3758587684781813,780.817592770125,31.679065725920935,0.4876950420686489,0.6268074400311908,0,-118.7499340030823
geometry_control,94,61,20,55,1.3435790312786378,437.50103332323727,36.76552192565351,0.37619695172698314,0.6268074400311908,0,-162.95083987482184
geometry_control,94,62,20,56,1.4561562442566156,977.5031844867028,15.02598370197287,0.4642807937393973,0.6268074400311908,0,-83.57040096312836
geometry_control,94,63,21,50,1.3662617455748776,671.0173180063583,19.32562572438732,0.4036771331234677,0.6268074400311908,0,-125.4341534493829
geometry_control,94,64,21,56,1.45299459756637,1083.545564516648,39.35211345457481,0.4611271928719031,0.6268074400311908,0,-34.97730707498315
geometry_control,94,65,21,57,1.4864206457535838,773.7583916101045,-6.789706148093131,0.4818448849729006,0.6268074400311908,0,-46.15574046802088
geometry_control,94,66,22,51,1.333348821078626,241.10755562537096,-20.925804542042314,0.5424186690255004,0.6268074400311908,0,-53.92195921443287
geometry_control,94,67,22,57,1.4392385686925124,1261.4800763814078,-6.600280479849726,0.5741851003137981,0.6268074400311908,0,-38.23541456917758
geometry_control,94,68,22,58,1.4490732350006528,1045.3503059296745,-23.3257597493766,0.564341578242558,0.6268074400311908,0,-16.965977825555235
geometry_control,94,69,23,52,1.4094316986697775,1087.6916683904797,-25.305259679440738,0.6331542292330651,0.6268074400311908,1,-21.488336145624174
geometry_control,94,70,23,58,1.4044997888009438,1105.512468264819,-36.09249845266794,0.6064347580796494,0.6268074400311908,0,-29.58652369683896
geometry_control,94,71,23,59,1.4399494329129614,1012.4759547892039,-37.77306329645223,0.6428202067200541,0.6268074400311908,1,-8.60482117980714
geometry_control,94,72,24,59,1.4500545237232507,1146.7006404116707,-13.433965341375105,0.512274140805999,0.6268074400311908,0,-40.79588593269507
geometry_control,94,73,24,60,1.4857509766468695,692.198338109627,1.8791759976272815,0.43429445629977687,0.6268074400311908,0,-23.40822376763162
geometry_control,94,74,24,65,1.4183908873987212,1020.8447269304206,-12.683407211350886,0.4534043914207798,0.6268074400311908,0,-14.543908025001123
geometry_control,94,75,25,54,1.4144132311987314,1124.7470182480995,-22.787290772372504,0.4141122175469579,0.6268074400311908,0,-61.78018785586016
geometry_control,94,76,25,60,1.3550443817569098,680.8063179297739,36.446089844273246,0.3609697555186276,0.6268074400311908,0,-85.05379043084227
geometry_control,94,77,25,61,1.4641228847501944,789.8644240095699,21.702052332325625,0.3841632954904571,0.6268074400311908,0,-48.83385073894739
geometry_control,94,78,26,55,1.5011237332547276,610.05165420197,7.356915429874185,0.4457704881700935,0.6268074400311908,0,-86.62850928052214
geometry_control,94,79,26,61,1.388735250411863,1141.5152838308256,21.503751954405534,0.5263278043182774,0.6268074400311908,0,-51.15605251640956
geometry_control,94,80,26,62,1.4763609791364147,753.6799752606288,12.951196707386943,0.5223569309228863,0.6268074400311908,0,-57.82252328450122
geometry_control,94,81,27,56,1.4208606499921896,1139.1895111414287,30.936671150169662,0.43822370623845397,0.6268074400311908,0,-50.74528734134178
geometry_control,94,82,27,62,1.3281742144562902,-96.02090247305351,-2.46872128357227,0.4267263069788326,0.6268074400311908,0,-129.79640219510625
geometry_control,94,83,27,63,1.480265447680916,828.2006984895302,10.499390318746855,0.3692275869277276,0.6268074400311908,0,-94.15579130464063
geometry_control,94,84,28,57,1.3643409548128618,670.0612345766268,11.697250268181067,0.5057919050995596,0.6268074400311908,0,-34.90168509878539
geometry_control,94,85,28,63,1.3877845747513935,969.263100286112,20.018619853475407,0.41607809368783577,0.6268074400311908,0,-81.73294460632313
geometry_control,94,86,28,64,1.4191047664993053,1072.1188674109028,-13.378871284542072,0.5719274376115002,0.6268074400311908,0,-46.42847356231994
geometry_control,94,87,29,58,1.4516470406277315,987.3346340934618,-33.60498661762997,0.4524120680974667,0.6268074400311908,0,-59.28469144553007
geometry_control,94,88,29,64,1.3932753600365706,1078.4907501386963,-23.777727648247254,0.5283911226806473,0.6268074400311908,0,-75.44511546477764
geometry_control,94,89,29,65,1.4183361444606206,1052.9195919345539,-12.41439859279941,0.4299277673526524,0.6268074400311908,0,-56.53208844079349
geometry_control,94,90,30,65,1.3874304765600594,1012.0145262043916,-12.174406624811038,0.440503104590281,0.6268074400311908,0,-51.95797879438395
geometry_control,94,91,30,66,1.4469675523428345,1102.9092051488135,25.133178403947777,0.37307414841394004,0.6268074400311908,0,1.211092570169889
geometry_control,94,92,30,71,1.4628849171799836,962.0623237913956,28.752177304779778,0.482338007358197,0.6268074400311908,0,-15.744344772417023
geometry_control,94,93,31,60,1.4533968075619281,901.5250503325989,-1.549384058209759,0.3920287542476651,0.6268074400311908,0,-85.7935803853089
geometry_control,94,94,31,66,1.3567595014175782,733.60297206167,53.42168221248815,0.343709733192327,0.6268074400311908,0,1.6719566293054058
geometry_control,94,95,31,67,1.3470094404985156,333.15575464561823,-30.873283708238205,0.4386456051879482,0.6268074400311908,0,-133.26746477808493
geometry_control,94,96,32,61,1.4237382996860175,1134.0243894860268,24.17686543975021,0.43260647791705276,0.6268074400311908,0,-73.69924707682878
geometry_control,94,97,32,67,1.4742746372600655,844.1795781118992,-11.870473470888378,0.4560297888855064,0.6268074400311908,0,-69.72439913526583
geometry_control,94,98,32,68,1.3674506281921135,845.4031212483726,19.94171463968121,0.4932507125132416,0.6268074400311908,0,-97.21083658215358
geometry_control,94,99,33,62,1.3828741504948483,1029.6383449262285,0.943583952319256,0.4209973499323527,0.6268074400311908,0,-137.17245492795846
geometry_control,94,100,33,68,1.4064363930713153,1110.4841670274304,2.366806055633323,0.48561245792393265,0.6268074400311908,0,-99.44828058098287
geometry_control,94,101,33,69,1.4846895419231463,801.6228963290976,-1.4746213946164253,0.4196205107917035,0.6268074400311908,0,-91.35020504745847
geometry_control,94,102,34,63,1.3771809475772032,1006.6262168806335,5.924621400212432,0.4842877301639941,0.6268074400311908,0,-118.16149073198488
geometry_control,94,103,34,69,1.4534300053205425,922.4949398948293,-7.514876210558005,0.5404096110744498,0.6268074400311908,0,-54.42814913645812
geometry_control,94,104,34,70,1.4745318642219176,919.4903609051404,9.071388609298694,0.6310667279267215,0.6268074400311908,1,-36.74143187933262
geometry_control,94,105,35,64,1.4602014177793732,1136.8235551373418,8.131944887045055,0.49880167325165214,0.6268074400311908,0,-88.80711231014996
geometry_control,94,106,35,70,1.341040769203884,353.255339085556,-3.24046893921088,0.48973132709071504,0.6268074400311908,0,-127.17440721177326
geometry_control,94,107,35,71,1.3624367392858336,603.9722478899295,5.360389392241166,0.4421732206915732,0.6268074400311908,0,-101.85052428143777
geometry_control,65,0,0,36,1.4622436022949392,1056.6072441230367,-16.111577939814147,0.531412721600868,0.625271767807352,0,-14.863107149865009
geometry_control,65,1,0,41,1.442485067575715,1115.8583237674895,-1.056656630592498,0.48741126927236245,0.625271767807352,0,-48.16248285674414
geometry_control,65,2,0,71,1.3898080435681002,1009.3716108655941,-46.541556520004384,0.47106951397729524,0.625271767807352,0,-67.01948802207963
geometry_control,65,3,1,36,1.3198933492284028,-85.81062713413657,-105.2477178803085,0.47895875009732136,0.625271767807352,0,-99.8054961105789
geometry_control,65,4,1,37,1.4917086605498664,828.7385625310502,-2.6568823534061092,0.8002195084417878,0.625271767807352,1,-40.19681237476758
geometry_control,65,5,1,66,1.399776704928703,881.0668491114226,-4.124502034733607,0.4826902968412231,0.625271767807352,0,-61.56965236206619
geometry_control,65,6,2,37,1.4658647049579165,1715.2990221679909,68.00223329865356,1.3266257920543805,0.625271767807352,1,36.87143533261979
geometry_control,65,7,2,38,1.4979433143666026,896.972768699511,0.872397596875199,0.9365628257039539,0.625271767807352,1,-0.691522954476703
geometry_control,65,8,2,67,1.400968195847968,1033.721514560118,-38.351815131758876,1.0073052392106927,0.625271767807352,1,32.878925419122304
geometry_control,65,9,3,38,1.3118625119806846,-330.6214883911702,-66.48154676802456,0.4254500985050442,0.625271767807352,0,-136.9027265905152
geometry_control,65,10,3,39,1.4290786076401183,1037.2902068992528,1.4931427873175247,0.5166083788956238,0.625271767807352,0,-42.063106952673955
geometry_control,65,11,3,68,1.457525015179946,1145.9315150413177,-53.23163703482785,0.5608692675154296,0.625271767807352,0,-8.133789498136231
geometry_control,65,12,4,39,1.4443060089054314,1178.1604454205153,-13.931604384871028,0.5792452536065211,0.625271767807352,0,-21.958844586669933
geometry_control,65,13,4,40,1.4574032943381332,1057.0302498727988,6.053942996865968,0.48566263031112694,0.625271767807352,0,-40.46385622800986
geometry_control,65,14,4,69,1.4366700772715324,1174.6456996675488,-5.191546695304255,0.6151913293934872,0.625271767807352,0,26.140828266742552
geometry_control,65,15,5,40,1.4243779819184519,1185.043186394181,4.054767298005746,0.46125771913598956,0.625271767807352,0,-48.2526175628454
geometry_control,65,16,5,41,1.3959560347626712,1158.7320761124195,-28.79726726285387,0.4884828177182587,0.625271767807352,0,-36.95335504580541
geometry_control,65,17,5,70,1.4972169285577346,644.9821894395945,-31.977803837685663,0.5260442799914469,0.625271767807352,0,-27.901925171463837
geometry_control,65,18,6,41,1.390050777285507,985.3629953137169,8.167750248121918,0.4883709793062904,0.625271767807352,0,-75.37632544535009
geometry_control,65,19,6,42,1.447806653915352,1019.2130516811621,-20.80065320957742,0.4279328140312767,0.625271767807352,0,-44.162910102233596
geometry_control,65,20,6,47,1.420916595401595,1197.8913588504704,-9.614726041182392,0.5356135160373825,0.625271767807352,0,-46.94894439705214
geometry_control,65,21,7,36,1.4574200621561477,1220.9022361179707,-8.432143461773677,0.5655391316838028,0.625271767807352,0,-1.4638094946005609
geometry_control,65,22,7,42,1.3391327118614944,262.524197462906,-33.525781971810666,0.4610995140802834,0.625271767807352,0,-33.60546476159872
geometry_control,65,23,7,43,1.5360806596388827,135.57726494702928,-9.753925697566151,0.5027331558689898,0.625271767807352,0,-65.91899060014318
geometry_control,65,24,8,37,1.3927529576364828,814.8209766493688,-17.425635581449743,0.7896868862045157,0.625271767807352,1,52.76610130146805
geometry_control,65,25,8,43,1.3575630510804555,616.9064826707942,12.320703889882056,0.40562015204523644,0.625271767807352,0,64.08662758802916
geometry_control,65,26,8,44,1.4002809869949857,707.5134134072847,-7.705034002142557,0.49897291863829907,0.625271767807352,0,118.38773617156829
geometry_control,65,27,9,38,1.374432310514095,778.7655742382244,-19.09679730086785,0.39762964583110644,0.625271767807352,0,-157.93869024010542
geometry_control,65,28,9,44,1.5510591645991127,-221.25364666821451,-33.485897995484045,0.4969786446153164,0.625271767807352,0,-108.21107505317474
geometry_control,65,29,9,45,1.391798758476647,947.3315523580657,-19.368722880673033,0.4106788177728517,0.625271767807352,0,-51.65643443223156
geometry_control,65,30,10,39,1.41096963657844,1057.4372752636023,-4.557758651475618,0.49139094649879567,0.625271767807352,0,-103.5922860573996
geometry_control,65,31,10,45,1.39229491504608,873.9663856653361,10.93994764456832,0.4132818380499613,0.625271767807352,0,-104.51523295634485
geometry_control,65,32,10,46,1.3576217727735305,595.9480921300215,-26.653910522251188,0.3795798665845781,0.625271767807352,0,-122.53340064527694
geometry_control,65,33,11,40,1.403253715282966,1105.886970941727,-33.5251376979284,0.4284914888072471,0.625271767807352,0,-80.91292648371308
geometry_control,65,34,11,46,1.373419000957773,877.9630072438608,-9.670575248850819,0.41026303218842375,0.625271767807352,0,-121.43114579098716
geometry_control,65,35,11,47,1.4515167265535731,1194.6225165105348,12.665651545886531,0.5029591241206083,0.625271767807352,0,-42.12441531985567
geometry_control,65,36,12,47,1.4494005910787482,1094.0309049632172,-17.83339500265374,0.5670444134363728,0.625271767807352,0,-17.792047581625138
geometry_control,65,37,12,48,1.3949103676174117,940.2677368256786,-32.998109061183456,0.47983439446558906,0.625271767807352,0,-45.36778005443755
geometry_control,65,38,12,53,1.4382265047970735,1250.756315548532,-3.000105896795349,0.5000198493921385,0.625271767807352,0,-35.374276759900475
geometry_control,65,39,13,42,1.4668780840530653,931.7819316673704,-25.761286587947456,0.4062072049577932,0.625271767807352,0,-48.187504847342424
geometry_control,65,40,13,48,1.348069609005279,604.3746463866886,1.0705218618821608,0.4266778879931153,0.625271767807352,0,-85.33866797045246
geometry_control,65,41,13,49,1.4811646067349575,1023.9079746723729,-9.657317476750347,0.5726040019282503,0.625271767807352,0,-46.158034271066285
geometry_control,65,42,14,43,1.4597187099506868,983.7089135519037,-12.584846080524288,0.48485855302957775,0.625271767807352,0,-8.240041966377323
geometry_control,65,43,14,49,1.296308069719481,-838.6584585454654,-150.74036268929618,0.6096217082113284,0.625271767807352,0,-70.23982657548478
geometry_control,65,44,14,50,1.4432589468508916,1309.3941581003064,-38.73308613364313,0.5153490232843988,0.625271767807352,0,-20.00128665001501
geometry_control,65,45,15,44,1.4273916589481437,1306.452358470225,-2.19836246430689,0.5468922694296114,0.625271767807352,0,48.142841812161585
geometry_control,65,46,15,50,1.421472838103007,1101.929571136815,-38.73046084829549,0.4840299730913698,0.625271767807352,0,-51.14455546837809
geometry_control,65,47,15,51,1.4319536794719476,1042.8125470491923,-64.20808132031456,0.45591545680818824,0.625271767807352,0,-52.16095167259313
geometry_control,65,48,16,45,1.437317563771016,1043.5714500469403,-33.69348135638415,0.43005556984510696,0.625271767807352,0,-77.91366332498663
geometry_control,65,49,16,51,1.4260731281505619,1175.7157404607358,-20.661477899097246,0.4253785840661485,0.625271767807352,0,-59.901343115763495
geometry_control,65,50,16,52,1.422784860907071,965.2459482281877,-12.117919552149196,0.43746463483272596,0.625271767807352,0,-31.45389279308579
geometry_control,65,51,17,46,1.4596454530905298,880.3472110800552,-20.89449095707581,0.42629161236414204,0.625271767807352,0,-90.57537003785578
geometry_control,65,52,17,52,1.3761633050430189,797.906987568487,-12.089016662816368,0.4674026488171442,0.625271767807352,0,-28.81920431210563
geometry_control,65,53,17,53,1.472432601935258,1049.4032422758908,-31.562042461512217,0.45196314025209233,0.625271767807352,0,-47.89878213550338
geometry_control,65,54,18,53,1.381249731149028,882.6531158761766,-47.7949569697426,0.38125078465592444,0.625271767807352,0,-60.46903737462084
geometry_control,65,55,18,54,1.46211997247719,966.6886804404579,8.280867071304195,0.5901513273623437,0.625271767807352,0,6.922736504823753
geometry_control,65,56,18,59,1.3577838606015133,665.9609881340933,-39.73422463648962,0.3738390551737394,0.625271767807352,0,-66.22044949620691
geometry_control,65,57,19,48,1.4250439143849456,904.0979939633455,2.554289169373139,0.39603514199108075,0.625271767807352,0,-44.61649080211614
geometry_control,65,58,19,54,1.519834078689076,466.4561016190714,-7.546652753524683,0.6251211396240495,0.625271767807352,0,-37.836538537599274
geometry_control,65,59,19,55,1.3251074970658214,123.38434640866491,-23.92710442988464,0.39355675367455406,0.625271767807352,0,-61.45355917529532
geometry_control,65,60,20,49,1.4173514219691496,980.7702992343787,-11.037146483591012,0.5893294167623689,0.625271767807352,0,-14.37313647633227
geometry_control,65,61,20,55,1.442147562724644,963.5503732416242,-26.4559150534251,0.4409249145107072,0.625271767807352,0,-5.674071391442915
geometry_control,65,62,20,56,1.4373484107456713,1125.9502360064237,-27.77566399166599,0.5230606315722555,0.625271767807352,0,-82.27592682376556
geometry_control,65,63,21,50,1.3689541956154991,927.90678158308,17.00443242370163,0.496375739456594,0.625271767807352,0,-96.38320367227035
geometry_control,65,64,21,56,1.4602990105821476,1115.4470658349176,-31.227411708277955,0.5243796391934102,0.625271767807352,0,-58.875509423085035
geometry_control,65,65,21,57,1.4114368663791956,962.9604739182067,-62.003803240535824,0.5267627423475554,0.625271767807352,0,-79.89782782959634
geometry_control,65,66,22,51,1.4136379006954665,1092.3146064364137,-9.242447794517819,0.44368345897452277,0.625271767807352,0,-64.42299617628225
geometry_control,65,67,22,57,1.369302900501576,991.6577366183228,-25.49039338747588,0.5021849781486657,0.625271767807352,0,-110.4734924265355
geometry_control,65,68,22,58,1.412042226843043,1026.1136914182712,-11.339156302010469,0.5162217400673118,0.625271767807352,0,-66.21227874251133
geometry_control,65,69,23,52,1.4264893886346734,1033.5027186167608,-30.861736651408304,0.47365375280684,0.625271767807352,0,-12.819300548257736
geometry_control,65,70,23,58,1.4644458410832273,892.6220586665473,-23.762157236546106,0.5341059831330516,0.625271767807352,0,-62.18269162553608
geometry_control,65,71,23,59,1.4673312561948402,932.0198612783299,-21.321430468953483,0.45080251475960315,0.625271767807352,0,-30.787516709306583
geometry_control,65,72,24,59,1.4711923856501437,827.7973589325632,-37.41803561963736,0.4587397637406991,0.625271767807352,0,9.702403852280966
geometry_control,65,73,24,60,1.4545224991795536,1057.6146657896015,-26.96040436416467,0.5175083214516232,0.625271767807352,0,35.219192529812084
geometry_control,65,74,24,65,1.3175206748177444,-302.10026760763805,-125.93201894804831,0.40658869176169116,0.625271767807352,0,-56.82325144038046
geometry_control,65,75,25,54,1.4214568553458007,1201.0496772187178,-0.2716212120588684,0.6508427344414189,0.625271767807352,1,58.95831388467929
geometry_control,65,76,25,60,1.3929200767497565,1002.4340693762576,-32.41401311684197,0.4932990199637388,0.625271767807352,0,34.40796751911558
geometry_control,65,77,25,61,1.3869632124476805,875.6666574393348,-1.3074474533182594,0.4435699401955877,0.625271767807352,0,-53.254489227775515
geometry_control,65,78,26,55,1.4545589739018574,1079.3268300497411,-38.35754705035471,0.42545090680042164,0.625271767807352,0,-11.323624039634769
geometry_control,65,79,26,61,1.4405037326233319,1114.8525617063126,-11.254474421093372,0.44974249850408576,0.625271767807352,0,-60.56479614601041
geometry_control,65,80,26,62,1.3730997061111108,1033.0650033911618,-17.749444619633632,0.45374330850939176,0.625271767807352,0,-59.684298228852626
geometry_control,65,81,27,56,1.4460717280646853,998.8814650784011,-36.342790534163974,0.4979878003925756,0.625271767807352,0,-5.988490548960243
geometry_control,65,82,27,62,1.4606821127335028,855.7627983197902,-35.81927351786591,0.4441444850399975,0.625271767807352,0,-18.580854050899344
geometry_control,65,83,27,63,1.3824479345777976,971.804395746723,-39.713710710080406,0.5302949571387454,0.625271767807352,0,45.74376993352666
geometry_control,65,84,28,57,1.379283360724125,1049.9859595715534,-29.467950950406426,0.577471397345083,0.625271767807352,0,-75.79610537560096
geometry_control,65,85,28,63,1.4977944743411533,1091.6802088891093,-19.60317127835422,0.6073954509371077,0.625271767807352,0,-61.27498007639267
geometry_control,65,86,28,64,1.372963519103916,795.4618944377669,-84.40390375678942,0.5345705150433648,0.625271767807352,0,-123.49983435257795
geometry_control,65,87,29,58,1.4202438933528996,1148.19085731679,-53.03618180427694,0.5138369173763329,0.625271767807352,0,-71.33596965792802
geometry_control,65,88,29,64,1.3789693128419653,1013.2153076191139,-30.56372909467415,0.4568992731559687,0.625271767807352,0,-101.49805063867632
geometry_control,65,89,29,65,1.5077180862249586,384.5181223878753,-50.76294394602708,0.37838237702387656,0.625271767807352,0,-68.10981844217682
geometry_control,65,90,30,65,1.398430227951114,1009.5638566031271,-37.01091163967035,0.4466835713804357,0.625271767807352,0,-41.07675706767377
geometry_control,65,91,30,66,1.4046977137579169,1145.5201298305456,-42.94579626513669,0.5737613992271782,0.625271767807352,0,-65.23839999715466
geometry_control,65,92,30,71,1.4611375605078698,981.5564989279603,-42.67207053418756,0.5096866448597036,0.625271767807352,0,-48.62973210103181
geometry_control,65,93,31,60,1.5260215966255175,328.2284272320973,-12.78634785503472,0.5183616394117831,0.625271767807352,0,-42.116944779710394
geometry_control,65,94,31,66,1.4375601800557152,1004.0711461882456,-14.015954690524552,0.5345198375685937,0.625271767807352,0,-33.18705529509173
geometry_control,65,95,31,67,1.465626230067246,954.3822457793522,-14.615948598791675,0.5327284963254706,0.625271767807352,0,9.448295416140496
geometry_control,65,96,32,61,1.401891534443726,1191.218433745522,14.592696538096934,0.4457515507444307,0.625271767807352,0,-35.006415538501265
geometry_control,65,97,32,67,1.4161382827834514,1071.0844155124448,14.642277279431951,0.5098474874262693,0.625271767807352,0,-17.344743237202003
geometry_control,65,98,32,68,1.5148292445263376,499.64509609411124,-43.817643615372084,0.5745242429299158,0.625271767807352,0,-37.688434948343144
geometry_control,65,99,33,62,1.4192784754096361,1067.2829995014388,-67.03686034767955,0.3952436114468576,0.625271767807352,0,-52.511359223727496
geometry_control,65,100,33,68,1.391084458487832,996.9370676650591,-27.08131029171993,0.5200154936270367,0.625271767807352,0,13.219566346757098
geometry_control,65,101,33,69,1.3475596008043589,217.84185742154915,-82.72192850964313,0.511700680794197,0.625271767807352,0,-8.928894921637749
geometry_control,65,102,34,63,1.5602966323152094,-433.8095007508097,-62.71392631017403,0.5111070329767867,0.625271767807352,0,6.045696815569052
geometry_control,65,103,34,69,1.4667022593355685,916.8818125489726,-3.3510357695796107,0.541413630225378,0.625271767807352,0,89.88117410793618
geometry_control,65,104,34,70,1.414855391344323,1193.1820209988339,-67.23319221656945,0.47667149199847514,0.625271767807352,0,-19.198773036808447
geometry_control,65,105,35,64,1.4839054222554193,778.2895483471044,-36.7948482066064,0.6207809634696111,0.625271767807352,0,-23.007197065971646
geometry_control,65,106,35,70,1.413627303541222,1432.4735714501442,-49.570577872850414,0.6591703583850423,0.625271767807352,1,-13.335083737100419
geometry_control,65,107,35,71,1.4319571212437552,1164.7656987203886,-44.825015936076056,0.6052671408167869,0.625271767807352,0,-13.483985094269244
geometry_control,87,0,0,36,1.3676056508713499,856.3514717137994,11.551718896041999,0.4134868979944545,0.6266129048630105,0,-136.96961047104048
geometry_control,87,1,0,41,1.4257492259192899,1083.5903519777276,22.41685016283887,0.3525643000143666,0.6266129048630105,0,-101.32227011098915
geometry_control,87,2,0,71,1.3339262991076744,327.38724565996205,47.7884375975177,0.4411849200235188,0.6266129048630105,0,-164.18214796317693
geometry_control,87,3,1,36,1.4110429873589032,1104.9177408747823,-16.600956679807226,0.6691256349111934,0.6266129048630105,1,-54.04438042557003
geometry_control,87,4,1,37,1.477549198024956,840.5798750100555,-14.635336358820688,0.6586600901702849,0.6266129048630105,1,-43.73379413860289
geometry_control,87,5,1,66,1.4189209202942137,1419.747208833935,-27.031610746056824,0.7773225824279679,0.6266129048630105,1,-63.330356761257505
geometry_control,87,6,2,37,1.4407934995457314,1059.910393099404,-44.065254268072884,0.4903118976983136,0.6266129048630105,0,-22.609203890897817
geometry_control,87,7,2,38,1.4493368938337616,991.2879729468104,-31.638119072204095,0.5222953921262423,0.6266129048630105,0,-26.04958495598112
geometry_control,87,8,2,67,1.3761539358405541,901.2565884758191,-10.542843386229066,0.5897763851074087,0.6266129048630105,0,-58.60646274534278
geometry_control,87,9,3,38,1.4119615439412072,978.0986151586568,-15.839765184199022,0.5115524687607069,0.6266129048630105,0,-48.46557687168549
geometry_control,87,10,3,39,1.4094291914800903,1118.9839947268692,-8.353089478622202,0.45461874051109,0.6266129048630105,0,-89.17699764064783
geometry_control,87,11,3,68,1.471197783504387,940.764757983556,-26.050719425835865,0.7715517133217047,0.6266129048630105,1,-14.43582995614964
geometry_control,87,12,4,39,1.4622780672995155,839.1184510572257,-28.2573255787888,0.4283294913387905,0.6266129048630105,0,-74.74102193523089
geometry_control,87,13,4,40,1.3738097124560567,780.5540241726401,-55.2152054850087,0.44191276879746977,0.6266129048630105,0,-99.57435975547153
geometry_control,87,14,4,69,1.4557074927983815,993.2035788011518,-37.99762812250708,0.4562337333624009,0.6266129048630105,0,-59.16728849520929
geometry_control,87,15,5,40,1.4670615910998215,1405.9830929643783,-21.057303814859637,0.4698261368987916,0.6266129048630105,0,-50.431010544965474
geometry_control,87,16,5,41,1.3712875950607852,883.9309899161066,-15.51851875415445,0.4307360400226212,0.6266129048630105,0,-91.11049994008741
geometry_control,87,17,5,70,1.457947802531317,1049.8022290753138,6.94119607177484,0.513771282965575,0.6266129048630105,0,-42.342406008728496
geometry_control,87,18,6,41,1.4738740678976952,783.5917142846286,-38.17015817248973,0.5227737641351122,0.6266129048630105,0,-21.12509739205121
geometry_control,87,19,6,42,1.4608151004685,1008.1425534786301,-4.7678224869532775,0.6391213187560121,0.6266129048630105,1,33.72697103568639
geometry_control,87,20,6,47,1.4626965000014402,1190.1206082436192,-36.5218953278881,0.6245730475771605,0.6266129048630105,0,-31.44161117315955
geometry_control,87,21,7,36,1.3845442131715606,957.0208121832507,-3.9186029305674124,0.4523080936289964,0.6266129048630105,0,-50.119413092777904
geometry_control,87,22,7,42,1.3775834015847999,864.7646315159069,-34.35204366626689,0.5077330502698083,0.6266129048630105,0,-64.73782469406713
geometry_control,87,23,7,43,1.506900677466636,556.029242443027,1.4300526823944892,0.5714377929434364,0.6266129048630105,0,-67.12568603916426
geometry_control,87,24,8,37,1.4534420954300336,993.5052603026279,-23.206800934200864,0.47073602531776404,0.6266129048630105,0,-34.8588572353043
geometry_control,87,25,8,43,1.4212420212357686,1163.7346988999527,-9.401765832329195,0.6003312693731127,0.6266129048630105,0,-41.696473209295206
geometry_control,87,26,8,44,1.3893984479940906,916.8514667689695,-28.77734970803225,0.47126255159771424,0.6266129048630105,0,-66.67964432439916
geometry_control,87,27,9,38,1.4011935797530486,1294.027543495299,4.9401294401186995,0.5539883863282813,0.6266129048630105,0,-69.98603382618835
geometry_control,87,28,9,44,1.4235564781130146,1038.1573884460765,-34.806410913067005,0.5225314181803028,0.6266129048630105,0,-68.57657085921963
geometry_control,87,29,9,45,1.4649057848561882,1023.1846519849523,-38.43478922990434,0.4554243852017842,0.6266129048630105,0,-58.26911209870136
geometry_control,87,30,10,39,1.4846562309528195,555.1021519474323,-81.17297681127214,0.42420269906521546,0.6266129048630105,0,-72.84458671605827
geometry_control,87,31,10,45,1.3124207731305897,-351.9940545310469,-144.83763181512197,0.3825724261883352,0.6266129048630105,0,-144.91746242051724
geometry_control,87,32,10,46,1.3622249107774889,614.1213597578834,-82.30478754655681,0.5864774243962839,0.6266129048630105,0,-121.71865185862481
geometry_control,87,33,11,40,1.3865241578003549,1243.9724467871765,-44.625309136419084,0.7678143497203884,0.6266129048630105,1,-21.94256858808612
geometry_control,87,34,11,46,1.4553593526262998,1420.6054685968747,-0.00830669297798535,0.9165057975927777,0.6266129048630105,1,8.940442508085098
geometry_control,87,35,11,47,1.4155227999913744,1227.9454007476154,-47.85655322622459,0.8305235362862662,0.6266129048630105,1,3.522226127099181
geometry_control,87,36,12,47,1.3996420402550005,1304.8799287306215,26.463092576621772,0.6951022458770761,0.6266129048630105,1,-19.617018326575447
geometry_control,87,37,12,48,1.3657089917376073,870.3405256951052,-24.24743747919111,0.6004243205261534,0.6266129048630105,0,-18.595719920503235
geometry_control,87,38,12,53,1.5380460693438465,1040.9596562488834,0.42291822395493056,0.9192120810573046,0.6266129048630105,1,15.012792268898089
geometry_control,87,39,13,42,1.462357812081196,1564.2495200944527,-25.136547001092787,0.7965944238353141,0.6266129048630105,1,49.29336948685608
geometry_control,87,40,13,48,1.4461009675450496,1295.3204582963908,8.537815067304361,0.6873682273055397,0.6266129048630105,1,20.002961882735548
geometry_control,87,41,13,49,1.430861054826249,1146.5222028299884,-13.100328164095451,0.8228594282851229,0.6266129048630105,1,22.969641994945533
geometry_control,87,42,14,43,1.4603777555527169,1264.6699384960184,-15.379302304258692,0.6009477894066162,0.6266129048630105,0,21.00142278229248
geometry_control,87,43,14,49,1.4527701995036983,1019.5802353151508,-10.802226300369526,0.5635080511827968,0.6266129048630105,0,37.11500552289091
geometry_control,87,44,14,50,1.3430583377270968,458.52806169717036,-14.530303501842875,0.502813626333124,0.6266129048630105,0,-58.751367519854746
geometry_control,87,45,15,44,1.3918675649653125,1160.989889728875,4.350966992343393,0.6363287015913437,0.6266129048630105,1,-41.42016419315308
geometry_control,87,46,15,50,1.467745393793857,1062.3973456920291,-31.311140413773973,0.6672632562932499,0.6266129048630105,1,-15.518489695094011
geometry_control,87,47,15,51,1.434333310799874,1136.3452391620083,-46.5041506213199,0.706058928421291,0.6266129048630105,1,-16.019359069782688
geometry_control,87,48,16,45,1.4543285937440267,990.8939305895273,19.72486576276622,0.4036198336827056,0.6266129048630105,0,-71.9988054252351
geometry_control,87,49,16,51,1.511589303080954,481.9180939177051,-11.51448172886006,0.5404570934911715,0.6266129048630105,0,-74.60762276294193
geometry_control,87,50,16,52,1.3693699110016269,756.6624153004384,6.764688461845869,0.41250539265159203,0.6266129048630105,0,-73.94777759738419
geometry_control,87,51,17,46,1.492496337688496,1171.2731056556386,53.53952762532427,0.7694914411491949,0.6266129048630105,1,-7.364725015745563
geometry_control,87,52,17,52,1.4611812058094016,1264.0778901257559,-8.40662858745548,0.5744720019101326,0.6266129048630105,0,-8.191327752497308
geometry_control,87,53,17,53,1.4322073830760726,1312.3803265371082,-20.386294127876695,0.9076190150229118,0.6266129048630105,1,33.106434805819816
geometry_control,87,54,18,53,1.3742515299411462,994.6647443032322,16.49129298630217,1.004087814923393,0.6266129048630105,1,89.57946213058838
geometry_control,87,55,18,54,1.4435241264441347,1546.2641418800927,-50.72127639927196,0.74094569505257,0.6266129048630105,1,35.56405954638731
geometry_control,87,56,18,59,1.4506459026972989,1343.5234295505452,26.947701737474237,0.8446919230952483,0.6266129048630105,1,36.75610041513326
geometry_control,87,57,19,48,1.4151356874045458,1108.880955186974,-38.81232039617174,0.5519406921853622,0.6266129048630105,0,-4.344921538611935
geometry_control,87,58,19,54,1.501620507918092,797.0817727186676,16.854529602586936,0.6075863328456905,0.6266129048630105,0,-20.389187178589047
geometry_control,87,59,19,55,1.4622154539846681,1244.9181481773098,-36.63083266625714,0.6233799661803536,0.6266129048630105,0,1.8652145513726026
geometry_control,87,60,20,49,1.4470983083497728,1413.5782845211945,-2.3143235196009004,0.5459744853230577,0.6266129048630105,0,-7.710993084647896
geometry_control,87,61,20,55,1.4348392874094296,1240.0799535940282,-10.395368835009762,0.48192255833846587,0.6266129048630105,0,-20.81969482829663
geometry_control,87,62,20,56,1.3980298678995853,1287.0174366712909,31.767595104928244,0.6425421141908427,0.6266129048630105,1,-6.8597523015835336
geometry_control,87,63,21,50,1.480038198412267,821.0255087882861,-28.928896110100563,0.5320745996229876,0.6266129048630105,0,-32.42721891900686
geometry_control,87,64,21,56,1.406470147800349,1171.2131099808348,1.9386219934850684,0.6893366533404457,0.6266129048630105,1,9.109514231698498
geometry_control,87,65,21,57,1.4513493970900073,1097.8044128632826,-0.16307263429665708,0.5419547176988428,0.6266129048630105,0,-65.93492625202654
geometry_control,87,66,22,51,1.304118562534494,-654.5065711186148,-172.55275532622198,0.5190235765612399,0.6266129048630105,0,-87.34541587571967
geometry_control,87,67,22,57,1.4325845952428513,899.8146179321325,-2.0149748669078607,0.49010802250905383,0.6266129048630105,0,-17.059407136497242
geometry_control,87,68,22,58,1.351405525092858,471.4719980681532,-18.447643511644433,0.4639158848539489,0.6266129048630105,0,-70.45807065027209
geometry_control,87,69,23,52,1.3966764378722314,1117.7777957819992,-5.52287132080357,0.38415665142710487,0.6266129048630105,0,-34.56807865820718
geometry_control,87,70,23,58,1.538821244205001,168.0081607177679,-81.53193407988307,0.4570006605593935,0.6266129048630105,0,-100.21351965280877
geometry_control,87,71,23,59,1.4943554870222482,991.182273889154,-12.18875720088268,0.5579077727117393,0.6266129048630105,0,-26.10004555113752
geometry_control,87,72,24,59,1.3511986435958705,949.0792330404734,35.1710356745063,0.6132973559312245,0.6266129048630105,0,-49.787795170045854
geometry_control,87,73,24,60,1.4450824295020779,1120.9464201395285,36.012313548237984,0.6714588105432986,0.6266129048630105,1,12.72001488725607
geometry_control,87,74,24,65,1.4546553701221627,1188.7243310787442,26.004424241978814,0.5667783522203015,0.6266129048630105,0,7.487949153617805
geometry_control,87,75,25,54,1.3800260859345534,999.3965657003337,4.41596984155718,0.4835479649794838,0.6266129048630105,0,-72.43806700916606
geometry_control,87,76,25,60,1.5257754507360446,141.85691982961356,-20.11647108892671,0.6454556476342361,0.6266129048630105,1,-36.015513719576504
geometry_control,87,77,25,61,1.4323922582098096,1065.6209710380106,-3.3617571355355014,0.5397000848741613,0.6266129048630105,0,-15.135607681555996
geometry_control,87,78,26,55,1.4313492214582324,987.0151571011666,-49.72560567749544,0.546408942840142,0.6266129048630105,0,-24.037751462129858
geometry_control,87,79,26,61,1.4191169193758841,1074.4911161274397,-35.97008274117723,0.5867674294001564,0.6266129048630105,0,-44.06189842978222
geometry_control,87,80,26,62,1.4246237166926345,1150.9140532346596,-52.249790573074954,0.5921884770477837,0.6266129048630105,0,-8.132971568506015
geometry_control,87,81,27,56,1.4147547213509504,921.7020989395071,-3.960233461281611,0.6991204779275322,0.6266129048630105,1,10.939222578314904
geometry_control,87,82,27,62,1.4156506977505219,1005.4669469259219,4.0018458673642465,0.584280456282797,0.6266129048630105,0,-66.93655273353883
geometry_control,87,83,27,63,1.47643642237516,873.169826347656,-22.464211657412985,0.48968391610144835,0.6266129048630105,0,-70.32108957994518
geometry_control,87,84,28,57,1.4374450544790984,1006.3538216935888,-1.9691563269905987,0.5947794400957329,0.6266129048630105,0,-39.75698054397898
geometry_control,87,85,28,63,1.427857474851477,1168.85182920839,19.17649486869384,0.5327248139112518,0.6266129048630105,0,-52.741272485990464
geometry_control,87,86,28,64,1.351370440619685,491.33632205103675,-7.941170851113672,0.6611365672178262,0.6266129048630105,1,-92.27188726887161
geometry_control,87,87,29,58,1.3905887970053608,1003.2696995199401,-53.913616264054454,0.4956199626359028,0.6266129048630105,0,12.363964646648533
geometry_control,87,88,29,64,1.3387085669800558,246.51216174344776,-11.637360312719773,0.5881692274131011,0.6266129048630105,0,-49.01041922648187
geometry_control,87,89,29,65,1.4033558024208292,1008.950180506344,9.670978061242595,0.5500080710773255,0.6266129048630105,0,3.0621784245716555
geometry_control,87,90,30,65,1.4643338105796446,927.7906983945602,-34.764092902675515,0.5086558613194267,0.6266129048630105,0,-87.98539408490993
geometry_control,87,91,30,66,1.3840306447836694,877.4391977586799,-42.05121239426461,0.5577811837330804,0.6266129048630105,0,-123.21549570652061
geometry_control,87,92,30,71,1.3887446216603396,910.6992131662674,-10.318483553723754,0.47728225824537013,0.6266129048630105,0,-158.20988553799674
geometry_control,87,93,31,60,1.3704026547479773,1137.2924453830549,-7.006388136905382,0.6620831366385235,0.6266129048630105,1,-32.28166142964507
geometry_control,87,94,31,66,1.4611229673749808,938.4901463641773,-19.77959845762321,0.60652800072918,0.6266129048630105,0,-29.508015060777197
geometry_control,87,95,31,67,1.4261998788561028,1103.0881337721744,-25.343529979181614,0.587329995880592,0.6266129048630105,0,-30.57231510024799
geometry_control,87,96,32,61,1.3834886069848509,844.9551455062998,-42.362822290529635,0.7376924396592465,0.6266129048630105,1,-44.47900960197646
geometry_control,87,97,32,67,1.403887979546066,1077.4020838674926,-17.058527393044386,0.7686948616613898,0.6266129048630105,1,-31.373648461195373
geometry_control,87,98,32,68,1.4029705444617766,1131.5242896837153,-49.89021421085484,0.9612131132412212,0.6266129048630105,1,27.598328588824714
geometry_control,87,99,33,62,1.5182578937935352,297.5498636215736,-70.34595339310927,0.6559917470113028,0.6266129048630105,1,-55.609811846198625
geometry_control,87,100,33,68,1.411302100465413,1186.2737922052088,-13.613701483452381,0.8740913729456502,0.6266129048630105,1,-42.470428218673256
geometry_control,87,101,33,69,1.4444121611652234,1173.387316787515,-45.20859482419555,0.5850626421586459,0.6266129048630105,0,-49.8686272226546
geometry_control,87,102,34,63,1.395341019768232,1081.3005825075877,0.7076729007965583,0.4260503556234242,0.6266129048630105,0,-60.897288136262276
geometry_control,87,103,34,69,1.4204610811438707,1056.897857511412,-7.122763916570218,0.44971779095211595,0.6266129048630105,0,-45.49741336008202
geometry_control,87,104,34,70,1.3794986411913712,949.2296076346764,-14.000643628007587,0.47934197245396815,0.6266129048630105,0,-43.09672600591101
geometry_control,87,105,35,64,1.5126237297240805,581.791175431458,-92.81589214967642,0.6835162114057238,0.6266129048630105,1,-37.87367875694991
geometry_control,87,106,35,70,1.474783178548835,966.5723380179427,-18.94209547888464,0.6083960749296933,0.6266129048630105,0,-12.219796099300204
geometry_control,87,107,35,71,1.4561092613033069,856.2372672620877,-48.33668009497064,0.6139814519958917,0.6266129048630105,0,-7.562073013130508
geometry_control,272,0,0,36,1.4766867076248007,866.5590683567851,-23.551380673277244,0.5594154098014681,0.6244464769840414,0,2.1769695906570448
geometry_control,272,1,0,41,1.462651921041856,759.0523425860667,21.202624905797904,0.428624418700286,0.6244464769840414,0,-51.741643785234196
geometry_control,272,2,0,71,1.4586504185074207,896.5548293633481,-6.879944246086126,0.4508598883297732,0.6244464769840414,0,-37.48716518905769
geometry_control,272,3,1,36,1.3644063362164927,316.3837198043127,9.001321677397575,0.6179602211543742,0.6244464769840414,0,-13.992440862104871
geometry_control,272,4,1,37,1.3618611546599386,525.1065000249633,42.87705056498572,0.6469768623481411,0.6244464769840414,1,35.09537136407018
geometry_control,272,5,1,66,1.3603401314695862,504.0591499505824,17.802613807498034,0.5005418564389224,0.6244464769840414,0,-27.276353888673963
geometry_control,272,6,2,37,1.493951967153799,518.6805779648598,-20.23212912792495,0.540988990512667,0.6244464769840414,0,-26.471336823117102
geometry_control,272,7,2,38,1.5491541956850376,-318.63662123657167,-10.058762580569429,0.6203844067114154,0.6244464769840414,0,-28.44707733705853
geometry_control,272,8,2,67,1.38526827942146,830.9273839552853,23.2407692553664,0.4829888609132086,0.6244464769840414,0,10.424276175496665
geometry_control,272,9,3,38,1.4032111019427984,1064.6905722857528,36.47809456179927,0.7325757724526162,0.6244464769840414,1,-20.103069724189183
geometry_control,272,10,3,39,1.402975172531453,861.8275798339085,9.980897732484353,0.5617726884347742,0.6244464769840414,0,-81.33204249753234
geometry_control,272,11,3,68,1.4423791672354365,914.7124991585059,13.868622885677254,0.5950254894945449,0.6244464769840414,0,-100.15256475939273
geometry_control,272,12,4,39,1.4408944264448333,831.9858318386698,-2.266515701891361,0.5918983090009545,0.6244464769840414,0,-29.825495694257008
geometry_control,272,13,4,40,1.4187015004453882,899.1079513667255,-21.132619790476053,0.5620012617942955,0.6244464769840414,0,-46.5426386195694
geometry_control,272,14,4,69,1.384312587588118,863.1157519510522,-30.040481870763315,0.6086288761913237,0.6244464769840414,0,-41.21393110164861
geometry_control,272,15,5,40,1.49026927874541,668.7319212302292,-10.192209333422444,0.39878705307744655,0.6244464769840414,0,-118.38731153775743
geometry_control,272,16,5,41,1.372974195950072,577.2077589362539,-15.271298546133075,0.36028413580825014,0.6244464769840414,0,-137.57995336015736
geometry_control,272,17,5,70,1.3872883397074307,1007.5230198630986,-17.125620582213823,0.39662985167801756,0.6244464769840414,0,-109.20404636969616
geometry_control,272,18,6,41,1.3477299219224605,263.72321408444094,11.822471539310236,0.3131416360531305,0.6244464769840414,0,-122.04339081945878
geometry_control,272,19,6,42,1.389902901005301,992.546326815114,39.69058520364352,0.3764677634908362,0.6244464769840414,0,-89.11450501356765
geometry_control,272,20,6,47,1.551763549968447,-350.7709121663217,-97.22219042700777,0.35362305845850156,0.6244464769840414,0,-120.1432232135086
geometry_control,272,21,7,36,1.433784347960974,963.6303387501902,-18.67989664164749,0.736449446673492,0.6244464769840414,1,-51.04102337348314
geometry_control,272,22,7,42,1.4503332379724438,1115.2680694597946,30.96573868265834,0.6689845830100156,0.6244464769840414,1,-2.723131037667983
geometry_control,272,23,7,43,1.4239893224496025,995.4341731521422,-22.039026752255495,0.7052536535028857,0.6244464769840414,1,3.3360799996276853
geometry_control,272,24,8,37,1.457107097895644,789.1288950510889,-30.170495419111724,0.595695548419841,0.6244464769840414,0,-100.65202473960258
geometry_control,272,25,8,43,1.338532222971929,148.0006897196945,-27.698981012464284,0.5354831140554677,0.6244464769840414,0,-114.27613359564279
geometry_control,272,26,8,44,1.403193470375803,954.7779108556329,32.091452236197945,0.5585266967655175,0.6244464769840414,0,-69.4625276944875
geometry_control,272,27,9,38,1.4788021131006228,873.3510527098862,-6.180458432261164,0.7698315306618022,0.6244464769840414,1,10.562383526189166
geometry_control,272,28,9,44,1.4186879561815673,1016.5372490181875,19.76762539701855,0.6532672628087304,0.6244464769840414,1,-20.379957593855984
geometry_control,272,29,9,45,1.3756702140951726,906.1865319679439,29.630119748739393,0.6213177855379676,0.6244464769840414,0,-60.525409926589276
geometry_control,272,30,10,39,1.346076787489453,393.792540278063,15.452985801090627,0.5158955054720875,0.6244464769840414,0,-114.9551614799413
geometry_control,272,31,10,45,1.4390088006094772,1033.1797974910323,-1.9768566348559031,0.5381848443660949,0.6244464769840414,0,-70.29769340660307
geometry_control,272,32,10,46,1.4414331395645763,916.983072786855,-11.541855619976593,0.5176872531877608,0.6244464769840414,0,-31.56999273904489
geometry_control,272,33,11,40,1.3856876293032672,724.9571923787774,-37.27680526790749,0.5880323406245199,0.6244464769840414,0,-56.32875531305593
geometry_control,272,34,11,46,1.4371140951821166,1071.9283276348838,2.121641339890741,0.6197211355468522,0.6244464769840414,0,-24.98689154435843
geometry_control,272,35,11,47,1.385972130537111,1088.1719295302403,21.02624465409956,0.5900108457606945,0.6244464769840414,0,13.71467555628805
geometry_control,272,36,12,47,1.3243803896935384,-11.580256807250944,-38.54101661577506,0.42681341077830515,0.6244464769840414,0,-135.69022331942335
geometry_control,272,37,12,48,1.4148592788738539,1081.420395752197,18.565726805320455,0.4679100767250115,0.6244464769840414,0,-66.88481027320069
geometry_control,272,38,12,53,1.534564704014107,-67.0827981361018,-59.12291422696467,0.44918441761197897,0.6244464769840414,0,-50.84292940669188
geometry_control,272,39,13,42,1.4850817981726074,714.2657508591404,-37.57414066929771,0.5996720627598073,0.6244464769840414,0,21.44154960589207
geometry_control,272,40,13,48,1.477774043800502,828.8481637750284,25.303917977194224,0.6179240236741791,0.6244464769840414,0,10.36672222116978
geometry_control,272,41,13,49,1.4849809858129632,720.8525383476647,-22.036902080946923,0.8170193016256223,0.6244464769840414,1,81.60502069642968
geometry_control,272,42,14,43,1.4054046136215852,891.6025767669495,-8.481191976561549,0.5348619833308055,0.6244464769840414,0,-102.0035902880291
geometry_control,272,43,14,49,1.387308218671589,983.2860486221881,-2.998297335291454,0.7159401517037502,0.6244464769840414,1,14.401514919678796
geometry_control,272,44,14,50,1.3800698352592329,774.0302553550193,17.089942600473933,0.48843035984267147,0.6244464769840414,0,-83.98016706222222
geometry_control,272,45,15,44,1.4509657780127374,945.4888590274956,18.54874509721415,0.5923723880221373,0.6244464769840414,0,-39.13553555864299
geometry_control,272,46,15,50,1.4103893409056214,947.9327115174094,4.451264522800632,0.5228971818239536,0.6244464769840414,0,-73.40335086178092
geometry_control,272,47,15,51,1.415163566132608,842.5328686644514,-12.37231703753576,0.47989882561759695,0.6244464769840414,0,-86.02597857298034
geometry_control,272,48,16,45,1.4553410877107664,895.2412931211057,-8.700797109289885,0.568101890993499,0.6244464769840414,0,-55.730846683780186
geometry_control,272,49,16,51,1.478147050396681,666.2354371548261,-27.69404850773867,0.4875778058597213,0.6244464769840414,0,-86.91181044227469
geometry_control,272,50,16,52,1.338875705760634,269.43052889976906,1.4954119059604616,0.5427874735368468,0.6244464769840414,0,-108.77572544057786
geometry_control,272,51,17,46,1.4779844641800706,825.5540478878198,0.33869482579011734,0.6688607762127986,0.6244464769840414,1,-22.416485322202387
geometry_control,272,52,17,52,1.4284121325737922,808.1338690171796,14.274366528622886,0.6640439499344806,0.6244464769840414,1,-3.1857902219050445
geometry_control,272,53,17,53,1.5076829518003587,457.89343290885125,-0.44021623418252775,0.6615214932603148,0.6244464769840414,1,-8.945160612038556
geometry_control,272,54,18,53,1.3915936892307803,690.1440228943029,-36.25897597441478,0.4882038069936151,0.6244464769840414,0,29.17045924531609
geometry_control,272,55,18,54,1.394643313107746,737.0561182386608,-4.018497658263073,0.5190940585997466,0.6244464769840414,0,-87.02546281735258
geometry_control,272,56,18,59,1.3586227970904872,462.3374060724537,13.51019859879318,0.45788217094245603,0.6244464769840414,0,-123.29382035971815
geometry_control,272,57,19,48,1.3976960556860405,1080.9663464658859,39.77073725167727,0.5314889237683671,0.6244464769840414,0,-48.301934788569326
geometry_control,272,58,19,54,1.4239075116319166,1157.3001053265864,26.2469739505121,0.543653516261466,0.6244464769840414,0,-62.55957096028762
geometry_control,272,59,19,55,1.4400350590993476,1027.2328452980469,-4.834623655647054,0.4740380646270101,0.6244464769840414,0,-69.85298419476457
geometry_control,272,60,20,49,1.4482786101286846,1052.1114672557385,30.653385283640507,0.7579784382069866,0.6244464769840414,1,2.495977944033662
geometry_control,272,61,20,55,1.442694036782343,914.118779416276,-1.0917757135861863,0.5014323011141865,0.6244464769840414,0,-25.77676803093279
geometry_control,272,62,20,56,1.4642188229377462,992.1891356100898,20.19066897827775,0.5598795722189047,0.6244464769840414,0,7.528784250139871
geometry_control,272,63,21,50,1.4696635184766897,683.1299293496031,21.406277318629613,0.6152153049112717,0.6244464769840414,0,-39.86897612598965
geometry_control,272,64,21,56,1.4854727850361757,617.1279597625496,4.39971834409777,0.6446262307842685,0.6244464769840414,1,4.033393732219963
geometry_control,272,65,21,57,1.4539879598120944,1014.5080163180711,2.101592298532015,0.6310088751906431,0.6244464769840414,1,-15.189292029534592
geometry_control,272,66,22,51,1.3729434134323442,646.2280807099261,-16.894651031925395,0.3315654001258612,0.6244464769840414,0,-86.31230445008708
geometry_control,272,67,22,57,1.5679932541893589,-778.7612119765244,-70.18409710499715,0.3903573266115892,0.6244464769840414,0,-79.25685865227902
geometry_control,272,68,22,58,1.38302118373268,730.582504082958,-12.562156965560709,0.3558343898522224,0.6244464769840414,0,-130.9423545775036
geometry_control,272,69,23,52,1.391189939517858,836.9499846549469,-24.720265008010728,0.4840491700477054,0.6244464769840414,0,-84.26441625658686
geometry_control,272,70,23,58,1.4192921902412998,990.7824704625616,-32.361616711735806,0.45310849209694115,0.6244464769840414,0,-115.35222384290279
geometry_control,272,71,23,59,1.4597590797694635,921.7977681407012,-34.79954205674677,0.4512050773223806,0.6244464769840414,0,-141.50129909872922
geometry_control,272,72,24,59,1.365370790663242,544.0061538352325,-45.18202087468207,0.45621531227291984,0.6244464769840414,0,-126.25629813143487
geometry_control,272,73,24,60,1.4179637344998497,884.8118800683095,1.063799789405147,0.5023129826851912,0.6244464769840414,0,-90.2140983556421
geometry_control,272,74,24,65,1.36922978134322,556.1443391159622,-23.797593283362133,0.5453862456978436,0.6244464769840414,0,-56.00342939356314
geometry_control,272,75,25,54,1.3952894014603732,898.9145004397466,2.7960550040798915,0.5521219456352547,0.6244464769840414,0,-96.46131450500602
geometry_control,272,76,25,60,1.4210088577294262,891.3570388532718,-1.7815154536408984,0.5370077283902357,0.6244464769840414,0,-89.84240097520504
geometry_control,272,77,25,61,1.411259329516806,864.8458634128018,17.923047883137762,0.6425580471643675,0.6244464769840414,1,-80.01795269860321
geometry_control,272,78,26,55,1.3453568607620479,358.2080391766703,-31.604517095897254,0.5908910269719825,0.6244464769840414,0,-93.58343108483807
geometry_control,272,79,26,61,1.4699745602948722,1196.4439455656773,-12.70877326609493,0.7509425801355512,0.6244464769840414,1,-64.85725459733541
geometry_control,272,80,26,62,1.4579003484252144,966.7377771876664,1.7873633670098295,0.71815798185747,0.6244464769840414,1,-56.29754346254238
geometry_control,272,81,27,56,1.3337586425438286,182.9981691865839,-23.379741051835065,0.4606122587519974,0.6244464769840414,0,-111.947746883971
geometry_control,272,82,27,62,1.4035874269051787,907.5516552241429,8.455960536501449,0.5294319425327667,0.6244464769840414,0,-78.903731250236
geometry_control,272,83,27,63,1.4762188857051446,785.5028282406046,-5.2179090875351,0.46761483380252206,0.6244464769840414,0,-90.60715062404934
geometry_control,272,84,28,57,1.4357755617954269,820.7181263633134,8.744188115008507,0.4890765806544005,0.6244464769840414,0,84.85703209484888
geometry_control,272,85,28,63,1.3499044339325905,479.93411553540847,11.827526093319468,0.5096965112985506,0.6244464769840414,0,-71.21647451343797
geometry_control,272,86,28,64,1.421627486482463,1091.5681932318075,11.106697078459222,0.6219659548588925,0.6244464769840414,0,14.484439086582348
geometry_control,272,87,29,58,1.5045118114186533,382.36277845802584,-34.45631702138457,0.42064932387691145,0.6244464769840414,0,-81.19722660963674
geometry_control,272,88,29,64,1.3839240027024111,1009.8514511380831,-12.742380226826281,0.5880616348407701,0.6244464769840414,0,-33.966448278196204
geometry_control,272,89,29,65,1.4539765386392123,942.6788709668174,-36.32517472773166,0.5079168425272746,0.6244464769840414,0,-64.18762430840513
geometry_control,272,90,30,65,1.5042504418341427,396.97527995575877,0.5819660148585135,0.534384254820028,0.6244464769840414,0,-72.9732631130429
geometry_control,272,91,30,66,1.4138807909858728,1327.668015285471,-17.92027759212378,0.4260551545929488,0.6244464769840414,0,-132.72607557778085
geometry_control,272,92,30,71,1.355870100229959,332.5390738359764,-18.027697275350608,0.4349179978367057,0.6244464769840414,0,-98.93229831602949
geometry_control,272,93,31,60,1.4000056889859762,1064.8465150732889,-2.3722094161578746,0.4772523351098595,0.6244464769840414,0,-104.47985041447333
geometry_control,272,94,31,66,1.4742061863240825,849.841219434796,17.668172015400316,0.4119964978954326,0.6244464769840414,0,-113.72427151440925
geometry_control,272,95,31,67,1.4263174698451468,815.7349638010452,5.649655593418783,0.5004313742051929,0.6244464769840414,0,-38.33379579700872
geometry_control,272,96,32,61,1.3884939277158599,966.1568811483625,12.449645478195576,0.6513549421170499,0.6244464769840414,1,-88.28957770283422
geometry_control,272,97,32,67,1.3642134435966382,639.9137516377349,-8.51265911267311,0.5689836624382514,0.6244464769840414,0,-96.13795129703988
geometry_control,272,98,32,68,1.4262752838465955,998.2877017083886,-4.994787466537541,0.5688289252783869,0.6244464769840414,0,-108.84205121708146
geometry_control,272,99,33,62,1.3957307147678037,778.1059694248004,-22.019277330657914,0.654009926755322,0.6244464769840414,1,-78.79592448384146
geometry_control,272,100,33,68,1.355483403622705,499.56966567412144,-16.515079548702946,0.6042685081947401,0.6244464769840414,0,-122.69975461891622
geometry_control,272,101,33,69,1.4331020702380592,887.6174947679198,-46.16087344772915,0.5877462743253383,0.6244464769840414,0,-43.06116921800641
geometry_control,272,102,34,63,1.4199233841777372,990.6970781753321,-5.283564946046799,0.5673974028934428,0.6244464769840414,0,-50.66688867474409
geometry_control,272,103,34,69,1.4929114954212035,694.4903875035607,-5.499611501222546,0.5629508591937039,0.6244464769840414,0,-30.037638111131326
geometry_control,272,104,34,70,1.487815870981913,562.9607113908353,-22.650070929773,0.5141660433972468,0.6244464769840414,0,-10.67944794239174
geometry_control,272,105,35,64,1.4795904948901761,684.4639930814054,-13.652349186385273,0.5835834341001078,0.6244464769840414,0,-12.453634636351318
geometry_control,272,106,35,70,1.4772933388401066,674.4475373163391,-12.312080142750961,0.41808263104357,0.6244464769840414,0,-40.3509235660114
geometry_control,272,107,35,71,1.3555789982095914,378.620210783722,12.267271095679362,0.4039723848032898,0.6244464769840414,0,-111.97728067639028
geometry_control,216,0,0,36,1.577275804620516,-839.842393802238,-95.49540256385615,0.46640057267775353,0.6308387396851743,0,4.069656849969775
geometry_control,216,1,0,41,1.2890980976895718,-1096.3794444328075,-136.34971239748074,0.4108753466399878,0.6308387396851743,0,-117.19181526788908
geometry_control,216,2,0,71,1.4647945168876988,740.9760158163257,55.678926539834414,0.4052629670708777,0.6308387396851743,0,54.86452068186601
geometry_control,216,3,1,36,1.4160139612200675,1263.4890779031482,45.109473381838505,0.5529369043856112,0.6308387396851743,0,25.870378727665965
geometry_control,216,4,1,37,1.4728761922176914,992.734821739357,50.150679773522306,0.5384996139018627,0.6308387396851743,0,-22.738869397837508
geometry_control,216,5,1,66,1.3605362235755984,365.1962797113102,5.600277730712685,0.5724792240428171,0.6308387396851743,0,-64.96417810569335
geometry_control,216,6,2,37,1.4592216142594043,1631.0129989876593,156.84820812591835,1.0341583841830193,0.6308387396851743,1,66.4978598492206
geometry_control,216,7,2,38,1.507203274900311,1754.5875855264703,111.8165886114271,1.2693909343684422,0.6308387396851743,1,89.76751873819886
geometry_control,216,8,2,67,1.2975200124296349,-1130.4331838700627,82.62256148981582,1.386088740418408,0.6308387396851743,1,17.659683298911943
geometry_control,216,9,3,38,1.4079689039625443,1161.1273819414655,31.52283631226798,0.7158453520420776,0.6308387396851743,1,24.61231516279649
geometry_control,216,10,3,39,1.3642450617389035,523.9135032422387,-27.02164307741138,0.4888722825361128,0.6308387396851743,0,-29.312938867070564
geometry_control,216,11,3,68,1.414905891413333,893.6114138989228,31.103640589000143,0.4191473609213585,0.6308387396851743,0,-53.526667905972346
geometry_control,216,12,4,39,1.4933992160044904,438.50796807697986,6.5731875848121515,0.5474257719177161,0.6308387396851743,0,-17.05043920593115
geometry_control,216,13,4,40,1.45271493499573,787.6532256382893,24.81840245782152,0.5308069786355878,0.6308387396851743,0,-31.80982323397833
geometry_control,216,14,4,69,1.4438505873422611,754.9781969105961,-36.36389126528726,0.5065816111347049,0.6308387396851743,0,-27.344699695120756
geometry_control,216,15,5,40,1.3921728906281472,761.4590541770715,52.37196844122911,0.45133735546896425,0.6308387396851743,0,-66.68613122790009
geometry_control,216,16,5,41,1.5296114121029891,-100.87201677153976,-32.59272316032084,0.4186087325176169,0.6308387396851743,0,-53.29036286664188
geometry_control,216,17,5,70,1.3825808275558156,918.2937930362441,88.83124322739025,0.3831126083292402,0.6308387396851743,0,-106.3241741894388
geometry_control,216,18,6,41,1.423132327420138,767.6298325397395,35.08029162199239,0.5263677601525434,0.6308387396851743,0,-31.69448181887249
geometry_control,216,19,6,42,1.4596861848220046,931.2181185528369,21.748721885164933,0.5053924830958728,0.6308387396851743,0,-69.62300872090707
geometry_control,216,20,6,47,1.3632141461133056,821.3352464746833,77.82364378492876,0.5259356998676299,0.6308387396851743,0,-90.79887912199936
geometry_control,216,21,7,36,1.4422759271323056,906.7576989670576,10.398029671749635,0.5739210842703488,0.6308387396851743,0,96.55367121962813
geometry_control,216,22,7,42,1.4327698726872296,716.9924439340587,15.68686628574071,0.4974205811759125,0.6308387396851743,0,-50.88389726233068
geometry_control,216,23,7,43,1.4034817949738767,1027.3102435695712,12.387954509747258,0.5340773223372054,0.6308387396851743,0,-34.224760082942396
geometry_control,216,24,8,37,1.4099219172370374,968.2841053646314,-1.0224269882588324,0.49261182593843833,0.6308387396851743,0,-17.360214023468732
geometry_control,216,25,8,43,1.4131269758793508,785.6722123345386,26.36102729618715,0.4672053544890432,0.6308387396851743,0,-2.7781478382371745
geometry_control,216,26,8,44,1.4175956529199045,868.7897414145384,39.49062149213933,0.4392471854602056,0.6308387396851743,0,-19.816474519816325
geometry_control,216,27,9,38,1.475048152561588,537.2474133741844,38.78128792719544,0.6958526347816155,0.6308387396851743,1,-20.900763738340537
geometry_control,216,28,9,44,1.4165655470942453,845.9416391621817,35.85763578196945,0.4072554441179598,0.6308387396851743,0,-84.15957392199509
geometry_control,216,29,9,45,1.38111574462722,595.2641423532762,54.71800500346763,0.3863351084481682,0.6308387396851743,0,-86.53240805350572
geometry_control,216,30,10,39,1.4355025600125257,906.9356172048351,-2.9779555073641757,0.5315660156655273,0.6308387396851743,0,-24.983209458607234
geometry_control,216,31,10,45,1.4458382570973571,910.4894048304777,6.512642125729856,0.44902155883804473,0.6308387396851743,0,-54.53840984720616
geometry_control,216,32,10,46,1.4620664185905463,884.3808319071076,22.852980873092218,0.6005880482534656,0.6308387396851743,0,-46.77792093905721
geometry_control,216,33,11,40,1.364940565329184,392.82085977733,42.48565825611909,0.41042844285188634,0.6308387396851743,0,-81.43964588470389
geometry_control,216,34,11,46,1.5165839400327854,245.73454354189627,55.48184263364394,0.49606926872195284,0.6308387396851743,0,-71.92923797811872
geometry_control,216,35,11,47,1.4296695245009674,976.0301968763233,44.519002671856654,0.37726775961562553,0.6308387396851743,0,-97.43246558339463
geometry_control,216,36,12,47,1.4904949728267243,534.9626817387887,11.118655771258913,0.6454102986379041,0.6308387396851743,1,-45.25343986640695
geometry_control,216,37,12,48,1.4910748505732245,770.8199136520834,1.4475807049332112,0.764557404876886,0.6308387396851743,1,-48.210784341662446
geometry_control,216,38,12,53,1.322006901781384,-312.42795027956385,-65.39239055859773,0.6453617248983752,0.6308387396851743,1,-110.95243241559098
geometry_control,216,39,13,42,1.325010579016772,-203.96961062152192,45.217642213178905,0.386289606036858,0.6308387396851743,0,-130.2071944906641
geometry_control,216,40,13,48,1.4368748353535499,652.6607938217019,6.690801352480603,0.5259799290475969,0.6308387396851743,0,-42.492975041359784
geometry_control,216,41,13,49,1.4510873865609957,881.3150819531279,-11.448964574009908,0.39061653017000497,0.6308387396851743,0,-117.59330710066872
geometry_control,216,42,14,43,1.5047239444935023,281.67659454741766,-22.936607770373143,0.41837937244334117,0.6308387396851743,0,-94.6171547804149
geometry_control,216,43,14,49,1.3408025662448015,146.12416508819126,30.343448065188802,0.38604955541519526,0.6308387396851743,0,-149.23544490250467
geometry_control,216,44,14,50,1.3676291269066039,560.4063338569786,40.19017328350127,0.4148383219493233,0.6308387396851743,0,-129.47555482853545
geometry_control,216,45,15,44,1.4846075687210625,756.6891692978833,42.604310990785464,0.46633729898824433,0.6308387396851743,0,-43.19259269984143
geometry_control,216,46,15,50,1.443658578140514,864.62948015226,51.754734282115386,0.49075441752306415,0.6308387396851743,0,-40.57923148852408
geometry_control,216,47,15,51,1.4597757206165831,798.4426675107019,44.63908673165623,0.4306392700556828,0.6308387396851743,0,-42.041476008970776
geometry_control,216,48,16,45,1.4401800280397026,894.1940536865825,38.820950351668984,0.4810726562119281,0.6308387396851743,0,-55.75193713046119
geometry_control,216,49,16,51,1.3515439945251781,414.5248558679602,70.96249306126096,0.4662949629491581,0.6308387396851743,0,-90.65802613106248
geometry_control,216,50,16,52,1.432982620080033,888.3021905769112,43.67237307030288,0.5674237754599311,0.6308387396851743,0,-41.5312789174762
geometry_control,216,51,17,46,1.3268529852264972,-314.0139732895178,-17.564768344657438,0.6719478775886285,0.6308387396851743,1,-89.94919042729464
geometry_control,216,52,17,52,1.3823836321445238,597.7835883954754,51.472675911746606,0.6067325074212107,0.6308387396851743,0,-69.05063402941336
geometry_control,216,53,17,53,1.433471233834455,858.6816684704455,5.051168592921828,0.5530977947427722,0.6308387396851743,0,-83.46276074320639
geometry_control,216,54,18,53,1.422064918538509,737.4944391095574,-8.96369184532488,0.5510140618334682,0.6308387396851743,0,-48.10001381459605
geometry_control,216,55,18,54,1.4122537806525826,865.9325281210001,23.364051254934836,0.608850745019674,0.6308387396851743,0,-13.740353451592483
geometry_control,216,56,18,59,1.42534524428055,747.5765494364847,-0.24771433564444756,0.6025568297196755,0.6308387396851743,0,-17.31601865415228
geometry_control,216,57,19,48,1.435249628239922,985.3492203558276,-1.3048999422931602,0.5671969606071756,0.6308387396851743,0,-11.68144735750574
geometry_control,216,58,19,54,1.4452460901971826,700.4730483541732,0.9577947072450035,0.5058379638148706,0.6308387396851743,0,-20.30108976872303
geometry_control,216,59,19,55,1.4081554127934812,801.4502697006122,-14.895863505445822,0.5469147001128202,0.6308387396851743,0,1.7223558758729283
geometry_control,216,60,20,49,1.3839126511078235,754.4816704001811,20.44440660632691,0.40198193132628557,0.6308387396851743,0,-142.81210510365077
geometry_control,216,61,20,55,1.328730166662616,-101.22588260790252,45.8554650213759,0.517063069709522,0.6308387396851743,0,-76.36789378867726
geometry_control,216,62,20,56,1.4528399698333176,832.4357997994284,30.29719620597992,0.45596119691043324,0.6308387396851743,0,-86.34039620408763
geometry_control,216,63,21,50,1.4166709885033284,875.5235680171313,27.061594495781296,0.579619313775977,0.6308387396851743,0,-61.943592260875725
geometry_control,216,64,21,56,1.3690798072427395,606.0841500117486,45.30397440512877,0.6048098128259967,0.6308387396851743,0,0.5113360001283738
geometry_control,216,65,21,57,1.4201091098930139,852.2187981687038,34.46136947266097,0.5462927403961135,0.6308387396851743,0,-11.159621980632764
geometry_control,216,66,22,51,1.411291375937245,896.6099916839203,23.557440391613483,0.3511642589799389,0.6308387396851743,0,-93.23258834197836
geometry_control,216,67,22,57,1.3951530858360013,1003.9372096408712,55.054077112906185,0.3779528330674568,0.6308387396851743,0,-88.52279976942037
geometry_control,216,68,22,58,1.4666477416369281,676.4756247113702,25.62138778545455,0.3623063285299365,0.6308387396851743,0,-71.40742468648772
geometry_control,216,69,23,52,1.4802382019941545,537.0091418321841,18.1200380443325,0.5725759803464698,0.6308387396851743,0,-29.467671513381887
geometry_control,216,70,23,58,1.363137200322377,512.1729183768847,32.541664154230304,0.48258923738569454,0.6308387396851743,0,-74.79557000306417
geometry_control,216,71,23,59,1.4783319680413913,562.4602105543917,7.3198331914359205,0.5704840355542387,0.6308387396851743,0,-17.93437147529424
geometry_control,216,72,24,59,1.4354676406810745,887.2557287997523,36.84066699435663,0.6513927633780247,0.6308387396851743,1,-32.418329598509345
geometry_control,216,73,24,60,1.3637752439792865,339.00609133674004,75.11043505335874,0.5743111217822764,0.6308387396851743,0,-72.71481713628029
geometry_control,216,74,24,65,1.476967920978945,682.7219980913113,46.68729163705221,0.7125826451976056,0.6308387396851743,1,-24.44209742059669
geometry_control,216,75,25,54,1.4576118459241731,857.7595820021262,43.9094264583783,0.6119198951757217,0.6308387396851743,0,4.644567388666843
geometry_control,216,76,25,60,1.468517326280184,854.6308112724107,44.7842431282495,0.5285443382799749,0.6308387396851743,0,-32.192664269485604
geometry_control,216,77,25,61,1.366136215578689,749.2086141865066,74.18278570764062,0.7742894367768277,0.6308387396851743,1,-52.090274541734445
geometry_control,216,78,26,55,1.5444050623650332,-38.90981016382389,17.305711510566304,0.5821446351651467,0.6308387396851743,0,-50.849162332418366
geometry_control,216,79,26,61,1.3666804110947868,533.053801727206,95.99133004849756,0.7034374404683033,0.6308387396851743,1,15.033375935227326
geometry_control,216,80,26,62,1.4482346183939956,915.455765191525,29.867351751851324,0.49060108766998184,0.6308387396851743,0,6.802115199833992
geometry_control,216,81,27,56,1.5262976824047014,158.31655457152604,32.03987938988265,0.49659712054071287,0.6308387396851743,0,-38.23904817301842
geometry_control,216,82,27,62,1.4101758611419706,802.0710327748621,-6.765042698697377,0.4661554458446367,0.6308387396851743,0,-27.16235898234872
geometry_control,216,83,27,63,1.3941862150148667,931.8761814547833,11.04342721654121,0.4597178486675837,0.6308387396851743,0,-93.72651767573717
geometry_control,216,84,28,57,1.497608512234469,592.9036988437977,19.08773056603769,0.50050854903878,0.6308387396851743,0,-38.31782057984734
geometry_control,216,85,28,63,1.5050343493788296,382.5699443467207,18.68438297686779,0.522146349595534,0.6308387396851743,0,-38.42612679222195
geometry_control,216,86,28,64,1.3079501719758195,-649.5377946959303,-81.86766796268888,0.48443760994276297,0.6308387396851743,0,-75.06522938155074
geometry_control,216,87,29,58,1.4413644171515663,846.7334343843434,58.935979543806816,0.484987940230816,0.6308387396851743,0,-54.85675359419282
geometry_control,216,88,29,64,1.4081907252735553,892.8340566046704,22.720547492421716,0.48456350567231926,0.6308387396851743,0,-39.25502149681901
geometry_control,216,89,29,65,1.4033728902466456,931.0461071409951,43.301811941642306,0.6340726202189411,0.6308387396851743,1,-55.134356397380216
geometry_control,216,90,30,65,1.4511988250990195,882.6644211269055,10.151588029242076,0.5854381527385524,0.6308387396851743,0,-36.003422253996455
geometry_control,216,91,30,66,1.4633674182113836,996.4132546142893,28.175088068007156,0.5482536827521786,0.6308387396851743,0,14.72049680981403
geometry_control,216,92,30,71,1.4335658716690638,843.4543475843302,5.222044838744934,0.4675737574880966,0.6308387396851743,0,-27.68830490289336
geometry_control,216,93,31,60,1.4253124355550992,1412.4546475813115,78.34489080662397,0.4678436839513769,0.6308387396851743,0,-48.30469795387198
geometry_control,216,94,31,66,1.5013226905776724,534.7915503396321,52.009037943643285,0.5689307373803322,0.6308387396851743,0,4.7369656359770005
geometry_control,216,95,31,67,1.4352041617944669,1058.3576921634165,74.80735512620173,0.8868814834747661,0.6308387396851743,1,29.988467087247287
geometry_control,216,96,32,61,1.4262160130017016,728.5898593646945,72.69116507382311,0.658121804984759,0.6308387396851743,1,-37.47130401179725
geometry_control,216,97,32,67,1.467449990091574,921.7118382868258,78.11126241980105,0.8314145060112956,0.6308387396851743,1,45.646866476138754
geometry_control,216,98,32,68,1.47085133967112,995.199007955757,11.709132039890248,0.4180187088406111,0.6308387396851743,0,-63.57626844454401
geometry_control,216,99,33,62,1.4288366384297155,934.2045788861127,-15.196698243955531,0.45173562507264536,0.6308387396851743,0,-57.48456744266683
geometry_control,216,100,33,68,1.3685468599273598,639.5763276555126,18.679947079012717,0.42446888172681874,0.6308387396851743,0,-87.20435221916873
geometry_control,216,101,33,69,1.432587791101703,775.9375805195339,-26.012049975009027,0.4533496425585618,0.6308387396851743,0,-61.29350419674213
geometry_control,216,102,34,63,1.4251606112228064,947.6448034047553,32.037394326765565,0.4404662187503442,0.6308387396851743,0,-45.003559843266984
geometry_control,216,103,34,69,1.391789022690215,772.1216503851938,23.790290816941614,0.4485178334133137,0.6308387396851743,0,-76.21671625811568
geometry_control,216,104,34,70,1.4382589714816956,867.258017396477,2.249473143107219,0.4045184537744726,0.6308387396851743,0,-44.09434216284004
geometry_control,216,105,35,64,1.4410293412512245,919.4087221039322,1.9075102714288112,0.35760858064455364,0.6308387396851743,0,-50.58283045548701
geometry_control,216,106,35,70,1.486906636709671,561.5231764134581,-14.374306345247751,0.359369555321453,0.6308387396851743,0,-56.522326877239564
geometry_control,216,107,35,71,1.3555066919424585,671.2309549833395,62.03433050733445,0.38925329994071955,0.6308387396851743,0,-70.1893129563624
geometry_control,99,0,0,36,1.3952778937924082,1270.9118841491054,28.892337308239686,0.7265538547000319,0.6318876381298455,1,-23.36158085831287
geometry_control,99,1,0,41,1.4310879081560666,1408.2836250678206,54.85517275903869,0.8215782574404827,0.6318876381298455,1,-12.563339440478792
geometry_control,99,2,0,71,1.4676574620062197,1039.8000428422467,22.045020889287088,0.8974922630953632,0.6318876381298455,1,5.5042087769500085
geometry_control,99,3,1,36,1.4641297904183548,1055.737219137373,2.482729037987873,0.6152837552744748,0.6318876381298455,0,-36.812878002942625
geometry_control,99,4,1,37,1.4871363416473544,777.519036884732,-32.59208237366256,0.7605269393931264,0.6318876381298455,1,6.288763286664491
geometry_control,99,5,1,66,1.3609596931199148,699.9097918928005,-61.92710879847636,0.7058438623345691,0.6318876381298455,1,-32.34575692144205
geometry_control,99,6,2,37,1.4146969108198413,1122.3608577785428,3.9602597443838814,0.7858372455497481,0.6318876381298455,1,-13.448465588996804
geometry_control,99,7,2,38,1.4285716894116385,1672.3289014513084,102.48705592557619,1.1795372602740395,0.6318876381298455,1,52.94893577742326
geometry_control,99,8,2,67,1.4634277341083601,895.3349654356404,-32.100670822109684,0.7561835567859396,0.6318876381298455,1,-5.878711203756701
geometry_control,99,9,3,38,1.4409808026597435,1359.360890282426,73.72830224396625,1.028137761623353,0.6318876381298455,1,41.209877914858936
geometry_control,99,10,3,39,1.4854526873123652,798.8578243253799,14.215465915439895,0.5184096911655389,0.6318876381298455,0,-28.51060665879223
geometry_control,99,11,3,68,1.3719424198585595,897.4137116652499,-18.894093800838736,0.5635766530862139,0.6318876381298455,0,-32.19736084569717
geometry_control,99,12,4,39,1.424306556894283,1223.5401778326811,66.208867197952,0.4507862437236497,0.6318876381298455,0,-47.99850993620787
geometry_control,99,13,4,40,1.4600560396758386,1266.4991327174127,45.51339336626775,0.6134132730717716,0.6318876381298455,0,-20.683098906220643
geometry_control,99,14,4,69,1.4320139647036425,1136.9343178069234,79.06067878797899,0.5201127920465072,0.6318876381298455,0,-28.50587218896564
geometry_control,99,15,5,40,1.421409255525466,1067.4168993907633,23.95360329703207,0.613931181320012,0.6318876381298455,0,13.937224013256433
geometry_control,99,16,5,41,1.4199146660146196,1179.8777147519647,33.308298478508725,0.517113426327212,0.6318876381298455,0,-21.94783706895867
geometry_control,99,17,5,70,1.3444407768812543,615.3148531393699,-104.02613797567611,0.4473792803695773,0.6318876381298455,0,-12.635992417841415
geometry_control,99,18,6,41,1.4500041159604158,1239.7017165921145,44.25448643531663,0.5595023154336987,0.6318876381298455,0,-40.9133498069541
geometry_control,99,19,6,42,1.4041579268143196,1023.215237567263,-27.02760651049213,0.541519504823181,0.6318876381298455,0,-45.98902965424979
geometry_control,99,20,6,47,1.4641720040969162,1082.0748396766203,81.30445406222927,0.6090202848017615,0.6318876381298455,0,-26.398603334303843
geometry_control,99,21,7,36,1.3504144157683418,736.4301862221258,-48.37578345728119,0.36821422848189106,0.6318876381298455,0,-85.86206123361913
geometry_control,99,22,7,42,1.4612646778881322,902.6144283961894,-13.363919745105978,0.4452558206118243,0.6318876381298455,0,-56.663380267552135
geometry_control,99,23,7,43,1.412120526414277,1188.5048296728783,24.960379934034478,0.433406943654033,0.6318876381298455,0,-61.117581630815124
geometry_control,99,24,8,37,1.4754766903237728,771.2323608670819,-45.14707544277681,0.5967069738067432,0.6318876381298455,0,-34.25279312638247
geometry_control,99,25,8,43,1.4314892480523784,1201.176843203414,53.75159055412619,0.5166565048602334,0.6318876381298455,0,-26.684877324989536
geometry_control,99,26,8,44,1.38105814429307,939.9888343102733,1.1158679233799762,0.5381940538039875,0.6318876381298455,0,-49.62392888632648
geometry_control,99,27,9,38,1.5224653899941771,550.6882020560846,-6.953522635686077,1.064592348503202,0.6318876381298455,1,30.396523179147778
geometry_control,99,28,9,44,1.369840121017628,914.5835773339045,-4.047484427462944,0.6123794137761551,0.6318876381298455,0,-8.664784654245885
geometry_control,99,29,9,45,1.4170163676458452,1228.4303304779824,44.59524605018702,0.7196348584557547,0.6318876381298455,1,16.902064306791118
geometry_control,99,30,10,39,1.4336383690555357,1203.1968652970124,25.402162057374778,0.5054447729901136,0.6318876381298455,0,-21.963661512360005
geometry_control,99,31,10,45,1.4353534344742422,1131.9293851392574,23.858880484229502,0.6702153534004802,0.6318876381298455,1,-19.111962671139047
geometry_control,99,32,10,46,1.4006738712048694,1158.0544301449643,36.91934610466585,0.4860731076716989,0.6318876381298455,0,-32.34826624714111
geometry_control,99,33,11,40,1.4413507468315678,1189.5924852270211,52.60989456262767,0.6083673065444131,0.6318876381298455,0,2.637394510299096
geometry_control,99,34,11,46,1.3791743196122297,951.2260098995047,-7.728609317793373,0.42636861187787645,0.6318876381298455,0,-40.34352616159097
geometry_control,99,35,11,47,1.4117443059031591,1108.809544388651,38.634685055253264,0.5610675209196758,0.6318876381298455,0,-32.74424255480163
geometry_control,99,36,12,47,1.4495254302786742,1455.8294820491963,98.81126181427472,0.5451705317407906,0.6318876381298455,0,74.04891625353648
geometry_control,99,37,12,48,1.2704604035168754,-1802.2724179385489,-974.8659636599222,0.372805614678435,0.6318876381298455,0,-4.6879579012118455
geometry_control,99,38,12,53,1.55333753754407,-273.7161560566068,-243.70164612218056,0.39228363180603126,0.6318876381298455,0,-24.379486531374376
geometry_control,99,39,13,42,1.4319337157112662,1391.8957339279646,65.41846394813689,0.5663716114179054,0.6318876381298455,0,-45.295135574755264
geometry_control,99,40,13,48,1.4359386454988354,1108.7197109517165,33.19888810327407,0.46150747433413025,0.6318876381298455,0,10.83789271776272
geometry_control,99,41,13,49,1.4628433409085704,917.9445580635467,4.553691705875343,0.49649652307289327,0.6318876381298455,0,-42.49212982022806
geometry_control,99,42,14,43,1.4240894280828373,1142.1225216008195,17.40804824612548,0.51275693570791,0.6318876381298455,0,-48.07081004054487
geometry_control,99,43,14,49,1.400252673546344,1064.6283779757146,25.192960306120696,0.45473072432068923,0.6318876381298455,0,-64.42637672758379
geometry_control,99,44,14,50,1.4503281157367895,1170.0611192483277,58.75568768871771,0.5145582894390093,0.6318876381298455,0,-37.10644101773293
geometry_control,99,45,15,44,1.4354314862908337,998.5660068337279,19.009331193965444,0.48178102271167034,0.6318876381298455,0,-33.888861017974875
geometry_control,99,46,15,50,1.4914856416419717,642.7506295959894,0.7732184112934846,0.4620448274990156,0.6318876381298455,0,-20.096437835863338
geometry_control,99,47,15,51,1.3276406306564732,184.6743702367166,-193.71100943825815,0.4999874385808296,0.6318876381298455,0,-39.07295863423437
geometry_control,99,48,16,45,1.4280763974700144,1492.482368038719,42.40324525453585,0.6107583155035089,0.6318876381298455,0,-13.094326726506353
geometry_control,99,49,16,51,1.4799003374640132,886.2784983102609,12.033838223649624,0.5217092866930686,0.6318876381298455,0,-17.343263429476238
geometry_control,99,50,16,52,1.3498964485508096,476.5551957624997,-133.45023300887246,0.4800895516384998,0.6318876381298455,0,-69.06556469535039
geometry_control,99,51,17,46,1.4868790981195366,738.1088199752298,-13.72385913910186,0.39056395696591156,0.6318876381298455,0,-66.56626497260359
geometry_control,99,52,17,52,1.4821012895703054,906.1191786386722,23.726785843476843,0.44403743882968383,0.6318876381298455,0,-57.743464018260994
geometry_control,99,53,17,53,1.380055403993674,1074.2111080422321,51.71887347790382,0.3723759660729517,0.6318876381298455,0,-41.555753162208006
geometry_control,99,54,18,53,1.419191841171508,1154.7067301996062,66.56364900724337,0.4874288393352521,0.6318876381298455,0,16.73958376602136
geometry_control,99,55,18,54,1.4201794142353472,1095.5241458204955,56.60483423254074,0.5718723812007587,0.6318876381298455,0,-45.86569005483737
geometry_control,99,56,18,59,1.4445125995750396,1260.264647296998,60.83093722681161,0.5769983364065205,0.6318876381298455,0,-29.805019655001956
geometry_control,99,57,19,48,1.4682900394520144,895.9050546386889,-10.269169943492189,0.34954043322426787,0.6318876381298455,0,-31.95162939665697
geometry_control,99,58,19,54,1.4041646998611172,1242.8559829577507,61.749740152535196,0.45346199221737066,0.6318876381298455,0,-59.07517638606662
geometry_control,99,59,19,55,1.3916108903505433,1152.0747628442027,15.16430181099488,0.45758665476925064,0.6318876381298455,0,-78.3129230492864
geometry_control,99,60,20,49,1.3691116641820165,944.6191308563805,-9.294682716510808,0.37577835059096865,0.6318876381298455,0,-65.75585373724277
geometry_control,99,61,20,55,1.4583020479008901,1048.0525472553527,24.71553968608565,0.4488355233971884,0.6318876381298455,0,-62.832648196868455
geometry_control,99,62,20,56,1.489792017946348,932.818687230604,60.4972517129823,0.6064470710732803,0.6318876381298455,0,-50.11463882221785
geometry_control,99,63,21,50,1.3925216990724605,1076.515317895771,9.212998964833623,0.6217489468568571,0.6318876381298455,0,-50.30548624292051
geometry_control,99,64,21,56,1.3950347390893878,1208.6272694721708,30.129527004214058,0.7925901022208487,0.6318876381298455,1,-15.756928766438122
geometry_control,99,65,21,57,1.4497158138714759,1038.4706926418353,46.01268381823615,0.6810786939297194,0.6318876381298455,1,-44.12287304871431
geometry_control,99,66,22,51,1.5100465912950438,603.2536315287365,21.597478619963695,0.5174360783312548,0.6318876381298455,0,-26.080782315181462
geometry_control,99,67,22,57,1.4423877941975165,1204.350244720892,23.925708458464598,0.5388232143223031,0.6318876381298455,0,3.4499963506578126
geometry_control,99,68,22,58,1.3153675920989896,-10.08094794894604,-176.6075089339628,0.45924224651634715,0.6318876381298455,0,-61.33164419859699
geometry_control,99,69,23,52,1.3992547644531308,1223.882723836744,38.9194721444474,0.5436319362103026,0.6318876381298455,0,-61.12845853841212
geometry_control,99,70,23,58,1.400031666010393,1142.4302630885077,18.84432533866201,0.5270578394499636,0.6318876381298455,0,-52.31302900762555
geometry_control,99,71,23,59,1.4787104272193827,957.7931471716782,12.053411229454476,0.561539960524839,0.6318876381298455,0,-60.56823734511189
geometry_control,99,72,24,59,1.3988010816067669,1100.2131767849214,-11.508661701082904,0.5185210610734665,0.6318876381298455,0,-28.41680678449185
geometry_control,99,73,24,60,1.4343604846189026,1135.4183963184742,30.798133333682934,0.6462373461030582,0.6318876381298455,1,-30.034574349367002
geometry_control,99,74,24,65,1.4129397793022083,1161.260929155175,44.93785774825003,0.6065801267752121,0.6318876381298455,0,-4.0818326835678
geometry_control,99,75,25,54,1.4282346451321806,1107.4801641535958,18.13336149565048,0.5189105141498499,0.6318876381298455,0,-45.88503196629999
geometry_control,99,76,25,60,1.419391306627033,1236.1642467707109,20.621740467490586,0.6517527543852036,0.6318876381298455,1,-36.626585008589764
geometry_control,99,77,25,61,1.4581918625480277,1035.4858646121925,30.423052310650796,0.5978105054655376,0.6318876381298455,0,-42.412084766565854
geometry_control,99,78,26,55,1.3968719546369812,1074.6722790626172,23.85495646716625,0.5590532962920349,0.6318876381298455,0,-59.61136730961799
geometry_control,99,79,26,61,1.4218956578297974,1142.9195902017973,-16.804341796896686,0.6338286250558427,0.6318876381298455,1,-29.70021196495014
geometry_control,99,80,26,62,1.4293905872616626,1058.614286520428,20.518584586292327,0.6196005903301245,0.6318876381298455,0,-36.21157642566099
geometry_control,99,81,27,56,1.3309348968133548,190.0534147813908,-216.16647785128455,0.6517736217984996,0.6318876381298455,1,-65.14461215994308
geometry_control,99,82,27,62,1.436825422005918,1262.9962681254628,34.316250283575755,0.5547093681604972,0.6318876381298455,0,-92.52170998027233
geometry_control,99,83,27,63,1.366135362112736,906.6360079300308,-28.539007061988517,0.4259871158989029,0.6318876381298455,0,-113.41244410656311
geometry_control,99,84,28,57,1.376512749553962,1070.8604736451464,11.918315213200845,0.5268546522658264,0.6318876381298455,0,-33.5778807269228
geometry_control,99,85,28,63,1.438572462243123,1081.7249550651738,56.55525586671821,0.41257955465735896,0.6318876381298455,0,-91.9141693084219
geometry_control,99,86,28,64,1.487440230353101,766.335115212928,1.3711254062349263,0.4641578763388974,0.6318876381298455,0,-63.711032720178
geometry_control,99,87,29,58,1.4939715799927091,593.8815621805076,-32.01403778173091,0.4252980513854413,0.6318876381298455,0,-51.21803859143941
geometry_control,99,88,29,64,1.3590505937147113,808.9994183007491,-9.282318904275298,0.4421822432644682,0.6318876381298455,0,-105.2448582164415
geometry_control,99,89,29,65,1.5172028048470592,527.9438808444213,12.180756352723098,0.5478392381620623,0.6318876381298455,0,-27.37972481270535
geometry_control,99,90,30,65,1.4592105560386663,1125.9553656643493,43.41058475009612,0.6612593837646473,0.6318876381298455,1,-11.729153568698415
geometry_control,99,91,30,66,1.3567931264326132,512.3755090529888,-90.12884761297242,0.582535455877973,0.6318876381298455,0,-79.50998817614644
geometry_control,99,92,30,71,1.4383860294534674,1167.5974282207867,38.64619796517127,0.66291375721321,0.6318876381298455,1,-33.42687949570002
geometry_control,99,93,31,60,1.4413627598020127,1163.0230831466515,-4.922396685698743,0.6149227429022344,0.6318876381298455,0,-47.84005900729771
geometry_control,99,94,31,66,1.3947839595936422,982.6819395618852,1.971827066067522,0.49654159568771394,0.6318876381298455,0,-66.31317037068409
geometry_control,99,95,31,67,1.364712789600622,892.7902500828142,-40.289546235327805,0.5215709839824629,0.6318876381298455,0,-72.34126741361153
geometry_control,99,96,32,61,1.460482444677104,1008.7490819684941,-1.1252544642240543,0.7999334162997918,0.6318876381298455,1,-13.928800436120028
geometry_control,99,97,32,67,1.435574357374838,1255.1106485137195,23.063772496731723,0.7605239062996864,0.6318876381298455,1,-37.63420948347893
geometry_control,99,98,32,68,1.4125701275924019,1251.7100252295202,7.350461388978092,0.719316501250647,0.6318876381298455,1,-22.186554366392933
geometry_control,99,99,33,62,1.3543602829622987,752.2208163573418,-52.99897534451305,0.6183734160501457,0.6318876381298455,0,-34.5356492974017
geometry_control,99,100,33,68,1.4472621315201322,1011.5535726887383,12.722878426876235,0.5519845357267191,0.6318876381298455,0,-29.26828115262163
geometry_control,99,101,33,69,1.4623369474628525,1130.4119856994203,44.3968991569081,0.5761441221289016,0.6318876381298455,0,-15.519662909850549
geometry_control,99,102,34,63,1.3609623746578443,590.46910576607,-78.81874274510321,0.41643256037618354,0.6318876381298455,0,-65.43463451897519
geometry_control,99,103,34,69,1.3788940341399767,1060.5536370117184,19.9154783668552,0.5029255187165338,0.6318876381298455,0,-66.41909603271867
geometry_control,99,104,34,70,1.4686334325071677,993.6854046011656,31.734258042560082,0.42967409879136353,0.6318876381298455,0,-71.33247369747754
geometry_control,99,105,35,64,1.3628421712751229,651.6656749163632,-37.30351597279317,0.57621130987776,0.6318876381298455,0,-68.6952285513293
geometry_control,99,106,35,70,1.4669723386570621,1045.8109206246886,31.2502880728922,0.5378745266114016,0.6318876381298455,0,-24.728854957289812
geometry_control,99,107,35,71,1.435501704939438,1259.7962051466875,69.64838819880191,0.6835226782239168,0.6318876381298455,1,-12.942965880025323
geometry_control,20,0,0,36,1.4272601312761404,1125.6422778969873,-71.89405221314445,0.6819307614130168,0.6312783552573265,1,-80.06583273920529
geometry_control,20,1,0,41,1.3793805609688585,1115.0126759310508,-59.124230887621614,0.6383317971908992,0.6312783552573265,1,-79.75288326812063
geometry_control,20,2,0,71,1.4121375606033402,1225.251743619496,-88.91579830588798,0.7810754698904516,0.6312783552573265,1,-36.333438874024885
geometry_control,20,3,1,36,1.4450267233765153,1039.522984143436,-68.47786785020615,0.7260535864459319,0.6312783552573265,1,-1.8301839257523085
geometry_control,20,4,1,37,1.4436903277492175,1317.0328173178523,-52.26811380791291,0.7584237637990481,0.6312783552573265,1,44.24607563081554
geometry_control,20,5,1,66,1.3794269971683102,1143.2875682076622,-80.45760914307981,0.7884193444246835,0.6312783552573265,1,-11.589896478230013
geometry_control,20,6,2,37,1.4317919553624605,1340.0547659496942,-83.79436161292686,0.6375882124977119,0.6312783552573265,1,40.05391115694526
geometry_control,20,7,2,38,1.3777284112849286,846.9539541493409,-77.3063203647698,0.6796239958977672,0.6312783552573265,1,10.35441449586331
geometry_control,20,8,2,67,1.493337448698108,913.0185040580217,-70.68078977632719,0.6066778922772764,0.6312783552573265,0,60.67381183169704
geometry_control,20,9,3,38,1.4371274387055495,1322.118519623883,-30.108225824452564,0.6581799597537359,0.6312783552573265,1,7.081975295702307
geometry_control,20,10,3,39,1.3821886450562697,1242.6933041925595,-63.557264391189086,0.6117888429684197,0.6312783552573265,0,-30.575937426191153
geometry_control,20,11,3,68,1.4839530741782816,902.2049641279193,-20.59902643284177,0.6441895694372874,0.6312783552573265,1,-33.245728969062604
geometry_control,20,12,4,39,1.450338701430025,968.5272763665932,-55.915310335641855,0.5735998428927853,0.6312783552573265,0,-39.60817636935994
geometry_control,20,13,4,40,1.3915885438910476,1114.3711276620556,-64.50426922122305,0.5296617849924061,0.6312783552573265,0,-98.99448389793798
geometry_control,20,14,4,69,1.4050879365332645,1145.8429777376116,-93.16347324888153,0.6513800121617586,0.6312783552573265,1,21.712708602381575
geometry_control,20,15,5,40,1.499869822295866,732.9355212593568,-83.07081256568345,0.4999441217593025,0.6312783552573265,0,-75.56885196099263
geometry_control,20,16,5,41,1.4525179927667715,1037.2892496425789,-57.20304299694846,0.47226837146970874,0.6312783552573265,0,-68.46533863574989
geometry_control,20,17,5,70,1.350827889230057,629.5886998187849,-98.58862585760944,0.5252190687043687,0.6312783552573265,0,-25.328851212815707
geometry_control,20,18,6,41,1.3744706699585065,849.5626942689796,-77.44070444051069,0.5993348365015118,0.6312783552573265,0,-112.68768283539902
geometry_control,20,19,6,42,1.4426090634196853,1180.9334222019888,-70.62351144094986,0.5734054910794164,0.6312783552573265,0,-100.74014703932889
geometry_control,20,20,6,47,1.4150946466580918,1237.5526559241453,-62.616626243363086,0.6390198491523148,0.6312783552573265,1,-40.799028687224244
geometry_control,20,21,7,36,1.386392749253066,885.618287529597,-89.38275683577992,0.541617057877237,0.6312783552573265,0,-58.634000316288635
geometry_control,20,22,7,42,1.346649345535917,451.31673408137203,-140.1290520390642,0.47208874823302405,0.6312783552573265,0,-117.83637381479404
geometry_control,20,23,7,43,1.4157202436205707,1142.4295882550264,-63.11754470257935,0.48437221793108626,0.6312783552573265,0,-64.18580381458588
geometry_control,20,24,8,37,1.4538026701781,1283.2330676108375,-43.84212060223435,0.8337106096412343,0.6312783552573265,1,60.32965239306486
geometry_control,20,25,8,43,1.3881583463257978,1044.6093815190968,-40.61649327508025,0.7440955923419674,0.6312783552573265,1,7.003225980512539
geometry_control,20,26,8,44,1.4401596807695005,1634.2077956911733,-41.39989860533357,0.9313552803345279,0.6312783552573265,1,42.70657302724834
geometry_control,20,27,9,38,1.3693034469543006,816.9582891343694,-71.28927101507063,0.6563420116183988,0.6312783552573265,1,-68.86202081135406
geometry_control,20,28,9,44,1.399562205248922,1124.6498874507301,-78.03471784973574,0.711950898911637,0.6312783552573265,1,-52.890008422628554
geometry_control,20,29,9,45,1.4600443538448846,941.496650127527,-52.405317759461106,0.6243229430505479,0.6312783552573265,0,-30.285500558243744
geometry_control,20,30,10,39,1.4100315209264727,1054.0856395191688,-27.889972865344628,0.5655625036922683,0.6312783552573265,0,-54.66534073858276
geometry_control,20,31,10,45,1.4416388473724464,1161.689226943467,-31.445389314236113,0.5799345519097335,0.6312783552573265,0,-6.543200328310235
geometry_control,20,32,10,46,1.439490223831727,1069.6405057752665,-60.90937738788022,0.5364417551596234,0.6312783552573265,0,-31.798698278727777
geometry_control,20,33,11,40,1.3949974365362174,994.8154853050465,-90.6351710698763,0.49744869777143597,0.6312783552573265,0,-59.2184163554826
geometry_control,20,34,11,46,1.4119982886232738,1215.1960454438633,-58.457096786928275,0.5122660071391705,0.6312783552573265,0,-27.510328960455205
geometry_control,20,35,11,47,1.4605440402467758,1014.9098215435844,-69.77697175281513,0.5094579601326453,0.6312783552573265,0,-4.28010284656807
geometry_control,20,36,12,47,1.4816659691761422,881.4980058809352,-55.80646360676967,0.4704385549269373,0.6312783552573265,0,-58.557050750589404
geometry_control,20,37,12,48,1.4011138622985861,1102.665463317841,-59.411565533596665,0.41395055735945374,0.6312783552573265,0,-108.43081552900966
geometry_control,20,38,12,53,1.392052153757254,1041.5185140078543,-92.89011946074416,0.48326065459279643,0.6312783552573265,0,-16.265531676369708
geometry_control,20,39,13,42,1.3739360121208932,894.7374180795813,-81.76402192172426,0.4473025952519124,0.6312783552573265,0,-127.53554781573233
geometry_control,20,40,13,48,1.4047724513012476,1090.728412158232,-76.7053087867436,0.4564289557573271,0.6312783552573265,0,-83.03983304819099
geometry_control,20,41,13,49,1.4281866018008533,1121.741825698151,-70.47761397648333,0.48908773172825676,0.6312783552573265,0,-62.77260062883294
geometry_control,20,42,14,43,1.4844020720213884,988.904976086199,-62.31076634827348,0.4899740598174252,0.6312783552573265,0,-22.94576282854515
geometry_control,20,43,14,49,1.4219433162773885,1065.645974397786,-58.4225741561631,0.5194757265957074,0.6312783552573265,0,-1.6981943434909716
geometry_control,20,44,14,50,1.445400318438671,1246.1854392058065,-80.71398270349852,0.4704712183613815,0.6312783552573265,0,-7.015250609235675
geometry_control,20,45,15,44,1.4670062928834338,1193.4231752186884,-54.97376777965748,0.6212881001464178,0.6312783552573265,0,-1.6112967938959528
geometry_control,20,46,15,50,1.3782690745241761,944.3496827710807,-82.84448530943868,0.4145255706978136,0.6312783552573265,0,-38.7976832746555
geometry_control,20,47,15,51,1.4153679141784008,1253.6121356298293,-58.458759448015044,0.5018172329265034,0.6312783552573265,0,-21.01082524063471
geometry_control,20,48,16,45,1.4574379752827364,1126.9740999694761,-71.86715372450998,0.54527679959235,0.6312783552573265,0,11.701127781017576
geometry_control,20,49,16,51,1.4441702989367102,1232.4826376765566,-48.66060483505435,0.5134338882335248,0.6312783552573265,0,8.350169747202642
geometry_control,20,50,16,52,1.3905866176737438,1011.4048210095985,-74.69236526264079,0.4441064133458516,0.6312783552573265,0,-27.528041888921003
geometry_control,20,51,17,46,1.4743964569341839,957.9788737644153,-71.99984438296545,0.5834107504825106,0.6312783552573265,0,-7.626464481650665
geometry_control,20,52,17,52,1.4176850051998708,1228.7232843042793,-84.01415086526731,0.5257331609861221,0.6312783552573265,0,7.1188686400678165
geometry_control,20,53,17,53,1.3515001900725525,604.6042989646697,-118.33820826125536,0.5934248031418445,0.6312783552573265,0,6.713484769249781
geometry_control,20,54,18,53,1.389162286845082,917.9804546720508,-61.70464470951486,0.6306148820137436,0.6312783552573265,0,6.008768472434582
geometry_control,20,55,18,54,1.399803128845673,1077.2663470917073,-83.61971211790686,0.6663669824947825,0.6312783552573265,1,8.949028633538752
geometry_control,20,56,18,59,1.4200717133915812,1149.660023642019,-80.57686266904652,0.619146305390843,0.6312783552573265,0,9.741028273919731
geometry_control,20,57,19,48,1.472371820213334,923.0393942512264,-68.55433936812969,0.47882663879670734,0.6312783552573265,0,-51.23703709633876
geometry_control,20,58,19,54,1.4616454935583776,1172.8210699261758,-35.786986398676945,0.583888836511089,0.6312783552573265,0,-18.52911978129501
geometry_control,20,59,19,55,1.3635515708083792,712.9748317638919,-67.03902084535738,0.47027569936326274,0.6312783552573265,0,-30.072089998821863
geometry_control,20,60,20,49,1.4073228682591175,1175.591513338612,-94.27551192317665,0.43582179636146867,0.6312783552573265,0,-72.58268322868085
geometry_control,20,61,20,55,1.3863916610802636,947.1277332134596,-92.19584182543899,0.3946120809570945,0.6312783552573265,0,-88.81586485088883
geometry_control,20,62,20,56,1.4314904018857733,1193.7216129833196,-58.60192655020716,0.42522069390347567,0.6312783552573265,0,-79.32802685725784
geometry_control,20,63,21,50,1.4657229135705323,1140.1870340155515,-92.30882444275481,0.4739280848983937,0.6312783552573265,0,-31.36797631471219
geometry_control,20,64,21,56,1.4059172675575764,1210.1872369993555,-71.98283165882167,0.5123314906747265,0.6312783552573265,0,-68.48967458690447
geometry_control,20,65,21,57,1.3936251592727273,1037.8899281918266,-77.82370574430148,0.5801546743585971,0.6312783552573265,0,-71.02712578229918
geometry_control,20,66,22,51,1.5052072761152144,932.6153713874569,-81.32576419191149,0.4777599373037927,0.6312783552573265,0,-14.964703198768204
geometry_control,20,67,22,57,1.4473606967411607,1095.4800024675274,-70.70502882195767,0.49669486453530637,0.6312783552573265,0,-34.685044803675595
geometry_control,20,68,22,58,1.2994879373050297,-674.7488388480168,-355.5948932502951,0.47396971440174357,0.6312783552573265,0,-53.78804069242652
geometry_control,20,69,23,52,1.4545311517318689,1147.3874411536976,-82.32698314657979,0.49354291007923345,0.6312783552573265,0,-7.616931057218515
geometry_control,20,70,23,58,1.4465094250986659,981.5559196596532,-99.07604338383966,0.5590801620648576,0.6312783552573265,0,1.0298210318671117
geometry_control,20,71,23,59,1.4360431088312544,1142.1428443616194,-81.81323406410431,0.5497659756120553,0.6312783552573265,0,-38.53309226137519
geometry_control,20,72,24,59,1.4763003501013354,892.9655106772012,-80.64340785950222,0.45202507282476845,0.6312783552573265,0,-32.99494863971199
geometry_control,20,73,24,60,1.3499584875616006,647.908362867656,-93.2501743432376,0.5230783149398469,0.6312783552573265,0,-26.293770946522866
geometry_control,20,74,24,65,1.4498066235136442,1056.052793058989,-54.298443126150524,0.39597236507929623,0.6312783552573265,0,-34.303236585736315
geometry_control,20,75,25,54,1.4495882432617566,1159.530524605913,-52.02192417416589,0.5422105090548638,0.6312783552573265,0,-9.126376438080001
geometry_control,20,76,25,60,1.4461111321203888,1134.0490112877849,-73.22172416259465,0.5660430740660027,0.6312783552573265,0,8.563299224245768
geometry_control,20,77,25,61,1.39768012510088,1127.9198843037545,-55.76058381313664,0.458468560510599,0.6312783552573265,0,7.629360661314735
geometry_control,20,78,26,55,1.3932737239050235,950.606872573545,-99.47479354393934,0.4155329850800662,0.6312783552573265,0,-27.803537246060994
geometry_control,20,79,26,61,1.519936737897425,308.01303956720204,-111.86778099004555,0.4454041736836276,0.6312783552573265,0,-33.843292725611875
geometry_control,20,80,26,62,1.3840744233908644,1081.2803715915481,-72.25671105148133,0.4982678786856892,0.6312783552573265,0,-111.4565654788936
geometry_control,20,81,27,56,1.384727302161654,1088.056166045728,-80.71391718105632,0.41482753792621907,0.6312783552573265,0,-106.00561150441088
geometry_control,20,82,27,62,1.4492843682772458,1355.8574095685262,-89.31735662572483,0.466953818585461,0.6312783552573265,0,-81.2445077478978
geometry_control,20,83,27,63,1.322545042012971,10.983454071399002,-161.93351379780424,0.5388231452214927,0.6312783552573265,0,-135.08941239063054
geometry_control,20,84,28,57,1.473325347120256,1231.2941474024065,-76.27041043468499,0.5128766627762684,0.6312783552573265,0,-58.89048134875015
geometry_control,20,85,28,63,1.4228230206909196,1431.9436575182958,-72.68676960507689,0.5690490863876715,0.6312783552573265,0,-110.98890483738381
geometry_control,20,86,28,64,1.3435284330709907,518.4318100778597,-124.72046038392851,0.4398071177150995,0.6312783552573265,0,-75.52871390836792
geometry_control,20,87,29,58,1.4428773209088557,1543.4419391837148,-68.2735776062566,0.5957860459992175,0.6312783552573265,0,-10.4131922428783
geometry_control,20,88,29,64,1.4316263847122916,1168.6625566681885,-37.860794699393544,0.5454416510716114,0.6312783552573265,0,-28.628616172044854
geometry_control,20,89,29,65,1.3965714723442864,1194.2359527783137,-63.17840143441196,0.5304191518009431,0.6312783552573265,0,-51.24063364079409
geometry_control,20,90,30,65,1.4138828456100274,1291.9839640535047,-38.1313214234911,0.5475515490836802,0.6312783552573265,0,-44.608778807508365
geometry_control,20,91,30,66,1.4056486968432185,1122.413420123906,-67.2256836481528,0.66853044333626,0.6312783552573265,1,-21.489662363172364
geometry_control,20,92,30,71,1.4363363995668261,1178.0097298187973,-100.03191583855198,0.7053093938349432,0.6312783552573265,1,-23.27075096128084
geometry_control,20,93,31,60,1.4603833153671382,1001.0012826061871,-35.5824582436488,0.5310312542548468,0.6312783552573265,0,18.796246487708913
geometry_control,20,94,31,66,1.4868916088105226,760.6319565606111,-69.82830434639335,0.524904198646876,0.6312783552573265,0,-18.624819778366913
geometry_control,20,95,31,67,1.392660360963325,1061.363543829854,-73.74552417145684,0.4639982978008048,0.6312783552573265,0,7.625963873718931
geometry_control,20,96,32,61,1.4532113505353323,1236.3939870002553,-56.73970267682103,0.610401609538654,0.6312783552573265,0,73.41600502537148
geometry_control,20,97,32,67,1.474130816983689,897.5751171431599,-92.08349125309311,0.6509431666400158,0.6312783552573265,1,91.65409224573622
geometry_control,20,98,32,68,1.426315517219004,1173.386412294887,-44.5152918928657,0.7098988799440584,0.6312783552573265,1,22.3738082063807
geometry_control,20,99,33,62,1.4724438091439795,1072.642835918875,-34.996534650524936,0.7802398946441931,0.6312783552573265,1,90.48784013331561
geometry_control,20,100,33,68,1.3786202263966547,957.278140530215,-67.0101735168536,0.8268734600475358,0.6312783552573265,1,19.659173151228565
geometry_control,20,101,33,69,1.4961273207989454,949.3229891382242,-74.74147558015376,0.8722529028476413,0.6312783552573265,1,127.81640881779495
geometry_control,20,102,34,63,1.5040978475752855,669.0533225427681,-99.69146032665955,0.6043303194745157,0.6312783552573265,0,-44.033396212023256
geometry_control,20,103,34,69,1.4891694333419965,820.7586038935042,-87.6357953737891,0.6244740010419322,0.6312783552573265,0,54.512212827277665
geometry_control,20,104,34,70,1.3947236898514626,930.2693423136342,-89.2415225049592,0.5280307208176459,0.6312783552573265,0,5.603230861111072
geometry_control,20,105,35,64,1.4672970427720102,827.4361677571441,-57.54269367470864,0.5116268462117144,0.6312783552573265,0,-17.073065882170855
geometry_control,20,106,35,70,1.4715779301356502,934.7971812671874,-73.03512053817505,0.5645692162274166,0.6312783552573265,0,-8.898399549513115
geometry_control,20,107,35,71,1.4039679464429167,1070.7118622223707,-76.78591817086601,0.6543621916923091,0.6312783552573265,1,-38.82082463079778
geometry_control,6,0,0,36,1.512807542241714,-256.2016586006757,-94.32052697934259,0.6801796833439864,0.6247647472174609,1,-77.22588122133214
geometry_control,6,1,0,41,1.3980260636793633,733.2810289553784,41.12987586470926,0.49776977178239096,0.6247647472174609,0,-41.506236317976345
geometry_control,6,2,0,71,1.4479451898230502,484.87072084168426,26.86910616483245,0.5113777937450756,0.6247647472174609,0,-36.462651801120984
geometry_control,6,3,1,36,1.3368541909021847,-93.7096501835284,-70.89106173641399,0.764327167405459,0.6247647472174609,1,-106.93622058587337
geometry_control,6,4,1,37,1.4676871675821794,446.0941201576456,5.373655200626243,0.7676855810811194,0.6247647472174609,1,21.75858378093791
geometry_control,6,5,1,66,1.4895188235436283,407.79946652298673,-1.667828761043183,0.6231368131643295,0.6247647472174609,0,59.03907433881386
geometry_control,6,6,2,37,1.407602352404,824.8432569137588,52.125684305200174,0.7623770467840645,0.6247647472174609,1,4.639822884960353
geometry_control,6,7,2,38,1.4089936063053474,804.539890156359,31.156625752292445,0.6196553476332521,0.6247647472174609,0,-51.60893043193634
geometry_control,6,8,2,67,1.409097238737353,977.732351434529,54.89778229121338,0.6692467208398651,0.6247647472174609,1,-41.563473064486296
geometry_control,6,9,3,38,1.31106449947521,-540.2987049725903,-82.78235655252526,0.44148316730638476,0.6247647472174609,0,-151.83318711487848
geometry_control,6,10,3,39,1.3988345383515939,836.1464332239464,12.779740898498291,0.4565190368280546,0.6247647472174609,0,-58.31846832588296
geometry_control,6,11,3,68,1.456379939488702,512.8944715415427,22.956978792711237,0.4953766803552862,0.6247647472174609,0,-93.4570831712623
geometry_control,6,12,4,39,1.4304908949047501,995.303866916282,44.558141234770055,0.61453957353488,0.6247647472174609,0,-2.7694999700267573
geometry_control,6,13,4,40,1.4573602841247348,824.2281057087235,25.391275953754935,0.6063025282993284,0.6247647472174609,0,26.61478735701266
geometry_control,6,14,4,69,1.4426351545184186,714.0036044150602,16.25586852930047,0.6070780019213196,0.6247647472174609,0,27.336893972042304
geometry_control,6,15,5,40,1.482806270524472,439.69943101205513,5.069047858621448,0.4540487038768699,0.6247647472174609,0,9.636624096791074
geometry_control,6,16,5,41,1.4683657022481278,573.1015191918001,54.193876009183796,0.4042032535043081,0.6247647472174609,0,-42.4243211100159
geometry_control,6,17,5,70,1.3400064190985024,102.56486402668396,17.59510860079231,0.4067468205726289,0.6247647472174609,0,-83.21130274567196
geometry_control,6,18,6,41,1.408039849738852,494.1527546791502,-1.7754282287582925,0.5461960392843749,0.6247647472174609,0,-32.836572232375644
geometry_control,6,19,6,42,1.4418386972901165,722.8834662635694,35.3285240499458,0.6314247729974851,0.6247647472174609,1,-18.849289157018504
geometry_control,6,20,6,47,1.4532042562822578,654.5872055161626,22.018003140876193,0.6217264642504456,0.6247647472174609,0,15.372233112556742
geometry_control,6,21,7,36,1.3503225166810224,252.82215227983895,-63.00562660643581,0.6758618544211816,0.6247647472174609,1,-134.4670415766884
geometry_control,6,22,7,42,1.3891898076777023,669.8263672533744,-54.14530297706029,0.5786806765726966,0.6247647472174609,0,-93.69475090647133
geometry_control,6,23,7,43,1.486197240791876,462.93978238735235,14.472373370119293,0.5820001265314578,0.6247647472174609,0,-58.03965069588062
geometry_control,6,24,8,37,1.4356560500869449,805.1063334746563,30.046292699906967,0.6422847915485226,0.6247647472174609,1,-61.39780694325684
geometry_control,6,25,8,43,1.4660196517225863,660.4199166390721,-14.97273976479991,0.5450646499831383,0.6247647472174609,0,-64.94875469682695
geometry_control,6,26,8,44,1.397948557628855,721.3879349687054,9.033872440434472,0.5249856153871619,0.6247647472174609,0,-79.1358447891173
geometry_control,6,27,9,38,1.4829563837218505,478.95963106961295,34.324755365077664,0.5636082148301811,0.6247647472174609,0,-57.28840506848557
geometry_control,6,28,9,44,1.4359840414582226,792.7116590349133,18.729394842182167,0.5890307378196329,0.6247647472174609,0,-23.23926222494764
geometry_control,6,29,9,45,1.4758068530559516,801.6493179225879,-1.4750625448706514,0.6057082891343234,0.6247647472174609,0,-50.893317966317795
geometry_control,6,30,10,39,1.4787917995816042,759.5788388734144,33.035926244296995,0.6410082700980888,0.6247647472174609,1,-15.622897317817468
geometry_control,6,31,10,45,1.4008792418464744,809.5370280059518,-7.6847516122960915,0.6680724748805613,0.6247647472174609,1,-59.02193734379572
geometry_control,6,32,10,46,1.4882454706764272,556.0280638258026,69.58686179706883,0.5882095538958241,0.6247647472174609,0,-16.476477497626874
geometry_control,6,33,11,40,1.4605736530922442,713.2586949668197,32.06436386028285,0.4798156730546338,0.6247647472174609,0,9.202558984408903
geometry_control,6,34,11,46,1.3873164073563882,648.1061033396796,67.49487951429394,0.4352540020879205,0.6247647472174609,0,-4.8413305089469745
geometry_control,6,35,11,47,1.4436925964536929,783.93065895282,0.8867634659588363,0.5055006476481427,0.6247647472174609,0,7.497088502001219
geometry_control,6,36,12,47,1.480112320283898,599.6917391713013,13.269682950057259,0.6226762957458918,0.6247647472174609,0,24.517221075993362
geometry_control,6,37,12,48,1.4812090871162047,784.255059204561,38.88795181808332,0.5991693791622879,0.6247647472174609,0,-5.7378488860503865
geometry_control,6,38,12,53,1.3194153794071812,-568.0670193697476,-86.86939242987145,0.5068055217152009,0.6247647472174609,0,-36.081401222550824
geometry_control,6,39,13,42,1.397917782024214,1001.5096772887753,18.145901786147924,0.7140382119382784,0.6247647472174609,1,-73.0372622713189
geometry_control,6,40,13,48,1.4715083994397427,646.2225431165689,3.1263872257340055,0.680832986607635,0.6247647472174609,1,-35.150673380874025
geometry_control,6,41,13,49,1.4419089529102878,712.3443846482545,62.14941855192017,0.8934968924172069,0.6247647472174609,1,-20.986585589493277
geometry_control,6,42,14,43,1.4265695169861161,721.2679775881002,-1.1026666036922372,0.493429955329871,0.6247647472174609,0,-43.12732840430289
geometry_control,6,43,14,49,1.3207089036908124,-434.7137483222426,8.191289990954095,0.6695691858500381,0.6247647472174609,1,-72.26086361411477
geometry_control,6,44,14,50,1.4578976812396982,601.8560603092232,5.908720085953758,0.7885864742838496,0.6247647472174609,1,1.140092965589666
geometry_control,6,45,15,44,1.3602829853449783,308.2441037058075,-7.147978995634841,0.5015037094822168,0.6247647472174609,0,-46.15474098270506
geometry_control,6,46,15,50,1.4756196545175349,727.460457271621,31.286857230608415,0.8167392630321717,0.6247647472174609,1,25.888462599001883
geometry_control,6,47,15,51,1.4377228773527535,923.422207468908,37.44986153158727,0.48445542686495074,0.6247647472174609,0,-25.528544046810378
geometry_control,6,48,16,45,1.4223240971496969,714.5571338403607,51.73461514566796,0.4738007576230987,0.6247647472174609,0,-66.92743211968696
geometry_control,6,49,16,51,1.415942312609071,845.3572913104397,16.958626074961764,0.4400749236911421,0.6247647472174609,0,-74.72008731293049
geometry_control,6,50,16,52,1.344274885526911,69.85162216648033,55.24320776273564,0.39603063615985107,0.6247647472174609,0,-84.87734502975381
geometry_control,6,51,17,46,1.450833774634021,1006.5934268276388,39.017402339827846,0.48012677760873285,0.6247647472174609,0,-39.70317990984455
geometry_control,6,52,17,52,1.39512949257262,856.9384118963699,41.83480001270838,0.4822195771302225,0.6247647472174609,0,-87.80039346235048
geometry_control,6,53,17,53,1.4224028063041598,714.6014682247355,-6.189191446264685,0.4345026491382642,0.6247647472174609,0,-37.82596339435925
geometry_control,6,54,18,53,1.435024321415325,763.0410240596475,13.763902602310448,0.4554180081613153,0.6247647472174609,0,-1.6348620063362773
geometry_control,6,55,18,54,1.4238616492936855,821.0533677840788,24.24089637544157,0.6105366277427693,0.6247647472174609,0,-66.67482711828234
geometry_control,6,56,18,59,1.463673126969416,640.7662435263702,15.274001251128016,0.4815824210468169,0.6247647472174609,0,-56.404707995523225
geometry_control,6,57,19,48,1.4336382420139828,896.8715027942109,25.02384938691602,0.5413354754734252,0.6247647472174609,0,-50.547663557969294
geometry_control,6,58,19,54,1.4065661168710433,719.8676142988922,51.16118808340139,0.6040902376077921,0.6247647472174609,0,-104.28195908748032
geometry_control,6,59,19,55,1.3768596462504485,515.144101485965,37.56810375568408,0.49310489109004263,0.6247647472174609,0,-119.89536330267912
geometry_control,6,60,20,49,1.4270843638198272,1038.6936889279705,44.20415062143554,0.7670571421304376,0.6247647472174609,1,-58.24534188294551
geometry_control,6,61,20,55,1.3812144462363012,636.9243695875999,29.723399310426462,0.5061626519374832,0.6247647472174609,0,-103.7309653907891
geometry_control,6,62,20,56,1.3978858485772656,808.7830727393814,55.88906677818071,0.539359984686421,0.6247647472174609,0,-67.38462184333002
geometry_control,6,63,21,50,1.397960504732151,952.7557346577053,16.039046958983022,0.8474986920885056,0.6247647472174609,1,31.626776659590234
geometry_control,6,64,21,56,1.4816590616098297,530.0896536203664,-13.9337354340445,0.5007842462106774,0.6247647472174609,0,38.840505630977376
geometry_control,6,65,21,57,1.4799537482967047,777.8627669984453,-26.61750771315868,0.4727440924298611,0.6247647472174609,0,10.164658958688655
geometry_control,6,66,22,51,1.4442117896862225,741.4584351847731,33.62295475201195,0.4612102823463333,0.6247647472174609,0,-38.717281222621615
geometry_control,6,67,22,57,1.4664342599864268,721.4186889222358,17.729298177366676,0.41873951885490984,0.6247647472174609,0,-18.879882821821436
geometry_control,6,68,22,58,1.3690656837708408,473.3964653502482,11.457839694140445,0.4258810361604191,0.6247647472174609,0,-46.317435051144166
geometry_control,6,69,23,52,1.4912279101071433,423.13227829763827,36.66521790831903,0.4321758664652127,0.6247647472174609,0,-75.87859727851117
geometry_control,6,70,23,58,1.4542985560525066,821.9714147270485,24.90471869721756,0.44089090781058954,0.6247647472174609,0,-32.49337605013596
geometry_control,6,71,23,59,1.3809159875494637,571.011566899871,52.466557726465666,0.41062335135875605,0.6247647472174609,0,-79.23405273950854
geometry_control,6,72,24,59,1.3861870292596297,616.2960842383741,5.210516809886552,0.39412835305360017,0.6247647472174609,0,-93.79508048961199
geometry_control,6,73,24,60,1.4111920707668226,1006.8702191691576,58.349202139272386,0.5279030299046265,0.6247647472174609,0,-63.2671902751035
geometry_control,6,74,24,65,1.4859828262842856,729.4461056388362,10.414717445477635,0.5070853559232148,0.6247647472174609,0,-65.22881430981099
geometry_control,6,75,25,54,1.3674406621726005,526.0956691287969,20.940576574672566,0.5819769661414089,0.6247647472174609,0,-122.59264396322897
geometry_control,6,76,25,60,1.466955238260029,465.6002273680216,7.98242636915544,0.586797436296483,0.6247647472174609,0,-99.37135198168913
geometry_control,6,77,25,61,1.3262199524890337,-388.51227312269987,7.931964528693228,0.5247649129407055,0.6247647472174609,0,-171.8392081675911
geometry_control,6,78,26,55,1.494487326181354,265.9965597003987,2.3800666075005394,0.401520331010629,0.6247647472174609,0,-181.1560390540951
geometry_control,6,79,26,61,1.3934355123710542,718.4300737724603,11.577086493696633,0.455293624327675,0.6247647472174609,0,-135.79044190857894
geometry_control,6,80,26,62,1.3651163352946603,376.7486539184483,0.7787665231073979,0.4634641697386558,0.6247647472174609,0,-10.641162660329456
geometry_control,6,81,27,56,1.4510156660016351,986.8610406287684,-2.243733481554246,0.5365804391597644,0.6247647472174609,0,-4.841310637828059
geometry_control,6,82,27,62,1.388233981835233,564.1147053807227,14.92493697576593,0.5653269451388534,0.6247647472174609,0,-64.05429963505978
geometry_control,6,83,27,63,1.4763194850363341,448.1813015342872,-25.976762980158234,0.494641637960505,0.6247647472174609,0,-31.1314137048
geometry_control,6,84,28,57,1.4275298437884563,1080.2231874743045,25.813083084551266,0.8581536312931806,0.6247647472174609,1,54.774932902588006
geometry_control,6,85,28,63,1.4137767677796482,753.9769011887423,27.240561348387395,0.8442549838747374,0.6247647472174609,1,25.377669370449055
geometry_control,6,86,28,64,1.4522954268323225,647.2950157692455,69.64160852767812,0.8779874234220916,0.6247647472174609,1,57.62444949132052
geometry_control,6,87,29,58,1.4491530559997359,856.7360059951884,8.331024497864995,0.468630025419472,0.6247647472174609,0,-34.41192774323986
geometry_control,6,88,29,64,1.4323299101795677,837.1625431209027,23.11288448033802,0.4813223002428738,0.6247647472174609,0,-29.669276217551257
geometry_control,6,89,29,65,1.410226190605933,773.1216251126198,7.5290462328592955,0.5513194718372532,0.6247647472174609,0,-45.413383974018515
geometry_control,6,90,30,65,1.372758835880856,600.808561000022,-19.16452540373606,0.5329537619234137,0.6247647472174609,0,-77.74478733713596
geometry_control,6,91,30,66,1.4596316717278746,672.7943463953796,-1.3351197522903837,0.47539225255338347,0.6247647472174609,0,-40.51554630955988
geometry_control,6,92,30,71,1.4217443437784136,684.3724004381926,12.257194931231465,0.4477807171956023,0.6247647472174609,0,-83.18217366169557
geometry_control,6,93,31,60,1.4280590410291127,847.5490145420699,39.032926017657786,0.5806468384080421,0.6247647472174609,0,-5.098785173139554
geometry_control,6,94,31,66,1.425701598520152,838.7871073445493,26.690537081080183,0.5022676550566002,0.6247647472174609,0,1.3030619169448059
geometry_control,6,95,31,67,1.4275913768320054,699.3016751575103,48.27505417583126,0.5536860970291908,0.6247647472174609,0,0.32745366708695656
geometry_control,6,96,32,61,1.4625617539369167,634.3239431863165,-1.6191173010271371,0.5176253553167767,0.6247647472174609,0,-134.8104049249573
geometry_control,6,97,32,67,1.4400982265498263,815.6276737986767,23.9397747230451,0.5526971372937028,0.6247647472174609,0,-97.4457238553084
geometry_control,6,98,32,68,1.339894564477318,-120.98292874536287,-9.329396916943864,0.5569992771359913,0.6247647472174609,0,-140.05585334763435
geometry_control,6,99,33,62,1.4327602065267253,761.1247264973049,17.60097088362853,0.6200197747413692,0.6247647472174609,0,-52.065339648655
geometry_control,6,100,33,68,1.4166469526286936,873.9347833196957,53.64647294685279,0.6512231511496032,0.6247647472174609,1,-99.92906542832384
geometry_control,6,101,33,69,1.4893149490167876,383.0285653070512,29.655472905865487,0.6049039360088111,0.6247647472174609,0,-29.055745725592764
geometry_control,6,102,34,63,1.4164759061844763,870.6659204211869,30.757738904925674,0.4328491824500777,0.6247647472174609,0,-57.87421956463517
geometry_control,6,103,34,69,1.4474526207256062,749.8364272543623,10.010556425777851,0.48841865089586806,0.6247647472174609,0,-7.307764916573518
geometry_control,6,104,34,70,1.4614241382681945,710.6084503593921,10.689301401355088,0.44034129396963595,0.6247647472174609,0,-44.25465651203859
geometry_control,6,105,35,64,1.483597669879744,486.12062228798254,12.326052509808761,0.6338015709147788,0.6247647472174609,1,-33.16267516881866
geometry_control,6,106,35,70,1.4268039629928706,822.3907634313276,52.194471620741865,0.6075612428869829,0.6247647472174609,0,-64.20843237421957
geometry_control,6,107,35,71,1.3990196091017715,861.0326517353491,28.39935663444671,0.6186256977813467,0.6247647472174609,0,-69.86419175885258
geometry_control,203,0,0,36,1.4139393697617595,891.3044817973536,-4.266203054901745,0.5214412699107045,0.6240620610128763,0,-51.38002706562355
geometry_control,203,1,0,41,1.3931206645434526,948.8012164229433,-14.532546136280809,0.47221559967885257,0.6240620610128763,0,-81.44570198138086
geometry_control,203,2,0,71,1.4166507112839335,1091.7850321483552,-16.982664797260266,0.4237194744795464,0.6240620610128763,0,-20.230837191219564
geometry_control,203,3,1,36,1.451875188827167,858.5145080953685,-4.668133522655493,0.48843711262719136,0.6240620610128763,0,-44.43757818679293
geometry_control,203,4,1,37,1.3941923625063835,876.0938621631556,-31.06967393889832,0.4341641513663814,0.6240620610128763,0,-84.77026693348822
geometry_control,203,5,1,66,1.4784040646223675,778.0618902419136,37.73264473049908,0.4664150251864325,0.6240620610128763,0,-20.222028917285613
geometry_control,203,6,2,37,1.3754129235854633,788.098382879661,8.2014294224068,0.45726148307278014,0.6240620610128763,0,-103.38625239585863
geometry_control,203,7,2,38,1.4637738422214768,1028.3075437110901,-8.52887438138629,0.4438913538406619,0.6240620610128763,0,-105.2039388265726
geometry_control,203,8,2,67,1.4182934286246207,1146.7259999845755,-15.028170684343706,0.5503056516349634,0.6240620610128763,0,-43.53205356742967
geometry_control,203,9,3,38,1.3725457553870497,800.8010127675202,-12.861153904217101,0.4748726962268426,0.6240620610128763,0,-95.14153403553894
geometry_control,203,10,3,39,1.4352767031212048,813.4392133792892,-10.305333190587529,0.6238528184731184,0.6240620610128763,0,-19.399899433929306
geometry_control,203,11,3,68,1.3829347220792416,945.6599071627876,-44.13891605312669,0.5185989365600981,0.6240620610128763,0,-51.90119526499301
geometry_control,203,12,4,39,1.4350305675399686,949.0921404982054,-27.44546483779822,0.6600780592982285,0.6240620610128763,1,8.47971901473985
geometry_control,203,13,4,40,1.4624681734234721,1025.6634046099794,-23.083721211458347,0.5377760121945585,0.6240620610128763,0,6.37211829262197
geometry_control,203,14,4,69,1.4527147089291867,1172.9642881503798,-9.490507042539113,0.5599980786981515,0.6240620610128763,0,2.358400845249946
geometry_control,203,15,5,40,1.3890231646544415,823.7024019269106,-29.166347208022568,0.48905866525946096,0.6240620610128763,0,-40.646225650205324
geometry_control,203,16,5,41,1.396600024249873,954.7382509550368,-51.37955010733132,0.4807980103779313,0.6240620610128763,0,-47.0481646357237
geometry_control,203,17,5,70,1.4569002447474881,933.9235468622991,-29.019573147041914,0.5254203647765832,0.6240620610128763,0,-17.487340448975626
geometry_control,203,18,6,41,1.4332414859939746,1001.3453661788317,-47.710752052943455,0.6158220150568818,0.6240620610128763,0,-57.970731873739645
geometry_control,203,19,6,42,1.391157577586656,1077.9342126876816,-28.545944368120196,0.7717741571853867,0.6240620610128763,1,-50.83168551872916
geometry_control,203,20,6,47,1.430196133340986,1177.6112741465397,-41.03681110291181,0.7621371251871261,0.6240620610128763,1,1.9992817057017689
geometry_control,203,21,7,36,1.4026233507270818,1095.5975340375805,7.590127715294777,0.560117088388026,0.6240620610128763,0,-73.93576962323601
geometry_control,203,22,7,42,1.4382060073696628,1005.4030697283762,-13.676810586331161,0.666843560284679,0.6240620610128763,1,-76.77104898266906
geometry_control,203,23,7,43,1.4177250681488023,955.5914665661592,-0.7583981193490172,0.6411627889852534,0.6240620610128763,1,-50.25652783688625
geometry_control,203,24,8,37,1.506333426964476,396.67860365895984,-12.894431895079652,0.4765123315507446,0.6240620610128763,0,-71.05513448815285
geometry_control,203,25,8,43,1.4057245601636486,1076.2825155690803,-24.17193755737774,0.6118309934087818,0.6240620610128763,0,14.93727364749433
geometry_control,203,26,8,44,1.4437413775934504,1222.050957543424,-44.37173009948347,0.5249417757550929,0.6240620610128763,0,-7.212910279164454
geometry_control,203,27,9,38,1.3881322148271469,883.4861829828357,-24.97814874496334,0.3949553465865407,0.6240620610128763,0,-63.10674203083026
geometry_control,203,28,9,44,1.4018171800972192,890.2918223584339,-23.379106102900693,0.4567549200230072,0.6240620610128763,0,-40.13690354105919
geometry_control,203,29,9,45,1.4138695690077545,1037.1006479919827,-5.242790905759176,0.435796431156266,0.6240620610128763,0,-47.665820948431865
geometry_control,203,30,10,39,1.4300508094238935,1235.5769962853506,-9.50721397775744,0.5844123014932966,0.6240620610128763,0,-11.630184117083775
geometry_control,203,31,10,45,1.4394065109802423,980.0869939629143,-23.45826698496227,0.4762732638167462,0.6240620610128763,0,-32.86315666790207
geometry_control,203,32,10,46,1.4406600715260156,958.3374291656996,33.9481565287016,0.5733577262215819,0.6240620610128763,0,20.161590314115635
geometry_control,203,33,11,40,1.495849199003342,564.6158055610509,-23.799163401340376,0.564362411028091,0.6240620610128763,0,-11.00571209000677
geometry_control,203,34,11,46,1.4415030636596076,894.989941528468,-6.035320395823367,0.6756098828600463,0.6240620610128763,1,36.136613047506735
geometry_control,203,35,11,47,1.3815737983683152,1012.2513853094719,-21.93589135721363,0.7024168662768056,0.6240620610128763,1,-35.04319086731485
geometry_control,203,36,12,47,1.4964173427155596,514.4724118948585,-10.829840905255933,0.5213643231791205,0.6240620610128763,0,-60.51210976536383
geometry_control,203,37,12,48,1.4367205516597172,893.8756324331983,-2.391580290133712,0.5357786257273911,0.6240620610128763,0,-64.4328077199055
geometry_control,203,38,12,53,1.3745727221481323,766.2033802120665,-6.170710048912959,0.40131646464763204,0.6240620610128763,0,-67.24427670126312
geometry_control,203,39,13,42,1.341561772302425,96.61471963844659,-89.60236013884963,0.5830267884117142,0.6240620610128763,0,-136.43901094102765
geometry_control,203,40,13,48,1.3215882077570944,-404.3925723029672,-63.82009332435369,0.5878040589617239,0.6240620610128763,0,-102.14361297498155
geometry_control,203,41,13,49,1.4201359343488975,913.8755807125959,-60.49123137449218,0.44872465574833725,0.6240620610128763,0,-100.9615745775254
geometry_control,203,42,14,43,1.3883538723918916,827.9507835724859,20.52482161801905,0.744704675482466,0.6240620610128763,1,-33.4246264825105
geometry_control,203,43,14,49,1.4213175998603595,1075.2379536736348,-19.952941565054516,0.6360833141185147,0.6240620610128763,1,-44.499257612057
geometry_control,203,44,14,50,1.4468311081428409,1261.6709052104266,-44.76533194056051,0.6707002283930263,0.6240620610128763,1,-27.900099929390663
geometry_control,203,45,15,44,1.4470962679211528,1008.9056583788342,-28.74399013823397,0.5197914545506698,0.6240620610128763,0,-45.42987047718891
geometry_control,203,46,15,50,1.4460314145565758,964.007618786277,-30.58349739930545,0.5326762251149191,0.6240620610128763,0,-58.610143687415395
geometry_control,203,47,15,51,1.3892162801090473,843.86088205964,-40.20397922908325,0.45138450373285754,0.6240620610128763,0,-50.63169629393059
geometry_control,203,48,16,45,1.4473483852473683,914.1003177139713,-24.990561547944893,0.47631616031071267,0.6240620610128763,0,-56.68013418540614
geometry_control,203,49,16,51,1.3842220842977415,800.9973178008804,-12.406532385155092,0.42886769835964167,0.6240620610128763,0,-54.53752139477166
geometry_control,203,50,16,52,1.43614012047294,947.3796142325266,-27.8096127093561,0.478683517814265,0.6240620610128763,0,-38.57545615373685
geometry_control,203,51,17,46,1.4051845153026996,1063.9378134447898,27.960089912317848,0.8861871759182525,0.6240620610128763,1,46.95205134100336
geometry_control,203,52,17,52,1.4989167232624225,479.61045665916294,-24.359927665505445,0.7914700710169691,0.6240620610128763,1,-1.4948750004591673
geometry_control,203,53,17,53,1.4500418392100236,1232.6385352255998,-8.31990610974294,0.7929463008035232,0.6240620610128763,1,24.23025979772897
geometry_control,203,54,18,53,1.5227448556343297,188.13861022950806,4.426624073039194,0.5091913591190614,0.6240620610128763,0,-30.41710518282478
geometry_control,203,55,18,54,1.3953048179524747,786.3550642212385,-13.491475870989603,0.562967790370464,0.6240620610128763,0,25.955780900065683
geometry_control,203,56,18,59,1.4812616699478427,852.8477130370707,23.50157850211605,0.6198130759754641,0.6240620610128763,0,-62.17902287920393
geometry_control,203,57,19,48,1.493298637427794,753.2050870294634,-23.249755195814977,0.7364473089970043,0.6240620610128763,1,-92.74369987489959
geometry_control,203,58,19,54,1.3308750278520105,-55.201722201218104,-27.00232199795037,0.6557615791686477,0.6240620610128763,1,-33.67252054117982
geometry_control,203,59,19,55,1.4189154961136752,1415.226025881178,-28.431587736211032,0.6751403411031307,0.6240620610128763,1,-33.7575047908459
geometry_control,203,60,20,49,1.4104772986460055,1144.1408479786548,-27.382868410558153,0.5832336126024463,0.6240620610128763,0,-4.867282367214976
geometry_control,203,61,20,55,1.4387999527498743,1024.7728617374164,-15.476449652273333,0.6610060479219595,0.6240620610128763,1,-20.776152343860893
geometry_control,203,62,20,56,1.4751554767225539,834.6599648687361,-9.88652592379426,0.6128688248063755,0.6240620610128763,0,-21.602616402513004
geometry_control,203,63,21,50,1.3805352392519168,800.7289570974644,-5.840014861845945,0.5754939286486169,0.6240620610128763,0,-39.24986873192865
geometry_control,203,64,21,56,1.44755385402009,1151.0303385553204,-13.573955423966437,0.5705122265780345,0.6240620610128763,0,-43.04991533401049
geometry_control,203,65,21,57,1.4614774376596267,849.6509135267281,-19.946646746182015,0.5339129218868173,0.6240620610128763,0,-59.357065922492
geometry_control,203,66,22,51,1.3998424584763134,873.8437204069355,-35.46093977204137,0.430238753985174,0.6240620610128763,0,-52.364084459950014
geometry_control,203,67,22,57,1.4093492648014458,1086.3911907903937,-45.360289702753626,0.46994946860543596,0.6240620610128763,0,-87.69359422305061
geometry_control,203,68,22,58,1.447986325861014,1030.6270943387185,-13.547254925346223,0.5012854742498684,0.6240620610128763,0,-73.51126810987847
geometry_control,203,69,23,52,1.4341197718591014,1122.087699439423,-7.48033278824593,0.5123481874269878,0.6240620610128763,0,-16.61686497167623
geometry_control,203,70,23,58,1.4340266617148005,1060.1133066512662,-18.818692803522683,0.5335790882370588,0.6240620610128763,0,-30.399120048872682
geometry_control,203,71,23,59,1.4249831251115659,906.9977093995354,-12.99392993856132,0.6244461340699445,0.6240620610128763,1,-7.0006858851590295
geometry_control,203,72,24,59,1.419566780433998,1037.8017152494187,12.184671108159112,0.6781836349676396,0.6240620610128763,1,-12.821501894785825
geometry_control,203,73,24,60,1.4024182221373271,1343.0546707790297,-11.196607200849341,0.7266553680476892,0.6240620610128763,1,-1.074152381207007
geometry_control,203,74,24,65,1.4280073134381455,934.6518108240007,-7.347874859223964,0.5152223494388787,0.6240620610128763,0,-74.14702598168299
geometry_control,203,75,25,54,1.395910060373722,837.9084889061811,8.405268605189555,0.5498667125886232,0.6240620610128763,0,-49.39633490884118
geometry_control,203,76,25,60,1.4658882535414208,827.3879329774404,-26.52619492136659,0.6551837312736728,0.6240620610128763,1,-28.216196103819367
geometry_control,203,77,25,61,1.4170949802689699,951.9073184483522,-39.111308578822204,0.4890444491405539,0.6240620610128763,0,-96.16185676917914
geometry_control,203,78,26,55,1.397981651991643,1015.2755647370544,-24.54030472018556,0.5274854746057507,0.6240620610128763,0,-74.4246837213777
geometry_control,203,79,26,61,1.362333052933221,531.5225958401537,-6.815258346452964,0.44728444922319843,0.6240620610128763,0,-105.8238695912363
geometry_control,203,80,26,62,1.4773008174540498,866.4512590616679,-20.499769085682974,0.618797169693194,0.6240620610128763,0,-41.715095835612594
geometry_control,203,81,27,56,1.4419000516097646,1014.6643009348395,-13.101896889144738,0.5026046686598474,0.6240620610128763,0,-36.965550475046214
geometry_control,203,82,27,62,1.4287353353257062,1096.3697564482445,-18.442289625701854,0.6420535868628747,0.6240620610128763,1,-24.428965010373346
geometry_control,203,83,27,63,1.3915069653896068,1350.697792665248,-15.402320245964559,0.6579344202056226,0.6240620610128763,1,-54.25561657939345
geometry_control,203,84,28,57,1.371099344718443,716.2740459306145,4.951812157535422,0.42894561556445354,0.6240620610128763,0,-90.95486338321797
geometry_control,203,85,28,63,1.401579754128577,1024.3298299712076,6.2543021288330065,0.620874671801446,0.6240620610128763,0,-62.95050456741321
geometry_control,203,86,28,64,1.4811479983025337,865.9111440792606,7.24119644756762,0.46993441612643055,0.6240620610128763,0,-58.54875112377844
geometry_control,203,87,29,58,1.3972119247625052,956.3403639768794,-16.310774656621625,0.5239699316826885,0.6240620610128763,0,-76.7406461216635
geometry_control,203,88,29,64,1.4475820424790673,1098.723879929167,-18.637453651173537,0.533622726600233,0.6240620610128763,0,-56.681844223770725
geometry_control,203,89,29,65,1.3765515419186003,607.4006240859927,24.1387680016161,0.45187569198681343,0.6240620610128763,0,-106.14459492283387
geometry_control,203,90,30,65,1.3856481697193015,838.6267056884445,17.245477315352495,0.46684976672929784,0.6240620610128763,0,-64.70136335111337
geometry_control,203,91,30,66,1.4554616205296569,861.668133944617,-8.36670322768418,0.5201256665939935,0.6240620610128763,0,-36.37422768083413
geometry_control,203,92,30,71,1.5049335649674283,544.9630408961928,18.683183479876945,0.44442595860359424,0.6240620610128763,0,-95.32771362887162
geometry_control,203,93,31,60,1.4772447585697428,812.0683639559611,15.04119638738697,0.7717251180703663,0.6240620610128763,1,-10.711541457232528
geometry_control,203,94,31,66,1.44167576159425,1063.6477518001477,-48.29215683892927,0.6135679993262515,0.6240620610128763,0,-24.361064515359978
geometry_control,203,95,31,67,1.3152688232750522,-361.23452690398534,-69.05627410196875,0.6743612940683836,0.6240620610128763,1,-64.10153243513871
geometry_control,203,96,32,61,1.4697360521495229,825.3069489274596,-35.52254008453532,0.6254831768050872,0.6240620610128763,1,-44.42803777193214
geometry_control,203,97,32,67,1.403439183598058,847.596193619341,-42.75604050215269,0.6942586349362234,0.6240620610128763,1,6.11416414146953
geometry_control,203,98,32,68,1.4508414199822681,1337.7945659651114,-41.95955973374368,0.6315705774751775,0.6240620610128763,1,-36.685657257448234
geometry_control,203,99,33,62,1.4009633079020236,1265.235970960217,-34.71398907785469,0.61512402007432,0.6240620610128763,0,-58.71752205667058
geometry_control,203,100,33,68,1.4877471348224043,683.0469227446973,-20.89429359848264,0.44969870027441494,0.6240620610128763,0,-61.388455778046406
geometry_control,203,101,33,69,1.4153528564923208,1003.1716976585781,-30.36038042672081,0.45487260158735826,0.6240620610128763,0,-51.42226686101398
geometry_control,203,102,34,63,1.469027757391157,917.6459638801664,-6.386038164690098,0.662043476096672,0.6240620610128763,1,-35.42165563936646
geometry_control,203,103,34,69,1.3708579558542096,728.4037784381352,-7.5371167273118065,0.4859112242669623,0.6240620610128763,0,-46.560343305554504
geometry_control,203,104,34,70,1.4878793099880259,733.8068835981824,3.943658427241356,0.5000508572804916,0.6240620610128763,0,-20.01061430462914
geometry_control,203,105,35,64,1.3955445382601055,888.5975204841235,-24.933727189672073,0.45484564387603954,0.6240620610128763,0,-61.35070297864094
geometry_control,203,106,35,70,1.4426688103495022,795.3003678135532,-3.8918686208107958,0.44379328073487445,0.6240620610128763,0,-24.983898237754932
geometry_control,203,107,35,71,1.3349269913793924,169.52941655148967,11.520961246200383,0.3506748011369164,0.6240620610128763,0,-94.40636862833844
bond_length_control,94,0,0,36,1.3910826091423445,855.4704186252884,24.115266981261236,0.4580140263168095,0.5688657452044369,0,2.37168876994412
bond_length_control,94,1,0,41,1.4226454570369447,1203.9847919740257,-18.159731400178075,0.5268048783469237,0.5688657452044369,0,-2.1092861438143995
bond_length_control,94,2,0,71,1.4972993441168152,725.2194793780516,28.40484017159536,0.5575414132735196,0.5688657452044369,0,-24.068910284114274
bond_length_control,94,3,1,36,1.3733004800723627,587.780071324929,2.358378190265617,0.4069515158500775,0.5688657452044369,0,3.70926383808486
bond_length_control,94,4,1,37,1.4205248973080284,1360.6828287518672,52.19482921247856,0.4755205796227978,0.5688657452044369,0,-1.7218946915132234
bond_length_control,94,5,1,66,1.5862276990373492,-818.2929406113848,-52.10915505618942,0.4444778341422864,0.5688657452044369,0,-72.96369557749506
bond_length_control,94,6,2,37,1.5110807960941954,499.70633959013,-0.05405322118524512,0.5251291887739635,0.5688657452044369,0,-29.965403963581664
bond_length_control,94,7,2,38,1.4299303839246404,1058.608356389243,-3.8239927279764085,0.5280656646417794,0.5688657452044369,0,-3.5365844859150366
bond_length_control,94,8,2,67,1.402797054080899,1319.9564595362706,13.664673690041766,0.515307906825984,0.5688657452044369,0,1.027475047259264
bond_length_control,94,9,3,38,1.5037165072873289,523.3785951569869,-10.199585285526409,0.5558288925698778,0.5688657452044369,0,-26.74052048784869
bond_length_control,94,10,3,39,1.4030662531953084,1364.4174559519051,17.853636565040556,0.5540472680097078,0.5688657452044369,0,0.9922008865114407
bond_length_control,94,11,3,68,1.4729952382035687,980.3590589448696,-10.050060960976126,0.5488100217597829,0.5688657452044369,0,-15.100809163189028
bond_length_control,94,12,4,39,1.4282564842932257,930.8839274308507,16.644761746209582,0.5045011490396398,0.5688657452044369,0,-3.1953562073472814
bond_length_control,94,13,4,40,1.4124189370887088,1114.4569878959678,-3.918824083703861,0.49378964043469525,0.5688657452044369,0,-0.3568344214461989
bond_length_control,94,14,4,69,1.4024234838904601,1258.5286738009786,10.08663437637872,0.5250241321903709,0.5688657452044369,0,1.076097290509642
bond_length_control,94,15,5,40,1.3421399896087025,439.13392383603775,15.229440916281089,0.5305691688235192,0.5688657452044369,0,4.067480122301285
bond_length_control,94,16,5,41,1.4684663752195157,1013.3360545925653,13.439116975479067,0.5403476143782118,0.5688657452044369,0,-13.62775241825702
bond_length_control,94,17,5,70,1.4479660420284532,1130.939591742957,-4.0997441160598775,0.5582323072256217,0.5688657452044369,0,-7.721270676795472
bond_length_control,94,18,6,41,1.435087344722947,1316.2242181537179,9.738419964372701,0.5276101533502888,0.5688657452044369,0,-4.637896092636763
bond_length_control,94,19,6,42,1.4150505067149806,1066.3064624718163,44.270008266440016,0.5004717149495103,0.5688657452044369,0,-0.7799479951300441
bond_length_control,94,20,6,47,1.4793709409684563,903.3788152037052,16.784840057370346,0.5276638478315284,0.5688657452044369,0,-17.27919290565052
bond_length_control,94,21,7,36,1.3678498966135975,751.9519273749837,19.107190826105608,0.4534635605309719,0.5688657452044369,0,3.9523484081993576
bond_length_control,94,22,7,42,1.4114636346184672,1126.4498226044655,15.966444262625403,0.4951159741603076,0.5688657452044369,0,-0.20798584712675172
bond_length_control,94,23,7,43,1.477816454646723,880.9667086705217,-5.0061186126441335,0.5404064931541956,0.5688657452044369,0,-16.736747237602295
bond_length_control,94,24,8,37,1.3526949689094148,426.96854619694597,4.581081400998108,0.45186554890350966,0.5688657452044369,0,4.224121324060727
bond_length_control,94,25,8,43,1.3973134258174358,938.0054290726318,58.5663112097108,0.470239417754013,0.5688657452044369,0,1.7030198335572617
bond_length_control,94,26,8,44,1.3664490064738735,637.1492661684741,23.871943128752818,0.4849691154521417,0.5688657452044369,0,4.0023222899248925
bond_length_control,94,27,9,38,1.3360377772378191,498.8952435495959,-1.5342956901935914,0.5417468125943108,0.5688657452044369,0,3.849341521074402
bond_length_control,94,28,9,44,1.4658604777134931,981.2258602994896,-4.5757008081381265,0.5719139032751269,0.5688657452044369,1,-12.807970660318679
bond_length_control,94,29,9,45,1.4500734013598335,901.0914459867367,8.203731811623767,0.5270092045583625,0.5688657452044369,0,-8.271502147841394
bond_length_control,94,30,10,39,1.512805124826537,348.4905483354967,-8.187026249237745,0.5188785157235184,0.5688657452044369,0,-30.745213652684633
bond_length_control,94,31,10,45,1.4019351760126055,1243.625847004217,14.286066732878966,0.5059225322477401,0.5688657452044369,0,1.1390786120477596
bond_length_control,94,32,10,46,1.4190292190170481,1426.9696386776482,0.7634327453591507,0.5107339065776165,0.5688657452044369,0,-1.4562352610819582
bond_length_control,94,33,11,40,1.4494715879207785,943.5794268776725,-15.725557623728882,0.5190294006712008,0.5688657452044369,0,-8.113049155586289
bond_length_control,94,34,11,46,1.450259628940738,1143.3395150966517,2.661363597627201,0.5215963001302435,0.5688657452044369,0,-8.32074842624638
bond_length_control,94,35,11,47,1.4205115775485926,1252.680429115152,4.561407324830609,0.5288615407071329,0.5688657452044369,0,-1.7195012313505815
bond_length_control,94,36,12,47,1.4319351561503288,1003.4367394390069,-33.15819916062582,0.5360713449857989,0.5688657452044369,0,-3.955725797183234
bond_length_control,94,37,12,48,1.3747221988294773,804.0551340373687,-18.066146099920285,0.5369230773608962,0.5688657452044369,0,3.633080309477238
bond_length_control,94,38,12,53,1.4833054609982357,870.4305873529892,-10.261271391508352,0.5300913046013161,0.5688657452044369,0,-18.684946631465422
bond_length_control,94,39,13,42,1.400874009011166,1070.0120514041864,-3.169154684878904,0.5051535440664265,0.5688657452044369,0,1.2737034168924541
bond_length_control,94,40,13,48,1.4994883272757629,593.6837686253456,-0.9045921176635743,0.533197409323542,0.5688657452044369,0,-24.965809681182257
bond_length_control,94,41,13,49,1.43566683057242,958.2220935157128,23.215449017171533,0.5312615413307594,0.5688657452044369,0,-4.766389440776757
bond_length_control,94,42,14,43,1.44549195172947,1278.1618417212408,0.8005084465795044,0.5386237509262402,0.5688657452044369,0,-7.091763510274527
bond_length_control,94,43,14,49,1.4263398774721714,1046.508925267096,19.734253941384143,0.5194412291966851,0.5688657452044369,0,-2.814390493195516
bond_length_control,94,44,14,50,1.3407454143611117,347.79340413338394,32.89417055806083,0.4765596950043729,0.5688657452044369,0,4.025819582855627
bond_length_control,94,45,15,44,1.496603675661056,705.2491871376185,19.307150382703714,0.5903275844625582,0.5688657452044369,1,-23.786989426069354
bond_length_control,94,46,15,50,1.5146188469618211,473.1615673525955,-15.36293293834433,0.5135338308425622,0.5688657452044369,0,-31.575616884774192
bond_length_control,94,47,15,51,1.4160443200756212,971.1274407489199,-42.81221426489183,0.5422709113646997,0.5688657452044369,0,-0.9447405974092904
bond_length_control,94,48,16,45,1.3707324767622397,732.3722695465791,-23.316523839138384,0.5246018417788317,0.5688657452044369,0,3.8334538960793925
bond_length_control,94,49,16,51,1.4374983791935803,1101.3968700691055,-11.607844608452558,0.5214498673977377,0.5688657452044369,0,-5.178828821806727
bond_length_control,94,50,16,52,1.457527728350745,1137.8349655783313,-18.04010034782004,0.5307037779252831,0.5688657452044369,0,-10.32200561350925
bond_length_control,94,51,17,46,1.4271945033535822,961.7687652830946,-41.532159428066194,0.4993278280558001,0.5688657452044369,0,-2.9829824303372767
bond_length_control,94,52,17,52,1.4192501876847963,1025.1921481796558,-6.019857711831541,0.500618389872375,0.5688657452044369,0,-1.495089338351379
bond_length_control,94,53,17,53,1.4054774701200734,998.9401751557921,-13.060290584314359,0.5006130282482067,0.5688657452044369,0,0.6674078277757989
bond_length_control,94,54,18,53,1.4125083655224295,1128.1206983059951,-37.69394598322609,0.511879544358341,0.5688657452044369,0,-0.3708978579681421
bond_length_control,94,55,18,54,1.401360932569208,1090.2577272170054,-14.999315890836431,0.5128430515879,0.5688657452044369,0,1.212311195601817
bond_length_control,94,56,18,59,1.4726022443596138,876.6588599667193,-39.92378367688592,0.5161397139883623,0.5688657452044369,0,-14.970545469220712
bond_length_control,94,57,19,48,1.4154163793725598,1269.1998889967265,-4.135592863415704,0.5242256726703649,0.5688657452044369,0,-0.8402969343530255
bond_length_control,94,58,19,54,1.4631381105047145,1044.1267415852346,-5.593161612792956,0.5183574071403438,0.5688657452044369,0,-11.97315226106562
bond_length_control,94,59,19,55,1.373679486902283,911.9229375114248,-0.3232775358170785,0.48944698931778335,0.5688657452044369,0,3.689472841125367
bond_length_control,94,60,20,49,1.3758587684781813,780.817592770125,31.679065725920935,0.4878862964787846,0.5688657452044369,0,3.5683594048604395
bond_length_control,94,61,20,55,1.3435790312786378,437.50103332323727,36.76552192565351,0.4550434811189856,0.5688657452044369,0,4.10536204065877
bond_length_control,94,62,20,56,1.4561562442566156,977.5031844867028,15.02598370197287,0.4986095661100651,0.5688657452044369,0,-9.93250515537566
bond_length_control,94,63,21,50,1.3662617455748776,671.0173180063583,19.32562572438732,0.5050402723334011,0.5688657452044369,0,4.00861634370928
bond_length_control,94,64,21,56,1.45299459756637,1083.545564516648,39.35211345457481,0.5586450761569939,0.5688657452044369,0,-9.055653010928465
bond_length_control,94,65,21,57,1.4864206457535838,773.7583916101045,-6.789706148093131,0.5665604647644691,0.5688657452044369,0,-19.831425874143157
bond_length_control,94,66,22,51,1.333348821078626,241.10755562537096,-20.925804542042314,0.5119679684771958,0.5688657452044369,0,3.7238283442858577
bond_length_control,94,67,22,57,1.4392385686925124,1261.4800763814078,-6.600280479849726,0.5447510803861264,0.5688657452044369,0,-5.579604382550508
bond_length_control,94,68,22,58,1.4490732350006528,1045.3503059296745,-23.3257597493766,0.5406636021410838,0.5688657452044369,0,-8.008746320246079
bond_length_control,94,69,23,52,1.4094316986697775,1087.6916683904797,-25.305259679440738,0.5003686959962527,0.5688657452044369,0,0.10022649388860749
bond_length_control,94,70,23,58,1.4044997888009438,1105.512468264819,-36.09249845266794,0.5198104191325951,0.5688657452044369,0,0.801021389004271
bond_length_control,94,71,23,59,1.4399494329129614,1012.4759547892039,-37.77306329645223,0.5046235040021058,0.5688657452044369,0,-5.745822753467026
bond_length_control,94,72,24,59,1.4500545237232507,1146.7006404116707,-13.433965341375105,0.5335822391459565,0.5688657452044369,0,-8.266515765659742
bond_length_control,94,73,24,60,1.4857509766468695,692.198338109627,1.8791759976272815,0.560351519788733,0.5688657452044369,0,-19.582465571692346
bond_length_control,94,74,24,65,1.4183908873987212,1020.8447269304206,-12.683407211350886,0.5182815353860343,0.5688657452044369,0,-1.3447604696876176
bond_length_control,94,75,25,54,1.4144132311987314,1124.7470182480995,-22.787290772372504,0.5163296545804306,0.5688657452044369,0,-0.6757208176424268
bond_length_control,94,76,25,60,1.3550443817569098,680.8063179297739,36.446089844273246,0.5463955976236694,0.5688657452044369,0,4.220580587362166
bond_length_control,94,77,25,61,1.4641228847501944,789.8644240095699,21.702052332325625,0.5260484067518103,0.5688657452044369,0,-12.272591421735028
bond_length_control,94,78,26,55,1.5011237332547276,610.05165420197,7.356915429874185,0.5254815175748959,0.5688657452044369,0,-25.645626076828464
bond_length_control,94,79,26,61,1.388735250411863,1141.5152838308256,21.503751954405534,0.564110687568836,0.5688657452044369,0,2.5964882287374724
bond_length_control,94,80,26,62,1.4763609791364147,753.6799752606288,12.951196707386943,0.5278475080573306,0.5688657452044369,0,-16.23548175056807
bond_length_control,94,81,27,56,1.4208606499921896,1139.1895111414287,30.936671150169662,0.527928114275408,0.5688657452044369,0,-1.7823910641804472
bond_length_control,94,82,27,62,1.3281742144562902,-96.02090247305351,-2.46872128357227,0.4867280197667631,0.5688657452044369,0,3.432048805417816
bond_length_control,94,83,27,63,1.480265447680916,828.2006984895302,10.499390318746855,0.5009001372166911,0.5688657452044369,0,-17.594656359093953
bond_length_control,94,84,28,57,1.3643409548128618,670.0612345766268,11.697250268181067,0.5033658381994737,0.5688657452044369,0,4.067928444570855
bond_length_control,94,85,28,63,1.3877845747513935,969.263100286112,20.018619853475407,0.4684224725332816,0.5688657452044369,0,2.6833291175630922
bond_length_control,94,86,28,64,1.4191047664993053,1072.1188674109028,-13.378871284542072,0.48567805094399286,0.5688657452044369,0,-1.4695038151254787
bond_length_control,94,87,29,58,1.4516470406277315,987.3346340934618,-33.60498661762997,0.5334531378269645,0.5688657452044369,0,-8.69082348006013
bond_length_control,94,88,29,64,1.3932753600365706,1078.4907501386963,-23.777727648247254,0.5198528288165262,0.5688657452044369,0,2.1483175156381353
bond_length_control,94,89,29,65,1.4183361444606206,1052.9195919345539,-12.41439859279941,0.502965518936553,0.5688657452044369,0,-1.3352534474499063
bond_length_control,94,90,30,65,1.3874304765600594,1012.0145262043916,-12.174406624811038,0.5253550646499702,0.5688657452044369,0,2.715056551780039
bond_length_control,94,91,30,66,1.4469675523428345,1102.9092051488135,25.133178403947777,0.5110574109452088,0.5688657452044369,0,-7.4650762493376295
bond_length_control,94,92,30,71,1.4628849171799836,962.0623237913956,28.752177304779778,0.57305847960971,0.5688657452044369,1,-11.896629357374694
bond_length_control,94,93,31,60,1.4533968075619281,901.5250503325989,-1.549384058209759,0.4993846468487381,0.5688657452044369,0,-9.16557474497874
bond_length_control,94,94,31,66,1.3567595014175782,733.60297206167,53.42168221248815,0.44301700874127803,0.5688657452044369,0,4.209101648064072
bond_length_control,94,95,31,67,1.3470094404985156,333.15575464561823,-30.873283708238205,0.46423847227381004,0.5688657452044369,0,4.1746806308915385
bond_length_control,94,96,32,61,1.4237382996860175,1134.0243894860268,24.17686543975021,0.5350561165651777,0.5688657452044369,0,-2.3138604141249672
bond_length_control,94,97,32,67,1.4742746372600655,844.1795781118992,-11.870473470888378,0.5202571328621088,0.5688657452044369,0,-15.528103649224073
bond_length_control,94,98,32,68,1.3674506281921135,845.4031212483726,19.94171463968121,0.5259960198678093,0.5688657452044369,0,3.9671109731125487
bond_length_control,94,99,33,62,1.3828741504948483,1029.6383449262285,0.943583952319256,0.4867274297537853,0.5688657452044369,0,3.0934528026902353
bond_length_control,94,100,33,68,1.4064363930713153,1110.4841670274304,2.366806055633323,0.5139305125679223,0.5688657452044369,0,0.5338111373805354
bond_length_control,94,101,33,69,1.4846895419231463,801.6228963290976,-1.4746213946164253,0.5396907419685786,0.5688657452044369,0,-19.190669491514406
bond_length_control,94,102,34,63,1.3771809475772032,1006.6262168806335,5.924621400212432,0.5316672251251218,0.5688657452044369,0,3.4887933955585755
bond_length_control,94,103,34,69,1.4534300053205425,922.4949398948293,-7.514876210558005,0.5704584198899869,0.5688657452044369,1,-9.174668673685632
bond_length_control,94,104,34,70,1.4745318642219176,919.4903609051404,9.071388609298694,0.5668870665364136,0.5688657452044369,0,-15.614607536904304
bond_length_control,94,105,35,64,1.4602014177793732,1136.8235551373418,8.131944887045055,0.47856750705714496,0.5688657452044369,0,-11.097270287717384
bond_length_control,94,106,35,70,1.341040769203884,353.255339085556,-3.24046893921088,0.49653177005772564,0.5688657452044369,0,4.03504890631927
bond_length_control,94,107,35,71,1.3624367392858336,603.9722478899295,5.360389392241166,0.5093836121369115,0.5688657452044369,0,4.117306936005422
bond_length_control,65,0,0,36,1.4622436022949392,1056.6072441230367,-16.111577939814147,0.5466173288303371,0.5670879064798245,0,-12.236693087333768
bond_length_control,65,1,0,41,1.442485067575715,1115.8583237674895,-1.056656630592498,0.5186533484692791,0.5670879064798245,0,-5.205531847649222
bond_length_control,65,2,0,71,1.3898080435681002,1009.3716108655941,-46.541556520004384,0.5475985551663312,0.5670879064798245,0,10.020539510482747
bond_length_control,65,3,1,36,1.3198933492284028,-85.81062713413657,-105.2477178803085,0.5069417176880815,0.5670879064798245,0,22.81470418619477
bond_length_control,65,4,1,37,1.4917086605498664,828.7385625310502,-2.6568823534061092,0.5290663257990919,0.5670879064798245,0,-24.120734555970234
bond_length_control,65,5,1,66,1.399776704928703,881.0668491114226,-4.124502034733607,0.480375134769207,0.5670879064798245,0,7.520979715462538
bond_length_control,65,6,2,37,1.4658647049579165,1715.2990221679909,68.00223329865356,0.5808523608230136,0.5670879064798245,1,-13.606011624987804
bond_length_control,65,7,2,38,1.4979433143666026,896.972768699511,0.872397596875199,0.5029839792513878,0.5670879064798245,0,-26.85517709775909
bond_length_control,65,8,2,67,1.400968195847968,1033.721514560118,-38.351815131758876,0.5483278085465367,0.5670879064798245,0,7.210519961659887
bond_length_control,65,9,3,38,1.3118625119806846,-330.6214883911702,-66.48154676802456,0.4607452222107635,0.5670879064798245,0,23.774930933488967
bond_length_control,65,10,3,39,1.4290786076401183,1037.2902068992528,1.4931427873175247,0.5042052520049539,0.5670879064798245,0,-0.8520146546712031
bond_length_control,65,11,3,68,1.457525015179946,1145.9315150413177,-53.23163703482785,0.530646854250892,0.5670879064798245,0,-10.490133651448811
bond_length_control,65,12,4,39,1.4443060089054314,1178.1604454205153,-13.931604384871028,0.5135306094645045,0.5670879064798245,0,-5.822665750953267
bond_length_control,65,13,4,40,1.4574032943381332,1057.0302498727988,6.053942996865968,0.5179079734652927,0.5670879064798245,0,-10.445642787809264
bond_length_control,65,14,4,69,1.4366700772715324,1174.6456996675488,-5.191546695304255,0.5279069574923603,0.5670879064798245,0,-3.2762546535911405
bond_length_control,65,15,5,40,1.4243779819184519,1185.043186394181,4.054767298005746,0.5287208006892775,0.5670879064798245,0,0.5958880768809443
bond_length_control,65,16,5,41,1.3959560347626712,1158.7320761124195,-28.79726726285387,0.5086631999938563,0.5670879064798245,0,8.49960780921369
bond_length_control,65,17,5,70,1.4972169285577346,644.9821894395945,-31.977803837685663,0.5220163442213868,0.5670879064798245,0,-26.53258197330798
bond_length_control,65,18,6,41,1.390050777285507,985.3629953137169,8.167750248121918,0.501503207532628,0.5670879064798245,0,9.961743524186508
bond_length_control,65,19,6,42,1.447806653915352,1019.2130516811621,-20.80065320957742,0.5349833040623526,0.5670879064798245,0,-7.026553757149784
bond_length_control,65,20,6,47,1.420916595401595,1197.8913588504704,-9.614726041182392,0.526896053319543,0.5670879064798245,0,1.6362541033735885
bond_length_control,65,21,7,36,1.4574200621561477,1220.9022361179707,-8.432143461773677,0.5396722389721075,0.5670879064798245,0,-10.45177000700032
bond_length_control,65,22,7,42,1.3391327118614944,262.524197462906,-33.525781971810666,0.5451883551407744,0.5670879064798245,0,20.097617456488504
bond_length_control,65,23,7,43,1.5360806596388827,135.57726494702928,-9.753925697566151,0.5468626023180949,0.5670879064798245,0,-45.306415406513764
bond_length_control,65,24,8,37,1.3927529576364828,814.8209766493688,-17.425635581449743,0.5049673136957729,0.5670879064798245,0,9.300263319811158
bond_length_control,65,25,8,43,1.3575630510804555,616.9064826707942,12.320703889882056,0.4900330689307499,0.5670879064798245,0,16.931215184422893
bond_length_control,65,26,8,44,1.4002809869949857,707.5134134072847,-7.705034002142557,0.46119306405337046,0.5670879064798245,0,7.3898883740353725
bond_length_control,65,27,9,38,1.374432310514095,778.7655742382244,-19.09679730086785,0.44267465937915806,0.5670879064798245,0,13.53703043248996
bond_length_control,65,28,9,44,1.5510591645991127,-221.25364666821451,-33.485897995484045,0.4767687913083815,0.5670879064798245,0,-53.38439719360555
bond_length_control,65,29,9,45,1.391798758476647,947.3315523580657,-19.368722880673033,0.465383689026262,0.5670879064798245,0,9.535303828964553
bond_length_control,65,30,10,39,1.41096963657844,1057.4372752636023,-4.557758651475618,0.47844423041226697,0.5670879064798245,0,4.505026706192441
bond_length_control,65,31,10,45,1.39229491504608,873.9663856653361,10.93994764456832,0.4576932302651805,0.5670879064798245,0,9.41328818489428
bond_length_control,65,32,10,46,1.3576217727735305,595.9480921300215,-26.653910522251188,0.4524607034317535,0.5670879064798245,0,16.920229398630187
bond_length_control,65,33,11,40,1.403253715282966,1105.886970941727,-33.5251376979284,0.5129171012637074,0.5670879064798245,0,6.607958664903171
bond_length_control,65,34,11,46,1.373419000957773,877.9630072438608,-9.670575248850819,0.4825562102824056,0.5670879064798245,0,13.754511758437925
bond_length_control,65,35,11,47,1.4515167265535731,1194.6225165105348,12.665651545886531,0.5182523463552013,0.5670879064798245,0,-8.327676976772409
bond_length_control,65,36,12,47,1.4494005910787482,1094.0309049632172,-17.83339500265374,0.5368748513784404,0.5670879064798245,0,-7.58236193850301
bond_length_control,65,37,12,48,1.3949103676174117,940.2677368256786,-32.998109061183456,0.49947032338824837,0.5670879064798245,0,8.762966690975867
bond_length_control,65,38,12,53,1.4382265047970735,1250.756315548532,-3.000105896795349,0.5472395988821407,0.5670879064798245,0,-3.7864659500291205
bond_length_control,65,39,13,42,1.4668780840530653,931.7819316673704,-25.761286587947456,0.5653419348946691,0.5670879064798245,0,-13.993746883821977
bond_length_control,65,40,13,48,1.348069609005279,604.3746463866886,1.0705218618821608,0.5198501561616675,0.5670879064798245,0,18.63201866402191
bond_length_control,65,41,13,49,1.4811646067349575,1023.9079746723729,-9.657317476750347,0.5211010327726341,0.5670879064798245,0,-19.672398503458318
bond_length_control,65,42,14,43,1.4597187099506868,983.7089135519037,-12.584846080524288,0.5200785705541584,0.5670879064798245,0,-11.296815494496341
bond_length_control,65,43,14,49,1.296308069719481,-838.6584585454654,-150.74036268929618,0.47416342125480276,0.5670879064798245,0,25.349352258239023
bond_length_control,65,44,14,50,1.4432589468508916,1309.3941581003064,-38.73308613364313,0.5029078646284726,0.5670879064798245,0,-5.467047606384212
bond_length_control,65,45,15,44,1.4273916589481437,1306.452358470225,-2.19836246430689,0.49366736049766136,0.5670879064798245,0,-0.3277348861740226
bond_length_control,65,46,15,50,1.421472838103007,1101.929571136815,-38.73046084829549,0.5053366594493549,0.5670879064798245,0,1.4705398914130963
bond_length_control,65,47,15,51,1.4319536794719476,1042.8125470491923,-64.20808132031456,0.49444287093329686,0.5670879064798245,0,-1.7576095567898893
bond_length_control,65,48,16,45,1.437317563771016,1043.5714500469403,-33.69348135638415,0.4833921792999448,0.5670879064798245,0,-3.4879596763404708
bond_length_control,65,49,16,51,1.4260731281505619,1175.7157404607358,-20.661477899097246,0.4955527920176998,0.5670879064798245,0,0.07841062324363768
bond_length_control,65,50,16,52,1.422784860907071,965.2459482281877,-12.117919552149196,0.4992648715961804,0.5670879064798245,0,1.0774346621542499
bond_length_control,65,51,17,46,1.4596454530905298,880.3472110800552,-20.89449095707581,0.5209736472647782,0.5670879064798245,0,-11.269728397176324
bond_length_control,65,52,17,52,1.3761633050430189,797.906987568487,-12.089016662816368,0.5420788663944409,0.5670879064798245,0,13.161460933418278
bond_length_control,65,53,17,53,1.472432601935258,1049.4032422758908,-31.562042461512217,0.5670345308412743,0.5670879064798245,0,-16.15431085526377
bond_length_control,65,54,18,53,1.381249731149028,882.6531158761766,-47.7949569697426,0.514960484206955,0.5670879064798245,0,12.028162835431312
bond_length_control,65,55,18,54,1.46211997247719,966.6886804404579,8.280867071304195,0.5113115802318656,0.5670879064798245,0,-12.190387790390721
bond_length_control,65,56,18,59,1.3577838606015133,665.9609881340933,-39.73422463648962,0.52948158542383,0.5670879064798245,0,16.889875809481875
bond_length_control,65,57,19,48,1.4250439143849456,904.0979939633455,2.554289169373139,0.4808107151850004,0.5670879064798245,0,0.3932255604122745
bond_length_control,65,58,19,54,1.519834078689076,466.4561016190714,-7.546652753524683,0.5249310867038034,0.5670879064798245,0,-37.07938813235728
bond_length_control,65,59,19,55,1.3251074970658214,123.38434640866491,-23.92710442988464,0.5133543146721242,0.5670879064798245,0,22.136783435696913
bond_length_control,65,60,20,49,1.4173514219691496,980.7702992343787,-11.037146483591012,0.4893684132958003,0.5670879064798245,0,2.6850379302884715
bond_length_control,65,61,20,55,1.442147562724644,963.5503732416242,-26.4559150534251,0.5206611361719576,0.5670879064798245,0,-5.09183044969132
bond_length_control,65,62,20,56,1.4373484107456713,1125.9502360064237,-27.77566399166599,0.5159450432799818,0.5670879064798245,0,-3.498064979674119
bond_length_control,65,63,21,50,1.3689541956154991,927.90678158308,17.00443242370163,0.518487733535031,0.5670879064798245,0,14.69195970118053
bond_length_control,65,64,21,56,1.4602990105821476,1115.4470658349176,-31.227411708277955,0.5163199201455427,0.5670879064798245,0,-11.511747706195438
bond_length_control,65,65,21,57,1.4114368663791956,962.9604739182067,-62.003803240535824,0.4727341514384541,0.5670879064798245,0,4.374266753440285
bond_length_control,65,66,22,51,1.4136379006954665,1092.3146064364137,-9.242447794517819,0.4862396482365441,0.5670879064798245,0,3.7530040512847727
bond_length_control,65,67,22,57,1.369302900501576,991.6577366183228,-25.49039338747588,0.45137985465602526,0.5670879064798245,0,14.61996254124032
bond_length_control,65,68,22,58,1.412042226843043,1026.1136914182712,-11.339156302010469,0.4950195153554261,0.5670879064798245,0,4.204266316154769
bond_length_control,65,69,23,52,1.4264893886346734,1033.5027186167608,-30.861736651408304,0.5285151555971048,0.5670879064798245,0,-0.04946547830923165
bond_length_control,65,70,23,58,1.4644458410832273,892.6220586665473,-23.762157236546106,0.5335829431375062,0.5670879064798245,0,-13.066460503426152
bond_length_control,65,71,23,59,1.4673312561948402,932.0198612783299,-21.321430468953483,0.5679919212608133,0.5670879064798245,1,-14.167779824997432
bond_length_control,65,72,24,59,1.4711923856501437,827.7973589325632,-37.41803561963736,0.5600852216442007,0.5670879064798245,0,-15.666707172407557
bond_length_control,65,73,24,60,1.4545224991795536,1057.6146657896015,-26.96040436416467,0.546226950663463,0.5670879064798245,0,-9.4009115281427
bond_length_control,65,74,24,65,1.3175206748177444,-302.10026760763805,-125.93201894804831,0.5009478474458668,0.5670879064798245,0,23.108950222433137
bond_length_control,65,75,25,54,1.4214568553458007,1201.0496772187178,-0.2716212120588684,0.5030320032927811,0.5670879064798245,0,1.475309283242117
bond_length_control,65,76,25,60,1.3929200767497565,1002.4340693762576,-32.41401311684197,0.5073437375040077,0.5670879064798245,0,9.258934210474395
bond_length_control,65,77,25,61,1.3869632124476805,875.6666574393348,-1.3074474533182594,0.47453395308512414,0.5670879064798245,0,10.701979153331612
bond_length_control,65,78,26,55,1.4545589739018574,1079.3268300497411,-38.35754705035471,0.5373439353797813,0.5670879064798245,0,-9.414040468568682
bond_length_control,65,79,26,61,1.4405037326233319,1114.8525617063126,-11.254474421093372,0.5204226572038035,0.5670879064798245,0,-4.541088108217513
bond_length_control,65,80,26,62,1.3730997061111108,1033.0650033911618,-17.749444619633632,0.5392301288177566,0.5670879064798245,0,13.822677627809341
bond_length_control,65,81,27,56,1.4460717280646853,998.8814650784011,-36.342790534163974,0.5371171756458104,0.5670879064798245,0,-6.427024606068174
bond_length_control,65,82,27,62,1.4606821127335028,855.7627983197902,-35.81927351786591,0.5437194619757615,0.5670879064798245,0,-11.653994898568286
bond_length_control,65,83,27,63,1.3824479345777976,971.804395746723,-39.713710710080406,0.5621697975233384,0.5670879064798245,0,11.754717643529277
bond_length_control,65,84,28,57,1.379283360724125,1049.9859595715534,-29.467950950406426,0.4536216860846696,0.5670879064798245,0,12.471554671060211
bond_length_control,65,85,28,63,1.4977944743411533,1091.6802088891093,-19.60317127835422,0.5222600766692862,0.5670879064798245,0,-26.788989368019493
bond_length_control,65,86,28,64,1.372963519103916,795.4618944377669,-84.40390375678942,0.47993258028778585,0.5670879064798245,0,13.851699184576702
bond_length_control,65,87,29,58,1.4202438933528996,1148.19085731679,-53.03618180427694,0.5228045862983681,0.5670879064798245,0,1.835911887792502
bond_length_control,65,88,29,64,1.3789693128419653,1013.2153076191139,-30.56372909467415,0.5054758198020836,0.5670879064798245,0,12.541752779783037
bond_length_control,65,89,29,65,1.5077180862249586,384.5181223878753,-50.76294394602708,0.4980761902233414,0.5670879064798245,0,-31.299856450561503
bond_length_control,65,90,30,65,1.398430227951114,1009.5638566031271,-37.01091163967035,0.4844222254603729,0.5670879064798245,0,7.868803803452197
bond_length_control,65,91,30,66,1.4046977137579169,1145.5201298305456,-42.94579626513669,0.49467830259339973,0.5670879064798245,0,6.222478992359921
bond_length_control,65,92,30,71,1.4611375605078698,981.5564989279603,-42.67207053418756,0.5222261118482683,0.5670879064798245,0,-11.823470308011762
bond_length_control,65,93,31,60,1.5260215966255175,328.2284272320973,-12.78634785503472,0.5414032345719902,0.5670879064798245,0,-40.147714833801196
bond_length_control,65,94,31,66,1.4375601800557152,1004.0711461882456,-14.015954690524552,0.5063802084874209,0.5670879064798245,0,-3.5674872246367064
bond_length_control,65,95,31,67,1.465626230067246,954.3822457793522,-14.615948598791675,0.5225468472408288,0.5670879064798245,0,-13.515055411663573
bond_length_control,65,96,32,61,1.401891534443726,1191.218433745522,14.592696538096934,0.5021055164722815,0.5670879064798245,0,6.968202994615336
bond_length_control,65,97,32,67,1.4161382827834514,1071.0844155124448,14.642277279431951,0.5160589135600036,0.5670879064798245,0,3.0366616752230122
bond_length_control,65,98,32,68,1.5148292445263376,499.64509609411124,-43.817643615372084,0.5406167163049831,0.5670879064798245,0,-34.655472543451836
bond_length_control,65,99,33,62,1.4192784754096361,1067.2829995014388,-67.03686034767955,0.4874448049990575,0.5670879064798245,0,2.1210111878267948
bond_length_control,65,100,33,68,1.391084458487832,996.9370676650591,-27.08131029171993,0.5071485332178061,0.5670879064798245,0,9.710209999839009
bond_length_control,65,101,33,69,1.3475596008043589,217.84185742154915,-82.72192850964313,0.495083278999724,0.5670879064798245,0,18.719175849369417
bond_length_control,65,102,34,63,1.5602966323152094,-433.8095007508097,-62.71392631017403,0.5409845779301843,0.5670879064798245,0,-58.606003170871816
bond_length_control,65,103,34,69,1.4667022593355685,916.8818125489726,-3.3510357695796107,0.5301727163832738,0.5670879064798245,0,-13.926331295937594
bond_length_control,65,104,34,70,1.414855391344323,1193.1820209988339,-67.23319221656945,0.5134692758883155,0.5670879064798245,0,3.405609997773438
bond_length_control,65,105,35,64,1.4839054222554193,778.2895483471044,-36.7948482066064,0.5063056852335786,0.5670879064798245,0,-20.807528325380318
bond_length_control,65,106,35,70,1.413627303541222,1432.4735714501442,-49.570577872850414,0.5211178795732101,0.5670879064798245,0,3.756016077737332
bond_length_control,65,107,35,71,1.4319571212437552,1164.7656987203886,-44.825015936076056,0.5367099420427318,0.5670879064798245,0,-1.7587027822120036
bond_length_control,87,0,0,36,1.3676056508713499,856.3514717137994,11.551718896041999,0.4186252153671973,0.5691626561268377,0,5.3489783948397145
bond_length_control,87,1,0,41,1.4257492259192899,1083.5903519777276,22.41685016283887,0.47373359297730167,0.5691626561268377,0,1.9305269270975103
bond_length_control,87,2,0,71,1.3339262991076744,327.38724565996205,47.7884375975177,0.43568241563575694,0.5691626561268377,0,5.181665686735484
bond_length_control,87,3,1,36,1.4110429873589032,1104.9177408747823,-16.600956679807226,0.4736298946662355,0.5691626561268377,0,3.2551842796035437
bond_length_control,87,4,1,37,1.477549198024956,840.5798750100555,-14.635336358820688,0.5203110646928191,0.5691626561268377,0,-5.345677028148622
bond_length_control,87,5,1,66,1.4189209202942137,1419.747208833935,-27.031610746056824,0.5213169509505624,0.5691626561268377,0,2.585256593537063
bond_length_control,87,6,2,37,1.4407934995457314,1059.910393099404,-44.065254268072884,0.5362579788399264,0.5691626561268377,0,0.2419731674463037
bond_length_control,87,7,2,38,1.4493368938337616,991.2879729468104,-31.638119072204095,0.5253073585799435,0.5691626561268377,0,-0.8697179650530211
bond_length_control,87,8,2,67,1.3761539358405541,901.2565884758191,-10.542843386229066,0.513447008573205,0.5691626561268377,0,5.146732545103162
bond_length_control,87,9,3,38,1.4119615439412072,978.0986151586568,-15.839765184199022,0.5046196182768333,0.5691626561268377,0,3.1817561968288723
bond_length_control,87,10,3,39,1.4094291914800903,1118.9839947268692,-8.353089478622202,0.5395207533601363,0.5691626561268377,0,3.381207166814531
bond_length_control,87,11,3,68,1.471197783504387,940.764757983556,-26.050719425835865,0.5090054407878494,0.5691626561268377,0,-4.2287557067620165
bond_length_control,87,12,4,39,1.4622780672995155,839.1184510572257,-28.2573255787888,0.572930012510423,0.5691626561268377,1,-2.7679877007534985
bond_length_control,87,13,4,40,1.3738097124560567,780.5540241726401,-55.2152054850087,0.5290926213905028,0.5691626561268377,0,5.21224556753415
bond_length_control,87,14,4,69,1.4557074927983815,993.2035788011518,-37.99762812250708,0.5527646118359335,0.5691626561268377,0,-1.7717014968865508
bond_length_control,87,15,5,40,1.4670615910998215,1405.9830929643783,-21.057303814859637,0.5313539534757933,0.5691626561268377,0,-3.5357928129013
bond_length_control,87,16,5,41,1.3712875950607852,883.9309899161066,-15.51851875415445,0.5596680373559142,0.5691626561268377,0,5.274233496913019
bond_length_control,87,17,5,70,1.457947802531317,1049.8022290753138,6.94119607177484,0.5793124549909117,0.5691626561268377,1,-2.103838401359556
bond_length_control,87,18,6,41,1.4738740678976952,783.5917142846286,-38.17015817248973,0.5198186522462874,0.5691626561268377,0,-4.691566734534992
bond_length_control,87,19,6,42,1.4608151004685,1008.1425534786301,-4.7678224869532775,0.5391159253848357,0.5691626561268377,0,-2.5403313653077193
bond_length_control,87,20,6,47,1.4626965000014402,1190.1206082436192,-36.5218953278881,0.5071856832417242,0.5691626561268377,0,-2.8337172075597623
bond_length_control,87,21,7,36,1.3845442131715606,957.0208121832507,-3.9186029305674124,0.4557565583872596,0.5691626561268377,0,4.849506326153333
bond_length_control,87,22,7,42,1.3775834015847999,864.7646315159069,-34.35204366626689,0.5301622091359122,0.5691626561268377,0,5.103038220262408
bond_length_control,87,23,7,43,1.506900677466636,556.029242443027,1.4300526823944892,0.5176879461053332,0.5691626561268377,0,-11.353154769190201
bond_length_control,87,24,8,37,1.4534420954300336,993.5052603026279,-23.206800934200864,0.5237084567431501,0.5691626561268377,0,-1.4437658114443908
bond_length_control,87,25,8,43,1.4212420212357686,1163.7346988999527,-9.401765832329195,0.5389586744346402,0.5691626561268377,0,2.3704507727842734
bond_length_control,87,26,8,44,1.3893984479940906,916.8514667689695,-28.77734970803225,0.4893243829757506,0.5691626561268377,0,4.632419901347933
bond_length_control,87,27,9,38,1.4011935797530486,1294.027543495299,4.9401294401186995,0.514284645857408,0.5691626561268377,0,3.9654488828190066
bond_length_control,87,28,9,44,1.4235564781130146,1038.1573884460765,-34.806410913067005,0.4908511923499914,0.5691626561268377,0,2.148317815710424
bond_length_control,87,29,9,45,1.4649057848561882,1023.1846519849523,-38.43478922990434,0.5288199639068019,0.5691626561268377,0,-3.1853139082781423
bond_length_control,87,30,10,39,1.4846562309528195,555.1021519474323,-81.17297681127214,0.49016817965332243,0.5691626561268377,0,-6.671929662272469
bond_length_control,87,31,10,45,1.3124207731305897,-351.9940545310469,-144.83763181512197,0.4698023626194133,0.5691626561268377,0,4.294941603732403
bond_length_control,87,32,10,46,1.3622249107774889,614.1213597578834,-82.30478754655681,0.4927904583473656,0.5691626561268377,0,5.424776294322984
bond_length_control,87,33,11,40,1.3865241578003549,1243.9724467871765,-44.625309136419084,0.5010659160459097,0.5691626561268377,0,4.764975161800552
bond_length_control,87,34,11,46,1.4553593526262998,1420.6054685968747,-0.00830669297798535,0.547525585859873,0.5691626561268377,0,-1.7207878807452728
bond_length_control,87,35,11,47,1.4155227999913744,1227.9454007476154,-47.85655322622459,0.5167470309214673,0.5691626561268377,0,2.885401790622094
bond_length_control,87,36,12,47,1.3996420402550005,1304.8799287306215,26.463092576621772,0.49838933098999405,0.5691626561268377,0,4.064551590791065
bond_length_control,87,37,12,48,1.3657089917376073,870.3405256951052,-24.24743747919111,0.49672685598810773,0.5691626561268377,0,5.380214867568426
bond_length_control,87,38,12,53,1.5380460693438465,1040.9596562488834,0.42291822395493056,0.5033310742796101,0.5691626561268377,0,-19.29390754585821
bond_length_control,87,39,13,42,1.462357812081196,1564.2495200944527,-25.136547001092787,0.5521623938439005,0.5691626561268377,0,-2.780493261498454
bond_length_control,87,40,13,48,1.4461009675450496,1295.3204582963908,8.537815067304361,0.5185696766989026,0.5691626561268377,0,-0.4355073625215038
bond_length_control,87,41,13,49,1.430861054826249,1146.5222028299884,-13.100328164095451,0.5227491355730346,0.5691626561268377,0,1.3949522018557228
bond_length_control,87,42,14,43,1.4603777555527169,1264.6699384960184,-15.379302304258692,0.5568741461840557,0.5691626561268377,0,-2.4729245780278317
bond_length_control,87,43,14,49,1.4527701995036983,1019.5802353151508,-10.802226300369526,0.5399351509437686,0.5691626561268377,0,-1.348030986734682
bond_length_control,87,44,14,50,1.3430583377270968,458.52806169717036,-14.530303501842875,0.5707053370358515,0.5691626561268377,1,5.37656907263722
bond_length_control,87,45,15,44,1.3918675649653125,1160.989889728875,4.350966992343393,0.5007913924116995,0.5691626561268377,0,4.509212064531362
bond_length_control,87,46,15,50,1.467745393793857,1062.3973456920291,-31.311140413773973,0.5642568747223848,0.5691626561268377,0,-3.6484905644042867
bond_length_control,87,47,15,51,1.434333310799874,1136.3452391620083,-46.5041506213199,0.5196810188491009,0.5691626561268377,0,1.008815955522837
bond_length_control,87,48,16,45,1.4543285937440267,990.8939305895273,19.72486576276622,0.5514479273842084,0.5691626561268377,0,-1.5711470354844908
bond_length_control,87,49,16,51,1.511589303080954,481.9180939177051,-11.51448172886006,0.5323687822647996,0.5691626561268377,0,-12.443927680170827
bond_length_control,87,50,16,52,1.3693699110016269,756.6624153004384,6.764688461845869,0.5340588147873468,0.5691626561268377,0,5.315490844594236
bond_length_control,87,51,17,46,1.492496337688496,1171.2731056556386,53.53952762532427,0.5615230250977626,0.5691626561268377,0,-8.22953571022109
bond_length_control,87,52,17,52,1.4611812058094016,1264.0778901257559,-8.40662858745548,0.5211458167729488,0.5691626561268377,0,-2.5969880141204955
bond_length_control,87,53,17,53,1.4322073830760726,1312.3803265371082,-20.386294127876695,0.535686213448973,0.5691626561268377,0,1.2473840307873711
bond_length_control,87,54,18,53,1.3742515299411462,994.6647443032322,16.49129298630217,0.5391599160659555,0.5691626561268377,0,5.200480974936229
bond_length_control,87,55,18,54,1.4435241264441347,1546.2641418800927,-50.72127639927196,0.5574653475635671,0.5691626561268377,0,-0.1012119407382217
bond_length_control,87,56,18,59,1.4506459026972989,1343.5234295505452,26.947701737474237,0.560030357332123,0.5691626561268377,0,-1.0499394443779169
bond_length_control,87,57,19,48,1.4151356874045458,1108.880955186974,-38.81232039617174,0.5385427706775912,0.5691626561268377,0,2.9185165927447394
bond_length_control,87,58,19,54,1.501620507918092,797.0817727186676,16.854529602586936,0.5634524204667052,0.5691626561268377,0,-10.16846665987038
bond_length_control,87,59,19,55,1.4622154539846681,1244.9181481773098,-36.63083266625714,0.5374500491664281,0.5691626561268377,0,-2.7581756715436017
bond_length_control,87,60,20,49,1.4470983083497728,1413.5782845211945,-2.3143235196009004,0.5266101989288416,0.5691626561268377,0,-0.5676215021059905
bond_length_control,87,61,20,55,1.4348392874094296,1240.0799535940282,-10.395368835009762,0.5213380185435466,0.5691626561268377,0,0.9510331081696757
bond_length_control,87,62,20,56,1.3980298678995853,1287.0174366712909,31.767595104928244,0.49669874642136724,0.5691626561268377,0,4.163863851494319
bond_length_control,87,63,21,50,1.480038198412267,821.0255087882861,-28.928896110100563,0.5718060388708737,0.5691626561268377,1,-5.800929234759821
bond_length_control,87,64,21,56,1.406470147800349,1171.2131099808348,1.9386219934850684,0.5111244002713166,0.5691626561268377,0,3.6024347199777598
bond_length_control,87,65,21,57,1.4513493970900073,1097.8044128632826,-0.16307263429665708,0.5335183470789833,0.5691626561268377,0,-1.1478858492944175
bond_length_control,87,66,22,51,1.304118562534494,-654.5065711186148,-172.55275532622198,0.4220920744386206,0.5691626561268377,0,3.795057770046646
bond_length_control,87,67,22,57,1.4325845952428513,899.8146179321325,-2.0149748669078607,0.4283802385200141,0.5691626561268377,0,1.2055502198275123
bond_length_control,87,68,22,58,1.351405525092858,471.4719980681532,-18.447643511644433,0.406768406084749,0.5691626561268377,0,5.458164326635965
bond_length_control,87,69,23,52,1.3966764378722314,1117.7777957819992,-5.52287132080357,0.5425441831076165,0.5691626561268377,0,4.244360516672766
bond_length_control,87,70,23,58,1.538821244205001,168.0081607177679,-81.53193407988307,0.5255304822311977,0.5691626561268377,0,-19.512660080324693
bond_length_control,87,71,23,59,1.4943554870222482,991.182273889154,-12.18875720088268,0.5779550210498083,0.5691626561268377,1,-8.613553273749112
bond_length_control,87,72,24,59,1.3511986435958705,949.0792330404734,35.1710356745063,0.5594965678419819,0.5691626561268377,0,5.457266000002469
bond_length_control,87,73,24,60,1.4450824295020779,1120.9464201395285,36.012313548237984,0.5518575865276436,0.5691626561268377,0,-0.3021579724182306
bond_length_control,87,74,24,65,1.4546553701221627,1188.7243310787442,26.004424241978814,0.5574519497998169,0.5691626561268377,0,-1.618408642147247
bond_length_control,87,75,25,54,1.3800260859345534,999.3965657003337,4.41596984155718,0.5490283797107016,0.5691626561268377,0,5.021785813358819
bond_length_control,87,76,25,60,1.5257754507360446,141.85691982961356,-20.11647108892671,0.5439544081649194,0.5691626561268377,0,-15.9688775823642
bond_length_control,87,77,25,61,1.4323922582098096,1065.6209710380106,-3.3617571355355014,0.5203903376386754,0.5691626561268377,0,1.2269076276890494
bond_length_control,87,78,26,55,1.4313492214582324,987.0151571011666,-49.72560567749544,0.49927267364658967,0.5691626561268377,0,1.3417598186646509
bond_length_control,87,79,26,61,1.4191169193758841,1074.4911161274397,-35.97008274117723,0.49663700287484047,0.5691626561268377,0,2.5674255939944883
bond_length_control,87,80,26,62,1.4246237166926345,1150.9140532346596,-52.249790573074954,0.49968265079858465,0.5691626561268377,0,2.043209564627383
bond_length_control,87,81,27,56,1.4147547213509504,921.7020989395071,-3.960233461281611,0.484745710960003,0.5691626561268377,0,2.950890822964059
bond_length_control,87,82,27,62,1.4156506977505219,1005.4669469259219,4.0018458673642465,0.5097949602341774,0.5691626561268377,0,2.87441265464374
bond_length_control,87,83,27,63,1.47643642237516,873.169826347656,-22.464211657412985,0.5236618560626487,0.5691626561268377,0,-5.14534853132636
bond_length_control,87,84,28,57,1.4374450544790984,1006.3538216935888,-1.9691563269905987,0.5113682281043004,0.5691626561268377,0,0.6473310991040488
bond_length_control,87,85,28,63,1.427857474851477,1168.85182920839,19.17649486869384,0.5278904263992793,0.5691626561268377,0,1.7143747245915422
bond_length_control,87,86,28,64,1.351370440619685,491.33632205103675,-7.941170851113672,0.464921817113497,0.5691626561268377,0,5.458016020977925
bond_length_control,87,87,29,58,1.3905887970053608,1003.2696995199401,-53.913616264054454,0.43869572179284055,0.5691626561268377,0,4.574101467454606
bond_length_control,87,88,29,64,1.3387085669800558,246.51216174344776,-11.637360312719773,0.4138611432373022,0.5691626561268377,0,5.297413434236559
bond_length_control,87,89,29,65,1.4033558024208292,1008.950180506344,9.670978061242595,0.4890756425692863,0.5691626561268377,0,3.8215577193217634
bond_length_control,87,90,30,65,1.4643338105796446,927.7906983945602,-34.764092902675515,0.5242269564319972,0.5691626561268377,0,-3.093552195859517
bond_length_control,87,91,30,66,1.3840306447836694,877.4391977586799,-42.05121239426461,0.5056710375971645,0.5691626561268377,0,4.870531514697171
bond_length_control,87,92,30,71,1.3887446216603396,910.6992131662674,-10.318483553723754,0.4750411815813972,0.5691626561268377,0,4.663598822892491
bond_length_control,87,93,31,60,1.3704026547479773,1137.2924453830549,-7.006388136905382,0.5444804900176279,0.5691626561268377,0,5.293901833716368
bond_length_control,87,94,31,66,1.4611229673749808,938.4901463641773,-19.77959845762321,0.5315189344549685,0.5691626561268377,0,-2.5879613089673397
bond_length_control,87,95,31,67,1.4261998788561028,1103.0881337721744,-25.343529979181614,0.5077020779305037,0.5691626561268377,0,1.8848799673221237
bond_length_control,87,96,32,61,1.3834886069848509,844.9551455062998,-42.362822290529635,0.4754191149422826,0.5691626561268377,0,4.892320253504892
bond_length_control,87,97,32,67,1.403887979546066,1077.4020838674926,-17.058527393044386,0.4622047733814024,0.5691626561268377,0,3.7851079998223964
bond_length_control,87,98,32,68,1.4029705444617766,1131.5242896837153,-49.89021421085484,0.4784509458991568,0.5691626561268377,0,3.8476894822065963
bond_length_control,87,99,33,62,1.5182578937935352,297.5498636215736,-70.34595339310927,0.5254613298997424,0.5691626561268377,0,-14.058661167138386
bond_length_control,87,100,33,68,1.411302100465413,1186.2737922052088,-13.613701483452381,0.5254475129328724,0.5691626561268377,0,3.234595927336029
bond_length_control,87,101,33,69,1.4444121611652234,1173.387316787515,-45.20859482419555,0.5357974248306698,0.5691626561268377,0,-0.21527082514649454
bond_length_control,87,102,34,63,1.395341019768232,1081.3005825075877,0.7076729007965583,0.498927180393308,0.5691626561268377,0,4.321217595120758
bond_length_control,87,103,34,69,1.4204610811438707,1056.897857511412,-7.122763916570218,0.49539637949576415,0.5691626561268377,0,2.443611799007443
bond_length_control,87,104,34,70,1.3794986411913712,949.2296076346764,-14.000643628007587,0.519682890565452,0.5691626561268377,0,5.040035154865623
bond_length_control,87,105,35,64,1.5126237297240805,581.791175431458,-92.81589214967642,0.4644574222228354,0.5691626561268377,0,-12.689517900002343
bond_length_control,87,106,35,70,1.474783178548835,966.5723380179427,-18.94209547888464,0.5481817416807617,0.5691626561268377,0,-4.851369351378289
bond_length_control,87,107,35,71,1.4561092613033069,856.2372672620877,-48.33668009497064,0.4904861467042194,0.5691626561268377,0,-1.830691769101482
bond_length_control,272,0,0,36,1.4766867076248007,866.5590683567851,-23.551380673277244,0.5257689666484237,0.5692391475051674,0,-12.70453800459739
bond_length_control,272,1,0,41,1.462651921041856,759.0523425860667,21.202624905797904,0.4777857284549888,0.5692391475051674,0,-9.822185285785602
bond_length_control,272,2,0,71,1.4586504185074207,896.5548293633481,-6.879944246086126,0.46486797377397826,0.5692391475051674,0,-9.075310372012344
bond_length_control,272,3,1,36,1.3644063362164927,316.3837198043127,9.001321677397575,0.4321682344784341,0.5692391475051674,0,-0.6223136917461662
bond_length_control,272,4,1,37,1.3618611546599386,525.1065000249633,42.87705056498572,0.44577592680789807,0.5692391475051674,0,-0.6260175795914673
bond_length_control,272,5,1,66,1.3603401314695862,504.0591499505824,17.802613807498034,0.41827636420283537,0.5692391475051674,0,-0.633787353456702
bond_length_control,272,6,2,37,1.493951967153799,518.6805779648598,-20.23212912792495,0.5765884034894497,0.5692391475051674,1,-16.82020941394716
bond_length_control,272,7,2,38,1.5491541956850376,-318.63662123657167,-10.058762580569429,0.5615744598225471,0.5692391475051674,0,-34.36101723068883
bond_length_control,272,8,2,67,1.38526827942146,830.9273839552853,23.2407692553664,0.5142263523315569,0.5692391475051674,0,-1.0359519975294855
bond_length_control,272,9,3,38,1.4032111019427984,1064.6905722857528,36.47809456179927,0.5162822690094653,0.5692391475051674,0,-2.0374127791381067
bond_length_control,272,10,3,39,1.402975172531453,861.8275798339085,9.980897732484353,0.48563181764965047,0.5692391475051674,0,-2.02029928813678
bond_length_control,272,11,3,68,1.4423791672354365,914.7124991585059,13.868622885677254,0.504453185355526,0.5692391475051674,0,-6.375508276529336
bond_length_control,272,12,4,39,1.4408944264448333,831.9858318386698,-2.266515701891361,0.5007869157888927,0.5692391475051674,0,-6.1558395233028484
bond_length_control,272,13,4,40,1.4187015004453882,899.1079513667255,-21.132619790476053,0.5213902235636585,0.5692391475051674,0,-3.394723264542723
bond_length_control,272,14,4,69,1.384312587588118,863.1157519510522,-30.040481870763315,0.5309555440629824,0.5692391475051674,0,-0.9995187549989115
bond_length_control,272,15,5,40,1.49026927874541,668.7319212302292,-10.192209333422444,0.5073040827189322,0.5692391475051674,0,-15.888940806061461
bond_length_control,272,16,5,41,1.372974195950072,577.2077589362539,-15.271298546133075,0.4707742394479852,0.5692391475051674,0,-0.6959074959699425
bond_length_control,272,17,5,70,1.3872883397074307,1007.5230198630986,-17.125620582213823,0.5433923988287489,0.5692391475051674,0,-1.118546518282054
bond_length_control,272,18,6,41,1.3477299219224605,263.72321408444094,11.822471539310236,0.4458183231647088,0.5692391475051674,0,-0.8570065094431119
bond_length_control,272,19,6,42,1.389902901005301,992.546326815114,39.69058520364352,0.5023619612792934,0.5692391475051674,0,-1.2367367732282286
bond_length_control,272,20,6,47,1.551763549968447,-350.7709121663217,-97.22219042700777,0.42399467420823006,0.5692391475051674,0,-35.36080239139876
bond_length_control,272,21,7,36,1.433784347960974,963.6303387501902,-18.67989664164749,0.5311242078916701,0.5692391475051674,0,-5.165061594830607
bond_length_control,272,22,7,42,1.4503332379724438,1115.2680694597946,30.96573868265834,0.5396846078128199,0.5692391475051674,0,-7.62803187211477
bond_length_control,272,23,7,43,1.4239893224496025,995.4341731521422,-22.039026752255495,0.490365271772626,0.5692391475051674,0,-3.964490542707718
bond_length_control,272,24,8,37,1.457107097895644,789.1288950510889,-30.170495419111724,0.5359314826650274,0.5692391475051674,0,-8.796057627185379
bond_length_control,272,25,8,43,1.338532222971929,148.0006897196945,-27.698981012464284,0.48156485421651934,0.5692391475051674,0,-1.1965535282396704
bond_length_control,272,26,8,44,1.403193470375803,954.7779108556329,32.091452236197945,0.5021252724519485,0.5692391475051674,0,-2.0361301815779864
bond_length_control,272,27,9,38,1.4788021131006228,873.3510527098862,-6.180458432261164,0.5402120929921718,0.5692391475051674,0,-13.174768578830852
bond_length_control,272,28,9,44,1.4186879561815673,1016.5372490181875,19.76762539701855,0.5214198264459955,0.5692391475051674,0,-3.3933339146055945
bond_length_control,272,29,9,45,1.3756702140951726,906.1865319679439,29.630119748739393,0.5419070414414264,0.5692391475051674,0,-0.7466962092006408
bond_length_control,272,30,10,39,1.346076787489453,393.792540278063,15.452985801090627,0.5120989529280824,0.5692391475051674,0,-0.9071216640036841
bond_length_control,272,31,10,45,1.4390088006094772,1033.1797974910323,-1.9768566348559031,0.5444443527371519,0.5692391475051674,0,-5.883235546644503
bond_length_control,272,32,10,46,1.4414331395645763,916.983072786855,-11.541855619976593,0.5243156387128913,0.5692391475051674,0,-6.235030748375421
bond_length_control,272,33,11,40,1.3856876293032672,724.9571923787774,-37.27680526790749,0.4960199232042788,0.5692391475051674,0,-1.052473947243742
bond_length_control,272,34,11,46,1.4371140951821166,1071.9283276348838,2.121641339890741,0.48763330121432197,0.5692391475051674,0,-5.616487836454289
bond_length_control,272,35,11,47,1.385972130537111,1088.1719295302403,21.02624465409956,0.4376664309768529,0.5692391475051674,0,-1.0638690551759762
bond_length_control,272,36,12,47,1.3243803896935384,-11.580256807250944,-38.54101661577506,0.4433212005553011,0.5692391475051674,0,-2.005050517229316
bond_length_control,272,37,12,48,1.4148592788738539,1081.420395752197,18.565726805320455,0.4965261745376701,0.5692391475051674,0,-3.014886252084903
bond_length_control,272,38,12,53,1.534564704014107,-67.0827981361018,-59.12291422696467,0.538793218229154,0.5692391475051674,0,-29.059759946794323
bond_length_control,272,39,13,42,1.4850817981726074,714.2657508591404,-37.57414066929771,0.5257452004724676,0.5692391475051674,0,-14.626442658454343
bond_length_control,272,40,13,48,1.477774043800502,828.8481637750284,25.303917977194224,0.5005828873837732,0.5692391475051674,0,-12.94506169166141
bond_length_control,272,41,13,49,1.4849809858129632,720.8525383476647,-22.036902080946923,0.5250148725254723,0.5692391475051674,0,-14.602476479873642
bond_length_control,272,42,14,43,1.4054046136215852,891.6025767669495,-8.481191976561549,0.4499670494564877,0.5692391475051674,0,-2.201602848861837
bond_length_control,272,43,14,49,1.387308218671589,983.2860486221881,-2.998297335291454,0.4985560575496863,0.5692391475051674,0,-1.1193970430213742
bond_length_control,272,44,14,50,1.3800698352592329,774.0302553550193,17.089942600473933,0.47406913038651743,0.5692391475051674,0,-0.8581969113012544
bond_length_control,272,45,15,44,1.4509657780127374,945.4888590274956,18.54874509721415,0.5057837775417862,0.5692391475051674,0,-7.733139966643813
bond_length_control,272,46,15,50,1.4103893409056214,947.9327115174094,4.451264522800632,0.5093254402363867,0.5692391475051674,0,-2.6089535971252165
bond_length_control,272,47,15,51,1.415163566132608,842.5328686644514,-12.37231703753576,0.5137264966710973,0.5692391475051674,0,-3.043923470272002
bond_length_control,272,48,16,45,1.4553410877107664,895.2412931211057,-8.700797109289885,0.5599145000350133,0.5692391475051674,0,-8.482505106606409
bond_length_control,272,49,16,51,1.478147050396681,666.2354371548261,-27.69404850773867,0.5473700041688936,0.5692391475051674,0,-13.02814667633862
bond_length_control,272,50,16,52,1.338875705760634,269.43052889976906,1.4954119059604616,0.5109866929025801,0.5692391475051674,0,-1.1812216943974807
bond_length_control,272,51,17,46,1.4779844641800706,825.5540478878198,0.33869482579011734,0.5361710931614874,0.5692391475051674,0,-12.991895484498643
bond_length_control,272,52,17,52,1.4284121325737922,808.1338690171796,14.274366528622886,0.5073720000533147,0.5692391475051674,0,-4.483143651365163
bond_length_control,272,53,17,53,1.5076829518003587,457.89343290885125,-0.44021623418252775,0.5816762405978713,0.5692391475051674,1,-20.551187309031732
bond_length_control,272,54,18,53,1.3915936892307803,690.1440228943029,-36.25897597441478,0.5107846794425279,0.5692391475051674,0,-1.3199698293091178
bond_length_control,272,55,18,54,1.394643313107746,737.0561182386608,-4.018497658263073,0.4394977421976569,0.5692391475051674,0,-1.4836493480050947
bond_length_control,272,56,18,59,1.3586227970904872,462.3374060724537,13.51019859879318,0.4326625337546084,0.5692391475051674,0,-0.6475421887993118
bond_length_control,272,57,19,48,1.3976960556860405,1080.9663464658859,39.77073725167727,0.5163409453810223,0.5692391475051674,0,-1.6650272652657527
bond_length_control,272,58,19,54,1.4239075116319166,1157.3001053265864,26.2469739505121,0.4873210518276352,0.5692391475051674,0,-3.955258811804172
bond_length_control,272,59,19,55,1.4400350590993476,1027.2328452980469,-4.834623655647054,0.5264821758713487,0.5692391475051674,0,-6.030717338206922
bond_length_control,272,60,20,49,1.4482786101286846,1052.1114672557385,30.653385283640507,0.5381044599524814,0.5692391475051674,0,-7.292226065758573
bond_length_control,272,61,20,55,1.442694036782343,914.118779416276,-1.0917757135861863,0.5238137053011088,0.5692391475051674,0,-6.42266296609292
bond_length_control,272,62,20,56,1.4642188229377462,992.1891356100898,20.19066897827775,0.5415661020046366,0.5692391475051674,0,-10.123652505067744
bond_length_control,272,63,21,50,1.4696635184766897,683.1299293496031,21.406277318629613,0.517668468222493,0.5692391475051674,0,-11.210800047280467
bond_length_control,272,64,21,56,1.4854727850361757,617.1279597625496,4.39971834409777,0.5456170374378171,0.5692391475051674,0,-14.71959695349795
bond_length_control,272,65,21,57,1.4539879598120944,1014.5080163180711,2.101592298532015,0.4863629880709296,0.5692391475051674,0,-8.246579074301064
bond_length_control,272,66,22,51,1.3729434134323442,646.2280807099261,-16.894651031925395,0.4667480673625087,0.5692391475051674,0,-0.6954042891232088
bond_length_control,272,67,22,57,1.5679932541893589,-778.7612119765244,-70.18409710499715,0.43104153077623475,0.5692391475051674,0,-41.93613349887457
bond_length_control,272,68,22,58,1.38302118373268,730.582504082958,-12.562156965560709,0.4660972809288782,0.5692391475051674,0,-0.9529780918430202
bond_length_control,272,69,23,52,1.391189939517858,836.9499846549469,-24.720265008010728,0.4889425982981751,0.5692391475051674,0,-1.2996078651092269
bond_length_control,272,70,23,58,1.4192921902412998,990.7824704625616,-32.361616711735806,0.524675123130858,0.5692391475051674,0,-3.4556627983464856
bond_length_control,272,71,23,59,1.4597590797694635,921.7977681407012,-34.79954205674677,0.4851246931548121,0.5692391475051674,0,-9.278936232783915
bond_length_control,272,72,24,59,1.365370790663242,544.0061538352325,-45.18202087468207,0.43313012860609806,0.5692391475051674,0,-0.6239584721832099
bond_length_control,272,73,24,60,1.4179637344998497,884.8118800683095,1.063799789405147,0.4528082583501478,0.5692391475051674,0,-3.31956421339294
bond_length_control,272,74,24,65,1.36922978134322,556.1443391159622,-23.797593283362133,0.49591747694929533,0.5692391475051674,0,-0.6473620089958434
bond_length_control,272,75,25,54,1.3952894014603732,898.9145004397466,2.7960550040798915,0.46994365904888014,0.5692391475051674,0,-1.5205707061000275
bond_length_control,272,76,25,60,1.4210088577294262,891.3570388532718,-1.7815154536408984,0.4827865803498814,0.5692391475051674,0,-3.636626108204213
bond_length_control,272,77,25,61,1.411259329516806,864.8458634128018,17.923047883137762,0.49824836910793413,0.5692391475051674,0,-2.6849399795294353
bond_length_control,272,78,26,55,1.3453568607620479,358.2080391766703,-31.604517095897254,0.5562176501915239,0.5692391475051674,0,-0.930446239829239
bond_length_control,272,79,26,61,1.4699745602948722,1196.4439455656773,-12.70877326609493,0.5453612362068643,0.5692391475051674,0,-11.274769403818587
bond_length_control,272,80,26,62,1.4579003484252144,966.7377771876664,1.7873633670098295,0.5361364541593003,0.5692391475051674,0,-8.938979629957501
bond_length_control,272,81,27,56,1.3337586425438286,182.9981691865839,-23.379741051835065,0.534734979488556,0.5692391475051674,0,-1.4307803837352413
bond_length_control,272,82,27,62,1.4035874269051787,907.5516552241429,8.455960536501449,0.4969013867528047,0.5692391475051674,0,-2.0649295430275494
bond_length_control,272,83,27,63,1.4762188857051446,785.5028282406046,-5.2179090875351,0.5120036041822061,0.5692391475051674,0,-12.601819985223726
bond_length_control,272,84,28,57,1.4357755617954269,820.7181263633134,8.744188115008507,0.4833914200988775,0.5692391475051674,0,-5.432362782401862
bond_length_control,272,85,28,63,1.3499044339325905,479.93411553540847,11.827526093319468,0.5199140941594151,0.5692391475051674,0,-0.7984089241210999
bond_length_control,272,86,28,64,1.421627486482463,1091.5681932318075,11.106697078459222,0.5225778819026416,0.5692391475051674,0,-3.703249033599152
bond_length_control,272,87,29,58,1.5045118114186533,382.36277845802584,-34.45631702138457,0.5479151396447945,0.5692391475051674,0,-19.653066856568415
bond_length_control,272,88,29,64,1.3839240027024111,1009.8514511380831,-12.742380226826281,0.5520458512959153,0.5692391475051674,0,-0.9851895337942924
bond_length_control,272,89,29,65,1.4539765386392123,942.6788709668174,-36.32517472773166,0.571152058011946,0.5692391475051674,1,-8.24460365251816
bond_length_control,272,90,30,65,1.5042504418341427,396.97527995575877,0.5819660148585135,0.5449626721632337,0.5692391475051674,0,-19.580023753715764
bond_length_control,272,91,30,66,1.4138807909858728,1327.668015285471,-17.92027759212378,0.5207404687084178,0.5692391475051674,0,-2.9227268686331875
bond_length_control,272,92,30,71,1.355870100229959,332.5390738359764,-18.027697275350608,0.4737313461095712,0.5692391475051674,0,-0.6805811306237235
bond_length_control,272,93,31,60,1.4000056889859762,1064.8465150732889,-2.3722094161578746,0.5090392326933275,0.5692391475051674,0,-1.8139549190980535
bond_length_control,272,94,31,66,1.4742061863240825,849.841219434796,17.668172015400316,0.5279262478376592,0.5692391475051674,0,-12.165148930560514
bond_length_control,272,95,31,67,1.4263174698451468,815.7349638010452,5.649655593418783,0.49306375928482904,0.5692391475051674,0,-4.232711030404041
bond_length_control,272,96,32,61,1.3884939277158599,966.1568811483625,12.449645478195576,0.4878923366077488,0.5692391475051674,0,-1.1714598509803995
bond_length_control,272,97,32,67,1.3642134435966382,639.9137516377349,-8.51265911267311,0.4564550744411976,0.5692391475051674,0,-0.6221860062722175
bond_length_control,272,98,32,68,1.4262752838465955,998.2877017083886,-4.994787466537541,0.49197409827824845,0.5692391475051674,0,-4.227756128423229
bond_length_control,272,99,33,62,1.3957307147678037,778.1059694248004,-22.019277330657914,0.4864236573237086,0.5692391475051674,0,-1.546241961047997
bond_length_control,272,100,33,68,1.355483403622705,499.56966567412144,-16.515079548702946,0.49973020104177224,0.5692391475051674,0,-0.6863042963672559
bond_length_control,272,101,33,69,1.4331020702380592,887.6174947679198,-46.16087344772915,0.5110774616099863,0.5692391475051674,0,-5.075286160932579
bond_length_control,272,102,34,63,1.4199233841777372,990.6970781753321,-5.283564946046799,0.5577813091433179,0.5692391475051674,0,-3.5215322878000794
bond_length_control,272,103,34,69,1.4929114954212035,694.4903875035607,-5.499611501222546,0.5673328960001942,0.5692391475051674,0,-16.55414212924729
bond_length_control,272,104,34,70,1.487815870981913,562.9607113908353,-22.650070929773,0.5938558916106871,0.5692391475051674,1,-15.284677765114123
bond_length_control,272,105,35,64,1.4795904948901761,684.4639930814054,-13.652349186385273,0.5679305211103903,0.5692391475051674,0,-13.35243287558283
bond_length_control,272,106,35,70,1.4772933388401066,674.4475373163391,-12.312080142750961,0.6013413158345329,0.5692391475051674,1,-12.838420280075974
bond_length_control,272,107,35,71,1.3555789982095914,378.620210783722,12.267271095679362,0.5158054017727586,0.5692391475051674,0,-0.6848647197954367
bond_length_control,216,0,0,36,1.577275804620516,-839.842393802238,-95.49540256385615,0.43924960425363546,0.5655274345692367,0,-68.36946028311651
bond_length_control,216,1,0,41,1.2890980976895718,-1096.3794444328075,-136.34971239748074,0.42510994877401365,0.5655274345692367,0,11.577395326847977
bond_length_control,216,2,0,71,1.4647945168876988,740.9760158163257,55.678926539834414,0.4795836891667349,0.5655274345692367,0,-9.270127486649585
bond_length_control,216,3,1,36,1.4160139612200675,1263.4890779031482,45.109473381838505,0.4939943005135889,0.5655274345692367,0,4.623644032519408
bond_length_control,216,4,1,37,1.4728761922176914,992.734821739357,50.150679773522306,0.5454676428663692,0.5655274345692367,0,-12.226288962148512
bond_length_control,216,5,1,66,1.3605362235755984,365.1962797113102,5.600277730712685,0.5524224857477243,0.5655274345692367,0,12.599087497528778
bond_length_control,216,6,2,37,1.4592216142594043,1631.0129989876593,156.84820812591835,0.5342390630717355,0.5655274345692367,0,-7.342094388369656
bond_length_control,216,7,2,38,1.507203274900311,1754.5875855264703,111.8165886114271,0.5414621274985987,0.5655274345692367,0,-26.941103251312114
bond_length_control,216,8,2,67,1.2975200124296349,-1130.4331838700627,82.62256148981582,0.491424508382167,0.5655274345692367,0,12.321323720657148
bond_length_control,216,9,3,38,1.4079689039625443,1161.1273819414655,31.52283631226798,0.5248797420270095,0.5655274345692367,0,6.28296684671114
bond_length_control,216,10,3,39,1.3642450617389035,523.9135032422387,-27.02164307741138,0.5110686658490815,0.5655274345692367,0,12.31372084572346
bond_length_control,216,11,3,68,1.414905891413333,893.6114138989228,31.103640589000143,0.49860884198824323,0.5655274345692367,0,4.862573821313559
bond_length_control,216,12,4,39,1.4933992160044904,438.50796807697986,6.5731875848121515,0.535249825602382,0.5655274345692367,0,-20.598449532618176
bond_length_control,216,13,4,40,1.45271493499573,787.6532256382893,24.81840245782152,0.5037358851326009,0.5655274345692367,0,-5.204073357900647
bond_length_control,216,14,4,69,1.4438505873422611,754.9781969105961,-36.36389126528726,0.5247980348526451,0.5655274345692367,0,-2.4855272247835085
bond_length_control,216,15,5,40,1.3921728906281472,761.4590541770715,52.37196844122911,0.48480275696532926,0.5655274345692367,0,9.037424697018093
bond_length_control,216,16,5,41,1.5296114121029891,-100.87201677153976,-32.59272316032084,0.4572917113537731,0.5655274345692367,0,-38.4857677967375
bond_length_control,216,17,5,70,1.3825808275558156,918.2937930362441,88.83124322739025,0.5187176459360503,0.5655274345692367,0,10.38949331075623
bond_length_control,216,18,6,41,1.423132327420138,767.6298325397395,35.08029162199239,0.4821111901695757,0.5655274345692367,0,3.0090513837634325
bond_length_control,216,19,6,42,1.4596861848220046,931.2181185528369,21.748721885164933,0.5223879646982204,0.5655274345692367,0,-7.499395301149782
bond_length_control,216,20,6,47,1.3632141461133056,821.3352464746833,77.82364378492876,0.5378119508513648,0.5655274345692367,0,12.39651619291869
bond_length_control,216,21,7,36,1.4422759271323056,906.7576989670576,10.398029671749635,0.4926660026598985,0.5655274345692367,0,-2.025853383652098
bond_length_control,216,22,7,42,1.4327698726872296,716.9924439340587,15.68686628574071,0.5188031217089213,0.5655274345692367,0,0.6015125465106963
bond_length_control,216,23,7,43,1.4034817949738767,1027.3102435695712,12.387954509747258,0.5192927967026473,0.5655274345692367,0,7.13286744762148
bond_length_control,216,24,8,37,1.4099219172370374,968.2841053646314,-1.0224269882588324,0.516866103989268,0.5655274345692367,0,5.896190094607187
bond_length_control,216,25,8,43,1.4131269758793508,785.6722123345386,26.36102729618715,0.4920195556792366,0.5655274345692367,0,5.239200122487556
bond_length_control,216,26,8,44,1.4175956529199045,868.7897414145384,39.49062149213933,0.49138297908723505,0.5655274345692367,0,4.276814423933219
bond_length_control,216,27,9,38,1.475048152561588,537.2474133741844,38.78128792719544,0.5545138496474111,0.5655274345692367,0,-13.05331513618859
bond_length_control,216,28,9,44,1.4165655470942453,845.9416391621817,35.85763578196945,0.5218076603185149,0.5655274345692367,0,4.503465343266844
bond_length_control,216,29,9,45,1.38111574462722,595.2641423532762,54.71800500346763,0.5366186714200352,0.5655274345692367,0,10.574950410359396
bond_length_control,216,30,10,39,1.4355025600125257,906.9356172048351,-2.9779555073641757,0.5352588083480218,0.5655274345692367,0,-0.1279265333997568
bond_length_control,216,31,10,45,1.4458382570973571,910.4894048304777,6.512642125729856,0.5311747062985739,0.5655274345692367,0,-3.075749716260507
bond_length_control,216,32,10,46,1.4620664185905463,884.3808319071076,22.852980873092218,0.5321351106427026,0.5655274345692367,0,-8.315087997776935
bond_length_control,216,33,11,40,1.364940565329184,392.82085977733,42.48565825611909,0.5123446805157956,0.5655274345692367,0,12.256348964715215
bond_length_control,216,34,11,46,1.5165839400327854,245.73454354189627,55.48184263364394,0.5407349232802575,0.5655274345692367,0,-31.58409120513234
bond_length_control,216,35,11,47,1.4296695245009674,976.0301968763233,44.519002671856654,0.5405343955860287,0.5655274345692367,0,1.4039848014711929
bond_length_control,216,36,12,47,1.4904949728267243,534.9626817387887,11.118655771258913,0.5603070903636453,0.5655274345692367,0,-19.33742937868233
bond_length_control,216,37,12,48,1.4910748505732245,770.8199136520834,1.4475807049332112,0.5451711406113979,0.5655274345692367,0,-19.587186959360004
bond_length_control,216,38,12,53,1.322006901781384,-312.42795027956385,-65.39239055859773,0.5268824458687997,0.5655274345692367,0,13.555839962258503
bond_length_control,216,39,13,42,1.325010579016772,-203.96961062152192,45.217642213178905,0.5137821723778598,0.5655274345692367,0,13.61040321793967
bond_length_control,216,40,13,48,1.4368748353535499,652.6607938217019,6.690801352480603,0.514070208778757,0.5655274345692367,0,-0.5020756809523359
bond_length_control,216,41,13,49,1.4510873865609957,881.3150819531279,-11.448964574009908,0.4885005636965246,0.5655274345692367,0,-4.68820759874535
bond_length_control,216,42,14,43,1.5047239444935023,281.67659454741766,-22.936607770373143,0.4818547527382171,0.5655274345692367,0,-25.759164559734174
bond_length_control,216,43,14,49,1.3408025662448015,146.12416508819126,30.343448065188802,0.4560834690631558,0.5655274345692367,0,13.541506940884126
bond_length_control,216,44,14,50,1.3676291269066039,560.4063338569786,40.19017328350127,0.4811775644360555,0.5655274345692367,0,12.023071802138134
bond_length_control,216,45,15,44,1.4846075687210625,756.6891692978833,42.604310990785464,0.5204931532449626,0.5655274345692367,0,-16.858663556381757
bond_length_control,216,46,15,50,1.443658578140514,864.62948015226,51.754734282115386,0.5204525415348026,0.5655274345692367,0,-2.429102081279254
bond_length_control,216,47,15,51,1.4597757206165831,798.4426675107019,44.63908673165623,0.5193824977778434,0.5655274345692367,0,-7.529783036449089
bond_length_control,216,48,16,45,1.4401800280397026,894.1940536865825,38.820950351668984,0.5335595810052527,0.5655274345692367,0,-1.424838669902666
bond_length_control,216,49,16,51,1.3515439945251781,414.5248558679602,70.96249306126096,0.5176379144366134,0.5655274345692367,0,13.148042962800545
bond_length_control,216,50,16,52,1.432982620080033,888.3021905769112,43.67237307030288,0.5369244957713513,0.5655274345692367,0,0.5454690771048627
bond_length_control,216,51,17,46,1.3268529852264972,-314.0139732895178,-17.564768344657438,0.4890811371834195,0.5655274345692367,0,13.63324352360734
bond_length_control,216,52,17,52,1.3823836321445238,597.7835883954754,51.472675911746606,0.4914856476053894,0.5655274345692367,0,10.414778717285163
bond_length_control,216,53,17,53,1.433471233834455,858.6816684704455,5.051168592921828,0.45545596499434504,0.5655274345692367,0,0.4162788332215879
bond_length_control,216,54,18,53,1.422064918538509,737.4944391095574,-8.96369184532488,0.4828234286999209,0.5655274345692367,0,3.259979287442124
bond_length_control,216,55,18,54,1.4122537806525826,865.9325281210001,23.364051254934836,0.514753341361955,0.5655274345692367,0,5.420939058147224
bond_length_control,216,56,18,59,1.42534524428055,747.5765494364847,-0.24771433564444756,0.5063873399345801,0.5655274345692367,0,2.4788834292767534
bond_length_control,216,57,19,48,1.435249628239922,985.3492203558276,-1.3048999422931602,0.5201100030124874,0.5655274345692367,0,-0.05953821316496821
bond_length_control,216,58,19,54,1.4452460901971826,700.4730483541732,0.9577947072450035,0.5337512209319233,0.5655274345692367,0,-2.898743868095858
bond_length_control,216,59,19,55,1.4081554127934812,801.4502697006122,-14.895863505445822,0.49371722259374784,0.5655274345692367,0,6.246472988236
bond_length_control,216,60,20,49,1.3839126511078235,754.4816704001811,20.44440660632691,0.4582209676391419,0.5655274345692367,0,10.216081870882174
bond_length_control,216,61,20,55,1.328730166662616,-101.22588260790252,45.8554650213759,0.45739783230263464,0.5655274345692367,0,13.648175883110547
bond_length_control,216,62,20,56,1.4528399698333176,832.4357997994284,30.29719620597992,0.5046213725992851,0.5655274345692367,0,-5.24401665700973
bond_length_control,216,63,21,50,1.4166709885033284,875.5235680171313,27.061594495781296,0.5014655814143385,0.5655274345692367,0,4.480397872279363
bond_length_control,216,64,21,56,1.3690798072427395,606.0841500117486,45.30397440512877,0.522771891001582,0.5655274345692367,0,11.88959485222641
bond_length_control,216,65,21,57,1.4201091098930139,852.2187981687038,34.46136947266097,0.5096949632210254,0.5655274345692367,0,3.7116661069978516
bond_length_control,216,66,22,51,1.411291375937245,896.6099916839203,23.557440391613483,0.5142973602782976,0.5655274345692367,0,5.618860663352091
bond_length_control,216,67,22,57,1.3951530858360013,1003.9372096408712,55.054077112906185,0.5235967858419437,0.5655274345692367,0,8.568320662783727
bond_length_control,216,68,22,58,1.4666477416369281,676.4756247113702,25.62138778545455,0.5359846488587185,0.5655274345692367,0,-9.931200712379962
bond_length_control,216,69,23,52,1.4802382019941545,537.0091418321841,18.1200380443325,0.573134507074117,0.5655274345692367,1,-15.085786577474607
bond_length_control,216,70,23,58,1.363137200322377,512.1729183768847,32.541664154230304,0.5755352143198,0.5655274345692367,1,12.40258848359204
bond_length_control,216,71,23,59,1.4783319680413913,562.4602105543917,7.3198331914359205,0.5606687356977318,0.5655274345692367,0,-14.330052633905549
bond_length_control,216,72,24,59,1.4354676406810745,887.2557287997523,36.84066699435663,0.5381090788290603,0.5655274345692367,0,-0.11847434900800469
bond_length_control,216,73,24,60,1.3637752439792865,339.00609133674004,75.11043505335874,0.5441901354860383,0.5655274345692367,0,12.351785323872349
bond_length_control,216,74,24,65,1.476967920978945,682.7219980913113,46.68729163705221,0.5563890387608649,0.5655274345692367,0,-13.795857497437858
bond_length_control,216,75,25,54,1.4576118459241731,857.7595820021262,43.9094264583783,0.5577973284547229,0.5655274345692367,0,-6.8018392483312695
bond_length_control,216,76,25,60,1.468517326280184,854.6308112724107,44.7842431282495,0.5555123836843259,0.5655274345692367,0,-10.608226318428766
bond_length_control,216,77,25,61,1.366136215578689,749.2086141865066,74.18278570764062,0.5018634810969596,0.5655274345692367,0,12.154864494956016
bond_length_control,216,78,26,55,1.5444050623650332,-38.90981016382389,17.305711510566304,0.49757322167623386,0.5655274345692367,0,-46.973017785641886
bond_length_control,216,79,26,61,1.3666804110947868,533.053801727206,95.99133004849756,0.481673372656646,0.5655274345692367,0,12.107477095750312
bond_length_control,216,80,26,62,1.4482346183939956,915.455765191525,29.867351751851324,0.5261999922134825,0.5655274345692367,0,-3.802181811300155
bond_length_control,216,81,27,56,1.5262976824047014,158.31655457152604,32.03987938988265,0.5299511136746203,0.5655274345692367,0,-36.679788474221546
bond_length_control,216,82,27,62,1.4101758611419706,802.0710327748621,-6.765042698697377,0.5113543439152185,0.5655274345692367,0,5.845145291398449
bond_length_control,216,83,27,63,1.3941862150148667,931.8761814547833,11.04342721654121,0.5189689382084502,0.5655274345692367,0,8.723074009825606
bond_length_control,216,84,28,57,1.497608512234469,592.9036988437977,19.08773056603769,0.5445154009392502,0.5655274345692367,0,-22.47123488613054
bond_length_control,216,85,28,63,1.5050343493788296,382.5699443467207,18.68438297686779,0.5466101532536367,0.5655274345692367,0,-25.906109772959887
bond_length_control,216,86,28,64,1.3079501719758195,-649.5377946959303,-81.86766796268888,0.503621120641565,0.5655274345692367,0,13.017697861679991
bond_length_control,216,87,29,58,1.4413644171515663,846.7334343843434,58.935979543806816,0.5241127523665863,0.5655274345692367,0,-1.762954577537803
bond_length_control,216,88,29,64,1.4081907252735553,892.8340566046704,22.720547492421716,0.47083060905212604,0.5655274345692367,0,6.239552943786489
bond_length_control,216,89,29,65,1.4033728902466456,931.0461071409951,43.301811941642306,0.5275262336763226,0.5655274345692367,0,7.152826212365623
bond_length_control,216,90,30,65,1.4511988250990195,882.6644211269055,10.151588029242076,0.5448484200419073,0.5655274345692367,0,-4.723288329466715
bond_length_control,216,91,30,66,1.4633674182113836,996.4132546142893,28.175088068007156,0.5532962734022573,0.5655274345692367,0,-8.767848664056089
bond_length_control,216,92,30,71,1.4335658716690638,843.4543475843302,5.222044838744934,0.5352021730812212,0.5655274345692367,0,0.3911797368519334
bond_length_control,216,93,31,60,1.4253124355550992,1412.4546475813115,78.34489080662397,0.5301085073045104,0.5655274345692367,0,2.4868419161070827
bond_length_control,216,94,31,66,1.5013226905776724,534.7915503396321,52.009037943643285,0.5507552639396871,0.5655274345692367,0,-24.168281633648164
bond_length_control,216,95,31,67,1.4352041617944669,1058.3576921634165,74.80735512620173,0.5009858663687633,0.5655274345692367,0,-0.04726378706307699
bond_length_control,216,96,32,61,1.4262160130017016,728.5898593646945,72.69116507382311,0.4933231602483883,0.5655274345692367,0,2.266577210527353
bond_length_control,216,97,32,67,1.467449990091574,921.7118382868258,78.11126241980105,0.5178494219000075,0.5655274345692367,0,-10.220469846326594
bond_length_control,216,98,32,68,1.47085133967112,995.199007955757,11.709132039890248,0.541616140977673,0.5655274345692367,0,-11.467732864914947
bond_length_control,216,99,33,62,1.4288366384297155,934.2045788861127,-15.196698243955531,0.5185387023472836,0.5655274345692367,0,1.6150289210209041
bond_length_control,216,100,33,68,1.3685468599273598,639.5763276555126,18.679947079012717,0.5223050635197319,0.5655274345692367,0,11.939251919749047
bond_length_control,216,101,33,69,1.432587791101703,775.9375805195339,-26.012049975009027,0.5243130966308331,0.5655274345692367,0,0.6493779797661285
bond_length_control,216,102,34,63,1.4251606112228064,947.6448034047553,32.037394326765565,0.525649916197759,0.5655274345692367,0,2.5236317624578644
bond_length_control,216,103,34,69,1.391789022690215,772.1216503851938,23.790290816941614,0.5238097161880768,0.5655274345692367,0,9.096151264738133
bond_length_control,216,104,34,70,1.4382589714816956,867.258017396477,2.249473143107219,0.5366624554387538,0.5655274345692367,0,-0.8847860896979913
bond_length_control,216,105,35,64,1.4410293412512245,919.4087221039322,1.9075102714288112,0.5016178752981062,0.5655274345692367,0,-1.6668985620999095
bond_length_control,216,106,35,70,1.486906636709671,561.5231764134581,-14.374306345247751,0.5556194471511727,0.5655274345692367,0,-17.814313223240646
bond_length_control,216,107,35,71,1.3555066919424585,671.2309549833395,62.03433050733445,0.5486672529616168,0.5655274345692367,0,12.930965934485783
bond_length_control,99,0,0,36,1.3952778937924082,1270.9118841491054,28.892337308239686,0.5165376893866291,0.566918258860757,0,6.893444163609866
bond_length_control,99,1,0,41,1.4310879081560666,1408.2836250678206,54.85517275903869,0.5284554103755277,0.566918258860757,0,1.1628777394153798
bond_length_control,99,2,0,71,1.4676574620062197,1039.8000428422467,22.045020889287088,0.5278332598269031,0.566918258860757,0,-8.28404847139353
bond_length_control,99,3,1,36,1.4641297904183548,1055.737219137373,2.482729037987873,0.5370786313196884,0.566918258860757,0,-7.209418270982935
bond_length_control,99,4,1,37,1.4871363416473544,777.519036884732,-32.59208237366256,0.5820119601328304,0.566918258860757,1,-14.861820528647298
bond_length_control,99,5,1,66,1.3609596931199148,699.9097918928005,-61.92710879847636,0.47730494163640225,0.566918258860757,0,9.275073708165502
bond_length_control,99,6,2,37,1.4146969108198413,1122.3608577785428,3.9602597443838814,0.5526441269350819,0.566918258860757,0,4.207681857517835
bond_length_control,99,7,2,38,1.4285716894116385,1672.3289014513084,102.48705592557619,0.5201362874749982,0.566918258860757,0,1.677275868262428
bond_length_control,99,8,2,67,1.4634277341083601,895.3349654356404,-32.100670822109684,0.5361276952359921,0.566918258860757,0,-6.999773697654737
bond_length_control,99,9,3,38,1.4409808026597435,1359.360890282426,73.72830224396625,0.5381506831067917,0.566918258860757,0,-1.0267745470741687
bond_length_control,99,10,3,39,1.4854526873123652,798.8578243253799,14.215465915439895,0.5428999923151714,0.566918258860757,0,-14.24981043086859
bond_length_control,99,11,3,68,1.3719424198585595,897.4137116652499,-18.894093800838736,0.5361778486105946,0.566918258860757,0,8.834889840824603
bond_length_control,99,12,4,39,1.424306556894283,1223.5401778326811,66.208867197952,0.5212715085203518,0.566918258860757,0,2.5101129373813755
bond_length_control,99,13,4,40,1.4600560396758386,1266.4991327174127,45.51339336626775,0.52418881353133,0.566918258860757,0,-6.0123972733164255
bond_length_control,99,14,4,69,1.4320139647036425,1136.9343178069234,79.06067878797899,0.5310626211579912,0.566918258860757,0,0.9692369450274447
bond_length_control,99,15,5,40,1.421409255525466,1067.4168993907633,23.95360329703207,0.5072128360383772,0.566918258860757,0,3.0479325508775537
bond_length_control,99,16,5,41,1.4199146660146196,1179.8777147519647,33.308298478508725,0.49903845345485964,0.566918258860757,0,3.316571745535855
bond_length_control,99,17,5,70,1.3444407768812543,615.3148531393699,-104.02613797567611,0.5284522806331913,0.566918258860757,0,9.38019562401769
bond_length_control,99,18,6,41,1.4500041159604158,1239.7017165921145,44.25448643531663,0.5362599971816232,0.566918258860757,0,-3.258745951868095
bond_length_control,99,19,6,42,1.4041579268143196,1023.215237567263,-27.02760651049213,0.5466236264349262,0.566918258860757,0,5.787752058994473
bond_length_control,99,20,6,47,1.4641720040969162,1082.0748396766203,81.30445406222927,0.5545677770166769,0.566918258860757,0,-7.222068510383016
bond_length_control,99,21,7,36,1.3504144157683418,736.4301862221258,-48.37578345728119,0.5013540360014126,0.566918258860757,0,9.418602593009384
bond_length_control,99,22,7,42,1.4612646778881322,902.6144283961894,-13.363919745105978,0.5236353862436143,0.566918258860757,0,-6.362638658008807
bond_length_control,99,23,7,43,1.412120526414277,1188.5048296728783,24.960379934034478,0.5047058920494101,0.566918258860757,0,4.6210072513133005
bond_length_control,99,24,8,37,1.4754766903237728,771.2323608670819,-45.14707544277681,0.5646703541215103,0.566918258860757,0,-10.792837537403743
bond_length_control,99,25,8,43,1.4314892480523784,1201.176843203414,53.75159055412619,0.5230888813563659,0.566918258860757,0,1.0792425951810571
bond_length_control,99,26,8,44,1.38105814429307,939.9888343102733,1.1158679233799762,0.5040711536658473,0.566918258860757,0,8.240916018883608
bond_length_control,99,27,9,38,1.5224653899941771,550.6882020560846,-6.953522635686077,0.5171529840841197,0.566918258860757,0,-29.64715664595392
bond_length_control,99,28,9,44,1.369840121017628,914.5835773339045,-4.047484427462944,0.48906162308854045,0.566918258860757,0,8.942319870456659
bond_length_control,99,29,9,45,1.4170163676458452,1228.4303304779824,44.59524605018702,0.5102288693874839,0.566918258860757,0,3.820507479722382
bond_length_control,99,30,10,39,1.4336383690555357,1203.1968652970124,25.402162057374778,0.5232546019566234,0.566918258860757,0,0.6239366503728894
bond_length_control,99,31,10,45,1.4353534344742422,1131.9293851392574,23.858880484229502,0.511581178051608,0.566918258860757,0,0.25156171780212766
bond_length_control,99,32,10,46,1.4006738712048694,1158.0544301449643,36.91934610466585,0.5160861886358583,0.566918258860757,0,6.246007275358524
bond_length_control,99,33,11,40,1.4413507468315678,1189.5924852270211,52.60989456262767,0.5188367710074002,0.566918258860757,0,-1.1138583729570435
bond_length_control,99,34,11,46,1.3791743196122297,951.2260098995047,-7.728609317793373,0.5087510526756569,0.566918258860757,0,8.380813816516378
bond_length_control,99,35,11,47,1.4117443059031591,1108.809544388651,38.634685055253264,0.5289701682589363,0.566918258860757,0,4.67989341907563
bond_length_control,99,36,12,47,1.4495254302786742,1455.8294820491963,98.81126181427472,0.4709654360404842,0.566918258860757,0,-3.134666498986272
bond_length_control,99,37,12,48,1.2704604035168754,-1802.2724179385489,-974.8659636599222,0.4032147273311297,0.566918258860757,0,2.041547237157319
bond_length_control,99,38,12,53,1.55333753754407,-273.7161560566068,-243.70164612218056,0.44054289695025095,0.566918258860757,0,-45.695318157359054
bond_length_control,99,39,13,42,1.4319337157112662,1391.8957339279646,65.41846394813689,0.5246690957785738,0.566918258860757,0,0.9861094320863737
bond_length_control,99,40,13,48,1.4359386454988354,1108.7197109517165,33.19888810327407,0.46486253765096985,0.566918258860757,0,0.12266349029002388
bond_length_control,99,41,13,49,1.4628433409085704,917.9445580635467,4.553691705875343,0.5092696648566767,0.566918258860757,0,-6.826331672883205
bond_length_control,99,42,14,43,1.4240894280828373,1142.1225216008195,17.40804824612548,0.5099970375929859,0.566918258860757,0,2.551199587515364
bond_length_control,99,43,14,49,1.400252673546344,1064.6283779757146,25.192960306120696,0.5135271008652931,0.566918258860757,0,6.299263715924072
bond_length_control,99,44,14,50,1.4503281157367895,1170.0611192483277,58.75568768871771,0.5451641146492938,0.566918258860757,0,-3.3430917685087564
bond_length_control,99,45,15,44,1.4354314862908337,998.5660068337279,19.009331193965444,0.4922361387793495,0.566918258860757,0,0.23442414166073267
bond_length_control,99,46,15,50,1.4914856416419717,642.7506295959894,0.7732184112934846,0.5464209435261758,0.566918258860757,0,-16.481260451973498
bond_length_control,99,47,15,51,1.3276406306564732,184.6743702367166,-193.71100943825815,0.5461125935942377,0.566918258860757,0,8.815543733164803
bond_length_control,99,48,16,45,1.4280763974700144,1492.482368038719,42.40324525453585,0.5192352880438034,0.566918258860757,0,1.7765101653953979
bond_length_control,99,49,16,51,1.4799003374640132,886.2784983102609,12.033838223649624,0.5519444965597481,0.566918258860757,0,-12.290121889613827
bond_length_control,99,50,16,52,1.3498964485508096,476.5551957624997,-133.45023300887246,0.5183762839550019,0.566918258860757,0,9.418682080021748
bond_length_control,99,51,17,46,1.4868790981195366,738.1088199752298,-13.72385913910186,0.5577271304775825,0.566918258860757,0,-14.767775427945486
bond_length_control,99,52,17,52,1.4821012895703054,906.1191786386722,23.726785843476843,0.5523631158045306,0.566918258860757,0,-13.056208564333273
bond_length_control,99,53,17,53,1.380055403993674,1074.2111080422321,51.71887347790382,0.5475237069706287,0.566918258860757,0,8.3164986153861
bond_length_control,99,54,18,53,1.419191841171508,1154.7067301996062,66.56364900724337,0.4944951100476105,0.566918258860757,0,3.4443498626601503
bond_length_control,99,55,18,54,1.4201794142353472,1095.5241458204955,56.60483423254074,0.49686857478256796,0.566918258860757,0,3.2694211852327886
bond_length_control,99,56,18,59,1.4445125995750396,1260.264647296998,60.83093722681161,0.528471364302505,0.566918258860757,0,-1.8735438481501294
bond_length_control,99,57,19,48,1.4682900394520144,895.9050546386889,-10.269169943492189,0.46310239573705053,0.566918258860757,0,-8.480499555085457
bond_length_control,99,58,19,54,1.4041646998611172,1242.8559829577507,61.749740152535196,0.5028040300911293,0.566918258860757,0,5.786830339809013
bond_length_control,99,59,19,55,1.3916108903505433,1152.0747628442027,15.16430181099488,0.5032786985134383,0.566918258860757,0,7.290479943702168
bond_length_control,99,60,20,49,1.3691116641820165,944.6191308563805,-9.294682716510808,0.5419512481472579,0.566918258860757,0,8.97697556903873
bond_length_control,99,61,20,55,1.4583020479008901,1048.0525472553527,24.71553968608565,0.5377204237179389,0.566918258860757,0,-5.511458964435279
bond_length_control,99,62,20,56,1.489792017946348,932.818687230604,60.4972517129823,0.5285826889686782,0.566918258860757,0,-15.844042239600396
bond_length_control,99,63,21,50,1.3925216990724605,1076.515317895771,9.212998964833623,0.5282080581337342,0.566918258860757,0,7.195096174278758
bond_length_control,99,64,21,56,1.3950347390893878,1208.6272694721708,30.129527004214058,0.4832024851711536,0.566918258860757,0,6.920844194132629
bond_length_control,99,65,21,57,1.4497158138714759,1038.4706926418353,46.01268381823615,0.5191145745583174,0.566918258860757,0,-3.1839391275333195
bond_length_control,99,66,22,51,1.5100465912950438,603.2536315287365,21.597478619963695,0.5392896933981234,0.566918258860757,0,-24.02248162074656
bond_length_control,99,67,22,57,1.4423877941975165,1204.350244720892,23.925708458464598,0.5305045597546448,0.566918258860757,0,-1.3599859304425177
bond_length_control,99,68,22,58,1.3153675920989896,-10.08094794894604,-176.6075089339628,0.4876122082956845,0.566918258860757,0,7.984510812574571
bond_length_control,99,69,23,52,1.3992547644531308,1223.882723836744,38.9194721444474,0.5021048968539628,0.566918258860757,0,6.423598778363651
bond_length_control,99,70,23,58,1.400031666010393,1142.4302630885077,18.84432533866201,0.4839956243562702,0.566918258860757,0,6.327023431344479
bond_length_control,99,71,23,59,1.4787104272193827,957.7931471716782,12.053411229454476,0.5312417422749555,0.566918258860757,0,-11.88180319203873
bond_length_control,99,72,24,59,1.3988010816067669,1100.2131767849214,-11.508661701082904,0.5272521394609169,0.566918258860757,0,6.479270243185029
bond_length_control,99,73,24,60,1.4343604846189026,1135.4183963184742,30.798133333682934,0.5042700103997404,0.566918258860757,0,0.46812884376179476
bond_length_control,99,74,24,65,1.4129397793022083,1161.260929155175,44.93785774825003,0.5259474923295469,0.566918258860757,0,4.491482218418191
bond_length_control,99,75,25,54,1.4282346451321806,1107.4801641535958,18.13336149565048,0.5061824979270204,0.566918258860757,0,1.7448765565943045
bond_length_control,99,76,25,60,1.419391306627033,1236.1642467707109,20.621740467490586,0.5148031583857811,0.566918258860757,0,3.4092286086248524
bond_length_control,99,77,25,61,1.4581918625480277,1035.4858646121925,30.423052310650796,0.5333150462918314,0.566918258860757,0,-5.4802797394884895
bond_length_control,99,78,26,55,1.3968719546369812,1074.6722790626172,23.85495646716625,0.4996069244083335,0.566918258860757,0,6.710032337454054
bond_length_control,99,79,26,61,1.4218956578297974,1142.9195902017973,-16.804341796896686,0.5262648043508353,0.566918258860757,0,2.95921599231927
bond_length_control,99,80,26,62,1.4293905872616626,1058.614286520428,20.518584586292327,0.5104553080664482,0.566918258860757,0,1.511749349372736
bond_length_control,99,81,27,56,1.3309348968133548,190.0534147813908,-216.16647785128455,0.44653341331493523,0.566918258860757,0,8.978856117091526
bond_length_control,99,82,27,62,1.436825422005918,1262.9962681254628,34.316250283575755,0.46651953172231075,0.566918258860757,0,-0.07444148788373717
bond_length_control,99,83,27,63,1.366135362112736,906.6360079300308,-28.539007061988517,0.42697812520570344,0.566918258860757,0,9.104870046232337
bond_length_control,99,84,28,57,1.376512749553962,1070.8604736451464,11.918315213200845,0.5538996270930481,0.566918258860757,0,8.563207131042548
bond_length_control,99,85,28,63,1.438572462243123,1081.7249550651738,56.55525586671821,0.49843224959665244,0.566918258860757,0,-0.4690568625340088
bond_length_control,99,86,28,64,1.487440230353101,766.335115212928,1.3711254062349263,0.5062939867433165,0.566918258860757,0,-14.97316822361997
bond_length_control,99,87,29,58,1.4939715799927091,593.8815621805076,-32.01403778173091,0.5332981694567028,0.566918258860757,0,-17.431889775466153
bond_length_control,99,88,29,64,1.3590505937147113,808.9994183007491,-9.282318904275298,0.5285848805659314,0.566918258860757,0,9.321202631080554
bond_length_control,99,89,29,65,1.5172028048470592,527.9438808444213,12.180756352723098,0.5792396402440181,0.566918258860757,1,-27.206338152391552
bond_length_control,99,90,30,65,1.4592105560386663,1125.9553656643493,43.41058475009612,0.5510386255519449,0.566918258860757,0,-5.76984449811035
bond_length_control,99,91,30,66,1.3567931264326132,512.3755090529888,-90.12884761297242,0.4587903670114153,0.566918258860757,0,9.364220996994868
bond_length_control,99,92,30,71,1.4383860294534674,1167.5974282207867,38.64619796517127,0.5298596271349754,0.566918258860757,0,-0.4265473716089154
bond_length_control,99,93,31,60,1.4413627598020127,1163.0230831466515,-4.922396685698743,0.4976295212334788,0.566918258860757,0,-1.1166925089468531
bond_length_control,99,94,31,66,1.3947839595936422,982.6819395618852,1.971827066067522,0.4270587446227556,0.566918258860757,0,6.948943533590905
bond_length_control,99,95,31,67,1.364712789600622,892.7902500828142,-40.289546235327805,0.515249331420094,0.566918258860757,0,9.158243251762473
bond_length_control,99,96,32,61,1.460482444677104,1008.7490819684941,-1.1252544642240543,0.5414293103209509,0.566918258860757,0,-6.135490307255411
bond_length_control,99,97,32,67,1.435574357374838,1255.1106485137195,23.063772496731723,0.5405372326015156,0.566918258860757,0,0.20301130957503588
bond_length_control,99,98,32,68,1.4125701275924019,1251.7100252295202,7.350461388978092,0.5225729903443246,0.566918258860757,0,4.5501445569712455
bond_length_control,99,99,33,62,1.3543602829622987,752.2208163573418,-52.99897534451305,0.537252554327291,0.566918258860757,0,9.396640823160434
bond_length_control,99,100,33,68,1.4472621315201322,1011.5535726887383,12.722878426876235,0.534205730635052,0.566918258860757,0,-2.5566329596116404
bond_length_control,99,101,33,69,1.4623369474628525,1130.4119856994203,44.3968991569081,0.5507189869772682,0.566918258860757,0,-6.676822208821571
bond_length_control,99,102,34,63,1.3609623746578443,590.46910576607,-78.81874274510321,0.45732578391579226,0.566918258860757,0,9.275002619184031
bond_length_control,99,103,34,69,1.3788940341399767,1060.5536370117184,19.9154783668552,0.5103336230823767,0.566918258860757,0,8.400862477413332
bond_length_control,99,104,34,70,1.4686334325071677,993.6854046011656,31.734258042560082,0.5246992600505295,0.566918258860757,0,-8.587621021370223
bond_length_control,99,105,35,64,1.3628421712751229,651.6656749163632,-37.30351597279317,0.5016351885254037,0.566918258860757,0,9.220814364833723
bond_length_control,99,106,35,70,1.4669723386570621,1045.8109206246886,31.2502880728922,0.5611469275134768,0.566918258860757,0,-8.072566903977277
bond_length_control,99,107,35,71,1.435501704939438,1259.7962051466875,69.64838819880191,0.5311109497865206,0.566918258860757,0,0.21899224966322084
bond_length_control,20,0,0,36,1.4272601312761404,1125.6422778969873,-71.89405221314445,0.5074489562814233,0.568261628506895,0,17.744979830020384
bond_length_control,20,1,0,41,1.3793805609688585,1115.0126759310508,-59.124230887621614,0.4792538097623582,0.568261628506895,0,25.086654592592172
bond_length_control,20,2,0,71,1.4121375606033402,1225.251743619496,-88.91579830588798,0.4901316844473089,0.568261628506895,0,20.850940563155064
bond_length_control,20,3,1,36,1.4450267233765153,1039.522984143436,-68.47786785020615,0.5355542873877628,0.568261628506895,0,13.138798213313837
bond_length_control,20,4,1,37,1.4436903277492175,1317.0328173178523,-52.26811380791291,0.5314338467662791,0.568261628506895,0,13.521764694252571
bond_length_control,20,5,1,66,1.3794269971683102,1143.2875682076622,-80.45760914307981,0.5315140055209515,0.568261628506895,0,25.083009812617266
bond_length_control,20,6,2,37,1.4317919553624605,1340.0547659496942,-83.79436161292686,0.5335013715907352,0.568261628506895,0,16.669192901048415
bond_length_control,20,7,2,38,1.3777284112849286,846.9539541493409,-77.3063203647698,0.5016074417547711,0.568261628506895,0,25.212043133719643
bond_length_control,20,8,2,67,1.493337448698108,913.0185040580217,-70.68078977632719,0.5720266248159301,0.568261628506895,1,-4.812898474497107
bond_length_control,20,9,3,38,1.4371274387055495,1322.118519623883,-30.108225824452564,0.5045469755317737,0.568261628506895,0,15.315923880938092
bond_length_control,20,10,3,39,1.3821886450562697,1242.6933041925595,-63.557264391189086,0.532195171681141,0.568261628506895,0,24.85437106216128
bond_length_control,20,11,3,68,1.4839530741782816,902.2049641279193,-20.59902643284177,0.5495751144842398,0.568261628506895,0,-0.688835295943445
bond_length_control,20,12,4,39,1.450338701430025,968.5272763665932,-55.915310335641855,0.5040814171738089,0.568261628506895,0,11.557249621957123
bond_length_control,20,13,4,40,1.3915885438910476,1114.3711276620556,-64.50426922122305,0.49941073735160335,0.568261628506895,0,23.90004503804899
bond_length_control,20,14,4,69,1.4050879365332645,1145.8429777376116,-93.16347324888153,0.5509259038170009,0.568261628506895,0,22.04748219211022
bond_length_control,20,15,5,40,1.499869822295866,732.9355212593568,-83.07081256568345,0.5326403059481738,0.568261628506895,0,-7.86935172642384
bond_length_control,20,16,5,41,1.4525179927667715,1037.2892496425789,-57.20304299694846,0.5174820135593949,0.568261628506895,0,10.880875065498667
bond_length_control,20,17,5,70,1.350827889230057,629.5886998187849,-98.58862585760944,0.5294852426902387,0.568261628506895,0,26.095784937484485
bond_length_control,20,18,6,41,1.3744706699585065,849.5626942689796,-77.44070444051069,0.4890408542980459,0.568261628506895,0,25.434899865590754
bond_length_control,20,19,6,42,1.4426090634196853,1180.9334222019888,-70.62351144094986,0.47647006610292586,0.568261628506895,0,13.827244063059462
bond_length_control,20,20,6,47,1.4150946466580918,1237.5526559241453,-62.616626243363086,0.537157680556239,0.568261628506895,0,20.301715794288135
bond_length_control,20,21,7,36,1.386392749253066,885.618287529597,-89.38275683577992,0.47812339142312926,0.568261628506895,0,24.46130982437018
bond_length_control,20,22,7,42,1.346649345535917,451.31673408137203,-140.1290520390642,0.43735745670894405,0.568261628506895,0,26.040368112079694
bond_length_control,20,23,7,43,1.4157202436205707,1142.4295882550264,-63.11754470257935,0.4797157496708743,0.568261628506895,0,20.181920979706206
bond_length_control,20,24,8,37,1.4538026701781,1283.2330676108375,-43.84212060223435,0.5318649725686788,0.568261628506895,0,10.474623184309117
bond_length_control,20,25,8,43,1.3881583463257978,1044.6093815190968,-40.61649327508025,0.5375777714379076,0.568261628506895,0,24.279972011767537
bond_length_control,20,26,8,44,1.4401596807695005,1634.2077956911733,-41.39989860533357,0.5479640784750792,0.568261628506895,0,14.504803933491036
bond_length_control,20,27,9,38,1.3693034469543006,816.9582891343694,-71.28927101507063,0.47704742967969754,0.568261628506895,0,25.72232767846293
bond_length_control,20,28,9,44,1.399562205248922,1124.6498874507301,-78.03471784973574,0.5250404654220621,0.568261628506895,0,22.875065462008372
bond_length_control,20,29,9,45,1.4600443538448846,941.496650127527,-52.405317759461106,0.5117585692205419,0.568261628506895,0,8.420945049649962
bond_length_control,20,30,10,39,1.4100315209264727,1054.0856395191688,-27.889972865344628,0.5167023595899379,0.568261628506895,0,21.22500958373577
bond_length_control,20,31,10,45,1.4416388473724464,1161.689226943467,-31.445389314236113,0.5237653029814151,0.568261628506895,0,14.098024068653315
bond_length_control,20,32,10,46,1.439490223831727,1069.6405057752665,-60.90937738788022,0.533696702217693,0.568261628506895,0,14.686512360790868
bond_length_control,20,33,11,40,1.3949974365362174,994.8154853050465,-90.6351710698763,0.5064586478960242,0.568261628506895,0,23.486194771617104
bond_length_control,20,34,11,46,1.4119982886232738,1215.1960454438633,-58.457096786928275,0.5281236703459851,0.568261628506895,0,20.87611603319744
bond_length_control,20,35,11,47,1.4605440402467758,1014.9098215435844,-69.77697175281513,0.5394171817654385,0.568261628506895,0,8.250786506708668
bond_length_control,20,36,12,47,1.4816659691761422,881.4980058809352,-55.80646360676967,0.5364478128122752,0.568261628506895,0,0.26895381470956536
bond_length_control,20,37,12,48,1.4011138622985861,1102.665463317841,-59.411565533596665,0.5070595222836335,0.568261628506895,0,22.652413450605245
bond_length_control,20,38,12,53,1.392052153757254,1041.5185140078543,-92.89011946074416,0.4538028330918445,0.568261628506895,0,23.845890323391767
bond_length_control,20,39,13,42,1.3739360121208932,894.7374180795813,-81.76402192172426,0.46248194911535956,0.568261628506895,0,25.468391566694738
bond_length_control,20,40,13,48,1.4047724513012476,1090.728412158232,-76.7053087867436,0.49378127304003105,0.568261628506895,0,22.097332419332048
bond_length_control,20,41,13,49,1.4281866018008533,1121.741825698151,-70.47761397648333,0.4866353877207329,0.568261628506895,0,17.53052823965511
bond_length_control,20,42,14,43,1.4844020720213884,988.904976086199,-62.31076634827348,0.5351297898694646,0.568261628506895,0,-0.8790341051577464
bond_length_control,20,43,14,49,1.4219433162773885,1065.645974397786,-58.4225741561631,0.5169249355129077,0.568261628506895,0,18.921473263986247
bond_length_control,20,44,14,50,1.445400318438671,1246.1854392058065,-80.71398270349852,0.5514535038374323,0.568261628506895,0,13.030667789541448
bond_length_control,20,45,15,44,1.4670062928834338,1193.4231752186884,-54.97376777965748,0.5372306751472622,0.568261628506895,0,5.97295779081173
bond_length_control,20,46,15,50,1.3782690745241761,944.3496827710807,-82.84448530943868,0.5431680820780584,0.568261628506895,0,25.171927825741665
bond_length_control,20,47,15,51,1.4153679141784008,1253.6121356298293,-58.458759448015044,0.5349098580641116,0.568261628506895,0,20.249543069728503
bond_length_control,20,48,16,45,1.4574379752827364,1126.9740999694761,-71.86715372450998,0.5377787098093902,0.568261628506895,0,9.294658906745983
bond_length_control,20,49,16,51,1.4441702989367102,1232.4826376765566,-48.66060483505435,0.5487397889277599,0.568261628506895,0,13.384909369060905
bond_length_control,20,50,16,52,1.3905866176737438,1011.4048210095985,-74.69236526264079,0.5360430098102795,0.568261628506895,0,24.014796366252728
bond_length_control,20,51,17,46,1.4743964569341839,957.9788737644153,-71.99984438296545,0.533325072181468,0.568261628506895,0,3.1911826038011277
bond_length_control,20,52,17,52,1.4176850051998708,1228.7232843042793,-84.01415086526731,0.5216579729460793,0.568261628506895,0,19.797491742822476
bond_length_control,20,53,17,53,1.3515001900725525,604.6042989646697,-118.33820826125536,0.46197360388049086,0.568261628506895,0,26.09992380901736
bond_length_control,20,54,18,53,1.389162286845082,917.9804546720508,-61.70464470951486,0.43125926286418637,0.568261628506895,0,24.172556441939083
bond_length_control,20,55,18,54,1.399803128845673,1077.2663470917073,-83.61971211790686,0.5100653710640919,0.568261628506895,0,22.840992059059534
bond_length_control,20,56,18,59,1.4200717133915812,1149.660023642019,-80.57686266904652,0.4971368745671678,0.568261628506895,0,19.313732895456205
bond_length_control,20,57,19,48,1.472371820213334,923.0393942512264,-68.55433936812969,0.543157840892849,0.568261628506895,0,3.972156541444459
bond_length_control,20,58,19,54,1.4616454935583776,1172.8210699261758,-35.786986398676945,0.5687072599009657,0.568261628506895,1,7.872687639960976
bond_length_control,20,59,19,55,1.3635515708083792,712.9748317638919,-67.03902084535738,0.4915793812573834,0.568261628506895,0,25.947630128271566
bond_length_control,20,60,20,49,1.4073228682591175,1175.591513338612,-94.27551192317665,0.4895291769799949,0.568261628506895,0,21.6852878475761
bond_length_control,20,61,20,55,1.3863916610802636,947.1277332134596,-92.19584182543899,0.44509660266382733,0.568261628506895,0,24.46141861410147
bond_length_control,20,62,20,56,1.4314904018857733,1193.7216129833196,-58.60192655020716,0.48632174505476305,0.568261628506895,0,16.7428726345039
bond_length_control,20,63,21,50,1.4657229135705323,1140.1870340155515,-92.30882444275481,0.5350129941707928,0.568261628506895,0,6.436765088709869
bond_length_control,20,64,21,56,1.4059172675575764,1210.1872369993555,-71.98283165882167,0.4972769939210364,0.568261628506895,0,21.914932108976693
bond_length_control,20,65,21,57,1.3936251592727273,1037.8899281918266,-77.82370574430148,0.5357542525875661,0.568261628506895,0,23.65715433094572
bond_length_control,20,66,22,51,1.5052072761152144,932.6153713874569,-81.32576419191149,0.522293553210957,0.568261628506895,0,-10.480941002048414
bond_length_control,20,67,22,57,1.4473606967411607,1095.4800024675274,-70.70502882195767,0.5312930356416772,0.568261628506895,0,12.45559128670762
bond_length_control,20,68,22,58,1.2994879373050297,-674.7488388480168,-355.5948932502951,0.49020300917886667,0.568261628506895,0,21.957538624648354
bond_length_control,20,69,23,52,1.4545311517318689,1147.3874411536976,-82.32698314657979,0.5171214920735989,0.568261628506895,0,10.241768926764095
bond_length_control,20,70,23,58,1.4465094250986659,981.5559196596532,-99.07604338383966,0.49772772715898883,0.568261628506895,0,12.706897455303046
bond_length_control,20,71,23,59,1.4360431088312544,1142.1428443616194,-81.81323406410431,0.523314734710992,0.568261628506895,0,15.598571021043561
bond_length_control,20,72,24,59,1.4763003501013354,892.9655106772012,-80.64340785950222,0.5468610067129481,0.568261628506895,0,2.4437386006165873
bond_length_control,20,73,24,60,1.3499584875616006,647.908362867656,-93.2501743432376,0.5569873079794385,0.568261628506895,0,26.088466000156384
bond_length_control,20,74,24,65,1.4498066235136442,1056.052793058989,-54.298443126150524,0.5354009721924811,0.568261628506895,0,11.71994977944441
bond_length_control,20,75,25,54,1.4495882432617566,1159.530524605913,-52.02192417416589,0.5521729062654839,0.568261628506895,0,11.786450077925156
bond_length_control,20,76,25,60,1.4461111321203888,1134.0490112877849,-73.22172416259465,0.5493707110350501,0.568261628506895,0,12.823642369710875
bond_length_control,20,77,25,61,1.39768012510088,1127.9198843037545,-55.76058381313664,0.553760205852817,0.568261628506895,0,23.134960538631123
bond_length_control,20,78,26,55,1.3932737239050235,950.606872573545,-99.47479354393934,0.4470367325057275,0.568261628506895,0,23.69999051575205
bond_length_control,20,79,26,61,1.519936737897425,308.01303956720204,-111.86778099004555,0.5257519107366428,0.568261628506895,0,-18.227139155916827
bond_length_control,20,80,26,62,1.3840744233908644,1081.2803715915481,-72.25671105148133,0.5291146414578849,0.568261628506895,0,24.684793787363915
bond_length_control,20,81,27,56,1.384727302161654,1088.056166045728,-80.71391718105632,0.4637843276500171,0.568261628506895,0,24.62353360443668
bond_length_control,20,82,27,62,1.4492843682772458,1355.8574095685262,-89.31735662572483,0.5046370942112387,0.568261628506895,0,11.87871719736366
bond_length_control,20,83,27,63,1.322545042012971,10.983454071399002,-161.93351379780424,0.47350089864322376,0.568261628506895,0,24.736105651489456
bond_length_control,20,84,28,57,1.473325347120256,1231.2941474024065,-76.27041043468499,0.5438657118953412,0.568261628506895,0,3.606126478582599
bond_length_control,20,85,28,63,1.4228230206909196,1431.9436575182958,-72.68676960507689,0.5151050242220181,0.568261628506895,0,18.733171581656784
bond_length_control,20,86,28,64,1.3435284330709907,518.4318100778597,-124.72046038392851,0.5295108235731478,0.568261628506895,0,25.96573627125186
bond_length_control,20,87,29,58,1.4428773209088557,1543.4419391837148,-68.2735776062566,0.5027147558163756,0.568261628506895,0,13.75182046050347
bond_length_control,20,88,29,64,1.4316263847122916,1168.6625566681885,-37.860794699393544,0.5294498939569929,0.568261628506895,0,16.709684480230404
bond_length_control,20,89,29,65,1.3965714723442864,1194.2359527783137,-63.17840143441196,0.5168417288479117,0.568261628506895,0,23.282846736693305
bond_length_control,20,90,30,65,1.4138828456100274,1291.9839640535047,-38.1313214234911,0.500168994108264,0.568261628506895,0,20.530181337824107
bond_length_control,20,91,30,66,1.4056486968432185,1122.413420123906,-67.2256836481528,0.504434435040241,0.568261628506895,0,21.958096207255892
bond_length_control,20,92,30,71,1.4363363995668261,1178.0097298187973,-100.03191583855198,0.4911574450729379,0.568261628506895,0,15.522504746153768
bond_length_control,20,93,31,60,1.4603833153671382,1001.0012826061871,-35.5824582436488,0.5657269058401151,0.568261628506895,0,8.305611503505528
bond_length_control,20,94,31,66,1.4868916088105226,760.6319565606111,-69.82830434639335,0.5484060109851346,0.568261628506895,0,-1.9465628264149721
bond_length_control,20,95,31,67,1.392660360963325,1061.363543829854,-73.74552417145684,0.5868511054556571,0.568261628506895,1,23.77382977964778
bond_length_control,20,96,32,61,1.4532113505353323,1236.3939870002553,-56.73970267682103,0.5522832271289402,0.568261628506895,0,10.662310429297953
bond_length_control,20,97,32,67,1.474130816983689,897.5751171431599,-92.08349125309311,0.5690179319267152,0.568261628506895,1,3.2944634898303313
bond_length_control,20,98,32,68,1.426315517219004,1173.386412294887,-44.5152918928657,0.5436268878180222,0.568261628506895,0,17.960739507201936
bond_length_control,20,99,33,62,1.4724438091439795,1072.642835918875,-34.996534650524936,0.5812175900763691,0.568261628506895,1,3.9446326148725213
bond_length_control,20,100,33,68,1.3786202263966547,957.278140530215,-67.0101735168536,0.5691985200442091,0.568261628506895,1,25.14539543883308
bond_length_control,20,101,33,69,1.4961273207989454,949.3229891382242,-74.74147558015376,0.5986630638843025,0.568261628506895,1,-6.099509644404943
bond_length_control,20,102,34,63,1.5040978475752855,669.0533225427681,-99.69146032665955,0.5556018384857444,0.568261628506895,0,-9.929605909412867
bond_length_control,20,103,34,69,1.4891694333419965,820.7586038935042,-87.6357953737891,0.6041835078616927,0.568261628506895,1,-2.9425640791019028
bond_length_control,20,104,34,70,1.3947236898514626,930.2693423136342,-89.2415225049592,0.5495132781383599,0.568261628506895,0,23.520768299017274
bond_length_control,20,105,35,64,1.4672970427720102,827.4361677571441,-57.54269367470864,0.556145922263094,0.568261628506895,0,5.8670920583133
bond_length_control,20,106,35,70,1.4715779301356502,934.7971812671874,-73.03512053817505,0.5356515625645796,0.568261628506895,0,4.2744935625655565
bond_length_control,20,107,35,71,1.4039679464429167,1070.7118622223707,-76.78591817086601,0.5345262081186866,0.568261628506895,0,22.223024935127114
bond_length_control,6,0,0,36,1.512807542241714,-256.2016586006757,-94.32052697934259,0.4860378165809795,0.5690597253687316,0,-33.849683787209976
bond_length_control,6,1,0,41,1.3980260636793633,733.2810289553784,41.12987586470926,0.5342916325583331,0.5690597253687316,0,7.461635869695192
bond_length_control,6,2,0,71,1.4479451898230502,484.87072084168426,26.86910616483245,0.5370932387138303,0.5690597253687316,0,-6.691657556173279
bond_length_control,6,3,1,36,1.3368541909021847,-93.7096501835284,-70.89106173641399,0.49447006232064905,0.5690597253687316,0,17.41352333347431
bond_length_control,6,4,1,37,1.4676871675821794,446.0941201576456,5.373655200626243,0.5572917846292069,0.5690597253687316,0,-13.87624133656837
bond_length_control,6,5,1,66,1.4895188235436283,407.79946652298673,-1.667828761043183,0.5649689576868174,0.5690597253687316,0,-22.912020315717953
bond_length_control,6,6,2,37,1.407602352404,824.8432569137588,52.125684305200174,0.49406540009188427,0.5690597253687316,0,5.1804974092842455
bond_length_control,6,7,2,38,1.4089936063053474,804.539890156359,31.156625752292445,0.46173135491874595,0.5690597253687316,0,4.832253214894933
bond_length_control,6,8,2,67,1.409097238737353,977.732351434529,54.89778229121338,0.4793945159837881,0.5690597253687316,0,4.806141203881064
bond_length_control,6,9,3,38,1.31106449947521,-540.2987049725903,-82.78235655252526,0.4625673184122719,0.5690597253687316,0,19.32172038345776
bond_length_control,6,10,3,39,1.3988345383515939,836.1464332239464,12.779740898498291,0.49615654510345575,0.5690597253687316,0,7.276837440057939
bond_length_control,6,11,3,68,1.456379939488702,512.8944715415427,22.956978792711237,0.47897171930546656,0.5690597253687316,0,-9.6483123839393
bond_length_control,6,12,4,39,1.4304908949047501,995.303866916282,44.558141234770055,0.5305037149279146,0.5690597253687316,0,-1.0997937829950974
bond_length_control,6,13,4,40,1.4573602841247348,824.2281057087235,25.391275953754935,0.5134737532117933,0.5690597253687316,0,-10.002836896090654
bond_length_control,6,14,4,69,1.4426351545184186,714.0036044150602,16.25586852930047,0.5186392456197504,0.5690597253687316,0,-4.915804115388474
bond_length_control,6,15,5,40,1.482806270524472,439.69943101205513,5.069047858621448,0.5430067779824028,0.5690597253687316,0,-20.009976399325875
bond_length_control,6,16,5,41,1.4683657022481278,573.1015191918001,54.193876009183796,0.5442136518492742,0.5690597253687316,0,-14.139673620886821
bond_length_control,6,17,5,70,1.3400064190985024,102.56486402668396,17.59510860079231,0.550838908018422,0.5690597253687316,0,17.089811336787164
bond_length_control,6,18,6,41,1.408039849738852,494.1527546791502,-1.7754282287582925,0.5241025384822492,0.5690597253687316,0,5.0714501942452905
bond_length_control,6,19,6,42,1.4418386972901165,722.8834662635694,35.3285240499458,0.5105911317151953,0.5690597253687316,0,-4.655102135943394
bond_length_control,6,20,6,47,1.4532042562822578,654.5872055161626,22.018003140876193,0.5301994523424811,0.5690597253687316,0,-8.515478223255013
bond_length_control,6,21,7,36,1.3503225166810224,252.82215227983895,-63.00562660643581,0.45003530574835526,0.5690597253687316,0,15.889995973667798
bond_length_control,6,22,7,42,1.3891898076777023,669.8263672533744,-54.14530297706029,0.48477771495865496,0.5690597253687316,0,9.38858052572554
bond_length_control,6,23,7,43,1.486197240791876,462.93978238735235,14.472373370119293,0.5235224661850956,0.5690597253687316,0,-21.462144789810345
bond_length_control,6,24,8,37,1.4356560500869449,805.1063334746563,30.046292699906967,0.54166075325909,0.5690597253687316,0,-2.681295364052019
bond_length_control,6,25,8,43,1.4660196517225863,660.4199166390721,-14.97273976479991,0.5523261913872723,0.5690597253687316,0,-13.233544705063188
bond_length_control,6,26,8,44,1.397948557628855,721.3879349687054,9.033872440434472,0.5107222974453045,0.5690597253687316,0,7.4792768530825455
bond_length_control,6,27,9,38,1.4829563837218505,478.95963106961295,34.324755365077664,0.5164333062385221,0.5690597253687316,0,-20.073665087049896
bond_length_control,6,28,9,44,1.4359840414582226,792.7116590349133,18.729394842182167,0.5178288955978749,0.5690597253687316,0,-2.7837905078794343
bond_length_control,6,29,9,45,1.4758068530559516,801.6493179225879,-1.4750625448706514,0.5439647208558536,0.5690597253687316,0,-17.101423050148647
bond_length_control,6,30,10,39,1.4787917995816042,759.5788388734144,33.035926244296995,0.5689578782324187,0.5690597253687316,0,-18.32719067622885
bond_length_control,6,31,10,45,1.4008792418464744,809.5370280059518,-7.6847516122960915,0.5629000661585661,0.5690597253687316,0,6.803077963625965
bond_length_control,6,32,10,46,1.4882454706764272,556.0280638258026,69.58686179706883,0.5840072128452363,0.5690597253687316,1,-22.35298476114088
bond_length_control,6,33,11,40,1.4605736530922442,713.2586949668197,32.06436386028285,0.5315166686110008,0.5690597253687316,0,-11.180871851451826
bond_length_control,6,34,11,46,1.3873164073563882,648.1061033396796,67.49487951429394,0.5635959649399396,0.5690597253687316,0,9.775382339693788
bond_length_control,6,35,11,47,1.4436925964536929,783.93065895282,0.8867634659588363,0.538820456338104,0.5690597253687316,0,-5.264210529561998
bond_length_control,6,36,12,47,1.480112320283898,599.6917391713013,13.269682950057259,0.5458222443273271,0.5690597253687316,0,-18.87638295823436
bond_length_control,6,37,12,48,1.4812090871162047,784.255059204561,38.88795181808332,0.5632686056669548,0.5690597253687316,0,-19.33575289439922
bond_length_control,6,38,12,53,1.3194153794071812,-568.0670193697476,-86.86939242987145,0.5228555723356119,0.5690597253687316,0,18.84681705642695
bond_length_control,6,39,13,42,1.397917782024214,1001.5096772887753,18.145901786147924,0.5184159174469171,0.5690597253687316,0,7.486277978945665
bond_length_control,6,40,13,48,1.4715083994397427,646.2225431165689,3.1263872257340055,0.5554705994138307,0.5690597253687316,0,-15.374231330479574
bond_length_control,6,41,13,49,1.4419089529102878,712.3443846482545,62.14941855192017,0.5221038597531189,0.5690597253687316,0,-4.678039484719261
bond_length_control,6,42,14,43,1.4265695169861161,721.2679775881002,-1.1026666036922372,0.5308142804407978,0.5690597253687316,0,0.06014290134976186
bond_length_control,6,43,14,49,1.3207089036908124,-434.7137483222426,8.191289990954095,0.49575747152055916,0.5690597253687316,0,18.761103829912727
bond_length_control,6,44,14,50,1.4578976812396982,601.8560603092232,5.908720085953758,0.5375238685140042,0.5690597253687316,0,-10.198142992684966
bond_length_control,6,45,15,44,1.3602829853449783,308.2441037058075,-7.147978995634841,0.5153309729140048,0.5690597253687316,0,14.525119484353493
bond_length_control,6,46,15,50,1.4756196545175349,727.460457271621,31.286857230608415,0.5636444549291789,0.5690597253687316,0,-17.025271443683316
bond_length_control,6,47,15,51,1.4377228773527535,923.422207468908,37.44986153158727,0.5367701703433755,0.5690597253687316,0,-3.3313048353170984
bond_length_control,6,48,16,45,1.4223240971496969,714.5571338403607,51.73461514566796,0.5035463276485089,0.5690597253687316,0,1.276528607948527
bond_length_control,6,49,16,51,1.415942312609071,845.3572913104397,16.958626074961764,0.4988496998199011,0.5690597253687316,0,3.0284501322423303
bond_length_control,6,50,16,52,1.344274885526911,69.85162216648033,55.24320776273564,0.48452290075836524,0.5690597253687316,0,16.619549300309785
bond_length_control,6,51,17,46,1.450833774634021,1006.5934268276388,39.017402339827846,0.545989747117256,0.5690597253687316,0,-7.685367735347926
bond_length_control,6,52,17,52,1.39512949257262,856.9384118963699,41.83480001270838,0.5058591735404422,0.5690597253687316,0,8.11200417666564
bond_length_control,6,53,17,53,1.4224028063041598,714.6014682247355,-6.189191446264685,0.4982475665237053,0.5690597253687316,0,1.2543484299859218
bond_length_control,6,54,18,53,1.435024321415325,763.0410240596475,13.763902602310448,0.4988092083213814,0.5690597253687316,0,-2.484581810333874
bond_length_control,6,55,18,54,1.4238616492936855,821.0533677840788,24.24089637544157,0.49938355637167803,0.5690597253687316,0,0.8407109260351242
bond_length_control,6,56,18,59,1.463673126969416,640.7662435263702,15.274001251128016,0.502263533616309,0.5690597253687316,0,-12.340423715256208
bond_length_control,6,57,19,48,1.4336382420139828,896.8715027942109,25.02384938691602,0.5229481530378196,0.5690597253687316,0,-2.0561857475741743
bond_length_control,6,58,19,54,1.4065661168710433,719.8676142988922,51.16118808340139,0.4831094677567732,0.5690597253687316,0,5.437090453313356
bond_length_control,6,59,19,55,1.3768596462504485,515.144101485965,37.56810375568408,0.485464194066178,0.5690597253687316,0,11.796081119191147
bond_length_control,6,60,20,49,1.4270843638198272,1038.6936889279705,44.20415062143554,0.47984587975428905,0.5690597253687316,0,-0.09015047647611674
bond_length_control,6,61,20,55,1.3812144462363012,636.9243695875999,29.723399310426462,0.47572866044335926,0.5690597253687316,0,10.9829456548608
bond_length_control,6,62,20,56,1.3978858485772656,808.7830727393814,55.88906677818071,0.5182987202312078,0.5690597253687316,0,7.493540313040203
bond_length_control,6,63,21,50,1.397960504732151,952.7557346577053,16.039046958983022,0.5862232447283191,0.5690597253687316,1,7.476558455048012
bond_length_control,6,64,21,56,1.4816590616098297,530.0896536203664,-13.9337354340445,0.5829096882117928,0.5690597253687316,1,-19.525070518413447
bond_length_control,6,65,21,57,1.4799537482967047,777.8627669984453,-26.61750771315868,0.5788215484254227,0.5690597253687316,1,-18.810209653641262
bond_length_control,6,66,22,51,1.4442117896862225,741.4584351847731,33.62295475201195,0.5401417298849872,0.5690597253687316,0,-5.436226356688746
bond_length_control,6,67,22,57,1.4664342599864268,721.4186889222358,17.729298177366676,0.5596143181678942,0.5690597253687316,0,-13.39272081591579
bond_length_control,6,68,22,58,1.3690656837708408,473.3964653502482,11.457839694140445,0.5599257700078767,0.5690597253687316,0,13.151042194726312
bond_length_control,6,69,23,52,1.4912279101071433,423.13227829763827,36.66521790831903,0.53409122869075,0.5690597253687316,0,-23.668651916802485
bond_length_control,6,70,23,58,1.4542985560525066,821.9714147270485,24.90471869721756,0.5682020678751754,0.5690597253687316,0,-8.903150523728277
bond_length_control,6,71,23,59,1.3809159875494637,571.011566899871,52.466557726465666,0.5299339469689406,0.5690597253687316,0,11.039964410301167
bond_length_control,6,72,24,59,1.3861870292596297,616.2960842383741,5.210516809886552,0.5027888599587526,0.5690597253687316,0,10.004911782695242
bond_length_control,6,73,24,60,1.4111920707668226,1006.8702191691576,58.349202139272386,0.524524758745498,0.5690597253687316,0,4.273195277423807
bond_length_control,6,74,24,65,1.4859828262842856,729.4461056388362,10.414717445477635,0.5225759249810898,0.5690597253687316,0,-21.369486302233206
bond_length_control,6,75,25,54,1.3674406621726005,526.0956691287969,20.940576574672566,0.4536906257123596,0.5690597253687316,0,13.417432644124233
bond_length_control,6,76,25,60,1.466955238260029,465.6002273680216,7.98242636915544,0.47830650174373596,0.5690597253687316,0,-13.59331868349696
bond_length_control,6,77,25,61,1.3262199524890337,-388.51227312269987,7.931964528693228,0.4481099566805187,0.5690597253687316,0,18.359122502927008
bond_length_control,6,78,26,55,1.494487326181354,265.9965597003987,2.3800666075005394,0.49016850812039814,0.5690597253687316,0,-25.131693000844784
bond_length_control,6,79,26,61,1.3934355123710542,718.4300737724603,11.577086493696633,0.4822331127791524,0.5690597253687316,0,8.483882945412455
bond_length_control,6,80,26,62,1.3651163352946603,376.7486539184483,0.7787665231073979,0.47993169458636764,0.5690597253687316,0,13.788848687788757
bond_length_control,6,81,27,56,1.4510156660016351,986.8610406287684,-2.243733481554246,0.568562943919072,0.5690597253687316,0,-7.748595674849142
bond_length_control,6,82,27,62,1.388233981835233,564.1147053807227,14.92493697576593,0.5157560705971929,0.5690597253687316,0,9.586876144583965
bond_length_control,6,83,27,63,1.4763194850363341,448.1813015342872,-25.976762980158234,0.5412808874345849,0.5690597253687316,0,-17.310395044138744
bond_length_control,6,84,28,57,1.4275298437884563,1080.2231874743045,25.813083084551266,0.5372353817892095,0.5690597253687316,0,-0.22068094395686355
bond_length_control,6,85,28,63,1.4137767677796482,753.9769011887423,27.240561348387395,0.5140414650910927,0.5690597253687316,0,3.6021568610652155
bond_length_control,6,86,28,64,1.4522954268323225,647.2950157692455,69.64160852767812,0.5265931579940084,0.5690597253687316,0,-8.19565608604516
bond_length_control,6,87,29,58,1.4491530559997359,856.7360059951884,8.331024497864995,0.5408909127105075,0.5690597253687316,0,-7.104800156650491
bond_length_control,6,88,29,64,1.4323299101795677,837.1625431209027,23.11288448033802,0.5299372370753239,0.5690597253687316,0,-1.6558644015771025
bond_length_control,6,89,29,65,1.410226190605933,773.1216251126198,7.5290462328592955,0.5224098568266099,0.5690597253687316,0,4.520136771332385
bond_length_control,6,90,30,65,1.372758835880856,600.808561000022,-19.16452540373606,0.5260956060927862,0.5690597253687316,0,12.524982552173231
bond_length_control,6,91,30,66,1.4596316717278746,672.7943463953796,-1.3351197522903837,0.5419690532958195,0.5690597253687316,0,-10.83299720131406
bond_length_control,6,92,30,71,1.4217443437784136,684.3724004381926,12.257194931231465,0.5225255800625019,0.5690597253687316,0,1.4394713440747964
bond_length_control,6,93,31,60,1.4280590410291127,847.5490145420699,39.032926017657786,0.5039140493785362,0.5690597253687316,0,-0.37632852036342257
bond_length_control,6,94,31,66,1.425701598520152,838.7871073445493,26.690537081080183,0.5178386628171614,0.5690597253687316,0,0.3121406116484833
bond_length_control,6,95,31,67,1.4275913768320054,699.3016751575103,48.27505417583126,0.49549060565145475,0.5690597253687316,0,-0.2387462935055944
bond_length_control,6,96,32,61,1.4625617539369167,634.3239431863165,-1.6191173010271371,0.5030341417260229,0.5690597253687316,0,-11.922011291916931
bond_length_control,6,97,32,67,1.4400982265498263,815.6276737986767,23.9397747230451,0.5248072430621586,0.5690597253687316,0,-4.09051956030826
bond_length_control,6,98,32,68,1.339894564477318,-120.98292874536287,-9.329396916943864,0.5235484828903112,0.5690597253687316,0,17.10164002122658
bond_length_control,6,99,33,62,1.4327602065267253,761.1247264973049,17.60097088362853,0.4968285660304026,0.5690597253687316,0,-1.7870926967574987
bond_length_control,6,100,33,68,1.4166469526286936,873.9347833196957,53.64647294685279,0.5196443253874756,0.5690597253687316,0,2.839509148895605
bond_length_control,6,101,33,69,1.4893149490167876,383.0285653070512,29.655472905865487,0.5249646818773007,0.5690597253687316,0,-22.82224485473287
bond_length_control,6,102,34,63,1.4164759061844763,870.6659204211869,30.757738904925674,0.5276769060180835,0.5690597253687316,0,2.885475562306514
bond_length_control,6,103,34,69,1.4474526207256062,749.8364272543623,10.010556425777851,0.5302882050275894,0.5690597253687316,0,-6.524157571190955
bond_length_control,6,104,34,70,1.4614241382681945,710.6084503593921,10.689301401355088,0.5329548426556516,0.5690597253687316,0,-11.496770004175954
bond_length_control,6,105,35,64,1.483597669879744,486.12062228798254,12.326052509808761,0.5375717772904081,0.5690597253687316,0,-20.3463659733885
bond_length_control,6,106,35,70,1.4268039629928706,822.3907634313276,52.194471620741865,0.5302980210250605,0.5690597253687316,0,-0.008221509478208322
bond_length_control,6,107,35,71,1.3990196091017715,861.0326517353491,28.39935663444671,0.5264743710114099,0.5690597253687316,0,7.234333419921404
bond_length_control,203,0,0,36,1.4139393697617595,891.3044817973536,-4.266203054901745,0.48963578590693546,0.5700325030136016,0,7.348207808920481
bond_length_control,203,1,0,41,1.3931206645434526,948.8012164229433,-14.532546136280809,0.47189563445556637,0.5700325030136016,0,11.146146133757844
bond_length_control,203,2,0,71,1.4166507112839335,1091.7850321483552,-16.982664797260266,0.49249206881864427,0.5700325030136016,0,6.767203773948766
bond_length_control,203,3,1,36,1.451875188827167,858.5145080953685,-4.668133522655493,0.537732261467271,0.5700325030136016,0,-2.6397189847752163
bond_length_control,203,4,1,37,1.3941923625063835,876.0938621631556,-31.06967393889832,0.5334392500085411,0.5700325030136016,0,10.978992049769056
bond_length_control,203,5,1,66,1.4784040646223675,778.0618902419136,37.73264473049908,0.548848617244823,0.5700325030136016,0,-12.070906698531571
bond_length_control,203,6,2,37,1.3754129235854633,788.098382879661,8.2014294224068,0.5120216886279886,0.5700325030136016,0,13.470460991574106
bond_length_control,203,7,2,38,1.4637738422214768,1028.3075437110901,-8.52887438138629,0.5061050365340107,0.5700325030136016,0,-6.6151368014628975
bond_length_control,203,8,2,67,1.4182934286246207,1146.7259999845755,-15.028170684343706,0.4768475827075185,0.5700325030136016,0,6.405394585331367
bond_length_control,203,9,3,38,1.3725457553870497,800.8010127675202,-12.861153904217101,0.4704635706606111,0.5700325030136016,0,13.76996811165773
bond_length_control,203,10,3,39,1.4352767031212048,813.4392133792892,-10.305333190587529,0.47433814221144416,0.5700325030136016,0,2.227264575272593
bond_length_control,203,11,3,68,1.3829347220792416,945.6599071627876,-44.13891605312669,0.5147460323743771,0.5700325030136016,0,12.583435326585592
bond_length_control,203,12,4,39,1.4350305675399686,949.0921404982054,-27.44546483779822,0.510549658063775,0.5700325030136016,0,2.293563889256129
bond_length_control,203,13,4,40,1.4624681734234721,1025.6634046099794,-23.083721211458347,0.5567018441904292,0.5700325030136016,0,-6.158816753980966
bond_length_control,203,14,4,69,1.4527147089291867,1172.9642881503798,-9.490507042539113,0.5225963718291748,0.5700325030136016,0,-2.9067824585481876
bond_length_control,203,15,5,40,1.3890231646544415,823.7024019269106,-29.166347208022568,0.5380437037042206,0.5700325030136016,0,11.75718843994216
bond_length_control,203,16,5,41,1.396600024249873,954.7382509550368,-51.37955010733132,0.4804864581280721,0.5700325030136016,0,10.592332647705257
bond_length_control,203,17,5,70,1.4569002447474881,933.9235468622991,-29.019573147041914,0.5099290276141075,0.5700325030136016,0,-4.26858253354437
bond_length_control,203,18,6,41,1.4332414859939746,1001.3453661788317,-47.710752052943455,0.4930837826698665,0.5700325030136016,0,2.7703589010220813
bond_length_control,203,19,6,42,1.391157577586656,1077.9342126876816,-28.545944368120196,0.48763136487351477,0.5700325030136016,0,11.44443374916998
bond_length_control,203,20,6,47,1.430196133340986,1177.6112741465397,-41.03681110291181,0.5319651524265279,0.5700325030136016,0,3.5613247174933034
bond_length_control,203,21,7,36,1.4026233507270818,1095.5975340375805,7.590127715294777,0.5022291504989009,0.5700325030136016,0,9.557222394801132
bond_length_control,203,22,7,42,1.4382060073696628,1005.4030697283762,-13.676810586331161,0.47903658125118004,0.5700325030136016,0,1.4251313378262758
bond_length_control,203,23,7,43,1.4177250681488023,955.5914665661592,-0.7583981193490172,0.48247754403719434,0.5700325030136016,0,6.531414063741424
bond_length_control,203,24,8,37,1.506333426964476,396.67860365895984,-12.894431895079652,0.5242347556927373,0.5700325030136016,0,-24.267108767109214
bond_length_control,203,25,8,43,1.4057245601636486,1076.2825155690803,-24.17193755737774,0.5087761606897607,0.5700325030136016,0,8.98630008499504
bond_length_control,203,26,8,44,1.4437413775934504,1222.050957543424,-44.37173009948347,0.5462123281001887,0.5700325030136016,0,-0.1568358939078518
bond_length_control,203,27,9,38,1.3881322148271469,883.4861829828357,-24.97814874496334,0.4700250859490438,0.5700325030136016,0,11.8841827872376
bond_length_control,203,28,9,44,1.4018171800972192,890.2918223584339,-23.379106102900693,0.49791931045047316,0.5700325030136016,0,9.701397687223917
bond_length_control,203,29,9,45,1.4138695690077545,1037.1006479919827,-5.242790905759176,0.49078483896255326,0.5700325030136016,0,7.362899814422986
bond_length_control,203,30,10,39,1.4300508094238935,1235.5769962853506,-9.50721397775744,0.49803258842965387,0.5700325030136016,0,3.59842129990667
bond_length_control,203,31,10,45,1.4394065109802423,980.0869939629143,-23.45826698496227,0.5149177698923303,0.5700325030136016,0,1.0894042426805317
bond_length_control,203,32,10,46,1.4406600715260156,958.3374291656996,33.9481565287016,0.5166823034682009,0.5700325030136016,0,0.7344901407882904
bond_length_control,203,33,11,40,1.495849199003342,564.6158055610509,-23.799163401340376,0.5734757399940111,0.5700325030136016,1,-19.410941668787963
bond_length_control,203,34,11,46,1.4415030636596076,894.989941528468,-6.035320395823367,0.5459732689059039,0.5700325030136016,0,0.4933156625489872
bond_length_control,203,35,11,47,1.3815737983683152,1012.2513853094719,-21.93589135721363,0.5547998641745241,0.5700325030136016,0,12.754840165515935
bond_length_control,203,36,12,47,1.4964173427155596,514.4724118948585,-10.829840905255933,0.5520848687104745,0.5700325030136016,0,-19.665471365679615
bond_length_control,203,37,12,48,1.4367205516597172,893.8756324331983,-2.391580290133712,0.5410647279591277,0.5700325030136016,0,1.8349158692294694
bond_length_control,203,38,12,53,1.3745727221481323,766.2033802120665,-6.170710048912959,0.5594702739183177,0.5700325030136016,0,13.560428017238651
bond_length_control,203,39,13,42,1.341561772302425,96.61471963844659,-89.60236013884963,0.40030827614795705,0.5700325030136016,0,15.673593915611354
bond_length_control,203,40,13,48,1.3215882077570944,-404.3925723029672,-63.82009332435369,0.4336219229496235,0.5700325030136016,0,15.640380716647362
bond_length_control,203,41,13,49,1.4201359343488975,913.8755807125959,-60.49123137449218,0.40964228193504804,0.5700325030136016,0,5.990761048547851
bond_length_control,203,42,14,43,1.3883538723918916,827.9507835724859,20.52482161801905,0.4920730366296496,0.5700325030136016,0,11.85278359574266
bond_length_control,203,43,14,49,1.4213175998603595,1075.2379536736348,-19.952941565054516,0.49796607963072625,0.5700325030136016,0,5.719922262418265
bond_length_control,203,44,14,50,1.4468311081428409,1261.6709052104266,-44.76533194056051,0.5348546363519742,0.5700325030136016,0,-1.0777143310376438
bond_length_control,203,45,15,44,1.4470962679211528,1008.9056583788342,-28.74399013823397,0.5451443738726838,0.5700325030136016,0,-1.1580126257710912
bond_length_control,203,46,15,50,1.4460314145565758,964.007618786277,-30.58349739930545,0.5504898061845804,0.5700325030136016,0,-0.8367590394130158
bond_length_control,203,47,15,51,1.3892162801090473,843.86088205964,-40.20397922908325,0.4828800814071496,0.5700325030136016,0,11.729386169470027
bond_length_control,203,48,16,45,1.4473483852473683,914.1003177139713,-24.990561547944893,0.5327000318727952,0.5700325030136016,0,-1.2345475840704303
bond_length_control,203,49,16,51,1.3842220842977415,800.9973178008804,-12.406532385155092,0.477570210895181,0.5700325030136016,0,12.416838689241919
bond_length_control,203,50,16,52,1.43614012047294,947.3796142325266,-27.8096127093561,0.5269681736993117,0.5700325030136016,0,1.9933464502318952
bond_length_control,203,51,17,46,1.4051845153026996,1063.9378134447898,27.960089912317848,0.5458223389561834,0.5700325030136016,0,9.087584338837894
bond_length_control,203,52,17,52,1.4989167232624225,479.61045665916294,-24.359927665505445,0.5383259472068292,0.5700325030136016,0,-20.79690302374022
bond_length_control,203,53,17,53,1.4500418392100236,1232.6385352255998,-8.31990610974294,0.5620343394326469,0.5700325030136016,0,-2.0635466016355064
bond_length_control,203,54,18,53,1.5227448556343297,188.13861022950806,4.426624073039194,0.5775153540762494,0.5700325030136016,1,-32.55238331508267
bond_length_control,203,55,18,54,1.3953048179524747,786.3550642212385,-13.491475870989603,0.49537207408506817,0.5700325030136016,0,10.802253710862606
bond_length_control,203,56,18,59,1.4812616699478427,852.8477130370707,23.50157850211605,0.5555046582555196,0.5700325030136016,0,-13.210593271610017
bond_length_control,203,57,19,48,1.493298637427794,753.2050870294634,-23.249755195814977,0.5191127794104435,0.5700325030136016,0,-18.280396887495385
bond_length_control,203,58,19,54,1.3308750278520105,-55.201722201218104,-27.00232199795037,0.4553750453784523,0.5700325030136016,0,15.776235930656169
bond_length_control,203,59,19,55,1.4189154961136752,1415.226025881178,-28.431587736211032,0.5082997238452869,0.5700325030136016,0,6.266449796441082
bond_length_control,203,60,20,49,1.4104772986460055,1144.1408479786548,-27.382868410558153,0.5103980491306226,0.5700325030136016,0,8.060913520163377
bond_length_control,203,61,20,55,1.4387999527498743,1024.7728617374164,-15.476449652273333,0.5235646345800414,0.5700325030136016,0,1.2595403320860967
bond_length_control,203,62,20,56,1.4751554767225539,834.6599648687361,-9.88652592379426,0.5301294186042065,0.5700325030136016,0,-10.804829152225908
bond_length_control,203,63,21,50,1.3805352392519168,800.7289570974644,-5.840014861845945,0.5571626397909378,0.5700325030136016,0,12.882392108613912
bond_length_control,203,64,21,56,1.44755385402009,1151.0303385553204,-13.573955423966437,0.5400054525432738,0.5700325030136016,0,-1.2970558543202628
bond_length_control,203,65,21,57,1.4614774376596267,849.6509135267281,-19.946646746182015,0.5384019410972449,0.5700325030136016,0,-5.815881584591297
bond_length_control,203,66,22,51,1.3998424584763134,873.8437204069355,-35.46093977204137,0.45705802274171936,0.5700325030136016,0,10.047188208503558
bond_length_control,203,67,22,57,1.4093492648014458,1086.3911907903937,-45.360289702753626,0.5059070488254572,0.5700325030136016,0,8.286088932100949
bond_length_control,203,68,22,58,1.447986325861014,1030.6270943387185,-13.547254925346223,0.5149332098144019,0.5700325030136016,0,-1.4290180354454005
bond_length_control,203,69,23,52,1.4341197718591014,1122.087699439423,-7.48033278824593,0.5056573716356418,0.5700325030136016,0,2.537416222916475
bond_length_control,203,70,23,58,1.4340266617148005,1060.1133066512662,-18.818692803522683,0.5141345959041937,0.5700325030136016,0,2.5622138602758024
bond_length_control,203,71,23,59,1.4249831251115659,906.9977093995354,-12.99392993856132,0.5073550680407297,0.5700325030136016,0,4.8552468969023685
bond_length_control,203,72,24,59,1.419566780433998,1037.8017152494187,12.184671108159112,0.5046418802019165,0.5700325030136016,0,6.119839080748856
bond_length_control,203,73,24,60,1.4024182221373271,1343.0546707790297,-11.196607200849341,0.536253114957866,0.5700325030136016,0,9.594073145447146
bond_length_control,203,74,24,65,1.4280073134381455,934.6518108240007,-7.347874859223964,0.47149238705967284,0.5700325030136016,0,4.113822827679235
bond_length_control,203,75,25,54,1.395910060373722,837.9084889061811,8.405268605189555,0.4597451363758907,0.5700325030136016,0,10.704714817367494
bond_length_control,203,76,25,60,1.4658882535414208,827.3879329774404,-26.52619492136659,0.5514889553022918,0.5700325030136016,0,-7.364673879790137
bond_length_control,203,77,25,61,1.4170949802689699,951.9073184483522,-39.111308578822204,0.5239635812066942,0.5700325030136016,0,6.670083690156134
bond_length_control,203,78,26,55,1.397981651991643,1015.2755647370544,-24.54030472018556,0.5031456338210346,0.5700325030136016,0,10.363475809682596
bond_length_control,203,79,26,61,1.362333052933221,531.5225958401537,-6.815258346452964,0.5144394001850034,0.5700325030136016,0,14.665335529190726
bond_length_control,203,80,26,62,1.4773008174540498,866.4512590616679,-20.499769085682974,0.5199803648281403,0.5700325030136016,0,-11.637417507469097
bond_length_control,203,81,27,56,1.4419000516097646,1014.6643009348395,-13.101896889144738,0.5199044069436571,0.5700325030136016,0,0.3790422453750786
bond_length_control,203,82,27,62,1.4287353353257062,1096.3697564482445,-18.442289625701854,0.5301743539265977,0.5700325030136016,0,3.9315391370888295
bond_length_control,203,83,27,63,1.3915069653896068,1350.697792665248,-15.402320245964559,0.5129602353316711,0.5700325030136016,0,11.392091347643815
bond_length_control,203,84,28,57,1.371099344718443,716.2740459306145,4.951812157535422,0.5117525990830991,0.5700325030136016,0,13.913019546803893
bond_length_control,203,85,28,63,1.401579754128577,1024.3298299712076,6.2543021288330065,0.5064119389171419,0.5700325030136016,0,9.743526153274823
bond_length_control,203,86,28,64,1.4811479983025337,865.9111440792606,7.24119644756762,0.5372035171473012,0.5700325030136016,0,-13.164792336501089
bond_length_control,203,87,29,58,1.3972119247625052,956.3403639768794,-16.310774656621625,0.5099213636548128,0.5700325030136016,0,10.491603941892487
bond_length_control,203,88,29,64,1.4475820424790673,1098.723879929167,-18.637453651173537,0.5263461207300701,0.5700325030136016,0,-1.3056408385258926
bond_length_control,203,89,29,65,1.3765515419186003,607.4006240859927,24.1387680016161,0.46999234264910505,0.5700325030136016,0,13.345625606061697
bond_length_control,203,90,30,65,1.3856481697193015,838.6267056884445,17.245477315352495,0.5139850482631871,0.5700325030136016,0,12.227221844752803
bond_length_control,203,91,30,66,1.4554616205296569,861.668133944617,-8.36670322768418,0.5517349694905769,0.5700325030136016,0,-3.7948077148748336
bond_length_control,203,92,30,71,1.5049335649674283,544.9630408961928,18.683183479876945,0.5434748966247336,0.5700325030136016,0,-23.599163045823857
bond_length_control,203,93,31,60,1.4772447585697428,812.0683639559611,15.04119638738697,0.5521833810545593,0.5700325030136016,0,-11.615487494262537
bond_length_control,203,94,31,66,1.44167576159425,1063.6477518001477,-48.29215683892927,0.5251725743837559,0.5700325030136016,0,0.4436593048527939
bond_length_control,203,95,31,67,1.3152688232750522,-361.23452690398534,-69.05627410196875,0.4745891012270037,0.5700325030136016,0,15.429824268270684
bond_length_control,203,96,32,61,1.4697360521495229,825.3069489274596,-35.52254008453532,0.5439504091539409,0.5700325030136016,0,-8.762315209865035
bond_length_control,203,97,32,67,1.403439183598058,847.596193619341,-42.75604050215269,0.493881503421983,0.5700325030136016,0,9.40954065642262
bond_length_control,203,98,32,68,1.4508414199822681,1337.7945659651114,-41.95955973374368,0.5674214189622411,0.5700325030136016,0,-2.313646344895613
bond_length_control,203,99,33,62,1.4009633079020236,1265.235970960217,-34.71398907785469,0.5294369103634546,0.5700325030136016,0,9.852201076379046
bond_length_control,203,100,33,68,1.4877471348224043,683.0469227446973,-20.89429359848264,0.547366955528618,0.5700325030136016,0,-15.887908735511155
bond_length_control,203,101,33,69,1.4153528564923208,1003.1716976585781,-30.36038042672081,0.5190057791310849,0.5700325030136016,0,7.0478259668814385
bond_length_control,203,102,34,63,1.469027757391157,917.6459638801664,-6.386038164690098,0.5491999886945618,0.5700325030136016,0,-8.501772352654742
bond_length_control,203,103,34,69,1.3708579558542096,728.4037784381352,-7.5371167273118065,0.5559829760571189,0.5700325030136016,0,13.936369143486187
bond_length_control,203,104,34,70,1.4878793099880259,733.8068835981824,3.943658427241356,0.5619737723282602,0.5700325030136016,0,-15.94378837274831
bond_length_control,203,105,35,64,1.3955445382601055,888.5975204841235,-24.933727189672073,0.5144183673107601,0.5700325030136016,0,10.76373777638794
bond_length_control,203,106,35,70,1.4426688103495022,795.3003678135532,-3.8918686208107958,0.49640057271429916,0.5700325030136016,0,0.15648268724074477
bond_length_control,203,107,35,71,1.3349269913793924,169.52941655148967,11.520961246200383,0.4875544375913416,0.5700325030136016,0,15.770150158708892
