smearing_degauss_Ry,lattice_condition,direction,distance,signed_distance,q1,q2,common_static_MLIP_background_cm-1,full_EPC_response_Ry2,common_reference_constant_cm-2,controlled_long_range_correction_cm-2,controlled_MLIP_plus_full_EPC_cm-1
0.0,fixed_static_lattice_reference,K,0.0,0.0,0.3333333333333333,0.3333333333333333,1380.070552374435,-7.521315993779703e-06,-170027.77431425353,-260601.55584432516,1282.182972
0.0,fixed_static_lattice_reference,KG,0.0005,-0.0005,0.33316666666666667,0.33316666666666667,1380.0705574726148,-7.456731374386654e-06,-170027.77431425353,-259823.8098738133,1282.4862313993708
0.0,fixed_static_lattice_reference,KG,0.001,-0.001,0.333,0.333,1380.0705728352552,-7.38747643365213e-06,-170027.77431425353,-258989.8225932424,1282.8113514514077
0.0,fixed_static_lattice_reference,KG,0.0015,-0.0015,0.33283333333333337,0.33283333333333337,1380.0705985660052,-7.317242709463547e-06,-170027.77431425353,-258144.0485297725,1283.140993225826
0.0,fixed_static_lattice_reference,KG,0.002,-0.002,0.33266666666666667,0.33266666666666667,1380.0706347705172,-7.248040496517137e-06,-170027.77431425353,-257310.69621190825,1283.4657224655398
0.0,fixed_static_lattice_reference,KG,0.0025,-0.0025,0.3325,0.3325,1380.0706815564383,-7.1782202587157544e-06,-170027.77431425353,-256469.90146664958,1283.793279552827
0.0,fixed_static_lattice_reference,KG,0.003,-0.003,0.3323333333333333,0.3323333333333333,1380.0707390334194,-7.109713017010742e-06,-170027.77431425353,-255644.9181859911,1284.114608027748
0.0,fixed_static_lattice_reference,KG,0.0035,-0.0035,0.33216666666666667,0.33216666666666667,1380.0708073131073,-7.041523169659608e-06,-170027.77431425353,-254823.7570565214,1284.4343798502632
0.0,fixed_static_lattice_reference,KG,0.004,-0.004,0.332,0.332,1380.070886509147,-6.974502816916782e-06,-170027.77431425353,-254016.67930677423,1284.7486028337873
0.0,fixed_static_lattice_reference,KG,0.0045000000000000005,-0.0045000000000000005,0.33183333333333337,0.33183333333333337,1380.0709767371786,-6.90622186717056e-06,-170027.77431425353,-253194.42109689518,1285.0686673230405
0.0,fixed_static_lattice_reference,KG,0.005,-0.005,0.33166666666666667,0.33166666666666667,1380.07107811484,-6.839385929055529e-06,-170027.77431425353,-252389.56411944673,1285.381895208428
0.0,fixed_static_lattice_reference,KG,0.0055,-0.0055,0.3315,0.3315,1380.07119076176,-6.77295368456019e-06,-170027.77431425353,-251589.5685329763,1285.6931683094554
0.0,fixed_static_lattice_reference,KG,0.006,-0.006,0.3313333333333333,0.3313333333333333,1380.071314799563,-6.707890039215085e-06,-170027.77431425353,-250806.05399856353,1285.9979704237603
0.0,fixed_static_lattice_reference,KG,0.006500000000000001,-0.006500000000000001,0.33116666666666666,0.33116666666666666,1380.0714503518636,-6.641195374216149e-06,-170027.77431425353,-250002.898271317,1286.3103473909316
0.0,fixed_static_lattice_reference,KG,0.007,-0.007,0.331,0.331,1380.071597544267,-6.576069077556567e-06,-170027.77431425353,-249218.62927232985,1286.61532132804
0.0,fixed_static_lattice_reference,KG,0.0075,-0.0075,0.33083333333333337,0.33083333333333337,1380.0717565043672,-6.5113669404209415e-06,-170027.77431425353,-248439.4681204387,1286.9182510869175
0.0,fixed_static_lattice_reference,KG,0.008,-0.008,0.33066666666666666,0.33066666666666666,1380.0719273617449,-6.4481821304212885e-06,-170027.77431425353,-247678.57904442318,1287.214024802223
0.0,fixed_static_lattice_reference,KG,0.0085,-0.0085,0.3305,0.3305,1380.0721102479674,-6.383082835672519e-06,-170027.77431425353,-246894.63520996482,1287.518696669805
0.0,fixed_static_lattice_reference,KG,0.009000000000000001,-0.009000000000000001,0.3303333333333333,0.3303333333333333,1380.0723052965848,-6.319662374200119e-06,-170027.77431425353,-246130.90835329663,1287.8154601857104
0.0,fixed_static_lattice_reference,KG,0.0095,-0.0095,0.33016666666666666,0.33016666666666666,1380.0725126431305,-6.2566598622186125e-06,-170027.77431425353,-245372.2145607771,1288.1102148466746
0.0,fixed_static_lattice_reference,KG,0.01,-0.01,0.33,0.33,1380.072732425116,-6.1952812286107056e-06,-170027.77431425353,-244633.07596380624,1288.397326456214
0.0,fixed_static_lattice_reference,KG,0.0105,-0.0105,0.32983333333333337,0.32983333333333337,1380.0729647820333,-6.131806998755965e-06,-170027.77431425353,-243868.70161330592,1288.6941788139518
0.0,fixed_static_lattice_reference,KG,0.011,-0.011,0.32966666666666666,0.32966666666666666,1380.0732098553492,-6.070074345527167e-06,-170027.77431425353,-243125.29981348247,1288.9828411375242
0.0,fixed_static_lattice_reference,KG,0.0115,-0.0115,0.3295,0.3295,1380.0734677885052,-6.008760349924149e-06,-170027.77431425353,-242386.93960536513,1289.269497385409
0.0,fixed_static_lattice_reference,KG,0.012,-0.012,0.3293333333333333,0.3293333333333333,1380.0737387269146,-5.949133277326007e-06,-170027.77431425353,-241668.89379380125,1289.548227298957
0.0,fixed_static_lattice_reference,KG,0.0125,-0.0125,0.32916666666666666,0.32916666666666666,1380.0740228179593,-5.887290425232708e-06,-170027.77431425353,-240924.16494856626,1289.837254659819
0.0,fixed_static_lattice_reference,KG,0.013000000000000001,-0.013000000000000001,0.329,0.329,1380.0743202109907,-5.827211977415813e-06,-170027.77431425353,-240200.6835509314,1290.1179968339704
0.0,fixed_static_lattice_reference,KG,0.0135,-0.0135,0.32883333333333337,0.32883333333333337,1380.074631057321,-5.76756662288554e-06,-170027.77431425353,-239482.41758325015,1290.3966714560104
0.0,fixed_static_lattice_reference,KG,0.014,-0.014,0.32866666666666666,0.32866666666666666,1380.0749555102302,-5.709654016428812e-06,-170027.77431425353,-238785.01785035944,1290.6672169758572
0.0,fixed_static_lattice_reference,KG,0.0145,-0.0145,0.3285,0.3285,1380.075293724952,-5.649426669306083e-06,-170027.77431425353,-238059.74336582224,1290.9485167829855
0.0,fixed_static_lattice_reference,KG,0.015,-0.015,0.3283333333333333,0.3283333333333333,1380.075645858681,-5.590995580235822e-06,-170027.77431425353,-237356.09992092632,1291.221394018597
0.0,fixed_static_lattice_reference,KG,0.0155,-0.0155,0.32816666666666666,0.32816666666666666,1380.0760120705636,-5.532992346951517e-06,-170027.77431425353,-236657.6088345426,1291.4922339131767
0.0,fixed_static_lattice_reference,KG,0.016,-0.016,0.328,0.328,1380.0763925217,-5.476751189362358e-06,-170027.77431425353,-235980.33715433508,1291.754818857423
0.0,fixed_static_lattice_reference,KG,0.0165,-0.0165,0.32783333333333337,0.32783333333333337,1380.0767873751365,-5.4181255206816295e-06,-170027.77431425353,-235274.35052758863,1292.0284782171364
0.0,fixed_static_lattice_reference,KG,0.017,-0.017,0.32766666666666666,0.32766666666666666,1380.0771967958651,-5.361322918461689e-06,-170027.77431425353,-234590.3177748013,1292.293601060197
0.0,fixed_static_lattice_reference,KG,0.0175,-0.0175,0.3275,0.3275,1380.0776209508215,-5.304940742043699e-06,-170027.77431425353,-233911.3479065899,1292.556726779405
0.0,fixed_static_lattice_reference,KG,0.018000000000000002,-0.018000000000000002,0.3273333333333333,0.3273333333333333,1380.0780600088783,-5.250343996001282e-06,-170027.77431425353,-233253.87868811958,1292.811499418902
0.0,fixed_static_lattice_reference,KG,0.0185,-0.0185,0.32716666666666666,0.32716666666666666,1380.0785141408446,-5.193303064981975e-06,-170027.77431425353,-232566.97591356692,1293.0776192014284
0.0,fixed_static_lattice_reference,KG,0.019,-0.019,0.327,0.327,1380.0789835194637,-5.138100430942854e-06,-170027.77431425353,-231902.21042312894,1293.3351423080512
0.0,fixed_static_lattice_reference,KG,0.0195,-0.0195,0.32683333333333336,0.32683333333333336,1380.0794683194047,-5.083314540970879e-06,-170027.77431425353,-231242.4634807912,1293.5906908276586
0.0,fixed_static_lattice_reference,KG,0.02,-0.02,0.32666666666666666,0.32666666666666666,1380.0799687172641,-5.030319347249285e-06,-170027.77431425353,-230604.28060132527,1293.83787216688
0.0,fixed_static_lattice_reference,KG,0.0205,-0.0205,0.3265,0.3265,1380.080484891561,-4.974858633093548e-06,-170027.77431425353,-229936.40723825982,1294.0964946789193
0.0,fixed_static_lattice_reference,KG,0.021,-0.021,0.3263333333333333,0.3263333333333333,1380.0810170227319,-4.921261495421044e-06,-170027.77431425353,-229290.97558212397,1294.3464134320357
0.0,fixed_static_lattice_reference,KG,0.021500000000000002,-0.021500000000000002,0.32616666666666666,0.32616666666666666,1380.0815652931267,-4.868003878948797e-06,-170027.77431425353,-228649.63253482225,1294.5947220374044
0.0,fixed_static_lattice_reference,KG,0.022,-0.022,0.326,0.326,1380.0821298870073,-4.816580136451916e-06,-170027.77431425353,-228030.37350857962,1294.8344727125855
0.0,fixed_static_lattice_reference,KG,0.0225,-0.0225,0.32583333333333336,0.32583333333333336,1380.0827109905422,-4.76266246361418e-06,-170027.77431425353,-227381.08187873004,1295.0857914811181
0.0,fixed_static_lattice_reference,KG,0.023,-0.023,0.32566666666666666,0.32566666666666666,1380.0833087918027,-4.710592314473975e-06,-170027.77431425353,-226754.03864369463,1295.3284913727618
0.0,fixed_static_lattice_reference,KG,0.0235,-0.0235,0.3255,0.3255,1380.0839234807581,-4.6589207392425415e-06,-170027.77431425353,-226131.79514665273,1295.5693114238968
0.0,fixed_static_lattice_reference,KG,0.024,-0.024,0.3253333333333333,0.3253333333333333,1380.0845552492738,-4.609042219373769e-06,-170027.77431425353,-225531.14412156967,1295.80177323386
0.0,fixed_static_lattice_reference,KG,0.0245,-0.0245,0.32516666666666666,0.32516666666666666,1380.085204291103,-4.556655104327066e-06,-170027.77431425353,-224900.2838948281,1296.04586616693
0.0,fixed_static_lattice_reference,KG,0.025,-0.025,0.325,0.325,1380.0858708018882,-4.506109652804503e-06,-170027.77431425353,-224291.60149306097,1296.281377361391
0.0,fixed_static_lattice_reference,KG,0.025500000000000002,-0.025500000000000002,0.32483333333333336,0.32483333333333336,1380.0865549791502,-4.455960540285708e-06,-170027.77431425353,-223687.69191593898,1296.5150239462248
0.0,fixed_static_lattice_reference,KG,0.026000000000000002,-0.026000000000000002,0.32466666666666666,0.32466666666666666,1380.0872570222903,-4.4075902163451405e-06,-170027.77431425353,-223105.203006185,1296.7403880457816
0.0,fixed_static_lattice_reference,KG,0.0265,-0.0265,0.3245,0.3245,1380.0879771325795,-4.356711317694974e-06,-170027.77431425353,-222492.50514125792,1296.9773781699653
0.0,fixed_static_lattice_reference,KG,0.027,-0.027,0.3243333333333333,0.3243333333333333,1380.0887155131586,-4.307666707406052e-06,-170027.77431425353,-221901.89628754003,1297.2058303905437
0.0,fixed_static_lattice_reference,KG,0.0275,-0.0275,0.32416666666666666,0.32416666666666666,1380.0894723690317,-4.259002122374997e-06,-170027.77431425353,-221315.86380379653,1297.432498413708
0.0,fixed_static_lattice_reference,KG,0.028,-0.028,0.324,0.324,1380.0902479070614,-4.212119393579424e-06,-170027.77431425353,-220751.28892900393,1297.6508788727306
0.0,fixed_static_lattice_reference,KG,0.0285,-0.0285,0.32383333333333336,0.32383333333333336,1380.0910423359626,-4.162722676605749e-06,-170027.77431425353,-220156.43990854308,1297.8809056409684
0.0,fixed_static_lattice_reference,KG,0.029,-0.029,0.32366666666666666,0.32366666666666666,1380.0918558663009,-4.115145782026571e-06,-170027.77431425353,-219583.50569609174,1298.1024708906452
0.0,fixed_static_lattice_reference,KG,0.029500000000000002,-0.029500000000000002,0.3235,0.3235,1380.092688710485,-4.067953429025396e-06,-170027.77431425353,-219015.2022403995,1298.322235499237
0.0,fixed_static_lattice_reference,KG,0.03,-0.03,0.3233333333333333,0.3233333333333333,1380.0935410827624,-4.022517634485859e-06,-170027.77431425353,-218468.05175082124,1298.53383875336
0.0,fixed_static_lattice_reference,KG,0.0305,-0.0305,0.32316666666666666,0.32316666666666666,1380.0944131992137,-3.974579977478459e-06,-170027.77431425353,-217890.77313675388,1298.7570273946271
0.0,fixed_static_lattice_reference,KG,0.031,-0.031,0.323,0.323,1380.0953052777486,-3.9284463784396455e-06,-170027.77431425353,-217335.2194910896,1298.9718365532765
0.0,fixed_static_lattice_reference,KG,0.0315,-0.0315,0.32283333333333336,0.32283333333333336,1380.096217538099,-3.882686111938417e-06,-170027.77431425353,-216784.16161979848,1299.1849014067125
0.0,fixed_static_lattice_reference,KG,0.032,-0.032,0.32266666666666666,0.32266666666666666,1380.0971502018156,-3.83868315538797e-06,-170027.77431425353,-216254.26576426288,1299.389809961164
0.0,fixed_static_lattice_reference,KG,0.0325,-0.0325,0.3225,0.3225,1380.0981034922595,-3.7921731990087572e-06,-170027.77431425353,-215694.1799187077,1299.6063232164668
0.0,fixed_static_lattice_reference,KG,0.033,-0.033,0.3223333333333333,0.3223333333333333,1380.0990776346,-3.7474559101196286e-06,-170027.77431425353,-215155.6818742417,1299.81451838854
0.0,fixed_static_lattice_reference,KG,0.0335,-0.0335,0.32216666666666666,0.32216666666666666,1380.100072855807,-3.703105168851597e-06,-170027.77431425353,-214621.59789829527,1300.0210049065777
0.0,fixed_static_lattice_reference,KG,0.034,-0.034,0.322,0.322,1380.1010893846453,-3.6604952890990094e-06,-170027.77431425353,-214108.47786146592,1300.21941958241
0.0,fixed_static_lattice_reference,KG,0.0345,-0.0345,0.32183333333333336,0.32183333333333336,1380.1021274516695,-3.615392475276031e-06,-170027.77431425353,-213565.33721839596,1300.4293694692644
0.0,fixed_static_lattice_reference,KG,0.035,-0.035,0.32166666666666666,0.32166666666666666,1380.1031872892179,-3.5720635156333697e-06,-170027.77431425353,-213043.55782130035,1300.6310967159588
0.0,fixed_static_lattice_reference,KG,0.035500000000000004,-0.035500000000000004,0.3215,0.3215,1380.104269131407,-3.5290939858272614e-06,-170027.77431425353,-212526.10677838087,1300.8311523392856
0.0,fixed_static_lattice_reference,KG,0.036000000000000004,-0.036000000000000004,0.3213333333333333,0.3213333333333333,1380.1053732141243,-3.4878526803339364e-06,-170027.77431425353,-212029.46749386517,1301.0232025911882
0.0,fixed_static_lattice_reference,KG,0.0365,-0.0365,0.32116666666666666,0.32116666666666666,1380.1064997750238,-3.4441244585821376e-06,-170027.77431425353,-211502.8800712756,1301.2267560459984
0.0,fixed_static_lattice_reference,KG,0.037,-0.037,0.321,0.321,1380.1076490535195,-3.4021553191086803e-06,-170027.77431425353,-210997.4760073036,1301.4221632386352
0.0,fixed_static_lattice_reference,KG,0.0375,-0.0375,0.32083333333333336,0.32083333333333336,1380.1088212907773,-3.360538744342357e-06,-170027.77431425353,-210496.31762570757,1301.6159345132924
0.0,fixed_static_lattice_reference,KG,0.038,-0.038,0.32066666666666666,0.32066666666666666,1380.1100167297118,-3.320636801547416e-06,-170027.77431425353,-210015.80731975537,1301.8017709920086
0.0,fixed_static_lattice_reference,KG,0.0385,-0.0385,0.3205,0.3205,1380.1112356149779,-3.2782543506093053e-06,-170027.77431425353,-209505.42604403818,1301.9990770452423
0.0,fixed_static_lattice_reference,KG,0.039,-0.039,0.3203333333333333,0.3203333333333333,1380.1124781929639,-3.2376164402058477e-06,-170027.77431425353,-209016.0530112118,1302.1883118246426
0.0,fixed_static_lattice_reference,KG,0.0395,-0.0395,0.32016666666666665,0.32016666666666665,1380.113744711787,-3.1973264148823802e-06,-170027.77431425353,-208530.86930738832,1302.3759361394093
0.0,fixed_static_lattice_reference,KG,0.04,-0.04,0.32,0.32,1380.1150354212862,-3.1587338361447692e-06,-170027.77431425353,-208066.12672801083,1302.5557125389635
0.0,fixed_static_lattice_reference,KG,0.0405,-0.0405,0.31983333333333336,0.31983333333333336,1380.1163505730133,-3.1176681458823315e-06,-170027.77431425353,-207571.60225100603,1302.7469204983624
0.0,fixed_static_lattice_reference,KG,0.041,-0.041,0.31966666666666665,0.31966666666666665,1380.1176904202302,-3.0783348811116945e-06,-170027.77431425353,-207097.9401241726,1302.9301206460375
0.0,fixed_static_lattice_reference,KG,0.0415,-0.0415,0.3195,0.3195,1380.1190552178987,-3.0394027421670434e-06,-170027.77431425353,-206629.10846623033,1303.1114680292376
0.0,fixed_static_lattice_reference,KG,0.042,-0.042,0.3193333333333333,0.3193333333333333,1380.1204452226752,-3.002002576234054e-06,-170027.77431425353,-206178.725253877,1303.285739225193
0.0,fixed_static_lattice_reference,KG,0.0425,-0.0425,0.31916666666666665,0.31916666666666665,1380.1218606929037,-2.9622089499684817e-06,-170027.77431425353,-205699.51932573252,1303.4710702722598
0.0,fixed_static_lattice_reference,KG,0.043000000000000003,-0.043000000000000003,0.319,0.319,1380.123301888608,-2.924144660231149e-06,-170027.77431425353,-205241.13854960003,1303.648414974802
0.0,fixed_static_lattice_reference,KG,0.043500000000000004,-0.043500000000000004,0.31883333333333336,0.31883333333333336,1380.1247690714858,-2.886411238565084e-06,-170027.77431425353,-204786.74217891291,1303.824235096782
0.0,fixed_static_lattice_reference,KG,0.044,-0.044,0.31866666666666665,0.31866666666666665,1380.1262625049017,-2.8503562934195376e-06,-170027.77431425353,-204352.55848986274,1303.9923090133184
0.0,fixed_static_lattice_reference,KG,0.0445,-0.0445,0.3185,0.3185,1380.1277824538786,-2.81183451409339e-06,-170027.77431425353,-203888.6684967124,1304.1717783345675
0.0,fixed_static_lattice_reference,KG,0.045,-0.045,0.3183333333333333,0.3183333333333333,1380.1293291850895,-2.7750154717775106e-06,-170027.77431425353,-203445.2833367719,1304.3433911129819
0.0,fixed_static_lattice_reference,KG,0.0455,-0.0455,0.31816666666666665,0.31816666666666665,1380.130902966855,-2.738521147793994e-06,-170027.77431425353,-203005.80852540853,1304.5135111598875
0.0,fixed_static_lattice_reference,KG,0.046,-0.046,0.318,0.318,1380.132504069131,-2.7036891064726915e-06,-170027.77431425353,-202586.35138473113,1304.6759664389465
0.0,fixed_static_lattice_reference,KG,0.0465,-0.0465,0.31783333333333336,0.31783333333333336,1380.1341327635032,-2.666394476096469e-06,-170027.77431425353,-202137.23906093906,1304.8497941747655
0.0,fixed_static_lattice_reference,KG,0.047,-0.047,0.31766666666666665,0.31766666666666665,1380.1357893231793,-2.63079001714712e-06,-170027.77431425353,-201708.48025210272,1305.0158300643761
0.0,fixed_static_lattice_reference,KG,0.0475,-0.0475,0.3175,0.3175,1380.1374740229815,-2.5955009143543707e-06,-170027.77431425353,-201283.519049916,1305.180419770623
0.0,fixed_static_lattice_reference,KG,0.048,-0.048,0.3173333333333333,0.3173333333333333,1380.1391871393398,-2.5618689342866323e-06,-170027.77431425353,-200878.5133810147,1305.3373749711693
0.0,fixed_static_lattice_reference,KG,0.0485,-0.0485,0.31716666666666665,0.31716666666666665,1380.1409289502806,-2.525769680947961e-06,-170027.77431425353,-200443.79612036512,1305.505721030505
0.0,fixed_static_lattice_reference,KG,0.049,-0.049,0.317,0.317,1380.142699735425,-2.491350217912919e-06,-170027.77431425353,-200029.30736229452,1305.6663296074892
0.0,fixed_static_lattice_reference,KG,0.0495,-0.0495,0.31683333333333336,0.31683333333333336,1380.1444997759747,-2.457238756065826e-06,-170027.77431425353,-199618.52764029306,1305.8255291659686
0.0,fixed_static_lattice_reference,KG,0.05,-0.05,0.31666666666666665,0.31666666666666665,1380.146329354708,-2.424771350861123e-06,-170027.77431425353,-199227.54610617177,1305.9771607210835
0.0,fixed_static_lattice_reference,KG,0.0505,-0.0505,0.3165,0.3165,1380.1481887559723,-2.389843732620094e-06,-170027.77431425353,-198806.93800161334,1306.140147505151
0.0,fixed_static_lattice_reference,KG,0.051000000000000004,-0.051000000000000004,0.3163333333333333,0.3163333333333333,1380.150078265671,-2.3565788731735095e-06,-170027.77431425353,-198406.35330145777,1306.2954815949108
0.0,fixed_static_lattice_reference,KG,0.051500000000000004,-0.051500000000000004,0.31616666666666665,0.31616666666666665,1380.1519981712615,-2.3236158214699226e-06,-170027.77431425353,-198009.40305418265,1306.4494383641272
0.0,fixed_static_lattice_reference,KG,0.052000000000000005,-0.052000000000000005,0.316,0.316,1380.153948761744,-2.2922878436941063e-06,-170027.77431425353,-197632.142822437,1306.59587457645
0.0,fixed_static_lattice_reference,KG,0.0525,-0.0525,0.31583333333333335,0.31583333333333335,1380.1559303276536,-2.2584966647401656e-06,-170027.77431425353,-197225.2200362186,1306.7536768581797
0.0,fixed_static_lattice_reference,KG,0.053,-0.053,0.31566666666666665,0.31566666666666665,1380.1579431610503,-2.226361272169375e-06,-170027.77431425353,-196838.23669068477,1306.9038646280974
0.0,fixed_static_lattice_reference,KG,0.0535,-0.0535,0.3155,0.3155,1380.1599875555155,-2.194520172975812e-06,-170027.77431425353,-196454.79730794643,1307.0527127630676
0.0,fixed_static_lattice_reference,KG,0.054,-0.054,0.3153333333333333,0.3153333333333333,1380.1620638061374,-2.164302221536095e-06,-170027.77431425353,-196090.9043224302,1307.19410113693
0.0,fixed_static_lattice_reference,KG,0.0545,-0.0545,0.31516666666666665,0.31516666666666665,1380.1641722095087,-2.1316228664783e-06,-170027.77431425353,-195697.3704291599,1307.3468444990406
0.0,fixed_static_lattice_reference,KG,0.055,-0.055,0.315,0.315,1380.1663130637128,-2.1005879186703375e-06,-170027.77431425353,-195323.6389458822,1307.4920316277266
0.0,fixed_static_lattice_reference,KG,0.0555,-0.0555,0.31483333333333335,0.31483333333333335,1380.1684866683172,-2.069839599392921e-06,-170027.77431425353,-194953.3591231819,1307.635917397932
0.0,fixed_static_lattice_reference,KG,0.056,-0.056,0.31466666666666665,0.31466666666666665,1380.170693324366,-2.0407042095943255e-06,-170027.77431425353,-194602.50264639064,1307.7723961244444
0.0,fixed_static_lattice_reference,KG,0.0565,-0.0565,0.3145,0.3145,1380.1729333343712,-2.009108674012631e-06,-170027.77431425353,-194222.02040904431,1307.9202213819306
0.0,fixed_static_lattice_reference,KG,0.057,-0.057,0.3143333333333333,0.3143333333333333,1380.1752070023006,-1.979145141379116e-06,-170027.77431425353,-193861.19120563607,1308.0605531924764
0.0,fixed_static_lattice_reference,KG,0.0575,-0.0575,0.31416666666666665,0.31416666666666665,1380.1775146335729,-1.9494608988670847e-06,-170027.77431425353,-193503.72529163992,1308.199620321175
0.0,fixed_static_lattice_reference,KG,0.058,-0.058,0.314,0.314,1380.1798565350475,-1.921379868598539e-06,-170027.77431425353,-193165.56570589906,1308.3313306189702
0.0,fixed_static_lattice_reference,KG,0.0585,-0.0585,0.31383333333333335,0.31383333333333335,1380.182233015013,-1.8908380226559292e-06,-170027.77431425353,-192797.77229258962,1308.4743879945522
0.0,fixed_static_lattice_reference,KG,0.059000000000000004,-0.059000000000000004,0.31366666666666665,0.31366666666666665,1380.184644383184,-1.8619177548637243e-06,-170027.77431425353,-192449.50637490067,1308.610005393599
0.0,fixed_static_lattice_reference,KG,0.059500000000000004,-0.059500000000000004,0.3135,0.3135,1380.1870909506856,-1.8332684752294263e-06,-170027.77431425353,-192104.5037720667,1308.7443991302691
0.0,fixed_static_lattice_reference,KG,0.06,-0.06,0.3133333333333333,0.3133333333333333,1380.1895730300491,-1.8062126145122535e-06,-170027.77431425353,-191778.689563525,1308.8714864100846
0.0,fixed_static_lattice_reference,KM,0.0005,0.0005,0.33349999999999996,0.333,1380.0705574390659,-7.458273895236475e-06,-170027.77431425353,-259842.38533940638,1282.4789893681564
0.0,fixed_static_lattice_reference,KM,0.001,0.001,0.3336666666666666,0.33266666666666667,1380.07057256686,-7.386566115578126e-06,-170027.77431425353,-258978.8602895144,1282.8156239208759
0.0,fixed_static_lattice_reference,KM,0.0015,0.0015,0.33383333333333337,0.3323333333333333,1380.070597660173,-7.316185214763655e-06,-170027.77431425353,-258131.31388413382,1283.1459545359496
0.0,fixed_static_lattice_reference,KM,0.002,0.002,0.334,0.332,1380.07063262336,-7.246528256271695e-06,-170027.77431425353,-257292.48539378482,1283.4728145292586
0.0,fixed_static_lattice_reference,KM,0.0025,0.0025,0.33416666666666667,0.33166666666666667,1380.0706773627815,-7.177239072491e-06,-170027.77431425353,-256458.08574891684,1283.7978769135154
0.0,fixed_static_lattice_reference,KM,0.003,0.003,0.3343333333333333,0.3313333333333333,1380.0707317867982,-7.107859162850098e-06,-170027.77431425353,-255622.59355797735,1284.1232928253312
0.0,fixed_static_lattice_reference,KM,0.0035,0.0035,0.3345,0.331,1380.070795805774,-7.0389406041189615e-06,-170027.77431425353,-254792.6570831578,1284.4464739150576
0.0,fixed_static_lattice_reference,KM,0.004,0.004,0.33466666666666667,0.33066666666666666,1380.070869332077,-6.970572192782941e-06,-170027.77431425353,-253969.34563646046,1284.7670056249633
0.0,fixed_static_lattice_reference,KM,0.0045000000000000005,0.0045000000000000005,0.3348333333333333,0.3303333333333333,1380.0709522800762,-6.90260982677403e-06,-170027.77431425353,-253150.9239006567,1285.0855650214812
0.0,fixed_static_lattice_reference,KM,0.005,0.005,0.33499999999999996,0.33,1380.0710445661437,-6.834756757004082e-06,-170027.77431425353,-252333.81834059636,1285.4035435260364
0.0,fixed_static_lattice_reference,KM,0.0055,0.0055,0.33516666666666667,0.32966666666666666,1380.0711461086544,-6.767317266720464e-06,-170027.77431425353,-251521.6932198729,1285.7195164971954
0.0,fixed_static_lattice_reference,KM,0.006,0.006,0.3353333333333333,0.3293333333333333,1380.071256827983,-6.700339477233299e-06,-170027.77431425353,-250715.12802870225,1286.0332600263753
0.0,fixed_static_lattice_reference,KM,0.006500000000000001,0.006500000000000001,0.33549999999999996,0.329,1380.0713766465092,-6.633792206093482e-06,-170027.77431425353,-249913.7472593495,1286.3449216208076
0.0,fixed_static_lattice_reference,KM,0.007,0.007,0.3356666666666666,0.32866666666666666,1380.0715054886093,-6.5674086332152305e-06,-170027.77431425353,-249114.33779004484,1286.655751345927
0.0,fixed_static_lattice_reference,KM,0.0075,0.0075,0.3358333333333334,0.3283333333333333,1380.0716432806637,-6.501441548227093e-06,-170027.77431425353,-248319.9437838852,1286.9645670349694
0.0,fixed_static_lattice_reference,KM,0.008,0.008,0.336,0.328,1380.0717899510503,-6.435873616747046e-06,-170027.77431425353,-247530.35649541544,1287.2714511412426
0.0,fixed_static_lattice_reference,KM,0.0085,0.0085,0.33616666666666667,0.32766666666666666,1380.0719454301475,-6.3708147753177745e-06,-170027.77431425353,-246746.89981109483,1287.575890871003
0.0,fixed_static_lattice_reference,KM,0.009000000000000001,0.009000000000000001,0.3363333333333333,0.3273333333333333,1380.0721096503316,-6.305837219748924e-06,-170027.77431425353,-245964.42199373967,1287.8798879713036
0.0,fixed_static_lattice_reference,KM,0.0095,0.0095,0.3365,0.327,1380.0722825459761,-6.2413326510067846e-06,-170027.77431425353,-245187.64001545636,1288.1816118219529
0.0,fixed_static_lattice_reference,KM,0.01,0.01,0.33666666666666667,0.32666666666666666,1380.0724640534493,-6.177246033507076e-06,-170027.77431425353,-244415.8911224142,1288.4813211359117
0.0,fixed_static_lattice_reference,KM,0.0105,0.0105,0.3368333333333333,0.3263333333333333,1380.0726541111178,-6.1135461606610285e-06,-170027.77431425353,-243648.79951618164,1288.7791630489387
0.0,fixed_static_lattice_reference,KM,0.011,0.011,0.33699999999999997,0.326,1380.072852659341,-6.050045527337658e-06,-170027.77431425353,-242884.10720775995,1289.0760146087316
0.0,fixed_static_lattice_reference,KM,0.0115,0.0115,0.33716666666666667,0.32566666666666666,1380.0730596404708,-5.986996929433895e-06,-170027.77431425353,-242124.85843573185,1289.3706959248293
0.0,fixed_static_lattice_reference,KM,0.012,0.012,0.3373333333333333,0.3253333333333333,1380.0732749988506,-5.924278079820949e-06,-170027.77431425353,-241369.58058444114,1289.6637793555387
0.0,fixed_static_lattice_reference,KM,0.0125,0.0125,0.33749999999999997,0.325,1380.073498680816,-5.862082904839624e-06,-170027.77431425353,-240620.60896888317,1289.9543607400321
0.0,fixed_static_lattice_reference,KM,0.013000000000000001,0.013000000000000001,0.3376666666666666,0.32466666666666666,1380.07373063469,-5.800040024756877e-06,-170027.77431425353,-239873.47133090085,1290.2441748200417
0.0,fixed_static_lattice_reference,KM,0.0135,0.0135,0.3378333333333334,0.3243333333333333,1380.0739708107833,-5.738435092390141e-06,-170027.77431425353,-239131.6075812626,1290.53188931083
0.0,fixed_static_lattice_reference,KM,0.014,0.014,0.338,0.324,1380.0742191613926,-5.677155717071968e-06,-170027.77431425353,-238393.66428025547,1290.8180298220475
0.0,fixed_static_lattice_reference,KM,0.0145,0.0145,0.33816666666666667,0.32366666666666666,1380.0744756407985,-5.616377234656499e-06,-170027.77431425353,-237661.75287105783,1291.1017796611416
0.0,fixed_static_lattice_reference,KM,0.015,0.015,0.3383333333333333,0.3233333333333333,1380.0747402052639,-5.555804572842148e-06,-170027.77431425353,-236932.32001085024,1291.3845161460533
0.0,fixed_static_lattice_reference,KM,0.0155,0.0155,0.3385,0.323,1380.0750128130326,-5.4956411855920804e-06,-170027.77431425353,-236207.81574890946,1291.6652914907881
0.0,fixed_static_lattice_reference,KM,0.016,0.016,0.33866666666666667,0.32266666666666666,1380.075293424327,-5.435780663419067e-06,-170027.77431425353,-235486.95867256026,1291.9446028555876
0.0,fixed_static_lattice_reference,KM,0.0165,0.0165,0.3388333333333333,0.3223333333333333,1380.0755820013458,-5.376518333052921e-06,-170027.77431425353,-234773.30518851767,1292.221075067202
0.0,fixed_static_lattice_reference,KM,0.017,0.017,0.33899999999999997,0.322,1380.0758785082626,-5.3173152543081425e-06,-170027.77431425353,-234060.36522899836,1292.4972205816748
0.0,fixed_static_lattice_reference,KM,0.0175,0.0175,0.33916666666666667,0.32166666666666666,1380.0761829112234,-5.2586077819136285e-06,-170027.77431425353,-233353.393499152,1292.771007232008
0.0,fixed_static_lattice_reference,KM,0.018000000000000002,0.018000000000000002,0.3393333333333333,0.3213333333333333,1380.076495178344,-5.200149396015676e-06,-170027.77431425353,-232649.42133825613,1293.043584418362
0.0,fixed_static_lattice_reference,KM,0.0185,0.0185,0.33949999999999997,0.321,1380.0768152797089,-5.142275995457769e-06,-170027.77431425353,-231952.49373371602,1293.313389066574
0.0,fixed_static_lattice_reference,KM,0.019,0.019,0.3396666666666666,0.32066666666666666,1380.0771431873666,-5.0847125345154345e-06,-170027.77431425353,-231259.29850833022,1293.5817031173071
0.0,fixed_static_lattice_reference,KM,0.0195,0.0195,0.3398333333333334,0.3203333333333333,1380.0774788753304,-5.027292063195835e-06,-170027.77431425353,-230567.8252037973,1293.849304399508
0.0,fixed_static_lattice_reference,KM,0.02,0.02,0.34,0.32,1380.077822319574,-4.970258855439167e-06,-170027.77431425353,-229881.0154349239,1294.1150567949564
0.0,fixed_static_lattice_reference,KM,0.0205,0.0205,0.3401666666666667,0.31966666666666665,1380.0781734980276,-4.913849830885849e-06,-170027.77431425353,-229201.72225399094,1294.3778593253444
0.0,fixed_static_lattice_reference,KM,0.021,0.021,0.3403333333333333,0.3193333333333333,1380.0785323905777,-4.857573995590815e-06,-170027.77431425353,-228524.03297519317,1294.6399972927368
0.0,fixed_static_lattice_reference,KM,0.021500000000000002,0.021500000000000002,0.3405,0.319,1380.0788989790638,-4.801738417807863e-06,-170027.77431425353,-227851.6453999469,1294.9000432494076
0.0,fixed_static_lattice_reference,KM,0.022,0.022,0.3406666666666667,0.31866666666666665,1380.0792732472742,-4.746095133899986e-06,-170027.77431425353,-227181.57348108912,1295.1591512110144
0.0,fixed_static_lattice_reference,KM,0.0225,0.0225,0.3408333333333333,0.3183333333333333,1380.0796551809437,-4.691219069229065e-06,-170027.77431425353,-226520.74062991724,1295.4146494518407
0.0,fixed_static_lattice_reference,KM,0.023,0.023,0.34099999999999997,0.318,1380.0800447677518,-4.636199362195641e-06,-170027.77431425353,-225858.17799741845,1295.6707729854609
0.0,fixed_static_lattice_reference,KM,0.0235,0.0235,0.3411666666666667,0.31766666666666665,1380.0804419973192,-4.58179031542209e-06,-170027.77431425353,-225202.96910580923,1295.92401678405
0.0,fixed_static_lattice_reference,KM,0.024,0.024,0.3413333333333333,0.3173333333333333,1380.0808468612024,-4.527614673690814e-06,-170027.77431425353,-224550.57094271143,1296.1761349949404
0.0,fixed_static_lattice_reference,KM,0.0245,0.0245,0.34149999999999997,0.317,1380.081259352894,-4.473978421508502e-06,-170027.77431425353,-223904.66825875686,1296.4257071495895
0.0,fixed_static_lattice_reference,KM,0.025,0.025,0.3416666666666666,0.31666666666666665,1380.0816794678167,-4.420510597902279e-06,-170027.77431425353,-223260.79383861503,1296.6744572806601
0.0,fixed_static_lattice_reference,KM,0.025500000000000002,0.025500000000000002,0.3418333333333334,0.3163333333333333,1380.082107203321,-4.367521950106756e-06,-170027.77431425353,-222622.6897870136,1296.9209431710728
0.0,fixed_static_lattice_reference,KM,0.026000000000000002,0.026000000000000002,0.342,0.316,1380.0825425586831,-4.314706176546569e-06,-170027.77431425353,-221986.6675350914,1297.1665878907565
0.0,fixed_static_lattice_reference,KM,0.0265,0.0265,0.3421666666666667,0.31566666666666665,1380.0829855350983,-4.262520795805619e-06,-170027.77431425353,-221358.23664903326,1297.4092686251463
0.0,fixed_static_lattice_reference,KM,0.027,0.027,0.3423333333333333,0.3153333333333333,1380.08343613568,-4.210487567805423e-06,-170027.77431425353,-220731.63802864664,1297.6512060902262
0.0,fixed_static_lattice_reference,KM,0.0275,0.0275,0.3425,0.315,1380.0838943654553,-4.158945885814951e-06,-170027.77431425353,-220110.95874218157,1297.8908262040916
0.0,fixed_static_lattice_reference,KM,0.028,0.028,0.3426666666666667,0.31466666666666665,1380.0843602313616,-4.107413305091716e-06,-170027.77431425353,-219490.38905571084,1298.130367990633
0.0,fixed_static_lattice_reference,KM,0.0285,0.0285,0.3428333333333333,0.3143333333333333,1380.0848337422412,-4.056638572916091e-06,-170027.77431425353,-218878.94559247565,1298.3663592117882
0.0,fixed_static_lattice_reference,KM,0.029,0.029,0.34299999999999997,0.314,1380.0853149088398,-4.005963575213682e-06,-170027.77431425353,-218268.70315953827,1298.6018532512162
0.0,fixed_static_lattice_reference,KM,0.029500000000000002,0.029500000000000002,0.3431666666666667,0.31366666666666665,1380.085803743801,-3.955777066981688e-06,-170027.77431425353,-217664.343252825,1298.8350482037156
0.0,fixed_static_lattice_reference,KM,0.03,0.03,0.3433333333333333,0.3133333333333333,1380.0863002616625,-3.9057553184153645e-06,-170027.77431425353,-217061.96742788356,1299.0674458018107
0.0,fixed_static_lattice_reference,KM,0.0305,0.0305,0.34349999999999997,0.313,1380.0868044788533,-3.856339697736262e-06,-170027.77431425353,-216466.89076373813,1299.297001125191
0.0,fixed_static_lattice_reference,KM,0.031,0.031,0.3436666666666666,0.31266666666666665,1380.0873164136876,-3.8070100613172423e-06,-170027.77431425353,-215872.84954599524,1299.5261257011875
0.0,fixed_static_lattice_reference,KM,0.0315,0.0315,0.3438333333333334,0.31233333333333335,1380.0878360863612,-3.7581894670834153e-06,-170027.77431425353,-215284.93835599074,1299.7528599535929
0.0,fixed_static_lattice_reference,KM,0.032,0.032,0.34400000000000003,0.312,1380.0883635189489,-3.709461444053173e-06,-170027.77431425353,-214698.14193419652,1299.9791341349344
0.0,fixed_static_lattice_reference,KM,0.0325,0.0325,0.3441666666666667,0.3116666666666667,1380.088898735397,-3.6614529721400993e-06,-170027.77431425353,-214120.01054731643,1300.202045016606
0.0,fixed_static_lattice_reference,KM,0.033,0.033,0.3443333333333333,0.3113333333333333,1380.0894417615211,-3.6134840251329653e-06,-170027.77431425353,-213542.35513035947,1300.4247429710292
0.0,fixed_static_lattice_reference,KM,0.0335,0.0335,0.34450000000000003,0.311,1380.0899926250036,-3.566008377456826e-06,-170027.77431425353,-212970.64016130706,1300.645127458822
0.0,fixed_static_lattice_reference,KM,0.034,0.034,0.3446666666666667,0.31066666666666665,1380.0905513553828,-3.5186477051405492e-06,-170027.77431425353,-212400.30975755333,1300.8649507857651
0.0,fixed_static_lattice_reference,KM,0.0345,0.0345,0.3448333333333333,0.31033333333333335,1380.0911179840552,-3.472042081169902e-06,-170027.77431425353,-211839.07185622313,1301.081251145468
0.0,fixed_static_lattice_reference,KM,0.035,0.035,0.345,0.31,1380.0916925442664,-3.4254113937326386e-06,-170027.77431425353,-211277.53213364896,1301.297639933328
0.0,fixed_static_lattice_reference,KM,0.035500000000000004,0.035500000000000004,0.3451666666666667,0.3096666666666667,1380.0922750711068,-3.379308546409128e-06,-170027.77431425353,-210722.34880870327,1301.5115592657025
0.0,fixed_static_lattice_reference,KM,0.036000000000000004,0.036000000000000004,0.3453333333333333,0.3093333333333333,1380.0928656015092,-3.33320324818747e-06,-170027.77431425353,-210167.1359693596,1301.7254632659015
0.0,fixed_static_lattice_reference,KM,0.0365,0.0365,0.3455,0.309,1380.0934641742426,-3.2879909760649357e-06,-170027.77431425353,-209622.6771989674,1301.9352106220547
0.0,fixed_static_lattice_reference,KM,0.037,0.037,0.3456666666666666,0.3086666666666667,1380.0940708299047,-3.242594581464221e-06,-170027.77431425353,-209076.0011744235,1302.1457841445538
0.0,fixed_static_lattice_reference,KM,0.0375,0.0375,0.3458333333333334,0.30833333333333335,1380.0946856109224,-3.1977864380961648e-06,-170027.77431425353,-208536.40903502356,1302.353612586262
0.0,fixed_static_lattice_reference,KM,0.038,0.038,0.34600000000000003,0.308,1380.0953085615408,-3.15320421948333e-06,-170027.77431425353,-207999.53754443544,1302.5603721782493
0.0,fixed_static_lattice_reference,KM,0.0385,0.0385,0.3461666666666667,0.3076666666666667,1380.095939727821,-3.10920559496702e-06,-170027.77431425353,-207469.6938564612,1302.7644103968898
0.0,fixed_static_lattice_reference,KM,0.039,0.039,0.3463333333333333,0.30733333333333335,1380.0965791576352,-3.065083851769423e-06,-170027.77431425353,-206938.36753904412,1302.9689943600204
0.0,fixed_static_lattice_reference,KM,0.0395,0.0395,0.34650000000000003,0.307,1380.097226900661,-3.021656244745844e-06,-170027.77431425353,-206415.40020271888,1303.1703478425898
0.0,fixed_static_lattice_reference,KM,0.04,0.04,0.3466666666666667,0.3066666666666667,1380.0978830083745,-2.978123318245335e-06,-170027.77431425353,-205891.1645799259,1303.3721656166636
0.0,fixed_static_lattice_reference,KM,0.0405,0.0405,0.3468333333333333,0.30633333333333335,1380.0985475340476,-2.9355601201344373e-06,-170027.77431425353,-205378.60669642442,1303.5694819261316
0.0,fixed_static_lattice_reference,KM,0.041,0.041,0.347,0.306,1380.0992205327402,-2.893013663026801e-06,-170027.77431425353,-204866.2504127458,1303.766700028165
0.0,fixed_static_lattice_reference,KM,0.0415,0.0415,0.3471666666666667,0.3056666666666667,1380.0999020612946,-2.851382279323069e-06,-170027.77431425353,-204364.9136978019,1303.9596719115946
0.0,fixed_static_lattice_reference,KM,0.042,0.042,0.3473333333333333,0.30533333333333335,1380.1005921783321,-2.8084177129649018e-06,-170027.77431425353,-203847.5224261046,1304.1587794838779
0.0,fixed_static_lattice_reference,KM,0.0425,0.0425,0.3475,0.305,1380.1012909442456,-2.7670453990231545e-06,-170027.77431425353,-203349.3055013733,1304.350515683802
0.0,fixed_static_lattice_reference,KM,0.043000000000000003,0.043000000000000003,0.3476666666666666,0.3046666666666667,1380.1019984211946,-2.7253470485920476e-06,-170027.77431425353,-202847.16235445128,1304.5437377457774
0.0,fixed_static_lattice_reference,KM,0.043500000000000004,0.043500000000000004,0.3478333333333334,0.30433333333333334,1380.1027146730974,-2.6843123538214247e-06,-170027.77431425353,-202353.01113378973,1304.7338778135038
0.0,fixed_static_lattice_reference,KM,0.044,0.044,0.34800000000000003,0.304,1380.1034397656279,-2.6433434362162282e-06,-170027.77431425353,-201859.65202007006,1304.923696019368
0.0,fixed_static_lattice_reference,KM,0.0445,0.0445,0.3481666666666667,0.3036666666666667,1380.1041737662085,-2.6030749423655503e-06,-170027.77431425353,-201374.72760423744,1305.110264630032
0.0,fixed_static_lattice_reference,KM,0.045,0.045,0.34833333333333333,0.30333333333333334,1380.1049167440046,-2.5628826239877254e-06,-170027.77431425353,-200890.72051466018,1305.2964646800801
0.0,fixed_static_lattice_reference,KM,0.0455,0.0455,0.34850000000000003,0.303,1380.1056687699172,-2.5230503982085856e-06,-170027.77431425353,-200411.04976042514,1305.4809869203134
0.0,fixed_static_lattice_reference,KM,0.046,0.046,0.3486666666666667,0.3026666666666667,1380.1064299165778,-2.4832175332066694e-06,-170027.77431425353,-199931.37130849145,1305.6654956720693
0.0,fixed_static_lattice_reference,KM,0.0465,0.0465,0.34883333333333333,0.30233333333333334,1380.1072002583421,-2.444193839585961e-06,-170027.77431425353,-199461.43712364646,1305.846257061402
0.0,fixed_static_lattice_reference,KM,0.047,0.047,0.349,0.302,1380.1079798712844,-2.4051404203945367e-06,-170027.77431425353,-198991.14497520172,1306.0271402728183
0.0,fixed_static_lattice_reference,KM,0.0475,0.0475,0.3491666666666667,0.3016666666666667,1380.1087688331893,-2.3666687329904867e-06,-170027.77431425353,-198527.8582029255,1306.2053267412962
0.0,fixed_static_lattice_reference,KM,0.048,0.048,0.34933333333333333,0.30133333333333334,1380.1095672235483,-2.3278778838763645e-06,-170027.77431425353,-198060.72799646508,1306.3849698865586
0.0,fixed_static_lattice_reference,KM,0.0485,0.0485,0.3495,0.301,1380.11037512355,-2.2901813242621204e-06,-170027.77431425353,-197606.77552887038,1306.559555471849
0.0,fixed_static_lattice_reference,KM,0.049,0.049,0.3496666666666666,0.3006666666666667,1380.1111926160768,-2.252078497696836e-06,-170027.77431425353,-197147.93068152497,1306.7359998494894
0.0,fixed_static_lattice_reference,KM,0.0495,0.0495,0.3498333333333334,0.30033333333333334,1380.112019785695,-2.2147875358090386e-06,-170027.77431425353,-196698.86253469205,1306.9086902390154
0.0,fixed_static_lattice_reference,KM,0.05,0.05,0.35000000000000003,0.3,1380.1128567186531,-2.177066615475974e-06,-170027.77431425353,-196244.61670853797,1307.0833487469663
0.0,fixed_static_lattice_reference,KM,0.0505,0.0505,0.3501666666666667,0.2996666666666667,1380.1137035028685,-2.1403004314489457e-06,-170027.77431425353,-195801.8680828304,1307.2535968638883
0.0,fixed_static_lattice_reference,KM,0.051000000000000004,0.051000000000000004,0.35033333333333333,0.29933333333333334,1380.1145602279282,-2.1034849710806706e-06,-170027.77431425353,-195358.52605770036,1307.424060240375
0.0,fixed_static_lattice_reference,KM,0.051500000000000004,0.051500000000000004,0.35050000000000003,0.299,1380.1154269850747,-2.067090819959832e-06,-170027.77431425353,-194920.25755584278,1307.5925719605293
0.0,fixed_static_lattice_reference,KM,0.052000000000000005,0.052000000000000005,0.3506666666666667,0.2986666666666667,1380.1163038672044,-2.0306402934792386e-06,-170027.77431425353,-194481.31016620516,1307.7613322138977
0.0,fixed_static_lattice_reference,KM,0.0525,0.0525,0.35083333333333333,0.29833333333333334,1380.117190968859,-1.9949745903741835e-06,-170027.77431425353,-194051.81383819217,1307.92646848727
0.0,fixed_static_lattice_reference,KM,0.053,0.053,0.351,0.298,1380.118088386219,-1.9592561923248134e-06,-170027.77431425353,-193621.6829429867,1308.091837352349
0.0,fixed_static_lattice_reference,KM,0.0535,0.0535,0.3511666666666667,0.2976666666666667,1380.1189962170945,-1.9239223237441313e-06,-170027.77431425353,-193196.18265871654,1308.255426535875
0.0,fixed_static_lattice_reference,KM,0.054,0.054,0.35133333333333333,0.29733333333333334,1380.1199145609216,-1.8886387249657106e-06,-170027.77431425353,-192771.28773740298,1308.4187750220656
0.0,fixed_static_lattice_reference,KM,0.0545,0.0545,0.3515,0.297,1380.1208435187527,-1.8540656637851106e-06,-170027.77431425353,-192354.94930769372,1308.5788449333957
0.0,fixed_static_lattice_reference,KM,0.055,0.055,0.3516666666666666,0.2966666666666667,1380.1217831932518,-1.8193654339889162e-06,-170027.77431425353,-191937.07947810498,1308.7394916355263
0.0,fixed_static_lattice_reference,KM,0.0555,0.0555,0.3518333333333334,0.29633333333333334,1380.122733688683,-1.7850726409763767e-06,-170027.77431425353,-191524.11611571698,1308.8982557588677
0.0,fixed_static_lattice_reference,KM,0.056,0.056,0.35200000000000004,0.296,1380.1236951109076,-1.7508472438563088e-06,-170027.77431425353,-191111.96435343276,1309.0567021535594
0.0,fixed_static_lattice_reference,KM,0.0565,0.0565,0.3521666666666667,0.2956666666666667,1380.124667567375,-1.7174117651235769e-06,-170027.77431425353,-190709.32500832394,1309.2115081298489
0.0,fixed_static_lattice_reference,KM,0.057,0.057,0.35233333333333333,0.29533333333333334,1380.1256511671156,-1.6839845989399456e-06,-170027.77431425353,-190306.78576524608,1309.36626932429
0.0,fixed_static_lattice_reference,KM,0.0575,0.0575,0.35250000000000004,0.295,1380.126646020732,-1.6510324761305958e-06,-170027.77431425353,-189909.96712675854,1309.5188398528967
0.0,fixed_static_lattice_reference,KM,0.058,0.058,0.3526666666666667,0.2946666666666667,1380.1276522403941,-1.6181669573102753e-06,-170027.77431425353,-189514.19139762205,1309.6710064290803
0.0,fixed_static_lattice_reference,KM,0.0585,0.0585,0.35283333333333333,0.29433333333333334,1380.1286699398295,-1.5862510423487135e-06,-170027.77431425353,-189129.85106257276,1309.8188021735334
0.0,fixed_static_lattice_reference,KM,0.059000000000000004,0.059000000000000004,0.353,0.294,1380.1296992343161,-1.554469505982364e-06,-170027.77431425353,-188747.12895198516,1309.9659758011346
0.0,fixed_static_lattice_reference,KM,0.059500000000000004,0.059500000000000004,0.3531666666666667,0.2936666666666667,1380.130740240676,-1.5234473418677848e-06,-170027.77431425353,-188373.55141350284,1310.1096552364513
0.0,fixed_static_lattice_reference,KM,0.06,0.06,0.35333333333333333,0.29333333333333333,1380.1317930772655,-1.492981636893443e-06,-170027.77431425353,-188006.67491093496,1310.2507742229093
0.0019000869,fixed_static_lattice_reference,K,0.0,0.0,0.3333333333333333,0.3333333333333333,1380.070552374435,-6.763138838637188e-06,-170027.77431425353,-251471.37542539823,1285.738447004553
0.0019000869,fixed_static_lattice_reference,KG,0.0005,-0.0005,0.33316666666666667,0.33316666666666667,1380.0705574726148,-6.759524898652059e-06,-170027.77431425353,-251427.85535378492,1285.755376519573
0.0019000869,fixed_static_lattice_reference,KG,0.001,-0.001,0.333,0.333,1380.0705728352552,-6.751253031171315e-06,-170027.77431425353,-251328.2432222555,1285.7941292382595
0.0019000869,fixed_static_lattice_reference,KG,0.0015,-0.0015,0.33283333333333337,0.33283333333333337,1380.0705985660052,-6.740138248081057e-06,-170027.77431425353,-251194.39590933797,1285.846204301663
0.0019000869,fixed_static_lattice_reference,KG,0.002,-0.002,0.33266666666666667,0.33266666666666667,1380.0706347705172,-6.728163777232341e-06,-170027.77431425353,-251050.19599705044,1285.9023139254582
0.0019000869,fixed_static_lattice_reference,KG,0.0025,-0.0025,0.3325,0.3325,1380.0706815564383,-6.710864589152671e-06,-170027.77431425353,-250841.87435718428,1285.9833637082822
0.0019000869,fixed_static_lattice_reference,KG,0.003,-0.003,0.3323333333333333,0.3323333333333333,1380.0707390334194,-6.693192660324916e-06,-170027.77431425353,-250629.0640694389,1286.0661649646217
0.0019000869,fixed_static_lattice_reference,KG,0.0035,-0.0035,0.33216666666666667,0.33216666666666667,1380.0708073131073,-6.673024155277098e-06,-170027.77431425353,-250386.18931567244,1286.160660214026
0.0019000869,fixed_static_lattice_reference,KG,0.004,-0.004,0.332,0.332,1380.070886509147,-6.6470275541913344e-06,-170027.77431425353,-250073.1310065662,1286.2824420723377
0.0019000869,fixed_static_lattice_reference,KG,0.0045000000000000005,-0.0045000000000000005,0.33183333333333337,0.33183333333333337,1380.0709767371786,-6.623559756145587e-06,-170027.77431425353,-249790.5252478206,1286.3923878756784
0.0019000869,fixed_static_lattice_reference,KG,0.005,-0.005,0.33166666666666667,0.33166666666666667,1380.07107811484,-6.594025367006968e-06,-170027.77431425353,-249434.86390987423,1286.5307290302794
0.0019000869,fixed_static_lattice_reference,KG,0.0055,-0.0055,0.3315,0.3315,1380.07119076176,-6.561789156425031e-06,-170027.77431425353,-249046.66648577707,1286.6817108690109
0.0019000869,fixed_static_lattice_reference,KG,0.006,-0.006,0.3313333333333333,0.3313333333333333,1380.071314799563,-6.531490895168684e-06,-170027.77431425353,-248681.80638708652,1286.8236194387746
0.0019000869,fixed_static_lattice_reference,KG,0.006500000000000001,-0.006500000000000001,0.33116666666666666,0.33116666666666666,1380.0714503518636,-6.4931156463765925e-06,-170027.77431425353,-248219.68095542915,1287.003312785506
0.0019000869,fixed_static_lattice_reference,KG,0.007,-0.007,0.331,0.331,1380.071597544267,-6.45708531872936e-06,-170027.77431425353,-247785.79371714845,1287.1720244906028
0.0019000869,fixed_static_lattice_reference,KG,0.0075,-0.0075,0.33083333333333337,0.33083333333333337,1380.0717565043672,-6.41891977526251e-06,-170027.77431425353,-247326.1936154107,1287.3507134754066
0.0019000869,fixed_static_lattice_reference,KG,0.008,-0.008,0.33066666666666666,0.33066666666666666,1380.0719273617449,-6.3744216957158326e-06,-170027.77431425353,-246790.33535088605,1287.5590042173117
0.0019000869,fixed_static_lattice_reference,KG,0.0085,-0.0085,0.3305,0.3305,1380.0721102479674,-6.3347995020185974e-06,-170027.77431425353,-246313.19386146538,1287.74447605991
0.0019000869,fixed_static_lattice_reference,KG,0.009000000000000001,-0.009000000000000001,0.3303333333333333,0.3303333333333333,1380.0723052965848,-6.289119255968113e-06,-170027.77431425353,-245763.09961872402,1287.9582556231805
0.0019000869,fixed_static_lattice_reference,KG,0.0095,-0.0095,0.33016666666666666,0.33016666666666666,1380.0725126431305,-6.241814710119951e-06,-170027.77431425353,-245193.44510552794,1288.179605120185
0.0019000869,fixed_static_lattice_reference,KG,0.01,-0.01,0.33,0.33,1380.072732425116,-6.19739642717693e-06,-170027.77431425353,-244658.54777392407,1288.3874413426274
0.0019000869,fixed_static_lattice_reference,KG,0.0105,-0.0105,0.32983333333333337,0.32983333333333337,1380.0729647820333,-6.146109105776246e-06,-170027.77431425353,-244040.93156850873,1288.6273536417589
0.0019000869,fixed_static_lattice_reference,KG,0.011,-0.011,0.32966666666666666,0.32966666666666666,1380.0732098553492,-6.097776405563449e-06,-170027.77431425353,-243458.89573416102,1288.853431863486
0.0019000869,fixed_static_lattice_reference,KG,0.0115,-0.0115,0.3295,0.3295,1380.0734677885052,-6.048112014587173e-06,-170027.77431425353,-242860.8233088262,1289.085704359863
0.0019000869,fixed_static_lattice_reference,KG,0.012,-0.012,0.3293333333333333,0.3293333333333333,1380.0737387269146,-5.994076608527306e-06,-170027.77431425353,-242210.11390273256,1289.3383614943564
0.0019000869,fixed_static_lattice_reference,KG,0.0125,-0.0125,0.32916666666666666,0.32916666666666666,1380.0740228179593,-5.944244143415413e-06,-170027.77431425353,-241610.0174818559,1289.571359396249
0.0019000869,fixed_static_lattice_reference,KG,0.013000000000000001,-0.013000000000000001,0.329,0.329,1380.0743202109907,-5.890430941886568e-06,-170027.77431425353,-240961.98392459832,1289.8229124113238
0.0019000869,fixed_static_lattice_reference,KG,0.0135,-0.0135,0.32883333333333337,0.32883333333333337,1380.074631057321,-5.836036647842458e-06,-170027.77431425353,-240306.95268946496,1290.0771428866321
0.0019000869,fixed_static_lattice_reference,KG,0.014,-0.014,0.32866666666666666,0.32866666666666666,1380.0749555102302,-5.7837718390009584e-06,-170027.77431425353,-239677.565308103,1290.321400860445
0.0019000869,fixed_static_lattice_reference,KG,0.0145,-0.0145,0.3285,0.3285,1380.075293724952,-5.727732809343844e-06,-170027.77431425353,-239002.72770873632,1290.5832358438863
0.0019000869,fixed_static_lattice_reference,KG,0.015,-0.015,0.3283333333333333,0.3283333333333333,1380.075645858681,-5.673676848710297e-06,-170027.77431425353,-238351.7707787429,1290.8357825507908
0.0019000869,fixed_static_lattice_reference,KG,0.0155,-0.0155,0.32816666666666666,0.32816666666666666,1380.0760120705636,-5.6190989422098066e-06,-170027.77431425353,-237694.52843128238,1291.0907290586931
0.0019000869,fixed_static_lattice_reference,KG,0.016,-0.016,0.328,0.328,1380.0763925217,-5.562734366110439e-06,-170027.77431425353,-237015.77051100868,1291.3539711034696
0.0019000869,fixed_static_lattice_reference,KG,0.0165,-0.0165,0.32783333333333337,0.32783333333333337,1380.0767873751365,-5.508513846642905e-06,-170027.77431425353,-236362.83191771453,1291.6071798863472
0.0019000869,fixed_static_lattice_reference,KG,0.017,-0.017,0.32766666666666666,0.32766666666666666,1380.0771967958651,-5.452798279396611e-06,-170027.77431425353,-235691.889542768,1291.8673227437735
0.0019000869,fixed_static_lattice_reference,KG,0.0175,-0.0175,0.3275,0.3275,1380.0776209508215,-5.397189078651413e-06,-170027.77431425353,-235022.22806284574,1292.126933310514
0.0019000869,fixed_static_lattice_reference,KG,0.018000000000000002,-0.018000000000000002,0.3273333333333333,0.3273333333333333,1380.0780600088783,-5.342455460249494e-06,-170027.77431425353,-234363.11058930977,1292.3824283580147
0.0019000869,fixed_static_lattice_reference,KG,0.0185,-0.0185,0.32716666666666666,0.32716666666666666,1380.0785141408446,-5.2870484818934135e-06,-170027.77431425353,-233695.8843277067,1292.6410255231322
0.0019000869,fixed_static_lattice_reference,KG,0.019,-0.019,0.327,0.327,1380.0789835194637,-5.2323892356646685e-06,-170027.77431425353,-233037.66246458926,1292.8961049858285
0.0019000869,fixed_static_lattice_reference,KG,0.0195,-0.0195,0.32683333333333336,0.32683333333333336,1380.0794683194047,-5.177957288277698e-06,-170027.77431425353,-232382.17779741652,1293.1500922473595
0.0019000869,fixed_static_lattice_reference,KG,0.02,-0.02,0.32666666666666666,0.32666666666666666,1380.0799687172641,-5.123965232738447e-06,-170027.77431425353,-231731.9904303632,1293.4019984615309
0.0019000869,fixed_static_lattice_reference,KG,0.0205,-0.0205,0.3265,0.3265,1380.080484891561,-5.069931998022312e-06,-170027.77431425353,-231081.30717219537,1293.654064116961
0.0019000869,fixed_static_lattice_reference,KG,0.021,-0.021,0.3263333333333333,0.3263333333333333,1380.0810170227319,-5.0157650079460385e-06,-170027.77431425353,-230429.01319473618,1293.9067201122969
0.0019000869,fixed_static_lattice_reference,KG,0.021500000000000002,-0.021500000000000002,0.32616666666666666,0.32616666666666666,1380.0815652931267,-4.961121564824324e-06,-170027.77431425353,-229770.981637034,1294.1615607121441
0.0019000869,fixed_static_lattice_reference,KG,0.022,-0.022,0.326,0.326,1380.0821298870073,-4.905705859611086e-06,-170027.77431425353,-229103.65028418702,1294.4199608122829
0.0019000869,fixed_static_lattice_reference,KG,0.0225,-0.0225,0.32583333333333336,0.32583333333333336,1380.0827109905422,-4.851832765946616e-06,-170027.77431425353,-228454.8954891551,1294.6711527201992
0.0019000869,fixed_static_lattice_reference,KG,0.023,-0.023,0.32566666666666666,0.32566666666666666,1380.0833087918027,-4.797544009115634e-06,-170027.77431425353,-227801.13516252942,1294.9242464496526
0.0019000869,fixed_static_lattice_reference,KG,0.0235,-0.0235,0.3255,0.3255,1380.0839234807581,-4.743722434091469e-06,-170027.77431425353,-227153.00076930958,1295.1751368369967
0.0019000869,fixed_static_lattice_reference,KG,0.024,-0.024,0.3253333333333333,0.3253333333333333,1380.0845552492738,-4.691711443179353e-06,-170027.77431425353,-226526.6699341296,1295.417581208259
0.0019000869,fixed_static_lattice_reference,KG,0.0245,-0.0245,0.32516666666666666,0.32516666666666666,1380.085204291103,-4.638058891582704e-06,-170027.77431425353,-225880.57096808898,1295.6676271849685
0.0019000869,fixed_static_lattice_reference,KG,0.025,-0.025,0.325,0.325,1380.0858708018882,-4.5863153821431915e-06,-170027.77431425353,-225257.4612192831,1295.9087736286544
0.0019000869,fixed_static_lattice_reference,KG,0.025500000000000002,-0.025500000000000002,0.32483333333333336,0.32483333333333336,1380.0865549791502,-4.535130489490364e-06,-170027.77431425353,-224641.07848937105,1296.1472990153734
0.0019000869,fixed_static_lattice_reference,KG,0.026000000000000002,-0.026000000000000002,0.32466666666666666,0.32466666666666666,1380.0872570222903,-4.4825052567282225e-06,-170027.77431425353,-224007.35078279558,1296.39248926107
0.0019000869,fixed_static_lattice_reference,KG,0.0265,-0.0265,0.3245,0.3245,1380.0879771325795,-4.432875666103311e-06,-170027.77431425353,-223409.69743298215,1296.6237415661158
0.0019000869,fixed_static_lattice_reference,KG,0.027,-0.027,0.3243333333333333,0.3243333333333333,1380.0887155131586,-4.3816950736933695e-06,-170027.77431425353,-222793.36648779231,1296.8621731699047
0.0019000869,fixed_static_lattice_reference,KG,0.0275,-0.0275,0.32416666666666666,0.32416666666666666,1380.0894723690317,-4.3309163496203706e-06,-170027.77431425353,-222181.8749530174,1297.0987151295828
0.0019000869,fixed_static_lattice_reference,KG,0.028,-0.028,0.324,0.324,1380.0902479070614,-4.282782178359593e-06,-170027.77431425353,-221602.22985959088,1297.3229599866731
0.0019000869,fixed_static_lattice_reference,KG,0.0285,-0.0285,0.32383333333333336,0.32383333333333336,1380.0910423359626,-4.2316927148192106e-06,-170027.77431425353,-220986.9963136234,1297.5608998510784
0.0019000869,fixed_static_lattice_reference,KG,0.029,-0.029,0.32366666666666666,0.32366666666666666,1380.0918558663009,-4.183365551627732e-06,-170027.77431425353,-220405.02715762818,1297.7860006452768
0.0019000869,fixed_static_lattice_reference,KG,0.029500000000000002,-0.029500000000000002,0.3235,0.3235,1380.092688710485,-4.13559232168438e-06,-170027.77431425353,-219829.72862005132,1298.0085133819748
0.0019000869,fixed_static_lattice_reference,KG,0.03,-0.03,0.3233333333333333,0.3233333333333333,1380.0935410827624,-4.08559290748656e-06,-170027.77431425353,-219227.62175179448,1298.2413336458533
0.0019000869,fixed_static_lattice_reference,KG,0.0305,-0.0305,0.32316666666666666,0.32316666666666666,1380.0944131992137,-4.039633885022363e-06,-170027.77431425353,-218674.17040585307,1298.455397361738
0.0019000869,fixed_static_lattice_reference,KG,0.031,-0.031,0.323,0.323,1380.0953052777486,-3.991386339428569e-06,-170027.77431425353,-218093.16002713895,1298.68005745162
0.0019000869,fixed_static_lattice_reference,KG,0.0315,-0.0315,0.32283333333333336,0.32283333333333336,1380.096217538099,-3.943602636790854e-06,-170027.77431425353,-217517.7353744604,1298.9025499584282
0.0019000869,fixed_static_lattice_reference,KG,0.032,-0.032,0.32266666666666666,0.32266666666666666,1380.0971502018156,-3.89910480122185e-06,-170027.77431425353,-216981.88004798282,1299.1097967251228
0.0019000869,fixed_static_lattice_reference,KG,0.0325,-0.0325,0.3225,0.3225,1380.0981034922595,-3.850720620347354e-06,-170027.77431425353,-216399.22426917197,1299.3350418555483
0.0019000869,fixed_static_lattice_reference,KG,0.033,-0.033,0.3223333333333333,0.3223333333333333,1380.0990776346,-3.805686485850005e-06,-170027.77431425353,-215856.9106816652,1299.5447485201148
0.0019000869,fixed_static_lattice_reference,KG,0.0335,-0.0335,0.32216666666666666,0.32216666666666666,1380.100072855807,-3.761207739795682e-06,-170027.77431425353,-215321.2852364389,1299.751870881579
0.0019000869,fixed_static_lattice_reference,KG,0.034,-0.034,0.322,0.322,1380.1010893846453,-3.7139964128296324e-06,-170027.77431425353,-214752.7532909783,1299.9716395482274
0.0019000869,fixed_static_lattice_reference,KG,0.0345,-0.0345,0.32183333333333336,0.32183333333333336,1380.1021274516695,-3.671519637992576e-06,-170027.77431425353,-214241.23614060524,1300.169468206364
0.0019000869,fixed_static_lattice_reference,KG,0.035,-0.035,0.32166666666666666,0.32166666666666666,1380.1031872892179,-3.6262187809180643e-06,-170027.77431425353,-213695.71060555454,1300.3803662622347
0.0019000869,fixed_static_lattice_reference,KG,0.035500000000000004,-0.035500000000000004,0.3215,0.3215,1380.104269131407,-3.5814208099142955e-06,-170027.77431425353,-213156.2409645979,1300.58892533734
0.0019000869,fixed_static_lattice_reference,KG,0.036000000000000004,-0.036000000000000004,0.3213333333333333,0.3213333333333333,1380.1053732141243,-3.5403717926866263e-06,-170027.77431425353,-212661.91726892046,1300.7801212755278
0.0019000869,fixed_static_lattice_reference,KG,0.0365,-0.0365,0.32116666666666666,0.32116666666666666,1380.1064997750238,-3.4947913721982527e-06,-170027.77431425353,-212113.0251533948,1300.9922849763072
0.0019000869,fixed_static_lattice_reference,KG,0.037,-0.037,0.321,0.321,1380.1076490535195,-3.452999202293081e-06,-170027.77431425353,-211609.75220624177,1301.1869084684915
0.0019000869,fixed_static_lattice_reference,KG,0.0375,-0.0375,0.32083333333333336,0.32083333333333336,1380.1088212907773,-3.4117974286649527e-06,-170027.77431425353,-211113.58897545454,1301.3787955968717
0.0019000869,fixed_static_lattice_reference,KG,0.038,-0.038,0.32066666666666666,0.32066666666666666,1380.1100167297118,-3.367510417062332e-06,-170027.77431425353,-210580.27244988468,1301.5849514448917
0.0019000869,fixed_static_lattice_reference,KG,0.0385,-0.0385,0.3205,0.3205,1380.1112356149779,-3.3285675760393878e-06,-170027.77431425353,-210111.3119145356,1301.7663810208671
0.0019000869,fixed_static_lattice_reference,KG,0.039,-0.039,0.3203333333333333,0.3203333333333333,1380.1124781929639,-3.2865908123028106e-06,-170027.77431425353,-209605.8160370641,1301.9618413866283
0.0019000869,fixed_static_lattice_reference,KG,0.0395,-0.0395,0.32016666666666665,0.32016666666666665,1380.113744711787,-3.24538910762973e-06,-170027.77431425353,-209109.65363665274,1302.1537139315537
0.0019000869,fixed_static_lattice_reference,KG,0.04,-0.04,0.32,0.32,1380.1150354212862,-3.208724339889084e-06,-170027.77431425353,-208668.12629410543,1302.3246080381775
0.0019000869,fixed_static_lattice_reference,KG,0.0405,-0.0405,0.31983333333333336,0.31983333333333336,1380.1163505730133,-3.1677907788588116e-06,-170027.77431425353,-208175.19295410614,1302.5152391296106
0.0019000869,fixed_static_lattice_reference,KG,0.041,-0.041,0.31966666666666665,0.31966666666666665,1380.1176904202302,-3.1318182429064385e-06,-170027.77431425353,-207742.00165950725,1302.6829383051593
0.0019000869,fixed_static_lattice_reference,KG,0.0415,-0.0415,0.3195,0.3195,1380.1190552178987,-3.0959868294667995e-06,-170027.77431425353,-207310.5098015027,1302.8499901270454
0.0019000869,fixed_static_lattice_reference,KG,0.042,-0.042,0.3193333333333333,0.3193333333333333,1380.1204452226752,-3.0535615593240543e-06,-170027.77431425353,-206799.61288500013,1303.0475165689988
0.0019000869,fixed_static_lattice_reference,KG,0.0425,-0.0425,0.31916666666666665,0.31916666666666665,1380.1218606929037,-3.014251972767848e-06,-170027.77431425353,-206326.23589781811,1303.230645152509
0.0019000869,fixed_static_lattice_reference,KG,0.043000000000000003,-0.043000000000000003,0.319,0.319,1380.123301888608,-2.971590158590878e-06,-170027.77431425353,-205812.49045218906,1303.4292608207493
0.0019000869,fixed_static_lattice_reference,KG,0.043500000000000004,-0.043500000000000004,0.31883333333333336,0.31883333333333336,1380.1247690714858,-2.930326021282404e-06,-170027.77431425353,-205315.57622059772,1303.6214181977928
0.0019000869,fixed_static_lattice_reference,KG,0.044,-0.044,0.31866666666666665,0.31866666666666665,1380.1262625049017,-2.8940369990267364e-06,-170027.77431425353,-204878.573709808,1303.7905992704275
0.0019000869,fixed_static_lattice_reference,KG,0.0445,-0.0445,0.3185,0.3185,1380.1277824538786,-2.852729468166157e-06,-170027.77431425353,-204381.13692097916,1303.9829596202862
0.0019000869,fixed_static_lattice_reference,KG,0.045,-0.045,0.3183333333333333,0.3183333333333333,1380.1293291850895,-2.8159838655722525e-06,-170027.77431425353,-203938.6361426202,1304.1542581820086
0.0019000869,fixed_static_lattice_reference,KG,0.0455,-0.0455,0.31816666666666665,0.31816666666666665,1380.130902966855,-2.7799029518856437e-06,-170027.77431425353,-203504.13973316754,1304.3224944740234
0.0019000869,fixed_static_lattice_reference,KG,0.046,-0.046,0.318,0.318,1380.132504069131,-2.74020043916019e-06,-170027.77431425353,-203026.03101964397,1304.5074540869768
0.0019000869,fixed_static_lattice_reference,KG,0.0465,-0.0465,0.31783333333333336,0.31783333333333336,1380.1341327635032,-2.7064490104796398e-06,-170027.77431425353,-202619.58691728633,1304.6649522009782
0.0019000869,fixed_static_lattice_reference,KG,0.047,-0.047,0.31766666666666665,0.31766666666666665,1380.1357893231793,-2.6689860439404544e-06,-170027.77431425353,-202168.44744254617,1304.8395876613222
0.0019000869,fixed_static_lattice_reference,KG,0.0475,-0.0475,0.3175,0.3175,1380.1374740229815,-2.632025575464372e-06,-170027.77431425353,-201723.35918940397,1305.0119110617848
0.0019000869,fixed_static_lattice_reference,KG,0.048,-0.048,0.3173333333333333,0.3173333333333333,1380.1391871393398,-2.599544438591443e-06,-170027.77431425353,-201332.21229471028,1305.1635773277337
0.0019000869,fixed_static_lattice_reference,KG,0.0485,-0.0485,0.31716666666666665,0.31716666666666665,1380.1409289502806,-2.561332216796457e-06,-170027.77431425353,-200872.0500795474,1305.3416923105597
0.0019000869,fixed_static_lattice_reference,KG,0.049,-0.049,0.317,0.317,1380.142699735425,-2.5276044007119647e-06,-170027.77431425353,-200465.89032664648,1305.499131101335
0.0019000869,fixed_static_lattice_reference,KG,0.0495,-0.0495,0.31683333333333336,0.31683333333333336,1380.1444997759747,-2.4943733013124487e-06,-170027.77431425353,-200065.7121743783,1305.6542911841163
0.0019000869,fixed_static_lattice_reference,KG,0.05,-0.05,0.31666666666666665,0.31666666666666665,1380.146329354708,-2.457240489403317e-06,-170027.77431425353,-199618.5485136258,1305.8274548797206
0.0019000869,fixed_static_lattice_reference,KG,0.0505,-0.0505,0.3165,0.3165,1380.1481887559723,-2.4262226230938823e-06,-170027.77431425353,-199245.02273050975,1305.9724346998605
0.0019000869,fixed_static_lattice_reference,KG,0.051000000000000004,-0.051000000000000004,0.3163333333333333,0.3163333333333333,1380.150078265671,-2.3912681815516158e-06,-170027.77431425353,-198824.0916122888,1306.1355775433303
0.0019000869,fixed_static_lattice_reference,KG,0.051500000000000004,-0.051500000000000004,0.31616666666666665,0.31616666666666665,1380.1519981712615,-2.3567834365257844e-06,-170027.77431425353,-198408.81671030715,1306.2965671492132
0.0019000869,fixed_static_lattice_reference,KG,0.052000000000000005,-0.052000000000000005,0.316,0.316,1380.153948761744,-2.3268818688038347e-06,-170027.77431425353,-198048.7337056183,1306.4364464362652
0.0019000869,fixed_static_lattice_reference,KG,0.0525,-0.0525,0.31583333333333335,0.31583333333333335,1380.1559303276536,-2.291007084580412e-06,-170027.77431425353,-197616.71956455868,1306.603869753198
0.0019000869,fixed_static_lattice_reference,KG,0.053,-0.053,0.31566666666666665,0.31566666666666665,1380.1579431610503,-2.2597360168215965e-06,-170027.77431425353,-197240.1446590845,1306.7500921796243
0.0019000869,fixed_static_lattice_reference,KG,0.0535,-0.0535,0.3155,0.3155,1380.1599875555155,-2.2289524037403873e-06,-170027.77431425353,-196869.43981857126,1306.894085773851
0.0019000869,fixed_static_lattice_reference,KG,0.054,-0.054,0.3153333333333333,0.3153333333333333,1380.1620638061374,-2.194110301644536e-06,-170027.77431425353,-196449.8615232453,1307.0567932750173
0.0019000869,fixed_static_lattice_reference,KG,0.0545,-0.0545,0.31516666666666665,0.31516666666666665,1380.1641722095087,-2.1655351157660323e-06,-170027.77431425353,-196105.7511780502,1307.1906483266732
0.0019000869,fixed_static_lattice_reference,KG,0.055,-0.055,0.315,0.315,1380.1663130637128,-2.132888462077446e-06,-170027.77431425353,-195712.61108377372,1307.3432757436392
0.0019000869,fixed_static_lattice_reference,KG,0.0555,-0.0555,0.31483333333333335,0.31483333333333335,1380.1684866683172,-2.100709186534427e-06,-170027.77431425353,-195325.09928726897,1307.4937675970177
0.0019000869,fixed_static_lattice_reference,KG,0.056,-0.056,0.31466666666666665,0.31466666666666665,1380.170693324366,-2.0732190480193415e-06,-170027.77431425353,-194994.05538455886,1307.6226853824853
0.0019000869,fixed_static_lattice_reference,KG,0.0565,-0.0565,0.3145,0.3145,1380.1729333343712,-2.03960366305181e-06,-170027.77431425353,-194589.2495584752,1307.7798271690567
0.0019000869,fixed_static_lattice_reference,KG,0.057,-0.057,0.3143333333333333,0.3143333333333333,1380.1752070023006,-2.0106909457146838e-06,-170027.77431425353,-194241.07456546873,1307.915336502472
0.0019000869,fixed_static_lattice_reference,KG,0.0575,-0.0575,0.31416666666666665,0.31416666666666665,1380.1775146335729,-1.9822780724463962e-06,-170027.77431425353,-193898.9188339223,1308.048566784194
0.0019000869,fixed_static_lattice_reference,KG,0.058,-0.058,0.314,0.314,1380.1798565350475,-1.949757079217724e-06,-170027.77431425353,-193507.2919778946,1308.2007278729093
0.0019000869,fixed_static_lattice_reference,KG,0.0585,-0.0585,0.31383333333333335,0.31383333333333335,1380.182233015013,-1.923678276402781e-06,-170027.77431425353,-193193.24377267627,1308.323259962014
0.0019000869,fixed_static_lattice_reference,KG,0.059000000000000004,-0.059000000000000004,0.31366666666666665,0.31366666666666665,1380.184644383184,-1.8935377082347371e-06,-170027.77431425353,-192830.28265806517,1308.46450847284
0.0019000869,fixed_static_lattice_reference,KG,0.059500000000000004,-0.059500000000000004,0.3135,0.3135,1380.1870909506856,-1.864044284888804e-06,-170027.77431425353,-192475.11464160134,1308.602801229355
0.0019000869,fixed_static_lattice_reference,KG,0.06,-0.06,0.3133333333333333,0.3133333333333333,1380.1895730300491,-1.8396046447678454e-06,-170027.77431425353,-192180.80568997373,1308.717865626849
0.0019000869,fixed_static_lattice_reference,KM,0.0005,0.0005,0.33349999999999996,0.333,1380.0705574390659,-6.759056588885263e-06,-170027.77431425353,-251422.2158371709,1285.757569556953
0.0019000869,fixed_static_lattice_reference,KM,0.001,0.001,0.3336666666666666,0.33266666666666667,1380.07057256686,-6.751086886296775e-06,-170027.77431425353,-251326.24245941275,1285.794906976073
0.0019000869,fixed_static_lattice_reference,KM,0.0015,0.0015,0.33383333333333337,0.3323333333333333,1380.070597660173,-6.740601585250496e-06,-170027.77431425353,-251199.97554454996,1285.8440336920949
0.0019000869,fixed_static_lattice_reference,KM,0.002,0.002,0.334,0.332,1380.07063262336,-6.726728567909079e-06,-170027.77431425353,-251032.91280674137,1285.909031861391
0.0019000869,fixed_static_lattice_reference,KM,0.0025,0.0025,0.33416666666666667,0.33166666666666667,1380.0706773627815,-6.711606510928103e-06,-170027.77431425353,-250850.80878579436,1285.979885430084
0.0019000869,fixed_static_lattice_reference,KM,0.003,0.003,0.3343333333333333,0.3313333333333333,1380.0707317867982,-6.692710294623697e-06,-170027.77431425353,-250623.25528734867,1286.06841553908
0.0019000869,fixed_static_lattice_reference,KM,0.0035,0.0035,0.3345,0.331,1380.070795805774,-6.671155454620498e-06,-170027.77431425353,-250363.68590202037,1286.1693961271048
0.0019000869,fixed_static_lattice_reference,KM,0.004,0.004,0.33466666666666667,0.33066666666666666,1380.070869332077,-6.64870922376934e-06,-170027.77431425353,-250093.38213989045,1286.27455165649
0.0019000869,fixed_static_lattice_reference,KM,0.0045000000000000005,0.0045000000000000005,0.3348333333333333,0.3303333333333333,1380.0709522800762,-6.621171575286783e-06,-170027.77431425353,-249761.76610892278,1286.403539803243
0.0019000869,fixed_static_lattice_reference,KM,0.005,0.005,0.33499999999999996,0.33,1380.0710445661437,-6.5929432657845276e-06,-170027.77431425353,-249421.83294563927,1286.5357574137797
0.0019000869,fixed_static_lattice_reference,KM,0.0055,0.0055,0.33516666666666667,0.32966666666666666,1380.0711461086544,-6.562344406924398e-06,-170027.77431425353,-249053.3529669016,1286.6790646290758
0.0019000869,fixed_static_lattice_reference,KM,0.006,0.006,0.3353333333333333,0.3293333333333333,1380.071256827983,-6.527196708829558e-06,-170027.77431425353,-248630.0945994617,1286.8436499137363
0.0019000869,fixed_static_lattice_reference,KM,0.006500000000000001,0.006500000000000001,0.33549999999999996,0.329,1380.0713766465092,-6.492734528564661e-06,-170027.77431425353,-248215.09142861445,1287.0050167774702
0.0019000869,fixed_static_lattice_reference,KM,0.007,0.007,0.3356666666666666,0.32866666666666666,1380.0715054886093,-6.4538487997051935e-06,-170027.77431425353,-247746.81865384104,1287.1870655067023
0.0019000869,fixed_static_lattice_reference,KM,0.0075,0.0075,0.3358333333333334,0.3283333333333333,1380.0716432806637,-6.413042542852503e-06,-170027.77431425353,-247255.4183461964,1287.3780805346948
0.0019000869,fixed_static_lattice_reference,KM,0.008,0.008,0.336,0.328,1380.0717899510503,-6.372653429868997e-06,-170027.77431425353,-246769.0414011795,1287.5671260239276
0.0019000869,fixed_static_lattice_reference,KM,0.0085,0.0085,0.33616666666666667,0.32766666666666666,1380.0719454301475,-6.327104441572438e-06,-170027.77431425353,-246220.52780086006,1287.7802789150376
0.0019000869,fixed_static_lattice_reference,KM,0.009000000000000001,0.009000000000000001,0.3363333333333333,0.3273333333333333,1380.0721096503316,-6.282139021089858e-06,-170027.77431425353,-245679.04168665275,1287.9906778187737
0.0019000869,fixed_static_lattice_reference,KM,0.0095,0.0095,0.3365,0.327,1380.0722825459761,-6.2357528593328575e-06,-170027.77431425353,-245120.44661040924,1288.2076922768515
0.0019000869,fixed_static_lattice_reference,KM,0.01,0.01,0.33666666666666667,0.32666666666666666,1380.0724640534493,-6.185718201499582e-06,-170027.77431425353,-244517.91532848054,1288.4417296525592
0.0019000869,fixed_static_lattice_reference,KM,0.0105,0.0105,0.3368333333333333,0.3263333333333333,1380.0726541111178,-6.13723793765159e-06,-170027.77431425353,-243934.10249174826,1288.6684709938227
0.0019000869,fixed_static_lattice_reference,KM,0.011,0.011,0.33699999999999997,0.326,1380.072852659341,-6.0854755971027425e-06,-170027.77431425353,-243310.7659734802,1288.91051383477
0.0019000869,fixed_static_lattice_reference,KM,0.0115,0.0115,0.33716666666666667,0.32566666666666666,1380.0730596404708,-6.032816145882533e-06,-170027.77431425353,-242676.62619870444,1289.1567103136476
0.0019000869,fixed_static_lattice_reference,KM,0.012,0.012,0.3373333333333333,0.3253333333333333,1380.0732749988506,-5.980977914564137e-06,-170027.77431425353,-242052.37578265747,1289.399033884932
0.0019000869,fixed_static_lattice_reference,KM,0.0125,0.0125,0.33749999999999997,0.325,1380.073498680816,-5.925774092058292e-06,-170027.77431425353,-241387.59598037228,1289.6570341686725
0.0019000869,fixed_static_lattice_reference,KM,0.013000000000000001,0.013000000000000001,0.3376666666666666,0.32466666666666666,1380.07373063469,-5.871453659774395e-06,-170027.77431425353,-240733.45420912246,1289.910868152846
0.0019000869,fixed_static_lattice_reference,KM,0.0135,0.0135,0.3378333333333334,0.3243333333333333,1380.0739708107833,-5.816490669952343e-06,-170027.77431425353,-240071.5745810761,1290.1676597746382
0.0019000869,fixed_static_lattice_reference,KM,0.014,0.014,0.338,0.324,1380.0742191613926,-5.759580832378998e-06,-170027.77431425353,-239386.25047030306,1290.433493026132
0.0019000869,fixed_static_lattice_reference,KM,0.0145,0.0145,0.33816666666666667,0.32366666666666666,1380.0744756407985,-5.703888521474241e-06,-170027.77431425353,-238715.58815469715,1290.6936004182123
0.0019000869,fixed_static_lattice_reference,KM,0.015,0.015,0.3383333333333333,0.3233333333333333,1380.0747402052639,-5.646556673679879e-06,-170027.77431425353,-238025.1820793326,1290.9613109901063
0.0019000869,fixed_static_lattice_reference,KM,0.0155,0.0155,0.3385,0.323,1380.0750128130326,-5.589013395461747e-06,-170027.77431425353,-237332.2298999316,1291.229960576721
0.0019000869,fixed_static_lattice_reference,KM,0.016,0.016,0.33866666666666667,0.32266666666666666,1380.075293424327,-5.532191688988372e-06,-170027.77431425353,-236647.9670884048,1291.4951987645318
0.0019000869,fixed_static_lattice_reference,KM,0.0165,0.0165,0.3388333333333333,0.3223333333333333,1380.0755820013458,-5.474003994745382e-06,-170027.77431425353,-235947.25467179288,1291.7667581125318
0.0019000869,fixed_static_lattice_reference,KM,0.017,0.017,0.33899999999999997,0.322,1380.0758785082626,-5.416431637595234e-06,-170027.77431425353,-235253.95231579544,1292.035401265986
0.0019000869,fixed_static_lattice_reference,KM,0.0175,0.0175,0.33916666666666667,0.32166666666666666,1380.0761829112234,-5.358728783182574e-06,-170027.77431425353,-234559.07847542546,1292.3046050228975
0.0019000869,fixed_static_lattice_reference,KM,0.018000000000000002,0.018000000000000002,0.3393333333333333,0.3213333333333333,1380.076495178344,-5.3005459149113835e-06,-170027.77431425353,-233858.42417450977,1292.575997134881
0.0019000869,fixed_static_lattice_reference,KM,0.0185,0.0185,0.33949999999999997,0.321,1380.0768152797089,-5.242899143683156e-06,-170027.77431425353,-233164.22570346325,1292.8448438885157
0.0019000869,fixed_static_lattice_reference,KM,0.019,0.019,0.3396666666666666,0.32066666666666666,1380.0771431873666,-5.18503553166316e-06,-170027.77431425353,-232467.4159752223,1293.1146527562746
0.0019000869,fixed_static_lattice_reference,KM,0.0195,0.0195,0.3398333333333334,0.3203333333333333,1380.0774788753304,-5.127283480564854e-06,-170027.77431425353,-231771.94969466483,1293.383894288244
0.0019000869,fixed_static_lattice_reference,KM,0.02,0.02,0.34,0.32,1380.077822319574,-5.069759558207896e-06,-170027.77431425353,-231079.2306039338,1293.6520262630147
0.0019000869,fixed_static_lattice_reference,KM,0.0205,0.0205,0.3401666666666667,0.31966666666666665,1380.0781734980276,-5.012586246594883e-06,-170027.77431425353,-230390.73366540993,1293.9184793874156
0.0019000869,fixed_static_lattice_reference,KM,0.021,0.021,0.3403333333333333,0.3193333333333333,1380.0785323905777,-4.955358665123037e-06,-170027.77431425353,-229701.5831941344,1294.185138367458
0.0019000869,fixed_static_lattice_reference,KM,0.021500000000000002,0.021500000000000002,0.3405,0.319,1380.0788989790638,-4.898246698214967e-06,-170027.77431425353,-229013.82498562912,1294.4512128394936
0.0019000869,fixed_static_lattice_reference,KM,0.022,0.022,0.3406666666666667,0.31866666666666665,1380.0792732472742,-4.841766431140735e-06,-170027.77431425353,-228333.6738824216,1294.7143030662412
0.0019000869,fixed_static_lattice_reference,KM,0.0225,0.0225,0.3408333333333333,0.3183333333333333,1380.0796551809437,-4.784982184850385e-06,-170027.77431425353,-227649.86217684968,1294.9787613963028
0.0019000869,fixed_static_lattice_reference,KM,0.023,0.023,0.34099999999999997,0.318,1380.0800447677518,-4.729020889009548e-06,-170027.77431425353,-226975.9606697438,1295.239348265955
0.0019000869,fixed_static_lattice_reference,KM,0.0235,0.0235,0.3411666666666667,0.31766666666666665,1380.0804419973192,-4.6732908343305e-06,-170027.77431425353,-226304.84383309798,1295.49881611309
0.0019000869,fixed_static_lattice_reference,KM,0.024,0.024,0.3413333333333333,0.3173333333333333,1380.0808468612024,-4.617135052919599e-06,-170027.77431425353,-225628.60027660232,1295.760218403286
0.0019000869,fixed_static_lattice_reference,KM,0.0245,0.0245,0.34149999999999997,0.317,1380.081259352894,-4.562443761109815e-06,-170027.77431425353,-224969.9925116748,1296.0147722558547
0.0019000869,fixed_static_lattice_reference,KM,0.025,0.025,0.3416666666666666,0.31666666666666665,1380.0816794678167,-4.507344106448885e-06,-170027.77431425353,-224306.46712758392,1296.2711810709693
0.0019000869,fixed_static_lattice_reference,KM,0.025500000000000002,0.025500000000000002,0.3418333333333334,0.3163333333333333,1380.082107203321,-4.452592206922065e-06,-170027.77431425353,-223647.12950765147,1296.525932295651
0.0019000869,fixed_static_lattice_reference,KM,0.026000000000000002,0.026000000000000002,0.342,0.316,1380.0825425586831,-4.399128941893729e-06,-170027.77431425353,-223003.3099831739,1296.7746582548818
0.0019000869,fixed_static_lattice_reference,KM,0.0265,0.0265,0.3421666666666667,0.31566666666666665,1380.0829855350983,-4.344550028576822e-06,-170027.77431425353,-222346.05551134975,1297.0285237619566
0.0019000869,fixed_static_lattice_reference,KM,0.027,0.027,0.3423333333333333,0.3153333333333333,1380.08343613568,-4.2913379536954876e-06,-170027.77431425353,-221705.26088856702,1297.276003712201
0.0019000869,fixed_static_lattice_reference,KM,0.0275,0.0275,0.3425,0.315,1380.0838943654553,-4.238475726545328e-06,-170027.77431425353,-221068.67922957923,1297.5218211102817
0.0019000869,fixed_static_lattice_reference,KM,0.028,0.028,0.3426666666666667,0.31466666666666665,1380.0843602313616,-4.184761785638223e-06,-170027.77431425353,-220421.8409963681,1297.771551683438
0.0019000869,fixed_static_lattice_reference,KM,0.0285,0.0285,0.3428333333333333,0.3143333333333333,1380.0848337422412,-4.133286772151851e-06,-170027.77431425353,-219801.96455059343,1298.010856570451
0.0019000869,fixed_static_lattice_reference,KM,0.029,0.029,0.34299999999999997,0.314,1380.0853149088398,-4.080988725164448e-06,-170027.77431425353,-219172.17690622323,1298.253942617086
0.0019000869,fixed_static_lattice_reference,KM,0.029500000000000002,0.029500000000000002,0.3431666666666667,0.31366666666666665,1380.085803743801,-4.028945342657882e-06,-170027.77431425353,-218545.45600244333,1298.4958104255593
0.0019000869,fixed_static_lattice_reference,KM,0.03,0.03,0.3433333333333333,0.3133333333333333,1380.0863002616625,-3.9786283344980715e-06,-170027.77431425353,-217939.5245792612,1298.7296376038635
0.0019000869,fixed_static_lattice_reference,KM,0.0305,0.0305,0.34349999999999997,0.313,1380.0868044788533,-3.926707935045754e-06,-170027.77431425353,-217314.28467166558,1298.9708631162546
0.0019000869,fixed_static_lattice_reference,KM,0.031,0.031,0.3436666666666666,0.31266666666666665,1380.0873164136876,-3.876663848528521e-06,-170027.77431425353,-216711.63984689923,1299.2033563222635
0.0019000869,fixed_static_lattice_reference,KM,0.0315,0.0315,0.3438333333333334,0.31233333333333335,1380.0878360863612,-3.826977637007131e-06,-170027.77431425353,-216113.30465248416,1299.434157878363
0.0019000869,fixed_static_lattice_reference,KM,0.032,0.032,0.34400000000000003,0.312,1380.0883635189489,-3.776081938732653e-06,-170027.77431425353,-215500.40448180318,1299.6705300339033
0.0019000869,fixed_static_lattice_reference,KM,0.0325,0.0325,0.3441666666666667,0.3116666666666667,1380.088898735397,-3.7278736495052856e-06,-170027.77431425353,-214919.86683918466,1299.8944193947045
0.0019000869,fixed_static_lattice_reference,KM,0.033,0.033,0.3443333333333333,0.3113333333333333,1380.0894417615211,-3.6784208333233395e-06,-170027.77431425353,-214324.3422564368,1300.124042161051
0.0019000869,fixed_static_lattice_reference,KM,0.0335,0.0335,0.34450000000000003,0.311,1380.0899926250036,-3.629310576744858e-06,-170027.77431425353,-213732.94287182062,1300.3520465135055
0.0019000869,fixed_static_lattice_reference,KM,0.034,0.034,0.3446666666666667,0.31066666666666665,1380.0905513553828,-3.5823606601506908e-06,-170027.77431425353,-213167.5589028487,1300.5700177374365
0.0019000869,fixed_static_lattice_reference,KM,0.0345,0.0345,0.3448333333333333,0.31033333333333335,1380.0911179840552,-3.533365995556738e-06,-170027.77431425353,-212577.55150909716,1300.7974255930023
0.0019000869,fixed_static_lattice_reference,KM,0.035,0.035,0.345,0.31,1380.0916925442664,-3.4864370854261867e-06,-170027.77431425353,-212012.4205058094,1301.0152417723202
0.0019000869,fixed_static_lattice_reference,KM,0.035500000000000004,0.035500000000000004,0.3451666666666667,0.3096666666666667,1380.0922750711068,-3.4397110398014323e-06,-170027.77431425353,-211449.7324533887,1301.232091234133
0.0019000869,fixed_static_lattice_reference,KM,0.036000000000000004,0.036000000000000004,0.3453333333333333,0.3093333333333333,1380.0928656015092,-3.3915461101669703e-06,-170027.77431425353,-210869.7169590615,1301.4555700157896
0.0019000869,fixed_static_lattice_reference,KM,0.0365,0.0365,0.3455,0.309,1380.0934641742426,-3.3465870137889947e-06,-170027.77431425353,-210328.3070014828,1301.66418974134
0.0019000869,fixed_static_lattice_reference,KM,0.037,0.037,0.3456666666666666,0.3086666666666667,1380.0940708299047,-3.3001645455278614e-06,-170027.77431425353,-209769.27471220685,1301.8795526574843
0.0019000869,fixed_static_lattice_reference,KM,0.0375,0.0375,0.3458333333333334,0.30833333333333335,1380.0946856109224,-3.2540593489727545e-06,-170027.77431425353,-209214.0630971601,1302.0934214388576
0.0019000869,fixed_static_lattice_reference,KM,0.038,0.038,0.34600000000000003,0.308,1380.0953085615408,-3.2103095863384064e-06,-170027.77431425353,-208687.21627326478,1302.2963735034778
0.0019000869,fixed_static_lattice_reference,KM,0.0385,0.0385,0.3461666666666667,0.3076666666666667,1380.095939727821,-3.164089276381338e-06,-170027.77431425353,-208130.61843057798,1302.5107233426677
0.0019000869,fixed_static_lattice_reference,KM,0.039,0.039,0.3463333333333333,0.30733333333333335,1380.0965791576352,-3.120123880471547e-06,-170027.77431425353,-207601.17489073603,1302.714624509862
0.0019000869,fixed_static_lattice_reference,KM,0.0395,0.0395,0.34650000000000003,0.307,1380.097226900661,-3.0765520402916525e-06,-170027.77431425353,-207076.47065858028,1302.916683844487
0.0019000869,fixed_static_lattice_reference,KM,0.04,0.04,0.3466666666666667,0.3066666666666667,1380.0978830083745,-3.031447113192917e-06,-170027.77431425353,-206533.3045668552,1303.1258044092833
0.0019000869,fixed_static_lattice_reference,KM,0.0405,0.0405,0.3468333333333333,0.30633333333333335,1380.0985475340476,-2.9898907530884148e-06,-170027.77431425353,-206032.87130698378,1303.3185065817963
0.0019000869,fixed_static_lattice_reference,KM,0.041,0.041,0.347,0.306,1380.0992205327402,-2.9465326621162347e-06,-170027.77431425353,-205510.74110230643,1303.5195117115702
0.0019000869,fixed_static_lattice_reference,KM,0.0415,0.0415,0.3471666666666667,0.3056666666666667,1380.0999020612946,-2.903136114175357e-06,-170027.77431425353,-204988.14778810355,1303.7206724914242
0.0019000869,fixed_static_lattice_reference,KM,0.042,0.042,0.3473333333333333,0.30533333333333335,1380.1005921783321,-2.8619629688498013e-06,-170027.77431425353,-204492.32930730755,1303.9115442481807
0.0019000869,fixed_static_lattice_reference,KM,0.0425,0.0425,0.3475,0.305,1380.1012909442456,-2.8178984393781046e-06,-170027.77431425353,-203961.6919735091,1304.115746892301
0.0019000869,fixed_static_lattice_reference,KM,0.043000000000000003,0.043000000000000003,0.3476666666666666,0.3046666666666667,1380.1019984211946,-2.776209929943293e-06,-170027.77431425353,-203459.66733460472,1304.3089583038102
0.0019000869,fixed_static_lattice_reference,KM,0.043500000000000004,0.043500000000000004,0.3478333333333334,0.30433333333333334,1380.1027146730974,-2.7348145024647695e-06,-170027.77431425353,-202961.1720702275,1304.5007976148675
0.0019000869,fixed_static_lattice_reference,KM,0.044,0.044,0.34800000000000003,0.304,1380.1034397656279,-2.6915688897650553e-06,-170027.77431425353,-202440.3963602271,1304.7011566227304
0.0019000869,fixed_static_lattice_reference,KM,0.0445,0.0445,0.3481666666666667,0.3036666666666667,1380.1041737662085,-2.651993177435244e-06,-170027.77431425353,-201963.81461237583,1304.884560347977
0.0019000869,fixed_static_lattice_reference,KM,0.045,0.045,0.34833333333333333,0.30333333333333334,1380.1049167440046,-2.610538060360878e-06,-170027.77431425353,-201464.60054926475,1305.0766186978108
0.0019000869,fixed_static_lattice_reference,KM,0.0455,0.0455,0.34850000000000003,0.303,1380.1056687699172,-2.569283740020519e-06,-170027.77431425353,-200967.80453633703,1305.2677320896748
0.0019000869,fixed_static_lattice_reference,KM,0.046,0.046,0.3486666666666667,0.3026666666666667,1380.1064299165778,-2.530582774568402e-06,-170027.77431425353,-200501.75673396283,1305.4470503100151
0.0019000869,fixed_static_lattice_reference,KM,0.0465,0.0465,0.34883333333333333,0.30233333333333334,1380.1072002583421,-2.488985895062133e-06,-170027.77431425353,-200000.83552817258,1305.6397086013994
0.0019000869,fixed_static_lattice_reference,KM,0.047,0.047,0.349,0.302,1380.1079798712844,-2.4500803993776905e-06,-170027.77431425353,-199532.32471578868,1305.8199383485492
0.0019000869,fixed_static_lattice_reference,KM,0.0475,0.0475,0.3491666666666667,0.3016666666666667,1380.1087688331893,-2.411404548890015e-06,-170027.77431425353,-199066.57935480963,1305.9990943547596
0.0019000869,fixed_static_lattice_reference,KM,0.048,0.048,0.34933333333333333,0.30133333333333334,1380.1095672235483,-2.370662770402219e-06,-170027.77431425353,-198575.9555135893,1306.1877591021823
0.0019000869,fixed_static_lattice_reference,KM,0.0485,0.0485,0.3495,0.301,1380.11037512355,-2.333720861094146e-06,-170027.77431425353,-198131.09075511614,1306.3588927888652
0.0019000869,fixed_static_lattice_reference,KM,0.049,0.049,0.3496666666666666,0.3006666666666667,1380.1111926160768,-2.2946534833644543e-06,-170027.77431425353,-197660.63051406678,1306.5398093705767
0.0019000869,fixed_static_lattice_reference,KM,0.0495,0.0495,0.3498333333333334,0.30033333333333334,1380.112019785695,-2.2557300466518874e-06,-170027.77431425353,-197191.90365082645,1306.7200478702866
0.0019000869,fixed_static_lattice_reference,KM,0.05,0.05,0.35000000000000003,0.3,1380.1128567186531,-2.219475880112329e-06,-170027.77431425353,-196755.3208822758,1306.8879739280815
0.0019000869,fixed_static_lattice_reference,KM,0.0505,0.0505,0.3501666666666667,0.2996666666666667,1380.1137035028685,-2.1802303353780985e-06,-170027.77431425353,-196282.71510454666,1307.069668951069
0.0019000869,fixed_static_lattice_reference,KM,0.051000000000000004,0.051000000000000004,0.35033333333333333,0.29933333333333334,1380.1145602279282,-2.143847152184828e-06,-170027.77431425353,-195844.5786815269,1307.2381652444212
0.0019000869,fixed_static_lattice_reference,KM,0.051500000000000004,0.051500000000000004,0.35050000000000003,0.299,1380.1154269850747,-2.107567361015208e-06,-170027.77431425353,-195407.68733404577,1307.4061742504314
0.0019000869,fixed_static_lattice_reference,KM,0.052000000000000005,0.052000000000000005,0.3506666666666667,0.2986666666666667,1380.1163038672044,-2.0689554470469344e-06,-170027.77431425353,-194942.71191443666,1307.5849113100217
0.0019000869,fixed_static_lattice_reference,KM,0.0525,0.0525,0.35083333333333333,0.29833333333333334,1380.117190968859,-2.034303373231219e-06,-170027.77431425353,-194525.42199257403,1307.7454029034857
0.0019000869,fixed_static_lattice_reference,KM,0.053,0.053,0.351,0.298,1380.118088386219,-1.9973391665773808e-06,-170027.77431425353,-194080.2887232544,1307.916529893088
0.0019000869,fixed_static_lattice_reference,KM,0.0535,0.0535,0.3511666666666667,0.2976666666666667,1380.1189962170945,-1.960432859077824e-06,-170027.77431425353,-193635.85269167283,1308.087378972677
0.0019000869,fixed_static_lattice_reference,KM,0.054,0.054,0.35133333333333333,0.29733333333333334,1380.1199145609216,-1.92623327685933e-06,-170027.77431425353,-193224.01179962157,1308.2457593158956
0.0019000869,fixed_static_lattice_reference,KM,0.0545,0.0545,0.3515,0.297,1380.1208435187527,-1.8886846869841936e-06,-170027.77431425353,-192771.8412248278,1308.4195433766977
0.0019000869,fixed_static_lattice_reference,KM,0.055,0.055,0.3516666666666666,0.2966666666666667,1380.1217831932518,-1.8539691178781411e-06,-170027.77431425353,-192353.7866749985,1308.5802802157468
0.0019000869,fixed_static_lattice_reference,KM,0.0555,0.0555,0.3518333333333334,0.29633333333333334,1380.122733688683,-1.8193529912367327e-06,-170027.77431425353,-191936.92963901846,1308.740551219112
0.0019000869,fixed_static_lattice_reference,KM,0.056,0.056,0.35200000000000004,0.296,1380.1236951109076,-1.7823286967700514e-06,-170027.77431425353,-191491.07277552495,1308.9118920045996
0.0019000869,fixed_static_lattice_reference,KM,0.0565,0.0565,0.3521666666666667,0.2956666666666667,1380.124667567375,-1.7493403867046218e-06,-170027.77431425353,-191093.81836002326,1309.0646583220914
0.0019000869,fixed_static_lattice_reference,KM,0.057,0.057,0.35233333333333333,0.29533333333333334,1380.1256511671156,-1.7138844091175202e-06,-170027.77431425353,-190666.84760509618,1309.2287674063532
0.0019000869,fixed_static_lattice_reference,KM,0.0575,0.0575,0.35250000000000004,0.295,1380.126646020732,-1.6784617838669326e-06,-170027.77431425353,-190240.27848829245,1309.3927144169327
0.0019000869,fixed_static_lattice_reference,KM,0.058,0.058,0.3526666666666667,0.2946666666666667,1380.1276522403941,-1.645864622101077e-06,-170027.77431425353,-189847.73438953064,1309.5436617727
0.0019000869,fixed_static_lattice_reference,KM,0.0585,0.0585,0.35283333333333333,0.29433333333333334,1380.1286699398295,-1.6098182463302903e-06,-170027.77431425353,-189413.65389527747,1309.7104610159472
0.0019000869,fixed_static_lattice_reference,KM,0.059000000000000004,0.059000000000000004,0.353,0.294,1380.1296992343161,-1.5766926842826852e-06,-170027.77431425353,-189014.7466531882,1309.8638250044987
0.0019000869,fixed_static_lattice_reference,KM,0.059500000000000004,0.059500000000000004,0.3531666666666667,0.2936666666666667,1380.130740240676,-1.5436608536995231e-06,-170027.77431425353,-188616.96815149355,1310.016752566845
0.0019000869,fixed_static_lattice_reference,KM,0.06,0.06,0.35333333333333333,0.29333333333333333,1380.1317930772655,-1.508254646880499e-06,-170027.77431425353,-188190.5967500145,1310.1805866034856
0.00285013035,fixed_static_lattice_reference,K,0.0,0.0,0.3333333333333333,0.3333333333333333,1380.070552374435,-6.435258190407339e-06,-170027.77431425353,-247522.94536006538,1287.2730029682953
0.00285013035,fixed_static_lattice_reference,KG,0.0005,-0.0005,0.33316666666666667,0.33316666666666667,1380.0705574726148,-6.432435076631142e-06,-170027.77431425353,-247488.94863786793,1287.2862133049146
0.00285013035,fixed_static_lattice_reference,KG,0.001,-0.001,0.333,0.333,1380.0705728352552,-6.426322458331237e-06,-170027.77431425353,-247415.3387862236,1287.3148205546324
0.00285013035,fixed_static_lattice_reference,KG,0.0015,-0.0015,0.33283333333333337,0.33283333333333337,1380.0705985660052,-6.4183380680418846e-06,-170027.77431425353,-247319.1885350818,1287.3521928715738
0.00285013035,fixed_static_lattice_reference,KG,0.002,-0.002,0.33266666666666667,0.33266666666666667,1380.0706347705172,-6.4098025223092565e-06,-170027.77431425353,-247216.40111662121,1287.3921530906102
0.00285013035,fixed_static_lattice_reference,KG,0.0025,-0.0025,0.3325,0.3325,1380.0706815564383,-6.397614058023979e-06,-170027.77431425353,-247069.62423578353,1287.449207485821
0.00285013035,fixed_static_lattice_reference,KG,0.003,-0.003,0.3323333333333333,0.3323333333333333,1380.0707390334194,-6.385171916684858e-06,-170027.77431425353,-246919.79250522627,1287.5074571555
0.00285013035,fixed_static_lattice_reference,KG,0.0035,-0.0035,0.33216666666666667,0.33216666666666667,1380.0708073131073,-6.3710030667496466e-06,-170027.77431425353,-246749.16726894776,1287.5737904791724
0.00285013035,fixed_static_lattice_reference,KG,0.004,-0.004,0.332,0.332,1380.070886509147,-6.3526962620775285e-06,-170027.77431425353,-246528.7116295015,1287.6594814471105
0.00285013035,fixed_static_lattice_reference,KG,0.0045000000000000005,-0.0045000000000000005,0.33183333333333337,0.33183333333333337,1380.0709767371786,-6.336205552566299e-06,-170027.77431425353,-246330.12591367977,1287.7366869506477
0.00285013035,fixed_static_lattice_reference,KG,0.005,-0.005,0.33166666666666667,0.33166666666666667,1380.07107811484,-6.31530028446791e-06,-170027.77431425353,-246078.37885410443,1287.8345397584862
0.00285013035,fixed_static_lattice_reference,KG,0.0055,-0.0055,0.3315,0.3315,1380.07119076176,-6.292349274158923e-06,-170027.77431425353,-245801.996397186,1287.9419611043797
0.00285013035,fixed_static_lattice_reference,KG,0.006,-0.006,0.3313333333333333,0.3313333333333333,1380.071314799563,-6.270889140142564e-06,-170027.77431425353,-245543.56748772238,1288.0424163997366
0.00285013035,fixed_static_lattice_reference,KG,0.006500000000000001,-0.006500000000000001,0.33116666666666666,0.33116666666666666,1380.0714503518636,-6.24316860550916e-06,-170027.77431425353,-245209.749090801,1288.1721387242837
0.00285013035,fixed_static_lattice_reference,KG,0.007,-0.007,0.331,0.331,1380.071597544267,-6.217275115948771e-06,-170027.77431425353,-244897.93247939507,1288.2933213631864
0.00285013035,fixed_static_lattice_reference,KG,0.0075,-0.0075,0.33083333333333337,0.33083333333333337,1380.0717565043672,-6.189706334394649e-06,-170027.77431425353,-244565.94153531047,1288.422334316562
0.00285013035,fixed_static_lattice_reference,KG,0.008,-0.008,0.33066666666666666,0.33066666666666666,1380.0719273617449,-6.156804073223341e-06,-170027.77431425353,-244169.72334455236,1288.576269123178
0.00285013035,fixed_static_lattice_reference,KG,0.0085,-0.0085,0.3305,0.3305,1380.0721102479674,-6.128066982593379e-06,-170027.77431425353,-243823.6632972574,1288.710737980801
0.00285013035,fixed_static_lattice_reference,KG,0.009000000000000001,-0.009000000000000001,0.3303333333333333,0.3303333333333333,1380.0723052965848,-6.094018203178168e-06,-170027.77431425353,-243413.63841455473,1288.870020379121
0.00285013035,fixed_static_lattice_reference,KG,0.0095,-0.0095,0.33016666666666666,0.33016666666666666,1380.0725126431305,-6.058392921964394e-06,-170027.77431425353,-242984.62885821215,1289.0366601826775
0.00285013035,fixed_static_lattice_reference,KG,0.01,-0.01,0.33,0.33,1380.072732425116,-6.025521309184383e-06,-170027.77431425353,-242588.77974391618,1289.190430867143
0.00285013035,fixed_static_lattice_reference,KG,0.0105,-0.0105,0.32983333333333337,0.32983333333333337,1380.0729647820333,-5.985878450575631e-06,-170027.77431425353,-242111.38940187683,1289.3758174870484
0.00285013035,fixed_static_lattice_reference,KG,0.011,-0.011,0.32966666666666666,0.32966666666666666,1380.0732098553492,-5.949134505067841e-06,-170027.77431425353,-241668.90857861028,1289.5476555683533
0.00285013035,fixed_static_lattice_reference,KG,0.0115,-0.0115,0.3295,0.3295,1380.0734677885052,-5.911034347159177e-06,-170027.77431425353,-241210.09586797102,1289.7258160654999
0.00285013035,fixed_static_lattice_reference,KG,0.012,-0.012,0.3293333333333333,0.3293333333333333,1380.0737387269146,-5.867945131868256e-06,-170027.77431425353,-240691.20353911663,1289.927254066898
0.00285013035,fixed_static_lattice_reference,KG,0.0125,-0.0125,0.32916666666666666,0.32916666666666666,1380.0740228179593,-5.829628110400709e-06,-170027.77431425353,-240229.779297115,1290.1064022629414
0.00285013035,fixed_static_lattice_reference,KG,0.013000000000000001,-0.013000000000000001,0.329,0.329,1380.0743202109907,-5.786472231868846e-06,-170027.77431425353,-239710.08419095058,1290.3081202235678
0.00285013035,fixed_static_lattice_reference,KG,0.0135,-0.0135,0.32883333333333337,0.32883333333333337,1380.074631057321,-5.74234045747817e-06,-170027.77431425353,-239178.63707511325,1290.514374275966
0.00285013035,fixed_static_lattice_reference,KG,0.014,-0.014,0.32866666666666666,0.32866666666666666,1380.0749555102302,-5.701046055959435e-06,-170027.77431425353,-238681.3583934748,1290.7073736649563
0.00285013035,fixed_static_lattice_reference,KG,0.0145,-0.0145,0.3285,0.3285,1380.075293724952,-5.654141802144695e-06,-170027.77431425353,-238116.52430840768,1290.9265246487132
0.00285013035,fixed_static_lattice_reference,KG,0.015,-0.015,0.3283333333333333,0.3283333333333333,1380.075645858681,-5.610037605674365e-06,-170027.77431425353,-237585.4092935663,1291.1325954365373
0.00285013035,fixed_static_lattice_reference,KG,0.0155,-0.0155,0.32816666666666666,0.32816666666666666,1380.0760120705636,-5.565045923176206e-06,-170027.77431425353,-237043.60692485463,1291.3427864698574
0.00285013035,fixed_static_lattice_reference,KG,0.016,-0.016,0.328,0.328,1380.0763925217,-5.516407634165581e-06,-170027.77431425353,-236457.8911051114,1291.56995865133
0.00285013035,fixed_static_lattice_reference,KG,0.0165,-0.0165,0.32783333333333337,0.32783333333333337,1380.0767873751365,-5.471740636844092e-06,-170027.77431425353,-235919.99868570676,1291.7785957221815
0.00285013035,fixed_static_lattice_reference,KG,0.017,-0.017,0.32766666666666666,0.32766666666666666,1380.0771967958651,-5.423612607249056e-06,-170027.77431425353,-235340.4275519293,1292.0033442541871
0.00285013035,fixed_static_lattice_reference,KG,0.0175,-0.0175,0.3275,0.3275,1380.0776209508215,-5.3750688094915614e-06,-170027.77431425353,-234755.8496221676,1292.230006704345
0.00285013035,fixed_static_lattice_reference,KG,0.018000000000000002,-0.018000000000000002,0.3273333333333333,0.3273333333333333,1380.0780600088783,-5.328750720962332e-06,-170027.77431425353,-234198.07430268804,1292.4462764135233
0.00285013035,fixed_static_lattice_reference,KG,0.0185,-0.0185,0.32716666666666666,0.32716666666666666,1380.0785141408446,-5.278910661272906e-06,-170027.77431425353,-233597.88642579401,1292.6789310449085
0.00285013035,fixed_static_lattice_reference,KG,0.019,-0.019,0.327,0.327,1380.0789835194637,-5.231233416871033e-06,-170027.77431425353,-233023.7437728351,1292.9014877318693
0.00285013035,fixed_static_lattice_reference,KG,0.0195,-0.0195,0.32683333333333336,0.32683333333333336,1380.0794683194047,-5.1833193208455055e-06,-170027.77431425353,-232446.74888667208,1293.125125419075
0.00285013035,fixed_static_lattice_reference,KG,0.02,-0.02,0.32666666666666666,0.32666666666666666,1380.0799687172641,-5.1335577154974365e-06,-170027.77431425353,-231847.5057788025,1293.3573420659282
0.00285013035,fixed_static_lattice_reference,KG,0.0205,-0.0205,0.3265,0.3265,1380.080484891561,-5.0861716374486615e-06,-170027.77431425353,-231276.86943214372,1293.578476686429
0.00285013035,fixed_static_lattice_reference,KG,0.021,-0.021,0.3263333333333333,0.3263333333333333,1380.0810170227319,-5.036370602211953e-06,-170027.77431425353,-230677.15149857578,1293.8108293131272
0.00285013035,fixed_static_lattice_reference,KG,0.021500000000000002,-0.021500000000000002,0.32616666666666666,0.32616666666666666,1380.0815652931267,-4.985644007761825e-06,-170027.77431425353,-230066.28772323512,1294.0474640208108
0.00285013035,fixed_static_lattice_reference,KG,0.022,-0.022,0.326,0.326,1380.0821298870073,-4.935716783883651e-06,-170027.77431425353,-229465.05019090904,1294.280354112875
0.00285013035,fixed_static_lattice_reference,KG,0.0225,-0.0225,0.32583333333333336,0.32583333333333336,1380.0827109905422,-4.884392547185029e-06,-170027.77431425353,-228846.98944119673,1294.5197177848654
0.00285013035,fixed_static_lattice_reference,KG,0.023,-0.023,0.32566666666666666,0.32566666666666666,1380.0833087918027,-4.834235777285461e-06,-170027.77431425353,-228242.98765176325,1294.7536258122495
0.00285013035,fixed_static_lattice_reference,KG,0.0235,-0.0235,0.3255,0.3255,1380.0839234807581,-4.784138141451578e-06,-170027.77431425353,-227639.69797121483,1294.9872346393336
0.00285013035,fixed_static_lattice_reference,KG,0.024,-0.024,0.3253333333333333,0.3253333333333333,1380.0845552492738,-4.733718075877202e-06,-170027.77431425353,-227032.52550194986,1295.2223184209095
0.00285013035,fixed_static_lattice_reference,KG,0.0245,-0.0245,0.32516666666666666,0.32516666666666666,1380.085204291103,-4.6840583276633495e-06,-170027.77431425353,-226434.50898605294,1295.4538440705492
0.00285013035,fixed_static_lattice_reference,KG,0.025,-0.025,0.325,0.325,1380.0858708018882,-4.634233396005996e-06,-170027.77431425353,-225834.50328513357,1295.6861145747732
0.00285013035,fixed_static_lattice_reference,KG,0.025500000000000002,-0.025500000000000002,0.32483333333333336,0.32483333333333336,1380.0865549791502,-4.584651092596217e-06,-170027.77431425353,-225237.41938113206,1295.9172349548742
0.00285013035,fixed_static_lattice_reference,KG,0.026000000000000002,-0.026000000000000002,0.32466666666666666,0.32466666666666666,1380.0872570222903,-4.535106491672854e-06,-170027.77431425353,-224640.78950097034,1296.1481580029108
0.00285013035,fixed_static_lattice_reference,KG,0.0265,-0.0265,0.3245,0.3245,1380.0879771325795,-4.4860278048342855e-06,-170027.77431425353,-224049.77028795285,1296.3768951728282
0.00285013035,fixed_static_lattice_reference,KG,0.027,-0.027,0.3243333333333333,0.3243333333333333,1380.0887155131586,-4.4368537718617204e-06,-170027.77431425353,-223457.6028902404,1296.6060542032494
0.00285013035,fixed_static_lattice_reference,KG,0.0275,-0.0275,0.32416666666666666,0.32416666666666666,1380.0894723690317,-4.3877805040194175e-06,-170027.77431425353,-222866.6489342849,1296.8347245541922
0.00285013035,fixed_static_lattice_reference,KG,0.028,-0.028,0.324,0.324,1380.0902479070614,-4.3396195363875375e-06,-170027.77431425353,-222286.68115149604,1297.0591394445662
0.00285013035,fixed_static_lattice_reference,KG,0.0285,-0.0285,0.32383333333333336,0.32383333333333336,1380.0910423359626,-4.290566996732407e-06,-170027.77431425353,-221695.9768101423,1297.287673696864
0.00285013035,fixed_static_lattice_reference,KG,0.029,-0.029,0.32366666666666666,0.32366666666666666,1380.0918558663009,-4.242614003849357e-06,-170027.77431425353,-221118.51351719006,1297.5110855446671
0.00285013035,fixed_static_lattice_reference,KG,0.029500000000000002,-0.029500000000000002,0.3235,0.3235,1380.092688710485,-4.195019029447883e-06,-170027.77431425353,-220545.36158248427,1297.7328183604093
0.00285013035,fixed_static_lattice_reference,KG,0.03,-0.03,0.3233333333333333,0.3233333333333333,1380.0935410827624,-4.14643365720466e-06,-170027.77431425353,-219960.2830011889,1297.9591284540393
0.00285013035,fixed_static_lattice_reference,KG,0.0305,-0.0305,0.32316666666666666,0.32316666666666666,1380.0944131992137,-4.099919015999226e-06,-170027.77431425353,-219400.14073965183,1298.175815752254
0.00285013035,fixed_static_lattice_reference,KG,0.031,-0.031,0.323,0.323,1380.0953052777486,-4.0523156617241624e-06,-170027.77431425353,-218826.88789217488,1298.397536872859
0.00285013035,fixed_static_lattice_reference,KG,0.0315,-0.0315,0.32283333333333336,0.32283333333333336,1380.096217538099,-4.004976230170883e-06,-170027.77431425353,-218256.8132756037,1298.6180178895424
0.00285013035,fixed_static_lattice_reference,KG,0.032,-0.032,0.32266666666666666,0.32266666666666666,1380.0971502018156,-3.9596236006942394e-06,-170027.77431425353,-217710.6642828704,1298.8292727346047
0.00285013035,fixed_static_lattice_reference,KG,0.0325,-0.0325,0.3225,0.3225,1380.0981034922595,-3.9120130203309e-06,-170027.77431425353,-217137.3244168263,1299.050980849522
0.00285013035,fixed_static_lattice_reference,KG,0.033,-0.033,0.3223333333333333,0.3223333333333333,1380.0990776346,-3.866514491699997e-06,-170027.77431425353,-216589.4184658513,1299.2628854939335
0.00285013035,fixed_static_lattice_reference,KG,0.0335,-0.0335,0.32216666666666666,0.32216666666666666,1380.100072855807,-3.821461852147119e-06,-170027.77431425353,-216046.88203531306,1299.4727119340716
0.00285013035,fixed_static_lattice_reference,KG,0.034,-0.034,0.322,0.322,1380.1010893846453,-3.774638597113394e-06,-170027.77431425353,-215483.0233601213,1299.6907299663885
0.00285013035,fixed_static_lattice_reference,KG,0.0345,-0.0345,0.32183333333333336,0.32183333333333336,1380.1021274516695,-3.731106628627961e-06,-170027.77431425353,-214958.79927401262,1299.8934890684743
0.00285013035,fixed_static_lattice_reference,KG,0.035,-0.035,0.32166666666666666,0.32166666666666666,1380.1031872892179,-3.6856756697191156e-06,-170027.77431425353,-214411.70701644567,1300.105034429685
0.00285013035,fixed_static_lattice_reference,KG,0.035500000000000004,-0.035500000000000004,0.3215,0.3215,1380.104269131407,-3.6406247146275303e-06,-170027.77431425353,-213869.19087065937,1300.314809115114
0.00285013035,fixed_static_lattice_reference,KG,0.036000000000000004,-0.036000000000000004,0.3213333333333333,0.3213333333333333,1380.1053732141243,-3.598395811326942e-06,-170027.77431425353,-213360.658658349,1300.5115080291093
0.00285013035,fixed_static_lattice_reference,KG,0.0365,-0.0365,0.32116666666666666,0.32116666666666666,1380.1064997750238,-3.552853622926695e-06,-170027.77431425353,-212812.2269442744,1300.7235385649763
0.00285013035,fixed_static_lattice_reference,KG,0.037,-0.037,0.321,0.321,1380.1076490535195,-3.510220019811611e-06,-170027.77431425353,-212298.82122410802,1300.9220967267504
0.00285013035,fixed_static_lattice_reference,KG,0.0375,-0.0375,0.32083333333333336,0.32083333333333336,1380.1088212907773,-3.468122567672997e-06,-170027.77431425353,-211791.87198329312,1301.118167816177
0.00285013035,fixed_static_lattice_reference,KG,0.038,-0.038,0.32066666666666666,0.32066666666666666,1380.1100167297118,-3.4236551927729066e-06,-170027.77431425353,-211256.38347267246,1301.3251994812877
0.00285013035,fixed_static_lattice_reference,KG,0.0385,-0.0385,0.3205,0.3205,1380.1112356149779,-3.3835151343275556e-06,-170027.77431425353,-210773.00571175397,1301.5122039224016
0.00285013035,fixed_static_lattice_reference,KG,0.039,-0.039,0.3203333333333333,0.3203333333333333,1380.1124781929639,-3.341024481200644e-06,-170027.77431425353,-210261.32143515002,1301.7100794834364
0.00285013035,fixed_static_lattice_reference,KG,0.0395,-0.0395,0.32016666666666665,0.32016666666666665,1380.113744711787,-3.2992384855667585e-06,-170027.77431425353,-209758.12284029106,1301.9046914049047
0.00285013035,fixed_static_lattice_reference,KG,0.04,-0.04,0.32,0.32,1380.1150354212862,-3.2613495066757182e-06,-170027.77431425353,-209301.85320618545,1302.081279256296
0.00285013035,fixed_static_lattice_reference,KG,0.0405,-0.0405,0.31983333333333336,0.31983333333333336,1380.1163505730133,-3.2200715870473058e-06,-170027.77431425353,-208804.7730040597,1302.273538130493
0.00285013035,fixed_static_lattice_reference,KG,0.041,-0.041,0.31966666666666665,0.31966666666666665,1380.1176904202302,-3.18314881667329e-06,-170027.77431425353,-208360.13872195975,1302.445661319086
0.00285013035,fixed_static_lattice_reference,KG,0.0415,-0.0415,0.3195,0.3195,1380.1190552178987,-3.146345357198779e-06,-170027.77431425353,-207916.9412149341,1302.617236704862
0.00285013035,fixed_static_lattice_reference,KG,0.042,-0.042,0.3193333333333333,0.3193333333333333,1380.1204452226752,-3.1034639731559956e-06,-170027.77431425353,-207400.55164784106,1302.8169064276815
0.00285013035,fixed_static_lattice_reference,KG,0.0425,-0.0425,0.31916666666666665,0.31916666666666665,1380.1218606929037,-3.06300064002894e-06,-170027.77431425353,-206913.28092318866,1303.0053988526886
0.00285013035,fixed_static_lattice_reference,KG,0.043000000000000003,-0.043000000000000003,0.319,0.319,1380.123301888608,-3.019675577235808e-06,-170027.77431425353,-206391.54845304022,1303.2071132260112
0.00285013035,fixed_static_lattice_reference,KG,0.043500000000000004,-0.043500000000000004,0.31883333333333336,0.31883333333333336,1380.1247690714858,-2.9777110486985258e-06,-170027.77431425353,-205886.19991524555,1303.4025388533569
0.00285013035,fixed_static_lattice_reference,KG,0.044,-0.044,0.31866666666666665,0.31866666666666665,1380.1262625049017,-2.9402898933019885e-06,-170027.77431425353,-205435.5639419276,1303.5769775942736
0.00285013035,fixed_static_lattice_reference,KG,0.0445,-0.0445,0.3185,0.3185,1380.1277824538786,-2.8984709362493876e-06,-170027.77431425353,-204931.96841648628,1303.7717313565952
0.00285013035,fixed_static_lattice_reference,KG,0.045,-0.045,0.3183333333333333,0.3183333333333333,1380.1293291850895,-2.8608057193061998e-06,-170027.77431425353,-204478.39338606386,1303.9473041081153
0.00285013035,fixed_static_lattice_reference,KG,0.0455,-0.0455,0.31816666666666665,0.31816666666666665,1380.130902966855,-2.8238010828520375e-06,-170027.77431425353,-204032.77324983093,1304.1198319457746
0.00285013035,fixed_static_lattice_reference,KG,0.046,-0.046,0.318,0.318,1380.132504069131,-2.7835394276588033e-06,-170027.77431425353,-203547.9311870155,1304.3074014974823
0.00285013035,fixed_static_lattice_reference,KG,0.0465,-0.0465,0.31783333333333336,0.31783333333333336,1380.1341327635032,-2.748759285534433e-06,-170027.77431425353,-203129.09903091902,1304.469672084387
0.00285013035,fixed_static_lattice_reference,KG,0.047,-0.047,0.31766666666666665,0.31766666666666665,1380.1357893231793,-2.710613045109624e-06,-170027.77431425353,-202669.73138178853,1304.6474870971572
0.00285013035,fixed_static_lattice_reference,KG,0.0475,-0.0475,0.3175,0.3175,1380.1374740229815,-2.6729522431272753e-06,-170027.77431425353,-202216.2095175539,1304.8230675785057
0.00285013035,fixed_static_lattice_reference,KG,0.048,-0.048,0.3173333333333333,0.3173333333333333,1380.1391871393398,-2.6394845118491058e-06,-170027.77431425353,-201813.18177831214,1304.979307919986
0.00285013035,fixed_static_lattice_reference,KG,0.0485,-0.0485,0.31716666666666665,0.31716666666666665,1380.1409289502806,-2.6007166642877594e-06,-170027.77431425353,-201346.32856295508,1305.160011339908
0.00285013035,fixed_static_lattice_reference,KG,0.049,-0.049,0.317,0.317,1380.142699735425,-2.566162781841493e-06,-170027.77431425353,-200930.22108890503,1305.321282498712
0.00285013035,fixed_static_lattice_reference,KG,0.0495,-0.0495,0.31683333333333336,0.31683333333333336,1380.1444997759747,-2.5321103408089195e-06,-170027.77431425353,-200520.15211198654,1305.4802519187676
0.00285013035,fixed_static_lattice_reference,KG,0.05,-0.05,0.31666666666666665,0.31666666666666665,1380.146329354708,-2.494410298122012e-06,-170027.77431425353,-200066.15770026093,1305.656054530064
0.00285013035,fixed_static_lattice_reference,KG,0.0505,-0.0505,0.3165,0.3165,1380.1481887559723,-2.462513627622958e-06,-170027.77431425353,-199682.04911238785,1305.8051056011395
0.00285013035,fixed_static_lattice_reference,KG,0.051000000000000004,-0.051000000000000004,0.3163333333333333,0.3163333333333333,1380.150078265671,-2.426920506089695e-06,-170027.77431425353,-199253.42683187296,1305.9712139648657
0.00285013035,fixed_static_lattice_reference,KG,0.051500000000000004,-0.051500000000000004,0.31616666666666665,0.31616666666666665,1380.1519981712615,-2.391791430636181e-06,-170027.77431425353,-198830.3927234654,1306.1351941252715
0.00285013035,fixed_static_lattice_reference,KG,0.052000000000000005,-0.052000000000000005,0.316,0.316,1380.153948761744,-2.361058238894774e-06,-170027.77431425353,-198460.29507076606,1306.2789239713961
0.00285013035,fixed_static_lattice_reference,KG,0.0525,-0.0525,0.31583333333333335,0.31583333333333335,1380.1559303276536,-2.3246477265569863e-06,-170027.77431425353,-198021.82954257814,1306.4488365320751
0.00285013035,fixed_static_lattice_reference,KG,0.053,-0.053,0.31566666666666665,0.31566666666666665,1380.1579431610503,-2.29266402646327e-06,-170027.77431425353,-197636.67292009247,1306.5983603045156
0.00285013035,fixed_static_lattice_reference,KG,0.0535,-0.0535,0.3155,0.3155,1380.1599875555155,-2.2611761456450654e-06,-170027.77431425353,-197257.4870913849,1306.7456157025574
0.00285013035,fixed_static_lattice_reference,KG,0.054,-0.054,0.3153333333333333,0.3153333333333333,1380.1620638061374,-2.2258051997124223e-06,-170027.77431425353,-196831.54031131812,1306.910778155226
0.00285013035,fixed_static_lattice_reference,KG,0.0545,-0.0545,0.31516666666666665,0.31516666666666665,1380.1641722095087,-2.1964967092363716e-06,-170027.77431425353,-196478.5993079685,1307.04802625718
0.00285013035,fixed_static_lattice_reference,KG,0.055,-0.055,0.315,0.315,1380.1663130637128,-2.1632822150615933e-06,-170027.77431425353,-196078.6211204404,1307.2032858723398
0.00285013035,fixed_static_lattice_reference,KG,0.0555,-0.0555,0.31483333333333335,0.31483333333333335,1380.1684866683172,-2.1305355457510686e-06,-170027.77431425353,-195684.27661019488,1307.3564070222467
0.00285013035,fixed_static_lattice_reference,KG,0.056,-0.056,0.31466666666666665,0.31466666666666665,1380.170693324366,-2.1023569073595715e-06,-170027.77431425353,-195344.94160025817,1307.488508978646
0.00285013035,fixed_static_lattice_reference,KG,0.0565,-0.0565,0.3145,0.3145,1380.1729333343712,-2.0682547542168567e-06,-170027.77431425353,-194934.27397626685,1307.6479082430926
0.00285013035,fixed_static_lattice_reference,KG,0.057,-0.057,0.3143333333333333,0.3143333333333333,1380.1752070023006,-2.038740927420198e-06,-170027.77431425353,-194578.860255768,1307.786198798594
0.00285013035,fixed_static_lattice_reference,KG,0.0575,-0.0575,0.31416666666666665,0.31416666666666665,1380.1775146335729,-2.009736338590138e-06,-170027.77431425353,-194229.57892066173,1307.9221662543396
0.00285013035,fixed_static_lattice_reference,KG,0.058,-0.058,0.314,0.314,1380.1798565350475,-1.976744147032249e-06,-170027.77431425353,-193832.27776314702,1308.0765109969514
0.00285013035,fixed_static_lattice_reference,KG,0.0585,-0.0585,0.31383333333333335,0.31383333333333335,1380.182233015013,-1.9500613621258106e-06,-170027.77431425353,-193510.95623740228,1308.2018346160908
0.00285013035,fixed_static_lattice_reference,KG,0.059000000000000004,-0.059000000000000004,0.31366666666666665,0.31366666666666665,1380.184644383184,-1.919430331273357e-06,-170027.77431425353,-193142.0888345747,1308.3453533973975
0.00285013035,fixed_static_lattice_reference,KG,0.059500000000000004,-0.059500000000000004,0.3135,0.3135,1380.1870909506856,-1.8894499216033276e-06,-170027.77431425353,-192781.0563931933,1308.485899669432
0.00285013035,fixed_static_lattice_reference,KG,0.06,-0.06,0.3133333333333333,0.3133333333333333,1380.1895730300491,-1.8644458761969848e-06,-170027.77431425353,-192479.95071595875,1308.6035712869311
0.00285013035,fixed_static_lattice_reference,KM,0.0005,0.0005,0.33349999999999996,0.333,1380.0705574390659,-6.432094097399143e-06,-170027.77431425353,-247484.84247100953,1287.287808160694
0.00285013035,fixed_static_lattice_reference,KM,0.001,0.001,0.3336666666666666,0.33266666666666667,1380.07057256686,-6.426152486390593e-06,-170027.77431425353,-247413.29193678516,1287.3156152739837
0.00285013035,fixed_static_lattice_reference,KM,0.0015,0.0015,0.33383333333333337,0.3323333333333333,1380.070597660173,-6.4185742583072e-06,-170027.77431425353,-247322.03280402464,1287.3510872027423
0.00285013035,fixed_static_lattice_reference,KM,0.002,0.002,0.334,0.332,1380.07063262336,-6.408726523480735e-06,-170027.77431425353,-247203.44363911307,1287.3971832306952
0.00285013035,fixed_static_lattice_reference,KM,0.0025,0.0025,0.33416666666666667,0.33166666666666667,1380.0706773627815,-6.3980508157548315e-06,-170027.77431425353,-247074.88379399493,1287.4471603613763
0.00285013035,fixed_static_lattice_reference,KM,0.003,0.003,0.3343333333333333,0.3313333333333333,1380.0707317867982,-6.384778961139043e-06,-170027.77431425353,-246915.06042512393,1287.509287076961
0.00285013035,fixed_static_lattice_reference,KM,0.0035,0.0035,0.3345,0.331,1380.070795805774,-6.369656528136681e-06,-170027.77431425353,-246732.95187602268,1287.5800750089136
0.00285013035,fixed_static_lattice_reference,KM,0.004,0.004,0.33466666666666667,0.33066666666666666,1380.070869332077,-6.353936277816853e-06,-170027.77431425353,-246543.64424432052,1287.6536646686773
0.00285013035,fixed_static_lattice_reference,KM,0.0045000000000000005,0.0045000000000000005,0.3348333333333333,0.3303333333333333,1380.0709522800762,-6.334571899060277e-06,-170027.77431425353,-246310.45300326456,1287.7442992783824
0.00285013035,fixed_static_lattice_reference,KM,0.005,0.005,0.33499999999999996,0.33,1380.0710445661437,-6.314692146485523e-06,-170027.77431425353,-246071.0554871827,1287.837347091124
0.00285013035,fixed_static_lattice_reference,KM,0.0055,0.0055,0.33516666666666667,0.32966666666666666,1380.0711461086544,-6.2930471327356236e-06,-170027.77431425353,-245810.40020448744,1287.9386507583222
0.00285013035,fixed_static_lattice_reference,KM,0.006,0.006,0.3353333333333333,0.3293333333333333,1380.071256827983,-6.267934294628531e-06,-170027.77431425353,-245507.98441525683,1288.0561670624118
0.00285013035,fixed_static_lattice_reference,KM,0.006500000000000001,0.006500000000000001,0.33549999999999996,0.329,1380.0713766465092,-6.243341146403693e-06,-170027.77431425353,-245211.8268762975,1288.1712532744602
0.00285013035,fixed_static_lattice_reference,KM,0.007,0.007,0.3356666666666666,0.32866666666666666,1380.0715054886093,-6.2152601550458076e-06,-170027.77431425353,-244873.66775912966,1288.30264010537
0.00285013035,fixed_static_lattice_reference,KM,0.0075,0.0075,0.3358333333333334,0.3283333333333333,1380.0716432806637,-6.185588973591535e-06,-170027.77431425353,-244516.35913002794,1288.4414544159015
0.00285013035,fixed_static_lattice_reference,KM,0.008,0.008,0.336,0.328,1380.0717899510503,-6.1562881682001294e-06,-170027.77431425353,-244163.51067260755,1288.578532626587
0.00285013035,fixed_static_lattice_reference,KM,0.0085,0.0085,0.33616666666666667,0.32766666666666666,1380.0719454301475,-6.122564984796075e-06,-170027.77431425353,-243757.40670773445,1288.7362677660692
0.00285013035,fixed_static_lattice_reference,KM,0.009000000000000001,0.009000000000000001,0.3363333333333333,0.3273333333333333,1380.0721096503316,-6.089306877982155e-06,-170027.77431425353,-243356.90332466172,1288.8918203286323
0.00285013035,fixed_static_lattice_reference,KM,0.0095,0.0095,0.3365,0.327,1380.0722825459761,-6.054777293845497e-06,-170027.77431425353,-242941.08845762193,1289.053302464269
0.00285013035,fixed_static_lattice_reference,KM,0.01,0.01,0.33666666666666667,0.32666666666666666,1380.0724640534493,-6.016748364316997e-06,-170027.77431425353,-242483.13349897036,1289.2311168055123
0.00285013035,fixed_static_lattice_reference,KM,0.0105,0.0105,0.3368333333333333,0.3263333333333333,1380.0726541111178,-5.980210334603576e-06,-170027.77431425353,-242043.13237103744,1289.4019537189586
0.00285013035,fixed_static_lattice_reference,KM,0.011,0.011,0.33699999999999997,0.326,1380.072852659341,-5.940322308583072e-06,-170027.77431425353,-241562.78965475818,1289.5884184469603
0.00285013035,fixed_static_lattice_reference,KM,0.0115,0.0115,0.33716666666666667,0.32566666666666666,1380.0730596404708,-5.89937219923758e-06,-170027.77431425353,-241069.6570353391,1289.77982342339
0.00285013035,fixed_static_lattice_reference,KM,0.012,0.012,0.3373333333333333,0.3253333333333333,1380.0732749988506,-5.859315004755862e-06,-170027.77431425353,-240587.27714534441,1289.967041137373
0.00285013035,fixed_static_lattice_reference,KM,0.0125,0.0125,0.33749999999999997,0.325,1380.073498680816,-5.815272170571086e-06,-170027.77431425353,-240056.9010722322,1290.1728414010568
0.00285013035,fixed_static_lattice_reference,KM,0.013000000000000001,0.013000000000000001,0.3376666666666666,0.32466666666666666,1380.07373063469,-5.772184861272165e-06,-170027.77431425353,-239538.03169586422,1290.3741590298866
0.00285013035,fixed_static_lattice_reference,KM,0.0135,0.0135,0.3378333333333334,0.3243333333333333,1380.0739708107833,-5.728227896926699e-06,-170027.77431425353,-239008.68969126767,1290.579511389428
0.00285013035,fixed_static_lattice_reference,KM,0.014,0.014,0.338,0.324,1380.0742191613926,-5.681466063184038e-06,-170027.77431425353,-238445.5706683658,1290.7979236602303
0.00285013035,fixed_static_lattice_reference,KM,0.0145,0.0145,0.33816666666666667,0.32366666666666666,1380.0744756407985,-5.636367172914668e-06,-170027.77431425353,-237902.47727382093,1291.0085518854644
0.00285013035,fixed_static_lattice_reference,KM,0.015,0.015,0.3383333333333333,0.3233333333333333,1380.0747402052639,-5.58863102285639e-06,-170027.77431425353,-237327.62526254513,1291.2314522540416
0.00285013035,fixed_static_lattice_reference,KM,0.0155,0.0155,0.3385,0.323,1380.0750128130326,-5.540294704770656e-06,-170027.77431425353,-236745.5458607641,1291.457120902637
0.00285013035,fixed_static_lattice_reference,KM,0.016,0.016,0.33866666666666667,0.32266666666666666,1380.075293424327,-5.493061934938084e-06,-170027.77431425353,-236176.75569433396,1291.67761450987
0.00285013035,fixed_static_lattice_reference,KM,0.0165,0.0165,0.3388333333333333,0.3223333333333333,1380.0755820013458,-5.44286018355011e-06,-170027.77431425353,-235572.21222529188,1291.9119164289264
0.00285013035,fixed_static_lattice_reference,KM,0.017,0.017,0.33899999999999997,0.322,1380.0758785082626,-5.393692023813213e-06,-170027.77431425353,-234980.11555471874,1292.141367995636
0.00285013035,fixed_static_lattice_reference,KM,0.0175,0.0175,0.33916666666666667,0.32166666666666666,1380.0761829112234,-5.344030186111081e-06,-170027.77431425353,-234382.07387662213,1292.3730872941414
0.00285013035,fixed_static_lattice_reference,KM,0.018000000000000002,0.018000000000000002,0.3393333333333333,0.3213333333333333,1380.076495178344,-5.292521363805345e-06,-170027.77431425353,-233761.79029563055,1292.6133769415012
0.00285013035,fixed_static_lattice_reference,KM,0.0185,0.0185,0.33949999999999997,0.321,1380.0768152797089,-5.2424285701398825e-06,-170027.77431425353,-233158.55892582255,1292.84703547897
0.00285013035,fixed_static_lattice_reference,KM,0.019,0.019,0.3396666666666666,0.32066666666666666,1380.0771431873666,-5.190717325746293e-06,-170027.77431425353,-232535.837721684,1293.0881963062377
0.00285013035,fixed_static_lattice_reference,KM,0.0195,0.0195,0.3398333333333334,0.3203333333333333,1380.0774788753304,-5.1387486844021505e-06,-170027.77431425353,-231910.01687179392,1293.3305187874807
0.00285013035,fixed_static_lattice_reference,KM,0.02,0.02,0.34,0.32,1380.077822319574,-5.087624432926349e-06,-170027.77431425353,-231294.3643998213,1293.568873797803
0.00285013035,fixed_static_lattice_reference,KM,0.0205,0.0205,0.3401666666666667,0.31966666666666665,1380.0781734980276,-5.034947675447818e-06,-170027.77431425353,-230660.01621826386,1293.8144182020033
0.00285013035,fixed_static_lattice_reference,KM,0.021,0.021,0.3403333333333333,0.3193333333333333,1380.0785323905777,-4.982867456734883e-06,-170027.77431425353,-230032.85172262974,1294.0571485999762
0.00285013035,fixed_static_lattice_reference,KM,0.021500000000000002,0.021500000000000002,0.3405,0.319,1380.0788989790638,-4.9305801869894e-06,-170027.77431425353,-229403.1938608077,1294.3008048929187
0.00285013035,fixed_static_lattice_reference,KM,0.022,0.022,0.3406666666666667,0.31866666666666665,1380.0792732472742,-4.877532416394691e-06,-170027.77431425353,-228764.37783599552,1294.547960722479
0.00285013035,fixed_static_lattice_reference,KM,0.0225,0.0225,0.3408333333333333,0.3183333333333333,1380.0796551809437,-4.825233485243874e-06,-170027.77431425353,-228134.57954428328,1294.7915952384265
0.00285013035,fixed_static_lattice_reference,KM,0.023,0.023,0.34099999999999997,0.318,1380.0800447677518,-4.772393255165365e-06,-170027.77431425353,-227498.26278015747,1295.0377087892084
0.00285013035,fixed_static_lattice_reference,KM,0.0235,0.0235,0.3411666666666667,0.31766666666666665,1380.0804419973192,-4.719532286559351e-06,-170027.77431425353,-226861.69627690874,1295.2838801230437
0.00285013035,fixed_static_lattice_reference,KM,0.024,0.024,0.3413333333333333,0.3173333333333333,1380.0808468612024,-4.666937953165046e-06,-170027.77431425353,-226228.3406691248,1295.528773591698
0.00285013035,fixed_static_lattice_reference,KM,0.0245,0.0245,0.34149999999999997,0.317,1380.081259352894,-4.614070732149616e-06,-170027.77431425353,-225591.69887262088,1295.7748969417678
0.00285013035,fixed_static_lattice_reference,KM,0.025,0.025,0.3416666666666666,0.31666666666666665,1380.0816794678167,-4.561505998247911e-06,-170027.77431425353,-224958.69971016888,1296.0195763538993
0.00285013035,fixed_static_lattice_reference,KM,0.025500000000000002,0.025500000000000002,0.3418333333333334,0.3163333333333333,1380.082107203321,-4.5090678508544815e-06,-170027.77431425353,-224327.22493769793,1296.2636297007878
0.00285013035,fixed_static_lattice_reference,KM,0.026000000000000002,0.026000000000000002,0.342,0.316,1380.0825425586831,-4.4567498370850805e-06,-170027.77431425353,-223697.1968477791,1296.5070873032125
0.00285013035,fixed_static_lattice_reference,KM,0.0265,0.0265,0.3421666666666667,0.31566666666666665,1380.0829855350983,-4.404325096766319e-06,-170027.77431425353,-223065.88352703452,1296.7510028669483
0.00285013035,fixed_static_lattice_reference,KM,0.027,0.027,0.3423333333333333,0.3153333333333333,1380.08343613568,-4.352147251123741e-06,-170027.77431425353,-222437.54338072913,1296.993734493477
0.00285013035,fixed_static_lattice_reference,KM,0.0275,0.0275,0.3425,0.315,1380.0838943654553,-4.300183066981382e-06,-170027.77431425353,-221811.77620570405,1297.2354371050835
0.00285013035,fixed_static_lattice_reference,KM,0.028,0.028,0.3426666666666667,0.31466666666666665,1380.0843602313616,-4.248014109276624e-06,-170027.77431425353,-221183.54309042075,1297.4780530956143
0.00285013035,fixed_static_lattice_reference,KM,0.0285,0.0285,0.3428333333333333,0.3143333333333333,1380.0848337422412,-4.196697894062985e-06,-170027.77431425353,-220565.57893766422,1297.7166753138704
0.00285013035,fixed_static_lattice_reference,KM,0.029,0.029,0.34299999999999997,0.314,1380.0853149088398,-4.145209480499358e-06,-170027.77431425353,-219945.54112442798,1297.95606062093
0.00285013035,fixed_static_lattice_reference,KM,0.029500000000000002,0.029500000000000002,0.3431666666666667,0.31366666666666665,1380.085803743801,-4.093849300419638e-06,-170027.77431425353,-219327.04753451195,1298.1948151801646
0.00285013035,fixed_static_lattice_reference,KM,0.03,0.03,0.3433333333333333,0.3133333333333333,1380.0863002616625,-4.04333346506297e-06,-170027.77431425353,-218718.72177886122,1298.429618574323
0.00285013035,fixed_static_lattice_reference,KM,0.0305,0.0305,0.34349999999999997,0.313,1380.0868044788533,-3.992067974801782e-06,-170027.77431425353,-218101.36847010662,1298.6678633994707
0.00285013035,fixed_static_lattice_reference,KM,0.031,0.031,0.3436666666666666,0.31266666666666665,1380.0873164136876,-3.941843536549851e-06,-170027.77431425353,-217496.55179953153,1298.901246872295
0.00285013035,fixed_static_lattice_reference,KM,0.0315,0.0315,0.3438333333333334,0.31233333333333335,1380.0878360863612,-3.8919222138782325e-06,-170027.77431425353,-216895.385331178,1299.133191779179
0.00285013035,fixed_static_lattice_reference,KM,0.032,0.032,0.34400000000000003,0.312,1380.0883635189489,-3.841333499631269e-06,-170027.77431425353,-216286.181947637,1299.368196152566
0.00285013035,fixed_static_lattice_reference,KM,0.0325,0.0325,0.3441666666666667,0.3116666666666667,1380.088898735397,-3.7924104967517797e-06,-170027.77431425353,-215697.03752420543,1299.595448933427
0.00285013035,fixed_static_lattice_reference,KM,0.033,0.033,0.3443333333333333,0.3113333333333333,1380.0894417615211,-3.742780282679454e-06,-170027.77431425353,-215099.37666666467,1299.8259462693313
0.00285013035,fixed_static_lattice_reference,KM,0.0335,0.0335,0.34450000000000003,0.311,1380.0899926250036,-3.6934330628298817e-06,-170027.77431425353,-214505.12370435486,1300.055100385875
0.00285013035,fixed_static_lattice_reference,KM,0.034,0.034,0.3446666666666667,0.31066666666666665,1380.0905513553828,-3.6456220881856522e-06,-170027.77431425353,-213929.37063457991,1300.2771086602365
0.00285013035,fixed_static_lattice_reference,KM,0.0345,0.0345,0.3448333333333333,0.31033333333333335,1380.0911179840552,-3.5964350630601726e-06,-170027.77431425353,-213337.04678174434,1300.50545833408
0.00285013035,fixed_static_lattice_reference,KM,0.035,0.035,0.345,0.31,1380.0916925442664,-3.548726751669272e-06,-170027.77431425353,-212762.53001145285,1300.7269313035097
0.00285013035,fixed_static_lattice_reference,KM,0.035500000000000004,0.035500000000000004,0.3451666666666667,0.3096666666666667,1380.0922750711068,-3.5012135784242466e-06,-170027.77431425353,-212190.3631490508,1300.947471868827
0.00285013035,fixed_static_lattice_reference,KM,0.036000000000000004,0.036000000000000004,0.3453333333333333,0.3093333333333333,1380.0928656015092,-3.452684962416059e-06,-170027.77431425353,-211605.96804214164,1301.1726824837829
0.00285013035,fixed_static_lattice_reference,KM,0.0365,0.0365,0.3455,0.309,1380.0934641742426,-3.4066459747658523e-06,-170027.77431425353,-211051.55373316378,1301.3863439130203
0.00285013035,fixed_static_lattice_reference,KM,0.037,0.037,0.3456666666666666,0.3086666666666667,1380.0940708299047,-3.359558553808816e-06,-170027.77431425353,-210484.5138983657,1301.604828833042
0.00285013035,fixed_static_lattice_reference,KM,0.0375,0.0375,0.3458333333333334,0.30833333333333335,1380.0946856109224,-3.3127686298055956e-06,-170027.77431425353,-209921.05660472438,1301.8219097275887
0.00285013035,fixed_static_lattice_reference,KM,0.038,0.038,0.34600000000000003,0.308,1380.0953085615408,-3.2679104487847657e-06,-170027.77431425353,-209380.8618979766,1302.0300299208147
0.00285013035,fixed_static_lattice_reference,KM,0.0385,0.0385,0.3461666666666667,0.3076666666666667,1380.095939727821,-3.2210788802630207e-06,-170027.77431425353,-208816.90310944716,1302.2472498507225
0.00285013035,fixed_static_lattice_reference,KM,0.039,0.039,0.3463333333333333,0.30733333333333335,1380.0965791576352,-3.17610500279948e-06,-170027.77431425353,-208275.31515392027,1302.4558543953367
0.00285013035,fixed_static_lattice_reference,KM,0.0395,0.0395,0.34650000000000003,0.307,1380.097226900661,-3.1315389881079907e-06,-170027.77431425353,-207738.638795465,1302.6625491290636
0.00285013035,fixed_static_lattice_reference,KM,0.04,0.04,0.3466666666666667,0.3066666666666667,1380.0978830083745,-3.085754586486154e-06,-170027.77431425353,-207187.29028233103,1302.8748506291256
0.00285013035,fixed_static_lattice_reference,KM,0.0405,0.0405,0.3468333333333333,0.30633333333333335,1380.0985475340476,-3.043032635841833e-06,-170027.77431425353,-206672.82065661694,1303.0729757956653
0.00285013035,fixed_static_lattice_reference,KM,0.041,0.041,0.347,0.306,1380.0992205327402,-2.998814378104751e-06,-170027.77431425353,-206140.33208424062,1303.2779927670215
0.00285013035,fixed_static_lattice_reference,KM,0.0415,0.0415,0.3471666666666667,0.3056666666666667,1380.0999020612946,-2.9545575976410784e-06,-170027.77431425353,-205607.37961046395,1303.483164470923
0.00285013035,fixed_static_lattice_reference,KM,0.042,0.042,0.3473333333333333,0.30533333333333335,1380.1005921783321,-2.9122436582556833e-06,-170027.77431425353,-205097.8233699418,1303.6793398535704
0.00285013035,fixed_static_lattice_reference,KM,0.0425,0.0425,0.3475,0.305,1380.1012909442456,-2.8673937039914897e-06,-170027.77431425353,-204557.7277320882,1303.8872058325771
0.00285013035,fixed_static_lattice_reference,KM,0.043000000000000003,0.043000000000000003,0.3476666666666666,0.3046666666666667,1380.1019984211946,-2.8246567704461152e-06,-170027.77431425353,-204043.0776781076,1304.0852918302803
0.00285013035,fixed_static_lattice_reference,KM,0.043500000000000004,0.043500000000000004,0.3478333333333334,0.30433333333333334,1380.1027146730974,-2.7822334314996673e-06,-170027.77431425353,-203532.20401760863,1304.2819093395585
0.00285013035,fixed_static_lattice_reference,KM,0.044,0.044,0.34800000000000003,0.304,1380.1034397656279,-2.7381843241075564e-06,-170027.77431425353,-203001.75240078688,1304.4860106770525
0.00285013035,fixed_static_lattice_reference,KM,0.0445,0.0445,0.3481666666666667,0.3036666666666667,1380.1041737662085,-2.69748107114087e-06,-170027.77431425353,-202511.59249461928,1304.6746483136283
0.00285013035,fixed_static_lattice_reference,KM,0.045,0.045,0.34833333333333333,0.30333333333333334,1380.1049167440046,-2.655114172271129e-06,-170027.77431425353,-202001.39850123992,1304.8709448523007
0.00285013035,fixed_static_lattice_reference,KM,0.0455,0.0455,0.34850000000000003,0.303,1380.1056687699172,-2.6129544713624665e-06,-170027.77431425353,-201493.69964340277,1305.0662654928515
0.00285013035,fixed_static_lattice_reference,KM,0.046,0.046,0.3486666666666667,0.3026666666666667,1380.1064299165778,-2.5731638857010963e-06,-170027.77431425353,-201014.53033106073,1305.2506378339835
0.00285013035,fixed_static_lattice_reference,KM,0.0465,0.0465,0.34883333333333333,0.30233333333333334,1380.1072002583421,-2.5307226375543225e-06,-170027.77431425353,-200503.44100298456,1305.4472196155366
0.00285013035,fixed_static_lattice_reference,KM,0.047,0.047,0.349,0.302,1380.1079798712844,-2.490799673582735e-06,-170027.77431425353,-200022.67755416973,1305.6321681661448
0.00285013035,fixed_static_lattice_reference,KM,0.0475,0.0475,0.3491666666666667,0.3016666666666667,1380.1087688331893,-2.4511244510217425e-06,-170027.77431425353,-199544.89747640566,1305.8159580637143
0.00285013035,fixed_static_lattice_reference,KM,0.048,0.048,0.34933333333333333,0.30133333333333334,1380.1095672235483,-2.409537437411135e-06,-170027.77431425353,-199044.09507847816,1306.0085460912926
0.00285013035,fixed_static_lattice_reference,KM,0.0485,0.0485,0.3495,0.301,1380.11037512355,-2.3715362298673856e-06,-170027.77431425353,-198586.47395568623,1306.1845863307299
0.00285013035,fixed_static_lattice_reference,KM,0.049,0.049,0.3496666666666666,0.3006666666666667,1380.1111926160768,-2.3315572583510973e-06,-170027.77431425353,-198105.03604842265,1306.3697286510228
0.00285013035,fixed_static_lattice_reference,KM,0.0495,0.0495,0.3498333333333334,0.30033333333333334,1380.112019785695,-2.2917298633157493e-06,-170027.77431425353,-197625.4234673495,1306.5541564319487
0.00285013035,fixed_static_lattice_reference,KM,0.05,0.05,0.35000000000000003,0.3,1380.1128567186531,-2.2544529148975545e-06,-170027.77431425353,-197176.5240746196,1306.7268165938517
0.00285013035,fixed_static_lattice_reference,KM,0.0505,0.0505,0.3501666666666667,0.2996666666666667,1380.1137035028685,-2.2143523759190228e-06,-170027.77431425353,-196693.6222181249,1306.9124731129773
0.00285013035,fixed_static_lattice_reference,KM,0.051000000000000004,0.051000000000000004,0.35033333333333333,0.29933333333333334,1380.1145602279282,-2.177005243534655e-06,-170027.77431425353,-196243.87765053142,1307.0854301470108
0.00285013035,fixed_static_lattice_reference,KM,0.051500000000000004,0.051500000000000004,0.35050000000000003,0.299,1380.1154269850747,-2.13978158435102e-06,-170027.77431425353,-195795.61998160265,1307.2578061807826
0.00285013035,fixed_static_lattice_reference,KM,0.052000000000000005,0.052000000000000005,0.3506666666666667,0.2986666666666667,1380.1163038672044,-2.1003381018924115e-06,-170027.77431425353,-195320.6305826802,1307.440393141268
0.00285013035,fixed_static_lattice_reference,KM,0.0525,0.0525,0.35083333333333333,0.29833333333333334,1380.117190968859,-2.064726501374261e-06,-170027.77431425353,-194891.78577308374,1307.6053208192027
0.00285013035,fixed_static_lattice_reference,KM,0.053,0.053,0.351,0.298,1380.118088386219,-2.026917844922516e-06,-170027.77431425353,-194436.48340415815,1307.7803540681718
0.00285013035,fixed_static_lattice_reference,KM,0.0535,0.0535,0.3511666666666667,0.2976666666666667,1380.1189962170945,-1.989194551313546e-06,-170027.77431425353,-193982.2089983548,1307.9549819167805
0.00285013035,fixed_static_lattice_reference,KM,0.054,0.054,0.35133333333333333,0.29733333333333334,1380.1199145609216,-1.9541281022680712e-06,-170027.77431425353,-193559.92905459137,1308.1173684012663
0.00285013035,fixed_static_lattice_reference,KM,0.0545,0.0545,0.3515,0.297,1380.1208435187527,-1.915857700196379e-06,-170027.77431425353,-193099.06621633592,1308.2944915035673
0.00285013035,fixed_static_lattice_reference,KM,0.055,0.055,0.3516666666666666,0.2966666666666667,1380.1217831932518,-1.8803911834438024e-06,-170027.77431425353,-192671.96854584353,1308.458699347701
0.00285013035,fixed_static_lattice_reference,KM,0.0555,0.0555,0.3518333333333334,0.29633333333333334,1380.122733688683,-1.8450876824783044e-06,-170027.77431425353,-192246.83395685136,1308.622147943199
0.00285013035,fixed_static_lattice_reference,KM,0.056,0.056,0.35200000000000004,0.296,1380.1236951109076,-1.8075078216833124e-06,-170027.77431425353,-191794.28680893322,1308.7960601245911
0.00285013035,fixed_static_lattice_reference,KM,0.0565,0.0565,0.3521666666666667,0.2956666666666667,1380.124667567375,-1.7739463059813273e-06,-170027.77431425353,-191390.1296915453,1308.9514766928573
0.00285013035,fixed_static_lattice_reference,KM,0.057,0.057,0.35233333333333333,0.29533333333333334,1380.1256511671156,-1.738064658960046e-06,-170027.77431425353,-190958.0329067629,1309.1175577856604
0.00285013035,fixed_static_lattice_reference,KM,0.0575,0.0575,0.35250000000000004,0.295,1380.126646020732,-1.7023109856397196e-06,-170027.77431425353,-190527.47721692204,1309.2830411486714
0.00285013035,fixed_static_lattice_reference,KM,0.058,0.058,0.3526666666666667,0.2946666666666667,1380.1276522403941,-1.6694283007259265e-06,-170027.77431425353,-190131.494768908,1309.4353140608644
0.00285013035,fixed_static_lattice_reference,KM,0.0585,0.0585,0.35283333333333333,0.29433333333333334,1380.1286699398295,-1.6332659394795213e-06,-170027.77431425353,-189696.01754526095,1309.602660368641
0.00285013035,fixed_static_lattice_reference,KM,0.059000000000000004,0.059000000000000004,0.353,0.294,1380.1296992343161,-1.6000733495980393e-06,-170027.77431425353,-189296.303135332,1309.7563451166297
0.00285013035,fixed_static_lattice_reference,KM,0.059500000000000004,0.059500000000000004,0.3531666666666667,0.2936666666666667,1380.130740240676,-1.5670713138749023e-06,-170027.77431425353,-188898.88343163827,1309.9091482716035
0.00285013035,fixed_static_lattice_reference,KM,0.06,0.06,0.35333333333333333,0.29333333333333333,1380.1317930772655,-1.531818598314022e-06,-170027.77431425353,-188474.36041462986,1310.072290313797
0.0038001738,fixed_static_lattice_reference,K,0.0,0.0,0.3333333333333333,0.3333333333333333,1380.070552374435,-6.096623890359599e-06,-170027.77431425353,-243445.01682515495,1288.8559705048208
0.0038001738,fixed_static_lattice_reference,KG,0.0005,-0.0005,0.33316666666666667,0.33316666666666667,1380.0705574726148,-6.094296030581687e-06,-170027.77431425353,-243416.9840895098,1288.8668509637696
0.0038001738,fixed_static_lattice_reference,KG,0.001,-0.001,0.333,0.333,1380.0705728352552,-6.089508109393989e-06,-170027.77431425353,-243359.32660935653,1288.8892347275125
0.0038001738,fixed_static_lattice_reference,KG,0.0015,-0.0015,0.33283333333333337,0.33283333333333337,1380.0705985660052,-6.083423097699017e-06,-170027.77431425353,-243286.04920413592,1288.9176885364698
0.0038001738,fixed_static_lattice_reference,KG,0.002,-0.002,0.33266666666666667,0.33266666666666667,1380.0706347705172,-6.076970779122206e-06,-170027.77431425353,-243208.34858716652,1288.9478687552619
0.0038001738,fixed_static_lattice_reference,KG,0.0025,-0.0025,0.3325,0.3325,1380.0706815564383,-6.067859167827447e-06,-170027.77431425353,-243098.62402679957,1288.990481758827
0.0038001738,fixed_static_lattice_reference,KG,0.003,-0.003,0.3323333333333333,0.3323333333333333,1380.0707390334194,-6.0585712710840455e-06,-170027.77431425353,-242986.77658797285,1289.0339282378395
0.0038001738,fixed_static_lattice_reference,KG,0.0035,-0.0035,0.33216666666666667,0.33216666666666667,1380.0708073131073,-6.048023711927466e-06,-170027.77431425353,-242859.75994360988,1289.083268549492
0.0038001738,fixed_static_lattice_reference,KG,0.004,-0.004,0.332,0.332,1380.070886509147,-6.034406167179563e-06,-170027.77431425353,-242695.77367790946,1289.14695753131
0.0038001738,fixed_static_lattice_reference,KG,0.0045000000000000005,-0.0045000000000000005,0.33183333333333337,0.33183333333333337,1380.0709767371786,-6.022147108291307e-06,-170027.77431425353,-242548.1466772054,1289.2043104780191
0.0038001738,fixed_static_lattice_reference,KG,0.005,-0.005,0.33166666666666667,0.33166666666666667,1380.07107811484,-6.006563275795064e-06,-170027.77431425353,-242360.48182692082,1289.27720014826
0.0038001738,fixed_static_lattice_reference,KG,0.0055,-0.0055,0.3315,0.3315,1380.07119076176,-5.989406123413149e-06,-170027.77431425353,-242153.8706204773,1289.3574449895982
0.0038001738,fixed_static_lattice_reference,KG,0.006,-0.006,0.3313333333333333,0.3313333333333333,1380.071314799563,-5.973400376037694e-06,-170027.77431425353,-241961.12495373376,1289.432320433632
0.0038001738,fixed_static_lattice_reference,KG,0.006500000000000001,-0.006500000000000001,0.33116666666666666,0.33116666666666666,1380.0714503518636,-5.9525319744244655e-06,-170027.77431425353,-241709.82185063828,1289.5299090077974
0.0038001738,fixed_static_lattice_reference,KG,0.007,-0.007,0.331,0.331,1380.071597544267,-5.933088665223567e-06,-170027.77431425353,-241475.68010719336,1289.620849025477
0.0038001738,fixed_static_lattice_reference,KG,0.0075,-0.0075,0.33083333333333337,0.33083333333333337,1380.0717565043672,-5.912339509248482e-06,-170027.77431425353,-241225.81299327675,1289.7178916754517
0.0038001738,fixed_static_lattice_reference,KG,0.008,-0.008,0.33066666666666666,0.33066666666666666,1380.0719273617449,-5.887287193851707e-06,-170027.77431425353,-240924.12603537645,1289.8350276902022
0.0038001738,fixed_static_lattice_reference,KG,0.0085,-0.0085,0.3305,0.3305,1380.0721102479674,-5.865622107031929e-06,-170027.77431425353,-240663.22902718437,1289.9363551962917
0.0038001738,fixed_static_lattice_reference,KG,0.009000000000000001,-0.009000000000000001,0.3303333333333333,0.3303333333333333,1380.0723052965848,-5.839592529485699e-06,-170027.77431425353,-240349.7736063588,1290.0580584765444
0.0038001738,fixed_static_lattice_reference,KG,0.0095,-0.0095,0.33016666666666666,0.33016666666666666,1380.0725126431305,-5.812212541319516e-06,-170027.77431425353,-240020.05616482184,1290.186065646464
0.0038001738,fixed_static_lattice_reference,KG,0.01,-0.01,0.33,0.33,1380.072732425116,-5.787196997763625e-06,-170027.77431425353,-239718.81202366875,1290.3030398939845
0.0038001738,fixed_static_lattice_reference,KG,0.0105,-0.0105,0.32983333333333337,0.32983333333333337,1380.0729647820333,-5.756314260279077e-06,-170027.77431425353,-239346.91349948902,1290.4473932023661
0.0038001738,fixed_static_lattice_reference,KG,0.011,-0.011,0.32966666666666666,0.32966666666666666,1380.0732098553492,-5.7279554141811874e-06,-170027.77431425353,-239005.40837817258,1290.5799689218309
0.0038001738,fixed_static_lattice_reference,KG,0.0115,-0.0115,0.3295,0.3295,1380.0734677885052,-5.698413724102925e-06,-170027.77431425353,-238649.65912027803,1290.718062697471
0.0038001738,fixed_static_lattice_reference,KG,0.012,-0.012,0.3293333333333333,0.3293333333333333,1380.0737387269146,-5.66428058289376e-06,-170027.77431425353,-238238.61832936178,1290.8775720393946
0.0038001738,fixed_static_lattice_reference,KG,0.0125,-0.0125,0.32916666666666666,0.32916666666666666,1380.0740228179593,-5.634564495036417e-06,-170027.77431425353,-237880.76892484998,1291.0164753139657
0.0038001738,fixed_static_lattice_reference,KG,0.013000000000000001,-0.013000000000000001,0.329,0.329,1380.0743202109907,-5.600276306118911e-06,-170027.77431425353,-237467.86100625643,1291.1766991003096
0.0038001738,fixed_static_lattice_reference,KG,0.0135,-0.0135,0.32883333333333337,0.32883333333333337,1380.074631057321,-5.564981478731158e-06,-170027.77431425353,-237042.83086690263,1291.3416110468595
0.0038001738,fixed_static_lattice_reference,KG,0.014,-0.014,0.32866666666666666,0.32866666666666666,1380.0749555102302,-5.532501633902503e-06,-170027.77431425353,-236651.69953136586,1291.493392664166
0.0038001738,fixed_static_lattice_reference,KG,0.0145,-0.0145,0.3285,0.3285,1380.075293724952,-5.494305812873559e-06,-170027.77431425353,-236191.73481879447,1291.6718164964418
0.0038001738,fixed_static_lattice_reference,KG,0.015,-0.015,0.3283333333333333,0.3283333333333333,1380.075645858681,-5.45894795490043e-06,-170027.77431425353,-235765.94564758055,1291.8370031256554
0.0038001738,fixed_static_lattice_reference,KG,0.0155,-0.0155,0.32816666666666666,0.32816666666666666,1380.0760120705636,-5.42267006933819e-06,-170027.77431425353,-235329.07724795412,1292.0064712858973
0.0038001738,fixed_static_lattice_reference,KG,0.016,-0.016,0.328,0.328,1380.0763925217,-5.382315377024809e-06,-170027.77431425353,-234843.1148062314,1292.194928944344
0.0038001738,fixed_static_lattice_reference,KG,0.0165,-0.0165,0.32783333333333337,0.32783333333333337,1380.0767873751365,-5.346362987174005e-06,-170027.77431425353,-234410.1661165973,1292.3628642664878
0.0038001738,fixed_static_lattice_reference,KG,0.017,-0.017,0.32766666666666666,0.32766666666666666,1380.0771967958651,-5.306402337613022e-06,-170027.77431425353,-233928.94884742136,1292.5494653081992
0.0038001738,fixed_static_lattice_reference,KG,0.0175,-0.0175,0.3275,0.3275,1380.0776209508215,-5.265816800127876e-06,-170027.77431425353,-233440.2065038607,1292.7389656637642
0.0038001738,fixed_static_lattice_reference,KG,0.018000000000000002,-0.018000000000000002,0.3273333333333333,0.3273333333333333,1380.0780600088783,-5.22793826141072e-06,-170027.77431425353,-232984.0625932361,1292.9158476577788
0.0038001738,fixed_static_lattice_reference,KG,0.0185,-0.0185,0.32716666666666666,0.32716666666666666,1380.0785141408446,-5.1854322815975945e-06,-170027.77431425353,-232472.193748409,1293.114268517981
0.0038001738,fixed_static_lattice_reference,KG,0.019,-0.019,0.327,0.327,1380.0789835194637,-5.145636826376479e-06,-170027.77431425353,-231992.96579547256,1293.3000560413827
0.0038001738,fixed_static_lattice_reference,KG,0.0195,-0.0195,0.32683333333333336,0.32683333333333336,1380.0794683194047,-5.105422346064165e-06,-170027.77431425353,-231508.69182570913,1293.4877838816499
0.0038001738,fixed_static_lattice_reference,KG,0.02,-0.02,0.32666666666666666,0.32666666666666666,1380.0799687172641,-5.062253950967383e-06,-170027.77431425353,-230988.8459915847,1293.6892494192955
0.0038001738,fixed_static_lattice_reference,KG,0.0205,-0.0205,0.3265,0.3265,1380.080484891561,-5.022632879901342e-06,-170027.77431425353,-230511.71802120146,1293.8741927858846
0.0038001738,fixed_static_lattice_reference,KG,0.021,-0.021,0.3263333333333333,0.3263333333333333,1380.0810170227319,-4.979418100290379e-06,-170027.77431425353,-229991.31361184138,1294.0758478291202
0.0038001738,fixed_static_lattice_reference,KG,0.021500000000000002,-0.021500000000000002,0.32616666666666666,0.32616666666666666,1380.0815652931267,-4.934989138472053e-06,-170027.77431425353,-229456.28768224752,1294.2831371765913
0.0038001738,fixed_static_lattice_reference,KG,0.022,-0.022,0.326,0.326,1380.0821298870073,-4.8922586729319545e-06,-170027.77431425353,-228941.7155177875,1294.4825103938913
0.0038001738,fixed_static_lattice_reference,KG,0.0225,-0.0225,0.32583333333333336,0.32583333333333336,1380.0827109905422,-4.846347745161599e-06,-170027.77431425353,-228388.84334154148,1294.69666170631
0.0038001738,fixed_static_lattice_reference,KG,0.023,-0.023,0.32566666666666666,0.32566666666666666,1380.0833087918027,-4.802551689955749e-06,-170027.77431425353,-227861.43904960982,1294.9009615241316
0.0038001738,fixed_static_lattice_reference,KG,0.0235,-0.0235,0.3255,0.3255,1380.0839234807581,-4.758559479585494e-06,-170027.77431425353,-227331.6726025684,1295.1061590647598
0.0038001738,fixed_static_lattice_reference,KG,0.024,-0.024,0.3253333333333333,0.3253333333333333,1380.0845552492738,-4.71275481272574e-06,-170027.77431425353,-226780.0800497965,1295.31976731145
0.0038001738,fixed_static_lattice_reference,KG,0.0245,-0.0245,0.32516666666666666,0.32516666666666666,1380.085204291103,-4.66936514601854e-06,-170027.77431425353,-226257.56960132567,1295.5221347016384
0.0038001738,fixed_static_lattice_reference,KG,0.025,-0.025,0.325,0.325,1380.0858708018882,-4.624293737940189e-06,-170027.77431425353,-225714.80715497755,1295.7323040011113
0.0038001738,fixed_static_lattice_reference,KG,0.025500000000000002,-0.025500000000000002,0.32483333333333336,0.32483333333333336,1380.0865549791502,-4.579172580470529e-06,-170027.77431425353,-225171.4456126064,1295.9426891732567
0.0038001738,fixed_static_lattice_reference,KG,0.026000000000000002,-0.026000000000000002,0.32466666666666666,0.32466666666666666,1380.0872570222903,-4.535229443295519e-06,-170027.77431425353,-224642.2701186467,1296.1475868421244
0.0038001738,fixed_static_lattice_reference,KG,0.0265,-0.0265,0.3245,0.3245,1380.0879771325795,-4.489670647932164e-06,-170027.77431425353,-224093.6384188981,1296.3599755496143
0.0038001738,fixed_static_lattice_reference,KG,0.027,-0.027,0.3243333333333333,0.3243333333333333,1380.0887155131586,-4.445180368824353e-06,-170027.77431425353,-223557.8740894303,1296.5673868323736
0.0038001738,fixed_static_lattice_reference,KG,0.0275,-0.0275,0.32416666666666666,0.32416666666666666,1380.0894723690317,-4.400524876195402e-06,-170027.77431425353,-223020.1202127367,1296.775551717064
0.0038001738,fixed_static_lattice_reference,KG,0.028,-0.028,0.324,0.324,1380.0902479070614,-4.355181307484456e-06,-170027.77431425353,-222474.08033226692,1296.9868974033268
0.0038001738,fixed_static_lattice_reference,KG,0.0285,-0.0285,0.32383333333333336,0.32383333333333336,1380.0910423359626,-4.31079669421282e-06,-170027.77431425353,-221939.58846022133,1297.193777612174
0.0038001738,fixed_static_lattice_reference,KG,0.029,-0.029,0.32366666666666666,0.32366666666666666,1380.0918558663009,-4.265917847630643e-06,-170027.77431425353,-221399.14489302944,1297.4029388495546
0.0038001738,fixed_static_lattice_reference,KG,0.029500000000000002,-0.029500000000000002,0.3235,0.3235,1380.092688710485,-4.221142909738356e-06,-170027.77431425353,-220859.9526232149,1297.6116047604232
0.0038001738,fixed_static_lattice_reference,KG,0.03,-0.03,0.3233333333333333,0.3233333333333333,1380.0935410827624,-4.1765888570595105e-06,-170027.77431425353,-220323.42031464676,1297.8192331074893
0.0038001738,fixed_static_lattice_reference,KG,0.0305,-0.0305,0.32316666666666666,0.32316666666666666,1380.0944131992137,-4.13202428096936e-06,-170027.77431425353,-219786.76128022943,1298.0268980508272
0.0038001738,fixed_static_lattice_reference,KG,0.031,-0.031,0.323,0.323,1380.0953052777486,-4.0875846399269364e-06,-170027.77431425353,-219251.60674844534,1298.233971555681
0.0038001738,fixed_static_lattice_reference,KG,0.0315,-0.0315,0.32283333333333336,0.32283333333333336,1380.096217538099,-4.0431695121608304e-06,-170027.77431425353,-218716.74741236048,1298.4409198152248
0.0038001738,fixed_static_lattice_reference,KG,0.032,-0.032,0.32266666666666666,0.32266666666666666,1380.0971502018156,-3.9992186825954375e-06,-170027.77431425353,-218187.47928449383,1298.645704074317
0.0038001738,fixed_static_lattice_reference,KG,0.0325,-0.0325,0.3225,0.3225,1380.0981034922595,-3.954833880392383e-06,-170027.77431425353,-217652.98513728345,1298.8524897484117
0.0038001738,fixed_static_lattice_reference,KG,0.033,-0.033,0.3223333333333333,0.3223333333333333,1380.0990776346,-3.911063736682363e-06,-170027.77431425353,-217125.89287879973,1299.056415714527
0.0038001738,fixed_static_lattice_reference,KG,0.0335,-0.0335,0.32216666666666666,0.32216666666666666,1380.100072855807,-3.867538548742272e-06,-170027.77431425353,-216601.75044590613,1299.2591968697768
0.0038001738,fixed_static_lattice_reference,KG,0.034,-0.034,0.322,0.322,1380.1010893846453,-3.823402538874797e-06,-170027.77431425353,-216070.2523252778,1299.4647992906184
0.0038001738,fixed_static_lattice_reference,KG,0.0345,-0.0345,0.32183333333333336,0.32183333333333336,1380.1021274516695,-3.780659019926302e-06,-170027.77431425353,-215555.5229680391,1299.6639408818671
0.0038001738,fixed_static_lattice_reference,KG,0.035,-0.035,0.32166666666666666,0.32166666666666666,1380.1031872892179,-3.7371645777166874e-06,-170027.77431425353,-215031.75078379316,1299.8665534515706
0.0038001738,fixed_static_lattice_reference,KG,0.035500000000000004,-0.035500000000000004,0.3215,0.3215,1380.104269131407,-3.6938530496511305e-06,-170027.77431425353,-214510.18130260293,1300.0683106560716
0.0038001738,fixed_static_lattice_reference,KG,0.036000000000000004,-0.036000000000000004,0.3213333333333333,0.3213333333333333,1380.1053732141243,-3.652020146733272e-06,-170027.77431425353,-214006.4178371689,1300.2632130985357
0.0038001738,fixed_static_lattice_reference,KG,0.0365,-0.0365,0.32116666666666666,0.32116666666666666,1380.1064997750238,-3.6085352787554125e-06,-170027.77431425353,-213482.76094848773,1300.4657587852055
0.0038001738,fixed_static_lattice_reference,KG,0.037,-0.037,0.321,0.321,1380.1076490535195,-3.5666479950985332e-06,-170027.77431425353,-212978.34261505195,1300.6609013732136
0.0038001738,fixed_static_lattice_reference,KG,0.0375,-0.0375,0.32083333333333336,0.32083333333333336,1380.1088212907773,-3.525148160974444e-06,-170027.77431425353,-212478.59005677648,1300.8542456969737
0.0038001738,fixed_static_lattice_reference,KG,0.038,-0.038,0.32066666666666666,0.32066666666666666,1380.1100167297118,-3.4823165284328973e-06,-170027.77431425353,-211962.79961111475,1301.0537493380398
0.0038001738,fixed_static_lattice_reference,KG,0.0385,-0.0385,0.3205,0.3205,1380.1112356149779,-3.4421800791660313e-06,-170027.77431425353,-211479.4653129286,1301.240776089411
0.0038001738,fixed_static_lattice_reference,KG,0.039,-0.039,0.3203333333333333,0.3203333333333333,1380.1124781929639,-3.400711991050558e-06,-170027.77431425353,-210980.09504892866,1301.4339619876976
0.0038001738,fixed_static_lattice_reference,KG,0.0395,-0.0395,0.32016666666666665,0.32016666666666665,1380.113744711787,-3.3597958063396444e-06,-170027.77431425353,-210487.3709594056,1301.6245915712354
0.0038001738,fixed_static_lattice_reference,KG,0.04,-0.04,0.32,0.32,1380.1150354212862,-3.3216491671740808e-06,-170027.77431425353,-210027.9985085279,1301.802409157154
0.0038001738,fixed_static_lattice_reference,KG,0.0405,-0.0405,0.31983333333333336,0.31983333333333336,1380.1163505730133,-3.2815484513400252e-06,-170027.77431425353,-209545.0945222897,1301.9892651618457
0.0038001738,fixed_static_lattice_reference,KG,0.041,-0.041,0.31966666666666665,0.31966666666666665,1380.1176904202302,-3.2447081598278605e-06,-170027.77431425353,-209101.45347361066,1302.161044547586
0.0038001738,fixed_static_lattice_reference,KG,0.0415,-0.0415,0.3195,0.3195,1380.1190552178987,-3.2078828072276255e-06,-170027.77431425353,-208657.99232346885,1302.3327586496764
0.0038001738,fixed_static_lattice_reference,KG,0.042,-0.042,0.3193333333333333,0.3193333333333333,1380.1204452226752,-3.1658673408981266e-06,-170027.77431425353,-208152.0303785965,1302.5284691487702
0.0038001738,fixed_static_lattice_reference,KG,0.0425,-0.0425,0.31916666666666665,0.31916666666666665,1380.1218606929037,-3.1249237727249943e-06,-170027.77431425353,-207658.97652979643,1302.7192229458528
0.0038001738,fixed_static_lattice_reference,KG,0.043000000000000003,-0.043000000000000003,0.319,0.319,1380.123301888608,-3.0819839476147653e-06,-170027.77431425353,-207141.88319909608,1302.919201338601
0.0038001738,fixed_static_lattice_reference,KG,0.043500000000000004,-0.043500000000000004,0.31883333333333336,0.31883333333333336,1380.1247690714858,-3.040291353829302e-06,-170027.77431425353,-206639.80937530386,1303.1134136479902
0.0038001738,fixed_static_lattice_reference,KG,0.044,-0.044,0.31866666666666665,0.31866666666666665,1380.1262625049017,-3.0022285227927764e-06,-170027.77431425353,-206181.44616525265,1303.2908555999677
0.0038001738,fixed_static_lattice_reference,KG,0.0445,-0.0445,0.3185,0.3185,1380.1277824538786,-2.9609620538005368e-06,-170027.77431425353,-205684.50385487615,1303.4831000232355
0.0038001738,fixed_static_lattice_reference,KG,0.045,-0.045,0.3183333333333333,0.3183333333333333,1380.1293291850895,-2.9229654406055326e-06,-170027.77431425353,-205226.93805851112,1303.6602422480998
0.0038001738,fixed_static_lattice_reference,KG,0.0455,-0.0455,0.31816666666666665,0.31816666666666665,1380.130902966855,-2.8855593213396484e-06,-170027.77431425353,-204776.48315446533,1303.8346621292292
0.0038001738,fixed_static_lattice_reference,KG,0.046,-0.046,0.318,0.318,1380.132504069131,-2.8456297883940477e-06,-170027.77431425353,-204295.6406002363,1304.020739170928
0.0038001738,fixed_static_lattice_reference,KG,0.0465,-0.0465,0.31783333333333336,0.31783333333333336,1380.1341327635032,-2.8101026804329024e-06,-170027.77431425353,-203867.81327353852,1304.1864940051053
0.0038001738,fixed_static_lattice_reference,KG,0.047,-0.047,0.31766666666666665,0.31766666666666665,1380.1357893231793,-2.7719218998483954e-06,-170027.77431425353,-203408.02968218713,1304.364507064083
0.0038001738,fixed_static_lattice_reference,KG,0.0475,-0.0475,0.3175,0.3175,1380.1374740229815,-2.734145749873644e-06,-170027.77431425353,-202953.11876530902,1304.540658023822
0.0038001738,fixed_static_lattice_reference,KG,0.048,-0.048,0.3173333333333333,0.3173333333333333,1380.1391871393398,-2.699841060520978e-06,-170027.77431425353,-202540.01214388065,1304.700794716458
0.0038001738,fixed_static_lattice_reference,KG,0.0485,-0.0485,0.31716666666666665,0.31716666666666665,1380.1409289502806,-2.661203729061594e-06,-170027.77431425353,-202074.73063976603,1304.8809344625959
0.0038001738,fixed_static_lattice_reference,KG,0.049,-0.049,0.317,0.317,1380.142699735425,-2.626083816056277e-06,-170027.77431425353,-201651.806868111,1305.0448516295814
0.0038001738,fixed_static_lattice_reference,KG,0.0495,-0.0495,0.31683333333333336,0.31683333333333336,1380.1444997759747,-2.5914205928483065e-06,-170027.77431425353,-201234.38268216225,1305.206672362547
0.0038001738,fixed_static_lattice_reference,KG,0.05,-0.05,0.31666666666666665,0.31666666666666665,1380.146329354708,-2.553701937733886e-06,-170027.77431425353,-200780.16413440183,1305.3825976689259
0.0038001738,fixed_static_lattice_reference,KG,0.0505,-0.0505,0.3165,0.3165,1380.1481887559723,-2.520940331695067e-06,-170027.77431425353,-200385.639751915,1305.5356690548429
0.0038001738,fixed_static_lattice_reference,KG,0.051000000000000004,-0.051000000000000004,0.3163333333333333,0.3163333333333333,1380.150078265671,-2.485055341491662e-06,-170027.77431425353,-199953.50270760254,1305.703157623943
0.0038001738,fixed_static_lattice_reference,KG,0.051500000000000004,-0.051500000000000004,0.31616666666666665,0.31616666666666665,1380.1519981712615,-2.4495785164351757e-06,-170027.77431425353,-199526.2809016441,1305.8687748600476
0.0038001738,fixed_static_lattice_reference,KG,0.052000000000000005,-0.052000000000000005,0.316,0.316,1380.153948761744,-2.4179381863626144e-06,-170027.77431425353,-199145.2592365656,1306.016716219999
0.0038001738,fixed_static_lattice_reference,KG,0.0525,-0.0525,0.31583333333333335,0.31583333333333335,1380.1559303276536,-2.381388814071431e-06,-170027.77431425353,-198705.12151815294,1306.187302993119
0.0038001738,fixed_static_lattice_reference,KG,0.053,-0.053,0.31566666666666665,0.31566666666666665,1380.1579431610503,-2.348727178810936e-06,-170027.77431425353,-198311.80101161584,1306.3399814209642
0.0038001738,fixed_static_lattice_reference,KG,0.0535,-0.0535,0.3155,0.3155,1380.1599875555155,-2.3165344394607295e-06,-170027.77431425353,-197924.1270801959,1306.4905143815797
0.0038001738,fixed_static_lattice_reference,KG,0.054,-0.054,0.3153333333333333,0.3153333333333333,1380.1620638061374,-2.2809280901798925e-06,-170027.77431425353,-197495.34550746143,1306.656793830023
0.0038001738,fixed_static_lattice_reference,KG,0.0545,-0.0545,0.31516666666666665,0.31516666666666665,1380.1641722095087,-2.250731073658096e-06,-170027.77431425353,-197131.70462605622,1306.7981625425948
0.0038001738,fixed_static_lattice_reference,KG,0.055,-0.055,0.315,0.315,1380.1663130637128,-2.21708114495771e-06,-170027.77431425353,-196726.4828147227,1306.9554578872073
0.0038001738,fixed_static_lattice_reference,KG,0.0555,-0.0555,0.31483333333333335,0.31483333333333335,1380.1684866683172,-2.183861637201616e-06,-170027.77431425353,-196326.44425225232,1307.1107861769256
0.0038001738,fixed_static_lattice_reference,KG,0.056,-0.056,0.31466666666666665,0.31466666666666665,1380.170693324366,-2.154782732955742e-06,-170027.77431425353,-195976.26799021548,1307.2470595573147
0.0038001738,fixed_static_lattice_reference,KG,0.0565,-0.0565,0.3145,0.3145,1380.1729333343712,-2.1203813061494698e-06,-170027.77431425353,-195561.996429434,1307.4078665356762
0.0038001738,fixed_static_lattice_reference,KG,0.057,-0.057,0.3143333333333333,0.3143333333333333,1380.1752070023006,-2.0901567749913174e-06,-170027.77431425353,-195198.02420911624,1307.549455207996
0.0038001738,fixed_static_lattice_reference,KG,0.0575,-0.0575,0.31416666666666665,0.31416666666666665,1380.1775146335729,-2.0604266869044176e-06,-170027.77431425353,-194840.00620994167,1307.6887877817737
0.0038001738,fixed_static_lattice_reference,KG,0.058,-0.058,0.314,0.314,1380.1798565350475,-2.027076128125564e-06,-170027.77431425353,-194438.3894945637,1307.8448099413556
0.0038001738,fixed_static_lattice_reference,KG,0.0585,-0.0585,0.31383333333333335,0.31383333333333335,1380.182233015013,-1.9995371973498545e-06,-170027.77431425353,-194106.7580218648,1307.9740969562215
0.0038001738,fixed_static_lattice_reference,KG,0.059000000000000004,-0.059000000000000004,0.31366666666666665,0.31366666666666665,1380.184644383184,-1.968403590255445e-06,-170027.77431425353,-193731.83845598772,1308.1199540314137
0.0038001738,fixed_static_lattice_reference,KG,0.059500000000000004,-0.059500000000000004,0.3135,0.3135,1380.1870909506856,-1.937896447964679e-06,-170027.77431425353,-193364.46295371713,1308.262948750441
0.0038001738,fixed_static_lattice_reference,KG,0.06,-0.06,0.3133333333333333,0.3133333333333333,1380.1895730300491,-1.9120426680112307e-06,-170027.77431425353,-193053.1245364552,1308.3845508734862
0.0038001738,fixed_static_lattice_reference,KM,0.0005,0.0005,0.33349999999999996,0.333,1380.0705574390659,-6.094029248963327e-06,-170027.77431425353,-243413.77143097535,1288.8680972385027
0.0038001738,fixed_static_lattice_reference,KM,0.001,0.001,0.3336666666666666,0.33266666666666667,1380.07057256686,-6.0893356550208545e-06,-170027.77431425353,-243357.2498657748,1288.890040072948
0.0038001738,fixed_static_lattice_reference,KM,0.0015,0.0015,0.33383333333333337,0.3323333333333333,1380.070597660173,-6.083521609146764e-06,-170027.77431425353,-243287.2355064205,1288.9172273733045
0.0038001738,fixed_static_lattice_reference,KM,0.002,0.002,0.334,0.332,1380.07063262336,-6.076095184671097e-06,-170027.77431425353,-243197.8044349744,1288.9519566665263
0.0038001738,fixed_static_lattice_reference,KM,0.0025,0.0025,0.33416666666666667,0.33166666666666667,1380.0706773627815,-6.0680927278677725e-06,-170027.77431425353,-243101.43662184066,1288.989386261472
0.0038001738,fixed_static_lattice_reference,KM,0.003,0.003,0.3343333333333333,0.3313333333333333,1380.0707317867982,-6.058204064337621e-06,-170027.77431425353,-242982.3545820826,1289.0356357186042
0.0038001738,fixed_static_lattice_reference,KM,0.0035,0.0035,0.3345,0.331,1380.070795805774,-6.046966624393785e-06,-170027.77431425353,-242847.03020118008,1289.0881937380398
0.0038001738,fixed_static_lattice_reference,KM,0.004,0.004,0.33466666666666667,0.33066666666666666,1380.070869332077,-6.035315271214615e-06,-170027.77431425353,-242706.7213618423,1289.142693039507
0.0038001738,fixed_static_lattice_reference,KM,0.0045000000000000005,0.0045000000000000005,0.3348333333333333,0.3303333333333333,1380.0709522800762,-6.02095391414268e-06,-170027.77431425353,-242533.77790101917,1289.209857015613
0.0038001738,fixed_static_lattice_reference,KM,0.005,0.005,0.33499999999999996,0.33,1380.0710445661437,-6.006201907283984e-06,-170027.77431425353,-242356.13012668624,1289.2788518870543
0.0038001738,fixed_static_lattice_reference,KM,0.0055,0.0055,0.33516666666666667,0.32966666666666666,1380.0711461086544,-5.990096268575091e-06,-170027.77431425353,-242162.1815406904,1289.3541742984992
0.0038001738,fixed_static_lattice_reference,KM,0.006,0.006,0.3353333333333333,0.3293333333333333,1380.071256827983,-5.971315162842358e-06,-170027.77431425353,-241936.01423580165,1289.4419954720595
0.0038001738,fixed_static_lattice_reference,KM,0.006500000000000001,0.006500000000000001,0.33549999999999996,0.329,1380.0713766465092,-5.952927791381214e-06,-170027.77431425353,-241714.58838864788,1289.5279819570972
0.0038001738,fixed_static_lattice_reference,KM,0.007,0.007,0.3356666666666666,0.32866666666666666,1380.0715054886093,-5.931810336695632e-06,-170027.77431425353,-241460.28611910553,1289.626718916172
0.0038001738,fixed_static_lattice_reference,KM,0.0075,0.0075,0.3358333333333334,0.3283333333333333,1380.0716432806637,-5.909423165436545e-06,-170027.77431425353,-241190.6935690287,1289.7313856064613
0.0038001738,fixed_static_lattice_reference,KM,0.008,0.008,0.336,0.328,1380.0717899510503,-5.887348162442202e-06,-170027.77431425353,-240924.8602361201,1289.834596055857
0.0038001738,fixed_static_lattice_reference,KM,0.0085,0.0085,0.33616666666666667,0.32766666666666666,1380.0719454301475,-5.861682892553221e-06,-170027.77431425353,-240615.79190954566,1289.954566119988
0.0038001738,fixed_static_lattice_reference,KM,0.009000000000000001,0.009000000000000001,0.3363333333333333,0.3273333333333333,1380.0721096503316,-5.836380347341745e-06,-170027.77431425353,-240311.09161453956,1290.072841439652
0.0038001738,fixed_static_lattice_reference,KM,0.0095,0.0095,0.3365,0.327,1380.0722825459761,-5.810036216947684e-06,-170027.77431425353,-239993.8482607322,1290.1959761179417
0.0038001738,fixed_static_lattice_reference,KM,0.01,0.01,0.33666666666666667,0.32666666666666666,1380.0724640534493,-5.780698973708606e-06,-170027.77431425353,-239640.56100860395,1290.3330752290103
0.0038001738,fixed_static_lattice_reference,KM,0.0105,0.0105,0.3368333333333333,0.3263333333333333,1380.0726541111178,-5.7526427134385e-06,-170027.77431425353,-239302.69971008156,1290.4641920313882
0.0038001738,fixed_static_lattice_reference,KM,0.011,0.011,0.33699999999999997,0.326,1380.072852659341,-5.721651704539268e-06,-170027.77431425353,-238929.49735137774,1290.608996286603
0.0038001738,fixed_static_lattice_reference,KM,0.0115,0.0115,0.33716666666666667,0.32566666666666666,1380.0730596404708,-5.689681504773225e-06,-170027.77431425353,-238544.50330359713,1290.758361058263
0.0038001738,fixed_static_lattice_reference,KM,0.012,0.012,0.3373333333333333,0.3253333333333333,1380.0732749988506,-5.658527757404467e-06,-170027.77431425353,-238169.34120292822,1290.9039093453566
0.0038001738,fixed_static_lattice_reference,KM,0.0125,0.0125,0.33749999999999997,0.325,1380.073498680816,-5.623668810836184e-06,-170027.77431425353,-237749.56006177486,1291.0667301496594
0.0038001738,fixed_static_lattice_reference,KM,0.013000000000000001,0.013000000000000001,0.3376666666666666,0.32466666666666666,1380.07373063469,-5.589676318380355e-06,-170027.77431425353,-237340.21300231037,1291.22549889074
0.0038001738,fixed_static_lattice_reference,KM,0.0135,0.0135,0.3378333333333334,0.3243333333333333,1380.0739708107833,-5.554845875866569e-06,-170027.77431425353,-236920.77511491824,1291.3881638742569
0.0038001738,fixed_static_lattice_reference,KM,0.014,0.014,0.338,0.324,1380.0742191613926,-5.517202014124925e-06,-170027.77431425353,-236467.45724977928,1291.5639330455726
0.0038001738,fixed_static_lattice_reference,KM,0.0145,0.0145,0.33816666666666667,0.32366666666666666,1380.0744756407985,-5.481219134600425e-06,-170027.77431425353,-236034.14139500464,1291.7319446852046
0.0038001738,fixed_static_lattice_reference,KM,0.015,0.015,0.3383333333333333,0.3233333333333333,1380.0747402052639,-5.4424892907237675e-06,-170027.77431425353,-235567.74583060085,1291.9127457851114
0.0038001738,fixed_static_lattice_reference,KM,0.0155,0.0155,0.3385,0.323,1380.0750128130326,-5.4030554909297975e-06,-170027.77431425353,-235092.87303302213,1292.096810598134
0.0038001738,fixed_static_lattice_reference,KM,0.016,0.016,0.33866666666666667,0.32266666666666666,1380.075293424327,-5.364802978585059e-06,-170027.77431425353,-234632.2256278401,1292.275353743312
0.0038001738,fixed_static_lattice_reference,KM,0.0165,0.0165,0.3388333333333333,0.3223333333333333,1380.0755820013458,-5.323172769408459e-06,-170027.77431425353,-234130.90305687897,1292.4696162693629
0.0038001738,fixed_static_lattice_reference,KM,0.017,0.017,0.33899999999999997,0.322,1380.0758785082626,-5.282665846256607e-06,-170027.77431425353,-233643.10740901026,1292.6586258681534
0.0038001738,fixed_static_lattice_reference,KM,0.0175,0.0175,0.33916666666666667,0.32166666666666666,1380.0761829112234,-5.2415510411801805e-06,-170027.77431425353,-233147.99147773924,1292.850447329881
0.0038001738,fixed_static_lattice_reference,KM,0.018000000000000002,0.018000000000000002,0.3393333333333333,0.3213333333333333,1380.076495178344,-5.19808276715594e-06,-170027.77431425353,-232624.5344180682,1293.0532077705363
0.0038001738,fixed_static_lattice_reference,KM,0.0185,0.0185,0.33949999999999997,0.321,1380.0768152797089,-5.156355854881804e-06,-170027.77431425353,-232122.0473214793,1293.2478373270549
0.0038001738,fixed_static_lattice_reference,KM,0.019,0.019,0.3396666666666666,0.32066666666666666,1380.0771431873666,-5.112427693045566e-06,-170027.77431425353,-231593.052164719,1293.4526929824237
0.0038001738,fixed_static_lattice_reference,KM,0.0195,0.0195,0.3398333333333334,0.3203333333333333,1380.0774788753304,-5.068043557114712e-06,-170027.77431425353,-231058.56604094402,1293.6596467610575
0.0038001738,fixed_static_lattice_reference,KM,0.02,0.02,0.34,0.32,1380.077822319574,-5.024789945914736e-06,-170027.77431425353,-230537.69401077626,1293.8613146885416
0.0038001738,fixed_static_lattice_reference,KM,0.0205,0.0205,0.3401666666666667,0.31966666666666665,1380.0781734980276,-4.979021421783124e-06,-170027.77431425353,-229986.5366988007,1294.0746610094996
0.0038001738,fixed_static_lattice_reference,KM,0.021,0.021,0.3403333333333333,0.3193333333333333,1380.0785323905777,-4.934158159239066e-06,-170027.77431425353,-229446.28079893527,1294.2837690268682
0.0038001738,fixed_static_lattice_reference,KM,0.021500000000000002,0.021500000000000002,0.3405,0.319,1380.0788989790638,-4.888903593640323e-06,-170027.77431425353,-228901.3127187258,1294.4946715566423
0.0038001738,fixed_static_lattice_reference,KM,0.022,0.022,0.3406666666666667,0.31866666666666665,1380.0792732472742,-4.842050042084602e-06,-170027.77431425353,-228337.08920437997,1294.7129841174624
0.0038001738,fixed_static_lattice_reference,KM,0.0225,0.0225,0.3408333333333333,0.3183333333333333,1380.0796551809437,-4.796561326552972e-06,-170027.77431425353,-227789.30142547895,1294.9249218463879
0.0038001738,fixed_static_lattice_reference,KM,0.023,0.023,0.34099999999999997,0.318,1380.0800447677518,-4.749652704098379e-06,-170027.77431425353,-227224.41473203423,1295.1434342319485
0.0038001738,fixed_static_lattice_reference,KM,0.0235,0.0235,0.3411666666666667,0.31766666666666665,1380.0804419973192,-4.702510182253274e-06,-170027.77431425353,-226656.711356999,1295.363005117298
0.0038001738,fixed_static_lattice_reference,KM,0.024,0.024,0.3413333333333333,0.3173333333333333,1380.0808468612024,-4.656092516063843e-06,-170027.77431425353,-226097.73689560764,1295.579178196966
0.0038001738,fixed_static_lattice_reference,KM,0.0245,0.0245,0.34149999999999997,0.317,1380.081259352894,-4.608132526577368e-06,-170027.77431425353,-225520.1893476087,1295.8024899919976
0.0038001738,fixed_static_lattice_reference,KM,0.025,0.025,0.3416666666666666,0.31666666666666665,1380.0816794678167,-4.560955153441644e-06,-170027.77431425353,-224952.0662836274,1296.0221355050546
0.0038001738,fixed_static_lattice_reference,KM,0.025500000000000002,0.025500000000000002,0.3418333333333334,0.3163333333333333,1380.082107203321,-4.513712483405074e-06,-170027.77431425353,-224383.156896184,1296.242055222162
0.0038001738,fixed_static_lattice_reference,KM,0.026000000000000002,0.026000000000000002,0.342,0.316,1380.0825425586831,-4.465611917173687e-06,-170027.77431425353,-223803.91648387883,1296.4659300542226
0.0038001738,fixed_static_lattice_reference,KM,0.0265,0.0265,0.3421666666666667,0.31566666666666665,1380.0829855350983,-4.418199637725216e-06,-170027.77431425353,-223232.96461266908,1296.6865783028686
0.0038001738,fixed_static_lattice_reference,KM,0.027,0.027,0.3423333333333333,0.3153333333333333,1380.08343613568,-4.370046748630399e-06,-170027.77431425353,-222653.09411387303,1296.9106355420918
0.0038001738,fixed_static_lattice_reference,KM,0.0275,0.0275,0.3425,0.315,1380.0838943654553,-4.3219266996457225e-06,-170027.77431425353,-222073.61908482772,1297.1345097568308
0.0038001738,fixed_static_lattice_reference,KM,0.028,0.028,0.3426666666666667,0.31466666666666665,1380.0843602313616,-4.2741580507920696e-06,-170027.77431425353,-221498.3757140086,1297.3567225868135
0.0038001738,fixed_static_lattice_reference,KM,0.0285,0.0285,0.3428333333333333,0.3143333333333333,1380.0848337422412,-4.225893821493791e-06,-170027.77431425353,-220917.16442547948,1297.5812051273979
0.0038001738,fixed_static_lattice_reference,KM,0.029,0.029,0.34299999999999997,0.314,1380.0853149088398,-4.178029052936802e-06,-170027.77431425353,-220340.76355442795,1297.803803690143
0.0038001738,fixed_static_lattice_reference,KM,0.029500000000000002,0.029500000000000002,0.3431666666666667,0.31366666666666665,1380.085803743801,-4.130128560053588e-06,-170027.77431425353,-219763.93248109252,1298.0265379467712
0.0038001738,fixed_static_lattice_reference,KM,0.03,0.03,0.3433333333333333,0.3133333333333333,1380.0863002616625,-4.082103321974457e-06,-170027.77431425353,-219185.59919137217,1298.2498207119272
0.0038001738,fixed_static_lattice_reference,KM,0.0305,0.0305,0.34349999999999997,0.313,1380.0868044788533,-4.0341846421090405e-06,-170027.77431425353,-218608.54910533282,1298.4725791449428
0.0038001738,fixed_static_lattice_reference,KM,0.031,0.031,0.3436666666666666,0.31266666666666665,1380.0873164136876,-3.9863479086290355e-06,-170027.77431425353,-218032.48584048482,1298.69492764292
0.0038001738,fixed_static_lattice_reference,KM,0.0315,0.0315,0.3438333333333334,0.31233333333333335,1380.0878360863612,-3.938682440969168e-06,-170027.77431425353,-217458.4850063324,1298.9164523968439
0.0038001738,fixed_static_lattice_reference,KM,0.032,0.032,0.34400000000000003,0.312,1380.0883635189489,-3.8909308582820436e-06,-170027.77431425353,-216883.44715104275,1299.1383467396256
0.0038001738,fixed_static_lattice_reference,KM,0.0325,0.0325,0.3441666666666667,0.3116666666666667,1380.088898735397,-3.8435734309571865e-06,-170027.77431425353,-216313.1558243793,1299.3583849686358
0.0038001738,fixed_static_lattice_reference,KM,0.033,0.033,0.3443333333333333,0.3113333333333333,1380.0894417615211,-3.7960980015410662e-06,-170027.77431425353,-215741.44348367478,1299.5789409566287
0.0038001738,fixed_static_lattice_reference,KM,0.0335,0.0335,0.34450000000000003,0.311,1380.0899926250036,-3.7487819812757276e-06,-170027.77431425353,-215171.65079235195,1299.7987294005677
0.0038001738,fixed_static_lattice_reference,KM,0.034,0.034,0.3446666666666667,0.31066666666666665,1380.0905513553828,-3.7021296997503623e-06,-170027.77431425353,-214609.8510277559,1300.0154148750116
0.0038001738,fixed_static_lattice_reference,KM,0.0345,0.0345,0.3448333333333333,0.31033333333333335,1380.0911179840552,-3.6549289831766446e-06,-170027.77431425353,-214041.44685559423,1300.2346123230552
0.0038001738,fixed_static_lattice_reference,KM,0.035,0.035,0.345,0.31,1380.0916925442664,-3.6083538536049813e-06,-170027.77431425353,-213480.57617630786,1300.4508847524346
0.0038001738,fixed_static_lattice_reference,KM,0.035500000000000004,0.035500000000000004,0.3451666666666667,0.3096666666666667,1380.0922750711068,-3.5618891034723506e-06,-170027.77431425353,-212921.03471696182,1300.6666186974976
0.0038001738,fixed_static_lattice_reference,KM,0.036000000000000004,0.036000000000000004,0.3453333333333333,0.3093333333333333,1380.0928656015092,-3.5149616475566105e-06,-170027.77431425353,-212355.92122573376,1300.8844669909975
0.0038001738,fixed_static_lattice_reference,KM,0.0365,0.0365,0.3455,0.309,1380.0934641742426,-3.4694110156028207e-06,-170027.77431425353,-211807.38783203624,1301.0959157665607
0.0038001738,fixed_static_lattice_reference,KM,0.037,0.037,0.3456666666666666,0.3086666666666667,1380.0940708299047,-3.4233663549689085e-06,-170027.77431425353,-211252.90520740894,1301.3096246214616
0.0038001738,fixed_static_lattice_reference,KM,0.0375,0.0375,0.3458333333333334,0.30833333333333335,1380.0946856109224,-3.3775344887120333e-06,-170027.77431425353,-210700.98511192316,1301.5223225667655
0.0038001738,fixed_static_lattice_reference,KM,0.038,0.038,0.34600000000000003,0.308,1380.0953085615408,-3.3328960518090554e-06,-170027.77431425353,-210163.436625031,1301.7294742336226
0.0038001738,fixed_static_lattice_reference,KM,0.0385,0.0385,0.3461666666666667,0.3076666666666667,1380.095939727821,-3.287028871759325e-06,-170027.77431425353,-209611.0912710184,1301.9422842746135
0.0038001738,fixed_static_lattice_reference,KM,0.039,0.039,0.3463333333333333,0.30733333333333335,1380.0965791576352,-3.2423030643246596e-06,-170027.77431425353,-209072.49064385507,1302.1497905996653
0.0038001738,fixed_static_lattice_reference,KM,0.0395,0.0395,0.34650000000000003,0.307,1380.097226900661,-3.1979376749653215e-06,-170027.77431425353,-208538.2302715143,1302.3556063638612
0.0038001738,fixed_static_lattice_reference,KM,0.04,0.04,0.3466666666666667,0.3066666666666667,1380.0978830083745,-3.152846671459412e-06,-170027.77431425353,-207995.2318515711,1302.5647526448065
0.0038001738,fixed_static_lattice_reference,KM,0.0405,0.0405,0.3468333333333333,0.30633333333333335,1380.0985475340476,-3.1098922231597063e-06,-170027.77431425353,-207477.9624243512,1302.7639995337745
0.0038001738,fixed_static_lattice_reference,KM,0.041,0.041,0.347,0.306,1380.0992205327402,-3.065931870492123e-06,-170027.77431425353,-206948.57961663624,1302.96787331785
0.0038001738,fixed_static_lattice_reference,KM,0.0415,0.0415,0.3471666666666667,0.3056666666666667,1380.0999020612946,-3.0218800911995996e-06,-170027.77431425353,-206418.0958240457,1303.1721466658
0.0038001738,fixed_static_lattice_reference,KM,0.042,0.042,0.3473333333333333,0.30533333333333335,1380.1005921783321,-2.9791728905406975e-06,-170027.77431425353,-205903.80382176323,1303.3701855993254
0.0038001738,fixed_static_lattice_reference,KM,0.0425,0.0425,0.3475,0.305,1380.1012909442456,-2.9345673638987275e-06,-170027.77431425353,-205366.65164939806,1303.5769718802858
0.0038001738,fixed_static_lattice_reference,KM,0.043000000000000003,0.043000000000000003,0.3476666666666666,0.3046666666666667,1380.1019984211946,-2.8914976251505236e-06,-170027.77431425353,-204847.99386249436,1303.7766419842321
0.0038001738,fixed_static_lattice_reference,KM,0.043500000000000004,0.043500000000000004,0.3478333333333334,0.30433333333333334,1380.1027146730974,-2.8487209452819963e-06,-170027.77431425353,-204332.8651722229,1303.974937594979
0.0038001738,fixed_static_lattice_reference,KM,0.044,0.044,0.34800000000000003,0.304,1380.1034397656279,-2.804738811138826e-06,-170027.77431425353,-203803.22006591377,1304.1787777705188
0.0038001738,fixed_static_lattice_reference,KM,0.0445,0.0445,0.3481666666666667,0.3036666666666667,1380.1041737662085,-2.7633601695349224e-06,-170027.77431425353,-203304.92694171282,1304.3705775220462
0.0038001738,fixed_static_lattice_reference,KM,0.045,0.045,0.34833333333333333,0.30333333333333334,1380.1049167440046,-2.7207339805219333e-06,-170027.77431425353,-202791.61050422833,1304.5681165492078
0.0038001738,fixed_static_lattice_reference,KM,0.0455,0.0455,0.34850000000000003,0.303,1380.1056687699172,-2.678286640121556e-06,-170027.77431425353,-202280.4478115379,1304.764809902276
0.0038001738,fixed_static_lattice_reference,KM,0.046,0.046,0.3486666666666667,0.3026666666666667,1380.1064299165778,-2.6377399353539817e-06,-170027.77431425353,-201792.1731023753,1304.952713624025
0.0038001738,fixed_static_lattice_reference,KM,0.0465,0.0465,0.34883333333333333,0.30233333333333334,1380.1072002583421,-2.5950711134053337e-06,-170027.77431425353,-201278.34326720834,1305.1503901611152
0.0038001738,fixed_static_lattice_reference,KM,0.047,0.047,0.349,0.302,1380.1079798712844,-2.5544714425902933e-06,-170027.77431425353,-200789.43072615363,1305.3385022201114
0.0038001738,fixed_static_lattice_reference,KM,0.0475,0.0475,0.3491666666666667,0.3016666666666667,1380.1087688331893,-2.5141194931237397e-06,-170027.77431425353,-200303.50131455614,1305.525454556787
0.0038001738,fixed_static_lattice_reference,KM,0.048,0.048,0.34933333333333333,0.30133333333333334,1380.1095672235483,-2.472206272523017e-06,-170027.77431425353,-199798.77064122038,1305.719589690202
0.0038001738,fixed_static_lattice_reference,KM,0.0485,0.0485,0.3495,0.301,1380.11037512355,-2.433303965844558e-06,-170027.77431425353,-199330.29823173452,1305.8998236051384
0.0038001738,fixed_static_lattice_reference,KM,0.049,0.049,0.3496666666666666,0.3006666666666667,1380.1111926160768,-2.392771132980241e-06,-170027.77431425353,-198842.19057189362,1306.0875596269477
0.0038001738,fixed_static_lattice_reference,KM,0.0495,0.0495,0.3498333333333334,0.30033333333333334,1380.112019785695,-2.3523845228533917e-06,-170027.77431425353,-198355.8437669735,1306.2746048936178
0.0038001738,fixed_static_lattice_reference,KM,0.05,0.05,0.35000000000000003,0.3,1380.1128567186531,-2.314197375987195e-06,-170027.77431425353,-197895.98351108527,1306.4514969064242
0.0038001738,fixed_static_lattice_reference,KM,0.0505,0.0505,0.3501666666666667,0.2996666666666667,1380.1137035028685,-2.273621224529465e-06,-170027.77431425353,-197407.35419668033,1306.639384221876
0.0038001738,fixed_static_lattice_reference,KM,0.051000000000000004,0.051000000000000004,0.35033333333333333,0.29933333333333334,1380.1145602279282,-2.235466160326704e-06,-170027.77431425353,-196947.88028915873,1306.8160999406034
0.0038001738,fixed_static_lattice_reference,KM,0.051500000000000004,0.051500000000000004,0.35050000000000003,0.299,1380.1154269850747,-2.197456804813099e-06,-170027.77431425353,-196490.16104624496,1306.9921310994762
0.0038001738,fixed_static_lattice_reference,KM,0.052000000000000005,0.052000000000000005,0.3506666666666667,0.2986666666666667,1380.1163038672044,-2.1575237393094524e-06,-170027.77431425353,-196009.2759519683,1307.1770102966566
0.0038001738,fixed_static_lattice_reference,KM,0.0525,0.0525,0.35083333333333333,0.29833333333333334,1380.117190968859,-2.120998880947591e-06,-170027.77431425353,-195569.4334371185,1307.3461773266695
0.0038001738,fixed_static_lattice_reference,KM,0.053,0.053,0.351,0.298,1380.118088386219,-2.08257264425364e-06,-170027.77431425353,-195106.6939949492,1307.5240892220236
0.0038001738,fixed_static_lattice_reference,KM,0.0535,0.0535,0.3511666666666667,0.2976666666666667,1380.1189962170945,-2.0442544168648544e-06,-170027.77431425353,-194645.2552309082,1307.7014905888775
0.0038001738,fixed_static_lattice_reference,KM,0.054,0.054,0.35133333333333333,0.29733333333333334,1380.1199145609216,-2.0083498999674363e-06,-170027.77431425353,-194212.88304070916,1307.8677668353696
0.0038001738,fixed_static_lattice_reference,KM,0.0545,0.0545,0.3515,0.297,1380.1208435187527,-1.9696057407592484e-06,-170027.77431425353,-193746.31508709694,1308.0471045141367
0.0038001738,fixed_static_lattice_reference,KM,0.055,0.055,0.3516666666666666,0.2966666666666667,1380.1217831932518,-1.9334392229169913e-06,-170027.77431425353,-193310.78780856522,1308.2145652131976
0.0038001738,fixed_static_lattice_reference,KM,0.0555,0.0555,0.3518333333333334,0.29633333333333334,1380.122733688683,-1.8974834589563713e-06,-170027.77431425353,-192877.7984869612,1308.3810460096715
0.0038001738,fixed_static_lattice_reference,KM,0.056,0.056,0.35200000000000004,0.296,1380.1236951109076,-1.8595082891411776e-06,-170027.77431425353,-192420.49091774682,1308.5568091943271
0.0038001738,fixed_static_lattice_reference,KM,0.0565,0.0565,0.3521666666666667,0.2956666666666667,1380.124667567375,-1.8252561000612398e-06,-170027.77431425353,-192008.0165192215,1308.7154318295234
0.0038001738,fixed_static_lattice_reference,KM,0.057,0.057,0.35233333333333333,0.29533333333333334,1380.1256511671156,-1.7889376473857297e-06,-170027.77431425353,-191570.65959912105,1308.8835522728268
0.0038001738,fixed_static_lattice_reference,KM,0.0575,0.0575,0.35250000000000004,0.295,1380.126646020732,-1.7527898045759594e-06,-170027.77431425353,-191135.35721053064,1309.050878249545
0.0038001738,fixed_static_lattice_reference,KM,0.058,0.058,0.3526666666666667,0.2946666666666667,1380.1276522403941,-1.7193501915962289e-06,-170027.77431425353,-190732.66807966828,1309.2057395225986
0.0038001738,fixed_static_lattice_reference,KM,0.0585,0.0585,0.35283333333333333,0.29433333333333334,1380.1286699398295,-1.6829260153250574e-06,-170027.77431425353,-190294.0380065898,1309.374319124708
0.0038001738,fixed_static_lattice_reference,KM,0.059000000000000004,0.059000000000000004,0.353,0.294,1380.1296992343161,-1.6493133221708002e-06,-170027.77431425353,-189889.26459607112,1309.5299622813268
0.0038001738,fixed_static_lattice_reference,KM,0.059500000000000004,0.059500000000000004,0.3531666666666667,0.2936666666666667,1380.130740240676,-1.6159356360665244e-06,-170027.77431425353,-189487.32120588672,1309.6845188637565
0.0038001738,fixed_static_lattice_reference,KM,0.06,0.06,0.35333333333333333,0.29333333333333333,1380.1317930772655,-1.5805033544787903e-06,-170027.77431425353,-189060.63580478224,1309.8485143167838
